Time,T,Control_R1,Control_R2,Control_R3,0.0125_R1,0.0125_R2,0.0125_R3,0.025_R1,0.025_R2,0.025_R3,0.05_R1,0.05_R2,0.05_R3,0.075_R1,0.075_R2,0.075_R3,0.1_R1,0.1_R2,0.1_R3
0.03,27,8.99,8.89,9.58,9.09,9.04,10.03,8.36,9.33,9.65,8.63,9.33,9.14,9.51,10.07,9.31,9.1,8.62,9.08
1.05,27,9.11,9.0,9.75,9.17,9.15,10.2,8.46,9.44,9.82,8.73,9.46,9.28,9.62,10.17,9.46,9.19,8.75,9.22
2.05,27,9.2,9.1,9.89,9.26,9.23,10.35,8.52,9.56,9.97,8.79,9.54,9.41,9.69,10.26,9.58,9.3,8.85,9.33
3.05,27,9.3,9.2,10.01,9.35,9.31,10.49,8.61,9.65,10.09,8.88,9.65,9.53,9.78,10.35,9.72,9.41,8.94,9.47
4.05,27,9.37,9.27,10.13,9.42,9.39,10.61,8.67,9.74,10.22,8.93,9.74,9.67,9.87,10.44,9.84,9.49,9.03,9.58
5.05,27,9.46,9.35,10.25,9.51,9.47,10.74,8.74,9.84,10.34,9.02,9.84,9.78,9.92,10.52,9.96,9.57,9.11,9.69
6.05,27,9.53,9.43,10.36,9.57,9.54,10.84,8.79,9.92,10.44,9.08,9.89,9.89,10.02,10.61,10.07,9.63,9.2,9.8
7.05,27,9.61,9.52,10.47,9.64,9.62,10.93,8.86,9.99,10.56,9.15,10.01,9.98,10.07,10.69,10.16,9.72,9.27,9.89
8.05,27,9.67,9.61,10.54,9.69,9.68,11.04,8.91,10.08,10.63,9.21,10.08,10.08,10.15,10.76,10.26,9.78,9.36,9.97
9.05,27,9.73,9.68,10.63,9.77,9.74,11.14,8.95,10.16,10.72,9.28,10.16,10.17,10.21,10.84,10.34,9.86,9.43,10.04
10.05,27,9.79,9.74,10.72,9.84,9.79,11.22,8.99,10.21,10.82,9.35,10.22,10.23,10.27,10.89,10.41,9.92,9.49,10.12
11.05,27,9.86,9.8,10.8,9.89,9.84,11.29,9.03,10.29,10.91,9.39,10.3,10.31,10.32,10.95,10.49,9.98,9.57,10.2
12.05,27,9.89,9.84,10.83,9.94,9.88,11.36,9.06,10.31,10.95,9.44,10.35,10.36,10.36,11.0,10.54,10.03,9.59,10.26
13.05,27,9.94,9.91,10.88,9.99,9.96,11.4,9.09,10.39,11.0,9.48,10.4,10.4,10.41,11.06,10.61,10.07,9.67,10.31
14.05,27,9.99,9.96,10.96,10.04,9.99,11.46,9.14,10.44,11.06,9.53,10.47,10.47,10.47,11.1,10.65,10.12,9.72,10.36
15.05,27,10.04,10.02,11.01,10.08,10.07,11.53,9.17,10.52,11.13,9.61,10.56,10.52,10.53,11.16,10.72,10.18,9.78,10.41
16.05,27,10.07,10.04,11.04,10.13,10.12,11.56,9.2,10.56,11.17,9.62,10.59,10.56,10.56,11.2,10.76,10.22,9.82,10.45
17.05,27,10.12,10.09,11.09,10.18,10.16,11.6,9.22,10.61,11.21,9.68,10.63,10.61,10.61,11.22,10.82,10.25,9.86,10.5
18.05,27,10.15,10.13,11.1,10.21,10.2,11.64,9.23,10.65,11.24,9.69,10.69,10.65,10.63,11.25,10.83,10.29,9.91,10.53
19.05,27,10.17,10.17,11.14,10.23,10.25,11.68,9.25,10.7,11.28,9.73,10.72,10.67,10.66,11.3,10.88,10.32,9.94,10.56
20.05,27,10.21,10.2,11.17,10.26,10.27,11.69,9.28,10.72,11.3,9.77,10.78,10.7,10.71,11.33,10.89,10.35,9.98,10.59
21.05,27,10.25,10.25,11.21,10.31,10.32,11.73,9.31,10.79,11.37,9.82,10.82,10.76,10.76,11.4,10.96,10.4,10.03,10.65
22.05,27,10.27,10.27,11.22,10.36,10.36,11.77,9.32,10.82,11.38,9.84,10.85,10.76,10.79,11.44,10.97,10.44,10.04,10.65
23.07,27,10.29,10.31,11.25,10.36,10.4,11.79,9.33,10.84,11.4,9.87,10.89,10.79,10.82,11.44,10.99,10.43,10.08,10.69
24.07,27,10.34,10.35,11.29,10.41,10.44,11.83,9.36,10.91,11.44,9.92,10.95,10.84,10.87,11.5,11.05,10.49,10.13,10.72
25.07,27,10.36,10.36,11.29,10.44,10.45,11.83,9.35,10.92,11.46,9.93,10.97,10.85,10.89,11.52,11.06,10.5,10.13,10.72
26.07,27,10.38,10.39,11.32,10.48,10.49,11.87,9.38,10.95,11.49,9.96,11.0,10.88,10.92,11.56,11.09,10.53,10.18,10.76
27.07,27,10.39,10.4,11.33,10.47,10.5,11.87,9.38,10.96,11.49,9.97,11.02,10.89,10.95,11.57,11.1,10.56,10.2,10.76
28.07,27,10.41,10.43,11.34,10.5,10.54,11.89,9.38,11.0,11.53,10.01,11.06,10.92,10.96,11.6,11.12,10.57,10.22,10.8
29.08,27,10.44,10.45,11.37,10.53,10.57,11.91,9.41,11.04,11.54,10.03,11.09,10.95,11.0,11.64,11.13,10.59,10.26,10.82
30.08,27,10.47,10.48,11.38,10.57,10.59,11.92,9.39,11.05,11.57,10.04,11.12,10.96,11.01,11.66,11.16,10.62,10.29,10.84
31.08,27,10.47,10.49,11.38,10.58,10.61,11.95,9.41,11.08,11.57,10.07,11.14,10.99,11.04,11.69,11.17,10.63,10.3,10.84
32.08,27,10.48,10.52,11.4,10.61,10.63,11.96,9.42,11.1,11.58,10.11,11.17,11.01,11.06,11.7,11.2,10.67,10.32,10.87
33.08,27,10.5,10.53,11.42,10.65,10.66,11.98,9.42,11.16,11.62,10.11,11.2,11.02,11.09,11.73,11.22,10.67,10.36,10.89
34.08,27,10.52,10.54,11.41,10.63,10.69,12.0,9.43,11.14,11.62,10.13,11.2,11.02,11.09,11.75,11.22,10.69,10.35,10.89
35.1,27,10.53,10.54,11.44,10.65,10.69,12.0,9.42,11.17,11.62,10.15,11.24,11.04,11.1,11.76,11.24,10.7,10.36,10.91
36.1,27,10.56,10.58,11.46,10.69,10.72,12.03,9.43,11.21,11.68,10.18,11.25,11.06,11.16,11.79,11.26,10.72,10.4,10.93
37.1,27,10.57,10.59,11.46,10.7,10.74,12.04,9.44,11.24,11.69,10.21,11.29,11.08,11.17,11.83,11.28,10.75,10.43,10.95
38.1,27,10.58,10.59,11.46,10.72,10.75,12.04,9.44,11.25,11.68,10.21,11.29,11.09,11.18,11.83,11.26,10.76,10.43,10.95
39.1,27,10.61,10.62,11.49,10.72,10.76,12.04,9.46,11.25,11.69,10.22,11.3,11.1,11.18,11.84,11.29,10.76,10.45,10.97
40.1,27,10.62,10.65,11.52,10.76,10.8,12.07,9.47,11.3,11.72,10.25,11.34,11.13,11.22,11.87,11.32,10.79,10.48,10.99
41.12,27,10.61,10.63,11.5,10.75,10.8,12.07,9.46,11.3,11.72,10.25,11.34,11.12,11.22,11.87,11.32,10.79,10.48,10.99
42.12,27,10.65,10.67,11.52,10.79,10.82,12.09,9.47,11.33,11.73,10.27,11.37,11.14,11.25,11.91,11.33,10.82,10.5,11.01
43.13,27,10.63,10.65,11.53,10.78,10.84,12.09,9.46,11.33,11.73,10.27,11.38,11.14,11.25,11.91,11.33,10.82,10.5,11.01
44.13,27,10.65,10.67,11.53,10.79,10.84,12.1,9.46,11.36,11.73,10.3,11.4,11.16,11.26,11.92,11.33,10.82,10.52,11.01
45.13,27,10.67,10.7,11.54,10.82,10.88,12.13,9.47,11.38,11.75,10.31,11.41,11.17,11.29,11.95,11.36,10.83,10.53,11.05
46.13,27,10.66,10.69,11.56,10.82,10.88,12.1,9.47,11.37,11.76,10.32,11.41,11.17,11.3,11.94,11.37,10.82,10.54,11.02
47.13,27,10.69,10.7,11.54,10.84,10.88,12.13,9.46,11.4,11.76,10.34,11.42,11.18,11.3,11.96,11.37,10.83,10.56,11.05
48.13,27,10.67,10.7,11.56,10.84,10.88,12.13,9.46,11.4,11.79,10.34,11.44,11.17,11.33,11.95,11.37,10.84,10.57,11.05
49.13,27,10.71,10.71,11.57,10.87,10.91,12.13,9.47,11.42,11.8,10.36,11.46,11.2,11.34,11.99,11.38,10.87,10.57,11.06
50.13,27,10.7,10.72,11.58,10.85,10.91,12.14,9.46,11.42,11.8,10.35,11.45,11.2,11.36,11.99,11.38,10.85,10.59,11.06
51.13,27,10.71,10.74,11.58,10.88,10.92,12.17,9.47,11.45,11.8,10.38,11.48,11.21,11.37,12.02,11.4,10.88,10.59,11.09
52.13,27,10.72,10.74,11.58,10.88,10.93,12.14,9.47,11.45,11.8,10.38,11.48,11.21,11.37,12.0,11.41,10.88,10.61,11.06
53.13,27,10.71,10.74,11.57,10.89,10.93,12.15,9.46,11.45,11.77,10.39,11.49,11.2,11.38,12.0,11.4,10.88,10.61,11.08
54.13,27,10.74,10.75,11.6,10.89,10.95,12.17,9.46,11.48,11.8,10.4,11.5,11.22,11.38,12.03,11.41,10.88,10.62,11.08
55.13,27,10.72,10.75,11.58,10.89,10.95,12.17,9.46,11.49,11.81,10.41,11.52,11.22,11.4,12.04,11.41,10.91,10.62,11.08
56.13,27,10.72,10.74,11.6,10.91,10.95,12.17,9.46,11.49,11.8,10.4,11.5,11.22,11.4,12.04,11.41,10.89,10.62,11.09
57.13,27,10.75,10.76,11.58,10.92,10.97,12.18,9.46,11.5,11.83,10.43,11.53,11.24,11.42,12.06,11.44,10.91,10.65,11.1
58.13,27,10.74,10.75,11.6,10.91,10.97,12.17,9.46,11.52,11.81,10.43,11.52,11.24,11.41,12.04,11.42,10.92,10.63,11.1
59.13,27,10.74,10.74,11.6,10.91,10.96,12.14,9.43,11.5,11.81,10.41,11.5,11.22,11.41,12.03,11.41,10.89,10.63,11.09
60.13,27,10.75,10.78,11.62,10.92,11.0,12.21,9.47,11.53,11.84,10.44,11.56,11.26,11.45,12.07,11.45,10.93,10.66,11.13
61.13,27,10.75,10.76,11.61,10.95,11.0,12.18,9.46,11.53,11.83,10.44,11.54,11.25,11.44,12.06,11.44,10.92,10.65,11.1
62.13,27,10.75,10.76,11.6,10.95,10.99,12.18,9.44,11.53,11.81,10.45,11.53,11.24,11.44,12.07,11.42,10.92,10.66,11.12
63.13,27,10.78,10.79,11.64,10.96,11.01,12.21,9.47,11.54,11.87,10.47,11.56,11.28,11.45,12.1,11.45,10.96,10.69,11.14
64.13,27,10.76,10.78,11.61,10.95,11.0,12.2,9.43,11.56,11.84,10.47,11.56,11.25,11.45,12.07,11.44,10.93,10.67,11.1
65.15,27,10.76,10.79,11.61,10.95,11.01,12.18,9.46,11.57,11.84,10.47,11.57,11.26,11.48,12.1,11.45,10.95,10.69,11.14
66.15,27,10.76,10.76,11.57,10.93,11.01,12.18,9.44,11.56,11.84,10.47,11.56,11.25,11.45,12.09,11.44,10.92,10.67,11.1
67.15,27,10.76,10.75,11.54,10.95,11.01,12.17,9.43,11.56,11.83,10.45,11.57,11.21,11.48,12.1,11.4,10.93,10.69,11.09
68.15,27,10.74,10.72,11.53,10.92,11.0,12.14,9.42,11.54,11.81,10.45,11.54,11.18,11.46,12.06,11.38,10.92,10.67,11.06
69.15,27,10.75,10.74,11.54,10.91,11.0,12.15,9.42,11.54,11.8,10.44,11.56,11.18,11.46,12.09,11.4,10.92,10.69,11.09
70.15,27,10.75,10.72,11.54,10.93,11.0,12.15,9.44,11.54,11.81,10.44,11.54,11.2,11.46,12.09,11.4,10.92,10.67,11.06
71.15,27,10.74,10.72,11.53,10.92,11.0,12.13,9.43,11.54,11.79,10.43,11.54,11.18,11.44,12.07,11.38,10.91,10.67,11.06
72.17,27,10.74,10.72,11.52,10.92,11.0,12.13,9.43,11.56,11.79,10.45,11.54,11.18,11.42,12.07,11.38,10.88,10.66,11.06
73.17,27,10.74,10.72,11.53,10.93,11.01,12.14,9.44,11.56,11.8,10.44,11.54,11.2,11.45,12.06,11.37,10.92,10.66,11.06
74.17,27,10.72,10.7,11.5,10.92,10.99,12.11,9.41,11.56,11.79,10.44,11.53,11.16,11.44,12.07,11.36,10.89,10.65,11.06
75.17,27,10.72,10.71,11.5,10.93,11.0,12.13,9.41,11.54,11.77,10.44,11.54,11.17,11.44,12.06,11.38,10.89,10.66,11.04
76.17,27,10.72,10.7,11.5,10.92,10.99,12.11,9.38,11.57,11.79,10.44,11.53,11.14,11.42,12.07,11.36,10.89,10.66,11.06
77.18,27,10.72,10.71,11.52,10.92,10.99,12.13,9.41,11.57,11.79,10.44,11.56,11.16,11.44,12.07,11.38,10.91,10.66,11.05
78.18,27,10.71,10.7,11.52,10.91,10.97,12.11,9.39,11.54,11.77,10.44,11.53,11.17,11.44,12.06,11.37,10.88,10.63,11.04
79.18,27,10.71,10.7,11.49,10.91,10.97,12.1,9.39,11.56,11.77,10.43,11.53,11.16,11.42,12.06,11.37,10.88,10.65,11.05
80.18,27,10.71,10.71,11.52,10.91,10.99,12.11,9.39,11.56,11.79,10.45,11.54,11.17,11.44,12.06,11.37,10.89,10.65,11.06
81.18,27,10.71,10.7,11.5,10.91,10.97,12.11,9.38,11.56,11.76,10.44,11.53,11.17,11.44,12.07,11.36,10.87,10.65,11.05
82.18,27,10.71,10.7,11.5,10.92,11.0,12.11,9.39,11.57,11.79,10.45,11.53,11.16,11.44,12.07,11.37,10.87,10.65,11.05
83.2,27,10.71,10.7,11.49,10.91,10.97,12.1,9.38,11.54,11.77,10.44,11.54,11.17,11.44,12.06,11.36,10.89,10.63,11.04
84.2,27,10.71,10.7,11.5,10.91,10.96,12.1,9.37,11.56,11.77,10.45,11.52,11.16,11.44,12.04,11.36,10.88,10.63,11.05
85.2,27,10.71,10.69,11.5,10.92,10.96,12.09,9.36,11.54,11.79,10.44,11.53,11.16,11.42,12.06,11.36,10.88,10.63,11.05
86.2,27,10.71,10.69,11.5,10.91,10.96,12.11,9.35,11.54,11.77,10.44,11.54,11.14,11.44,12.06,11.36,10.89,10.63,11.05
87.2,27,10.71,10.7,11.49,10.92,10.97,12.11,9.36,11.57,11.77,10.47,11.54,11.17,11.45,12.07,11.36,10.87,10.63,11.06
88.2,27,10.72,10.72,11.52,10.95,10.97,12.11,9.37,11.56,11.79,10.47,11.54,11.17,11.44,12.07,11.36,10.89,10.66,11.05
89.22,27,10.71,10.7,11.5,10.92,10.97,12.11,9.36,11.57,11.77,10.47,11.53,11.16,11.44,12.06,11.37,10.88,10.63,11.05
90.22,27,10.71,10.7,11.52,10.93,10.99,12.11,9.35,11.57,11.77,10.45,11.54,11.17,11.45,12.07,11.37,10.88,10.63,11.05
91.22,27,10.7,10.69,11.5,10.92,10.97,12.11,9.35,11.54,11.76,10.45,11.54,11.17,11.44,12.06,11.36,10.89,10.63,11.05
92.22,27,10.71,10.69,11.5,10.95,10.97,12.1,9.33,11.56,11.76,10.45,11.53,11.17,11.44,12.06,11.36,10.87,10.63,11.05
93.22,27,10.71,10.69,11.52,10.95,10.97,12.1,9.36,11.57,11.77,10.47,11.56,11.18,11.45,12.04,11.37,10.88,10.65,11.05
94.22,27,10.72,10.71,11.52,10.92,10.97,12.13,9.35,11.58,11.79,10.47,11.54,11.17,11.45,12.06,11.36,10.88,10.63,11.05
95.22,27,10.71,10.7,11.5,10.95,10.99,12.13,9.35,11.58,11.77,10.47,11.57,11.17,11.45,12.04,11.36,10.88,10.63,11.05
96.22,27,10.71,10.7,11.5,10.93,10.99,12.13,9.33,11.57,11.77,10.48,11.54,11.16,11.46,12.07,11.36,10.88,10.63,11.05
97.22,27,10.71,10.7,11.5,10.95,10.99,12.11,9.33,11.58,11.76,10.48,11.54,11.17,11.46,12.06,11.37,10.89,10.63,11.05
98.22,27,10.71,10.69,11.5,10.93,10.97,12.1,9.33,11.56,11.75,10.44,11.54,11.14,11.45,12.06,11.34,10.87,10.62,11.02
99.22,27,10.7,10.7,11.52,10.92,10.99,12.09,9.32,11.57,11.75,10.45,11.54,11.16,11.44,12.06,11.36,10.88,10.63,11.02
100.23,27,10.71,10.69,11.5,10.91,10.99,12.11,9.32,11.58,11.76,10.45,11.54,11.17,11.44,12.04,11.36,10.88,10.63,11.04
101.23,27,10.71,10.69,11.5,10.93,10.97,12.1,9.32,11.58,11.77,10.47,11.54,11.18,11.46,12.06,11.36,10.89,10.62,11.05
102.23,27,10.71,10.7,11.5,10.93,10.99,12.11,9.32,11.57,11.76,10.48,11.54,11.17,11.45,12.06,11.36,10.88,10.62,11.05
103.23,27,10.72,10.7,11.53,10.93,10.97,12.1,9.33,11.58,11.76,10.48,11.54,11.18,11.46,12.07,11.36,10.87,10.65,11.04
104.23,27,10.71,10.7,11.52,10.92,10.99,12.11,9.32,11.57,11.76,10.47,11.54,11.18,11.45,12.06,11.37,10.88,10.62,11.04
105.23,27,10.72,10.7,11.5,10.93,10.99,12.1,9.32,11.58,11.76,10.48,11.54,11.17,11.44,12.06,11.36,10.88,10.65,11.06
106.23,27,10.71,10.69,11.5,10.91,10.97,12.09,9.32,11.58,11.75,10.45,11.53,11.18,11.44,12.04,11.36,10.85,10.63,11.04
107.23,27,10.71,10.7,11.52,10.92,10.99,12.09,9.31,11.6,11.76,10.47,11.54,11.18,11.46,12.07,11.37,10.88,10.65,11.05
108.23,27,10.71,10.7,11.5,10.95,10.99,12.1,9.3,11.6,11.76,10.48,11.56,11.18,11.45,12.07,11.37,10.88,10.63,11.06
109.25,27,10.71,10.69,11.5,10.95,10.96,12.1,9.31,11.61,11.76,10.47,11.54,11.18,11.45,12.07,11.36,10.87,10.65,11.05
110.25,27,10.71,10.69,11.52,10.95,10.99,12.1,9.31,11.6,11.76,10.48,11.56,11.17,11.46,12.06,11.36,10.89,10.63,11.05
111.27,27,10.72,10.7,11.5,10.95,10.99,12.11,9.31,11.61,11.77,10.48,11.57,11.18,11.46,12.07,11.37,10.89,10.63,11.04
112.27,27,10.74,10.71,11.52,10.93,11.0,12.1,9.31,11.61,11.76,10.48,11.54,11.18,11.45,12.07,11.36,10.88,10.63,11.05
113.27,27,10.71,10.7,11.52,10.95,10.99,12.11,9.31,11.6,11.77,10.48,11.56,11.17,11.46,12.06,11.36,10.88,10.65,11.05
114.27,27,10.71,10.7,11.5,10.93,10.97,12.09,9.3,11.6,11.77,10.48,11.54,11.17,11.45,12.06,11.37,10.88,10.63,11.05
115.27,27,10.72,10.71,11.52,10.95,10.99,12.11,9.3,11.6,11.77,10.49,11.56,11.2,11.45,12.07,11.37,10.89,10.66,11.08
116.27,27,10.72,10.71,11.52,10.97,10.99,12.11,9.3,11.61,11.76,10.49,11.56,11.17,11.46,12.09,11.37,10.88,10.65,11.06
117.28,27,10.71,10.7,11.52,10.95,10.99,12.11,9.3,11.61,11.77,10.49,11.56,11.17,11.45,12.09,11.36,10.87,10.65,11.06
118.28,27,10.71,10.7,11.5,10.93,10.99,12.1,9.3,11.61,11.76,10.48,11.54,11.17,11.46,12.07,11.38,10.88,10.65,11.06
119.28,27,10.72,10.71,11.5,10.95,10.99,12.09,9.28,11.61,11.76,10.49,11.57,11.17,11.45,12.07,11.37,10.89,10.65,11.05
120.28,27,10.71,10.7,11.46,10.95,10.97,12.07,9.28,11.61,11.75,10.48,11.56,11.17,11.46,12.07,11.34,10.89,10.66,11.04
121.28,27,10.71,10.66,11.41,10.92,10.96,12.04,9.26,11.6,11.72,10.47,11.53,11.13,11.45,12.06,11.29,10.88,10.63,11.0
122.28,27,10.69,10.65,11.41,10.89,10.96,12.03,9.26,11.6,11.7,10.45,11.52,11.1,11.42,12.02,11.28,10.84,10.62,11.0
123.28,27,10.67,10.63,11.4,10.88,10.93,12.0,9.26,11.58,11.68,10.43,11.5,11.09,11.44,12.02,11.28,10.84,10.59,10.99
124.3,27,10.69,10.65,11.41,10.92,10.95,12.03,9.27,11.58,11.68,10.45,11.52,11.09,11.44,12.03,11.28,10.87,10.61,11.01
125.3,27,10.66,10.63,11.42,10.89,10.95,12.02,9.27,11.58,11.7,10.44,11.5,11.09,11.42,12.02,11.28,10.84,10.59,11.0
126.3,27,10.65,10.63,11.4,10.88,10.93,12.02,9.26,11.58,11.66,10.44,11.5,11.08,11.41,12.0,11.28,10.84,10.59,10.99
127.3,27,10.65,10.63,11.4,10.87,10.92,12.0,9.25,11.57,11.66,10.44,11.5,11.09,11.41,12.0,11.26,10.82,10.58,10.99
128.3,27,10.66,10.63,11.4,10.88,10.93,11.99,9.26,11.58,11.66,10.44,11.5,11.1,11.4,12.02,11.28,10.83,10.58,10.99
129.32,27,10.65,10.61,11.38,10.89,10.92,12.0,9.25,11.56,11.66,10.41,11.49,11.09,11.4,12.0,11.26,10.83,10.58,10.99
130.32,27,10.63,10.63,11.4,10.88,10.92,11.99,9.23,11.57,11.66,10.43,11.49,11.1,11.41,12.0,11.28,10.8,10.58,10.97
131.32,27,10.63,10.62,11.4,10.89,10.92,11.99,9.23,11.57,11.65,10.43,11.5,11.09,11.4,12.0,11.26,10.82,10.58,10.99
132.32,27,10.65,10.62,11.4,10.87,10.92,11.99,9.23,11.57,11.68,10.41,11.49,11.09,11.41,11.99,11.28,10.82,10.58,10.99
133.32,27,10.62,10.61,11.38,10.88,10.91,11.96,9.21,11.54,11.62,10.4,11.48,11.08,11.38,11.99,11.25,10.8,10.56,10.95
134.32,27,10.63,10.62,11.4,10.87,10.91,11.96,9.21,11.56,11.62,10.43,11.48,11.06,11.41,11.98,11.24,10.79,10.56,10.97
135.33,27,10.63,10.61,11.38,10.87,10.89,11.96,9.21,11.56,11.64,10.4,11.48,11.06,11.4,11.98,11.26,10.79,10.57,10.97
136.33,27,10.61,10.59,11.37,10.85,10.88,11.95,9.2,11.56,11.62,10.41,11.46,11.08,11.38,11.98,11.24,10.78,10.56,10.95
137.33,27,10.61,10.59,11.38,10.83,10.88,11.94,9.19,11.53,11.62,10.4,11.46,11.06,11.37,11.98,11.24,10.78,10.53,10.96
138.33,27,10.62,10.61,11.38,10.84,10.89,11.95,9.19,11.56,11.64,10.43,11.48,11.09,11.38,11.99,11.26,10.78,10.56,10.97
139.33,27,10.62,10.61,11.38,10.84,10.89,11.96,9.17,11.53,11.61,10.43,11.48,11.06,11.4,11.96,11.24,10.79,10.56,10.96
140.33,27,10.61,10.59,11.37,10.85,10.89,11.94,9.17,11.54,11.62,10.4,11.46,11.06,11.38,11.98,11.24,10.76,10.54,10.95
141.33,27,10.61,10.58,11.37,10.85,10.88,11.95,9.17,11.52,11.62,10.39,11.46,11.05,11.37,11.96,11.24,10.76,10.56,10.95
142.33,27,10.61,10.59,11.4,10.87,10.88,11.95,9.17,11.53,11.62,10.4,11.48,11.06,11.37,11.96,11.25,10.78,10.54,10.96
143.33,27,10.61,10.59,11.38,10.84,10.89,11.94,9.17,11.53,11.62,10.4,11.46,11.06,11.37,11.96,11.24,10.78,10.54,10.95
144.35,27,10.61,10.58,11.37,10.84,10.87,11.96,9.16,11.52,11.62,10.4,11.46,11.05,11.37,11.95,11.24,10.75,10.53,10.95
145.35,27,10.61,10.58,11.37,10.84,10.88,11.95,9.15,11.53,11.62,10.39,11.46,11.06,11.36,11.95,11.25,10.76,10.53,10.95
146.37,27,10.61,10.58,11.37,10.84,10.88,11.94,9.15,11.53,11.62,10.4,11.48,11.04,11.37,11.96,11.24,10.76,10.53,10.96
147.37,27,10.61,10.61,11.38,10.87,10.88,11.95,9.15,11.56,11.64,10.41,11.48,11.08,11.38,11.96,11.25,10.78,10.54,10.96
148.37,27,10.61,10.61,11.38,10.87,10.91,11.96,9.16,11.56,11.65,10.41,11.48,11.06,11.38,11.98,11.26,10.78,10.54,10.97
149.37,27,10.61,10.61,11.38,10.87,10.88,11.95,9.16,11.54,11.62,10.43,11.48,11.05,11.37,11.96,11.24,10.78,10.54,10.95
150.37,27,10.61,10.58,11.37,10.85,10.89,11.95,9.16,11.54,11.6,10.41,11.48,11.05,11.37,11.96,11.24,10.76,10.53,10.95
151.38,27,10.59,10.57,11.34,10.84,10.87,11.94,9.15,11.53,11.62,10.4,11.46,11.04,11.36,11.95,11.22,10.75,10.53,10.95
152.38,27,10.61,10.59,11.37,10.85,10.88,11.94,9.16,11.56,11.64,10.4,11.48,11.05,11.37,11.96,11.24,10.78,10.53,10.95
153.38,27,10.59,10.58,11.37,10.85,10.88,11.95,9.14,11.54,11.62,10.41,11.46,11.05,11.36,11.95,11.22,10.76,10.54,10.95
154.38,27,10.61,10.59,11.38,10.85,10.89,11.95,9.16,11.56,11.65,10.41,11.48,11.05,11.36,11.95,11.25,10.78,10.54,10.95
155.38,27,10.58,10.58,11.36,10.83,10.87,11.94,9.14,11.54,11.6,10.41,11.45,11.05,11.36,11.95,11.22,10.75,10.53,10.92
156.38,27,10.61,10.59,11.38,10.85,10.89,11.96,9.15,11.54,11.64,10.43,11.46,11.06,11.36,11.96,11.25,10.76,10.54,10.95
157.38,27,10.59,10.58,11.37,10.85,10.87,11.94,9.14,11.54,11.64,10.4,11.46,11.05,11.36,11.95,11.22,10.75,10.53,10.95
158.38,27,10.61,10.59,11.37,10.85,10.88,11.95,9.15,11.54,11.62,10.41,11.48,11.06,11.37,11.96,11.24,10.76,10.54,10.95
159.38,27,10.59,10.59,11.38,10.85,10.88,11.96,9.15,11.56,11.61,10.43,11.46,11.06,11.36,11.96,11.25,10.76,10.53,10.93
160.38,27,10.59,10.59,11.38,10.85,10.88,11.95,9.14,11.56,11.62,10.43,11.46,11.06,11.37,11.96,11.24,10.78,10.53,10.96
161.38,27,10.59,10.58,11.37,10.85,10.88,11.96,9.14,11.56,11.62,10.4,11.45,11.05,11.36,11.95,11.22,10.75,10.52,10.95
162.38,27,10.59,10.61,11.37,10.85,10.89,11.95,9.14,11.54,11.64,10.43,11.48,11.06,11.37,11.96,11.25,10.78,10.54,10.96
163.4,27,10.59,10.58,11.38,10.85,10.88,11.95,9.12,11.56,11.64,10.41,11.46,11.05,11.37,11.96,11.22,10.76,10.52,10.95
164.4,27,10.59,10.58,11.38,10.85,10.89,11.95,9.14,11.56,11.64,10.43,11.48,11.06,11.37,11.95,11.25,10.76,10.54,10.96
165.4,27,10.58,10.58,11.36,10.84,10.88,11.94,9.14,11.54,11.61,10.41,11.46,11.04,11.36,11.94,11.22,10.74,10.52,10.93
166.4,27,10.59,10.57,11.4,10.85,10.89,11.96,9.12,11.54,11.61,10.43,11.48,11.06,11.37,11.95,11.24,10.75,10.53,10.93
167.4,27,10.61,10.58,11.4,10.85,10.88,11.95,9.12,11.56,11.62,10.43,11.46,11.06,11.36,11.96,11.24,10.75,10.52,10.95
168.4,27,10.59,10.59,11.37,10.85,10.88,11.96,9.14,11.54,11.62,10.43,11.48,11.06,11.36,11.95,11.24,10.75,10.52,10.95
169.4,27,10.59,10.58,11.38,10.87,10.88,11.95,9.12,11.54,11.62,10.43,11.48,11.06,11.37,11.95,11.24,10.74,10.53,10.95
170.4,27,10.59,10.58,11.38,10.85,10.88,11.94,9.12,11.56,11.62,10.43,11.48,11.05,11.37,11.95,11.25,10.75,10.53,10.95
171.4,27,10.59,10.59,11.37,10.85,10.88,11.96,9.12,11.56,11.64,10.43,11.49,11.06,11.37,11.96,11.26,10.76,10.53,10.95
172.42,27,10.62,10.59,11.41,10.87,10.91,11.95,9.14,11.57,11.64,10.44,11.49,11.08,11.37,11.96,11.25,10.78,10.56,10.96
173.42,27,10.61,10.59,11.4,10.85,10.91,11.96,9.14,11.57,11.64,10.43,11.49,11.08,11.38,11.95,11.25,10.78,10.54,10.95
174.42,27,10.59,10.59,11.38,10.84,10.89,11.95,9.14,11.57,11.64,10.44,11.46,11.06,11.37,11.96,11.26,10.76,10.54,10.96
175.42,27,10.61,10.58,11.4,10.85,10.88,11.96,9.12,11.56,11.64,10.43,11.48,11.06,11.37,11.98,11.24,10.75,10.53,10.96
176.42,27,10.61,10.58,11.37,10.85,10.88,11.95,9.11,11.56,11.62,10.43,11.49,11.05,11.36,11.96,11.24,10.76,10.52,10.95
177.43,27,10.61,10.59,11.4,10.85,10.88,11.96,9.12,11.57,11.64,10.44,11.5,11.06,11.36,11.96,11.26,10.78,10.52,10.96
178.43,27,10.62,10.59,11.4,10.88,10.89,11.96,9.12,11.57,11.61,10.45,11.48,11.08,11.38,11.96,11.25,10.74,10.54,10.95
179.43,27,10.61,10.58,11.38,10.85,10.88,11.94,9.12,11.56,11.62,10.43,11.49,11.06,11.37,11.95,11.25,10.75,10.53,10.95
180.43,27,10.59,10.58,11.36,10.87,10.88,11.95,9.11,11.56,11.61,10.41,11.48,11.06,11.37,11.95,11.24,10.75,10.53,10.95
181.43,27,10.61,10.57,11.36,10.87,10.89,11.96,9.11,11.57,11.61,10.44,11.49,11.05,11.37,11.95,11.26,10.76,10.53,10.95
182.45,27,10.58,10.54,11.3,10.85,10.88,11.91,9.11,11.57,11.58,10.4,11.46,11.02,11.37,11.95,11.21,10.75,10.52,10.91
183.45,27,10.58,10.53,11.3,10.82,10.88,11.88,9.09,11.56,11.57,10.41,11.46,11.01,11.36,11.94,11.18,10.74,10.52,10.91
184.45,27,10.56,10.52,11.28,10.82,10.85,11.88,9.09,11.54,11.56,10.39,11.44,11.0,11.33,11.92,11.18,10.72,10.5,10.89
185.45,27,10.56,10.5,11.28,10.83,10.84,11.88,9.1,11.54,11.57,10.39,11.44,10.99,11.33,11.91,11.18,10.72,10.5,10.88
186.47,27,10.56,10.53,11.28,10.82,10.85,11.88,9.09,11.53,11.56,10.38,11.44,10.99,11.33,11.91,11.18,10.72,10.49,10.88
187.47,27,10.54,10.52,11.3,10.83,10.84,11.87,9.09,11.54,11.54,10.38,11.44,10.99,11.32,11.92,11.17,10.72,10.49,10.89
188.47,27,10.56,10.52,11.28,10.82,10.84,11.88,9.09,11.53,11.57,10.39,11.44,11.01,11.33,11.91,11.18,10.72,10.49,10.88
189.47,27,10.54,10.52,11.28,10.8,10.83,11.87,9.08,11.53,11.54,10.39,11.42,10.99,11.32,11.89,11.17,10.71,10.49,10.87
190.47,27,10.54,10.49,11.26,10.78,10.83,11.85,9.06,11.5,11.52,10.38,11.41,10.99,11.32,11.88,11.14,10.69,10.48,10.87
191.48,27,10.54,10.5,11.26,10.79,10.83,11.85,9.08,11.5,11.53,10.39,11.41,10.97,11.3,11.88,11.16,10.69,10.48,10.87
192.48,27,10.53,10.5,11.28,10.78,10.83,11.87,9.08,11.52,11.54,10.38,11.42,11.0,11.33,11.89,11.18,10.69,10.48,10.88
193.48,27,10.53,10.5,11.26,10.79,10.83,11.85,9.08,11.52,11.53,10.39,11.42,10.97,11.32,11.88,11.16,10.67,10.47,10.87
194.48,27,10.53,10.5,11.28,10.79,10.82,11.85,9.08,11.49,11.52,10.36,11.42,10.99,11.3,11.89,11.14,10.66,10.45,10.87
195.48,27,10.5,10.48,11.25,10.76,10.8,11.83,9.05,11.48,11.5,10.35,11.4,10.96,11.28,11.87,11.14,10.66,10.45,10.84
196.5,27,10.49,10.48,11.26,10.76,10.8,11.84,9.05,11.48,11.52,10.35,11.4,10.96,11.3,11.87,11.14,10.65,10.44,10.84
197.52,27,10.5,10.48,11.25,10.76,10.8,11.83,9.05,11.49,11.49,10.35,11.4,10.96,11.3,11.87,11.16,10.63,10.44,10.84
198.52,27,10.5,10.49,11.26,10.78,10.8,11.84,9.05,11.49,11.5,10.38,11.41,10.96,11.29,11.87,11.16,10.63,10.45,10.85
199.52,27,10.5,10.49,11.28,10.76,10.8,11.83,9.05,11.49,11.5,10.36,11.41,10.97,11.29,11.88,11.17,10.66,10.44,10.85
200.52,27,10.48,10.45,11.25,10.76,10.78,11.8,9.02,11.46,11.48,10.34,11.37,10.95,11.26,11.85,11.14,10.63,10.43,10.84
201.52,27,10.49,10.47,11.26,10.76,10.79,11.83,9.03,11.48,11.46,10.35,11.4,10.95,11.28,11.87,11.13,10.62,10.45,10.84
202.52,27,10.49,10.47,11.25,10.76,10.79,11.83,9.03,11.48,11.48,10.35,11.4,10.96,11.29,11.87,11.16,10.61,10.44,10.84
203.53,27,10.48,10.45,11.24,10.75,10.78,11.79,9.02,11.46,11.44,10.34,11.38,10.92,11.26,11.84,11.12,10.59,10.43,10.83
204.53,27,10.48,10.44,11.24,10.74,10.76,11.79,9.02,11.46,11.45,10.32,11.37,10.93,11.28,11.84,11.12,10.59,10.41,10.83
205.53,27,10.48,10.47,11.26,10.75,10.78,11.8,9.02,11.46,11.46,10.35,11.38,10.95,11.26,11.85,11.16,10.61,10.41,10.83
206.53,27,10.49,10.48,11.25,10.76,10.79,11.8,9.03,11.48,11.46,10.36,11.4,10.93,11.28,11.88,11.16,10.61,10.44,10.84
207.53,27,10.48,10.48,11.24,10.76,10.78,11.8,9.03,11.46,11.46,10.34,11.38,10.93,11.28,11.84,11.13,10.59,10.43,10.82
208.53,27,10.48,10.45,11.25,10.76,10.78,11.8,9.02,11.48,11.46,10.34,11.38,10.95,11.26,11.85,11.13,10.59,10.41,10.82
209.55,27,10.48,10.47,11.25,10.76,10.78,11.8,9.02,11.48,11.46,10.34,11.38,10.93,11.28,11.85,11.13,10.58,10.41,10.8
210.55,27,10.48,10.45,11.24,10.75,10.78,11.8,9.02,11.48,11.44,10.34,11.38,10.92,11.28,11.84,11.13,10.57,10.41,10.82
211.55,27,10.48,10.45,11.26,10.76,10.78,11.8,9.0,11.48,11.46,10.35,11.38,10.93,11.26,11.85,11.13,10.58,10.41,10.82
212.55,27,10.47,10.45,11.25,10.75,10.78,11.79,9.0,11.48,11.46,10.32,11.37,10.93,11.28,11.84,11.14,10.57,10.4,10.8
213.55,27,10.48,10.47,11.25,10.76,10.78,11.8,9.02,11.48,11.46,10.34,11.38,10.92,11.26,11.84,11.14,10.58,10.41,10.82
214.55,27,10.47,10.45,11.24,10.75,10.75,11.8,9.0,11.46,11.45,10.32,11.37,10.91,11.25,11.84,11.13,10.57,10.4,10.8
215.55,27,10.47,10.45,11.25,10.75,10.78,11.79,9.0,11.46,11.44,10.34,11.37,10.93,11.28,11.84,11.13,10.58,10.41,10.82
216.57,27,10.48,10.45,11.25,10.75,10.76,11.8,9.0,11.48,11.46,10.35,11.37,10.93,11.29,11.85,11.14,10.59,10.41,10.82
217.57,27,10.48,10.45,11.26,10.74,10.76,11.81,8.99,11.48,11.46,10.32,11.37,10.92,11.25,11.84,11.13,10.58,10.4,10.8
218.57,27,10.48,10.45,11.24,10.74,10.78,11.8,8.99,11.48,11.46,10.34,11.4,10.92,11.26,11.83,11.13,10.59,10.43,10.8
219.57,27,10.47,10.45,11.26,10.75,10.78,11.8,9.02,11.48,11.48,10.35,11.38,10.92,11.26,11.84,11.13,10.61,10.41,10.83
220.58,27,10.48,10.45,11.26,10.74,10.76,11.81,9.0,11.49,11.46,10.34,11.4,10.93,11.28,11.84,11.16,10.61,10.43,10.83
221.58,27,10.48,10.47,11.25,10.75,10.76,11.8,9.02,11.48,11.48,10.32,11.37,10.92,11.26,11.84,11.16,10.61,10.41,10.82
222.58,27,10.48,10.45,11.24,10.76,10.78,11.83,9.0,11.46,11.49,10.34,11.38,10.95,11.28,11.87,11.14,10.61,10.41,10.83
223.58,27,10.47,10.45,11.25,10.75,10.76,11.81,9.0,11.49,11.48,10.34,11.38,10.93,11.26,11.84,11.13,10.62,10.41,10.82
224.58,27,10.48,10.47,11.26,10.75,10.79,11.83,9.02,11.49,11.48,10.35,11.38,10.95,11.26,11.85,11.14,10.61,10.41,10.83
225.58,27,10.48,10.47,11.26,10.76,10.78,11.83,9.02,11.5,11.49,10.35,11.38,10.95,11.26,11.85,11.16,10.63,10.41,10.83
226.6,27,10.48,10.45,11.24,10.75,10.78,11.8,9.0,11.48,11.49,10.34,11.37,10.93,11.25,11.85,11.13,10.63,10.43,10.82
227.6,27,10.48,10.47,11.24,10.75,10.79,11.81,9.0,11.5,11.49,10.34,11.4,10.92,11.28,11.85,11.14,10.62,10.43,10.83
228.6,27,10.49,10.47,11.25,10.76,10.79,11.81,9.0,11.49,11.49,10.34,11.4,10.93,11.29,11.85,11.14,10.65,10.41,10.82
229.6,27,10.48,10.47,11.24,10.76,10.78,11.84,9.02,11.49,11.48,10.35,11.4,10.95,11.28,11.85,11.16,10.65,10.43,10.83
230.6,27,10.49,10.45,11.25,10.75,10.79,11.81,9.0,11.48,11.49,10.32,11.4,10.93,11.26,11.85,11.13,10.62,10.4,10.83
231.6,27,10.48,10.45,11.25,10.76,10.79,11.81,9.0,11.48,11.49,10.34,11.4,10.92,11.26,11.84,11.16,10.65,10.41,10.83
232.6,27,10.49,10.47,11.25,10.76,10.79,11.83,9.0,11.5,11.48,10.35,11.4,10.93,11.26,11.87,11.17,10.63,10.41,10.83
233.6,27,10.48,10.47,11.24,10.75,10.78,11.81,9.0,11.5,11.48,10.34,11.4,10.93,11.26,11.84,11.14,10.62,10.41,10.82
234.62,27,10.49,10.47,11.25,10.75,10.8,11.83,9.0,11.49,11.48,10.36,11.4,10.95,11.26,11.87,11.16,10.65,10.43,10.82
235.62,27,10.48,10.47,11.25,10.75,10.78,11.8,9.0,11.5,11.49,10.32,11.41,10.93,11.28,11.85,11.14,10.65,10.41,10.83
236.62,27,10.5,10.47,11.25,10.78,10.79,11.81,9.02,11.52,11.48,10.35,11.41,10.95,11.28,11.87,11.14,10.65,10.43,10.84
237.63,27,10.49,10.48,11.24,10.75,10.79,11.81,9.0,11.5,11.48,10.35,11.41,10.93,11.29,11.85,11.14,10.65,10.43,10.83
238.63,27,10.5,10.47,11.26,10.75,10.79,11.83,8.99,11.5,11.48,10.36,11.4,10.93,11.28,11.87,11.14,10.65,10.43,10.82
239.65,27,10.5,10.45,11.24,10.76,10.78,11.83,8.99,11.49,11.49,10.35,11.41,10.93,11.28,11.85,11.13,10.63,10.4,10.84
240.65,27,10.5,10.48,11.26,10.78,10.8,11.84,9.02,11.52,11.5,10.38,11.41,10.95,11.29,11.87,11.16,10.65,10.44,10.84
241.65,27,10.5,10.48,11.25,10.78,10.8,11.81,9.02,11.53,11.49,10.38,11.42,10.96,11.28,11.85,11.17,10.67,10.44,10.84
242.65,27,10.49,10.44,11.21,10.75,10.79,11.79,8.99,11.5,11.45,10.36,11.41,10.91,11.26,11.85,11.12,10.63,10.43,10.82
243.67,27,10.47,10.43,11.18,10.74,10.78,11.76,8.98,11.49,11.44,10.34,11.38,10.88,11.26,11.85,11.09,10.62,10.4,10.8
244.67,27,10.47,10.41,11.18,10.74,10.76,11.77,8.98,11.49,11.44,10.31,11.37,10.87,11.25,11.81,11.09,10.59,10.4,10.78
245.67,27,10.45,10.4,11.18,10.72,10.75,11.76,8.97,11.48,11.42,10.31,11.37,10.89,11.22,11.8,11.08,10.61,10.39,10.79
246.67,27,10.45,10.41,11.18,10.72,10.78,11.79,8.99,11.5,11.42,10.31,11.37,10.89,11.22,11.83,11.08,10.59,10.4,10.8
247.68,27,10.43,10.4,11.17,10.71,10.75,11.76,8.98,11.48,11.41,10.31,11.36,10.87,11.21,11.79,11.08,10.58,10.39,10.78
248.68,27,10.44,10.4,11.16,10.72,10.75,11.76,8.98,11.49,11.44,10.31,11.36,10.88,11.22,11.81,11.08,10.58,10.38,10.78
249.68,27,10.43,10.39,11.14,10.7,10.74,11.75,8.97,11.46,11.41,10.29,11.34,10.87,11.22,11.8,11.06,10.58,10.38,10.76
250.68,27,10.44,10.39,11.16,10.7,10.75,11.76,8.97,11.46,11.42,10.31,11.34,10.85,11.24,11.8,11.05,10.57,10.36,10.76
251.68,27,10.41,10.36,11.13,10.7,10.72,11.73,8.95,11.46,11.38,10.29,11.33,10.84,11.22,11.79,11.05,10.54,10.35,10.76
252.68,27,10.4,10.36,11.14,10.69,10.72,11.73,8.95,11.45,11.4,10.29,11.33,10.84,11.2,11.77,11.05,10.54,10.35,10.74
253.68,27,10.4,10.38,11.16,10.69,10.72,11.75,8.95,11.45,11.4,10.27,11.33,10.84,11.21,11.77,11.04,10.52,10.35,10.75
254.7,27,10.4,10.36,11.13,10.67,10.71,11.75,8.94,11.44,11.38,10.26,11.32,10.83,11.2,11.77,11.05,10.52,10.34,10.72
255.7,27,10.39,10.34,11.13,10.65,10.71,11.7,8.93,11.42,11.37,10.26,11.32,10.8,11.18,11.76,11.01,10.5,10.32,10.71
256.7,27,10.38,10.35,11.13,10.67,10.71,11.73,8.94,11.42,11.37,10.27,11.32,10.82,11.18,11.76,11.04,10.53,10.34,10.72
257.7,27,10.39,10.36,11.13,10.67,10.7,11.72,8.94,11.41,11.38,10.26,11.32,10.82,11.17,11.76,11.04,10.5,10.34,10.74
258.7,27,10.38,10.35,11.1,10.66,10.7,11.72,8.93,11.41,11.37,10.25,11.3,10.82,11.18,11.76,11.04,10.5,10.32,10.72
259.72,27,10.38,10.35,11.12,10.65,10.69,11.72,8.92,11.41,11.37,10.26,11.3,10.8,11.18,11.75,11.04,10.5,10.32,10.71
260.72,27,10.38,10.35,11.12,10.65,10.67,11.7,8.92,11.4,11.37,10.26,11.32,10.8,11.18,11.73,11.02,10.49,10.32,10.71
261.72,27,10.38,10.35,11.13,10.66,10.67,11.73,8.93,11.38,11.37,10.26,11.32,10.82,11.17,11.75,11.04,10.49,10.31,10.74
262.73,27,10.36,10.34,11.12,10.66,10.67,11.7,8.92,11.38,11.36,10.23,11.3,10.79,11.2,11.72,11.02,10.49,10.31,10.71
263.73,27,10.38,10.34,11.13,10.66,10.66,11.7,8.92,11.37,11.36,10.25,11.32,10.8,11.16,11.73,11.02,10.48,10.31,10.71
264.73,27,10.38,10.35,11.1,10.66,10.65,11.7,8.92,11.34,11.32,10.26,11.3,10.79,11.17,11.73,11.04,10.48,10.3,10.7
265.73,27,10.38,10.35,11.1,10.66,10.66,11.7,8.92,11.37,11.34,10.26,11.32,10.8,11.18,11.75,11.04,10.48,10.31,10.72
266.73,27,10.38,10.34,11.1,10.65,10.66,11.68,8.92,11.37,11.32,10.25,11.3,10.79,11.17,11.73,11.02,10.47,10.3,10.72
267.73,27,10.38,10.32,11.12,10.65,10.65,11.68,8.91,11.36,11.32,10.26,11.3,10.79,11.18,11.72,11.02,10.47,10.3,10.71
268.73,27,10.36,10.35,11.12,10.67,10.66,11.7,8.93,11.36,11.33,10.26,11.32,10.79,11.17,11.73,11.02,10.47,10.31,10.71
269.73,27,10.38,10.35,11.13,10.66,10.66,11.69,8.92,11.34,11.32,10.25,11.3,10.79,11.18,11.73,11.02,10.47,10.3,10.72
270.75,27,10.36,10.34,11.12,10.66,10.65,11.7,8.92,11.34,11.32,10.26,11.32,10.78,11.18,11.73,11.02,10.47,10.3,10.71
271.75,27,10.36,10.32,11.12,10.65,10.66,11.69,8.91,11.33,11.3,10.26,11.29,10.76,11.14,11.72,11.02,10.44,10.3,10.71
272.75,27,10.35,10.32,11.12,10.63,10.63,11.68,8.91,11.33,11.3,10.25,11.3,10.78,11.16,11.7,11.01,10.44,10.29,10.69
273.75,27,10.35,10.32,11.13,10.63,10.66,11.69,8.91,11.34,11.32,10.25,11.29,10.79,11.17,11.72,11.02,10.44,10.29,10.7
274.75,27,10.36,10.34,11.12,10.66,10.67,11.68,8.92,11.34,11.34,10.27,11.32,10.78,11.18,11.7,11.04,10.45,10.3,10.71
275.75,27,10.36,10.32,11.12,10.63,10.65,11.66,8.88,11.33,11.29,10.25,11.3,10.76,11.16,11.72,11.01,10.43,10.27,10.7
276.75,27,10.34,10.32,11.1,10.65,10.67,11.68,8.91,11.33,11.3,10.25,11.29,10.75,11.16,11.72,11.01,10.43,10.27,10.7
277.77,27,10.36,10.32,11.12,10.65,10.66,11.68,8.89,11.36,11.34,10.26,11.3,10.79,11.17,11.72,11.04,10.44,10.3,10.71
278.77,27,10.36,10.32,11.1,10.63,10.66,11.68,8.89,11.34,11.33,10.25,11.3,10.76,11.17,11.69,11.02,10.41,10.27,10.7
279.77,27,10.35,10.31,11.1,10.65,10.65,11.69,8.91,11.34,11.32,10.25,11.3,10.76,11.17,11.69,11.04,10.44,10.3,10.7
280.77,27,10.36,10.34,11.12,10.65,10.66,11.68,8.91,11.34,11.33,10.27,11.32,10.79,11.18,11.7,11.04,10.44,10.29,10.71
281.77,27,10.35,10.32,11.13,10.66,10.67,11.7,8.91,11.34,11.33,10.26,11.3,10.78,11.17,11.7,11.04,10.44,10.3,10.71
282.77,27,10.35,10.32,11.12,10.65,10.66,11.7,8.89,11.34,11.33,10.26,11.32,10.79,11.17,11.72,11.04,10.43,10.27,10.72
283.77,27,10.36,10.32,11.1,10.65,10.67,11.7,8.89,11.36,11.33,10.26,11.32,10.78,11.18,11.7,11.04,10.45,10.27,10.72
284.77,27,10.35,10.32,11.12,10.66,10.67,11.7,8.89,11.36,11.36,10.27,11.3,10.78,11.17,11.72,11.05,10.44,10.27,10.71
285.77,27,10.35,10.32,11.13,10.65,10.67,11.7,8.91,11.36,11.34,10.26,11.32,10.78,11.18,11.72,11.04,10.47,10.27,10.71
286.78,27,10.35,10.32,11.12,10.66,10.69,11.7,8.89,11.36,11.36,10.26,11.32,10.79,11.18,11.7,11.04,10.47,10.27,10.71
287.78,27,10.35,10.3,11.09,10.63,10.67,11.68,8.89,11.36,11.32,10.26,11.29,10.76,11.16,11.69,11.02,10.44,10.26,10.69
288.78,27,10.36,10.32,11.12,10.67,10.67,11.69,8.89,11.37,11.36,10.26,11.33,10.78,11.17,11.7,11.04,10.48,10.27,10.71
289.78,27,10.36,10.32,11.13,10.66,10.66,11.72,8.89,11.38,11.34,10.26,11.32,10.79,11.17,11.72,11.04,10.48,10.26,10.71
290.78,27,10.36,10.32,11.12,10.66,10.69,11.7,8.89,11.37,11.36,10.27,11.33,10.78,11.17,11.72,11.02,10.49,10.26,10.71
291.78,27,10.38,10.32,11.12,10.65,10.69,11.69,8.89,11.38,11.36,10.27,11.3,10.78,11.17,11.69,11.02,10.49,10.26,10.7
292.8,27,10.36,10.31,11.1,10.65,10.66,11.7,8.89,11.38,11.34,10.26,11.32,10.79,11.17,11.7,11.04,10.48,10.27,10.71
293.8,27,10.38,10.32,11.12,10.66,10.69,11.68,8.89,11.38,11.36,10.27,11.33,10.78,11.16,11.7,11.04,10.49,10.27,10.71
294.8,27,10.36,10.31,11.12,10.67,10.69,11.7,8.89,11.4,11.34,10.27,11.33,10.78,11.17,11.7,11.04,10.5,10.26,10.71
295.8,27,10.36,10.34,11.12,10.65,10.69,11.7,8.89,11.38,11.36,10.29,11.32,10.79,11.18,11.7,11.04,10.5,10.27,10.71
296.8,27,10.36,10.31,11.12,10.65,10.69,11.69,8.89,11.38,11.34,10.27,11.3,10.78,11.16,11.69,11.05,10.5,10.26,10.71
297.8,27,10.38,10.31,11.12,10.65,10.69,11.72,8.88,11.38,11.36,10.27,11.32,10.79,11.16,11.72,11.04,10.52,10.29,10.71
298.8,27,10.38,10.31,11.09,10.66,10.69,11.69,8.89,11.38,11.36,10.26,11.32,10.79,11.17,11.72,11.02,10.5,10.26,10.71
299.8,27,10.38,10.31,11.12,10.66,10.69,11.69,8.89,11.41,11.36,10.27,11.33,10.8,11.18,11.7,11.04,10.52,10.3,10.72
300.82,27,10.36,10.32,11.13,10.65,10.69,11.72,8.89,11.4,11.36,10.27,11.32,10.78,11.17,11.72,11.04,10.52,10.29,10.71
301.82,27,10.36,10.31,11.1,10.63,10.69,11.7,8.88,11.41,11.36,10.26,11.32,10.79,11.17,11.72,11.04,10.53,10.29,10.71
302.83,27,10.36,10.31,11.09,10.65,10.69,11.72,8.89,11.4,11.34,10.27,11.3,10.76,11.18,11.73,11.04,10.52,10.27,10.72
303.83,27,10.38,10.32,11.13,10.65,10.7,11.7,8.89,11.42,11.34,10.26,11.33,10.79,11.16,11.73,11.04,10.52,10.3,10.7
304.85,27,10.38,10.32,11.12,10.67,10.7,11.7,8.91,11.42,11.37,10.29,11.32,10.79,11.2,11.75,11.05,10.54,10.3,10.72
305.85,27,10.38,10.31,11.1,10.65,10.66,11.7,8.89,11.41,11.36,10.27,11.32,10.79,11.16,11.73,11.04,10.53,10.3,10.72
306.85,27,10.38,10.31,11.06,10.65,10.69,11.68,8.88,11.42,11.33,10.29,11.33,10.76,11.17,11.72,11.04,10.52,10.29,10.74
307.85,27,10.38,10.31,11.08,10.65,10.69,11.66,8.89,11.42,11.33,10.27,11.32,10.75,11.16,11.75,10.99,10.53,10.3,10.69
308.85,27,10.36,10.31,11.06,10.63,10.69,11.65,8.87,11.4,11.32,10.23,11.3,10.74,11.14,11.72,11.0,10.49,10.27,10.69
309.85,27,10.35,10.3,11.08,10.62,10.67,11.66,8.88,11.38,11.33,10.23,11.3,10.74,11.14,11.73,10.99,10.48,10.29,10.69
310.87,27,10.34,10.29,11.05,10.62,10.67,11.65,8.87,11.38,11.32,10.22,11.28,10.74,11.13,11.72,10.99,10.47,10.27,10.67
311.87,27,10.35,10.29,11.06,10.62,10.67,11.66,8.88,11.38,11.29,10.22,11.29,10.76,11.14,11.72,10.99,10.47,10.29,10.69
312.87,27,10.34,10.29,11.06,10.62,10.66,11.64,8.87,11.37,11.3,10.23,11.29,10.74,11.14,11.72,10.99,10.45,10.3,10.67
313.87,27,10.32,10.26,11.04,10.61,10.66,11.65,8.86,11.37,11.29,10.22,11.26,10.74,11.14,11.7,10.97,10.43,10.29,10.66
314.87,27,10.34,10.27,11.06,10.59,10.65,11.62,8.87,11.36,11.29,10.21,11.26,10.72,11.12,11.7,10.97,10.43,10.27,10.66
315.87,27,10.31,10.26,11.04,10.59,10.66,11.66,8.86,11.36,11.3,10.22,11.26,10.72,11.13,11.69,10.96,10.41,10.26,10.66
316.87,27,10.31,10.26,11.04,10.58,10.63,11.65,8.87,11.34,11.3,10.21,11.25,10.72,11.12,11.68,10.96,10.4,10.26,10.65
317.87,27,10.31,10.26,11.04,10.58,10.63,11.65,8.86,11.36,11.29,10.21,11.26,10.74,11.12,11.68,10.97,10.39,10.25,10.66
318.88,27,10.3,10.25,11.04,10.58,10.62,11.65,8.86,11.34,11.28,10.2,11.26,10.72,11.12,11.69,10.96,10.39,10.26,10.65
319.88,27,10.3,10.25,11.02,10.58,10.62,11.62,8.83,11.33,11.29,10.18,11.26,10.71,11.09,11.66,10.95,10.39,10.25,10.65
320.88,27,10.29,10.23,11.02,10.58,10.61,11.62,8.83,11.32,11.28,10.2,11.24,10.7,11.12,11.65,10.95,10.36,10.25,10.63
321.88,27,10.3,10.23,11.01,10.57,10.61,11.64,8.85,11.3,11.28,10.21,11.26,10.71,11.1,11.66,10.95,10.38,10.25,10.65
322.88,27,10.29,10.23,11.02,10.57,10.59,11.62,8.85,11.3,11.25,10.18,11.25,10.7,11.09,11.64,10.93,10.36,10.23,10.63
323.88,27,10.29,10.23,11.02,10.54,10.59,11.64,8.85,11.3,11.25,10.18,11.25,10.7,11.1,11.65,10.96,10.35,10.25,10.66
324.9,27,10.29,10.22,11.01,10.56,10.59,11.6,8.83,11.3,11.26,10.18,11.22,10.69,11.1,11.64,10.93,10.34,10.22,10.62
325.9,27,10.27,10.22,11.01,10.53,10.58,11.61,8.83,11.29,11.24,10.18,11.24,10.69,11.09,11.64,10.93,10.34,10.23,10.63
326.9,27,10.27,10.22,11.01,10.56,10.59,11.62,8.83,11.32,11.25,10.18,11.24,10.69,11.09,11.62,10.93,10.34,10.22,10.63
327.92,27,10.29,10.21,11.01,10.56,10.58,11.61,8.83,11.29,11.25,10.18,11.22,10.67,11.06,11.62,10.93,10.32,10.22,10.63
328.92,27,10.29,10.2,11.01,10.56,10.57,11.6,8.83,11.29,11.24,10.18,11.22,10.69,11.09,11.62,10.95,10.34,10.22,10.62
329.92,27,10.27,10.2,10.97,10.54,10.56,11.57,8.8,11.28,11.24,10.16,11.21,10.67,11.08,11.61,10.92,10.34,10.21,10.61
330.92,27,10.27,10.2,11.01,10.54,10.57,11.58,8.82,11.28,11.24,10.17,11.22,10.67,11.08,11.62,10.92,10.32,10.22,10.62
331.92,27,10.27,10.2,10.99,10.53,10.56,11.57,8.81,11.26,11.22,10.16,11.21,10.67,11.08,11.61,10.91,10.31,10.21,10.61
332.93,27,10.26,10.18,10.99,10.54,10.57,11.58,8.82,11.26,11.22,10.17,11.22,10.67,11.08,11.61,10.92,10.31,10.21,10.63
333.93,27,10.26,10.17,10.99,10.53,10.54,11.57,8.82,11.24,11.2,10.16,11.2,10.66,11.05,11.6,10.92,10.31,10.2,10.61
334.93,27,10.29,10.18,11.0,10.54,10.57,11.6,8.83,11.26,11.21,10.18,11.21,10.7,11.09,11.62,10.95,10.31,10.22,10.62
335.93,27,10.25,10.15,10.99,10.54,10.54,11.58,8.81,11.24,11.2,10.17,11.21,10.67,11.06,11.6,10.92,10.3,10.2,10.62
336.93,27,10.25,10.16,10.97,10.52,10.53,11.57,8.81,11.24,11.2,10.16,11.21,10.66,11.08,11.58,10.92,10.31,10.2,10.61
337.93,27,10.27,10.16,10.99,10.54,10.53,11.57,8.81,11.25,11.18,10.16,11.2,10.66,11.08,11.6,10.92,10.31,10.2,10.61
338.93,27,10.26,10.16,10.99,10.53,10.52,11.58,8.81,11.22,11.2,10.16,11.2,10.66,11.06,11.58,10.93,10.3,10.2,10.61
339.95,27,10.26,10.16,10.99,10.53,10.52,11.56,8.81,11.22,11.18,10.16,11.21,10.66,11.08,11.6,10.91,10.3,10.2,10.61
340.95,27,10.25,10.15,10.96,10.52,10.52,11.57,8.81,11.21,11.18,10.15,11.2,10.66,11.06,11.58,10.92,10.3,10.18,10.58
341.95,27,10.25,10.12,10.97,10.5,10.52,11.54,8.8,11.2,11.17,10.16,11.2,10.63,11.05,11.56,10.91,10.29,10.18,10.61
342.95,27,10.27,10.16,11.0,10.54,10.54,11.58,8.82,11.24,11.21,10.18,11.2,10.65,11.06,11.6,10.95,10.31,10.2,10.63
343.95,27,10.26,10.13,10.99,10.52,10.5,11.57,8.8,11.21,11.17,10.16,11.2,10.66,11.05,11.58,10.93,10.31,10.18,10.61
344.95,27,10.25,10.13,10.99,10.52,10.53,11.56,8.81,11.22,11.2,10.16,11.2,10.67,11.06,11.58,10.93,10.3,10.17,10.61
345.97,27,10.26,10.13,10.97,10.5,10.52,11.57,8.79,11.22,11.2,10.16,11.18,10.66,11.06,11.57,10.91,10.3,10.2,10.61
346.97,27,10.26,10.13,10.97,10.49,10.53,11.56,8.8,11.21,11.18,10.17,11.18,10.63,11.05,11.56,10.92,10.29,10.2,10.59
347.97,27,10.25,10.13,10.99,10.5,10.53,11.58,8.81,11.21,11.21,10.17,11.2,10.67,11.06,11.6,10.93,10.32,10.2,10.62
348.97,27,10.25,10.12,10.99,10.5,10.53,11.57,8.79,11.21,11.2,10.17,11.18,10.65,11.05,11.57,10.92,10.3,10.16,10.61
349.98,27,10.25,10.13,10.99,10.49,10.53,11.56,8.8,11.22,11.2,10.16,11.18,10.66,11.05,11.58,10.91,10.32,10.18,10.62
350.98,27,10.26,10.16,11.0,10.5,10.53,11.57,8.8,11.22,11.2,10.16,11.2,10.67,11.06,11.6,10.93,10.32,10.17,10.62
351.98,27,10.26,10.15,10.99,10.49,10.56,11.58,8.8,11.24,11.2,10.18,11.21,10.66,11.06,11.6,10.93,10.34,10.2,10.59
352.98,27,10.25,10.13,10.97,10.49,10.54,11.57,8.77,11.21,11.21,10.16,11.18,10.65,11.04,11.57,10.91,10.32,10.17,10.59
353.98,27,10.25,10.13,10.96,10.45,10.53,11.56,8.77,11.22,11.2,10.16,11.18,10.65,11.04,11.57,10.91,10.31,10.17,10.59
354.98,27,10.26,10.15,10.99,10.48,10.53,11.58,8.79,11.24,11.21,10.15,11.2,10.66,11.06,11.6,10.91,10.34,10.18,10.59
355.98,27,10.26,10.16,11.0,10.49,10.57,11.6,8.8,11.26,11.22,10.18,11.21,10.67,11.08,11.58,10.93,10.36,10.2,10.62
356.98,27,10.25,10.15,10.99,10.49,10.54,11.58,8.79,11.22,11.2,10.16,11.2,10.65,11.04,11.6,10.92,10.34,10.17,10.62
358.0,27,10.27,10.16,10.99,10.49,10.56,11.57,8.8,11.25,11.22,10.16,11.2,10.67,11.05,11.6,10.92,10.36,10.2,10.61
359.0,27,10.26,10.16,10.97,10.49,10.56,11.57,8.79,11.25,11.21,10.16,11.2,10.66,11.05,11.6,10.93,10.35,10.17,10.59
360.0,27,10.27,10.16,10.99,10.49,10.56,11.58,8.8,11.26,11.24,10.17,11.21,10.69,11.06,11.61,10.92,10.39,10.2,10.62
361.0,27,10.27,10.16,10.99,10.49,10.58,11.6,8.8,11.26,11.22,10.18,11.21,10.66,11.06,11.61,10.93,10.39,10.2,10.61
362.0,27,10.27,10.17,11.0,10.52,10.58,11.6,8.81,11.28,11.25,10.2,11.22,10.69,11.08,11.62,10.93,10.4,10.2,10.62
363.0,27,10.26,10.17,10.99,10.5,10.56,11.58,8.79,11.28,11.21,10.17,11.22,10.67,11.05,11.61,10.92,10.38,10.17,10.61
364.0,27,10.26,10.17,11.0,10.49,10.57,11.58,8.79,11.26,11.21,10.17,11.21,10.67,11.06,11.61,10.92,10.39,10.18,10.58
365.02,27,10.27,10.18,10.97,10.52,10.58,11.6,8.8,11.29,11.24,10.17,11.21,10.69,11.06,11.62,10.93,10.39,10.2,10.63
366.02,27,10.27,10.17,10.97,10.5,10.57,11.57,8.79,11.28,11.22,10.17,11.22,10.66,11.06,11.62,10.89,10.4,10.18,10.61
367.02,27,10.26,10.18,11.0,10.52,10.58,11.61,8.79,11.29,11.24,10.16,11.24,10.69,11.06,11.64,10.92,10.4,10.2,10.62
368.02,27,10.27,10.18,10.99,10.5,10.57,11.58,8.79,11.29,11.21,10.18,11.21,10.67,11.06,11.62,10.92,10.41,10.2,10.61
369.02,27,10.27,10.18,10.99,10.5,10.58,11.6,8.79,11.3,11.22,10.17,11.24,10.66,11.06,11.64,10.92,10.39,10.2,10.61
370.03,27,10.27,10.16,10.93,10.52,10.57,11.56,8.77,11.29,11.21,10.18,11.22,10.62,11.06,11.62,10.91,10.4,10.18,10.59
371.03,27,10.25,10.16,10.96,10.49,10.56,11.54,8.76,11.28,11.18,10.16,11.21,10.62,11.05,11.6,10.89,10.39,10.2,10.58
372.03,27,10.25,10.17,10.97,10.47,10.56,11.56,8.76,11.26,11.2,10.13,11.2,10.63,11.02,11.6,10.88,10.35,10.18,10.58
373.03,27,10.23,10.16,10.96,10.48,10.57,11.56,8.76,11.26,11.21,10.15,11.18,10.63,11.04,11.6,10.88,10.32,10.17,10.59
374.03,27,10.23,10.17,10.95,10.49,10.58,11.54,8.79,11.26,11.21,10.15,11.2,10.61,11.05,11.6,10.89,10.34,10.18,10.58
375.03,27,10.23,10.17,10.97,10.48,10.56,11.56,8.79,11.28,11.2,10.13,11.2,10.62,11.05,11.61,10.88,10.32,10.18,10.58
376.03,27,10.23,10.17,10.95,10.5,10.56,11.54,8.79,11.26,11.21,10.13,11.2,10.62,11.04,11.6,10.87,10.31,10.18,10.57
377.03,27,10.22,10.15,10.95,10.49,10.56,11.54,8.77,11.26,11.2,10.13,11.2,10.61,11.04,11.6,10.87,10.31,10.17,10.57
378.05,27,10.22,10.15,10.96,10.5,10.54,11.54,8.77,11.26,11.18,10.13,11.18,10.61,11.04,11.58,10.85,10.31,10.17,10.57
379.05,27,10.21,10.16,10.96,10.48,10.54,11.54,8.77,11.25,11.2,10.13,11.2,10.61,11.05,11.58,10.88,10.31,10.18,10.57
380.05,27,10.21,10.13,10.93,10.48,10.53,11.52,8.76,11.25,11.18,10.11,11.17,10.58,11.01,11.56,10.85,10.27,10.16,10.56
381.07,27,10.2,10.13,10.95,10.47,10.53,11.53,8.76,11.24,11.18,10.09,11.16,10.59,11.02,11.56,10.84,10.27,10.15,10.54
382.07,27,10.18,10.13,10.92,10.49,10.52,11.53,8.75,11.24,11.2,10.11,11.17,10.61,11.01,11.56,10.85,10.26,10.16,10.54
383.07,27,10.21,10.15,10.93,10.48,10.53,11.53,8.77,11.24,11.18,10.11,11.17,10.58,11.02,11.57,10.84,10.26,10.16,10.54
384.07,27,10.18,10.12,10.92,10.47,10.52,11.53,8.74,11.21,11.17,10.11,11.16,10.57,11.0,11.54,10.84,10.26,10.13,10.53
385.07,27,10.18,10.12,10.92,10.47,10.5,11.52,8.75,11.21,11.16,10.11,11.14,10.58,11.01,11.56,10.84,10.25,10.15,10.54
386.07,27,10.18,10.11,10.92,10.47,10.5,11.53,8.75,11.22,11.16,10.11,11.16,10.57,10.99,11.53,10.84,10.25,10.15,10.53
387.08,27,10.2,10.13,10.92,10.48,10.52,11.52,8.76,11.22,11.17,10.12,11.16,10.59,11.01,11.56,10.85,10.25,10.15,10.54
388.08,27,10.17,10.12,10.92,10.45,10.5,11.52,8.74,11.21,11.14,10.09,11.14,10.58,11.01,11.54,10.85,10.23,10.15,10.53
389.08,27,10.17,10.09,10.92,10.47,10.49,11.5,8.74,11.21,11.14,10.08,11.14,10.54,10.99,11.53,10.83,10.23,10.12,10.52
390.08,27,10.17,10.08,10.89,10.45,10.49,11.52,8.73,11.21,11.14,10.08,11.13,10.56,10.99,11.52,10.83,10.22,10.13,10.52
391.08,27,10.17,10.09,10.91,10.45,10.47,11.49,8.73,11.18,11.13,10.08,11.12,10.54,10.99,11.5,10.82,10.21,10.12,10.52
392.08,27,10.17,10.08,10.89,10.47,10.49,11.49,8.75,11.2,11.13,10.09,11.13,10.54,11.0,11.52,10.83,10.22,10.12,10.52
393.08,27,10.17,10.07,10.89,10.45,10.47,11.49,8.73,11.17,11.1,10.08,11.1,10.53,10.96,11.5,10.82,10.2,10.11,10.5
394.1,27,10.16,10.07,10.89,10.44,10.47,11.48,8.74,11.17,11.12,10.07,11.12,10.53,10.97,11.5,10.82,10.21,10.12,10.5
395.1,27,10.16,10.06,10.88,10.45,10.45,11.48,8.71,11.17,11.09,10.07,11.09,10.52,10.96,11.5,10.8,10.21,10.12,10.5
396.1,27,10.16,10.04,10.87,10.44,10.45,11.46,8.71,11.16,11.09,10.07,11.09,10.5,10.97,11.49,10.8,10.22,10.11,10.52
397.1,27,10.15,10.04,10.87,10.44,10.45,11.45,8.73,11.14,11.09,10.07,11.09,10.5,10.96,11.49,10.8,10.2,10.11,10.5
398.1,27,10.16,10.06,10.89,10.45,10.44,11.46,8.73,11.14,11.09,10.08,11.09,10.52,10.96,11.49,10.83,10.21,10.12,10.52
399.1,27,10.17,10.04,10.89,10.45,10.44,11.48,8.73,11.16,11.09,10.08,11.09,10.5,10.97,11.48,10.82,10.22,10.11,10.52
400.12,27,10.17,10.04,10.88,10.43,10.44,11.46,8.73,11.14,11.09,10.09,11.09,10.5,10.97,11.49,10.82,10.21,10.12,10.52
401.12,27,10.16,10.03,10.88,10.41,10.43,11.45,8.73,11.14,11.08,10.08,11.08,10.5,10.96,11.48,10.8,10.2,10.09,10.5
402.12,27,10.15,10.02,10.88,10.41,10.43,11.46,8.71,11.13,11.06,10.08,11.08,10.49,10.95,11.46,10.8,10.18,10.09,10.5
403.12,27,10.16,10.03,10.89,10.44,10.43,11.46,8.73,11.12,11.06,10.08,11.06,10.49,10.96,11.48,10.82,10.22,10.11,10.5
404.12,27,10.15,10.03,10.88,10.43,10.41,11.46,8.71,11.12,11.06,10.08,11.06,10.49,10.93,11.48,10.8,10.21,10.09,10.49
405.12,27,10.15,10.02,10.88,10.43,10.4,11.45,8.73,11.1,11.06,10.08,11.05,10.49,10.95,11.46,10.8,10.21,10.09,10.5
406.13,27,10.17,10.01,10.88,10.43,10.41,11.45,8.73,11.13,11.06,10.07,11.08,10.48,10.95,11.48,10.79,10.22,10.09,10.52
407.13,27,10.15,10.01,10.85,10.41,10.41,11.44,8.7,11.1,11.05,10.07,11.05,10.49,10.92,11.45,10.79,10.21,10.08,10.49
408.13,27,10.15,10.01,10.85,10.41,10.41,11.46,8.71,11.09,11.06,10.07,11.05,10.48,10.92,11.46,10.79,10.21,10.09,10.48
409.13,27,10.17,10.01,10.87,10.4,10.41,11.46,8.71,11.12,11.08,10.07,11.05,10.49,10.95,11.48,10.79,10.21,10.11,10.5
410.13,27,10.16,10.01,10.85,10.41,10.43,11.45,8.7,11.1,11.08,10.06,11.06,10.49,10.93,11.48,10.79,10.22,10.09,10.5
411.13,27,10.13,10.01,10.84,10.4,10.41,11.45,8.7,11.12,11.06,10.08,11.05,10.48,10.92,11.45,10.79,10.21,10.09,10.47
412.13,27,10.16,10.02,10.87,10.4,10.41,11.46,8.71,11.12,11.08,10.07,11.06,10.49,10.93,11.46,10.79,10.22,10.09,10.49
413.15,27,10.16,10.02,10.85,10.4,10.43,11.46,8.7,11.13,11.06,10.07,11.06,10.5,10.93,11.48,10.79,10.22,10.09,10.52
414.15,27,10.16,10.02,10.87,10.41,10.44,11.46,8.71,11.12,11.08,10.09,11.08,10.49,10.93,11.46,10.79,10.23,10.08,10.49
415.15,27,10.15,10.01,10.84,10.38,10.41,11.45,8.69,11.1,11.06,10.07,11.06,10.49,10.91,11.46,10.79,10.21,10.08,10.49
416.15,27,10.16,10.02,10.85,10.39,10.44,11.48,8.7,11.12,11.08,10.08,11.06,10.49,10.91,11.45,10.79,10.23,10.08,10.49
417.15,27,10.17,10.03,10.87,10.38,10.44,11.48,8.71,11.13,11.09,10.08,11.08,10.5,10.91,11.48,10.79,10.23,10.09,10.49
418.15,27,10.16,10.03,10.85,10.4,10.45,11.46,8.7,11.13,11.09,10.08,11.08,10.5,10.92,11.48,10.79,10.25,10.09,10.49
419.17,27,10.16,10.03,10.87,10.39,10.44,11.48,8.7,11.13,11.09,10.07,11.06,10.5,10.91,11.46,10.79,10.23,10.09,10.5
420.17,27,10.16,10.04,10.85,10.39,10.47,11.46,8.7,11.16,11.09,10.09,11.08,10.52,10.92,11.48,10.8,10.25,10.09,10.5
421.17,27,10.15,10.02,10.85,10.39,10.44,11.46,8.69,11.12,11.09,10.07,11.09,10.5,10.89,11.48,10.79,10.23,10.08,10.49
422.17,27,10.17,10.06,10.85,10.39,10.47,11.48,8.71,11.16,11.09,10.08,11.1,10.52,10.92,11.48,10.78,10.27,10.08,10.5
423.18,27,10.16,10.03,10.85,10.39,10.45,11.48,8.71,11.16,11.1,10.09,11.09,10.52,10.91,11.49,10.78,10.27,10.11,10.5
424.18,27,10.17,10.04,10.87,10.39,10.47,11.49,8.71,11.16,11.1,10.09,11.12,10.52,10.91,11.5,10.79,10.27,10.08,10.5
425.18,27,10.16,10.04,10.85,10.38,10.47,11.49,8.71,11.16,11.1,10.08,11.1,10.53,10.91,11.49,10.8,10.29,10.09,10.5
426.18,27,10.17,10.06,10.85,10.4,10.48,11.48,8.71,11.17,11.1,10.09,11.1,10.53,10.92,11.49,10.79,10.29,10.11,10.5
427.18,27,10.17,10.06,10.87,10.4,10.47,11.48,8.71,11.18,11.12,10.09,11.1,10.54,10.92,11.49,10.8,10.29,10.09,10.5
428.18,27,10.16,10.06,10.85,10.38,10.47,11.48,8.7,11.16,11.12,10.07,11.12,10.52,10.91,11.49,10.79,10.29,10.08,10.49
429.2,27,10.17,10.07,10.85,10.4,10.48,11.49,8.71,11.18,11.12,10.09,11.1,10.53,10.92,11.52,10.79,10.3,10.11,10.52
430.2,27,10.16,10.07,10.85,10.41,10.47,11.48,8.71,11.2,11.12,10.08,11.1,10.53,10.91,11.49,10.79,10.3,10.09,10.5
431.2,27,10.16,10.06,10.82,10.4,10.47,11.45,8.71,11.18,11.09,10.08,11.1,10.48,10.91,11.5,10.78,10.29,10.09,10.49
432.2,27,10.17,10.08,10.85,10.36,10.48,11.46,8.69,11.17,11.12,10.08,11.1,10.53,10.91,11.5,10.79,10.25,10.08,10.49
433.2,27,10.15,10.06,10.84,10.35,10.47,11.45,8.68,11.16,11.09,10.06,11.08,10.5,10.88,11.49,10.78,10.22,10.08,10.48
434.2,27,10.16,10.06,10.85,10.38,10.47,11.45,8.7,11.17,11.12,10.07,11.08,10.52,10.92,11.49,10.79,10.22,10.07,10.5
435.2,27,10.13,10.06,10.87,10.39,10.47,11.42,8.69,11.18,11.08,10.06,11.08,10.5,10.92,11.49,10.78,10.21,10.07,10.47
436.22,27,10.16,10.06,10.87,10.4,10.47,11.45,8.69,11.18,11.12,10.07,11.1,10.5,10.95,11.49,10.79,10.23,10.09,10.48
437.22,27,10.12,10.04,10.84,10.39,10.44,11.42,8.67,11.17,11.09,10.04,11.08,10.5,10.91,11.48,10.76,10.2,10.07,10.47
438.22,27,10.13,10.04,10.83,10.4,10.45,11.44,8.68,11.18,11.1,10.04,11.08,10.5,10.93,11.49,10.78,10.21,10.08,10.48
439.22,27,10.13,10.04,10.84,10.4,10.44,11.45,8.67,11.17,11.1,10.03,11.08,10.5,10.92,11.46,10.76,10.18,10.08,10.47
440.22,27,10.11,10.02,10.84,10.41,10.45,11.44,8.68,11.17,11.1,10.02,11.08,10.49,10.93,11.46,10.76,10.18,10.07,10.47
441.23,27,10.12,10.03,10.83,10.39,10.45,11.42,8.68,11.16,11.09,10.02,11.06,10.48,10.92,11.46,10.75,10.17,10.06,10.45
442.23,27,10.11,10.02,10.84,10.39,10.44,11.44,8.67,11.16,11.09,10.02,11.05,10.48,10.91,11.45,10.75,10.16,10.06,10.45
443.23,27,10.11,10.03,10.82,10.39,10.41,11.44,8.67,11.16,11.09,10.03,11.06,10.48,10.91,11.44,10.74,10.15,10.04,10.45
444.23,27,10.11,10.02,10.83,10.39,10.41,11.42,8.67,11.16,11.08,10.02,11.05,10.49,10.92,11.45,10.75,10.16,10.04,10.45
445.23,27,10.08,10.01,10.8,10.38,10.4,11.42,8.67,11.13,11.05,10.02,11.05,10.48,10.91,11.42,10.72,10.13,10.03,10.44
446.23,27,10.09,10.02,10.82,10.39,10.41,11.44,8.67,11.14,11.05,10.02,11.06,10.48,10.91,11.44,10.74,10.16,10.04,10.44
447.23,27,10.09,10.02,10.82,10.39,10.41,11.44,8.67,11.13,11.08,10.02,11.04,10.48,10.91,11.44,10.74,10.15,10.04,10.45
448.25,27,10.07,10.01,10.82,10.38,10.41,11.41,8.67,11.14,11.08,10.01,11.05,10.47,10.89,11.42,10.74,10.13,10.04,10.44
449.25,27,10.09,10.01,10.8,10.38,10.41,11.44,8.68,11.13,11.06,10.02,11.05,10.47,10.91,11.44,10.72,10.13,10.04,10.43
450.25,27,10.07,10.01,10.79,10.36,10.4,11.41,8.65,11.12,11.04,10.01,11.04,10.44,10.89,11.41,10.71,10.12,10.03,10.43
451.25,27,10.08,10.01,10.8,10.35,10.39,11.41,8.65,11.12,11.05,10.02,11.05,10.45,10.88,11.4,10.71,10.13,10.03,10.41
452.25,27,10.07,9.97,10.78,10.34,10.38,11.4,8.65,11.12,11.02,10.01,11.01,10.43,10.87,11.4,10.71,10.11,10.03,10.41
453.27,27,10.07,9.97,10.79,10.36,10.36,11.38,8.65,11.1,11.04,9.98,11.02,10.43,10.87,11.37,10.7,10.12,10.02,10.41
454.27,27,10.06,9.97,10.78,10.34,10.38,11.37,8.64,11.09,11.0,9.98,11.0,10.41,10.85,11.38,10.69,10.09,10.02,10.41
455.27,27,10.07,9.97,10.79,10.35,10.38,11.37,8.65,11.09,11.02,9.99,11.01,10.41,10.88,11.4,10.69,10.12,10.02,10.41
456.27,27,10.06,9.96,10.76,10.32,10.36,11.36,8.65,11.08,11.0,9.98,10.99,10.39,10.87,11.36,10.67,10.09,10.01,10.4
457.27,27,10.06,9.96,10.76,10.34,10.35,11.37,8.65,11.08,11.0,9.99,10.99,10.39,10.88,11.37,10.67,10.09,10.01,10.4
458.27,27,10.07,9.96,10.78,10.34,10.36,11.36,8.65,11.06,11.0,9.97,11.0,10.39,10.85,11.37,10.69,10.09,10.01,10.41
459.27,27,10.04,9.93,10.75,10.34,10.35,11.36,8.64,11.06,10.97,9.98,10.97,10.35,10.85,11.34,10.66,10.09,9.99,10.39
460.27,27,10.06,9.94,10.76,10.34,10.35,11.37,8.65,11.06,10.97,9.98,10.97,10.36,10.85,11.36,10.66,10.11,10.01,10.4
461.27,27,10.06,9.93,10.75,10.32,10.34,11.36,8.64,11.05,10.97,9.98,10.96,10.32,10.87,11.34,10.66,10.08,10.01,10.38
462.28,27,10.06,9.92,10.76,10.34,10.34,11.33,8.64,11.05,10.96,9.98,10.97,10.35,10.84,11.33,10.65,10.11,10.01,10.39
463.28,27,10.04,9.92,10.76,10.32,10.32,11.34,8.65,11.04,10.96,9.99,10.95,10.32,10.84,11.34,10.65,10.12,10.01,10.39
464.3,27,10.04,9.91,10.74,10.32,10.3,11.34,8.62,11.02,10.95,9.98,10.95,10.31,10.84,11.32,10.63,10.09,9.99,10.39
465.3,27,10.02,9.91,10.72,10.3,10.32,11.33,8.62,11.01,10.93,9.97,10.93,10.32,10.84,11.3,10.63,10.09,9.98,10.36
466.3,27,10.03,9.89,10.72,10.3,10.3,11.33,8.64,11.01,10.95,9.98,10.93,10.32,10.82,11.33,10.63,10.09,9.98,10.36
467.3,27,10.03,9.89,10.74,10.3,10.31,11.34,8.63,11.01,10.93,9.98,10.93,10.31,10.84,11.32,10.63,10.08,9.99,10.39
468.32,27,10.04,9.91,10.75,10.29,10.31,11.34,8.63,11.02,10.96,9.99,10.95,10.32,10.84,11.33,10.62,10.12,9.99,10.39
469.32,27,10.04,9.91,10.75,10.3,10.32,11.36,8.64,11.02,10.95,9.99,10.93,10.32,10.84,11.32,10.65,10.11,9.99,10.39
470.32,27,10.04,9.89,10.75,10.3,10.32,11.34,8.63,11.01,10.95,9.98,10.93,10.32,10.82,11.32,10.63,10.12,9.98,10.38
471.32,27,10.03,9.89,10.74,10.29,10.31,11.36,8.63,11.01,10.95,9.99,10.93,10.32,10.83,11.32,10.62,10.11,10.01,10.39
472.32,27,10.03,9.88,10.74,10.29,10.3,11.33,8.61,11.01,10.93,9.97,10.93,10.31,10.82,11.3,10.62,10.09,9.99,10.38
473.32,27,10.02,9.89,10.72,10.27,10.31,11.34,8.62,11.0,10.95,9.98,10.93,10.32,10.82,11.32,10.62,10.09,9.98,10.38
474.32,27,10.02,9.88,10.72,10.27,10.31,11.34,8.62,11.02,10.95,9.97,10.93,10.32,10.8,11.33,10.65,10.12,9.98,10.38
475.32,27,10.03,9.91,10.74,10.29,10.31,11.36,8.62,11.01,10.96,9.98,10.95,10.35,10.8,11.32,10.63,10.12,9.99,10.39
476.32,27,10.03,9.89,10.74,10.29,10.31,11.36,8.63,11.01,10.97,9.99,10.95,10.34,10.82,11.34,10.65,10.13,9.99,10.4
477.33,27,10.03,9.91,10.74,10.27,10.32,11.34,8.63,11.01,10.96,9.98,10.93,10.35,10.82,11.33,10.65,10.13,9.99,10.39
478.33,27,10.02,9.91,10.72,10.26,10.32,11.34,8.62,11.01,10.95,9.97,10.96,10.34,10.79,11.32,10.63,10.12,9.99,10.38
479.33,27,10.03,9.91,10.72,10.27,10.32,11.36,8.64,11.02,10.96,9.99,10.96,10.36,10.82,11.34,10.63,10.13,9.98,10.39
480.33,27,10.02,9.91,10.74,10.26,10.32,11.34,8.63,11.01,10.96,9.98,10.96,10.35,10.8,11.33,10.65,10.13,9.99,10.39
481.33,27,10.03,9.92,10.74,10.26,10.34,11.37,8.63,11.02,10.97,9.99,10.96,10.36,10.8,11.33,10.66,10.15,9.98,10.39
482.33,27,10.03,9.92,10.72,10.23,10.32,11.36,8.62,11.02,10.96,9.98,10.96,10.38,10.79,11.33,10.63,10.12,9.98,10.38
483.35,27,10.04,9.92,10.74,10.27,10.35,11.37,8.64,11.04,10.99,9.98,10.97,10.38,10.82,11.36,10.66,10.15,9.98,10.38
484.35,27,10.04,9.94,10.76,10.27,10.35,11.38,8.64,11.06,11.0,10.01,10.97,10.39,10.82,11.37,10.66,10.17,10.01,10.39
485.37,27,10.04,9.94,10.74,10.27,10.36,11.38,8.63,11.06,10.99,10.01,10.99,10.39,10.82,11.36,10.66,10.16,9.99,10.4
486.37,27,10.03,9.93,10.74,10.26,10.36,11.37,8.62,11.05,10.99,9.99,11.0,10.39,10.8,11.36,10.66,10.17,9.99,10.41
487.37,27,10.06,9.94,10.75,10.26,10.36,11.38,8.64,11.06,11.0,9.99,11.0,10.41,10.82,11.38,10.67,10.17,10.01,10.41
488.37,27,10.03,9.94,10.72,10.26,10.35,11.36,8.63,11.06,11.0,9.99,10.97,10.39,10.8,11.37,10.66,10.17,9.99,10.39
489.37,27,10.03,9.93,10.72,10.25,10.36,11.37,8.61,11.06,10.99,9.98,11.0,10.4,10.79,11.37,10.65,10.17,9.99,10.38
490.38,27,10.06,9.94,10.72,10.25,10.36,11.37,8.63,11.05,10.99,9.99,10.99,10.4,10.79,11.38,10.66,10.18,9.99,10.39
491.38,27,10.06,9.94,10.75,10.27,10.36,11.38,8.62,11.08,11.0,9.98,11.0,10.41,10.79,11.38,10.67,10.18,9.99,10.39
492.38,27,10.04,9.94,10.72,10.26,10.36,11.38,8.63,11.05,11.0,9.99,11.0,10.4,10.8,11.38,10.66,10.18,10.01,10.39
493.4,27,10.03,9.94,10.74,10.27,10.36,11.37,8.61,11.08,11.0,9.99,11.0,10.41,10.82,11.38,10.66,10.21,9.99,10.4
494.4,27,10.02,9.92,10.7,10.23,10.34,11.32,8.59,11.05,10.97,9.97,10.99,10.35,10.79,11.37,10.62,10.18,9.98,10.35
495.4,27,10.03,9.94,10.72,10.22,10.36,11.34,8.59,11.08,10.99,9.98,10.99,10.39,10.78,11.37,10.66,10.17,9.99,10.39
496.4,27,10.03,9.96,10.75,10.23,10.36,11.36,8.59,11.06,10.99,9.98,10.99,10.4,10.78,11.37,10.66,10.12,9.98,10.39
497.4,27,10.04,9.97,10.76,10.27,10.39,11.34,8.61,11.08,11.0,9.98,10.99,10.4,10.8,11.38,10.69,10.15,10.01,10.39
498.42,27,10.02,9.96,10.75,10.29,10.36,11.36,8.61,11.09,10.99,9.97,10.99,10.41,10.82,11.38,10.67,10.15,9.99,10.4
499.42,27,10.04,9.94,10.74,10.3,10.36,11.33,8.61,11.06,11.0,9.97,11.0,10.4,10.82,11.37,10.65,10.12,9.98,10.38
500.42,27,10.02,9.93,10.74,10.29,10.35,11.33,8.59,11.06,10.99,9.96,10.99,10.38,10.82,11.37,10.65,10.11,9.97,10.36
501.43,27,10.06,9.96,10.76,10.31,10.38,11.36,8.61,11.09,11.02,9.97,11.0,10.4,10.85,11.4,10.66,10.12,9.99,10.38
502.43,27,10.03,9.92,10.75,10.27,10.36,11.34,8.59,11.09,10.99,9.96,10.97,10.39,10.82,11.37,10.65,10.12,9.97,10.38
503.43,27,10.02,9.93,10.74,10.29,10.35,11.36,8.59,11.08,10.99,9.94,10.99,10.38,10.83,11.37,10.65,10.11,9.98,10.36
504.43,27,10.02,9.92,10.74,10.3,10.35,11.34,8.59,11.08,11.0,9.96,10.97,10.38,10.84,11.37,10.66,10.11,9.97,10.38
505.43,27,10.03,9.92,10.74,10.3,10.32,11.34,8.59,11.05,10.99,9.94,10.97,10.38,10.83,11.36,10.65,10.07,9.96,10.36
506.43,27,10.02,9.92,10.72,10.29,10.34,11.33,8.59,11.06,10.97,9.94,10.97,10.38,10.83,11.36,10.63,10.07,9.97,10.36
507.45,27,10.01,9.92,10.72,10.29,10.32,11.33,8.59,11.05,10.96,9.92,10.97,10.36,10.8,11.34,10.63,10.08,9.94,10.35
508.45,27,9.99,9.91,10.71,10.27,10.32,11.32,8.58,11.05,10.97,9.93,10.95,10.36,10.82,11.32,10.63,10.07,9.96,10.35
509.45,27,9.99,9.91,10.71,10.27,10.31,11.32,8.59,11.05,10.95,9.93,10.97,10.35,10.82,11.32,10.63,10.06,9.96,10.35
510.47,27,9.98,9.91,10.7,10.27,10.31,11.33,8.57,11.05,10.96,9.92,10.96,10.35,10.8,11.32,10.63,10.03,9.94,10.32
511.47,27,9.99,9.89,10.69,10.26,10.3,11.32,8.57,11.02,10.97,9.91,10.95,10.35,10.8,11.32,10.63,10.06,9.93,10.35
512.47,27,9.98,9.89,10.7,10.26,10.3,11.3,8.58,11.04,10.96,9.92,10.93,10.34,10.8,11.32,10.62,10.06,9.94,10.34
513.47,27,9.97,9.88,10.7,10.26,10.31,11.3,8.57,11.02,10.96,9.92,10.95,10.34,10.78,11.29,10.62,10.03,9.94,10.34
514.47,27,9.97,9.88,10.69,10.25,10.3,11.3,8.57,11.01,10.95,9.89,10.93,10.32,10.79,11.29,10.59,10.03,9.93,10.34
515.47,27,9.96,9.88,10.67,10.26,10.3,11.29,8.57,11.01,10.93,9.89,10.93,10.32,10.79,11.29,10.59,10.02,9.93,10.32
516.48,27,9.97,9.88,10.69,10.26,10.31,11.3,8.57,11.02,10.93,9.92,10.92,10.32,10.79,11.3,10.61,10.03,9.93,10.34
517.48,27,9.97,9.87,10.67,10.25,10.29,11.28,8.57,11.0,10.92,9.91,10.92,10.31,10.78,11.29,10.58,10.03,9.93,10.32
518.48,27,9.94,9.84,10.65,10.23,10.26,11.28,8.57,11.0,10.91,9.89,10.91,10.3,10.75,11.26,10.57,10.01,9.92,10.31
519.48,27,9.96,9.83,10.65,10.23,10.26,11.26,8.57,10.99,10.91,9.89,10.89,10.29,10.76,11.25,10.57,10.02,9.92,10.3
520.48,27,9.96,9.86,10.66,10.22,10.27,11.28,8.57,10.99,10.89,9.91,10.91,10.29,10.78,11.28,10.57,10.03,9.91,10.31
521.48,27,9.94,9.84,10.67,10.23,10.26,11.25,8.57,10.99,10.88,9.89,10.89,10.26,10.78,11.26,10.56,10.03,9.92,10.3
522.48,27,9.94,9.82,10.63,10.22,10.25,11.25,8.56,10.97,10.87,9.88,10.88,10.25,10.75,11.25,10.54,9.99,9.91,10.29
523.5,27,9.93,9.82,10.63,10.23,10.25,11.24,8.56,10.96,10.87,9.89,10.88,10.23,10.76,11.24,10.54,10.02,9.91,10.27
524.5,27,9.93,9.82,10.63,10.22,10.25,11.25,8.56,10.97,10.87,9.88,10.87,10.22,10.76,11.24,10.54,10.01,9.91,10.3
525.5,27,9.94,9.83,10.65,10.23,10.25,11.25,8.57,10.97,10.87,9.88,10.88,10.23,10.76,11.24,10.54,10.02,9.92,10.3
526.5,27,9.92,9.82,10.62,10.2,10.23,11.24,8.56,10.96,10.85,9.89,10.85,10.21,10.75,11.24,10.53,10.02,9.91,10.3
527.5,27,9.93,9.8,10.63,10.2,10.22,11.25,8.56,10.95,10.84,9.89,10.87,10.23,10.75,11.24,10.53,10.02,9.91,10.27
528.5,27,9.92,9.8,10.61,10.2,10.22,11.24,8.57,10.95,10.85,9.89,10.84,10.22,10.75,11.22,10.53,10.01,9.89,10.26
529.5,27,9.91,9.78,10.62,10.2,10.21,11.21,8.53,10.91,10.83,9.86,10.84,10.2,10.71,11.21,10.5,10.01,9.88,10.26
530.52,27,9.91,9.79,10.62,10.18,10.22,11.22,8.56,10.93,10.83,9.89,10.84,10.21,10.76,11.21,10.53,10.03,9.91,10.27
531.52,27,9.92,9.79,10.63,10.21,10.21,11.24,8.55,10.91,10.84,9.87,10.83,10.2,10.74,11.21,10.52,10.02,9.91,10.27
532.52,27,9.93,9.79,10.61,10.2,10.21,11.25,8.57,10.92,10.84,9.89,10.84,10.22,10.75,11.22,10.53,10.02,9.91,10.29
533.52,27,9.91,9.78,10.59,10.18,10.2,11.22,8.55,10.91,10.83,9.88,10.82,10.2,10.72,11.21,10.52,10.02,9.89,10.29
534.53,27,9.91,9.78,10.62,10.18,10.2,11.22,8.56,10.92,10.84,9.89,10.84,10.22,10.74,11.22,10.53,10.03,9.89,10.27
535.53,27,9.92,9.78,10.61,10.18,10.2,11.25,8.56,10.93,10.83,9.89,10.83,10.22,10.74,11.22,10.52,10.03,9.89,10.29
536.53,27,9.91,9.75,10.61,10.18,10.21,11.24,8.56,10.91,10.84,9.88,10.84,10.21,10.72,11.21,10.52,10.02,9.91,10.29
537.55,27,9.92,9.79,10.62,10.17,10.22,11.24,8.56,10.92,10.85,9.88,10.84,10.23,10.75,11.24,10.54,10.04,9.91,10.29
538.55,27,9.91,9.77,10.59,10.17,10.2,11.24,8.53,10.91,10.85,9.87,10.83,10.21,10.72,11.2,10.5,10.02,9.88,10.29
539.55,27,9.89,9.77,10.59,10.16,10.21,11.24,8.55,10.91,10.84,9.89,10.83,10.23,10.71,11.21,10.52,10.03,9.88,10.27
540.55,27,9.91,9.77,10.61,10.17,10.21,11.25,8.55,10.91,10.85,9.88,10.84,10.23,10.71,11.22,10.53,10.04,9.89,10.29
541.55,27,9.91,9.77,10.61,10.15,10.22,11.25,8.55,10.92,10.84,9.88,10.83,10.23,10.71,11.21,10.53,10.04,9.89,10.29
542.55,27,9.91,9.79,10.58,10.15,10.21,11.24,8.55,10.92,10.84,9.88,10.83,10.25,10.72,11.24,10.53,10.03,9.89,10.29
543.57,27,9.92,9.78,10.61,10.16,10.22,11.25,8.55,10.93,10.88,9.89,10.85,10.26,10.71,11.22,10.53,10.06,9.89,10.29
544.57,27,9.91,9.79,10.61,10.15,10.22,11.25,8.56,10.93,10.85,9.91,10.85,10.25,10.72,11.24,10.53,10.06,9.89,10.27
545.57,27,9.91,9.79,10.61,10.15,10.22,11.26,8.53,10.93,10.87,9.89,10.85,10.26,10.71,11.25,10.53,10.06,9.89,10.29
546.57,27,9.91,9.78,10.59,10.12,10.22,11.25,8.55,10.92,10.85,9.88,10.84,10.25,10.7,11.22,10.52,10.06,9.89,10.27
547.58,27,9.92,9.79,10.61,10.13,10.23,11.26,8.55,10.93,10.87,9.88,10.85,10.27,10.71,11.26,10.53,10.07,9.89,10.27
548.58,27,9.92,9.79,10.59,10.16,10.25,11.24,8.55,10.93,10.88,9.89,10.87,10.26,10.71,11.24,10.54,10.07,9.88,10.3
549.58,27,9.92,9.79,10.61,10.15,10.23,11.26,8.56,10.93,10.87,9.91,10.87,10.29,10.72,11.26,10.53,10.06,9.91,10.29
550.58,27,9.92,9.82,10.61,10.15,10.26,11.26,8.55,10.96,10.88,9.89,10.88,10.27,10.71,11.26,10.53,10.09,9.89,10.3
551.58,27,9.94,9.82,10.62,10.16,10.26,11.29,8.55,10.96,10.89,9.91,10.89,10.3,10.74,11.29,10.56,10.08,9.91,10.3
552.58,27,9.94,9.82,10.59,10.16,10.25,11.26,8.55,10.96,10.89,9.91,10.88,10.3,10.74,11.28,10.56,10.09,9.89,10.29
553.58,27,9.93,9.82,10.61,10.17,10.27,11.26,8.53,10.97,10.87,9.89,10.88,10.31,10.72,11.26,10.56,10.09,9.92,10.29
554.6,27,9.94,9.82,10.61,10.16,10.27,11.28,8.53,10.97,10.88,9.89,10.88,10.3,10.72,11.28,10.56,10.08,9.91,10.29
555.6,27,9.92,9.79,10.58,10.15,10.26,11.22,8.52,10.96,10.87,9.89,10.88,10.25,10.71,11.28,10.53,10.09,9.89,10.27
556.6,27,9.91,9.82,10.61,10.12,10.25,11.24,8.52,10.95,10.88,9.87,10.88,10.26,10.7,11.28,10.52,10.07,9.88,10.29
557.6,27,9.91,9.83,10.63,10.15,10.29,11.25,8.51,10.96,10.89,9.88,10.88,10.3,10.7,11.28,10.56,10.04,9.88,10.29
558.6,27,9.91,9.83,10.65,10.16,10.27,11.25,8.51,10.95,10.87,9.87,10.87,10.27,10.72,11.25,10.53,10.04,9.88,10.29
559.6,27,9.92,9.84,10.65,10.18,10.27,11.25,8.53,10.97,10.89,9.87,10.88,10.29,10.75,11.29,10.57,10.06,9.91,10.29
560.6,27,9.94,9.84,10.66,10.2,10.26,11.26,8.52,11.0,10.89,9.88,10.91,10.29,10.75,11.28,10.57,10.06,9.91,10.29
561.6,27,9.93,9.84,10.63,10.2,10.27,11.25,8.52,10.99,10.91,9.87,10.91,10.29,10.74,11.29,10.57,10.04,9.91,10.29
562.6,27,9.93,9.86,10.66,10.2,10.26,11.24,8.53,10.99,10.88,9.87,10.91,10.3,10.75,11.26,10.57,10.03,9.89,10.31
563.62,27,9.92,9.82,10.65,10.2,10.25,11.24,8.52,10.99,10.89,9.87,10.88,10.29,10.74,11.26,10.56,10.02,9.89,10.27
564.62,27,9.92,9.82,10.63,10.2,10.26,11.25,8.53,10.99,10.88,9.87,10.89,10.27,10.74,11.26,10.56,10.01,9.89,10.3
565.62,27,9.91,9.82,10.63,10.18,10.25,11.22,8.51,10.96,10.89,9.86,10.88,10.26,10.74,11.25,10.53,9.99,9.87,10.27
566.62,27,9.91,9.82,10.62,10.18,10.23,11.24,8.51,10.96,10.88,9.84,10.87,10.27,10.72,11.25,10.52,9.99,9.87,10.26
567.62,27,9.89,9.82,10.62,10.18,10.25,11.22,8.51,10.96,10.87,9.84,10.88,10.25,10.72,11.25,10.53,9.98,9.87,10.29
568.62,27,9.91,9.79,10.61,10.2,10.23,11.24,8.51,10.97,10.87,9.86,10.88,10.26,10.74,11.25,10.53,9.98,9.86,10.26
569.63,27,9.91,9.82,10.62,10.2,10.23,11.24,8.52,10.97,10.89,9.84,10.87,10.25,10.74,11.25,10.54,9.98,9.87,10.25
570.63,27,9.88,9.82,10.61,10.17,10.22,11.22,8.51,10.95,10.88,9.83,10.88,10.25,10.72,11.22,10.53,9.98,9.87,10.25
571.63,27,9.89,9.8,10.61,10.2,10.22,11.24,8.52,10.95,10.85,9.84,10.88,10.26,10.72,11.22,10.53,9.97,9.87,10.25
572.65,27,9.89,9.79,10.61,10.2,10.22,11.24,8.51,10.95,10.85,9.84,10.88,10.23,10.72,11.24,10.53,9.97,9.84,10.23
573.65,27,9.88,9.8,10.58,10.18,10.21,11.22,8.52,10.93,10.87,9.83,10.87,10.25,10.72,11.22,10.53,9.97,9.86,10.25
574.65,27,9.87,9.78,10.59,10.17,10.2,11.2,8.5,10.92,10.83,9.83,10.84,10.22,10.7,11.21,10.5,9.93,9.83,10.23
575.65,27,9.87,9.78,10.58,10.16,10.2,11.2,8.5,10.92,10.83,9.8,10.85,10.23,10.7,11.21,10.5,9.94,9.84,10.22
576.65,27,9.86,9.77,10.57,10.15,10.18,11.18,8.49,10.93,10.83,9.8,10.83,10.2,10.7,11.18,10.49,9.92,9.82,10.23
577.65,27,9.86,9.77,10.57,10.16,10.18,11.2,8.5,10.92,10.83,9.8,10.84,10.2,10.7,11.18,10.49,9.94,9.83,10.22
578.67,27,9.86,9.75,10.57,10.16,10.18,11.17,8.51,10.91,10.82,9.79,10.83,10.2,10.67,11.17,10.47,9.93,9.83,10.22
579.67,27,9.86,9.74,10.57,10.15,10.17,11.18,8.5,10.89,10.8,9.79,10.83,10.17,10.69,11.17,10.48,9.93,9.82,10.21
580.67,27,9.84,9.74,10.57,10.15,10.18,11.17,8.5,10.89,10.8,9.8,10.83,10.17,10.69,11.17,10.48,9.92,9.83,10.22
581.67,27,9.84,9.73,10.54,10.13,10.17,11.14,8.49,10.88,10.79,9.8,10.8,10.16,10.69,11.16,10.45,9.93,9.83,10.21
582.67,27,9.84,9.74,10.56,10.12,10.17,11.16,8.49,10.89,10.79,9.78,10.83,10.15,10.67,11.17,10.45,9.93,9.83,10.2
583.68,27,9.84,9.75,10.56,10.13,10.17,11.17,8.5,10.89,10.78,9.79,10.82,10.16,10.69,11.17,10.45,9.94,9.83,10.2
584.68,27,9.82,9.72,10.53,10.12,10.15,11.13,8.49,10.85,10.76,9.78,10.8,10.12,10.65,11.13,10.44,9.92,9.82,10.18
585.68,27,9.83,9.72,10.53,10.12,10.13,11.14,8.49,10.88,10.74,9.78,10.79,10.11,10.67,11.13,10.43,9.93,9.83,10.18
586.68,27,9.8,9.69,10.53,10.09,10.12,11.13,8.47,10.84,10.75,9.77,10.78,10.11,10.66,11.12,10.43,9.92,9.79,10.18
587.7,27,9.8,9.69,10.52,10.09,10.13,11.12,8.49,10.84,10.74,9.77,10.78,10.13,10.66,11.12,10.41,9.92,9.82,10.18
588.7,27,9.82,9.69,10.52,10.09,10.12,11.12,8.47,10.84,10.74,9.77,10.76,10.12,10.65,11.1,10.41,9.93,9.8,10.17
589.7,27,9.82,9.69,10.5,10.12,10.12,11.12,8.47,10.83,10.72,9.77,10.76,10.13,10.66,11.12,10.41,9.93,9.8,10.17
590.7,27,9.8,9.69,10.5,10.09,10.11,11.12,8.47,10.83,10.74,9.77,10.76,10.15,10.65,11.12,10.41,9.92,9.82,10.17
591.72,27,9.8,9.68,10.5,10.12,10.11,11.14,8.49,10.85,10.74,9.75,10.76,10.16,10.66,11.12,10.43,9.94,9.79,10.18
592.72,27,9.8,9.68,10.49,10.09,10.11,11.12,8.49,10.82,10.71,9.75,10.75,10.15,10.65,11.12,10.4,9.93,9.79,10.17
593.72,27,9.8,9.67,10.5,10.07,10.09,11.13,8.47,10.82,10.72,9.75,10.75,10.16,10.65,11.1,10.4,9.93,9.8,10.18
594.72,27,9.79,9.67,10.49,10.07,10.09,11.12,8.47,10.82,10.71,9.74,10.75,10.15,10.63,11.1,10.4,9.92,9.79,10.17
595.72,27,9.79,9.65,10.49,10.07,10.09,11.13,8.47,10.8,10.72,9.74,10.75,10.15,10.63,11.1,10.4,9.93,9.8,10.17
596.72,27,9.79,9.65,10.49,10.07,10.08,11.13,8.47,10.82,10.72,9.75,10.74,10.17,10.65,11.13,10.4,9.96,9.8,10.18
597.73,27,9.8,9.67,10.5,10.08,10.09,11.14,8.49,10.8,10.74,9.75,10.75,10.18,10.63,11.12,10.41,9.94,9.82,10.18
598.73,27,9.79,9.67,10.47,10.06,10.09,11.12,8.46,10.82,10.72,9.74,10.74,10.17,10.63,11.1,10.4,9.93,9.79,10.18
599.73,27,9.8,9.65,10.49,10.07,10.11,11.14,8.49,10.82,10.75,9.75,10.74,10.18,10.63,11.12,10.39,9.94,9.79,10.17
600.75,27,9.8,9.64,10.48,10.04,10.09,11.13,8.47,10.82,10.74,9.74,10.75,10.18,10.62,11.12,10.4,9.94,9.8,10.2
601.75,27,9.8,9.65,10.48,10.06,10.09,11.13,8.47,10.8,10.75,9.73,10.74,10.16,10.62,11.1,10.4,9.94,9.79,10.18
602.75,27,9.8,9.65,10.49,10.04,10.11,11.14,8.47,10.82,10.75,9.72,10.74,10.18,10.63,11.12,10.4,9.94,9.8,10.18
603.75,27,9.79,9.65,10.47,10.04,10.09,11.1,8.47,10.79,10.74,9.72,10.72,10.17,10.61,11.1,10.39,9.94,9.78,10.17
604.77,27,9.8,9.67,10.47,10.02,10.11,11.13,8.46,10.8,10.74,9.73,10.74,10.2,10.63,11.12,10.41,9.94,9.79,10.17
605.77,27,9.82,9.65,10.5,10.03,10.11,11.14,8.47,10.82,10.75,9.74,10.75,10.21,10.63,11.13,10.43,9.97,9.8,10.2
606.77,27,9.82,9.68,10.5,10.06,10.12,11.16,8.49,10.83,10.78,9.74,10.76,10.21,10.66,11.13,10.45,9.98,9.82,10.2
607.77,27,9.83,9.68,10.49,10.06,10.12,11.17,8.47,10.83,10.78,9.73,10.75,10.21,10.65,11.13,10.43,9.98,9.8,10.2
608.77,27,9.83,9.67,10.49,10.04,10.12,11.16,8.49,10.83,10.76,9.73,10.75,10.22,10.65,11.14,10.44,9.98,9.79,10.18
609.78,27,9.82,9.68,10.48,10.03,10.12,11.14,8.46,10.82,10.75,9.73,10.74,10.21,10.65,11.13,10.43,9.97,9.79,10.18
610.78,27,9.82,9.68,10.49,10.04,10.13,11.16,8.46,10.84,10.76,9.73,10.75,10.21,10.65,11.14,10.4,9.99,9.79,10.18
611.78,27,9.83,9.69,10.48,10.03,10.12,11.17,8.46,10.83,10.78,9.75,10.76,10.22,10.65,11.14,10.41,9.99,9.8,10.18
612.78,27,9.83,9.69,10.48,10.03,10.12,11.13,8.47,10.83,10.76,9.73,10.75,10.22,10.63,11.14,10.43,9.99,9.8,10.18
613.78,27,9.86,9.7,10.5,10.07,10.15,11.16,8.49,10.87,10.79,9.77,10.78,10.23,10.66,11.17,10.44,10.01,9.8,10.2
614.8,27,9.83,9.7,10.49,10.06,10.15,11.17,8.47,10.84,10.79,9.75,10.76,10.23,10.66,11.16,10.43,10.01,9.8,10.2
615.8,27,9.83,9.7,10.47,10.06,10.15,11.14,8.47,10.85,10.76,9.75,10.75,10.21,10.65,11.16,10.44,10.01,9.79,10.17
616.8,27,9.82,9.69,10.47,10.03,10.13,11.13,8.46,10.85,10.75,9.74,10.76,10.21,10.65,11.17,10.41,10.01,9.78,10.16
617.8,27,9.78,9.7,10.5,10.01,10.15,11.14,8.44,10.84,10.78,9.72,10.74,10.21,10.62,11.14,10.43,9.96,9.78,10.17
618.8,27,9.8,9.73,10.53,10.04,10.17,11.14,8.45,10.84,10.79,9.74,10.76,10.22,10.63,11.14,10.45,9.96,9.78,10.2
619.8,27,9.83,9.74,10.54,10.07,10.18,11.14,8.47,10.87,10.79,9.75,10.79,10.25,10.66,11.18,10.47,9.97,9.8,10.2
620.8,27,9.83,9.73,10.53,10.09,10.17,11.13,8.45,10.88,10.79,9.74,10.79,10.22,10.66,11.17,10.45,9.96,9.8,10.2
621.82,27,9.83,9.74,10.56,10.09,10.17,11.14,8.46,10.89,10.8,9.77,10.8,10.23,10.66,11.18,10.47,9.97,9.79,10.2
622.82,27,9.83,9.74,10.54,10.11,10.18,11.14,8.46,10.87,10.79,9.75,10.8,10.22,10.66,11.18,10.45,9.96,9.79,10.2
623.82,27,9.83,9.72,10.54,10.11,10.17,11.16,8.44,10.88,10.8,9.75,10.8,10.22,10.66,11.18,10.45,9.94,9.79,10.2
624.82,27,9.83,9.72,10.56,10.11,10.16,11.14,8.45,10.88,10.79,9.75,10.8,10.22,10.66,11.16,10.47,9.94,9.8,10.2
625.82,27,9.83,9.72,10.56,10.11,10.16,11.14,8.46,10.88,10.78,9.77,10.8,10.22,10.66,11.17,10.45,9.93,9.79,10.2
626.83,27,9.82,9.7,10.54,10.08,10.13,11.13,8.45,10.85,10.76,9.75,10.79,10.2,10.66,11.13,10.43,9.92,9.78,10.18
627.83,27,9.8,9.69,10.53,10.09,10.15,11.12,8.43,10.85,10.78,9.73,10.78,10.2,10.65,11.14,10.43,9.91,9.77,10.17
628.83,27,9.82,9.7,10.52,10.08,10.15,11.13,8.44,10.85,10.79,9.75,10.79,10.21,10.65,11.14,10.44,9.92,9.77,10.17
629.83,27,9.8,9.7,10.54,10.09,10.15,11.13,8.45,10.87,10.78,9.75,10.82,10.21,10.66,11.14,10.44,9.92,9.79,10.17
630.85,27,9.79,9.69,10.53,10.09,10.12,11.13,8.44,10.85,10.76,9.74,10.79,10.18,10.63,11.14,10.43,9.91,9.75,10.17
631.85,27,9.8,9.69,10.53,10.09,10.13,11.13,8.45,10.87,10.78,9.73,10.78,10.2,10.65,11.14,10.44,9.91,9.77,10.16
632.85,27,9.79,9.7,10.52,10.09,10.12,11.12,8.45,10.85,10.76,9.75,10.8,10.2,10.65,11.13,10.43,9.89,9.78,10.17
633.85,27,9.79,9.69,10.5,10.08,10.12,11.12,8.45,10.84,10.75,9.74,10.78,10.18,10.63,11.12,10.41,9.89,9.75,10.16
634.85,27,9.79,9.68,10.52,10.08,10.12,11.13,8.44,10.84,10.75,9.73,10.76,10.17,10.63,11.12,10.41,9.89,9.77,10.16
635.85,27,9.78,9.68,10.49,10.06,10.11,11.1,8.43,10.83,10.75,9.73,10.76,10.16,10.63,11.1,10.4,9.87,9.75,10.15
636.85,27,9.75,9.67,10.48,10.06,10.09,11.08,8.44,10.83,10.72,9.73,10.75,10.16,10.61,11.09,10.38,9.87,9.74,10.15
637.87,27,9.75,9.65,10.47,10.06,10.09,11.09,8.44,10.83,10.72,9.7,10.74,10.13,10.61,11.08,10.38,9.88,9.74,10.12
638.87,27,9.77,9.67,10.48,10.06,10.08,11.1,8.45,10.83,10.72,9.72,10.75,10.15,10.62,11.08,10.4,9.88,9.75,10.13
639.87,27,9.74,9.64,10.45,10.03,10.09,11.06,8.43,10.8,10.7,9.7,10.74,10.15,10.58,11.08,10.36,9.86,9.74,10.11
640.87,27,9.75,9.63,10.45,10.06,10.06,11.06,8.43,10.82,10.69,9.69,10.72,10.12,10.59,11.06,10.35,9.87,9.73,10.12
641.87,27,9.75,9.63,10.45,10.04,10.08,11.08,8.44,10.82,10.71,9.72,10.72,10.12,10.61,11.06,10.38,9.88,9.74,10.12
642.87,27,9.75,9.64,10.45,10.04,10.08,11.08,8.45,10.8,10.7,9.7,10.74,10.09,10.59,11.05,10.36,9.87,9.75,10.13
643.87,27,9.74,9.63,10.44,10.04,10.06,11.05,8.43,10.79,10.67,9.69,10.72,10.09,10.61,11.06,10.35,9.87,9.74,10.11
644.87,27,9.73,9.61,10.43,10.03,10.06,11.04,8.42,10.76,10.65,9.69,10.71,10.08,10.58,11.02,10.32,9.87,9.72,10.09
645.88,27,9.74,9.61,10.43,10.03,10.04,11.05,8.42,10.76,10.65,9.67,10.7,10.08,10.59,11.04,10.31,9.87,9.72,10.11
646.88,27,9.73,9.59,10.43,10.02,10.04,11.04,8.43,10.76,10.63,9.68,10.69,10.07,10.58,11.04,10.31,9.86,9.73,10.09
647.88,27,9.72,9.59,10.41,10.02,10.03,11.02,8.42,10.75,10.62,9.64,10.69,10.04,10.57,11.01,10.31,9.87,9.7,10.09
648.88,27,9.72,9.59,10.41,10.02,10.03,11.04,8.43,10.75,10.63,9.69,10.7,10.06,10.58,11.04,10.32,9.87,9.74,10.09
649.88,27,9.73,9.59,10.4,10.02,10.03,11.04,8.44,10.75,10.65,9.68,10.7,10.06,10.58,11.04,10.31,9.88,9.72,10.09
650.88,27,9.72,9.56,10.39,10.01,10.01,11.04,8.42,10.74,10.63,9.65,10.69,10.04,10.57,11.02,10.31,9.87,9.72,10.11
651.9,27,9.72,9.57,10.4,10.01,9.99,11.02,8.43,10.74,10.63,9.67,10.67,10.06,10.57,11.04,10.3,9.87,9.72,10.08
652.9,27,9.72,9.58,10.41,10.02,10.01,11.02,8.43,10.74,10.62,9.65,10.69,10.07,10.57,11.01,10.31,9.87,9.73,10.09
653.92,27,9.7,9.57,10.4,9.99,10.01,11.01,8.42,10.72,10.63,9.67,10.66,10.06,10.57,11.02,10.31,9.87,9.73,10.08
654.92,27,9.72,9.56,10.39,9.98,10.01,11.05,8.42,10.72,10.65,9.65,10.69,10.06,10.57,11.01,10.31,9.87,9.73,10.11
655.92,27,9.72,9.56,10.39,9.98,9.99,11.04,8.42,10.74,10.65,9.64,10.66,10.06,10.57,11.01,10.3,9.88,9.72,10.11
656.93,27,9.7,9.56,10.38,9.98,9.99,11.02,8.4,10.71,10.62,9.65,10.65,10.06,10.56,11.01,10.3,9.87,9.72,10.09
657.93,27,9.73,9.57,10.39,9.98,10.01,11.04,8.4,10.72,10.63,9.65,10.67,10.06,10.56,11.04,10.31,9.87,9.72,10.08
658.93,27,9.72,9.56,10.39,9.98,10.01,11.04,8.42,10.7,10.62,9.64,10.66,10.06,10.56,11.01,10.31,9.87,9.7,10.09
659.93,27,9.72,9.54,10.4,9.97,10.01,11.04,8.42,10.71,10.63,9.65,10.66,10.07,10.57,11.02,10.3,9.87,9.72,10.09
660.93,27,9.72,9.57,10.39,9.98,10.01,11.04,8.42,10.71,10.65,9.65,10.66,10.07,10.57,11.02,10.3,9.88,9.72,10.11
661.95,27,9.73,9.57,10.39,9.98,10.02,11.05,8.42,10.72,10.63,9.64,10.66,10.08,10.56,11.02,10.31,9.88,9.73,10.09
662.95,27,9.72,9.57,10.38,9.96,9.99,11.04,8.4,10.72,10.63,9.63,10.65,10.07,10.54,11.02,10.3,9.89,9.72,10.09
663.95,27,9.73,9.57,10.38,9.96,10.01,11.04,8.42,10.72,10.65,9.64,10.65,10.08,10.56,11.04,10.31,9.88,9.7,10.09
664.95,27,9.73,9.57,10.39,9.97,10.03,11.06,8.42,10.75,10.66,9.64,10.66,10.09,10.57,11.05,10.32,9.89,9.73,10.11
665.95,27,9.72,9.54,10.38,9.93,10.02,11.04,8.39,10.72,10.65,9.63,10.65,10.08,10.56,11.04,10.31,9.89,9.7,10.08
666.97,27,9.72,9.57,10.38,9.94,10.03,11.05,8.39,10.72,10.65,9.63,10.65,10.09,10.54,11.02,10.32,9.88,9.72,10.09
667.97,27,9.74,9.58,10.39,9.97,10.03,11.06,8.4,10.74,10.67,9.65,10.66,10.11,10.58,11.06,10.32,9.91,9.72,10.11
668.97,27,9.74,9.59,10.39,9.97,10.04,11.06,8.42,10.74,10.67,9.64,10.66,10.09,10.57,11.05,10.32,9.91,9.72,10.11
669.97,27,9.74,9.58,10.38,9.97,10.06,11.08,8.4,10.75,10.69,9.64,10.67,10.12,10.57,11.06,10.34,9.92,9.73,10.11
670.97,27,9.74,9.59,10.39,9.96,10.06,11.06,8.4,10.75,10.69,9.65,10.66,10.12,10.57,11.06,10.34,9.92,9.73,10.11
671.97,27,9.73,9.58,10.38,9.97,10.04,11.08,8.4,10.76,10.67,9.65,10.66,10.12,10.57,11.06,10.34,9.92,9.72,10.11
672.98,27,9.75,9.62,10.4,9.96,10.06,11.08,8.39,10.76,10.69,9.67,10.69,10.13,10.58,11.08,10.35,9.93,9.74,10.12
673.98,27,9.74,9.61,10.39,9.96,10.06,11.06,8.38,10.75,10.67,9.65,10.67,10.12,10.57,11.08,10.34,9.93,9.73,10.11
674.98,27,9.74,9.61,10.38,9.94,10.03,11.02,8.39,10.78,10.65,9.65,10.67,10.09,10.57,11.08,10.32,9.93,9.72,10.09
675.98,27,9.72,9.61,10.41,9.92,10.07,11.04,8.37,10.75,10.69,9.63,10.65,10.12,10.54,11.06,10.34,9.89,9.7,10.11
676.98,27,9.73,9.62,10.44,9.94,10.08,11.06,8.37,10.75,10.69,9.64,10.66,10.12,10.54,11.06,10.34,9.87,9.68,10.11
677.98,27,9.75,9.64,10.47,9.99,10.08,11.06,8.39,10.78,10.7,9.68,10.71,10.13,10.57,11.09,10.38,9.88,9.72,10.11
678.98,27,9.75,9.64,10.45,10.02,10.09,11.05,8.38,10.78,10.7,9.68,10.7,10.15,10.57,11.09,10.38,9.87,9.72,10.11
679.98,27,9.75,9.64,10.45,10.02,10.08,11.05,8.38,10.79,10.7,9.69,10.71,10.13,10.59,11.09,10.36,9.88,9.73,10.09
681.0,27,9.74,9.64,10.47,10.02,10.09,11.05,8.38,10.79,10.67,9.68,10.72,10.12,10.59,11.08,10.38,9.87,9.7,10.11
682.0,27,9.74,9.62,10.44,10.01,10.08,11.06,8.38,10.79,10.71,9.67,10.72,10.13,10.58,11.09,10.36,9.88,9.69,10.08
683.0,27,9.73,9.63,10.44,10.01,10.06,11.04,8.37,10.78,10.69,9.67,10.72,10.11,10.57,11.06,10.35,9.86,9.7,10.08
684.0,27,9.73,9.62,10.44,10.01,10.07,11.06,8.39,10.79,10.69,9.68,10.72,10.12,10.58,11.08,10.36,9.86,9.69,10.09
685.02,27,9.74,9.63,10.45,10.03,10.06,11.06,8.39,10.79,10.7,9.69,10.72,10.12,10.58,11.08,10.38,9.86,9.7,10.09
686.02,27,9.73,9.62,10.44,10.03,10.07,11.06,8.37,10.79,10.7,9.68,10.72,10.13,10.57,11.06,10.35,9.83,9.69,10.08
687.03,27,9.73,9.62,10.44,10.01,10.06,11.06,8.38,10.78,10.69,9.67,10.71,10.11,10.57,11.06,10.35,9.84,9.69,10.08
688.03,27,9.72,9.62,10.43,10.01,10.04,11.05,8.38,10.78,10.69,9.65,10.71,10.09,10.56,11.04,10.32,9.82,9.68,10.08
689.03,27,9.72,9.61,10.43,9.99,10.04,11.04,8.38,10.76,10.67,9.67,10.71,10.09,10.56,11.02,10.34,9.83,9.69,10.08
690.03,27,9.7,9.59,10.43,9.99,10.03,11.04,8.38,10.75,10.67,9.67,10.7,10.08,10.54,11.02,10.3,9.82,9.68,10.07
691.03,27,9.69,9.59,10.43,9.99,10.02,11.01,8.37,10.75,10.65,9.63,10.69,10.08,10.54,11.02,10.31,9.8,9.68,10.07
692.05,27,9.69,9.61,10.41,9.99,10.03,11.04,8.37,10.76,10.69,9.67,10.69,10.08,10.54,11.02,10.32,9.82,9.68,10.07
693.05,27,9.69,9.58,10.39,9.98,10.02,11.01,8.37,10.75,10.66,9.63,10.69,10.06,10.54,11.01,10.3,9.8,9.68,10.06
694.07,27,9.68,9.57,10.39,9.98,10.02,11.01,8.34,10.74,10.65,9.64,10.67,10.04,10.53,11.01,10.29,9.79,9.67,10.04
695.07,27,9.7,9.58,10.4,9.99,10.02,11.01,8.37,10.75,10.63,9.64,10.67,10.07,10.54,11.0,10.31,9.8,9.68,10.06
696.07,27,9.69,9.57,10.38,9.98,10.01,11.01,8.37,10.74,10.65,9.64,10.67,10.04,10.52,11.01,10.29,9.82,9.68,10.06
697.08,27,9.68,9.56,10.38,9.98,10.01,11.01,8.37,10.74,10.62,9.64,10.66,10.04,10.54,10.99,10.29,9.78,9.67,10.03
698.08,27,9.65,9.54,10.36,9.96,9.98,10.99,8.36,10.71,10.58,9.62,10.66,10.02,10.52,10.97,10.26,9.79,9.65,10.03
699.08,27,9.65,9.53,10.36,9.96,9.99,10.97,8.36,10.71,10.59,9.62,10.63,10.02,10.52,10.97,10.26,9.78,9.65,10.02
700.1,27,9.65,9.53,10.35,9.96,9.98,10.96,8.36,10.7,10.57,9.63,10.65,10.01,10.52,10.97,10.26,9.8,9.65,10.03
701.1,27,9.67,9.54,10.35,9.94,9.99,10.97,8.36,10.71,10.58,9.64,10.65,10.02,10.52,10.97,10.25,9.8,9.65,10.03
702.1,27,9.67,9.52,10.35,9.94,9.97,10.97,8.37,10.69,10.57,9.62,10.63,9.99,10.5,10.96,10.25,9.79,9.67,10.02
703.1,27,9.65,9.51,10.34,9.93,9.97,10.96,8.36,10.69,10.54,9.61,10.62,9.98,10.5,10.95,10.23,9.78,9.65,10.01
704.1,27,9.65,9.51,10.32,9.93,9.97,10.96,8.36,10.67,10.54,9.61,10.62,9.98,10.5,10.95,10.23,9.79,9.64,10.01
705.1,27,9.65,9.48,10.32,9.93,9.94,10.95,8.36,10.66,10.54,9.61,10.62,9.97,10.5,10.93,10.22,9.79,9.65,10.01
706.1,27,9.63,9.48,10.32,9.92,9.93,10.95,8.36,10.67,10.52,9.59,10.61,9.97,10.48,10.93,10.22,9.77,9.63,10.01
707.12,27,9.63,9.48,10.31,9.92,9.93,10.95,8.36,10.66,10.53,9.61,10.58,9.97,10.48,10.93,10.22,9.78,9.63,9.99
708.12,27,9.64,9.48,10.31,9.94,9.93,10.95,8.36,10.66,10.54,9.61,10.61,9.97,10.48,10.92,10.22,9.79,9.64,10.01
709.12,27,9.64,9.49,10.31,9.93,9.94,10.95,8.37,10.66,10.53,9.59,10.61,9.97,10.49,10.95,10.22,9.8,9.65,10.02
710.12,27,9.63,9.47,10.31,9.92,9.92,10.95,8.36,10.65,10.52,9.59,10.59,9.97,10.49,10.93,10.22,9.79,9.63,10.02
711.12,27,9.63,9.48,10.3,9.91,9.93,10.95,8.36,10.63,10.56,9.58,10.59,9.97,10.49,10.92,10.22,9.8,9.63,10.02
712.13,27,9.63,9.47,10.29,9.91,9.92,10.95,8.36,10.65,10.54,9.58,10.57,9.96,10.48,10.93,10.21,9.79,9.64,9.99
713.13,27,9.63,9.46,10.3,9.89,9.91,10.93,8.36,10.63,10.53,9.58,10.57,9.94,10.48,10.92,10.2,9.79,9.63,10.01
714.13,27,9.62,9.46,10.3,9.89,9.89,10.93,8.36,10.63,10.53,9.57,10.57,9.96,10.48,10.92,10.2,9.78,9.63,10.01
715.13,27,9.62,9.44,10.29,9.89,9.89,10.95,8.36,10.63,10.52,9.56,10.57,9.97,10.48,10.92,10.21,9.79,9.63,10.01
716.15,27,9.62,9.46,10.3,9.89,9.91,10.96,8.36,10.63,10.53,9.57,10.57,9.98,10.48,10.93,10.21,9.79,9.64,10.01
717.15,27,9.63,9.46,10.3,9.89,9.92,10.95,8.36,10.65,10.54,9.57,10.57,9.98,10.48,10.93,10.21,9.8,9.64,10.02
718.17,27,9.64,9.46,10.3,9.88,9.92,10.95,8.36,10.62,10.54,9.57,10.58,9.97,10.48,10.92,10.22,9.8,9.63,10.01
719.17,27,9.64,9.47,10.3,9.88,9.92,10.95,8.36,10.62,10.53,9.56,10.58,9.98,10.47,10.93,10.21,9.8,9.63,10.01
720.17,27,9.63,9.44,10.29,9.87,9.92,10.95,8.36,10.63,10.54,9.56,10.56,9.99,10.47,10.93,10.22,9.8,9.63,9.99
721.17,27,9.64,9.47,10.31,9.88,9.92,10.96,8.36,10.63,10.54,9.57,10.57,9.98,10.49,10.93,10.22,9.82,9.64,10.01
722.17,27,9.63,9.47,10.29,9.86,9.91,10.93,8.34,10.63,10.54,9.56,10.56,10.01,10.47,10.95,10.21,9.8,9.62,10.01
723.18,27,9.64,9.47,10.3,9.86,9.92,10.96,8.33,10.65,10.56,9.56,10.57,9.99,10.47,10.95,10.22,9.82,9.64,10.01
724.18,27,9.64,9.47,10.29,9.87,9.93,10.96,8.34,10.65,10.57,9.56,10.56,9.99,10.48,10.96,10.23,9.8,9.63,9.99
725.18,27,9.65,9.48,10.31,9.88,9.94,10.96,8.36,10.66,10.57,9.57,10.57,10.02,10.48,10.96,10.23,9.82,9.64,10.01
726.18,27,9.65,9.47,10.29,9.88,9.94,10.96,8.34,10.66,10.57,9.57,10.57,10.02,10.48,10.96,10.23,9.82,9.63,10.02
727.18,27,9.65,9.48,10.29,9.88,9.94,10.96,8.34,10.65,10.58,9.57,10.58,10.01,10.48,10.96,10.23,9.82,9.63,10.02
728.18,27,9.65,9.49,10.29,9.86,9.93,10.96,8.34,10.67,10.57,9.57,10.56,10.01,10.48,10.97,10.23,9.83,9.63,10.01
729.2,27,9.65,9.48,10.3,9.88,9.96,10.95,8.34,10.66,10.56,9.57,10.58,9.99,10.48,10.97,10.22,9.84,9.63,10.01
730.2,27,9.62,9.52,10.34,9.84,9.97,10.96,8.33,10.63,10.59,9.54,10.57,10.01,10.45,10.95,10.23,9.79,9.61,10.02
731.2,27,9.63,9.53,10.35,9.87,9.99,10.97,8.33,10.65,10.61,9.57,10.58,10.03,10.48,10.96,10.26,9.78,9.63,10.03
732.2,27,9.64,9.53,10.38,9.91,10.01,10.97,8.33,10.67,10.61,9.58,10.62,10.04,10.49,10.97,10.26,9.82,9.64,10.02
733.2,27,9.65,9.56,10.38,9.92,10.01,10.97,8.34,10.7,10.62,9.61,10.63,10.03,10.5,11.0,10.29,9.8,9.65,10.02
734.22,27,9.68,9.56,10.38,9.94,10.01,10.97,8.34,10.72,10.62,9.61,10.65,10.06,10.5,11.01,10.27,9.82,9.65,10.03
735.22,27,9.67,9.56,10.38,9.94,10.01,11.0,8.34,10.71,10.61,9.62,10.66,10.04,10.52,11.01,10.29,9.79,9.64,10.03
736.22,27,9.67,9.54,10.38,9.93,9.99,11.0,8.33,10.71,10.61,9.62,10.65,10.03,10.5,11.0,10.27,9.79,9.64,10.01
737.22,27,9.67,9.54,10.38,9.93,10.01,10.99,8.33,10.71,10.62,9.61,10.65,10.03,10.5,11.0,10.27,9.79,9.64,10.03
738.23,27,9.67,9.54,10.35,9.93,9.99,10.99,8.32,10.71,10.61,9.61,10.65,10.03,10.5,10.99,10.27,9.78,9.62,10.02
739.23,27,9.65,9.53,10.36,9.96,9.99,10.99,8.33,10.72,10.62,9.61,10.65,10.04,10.52,10.99,10.26,9.78,9.63,10.02
740.23,27,9.64,9.52,10.35,9.92,9.98,10.96,8.31,10.69,10.59,9.58,10.62,10.01,10.48,10.97,10.25,9.77,9.62,10.01
741.23,27,9.64,9.52,10.36,9.93,9.97,10.96,8.31,10.69,10.61,9.58,10.63,10.01,10.49,10.96,10.25,9.74,9.61,9.99
742.23,27,9.63,9.52,10.35,9.92,9.97,10.96,8.32,10.69,10.58,9.59,10.62,10.01,10.48,10.96,10.25,9.75,9.59,10.01
743.25,27,9.64,9.51,10.35,9.91,9.96,10.95,8.32,10.69,10.58,9.59,10.61,9.99,10.48,10.95,10.25,9.74,9.62,9.98
744.25,27,9.62,9.49,10.32,9.92,9.93,10.95,8.31,10.66,10.58,9.57,10.62,9.98,10.48,10.93,10.23,9.73,9.61,9.98
745.25,27,9.62,9.52,10.34,9.92,9.96,10.95,8.31,10.67,10.56,9.58,10.61,9.99,10.47,10.93,10.25,9.73,9.61,9.98
746.25,27,9.62,9.51,10.31,9.91,9.94,10.95,8.3,10.66,10.57,9.57,10.61,9.99,10.48,10.93,10.22,9.73,9.59,9.99
747.25,27,9.62,9.49,10.32,9.92,9.94,10.95,8.31,10.66,10.54,9.58,10.61,9.97,10.47,10.92,10.22,9.73,9.59,9.97
748.27,27,9.61,9.48,10.3,9.89,9.93,10.95,8.3,10.65,10.56,9.56,10.58,9.98,10.47,10.93,10.21,9.7,9.59,9.97
749.27,27,9.61,9.48,10.31,9.89,9.93,10.92,8.31,10.65,10.54,9.56,10.59,9.96,10.47,10.92,10.21,9.72,9.61,9.96
750.27,27,9.61,9.47,10.29,9.89,9.93,10.93,8.31,10.65,10.54,9.56,10.58,9.96,10.47,10.91,10.2,9.7,9.59,9.96
751.27,27,9.59,9.46,10.3,9.88,9.92,10.92,8.31,10.63,10.53,9.54,10.59,9.94,10.44,10.89,10.2,9.7,9.57,9.94
752.27,27,9.59,9.46,10.27,9.88,9.91,10.89,8.3,10.63,10.52,9.54,10.57,9.92,10.41,10.89,10.18,9.7,9.58,9.94
753.27,27,9.59,9.44,10.26,9.88,9.91,10.89,8.3,10.62,10.5,9.54,10.56,9.93,10.44,10.88,10.17,9.69,9.58,9.94
754.27,27,9.58,9.44,10.26,9.88,9.89,10.89,8.28,10.62,10.5,9.54,10.56,9.92,10.44,10.89,10.17,9.7,9.57,9.94
755.28,27,9.56,9.43,10.26,9.87,9.88,10.85,8.3,10.62,10.49,9.53,10.56,9.92,10.43,10.87,10.17,9.69,9.57,9.92
756.28,27,9.58,9.43,10.23,9.86,9.89,10.87,8.3,10.59,10.49,9.53,10.53,9.89,10.43,10.88,10.15,9.69,9.56,9.94
757.28,27,9.57,9.42,10.23,9.87,9.88,10.87,8.31,10.59,10.48,9.53,10.54,9.88,10.44,10.85,10.15,9.7,9.56,9.92
758.28,27,9.58,9.42,10.25,9.87,9.87,10.87,8.3,10.59,10.48,9.54,10.54,9.91,10.43,10.87,10.15,9.7,9.57,9.93
759.3,27,9.57,9.41,10.23,9.83,9.87,10.85,8.28,10.57,10.45,9.51,10.53,9.88,10.43,10.85,10.12,9.7,9.56,9.92
760.3,27,9.56,9.39,10.21,9.84,9.86,10.83,8.3,10.57,10.44,9.51,10.53,9.87,10.41,10.85,10.12,9.69,9.56,9.92
761.3,27,9.54,9.38,10.2,9.84,9.84,10.84,8.28,10.56,10.43,9.51,10.5,9.86,10.4,10.84,10.12,9.7,9.56,9.91
762.3,27,9.54,9.38,10.22,9.82,9.84,10.84,8.28,10.56,10.43,9.51,10.5,9.86,10.4,10.84,10.12,9.69,9.56,9.91
763.3,27,9.53,9.37,10.22,9.83,9.84,10.83,8.3,10.57,10.43,9.52,10.5,9.87,10.41,10.84,10.12,9.69,9.57,9.92
764.3,27,9.53,9.36,10.21,9.8,9.83,10.83,8.26,10.53,10.4,9.48,10.49,9.86,10.39,10.82,10.09,9.69,9.54,9.89
765.3,27,9.54,9.37,10.21,9.82,9.83,10.83,8.28,10.56,10.43,9.49,10.5,9.86,10.39,10.83,10.11,9.69,9.56,9.91
766.3,27,9.53,9.37,10.21,9.82,9.83,10.84,8.28,10.53,10.44,9.48,10.5,9.86,10.39,10.84,10.11,9.69,9.54,9.92
767.3,27,9.56,9.36,10.2,9.83,9.83,10.85,8.3,10.56,10.44,9.49,10.49,9.87,10.4,10.85,10.12,9.7,9.56,9.92
768.3,27,9.54,9.36,10.2,9.79,9.82,10.84,8.3,10.53,10.44,9.47,10.49,9.86,10.39,10.83,10.11,9.7,9.54,9.92
769.32,27,9.54,9.36,10.2,9.8,9.83,10.84,8.28,10.54,10.44,9.48,10.49,9.88,10.39,10.85,10.12,9.7,9.56,9.92
770.32,27,9.53,9.36,10.2,9.78,9.82,10.84,8.28,10.53,10.44,9.49,10.48,9.88,10.4,10.84,10.11,9.7,9.54,9.92
771.32,27,9.53,9.36,10.21,9.79,9.82,10.85,8.28,10.54,10.44,9.48,10.48,9.88,10.39,10.84,10.11,9.7,9.54,9.92
772.33,27,9.53,9.36,10.2,9.78,9.82,10.85,8.27,10.53,10.47,9.47,10.47,9.87,10.39,10.83,10.11,9.72,9.54,9.91
773.33,27,9.54,9.36,10.2,9.78,9.83,10.84,8.28,10.53,10.45,9.46,10.48,9.89,10.39,10.83,10.12,9.7,9.53,9.91
774.33,27,9.54,9.36,10.2,9.78,9.83,10.85,8.28,10.53,10.45,9.47,10.47,9.89,10.38,10.85,10.11,9.7,9.54,9.91
775.33,27,9.56,9.36,10.18,9.79,9.84,10.85,8.27,10.54,10.45,9.47,10.48,9.89,10.38,10.85,10.13,9.73,9.54,9.92
776.35,27,9.56,9.37,10.2,9.79,9.84,10.85,8.28,10.54,10.47,9.47,10.48,9.91,10.38,10.85,10.12,9.72,9.54,9.92
777.35,27,9.54,9.36,10.2,9.78,9.83,10.85,8.27,10.53,10.45,9.46,10.47,9.89,10.38,10.84,10.11,9.7,9.54,9.91
778.35,27,9.57,9.37,10.21,9.78,9.86,10.87,8.27,10.54,10.45,9.47,10.47,9.89,10.38,10.85,10.12,9.72,9.54,9.93
779.35,27,9.56,9.37,10.2,9.78,9.86,10.87,8.27,10.56,10.45,9.47,10.48,9.92,10.38,10.87,10.15,9.73,9.56,9.91
780.37,27,9.58,9.38,10.21,9.79,9.88,10.88,8.3,10.57,10.49,9.47,10.49,9.92,10.4,10.87,10.15,9.75,9.56,9.92
781.37,27,9.57,9.38,10.21,9.78,9.86,10.88,8.28,10.56,10.49,9.47,10.48,9.92,10.39,10.87,10.12,9.74,9.54,9.93
782.37,27,9.57,9.38,10.21,9.79,9.87,10.88,8.28,10.56,10.48,9.48,10.49,9.93,10.4,10.87,10.15,9.73,9.56,9.93
783.37,27,9.57,9.38,10.2,9.78,9.87,10.88,8.26,10.57,10.48,9.48,10.48,9.91,10.38,10.87,10.13,9.73,9.54,9.92
784.37,27,9.54,9.38,10.2,9.77,9.86,10.85,8.27,10.57,10.45,9.47,10.48,9.87,10.4,10.87,10.11,9.74,9.54,9.91
785.37,27,9.53,9.42,10.25,9.74,9.88,10.88,8.24,10.54,10.5,9.44,10.48,9.92,10.36,10.85,10.15,9.7,9.53,9.94
786.38,27,9.54,9.44,10.26,9.78,9.91,10.87,8.25,10.54,10.49,9.48,10.49,9.94,10.4,10.88,10.18,9.72,9.54,9.93
787.38,27,9.57,9.46,10.27,9.8,9.91,10.88,8.26,10.58,10.52,9.51,10.54,9.93,10.41,10.89,10.18,9.72,9.54,9.94
788.38,27,9.58,9.46,10.27,9.82,9.93,10.89,8.26,10.61,10.53,9.52,10.57,9.94,10.43,10.92,10.2,9.72,9.57,9.94
789.38,27,9.58,9.44,10.29,9.86,9.92,10.89,8.27,10.62,10.52,9.52,10.57,9.93,10.44,10.93,10.18,9.72,9.57,9.96
790.38,27,9.59,9.46,10.27,9.86,9.93,10.91,8.26,10.63,10.53,9.53,10.57,9.94,10.43,10.92,10.18,9.72,9.57,9.94
791.4,27,9.57,9.44,10.27,9.84,9.89,10.89,8.25,10.63,10.5,9.49,10.56,9.93,10.41,10.89,10.16,9.68,9.54,9.93
792.4,27,9.58,9.44,10.29,9.84,9.91,10.89,8.27,10.61,10.53,9.52,10.57,9.94,10.41,10.91,10.17,9.7,9.57,9.94
793.4,27,9.57,9.44,10.26,9.84,9.89,10.89,8.26,10.62,10.52,9.52,10.56,9.93,10.41,10.89,10.17,9.68,9.53,9.91
794.4,27,9.58,9.43,10.26,9.83,9.91,10.89,8.26,10.61,10.52,9.52,10.54,9.92,10.43,10.87,10.16,9.67,9.54,9.93
795.4,27,9.57,9.42,10.27,9.84,9.88,10.88,8.25,10.59,10.52,9.52,10.54,9.92,10.4,10.87,10.17,9.67,9.53,9.91
796.4,27,9.56,9.42,10.26,9.84,9.88,10.88,8.25,10.61,10.49,9.51,10.56,9.92,10.4,10.88,10.16,9.67,9.54,9.92
797.4,27,9.56,9.42,10.25,9.83,9.88,10.88,8.26,10.59,10.5,9.51,10.53,9.92,10.4,10.88,10.16,9.65,9.54,9.91
798.42,27,9.54,9.41,10.23,9.83,9.88,10.87,8.25,10.59,10.49,9.51,10.54,9.92,10.39,10.85,10.16,9.64,9.53,9.91
799.42,27,9.53,9.39,10.23,9.83,9.88,10.84,8.24,10.58,10.49,9.48,10.53,9.91,10.38,10.84,10.15,9.65,9.52,9.89
800.43,27,9.53,9.41,10.22,9.82,9.86,10.85,8.25,10.57,10.48,9.48,10.52,9.89,10.39,10.85,10.12,9.62,9.51,9.89
801.43,27,9.52,9.39,10.22,9.8,9.84,10.85,8.25,10.57,10.48,9.48,10.52,9.89,10.38,10.84,10.12,9.62,9.52,9.88
802.45,27,9.52,9.39,10.23,9.82,9.84,10.84,8.25,10.54,10.47,9.48,10.49,9.87,10.39,10.83,10.12,9.63,9.49,9.87
803.45,27,9.51,9.37,10.2,9.8,9.82,10.84,8.24,10.56,10.45,9.48,10.5,9.86,10.38,10.82,10.12,9.62,9.49,9.88
804.45,27,9.51,9.38,10.21,9.82,9.82,10.83,8.24,10.56,10.43,9.46,10.49,9.87,10.38,10.8,10.11,9.61,9.49,9.87
805.45,27,9.51,9.37,10.2,9.8,9.84,10.83,8.25,10.56,10.45,9.47,10.49,9.88,10.38,10.8,10.09,9.62,9.52,9.87
806.45,27,9.49,9.36,10.18,9.79,9.8,10.82,8.23,10.54,10.44,9.46,10.49,9.87,10.36,10.82,10.07,9.62,9.49,9.86
807.45,27,9.49,9.36,10.17,9.79,9.8,10.82,8.24,10.54,10.41,9.44,10.48,9.84,10.35,10.79,10.08,9.59,9.48,9.86
808.45,27,9.49,9.35,10.16,9.79,9.8,10.8,8.24,10.52,10.39,9.43,10.47,9.82,10.35,10.79,10.06,9.61,9.48,9.84
809.45,27,9.48,9.33,10.16,9.78,9.79,10.78,8.23,10.5,10.38,9.42,10.47,9.8,10.34,10.78,10.06,9.61,9.48,9.83
810.47,27,9.47,9.32,10.16,9.77,9.78,10.78,8.23,10.49,10.38,9.42,10.47,9.8,10.34,10.76,10.04,9.61,9.47,9.83
811.47,27,9.47,9.32,10.13,9.75,9.78,10.78,8.23,10.5,10.38,9.44,10.45,9.79,10.32,10.76,10.04,9.61,9.47,9.83
812.47,27,9.47,9.31,10.15,9.77,9.78,10.75,8.24,10.49,10.35,9.43,10.44,9.78,10.32,10.75,10.03,9.59,9.47,9.83
813.47,27,9.48,9.31,10.15,9.75,9.77,10.76,8.24,10.49,10.36,9.44,10.44,9.78,10.34,10.76,10.04,9.62,9.48,9.82
814.47,27,9.47,9.31,10.15,9.75,9.77,10.76,8.24,10.48,10.36,9.43,10.44,9.78,10.32,10.76,10.02,9.61,9.46,9.83
815.47,27,9.48,9.3,10.12,9.75,9.75,10.76,8.25,10.48,10.35,9.43,10.44,9.78,10.32,10.75,10.02,9.61,9.48,9.83
816.48,27,9.46,9.27,10.12,9.74,9.74,10.75,8.21,10.47,10.34,9.42,10.43,9.77,10.32,10.74,10.02,9.61,9.46,9.82
817.48,27,9.46,9.27,10.12,9.74,9.74,10.75,8.24,10.47,10.34,9.42,10.41,9.77,10.32,10.74,10.02,9.61,9.47,9.82
818.48,27,9.47,9.27,10.13,9.74,9.74,10.76,8.25,10.48,10.35,9.43,10.43,9.78,10.34,10.76,10.03,9.62,9.48,9.84
819.48,27,9.46,9.26,10.11,9.73,9.73,10.74,8.21,10.45,10.31,9.39,10.4,9.75,10.31,10.72,10.02,9.59,9.47,9.82
820.48,27,9.44,9.26,10.11,9.72,9.73,10.74,8.23,10.44,10.32,9.41,10.4,9.75,10.3,10.74,10.02,9.61,9.44,9.82
821.48,27,9.44,9.26,10.11,9.7,9.72,10.75,8.23,10.44,10.32,9.41,10.41,9.77,10.31,10.75,10.01,9.59,9.47,9.82
822.48,27,9.44,9.26,10.11,9.72,9.72,10.74,8.23,10.44,10.34,9.38,10.39,9.77,10.3,10.74,10.01,9.61,9.47,9.82
823.48,27,9.43,9.23,10.09,9.69,9.7,10.74,8.2,10.43,10.32,9.38,10.38,9.75,10.29,10.7,9.99,9.59,9.44,9.79
824.48,27,9.43,9.25,10.11,9.69,9.7,10.74,8.23,10.44,10.32,9.37,10.39,9.75,10.3,10.72,10.01,9.61,9.46,9.82
825.5,27,9.44,9.23,10.11,9.7,9.69,10.75,8.23,10.44,10.34,9.38,10.39,9.78,10.3,10.74,10.01,9.59,9.46,9.83
826.5,27,9.46,9.26,10.11,9.69,9.7,10.75,8.21,10.44,10.32,9.37,10.39,9.77,10.3,10.74,10.02,9.59,9.44,9.82
827.5,27,9.44,9.25,10.09,9.69,9.7,10.76,8.23,10.44,10.34,9.37,10.39,9.78,10.3,10.72,10.01,9.61,9.46,9.82
828.5,27,9.46,9.25,10.11,9.69,9.7,10.74,8.21,10.44,10.34,9.38,10.39,9.78,10.3,10.72,9.99,9.61,9.46,9.8
829.5,27,9.46,9.25,10.09,9.69,9.7,10.74,8.2,10.43,10.34,9.38,10.38,9.79,10.29,10.72,9.99,9.61,9.43,9.8
830.5,27,9.46,9.26,10.09,9.68,9.72,10.75,8.21,10.44,10.36,9.37,10.39,9.79,10.3,10.74,10.02,9.61,9.46,9.82
831.5,27,9.44,9.23,10.07,9.68,9.69,10.75,8.2,10.43,10.34,9.36,10.36,9.78,10.27,10.72,10.01,9.61,9.43,9.8
832.5,27,9.46,9.26,10.11,9.68,9.72,10.76,8.21,10.45,10.38,9.37,10.39,9.79,10.3,10.75,10.02,9.62,9.46,9.83
833.5,27,9.46,9.26,10.09,9.68,9.7,10.78,8.21,10.45,10.38,9.38,10.36,9.79,10.29,10.74,10.03,9.62,9.46,9.8
834.5,27,9.47,9.27,10.11,9.69,9.73,10.79,8.21,10.45,10.38,9.39,10.39,9.8,10.3,10.75,10.04,9.62,9.46,9.83
835.5,27,9.48,9.27,10.12,9.69,9.73,10.78,8.2,10.47,10.38,9.38,10.39,9.82,10.31,10.76,10.03,9.64,9.44,9.84
836.52,27,9.48,9.28,10.12,9.69,9.74,10.79,8.21,10.48,10.36,9.39,10.4,9.84,10.31,10.78,10.04,9.64,9.46,9.83
837.52,27,9.48,9.28,10.11,9.69,9.74,10.78,8.21,10.47,10.38,9.39,10.39,9.83,10.3,10.76,10.03,9.64,9.46,9.83
838.52,27,9.48,9.28,10.12,9.7,9.75,10.8,8.21,10.49,10.39,9.41,10.4,9.84,10.32,10.79,10.04,9.65,9.47,9.83
839.52,27,9.49,9.3,10.12,9.69,9.75,10.79,8.23,10.48,10.4,9.39,10.4,9.83,10.31,10.78,10.06,9.65,9.47,9.83
840.52,27,9.47,9.28,10.11,9.69,9.73,10.79,8.21,10.47,10.39,9.41,10.4,9.83,10.31,10.79,10.03,9.65,9.46,9.82
841.53,27,9.48,9.28,10.08,9.7,9.74,10.75,8.21,10.49,10.36,9.42,10.39,9.8,10.31,10.78,10.02,9.65,9.46,9.82
842.53,27,9.46,9.3,10.13,9.68,9.74,10.78,8.2,10.48,10.39,9.38,10.38,9.82,10.3,10.78,10.03,9.64,9.46,9.83
843.53,27,9.46,9.33,10.16,9.65,9.78,10.78,8.2,10.44,10.41,9.36,10.39,9.84,10.29,10.78,10.04,9.61,9.44,9.84
844.53,27,9.48,9.36,10.2,9.7,9.82,10.79,8.2,10.49,10.43,9.42,10.43,9.87,10.32,10.8,10.08,9.62,9.46,9.86
845.53,27,9.49,9.36,10.21,9.74,9.82,10.79,8.21,10.5,10.44,9.42,10.45,9.86,10.34,10.82,10.08,9.63,9.47,9.86
846.53,27,9.49,9.33,10.2,9.74,9.82,10.8,8.2,10.53,10.43,9.42,10.47,9.84,10.34,10.82,10.08,9.64,9.47,9.84
847.53,27,9.49,9.33,10.17,9.74,9.82,10.78,8.2,10.52,10.41,9.43,10.47,9.83,10.34,10.8,10.06,9.63,9.47,9.83
848.53,27,9.49,9.35,10.2,9.75,9.82,10.8,8.2,10.53,10.44,9.44,10.47,9.83,10.35,10.83,10.08,9.62,9.47,9.84
849.53,27,9.49,9.35,10.18,9.77,9.82,10.8,8.21,10.53,10.43,9.44,10.47,9.84,10.35,10.82,10.08,9.62,9.48,9.86
850.53,27,9.49,9.33,10.18,9.77,9.79,10.79,8.2,10.53,10.43,9.44,10.47,9.83,10.35,10.8,10.07,9.62,9.47,9.83
851.55,27,9.48,9.32,10.18,9.74,9.79,10.8,8.2,10.53,10.41,9.43,10.47,9.84,10.34,10.8,10.07,9.59,9.46,9.83
852.55,27,9.47,9.32,10.16,9.77,9.8,10.79,8.19,10.5,10.41,9.42,10.47,9.84,10.32,10.78,10.07,9.59,9.46,9.8
853.55,27,9.47,9.32,10.16,9.75,9.79,10.78,8.19,10.52,10.41,9.42,10.47,9.83,10.35,10.78,10.06,9.59,9.46,9.82
854.55,27,9.46,9.32,10.16,9.74,9.78,10.79,8.19,10.5,10.41,9.42,10.45,9.82,10.31,10.78,10.07,9.59,9.46,9.82
855.55,27,9.47,9.32,10.17,9.74,9.79,10.78,8.2,10.52,10.41,9.43,10.45,9.83,10.32,10.78,10.06,9.58,9.44,9.82
856.55,27,9.46,9.31,10.17,9.73,9.78,10.79,8.18,10.49,10.4,9.42,10.45,9.82,10.31,10.76,10.06,9.57,9.44,9.8
857.57,27,9.44,9.31,10.16,9.74,9.77,10.78,8.19,10.49,10.39,9.41,10.44,9.8,10.3,10.76,10.04,9.57,9.43,9.8
858.57,27,9.46,9.31,10.16,9.73,9.77,10.76,8.19,10.48,10.39,9.42,10.44,9.8,10.32,10.75,10.03,9.57,9.44,9.79
859.57,27,9.44,9.3,10.13,9.73,9.75,10.76,8.19,10.49,10.35,9.41,10.43,9.8,10.31,10.75,10.03,9.56,9.43,9.79
860.57,27,9.44,9.27,10.13,9.74,9.75,10.75,8.19,10.47,10.36,9.41,10.41,9.77,10.29,10.74,10.03,9.57,9.43,9.8
861.57,27,9.44,9.28,10.11,9.73,9.74,10.74,8.19,10.48,10.36,9.39,10.41,9.78,10.3,10.74,10.02,9.54,9.42,9.79
862.57,27,9.43,9.27,10.13,9.73,9.73,10.75,8.18,10.47,10.35,9.41,10.43,9.78,10.3,10.72,10.01,9.56,9.42,9.8
863.57,27,9.43,9.26,10.11,9.72,9.72,10.74,8.18,10.47,10.34,9.39,10.4,9.77,10.29,10.72,9.99,9.56,9.41,9.78
864.57,27,9.42,9.25,10.09,9.7,9.72,10.7,8.18,10.45,10.32,9.38,10.4,9.74,10.29,10.71,9.97,9.56,9.42,9.78
865.57,27,9.42,9.26,10.11,9.69,9.7,10.7,8.19,10.45,10.31,9.38,10.4,9.74,10.27,10.71,9.99,9.56,9.42,9.78
866.57,27,9.42,9.25,10.08,9.7,9.69,10.7,8.17,10.43,10.31,9.38,10.39,9.73,10.29,10.71,9.97,9.54,9.41,9.75
867.58,27,9.41,9.21,10.07,9.7,9.69,10.67,8.18,10.43,10.27,9.36,10.38,9.73,10.27,10.69,9.97,9.56,9.41,9.75
868.58,27,9.39,9.23,10.06,9.68,9.68,10.69,8.18,10.43,10.27,9.38,10.38,9.7,10.27,10.69,9.96,9.54,9.39,9.74
869.58,27,9.38,9.22,10.06,9.68,9.67,10.69,8.18,10.43,10.26,9.37,10.38,9.7,10.25,10.66,9.94,9.53,9.41,9.74
870.58,27,9.39,9.2,10.06,9.67,9.65,10.67,8.18,10.4,10.26,9.36,10.35,9.67,10.25,10.66,9.93,9.53,9.39,9.73
871.58,27,9.39,9.2,10.04,9.69,9.65,10.69,8.18,10.41,10.26,9.37,10.36,9.7,10.27,10.67,9.94,9.53,9.39,9.74
872.58,27,9.37,9.19,10.04,9.67,9.65,10.67,8.18,10.39,10.25,9.37,10.35,9.69,10.25,10.66,9.93,9.53,9.39,9.75
873.6,27,9.38,9.19,10.04,9.67,9.64,10.66,8.18,10.38,10.25,9.35,10.32,9.68,10.25,10.65,9.93,9.54,9.39,9.73
874.6,27,9.37,9.17,10.02,9.67,9.64,10.65,8.18,10.38,10.22,9.36,10.32,9.68,10.25,10.66,9.92,9.54,9.38,9.73
875.6,27,9.36,9.16,10.02,9.64,9.62,10.63,8.18,10.36,10.23,9.33,10.34,9.67,10.23,10.65,9.92,9.53,9.38,9.73
876.6,27,9.37,9.17,10.02,9.65,9.61,10.65,8.17,10.38,10.22,9.35,10.32,9.68,10.25,10.66,9.92,9.56,9.39,9.73
877.6,27,9.37,9.16,10.03,9.65,9.62,10.63,8.17,10.38,10.22,9.32,10.31,9.67,10.23,10.65,9.91,9.54,9.38,9.73
878.6,27,9.36,9.16,10.02,9.65,9.61,10.63,8.17,10.38,10.23,9.33,10.32,9.68,10.23,10.65,9.91,9.54,9.38,9.73
879.62,27,9.37,9.16,10.02,9.64,9.61,10.66,8.18,10.36,10.23,9.33,10.32,9.68,10.25,10.66,9.92,9.53,9.38,9.73
880.62,27,9.36,9.16,10.02,9.63,9.59,10.67,8.17,10.35,10.25,9.32,10.31,9.68,10.23,10.66,9.91,9.54,9.38,9.72
881.62,27,9.35,9.14,10.02,9.62,9.59,10.65,8.16,10.36,10.23,9.31,10.31,9.68,10.22,10.63,9.91,9.53,9.38,9.73
882.63,27,9.35,9.15,10.01,9.62,9.58,10.65,8.17,10.34,10.22,9.3,10.3,9.67,10.21,10.65,9.91,9.53,9.37,9.73
883.63,27,9.37,9.14,10.02,9.63,9.61,10.66,8.17,10.36,10.25,9.31,10.31,9.69,10.22,10.66,9.92,9.54,9.38,9.73
884.63,27,9.35,9.14,9.99,9.59,9.59,10.65,8.16,10.34,10.21,9.31,10.29,9.68,10.21,10.63,9.91,9.53,9.37,9.72
885.63,27,9.36,9.14,10.01,9.61,9.61,10.67,8.18,10.35,10.23,9.3,10.3,9.69,10.23,10.63,9.91,9.53,9.38,9.73
886.63,27,9.37,9.16,10.02,9.61,9.59,10.67,8.17,10.35,10.25,9.31,10.31,9.69,10.22,10.66,9.91,9.53,9.38,9.74
887.65,27,9.36,9.16,10.02,9.62,9.62,10.67,8.17,10.36,10.26,9.32,10.3,9.7,10.23,10.65,9.92,9.54,9.38,9.73
888.65,27,9.36,9.16,10.01,9.61,9.59,10.66,8.16,10.35,10.25,9.3,10.3,9.7,10.22,10.66,9.91,9.53,9.37,9.73
889.65,27,9.38,9.15,10.01,9.61,9.59,10.67,8.16,10.34,10.25,9.28,10.3,9.69,10.22,10.66,9.92,9.54,9.37,9.72
890.65,27,9.39,9.16,10.02,9.61,9.61,10.67,8.16,10.35,10.25,9.31,10.3,9.72,10.22,10.66,9.93,9.53,9.37,9.73
891.65,27,9.39,9.16,10.01,9.62,9.62,10.67,8.16,10.38,10.27,9.31,10.3,9.73,10.23,10.67,9.93,9.56,9.38,9.75
892.65,27,9.39,9.17,10.01,9.63,9.63,10.69,8.17,10.38,10.27,9.31,10.3,9.73,10.23,10.66,9.93,9.56,9.38,9.75
893.67,27,9.38,9.16,10.01,9.61,9.62,10.7,8.17,10.39,10.27,9.31,10.31,9.72,10.23,10.67,9.93,9.56,9.38,9.74
894.67,27,9.37,9.16,9.99,9.59,9.62,10.67,8.16,10.38,10.27,9.31,10.3,9.72,10.23,10.66,9.93,9.54,9.37,9.74
895.67,27,9.37,9.16,10.03,9.58,9.62,10.65,8.16,10.38,10.26,9.3,10.3,9.7,10.21,10.67,9.92,9.54,9.37,9.72
896.68,27,9.35,9.2,10.06,9.56,9.64,10.66,8.11,10.35,10.27,9.27,10.27,9.72,10.18,10.65,9.94,9.52,9.35,9.74
897.68,27,9.37,9.25,10.09,9.61,9.7,10.69,8.13,10.36,10.31,9.31,10.32,9.75,10.22,10.7,9.97,9.52,9.38,9.77
898.68,27,9.38,9.23,10.11,9.64,9.7,10.7,8.14,10.39,10.32,9.32,10.35,9.75,10.25,10.7,9.98,9.52,9.39,9.77
899.7,27,9.41,9.26,10.11,9.65,9.73,10.71,8.14,10.43,10.32,9.36,10.38,9.75,10.26,10.72,10.01,9.54,9.41,9.77
900.7,27,9.41,9.26,10.12,9.67,9.72,10.71,8.14,10.44,10.34,9.35,10.38,9.74,10.27,10.74,9.99,9.54,9.41,9.75
901.7,27,9.42,9.25,10.11,9.68,9.73,10.7,8.14,10.44,10.35,9.36,10.4,9.75,10.27,10.72,9.99,9.53,9.39,9.77
902.7,27,9.41,9.26,10.13,9.68,9.74,10.72,8.16,10.45,10.36,9.38,10.4,9.77,10.29,10.74,10.01,9.56,9.39,9.77
903.7,27,9.39,9.25,10.11,9.68,9.73,10.7,8.13,10.43,10.34,9.36,10.4,9.75,10.27,10.72,10.01,9.53,9.41,9.75
904.7,27,9.39,9.23,10.09,9.68,9.72,10.69,8.14,10.43,10.34,9.35,10.38,9.75,10.25,10.71,9.98,9.52,9.38,9.77
905.7,27,9.38,9.23,10.09,9.67,9.72,10.71,8.14,10.41,10.32,9.36,10.38,9.73,10.26,10.71,9.98,9.52,9.37,9.74
906.7,27,9.37,9.23,10.08,9.65,9.69,10.7,8.13,10.41,10.31,9.32,10.38,9.74,10.25,10.71,9.97,9.51,9.37,9.74
907.7,27,9.38,9.22,10.08,9.67,9.69,10.7,8.14,10.41,10.29,9.35,10.38,9.72,10.23,10.69,9.97,9.51,9.37,9.73
908.7,27,9.37,9.22,10.07,9.65,9.69,10.69,8.13,10.41,10.31,9.33,10.35,9.73,10.25,10.69,9.97,9.49,9.37,9.73
909.72,27,9.39,9.22,10.07,9.65,9.69,10.7,8.14,10.41,10.3,9.35,10.36,9.72,10.23,10.7,9.96,9.51,9.37,9.73
910.72,27,9.36,9.21,10.04,9.65,9.65,10.67,8.12,10.4,10.27,9.33,10.36,9.7,10.21,10.66,9.94,9.49,9.36,9.72
911.72,27,9.36,9.2,10.04,9.65,9.67,10.66,8.12,10.39,10.27,9.32,10.34,9.69,10.21,10.65,9.94,9.46,9.35,9.69
912.72,27,9.37,9.21,10.04,9.65,9.67,10.67,8.12,10.39,10.29,9.33,10.35,9.7,10.23,10.65,9.93,9.48,9.36,9.74
913.73,27,9.35,9.2,10.06,9.64,9.67,10.65,8.13,10.4,10.26,9.35,10.35,9.69,10.23,10.66,9.92,9.47,9.35,9.72
914.73,27,9.35,9.17,10.04,9.64,9.65,10.66,8.13,10.38,10.25,9.32,10.34,9.68,10.21,10.63,9.92,9.47,9.33,9.7
915.73,27,9.35,9.17,10.02,9.61,9.64,10.62,8.12,10.36,10.23,9.31,10.32,9.67,10.21,10.63,9.91,9.46,9.33,9.7
916.73,27,9.33,9.17,10.01,9.62,9.63,10.63,8.12,10.38,10.23,9.31,10.31,9.65,10.2,10.63,9.91,9.46,9.33,9.69
917.73,27,9.32,9.16,10.01,9.62,9.62,10.61,8.12,10.34,10.22,9.3,10.31,9.65,10.18,10.61,9.89,9.46,9.32,9.68
918.73,27,9.32,9.15,9.98,9.62,9.61,10.59,8.11,10.35,10.21,9.28,10.29,9.63,10.18,10.61,9.88,9.46,9.32,9.67
919.75,27,9.33,9.15,9.98,9.61,9.61,10.61,8.12,10.35,10.2,9.3,10.3,9.63,10.18,10.61,9.87,9.47,9.33,9.67
920.75,27,9.3,9.14,9.97,9.59,9.57,10.59,8.1,10.34,10.17,9.28,10.27,9.61,10.18,10.59,9.87,9.44,9.32,9.67
921.75,27,9.31,9.12,9.96,9.61,9.57,10.58,8.11,10.32,10.16,9.28,10.26,9.61,10.18,10.58,9.84,9.44,9.31,9.65
922.75,27,9.31,9.12,9.97,9.58,9.58,10.58,8.11,10.31,10.18,9.28,10.29,9.61,10.17,10.58,9.84,9.46,9.32,9.67
923.75,27,9.3,9.11,9.97,9.58,9.56,10.57,8.1,10.31,10.13,9.27,10.26,9.59,10.17,10.57,9.84,9.46,9.3,9.64
924.75,27,9.3,9.09,9.96,9.58,9.54,10.57,8.11,10.3,10.15,9.27,10.26,9.59,10.16,10.57,9.83,9.43,9.3,9.64
925.77,27,9.28,9.09,9.96,9.58,9.54,10.56,8.11,10.3,10.12,9.27,10.26,9.59,10.16,10.56,9.83,9.46,9.32,9.65
926.77,27,9.28,9.09,9.94,9.56,9.54,10.57,8.1,10.29,10.13,9.25,10.25,9.58,10.16,10.57,9.82,9.43,9.31,9.64
927.77,27,9.31,9.08,9.96,9.57,9.54,10.56,8.11,10.3,10.15,9.26,10.25,9.59,10.17,10.57,9.82,9.46,9.31,9.65
928.77,27,9.28,9.09,9.93,9.56,9.54,10.54,8.11,10.29,10.13,9.25,10.23,9.58,10.15,10.56,9.82,9.44,9.3,9.65
929.78,27,9.28,9.08,9.94,9.56,9.52,10.54,8.1,10.26,10.12,9.23,10.23,9.58,10.15,10.54,9.8,9.44,9.3,9.64
930.78,27,9.27,9.05,9.94,9.56,9.52,10.56,8.1,10.29,10.13,9.25,10.23,9.58,10.16,10.54,9.8,9.44,9.3,9.63
931.78,27,9.27,9.06,9.92,9.53,9.51,10.54,8.11,10.26,10.12,9.25,10.23,9.58,10.15,10.56,9.8,9.44,9.3,9.64
932.78,27,9.28,9.06,9.94,9.56,9.51,10.56,8.11,10.27,10.13,9.22,10.22,9.58,10.15,10.57,9.79,9.44,9.31,9.64
933.8,27,9.27,9.06,9.94,9.54,9.52,10.56,8.1,10.27,10.15,9.22,10.23,9.59,10.16,10.54,9.82,9.43,9.31,9.64
934.8,27,9.27,9.05,9.91,9.53,9.51,10.56,8.09,10.26,10.13,9.21,10.21,9.59,10.15,10.54,9.79,9.43,9.28,9.63
935.82,27,9.26,9.04,9.91,9.52,9.48,10.56,8.09,10.23,10.13,9.2,10.21,9.59,10.13,10.53,9.8,9.43,9.28,9.62
936.82,27,9.3,9.05,9.93,9.54,9.49,10.58,8.1,10.26,10.15,9.22,10.22,9.61,10.15,10.56,9.83,9.44,9.3,9.65
937.82,27,9.27,9.05,9.93,9.53,9.51,10.58,8.09,10.25,10.15,9.21,10.22,9.61,10.13,10.56,9.83,9.44,9.3,9.64
938.82,27,9.3,9.05,9.94,9.52,9.52,10.57,8.1,10.27,10.16,9.21,10.21,9.61,10.13,10.54,9.82,9.44,9.3,9.65
939.82,27,9.3,9.05,9.93,9.51,9.51,10.57,8.1,10.26,10.16,9.21,10.22,9.61,10.13,10.56,9.82,9.43,9.3,9.62
940.82,27,9.31,9.06,9.93,9.53,9.52,10.59,8.1,10.29,10.18,9.22,10.22,9.63,10.15,10.57,9.84,9.46,9.31,9.67
941.83,27,9.31,9.06,9.93,9.52,9.52,10.59,8.09,10.29,10.17,9.22,10.22,9.63,10.13,10.56,9.83,9.44,9.3,9.64
942.83,27,9.3,9.05,9.92,9.52,9.51,10.58,8.09,10.27,10.16,9.21,10.2,9.62,10.12,10.56,9.83,9.43,9.27,9.63
943.85,27,9.31,9.06,9.93,9.53,9.53,10.59,8.1,10.29,10.18,9.22,10.23,9.63,10.16,10.57,9.84,9.47,9.31,9.67
944.85,27,9.32,9.08,9.93,9.53,9.53,10.58,8.1,10.29,10.2,9.25,10.21,9.63,10.15,10.58,9.84,9.47,9.3,9.65
945.85,27,9.3,9.06,9.94,9.53,9.53,10.56,8.1,10.29,10.13,9.23,10.21,9.59,10.15,10.58,9.83,9.46,9.31,9.63
946.85,27,9.27,9.1,9.96,9.47,9.54,10.57,8.06,10.26,10.2,9.21,10.2,9.63,10.11,10.56,9.83,9.43,9.27,9.63
947.87,27,9.26,9.14,9.99,9.48,9.59,10.58,8.07,10.26,10.2,9.22,10.22,9.65,10.15,10.58,9.87,9.42,9.28,9.67
948.87,27,9.31,9.16,10.01,9.54,9.62,10.59,8.07,10.29,10.23,9.25,10.25,9.67,10.15,10.61,9.89,9.44,9.31,9.68
949.87,27,9.31,9.16,10.01,9.56,9.63,10.62,8.1,10.32,10.25,9.27,10.29,9.67,10.18,10.62,9.89,9.43,9.31,9.68
950.88,27,9.33,9.16,10.03,9.59,9.65,10.62,8.09,10.35,10.25,9.28,10.3,9.67,10.18,10.63,9.91,9.44,9.33,9.68
951.88,27,9.33,9.16,10.04,9.61,9.64,10.63,8.1,10.36,10.26,9.3,10.31,9.68,10.18,10.66,9.91,9.47,9.33,9.68
952.88,27,9.33,9.16,10.02,9.59,9.64,10.61,8.1,10.35,10.25,9.28,10.3,9.65,10.17,10.63,9.89,9.44,9.31,9.67
953.9,27,9.32,9.15,10.02,9.58,9.64,10.62,8.07,10.35,10.25,9.27,10.3,9.67,10.17,10.63,9.91,9.46,9.32,9.65
954.9,27,9.31,9.15,10.01,9.59,9.62,10.61,8.09,10.35,10.22,9.26,10.29,9.64,10.17,10.61,9.89,9.43,9.31,9.65
955.9,27,9.31,9.14,10.02,9.58,9.62,10.62,8.09,10.34,10.22,9.26,10.29,9.65,10.17,10.62,9.89,9.43,9.31,9.67
956.9,27,9.31,9.15,9.99,9.58,9.63,10.61,8.09,10.34,10.23,9.27,10.3,9.65,10.18,10.62,9.88,9.43,9.3,9.65
957.9,27,9.31,9.14,10.02,9.58,9.61,10.62,8.09,10.32,10.22,9.27,10.3,9.63,10.17,10.61,9.89,9.42,9.31,9.65
958.9,27,9.3,9.14,9.99,9.58,9.61,10.59,8.07,10.34,10.22,9.27,10.29,9.64,10.17,10.61,9.88,9.41,9.3,9.65
959.9,27,9.28,9.12,9.99,9.57,9.61,10.59,8.07,10.32,10.2,9.27,10.27,9.63,10.16,10.59,9.86,9.39,9.27,9.64
960.9,27,9.28,9.12,9.96,9.56,9.58,10.58,8.07,10.31,10.18,9.25,10.27,9.61,10.15,10.57,9.86,9.39,9.28,9.63
961.9,27,9.28,9.12,9.98,9.58,9.58,10.59,8.07,10.31,10.2,9.26,10.27,9.63,10.16,10.58,9.86,9.39,9.28,9.63
962.9,27,9.28,9.11,9.96,9.57,9.59,10.57,8.07,10.3,10.18,9.26,10.29,9.62,10.15,10.57,9.86,9.39,9.27,9.63
963.92,27,9.27,9.11,9.97,9.57,9.58,10.58,8.07,10.3,10.2,9.25,10.26,9.61,10.15,10.58,9.84,9.39,9.28,9.63
964.92,27,9.27,9.09,9.94,9.54,9.56,10.56,8.06,10.29,10.17,9.23,10.23,9.57,10.12,10.53,9.83,9.37,9.25,9.61
965.92,27,9.26,9.09,9.94,9.56,9.54,10.56,8.07,10.27,10.13,9.22,10.25,9.59,10.12,10.56,9.8,9.38,9.26,9.61
966.93,27,9.26,9.09,9.94,9.56,9.56,10.54,8.07,10.27,10.15,9.23,10.25,9.58,10.13,10.56,9.82,9.38,9.27,9.61
967.93,27,9.25,9.08,9.93,9.54,9.53,10.52,8.06,10.27,10.15,9.22,10.22,9.58,10.11,10.53,9.8,9.36,9.26,9.58
968.93,27,9.26,9.06,9.92,9.54,9.53,10.52,8.07,10.26,10.11,9.23,10.22,9.57,10.12,10.53,9.8,9.38,9.26,9.59
969.95,27,9.25,9.06,9.91,9.52,9.52,10.5,8.06,10.25,10.09,9.21,10.22,9.54,10.11,10.5,9.78,9.37,9.25,9.58
970.95,27,9.22,9.04,9.89,9.52,9.51,10.5,8.06,10.25,10.11,9.21,10.2,9.54,10.11,10.5,9.77,9.37,9.25,9.59
971.95,27,9.21,9.04,9.89,9.52,9.48,10.48,8.06,10.23,10.08,9.21,10.2,9.53,10.09,10.49,9.77,9.35,9.23,9.56
972.95,27,9.22,9.03,9.88,9.51,9.49,10.49,8.04,10.25,10.08,9.2,10.18,9.52,10.08,10.49,9.74,9.36,9.23,9.57
973.95,27,9.21,9.02,9.88,9.51,9.47,10.49,8.05,10.22,10.04,9.2,10.18,9.51,10.09,10.48,9.75,9.36,9.23,9.57
974.97,27,9.23,9.02,9.88,9.52,9.48,10.48,8.06,10.23,10.06,9.21,10.2,9.51,10.09,10.48,9.75,9.37,9.23,9.57
975.97,27,9.21,9.0,9.87,9.51,9.47,10.48,8.05,10.22,10.07,9.2,10.17,9.51,10.08,10.48,9.73,9.36,9.23,9.57
976.97,27,9.21,9.0,9.88,9.49,9.46,10.47,8.05,10.21,10.06,9.19,10.17,9.51,10.09,10.47,9.74,9.35,9.23,9.56
977.97,27,9.2,8.98,9.86,9.47,9.44,10.45,8.04,10.2,10.03,9.17,10.16,9.48,10.08,10.45,9.72,9.36,9.22,9.53
978.97,27,9.2,8.98,9.86,9.49,9.43,10.45,8.04,10.2,10.03,9.17,10.16,9.48,10.07,10.47,9.73,9.36,9.22,9.54
979.98,27,9.19,8.98,9.84,9.47,9.43,10.45,8.04,10.17,10.02,9.17,10.15,9.47,10.04,10.44,9.7,9.35,9.22,9.53
980.98,27,9.19,8.95,9.83,9.44,9.42,10.44,8.03,10.17,10.02,9.16,10.13,9.47,10.06,10.43,9.7,9.35,9.21,9.53
981.98,27,9.2,8.95,9.86,9.46,9.41,10.47,8.04,10.17,10.03,9.17,10.15,9.49,10.07,10.44,9.69,9.35,9.22,9.54
982.98,27,9.19,8.94,9.83,9.46,9.41,10.45,8.04,10.16,10.02,9.15,10.13,9.47,10.04,10.44,9.69,9.35,9.21,9.53
984.0,27,9.17,8.94,9.84,9.43,9.41,10.45,8.03,10.16,10.02,9.14,10.12,9.48,10.06,10.44,9.69,9.35,9.2,9.53
985.0,27,9.17,8.94,9.84,9.44,9.41,10.47,8.04,10.17,10.03,9.14,10.12,9.49,10.06,10.45,9.7,9.35,9.21,9.54
986.0,27,9.19,8.94,9.82,9.44,9.39,10.47,8.03,10.17,10.03,9.15,10.12,9.49,10.04,10.45,9.7,9.32,9.22,9.54
987.0,27,9.2,8.94,9.83,9.44,9.41,10.47,8.03,10.17,10.04,9.14,10.12,9.49,10.06,10.45,9.72,9.35,9.21,9.56
988.0,27,9.19,8.94,9.83,9.43,9.41,10.47,8.03,10.16,10.03,9.14,10.13,9.49,10.06,10.45,9.72,9.36,9.21,9.54
989.0,27,9.2,8.94,9.84,9.43,9.42,10.48,8.04,10.17,10.06,9.15,10.13,9.52,10.04,10.47,9.73,9.36,9.22,9.54
990.02,27,9.19,8.95,9.83,9.43,9.42,10.49,8.04,10.17,10.04,9.14,10.11,9.52,10.06,10.47,9.72,9.36,9.21,9.56
991.02,27,9.19,8.94,9.82,9.42,9.42,10.45,8.02,10.16,10.04,9.14,10.13,9.52,10.03,10.47,9.7,9.35,9.21,9.56
992.02,27,9.19,8.94,9.83,9.39,9.42,10.47,8.03,10.17,10.06,9.14,10.13,9.52,10.04,10.45,9.72,9.36,9.22,9.56
993.02,27,9.21,8.94,9.84,9.41,9.42,10.47,8.03,10.18,10.06,9.14,10.13,9.53,10.04,10.45,9.72,9.35,9.22,9.56
994.02,27,9.21,8.95,9.84,9.44,9.43,10.49,8.03,10.18,10.06,9.15,10.13,9.53,10.06,10.47,9.73,9.36,9.23,9.56
995.03,27,9.21,8.95,9.86,9.43,9.43,10.49,8.03,10.18,10.08,9.14,10.12,9.53,10.06,10.47,9.73,9.37,9.22,9.57
996.03,27,9.2,8.94,9.83,9.42,9.42,10.47,8.02,10.17,10.04,9.14,10.12,9.52,10.04,10.47,9.72,9.33,9.22,9.54
997.03,27,9.2,8.95,9.84,9.41,9.42,10.48,8.0,10.18,10.06,9.15,10.12,9.54,10.06,10.47,9.72,9.37,9.21,9.56
998.03,27,9.21,8.97,9.84,9.43,9.44,10.48,8.03,10.2,10.07,9.16,10.12,9.56,10.06,10.48,9.74,9.38,9.22,9.56
999.03,27,9.22,8.97,9.83,9.42,9.43,10.49,8.03,10.18,10.08,9.15,10.12,9.54,10.06,10.47,9.74,9.38,9.21,9.54
1000.05,27,9.21,8.95,9.82,9.42,9.42,10.49,8.02,10.18,10.06,9.15,10.12,9.53,10.04,10.48,9.73,9.38,9.21,9.54
1001.05,27,9.19,8.95,9.8,9.41,9.43,10.44,8.0,10.18,10.04,9.14,10.12,9.51,10.03,10.48,9.72,9.37,9.21,9.54
1002.05,27,9.17,8.99,9.88,9.38,9.48,10.48,8.0,10.18,10.09,9.14,10.12,9.53,10.03,10.47,9.74,9.36,9.2,9.56
1003.05,27,9.19,9.04,9.91,9.41,9.51,10.5,7.99,10.16,10.12,9.14,10.12,9.56,10.04,10.49,9.78,9.33,9.2,9.58
1004.07,27,9.21,9.05,9.91,9.46,9.53,10.5,7.99,10.2,10.13,9.16,10.16,9.57,10.06,10.5,9.79,9.36,9.21,9.59
1005.07,27,9.23,9.04,9.94,9.48,9.53,10.52,8.02,10.23,10.15,9.19,10.18,9.57,10.08,10.52,9.79,9.37,9.22,9.59
1006.07,27,9.25,9.06,9.94,9.49,9.56,10.53,8.03,10.26,10.16,9.2,10.21,9.59,10.11,10.54,9.79,9.38,9.25,9.59
1007.07,27,9.23,9.04,9.93,9.49,9.56,10.52,8.0,10.25,10.13,9.21,10.21,9.56,10.08,10.53,9.79,9.37,9.21,9.58
1008.07,27,9.23,9.04,9.93,9.49,9.53,10.52,8.02,10.25,10.15,9.2,10.2,9.57,10.08,10.53,9.8,9.37,9.22,9.58
1009.07,27,9.25,9.05,9.93,9.49,9.56,10.52,8.03,10.26,10.16,9.21,10.22,9.58,10.11,10.54,9.8,9.36,9.23,9.59
1010.08,27,9.25,9.05,9.94,9.52,9.54,10.52,8.03,10.26,10.15,9.21,10.21,9.57,10.09,10.53,9.8,9.37,9.23,9.58
1011.08,27,9.22,9.04,9.91,9.51,9.52,10.5,8.0,10.25,10.13,9.2,10.18,9.54,10.08,10.5,9.78,9.35,9.22,9.57
1012.08,27,9.22,9.03,9.91,9.51,9.52,10.49,8.02,10.23,10.13,9.19,10.18,9.56,10.09,10.5,9.78,9.35,9.22,9.56
1013.1,27,9.22,9.03,9.91,9.49,9.52,10.5,8.02,10.23,10.13,9.2,10.2,9.53,10.08,10.5,9.78,9.37,9.22,9.57
1014.1,27,9.22,9.02,9.89,9.48,9.51,10.48,8.0,10.21,10.12,9.2,10.17,9.52,10.07,10.49,9.75,9.32,9.21,9.54
1015.1,27,9.21,9.02,9.89,9.49,9.49,10.48,8.0,10.23,10.11,9.19,10.17,9.53,10.07,10.49,9.75,9.33,9.2,9.53
1016.1,27,9.21,9.0,9.88,9.48,9.49,10.47,8.0,10.21,10.11,9.19,10.17,9.52,10.07,10.48,9.75,9.33,9.21,9.56
1017.1,27,9.2,8.99,9.88,9.48,9.47,10.47,7.99,10.21,10.08,9.19,10.16,9.52,10.06,10.45,9.74,9.32,9.2,9.53
1018.1,27,9.2,9.0,9.88,9.48,9.48,10.48,8.0,10.21,10.08,9.19,10.16,9.52,10.07,10.47,9.75,9.33,9.21,9.53
1019.1,27,9.2,8.99,9.87,9.47,9.47,10.47,8.02,10.2,10.07,9.17,10.17,9.51,10.07,10.45,9.74,9.33,9.2,9.52
1020.12,27,9.2,8.98,9.86,9.47,9.46,10.45,8.02,10.2,10.06,9.16,10.16,9.51,10.06,10.45,9.73,9.32,9.19,9.52
1021.12,27,9.17,8.97,9.82,9.46,9.44,10.41,7.99,10.17,10.02,9.16,10.13,9.48,10.04,10.43,9.7,9.31,9.17,9.51
1022.12,27,9.17,8.97,9.84,9.46,9.44,10.43,7.99,10.17,10.02,9.16,10.13,9.48,10.06,10.43,9.69,9.32,9.19,9.51
1023.13,27,9.17,8.95,9.83,9.46,9.44,10.43,7.99,10.17,10.02,9.15,10.13,9.47,10.03,10.43,9.69,9.32,9.2,9.52
1024.13,27,9.15,8.93,9.8,9.44,9.41,10.4,7.98,10.16,10.01,9.14,10.09,9.46,10.01,10.41,9.67,9.31,9.17,9.48
1025.13,27,9.17,8.94,9.82,9.44,9.42,10.4,8.0,10.16,9.99,9.15,10.09,9.44,10.03,10.41,9.68,9.32,9.17,9.49
1026.13,27,9.15,8.92,9.79,9.43,9.39,10.39,7.99,10.13,9.98,9.14,10.09,9.43,10.03,10.38,9.65,9.3,9.16,9.48
1027.15,27,9.14,8.92,9.79,9.44,9.38,10.38,7.99,10.13,9.98,9.14,10.08,9.43,10.02,10.39,9.65,9.3,9.16,9.49
1028.15,27,9.12,8.89,9.78,9.41,9.37,10.36,7.97,10.12,9.94,9.12,10.07,9.39,10.01,10.36,9.63,9.28,9.15,9.46
1029.15,27,9.14,8.89,9.78,9.42,9.37,10.36,7.99,10.12,9.94,9.12,10.07,9.41,10.01,10.36,9.64,9.31,9.16,9.46
1030.15,27,9.14,8.89,9.77,9.39,9.36,10.36,7.97,10.11,9.93,9.12,10.07,9.39,10.01,10.35,9.63,9.3,9.15,9.48
1031.15,27,9.12,8.87,9.77,9.39,9.36,10.35,7.98,10.09,9.93,9.11,10.06,9.39,10.01,10.36,9.62,9.28,9.15,9.47
1032.17,27,9.11,8.87,9.77,9.39,9.36,10.36,7.97,10.11,9.94,9.1,10.07,9.39,10.01,10.35,9.63,9.3,9.15,9.48
1033.17,27,9.12,8.87,9.77,9.41,9.36,10.36,7.97,10.09,9.94,9.1,10.06,9.39,10.01,10.35,9.62,9.3,9.16,9.47
1034.17,27,9.12,8.86,9.75,9.38,9.36,10.34,7.97,10.09,9.93,9.1,10.04,9.39,10.01,10.36,9.62,9.3,9.16,9.47
1035.17,27,9.12,8.86,9.75,9.38,9.35,10.35,7.97,10.08,9.93,9.1,10.06,9.38,9.98,10.35,9.62,9.3,9.15,9.46
1036.18,27,9.12,8.86,9.75,9.37,9.33,10.36,7.97,10.07,9.93,9.1,10.04,9.41,9.98,10.35,9.61,9.3,9.15,9.46
1037.18,27,9.11,8.85,9.73,9.37,9.33,10.35,7.97,10.07,9.93,9.09,10.06,9.41,9.98,10.34,9.62,9.28,9.14,9.44
1038.18,27,9.11,8.83,9.75,9.36,9.33,10.36,7.96,10.06,9.94,9.08,10.03,9.41,9.98,10.35,9.62,9.3,9.15,9.46
1039.18,27,9.11,8.85,9.77,9.38,9.35,10.38,7.98,10.07,9.94,9.1,10.06,9.41,9.99,10.36,9.62,9.3,9.16,9.48
1040.18,27,9.11,8.82,9.73,9.35,9.32,10.35,7.96,10.07,9.93,9.08,10.02,9.39,9.97,10.35,9.62,9.27,9.14,9.46
1041.2,27,9.12,8.86,9.75,9.37,9.33,10.38,7.96,10.09,9.94,9.09,10.06,9.42,9.98,10.36,9.61,9.28,9.15,9.47
1042.2,27,9.12,8.85,9.73,9.36,9.35,10.36,7.96,10.08,9.94,9.08,10.03,9.42,9.97,10.36,9.61,9.27,9.15,9.46
1043.2,27,9.11,8.85,9.73,9.36,9.33,10.36,7.96,10.07,9.93,9.06,10.04,9.42,9.96,10.36,9.62,9.27,9.15,9.47
1044.2,27,9.12,8.85,9.77,9.36,9.35,10.39,7.98,10.09,9.94,9.08,10.03,9.44,9.99,10.38,9.62,9.28,9.16,9.49
1045.2,27,9.14,8.83,9.73,9.35,9.33,10.38,7.95,10.09,9.96,9.06,10.03,9.44,9.98,10.35,9.61,9.28,9.15,9.46
1046.2,27,9.11,8.85,9.74,9.35,9.33,10.38,7.96,10.08,9.97,9.06,10.02,9.43,9.97,10.35,9.62,9.27,9.12,9.47
1047.22,27,9.12,8.85,9.73,9.33,9.33,10.36,7.96,10.08,9.96,9.08,10.03,9.43,9.98,10.38,9.63,9.27,9.14,9.47
1048.22,27,9.12,8.85,9.73,9.33,9.35,10.35,7.93,10.08,9.94,9.05,10.03,9.41,9.96,10.35,9.61,9.27,9.14,9.46
1049.22,27,9.09,8.88,9.79,9.3,9.37,10.36,7.91,10.07,9.99,9.03,10.01,9.43,9.93,10.34,9.64,9.23,9.11,9.48
1050.23,27,9.12,8.93,9.82,9.33,9.42,10.39,7.92,10.07,10.03,9.06,10.03,9.46,9.97,10.38,9.68,9.25,9.12,9.49
1051.23,27,9.15,8.95,9.84,9.39,9.46,10.41,7.93,10.11,10.06,9.1,10.09,9.48,9.99,10.43,9.7,9.26,9.16,9.51
1052.23,27,9.17,8.97,9.86,9.42,9.44,10.43,7.95,10.15,10.06,9.12,10.12,9.49,10.02,10.44,9.72,9.3,9.17,9.51
1053.23,27,9.16,8.97,9.86,9.42,9.46,10.43,7.93,10.16,10.06,9.12,10.12,9.47,10.01,10.45,9.72,9.28,9.16,9.51
1054.23,27,9.19,8.98,9.86,9.43,9.47,10.44,7.96,10.2,10.07,9.12,10.15,9.49,10.03,10.47,9.73,9.3,9.17,9.52
1055.23,27,9.16,8.98,9.86,9.43,9.47,10.43,7.95,10.17,10.07,9.14,10.15,9.47,10.02,10.45,9.73,9.28,9.16,9.51
1056.23,27,9.16,8.98,9.86,9.43,9.46,10.43,7.95,10.17,10.07,9.11,10.13,9.47,10.02,10.47,9.72,9.27,9.15,9.52
1057.25,27,9.16,8.95,9.84,9.43,9.46,10.44,7.93,10.17,10.07,9.12,10.13,9.48,10.01,10.44,9.7,9.27,9.16,9.51
1058.25,27,9.14,8.94,9.84,9.42,9.44,10.43,7.93,10.16,10.04,9.12,10.13,9.46,10.01,10.43,9.7,9.25,9.15,9.48
1059.25,27,9.15,8.95,9.86,9.43,9.44,10.43,7.95,10.17,10.04,9.11,10.13,9.46,10.01,10.43,9.68,9.26,9.14,9.48
1060.25,27,9.15,8.95,9.86,9.42,9.43,10.44,7.95,10.16,10.03,9.12,10.13,9.47,9.99,10.43,9.69,9.26,9.15,9.51
1061.25,27,9.15,8.95,9.84,9.42,9.42,10.41,7.95,10.17,10.04,9.12,10.11,9.47,10.01,10.43,9.69,9.26,9.14,9.48
1062.27,27,9.14,8.94,9.83,9.43,9.43,10.41,7.95,10.16,10.02,9.11,10.13,9.44,10.01,10.4,9.68,9.23,9.14,9.48
1063.27,27,9.14,8.94,9.8,9.42,9.42,10.4,7.93,10.16,10.03,9.12,10.11,9.44,9.99,10.4,9.67,9.23,9.14,9.48
1064.28,27,9.12,8.92,9.8,9.41,9.41,10.4,7.93,10.13,10.01,9.1,10.11,9.44,9.99,10.39,9.67,9.22,9.12,9.46
1065.28,27,9.12,8.94,9.82,9.42,9.42,10.4,7.93,10.15,9.99,9.1,10.11,9.44,9.99,10.4,9.68,9.22,9.12,9.47
1066.28,27,9.12,8.91,9.78,9.39,9.38,10.38,7.92,10.12,9.99,9.09,10.08,9.42,9.97,10.38,9.64,9.22,9.11,9.44
1067.28,27,9.11,8.91,9.79,9.41,9.39,10.38,7.93,10.12,9.98,9.1,10.08,9.41,9.97,10.38,9.64,9.22,9.1,9.44
1068.28,27,9.09,8.91,9.78,9.38,9.37,10.36,7.92,10.11,9.97,9.09,10.07,9.39,9.96,10.36,9.63,9.21,9.11,9.43
1069.3,27,9.09,8.88,9.77,9.37,9.36,10.35,7.92,10.11,9.96,9.08,10.06,9.39,9.94,10.35,9.62,9.2,9.1,9.42
1070.3,27,9.09,8.87,9.77,9.39,9.33,10.35,7.92,10.11,9.94,9.09,10.06,9.39,9.96,10.35,9.62,9.21,9.11,9.43
1071.3,27,9.08,8.86,9.73,9.36,9.33,10.3,7.92,10.08,9.92,9.06,10.04,9.37,9.94,10.34,9.59,9.19,9.09,9.41
1072.3,27,9.06,8.85,9.73,9.36,9.31,10.31,7.9,10.08,9.91,9.05,10.02,9.36,9.93,10.32,9.58,9.19,9.09,9.41
1073.3,27,9.08,8.85,9.73,9.35,9.33,10.3,7.92,10.08,9.89,9.06,10.04,9.36,9.94,10.31,9.58,9.2,9.11,9.41
1074.3,27,9.06,8.85,9.73,9.36,9.32,10.29,7.91,10.08,9.88,9.05,10.03,9.35,9.93,10.32,9.58,9.19,9.09,9.39
1075.32,27,9.05,8.82,9.72,9.35,9.28,10.27,7.92,10.06,9.88,9.05,10.01,9.33,9.91,10.31,9.57,9.2,9.09,9.39
1076.32,27,9.06,8.82,9.69,9.35,9.28,10.29,7.9,10.06,9.86,9.04,10.01,9.33,9.93,10.3,9.54,9.2,9.08,9.39
1077.32,27,9.05,8.8,9.69,9.33,9.28,10.27,7.91,10.03,9.84,9.04,9.99,9.31,9.92,10.29,9.54,9.17,9.08,9.39
1078.32,27,9.04,8.79,9.69,9.32,9.27,10.23,7.91,10.03,9.84,9.03,9.99,9.31,9.89,10.27,9.53,9.19,9.08,9.37
1079.32,27,9.03,8.79,9.68,9.31,9.26,10.25,7.9,10.03,9.83,9.03,9.97,9.3,9.88,10.27,9.52,9.17,9.06,9.37
1080.32,27,9.04,8.79,9.68,9.32,9.25,10.26,7.91,10.03,9.83,9.03,9.99,9.3,9.91,10.27,9.52,9.19,9.06,9.37
1081.33,27,9.02,8.79,9.67,9.31,9.23,10.25,7.89,10.01,9.82,9.04,9.97,9.3,9.91,10.25,9.53,9.19,9.06,9.37
1082.33,27,9.04,8.76,9.68,9.32,9.25,10.26,7.9,10.02,9.83,9.03,9.98,9.3,9.89,10.25,9.52,9.17,9.06,9.37
1083.33,27,9.02,8.76,9.67,9.28,9.22,10.23,7.9,9.99,9.8,9.02,9.96,9.3,9.89,10.25,9.51,9.19,9.06,9.37
1084.33,27,9.02,8.75,9.65,9.28,9.23,10.23,7.89,9.98,9.8,9.0,9.96,9.28,9.87,10.25,9.51,9.19,9.05,9.37
1085.33,27,9.03,8.75,9.68,9.28,9.22,10.26,7.89,9.98,9.83,8.99,9.97,9.28,9.89,10.26,9.51,9.17,9.06,9.37
1086.35,27,9.02,8.76,9.65,9.3,9.22,10.23,7.9,9.98,9.82,9.0,9.96,9.31,9.88,10.26,9.51,9.19,9.08,9.37
1087.35,27,9.0,8.74,9.64,9.27,9.21,10.23,7.88,9.98,9.8,8.98,9.94,9.3,9.87,10.25,9.49,9.16,9.04,9.37
1088.35,27,9.02,8.74,9.65,9.27,9.22,10.23,7.89,9.98,9.8,8.99,9.96,9.31,9.88,10.26,9.49,9.17,9.05,9.36
1089.35,27,9.02,8.73,9.64,9.27,9.21,10.25,7.89,9.97,9.83,8.98,9.93,9.3,9.87,10.26,9.51,9.16,9.06,9.33
1090.37,27,9.0,8.73,9.63,9.23,9.2,10.23,7.88,9.98,9.83,8.98,9.93,9.28,9.87,10.25,9.49,9.16,9.04,9.37
1091.37,27,9.02,8.73,9.64,9.25,9.21,10.23,7.88,9.97,9.8,8.98,9.93,9.31,9.86,10.25,9.52,9.14,9.04,9.36
1092.37,27,9.03,8.71,9.64,9.25,9.22,10.25,7.86,9.97,9.8,8.97,9.94,9.32,9.88,10.25,9.51,9.16,9.04,9.38
1093.38,27,9.03,8.74,9.64,9.25,9.22,10.26,7.89,9.99,9.84,8.99,9.94,9.33,9.88,10.26,9.51,9.16,9.04,9.37
1094.38,27,9.03,8.74,9.65,9.25,9.22,10.26,7.88,9.98,9.84,8.98,9.93,9.33,9.87,10.25,9.52,9.16,9.06,9.38
1095.38,27,9.03,8.74,9.64,9.23,9.22,10.26,7.88,9.98,9.83,8.97,9.93,9.31,9.87,10.25,9.52,9.15,9.05,9.37
1096.38,27,9.03,8.74,9.64,9.25,9.21,10.27,7.86,9.98,9.84,8.97,9.93,9.35,9.87,10.26,9.51,9.17,9.05,9.36
1097.38,27,9.04,8.75,9.64,9.23,9.22,10.26,7.86,9.98,9.83,8.95,9.93,9.33,9.87,10.26,9.52,9.16,9.05,9.37
1098.4,27,9.03,8.73,9.63,9.23,9.21,10.26,7.85,9.97,9.84,8.97,9.91,9.33,9.86,10.25,9.51,9.16,9.03,9.36
1099.4,27,9.04,8.75,9.64,9.25,9.23,10.27,7.86,9.98,9.86,8.99,9.92,9.36,9.88,10.26,9.53,9.19,9.05,9.37
1100.4,27,9.05,8.74,9.65,9.25,9.22,10.29,7.86,9.98,9.86,8.99,9.93,9.35,9.87,10.27,9.52,9.19,9.05,9.37
1101.4,27,9.05,8.76,9.65,9.25,9.23,10.29,7.85,9.99,9.87,8.99,9.96,9.36,9.86,10.27,9.53,9.19,9.05,9.37
1102.4,27,9.05,8.75,9.64,9.23,9.25,10.27,7.88,9.99,9.86,8.99,9.93,9.33,9.88,10.29,9.53,9.19,9.06,9.38
1103.42,27,9.02,8.76,9.67,9.21,9.23,10.26,7.84,9.98,9.87,8.97,9.91,9.32,9.84,10.29,9.52,9.17,9.04,9.37
1104.42,27,9.02,8.8,9.7,9.21,9.3,10.27,7.83,9.97,9.89,8.97,9.92,9.36,9.83,10.27,9.54,9.12,9.03,9.39
1105.42,27,9.05,8.86,9.77,9.26,9.33,10.3,7.85,9.99,9.93,9.0,9.96,9.38,9.89,10.3,9.59,9.16,9.06,9.41
1106.42,27,9.06,8.87,9.75,9.27,9.36,10.31,7.85,10.02,9.96,9.03,10.02,9.39,9.89,10.34,9.62,9.19,9.08,9.42
1107.43,27,9.09,8.87,9.77,9.31,9.37,10.34,7.86,10.07,9.97,9.05,10.02,9.39,9.92,10.36,9.62,9.2,9.09,9.42
1108.43,27,9.08,8.86,9.78,9.32,9.37,10.34,7.88,10.08,9.96,9.04,10.04,9.38,9.93,10.35,9.61,9.19,9.09,9.41
1109.43,27,9.09,8.86,9.77,9.32,9.37,10.32,7.88,10.08,9.96,9.03,10.04,9.38,9.92,10.36,9.61,9.19,9.08,9.41
1110.43,27,9.08,8.86,9.75,9.33,9.36,10.31,7.86,10.07,9.96,9.05,10.03,9.38,9.93,10.36,9.59,9.19,9.06,9.41
1111.45,27,9.08,8.85,9.74,9.32,9.36,10.31,7.86,10.08,9.94,9.05,10.03,9.37,9.93,10.34,9.61,9.17,9.08,9.41
1112.45,27,9.06,8.85,9.77,9.33,9.33,10.31,7.86,10.07,9.93,9.05,10.03,9.38,9.92,10.34,9.59,9.17,9.08,9.41
1113.45,27,9.06,8.83,9.74,9.33,9.32,10.31,7.84,10.06,9.93,9.03,10.01,9.36,9.91,10.32,9.59,9.15,9.04,9.39
1114.45,27,9.08,8.85,9.74,9.33,9.33,10.31,7.86,10.07,9.93,9.05,10.03,9.37,9.91,10.34,9.59,9.16,9.06,9.39
1115.47,27,9.06,8.83,9.73,9.33,9.32,10.3,7.85,10.04,9.91,9.04,10.01,9.35,9.91,10.32,9.58,9.16,9.05,9.38
1116.47,27,9.05,8.81,9.72,9.31,9.3,10.3,7.84,10.03,9.89,9.02,9.99,9.33,9.88,10.29,9.57,9.12,9.04,9.36
1117.47,27,9.04,8.81,9.72,9.32,9.3,10.29,7.86,10.04,9.91,9.03,10.01,9.32,9.91,10.3,9.57,9.14,9.05,9.36
1118.47,27,9.05,8.81,9.7,9.31,9.3,10.27,7.84,10.03,9.88,9.03,9.98,9.32,9.89,10.29,9.54,9.14,9.05,9.37
1119.48,27,9.04,8.81,9.72,9.32,9.28,10.27,7.85,10.03,9.88,9.0,9.98,9.33,9.89,10.29,9.54,9.12,9.04,9.37
1120.48,27,9.03,8.79,9.68,9.3,9.27,10.26,7.84,10.01,9.88,9.02,9.97,9.32,9.88,10.26,9.53,9.12,9.03,9.35
1121.48,27,9.02,8.79,9.69,9.3,9.27,10.25,7.84,9.99,9.86,8.99,9.97,9.3,9.87,10.26,9.53,9.11,9.03,9.35
1122.48,27,9.02,8.77,9.65,9.27,9.25,10.22,7.84,9.99,9.83,9.0,9.94,9.3,9.87,10.25,9.51,9.11,9.02,9.32
1123.5,27,9.02,8.77,9.68,9.28,9.26,10.22,7.85,10.01,9.86,8.99,9.97,9.3,9.88,10.25,9.52,9.12,9.02,9.33
1124.5,27,9.02,8.75,9.65,9.28,9.23,10.22,7.85,9.99,9.82,9.0,9.96,9.28,9.86,10.23,9.49,9.12,9.03,9.32
1125.5,27,9.0,8.75,9.64,9.27,9.22,10.21,7.84,9.98,9.8,8.98,9.93,9.27,9.84,10.22,9.48,9.11,9.0,9.32
1126.52,27,9.0,8.75,9.65,9.27,9.22,10.2,7.84,9.97,9.78,8.99,9.92,9.26,9.86,10.21,9.47,9.11,9.0,9.32
1127.52,27,8.98,8.73,9.63,9.26,9.2,10.18,7.83,9.97,9.77,8.98,9.92,9.25,9.86,10.21,9.47,9.11,9.0,9.31
1128.53,27,8.97,8.71,9.61,9.23,9.19,10.16,7.82,9.94,9.75,8.95,9.91,9.22,9.84,10.18,9.44,9.1,8.99,9.3
1129.53,27,8.97,8.7,9.61,9.23,9.17,10.16,7.83,9.93,9.75,8.97,9.91,9.21,9.83,10.18,9.43,9.09,9.0,9.3
1130.53,27,8.97,8.69,9.59,9.23,9.17,10.16,7.83,9.93,9.74,8.97,9.89,9.23,9.83,10.17,9.44,9.1,8.99,9.28
1131.53,27,8.97,8.68,9.58,9.23,9.16,10.13,7.82,9.93,9.73,8.95,9.88,9.21,9.82,10.17,9.42,9.1,8.98,9.27
1132.53,27,8.97,8.67,9.58,9.23,9.14,10.13,7.82,9.92,9.72,8.94,9.87,9.2,9.82,10.16,9.42,9.1,8.99,9.28
1133.53,27,8.95,8.67,9.58,9.23,9.15,10.15,7.84,9.92,9.72,8.95,9.87,9.21,9.82,10.17,9.42,9.11,9.0,9.28
1134.53,27,8.94,8.65,9.56,9.21,9.14,10.13,7.82,9.91,9.69,8.94,9.87,9.2,9.82,10.13,9.39,9.09,8.98,9.26
1135.53,27,8.93,8.64,9.56,9.21,9.12,10.11,7.82,9.88,9.69,8.94,9.86,9.19,9.79,10.12,9.41,9.09,8.97,9.27
1136.55,27,8.94,8.64,9.57,9.2,9.12,10.12,7.83,9.89,9.69,8.93,9.84,9.19,9.79,10.12,9.39,9.08,8.99,9.27
1137.55,27,8.92,8.62,9.56,9.2,9.11,10.11,7.81,9.87,9.68,8.92,9.83,9.17,9.78,10.13,9.37,9.09,8.98,9.25
1138.55,27,8.92,8.63,9.56,9.2,9.11,10.11,7.82,9.87,9.69,8.92,9.84,9.19,9.79,10.13,9.38,9.08,8.97,9.26
1139.55,27,8.92,8.62,9.54,9.2,9.11,10.08,7.81,9.87,9.68,8.92,9.83,9.17,9.78,10.13,9.36,9.08,8.97,9.26
1140.55,27,8.92,8.59,9.53,9.19,9.1,10.12,7.81,9.88,9.68,8.91,9.83,9.17,9.79,10.13,9.37,9.06,8.98,9.26
1141.55,27,8.92,8.61,9.53,9.16,9.09,10.12,7.81,9.87,9.68,8.91,9.83,9.17,9.77,10.12,9.38,9.09,8.97,9.26
1142.57,27,8.92,8.59,9.53,9.15,9.1,10.11,7.79,9.86,9.68,8.89,9.83,9.19,9.77,10.13,9.38,9.08,8.97,9.26
1143.57,27,8.92,8.61,9.52,9.15,9.1,10.11,7.79,9.84,9.68,8.89,9.82,9.17,9.77,10.13,9.38,9.08,8.97,9.26
1144.57,27,8.92,8.59,9.53,9.16,9.09,10.12,7.79,9.86,9.69,8.88,9.82,9.19,9.78,10.12,9.37,9.08,8.97,9.27
1145.57,27,8.92,8.61,9.53,9.16,9.09,10.12,7.79,9.86,9.69,8.89,9.8,9.19,9.77,10.13,9.37,9.06,8.98,9.27
1146.57,27,8.93,8.61,9.54,9.15,9.09,10.12,7.79,9.86,9.69,8.88,9.8,9.19,9.79,10.12,9.38,9.08,8.97,9.26
1147.57,27,8.92,8.59,9.53,9.15,9.09,10.12,7.78,9.84,9.69,8.89,9.8,9.2,9.75,10.12,9.38,9.06,8.97,9.26
1148.58,27,8.92,8.59,9.53,9.14,9.1,10.13,7.79,9.86,9.7,8.88,9.82,9.2,9.75,10.13,9.38,9.08,8.97,9.27
1149.58,27,8.93,8.58,9.52,9.12,9.1,10.12,7.78,9.86,9.7,8.88,9.8,9.21,9.77,10.12,9.38,9.05,8.94,9.27
1150.58,27,8.94,8.62,9.53,9.14,9.11,10.15,7.79,9.87,9.72,8.89,9.8,9.21,9.78,10.15,9.38,9.08,8.97,9.28
1151.58,27,8.94,8.62,9.54,9.14,9.11,10.15,7.79,9.87,9.73,8.89,9.82,9.21,9.78,10.13,9.39,9.06,8.97,9.26
1152.58,27,8.94,8.62,9.53,9.14,9.1,10.16,7.79,9.88,9.73,8.88,9.82,9.23,9.77,10.15,9.41,9.08,8.97,9.28
1153.58,27,8.93,8.61,9.53,9.14,9.1,10.15,7.78,9.86,9.73,8.89,9.8,9.23,9.77,10.15,9.39,9.08,8.97,9.26
1154.58,27,8.94,8.63,9.54,9.14,9.11,10.15,7.78,9.87,9.72,8.88,9.82,9.23,9.78,10.17,9.41,9.06,8.98,9.27
1155.58,27,8.94,8.62,9.53,9.15,9.14,10.16,7.79,9.89,9.74,8.91,9.82,9.25,9.78,10.15,9.41,9.09,8.97,9.27
1156.6,27,8.94,8.62,9.53,9.14,9.12,10.16,7.78,9.88,9.74,8.89,9.8,9.23,9.78,10.17,9.42,9.08,8.97,9.27
1157.6,27,8.95,8.63,9.52,9.12,9.14,10.15,7.78,9.88,9.74,8.91,9.82,9.23,9.77,10.16,9.41,9.09,8.97,9.27
1158.6,27,8.93,8.62,9.52,9.11,9.11,10.11,7.76,9.87,9.69,8.87,9.8,9.2,9.75,10.17,9.37,9.06,8.95,9.25
1159.6,27,8.91,8.68,9.58,9.09,9.14,10.15,7.74,9.87,9.75,8.86,9.8,9.23,9.73,10.15,9.42,9.05,8.94,9.27
1160.6,27,8.94,8.71,9.63,9.14,9.21,10.17,7.76,9.87,9.82,8.89,9.83,9.27,9.77,10.18,9.46,9.06,8.97,9.3
1161.62,27,8.95,8.74,9.65,9.17,9.23,10.2,7.78,9.89,9.83,8.91,9.87,9.27,9.79,10.2,9.47,9.06,8.98,9.32
1162.62,27,8.98,8.74,9.67,9.2,9.25,10.21,7.78,9.96,9.84,8.95,9.89,9.3,9.82,10.23,9.49,9.09,8.99,9.31
1163.63,27,8.99,8.75,9.68,9.22,9.26,10.21,7.78,9.96,9.84,8.95,9.93,9.28,9.83,10.23,9.49,9.09,8.99,9.31
1164.63,27,8.99,8.75,9.65,9.23,9.26,10.21,7.78,9.97,9.82,8.97,9.93,9.28,9.83,10.26,9.51,9.1,8.99,9.31
1165.63,27,9.0,8.76,9.68,9.26,9.26,10.21,7.79,9.99,9.86,8.97,9.93,9.28,9.86,10.26,9.51,9.1,9.0,9.31
1166.63,27,9.0,8.76,9.68,9.26,9.27,10.22,7.79,9.98,9.86,8.98,9.94,9.3,9.84,10.25,9.52,9.1,9.0,9.32
1167.65,27,8.98,8.74,9.65,9.25,9.25,10.2,7.79,9.97,9.84,8.97,9.93,9.27,9.84,10.25,9.49,9.09,8.98,9.3
1168.65,27,8.98,8.73,9.65,9.25,9.23,10.18,7.78,9.97,9.84,8.97,9.92,9.26,9.82,10.23,9.49,9.06,8.98,9.3
1169.65,27,8.98,8.74,9.67,9.25,9.23,10.22,7.78,9.96,9.83,8.98,9.92,9.28,9.84,10.23,9.49,9.08,8.98,9.3
1170.65,27,8.98,8.74,9.65,9.22,9.23,10.2,7.79,9.94,9.83,8.97,9.92,9.26,9.82,10.21,9.48,9.06,8.98,9.31
1171.67,27,8.97,8.71,9.64,9.22,9.22,10.2,7.78,9.94,9.82,8.95,9.91,9.26,9.82,10.21,9.48,9.08,8.97,9.28
1172.67,27,8.95,8.7,9.64,9.25,9.21,10.2,7.78,9.94,9.82,8.93,9.91,9.25,9.82,10.21,9.47,9.05,8.97,9.28
1173.67,27,8.94,8.71,9.63,9.21,9.2,10.17,7.77,9.92,9.79,8.94,9.88,9.23,9.79,10.2,9.46,9.03,8.94,9.26
1174.67,27,8.95,8.7,9.62,9.22,9.2,10.17,7.77,9.93,9.78,8.94,9.89,9.23,9.79,10.18,9.46,9.04,8.94,9.27
1175.67,27,8.95,8.69,9.62,9.23,9.19,10.17,7.77,9.93,9.79,8.94,9.88,9.23,9.8,10.17,9.44,9.04,8.97,9.26
1176.67,27,8.93,8.68,9.61,9.2,9.16,10.15,7.77,9.91,9.77,8.93,9.88,9.21,9.79,10.16,9.43,9.02,8.95,9.26
1177.67,27,8.94,8.69,9.61,9.21,9.17,10.16,7.78,9.91,9.75,8.93,9.88,9.21,9.79,10.15,9.44,9.03,8.94,9.26
1178.67,27,8.92,8.67,9.59,9.2,9.14,10.13,7.77,9.91,9.74,8.93,9.86,9.2,9.77,10.15,9.42,9.02,8.94,9.25
1179.68,27,8.92,8.64,9.57,9.19,9.14,10.11,7.76,9.88,9.73,8.89,9.84,9.2,9.77,10.13,9.41,9.0,8.92,9.22
1180.68,27,8.93,8.65,9.58,9.21,9.15,10.13,7.77,9.91,9.72,8.92,9.84,9.2,9.78,10.13,9.41,9.02,8.93,9.25
1181.68,27,8.91,8.64,9.56,9.17,9.14,10.11,7.77,9.88,9.72,8.92,9.84,9.21,9.79,10.12,9.39,9.02,8.93,9.22
1182.68,27,8.91,8.62,9.54,9.16,9.09,10.08,7.76,9.86,9.68,8.88,9.82,9.19,9.74,10.09,9.36,8.99,8.89,9.2
1183.68,27,8.89,8.62,9.53,9.17,9.1,10.08,7.76,9.87,9.67,8.89,9.82,9.17,9.75,10.09,9.36,8.99,8.93,9.22
1184.7,27,8.89,8.61,9.53,9.15,9.09,10.06,7.76,9.86,9.64,8.89,9.79,9.17,9.74,10.07,9.36,8.99,8.91,9.21
1185.7,27,8.88,8.59,9.51,9.15,9.05,10.04,7.75,9.83,9.63,8.88,9.79,9.16,9.73,10.07,9.33,8.98,8.91,9.19
1186.7,27,8.89,8.58,9.51,9.14,9.06,10.03,7.76,9.83,9.62,8.88,9.79,9.15,9.74,10.07,9.32,8.99,8.89,9.19
1187.72,27,8.88,8.58,9.51,9.15,9.04,10.04,7.76,9.83,9.61,8.87,9.79,9.15,9.74,10.06,9.32,8.99,8.91,9.19
1188.72,27,8.86,8.56,9.47,9.11,9.02,10.02,7.74,9.8,9.58,8.86,9.74,9.12,9.7,10.04,9.3,8.98,8.89,9.16
1189.72,27,8.86,8.56,9.48,9.14,9.03,10.01,7.75,9.82,9.58,8.88,9.77,9.11,9.72,10.03,9.3,8.99,8.89,9.17
1190.72,27,8.86,8.53,9.47,9.11,9.02,10.01,7.74,9.79,9.57,8.86,9.74,9.12,9.72,10.03,9.27,8.98,8.89,9.17
1191.72,27,8.86,8.52,9.48,9.12,9.0,9.98,7.75,9.79,9.57,8.86,9.75,9.1,9.72,10.03,9.27,8.99,8.91,9.15
1192.73,27,8.85,8.52,9.46,9.11,8.99,9.99,7.74,9.78,9.56,8.83,9.74,9.11,9.7,10.02,9.27,8.97,8.89,9.17
1193.73,27,8.83,8.51,9.44,9.11,8.99,9.98,7.74,9.77,9.53,8.85,9.72,9.09,9.7,10.01,9.27,8.99,8.89,9.17
1194.73,27,8.83,8.51,9.44,9.1,8.99,9.98,7.74,9.77,9.56,8.85,9.74,9.1,9.69,10.02,9.26,8.99,8.89,9.17
1195.73,27,8.83,8.5,9.43,9.1,8.97,9.98,7.73,9.75,9.54,8.85,9.73,9.1,9.69,10.02,9.26,8.99,8.88,9.16
1196.73,27,8.81,8.49,9.43,9.09,8.97,9.97,7.71,9.75,9.53,8.82,9.7,9.06,9.68,9.99,9.26,8.98,8.89,9.15
1197.75,27,8.81,8.47,9.44,9.09,8.97,9.98,7.71,9.74,9.54,8.82,9.72,9.08,9.68,10.01,9.25,8.98,8.88,9.15
1198.75,27,8.8,8.47,9.42,9.09,8.97,9.96,7.71,9.73,9.53,8.81,9.69,9.08,9.67,9.99,9.25,8.97,8.88,9.14
1199.75,27,8.82,8.46,9.42,9.08,8.97,9.94,7.71,9.74,9.53,8.82,9.7,9.06,9.68,10.01,9.23,8.98,8.87,9.15
1200.75,27,8.81,8.46,9.41,9.06,8.97,9.97,7.71,9.72,9.53,8.81,9.72,9.06,9.68,9.99,9.22,8.97,8.87,9.15
1201.77,27,8.83,8.46,9.43,9.05,8.97,9.97,7.71,9.73,9.53,8.81,9.7,9.06,9.68,10.01,9.23,8.97,8.88,9.14
1202.77,27,8.82,8.46,9.42,9.06,8.97,9.97,7.71,9.72,9.54,8.8,9.69,9.09,9.65,10.01,9.23,8.95,8.87,9.15
1203.77,27,8.81,8.46,9.42,9.06,8.95,9.96,7.7,9.73,9.54,8.79,9.68,9.08,9.65,9.99,9.23,8.97,8.85,9.15
1204.77,27,8.81,8.47,9.41,9.04,8.94,9.96,7.71,9.74,9.54,8.8,9.68,9.09,9.67,10.01,9.23,8.97,8.87,9.14
1205.77,27,8.81,8.46,9.41,9.03,8.97,9.97,7.71,9.73,9.53,8.79,9.69,9.09,9.67,9.99,9.23,8.97,8.86,9.15
1206.77,27,8.8,8.45,9.41,9.03,8.95,9.97,7.68,9.7,9.53,8.77,9.68,9.06,9.65,9.98,9.23,8.95,8.85,9.14
1207.78,27,8.82,8.46,9.39,9.03,8.97,9.97,7.7,9.73,9.56,8.79,9.68,9.09,9.64,10.01,9.25,8.97,8.87,9.15
1208.78,27,8.8,8.45,9.39,9.02,8.94,9.97,7.7,9.72,9.53,8.77,9.67,9.09,9.65,10.01,9.23,8.94,8.86,9.14
1209.78,27,8.82,8.46,9.39,9.03,8.95,9.98,7.7,9.73,9.56,8.79,9.69,9.11,9.65,10.01,9.22,8.95,8.86,9.16
1210.78,27,8.82,8.46,9.39,9.03,8.95,9.99,7.7,9.73,9.57,8.76,9.68,9.1,9.67,10.03,9.26,8.95,8.88,9.15
1211.78,27,8.81,8.46,9.39,9.03,8.95,9.98,7.7,9.73,9.56,8.76,9.67,9.1,9.65,10.02,9.26,8.95,8.86,9.15
1212.8,27,8.82,8.46,9.39,9.0,8.95,9.98,7.68,9.73,9.56,8.75,9.67,9.1,9.63,10.01,9.25,8.94,8.86,9.15
1213.8,27,8.81,8.47,9.39,9.0,8.95,9.98,7.69,9.74,9.57,8.76,9.67,9.11,9.64,10.01,9.25,8.95,8.86,9.14
1214.8,27,8.82,8.46,9.39,8.99,8.95,9.98,7.68,9.72,9.56,8.76,9.67,9.11,9.64,10.02,9.26,8.95,8.87,9.14
1215.8,27,8.82,8.47,9.39,9.0,8.98,10.01,7.69,9.74,9.58,8.77,9.68,9.11,9.65,10.03,9.27,8.95,8.87,9.14
1216.8,27,8.82,8.46,9.38,8.99,8.98,9.98,7.69,9.74,9.56,8.76,9.68,9.11,9.65,10.03,9.26,8.94,8.86,9.15
1217.8,27,8.82,8.49,9.39,8.99,8.97,9.98,7.69,9.74,9.57,8.77,9.68,9.12,9.64,10.04,9.27,8.95,8.87,9.15
1218.8,27,8.83,8.49,9.39,8.98,8.98,9.99,7.68,9.73,9.58,8.79,9.68,9.12,9.65,10.04,9.27,8.95,8.86,9.15
1219.82,27,8.81,8.47,9.36,8.98,8.99,9.98,7.68,9.74,9.59,8.77,9.67,9.11,9.63,10.03,9.25,8.95,8.85,9.12
1220.82,27,8.82,8.5,9.39,8.99,8.98,10.02,7.69,9.74,9.58,8.79,9.68,9.12,9.65,10.06,9.27,8.98,8.87,9.15
1221.82,27,8.82,8.5,9.39,8.98,8.99,10.01,7.67,9.78,9.59,8.79,9.69,9.12,9.65,10.06,9.26,8.98,8.86,9.14
1222.82,27,8.85,8.5,9.39,8.97,8.99,10.01,7.67,9.77,9.57,8.79,9.69,9.12,9.65,10.06,9.27,8.97,8.87,9.14
1223.82,27,8.83,8.5,9.37,8.95,9.0,9.98,7.68,9.75,9.57,8.79,9.69,9.12,9.63,10.07,9.27,8.95,8.87,9.14
1224.82,27,8.8,8.51,9.42,8.95,8.99,9.98,7.64,9.74,9.59,8.77,9.69,9.12,9.63,10.06,9.27,8.94,8.86,9.12
1225.82,27,8.8,8.57,9.48,8.94,9.04,10.02,7.66,9.74,9.64,8.79,9.68,9.16,9.65,10.04,9.31,8.97,8.85,9.16
1226.83,27,8.83,8.59,9.52,9.02,9.09,10.03,7.69,9.74,9.67,8.81,9.7,9.19,9.69,10.07,9.33,8.99,8.87,9.19
1227.83,27,8.87,8.61,9.56,9.08,9.11,10.07,7.71,9.8,9.7,8.85,9.75,9.2,9.72,10.09,9.36,8.99,8.88,9.19
1228.83,27,8.88,8.61,9.56,9.1,9.12,10.04,7.7,9.83,9.69,8.87,9.79,9.19,9.72,10.12,9.37,9.0,8.89,9.2
1229.83,27,8.87,8.62,9.56,9.1,9.14,10.07,7.71,9.86,9.7,8.86,9.8,9.17,9.72,10.11,9.36,8.99,8.88,9.19
1230.83,27,8.88,8.61,9.56,9.12,9.12,10.08,7.71,9.84,9.72,8.87,9.8,9.19,9.72,10.12,9.37,8.99,8.88,9.19
1231.83,27,8.88,8.61,9.56,9.12,9.12,10.07,7.71,9.84,9.7,8.87,9.82,9.19,9.72,10.11,9.37,8.98,8.88,9.2
1232.83,27,8.88,8.62,9.56,9.12,9.12,10.08,7.71,9.84,9.72,8.87,9.8,9.19,9.73,10.11,9.37,8.98,8.89,9.19
1233.85,27,8.89,8.61,9.56,9.14,9.12,10.08,7.71,9.86,9.7,8.87,9.8,9.2,9.73,10.11,9.37,8.95,8.89,9.19
1234.85,27,8.87,8.59,9.53,9.12,9.1,10.07,7.71,9.83,9.7,8.86,9.79,9.16,9.72,10.08,9.35,8.95,8.86,9.16
1235.85,27,8.86,8.59,9.53,9.12,9.08,10.06,7.7,9.82,9.67,8.86,9.79,9.16,9.7,10.07,9.35,8.94,8.86,9.16
1236.85,27,8.87,8.59,9.54,9.12,9.1,10.07,7.7,9.82,9.68,8.86,9.79,9.17,9.72,10.09,9.36,8.94,8.87,9.16
1237.85,27,8.86,8.57,9.53,9.11,9.08,10.04,7.7,9.8,9.69,8.85,9.78,9.15,9.7,10.06,9.33,8.92,8.86,9.15
1238.85,27,8.86,8.56,9.52,9.11,9.08,10.03,7.7,9.82,9.65,8.85,9.77,9.15,9.69,10.06,9.33,8.92,8.87,9.15
1239.85,27,8.86,8.58,9.52,9.12,9.06,10.04,7.7,9.82,9.67,8.83,9.77,9.15,9.72,10.06,9.33,8.93,8.86,9.16
1240.85,27,8.85,8.56,9.52,9.11,9.06,10.04,7.7,9.8,9.65,8.85,9.77,9.15,9.68,10.04,9.32,8.91,8.86,9.16
1241.87,27,8.85,8.56,9.49,9.1,9.05,10.03,7.7,9.8,9.64,8.82,9.75,9.14,9.69,10.03,9.31,8.91,8.82,9.15
1242.87,27,8.85,8.55,9.49,9.1,9.04,10.03,7.7,9.79,9.62,8.83,9.75,9.15,9.69,10.02,9.3,8.91,8.85,9.12
1243.87,27,8.81,8.53,9.47,9.09,9.02,10.01,7.69,9.78,9.62,8.81,9.73,9.12,9.67,9.99,9.3,8.88,8.82,9.11
1244.87,27,8.82,8.51,9.47,9.09,9.0,9.99,7.68,9.77,9.59,8.81,9.72,9.11,9.67,10.01,9.28,8.89,8.83,9.11
1245.87,27,8.81,8.51,9.46,9.09,8.99,9.97,7.68,9.75,9.59,8.82,9.73,9.09,9.65,9.99,9.26,8.89,8.83,9.1
1246.88,27,8.81,8.51,9.46,9.09,8.99,9.99,7.69,9.75,9.58,8.81,9.72,9.1,9.65,9.98,9.25,8.87,8.82,9.09
1247.88,27,8.8,8.5,9.41,9.06,8.97,9.96,7.67,9.74,9.57,8.79,9.69,9.06,9.63,9.97,9.25,8.87,8.81,9.1
1248.88,27,8.79,8.47,9.42,9.05,8.95,9.94,7.67,9.72,9.56,8.77,9.69,9.06,9.64,9.96,9.22,8.87,8.8,9.08
1249.88,27,8.77,8.46,9.41,9.05,8.95,9.93,7.67,9.73,9.52,8.79,9.68,9.04,9.62,9.94,9.22,8.88,8.81,9.08
1250.88,27,8.77,8.45,9.39,9.05,8.95,9.93,7.67,9.73,9.52,8.8,9.67,9.04,9.64,9.93,9.21,8.87,8.8,9.08
1251.88,27,8.77,8.44,9.39,9.03,8.93,9.91,7.67,9.72,9.49,8.77,9.65,9.03,9.63,9.93,9.21,8.86,8.81,9.06
1252.88,27,8.75,8.43,9.37,9.02,8.89,9.88,7.63,9.68,9.47,8.76,9.64,9.02,9.59,9.92,9.17,8.86,8.79,9.05
1253.88,27,8.76,8.43,9.37,9.02,8.91,9.88,7.67,9.69,9.46,8.77,9.64,9.0,9.61,9.91,9.16,8.86,8.79,9.06
1254.9,27,8.75,8.42,9.37,9.04,8.89,9.87,7.66,9.68,9.44,8.76,9.64,8.99,9.61,9.89,9.16,8.86,8.79,9.05
1255.9,27,8.75,8.39,9.32,9.02,8.88,9.86,7.66,9.68,9.43,8.76,9.63,8.98,9.59,9.89,9.14,8.85,8.79,9.04
1256.9,27,8.74,8.39,9.35,9.0,8.87,9.83,7.66,9.67,9.42,8.74,9.62,8.97,9.59,9.89,9.12,8.85,8.77,9.03
1257.9,27,8.74,8.38,9.35,8.99,8.86,9.83,7.64,9.64,9.39,8.76,9.62,8.95,9.58,9.87,9.12,8.85,8.79,9.03
1258.9,27,8.74,8.36,9.33,9.02,8.86,9.83,7.66,9.64,9.39,8.76,9.61,8.95,9.59,9.86,9.11,8.86,8.77,9.03
1259.9,27,8.73,8.34,9.31,8.98,8.83,9.8,7.63,9.63,9.37,8.71,9.58,8.94,9.57,9.86,9.1,8.83,8.77,9.03
1260.9,27,8.73,8.33,9.32,8.99,8.83,9.8,7.64,9.61,9.37,8.74,9.59,8.94,9.58,9.84,9.1,8.85,8.77,9.03
1261.9,27,8.71,8.32,9.28,8.98,8.81,9.79,7.62,9.61,9.35,8.73,9.57,8.93,9.57,9.83,9.09,8.83,8.76,9.02
1262.9,27,8.71,8.32,9.3,8.97,8.81,9.79,7.63,9.59,9.35,8.73,9.56,8.89,9.54,9.83,9.09,8.83,8.77,9.0
1263.9,27,8.7,8.31,9.28,8.98,8.81,9.78,7.63,9.59,9.35,8.73,9.56,8.89,9.56,9.84,9.08,8.85,8.76,9.03
1264.9,27,8.71,8.31,9.28,8.97,8.81,9.79,7.63,9.59,9.33,8.73,9.56,8.92,9.57,9.84,9.09,8.85,8.77,9.02
1265.9,27,8.7,8.3,9.26,8.97,8.81,9.75,7.62,9.58,9.32,8.7,9.56,8.91,9.56,9.83,9.08,8.85,8.76,9.02
1266.9,27,8.7,8.3,9.27,8.95,8.8,9.75,7.62,9.57,9.33,8.71,9.56,8.89,9.54,9.83,9.08,8.83,8.76,9.02
1267.9,27,8.7,8.27,9.26,8.94,8.79,9.77,7.61,9.57,9.32,8.71,9.54,8.89,9.54,9.83,9.06,8.83,8.75,9.02
1268.9,27,8.68,8.27,9.26,8.94,8.8,9.77,7.62,9.56,9.32,8.7,9.54,8.89,9.56,9.83,9.06,8.85,8.76,9.0
1269.9,27,8.68,8.28,9.25,8.93,8.79,9.74,7.62,9.57,9.31,8.7,9.53,8.88,9.54,9.83,9.05,8.83,8.75,9.0
1270.9,27,8.69,8.27,9.26,8.93,8.8,9.74,7.61,9.57,9.32,8.7,9.53,8.87,9.56,9.83,9.06,8.85,8.74,9.0
1271.9,27,8.68,8.26,9.22,8.91,8.77,9.73,7.6,9.54,9.31,8.68,9.52,8.87,9.52,9.82,9.04,8.82,8.75,9.0
1272.9,27,8.7,8.27,9.26,8.92,8.79,9.77,7.62,9.57,9.32,8.69,9.52,8.91,9.54,9.83,9.06,8.85,8.76,9.02
1273.92,27,8.69,8.27,9.23,8.92,8.79,9.75,7.6,9.56,9.32,8.69,9.52,8.91,9.54,9.84,9.05,8.85,8.75,9.02
1274.92,27,8.67,8.26,9.22,8.89,8.77,9.75,7.6,9.54,9.32,8.69,9.52,8.89,9.52,9.82,9.05,8.82,8.75,9.0
1275.92,27,8.69,8.27,9.23,8.91,8.77,9.74,7.6,9.57,9.32,8.68,9.52,8.89,9.53,9.83,9.06,8.85,8.74,9.0
1276.92,27,8.67,8.26,9.22,8.91,8.76,9.74,7.59,9.56,9.32,8.68,9.52,8.91,9.53,9.82,9.04,8.82,8.75,9.0
1277.92,27,8.67,8.25,9.21,8.89,8.77,9.75,7.6,9.54,9.32,8.68,9.51,8.89,9.52,9.82,9.05,8.83,8.75,9.0
1278.92,27,8.68,8.26,9.21,8.89,8.77,9.75,7.6,9.54,9.33,8.68,9.51,8.91,9.53,9.82,9.05,8.85,8.74,9.02
1279.92,27,8.68,8.27,9.2,8.88,8.76,9.75,7.59,9.56,9.35,8.65,9.51,8.89,9.52,9.83,9.05,8.85,8.75,8.99
1280.92,27,8.67,8.26,9.21,8.87,8.76,9.75,7.59,9.56,9.33,8.67,9.49,8.89,9.49,9.83,9.05,8.83,8.75,9.0
1281.92,27,8.69,8.28,9.22,8.89,8.77,9.78,7.6,9.57,9.36,8.68,9.52,8.92,9.52,9.84,9.06,8.85,8.75,9.0
1282.93,27,8.68,8.28,9.22,8.88,8.77,9.78,7.58,9.57,9.33,8.68,9.49,8.92,9.52,9.84,9.05,8.83,8.75,9.0
1283.93,27,8.67,8.27,9.21,8.85,8.76,9.75,7.56,9.54,9.35,8.65,9.49,8.92,9.51,9.83,9.06,8.83,8.75,8.98
1284.93,27,8.68,8.28,9.21,8.87,8.77,9.78,7.58,9.57,9.36,8.67,9.51,8.93,9.52,9.87,9.08,8.85,8.75,8.99
1285.93,27,8.68,8.28,9.21,8.87,8.79,9.78,7.56,9.56,9.35,8.67,9.49,8.92,9.51,9.86,9.08,8.83,8.75,9.0
1286.93,27,8.68,8.3,9.22,8.86,8.79,9.78,7.56,9.58,9.36,8.67,9.51,8.93,9.52,9.88,9.08,8.85,8.75,9.0
1287.93,27,8.68,8.3,9.22,8.86,8.8,9.77,7.58,9.57,9.37,8.67,9.51,8.94,9.51,9.87,9.08,8.83,8.76,9.0
1288.93,27,8.67,8.3,9.21,8.85,8.77,9.79,7.56,9.57,9.36,8.65,9.48,8.93,9.49,9.87,9.08,8.83,8.74,9.0
1289.95,27,8.68,8.3,9.21,8.86,8.8,9.8,7.56,9.57,9.37,8.65,9.52,8.94,9.52,9.88,9.09,8.83,8.75,8.99
1290.95,27,8.68,8.31,9.21,8.85,8.8,9.79,7.56,9.58,9.38,8.67,9.51,8.93,9.51,9.89,9.08,8.85,8.75,8.99
1291.95,27,8.68,8.3,9.21,8.85,8.79,9.79,7.55,9.57,9.38,8.67,9.51,8.95,9.51,9.89,9.09,8.85,8.74,8.98
1292.95,27,8.67,8.31,9.21,8.83,8.8,9.79,7.55,9.58,9.37,8.65,9.52,8.95,9.51,9.89,9.09,8.83,8.75,8.99
1293.95,27,8.68,8.31,9.21,8.85,8.79,9.8,7.55,9.58,9.38,8.68,9.53,8.97,9.52,9.92,9.1,8.83,8.76,8.99
1294.95,27,8.68,8.31,9.21,8.83,8.81,9.82,7.55,9.59,9.37,8.68,9.52,8.95,9.51,9.89,9.1,8.86,8.75,9.0
1295.95,27,8.68,8.31,9.21,8.85,8.8,9.8,7.55,9.59,9.38,8.65,9.52,8.97,9.51,9.92,9.11,8.85,8.76,8.99
1296.95,27,8.68,8.32,9.2,8.83,8.8,9.8,7.54,9.59,9.37,8.67,9.52,8.95,9.51,9.91,9.09,8.83,8.74,9.0
1297.97,27,8.68,8.32,9.22,8.83,8.82,9.8,7.54,9.61,9.37,8.65,9.53,8.97,9.51,9.92,9.1,8.83,8.76,8.98
1298.97,27,8.68,8.32,9.22,8.85,8.82,9.8,7.54,9.61,9.39,8.67,9.53,8.97,9.52,9.94,9.11,8.85,8.76,9.0
1299.97,27,8.67,8.33,9.2,8.83,8.8,9.8,7.54,9.59,9.38,8.67,9.52,8.95,9.51,9.92,9.1,8.85,8.74,8.99
1300.97,27,8.67,8.32,9.21,8.81,8.81,9.79,7.54,9.61,9.37,8.67,9.54,8.95,9.51,9.92,9.09,8.83,8.76,8.98
1301.98,27,8.65,8.31,9.22,8.8,8.81,9.77,7.52,9.59,9.38,8.64,9.53,8.93,9.48,9.92,9.08,8.82,8.75,8.95
1302.98,27,8.64,8.38,9.31,8.8,8.88,9.83,7.53,9.58,9.44,8.64,9.53,8.99,9.48,9.92,9.12,8.85,8.74,9.02
1303.98,27,8.69,8.42,9.36,8.88,8.93,9.84,7.56,9.59,9.49,8.69,9.57,9.03,9.54,9.92,9.16,8.87,8.74,9.03
1304.98,27,8.73,8.44,9.39,8.94,8.95,9.87,7.59,9.63,9.52,8.71,9.61,9.02,9.58,9.93,9.19,8.87,8.76,9.04
1305.98,27,8.74,8.44,9.41,8.97,8.97,9.87,7.59,9.67,9.52,8.75,9.62,9.02,9.57,9.96,9.19,8.88,8.77,9.04
1306.98,27,8.77,8.44,9.43,9.0,8.98,9.89,7.61,9.7,9.54,8.76,9.65,9.05,9.61,9.98,9.2,8.88,8.79,9.05
1308.0,27,8.75,8.44,9.42,9.0,8.98,9.89,7.6,9.68,9.53,8.76,9.64,9.03,9.59,9.96,9.2,8.86,8.77,9.04
1309.0,27,8.77,8.44,9.42,9.02,8.97,9.89,7.6,9.69,9.54,8.77,9.65,9.04,9.59,9.96,9.2,8.86,8.79,9.04
1310.0,27,8.77,8.44,9.41,9.03,8.98,9.89,7.61,9.69,9.53,8.77,9.65,9.04,9.59,9.96,9.21,8.86,8.76,9.04
1311.02,27,8.75,8.43,9.41,8.99,8.95,9.88,7.59,9.68,9.51,8.74,9.64,9.02,9.59,9.94,9.19,8.82,8.76,9.03
1312.02,27,8.75,8.4,9.41,8.99,8.94,9.89,7.59,9.67,9.51,8.74,9.64,9.02,9.58,9.93,9.19,8.82,8.75,9.03
1313.02,27,8.76,8.43,9.42,9.02,8.95,9.91,7.61,9.68,9.54,8.76,9.64,9.03,9.59,9.93,9.2,8.81,8.76,9.02
1314.02,27,8.75,8.42,9.41,9.0,8.93,9.89,7.6,9.68,9.53,8.74,9.63,9.02,9.58,9.92,9.19,8.81,8.75,9.03
1315.02,27,8.74,8.43,9.39,9.0,8.94,9.91,7.6,9.67,9.52,8.73,9.63,9.02,9.57,9.92,9.19,8.8,8.75,9.02
1316.02,27,8.74,8.4,9.39,8.99,8.93,9.88,7.59,9.65,9.49,8.73,9.62,9.0,9.57,9.91,9.17,8.79,8.74,9.02
1317.03,27,8.73,8.4,9.38,8.99,8.91,9.89,7.6,9.67,9.51,8.74,9.62,9.0,9.56,9.91,9.17,8.79,8.74,9.02
1318.03,27,8.71,8.39,9.37,8.98,8.91,9.86,7.58,9.63,9.48,8.71,9.62,8.99,9.54,9.87,9.15,8.76,8.73,9.0
1319.03,27,8.71,8.38,9.37,8.95,8.87,9.84,7.58,9.64,9.44,8.71,9.59,8.98,9.56,9.86,9.14,8.77,8.73,8.99
1320.05,27,8.7,8.37,9.35,8.95,8.87,9.84,7.56,9.63,9.47,8.7,9.58,8.97,9.53,9.87,9.12,8.75,8.71,8.98
1321.05,27,8.69,8.37,9.36,8.97,8.86,9.84,7.58,9.62,9.44,8.7,9.58,8.97,9.53,9.87,9.12,8.74,8.7,8.98
1322.05,27,8.68,8.36,9.32,8.94,8.85,9.83,7.56,9.61,9.43,8.69,9.58,8.95,9.53,9.86,9.11,8.75,8.7,8.97
1323.05,27,8.69,8.36,9.33,8.95,8.85,9.8,7.58,9.59,9.42,8.69,9.57,8.94,9.52,9.83,9.1,8.73,8.7,8.97
1324.05,27,8.67,8.33,9.31,8.92,8.82,9.79,7.56,9.59,9.41,8.68,9.53,8.94,9.51,9.82,9.09,8.73,8.69,8.94
1325.05,27,8.67,8.33,9.3,8.94,8.81,9.79,7.56,9.59,9.38,8.68,9.54,8.92,9.49,9.82,9.08,8.73,8.7,8.95
1326.07,27,8.64,8.31,9.28,8.93,8.8,9.78,7.56,9.57,9.37,8.64,9.54,8.91,9.49,9.8,9.08,8.71,8.68,8.93
1327.07,27,8.65,8.31,9.28,8.92,8.79,9.77,7.55,9.56,9.37,8.67,9.53,8.91,9.48,9.79,9.06,8.73,8.68,8.92
1328.07,27,8.64,8.28,9.26,8.91,8.77,9.75,7.55,9.56,9.33,8.65,9.52,8.89,9.48,9.78,9.05,8.71,8.65,8.92
1329.07,27,8.65,8.28,9.27,8.91,8.77,9.74,7.55,9.56,9.33,8.65,9.52,8.88,9.47,9.78,9.04,8.71,8.69,8.93
1330.08,27,8.63,8.26,9.25,8.89,8.75,9.72,7.54,9.53,9.3,8.63,9.49,8.86,9.47,9.75,9.0,8.69,8.67,8.92
1331.08,27,8.63,8.25,9.22,8.89,8.74,9.7,7.54,9.52,9.28,8.63,9.49,8.86,9.47,9.74,9.02,8.69,8.67,8.91
1332.08,27,8.62,8.24,9.22,8.88,8.71,9.68,7.54,9.52,9.26,8.62,9.47,8.83,9.46,9.72,8.99,8.69,8.67,8.89
1333.08,27,8.59,8.19,9.19,8.86,8.69,9.64,7.52,9.49,9.22,8.61,9.44,8.8,9.43,9.7,8.97,8.68,8.64,8.88
1334.1,27,8.62,8.2,9.2,8.88,8.7,9.67,7.54,9.49,9.23,8.63,9.46,8.82,9.46,9.72,8.97,8.69,8.65,8.88
1335.1,27,8.59,8.19,9.19,8.86,8.68,9.64,7.52,9.48,9.21,8.62,9.46,8.8,9.44,9.69,8.95,8.69,8.65,8.87
1336.1,27,8.61,8.19,9.17,8.86,8.68,9.63,7.53,9.48,9.21,8.62,9.43,8.79,9.43,9.69,8.95,8.69,8.65,8.89
1337.12,27,8.58,8.16,9.16,8.83,8.65,9.62,7.52,9.46,9.17,8.59,9.41,8.77,9.42,9.68,8.93,8.67,8.63,8.85
1338.12,27,8.58,8.14,9.15,8.85,8.64,9.62,7.52,9.44,9.16,8.61,9.41,8.76,9.42,9.68,8.93,8.68,8.64,8.86
1339.12,27,8.58,8.14,9.15,8.82,8.63,9.61,7.51,9.43,9.16,8.61,9.41,8.75,9.42,9.67,8.92,8.68,8.64,8.87
1340.12,27,8.57,8.13,9.14,8.83,8.62,9.59,7.52,9.43,9.14,8.59,9.41,8.75,9.41,9.65,8.91,8.68,8.63,8.87
1341.12,27,8.57,8.11,9.14,8.85,8.62,9.59,7.52,9.43,9.14,8.58,9.38,8.74,9.41,9.65,8.89,8.67,8.62,8.86
1342.13,27,8.58,8.12,9.14,8.83,8.62,9.59,7.54,9.43,9.15,8.59,9.39,8.75,9.42,9.65,8.91,8.69,8.63,8.86
1343.13,27,8.57,8.1,9.11,8.82,8.62,9.58,7.53,9.42,9.12,8.58,9.38,8.74,9.39,9.65,8.88,8.68,8.62,8.86
1344.13,27,8.57,8.1,9.12,8.82,8.62,9.57,7.54,9.42,9.12,8.59,9.38,8.74,9.41,9.65,8.89,8.69,8.63,8.85
1345.13,27,8.56,8.09,9.11,8.81,8.59,9.57,7.53,9.39,9.12,8.56,9.37,8.73,9.39,9.65,8.88,8.69,8.63,8.86
1346.13,27,8.56,8.07,9.1,8.8,8.59,9.54,7.52,9.39,9.11,8.58,9.36,8.73,9.39,9.63,8.87,8.68,8.63,8.85
1347.13,27,8.53,8.06,9.08,8.79,8.58,9.54,7.52,9.38,9.08,8.56,9.36,8.71,9.37,9.63,8.87,8.68,8.62,8.83
1348.13,27,8.55,8.07,9.09,8.8,8.59,9.54,7.53,9.39,9.1,8.57,9.35,8.71,9.39,9.64,8.87,8.69,8.62,8.85
1349.13,27,8.53,8.06,9.09,8.79,8.58,9.53,7.52,9.38,9.1,8.56,9.36,8.7,9.37,9.63,8.86,8.68,8.61,8.85
1350.13,27,8.52,8.06,9.06,8.77,8.57,9.52,7.51,9.37,9.08,8.56,9.33,8.69,9.36,9.64,8.86,8.68,8.61,8.82
1351.13,27,8.53,8.05,9.08,8.76,8.57,9.53,7.51,9.37,9.09,8.56,9.33,8.71,9.37,9.63,8.85,8.67,8.61,8.83
1352.13,27,8.53,8.06,9.05,8.75,8.57,9.53,7.51,9.37,9.09,8.56,9.33,8.7,9.37,9.63,8.86,8.68,8.59,8.83
1353.15,27,8.53,8.06,9.05,8.77,8.57,9.53,7.5,9.38,9.09,8.56,9.32,8.7,9.36,9.63,8.85,8.68,8.61,8.85
1354.15,27,8.53,8.06,9.06,8.76,8.57,9.53,7.51,9.37,9.09,8.55,9.32,8.7,9.37,9.64,8.85,8.67,8.61,8.85
1355.15,27,8.53,8.05,9.05,8.77,8.57,9.54,7.5,9.36,9.11,8.55,9.32,8.71,9.37,9.65,8.86,8.68,8.62,8.85
1356.15,27,8.53,8.04,9.04,8.75,8.55,9.53,7.5,9.36,9.09,8.53,9.32,8.7,9.35,9.63,8.85,8.68,8.61,8.82
1357.15,27,8.53,8.05,9.05,8.75,8.56,9.53,7.48,9.37,9.1,8.55,9.33,8.69,9.37,9.64,8.85,8.68,8.61,8.85
1358.15,27,8.53,8.06,9.04,8.76,8.57,9.54,7.51,9.37,9.09,8.55,9.32,8.71,9.38,9.64,8.86,8.69,8.61,8.85
1359.17,27,8.53,8.05,9.03,8.75,8.55,9.53,7.5,9.37,9.1,8.53,9.32,8.71,9.37,9.63,8.85,8.69,8.61,8.82
1360.17,27,8.53,8.05,9.02,8.74,8.55,9.53,7.48,9.35,9.1,8.53,9.31,8.71,9.37,9.64,8.83,8.68,8.61,8.82
1361.17,27,8.53,8.06,9.03,8.75,8.55,9.54,7.5,9.35,9.12,8.53,9.31,8.71,9.37,9.65,8.86,8.69,8.61,8.83
1362.17,27,8.53,8.06,9.03,8.74,8.55,9.56,7.5,9.36,9.11,8.53,9.31,8.73,9.36,9.64,8.87,8.69,8.61,8.85
1363.18,27,8.51,8.05,9.02,8.73,8.53,9.53,7.47,9.35,9.09,8.52,9.28,8.71,9.35,9.64,8.83,8.67,8.61,8.81
1364.18,27,8.53,8.07,9.02,8.74,8.55,9.53,7.47,9.36,9.11,8.53,9.31,8.73,9.35,9.65,8.86,8.69,8.61,8.83
1365.18,27,8.53,8.06,9.04,8.73,8.55,9.56,7.48,9.36,9.11,8.53,9.3,8.74,9.35,9.65,8.86,8.69,8.62,8.82
1366.18,27,8.52,8.07,9.03,8.71,8.53,9.56,7.48,9.36,9.11,8.53,9.31,8.73,9.36,9.65,8.87,8.68,8.62,8.82
1367.18,27,8.52,8.09,9.03,8.71,8.57,9.56,7.48,9.36,9.11,8.53,9.3,8.74,9.35,9.67,8.87,8.68,8.62,8.83
1368.2,27,8.51,8.07,9.02,8.7,8.55,9.56,7.46,9.35,9.1,8.51,9.28,8.73,9.33,9.67,8.85,8.68,8.61,8.82
1369.2,27,8.52,8.07,9.0,8.7,8.57,9.56,7.47,9.36,9.14,8.55,9.3,8.75,9.35,9.69,8.87,8.7,8.63,8.83
1370.2,27,8.51,8.09,9.0,8.68,8.56,9.56,7.47,9.36,9.12,8.52,9.3,8.73,9.36,9.68,8.88,8.7,8.61,8.81
1371.22,27,8.51,8.06,9.0,8.7,8.56,9.56,7.47,9.36,9.12,8.52,9.28,8.75,9.35,9.69,8.87,8.69,8.61,8.81
1372.22,27,8.51,8.07,9.0,8.69,8.56,9.56,7.47,9.36,9.14,8.52,9.3,8.75,9.35,9.69,8.88,8.69,8.61,8.81
1373.22,27,8.51,8.09,9.0,8.68,8.55,9.54,7.45,9.35,9.12,8.51,9.28,8.74,9.35,9.68,8.87,8.68,8.61,8.81
1374.22,27,8.51,8.09,9.0,8.69,8.56,9.57,7.46,9.36,9.12,8.52,9.31,8.75,9.33,9.69,8.87,8.69,8.62,8.82
1375.22,27,8.51,8.09,9.02,8.68,8.57,9.57,7.46,9.36,9.14,8.52,9.3,8.75,9.35,9.7,8.88,8.69,8.61,8.82
1376.22,27,8.49,8.09,8.99,8.69,8.57,9.57,7.46,9.35,9.11,8.52,9.3,8.75,9.32,9.72,8.88,8.7,8.61,8.8
1377.23,27,8.5,8.09,8.99,8.67,8.58,9.57,7.44,9.36,9.14,8.51,9.31,8.74,9.33,9.7,8.88,8.69,8.61,8.81
1378.23,27,8.5,8.07,8.99,8.65,8.58,9.57,7.45,9.38,9.12,8.51,9.31,8.76,9.33,9.72,8.88,8.7,8.61,8.81
1379.23,27,8.5,8.1,9.0,8.67,8.58,9.57,7.46,9.37,9.14,8.52,9.32,8.75,9.33,9.72,8.88,8.7,8.62,8.81
1380.23,27,8.5,8.1,8.99,8.65,8.58,9.56,7.45,9.38,9.14,8.51,9.31,8.75,9.32,9.73,8.87,8.69,8.61,8.81
1381.23,27,8.49,8.1,8.99,8.65,8.59,9.56,7.45,9.38,9.14,8.51,9.32,8.76,9.36,9.72,8.88,8.7,8.61,8.81
1382.23,27,8.5,8.1,8.99,8.64,8.59,9.57,7.45,9.37,9.14,8.5,9.32,8.76,9.35,9.73,8.88,8.71,8.61,8.82
1383.25,27,8.5,8.09,8.98,8.64,8.58,9.57,7.45,9.38,9.11,8.51,9.33,8.75,9.33,9.73,8.88,8.69,8.61,8.8
1384.25,27,8.5,8.09,8.98,8.62,8.59,9.56,7.45,9.38,9.12,8.51,9.33,8.75,9.35,9.73,8.88,8.73,8.61,8.81
1385.25,27,8.49,8.1,8.97,8.63,8.58,9.56,7.45,9.38,9.11,8.5,9.33,8.75,9.33,9.73,8.88,8.71,8.61,8.8
1386.25,27,8.49,8.1,8.98,8.61,8.59,9.56,7.45,9.38,9.12,8.5,9.35,8.75,9.33,9.72,8.87,8.7,8.61,8.8
1387.25,27,8.5,8.11,8.98,8.63,8.61,9.57,7.45,9.39,9.12,8.51,9.35,8.76,9.35,9.73,8.88,8.73,8.62,8.82
1388.27,27,8.49,8.11,8.98,8.62,8.59,9.56,7.46,9.38,9.11,8.5,9.33,8.75,9.33,9.73,8.87,8.73,8.62,8.8
1389.27,27,8.47,8.11,8.97,8.62,8.59,9.56,7.45,9.38,9.11,8.5,9.35,8.76,9.33,9.74,8.86,8.73,8.61,8.8
1390.27,27,8.49,8.11,8.97,8.62,8.61,9.56,7.46,9.41,9.12,8.5,9.36,8.76,9.33,9.73,8.88,8.74,8.62,8.81
1391.28,27,8.49,8.11,8.94,8.61,8.61,9.53,7.44,9.41,9.11,8.5,9.35,8.75,9.35,9.73,8.87,8.73,8.61,8.8
1392.28,27,8.46,8.1,9.02,8.57,8.59,9.53,7.44,9.39,9.1,8.47,9.35,8.71,9.33,9.72,8.85,8.7,8.59,8.79
1393.28,27,8.46,8.16,9.11,8.63,8.63,9.59,7.43,9.36,9.19,8.5,9.31,8.77,9.33,9.7,8.89,8.7,8.58,8.82
1394.28,27,8.53,8.2,9.19,8.73,8.71,9.62,7.47,9.38,9.26,8.58,9.37,8.82,9.39,9.74,8.97,8.73,8.62,8.86
1395.3,27,8.56,8.21,9.21,8.77,8.74,9.64,7.48,9.43,9.3,8.58,9.41,8.83,9.42,9.75,8.98,8.71,8.63,8.87
1396.3,27,8.59,8.23,9.25,8.81,8.76,9.67,7.48,9.47,9.3,8.62,9.43,8.85,9.43,9.75,8.98,8.71,8.64,8.87
1397.3,27,8.61,8.21,9.26,8.85,8.76,9.68,7.48,9.49,9.33,8.62,9.46,8.86,9.43,9.77,8.99,8.7,8.64,8.86
1398.3,27,8.63,8.24,9.26,8.83,8.77,9.69,7.52,9.51,9.35,8.63,9.47,8.87,9.44,9.78,9.0,8.7,8.64,8.86
1399.3,27,8.62,8.21,9.26,8.85,8.77,9.69,7.51,9.49,9.33,8.61,9.46,8.85,9.44,9.77,9.0,8.68,8.64,8.86
1400.32,27,8.59,8.2,9.25,8.85,8.75,9.68,7.5,9.48,9.32,8.61,9.46,8.85,9.43,9.73,8.99,8.65,8.63,8.85
1401.32,27,8.61,8.21,9.23,8.86,8.75,9.67,7.51,9.47,9.31,8.62,9.46,8.83,9.43,9.74,8.99,8.64,8.61,8.83
1402.32,27,8.61,8.21,9.25,8.85,8.75,9.69,7.51,9.49,9.31,8.62,9.46,8.85,9.43,9.74,9.0,8.64,8.63,8.85
1403.32,27,8.59,8.2,9.25,8.85,8.74,9.68,7.5,9.47,9.31,8.59,9.44,8.83,9.41,9.72,8.99,8.62,8.61,8.83
1404.32,27,8.57,8.2,9.23,8.82,8.71,9.67,7.5,9.44,9.28,8.58,9.43,8.82,9.41,9.7,8.98,8.62,8.59,8.82
1405.33,27,8.58,8.19,9.22,8.83,8.71,9.67,7.48,9.46,9.28,8.58,9.41,8.82,9.41,9.7,8.98,8.61,8.59,8.82
1406.33,27,8.58,8.19,9.22,8.82,8.7,9.67,7.48,9.46,9.3,8.58,9.42,8.82,9.38,9.69,8.97,8.59,8.58,8.82
1407.33,27,8.57,8.18,9.21,8.82,8.69,9.65,7.48,9.43,9.27,8.57,9.41,8.8,9.38,9.68,8.95,8.58,8.58,8.81
1408.33,27,8.55,8.17,9.21,8.8,8.68,9.63,7.47,9.42,9.26,8.56,9.39,8.8,9.37,9.67,8.95,8.57,8.57,8.81
1409.33,27,8.55,8.17,9.19,8.81,8.67,9.64,7.47,9.43,9.25,8.56,9.39,8.8,9.38,9.67,8.94,8.57,8.57,8.79
1410.33,27,8.53,8.16,9.19,8.8,8.65,9.63,7.47,9.42,9.22,8.55,9.39,8.79,9.36,9.65,8.93,8.56,8.57,8.79
1411.33,27,8.55,8.14,9.17,8.79,8.64,9.63,7.46,9.41,9.22,8.53,9.38,8.77,9.36,9.64,8.92,8.56,8.57,8.79
1412.33,27,8.52,8.13,9.17,8.79,8.63,9.61,7.46,9.39,9.22,8.52,9.37,8.75,9.35,9.62,8.89,8.55,8.55,8.79
1413.35,27,8.53,8.12,9.16,8.77,8.61,9.61,7.47,9.39,9.19,8.53,9.36,8.75,9.35,9.62,8.88,8.55,8.55,8.76
1414.35,27,8.5,8.11,9.15,8.76,8.61,9.59,7.46,9.36,9.17,8.52,9.35,8.74,9.32,9.59,8.88,8.53,8.53,8.76
1415.35,27,8.51,8.1,9.12,8.76,8.59,9.56,7.45,9.37,9.15,8.51,9.32,8.74,9.32,9.58,8.87,8.53,8.53,8.74
1416.35,27,8.5,8.09,9.12,8.76,8.57,9.54,7.45,9.36,9.14,8.5,9.31,8.71,9.32,9.59,8.86,8.52,8.53,8.74
1417.35,27,8.5,8.09,9.11,8.74,8.56,9.53,7.45,9.36,9.14,8.51,9.32,8.7,9.31,9.57,8.85,8.53,8.53,8.74
1418.35,27,8.47,8.06,9.09,8.74,8.56,9.52,7.43,9.35,9.11,8.5,9.31,8.7,9.31,9.56,8.82,8.51,8.52,8.74
1419.37,27,8.47,8.05,9.09,8.74,8.53,9.48,7.44,9.33,9.09,8.47,9.3,8.7,9.28,9.54,8.81,8.51,8.52,8.71
1420.37,27,8.47,8.03,9.06,8.71,8.51,9.48,7.43,9.31,9.08,8.49,9.27,8.67,9.28,9.53,8.8,8.5,8.51,8.71
1421.37,27,8.46,8.02,9.04,8.7,8.51,9.47,7.43,9.28,9.04,8.47,9.27,8.64,9.28,9.53,8.79,8.5,8.5,8.7
1422.37,27,8.45,8.0,9.04,8.7,8.49,9.46,7.43,9.3,9.03,8.47,9.27,8.65,9.27,9.51,8.77,8.51,8.5,8.7
1423.38,27,8.45,8.0,9.03,8.7,8.47,9.44,7.42,9.27,9.03,8.49,9.25,8.64,9.26,9.51,8.76,8.49,8.49,8.69
1424.38,27,8.44,7.98,9.03,8.69,8.46,9.43,7.42,9.27,9.02,8.47,9.26,8.63,9.26,9.48,8.75,8.49,8.49,8.7
1425.38,27,8.44,7.96,8.99,8.69,8.44,9.41,7.42,9.26,8.98,8.45,9.23,8.61,9.23,9.47,8.73,8.49,8.49,8.69
1426.38,27,8.44,7.95,9.0,8.68,8.44,9.38,7.42,9.26,8.97,8.46,9.22,8.61,9.25,9.46,8.73,8.5,8.49,8.68
1427.38,27,8.44,7.93,9.0,8.68,8.44,9.38,7.42,9.23,8.95,8.47,9.21,8.59,9.25,9.46,8.73,8.49,8.49,8.68
1428.4,27,8.42,7.91,8.95,8.67,8.4,9.36,7.4,9.22,8.92,8.45,9.2,8.56,9.22,9.43,8.69,8.49,8.47,8.67
1429.4,27,8.42,7.9,8.97,8.68,8.39,9.36,7.4,9.22,8.91,8.45,9.2,8.56,9.23,9.44,8.7,8.5,8.49,8.65
1430.4,27,8.4,7.89,8.94,8.64,8.37,9.33,7.39,9.21,8.88,8.44,9.17,8.53,9.22,9.43,8.67,8.46,8.46,8.64
1431.4,27,8.4,7.86,8.93,8.65,8.36,9.32,7.39,9.2,8.86,8.44,9.17,8.51,9.21,9.42,8.67,8.46,8.46,8.65
1432.4,27,8.39,7.86,8.93,8.64,8.36,9.31,7.39,9.17,8.86,8.43,9.15,8.51,9.22,9.41,8.65,8.47,8.46,8.65
1433.4,27,8.4,7.84,8.93,8.65,8.36,9.31,7.39,9.19,8.86,8.44,9.16,8.52,9.22,9.41,8.65,8.47,8.47,8.65
1434.4,27,8.4,7.84,8.93,8.64,8.36,9.31,7.4,9.19,8.85,8.44,9.14,8.51,9.22,9.41,8.65,8.47,8.47,8.65
1435.42,27,8.39,7.83,8.92,8.64,8.33,9.3,7.38,9.17,8.83,8.42,9.14,8.49,9.22,9.41,8.64,8.47,8.47,8.65
1436.42,27,8.4,7.82,8.88,8.64,8.33,9.28,7.39,9.16,8.83,8.42,9.14,8.5,9.21,9.41,8.63,8.47,8.46,8.64
1437.42,27,8.38,7.79,8.87,8.62,8.31,9.26,7.37,9.12,8.81,8.4,9.11,8.49,9.19,9.39,8.62,8.45,8.45,8.63
1438.42,27,8.39,7.81,8.88,8.63,8.32,9.26,7.37,9.16,8.81,8.4,9.11,8.49,9.2,9.39,8.62,8.47,8.45,8.64
1439.42,27,8.38,7.79,8.87,8.62,8.32,9.25,7.38,9.15,8.81,8.42,9.11,8.47,9.2,9.39,8.62,8.46,8.47,8.65
1440.42,27,8.37,7.78,8.87,8.62,8.31,9.25,7.37,9.14,8.81,8.39,9.1,8.49,9.19,9.39,8.62,8.47,8.45,8.64
1441.42,27,8.38,7.78,8.86,8.61,8.32,9.25,7.36,9.14,8.77,8.39,9.1,8.46,9.19,9.39,8.62,8.47,8.46,8.64
1442.42,27,8.37,7.78,8.85,8.61,8.28,9.23,7.36,9.14,8.77,8.39,9.09,8.46,9.19,9.39,8.61,8.49,8.46,8.63
1443.42,27,8.37,7.78,8.86,8.59,8.3,9.23,7.36,9.12,8.76,8.4,9.1,8.46,9.2,9.39,8.61,8.47,8.45,8.64
1444.42,27,8.38,7.78,8.85,8.59,8.31,9.23,7.37,9.14,8.79,8.4,9.1,8.46,9.19,9.41,8.61,8.49,8.45,8.64
1445.42,27,8.38,7.77,8.82,8.59,8.28,9.22,7.35,9.12,8.77,8.4,9.08,8.44,9.19,9.39,8.58,8.46,8.45,8.64
1446.42,27,8.37,7.77,8.82,8.59,8.3,9.22,7.36,9.12,8.77,8.39,9.09,8.45,9.19,9.41,8.59,8.47,8.46,8.64
1447.42,27,8.37,7.77,8.82,8.57,8.28,9.2,7.36,9.12,8.76,8.39,9.08,8.45,9.17,9.39,8.57,8.47,8.45,8.62
1448.42,27,8.36,7.77,8.81,8.57,8.26,9.2,7.35,9.11,8.75,8.38,9.08,8.44,9.17,9.38,8.58,8.47,8.45,8.61
1449.42,27,8.36,7.77,8.81,8.56,8.27,9.21,7.34,9.1,8.77,8.38,9.08,8.44,9.16,9.39,8.58,8.47,8.44,8.62
1450.42,27,8.36,7.76,8.8,8.56,8.26,9.2,7.34,9.1,8.76,8.39,9.06,8.44,9.16,9.39,8.58,8.47,8.44,8.62
1451.42,27,8.34,7.76,8.8,8.55,8.26,9.2,7.32,9.1,8.77,8.38,9.05,8.44,9.15,9.37,8.57,8.45,8.44,8.62
1452.42,27,8.34,7.76,8.79,8.55,8.25,9.19,7.32,9.1,8.75,8.37,9.06,8.43,9.16,9.38,8.57,8.46,8.43,8.62
1453.42,27,8.34,7.76,8.77,8.53,8.25,9.19,7.34,9.1,8.75,8.37,9.05,8.43,9.16,9.37,8.56,8.46,8.43,8.59
1454.42,27,8.36,7.77,8.77,8.53,8.26,9.21,7.35,9.09,8.77,8.38,9.06,8.44,9.15,9.39,8.57,8.46,8.45,8.62
1455.42,27,8.36,7.77,8.77,8.53,8.25,9.21,7.35,9.11,8.77,8.38,9.04,8.45,9.16,9.39,8.57,8.47,8.45,8.63
1456.43,27,8.36,7.78,8.77,8.55,8.25,9.21,7.34,9.09,8.79,8.38,9.05,8.45,9.16,9.39,8.58,8.49,8.45,8.62
1457.43,27,8.33,7.77,8.77,8.52,8.25,9.22,7.32,9.1,8.77,8.37,9.04,8.44,9.16,9.39,8.58,8.46,8.45,8.61
1458.43,27,8.33,7.77,8.75,8.51,8.24,9.21,7.32,9.08,8.79,8.37,9.04,8.44,9.15,9.37,8.57,8.46,8.43,8.61
1459.45,27,8.33,7.78,8.76,8.53,8.24,9.22,7.32,9.08,8.8,8.36,9.04,8.45,9.16,9.41,8.58,8.47,8.45,8.62
1460.45,27,8.34,7.78,8.75,8.53,8.25,9.22,7.32,9.09,8.81,8.38,9.04,8.46,9.16,9.42,8.57,8.47,8.45,8.61
1461.47,27,8.33,7.76,8.73,8.5,8.24,9.22,7.31,9.05,8.79,8.34,9.0,8.44,9.14,9.41,8.56,8.46,8.43,8.59
1462.47,27,8.32,7.77,8.73,8.5,8.24,9.22,7.31,9.08,8.79,8.36,9.0,8.46,9.15,9.41,8.57,8.47,8.43,8.61
1463.47,27,8.32,7.77,8.73,8.5,8.24,9.22,7.31,9.06,8.79,8.36,9.02,8.47,9.14,9.41,8.58,8.47,8.44,8.59
1464.47,27,8.33,7.78,8.73,8.49,8.26,9.23,7.32,9.08,8.8,8.36,9.02,8.47,9.14,9.43,8.59,8.47,8.45,8.61
1465.47,27,8.32,7.79,8.73,8.5,8.25,9.22,7.31,9.08,8.81,8.36,9.0,8.47,9.15,9.44,8.59,8.47,8.43,8.61
1466.47,27,8.31,7.78,8.73,8.49,8.25,9.22,7.31,9.05,8.79,8.33,8.99,8.47,9.12,9.43,8.59,8.47,8.44,8.58
1467.47,27,8.31,7.78,8.7,8.47,8.25,9.22,7.31,9.06,8.8,8.34,9.0,8.46,9.14,9.42,8.59,8.47,8.43,8.58
1468.47,27,8.32,7.79,8.74,8.49,8.26,9.23,7.32,9.09,8.81,8.36,9.0,8.49,9.14,9.44,8.59,8.49,8.45,8.59
1469.47,27,8.33,7.81,8.73,8.49,8.28,9.23,7.32,9.08,8.82,8.37,9.03,8.49,9.15,9.46,8.62,8.49,8.45,8.61
1470.47,27,8.31,7.81,8.71,8.46,8.27,9.25,7.31,9.06,8.81,8.33,9.02,8.49,9.14,9.46,8.61,8.47,8.45,8.57
1471.48,27,8.31,7.78,8.71,8.46,8.26,9.22,7.3,9.06,8.8,8.34,9.02,8.47,9.14,9.46,8.59,8.46,8.43,8.59
1472.48,27,8.31,7.82,8.73,8.45,8.27,9.25,7.3,9.08,8.82,8.34,9.03,8.49,9.14,9.47,8.61,8.47,8.45,8.59
1473.48,27,8.31,7.79,8.71,8.45,8.26,9.23,7.3,9.08,8.81,8.34,9.02,8.49,9.14,9.46,8.59,8.47,8.43,8.58
1474.48,27,8.31,7.82,8.71,8.45,8.28,9.25,7.31,9.09,8.81,8.34,9.03,8.5,9.14,9.48,8.59,8.49,8.45,8.59
1475.48,27,8.3,7.79,8.69,8.45,8.26,9.23,7.29,9.06,8.8,8.32,9.02,8.49,9.12,9.47,8.58,8.49,8.42,8.56
1476.5,27,8.31,7.82,8.7,8.44,8.3,9.26,7.31,9.1,8.81,8.34,9.05,8.5,9.15,9.49,8.61,8.5,8.44,8.59
1477.5,27,8.31,7.79,8.7,8.44,8.28,9.26,7.31,9.09,8.81,8.34,9.04,8.5,9.15,9.48,8.59,8.5,8.44,8.58
1478.5,27,8.3,7.81,8.7,8.43,8.27,9.23,7.3,9.1,8.82,8.33,9.04,8.49,9.14,9.48,8.59,8.49,8.43,8.57
1479.5,27,8.3,7.81,8.7,8.44,8.3,9.23,7.29,9.11,8.82,8.33,9.06,8.49,9.12,9.48,8.59,8.49,8.43,8.58
1480.52,27,8.3,7.81,8.7,8.42,8.3,9.25,7.29,9.09,8.8,8.33,9.06,8.49,9.14,9.49,8.59,8.5,8.44,8.57
1481.52,27,8.28,7.81,8.69,8.43,8.3,9.22,7.3,9.1,8.8,8.32,9.06,8.47,9.14,9.48,8.59,8.49,8.43,8.57
1482.52,27,8.28,7.81,8.69,8.42,8.27,9.23,7.29,9.11,8.8,8.32,9.05,8.46,9.12,9.48,8.59,8.47,8.43,8.57
1483.52,27,8.3,7.83,8.69,8.42,8.3,9.23,7.29,9.12,8.82,8.33,9.08,8.49,9.14,9.48,8.59,8.5,8.44,8.57
1484.52,27,8.3,7.82,8.69,8.42,8.3,9.25,7.3,9.14,8.81,8.33,9.06,8.5,9.14,9.49,8.61,8.5,8.43,8.57
1485.52,27,8.28,7.82,8.68,8.42,8.3,9.23,7.3,9.11,8.8,8.33,9.08,8.49,9.12,9.48,8.59,8.5,8.43,8.56
1486.53,27,8.28,7.82,8.67,8.4,8.28,9.22,7.29,9.12,8.8,8.33,9.06,8.46,9.12,9.47,8.59,8.49,8.43,8.56
1487.53,27,8.3,7.83,8.69,8.43,8.31,9.25,7.29,9.12,8.8,8.34,9.09,8.5,9.14,9.47,8.61,8.51,8.43,8.56
1488.53,27,8.3,7.82,8.67,8.4,8.3,9.22,7.3,9.12,8.81,8.34,9.08,8.49,9.12,9.48,8.59,8.47,8.43,8.56
1489.53,27,8.3,7.83,8.68,8.4,8.3,9.23,7.31,9.14,8.8,8.34,9.09,8.49,9.14,9.47,8.58,8.5,8.44,8.57
1490.53,27,8.3,7.82,8.68,8.4,8.31,9.22,7.31,9.14,8.8,8.34,9.09,8.47,9.14,9.47,8.58,8.5,8.43,8.56
1491.53,27,8.28,7.82,8.65,8.39,8.27,9.22,7.3,9.14,8.76,8.33,9.09,8.49,9.11,9.47,8.57,8.51,8.43,8.55
1492.53,27,8.3,7.83,8.67,8.39,8.31,9.23,7.31,9.14,8.8,8.33,9.1,8.49,9.14,9.48,8.58,8.5,8.44,8.57
1493.55,27,8.28,7.82,8.67,8.4,8.3,9.23,7.32,9.15,8.79,8.33,9.1,8.47,9.14,9.47,8.58,8.5,8.43,8.56
1494.55,27,8.3,7.82,8.65,8.39,8.3,9.21,7.31,9.14,8.79,8.34,9.1,8.46,9.12,9.47,8.57,8.51,8.43,8.55
1495.57,27,8.3,7.82,8.65,8.38,8.3,9.22,7.31,9.14,8.76,8.34,9.08,8.46,9.12,9.47,8.56,8.5,8.43,8.55
1496.57,27,8.27,7.81,8.63,8.39,8.28,9.17,7.31,9.14,8.73,8.33,9.1,8.44,9.11,9.44,8.55,8.49,8.43,8.53
1497.58,27,8.28,7.85,8.8,8.39,8.32,9.23,7.32,9.14,8.85,8.36,9.08,8.49,9.14,9.44,8.61,8.49,8.42,8.57
1498.58,27,8.32,7.91,8.91,8.51,8.39,9.3,7.32,9.1,8.93,8.4,9.1,8.55,9.16,9.44,8.65,8.5,8.43,8.62
1499.58,27,8.38,7.93,8.97,8.57,8.45,9.35,7.35,9.15,8.99,8.43,9.12,8.58,9.21,9.48,8.7,8.5,8.46,8.63
1500.6,27,8.43,7.96,9.02,8.63,8.47,9.37,7.35,9.21,9.02,8.45,9.17,8.59,9.22,9.51,8.73,8.51,8.49,8.63
1501.6,27,8.43,7.96,9.02,8.65,8.49,9.38,7.35,9.22,9.04,8.46,9.17,8.61,9.23,9.51,8.73,8.5,8.46,8.62
1502.6,27,8.4,7.93,9.02,8.64,8.49,9.37,7.35,9.21,9.04,8.44,9.19,8.59,9.22,9.51,8.73,8.47,8.46,8.62
1503.6,27,8.43,7.95,9.03,8.67,8.49,9.39,7.35,9.22,9.05,8.44,9.2,8.61,9.22,9.49,8.74,8.46,8.47,8.63
1504.6,27,8.42,7.93,9.05,8.64,8.49,9.41,7.35,9.23,9.05,8.44,9.19,8.62,9.22,9.51,8.73,8.45,8.46,8.63
1505.62,27,8.42,7.93,9.04,8.65,8.46,9.39,7.34,9.22,9.03,8.44,9.19,8.61,9.22,9.48,8.73,8.43,8.45,8.61
1506.62,27,8.42,7.92,9.02,8.64,8.47,9.39,7.34,9.21,9.04,8.43,9.19,8.61,9.19,9.47,8.71,8.43,8.44,8.62
1507.62,27,8.42,7.93,9.03,8.64,8.47,9.39,7.34,9.2,9.03,8.43,9.17,8.61,9.2,9.47,8.73,8.42,8.44,8.61
1508.62,27,8.4,7.92,9.03,8.64,8.45,9.39,7.34,9.21,9.04,8.42,9.17,8.59,9.19,9.46,8.73,8.4,8.44,8.61
1509.62,27,8.39,7.91,9.03,8.62,8.43,9.38,7.32,9.19,9.0,8.42,9.16,8.59,9.19,9.43,8.69,8.38,8.43,8.59
1510.62,27,8.38,7.9,9.0,8.63,8.42,9.38,7.31,9.19,9.0,8.42,9.16,8.59,9.17,9.42,8.7,8.37,8.42,8.58
1511.63,27,8.38,7.9,9.0,8.62,8.43,9.38,7.34,9.19,8.98,8.4,9.15,8.58,9.16,9.42,8.69,8.37,8.42,8.58
1512.63,27,8.36,7.89,8.97,8.61,8.4,9.35,7.34,9.17,8.98,8.38,9.14,8.56,9.15,9.41,8.68,8.37,8.4,8.56
1513.63,27,8.37,7.89,8.99,8.61,8.39,9.36,7.34,9.16,8.95,8.39,9.14,8.56,9.15,9.39,8.68,8.34,8.4,8.57
1514.63,27,8.34,7.86,8.97,8.59,8.37,9.35,7.32,9.15,8.95,8.38,9.11,8.55,9.14,9.38,8.65,8.34,8.4,8.55
1515.65,27,8.32,7.84,8.94,8.58,8.36,9.32,7.32,9.12,8.93,8.37,9.1,8.52,9.12,9.36,8.64,8.32,8.38,8.55
1516.65,27,8.33,7.84,8.95,8.57,8.34,9.32,7.32,9.14,8.91,8.36,9.1,8.52,9.12,9.36,8.64,8.32,8.39,8.55
1517.65,27,8.32,7.83,8.93,8.55,8.33,9.3,7.32,9.11,8.92,8.36,9.1,8.52,9.11,9.35,8.63,8.32,8.37,8.53
1518.65,27,8.32,7.82,8.93,8.56,8.32,9.3,7.31,9.11,8.88,8.34,9.09,8.5,9.11,9.32,8.59,8.31,8.37,8.53
1519.65,27,8.31,7.81,8.91,8.53,8.3,9.27,7.31,9.11,8.87,8.33,9.06,8.47,9.1,9.32,8.59,8.31,8.36,8.51
1520.67,27,8.28,7.78,8.89,8.53,8.28,9.26,7.31,9.09,8.85,8.33,9.05,8.49,9.1,9.32,8.58,8.3,8.36,8.51
1521.67,27,8.3,7.78,8.89,8.53,8.27,9.25,7.31,9.08,8.83,8.34,9.06,8.46,9.09,9.3,8.57,8.3,8.36,8.5
1522.67,27,8.28,7.76,8.87,8.53,8.25,9.22,7.29,9.08,8.81,8.32,9.04,8.45,9.08,9.27,8.55,8.27,8.34,8.49
1523.67,27,8.28,7.76,8.87,8.53,8.25,9.21,7.3,9.06,8.8,8.31,9.04,8.44,9.09,9.28,8.55,8.3,8.34,8.5
1524.67,27,8.27,7.75,8.86,8.53,8.24,9.19,7.3,9.06,8.76,8.32,9.04,8.42,9.06,9.28,8.53,8.28,8.34,8.5
1525.67,27,8.26,7.73,8.82,8.5,8.2,9.16,7.29,9.04,8.75,8.3,9.0,8.42,9.04,9.23,8.51,8.27,8.32,8.46
1526.67,27,8.27,7.73,8.82,8.51,8.2,9.16,7.28,9.03,8.73,8.3,9.02,8.4,9.05,9.23,8.51,8.27,8.34,8.5
1527.67,27,8.26,7.7,8.81,8.49,8.19,9.14,7.29,9.02,8.71,8.3,8.98,8.39,9.05,9.23,8.51,8.27,8.33,8.46
1528.67,27,8.26,7.68,8.8,8.5,8.17,9.1,7.28,9.0,8.7,8.3,8.98,8.38,9.03,9.22,8.47,8.28,8.32,8.45
1529.68,27,8.26,7.68,8.8,8.49,8.17,9.1,7.28,9.02,8.68,8.3,8.98,8.38,9.04,9.21,8.47,8.28,8.33,8.46
1530.68,27,8.26,7.67,8.8,8.49,8.16,9.09,7.29,8.99,8.65,8.3,8.98,8.37,9.04,9.21,8.47,8.27,8.33,8.46
1531.68,27,8.24,7.63,8.76,8.47,8.12,9.08,7.26,8.98,8.63,8.26,8.94,8.33,9.03,9.17,8.43,8.27,8.31,8.43
1532.68,27,8.23,7.61,8.75,8.47,8.11,9.04,7.27,8.95,8.59,8.27,8.93,8.32,9.02,9.17,8.42,8.27,8.3,8.44
1533.68,27,8.23,7.59,8.75,8.45,8.09,9.04,7.26,8.95,8.59,8.27,8.92,8.31,9.0,9.16,8.42,8.25,8.31,8.43
1534.7,27,8.21,7.59,8.73,8.45,8.09,9.02,7.26,8.93,8.56,8.26,8.89,8.3,9.0,9.16,8.4,8.25,8.3,8.43
1535.7,27,8.21,7.58,8.71,8.45,8.07,9.02,7.25,8.93,8.55,8.26,8.89,8.28,9.02,9.15,8.39,8.24,8.3,8.43
1536.7,27,8.23,7.56,8.71,8.45,8.07,9.0,7.26,8.94,8.55,8.26,8.91,8.27,9.02,9.17,8.39,8.26,8.31,8.42
1537.72,27,8.21,7.55,8.7,8.45,8.07,8.99,7.26,8.91,8.52,8.25,8.88,8.26,8.99,9.15,8.37,8.25,8.28,8.42
1538.72,27,8.21,7.52,8.68,8.44,8.05,8.97,7.23,8.91,8.51,8.25,8.87,8.26,8.99,9.14,8.36,8.24,8.28,8.4
1539.72,27,8.2,7.5,8.67,8.43,8.03,8.95,7.23,8.89,8.47,8.24,8.85,8.23,8.98,9.12,8.34,8.24,8.28,8.39
1540.72,27,8.19,7.48,8.67,8.43,8.02,8.94,7.23,8.88,8.46,8.23,8.83,8.23,8.98,9.12,8.34,8.24,8.27,8.39
1541.72,27,8.19,7.47,8.65,8.42,8.03,8.94,7.23,8.88,8.46,8.24,8.83,8.21,8.98,9.11,8.33,8.25,8.27,8.39
1542.72,27,8.19,7.47,8.63,8.42,8.02,8.94,7.23,8.87,8.46,8.24,8.83,8.23,8.97,9.12,8.33,8.25,8.28,8.4
1543.72,27,8.2,7.47,8.63,8.43,8.03,8.93,7.23,8.88,8.46,8.24,8.82,8.21,8.98,9.14,8.32,8.25,8.3,8.4
1544.72,27,8.2,7.46,8.62,8.4,8.02,8.92,7.23,8.86,8.45,8.23,8.82,8.2,8.98,9.12,8.3,8.23,8.28,8.39
1545.73,27,8.18,7.46,8.62,8.39,8.0,8.89,7.22,8.86,8.45,8.23,8.82,8.19,8.97,9.11,8.3,8.25,8.28,8.38
1546.73,27,8.18,7.45,8.59,8.4,7.99,8.91,7.22,8.86,8.43,8.21,8.8,8.18,8.97,9.12,8.28,8.24,8.27,8.38
1547.73,27,8.18,7.45,8.61,8.39,7.99,8.91,7.23,8.85,8.43,8.21,8.81,8.19,8.95,9.12,8.31,8.25,8.27,8.39
1548.73,27,8.18,7.44,8.59,8.37,8.0,8.88,7.22,8.85,8.42,8.24,8.81,8.18,8.97,9.11,8.28,8.24,8.28,8.39
1549.73,27,8.18,7.43,8.56,8.38,7.98,8.87,7.22,8.81,8.4,8.21,8.79,8.17,8.94,9.11,8.27,8.25,8.26,8.37
1550.75,27,8.18,7.43,8.57,8.37,7.99,8.87,7.22,8.82,8.4,8.21,8.8,8.17,8.95,9.12,8.28,8.24,8.28,8.39
1551.75,27,8.17,7.44,8.56,8.37,7.98,8.85,7.21,8.82,8.4,8.2,8.79,8.18,8.97,9.12,8.26,8.25,8.28,8.38
1552.75,27,8.16,7.43,8.53,8.37,7.97,8.83,7.21,8.81,8.38,8.2,8.79,8.16,8.94,9.09,8.25,8.24,8.26,8.37
1553.75,27,8.18,7.42,8.53,8.37,7.97,8.83,7.2,8.81,8.39,8.21,8.79,8.16,8.95,9.1,8.25,8.24,8.27,8.38
1554.75,27,8.17,7.43,8.53,8.37,7.96,8.82,7.21,8.81,8.37,8.2,8.77,8.14,8.95,9.11,8.25,8.24,8.27,8.37
1555.77,27,8.17,7.43,8.52,8.37,7.96,8.8,7.21,8.8,8.37,8.2,8.76,8.13,8.94,9.09,8.25,8.24,8.26,8.37
1556.77,27,8.16,7.42,8.5,8.34,7.93,8.8,7.19,8.8,8.37,8.19,8.75,8.13,8.92,9.09,8.24,8.23,8.26,8.37
1557.77,27,8.16,7.43,8.5,8.36,7.95,8.81,7.19,8.79,8.38,8.2,8.76,8.13,8.93,9.1,8.23,8.24,8.26,8.37
1558.78,27,8.14,7.4,8.5,8.34,7.93,8.81,7.19,8.8,8.38,8.2,8.75,8.13,8.94,9.09,8.23,8.25,8.26,8.37
1559.78,27,8.14,7.42,8.49,8.34,7.93,8.8,7.19,8.79,8.38,8.19,8.74,8.13,8.93,9.1,8.24,8.24,8.27,8.37
1560.78,27,8.13,7.4,8.45,8.33,7.91,8.79,7.19,8.76,8.36,8.18,8.74,8.11,8.92,9.09,8.23,8.21,8.26,8.36
1561.78,27,8.14,7.42,8.47,8.34,7.91,8.8,7.19,8.77,8.38,8.19,8.74,8.11,8.93,9.09,8.23,8.24,8.27,8.37
1562.8,27,8.14,7.42,8.45,8.32,7.9,8.8,7.18,8.76,8.38,8.18,8.71,8.12,8.91,9.09,8.23,8.23,8.26,8.34
1563.8,27,8.14,7.43,8.46,8.32,7.89,8.81,7.19,8.76,8.37,8.18,8.74,8.13,8.93,9.1,8.24,8.25,8.27,8.37
1564.8,27,8.14,7.42,8.46,8.31,7.9,8.79,7.19,8.76,8.36,8.19,8.71,8.13,8.92,9.1,8.21,8.24,8.26,8.36
1565.8,27,8.14,7.4,8.44,8.32,7.89,8.79,7.18,8.74,8.37,8.17,8.7,8.12,8.92,9.1,8.23,8.23,8.25,8.34
1566.8,27,8.13,7.43,8.43,8.31,7.89,8.79,7.18,8.74,8.36,8.18,8.69,8.11,8.92,9.11,8.24,8.24,8.27,8.36
1567.8,27,8.13,7.44,8.43,8.31,7.88,8.79,7.19,8.73,8.38,8.18,8.69,8.13,8.92,9.11,8.24,8.24,8.27,8.36
1568.8,27,8.12,7.44,8.42,8.31,7.88,8.79,7.17,8.73,8.38,8.18,8.68,8.11,8.92,9.11,8.24,8.23,8.25,8.36
1569.8,27,8.13,7.43,8.4,8.28,7.89,8.77,7.16,8.73,8.38,8.17,8.68,8.12,8.89,9.12,8.24,8.24,8.26,8.34
1570.82,27,8.12,7.44,8.4,8.28,7.88,8.79,7.16,8.7,8.37,8.17,8.65,8.12,8.91,9.12,8.23,8.23,8.26,8.34
1571.82,27,8.11,7.44,8.39,8.27,7.86,8.77,7.17,8.71,8.38,8.17,8.68,8.12,8.91,9.14,8.24,8.24,8.25,8.34
1572.82,27,8.11,7.44,8.4,8.3,7.88,8.79,7.17,8.7,8.39,8.17,8.67,8.13,8.92,9.14,8.25,8.24,8.26,8.34
1573.82,27,8.11,7.44,8.38,8.27,7.85,8.79,7.16,8.71,8.39,8.16,8.67,8.13,8.91,9.14,8.24,8.24,8.25,8.34
1574.82,27,8.11,7.44,8.4,8.28,7.88,8.79,7.16,8.69,8.37,8.17,8.64,8.13,8.92,9.16,8.24,8.24,8.25,8.33
1575.83,27,8.12,7.45,8.4,8.28,7.9,8.8,7.16,8.7,8.4,8.18,8.65,8.16,8.93,9.16,8.25,8.25,8.27,8.34
1576.83,27,8.11,7.45,8.37,8.26,7.88,8.79,7.14,8.68,8.39,8.16,8.65,8.14,8.89,9.15,8.25,8.24,8.25,8.33
1577.83,27,8.11,7.45,8.37,8.26,7.88,8.79,7.14,8.68,8.39,8.16,8.65,8.14,8.89,9.16,8.25,8.23,8.25,8.32
1578.83,27,8.11,7.44,8.39,8.27,7.9,8.81,7.16,8.7,8.4,8.17,8.67,8.17,8.91,9.17,8.26,8.24,8.26,8.33
1579.83,27,8.1,7.45,8.37,8.25,7.9,8.81,7.16,8.7,8.4,8.18,8.67,8.14,8.91,9.17,8.26,8.24,8.25,8.34
1580.83,27,8.11,7.46,8.37,8.26,7.9,8.81,7.16,8.71,8.4,8.18,8.68,8.16,8.89,9.19,8.26,8.23,8.26,8.33
1581.85,27,8.1,7.45,8.37,8.26,7.9,8.81,7.14,8.7,8.4,8.17,8.67,8.14,8.89,9.17,8.27,8.24,8.25,8.32
1582.85,27,8.11,7.46,8.36,8.27,7.91,8.82,7.16,8.71,8.4,8.17,8.68,8.16,8.92,9.17,8.27,8.21,8.26,8.33
1583.85,27,8.1,7.46,8.37,8.25,7.9,8.8,7.13,8.7,8.39,8.17,8.68,8.16,8.89,9.19,8.26,8.24,8.25,8.32
1584.85,27,8.1,7.46,8.37,8.26,7.92,8.81,7.16,8.71,8.39,8.16,8.69,8.17,8.91,9.2,8.27,8.23,8.26,8.32
1585.85,27,8.1,7.45,8.36,8.25,7.9,8.8,7.14,8.7,8.39,8.16,8.69,8.16,8.89,9.17,8.26,8.23,8.25,8.31
1586.85,27,8.11,7.46,8.34,8.25,7.92,8.81,7.13,8.7,8.4,8.16,8.7,8.16,8.89,9.2,8.27,8.24,8.26,8.3
1587.87,27,8.11,7.46,8.36,8.26,7.91,8.81,7.13,8.71,8.4,8.16,8.71,8.16,8.89,9.19,8.27,8.24,8.25,8.31
1588.87,27,8.11,7.45,8.33,8.27,7.92,8.81,7.14,8.74,8.39,8.18,8.73,8.17,8.91,9.19,8.26,8.24,8.26,8.31
1589.87,27,8.09,7.45,8.32,8.23,7.91,8.8,7.13,8.71,8.37,8.17,8.71,8.13,8.89,9.17,8.25,8.23,8.24,8.3
1590.87,27,8.1,7.45,8.31,8.26,7.91,8.8,7.13,8.73,8.38,8.17,8.71,8.16,8.89,9.19,8.25,8.23,8.24,8.3
1591.87,27,8.12,7.46,8.33,8.26,7.92,8.81,7.14,8.74,8.39,8.17,8.74,8.14,8.89,9.2,8.27,8.24,8.26,8.31
1592.87,27,8.1,7.45,8.3,8.24,7.92,8.8,7.14,8.73,8.37,8.16,8.74,8.14,8.89,9.17,8.25,8.23,8.24,8.28
1593.87,27,8.11,7.46,8.31,8.26,7.92,8.8,7.16,8.73,8.37,8.16,8.73,8.14,8.91,9.19,8.25,8.23,8.25,8.3
1594.87,27,8.11,7.46,8.32,8.26,7.93,8.8,7.17,8.76,8.36,8.17,8.75,8.14,8.91,9.19,8.26,8.24,8.25,8.28
1595.88,27,8.11,7.47,8.31,8.24,7.92,8.8,7.16,8.75,8.37,8.17,8.74,8.16,8.91,9.17,8.25,8.23,8.24,8.3
1596.88,27,8.11,7.46,8.31,8.26,7.9,8.79,7.17,8.75,8.37,8.18,8.75,8.16,8.91,9.19,8.25,8.23,8.25,8.28
1597.88,27,8.1,7.47,8.3,8.25,7.91,8.77,7.16,8.75,8.34,8.17,8.75,8.13,8.88,9.17,8.23,8.23,8.25,8.28
1598.88,27,8.11,7.46,8.28,8.25,7.91,8.77,7.16,8.76,8.34,8.18,8.75,8.13,8.88,9.17,8.25,8.23,8.24,8.27
1599.88,27,8.1,7.45,8.27,8.25,7.9,8.77,7.16,8.75,8.34,8.17,8.75,8.14,8.89,9.16,8.24,8.23,8.24,8.28
1600.88,27,8.12,7.46,8.3,8.27,7.91,8.79,7.17,8.77,8.36,8.18,8.75,8.13,8.91,9.17,8.25,8.24,8.25,8.28
1601.88,27,8.11,7.45,8.27,8.26,7.9,8.79,7.16,8.75,8.33,8.17,8.75,8.12,8.88,9.17,8.23,8.24,8.25,8.28
1602.88,27,8.1,7.45,8.26,8.27,7.9,8.76,7.14,8.77,8.33,8.18,8.76,8.13,8.88,9.16,8.23,8.21,8.25,8.28
1603.88,27,8.1,7.45,8.25,8.27,7.89,8.77,7.16,8.79,8.32,8.17,8.76,8.12,8.88,9.16,8.23,8.23,8.24,8.26
1604.88,27,8.11,7.45,8.25,8.28,7.9,8.76,7.17,8.77,8.33,8.19,8.76,8.13,8.91,9.17,8.24,8.24,8.25,8.28
1605.9,27,8.11,7.45,8.25,8.26,7.9,8.76,7.16,8.77,8.33,8.16,8.75,8.12,8.88,9.15,8.23,8.21,8.24,8.27
1606.9,27,8.1,7.45,8.23,8.26,7.88,8.75,7.14,8.76,8.31,8.17,8.75,8.12,8.88,9.15,8.21,8.21,8.23,8.25
1607.9,27,8.1,7.45,8.23,8.27,7.89,8.75,7.16,8.77,8.32,8.18,8.75,8.11,8.88,9.15,8.23,8.21,8.23,8.27
1608.9,27,8.11,7.44,8.23,8.27,7.89,8.73,7.16,8.76,8.31,8.17,8.75,8.1,8.88,9.15,8.21,8.21,8.23,8.25
1609.9,27,8.1,7.44,8.2,8.27,7.86,8.73,7.14,8.77,8.28,8.17,8.75,8.09,8.87,9.14,8.2,8.21,8.24,8.26
1610.9,27,8.09,7.42,8.33,8.26,7.86,8.74,7.14,8.76,8.33,8.17,8.75,8.1,8.87,9.14,8.19,8.2,8.23,8.26
1611.9,27,8.11,7.53,8.53,8.31,7.97,8.86,7.16,8.74,8.49,8.19,8.73,8.19,8.92,9.12,8.3,8.21,8.2,8.32
1612.9,27,8.16,7.58,8.64,8.39,8.04,8.92,7.17,8.76,8.57,8.21,8.77,8.25,8.95,9.15,8.36,8.24,8.25,8.33
1613.9,27,8.19,7.6,8.73,8.42,8.1,8.98,7.19,8.81,8.65,8.24,8.82,8.3,8.97,9.19,8.4,8.24,8.26,8.34
1614.9,27,8.23,7.61,8.76,8.44,8.12,9.02,7.19,8.87,8.69,8.26,8.87,8.32,8.99,9.22,8.42,8.23,8.28,8.37
1615.92,27,8.24,7.63,8.79,8.45,8.16,9.05,7.2,8.92,8.7,8.27,8.89,8.34,8.99,9.23,8.44,8.21,8.3,8.38
1616.92,27,8.23,7.62,8.81,8.44,8.14,9.06,7.19,8.92,8.73,8.25,8.89,8.33,8.97,9.21,8.44,8.2,8.28,8.34
1617.92,27,8.21,7.6,8.79,8.45,8.16,9.06,7.2,8.89,8.71,8.25,8.92,8.34,8.97,9.2,8.44,8.17,8.27,8.36
1618.92,27,8.21,7.61,8.8,8.43,8.16,9.08,7.2,8.91,8.73,8.24,8.89,8.34,8.97,9.2,8.44,8.17,8.26,8.36
1619.92,27,8.21,7.61,8.81,8.44,8.16,9.06,7.2,8.89,8.71,8.24,8.89,8.33,8.95,9.2,8.44,8.16,8.26,8.36
1620.92,27,8.2,7.61,8.8,8.43,8.16,9.08,7.2,8.89,8.7,8.21,8.89,8.33,8.94,9.19,8.44,8.13,8.25,8.34
1621.92,27,8.19,7.6,8.8,8.42,8.14,9.09,7.18,8.89,8.73,8.21,8.88,8.34,8.94,9.16,8.43,8.12,8.25,8.34
1622.92,27,8.17,7.59,8.77,8.4,8.11,9.06,7.17,8.88,8.69,8.19,8.87,8.32,8.93,9.15,8.4,8.1,8.23,8.33
1623.92,27,8.18,7.59,8.8,8.42,8.12,9.05,7.19,8.88,8.69,8.2,8.88,8.32,8.94,9.16,8.42,8.11,8.23,8.33
1624.92,27,8.17,7.56,8.77,8.38,8.1,9.04,7.18,8.86,8.65,8.18,8.86,8.3,8.91,9.14,8.39,8.09,8.2,8.3
1625.92,27,8.16,7.56,8.76,8.37,8.1,9.03,7.17,8.86,8.65,8.19,8.86,8.28,8.91,9.11,8.39,8.07,8.21,8.31
1626.92,27,8.16,7.55,8.76,8.37,8.09,9.04,7.17,8.87,8.65,8.17,8.85,8.28,8.91,9.12,8.37,8.06,8.21,8.3
1627.92,27,8.13,7.54,8.73,8.36,8.05,9.0,7.16,8.83,8.62,8.14,8.83,8.27,8.89,9.09,8.36,8.03,8.19,8.28
1628.92,27,8.12,7.54,8.7,8.33,8.04,8.99,7.16,8.82,8.59,8.14,8.82,8.25,8.88,9.08,8.36,8.04,8.18,8.27
1629.92,27,8.11,7.52,8.7,8.34,8.03,8.98,7.13,8.81,8.58,8.13,8.81,8.24,8.87,9.06,8.32,8.04,8.17,8.26
1630.92,27,8.1,7.51,8.7,8.33,7.99,8.95,7.13,8.82,8.57,8.14,8.79,8.25,8.87,9.05,8.33,8.03,8.18,8.26
1631.92,27,8.11,7.51,8.69,8.32,7.99,8.97,7.14,8.8,8.55,8.14,8.8,8.24,8.86,9.04,8.32,8.03,8.17,8.26
1632.93,27,8.09,7.47,8.65,8.31,7.97,8.94,7.12,8.79,8.53,8.12,8.77,8.21,8.83,9.03,8.28,8.0,8.14,8.23
1633.93,27,8.09,7.47,8.67,8.31,7.97,8.93,7.12,8.8,8.51,8.12,8.76,8.2,8.83,9.02,8.28,8.02,8.14,8.24
1634.93,27,8.09,7.46,8.65,8.31,7.95,8.91,7.12,8.76,8.49,8.12,8.75,8.19,8.83,8.99,8.27,8.0,8.14,8.23
1635.95,27,8.07,7.45,8.63,8.3,7.93,8.91,7.12,8.77,8.49,8.11,8.75,8.19,8.82,8.98,8.26,8.02,8.14,8.23
1636.95,27,8.06,7.42,8.62,8.27,7.91,8.87,7.11,8.75,8.45,8.1,8.73,8.17,8.81,8.97,8.25,7.99,8.14,8.21
1637.95,27,8.04,7.42,8.61,8.26,7.9,8.85,7.09,8.71,8.43,8.1,8.73,8.16,8.8,8.95,8.23,7.98,8.12,8.2
1638.95,27,8.06,7.4,8.61,8.27,7.89,8.85,7.11,8.73,8.43,8.09,8.71,8.14,8.8,8.95,8.21,7.99,8.13,8.2
1639.95,27,8.04,7.37,8.59,8.25,7.85,8.82,7.1,8.71,8.38,8.09,8.69,8.13,8.77,8.93,8.2,7.98,8.11,8.17
1640.95,27,8.05,7.37,8.59,8.26,7.85,8.81,7.1,8.71,8.39,8.07,8.7,8.13,8.79,8.92,8.19,7.99,8.13,8.18
1641.95,27,8.03,7.35,8.56,8.23,7.83,8.77,7.08,8.69,8.36,8.06,8.67,8.1,8.76,8.89,8.17,7.97,8.11,8.16
1642.95,27,8.03,7.34,8.55,8.23,7.82,8.75,7.08,8.67,8.32,8.06,8.65,8.1,8.75,8.89,8.16,7.97,8.11,8.17
1643.95,27,8.03,7.31,8.52,8.23,7.78,8.74,7.09,8.67,8.33,8.05,8.64,8.09,8.76,8.89,8.13,7.95,8.1,8.16
1644.95,27,8.02,7.3,8.53,8.24,7.78,8.74,7.1,8.65,8.31,8.06,8.65,8.07,8.76,8.88,8.13,7.97,8.1,8.16
1645.95,27,8.0,7.28,8.51,8.21,7.75,8.7,7.08,8.62,8.26,8.05,8.61,8.04,8.75,8.86,8.11,7.97,8.1,8.13
1646.95,27,8.0,7.25,8.49,8.2,7.75,8.69,7.09,8.62,8.25,8.04,8.59,8.03,8.74,8.83,8.1,7.96,8.09,8.13
1647.97,27,8.0,7.23,8.49,8.19,7.73,8.67,7.08,8.61,8.23,8.04,8.59,8.02,8.74,8.83,8.09,7.97,8.09,8.12
1648.97,27,7.99,7.23,8.47,8.2,7.71,8.65,7.08,8.59,8.19,8.03,8.58,8.0,8.71,8.83,8.07,7.96,8.07,8.13
1649.97,27,7.98,7.21,8.45,8.19,7.7,8.63,7.07,8.59,8.19,8.03,8.56,7.99,8.73,8.83,8.06,7.95,8.07,8.12
1650.97,27,7.99,7.19,8.43,8.19,7.68,8.61,7.07,8.57,8.16,8.04,8.53,7.97,8.71,8.82,8.04,7.95,8.09,8.12
1651.97,27,7.98,7.18,8.44,8.18,7.67,8.58,7.07,8.56,8.14,8.03,8.55,7.96,8.71,8.81,8.03,7.95,8.07,8.11
1652.97,27,7.97,7.17,8.42,8.17,7.67,8.57,7.05,8.55,8.11,8.02,8.52,7.93,8.73,8.8,8.02,7.93,8.06,8.1
1653.97,27,7.97,7.14,8.39,8.18,7.63,8.56,7.05,8.51,8.1,8.02,8.51,7.91,8.7,8.8,8.0,7.93,8.06,8.1
1654.97,27,7.97,7.12,8.4,8.18,7.64,8.55,7.05,8.53,8.09,8.0,8.51,7.92,8.71,8.8,7.99,7.96,8.07,8.1
1655.97,27,7.97,7.12,8.39,8.16,7.64,8.55,7.05,8.52,8.06,8.0,8.5,7.92,8.7,8.8,7.99,7.95,8.07,8.11
1656.97,27,7.96,7.1,8.37,8.16,7.62,8.52,7.04,8.5,8.05,8.03,8.49,7.89,8.7,8.79,7.98,7.95,8.07,8.1
1657.98,27,7.96,7.09,8.36,8.16,7.61,8.51,7.04,8.49,8.03,8.02,8.46,7.89,8.69,8.79,7.97,7.93,8.06,8.07
1658.98,27,7.96,7.08,8.37,8.14,7.61,8.49,7.04,8.49,8.0,8.0,8.47,7.86,8.7,8.79,7.96,7.92,8.05,8.1
1659.98,27,7.96,7.07,8.34,8.16,7.6,8.49,7.04,8.49,8.02,8.0,8.46,7.86,8.69,8.77,7.95,7.95,8.06,8.09
1660.98,27,7.93,7.04,8.32,8.12,7.6,8.46,7.02,8.46,7.98,7.99,8.45,7.85,8.68,8.77,7.91,7.93,8.05,8.07
1661.98,27,7.95,7.05,8.32,8.14,7.6,8.46,7.03,8.49,7.98,8.0,8.46,7.85,8.69,8.8,7.93,7.95,8.06,8.09
1662.98,27,7.95,7.03,8.31,8.14,7.59,8.46,7.03,8.46,7.97,7.99,8.44,7.83,8.67,8.77,7.91,7.93,8.05,8.07
1663.98,27,7.95,7.02,8.31,8.12,7.58,8.45,7.03,8.47,7.97,8.0,8.43,7.83,8.67,8.77,7.9,7.93,8.06,8.06
1664.98,27,7.93,7.02,8.3,8.12,7.58,8.43,7.02,8.45,7.93,7.99,8.42,7.81,8.68,8.77,7.91,7.95,8.05,8.07
1665.98,27,7.95,7.01,8.28,8.13,7.58,8.43,7.02,8.45,7.93,7.99,8.42,7.82,8.65,8.76,7.9,7.93,8.05,8.09
1666.98,27,7.92,7.02,8.27,8.11,7.56,8.4,7.01,8.45,7.92,7.99,8.43,7.82,8.67,8.77,7.88,7.93,8.05,8.07
1667.98,27,7.92,7.01,8.26,8.12,7.55,8.39,7.01,8.43,7.91,7.99,8.4,7.79,8.67,8.76,7.86,7.92,8.05,8.06
1668.98,27,7.92,6.99,8.23,8.12,7.54,8.39,7.01,8.43,7.9,7.98,8.39,7.78,8.65,8.76,7.85,7.92,8.05,8.06
1669.98,27,7.91,7.0,8.23,8.11,7.54,8.38,7.01,8.43,7.88,7.98,8.39,7.78,8.65,8.75,7.86,7.93,8.04,8.07
1670.98,27,7.91,6.99,8.21,8.1,7.53,8.36,7.0,8.43,7.86,7.98,8.38,7.78,8.64,8.74,7.85,7.92,8.04,8.05
1672.0,27,7.91,6.98,8.23,8.11,7.51,8.36,7.0,8.42,7.86,7.98,8.37,7.77,8.64,8.73,7.84,7.92,8.04,8.06
1673.0,27,7.92,7.0,8.2,8.09,7.51,8.36,7.01,8.43,7.85,7.98,8.39,7.77,8.65,8.74,7.85,7.93,8.05,8.06
1674.0,27,7.91,6.99,8.19,8.09,7.5,8.32,6.99,8.4,7.84,7.97,8.37,7.75,8.64,8.73,7.82,7.91,8.04,8.05
1675.0,27,7.92,6.99,8.19,8.1,7.5,8.33,7.01,8.4,7.84,7.98,8.38,7.75,8.64,8.74,7.83,7.92,8.05,8.05
1676.0,27,7.92,6.99,8.17,8.07,7.48,8.31,6.99,8.4,7.83,7.97,8.37,7.74,8.63,8.71,7.82,7.93,8.05,8.05
1677.0,27,7.91,6.98,8.17,8.09,7.5,8.31,7.0,8.39,7.82,7.98,8.36,7.73,8.64,8.71,7.81,7.92,8.06,8.05
1678.0,27,7.9,6.96,8.17,8.07,7.47,8.28,6.98,8.38,7.81,7.97,8.33,7.71,8.64,8.7,7.79,7.92,8.05,8.05
1679.02,27,7.89,6.96,8.13,8.07,7.45,8.27,6.98,8.37,7.78,7.96,8.33,7.7,8.63,8.69,7.79,7.92,8.03,8.04
1680.02,27,7.9,6.96,8.13,8.06,7.45,8.25,6.99,8.37,7.77,7.96,8.33,7.7,8.64,8.7,7.78,7.91,8.04,8.04
1681.02,27,7.89,6.95,8.13,8.06,7.44,8.25,6.99,8.34,7.78,7.96,8.32,7.7,8.63,8.69,7.78,7.91,8.04,8.03
1682.02,27,7.89,6.98,8.1,8.06,7.42,8.24,6.98,8.34,7.78,7.96,8.3,7.69,8.63,8.68,7.77,7.92,8.04,8.03
1683.02,27,7.89,6.96,8.11,8.06,7.43,8.23,6.98,8.33,7.78,7.97,8.28,7.68,8.63,8.68,7.78,7.91,8.04,8.03
1684.02,27,7.89,6.96,8.09,8.06,7.39,8.21,6.98,8.33,7.78,7.96,8.28,7.67,8.62,8.69,7.78,7.91,8.04,8.03
1685.02,27,7.9,6.96,8.09,8.06,7.39,8.21,6.99,8.33,7.76,7.96,8.28,7.66,8.62,8.69,7.78,7.9,8.04,8.04
1686.03,27,7.88,6.96,8.07,8.05,7.39,8.2,6.98,8.3,7.76,7.95,8.26,7.64,8.62,8.69,7.77,7.91,8.04,8.03
1687.03,27,7.89,6.96,8.06,8.05,7.38,8.2,6.98,8.3,7.77,7.95,8.25,7.66,8.62,8.69,7.78,7.92,8.03,8.04
1688.03,27,7.88,6.98,8.05,8.04,7.38,8.18,6.98,8.28,7.77,7.95,8.24,7.66,8.63,8.69,7.77,7.92,8.04,8.03
1689.03,27,7.88,6.98,8.03,8.04,7.37,8.2,6.96,8.26,7.77,7.95,8.24,7.64,8.61,8.71,7.77,7.9,8.03,8.03
1690.03,27,7.86,6.98,8.02,8.04,7.36,8.18,6.96,8.26,7.77,7.95,8.23,7.63,8.61,8.73,7.78,7.9,8.03,8.0
1691.03,27,7.85,6.98,8.03,8.03,7.36,8.17,6.96,8.25,7.77,7.93,8.2,7.63,8.61,8.73,7.78,7.9,8.04,8.0
1692.03,27,7.86,6.98,8.02,8.03,7.35,8.16,6.95,8.24,7.75,7.93,8.18,7.63,8.61,8.71,7.77,7.9,8.03,8.0
1693.03,27,7.86,6.99,8.0,8.02,7.35,8.16,6.96,8.23,7.77,7.95,8.2,7.63,8.59,8.74,7.78,7.9,8.04,8.0
1694.03,27,7.88,6.98,7.99,8.02,7.34,8.16,6.96,8.21,7.76,7.93,8.19,7.63,8.61,8.76,7.79,7.91,8.03,8.0
1695.03,27,7.86,7.0,7.99,8.04,7.35,8.17,6.99,8.23,7.79,7.96,8.17,7.64,8.62,8.76,7.81,7.91,8.03,8.02
1696.05,27,7.86,6.99,7.98,8.04,7.36,8.16,6.98,8.21,7.78,7.93,8.18,7.64,8.62,8.77,7.81,7.91,8.03,8.03
1697.05,27,7.85,7.0,7.96,8.03,7.35,8.16,6.98,8.2,7.78,7.93,8.17,7.64,8.59,8.76,7.81,7.9,8.03,8.0
1698.05,27,7.85,6.99,7.96,8.02,7.35,8.14,6.96,8.2,7.77,7.93,8.14,7.63,8.61,8.76,7.81,7.89,8.03,8.0
1699.05,27,7.86,6.99,7.95,8.02,7.36,8.14,6.96,8.19,7.79,7.95,8.16,7.64,8.58,8.79,7.81,7.91,8.03,7.99
1700.05,27,7.85,7.0,7.93,8.0,7.36,8.14,6.99,8.18,7.78,7.93,8.14,7.64,8.59,8.79,7.82,7.9,8.03,7.99
1701.05,27,7.85,7.01,7.93,8.03,7.36,8.16,6.96,8.19,7.78,7.95,8.14,7.64,8.61,8.8,7.82,7.9,8.03,7.99
1702.05,27,7.86,7.0,7.95,8.02,7.36,8.14,6.96,8.19,7.78,7.95,8.16,7.66,8.59,8.8,7.82,7.91,8.03,8.0
1703.05,27,7.86,7.0,7.92,8.0,7.36,8.13,6.96,8.18,7.78,7.93,8.14,7.63,8.59,8.8,7.82,7.89,8.0,7.98
1704.05,27,7.85,7.01,7.91,8.0,7.37,8.16,6.96,8.19,7.78,7.93,8.16,7.64,8.61,8.81,7.83,7.89,8.02,7.98
1705.05,27,7.85,7.01,7.92,8.0,7.37,8.14,6.96,8.18,7.77,7.95,8.16,7.64,8.59,8.81,7.82,7.9,8.03,7.98
1706.05,27,7.86,7.0,7.9,8.0,7.38,8.14,6.95,8.18,7.77,7.93,8.17,7.64,8.59,8.8,7.81,7.89,8.0,7.97
1707.05,27,7.86,7.02,7.91,8.02,7.38,8.14,6.98,8.19,7.78,7.95,8.18,7.66,8.59,8.81,7.82,7.89,8.03,7.98
1708.05,27,7.86,7.01,7.89,8.02,7.38,8.14,6.96,8.19,7.77,7.93,8.18,7.64,8.59,8.81,7.83,7.9,8.02,7.97
1709.05,27,7.86,7.0,7.89,8.02,7.38,8.12,6.96,8.18,7.77,7.93,8.19,7.64,8.59,8.81,7.82,7.89,8.02,7.97
1710.07,27,7.86,7.01,7.88,8.02,7.38,8.13,6.96,8.18,7.75,7.92,8.19,7.64,8.59,8.8,7.81,7.89,8.0,7.96
1711.07,27,7.86,7.01,7.86,8.03,7.38,8.12,6.95,8.18,7.76,7.93,8.2,7.64,8.58,8.8,7.82,7.88,8.02,7.96
1712.07,27,7.85,7.01,7.86,8.0,7.39,8.13,6.95,8.2,7.75,7.93,8.21,7.64,8.59,8.81,7.81,7.89,8.02,7.96
1713.07,27,7.86,7.01,7.88,8.02,7.38,8.13,6.96,8.21,7.75,7.93,8.21,7.66,8.59,8.8,7.81,7.88,8.0,7.96
1714.07,27,7.86,6.99,7.85,8.02,7.38,8.11,6.96,8.2,7.74,7.93,8.21,7.64,8.57,8.79,7.82,7.88,7.99,7.95
1715.07,27,7.86,7.01,7.84,8.02,7.38,8.12,6.95,8.21,7.75,7.92,8.23,7.66,8.57,8.8,7.82,7.89,8.0,7.95
1716.07,27,7.85,7.01,7.83,8.02,7.37,8.1,6.95,8.21,7.74,7.93,8.24,7.63,8.57,8.8,7.81,7.88,8.0,7.96
1717.07,27,7.86,7.01,7.83,8.02,7.37,8.1,6.96,8.21,7.74,7.93,8.25,7.64,8.58,8.79,7.81,7.88,8.0,7.96
1718.07,27,7.88,7.01,7.82,8.03,7.37,8.12,6.94,8.23,7.73,7.93,8.26,7.64,8.58,8.8,7.79,7.86,8.0,7.95
1719.08,27,7.86,7.01,7.82,8.03,7.37,8.1,6.95,8.21,7.73,7.95,8.25,7.63,8.57,8.79,7.81,7.89,7.99,7.96
1720.08,27,7.85,7.0,7.81,8.02,7.36,8.09,6.95,8.2,7.7,7.92,8.25,7.62,8.57,8.77,7.79,7.86,7.99,7.93
1721.08,27,7.88,7.0,7.82,8.02,7.36,8.1,6.95,8.25,7.7,7.93,8.28,7.63,8.58,8.79,7.81,7.89,7.99,7.93
1722.08,27,7.86,7.0,7.81,8.03,7.36,8.07,6.95,8.24,7.7,7.92,8.26,7.63,8.57,8.77,7.78,7.88,7.99,7.95
1723.08,27,7.86,6.99,7.79,8.0,7.35,8.07,6.95,8.24,7.69,7.93,8.27,7.61,8.56,8.76,7.77,7.88,7.99,7.93
1724.08,27,7.86,6.99,7.77,8.02,7.34,8.06,6.94,8.24,7.68,7.91,8.26,7.61,8.57,8.76,7.78,7.86,7.99,7.92
1725.1,27,7.85,6.99,7.78,8.0,7.34,8.06,6.94,8.24,7.68,7.92,8.27,7.61,8.57,8.77,7.77,7.88,8.0,7.92
1726.1,27,7.85,6.98,7.78,8.03,7.32,8.06,6.95,8.24,7.68,7.92,8.28,7.63,8.58,8.77,7.77,7.88,8.0,7.93
1727.1,27,7.84,6.99,7.76,7.99,7.31,8.04,6.94,8.24,7.67,7.91,8.27,7.61,8.56,8.76,7.77,7.86,7.98,7.91
1728.1,27,7.84,6.98,7.76,8.0,7.3,8.04,6.94,8.25,7.66,7.92,8.26,7.6,8.56,8.75,7.78,7.86,7.99,7.91
1729.1,27,7.86,6.98,7.76,8.0,7.3,8.03,6.94,8.25,7.66,7.92,8.27,7.6,8.56,8.75,7.77,7.85,7.98,7.92
1730.1,27,7.86,6.99,7.75,8.02,7.31,8.03,6.95,8.26,7.66,7.93,8.28,7.61,8.57,8.76,7.77,7.86,8.0,7.93
1731.1,27,7.88,6.96,7.75,8.0,7.3,8.02,6.93,8.25,7.64,7.92,8.28,7.6,8.56,8.75,7.76,7.86,7.99,7.91
1732.1,27,7.86,6.98,7.74,8.02,7.29,8.02,6.93,8.26,7.63,7.91,8.27,7.59,8.56,8.75,7.76,7.86,7.98,7.91
1733.12,27,7.83,6.96,7.7,8.0,7.28,7.98,6.91,8.24,7.6,7.89,8.26,7.56,8.53,8.73,7.74,7.84,7.97,7.9
1734.12,27,7.86,6.98,7.74,8.02,7.29,8.0,6.94,8.25,7.62,7.92,8.28,7.58,8.55,8.75,7.77,7.85,7.99,7.92
1735.12,27,7.86,6.98,7.73,8.02,7.28,7.97,6.93,8.25,7.61,7.91,8.28,7.58,8.55,8.75,7.76,7.86,7.99,7.9
1736.12,27,7.86,6.95,7.71,7.98,7.27,7.97,6.93,8.24,7.6,7.9,8.26,7.56,8.55,8.71,7.74,7.85,7.97,7.9
1737.12,27,7.86,6.95,7.71,8.0,7.27,7.97,6.94,8.24,7.59,7.89,8.26,7.55,8.55,8.71,7.74,7.85,7.97,7.9
1738.13,27,7.86,6.96,7.73,8.03,7.28,7.97,6.95,8.27,7.6,7.91,8.28,7.58,8.55,8.74,7.76,7.85,7.99,7.91
1739.13,27,7.86,6.96,7.7,8.02,7.28,7.96,6.95,8.25,7.58,7.92,8.28,7.55,8.53,8.74,7.74,7.85,7.99,7.89
1740.13,27,7.85,6.95,7.71,8.0,7.26,7.92,6.95,8.25,7.56,7.91,8.28,7.54,8.55,8.73,7.74,7.86,7.98,7.9
1741.13,27,7.86,6.94,7.69,8.0,7.27,7.93,6.94,8.23,7.55,7.9,8.26,7.54,8.52,8.73,7.73,7.84,7.97,7.89
1742.13,27,7.86,6.95,7.7,8.0,7.25,7.92,6.95,8.24,7.55,7.9,8.27,7.54,8.53,8.74,7.73,7.85,7.98,7.89
1743.13,27,7.86,6.94,7.68,8.0,7.25,7.91,6.95,8.24,7.54,7.9,8.27,7.54,8.52,8.73,7.73,7.84,7.97,7.89
1744.15,27,7.85,6.93,7.67,8.0,7.23,7.89,6.94,8.23,7.53,7.9,8.26,7.53,8.52,8.71,7.73,7.84,7.95,7.89
1745.15,27,7.85,6.92,7.68,7.99,7.23,7.88,6.94,8.23,7.52,7.89,8.25,7.52,8.52,8.71,7.71,7.83,7.97,7.89
1746.15,27,7.84,6.93,7.67,7.99,7.23,7.86,6.93,8.23,7.5,7.89,8.25,7.51,8.53,8.69,7.71,7.82,7.96,7.86
1747.17,27,7.85,6.93,7.68,7.99,7.23,7.86,6.93,8.23,7.47,7.89,8.25,7.51,8.52,8.68,7.7,7.83,7.96,7.86
1748.17,27,7.85,6.92,7.68,7.99,7.22,7.85,6.94,8.23,7.47,7.88,8.25,7.51,8.52,8.69,7.7,7.84,7.96,7.88
1749.17,27,7.84,6.91,7.66,7.98,7.22,7.83,6.93,8.21,7.46,7.89,8.25,7.5,8.51,8.69,7.69,7.83,7.96,7.86
1750.17,27,7.84,6.9,7.67,7.99,7.22,7.82,6.92,8.2,7.45,7.88,8.24,7.48,8.51,8.68,7.68,7.83,7.96,7.86
1751.17,27,7.85,6.92,7.67,7.99,7.21,7.82,6.94,8.23,7.46,7.9,8.25,7.5,8.53,8.69,7.7,7.83,7.97,7.88
1752.18,27,7.85,6.89,7.64,7.97,7.21,7.81,6.91,8.2,7.44,7.86,8.24,7.48,8.51,8.68,7.68,7.82,7.95,7.85
1753.18,27,7.84,6.89,7.63,7.98,7.21,7.77,6.92,8.19,7.44,7.86,8.23,7.47,8.49,8.68,7.68,7.82,7.96,7.85
1754.18,27,7.84,6.89,7.63,7.98,7.21,7.79,6.93,8.2,7.43,7.86,8.24,7.47,8.51,8.68,7.67,7.83,7.96,7.85
1755.18,27,7.85,6.9,7.64,7.99,7.21,7.77,6.93,8.2,7.42,7.89,8.24,7.47,8.51,8.68,7.67,7.82,7.96,7.85
1756.18,27,7.84,6.87,7.61,7.97,7.2,7.75,6.92,8.19,7.39,7.85,8.23,7.46,8.5,8.65,7.66,7.81,7.95,7.85
1757.18,27,7.84,6.87,7.63,7.97,7.2,7.73,6.93,8.2,7.39,7.88,8.24,7.45,8.5,8.67,7.66,7.82,7.96,7.85
1758.2,27,7.83,6.84,7.74,7.96,7.19,7.75,6.9,8.19,7.4,7.86,8.24,7.43,8.5,8.65,7.64,7.81,7.96,7.85
1759.2,27,7.83,6.94,8.04,7.98,7.29,8.02,6.92,8.14,7.7,7.89,8.18,7.62,8.51,8.63,7.76,7.82,7.92,7.9
1760.2,27,7.89,7.03,8.21,8.06,7.45,8.19,6.95,8.16,7.91,7.92,8.24,7.76,8.57,8.68,7.85,7.83,7.97,7.96
1761.2,27,7.92,7.08,8.32,8.1,7.54,8.32,6.96,8.26,8.04,7.95,8.32,7.83,8.59,8.74,7.92,7.83,8.0,7.97
1762.2,27,7.93,7.1,8.38,8.11,7.59,8.4,6.99,8.33,8.13,7.97,8.38,7.88,8.61,8.76,7.97,7.84,8.02,7.98
1763.2,27,7.93,7.1,8.42,8.11,7.61,8.45,6.96,8.38,8.16,7.96,8.42,7.9,8.62,8.77,7.97,7.83,8.0,7.97
1764.2,27,7.93,7.11,8.44,8.11,7.63,8.47,6.96,8.4,8.18,7.96,8.42,7.91,8.62,8.8,7.99,7.82,8.0,7.98
1765.2,27,7.93,7.13,8.45,8.11,7.67,8.5,6.96,8.42,8.2,7.95,8.45,7.92,8.61,8.79,7.99,7.78,8.0,7.98
1766.2,27,7.93,7.12,8.47,8.11,7.67,8.53,6.96,8.43,8.21,7.95,8.45,7.92,8.59,8.77,8.0,7.78,8.0,7.97
1767.22,27,7.92,7.11,8.46,8.1,7.66,8.55,6.95,8.42,8.2,7.93,8.44,7.92,8.59,8.76,7.99,7.76,7.99,7.97
1768.22,27,7.91,7.11,8.46,8.09,7.64,8.55,6.94,8.42,8.21,7.93,8.43,7.93,8.58,8.75,7.99,7.75,7.99,7.96
1769.22,27,7.9,7.1,8.44,8.05,7.63,8.53,6.93,8.4,8.18,7.9,8.43,7.91,8.57,8.74,7.98,7.73,7.97,7.95
1770.22,27,7.88,7.08,8.42,8.05,7.61,8.52,6.92,8.39,8.16,7.9,8.42,7.9,8.53,8.71,7.96,7.71,7.93,7.91
1771.23,27,7.88,7.09,8.44,8.05,7.61,8.55,6.93,8.39,8.17,7.91,8.42,7.89,8.55,8.7,7.95,7.69,7.93,7.92
1772.23,27,7.86,7.09,8.44,8.06,7.6,8.53,6.93,8.38,8.16,7.9,8.43,7.9,8.53,8.7,7.95,7.69,7.96,7.92
1773.23,27,7.85,7.07,8.42,8.02,7.58,8.51,6.91,8.38,8.13,7.89,8.39,7.88,8.53,8.67,7.95,7.68,7.93,7.89
1774.23,27,7.85,7.07,8.42,8.03,7.56,8.52,6.91,8.38,8.13,7.88,8.39,7.88,8.52,8.67,7.93,7.68,7.93,7.91
1775.23,27,7.83,7.05,8.39,8.0,7.54,8.49,6.91,8.34,8.12,7.86,8.39,7.88,8.51,8.65,7.91,7.66,7.92,7.9
1776.25,27,7.82,7.03,8.39,8.0,7.52,8.5,6.93,8.37,8.1,7.86,8.37,7.85,8.5,8.64,7.9,7.66,7.91,7.89
1777.25,27,7.82,7.03,8.38,8.0,7.53,8.49,6.92,8.36,8.09,7.85,8.34,7.85,8.49,8.63,7.89,7.66,7.91,7.89
1778.25,27,7.82,7.01,8.37,7.99,7.51,8.45,6.91,8.33,8.04,7.84,8.34,7.82,8.47,8.59,7.89,7.64,7.9,7.86
1779.25,27,7.81,7.01,8.36,7.97,7.48,8.44,6.9,8.33,8.04,7.85,8.33,7.82,8.47,8.58,7.85,7.63,7.9,7.85
1780.25,27,7.77,6.98,8.33,7.97,7.46,8.4,6.89,8.32,7.99,7.82,8.32,7.81,8.45,8.57,7.84,7.61,7.88,7.84
1781.25,27,7.77,6.98,8.32,7.96,7.45,8.4,6.89,8.31,7.97,7.83,8.3,7.78,8.45,8.56,7.81,7.61,7.88,7.83
1782.27,27,7.77,6.95,8.31,7.95,7.44,8.39,6.87,8.3,7.96,7.81,8.31,7.77,8.44,8.55,7.81,7.61,7.88,7.83
1783.27,27,7.77,6.95,8.31,7.95,7.43,8.38,6.9,8.3,7.95,7.82,8.3,7.77,8.44,8.55,7.79,7.6,7.88,7.83
1784.27,27,7.75,6.92,8.27,7.92,7.42,8.36,6.87,8.28,7.92,7.81,8.27,7.75,8.44,8.52,7.78,7.6,7.86,7.81
1785.27,27,7.75,6.91,8.26,7.92,7.39,8.32,6.86,8.26,7.9,7.79,8.25,7.74,8.42,8.49,7.76,7.6,7.86,7.81
1786.27,27,7.74,6.89,8.25,7.92,7.38,8.28,6.86,8.25,7.88,7.78,8.25,7.7,8.42,8.49,7.74,7.59,7.85,7.79
1787.27,27,7.75,6.86,8.25,7.92,7.36,8.28,6.85,8.24,7.83,7.78,8.24,7.7,8.42,8.46,7.71,7.58,7.83,7.77
1788.28,27,7.74,6.85,8.21,7.9,7.35,8.26,6.85,8.23,7.82,7.78,8.21,7.68,8.39,8.45,7.7,7.56,7.84,7.77
1789.28,27,7.75,6.84,8.21,7.92,7.32,8.24,6.85,8.23,7.81,7.79,8.2,7.69,8.4,8.46,7.7,7.58,7.85,7.77
1790.28,27,7.73,6.81,8.2,7.89,7.29,8.23,6.84,8.2,7.78,7.77,8.2,7.66,8.38,8.43,7.67,7.58,7.82,7.75
1791.28,27,7.7,6.8,8.18,7.88,7.29,8.2,6.83,8.18,7.74,7.76,8.18,7.63,8.36,8.4,7.66,7.56,7.83,7.74
1792.28,27,7.7,6.77,8.17,7.88,7.27,8.16,6.83,8.16,7.71,7.77,8.17,7.63,8.36,8.4,7.63,7.55,7.83,7.74
1793.28,27,7.7,6.75,8.16,7.86,7.23,8.14,6.83,8.14,7.7,7.75,8.16,7.6,8.34,8.38,7.62,7.55,7.82,7.74
1794.28,27,7.71,6.75,8.16,7.88,7.22,8.13,6.82,8.14,7.68,7.76,8.14,7.59,8.37,8.38,7.61,7.56,7.83,7.74
1795.28,27,7.69,6.71,8.11,7.85,7.21,8.1,6.81,8.11,7.66,7.75,8.12,7.58,8.33,8.36,7.58,7.55,7.78,7.71
1796.3,27,7.68,6.7,8.11,7.86,7.18,8.09,6.81,8.11,7.63,7.74,8.1,7.55,8.33,8.34,7.56,7.55,7.79,7.73
1797.3,27,7.68,6.68,8.09,7.83,7.17,8.05,6.81,8.1,7.59,7.74,8.09,7.53,8.32,8.34,7.55,7.53,7.79,7.7
1798.3,27,7.68,6.68,8.09,7.84,7.17,8.04,6.81,8.07,7.58,7.74,8.09,7.52,8.32,8.34,7.54,7.53,7.78,7.69
1799.3,27,7.69,6.64,8.06,7.84,7.14,8.02,6.81,8.06,7.54,7.74,8.07,7.52,8.33,8.34,7.53,7.53,7.81,7.71
1800.3,27,7.67,6.62,8.05,7.82,7.12,8.0,6.81,8.04,7.52,7.74,8.05,7.48,8.31,8.33,7.52,7.54,7.78,7.7
1801.3,27,7.66,6.62,8.05,7.83,7.11,7.98,6.8,8.04,7.51,7.74,8.04,7.48,8.31,8.32,7.51,7.52,7.81,7.69
1802.3,27,7.67,6.59,8.03,7.81,7.09,7.97,6.79,8.03,7.47,7.71,8.03,7.46,8.31,8.31,7.48,7.53,7.78,7.7
1803.3,27,7.64,6.58,8.02,7.79,7.09,7.95,6.79,8.0,7.46,7.71,8.02,7.44,8.3,8.31,7.47,7.53,7.78,7.68
1804.3,27,7.64,6.55,8.0,7.79,7.09,7.95,6.79,8.0,7.44,7.71,8.0,7.44,8.31,8.32,7.46,7.53,7.79,7.67
1805.3,27,7.64,6.54,8.0,7.79,7.08,7.92,6.79,8.0,7.43,7.71,7.99,7.43,8.3,8.31,7.45,7.52,7.78,7.66
1806.3,27,7.64,6.54,7.98,7.78,7.08,7.92,6.79,7.99,7.42,7.73,7.99,7.42,8.28,8.31,7.45,7.52,7.78,7.68
1807.32,27,7.63,6.52,7.96,7.77,7.05,7.9,6.77,7.98,7.4,7.7,7.98,7.39,8.28,8.31,7.43,7.52,7.77,7.68
1808.32,27,7.63,6.51,7.96,7.77,7.04,7.9,6.77,7.96,7.37,7.7,7.96,7.38,8.28,8.31,7.43,7.52,7.78,7.67
1809.32,27,7.63,6.5,7.95,7.78,7.04,7.86,6.77,7.97,7.38,7.71,7.96,7.38,8.26,8.31,7.4,7.51,7.78,7.67
1810.32,27,7.62,6.48,7.93,7.75,7.03,7.86,6.76,7.95,7.36,7.69,7.93,7.37,8.27,8.3,7.4,7.5,7.77,7.64
1811.32,27,7.61,6.47,7.92,7.75,7.03,7.85,6.76,7.96,7.35,7.69,7.93,7.35,8.27,8.28,7.39,7.5,7.77,7.66
1812.32,27,7.61,6.47,7.9,7.74,7.02,7.84,6.76,7.95,7.32,7.69,7.92,7.36,8.26,8.28,7.37,7.51,7.76,7.64
1813.32,27,7.63,6.47,7.89,7.75,7.02,7.84,6.76,7.95,7.34,7.68,7.92,7.36,8.27,8.3,7.38,7.51,7.79,7.66
1814.32,27,7.6,6.44,7.89,7.74,7.01,7.82,6.75,7.93,7.3,7.68,7.92,7.35,8.26,8.28,7.36,7.5,7.78,7.64
1815.32,27,7.61,6.44,7.86,7.75,6.99,7.79,6.74,7.93,7.29,7.68,7.9,7.34,8.26,8.28,7.35,7.5,7.76,7.64
1816.32,27,7.61,6.42,7.86,7.74,6.99,7.79,6.75,7.92,7.29,7.69,7.9,7.34,8.25,8.27,7.34,7.51,7.77,7.63
1817.32,27,7.61,6.43,7.84,7.73,6.96,7.78,6.76,7.92,7.26,7.67,7.89,7.31,8.25,8.27,7.34,7.51,7.76,7.64
1818.33,27,7.59,6.42,7.84,7.73,6.94,7.76,6.74,7.89,7.25,7.66,7.89,7.31,8.21,8.26,7.31,7.48,7.76,7.63
1819.33,27,7.6,6.42,7.83,7.74,6.95,7.76,6.74,7.9,7.23,7.68,7.89,7.3,8.25,8.26,7.32,7.5,7.77,7.63
1820.33,27,7.58,6.39,7.79,7.7,6.92,7.73,6.73,7.86,7.2,7.66,7.85,7.29,8.23,8.25,7.29,7.48,7.76,7.62
1821.33,27,7.59,6.39,7.78,7.71,6.91,7.73,6.73,7.88,7.2,7.66,7.85,7.29,8.23,8.24,7.28,7.47,7.75,7.63
1822.33,27,7.58,6.38,7.78,7.7,6.91,7.71,6.73,7.88,7.19,7.66,7.83,7.27,8.24,8.24,7.28,7.48,7.77,7.62
1823.33,27,7.59,6.37,7.76,7.69,6.9,7.68,6.73,7.85,7.19,7.67,7.83,7.25,8.23,8.21,7.27,7.47,7.76,7.62
1824.33,27,7.58,6.37,7.76,7.69,6.87,7.68,6.72,7.85,7.17,7.66,7.82,7.25,8.21,8.21,7.27,7.48,7.76,7.62
1825.35,27,7.58,6.36,7.75,7.68,6.86,7.66,6.73,7.83,7.16,7.64,7.81,7.23,8.2,8.19,7.25,7.48,7.77,7.62
1826.35,27,7.58,6.35,7.74,7.69,6.85,7.64,6.72,7.82,7.16,7.64,7.79,7.22,8.23,8.2,7.26,7.48,7.77,7.6
1827.35,27,7.56,6.33,7.7,7.67,6.83,7.63,6.71,7.79,7.13,7.64,7.78,7.2,8.21,8.18,7.25,7.46,7.75,7.6
1828.35,27,7.56,6.33,7.7,7.69,6.83,7.63,6.72,7.79,7.13,7.66,7.77,7.22,8.21,8.18,7.23,7.48,7.76,7.61
1829.35,27,7.55,6.32,7.69,7.67,6.8,7.6,6.71,7.77,7.12,7.64,7.76,7.2,8.2,8.16,7.22,7.47,7.75,7.6
1830.35,27,7.54,6.31,7.68,7.64,6.79,7.58,6.71,7.76,7.11,7.62,7.75,7.18,8.19,8.17,7.22,7.47,7.76,7.59
1831.35,27,7.54,6.32,7.67,7.66,6.76,7.55,6.7,7.75,7.11,7.61,7.73,7.18,8.19,8.16,7.21,7.47,7.74,7.59
1832.35,27,7.55,6.32,7.67,7.67,6.76,7.59,6.71,7.75,7.12,7.63,7.73,7.18,8.2,8.18,7.23,7.48,7.75,7.6
1833.37,27,7.54,6.32,7.66,7.64,6.74,7.55,6.7,7.73,7.1,7.63,7.7,7.17,8.19,8.17,7.22,7.47,7.75,7.58
1834.37,27,7.54,6.32,7.63,7.64,6.73,7.54,6.7,7.71,7.12,7.62,7.69,7.16,8.2,8.17,7.21,7.47,7.75,7.58
1835.37,27,7.54,6.31,7.63,7.64,6.72,7.55,6.7,7.7,7.12,7.63,7.68,7.14,8.19,8.18,7.25,7.47,7.75,7.59
1836.37,27,7.53,6.33,7.62,7.63,6.72,7.54,6.69,7.68,7.13,7.62,7.66,7.16,8.2,8.18,7.23,7.47,7.74,7.58
1837.37,27,7.53,6.33,7.6,7.63,6.71,7.52,6.69,7.67,7.12,7.61,7.64,7.14,8.18,8.19,7.25,7.47,7.74,7.56
1838.37,27,7.53,6.33,7.59,7.63,6.7,7.52,6.68,7.66,7.12,7.61,7.64,7.14,8.18,8.21,7.23,7.46,7.74,7.58
1839.37,27,7.53,6.35,7.59,7.62,6.7,7.53,6.69,7.66,7.14,7.62,7.62,7.14,8.19,8.23,7.26,7.46,7.74,7.55
1840.37,27,7.53,6.35,7.58,7.61,6.7,7.53,6.69,7.64,7.14,7.6,7.62,7.16,8.19,8.24,7.27,7.46,7.74,7.56
1841.38,27,7.52,6.35,7.56,7.61,6.68,7.52,6.68,7.62,7.14,7.6,7.6,7.14,8.18,8.24,7.25,7.45,7.74,7.56
1842.38,27,7.53,6.36,7.56,7.62,6.69,7.52,6.69,7.62,7.14,7.62,7.59,7.14,8.19,8.25,7.27,7.47,7.75,7.58
1843.38,27,7.52,6.35,7.54,7.6,6.69,7.52,6.69,7.61,7.16,7.6,7.58,7.17,8.19,8.26,7.27,7.46,7.75,7.55
1844.38,27,7.52,6.36,7.53,7.6,6.68,7.52,6.66,7.59,7.16,7.6,7.56,7.14,8.17,8.26,7.28,7.46,7.74,7.55
1845.38,27,7.52,6.38,7.54,7.61,6.7,7.53,6.69,7.6,7.17,7.61,7.56,7.17,8.18,8.28,7.3,7.46,7.75,7.55
1846.38,27,7.51,6.38,7.53,7.61,6.71,7.52,6.69,7.59,7.17,7.61,7.56,7.19,8.17,8.3,7.3,7.47,7.76,7.56
1847.38,27,7.53,6.38,7.53,7.6,6.72,7.53,6.69,7.58,7.17,7.6,7.54,7.18,8.18,8.3,7.3,7.46,7.75,7.56
1848.38,27,7.52,6.38,7.53,7.58,6.71,7.52,6.68,7.58,7.17,7.6,7.55,7.17,8.17,8.31,7.29,7.44,7.74,7.55
1849.38,27,7.52,6.38,7.51,7.59,6.72,7.52,6.66,7.58,7.17,7.6,7.54,7.18,8.17,8.32,7.3,7.46,7.75,7.53
1850.38,27,7.53,6.38,7.52,7.58,6.73,7.53,6.68,7.58,7.18,7.6,7.55,7.19,8.16,8.32,7.3,7.45,7.74,7.54
1851.38,27,7.51,6.38,7.48,7.58,6.74,7.53,6.66,7.55,7.17,7.59,7.55,7.18,8.17,8.32,7.3,7.45,7.73,7.53
1852.38,27,7.52,6.38,7.48,7.58,6.74,7.53,6.66,7.55,7.17,7.59,7.55,7.19,8.17,8.32,7.3,7.46,7.75,7.54
1853.38,27,7.51,6.39,7.5,7.56,6.74,7.53,6.68,7.55,7.18,7.59,7.56,7.19,8.17,8.32,7.31,7.45,7.74,7.54
1854.38,27,7.51,6.39,7.5,7.56,6.74,7.53,6.69,7.58,7.17,7.6,7.56,7.19,8.17,8.33,7.31,7.45,7.75,7.52
1855.4,27,7.51,6.38,7.47,7.56,6.74,7.54,6.68,7.58,7.16,7.58,7.59,7.2,8.17,8.33,7.31,7.45,7.74,7.52
1856.4,27,7.5,6.38,7.45,7.55,6.74,7.53,6.68,7.55,7.17,7.58,7.6,7.2,8.17,8.33,7.31,7.45,7.73,7.53
1857.4,27,7.51,6.39,7.45,7.56,6.76,7.53,6.69,7.56,7.17,7.59,7.61,7.2,8.14,8.34,7.31,7.45,7.74,7.52
1858.4,27,7.5,6.38,7.45,7.56,6.75,7.53,6.69,7.56,7.16,7.58,7.61,7.19,8.16,8.33,7.3,7.44,7.73,7.52
1859.4,27,7.5,6.38,7.44,7.54,6.75,7.51,6.66,7.56,7.16,7.59,7.62,7.19,8.14,8.32,7.29,7.44,7.71,7.5
1860.42,27,7.5,6.38,7.43,7.55,6.75,7.53,6.68,7.56,7.16,7.58,7.62,7.2,8.16,8.32,7.29,7.44,7.71,7.5
1861.42,27,7.51,6.38,7.43,7.56,6.75,7.52,6.68,7.58,7.16,7.59,7.66,7.19,8.16,8.33,7.3,7.44,7.71,7.51
1862.42,27,7.51,6.38,7.43,7.55,6.74,7.52,6.69,7.58,7.14,7.58,7.66,7.19,8.14,8.32,7.3,7.44,7.73,7.5
1863.42,27,7.5,6.39,7.42,7.56,6.75,7.52,6.69,7.59,7.14,7.58,7.67,7.2,8.14,8.32,7.29,7.44,7.74,7.5
1864.42,27,7.5,6.38,7.4,7.55,6.74,7.52,6.69,7.6,7.13,7.58,7.67,7.19,8.13,8.31,7.29,7.42,7.73,7.5
1865.42,27,7.5,6.39,7.4,7.55,6.73,7.52,6.69,7.59,7.13,7.58,7.68,7.19,8.14,8.31,7.29,7.43,7.71,7.48
1866.42,27,7.5,6.38,7.42,7.56,6.73,7.51,6.69,7.6,7.13,7.58,7.69,7.19,8.14,8.31,7.29,7.44,7.73,7.48
1867.42,27,7.5,6.38,7.4,7.56,6.72,7.51,6.69,7.61,7.12,7.58,7.7,7.19,8.14,8.32,7.29,7.43,7.73,7.5
1868.42,27,7.5,6.38,7.38,7.58,6.72,7.51,6.68,7.61,7.13,7.58,7.7,7.18,8.14,8.28,7.28,7.43,7.71,7.47
1869.42,27,7.5,6.36,7.34,7.54,6.71,7.47,6.68,7.6,7.08,7.56,7.7,7.17,8.14,8.3,7.27,7.43,7.71,7.47
1870.42,27,7.46,6.41,7.64,7.55,6.74,7.61,6.68,7.6,7.25,7.56,7.69,7.22,8.14,8.28,7.31,7.42,7.71,7.5
1871.43,27,7.51,6.54,7.85,7.64,6.92,7.77,6.7,7.56,7.44,7.63,7.7,7.37,8.18,8.28,7.4,7.43,7.71,7.58
1872.43,27,7.59,6.61,8.0,7.74,7.05,7.9,6.74,7.67,7.61,7.67,7.82,7.46,8.24,8.36,7.5,7.46,7.76,7.62
1873.43,27,7.66,6.65,8.09,7.78,7.16,7.99,6.75,7.82,7.69,7.7,7.92,7.52,8.27,8.39,7.54,7.47,7.78,7.62
1874.43,27,7.67,6.69,8.13,7.81,7.22,8.05,6.76,7.92,7.74,7.7,8.0,7.56,8.31,8.42,7.58,7.48,7.78,7.63
1875.43,27,7.67,6.7,8.18,7.81,7.23,8.09,6.75,7.97,7.76,7.73,8.04,7.58,8.28,8.42,7.59,7.47,7.77,7.62
1876.43,27,7.68,6.71,8.18,7.82,7.26,8.12,6.75,7.99,7.79,7.73,8.05,7.6,8.31,8.42,7.61,7.46,7.78,7.64
1877.43,27,7.68,6.72,8.18,7.83,7.26,8.12,6.74,8.02,7.78,7.71,8.06,7.59,8.28,8.42,7.6,7.45,7.77,7.63
1878.43,27,7.68,6.72,8.2,7.81,7.27,8.14,6.75,8.03,7.81,7.73,8.09,7.6,8.28,8.42,7.61,7.43,7.77,7.62
1879.43,27,7.69,6.73,8.2,7.82,7.27,8.17,6.74,8.04,7.79,7.73,8.1,7.61,8.3,8.42,7.63,7.42,7.76,7.64
1880.45,27,7.66,6.72,8.19,7.78,7.27,8.14,6.74,8.02,7.77,7.69,8.07,7.59,8.26,8.39,7.6,7.39,7.75,7.63
1881.45,27,7.63,6.72,8.19,7.79,7.25,8.14,6.73,8.03,7.78,7.7,8.09,7.6,8.25,8.38,7.6,7.37,7.74,7.62
1882.45,27,7.64,6.72,8.19,7.79,7.25,8.14,6.72,8.02,7.77,7.69,8.06,7.59,8.24,8.37,7.6,7.37,7.74,7.61
1883.45,27,7.62,6.71,8.17,7.77,7.22,8.13,6.71,8.02,7.75,7.68,8.06,7.56,8.23,8.34,7.58,7.36,7.71,7.59
1884.47,27,7.62,6.7,8.17,7.77,7.22,8.12,6.72,8.02,7.74,7.67,8.06,7.56,8.24,8.33,7.58,7.34,7.7,7.58
1885.47,27,7.61,6.7,8.17,7.76,7.21,8.12,6.72,8.0,7.73,7.66,8.04,7.54,8.21,8.33,7.56,7.34,7.71,7.58
1886.48,27,7.61,6.68,8.14,7.75,7.18,8.11,6.71,7.99,7.7,7.64,8.04,7.54,8.21,8.32,7.55,7.32,7.7,7.55
1887.48,27,7.58,6.65,8.12,7.73,7.14,8.07,6.7,7.98,7.66,7.62,8.03,7.51,8.18,8.27,7.51,7.29,7.68,7.53
1888.48,27,7.58,6.63,8.11,7.71,7.13,8.06,6.7,7.98,7.63,7.62,8.0,7.51,8.18,8.27,7.51,7.29,7.67,7.53
1889.48,27,7.58,6.63,8.12,7.73,7.13,8.06,6.71,7.98,7.63,7.62,8.0,7.5,8.19,8.27,7.51,7.29,7.68,7.55
1890.5,27,7.55,6.61,8.06,7.7,7.1,8.02,6.68,7.95,7.59,7.61,7.97,7.47,8.16,8.24,7.47,7.27,7.66,7.51
1891.5,27,7.55,6.6,8.07,7.69,7.09,8.0,6.68,7.93,7.59,7.61,7.97,7.46,8.16,8.23,7.46,7.28,7.66,7.51
1892.5,27,7.55,6.59,8.06,7.68,7.08,7.98,6.69,7.95,7.55,7.6,7.97,7.45,8.16,8.23,7.44,7.27,7.66,7.51
1893.5,27,7.55,6.55,8.04,7.67,7.05,7.97,6.69,7.93,7.53,7.59,7.96,7.44,8.14,8.2,7.43,7.26,7.64,7.48
1894.52,27,7.52,6.52,8.0,7.63,7.02,7.93,6.66,7.9,7.5,7.59,7.91,7.4,8.11,8.17,7.39,7.25,7.62,7.47
1895.52,27,7.52,6.52,8.0,7.66,7.01,7.92,6.66,7.9,7.47,7.58,7.92,7.4,8.12,8.18,7.37,7.25,7.63,7.46
1896.52,27,7.53,6.5,7.99,7.63,7.0,7.89,6.66,7.89,7.44,7.56,7.9,7.37,8.1,8.14,7.37,7.23,7.61,7.45
1897.53,27,7.52,6.49,7.97,7.63,6.99,7.88,6.66,7.88,7.44,7.56,7.9,7.38,8.09,8.14,7.35,7.22,7.62,7.46
1898.53,27,7.48,6.46,7.95,7.61,6.95,7.83,6.64,7.84,7.39,7.55,7.86,7.35,8.07,8.11,7.31,7.21,7.6,7.43
1899.53,27,7.48,6.42,7.92,7.6,6.92,7.82,6.63,7.84,7.37,7.55,7.85,7.32,8.06,8.09,7.3,7.2,7.6,7.4
1900.53,27,7.5,6.42,7.93,7.61,6.92,7.79,6.63,7.84,7.34,7.54,7.85,7.31,8.07,8.09,7.29,7.21,7.61,7.43
1901.53,27,7.47,6.38,7.9,7.58,6.86,7.76,6.61,7.79,7.3,7.53,7.82,7.29,8.04,8.05,7.26,7.18,7.58,7.39
1902.53,27,7.47,6.37,7.89,7.59,6.86,7.74,6.62,7.79,7.29,7.53,7.82,7.27,8.05,8.05,7.26,7.19,7.6,7.39
1903.55,27,7.45,6.33,7.88,7.58,6.84,7.73,6.61,7.76,7.25,7.51,7.79,7.25,8.02,8.02,7.23,7.18,7.59,7.38
1904.55,27,7.46,6.32,7.86,7.58,6.83,7.69,6.62,7.77,7.23,7.52,7.79,7.23,8.04,8.03,7.23,7.19,7.6,7.39
1905.55,27,7.46,6.29,7.85,7.56,6.81,7.68,6.61,7.75,7.21,7.51,7.77,7.21,8.0,8.02,7.2,7.19,7.59,7.37
1906.55,27,7.45,6.28,7.85,7.56,6.8,7.66,6.6,7.74,7.18,7.5,7.76,7.21,8.0,8.0,7.2,7.18,7.59,7.37
1907.55,27,7.44,6.26,7.83,7.55,6.77,7.64,6.6,7.73,7.14,7.51,7.74,7.19,8.0,7.98,7.17,7.18,7.58,7.36
1908.55,27,7.44,6.23,7.81,7.54,6.76,7.61,6.6,7.7,7.11,7.51,7.71,7.18,8.0,7.98,7.16,7.18,7.58,7.36
1909.55,27,7.42,6.22,7.79,7.53,6.74,7.6,6.58,7.69,7.09,7.5,7.69,7.16,7.99,7.97,7.14,7.16,7.58,7.35
1910.55,27,7.43,6.18,7.78,7.53,6.73,7.56,6.58,7.67,7.05,7.48,7.67,7.13,7.97,7.96,7.11,7.16,7.56,7.34
1911.55,27,7.42,6.16,7.77,7.52,6.72,7.56,6.58,7.66,7.04,7.47,7.67,7.12,7.97,7.96,7.11,7.16,7.58,7.32
1912.55,27,7.43,6.15,7.78,7.52,6.72,7.56,6.59,7.63,7.04,7.48,7.68,7.13,7.97,7.96,7.11,7.16,7.58,7.35
1913.55,27,7.39,6.11,7.75,7.48,6.69,7.53,6.55,7.63,7.0,7.46,7.63,7.09,7.96,7.93,7.08,7.14,7.54,7.31
1914.57,27,7.38,6.09,7.74,7.48,6.69,7.53,6.55,7.61,6.99,7.45,7.62,7.1,7.93,7.92,7.05,7.12,7.55,7.31
1915.57,27,7.39,6.09,7.73,7.47,6.69,7.53,6.56,7.61,6.99,7.47,7.63,7.11,7.93,7.95,7.07,7.14,7.55,7.31
1916.57,27,7.38,6.06,7.7,7.46,6.65,7.48,6.54,7.6,6.96,7.45,7.61,7.08,7.93,7.91,7.03,7.12,7.53,7.31
1917.57,27,7.38,6.05,7.7,7.45,6.65,7.47,6.55,7.6,6.95,7.45,7.6,7.07,7.92,7.91,7.03,7.13,7.53,7.29
1918.57,27,7.37,6.04,7.69,7.45,6.65,7.47,6.53,7.59,6.95,7.45,7.59,7.08,7.93,7.92,7.03,7.12,7.55,7.3
1919.57,27,7.38,6.03,7.66,7.43,6.64,7.46,6.54,7.59,6.93,7.44,7.59,7.05,7.93,7.92,7.01,7.12,7.54,7.3
1920.57,27,7.37,6.02,7.67,7.44,6.64,7.45,6.53,7.59,6.91,7.44,7.58,7.05,7.93,7.92,7.0,7.12,7.54,7.3
1921.57,27,7.36,6.01,7.64,7.42,6.62,7.43,6.53,7.56,6.89,7.43,7.58,7.04,7.91,7.92,6.99,7.12,7.54,7.29
1922.57,27,7.35,6.0,7.64,7.42,6.62,7.42,6.52,7.56,6.87,7.43,7.55,7.02,7.9,7.91,6.98,7.11,7.54,7.28
1923.58,27,7.36,5.99,7.63,7.42,6.61,7.4,6.52,7.56,6.86,7.42,7.55,7.03,7.9,7.91,6.98,7.11,7.54,7.29
1924.58,27,7.35,5.99,7.62,7.39,6.6,7.38,6.52,7.56,6.85,7.42,7.54,7.01,7.89,7.9,6.95,7.1,7.54,7.28
1925.58,27,7.34,5.98,7.61,7.38,6.56,7.37,6.51,7.55,6.83,7.42,7.54,7.0,7.9,7.89,6.94,7.1,7.52,7.27
1926.58,27,7.32,5.98,7.59,7.38,6.56,7.36,6.51,7.54,6.82,7.42,7.53,7.01,7.89,7.86,6.95,7.1,7.53,7.27
1927.58,27,7.35,5.97,7.59,7.37,6.56,7.35,6.5,7.53,6.82,7.4,7.51,6.99,7.88,7.88,6.93,7.1,7.52,7.27
1928.58,27,7.31,5.95,7.56,7.35,6.53,7.32,6.49,7.51,6.8,7.38,7.51,6.98,7.88,7.84,6.91,7.09,7.52,7.26
1929.58,27,7.32,5.93,7.55,7.36,6.52,7.32,6.49,7.5,6.81,7.39,7.5,6.98,7.86,7.84,6.91,7.08,7.52,7.26
1930.6,27,7.32,5.92,7.54,7.35,6.5,7.32,6.49,7.5,6.81,7.39,7.5,6.95,7.86,7.84,6.9,7.09,7.53,7.26
1931.6,27,7.3,5.91,7.52,7.34,6.49,7.29,6.47,7.47,6.79,7.37,7.46,6.95,7.85,7.82,6.89,7.07,7.51,7.25
1932.6,27,7.31,5.89,7.51,7.32,6.47,7.3,6.48,7.47,6.8,7.37,7.46,6.95,7.86,7.81,6.89,7.08,7.52,7.25
1933.6,27,7.31,5.9,7.51,7.32,6.47,7.3,6.48,7.46,6.8,7.36,7.44,6.95,7.84,7.81,6.87,7.07,7.53,7.26
1934.6,27,7.3,5.88,7.5,7.3,6.44,7.29,6.46,7.43,6.8,7.35,7.43,6.93,7.83,7.78,6.89,7.05,7.52,7.25
1935.6,27,7.3,5.88,7.48,7.3,6.42,7.29,6.46,7.43,6.8,7.35,7.42,6.94,7.83,7.77,6.87,7.08,7.52,7.25
1936.6,27,7.29,5.87,7.47,7.3,6.41,7.3,6.47,7.43,6.82,7.37,7.4,6.95,7.83,7.77,6.9,7.07,7.52,7.25
1937.6,27,7.29,5.85,7.46,7.28,6.4,7.29,6.44,7.38,6.83,7.35,7.38,6.94,7.82,7.75,6.9,7.04,7.52,7.22
1938.6,27,7.28,5.85,7.45,7.27,6.39,7.29,6.44,7.38,6.83,7.34,7.36,6.94,7.82,7.75,6.89,7.04,7.52,7.22
1939.6,27,7.29,5.86,7.44,7.27,6.39,7.29,6.46,7.37,6.83,7.35,7.36,6.95,7.83,7.74,6.9,7.05,7.51,7.23
1940.62,27,7.29,5.86,7.43,7.27,6.37,7.3,6.46,7.37,6.86,7.35,7.35,6.96,7.83,7.73,6.91,7.05,7.51,7.23
1941.62,27,7.28,5.87,7.43,7.27,6.36,7.3,6.44,7.36,6.86,7.34,7.31,6.96,7.82,7.73,6.92,7.05,7.51,7.23
1942.62,27,7.27,5.86,7.43,7.26,6.36,7.31,6.43,7.34,6.87,7.34,7.32,6.98,7.81,7.75,6.92,7.05,7.52,7.23
1943.62,27,7.27,5.86,7.4,7.25,6.36,7.32,6.44,7.32,6.87,7.34,7.29,6.99,7.82,7.75,6.92,7.04,7.52,7.23
1944.62,27,7.26,5.87,7.38,7.21,6.35,7.3,6.42,7.31,6.87,7.31,7.26,6.95,7.79,7.74,6.93,7.04,7.51,7.21
1945.62,27,7.25,5.88,7.38,7.22,6.35,7.34,6.43,7.3,6.89,7.32,7.26,6.99,7.82,7.75,6.93,7.04,7.52,7.22
1946.62,27,7.23,5.87,7.37,7.2,6.36,7.32,6.42,7.28,6.87,7.3,7.25,6.99,7.79,7.77,6.94,7.04,7.52,7.2
1947.63,27,7.23,5.88,7.37,7.2,6.35,7.32,6.42,7.27,6.89,7.3,7.23,7.01,7.81,7.79,6.93,7.03,7.51,7.21
1948.65,27,7.23,5.88,7.36,7.18,6.35,7.32,6.42,7.26,6.89,7.29,7.22,7.0,7.79,7.81,6.94,7.04,7.51,7.21
1949.65,27,7.21,5.89,7.36,7.19,6.36,7.35,6.41,7.26,6.9,7.29,7.21,7.0,7.79,7.83,6.95,7.02,7.51,7.21
1950.65,27,7.23,5.9,7.36,7.19,6.37,7.35,6.42,7.26,6.91,7.3,7.21,7.02,7.79,7.85,6.98,7.05,7.53,7.21
1951.65,27,7.22,5.91,7.36,7.18,6.38,7.36,6.41,7.23,6.9,7.29,7.19,7.01,7.78,7.86,6.98,7.05,7.52,7.21
1952.65,27,7.2,5.9,7.34,7.16,6.38,7.36,6.41,7.23,6.91,7.28,7.18,7.02,7.78,7.88,6.98,7.04,7.52,7.2
1953.65,27,7.2,5.91,7.34,7.16,6.38,7.35,6.4,7.22,6.9,7.27,7.17,7.01,7.78,7.89,6.96,7.04,7.51,7.19
1954.65,27,7.21,5.92,7.34,7.13,6.39,7.36,6.41,7.21,6.91,7.26,7.18,7.02,7.79,7.91,6.98,7.04,7.51,7.2
1955.65,27,7.2,5.92,7.32,7.13,6.39,7.36,6.4,7.22,6.9,7.26,7.18,7.02,7.78,7.92,6.96,7.03,7.51,7.2
1956.65,27,7.2,5.93,7.32,7.12,6.42,7.37,6.41,7.23,6.92,7.26,7.19,7.02,7.81,7.95,6.99,7.05,7.53,7.2
1957.67,27,7.17,5.9,7.29,7.1,6.4,7.31,6.38,7.2,6.85,7.23,7.18,6.98,7.77,7.92,6.95,7.02,7.51,7.17
1958.67,27,7.14,6.0,7.54,7.08,6.46,7.42,6.39,7.19,7.0,7.2,7.17,7.05,7.75,7.92,7.01,7.03,7.5,7.2
1959.67,27,7.19,6.14,7.74,7.18,6.65,7.54,6.43,7.17,7.16,7.29,7.21,7.16,7.84,7.97,7.11,7.08,7.51,7.28
1960.67,27,7.3,6.22,7.83,7.34,6.79,7.61,6.49,7.34,7.27,7.37,7.37,7.21,7.9,8.0,7.18,7.12,7.51,7.31
1961.67,27,7.38,6.29,7.91,7.44,6.85,7.67,6.53,7.52,7.36,7.44,7.53,7.26,7.97,8.07,7.23,7.17,7.56,7.35
1962.67,27,7.4,6.3,7.95,7.47,6.9,7.73,6.52,7.61,7.37,7.45,7.61,7.28,7.97,8.11,7.25,7.14,7.56,7.34
1963.67,27,7.45,6.33,7.96,7.51,6.94,7.75,6.53,7.67,7.42,7.47,7.67,7.31,7.98,8.12,7.28,7.17,7.58,7.35
1964.67,27,7.46,6.36,7.98,7.53,6.96,7.78,6.54,7.71,7.42,7.48,7.7,7.3,8.0,8.13,7.3,7.16,7.58,7.35
1965.67,27,7.45,6.36,7.98,7.52,6.95,7.78,6.53,7.73,7.43,7.48,7.71,7.32,7.99,8.12,7.28,7.13,7.58,7.36
1966.67,27,7.45,6.38,7.98,7.54,6.96,7.79,6.53,7.73,7.44,7.5,7.74,7.31,7.99,8.11,7.29,7.13,7.55,7.35
1967.68,27,7.45,6.38,7.98,7.54,6.95,7.78,6.52,7.75,7.43,7.5,7.74,7.3,8.0,8.11,7.3,7.11,7.56,7.35
1968.68,27,7.44,6.36,7.98,7.53,6.93,7.78,6.53,7.74,7.4,7.48,7.74,7.29,7.98,8.09,7.28,7.09,7.55,7.31
1969.68,27,7.44,6.37,7.98,7.53,6.93,7.79,6.54,7.74,7.4,7.48,7.74,7.29,7.99,8.07,7.27,7.1,7.55,7.32
1970.68,27,7.44,6.37,7.97,7.52,6.92,7.77,6.54,7.74,7.39,7.47,7.75,7.3,7.97,8.07,7.29,7.09,7.54,7.32
1971.68,27,7.42,6.32,7.96,7.52,6.9,7.76,6.52,7.71,7.37,7.46,7.71,7.27,7.96,8.05,7.25,7.04,7.53,7.31
1972.68,27,7.43,6.33,7.95,7.51,6.89,7.77,6.52,7.71,7.36,7.46,7.74,7.27,7.95,8.04,7.26,7.05,7.51,7.31
1973.68,27,7.4,6.32,7.93,7.48,6.86,7.74,6.51,7.69,7.32,7.44,7.71,7.26,7.93,8.0,7.22,7.02,7.52,7.28
1974.68,27,7.4,6.29,7.91,7.48,6.85,7.73,6.51,7.7,7.29,7.44,7.7,7.22,7.91,8.0,7.21,7.0,7.5,7.27
1975.68,27,7.39,6.28,7.9,7.47,6.83,7.7,6.5,7.69,7.28,7.43,7.7,7.23,7.91,7.99,7.19,7.0,7.5,7.25
1976.68,27,7.38,6.27,7.89,7.47,6.82,7.7,6.51,7.68,7.26,7.43,7.69,7.22,7.92,7.97,7.18,7.0,7.5,7.26
1977.7,27,7.37,6.26,7.88,7.45,6.8,7.67,6.5,7.66,7.26,7.42,7.67,7.21,7.9,7.95,7.16,6.99,7.47,7.23
1978.7,27,7.37,6.24,7.86,7.45,6.76,7.66,6.49,7.66,7.22,7.42,7.66,7.18,7.89,7.93,7.14,6.96,7.48,7.23
1979.7,27,7.35,6.2,7.84,7.43,6.73,7.61,6.48,7.62,7.19,7.39,7.66,7.17,7.88,7.91,7.11,6.96,7.46,7.2
1980.7,27,7.34,6.19,7.83,7.42,6.72,7.6,6.48,7.61,7.14,7.38,7.62,7.14,7.86,7.9,7.08,6.94,7.45,7.19
1981.7,27,7.34,6.17,7.79,7.4,6.7,7.56,6.47,7.6,7.12,7.37,7.61,7.11,7.85,7.88,7.08,6.94,7.45,7.19
1982.7,27,7.32,6.15,7.79,7.4,6.68,7.55,6.48,7.59,7.1,7.37,7.61,7.11,7.84,7.85,7.04,6.94,7.46,7.17
1983.7,27,7.31,6.12,7.76,7.38,6.64,7.51,6.47,7.58,7.07,7.36,7.59,7.08,7.83,7.84,7.02,6.93,7.44,7.16
1984.7,27,7.32,6.12,7.77,7.38,6.64,7.51,6.47,7.56,7.04,7.36,7.59,7.08,7.83,7.84,7.01,6.92,7.45,7.16
1985.72,27,7.3,6.09,7.74,7.36,6.61,7.46,6.46,7.52,6.99,7.35,7.56,7.04,7.81,7.81,6.99,6.91,7.43,7.13
1986.72,27,7.27,6.04,7.71,7.34,6.59,7.44,6.43,7.51,6.96,7.34,7.53,7.02,7.79,7.78,6.95,6.89,7.4,7.12
1987.72,27,7.29,6.03,7.7,7.36,6.58,7.42,6.44,7.52,6.94,7.35,7.52,7.01,7.78,7.79,6.95,6.9,7.43,7.12
1988.72,27,7.27,6.0,7.7,7.34,6.54,7.37,6.44,7.47,6.9,7.31,7.51,6.99,7.76,7.75,6.91,6.89,7.42,7.11
1989.72,27,7.27,5.98,7.67,7.31,6.52,7.35,6.42,7.45,6.86,7.31,7.47,6.96,7.75,7.73,6.89,6.89,7.4,7.09
1990.72,27,7.27,5.95,7.66,7.3,6.5,7.32,6.42,7.44,6.82,7.29,7.46,6.92,7.75,7.71,6.86,6.86,7.39,7.09
1991.72,27,7.25,5.92,7.63,7.3,6.47,7.3,6.42,7.43,6.77,7.29,7.44,6.92,7.74,7.7,6.84,6.86,7.39,7.07
1992.72,27,7.23,5.89,7.62,7.29,6.47,7.29,6.41,7.39,6.76,7.28,7.43,6.89,7.73,7.68,6.82,6.84,7.39,7.05
1993.73,27,7.23,5.86,7.6,7.28,6.44,7.26,6.42,7.39,6.74,7.27,7.4,6.87,7.73,7.67,6.81,6.85,7.38,7.07
1994.73,27,7.22,5.84,7.59,7.27,6.42,7.25,6.39,7.38,6.72,7.26,7.39,6.84,7.7,7.66,6.79,6.83,7.38,7.04
1995.73,27,7.21,5.82,7.56,7.27,6.42,7.23,6.4,7.36,6.71,7.27,7.38,6.85,7.7,7.61,6.75,6.83,7.38,7.04
1996.73,27,7.21,5.79,7.58,7.25,6.39,7.23,6.4,7.34,6.69,7.26,7.36,6.84,7.69,7.61,6.74,6.83,7.38,7.03
1997.73,27,7.19,5.75,7.54,7.23,6.38,7.2,6.38,7.32,6.66,7.23,7.34,6.83,7.67,7.59,6.73,6.83,7.37,7.02
1998.73,27,7.2,5.74,7.54,7.22,6.38,7.19,6.38,7.3,6.65,7.26,7.34,6.83,7.67,7.59,6.73,6.82,7.38,7.01
1999.73,27,7.2,5.73,7.53,7.21,6.37,7.18,6.38,7.31,6.64,7.25,7.31,6.83,7.67,7.58,6.72,6.83,7.37,7.01
2000.73,27,7.18,5.7,7.52,7.2,6.35,7.16,6.37,7.28,6.62,7.22,7.3,6.81,7.66,7.54,6.7,6.81,7.36,6.99
2001.73,27,7.19,5.69,7.5,7.2,6.35,7.16,6.36,7.29,6.61,7.25,7.29,6.81,7.66,7.55,6.7,6.82,7.36,7.0
2002.73,27,7.18,5.68,7.5,7.19,6.32,7.13,6.35,7.28,6.59,7.22,7.29,6.8,7.64,7.54,6.69,6.8,7.35,7.0
2003.73,27,7.18,5.67,7.47,7.19,6.32,7.11,6.35,7.28,6.55,7.2,7.28,6.79,7.64,7.54,6.69,6.79,7.36,6.99
2004.73,27,7.17,5.66,7.47,7.18,6.31,7.11,6.33,7.27,6.56,7.21,7.27,6.77,7.63,7.53,6.68,6.8,7.36,6.99
2005.73,27,7.16,5.65,7.44,7.17,6.29,7.08,6.33,7.26,6.53,7.2,7.25,6.75,7.63,7.53,6.65,6.79,7.35,6.98
2006.73,27,7.16,5.63,7.43,7.14,6.28,7.05,6.32,7.22,6.51,7.19,7.25,6.74,7.6,7.51,6.63,6.77,7.34,6.96
2007.75,27,7.14,5.63,7.43,7.14,6.27,7.04,6.32,7.25,6.51,7.2,7.23,6.74,7.63,7.51,6.63,6.79,7.34,6.98
2008.75,27,7.13,5.6,7.4,7.13,6.25,7.03,6.31,7.22,6.48,7.18,7.22,6.72,7.6,7.51,6.62,6.76,7.34,6.96
2009.75,27,7.13,5.59,7.39,7.13,6.25,7.02,6.3,7.21,6.48,7.17,7.21,6.71,7.59,7.5,6.6,6.76,7.34,6.96
2010.75,27,7.12,5.58,7.38,7.12,6.22,6.99,6.29,7.21,6.46,7.16,7.2,6.71,7.6,7.5,6.59,6.74,7.32,6.96
2011.75,27,7.12,5.59,7.37,7.11,6.22,7.0,6.29,7.18,6.46,7.17,7.19,6.69,7.59,7.48,6.59,6.75,7.34,6.96
2012.75,27,7.13,5.57,7.36,7.1,6.19,6.98,6.3,7.19,6.44,7.17,7.18,6.71,7.59,7.47,6.59,6.76,7.34,6.98
2013.75,27,7.13,5.56,7.35,7.1,6.17,6.96,6.29,7.16,6.43,7.16,7.17,6.68,7.59,7.47,6.58,6.74,7.32,6.96
2014.77,27,7.11,5.54,7.34,7.1,6.15,6.96,6.28,7.17,6.43,7.16,7.16,6.68,7.59,7.45,6.56,6.74,7.34,6.96
2015.77,27,7.12,5.53,7.32,7.08,6.15,6.95,6.28,7.16,6.43,7.14,7.13,6.68,7.56,7.44,6.56,6.74,7.34,6.94
2016.77,27,7.1,5.52,7.29,7.07,6.11,6.94,6.26,7.12,6.42,7.11,7.11,6.64,7.55,7.43,6.54,6.73,7.31,6.94
2017.77,27,7.11,5.51,7.29,7.07,6.11,6.95,6.28,7.11,6.43,7.14,7.12,6.66,7.56,7.43,6.55,6.73,7.34,6.95
2018.77,27,7.11,5.5,7.27,7.05,6.09,6.95,6.26,7.09,6.43,7.12,7.09,6.66,7.55,7.4,6.53,6.73,7.34,6.93
2019.77,27,7.09,5.5,7.28,7.05,6.09,6.94,6.26,7.09,6.46,7.13,7.09,6.66,7.55,7.38,6.55,6.73,7.34,6.93
2020.77,27,7.1,5.48,7.26,7.05,6.06,6.95,6.27,7.08,6.44,7.12,7.07,6.66,7.55,7.38,6.55,6.74,7.32,6.93
2021.78,27,7.1,5.49,7.25,7.05,6.05,6.95,6.26,7.05,6.46,7.12,7.05,6.66,7.54,7.36,6.56,6.73,7.32,6.94
2022.78,27,7.1,5.48,7.25,7.03,6.04,6.95,6.26,7.05,6.47,7.11,7.03,6.66,7.54,7.36,6.56,6.74,7.34,6.93
2023.78,27,7.08,5.47,7.23,7.03,6.02,6.96,6.26,7.04,6.47,7.11,7.02,6.69,7.54,7.35,6.58,6.73,7.34,6.93
2024.78,27,7.08,5.45,7.19,7.02,6.01,6.95,6.26,7.01,6.47,7.1,6.99,6.66,7.53,7.32,6.55,6.72,7.32,6.92
2025.78,27,7.08,5.47,7.2,7.01,5.98,6.98,6.24,6.99,6.49,7.1,6.98,6.68,7.52,7.32,6.55,6.71,7.34,6.92
2026.78,27,7.08,5.46,7.19,7.01,6.0,6.98,6.24,6.98,6.49,7.11,6.96,6.69,7.53,7.32,6.59,6.73,7.34,6.93
2027.8,27,7.05,5.45,7.17,6.99,5.97,6.95,6.22,6.94,6.49,7.07,6.93,6.68,7.5,7.31,6.56,6.7,7.31,6.9
2028.8,27,7.05,5.45,7.16,6.99,5.98,6.98,6.24,6.95,6.49,7.07,6.93,6.69,7.51,7.34,6.59,6.71,7.32,6.92
2029.8,27,7.04,5.46,7.16,6.96,5.97,6.98,6.22,6.93,6.5,7.07,6.9,6.68,7.5,7.34,6.59,6.71,7.32,6.91
2030.8,27,7.04,5.45,7.13,6.96,5.98,6.99,6.22,6.92,6.5,7.08,6.89,6.71,7.51,7.35,6.6,6.69,7.34,6.91
2031.8,27,7.03,5.44,7.13,6.95,5.98,6.98,6.22,6.91,6.49,7.05,6.85,6.7,7.5,7.36,6.6,6.7,7.32,6.91
2032.8,27,7.02,5.45,7.12,6.92,5.96,6.98,6.22,6.89,6.49,7.04,6.84,6.7,7.5,7.37,6.6,6.69,7.32,6.91
2033.8,27,7.02,5.46,7.11,6.92,5.98,6.98,6.22,6.86,6.5,7.04,6.83,6.71,7.48,7.39,6.61,6.69,7.32,6.91
2034.8,27,7.01,5.46,7.1,6.92,5.98,6.96,6.22,6.86,6.49,7.03,6.82,6.71,7.48,7.43,6.6,6.7,7.32,6.91
2035.8,27,7.01,5.46,7.1,6.9,5.98,6.98,6.2,6.85,6.5,7.02,6.81,6.71,7.5,7.44,6.61,6.7,7.34,6.9
2036.82,27,6.99,5.45,7.09,6.9,5.98,6.98,6.19,6.84,6.5,7.01,6.8,6.71,7.47,7.46,6.61,6.69,7.34,6.87
2037.82,27,7.0,5.47,7.1,6.89,6.0,6.99,6.19,6.85,6.49,7.01,6.8,6.71,7.48,7.48,6.62,6.7,7.34,6.89
2038.82,27,6.99,5.45,7.08,6.85,6.0,6.98,6.19,6.83,6.49,7.0,6.79,6.71,7.48,7.5,6.6,6.69,7.31,6.87
2039.82,27,6.98,5.45,7.04,6.84,5.99,6.95,6.18,6.82,6.48,6.99,6.79,6.71,7.48,7.5,6.61,6.69,7.34,6.87
2040.82,27,6.96,5.45,7.04,6.82,5.99,6.96,6.19,6.82,6.49,6.98,6.77,6.69,7.47,7.52,6.6,6.68,7.32,6.87
2041.82,27,6.96,5.46,7.03,6.81,6.0,6.98,6.19,6.83,6.48,6.98,6.8,6.71,7.48,7.54,6.61,6.69,7.32,6.87
2042.82,27,6.95,5.46,7.14,6.79,6.01,6.95,6.17,6.81,6.49,6.95,6.79,6.66,7.46,7.55,6.59,6.69,7.32,6.86
2043.82,27,6.92,5.63,7.4,6.8,6.15,7.09,6.18,6.76,6.66,6.95,6.75,6.8,7.46,7.53,6.68,6.68,7.31,6.93
2044.82,27,7.04,5.76,7.55,6.98,6.32,7.19,6.27,6.8,6.82,7.08,6.85,6.89,7.56,7.6,6.77,6.75,7.34,6.99
2045.82,27,7.13,5.83,7.64,7.1,6.42,7.27,6.3,6.98,6.91,7.16,7.03,6.94,7.62,7.67,6.84,6.81,7.36,7.03
2046.82,27,7.18,5.88,7.7,7.17,6.48,7.3,6.32,7.13,6.95,7.21,7.16,6.96,7.67,7.7,6.87,6.82,7.38,7.03
2047.83,27,7.22,5.9,7.73,7.22,6.53,7.35,6.33,7.23,6.99,7.23,7.27,7.0,7.69,7.75,6.93,6.85,7.39,7.03
2048.83,27,7.25,5.95,7.75,7.26,6.59,7.38,6.36,7.29,7.03,7.27,7.32,7.02,7.71,7.78,6.94,6.85,7.42,7.07
2049.83,27,7.26,5.97,7.78,7.28,6.59,7.4,6.36,7.34,7.04,7.28,7.36,7.02,7.74,7.79,6.96,6.85,7.42,7.05
2050.83,27,7.25,5.96,7.76,7.27,6.55,7.39,6.35,7.34,7.02,7.27,7.37,7.02,7.7,7.78,6.94,6.81,7.39,7.04
2051.83,27,7.25,5.97,7.75,7.26,6.58,7.4,6.35,7.35,7.03,7.27,7.38,7.02,7.71,7.76,6.94,6.82,7.38,7.03
2052.83,27,7.25,5.96,7.75,7.27,6.56,7.4,6.35,7.35,7.01,7.27,7.38,7.01,7.7,7.75,6.93,6.79,7.37,7.03
2053.83,27,7.25,5.96,7.75,7.27,6.55,7.4,6.35,7.35,7.0,7.27,7.39,6.99,7.7,7.75,6.92,6.77,7.36,7.03
2054.83,27,7.23,5.96,7.74,7.27,6.54,7.39,6.36,7.36,7.01,7.27,7.39,6.99,7.69,7.74,6.93,6.77,7.35,7.02
2055.83,27,7.23,5.95,7.74,7.27,6.54,7.39,6.36,7.35,6.99,7.26,7.39,6.99,7.67,7.73,6.92,6.75,7.36,7.02
2056.85,27,7.23,5.93,7.71,7.25,6.51,7.38,6.35,7.34,6.98,7.25,7.39,6.98,7.69,7.7,6.91,6.75,7.36,7.01
2057.85,27,7.22,5.92,7.7,7.25,6.49,7.36,6.33,7.32,6.95,7.23,7.36,6.95,7.66,7.68,6.89,6.73,7.34,7.0
2058.85,27,7.21,5.91,7.69,7.23,6.49,7.35,6.35,7.32,6.94,7.25,7.37,6.96,7.66,7.67,6.87,6.72,7.34,6.98
2059.85,27,7.2,5.9,7.68,7.22,6.46,7.34,6.32,7.31,6.91,7.22,7.34,6.94,7.66,7.64,6.86,6.7,7.32,6.98
2060.85,27,7.2,5.89,7.67,7.22,6.44,7.31,6.33,7.3,6.9,7.23,7.35,6.93,7.64,7.64,6.84,6.7,7.34,6.96
2061.85,27,7.19,5.86,7.64,7.22,6.42,7.3,6.33,7.3,6.86,7.22,7.32,6.92,7.63,7.62,6.83,6.7,7.31,6.95
2062.85,27,7.17,5.85,7.63,7.2,6.39,7.27,6.31,7.27,6.83,7.2,7.32,6.9,7.6,7.6,6.77,6.68,7.31,6.92
2063.85,27,7.18,5.83,7.61,7.2,6.37,7.23,6.3,7.27,6.8,7.19,7.29,6.86,7.59,7.59,6.77,6.66,7.29,6.91
2064.85,27,7.16,5.81,7.6,7.18,6.35,7.23,6.3,7.25,6.79,7.19,7.29,6.85,7.59,7.58,6.75,6.62,7.29,6.9
2065.85,27,7.16,5.8,7.6,7.18,6.32,7.2,6.3,7.23,6.75,7.18,7.28,6.84,7.58,7.56,6.73,6.64,7.29,6.91
2066.85,27,7.14,5.76,7.55,7.17,6.3,7.16,6.3,7.21,6.71,7.17,7.26,6.81,7.56,7.54,6.72,6.63,7.28,6.87
2067.87,27,7.12,5.74,7.53,7.14,6.28,7.14,6.29,7.2,6.66,7.16,7.25,6.79,7.55,7.5,6.68,6.62,7.28,6.87
2068.87,27,7.12,5.69,7.52,7.13,6.26,7.11,6.27,7.19,6.64,7.16,7.21,6.75,7.53,7.5,6.64,6.61,7.27,6.84
2069.87,27,7.11,5.68,7.5,7.12,6.23,7.08,6.27,7.17,6.61,7.14,7.21,6.73,7.53,7.46,6.63,6.61,7.26,6.83
2070.87,27,7.1,5.65,7.5,7.11,6.22,7.04,6.27,7.14,6.58,7.14,7.2,6.72,7.5,7.44,6.6,6.6,7.25,6.82
2071.87,27,7.09,5.64,7.46,7.11,6.18,7.02,6.26,7.12,6.54,7.14,7.18,6.7,7.5,7.44,6.58,6.59,7.25,6.81
2072.87,27,7.09,5.6,7.46,7.09,6.17,7.0,6.25,7.1,6.51,7.12,7.16,6.68,7.48,7.42,6.55,6.58,7.23,6.81
2073.87,27,7.07,5.58,7.43,7.09,6.13,6.95,6.24,7.08,6.44,7.11,7.12,6.64,7.46,7.38,6.52,6.56,7.22,6.79
2074.87,27,7.07,5.55,7.44,7.08,6.13,6.94,6.25,7.08,6.42,7.11,7.12,6.62,7.46,7.37,6.51,6.56,7.23,6.79
2075.87,27,7.05,5.52,7.38,7.05,6.1,6.9,6.23,7.03,6.39,7.09,7.09,6.61,7.43,7.35,6.48,6.55,7.22,6.76
2076.87,27,7.04,5.49,7.39,7.04,6.06,6.86,6.22,7.02,6.36,7.08,7.07,6.56,7.43,7.31,6.44,6.54,7.21,6.74
2077.87,27,7.03,5.47,7.37,7.03,6.05,6.84,6.23,7.01,6.32,7.08,7.05,6.55,7.43,7.3,6.43,6.53,7.21,6.74
2078.88,27,7.02,5.42,7.35,7.02,6.02,6.82,6.23,6.98,6.28,7.07,7.02,6.52,7.42,7.27,6.41,6.53,7.2,6.72
2079.88,27,7.02,5.39,7.34,7.0,6.0,6.8,6.2,6.95,6.26,7.07,7.01,6.51,7.39,7.26,6.39,6.51,7.2,6.71
2080.88,27,7.02,5.36,7.32,7.02,5.98,6.81,6.22,6.94,6.26,7.05,7.0,6.51,7.39,7.23,6.38,6.51,7.21,6.72
2081.88,27,7.01,5.34,7.31,7.0,5.98,6.77,6.2,6.92,6.23,7.07,6.99,6.49,7.38,7.21,6.37,6.51,7.19,6.7
2082.9,27,7.0,5.31,7.3,7.0,5.96,6.75,6.19,6.92,6.2,7.03,6.95,6.48,7.38,7.19,6.33,6.49,7.18,6.71
2083.9,27,6.99,5.28,7.28,6.98,5.93,6.74,6.19,6.9,6.19,7.03,6.94,6.47,7.37,7.18,6.31,6.5,7.18,6.7
2084.9,27,6.98,5.27,7.27,6.96,5.92,6.72,6.18,6.9,6.17,7.01,6.92,6.46,7.37,7.14,6.3,6.48,7.18,6.68
2085.9,27,6.99,5.25,7.26,6.96,5.92,6.72,6.18,6.87,6.16,7.03,6.91,6.47,7.36,7.13,6.31,6.49,7.18,6.69
2086.9,27,6.98,5.23,7.23,6.95,5.9,6.7,6.18,6.87,6.13,7.02,6.91,6.43,7.35,7.12,6.3,6.48,7.18,6.68
2087.9,27,6.96,5.21,7.22,6.94,5.89,6.68,6.17,6.87,6.12,7.01,6.9,6.44,7.35,7.11,6.28,6.47,7.16,6.68
2088.92,27,6.95,5.2,7.21,6.93,5.88,6.65,6.16,6.85,6.09,7.0,6.87,6.41,7.32,7.1,6.26,6.47,7.17,6.66
2089.92,27,6.96,5.19,7.2,6.93,5.87,6.63,6.15,6.85,6.07,6.99,6.86,6.41,7.34,7.08,6.25,6.46,7.17,6.66
2090.92,27,6.95,5.16,7.17,6.91,5.84,6.61,6.14,6.82,6.05,6.99,6.85,6.4,7.32,7.08,6.24,6.46,7.17,6.65
2091.92,27,6.94,5.16,7.18,6.91,5.84,6.59,6.14,6.83,6.02,6.99,6.83,6.39,7.31,7.07,6.23,6.44,7.16,6.65
2092.92,27,6.93,5.13,7.14,6.89,5.81,6.56,6.13,6.81,5.99,6.96,6.81,6.37,7.3,7.03,6.2,6.44,7.14,6.64
2093.92,27,6.92,5.12,7.16,6.89,5.8,6.54,6.13,6.81,5.99,6.96,6.82,6.35,7.3,7.04,6.2,6.43,7.16,6.64
2094.92,27,6.92,5.11,7.11,6.87,5.79,6.53,6.12,6.8,5.97,6.96,6.8,6.33,7.29,7.04,6.18,6.43,7.16,6.63
2095.92,27,6.91,5.11,7.11,6.85,5.75,6.51,6.11,6.77,5.93,6.94,6.77,6.31,7.28,7.02,6.17,6.42,7.14,6.63
2096.92,27,6.91,5.1,7.1,6.85,5.75,6.49,6.11,6.77,5.92,6.94,6.79,6.31,7.28,7.01,6.15,6.41,7.14,6.63
2097.92,27,6.91,5.09,7.09,6.84,5.72,6.48,6.11,6.77,5.91,6.94,6.76,6.29,7.26,7.0,6.15,6.41,7.14,6.62
2098.92,27,6.9,5.07,7.07,6.83,5.71,6.46,6.1,6.74,5.88,6.93,6.74,6.29,7.27,6.99,6.14,6.4,7.13,6.62
2099.92,27,6.9,5.06,7.05,6.84,5.69,6.46,6.11,6.74,5.89,6.93,6.74,6.29,7.28,7.0,6.14,6.41,7.16,6.63
2100.92,27,6.89,5.05,7.05,6.83,5.66,6.44,6.09,6.73,5.89,6.92,6.72,6.27,7.25,6.98,6.12,6.4,7.13,6.62
2101.93,27,6.89,5.04,7.03,6.81,5.65,6.42,6.09,6.71,5.86,6.91,6.71,6.26,7.25,6.95,6.11,6.4,7.14,6.62
2102.93,27,6.87,5.01,7.0,6.8,5.62,6.41,6.07,6.68,5.86,6.9,6.68,6.25,7.23,6.93,6.1,6.39,7.13,6.6
2103.93,27,6.87,5.01,7.01,6.8,5.6,6.41,6.07,6.66,5.87,6.91,6.66,6.25,7.23,6.92,6.1,6.38,7.14,6.62
2104.93,27,6.87,4.99,6.99,6.8,5.58,6.41,6.09,6.66,5.88,6.91,6.65,6.26,7.23,6.92,6.1,6.39,7.16,6.61
2105.93,27,6.87,4.98,6.96,6.77,5.55,6.4,6.07,6.63,5.88,6.9,6.64,6.25,7.23,6.9,6.1,6.38,7.13,6.61
2106.93,27,6.87,4.98,6.95,6.76,5.53,6.4,6.06,6.61,5.87,6.89,6.61,6.24,7.22,6.86,6.1,6.38,7.13,6.61
2107.93,27,6.86,4.97,6.94,6.74,5.52,6.41,6.05,6.6,5.88,6.89,6.6,6.25,7.22,6.86,6.11,6.38,7.14,6.59
2108.95,27,6.84,4.94,6.92,6.72,5.49,6.39,6.05,6.56,5.89,6.86,6.56,6.24,7.2,6.84,6.1,6.36,7.13,6.59
2109.95,27,6.85,4.94,6.91,6.74,5.49,6.4,6.04,6.54,5.89,6.85,6.54,6.24,7.19,6.83,6.12,6.37,7.14,6.59
2110.95,27,6.84,4.94,6.9,6.73,5.48,6.41,6.05,6.53,5.91,6.85,6.53,6.26,7.2,6.82,6.12,6.36,7.14,6.59
2111.95,27,6.84,4.93,6.87,6.71,5.45,6.4,6.04,6.52,5.91,6.84,6.51,6.26,7.2,6.81,6.12,6.36,7.14,6.59
2112.95,27,6.84,4.93,6.87,6.7,5.45,6.42,6.05,6.5,5.93,6.84,6.49,6.27,7.2,6.81,6.13,6.36,7.14,6.56
2113.95,27,6.82,4.91,6.85,6.66,5.43,6.4,6.01,6.46,5.91,6.82,6.46,6.26,7.17,6.8,6.13,6.33,7.12,6.55
2114.97,27,6.82,4.91,6.85,6.66,5.42,6.42,6.03,6.46,5.92,6.82,6.44,6.27,7.18,6.81,6.14,6.36,7.13,6.56
2115.97,27,6.82,4.91,6.82,6.68,5.4,6.42,6.02,6.43,5.91,6.82,6.41,6.27,7.18,6.81,6.14,6.36,7.13,6.56
2116.97,27,6.8,4.92,6.83,6.66,5.42,6.43,6.03,6.41,5.93,6.82,6.4,6.29,7.18,6.84,6.15,6.36,7.14,6.56
2117.97,27,6.8,4.91,6.82,6.64,5.4,6.43,6.01,6.41,5.95,6.8,6.4,6.28,7.16,6.85,6.16,6.35,7.14,6.56
2118.97,27,6.8,4.91,6.81,6.63,5.42,6.43,6.01,6.39,5.95,6.8,6.37,6.29,7.14,6.87,6.17,6.35,7.13,6.55
2119.97,27,6.79,4.9,6.8,6.61,5.42,6.43,6.01,6.37,5.92,6.77,6.36,6.28,7.16,6.9,6.15,6.33,7.13,6.55
2120.97,27,6.77,4.91,6.79,6.6,5.43,6.46,6.01,6.36,5.95,6.79,6.35,6.29,7.16,6.92,6.16,6.33,7.14,6.55
2121.98,27,6.76,4.9,6.77,6.58,5.43,6.43,6.0,6.35,5.93,6.76,6.33,6.28,7.17,6.94,6.16,6.33,7.14,6.54
2122.98,27,6.75,4.89,6.77,6.56,5.44,6.42,6.01,6.32,5.95,6.76,6.31,6.28,7.16,6.96,6.17,6.33,7.13,6.55
2123.98,27,6.76,4.91,6.77,6.56,5.44,6.43,6.01,6.32,5.95,6.76,6.31,6.3,7.14,7.0,6.18,6.35,7.14,6.54
2124.98,27,6.74,4.9,6.74,6.53,5.45,6.42,5.99,6.3,5.93,6.73,6.3,6.28,7.14,7.01,6.17,6.33,7.13,6.53
2125.98,27,6.74,4.9,6.74,6.53,5.46,6.43,6.0,6.31,5.93,6.73,6.32,6.3,7.14,7.04,6.17,6.35,7.13,6.53
2126.98,27,6.72,4.9,6.73,6.49,5.45,6.43,5.99,6.29,5.92,6.71,6.3,6.29,7.14,7.05,6.16,6.33,7.14,6.53
2128.0,27,6.72,4.9,6.73,6.49,5.46,6.42,6.0,6.29,5.93,6.71,6.31,6.29,7.16,7.09,6.18,6.33,7.14,6.53
2129.0,27,6.7,4.89,6.69,6.46,5.45,6.41,5.97,6.28,5.91,6.68,6.31,6.27,7.14,7.09,6.16,6.32,7.13,6.51
2130.0,27,6.69,4.89,6.71,6.43,5.45,6.42,5.98,6.29,5.91,6.66,6.32,6.27,7.14,7.09,6.16,6.32,7.16,6.52
2131.0,27,6.7,4.9,6.7,6.44,5.46,6.42,5.99,6.29,5.91,6.68,6.33,6.29,7.16,7.12,6.16,6.35,7.14,6.52
2132.0,27,6.68,4.88,6.72,6.4,5.45,6.37,5.98,6.28,5.87,6.65,6.33,6.24,7.14,7.11,6.14,6.33,7.13,6.5
2133.0,27,6.65,5.03,7.03,6.38,5.55,6.5,5.99,6.27,6.07,6.62,6.31,6.35,7.12,7.11,6.22,6.33,7.12,6.55
2134.02,27,6.76,5.23,7.25,6.58,5.8,6.66,6.07,6.25,6.28,6.77,6.42,6.5,7.22,7.17,6.35,6.42,7.16,6.65
2135.02,27,6.86,5.33,7.35,6.74,5.93,6.76,6.11,6.41,6.4,6.86,6.59,6.55,7.31,7.23,6.41,6.46,7.16,6.66
2136.02,27,6.94,5.39,7.4,6.84,6.02,6.82,6.13,6.62,6.47,6.94,6.74,6.59,7.36,7.3,6.48,6.49,7.18,6.69
2137.02,27,7.0,5.45,7.45,6.91,6.09,6.86,6.16,6.75,6.54,7.01,6.84,6.62,7.39,7.35,6.51,6.5,7.2,6.7
2138.02,27,7.02,5.47,7.48,6.95,6.1,6.9,6.16,6.82,6.55,7.03,6.91,6.64,7.39,7.36,6.52,6.51,7.21,6.7
2139.02,27,7.03,5.48,7.5,6.98,6.13,6.92,6.16,6.86,6.58,7.04,6.94,6.64,7.39,7.37,6.53,6.49,7.21,6.7
2140.02,27,7.04,5.5,7.5,7.0,6.14,6.94,6.16,6.9,6.56,7.05,6.96,6.66,7.4,7.39,6.55,6.48,7.2,6.71
2141.03,27,7.04,5.5,7.51,6.99,6.14,6.95,6.16,6.9,6.6,7.05,6.99,6.66,7.39,7.37,6.55,6.48,7.2,6.7
2142.03,27,7.04,5.5,7.52,7.0,6.13,6.96,6.16,6.9,6.59,7.05,7.0,6.66,7.39,7.37,6.55,6.46,7.18,6.7
2143.03,27,7.04,5.51,7.51,7.01,6.12,6.95,6.18,6.92,6.59,7.05,7.01,6.65,7.39,7.36,6.55,6.46,7.19,6.69
2144.03,27,7.03,5.51,7.5,6.99,6.1,6.95,6.16,6.9,6.56,7.05,7.01,6.64,7.37,7.35,6.53,6.42,7.18,6.69
2145.03,27,7.03,5.51,7.5,6.99,6.11,6.95,6.17,6.91,6.55,7.03,7.01,6.64,7.37,7.35,6.52,6.42,7.18,6.68
2146.03,27,7.03,5.5,7.5,6.99,6.09,6.94,6.16,6.91,6.54,7.05,6.99,6.63,7.36,7.34,6.52,6.41,7.17,6.66
2147.03,27,7.02,5.49,7.46,6.99,6.07,6.93,6.16,6.9,6.53,7.04,7.0,6.61,7.36,7.32,6.5,6.39,7.17,6.66
2148.03,27,7.0,5.46,7.45,6.95,6.03,6.9,6.15,6.9,6.49,7.02,6.98,6.59,7.35,7.28,6.48,6.38,7.14,6.63
2149.03,27,7.0,5.44,7.42,6.96,6.0,6.87,6.14,6.87,6.47,7.0,6.95,6.58,7.32,7.27,6.47,6.35,7.13,6.62
2150.05,27,7.0,5.44,7.42,6.95,6.0,6.86,6.13,6.87,6.43,7.0,6.94,6.56,7.31,7.26,6.44,6.35,7.13,6.62
2151.05,27,6.99,5.42,7.4,6.93,5.97,6.84,6.13,6.87,6.4,7.01,6.93,6.56,7.31,7.25,6.43,6.33,7.13,6.6
2152.05,27,6.96,5.39,7.38,6.92,5.96,6.81,6.14,6.85,6.37,7.01,6.92,6.53,7.29,7.22,6.41,6.33,7.13,6.59
2153.05,27,6.96,5.37,7.35,6.92,5.92,6.8,6.13,6.85,6.35,6.98,6.91,6.52,7.28,7.18,6.38,6.31,7.11,6.56
2154.05,27,6.94,5.34,7.34,6.9,5.89,6.75,6.1,6.82,6.31,6.96,6.89,6.48,7.26,7.17,6.35,6.29,7.1,6.55
2155.05,27,6.93,5.32,7.32,6.9,5.87,6.74,6.1,6.8,6.26,6.96,6.85,6.46,7.25,7.13,6.32,6.29,7.1,6.54
2156.05,27,6.93,5.31,7.3,6.89,5.85,6.72,6.11,6.8,6.25,6.95,6.85,6.43,7.22,7.13,6.3,6.28,7.08,6.52
2157.05,27,6.93,5.29,7.28,6.89,5.83,6.69,6.1,6.79,6.23,6.95,6.85,6.43,7.22,7.12,6.27,6.28,7.09,6.51
2158.05,27,6.92,5.26,7.27,6.86,5.81,6.65,6.07,6.75,6.16,6.94,6.82,6.4,7.22,7.09,6.25,6.26,7.08,6.49
2159.05,27,6.9,5.22,7.22,6.83,5.76,6.61,6.07,6.72,6.12,6.92,6.8,6.37,7.19,7.05,6.22,6.24,7.05,6.47
2160.05,27,6.89,5.19,7.22,6.82,5.73,6.59,6.06,6.71,6.09,6.92,6.79,6.35,7.18,7.03,6.19,6.23,7.05,6.46
2161.05,27,6.87,5.16,7.2,6.83,5.72,6.55,6.05,6.69,6.04,6.92,6.76,6.32,7.17,7.02,6.15,6.23,7.05,6.46
2162.05,27,6.87,5.13,7.19,6.82,5.7,6.51,6.06,6.68,6.03,6.9,6.75,6.3,7.18,7.0,6.14,6.23,7.05,6.44
2163.05,27,6.87,5.1,7.18,6.81,5.66,6.49,6.05,6.64,5.99,6.9,6.73,6.27,7.14,6.98,6.12,6.2,7.04,6.43
2164.07,27,6.85,5.06,7.16,6.79,5.64,6.44,6.04,6.63,5.93,6.89,6.71,6.24,7.13,6.93,6.09,6.19,7.02,6.41
2165.07,27,6.86,5.05,7.14,6.79,5.63,6.43,6.05,6.61,5.91,6.89,6.7,6.23,7.12,6.93,6.06,6.2,7.04,6.42
2166.07,27,6.84,5.01,7.12,6.76,5.58,6.39,6.03,6.58,5.85,6.87,6.66,6.18,7.12,6.92,6.03,6.18,7.03,6.4
2167.07,27,6.83,4.97,7.1,6.76,5.56,6.35,6.04,6.56,5.82,6.86,6.65,6.16,7.1,6.87,6.0,6.17,7.03,6.38
2168.07,27,6.83,4.95,7.09,6.75,5.55,6.35,6.03,6.53,5.8,6.86,6.63,6.15,7.09,6.85,5.99,6.18,7.02,6.39
2169.07,27,6.81,4.91,7.07,6.73,5.52,6.31,6.02,6.52,5.75,6.84,6.6,6.12,7.08,6.82,5.96,6.17,7.03,6.36
2170.08,27,6.81,4.87,7.04,6.72,5.5,6.3,6.01,6.49,5.73,6.84,6.56,6.09,7.07,6.79,5.91,6.16,7.0,6.35
2171.08,27,6.8,4.83,7.03,6.72,5.48,6.26,6.0,6.48,5.7,6.83,6.55,6.09,7.05,6.76,5.9,6.15,7.0,6.32
2172.08,27,6.8,4.81,7.02,6.72,5.45,6.26,6.0,6.46,5.68,6.83,6.53,6.07,7.07,6.74,5.89,6.15,7.01,6.33
2173.1,27,6.79,4.76,6.99,6.7,5.44,6.24,5.99,6.43,5.65,6.81,6.5,6.05,7.02,6.7,5.86,6.12,6.99,6.32
2174.1,27,6.77,4.75,6.99,6.7,5.43,6.23,5.98,6.41,5.64,6.81,6.49,6.04,7.03,6.69,5.86,6.12,7.0,6.32
2175.1,27,6.76,4.71,6.95,6.69,5.4,6.18,5.98,6.4,5.62,6.8,6.47,6.02,7.01,6.65,5.83,6.12,6.98,6.3
2176.1,27,6.76,4.7,6.95,6.68,5.39,6.19,5.98,6.39,5.62,6.8,6.47,6.02,7.02,6.63,5.81,6.12,6.98,6.31
2177.12,27,6.76,4.69,6.95,6.69,5.4,6.18,5.98,6.4,5.6,6.81,6.46,6.03,7.01,6.62,5.82,6.13,6.99,6.32
2178.12,27,6.75,4.66,6.92,6.66,5.37,6.14,5.97,6.37,5.56,6.76,6.42,6.0,7.0,6.58,5.79,6.11,6.96,6.29
2179.12,27,6.75,4.65,6.92,6.65,5.35,6.12,5.97,6.37,5.54,6.79,6.41,6.0,7.0,6.58,5.77,6.11,6.99,6.29
2180.12,27,6.73,4.62,6.87,6.64,5.33,6.07,5.96,6.36,5.49,6.76,6.39,5.96,6.99,6.55,5.76,6.09,6.96,6.29
2181.12,27,6.73,4.6,6.87,6.64,5.31,6.06,5.95,6.35,5.49,6.76,6.37,5.95,6.98,6.54,5.74,6.1,6.99,6.29
2182.12,27,6.73,4.6,6.85,6.62,5.3,6.04,5.93,6.32,5.46,6.76,6.35,5.95,6.98,6.52,5.72,6.09,6.96,6.29
2183.12,27,6.72,4.57,6.85,6.61,5.27,6.01,5.93,6.31,5.42,6.75,6.33,5.92,6.98,6.51,5.71,6.09,6.98,6.28
2184.12,27,6.71,4.57,6.82,6.6,5.25,5.99,5.92,6.29,5.39,6.74,6.31,5.9,6.95,6.49,5.7,6.07,6.96,6.28
2185.12,27,6.71,4.55,6.81,6.6,5.24,5.96,5.91,6.27,5.37,6.74,6.29,5.87,6.94,6.48,5.67,6.07,6.96,6.27
2186.13,27,6.7,4.53,6.8,6.58,5.21,5.93,5.91,6.26,5.34,6.74,6.28,5.85,6.94,6.47,5.66,6.06,6.95,6.27
2187.13,27,6.7,4.51,6.79,6.58,5.19,5.89,5.91,6.24,5.31,6.73,6.28,5.84,6.95,6.47,5.65,6.06,6.96,6.28
2188.13,27,6.71,4.5,6.76,6.56,5.16,5.89,5.9,6.23,5.28,6.73,6.25,5.82,6.93,6.43,5.63,6.09,6.96,6.27
2189.13,27,6.69,4.47,6.74,6.55,5.12,5.84,5.89,6.2,5.24,6.71,6.23,5.8,6.92,6.41,5.6,6.05,6.95,6.25
2190.13,27,6.69,4.47,6.74,6.54,5.1,5.83,5.89,6.19,5.21,6.71,6.2,5.79,6.92,6.41,5.59,6.05,6.96,6.27
2191.13,27,6.69,4.44,6.71,6.53,5.08,5.8,5.89,6.16,5.19,6.7,6.18,5.76,6.9,6.39,5.56,6.05,6.96,6.25
2192.13,27,6.69,4.42,6.7,6.53,5.05,5.77,5.88,6.14,5.17,6.7,6.17,5.74,6.91,6.37,5.55,6.05,6.95,6.24
2193.15,27,6.68,4.41,6.69,6.53,5.04,5.75,5.88,6.13,5.13,6.7,6.14,5.73,6.89,6.36,5.54,6.05,6.96,6.25
2194.15,27,6.66,4.39,6.66,6.51,5.0,5.72,5.87,6.09,5.1,6.68,6.12,5.71,6.9,6.33,5.52,6.04,6.95,6.24
2195.15,27,6.66,4.37,6.65,6.49,4.98,5.72,5.86,6.07,5.1,6.68,6.1,5.69,6.89,6.32,5.52,6.04,6.96,6.24
2196.15,27,6.64,4.33,6.63,6.49,4.95,5.69,5.85,6.03,5.09,6.66,6.05,5.67,6.87,6.29,5.5,6.02,6.95,6.23
2197.15,27,6.66,4.32,6.61,6.48,4.93,5.68,5.86,6.03,5.09,6.66,6.04,5.66,6.87,6.28,5.51,6.04,6.95,6.23
2198.15,27,6.65,4.31,6.61,6.48,4.91,5.67,5.86,6.0,5.09,6.65,6.03,5.68,6.89,6.27,5.5,6.05,6.96,6.24
2199.15,27,6.64,4.3,6.58,6.46,4.88,5.65,5.85,5.98,5.09,6.63,5.98,5.66,6.86,6.24,5.49,6.03,6.94,6.22
2200.15,27,6.62,4.27,6.54,6.42,4.83,5.64,5.83,5.95,5.07,6.62,5.96,5.64,6.84,6.22,5.49,6.01,6.94,6.2
2201.15,27,6.63,4.27,6.56,6.43,4.84,5.65,5.85,5.95,5.08,6.64,5.96,5.65,6.87,6.22,5.5,6.04,6.96,6.23
2202.15,27,6.63,4.27,6.52,6.42,4.8,5.62,5.84,5.91,5.08,6.63,5.92,5.64,6.85,6.2,5.5,6.02,6.95,6.2
2203.15,27,6.61,4.23,6.51,6.38,4.78,5.63,5.82,5.86,5.09,6.61,5.88,5.63,6.83,6.18,5.5,6.01,6.94,6.19
2204.15,27,6.62,4.24,6.51,6.39,4.77,5.63,5.84,5.86,5.11,6.62,5.87,5.64,6.85,6.19,5.51,6.02,6.96,6.2
2205.15,27,6.6,4.21,6.48,6.37,4.74,5.63,5.81,5.81,5.11,6.6,5.84,5.64,6.83,6.18,5.51,6.0,6.95,6.19
2206.17,27,6.6,4.21,6.48,6.36,4.73,5.64,5.82,5.8,5.13,6.6,5.82,5.64,6.83,6.19,5.52,6.01,6.95,6.19
2207.17,27,6.59,4.2,6.46,6.33,4.71,5.63,5.81,5.76,5.12,6.58,5.8,5.63,6.82,6.2,5.52,6.0,6.94,6.18
2208.17,27,6.58,4.19,6.43,6.31,4.71,5.63,5.81,5.73,5.13,6.56,5.76,5.64,6.82,6.2,5.53,6.0,6.94,6.18
2209.17,27,6.58,4.19,6.42,6.3,4.7,5.64,5.81,5.72,5.14,6.56,5.74,5.65,6.83,6.23,5.54,5.99,6.95,6.17
2210.17,27,6.56,4.17,6.4,6.27,4.68,5.63,5.79,5.69,5.14,6.55,5.7,5.65,6.82,6.25,5.54,5.99,6.94,6.17
2211.17,27,6.56,4.18,6.4,6.27,4.67,5.65,5.81,5.68,5.14,6.55,5.69,5.66,6.82,6.27,5.56,6.0,6.95,6.17
2212.17,27,6.56,4.17,6.39,6.25,4.67,5.66,5.81,5.66,5.16,6.54,5.67,5.67,6.82,6.31,5.57,6.01,6.95,6.18
2213.18,27,6.54,4.17,6.38,6.23,4.67,5.64,5.8,5.63,5.15,6.52,5.64,5.67,6.82,6.33,5.57,5.98,6.95,6.16
2214.18,27,6.53,4.16,6.36,6.22,4.66,5.64,5.81,5.59,5.16,6.51,5.62,5.67,6.82,6.35,5.55,5.99,6.95,6.16
2215.18,27,6.53,4.17,6.35,6.19,4.68,5.66,5.8,5.58,5.15,6.5,5.6,5.67,6.81,6.38,5.57,6.0,6.94,6.16
2216.2,27,6.52,4.15,6.35,6.17,4.69,5.66,5.8,5.56,5.15,6.49,5.58,5.68,6.81,6.4,5.58,5.99,6.94,6.16
2217.2,27,6.52,4.16,6.33,6.16,4.69,5.66,5.8,5.54,5.15,6.48,5.56,5.68,6.81,6.43,5.57,5.99,6.95,6.15
2218.2,27,6.52,4.15,6.33,6.14,4.7,5.65,5.8,5.53,5.15,6.48,5.56,5.68,6.8,6.46,5.59,5.99,6.94,6.15
2219.2,27,6.5,4.15,6.31,6.11,4.7,5.63,5.8,5.5,5.13,6.47,5.55,5.67,6.81,6.48,5.57,5.98,6.95,6.13
2220.2,27,6.5,4.14,6.3,6.11,4.72,5.64,5.81,5.5,5.14,6.44,5.55,5.67,6.81,6.49,5.58,5.98,6.95,6.13
2221.22,27,6.5,4.15,6.31,6.09,4.73,5.64,5.81,5.49,5.12,6.44,5.55,5.67,6.82,6.5,5.57,5.98,6.94,6.14
2222.22,27,6.48,4.14,6.28,6.06,4.73,5.62,5.8,5.48,5.12,6.4,5.56,5.65,6.8,6.52,5.57,5.96,6.94,6.12
2223.22,27,6.47,4.16,6.28,6.04,4.75,5.62,5.8,5.48,5.1,6.41,5.57,5.66,6.8,6.53,5.57,5.98,6.94,6.11
2224.22,27,6.47,4.15,6.26,6.02,4.75,5.57,5.79,5.45,5.08,6.39,5.56,5.63,6.8,6.53,5.55,5.97,6.94,6.11
2225.22,27,6.44,4.29,6.63,5.99,4.85,5.74,5.8,5.44,5.33,6.39,5.58,5.74,6.79,6.53,5.6,5.97,6.93,6.15
2226.22,27,6.51,4.54,6.89,6.19,5.13,5.96,5.86,5.42,5.62,6.52,5.68,5.95,6.89,6.55,5.77,6.03,6.94,6.25
2227.23,27,6.64,4.7,7.04,6.4,5.34,6.11,5.91,5.64,5.82,6.65,5.93,6.07,6.98,6.66,5.9,6.07,6.98,6.29
2228.23,27,6.73,4.8,7.13,6.52,5.48,6.24,5.95,5.95,5.93,6.73,6.15,6.16,7.03,6.77,6.0,6.12,7.01,6.32
2229.23,27,6.77,4.87,7.17,6.61,5.56,6.3,5.97,6.13,6.01,6.77,6.3,6.19,7.05,6.84,6.04,6.12,7.02,6.32
2230.23,27,6.8,4.91,7.2,6.63,5.59,6.35,5.97,6.23,6.04,6.8,6.39,6.22,7.05,6.89,6.07,6.13,7.03,6.32
2231.23,27,6.82,4.96,7.23,6.69,5.63,6.39,5.97,6.32,6.09,6.82,6.44,6.25,7.07,6.91,6.1,6.12,7.01,6.32
2232.23,27,6.83,4.97,7.23,6.7,5.66,6.41,5.97,6.35,6.11,6.82,6.49,6.25,7.07,6.92,6.11,6.11,7.02,6.33
2233.23,27,6.84,5.0,7.25,6.72,5.66,6.44,5.99,6.37,6.12,6.84,6.52,6.27,7.07,6.93,6.12,6.11,7.01,6.33
2234.23,27,6.83,4.99,7.23,6.71,5.66,6.44,5.98,6.39,6.11,6.83,6.52,6.26,7.05,6.93,6.13,6.09,7.01,6.33
2235.25,27,6.83,4.99,7.23,6.72,5.64,6.44,5.98,6.39,6.07,6.83,6.54,6.25,7.04,6.93,6.12,6.06,7.0,6.32
2236.25,27,6.83,4.99,7.23,6.7,5.63,6.46,5.97,6.4,6.06,6.82,6.54,6.24,7.02,6.91,6.11,6.05,6.98,6.31
2237.25,27,6.82,4.99,7.22,6.7,5.62,6.44,5.98,6.4,6.05,6.82,6.53,6.24,7.02,6.91,6.1,6.04,6.99,6.3
2238.25,27,6.81,4.98,7.2,6.7,5.58,6.43,5.97,6.4,6.03,6.8,6.54,6.22,7.01,6.87,6.09,6.02,6.96,6.28
2239.25,27,6.8,4.97,7.2,6.68,5.57,6.41,5.95,6.39,6.02,6.81,6.51,6.2,7.0,6.86,6.05,6.01,6.96,6.27
2240.25,27,6.77,4.95,7.17,6.65,5.54,6.39,5.92,6.38,5.98,6.79,6.52,6.18,6.98,6.83,6.04,5.97,6.94,6.25
2241.25,27,6.77,4.94,7.16,6.65,5.53,6.38,5.92,6.38,5.96,6.77,6.5,6.16,6.96,6.82,6.02,5.98,6.94,6.24
2242.25,27,6.76,4.91,7.14,6.64,5.5,6.37,5.93,6.37,5.93,6.77,6.49,6.14,6.95,6.79,6.0,5.95,6.93,6.24
2243.25,27,6.75,4.89,7.11,6.62,5.46,6.33,5.91,6.33,5.91,6.75,6.48,6.14,6.93,6.77,5.97,5.92,6.91,6.2
2244.25,27,6.73,4.87,7.1,6.62,5.44,6.31,5.9,6.33,5.87,6.74,6.46,6.13,6.92,6.75,5.96,5.91,6.91,6.19
2245.25,27,6.73,4.85,7.09,6.61,5.43,6.29,5.9,6.31,5.85,6.75,6.44,6.11,6.92,6.72,5.93,5.92,6.91,6.19
2246.25,27,6.72,4.82,7.05,6.59,5.38,6.27,5.89,6.3,5.8,6.74,6.41,6.07,6.9,6.71,5.91,5.89,6.89,6.16
2247.27,27,6.71,4.79,7.03,6.58,5.36,6.23,5.88,6.28,5.74,6.7,6.4,6.04,6.87,6.69,5.88,5.88,6.89,6.14
2248.27,27,6.71,4.78,7.03,6.58,5.35,6.22,5.9,6.27,5.72,6.72,6.41,6.04,6.87,6.69,5.86,5.89,6.89,6.15
2249.27,27,6.7,4.74,7.0,6.55,5.3,6.16,5.88,6.25,5.68,6.71,6.36,5.99,6.85,6.64,5.81,5.87,6.87,6.12
2250.27,27,6.7,4.72,6.98,6.55,5.29,6.15,5.89,6.24,5.65,6.71,6.37,5.98,6.84,6.64,5.8,5.86,6.87,6.12
2251.27,27,6.68,4.69,6.96,6.53,5.25,6.11,5.87,6.2,5.59,6.69,6.33,5.95,6.83,6.6,5.76,5.84,6.86,6.1
2252.27,27,6.68,4.66,6.94,6.54,5.23,6.09,5.87,6.19,5.57,6.69,6.32,5.92,6.81,6.6,5.73,5.84,6.87,6.09
2253.27,27,6.65,4.63,6.91,6.51,5.2,6.04,5.86,6.16,5.53,6.66,6.29,5.89,6.79,6.54,5.71,5.83,6.84,6.06
2254.27,27,6.64,4.59,6.9,6.5,5.14,5.99,5.85,6.12,5.48,6.65,6.27,5.86,6.76,6.51,5.66,5.81,6.83,6.04
2255.27,27,6.64,4.56,6.89,6.49,5.13,5.97,5.85,6.1,5.45,6.65,6.25,5.84,6.76,6.5,5.66,5.81,6.84,6.04
2256.27,27,6.64,4.52,6.87,6.49,5.1,5.95,5.85,6.09,5.42,6.64,6.23,5.81,6.75,6.49,5.64,5.79,6.83,6.02
2257.28,27,6.61,4.48,6.83,6.47,5.05,5.9,5.82,6.04,5.35,6.62,6.19,5.77,6.73,6.43,5.58,5.77,6.81,6.0
2258.28,27,6.6,4.44,6.83,6.43,5.03,5.88,5.82,6.02,5.32,6.62,6.16,5.75,6.72,6.42,5.57,5.77,6.83,5.99
2259.28,27,6.61,4.41,6.82,6.46,5.01,5.85,5.82,5.99,5.29,6.63,6.15,5.73,6.71,6.41,5.55,5.77,6.82,5.99
2260.28,27,6.59,4.36,6.77,6.43,4.98,5.8,5.8,5.96,5.24,6.61,6.13,5.7,6.7,6.37,5.51,5.75,6.8,5.98
2261.28,27,6.59,4.33,6.77,6.43,4.96,5.79,5.79,5.92,5.22,6.6,6.1,5.68,6.69,6.35,5.49,5.75,6.8,5.97
2262.28,27,6.58,4.29,6.75,6.41,4.93,5.76,5.79,5.91,5.16,6.59,6.06,5.64,6.68,6.3,5.47,5.74,6.8,5.95
2263.28,27,6.56,4.26,6.73,6.4,4.9,5.72,5.77,5.89,5.13,6.58,6.02,5.62,6.65,6.27,5.44,5.73,6.8,5.92
2264.28,27,6.58,4.23,6.73,6.41,4.89,5.72,5.77,5.87,5.1,6.59,6.03,5.6,6.65,6.26,5.42,5.73,6.79,5.92
2265.28,27,6.56,4.2,6.72,6.39,4.87,5.71,5.76,5.85,5.09,6.58,6.01,5.59,6.64,6.23,5.38,5.73,6.79,5.95
2266.28,27,6.55,4.16,6.68,6.37,4.83,5.67,5.75,5.82,5.04,6.55,5.96,5.55,6.62,6.18,5.36,5.71,6.77,5.89
2267.28,27,6.55,4.13,6.68,6.37,4.82,5.66,5.76,5.81,5.03,6.56,5.96,5.55,6.63,6.15,5.35,5.71,6.77,5.9
2268.28,27,6.53,4.11,6.65,6.35,4.79,5.64,5.74,5.79,4.99,6.54,5.92,5.53,6.63,6.12,5.32,5.7,6.77,5.88
2269.3,27,6.53,4.08,6.63,6.32,4.79,5.62,5.74,5.79,4.99,6.54,5.9,5.53,6.62,6.1,5.3,5.7,6.76,5.88
2270.3,27,6.52,4.05,6.62,6.32,4.75,5.58,5.73,5.75,4.96,6.53,5.88,5.51,6.6,6.05,5.27,5.68,6.76,5.89
2271.3,27,6.51,4.04,6.61,6.32,4.75,5.57,5.73,5.75,4.95,6.53,5.88,5.5,6.61,6.03,5.26,5.69,6.76,5.89
2272.3,27,6.51,4.01,6.58,6.32,4.72,5.55,5.71,5.74,4.92,6.52,5.85,5.49,6.6,6.02,5.26,5.68,6.76,5.87
2273.32,27,6.52,4.01,6.58,6.31,4.7,5.51,5.73,5.74,4.9,6.52,5.84,5.47,6.6,6.0,5.24,5.68,6.76,5.87
2274.32,27,6.5,3.98,6.55,6.32,4.69,5.49,5.72,5.73,4.87,6.52,5.81,5.46,6.59,5.97,5.22,5.68,6.76,5.86
2275.32,27,6.49,3.96,6.54,6.28,4.65,5.45,5.69,5.71,4.82,6.51,5.79,5.45,6.56,5.92,5.2,5.66,6.75,5.86
2276.32,27,6.48,3.94,6.52,6.29,4.65,5.42,5.7,5.69,4.78,6.5,5.76,5.4,6.55,5.9,5.17,5.66,6.75,5.85
2277.32,27,6.49,3.93,6.5,6.27,4.62,5.39,5.7,5.68,4.77,6.5,5.76,5.39,6.56,5.89,5.17,5.66,6.76,5.85
2278.32,27,6.48,3.9,6.49,6.25,4.59,5.35,5.67,5.65,4.72,6.49,5.72,5.37,6.54,5.87,5.13,5.65,6.74,5.84
2279.32,27,6.47,3.88,6.47,6.25,4.56,5.31,5.67,5.63,4.69,6.48,5.71,5.34,6.53,5.84,5.1,5.64,6.74,5.83
2280.32,27,6.47,3.86,6.46,6.25,4.54,5.28,5.68,5.63,4.66,6.48,5.69,5.33,6.54,5.83,5.09,5.65,6.75,5.83
2281.32,27,6.46,3.84,6.43,6.23,4.52,5.24,5.66,5.59,4.61,6.47,5.65,5.29,6.51,5.81,5.06,5.62,6.74,5.82
2282.33,27,6.46,3.8,6.4,6.2,4.5,5.21,5.65,5.57,4.57,6.47,5.64,5.28,6.51,5.8,5.03,5.63,6.74,5.83
2283.33,27,6.46,3.79,6.39,6.2,4.48,5.17,5.65,5.55,4.54,6.44,5.62,5.25,6.53,5.77,5.02,5.63,6.74,5.83
2284.33,27,6.44,3.76,6.37,6.2,4.45,5.13,5.65,5.52,4.52,6.44,5.59,5.22,6.51,5.75,4.99,5.63,6.74,5.82
2285.33,27,6.44,3.75,6.37,6.18,4.42,5.1,5.65,5.5,4.48,6.44,5.56,5.2,6.51,5.74,4.97,5.64,6.75,5.82
2286.35,27,6.44,3.71,6.32,6.17,4.4,5.06,5.65,5.47,4.43,6.43,5.54,5.16,6.5,5.72,4.94,5.63,6.73,5.82
2287.35,27,6.43,3.69,6.32,6.15,4.36,5.02,5.63,5.44,4.39,6.42,5.5,5.14,6.49,5.69,4.92,5.6,6.73,5.8
2288.35,27,6.42,3.66,6.29,6.14,4.34,5.0,5.63,5.42,4.36,6.41,5.48,5.11,6.49,5.66,4.89,5.6,6.73,5.8
2289.35,27,6.42,3.64,6.28,6.12,4.31,4.97,5.63,5.38,4.33,6.41,5.46,5.09,6.46,5.65,4.87,5.6,6.74,5.8
2290.35,27,6.41,3.62,6.26,6.12,4.27,4.94,5.63,5.36,4.3,6.4,5.43,5.05,6.48,5.62,4.83,5.59,6.73,5.8
2291.37,27,6.39,3.59,6.24,6.11,4.23,4.89,5.62,5.32,4.26,6.39,5.39,5.04,6.47,5.59,4.82,5.59,6.74,5.79
2292.37,27,6.39,3.58,6.23,6.11,4.22,4.89,5.63,5.29,4.26,6.39,5.36,5.02,6.48,5.57,4.81,5.59,6.73,5.8
2293.37,27,6.38,3.55,6.2,6.06,4.16,4.83,5.62,5.27,4.23,6.37,5.33,5.0,6.46,5.54,4.78,5.58,6.74,5.79
2294.37,27,6.38,3.52,6.18,6.06,4.14,4.81,5.62,5.25,4.2,6.37,5.31,4.97,6.46,5.52,4.77,5.59,6.74,5.77
2295.37,27,6.37,3.5,6.17,6.04,4.1,4.79,5.62,5.21,4.19,6.36,5.27,4.96,6.44,5.49,4.76,5.58,6.74,5.76
2296.38,27,6.37,3.47,6.13,6.01,4.07,4.78,5.62,5.17,4.19,6.35,5.24,4.95,6.44,5.47,4.75,5.57,6.73,5.76
2297.38,27,6.37,3.47,6.14,6.02,4.05,4.77,5.62,5.13,4.19,6.35,5.22,4.94,6.43,5.45,4.76,5.58,6.75,5.76
2298.38,27,6.36,3.45,6.12,5.99,4.01,4.75,5.6,5.12,4.19,6.35,5.19,4.92,6.44,5.45,4.75,5.58,6.74,5.76
2299.38,27,6.33,3.43,6.09,5.98,3.97,4.72,5.6,5.09,4.18,6.32,5.15,4.91,6.42,5.43,4.75,5.58,6.74,5.76
2300.4,27,6.33,3.41,6.07,5.96,3.95,4.72,5.59,5.05,4.2,6.3,5.12,4.9,6.43,5.43,4.74,5.57,6.72,5.75
2301.4,27,6.32,3.4,6.05,5.91,3.94,4.73,5.59,5.02,4.22,6.31,5.09,4.9,6.42,5.44,4.75,5.57,6.73,5.74
2302.4,27,6.33,3.4,6.04,5.92,3.92,4.73,5.59,5.0,4.24,6.3,5.07,4.91,6.44,5.45,4.78,5.58,6.74,5.74
2303.4,27,6.31,3.39,6.02,5.9,3.93,4.74,5.59,4.98,4.26,6.3,5.05,4.9,6.42,5.47,4.78,5.57,6.74,5.73
2304.4,27,6.31,3.37,6.0,5.87,3.93,4.72,5.59,4.94,4.27,6.28,5.02,4.89,6.42,5.5,4.77,5.56,6.73,5.73
2305.4,27,6.29,3.37,5.99,5.86,3.95,4.73,5.58,4.91,4.27,6.26,5.0,4.91,6.41,5.53,4.79,5.57,6.74,5.72
2306.4,27,6.28,3.35,5.96,5.82,3.95,4.73,5.58,4.88,4.28,6.25,4.97,4.9,6.4,5.56,4.8,5.55,6.73,5.72
2307.42,27,6.29,3.37,5.97,5.83,4.0,4.74,5.59,4.87,4.29,6.25,4.96,4.92,6.43,5.62,4.82,5.56,6.74,5.72
2308.42,27,6.27,3.37,5.96,5.8,4.02,4.74,5.57,4.82,4.3,6.24,4.94,4.9,6.41,5.64,4.82,5.56,6.74,5.71
2309.42,27,6.28,3.38,5.95,5.77,4.04,4.76,5.58,4.81,4.3,6.24,4.92,4.92,6.41,5.68,4.84,5.56,6.73,5.72
2310.42,27,6.27,3.38,5.93,5.74,4.07,4.76,5.58,4.79,4.32,6.23,4.91,4.93,6.41,5.71,4.83,5.55,6.73,5.72
2311.42,27,6.27,3.38,5.93,5.74,4.1,4.75,5.57,4.78,4.32,6.23,4.91,4.93,6.42,5.75,4.84,5.57,6.74,5.71
2312.42,27,6.26,3.38,5.91,5.71,4.11,4.76,5.57,4.76,4.31,6.22,4.89,4.93,6.41,5.77,4.84,5.55,6.73,5.7
2313.42,27,6.26,3.39,5.9,5.69,4.11,4.75,5.57,4.74,4.31,6.2,4.88,4.92,6.41,5.81,4.84,5.55,6.74,5.69
2314.42,27,6.25,3.38,5.89,5.67,4.12,4.74,5.56,4.71,4.3,6.19,4.88,4.92,6.39,5.81,4.84,5.54,6.73,5.68
2315.42,27,6.24,3.41,5.87,5.65,4.11,4.74,5.57,4.7,4.3,6.17,4.88,4.92,6.4,5.84,4.84,5.54,6.72,5.68
2316.42,27,6.24,3.42,5.88,5.64,4.13,4.74,5.57,4.72,4.31,6.19,4.9,4.92,6.41,5.87,4.85,5.55,6.74,5.7
2317.42,27,6.24,3.41,5.85,5.6,4.11,4.71,5.56,4.7,4.28,6.17,4.89,4.91,6.4,5.85,4.83,5.53,6.73,5.67
2318.42,27,6.22,3.39,5.84,5.56,4.1,4.68,5.55,4.69,4.26,6.14,4.9,4.88,6.39,5.87,4.8,5.52,6.71,5.65
2319.43,27,6.23,3.42,5.84,5.57,4.11,4.7,5.58,4.71,4.27,6.17,4.93,4.9,6.41,5.9,4.83,5.55,6.73,5.68
2320.43,27,6.22,3.4,5.82,5.55,4.09,4.66,5.56,4.72,4.23,6.16,4.92,4.88,6.38,5.89,4.8,5.52,6.71,5.65
2321.43,27,6.23,3.41,5.82,5.54,4.09,4.65,5.56,4.74,4.24,6.15,4.96,4.87,6.4,5.9,4.8,5.54,6.72,5.66
2322.43,27,6.23,3.42,5.83,5.54,4.06,4.63,5.56,4.77,4.24,6.15,4.99,4.87,6.4,5.91,4.8,5.53,6.74,5.66
2323.43,27,6.23,3.41,5.82,5.51,4.05,4.61,5.55,4.79,4.21,6.14,4.99,4.84,6.39,5.9,4.78,5.52,6.71,5.65
2324.43,27,6.22,3.41,5.8,5.51,4.03,4.59,5.55,4.81,4.2,6.16,5.0,4.82,6.38,5.9,4.78,5.53,6.72,5.64
2325.43,27,6.22,3.41,5.8,5.51,4.01,4.58,5.56,4.83,4.19,6.15,5.01,4.82,6.39,5.9,4.77,5.52,6.71,5.64
2326.43,27,6.22,3.39,5.77,5.5,3.99,4.55,5.56,4.85,4.17,6.15,5.01,4.8,6.39,5.9,4.75,5.52,6.72,5.63
2327.45,27,6.2,3.4,5.79,5.49,3.97,4.54,5.56,4.87,4.16,6.16,5.01,4.78,6.38,5.9,4.73,5.5,6.72,5.63
2328.45,27,6.22,3.4,5.77,5.51,3.96,4.53,5.55,4.89,4.15,6.15,5.02,4.78,6.39,5.9,4.74,5.52,6.71,5.62
2329.45,27,6.22,3.4,5.75,5.52,3.95,4.51,5.55,4.9,4.14,6.17,5.02,4.76,6.39,5.9,4.74,5.51,6.72,5.63
2330.45,27,6.2,3.39,5.76,5.52,3.92,4.5,5.56,4.9,4.12,6.17,5.01,4.75,6.39,5.9,4.72,5.5,6.7,5.6
2331.45,27,6.22,3.39,5.76,5.55,3.92,4.48,5.57,4.89,4.12,6.18,5.02,4.74,6.38,5.91,4.71,5.5,6.71,5.62
2332.45,27,6.23,3.39,5.74,5.56,3.91,4.47,5.57,4.88,4.1,6.19,5.01,4.72,6.38,5.89,4.71,5.51,6.72,5.59
2333.45,27,6.23,3.4,5.73,5.58,3.89,4.44,5.57,4.87,4.08,6.22,5.0,4.7,6.38,5.9,4.69,5.51,6.71,5.6
2334.45,27,6.2,3.36,5.75,5.59,3.87,4.39,5.55,4.83,4.03,6.22,4.97,4.65,6.37,5.88,4.64,5.49,6.7,5.57
2335.45,27,6.23,3.49,6.2,5.67,3.96,4.69,5.6,4.79,4.45,6.25,4.95,4.95,6.39,5.87,4.79,5.5,6.7,5.67
2336.45,27,6.35,3.76,6.51,5.95,4.3,5.03,5.69,4.77,4.81,6.4,5.04,5.26,6.47,5.88,5.05,5.54,6.72,5.77
2337.45,27,6.44,3.91,6.66,6.12,4.53,5.24,5.72,5.01,5.06,6.47,5.27,5.43,6.54,5.99,5.2,5.58,6.75,5.81
2338.45,27,6.52,4.03,6.77,6.24,4.7,5.4,5.74,5.29,5.22,6.53,5.49,5.54,6.59,6.1,5.33,5.64,6.79,5.85
2339.47,27,6.55,4.1,6.83,6.29,4.79,5.5,5.74,5.46,5.31,6.55,5.64,5.6,6.62,6.17,5.39,5.64,6.79,5.85
2340.47,27,6.56,4.14,6.86,6.32,4.88,5.58,5.75,5.57,5.38,6.56,5.74,5.65,6.61,6.23,5.46,5.63,6.79,5.85
2341.47,27,6.59,4.2,6.89,6.33,4.91,5.66,5.74,5.65,5.44,6.58,5.81,5.69,6.61,6.27,5.48,5.62,6.77,5.86
2342.47,27,6.59,4.22,6.9,6.36,4.94,5.7,5.73,5.68,5.45,6.56,5.85,5.69,6.61,6.27,5.52,5.6,6.76,5.86
2343.47,27,6.6,4.25,6.91,6.36,4.96,5.73,5.73,5.72,5.47,6.56,5.89,5.72,6.61,6.29,5.53,5.59,6.76,5.86
2344.47,27,6.6,4.28,6.91,6.37,4.96,5.76,5.73,5.75,5.48,6.56,5.9,5.73,6.61,6.29,5.55,5.57,6.76,5.86
2345.47,27,6.59,4.3,6.91,6.37,4.97,5.79,5.74,5.76,5.47,6.56,5.93,5.72,6.6,6.3,5.55,5.57,6.76,5.85
2346.47,27,6.59,4.29,6.91,6.36,4.98,5.8,5.74,5.76,5.48,6.56,5.96,5.72,6.58,6.29,5.55,5.55,6.75,5.85
2347.47,27,6.56,4.29,6.9,6.35,4.97,5.81,5.73,5.76,5.45,6.54,5.96,5.72,6.58,6.29,5.54,5.55,6.74,5.83
2348.47,27,6.55,4.29,6.87,6.31,4.95,5.79,5.71,5.76,5.43,6.53,5.93,5.7,6.55,6.26,5.53,5.51,6.73,5.81
2349.48,27,6.53,4.28,6.86,6.32,4.94,5.76,5.71,5.76,5.4,6.53,5.95,5.68,6.53,6.25,5.51,5.49,6.71,5.79
2350.48,27,6.54,4.27,6.85,6.3,4.91,5.77,5.71,5.75,5.38,6.5,5.92,5.67,6.52,6.23,5.5,5.48,6.7,5.79
2351.48,27,6.53,4.27,6.84,6.28,4.91,5.75,5.69,5.76,5.35,6.51,5.92,5.66,6.5,6.23,5.49,5.47,6.7,5.77
2352.48,27,6.52,4.25,6.83,6.28,4.88,5.73,5.69,5.75,5.32,6.49,5.92,5.65,6.48,6.19,5.47,5.46,6.7,5.75
2353.48,27,6.5,4.21,6.8,6.26,4.83,5.71,5.67,5.73,5.26,6.48,5.9,5.62,6.47,6.18,5.44,5.43,6.68,5.72
2354.48,27,6.49,4.19,6.77,6.26,4.81,5.69,5.68,5.71,5.23,6.47,5.89,5.59,6.46,6.16,5.42,5.42,6.68,5.7
2355.48,27,6.48,4.17,6.75,6.24,4.79,5.65,5.66,5.7,5.2,6.46,5.88,5.55,6.42,6.14,5.38,5.39,6.66,5.68
2356.48,27,6.47,4.15,6.73,6.23,4.76,5.63,5.66,5.68,5.14,6.44,5.86,5.55,6.43,6.12,5.35,5.37,6.65,5.67
2357.48,27,6.47,4.12,6.71,6.19,4.73,5.6,5.65,5.66,5.12,6.43,5.84,5.5,6.4,6.1,5.32,5.37,6.64,5.66
2358.5,27,6.44,4.09,6.69,6.19,4.69,5.57,5.64,5.63,5.09,6.42,5.82,5.48,6.39,6.06,5.3,5.36,6.63,5.64
2359.5,27,6.43,4.06,6.66,6.17,4.67,5.54,5.63,5.62,5.05,6.42,5.8,5.46,6.37,6.04,5.26,5.35,6.62,5.62
2360.5,27,6.42,4.02,6.64,6.14,4.62,5.49,5.59,5.58,5.0,6.4,5.76,5.43,6.33,6.01,5.23,5.33,6.6,5.59
2361.5,27,6.42,3.99,6.63,6.16,4.6,5.47,5.6,5.56,4.98,6.4,5.74,5.42,6.35,5.99,5.22,5.32,6.63,5.6
2362.5,27,6.41,3.95,6.61,6.15,4.57,5.44,5.6,5.54,4.94,6.39,5.73,5.37,6.32,5.96,5.19,5.32,6.62,5.57
2363.5,27,6.39,3.92,6.58,6.13,4.54,5.4,5.59,5.51,4.9,6.37,5.7,5.36,6.3,5.93,5.15,5.3,6.6,5.55
2364.52,27,6.38,3.88,6.58,6.12,4.49,5.36,5.59,5.48,4.88,6.35,5.67,5.32,6.27,5.9,5.13,5.29,6.58,5.54
2365.52,27,6.38,3.83,6.53,6.11,4.46,5.32,5.58,5.44,4.83,6.36,5.65,5.31,6.27,5.86,5.1,5.28,6.58,5.51
2366.52,27,6.37,3.79,6.52,6.09,4.4,5.3,5.58,5.43,4.8,6.35,5.62,5.29,6.25,5.83,5.06,5.27,6.58,5.5
2367.52,27,6.36,3.75,6.51,6.09,4.38,5.28,5.57,5.39,4.76,6.35,5.59,5.26,6.25,5.81,5.05,5.25,6.58,5.51
2368.52,27,6.35,3.7,6.49,6.07,4.34,5.23,5.56,5.36,4.71,6.33,5.57,5.25,6.24,5.79,5.04,5.25,6.56,5.49
2369.52,27,6.33,3.66,6.47,6.04,4.29,5.19,5.55,5.32,4.68,6.32,5.53,5.21,6.2,5.75,5.0,5.24,6.55,5.45
2370.52,27,6.35,3.63,6.44,6.05,4.27,5.16,5.56,5.3,4.66,6.32,5.51,5.2,6.2,5.72,4.98,5.24,6.56,5.46
2371.52,27,6.33,3.58,6.42,6.03,4.23,5.12,5.54,5.27,4.62,6.31,5.48,5.16,6.19,5.7,4.95,5.23,6.54,5.44
2372.52,27,6.31,3.54,6.4,6.04,4.19,5.08,5.54,5.23,4.58,6.3,5.44,5.13,6.17,5.68,4.93,5.22,6.54,5.44
2373.52,27,6.31,3.49,6.38,6.02,4.16,5.04,5.53,5.21,4.54,6.3,5.43,5.1,6.17,5.63,4.91,5.22,6.54,5.42
2374.53,27,6.3,3.44,6.36,6.02,4.13,5.01,5.52,5.17,4.49,6.29,5.38,5.07,6.16,5.6,4.87,5.2,6.52,5.4
2375.53,27,6.29,3.39,6.33,6.0,4.1,4.97,5.52,5.13,4.46,6.29,5.35,5.05,6.14,5.59,4.84,5.2,6.52,5.38
2376.53,27,6.3,3.36,6.32,5.99,4.06,4.94,5.51,5.12,4.43,6.28,5.32,5.02,6.14,5.56,4.81,5.21,6.52,5.39
2377.53,27,6.28,3.31,6.3,5.97,4.03,4.9,5.49,5.08,4.37,6.27,5.29,5.0,6.13,5.53,4.78,5.17,6.51,5.36
2378.53,27,6.28,3.27,6.27,5.97,4.0,4.87,5.49,5.06,4.35,6.27,5.26,4.97,6.12,5.5,4.76,5.17,6.52,5.35
2379.53,27,6.28,3.25,6.27,5.97,4.0,4.84,5.49,5.03,4.32,6.27,5.25,4.94,6.12,5.48,4.74,5.19,6.52,5.37
2380.53,27,6.27,3.2,6.25,5.95,3.96,4.79,5.48,5.01,4.27,6.25,5.2,4.91,6.11,5.45,4.7,5.15,6.5,5.35
2381.53,27,6.26,3.16,6.24,5.93,3.94,4.78,5.48,4.99,4.25,6.26,5.19,4.88,6.1,5.43,4.69,5.16,6.52,5.35
2382.53,27,6.26,3.13,6.2,5.93,3.91,4.76,5.47,4.98,4.2,6.24,5.14,4.85,6.09,5.39,4.66,5.15,6.5,5.34
2383.53,27,6.26,3.11,6.2,5.92,3.89,4.74,5.46,4.96,4.18,6.24,5.11,4.82,6.07,5.36,4.63,5.13,6.52,5.33
2384.55,27,6.25,3.09,6.18,5.9,3.88,4.71,5.45,4.92,4.14,6.23,5.1,4.79,6.07,5.34,4.6,5.14,6.5,5.33
2385.55,27,6.23,3.05,6.15,5.9,3.86,4.67,5.44,4.91,4.09,6.23,5.07,4.75,6.06,5.31,4.57,5.14,6.5,5.32
2386.55,27,6.24,3.05,6.14,5.89,3.84,4.66,5.45,4.92,4.07,6.23,5.04,4.74,6.05,5.3,4.55,5.12,6.5,5.32
2387.55,27,6.22,3.02,6.11,5.88,3.82,4.62,5.43,4.89,4.03,6.19,5.01,4.7,6.03,5.27,4.51,5.11,6.49,5.3
2388.55,27,6.2,3.0,6.09,5.86,3.8,4.59,5.42,4.84,4.0,6.2,5.0,4.68,6.02,5.24,4.48,5.11,6.49,5.3
2389.55,27,6.2,2.99,6.09,5.86,3.78,4.58,5.42,4.85,3.96,6.2,4.96,4.64,6.02,5.23,4.45,5.11,6.49,5.3
2390.55,27,6.2,2.98,6.06,5.86,3.77,4.55,5.42,4.84,3.92,6.2,4.95,4.62,6.02,5.21,4.44,5.1,6.49,5.29
2391.55,27,6.19,2.96,6.04,5.84,3.75,4.51,5.4,4.81,3.88,6.18,4.94,4.61,6.01,5.19,4.39,5.09,6.48,5.28
2392.55,27,6.18,2.95,6.02,5.83,3.73,4.48,5.4,4.8,3.86,6.18,4.92,4.57,6.0,5.16,4.38,5.1,6.49,5.28
2393.55,27,6.18,2.93,6.0,5.84,3.71,4.45,5.39,4.79,3.82,6.19,4.9,4.54,5.99,5.14,4.35,5.09,6.49,5.28
2394.57,27,6.15,2.91,5.97,5.8,3.68,4.4,5.37,4.77,3.76,6.17,4.85,4.51,5.98,5.13,4.31,5.07,6.48,5.27
2395.57,27,6.14,2.9,5.96,5.8,3.65,4.36,5.37,4.74,3.72,6.16,4.83,4.48,5.98,5.12,4.27,5.07,6.47,5.25
2396.57,27,6.15,2.88,5.95,5.8,3.64,4.33,5.37,4.73,3.69,6.17,4.83,4.46,5.97,5.11,4.26,5.07,6.47,5.27
2397.57,27,6.15,2.86,5.91,5.79,3.63,4.29,5.37,4.71,3.65,6.16,4.8,4.43,5.97,5.08,4.21,5.07,6.47,5.25
2398.58,27,6.13,2.84,5.89,5.77,3.58,4.24,5.36,4.68,3.61,6.14,4.77,4.39,5.96,5.06,4.18,5.06,6.47,5.24
2399.58,27,6.14,2.82,5.88,5.77,3.58,4.23,5.36,4.68,3.58,6.14,4.75,4.37,5.96,5.06,4.16,5.06,6.48,5.24
2400.58,27,6.13,2.8,5.84,5.73,3.55,4.18,5.35,4.65,3.54,6.14,4.73,4.34,5.96,5.04,4.12,5.05,6.47,5.23
2401.58,27,6.12,2.78,5.83,5.74,3.52,4.16,5.37,4.62,3.5,6.13,4.69,4.31,5.95,5.04,4.09,5.06,6.48,5.23
2402.58,27,6.11,2.75,5.81,5.73,3.49,4.09,5.36,4.6,3.47,6.12,4.68,4.28,5.95,5.02,4.06,5.04,6.47,5.22
2403.58,27,6.11,2.73,5.79,5.73,3.47,4.07,5.36,4.59,3.44,6.12,4.64,4.26,5.95,5.0,4.02,5.05,6.47,5.23
2404.58,27,6.1,2.7,5.75,5.71,3.44,4.03,5.35,4.55,3.39,6.11,4.61,4.21,5.92,4.97,4.0,5.04,6.47,5.22
2405.58,27,6.1,2.67,5.74,5.71,3.41,3.99,5.36,4.53,3.38,6.11,4.59,4.19,5.93,4.96,3.96,5.04,6.48,5.22
2406.58,27,6.09,2.64,5.71,5.69,3.39,3.98,5.34,4.49,3.36,6.1,4.56,4.15,5.92,4.94,3.94,5.04,6.48,5.2
2407.58,27,6.09,2.61,5.7,5.69,3.35,3.93,5.35,4.47,3.3,6.1,4.53,4.13,5.92,4.9,3.9,5.03,6.48,5.21
2408.58,27,6.07,2.6,5.68,5.66,3.33,3.91,5.33,4.45,3.29,6.09,4.5,4.11,5.92,4.88,3.87,5.04,6.48,5.21
2409.58,27,6.07,2.56,5.65,5.64,3.32,3.87,5.33,4.4,3.26,6.09,4.47,4.07,5.91,4.84,3.84,5.03,6.46,5.19
2410.6,27,6.06,2.53,5.63,5.63,3.3,3.84,5.35,4.38,3.23,6.07,4.44,4.05,5.91,4.81,3.81,5.02,6.47,5.2
2411.6,27,6.05,2.51,5.62,5.63,3.27,3.82,5.33,4.34,3.19,6.07,4.4,4.01,5.9,4.78,3.78,5.02,6.48,5.2
2412.6,27,6.05,2.47,5.59,5.6,3.24,3.79,5.33,4.3,3.17,6.06,4.38,3.98,5.9,4.75,3.75,5.02,6.48,5.17
2413.6,27,6.03,2.46,5.57,5.59,3.22,3.75,5.31,4.26,3.14,6.05,4.34,3.94,5.89,4.72,3.73,5.01,6.46,5.16
2414.6,27,6.04,2.44,5.55,5.59,3.22,3.73,5.34,4.25,3.12,6.06,4.33,3.93,5.89,4.69,3.73,5.02,6.47,5.19
2415.6,27,6.03,2.43,5.52,5.56,3.19,3.72,5.33,4.21,3.1,6.05,4.29,3.88,5.89,4.66,3.71,5.01,6.47,5.15
2416.62,27,6.02,2.4,5.52,5.55,3.17,3.69,5.32,4.18,3.09,6.06,4.27,3.85,5.89,4.63,3.7,5.01,6.47,5.16
2417.62,27,6.03,2.39,5.49,5.53,3.15,3.66,5.32,4.14,3.08,6.05,4.23,3.83,5.88,4.6,3.69,5.0,6.46,5.16
2418.62,27,6.02,2.39,5.48,5.52,3.14,3.64,5.32,4.12,3.06,6.04,4.21,3.79,5.88,4.58,3.68,5.01,6.47,5.14
2419.62,27,6.02,2.39,5.46,5.5,3.13,3.62,5.32,4.09,3.07,6.03,4.18,3.78,5.88,4.56,3.7,5.0,6.47,5.14
2420.62,27,5.99,2.38,5.44,5.47,3.09,3.6,5.3,4.05,3.05,6.03,4.14,3.74,5.86,4.53,3.69,4.99,6.44,5.13
2421.62,27,6.01,2.4,5.43,5.48,3.1,3.58,5.31,4.03,3.07,6.04,4.13,3.72,5.86,4.53,3.71,4.98,6.47,5.14
2422.62,27,6.0,2.4,5.4,5.46,3.1,3.56,5.31,4.0,3.07,6.04,4.09,3.72,5.87,4.52,3.71,4.98,6.46,5.12
2423.62,27,6.0,2.41,5.39,5.45,3.08,3.55,5.31,3.96,3.08,6.04,4.08,3.69,5.87,4.54,3.73,4.98,6.46,5.12
2424.63,27,5.99,2.42,5.39,5.43,3.06,3.53,5.3,3.95,3.09,6.03,4.05,3.69,5.87,4.55,3.74,4.98,6.46,5.11
2425.63,27,5.99,2.44,5.37,5.4,3.06,3.51,5.31,3.93,3.1,6.04,4.02,3.68,5.87,4.6,3.74,4.99,6.46,5.11
2426.63,27,5.99,2.45,5.36,5.39,3.04,3.49,5.31,3.9,3.1,6.02,4.0,3.68,5.86,4.62,3.76,4.97,6.46,5.11
2427.63,27,5.98,2.45,5.35,5.39,3.02,3.48,5.3,3.87,3.11,6.04,3.98,3.7,5.86,4.66,3.79,4.97,6.46,5.1
2428.63,27,5.98,2.46,5.33,5.38,3.03,3.48,5.3,3.85,3.1,6.03,3.96,3.71,5.86,4.7,3.79,4.96,6.46,5.1
2429.63,27,5.98,2.47,5.33,5.37,3.01,3.46,5.3,3.83,3.11,6.05,3.93,3.73,5.86,4.74,3.79,4.96,6.44,5.1
2430.63,27,5.98,2.47,5.32,5.38,3.0,3.45,5.3,3.81,3.11,6.05,3.91,3.75,5.85,4.77,3.81,4.95,6.44,5.09
2431.63,27,5.97,2.46,5.31,5.37,2.97,3.45,5.3,3.78,3.1,6.03,3.89,3.76,5.84,4.8,3.8,4.94,6.44,5.07
2432.63,27,5.97,2.45,5.29,5.35,2.96,3.43,5.29,3.75,3.09,6.04,3.88,3.79,5.85,4.83,3.81,4.94,6.43,5.07
2433.63,27,5.96,2.46,5.28,5.35,2.93,3.41,5.29,3.72,3.09,6.03,3.86,3.79,5.84,4.85,3.81,4.95,6.43,5.07
2434.63,27,5.97,2.44,5.28,5.36,2.93,3.41,5.3,3.7,3.08,6.04,3.85,3.8,5.84,4.87,3.81,4.94,6.43,5.06
2435.63,27,5.97,2.44,5.28,5.36,2.91,3.39,5.28,3.69,3.06,6.05,3.86,3.81,5.84,4.9,3.81,4.92,6.43,5.06
2436.63,27,5.97,2.44,5.27,5.38,2.91,3.38,5.29,3.67,3.05,6.06,3.85,3.81,5.84,4.9,3.81,4.93,6.43,5.04
2437.63,27,5.97,2.43,5.26,5.38,2.9,3.38,5.29,3.64,3.03,6.05,3.86,3.82,5.84,4.91,3.81,4.93,6.44,5.04
2438.65,27,5.97,2.41,5.26,5.39,2.89,3.37,5.32,3.64,3.03,6.07,3.86,3.8,5.82,4.92,3.8,4.93,6.44,5.05
2439.65,27,5.97,2.4,5.25,5.4,2.86,3.33,5.31,3.62,2.98,6.05,3.86,3.78,5.83,4.92,3.79,4.93,6.43,5.03
2440.65,27,5.96,2.39,5.25,5.42,2.82,3.33,5.3,3.6,2.97,6.06,3.86,3.78,5.82,4.92,3.77,4.92,6.43,5.03
2441.65,27,5.97,2.38,5.25,5.43,2.82,3.32,5.3,3.57,2.95,6.07,3.88,3.76,5.83,4.92,3.76,4.92,6.43,5.02
2442.65,27,5.95,2.36,5.22,5.44,2.78,3.29,5.3,3.54,2.91,6.06,3.87,3.74,5.81,4.91,3.75,4.91,6.43,5.01
2443.65,27,5.97,2.34,5.22,5.45,2.77,3.28,5.32,3.53,2.9,6.09,3.89,3.73,5.82,4.91,3.74,4.91,6.43,5.01
2444.67,27,5.96,2.34,5.23,5.46,2.75,3.26,5.32,3.5,2.88,6.07,3.88,3.69,5.83,4.9,3.73,4.91,6.43,5.0
2445.67,27,5.98,2.32,5.19,5.47,2.72,3.24,5.32,3.48,2.85,6.07,3.88,3.68,5.81,4.9,3.72,4.9,6.42,5.02
2446.67,27,5.98,2.32,5.21,5.49,2.7,3.23,5.32,3.47,2.82,6.07,3.88,3.64,5.81,4.9,3.7,4.91,6.43,5.01
2447.67,27,5.99,2.32,5.19,5.51,2.68,3.22,5.33,3.44,2.81,6.1,3.89,3.63,5.82,4.89,3.7,4.91,6.43,5.0
2448.68,27,5.98,2.31,5.19,5.5,2.65,3.19,5.32,3.42,2.78,6.09,3.87,3.61,5.81,4.88,3.67,4.89,6.42,4.99
2449.68,27,5.97,2.29,5.16,5.52,2.61,3.17,5.31,3.39,2.75,6.09,3.86,3.58,5.79,4.85,3.66,4.88,6.41,4.97
2450.68,27,5.98,2.3,5.15,5.52,2.6,3.16,5.33,3.37,2.75,6.09,3.85,3.56,5.8,4.85,3.64,4.88,6.41,4.98
2451.68,27,5.98,2.28,5.15,5.53,2.57,3.14,5.33,3.35,2.74,6.09,3.85,3.54,5.8,4.84,3.64,4.89,6.42,4.96
2452.68,27,6.0,2.29,5.15,5.53,2.57,3.13,5.33,3.33,2.72,6.07,3.84,3.53,5.79,4.85,3.63,4.89,6.41,4.96
2453.68,27,5.99,2.28,5.13,5.54,2.54,3.1,5.32,3.31,2.69,6.09,3.82,3.5,5.77,4.83,3.62,4.88,6.41,4.96
2454.7,27,6.0,2.27,5.12,5.55,2.52,3.1,5.33,3.29,2.68,6.1,3.82,3.48,5.79,4.84,3.61,4.87,6.41,4.95
2455.7,27,5.98,2.27,5.09,5.54,2.5,3.07,5.32,3.25,2.66,6.07,3.79,3.46,5.76,4.81,3.59,4.85,6.39,4.95
2456.7,27,6.01,2.27,5.11,5.56,2.5,3.06,5.33,3.25,2.65,6.07,3.79,3.44,5.79,4.83,3.59,4.84,6.41,4.94
2457.7,27,6.02,2.27,5.1,5.57,2.49,3.06,5.33,3.22,2.63,6.09,3.77,3.43,5.75,4.82,3.58,4.85,6.4,4.94
2458.7,27,6.02,2.27,5.08,5.57,2.47,3.03,5.33,3.2,2.62,6.09,3.75,3.39,5.75,4.82,3.55,4.85,6.41,4.93
2459.7,27,6.02,2.26,5.07,5.57,2.47,3.03,5.33,3.17,2.6,6.06,3.74,3.37,5.75,4.82,3.54,4.84,6.39,4.93
2460.7,27,6.03,2.26,5.08,5.59,2.47,3.01,5.32,3.16,2.6,6.09,3.73,3.36,5.76,4.81,3.53,4.84,6.4,4.93
2461.7,27,6.03,2.25,5.06,5.58,2.44,2.98,5.33,3.13,2.58,6.07,3.71,3.33,5.73,4.8,3.51,4.83,6.39,4.91
2462.7,27,6.03,2.25,5.04,5.58,2.43,2.99,5.32,3.1,2.56,6.07,3.69,3.33,5.75,4.79,3.5,4.83,6.39,4.91
2463.7,27,6.05,2.24,5.05,5.58,2.42,2.99,5.33,3.1,2.55,6.09,3.7,3.32,5.75,4.8,3.49,4.82,6.39,4.91
2464.7,27,6.05,2.23,5.03,5.58,2.4,2.98,5.32,3.07,2.52,6.07,3.67,3.28,5.73,4.79,3.47,4.8,6.39,4.9
2465.72,27,6.05,2.23,5.02,5.58,2.39,2.95,5.32,3.06,2.51,6.07,3.66,3.26,5.74,4.79,3.46,4.77,6.39,4.89
2466.72,27,6.05,2.23,5.01,5.58,2.37,2.94,5.31,3.03,2.48,6.07,3.64,3.26,5.73,4.78,3.44,4.74,6.39,4.89
2467.72,27,6.06,2.22,5.01,5.59,2.36,2.93,5.32,3.03,2.47,6.07,3.64,3.23,5.73,4.78,3.42,4.73,6.38,4.88
2468.72,27,6.07,2.21,4.99,5.59,2.34,2.94,5.32,2.98,2.45,6.07,3.62,3.21,5.72,4.77,3.41,4.74,6.38,4.89
2469.72,27,6.09,2.21,4.99,5.59,2.32,2.92,5.33,2.97,2.44,6.07,3.61,3.2,5.72,4.76,3.38,4.73,6.38,4.87
2470.72,27,6.09,2.2,4.98,5.59,2.3,2.91,5.31,2.94,2.43,6.06,3.59,3.18,5.71,4.75,3.38,4.72,6.38,4.88
2471.72,27,6.1,2.19,4.99,5.59,2.28,2.9,5.31,2.92,2.4,6.07,3.57,3.16,5.71,4.74,3.36,4.72,6.37,4.87
2472.73,27,6.1,2.19,4.99,5.59,2.27,2.89,5.32,2.91,2.4,6.07,3.56,3.15,5.71,4.74,3.34,4.74,6.38,4.88
2473.73,27,6.09,2.18,4.97,5.59,2.25,2.89,5.32,2.9,2.4,6.06,3.55,3.12,5.7,4.73,3.33,4.73,6.38,4.87
2474.73,27,6.1,2.17,4.97,5.59,2.22,2.87,5.31,2.88,2.38,6.06,3.52,3.1,5.69,4.73,3.32,4.72,6.38,4.84
2475.73,27,6.1,2.16,4.97,5.58,2.21,2.87,5.31,2.86,2.36,6.05,3.51,3.08,5.69,4.71,3.29,4.72,6.37,4.83
2476.73,27,6.09,2.14,4.95,5.59,2.2,2.85,5.29,2.84,2.36,6.05,3.48,3.04,5.68,4.69,3.28,4.71,6.36,4.84
2477.73,27,6.11,2.14,4.96,5.59,2.17,2.85,5.31,2.83,2.37,6.05,3.47,3.03,5.68,4.7,3.27,4.72,6.37,4.84
2478.73,27,6.1,2.13,4.95,5.58,2.15,2.83,5.3,2.81,2.36,6.04,3.45,2.99,5.68,4.68,3.25,4.71,6.36,4.83
2479.73,27,6.09,2.11,4.93,5.58,2.13,2.82,5.29,2.8,2.35,6.04,3.44,2.96,5.67,4.68,3.22,4.69,6.36,4.82
2480.73,27,6.1,2.11,4.93,5.58,2.12,2.8,5.3,2.78,2.34,6.04,3.41,2.94,5.66,4.66,3.21,4.69,6.36,4.8
2481.73,27,6.09,2.08,4.92,5.57,2.11,2.8,5.29,2.77,2.35,6.03,3.4,2.92,5.66,4.65,3.18,4.68,6.36,4.8
2482.73,27,6.1,2.1,4.92,5.58,2.11,2.79,5.3,2.76,2.34,6.03,3.39,2.91,5.65,4.64,3.17,4.68,6.35,4.79
2483.73,27,6.07,2.06,4.91,5.56,2.1,2.77,5.3,2.75,2.34,6.01,3.37,2.88,5.63,4.62,3.15,4.67,6.33,4.78
2484.73,27,6.09,2.07,4.91,5.58,2.1,2.78,5.31,2.75,2.34,6.03,3.35,2.87,5.65,4.63,3.14,4.68,6.35,4.79
2485.75,27,6.07,2.04,4.89,5.55,2.07,2.77,5.28,2.72,2.33,6.01,3.33,2.84,5.63,4.6,3.11,4.65,6.35,4.78
2486.75,27,6.07,2.05,4.89,5.57,2.08,2.76,5.29,2.73,2.34,6.02,3.33,2.84,5.64,4.59,3.1,4.67,6.35,4.78
2487.75,27,6.07,2.03,4.88,5.55,2.07,2.75,5.3,2.71,2.33,6.02,3.3,2.82,5.63,4.58,3.09,4.65,6.35,4.78
2488.75,27,6.07,2.02,4.87,5.57,2.07,2.75,5.3,2.7,2.33,6.02,3.29,2.81,5.63,4.57,3.08,4.66,6.35,4.77
2489.75,27,6.06,2.01,4.85,5.56,2.04,2.73,5.29,2.69,2.32,6.01,3.26,2.78,5.6,4.55,3.06,4.66,6.33,4.77
2490.75,27,6.07,2.01,4.83,5.57,2.05,2.74,5.3,2.68,2.31,6.02,3.25,2.77,5.6,4.54,3.05,4.65,6.35,4.75
2491.75,27,6.05,1.99,4.83,5.57,2.02,2.73,5.28,2.66,2.3,6.0,3.23,2.76,5.6,4.53,3.02,4.63,6.32,4.75
2492.75,27,6.07,1.98,4.81,5.57,2.01,2.72,5.28,2.65,2.29,5.99,3.2,2.75,5.59,4.51,3.01,4.63,6.35,4.75
2493.75,27,6.06,1.91,5.03,5.55,2.0,2.83,5.28,2.65,2.49,5.99,3.18,2.84,5.59,4.49,3.04,4.63,6.32,4.75
2494.75,27,6.07,2.17,5.56,5.6,2.33,3.44,5.3,2.65,3.26,6.0,3.22,3.6,5.6,4.47,3.52,4.63,6.31,4.89
2495.75,27,6.15,2.54,5.93,5.71,2.9,3.93,5.36,3.04,3.81,6.09,3.59,4.13,5.7,4.68,3.92,4.7,6.37,5.0
2496.77,27,6.24,2.76,6.14,5.81,3.31,4.24,5.39,3.63,4.16,6.15,4.03,4.43,5.8,4.94,4.2,4.77,6.41,5.07
2497.77,27,6.24,2.91,6.25,5.83,3.55,4.44,5.4,4.04,4.35,6.16,4.36,4.59,5.84,5.11,4.37,4.81,6.43,5.08
2498.77,27,6.24,3.01,6.32,5.85,3.71,4.57,5.42,4.34,4.44,6.17,4.59,4.7,5.87,5.23,4.48,4.82,6.43,5.1
2499.77,27,6.24,3.1,6.37,5.85,3.82,4.66,5.39,4.49,4.53,6.16,4.72,4.76,5.85,5.31,4.55,4.82,6.43,5.11
2500.77,27,6.23,3.13,6.39,5.83,3.89,4.72,5.39,4.58,4.57,6.15,4.82,4.8,5.86,5.34,4.59,4.82,6.42,5.1
2501.77,27,6.23,3.19,6.42,5.83,3.93,4.8,5.4,4.65,4.6,6.16,4.9,4.84,5.86,5.38,4.64,4.82,6.42,5.11
2502.77,27,6.22,3.23,6.41,5.81,3.97,4.84,5.38,4.69,4.61,6.14,4.94,4.85,5.85,5.39,4.66,4.8,6.41,5.09
2503.77,27,6.18,3.25,6.39,5.8,3.98,4.88,5.36,4.71,4.6,6.14,4.97,4.88,5.84,5.4,4.67,4.77,6.39,5.08
2504.77,27,6.18,3.27,6.39,5.77,3.98,4.91,5.36,4.74,4.6,6.11,5.01,4.88,5.82,5.39,4.67,4.75,6.38,5.07
2505.77,27,6.18,3.28,6.39,5.79,3.99,4.92,5.35,4.76,4.6,6.12,5.02,4.88,5.81,5.39,4.68,4.74,6.39,5.06
2506.78,27,6.16,3.28,6.38,5.76,3.97,4.93,5.34,4.78,4.59,6.1,5.02,4.89,5.79,5.38,4.66,4.72,6.36,5.05
2507.78,27,6.14,3.27,6.36,5.75,3.95,4.92,5.33,4.76,4.55,6.09,5.02,4.87,5.76,5.37,4.65,4.71,6.37,5.02
2508.78,27,6.14,3.25,6.33,5.73,3.93,4.91,5.33,4.74,4.53,6.06,5.01,4.84,5.75,5.35,4.63,4.67,6.35,5.0
2509.78,27,6.12,3.25,6.32,5.7,3.91,4.89,5.31,4.74,4.5,6.05,5.01,4.83,5.73,5.32,4.6,4.66,6.35,4.99
2510.78,27,6.1,3.22,6.28,5.69,3.88,4.84,5.3,4.7,4.46,6.04,5.0,4.8,5.7,5.3,4.59,4.64,6.31,4.97
2511.78,27,6.1,3.21,6.28,5.68,3.86,4.84,5.3,4.68,4.43,6.04,5.0,4.79,5.7,5.27,4.57,4.62,6.31,4.96
2512.78,27,6.07,3.19,6.26,5.66,3.82,4.8,5.29,4.65,4.39,6.01,4.97,4.76,5.68,5.24,4.53,4.62,6.31,4.93
2513.78,27,6.06,3.17,6.23,5.65,3.78,4.78,5.27,4.61,4.35,6.0,4.95,4.72,5.67,5.21,4.5,4.58,6.27,4.9
2514.78,27,6.05,3.14,6.19,5.62,3.75,4.75,5.27,4.58,4.31,6.0,4.94,4.7,5.64,5.19,4.48,4.58,6.27,4.88
2515.78,27,6.05,3.12,6.19,5.6,3.72,4.73,5.27,4.56,4.27,5.99,4.91,4.68,5.62,5.14,4.45,4.55,6.27,4.85
2516.78,27,6.03,3.08,6.14,5.59,3.69,4.7,5.25,4.51,4.23,5.97,4.88,4.65,5.58,5.12,4.42,4.53,6.25,4.82
2517.8,27,6.02,3.05,6.13,5.57,3.65,4.67,5.24,4.48,4.19,5.95,4.85,4.62,5.58,5.08,4.36,4.51,6.24,4.8
2518.8,27,6.01,3.04,6.11,5.57,3.64,4.66,5.24,4.47,4.18,5.97,4.84,4.6,5.58,5.06,4.37,4.51,6.25,4.8
2519.8,27,6.0,2.99,6.07,5.56,3.6,4.62,5.22,4.45,4.14,5.96,4.81,4.58,5.55,5.03,4.34,4.5,6.24,4.77
2520.8,27,6.0,2.96,6.05,5.53,3.56,4.58,5.21,4.41,4.11,5.92,4.77,4.54,5.53,5.0,4.29,4.48,6.22,4.76
2521.8,27,5.99,2.92,6.05,5.52,3.53,4.58,5.21,4.39,4.09,5.92,4.75,4.53,5.52,4.98,4.28,4.45,6.23,4.75
2522.8,27,5.97,2.89,6.01,5.51,3.49,4.52,5.2,4.37,4.05,5.92,4.72,4.5,5.48,4.96,4.25,4.45,6.22,4.73
2523.8,27,5.96,2.85,5.99,5.51,3.45,4.49,5.19,4.35,4.02,5.91,4.69,4.48,5.48,4.93,4.22,4.44,6.22,4.72
2524.8,27,5.96,2.8,5.96,5.5,3.41,4.45,5.17,4.31,3.96,5.89,4.65,4.44,5.46,4.9,4.18,4.42,6.18,4.69
2525.8,27,5.96,2.77,5.96,5.5,3.38,4.43,5.19,4.31,3.95,5.9,4.63,4.43,5.46,4.88,4.18,4.42,6.2,4.69
2526.8,27,5.95,2.7,5.93,5.47,3.33,4.39,5.15,4.28,3.9,5.88,4.6,4.39,5.43,4.83,4.14,4.4,6.19,4.67
2527.8,27,5.93,2.67,5.9,5.46,3.3,4.33,5.14,4.26,3.86,5.88,4.56,4.36,5.4,4.81,4.1,4.39,6.18,4.64
2528.8,27,5.92,2.62,5.89,5.45,3.25,4.31,5.13,4.23,3.8,5.87,4.53,4.33,5.4,4.78,4.07,4.38,6.17,4.63
2529.82,27,5.91,2.58,5.87,5.44,3.21,4.28,5.14,4.22,3.76,5.87,4.5,4.31,5.39,4.75,4.05,4.37,6.17,4.61
2530.82,27,5.92,2.53,5.84,5.44,3.17,4.23,5.13,4.19,3.72,5.86,4.46,4.27,5.38,4.73,4.01,4.35,6.16,4.59
2531.82,27,5.91,2.49,5.84,5.43,3.13,4.2,5.13,4.18,3.69,5.87,4.44,4.24,5.38,4.71,3.99,4.36,6.17,4.6
2532.82,27,5.89,2.44,5.81,5.39,3.09,4.13,5.11,4.13,3.64,5.85,4.39,4.19,5.36,4.66,3.96,4.34,6.15,4.58
2533.82,27,5.88,2.38,5.77,5.42,3.04,4.1,5.11,4.13,3.59,5.86,4.35,4.16,5.36,4.64,3.93,4.33,6.15,4.57
2534.82,27,5.89,2.34,5.75,5.38,2.99,4.04,5.11,4.1,3.54,5.85,4.32,4.13,5.33,4.62,3.9,4.32,6.13,4.56
2535.82,27,5.88,2.29,5.72,5.37,2.94,4.02,5.1,4.06,3.49,5.85,4.28,4.1,5.34,4.6,3.87,4.32,6.14,4.56
2536.82,27,5.89,2.23,5.71,5.39,2.91,3.97,5.11,4.04,3.45,5.84,4.24,4.06,5.33,4.58,3.84,4.31,6.15,4.54
2537.82,27,5.88,2.19,5.69,5.36,2.87,3.91,5.08,4.0,3.39,5.83,4.2,4.0,5.32,4.55,3.8,4.3,6.14,4.53
2538.82,27,5.87,2.13,5.67,5.36,2.83,3.88,5.08,3.97,3.37,5.82,4.16,3.98,5.31,4.52,3.77,4.3,6.13,4.52
2539.82,27,5.87,2.1,5.65,5.36,2.8,3.83,5.08,3.94,3.32,5.83,4.13,3.94,5.31,4.51,3.74,4.29,6.14,4.52
2540.83,27,5.85,2.04,5.63,5.34,2.76,3.8,5.07,3.89,3.29,5.82,4.08,3.9,5.29,4.48,3.71,4.29,6.13,4.51
2541.83,27,5.84,2.0,5.59,5.32,2.73,3.74,5.06,3.84,3.23,5.8,4.06,3.86,5.27,4.44,3.68,4.25,6.12,4.5
2542.83,27,5.84,1.96,5.57,5.32,2.7,3.7,5.05,3.81,3.18,5.8,4.02,3.82,5.26,4.43,3.64,4.26,6.13,4.48
2543.83,27,5.83,1.93,5.55,5.31,2.68,3.67,5.06,3.77,3.14,5.79,3.99,3.78,5.26,4.4,3.63,4.26,6.13,4.48
2544.83,27,5.82,1.89,5.52,5.3,2.64,3.63,5.04,3.72,3.1,5.79,3.95,3.72,5.24,4.38,3.59,4.24,6.12,4.48
2545.83,27,5.82,1.85,5.49,5.28,2.6,3.59,5.04,3.67,3.05,5.79,3.92,3.69,5.24,4.36,3.55,4.24,6.12,4.47
2546.83,27,5.81,1.82,5.48,5.27,2.6,3.55,5.03,3.63,3.01,5.79,3.89,3.66,5.23,4.34,3.52,4.23,6.11,4.45
2547.83,27,5.82,1.8,5.48,5.27,2.58,3.53,5.04,3.61,2.97,5.77,3.88,3.63,5.23,4.33,3.51,4.24,6.12,4.46
2548.83,27,5.8,1.77,5.43,5.27,2.54,3.47,5.02,3.56,2.92,5.76,3.84,3.58,5.21,4.31,3.46,4.22,6.1,4.45
2549.83,27,5.8,1.74,5.42,5.27,2.53,3.45,5.02,3.52,2.91,5.75,3.81,3.55,5.21,4.3,3.44,4.21,6.12,4.45
2550.85,27,5.8,1.72,5.4,5.27,2.52,3.42,5.02,3.48,2.86,5.76,3.79,3.52,5.2,4.29,3.4,4.22,6.11,4.43
2551.85,27,5.77,1.69,5.37,5.25,2.5,3.38,5.0,3.44,2.82,5.75,3.75,3.47,5.2,4.27,3.35,4.21,6.1,4.43
2552.85,27,5.77,1.66,5.34,5.24,2.5,3.36,4.99,3.39,2.78,5.75,3.73,3.43,5.2,4.25,3.33,4.19,6.09,4.41
2553.85,27,5.77,1.64,5.32,5.23,2.49,3.33,4.99,3.36,2.75,5.74,3.7,3.4,5.19,4.24,3.3,4.19,6.1,4.42
2554.85,27,5.75,1.63,5.31,5.22,2.48,3.29,4.98,3.32,2.72,5.73,3.67,3.37,5.17,4.22,3.27,4.19,6.1,4.41
2555.85,27,5.75,1.61,5.29,5.21,2.47,3.27,4.97,3.29,2.7,5.74,3.66,3.34,5.16,4.2,3.24,4.17,6.09,4.41
2556.85,27,5.74,1.59,5.27,5.2,2.46,3.26,4.96,3.25,2.67,5.71,3.62,3.32,5.16,4.18,3.19,4.17,6.1,4.39
2557.85,27,5.75,1.58,5.24,5.2,2.45,3.24,4.96,3.23,2.64,5.72,3.61,3.29,5.15,4.15,3.16,4.18,6.1,4.39
2558.87,27,5.73,1.57,5.23,5.19,2.44,3.22,4.96,3.19,2.62,5.71,3.59,3.27,5.15,4.12,3.14,4.17,6.09,4.38
2559.87,27,5.72,1.55,5.2,5.17,2.43,3.19,4.96,3.16,2.59,5.71,3.57,3.25,5.15,4.1,3.1,4.15,6.07,4.38
2560.87,27,5.72,1.53,5.16,5.15,2.4,3.16,4.94,3.13,2.57,5.7,3.54,3.21,5.13,4.07,3.08,4.14,6.09,4.36
2561.87,27,5.72,1.52,5.15,5.16,2.39,3.16,4.96,3.11,2.57,5.72,3.53,3.19,5.13,4.05,3.05,4.15,6.09,4.36
2562.87,27,5.72,1.51,5.13,5.15,2.38,3.15,4.96,3.1,2.55,5.71,3.51,3.16,5.13,4.03,3.03,4.15,6.09,4.37
2563.87,27,5.72,1.5,5.12,5.14,2.35,3.12,4.95,3.08,2.54,5.7,3.5,3.13,5.12,4.0,3.0,4.13,6.09,4.36
2564.88,27,5.7,1.49,5.09,5.12,2.33,3.1,4.94,3.03,2.52,5.7,3.47,3.1,5.11,3.96,2.97,4.13,6.07,4.35
2565.88,27,5.7,1.47,5.05,5.12,2.31,3.08,4.94,3.01,2.5,5.68,3.45,3.08,5.1,3.93,2.93,4.12,6.07,4.34
2566.88,27,5.68,1.46,5.03,5.1,2.27,3.07,4.94,2.99,2.48,5.68,3.42,3.04,5.09,3.89,2.91,4.1,6.06,4.32
2567.88,27,5.7,1.47,5.02,5.1,2.26,3.06,4.95,2.99,2.48,5.69,3.42,3.03,5.1,3.88,2.91,4.11,6.07,4.34
2568.88,27,5.69,1.45,5.01,5.09,2.22,3.03,4.92,2.96,2.46,5.67,3.4,3.0,5.07,3.83,2.88,4.1,6.06,4.32
2569.88,27,5.69,1.45,4.99,5.09,2.2,3.03,4.94,2.95,2.45,5.68,3.39,2.98,5.08,3.82,2.87,4.1,6.07,4.32
2570.88,27,5.68,1.43,4.96,5.08,2.17,2.98,4.93,2.93,2.43,5.67,3.36,2.96,5.08,3.79,2.83,4.09,6.07,4.31
2571.88,27,5.68,1.42,4.94,5.07,2.13,2.96,4.93,2.91,2.42,5.68,3.35,2.93,5.07,3.75,2.8,4.09,6.06,4.31
2572.88,27,5.67,1.42,4.93,5.06,2.11,2.94,4.92,2.9,2.4,5.68,3.33,2.92,5.07,3.72,2.78,4.09,6.07,4.3
2573.88,27,5.67,1.4,4.91,5.05,2.07,2.92,4.93,2.89,2.38,5.67,3.32,2.9,5.07,3.69,2.75,4.08,6.06,4.3
2574.88,27,5.66,1.39,4.9,5.04,2.04,2.9,4.92,2.87,2.36,5.66,3.29,2.87,5.06,3.67,2.74,4.06,6.06,4.29
2575.9,27,5.66,1.38,4.88,5.03,2.01,2.89,4.92,2.85,2.35,5.67,3.28,2.84,5.05,3.64,2.7,4.07,6.06,4.28
2576.9,27,5.65,1.37,4.87,5.04,2.0,2.88,4.92,2.84,2.34,5.67,3.27,2.83,5.06,3.63,2.69,4.07,6.06,4.29
2577.9,27,5.65,1.35,4.84,5.03,1.96,2.84,4.92,2.82,2.31,5.67,3.24,2.8,5.05,3.59,2.66,4.05,6.05,4.27
2578.9,27,5.65,1.33,4.82,5.01,1.92,2.81,4.92,2.8,2.3,5.66,3.21,2.77,5.04,3.56,2.62,4.06,6.06,4.27
2579.9,27,5.63,1.31,4.79,5.0,1.91,2.79,4.91,2.77,2.29,5.66,3.19,2.75,5.04,3.53,2.6,4.04,6.05,4.25
2580.9,27,5.64,1.31,4.79,5.0,1.89,2.79,4.91,2.77,2.26,5.66,3.18,2.74,5.04,3.51,2.58,4.05,6.05,4.25
2581.9,27,5.64,1.3,4.76,5.01,1.88,2.76,4.91,2.75,2.26,5.66,3.17,2.72,5.02,3.49,2.54,4.04,6.05,4.26
2582.9,27,5.65,1.28,4.76,5.01,1.85,2.75,4.91,2.75,2.24,5.66,3.16,2.7,5.03,3.47,2.53,4.03,6.05,4.25
2583.92,27,5.65,1.26,4.74,4.99,1.84,2.74,4.92,2.73,2.23,5.66,3.14,2.68,5.03,3.44,2.51,4.03,6.05,4.24
2584.92,27,5.63,1.24,4.71,4.99,1.83,2.72,4.91,2.69,2.21,5.65,3.12,2.65,5.0,3.42,2.48,4.02,6.03,4.22
2585.92,27,5.63,1.23,4.7,4.99,1.83,2.72,4.9,2.69,2.2,5.66,3.1,2.63,5.02,3.4,2.47,4.01,6.04,4.23
2586.92,27,5.64,1.23,4.7,5.0,1.82,2.71,4.91,2.68,2.19,5.66,3.1,2.62,5.02,3.38,2.46,4.01,6.05,4.23
2587.92,27,5.64,1.2,4.69,5.0,1.82,2.7,4.91,2.64,2.18,5.66,3.1,2.6,5.02,3.37,2.46,4.01,6.04,4.22
2588.92,27,5.62,1.18,4.67,4.98,1.81,2.68,4.89,2.62,2.16,5.65,3.06,2.58,5.0,3.34,2.45,3.99,6.04,4.2
2589.92,27,5.63,1.17,4.64,4.99,1.81,2.68,4.91,2.6,2.15,5.65,3.06,2.56,5.0,3.33,2.47,3.99,6.04,4.2
2590.92,27,5.64,1.16,4.63,4.98,1.8,2.66,4.9,2.59,2.14,5.65,3.05,2.55,4.99,3.33,2.47,3.98,6.03,4.19
2591.92,27,5.62,1.15,4.62,4.98,1.79,2.66,4.9,2.57,2.12,5.64,3.03,2.53,4.99,3.3,2.48,3.99,6.04,4.2
2592.92,27,5.62,1.13,4.6,4.99,1.79,2.66,4.9,2.54,2.11,5.65,3.0,2.51,4.98,3.3,2.49,3.98,6.03,4.17
2593.93,27,5.62,1.12,4.59,4.99,1.78,2.64,4.9,2.52,2.09,5.64,2.98,2.49,4.97,3.3,2.5,3.98,6.02,4.16
2594.93,27,5.62,1.11,4.58,4.98,1.77,2.64,4.9,2.49,2.11,5.64,2.96,2.47,4.97,3.28,2.51,3.97,6.02,4.17
2595.93,27,5.62,1.1,4.56,4.98,1.76,2.62,4.9,2.48,2.08,5.64,2.94,2.45,4.96,3.28,2.53,3.95,6.02,4.15
2596.93,27,5.63,1.09,4.55,4.99,1.76,2.63,4.9,2.47,2.07,5.64,2.93,2.44,4.96,3.26,2.53,3.96,6.03,4.16
2597.93,27,5.62,1.09,4.53,4.98,1.75,2.61,4.9,2.45,2.07,5.63,2.91,2.41,4.96,3.28,2.52,3.95,6.02,4.15
2598.93,27,5.62,1.09,4.51,4.97,1.74,2.61,4.89,2.42,2.06,5.62,2.88,2.4,4.94,3.26,2.52,3.95,6.02,4.14
2599.93,27,5.62,1.08,4.5,4.97,1.73,2.62,4.91,2.42,2.05,5.63,2.88,2.38,4.95,3.26,2.51,3.95,6.03,4.14
2600.93,27,5.62,1.08,4.5,4.98,1.72,2.61,4.9,2.38,2.05,5.63,2.85,2.36,4.94,3.27,2.51,3.94,6.03,4.13
2601.93,27,5.62,1.06,4.48,4.97,1.71,2.6,4.9,2.37,2.04,5.62,2.83,2.34,4.94,3.27,2.49,3.92,6.02,4.11
2602.93,27,5.62,1.05,4.47,4.96,1.69,2.6,4.91,2.34,2.02,5.62,2.8,2.31,4.93,3.25,2.47,3.93,6.01,4.11
2603.95,27,5.6,1.05,4.45,4.95,1.68,2.59,4.9,2.33,2.02,5.62,2.79,2.29,4.92,3.25,2.46,3.92,6.01,4.1
2604.95,27,5.62,1.05,4.45,4.96,1.68,2.6,4.91,2.32,2.01,5.62,2.77,2.26,4.92,3.25,2.46,3.92,6.01,4.11
2605.95,27,5.62,1.05,4.43,4.96,1.67,2.58,4.9,2.3,2.01,5.62,2.75,2.23,4.92,3.25,2.43,3.92,6.01,4.09
2606.95,27,5.62,1.04,4.44,4.95,1.65,2.58,4.9,2.28,2.01,5.6,2.74,2.22,4.92,3.24,2.4,3.91,6.0,4.09
2607.95,27,5.6,1.04,4.42,4.95,1.65,2.58,4.89,2.27,2.01,5.59,2.71,2.2,4.91,3.24,2.38,3.9,6.0,4.07
2608.95,27,5.6,1.03,4.41,4.95,1.64,2.58,4.9,2.26,1.98,5.6,2.7,2.18,4.9,3.21,2.36,3.89,6.0,4.08
2609.95,27,5.62,1.04,4.41,4.96,1.64,2.57,4.91,2.24,2.0,5.59,2.68,2.15,4.9,3.22,2.35,3.89,6.0,4.07
2610.95,27,5.63,1.03,4.39,4.94,1.64,2.57,4.9,2.24,1.99,5.6,2.67,2.14,4.9,3.18,2.34,3.89,6.0,4.06
2611.97,27,5.62,1.03,4.4,4.94,1.63,2.58,4.89,2.23,1.99,5.58,2.64,2.12,4.89,3.16,2.31,3.87,6.0,4.05
2612.97,27,5.63,1.04,4.39,4.95,1.63,2.57,4.9,2.23,1.99,5.59,2.63,2.12,4.89,3.16,2.31,3.89,5.99,4.04
2613.97,27,5.63,1.04,4.38,4.95,1.63,2.57,4.9,2.22,1.98,5.59,2.62,2.12,4.88,3.15,2.29,3.88,5.99,4.05
2614.97,27,5.6,1.02,4.37,4.93,1.6,2.54,4.88,2.21,1.97,5.57,2.6,2.11,4.85,3.11,2.26,3.86,5.97,4.03
2615.97,27,5.62,1.03,4.36,4.93,1.62,2.55,4.9,2.21,1.97,5.58,2.6,2.11,4.88,3.1,2.26,3.86,5.98,4.03
2616.97,27,5.62,1.02,4.35,4.93,1.6,2.54,4.88,2.2,1.96,5.58,2.58,2.12,4.84,3.08,2.23,3.86,5.99,4.02
2617.97,27,5.62,1.01,4.33,4.92,1.6,2.54,4.87,2.19,1.96,5.56,2.57,2.11,4.84,3.05,2.23,3.84,5.97,4.01
2618.97,27,5.62,1.02,4.34,4.93,1.6,2.55,4.88,2.19,1.95,5.57,2.56,2.12,4.84,3.05,2.22,3.86,5.98,4.01
2619.98,27,5.62,1.01,4.32,4.92,1.59,2.54,4.85,2.17,1.94,5.56,2.54,2.13,4.83,3.01,2.2,3.82,5.97,4.01
2620.98,27,5.62,1.01,4.31,4.92,1.58,2.53,4.85,2.16,1.95,5.56,2.54,2.12,4.81,2.99,2.18,3.83,5.97,4.0
2621.98,27,5.63,1.01,4.3,4.9,1.6,2.53,4.87,2.18,1.93,5.55,2.53,2.14,4.81,2.99,2.18,3.82,5.97,3.99
2622.98,27,5.63,1.0,4.3,4.91,1.6,2.54,4.85,2.18,1.95,5.56,2.51,2.14,4.82,2.97,2.16,3.82,5.98,3.98
2623.98,27,5.63,1.01,4.29,4.91,1.59,2.53,4.85,2.16,1.94,5.56,2.51,2.15,4.8,2.96,2.14,3.81,5.98,3.98
2624.98,27,5.64,0.99,4.28,4.91,1.6,2.52,4.85,2.15,1.93,5.55,2.5,2.15,4.8,2.94,2.13,3.81,5.96,3.98
2626.0,27,5.64,1.0,4.27,4.89,1.59,2.53,4.87,2.15,1.94,5.55,2.49,2.15,4.81,2.94,2.11,3.82,5.97,3.97
2627.0,27,5.63,0.98,4.27,4.9,1.59,2.53,4.85,2.14,1.93,5.54,2.47,2.14,4.8,2.92,2.11,3.8,5.96,3.96
2628.0,27,5.63,0.99,4.26,4.89,1.58,2.51,4.84,2.14,1.92,5.53,2.47,2.14,4.79,2.92,2.09,3.79,5.96,3.97
2629.0,27,5.64,0.98,4.26,4.89,1.59,2.52,4.84,2.13,1.92,5.55,2.45,2.14,4.79,2.91,2.08,3.8,5.97,3.96
2630.0,27,5.63,0.98,4.24,4.87,1.58,2.51,4.84,2.11,1.92,5.54,2.44,2.14,4.79,2.91,2.06,3.79,5.96,3.95
2631.0,27,5.63,0.97,4.24,4.87,1.59,2.52,4.85,2.11,1.92,5.53,2.44,2.14,4.78,2.89,2.06,3.78,5.96,3.94
2632.0,27,5.63,0.97,4.23,4.87,1.59,2.5,4.85,2.1,1.91,5.54,2.43,2.14,4.76,2.89,2.05,3.78,5.97,3.95
2633.0,27,5.64,0.96,4.22,4.87,1.59,2.51,4.84,2.11,1.91,5.53,2.43,2.12,4.77,2.89,2.06,3.79,5.95,3.94
2634.0,27,5.63,0.95,4.21,4.85,1.58,2.48,4.83,2.09,1.91,5.53,2.42,2.12,4.76,2.87,2.04,3.77,5.95,3.93
2635.0,27,5.63,0.95,4.21,4.85,1.59,2.49,4.84,2.08,1.91,5.53,2.39,2.11,4.76,2.86,2.05,3.78,5.95,3.92
2636.02,27,5.62,0.95,4.2,4.84,1.58,2.49,4.83,2.08,1.91,5.51,2.39,2.11,4.76,2.86,2.05,3.77,5.93,3.92
2637.02,27,5.63,0.95,4.2,4.84,1.59,2.49,4.83,2.07,1.92,5.52,2.38,2.11,4.74,2.85,2.04,3.75,5.96,3.91
2638.02,27,5.63,0.95,4.19,4.83,1.57,2.48,4.82,2.06,1.91,5.51,2.37,2.1,4.74,2.84,2.03,3.75,5.93,3.89
2639.02,27,5.62,0.93,4.17,4.83,1.57,2.47,4.82,2.05,1.91,5.51,2.36,2.09,4.73,2.82,2.02,3.75,5.92,3.89
2640.02,27,5.62,0.93,4.16,4.83,1.56,2.48,4.82,2.05,1.9,5.5,2.34,2.07,4.72,2.8,2.01,3.73,5.92,3.88
2641.02,27,5.62,0.93,4.16,4.82,1.58,2.47,4.82,2.04,1.89,5.5,2.34,2.06,4.72,2.8,2.01,3.73,5.93,3.87
2642.02,27,5.62,0.92,4.15,4.82,1.56,2.47,4.81,2.04,1.89,5.49,2.34,2.06,4.71,2.79,2.0,3.73,5.93,3.88
2643.03,27,5.6,0.91,4.15,4.82,1.57,2.47,4.81,2.03,1.91,5.5,2.33,2.06,4.7,2.79,2.0,3.73,5.93,3.87
2644.05,27,5.6,0.91,4.13,4.81,1.55,2.46,4.8,2.03,1.89,5.48,2.33,2.05,4.69,2.76,1.97,3.71,5.91,3.85
2645.05,27,5.6,0.91,4.12,4.8,1.56,2.47,4.79,2.02,1.89,5.48,2.31,2.04,4.69,2.76,1.97,3.72,5.92,3.85
2646.05,27,5.62,0.9,4.13,4.81,1.56,2.46,4.8,2.03,1.89,5.48,2.31,2.05,4.69,2.76,1.96,3.71,5.92,3.85
2647.05,27,5.6,0.9,4.11,4.81,1.56,2.45,4.79,2.02,1.89,5.48,2.3,2.05,4.69,2.76,1.94,3.7,5.92,3.85
2648.05,27,5.63,0.9,4.1,4.8,1.57,2.46,4.79,2.02,1.9,5.48,2.29,2.06,4.69,2.75,1.93,3.71,5.92,3.84
2649.05,27,5.6,0.9,4.1,4.8,1.56,2.46,4.79,2.02,1.91,5.48,2.29,2.04,4.68,2.75,1.93,3.7,5.92,3.84
2650.05,27,5.62,0.89,4.09,4.79,1.56,2.46,4.79,2.01,1.91,5.47,2.28,2.04,4.66,2.74,1.91,3.7,5.92,3.83
2651.05,27,5.6,0.88,4.05,4.79,1.55,2.44,4.78,2.01,1.89,5.46,2.25,2.03,4.66,2.72,1.9,3.68,5.9,3.82
2652.05,27,5.6,0.88,4.07,4.78,1.55,2.45,4.78,2.01,1.89,5.46,2.26,2.02,4.66,2.73,1.9,3.69,5.91,3.82
2653.05,27,5.6,0.88,4.05,4.79,1.56,2.45,4.78,2.0,1.9,5.45,2.25,2.03,4.66,2.72,1.89,3.69,5.9,3.82
2654.05,27,5.59,0.88,4.04,4.78,1.55,2.43,4.78,1.98,1.89,5.45,2.24,2.02,4.64,2.72,1.88,3.67,5.9,3.81
2655.07,27,5.62,0.88,4.04,4.78,1.57,2.44,4.78,2.01,1.91,5.46,2.24,2.02,4.66,2.71,1.89,3.69,5.91,3.82
2656.07,27,5.59,0.88,4.01,4.75,1.55,2.42,4.76,1.99,1.89,5.45,2.22,2.02,4.62,2.69,1.87,3.66,5.89,3.79
2657.07,27,5.58,0.87,4.0,4.76,1.55,2.42,4.76,1.97,1.89,5.44,2.21,2.0,4.62,2.68,1.86,3.65,5.89,3.78
2658.07,27,5.58,0.86,3.99,4.76,1.55,2.42,4.76,1.98,1.9,5.44,2.22,2.01,4.63,2.67,1.85,3.66,5.89,3.78
2659.07,27,5.58,0.86,3.98,4.76,1.56,2.42,4.76,1.97,1.9,5.45,2.21,2.01,4.62,2.68,1.85,3.64,5.9,3.78
2660.08,27,5.58,0.86,3.96,4.75,1.55,2.41,4.75,1.97,1.89,5.43,2.2,1.99,4.61,2.66,1.84,3.65,5.89,3.77
2661.08,27,5.58,0.85,3.96,4.74,1.55,2.4,4.75,1.97,1.9,5.43,2.19,1.99,4.61,2.65,1.84,3.64,5.89,3.77
2662.08,27,5.58,0.85,3.95,4.74,1.55,2.41,4.75,1.95,1.9,5.43,2.19,1.99,4.61,2.63,1.83,3.64,5.88,3.75
2663.1,27,5.56,0.85,3.92,4.73,1.55,2.39,4.74,1.94,1.88,5.42,2.16,1.97,4.59,2.61,1.82,3.62,5.88,3.75
2664.1,27,5.58,0.85,3.92,4.74,1.55,2.4,4.75,1.95,1.89,5.43,2.17,1.98,4.6,2.63,1.82,3.63,5.89,3.74
2665.1,27,5.57,0.85,3.92,4.73,1.55,2.41,4.74,1.93,1.88,5.42,2.17,1.97,4.58,2.61,1.82,3.63,5.88,3.75
2666.1,27,5.57,0.84,3.9,4.72,1.55,2.39,4.74,1.94,1.91,5.4,2.15,1.96,4.58,2.6,1.81,3.62,5.88,3.74
2667.1,27,5.57,0.84,3.89,4.73,1.55,2.4,4.74,1.93,1.91,5.4,2.16,1.95,4.57,2.6,1.8,3.62,5.88,3.75
2668.1,27,5.56,0.83,3.88,4.7,1.54,2.39,4.72,1.92,1.88,5.39,2.15,1.95,4.56,2.6,1.79,3.59,5.87,3.72
2669.1,27,5.56,0.83,3.87,4.7,1.55,2.39,4.73,1.92,1.88,5.4,2.14,1.95,4.56,2.59,1.79,3.6,5.88,3.73
2670.1,27,5.55,0.83,3.85,4.7,1.54,2.38,4.72,1.92,1.89,5.39,2.13,1.93,4.54,2.57,1.77,3.6,5.86,3.72
2671.12,27,5.56,0.83,3.84,4.7,1.54,2.37,4.72,1.91,1.89,5.39,2.12,1.93,4.54,2.57,1.78,3.59,5.86,3.72
2672.12,27,5.56,0.83,3.84,4.72,1.55,2.38,4.73,1.91,1.9,5.39,2.13,1.94,4.56,2.58,1.77,3.6,5.87,3.71
2673.12,27,5.55,0.82,3.83,4.7,1.53,2.36,4.71,1.91,1.87,5.37,2.12,1.92,4.53,2.56,1.77,3.58,5.87,3.7
2674.12,27,5.55,0.83,3.81,4.7,1.54,2.37,4.71,1.91,1.89,5.38,2.11,1.92,4.53,2.55,1.76,3.58,5.85,3.7
2675.12,27,5.56,0.82,3.79,4.69,1.54,2.37,4.72,1.91,1.88,5.39,2.12,1.92,4.53,2.55,1.76,3.59,5.86,3.71
2676.12,27,5.56,0.82,3.79,4.69,1.53,2.37,4.72,1.91,1.88,5.37,2.11,1.91,4.53,2.56,1.75,3.58,5.86,3.7
2677.12,27,5.55,0.82,3.77,4.68,1.53,2.37,4.71,1.89,1.88,5.38,2.11,1.91,4.51,2.55,1.75,3.56,5.85,3.69
2678.12,27,5.54,0.82,3.76,4.68,1.53,2.37,4.7,1.91,1.89,5.37,2.11,1.91,4.51,2.54,1.74,3.57,5.86,3.67
2679.13,27,5.54,0.82,3.76,4.68,1.53,2.38,4.7,1.91,1.88,5.37,2.11,1.91,4.51,2.54,1.75,3.56,5.85,3.68
2680.13,27,5.55,0.82,3.74,4.68,1.53,2.37,4.7,1.91,1.89,5.37,2.11,1.91,4.52,2.54,1.74,3.56,5.86,3.69
2681.13,27,5.54,0.82,3.73,4.66,1.52,2.36,4.7,1.91,1.88,5.36,2.1,1.9,4.5,2.53,1.73,3.53,5.85,3.67
2682.15,27,5.52,0.8,3.71,4.66,1.52,2.35,4.68,1.89,1.89,5.34,2.09,1.88,4.48,2.51,1.72,3.53,5.84,3.66
2683.15,27,5.53,0.82,3.7,4.66,1.52,2.37,4.69,1.91,1.89,5.35,2.1,1.9,4.49,2.52,1.73,3.53,5.84,3.66
2684.15,27,5.54,0.8,3.67,4.65,1.52,2.36,4.69,1.9,1.89,5.35,2.1,1.88,4.47,2.5,1.73,3.52,5.83,3.65
2685.17,27,5.55,0.82,3.68,4.65,1.53,2.37,4.7,1.91,1.89,5.36,2.1,1.89,4.47,2.51,1.73,3.53,5.85,3.65
2686.17,27,5.53,0.81,3.65,4.65,1.52,2.35,4.68,1.9,1.88,5.35,2.08,1.87,4.47,2.49,1.72,3.52,5.84,3.65
2687.17,27,5.53,0.81,3.64,4.65,1.52,2.36,4.68,1.9,1.89,5.36,2.08,1.88,4.46,2.49,1.72,3.52,5.84,3.64
2688.17,27,5.52,0.8,3.63,4.64,1.52,2.36,4.67,1.91,1.89,5.34,2.08,1.87,4.45,2.48,1.72,3.51,5.83,3.63
2689.17,27,5.53,0.81,3.62,4.63,1.52,2.34,4.67,1.89,1.89,5.35,2.08,1.87,4.46,2.48,1.72,3.52,5.84,3.64
2690.17,27,5.52,0.8,3.6,4.63,1.52,2.34,4.67,1.9,1.88,5.33,2.08,1.87,4.45,2.47,1.72,3.51,5.83,3.63
2691.17,27,5.53,0.8,3.6,4.64,1.54,2.36,4.68,1.9,1.89,5.34,2.08,1.88,4.45,2.47,1.72,3.5,5.83,3.64
2692.18,27,5.52,0.8,3.58,4.63,1.53,2.35,4.67,1.89,1.89,5.34,2.08,1.85,4.44,2.47,1.7,3.5,5.83,3.62
2693.18,27,5.5,0.79,3.56,4.61,1.51,2.34,4.65,1.88,1.87,5.33,2.07,1.85,4.42,2.46,1.7,3.48,5.82,3.61
2694.18,27,5.52,0.79,3.56,4.63,1.52,2.35,4.66,1.89,1.88,5.33,2.07,1.86,4.43,2.46,1.7,3.49,5.82,3.62
2695.18,27,5.51,0.81,3.53,4.63,1.52,2.35,4.67,1.89,1.89,5.34,2.08,1.86,4.43,2.46,1.71,3.47,5.82,3.61
2696.18,27,5.5,0.8,3.52,4.61,1.51,2.34,4.66,1.88,1.87,5.33,2.07,1.85,4.42,2.44,1.7,3.47,5.82,3.6
2697.18,27,5.52,0.8,3.51,4.62,1.53,2.35,4.67,1.89,1.9,5.33,2.08,1.86,4.43,2.46,1.71,3.47,5.83,3.6
2698.18,27,5.51,0.8,3.5,4.62,1.52,2.34,4.65,1.89,1.88,5.33,2.08,1.85,4.43,2.46,1.69,3.48,5.82,3.6
2699.18,27,5.5,0.79,3.48,4.61,1.52,2.34,4.65,1.87,1.88,5.32,2.07,1.85,4.41,2.44,1.69,3.46,5.81,3.59
2700.18,27,5.5,0.79,3.45,4.6,1.5,2.33,4.64,1.87,1.88,5.31,2.07,1.84,4.39,2.44,1.68,3.45,5.81,3.58
2701.18,27,5.49,0.79,3.45,4.59,1.51,2.34,4.64,1.88,1.89,5.32,2.08,1.83,4.39,2.43,1.67,3.44,5.81,3.58
2702.2,27,5.5,0.79,3.44,4.59,1.52,2.34,4.64,1.87,1.89,5.32,2.07,1.83,4.39,2.43,1.69,3.44,5.81,3.58
2703.2,27,5.49,0.79,3.41,4.59,1.51,2.33,4.64,1.87,1.88,5.32,2.07,1.83,4.39,2.43,1.67,3.43,5.79,3.57
2704.2,27,5.49,0.78,3.4,4.59,1.52,2.34,4.64,1.87,1.87,5.31,2.06,1.83,4.39,2.43,1.68,3.44,5.8,3.57
2705.2,27,5.49,0.79,3.39,4.58,1.52,2.34,4.63,1.88,1.89,5.31,2.07,1.83,4.38,2.43,1.67,3.43,5.81,3.57
2706.2,27,5.47,0.78,3.38,4.57,1.51,2.34,4.62,1.86,1.88,5.29,2.06,1.82,4.37,2.42,1.67,3.42,5.8,3.55
2707.22,27,5.49,0.8,3.36,4.57,1.5,2.33,4.62,1.87,1.88,5.3,2.06,1.82,4.38,2.41,1.67,3.42,5.8,3.55
2708.22,27,5.49,0.8,3.36,4.56,1.51,2.34,4.62,1.86,1.89,5.3,2.06,1.81,4.37,2.41,1.66,3.41,5.8,3.54
2709.22,27,5.47,0.78,3.34,4.55,1.51,2.34,4.62,1.87,1.88,5.3,2.06,1.82,4.37,2.41,1.68,3.4,5.79,3.55
2710.22,27,5.48,0.81,3.34,4.55,1.52,2.34,4.63,1.88,1.89,5.29,2.06,1.82,4.36,2.41,1.67,3.41,5.79,3.55
2711.22,27,5.47,0.79,3.32,4.55,1.51,2.34,4.61,1.87,1.89,5.29,2.06,1.81,4.35,2.41,1.67,3.41,5.77,3.53
2712.22,27,5.47,0.79,3.29,4.53,1.5,2.33,4.59,1.86,1.87,5.28,2.05,1.81,4.34,2.4,1.66,3.38,5.77,3.52
2713.22,27,5.47,0.79,3.29,4.53,1.51,2.34,4.61,1.86,1.89,5.28,2.06,1.8,4.36,2.39,1.67,3.38,5.77,3.52
2714.22,27,5.45,0.79,3.27,4.52,1.5,2.32,4.6,1.86,1.86,5.28,2.06,1.79,4.33,2.39,1.66,3.38,5.76,3.5
2715.22,27,5.45,0.78,3.26,4.51,1.51,2.33,4.6,1.86,1.87,5.27,2.05,1.8,4.32,2.38,1.66,3.38,5.77,3.5
2716.22,27,5.47,0.78,3.24,4.5,1.51,2.34,4.59,1.86,1.88,5.28,2.05,1.81,4.33,2.4,1.66,3.37,5.77,3.51
2717.22,27,5.45,0.79,3.23,4.5,1.5,2.34,4.6,1.86,1.89,5.26,2.04,1.8,4.33,2.39,1.66,3.35,5.76,3.5
2718.22,27,5.46,0.79,3.21,4.5,1.5,2.33,4.59,1.86,1.87,5.26,2.04,1.79,4.33,2.38,1.66,3.35,5.76,3.49
2719.22,27,5.45,0.78,3.21,4.48,1.5,2.33,4.57,1.86,1.87,5.26,2.04,1.79,4.32,2.38,1.65,3.35,5.76,3.48
2720.22,27,5.45,0.78,3.18,4.48,1.5,2.32,4.58,1.86,1.87,5.25,2.05,1.79,4.32,2.36,1.66,3.33,5.76,3.48
2721.22,27,5.44,0.77,3.17,4.47,1.5,2.32,4.58,1.85,1.88,5.25,2.03,1.78,4.3,2.37,1.64,3.33,5.75,3.46
2722.22,27,5.44,0.79,3.16,4.46,1.51,2.33,4.57,1.84,1.87,5.26,2.04,1.78,4.31,2.37,1.65,3.33,5.74,3.45
2723.22,27,5.43,0.78,3.14,4.46,1.5,2.33,4.57,1.85,1.87,5.25,2.04,1.77,4.3,2.38,1.64,3.33,5.74,3.46
2724.22,27,5.44,0.78,3.14,4.45,1.5,2.33,4.58,1.85,1.88,5.24,2.05,1.78,4.3,2.37,1.65,3.33,5.75,3.45
2725.22,27,5.42,0.78,3.12,4.44,1.51,2.33,4.56,1.85,1.89,5.24,2.04,1.78,4.29,2.36,1.64,3.32,5.74,3.44
2726.22,27,5.42,0.77,3.1,4.43,1.49,2.31,4.55,1.84,1.86,5.24,2.03,1.76,4.28,2.36,1.63,3.31,5.74,3.42
2727.22,27,5.42,0.78,3.1,4.41,1.5,2.31,4.55,1.84,1.89,5.22,2.04,1.78,4.28,2.37,1.64,3.31,5.74,3.42
2728.22,27,5.42,0.79,3.1,4.42,1.51,2.33,4.56,1.85,1.89,5.23,2.04,1.78,4.28,2.37,1.64,3.3,5.73,3.43
2729.22,27,5.42,0.78,3.08,4.41,1.5,2.33,4.55,1.84,1.87,5.23,2.03,1.78,4.27,2.36,1.64,3.3,5.73,3.41
2730.23,27,5.39,0.78,3.06,4.4,1.5,2.32,4.55,1.84,1.86,5.21,2.03,1.77,4.26,2.35,1.64,3.29,5.73,3.41
2731.23,27,5.4,0.77,3.04,4.39,1.51,2.32,4.54,1.84,1.88,5.22,2.03,1.76,4.26,2.35,1.64,3.28,5.73,3.4
2732.23,27,5.39,0.77,3.04,4.37,1.49,2.32,4.53,1.83,1.86,5.21,2.01,1.76,4.25,2.34,1.64,3.27,5.71,3.39
2733.23,27,5.39,0.77,3.03,4.39,1.51,2.33,4.54,1.85,1.88,5.22,2.03,1.78,4.25,2.35,1.64,3.27,5.72,3.4
2734.25,27,5.38,0.76,3.0,4.36,1.48,2.31,4.52,1.82,1.86,5.19,2.02,1.76,4.23,2.34,1.63,3.26,5.71,3.37
2735.25,27,5.36,0.88,3.79,4.33,1.52,2.57,4.53,1.82,2.24,5.2,2.01,2.11,4.22,2.34,1.86,3.24,5.7,3.45
2736.25,27,5.44,1.38,4.51,4.46,1.93,3.09,4.6,1.88,2.89,5.26,2.19,2.82,4.3,2.49,2.44,3.3,5.72,3.62
2737.27,27,5.5,1.76,4.95,4.62,2.41,3.45,4.67,2.34,3.33,5.34,2.65,3.29,4.41,2.91,2.89,3.38,5.79,3.71
2738.27,27,5.55,2.02,5.17,4.72,2.74,3.69,4.7,2.85,3.58,5.39,3.1,3.55,4.49,3.29,3.15,3.44,5.83,3.75
2739.27,27,5.58,2.19,5.31,4.76,2.94,3.82,4.72,3.2,3.7,5.42,3.39,3.68,4.53,3.57,3.32,3.47,5.84,3.79
2740.27,27,5.59,2.29,5.4,4.8,3.07,3.95,4.72,3.39,3.79,5.42,3.59,3.78,4.55,3.76,3.42,3.49,5.85,3.8
2741.27,27,5.59,2.38,5.47,4.81,3.14,4.04,4.73,3.52,3.85,5.42,3.73,3.85,4.55,3.9,3.52,3.49,5.85,3.82
2742.27,27,5.57,2.44,5.52,4.82,3.21,4.11,4.72,3.6,3.86,5.42,3.82,3.91,4.55,3.96,3.57,3.47,5.83,3.82
2743.27,27,5.55,2.48,5.54,4.82,3.24,4.15,4.72,3.64,3.88,5.39,3.88,3.94,4.54,4.02,3.62,3.46,5.82,3.82
2744.28,27,5.55,2.53,5.54,4.81,3.28,4.17,4.71,3.69,3.88,5.39,3.95,3.95,4.53,4.07,3.64,3.45,5.81,3.79
2745.28,27,5.53,2.54,5.54,4.79,3.27,4.2,4.69,3.71,3.87,5.36,3.98,3.96,4.52,4.09,3.65,3.43,5.79,3.77
2746.28,27,5.52,2.55,5.55,4.78,3.28,4.21,4.69,3.74,3.87,5.36,4.02,3.96,4.5,4.11,3.66,3.41,5.79,3.76
2747.28,27,5.51,2.56,5.54,4.76,3.25,4.22,4.68,3.74,3.87,5.34,4.03,3.96,4.5,4.11,3.65,3.38,5.76,3.74
2748.28,27,5.51,2.57,5.55,4.75,3.25,4.23,4.68,3.74,3.85,5.34,4.05,3.97,4.48,4.12,3.67,3.37,5.76,3.73
2749.28,27,5.49,2.55,5.53,4.74,3.22,4.22,4.66,3.71,3.83,5.33,4.04,3.94,4.45,4.1,3.64,3.34,5.74,3.71
2750.28,27,5.47,2.53,5.52,4.72,3.19,4.2,4.64,3.68,3.79,5.31,4.03,3.92,4.43,4.08,3.64,3.32,5.72,3.69
2751.28,27,5.47,2.54,5.5,4.73,3.18,4.18,4.65,3.65,3.76,5.3,4.04,3.91,4.42,4.06,3.64,3.31,5.73,3.68
2752.28,27,5.46,2.51,5.48,4.7,3.14,4.15,4.63,3.64,3.71,5.28,4.02,3.86,4.39,4.05,3.61,3.29,5.71,3.64
2753.28,27,5.45,2.49,5.46,4.7,3.12,4.13,4.63,3.61,3.67,5.28,4.01,3.83,4.39,4.03,3.58,3.27,5.71,3.63
2754.3,27,5.42,2.45,5.4,4.65,3.08,4.09,4.6,3.57,3.63,5.25,3.98,3.78,4.36,4.0,3.54,3.25,5.68,3.59
2755.3,27,5.4,2.43,5.38,4.63,3.03,4.04,4.58,3.55,3.58,5.25,3.96,3.75,4.33,3.97,3.51,3.21,5.67,3.57
2756.3,27,5.4,2.4,5.35,4.61,2.99,4.03,4.58,3.52,3.55,5.23,3.93,3.72,4.32,3.94,3.49,3.19,5.66,3.54
2757.3,27,5.38,2.35,5.33,4.59,2.95,3.98,4.56,3.49,3.49,5.22,3.9,3.68,4.29,3.9,3.44,3.17,5.66,3.52
2758.3,27,5.37,2.31,5.3,4.57,2.9,3.95,4.55,3.45,3.47,5.21,3.87,3.65,4.27,3.87,3.41,3.16,5.64,3.5
2759.3,27,5.37,2.28,5.28,4.55,2.87,3.92,4.54,3.4,3.44,5.19,3.84,3.63,4.26,3.83,3.38,3.14,5.63,3.46
2760.3,27,5.35,2.23,5.27,4.52,2.81,3.89,4.54,3.36,3.4,5.19,3.81,3.58,4.22,3.8,3.34,3.11,5.63,3.45
2761.32,27,5.34,2.19,5.24,4.51,2.76,3.85,4.51,3.32,3.36,5.17,3.77,3.55,4.2,3.77,3.33,3.1,5.62,3.42
2762.32,27,5.31,2.13,5.21,4.48,2.71,3.81,4.49,3.26,3.31,5.15,3.72,3.51,4.17,3.72,3.29,3.07,5.6,3.39
2763.32,27,5.31,2.1,5.19,4.47,2.65,3.76,4.48,3.22,3.27,5.14,3.7,3.47,4.15,3.69,3.26,3.05,5.6,3.38
2764.32,27,5.32,2.05,5.16,4.46,2.6,3.71,4.48,3.17,3.23,5.13,3.66,3.43,4.12,3.64,3.21,3.05,5.59,3.34
2765.32,27,5.3,2.0,5.13,4.44,2.56,3.66,4.46,3.13,3.17,5.11,3.62,3.39,4.11,3.62,3.18,3.03,5.58,3.33
2766.33,27,5.28,1.94,5.1,4.43,2.5,3.63,4.44,3.1,3.11,5.12,3.57,3.35,4.06,3.58,3.13,3.01,5.55,3.3
2767.33,27,5.29,1.91,5.11,4.43,2.47,3.59,4.44,3.08,3.09,5.11,3.54,3.31,4.08,3.55,3.11,3.0,5.57,3.29
2768.33,27,5.28,1.88,5.08,4.43,2.41,3.53,4.43,3.04,3.03,5.1,3.5,3.27,4.06,3.51,3.08,2.99,5.55,3.27
2769.35,27,5.27,1.82,5.05,4.42,2.35,3.47,4.42,3.0,2.97,5.08,3.47,3.22,4.05,3.48,3.04,2.98,5.56,3.25
2770.35,27,5.25,1.79,5.02,4.41,2.31,3.41,4.4,2.96,2.91,5.07,3.43,3.17,4.03,3.44,3.01,2.96,5.54,3.21
2771.35,27,5.24,1.74,4.99,4.39,2.24,3.36,4.4,2.92,2.87,5.05,3.39,3.12,4.02,3.41,2.97,2.95,5.54,3.21
2772.35,27,5.24,1.71,4.97,4.38,2.2,3.3,4.39,2.91,2.82,5.04,3.35,3.09,4.01,3.38,2.92,2.93,5.52,3.18
2773.35,27,5.23,1.68,4.95,4.37,2.15,3.24,4.37,2.89,2.75,5.04,3.32,3.05,4.01,3.35,2.9,2.94,5.53,3.17
2774.35,27,5.21,1.63,4.91,4.33,2.1,3.19,4.36,2.84,2.72,5.03,3.28,3.0,3.98,3.32,2.85,2.91,5.51,3.15
2775.35,27,5.21,1.61,4.9,4.34,2.05,3.14,4.36,2.82,2.68,5.03,3.25,2.98,3.97,3.3,2.81,2.91,5.52,3.14
2776.35,27,5.2,1.56,4.87,4.31,2.0,3.08,4.35,2.78,2.62,5.01,3.22,2.93,3.96,3.26,2.78,2.9,5.51,3.13
2777.35,27,5.2,1.55,4.84,4.29,1.95,3.03,4.35,2.76,2.58,5.01,3.18,2.9,3.95,3.24,2.75,2.89,5.5,3.12
2778.35,27,5.16,1.5,4.8,4.28,1.9,2.98,4.33,2.72,2.52,4.99,3.13,2.85,3.92,3.2,2.7,2.86,5.5,3.1
2779.35,27,5.16,1.48,4.78,4.26,1.87,2.94,4.34,2.7,2.47,4.99,3.12,2.83,3.93,3.19,2.68,2.88,5.5,3.11
2780.35,27,5.15,1.44,4.74,4.23,1.82,2.89,4.3,2.65,2.42,4.97,3.08,2.76,3.9,3.15,2.62,2.84,5.49,3.08
2781.35,27,5.15,1.42,4.71,4.21,1.78,2.87,4.31,2.62,2.39,4.97,3.05,2.74,3.88,3.13,2.6,2.84,5.49,3.08
2782.35,27,5.13,1.39,4.69,4.19,1.73,2.83,4.3,2.6,2.34,4.94,3.02,2.7,3.88,3.1,2.55,2.82,5.48,3.06
2783.35,27,5.12,1.35,4.67,4.18,1.72,2.81,4.29,2.56,2.3,4.95,2.97,2.66,3.85,3.1,2.52,2.82,5.48,3.06
2784.35,27,5.11,1.32,4.62,4.16,1.67,2.77,4.27,2.53,2.25,4.93,2.94,2.62,3.84,3.07,2.47,2.82,5.46,3.04
2785.37,27,5.1,1.3,4.6,4.15,1.64,2.77,4.27,2.51,2.23,4.91,2.91,2.6,3.83,3.05,2.46,2.81,5.48,3.03
2786.37,27,5.11,1.27,4.59,4.14,1.63,2.76,4.26,2.48,2.2,4.91,2.89,2.58,3.82,3.03,2.42,2.81,5.48,3.03
2787.37,27,5.09,1.23,4.55,4.12,1.62,2.75,4.26,2.46,2.16,4.9,2.85,2.53,3.8,3.02,2.38,2.79,5.47,3.02
2788.38,27,5.09,1.21,4.52,4.11,1.62,2.74,4.24,2.44,2.14,4.88,2.83,2.51,3.79,2.98,2.34,2.78,5.47,3.01
2789.38,27,5.07,1.18,4.49,4.1,1.62,2.72,4.23,2.42,2.11,4.87,2.79,2.48,3.78,2.97,2.32,2.78,5.46,3.01
2790.38,27,5.07,1.15,4.47,4.09,1.62,2.7,4.22,2.4,2.11,4.83,2.75,2.46,3.76,2.95,2.28,2.77,5.46,3.0
2791.38,27,5.04,1.1,4.43,4.08,1.61,2.67,4.2,2.38,2.08,4.82,2.73,2.42,3.74,2.91,2.23,2.75,5.46,2.98
2792.38,27,5.04,1.09,4.4,4.06,1.62,2.65,4.2,2.36,2.07,4.81,2.7,2.4,3.73,2.91,2.23,2.75,5.45,2.97
2793.38,27,5.04,1.06,4.38,4.07,1.64,2.64,4.19,2.35,2.06,4.8,2.69,2.36,3.71,2.89,2.19,2.75,5.45,2.98
2794.38,27,5.01,1.02,4.34,4.06,1.63,2.62,4.17,2.33,2.03,4.78,2.66,2.33,3.7,2.87,2.14,2.72,5.44,2.96
2795.4,27,5.01,1.02,4.31,4.05,1.64,2.6,4.17,2.32,2.03,4.77,2.63,2.32,3.69,2.86,2.13,2.74,5.46,2.94
2796.4,27,5.0,1.0,4.3,4.04,1.64,2.59,4.17,2.3,2.03,4.77,2.61,2.28,3.69,2.85,2.11,2.73,5.47,2.94
2797.4,27,5.0,0.96,4.27,4.03,1.64,2.56,4.16,2.28,2.02,4.74,2.59,2.25,3.68,2.84,2.09,2.73,5.46,2.94
2798.4,27,4.98,0.95,4.24,4.02,1.63,2.54,4.15,2.24,2.01,4.72,2.56,2.23,3.66,2.8,2.05,2.71,5.44,2.92
2799.4,27,4.96,0.92,4.19,4.01,1.62,2.51,4.14,2.22,1.99,4.7,2.53,2.19,3.65,2.77,2.03,2.71,5.44,2.92
2800.4,27,4.95,0.9,4.18,4.0,1.6,2.51,4.13,2.19,2.0,4.68,2.49,2.17,3.64,2.77,2.01,2.7,5.45,2.92
2801.4,27,4.93,0.88,4.15,3.97,1.6,2.47,4.11,2.15,1.97,4.65,2.47,2.13,3.62,2.73,1.98,2.68,5.44,2.91
2802.4,27,4.92,0.87,4.13,3.96,1.59,2.47,4.11,2.14,1.98,4.64,2.45,2.11,3.6,2.73,1.96,2.69,5.45,2.91
2803.42,27,4.9,0.86,4.09,3.93,1.57,2.44,4.1,2.11,1.95,4.61,2.41,2.07,3.59,2.7,1.93,2.68,5.43,2.89
2804.42,27,4.91,0.86,4.09,3.93,1.57,2.46,4.1,2.07,1.96,4.6,2.41,2.05,3.58,2.69,1.92,2.67,5.43,2.89
2805.42,27,4.88,0.84,4.05,3.91,1.56,2.42,4.09,2.03,1.95,4.57,2.38,2.02,3.57,2.67,1.91,2.67,5.44,2.87
2806.42,27,4.88,0.84,4.04,3.88,1.55,2.43,4.09,2.02,1.95,4.55,2.34,2.0,3.54,2.64,1.88,2.66,5.44,2.88
2807.42,27,4.85,0.83,4.02,3.87,1.55,2.42,4.08,2.0,1.94,4.55,2.34,1.98,3.53,2.63,1.86,2.65,5.44,2.87
2808.42,27,4.85,0.84,4.0,3.85,1.55,2.41,4.09,1.98,1.94,4.53,2.32,1.96,3.51,2.61,1.84,2.65,5.44,2.86
2809.42,27,4.83,0.83,3.98,3.82,1.54,2.4,4.08,1.94,1.93,4.5,2.29,1.93,3.49,2.59,1.82,2.63,5.43,2.87
2810.43,27,4.8,0.82,3.96,3.79,1.53,2.4,4.07,1.92,1.93,4.48,2.28,1.91,3.46,2.57,1.82,2.63,5.42,2.83
2811.43,27,4.8,0.81,3.95,3.78,1.54,2.4,4.07,1.93,1.93,4.46,2.27,1.91,3.45,2.56,1.8,2.62,5.44,2.85
2812.43,27,4.8,0.82,3.95,3.76,1.55,2.4,4.08,1.92,1.94,4.45,2.26,1.91,3.44,2.56,1.8,2.63,5.45,2.85
2813.43,27,4.78,0.82,3.9,3.72,1.52,2.39,4.06,1.91,1.91,4.42,2.23,1.88,3.41,2.53,1.77,2.6,5.43,2.83
2814.43,27,4.76,0.82,3.9,3.71,1.53,2.39,4.07,1.9,1.93,4.39,2.23,1.88,3.39,2.52,1.75,2.6,5.43,2.83
2815.43,27,4.75,0.82,3.87,3.7,1.52,2.38,4.06,1.91,1.93,4.38,2.23,1.87,3.35,2.51,1.75,2.6,5.42,2.82
2816.43,27,4.73,0.82,3.85,3.67,1.52,2.38,4.06,1.9,1.91,4.36,2.22,1.86,3.33,2.49,1.74,2.58,5.42,2.81
2817.43,27,4.73,0.82,3.84,3.65,1.53,2.39,4.07,1.91,1.92,4.36,2.21,1.86,3.33,2.49,1.75,2.6,5.43,2.82
2818.43,27,4.72,0.82,3.81,3.64,1.52,2.37,4.06,1.91,1.91,4.34,2.19,1.84,3.29,2.47,1.73,2.59,5.43,2.8
2819.43,27,4.71,0.82,3.81,3.61,1.52,2.36,4.07,1.9,1.92,4.31,2.18,1.84,3.28,2.47,1.72,2.58,5.42,2.79
2820.43,27,4.71,0.83,3.8,3.62,1.53,2.39,4.06,1.9,1.92,4.31,2.19,1.84,3.26,2.47,1.72,2.58,5.43,2.79
2821.45,27,4.67,0.82,3.75,3.57,1.51,2.37,4.05,1.89,1.91,4.27,2.16,1.83,3.21,2.44,1.71,2.56,5.4,2.76
2822.45,27,4.67,0.83,3.74,3.56,1.52,2.37,4.06,1.88,1.91,4.26,2.15,1.82,3.19,2.44,1.71,2.55,5.4,2.77
2823.45,27,4.66,0.82,3.73,3.54,1.51,2.36,4.04,1.87,1.9,4.24,2.16,1.82,3.17,2.43,1.71,2.55,5.42,2.75
2824.45,27,4.65,0.83,3.7,3.51,1.51,2.36,4.05,1.88,1.9,4.23,2.14,1.81,3.13,2.42,1.72,2.55,5.4,2.75
2825.45,27,4.64,0.82,3.69,3.51,1.51,2.36,4.04,1.87,1.9,4.21,2.13,1.8,3.11,2.41,1.71,2.54,5.4,2.75
2826.45,27,4.62,0.83,3.68,3.49,1.51,2.36,4.04,1.86,1.89,4.19,2.13,1.8,3.09,2.4,1.71,2.54,5.39,2.75
2827.45,27,4.62,0.83,3.66,3.48,1.5,2.36,4.04,1.86,1.89,4.17,2.12,1.79,3.06,2.4,1.72,2.54,5.4,2.74
2828.45,27,4.59,0.82,3.64,3.46,1.5,2.35,4.04,1.84,1.89,4.16,2.11,1.78,3.03,2.39,1.72,2.52,5.38,2.74
2829.45,27,4.59,0.82,3.62,3.44,1.51,2.34,4.03,1.84,1.88,4.14,2.11,1.78,3.01,2.38,1.72,2.52,5.39,2.71
2830.45,27,4.59,0.83,3.61,3.42,1.5,2.35,4.02,1.84,1.9,4.12,2.11,1.77,2.99,2.38,1.73,2.52,5.4,2.72
2831.45,27,4.55,0.82,3.59,3.4,1.49,2.34,4.02,1.82,1.88,4.11,2.09,1.76,2.96,2.36,1.72,2.51,5.37,2.69
2832.47,27,4.54,0.82,3.57,3.41,1.49,2.35,4.03,1.83,1.89,4.09,2.1,1.76,2.95,2.36,1.72,2.5,5.39,2.7
2833.47,27,4.53,0.82,3.56,3.39,1.48,2.34,4.02,1.83,1.87,4.07,2.08,1.74,2.93,2.35,1.73,2.5,5.37,2.69
2834.47,27,4.51,0.82,3.54,3.37,1.49,2.34,4.02,1.82,1.88,4.04,2.08,1.74,2.91,2.35,1.73,2.49,5.38,2.68
2835.47,27,4.5,0.81,3.52,3.36,1.48,2.34,4.02,1.81,1.87,4.02,2.07,1.74,2.89,2.34,1.73,2.48,5.37,2.67
2836.47,27,4.49,0.82,3.52,3.35,1.5,2.34,4.03,1.82,1.88,4.01,2.07,1.73,2.87,2.34,1.74,2.49,5.38,2.67
2837.47,27,4.47,0.79,3.49,3.33,1.5,2.33,4.02,1.79,1.88,3.98,2.05,1.72,2.85,2.34,1.72,2.47,5.38,2.66
2838.47,27,4.46,0.81,3.48,3.32,1.49,2.33,4.03,1.8,1.88,3.97,2.06,1.73,2.85,2.34,1.72,2.47,5.38,2.66
2839.47,27,4.47,0.8,3.47,3.31,1.49,2.33,4.02,1.8,1.87,3.94,2.03,1.72,2.83,2.34,1.72,2.47,5.38,2.65
2840.47,27,4.44,0.8,3.44,3.3,1.49,2.32,4.02,1.79,1.87,3.93,2.03,1.72,2.81,2.34,1.71,2.46,5.37,2.64
2841.48,27,4.44,0.79,3.43,3.29,1.5,2.33,4.04,1.79,1.89,3.91,2.02,1.73,2.8,2.35,1.7,2.48,5.38,2.63
2842.48,27,4.41,0.78,3.41,3.26,1.48,2.32,4.02,1.78,1.87,3.87,2.01,1.72,2.76,2.34,1.69,2.47,5.36,2.63
2843.48,27,4.4,0.78,3.4,3.25,1.48,2.31,4.03,1.78,1.85,3.86,2.01,1.71,2.76,2.34,1.67,2.46,5.36,2.61
2844.48,27,4.4,0.78,3.38,3.23,1.48,2.32,4.03,1.78,1.86,3.85,2.0,1.71,2.76,2.35,1.68,2.45,5.37,2.61
2845.48,27,4.38,0.78,3.38,3.22,1.48,2.32,4.02,1.78,1.87,3.83,2.0,1.71,2.74,2.35,1.67,2.45,5.36,2.6
2846.48,27,4.37,0.79,3.36,3.18,1.48,2.31,4.02,1.78,1.87,3.8,1.99,1.71,2.73,2.36,1.66,2.44,5.35,2.6
2847.48,27,4.36,0.78,3.34,3.17,1.48,2.32,4.02,1.79,1.87,3.8,1.99,1.7,2.71,2.35,1.65,2.43,5.35,2.6
2848.48,27,4.35,0.79,3.33,3.16,1.49,2.33,4.02,1.79,1.87,3.79,1.98,1.71,2.71,2.37,1.65,2.45,5.35,2.59
2849.48,27,4.34,0.78,3.33,3.15,1.48,2.31,4.01,1.79,1.86,3.78,1.97,1.71,2.68,2.36,1.64,2.43,5.35,2.59
2850.48,27,4.31,0.77,3.31,3.1,1.47,2.3,4.02,1.79,1.85,3.75,1.96,1.7,2.67,2.36,1.64,2.41,5.34,2.57
2851.48,27,4.3,0.77,3.31,3.09,1.48,2.31,4.01,1.79,1.86,3.74,1.95,1.69,2.66,2.37,1.64,2.42,5.34,2.57
2852.5,27,4.3,0.79,3.32,3.07,1.49,2.32,4.01,1.8,1.87,3.75,1.97,1.71,2.67,2.37,1.64,2.43,5.35,2.56
2853.5,27,4.29,0.77,3.28,3.05,1.48,2.31,4.01,1.79,1.85,3.74,1.96,1.7,2.66,2.36,1.64,2.4,5.33,2.56
2854.5,27,4.27,0.78,3.27,3.03,1.48,2.3,4.0,1.79,1.86,3.73,1.95,1.69,2.64,2.37,1.64,2.4,5.33,2.56
2855.5,27,4.26,0.77,3.26,2.99,1.48,2.29,4.0,1.79,1.86,3.72,1.95,1.7,2.66,2.36,1.63,2.39,5.33,2.55
2856.5,27,4.25,0.76,3.25,2.97,1.48,2.31,3.99,1.79,1.86,3.71,1.95,1.7,2.65,2.36,1.63,2.38,5.33,2.53
2857.5,27,4.22,0.77,3.24,2.92,1.47,2.3,4.0,1.78,1.86,3.72,1.94,1.69,2.67,2.35,1.62,2.38,5.32,2.52
2858.5,27,4.22,0.77,3.23,2.89,1.47,2.31,3.99,1.79,1.86,3.72,1.94,1.71,2.68,2.36,1.63,2.37,5.33,2.52
2859.5,27,4.21,0.78,3.24,2.87,1.47,2.32,4.0,1.79,1.86,3.73,1.95,1.7,2.71,2.36,1.64,2.38,5.33,2.52
2860.5,27,4.2,0.76,3.23,2.83,1.47,2.3,3.98,1.79,1.87,3.73,1.94,1.7,2.72,2.37,1.63,2.36,5.32,2.49
2861.52,27,4.2,0.77,3.21,2.8,1.47,2.31,3.99,1.79,1.87,3.74,1.95,1.7,2.75,2.36,1.64,2.36,5.33,2.48
2862.52,27,4.18,0.75,3.19,2.75,1.47,2.3,3.97,1.77,1.85,3.72,1.93,1.7,2.75,2.35,1.64,2.35,5.31,2.48
2863.52,27,4.17,0.75,3.19,2.74,1.47,2.31,3.95,1.77,1.86,3.73,1.94,1.69,2.76,2.34,1.64,2.35,5.31,2.47
2864.52,27,4.17,0.75,3.19,2.7,1.47,2.31,3.95,1.77,1.86,3.73,1.94,1.69,2.77,2.34,1.64,2.35,5.32,2.47
2865.52,27,4.17,0.76,3.17,2.66,1.47,2.3,3.95,1.77,1.85,3.74,1.94,1.7,2.79,2.34,1.64,2.34,5.31,2.46
2866.52,27,4.16,0.75,3.17,2.64,1.47,2.31,3.93,1.76,1.86,3.73,1.94,1.68,2.79,2.34,1.63,2.34,5.29,2.46
2867.52,27,4.15,0.75,3.17,2.6,1.47,2.3,3.92,1.76,1.85,3.73,1.94,1.69,2.79,2.34,1.62,2.33,5.3,2.45
2868.52,27,4.15,0.75,3.17,2.58,1.47,2.3,3.92,1.77,1.86,3.74,1.95,1.7,2.79,2.34,1.62,2.33,5.31,2.46
2869.53,27,4.15,0.76,3.16,2.56,1.47,2.3,3.91,1.76,1.85,3.74,1.95,1.69,2.78,2.34,1.63,2.33,5.3,2.44
2870.53,27,4.13,0.76,3.14,2.53,1.47,2.3,3.91,1.75,1.86,3.73,1.94,1.68,2.76,2.33,1.62,2.32,5.28,2.43
2871.53,27,4.14,0.76,3.15,2.51,1.46,2.29,3.91,1.76,1.86,3.72,1.95,1.69,2.75,2.33,1.61,2.32,5.3,2.43
2872.53,27,4.13,0.76,3.14,2.49,1.47,2.31,3.9,1.76,1.86,3.73,1.95,1.68,2.74,2.33,1.6,2.32,5.3,2.42
2873.53,27,4.12,0.75,3.36,2.5,1.46,2.35,3.89,1.76,1.9,3.7,1.94,1.73,2.71,2.31,1.6,2.3,5.29,2.4
2874.53,27,4.14,1.0,4.02,2.6,1.61,2.71,3.98,1.77,2.34,3.82,1.97,2.31,2.73,2.32,1.97,2.33,5.29,2.6
2875.53,27,4.37,1.34,4.41,3.07,2.0,3.01,4.13,1.9,2.73,4.15,2.2,2.73,2.96,2.45,2.33,2.45,5.31,2.74
2876.53,27,4.61,1.56,4.65,3.43,2.31,3.21,4.22,2.28,2.98,4.39,2.58,2.98,3.2,2.75,2.6,2.56,5.36,2.84
2877.53,27,4.76,1.68,4.79,3.64,2.5,3.35,4.26,2.62,3.13,4.55,2.88,3.11,3.37,3.0,2.75,2.62,5.4,2.89
2878.53,27,4.87,1.77,4.88,3.76,2.6,3.43,4.27,2.85,3.2,4.64,3.07,3.2,3.48,3.17,2.86,2.65,5.4,2.91
2879.55,27,4.94,1.82,4.94,3.86,2.67,3.48,4.29,2.98,3.25,4.71,3.2,3.23,3.57,3.32,2.93,2.69,5.4,2.92
2880.55,27,4.99,1.87,4.98,3.91,2.71,3.53,4.29,3.04,3.28,4.75,3.3,3.27,3.61,3.38,2.97,2.68,5.42,2.95
2881.55,27,5.02,1.89,5.0,3.95,2.72,3.56,4.27,3.08,3.3,4.78,3.34,3.29,3.62,3.41,2.99,2.67,5.4,2.95
2882.55,27,5.03,1.9,4.99,3.97,2.73,3.58,4.26,3.1,3.28,4.78,3.36,3.28,3.64,3.43,3.02,2.65,5.39,2.94
2883.55,27,5.05,1.91,5.01,3.99,2.73,3.6,4.27,3.1,3.28,4.81,3.4,3.3,3.64,3.45,3.05,2.65,5.39,2.95
2884.55,27,5.06,1.91,5.01,3.99,2.72,3.61,4.26,3.1,3.28,4.8,3.42,3.29,3.64,3.46,3.04,2.63,5.38,2.94
2885.55,27,5.05,1.91,4.99,3.98,2.7,3.61,4.23,3.1,3.26,4.8,3.42,3.27,3.64,3.46,3.04,2.6,5.37,2.92
2886.55,27,5.04,1.91,4.99,3.99,2.69,3.59,4.22,3.09,3.23,4.79,3.41,3.26,3.63,3.45,3.02,2.6,5.36,2.91
2887.55,27,5.05,1.91,4.98,3.98,2.67,3.58,4.21,3.08,3.2,4.79,3.42,3.26,3.62,3.45,3.01,2.57,5.35,2.89
2888.55,27,5.04,1.89,4.95,3.96,2.65,3.57,4.18,3.07,3.18,4.79,3.42,3.23,3.61,3.44,3.0,2.56,5.33,2.86
2889.55,27,5.03,1.87,4.93,3.96,2.6,3.55,4.16,3.06,3.14,4.77,3.41,3.2,3.61,3.42,2.98,2.53,5.33,2.86
2890.55,27,5.03,1.85,4.91,3.96,2.58,3.52,4.16,3.03,3.11,4.77,3.4,3.17,3.58,3.41,2.96,2.51,5.33,2.83
2891.55,27,5.01,1.83,4.9,3.95,2.54,3.49,4.16,3.0,3.09,4.76,3.39,3.13,3.58,3.39,2.93,2.49,5.32,2.82
2892.57,27,5.01,1.81,4.88,3.94,2.49,3.46,4.14,2.96,3.03,4.74,3.37,3.1,3.56,3.36,2.91,2.48,5.3,2.79
2893.57,27,5.0,1.77,4.83,3.91,2.47,3.42,4.13,2.93,2.98,4.73,3.35,3.05,3.55,3.33,2.88,2.46,5.29,2.76
2894.57,27,4.99,1.74,4.81,3.91,2.43,3.38,4.1,2.9,2.94,4.73,3.34,3.02,3.54,3.31,2.85,2.45,5.28,2.75
2895.57,27,4.97,1.71,4.78,3.88,2.39,3.35,4.1,2.85,2.9,4.71,3.32,2.98,3.52,3.26,2.81,2.43,5.27,2.72
2896.57,27,4.94,1.66,4.74,3.85,2.33,3.29,4.06,2.81,2.84,4.69,3.28,2.94,3.49,3.23,2.75,2.39,5.25,2.67
2897.57,27,4.94,1.63,4.72,3.84,2.3,3.26,4.06,2.78,2.79,4.69,3.24,2.91,3.48,3.19,2.74,2.38,5.25,2.67
2898.57,27,4.93,1.6,4.68,3.82,2.26,3.22,4.03,2.74,2.74,4.66,3.21,2.88,3.46,3.16,2.7,2.35,5.24,2.64
2899.57,27,4.91,1.55,4.66,3.8,2.22,3.17,4.02,2.69,2.69,4.64,3.18,2.82,3.43,3.11,2.65,2.34,5.23,2.61
2900.57,27,4.9,1.5,4.64,3.77,2.17,3.13,4.01,2.66,2.64,4.64,3.14,2.8,3.41,3.1,2.63,2.32,5.22,2.6
2901.58,27,4.89,1.46,4.61,3.75,2.11,3.07,3.99,2.6,2.59,4.62,3.1,2.75,3.36,3.05,2.58,2.31,5.22,2.58
2902.58,27,4.88,1.42,4.58,3.72,2.08,3.03,3.97,2.57,2.54,4.61,3.07,2.72,3.35,3.02,2.55,2.28,5.21,2.56
2903.58,27,4.87,1.36,4.54,3.7,2.02,2.97,3.95,2.52,2.48,4.58,3.02,2.68,3.33,2.98,2.5,2.26,5.2,2.53
2904.58,27,4.83,1.32,4.51,3.68,1.98,2.91,3.94,2.49,2.45,4.57,2.98,2.63,3.31,2.96,2.47,2.26,5.19,2.52
2905.58,27,4.83,1.28,4.49,3.67,1.91,2.88,3.93,2.47,2.41,4.57,2.94,2.6,3.28,2.93,2.44,2.25,5.17,2.51
2906.58,27,4.82,1.23,4.46,3.65,1.86,2.81,3.92,2.42,2.35,4.55,2.9,2.55,3.27,2.91,2.4,2.23,5.17,2.49
2907.58,27,4.79,1.17,4.42,3.64,1.81,2.75,3.89,2.38,2.3,4.52,2.85,2.51,3.21,2.88,2.35,2.22,5.16,2.45
2908.58,27,4.79,1.14,4.4,3.63,1.76,2.72,3.89,2.35,2.27,4.52,2.82,2.47,3.21,2.85,2.33,2.21,5.16,2.44
2909.58,27,4.77,1.09,4.36,3.61,1.72,2.68,3.88,2.33,2.23,4.49,2.77,2.44,3.19,2.83,2.28,2.19,5.15,2.41
2910.58,27,4.76,1.05,4.34,3.6,1.67,2.64,3.85,2.3,2.17,4.49,2.73,2.38,3.16,2.8,2.25,2.17,5.14,2.39
2911.58,27,4.75,1.0,4.3,3.57,1.63,2.61,3.83,2.26,2.13,4.48,2.7,2.34,3.15,2.77,2.22,2.17,5.13,2.35
2912.58,27,4.73,0.95,4.28,3.56,1.6,2.6,3.81,2.24,2.1,4.46,2.64,2.29,3.13,2.75,2.17,2.15,5.12,2.35
2913.58,27,4.72,0.93,4.25,3.55,1.58,2.59,3.8,2.21,2.06,4.45,2.6,2.25,3.11,2.73,2.13,2.13,5.12,2.32
2914.58,27,4.72,0.9,4.23,3.54,1.58,2.58,3.79,2.19,2.04,4.44,2.58,2.23,3.1,2.73,2.11,2.13,5.11,2.32
2915.6,27,4.7,0.86,4.19,3.52,1.55,2.56,3.76,2.16,2.0,4.43,2.54,2.17,3.1,2.69,2.07,2.11,5.1,2.28
2916.6,27,4.68,0.86,4.17,3.5,1.55,2.56,3.75,2.15,2.0,4.41,2.49,2.14,3.07,2.67,2.03,2.11,5.11,2.27
2917.6,27,4.67,0.84,4.13,3.48,1.55,2.53,3.72,2.13,1.97,4.39,2.47,2.11,3.06,2.64,2.02,2.1,5.09,2.25
2918.6,27,4.65,0.82,4.1,3.46,1.55,2.52,3.69,2.11,1.96,4.37,2.44,2.06,3.04,2.62,1.99,2.08,5.08,2.23
2919.6,27,4.64,0.83,4.07,3.43,1.55,2.51,3.68,2.11,1.95,4.35,2.41,2.04,3.02,2.61,1.96,2.08,5.08,2.23
2920.6,27,4.64,0.84,4.04,3.42,1.56,2.49,3.67,2.11,1.95,4.34,2.39,2.02,3.02,2.59,1.93,2.07,5.08,2.24
2921.6,27,4.62,0.84,4.02,3.38,1.57,2.47,3.64,2.11,1.94,4.34,2.38,2.0,3.0,2.57,1.91,2.06,5.08,2.23
2922.6,27,4.59,0.83,3.95,3.34,1.57,2.46,3.63,2.09,1.92,4.29,2.34,1.95,2.97,2.53,1.87,2.04,5.05,2.21
2923.6,27,4.58,0.83,3.94,3.33,1.58,2.44,3.61,2.09,1.93,4.28,2.34,1.94,2.95,2.54,1.86,2.03,5.06,2.21
2924.6,27,4.58,0.84,3.91,3.3,1.59,2.43,3.59,2.08,1.93,4.27,2.34,1.92,2.93,2.52,1.84,2.04,5.05,2.21
2925.6,27,4.57,0.84,3.87,3.27,1.57,2.42,3.57,2.07,1.91,4.24,2.33,1.9,2.91,2.5,1.81,2.01,5.05,2.2
2926.6,27,4.55,0.83,3.83,3.23,1.58,2.41,3.56,2.05,1.91,4.24,2.34,1.88,2.91,2.49,1.81,2.02,5.05,2.2
2927.6,27,4.53,0.83,3.81,3.21,1.57,2.39,3.54,2.04,1.91,4.21,2.33,1.86,2.88,2.48,1.76,2.0,5.04,2.19
2928.62,27,4.51,0.83,3.77,3.16,1.56,2.38,3.52,2.01,1.89,4.19,2.3,1.83,2.86,2.47,1.74,1.99,5.05,2.18
2929.62,27,4.5,0.82,3.73,3.13,1.56,2.37,3.5,1.99,1.91,4.16,2.29,1.82,2.83,2.45,1.72,1.97,5.03,2.16
2930.62,27,4.49,0.82,3.71,3.1,1.55,2.36,3.48,1.96,1.9,4.14,2.29,1.81,2.82,2.44,1.72,1.97,5.03,2.17
2931.62,27,4.47,0.82,3.68,3.06,1.55,2.36,3.47,1.94,1.89,4.13,2.28,1.81,2.78,2.44,1.7,1.95,5.03,2.15
2932.62,27,4.46,0.81,3.64,3.02,1.55,2.35,3.45,1.91,1.88,4.1,2.27,1.79,2.76,2.43,1.68,1.93,5.02,2.13
2933.62,27,4.44,0.82,3.62,2.99,1.55,2.35,3.43,1.91,1.89,4.08,2.25,1.78,2.74,2.42,1.67,1.93,5.02,2.14
2934.62,27,4.43,0.82,3.61,2.96,1.53,2.35,3.42,1.9,1.9,4.07,2.24,1.79,2.72,2.42,1.66,1.91,5.02,2.14
2935.62,27,4.41,0.79,3.57,2.92,1.52,2.34,3.4,1.86,1.87,4.04,2.23,1.77,2.69,2.4,1.64,1.9,5.01,2.12
2936.62,27,4.4,0.79,3.55,2.91,1.53,2.35,3.38,1.86,1.89,4.03,2.23,1.77,2.68,2.41,1.64,1.89,5.02,2.13
2937.62,27,4.38,0.79,3.53,2.88,1.53,2.34,3.37,1.84,1.89,4.0,2.2,1.77,2.65,2.4,1.63,1.88,5.01,2.12
2938.63,27,4.36,0.79,3.51,2.85,1.52,2.34,3.35,1.82,1.88,3.98,2.18,1.76,2.64,2.39,1.62,1.87,5.01,2.11
2939.63,27,4.34,0.78,3.49,2.82,1.52,2.34,3.35,1.82,1.88,3.95,2.16,1.76,2.6,2.39,1.62,1.85,5.02,2.11
2940.63,27,4.32,0.78,3.47,2.8,1.5,2.34,3.33,1.81,1.89,3.94,2.15,1.76,2.6,2.38,1.6,1.84,5.0,2.11
2941.63,27,4.31,0.76,3.45,2.77,1.5,2.33,3.32,1.8,1.88,3.93,2.13,1.74,2.59,2.37,1.6,1.83,5.01,2.1
2942.63,27,4.3,0.77,3.43,2.75,1.5,2.33,3.32,1.81,1.88,3.9,2.12,1.74,2.57,2.37,1.6,1.82,5.01,2.1
2943.63,27,4.27,0.77,3.4,2.73,1.48,2.33,3.29,1.79,1.87,3.88,2.1,1.73,2.54,2.36,1.59,1.8,5.01,2.08
2944.63,27,4.26,0.77,3.4,2.71,1.5,2.34,3.29,1.81,1.89,3.86,2.09,1.73,2.54,2.36,1.6,1.8,5.01,2.1
2945.63,27,4.25,0.77,3.38,2.7,1.49,2.34,3.29,1.8,1.87,3.83,2.08,1.73,2.53,2.37,1.59,1.79,5.01,2.08
2946.63,27,4.24,0.76,3.37,2.68,1.5,2.35,3.27,1.79,1.89,3.83,2.08,1.74,2.52,2.37,1.59,1.78,5.02,2.09
2947.65,27,4.23,0.75,3.34,2.65,1.48,2.34,3.25,1.78,1.88,3.8,2.05,1.73,2.5,2.34,1.59,1.75,5.0,2.09
2948.65,27,4.2,0.75,3.33,2.62,1.48,2.34,3.23,1.78,1.87,3.75,2.04,1.72,2.47,2.34,1.58,1.73,4.99,2.08
2949.65,27,4.19,0.76,3.29,2.61,1.48,2.34,3.23,1.78,1.88,3.75,2.04,1.72,2.47,2.34,1.61,1.73,4.99,2.07
2950.65,27,4.17,0.76,3.29,2.6,1.49,2.34,3.21,1.77,1.89,3.72,2.03,1.72,2.46,2.34,1.61,1.71,5.0,2.07
2951.65,27,4.16,0.76,3.28,2.58,1.48,2.35,3.21,1.78,1.87,3.72,2.02,1.72,2.45,2.33,1.63,1.71,4.99,2.07
2952.65,27,4.16,0.77,3.28,2.56,1.49,2.35,3.2,1.78,1.89,3.7,2.03,1.71,2.45,2.34,1.64,1.7,5.0,2.06
2953.65,27,4.14,0.76,3.26,2.54,1.5,2.34,3.19,1.78,1.89,3.69,2.02,1.72,2.43,2.33,1.65,1.69,5.0,2.07
2954.65,27,4.1,0.76,3.23,2.51,1.49,2.34,3.18,1.77,1.89,3.66,2.01,1.71,2.41,2.31,1.67,1.68,5.0,2.05
2955.65,27,4.09,0.76,3.22,2.5,1.5,2.35,3.17,1.77,1.89,3.65,2.01,1.71,2.4,2.31,1.67,1.66,4.99,2.05
2956.65,27,4.08,0.75,3.2,2.47,1.5,2.35,3.16,1.76,1.9,3.63,1.99,1.71,2.4,2.3,1.68,1.64,5.0,2.03
2957.65,27,4.06,0.75,3.18,2.45,1.49,2.36,3.15,1.77,1.9,3.62,1.99,1.71,2.38,2.3,1.68,1.63,4.99,2.04
2958.65,27,4.05,0.76,3.17,2.44,1.5,2.35,3.16,1.78,1.91,3.6,1.99,1.72,2.38,2.29,1.69,1.64,4.99,2.04
2959.65,27,4.03,0.75,3.14,2.41,1.5,2.36,3.15,1.77,1.89,3.57,1.98,1.72,2.35,2.28,1.69,1.62,4.99,2.02
2960.67,27,4.0,0.75,3.12,2.39,1.49,2.36,3.15,1.77,1.89,3.56,1.98,1.72,2.35,2.28,1.68,1.61,4.99,2.04
2961.67,27,4.0,0.76,3.11,2.34,1.49,2.36,3.15,1.77,1.89,3.54,1.97,1.72,2.34,2.27,1.69,1.59,4.99,2.03
2962.67,27,3.97,0.75,3.1,2.34,1.5,2.37,3.15,1.77,1.91,3.53,1.96,1.71,2.34,2.27,1.67,1.59,4.99,2.03
2963.67,27,3.97,0.76,3.09,2.32,1.48,2.35,3.14,1.77,1.89,3.51,1.96,1.72,2.33,2.27,1.67,1.57,4.98,2.02
2964.67,27,3.94,0.75,3.07,2.28,1.49,2.34,3.14,1.77,1.9,3.48,1.95,1.72,2.31,2.27,1.65,1.58,4.98,2.01
2965.67,27,3.93,0.76,3.04,2.27,1.49,2.36,3.14,1.76,1.89,3.46,1.96,1.72,2.3,2.26,1.65,1.57,4.99,2.01
2966.67,27,3.91,0.77,3.02,2.25,1.49,2.36,3.14,1.77,1.89,3.45,1.95,1.72,2.29,2.27,1.65,1.56,5.0,2.01
2967.67,27,3.89,0.77,3.01,2.22,1.48,2.35,3.14,1.77,1.9,3.43,1.94,1.72,2.29,2.26,1.63,1.56,4.98,2.01
2968.67,27,3.87,0.77,2.99,2.19,1.48,2.36,3.14,1.77,1.88,3.4,1.94,1.72,2.28,2.26,1.63,1.55,4.98,2.01
2969.67,27,3.85,0.75,2.99,2.17,1.48,2.34,3.13,1.77,1.87,3.37,1.93,1.71,2.27,2.26,1.62,1.55,4.98,2.01
2970.67,27,3.81,0.86,3.55,2.15,1.51,2.49,3.15,1.76,2.1,3.35,1.93,1.98,2.26,2.26,1.73,1.53,4.97,2.06
2971.67,27,3.9,1.13,3.99,2.33,1.8,2.76,3.39,1.78,2.42,3.52,2.01,2.35,2.4,2.36,2.04,1.65,4.97,2.23
2972.67,27,4.15,1.34,4.24,2.74,2.06,2.93,3.6,2.01,2.64,3.81,2.27,2.6,2.68,2.6,2.28,1.87,5.01,2.34
2973.67,27,4.36,1.47,4.39,3.02,2.23,3.06,3.72,2.32,2.76,4.02,2.56,2.74,2.9,2.84,2.43,2.02,5.05,2.4
2974.68,27,4.51,1.52,4.47,3.21,2.33,3.1,3.81,2.55,2.82,4.16,2.75,2.78,3.03,3.02,2.53,2.13,5.08,2.43
2975.68,27,4.6,1.55,4.54,3.33,2.36,3.14,3.86,2.68,2.87,4.25,2.89,2.82,3.11,3.12,2.59,2.2,5.1,2.45
2976.68,27,4.66,1.57,4.55,3.4,2.38,3.17,3.88,2.74,2.87,4.31,2.97,2.85,3.16,3.19,2.62,2.23,5.1,2.47
2977.68,27,4.69,1.55,4.57,3.45,2.36,3.17,3.88,2.75,2.86,4.35,3.01,2.83,3.16,3.2,2.63,2.23,5.1,2.47
2978.68,27,4.72,1.56,4.56,3.48,2.35,3.17,3.9,2.75,2.84,4.37,3.04,2.83,3.2,3.21,2.65,2.25,5.1,2.47
2979.68,27,4.72,1.55,4.57,3.49,2.35,3.18,3.9,2.74,2.83,4.39,3.05,2.82,3.22,3.21,2.65,2.24,5.09,2.46
2980.68,27,4.73,1.54,4.55,3.5,2.33,3.16,3.88,2.71,2.79,4.39,3.05,2.79,3.2,3.18,2.63,2.23,5.08,2.45
2981.68,27,4.73,1.52,4.55,3.51,2.3,3.16,3.89,2.7,2.78,4.41,3.04,2.78,3.2,3.16,2.61,2.23,5.09,2.44
2982.68,27,4.72,1.47,4.52,3.5,2.24,3.13,3.86,2.66,2.75,4.39,3.01,2.74,3.17,3.12,2.6,2.18,5.06,2.4
2983.68,27,4.71,1.45,4.5,3.49,2.22,3.1,3.84,2.62,2.71,4.39,2.98,2.71,3.15,3.09,2.56,2.16,5.05,2.37
2984.68,27,4.7,1.41,4.47,3.48,2.17,3.08,3.83,2.59,2.66,4.37,2.95,2.68,3.12,3.04,2.55,2.14,5.03,2.36
2985.7,27,4.71,1.39,4.46,3.47,2.14,3.07,3.83,2.57,2.65,4.39,2.95,2.68,3.14,3.02,2.54,2.14,5.05,2.35
2986.7,27,4.69,1.36,4.43,3.47,2.1,3.04,3.81,2.53,2.6,4.37,2.91,2.63,3.11,2.97,2.5,2.11,5.03,2.33
2987.7,27,4.68,1.33,4.41,3.44,2.06,2.99,3.78,2.48,2.58,4.36,2.9,2.6,3.1,2.93,2.47,2.11,5.02,2.31
2988.7,27,4.67,1.29,4.38,3.44,2.01,2.98,3.77,2.45,2.54,4.35,2.86,2.56,3.09,2.9,2.46,2.1,5.02,2.29
2989.7,27,4.66,1.25,4.36,3.43,1.98,2.92,3.74,2.4,2.5,4.34,2.82,2.52,3.08,2.86,2.41,2.07,5.0,2.27
2990.7,27,4.65,1.21,4.34,3.42,1.92,2.9,3.73,2.36,2.46,4.32,2.78,2.48,3.07,2.83,2.37,2.05,4.99,2.24
2991.7,27,4.64,1.19,4.31,3.4,1.88,2.86,3.72,2.33,2.42,4.31,2.75,2.45,3.06,2.79,2.35,2.04,4.98,2.22
2992.7,27,4.64,1.16,4.29,3.4,1.85,2.83,3.72,2.29,2.38,4.31,2.72,2.42,3.03,2.76,2.32,2.02,4.98,2.21
2993.7,27,4.63,1.13,4.27,3.38,1.81,2.78,3.7,2.25,2.33,4.29,2.69,2.36,3.03,2.74,2.27,2.01,4.98,2.19
2994.72,27,4.61,1.1,4.23,3.37,1.76,2.75,3.67,2.23,2.28,4.28,2.63,2.34,3.0,2.72,2.24,2.0,4.96,2.16
2995.72,27,4.58,1.07,4.21,3.33,1.71,2.69,3.66,2.17,2.23,4.27,2.6,2.29,2.98,2.67,2.2,1.97,4.95,2.13
2996.72,27,4.56,1.02,4.17,3.33,1.66,2.64,3.64,2.13,2.19,4.25,2.56,2.24,2.94,2.64,2.15,1.94,4.93,2.11
2997.72,27,4.56,1.02,4.15,3.32,1.64,2.61,3.64,2.11,2.14,4.24,2.53,2.21,2.92,2.64,2.13,1.93,4.93,2.11
2998.72,27,4.54,0.97,4.12,3.29,1.6,2.57,3.63,2.08,2.1,4.22,2.49,2.18,2.91,2.6,2.08,1.93,4.92,2.07
2999.72,27,4.54,0.95,4.1,3.27,1.58,2.53,3.61,2.06,2.06,4.21,2.47,2.14,2.9,2.6,2.05,1.91,4.92,2.07
3000.72,27,4.51,0.93,4.06,3.25,1.55,2.48,3.59,2.03,2.03,4.2,2.44,2.1,2.87,2.57,2.01,1.91,4.9,2.04
3001.72,27,4.51,0.91,4.03,3.23,1.54,2.46,3.58,2.01,2.01,4.19,2.4,2.06,2.85,2.55,1.99,1.89,4.89,2.04
3002.72,27,4.5,0.88,3.99,3.19,1.52,2.43,3.56,1.99,1.97,4.17,2.36,2.01,2.84,2.53,1.94,1.88,4.9,2.02
3003.72,27,4.48,0.88,3.96,3.17,1.5,2.42,3.55,1.97,1.95,4.15,2.33,1.99,2.81,2.51,1.91,1.87,4.88,2.01
3004.72,27,4.47,0.86,3.93,3.15,1.5,2.42,3.53,1.94,1.95,4.14,2.3,1.96,2.8,2.49,1.88,1.87,4.89,2.01
3005.72,27,4.44,0.83,3.89,3.12,1.48,2.4,3.49,1.91,1.91,4.12,2.26,1.91,2.76,2.46,1.84,1.84,4.85,1.97
3006.72,27,4.44,0.83,3.86,3.11,1.49,2.43,3.49,1.91,1.91,4.12,2.24,1.9,2.77,2.46,1.83,1.83,4.87,1.97
3007.73,27,4.43,0.83,3.83,3.1,1.48,2.42,3.48,1.9,1.91,4.11,2.22,1.87,2.75,2.44,1.81,1.84,4.87,1.96
3008.73,27,4.41,0.82,3.78,3.06,1.48,2.41,3.45,1.88,1.91,4.09,2.18,1.85,2.74,2.41,1.77,1.82,4.84,1.94
3009.73,27,4.39,0.81,3.75,3.05,1.49,2.41,3.43,1.88,1.91,4.08,2.17,1.84,2.73,2.39,1.75,1.82,4.84,1.93
3010.73,27,4.39,0.82,3.72,3.04,1.49,2.4,3.42,1.88,1.92,4.09,2.15,1.83,2.73,2.39,1.73,1.82,4.85,1.93
3011.73,27,4.37,0.81,3.67,3.01,1.47,2.38,3.4,1.87,1.9,4.06,2.12,1.82,2.71,2.37,1.72,1.8,4.82,1.91
3012.73,27,4.36,0.8,3.64,2.98,1.48,2.38,3.39,1.87,1.91,4.05,2.1,1.81,2.69,2.35,1.7,1.79,4.84,1.9
3013.73,27,4.35,0.79,3.6,2.96,1.49,2.37,3.36,1.87,1.88,4.03,2.08,1.79,2.67,2.34,1.7,1.78,4.82,1.89
3014.75,27,4.33,0.79,3.57,2.94,1.49,2.37,3.34,1.87,1.89,4.01,2.07,1.78,2.65,2.32,1.66,1.78,4.81,1.88
3015.75,27,4.33,0.79,3.53,2.93,1.5,2.34,3.33,1.87,1.88,4.01,2.06,1.77,2.64,2.31,1.66,1.77,4.8,1.87
3016.75,27,4.3,0.78,3.49,2.9,1.49,2.35,3.31,1.87,1.88,3.99,2.05,1.76,2.63,2.3,1.65,1.75,4.8,1.86
3017.75,27,4.31,0.78,3.46,2.9,1.52,2.36,3.3,1.89,1.89,3.99,2.03,1.76,2.62,2.31,1.65,1.77,4.81,1.87
3018.75,27,4.29,0.77,3.43,2.87,1.51,2.35,3.29,1.88,1.88,3.98,2.03,1.75,2.6,2.3,1.64,1.76,4.8,1.86
3019.75,27,4.28,0.78,3.4,2.84,1.52,2.35,3.29,1.9,1.89,3.96,2.05,1.74,2.6,2.3,1.64,1.76,4.8,1.86
3020.75,27,4.27,0.78,3.36,2.81,1.53,2.34,3.26,1.89,1.87,3.95,2.05,1.73,2.6,2.28,1.64,1.75,4.8,1.86
3021.75,27,4.25,0.76,3.33,2.78,1.52,2.34,3.23,1.87,1.87,3.92,2.04,1.72,2.56,2.27,1.62,1.74,4.78,1.85
3022.75,27,4.24,0.76,3.3,2.75,1.52,2.33,3.23,1.88,1.86,3.91,2.03,1.73,2.56,2.28,1.62,1.73,4.78,1.85
3023.75,27,4.23,0.76,3.29,2.74,1.52,2.34,3.22,1.87,1.88,3.88,2.05,1.72,2.53,2.28,1.61,1.74,4.79,1.85
3024.75,27,4.2,0.75,3.23,2.69,1.51,2.33,3.19,1.85,1.86,3.86,2.04,1.71,2.53,2.26,1.6,1.72,4.77,1.83
3025.77,27,4.19,0.75,3.22,2.66,1.49,2.32,3.17,1.84,1.85,3.84,2.04,1.71,2.5,2.27,1.59,1.71,4.77,1.83
3026.77,27,4.18,0.75,3.19,2.64,1.5,2.32,3.16,1.83,1.86,3.83,2.04,1.7,2.49,2.26,1.58,1.72,4.78,1.82
3027.77,27,4.15,0.75,3.17,2.6,1.5,2.31,3.15,1.82,1.85,3.79,2.05,1.7,2.48,2.26,1.58,1.72,4.77,1.82
3028.77,27,4.13,0.74,3.12,2.54,1.48,2.3,3.12,1.8,1.83,3.76,2.03,1.7,2.46,2.26,1.56,1.7,4.75,1.82
3029.77,27,4.12,0.74,3.13,2.54,1.49,2.33,3.11,1.81,1.85,3.74,2.03,1.7,2.45,2.27,1.56,1.7,4.77,1.82
3030.78,27,4.1,0.75,3.1,2.48,1.48,2.3,3.1,1.8,1.84,3.71,2.03,1.7,2.44,2.24,1.56,1.7,4.76,1.81
3031.78,27,4.09,0.74,3.09,2.47,1.49,2.3,3.1,1.78,1.85,3.7,2.01,1.7,2.41,2.25,1.55,1.7,4.77,1.81
3032.78,27,4.06,0.73,3.05,2.43,1.47,2.29,3.09,1.76,1.84,3.66,2.01,1.69,2.39,2.25,1.55,1.68,4.76,1.8
3033.78,27,4.06,0.74,3.05,2.4,1.47,2.3,3.08,1.77,1.84,3.64,2.01,1.69,2.38,2.26,1.55,1.68,4.76,1.8
3034.78,27,4.03,0.72,3.02,2.38,1.47,2.3,3.06,1.77,1.84,3.63,1.99,1.68,2.36,2.25,1.55,1.66,4.76,1.79
3035.78,27,4.02,0.73,3.0,2.35,1.46,2.3,3.06,1.76,1.84,3.61,1.99,1.68,2.36,2.24,1.55,1.66,4.76,1.81
3036.78,27,4.0,0.74,2.99,2.32,1.47,2.3,3.05,1.76,1.83,3.59,1.98,1.69,2.35,2.25,1.54,1.65,4.76,1.78
3037.78,27,4.0,0.73,2.97,2.3,1.46,2.3,3.03,1.75,1.84,3.56,1.97,1.69,2.34,2.24,1.55,1.65,4.76,1.78
3038.78,27,3.99,0.72,2.95,2.28,1.47,2.3,3.03,1.74,1.85,3.53,1.97,1.68,2.34,2.25,1.55,1.65,4.76,1.79
3039.78,27,3.98,0.74,2.93,2.25,1.47,2.3,3.01,1.75,1.84,3.5,1.96,1.68,2.33,2.24,1.54,1.64,4.76,1.78
3040.78,27,3.96,0.73,2.92,2.24,1.47,2.3,3.0,1.75,1.83,3.5,1.95,1.67,2.31,2.24,1.55,1.64,4.76,1.77
3041.78,27,3.93,0.73,2.91,2.22,1.46,2.3,2.99,1.74,1.83,3.47,1.95,1.67,2.3,2.24,1.53,1.64,4.75,1.77
3042.78,27,3.92,0.72,2.91,2.2,1.47,2.3,2.98,1.73,1.82,3.44,1.93,1.66,2.29,2.24,1.52,1.63,4.74,1.78
3043.78,27,3.91,0.72,2.89,2.18,1.47,2.29,2.97,1.74,1.83,3.42,1.94,1.67,2.3,2.23,1.54,1.63,4.75,1.77
3044.78,27,3.89,0.72,2.88,2.16,1.46,2.3,2.95,1.74,1.83,3.4,1.94,1.66,2.29,2.23,1.52,1.61,4.74,1.77
3045.8,27,3.88,0.73,2.87,2.14,1.47,2.3,2.94,1.74,1.84,3.38,1.94,1.66,2.28,2.23,1.53,1.61,4.74,1.77
3046.8,27,3.88,0.73,2.85,2.12,1.47,2.3,2.93,1.75,1.84,3.36,1.93,1.66,2.29,2.23,1.53,1.61,4.74,1.78
3047.8,27,3.85,0.73,2.83,2.11,1.47,2.3,2.91,1.74,1.83,3.34,1.93,1.64,2.27,2.23,1.53,1.6,4.74,1.76
3048.8,27,3.84,0.73,2.83,2.1,1.47,2.31,2.91,1.75,1.84,3.33,1.93,1.66,2.27,2.23,1.54,1.6,4.73,1.77
3049.8,27,3.82,0.72,2.81,2.08,1.46,2.31,2.89,1.74,1.83,3.3,1.92,1.66,2.27,2.22,1.54,1.58,4.74,1.76
3050.8,27,3.79,0.73,2.78,2.05,1.45,2.3,2.87,1.73,1.82,3.27,1.91,1.64,2.25,2.22,1.54,1.56,4.72,1.75
3051.8,27,3.78,0.74,2.78,2.03,1.47,2.31,2.87,1.74,1.84,3.27,1.92,1.65,2.26,2.23,1.55,1.58,4.74,1.76
3052.8,27,3.77,0.74,2.77,2.02,1.46,2.32,2.85,1.73,1.83,3.24,1.91,1.64,2.25,2.23,1.55,1.57,4.73,1.75
3053.8,27,3.75,0.75,2.75,2.01,1.47,2.32,2.85,1.73,1.84,3.22,1.91,1.65,2.25,2.23,1.56,1.56,4.75,1.74
3054.8,27,3.75,0.75,2.75,2.0,1.48,2.33,2.84,1.73,1.84,3.21,1.91,1.64,2.25,2.23,1.56,1.57,4.75,1.75
3055.8,27,3.72,0.74,2.74,1.97,1.47,2.33,2.83,1.74,1.84,3.19,1.91,1.65,2.24,2.22,1.57,1.56,4.73,1.75
3056.8,27,3.7,0.74,2.7,1.96,1.46,2.32,2.81,1.72,1.84,3.17,1.91,1.64,2.23,2.22,1.56,1.55,4.72,1.74
3057.82,27,3.68,0.75,2.69,1.94,1.47,2.32,2.8,1.73,1.83,3.16,1.91,1.65,2.23,2.23,1.56,1.55,4.73,1.74
3058.82,27,3.66,0.74,2.66,1.91,1.46,2.32,2.79,1.72,1.84,3.12,1.91,1.64,2.23,2.22,1.55,1.54,4.71,1.74
3059.82,27,3.65,0.75,2.64,1.9,1.47,2.31,2.8,1.73,1.84,3.12,1.91,1.65,2.22,2.22,1.55,1.53,4.72,1.74
3060.82,27,3.64,0.74,2.63,1.89,1.47,2.31,2.79,1.73,1.85,3.1,1.91,1.66,2.23,2.22,1.56,1.54,4.73,1.74
3061.82,27,3.63,0.75,2.61,1.87,1.46,2.31,2.8,1.73,1.84,3.09,1.91,1.64,2.22,2.23,1.56,1.53,4.73,1.75
3062.82,27,3.61,0.74,2.6,1.84,1.46,2.3,2.8,1.72,1.84,3.06,1.9,1.64,2.21,2.21,1.55,1.53,4.73,1.72
3063.82,27,3.6,0.75,2.58,1.83,1.47,2.3,2.8,1.72,1.85,3.06,1.9,1.64,2.21,2.22,1.55,1.52,4.72,1.73
3064.82,27,3.57,0.74,2.73,1.82,1.46,2.3,2.81,1.72,1.85,3.03,1.89,1.64,2.2,2.21,1.55,1.52,4.72,1.72
3065.83,27,3.56,0.87,3.34,1.8,1.54,2.49,2.94,1.72,2.11,3.04,1.9,1.97,2.23,2.21,1.73,1.55,4.7,1.83
3066.83,27,3.75,1.09,3.72,2.15,1.8,2.7,3.22,1.8,2.34,3.38,2.06,2.27,2.46,2.34,2.01,1.69,4.72,1.98
3067.83,27,4.0,1.23,3.94,2.52,2.0,2.84,3.39,2.05,2.49,3.64,2.31,2.46,2.67,2.56,2.18,1.84,4.77,2.06
3068.83,27,4.17,1.31,4.06,2.75,2.11,2.91,3.5,2.31,2.58,3.79,2.5,2.54,2.78,2.74,2.3,1.92,4.8,2.1
3069.83,27,4.29,1.36,4.15,2.91,2.18,2.97,3.56,2.47,2.64,3.92,2.66,2.58,2.86,2.87,2.36,1.98,4.84,2.11
3070.83,27,4.37,1.36,4.17,2.99,2.19,2.96,3.6,2.54,2.63,3.98,2.75,2.59,2.9,2.94,2.39,2.0,4.84,2.13
3071.83,27,4.41,1.37,4.21,3.06,2.19,2.98,3.61,2.58,2.63,4.02,2.78,2.59,2.93,2.99,2.41,2.01,4.83,2.14
3072.83,27,4.42,1.37,4.2,3.08,2.17,2.98,3.61,2.57,2.63,4.05,2.8,2.58,2.93,2.98,2.42,2.01,4.83,2.13
3073.83,27,4.45,1.35,4.22,3.11,2.14,2.98,3.62,2.56,2.62,4.07,2.82,2.57,2.93,2.99,2.41,1.99,4.83,2.14
3074.83,27,4.45,1.33,4.21,3.11,2.12,2.96,3.6,2.54,2.6,4.07,2.81,2.54,2.92,2.96,2.4,1.98,4.83,2.12
3075.83,27,4.45,1.31,4.2,3.11,2.09,2.94,3.59,2.51,2.56,4.07,2.8,2.51,2.91,2.93,2.38,1.95,4.82,2.1
3076.83,27,4.43,1.3,4.19,3.11,2.06,2.93,3.58,2.48,2.53,4.07,2.78,2.48,2.9,2.91,2.36,1.94,4.81,2.08
3077.85,27,4.45,1.28,4.17,3.11,2.03,2.91,3.56,2.45,2.49,4.07,2.78,2.47,2.89,2.88,2.34,1.91,4.8,2.07
3078.85,27,4.44,1.25,4.15,3.1,2.0,2.88,3.55,2.42,2.46,4.06,2.75,2.43,2.87,2.83,2.32,1.89,4.78,2.04
3079.85,27,4.42,1.22,4.13,3.09,1.96,2.85,3.52,2.37,2.43,4.04,2.71,2.39,2.84,2.79,2.29,1.87,4.78,2.01
3080.85,27,4.4,1.17,4.1,3.08,1.92,2.83,3.5,2.34,2.39,4.04,2.7,2.34,2.81,2.75,2.26,1.86,4.75,2.0
3081.85,27,4.4,1.16,4.07,3.06,1.87,2.79,3.48,2.3,2.35,4.03,2.66,2.32,2.79,2.72,2.23,1.83,4.75,1.98
3082.85,27,4.39,1.1,4.05,3.05,1.83,2.76,3.47,2.27,2.32,4.01,2.63,2.28,2.78,2.68,2.2,1.82,4.75,1.96
3083.85,27,4.36,1.09,4.0,3.03,1.78,2.72,3.43,2.21,2.28,3.99,2.6,2.24,2.75,2.64,2.16,1.81,4.72,1.93
3084.85,27,4.36,1.05,3.98,3.01,1.73,2.69,3.42,2.18,2.23,3.98,2.56,2.19,2.75,2.6,2.12,1.79,4.72,1.92
3085.85,27,4.34,1.02,3.96,2.99,1.71,2.66,3.41,2.14,2.21,3.97,2.52,2.16,2.73,2.58,2.1,1.78,4.71,1.91
3086.85,27,4.32,0.98,3.92,2.99,1.65,2.61,3.37,2.11,2.14,3.94,2.49,2.12,2.7,2.53,2.06,1.75,4.7,1.88
3087.87,27,4.32,0.96,3.89,2.98,1.63,2.59,3.36,2.08,2.11,3.94,2.46,2.09,2.7,2.51,2.03,1.74,4.69,1.87
3088.87,27,4.31,0.93,3.86,2.95,1.59,2.56,3.33,2.04,2.08,3.93,2.42,2.04,2.68,2.48,1.99,1.73,4.69,1.85
3089.87,27,4.3,0.9,3.84,2.93,1.56,2.51,3.33,2.01,2.03,3.91,2.39,2.01,2.65,2.46,1.95,1.72,4.67,1.83
3090.87,27,4.28,0.88,3.8,2.92,1.54,2.48,3.31,1.98,2.0,3.9,2.35,1.98,2.64,2.45,1.91,1.71,4.66,1.82
3091.87,27,4.27,0.85,3.77,2.9,1.52,2.46,3.29,1.96,1.96,3.87,2.33,1.94,2.63,2.41,1.87,1.69,4.66,1.8
3092.87,27,4.26,0.84,3.75,2.88,1.51,2.42,3.28,1.93,1.94,3.87,2.29,1.92,2.6,2.39,1.84,1.69,4.65,1.79
3093.87,27,4.25,0.82,3.71,2.86,1.5,2.4,3.25,1.91,1.93,3.84,2.25,1.9,2.6,2.38,1.82,1.68,4.64,1.77
3094.87,27,4.23,0.81,3.68,2.83,1.47,2.38,3.24,1.89,1.91,3.83,2.23,1.88,2.57,2.36,1.78,1.67,4.63,1.75
3095.88,27,4.21,0.81,3.64,2.8,1.47,2.36,3.21,1.86,1.89,3.81,2.18,1.85,2.55,2.34,1.74,1.66,4.62,1.72
3096.88,27,4.21,0.8,3.61,2.78,1.47,2.36,3.2,1.85,1.89,3.8,2.16,1.83,2.53,2.34,1.73,1.65,4.61,1.73
3097.88,27,4.19,0.79,3.59,2.77,1.47,2.34,3.2,1.84,1.9,3.79,2.13,1.82,2.53,2.33,1.72,1.66,4.6,1.72
3098.88,27,4.17,0.78,3.54,2.74,1.46,2.34,3.16,1.82,1.88,3.77,2.1,1.79,2.5,2.31,1.69,1.65,4.6,1.72
3099.88,27,4.15,0.78,3.51,2.72,1.46,2.34,3.15,1.81,1.86,3.76,2.07,1.77,2.47,2.3,1.68,1.64,4.59,1.7
3100.88,27,4.14,0.78,3.46,2.71,1.46,2.34,3.13,1.8,1.86,3.74,2.06,1.75,2.47,2.3,1.65,1.64,4.58,1.69
3101.88,27,4.14,0.78,3.44,2.69,1.46,2.35,3.12,1.8,1.88,3.73,2.05,1.75,2.47,2.3,1.66,1.64,4.6,1.69
3102.9,27,4.11,0.77,3.4,2.66,1.45,2.35,3.1,1.78,1.85,3.71,2.02,1.74,2.45,2.27,1.64,1.63,4.56,1.67
3103.9,27,4.09,0.76,3.36,2.63,1.44,2.34,3.08,1.79,1.86,3.7,2.0,1.72,2.43,2.26,1.62,1.62,4.56,1.66
3104.9,27,4.07,0.75,3.33,2.61,1.44,2.35,3.06,1.78,1.88,3.68,1.99,1.72,2.41,2.26,1.61,1.61,4.56,1.66
3105.9,27,4.07,0.76,3.31,2.6,1.46,2.34,3.05,1.78,1.87,3.67,1.98,1.72,2.41,2.26,1.61,1.61,4.55,1.66
3106.92,27,4.05,0.76,3.27,2.58,1.46,2.34,3.02,1.77,1.87,3.66,1.97,1.72,2.4,2.25,1.6,1.6,4.55,1.64
3107.92,27,4.04,0.75,3.23,2.56,1.47,2.34,3.01,1.78,1.86,3.64,1.95,1.72,2.39,2.25,1.6,1.6,4.55,1.64
3108.92,27,4.03,0.75,3.19,2.54,1.47,2.34,3.0,1.8,1.87,3.64,1.95,1.71,2.38,2.25,1.6,1.6,4.55,1.64
3109.92,27,4.01,0.75,3.16,2.52,1.47,2.33,2.97,1.8,1.86,3.62,1.96,1.71,2.38,2.26,1.61,1.6,4.54,1.64
3110.92,27,4.0,0.75,3.11,2.49,1.47,2.33,2.95,1.8,1.86,3.6,1.95,1.7,2.36,2.27,1.59,1.59,4.53,1.64
3111.92,27,3.99,0.75,3.09,2.47,1.48,2.32,2.94,1.8,1.84,3.59,1.94,1.7,2.36,2.26,1.58,1.58,4.53,1.64
3112.92,27,3.96,0.74,3.04,2.43,1.48,2.31,2.91,1.78,1.85,3.55,1.94,1.67,2.34,2.26,1.58,1.57,4.51,1.64
3113.93,27,3.96,0.75,3.02,2.41,1.48,2.31,2.89,1.79,1.85,3.54,1.94,1.68,2.32,2.28,1.58,1.57,4.51,1.63
3114.93,27,3.96,0.73,2.98,2.38,1.48,2.31,2.88,1.8,1.85,3.52,1.95,1.68,2.32,2.27,1.56,1.56,4.51,1.62
3115.93,27,3.95,0.75,2.96,2.35,1.49,2.32,2.85,1.8,1.85,3.51,1.95,1.68,2.33,2.28,1.56,1.58,4.51,1.63
3116.93,27,3.92,0.74,2.91,2.32,1.48,2.3,2.83,1.78,1.85,3.47,1.96,1.66,2.3,2.27,1.56,1.57,4.5,1.64
3117.93,27,3.91,0.74,2.9,2.3,1.47,2.3,2.82,1.79,1.84,3.46,1.97,1.67,2.29,2.27,1.56,1.56,4.51,1.63
3118.93,27,3.89,0.73,2.86,2.26,1.47,2.29,2.79,1.78,1.84,3.44,1.97,1.66,2.28,2.28,1.55,1.57,4.5,1.62
3119.93,27,3.88,0.74,2.84,2.23,1.47,2.29,2.76,1.77,1.84,3.41,1.97,1.65,2.27,2.27,1.55,1.56,4.5,1.61
3120.95,27,3.87,0.74,2.81,2.21,1.47,2.3,2.76,1.77,1.83,3.39,1.97,1.67,2.27,2.27,1.54,1.56,4.5,1.63
3121.95,27,3.85,0.73,2.79,2.17,1.47,2.29,2.74,1.77,1.82,3.37,1.97,1.66,2.25,2.26,1.54,1.56,4.49,1.62
3122.95,27,3.83,0.72,2.76,2.12,1.47,2.29,2.72,1.75,1.83,3.34,1.96,1.65,2.23,2.26,1.54,1.55,4.48,1.6
3123.95,27,3.8,0.72,2.75,2.09,1.45,2.28,2.69,1.74,1.82,3.31,1.96,1.64,2.22,2.24,1.53,1.55,4.48,1.6
3124.95,27,3.79,0.73,2.73,2.07,1.46,2.27,2.68,1.74,1.82,3.3,1.96,1.64,2.22,2.24,1.53,1.55,4.48,1.6
3125.95,27,3.77,0.72,2.71,2.03,1.46,2.28,2.66,1.73,1.82,3.27,1.94,1.64,2.21,2.24,1.53,1.54,4.48,1.6
3126.95,27,3.76,0.72,2.69,2.01,1.45,2.28,2.64,1.73,1.82,3.24,1.95,1.65,2.21,2.23,1.53,1.55,4.49,1.6
3127.95,27,3.75,0.72,2.67,1.98,1.45,2.28,2.64,1.74,1.83,3.21,1.93,1.64,2.2,2.23,1.53,1.54,4.49,1.6
3128.95,27,3.72,0.72,2.64,1.96,1.46,2.27,2.62,1.74,1.82,3.18,1.93,1.64,2.19,2.22,1.52,1.53,4.47,1.6
3129.95,27,3.7,0.71,2.61,1.94,1.45,2.27,2.6,1.72,1.82,3.16,1.92,1.64,2.18,2.22,1.51,1.52,4.47,1.59
3130.97,27,3.69,0.71,2.61,1.92,1.45,2.29,2.6,1.73,1.82,3.14,1.93,1.64,2.18,2.22,1.52,1.53,4.48,1.59
3131.97,27,3.68,0.71,2.59,1.91,1.45,2.26,2.6,1.72,1.82,3.11,1.91,1.65,2.19,2.22,1.52,1.54,4.48,1.58
3132.97,27,3.66,0.71,2.57,1.88,1.44,2.28,2.6,1.72,1.82,3.09,1.92,1.64,2.18,2.22,1.51,1.53,4.47,1.59
3133.97,27,3.64,0.7,2.54,1.86,1.43,2.27,2.59,1.71,1.81,3.04,1.91,1.63,2.17,2.21,1.5,1.51,4.46,1.58
3134.97,27,3.64,0.72,2.55,1.86,1.45,2.28,2.59,1.73,1.82,3.05,1.91,1.63,2.17,2.21,1.52,1.52,4.46,1.59
3135.97,27,3.62,0.72,2.53,1.84,1.46,2.28,2.59,1.72,1.82,3.01,1.91,1.64,2.18,2.23,1.51,1.51,4.48,1.59
3136.97,27,3.6,0.7,2.48,1.82,1.44,2.27,2.57,1.72,1.81,2.99,1.9,1.64,2.16,2.22,1.51,1.5,4.47,1.59
3137.97,27,3.58,0.71,2.47,1.81,1.44,2.26,2.56,1.73,1.82,2.96,1.91,1.63,2.16,2.21,1.5,1.5,4.47,1.58
3138.97,27,3.56,0.71,2.47,1.8,1.44,2.27,2.56,1.72,1.82,2.95,1.91,1.64,2.15,2.21,1.5,1.5,4.47,1.59
3139.98,27,3.54,0.7,2.46,1.78,1.44,2.27,2.56,1.72,1.81,2.91,1.9,1.63,2.14,2.2,1.49,1.5,4.45,1.58
3140.98,27,3.54,0.71,2.44,1.78,1.45,2.27,2.55,1.72,1.82,2.91,1.9,1.64,2.16,2.23,1.5,1.5,4.48,1.59
3141.98,27,3.52,0.7,2.41,1.75,1.44,2.27,2.53,1.72,1.82,2.89,1.89,1.62,2.14,2.22,1.49,1.5,4.45,1.58
3142.98,27,3.5,0.71,2.41,1.75,1.44,2.28,2.52,1.72,1.82,2.87,1.9,1.62,2.14,2.21,1.49,1.49,4.46,1.59
3143.98,27,3.48,0.7,2.38,1.74,1.44,2.27,2.52,1.71,1.82,2.85,1.88,1.62,2.14,2.21,1.48,1.49,4.47,1.58
3144.98,27,3.47,0.71,2.38,1.73,1.45,2.29,2.51,1.72,1.82,2.84,1.89,1.62,2.14,2.22,1.5,1.49,4.47,1.58
3145.98,27,3.44,0.7,2.35,1.72,1.44,2.27,2.5,1.72,1.82,2.81,1.89,1.63,2.14,2.21,1.49,1.48,4.46,1.59
3146.98,27,3.42,0.7,2.34,1.71,1.44,2.28,2.48,1.72,1.81,2.79,1.88,1.6,2.12,2.2,1.49,1.48,4.45,1.58
3147.98,27,3.39,0.69,2.32,1.69,1.43,2.26,2.47,1.71,1.81,2.76,1.87,1.61,2.11,2.19,1.48,1.48,4.44,1.57
3148.98,27,3.39,0.71,2.31,1.7,1.45,2.29,2.48,1.72,1.82,2.76,1.88,1.62,2.12,2.21,1.51,1.48,4.46,1.59
3150.0,27,3.37,0.7,2.29,1.68,1.45,2.28,2.46,1.71,1.82,2.75,1.88,1.62,2.13,2.21,1.51,1.48,4.46,1.58
3151.0,27,3.36,0.71,2.29,1.67,1.45,2.29,2.46,1.72,1.82,2.73,1.88,1.61,2.13,2.21,1.51,1.49,4.45,1.57
3152.0,27,3.35,0.71,2.29,1.67,1.45,2.29,2.45,1.72,1.82,2.72,1.88,1.63,2.12,2.2,1.51,1.49,4.46,1.58
3153.0,27,3.33,0.71,2.25,1.65,1.45,2.28,2.41,1.72,1.82,2.71,1.87,1.62,2.11,2.19,1.51,1.48,4.45,1.57
3154.02,27,3.3,0.7,2.24,1.64,1.45,2.29,2.4,1.71,1.82,2.67,1.86,1.61,2.11,2.19,1.5,1.48,4.45,1.57
3155.02,27,3.29,0.7,2.23,1.64,1.45,2.29,2.4,1.71,1.82,2.66,1.86,1.62,2.11,2.19,1.51,1.48,4.45,1.57
3156.02,27,3.27,0.7,2.21,1.62,1.44,2.27,2.37,1.71,1.81,2.64,1.85,1.61,2.11,2.19,1.51,1.47,4.44,1.57
3157.02,27,3.25,0.7,2.21,1.62,1.45,2.28,2.37,1.7,1.81,2.62,1.85,1.61,2.11,2.19,1.51,1.48,4.45,1.56
3158.02,27,3.24,0.71,2.19,1.61,1.45,2.28,2.36,1.71,1.82,2.61,1.85,1.62,2.11,2.19,1.51,1.48,4.45,1.56
3159.02,27,3.21,0.7,2.18,1.59,1.43,2.27,2.34,1.7,1.81,2.6,1.84,1.6,2.1,2.18,1.5,1.48,4.43,1.55
3160.02,27,3.19,0.69,2.17,1.58,1.44,2.27,2.34,1.69,1.81,2.59,1.85,1.61,2.11,2.18,1.51,1.49,4.44,1.56
3161.03,27,3.19,0.71,2.17,1.58,1.45,2.28,2.35,1.71,1.82,2.58,1.84,1.61,2.11,2.18,1.52,1.5,4.44,1.56
3162.03,27,3.17,0.7,2.16,1.57,1.44,2.28,2.34,1.7,1.82,2.56,1.85,1.6,2.11,2.19,1.52,1.49,4.44,1.55
3163.03,27,3.16,0.72,2.17,1.57,1.46,2.28,2.37,1.71,1.82,2.56,1.86,1.61,2.11,2.2,1.53,1.49,4.45,1.56
3164.03,27,3.15,0.7,2.14,1.56,1.45,2.28,2.37,1.7,1.82,2.53,1.85,1.62,2.11,2.18,1.51,1.5,4.43,1.56
3165.03,27,3.13,0.7,2.21,1.55,1.44,2.27,2.38,1.69,1.82,2.51,1.84,1.61,2.11,2.2,1.5,1.49,4.43,1.55
3166.03,27,3.11,0.8,2.84,1.54,1.48,2.42,2.47,1.69,2.01,2.47,1.83,1.83,2.11,2.18,1.65,1.49,4.41,1.61
3167.03,27,3.31,0.97,3.28,1.83,1.68,2.57,2.8,1.72,2.2,2.79,1.95,2.1,2.26,2.24,1.86,1.59,4.44,1.74
3168.05,27,3.6,1.12,3.54,2.22,1.84,2.7,3.02,1.92,2.34,3.11,2.16,2.27,2.44,2.39,2.03,1.71,4.5,1.82
3169.05,27,3.79,1.19,3.67,2.45,1.96,2.75,3.14,2.13,2.42,3.31,2.36,2.34,2.57,2.54,2.13,1.76,4.53,1.87
3170.05,27,3.93,1.23,3.76,2.6,2.01,2.8,3.22,2.29,2.47,3.46,2.5,2.37,2.64,2.67,2.2,1.79,4.55,1.89
3171.05,27,4.02,1.23,3.8,2.69,2.03,2.8,3.25,2.37,2.45,3.55,2.6,2.37,2.68,2.74,2.22,1.81,4.56,1.9
3172.05,27,4.08,1.24,3.85,2.75,2.03,2.82,3.29,2.4,2.47,3.62,2.64,2.38,2.72,2.77,2.24,1.81,4.57,1.9
3173.05,27,4.11,1.23,3.86,2.77,2.01,2.82,3.29,2.41,2.45,3.65,2.67,2.37,2.72,2.78,2.24,1.79,4.56,1.9
3174.05,27,4.13,1.24,3.88,2.8,2.01,2.82,3.29,2.39,2.44,3.67,2.68,2.37,2.72,2.78,2.24,1.8,4.56,1.89
3175.05,27,4.14,1.21,3.86,2.79,1.97,2.79,3.28,2.36,2.41,3.68,2.67,2.33,2.7,2.76,2.22,1.77,4.55,1.88
3176.05,27,4.15,1.18,3.85,2.8,1.95,2.77,3.27,2.35,2.37,3.68,2.66,2.3,2.68,2.74,2.21,1.75,4.55,1.86
3177.05,27,4.16,1.17,3.86,2.81,1.93,2.77,3.25,2.34,2.36,3.7,2.67,2.3,2.67,2.73,2.2,1.73,4.54,1.85
3178.05,27,4.16,1.16,3.84,2.8,1.91,2.75,3.24,2.33,2.34,3.68,2.65,2.27,2.65,2.7,2.19,1.72,4.53,1.83
3179.05,27,4.15,1.14,3.83,2.79,1.88,2.75,3.21,2.32,2.32,3.69,2.63,2.24,2.63,2.7,2.16,1.7,4.52,1.82
3180.05,27,4.13,1.11,3.79,2.77,1.85,2.72,3.19,2.28,2.29,3.68,2.61,2.22,2.61,2.65,2.13,1.68,4.51,1.8
3181.07,27,4.12,1.09,3.78,2.77,1.82,2.69,3.17,2.25,2.26,3.67,2.6,2.18,2.6,2.63,2.11,1.67,4.51,1.79
3182.07,27,4.11,1.06,3.76,2.74,1.77,2.66,3.15,2.23,2.22,3.65,2.57,2.12,2.58,2.6,2.07,1.66,4.49,1.76
3183.07,27,4.09,1.02,3.7,2.73,1.73,2.62,3.12,2.18,2.18,3.64,2.53,2.1,2.55,2.58,2.03,1.64,4.47,1.73
3184.07,27,4.09,1.0,3.69,2.72,1.72,2.6,3.1,2.15,2.13,3.63,2.51,2.05,2.53,2.55,2.01,1.64,4.46,1.72
3185.07,27,4.07,0.97,3.67,2.7,1.68,2.56,3.09,2.12,2.1,3.62,2.48,2.02,2.54,2.52,1.96,1.63,4.45,1.7
3186.07,27,4.06,0.94,3.64,2.67,1.65,2.53,3.07,2.07,2.05,3.6,2.45,1.99,2.5,2.49,1.92,1.6,4.43,1.68
3187.07,27,4.04,0.9,3.6,2.63,1.61,2.48,3.04,2.02,2.01,3.58,2.41,1.92,2.49,2.45,1.87,1.59,4.42,1.65
3188.07,27,4.02,0.87,3.57,2.61,1.58,2.47,3.01,1.98,1.98,3.55,2.37,1.9,2.47,2.42,1.84,1.58,4.4,1.64
3189.07,27,4.01,0.85,3.55,2.6,1.56,2.45,3.0,1.94,1.96,3.54,2.34,1.87,2.46,2.4,1.81,1.58,4.4,1.64
3190.07,27,3.98,0.82,3.51,2.57,1.53,2.41,2.97,1.91,1.93,3.51,2.3,1.83,2.42,2.38,1.78,1.55,4.37,1.61
3191.08,27,3.98,0.8,3.48,2.55,1.51,2.39,2.95,1.86,1.91,3.49,2.26,1.81,2.41,2.35,1.74,1.55,4.37,1.61
3192.1,27,3.95,0.79,3.42,2.53,1.49,2.37,2.92,1.85,1.91,3.48,2.23,1.8,2.39,2.34,1.73,1.55,4.37,1.61
3193.1,27,3.95,0.78,3.41,2.51,1.5,2.36,2.91,1.83,1.9,3.47,2.21,1.79,2.38,2.32,1.72,1.55,4.36,1.6
3194.1,27,3.92,0.75,3.37,2.48,1.47,2.35,2.89,1.8,1.89,3.44,2.17,1.77,2.35,2.3,1.69,1.54,4.34,1.58
3195.1,27,3.91,0.75,3.34,2.47,1.47,2.34,2.86,1.78,1.88,3.42,2.13,1.75,2.33,2.29,1.67,1.54,4.33,1.57
3196.12,27,3.89,0.75,3.32,2.45,1.45,2.32,2.83,1.78,1.87,3.41,2.11,1.74,2.33,2.28,1.67,1.53,4.33,1.56
3197.12,27,3.87,0.74,3.28,2.44,1.46,2.32,2.82,1.78,1.87,3.39,2.08,1.72,2.31,2.27,1.65,1.52,4.32,1.57
3198.12,27,3.86,0.74,3.26,2.42,1.44,2.31,2.8,1.77,1.87,3.37,2.06,1.71,2.3,2.25,1.65,1.53,4.31,1.56
3199.12,27,3.85,0.74,3.23,2.4,1.45,2.32,2.79,1.78,1.86,3.37,2.03,1.71,2.29,2.26,1.64,1.53,4.29,1.55
3200.12,27,3.83,0.73,3.19,2.38,1.44,2.31,2.77,1.77,1.85,3.36,2.01,1.7,2.28,2.25,1.64,1.52,4.3,1.54
3201.13,27,3.82,0.72,3.16,2.35,1.44,2.3,2.75,1.77,1.85,3.34,1.99,1.69,2.28,2.23,1.62,1.5,4.29,1.54
3202.13,27,3.81,0.72,3.13,2.34,1.43,2.31,2.73,1.76,1.84,3.33,1.97,1.67,2.27,2.23,1.6,1.5,4.28,1.52
3203.13,27,3.8,0.72,3.1,2.33,1.42,2.32,2.71,1.77,1.85,3.32,1.96,1.67,2.27,2.23,1.6,1.5,4.27,1.52
3204.13,27,3.78,0.72,3.07,2.3,1.43,2.32,2.69,1.77,1.83,3.3,1.95,1.67,2.27,2.23,1.6,1.49,4.27,1.51
3205.13,27,3.77,0.71,3.03,2.27,1.42,2.32,2.64,1.77,1.83,3.28,1.94,1.65,2.25,2.21,1.58,1.49,4.26,1.5
3206.15,27,3.76,0.72,3.0,2.25,1.44,2.31,2.64,1.77,1.83,3.27,1.94,1.66,2.25,2.23,1.58,1.49,4.25,1.5
3207.15,27,3.74,0.71,2.96,2.23,1.43,2.32,2.61,1.78,1.83,3.26,1.92,1.66,2.25,2.23,1.58,1.5,4.24,1.5
3208.15,27,3.73,0.71,2.92,2.2,1.44,2.31,2.59,1.76,1.83,3.23,1.92,1.65,2.24,2.22,1.57,1.49,4.23,1.49
3209.15,27,3.73,0.73,2.9,2.18,1.44,2.32,2.57,1.78,1.84,3.21,1.92,1.66,2.24,2.23,1.58,1.5,4.24,1.51
3210.15,27,3.7,0.71,2.84,2.13,1.44,2.3,2.53,1.77,1.83,3.18,1.91,1.64,2.23,2.22,1.55,1.49,4.23,1.49
3211.15,27,3.69,0.71,2.81,2.1,1.42,2.3,2.5,1.78,1.82,3.15,1.9,1.64,2.22,2.21,1.55,1.47,4.22,1.5
3212.15,27,3.68,0.72,2.79,2.08,1.45,2.3,2.49,1.78,1.83,3.15,1.91,1.65,2.23,2.23,1.55,1.49,4.22,1.5
3213.15,27,3.66,0.72,2.75,2.03,1.44,2.3,2.46,1.77,1.82,3.13,1.91,1.64,2.21,2.23,1.55,1.49,4.22,1.5
3214.15,27,3.65,0.72,2.7,2.0,1.44,2.29,2.42,1.75,1.82,3.09,1.91,1.64,2.2,2.22,1.55,1.48,4.21,1.5
3215.15,27,3.64,0.72,2.66,1.97,1.44,2.28,2.39,1.75,1.82,3.07,1.91,1.63,2.19,2.22,1.54,1.48,4.19,1.49
3216.15,27,3.62,0.71,2.63,1.94,1.46,2.3,2.36,1.75,1.82,3.05,1.91,1.64,2.18,2.22,1.54,1.47,4.19,1.51
3217.15,27,3.6,0.72,2.6,1.91,1.45,2.27,2.34,1.74,1.82,3.03,1.91,1.64,2.17,2.23,1.53,1.47,4.19,1.5
3218.17,27,3.59,0.72,2.56,1.89,1.46,2.29,2.31,1.73,1.82,3.0,1.91,1.63,2.17,2.23,1.53,1.47,4.18,1.48
3219.17,27,3.55,0.71,2.51,1.84,1.45,2.26,2.28,1.72,1.81,2.97,1.91,1.63,2.14,2.23,1.52,1.46,4.17,1.48
3220.17,27,3.54,0.72,2.49,1.82,1.44,2.27,2.26,1.72,1.82,2.94,1.91,1.63,2.15,2.23,1.52,1.47,4.16,1.49
3221.17,27,3.53,0.71,2.47,1.8,1.45,2.28,2.23,1.72,1.82,2.92,1.92,1.63,2.15,2.24,1.52,1.46,4.17,1.49
3222.17,27,3.51,0.71,2.46,1.79,1.45,2.27,2.21,1.72,1.82,2.9,1.91,1.63,2.13,2.23,1.51,1.47,4.17,1.48
3223.17,27,3.5,0.71,2.44,1.77,1.44,2.27,2.19,1.72,1.82,2.9,1.91,1.64,2.14,2.23,1.52,1.47,4.16,1.48
3224.17,27,3.47,0.71,2.42,1.75,1.44,2.26,2.17,1.72,1.82,2.86,1.9,1.63,2.12,2.23,1.51,1.46,4.16,1.48
3225.17,27,3.45,0.7,2.41,1.72,1.43,2.27,2.14,1.71,1.82,2.83,1.9,1.63,2.13,2.23,1.51,1.45,4.15,1.48
3226.18,27,3.42,0.7,2.38,1.7,1.42,2.25,2.11,1.71,1.82,2.79,1.9,1.62,2.12,2.22,1.5,1.45,4.15,1.47
3227.18,27,3.41,0.7,2.36,1.69,1.43,2.27,2.11,1.71,1.82,2.78,1.9,1.62,2.12,2.2,1.5,1.45,4.15,1.48
3228.18,27,3.39,0.7,2.36,1.67,1.43,2.27,2.08,1.71,1.82,2.75,1.91,1.62,2.12,2.21,1.5,1.45,4.15,1.47
3229.18,27,3.37,0.71,2.34,1.66,1.44,2.27,2.07,1.7,1.82,2.74,1.9,1.63,2.12,2.21,1.51,1.44,4.16,1.47
3230.18,27,3.35,0.69,2.32,1.64,1.42,2.25,2.02,1.69,1.8,2.7,1.89,1.61,2.11,2.19,1.49,1.43,4.13,1.47
3231.18,27,3.34,0.71,2.32,1.63,1.43,2.26,2.02,1.7,1.81,2.69,1.88,1.63,2.12,2.2,1.5,1.44,4.15,1.47
3232.18,27,3.33,0.7,2.29,1.62,1.43,2.26,2.01,1.7,1.81,2.66,1.89,1.62,2.12,2.2,1.49,1.43,4.13,1.47
3233.18,27,3.3,0.7,2.27,1.61,1.42,2.27,1.99,1.7,1.81,2.62,1.87,1.62,2.11,2.18,1.48,1.42,4.13,1.47
3234.18,27,3.29,0.7,2.26,1.6,1.43,2.26,1.97,1.7,1.82,2.6,1.87,1.62,2.11,2.18,1.5,1.43,4.13,1.47
3235.18,27,3.26,0.69,2.24,1.59,1.42,2.26,1.95,1.69,1.81,2.59,1.86,1.61,2.11,2.18,1.49,1.42,4.12,1.47
3236.18,27,3.25,0.69,2.23,1.58,1.42,2.24,1.94,1.69,1.81,2.56,1.87,1.6,2.11,2.18,1.48,1.41,4.12,1.47
3237.18,27,3.24,0.69,2.22,1.56,1.42,2.25,1.93,1.69,1.81,2.54,1.87,1.62,2.1,2.19,1.49,1.41,4.11,1.47
3238.2,27,3.22,0.69,2.21,1.56,1.43,2.27,1.92,1.7,1.82,2.53,1.87,1.63,2.11,2.18,1.49,1.42,4.13,1.48
3239.2,27,3.2,0.7,2.21,1.56,1.43,2.27,1.91,1.69,1.82,2.51,1.87,1.62,2.11,2.19,1.49,1.42,4.12,1.48
3240.2,27,3.18,0.69,2.18,1.54,1.43,2.25,1.9,1.7,1.81,2.48,1.86,1.61,2.1,2.19,1.49,1.42,4.12,1.47
3241.2,27,3.15,0.69,2.16,1.55,1.42,2.25,1.9,1.69,1.82,2.46,1.86,1.61,2.1,2.18,1.47,1.41,4.11,1.47
3242.2,27,3.15,0.7,2.17,1.54,1.43,2.27,1.91,1.7,1.82,2.47,1.87,1.62,2.11,2.19,1.49,1.42,4.12,1.48
3243.2,27,3.11,0.7,2.15,1.53,1.43,2.26,1.89,1.69,1.82,2.44,1.86,1.62,2.1,2.19,1.49,1.41,4.12,1.47
3244.2,27,3.1,0.69,2.13,1.52,1.42,2.25,1.88,1.68,1.8,2.41,1.85,1.6,2.09,2.17,1.48,1.4,4.11,1.47
3245.2,27,3.1,0.7,2.12,1.52,1.42,2.27,1.88,1.68,1.8,2.39,1.86,1.61,2.1,2.19,1.49,1.41,4.13,1.47
3246.2,27,3.08,0.7,2.11,1.51,1.43,2.26,1.88,1.69,1.82,2.38,1.84,1.61,2.1,2.19,1.5,1.41,4.12,1.48
3247.2,27,3.04,0.7,2.11,1.5,1.43,2.25,1.87,1.69,1.82,2.36,1.85,1.62,2.1,2.18,1.49,1.41,4.11,1.47
3248.2,27,3.04,0.69,2.1,1.49,1.43,2.26,1.86,1.69,1.81,2.33,1.84,1.6,2.08,2.17,1.49,1.41,4.11,1.47
3249.2,27,3.01,0.7,2.09,1.49,1.42,2.27,1.86,1.69,1.81,2.32,1.84,1.61,2.08,2.16,1.49,1.4,4.1,1.47
3250.2,27,3.0,0.69,2.09,1.49,1.42,2.26,1.86,1.7,1.82,2.32,1.85,1.6,2.09,2.18,1.5,1.41,4.12,1.48
3251.2,27,2.98,0.69,2.08,1.48,1.43,2.27,1.85,1.68,1.82,2.3,1.83,1.61,2.08,2.18,1.49,1.4,4.11,1.47
3252.22,27,2.96,0.7,2.08,1.48,1.43,2.27,1.85,1.7,1.81,2.29,1.84,1.6,2.08,2.18,1.49,1.4,4.11,1.47
3253.22,27,2.94,0.69,2.06,1.47,1.43,2.27,1.86,1.69,1.81,2.27,1.84,1.62,2.09,2.18,1.5,1.39,4.11,1.47
3254.22,27,2.91,0.69,2.06,1.47,1.42,2.26,1.86,1.69,1.81,2.25,1.83,1.6,2.08,2.18,1.5,1.41,4.12,1.47
3255.22,27,2.89,0.69,2.04,1.47,1.42,2.27,1.84,1.69,1.82,2.23,1.83,1.61,2.07,2.16,1.49,1.39,4.11,1.47
3256.23,27,2.88,0.7,2.04,1.47,1.43,2.26,1.84,1.68,1.81,2.23,1.82,1.59,2.08,2.18,1.5,1.4,4.1,1.46
3257.23,27,2.85,0.7,2.05,1.46,1.42,2.28,1.84,1.69,1.82,2.21,1.83,1.6,2.07,2.17,1.5,1.4,4.11,1.47
3258.23,27,2.82,0.69,2.04,1.46,1.42,2.26,1.82,1.68,1.81,2.19,1.82,1.59,2.07,2.17,1.49,1.39,4.1,1.46
3259.23,27,2.8,0.7,2.03,1.47,1.43,2.27,1.83,1.69,1.82,2.18,1.83,1.6,2.08,2.17,1.51,1.4,4.11,1.47
3260.23,27,2.77,0.69,2.03,1.47,1.42,2.27,1.82,1.68,1.82,2.17,1.83,1.61,2.07,2.17,1.5,1.41,4.11,1.47
3261.25,27,2.75,0.7,2.02,1.46,1.42,2.26,1.8,1.68,1.82,2.15,1.82,1.6,2.07,2.17,1.5,1.4,4.1,1.47
3262.25,27,2.74,0.71,2.02,1.47,1.44,2.27,1.81,1.69,1.82,2.14,1.82,1.6,2.07,2.16,1.5,1.4,4.1,1.47
3263.25,27,2.71,0.7,2.01,1.45,1.44,2.25,1.79,1.68,1.81,2.12,1.82,1.6,2.07,2.17,1.5,1.39,4.11,1.46
3264.25,27,2.69,0.71,2.02,1.46,1.43,2.27,1.79,1.7,1.82,2.11,1.83,1.61,2.07,2.17,1.51,1.39,4.11,1.47
3265.25,27,2.69,0.7,2.01,1.45,1.42,2.26,1.78,1.7,1.82,2.11,1.84,1.61,2.08,2.18,1.51,1.39,4.11,1.47
3266.25,27,2.67,0.69,2.01,1.45,1.42,2.27,1.77,1.69,1.82,2.09,1.83,1.61,2.08,2.17,1.5,1.39,4.11,1.47
3267.25,27,2.65,0.7,2.01,1.45,1.42,2.27,1.76,1.69,1.82,2.07,1.83,1.61,2.08,2.17,1.51,1.4,4.1,1.47
3268.25,27,2.64,0.7,2.0,1.44,1.42,2.27,1.76,1.68,1.81,2.06,1.82,1.6,2.07,2.17,1.5,1.39,4.11,1.46
3269.25,27,2.62,0.7,2.28,1.44,1.41,2.29,1.76,1.69,1.85,2.04,1.83,1.65,2.07,2.17,1.51,1.39,4.09,1.46
3270.25,27,2.66,0.83,2.81,1.49,1.53,2.43,2.01,1.7,2.01,2.12,1.84,1.89,2.11,2.18,1.69,1.42,4.08,1.56
3271.25,27,2.94,0.95,3.12,1.8,1.68,2.53,2.38,1.78,2.13,2.48,1.97,2.05,2.25,2.28,1.83,1.51,4.11,1.64
3272.27,27,3.24,1.03,3.3,2.11,1.78,2.61,2.63,1.96,2.23,2.77,2.14,2.15,2.4,2.42,1.94,1.59,4.18,1.7
3273.27,27,3.42,1.05,3.38,2.26,1.86,2.62,2.76,2.09,2.25,2.96,2.28,2.16,2.47,2.51,1.99,1.63,4.2,1.7
3274.27,27,3.56,1.07,3.44,2.37,1.88,2.63,2.85,2.19,2.25,3.09,2.37,2.16,2.52,2.6,2.01,1.64,4.24,1.7
3275.27,27,3.65,1.06,3.48,2.43,1.88,2.66,2.9,2.23,2.25,3.17,2.43,2.15,2.54,2.62,2.03,1.65,4.25,1.71
3276.27,27,3.7,1.04,3.48,2.46,1.85,2.64,2.9,2.21,2.24,3.22,2.46,2.13,2.53,2.63,2.01,1.64,4.24,1.69
3277.27,27,3.73,1.03,3.49,2.47,1.82,2.63,2.91,2.2,2.22,3.25,2.45,2.11,2.52,2.62,2.01,1.64,4.24,1.69
3278.27,27,3.75,1.01,3.49,2.47,1.81,2.61,2.91,2.17,2.19,3.27,2.44,2.09,2.51,2.6,2.0,1.64,4.24,1.67
3279.28,27,3.77,0.99,3.48,2.47,1.78,2.6,2.9,2.15,2.16,3.28,2.43,2.07,2.49,2.59,1.99,1.61,4.23,1.67
3280.28,27,3.77,0.98,3.48,2.47,1.75,2.6,2.9,2.12,2.16,3.29,2.42,2.05,2.47,2.57,1.97,1.6,4.22,1.66
3281.28,27,3.78,0.97,3.48,2.47,1.72,2.59,2.89,2.11,2.14,3.29,2.42,2.04,2.47,2.54,1.96,1.58,4.22,1.64
3282.28,27,3.77,0.95,3.45,2.46,1.71,2.56,2.88,2.07,2.11,3.28,2.4,2.01,2.44,2.51,1.93,1.57,4.21,1.62
3283.28,27,3.77,0.94,3.43,2.45,1.68,2.56,2.85,2.05,2.1,3.29,2.39,1.99,2.43,2.5,1.92,1.56,4.21,1.6
3284.28,27,3.77,0.91,3.42,2.45,1.65,2.52,2.83,2.02,2.09,3.28,2.36,1.96,2.42,2.47,1.9,1.55,4.19,1.6
3285.28,27,3.75,0.9,3.39,2.44,1.63,2.5,2.8,2.01,2.05,3.27,2.34,1.93,2.38,2.46,1.87,1.55,4.17,1.58
3286.28,27,3.74,0.87,3.37,2.42,1.59,2.48,2.8,1.98,2.01,3.26,2.32,1.9,2.38,2.43,1.85,1.55,4.16,1.57
3287.3,27,3.72,0.86,3.33,2.38,1.56,2.46,2.77,1.95,2.0,3.24,2.29,1.87,2.34,2.4,1.82,1.53,4.14,1.55
3288.3,27,3.71,0.83,3.29,2.36,1.54,2.42,2.75,1.92,1.97,3.22,2.25,1.84,2.34,2.38,1.79,1.52,4.13,1.54
3289.3,27,3.71,0.82,3.27,2.36,1.52,2.43,2.73,1.9,1.94,3.21,2.23,1.82,2.32,2.37,1.76,1.51,4.13,1.54
3290.3,27,3.69,0.8,3.25,2.33,1.51,2.39,2.71,1.87,1.92,3.18,2.21,1.79,2.3,2.34,1.72,1.5,4.1,1.52
3291.32,27,3.67,0.79,3.22,2.29,1.5,2.38,2.69,1.84,1.91,3.17,2.18,1.77,2.29,2.33,1.72,1.5,4.1,1.51
3292.32,27,3.65,0.77,3.19,2.28,1.48,2.36,2.66,1.82,1.89,3.15,2.14,1.75,2.27,2.31,1.68,1.48,4.08,1.5
3293.32,27,3.65,0.76,3.16,2.24,1.48,2.35,2.65,1.8,1.89,3.14,2.13,1.73,2.27,2.29,1.66,1.48,4.09,1.49
3294.32,27,3.64,0.76,3.12,2.23,1.47,2.34,2.63,1.8,1.88,3.11,2.11,1.72,2.26,2.29,1.65,1.48,4.07,1.49
3295.32,27,3.63,0.74,3.1,2.2,1.47,2.34,2.6,1.78,1.86,3.1,2.07,1.71,2.24,2.26,1.62,1.47,4.05,1.48
3296.32,27,3.61,0.74,3.07,2.19,1.46,2.33,2.59,1.76,1.87,3.08,2.05,1.7,2.23,2.26,1.61,1.47,4.04,1.48
3297.32,27,3.59,0.73,3.02,2.16,1.45,2.32,2.57,1.74,1.86,3.07,2.01,1.69,2.23,2.24,1.6,1.47,4.03,1.47
3298.33,27,3.58,0.73,3.0,2.15,1.45,2.3,2.55,1.74,1.84,3.05,2.01,1.68,2.23,2.23,1.59,1.46,4.03,1.47
3299.33,27,3.57,0.73,2.97,2.14,1.44,2.31,2.53,1.72,1.85,3.04,1.99,1.68,2.23,2.23,1.58,1.47,4.0,1.47
3300.33,27,3.55,0.72,2.93,2.14,1.44,2.29,2.5,1.73,1.84,3.03,1.97,1.66,2.22,2.23,1.58,1.47,4.01,1.47
3301.33,27,3.54,0.72,2.91,2.12,1.44,2.29,2.49,1.73,1.84,3.01,1.95,1.67,2.22,2.23,1.56,1.47,4.0,1.47
3302.33,27,3.52,0.7,2.88,2.11,1.42,2.27,2.47,1.72,1.83,2.99,1.92,1.66,2.2,2.21,1.55,1.47,3.99,1.46
3303.33,27,3.51,0.71,2.84,2.11,1.42,2.28,2.46,1.72,1.84,3.0,1.92,1.66,2.21,2.22,1.56,1.47,3.99,1.46
3304.33,27,3.5,0.7,2.8,2.11,1.43,2.29,2.43,1.72,1.82,2.98,1.92,1.65,2.2,2.22,1.56,1.46,3.98,1.45
3305.33,27,3.5,0.7,2.78,2.08,1.43,2.28,2.41,1.73,1.84,2.96,1.91,1.65,2.2,2.22,1.55,1.46,3.97,1.45
3306.35,27,3.48,0.69,2.74,2.07,1.42,2.27,2.38,1.72,1.82,2.95,1.9,1.64,2.19,2.2,1.55,1.44,3.96,1.45
3307.35,27,3.46,0.69,2.71,2.04,1.42,2.27,2.35,1.72,1.81,2.92,1.88,1.64,2.19,2.2,1.55,1.45,3.96,1.44
3308.35,27,3.45,0.69,2.69,2.03,1.43,2.28,2.34,1.73,1.82,2.92,1.89,1.64,2.18,2.2,1.55,1.45,3.94,1.44
3309.35,27,3.44,0.69,2.63,2.01,1.42,2.27,2.31,1.72,1.82,2.91,1.88,1.64,2.17,2.2,1.55,1.45,3.94,1.43
3310.35,27,3.43,0.69,2.6,1.98,1.41,2.28,2.28,1.72,1.82,2.89,1.86,1.64,2.17,2.2,1.53,1.45,3.93,1.44
3311.35,27,3.42,0.69,2.56,1.95,1.41,2.28,2.27,1.72,1.82,2.87,1.87,1.63,2.17,2.19,1.54,1.45,3.92,1.44
3312.35,27,3.4,0.69,2.53,1.92,1.43,2.29,2.24,1.72,1.83,2.85,1.88,1.64,2.17,2.2,1.53,1.46,3.93,1.44
3313.35,27,3.38,0.69,2.5,1.89,1.43,2.27,2.22,1.73,1.82,2.83,1.86,1.62,2.15,2.18,1.52,1.45,3.92,1.44
3314.37,27,3.36,0.69,2.46,1.85,1.42,2.29,2.19,1.72,1.82,2.81,1.86,1.63,2.15,2.18,1.53,1.45,3.92,1.43
3315.37,27,3.35,0.69,2.42,1.82,1.41,2.28,2.16,1.72,1.82,2.78,1.85,1.61,2.14,2.17,1.51,1.44,3.89,1.43
3316.37,27,3.33,0.69,2.39,1.78,1.42,2.28,2.14,1.72,1.81,2.77,1.86,1.61,2.12,2.17,1.51,1.45,3.9,1.43
3317.37,27,3.32,0.69,2.36,1.74,1.42,2.27,2.11,1.72,1.82,2.75,1.85,1.62,2.13,2.18,1.51,1.45,3.89,1.43
3318.37,27,3.31,0.68,2.33,1.71,1.43,2.27,2.1,1.71,1.81,2.73,1.86,1.62,2.13,2.19,1.5,1.45,3.87,1.44
3319.37,27,3.29,0.69,2.3,1.69,1.44,2.28,2.08,1.72,1.8,2.71,1.87,1.61,2.13,2.17,1.51,1.45,3.88,1.44
3320.37,27,3.27,0.69,2.27,1.65,1.44,2.27,2.04,1.72,1.8,2.68,1.86,1.61,2.12,2.17,1.5,1.44,3.88,1.44
3321.38,27,3.26,0.69,2.24,1.62,1.42,2.26,2.01,1.71,1.81,2.65,1.85,1.61,2.11,2.18,1.48,1.44,3.87,1.43
3322.38,27,3.24,0.69,2.23,1.61,1.44,2.26,2.0,1.71,1.8,2.63,1.86,1.61,2.11,2.19,1.51,1.45,3.88,1.43
3323.38,27,3.22,0.69,2.2,1.58,1.42,2.26,1.97,1.71,1.81,2.6,1.87,1.6,2.11,2.18,1.49,1.43,3.86,1.42
3324.38,27,3.19,0.68,2.18,1.57,1.43,2.26,1.95,1.7,1.8,2.59,1.87,1.6,2.1,2.17,1.49,1.43,3.85,1.42
3325.4,27,3.18,0.69,2.16,1.55,1.44,2.26,1.93,1.7,1.81,2.58,1.87,1.6,2.11,2.18,1.49,1.44,3.84,1.44
3326.4,27,3.15,0.69,2.13,1.54,1.43,2.25,1.91,1.69,1.8,2.54,1.87,1.59,2.11,2.19,1.48,1.43,3.84,1.42
3327.4,27,3.14,0.69,2.13,1.53,1.43,2.27,1.89,1.69,1.81,2.52,1.88,1.59,2.11,2.2,1.48,1.44,3.84,1.43
3328.4,27,3.11,0.69,2.11,1.51,1.43,2.25,1.86,1.68,1.8,2.49,1.86,1.6,2.1,2.18,1.48,1.42,3.83,1.43
3329.42,27,3.1,0.69,2.11,1.51,1.43,2.26,1.85,1.7,1.8,2.48,1.87,1.6,2.11,2.19,1.49,1.43,3.85,1.42
3330.42,27,3.09,0.69,2.1,1.5,1.42,2.26,1.83,1.69,1.81,2.45,1.86,1.6,2.1,2.19,1.48,1.44,3.85,1.42
3331.42,27,3.06,0.69,2.09,1.49,1.42,2.25,1.82,1.69,1.8,2.43,1.87,1.6,2.11,2.19,1.49,1.44,3.84,1.42
3332.42,27,3.03,0.69,2.08,1.49,1.43,2.26,1.81,1.69,1.79,2.39,1.86,1.6,2.1,2.19,1.47,1.44,3.84,1.43
3333.42,27,3.01,0.69,2.06,1.47,1.42,2.25,1.78,1.69,1.81,2.35,1.84,1.59,2.1,2.17,1.47,1.42,3.84,1.41
3334.42,27,3.01,0.69,2.06,1.47,1.44,2.26,1.78,1.68,1.82,2.34,1.86,1.61,2.1,2.18,1.48,1.45,3.84,1.43
3335.43,27,2.97,0.69,2.03,1.47,1.41,2.24,1.75,1.67,1.79,2.31,1.84,1.58,2.09,2.18,1.48,1.41,3.83,1.41
3336.45,27,2.96,0.68,2.04,1.45,1.42,2.25,1.74,1.68,1.79,2.29,1.85,1.6,2.09,2.17,1.47,1.44,3.83,1.43
3337.45,27,2.94,0.68,2.02,1.44,1.41,2.24,1.72,1.67,1.8,2.24,1.84,1.59,2.08,2.16,1.48,1.43,3.83,1.42
3338.45,27,2.92,0.68,2.01,1.42,1.4,2.23,1.72,1.67,1.79,2.23,1.84,1.59,2.08,2.17,1.47,1.42,3.82,1.42
3339.45,27,2.91,0.69,2.01,1.42,1.42,2.25,1.71,1.67,1.8,2.21,1.85,1.6,2.08,2.17,1.47,1.43,3.83,1.42
3340.45,27,2.89,0.68,2.0,1.42,1.41,2.24,1.7,1.67,1.79,2.18,1.83,1.59,2.07,2.17,1.47,1.42,3.83,1.42
3341.45,27,2.88,0.68,1.99,1.42,1.42,2.24,1.7,1.68,1.8,2.14,1.84,1.59,2.08,2.17,1.48,1.43,3.83,1.42
3342.45,27,2.86,0.68,1.99,1.42,1.42,2.25,1.7,1.67,1.8,2.13,1.84,1.6,2.08,2.17,1.47,1.43,3.84,1.42
3343.47,27,2.84,0.69,1.97,1.41,1.43,2.25,1.69,1.67,1.8,2.1,1.85,1.59,2.09,2.16,1.47,1.42,3.83,1.42
3344.47,27,2.84,0.69,1.97,1.41,1.42,2.25,1.69,1.68,1.81,2.07,1.84,1.59,2.09,2.16,1.47,1.43,3.83,1.43
3345.48,27,2.81,0.68,1.95,1.41,1.43,2.25,1.7,1.68,1.79,2.05,1.83,1.59,2.08,2.16,1.47,1.43,3.82,1.42
3346.5,27,2.79,0.69,1.95,1.41,1.42,2.25,1.69,1.67,1.8,2.02,1.83,1.59,2.07,2.16,1.47,1.43,3.82,1.43
3347.5,27,2.78,0.69,1.94,1.4,1.41,2.24,1.69,1.67,1.81,2.01,1.83,1.59,2.08,2.17,1.47,1.43,3.82,1.42
3348.5,27,2.77,0.69,1.93,1.41,1.42,2.25,1.7,1.68,1.8,1.98,1.84,1.6,2.08,2.16,1.47,1.43,3.83,1.43
3349.5,27,2.75,0.67,1.92,1.41,1.42,2.24,1.71,1.66,1.8,1.94,1.83,1.59,2.06,2.16,1.47,1.42,3.83,1.43
3350.5,27,2.74,0.69,1.91,1.41,1.42,2.25,1.72,1.67,1.81,1.93,1.84,1.59,2.09,2.16,1.48,1.44,3.82,1.43
3351.5,27,2.72,0.69,1.91,1.41,1.42,2.24,1.72,1.67,1.8,1.91,1.83,1.59,2.08,2.16,1.47,1.43,3.83,1.43
3352.5,27,2.71,0.69,1.91,1.42,1.42,2.25,1.73,1.68,1.79,1.9,1.83,1.59,2.08,2.15,1.47,1.44,3.83,1.42
3353.5,27,2.68,0.69,1.9,1.4,1.42,2.24,1.73,1.67,1.79,1.87,1.82,1.59,2.08,2.15,1.47,1.44,3.82,1.42
3354.5,27,2.66,0.68,1.89,1.41,1.41,2.24,1.73,1.66,1.8,1.85,1.82,1.58,2.08,2.16,1.47,1.42,3.83,1.41
3355.5,27,2.65,0.69,1.9,1.4,1.43,2.24,1.75,1.66,1.79,1.84,1.82,1.6,2.08,2.16,1.47,1.43,3.83,1.42
3356.5,27,2.63,0.68,1.9,1.4,1.43,2.25,1.77,1.67,1.81,1.82,1.82,1.59,2.08,2.16,1.48,1.43,3.83,1.43
3357.5,27,2.61,0.68,1.89,1.41,1.41,2.24,1.77,1.68,1.79,1.81,1.82,1.6,2.08,2.15,1.47,1.44,3.82,1.42
3358.52,27,2.6,0.68,1.88,1.4,1.43,2.24,1.77,1.66,1.79,1.8,1.82,1.59,2.09,2.16,1.47,1.44,3.82,1.42
3359.52,27,2.59,0.69,1.89,1.4,1.41,2.25,1.78,1.68,1.8,1.79,1.82,1.6,2.08,2.15,1.48,1.44,3.82,1.43
3360.52,27,2.56,0.68,1.87,1.4,1.41,2.23,1.78,1.66,1.8,1.77,1.82,1.59,2.09,2.15,1.47,1.44,3.83,1.43
3361.52,27,2.55,0.68,1.87,1.39,1.41,2.24,1.78,1.66,1.8,1.75,1.82,1.58,2.09,2.15,1.47,1.44,3.81,1.41
3362.52,27,2.53,0.69,1.88,1.39,1.43,2.25,1.78,1.67,1.81,1.74,1.82,1.59,2.09,2.15,1.48,1.45,3.82,1.42
3363.52,27,2.51,0.68,1.86,1.39,1.41,2.24,1.79,1.67,1.78,1.73,1.82,1.58,2.08,2.14,1.47,1.44,3.8,1.42
3364.52,27,2.5,0.69,1.86,1.39,1.42,2.25,1.79,1.67,1.8,1.73,1.82,1.59,2.1,2.15,1.47,1.44,3.82,1.43
3365.52,27,2.48,0.69,1.86,1.39,1.43,2.25,1.79,1.67,1.8,1.72,1.82,1.59,2.1,2.16,1.48,1.44,3.83,1.43
3366.52,27,2.47,0.68,1.85,1.39,1.41,2.25,1.78,1.67,1.8,1.7,1.82,1.58,2.09,2.15,1.47,1.43,3.81,1.42
3367.52,27,2.47,0.68,1.85,1.38,1.41,2.24,1.78,1.66,1.79,1.69,1.81,1.58,2.08,2.15,1.47,1.44,3.81,1.42
3368.53,27,2.45,0.68,1.84,1.39,1.41,2.24,1.79,1.66,1.79,1.69,1.82,1.57,2.09,2.14,1.47,1.44,3.8,1.41
3369.53,27,2.44,0.68,1.84,1.39,1.42,2.24,1.78,1.66,1.8,1.67,1.82,1.58,2.09,2.14,1.48,1.43,3.8,1.41
3370.53,27,2.43,0.68,1.85,1.39,1.42,2.24,1.79,1.66,1.8,1.66,1.82,1.59,2.1,2.15,1.48,1.45,3.8,1.41
3371.53,27,2.42,0.68,1.84,1.38,1.41,2.23,1.79,1.67,1.78,1.64,1.81,1.58,2.09,2.15,1.47,1.43,3.8,1.41
3372.53,27,2.42,0.68,1.85,1.38,1.42,2.26,1.8,1.68,1.81,1.64,1.82,1.59,2.11,2.15,1.48,1.45,3.81,1.42
3373.53,27,2.39,0.68,1.84,1.37,1.42,2.24,1.8,1.66,1.8,1.64,1.81,1.58,2.1,2.15,1.48,1.45,3.79,1.43
3374.53,27,2.38,0.69,1.84,1.39,1.43,2.25,1.8,1.69,1.8,1.64,1.81,1.6,2.1,2.16,1.49,1.44,3.79,1.42
3375.53,27,2.37,0.69,1.85,1.38,1.42,2.25,1.79,1.68,1.81,1.62,1.82,1.59,2.09,2.15,1.48,1.46,3.8,1.44
3376.53,27,2.36,0.69,1.84,1.38,1.42,2.25,1.79,1.67,1.81,1.61,1.82,1.59,2.1,2.15,1.47,1.45,3.79,1.43
3377.53,27,2.35,0.69,1.84,1.37,1.41,2.25,1.78,1.67,1.8,1.6,1.81,1.59,2.1,2.15,1.49,1.44,3.79,1.42
3378.53,27,2.34,0.68,1.84,1.37,1.42,2.26,1.78,1.68,1.81,1.6,1.82,1.58,2.09,2.14,1.47,1.45,3.79,1.43
3379.55,27,2.32,0.68,1.83,1.36,1.41,2.24,1.77,1.68,1.79,1.59,1.81,1.59,2.09,2.14,1.48,1.45,3.78,1.42
3380.55,27,2.31,0.68,1.84,1.37,1.41,2.25,1.77,1.68,1.8,1.6,1.81,1.58,2.1,2.15,1.48,1.45,3.78,1.42
3381.55,27,2.31,0.68,1.84,1.37,1.42,2.25,1.77,1.67,1.79,1.6,1.82,1.59,2.11,2.15,1.48,1.45,3.78,1.42
3382.55,27,2.29,0.67,1.83,1.36,1.41,2.25,1.76,1.67,1.8,1.6,1.81,1.57,2.09,2.15,1.47,1.45,3.77,1.41
3383.55,27,2.27,0.67,1.82,1.36,1.41,2.24,1.76,1.66,1.79,1.6,1.81,1.57,2.08,2.13,1.47,1.43,3.75,1.41
3384.55,27,2.28,0.67,1.82,1.35,1.42,2.23,1.76,1.67,1.8,1.61,1.81,1.58,2.09,2.15,1.47,1.44,3.76,1.41
3385.55,27,2.28,0.68,1.82,1.35,1.41,2.25,1.76,1.68,1.8,1.6,1.8,1.59,2.09,2.15,1.47,1.44,3.76,1.42
3386.55,27,2.27,0.68,1.83,1.36,1.41,2.24,1.77,1.67,1.8,1.61,1.8,1.6,2.09,2.15,1.47,1.45,3.76,1.43
3387.55,27,2.26,0.69,1.83,1.36,1.41,2.24,1.78,1.66,1.8,1.61,1.81,1.59,2.09,2.15,1.47,1.45,3.75,1.41
3388.57,27,2.26,0.69,1.83,1.36,1.43,2.27,1.79,1.68,1.81,1.61,1.82,1.58,2.11,2.16,1.48,1.46,3.77,1.42
3389.57,27,2.25,0.68,1.82,1.36,1.42,2.25,1.79,1.68,1.8,1.59,1.81,1.59,2.09,2.15,1.48,1.46,3.76,1.42
3390.57,27,2.24,0.68,1.82,1.37,1.41,2.25,1.79,1.67,1.8,1.59,1.81,1.59,2.09,2.15,1.48,1.46,3.74,1.42
3391.57,27,2.23,0.68,1.82,1.36,1.42,2.23,1.8,1.67,1.8,1.58,1.81,1.6,2.09,2.15,1.48,1.45,3.75,1.42
3392.57,27,2.23,0.69,1.82,1.35,1.41,2.24,1.81,1.67,1.8,1.59,1.81,1.59,2.09,2.15,1.48,1.45,3.74,1.41
3393.57,27,2.23,0.68,1.82,1.35,1.42,2.24,1.82,1.67,1.81,1.57,1.82,1.58,2.08,2.15,1.47,1.45,3.74,1.41
3394.57,27,2.23,0.69,1.83,1.35,1.42,2.25,1.82,1.68,1.8,1.57,1.81,1.59,2.09,2.15,1.48,1.45,3.74,1.42
3395.57,27,2.21,0.68,1.82,1.34,1.42,2.24,1.83,1.67,1.8,1.56,1.81,1.6,2.08,2.15,1.48,1.44,3.73,1.41
3396.57,27,2.21,0.69,1.82,1.36,1.42,2.25,1.85,1.68,1.81,1.58,1.82,1.6,2.09,2.16,1.49,1.46,3.73,1.42
3397.57,27,2.21,0.69,1.82,1.35,1.41,2.25,1.85,1.67,1.8,1.57,1.8,1.58,2.09,2.14,1.48,1.44,3.72,1.41
3398.58,27,2.21,0.69,1.83,1.36,1.41,2.24,1.87,1.67,1.81,1.58,1.82,1.59,2.09,2.15,1.49,1.46,3.72,1.42
3399.58,27,2.21,0.68,1.82,1.34,1.41,2.24,1.88,1.66,1.8,1.56,1.81,1.58,2.09,2.14,1.47,1.45,3.72,1.4
3400.58,27,2.22,0.69,1.83,1.36,1.43,2.25,1.9,1.67,1.81,1.57,1.82,1.6,2.09,2.16,1.48,1.46,3.72,1.42
3401.58,27,2.22,0.69,1.82,1.35,1.41,2.25,1.91,1.67,1.8,1.56,1.82,1.6,2.09,2.15,1.48,1.45,3.71,1.41
3402.6,27,2.23,0.69,1.82,1.36,1.42,2.25,1.92,1.69,1.81,1.57,1.82,1.6,2.1,2.15,1.48,1.46,3.71,1.43
3403.6,27,2.22,0.68,1.81,1.34,1.41,2.23,1.92,1.66,1.79,1.55,1.8,1.58,2.08,2.14,1.47,1.43,3.69,1.41
3404.6,27,2.23,0.69,1.82,1.35,1.41,2.23,1.94,1.68,1.81,1.55,1.82,1.6,2.09,2.16,1.47,1.45,3.7,1.41
3405.6,27,2.23,0.68,1.81,1.35,1.42,2.25,1.96,1.67,1.81,1.55,1.81,1.59,2.1,2.15,1.47,1.44,3.7,1.41
3406.6,27,2.25,0.69,1.82,1.35,1.42,2.25,1.99,1.69,1.81,1.55,1.82,1.6,2.1,2.16,1.49,1.46,3.71,1.42
3407.62,27,2.25,0.69,1.83,1.35,1.42,2.25,1.98,1.68,1.8,1.54,1.82,1.59,2.09,2.15,1.47,1.46,3.69,1.42
3408.62,27,2.24,0.68,1.81,1.36,1.41,2.24,1.98,1.66,1.79,1.53,1.81,1.59,2.1,2.15,1.47,1.45,3.69,1.41
3409.62,27,2.24,0.69,1.82,1.36,1.41,2.25,2.0,1.68,1.8,1.53,1.81,1.6,2.09,2.16,1.48,1.45,3.69,1.42
3410.62,27,2.25,0.68,1.82,1.35,1.41,2.25,2.0,1.67,1.81,1.53,1.81,1.59,2.09,2.15,1.47,1.46,3.69,1.41
3411.62,27,2.25,0.68,1.81,1.36,1.42,2.25,2.01,1.68,1.8,1.54,1.81,1.59,2.09,2.16,1.47,1.45,3.68,1.4
3412.62,27,2.24,0.67,1.8,1.34,1.4,2.23,2.01,1.66,1.8,1.52,1.8,1.58,2.08,2.15,1.47,1.44,3.67,1.41
3413.62,27,2.25,0.67,1.85,1.35,1.4,2.24,2.02,1.67,1.8,1.54,1.81,1.59,2.08,2.15,1.47,1.44,3.67,1.39
3414.62,27,2.33,0.74,2.41,1.41,1.45,2.34,2.14,1.67,1.94,1.67,1.81,1.76,2.1,2.15,1.58,1.45,3.67,1.47
3415.62,27,2.64,0.84,2.78,1.71,1.58,2.45,2.36,1.71,2.04,2.09,1.88,1.92,2.19,2.2,1.73,1.47,3.72,1.54
3416.63,27,2.91,0.91,2.98,1.94,1.67,2.49,2.49,1.83,2.11,2.37,2.03,2.01,2.28,2.31,1.83,1.5,3.79,1.56
3417.63,27,3.09,0.94,3.08,2.09,1.72,2.52,2.54,1.96,2.15,2.55,2.15,2.04,2.31,2.4,1.87,1.51,3.81,1.56
3418.63,27,3.2,0.95,3.13,2.15,1.74,2.54,2.56,2.03,2.13,2.66,2.24,2.04,2.34,2.47,1.9,1.5,3.83,1.55
3419.63,27,3.28,0.94,3.15,2.19,1.74,2.53,2.56,2.08,2.13,2.75,2.29,2.02,2.34,2.5,1.9,1.5,3.84,1.56
3420.65,27,3.33,0.95,3.18,2.22,1.73,2.52,2.56,2.08,2.12,2.79,2.31,2.01,2.34,2.5,1.89,1.49,3.84,1.55
3421.65,27,3.33,0.93,3.18,2.21,1.71,2.52,2.53,2.05,2.08,2.8,2.31,1.98,2.32,2.49,1.88,1.47,3.81,1.54
3422.65,27,3.34,0.91,3.17,2.22,1.68,2.49,2.52,2.02,2.07,2.81,2.32,1.96,2.3,2.47,1.87,1.47,3.82,1.51
3423.65,27,3.35,0.88,3.15,2.21,1.65,2.47,2.49,2.0,2.04,2.82,2.3,1.93,2.27,2.46,1.86,1.47,3.8,1.51
3424.65,27,3.35,0.87,3.15,2.2,1.63,2.48,2.48,1.97,2.03,2.81,2.29,1.92,2.28,2.44,1.83,1.47,3.79,1.51
3425.65,27,3.35,0.86,3.16,2.19,1.61,2.47,2.47,1.97,2.0,2.82,2.27,1.91,2.25,2.43,1.82,1.47,3.79,1.49
3426.67,27,3.35,0.85,3.13,2.18,1.6,2.46,2.45,1.95,2.0,2.8,2.25,1.88,2.25,2.4,1.81,1.47,3.78,1.49
3427.67,27,3.33,0.83,3.1,2.14,1.55,2.43,2.41,1.91,1.97,2.78,2.23,1.85,2.23,2.37,1.78,1.46,3.75,1.47
3428.67,27,3.32,0.82,3.08,2.13,1.54,2.42,2.37,1.88,1.95,2.77,2.21,1.84,2.21,2.35,1.76,1.43,3.75,1.47
3429.67,27,3.32,0.8,3.05,2.11,1.51,2.39,2.36,1.85,1.92,2.76,2.19,1.81,2.2,2.33,1.74,1.44,3.73,1.47
3430.67,27,3.31,0.8,3.04,2.09,1.5,2.38,2.34,1.82,1.91,2.75,2.16,1.78,2.2,2.32,1.71,1.45,3.71,1.45
3431.68,27,3.29,0.77,2.99,2.07,1.48,2.37,2.33,1.8,1.9,2.74,2.13,1.75,2.2,2.3,1.68,1.44,3.71,1.45
3432.68,27,3.27,0.76,2.96,2.04,1.47,2.35,2.29,1.76,1.89,2.72,2.11,1.72,2.18,2.28,1.66,1.42,3.68,1.43
3433.68,27,3.25,0.75,2.92,2.01,1.47,2.34,2.26,1.74,1.87,2.71,2.07,1.71,2.17,2.27,1.64,1.43,3.67,1.43
3434.68,27,3.24,0.75,2.9,2.0,1.46,2.34,2.25,1.73,1.87,2.7,2.04,1.69,2.17,2.25,1.63,1.42,3.67,1.43
3435.68,27,3.23,0.74,2.87,1.97,1.44,2.33,2.23,1.71,1.86,2.68,2.01,1.67,2.17,2.24,1.61,1.42,3.64,1.42
3436.7,27,3.2,0.73,2.83,1.94,1.43,2.31,2.21,1.7,1.84,2.65,1.98,1.65,2.15,2.23,1.58,1.41,3.64,1.41
3437.7,27,3.18,0.73,2.79,1.91,1.44,2.31,2.19,1.69,1.84,2.64,1.95,1.66,2.14,2.23,1.58,1.41,3.62,1.41
3438.7,27,3.18,0.72,2.77,1.91,1.43,2.31,2.18,1.7,1.85,2.62,1.94,1.66,2.14,2.22,1.58,1.42,3.63,1.4
3439.72,27,3.16,0.71,2.75,1.9,1.43,2.3,2.15,1.7,1.83,2.6,1.91,1.65,2.13,2.21,1.56,1.4,3.6,1.4
3440.72,27,3.14,0.7,2.71,1.86,1.43,2.29,2.13,1.7,1.82,2.59,1.9,1.64,2.11,2.19,1.55,1.4,3.59,1.4
3441.72,27,3.11,0.69,2.67,1.85,1.41,2.27,2.11,1.69,1.82,2.56,1.88,1.64,2.11,2.18,1.54,1.4,3.57,1.39
3442.72,27,3.1,0.69,2.63,1.83,1.41,2.27,2.08,1.69,1.82,2.54,1.86,1.62,2.11,2.17,1.54,1.39,3.56,1.39
3443.72,27,3.1,0.7,2.62,1.82,1.42,2.27,2.08,1.71,1.82,2.54,1.87,1.62,2.11,2.18,1.54,1.41,3.56,1.39
3444.73,27,3.09,0.69,2.6,1.81,1.41,2.28,2.06,1.71,1.82,2.52,1.85,1.63,2.11,2.18,1.53,1.41,3.56,1.39
3445.73,27,3.08,0.69,2.55,1.8,1.4,2.27,2.03,1.71,1.82,2.51,1.86,1.62,2.11,2.17,1.53,1.4,3.54,1.39
3446.73,27,3.06,0.69,2.52,1.77,1.41,2.26,2.01,1.7,1.81,2.49,1.84,1.61,2.11,2.16,1.5,1.39,3.53,1.39
3447.73,27,3.05,0.7,2.49,1.77,1.41,2.26,2.01,1.71,1.82,2.49,1.85,1.63,2.11,2.17,1.52,1.41,3.53,1.39
3448.73,27,3.05,0.69,2.47,1.75,1.4,2.26,1.99,1.72,1.82,2.47,1.85,1.62,2.11,2.18,1.52,1.41,3.51,1.39
3449.73,27,3.02,0.69,2.43,1.72,1.4,2.26,1.95,1.7,1.8,2.46,1.84,1.6,2.11,2.17,1.5,1.39,3.5,1.38
3450.75,27,3.02,0.69,2.4,1.69,1.4,2.26,1.94,1.7,1.81,2.44,1.83,1.61,2.1,2.17,1.51,1.4,3.5,1.38
3451.75,27,3.0,0.69,2.35,1.68,1.39,2.26,1.92,1.69,1.8,2.42,1.84,1.61,2.1,2.17,1.49,1.39,3.49,1.39
3452.75,27,2.99,0.69,2.33,1.65,1.41,2.24,1.9,1.69,1.79,2.43,1.83,1.6,2.1,2.17,1.5,1.41,3.48,1.39
3453.75,27,2.96,0.69,2.27,1.62,1.4,2.25,1.87,1.69,1.81,2.4,1.83,1.59,2.09,2.17,1.5,1.39,3.48,1.38
3454.77,27,2.95,0.69,2.24,1.59,1.4,2.25,1.86,1.68,1.8,2.39,1.83,1.59,2.09,2.16,1.49,1.39,3.46,1.38
3455.77,27,2.94,0.69,2.22,1.58,1.4,2.25,1.83,1.68,1.8,2.37,1.82,1.59,2.08,2.15,1.48,1.39,3.46,1.38
3456.77,27,2.92,0.68,2.18,1.55,1.4,2.24,1.81,1.67,1.8,2.35,1.82,1.59,2.08,2.16,1.47,1.39,3.45,1.37
3457.77,27,2.91,0.68,2.16,1.54,1.4,2.24,1.8,1.68,1.79,2.34,1.82,1.59,2.08,2.16,1.47,1.39,3.45,1.37
3458.77,27,2.91,0.69,2.11,1.52,1.41,2.25,1.79,1.67,1.79,2.33,1.82,1.59,2.08,2.16,1.48,1.4,3.45,1.39
3459.77,27,2.89,0.69,2.08,1.49,1.41,2.25,1.75,1.68,1.8,2.31,1.82,1.59,2.08,2.15,1.47,1.4,3.44,1.37
3460.77,27,2.88,0.69,2.06,1.48,1.41,2.24,1.73,1.68,1.8,2.29,1.82,1.59,2.08,2.16,1.48,1.4,3.44,1.39
3461.77,27,2.84,0.66,2.02,1.47,1.4,2.23,1.71,1.67,1.79,2.26,1.81,1.58,2.07,2.14,1.47,1.39,3.42,1.38
3462.77,27,2.83,0.68,2.0,1.47,1.41,2.24,1.69,1.67,1.79,2.24,1.82,1.59,2.07,2.15,1.47,1.4,3.41,1.39
3463.77,27,2.81,0.68,1.97,1.46,1.41,2.25,1.67,1.68,1.79,2.23,1.82,1.6,2.08,2.16,1.47,1.4,3.42,1.39
3464.77,27,2.78,0.67,1.95,1.43,1.41,2.24,1.64,1.67,1.8,2.2,1.81,1.57,2.06,2.14,1.47,1.39,3.41,1.38
3465.77,27,2.77,0.68,1.93,1.44,1.42,2.25,1.63,1.67,1.8,2.19,1.81,1.6,2.06,2.14,1.47,1.4,3.41,1.39
3466.77,27,2.75,0.67,1.93,1.43,1.41,2.25,1.61,1.66,1.78,2.15,1.81,1.59,2.07,2.14,1.47,1.4,3.4,1.38
3467.77,27,2.74,0.68,1.91,1.43,1.42,2.25,1.59,1.67,1.8,2.13,1.82,1.6,2.07,2.15,1.47,1.4,3.4,1.39
3468.77,27,2.71,0.67,1.9,1.41,1.41,2.25,1.56,1.66,1.8,2.11,1.82,1.59,2.06,2.15,1.47,1.39,3.4,1.39
3469.78,27,2.68,0.67,1.88,1.42,1.41,2.24,1.55,1.66,1.8,2.09,1.81,1.59,2.06,2.14,1.47,1.39,3.41,1.39
3470.78,27,2.65,0.67,1.87,1.41,1.4,2.24,1.52,1.67,1.8,2.06,1.81,1.59,2.05,2.15,1.47,1.39,3.38,1.38
3471.78,27,2.62,0.67,1.88,1.41,1.4,2.24,1.51,1.67,1.79,2.02,1.81,1.58,2.06,2.14,1.47,1.39,3.4,1.39
3472.78,27,2.6,0.66,1.87,1.4,1.4,2.23,1.49,1.66,1.79,2.01,1.81,1.59,2.06,2.14,1.47,1.39,3.39,1.37
3473.78,27,2.56,0.66,1.86,1.4,1.4,2.23,1.47,1.66,1.78,1.98,1.8,1.58,2.06,2.13,1.46,1.39,3.39,1.39
3474.78,27,2.55,0.67,1.86,1.39,1.41,2.24,1.47,1.66,1.79,1.95,1.8,1.58,2.06,2.15,1.46,1.39,3.38,1.38
3475.78,27,2.51,0.67,1.86,1.39,1.4,2.24,1.45,1.66,1.78,1.92,1.8,1.57,2.05,2.14,1.46,1.39,3.36,1.39
3476.78,27,2.47,0.67,1.85,1.39,1.4,2.23,1.43,1.64,1.78,1.89,1.81,1.57,2.05,2.13,1.45,1.39,3.38,1.37
3477.78,27,2.47,0.67,1.84,1.38,1.4,2.23,1.43,1.65,1.78,1.89,1.81,1.58,2.05,2.13,1.46,1.39,3.37,1.39
3478.78,27,2.44,0.67,1.85,1.39,1.41,2.25,1.42,1.66,1.8,1.87,1.81,1.59,2.06,2.14,1.46,1.4,3.38,1.38
3479.78,27,2.41,0.67,1.84,1.39,1.41,2.24,1.42,1.66,1.81,1.84,1.8,1.59,2.06,2.14,1.46,1.39,3.37,1.38
3480.8,27,2.38,0.66,1.83,1.39,1.4,2.23,1.4,1.66,1.79,1.82,1.8,1.58,2.05,2.14,1.46,1.39,3.36,1.37
3481.8,27,2.35,0.67,1.82,1.38,1.4,2.23,1.4,1.65,1.79,1.81,1.8,1.57,2.05,2.13,1.46,1.39,3.36,1.38
3482.8,27,2.34,0.66,1.82,1.37,1.4,2.23,1.4,1.66,1.79,1.79,1.8,1.57,2.04,2.14,1.46,1.39,3.36,1.39
3483.8,27,2.32,0.66,1.82,1.37,1.4,2.24,1.39,1.67,1.79,1.78,1.8,1.58,2.05,2.14,1.46,1.39,3.36,1.37
3484.8,27,2.3,0.67,1.82,1.39,1.41,2.23,1.39,1.66,1.79,1.78,1.81,1.58,2.05,2.14,1.46,1.39,3.36,1.39
3485.8,27,2.27,0.66,1.82,1.37,1.39,2.23,1.39,1.65,1.79,1.76,1.8,1.57,2.05,2.13,1.45,1.39,3.36,1.38
3486.82,27,2.25,0.66,1.81,1.36,1.4,2.23,1.38,1.66,1.78,1.75,1.8,1.57,2.04,2.13,1.45,1.39,3.35,1.37
3487.82,27,2.23,0.66,1.81,1.36,1.4,2.23,1.39,1.66,1.79,1.74,1.8,1.57,2.05,2.13,1.45,1.39,3.36,1.38
3488.82,27,2.23,0.66,1.8,1.37,1.4,2.23,1.38,1.66,1.78,1.73,1.8,1.58,2.05,2.14,1.45,1.39,3.36,1.37
3489.83,27,2.2,0.66,1.81,1.37,1.41,2.23,1.39,1.65,1.79,1.72,1.81,1.57,2.05,2.13,1.45,1.39,3.35,1.37
3490.83,27,2.19,0.67,1.82,1.38,1.41,2.25,1.39,1.67,1.8,1.73,1.81,1.58,2.06,2.14,1.46,1.41,3.36,1.39
3491.83,27,2.16,0.66,1.81,1.37,1.4,2.23,1.38,1.66,1.79,1.71,1.81,1.57,2.05,2.13,1.45,1.39,3.35,1.39
3492.83,27,2.14,0.66,1.8,1.36,1.4,2.23,1.38,1.65,1.77,1.7,1.8,1.57,2.04,2.13,1.45,1.39,3.35,1.38
3493.83,27,2.13,0.67,1.79,1.36,1.4,2.23,1.39,1.66,1.79,1.69,1.81,1.56,2.05,2.12,1.46,1.39,3.35,1.38
3494.83,27,2.11,0.66,1.8,1.37,1.4,2.25,1.39,1.65,1.8,1.68,1.81,1.57,2.06,2.14,1.47,1.4,3.35,1.38
3495.85,27,2.1,0.66,1.79,1.36,1.41,2.24,1.4,1.66,1.79,1.67,1.81,1.57,2.05,2.14,1.46,1.4,3.34,1.39
3496.85,27,2.08,0.66,1.79,1.35,1.4,2.23,1.4,1.66,1.79,1.64,1.8,1.58,2.04,2.12,1.46,1.4,3.35,1.39
3497.85,27,2.05,0.66,1.79,1.36,1.4,2.23,1.41,1.66,1.79,1.64,1.81,1.56,2.05,2.13,1.45,1.39,3.33,1.38
3498.85,27,2.05,0.66,1.79,1.35,1.4,2.23,1.42,1.66,1.78,1.63,1.81,1.58,2.06,2.13,1.46,1.4,3.34,1.39
3499.85,27,2.02,0.67,1.79,1.35,1.4,2.24,1.41,1.65,1.78,1.6,1.8,1.58,2.05,2.13,1.45,1.39,3.34,1.38
3500.87,27,2.01,0.67,1.77,1.34,1.41,2.23,1.41,1.66,1.78,1.59,1.8,1.57,2.05,2.12,1.46,1.4,3.33,1.39
3501.87,27,1.98,0.65,1.77,1.35,1.39,2.23,1.42,1.64,1.77,1.58,1.8,1.57,2.05,2.13,1.45,1.39,3.33,1.38
3502.87,27,1.96,0.65,1.76,1.32,1.39,2.23,1.41,1.65,1.77,1.56,1.8,1.56,2.04,2.12,1.45,1.39,3.33,1.38
3503.87,27,1.95,0.67,1.77,1.35,1.4,2.23,1.43,1.67,1.79,1.55,1.8,1.56,2.05,2.13,1.44,1.39,3.33,1.38
3504.88,27,1.93,0.66,1.77,1.34,1.39,2.23,1.43,1.65,1.78,1.54,1.8,1.56,2.04,2.12,1.45,1.39,3.33,1.38
3505.88,27,1.91,0.66,1.77,1.35,1.4,2.23,1.43,1.66,1.78,1.52,1.79,1.57,2.05,2.13,1.45,1.4,3.33,1.39
3506.88,27,1.89,0.67,1.77,1.34,1.4,2.23,1.42,1.65,1.78,1.52,1.8,1.57,2.05,2.12,1.45,1.39,3.32,1.39
3507.88,27,1.88,0.67,1.78,1.34,1.4,2.23,1.43,1.66,1.8,1.51,1.8,1.57,2.05,2.14,1.45,1.4,3.33,1.39
3508.88,27,1.86,0.67,1.77,1.35,1.4,2.23,1.43,1.66,1.79,1.5,1.8,1.57,2.04,2.12,1.46,1.41,3.32,1.38
3509.9,27,1.84,0.67,1.77,1.34,1.4,2.24,1.43,1.67,1.79,1.48,1.8,1.58,2.04,2.13,1.46,1.4,3.33,1.39
3510.9,27,1.83,0.67,1.78,1.33,1.42,2.23,1.43,1.66,1.79,1.47,1.8,1.58,2.05,2.14,1.46,1.4,3.33,1.39
3511.9,27,1.81,0.67,1.76,1.33,1.4,2.23,1.42,1.65,1.78,1.47,1.8,1.56,2.05,2.13,1.46,1.4,3.32,1.38
3512.92,27,1.81,0.66,1.76,1.33,1.4,2.23,1.43,1.66,1.79,1.46,1.8,1.57,2.05,2.13,1.45,1.39,3.32,1.38
3513.92,27,1.79,0.65,1.76,1.33,1.4,2.23,1.42,1.65,1.78,1.46,1.8,1.58,2.04,2.12,1.45,1.4,3.32,1.39
3514.92,27,1.78,0.67,1.76,1.33,1.4,2.24,1.42,1.66,1.79,1.45,1.79,1.57,2.04,2.12,1.46,1.41,3.32,1.39
3515.92,27,1.78,0.67,1.76,1.33,1.4,2.23,1.42,1.66,1.78,1.43,1.79,1.57,2.04,2.14,1.45,1.4,3.32,1.38
3516.92,27,1.76,0.66,1.76,1.31,1.4,2.23,1.42,1.66,1.77,1.42,1.79,1.55,2.05,2.12,1.46,1.39,3.31,1.37
3517.92,27,1.75,0.66,1.76,1.32,1.4,2.23,1.42,1.65,1.79,1.41,1.8,1.57,2.03,2.13,1.44,1.4,3.31,1.39
3518.92,27,1.74,0.66,1.76,1.32,1.4,2.23,1.41,1.66,1.77,1.41,1.79,1.56,2.05,2.12,1.44,1.39,3.31,1.37
3519.93,27,1.74,0.67,1.75,1.33,1.41,2.23,1.41,1.65,1.78,1.4,1.8,1.56,2.04,2.13,1.46,1.4,3.31,1.38
3520.93,27,1.73,0.66,1.75,1.32,1.4,2.23,1.4,1.66,1.78,1.4,1.79,1.56,2.05,2.13,1.46,1.4,3.3,1.39
3521.93,27,1.72,0.66,1.76,1.32,1.4,2.24,1.39,1.65,1.79,1.39,1.8,1.57,2.04,2.14,1.45,1.4,3.31,1.39
3522.93,27,1.72,0.67,1.76,1.33,1.41,2.23,1.39,1.66,1.79,1.39,1.8,1.57,2.04,2.14,1.45,1.41,3.3,1.39
3523.95,27,1.72,0.67,1.75,1.33,1.4,2.23,1.39,1.66,1.78,1.39,1.79,1.57,2.05,2.13,1.46,1.4,3.29,1.38
3524.95,27,1.71,0.67,1.76,1.33,1.4,2.23,1.39,1.66,1.8,1.38,1.79,1.56,2.05,2.13,1.46,1.41,3.3,1.38
3525.95,27,1.71,0.67,1.76,1.33,1.4,2.23,1.39,1.66,1.78,1.38,1.8,1.57,2.05,2.13,1.45,1.4,3.29,1.38
3526.95,27,1.72,0.68,1.76,1.34,1.42,2.23,1.39,1.67,1.79,1.38,1.81,1.58,2.06,2.14,1.47,1.42,3.3,1.39
3527.95,27,1.7,0.67,1.76,1.33,1.4,2.23,1.39,1.66,1.78,1.36,1.8,1.57,2.04,2.13,1.45,1.4,3.29,1.38
3528.95,27,1.7,0.66,1.76,1.32,1.4,2.23,1.4,1.66,1.79,1.38,1.8,1.58,2.04,2.13,1.46,1.4,3.28,1.39
3529.97,27,1.69,0.67,1.75,1.32,1.4,2.24,1.4,1.66,1.79,1.38,1.8,1.58,2.05,2.14,1.46,1.4,3.29,1.39
3530.97,27,1.68,0.67,1.75,1.32,1.41,2.23,1.4,1.67,1.78,1.37,1.79,1.57,2.04,2.13,1.46,1.4,3.28,1.39
3531.97,27,1.67,0.66,1.75,1.31,1.4,2.22,1.4,1.65,1.76,1.36,1.79,1.56,2.04,2.13,1.45,1.39,3.27,1.38
3532.97,27,1.66,0.66,1.75,1.32,1.4,2.23,1.41,1.65,1.77,1.35,1.8,1.56,2.04,2.13,1.45,1.41,3.27,1.39
3533.97,27,1.65,0.67,1.75,1.33,1.4,2.24,1.42,1.66,1.78,1.36,1.8,1.57,2.05,2.13,1.46,1.4,3.28,1.39
3534.97,27,1.64,0.66,1.74,1.32,1.4,2.23,1.43,1.65,1.78,1.35,1.8,1.57,2.02,2.13,1.45,1.4,3.26,1.38
3535.97,27,1.64,0.68,1.75,1.34,1.42,2.23,1.44,1.65,1.79,1.36,1.81,1.58,2.05,2.14,1.47,1.41,3.27,1.38
3536.97,27,1.63,0.66,1.75,1.33,1.4,2.23,1.43,1.66,1.79,1.35,1.79,1.57,2.03,2.13,1.45,1.4,3.27,1.38
3537.98,27,1.62,0.67,1.75,1.34,1.4,2.23,1.45,1.66,1.79,1.35,1.8,1.56,2.05,2.13,1.46,1.4,3.27,1.38
3538.98,27,1.63,0.68,1.76,1.35,1.42,2.24,1.46,1.66,1.8,1.36,1.81,1.58,2.05,2.14,1.46,1.42,3.27,1.39
3539.98,27,1.62,0.67,1.76,1.33,1.4,2.23,1.46,1.67,1.78,1.34,1.79,1.57,2.05,2.13,1.46,1.4,3.25,1.38
3540.98,27,1.6,0.67,1.75,1.34,1.41,2.24,1.47,1.66,1.79,1.34,1.8,1.57,2.04,2.13,1.46,1.41,3.24,1.38
3542.0,27,1.6,0.67,1.75,1.33,1.4,2.24,1.47,1.66,1.79,1.33,1.79,1.57,2.04,2.13,1.45,1.41,3.25,1.38
3543.0,27,1.59,0.66,1.75,1.32,1.4,2.24,1.47,1.65,1.79,1.33,1.79,1.57,2.05,2.12,1.46,1.4,3.23,1.38
3544.0,27,1.6,0.68,1.75,1.33,1.41,2.24,1.5,1.66,1.79,1.33,1.8,1.56,2.05,2.14,1.47,1.42,3.25,1.38
3545.0,27,1.59,0.67,1.75,1.33,1.41,2.23,1.51,1.67,1.79,1.33,1.8,1.57,2.05,2.13,1.47,1.42,3.24,1.38
3546.02,27,1.59,0.66,1.75,1.33,1.41,2.24,1.52,1.65,1.79,1.33,1.8,1.58,2.05,2.13,1.46,1.4,3.25,1.39
3547.02,27,1.58,0.67,1.75,1.34,1.4,2.24,1.52,1.66,1.79,1.33,1.8,1.57,2.05,2.14,1.46,1.41,3.24,1.39
3548.03,27,1.59,0.68,1.75,1.35,1.41,2.24,1.55,1.68,1.8,1.33,1.81,1.58,2.06,2.14,1.47,1.42,3.23,1.39
3549.03,27,1.58,0.67,1.75,1.34,1.41,2.23,1.55,1.66,1.8,1.31,1.8,1.57,2.05,2.13,1.46,1.4,3.24,1.39
3550.03,27,1.59,0.67,1.75,1.33,1.42,2.23,1.55,1.66,1.78,1.32,1.8,1.57,2.04,2.13,1.47,1.4,3.23,1.39
3551.03,27,1.59,0.66,1.74,1.32,1.4,2.23,1.55,1.66,1.79,1.31,1.78,1.56,2.03,2.12,1.45,1.4,3.21,1.38
3552.03,27,1.59,0.67,1.74,1.34,1.41,2.23,1.57,1.66,1.8,1.31,1.8,1.58,2.04,2.14,1.46,1.4,3.22,1.39
3553.03,27,1.59,0.67,1.75,1.34,1.4,2.25,1.58,1.67,1.8,1.31,1.8,1.58,2.06,2.14,1.47,1.41,3.22,1.39
3554.03,27,1.57,0.65,1.73,1.32,1.4,2.22,1.56,1.65,1.77,1.3,1.78,1.56,2.04,2.12,1.44,1.39,3.19,1.38
3555.03,27,1.61,0.66,1.74,1.34,1.41,2.25,1.59,1.66,1.8,1.31,1.8,1.58,2.05,2.13,1.46,1.42,3.21,1.39
3556.05,27,1.6,0.68,1.74,1.35,1.41,2.24,1.61,1.66,1.79,1.3,1.8,1.58,2.05,2.14,1.47,1.41,3.22,1.39
3557.05,27,1.6,0.67,1.74,1.33,1.42,2.24,1.6,1.66,1.79,1.3,1.8,1.57,2.05,2.13,1.46,1.41,3.21,1.39
3558.05,27,1.62,0.68,1.75,1.34,1.41,2.24,1.61,1.66,1.8,1.3,1.79,1.58,2.06,2.13,1.46,1.42,3.21,1.39
3559.05,27,1.62,0.67,1.74,1.33,1.41,2.24,1.61,1.66,1.79,1.31,1.81,1.58,2.06,2.15,1.46,1.42,3.21,1.39
3560.05,27,1.62,0.67,1.75,1.34,1.42,2.24,1.61,1.66,1.79,1.3,1.81,1.58,2.06,2.13,1.47,1.4,3.2,1.39
3561.05,27,1.61,0.66,1.74,1.32,1.4,2.23,1.6,1.66,1.78,1.29,1.79,1.57,2.05,2.12,1.44,1.4,3.19,1.39
3562.05,27,1.62,0.68,1.74,1.34,1.41,2.23,1.61,1.66,1.77,1.3,1.8,1.57,2.06,2.14,1.46,1.41,3.19,1.39
3563.05,27,1.63,0.67,1.74,1.33,1.4,2.23,1.62,1.66,1.79,1.29,1.8,1.57,2.05,2.14,1.45,1.41,3.19,1.39
3564.05,27,1.62,0.67,1.74,1.33,1.4,2.23,1.63,1.66,1.78,1.29,1.79,1.58,2.06,2.13,1.46,1.4,3.18,1.38
3565.07,27,1.63,0.67,1.74,1.33,1.41,2.23,1.63,1.67,1.79,1.29,1.8,1.57,2.06,2.14,1.46,1.4,3.19,1.39
3566.07,27,1.64,0.68,1.75,1.34,1.41,2.24,1.64,1.66,1.81,1.28,1.8,1.58,2.06,2.14,1.47,1.41,3.19,1.39
3567.07,27,1.64,0.68,1.74,1.33,1.42,2.23,1.63,1.66,1.8,1.29,1.81,1.58,2.07,2.14,1.46,1.41,3.18,1.39
3568.07,27,1.64,0.68,1.75,1.34,1.41,2.24,1.64,1.66,1.79,1.28,1.8,1.58,2.07,2.14,1.46,1.4,3.18,1.39
3569.07,27,1.64,0.67,1.74,1.34,1.4,2.23,1.63,1.66,1.79,1.29,1.79,1.57,2.05,2.13,1.46,1.4,3.17,1.38
3570.08,27,1.65,0.67,1.74,1.34,1.42,2.24,1.63,1.65,1.79,1.29,1.81,1.58,2.06,2.14,1.46,1.41,3.17,1.39
3571.08,27,1.65,0.66,1.72,1.33,1.4,2.23,1.63,1.66,1.78,1.27,1.79,1.57,2.05,2.13,1.45,1.39,3.15,1.38
3572.08,27,1.65,0.66,1.74,1.33,1.41,2.24,1.65,1.65,1.81,1.28,1.8,1.58,2.06,2.13,1.46,1.41,3.16,1.39
3573.08,27,1.67,0.67,1.75,1.35,1.41,2.25,1.64,1.66,1.8,1.28,1.81,1.59,2.07,2.15,1.46,1.41,3.16,1.39
3574.08,27,1.67,0.67,1.73,1.33,1.41,2.23,1.64,1.65,1.8,1.26,1.79,1.57,2.06,2.14,1.45,1.4,3.15,1.38
3575.08,27,1.66,0.66,1.73,1.32,1.4,2.23,1.64,1.65,1.78,1.27,1.79,1.57,2.06,2.13,1.45,1.4,3.14,1.38
3576.1,27,1.69,0.67,1.74,1.33,1.41,2.24,1.66,1.67,1.79,1.28,1.81,1.58,2.05,2.14,1.46,1.41,3.15,1.39
3577.1,27,1.69,0.68,1.74,1.34,1.41,2.23,1.65,1.67,1.81,1.27,1.8,1.58,2.07,2.13,1.46,1.41,3.15,1.39
3578.1,27,1.69,0.67,1.74,1.33,1.41,2.23,1.66,1.66,1.79,1.26,1.79,1.57,2.05,2.13,1.46,1.41,3.14,1.38
3579.1,27,1.7,0.67,1.73,1.33,1.41,2.23,1.67,1.66,1.79,1.27,1.8,1.58,2.07,2.13,1.46,1.4,3.13,1.38
3580.1,27,1.7,0.67,1.74,1.33,1.42,2.24,1.67,1.66,1.8,1.27,1.8,1.59,2.08,2.14,1.47,1.41,3.14,1.39
3581.1,27,1.7,0.67,1.74,1.32,1.41,2.23,1.68,1.66,1.79,1.26,1.79,1.57,2.07,2.13,1.45,1.39,3.12,1.39
3582.1,27,1.71,0.68,1.74,1.35,1.42,2.25,1.68,1.67,1.79,1.27,1.79,1.58,2.08,2.14,1.46,1.41,3.13,1.39
3583.1,27,1.71,0.67,1.74,1.34,1.4,2.24,1.68,1.67,1.8,1.27,1.8,1.58,2.07,2.14,1.46,1.41,3.13,1.39
3584.1,27,1.72,0.66,1.73,1.33,1.41,2.23,1.67,1.65,1.79,1.26,1.8,1.58,2.06,2.14,1.45,1.41,3.12,1.38
3585.1,27,1.72,0.67,1.74,1.33,1.41,2.23,1.67,1.66,1.78,1.27,1.79,1.58,2.07,2.13,1.45,1.41,3.11,1.38
3586.12,27,1.73,0.67,1.73,1.34,1.42,2.23,1.68,1.66,1.79,1.27,1.8,1.59,2.07,2.14,1.46,1.41,3.12,1.39
3587.12,27,1.73,0.67,1.73,1.34,1.41,2.24,1.67,1.66,1.78,1.26,1.8,1.57,2.07,2.13,1.46,1.41,3.11,1.39
3588.12,27,1.73,0.66,1.74,1.34,1.4,2.23,1.68,1.66,1.78,1.26,1.79,1.58,2.07,2.14,1.46,1.4,3.11,1.39
3589.12,27,1.74,0.68,1.73,1.33,1.41,2.24,1.68,1.67,1.8,1.26,1.81,1.58,2.08,2.15,1.46,1.41,3.1,1.39
3590.12,27,1.75,0.67,1.73,1.33,1.41,2.24,1.68,1.67,1.8,1.27,1.8,1.57,2.08,2.13,1.47,1.41,3.1,1.39
3591.12,27,1.76,0.67,1.72,1.33,1.41,2.23,1.67,1.66,1.79,1.27,1.81,1.58,2.08,2.13,1.46,1.4,3.1,1.39
3592.12,27,1.77,0.66,1.74,1.33,1.41,2.24,1.67,1.66,1.79,1.26,1.8,1.57,2.09,2.13,1.46,1.4,3.1,1.39
3593.13,27,1.77,0.67,1.74,1.35,1.42,2.23,1.67,1.67,1.8,1.27,1.8,1.59,2.08,2.13,1.47,1.41,3.1,1.39
3594.13,27,1.78,0.67,1.73,1.35,1.41,2.23,1.65,1.67,1.8,1.26,1.8,1.59,2.08,2.14,1.46,1.41,3.1,1.39
3595.13,27,1.79,0.67,1.74,1.34,1.41,2.23,1.65,1.67,1.79,1.26,1.8,1.58,2.07,2.14,1.47,1.42,3.1,1.39
3596.13,27,1.78,0.68,1.73,1.34,1.41,2.24,1.65,1.65,1.79,1.26,1.79,1.58,2.08,2.14,1.45,1.4,3.09,1.39
3597.13,27,1.8,0.67,1.74,1.35,1.41,2.25,1.66,1.67,1.8,1.27,1.81,1.58,2.09,2.15,1.47,1.41,3.1,1.39
3598.13,27,1.8,0.67,1.73,1.35,1.41,2.24,1.65,1.66,1.8,1.26,1.8,1.58,2.08,2.13,1.47,1.41,3.08,1.39
3599.15,27,1.81,0.67,1.72,1.35,1.42,2.23,1.64,1.65,1.8,1.27,1.79,1.58,2.08,2.13,1.47,1.41,3.09,1.39
3600.15,27,1.82,0.66,1.72,1.34,1.41,2.23,1.64,1.65,1.79,1.27,1.79,1.58,2.08,2.13,1.46,1.41,3.09,1.39
3601.15,27,1.82,0.67,1.73,1.33,1.41,2.23,1.64,1.66,1.8,1.27,1.8,1.58,2.09,2.13,1.47,1.41,3.09,1.39
3602.15,27,1.83,0.67,1.73,1.33,1.41,2.23,1.65,1.66,1.8,1.26,1.8,1.58,2.08,2.14,1.46,1.41,3.08,1.39
3603.15,27,1.83,0.66,1.72,1.33,1.41,2.23,1.64,1.66,1.8,1.26,1.79,1.58,2.07,2.13,1.46,1.4,3.07,1.38
3604.15,27,1.84,0.66,1.72,1.34,1.41,2.23,1.64,1.66,1.78,1.28,1.8,1.57,2.09,2.14,1.46,1.41,3.08,1.39
3605.17,27,1.86,0.66,1.72,1.34,1.4,2.23,1.64,1.67,1.79,1.28,1.8,1.59,2.09,2.13,1.46,1.41,3.07,1.39
3606.17,27,1.86,0.67,1.73,1.35,1.41,2.23,1.64,1.67,1.79,1.28,1.79,1.57,2.09,2.13,1.46,1.41,3.07,1.39
3607.17,27,1.88,0.67,1.74,1.35,1.41,2.25,1.65,1.67,1.8,1.29,1.8,1.59,2.1,2.15,1.47,1.42,3.09,1.39
3608.17,27,1.87,0.68,1.72,1.33,1.41,2.23,1.64,1.67,1.81,1.29,1.79,1.57,2.08,2.14,1.47,1.41,3.06,1.39
3609.17,27,1.89,0.67,1.74,1.35,1.42,2.25,1.65,1.65,1.79,1.29,1.8,1.58,2.1,2.14,1.47,1.41,3.07,1.39
3610.18,27,1.88,0.67,1.72,1.33,1.41,2.23,1.64,1.66,1.79,1.29,1.79,1.57,2.08,2.13,1.44,1.39,3.05,1.39
3611.18,27,1.9,0.67,1.72,1.35,1.41,2.25,1.65,1.67,1.79,1.3,1.81,1.58,2.1,2.14,1.47,1.42,3.06,1.39
3612.18,27,1.89,0.66,1.72,1.33,1.41,2.23,1.64,1.66,1.79,1.3,1.79,1.57,2.09,2.14,1.46,1.4,3.04,1.39
3613.18,27,1.91,0.66,1.73,1.35,1.42,2.24,1.66,1.66,1.79,1.31,1.8,1.59,2.1,2.14,1.46,1.42,3.06,1.39
3614.18,27,1.91,0.66,1.72,1.35,1.41,2.23,1.65,1.67,1.78,1.29,1.8,1.58,2.09,2.14,1.46,1.41,3.04,1.39
3615.2,27,1.93,0.67,1.72,1.34,1.41,2.23,1.65,1.67,1.8,1.31,1.79,1.58,2.09,2.14,1.46,1.4,3.05,1.39
3616.2,27,1.95,0.68,1.73,1.35,1.42,2.24,1.66,1.68,1.8,1.31,1.81,1.58,2.1,2.14,1.47,1.41,3.05,1.39
3617.2,27,1.96,0.68,1.73,1.34,1.4,2.24,1.66,1.67,1.79,1.31,1.79,1.57,2.1,2.14,1.46,1.4,3.04,1.39
3618.2,27,1.98,0.67,1.72,1.33,1.4,2.23,1.65,1.66,1.79,1.31,1.79,1.58,2.08,2.14,1.45,1.39,3.04,1.39
3619.22,27,2.01,0.67,1.73,1.35,1.41,2.24,1.66,1.65,1.79,1.3,1.81,1.58,2.09,2.14,1.46,1.41,3.04,1.39
3620.22,27,2.03,0.67,1.72,1.34,1.41,2.24,1.67,1.67,1.79,1.31,1.8,1.59,2.1,2.14,1.47,1.42,3.04,1.39
3621.22,27,2.05,0.67,1.72,1.34,1.42,2.24,1.67,1.67,1.8,1.31,1.8,1.58,2.11,2.15,1.47,1.41,3.04,1.39
3622.22,27,2.07,0.67,1.72,1.34,1.41,2.23,1.67,1.67,1.8,1.31,1.8,1.59,2.1,2.14,1.46,1.41,3.02,1.39
3623.22,27,2.05,0.66,1.72,1.33,1.4,2.23,1.65,1.66,1.8,1.3,1.8,1.57,2.09,2.14,1.46,1.4,3.02,1.38
3624.23,27,2.08,0.67,1.73,1.33,1.43,2.24,1.66,1.67,1.8,1.31,1.81,1.59,2.11,2.14,1.46,1.41,3.03,1.39
3625.23,27,2.08,0.67,1.72,1.34,1.41,2.23,1.64,1.67,1.78,1.31,1.8,1.57,2.09,2.13,1.45,1.4,3.01,1.38
3626.23,27,2.08,0.66,1.72,1.34,1.4,2.23,1.64,1.66,1.79,1.31,1.8,1.58,2.08,2.13,1.45,1.39,3.01,1.39
3627.25,27,2.09,0.67,1.72,1.35,1.4,2.23,1.64,1.67,1.79,1.31,1.8,1.58,2.1,2.14,1.46,1.4,3.01,1.39
3628.25,27,2.1,0.68,1.72,1.34,1.41,2.23,1.64,1.67,1.8,1.32,1.8,1.59,2.11,2.14,1.46,1.4,3.01,1.39
3629.25,27,2.11,0.67,1.72,1.35,1.41,2.23,1.63,1.67,1.79,1.32,1.8,1.59,2.1,2.14,1.47,1.41,3.01,1.39
3630.25,27,2.11,0.67,1.72,1.34,1.41,2.24,1.63,1.67,1.81,1.33,1.79,1.59,2.1,2.13,1.47,1.4,3.0,1.39
3631.25,27,2.11,0.67,1.72,1.34,1.41,2.23,1.61,1.66,1.79,1.32,1.79,1.58,2.09,2.13,1.45,1.4,3.0,1.38
3632.25,27,2.11,0.68,1.73,1.34,1.41,2.24,1.61,1.66,1.79,1.32,1.8,1.58,2.1,2.14,1.46,1.4,2.99,1.38
3633.27,27,2.13,0.67,1.72,1.34,1.41,2.23,1.62,1.67,1.79,1.34,1.81,1.58,2.1,2.14,1.46,1.41,3.0,1.39
3634.27,27,2.13,0.65,1.72,1.33,1.4,2.23,1.6,1.65,1.77,1.33,1.79,1.57,2.09,2.13,1.44,1.39,2.97,1.38
3635.27,27,2.15,0.66,1.72,1.34,1.4,2.23,1.6,1.67,1.79,1.34,1.8,1.58,2.1,2.14,1.46,1.4,2.98,1.39
3636.27,27,2.16,0.67,1.72,1.34,1.41,2.24,1.6,1.67,1.79,1.34,1.8,1.59,2.1,2.14,1.46,1.41,2.99,1.39
3637.27,27,2.18,0.67,1.72,1.34,1.41,2.24,1.6,1.66,1.8,1.35,1.81,1.57,2.1,2.14,1.47,1.41,2.98,1.39
3638.27,27,2.2,0.68,1.72,1.35,1.42,2.24,1.6,1.67,1.8,1.36,1.81,1.59,2.1,2.14,1.47,1.41,2.98,1.39
3639.27,27,2.2,0.67,1.72,1.34,1.42,2.23,1.59,1.66,1.78,1.35,1.8,1.58,2.1,2.14,1.46,1.41,2.97,1.39
3640.28,27,2.21,0.67,1.72,1.34,1.42,2.25,1.59,1.67,1.79,1.36,1.81,1.59,2.1,2.14,1.47,1.41,2.98,1.4
3641.28,27,2.21,0.68,1.72,1.35,1.41,2.23,1.58,1.67,1.79,1.36,1.8,1.59,2.1,2.14,1.46,1.4,2.97,1.39
3642.28,27,2.21,0.67,1.72,1.33,1.41,2.24,1.58,1.66,1.78,1.35,1.8,1.58,2.09,2.14,1.46,1.4,2.96,1.39
3643.28,27,2.22,0.68,1.72,1.35,1.41,2.23,1.59,1.67,1.8,1.37,1.81,1.59,2.11,2.15,1.47,1.42,2.96,1.39
3644.28,27,2.22,0.66,1.72,1.33,1.41,2.23,1.57,1.65,1.79,1.35,1.8,1.58,2.1,2.13,1.45,1.4,2.95,1.39
3645.28,27,2.23,0.67,1.73,1.34,1.4,2.24,1.58,1.67,1.79,1.36,1.81,1.59,2.1,2.15,1.47,1.4,2.96,1.39
3646.28,27,2.23,0.67,1.72,1.34,1.42,2.23,1.58,1.67,1.8,1.37,1.8,1.59,2.1,2.14,1.46,1.42,2.96,1.39
3647.28,27,2.24,0.68,1.72,1.34,1.42,2.23,1.57,1.67,1.79,1.38,1.81,1.59,2.1,2.14,1.47,1.41,2.94,1.39
3648.28,27,2.25,0.68,1.72,1.34,1.41,2.23,1.58,1.68,1.81,1.39,1.8,1.59,2.1,2.14,1.47,1.41,2.94,1.39
3649.28,27,2.26,0.68,1.72,1.34,1.42,2.24,1.58,1.67,1.8,1.38,1.81,1.59,2.11,2.15,1.47,1.4,2.94,1.39
3650.28,27,2.27,0.67,1.72,1.35,1.41,2.23,1.57,1.67,1.8,1.37,1.8,1.58,2.11,2.14,1.47,1.41,2.93,1.39
3651.3,27,2.26,0.67,1.72,1.33,1.41,2.23,1.55,1.67,1.79,1.38,1.8,1.58,2.1,2.14,1.47,1.41,2.93,1.39
3652.3,27,2.27,0.68,1.72,1.34,1.41,2.24,1.56,1.66,1.79,1.38,1.81,1.58,2.1,2.14,1.45,1.41,2.93,1.39
3653.3,27,2.27,0.66,1.72,1.32,1.41,2.23,1.55,1.66,1.79,1.38,1.8,1.58,2.09,2.14,1.46,1.39,2.92,1.38
3654.3,27,2.27,0.67,1.72,1.32,1.4,2.23,1.55,1.66,1.8,1.39,1.79,1.58,2.09,2.14,1.46,1.39,2.92,1.39
3655.32,27,2.27,0.68,1.72,1.33,1.42,2.24,1.56,1.68,1.8,1.39,1.8,1.59,2.1,2.14,1.46,1.4,2.93,1.39
3656.32,27,2.27,0.67,1.72,1.34,1.42,2.23,1.56,1.67,1.79,1.39,1.81,1.59,2.1,2.15,1.47,1.42,2.93,1.39
3657.32,27,2.28,0.68,1.72,1.34,1.42,2.23,1.56,1.67,1.79,1.4,1.81,1.59,2.11,2.15,1.47,1.42,2.92,1.4
3658.32,27,2.25,0.66,1.71,1.32,1.41,2.23,1.55,1.66,1.8,1.39,1.79,1.58,2.1,2.13,1.46,1.39,2.91,1.39
3659.32,27,2.26,0.68,1.72,1.33,1.42,2.24,1.57,1.66,1.8,1.39,1.81,1.58,2.11,2.15,1.47,1.41,2.92,1.39
3660.32,27,2.25,0.67,1.71,1.32,1.4,2.23,1.55,1.66,1.78,1.39,1.8,1.57,2.07,2.12,1.46,1.39,2.91,1.38
3661.32,27,2.27,0.67,1.72,1.33,1.42,2.24,1.56,1.67,1.79,1.4,1.8,1.58,2.1,2.14,1.46,1.41,2.91,1.39
3662.32,27,2.26,0.66,1.72,1.33,1.41,2.23,1.55,1.66,1.79,1.4,1.8,1.56,2.09,2.13,1.47,1.39,2.91,1.39
3663.32,27,2.26,0.67,1.72,1.32,1.41,2.23,1.55,1.67,1.79,1.4,1.79,1.58,2.1,2.14,1.46,1.4,2.9,1.39
3664.33,27,2.27,0.66,1.71,1.34,1.4,2.24,1.55,1.66,1.8,1.4,1.8,1.58,2.1,2.13,1.46,1.41,2.9,1.38
3665.33,27,2.29,0.69,1.72,1.35,1.42,2.24,1.56,1.68,1.81,1.43,1.82,1.59,2.1,2.15,1.47,1.41,2.91,1.39
3666.33,27,2.28,0.67,1.72,1.34,1.41,2.24,1.55,1.67,1.8,1.41,1.79,1.58,2.09,2.13,1.47,1.4,2.89,1.39
3667.33,27,2.28,0.67,1.72,1.32,1.41,2.24,1.55,1.67,1.8,1.41,1.8,1.59,2.09,2.14,1.45,1.4,2.89,1.39
3668.33,27,2.27,0.66,1.71,1.32,1.4,2.23,1.55,1.66,1.79,1.41,1.79,1.58,2.09,2.13,1.46,1.4,2.89,1.38
3669.35,27,2.29,0.66,1.71,1.33,1.41,2.23,1.54,1.68,1.79,1.42,1.8,1.58,2.09,2.13,1.45,1.4,2.89,1.38
3670.35,27,2.28,0.68,1.71,1.33,1.41,2.23,1.55,1.66,1.79,1.43,1.8,1.58,2.11,2.14,1.47,1.41,2.88,1.39
3671.35,27,2.28,0.68,1.72,1.34,1.41,2.24,1.55,1.67,1.8,1.43,1.81,1.59,2.1,2.13,1.47,1.4,2.88,1.39
3672.35,27,2.28,0.67,1.71,1.33,1.41,2.24,1.55,1.67,1.79,1.43,1.8,1.59,2.1,2.14,1.47,1.4,2.88,1.39
3673.37,27,2.3,0.68,1.72,1.34,1.42,2.23,1.55,1.68,1.81,1.45,1.81,1.59,2.1,2.15,1.47,1.4,2.88,1.39
3674.37,27,2.26,0.66,1.7,1.31,1.4,2.22,1.53,1.65,1.79,1.43,1.79,1.57,2.08,2.13,1.45,1.39,2.85,1.38
3675.37,27,2.28,0.67,1.72,1.33,1.41,2.24,1.55,1.66,1.8,1.45,1.8,1.58,2.1,2.14,1.47,1.41,2.87,1.39
3676.37,27,2.28,0.67,1.72,1.33,1.41,2.23,1.54,1.66,1.8,1.45,1.79,1.58,2.09,2.13,1.46,1.4,2.85,1.38
3677.37,27,2.29,0.67,1.72,1.32,1.4,2.23,1.54,1.67,1.79,1.44,1.81,1.57,2.08,2.14,1.47,1.4,2.86,1.38
3678.38,27,2.28,0.66,1.7,1.32,1.4,2.23,1.53,1.66,1.79,1.45,1.8,1.57,2.09,2.13,1.45,1.39,2.84,1.38
3679.38,27,2.29,0.67,1.72,1.33,1.4,2.23,1.54,1.67,1.8,1.46,1.79,1.58,2.09,2.13,1.46,1.4,2.85,1.39
3680.38,27,2.29,0.67,1.72,1.33,1.41,2.24,1.54,1.68,1.79,1.47,1.81,1.58,2.09,2.14,1.47,1.4,2.86,1.38
3681.38,27,2.29,0.67,1.72,1.33,1.41,2.23,1.55,1.67,1.79,1.47,1.8,1.59,2.09,2.14,1.47,1.4,2.85,1.39
3682.38,27,2.29,0.66,1.72,1.33,1.4,2.23,1.54,1.67,1.8,1.47,1.8,1.59,2.1,2.14,1.46,1.4,2.84,1.39
3683.38,27,2.29,0.67,1.72,1.33,1.41,2.24,1.53,1.66,1.79,1.47,1.8,1.58,2.1,2.14,1.46,1.41,2.84,1.39
3684.38,27,2.29,0.67,1.72,1.33,1.41,2.23,1.54,1.66,1.8,1.47,1.8,1.57,2.09,2.14,1.47,1.4,2.84,1.39
3685.38,27,2.3,0.68,1.72,1.32,1.42,2.24,1.54,1.67,1.81,1.49,1.81,1.58,2.1,2.14,1.46,1.41,2.84,1.39
3686.38,27,2.28,0.67,1.71,1.33,1.41,2.24,1.55,1.66,1.79,1.49,1.8,1.57,2.09,2.14,1.47,1.4,2.83,1.39
3687.4,27,2.27,0.66,1.72,1.32,1.4,2.22,1.54,1.66,1.79,1.49,1.8,1.58,2.08,2.14,1.46,1.4,2.82,1.38
3688.4,27,2.28,0.67,1.73,1.34,1.41,2.24,1.55,1.67,1.81,1.5,1.81,1.59,2.1,2.15,1.47,1.41,2.83,1.39
3689.4,27,2.27,0.67,1.72,1.33,1.41,2.23,1.54,1.67,1.81,1.49,1.8,1.58,2.08,2.13,1.46,1.4,2.83,1.39
3690.4,27,2.27,0.68,1.72,1.31,1.41,2.23,1.54,1.67,1.8,1.5,1.8,1.59,2.08,2.14,1.47,1.41,2.81,1.39
3691.4,27,2.27,0.66,1.72,1.33,1.41,2.24,1.54,1.66,1.8,1.51,1.79,1.58,2.09,2.13,1.47,1.4,2.8,1.39
3692.4,27,2.28,0.68,1.72,1.33,1.41,2.23,1.53,1.66,1.79,1.51,1.8,1.58,2.1,2.13,1.46,1.39,2.8,1.39
3693.4,27,2.27,0.67,1.72,1.32,1.42,2.24,1.52,1.67,1.8,1.53,1.8,1.58,2.09,2.14,1.46,1.4,2.8,1.38
3694.4,27,2.27,0.67,1.72,1.33,1.41,2.23,1.52,1.67,1.8,1.53,1.8,1.58,2.09,2.13,1.47,1.4,2.8,1.39
3695.4,27,2.28,0.67,1.72,1.33,1.41,2.24,1.51,1.67,1.8,1.53,1.8,1.58,2.1,2.14,1.46,1.4,2.8,1.39
3696.42,27,2.27,0.67,1.72,1.32,1.41,2.23,1.5,1.65,1.8,1.53,1.8,1.57,2.08,2.13,1.46,1.39,2.79,1.38
3697.42,27,2.29,0.67,1.72,1.32,1.4,2.24,1.52,1.67,1.8,1.54,1.79,1.58,2.09,2.13,1.47,1.4,2.8,1.39
3698.42,27,2.26,0.66,1.71,1.32,1.4,2.23,1.5,1.66,1.78,1.53,1.78,1.57,2.08,2.13,1.45,1.39,2.78,1.38
3699.42,27,2.27,0.67,1.72,1.33,1.4,2.24,1.51,1.67,1.8,1.55,1.8,1.59,2.1,2.14,1.47,1.4,2.79,1.39
3700.43,27,2.26,0.67,1.72,1.32,1.4,2.23,1.49,1.66,1.79,1.55,1.8,1.58,2.09,2.14,1.45,1.4,2.78,1.38
3701.43,27,2.26,0.67,1.72,1.33,1.41,2.23,1.5,1.67,1.8,1.55,1.79,1.58,2.09,2.14,1.46,1.4,2.78,1.38
3702.43,27,2.26,0.67,1.71,1.32,1.4,2.23,1.5,1.66,1.8,1.55,1.8,1.58,2.08,2.14,1.47,1.39,2.77,1.39
3703.43,27,2.26,0.67,1.72,1.34,1.41,2.24,1.51,1.68,1.8,1.57,1.82,1.58,2.11,2.16,1.47,1.41,2.78,1.39
3704.43,27,2.25,0.67,1.72,1.33,1.41,2.24,1.5,1.66,1.8,1.57,1.8,1.58,2.09,2.14,1.46,1.4,2.77,1.39
3705.45,27,2.25,0.66,1.71,1.32,1.4,2.23,1.49,1.66,1.79,1.56,1.8,1.57,2.08,2.13,1.46,1.39,2.76,1.37
3706.45,27,2.25,0.67,1.72,1.34,1.41,2.23,1.49,1.67,1.8,1.58,1.8,1.59,2.09,2.14,1.47,1.4,2.75,1.39
3707.45,27,2.25,0.67,1.72,1.32,1.4,2.23,1.48,1.67,1.8,1.58,1.8,1.58,2.08,2.14,1.46,1.4,2.75,1.39
3708.45,27,2.24,0.66,1.72,1.32,1.41,2.24,1.49,1.67,1.79,1.59,1.81,1.58,2.08,2.13,1.46,1.4,2.75,1.39
3709.45,27,2.23,0.66,1.72,1.33,1.4,2.23,1.5,1.66,1.79,1.59,1.8,1.58,2.08,2.13,1.46,1.39,2.75,1.39
3710.45,27,2.23,0.66,1.72,1.32,1.4,2.23,1.48,1.65,1.79,1.59,1.79,1.57,2.07,2.14,1.45,1.39,2.74,1.38
3711.47,27,2.23,0.67,1.72,1.32,1.41,2.24,1.48,1.66,1.79,1.59,1.79,1.57,2.09,2.14,1.46,1.4,2.75,1.39
3712.47,27,2.24,0.67,1.72,1.33,1.42,2.24,1.5,1.66,1.81,1.61,1.81,1.58,2.08,2.13,1.47,1.4,2.75,1.39
3713.47,27,2.23,0.66,1.71,1.32,1.4,2.22,1.48,1.66,1.78,1.6,1.79,1.58,2.08,2.13,1.46,1.39,2.74,1.38
3714.47,27,2.23,0.67,1.72,1.32,1.41,2.23,1.49,1.67,1.8,1.6,1.8,1.58,2.09,2.13,1.46,1.4,2.74,1.39
3715.47,27,2.23,0.68,1.72,1.33,1.41,2.23,1.5,1.66,1.8,1.61,1.81,1.58,2.08,2.14,1.46,1.4,2.74,1.39
3716.47,27,2.21,0.65,1.71,1.31,1.39,2.23,1.48,1.66,1.79,1.6,1.79,1.57,2.07,2.12,1.46,1.39,2.73,1.38
3717.48,27,2.21,0.66,1.71,1.32,1.4,2.22,1.49,1.66,1.78,1.59,1.8,1.58,2.07,2.13,1.45,1.39,2.72,1.39
3718.48,27,2.21,0.66,1.7,1.33,1.4,2.23,1.47,1.66,1.79,1.61,1.79,1.57,2.08,2.13,1.44,1.39,2.72,1.38
3719.48,27,2.22,0.67,1.72,1.33,1.4,2.23,1.48,1.66,1.79,1.61,1.8,1.57,2.08,2.13,1.47,1.39,2.71,1.39
3720.48,27,2.21,0.66,1.71,1.33,1.4,2.23,1.48,1.67,1.8,1.62,1.81,1.57,2.09,2.14,1.47,1.39,2.72,1.39
3721.48,27,2.21,0.66,1.72,1.32,1.4,2.23,1.47,1.66,1.8,1.62,1.8,1.58,2.09,2.13,1.46,1.4,2.71,1.39
3722.48,27,2.21,0.66,1.72,1.33,1.4,2.23,1.47,1.66,1.79,1.62,1.8,1.58,2.09,2.14,1.47,1.4,2.71,1.38
3723.48,27,2.2,0.66,1.71,1.33,1.41,2.23,1.46,1.66,1.79,1.61,1.79,1.58,2.08,2.12,1.46,1.39,2.7,1.39
3724.48,27,2.2,0.67,1.72,1.33,1.41,2.24,1.46,1.66,1.79,1.62,1.8,1.58,2.08,2.14,1.46,1.4,2.7,1.38
3725.5,27,2.2,0.67,1.72,1.32,1.4,2.23,1.46,1.66,1.79,1.62,1.8,1.57,2.08,2.13,1.46,1.39,2.7,1.39
3726.5,27,2.19,0.67,1.71,1.33,1.39,2.23,1.45,1.67,1.8,1.63,1.79,1.57,2.09,2.13,1.46,1.39,2.69,1.38
3727.5,27,2.19,0.67,1.72,1.33,1.41,2.23,1.46,1.66,1.79,1.63,1.8,1.59,2.08,2.13,1.46,1.39,2.68,1.38
3728.5,27,2.19,0.67,1.72,1.33,1.4,2.24,1.46,1.66,1.79,1.63,1.8,1.58,2.08,2.14,1.47,1.4,2.69,1.38
3729.5,27,2.19,0.67,1.72,1.34,1.41,2.23,1.46,1.66,1.79,1.64,1.8,1.58,2.1,2.14,1.47,1.4,2.69,1.39
3730.5,27,2.18,0.66,1.71,1.34,1.41,2.23,1.45,1.66,1.81,1.64,1.79,1.58,2.09,2.13,1.46,1.4,2.68,1.38
3731.5,27,2.18,0.67,1.71,1.33,1.4,2.23,1.44,1.66,1.81,1.63,1.8,1.57,2.08,2.13,1.46,1.39,2.68,1.38
3732.5,27,2.17,0.66,1.72,1.34,1.41,2.23,1.44,1.66,1.8,1.64,1.8,1.58,2.08,2.13,1.46,1.39,2.66,1.37
3733.5,27,2.17,0.66,1.71,1.34,1.4,2.23,1.44,1.67,1.8,1.64,1.79,1.58,2.09,2.13,1.45,1.39,2.67,1.39
3734.5,27,2.17,0.67,1.72,1.34,1.41,2.23,1.45,1.67,1.8,1.63,1.8,1.59,2.08,2.14,1.45,1.4,2.67,1.38
3735.52,27,2.15,0.65,1.7,1.32,1.4,2.22,1.43,1.66,1.78,1.64,1.79,1.57,2.07,2.13,1.45,1.39,2.65,1.37
3736.52,27,2.15,0.66,1.7,1.33,1.4,2.23,1.43,1.66,1.79,1.64,1.79,1.57,2.07,2.12,1.45,1.39,2.65,1.38
3737.52,27,2.15,0.66,1.7,1.32,1.39,2.22,1.42,1.66,1.79,1.64,1.79,1.57,2.08,2.13,1.45,1.39,2.65,1.38
3738.52,27,2.14,0.67,1.71,1.33,1.41,2.23,1.43,1.66,1.77,1.65,1.79,1.58,2.09,2.13,1.46,1.39,2.65,1.38
3739.52,27,2.14,0.65,1.71,1.33,1.39,2.23,1.42,1.66,1.79,1.64,1.79,1.57,2.07,2.12,1.45,1.39,2.65,1.38
3740.52,27,2.14,0.66,1.71,1.33,1.41,2.23,1.42,1.65,1.8,1.64,1.8,1.58,2.07,2.14,1.46,1.39,2.65,1.38
3741.52,27,2.14,0.66,1.71,1.34,1.4,2.23,1.43,1.67,1.79,1.64,1.79,1.57,2.08,2.14,1.46,1.39,2.64,1.38
3742.52,27,2.14,0.66,1.71,1.33,1.4,2.23,1.43,1.67,1.8,1.64,1.81,1.59,2.09,2.14,1.46,1.4,2.65,1.38
3743.53,27,2.13,0.66,1.72,1.34,1.41,2.23,1.42,1.65,1.79,1.65,1.79,1.57,2.09,2.13,1.46,1.39,2.63,1.38
3744.53,27,2.13,0.67,1.71,1.34,1.41,2.23,1.43,1.67,1.8,1.65,1.8,1.59,2.09,2.13,1.46,1.41,2.62,1.39
3745.53,27,2.14,0.67,1.72,1.35,1.41,2.23,1.43,1.66,1.8,1.66,1.8,1.58,2.08,2.14,1.46,1.39,2.63,1.38
3746.53,27,2.12,0.66,1.71,1.34,1.41,2.23,1.43,1.66,1.8,1.64,1.8,1.58,2.08,2.13,1.46,1.39,2.62,1.38
3747.55,27,2.13,0.67,1.72,1.36,1.4,2.24,1.44,1.67,1.8,1.65,1.81,1.58,2.09,2.14,1.47,1.41,2.62,1.38
3748.55,27,2.12,0.66,1.72,1.34,1.41,2.24,1.43,1.67,1.8,1.65,1.8,1.58,2.08,2.14,1.45,1.39,2.62,1.39
3749.55,27,2.11,0.67,1.72,1.35,1.41,2.23,1.43,1.66,1.79,1.64,1.8,1.59,2.09,2.14,1.46,1.4,2.62,1.39
3750.55,27,2.11,0.68,1.71,1.35,1.4,2.23,1.41,1.66,1.78,1.64,1.79,1.58,2.07,2.13,1.46,1.39,2.6,1.38
3751.55,27,2.11,0.66,1.7,1.33,1.4,2.23,1.41,1.66,1.79,1.64,1.79,1.58,2.07,2.13,1.45,1.39,2.61,1.38
3752.55,27,2.11,0.65,1.7,1.33,1.4,2.23,1.41,1.64,1.78,1.64,1.78,1.57,2.08,2.13,1.46,1.39,2.6,1.37
3753.55,27,2.11,0.66,1.7,1.34,1.4,2.23,1.41,1.66,1.79,1.64,1.79,1.57,2.08,2.13,1.46,1.39,2.6,1.39
3754.55,27,2.11,0.67,1.71,1.34,1.4,2.23,1.41,1.68,1.79,1.64,1.8,1.58,2.08,2.13,1.46,1.39,2.6,1.38
3755.57,27,2.11,0.66,1.72,1.33,1.4,2.23,1.39,1.67,1.79,1.64,1.79,1.58,2.08,2.13,1.45,1.39,2.6,1.39
3756.57,27,2.09,0.67,1.72,1.35,1.4,2.23,1.39,1.67,1.79,1.65,1.8,1.58,2.07,2.13,1.46,1.4,2.6,1.39
3757.57,27,2.09,0.66,1.7,1.33,1.4,2.23,1.39,1.66,1.78,1.64,1.79,1.57,2.07,2.12,1.45,1.39,2.59,1.38
3758.57,27,2.08,0.66,1.7,1.33,1.4,2.23,1.39,1.66,1.79,1.64,1.79,1.57,2.07,2.13,1.45,1.39,2.58,1.37
3759.57,27,2.08,0.66,1.7,1.35,1.4,2.24,1.39,1.66,1.79,1.65,1.8,1.57,2.08,2.14,1.47,1.39,2.59,1.38
3760.57,27,2.08,0.67,1.71,1.35,1.4,2.23,1.39,1.67,1.79,1.65,1.79,1.57,2.08,2.13,1.46,1.39,2.59,1.39
3761.57,27,2.07,0.66,1.7,1.34,1.4,2.23,1.38,1.66,1.79,1.64,1.78,1.57,2.07,2.12,1.46,1.39,2.57,1.38
3762.58,27,2.08,0.66,1.7,1.35,1.41,2.24,1.38,1.66,1.79,1.65,1.79,1.57,2.09,2.13,1.46,1.4,2.57,1.39
3763.58,27,2.07,0.66,1.69,1.34,1.39,2.23,1.37,1.66,1.78,1.64,1.79,1.57,2.07,2.14,1.46,1.39,2.57,1.37
3764.58,27,2.07,0.66,1.7,1.34,1.41,2.23,1.37,1.66,1.79,1.64,1.8,1.59,2.08,2.13,1.46,1.39,2.57,1.38
3765.58,27,2.06,0.66,1.7,1.35,1.41,2.23,1.38,1.65,1.79,1.64,1.79,1.57,2.07,2.13,1.45,1.39,2.57,1.38
3766.6,27,2.06,0.66,1.7,1.34,1.4,2.23,1.37,1.65,1.79,1.64,1.79,1.57,2.08,2.12,1.45,1.39,2.55,1.38
3767.6,27,2.05,0.66,1.71,1.34,1.41,2.23,1.37,1.67,1.8,1.64,1.8,1.58,2.08,2.13,1.46,1.4,2.55,1.39
3768.6,27,2.06,0.66,1.7,1.35,1.4,2.23,1.37,1.66,1.8,1.64,1.8,1.58,2.08,2.13,1.47,1.39,2.55,1.38
3769.6,27,2.04,0.66,1.69,1.34,1.4,2.23,1.37,1.65,1.79,1.64,1.79,1.57,2.08,2.14,1.46,1.39,2.55,1.37
3770.6,27,2.03,0.67,1.71,1.35,1.41,2.23,1.37,1.66,1.79,1.64,1.79,1.58,2.07,2.13,1.45,1.4,2.55,1.37
3771.6,27,2.04,0.66,1.69,1.34,1.41,2.24,1.37,1.66,1.8,1.64,1.8,1.58,2.08,2.14,1.46,1.39,2.54,1.38
3772.62,27,2.03,0.67,1.71,1.35,1.41,2.23,1.37,1.67,1.78,1.64,1.8,1.57,2.07,2.14,1.45,1.4,2.54,1.39
3773.62,27,2.02,0.66,1.71,1.35,1.41,2.23,1.37,1.67,1.8,1.64,1.8,1.58,2.07,2.13,1.46,1.39,2.53,1.38
3774.62,27,2.02,0.66,1.69,1.35,1.41,2.23,1.37,1.65,1.8,1.63,1.79,1.58,2.07,2.13,1.45,1.39,2.53,1.38
3775.62,27,2.03,0.66,1.71,1.35,1.4,2.24,1.36,1.66,1.79,1.64,1.8,1.57,2.09,2.14,1.46,1.4,2.53,1.38
3776.62,27,2.01,0.66,1.71,1.34,1.4,2.23,1.36,1.66,1.79,1.63,1.79,1.57,2.07,2.12,1.45,1.39,2.52,1.37
3777.62,27,2.01,0.66,1.71,1.35,1.4,2.23,1.36,1.66,1.78,1.63,1.79,1.58,2.07,2.13,1.45,1.39,2.52,1.38
3778.62,27,2.01,0.65,1.7,1.35,1.4,2.23,1.36,1.66,1.8,1.64,1.79,1.57,2.07,2.13,1.46,1.39,2.52,1.38
3779.62,27,2.01,0.67,1.71,1.36,1.4,2.23,1.36,1.67,1.8,1.63,1.8,1.58,2.08,2.13,1.47,1.39,2.51,1.38
3780.62,27,2.01,0.66,1.7,1.34,1.4,2.23,1.36,1.65,1.78,1.63,1.8,1.58,2.07,2.13,1.46,1.39,2.5,1.38
3781.62,27,2.0,0.66,1.7,1.35,1.4,2.23,1.36,1.66,1.78,1.63,1.79,1.58,2.07,2.13,1.46,1.39,2.5,1.37
3782.63,27,2.0,0.66,1.69,1.34,1.39,2.23,1.35,1.66,1.8,1.62,1.79,1.57,2.06,2.13,1.45,1.39,2.5,1.37
3783.63,27,1.99,0.66,1.7,1.35,1.41,2.23,1.35,1.66,1.79,1.63,1.8,1.57,2.07,2.13,1.45,1.39,2.5,1.38
3784.63,27,1.99,0.66,1.7,1.34,1.4,2.23,1.34,1.66,1.79,1.62,1.79,1.57,2.08,2.12,1.46,1.39,2.49,1.38
3785.63,27,1.98,0.66,1.69,1.33,1.39,2.23,1.33,1.65,1.79,1.63,1.79,1.57,2.07,2.13,1.46,1.39,2.48,1.38
3786.63,27,2.0,0.67,1.71,1.35,1.41,2.24,1.34,1.66,1.8,1.62,1.79,1.58,2.07,2.14,1.46,1.39,2.49,1.37
3787.65,27,1.97,0.66,1.69,1.34,1.39,2.23,1.33,1.65,1.78,1.62,1.78,1.56,2.06,2.13,1.44,1.39,2.47,1.37
3788.65,27,1.98,0.65,1.69,1.34,1.4,2.23,1.33,1.64,1.78,1.62,1.79,1.56,2.06,2.12,1.46,1.39,2.47,1.36
3789.65,27,1.98,0.66,1.7,1.34,1.4,2.23,1.32,1.66,1.79,1.61,1.8,1.59,2.07,2.13,1.45,1.39,2.48,1.39
3790.65,27,1.99,0.67,1.72,1.35,1.41,2.23,1.32,1.66,1.79,1.63,1.8,1.58,2.07,2.14,1.46,1.39,2.48,1.38
3791.65,27,1.97,0.66,1.7,1.34,1.4,2.23,1.31,1.65,1.78,1.61,1.79,1.58,2.07,2.13,1.46,1.39,2.47,1.37
3792.65,27,1.97,0.65,1.69,1.34,1.41,2.22,1.31,1.65,1.78,1.61,1.79,1.58,2.07,2.13,1.45,1.39,2.47,1.38
3793.65,27,1.96,0.65,1.69,1.35,1.39,2.23,1.31,1.66,1.78,1.6,1.79,1.57,2.06,2.12,1.45,1.38,2.46,1.37
3794.65,27,1.95,0.66,1.7,1.34,1.41,2.23,1.31,1.65,1.79,1.61,1.79,1.57,2.06,2.12,1.47,1.39,2.47,1.37
3795.65,27,1.95,0.67,1.7,1.34,1.4,2.22,1.31,1.65,1.78,1.61,1.79,1.57,2.08,2.13,1.46,1.39,2.46,1.37
3796.65,27,1.95,0.67,1.7,1.35,1.4,2.23,1.31,1.66,1.78,1.61,1.78,1.58,2.07,2.13,1.47,1.4,2.45,1.38
3797.65,27,1.94,0.66,1.7,1.34,1.4,2.23,1.3,1.66,1.8,1.6,1.79,1.57,2.07,2.12,1.46,1.39,2.45,1.37
3798.65,27,1.94,0.66,1.7,1.35,1.41,2.23,1.31,1.66,1.8,1.61,1.79,1.58,2.06,2.13,1.46,1.4,2.46,1.38
3799.65,27,1.93,0.66,1.7,1.34,1.4,2.23,1.3,1.66,1.79,1.59,1.79,1.57,2.06,2.13,1.46,1.39,2.45,1.37
3800.67,27,1.93,0.67,1.71,1.36,1.4,2.23,1.31,1.67,1.8,1.6,1.8,1.58,2.08,2.14,1.46,1.39,2.45,1.39
3801.67,27,1.92,0.66,1.69,1.34,1.39,2.23,1.29,1.66,1.79,1.59,1.79,1.57,2.07,2.12,1.45,1.39,2.43,1.37
3802.67,27,1.93,0.68,1.71,1.35,1.41,2.24,1.3,1.68,1.8,1.6,1.8,1.59,2.08,2.13,1.46,1.4,2.44,1.38
3803.67,27,1.91,0.66,1.69,1.35,1.4,2.23,1.3,1.66,1.79,1.59,1.79,1.57,2.07,2.13,1.46,1.39,2.43,1.37
3804.67,27,1.92,0.66,1.7,1.34,1.41,2.22,1.29,1.66,1.79,1.6,1.8,1.58,2.07,2.13,1.45,1.39,2.43,1.37
3805.67,27,1.91,0.67,1.71,1.35,1.4,2.23,1.3,1.67,1.79,1.6,1.8,1.58,2.07,2.13,1.46,1.39,2.43,1.38
3806.68,27,1.91,0.67,1.7,1.34,1.41,2.23,1.29,1.67,1.8,1.59,1.79,1.58,2.07,2.13,1.46,1.39,2.42,1.38
3807.68,27,1.91,0.66,1.69,1.35,1.4,2.24,1.31,1.65,1.8,1.59,1.8,1.56,2.08,2.13,1.46,1.39,2.42,1.37
3808.68,27,1.91,0.66,1.69,1.34,1.4,2.23,1.29,1.65,1.79,1.58,1.78,1.57,2.07,2.13,1.46,1.39,2.42,1.37
3809.68,27,1.91,0.66,1.7,1.36,1.4,2.23,1.29,1.66,1.79,1.58,1.79,1.58,2.07,2.13,1.46,1.39,2.43,1.37
3810.68,27,1.91,0.66,1.7,1.34,1.39,2.23,1.3,1.65,1.79,1.58,1.79,1.57,2.06,2.13,1.46,1.39,2.42,1.37
3811.7,27,1.91,0.66,1.7,1.35,1.4,2.23,1.29,1.66,1.8,1.59,1.79,1.57,2.07,2.13,1.45,1.39,2.4,1.37
3812.7,27,1.91,0.66,1.7,1.35,1.39,2.23,1.29,1.67,1.77,1.58,1.78,1.57,2.07,2.13,1.46,1.39,2.41,1.37
3813.7,27,1.9,0.67,1.69,1.36,1.4,2.23,1.29,1.66,1.79,1.59,1.78,1.58,2.07,2.13,1.45,1.39,2.39,1.37
3814.72,27,1.89,0.65,1.7,1.34,1.4,2.22,1.28,1.66,1.78,1.58,1.79,1.57,2.06,2.13,1.44,1.38,2.39,1.36
3815.72,27,1.91,0.67,1.7,1.36,1.41,2.24,1.29,1.66,1.8,1.58,1.79,1.58,2.08,2.14,1.46,1.39,2.41,1.38
3816.72,27,1.9,0.66,1.7,1.35,1.4,2.23,1.27,1.65,1.78,1.57,1.78,1.57,2.07,2.13,1.44,1.39,2.39,1.37
3817.73,27,1.9,0.67,1.7,1.35,1.41,2.24,1.28,1.66,1.81,1.58,1.79,1.58,2.07,2.14,1.46,1.39,2.39,1.38
3818.73,27,1.9,0.66,1.7,1.35,1.4,2.23,1.26,1.66,1.78,1.57,1.79,1.57,2.06,2.12,1.46,1.39,2.39,1.38
3819.73,27,1.9,0.67,1.69,1.35,1.39,2.23,1.27,1.66,1.79,1.57,1.79,1.57,2.07,2.12,1.46,1.39,2.38,1.37
3820.73,27,1.88,0.66,1.69,1.35,1.39,2.23,1.25,1.65,1.79,1.56,1.78,1.57,2.06,2.13,1.45,1.38,2.39,1.37
3821.75,27,1.9,0.67,1.7,1.35,1.41,2.23,1.26,1.67,1.8,1.56,1.79,1.57,2.06,2.13,1.46,1.39,2.38,1.38
3822.75,27,1.89,0.65,1.7,1.35,1.41,2.23,1.25,1.66,1.78,1.57,1.8,1.57,2.06,2.13,1.45,1.39,2.38,1.36
3823.75,27,1.87,0.65,1.69,1.35,1.39,2.22,1.24,1.65,1.78,1.56,1.78,1.56,2.05,2.12,1.45,1.39,2.36,1.37
3824.75,27,1.88,0.66,1.7,1.35,1.4,2.23,1.25,1.65,1.8,1.58,1.79,1.58,2.07,2.13,1.45,1.39,2.36,1.37
3825.75,27,1.87,0.66,1.68,1.36,1.4,2.23,1.25,1.65,1.8,1.56,1.78,1.57,2.06,2.12,1.46,1.39,2.36,1.37
3826.75,27,1.88,0.66,1.7,1.36,1.41,2.23,1.25,1.66,1.78,1.56,1.79,1.57,2.07,2.13,1.45,1.39,2.37,1.37
3827.75,27,1.88,0.67,1.69,1.36,1.41,2.23,1.25,1.65,1.79,1.56,1.79,1.57,2.06,2.13,1.46,1.39,2.36,1.38
3828.75,27,1.88,0.67,1.7,1.36,1.41,2.23,1.25,1.66,1.79,1.56,1.79,1.58,2.06,2.14,1.46,1.39,2.36,1.36
3829.75,27,1.87,0.66,1.69,1.36,1.41,2.23,1.26,1.67,1.8,1.57,1.8,1.58,2.07,2.14,1.46,1.39,2.35,1.38
3830.75,27,1.86,0.66,1.69,1.35,1.39,2.23,1.25,1.66,1.79,1.55,1.79,1.57,2.07,2.13,1.46,1.39,2.35,1.37
3831.75,27,1.86,0.66,1.69,1.36,1.41,2.23,1.24,1.66,1.79,1.55,1.77,1.56,2.06,2.13,1.45,1.39,2.34,1.37
3832.77,27,1.86,0.66,1.69,1.35,1.4,2.23,1.25,1.66,1.79,1.55,1.79,1.58,2.07,2.12,1.46,1.39,2.35,1.37
3833.77,27,1.86,0.65,1.69,1.36,1.4,2.22,1.25,1.65,1.79,1.54,1.78,1.58,2.07,2.12,1.45,1.39,2.34,1.37
3834.77,27,1.86,0.65,1.7,1.36,1.4,2.23,1.25,1.65,1.78,1.55,1.78,1.56,2.06,2.11,1.45,1.39,2.33,1.37
3835.77,27,1.87,0.67,1.71,1.36,1.4,2.24,1.26,1.66,1.8,1.55,1.79,1.58,2.07,2.14,1.46,1.39,2.34,1.37
3836.77,27,1.86,0.65,1.69,1.36,1.4,2.23,1.25,1.66,1.79,1.54,1.79,1.57,2.06,2.13,1.46,1.39,2.33,1.36
3837.77,27,1.85,0.66,1.69,1.35,1.39,2.23,1.26,1.65,1.79,1.55,1.79,1.57,2.07,2.13,1.45,1.39,2.33,1.36
3838.77,27,1.86,0.67,1.71,1.35,1.4,2.23,1.26,1.66,1.78,1.54,1.79,1.57,2.07,2.13,1.46,1.39,2.33,1.37
3839.77,27,1.86,0.67,1.7,1.36,1.41,2.24,1.25,1.66,1.8,1.54,1.8,1.58,2.07,2.14,1.47,1.39,2.34,1.38
3840.77,27,1.84,0.66,1.7,1.36,1.4,2.23,1.24,1.65,1.79,1.53,1.79,1.57,2.05,2.13,1.45,1.39,2.32,1.36
3841.77,27,1.84,0.66,1.68,1.35,1.4,2.23,1.25,1.65,1.79,1.53,1.78,1.58,2.06,2.13,1.45,1.39,2.31,1.37
3842.77,27,1.85,0.66,1.69,1.37,1.4,2.23,1.25,1.66,1.79,1.52,1.8,1.57,2.06,2.13,1.46,1.39,2.32,1.37
3843.77,27,1.84,0.65,1.7,1.36,1.4,2.23,1.24,1.65,1.79,1.53,1.79,1.57,2.07,2.13,1.45,1.39,2.31,1.38
3844.77,27,1.84,0.66,1.69,1.36,1.41,2.23,1.24,1.65,1.8,1.52,1.8,1.57,2.06,2.13,1.45,1.39,2.31,1.37
3845.77,27,1.83,0.66,1.68,1.36,1.41,2.23,1.24,1.64,1.79,1.51,1.79,1.57,2.06,2.12,1.45,1.38,2.31,1.37
3846.78,27,1.83,0.66,1.69,1.35,1.4,2.23,1.23,1.65,1.78,1.51,1.79,1.57,2.06,2.12,1.45,1.39,2.3,1.37
3847.78,27,1.84,0.66,1.7,1.37,1.41,2.23,1.24,1.66,1.79,1.52,1.79,1.58,2.07,2.14,1.46,1.39,2.3,1.37
3848.78,27,1.82,0.65,1.69,1.35,1.41,2.23,1.24,1.65,1.79,1.5,1.79,1.56,2.06,2.13,1.46,1.39,2.3,1.37
3849.78,27,1.82,0.66,1.68,1.35,1.4,2.23,1.23,1.66,1.79,1.49,1.79,1.57,2.06,2.12,1.45,1.38,2.29,1.36
3850.78,27,1.82,0.66,1.69,1.36,1.39,2.23,1.24,1.66,1.79,1.49,1.79,1.57,2.06,2.13,1.46,1.39,2.29,1.36
3851.78,27,1.82,0.65,1.69,1.36,1.4,2.23,1.24,1.65,1.8,1.49,1.79,1.59,2.06,2.13,1.46,1.39,2.28,1.37
3852.78,27,1.82,0.67,1.7,1.37,1.4,2.24,1.25,1.67,1.8,1.5,1.8,1.58,2.07,2.13,1.46,1.39,2.28,1.37
3853.78,27,1.81,0.65,1.68,1.34,1.39,2.22,1.24,1.65,1.79,1.48,1.78,1.56,2.06,2.12,1.45,1.38,2.26,1.36
3854.78,27,1.82,0.67,1.69,1.35,1.4,2.23,1.24,1.67,1.79,1.49,1.79,1.57,2.07,2.13,1.46,1.39,2.27,1.38
3855.78,27,1.81,0.66,1.7,1.36,1.41,2.24,1.24,1.66,1.79,1.48,1.79,1.59,2.06,2.13,1.46,1.39,2.28,1.37
3856.78,27,1.81,0.66,1.69,1.36,1.41,2.23,1.25,1.66,1.79,1.48,1.79,1.57,2.06,2.12,1.45,1.39,2.26,1.37
3857.78,27,1.81,0.66,1.7,1.35,1.41,2.23,1.27,1.67,1.8,1.49,1.8,1.58,2.07,2.14,1.46,1.39,2.27,1.38
3858.78,27,1.8,0.67,1.69,1.36,1.41,2.23,1.26,1.66,1.79,1.48,1.77,1.58,2.05,2.13,1.46,1.39,2.26,1.38
3859.78,27,1.81,0.65,1.69,1.35,1.4,2.23,1.25,1.64,1.79,1.47,1.78,1.57,2.05,2.13,1.46,1.38,2.26,1.36
3860.78,27,1.8,0.66,1.69,1.35,1.4,2.23,1.26,1.66,1.79,1.48,1.78,1.58,2.06,2.13,1.45,1.39,2.25,1.36
3861.8,27,1.8,0.67,1.7,1.37,1.4,2.23,1.26,1.66,1.8,1.47,1.78,1.57,2.06,2.13,1.46,1.39,2.26,1.37
3862.8,27,1.8,0.66,1.7,1.37,1.41,2.23,1.26,1.66,1.79,1.47,1.79,1.58,2.05,2.14,1.46,1.39,2.25,1.37
3863.8,27,1.79,0.65,1.68,1.35,1.39,2.23,1.25,1.64,1.78,1.46,1.78,1.56,2.05,2.12,1.45,1.38,2.24,1.36
3864.8,27,1.79,0.66,1.69,1.36,1.39,2.23,1.24,1.66,1.79,1.47,1.8,1.57,2.05,2.13,1.45,1.39,2.24,1.37
3865.8,27,1.8,0.66,1.68,1.35,1.41,2.23,1.26,1.66,1.79,1.47,1.79,1.57,2.05,2.12,1.45,1.39,2.23,1.36
3866.8,27,1.79,0.66,1.69,1.36,1.4,2.23,1.25,1.66,1.81,1.46,1.79,1.57,2.06,2.13,1.45,1.38,2.23,1.36
3867.8,27,1.79,0.65,1.68,1.34,1.4,2.23,1.25,1.65,1.78,1.46,1.78,1.57,2.04,2.12,1.44,1.38,2.23,1.36
3868.8,27,1.79,0.65,1.69,1.34,1.41,2.23,1.25,1.65,1.79,1.46,1.78,1.57,2.05,2.12,1.46,1.39,2.23,1.36
3869.8,27,1.8,0.66,1.69,1.36,1.41,2.23,1.26,1.66,1.8,1.46,1.79,1.58,2.06,2.13,1.46,1.39,2.23,1.37
3870.8,27,1.8,0.66,1.7,1.36,1.41,2.23,1.26,1.66,1.79,1.46,1.79,1.58,2.06,2.13,1.46,1.39,2.23,1.37
3871.8,27,1.79,0.66,1.68,1.35,1.4,2.23,1.25,1.65,1.78,1.45,1.79,1.57,2.05,2.12,1.45,1.38,2.22,1.36
3872.82,27,1.78,0.65,1.68,1.34,1.39,2.23,1.25,1.65,1.78,1.44,1.78,1.57,2.04,2.12,1.45,1.37,2.21,1.36
3873.82,27,1.79,0.66,1.7,1.35,1.39,2.23,1.26,1.65,1.78,1.44,1.79,1.57,2.05,2.13,1.45,1.39,2.22,1.37
3874.82,27,1.79,0.66,1.68,1.36,1.4,2.23,1.27,1.66,1.79,1.45,1.78,1.58,2.06,2.12,1.45,1.39,2.2,1.36
3875.82,27,1.78,0.65,1.68,1.36,1.41,2.23,1.26,1.65,1.78,1.44,1.79,1.57,2.05,2.13,1.45,1.39,2.2,1.37
3876.82,27,1.78,0.66,1.69,1.36,1.4,2.23,1.27,1.65,1.79,1.44,1.79,1.58,2.07,2.12,1.46,1.39,2.21,1.37
3877.82,27,1.78,0.65,1.7,1.36,1.4,2.23,1.27,1.66,1.79,1.45,1.78,1.58,2.06,2.12,1.45,1.39,2.21,1.37
3878.82,27,1.77,0.66,1.7,1.36,1.41,2.23,1.27,1.65,1.8,1.44,1.79,1.57,2.06,2.13,1.46,1.38,2.21,1.38
3879.82,27,1.77,0.65,1.69,1.36,1.41,2.23,1.28,1.66,1.79,1.45,1.8,1.57,2.05,2.13,1.45,1.39,2.2,1.37
3880.83,27,1.77,0.66,1.68,1.36,1.41,2.23,1.27,1.65,1.79,1.43,1.79,1.57,2.06,2.13,1.46,1.39,2.19,1.36
3881.83,27,1.76,0.65,1.69,1.35,1.39,2.23,1.28,1.66,1.8,1.43,1.79,1.57,2.06,2.13,1.45,1.38,2.19,1.36
3882.83,27,1.76,0.65,1.7,1.37,1.41,2.24,1.29,1.66,1.79,1.44,1.79,1.58,2.06,2.13,1.45,1.39,2.19,1.37
3883.83,27,1.75,0.65,1.67,1.36,1.4,2.23,1.27,1.66,1.78,1.42,1.79,1.56,2.05,2.11,1.44,1.38,2.17,1.36
3884.83,27,1.76,0.65,1.68,1.36,1.39,2.21,1.27,1.66,1.79,1.42,1.79,1.57,2.06,2.12,1.46,1.38,2.18,1.36
3885.83,27,1.74,0.65,1.66,1.36,1.39,2.21,1.26,1.64,1.79,1.41,1.77,1.57,2.05,2.12,1.44,1.37,2.17,1.36
3886.83,27,1.75,0.66,1.67,1.35,1.4,2.23,1.27,1.65,1.79,1.42,1.79,1.56,2.05,2.12,1.46,1.37,2.17,1.36
3887.83,27,1.75,0.66,1.69,1.36,1.4,2.23,1.28,1.64,1.79,1.42,1.79,1.57,2.06,2.13,1.45,1.38,2.17,1.37
3888.83,27,1.75,0.67,1.69,1.36,1.39,2.23,1.28,1.66,1.78,1.42,1.79,1.57,2.06,2.11,1.45,1.39,2.16,1.36
3889.85,27,1.76,0.66,1.69,1.37,1.41,2.23,1.28,1.67,1.79,1.42,1.79,1.58,2.07,2.12,1.47,1.39,2.18,1.37
3890.85,27,1.77,0.67,1.69,1.38,1.4,2.23,1.28,1.67,1.8,1.43,1.8,1.58,2.06,2.13,1.46,1.39,2.17,1.37
3891.85,27,1.75,0.66,1.67,1.36,1.39,2.22,1.27,1.66,1.78,1.41,1.77,1.57,2.04,2.12,1.44,1.38,2.16,1.35
3892.85,27,1.75,0.66,1.69,1.36,1.41,2.24,1.27,1.65,1.79,1.41,1.78,1.57,2.05,2.13,1.45,1.38,2.16,1.37
3893.85,27,1.75,0.66,1.68,1.37,1.4,2.23,1.27,1.65,1.79,1.4,1.78,1.57,2.05,2.11,1.44,1.39,2.15,1.36
3894.85,27,1.75,0.65,1.7,1.36,1.4,2.23,1.27,1.65,1.8,1.41,1.79,1.57,2.06,2.13,1.45,1.39,2.15,1.37
3895.87,27,1.74,0.66,1.68,1.36,1.39,2.23,1.28,1.65,1.79,1.4,1.79,1.57,2.05,2.13,1.45,1.39,2.14,1.37
3896.87,27,1.75,0.66,1.69,1.36,1.39,2.23,1.26,1.65,1.8,1.39,1.78,1.57,2.05,2.13,1.46,1.38,2.15,1.36
3897.87,27,1.74,0.66,1.68,1.36,1.39,2.22,1.28,1.65,1.78,1.4,1.78,1.57,2.06,2.12,1.45,1.39,2.13,1.36
3898.87,27,1.74,0.65,1.68,1.35,1.39,2.23,1.26,1.64,1.78,1.4,1.79,1.56,2.05,2.12,1.45,1.38,2.13,1.37
3899.87,27,1.74,0.65,1.68,1.36,1.39,2.23,1.28,1.65,1.79,1.39,1.78,1.56,2.05,2.13,1.45,1.38,2.13,1.36
3900.87,27,1.74,0.65,1.68,1.35,1.39,2.23,1.27,1.65,1.79,1.4,1.78,1.57,2.05,2.12,1.44,1.38,2.12,1.36
3901.87,27,1.74,0.66,1.69,1.37,1.4,2.23,1.28,1.66,1.78,1.4,1.8,1.57,2.06,2.12,1.46,1.39,2.13,1.37
3902.87,27,1.74,0.66,1.69,1.36,1.39,2.23,1.27,1.66,1.79,1.39,1.78,1.57,2.06,2.12,1.45,1.38,2.12,1.37
3903.88,27,1.74,0.65,1.69,1.37,1.4,2.23,1.27,1.64,1.78,1.39,1.8,1.58,2.04,2.13,1.45,1.39,2.11,1.37
3904.88,27,1.74,0.64,1.68,1.37,1.4,2.22,1.28,1.64,1.79,1.39,1.79,1.58,2.06,2.12,1.46,1.39,2.12,1.37
3905.88,27,1.73,0.66,1.69,1.36,1.39,2.22,1.27,1.66,1.79,1.39,1.79,1.56,2.05,2.13,1.46,1.38,2.11,1.35
3906.88,27,1.73,0.66,1.7,1.37,1.4,2.23,1.28,1.65,1.79,1.39,1.78,1.57,2.06,2.13,1.46,1.38,2.11,1.36
3907.9,27,1.73,0.66,1.69,1.37,1.41,2.23,1.27,1.65,1.79,1.39,1.79,1.57,2.05,2.13,1.46,1.39,2.11,1.37
3908.9,27,1.73,0.65,1.69,1.38,1.4,2.23,1.27,1.65,1.79,1.39,1.79,1.58,2.06,2.13,1.46,1.39,2.11,1.36
3909.9,27,1.72,0.66,1.69,1.37,1.4,2.23,1.28,1.65,1.78,1.39,1.78,1.57,2.06,2.12,1.46,1.39,2.11,1.37
3910.9,27,1.73,0.66,1.7,1.39,1.41,2.23,1.28,1.66,1.8,1.39,1.79,1.59,2.07,2.13,1.47,1.38,2.11,1.37
3911.9,27,1.72,0.66,1.68,1.38,1.4,2.23,1.27,1.66,1.79,1.39,1.78,1.57,2.05,2.13,1.46,1.39,2.11,1.36
3912.9,27,1.72,0.65,1.67,1.38,1.39,2.23,1.25,1.65,1.78,1.39,1.78,1.55,2.05,2.12,1.45,1.38,2.1,1.36
3913.9,27,1.72,0.66,1.69,1.37,1.4,2.23,1.26,1.66,1.79,1.39,1.79,1.58,2.06,2.13,1.45,1.39,2.11,1.37
3914.9,27,1.72,0.66,1.68,1.37,1.4,2.23,1.27,1.65,1.79,1.39,1.79,1.57,2.05,2.12,1.46,1.39,2.1,1.36
3915.92,27,1.72,0.66,1.68,1.37,1.39,2.23,1.26,1.66,1.79,1.39,1.79,1.57,2.05,2.11,1.46,1.38,2.09,1.36
3916.92,27,1.72,0.66,1.69,1.37,1.4,2.23,1.25,1.65,1.78,1.39,1.78,1.57,2.05,2.12,1.45,1.38,2.1,1.36
3917.92,27,1.72,0.66,1.68,1.37,1.4,2.23,1.26,1.65,1.79,1.38,1.79,1.57,2.05,2.13,1.46,1.39,2.09,1.37
3918.92,27,1.72,0.65,1.68,1.38,1.4,2.23,1.26,1.65,1.79,1.39,1.78,1.57,2.05,2.12,1.45,1.39,2.09,1.36
3919.92,27,1.72,0.66,1.69,1.38,1.39,2.23,1.26,1.66,1.8,1.39,1.78,1.57,2.05,2.12,1.46,1.38,2.08,1.37
3920.92,27,1.72,0.66,1.68,1.38,1.39,2.22,1.26,1.65,1.79,1.39,1.79,1.56,2.05,2.12,1.45,1.38,2.07,1.35
3921.92,27,1.72,0.65,1.68,1.38,1.39,2.23,1.25,1.65,1.79,1.39,1.79,1.57,2.05,2.12,1.45,1.38,2.08,1.36
3922.92,27,1.72,0.65,1.68,1.38,1.39,2.23,1.25,1.64,1.8,1.39,1.79,1.57,2.04,2.12,1.45,1.38,2.07,1.36
3923.92,27,1.71,0.65,1.68,1.36,1.39,2.23,1.25,1.64,1.78,1.38,1.78,1.57,2.04,2.11,1.46,1.38,2.07,1.35
3924.93,27,1.72,0.65,1.69,1.39,1.4,2.23,1.25,1.65,1.79,1.39,1.79,1.57,2.06,2.13,1.45,1.39,2.07,1.36
3925.93,27,1.72,0.65,1.69,1.38,1.4,2.23,1.25,1.65,1.79,1.38,1.79,1.58,2.05,2.13,1.44,1.38,2.07,1.36
3926.93,27,1.72,0.66,1.68,1.38,1.39,2.23,1.24,1.65,1.78,1.38,1.79,1.56,2.05,2.12,1.45,1.38,2.06,1.36
3927.93,27,1.71,0.66,1.68,1.39,1.39,2.22,1.25,1.65,1.78,1.39,1.79,1.57,2.04,2.11,1.45,1.38,2.06,1.37
3928.93,27,1.71,0.65,1.67,1.37,1.4,2.23,1.24,1.66,1.79,1.38,1.78,1.57,2.04,2.12,1.45,1.38,2.05,1.36
3929.93,27,1.71,0.65,1.68,1.37,1.39,2.23,1.24,1.65,1.77,1.38,1.79,1.57,2.04,2.12,1.45,1.38,2.04,1.36
3930.93,27,1.7,0.65,1.68,1.38,1.39,2.22,1.24,1.65,1.79,1.38,1.78,1.56,2.05,2.12,1.45,1.38,2.04,1.35
3931.93,27,1.7,0.66,1.69,1.38,1.4,2.23,1.25,1.65,1.79,1.38,1.79,1.57,2.06,2.13,1.46,1.38,2.05,1.36
3932.93,27,1.7,0.67,1.69,1.38,1.4,2.22,1.25,1.66,1.8,1.37,1.79,1.58,2.05,2.11,1.46,1.39,2.05,1.37
3933.93,27,1.69,0.65,1.67,1.37,1.39,2.23,1.23,1.65,1.78,1.37,1.78,1.57,2.05,2.12,1.45,1.39,2.03,1.36
3934.95,27,1.69,0.65,1.68,1.39,1.4,2.23,1.23,1.66,1.78,1.37,1.79,1.58,2.05,2.12,1.45,1.39,2.03,1.36
3935.95,27,1.67,0.65,1.67,1.37,1.39,2.22,1.23,1.65,1.78,1.36,1.78,1.57,2.04,2.12,1.45,1.38,2.02,1.35
3936.95,27,1.68,0.66,1.69,1.38,1.41,2.23,1.23,1.65,1.8,1.37,1.78,1.58,2.06,2.12,1.45,1.38,2.03,1.38
3937.95,27,1.68,0.65,1.7,1.37,1.4,2.22,1.23,1.64,1.78,1.35,1.79,1.58,2.05,2.12,1.44,1.39,2.03,1.36
3938.95,27,1.67,0.65,1.68,1.39,1.39,2.23,1.23,1.66,1.78,1.36,1.78,1.57,2.05,2.12,1.44,1.37,2.02,1.37
3939.95,27,1.67,0.66,1.66,1.37,1.39,2.23,1.22,1.65,1.8,1.36,1.78,1.56,2.04,2.12,1.45,1.37,2.01,1.36
3940.95,27,1.67,0.65,1.67,1.37,1.39,2.22,1.21,1.64,1.77,1.34,1.78,1.56,2.04,2.11,1.44,1.37,2.01,1.35
3941.95,27,1.66,0.65,1.68,1.37,1.39,2.22,1.23,1.65,1.77,1.37,1.79,1.57,2.05,2.12,1.45,1.38,2.01,1.36
3942.95,27,1.66,0.65,1.69,1.38,1.39,2.23,1.23,1.65,1.79,1.37,1.79,1.57,2.05,2.12,1.45,1.38,2.01,1.36
3943.97,27,1.66,0.66,1.68,1.38,1.39,2.23,1.23,1.65,1.78,1.37,1.78,1.56,2.05,2.12,1.44,1.38,2.01,1.36
3944.97,27,1.66,0.65,1.68,1.38,1.39,2.22,1.23,1.65,1.77,1.36,1.78,1.56,2.05,2.12,1.45,1.38,2.01,1.35
3945.97,27,1.67,0.66,1.68,1.39,1.4,2.22,1.23,1.66,1.8,1.37,1.79,1.57,2.05,2.12,1.45,1.39,2.01,1.36
3946.97,27,1.65,0.66,1.68,1.38,1.39,2.23,1.22,1.65,1.78,1.36,1.78,1.57,2.04,2.11,1.44,1.38,2.0,1.35
3947.97,27,1.67,0.65,1.67,1.38,1.4,2.23,1.23,1.64,1.79,1.35,1.78,1.57,2.04,2.11,1.45,1.38,1.99,1.35
3948.97,27,1.67,0.65,1.69,1.39,1.39,2.23,1.23,1.65,1.79,1.35,1.78,1.57,2.05,2.12,1.45,1.38,2.0,1.35
3949.98,27,1.66,0.66,1.69,1.39,1.4,2.23,1.22,1.66,1.8,1.36,1.79,1.57,2.05,2.11,1.46,1.38,1.99,1.36
3950.98,27,1.66,0.65,1.68,1.39,1.39,2.22,1.22,1.65,1.78,1.35,1.78,1.57,2.04,2.11,1.45,1.38,1.99,1.36
3951.98,27,1.66,0.66,1.69,1.38,1.39,2.23,1.22,1.65,1.79,1.35,1.79,1.57,2.05,2.11,1.45,1.39,1.99,1.35
3952.98,27,1.66,0.66,1.68,1.39,1.39,2.22,1.22,1.65,1.79,1.36,1.78,1.56,2.05,2.13,1.45,1.39,1.98,1.36
3953.98,27,1.67,0.65,1.69,1.39,1.4,2.23,1.23,1.65,1.79,1.35,1.78,1.57,2.05,2.13,1.45,1.38,1.98,1.36
3954.98,27,1.64,0.66,1.68,1.39,1.39,2.22,1.22,1.64,1.77,1.35,1.78,1.56,2.04,2.12,1.44,1.37,1.97,1.36
3955.98,27,1.65,0.66,1.68,1.39,1.4,2.23,1.23,1.66,1.78,1.35,1.78,1.57,2.05,2.13,1.44,1.39,1.98,1.37
3957.0,27,1.65,0.66,1.69,1.39,1.39,2.23,1.23,1.66,1.78,1.35,1.79,1.57,2.05,2.13,1.45,1.39,1.98,1.36
3958.0,27,1.64,0.66,1.68,1.38,1.4,2.23,1.23,1.65,1.79,1.34,1.78,1.57,2.05,2.12,1.45,1.37,1.97,1.36
3959.0,27,1.64,0.65,1.67,1.38,1.39,2.23,1.22,1.64,1.79,1.35,1.77,1.56,2.04,2.12,1.43,1.37,1.97,1.34
3960.0,27,1.64,0.65,1.69,1.39,1.4,2.23,1.23,1.65,1.79,1.36,1.8,1.58,2.05,2.12,1.45,1.38,1.97,1.36
3961.0,27,1.64,0.65,1.68,1.37,1.39,2.23,1.22,1.65,1.78,1.33,1.78,1.57,2.04,2.12,1.46,1.38,1.96,1.35
3962.0,27,1.63,0.65,1.69,1.39,1.4,2.23,1.22,1.65,1.79,1.35,1.78,1.57,2.05,2.12,1.45,1.37,1.95,1.36
3963.0,27,1.64,0.66,1.69,1.38,1.4,2.23,1.22,1.65,1.79,1.35,1.79,1.57,2.05,2.12,1.45,1.38,1.96,1.35
3964.0,27,1.63,0.64,1.68,1.38,1.4,2.23,1.2,1.65,1.77,1.34,1.77,1.56,2.04,2.11,1.44,1.38,1.95,1.35
3965.0,27,1.64,0.65,1.68,1.38,1.4,2.23,1.21,1.65,1.78,1.36,1.78,1.57,2.04,2.11,1.46,1.37,1.95,1.36
3966.0,27,1.63,0.65,1.68,1.38,1.4,2.23,1.21,1.65,1.78,1.34,1.78,1.56,2.04,2.11,1.45,1.37,1.94,1.36
3967.0,27,1.63,0.65,1.68,1.38,1.39,2.22,1.21,1.65,1.78,1.36,1.78,1.56,2.05,2.12,1.44,1.38,1.94,1.36
3968.02,27,1.62,0.64,1.67,1.38,1.39,2.23,1.21,1.64,1.77,1.33,1.77,1.56,2.04,2.11,1.43,1.37,1.94,1.36
3969.02,27,1.63,0.65,1.68,1.38,1.39,2.22,1.2,1.64,1.77,1.33,1.79,1.56,2.05,2.13,1.45,1.37,1.94,1.36
3970.02,27,1.63,0.67,1.69,1.39,1.4,2.23,1.21,1.65,1.78,1.34,1.78,1.57,2.04,2.13,1.46,1.38,1.94,1.36
3971.02,27,1.63,0.66,1.68,1.39,1.4,2.23,1.21,1.65,1.78,1.34,1.78,1.58,2.05,2.13,1.44,1.38,1.93,1.35
3972.02,27,1.63,0.66,1.68,1.39,1.4,2.23,1.21,1.67,1.79,1.34,1.79,1.57,2.06,2.13,1.46,1.39,1.93,1.36
3973.02,27,1.61,0.65,1.67,1.38,1.39,2.23,1.2,1.64,1.78,1.33,1.78,1.56,2.04,2.11,1.44,1.37,1.91,1.35
3974.02,27,1.63,0.65,1.68,1.39,1.39,2.23,1.21,1.65,1.79,1.34,1.79,1.56,2.05,2.12,1.45,1.38,1.92,1.36
3975.02,27,1.63,0.67,1.69,1.39,1.4,2.23,1.21,1.66,1.79,1.35,1.79,1.57,2.06,2.12,1.45,1.39,1.93,1.36
3976.03,27,1.63,0.65,1.68,1.38,1.39,2.22,1.21,1.64,1.78,1.34,1.77,1.57,2.05,2.11,1.45,1.38,1.91,1.35
3977.03,27,1.62,0.66,1.67,1.38,1.39,2.23,1.2,1.65,1.78,1.33,1.78,1.57,2.04,2.12,1.45,1.37,1.91,1.35
3978.03,27,1.61,0.65,1.68,1.37,1.39,2.22,1.19,1.65,1.78,1.34,1.78,1.56,2.04,2.11,1.44,1.37,1.91,1.35
3979.03,27,1.62,0.66,1.68,1.39,1.4,2.23,1.22,1.66,1.78,1.34,1.78,1.57,2.05,2.12,1.45,1.38,1.91,1.37
3980.03,27,1.62,0.65,1.68,1.39,1.39,2.23,1.21,1.65,1.79,1.34,1.79,1.56,2.04,2.12,1.46,1.38,1.91,1.35
3981.03,27,1.61,0.65,1.68,1.37,1.39,2.23,1.2,1.65,1.79,1.33,1.78,1.57,2.05,2.12,1.44,1.37,1.9,1.36
3982.05,27,1.6,0.64,1.67,1.38,1.39,2.22,1.2,1.64,1.77,1.32,1.78,1.56,2.04,2.12,1.44,1.38,1.91,1.35
3983.05,27,1.6,0.66,1.69,1.37,1.39,2.23,1.21,1.66,1.78,1.32,1.79,1.56,2.05,2.12,1.46,1.38,1.91,1.36
3984.05,27,1.6,0.65,1.68,1.38,1.39,2.22,1.2,1.64,1.78,1.32,1.78,1.56,2.03,2.11,1.44,1.37,1.89,1.36
3985.05,27,1.59,0.65,1.69,1.37,1.39,2.22,1.19,1.64,1.76,1.32,1.78,1.55,2.04,2.12,1.44,1.38,1.89,1.34
3986.07,27,1.6,0.65,1.67,1.39,1.39,2.23,1.21,1.65,1.78,1.32,1.78,1.57,2.04,2.11,1.44,1.37,1.89,1.36
3987.07,27,1.6,0.65,1.67,1.38,1.39,2.23,1.22,1.64,1.78,1.32,1.78,1.57,2.05,2.12,1.45,1.38,1.88,1.36
3988.07,27,1.59,0.65,1.67,1.39,1.4,2.23,1.22,1.65,1.78,1.32,1.78,1.58,2.05,2.13,1.45,1.38,1.89,1.36
3989.07,27,1.58,0.65,1.68,1.38,1.39,2.21,1.2,1.65,1.78,1.31,1.78,1.57,2.04,2.11,1.44,1.37,1.88,1.35
3990.07,27,1.59,0.66,1.67,1.39,1.4,2.23,1.21,1.66,1.79,1.32,1.79,1.57,2.05,2.12,1.46,1.38,1.88,1.36
3991.07,27,1.58,0.64,1.69,1.39,1.4,2.23,1.21,1.64,1.79,1.32,1.79,1.56,2.05,2.12,1.45,1.38,1.88,1.36
3992.07,27,1.57,0.65,1.67,1.38,1.39,2.22,1.2,1.65,1.76,1.31,1.78,1.56,2.04,2.11,1.44,1.37,1.87,1.35
3993.08,27,1.58,0.66,1.69,1.38,1.4,2.24,1.21,1.66,1.81,1.32,1.79,1.58,2.05,2.13,1.46,1.39,1.89,1.36
3994.08,27,1.57,0.64,1.68,1.38,1.39,2.22,1.2,1.65,1.77,1.31,1.77,1.57,2.05,2.12,1.45,1.38,1.88,1.36
3995.08,27,1.58,0.65,1.67,1.37,1.39,2.22,1.21,1.65,1.78,1.31,1.77,1.57,2.05,2.11,1.45,1.38,1.87,1.35
3996.08,27,1.57,0.64,1.66,1.37,1.39,2.21,1.19,1.64,1.77,1.31,1.77,1.55,2.02,2.12,1.44,1.36,1.85,1.34
3997.08,27,1.57,0.65,1.69,1.38,1.4,2.23,1.2,1.66,1.79,1.31,1.78,1.58,2.04,2.13,1.45,1.38,1.87,1.36
3998.08,27,1.57,0.64,1.67,1.37,1.39,2.22,1.19,1.64,1.78,1.3,1.78,1.55,2.03,2.11,1.44,1.37,1.85,1.35
3999.1,27,1.58,0.65,1.69,1.37,1.4,2.23,1.2,1.66,1.78,1.31,1.78,1.56,2.04,2.12,1.46,1.37,1.86,1.36
4000.1,27,1.58,0.65,1.68,1.37,1.39,2.23,1.19,1.65,1.8,1.3,1.79,1.57,2.05,2.12,1.46,1.38,1.85,1.36
4001.1,27,1.57,0.64,1.67,1.37,1.39,2.22,1.19,1.65,1.77,1.29,1.79,1.57,2.03,2.11,1.44,1.37,1.84,1.35
4002.1,27,1.57,0.64,1.68,1.37,1.39,2.23,1.19,1.64,1.77,1.29,1.77,1.56,2.03,2.11,1.44,1.37,1.85,1.35
4003.12,27,1.56,0.64,1.67,1.38,1.39,2.22,1.19,1.64,1.78,1.29,1.77,1.56,2.02,2.11,1.44,1.36,1.84,1.34
4004.12,27,1.57,0.65,1.68,1.38,1.4,2.22,1.2,1.65,1.78,1.3,1.78,1.57,2.04,2.11,1.44,1.38,1.83,1.36
4005.12,27,1.57,0.66,1.67,1.36,1.39,2.23,1.18,1.64,1.79,1.28,1.78,1.55,2.04,2.12,1.44,1.38,1.84,1.35
4006.12,27,1.57,0.65,1.66,1.37,1.39,2.22,1.19,1.65,1.77,1.28,1.78,1.57,2.03,2.11,1.44,1.38,1.83,1.36
4007.12,27,1.58,0.66,1.68,1.38,1.39,2.23,1.19,1.65,1.78,1.29,1.78,1.57,2.04,2.12,1.45,1.37,1.84,1.35
4008.12,27,1.56,0.65,1.66,1.36,1.4,2.21,1.18,1.64,1.78,1.28,1.78,1.55,2.04,2.11,1.44,1.37,1.83,1.34
4009.12,27,1.56,0.65,1.67,1.37,1.39,2.22,1.18,1.64,1.78,1.28,1.77,1.56,2.03,2.12,1.45,1.37,1.82,1.34
4010.12,27,1.55,0.64,1.68,1.36,1.39,2.22,1.18,1.64,1.78,1.28,1.78,1.56,2.03,2.11,1.44,1.37,1.82,1.35
4011.12,27,1.56,0.65,1.67,1.38,1.4,2.23,1.2,1.64,1.78,1.28,1.78,1.56,2.04,2.12,1.45,1.37,1.83,1.35
4012.12,27,1.55,0.65,1.68,1.37,1.39,2.22,1.19,1.64,1.79,1.28,1.78,1.56,2.03,2.12,1.45,1.37,1.82,1.34
4013.12,27,1.56,0.66,1.68,1.36,1.4,2.22,1.2,1.65,1.77,1.28,1.78,1.57,2.04,2.12,1.46,1.38,1.82,1.36
4014.13,27,1.55,0.66,1.68,1.37,1.39,2.23,1.2,1.65,1.78,1.28,1.77,1.57,2.05,2.11,1.44,1.38,1.82,1.36
4015.13,27,1.55,0.65,1.67,1.36,1.39,2.23,1.19,1.65,1.78,1.27,1.78,1.55,2.04,2.12,1.45,1.37,1.82,1.34
4016.13,27,1.55,0.65,1.67,1.36,1.39,2.23,1.19,1.66,1.78,1.27,1.78,1.56,2.03,2.12,1.44,1.37,1.81,1.36
4017.13,27,1.55,0.65,1.68,1.36,1.39,2.22,1.19,1.64,1.78,1.26,1.79,1.56,2.03,2.11,1.44,1.37,1.81,1.35
4018.13,27,1.55,0.65,1.67,1.36,1.4,2.23,1.19,1.64,1.79,1.25,1.79,1.57,2.04,2.12,1.44,1.37,1.82,1.36
4019.13,27,1.54,0.64,1.67,1.36,1.39,2.23,1.18,1.64,1.78,1.25,1.78,1.56,2.03,2.11,1.44,1.37,1.81,1.35
4020.15,27,1.54,0.65,1.67,1.38,1.39,2.22,1.18,1.64,1.78,1.26,1.78,1.57,2.04,2.11,1.44,1.38,1.8,1.36
4021.15,27,1.54,0.65,1.67,1.37,1.39,2.22,1.18,1.65,1.78,1.25,1.77,1.56,2.04,2.11,1.45,1.37,1.79,1.35
4022.15,27,1.53,0.66,1.68,1.36,1.39,2.23,1.18,1.64,1.79,1.25,1.77,1.57,2.04,2.11,1.45,1.37,1.81,1.35
4023.15,27,1.54,0.64,1.68,1.36,1.39,2.23,1.18,1.64,1.78,1.25,1.78,1.57,2.03,2.11,1.44,1.38,1.8,1.35
4024.15,27,1.53,0.65,1.67,1.36,1.39,2.22,1.18,1.65,1.77,1.25,1.77,1.57,2.05,2.11,1.44,1.38,1.8,1.35
4025.15,27,1.53,0.66,1.67,1.36,1.39,2.23,1.17,1.65,1.79,1.24,1.78,1.56,2.04,2.12,1.45,1.37,1.79,1.35
4026.15,27,1.54,0.65,1.67,1.36,1.4,2.23,1.18,1.65,1.78,1.25,1.78,1.57,2.03,2.12,1.45,1.38,1.8,1.34
4027.17,27,1.54,0.66,1.67,1.37,1.4,2.23,1.17,1.65,1.78,1.25,1.79,1.58,2.04,2.12,1.45,1.39,1.79,1.35
4028.17,27,1.53,0.65,1.67,1.35,1.39,2.22,1.16,1.64,1.77,1.24,1.77,1.57,2.03,2.11,1.44,1.36,1.78,1.35
4029.17,27,1.54,0.65,1.68,1.37,1.4,2.23,1.18,1.64,1.79,1.25,1.78,1.57,2.04,2.12,1.44,1.38,1.78,1.35
4030.17,27,1.53,0.65,1.68,1.37,1.39,2.23,1.18,1.65,1.79,1.24,1.78,1.57,2.04,2.13,1.44,1.38,1.78,1.36
4031.17,27,1.53,0.65,1.67,1.36,1.39,2.23,1.17,1.65,1.77,1.25,1.78,1.57,2.04,2.11,1.44,1.38,1.78,1.35
4032.17,27,1.53,0.64,1.67,1.36,1.39,2.23,1.17,1.65,1.78,1.23,1.77,1.56,2.04,2.11,1.44,1.37,1.77,1.35
4033.17,27,1.52,0.64,1.67,1.35,1.4,2.22,1.16,1.64,1.77,1.23,1.77,1.56,2.04,2.11,1.44,1.38,1.78,1.35
4034.18,27,1.52,0.64,1.68,1.35,1.39,2.23,1.17,1.66,1.79,1.24,1.78,1.57,2.05,2.12,1.45,1.38,1.76,1.35
4035.18,27,1.52,0.64,1.67,1.35,1.39,2.22,1.16,1.65,1.77,1.23,1.78,1.56,2.03,2.12,1.44,1.37,1.76,1.35
4036.18,27,1.52,0.66,1.67,1.35,1.39,2.22,1.17,1.65,1.78,1.23,1.79,1.57,2.04,2.12,1.45,1.37,1.76,1.35
4037.18,27,1.53,0.65,1.69,1.36,1.41,2.24,1.17,1.65,1.79,1.23,1.78,1.57,2.04,2.13,1.46,1.38,1.77,1.35
4038.18,27,1.51,0.64,1.66,1.35,1.39,2.22,1.17,1.65,1.78,1.23,1.78,1.56,2.03,2.11,1.44,1.37,1.75,1.35
4039.18,27,1.52,0.66,1.68,1.36,1.39,2.23,1.17,1.65,1.79,1.23,1.78,1.56,2.05,2.12,1.45,1.38,1.76,1.36
4040.18,27,1.51,0.64,1.67,1.34,1.4,2.22,1.16,1.65,1.78,1.23,1.77,1.55,2.04,2.12,1.44,1.38,1.75,1.35
4041.18,27,1.52,0.65,1.69,1.35,1.4,2.23,1.17,1.65,1.78,1.23,1.78,1.57,2.04,2.11,1.45,1.38,1.75,1.36
4042.18,27,1.51,0.66,1.67,1.36,1.4,2.23,1.17,1.66,1.79,1.23,1.78,1.58,2.04,2.12,1.44,1.38,1.76,1.35
4043.18,27,1.5,0.65,1.67,1.34,1.39,2.23,1.16,1.64,1.78,1.22,1.78,1.56,2.03,2.12,1.44,1.37,1.75,1.35
4044.18,27,1.51,0.65,1.68,1.34,1.39,2.23,1.17,1.64,1.79,1.23,1.78,1.57,2.03,2.12,1.44,1.38,1.74,1.35
4045.18,27,1.49,0.65,1.68,1.34,1.39,2.22,1.16,1.64,1.78,1.22,1.78,1.57,2.02,2.12,1.44,1.37,1.74,1.36
4046.18,27,1.49,0.65,1.68,1.35,1.4,2.23,1.17,1.65,1.79,1.22,1.78,1.57,2.05,2.13,1.45,1.38,1.74,1.36
4047.18,27,1.5,0.66,1.68,1.35,1.4,2.23,1.18,1.66,1.79,1.22,1.79,1.58,2.05,2.12,1.46,1.39,1.74,1.36
4048.18,27,1.49,0.65,1.67,1.34,1.39,2.23,1.17,1.65,1.78,1.21,1.78,1.57,2.03,2.11,1.45,1.38,1.73,1.35
4049.2,27,1.49,0.65,1.68,1.35,1.39,2.23,1.16,1.65,1.79,1.21,1.79,1.57,2.05,2.12,1.45,1.38,1.73,1.36
4050.2,27,1.49,0.65,1.67,1.34,1.39,2.22,1.16,1.65,1.78,1.21,1.78,1.57,2.03,2.12,1.45,1.38,1.73,1.35
4051.2,27,1.47,0.66,1.68,1.34,1.39,2.23,1.16,1.66,1.79,1.2,1.78,1.57,2.04,2.12,1.45,1.38,1.73,1.36
4052.2,27,1.48,0.65,1.68,1.35,1.39,2.23,1.17,1.64,1.79,1.21,1.78,1.57,2.04,2.11,1.45,1.38,1.72,1.35
4053.2,27,1.48,0.66,1.69,1.35,1.4,2.23,1.17,1.66,1.79,1.21,1.79,1.57,2.05,2.14,1.46,1.38,1.72,1.36
4054.2,27,1.48,0.66,1.68,1.35,1.4,2.22,1.17,1.67,1.78,1.21,1.79,1.57,2.04,2.12,1.45,1.39,1.73,1.36
4055.2,27,1.47,0.65,1.67,1.35,1.4,2.23,1.16,1.65,1.77,1.19,1.78,1.57,2.03,2.12,1.45,1.37,1.72,1.35
4056.2,27,1.48,0.66,1.68,1.34,1.39,2.23,1.16,1.65,1.78,1.18,1.78,1.56,2.04,2.11,1.44,1.37,1.71,1.35
4057.22,27,1.47,0.65,1.68,1.34,1.39,2.23,1.16,1.65,1.79,1.2,1.78,1.57,2.05,2.13,1.45,1.38,1.72,1.35
4058.22,27,1.47,0.66,1.68,1.33,1.39,2.23,1.16,1.66,1.79,1.19,1.79,1.57,2.04,2.12,1.46,1.38,1.71,1.36
4059.22,27,1.47,0.64,1.68,1.33,1.4,2.23,1.16,1.64,1.79,1.19,1.78,1.57,2.04,2.12,1.45,1.37,1.72,1.35
4060.22,27,1.47,0.66,1.68,1.35,1.4,2.23,1.16,1.66,1.79,1.2,1.79,1.58,2.05,2.12,1.46,1.38,1.71,1.35
4061.22,27,1.47,0.66,1.68,1.34,1.39,2.23,1.16,1.64,1.78,1.18,1.79,1.57,2.04,2.13,1.46,1.37,1.7,1.35
4062.22,27,1.46,0.65,1.66,1.34,1.39,2.22,1.16,1.64,1.78,1.17,1.77,1.56,2.03,2.11,1.44,1.36,1.7,1.35
4063.23,27,1.46,0.67,1.69,1.34,1.39,2.23,1.16,1.65,1.79,1.18,1.79,1.57,2.04,2.13,1.46,1.37,1.71,1.36
4064.23,27,1.46,0.66,1.67,1.34,1.39,2.23,1.16,1.65,1.79,1.18,1.79,1.57,2.04,2.11,1.44,1.38,1.71,1.36
4065.23,27,1.46,0.66,1.68,1.34,1.39,2.23,1.16,1.65,1.78,1.19,1.78,1.58,2.04,2.13,1.45,1.38,1.7,1.36
4066.23,27,1.46,0.65,1.68,1.33,1.39,2.23,1.16,1.64,1.78,1.18,1.78,1.57,2.04,2.12,1.45,1.37,1.69,1.36
4067.23,27,1.47,0.65,1.69,1.33,1.4,2.23,1.16,1.66,1.79,1.18,1.78,1.57,2.05,2.12,1.45,1.39,1.69,1.36
4068.23,27,1.45,0.64,1.68,1.33,1.4,2.22,1.16,1.65,1.79,1.17,1.78,1.56,2.04,2.12,1.45,1.37,1.68,1.35
4069.23,27,1.44,0.65,1.68,1.32,1.39,2.23,1.15,1.64,1.78,1.16,1.79,1.56,2.04,2.12,1.44,1.37,1.69,1.35
4070.23,27,1.45,0.66,1.69,1.33,1.39,2.23,1.15,1.66,1.79,1.16,1.78,1.57,2.04,2.12,1.45,1.38,1.68,1.36
4071.25,27,1.43,0.64,1.67,1.32,1.39,2.21,1.15,1.64,1.78,1.16,1.78,1.56,2.02,2.11,1.44,1.36,1.67,1.34
4072.25,27,1.44,0.66,1.69,1.33,1.4,2.23,1.16,1.66,1.79,1.17,1.79,1.57,2.04,2.13,1.45,1.38,1.67,1.35
4073.25,27,1.43,0.65,1.68,1.33,1.4,2.23,1.15,1.64,1.78,1.16,1.78,1.57,2.03,2.12,1.46,1.37,1.67,1.35
4074.25,27,1.43,0.65,1.67,1.32,1.39,2.23,1.16,1.65,1.79,1.16,1.79,1.57,2.04,2.12,1.45,1.37,1.67,1.36
4075.25,27,1.43,0.65,1.67,1.32,1.4,2.22,1.15,1.65,1.79,1.16,1.79,1.57,2.05,2.12,1.45,1.38,1.67,1.36
4076.25,27,1.42,0.65,1.68,1.32,1.4,2.23,1.16,1.65,1.78,1.16,1.78,1.57,2.04,2.12,1.44,1.38,1.67,1.35
4077.25,27,1.42,0.65,1.67,1.31,1.39,2.22,1.15,1.64,1.78,1.16,1.78,1.56,2.03,2.12,1.45,1.37,1.67,1.34
4078.25,27,1.41,0.65,1.67,1.32,1.39,2.22,1.15,1.65,1.79,1.16,1.78,1.56,2.04,2.12,1.45,1.37,1.65,1.34
4079.27,27,1.42,0.65,1.69,1.31,1.4,2.23,1.16,1.66,1.78,1.16,1.78,1.57,2.04,2.12,1.45,1.38,1.67,1.35
4080.27,27,1.42,0.66,1.68,1.31,1.4,2.23,1.16,1.65,1.79,1.16,1.79,1.56,2.04,2.12,1.44,1.38,1.65,1.36
4081.27,27,1.41,0.65,1.67,1.32,1.39,2.23,1.16,1.65,1.78,1.16,1.78,1.57,2.04,2.13,1.44,1.38,1.66,1.37
4082.27,27,1.41,0.66,1.69,1.32,1.4,2.23,1.16,1.66,1.8,1.16,1.79,1.58,2.04,2.12,1.45,1.38,1.67,1.35
4083.27,27,1.4,0.65,1.67,1.31,1.4,2.23,1.16,1.65,1.79,1.16,1.78,1.58,2.04,2.12,1.45,1.39,1.65,1.35
4084.28,27,1.4,0.65,1.67,1.31,1.39,2.23,1.14,1.66,1.79,1.16,1.78,1.57,2.04,2.12,1.45,1.38,1.65,1.35
4085.28,27,1.4,0.64,1.68,1.32,1.39,2.22,1.16,1.65,1.78,1.16,1.77,1.57,2.04,2.12,1.45,1.38,1.64,1.35
4086.28,27,1.39,0.66,1.67,1.32,1.4,2.22,1.15,1.65,1.79,1.16,1.78,1.57,2.04,2.12,1.45,1.37,1.64,1.34
4087.28,27,1.39,0.65,1.67,1.32,1.39,2.22,1.14,1.64,1.78,1.15,1.78,1.57,2.03,2.12,1.44,1.37,1.65,1.35
4088.28,27,1.39,0.65,1.67,1.31,1.39,2.23,1.15,1.65,1.77,1.15,1.78,1.56,2.04,2.12,1.45,1.37,1.64,1.35
4089.28,27,1.4,0.66,1.69,1.32,1.4,2.23,1.16,1.66,1.78,1.16,1.78,1.58,2.04,2.13,1.46,1.38,1.65,1.36
4090.28,27,1.4,0.65,1.68,1.32,1.4,2.23,1.16,1.66,1.79,1.15,1.79,1.57,2.04,2.13,1.46,1.37,1.65,1.35
4091.28,27,1.39,0.65,1.68,1.31,1.4,2.23,1.15,1.65,1.79,1.14,1.78,1.57,2.04,2.13,1.44,1.37,1.64,1.36
4092.3,27,1.39,0.64,1.67,1.31,1.39,2.23,1.15,1.65,1.78,1.15,1.78,1.56,2.04,2.12,1.45,1.38,1.64,1.34
4093.3,27,1.39,0.66,1.68,1.32,1.39,2.23,1.14,1.65,1.78,1.15,1.79,1.57,2.04,2.13,1.45,1.38,1.64,1.36
4094.3,27,1.38,0.65,1.68,1.31,1.4,2.23,1.15,1.65,1.79,1.15,1.78,1.57,2.04,2.12,1.44,1.37,1.64,1.36
4095.3,27,1.39,0.65,1.69,1.32,1.4,2.22,1.15,1.66,1.79,1.15,1.79,1.57,2.04,2.13,1.45,1.37,1.64,1.35
4096.3,27,1.38,0.65,1.67,1.31,1.39,2.22,1.15,1.65,1.79,1.14,1.78,1.56,2.04,2.11,1.45,1.37,1.62,1.35
4097.3,27,1.38,0.66,1.68,1.32,1.4,2.23,1.16,1.66,1.8,1.15,1.79,1.58,2.04,2.13,1.45,1.39,1.62,1.36
4098.3,27,1.39,0.66,1.68,1.32,1.4,2.23,1.16,1.66,1.79,1.15,1.79,1.58,2.03,2.12,1.45,1.38,1.63,1.36
4099.3,27,1.39,0.66,1.69,1.32,1.4,2.23,1.16,1.65,1.78,1.16,1.79,1.57,2.04,2.13,1.45,1.38,1.63,1.37
4100.3,27,1.38,0.65,1.69,1.32,1.39,2.22,1.15,1.66,1.78,1.15,1.79,1.57,2.02,2.13,1.45,1.37,1.63,1.34
4101.3,27,1.37,0.66,1.68,1.31,1.4,2.23,1.15,1.65,1.79,1.14,1.78,1.57,2.04,2.13,1.45,1.38,1.62,1.36
4102.3,27,1.37,0.67,1.68,1.31,1.4,2.23,1.15,1.65,1.79,1.13,1.79,1.57,2.03,2.13,1.45,1.38,1.62,1.35
4103.32,27,1.37,0.64,1.68,1.31,1.39,2.23,1.15,1.65,1.79,1.13,1.78,1.56,2.03,2.12,1.45,1.36,1.61,1.35
4104.32,27,1.36,0.66,1.68,1.31,1.4,2.23,1.15,1.65,1.78,1.14,1.79,1.57,2.03,2.13,1.45,1.37,1.61,1.35
4105.32,27,1.36,0.65,1.68,1.31,1.39,2.23,1.15,1.65,1.78,1.13,1.79,1.57,2.03,2.12,1.44,1.37,1.6,1.35
4106.32,27,1.37,0.66,1.69,1.31,1.4,2.22,1.15,1.65,1.8,1.14,1.78,1.58,2.05,2.12,1.46,1.38,1.61,1.35
4107.32,27,1.35,0.65,1.68,1.31,1.4,2.23,1.14,1.65,1.79,1.14,1.78,1.57,2.03,2.12,1.45,1.37,1.61,1.35
4108.32,27,1.37,0.65,1.69,1.31,1.4,2.23,1.15,1.66,1.8,1.14,1.79,1.57,2.04,2.13,1.46,1.38,1.6,1.36
4109.32,27,1.36,0.65,1.67,1.31,1.39,2.23,1.14,1.64,1.79,1.14,1.78,1.57,2.04,2.12,1.46,1.37,1.6,1.35
4110.32,27,1.35,0.66,1.68,1.32,1.41,2.23,1.15,1.65,1.79,1.15,1.79,1.59,2.04,2.13,1.46,1.39,1.61,1.36
4111.32,27,1.35,0.65,1.68,1.31,1.39,2.23,1.14,1.65,1.78,1.13,1.79,1.57,2.04,2.13,1.45,1.37,1.61,1.35
4112.32,27,1.34,0.66,1.68,1.31,1.39,2.22,1.14,1.65,1.79,1.13,1.78,1.57,2.04,2.12,1.45,1.38,1.59,1.36
4113.32,27,1.35,0.67,1.67,1.31,1.39,2.23,1.14,1.66,1.78,1.13,1.78,1.56,2.03,2.11,1.45,1.38,1.59,1.36
4114.33,27,1.34,0.66,1.67,1.31,1.4,2.22,1.13,1.65,1.78,1.13,1.78,1.56,2.03,2.12,1.44,1.38,1.58,1.35
4115.33,27,1.34,0.64,1.7,1.31,1.39,2.21,1.13,1.65,1.78,1.13,1.78,1.56,2.03,2.12,1.44,1.38,1.58,1.34
