"Time","T","Control_R1","Control_R2","Control_R3","0.0125_R1","0.0125_R2","0.0125_R3","0.025_R1","0.025_R2","0.025_R3","0.05_R1","0.05_R2","0.05_R3","0.1_R1","0.1_R2","0.1_R3","0.2_R1","0.2_R2","0.2_R3","0.35_R1","0.35_R2","0.35_R3"
0.03,27,9.27,9.36,9.15,9.51,9.25,9.02,9.37,8.98,9.93,8.76,9.98,9.64,9.21,8.93,8.97,8.09,8.82,8.65,10.07,9.57,9.11
1.05,27,9.41,9.47,9.31,9.62,9.35,9.15,9.47,9.06,10.06,8.76,10.06,9.75,9.28,9.02,9.1,8.17,8.87,8.79,10.18,9.69,9.31
2.05,27,9.52,9.54,9.43,9.7,9.44,9.26,9.57,9.16,10.15,8.8,10.15,9.87,9.38,9.11,9.23,8.26,8.93,8.92,10.3,9.83,9.43
3.05,27,9.59,9.61,9.52,9.77,9.52,9.35,9.64,9.22,10.25,8.81,10.21,9.94,9.44,9.19,9.33,8.33,8.98,9.04,10.4,9.94,9.56
4.05,27,9.69,9.69,9.64,9.84,9.61,9.43,9.72,9.32,10.34,8.86,10.27,10.06,9.53,9.27,9.46,8.43,9.04,9.16,10.5,10.04,9.67
5.05,27,9.79,9.78,9.74,9.93,9.68,9.53,9.83,9.39,10.43,8.91,10.35,10.16,9.62,9.36,9.56,8.5,9.11,9.27,10.61,10.17,9.79
6.05,27,9.86,9.82,9.82,9.99,9.74,9.61,9.87,9.46,10.5,8.92,10.4,10.23,9.68,9.43,9.64,8.56,9.15,9.36,10.69,10.25,9.86
7.05,27,9.96,9.88,9.92,10.07,9.83,9.69,9.96,9.53,10.59,8.98,10.48,10.32,9.75,9.51,9.74,8.65,9.2,9.46,10.78,10.36,9.96
8.05,27,10.02,9.93,9.98,10.12,9.89,9.74,10.01,9.59,10.66,9,10.54,10.4,9.82,9.57,9.83,8.7,9.27,9.54,10.84,10.43,10.02
9.05,27,10.07,9.97,10.03,10.18,9.96,9.8,10.09,9.67,10.75,9.03,10.61,10.49,9.88,9.64,9.91,8.76,9.35,9.62,10.92,10.52,10.09
10.05,27,10.15,10.02,10.11,10.23,10.03,9.88,10.13,9.73,10.83,9.08,10.65,10.57,9.94,9.7,9.99,8.83,9.39,9.7,10.99,10.58,10.13
11.05,27,10.2,10.06,10.17,10.29,10.09,9.96,10.21,9.79,10.89,9.12,10.71,10.63,9.99,9.78,10.06,8.91,9.47,9.77,11.05,10.65,10.18
12.05,27,10.26,10.11,10.2,10.34,10.16,10.01,10.25,9.83,10.95,9.2,10.76,10.69,10.04,9.84,10.13,8.95,9.52,9.82,11.1,10.71,10.21
13.05,27,10.29,10.12,10.23,10.38,10.2,10.06,10.3,9.88,11,9.22,10.82,10.76,10.09,9.89,10.16,8.99,9.57,9.87,11.14,10.76,10.21
14.05,27,10.31,10.13,10.3,10.4,10.25,10.11,10.36,9.94,11.08,9.27,10.87,10.82,10.15,9.94,10.23,9.04,9.63,9.92,11.2,10.82,10.25
15.05,27,10.39,10.17,10.34,10.48,10.3,10.16,10.4,9.99,11.13,9.32,10.93,10.88,10.2,10.01,10.3,9.1,9.69,9.98,11.24,10.87,10.27
16.05,27,10.41,10.2,10.36,10.49,10.34,10.21,10.45,10.04,11.18,9.35,10.97,10.93,10.25,10.06,10.31,9.15,9.74,10.02,11.28,10.92,10.29
17.05,27,10.44,10.21,10.41,10.53,10.38,10.25,10.49,10.08,11.21,9.39,11,10.97,10.26,10.11,10.38,9.19,9.78,10.04,11.3,10.97,10.29
18.05,27,10.48,10.23,10.43,10.58,10.43,10.3,10.52,10.13,11.28,9.43,11.05,11.04,10.27,10.15,10.4,9.22,9.82,10.11,11.36,11.01,10.31
19.05,27,10.5,10.25,10.44,10.59,10.44,10.32,10.56,10.16,11.32,9.47,11.1,11.06,10.3,10.2,10.44,9.26,9.86,10.12,11.38,11.04,10.31
20.05,27,10.53,10.27,10.48,10.63,10.5,10.39,10.61,10.21,11.38,9.51,11.14,11.13,10.35,10.25,10.49,9.3,9.91,10.17,11.42,11.09,10.34
21.05,27,10.57,10.26,10.5,10.69,10.56,10.41,10.65,10.26,11.42,9.53,11.21,11.18,10.39,10.29,10.54,9.33,9.96,10.21,11.45,11.1,10.35
22.05,27,10.59,10.3,10.53,10.71,10.59,10.45,10.67,10.31,11.46,9.58,11.25,11.24,10.43,10.35,10.56,9.38,9.99,10.23,11.48,11.14,10.36
23.07,27,10.61,10.31,10.56,10.72,10.62,10.48,10.7,10.32,11.49,9.59,11.29,11.25,10.44,10.39,10.58,9.41,10.03,10.26,11.48,11.17,10.38
24.07,27,10.65,10.32,10.59,10.76,10.65,10.53,10.75,10.36,11.52,9.63,11.33,11.29,10.49,10.43,10.62,9.43,10.08,10.29,11.52,11.2,10.39
25.07,27,10.65,10.32,10.61,10.78,10.67,10.53,10.78,10.4,11.56,9.65,11.33,11.33,10.52,10.45,10.66,9.46,10.09,10.31,11.53,11.21,10.39
26.07,27,10.67,10.35,10.65,10.82,10.7,10.57,10.8,10.44,11.6,9.68,11.37,11.36,10.53,10.49,10.69,9.48,10.11,10.34,11.56,11.24,10.4
27.07,27,10.7,10.35,10.66,10.83,10.74,10.61,10.83,10.48,11.64,9.7,11.41,11.4,10.56,10.53,10.7,9.52,10.13,10.36,11.58,11.25,10.39
28.07,27,10.72,10.36,10.67,10.85,10.75,10.63,10.83,10.49,11.66,9.73,11.45,11.44,10.59,10.57,10.72,9.53,10.18,10.38,11.58,11.29,10.4
29.08,27,10.74,10.39,10.7,10.89,10.79,10.66,10.88,10.54,11.7,9.77,11.49,11.46,10.62,10.62,10.75,9.57,10.21,10.41,11.62,11.3,10.41
30.08,27,10.75,10.39,10.71,10.88,10.82,10.67,10.88,10.56,11.73,9.77,11.49,11.49,10.62,10.63,10.76,9.58,10.23,10.43,11.64,11.33,10.39
31.08,27,10.76,10.4,10.74,10.92,10.84,10.7,10.91,10.58,11.73,9.79,11.54,11.5,10.65,10.67,10.79,9.61,10.27,10.44,11.66,11.34,10.43
32.08,27,10.78,10.4,10.74,10.92,10.85,10.72,10.92,10.59,11.76,9.82,11.56,11.53,10.66,10.71,10.79,9.61,10.26,10.47,11.66,11.34,10.41
33.08,27,10.78,10.4,10.75,10.95,10.87,10.74,10.95,10.63,11.8,9.84,11.58,11.54,10.7,10.72,10.83,9.64,10.3,10.47,11.69,11.36,10.43
34.08,27,10.83,10.41,10.8,10.99,10.93,10.79,10.99,10.67,11.84,9.88,11.62,11.6,10.72,10.79,10.85,9.68,10.35,10.5,11.69,11.41,10.44
35.1,27,10.82,10.41,10.8,11,10.93,10.79,10.99,10.69,11.83,9.89,11.65,11.61,10.74,10.8,10.87,9.68,10.35,10.52,11.72,11.41,10.43
36.1,27,10.85,10.44,10.82,11.01,10.96,10.82,11.01,10.72,11.87,9.91,11.66,11.64,10.76,10.85,10.88,9.69,10.39,10.54,11.73,11.42,10.41
37.1,27,10.85,10.44,10.82,11.02,10.96,10.82,11.02,10.74,11.89,9.92,11.68,11.65,10.79,10.88,10.91,9.7,10.38,10.53,11.75,11.44,10.41
38.1,27,10.87,10.44,10.82,11.02,10.97,10.83,11.02,10.75,11.89,9.92,11.7,11.66,10.8,10.89,10.91,9.72,10.4,10.54,11.75,11.45,10.41
39.1,27,10.88,10.45,10.84,11.05,11,10.87,11.05,10.79,11.94,9.94,11.73,11.69,10.8,10.93,10.93,9.75,10.41,10.57,11.77,11.46,10.41
40.1,27,10.89,10.45,10.85,11.08,11.04,10.88,11.08,10.82,11.95,9.97,11.76,11.7,10.82,10.96,10.96,9.77,10.43,10.58,11.76,11.48,10.4
41.12,27,10.92,10.45,10.88,11.09,11.04,10.91,11.09,10.83,11.98,9.98,11.79,11.73,10.84,10.99,10.96,9.78,10.47,10.59,11.8,11.49,10.4
42.12,27,10.89,10.45,10.87,11.09,11.02,10.89,11.09,10.84,11.96,9.98,11.77,11.73,10.84,11,10.97,9.78,10.47,10.58,11.8,11.5,10.39
43.13,27,10.92,10.48,10.89,11.1,11.08,10.92,11.12,10.87,12.02,10.02,11.81,11.75,10.88,11.05,11.01,9.79,10.48,10.62,11.8,11.5,10.39
44.13,27,10.92,10.47,10.89,11.12,11.06,10.93,11.13,10.89,12.02,10.03,11.81,11.79,10.88,11.06,11,9.8,10.48,10.63,11.81,11.5,10.39
45.13,27,10.95,10.49,10.89,11.13,11.1,10.93,11.16,10.91,12.04,10.04,11.84,11.79,10.91,11.1,11.01,9.83,10.5,10.63,11.83,11.53,10.39
46.13,27,10.96,10.47,10.91,11.13,11.09,10.95,11.14,10.89,12.03,10.04,11.84,11.8,10.89,11.09,11.02,9.83,10.5,10.63,11.83,11.53,10.38
47.13,27,10.96,10.48,10.93,11.16,11.12,10.97,11.17,10.93,12.06,10.06,11.85,11.81,10.92,11.14,11.02,9.86,10.54,10.66,11.84,11.56,10.39
48.13,27,10.97,10.48,10.93,11.17,11.12,11,11.18,10.95,12.07,10.07,11.88,11.81,10.95,11.17,11.05,9.84,10.57,10.67,11.85,11.57,10.38
49.13,27,11,10.5,10.95,11.18,11.16,11.01,11.22,10.99,12.11,10.09,11.92,11.87,10.96,11.18,11.05,9.88,10.56,10.69,11.88,11.58,10.4
50.13,27,10.97,10.49,10.95,11.17,11.14,11,11.18,10.99,12.1,10.08,11.91,11.85,10.93,11.18,11.05,9.87,10.54,10.67,11.87,11.57,10.36
51.13,27,10.99,10.5,10.95,11.18,11.16,10.99,11.21,10.99,12.1,10.08,11.91,11.85,10.95,11.21,11.06,9.87,10.57,10.67,11.87,11.57,10.38
52.13,27,11,10.49,10.97,11.2,11.17,11.01,11.21,11,12.11,10.11,11.92,11.85,10.97,11.22,11.05,9.89,10.59,10.69,11.87,11.57,10.38
53.13,27,11.01,10.49,10.95,11.21,11.18,11.02,11.21,11,12.13,10.11,11.95,11.88,10.97,11.22,11.08,9.89,10.58,10.7,11.88,11.6,10.38
54.13,27,11,10.5,10.96,11.22,11.2,11.05,11.21,11.04,12.14,10.12,11.96,11.89,11,11.24,11.09,9.92,10.59,10.71,11.91,11.61,10.36
55.13,27,11.02,10.52,10.99,11.25,11.21,11.05,11.26,11.05,12.17,10.15,11.98,11.91,11.01,11.26,11.12,9.93,10.63,10.71,11.91,11.62,10.39
56.13,27,11.01,10.5,10.99,11.22,11.21,11.05,11.24,11.04,12.15,10.13,11.96,11.92,11,11.24,11.1,9.92,10.59,10.71,11.91,11.6,10.38
57.13,27,11.04,10.52,10.99,11.24,11.22,11.06,11.26,11.05,12.17,10.15,11.99,11.92,11.02,11.28,11.12,9.93,10.63,10.72,11.91,11.61,10.38
58.13,27,11.04,10.52,10.99,11.25,11.24,11.08,11.28,11.06,12.18,10.15,11.98,11.94,11.04,11.26,11.12,9.93,10.62,10.72,11.91,11.61,10.38
59.13,27,11.05,10.52,11,11.24,11.24,11.09,11.28,11.09,12.18,10.17,12.02,11.95,11.04,11.29,11.14,9.94,10.65,10.72,11.92,11.64,10.38
60.13,27,11.04,10.53,11.01,11.28,11.25,11.1,11.29,11.09,12.21,10.18,12.03,11.96,11.05,11.29,11.14,9.97,10.65,10.75,11.94,11.65,10.36
61.13,27,11.05,10.5,11.01,11.28,11.26,11.09,11.28,11.1,12.22,10.17,12.03,11.95,11.06,11.3,11.13,9.96,10.65,10.75,11.92,11.65,10.36
62.13,27,11.06,10.52,11.01,11.29,11.29,11.1,11.3,11.12,12.22,10.18,12.03,11.96,11.05,11.3,11.14,9.96,10.66,10.76,11.94,11.64,10.36
63.13,27,11.05,10.52,11.01,11.28,11.25,11.09,11.29,11.09,12.22,10.2,12.03,11.96,11.08,11.32,11.14,9.96,10.67,10.74,11.94,11.65,10.35
64.13,27,11.06,10.53,11.02,11.3,11.28,11.12,11.3,11.13,12.24,10.21,12.04,11.99,11.08,11.34,11.14,9.97,10.67,10.76,11.96,11.66,10.36
65.15,27,11.08,10.52,11.02,11.3,11.29,11.12,11.3,11.13,12.22,10.2,12.06,11.99,11.1,11.34,11.16,9.97,10.66,10.76,11.94,11.65,10.36
66.15,27,11.08,10.5,11.02,11.29,11.28,11.12,11.32,11.14,12.24,10.2,12.04,11.99,11.06,11.36,11.16,9.97,10.69,10.75,11.94,11.66,10.35
67.15,27,11.06,10.49,10.99,11.3,11.26,11.12,11.3,11.12,12.24,10.2,12.06,11.99,11.09,11.34,11.13,9.97,10.67,10.75,11.89,11.62,10.39
68.15,27,11.02,10.5,10.96,11.28,11.26,11.1,11.28,11.12,12.22,10.2,12.03,11.98,11.08,11.34,11.12,9.94,10.63,10.72,11.88,11.6,10.4
69.15,27,11.02,10.49,10.97,11.28,11.26,11.1,11.28,11.12,12.22,10.2,12.04,11.96,11.08,11.34,11.12,9.93,10.65,10.72,11.87,11.6,10.39
70.15,27,11.02,10.5,10.96,11.28,11.28,11.09,11.3,11.13,12.24,10.21,12.06,11.96,11.06,11.36,11.12,9.94,10.65,10.72,11.88,11.61,10.38
71.15,27,11.01,10.48,10.96,11.28,11.25,11.09,11.26,11.12,12.22,10.2,12.03,11.95,11.05,11.33,11.12,9.93,10.63,10.72,11.87,11.6,10.34
72.17,27,11.01,10.48,10.95,11.28,11.26,11.09,11.28,11.12,12.21,10.2,12.06,11.96,11.05,11.34,11.12,9.93,10.65,10.72,11.87,11.6,10.35
73.17,27,11,10.48,10.95,11.25,11.25,11.09,11.28,11.14,12.21,10.18,12.04,11.95,11.06,11.36,11.12,9.92,10.65,10.71,11.87,11.6,10.32
74.17,27,11.01,10.49,10.95,11.26,11.25,11.09,11.29,11.13,12.2,10.18,12.04,11.95,11.08,11.37,11.1,9.94,10.63,10.7,11.87,11.61,10.34
75.17,27,11,10.47,10.96,11.28,11.28,11.09,11.29,11.14,12.2,10.2,12.06,11.95,11.05,11.37,11.1,9.92,10.66,10.71,11.87,11.58,10.32
76.17,27,11,10.48,10.93,11.26,11.28,11.08,11.28,11.13,12.22,10.18,12.06,11.95,11.05,11.36,11.09,9.92,10.63,10.7,11.87,11.6,10.32
77.18,27,11,10.45,10.95,11.25,11.26,11.08,11.29,11.13,12.21,10.17,12.04,11.95,11.06,11.4,11.1,9.93,10.63,10.7,11.87,11.6,10.31
78.18,27,11,10.45,10.93,11.25,11.25,11.08,11.28,11.13,12.21,10.18,12.06,11.95,11.06,11.38,11.09,9.94,10.63,10.7,11.85,11.58,10.3
79.18,27,11.01,10.47,10.96,11.26,11.28,11.1,11.28,11.14,12.21,10.18,12.06,11.95,11.06,11.4,11.1,9.94,10.65,10.71,11.89,11.58,10.29
80.18,27,11.01,10.47,10.95,11.25,11.28,11.09,11.28,11.13,12.22,10.2,12.04,11.94,11.06,11.38,11.09,9.93,10.65,10.7,11.88,11.57,10.29
81.18,27,10.99,10.43,10.95,11.24,11.28,11.06,11.28,11.14,12.21,10.17,12.04,11.95,11.05,11.38,11.09,9.92,10.62,10.69,11.87,11.57,10.27
82.18,27,11.01,10.47,10.96,11.26,11.28,11.09,11.29,11.14,12.21,10.18,12.06,11.96,11.06,11.41,11.09,9.93,10.65,10.7,11.88,11.6,10.27
83.2,27,11.01,10.44,10.92,11.25,11.25,11.08,11.28,11.14,12.21,10.17,12.06,11.95,11.05,11.4,11.08,9.92,10.63,10.7,11.87,11.58,10.26
84.2,27,10.99,10.45,10.95,11.25,11.26,11.08,11.28,11.13,12.21,10.17,12.04,11.94,11.06,11.4,11.09,9.93,10.63,10.69,11.87,11.6,10.26
85.2,27,10.97,10.43,10.93,11.24,11.26,11.06,11.25,11.12,12.2,10.17,12.04,11.92,11.02,11.38,11.08,9.91,10.62,10.67,11.85,11.56,10.25
86.2,27,11.01,10.44,10.93,11.28,11.28,11.08,11.29,11.16,12.22,10.18,12.06,11.96,11.06,11.41,11.09,9.93,10.65,10.7,11.88,11.58,10.27
87.2,27,11.01,10.45,10.95,11.26,11.26,11.08,11.28,11.14,12.2,10.18,12.06,11.96,11.06,11.41,11.09,9.93,10.63,10.71,11.88,11.57,10.26
88.2,27,11.01,10.45,10.96,11.26,11.26,11.09,11.28,11.14,12.22,10.17,12.07,11.96,11.06,11.42,11.09,9.93,10.62,10.71,11.89,11.6,10.25
89.22,27,11.01,10.43,10.95,11.26,11.28,11.08,11.28,11.16,12.22,10.18,12.07,11.95,11.06,11.42,11.1,9.93,10.62,10.7,11.88,11.6,10.26
90.22,27,11.01,10.44,10.93,11.26,11.28,11.09,11.28,11.14,12.21,10.2,12.06,11.96,11.06,11.44,11.09,9.93,10.63,10.7,11.88,11.58,10.25
91.22,27,11.02,10.45,10.96,11.26,11.29,11.08,11.29,11.16,12.21,10.2,12.06,11.98,11.06,11.45,11.1,9.94,10.63,10.71,11.88,11.6,10.25
92.22,27,11.04,10.44,10.95,11.28,11.29,11.09,11.29,11.16,12.22,10.18,12.06,11.96,11.05,11.44,11.1,9.93,10.65,10.71,11.87,11.58,10.23
93.22,27,11.01,10.44,10.95,11.26,11.26,11.08,11.28,11.14,12.2,10.18,12.07,11.95,11.05,11.44,11.1,9.93,10.62,10.7,11.88,11.6,10.22
94.22,27,11.02,10.44,10.93,11.26,11.28,11.09,11.3,11.14,12.22,10.18,12.04,11.95,11.08,11.42,11.09,9.93,10.65,10.7,11.88,11.6,10.22
95.22,27,11,10.44,10.96,11.25,11.29,11.08,11.29,11.16,12.22,10.2,12.06,11.96,11.06,11.45,11.1,9.93,10.65,10.71,11.88,11.6,10.22
96.22,27,11.02,10.44,10.95,11.28,11.28,11.08,11.32,11.14,12.21,10.2,12.06,11.95,11.05,11.45,11.1,9.93,10.63,10.71,11.88,11.58,10.21
97.22,27,11,10.44,10.95,11.26,11.26,11.08,11.29,11.16,12.22,10.18,12.07,11.94,11.06,11.45,11.09,9.92,10.63,10.7,11.88,11.58,10.21
98.22,27,11.04,10.44,10.96,11.28,11.28,11.09,11.3,11.17,12.24,10.2,12.09,11.96,11.08,11.48,11.1,9.93,10.65,10.71,11.88,11.61,10.21
99.22,27,11.02,10.45,10.96,11.28,11.28,11.09,11.3,11.17,12.22,10.18,12.07,11.96,11.06,11.46,11.09,9.93,10.63,10.7,11.88,11.6,10.2
100.23,27,11.02,10.44,10.96,11.26,11.29,11.08,11.3,11.17,12.21,10.21,12.06,11.95,11.08,11.46,11.1,9.94,10.66,10.69,11.88,11.6,10.18
101.23,27,11.02,10.44,10.96,11.28,11.28,11.06,11.29,11.16,12.22,10.18,12.04,11.95,11.06,11.46,11.09,9.93,10.63,10.7,11.88,11.6,10.18
102.23,27,11.02,10.44,10.96,11.28,11.28,11.09,11.29,11.16,12.21,10.2,12.06,11.95,11.08,11.48,11.09,9.94,10.63,10.7,11.88,11.6,10.17
103.23,27,11.02,10.44,10.96,11.28,11.28,11.09,11.3,11.16,12.22,10.2,12.09,11.96,11.06,11.49,11.1,9.94,10.66,10.71,11.89,11.61,10.17
104.23,27,11.02,10.44,10.95,11.26,11.29,11.09,11.3,11.16,12.24,10.2,12.09,11.96,11.05,11.48,11.1,9.96,10.65,10.71,11.89,11.61,10.16
105.23,27,11.02,10.43,10.97,11.26,11.3,11.08,11.32,11.17,12.21,10.2,12.07,11.95,11.06,11.48,11.09,9.94,10.65,10.71,11.89,11.6,10.16
106.23,27,11.01,10.41,10.96,11.28,11.29,11.09,11.32,11.17,12.24,10.2,12.07,11.94,11.08,11.48,11.1,9.94,10.63,10.71,11.88,11.6,10.15
107.23,27,11.04,10.45,10.97,11.28,11.3,11.1,11.32,11.2,12.24,10.2,12.07,11.96,11.06,11.5,11.1,9.94,10.66,10.7,11.91,11.6,10.15
108.23,27,11.02,10.44,10.96,11.28,11.29,11.09,11.32,11.17,12.21,10.2,12.07,11.96,11.06,11.5,11.1,9.94,10.63,10.7,11.88,11.6,10.13
109.25,27,11.05,10.44,10.97,11.29,11.3,11.09,11.32,11.17,12.24,10.21,12.07,11.98,11.08,11.5,11.1,9.96,10.66,10.72,11.89,11.61,10.15
110.25,27,11.04,10.45,10.97,11.29,11.32,11.1,11.33,11.18,12.25,10.21,12.09,11.96,11.09,11.5,11.12,9.97,10.65,10.71,11.92,11.61,10.13
111.27,27,11.05,10.45,10.97,11.29,11.3,11.1,11.32,11.18,12.24,10.21,12.09,11.96,11.08,11.52,11.1,9.96,10.66,10.71,11.91,11.62,10.15
112.27,27,11.02,10.44,10.96,11.28,11.3,11.09,11.33,11.18,12.25,10.21,12.09,11.96,11.08,11.52,11.1,9.96,10.66,10.72,11.92,11.61,10.13
113.27,27,11.04,10.44,10.99,11.29,11.3,11.1,11.33,11.17,12.25,10.21,12.09,11.96,11.08,11.54,11.12,9.96,10.66,10.71,11.92,11.61,10.12
114.27,27,11.04,10.43,10.97,11.3,11.3,11.09,11.32,11.18,12.24,10.21,12.09,11.95,11.08,11.53,11.12,9.97,10.66,10.71,11.92,11.61,10.12
115.27,27,11.06,10.44,10.99,11.29,11.33,11.1,11.33,11.18,12.22,10.21,12.07,11.96,11.08,11.53,11.13,9.96,10.67,10.72,11.94,11.62,10.12
116.27,27,11.06,10.43,10.97,11.28,11.3,11.1,11.32,11.2,12.24,10.21,12.1,11.96,11.09,11.54,11.13,9.97,10.66,10.72,11.94,11.62,10.11
117.28,27,11.05,10.43,10.97,11.29,11.32,11.1,11.33,11.2,12.24,10.21,12.1,11.96,11.09,11.54,11.13,9.97,10.66,10.71,11.91,11.62,10.11
118.28,27,11.06,10.44,10.99,11.29,11.32,11.1,11.34,11.18,12.22,10.21,12.09,11.96,11.08,11.56,11.13,9.97,10.65,10.7,11.92,11.62,10.11
119.28,27,11.06,10.43,10.97,11.29,11.3,11.1,11.33,11.18,12.25,10.22,12.09,11.96,11.09,11.56,11.13,9.97,10.66,10.71,11.92,11.61,10.09
120.28,27,11.02,10.4,10.95,11.28,11.3,11.09,11.32,11.18,12.24,10.21,12.07,11.96,11.08,11.54,11.12,9.96,10.66,10.69,11.91,11.61,10.07
121.28,27,11.02,10.4,10.93,11.28,11.3,11.09,11.32,11.18,12.24,10.21,12.09,11.96,11.08,11.54,11.08,9.94,10.66,10.67,11.88,11.57,10.09
122.28,27,10.99,10.39,10.89,11.26,11.29,11.08,11.29,11.18,12.22,10.2,12.04,11.95,11.05,11.53,11.06,9.93,10.63,10.65,11.85,11.56,10.07
123.28,27,10.99,10.39,10.92,11.26,11.28,11.08,11.3,11.17,12.22,10.18,12.06,11.95,11.05,11.56,11.08,9.92,10.65,10.66,11.87,11.57,10.04
124.3,27,10.97,10.38,10.89,11.24,11.28,11.08,11.26,11.17,12.21,10.16,12.06,11.92,11.04,11.56,11.06,9.93,10.63,10.65,11.84,11.54,10.04
125.3,27,10.99,10.39,10.92,11.26,11.3,11.08,11.29,11.18,12.21,10.17,12.07,11.94,11.05,11.56,11.08,9.94,10.63,10.66,11.87,11.57,10.04
126.3,27,10.97,10.39,10.89,11.25,11.28,11.05,11.28,11.16,12.21,10.16,12.06,11.94,11.04,11.54,11.06,9.93,10.65,10.65,11.87,11.56,10.03
127.3,27,10.96,10.36,10.89,11.22,11.28,11.05,11.28,11.14,12.2,10.15,12.06,11.92,11.02,11.54,11.04,9.91,10.61,10.65,11.85,11.54,10.02
128.3,27,10.97,10.36,10.87,11.22,11.26,11.04,11.26,11.16,12.2,10.15,12.03,11.92,11.02,11.53,11.05,9.89,10.58,10.63,11.84,11.53,10.01
129.32,27,10.97,10.36,10.89,11.21,11.26,11.04,11.26,11.14,12.18,10.13,12.06,11.91,11.04,11.54,11.04,9.91,10.61,10.62,11.85,11.53,10.01
130.32,27,10.95,10.35,10.87,11.2,11.25,11.02,11.25,11.13,12.17,10.12,12.03,11.88,11.02,11.53,11.02,9.89,10.59,10.62,11.83,11.52,10.01
131.32,27,10.95,10.36,10.87,11.21,11.25,11.02,11.26,11.13,12.17,10.13,12.03,11.89,11.01,11.54,11.04,9.91,10.61,10.61,11.84,11.53,9.99
132.32,27,10.95,10.36,10.85,11.21,11.25,11.02,11.25,11.16,12.18,10.13,12.03,11.89,11.01,11.54,11.04,9.88,10.59,10.62,11.84,11.53,10.02
133.32,27,10.95,10.36,10.88,11.21,11.26,11.02,11.25,11.14,12.17,10.12,12.04,11.88,11.01,11.56,11.05,9.88,10.58,10.61,11.83,11.54,10.01
134.32,27,10.97,10.38,10.88,11.22,11.25,11.04,11.26,11.14,12.2,10.15,12.04,11.89,11.01,11.56,11.05,9.88,10.61,10.62,11.84,11.53,9.99
135.33,27,10.93,10.35,10.87,11.2,11.25,11.01,11.25,11.13,12.15,10.13,12.02,11.89,11.01,11.54,11.04,9.88,10.58,10.59,11.83,11.52,9.99
136.33,27,10.93,10.35,10.87,11.2,11.22,11,11.25,11.13,12.17,10.13,12.03,11.89,11.01,11.54,11.04,9.88,10.58,10.59,11.83,11.52,9.98
137.33,27,10.93,10.35,10.87,11.18,11.24,11,11.24,11.12,12.14,10.11,12.02,11.88,11,11.54,11.02,9.88,10.57,10.58,11.83,11.5,9.96
138.33,27,10.95,10.34,10.88,11.21,11.22,11.02,11.25,11.14,12.14,10.11,12,11.88,11.01,11.56,11.02,9.88,10.57,10.58,11.83,11.5,9.98
139.33,27,10.93,10.35,10.88,11.2,11.24,11.01,11.25,11.12,12.17,10.13,12.03,11.89,11.01,11.56,11.02,9.87,10.57,10.59,11.83,11.52,9.98
140.33,27,10.93,10.35,10.88,11.2,11.22,11,11.25,11.12,12.15,10.13,12.02,11.87,11,11.56,11.02,9.89,10.58,10.58,11.83,11.52,9.96
141.33,27,10.95,10.34,10.85,11.2,11.22,10.99,11.25,11.14,12.15,10.11,12.03,11.87,10.99,11.56,11.01,9.88,10.57,10.59,11.81,11.52,9.97
142.33,27,10.92,10.36,10.87,11.18,11.22,11,11.22,11.12,12.15,10.11,12,11.85,11,11.54,11.01,9.87,10.58,10.58,11.81,11.52,9.96
143.33,27,10.95,10.34,10.88,11.2,11.24,11,11.24,11.13,12.15,10.13,12.02,11.88,11,11.58,11.04,9.88,10.57,10.59,11.81,11.52,9.96
144.35,27,10.92,10.32,10.87,11.16,11.22,11,11.22,11.12,12.14,10.11,11.99,11.87,10.99,11.56,11.01,9.87,10.57,10.57,11.81,11.5,9.93
145.35,27,10.93,10.32,10.87,11.18,11.24,11.01,11.24,11.1,12.14,10.12,12,11.87,10.99,11.57,11.01,9.88,10.56,10.59,11.81,11.52,9.96
146.37,27,10.92,10.34,10.87,11.18,11.22,11,11.24,11.1,12.15,10.11,12.02,11.87,11,11.57,11.02,9.88,10.57,10.59,11.81,11.5,9.94
147.37,27,10.91,10.32,10.87,11.18,11.22,10.99,11.24,11.12,12.14,10.09,12,11.85,11,11.56,11.01,9.87,10.54,10.59,11.83,11.5,9.92
148.37,27,10.95,10.34,10.88,11.17,11.24,10.99,11.24,11.12,12.15,10.12,12.02,11.87,11,11.6,11.01,9.88,10.57,10.59,11.81,11.52,9.94
149.37,27,10.95,10.35,10.88,11.18,11.22,11,11.25,11.12,12.15,10.12,12.02,11.87,11,11.6,11.02,9.88,10.57,10.61,11.84,11.52,9.96
150.37,27,10.95,10.32,10.88,11.2,11.24,11,11.24,11.12,12.17,10.13,12,11.87,11,11.58,11.04,9.88,10.57,10.59,11.83,11.53,9.94
151.38,27,10.93,10.34,10.87,11.18,11.24,10.99,11.24,11.12,12.15,10.12,12,11.87,11,11.6,11.02,9.88,10.57,10.59,11.83,11.52,9.93
152.38,27,10.93,10.34,10.87,11.17,11.22,10.99,11.24,11.12,12.14,10.12,12.02,11.87,10.99,11.58,11.01,9.88,10.57,10.59,11.83,11.52,9.94
153.38,27,10.93,10.34,10.87,11.18,11.21,10.99,11.24,11.1,12.15,10.09,12,11.84,10.97,11.6,11.02,9.87,10.56,10.58,11.81,11.52,9.93
154.38,27,10.93,10.32,10.87,11.18,11.21,10.99,11.21,11.1,12.13,10.11,11.99,11.85,10.97,11.6,11.02,9.86,10.56,10.59,11.81,11.53,9.93
155.38,27,10.95,10.31,10.88,11.18,11.22,11,11.24,11.1,12.14,10.13,12.02,11.87,10.99,11.58,11.04,9.88,10.58,10.61,11.83,11.5,9.93
156.38,27,10.95,10.34,10.87,11.18,11.24,10.99,11.24,11.13,12.15,10.11,12.02,11.87,10.99,11.6,11.04,9.88,10.57,10.61,11.83,11.52,9.94
157.38,27,10.95,10.34,10.88,11.18,11.24,11,11.24,11.12,12.15,10.12,12.02,11.87,11,11.62,11.04,9.88,10.58,10.61,11.83,11.5,9.94
158.38,27,10.93,10.34,10.88,11.18,11.22,10.99,11.22,11.12,12.15,10.11,12.02,11.87,11,11.61,11.02,9.88,10.57,10.58,11.83,11.52,9.93
159.38,27,10.93,10.32,10.87,11.17,11.22,10.99,11.22,11.12,12.15,10.11,11.99,11.87,10.97,11.6,11.01,9.87,10.54,10.59,11.84,11.52,9.93
160.38,27,10.96,10.34,10.87,11.18,11.22,10.97,11.24,11.12,12.14,10.11,12.02,11.85,10.99,11.61,11.02,9.88,10.56,10.59,11.83,11.52,9.94
161.38,27,10.95,10.34,10.87,11.18,11.22,11,11.24,11.12,12.13,10.11,12,11.85,10.99,11.62,11.02,9.88,10.56,10.59,11.83,11.52,9.94
162.38,27,10.97,10.34,10.89,11.2,11.24,11,11.25,11.13,12.15,10.15,12.03,11.87,11.01,11.62,11.02,9.88,10.58,10.61,11.83,11.53,9.94
163.4,27,10.96,10.34,10.88,11.2,11.24,11,11.25,11.12,12.14,10.12,12.02,11.88,11,11.61,11.02,9.89,10.58,10.59,11.84,11.53,9.92
164.4,27,10.96,10.34,10.89,11.17,11.24,10.99,11.25,11.12,12.15,10.12,12.02,11.88,11,11.64,11.04,9.88,10.57,10.61,11.84,11.53,9.92
165.4,27,10.97,10.35,10.91,11.2,11.25,11.01,11.28,11.13,12.15,10.13,12.03,11.88,11.01,11.64,11.05,9.89,10.58,10.61,11.85,11.54,9.93
166.4,27,10.95,10.34,10.89,11.18,11.24,11,11.25,11.12,12.13,10.11,12,11.85,11,11.62,11.04,9.87,10.58,10.59,11.83,11.53,9.92
167.4,27,10.95,10.32,10.88,11.18,11.22,11,11.25,11.12,12.15,10.12,12,11.87,11,11.64,11.02,9.89,10.57,10.59,11.84,11.53,9.92
168.4,27,10.97,10.34,10.91,11.21,11.25,11.01,11.25,11.13,12.17,10.13,12.02,11.88,11,11.64,11.05,9.89,10.58,10.62,11.84,11.52,9.94
169.4,27,10.96,10.32,10.88,11.2,11.22,10.99,11.25,11.12,12.14,10.11,12,11.87,11,11.64,11.01,9.88,10.56,10.59,11.83,11.53,9.91
170.4,27,10.97,10.32,10.89,11.2,11.22,11.01,11.25,11.12,12.15,10.13,12.02,11.87,11,11.64,11.04,9.88,10.56,10.59,11.84,11.53,9.92
171.4,27,10.97,10.35,10.89,11.2,11.24,11.01,11.26,11.13,12.15,10.12,12.02,11.88,11,11.64,11.04,9.88,10.57,10.61,11.85,11.53,9.92
172.42,27,10.95,10.32,10.87,11.17,11.24,10.99,11.25,11.12,12.13,10.12,12.02,11.87,10.99,11.64,11.02,9.87,10.56,10.61,11.81,11.52,9.89
173.42,27,10.96,10.32,10.88,11.18,11.22,11,11.25,11.12,12.14,10.12,12.03,11.87,11,11.66,11.04,9.89,10.56,10.59,11.83,11.53,9.91
174.42,27,10.96,10.32,10.91,11.18,11.22,11,11.25,11.12,12.15,10.12,12.03,11.87,11.01,11.65,11.04,9.89,10.57,10.61,11.84,11.52,9.91
175.42,27,10.97,10.32,10.88,11.18,11.22,10.99,11.25,11.12,12.14,10.12,12.02,11.87,10.99,11.65,11.02,9.88,10.57,10.59,11.84,11.52,9.89
176.42,27,10.99,10.34,10.91,11.2,11.25,11,11.28,11.14,12.15,10.13,12.03,11.88,11.02,11.68,11.02,9.89,10.58,10.61,11.85,11.54,9.92
177.43,27,10.97,10.32,10.89,11.2,11.22,11,11.25,11.12,12.17,10.12,12,11.87,11,11.68,11.02,9.91,10.58,10.59,11.83,11.53,9.91
178.43,27,10.97,10.34,10.91,11.2,11.25,11,11.26,11.12,12.15,10.13,12.04,11.87,10.99,11.66,11.04,9.89,10.57,10.61,11.85,11.54,9.89
179.43,27,10.96,10.32,10.89,11.2,11.25,11.01,11.26,11.14,12.14,10.13,12.02,11.87,11,11.68,11.04,9.89,10.57,10.61,11.84,11.53,9.89
180.43,27,10.99,10.32,10.91,11.2,11.24,11.01,11.26,11.13,12.15,10.13,12.03,11.88,11.01,11.69,11.05,9.91,10.58,10.62,11.85,11.53,9.91
181.43,27,10.97,10.31,10.89,11.18,11.22,11,11.26,11.1,12.15,10.12,12.03,11.87,10.99,11.65,11.02,9.89,10.57,10.59,11.84,11.52,9.88
182.45,27,10.93,10.3,10.85,11.2,11.24,11,11.24,11.12,12.15,10.12,12.02,11.85,11,11.65,11,9.88,10.58,10.56,11.81,11.49,9.87
183.45,27,10.92,10.29,10.85,11.17,11.22,10.97,11.25,11.12,12.15,10.09,12.02,11.85,10.99,11.65,10.99,9.87,10.56,10.54,11.81,11.48,9.86
184.45,27,10.91,10.27,10.83,11.16,11.2,10.99,11.22,11.1,12.11,10.07,11.99,11.84,10.95,11.64,10.97,9.86,10.54,10.53,11.8,11.46,9.83
185.45,27,10.92,10.29,10.84,11.14,11.2,10.96,11.21,11.1,12.11,10.06,11.99,11.83,10.96,11.65,10.97,9.86,10.53,10.53,11.77,11.46,9.82
186.47,27,10.89,10.29,10.83,11.14,11.2,10.96,11.21,11.1,12.1,10.07,11.99,11.83,10.96,11.62,10.97,9.84,10.53,10.53,11.79,11.48,9.82
187.47,27,10.89,10.27,10.82,11.14,11.2,10.96,11.18,11.08,12.11,10.06,11.99,11.83,10.96,11.65,10.97,9.84,10.52,10.52,11.77,11.45,9.82
188.47,27,10.91,10.27,10.83,11.13,11.2,10.96,11.21,11.08,12.11,10.07,11.98,11.81,10.95,11.64,10.96,9.84,10.52,10.52,11.77,11.45,9.8
189.47,27,10.88,10.25,10.8,11.13,11.2,10.96,11.21,11.08,12.11,10.06,11.96,11.8,10.95,11.65,10.96,9.83,10.52,10.5,11.75,11.45,9.79
190.47,27,10.89,10.26,10.82,11.12,11.18,10.96,11.21,11.09,12.1,10.04,11.98,11.81,10.93,11.65,10.97,9.83,10.5,10.5,11.77,11.46,9.8
191.48,27,10.88,10.29,10.82,11.12,11.17,10.95,11.2,11.08,12.09,10.06,11.99,11.81,10.93,11.64,10.96,9.82,10.52,10.5,11.79,11.45,9.79
192.48,27,10.87,10.26,10.8,11.13,11.18,10.92,11.2,11.06,12.09,10.04,11.96,11.8,10.92,11.64,10.95,9.82,10.49,10.49,11.75,11.44,9.78
193.48,27,10.87,10.26,10.79,11.12,11.2,10.93,11.2,11.08,12.09,10.04,11.96,11.8,10.93,11.65,10.96,9.83,10.49,10.48,11.76,11.45,9.78
194.48,27,10.88,10.25,10.82,11.12,11.18,10.92,11.18,11.06,12.07,10.04,11.98,11.8,10.92,11.65,10.95,9.8,10.5,10.48,11.76,11.45,9.78
195.48,27,10.87,10.26,10.79,11.1,11.17,10.92,11.2,11.06,12.09,10.03,11.96,11.8,10.92,11.66,10.95,9.83,10.49,10.48,11.76,11.44,9.78
196.5,27,10.85,10.26,10.8,11.09,11.17,10.92,11.18,11.06,12.09,10.03,11.95,11.79,10.92,11.64,10.93,9.8,10.48,10.47,11.75,11.44,9.77
197.52,27,10.84,10.25,10.79,11.09,11.17,10.92,11.17,11.06,12.07,10.03,11.94,11.77,10.91,11.65,10.93,9.82,10.49,10.45,11.75,11.45,9.75
198.52,27,10.84,10.25,10.8,11.1,11.14,10.92,11.18,11.06,12.09,10.02,11.96,11.8,10.91,11.66,10.95,9.82,10.49,10.47,11.76,11.44,9.77
199.52,27,10.84,10.23,10.79,11.08,11.14,10.91,11.16,11.05,12.07,10.02,11.95,11.76,10.91,11.65,10.93,9.8,10.47,10.43,11.75,11.41,9.77
200.52,27,10.84,10.25,10.8,11.08,11.14,10.91,11.18,11.06,12.04,10.02,11.95,11.77,10.91,11.66,10.93,9.79,10.48,10.44,11.73,11.42,9.75
201.52,27,10.85,10.23,10.79,11.1,11.17,10.91,11.16,11.05,12.06,10.01,11.95,11.77,10.89,11.65,10.92,9.8,10.49,10.44,11.75,11.41,9.75
202.52,27,10.84,10.23,10.8,11.09,11.14,10.91,11.17,11.05,12.06,10.03,11.92,11.77,10.91,11.65,10.92,9.8,10.47,10.43,11.75,11.42,9.75
203.53,27,10.85,10.23,10.8,11.09,11.14,10.91,11.16,11.06,12.06,10.04,11.94,11.77,10.92,11.65,10.93,9.8,10.48,10.44,11.75,11.44,9.74
204.53,27,10.85,10.25,10.8,11.09,11.14,10.91,11.18,11.05,12.06,10.03,11.94,11.77,10.92,11.65,10.91,9.8,10.48,10.44,11.76,11.44,9.75
205.53,27,10.85,10.25,10.78,11.09,11.14,10.91,11.16,11.05,12.06,10.02,11.94,11.77,10.91,11.65,10.93,9.79,10.48,10.44,11.73,11.44,9.73
206.53,27,10.84,10.25,10.78,11.08,11.13,10.88,11.18,11.04,12.07,10.03,11.95,11.77,10.91,11.65,10.92,9.79,10.48,10.45,11.73,11.41,9.73
207.53,27,10.83,10.23,10.79,11.08,11.14,10.88,11.14,11.04,12.04,10.02,11.94,11.75,10.89,11.64,10.92,9.79,10.47,10.44,11.73,11.42,9.73
208.53,27,10.84,10.22,10.79,11.08,11.14,10.89,11.18,11.02,12.06,10.01,11.92,11.75,10.89,11.65,10.92,9.78,10.48,10.44,11.75,11.42,9.73
209.55,27,10.84,10.26,10.79,11.08,11.13,10.89,11.16,11.05,12.06,10.02,11.94,11.75,10.89,11.65,10.92,9.8,10.47,10.47,11.73,11.42,9.74
210.55,27,10.84,10.22,10.78,11.09,11.12,10.88,11.14,11.04,12.06,10.02,11.94,11.76,10.89,11.66,10.92,9.79,10.47,10.45,11.72,11.42,9.73
211.55,27,10.84,10.22,10.79,11.09,11.13,10.88,11.16,11.04,12.06,10.02,11.94,11.76,10.91,11.66,10.92,9.78,10.48,10.45,11.75,11.42,9.73
212.55,27,10.83,10.23,10.78,11.08,11.13,10.89,11.16,11.04,12.04,10.02,11.94,11.73,10.89,11.65,10.92,9.78,10.47,10.45,11.73,11.42,9.72
213.55,27,10.83,10.25,10.78,11.08,11.13,10.88,11.16,11.04,12.06,10.03,11.94,11.75,10.89,11.65,10.92,9.78,10.47,10.48,11.75,11.41,9.73
214.55,27,10.83,10.23,10.79,11.08,11.13,10.88,11.16,11.02,12.06,9.99,11.92,11.76,10.88,11.65,10.92,9.78,10.47,10.47,11.73,11.44,9.72
215.55,27,10.83,10.22,10.76,11.08,11.13,10.88,11.17,11.04,12.04,10.02,11.94,11.75,10.91,11.66,10.92,9.8,10.48,10.47,11.73,11.41,9.72
216.57,27,10.84,10.23,10.79,11.08,11.13,10.88,11.17,11.04,12.04,10.01,11.94,11.76,10.89,11.66,10.91,9.78,10.47,10.45,11.73,11.42,9.73
217.57,27,10.83,10.23,10.8,11.08,11.12,10.89,11.17,11.04,12.04,10.01,11.94,11.75,10.89,11.65,10.92,9.78,10.47,10.48,11.73,11.4,9.73
218.57,27,10.83,10.23,10.79,11.06,11.14,10.89,11.17,11.04,12.07,10.02,11.94,11.76,10.91,11.66,10.91,9.8,10.47,10.47,11.75,11.42,9.74
219.57,27,10.84,10.23,10.79,11.08,11.13,10.89,11.16,11.05,12.04,10.02,11.94,11.77,10.89,11.68,10.92,9.8,10.48,10.48,11.73,11.42,9.74
220.58,27,10.84,10.25,10.79,11.09,11.13,10.89,11.17,11.05,12.06,10.03,11.94,11.76,10.91,11.66,10.91,9.8,10.48,10.47,11.73,11.41,9.75
221.58,27,10.84,10.23,10.79,11.08,11.13,10.89,11.17,11.04,12.04,10.03,11.95,11.76,10.89,11.68,10.92,9.79,10.48,10.48,11.75,11.42,9.74
222.58,27,10.84,10.22,10.78,11.08,11.13,10.88,11.16,11.02,12.04,9.99,11.94,11.73,10.88,11.66,10.92,9.79,10.47,10.47,11.73,11.42,9.73
223.58,27,10.84,10.23,10.79,11.08,11.12,10.89,11.17,11.04,12.04,10.02,11.92,11.76,10.88,11.66,10.91,9.79,10.47,10.45,11.72,11.41,9.73
224.58,27,10.85,10.23,10.79,11.08,11.12,10.89,11.17,11.04,12.04,10.02,11.94,11.75,10.91,11.68,10.91,9.82,10.47,10.47,11.73,11.44,9.73
225.58,27,10.85,10.25,10.8,11.08,11.13,10.89,11.16,11.04,12.06,10.02,11.92,11.77,10.89,11.68,10.92,9.79,10.47,10.47,11.75,11.44,9.73
226.6,27,10.85,10.23,10.79,11.06,11.13,10.91,11.14,11.04,12.04,10.02,11.92,11.76,10.89,11.66,10.91,9.78,10.47,10.47,11.7,11.42,9.73
227.6,27,10.85,10.23,10.79,11.08,11.13,10.88,11.16,11.04,12.06,10.01,11.94,11.76,10.88,11.69,10.93,9.78,10.48,10.47,11.75,11.42,9.72
228.6,27,10.85,10.23,10.79,11.06,11.13,10.91,11.16,11.04,12.04,10.02,11.92,11.76,10.89,11.68,10.92,9.78,10.47,10.47,11.75,11.41,9.72
229.6,27,10.87,10.23,10.8,11.08,11.14,10.89,11.17,11.05,12.04,10.03,11.94,11.77,10.89,11.69,10.93,9.8,10.47,10.48,11.75,11.42,9.73
230.6,27,10.85,10.23,10.8,11.08,11.13,10.89,11.14,11.02,12.04,10.02,11.94,11.76,10.91,11.68,10.92,9.79,10.45,10.47,11.75,11.42,9.72
231.6,27,10.87,10.22,10.79,11.08,11.14,10.89,11.18,11.05,12.03,10.02,11.94,11.76,10.89,11.69,10.92,9.78,10.47,10.47,11.73,11.42,9.72
232.6,27,10.85,10.22,10.79,11.08,11.13,10.88,11.14,11.02,12.04,10.02,11.92,11.77,10.89,11.69,10.91,9.78,10.45,10.47,11.75,11.42,9.7
233.6,27,10.85,10.25,10.8,11.08,11.13,10.91,11.17,11.04,12.04,10.01,11.94,11.77,10.89,11.7,10.93,9.8,10.48,10.47,11.75,11.42,9.72
234.62,27,10.89,10.25,10.8,11.09,11.16,10.89,11.17,11.06,12.07,10.04,11.95,11.79,10.91,11.7,10.95,9.8,10.49,10.48,11.76,11.45,9.73
235.62,27,10.87,10.23,10.79,11.09,11.13,10.89,11.17,11.04,12.06,10.03,11.92,11.76,10.89,11.7,10.91,9.79,10.48,10.48,11.75,11.44,9.72
236.62,27,10.88,10.26,10.8,11.09,11.14,10.89,11.18,11.05,12.04,10.03,11.92,11.77,10.91,11.72,10.92,9.79,10.48,10.48,11.73,11.44,9.73
237.63,27,10.88,10.23,10.82,11.09,11.14,10.89,11.16,11.05,12.04,10.02,11.94,11.77,10.91,11.7,10.93,9.78,10.48,10.48,11.75,11.42,9.7
238.63,27,10.87,10.23,10.8,11.09,11.13,10.89,11.2,11.05,12.03,10.03,11.94,11.77,10.89,11.72,10.92,9.79,10.48,10.48,11.75,11.44,9.72
239.65,27,10.88,10.23,10.79,11.09,11.13,10.89,11.17,11.04,12.06,10.03,11.94,11.76,10.89,11.7,10.91,9.79,10.47,10.47,11.75,11.42,9.72
240.65,27,10.87,10.23,10.79,11.09,11.13,10.89,11.17,11.05,12.06,10.02,11.94,11.79,10.89,11.7,10.92,9.79,10.48,10.48,11.75,11.41,9.72
241.65,27,10.87,10.21,10.79,11.08,11.13,10.88,11.16,11.02,12.04,10.01,11.94,11.75,10.89,11.69,10.91,9.79,10.48,10.47,11.73,11.42,9.7
242.65,27,10.84,10.18,10.78,11.09,11.13,10.89,11.17,11.05,12.06,10.02,11.94,11.77,10.88,11.69,10.88,9.79,10.47,10.43,11.7,11.4,9.68
243.67,27,10.82,10.18,10.76,11.08,11.13,10.88,11.16,11.04,12.06,10.02,11.94,11.73,10.89,11.68,10.88,9.78,10.45,10.41,11.73,11.4,9.68
244.67,27,10.82,10.18,10.74,11.06,11.12,10.88,11.14,11.02,12.03,9.99,11.92,11.75,10.85,11.68,10.88,9.78,10.44,10.41,11.7,11.4,9.67
245.67,27,10.83,10.18,10.75,11.06,11.12,10.87,11.13,11.02,12.02,9.99,11.89,11.73,10.85,11.68,10.87,9.77,10.44,10.41,11.7,11.37,9.67
246.67,27,10.82,10.17,10.74,11.05,11.1,10.84,11.13,11.01,12,9.98,11.91,11.73,10.84,11.68,10.88,9.74,10.44,10.38,11.68,11.36,9.65
247.68,27,10.82,10.18,10.72,11.04,11.09,10.85,11.14,11.01,12.02,9.97,11.91,11.75,10.85,11.66,10.87,9.75,10.43,10.39,11.68,11.37,9.67
248.68,27,10.82,10.17,10.72,11.04,11.09,10.85,11.13,11,12,9.96,11.89,11.73,10.84,11.66,10.85,9.75,10.43,10.38,11.66,11.36,9.64
249.68,27,10.79,10.16,10.74,11.04,11.09,10.84,11.13,11.01,11.99,9.96,11.89,11.72,10.84,11.66,10.85,9.75,10.41,10.36,11.68,11.36,9.64
250.68,27,10.79,10.18,10.72,11.02,11.09,10.84,11.1,11.01,12.02,9.97,11.89,11.69,10.84,11.66,10.87,9.75,10.4,10.36,11.68,11.36,9.63
251.68,27,10.8,10.16,10.72,11.02,11.08,10.83,11.12,11.01,11.99,9.96,11.91,11.7,10.83,11.66,10.85,9.74,10.4,10.34,11.68,11.34,9.64
252.68,27,10.8,10.17,10.72,11.02,11.08,10.82,11.1,10.99,12,9.96,11.88,11.7,10.83,11.68,10.84,9.74,10.41,10.34,11.68,11.34,9.64
253.68,27,10.8,10.17,10.72,11.02,11.05,10.8,11.12,10.99,11.98,9.94,11.88,11.69,10.82,11.68,10.85,9.74,10.4,10.35,11.68,11.36,9.63
254.7,27,10.76,10.15,10.72,11,11.06,10.82,11.1,10.99,11.96,9.93,11.88,11.68,10.82,11.66,10.84,9.72,10.39,10.34,11.66,11.34,9.63
255.7,27,10.78,10.15,10.71,10.99,11.05,10.79,11.09,10.96,11.96,9.93,11.87,11.66,10.82,11.68,10.83,9.73,10.38,10.34,11.64,11.34,9.62
256.7,27,10.79,10.15,10.7,11,11.05,10.79,11.08,10.97,11.96,9.93,11.85,11.65,10.8,11.68,10.83,9.7,10.38,10.32,11.66,11.33,9.61
257.7,27,10.79,10.16,10.71,11,11.04,10.78,11.09,10.96,11.96,9.92,11.87,11.66,10.82,11.68,10.82,9.72,10.38,10.32,11.65,11.33,9.62
258.7,27,10.75,10.16,10.7,10.99,11.05,10.79,11.08,10.97,11.95,9.93,11.87,11.65,10.8,11.68,10.82,9.7,10.39,10.31,11.64,11.33,9.62
259.72,27,10.78,10.16,10.69,11,11.05,10.78,11.09,10.99,11.96,9.92,11.87,11.65,10.82,11.68,10.83,9.72,10.38,10.31,11.65,11.34,9.62
260.72,27,10.75,10.16,10.7,11,11.04,10.76,11.09,10.97,11.96,9.92,11.87,11.65,10.8,11.69,10.83,9.72,10.38,10.3,11.66,11.33,9.61
261.72,27,10.75,10.16,10.7,10.99,11.02,10.76,11.08,10.97,11.94,9.92,11.84,11.64,10.8,11.69,10.83,9.7,10.36,10.3,11.65,11.32,9.61
262.73,27,10.75,10.16,10.7,10.99,11.05,10.76,11.08,10.96,11.95,9.92,11.84,11.65,10.8,11.69,10.79,9.69,10.38,10.29,11.64,11.33,9.59
263.73,27,10.75,10.15,10.7,10.99,11.04,10.75,11.08,10.97,11.94,9.92,11.85,11.64,10.8,11.69,10.82,9.7,10.36,10.27,11.64,11.32,9.58
264.73,27,10.75,10.15,10.71,11,11.05,10.75,11.08,10.99,11.95,9.93,11.87,11.64,10.8,11.69,10.83,9.72,10.39,10.29,11.65,11.33,9.61
265.73,27,10.76,10.16,10.69,11,11.05,10.75,11.08,10.97,11.95,9.94,11.87,11.62,10.8,11.69,10.82,9.7,10.38,10.27,11.62,11.33,9.59
266.73,27,10.74,10.13,10.69,10.99,11.04,10.74,11.08,10.95,11.92,9.92,11.85,11.61,10.79,11.66,10.8,9.7,10.38,10.25,11.61,11.32,9.59
267.73,27,10.74,10.15,10.69,10.99,11.04,10.72,11.06,10.97,11.94,9.92,11.85,11.62,10.8,11.69,10.8,9.69,10.38,10.26,11.61,11.32,9.58
268.73,27,10.74,10.16,10.69,10.99,11.02,10.72,11.06,10.95,11.94,9.91,11.85,11.61,10.8,11.68,10.8,9.68,10.36,10.27,11.61,11.3,9.59
269.73,27,10.75,10.16,10.69,11,11.02,10.72,11.08,10.97,11.92,9.92,11.84,11.61,10.79,11.69,10.79,9.69,10.36,10.3,11.61,11.32,9.59
270.75,27,10.75,10.15,10.69,10.99,11.02,10.72,11.09,10.97,11.92,9.92,11.83,11.62,10.82,11.69,10.8,9.69,10.36,10.3,11.62,11.3,9.59
271.75,27,10.75,10.15,10.69,10.99,11.04,10.74,11.09,10.97,11.92,9.93,11.85,11.61,10.82,11.69,10.82,9.69,10.38,10.31,11.64,11.32,9.58
272.75,27,10.75,10.16,10.69,10.97,11.04,10.74,11.08,10.97,11.92,9.93,11.85,11.6,10.82,11.69,10.8,9.69,10.36,10.32,11.64,11.32,9.58
273.75,27,10.72,10.15,10.67,10.97,11.01,10.72,11.08,10.96,11.89,9.92,11.84,11.61,10.8,11.69,10.8,9.68,10.36,10.31,11.61,11.32,9.58
274.75,27,10.74,10.15,10.7,11,11.04,10.76,11.08,10.97,11.92,9.94,11.87,11.61,10.82,11.72,10.82,9.7,10.39,10.34,11.64,11.32,9.59
275.75,27,10.72,10.13,10.67,10.99,11.01,10.74,11.05,10.95,11.89,9.91,11.83,11.61,10.82,11.69,10.8,9.69,10.38,10.32,11.62,11.32,9.57
276.75,27,10.74,10.13,10.67,10.99,11.01,10.75,11.06,10.95,11.89,9.93,11.84,11.61,10.8,11.66,10.79,9.69,10.35,10.32,11.6,11.3,9.58
277.77,27,10.76,10.13,10.69,11,11.04,10.78,11.06,10.97,11.91,9.93,11.85,11.61,10.83,11.69,10.8,9.7,10.38,10.35,11.62,11.32,9.59
278.77,27,10.75,10.13,10.67,10.99,11.02,10.76,11.06,10.97,11.91,9.92,11.84,11.62,10.82,11.69,10.83,9.69,10.38,10.35,11.62,11.32,9.58
279.77,27,10.75,10.13,10.69,10.97,11.02,10.76,11.09,10.96,11.89,9.91,11.85,11.61,10.82,11.69,10.8,9.69,10.35,10.34,11.64,11.3,9.59
280.77,27,10.75,10.16,10.67,10.99,11.05,10.78,11.08,10.97,11.91,9.94,11.85,11.64,10.8,11.69,10.83,9.69,10.38,10.35,11.62,11.32,9.58
281.77,27,10.74,10.12,10.67,10.97,11.02,10.76,11.06,10.95,11.89,9.92,11.83,11.62,10.82,11.68,10.8,9.68,10.38,10.35,11.62,11.3,9.57
282.77,27,10.72,10.13,10.67,10.99,11.04,10.78,11.05,10.96,11.91,9.92,11.85,11.62,10.8,11.69,10.82,9.68,10.36,10.35,11.64,11.32,9.58
283.77,27,10.72,10.13,10.67,10.97,11.02,10.78,11.08,10.96,11.91,9.92,11.84,11.62,10.8,11.69,10.8,9.68,10.35,10.35,11.61,11.29,9.56
284.77,27,10.75,10.13,10.67,10.99,11.05,10.78,11.06,10.96,11.91,9.93,11.85,11.64,10.8,11.7,10.83,9.68,10.36,10.36,11.64,11.32,9.58
285.77,27,10.75,10.13,10.66,10.99,11.04,10.78,11.05,10.96,11.89,9.93,11.84,11.64,10.8,11.69,10.8,9.69,10.38,10.35,11.62,11.32,9.58
286.78,27,10.75,10.12,10.67,10.97,11.01,10.78,11.06,10.95,11.89,9.92,11.84,11.64,10.79,11.68,10.82,9.68,10.38,10.36,11.62,11.32,9.57
287.78,27,10.72,10.12,10.66,10.96,11.02,10.78,11.06,10.96,11.89,9.89,11.84,11.62,10.79,11.69,10.8,9.68,10.36,10.36,11.61,11.3,9.57
288.78,27,10.75,10.13,10.69,10.99,11.04,10.79,11.06,10.97,11.92,9.92,11.84,11.64,10.8,11.72,10.83,9.69,10.38,10.38,11.65,11.32,9.58
289.78,27,10.75,10.13,10.69,10.96,11.04,10.78,11.08,10.96,11.92,9.92,11.83,11.64,10.8,11.7,10.8,9.69,10.38,10.36,11.62,11.32,9.57
290.78,27,10.76,10.13,10.69,10.99,11.04,10.79,11.08,10.95,11.94,9.92,11.84,11.65,10.82,11.72,10.82,9.7,10.38,10.38,11.62,11.3,9.57
291.78,27,10.76,10.15,10.7,11,11.04,10.79,11.09,10.97,11.94,9.93,11.85,11.65,10.82,11.72,10.82,9.69,10.38,10.39,11.64,11.32,9.58
292.8,27,10.76,10.15,10.69,10.97,11.04,10.79,11.08,10.96,11.92,9.93,11.85,11.64,10.8,11.72,10.82,9.69,10.38,10.38,11.64,11.32,9.57
293.8,27,10.76,10.13,10.67,10.97,11.04,10.78,11.08,10.95,11.92,9.92,11.84,11.64,10.8,11.72,10.82,9.69,10.36,10.36,11.62,11.32,9.58
294.8,27,10.78,10.15,10.67,10.99,11.05,10.79,11.09,10.97,11.94,9.93,11.87,11.66,10.8,11.72,10.83,9.7,10.36,10.39,11.64,11.33,9.58
295.8,27,10.76,10.13,10.67,10.97,11.04,10.76,11.09,10.96,11.92,9.92,11.85,11.65,10.82,11.72,10.82,9.69,10.38,10.36,11.64,11.3,9.57
296.8,27,10.78,10.13,10.69,10.99,11.04,10.79,11.08,10.95,11.92,9.93,11.85,11.62,10.8,11.72,10.82,9.68,10.36,10.38,11.64,11.33,9.58
297.8,27,10.76,10.13,10.67,10.99,11.04,10.79,11.06,10.97,11.94,9.93,11.85,11.64,10.82,11.73,10.82,9.69,10.39,10.38,11.64,11.32,9.57
298.8,27,10.76,10.13,10.69,10.97,11.05,10.79,11.09,10.97,11.94,9.93,11.84,11.65,10.8,11.72,10.82,9.69,10.36,10.39,11.64,11.33,9.57
299.8,27,10.76,10.12,10.67,10.99,11.05,10.78,11.05,10.97,11.92,9.94,11.84,11.66,10.8,11.72,10.83,9.69,10.38,10.38,11.62,11.32,9.57
300.82,27,10.78,10.15,10.69,10.99,11.05,10.79,11.08,10.97,11.94,9.94,11.87,11.64,10.8,11.72,10.83,9.69,10.38,10.39,11.65,11.33,9.57
301.82,27,10.78,10.15,10.67,10.97,11.05,10.79,11.08,10.96,11.92,9.92,11.85,11.66,10.82,11.73,10.82,9.69,10.38,10.38,11.64,11.33,9.57
302.83,27,10.78,10.13,10.67,10.97,11.04,10.78,11.08,10.97,11.94,9.94,11.85,11.65,10.82,11.72,10.82,9.69,10.38,10.36,11.65,11.3,9.57
303.83,27,10.78,10.15,10.7,11,11.06,10.79,11.09,10.97,11.95,9.97,11.87,11.66,10.82,11.75,10.83,9.7,10.38,10.38,11.64,11.32,9.58
304.85,27,10.79,10.13,10.69,11,11.05,10.8,11.09,10.99,11.95,9.94,11.87,11.65,10.82,11.75,10.8,9.7,10.39,10.38,11.64,11.33,9.57
305.85,27,10.8,10.12,10.67,10.99,11.06,10.8,11.08,10.97,11.95,9.93,11.88,11.66,10.82,11.75,10.82,9.7,10.39,10.38,11.64,11.32,9.58
306.85,27,10.76,10.11,10.69,10.99,11.05,10.79,11.06,10.97,11.92,9.94,11.84,11.65,10.8,11.75,10.79,9.69,10.38,10.36,11.64,11.32,9.56
307.85,27,10.74,10.08,10.65,10.97,11.04,10.79,11.08,10.99,11.95,9.94,11.84,11.65,10.8,11.73,10.78,9.68,10.38,10.34,11.62,11.3,9.54
308.85,27,10.74,10.08,10.67,10.96,11.04,10.79,11.06,10.97,11.94,9.89,11.85,11.65,10.78,11.72,10.78,9.68,10.36,10.32,11.62,11.3,9.56
309.85,27,10.74,10.09,10.69,10.96,11.04,10.76,11.06,10.96,11.92,9.91,11.83,11.65,10.76,11.72,10.78,9.68,10.35,10.34,11.62,11.3,9.53
310.87,27,10.72,10.07,10.66,10.95,11.01,10.74,11.01,10.95,11.91,9.88,11.85,11.62,10.76,11.7,10.76,9.67,10.35,10.31,11.61,11.29,9.53
311.87,27,10.74,10.08,10.67,10.96,11.02,10.75,11.04,10.95,11.91,9.91,11.84,11.65,10.76,11.7,10.79,9.68,10.36,10.32,11.61,11.3,9.54
312.87,27,10.74,10.07,10.65,10.95,11.01,10.75,11.04,10.95,11.89,9.87,11.81,11.62,10.75,11.69,10.76,9.67,10.34,10.31,11.6,11.28,9.53
313.87,27,10.74,10.09,10.66,10.95,11.01,10.74,11.05,10.95,11.89,9.88,11.83,11.62,10.76,11.7,10.78,9.67,10.35,10.31,11.61,11.29,9.54
314.87,27,10.72,10.07,10.65,10.93,10.97,10.72,11.02,10.92,11.88,9.88,11.8,11.6,10.75,11.68,10.76,9.67,10.31,10.3,11.6,11.26,9.52
315.87,27,10.71,10.08,10.65,10.93,10.99,10.71,11.02,10.92,11.88,9.86,11.8,11.61,10.74,11.69,10.76,9.65,10.34,10.3,11.58,11.26,9.52
316.87,27,10.72,10.08,10.63,10.92,10.99,10.71,11.02,10.92,11.88,9.88,11.8,11.58,10.74,11.68,10.76,9.64,10.31,10.29,11.57,11.26,9.51
317.87,27,10.71,10.06,10.65,10.92,10.99,10.71,11.02,10.91,11.87,9.87,11.79,11.6,10.74,11.68,10.76,9.63,10.31,10.29,11.6,11.28,9.51
318.88,27,10.7,10.07,10.62,10.92,10.96,10.7,11.02,10.91,11.87,9.86,11.79,11.6,10.74,11.69,10.74,9.64,10.31,10.29,11.58,11.26,9.52
319.88,27,10.72,10.06,10.63,10.89,10.97,10.69,11,10.92,11.85,9.86,11.79,11.58,10.74,11.68,10.75,9.63,10.3,10.27,11.58,11.25,9.51
320.88,27,10.71,10.08,10.63,10.89,10.96,10.67,11,10.89,11.85,9.86,11.79,11.58,10.74,11.68,10.75,9.63,10.31,10.29,11.58,11.26,9.51
321.88,27,10.71,10.08,10.65,10.89,10.97,10.67,11,10.92,11.85,9.86,11.77,11.58,10.72,11.68,10.75,9.63,10.29,10.27,11.58,11.25,9.51
322.88,27,10.7,10.07,10.61,10.88,10.95,10.66,10.99,10.89,11.83,9.83,11.77,11.57,10.71,11.66,10.72,9.61,10.29,10.26,11.57,11.24,9.48
323.88,27,10.69,10.07,10.59,10.88,10.95,10.66,11,10.89,11.83,9.82,11.77,11.56,10.71,11.66,10.72,9.61,10.29,10.25,11.56,11.25,9.48
324.9,27,10.69,10.07,10.61,10.87,10.93,10.66,11,10.89,11.83,9.83,11.77,11.56,10.71,11.66,10.74,9.62,10.27,10.25,11.56,11.25,9.49
325.9,27,10.67,10.07,10.61,10.88,10.95,10.65,10.99,10.89,11.83,9.83,11.76,11.56,10.71,11.68,10.72,9.61,10.29,10.25,11.56,11.22,9.48
326.9,27,10.7,10.08,10.61,10.89,10.95,10.66,10.99,10.89,11.81,9.84,11.75,11.56,10.71,11.68,10.74,9.61,10.29,10.25,11.56,11.25,9.49
327.92,27,10.67,10.07,10.61,10.87,10.93,10.63,10.99,10.89,11.81,9.83,11.76,11.54,10.71,11.68,10.71,9.61,10.27,10.22,11.53,11.21,9.48
328.92,27,10.69,10.07,10.58,10.88,10.93,10.63,11,10.88,11.8,9.82,11.75,11.54,10.7,11.68,10.71,9.61,10.27,10.22,11.52,11.21,9.48
329.92,27,10.67,10.07,10.59,10.88,10.93,10.65,10.99,10.87,11.8,9.83,11.75,11.54,10.7,11.66,10.71,9.59,10.27,10.22,11.54,11.22,9.48
330.92,27,10.66,10.06,10.59,10.87,10.93,10.63,10.99,10.87,11.8,9.83,11.76,11.53,10.7,11.68,10.72,9.59,10.27,10.21,11.53,11.22,9.47
331.92,27,10.69,10.08,10.59,10.88,10.92,10.65,10.99,10.89,11.79,9.83,11.77,11.54,10.71,11.68,10.71,9.59,10.29,10.22,11.53,11.22,9.47
332.93,27,10.67,10.07,10.59,10.87,10.93,10.65,11,10.88,11.81,9.84,11.76,11.52,10.71,11.68,10.71,9.61,10.27,10.21,11.53,11.22,9.47
333.93,27,10.67,10.06,10.58,10.87,10.93,10.63,10.99,10.89,11.8,9.83,11.76,11.54,10.7,11.69,10.7,9.61,10.27,10.22,11.52,11.24,9.47
334.93,27,10.67,10.06,10.57,10.87,10.92,10.62,10.97,10.87,11.79,9.83,11.76,11.5,10.69,11.68,10.7,9.59,10.27,10.2,11.52,11.21,9.47
335.93,27,10.65,10.06,10.57,10.88,10.93,10.63,10.99,10.88,11.77,9.83,11.73,11.53,10.7,11.68,10.7,9.59,10.27,10.21,11.52,11.22,9.47
336.93,27,10.66,10.04,10.57,10.88,10.92,10.62,10.99,10.87,11.77,9.82,11.76,11.5,10.71,11.68,10.7,9.59,10.27,10.22,11.52,11.24,9.46
337.93,27,10.66,10.06,10.54,10.88,10.91,10.61,10.97,10.87,11.76,9.82,11.76,11.53,10.69,11.66,10.7,9.59,10.27,10.22,11.52,11.21,9.46
338.93,27,10.66,10.07,10.57,10.88,10.91,10.63,10.99,10.88,11.76,9.83,11.76,11.53,10.71,11.68,10.71,9.58,10.27,10.23,11.5,11.22,9.47
339.95,27,10.63,10.04,10.54,10.87,10.92,10.61,10.97,10.88,11.75,9.82,11.75,11.52,10.7,11.65,10.69,9.59,10.26,10.22,11.49,11.21,9.46
340.95,27,10.65,10.07,10.54,10.88,10.92,10.61,10.99,10.87,11.75,9.83,11.75,11.5,10.7,11.68,10.71,9.58,10.27,10.23,11.52,11.2,9.44
341.95,27,10.66,10.07,10.54,10.89,10.92,10.62,10.97,10.88,11.75,9.83,11.75,11.53,10.71,11.69,10.71,9.61,10.29,10.25,11.52,11.22,9.47
342.95,27,10.66,10.04,10.54,10.89,10.92,10.63,10.99,10.87,11.73,9.83,11.75,11.53,10.71,11.69,10.72,9.59,10.27,10.23,11.52,11.21,9.46
343.95,27,10.65,10.04,10.54,10.88,10.92,10.63,10.99,10.87,11.73,9.83,11.73,11.5,10.71,11.68,10.71,9.59,10.26,10.23,11.52,11.21,9.43
344.95,27,10.65,10.06,10.54,10.88,10.92,10.62,10.97,10.88,11.73,9.83,11.75,11.52,10.71,11.69,10.71,9.59,10.26,10.23,11.52,11.21,9.46
345.97,27,10.65,10.04,10.54,10.88,10.92,10.63,10.99,10.87,11.72,9.84,11.76,11.5,10.71,11.68,10.71,9.59,10.26,10.23,11.52,11.22,9.46
346.97,27,10.65,10.06,10.53,10.89,10.91,10.65,10.99,10.88,11.72,9.82,11.76,11.52,10.71,11.69,10.71,9.59,10.26,10.25,11.52,11.2,9.46
347.97,27,10.65,10.06,10.54,10.88,10.92,10.63,10.99,10.85,11.72,9.84,11.73,11.53,10.72,11.69,10.71,9.59,10.27,10.25,11.52,11.2,9.46
348.97,27,10.66,10.04,10.52,10.88,10.93,10.65,10.99,10.88,11.7,9.83,11.75,11.53,10.72,11.66,10.71,9.59,10.27,10.25,11.52,11.2,9.46
349.98,27,10.65,10.06,10.52,10.88,10.93,10.65,10.99,10.87,11.72,9.82,11.76,11.52,10.71,11.66,10.7,9.59,10.26,10.25,11.52,11.22,9.46
350.98,27,10.66,10.06,10.53,10.89,10.92,10.65,10.99,10.88,11.73,9.82,11.75,11.52,10.7,11.69,10.72,9.61,10.27,10.25,11.52,11.21,9.46
351.98,27,10.65,10.06,10.53,10.89,10.93,10.66,10.99,10.88,11.73,9.83,11.77,11.53,10.71,11.69,10.72,9.61,10.27,10.25,11.53,11.21,9.46
352.98,27,10.63,10.06,10.5,10.88,10.92,10.65,11,10.88,11.75,9.83,11.76,11.53,10.72,11.69,10.71,9.61,10.27,10.25,11.53,11.21,9.44
353.98,27,10.66,10.07,10.52,10.89,10.92,10.67,10.99,10.87,11.75,9.84,11.76,11.53,10.72,11.68,10.72,9.62,10.27,10.25,11.53,11.2,9.46
354.98,27,10.65,10.04,10.53,10.89,10.92,10.67,10.99,10.88,11.75,9.83,11.76,11.52,10.72,11.69,10.72,9.61,10.29,10.26,11.54,11.21,9.46
355.98,27,10.65,10.04,10.52,10.88,10.92,10.66,10.99,10.87,11.75,9.84,11.75,11.54,10.72,11.69,10.72,9.59,10.27,10.26,11.53,11.22,9.44
356.98,27,10.65,10.04,10.52,10.89,10.92,10.66,10.96,10.87,11.75,9.83,11.76,11.52,10.7,11.69,10.71,9.59,10.26,10.25,11.53,11.2,9.44
358,27,10.67,10.06,10.53,10.88,10.93,10.67,11,10.88,11.77,9.84,11.76,11.53,10.74,11.7,10.74,9.61,10.29,10.26,11.53,11.21,9.46
359,27,10.65,10.07,10.53,10.89,10.95,10.67,10.99,10.89,11.76,9.84,11.75,11.53,10.71,11.7,10.74,9.62,10.27,10.26,11.54,11.22,9.46
360,27,10.67,10.06,10.5,10.89,10.93,10.69,10.99,10.87,11.77,9.84,11.75,11.54,10.74,11.7,10.74,9.61,10.27,10.25,11.54,11.22,9.43
361,27,10.66,10.07,10.53,10.89,10.93,10.67,11,10.88,11.79,9.84,11.77,11.54,10.72,11.69,10.72,9.61,10.27,10.26,11.54,11.22,9.46
362,27,10.67,10.06,10.53,10.89,10.91,10.69,10.99,10.89,11.79,9.86,11.77,11.53,10.72,11.7,10.72,9.61,10.27,10.27,11.54,11.22,9.46
363,27,10.67,10.04,10.53,10.89,10.93,10.69,11,10.88,11.79,9.84,11.76,11.54,10.72,11.7,10.74,9.61,10.26,10.26,11.54,11.21,9.46
364,27,10.66,10.04,10.52,10.88,10.91,10.67,10.99,10.87,11.79,9.84,11.75,11.53,10.7,11.69,10.7,9.59,10.26,10.25,11.53,11.2,9.43
365.02,27,10.66,10.04,10.53,10.89,10.92,10.69,10.99,10.88,11.8,9.84,11.75,11.54,10.72,11.69,10.72,9.61,10.27,10.26,11.53,11.22,9.44
366.02,27,10.69,10.06,10.54,10.91,10.95,10.7,11,10.91,11.81,9.84,11.76,11.54,10.72,11.72,10.72,9.62,10.29,10.27,11.54,11.22,9.47
367.02,27,10.69,10.04,10.53,10.89,10.93,10.7,11,10.91,11.81,9.86,11.77,11.53,10.74,11.72,10.74,9.61,10.3,10.26,11.53,11.22,9.46
368.02,27,10.67,10.06,10.54,10.89,10.93,10.69,11,10.88,11.81,9.86,11.77,11.56,10.72,11.72,10.74,9.61,10.29,10.26,11.56,11.24,9.44
369.02,27,10.67,10.03,10.53,10.89,10.93,10.7,11,10.89,11.81,9.84,11.76,11.56,10.72,11.7,10.72,9.59,10.29,10.27,11.54,11.22,9.44
370.03,27,10.65,10.02,10.52,10.89,10.93,10.67,10.99,10.88,11.81,9.84,11.76,11.53,10.71,11.7,10.7,9.59,10.29,10.22,11.53,11.2,9.42
371.03,27,10.65,10.02,10.52,10.89,10.93,10.7,11,10.91,11.81,9.84,11.76,11.56,10.72,11.69,10.69,9.61,10.29,10.22,11.53,11.2,9.43
372.03,27,10.62,9.99,10.53,10.85,10.89,10.66,10.95,10.87,11.79,9.8,11.75,11.52,10.67,11.66,10.67,9.58,10.26,10.2,11.52,11.2,9.42
373.03,27,10.66,10.01,10.54,10.84,10.92,10.66,10.96,10.87,11.8,9.82,11.76,11.56,10.69,11.69,10.71,9.58,10.26,10.21,11.53,11.2,9.43
374.03,27,10.65,10.01,10.54,10.84,10.88,10.65,10.95,10.87,11.79,9.79,11.75,11.53,10.69,11.65,10.67,9.58,10.25,10.2,11.52,11.2,9.42
375.03,27,10.65,10.01,10.53,10.83,10.88,10.63,10.93,10.85,11.8,9.79,11.72,11.53,10.67,11.66,10.67,9.57,10.25,10.18,11.5,11.2,9.42
376.03,27,10.65,10.01,10.56,10.84,10.88,10.62,10.93,10.85,11.79,9.79,11.73,11.53,10.67,11.66,10.67,9.56,10.25,10.18,11.52,11.18,9.41
377.03,27,10.65,10.01,10.57,10.83,10.88,10.63,10.93,10.84,11.79,9.79,11.73,11.53,10.67,11.66,10.69,9.57,10.23,10.2,11.52,11.18,9.42
378.05,27,10.67,9.99,10.56,10.83,10.88,10.63,10.93,10.85,11.77,9.79,11.73,11.52,10.66,11.66,10.67,9.57,10.25,10.18,11.52,11.2,9.42
379.05,27,10.65,9.99,10.54,10.8,10.87,10.61,10.92,10.84,11.75,9.78,11.72,11.52,10.66,11.64,10.66,9.56,10.22,10.16,11.52,11.18,9.41
380.05,27,10.65,10.01,10.56,10.83,10.88,10.62,10.95,10.85,11.76,9.78,11.73,11.52,10.66,11.66,10.67,9.54,10.25,10.16,11.52,11.2,9.43
381.07,27,10.66,10.01,10.54,10.8,10.87,10.58,10.92,10.83,11.75,9.77,11.7,11.5,10.66,11.66,10.66,9.53,10.21,10.15,11.49,11.18,9.39
382.07,27,10.65,9.99,10.54,10.8,10.87,10.59,10.91,10.82,11.75,9.77,11.69,11.49,10.63,11.65,10.65,9.56,10.21,10.16,11.49,11.17,9.42
383.07,27,10.65,10.01,10.54,10.8,10.85,10.59,10.92,10.83,11.75,9.77,11.69,11.48,10.65,11.65,10.66,9.53,10.21,10.15,11.49,11.17,9.42
384.07,27,10.61,9.99,10.52,10.76,10.83,10.56,10.88,10.8,11.72,9.74,11.68,11.48,10.62,11.64,10.65,9.52,10.2,10.13,11.49,11.16,9.41
385.07,27,10.65,9.99,10.53,10.78,10.85,10.56,10.89,10.82,11.75,9.75,11.66,11.49,10.63,11.65,10.66,9.53,10.2,10.13,11.49,11.16,9.39
386.07,27,10.61,9.98,10.5,10.78,10.83,10.56,10.91,10.8,11.72,9.77,11.66,11.46,10.62,11.64,10.65,9.52,10.17,10.12,11.48,11.14,9.39
387.08,27,10.63,9.98,10.52,10.76,10.83,10.54,10.91,10.8,11.72,9.75,11.66,11.48,10.65,11.62,10.65,9.52,10.2,10.12,11.46,11.14,9.39
388.08,27,10.61,9.98,10.5,10.76,10.84,10.54,10.88,10.8,11.72,9.73,11.66,11.46,10.63,11.64,10.63,9.51,10.18,10.11,11.46,11.14,9.37
389.08,27,10.62,9.99,10.52,10.75,10.83,10.56,10.89,10.79,11.69,9.75,11.68,11.46,10.63,11.62,10.63,9.51,10.18,10.11,11.46,11.14,9.38
390.08,27,10.59,9.96,10.5,10.72,10.84,10.54,10.88,10.79,11.69,9.74,11.65,11.45,10.61,11.62,10.63,9.49,10.17,10.09,11.45,11.12,9.38
391.08,27,10.63,10.01,10.5,10.75,10.85,10.56,10.87,10.8,11.7,9.74,11.66,11.45,10.62,11.62,10.63,9.52,10.2,10.11,11.46,11.16,9.39
392.08,27,10.62,10.01,10.49,10.74,10.84,10.54,10.87,10.79,11.7,9.72,11.65,11.45,10.62,11.62,10.62,9.49,10.18,10.09,11.45,11.13,9.38
393.08,27,10.58,9.98,10.49,10.7,10.8,10.52,10.87,10.78,11.68,9.7,11.65,11.42,10.59,11.62,10.61,9.47,10.16,10.07,11.44,11.12,9.37
394.1,27,10.59,9.99,10.49,10.71,10.82,10.52,10.87,10.79,11.69,9.72,11.64,11.44,10.61,11.61,10.61,9.48,10.17,10.07,11.45,11.1,9.37
395.1,27,10.59,9.99,10.49,10.71,10.8,10.52,10.87,10.79,11.68,9.73,11.65,11.42,10.61,11.62,10.61,9.48,10.17,10.07,11.45,11.12,9.36
396.1,27,10.58,9.98,10.48,10.7,10.8,10.52,10.87,10.79,11.68,9.73,11.65,11.44,10.59,11.61,10.61,9.48,10.16,10.08,11.42,11.09,9.37
397.1,27,10.58,9.98,10.49,10.7,10.82,10.52,10.87,10.78,11.68,9.73,11.65,11.44,10.61,11.62,10.62,9.48,10.17,10.08,11.44,11.1,9.37
398.1,27,10.58,9.99,10.45,10.7,10.82,10.53,10.88,10.78,11.68,9.72,11.65,11.44,10.59,11.64,10.61,9.46,10.16,10.09,11.44,11.1,9.37
399.1,27,10.58,9.98,10.48,10.71,10.82,10.53,10.87,10.78,11.66,9.73,11.65,11.42,10.58,11.62,10.61,9.47,10.17,10.09,11.41,11.12,9.36
400.12,27,10.59,9.99,10.48,10.72,10.83,10.53,10.89,10.79,11.66,9.74,11.65,11.42,10.61,11.64,10.63,9.48,10.17,10.12,11.44,11.12,9.37
401.12,27,10.58,9.98,10.47,10.72,10.8,10.52,10.87,10.79,11.65,9.74,11.62,11.41,10.58,11.62,10.61,9.46,10.17,10.09,11.42,11.1,9.36
402.12,27,10.57,9.99,10.45,10.71,10.82,10.52,10.87,10.8,11.65,9.74,11.64,11.42,10.57,11.62,10.61,9.46,10.16,10.12,11.42,11.09,9.36
403.12,27,10.57,9.97,10.44,10.72,10.8,10.5,10.87,10.78,11.62,9.72,11.62,11.41,10.57,11.62,10.59,9.44,10.15,10.11,11.41,11.09,9.36
404.12,27,10.57,9.98,10.44,10.74,10.8,10.5,10.87,10.79,11.65,9.74,11.62,11.41,10.58,11.62,10.62,9.46,10.17,10.11,11.41,11.1,9.36
405.12,27,10.59,9.98,10.47,10.75,10.83,10.5,10.89,10.79,11.65,9.75,11.65,11.41,10.59,11.62,10.63,9.46,10.17,10.12,11.42,11.1,9.36
406.13,27,10.57,9.98,10.45,10.75,10.82,10.5,10.87,10.79,11.62,9.74,11.64,11.41,10.59,11.64,10.62,9.46,10.16,10.12,11.41,11.1,9.36
407.13,27,10.56,9.97,10.43,10.76,10.8,10.5,10.87,10.78,11.62,9.74,11.64,11.41,10.59,11.62,10.63,9.44,10.15,10.12,11.4,11.1,9.37
408.13,27,10.58,9.98,10.44,10.78,10.82,10.5,10.88,10.79,11.64,9.75,11.64,11.41,10.62,11.64,10.63,9.47,10.16,10.12,11.42,11.12,9.36
409.13,27,10.56,9.96,10.43,10.75,10.79,10.5,10.88,10.78,11.61,9.73,11.62,11.4,10.59,11.62,10.61,9.43,10.16,10.11,11.41,11.09,9.35
410.13,27,10.57,9.97,10.43,10.75,10.82,10.52,10.88,10.78,11.6,9.74,11.62,11.4,10.59,11.61,10.62,9.44,10.15,10.12,11.42,11.09,9.36
411.13,27,10.56,9.97,10.43,10.78,10.82,10.5,10.87,10.79,11.6,9.74,11.64,11.4,10.61,11.62,10.62,9.47,10.16,10.12,11.41,11.09,9.35
412.13,27,10.57,9.98,10.43,10.78,10.82,10.53,10.89,10.8,11.61,9.74,11.64,11.4,10.62,11.62,10.62,9.48,10.17,10.13,11.44,11.1,9.35
413.15,27,10.57,9.98,10.44,10.79,10.84,10.54,10.91,10.79,11.61,9.77,11.64,11.41,10.63,11.64,10.63,9.49,10.18,10.15,11.44,11.12,9.37
414.15,27,10.56,9.96,10.43,10.78,10.83,10.52,10.88,10.79,11.6,9.74,11.61,11.41,10.62,11.64,10.62,9.48,10.16,10.12,11.44,11.09,9.36
415.15,27,10.56,9.98,10.43,10.79,10.82,10.54,10.88,10.79,11.6,9.75,11.64,11.41,10.62,11.64,10.63,9.48,10.16,10.13,11.44,11.1,9.36
416.15,27,10.57,9.97,10.43,10.79,10.82,10.53,10.89,10.79,11.6,9.75,11.64,11.4,10.62,11.62,10.63,9.48,10.15,10.13,11.44,11.1,9.36
417.15,27,10.56,9.98,10.4,10.79,10.83,10.56,10.88,10.8,11.58,9.75,11.62,11.41,10.62,11.62,10.63,9.48,10.16,10.13,11.44,11.1,9.35
418.15,27,10.58,9.98,10.41,10.78,10.83,10.54,10.89,10.79,11.6,9.74,11.64,11.41,10.63,11.61,10.62,9.49,10.17,10.15,11.44,11.09,9.37
419.17,27,10.58,9.99,10.43,10.79,10.84,10.57,10.91,10.79,11.62,9.77,11.64,11.4,10.65,11.64,10.63,9.49,10.16,10.15,11.44,11.1,9.36
420.17,27,10.58,9.98,10.43,10.8,10.84,10.56,10.89,10.8,11.61,9.75,11.64,11.4,10.63,11.64,10.65,9.51,10.18,10.16,11.44,11.12,9.37
421.17,27,10.58,9.99,10.43,10.8,10.83,10.57,10.91,10.78,11.64,9.75,11.64,11.41,10.63,11.64,10.63,9.51,10.17,10.16,11.44,11.1,9.37
422.17,27,10.57,9.97,10.43,10.8,10.84,10.57,10.91,10.79,11.62,9.74,11.62,11.41,10.63,11.62,10.63,9.51,10.18,10.15,11.45,11.12,9.37
423.18,27,10.58,9.97,10.4,10.79,10.84,10.56,10.88,10.79,11.64,9.74,11.61,11.38,10.63,11.62,10.63,9.49,10.17,10.15,11.42,11.12,9.36
424.18,27,10.58,9.98,10.41,10.8,10.82,10.57,10.89,10.8,11.62,9.75,11.64,11.41,10.63,11.64,10.65,9.51,10.16,10.16,11.45,11.1,9.36
425.18,27,10.61,9.98,10.41,10.82,10.85,10.58,10.91,10.8,11.65,9.75,11.64,11.42,10.65,11.64,10.65,9.53,10.17,10.16,11.45,11.13,9.36
426.18,27,10.59,9.97,10.41,10.79,10.84,10.58,10.91,10.8,11.64,9.74,11.62,11.41,10.62,11.62,10.62,9.51,10.17,10.15,11.45,11.1,9.36
427.18,27,10.61,9.98,10.43,10.82,10.85,10.59,10.91,10.79,11.66,9.77,11.64,11.42,10.65,11.65,10.65,9.53,10.17,10.16,11.45,11.13,9.37
428.18,27,10.59,9.97,10.41,10.79,10.83,10.58,10.89,10.8,11.66,9.75,11.62,11.42,10.63,11.62,10.63,9.51,10.17,10.16,11.45,11.1,9.36
429.2,27,10.59,9.97,10.43,10.79,10.84,10.58,10.91,10.82,11.66,9.74,11.62,11.41,10.65,11.65,10.65,9.52,10.17,10.16,11.45,11.12,9.36
430.2,27,10.58,9.94,10.43,10.79,10.84,10.58,10.87,10.8,11.68,9.75,11.62,11.41,10.62,11.62,10.62,9.51,10.16,10.13,11.44,11.1,9.36
431.2,27,10.57,9.93,10.4,10.79,10.83,10.58,10.88,10.79,11.68,9.74,11.61,11.41,10.62,11.64,10.59,9.52,10.18,10.12,11.41,11.09,9.33
432.2,27,10.58,9.93,10.44,10.76,10.83,10.57,10.88,10.8,11.66,9.72,11.62,11.4,10.62,11.64,10.59,9.51,10.16,10.11,11.45,11.1,9.35
433.2,27,10.56,9.93,10.45,10.76,10.83,10.56,10.88,10.79,11.66,9.72,11.61,11.44,10.61,11.64,10.59,9.48,10.17,10.13,11.45,11.1,9.35
434.2,27,10.58,9.93,10.45,10.75,10.8,10.56,10.87,10.79,11.66,9.73,11.64,11.44,10.61,11.64,10.59,9.48,10.17,10.12,11.45,11.1,9.35
435.2,27,10.58,9.92,10.47,10.74,10.78,10.54,10.85,10.76,11.66,9.7,11.62,11.44,10.59,11.64,10.59,9.49,10.16,10.12,11.44,11.1,9.35
436.22,27,10.58,9.92,10.47,10.74,10.78,10.54,10.85,10.78,11.65,9.7,11.65,11.42,10.59,11.64,10.59,9.48,10.16,10.12,11.44,11.12,9.33
437.22,27,10.58,9.93,10.48,10.72,10.78,10.54,10.84,10.76,11.68,9.7,11.62,11.44,10.59,11.61,10.61,9.48,10.15,10.12,11.42,11.12,9.33
438.22,27,10.59,9.93,10.48,10.74,10.79,10.54,10.85,10.78,11.68,9.7,11.62,11.44,10.61,11.64,10.59,9.46,10.15,10.12,11.45,11.1,9.35
439.22,27,10.57,9.92,10.44,10.71,10.75,10.52,10.84,10.75,11.66,9.69,11.6,11.41,10.57,11.61,10.57,9.43,10.15,10.09,11.42,11.09,9.32
440.22,27,10.57,9.92,10.45,10.71,10.75,10.5,10.83,10.74,11.65,9.69,11.6,11.41,10.57,11.6,10.58,9.46,10.13,10.09,11.42,11.09,9.32
441.23,27,10.58,9.92,10.45,10.7,10.75,10.5,10.83,10.74,11.65,9.69,11.61,11.41,10.57,11.6,10.57,9.46,10.13,10.08,11.4,11.09,9.32
442.23,27,10.56,9.89,10.45,10.7,10.74,10.49,10.83,10.74,11.65,9.68,11.61,11.4,10.56,11.6,10.57,9.43,10.12,10.07,11.41,11.08,9.31
443.23,27,10.56,9.92,10.44,10.7,10.72,10.48,10.82,10.72,11.64,9.68,11.6,11.4,10.57,11.58,10.56,9.44,10.13,10.07,11.4,11.05,9.32
444.23,27,10.57,9.92,10.45,10.7,10.72,10.48,10.8,10.74,11.64,9.69,11.6,11.41,10.56,11.58,10.57,9.44,10.12,10.08,11.4,11.08,9.32
445.23,27,10.56,9.91,10.45,10.69,10.72,10.48,10.8,10.71,11.62,9.67,11.58,11.38,10.56,11.57,10.56,9.43,10.12,10.06,11.38,11.08,9.32
446.23,27,10.54,9.92,10.44,10.67,10.71,10.48,10.8,10.71,11.64,9.68,11.58,11.38,10.56,11.57,10.56,9.43,10.09,10.07,11.4,11.08,9.31
447.23,27,10.57,9.92,10.44,10.7,10.72,10.49,10.79,10.72,11.64,9.68,11.58,11.4,10.57,11.58,10.56,9.43,10.12,10.06,11.4,11.05,9.32
448.25,27,10.53,9.91,10.43,10.66,10.7,10.47,10.79,10.7,11.62,9.67,11.56,11.37,10.56,11.57,10.54,9.42,10.09,10.04,11.4,11.06,9.3
449.25,27,10.53,9.91,10.45,10.67,10.71,10.48,10.78,10.71,11.62,9.65,11.56,11.37,10.56,11.57,10.56,9.44,10.08,10.04,11.4,11.05,9.32
450.25,27,10.53,9.91,10.41,10.66,10.7,10.47,10.76,10.71,11.61,9.65,11.56,11.36,10.53,11.56,10.54,9.42,10.07,10.03,11.37,11.05,9.3
451.25,27,10.53,9.89,10.41,10.65,10.69,10.44,10.78,10.7,11.6,9.65,11.54,11.36,10.54,11.54,10.52,9.41,10.08,10.02,11.38,11.02,9.3
452.25,27,10.53,9.89,10.41,10.65,10.67,10.45,10.78,10.7,11.6,9.65,11.54,11.36,10.53,11.53,10.53,9.42,10.08,10.02,11.36,11.04,9.28
453.27,27,10.53,9.92,10.43,10.63,10.7,10.45,10.75,10.7,11.6,9.64,11.54,11.33,10.54,11.54,10.53,9.42,10.08,10.02,11.37,11.04,9.31
454.27,27,10.53,9.91,10.39,10.63,10.66,10.44,10.75,10.69,11.6,9.63,11.53,11.33,10.53,11.53,10.52,9.41,10.06,10.01,11.36,11.02,9.27
455.27,27,10.52,9.88,10.39,10.63,10.67,10.44,10.72,10.69,11.57,9.63,11.52,11.33,10.52,11.53,10.52,9.38,10.04,9.99,11.34,11.02,9.28
456.27,27,10.52,9.91,10.4,10.62,10.67,10.45,10.76,10.69,11.58,9.63,11.52,11.33,10.53,11.53,10.52,9.41,10.07,10.01,11.34,11.02,9.3
457.27,27,10.52,9.91,10.39,10.62,10.66,10.44,10.76,10.67,11.58,9.64,11.52,11.33,10.52,11.53,10.52,9.38,10.06,9.99,11.33,11.01,9.28
458.27,27,10.5,9.91,10.39,10.61,10.66,10.44,10.74,10.69,11.58,9.63,11.53,11.32,10.52,11.54,10.52,9.39,10.04,9.98,11.34,11.01,9.28
459.27,27,10.52,9.91,10.38,10.61,10.66,10.43,10.74,10.7,11.58,9.62,11.53,11.32,10.52,11.53,10.5,9.39,10.04,9.99,11.34,11.02,9.28
460.27,27,10.5,9.89,10.38,10.59,10.65,10.43,10.71,10.69,11.54,9.62,11.52,11.3,10.5,11.53,10.5,9.38,10.04,9.98,11.33,10.99,9.27
461.27,27,10.52,9.91,10.38,10.61,10.66,10.43,10.75,10.69,11.57,9.62,11.5,11.32,10.5,11.53,10.5,9.38,10.06,9.98,11.33,11.01,9.3
462.28,27,10.49,9.91,10.36,10.58,10.63,10.43,10.72,10.69,11.56,9.61,11.49,11.3,10.49,11.52,10.48,9.37,10.03,9.98,11.32,11,9.28
463.28,27,10.49,9.89,10.35,10.58,10.63,10.41,10.72,10.67,11.56,9.61,11.49,11.29,10.49,11.52,10.49,9.36,10.03,9.98,11.32,10.99,9.27
464.3,27,10.49,9.92,10.38,10.58,10.65,10.43,10.75,10.69,11.56,9.61,11.49,11.3,10.5,11.5,10.49,9.37,10.04,9.99,11.33,11.01,9.27
465.3,27,10.5,9.91,10.38,10.59,10.65,10.43,10.75,10.7,11.56,9.63,11.5,11.3,10.49,11.52,10.49,9.37,10.04,9.99,11.34,11,9.28
466.3,27,10.49,9.91,10.36,10.59,10.62,10.41,10.74,10.69,11.54,9.62,11.49,11.29,10.48,11.5,10.49,9.37,10.04,9.98,11.32,11,9.26
467.3,27,10.49,9.91,10.35,10.58,10.63,10.4,10.75,10.7,11.54,9.62,11.49,11.29,10.47,11.49,10.47,9.36,10.02,9.98,11.3,10.99,9.26
468.32,27,10.49,9.92,10.35,10.61,10.62,10.4,10.74,10.69,11.53,9.63,11.46,11.29,10.47,11.5,10.47,9.36,10.01,9.98,11.3,10.99,9.26
469.32,27,10.49,9.93,10.34,10.61,10.62,10.4,10.74,10.71,11.53,9.63,11.46,11.29,10.47,11.49,10.47,9.35,10.03,9.99,11.3,11,9.26
470.32,27,10.49,9.91,10.34,10.59,10.63,10.39,10.75,10.69,11.53,9.62,11.45,11.29,10.47,11.48,10.47,9.36,10.02,9.99,11.32,10.99,9.26
471.32,27,10.5,9.91,10.35,10.62,10.65,10.39,10.74,10.69,11.53,9.63,11.48,11.28,10.49,11.49,10.47,9.35,10.02,10.01,11.3,10.99,9.27
472.32,27,10.49,9.91,10.35,10.61,10.66,10.39,10.76,10.7,11.5,9.64,11.46,11.25,10.48,11.48,10.47,9.35,10.03,9.99,11.32,11,9.26
473.32,27,10.5,9.89,10.32,10.63,10.67,10.38,10.75,10.7,11.5,9.64,11.45,11.28,10.49,11.46,10.47,9.33,10.03,9.99,11.32,10.99,9.26
474.32,27,10.49,9.89,10.32,10.63,10.69,10.39,10.76,10.7,11.5,9.64,11.45,11.28,10.5,11.48,10.48,9.35,10.01,9.99,11.32,10.99,9.26
475.32,27,10.49,9.88,10.31,10.63,10.7,10.38,10.76,10.69,11.5,9.64,11.44,11.26,10.5,11.46,10.48,9.35,10.01,9.99,11.32,10.99,9.26
476.32,27,10.5,9.89,10.34,10.66,10.72,10.39,10.78,10.71,11.52,9.65,11.45,11.28,10.52,11.49,10.49,9.37,10.02,10.01,11.33,11,9.27
477.33,27,10.49,9.89,10.32,10.65,10.72,10.38,10.75,10.69,11.49,9.63,11.42,11.25,10.52,11.46,10.45,9.33,10.01,9.98,11.3,10.97,9.25
478.33,27,10.48,9.88,10.31,10.65,10.7,10.38,10.76,10.67,11.48,9.63,11.42,11.25,10.5,11.45,10.47,9.36,10.01,9.99,11.32,10.97,9.25
479.33,27,10.5,9.91,10.32,10.67,10.72,10.4,10.79,10.71,11.5,9.65,11.45,11.25,10.53,11.48,10.5,9.38,10.03,10.01,11.33,10.99,9.26
480.33,27,10.5,9.89,10.31,10.67,10.72,10.4,10.78,10.7,11.48,9.65,11.44,11.28,10.53,11.46,10.49,9.38,10.02,10.01,11.34,11,9.27
481.33,27,10.5,9.89,10.31,10.67,10.74,10.39,10.79,10.7,11.49,9.65,11.45,11.25,10.52,11.45,10.48,9.37,10.01,10.01,11.32,10.99,9.26
482.33,27,10.5,9.89,10.31,10.69,10.72,10.41,10.8,10.7,11.49,9.65,11.45,11.25,10.54,11.45,10.49,9.38,10.01,10.01,11.32,10.99,9.26
483.35,27,10.49,9.89,10.31,10.7,10.72,10.4,10.79,10.7,11.48,9.65,11.44,11.25,10.53,11.46,10.48,9.38,10.01,10.02,11.34,11,9.25
484.35,27,10.52,9.92,10.32,10.7,10.74,10.41,10.8,10.71,11.49,9.65,11.46,11.25,10.54,11.46,10.49,9.38,10.02,10.03,11.36,11,9.26
485.37,27,10.5,9.91,10.32,10.69,10.74,10.41,10.79,10.7,11.49,9.64,11.46,11.25,10.53,11.46,10.49,9.37,10.01,10.02,11.33,11,9.26
486.37,27,10.49,9.89,10.31,10.7,10.75,10.41,10.78,10.7,11.48,9.67,11.49,11.24,10.53,11.46,10.48,9.39,10.02,10.03,11.34,10.97,9.27
487.37,27,10.5,9.89,10.31,10.7,10.72,10.43,10.79,10.7,11.48,9.67,11.48,11.25,10.54,11.46,10.49,9.37,10.03,10.03,11.34,10.99,9.27
488.37,27,10.53,9.89,10.3,10.7,10.74,10.44,10.82,10.71,11.5,9.65,11.48,11.24,10.54,11.48,10.5,9.39,10.04,10.04,11.37,11,9.27
489.37,27,10.53,9.88,10.31,10.7,10.74,10.45,10.8,10.71,11.5,9.67,11.49,11.26,10.56,11.48,10.5,9.41,10.03,10.04,11.36,11.01,9.27
490.38,27,10.52,9.91,10.31,10.71,10.74,10.44,10.79,10.71,11.52,9.65,11.5,11.25,10.54,11.48,10.5,9.41,10.04,10.04,11.36,11,9.27
491.38,27,10.53,9.91,10.31,10.7,10.74,10.45,10.8,10.7,11.5,9.65,11.5,11.24,10.54,11.48,10.49,9.39,10.01,10.04,11.36,11,9.26
492.38,27,10.52,9.91,10.32,10.7,10.72,10.45,10.8,10.72,11.49,9.65,11.5,11.25,10.54,11.49,10.49,9.41,10.02,10.03,11.36,11,9.25
493.4,27,10.53,9.89,10.31,10.7,10.74,10.45,10.82,10.71,11.52,9.65,11.5,11.25,10.56,11.48,10.49,9.41,10.03,10.03,11.34,11.01,9.27
494.4,27,10.49,9.86,10.29,10.69,10.72,10.45,10.78,10.72,11.52,9.65,11.52,11.24,10.53,11.48,10.47,9.41,10.02,9.98,11.33,10.97,9.23
495.4,27,10.52,9.86,10.32,10.67,10.71,10.45,10.78,10.71,11.52,9.63,11.5,11.26,10.5,11.46,10.49,9.38,10.03,10.01,11.34,11.01,9.23
496.4,27,10.5,9.86,10.35,10.66,10.7,10.44,10.76,10.71,11.52,9.62,11.49,11.28,10.5,11.5,10.48,9.38,10.04,10.01,11.34,11.01,9.25
497.4,27,10.5,9.84,10.36,10.65,10.67,10.45,10.76,10.69,11.54,9.63,11.5,11.3,10.52,11.5,10.49,9.39,10.04,10.01,11.36,11.01,9.25
498.42,27,10.5,9.84,10.38,10.63,10.65,10.45,10.75,10.7,11.56,9.62,11.5,11.29,10.49,11.53,10.49,9.38,10.06,9.99,11.33,11.01,9.23
499.42,27,10.5,9.84,10.36,10.62,10.65,10.44,10.75,10.67,11.54,9.62,11.5,11.29,10.5,11.52,10.47,9.39,10.04,9.99,11.34,11.01,9.25
500.42,27,10.52,9.84,10.38,10.63,10.65,10.45,10.74,10.69,11.56,9.62,11.52,11.32,10.5,11.53,10.49,9.38,10.06,9.99,11.36,11.04,9.26
501.43,27,10.52,9.84,10.39,10.62,10.63,10.44,10.74,10.69,11.58,9.61,11.5,11.32,10.49,11.54,10.48,9.38,10.04,10.01,11.34,11.01,9.26
502.43,27,10.5,9.84,10.36,10.62,10.63,10.44,10.72,10.69,11.56,9.61,11.5,11.3,10.5,11.53,10.48,9.37,10.06,9.97,11.34,10.99,9.25
503.43,27,10.49,9.84,10.38,10.61,10.63,10.43,10.72,10.67,11.56,9.61,11.5,11.3,10.48,11.52,10.48,9.36,10.04,9.97,11.34,11,9.25
504.43,27,10.52,9.83,10.36,10.59,10.61,10.41,10.71,10.65,11.53,9.59,11.49,11.29,10.48,11.52,10.47,9.36,10.02,9.97,11.32,11,9.22
505.43,27,10.5,9.82,10.36,10.59,10.61,10.4,10.71,10.63,11.54,9.59,11.48,11.29,10.47,11.5,10.45,9.35,10.01,9.96,11.33,10.99,9.22
506.43,27,10.5,9.83,10.36,10.58,10.59,10.4,10.71,10.63,11.53,9.59,11.46,11.28,10.47,11.5,10.47,9.35,10.03,9.96,11.32,11,9.22
507.45,27,10.5,9.84,10.36,10.59,10.61,10.4,10.71,10.63,11.54,9.59,11.49,11.29,10.48,11.52,10.47,9.36,10.03,9.97,11.33,11,9.22
508.45,27,10.48,9.84,10.35,10.58,10.58,10.39,10.7,10.63,11.52,9.57,11.45,11.29,10.47,11.5,10.45,9.33,10.02,9.96,11.32,10.99,9.22
509.45,27,10.49,9.86,10.36,10.59,10.58,10.39,10.7,10.63,11.54,9.57,11.48,11.28,10.47,11.5,10.47,9.35,10.01,9.96,11.33,10.99,9.23
510.47,27,10.49,9.86,10.36,10.58,10.58,10.39,10.7,10.62,11.53,9.58,11.46,11.28,10.47,11.49,10.47,9.35,10.01,9.94,11.3,10.99,9.22
511.47,27,10.47,9.82,10.34,10.57,10.57,10.36,10.69,10.62,11.52,9.57,11.42,11.26,10.45,11.48,10.44,9.33,9.99,9.93,11.29,10.97,9.22
512.47,27,10.48,9.84,10.35,10.57,10.56,10.39,10.7,10.63,11.53,9.58,11.45,11.25,10.47,11.48,10.44,9.35,10.01,9.93,11.32,10.99,9.25
513.47,27,10.47,9.83,10.32,10.57,10.54,10.36,10.67,10.59,11.49,9.57,11.42,11.25,10.44,11.46,10.43,9.31,9.98,9.92,11.29,10.96,9.21
514.47,27,10.47,9.84,10.34,10.57,10.56,10.39,10.69,10.61,11.52,9.57,11.44,11.25,10.47,11.48,10.43,9.33,9.98,9.93,11.3,10.96,9.22
515.47,27,10.45,9.84,10.32,10.56,10.54,10.36,10.7,10.61,11.52,9.56,11.44,11.24,10.44,11.46,10.43,9.32,9.97,9.91,11.29,10.95,9.21
516.48,27,10.45,9.83,10.32,10.56,10.56,10.36,10.67,10.61,11.49,9.56,11.41,11.25,10.43,11.46,10.43,9.31,9.96,9.91,11.29,10.95,9.21
517.48,27,10.45,9.83,10.3,10.53,10.54,10.35,10.65,10.59,11.48,9.54,11.42,11.21,10.43,11.42,10.39,9.31,9.96,9.88,11.26,10.95,9.2
518.48,27,10.47,9.84,10.32,10.54,10.56,10.36,10.67,10.61,11.52,9.56,11.42,11.24,10.44,11.45,10.41,9.32,9.97,9.88,11.28,10.96,9.21
519.48,27,10.44,9.83,10.31,10.53,10.53,10.35,10.66,10.59,11.48,9.53,11.41,11.21,10.43,11.44,10.4,9.28,9.94,9.88,11.25,10.93,9.21
520.48,27,10.44,9.83,10.3,10.52,10.52,10.35,10.65,10.61,11.49,9.53,11.4,11.21,10.43,11.44,10.4,9.3,9.94,9.88,11.26,10.92,9.2
521.48,27,10.47,9.83,10.32,10.53,10.53,10.36,10.66,10.62,11.5,9.54,11.42,11.24,10.44,11.44,10.41,9.31,9.97,9.89,11.26,10.96,9.2
522.48,27,10.44,9.83,10.3,10.52,10.52,10.34,10.65,10.59,11.48,9.53,11.4,11.21,10.41,11.42,10.4,9.28,9.94,9.88,11.25,10.93,9.2
523.5,27,10.44,9.83,10.3,10.49,10.52,10.32,10.63,10.58,11.48,9.52,11.38,11.2,10.41,11.41,10.38,9.27,9.93,9.84,11.24,10.92,9.19
524.5,27,10.44,9.83,10.26,10.5,10.5,10.32,10.62,10.59,11.48,9.52,11.4,11.2,10.41,11.41,10.39,9.27,9.93,9.86,11.25,10.92,9.19
525.5,27,10.44,9.84,10.29,10.52,10.5,10.34,10.63,10.61,11.48,9.49,11.37,11.2,10.43,11.41,10.38,9.27,9.96,9.87,11.25,10.91,9.2
526.5,27,10.45,9.84,10.29,10.5,10.52,10.34,10.63,10.61,11.46,9.52,11.38,11.21,10.41,11.41,10.38,9.28,9.94,9.87,11.25,10.93,9.2
527.5,27,10.43,9.83,10.27,10.49,10.49,10.32,10.63,10.59,11.46,9.51,11.37,11.2,10.4,11.4,10.38,9.26,9.93,9.87,11.25,10.91,9.2
528.5,27,10.43,9.83,10.27,10.49,10.49,10.31,10.61,10.59,11.45,9.48,11.34,11.17,10.39,11.38,10.35,9.25,9.92,9.86,11.24,10.91,9.19
529.5,27,10.43,9.83,10.26,10.48,10.49,10.32,10.61,10.59,11.45,9.48,11.37,11.17,10.39,11.4,10.36,9.26,9.92,9.87,11.25,10.91,9.19
530.52,27,10.43,9.82,10.27,10.48,10.48,10.32,10.61,10.61,11.45,9.48,11.36,11.18,10.39,11.4,10.35,9.25,9.92,9.87,11.24,10.91,9.19
531.52,27,10.44,9.83,10.26,10.48,10.49,10.31,10.62,10.59,11.44,9.48,11.36,11.16,10.38,11.38,10.34,9.25,9.89,9.86,11.22,10.91,9.19
532.52,27,10.43,9.83,10.25,10.5,10.49,10.31,10.62,10.59,11.45,9.49,11.36,11.16,10.38,11.37,10.34,9.25,9.89,9.87,11.24,10.92,9.19
533.52,27,10.44,9.84,10.26,10.5,10.52,10.32,10.62,10.61,11.45,9.51,11.36,11.16,10.38,11.38,10.34,9.25,9.89,9.88,11.24,10.91,9.19
534.53,27,10.41,9.84,10.25,10.5,10.5,10.32,10.63,10.59,11.45,9.51,11.34,11.16,10.38,11.37,10.34,9.22,9.91,9.86,11.22,10.91,9.19
535.53,27,10.43,9.83,10.26,10.5,10.49,10.3,10.63,10.61,11.42,9.51,11.33,11.14,10.39,11.36,10.34,9.23,9.89,9.86,11.22,10.89,9.19
536.53,27,10.43,9.84,10.25,10.52,10.52,10.31,10.65,10.61,11.42,9.52,11.33,11.16,10.39,11.36,10.34,9.23,9.89,9.87,11.24,10.91,9.17
537.55,27,10.43,9.84,10.23,10.52,10.5,10.3,10.63,10.58,11.41,9.51,11.32,11.13,10.39,11.37,10.32,9.23,9.89,9.86,11.22,10.89,9.16
538.55,27,10.44,9.84,10.23,10.53,10.53,10.31,10.66,10.59,11.42,9.52,11.33,11.14,10.38,11.37,10.32,9.25,9.89,9.88,11.24,10.91,9.19
539.55,27,10.43,9.83,10.22,10.53,10.52,10.3,10.63,10.59,11.42,9.53,11.33,11.13,10.39,11.36,10.31,9.23,9.88,9.86,11.24,10.88,9.17
540.55,27,10.43,9.83,10.23,10.54,10.54,10.32,10.66,10.59,11.42,9.52,11.33,11.13,10.41,11.36,10.34,9.25,9.89,9.88,11.24,10.91,9.17
541.55,27,10.45,9.84,10.25,10.57,10.56,10.34,10.67,10.62,11.42,9.53,11.36,11.16,10.41,11.37,10.35,9.25,9.91,9.89,11.25,10.91,9.2
542.55,27,10.43,9.83,10.23,10.56,10.56,10.32,10.67,10.59,11.4,9.53,11.33,11.13,10.4,11.34,10.32,9.25,9.89,9.88,11.25,10.89,9.17
543.57,27,10.44,9.84,10.22,10.57,10.56,10.32,10.65,10.61,11.41,9.54,11.34,11.13,10.43,11.34,10.32,9.26,9.89,9.88,11.25,10.91,9.19
544.57,27,10.41,9.82,10.22,10.57,10.56,10.32,10.67,10.61,11.4,9.54,11.34,11.13,10.41,11.34,10.32,9.26,9.88,9.89,11.25,10.91,9.17
545.57,27,10.43,9.82,10.21,10.56,10.56,10.32,10.67,10.59,11.38,9.53,11.36,11.12,10.4,11.34,10.32,9.25,9.86,9.88,11.24,10.88,9.17
546.57,27,10.43,9.83,10.22,10.57,10.57,10.34,10.69,10.61,11.41,9.56,11.36,11.13,10.43,11.36,10.31,9.26,9.88,9.89,11.25,10.91,9.19
547.58,27,10.41,9.84,10.22,10.56,10.56,10.32,10.69,10.59,11.4,9.53,11.34,11.12,10.43,11.33,10.32,9.23,9.87,9.88,11.24,10.89,9.16
548.58,27,10.43,9.83,10.22,10.58,10.56,10.32,10.7,10.62,11.4,9.56,11.37,11.13,10.44,11.34,10.34,9.27,9.88,9.89,11.26,10.89,9.16
549.58,27,10.44,9.8,10.21,10.58,10.57,10.34,10.69,10.59,11.4,9.56,11.36,11.12,10.43,11.36,10.32,9.25,9.87,9.89,11.26,10.88,9.16
550.58,27,10.45,9.82,10.23,10.59,10.58,10.34,10.69,10.61,11.38,9.56,11.38,11.12,10.43,11.36,10.34,9.26,9.88,9.89,11.24,10.89,9.17
551.58,27,10.44,9.82,10.22,10.59,10.58,10.35,10.69,10.61,11.38,9.56,11.38,11.13,10.43,11.37,10.35,9.27,9.89,9.89,11.26,10.91,9.17
552.58,27,10.47,9.84,10.21,10.59,10.58,10.36,10.72,10.62,11.41,9.57,11.41,11.13,10.45,11.37,10.36,9.28,9.91,9.92,11.29,10.92,9.17
553.58,27,10.45,9.82,10.23,10.61,10.57,10.36,10.7,10.62,11.4,9.57,11.4,11.14,10.45,11.37,10.35,9.27,9.88,9.91,11.28,10.91,9.17
554.6,27,10.43,9.8,10.21,10.58,10.58,10.34,10.71,10.62,11.4,9.56,11.4,11.1,10.43,11.37,10.35,9.27,9.88,9.91,11.26,10.92,9.16
555.6,27,10.44,9.78,10.2,10.61,10.59,10.36,10.7,10.62,11.38,9.57,11.42,11.14,10.44,11.38,10.32,9.28,9.88,9.88,11.25,10.89,9.16
556.6,27,10.41,9.77,10.22,10.56,10.57,10.35,10.67,10.61,11.37,9.52,11.38,11.12,10.39,11.37,10.32,9.26,9.88,9.88,11.26,10.92,9.14
557.6,27,10.43,9.77,10.26,10.54,10.54,10.35,10.66,10.59,11.37,9.51,11.4,11.14,10.39,11.38,10.36,9.23,9.92,9.88,11.26,10.91,9.15
558.6,27,10.45,9.78,10.3,10.56,10.5,10.38,10.67,10.59,11.42,9.53,11.41,11.2,10.4,11.42,10.39,9.27,9.94,9.92,11.29,10.95,9.17
559.6,27,10.43,9.77,10.3,10.53,10.5,10.35,10.65,10.57,11.45,9.51,11.4,11.2,10.4,11.45,10.39,9.27,9.94,9.91,11.28,10.93,9.16
560.6,27,10.44,9.75,10.29,10.53,10.49,10.36,10.65,10.58,11.45,9.51,11.41,11.21,10.38,11.44,10.39,9.26,9.96,9.89,11.25,10.93,9.16
561.6,27,10.44,9.77,10.29,10.53,10.48,10.34,10.63,10.57,11.46,9.49,11.41,11.21,10.39,11.45,10.39,9.27,9.96,9.91,11.26,10.92,9.16
562.6,27,10.43,9.75,10.27,10.52,10.49,10.34,10.63,10.57,11.46,9.49,11.4,11.21,10.38,11.45,10.39,9.27,9.96,9.91,11.26,10.93,9.15
563.62,27,10.43,9.77,10.29,10.52,10.48,10.32,10.61,10.56,11.46,9.51,11.41,11.21,10.38,11.45,10.39,9.27,9.94,9.91,11.25,10.92,9.15
564.62,27,10.41,9.77,10.29,10.52,10.48,10.34,10.62,10.57,11.46,9.49,11.4,11.21,10.38,11.45,10.4,9.28,9.96,9.92,11.25,10.92,9.15
565.62,27,10.44,9.78,10.3,10.52,10.48,10.34,10.63,10.56,11.46,9.51,11.41,11.22,10.38,11.46,10.4,9.25,9.94,9.91,11.25,10.93,9.16
566.62,27,10.43,9.77,10.29,10.5,10.48,10.32,10.63,10.53,11.45,9.49,11.4,11.21,10.38,11.44,10.38,9.26,9.94,9.91,11.25,10.92,9.15
567.62,27,10.43,9.75,10.29,10.5,10.48,10.32,10.62,10.53,11.44,9.49,11.4,11.21,10.36,11.44,10.38,9.25,9.94,9.91,11.22,10.91,9.15
568.62,27,10.41,9.78,10.29,10.49,10.47,10.3,10.61,10.53,11.45,9.51,11.4,11.2,10.36,11.44,10.38,9.26,9.94,9.89,11.24,10.92,9.15
569.63,27,10.43,9.77,10.27,10.49,10.48,10.3,10.61,10.53,11.42,9.48,11.38,11.17,10.38,11.42,10.38,9.26,9.94,9.89,11.25,10.91,9.15
570.63,27,10.43,9.75,10.26,10.49,10.47,10.3,10.59,10.53,11.44,9.48,11.38,11.2,10.36,11.42,10.38,9.25,9.93,9.89,11.22,10.91,9.16
571.63,27,10.41,9.75,10.27,10.49,10.48,10.3,10.61,10.5,11.44,9.47,11.38,11.17,10.36,11.41,10.38,9.23,9.92,9.89,11.24,10.91,9.15
572.65,27,10.4,9.77,10.26,10.49,10.47,10.29,10.61,10.49,11.41,9.48,11.37,11.17,10.36,11.42,10.36,9.23,9.91,9.88,11.22,10.89,9.14
573.65,27,10.41,9.78,10.26,10.48,10.47,10.29,10.58,10.5,11.42,9.46,11.36,11.17,10.35,11.41,10.36,9.23,9.92,9.86,11.24,10.88,9.15
574.65,27,10.41,9.77,10.25,10.48,10.45,10.29,10.58,10.48,11.41,9.48,11.36,11.16,10.34,11.4,10.35,9.22,9.91,9.86,11.22,10.89,9.15
575.65,27,10.39,9.75,10.22,10.45,10.44,10.27,10.57,10.47,11.4,9.44,11.33,11.14,10.32,11.38,10.31,9.2,9.88,9.83,11.2,10.88,9.12
576.65,27,10.39,9.78,10.25,10.47,10.47,10.27,10.57,10.47,11.41,9.46,11.34,11.16,10.34,11.38,10.34,9.21,9.89,9.84,11.21,10.87,9.12
577.65,27,10.39,9.75,10.23,10.45,10.45,10.26,10.57,10.48,11.41,9.44,11.34,11.16,10.32,11.4,10.35,9.21,9.89,9.84,11.21,10.87,9.11
578.67,27,10.39,9.75,10.22,10.44,10.45,10.26,10.57,10.45,11.4,9.43,11.33,11.16,10.32,11.37,10.34,9.21,9.87,9.83,11.18,10.87,9.12
579.67,27,10.39,9.77,10.21,10.44,10.44,10.26,10.54,10.45,11.38,9.43,11.32,11.13,10.31,11.38,10.31,9.2,9.86,9.82,11.18,10.85,9.11
580.67,27,10.36,9.77,10.21,10.43,10.43,10.25,10.56,10.44,11.38,9.42,11.3,11.13,10.3,11.38,10.32,9.2,9.87,9.82,11.18,10.85,9.12
581.67,27,10.38,9.78,10.25,10.44,10.44,10.26,10.57,10.45,11.4,9.43,11.32,11.14,10.31,11.38,10.32,9.21,9.87,9.82,11.18,10.85,9.14
582.67,27,10.35,9.75,10.22,10.41,10.43,10.25,10.54,10.43,11.38,9.41,11.3,11.12,10.3,11.36,10.3,9.19,9.87,9.8,11.16,10.83,9.11
583.68,27,10.38,9.77,10.22,10.43,10.44,10.25,10.54,10.43,11.38,9.43,11.32,11.12,10.29,11.36,10.31,9.19,9.87,9.79,11.18,10.85,9.11
584.68,27,10.36,9.75,10.21,10.43,10.43,10.25,10.54,10.43,11.38,9.41,11.3,11.12,10.29,11.36,10.3,9.19,9.87,9.79,11.17,10.83,9.11
585.68,27,10.38,9.78,10.2,10.4,10.44,10.25,10.53,10.44,11.38,9.41,11.32,11.12,10.29,11.36,10.29,9.19,9.87,9.8,11.17,10.84,9.12
586.68,27,10.35,9.77,10.2,10.4,10.41,10.23,10.52,10.41,11.36,9.41,11.3,11.09,10.26,11.34,10.29,9.17,9.86,9.79,11.16,10.83,9.11
587.7,27,10.36,9.75,10.18,10.38,10.4,10.22,10.49,10.4,11.36,9.38,11.28,11.09,10.25,11.34,10.27,9.17,9.86,9.78,11.16,10.82,9.11
588.7,27,10.35,9.77,10.16,10.38,10.4,10.22,10.5,10.4,11.36,9.38,11.26,11.09,10.25,11.33,10.26,9.17,9.82,9.78,11.16,10.82,9.1
589.7,27,10.36,9.77,10.18,10.39,10.4,10.22,10.49,10.39,11.36,9.37,11.29,11.08,10.23,11.33,10.26,9.17,9.83,9.78,11.14,10.83,9.09
590.7,27,10.34,9.75,10.17,10.39,10.39,10.22,10.5,10.39,11.36,9.37,11.28,11.08,10.23,11.32,10.26,9.17,9.83,9.78,11.17,10.83,9.1
591.72,27,10.36,9.75,10.17,10.38,10.4,10.22,10.5,10.39,11.37,9.37,11.29,11.06,10.23,11.32,10.26,9.17,9.84,9.77,11.14,10.82,9.09
592.72,27,10.36,9.77,10.18,10.38,10.39,10.23,10.49,10.39,11.34,9.38,11.28,11.06,10.23,11.32,10.25,9.17,9.82,9.77,11.14,10.83,9.09
593.72,27,10.35,9.75,10.17,10.36,10.38,10.22,10.49,10.35,11.34,9.37,11.28,11.06,10.23,11.3,10.25,9.17,9.8,9.77,11.13,10.83,9.1
594.72,27,10.36,9.75,10.15,10.38,10.39,10.22,10.49,10.38,11.34,9.37,11.28,11.06,10.25,11.3,10.25,9.17,9.83,9.77,11.14,10.82,9.1
595.72,27,10.36,9.75,10.17,10.39,10.4,10.22,10.48,10.38,11.36,9.37,11.29,11.08,10.25,11.32,10.26,9.2,9.82,9.77,11.14,10.83,9.11
596.72,27,10.36,9.78,10.17,10.39,10.4,10.22,10.5,10.38,11.36,9.37,11.26,11.08,10.25,11.32,10.25,9.19,9.82,9.77,11.14,10.83,9.1
597.73,27,10.36,9.78,10.17,10.4,10.4,10.23,10.49,10.36,11.34,9.38,11.29,11.06,10.26,11.33,10.26,9.19,9.83,9.78,11.14,10.82,9.11
598.73,27,10.35,9.77,10.15,10.39,10.39,10.22,10.49,10.35,11.36,9.37,11.25,11.05,10.25,11.3,10.23,9.17,9.82,9.77,11.14,10.82,9.09
599.73,27,10.36,9.77,10.15,10.39,10.4,10.22,10.49,10.38,11.33,9.37,11.26,11.05,10.26,11.3,10.22,9.17,9.8,9.75,11.16,10.8,9.09
600.75,27,10.35,9.77,10.13,10.4,10.41,10.22,10.5,10.36,11.33,9.37,11.28,11.05,10.25,11.32,10.23,9.19,9.8,9.77,11.14,10.8,9.1
601.75,27,10.36,9.78,10.15,10.41,10.41,10.23,10.5,10.39,11.34,9.38,11.28,11.04,10.29,11.32,10.25,9.17,9.8,9.77,11.14,10.82,9.1
602.75,27,10.35,9.77,10.15,10.43,10.41,10.23,10.5,10.38,11.33,9.38,11.28,11.04,10.27,11.3,10.22,9.17,9.8,9.77,11.16,10.8,9.08
603.75,27,10.36,9.78,10.13,10.41,10.43,10.23,10.53,10.4,11.34,9.39,11.29,11.05,10.29,11.3,10.25,9.19,9.8,9.78,11.14,10.82,9.1
604.77,27,10.34,9.77,10.13,10.41,10.41,10.21,10.5,10.38,11.3,9.37,11.25,11.02,10.27,11.3,10.21,9.16,9.79,9.78,11.14,10.79,9.06
605.77,27,10.36,9.77,10.15,10.44,10.44,10.23,10.53,10.4,11.33,9.42,11.29,11.05,10.3,11.32,10.25,9.19,9.8,9.78,11.16,10.83,9.08
606.77,27,10.36,9.78,10.13,10.45,10.44,10.25,10.54,10.41,11.33,9.41,11.3,11.05,10.3,11.33,10.25,9.2,9.8,9.79,11.17,10.82,9.1
607.77,27,10.36,9.77,10.13,10.44,10.43,10.22,10.53,10.41,11.33,9.39,11.28,11.04,10.27,11.3,10.23,9.17,9.78,9.79,11.14,10.8,9.08
608.77,27,10.36,9.77,10.15,10.45,10.45,10.25,10.54,10.44,11.33,9.41,11.29,11.04,10.3,11.33,10.25,9.19,9.8,9.8,11.16,10.83,9.08
609.78,27,10.36,9.78,10.13,10.45,10.45,10.25,10.56,10.44,11.34,9.42,11.3,11.04,10.3,11.3,10.25,9.19,9.8,9.8,11.16,10.83,9.09
610.78,27,10.38,9.78,10.12,10.45,10.44,10.25,10.56,10.43,11.33,9.42,11.28,11.04,10.31,11.3,10.23,9.2,9.79,9.79,11.16,10.8,9.1
611.78,27,10.36,9.77,10.12,10.47,10.44,10.23,10.56,10.44,11.33,9.42,11.28,11.01,10.32,11.3,10.23,9.17,9.79,9.79,11.16,10.82,9.08
612.78,27,10.39,9.75,10.13,10.48,10.47,10.25,10.57,10.45,11.33,9.43,11.29,11.04,10.34,11.3,10.25,9.19,9.79,9.82,11.18,10.83,9.1
613.78,27,10.36,9.77,10.11,10.47,10.45,10.25,10.56,10.45,11.33,9.42,11.29,11.01,10.32,11.3,10.25,9.19,9.79,9.8,11.16,10.82,9.1
614.8,27,10.35,9.75,10.12,10.47,10.45,10.26,10.56,10.44,11.3,9.43,11.29,11.02,10.32,11.3,10.25,9.19,9.78,9.8,11.17,10.82,9.09
615.8,27,10.36,9.77,10.12,10.49,10.49,10.25,10.58,10.48,11.32,9.46,11.3,11.01,10.32,11.3,10.26,9.2,9.8,9.8,11.18,10.83,9.09
616.8,27,10.35,9.72,10.11,10.45,10.45,10.25,10.56,10.47,11.29,9.42,11.29,11.01,10.31,11.29,10.22,9.17,9.77,9.77,11.16,10.8,9.05
617.8,27,10.35,9.73,10.16,10.44,10.45,10.25,10.54,10.48,11.32,9.41,11.29,11.04,10.3,11.32,10.26,9.17,9.8,9.79,11.2,10.84,9.09
618.8,27,10.38,9.73,10.18,10.43,10.44,10.26,10.54,10.45,11.33,9.41,11.28,11.06,10.29,11.34,10.3,9.15,9.84,9.8,11.2,10.84,9.1
619.8,27,10.36,9.7,10.18,10.41,10.39,10.26,10.53,10.44,11.36,9.38,11.29,11.09,10.29,11.36,10.31,9.17,9.84,9.8,11.17,10.84,9.09
620.8,27,10.38,9.74,10.2,10.43,10.4,10.26,10.53,10.47,11.37,9.41,11.32,11.1,10.29,11.37,10.31,9.2,9.87,9.82,11.2,10.84,9.09
621.82,27,10.38,9.72,10.21,10.41,10.4,10.27,10.54,10.45,11.38,9.42,11.33,11.13,10.3,11.4,10.32,9.2,9.87,9.8,11.2,10.87,9.1
622.82,27,10.38,9.73,10.22,10.43,10.4,10.26,10.56,10.43,11.38,9.42,11.34,11.13,10.3,11.38,10.31,9.2,9.87,9.82,11.2,10.87,9.09
623.82,27,10.36,9.73,10.22,10.43,10.4,10.27,10.56,10.43,11.38,9.42,11.34,11.12,10.3,11.38,10.32,9.2,9.87,9.79,11.18,10.85,9.1
624.82,27,10.36,9.72,10.2,10.43,10.39,10.25,10.53,10.43,11.37,9.41,11.34,11.1,10.27,11.37,10.3,9.19,9.88,9.79,11.18,10.84,9.08
625.82,27,10.36,9.72,10.21,10.4,10.4,10.23,10.53,10.43,11.37,9.41,11.33,11.12,10.29,11.37,10.3,9.17,9.86,9.79,11.17,10.84,9.08
626.83,27,10.38,9.74,10.21,10.43,10.4,10.23,10.53,10.43,11.38,9.42,11.33,11.12,10.3,11.38,10.31,9.19,9.86,9.8,11.2,10.85,9.08
627.83,27,10.36,9.7,10.2,10.4,10.38,10.23,10.52,10.41,11.36,9.41,11.32,11.09,10.29,11.37,10.31,9.17,9.84,9.79,11.17,10.83,9.08
628.83,27,10.35,9.72,10.17,10.4,10.36,10.21,10.5,10.39,11.32,9.39,11.29,11.09,10.27,11.36,10.27,9.16,9.83,9.78,11.16,10.82,9.06
629.83,27,10.36,9.73,10.2,10.4,10.38,10.23,10.52,10.41,11.36,9.41,11.3,11.1,10.29,11.37,10.3,9.17,9.86,9.78,11.18,10.84,9.06
630.85,27,10.35,9.7,10.21,10.41,10.38,10.21,10.52,10.41,11.34,9.41,11.3,11.1,10.29,11.36,10.3,9.17,9.84,9.77,11.17,10.84,9.08
631.85,27,10.34,9.73,10.2,10.41,10.36,10.22,10.52,10.4,11.33,9.41,11.29,11.08,10.29,11.36,10.29,9.16,9.83,9.78,11.17,10.82,9.06
632.85,27,10.34,9.72,10.18,10.39,10.35,10.21,10.5,10.38,11.33,9.41,11.28,11.09,10.27,11.34,10.29,9.16,9.83,9.77,11.16,10.83,9.06
633.85,27,10.34,9.7,10.18,10.38,10.35,10.21,10.5,10.39,11.33,9.39,11.28,11.1,10.29,11.34,10.27,9.16,9.83,9.77,11.14,10.82,9.06
634.85,27,10.34,9.72,10.17,10.39,10.35,10.2,10.52,10.38,11.33,9.39,11.26,11.08,10.26,11.32,10.27,9.15,9.82,9.74,11.13,10.8,9.08
635.85,27,10.34,9.72,10.17,10.39,10.34,10.2,10.49,10.36,11.32,9.38,11.25,11.06,10.25,11.32,10.27,9.15,9.8,9.74,11.14,10.8,9.06
636.85,27,10.34,9.73,10.17,10.38,10.34,10.18,10.49,10.35,11.3,9.38,11.25,11.06,10.25,11.33,10.25,9.14,9.82,9.74,11.14,10.82,9.06
637.87,27,10.32,9.7,10.16,10.36,10.34,10.17,10.47,10.34,11.3,9.36,11.25,11.06,10.25,11.32,10.26,9.14,9.79,9.73,11.13,10.79,9.06
638.87,27,10.34,9.72,10.16,10.36,10.32,10.18,10.48,10.34,11.32,9.36,11.24,11.05,10.25,11.32,10.25,9.14,9.8,9.72,11.13,10.79,9.05
639.87,27,10.31,9.7,10.13,10.35,10.31,10.17,10.45,10.31,11.29,9.36,11.24,11.04,10.22,11.3,10.22,9.12,9.78,9.72,11.12,10.79,9.04
640.87,27,10.31,9.69,10.15,10.35,10.31,10.17,10.47,10.31,11.29,9.35,11.22,11.04,10.22,11.29,10.23,9.11,9.78,9.69,11.12,10.78,9.05
641.87,27,10.3,9.69,10.13,10.35,10.3,10.17,10.47,10.32,11.29,9.35,11.21,11.04,10.22,11.29,10.23,9.11,9.78,9.69,11.13,10.78,9.05
642.87,27,10.31,9.72,10.13,10.34,10.3,10.17,10.45,10.31,11.28,9.33,11.21,11.02,10.21,11.29,10.22,9.1,9.78,9.69,11.1,10.78,9.03
643.87,27,10.3,9.7,10.13,10.34,10.29,10.16,10.45,10.3,11.3,9.33,11.22,11.02,10.21,11.29,10.22,9.11,9.78,9.69,11.09,10.76,9.04
644.87,27,10.3,9.72,10.13,10.34,10.3,10.17,10.45,10.32,11.3,9.33,11.22,11.04,10.21,11.29,10.23,9.12,9.77,9.69,11.1,10.78,9.05
645.88,27,10.3,9.7,10.11,10.31,10.29,10.16,10.44,10.3,11.28,9.32,11.21,11,10.18,11.28,10.2,9.1,9.77,9.68,11.09,10.76,9.04
646.88,27,10.29,9.72,10.09,10.32,10.27,10.15,10.43,10.3,11.29,9.32,11.21,11.01,10.18,11.26,10.2,9.1,9.75,9.68,11.09,10.75,9.04
647.88,27,10.29,9.72,10.11,10.31,10.26,10.16,10.43,10.3,11.28,9.31,11.18,11.01,10.17,11.26,10.2,9.09,9.75,9.67,11.09,10.76,9.04
648.88,27,10.29,9.7,10.09,10.3,10.27,10.15,10.41,10.29,11.25,9.31,11.18,11,10.16,11.25,10.18,9.09,9.75,9.68,11.09,10.76,9.03
649.88,27,10.3,9.73,10.09,10.31,10.26,10.16,10.43,10.3,11.26,9.3,11.18,11,10.17,11.25,10.2,9.09,9.74,9.68,11.1,10.75,9.04
650.88,27,10.27,9.7,10.08,10.3,10.26,10.13,10.43,10.27,11.26,9.28,11.17,10.99,10.16,11.25,10.18,9.09,9.74,9.67,11.08,10.74,9.03
651.9,27,10.29,9.7,10.08,10.3,10.26,10.15,10.4,10.29,11.25,9.27,11.18,10.99,10.15,11.25,10.17,9.08,9.73,9.67,11.08,10.74,9.03
652.9,27,10.27,9.7,10.09,10.29,10.26,10.13,10.4,10.3,11.26,9.28,11.18,10.99,10.16,11.25,10.17,9.1,9.73,9.67,11.06,10.72,9.03
653.92,27,10.29,9.7,10.09,10.29,10.27,10.13,10.41,10.3,11.26,9.3,11.18,10.99,10.17,11.25,10.17,9.09,9.72,9.68,11.09,10.75,9.04
654.92,27,10.29,9.7,10.08,10.29,10.26,10.13,10.4,10.29,11.26,9.28,11.17,10.99,10.16,11.25,10.16,9.1,9.72,9.67,11.06,10.74,9.03
655.92,27,10.3,9.73,10.09,10.29,10.27,10.15,10.41,10.31,11.26,9.28,11.18,10.97,10.18,11.28,10.17,9.11,9.74,9.68,11.09,10.76,9.04
656.93,27,10.3,9.72,10.09,10.3,10.3,10.15,10.41,10.31,11.28,9.3,11.18,10.99,10.17,11.26,10.18,9.11,9.74,9.69,11.09,10.75,9.03
657.93,27,10.27,9.69,10.07,10.29,10.26,10.13,10.4,10.31,11.25,9.28,11.18,10.96,10.16,11.25,10.15,9.1,9.72,9.67,11.08,10.75,9.02
658.93,27,10.27,9.7,10.07,10.3,10.29,10.13,10.39,10.3,11.25,9.28,11.17,10.96,10.17,11.24,10.16,9.1,9.72,9.67,11.08,10.71,9.03
659.93,27,10.29,9.7,10.07,10.3,10.31,10.13,10.4,10.3,11.25,9.3,11.17,10.96,10.17,11.24,10.16,9.1,9.73,9.67,11.08,10.74,9.02
660.93,27,10.29,9.7,10.06,10.3,10.3,10.12,10.4,10.31,11.25,9.27,11.17,10.95,10.18,11.24,10.16,9.1,9.72,9.68,11.08,10.74,9.03
661.95,27,10.29,9.7,10.04,10.31,10.3,10.13,10.41,10.32,11.24,9.3,11.17,10.96,10.18,11.24,10.15,9.1,9.7,9.67,11.08,10.75,9.02
662.95,27,10.26,9.72,10.04,10.31,10.31,10.15,10.4,10.34,11.24,9.28,11.17,10.95,10.2,11.24,10.15,9.1,9.69,9.68,11.06,10.72,9.02
663.95,27,10.27,9.7,10.06,10.34,10.32,10.13,10.4,10.32,11.25,9.3,11.18,10.96,10.18,11.24,10.15,9.1,9.72,9.67,11.09,10.74,9.03
664.95,27,10.3,9.72,10.07,10.34,10.34,10.15,10.43,10.35,11.25,9.31,11.18,10.96,10.21,11.25,10.15,9.11,9.72,9.68,11.09,10.75,9.03
665.95,27,10.29,9.7,10.06,10.35,10.34,10.16,10.45,10.36,11.24,9.3,11.17,10.96,10.22,11.25,10.16,9.1,9.72,9.69,11.09,10.75,9.03
666.97,27,10.27,9.69,10.06,10.35,10.34,10.16,10.45,10.36,11.24,9.32,11.18,10.95,10.22,11.25,10.15,9.11,9.7,9.69,11.1,10.74,9.03
667.97,27,10.29,9.7,10.04,10.35,10.36,10.15,10.44,10.35,11.24,9.32,11.2,10.96,10.22,11.25,10.16,9.1,9.7,9.69,11.09,10.74,9.03
668.97,27,10.27,9.72,10.04,10.35,10.34,10.15,10.47,10.38,11.22,9.33,11.18,10.95,10.22,11.24,10.16,9.11,9.69,9.7,11.09,10.75,9.03
669.97,27,10.29,9.69,10.02,10.35,10.35,10.15,10.44,10.38,11.22,9.33,11.17,10.96,10.22,11.25,10.16,9.11,9.7,9.69,11.09,10.74,9
670.97,27,10.29,9.7,10.04,10.38,10.35,10.17,10.48,10.39,11.24,9.35,11.2,10.95,10.23,11.24,10.16,9.11,9.7,9.7,11.08,10.74,9.04
671.97,27,10.3,9.7,10.03,10.38,10.35,10.15,10.45,10.38,11.21,9.35,11.17,10.95,10.23,11.22,10.16,9.1,9.69,9.69,11.09,10.72,9.02
672.98,27,10.29,9.69,10.03,10.38,10.35,10.15,10.48,10.39,11.22,9.35,11.18,10.95,10.23,11.22,10.16,9.1,9.69,9.69,11.09,10.74,9.02
673.98,27,10.27,9.68,10.02,10.38,10.36,10.16,10.47,10.39,11.22,9.35,11.2,10.93,10.22,11.24,10.15,9.1,9.7,9.7,11.09,10.74,9.02
674.98,27,10.27,9.68,10.01,10.39,10.36,10.16,10.48,10.4,11.21,9.35,11.18,10.95,10.25,11.24,10.15,9.11,9.69,9.67,11.09,10.74,8.99
675.98,27,10.3,9.65,10.07,10.36,10.35,10.16,10.44,10.4,11.22,9.32,11.18,10.95,10.22,11.25,10.18,9.08,9.69,9.69,11.1,10.76,9.02
676.98,27,10.29,9.65,10.11,10.32,10.32,10.16,10.45,10.38,11.22,9.31,11.17,10.97,10.2,11.28,10.18,9.06,9.73,9.69,11.12,10.76,9.02
677.98,27,10.3,9.65,10.09,10.31,10.31,10.16,10.43,10.39,11.26,9.31,11.17,11.01,10.21,11.29,10.21,9.09,9.75,9.7,11.12,10.76,9.02
678.98,27,10.3,9.65,10.12,10.35,10.31,10.18,10.45,10.36,11.28,9.32,11.22,11.02,10.22,11.32,10.23,9.11,9.78,9.72,11.13,10.78,9.03
679.98,27,10.31,9.65,10.13,10.35,10.32,10.18,10.45,10.36,11.29,9.32,11.24,11.06,10.22,11.32,10.25,9.11,9.79,9.7,11.13,10.79,9.02
681,27,10.31,9.65,10.13,10.35,10.32,10.17,10.45,10.36,11.29,9.33,11.24,11.04,10.21,11.33,10.25,9.11,9.78,9.72,11.12,10.79,9.02
682,27,10.3,9.64,10.13,10.32,10.32,10.17,10.45,10.36,11.29,9.31,11.24,11.02,10.22,11.3,10.22,9.1,9.75,9.7,11.1,10.78,9
683,27,10.3,9.64,10.12,10.32,10.32,10.17,10.45,10.35,11.26,9.32,11.24,11.04,10.22,11.3,10.22,9.1,9.77,9.7,11.1,10.78,9
684,27,10.3,9.63,10.12,10.34,10.32,10.15,10.45,10.36,11.28,9.33,11.24,11.04,10.21,11.3,10.23,9.1,9.78,9.69,11.13,10.78,9
685.02,27,10.29,9.64,10.12,10.34,10.31,10.16,10.44,10.36,11.26,9.33,11.22,11.02,10.21,11.29,10.22,9.09,9.77,9.69,11.1,10.76,9
686.02,27,10.3,9.64,10.11,10.31,10.3,10.13,10.45,10.34,11.25,9.33,11.21,11.01,10.2,11.29,10.21,9.09,9.75,9.68,11.09,10.75,8.99
687.03,27,10.3,9.65,10.11,10.32,10.29,10.13,10.44,10.32,11.26,9.32,11.21,11.01,10.21,11.28,10.22,9.09,9.77,9.68,11.1,10.75,8.99
688.03,27,10.3,9.65,10.12,10.31,10.3,10.13,10.43,10.34,11.24,9.32,11.21,11.01,10.2,11.3,10.22,9.09,9.77,9.68,11.08,10.76,9
689.03,27,10.29,9.65,10.11,10.31,10.29,10.12,10.43,10.32,11.24,9.32,11.18,11,10.21,11.29,10.21,9.08,9.75,9.67,11.08,10.75,8.99
690.03,27,10.29,9.65,10.11,10.31,10.27,10.12,10.44,10.32,11.22,9.32,11.2,11,10.2,11.28,10.21,9.08,9.74,9.67,11.09,10.75,8.99
691.03,27,10.29,9.65,10.11,10.31,10.26,10.12,10.43,10.31,11.24,9.31,11.2,11,10.18,11.26,10.21,9.08,9.74,9.65,11.09,10.76,8.99
692.05,27,10.26,9.64,10.09,10.29,10.26,10.12,10.41,10.3,11.24,9.31,11.18,10.99,10.2,11.26,10.2,9.08,9.74,9.65,11.08,10.74,8.99
693.05,27,10.26,9.63,10.09,10.29,10.26,10.11,10.41,10.29,11.22,9.28,11.17,10.99,10.18,11.26,10.18,9.06,9.72,9.64,11.08,10.72,8.99
694.07,27,10.26,9.65,10.07,10.27,10.26,10.11,10.4,10.29,11.22,9.28,11.16,10.97,10.18,11.24,10.18,9.06,9.73,9.63,11.06,10.72,8.98
695.07,27,10.25,9.64,10.08,10.27,10.26,10.11,10.39,10.27,11.22,9.28,11.14,10.97,10.17,11.24,10.18,9.05,9.72,9.63,11.06,10.72,8.98
696.07,27,10.26,9.64,10.08,10.27,10.25,10.09,10.38,10.27,11.2,9.28,11.16,10.97,10.16,11.24,10.17,9.05,9.72,9.63,11.06,10.71,8.97
697.08,27,10.26,9.64,10.08,10.27,10.23,10.09,10.4,10.25,11.2,9.28,11.16,10.96,10.16,11.24,10.17,9.04,9.72,9.62,11.05,10.72,8.98
698.08,27,10.25,9.63,10.06,10.27,10.25,10.08,10.36,10.25,11.21,9.26,11.14,10.96,10.15,11.24,10.15,9.05,9.69,9.61,11.04,10.71,8.97
699.08,27,10.25,9.65,10.07,10.26,10.25,10.08,10.39,10.25,11.21,9.27,11.13,10.96,10.15,11.24,10.17,9.03,9.7,9.61,11.05,10.71,8.98
700.1,27,10.26,9.64,10.06,10.26,10.23,10.08,10.36,10.23,11.2,9.26,11.13,10.95,10.13,11.22,10.15,9.03,9.7,9.61,11.02,10.7,8.97
701.1,27,10.25,9.65,10.06,10.26,10.26,10.09,10.39,10.25,11.21,9.27,11.13,10.96,10.13,11.22,10.15,9.04,9.7,9.62,11.05,10.71,8.97
702.1,27,10.23,9.62,10.04,10.23,10.25,10.07,10.35,10.22,11.17,9.25,11.12,10.93,10.12,11.21,10.12,9.03,9.68,9.58,11.01,10.69,8.97
703.1,27,10.22,9.64,10.03,10.23,10.25,10.07,10.35,10.22,11.18,9.25,11.12,10.91,10.12,11.2,10.13,9.03,9.68,9.61,11.02,10.69,8.97
704.1,27,10.22,9.62,10.02,10.22,10.23,10.06,10.35,10.22,11.17,9.23,11.1,10.92,10.11,11.18,10.12,9.03,9.68,9.59,11,10.69,8.94
705.1,27,10.22,9.65,10.04,10.23,10.23,10.08,10.36,10.22,11.18,9.22,11.12,10.93,10.12,11.2,10.12,9.03,9.67,9.61,11.02,10.7,8.97
706.1,27,10.22,9.64,10.03,10.22,10.22,10.07,10.34,10.21,11.18,9.21,11.08,10.92,10.08,11.2,10.11,9.02,9.65,9.61,11.01,10.67,8.95
707.12,27,10.21,9.64,10.02,10.22,10.22,10.06,10.34,10.21,11.17,9.21,11.09,10.91,10.09,11.18,10.11,9,9.67,9.59,11.01,10.67,8.97
708.12,27,10.21,9.62,9.98,10.21,10.23,10.04,10.34,10.2,11.16,9.19,11.08,10.89,10.08,11.17,10.09,9,9.64,9.58,11,10.67,8.94
709.12,27,10.2,9.63,9.99,10.18,10.22,10.04,10.32,10.18,11.14,9.2,11.09,10.88,10.07,11.18,10.09,8.99,9.65,9.58,11,10.65,8.94
710.12,27,10.21,9.63,10.01,10.21,10.23,10.04,10.32,10.2,11.17,9.19,11.09,10.91,10.08,11.18,10.11,9,9.64,9.61,11.01,10.67,8.95
711.12,27,10.21,9.64,9.99,10.21,10.23,10.06,10.32,10.21,11.14,9.2,11.06,10.89,10.08,11.17,10.09,9.02,9.65,9.59,11,10.66,8.95
712.13,27,10.2,9.63,9.98,10.2,10.23,10.03,10.31,10.2,11.16,9.19,11.09,10.88,10.08,11.17,10.08,9,9.65,9.58,11,10.66,8.94
713.13,27,10.21,9.63,9.98,10.2,10.23,10.06,10.31,10.21,11.16,9.17,11.08,10.89,10.07,11.17,10.08,9,9.64,9.58,11,10.67,8.95
714.13,27,10.21,9.63,9.99,10.18,10.25,10.04,10.31,10.23,11.16,9.17,11.08,10.89,10.09,11.17,10.09,9.03,9.64,9.61,11.01,10.66,8.95
715.13,27,10.2,9.63,9.98,10.2,10.22,10.03,10.31,10.22,11.16,9.2,11.08,10.88,10.09,11.18,10.07,9,9.62,9.59,11.01,10.66,8.95
716.15,27,10.21,9.64,9.98,10.21,10.23,10.03,10.31,10.23,11.16,9.2,11.09,10.88,10.09,11.17,10.08,9.02,9.63,9.61,10.99,10.67,8.95
717.15,27,10.21,9.64,9.98,10.21,10.22,10.03,10.31,10.23,11.16,9.2,11.08,10.87,10.11,11.17,10.08,9.02,9.64,9.59,11.01,10.66,8.97
718.17,27,10.22,9.63,9.98,10.22,10.23,10.02,10.32,10.25,11.13,9.2,11.08,10.87,10.12,11.18,10.08,9.02,9.64,9.61,11.01,10.66,8.94
719.17,27,10.21,9.63,9.98,10.22,10.23,10.04,10.32,10.26,11.13,9.21,11.09,10.88,10.12,11.18,10.08,9.03,9.63,9.61,11,10.66,8.94
720.17,27,10.21,9.64,9.96,10.23,10.25,10.02,10.34,10.27,11.14,9.22,11.08,10.88,10.12,11.17,10.07,9.02,9.62,9.62,11.01,10.66,8.95
721.17,27,10.21,9.64,9.97,10.25,10.26,10.06,10.34,10.26,11.14,9.22,11.08,10.87,10.12,11.18,10.08,9.03,9.63,9.62,11.02,10.67,8.95
722.17,27,10.21,9.63,9.97,10.25,10.26,10.03,10.34,10.26,11.13,9.23,11.09,10.87,10.13,11.16,10.08,9.03,9.63,9.62,11.01,10.67,8.95
723.18,27,10.21,9.64,9.98,10.25,10.27,10.06,10.36,10.3,11.16,9.23,11.1,10.88,10.13,11.17,10.09,9.04,9.64,9.62,11.01,10.66,8.95
724.18,27,10.21,9.63,9.97,10.25,10.26,10.03,10.35,10.3,11.14,9.25,11.08,10.87,10.13,11.17,10.07,9.03,9.63,9.62,11.02,10.67,8.95
725.18,27,10.21,9.64,9.96,10.27,10.26,10.06,10.35,10.27,11.13,9.22,11.08,10.87,10.13,11.16,10.08,9.02,9.62,9.62,11.01,10.67,8.95
726.18,27,10.21,9.63,9.94,10.27,10.26,10.04,10.36,10.3,11.12,9.23,11.06,10.85,10.15,11.17,10.07,9.03,9.63,9.62,11.02,10.67,8.95
727.18,27,10.23,9.64,9.96,10.29,10.27,10.06,10.39,10.31,11.14,9.26,11.09,10.88,10.16,11.18,10.08,9.03,9.63,9.64,11.04,10.67,8.95
728.18,27,10.21,9.61,9.94,10.26,10.25,10.03,10.36,10.3,11.12,9.25,11.08,10.84,10.15,11.14,10.06,9.02,9.61,9.62,11,10.66,8.94
729.2,27,10.18,9.58,9.94,10.27,10.27,10.04,10.38,10.3,11.13,9.25,11.08,10.84,10.13,11.16,10.04,9,9.59,9.58,11.01,10.66,8.92
730.2,27,10.2,9.57,9.98,10.22,10.23,10.02,10.34,10.27,11.1,9.21,11.05,10.85,10.09,11.14,10.08,8.98,9.61,9.61,11.02,10.67,8.92
731.2,27,10.22,9.59,10.03,10.23,10.25,10.06,10.35,10.29,11.13,9.23,11.08,10.91,10.12,11.21,10.13,8.95,9.65,9.64,11.04,10.7,8.95
732.2,27,10.22,9.57,10.02,10.23,10.21,10.07,10.36,10.27,11.17,9.23,11.09,10.93,10.11,11.21,10.15,8.98,9.68,9.64,11.05,10.71,8.93
733.2,27,10.22,9.57,10.04,10.25,10.21,10.07,10.36,10.26,11.17,9.23,11.1,10.93,10.13,11.22,10.15,8.99,9.68,9.65,11.04,10.71,8.93
734.22,27,10.25,9.58,10.06,10.25,10.25,10.09,10.38,10.26,11.18,9.27,11.16,10.96,10.16,11.24,10.17,9.02,9.69,9.67,11.05,10.71,8.95
735.22,27,10.23,9.58,10.06,10.25,10.23,10.08,10.39,10.27,11.2,9.25,11.14,10.95,10.15,11.25,10.16,9.03,9.7,9.65,11.05,10.71,8.95
736.22,27,10.25,9.58,10.06,10.25,10.25,10.09,10.38,10.26,11.2,9.26,11.14,10.95,10.13,11.24,10.16,9.02,9.72,9.65,11.05,10.7,8.94
737.22,27,10.23,9.57,10.04,10.23,10.23,10.07,10.38,10.26,11.17,9.25,11.16,10.96,10.13,11.25,10.15,9.02,9.69,9.65,11.04,10.7,8.93
738.23,27,10.25,9.58,10.04,10.25,10.23,10.07,10.36,10.26,11.18,9.27,11.14,10.95,10.13,11.22,10.16,9,9.68,9.64,11.04,10.71,8.94
739.23,27,10.23,9.57,10.03,10.25,10.25,10.07,10.36,10.26,11.18,9.26,11.13,10.95,10.13,11.24,10.16,9.02,9.69,9.67,11.04,10.71,8.93
740.23,27,10.21,9.58,10.04,10.23,10.21,10.07,10.38,10.23,11.17,9.26,11.13,10.93,10.15,11.22,10.16,9,9.69,9.65,11.04,10.69,8.93
741.23,27,10.21,9.57,10.02,10.22,10.22,10.04,10.35,10.23,11.14,9.25,11.13,10.92,10.12,11.2,10.12,8.99,9.65,9.64,11,10.67,8.92
742.23,27,10.23,9.58,10.04,10.23,10.21,10.06,10.36,10.23,11.13,9.26,11.13,10.93,10.15,11.22,10.15,9,9.68,9.64,11.04,10.69,8.93
743.25,27,10.2,9.57,10.02,10.23,10.2,10.04,10.35,10.21,11.14,9.23,11.12,10.92,10.12,11.21,10.13,9,9.67,9.63,11,10.66,8.92
744.25,27,10.22,9.58,10.02,10.23,10.21,10.04,10.35,10.21,11.16,9.25,11.09,10.92,10.13,11.21,10.13,9,9.68,9.64,11.01,10.69,8.93
745.25,27,10.2,9.57,10.01,10.21,10.2,10.03,10.34,10.2,11.14,9.23,11.1,10.89,10.12,11.2,10.13,8.98,9.64,9.63,11,10.67,8.92
746.25,27,10.21,9.57,10.02,10.21,10.18,10.02,10.34,10.18,11.13,9.21,11.08,10.89,10.11,11.18,10.12,8.98,9.65,9.62,11,10.66,8.92
747.25,27,10.21,9.58,10.01,10.21,10.2,10.03,10.32,10.18,11.12,9.23,11.08,10.88,10.11,11.21,10.11,8.98,9.67,9.62,11.01,10.67,8.91
748.27,27,10.2,9.58,10.01,10.2,10.18,10.03,10.34,10.17,11.13,9.21,11.06,10.89,10.11,11.18,10.12,8.99,9.64,9.62,11,10.66,8.92
749.27,27,10.2,9.58,10.01,10.2,10.18,10.02,10.32,10.17,11.1,9.22,11.06,10.88,10.08,11.17,10.11,8.98,9.64,9.59,10.99,10.66,8.92
750.27,27,10.18,9.58,9.99,10.2,10.18,10.02,10.32,10.16,11.12,9.2,11.05,10.88,10.09,11.18,10.11,8.98,9.64,9.61,11,10.65,8.92
751.27,27,10.18,9.58,9.98,10.2,10.17,10.02,10.32,10.17,11.09,9.2,11.06,10.88,10.08,11.16,10.09,8.97,9.63,9.59,10.97,10.65,8.92
752.27,27,10.17,9.57,9.98,10.17,10.17,9.99,10.3,10.15,11.1,9.2,11.05,10.87,10.07,11.14,10.07,8.95,9.62,9.58,10.99,10.62,8.89
753.27,27,10.18,9.57,9.98,10.17,10.17,10.01,10.3,10.13,11.09,9.2,11.04,10.87,10.07,11.14,10.07,8.95,9.63,9.58,10.97,10.65,8.89
754.27,27,10.16,9.57,9.97,10.17,10.17,9.99,10.29,10.12,11.08,9.17,11.02,10.87,10.07,11.14,10.08,8.95,9.61,9.57,10.97,10.62,8.91
755.28,27,10.17,9.57,9.97,10.17,10.15,9.99,10.29,10.13,11.08,9.16,11.04,10.85,10.06,11.14,10.07,8.95,9.61,9.56,10.96,10.61,8.91
756.28,27,10.16,9.57,9.96,10.16,10.16,9.99,10.27,10.11,11.08,9.16,11.04,10.84,10.04,11.13,10.06,8.94,9.61,9.56,10.96,10.61,8.89
757.28,27,10.16,9.58,9.96,10.16,10.16,9.98,10.27,10.12,11.09,9.16,11.02,10.85,10.04,11.13,10.06,8.94,9.61,9.54,10.95,10.61,8.89
758.28,27,10.16,9.57,9.94,10.15,10.15,9.99,10.26,10.11,11.08,9.14,11.04,10.84,10.02,11.12,10.06,8.94,9.59,9.54,10.95,10.62,8.88
759.3,27,10.15,9.58,9.96,10.15,10.16,9.99,10.26,10.11,11.09,9.15,11.01,10.84,10.03,11.14,10.06,8.94,9.61,9.56,10.96,10.61,8.91
760.3,27,10.15,9.57,9.94,10.13,10.13,9.97,10.25,10.09,11.08,9.15,11,10.84,10.01,11.1,10.03,8.94,9.57,9.53,10.96,10.61,8.89
761.3,27,10.15,9.57,9.92,10.11,10.12,9.97,10.23,10.09,11.06,9.12,11.01,10.82,9.99,11.09,10.03,8.91,9.57,9.53,10.92,10.59,8.88
762.3,27,10.15,9.56,9.94,10.12,10.12,9.97,10.23,10.11,11.06,9.14,11.01,10.8,10.01,11.1,10.01,8.93,9.57,9.52,10.95,10.59,8.88
763.3,27,10.15,9.57,9.93,10.13,10.12,9.97,10.23,10.09,11.08,9.14,11,10.82,10.01,11.1,10.02,8.92,9.56,9.52,10.91,10.61,8.88
764.3,27,10.15,9.57,9.93,10.12,10.12,9.97,10.23,10.11,11.06,9.11,11,10.8,9.99,11.1,10.01,8.93,9.54,9.52,10.95,10.59,8.88
765.3,27,10.13,9.57,9.91,10.12,10.11,9.97,10.22,10.11,11.05,9.11,10.99,10.8,10.01,11.09,9.99,8.92,9.57,9.52,10.93,10.59,8.88
766.3,27,10.13,9.57,9.92,10.09,10.11,9.97,10.22,10.11,11.06,9.11,11,10.79,9.99,11.1,10.01,8.93,9.57,9.52,10.93,10.59,8.87
767.3,27,10.15,9.57,9.92,10.12,10.12,9.96,10.22,10.11,11.08,9.12,11,10.82,10.01,11.1,10.01,8.92,9.57,9.51,10.92,10.58,8.89
768.3,27,10.15,9.58,9.91,10.12,10.13,9.97,10.23,10.12,11.08,9.12,11,10.79,9.99,11.09,9.99,8.93,9.56,9.52,10.95,10.59,8.88
769.32,27,10.12,9.56,9.89,10.11,10.09,9.96,10.21,10.12,11.05,9.1,10.99,10.79,9.99,11.08,9.98,8.92,9.56,9.49,10.91,10.58,8.87
770.32,27,10.13,9.56,9.91,10.12,10.11,9.96,10.23,10.12,11.06,9.12,11,10.8,10.01,11.1,9.99,8.92,9.54,9.52,10.92,10.59,8.89
771.32,27,10.13,9.57,9.91,10.12,10.12,9.96,10.22,10.13,11.04,9.14,11,10.79,10.02,11.09,9.99,8.92,9.56,9.52,10.92,10.59,8.87
772.33,27,10.12,9.56,9.89,10.12,10.11,9.94,10.2,10.12,11.04,9.11,10.97,10.78,9.99,11.08,9.98,8.92,9.52,9.51,10.93,10.58,8.86
773.33,27,10.12,9.57,9.89,10.15,10.12,9.94,10.22,10.15,11.04,9.12,10.99,10.79,10.01,11.09,9.98,8.92,9.53,9.51,10.93,10.58,8.87
774.33,27,10.13,9.56,9.88,10.15,10.13,9.94,10.23,10.16,11.02,9.12,10.99,10.78,10.02,11.09,9.99,8.93,9.54,9.52,10.92,10.57,8.88
775.33,27,10.12,9.57,9.88,10.15,10.12,9.94,10.23,10.15,11.04,9.14,10.99,10.76,10.02,11.06,9.99,8.92,9.54,9.52,10.92,10.57,8.87
776.35,27,10.12,9.56,9.88,10.15,10.13,9.96,10.25,10.16,11.02,9.14,11,10.78,10.03,11.09,9.98,8.93,9.54,9.51,10.93,10.58,8.88
777.35,27,10.13,9.57,9.88,10.17,10.15,9.97,10.26,10.17,11.05,9.15,10.99,10.79,10.04,11.1,9.99,8.93,9.53,9.52,10.95,10.59,8.88
778.35,27,10.12,9.56,9.87,10.17,10.15,9.96,10.25,10.17,11.04,9.14,10.97,10.78,10.04,11.08,9.98,8.93,9.53,9.52,10.92,10.58,8.87
779.35,27,10.15,9.54,9.88,10.17,10.16,9.97,10.26,10.17,11.02,9.16,10.99,10.78,10.04,11.09,9.98,8.93,9.53,9.53,10.95,10.57,8.88
780.37,27,10.13,9.57,9.88,10.18,10.17,9.97,10.27,10.2,11.05,9.16,11,10.78,10.07,11.1,9.98,8.94,9.53,9.53,10.93,10.58,8.88
781.37,27,10.13,9.56,9.87,10.18,10.16,9.97,10.26,10.21,11.02,9.15,10.99,10.76,10.04,11.08,9.97,8.94,9.53,9.53,10.93,10.57,8.88
782.37,27,10.15,9.56,9.87,10.2,10.16,9.97,10.27,10.21,11.02,9.16,11,10.76,10.07,11.09,9.98,8.93,9.53,9.54,10.95,10.58,8.88
783.37,27,10.15,9.54,9.88,10.2,10.17,9.96,10.27,10.21,11.01,9.16,10.99,10.76,10.07,11.09,9.99,8.93,9.53,9.53,10.95,10.58,8.87
784.37,27,10.12,9.52,9.87,10.2,10.17,9.96,10.27,10.21,11.02,9.16,11,10.76,10.07,11.08,9.97,8.92,9.53,9.51,10.92,10.58,8.85
785.37,27,10.13,9.49,9.89,10.16,10.15,9.97,10.26,10.21,11,9.12,11,10.78,10.03,11.09,10.01,8.89,9.54,9.53,10.96,10.61,8.86
786.38,27,10.17,9.51,9.94,10.16,10.13,9.99,10.27,10.21,11.05,9.15,11,10.82,10.04,11.14,10.04,8.92,9.59,9.54,10.97,10.61,8.87
787.38,27,10.16,9.52,9.94,10.17,10.12,10.01,10.27,10.2,11.08,9.15,11.01,10.83,10.04,11.16,10.07,8.94,9.61,9.56,10.99,10.63,8.86
788.38,27,10.17,9.52,9.97,10.17,10.12,10.01,10.29,10.2,11.1,9.16,11.05,10.87,10.06,11.16,10.08,8.95,9.62,9.56,11,10.63,8.88
789.38,27,10.17,9.51,9.97,10.17,10.13,10.01,10.31,10.18,11.1,9.19,11.08,10.87,10.07,11.17,10.08,8.97,9.63,9.57,10.97,10.63,8.87
790.38,27,10.17,9.49,9.97,10.17,10.13,10.01,10.3,10.17,11.1,9.17,11.06,10.88,10.07,11.17,10.08,8.95,9.64,9.57,10.97,10.63,8.87
791.4,27,10.16,9.48,9.96,10.17,10.12,9.99,10.29,10.18,11.09,9.17,11.05,10.84,10.07,11.16,10.07,8.94,9.62,9.56,10.97,10.62,8.86
792.4,27,10.17,9.49,9.97,10.17,10.12,9.99,10.29,10.18,11.08,9.17,11.06,10.85,10.04,11.16,10.07,8.94,9.62,9.54,10.97,10.62,8.85
793.4,27,10.17,9.49,9.97,10.16,10.09,9.99,10.29,10.18,11.1,9.17,11.06,10.87,10.06,11.16,10.08,8.95,9.62,9.56,10.97,10.61,8.86
794.4,27,10.17,9.51,9.97,10.16,10.11,9.98,10.27,10.18,11.08,9.17,11.05,10.87,10.06,11.16,10.07,8.94,9.62,9.54,10.96,10.63,8.86
795.4,27,10.17,9.49,9.96,10.16,10.11,9.98,10.26,10.17,11.09,9.17,11.05,10.85,10.06,11.14,10.06,8.94,9.62,9.53,10.97,10.62,8.85
796.4,27,10.17,9.51,9.94,10.16,10.08,9.97,10.29,10.16,11.08,9.16,11.04,10.84,10.06,11.13,10.06,8.93,9.62,9.53,10.95,10.61,8.86
797.4,27,10.15,9.51,9.93,10.15,10.08,9.96,10.26,10.16,11.05,9.16,11.04,10.84,10.04,11.13,10.04,8.93,9.61,9.53,10.95,10.61,8.85
798.42,27,10.15,9.51,9.96,10.15,10.07,9.96,10.26,10.15,11.05,9.16,11.02,10.83,10.04,11.13,10.06,8.93,9.58,9.53,10.96,10.59,8.83
799.42,27,10.13,9.49,9.93,10.13,10.06,9.96,10.25,10.13,11.04,9.16,11.01,10.82,10.03,11.1,10.04,8.92,9.58,9.51,10.92,10.58,8.83
800.43,27,10.16,9.49,9.93,10.13,10.07,9.94,10.26,10.13,11.05,9.16,11.01,10.83,10.04,11.12,10.04,8.91,9.58,9.51,10.93,10.59,8.85
801.43,27,10.13,9.51,9.93,10.11,10.06,9.94,10.25,10.11,11.04,9.15,11,10.82,10.03,11.12,10.04,8.91,9.57,9.49,10.93,10.59,8.83
802.45,27,10.13,9.51,9.92,10.12,10.03,9.93,10.25,10.09,11.02,9.15,11,10.8,10.02,11.1,10.02,8.91,9.57,9.49,10.91,10.57,8.85
803.45,27,10.12,9.51,9.92,10.12,10.04,9.93,10.22,10.08,11.02,9.12,10.97,10.8,10.02,11.08,10.01,8.91,9.58,9.48,10.92,10.58,8.83
804.45,27,10.11,9.51,9.92,10.11,10.02,9.92,10.21,10.08,11.01,9.12,10.99,10.78,10.01,11.08,10.01,8.89,9.54,9.47,10.89,10.57,8.83
805.45,27,10.12,9.51,9.91,10.11,10.03,9.92,10.22,10.08,11.01,9.12,10.97,10.78,10.01,11.09,10.02,8.89,9.54,9.47,10.91,10.57,8.83
806.45,27,10.13,9.51,9.92,10.12,10.03,9.93,10.23,10.08,11.04,9.12,10.99,10.78,9.99,11.09,10.02,8.89,9.57,9.47,10.92,10.57,8.83
807.45,27,10.11,9.49,9.89,10.08,10.01,9.91,10.21,10.04,11.01,9.11,10.95,10.78,9.99,11.08,9.99,8.88,9.53,9.44,10.89,10.56,8.83
808.45,27,10.09,9.51,9.88,10.08,9.99,9.91,10.2,10.04,10.97,9.1,10.96,10.76,9.97,11.06,9.98,8.88,9.52,9.44,10.89,10.54,8.82
809.45,27,10.09,9.48,9.88,10.06,9.99,9.89,10.18,10.03,11,9.08,10.95,10.75,9.96,11.06,9.98,8.86,9.52,9.42,10.88,10.54,8.81
810.47,27,10.09,9.52,9.88,10.07,9.99,9.89,10.17,10.04,10.99,9.09,10.93,10.74,9.97,11.05,9.97,8.87,9.53,9.43,10.88,10.54,8.81
811.47,27,10.07,9.51,9.88,10.07,10.01,9.91,10.2,10.03,10.99,9.08,10.93,10.75,9.98,11.06,9.98,8.87,9.51,9.43,10.89,10.56,8.82
812.47,27,10.08,9.51,9.87,10.06,9.98,9.89,10.17,10.03,10.97,9.06,10.93,10.74,9.96,11.05,9.97,8.86,9.51,9.42,10.87,10.53,8.82
813.47,27,10.08,9.52,9.88,10.04,9.98,9.91,10.17,10.03,10.99,9.08,10.92,10.75,9.94,11.05,9.97,8.86,9.52,9.41,10.88,10.53,8.82
814.47,27,10.08,9.51,9.86,10.06,9.98,9.89,10.17,10.03,10.97,9.05,10.92,10.75,9.94,11.04,9.96,8.86,9.51,9.41,10.88,10.52,8.8
815.47,27,10.08,9.51,9.87,10.06,9.99,9.91,10.17,10.02,10.99,9.05,10.92,10.74,9.93,11.05,9.96,8.86,9.49,9.42,10.87,10.53,8.81
816.48,27,10.06,9.49,9.84,10.04,9.96,9.89,10.13,10.01,10.95,9.04,10.89,10.71,9.92,11.02,9.92,8.85,9.49,9.41,10.85,10.5,8.8
817.48,27,10.07,9.49,9.86,10.03,9.97,9.88,10.13,10.02,10.99,9.04,10.89,10.72,9.91,11.02,9.94,8.85,9.48,9.42,10.85,10.5,8.81
818.48,27,10.06,9.49,9.86,10.02,9.96,9.88,10.16,10.02,10.96,9.03,10.92,10.72,9.93,11.02,9.94,8.83,9.49,9.42,10.84,10.52,8.81
819.48,27,10.07,9.48,9.84,10.02,9.94,9.88,10.13,10.02,10.96,9.03,10.91,10.71,9.91,11.01,9.93,8.83,9.47,9.41,10.85,10.52,8.81
820.48,27,10.07,9.49,9.82,10.03,9.94,9.87,10.12,10.02,10.96,9.03,10.91,10.7,9.91,11.01,9.93,8.85,9.46,9.41,10.85,10.5,8.82
821.48,27,10.06,9.49,9.82,10.02,9.96,9.89,10.15,10.03,10.96,9.03,10.91,10.7,9.92,11.02,9.93,8.85,9.48,9.41,10.84,10.52,8.81
822.48,27,10.04,9.51,9.83,10.02,9.94,9.88,10.13,10.04,10.95,9.02,10.89,10.7,9.91,11.01,9.92,8.85,9.47,9.41,10.87,10.5,8.81
823.48,27,10.07,9.49,9.82,10.03,9.94,9.86,10.13,10.06,10.95,9.02,10.89,10.7,9.93,11.02,9.92,8.85,9.47,9.41,10.85,10.52,8.81
824.48,27,10.07,9.48,9.8,10.02,9.94,9.87,10.13,10.03,10.95,9.02,10.89,10.7,9.92,11.01,9.92,8.85,9.47,9.39,10.84,10.49,8.8
825.5,27,10.07,9.48,9.82,10.03,9.96,9.88,10.13,10.04,10.95,9.03,10.91,10.7,9.92,11.02,9.92,8.85,9.47,9.41,10.85,10.5,8.8
826.5,27,10.06,9.49,9.8,10.03,9.96,9.87,10.12,10.04,10.95,9.04,10.91,10.69,9.93,11.01,9.91,8.85,9.44,9.41,10.84,10.49,8.8
827.5,27,10.07,9.49,9.8,10.04,9.97,9.87,10.15,10.06,10.95,9.04,10.91,10.67,9.94,11,9.91,8.86,9.44,9.41,10.84,10.5,8.81
828.5,27,10.06,9.48,9.78,10.03,9.96,9.87,10.11,10.04,10.93,9.04,10.89,10.69,9.93,11,9.89,8.85,9.44,9.38,10.85,10.49,8.8
829.5,27,10.07,9.51,9.8,10.06,9.99,9.88,10.16,10.07,10.93,9.04,10.89,10.69,9.94,11,9.91,8.86,9.46,9.39,10.85,10.5,8.8
830.5,27,10.06,9.48,9.79,10.06,9.98,9.87,10.13,10.08,10.93,9.04,10.89,10.69,9.96,11,9.89,8.86,9.44,9.41,10.84,10.52,8.8
831.5,27,10.04,9.48,9.77,10.06,9.97,9.87,10.15,10.09,10.92,9.04,10.88,10.67,9.93,11,9.88,8.83,9.42,9.39,10.85,10.49,8.8
832.5,27,10.06,9.49,9.78,10.08,10.01,9.88,10.15,10.08,10.93,9.05,10.91,10.67,9.96,11.01,9.91,8.85,9.46,9.42,10.84,10.5,8.81
833.5,27,10.06,9.47,9.78,10.08,9.99,9.87,10.16,10.11,10.92,9.05,10.91,10.69,9.97,11,9.89,8.86,9.44,9.41,10.85,10.5,8.8
834.5,27,10.09,9.51,9.8,10.12,10.02,9.89,10.2,10.12,10.95,9.09,10.92,10.69,9.98,11.04,9.92,8.87,9.46,9.44,10.89,10.53,8.81
835.5,27,10.07,9.47,9.79,10.09,10.02,9.87,10.18,10.12,10.92,9.08,10.89,10.69,9.98,11,9.91,8.86,9.44,9.44,10.87,10.52,8.81
836.52,27,10.08,9.48,9.79,10.09,10.02,9.88,10.18,10.13,10.93,9.09,10.92,10.69,9.98,11.01,9.91,8.86,9.44,9.43,10.87,10.52,8.8
837.52,27,10.07,9.48,9.77,10.11,10.03,9.89,10.18,10.12,10.92,9.09,10.92,10.67,9.98,11,9.91,8.86,9.43,9.42,10.87,10.5,8.81
838.52,27,10.07,9.49,9.78,10.11,10.04,9.89,10.18,10.13,10.92,9.09,10.93,10.67,9.99,11.02,9.91,8.86,9.44,9.43,10.87,10.52,8.81
839.52,27,10.07,9.48,9.78,10.12,10.03,9.91,10.2,10.13,10.89,9.09,10.92,10.65,9.99,11.01,9.91,8.86,9.43,9.44,10.87,10.52,8.8
840.52,27,10.07,9.47,9.77,10.12,10.03,9.89,10.21,10.15,10.92,9.09,10.91,10.66,9.98,11.01,9.91,8.85,9.43,9.43,10.85,10.52,8.8
841.53,27,10.06,9.46,9.77,10.13,10.04,9.89,10.2,10.15,10.91,9.09,10.92,10.66,9.99,11.01,9.89,8.86,9.43,9.41,10.87,10.5,8.79
842.53,27,10.07,9.44,9.8,10.12,10.04,9.91,10.21,10.16,10.91,9.1,10.93,10.66,9.98,11.01,9.94,8.86,9.44,9.43,10.89,10.54,8.8
843.53,27,10.09,9.43,9.83,10.07,10.01,9.89,10.16,10.13,10.91,9.08,10.91,10.69,9.96,11.01,9.96,8.79,9.46,9.44,10.89,10.53,8.8
844.53,27,10.11,9.43,9.86,10.08,9.99,9.91,10.2,10.13,10.97,9.06,10.91,10.74,9.97,11.06,9.97,8.8,9.51,9.47,10.92,10.56,8.81
845.53,27,10.11,9.43,9.88,10.07,9.98,9.92,10.17,10.12,10.97,9.08,10.93,10.76,9.97,11.08,9.99,8.82,9.52,9.46,10.91,10.57,8.8
846.53,27,10.09,9.44,9.89,10.08,9.98,9.93,10.18,10.12,10.96,9.09,10.95,10.78,9.98,11.08,9.98,8.85,9.53,9.47,10.92,10.56,8.8
847.53,27,10.11,9.44,9.89,10.08,9.97,9.92,10.2,10.12,10.99,9.09,10.96,10.78,9.99,11.09,9.99,8.86,9.53,9.46,10.91,10.57,8.79
848.53,27,10.12,9.44,9.92,10.09,10.01,9.96,10.23,10.13,11.02,9.11,10.99,10.79,9.99,11.1,10.01,8.88,9.57,9.48,10.93,10.57,8.81
849.53,27,10.11,9.42,9.89,10.08,9.99,9.93,10.2,10.12,11,9.09,10.97,10.78,9.99,11.09,9.99,8.86,9.53,9.46,10.91,10.57,8.79
850.53,27,10.11,9.43,9.88,10.08,9.98,9.92,10.18,10.11,11,9.09,10.99,10.76,9.98,11.09,9.99,8.86,9.54,9.46,10.88,10.57,8.79
851.55,27,10.09,9.42,9.89,10.08,9.97,9.91,10.2,10.11,10.99,9.09,10.99,10.76,9.98,11.09,9.99,8.85,9.53,9.43,10.89,10.57,8.79
852.55,27,10.09,9.43,9.88,10.07,9.97,9.91,10.18,10.09,10.99,9.1,10.96,10.76,9.97,11.06,9.99,8.85,9.54,9.46,10.88,10.54,8.77
853.55,27,10.09,9.44,9.88,10.08,9.97,9.89,10.18,10.09,11,9.11,10.99,10.76,9.99,11.08,10.01,8.85,9.53,9.46,10.89,10.57,8.79
854.55,27,10.11,9.43,9.87,10.07,9.97,9.89,10.18,10.09,10.99,9.1,10.96,10.75,9.97,11.08,9.98,8.85,9.53,9.44,10.88,10.56,8.8
855.55,27,10.09,9.44,9.87,10.07,9.96,9.89,10.17,10.08,10.97,9.08,10.95,10.75,9.97,11.08,9.99,8.85,9.51,9.44,10.88,10.54,8.79
856.55,27,10.08,9.44,9.87,10.07,9.96,9.89,10.18,10.07,10.96,9.08,10.95,10.75,9.97,11.05,9.98,8.85,9.52,9.42,10.88,10.54,8.79
857.57,27,10.08,9.44,9.86,10.06,9.93,9.87,10.17,10.07,10.96,9.09,10.93,10.71,9.96,11.04,9.97,8.82,9.49,9.42,10.84,10.53,8.77
858.57,27,10.08,9.43,9.87,10.04,9.93,9.88,10.16,10.04,10.96,9.08,10.93,10.72,9.96,11.05,9.96,8.82,9.49,9.42,10.87,10.53,8.77
859.57,27,10.08,9.44,9.86,10.04,9.93,9.86,10.18,10.06,10.95,9.06,10.92,10.74,9.94,11.04,9.97,8.82,9.49,9.41,10.87,10.52,8.79
860.57,27,10.06,9.41,9.83,10.03,9.92,9.86,10.15,10.03,10.93,9.04,10.91,10.71,9.93,11.02,9.94,8.82,9.48,9.39,10.85,10.5,8.75
861.57,27,10.06,9.42,9.84,10.03,9.91,9.84,10.16,10.02,10.91,9.04,10.89,10.7,9.93,11.02,9.94,8.81,9.48,9.37,10.84,10.5,8.76
862.57,27,10.08,9.43,9.86,10.04,9.93,9.87,10.13,10.03,10.93,9.06,10.91,10.71,9.94,11.04,9.96,8.81,9.48,9.38,10.85,10.52,8.77
863.57,27,10.04,9.42,9.83,10.03,9.92,9.86,10.12,10.02,10.92,9.04,10.89,10.69,9.93,11,9.94,8.81,9.48,9.37,10.84,10.49,8.76
864.57,27,10.06,9.44,9.82,10.02,9.91,9.84,10.13,10.01,10.92,9.03,10.89,10.7,9.92,11.01,9.93,8.8,9.47,9.36,10.83,10.49,8.76
865.57,27,10.03,9.42,9.82,10.01,9.89,9.83,10.11,9.99,10.89,9.02,10.88,10.69,9.91,11,9.91,8.8,9.46,9.36,10.82,10.47,8.75
866.57,27,10.04,9.42,9.82,9.99,9.91,9.84,10.11,9.99,10.89,9.02,10.88,10.67,9.91,11,9.92,8.79,9.46,9.35,10.8,10.49,8.76
867.58,27,10.03,9.44,9.82,9.99,9.91,9.83,10.11,9.98,10.91,9.02,10.87,10.69,9.91,10.99,9.91,8.8,9.44,9.33,10.82,10.48,8.75
868.58,27,10.03,9.44,9.82,9.99,9.91,9.84,10.11,9.98,10.89,9,10.87,10.67,9.89,10.99,9.91,8.77,9.43,9.33,10.82,10.48,8.75
869.58,27,10.02,9.44,9.8,9.99,9.89,9.82,10.09,9.98,10.91,8.99,10.87,10.66,9.88,10.99,9.88,8.77,9.43,9.35,10.82,10.47,8.76
870.58,27,10.03,9.43,9.8,9.98,9.92,9.83,10.11,9.99,10.91,8.99,10.87,10.67,9.88,10.99,9.89,8.79,9.42,9.33,10.82,10.47,8.76
871.58,27,9.99,9.43,9.77,9.96,9.89,9.82,10.08,9.96,10.89,8.98,10.84,10.66,9.87,10.97,9.88,8.77,9.42,9.31,10.8,10.45,8.75
872.58,27,10.02,9.42,9.78,9.96,9.89,9.8,10.08,9.97,10.89,8.97,10.85,10.65,9.86,10.97,9.88,8.77,9.42,9.32,10.8,10.45,8.75
873.6,27,10.02,9.44,9.78,9.97,9.91,9.83,10.07,9.97,10.89,8.97,10.84,10.65,9.86,10.97,9.89,8.77,9.42,9.31,10.79,10.44,8.74
874.6,27,10.01,9.43,9.77,9.94,9.89,9.79,10.06,9.94,10.88,8.97,10.84,10.63,9.84,10.96,9.86,8.76,9.39,9.31,10.79,10.45,8.74
875.6,27,9.99,9.43,9.75,9.96,9.89,9.8,10.07,9.96,10.89,8.97,10.84,10.63,9.83,10.96,9.86,8.76,9.41,9.31,10.79,10.45,8.75
876.6,27,9.99,9.44,9.75,9.94,9.89,9.8,10.07,9.96,10.88,8.95,10.83,10.62,9.86,10.95,9.84,8.75,9.41,9.31,10.78,10.44,8.74
877.6,27,9.99,9.43,9.75,9.96,9.91,9.8,10.06,9.98,10.88,8.94,10.84,10.65,9.84,10.96,9.86,8.76,9.39,9.32,10.8,10.47,8.74
878.6,27,9.99,9.43,9.74,9.94,9.89,9.8,10.06,9.97,10.87,8.94,10.83,10.63,9.84,10.96,9.86,8.75,9.39,9.3,10.79,10.44,8.74
879.62,27,9.99,9.42,9.74,9.94,9.89,9.8,10.06,9.97,10.87,8.95,10.83,10.63,9.84,10.96,9.86,8.76,9.39,9.31,10.78,10.44,8.75
880.62,27,9.99,9.43,9.74,9.96,9.92,9.79,10.06,9.97,10.87,8.94,10.83,10.61,9.84,10.95,9.86,8.76,9.38,9.32,10.79,10.44,8.74
881.62,27,10.01,9.43,9.74,9.94,9.92,9.8,10.04,9.99,10.87,8.94,10.83,10.62,9.84,10.95,9.84,8.76,9.38,9.31,10.78,10.44,8.74
882.63,27,9.98,9.43,9.74,9.94,9.91,9.79,10.06,9.98,10.87,8.95,10.8,10.62,9.86,10.95,9.83,8.77,9.38,9.31,10.78,10.44,8.74
883.63,27,9.99,9.43,9.73,9.96,9.91,9.79,10.04,9.99,10.84,8.95,10.84,10.61,9.86,10.95,9.83,8.76,9.37,9.31,10.79,10.45,8.74
884.63,27,10.02,9.43,9.73,9.96,9.91,9.79,10.06,10.01,10.87,8.97,10.84,10.62,9.87,10.95,9.84,8.79,9.39,9.32,10.79,10.45,8.74
885.63,27,9.99,9.42,9.72,9.96,9.92,9.8,10.04,10.01,10.84,8.97,10.83,10.61,9.87,10.95,9.83,8.76,9.39,9.31,10.78,10.44,8.74
886.63,27,10.01,9.44,9.73,9.96,9.91,9.8,10.04,9.99,10.84,8.95,10.83,10.61,9.86,10.93,9.82,8.76,9.37,9.31,10.8,10.44,8.71
887.65,27,9.98,9.42,9.72,9.97,9.93,9.8,10.04,10.01,10.84,8.97,10.82,10.59,9.88,10.95,9.83,8.76,9.37,9.31,10.78,10.43,8.73
888.65,27,9.99,9.42,9.72,9.98,9.93,9.8,10.07,10.03,10.84,8.98,10.83,10.59,9.88,10.93,9.83,8.76,9.38,9.32,10.79,10.44,8.74
889.65,27,9.98,9.41,9.72,9.97,9.92,9.79,10.07,10.02,10.83,8.95,10.82,10.58,9.88,10.95,9.79,8.75,9.37,9.31,10.76,10.43,8.73
890.65,27,9.99,9.42,9.7,9.98,9.93,9.8,10.07,10.02,10.84,8.98,10.83,10.59,9.88,10.95,9.83,8.76,9.37,9.32,10.78,10.43,8.73
891.65,27,9.99,9.42,9.69,10.01,9.94,9.8,10.09,10.03,10.84,8.98,10.83,10.61,9.89,10.93,9.82,8.77,9.38,9.33,10.79,10.43,8.73
892.65,27,9.99,9.42,9.69,9.99,9.94,9.8,10.08,10.03,10.84,8.99,10.83,10.58,9.89,10.95,9.82,8.76,9.36,9.32,10.8,10.44,8.73
893.67,27,10.01,9.42,9.68,10.01,9.94,9.8,10.08,10.04,10.84,8.99,10.83,10.58,9.89,10.93,9.82,8.76,9.36,9.32,10.76,10.43,8.71
894.67,27,9.99,9.39,9.69,10.01,9.96,9.79,10.09,10.06,10.83,8.98,10.83,10.58,9.89,10.95,9.8,8.76,9.35,9.32,10.79,10.44,8.71
895.67,27,9.97,9.37,9.67,9.99,9.96,9.8,10.07,10.06,10.83,8.99,10.83,10.57,9.89,10.92,9.8,8.75,9.35,9.3,10.76,10.4,8.7
896.68,27,9.99,9.36,9.73,9.98,9.96,9.8,10.08,10.06,10.84,8.97,10.84,10.61,9.87,10.96,9.87,8.75,9.38,9.33,10.83,10.47,8.73
897.68,27,10.02,9.37,9.77,9.96,9.92,9.8,10.08,10.03,10.87,8.97,10.82,10.65,9.86,10.97,9.89,8.73,9.41,9.35,10.82,10.48,8.73
898.68,27,10.03,9.36,9.78,9.98,9.91,9.83,10.11,10.03,10.88,8.99,10.84,10.67,9.89,11,9.91,8.76,9.46,9.36,10.84,10.49,8.74
899.7,27,10.06,9.39,9.82,9.99,9.92,9.86,10.12,10.03,10.92,9.02,10.88,10.7,9.91,11.04,9.93,8.79,9.46,9.37,10.84,10.5,8.74
900.7,27,10.04,9.36,9.8,10.01,9.91,9.84,10.12,9.99,10.91,9.03,10.88,10.69,9.89,11.01,9.92,8.79,9.46,9.36,10.83,10.49,8.73
901.7,27,10.03,9.36,9.82,10.01,9.92,9.84,10.13,10.02,10.92,9.02,10.91,10.67,9.91,11.04,9.92,8.8,9.46,9.35,10.83,10.49,8.73
902.7,27,10.03,9.37,9.8,9.99,9.91,9.83,10.12,9.99,10.91,9,10.89,10.69,9.89,11.02,9.91,8.8,9.46,9.36,10.82,10.48,8.73
903.7,27,10.04,9.38,9.82,10.01,9.92,9.83,10.13,10.02,10.91,9.03,10.89,10.7,9.92,11.02,9.92,8.79,9.47,9.36,10.83,10.49,8.74
904.7,27,10.03,9.37,9.8,9.99,9.92,9.83,10.12,10.02,10.92,9.02,10.89,10.7,9.91,11.02,9.93,8.79,9.47,9.35,10.84,10.48,8.73
905.7,27,10.03,9.37,9.8,9.99,9.89,9.83,10.09,10.02,10.89,9,10.89,10.67,9.91,11,9.92,8.77,9.44,9.33,10.83,10.48,8.71
906.7,27,10.03,9.37,9.79,9.98,9.91,9.83,10.11,10.01,10.89,9,10.89,10.66,9.91,11,9.92,8.77,9.46,9.35,10.83,10.48,8.73
907.7,27,10.03,9.37,9.79,9.99,9.89,9.8,10.11,9.99,10.89,9.02,10.88,10.67,9.89,11.01,9.92,8.77,9.44,9.32,10.83,10.48,8.71
908.7,27,10.03,9.36,9.78,9.97,9.88,9.8,10.11,10.01,10.87,9,10.87,10.65,9.89,11,9.91,8.76,9.43,9.32,10.83,10.48,8.71
909.72,27,10.01,9.37,9.77,9.97,9.88,9.79,10.08,9.98,10.85,8.99,10.84,10.66,9.88,10.97,9.89,8.75,9.42,9.31,10.8,10.47,8.71
910.72,27,10.02,9.37,9.78,9.97,9.88,9.78,10.07,9.98,10.87,9,10.85,10.62,9.89,10.97,9.89,8.75,9.42,9.31,10.79,10.45,8.71
911.72,27,10.01,9.37,9.77,9.96,9.86,9.78,10.08,9.97,10.85,8.98,10.84,10.62,9.88,10.97,9.89,8.75,9.42,9.3,10.8,10.45,8.7
912.72,27,10.01,9.37,9.77,9.96,9.86,9.78,10.07,9.96,10.85,8.98,10.83,10.65,9.87,10.97,9.88,8.75,9.42,9.31,10.8,10.44,8.7
913.73,27,9.98,9.37,9.77,9.96,9.86,9.78,10.07,9.94,10.83,8.97,10.83,10.63,9.87,10.95,9.87,8.74,9.41,9.3,10.79,10.44,8.71
914.73,27,10.01,9.37,9.77,9.96,9.86,9.78,10.07,9.93,10.84,8.98,10.83,10.63,9.87,10.96,9.88,8.74,9.41,9.3,10.79,10.45,8.71
915.73,27,9.99,9.37,9.75,9.94,9.84,9.78,10.07,9.94,10.83,8.98,10.83,10.61,9.87,10.96,9.88,8.75,9.39,9.28,10.78,10.43,8.71
916.73,27,9.99,9.38,9.75,9.94,9.83,9.77,10.04,9.92,10.84,8.97,10.82,10.62,9.86,10.95,9.86,8.75,9.38,9.27,10.78,10.41,8.7
917.73,27,9.99,9.37,9.75,9.93,9.83,9.77,10.06,9.92,10.84,8.95,10.8,10.61,9.84,10.95,9.87,8.73,9.39,9.28,10.75,10.41,8.7
918.73,27,9.97,9.38,9.74,9.91,9.82,9.75,10.04,9.92,10.83,8.94,10.8,10.59,9.83,10.93,9.84,8.71,9.37,9.26,10.75,10.43,8.7
919.75,27,9.97,9.37,9.72,9.91,9.82,9.75,10.02,9.89,10.82,8.93,10.79,10.59,9.83,10.92,9.83,8.71,9.37,9.23,10.74,10.39,8.69
920.75,27,9.96,9.37,9.72,9.91,9.8,9.74,10.03,9.89,10.82,8.92,10.79,10.58,9.82,10.92,9.83,8.7,9.38,9.25,10.74,10.4,8.69
921.75,27,9.96,9.37,9.73,9.89,9.8,9.75,10.02,9.88,10.8,8.92,10.79,10.58,9.8,10.92,9.83,8.7,9.36,9.25,10.75,10.41,8.68
922.75,27,9.97,9.36,9.73,9.91,9.8,9.74,10.02,9.88,10.82,8.92,10.79,10.58,9.82,10.92,9.83,8.7,9.36,9.25,10.72,10.41,8.7
923.75,27,9.96,9.37,9.7,9.88,9.8,9.74,10.02,9.87,10.82,8.89,10.79,10.58,9.8,10.91,9.8,8.7,9.35,9.22,10.74,10.39,8.68
924.75,27,9.93,9.37,9.69,9.89,9.79,9.74,10.01,9.88,10.8,8.88,10.76,10.56,9.79,10.91,9.8,8.69,9.35,9.23,10.72,10.4,8.68
925.77,27,9.94,9.37,9.69,9.87,9.79,9.73,9.98,9.87,10.8,8.88,10.76,10.57,9.77,10.89,9.79,8.69,9.33,9.22,10.72,10.36,8.67
926.77,27,9.94,9.37,9.69,9.87,9.78,9.74,9.98,9.87,10.8,8.89,10.78,10.57,9.78,10.89,9.8,8.69,9.35,9.23,10.72,10.4,8.68
927.77,27,9.96,9.37,9.68,9.87,9.79,9.73,9.99,9.86,10.79,8.88,10.75,10.54,9.77,10.89,9.78,8.69,9.32,9.23,10.71,10.39,8.67
928.77,27,9.93,9.36,9.68,9.86,9.78,9.72,9.97,9.87,10.8,8.86,10.75,10.54,9.75,10.88,9.79,8.68,9.33,9.22,10.72,10.39,8.68
929.78,27,9.93,9.36,9.68,9.86,9.78,9.72,9.97,9.87,10.76,8.87,10.75,10.54,9.77,10.88,9.78,8.69,9.33,9.22,10.72,10.36,8.67
930.78,27,9.93,9.36,9.65,9.86,9.77,9.72,9.94,9.86,10.78,8.86,10.74,10.52,9.74,10.88,9.77,8.69,9.32,9.2,10.7,10.38,8.67
931.78,27,9.93,9.36,9.68,9.86,9.79,9.72,9.97,9.88,10.78,8.86,10.76,10.53,9.77,10.88,9.78,8.69,9.33,9.22,10.71,10.39,8.68
932.78,27,9.94,9.38,9.65,9.88,9.78,9.7,9.98,9.88,10.78,8.87,10.75,10.53,9.78,10.87,9.78,8.69,9.31,9.22,10.71,10.39,8.68
933.8,27,9.93,9.36,9.64,9.87,9.79,9.72,9.97,9.88,10.78,8.87,10.74,10.54,9.78,10.88,9.77,8.68,9.32,9.22,10.71,10.39,8.68
934.8,27,9.94,9.38,9.64,9.87,9.79,9.72,9.97,9.91,10.78,8.88,10.75,10.54,9.78,10.87,9.75,8.7,9.32,9.23,10.71,10.39,8.67
935.82,27,9.93,9.37,9.63,9.87,9.79,9.72,9.96,9.89,10.78,8.87,10.74,10.53,9.78,10.87,9.75,8.69,9.31,9.21,10.71,10.36,8.65
936.82,27,9.92,9.36,9.64,9.88,9.79,9.72,9.97,9.91,10.76,8.87,10.74,10.52,9.78,10.88,9.77,8.7,9.32,9.22,10.71,10.38,8.67
937.82,27,9.93,9.37,9.64,9.88,9.79,9.72,9.97,9.92,10.76,8.87,10.75,10.52,9.78,10.85,9.77,8.69,9.31,9.22,10.71,10.39,8.67
938.82,27,9.91,9.36,9.64,9.88,9.8,9.7,9.97,9.92,10.76,8.86,10.74,10.5,9.79,10.85,9.74,8.69,9.3,9.23,10.71,10.38,8.67
939.82,27,9.93,9.36,9.63,9.88,9.8,9.72,9.98,9.93,10.74,8.88,10.74,10.5,9.8,10.87,9.74,8.68,9.28,9.23,10.71,10.36,8.65
940.82,27,9.93,9.36,9.63,9.91,9.82,9.72,9.98,9.92,10.75,8.88,10.72,10.52,9.8,10.87,9.75,8.7,9.31,9.23,10.72,10.36,8.67
941.83,27,9.92,9.35,9.62,9.91,9.8,9.72,9.98,9.96,10.75,8.91,10.75,10.5,9.82,10.85,9.74,8.69,9.31,9.22,10.72,10.38,8.67
942.83,27,9.92,9.35,9.62,9.91,9.83,9.7,9.97,9.96,10.74,8.89,10.72,10.49,9.82,10.87,9.74,8.69,9.3,9.23,10.71,10.38,8.67
943.85,27,9.93,9.36,9.62,9.93,9.83,9.72,10.01,9.94,10.76,8.91,10.75,10.49,9.83,10.85,9.75,8.7,9.3,9.25,10.72,10.38,8.65
944.85,27,9.93,9.31,9.61,9.92,9.83,9.72,10.01,9.94,10.74,8.91,10.75,10.49,9.8,10.85,9.74,8.68,9.28,9.23,10.71,10.36,8.65
945.85,27,9.89,9.31,9.59,9.93,9.83,9.73,10.01,9.96,10.74,8.91,10.72,10.49,9.82,10.85,9.72,8.67,9.27,9.2,10.71,10.34,8.64
946.85,27,9.94,9.3,9.65,9.88,9.83,9.72,10.01,9.96,10.75,8.89,10.74,10.49,9.82,10.88,9.77,8.68,9.3,9.25,10.75,10.38,8.65
947.87,27,9.96,9.32,9.69,9.89,9.8,9.72,9.99,9.94,10.76,8.88,10.76,10.56,9.79,10.93,9.82,8.67,9.35,9.26,10.76,10.4,8.67
948.87,27,9.97,9.32,9.7,9.89,9.79,9.74,10.01,9.94,10.79,8.89,10.78,10.58,9.82,10.95,9.82,8.68,9.37,9.27,10.78,10.41,8.68
949.87,27,9.98,9.31,9.72,9.92,9.79,9.77,10.02,9.94,10.82,8.93,10.79,10.59,9.83,10.96,9.86,8.73,9.39,9.3,10.79,10.44,8.67
950.88,27,9.98,9.31,9.73,9.91,9.78,9.77,10.04,9.93,10.8,8.93,10.83,10.61,9.82,10.96,9.84,8.71,9.38,9.27,10.76,10.44,8.67
951.88,27,9.98,9.3,9.73,9.92,9.8,9.78,10.04,9.92,10.83,8.94,10.83,10.62,9.83,10.96,9.84,8.71,9.38,9.28,10.78,10.44,8.67
952.88,27,9.99,9.32,9.73,9.93,9.8,9.75,10.04,9.93,10.83,8.94,10.82,10.62,9.84,10.96,9.86,8.71,9.38,9.27,10.76,10.43,8.65
953.9,27,9.97,9.3,9.74,9.93,9.8,9.75,10.03,9.93,10.83,8.94,10.83,10.61,9.84,10.96,9.84,8.73,9.38,9.27,10.78,10.43,8.65
954.9,27,9.98,9.3,9.73,9.92,9.79,9.74,10.03,9.93,10.82,8.94,10.82,10.59,9.83,10.95,9.86,8.71,9.38,9.26,10.76,10.43,8.67
955.9,27,9.97,9.28,9.73,9.92,9.8,9.74,10.02,9.93,10.8,8.94,10.82,10.58,9.83,10.93,9.83,8.7,9.37,9.26,10.75,10.4,8.65
956.9,27,9.94,9.3,9.7,9.91,9.78,9.73,10.03,9.93,10.79,8.92,10.79,10.58,9.83,10.92,9.83,8.7,9.37,9.23,10.74,10.41,8.65
957.9,27,9.98,9.3,9.72,9.91,9.79,9.74,10.02,9.93,10.8,8.94,10.82,10.57,9.83,10.92,9.84,8.69,9.37,9.25,10.75,10.41,8.65
958.9,27,9.97,9.31,9.7,9.89,9.77,9.73,10.02,9.91,10.79,8.92,10.79,10.58,9.83,10.93,9.83,8.69,9.37,9.23,10.74,10.4,8.67
959.9,27,9.97,9.31,9.72,9.91,9.78,9.72,10.02,9.93,10.8,8.93,10.79,10.58,9.83,10.93,9.83,8.69,9.37,9.25,10.74,10.41,8.67
960.9,27,9.96,9.32,9.7,9.89,9.78,9.72,10.02,9.93,10.8,8.92,10.8,10.59,9.83,10.92,9.83,8.7,9.37,9.23,10.75,10.41,8.64
961.9,27,9.93,9.3,9.68,9.89,9.75,9.72,10.01,9.88,10.75,8.92,10.76,10.56,9.82,10.91,9.82,8.67,9.35,9.22,10.72,10.39,8.63
962.9,27,9.94,9.31,9.68,9.88,9.73,9.7,9.98,9.89,10.78,8.91,10.76,10.57,9.8,10.88,9.79,8.67,9.35,9.21,10.72,10.39,8.64
963.92,27,9.94,9.32,9.68,9.87,9.74,9.69,9.98,9.87,10.76,8.91,10.75,10.54,9.79,10.88,9.79,8.65,9.35,9.21,10.71,10.38,8.64
964.92,27,9.93,9.31,9.67,9.87,9.72,9.7,9.98,9.87,10.78,8.91,10.75,10.54,9.8,10.89,9.79,8.65,9.33,9.2,10.71,10.38,8.64
965.92,27,9.93,9.32,9.68,9.87,9.72,9.69,9.98,9.87,10.76,8.89,10.74,10.53,9.78,10.88,9.78,8.64,9.33,9.21,10.7,10.38,8.63
966.93,27,9.93,9.31,9.68,9.86,9.73,9.7,9.97,9.86,10.75,8.89,10.74,10.54,9.78,10.88,9.8,8.67,9.32,9.19,10.69,10.36,8.64
967.93,27,9.92,9.3,9.67,9.86,9.72,9.68,9.97,9.84,10.75,8.88,10.74,10.52,9.78,10.87,9.79,8.64,9.32,9.17,10.69,10.36,8.63
968.93,27,9.91,9.31,9.67,9.84,9.73,9.69,9.96,9.83,10.74,8.87,10.72,10.5,9.77,10.87,9.78,8.64,9.31,9.17,10.69,10.35,8.63
969.95,27,9.91,9.31,9.63,9.83,9.7,9.67,9.93,9.8,10.72,8.87,10.71,10.49,9.75,10.84,9.77,8.63,9.3,9.16,10.67,10.35,8.62
970.95,27,9.91,9.3,9.64,9.82,9.7,9.67,9.93,9.82,10.72,8.85,10.7,10.5,9.75,10.84,9.75,8.63,9.3,9.16,10.67,10.34,8.61
971.95,27,9.88,9.3,9.63,9.82,9.7,9.67,9.92,9.82,10.72,8.85,10.7,10.49,9.74,10.85,9.75,8.63,9.28,9.15,10.67,10.34,8.61
972.95,27,9.91,9.32,9.64,9.83,9.72,9.68,9.94,9.82,10.71,8.85,10.71,10.5,9.74,10.84,9.75,8.64,9.3,9.15,10.67,10.32,8.62
973.95,27,9.89,9.31,9.64,9.82,9.69,9.67,9.92,9.8,10.72,8.83,10.7,10.49,9.74,10.84,9.75,8.62,9.28,9.15,10.69,10.34,8.62
974.97,27,9.88,9.31,9.63,9.79,9.68,9.67,9.89,9.78,10.71,8.82,10.67,10.48,9.7,10.84,9.72,8.61,9.27,9.12,10.66,10.34,8.62
975.97,27,9.88,9.31,9.62,9.79,9.69,9.67,9.89,9.8,10.72,8.82,10.69,10.48,9.72,10.83,9.73,8.61,9.27,9.12,10.66,10.32,8.61
976.97,27,9.88,9.3,9.62,9.78,9.67,9.63,9.89,9.79,10.69,8.81,10.67,10.48,9.7,10.82,9.7,8.61,9.26,9.14,10.66,10.32,8.61
977.97,27,9.88,9.3,9.59,9.78,9.68,9.64,9.88,9.79,10.7,8.81,10.69,10.48,9.7,10.83,9.72,8.59,9.27,9.14,10.66,10.31,8.62
978.97,27,9.87,9.3,9.59,9.77,9.65,9.64,9.88,9.78,10.69,8.79,10.66,10.45,9.68,10.79,9.7,8.61,9.23,9.12,10.63,10.31,8.58
979.98,27,9.88,9.3,9.61,9.79,9.67,9.64,9.88,9.79,10.69,8.8,10.69,10.47,9.7,10.8,9.7,8.62,9.23,9.14,10.66,10.31,8.61
980.98,27,9.87,9.3,9.58,9.78,9.67,9.64,9.88,9.79,10.7,8.8,10.67,10.45,9.7,10.82,9.7,8.62,9.25,9.14,10.65,10.31,8.61
981.98,27,9.86,9.3,9.57,9.77,9.65,9.63,9.88,9.78,10.7,8.8,10.66,10.44,9.69,10.8,9.69,8.59,9.22,9.12,10.65,10.3,8.61
982.98,27,9.87,9.32,9.58,9.77,9.68,9.64,9.89,9.82,10.7,8.8,10.67,10.47,9.7,10.82,9.69,8.62,9.26,9.15,10.66,10.31,8.62
984,27,9.86,9.28,9.57,9.77,9.67,9.62,9.87,9.82,10.67,8.77,10.66,10.44,9.69,10.8,9.68,8.61,9.25,9.12,10.63,10.31,8.59
985,27,9.86,9.31,9.57,9.77,9.67,9.63,9.88,9.8,10.69,8.79,10.66,10.44,9.68,10.79,9.69,8.61,9.22,9.14,10.63,10.3,8.59
986,27,9.84,9.28,9.54,9.77,9.67,9.62,9.86,9.82,10.67,8.77,10.66,10.41,9.69,10.78,9.68,8.59,9.22,9.14,10.63,10.3,8.59
987,27,9.86,9.3,9.56,9.75,9.67,9.62,9.87,9.82,10.66,8.76,10.65,10.44,9.7,10.79,9.67,8.61,9.22,9.14,10.63,10.29,8.58
988,27,9.86,9.31,9.56,9.78,9.67,9.63,9.88,9.83,10.67,8.77,10.66,10.43,9.7,10.79,9.67,8.62,9.23,9.15,10.63,10.29,8.59
989,27,9.86,9.31,9.56,9.78,9.69,9.63,9.87,9.84,10.67,8.79,10.66,10.44,9.72,10.8,9.67,8.61,9.22,9.16,10.65,10.3,8.61
990.02,27,9.84,9.28,9.54,9.78,9.69,9.61,9.86,9.83,10.65,8.79,10.65,10.4,9.72,10.79,9.65,8.61,9.22,9.14,10.62,10.3,8.58
991.02,27,9.86,9.3,9.56,9.79,9.7,9.62,9.88,9.84,10.65,8.8,10.66,10.43,9.73,10.79,9.65,8.61,9.22,9.15,10.65,10.31,8.58
992.02,27,9.84,9.27,9.54,9.79,9.7,9.63,9.88,9.84,10.66,8.79,10.66,10.41,9.73,10.79,9.65,8.61,9.21,9.14,10.65,10.29,8.57
993.02,27,9.87,9.3,9.56,9.83,9.72,9.65,9.91,9.87,10.66,8.81,10.69,10.43,9.74,10.8,9.67,8.62,9.23,9.16,10.66,10.31,8.61
994.02,27,9.86,9.3,9.53,9.82,9.72,9.64,9.89,9.87,10.65,8.81,10.67,10.4,9.74,10.78,9.67,8.61,9.22,9.15,10.63,10.3,8.59
995.03,27,9.84,9.27,9.53,9.8,9.72,9.63,9.91,9.86,10.63,8.81,10.67,10.39,9.74,10.79,9.64,8.61,9.21,9.16,10.65,10.29,8.58
996.03,27,9.86,9.26,9.53,9.83,9.72,9.63,9.92,9.88,10.65,8.81,10.67,10.39,9.74,10.79,9.67,8.59,9.2,9.16,10.65,10.29,8.58
997.03,27,9.88,9.31,9.54,9.84,9.73,9.65,9.93,9.89,10.66,8.85,10.7,10.43,9.77,10.8,9.69,8.63,9.22,9.19,10.66,10.31,8.61
998.03,27,9.87,9.3,9.52,9.86,9.74,9.64,9.93,9.91,10.65,8.83,10.67,10.4,9.77,10.79,9.67,8.62,9.22,9.19,10.65,10.31,8.59
999.03,27,9.87,9.28,9.51,9.84,9.73,9.64,9.92,9.88,10.63,8.85,10.69,10.4,9.77,10.79,9.67,8.61,9.21,9.17,10.67,10.3,8.59
1000.05,27,9.88,9.3,9.53,9.87,9.74,9.64,9.94,9.91,10.63,8.86,10.67,10.4,9.77,10.79,9.68,8.62,9.22,9.19,10.66,10.31,8.59
1001.05,27,9.86,9.23,9.51,9.86,9.74,9.64,9.92,9.91,10.63,8.85,10.67,10.39,9.77,10.78,9.64,8.61,9.2,9.14,10.63,10.29,8.57
1002.05,27,9.87,9.25,9.54,9.83,9.73,9.63,9.92,9.89,10.62,8.81,10.69,10.4,9.73,10.79,9.69,8.59,9.2,9.19,10.69,10.32,8.58
1003.05,27,9.91,9.25,9.59,9.8,9.73,9.65,9.92,9.91,10.67,8.82,10.67,10.47,9.73,10.83,9.73,8.57,9.26,9.22,10.71,10.36,8.59
1004.07,27,9.91,9.23,9.62,9.8,9.7,9.67,9.92,9.88,10.69,8.83,10.67,10.48,9.73,10.85,9.77,8.57,9.28,9.22,10.71,10.35,8.59
1005.07,27,9.91,9.23,9.64,9.8,9.69,9.69,9.94,9.88,10.72,8.83,10.71,10.49,9.73,10.87,9.75,8.59,9.28,9.23,10.69,10.34,8.58
1006.07,27,9.93,9.25,9.64,9.83,9.68,9.7,9.94,9.88,10.74,8.86,10.74,10.53,9.75,10.89,9.78,8.63,9.31,9.25,10.7,10.36,8.61
1007.07,27,9.91,9.25,9.67,9.83,9.69,9.69,9.94,9.87,10.74,8.85,10.74,10.53,9.77,10.89,9.78,8.63,9.32,9.25,10.7,10.38,8.59
1008.07,27,9.92,9.23,9.65,9.83,9.7,9.69,9.96,9.86,10.74,8.86,10.75,10.52,9.75,10.88,9.78,8.62,9.31,9.23,10.71,10.36,8.59
1009.07,27,9.92,9.25,9.64,9.83,9.69,9.68,9.94,9.87,10.72,8.86,10.74,10.5,9.74,10.88,9.77,8.63,9.3,9.22,10.7,10.35,8.59
1010.08,27,9.92,9.25,9.65,9.83,9.69,9.68,9.93,9.87,10.72,8.86,10.74,10.5,9.77,10.87,9.78,8.64,9.31,9.23,10.7,10.36,8.61
1011.08,27,9.89,9.23,9.65,9.82,9.68,9.67,9.93,9.87,10.71,8.86,10.72,10.5,9.74,10.85,9.77,8.61,9.3,9.22,10.69,10.35,8.58
1012.08,27,9.89,9.25,9.64,9.83,9.7,9.67,9.94,9.88,10.72,8.85,10.74,10.5,9.75,10.87,9.77,8.62,9.31,9.22,10.69,10.35,8.61
1013.1,27,9.91,9.25,9.64,9.83,9.69,9.64,9.92,9.87,10.71,8.85,10.74,10.5,9.74,10.87,9.75,8.62,9.3,9.22,10.67,10.36,8.61
1014.1,27,9.91,9.23,9.64,9.82,9.68,9.65,9.92,9.86,10.7,8.85,10.72,10.49,9.74,10.85,9.77,8.61,9.3,9.22,10.67,10.34,8.61
1015.1,27,9.88,9.26,9.63,9.8,9.68,9.65,9.92,9.86,10.7,8.85,10.71,10.48,9.74,10.84,9.75,8.61,9.3,9.22,10.67,10.34,8.61
1016.1,27,9.91,9.26,9.63,9.8,9.68,9.65,9.92,9.86,10.69,8.85,10.71,10.48,9.74,10.85,9.75,8.61,9.28,9.21,10.66,10.35,8.59
1017.1,27,9.88,9.23,9.62,9.79,9.65,9.63,9.89,9.83,10.69,8.82,10.69,10.47,9.73,10.83,9.74,8.58,9.26,9.2,10.66,10.31,8.58
1018.1,27,9.88,9.26,9.62,9.79,9.65,9.64,9.91,9.83,10.69,8.82,10.7,10.47,9.73,10.82,9.74,8.57,9.26,9.2,10.65,10.31,8.61
1019.1,27,9.88,9.25,9.62,9.78,9.64,9.63,9.88,9.82,10.67,8.81,10.67,10.48,9.72,10.83,9.73,8.57,9.27,9.19,10.66,10.32,8.59
1020.12,27,9.86,9.23,9.61,9.77,9.63,9.62,9.88,9.8,10.67,8.81,10.66,10.47,9.7,10.8,9.72,8.57,9.25,9.17,10.65,10.31,8.58
1021.12,27,9.83,9.23,9.58,9.75,9.62,9.61,9.87,9.78,10.63,8.77,10.65,10.44,9.69,10.8,9.7,8.56,9.23,9.16,10.61,10.3,8.56
1022.12,27,9.86,9.25,9.58,9.77,9.64,9.62,9.88,9.78,10.66,8.8,10.66,10.45,9.7,10.8,9.7,8.57,9.25,9.17,10.62,10.29,8.58
1023.13,27,9.84,9.23,9.58,9.74,9.63,9.62,9.87,9.79,10.65,8.77,10.66,10.44,9.7,10.8,9.69,8.56,9.22,9.15,10.61,10.27,8.58
1024.13,27,9.84,9.25,9.58,9.74,9.62,9.61,9.86,9.78,10.66,8.79,10.65,10.43,9.68,10.79,9.69,8.56,9.21,9.15,10.59,10.3,8.58
1025.13,27,9.83,9.25,9.58,9.74,9.61,9.59,9.86,9.77,10.65,8.77,10.65,10.43,9.68,10.78,9.68,8.55,9.22,9.12,10.61,10.26,8.57
1026.13,27,9.8,9.22,9.54,9.72,9.61,9.58,9.82,9.74,10.62,8.75,10.62,10.41,9.65,10.75,9.65,8.52,9.2,9.1,10.59,10.27,8.56
1027.15,27,9.8,9.25,9.54,9.72,9.59,9.59,9.84,9.75,10.63,8.75,10.62,10.4,9.67,10.79,9.67,8.53,9.21,9.12,10.61,10.27,8.57
1028.15,27,9.82,9.25,9.53,9.72,9.59,9.59,9.82,9.74,10.61,8.75,10.61,10.39,9.63,10.76,9.65,8.53,9.2,9.11,10.57,10.26,8.56
1029.15,27,9.8,9.23,9.53,9.7,9.61,9.58,9.84,9.75,10.62,8.74,10.62,10.4,9.64,10.75,9.65,8.52,9.2,9.12,10.59,10.26,8.56
1030.15,27,9.8,9.25,9.53,9.72,9.61,9.57,9.82,9.75,10.62,8.74,10.61,10.4,9.63,10.76,9.64,8.51,9.19,9.11,10.58,10.23,8.57
1031.15,27,9.79,9.23,9.53,9.69,9.58,9.58,9.8,9.73,10.61,8.73,10.61,10.39,9.63,10.76,9.63,8.51,9.17,9.1,10.58,10.25,8.56
1032.17,27,9.8,9.22,9.52,9.69,9.59,9.57,9.8,9.73,10.59,8.71,10.61,10.38,9.62,10.74,9.63,8.51,9.17,9.1,10.57,10.25,8.55
1033.17,27,9.8,9.23,9.52,9.68,9.58,9.56,9.79,9.74,10.59,8.71,10.58,10.38,9.62,10.72,9.63,8.52,9.17,9.09,10.58,10.25,8.55
1034.17,27,9.82,9.23,9.52,9.69,9.59,9.58,9.8,9.75,10.62,8.71,10.61,10.39,9.63,10.74,9.63,8.53,9.17,9.09,10.58,10.26,8.56
1035.17,27,9.8,9.23,9.51,9.69,9.58,9.57,9.8,9.75,10.61,8.71,10.59,10.38,9.62,10.74,9.63,8.51,9.16,9.09,10.58,10.25,8.55
1036.18,27,9.8,9.23,9.51,9.68,9.61,9.57,9.79,9.75,10.59,8.7,10.61,10.36,9.62,10.74,9.63,8.52,9.17,9.09,10.58,10.23,8.56
1037.18,27,9.82,9.25,9.49,9.69,9.62,9.57,9.79,9.75,10.61,8.71,10.61,10.38,9.64,10.75,9.63,8.53,9.17,9.09,10.58,10.25,8.56
1038.18,27,9.8,9.23,9.51,9.68,9.59,9.57,9.79,9.74,10.59,8.71,10.61,10.35,9.63,10.74,9.61,8.51,9.16,9.09,10.56,10.25,8.56
1039.18,27,9.79,9.25,9.49,9.69,9.61,9.56,9.79,9.77,10.59,8.71,10.59,10.35,9.64,10.75,9.62,8.53,9.16,9.09,10.58,10.25,8.56
1040.18,27,9.77,9.22,9.48,9.68,9.59,9.54,9.79,9.75,10.57,8.71,10.58,10.35,9.63,10.72,9.61,8.52,9.15,9.08,10.56,10.22,8.52
1041.2,27,9.79,9.23,9.49,9.69,9.62,9.56,9.79,9.77,10.59,8.71,10.59,10.36,9.64,10.72,9.59,8.53,9.15,9.09,10.57,10.23,8.55
1042.2,27,9.79,9.23,9.47,9.7,9.62,9.56,9.8,9.79,10.57,8.71,10.61,10.34,9.64,10.75,9.61,8.52,9.16,9.09,10.56,10.23,8.55
1043.2,27,9.78,9.23,9.47,9.72,9.63,9.56,9.79,9.8,10.59,8.73,10.59,10.35,9.67,10.74,9.61,8.53,9.16,9.09,10.58,10.23,8.55
1044.2,27,9.78,9.25,9.47,9.72,9.64,9.56,9.8,9.79,10.57,8.71,10.59,10.32,9.64,10.71,9.59,8.52,9.16,9.09,10.58,10.23,8.53
1045.2,27,9.79,9.25,9.48,9.73,9.65,9.57,9.82,9.79,10.58,8.74,10.58,10.35,9.65,10.74,9.59,8.52,9.16,9.09,10.57,10.23,8.55
1046.2,27,9.79,9.22,9.47,9.74,9.63,9.56,9.82,9.82,10.58,8.74,10.59,10.34,9.65,10.72,9.61,8.52,9.15,9.09,10.58,10.25,8.55
1047.22,27,9.78,9.22,9.46,9.74,9.64,9.57,9.82,9.79,10.56,8.75,10.59,10.34,9.67,10.72,9.59,8.55,9.15,9.1,10.57,10.21,8.53
1048.22,27,9.77,9.19,9.42,9.73,9.64,9.54,9.8,9.8,10.56,8.73,10.59,10.32,9.65,10.72,9.58,8.51,9.14,9.06,10.56,10.21,8.51
1049.22,27,9.8,9.19,9.51,9.69,9.64,9.56,9.79,9.8,10.56,8.71,10.58,10.34,9.63,10.74,9.64,8.5,9.14,9.09,10.62,10.26,8.53
1050.23,27,9.83,9.17,9.54,9.69,9.62,9.58,9.82,9.79,10.59,8.71,10.58,10.39,9.63,10.75,9.65,8.47,9.17,9.14,10.63,10.29,8.55
1051.23,27,9.84,9.17,9.57,9.73,9.61,9.59,9.86,9.78,10.62,8.75,10.59,10.41,9.64,10.79,9.69,8.5,9.21,9.16,10.62,10.27,8.56
1052.23,27,9.83,9.17,9.58,9.74,9.59,9.61,9.88,9.78,10.63,8.77,10.62,10.44,9.68,10.8,9.7,8.53,9.25,9.16,10.63,10.3,8.56
1053.23,27,9.87,9.17,9.57,9.75,9.59,9.62,9.87,9.77,10.66,8.79,10.65,10.45,9.68,10.8,9.7,8.53,9.25,9.16,10.63,10.3,8.57
1054.23,27,9.87,9.2,9.58,9.78,9.63,9.64,9.88,9.78,10.67,8.8,10.66,10.45,9.7,10.83,9.73,8.56,9.26,9.17,10.65,10.31,8.57
1055.23,27,9.83,9.17,9.57,9.77,9.63,9.62,9.87,9.77,10.65,8.8,10.67,10.45,9.72,10.82,9.7,8.56,9.25,9.16,10.62,10.29,8.56
1056.23,27,9.87,9.17,9.59,9.77,9.62,9.62,9.88,9.78,10.63,8.8,10.67,10.45,9.69,10.82,9.72,8.55,9.25,9.17,10.63,10.3,8.56
1057.25,27,9.86,9.19,9.59,9.77,9.63,9.61,9.88,9.78,10.65,8.8,10.66,10.45,9.7,10.82,9.7,8.55,9.26,9.17,10.62,10.3,8.56
1058.25,27,9.83,9.19,9.57,9.77,9.62,9.61,9.87,9.79,10.62,8.8,10.66,10.43,9.7,10.82,9.7,8.55,9.23,9.17,10.63,10.29,8.56
1059.25,27,9.84,9.19,9.56,9.77,9.62,9.59,9.87,9.78,10.63,8.79,10.65,10.44,9.7,10.82,9.7,8.55,9.23,9.16,10.62,10.29,8.56
1060.25,27,9.84,9.19,9.57,9.75,9.61,9.61,9.86,9.79,10.63,8.79,10.65,10.43,9.69,10.79,9.7,8.55,9.23,9.16,10.63,10.29,8.55
1061.25,27,9.84,9.19,9.56,9.74,9.61,9.59,9.86,9.75,10.62,8.77,10.63,10.41,9.69,10.76,9.69,8.53,9.22,9.14,10.62,10.27,8.55
1062.27,27,9.84,9.2,9.56,9.74,9.61,9.57,9.86,9.73,10.61,8.77,10.63,10.43,9.7,10.79,9.68,8.53,9.22,9.14,10.61,10.27,8.56
1063.27,27,9.83,9.19,9.56,9.74,9.59,9.57,9.86,9.74,10.59,8.77,10.61,10.39,9.69,10.79,9.68,8.53,9.21,9.14,10.59,10.29,8.55
1064.28,27,9.83,9.17,9.56,9.73,9.59,9.56,9.84,9.73,10.59,8.77,10.61,10.4,9.68,10.76,9.68,8.51,9.19,9.12,10.61,10.27,8.53
1065.28,27,9.82,9.19,9.54,9.72,9.58,9.57,9.84,9.73,10.61,8.77,10.62,10.39,9.67,10.76,9.68,8.51,9.21,9.11,10.59,10.26,8.55
1066.28,27,9.8,9.19,9.52,9.72,9.58,9.54,9.82,9.7,10.57,8.74,10.61,10.39,9.67,10.75,9.67,8.51,9.19,9.11,10.58,10.25,8.53
1067.28,27,9.8,9.17,9.54,9.7,9.57,9.53,9.83,9.69,10.59,8.74,10.59,10.38,9.65,10.75,9.65,8.5,9.19,9.11,10.57,10.25,8.53
1068.28,27,9.79,9.17,9.52,9.7,9.54,9.52,9.8,9.68,10.58,8.73,10.57,10.38,9.64,10.74,9.64,8.49,9.17,9.1,10.56,10.25,8.52
1069.3,27,9.79,9.19,9.51,9.69,9.56,9.54,9.82,9.69,10.54,8.74,10.58,10.38,9.64,10.72,9.63,8.49,9.17,9.1,10.57,10.23,8.52
1070.3,27,9.8,9.19,9.51,9.69,9.56,9.54,9.8,9.68,10.57,8.73,10.57,10.36,9.65,10.74,9.64,8.49,9.19,9.09,10.58,10.25,8.53
1071.3,27,9.78,9.19,9.51,9.68,9.53,9.52,9.79,9.68,10.56,8.73,10.56,10.34,9.63,10.72,9.63,8.47,9.15,9.06,10.54,10.22,8.52
1072.3,27,9.77,9.17,9.49,9.67,9.51,9.52,9.78,9.64,10.54,8.7,10.56,10.34,9.62,10.7,9.62,8.46,9.15,9.06,10.54,10.21,8.51
1073.3,27,9.77,9.19,9.51,9.67,9.54,9.53,9.78,9.65,10.56,8.7,10.54,10.34,9.61,10.71,9.62,8.47,9.16,9.08,10.57,10.22,8.52
1074.3,27,9.77,9.2,9.49,9.67,9.53,9.51,9.78,9.64,10.56,8.7,10.56,10.34,9.61,10.71,9.61,8.49,9.15,9.06,10.56,10.22,8.5
1075.32,27,9.75,9.17,9.47,9.63,9.51,9.51,9.75,9.63,10.53,8.67,10.52,10.32,9.58,10.69,9.59,8.45,9.12,9.04,10.53,10.17,8.5
1076.32,27,9.77,9.17,9.47,9.64,9.51,9.51,9.75,9.64,10.53,8.67,10.53,10.31,9.59,10.71,9.58,8.45,9.14,9.04,10.53,10.21,8.51
1077.32,27,9.74,9.17,9.46,9.63,9.52,9.49,9.73,9.63,10.52,8.65,10.5,10.31,9.56,10.69,9.59,8.45,9.12,9.03,10.53,10.2,8.5
1078.32,27,9.74,9.19,9.47,9.63,9.52,9.52,9.74,9.63,10.54,8.67,10.54,10.32,9.57,10.69,9.58,8.46,9.12,9.03,10.5,10.18,8.51
1079.32,27,9.74,9.19,9.46,9.63,9.51,9.51,9.73,9.62,10.53,8.65,10.53,10.31,9.57,10.69,9.58,8.44,9.11,9.03,10.53,10.2,8.51
1080.32,27,9.73,9.17,9.44,9.61,9.51,9.48,9.73,9.61,10.5,8.63,10.5,10.29,9.56,10.67,9.56,8.44,9.1,9,10.49,10.17,8.5
1081.33,27,9.72,9.17,9.43,9.59,9.51,9.48,9.69,9.61,10.49,8.63,10.5,10.29,9.54,10.66,9.56,8.43,9.11,9,10.5,10.17,8.5
1082.33,27,9.72,9.16,9.41,9.58,9.48,9.47,9.69,9.61,10.49,8.62,10.5,10.27,9.53,10.63,9.53,8.43,9.09,8.98,10.49,10.16,8.47
1083.33,27,9.72,9.17,9.42,9.61,9.51,9.47,9.7,9.61,10.49,8.62,10.49,10.29,9.54,10.66,9.56,8.43,9.09,9,10.49,10.17,8.49
1084.33,27,9.72,9.16,9.41,9.58,9.48,9.48,9.7,9.61,10.49,8.61,10.49,10.25,9.53,10.66,9.54,8.42,9.06,9,10.48,10.17,8.47
1085.33,27,9.72,9.15,9.41,9.59,9.49,9.47,9.69,9.62,10.48,8.62,10.48,10.26,9.52,10.65,9.54,8.43,9.08,8.99,10.49,10.16,8.47
1086.35,27,9.7,9.17,9.41,9.59,9.48,9.47,9.68,9.62,10.49,8.62,10.49,10.26,9.53,10.66,9.53,8.43,9.09,8.99,10.49,10.16,8.47
1087.35,27,9.73,9.17,9.41,9.59,9.49,9.48,9.7,9.62,10.48,8.63,10.49,10.27,9.56,10.65,9.53,8.44,9.08,9,10.49,10.17,8.5
1088.35,27,9.72,9.16,9.38,9.58,9.49,9.46,9.69,9.64,10.45,8.61,10.48,10.25,9.53,10.63,9.52,8.43,9.06,8.98,10.49,10.16,8.47
1089.35,27,9.73,9.17,9.41,9.61,9.52,9.47,9.7,9.63,10.49,8.63,10.5,10.26,9.53,10.66,9.53,8.44,9.08,8.99,10.49,10.17,8.49
1090.37,27,9.72,9.16,9.38,9.59,9.51,9.47,9.7,9.64,10.48,8.63,10.49,10.25,9.56,10.65,9.52,8.43,9.08,8.99,10.5,10.15,8.47
1091.37,27,9.72,9.17,9.41,9.61,9.52,9.48,9.72,9.67,10.47,8.63,10.52,10.26,9.57,10.65,9.52,8.46,9.06,9,10.49,10.16,8.49
1092.37,27,9.7,9.16,9.38,9.61,9.53,9.47,9.69,9.67,10.48,8.63,10.5,10.25,9.56,10.66,9.53,8.45,9.06,8.99,10.5,10.16,8.49
1093.38,27,9.7,9.17,9.36,9.62,9.51,9.47,9.69,9.65,10.45,8.64,10.5,10.25,9.57,10.65,9.51,8.44,9.06,9,10.49,10.16,8.47
1094.38,27,9.7,9.15,9.37,9.62,9.52,9.46,9.7,9.68,10.45,8.63,10.49,10.25,9.57,10.65,9.52,8.44,9.04,8.98,10.5,10.16,8.46
1095.38,27,9.7,9.15,9.37,9.63,9.52,9.47,9.7,9.69,10.48,8.63,10.5,10.25,9.57,10.63,9.51,8.44,9.05,8.99,10.49,10.15,8.47
1096.38,27,9.7,9.16,9.36,9.64,9.52,9.48,9.73,9.69,10.48,8.65,10.52,10.25,9.59,10.66,9.52,8.45,9.06,9,10.5,10.18,8.47
1097.38,27,9.7,9.15,9.35,9.64,9.54,9.48,9.73,9.69,10.44,8.65,10.5,10.23,9.59,10.65,9.51,8.43,9.05,9,10.5,10.16,8.47
1098.4,27,9.69,9.16,9.35,9.64,9.54,9.47,9.73,9.69,10.45,8.67,10.52,10.22,9.59,10.63,9.51,8.43,9.05,9,10.5,10.16,8.47
1099.4,27,9.73,9.16,9.36,9.67,9.56,9.48,9.74,9.73,10.47,8.67,10.53,10.23,9.61,10.66,9.51,8.45,9.05,9.02,10.52,10.16,8.49
1100.4,27,9.73,9.16,9.36,9.68,9.54,9.48,9.74,9.73,10.47,8.67,10.53,10.23,9.61,10.66,9.52,8.44,9.05,9.02,10.52,10.16,8.49
1101.4,27,9.73,9.16,9.35,9.68,9.56,9.48,9.77,9.74,10.45,8.67,10.52,10.22,9.61,10.65,9.52,8.44,9.05,9.02,10.5,10.18,8.49
1102.4,27,9.7,9.12,9.33,9.67,9.53,9.47,9.74,9.73,10.45,8.68,10.52,10.21,9.61,10.63,9.51,8.44,9.05,8.98,10.49,10.16,8.46
1103.42,27,9.7,9.1,9.36,9.65,9.54,9.47,9.74,9.73,10.43,8.65,10.52,10.21,9.59,10.63,9.52,8.42,9.02,8.99,10.49,10.17,8.46
1104.42,27,9.74,9.1,9.41,9.63,9.54,9.47,9.73,9.73,10.44,8.64,10.5,10.25,9.57,10.67,9.57,8.42,9.08,9.03,10.54,10.2,8.47
1105.42,27,9.77,9.1,9.46,9.64,9.51,9.49,9.75,9.72,10.47,8.65,10.52,10.3,9.58,10.7,9.61,8.4,9.12,9.05,10.56,10.22,8.49
1106.42,27,9.77,9.1,9.48,9.67,9.51,9.53,9.78,9.72,10.53,8.69,10.52,10.34,9.61,10.74,9.63,8.45,9.15,9.08,10.58,10.23,8.5
1107.43,27,9.79,9.1,9.49,9.68,9.49,9.53,9.79,9.7,10.54,8.69,10.56,10.35,9.63,10.75,9.63,8.46,9.16,9.08,10.58,10.23,8.5
1108.43,27,9.79,9.1,9.51,9.68,9.51,9.53,9.8,9.69,10.56,8.69,10.57,10.35,9.62,10.75,9.62,8.46,9.16,9.09,10.56,10.22,8.5
1109.43,27,9.75,9.09,9.49,9.67,9.51,9.53,9.79,9.68,10.54,8.7,10.58,10.35,9.62,10.75,9.62,8.46,9.15,9.08,10.56,10.22,8.47
1110.43,27,9.77,9.1,9.49,9.67,9.49,9.51,9.77,9.69,10.56,8.7,10.59,10.36,9.62,10.75,9.62,8.46,9.16,9.08,10.56,10.22,8.49
1111.45,27,9.78,9.09,9.49,9.68,9.49,9.52,9.77,9.7,10.54,8.7,10.58,10.34,9.62,10.74,9.63,8.46,9.15,9.06,10.56,10.23,8.49
1112.45,27,9.77,9.1,9.49,9.67,9.51,9.51,9.75,9.69,10.54,8.71,10.58,10.34,9.61,10.74,9.63,8.47,9.16,9.08,10.57,10.22,8.49
1113.45,27,9.77,9.1,9.47,9.65,9.49,9.51,9.78,9.7,10.52,8.7,10.58,10.35,9.62,10.74,9.61,8.45,9.16,9.06,10.56,10.21,8.49
1114.45,27,9.77,9.11,9.48,9.67,9.51,9.52,9.78,9.69,10.53,8.7,10.57,10.34,9.62,10.74,9.62,8.46,9.15,9.06,10.56,10.22,8.5
1115.47,27,9.77,9.1,9.48,9.65,9.49,9.51,9.77,9.7,10.53,8.7,10.56,10.32,9.62,10.72,9.62,8.45,9.15,9.06,10.54,10.21,8.5
1116.47,27,9.75,9.1,9.48,9.65,9.48,9.49,9.77,9.69,10.53,8.7,10.56,10.32,9.62,10.71,9.62,8.45,9.16,9.04,10.54,10.22,8.47
1117.47,27,9.74,9.09,9.47,9.63,9.48,9.49,9.74,9.67,10.52,8.69,10.54,10.31,9.59,10.7,9.61,8.44,9.12,9.04,10.52,10.21,8.49
1118.47,27,9.74,9.09,9.44,9.63,9.47,9.48,9.75,9.65,10.5,8.68,10.53,10.31,9.59,10.7,9.59,8.42,9.11,9.04,10.53,10.2,8.49
1119.48,27,9.75,9.1,9.44,9.63,9.47,9.48,9.75,9.65,10.5,8.67,10.53,10.31,9.58,10.7,9.61,8.43,9.11,9.04,10.53,10.2,8.47
1120.48,27,9.75,9.1,9.46,9.62,9.46,9.48,9.74,9.64,10.49,8.68,10.53,10.31,9.57,10.69,9.59,8.43,9.11,9.03,10.52,10.18,8.49
1121.48,27,9.74,9.1,9.43,9.62,9.46,9.47,9.73,9.64,10.48,8.67,10.52,10.29,9.57,10.69,9.59,8.42,9.11,9.03,10.52,10.18,8.46
1122.48,27,9.72,9.11,9.43,9.61,9.44,9.46,9.69,9.62,10.48,8.64,10.5,10.27,9.56,10.67,9.57,8.4,9.08,9,10.49,10.16,8.46
1123.5,27,9.72,9.1,9.43,9.59,9.43,9.44,9.7,9.62,10.45,8.63,10.48,10.27,9.56,10.66,9.57,8.4,9.09,9,10.49,10.17,8.45
1124.5,27,9.7,9.09,9.42,9.58,9.43,9.44,9.69,9.61,10.47,8.62,10.49,10.26,9.54,10.65,9.56,8.39,9.08,8.99,10.48,10.15,8.46
1125.5,27,9.7,9.1,9.42,9.59,9.43,9.44,9.69,9.59,10.47,8.64,10.48,10.26,9.54,10.66,9.56,8.4,9.09,8.99,10.48,10.16,8.45
1126.52,27,9.72,9.1,9.42,9.59,9.42,9.44,9.68,9.59,10.47,8.62,10.47,10.26,9.53,10.65,9.56,8.39,9.06,8.97,10.48,10.16,8.44
1127.52,27,9.68,9.1,9.39,9.56,9.41,9.42,9.67,9.57,10.44,8.59,10.47,10.23,9.52,10.63,9.52,8.37,9.05,8.95,10.45,10.12,8.44
1128.53,27,9.72,9.1,9.41,9.57,9.42,9.44,9.67,9.58,10.45,8.61,10.48,10.23,9.53,10.63,9.54,8.39,9.06,8.97,10.48,10.13,8.46
1129.53,27,9.68,9.1,9.38,9.54,9.41,9.42,9.65,9.57,10.44,8.58,10.45,10.21,9.51,10.61,9.51,8.36,9.04,8.94,10.45,10.13,8.44
1130.53,27,9.68,9.1,9.38,9.56,9.39,9.43,9.65,9.56,10.43,8.57,10.44,10.22,9.51,10.61,9.52,8.36,9.05,8.94,10.43,10.12,8.44
1131.53,27,9.65,9.1,9.36,9.53,9.39,9.42,9.64,9.56,10.43,8.58,10.44,10.22,9.49,10.61,9.51,8.36,9.05,8.94,10.44,10.13,8.43
1132.53,27,9.68,9.11,9.37,9.53,9.38,9.42,9.64,9.57,10.43,8.58,10.44,10.22,9.48,10.61,9.51,8.34,9.04,8.93,10.44,10.12,8.44
1133.53,27,9.65,9.09,9.33,9.51,9.38,9.39,9.62,9.54,10.41,8.55,10.43,10.18,9.46,10.59,9.48,8.33,9.02,8.92,10.43,10.09,8.42
1134.53,27,9.64,9.1,9.33,9.51,9.37,9.39,9.62,9.53,10.39,8.55,10.4,10.2,9.47,10.58,9.46,8.34,9.02,8.91,10.4,10.09,8.43
1135.53,27,9.64,9.11,9.32,9.51,9.37,9.41,9.63,9.56,10.41,8.56,10.4,10.2,9.46,10.59,9.47,8.33,9.02,8.91,10.43,10.11,8.43
1136.55,27,9.65,9.11,9.33,9.51,9.37,9.39,9.61,9.56,10.4,8.55,10.43,10.2,9.46,10.58,9.47,8.34,9,8.91,10.44,10.11,8.43
1137.55,27,9.64,9.1,9.33,9.49,9.36,9.41,9.62,9.56,10.4,8.53,10.43,10.17,9.46,10.59,9.44,8.34,8.99,8.89,10.41,10.09,8.42
1138.55,27,9.64,9.1,9.33,9.49,9.37,9.41,9.59,9.54,10.4,8.52,10.41,10.17,9.44,10.59,9.46,8.34,9.02,8.91,10.43,10.09,8.43
1139.55,27,9.64,9.09,9.32,9.49,9.38,9.39,9.59,9.56,10.4,8.52,10.4,10.17,9.46,10.58,9.47,8.34,9,8.92,10.41,10.11,8.42
1140.55,27,9.62,9.09,9.31,9.48,9.37,9.38,9.59,9.54,10.38,8.51,10.41,10.17,9.44,10.57,9.46,8.33,8.99,8.89,10.41,10.09,8.43
1141.55,27,9.63,9.09,9.28,9.48,9.36,9.38,9.58,9.56,10.38,8.51,10.4,10.16,9.46,10.57,9.43,8.32,8.99,8.89,10.4,10.08,8.42
1142.57,27,9.62,9.11,9.31,9.49,9.37,9.38,9.61,9.57,10.39,8.51,10.4,10.16,9.46,10.57,9.44,8.34,8.98,8.89,10.4,10.09,8.42
1143.57,27,9.62,9.1,9.28,9.49,9.37,9.38,9.59,9.58,10.38,8.52,10.4,10.16,9.46,10.57,9.44,8.34,8.99,8.89,10.4,10.09,8.42
1144.57,27,9.62,9.09,9.3,9.49,9.37,9.37,9.59,9.58,10.36,8.52,10.4,10.16,9.48,10.56,9.42,8.32,8.98,8.88,10.4,10.08,8.42
1145.57,27,9.63,9.11,9.3,9.49,9.39,9.38,9.59,9.58,10.36,8.53,10.41,10.16,9.47,10.57,9.44,8.34,8.98,8.89,10.41,10.08,8.42
1146.57,27,9.62,9.09,9.26,9.48,9.39,9.38,9.61,9.61,10.36,8.52,10.41,10.15,9.47,10.57,9.42,8.33,8.97,8.89,10.39,10.07,8.39
1147.57,27,9.62,9.08,9.27,9.49,9.39,9.37,9.59,9.58,10.36,8.53,10.4,10.15,9.47,10.57,9.42,8.34,8.98,8.88,10.41,10.08,8.39
1148.58,27,9.62,9.09,9.27,9.49,9.39,9.37,9.59,9.59,10.35,8.52,10.41,10.12,9.47,10.54,9.42,8.33,8.97,8.88,10.39,10.07,8.4
1149.58,27,9.62,9.08,9.26,9.52,9.39,9.37,9.61,9.61,10.35,8.52,10.4,10.13,9.48,10.56,9.41,8.33,8.95,8.88,10.4,10.07,8.39
1150.58,27,9.63,9.1,9.26,9.53,9.41,9.38,9.62,9.63,10.36,8.55,10.41,10.13,9.49,10.56,9.43,8.34,8.98,8.89,10.43,10.09,8.42
1151.58,27,9.63,9.1,9.27,9.54,9.41,9.38,9.62,9.63,10.35,8.56,10.43,10.13,9.49,10.56,9.42,8.34,8.97,8.91,10.41,10.09,8.4
1152.58,27,9.62,9.09,9.26,9.54,9.43,9.38,9.63,9.63,10.34,8.57,10.43,10.13,9.52,10.56,9.43,8.34,8.97,8.91,10.4,10.08,8.4
1153.58,27,9.62,9.08,9.26,9.57,9.42,9.39,9.62,9.64,10.34,8.57,10.44,10.13,9.52,10.57,9.42,8.34,8.97,8.91,10.43,10.08,8.4
1154.58,27,9.62,9.08,9.25,9.57,9.43,9.37,9.64,9.64,10.34,8.56,10.43,10.12,9.52,10.56,9.41,8.34,8.97,8.89,10.43,10.09,8.4
1155.58,27,9.63,9.09,9.25,9.58,9.44,9.39,9.64,9.65,10.35,8.59,10.44,10.12,9.52,10.56,9.42,8.36,8.97,8.91,10.43,10.09,8.4
1156.6,27,9.63,9.09,9.23,9.58,9.46,9.39,9.64,9.64,10.32,8.58,10.43,10.11,9.53,10.56,9.42,8.34,8.95,8.91,10.41,10.08,8.39
1157.6,27,9.63,9.06,9.23,9.58,9.43,9.38,9.64,9.64,10.32,8.57,10.41,10.09,9.52,10.54,9.42,8.32,8.93,8.89,10.41,10.07,8.39
1158.6,27,9.59,9.04,9.22,9.58,9.46,9.39,9.65,9.65,10.32,8.58,10.44,10.11,9.53,10.54,9.39,8.33,8.95,8.87,10.41,10.07,8.38
1159.6,27,9.63,9,9.27,9.53,9.42,9.37,9.62,9.63,10.3,8.55,10.41,10.11,9.48,10.53,9.44,8.3,8.93,8.91,10.43,10.08,8.38
1160.6,27,9.68,9.03,9.35,9.52,9.41,9.39,9.64,9.64,10.36,8.56,10.43,10.17,9.48,10.59,9.49,8.28,9,8.95,10.48,10.13,8.4
1161.62,27,9.69,9,9.37,9.53,9.39,9.42,9.65,9.63,10.4,8.58,10.41,10.22,9.49,10.65,9.52,8.31,9.04,8.98,10.48,10.15,8.43
1162.62,27,9.7,9,9.38,9.54,9.37,9.43,9.67,9.62,10.43,8.59,10.45,10.25,9.52,10.65,9.53,8.33,9.05,8.98,10.47,10.15,8.42
1163.63,27,9.7,9,9.39,9.56,9.39,9.44,9.68,9.63,10.43,8.61,10.47,10.25,9.53,10.67,9.54,8.36,9.08,8.98,10.49,10.16,8.42
1164.63,27,9.7,9.02,9.41,9.58,9.41,9.44,9.69,9.62,10.47,8.61,10.49,10.26,9.56,10.69,9.57,8.37,9.06,9,10.5,10.16,8.43
1165.63,27,9.73,9.03,9.42,9.59,9.42,9.47,9.72,9.64,10.45,8.63,10.52,10.27,9.54,10.69,9.57,8.38,9.1,9,10.5,10.17,8.44
1166.63,27,9.69,9,9.39,9.58,9.41,9.44,9.68,9.63,10.44,8.63,10.49,10.25,9.54,10.66,9.56,8.37,9.08,8.99,10.47,10.16,8.42
1167.65,27,9.7,9,9.41,9.58,9.42,9.43,9.69,9.62,10.45,8.62,10.5,10.26,9.56,10.67,9.54,8.38,9.08,8.99,10.49,10.16,8.43
1168.65,27,9.69,9,9.41,9.57,9.41,9.43,9.69,9.62,10.44,8.61,10.48,10.25,9.53,10.66,9.56,8.38,9.08,8.98,10.48,10.15,8.42
1169.65,27,9.69,8.99,9.39,9.56,9.41,9.43,9.68,9.63,10.44,8.62,10.48,10.23,9.54,10.65,9.53,8.36,9.06,8.98,10.48,10.13,8.42
1170.65,27,9.68,9,9.38,9.56,9.39,9.42,9.68,9.61,10.43,8.62,10.48,10.23,9.53,10.65,9.53,8.36,9.08,8.98,10.48,10.13,8.42
1171.67,27,9.69,9.02,9.38,9.54,9.39,9.41,9.67,9.61,10.44,8.62,10.47,10.23,9.52,10.63,9.54,8.37,9.06,8.98,10.47,10.15,8.42
1172.67,27,9.69,9.02,9.39,9.56,9.38,9.42,9.68,9.59,10.41,8.62,10.49,10.23,9.53,10.63,9.53,8.36,9.05,8.95,10.47,10.15,8.42
1173.67,27,9.68,9.02,9.38,9.54,9.37,9.39,9.65,9.58,10.41,8.59,10.45,10.21,9.52,10.63,9.53,8.34,9.05,8.97,10.44,10.13,8.42
1174.67,27,9.68,9.02,9.37,9.54,9.37,9.39,9.67,9.58,10.41,8.61,10.47,10.21,9.54,10.62,9.53,8.34,9.04,8.95,10.45,10.12,8.42
1175.67,27,9.67,9.02,9.36,9.53,9.35,9.38,9.64,9.56,10.39,8.58,10.43,10.21,9.51,10.61,9.51,8.31,9.03,8.93,10.44,10.12,8.4
1176.67,27,9.65,9,9.35,9.51,9.33,9.37,9.63,9.56,10.38,8.56,10.43,10.18,9.51,10.59,9.49,8.32,9.02,8.92,10.43,10.09,8.38
1177.67,27,9.67,9,9.35,9.52,9.35,9.38,9.62,9.53,10.36,8.56,10.41,10.18,9.51,10.59,9.51,8.32,9.03,8.93,10.44,10.11,8.4
1178.67,27,9.65,9.02,9.35,9.52,9.33,9.38,9.62,9.53,10.38,8.57,10.41,10.18,9.51,10.58,9.51,8.31,9.03,8.92,10.44,10.09,8.39
1179.68,27,9.64,9.02,9.32,9.49,9.33,9.36,9.62,9.51,10.36,8.56,10.4,10.17,9.47,10.57,9.47,8.31,9,8.91,10.41,10.09,8.39
1180.68,27,9.64,9,9.33,9.49,9.32,9.36,9.61,9.49,10.35,8.56,10.4,10.17,9.48,10.58,9.49,8.31,8.99,8.91,10.43,10.11,8.39
1181.68,27,9.63,9,9.33,9.49,9.31,9.36,9.61,9.49,10.38,8.56,10.4,10.17,9.47,10.57,9.48,8.3,9,8.91,10.4,10.08,8.39
1182.68,27,9.63,9.03,9.33,9.49,9.32,9.37,9.61,9.48,10.36,8.55,10.4,10.17,9.47,10.57,9.48,8.31,8.99,8.89,10.41,10.09,8.4
1183.68,27,9.62,9.02,9.31,9.48,9.31,9.33,9.58,9.48,10.35,8.52,10.38,10.15,9.47,10.56,9.46,8.28,8.98,8.88,10.39,10.07,8.38
1184.7,27,9.61,9.02,9.31,9.48,9.31,9.35,9.59,9.48,10.32,8.53,10.38,10.15,9.46,10.56,9.46,8.3,8.97,8.87,10.38,10.07,8.38
1185.7,27,9.62,9.02,9.31,9.46,9.3,9.33,9.57,9.47,10.34,8.52,10.35,10.15,9.44,10.56,9.44,8.28,8.97,8.87,10.39,10.07,8.37
1186.7,27,9.59,9.02,9.3,9.44,9.28,9.35,9.56,9.46,10.31,8.5,10.35,10.12,9.43,10.54,9.43,8.26,8.94,8.85,10.38,10.06,8.37
1187.72,27,9.59,9.03,9.3,9.43,9.27,9.33,9.54,9.44,10.31,8.5,10.35,10.13,9.42,10.54,9.42,8.25,8.95,8.85,10.38,10.04,8.37
1188.72,27,9.59,9,9.27,9.44,9.27,9.33,9.53,9.43,10.31,8.47,10.32,10.12,9.41,10.53,9.42,8.26,8.94,8.83,10.36,10.06,8.37
1189.72,27,9.56,9.03,9.28,9.42,9.27,9.33,9.52,9.44,10.32,8.47,10.34,10.11,9.41,10.53,9.42,8.25,8.93,8.82,10.36,10.03,8.36
1190.72,27,9.57,9,9.26,9.42,9.26,9.32,9.53,9.43,10.27,8.45,10.34,10.08,9.38,10.52,9.39,8.24,8.93,8.81,10.32,10.02,8.34
1191.72,27,9.54,9.02,9.27,9.42,9.26,9.32,9.51,9.44,10.3,8.46,10.34,10.09,9.38,10.52,9.39,8.24,8.92,8.81,10.32,10.03,8.37
1192.73,27,9.54,9.02,9.25,9.39,9.25,9.32,9.51,9.43,10.3,8.44,10.32,10.08,9.37,10.5,9.39,8.23,8.91,8.8,10.34,10.03,8.36
1193.73,27,9.54,8.99,9.23,9.38,9.25,9.3,9.49,9.43,10.3,8.45,10.31,10.08,9.36,10.49,9.37,8.23,8.92,8.8,10.35,10.01,8.36
1194.73,27,9.54,9.02,9.23,9.38,9.23,9.31,9.51,9.44,10.29,8.44,10.31,10.08,9.37,10.49,9.38,8.23,8.92,8.8,10.34,10.01,8.36
1195.73,27,9.53,9,9.22,9.37,9.22,9.3,9.48,9.43,10.29,8.43,10.3,10.08,9.35,10.49,9.37,8.21,8.89,8.8,10.34,9.99,8.34
1196.73,27,9.53,9.02,9.22,9.38,9.23,9.31,9.49,9.42,10.27,8.43,10.29,10.07,9.36,10.48,9.37,8.23,8.91,8.79,10.32,10.02,8.36
1197.75,27,9.56,9.02,9.21,9.37,9.23,9.3,9.49,9.44,10.26,8.43,10.31,10.07,9.36,10.49,9.36,8.23,8.91,8.79,10.34,10.02,8.33
1198.75,27,9.53,8.99,9.19,9.37,9.23,9.28,9.48,9.44,10.27,8.4,10.3,10.04,9.35,10.48,9.35,8.21,8.88,8.76,10.31,10.01,8.33
1199.75,27,9.52,9,9.19,9.36,9.22,9.28,9.47,9.46,10.26,8.42,10.3,10.04,9.36,10.45,9.36,8.21,8.87,8.77,10.31,10.01,8.33
1200.75,27,9.53,9.02,9.2,9.37,9.23,9.3,9.48,9.47,10.29,8.43,10.31,10.03,9.36,10.49,9.35,8.23,8.88,8.79,10.32,10.01,8.34
1201.77,27,9.52,9,9.17,9.36,9.23,9.26,9.47,9.46,10.23,8.39,10.3,10.04,9.36,10.45,9.32,8.21,8.88,8.75,10.3,9.97,8.33
1202.77,27,9.51,9.02,9.17,9.36,9.25,9.27,9.46,9.47,10.23,8.4,10.29,10.04,9.36,10.47,9.35,8.23,8.88,8.76,10.31,10.01,8.33
1203.77,27,9.52,9,9.19,9.37,9.22,9.27,9.47,9.47,10.25,8.4,10.29,10.04,9.37,10.48,9.35,8.21,8.87,8.77,10.3,9.98,8.33
1204.77,27,9.52,9.02,9.16,9.37,9.25,9.28,9.46,9.48,10.26,8.43,10.31,10.03,9.38,10.47,9.33,8.24,8.87,8.77,10.3,10.01,8.32
1205.77,27,9.51,9,9.16,9.37,9.26,9.26,9.48,9.48,10.25,8.42,10.3,10.02,9.37,10.47,9.32,8.21,8.87,8.76,10.3,9.99,8.32
1206.77,27,9.52,9,9.15,9.37,9.25,9.27,9.48,9.49,10.25,8.4,10.31,10.03,9.38,10.45,9.32,8.21,8.87,8.77,10.31,9.99,8.33
1207.78,27,9.51,8.99,9.15,9.38,9.23,9.26,9.47,9.48,10.23,8.42,10.3,10.02,9.37,10.44,9.32,8.23,8.86,8.75,10.3,9.98,8.32
1208.78,27,9.51,9.02,9.15,9.39,9.27,9.28,9.49,9.52,10.25,8.44,10.32,10.03,9.39,10.48,9.32,8.24,8.88,8.77,10.31,9.99,8.32
1209.78,27,9.48,8.99,9.15,9.39,9.26,9.26,9.48,9.52,10.22,8.42,10.3,10.02,9.38,10.47,9.3,8.23,8.86,8.76,10.31,9.99,8.32
1210.78,27,9.52,9,9.14,9.41,9.28,9.26,9.49,9.53,10.22,8.44,10.31,10.02,9.39,10.47,9.31,8.23,8.87,8.77,10.31,9.99,8.32
1211.78,27,9.51,9,9.12,9.41,9.28,9.27,9.48,9.52,10.22,8.44,10.3,10.01,9.41,10.45,9.32,8.23,8.85,8.76,10.31,9.98,8.32
1212.8,27,9.51,9,9.12,9.42,9.3,9.28,9.51,9.52,10.23,8.44,10.32,10.02,9.41,10.45,9.32,8.24,8.86,8.77,10.31,9.99,8.32
1213.8,27,9.49,8.99,9.1,9.42,9.31,9.27,9.49,9.53,10.21,8.43,10.31,9.99,9.41,10.47,9.3,8.21,8.83,8.76,10.31,9.98,8.31
1214.8,27,9.51,9,9.11,9.43,9.3,9.28,9.49,9.53,10.21,8.45,10.31,9.99,9.42,10.45,9.31,8.21,8.85,8.76,10.31,9.98,8.31
1215.8,27,9.49,8.99,9.09,9.43,9.31,9.27,9.51,9.54,10.21,8.45,10.31,9.99,9.42,10.45,9.31,8.2,8.85,8.77,10.31,9.98,8.31
1216.8,27,9.51,8.98,9.11,9.44,9.32,9.28,9.52,9.56,10.21,8.46,10.31,9.99,9.43,10.47,9.31,8.21,8.85,8.79,10.32,9.99,8.31
1217.8,27,9.51,8.99,9.09,9.46,9.32,9.28,9.53,9.56,10.21,8.46,10.32,9.99,9.43,10.47,9.31,8.23,8.85,8.79,10.32,9.99,8.31
1218.8,27,9.49,8.99,9.09,9.46,9.32,9.26,9.53,9.56,10.2,8.46,10.32,9.98,9.43,10.45,9.31,8.21,8.83,8.79,10.3,9.98,8.31
1219.82,27,9.51,9,9.09,9.47,9.33,9.28,9.53,9.58,10.21,8.49,10.32,9.98,9.44,10.45,9.32,8.21,8.85,8.79,10.32,9.99,8.32
1220.82,27,9.51,8.99,9.08,9.47,9.33,9.28,9.53,9.58,10.2,8.49,10.32,9.98,9.43,10.47,9.31,8.21,8.83,8.8,10.32,9.98,8.32
1221.82,27,9.51,9,9.08,9.47,9.33,9.28,9.54,9.58,10.18,8.47,10.32,9.98,9.44,10.45,9.31,8.23,8.83,8.8,10.31,9.98,8.31
1222.82,27,9.52,8.98,9.05,9.48,9.35,9.26,9.54,9.57,10.18,8.49,10.32,9.96,9.43,10.44,9.32,8.2,8.82,8.77,10.31,9.99,8.31
1223.82,27,9.48,8.95,9.04,9.48,9.33,9.26,9.56,9.56,10.16,8.49,10.31,9.96,9.43,10.44,9.3,8.2,8.82,8.77,10.31,9.98,8.3
1224.82,27,9.51,8.93,9.1,9.46,9.35,9.25,9.52,9.58,10.16,8.46,10.31,9.94,9.42,10.43,9.32,8.18,8.8,8.76,10.32,9.98,8.28
1225.82,27,9.56,8.91,9.17,9.43,9.32,9.26,9.52,9.56,10.17,8.45,10.3,9.99,9.39,10.47,9.37,8.18,8.86,8.82,10.36,10.03,8.31
1226.83,27,9.56,8.88,9.22,9.42,9.28,9.3,9.54,9.54,10.23,8.46,10.3,10.07,9.41,10.52,9.42,8.17,8.91,8.83,10.39,10.04,8.32
1227.83,27,9.61,8.89,9.26,9.43,9.26,9.32,9.56,9.53,10.27,8.47,10.31,10.09,9.42,10.56,9.42,8.2,8.93,8.86,10.38,10.07,8.32
1228.83,27,9.61,8.89,9.27,9.44,9.27,9.33,9.57,9.51,10.3,8.5,10.35,10.12,9.42,10.57,9.44,8.23,8.97,8.88,10.4,10.07,8.33
1229.83,27,9.59,8.89,9.28,9.46,9.27,9.35,9.57,9.53,10.32,8.5,10.36,10.13,9.44,10.58,9.44,8.25,8.98,8.87,10.41,10.08,8.32
1230.83,27,9.61,8.89,9.28,9.46,9.28,9.33,9.59,9.53,10.32,8.51,10.39,10.15,9.46,10.58,9.46,8.25,8.98,8.87,10.4,10.07,8.33
1231.83,27,9.61,8.91,9.31,9.47,9.3,9.35,9.59,9.54,10.32,8.52,10.39,10.16,9.46,10.58,9.46,8.27,8.99,8.88,10.39,10.08,8.34
1232.83,27,9.62,8.88,9.3,9.46,9.28,9.31,9.57,9.52,10.31,8.5,10.39,10.13,9.44,10.57,9.46,8.25,8.98,8.86,10.39,10.04,8.33
1233.85,27,9.62,8.92,9.31,9.46,9.28,9.33,9.57,9.54,10.32,8.52,10.39,10.15,9.44,10.59,9.44,8.26,8.99,8.88,10.39,10.06,8.34
1234.85,27,9.61,8.91,9.28,9.46,9.27,9.31,9.56,9.53,10.31,8.52,10.38,10.12,9.44,10.57,9.44,8.25,8.98,8.86,10.39,10.06,8.34
1235.85,27,9.61,8.88,9.26,9.43,9.27,9.32,9.57,9.49,10.3,8.51,10.38,10.12,9.44,10.56,9.46,8.24,8.97,8.86,10.39,10.06,8.33
1236.85,27,9.61,8.89,9.27,9.43,9.27,9.3,9.56,9.48,10.27,8.51,10.35,10.12,9.43,10.56,9.43,8.24,8.97,8.85,10.39,10.06,8.33
1237.85,27,9.61,8.89,9.26,9.43,9.26,9.31,9.56,9.49,10.3,8.5,10.35,10.11,9.43,10.54,9.43,8.24,8.94,8.86,10.38,10.04,8.32
1238.85,27,9.59,8.92,9.27,9.44,9.25,9.32,9.54,9.47,10.29,8.5,10.35,10.11,9.46,10.54,9.44,8.24,8.94,8.86,10.39,10.06,8.33
1239.85,27,9.59,8.88,9.25,9.42,9.25,9.3,9.54,9.48,10.27,8.5,10.35,10.09,9.44,10.53,9.42,8.24,8.94,8.85,10.36,10.04,8.32
1240.85,27,9.58,8.91,9.27,9.43,9.25,9.3,9.54,9.47,10.27,8.47,10.35,10.09,9.43,10.53,9.44,8.23,8.94,8.86,10.36,10.04,8.33
1241.87,27,9.57,8.89,9.26,9.41,9.22,9.27,9.52,9.44,10.27,8.46,10.31,10.08,9.42,10.5,9.41,8.21,8.92,8.82,10.35,10.03,8.32
1242.87,27,9.56,8.91,9.25,9.39,9.22,9.27,9.52,9.43,10.25,8.47,10.31,10.07,9.41,10.49,9.41,8.2,8.92,8.81,10.34,10.03,8.32
1243.87,27,9.57,8.92,9.25,9.39,9.22,9.27,9.52,9.42,10.25,8.45,10.31,10.08,9.39,10.5,9.41,8.21,8.92,8.81,10.36,10.03,8.31
1244.87,27,9.53,8.89,9.25,9.39,9.21,9.26,9.51,9.41,10.25,8.46,10.3,10.04,9.41,10.5,9.38,8.19,8.91,8.81,10.32,10.02,8.32
1245.87,27,9.54,8.91,9.23,9.39,9.21,9.26,9.49,9.41,10.23,8.45,10.31,10.07,9.41,10.49,9.39,8.19,8.91,8.8,10.34,10.02,8.32
1246.88,27,9.54,8.91,9.23,9.38,9.2,9.25,9.47,9.39,10.23,8.43,10.29,10.04,9.38,10.48,9.38,8.18,8.88,8.79,10.32,10.01,8.31
1247.88,27,9.54,8.89,9.21,9.38,9.19,9.23,9.46,9.38,10.23,8.43,10.27,10.03,9.37,10.48,9.38,8.19,8.89,8.77,10.32,10.01,8.31
1248.88,27,9.52,8.92,9.22,9.37,9.17,9.25,9.47,9.37,10.21,8.42,10.26,10.04,9.38,10.47,9.37,8.18,8.89,8.77,10.31,9.99,8.3
1249.88,27,9.52,8.91,9.21,9.36,9.19,9.25,9.47,9.35,10.22,8.43,10.26,10.02,9.36,10.47,9.35,8.17,8.87,8.76,10.29,9.99,8.3
1250.88,27,9.52,8.91,9.2,9.36,9.17,9.25,9.46,9.36,10.21,8.42,10.25,10.04,9.35,10.45,9.36,8.17,8.87,8.76,10.3,9.98,8.3
1251.88,27,9.51,8.91,9.21,9.35,9.19,9.23,9.46,9.35,10.21,8.42,10.23,10.02,9.35,10.44,9.36,8.17,8.88,8.75,10.29,9.98,8.3
1252.88,27,9.49,8.88,9.19,9.32,9.17,9.22,9.43,9.33,10.2,8.39,10.23,10.01,9.33,10.43,9.33,8.14,8.86,8.71,10.27,9.96,8.28
1253.88,27,9.49,8.91,9.16,9.32,9.16,9.22,9.43,9.33,10.18,8.39,10.23,10.01,9.33,10.44,9.33,8.16,8.85,8.74,10.27,9.97,8.28
1254.9,27,9.48,8.91,9.16,9.31,9.15,9.21,9.42,9.32,10.18,8.37,10.23,10.01,9.33,10.43,9.33,8.12,8.83,8.71,10.25,9.96,8.27
1255.9,27,9.48,8.92,9.16,9.3,9.15,9.21,9.41,9.31,10.18,8.34,10.22,9.98,9.3,10.43,9.32,8.12,8.83,8.7,10.25,9.94,8.27
1256.9,27,9.47,8.89,9.16,9.28,9.14,9.2,9.38,9.28,10.17,8.36,10.21,9.99,9.3,10.4,9.31,8.12,8.82,8.69,10.22,9.94,8.26
1257.9,27,9.46,8.89,9.14,9.28,9.12,9.2,9.37,9.3,10.16,8.34,10.21,9.97,9.28,10.4,9.3,8.11,8.82,8.68,10.25,9.94,8.25
1258.9,27,9.44,8.88,9.14,9.27,9.11,9.2,9.38,9.3,10.16,8.33,10.21,9.97,9.27,10.4,9.3,8.12,8.81,8.68,10.23,9.93,8.26
1259.9,27,9.44,8.89,9.12,9.26,9.12,9.2,9.37,9.3,10.16,8.32,10.21,9.97,9.27,10.4,9.27,8.1,8.81,8.67,10.22,9.93,8.26
1260.9,27,9.43,8.89,9.14,9.26,9.12,9.2,9.36,9.3,10.15,8.31,10.2,9.97,9.27,10.39,9.27,8.1,8.81,8.67,10.23,9.92,8.25
1261.9,27,9.43,8.91,9.11,9.25,9.12,9.19,9.36,9.3,10.13,8.31,10.17,9.96,9.25,10.39,9.26,8.11,8.8,8.65,10.2,9.92,8.25
1262.9,27,9.43,8.89,9.11,9.25,9.12,9.2,9.36,9.3,10.15,8.3,10.18,9.96,9.25,10.38,9.26,8.1,8.79,8.65,10.21,9.91,8.25
1263.9,27,9.42,8.91,9.1,9.23,9.11,9.19,9.32,9.3,10.15,8.3,10.18,9.94,9.22,10.39,9.25,8.09,8.79,8.64,10.21,9.91,8.25
1264.9,27,9.42,8.88,9.09,9.23,9.11,9.19,9.35,9.28,10.13,8.3,10.18,9.94,9.25,10.39,9.25,8.07,8.79,8.64,10.21,9.92,8.25
1265.9,27,9.42,8.92,9.1,9.23,9.12,9.19,9.35,9.32,10.15,8.28,10.18,9.93,9.25,10.38,9.26,8.09,8.79,8.65,10.21,9.92,8.26
1266.9,27,9.41,8.89,9.06,9.22,9.1,9.19,9.32,9.28,10.15,8.27,10.17,9.92,9.22,10.38,9.23,8.06,8.77,8.63,10.2,9.91,8.24
1267.9,27,9.41,8.91,9.06,9.21,9.12,9.17,9.32,9.3,10.13,8.27,10.17,9.92,9.23,10.38,9.22,8.09,8.76,8.63,10.2,9.92,8.24
1268.9,27,9.39,8.88,9.06,9.21,9.11,9.17,9.32,9.3,10.13,8.27,10.17,9.91,9.23,10.35,9.22,8.07,8.76,8.62,10.2,9.89,8.25
1269.9,27,9.38,8.88,9.05,9.2,9.1,9.17,9.3,9.32,10.11,8.26,10.17,9.91,9.22,10.36,9.22,8.06,8.76,8.62,10.17,9.89,8.23
1270.9,27,9.37,8.91,9.05,9.2,9.12,9.17,9.32,9.32,10.12,8.25,10.17,9.92,9.23,10.35,9.22,8.07,8.76,8.62,10.18,9.89,8.23
1271.9,27,9.38,8.89,9.04,9.2,9.12,9.16,9.32,9.32,10.09,8.26,10.17,9.89,9.22,10.36,9.22,8.07,8.75,8.61,10.17,9.89,8.24
1272.9,27,9.38,8.89,9.04,9.2,9.12,9.16,9.31,9.33,10.11,8.26,10.17,9.91,9.23,10.36,9.21,8.07,8.75,8.62,10.17,9.88,8.23
1273.92,27,9.35,8.88,9.02,9.19,9.11,9.14,9.31,9.32,10.08,8.25,10.13,9.87,9.21,10.34,9.19,8.06,8.71,8.59,10.16,9.88,8.2
1274.92,27,9.37,8.89,9.03,9.2,9.12,9.14,9.31,9.35,10.09,8.25,10.16,9.89,9.25,10.35,9.21,8.07,8.75,8.62,10.17,9.89,8.23
1275.92,27,9.36,8.88,9.02,9.21,9.12,9.15,9.31,9.35,10.09,8.27,10.17,9.89,9.23,10.35,9.21,8.07,8.75,8.61,10.18,9.89,8.23
1276.92,27,9.36,8.87,9,9.21,9.12,9.14,9.31,9.36,10.09,8.27,10.16,9.89,9.25,10.34,9.21,8.07,8.73,8.59,10.16,9.87,8.21
1277.92,27,9.36,8.88,8.99,9.21,9.12,9.12,9.31,9.36,10.07,8.25,10.16,9.86,9.25,10.35,9.2,8.07,8.74,8.59,10.17,9.87,8.2
1278.92,27,9.36,8.88,8.99,9.21,9.14,9.14,9.3,9.36,10.09,8.27,10.17,9.87,9.25,10.35,9.19,8.07,8.73,8.61,10.17,9.88,8.2
1279.92,27,9.35,8.88,8.98,9.22,9.15,9.12,9.31,9.38,10.07,8.27,10.17,9.87,9.25,10.34,9.19,8.07,8.73,8.59,10.16,9.87,8.2
1280.92,27,9.35,8.88,8.98,9.22,9.14,9.12,9.32,9.37,10.07,8.26,10.18,9.87,9.26,10.32,9.17,8.06,8.73,8.59,10.16,9.87,8.2
1281.92,27,9.33,8.87,8.97,9.23,9.16,9.11,9.32,9.38,10.08,8.27,10.17,9.86,9.27,10.34,9.17,8.07,8.71,8.61,10.17,9.86,8.19
1282.93,27,9.33,8.88,8.98,9.26,9.15,9.1,9.33,9.38,10.07,8.28,10.17,9.86,9.26,10.34,9.16,8.07,8.73,8.59,10.17,9.86,8.19
1283.93,27,9.32,8.89,8.95,9.25,9.15,9.11,9.33,9.38,10.06,8.28,10.17,9.86,9.27,10.34,9.16,8.06,8.71,8.59,10.17,9.86,8.19
1284.93,27,9.33,8.87,8.95,9.26,9.16,9.1,9.33,9.39,10.06,8.3,10.17,9.84,9.27,10.34,9.16,8.07,8.71,8.59,10.15,9.86,8.19
1285.93,27,9.32,8.86,8.94,9.27,9.17,9.11,9.33,9.41,10.06,8.3,10.17,9.84,9.26,10.34,9.15,8.07,8.7,8.59,10.17,9.84,8.2
1286.93,27,9.33,8.87,8.94,9.26,9.16,9.12,9.35,9.41,10.04,8.3,10.17,9.83,9.28,10.35,9.16,8.06,8.69,8.59,10.17,9.86,8.19
1287.93,27,9.33,8.87,8.94,9.27,9.17,9.12,9.33,9.41,10.06,8.31,10.17,9.83,9.28,10.32,9.16,8.06,8.7,8.59,10.18,9.86,8.2
1288.93,27,9.31,8.87,8.92,9.27,9.17,9.11,9.36,9.41,10.04,8.32,10.16,9.8,9.3,10.32,9.16,8.05,8.71,8.59,10.17,9.87,8.18
1289.95,27,9.32,8.87,8.92,9.28,9.17,9.11,9.35,9.41,10.04,8.32,10.17,9.82,9.28,10.32,9.16,8.05,8.7,8.61,10.17,9.86,8.18
1290.95,27,9.31,8.86,8.91,9.28,9.17,9.09,9.36,9.41,10.02,8.31,10.17,9.82,9.28,10.32,9.15,8.05,8.69,8.59,10.16,9.86,8.18
1291.95,27,9.3,8.87,8.91,9.28,9.16,9.11,9.36,9.41,10.03,8.32,10.17,9.82,9.3,10.32,9.15,8.05,8.68,8.59,10.16,9.84,8.17
1292.95,27,9.33,8.85,8.89,9.3,9.17,9.12,9.37,9.43,10.03,8.34,10.17,9.82,9.31,10.32,9.16,8.06,8.68,8.61,10.17,9.84,8.17
1293.95,27,9.31,8.86,8.89,9.31,9.17,9.1,9.38,9.43,9.99,8.32,10.16,9.78,9.31,10.31,9.15,8.05,8.68,8.61,10.15,9.86,8.18
1294.95,27,9.32,8.85,8.88,9.31,9.17,9.1,9.37,9.43,10.01,8.33,10.16,9.8,9.31,10.31,9.17,8.05,8.68,8.59,10.16,9.86,8.18
1295.95,27,9.3,8.86,8.88,9.32,9.17,9.1,9.39,9.44,9.99,8.32,10.15,9.78,9.31,10.31,9.17,8.05,8.67,8.61,10.16,9.84,8.18
1296.95,27,9.3,8.85,8.87,9.32,9.19,9.1,9.38,9.43,9.98,8.34,10.16,9.78,9.32,10.31,9.16,8.05,8.68,8.62,10.17,9.84,8.18
1297.97,27,9.32,8.85,8.86,9.33,9.2,9.1,9.41,9.43,9.97,8.36,10.17,9.79,9.32,10.31,9.15,8.06,8.67,8.61,10.18,9.86,8.18
1298.97,27,9.32,8.85,8.87,9.35,9.19,9.1,9.41,9.43,10.01,8.34,10.16,9.79,9.32,10.31,9.16,8.05,8.67,8.62,10.17,9.86,8.17
1299.97,27,9.33,8.86,8.87,9.37,9.2,9.11,9.41,9.44,9.99,8.37,10.16,9.78,9.35,10.31,9.17,8.05,8.67,8.63,10.2,9.88,8.19
1300.97,27,9.31,8.82,8.83,9.33,9.16,9.1,9.41,9.43,9.98,8.36,10.15,9.75,9.32,10.27,9.15,8.04,8.64,8.61,10.17,9.86,8.17
1301.98,27,9.28,8.79,8.83,9.32,9.17,9.09,9.39,9.43,9.96,8.33,10.15,9.75,9.31,10.27,9.14,8.02,8.64,8.56,10.16,9.83,8.13
1302.98,27,9.36,8.76,8.99,9.3,9.16,9.08,9.38,9.44,9.98,8.32,10.15,9.79,9.3,10.32,9.22,7.99,8.68,8.64,10.22,9.89,8.19
1303.98,27,9.43,8.77,9.06,9.27,9.15,9.14,9.39,9.42,10.03,8.32,10.15,9.88,9.28,10.39,9.28,8,8.76,8.69,10.26,9.94,8.23
1304.98,27,9.44,8.75,9.11,9.28,9.12,9.17,9.42,9.42,10.11,8.33,10.16,9.96,9.28,10.43,9.31,8.05,8.81,8.73,10.27,9.96,8.23
1305.98,27,9.47,8.75,9.12,9.28,9.11,9.19,9.42,9.39,10.12,8.34,10.17,9.96,9.3,10.44,9.3,8.07,8.81,8.73,10.27,9.96,8.23
1306.98,27,9.48,8.74,9.15,9.31,9.11,9.2,9.42,9.38,10.15,8.37,10.21,9.99,9.31,10.47,9.32,8.11,8.85,8.73,10.29,9.97,8.23
1308,27,9.51,8.77,9.17,9.32,9.15,9.22,9.43,9.38,10.18,8.37,10.26,10.01,9.33,10.48,9.35,8.13,8.86,8.74,10.3,9.98,8.25
1309,27,9.51,8.76,9.16,9.31,9.15,9.21,9.42,9.39,10.16,8.38,10.26,10.01,9.32,10.47,9.35,8.12,8.83,8.74,10.3,9.97,8.24
1310,27,9.51,8.75,9.17,9.32,9.15,9.21,9.43,9.38,10.17,8.39,10.26,10.01,9.35,10.48,9.33,8.12,8.87,8.75,10.29,9.97,8.25
1311.02,27,9.51,8.75,9.16,9.3,9.14,9.19,9.43,9.39,10.16,8.39,10.27,9.99,9.32,10.47,9.35,8.12,8.85,8.74,10.29,9.97,8.25
1312.02,27,9.48,8.76,9.15,9.28,9.12,9.19,9.42,9.38,10.15,8.38,10.25,9.99,9.32,10.44,9.33,8.12,8.83,8.71,10.27,9.94,8.24
1313.02,27,9.51,8.76,9.16,9.3,9.14,9.19,9.42,9.38,10.16,8.38,10.25,9.99,9.33,10.47,9.32,8.12,8.85,8.74,10.27,9.98,8.24
1314.02,27,9.51,8.76,9.16,9.31,9.12,9.2,9.41,9.36,10.16,8.38,10.25,10.01,9.33,10.45,9.35,8.11,8.85,8.74,10.29,9.97,8.24
1315.02,27,9.49,8.76,9.16,9.3,9.11,9.19,9.42,9.37,10.16,8.37,10.25,9.99,9.35,10.45,9.35,8.12,8.83,8.74,10.27,9.97,8.23
1316.02,27,9.48,8.76,9.14,9.3,9.1,9.16,9.39,9.35,10.13,8.37,10.21,9.97,9.32,10.43,9.31,8.1,8.82,8.7,10.23,9.96,8.23
1317.03,27,9.47,8.74,9.12,9.27,9.1,9.16,9.39,9.33,10.13,8.36,10.22,9.97,9.32,10.41,9.32,8.1,8.82,8.7,10.26,9.94,8.21
1318.03,27,9.47,8.76,9.14,9.27,9.1,9.16,9.39,9.32,10.13,8.34,10.22,9.97,9.32,10.41,9.31,8.1,8.83,8.71,10.25,9.94,8.21
1319.03,27,9.46,8.77,9.14,9.28,9.1,9.16,9.39,9.32,10.13,8.36,10.21,9.94,9.31,10.44,9.3,8.1,8.82,8.7,10.26,9.96,8.23
1320.05,27,9.47,8.77,9.12,9.27,9.08,9.16,9.37,9.3,10.11,8.34,10.2,9.96,9.31,10.41,9.31,8.07,8.81,8.7,10.23,9.94,8.23
1321.05,27,9.44,8.76,9.11,9.26,9.06,9.12,9.36,9.27,10.09,8.33,10.18,9.93,9.28,10.4,9.28,8.07,8.81,8.68,10.22,9.93,8.2
1322.05,27,9.44,8.76,9.11,9.25,9.08,9.14,9.35,9.27,10.09,8.34,10.17,9.93,9.28,10.4,9.3,8.07,8.81,8.68,10.23,9.93,8.21
1323.05,27,9.42,8.75,9.09,9.25,9.06,9.12,9.35,9.26,10.07,8.32,10.16,9.92,9.27,10.38,9.27,8.05,8.79,8.65,10.21,9.91,8.21
1324.05,27,9.44,8.76,9.1,9.23,9.06,9.12,9.35,9.26,10.09,8.32,10.16,9.92,9.28,10.39,9.27,8.06,8.77,8.67,10.2,9.91,8.21
1325.05,27,9.43,8.75,9.08,9.22,9.04,9.12,9.33,9.22,10.08,8.3,10.15,9.91,9.26,10.35,9.26,8.05,8.76,8.64,10.2,9.91,8.2
1326.07,27,9.42,8.77,9.08,9.22,9.04,9.12,9.33,9.22,10.07,8.3,10.15,9.89,9.26,10.35,9.26,8.03,8.76,8.64,10.21,9.91,8.21
1327.07,27,9.39,8.76,9.08,9.22,9.03,9.1,9.33,9.21,10.07,8.28,10.12,9.89,9.25,10.36,9.25,8.03,8.75,8.63,10.18,9.89,8.19
1328.07,27,9.38,8.76,9.06,9.19,9.03,9.1,9.31,9.19,10.04,8.26,10.11,9.88,9.22,10.34,9.23,8.03,8.75,8.61,10.18,9.88,8.18
1329.07,27,9.38,8.76,9.05,9.2,9.02,9.09,9.28,9.19,10.06,8.26,10.11,9.88,9.25,10.34,9.23,8,8.75,8.61,10.18,9.88,8.19
1330.08,27,9.38,8.76,9.04,9.19,9,9.1,9.3,9.17,10.04,8.27,10.09,9.88,9.21,10.32,9.23,8.02,8.71,8.61,10.17,9.87,8.19
1331.08,27,9.38,8.77,9.05,9.19,9.02,9.11,9.3,9.19,10.03,8.27,10.12,9.88,9.22,10.34,9.21,8.02,8.74,8.61,10.17,9.87,8.19
1332.08,27,9.37,8.76,9.04,9.17,9,9.09,9.27,9.15,10.03,8.24,10.09,9.86,9.2,10.31,9.21,7.99,8.71,8.58,10.16,9.87,8.18
1333.08,27,9.37,8.76,9.03,9.16,8.99,9.08,9.26,9.15,10.03,8.23,10.08,9.84,9.19,10.3,9.2,7.99,8.71,8.57,10.15,9.86,8.18
1334.1,27,9.36,8.77,9.03,9.16,8.98,9.08,9.25,9.16,10.03,8.23,10.08,9.84,9.19,10.31,9.21,7.98,8.71,8.56,10.15,9.84,8.18
1335.1,27,9.33,8.77,9.02,9.15,8.99,9.09,9.25,9.15,10.02,8.21,10.07,9.86,9.17,10.3,9.17,7.98,8.71,8.56,10.13,9.84,8.18
1336.1,27,9.35,8.76,8.99,9.14,8.97,9.09,9.25,9.15,10.01,8.2,10.07,9.83,9.17,10.29,9.19,7.97,8.69,8.53,10.12,9.83,8.16
1337.12,27,9.33,8.77,8.99,9.14,8.97,9.08,9.23,9.15,10.02,8.19,10.07,9.84,9.16,10.29,9.17,7.97,8.69,8.53,10.12,9.83,8.17
1338.12,27,9.32,8.76,8.99,9.11,8.95,9.05,9.22,9.12,9.99,8.18,10.07,9.82,9.15,10.27,9.16,7.96,8.68,8.52,10.11,9.83,8.14
1339.12,27,9.32,8.76,8.98,9.11,8.97,9.06,9.21,9.14,9.99,8.17,10.07,9.82,9.15,10.29,9.15,7.95,8.68,8.51,10.09,9.83,8.14
1340.12,27,9.3,8.77,8.97,9.1,8.97,9.06,9.2,9.14,9.98,8.16,10.04,9.8,9.14,10.27,9.15,7.95,8.68,8.5,10.09,9.8,8.16
1341.12,27,9.28,8.76,8.97,9.08,8.95,9.05,9.19,9.12,9.99,8.13,10.03,9.78,9.11,10.25,9.14,7.93,8.67,8.49,10.09,9.79,8.13
1342.13,27,9.28,8.77,8.95,9.08,8.94,9.05,9.19,9.12,9.98,8.13,10.04,9.79,9.11,10.26,9.14,7.95,8.65,8.49,10.08,9.79,8.14
1343.13,27,9.27,8.76,8.94,9.06,8.94,9.05,9.19,9.14,9.98,8.13,10.03,9.79,9.11,10.26,9.12,7.95,8.65,8.49,10.08,9.8,8.14
1344.13,27,9.26,8.76,8.93,9.05,8.95,9.04,9.17,9.14,9.97,8.12,10.01,9.77,9.1,10.25,9.1,7.92,8.64,8.47,10.08,9.79,8.12
1345.13,27,9.26,8.76,8.93,9.06,8.94,9.04,9.17,9.14,9.97,8.12,10.03,9.77,9.1,10.25,9.11,7.93,8.63,8.47,10.06,9.79,8.13
1346.13,27,9.25,8.76,8.92,9.04,8.94,9.04,9.16,9.15,9.97,8.12,10.02,9.77,9.1,10.23,9.1,7.93,8.63,8.47,10.08,9.79,8.12
1347.13,27,9.23,8.76,8.89,9.04,8.94,9.04,9.15,9.14,9.96,8.11,10.02,9.75,9.09,10.22,9.09,7.92,8.62,8.45,10.06,9.77,8.12
1348.13,27,9.23,8.75,8.89,9.03,8.92,9.02,9.15,9.14,9.96,8.11,10.01,9.75,9.09,10.22,9.08,7.91,8.62,8.44,10.04,9.79,8.1
1349.13,27,9.25,8.76,8.89,9.04,8.94,9.04,9.14,9.16,9.97,8.11,10.03,9.74,9.1,10.25,9.1,7.93,8.62,8.46,10.07,9.79,8.13
1350.13,27,9.22,8.76,8.89,9.03,8.93,9.03,9.15,9.17,9.94,8.11,10.02,9.75,9.1,10.23,9.09,7.92,8.62,8.45,10.06,9.77,8.12
1351.13,27,9.21,8.76,8.87,9.02,8.93,9.03,9.14,9.15,9.94,8.11,10.02,9.73,9.09,10.23,9.09,7.91,8.61,8.44,10.03,9.77,8.11
1352.13,27,9.21,8.76,8.87,9.02,8.92,9.02,9.12,9.17,9.92,8.1,10.01,9.74,9.1,10.21,9.06,7.91,8.61,8.44,10.03,9.77,8.11
1353.15,27,9.2,8.76,8.87,9.03,8.94,9.03,9.14,9.2,9.94,8.1,10.03,9.74,9.09,10.22,9.08,7.92,8.61,8.43,10.04,9.77,8.11
1354.15,27,9.19,8.73,8.85,9.02,8.93,9,9.12,9.19,9.93,8.1,10.02,9.72,9.1,10.21,9.05,7.91,8.59,8.43,10.03,9.77,8.1
1355.15,27,9.2,8.76,8.85,9.02,8.93,9,9.14,9.19,9.91,8.1,10.02,9.72,9.08,10.22,9.05,7.91,8.59,8.43,10.03,9.74,8.09
1356.15,27,9.19,8.74,8.82,9.02,8.94,8.99,9.1,9.17,9.93,8.1,10.01,9.72,9.09,10.2,9.05,7.91,8.58,8.42,10.04,9.74,8.1
1357.15,27,9.2,8.75,8.85,9.03,8.95,9,9.14,9.2,9.92,8.1,10.02,9.69,9.1,10.21,9.05,7.91,8.59,8.42,10.04,9.75,8.09
1358.15,27,9.17,8.74,8.82,9.02,8.94,8.99,9.12,9.2,9.91,8.09,10.01,9.7,9.1,10.21,9.04,7.91,8.58,8.43,10.02,9.75,8.09
1359.17,27,9.17,8.74,8.82,9.03,8.97,8.99,9.12,9.21,9.92,8.1,10.02,9.69,9.1,10.21,9.03,7.91,8.59,8.4,10.02,9.73,8.09
1360.17,27,9.19,8.73,8.8,9.04,8.97,8.98,9.14,9.22,9.91,8.11,10.02,9.68,9.11,10.2,9.04,7.91,8.57,8.42,10.02,9.73,8.09
1361.17,27,9.16,8.75,8.8,9.05,8.97,8.98,9.12,9.23,9.91,8.1,10.02,9.69,9.11,10.21,9.03,7.91,8.58,8.42,10.03,9.74,8.07
1362.17,27,9.15,8.75,8.79,9.05,8.95,8.97,9.14,9.22,9.88,8.11,10.02,9.67,9.11,10.2,9.03,7.91,8.58,8.42,10.03,9.74,8.09
1363.18,27,9.15,8.73,8.76,9.04,8.97,8.97,9.12,9.22,9.87,8.11,10.02,9.68,9.1,10.2,9,7.9,8.56,8.4,10.01,9.73,8.06
1364.18,27,9.16,8.74,8.79,9.08,8.97,8.98,9.14,9.25,9.89,8.11,10.03,9.68,9.11,10.2,9.02,7.91,8.56,8.42,10.03,9.74,8.09
1365.18,27,9.15,8.73,8.76,9.06,8.98,8.97,9.14,9.25,9.88,8.12,10.01,9.67,9.12,10.21,9.02,7.9,8.57,8.42,10.01,9.72,8.07
1366.18,27,9.14,8.74,8.76,9.06,8.97,8.95,9.14,9.25,9.88,8.12,9.99,9.67,9.12,10.2,9,7.88,8.56,8.4,10.02,9.73,8.07
1367.18,27,9.14,8.73,8.76,9.06,8.98,8.95,9.15,9.25,9.88,8.1,10.02,9.67,9.11,10.2,9,7.89,8.55,8.4,10.02,9.72,8.05
1368.2,27,9.12,8.73,8.74,9.09,8.97,8.95,9.16,9.26,9.88,8.13,10.01,9.65,9.12,10.2,8.99,7.9,8.56,8.4,10.01,9.72,8.06
1369.2,27,9.11,8.71,8.74,9.09,8.97,8.93,9.15,9.25,9.87,8.13,10.01,9.64,9.12,10.2,8.99,7.89,8.53,8.4,10.02,9.72,8.05
1370.2,27,9.12,8.73,8.73,9.1,8.98,8.94,9.16,9.26,9.86,8.13,10.01,9.63,9.14,10.18,8.99,7.88,8.53,8.4,10.01,9.72,8.05
1371.22,27,9.12,8.71,8.74,9.1,8.99,8.93,9.15,9.27,9.87,8.14,10.02,9.64,9.14,10.2,8.99,7.88,8.53,8.4,10.01,9.72,8.04
1372.22,27,9.11,8.71,8.71,9.1,8.99,8.92,9.17,9.26,9.84,8.14,10.01,9.64,9.14,10.17,8.97,7.88,8.52,8.4,10.01,9.7,8.05
1373.22,27,9.11,8.73,8.71,9.14,8.99,8.93,9.19,9.28,9.86,8.16,10.02,9.64,9.16,10.18,9,7.89,8.53,8.42,10.03,9.72,8.04
1374.22,27,9.1,8.73,8.7,9.12,8.98,8.93,9.16,9.27,9.83,8.14,9.99,9.63,9.16,10.16,8.98,7.88,8.52,8.4,10.01,9.72,8.04
1375.22,27,9.1,8.73,8.7,9.12,8.99,8.93,9.19,9.27,9.84,8.14,10.01,9.63,9.15,10.17,8.98,7.88,8.52,8.42,10.01,9.7,8.05
1376.22,27,9.08,8.7,8.69,9.11,8.99,8.92,9.17,9.25,9.83,8.16,9.99,9.61,9.17,10.16,8.97,7.86,8.51,8.39,10.02,9.7,8.04
1377.23,27,9.09,8.7,8.68,9.12,9,8.91,9.2,9.27,9.82,8.16,9.99,9.61,9.16,10.17,8.98,7.86,8.51,8.4,10.02,9.7,8.04
1378.23,27,9.08,8.69,8.67,9.12,8.98,8.92,9.2,9.26,9.8,8.16,9.98,9.61,9.16,10.15,8.98,7.85,8.5,8.39,9.98,9.69,8.04
1379.23,27,9.08,8.69,8.67,9.15,8.99,8.91,9.2,9.28,9.82,8.16,9.99,9.61,9.16,10.15,8.95,7.85,8.5,8.4,9.99,9.7,8.04
1380.23,27,9.06,8.7,8.65,9.12,9,8.92,9.21,9.26,9.82,8.17,9.99,9.59,9.15,10.16,8.97,7.84,8.5,8.4,10.01,9.7,8.03
1381.23,27,9.06,8.69,8.65,9.14,8.99,8.91,9.19,9.27,9.78,8.17,9.97,9.57,9.16,10.15,8.97,7.84,8.47,8.39,9.99,9.67,8.04
1382.23,27,9.08,8.69,8.65,9.15,9,8.92,9.2,9.28,9.79,8.18,9.99,9.58,9.17,10.16,8.97,7.84,8.51,8.42,10.02,9.7,8.04
1383.25,27,9.05,8.69,8.64,9.15,8.99,8.91,9.2,9.27,9.78,8.17,9.98,9.57,9.16,10.15,8.97,7.84,8.47,8.39,9.99,9.68,8.03
1384.25,27,9.05,8.69,8.63,9.16,9,8.91,9.22,9.28,9.78,8.19,9.98,9.58,9.19,10.15,8.97,7.84,8.49,8.4,10.01,9.69,8.04
1385.25,27,9.05,8.69,8.62,9.16,9.02,8.91,9.23,9.3,9.77,8.2,9.98,9.57,9.2,10.13,8.98,7.85,8.47,8.42,10.02,9.69,8.05
1386.25,27,9.05,8.69,8.61,9.16,9.02,8.89,9.23,9.27,9.77,8.19,9.97,9.54,9.19,10.13,8.97,7.84,8.47,8.4,10.01,9.69,8.03
1387.25,27,9.03,8.68,8.62,9.15,8.99,8.88,9.22,9.28,9.75,8.19,9.97,9.54,9.19,10.13,8.95,7.84,8.46,8.39,10.01,9.69,8.03
1388.27,27,9.04,8.68,8.61,9.16,9.02,8.89,9.22,9.3,9.77,8.19,9.96,9.54,9.19,10.15,8.97,7.84,8.47,8.4,10.01,9.69,8.02
1389.27,27,9.02,8.68,8.58,9.16,9,8.86,9.22,9.27,9.73,8.17,9.96,9.53,9.17,10.11,8.97,7.82,8.46,8.39,9.99,9.67,8
1390.27,27,9.03,8.67,8.58,9.16,9,8.88,9.23,9.28,9.75,8.19,9.94,9.54,9.19,10.12,8.97,7.83,8.46,8.4,9.99,9.69,8.02
1391.28,27,9,8.64,8.56,9.16,8.98,8.86,9.22,9.26,9.72,8.18,9.93,9.51,9.17,10.11,8.94,7.79,8.43,8.37,9.98,9.67,7.99
1392.28,27,9.05,8.58,8.65,9.14,9,8.85,9.21,9.27,9.72,8.17,9.92,9.52,9.16,10.12,8.95,7.82,8.44,8.38,10.01,9.69,7.99
1393.28,27,9.16,8.59,8.8,9.09,8.97,8.83,9.2,9.26,9.75,8.16,9.91,9.61,9.12,10.15,9.06,7.77,8.51,8.45,10.08,9.75,8.06
1394.28,27,9.25,8.58,8.89,9.06,8.94,8.91,9.21,9.25,9.84,8.16,9.92,9.7,9.14,10.22,9.12,7.78,8.59,8.51,10.12,9.8,8.09
1395.3,27,9.27,8.57,8.93,9.08,8.93,8.95,9.21,9.23,9.93,8.18,9.94,9.75,9.16,10.27,9.15,7.83,8.64,8.53,10.15,9.82,8.09
1396.3,27,9.33,8.58,8.98,9.09,8.95,8.99,9.25,9.22,9.96,8.2,10.01,9.8,9.2,10.32,9.19,7.9,8.68,8.56,10.16,9.86,8.12
1397.3,27,9.35,8.57,8.99,9.11,8.97,9.03,9.25,9.22,9.99,8.21,10.06,9.83,9.19,10.34,9.19,7.92,8.68,8.57,10.15,9.87,8.12
1398.3,27,9.37,8.58,9,9.12,8.97,9.03,9.26,9.22,9.99,8.23,10.08,9.83,9.2,10.34,9.2,7.96,8.71,8.57,10.13,9.86,8.11
1399.3,27,9.37,8.57,9,9.12,8.97,9.03,9.25,9.22,9.97,8.21,10.09,9.84,9.19,10.34,9.21,7.95,8.71,8.58,10.16,9.86,8.11
1400.32,27,9.36,8.58,9.02,9.14,8.97,9.03,9.26,9.22,9.99,8.23,10.11,9.86,9.21,10.35,9.2,7.95,8.71,8.58,10.17,9.86,8.12
1401.32,27,9.37,8.57,9,9.14,8.97,9.03,9.26,9.22,9.97,8.23,10.11,9.84,9.21,10.34,9.2,7.96,8.7,8.58,10.16,9.84,8.11
1402.32,27,9.37,8.58,9,9.12,8.95,9.03,9.26,9.22,9.99,8.24,10.09,9.84,9.2,10.34,9.21,7.96,8.73,8.58,10.15,9.84,8.12
1403.32,27,9.36,8.57,8.99,9.11,8.94,9.02,9.23,9.21,9.98,8.23,10.08,9.84,9.2,10.32,9.17,7.93,8.7,8.56,10.13,9.83,8.11
1404.32,27,9.36,8.58,9,9.12,8.94,9.03,9.25,9.2,9.98,8.24,10.09,9.82,9.21,10.32,9.2,7.95,8.7,8.57,10.15,9.83,8.12
1405.33,27,9.35,8.58,8.98,9.1,8.93,9.02,9.23,9.17,9.96,8.21,10.06,9.82,9.19,10.31,9.2,7.93,8.69,8.56,10.13,9.8,8.11
1406.33,27,9.33,8.57,8.97,9.1,8.92,9,9.22,9.17,9.94,8.2,10.06,9.78,9.17,10.3,9.19,7.92,8.68,8.55,10.13,9.82,8.1
1407.33,27,9.33,8.59,8.99,9.11,8.92,9,9.23,9.17,9.97,8.21,10.07,9.8,9.19,10.31,9.19,7.95,8.68,8.56,10.13,9.84,8.12
1408.33,27,9.35,8.61,8.98,9.11,8.92,9.02,9.22,9.16,9.96,8.21,10.06,9.82,9.2,10.3,9.17,7.92,8.69,8.55,10.13,9.83,8.11
1409.33,27,9.31,8.59,8.95,9.1,8.89,8.99,9.21,9.14,9.94,8.19,10.04,9.79,9.17,10.29,9.19,7.92,8.68,8.53,10.12,9.83,8.11
1410.33,27,9.32,8.59,8.95,9.09,8.89,8.98,9.21,9.12,9.92,8.19,10.03,9.78,9.16,10.26,9.17,7.91,8.67,8.53,10.11,9.82,8.1
1411.33,27,9.3,8.61,8.94,9.08,8.88,8.99,9.19,9.11,9.92,8.19,10.02,9.77,9.16,10.26,9.16,7.9,8.65,8.51,10.11,9.8,8.1
1412.33,27,9.3,8.59,8.94,9.08,8.88,8.99,9.17,9.09,9.92,8.18,10.01,9.77,9.16,10.26,9.15,7.9,8.65,8.52,10.08,9.8,8.11
1413.35,27,9.28,8.59,8.93,9.06,8.86,8.98,9.17,9.08,9.91,8.17,9.99,9.74,9.15,10.26,9.14,7.9,8.63,8.51,10.09,9.78,8.09
1414.35,27,9.27,8.59,8.93,9.06,8.87,8.97,9.19,9.08,9.91,8.16,9.98,9.74,9.15,10.23,9.14,7.89,8.63,8.5,10.08,9.79,8.09
1415.35,27,9.27,8.61,8.92,9.05,8.86,8.97,9.16,9.05,9.89,8.16,9.99,9.74,9.14,10.23,9.12,7.88,8.62,8.49,10.09,9.79,8.09
1416.35,27,9.27,8.59,8.92,9.04,8.85,8.95,9.15,9.04,9.87,8.13,9.98,9.73,9.12,10.22,9.12,7.86,8.62,8.47,10.07,9.78,8.09
1417.35,27,9.26,8.59,8.91,9.03,8.82,8.95,9.12,9.03,9.88,8.12,9.97,9.72,9.12,10.21,9.11,7.85,8.61,8.46,10.04,9.78,8.07
1418.35,27,9.26,8.58,8.91,9.04,8.83,8.95,9.14,9.03,9.88,8.12,9.96,9.73,9.11,10.21,9.11,7.85,8.59,8.46,10.06,9.77,8.07
1419.37,27,9.26,8.61,8.88,9.04,8.83,8.95,9.14,9.03,9.87,8.11,9.97,9.73,9.11,10.22,9.11,7.85,8.61,8.45,10.06,9.77,8.09
1420.37,27,9.22,8.58,8.87,9,8.81,8.94,9.1,8.99,9.86,8.1,9.96,9.69,9.1,10.18,9.1,7.84,8.58,8.44,10.04,9.75,8.07
1421.37,27,9.23,8.58,8.87,9,8.81,8.93,9.11,8.97,9.86,8.1,9.94,9.69,9.08,10.18,9.09,7.83,8.58,8.43,10.03,9.74,8.06
1422.37,27,9.22,8.59,8.87,8.99,8.8,8.93,9.09,8.98,9.84,8.09,9.92,9.67,9.08,10.18,9.08,7.82,8.58,8.42,10.01,9.75,8.05
1423.38,27,9.22,8.61,8.86,8.99,8.8,8.94,9.09,8.98,9.84,8.06,9.93,9.67,9.08,10.18,9.06,7.83,8.56,8.42,10.02,9.74,8.06
1424.38,27,9.22,8.61,8.87,8.98,8.81,8.94,9.08,8.99,9.84,8.09,9.92,9.68,9.06,10.18,9.08,7.82,8.58,8.39,10.02,9.73,8.06
1425.38,27,9.2,8.59,8.83,8.97,8.8,8.92,9.06,8.97,9.83,8.06,9.92,9.67,9.04,10.17,9.06,7.81,8.55,8.39,9.99,9.72,8.04
1426.38,27,9.19,8.59,8.83,8.95,8.77,8.91,9.05,8.95,9.82,8.04,9.91,9.65,9.03,10.16,9.05,7.79,8.53,8.38,9.97,9.72,8.03
1427.38,27,9.17,8.59,8.82,8.94,8.77,8.92,9.04,8.97,9.82,8.04,9.91,9.64,9.03,10.16,9.03,7.79,8.53,8.37,9.98,9.72,8.04
1428.4,27,9.16,8.59,8.81,8.92,8.74,8.91,9.03,8.94,9.79,8.02,9.88,9.62,9,10.15,9.03,7.78,8.52,8.34,9.98,9.7,8.02
1429.4,27,9.17,8.62,8.82,8.93,8.76,8.89,9.04,8.95,9.82,8.02,9.89,9.65,9,10.15,9.03,7.78,8.53,8.34,9.97,9.7,8.03
1430.4,27,9.16,8.59,8.81,8.92,8.76,8.89,9.02,8.93,9.79,8,9.88,9.64,8.99,10.13,9.02,7.77,8.51,8.33,9.96,9.69,8.02
1431.4,27,9.15,8.58,8.8,8.91,8.75,8.89,9.03,8.94,9.8,8,9.87,9.63,8.99,10.13,9,7.77,8.52,8.32,9.96,9.69,8.02
1432.4,27,9.14,8.59,8.8,8.89,8.75,8.91,9,8.94,9.79,7.98,9.88,9.61,8.98,10.13,9,7.76,8.51,8.31,9.94,9.68,8.02
1433.4,27,9.14,8.61,8.8,8.89,8.76,8.91,8.99,8.97,9.82,7.98,9.87,9.63,8.99,10.13,9,7.77,8.51,8.31,9.94,9.69,8.02
1434.4,27,9.12,8.61,8.77,8.88,8.75,8.87,8.98,8.95,9.79,7.96,9.87,9.61,8.95,10.11,8.99,7.76,8.5,8.3,9.94,9.68,8.02
1435.42,27,9.1,8.59,8.75,8.86,8.73,8.88,8.98,8.94,9.77,7.95,9.87,9.59,8.94,10.11,8.97,7.75,8.49,8.28,9.93,9.67,8
1436.42,27,9.09,8.58,8.74,8.85,8.74,8.88,8.95,8.94,9.77,7.95,9.86,9.59,8.94,10.11,8.98,7.75,8.47,8.28,9.93,9.67,8
1437.42,27,9.08,8.58,8.75,8.85,8.73,8.87,8.97,8.94,9.77,7.93,9.84,9.58,8.93,10.09,8.95,7.74,8.45,8.26,9.88,9.64,7.99
1438.42,27,9.08,8.58,8.74,8.83,8.71,8.88,8.95,8.95,9.75,7.92,9.86,9.58,8.94,10.09,8.95,7.74,8.46,8.25,9.91,9.65,7.98
1439.42,27,9.08,8.59,8.73,8.82,8.73,8.87,8.95,8.95,9.75,7.92,9.87,9.57,8.93,10.09,8.95,7.74,8.46,8.26,9.92,9.65,7.99
1440.42,27,9.06,8.59,8.73,8.83,8.73,8.88,8.95,8.97,9.77,7.91,9.86,9.58,8.92,10.08,8.93,7.73,8.46,8.25,9.89,9.65,7.99
1441.42,27,9.05,8.58,8.71,8.81,8.71,8.87,8.93,8.95,9.74,7.92,9.83,9.56,8.91,10.08,8.94,7.73,8.44,8.24,9.89,9.64,7.98
1442.42,27,9.04,8.58,8.7,8.82,8.7,8.86,8.93,8.98,9.74,7.9,9.83,9.54,8.92,10.08,8.92,7.71,8.44,8.24,9.88,9.64,7.99
1443.42,27,9.02,8.58,8.7,8.79,8.7,8.87,8.91,8.97,9.72,7.9,9.83,9.54,8.89,10.07,8.92,7.71,8.44,8.23,9.87,9.63,7.97
1444.42,27,9.02,8.58,8.69,8.81,8.73,8.86,8.92,8.99,9.73,7.9,9.84,9.54,8.93,10.08,8.92,7.71,8.44,8.23,9.87,9.64,7.98
1445.42,27,9,8.58,8.68,8.8,8.71,8.87,8.91,8.98,9.73,7.9,9.83,9.54,8.92,10.07,8.91,7.7,8.43,8.24,9.87,9.63,7.98
1446.42,27,9,8.58,8.68,8.79,8.73,8.85,8.91,8.99,9.74,7.9,9.83,9.53,8.91,10.06,8.91,7.71,8.43,8.23,9.88,9.63,7.97
1447.42,27,8.99,8.57,8.67,8.79,8.71,8.85,8.89,8.99,9.73,7.9,9.82,9.52,8.93,10.07,8.89,7.7,8.42,8.21,9.87,9.63,7.96
1448.42,27,8.97,8.58,8.65,8.77,8.7,8.83,8.89,8.99,9.7,7.88,9.8,9.51,8.92,10.06,8.87,7.69,8.42,8.2,9.87,9.61,7.95
1449.42,27,8.97,8.57,8.63,8.76,8.71,8.83,8.89,9,9.7,7.88,9.83,9.49,8.92,10.04,8.88,7.69,8.4,8.19,9.83,9.61,7.93
1450.42,27,8.98,8.57,8.62,8.77,8.73,8.83,8.89,9.02,9.69,7.88,9.83,9.51,8.93,10.04,8.86,7.7,8.4,8.19,9.86,9.61,7.95
1451.42,27,8.97,8.57,8.62,8.77,8.71,8.82,8.91,9.02,9.72,7.88,9.83,9.49,8.93,10.04,8.87,7.69,8.4,8.2,9.84,9.61,7.95
1452.42,27,8.97,8.57,8.63,8.79,8.73,8.83,8.89,9.02,9.7,7.86,9.83,9.51,8.93,10.04,8.87,7.71,8.4,8.19,9.84,9.61,7.95
1453.42,27,8.97,8.57,8.61,8.77,8.74,8.82,8.89,9.03,9.69,7.9,9.83,9.49,8.93,10.04,8.87,7.7,8.4,8.19,9.84,9.59,7.95
1454.42,27,8.95,8.56,8.59,8.76,8.73,8.82,8.89,9.04,9.69,7.89,9.82,9.47,8.93,10.03,8.86,7.7,8.39,8.18,9.83,9.58,7.93
1455.42,27,8.94,8.57,8.59,8.77,8.74,8.82,8.88,9.05,9.7,7.89,9.82,9.48,8.94,10.04,8.86,7.69,8.39,8.18,9.84,9.58,7.93
1456.43,27,8.94,8.57,8.59,8.79,8.74,8.81,8.91,9.05,9.68,7.88,9.82,9.49,8.94,10.04,8.83,7.7,8.39,8.18,9.83,9.59,7.93
1457.43,27,8.94,8.56,8.57,8.8,8.74,8.81,8.88,9.05,9.68,7.89,9.8,9.48,8.93,10.04,8.85,7.69,8.38,8.17,9.8,9.58,7.93
1458.43,27,8.92,8.55,8.56,8.79,8.73,8.8,8.87,9.04,9.65,7.86,9.79,9.44,8.92,10.02,8.82,7.67,8.34,8.17,9.82,9.56,7.91
1459.45,27,8.92,8.56,8.57,8.79,8.74,8.79,8.88,9.05,9.65,7.86,9.82,9.46,8.93,10.03,8.82,7.68,8.37,8.16,9.82,9.56,7.91
1460.45,27,8.92,8.56,8.56,8.82,8.75,8.79,8.89,9.05,9.67,7.9,9.8,9.46,8.94,10.04,8.83,7.68,8.37,8.17,9.83,9.57,7.9
1461.47,27,8.91,8.55,8.55,8.82,8.75,8.79,8.89,9.08,9.67,7.89,9.82,9.46,8.94,10.02,8.82,7.67,8.36,8.17,9.82,9.56,7.91
1462.47,27,8.91,8.57,8.55,8.83,8.75,8.8,8.92,9.09,9.65,7.91,9.82,9.44,8.95,10.03,8.82,7.68,8.36,8.16,9.83,9.57,7.91
1463.47,27,8.88,8.55,8.52,8.82,8.74,8.76,8.89,9.05,9.63,7.89,9.8,9.42,8.93,10.01,8.8,7.66,8.34,8.14,9.8,9.54,7.9
1464.47,27,8.89,8.55,8.53,8.85,8.75,8.77,8.91,9.06,9.65,7.91,9.8,9.42,8.94,10.02,8.81,7.67,8.36,8.16,9.82,9.56,7.9
1465.47,27,8.88,8.55,8.52,8.85,8.76,8.77,8.92,9.06,9.64,7.91,9.8,9.42,8.94,10.01,8.79,7.67,8.33,8.14,9.8,9.53,7.9
1466.47,27,8.86,8.55,8.51,8.85,8.76,8.76,8.89,9.09,9.63,7.91,9.8,9.43,8.95,10.02,8.79,7.66,8.32,8.14,9.82,9.54,7.89
1467.47,27,8.87,8.53,8.51,8.86,8.76,8.76,8.91,9.09,9.62,7.91,9.8,9.42,8.95,10.01,8.77,7.64,8.33,8.16,9.82,9.53,7.89
1468.47,27,8.85,8.53,8.5,8.87,8.76,8.75,8.92,9.08,9.62,7.92,9.8,9.41,8.94,9.99,8.79,7.66,8.33,8.14,9.8,9.54,7.89
1469.47,27,8.85,8.53,8.49,8.87,8.75,8.75,8.91,9.09,9.63,7.92,9.79,9.41,8.95,10.01,8.76,7.64,8.33,8.13,9.82,9.53,7.89
1470.47,27,8.83,8.51,8.47,8.88,8.76,8.74,8.93,9.08,9.62,7.92,9.79,9.39,8.95,9.99,8.76,7.63,8.32,8.14,9.79,9.54,7.88
1471.48,27,8.86,8.53,8.5,8.91,8.77,8.75,8.93,9.1,9.62,7.95,9.8,9.41,8.97,10.01,8.77,7.66,8.32,8.16,9.82,9.52,7.89
1472.48,27,8.82,8.52,8.47,8.89,8.75,8.73,8.93,9.09,9.58,7.95,9.78,9.38,8.97,9.99,8.76,7.62,8.31,8.13,9.79,9.52,7.86
1473.48,27,8.82,8.53,8.47,8.89,8.77,8.73,8.93,9.09,9.61,7.93,9.78,9.38,8.97,9.98,8.76,7.62,8.3,8.14,9.79,9.53,7.88
1474.48,27,8.81,8.52,8.46,8.89,8.77,8.71,8.94,9.08,9.58,7.95,9.77,9.37,8.97,9.98,8.75,7.63,8.3,8.13,9.79,9.52,7.88
1475.48,27,8.8,8.51,8.46,8.91,8.76,8.71,8.94,9.1,9.59,7.95,9.75,9.37,8.98,9.99,8.76,7.62,8.3,8.13,9.79,9.49,7.86
1476.5,27,8.81,8.51,8.44,8.91,8.76,8.69,8.94,9.09,9.57,7.95,9.75,9.35,8.97,9.98,8.75,7.62,8.3,8.11,9.78,9.49,7.85
1477.5,27,8.77,8.5,8.44,8.89,8.76,8.68,8.94,9.09,9.57,7.95,9.77,9.33,8.97,9.96,8.74,7.6,8.28,8.12,9.78,9.49,7.85
1478.5,27,8.79,8.49,8.43,8.91,8.77,8.69,8.95,9.09,9.57,7.96,9.77,9.35,8.98,9.97,8.75,7.61,8.27,8.12,9.79,9.49,7.84
1479.5,27,8.79,8.51,8.44,8.92,8.77,8.69,8.98,9.1,9.56,7.95,9.75,9.35,8.98,9.97,8.74,7.61,8.28,8.12,9.78,9.51,7.85
1480.52,27,8.76,8.5,8.4,8.91,8.76,8.67,8.95,9.09,9.53,7.95,9.74,9.33,8.98,9.94,8.73,7.6,8.26,8.12,9.77,9.49,7.84
1481.52,27,8.77,8.5,8.4,8.93,8.76,8.68,8.98,9.1,9.54,7.97,9.74,9.31,8.98,9.97,8.74,7.6,8.27,8.12,9.79,9.49,7.85
1482.52,27,8.75,8.5,8.4,8.92,8.75,8.65,8.97,9.09,9.53,7.96,9.73,9.3,8.98,9.94,8.73,7.59,8.25,8.12,9.79,9.48,7.84
1483.52,27,8.76,8.5,8.4,8.92,8.77,8.67,8.99,9.1,9.52,7.97,9.73,9.32,8.99,9.96,8.74,7.6,8.26,8.12,9.79,9.49,7.84
1484.52,27,8.74,8.49,8.4,8.93,8.77,8.65,8.98,9.1,9.52,7.97,9.74,9.31,9,9.94,8.74,7.58,8.26,8.11,9.79,9.51,7.85
1485.52,27,8.74,8.47,8.38,8.92,8.76,8.64,8.98,9.1,9.51,7.97,9.72,9.28,8.97,9.94,8.71,7.58,8.23,8.11,9.77,9.47,7.84
1486.53,27,8.73,8.47,8.38,8.92,8.76,8.64,8.97,9.08,9.51,7.97,9.69,9.28,8.98,9.93,8.71,7.55,8.21,8.11,9.77,9.47,7.83
1487.53,27,8.73,8.47,8.38,8.94,8.76,8.64,8.99,9.1,9.51,7.98,9.72,9.27,9,9.94,8.71,7.56,8.25,8.11,9.77,9.48,7.83
1488.53,27,8.73,8.47,8.37,8.93,8.77,8.63,9,9.1,9.51,7.98,9.72,9.27,9,9.93,8.71,7.56,8.25,8.11,9.79,9.48,7.83
1489.53,27,8.69,8.47,8.37,8.94,8.76,8.61,8.98,9.1,9.49,7.97,9.68,9.27,8.99,9.92,8.71,7.55,8.21,8.11,9.77,9.47,7.83
1490.53,27,8.69,8.47,8.34,8.93,8.77,8.62,8.99,9.09,9.47,7.98,9.68,9.27,9,9.92,8.7,7.54,8.21,8.1,9.78,9.47,7.82
1491.53,27,8.68,8.46,8.36,8.93,8.76,8.62,8.99,9.09,9.46,7.98,9.68,9.25,9,9.92,8.71,7.54,8.21,8.1,9.77,9.47,7.82
1492.53,27,8.69,8.46,8.34,8.93,8.77,8.61,8.98,9.09,9.47,7.97,9.68,9.26,8.99,9.91,8.7,7.54,8.2,8.09,9.75,9.47,7.82
1493.55,27,8.69,8.46,8.34,8.93,8.76,8.59,8.99,9.08,9.44,7.97,9.65,9.25,8.98,9.91,8.7,7.53,8.2,8.09,9.75,9.47,7.82
1494.55,27,8.67,8.45,8.34,8.95,8.76,8.61,8.99,9.09,9.46,7.98,9.67,9.25,9,9.91,8.71,7.53,8.2,8.09,9.77,9.47,7.82
1495.57,27,8.67,8.45,8.33,8.94,8.75,8.59,8.99,9.08,9.44,7.97,9.67,9.23,9,9.89,8.68,7.54,8.2,8.1,9.75,9.46,7.82
1496.57,27,8.63,8.42,8.34,8.93,8.75,8.57,8.99,9.09,9.43,7.97,9.64,9.23,9,9.89,8.68,7.52,8.19,8.04,9.74,9.44,7.79
1497.58,27,8.83,8.38,8.53,8.89,8.73,8.57,8.94,9.09,9.44,7.93,9.63,9.27,8.97,9.91,8.8,7.5,8.21,8.16,9.83,9.53,7.84
1498.58,27,8.98,8.39,8.67,8.85,8.71,8.63,8.97,9.08,9.54,7.95,9.63,9.42,8.95,10.03,8.91,7.5,8.34,8.25,9.92,9.62,7.91
1499.58,27,9.06,8.37,8.73,8.83,8.7,8.71,8.98,9.05,9.64,7.97,9.67,9.51,8.98,10.09,8.95,7.55,8.42,8.31,9.96,9.65,7.92
1500.6,27,9.1,8.39,8.77,8.86,8.71,8.77,9,9.04,9.7,7.99,9.74,9.57,8.99,10.15,8.99,7.63,8.47,8.33,9.97,9.67,7.93
1501.6,27,9.15,8.39,8.8,8.88,8.74,8.82,9.04,9.03,9.74,8,9.82,9.62,9.02,10.17,9.02,7.69,8.49,8.36,10.01,9.69,7.96
1502.6,27,9.16,8.38,8.8,8.89,8.74,8.83,9.04,9.03,9.77,8.02,9.86,9.62,9.03,10.17,9.02,7.7,8.51,8.37,9.98,9.7,7.96
1503.6,27,9.19,8.37,8.81,8.91,8.74,8.85,9.04,9.02,9.75,8.02,9.88,9.61,9.02,10.17,9.03,7.73,8.52,8.37,9.99,9.7,7.96
1504.6,27,9.19,8.39,8.81,8.91,8.74,8.85,9.04,9.02,9.78,8.03,9.91,9.63,9.03,10.18,9.04,7.74,8.52,8.38,9.99,9.72,7.96
1505.62,27,9.21,8.39,8.82,8.91,8.74,8.85,9.05,9.03,9.77,8.04,9.92,9.64,9.04,10.21,9.04,7.74,8.55,8.38,9.99,9.73,7.96
1506.62,27,9.2,8.38,8.81,8.92,8.74,8.85,9.05,9.03,9.78,8.04,9.91,9.65,9.04,10.18,9.05,7.74,8.52,8.39,9.98,9.72,7.97
1507.62,27,9.2,8.39,8.81,8.91,8.73,8.85,9.03,9,9.75,8.04,9.89,9.63,9.05,10.17,9.04,7.74,8.52,8.37,9.98,9.72,7.97
1508.62,27,9.2,8.37,8.8,8.89,8.71,8.85,9.03,9.02,9.77,8.03,9.88,9.61,9.05,10.17,9.03,7.73,8.51,8.37,9.96,9.7,7.97
1509.62,27,9.19,8.4,8.8,8.91,8.71,8.85,9.03,9.02,9.75,8.04,9.91,9.62,9.04,10.17,9.04,7.74,8.52,8.38,9.98,9.73,7.97
1510.62,27,9.19,8.39,8.79,8.91,8.71,8.83,9.02,8.98,9.75,8.02,9.89,9.59,9.03,10.15,9.03,7.73,8.52,8.37,9.98,9.7,7.95
1511.63,27,9.17,8.4,8.79,8.89,8.69,8.83,9.02,8.97,9.74,8.02,9.88,9.61,9.02,10.15,9.03,7.73,8.51,8.36,9.97,9.69,7.97
1512.63,27,9.16,8.4,8.77,8.91,8.68,8.82,9,8.95,9.74,8.03,9.87,9.61,9.04,10.16,9.04,7.73,8.51,8.37,9.98,9.7,7.98
1513.63,27,9.14,8.38,8.75,8.87,8.67,8.81,8.98,8.93,9.7,7.98,9.86,9.58,9,10.13,9,7.71,8.49,8.33,9.94,9.68,7.95
1514.63,27,9.14,8.39,8.76,8.87,8.67,8.8,8.98,8.92,9.7,7.99,9.84,9.57,9.02,10.13,9,7.69,8.49,8.33,9.94,9.68,7.96
1515.65,27,9.12,8.38,8.75,8.87,8.64,8.81,8.95,8.91,9.68,7.98,9.83,9.56,9.02,10.11,8.98,7.67,8.47,8.32,9.92,9.67,7.95
1516.65,27,9.11,8.4,8.74,8.87,8.64,8.81,8.95,8.88,9.68,7.97,9.82,9.56,8.98,10.11,8.99,7.69,8.46,8.31,9.93,9.68,7.95
1517.65,27,9.11,8.42,8.73,8.87,8.64,8.8,8.94,8.88,9.68,7.97,9.83,9.54,8.98,10.08,8.99,7.68,8.46,8.3,9.93,9.68,7.95
1518.65,27,9.1,8.4,8.73,8.85,8.63,8.77,8.95,8.87,9.67,7.96,9.82,9.54,8.99,10.08,8.97,7.67,8.44,8.3,9.92,9.65,7.95
1519.65,27,9.09,8.4,8.73,8.83,8.63,8.8,8.93,8.87,9.68,7.96,9.79,9.54,8.98,10.07,8.98,7.66,8.45,8.28,9.92,9.65,7.93
1520.67,27,9.09,8.4,8.7,8.85,8.62,8.79,8.93,8.85,9.67,7.95,9.79,9.52,8.98,10.07,8.97,7.66,8.44,8.27,9.93,9.65,7.96
1521.67,27,9.08,8.39,8.69,8.83,8.61,8.77,8.92,8.82,9.64,7.95,9.77,9.52,8.95,10.07,8.95,7.64,8.43,8.26,9.91,9.65,7.92
1522.67,27,9.08,8.42,8.69,8.82,8.61,8.79,8.92,8.82,9.65,7.93,9.78,9.51,8.95,10.06,8.95,7.64,8.42,8.25,9.91,9.64,7.93
1523.67,27,9.08,8.4,8.69,8.81,8.61,8.77,8.89,8.81,9.65,7.92,9.77,9.49,8.95,10.06,8.94,7.64,8.43,8.25,9.89,9.64,7.93
1524.67,27,9.03,8.4,8.67,8.8,8.58,8.76,8.87,8.77,9.62,7.9,9.74,9.49,8.92,10.02,8.92,7.62,8.4,8.23,9.88,9.62,7.91
1525.67,27,9.04,8.4,8.67,8.8,8.59,8.76,8.88,8.77,9.63,7.9,9.75,9.49,8.93,10.03,8.92,7.62,8.42,8.23,9.88,9.63,7.92
1526.67,27,9.04,8.42,8.65,8.79,8.58,8.76,8.87,8.77,9.62,7.89,9.73,9.49,8.91,10.04,8.92,7.61,8.39,8.21,9.86,9.62,7.92
1527.67,27,9.02,8.42,8.67,8.77,8.57,8.75,8.85,8.77,9.63,7.88,9.74,9.47,8.91,10.03,8.91,7.6,8.4,8.2,9.87,9.62,7.91
1528.67,27,9.02,8.4,8.64,8.76,8.57,8.74,8.86,8.77,9.59,7.86,9.73,9.46,8.91,10.01,8.89,7.6,8.38,8.19,9.84,9.59,7.9
1529.68,27,9,8.42,8.64,8.75,8.56,8.74,8.85,8.75,9.59,7.84,9.73,9.46,8.89,10.02,8.88,7.59,8.37,8.19,9.82,9.61,7.9
1530.68,27,9,8.42,8.62,8.75,8.56,8.75,8.85,8.75,9.59,7.85,9.7,9.46,8.88,10.02,8.88,7.6,8.37,8.18,9.84,9.59,7.9
1531.68,27,8.99,8.42,8.62,8.74,8.55,8.74,8.82,8.75,9.61,7.83,9.72,9.44,8.88,10.01,8.89,7.56,8.36,8.16,9.83,9.59,7.9
1532.68,27,8.99,8.42,8.62,8.74,8.56,8.74,8.81,8.74,9.59,7.82,9.7,9.44,8.86,9.99,8.87,7.58,8.36,8.16,9.82,9.58,7.89
1533.68,27,8.99,8.42,8.61,8.73,8.55,8.75,8.81,8.74,9.59,7.82,9.7,9.46,8.86,9.98,8.88,7.56,8.34,8.14,9.79,9.58,7.89
1534.7,27,8.97,8.4,8.61,8.7,8.52,8.73,8.79,8.74,9.58,7.81,9.69,9.42,8.85,9.99,8.86,7.55,8.36,8.13,9.79,9.56,7.88
1535.7,27,8.95,8.39,8.59,8.69,8.51,8.71,8.79,8.74,9.56,7.79,9.68,9.42,8.83,9.97,8.85,7.54,8.33,8.1,9.78,9.56,7.86
1536.7,27,8.94,8.42,8.58,8.68,8.53,8.71,8.79,8.75,9.57,7.78,9.69,9.42,8.82,9.98,8.86,7.54,8.32,8.11,9.79,9.56,7.88
1537.72,27,8.93,8.39,8.58,8.65,8.51,8.7,8.76,8.73,9.56,7.77,9.65,9.39,8.81,9.96,8.83,7.53,8.31,8.09,9.77,9.54,7.85
1538.72,27,8.93,8.42,8.57,8.67,8.51,8.71,8.76,8.75,9.56,7.76,9.67,9.41,8.81,9.97,8.83,7.54,8.32,8.09,9.77,9.56,7.85
1539.72,27,8.91,8.4,8.55,8.63,8.49,8.7,8.74,8.73,9.54,7.74,9.67,9.37,8.8,9.94,8.81,7.52,8.28,8.07,9.75,9.53,7.86
1540.72,27,8.92,8.4,8.57,8.64,8.5,8.7,8.75,8.76,9.57,7.74,9.67,9.39,8.79,9.96,8.83,7.52,8.3,8.07,9.77,9.54,7.85
1541.72,27,8.88,8.4,8.55,8.63,8.5,8.7,8.73,8.75,9.56,7.74,9.65,9.38,8.77,9.96,8.81,7.52,8.28,8.05,9.75,9.53,7.85
1542.72,27,8.88,8.39,8.52,8.61,8.5,8.69,8.71,8.75,9.54,7.71,9.65,9.37,8.77,9.93,8.8,7.48,8.3,8.04,9.74,9.51,7.84
1543.72,27,8.88,8.39,8.52,8.61,8.5,8.69,8.7,8.75,9.52,7.71,9.64,9.35,8.77,9.93,8.8,7.48,8.27,8.03,9.72,9.49,7.83
1544.72,27,8.86,8.39,8.52,8.58,8.47,8.68,8.7,8.75,9.53,7.7,9.64,9.36,8.76,9.93,8.79,7.5,8.27,8.03,9.73,9.49,7.84
1545.73,27,8.87,8.4,8.52,8.59,8.49,8.69,8.7,8.75,9.53,7.69,9.64,9.37,8.76,9.92,8.79,7.48,8.27,8.03,9.72,9.51,7.83
1546.73,27,8.82,8.39,8.5,8.57,8.47,8.68,8.69,8.76,9.53,7.69,9.64,9.33,8.74,9.93,8.77,7.48,8.25,8,9.7,9.49,7.83
1547.73,27,8.82,8.39,8.5,8.57,8.47,8.67,8.67,8.76,9.51,7.68,9.62,9.33,8.74,9.92,8.76,7.48,8.25,8,9.69,9.49,7.82
1548.73,27,8.81,8.38,8.49,8.56,8.47,8.68,8.67,8.76,9.51,7.68,9.62,9.33,8.75,9.91,8.74,7.47,8.25,8,9.7,9.48,7.82
1549.73,27,8.81,8.39,8.49,8.56,8.47,8.68,8.68,8.79,9.52,7.66,9.64,9.33,8.75,9.92,8.75,7.48,8.24,7.99,9.7,9.48,7.82
1550.75,27,8.79,8.38,8.47,8.53,8.49,8.67,8.67,8.79,9.49,7.66,9.62,9.31,8.74,9.91,8.74,7.47,8.23,7.98,9.69,9.47,7.82
1551.75,27,8.77,8.39,8.47,8.53,8.47,8.67,8.67,8.79,9.49,7.64,9.62,9.31,8.74,9.89,8.73,7.45,8.24,7.98,9.69,9.47,7.79
1552.75,27,8.8,8.39,8.46,8.53,8.47,8.69,8.67,8.8,9.51,7.66,9.62,9.33,8.74,9.91,8.73,7.47,8.23,7.98,9.69,9.48,7.81
1553.75,27,8.76,8.39,8.44,8.51,8.47,8.65,8.65,8.81,9.48,7.64,9.61,9.3,8.74,9.88,8.71,7.46,8.23,7.97,9.68,9.46,7.79
1554.75,27,8.76,8.38,8.43,8.5,8.46,8.65,8.65,8.8,9.47,7.66,9.59,9.28,8.73,9.88,8.69,7.46,8.21,7.96,9.67,9.46,7.78
1555.77,27,8.76,8.38,8.44,8.51,8.47,8.67,8.64,8.81,9.48,7.66,9.61,9.3,8.74,9.88,8.71,7.46,8.21,7.97,9.67,9.47,7.79
1556.77,27,8.73,8.38,8.43,8.5,8.47,8.65,8.64,8.81,9.47,7.64,9.59,9.28,8.74,9.88,8.7,7.45,8.2,7.96,9.64,9.44,7.78
1557.77,27,8.75,8.38,8.43,8.51,8.49,8.67,8.63,8.82,9.48,7.66,9.62,9.28,8.74,9.87,8.69,7.46,8.18,7.96,9.65,9.46,7.78
1558.78,27,8.75,8.38,8.44,8.51,8.5,8.65,8.63,8.83,9.47,7.67,9.61,9.28,8.75,9.89,8.69,7.46,8.21,7.96,9.67,9.44,7.78
1559.78,27,8.71,8.38,8.42,8.5,8.47,8.65,8.63,8.83,9.47,7.64,9.59,9.27,8.75,9.87,8.68,7.45,8.19,7.95,9.64,9.44,7.78
1560.78,27,8.73,8.4,8.42,8.51,8.47,8.65,8.64,8.83,9.47,7.64,9.61,9.27,8.75,9.88,8.69,7.46,8.2,7.95,9.64,9.43,7.79
1561.78,27,8.7,8.37,8.4,8.51,8.47,8.64,8.63,8.83,9.46,7.66,9.61,9.26,8.74,9.87,8.67,7.44,8.19,7.95,9.64,9.44,7.77
1562.8,27,8.71,8.39,8.4,8.52,8.49,8.64,8.64,8.85,9.46,7.64,9.61,9.26,8.74,9.88,8.68,7.46,8.2,7.95,9.65,9.44,7.78
1563.8,27,8.68,8.37,8.38,8.52,8.5,8.64,8.63,8.85,9.43,7.66,9.58,9.23,8.74,9.87,8.65,7.43,8.18,7.92,9.62,9.42,7.77
1564.8,27,8.69,8.37,8.37,8.51,8.49,8.63,8.62,8.83,9.44,7.64,9.58,9.25,8.74,9.86,8.65,7.44,8.18,7.92,9.61,9.42,7.77
1565.8,27,8.65,8.37,8.38,8.51,8.47,8.63,8.62,8.86,9.43,7.63,9.58,9.23,8.74,9.86,8.63,7.43,8.17,7.91,9.62,9.41,7.76
1566.8,27,8.65,8.37,8.36,8.52,8.47,8.62,8.61,8.85,9.43,7.64,9.59,9.23,8.74,9.86,8.64,7.43,8.18,7.91,9.59,9.41,7.74
1567.8,27,8.64,8.33,8.33,8.51,8.47,8.61,8.58,8.85,9.41,7.62,9.57,9.21,8.71,9.83,8.61,7.42,8.13,7.88,9.59,9.38,7.73
1568.8,27,8.63,8.34,8.34,8.52,8.49,8.62,8.59,8.83,9.42,7.64,9.56,9.21,8.71,9.83,8.61,7.4,8.16,7.88,9.59,9.38,7.73
1569.8,27,8.62,8.34,8.33,8.52,8.47,8.61,8.61,8.83,9.39,7.61,9.56,9.2,8.73,9.84,8.61,7.4,8.14,7.88,9.59,9.38,7.73
1570.82,27,8.62,8.34,8.32,8.55,8.49,8.62,8.61,8.85,9.41,7.63,9.57,9.2,8.71,9.83,8.61,7.4,8.14,7.88,9.59,9.38,7.74
1571.82,27,8.62,8.33,8.33,8.55,8.49,8.62,8.59,8.86,9.39,7.62,9.57,9.19,8.71,9.83,8.58,7.4,8.13,7.88,9.59,9.39,7.73
1572.82,27,8.59,8.34,8.32,8.55,8.49,8.59,8.59,8.86,9.38,7.61,9.56,9.17,8.69,9.83,8.58,7.39,8.13,7.85,9.58,9.36,7.73
1573.82,27,8.59,8.34,8.31,8.55,8.49,8.59,8.59,8.85,9.39,7.62,9.54,9.19,8.7,9.8,8.57,7.38,8.12,7.84,9.58,9.37,7.71
1574.82,27,8.59,8.34,8.32,8.57,8.47,8.59,8.58,8.86,9.39,7.63,9.56,9.19,8.71,9.82,8.57,7.39,8.13,7.85,9.58,9.37,7.71
1575.83,27,8.58,8.33,8.31,8.56,8.49,8.59,8.61,8.86,9.38,7.62,9.54,9.16,8.7,9.82,8.56,7.37,8.11,7.84,9.57,9.36,7.7
1576.83,27,8.57,8.32,8.3,8.57,8.49,8.58,8.59,8.87,9.37,7.63,9.53,9.16,8.69,9.8,8.56,7.37,8.11,7.84,9.57,9.35,7.7
1577.83,27,8.58,8.33,8.31,8.59,8.49,8.59,8.61,8.87,9.36,7.62,9.54,9.16,8.7,9.82,8.56,7.38,8.11,7.84,9.57,9.36,7.71
1578.83,27,8.56,8.32,8.28,8.58,8.47,8.59,8.61,8.86,9.36,7.61,9.53,9.15,8.69,9.8,8.56,7.36,8.11,7.82,9.54,9.35,7.69
1579.83,27,8.55,8.32,8.28,8.59,8.49,8.58,8.61,8.87,9.36,7.63,9.54,9.15,8.71,9.8,8.52,7.36,8.11,7.82,9.56,9.33,7.69
1580.83,27,8.55,8.32,8.27,8.58,8.49,8.58,8.61,8.86,9.36,7.63,9.52,9.14,8.7,9.8,8.53,7.36,8.11,7.82,9.57,9.32,7.69
1581.85,27,8.53,8.31,8.28,8.59,8.49,8.58,8.59,8.87,9.36,7.63,9.53,9.11,8.7,9.79,8.53,7.35,8.07,7.81,9.57,9.33,7.69
1582.85,27,8.52,8.32,8.26,8.59,8.49,8.57,8.59,8.86,9.32,7.62,9.51,9.11,8.69,9.79,8.52,7.35,8.07,7.81,9.53,9.32,7.68
1583.85,27,8.51,8.32,8.26,8.62,8.47,8.58,8.62,8.87,9.33,7.63,9.51,9.11,8.69,9.79,8.51,7.35,8.09,7.79,9.56,9.32,7.68
1584.85,27,8.5,8.31,8.26,8.62,8.49,8.58,8.62,8.86,9.33,7.63,9.52,9.11,8.7,9.78,8.51,7.34,8.07,7.79,9.54,9.32,7.68
1585.85,27,8.5,8.31,8.26,8.61,8.5,8.58,8.62,8.87,9.32,7.62,9.51,9.09,8.69,9.78,8.49,7.34,8.06,7.78,9.54,9.32,7.68
1586.85,27,8.47,8.28,8.24,8.61,8.49,8.57,8.59,8.86,9.31,7.63,9.47,9.08,8.7,9.77,8.49,7.31,8.05,7.76,9.51,9.3,7.66
1587.87,27,8.47,8.3,8.25,8.62,8.47,8.57,8.62,8.87,9.31,7.63,9.48,9.08,8.7,9.77,8.47,7.31,8.05,7.77,9.51,9.31,7.67
1588.87,27,8.46,8.3,8.23,8.61,8.47,8.57,8.62,8.85,9.28,7.63,9.48,9.06,8.7,9.75,8.49,7.3,8.05,7.76,9.52,9.28,7.67
1589.87,27,8.46,8.3,8.24,8.61,8.49,8.57,8.62,8.86,9.28,7.62,9.47,9.06,8.69,9.75,8.47,7.3,8.05,7.75,9.53,9.28,7.66
1590.87,27,8.44,8.28,8.23,8.62,8.49,8.56,8.61,8.85,9.27,7.63,9.46,9.04,8.69,9.74,8.45,7.29,8.02,7.74,9.52,9.28,7.66
1591.87,27,8.43,8.28,8.23,8.62,8.46,8.56,8.62,8.86,9.26,7.63,9.47,9.03,8.69,9.74,8.45,7.27,8.03,7.73,9.51,9.27,7.64
1592.87,27,8.42,8.28,8.24,8.63,8.47,8.57,8.62,8.85,9.28,7.64,9.46,9.04,8.69,9.75,8.44,7.27,8.03,7.73,9.51,9.28,7.64
1593.87,27,8.42,8.27,8.23,8.63,8.49,8.58,8.62,8.85,9.27,7.63,9.44,9.04,8.69,9.73,8.44,7.28,8.03,7.73,9.51,9.26,7.63
1594.87,27,8.42,8.27,8.23,8.63,8.49,8.57,8.62,8.85,9.26,7.64,9.46,9.03,8.69,9.73,8.44,7.27,8.02,7.71,9.52,9.27,7.64
1595.88,27,8.39,8.26,8.23,8.61,8.47,8.57,8.62,8.82,9.25,7.61,9.42,9,8.68,9.72,8.4,7.26,7.99,7.69,9.47,9.25,7.63
1596.88,27,8.39,8.27,8.24,8.62,8.46,8.57,8.62,8.85,9.25,7.64,9.42,9,8.67,9.72,8.4,7.25,7.98,7.7,9.48,9.25,7.63
1597.88,27,8.39,8.26,8.24,8.63,8.47,8.58,8.63,8.85,9.23,7.64,9.42,9,8.69,9.72,8.42,7.23,7.99,7.69,9.48,9.26,7.63
1598.88,27,8.39,8.27,8.24,8.64,8.49,8.58,8.64,8.86,9.25,7.64,9.43,9,8.7,9.73,8.42,7.25,8,7.69,9.51,9.26,7.64
1599.88,27,8.38,8.26,8.24,8.63,8.47,8.58,8.62,8.85,9.21,7.63,9.41,8.99,8.69,9.69,8.42,7.23,7.98,7.69,9.48,9.25,7.62
1600.88,27,8.36,8.25,8.24,8.63,8.45,8.57,8.63,8.83,9.22,7.62,9.38,8.98,8.68,9.69,8.39,7.22,7.97,7.67,9.46,9.21,7.61
1601.88,27,8.37,8.24,8.24,8.63,8.46,8.56,8.63,8.83,9.2,7.62,9.37,8.97,8.67,9.69,8.39,7.2,7.97,7.66,9.48,9.23,7.6
1602.88,27,8.37,8.26,8.25,8.63,8.47,8.58,8.63,8.83,9.21,7.63,9.38,8.97,8.69,9.69,8.4,7.2,7.97,7.67,9.47,9.23,7.61
1603.88,27,8.37,8.24,8.25,8.63,8.47,8.58,8.63,8.83,9.2,7.63,9.38,8.97,8.68,9.69,8.39,7.2,7.97,7.66,9.48,9.21,7.61
1604.88,27,8.33,8.24,8.25,8.64,8.47,8.58,8.64,8.82,9.19,7.63,9.38,8.97,8.69,9.69,8.39,7.18,7.96,7.64,9.47,9.22,7.61
1605.9,27,8.33,8.25,8.27,8.63,8.47,8.61,8.64,8.82,9.2,7.63,9.36,8.95,8.7,9.69,8.38,7.19,7.95,7.64,9.46,9.22,7.6
1606.9,27,8.34,8.24,8.26,8.62,8.44,8.59,8.63,8.8,9.17,7.63,9.33,8.92,8.68,9.67,8.36,7.17,7.92,7.62,9.46,9.2,7.59
1607.9,27,8.34,8.24,8.27,8.62,8.45,8.59,8.63,8.81,9.16,7.62,9.35,8.93,8.68,9.68,8.38,7.16,7.92,7.62,9.46,9.2,7.59
1608.9,27,8.36,8.24,8.27,8.62,8.45,8.59,8.63,8.81,9.17,7.62,9.35,8.92,8.67,9.67,8.37,7.16,7.93,7.61,9.44,9.2,7.59
1609.9,27,8.34,8.23,8.28,8.63,8.45,8.59,8.63,8.81,9.17,7.62,9.32,8.89,8.67,9.65,8.36,7.14,7.91,7.6,9.44,9.19,7.58
1610.9,27,8.51,8.18,8.39,8.61,8.43,8.61,8.59,8.8,9.17,7.6,9.31,8.92,8.64,9.63,8.44,7.14,7.9,7.68,9.51,9.26,7.6
1611.9,27,8.7,8.17,8.49,8.53,8.43,8.62,8.61,8.79,9.25,7.6,9.31,9.08,8.63,9.74,8.62,7.11,8.03,7.88,9.64,9.38,7.69
1612.9,27,8.83,8.18,8.56,8.57,8.42,8.68,8.67,8.76,9.37,7.66,9.33,9.22,8.71,9.87,8.73,7.21,8.16,7.99,9.74,9.48,7.75
1613.9,27,8.92,8.18,8.58,8.61,8.45,8.7,8.74,8.76,9.44,7.71,9.42,9.3,8.75,9.93,8.79,7.32,8.24,8.05,9.79,9.51,7.76
1614.9,27,8.94,8.17,8.59,8.61,8.45,8.7,8.76,8.76,9.49,7.74,9.52,9.36,8.8,9.97,8.81,7.39,8.26,8.1,9.79,9.52,7.78
1615.92,27,8.98,8.17,8.59,8.64,8.47,8.71,8.8,8.76,9.53,7.79,9.61,9.38,8.82,10.01,8.83,7.46,8.31,8.12,9.82,9.56,7.79
1616.92,27,9,8.19,8.62,8.68,8.49,8.73,8.81,8.79,9.53,7.82,9.63,9.42,8.86,10.03,8.87,7.47,8.33,8.16,9.84,9.58,7.82
1617.92,27,9.02,8.17,8.59,8.67,8.49,8.71,8.81,8.79,9.53,7.83,9.67,9.42,8.86,10.02,8.87,7.48,8.32,8.16,9.82,9.56,7.82
1618.92,27,8.99,8.17,8.59,8.67,8.46,8.7,8.79,8.79,9.53,7.82,9.67,9.39,8.86,10.01,8.87,7.5,8.33,8.16,9.82,9.57,7.79
1619.92,27,9,8.18,8.59,8.67,8.49,8.7,8.8,8.77,9.53,7.83,9.68,9.41,8.87,10.02,8.87,7.51,8.34,8.16,9.82,9.58,7.81
1620.92,27,9,8.17,8.58,8.68,8.47,8.69,8.8,8.79,9.53,7.83,9.69,9.42,8.87,10.02,8.87,7.51,8.33,8.16,9.82,9.58,7.81
1621.92,27,8.99,8.18,8.58,8.68,8.46,8.68,8.8,8.8,9.52,7.83,9.68,9.41,8.87,10.02,8.87,7.5,8.33,8.16,9.83,9.58,7.79
1622.92,27,8.98,8.18,8.55,8.67,8.45,8.67,8.79,8.77,9.51,7.82,9.68,9.38,8.86,9.99,8.86,7.48,8.31,8.14,9.8,9.57,7.81
1623.92,27,8.98,8.19,8.56,8.68,8.45,8.67,8.8,8.76,9.51,7.83,9.69,9.39,8.87,10.01,8.86,7.5,8.32,8.16,9.8,9.58,7.81
1624.92,27,8.97,8.2,8.55,8.67,8.44,8.65,8.77,8.75,9.48,7.82,9.67,9.38,8.86,9.98,8.86,7.48,8.32,8.13,9.78,9.56,7.81
1625.92,27,8.95,8.18,8.52,8.65,8.43,8.63,8.75,8.73,9.47,7.79,9.67,9.36,8.86,9.98,8.83,7.48,8.31,8.12,9.79,9.54,7.79
1626.92,27,8.93,8.18,8.52,8.65,8.42,8.63,8.75,8.71,9.47,7.79,9.65,9.36,8.86,9.97,8.83,7.47,8.31,8.12,9.79,9.56,7.79
1627.92,27,8.93,8.18,8.51,8.64,8.4,8.61,8.74,8.7,9.44,7.77,9.64,9.33,8.83,9.94,8.82,7.46,8.28,8.1,9.78,9.53,7.81
1628.92,27,8.92,8.18,8.51,8.64,8.4,8.62,8.74,8.68,9.42,7.77,9.63,9.32,8.83,9.96,8.82,7.47,8.3,8.11,9.78,9.53,7.81
1629.92,27,8.91,8.19,8.5,8.63,8.38,8.61,8.71,8.67,9.42,7.77,9.62,9.32,8.82,9.93,8.82,7.45,8.27,8.1,9.78,9.53,7.81
1630.92,27,8.89,8.19,8.47,8.62,8.37,8.59,8.71,8.64,9.42,7.76,9.61,9.31,8.81,9.93,8.8,7.44,8.26,8.09,9.75,9.52,7.79
1631.92,27,8.88,8.19,8.46,8.62,8.38,8.58,8.7,8.64,9.41,7.74,9.59,9.31,8.8,9.92,8.8,7.44,8.26,8.06,9.74,9.49,7.79
1632.93,27,8.89,8.2,8.47,8.61,8.36,8.58,8.7,8.62,9.41,7.73,9.59,9.31,8.81,9.92,8.81,7.44,8.26,8.05,9.74,9.52,7.79
1633.93,27,8.86,8.19,8.45,8.59,8.34,8.57,8.68,8.61,9.37,7.73,9.58,9.27,8.79,9.89,8.79,7.43,8.24,8.04,9.73,9.51,7.77
1634.93,27,8.86,8.19,8.45,8.59,8.34,8.57,8.68,8.58,9.37,7.7,9.58,9.27,8.8,9.89,8.79,7.42,8.23,8.04,9.73,9.51,7.77
1635.95,27,8.83,8.18,8.43,8.57,8.34,8.55,8.64,8.56,9.36,7.69,9.54,9.26,8.79,9.88,8.75,7.4,8.23,8.02,9.72,9.48,7.77
1636.95,27,8.83,8.19,8.43,8.58,8.34,8.57,8.67,8.57,9.38,7.7,9.56,9.26,8.77,9.88,8.76,7.4,8.23,8.03,9.73,9.49,7.77
1637.95,27,8.83,8.19,8.43,8.56,8.32,8.55,8.64,8.55,9.38,7.68,9.54,9.25,8.76,9.88,8.75,7.39,8.21,8.02,9.7,9.48,7.77
1638.95,27,8.82,8.19,8.4,8.55,8.32,8.56,8.62,8.55,9.37,7.68,9.53,9.25,8.76,9.86,8.74,7.39,8.19,8,9.68,9.47,7.77
1639.95,27,8.81,8.19,8.4,8.55,8.3,8.55,8.62,8.53,9.33,7.66,9.52,9.25,8.75,9.87,8.74,7.36,8.2,7.99,9.69,9.47,7.75
1640.95,27,8.82,8.2,8.42,8.55,8.32,8.55,8.62,8.52,9.36,7.67,9.53,9.25,8.75,9.87,8.75,7.37,8.2,8,9.69,9.47,7.77
1641.95,27,8.8,8.19,8.4,8.53,8.3,8.53,8.61,8.52,9.35,7.64,9.53,9.23,8.73,9.84,8.75,7.37,8.19,7.97,9.69,9.47,7.76
1642.95,27,8.79,8.21,8.39,8.51,8.3,8.55,8.59,8.51,9.35,7.64,9.53,9.23,8.74,9.84,8.74,7.36,8.18,7.97,9.68,9.47,7.76
1643.95,27,8.76,8.19,8.37,8.51,8.27,8.52,8.59,8.49,9.31,7.62,9.51,9.22,8.71,9.83,8.73,7.35,8.18,7.96,9.64,9.44,7.74
1644.95,27,8.77,8.2,8.38,8.5,8.28,8.53,8.57,8.49,9.32,7.61,9.49,9.21,8.7,9.83,8.71,7.34,8.17,7.93,9.65,9.46,7.74
1645.95,27,8.74,8.18,8.36,8.47,8.25,8.51,8.55,8.47,9.31,7.59,9.49,9.19,8.7,9.8,8.69,7.31,8.14,7.92,9.64,9.42,7.73
1646.95,27,8.75,8.19,8.36,8.46,8.25,8.51,8.56,8.46,9.32,7.59,9.48,9.19,8.7,9.82,8.69,7.32,8.14,7.9,9.63,9.42,7.74
1647.97,27,8.75,8.21,8.36,8.47,8.26,8.52,8.55,8.46,9.3,7.6,9.48,9.2,8.69,9.82,8.7,7.32,8.16,7.91,9.63,9.42,7.71
1648.97,27,8.74,8.2,8.34,8.45,8.24,8.51,8.53,8.46,9.3,7.55,9.47,9.19,8.67,9.8,8.67,7.31,8.13,7.89,9.59,9.41,7.73
1649.97,27,8.71,8.19,8.32,8.43,8.24,8.5,8.51,8.45,9.28,7.55,9.46,9.16,8.65,9.79,8.67,7.3,8.13,7.86,9.59,9.39,7.71
1650.97,27,8.7,8.2,8.33,8.44,8.24,8.5,8.5,8.45,9.3,7.54,9.47,9.16,8.65,9.8,8.67,7.29,8.13,7.88,9.59,9.39,7.71
1651.97,27,8.71,8.2,8.32,8.43,8.23,8.49,8.5,8.45,9.27,7.54,9.47,9.16,8.64,9.8,8.67,7.29,8.13,7.86,9.58,9.39,7.7
1652.97,27,8.68,8.2,8.31,8.43,8.23,8.5,8.49,8.45,9.28,7.54,9.47,9.16,8.64,9.79,8.65,7.28,8.11,7.85,9.58,9.39,7.69
1653.97,27,8.69,8.19,8.31,8.4,8.21,8.49,8.49,8.44,9.26,7.52,9.44,9.12,8.63,9.77,8.63,7.28,8.11,7.83,9.57,9.38,7.69
1654.97,27,8.67,8.2,8.3,8.39,8.21,8.47,8.47,8.44,9.27,7.51,9.44,9.14,8.62,9.78,8.63,7.26,8.09,7.82,9.56,9.37,7.69
1655.97,27,8.64,8.18,8.28,8.38,8.23,8.47,8.46,8.45,9.25,7.48,9.44,9.12,8.61,9.77,8.62,7.26,8.09,7.81,9.54,9.37,7.67
1656.97,27,8.65,8.19,8.27,8.38,8.21,8.47,8.45,8.45,9.25,7.47,9.43,9.12,8.61,9.77,8.61,7.26,8.09,7.79,9.53,9.37,7.69
1657.98,27,8.64,8.17,8.26,8.36,8.2,8.47,8.43,8.45,9.26,7.46,9.43,9.1,8.58,9.74,8.61,7.23,8.06,7.78,9.52,9.35,7.67
1658.98,27,8.64,8.19,8.27,8.36,8.2,8.47,8.44,8.47,9.26,7.46,9.42,9.11,8.58,9.75,8.59,7.25,8.07,7.79,9.53,9.37,7.68
1659.98,27,8.62,8.19,8.26,8.36,8.19,8.46,8.42,8.45,9.22,7.46,9.42,9.1,8.57,9.74,8.58,7.25,8.06,7.77,9.52,9.35,7.68
1660.98,27,8.63,8.18,8.25,8.33,8.2,8.49,8.42,8.46,9.25,7.46,9.41,9.1,8.56,9.75,8.58,7.23,8.06,7.77,9.52,9.33,7.67
1661.98,27,8.61,8.18,8.25,8.33,8.2,8.46,8.4,8.46,9.23,7.44,9.41,9.1,8.57,9.74,8.58,7.23,8.05,7.76,9.52,9.33,7.67
1662.98,27,8.58,8.16,8.23,8.31,8.18,8.46,8.4,8.46,9.22,7.42,9.41,9.09,8.56,9.73,8.57,7.21,8.04,7.75,9.49,9.32,7.66
1663.98,27,8.57,8.18,8.23,8.3,8.18,8.46,8.39,8.46,9.22,7.42,9.41,9.08,8.55,9.73,8.56,7.22,8.04,7.74,9.48,9.32,7.66
1664.98,27,8.57,8.19,8.23,8.3,8.19,8.45,8.39,8.47,9.22,7.4,9.39,9.06,8.52,9.72,8.56,7.21,8.04,7.73,9.49,9.31,7.64
1665.98,27,8.57,8.16,8.21,8.28,8.18,8.45,8.37,8.49,9.21,7.39,9.38,9.06,8.51,9.7,8.55,7.2,8.03,7.7,9.49,9.31,7.64
1666.98,27,8.53,8.17,8.21,8.27,8.17,8.44,8.36,8.47,9.2,7.38,9.37,9.05,8.51,9.7,8.53,7.19,8.02,7.7,9.46,9.31,7.62
1667.98,27,8.57,8.19,8.21,8.27,8.19,8.46,8.36,8.51,9.21,7.39,9.39,9.05,8.52,9.7,8.55,7.21,7.99,7.7,9.48,9.31,7.63
1668.98,27,8.53,8.17,8.19,8.24,8.17,8.43,8.34,8.5,9.21,7.37,9.37,9.02,8.51,9.7,8.52,7.19,8,7.69,9.47,9.28,7.61
1669.98,27,8.51,8.17,8.2,8.25,8.18,8.44,8.34,8.51,9.2,7.37,9.37,9.03,8.51,9.7,8.5,7.19,7.99,7.69,9.46,9.3,7.62
1670.98,27,8.5,8.16,8.18,8.23,8.17,8.44,8.34,8.51,9.19,7.36,9.37,9.03,8.51,9.69,8.51,7.18,7.98,7.68,9.46,9.27,7.61
1672,27,8.51,8.18,8.19,8.24,8.18,8.45,8.34,8.51,9.2,7.37,9.37,9.03,8.51,9.68,8.5,7.19,7.99,7.68,9.46,9.3,7.61
1673,27,8.5,8.16,8.17,8.2,8.17,8.43,8.33,8.52,9.17,7.36,9.36,9.02,8.5,9.68,8.49,7.17,7.98,7.66,9.43,9.27,7.6
1674,27,8.46,8.16,8.17,8.2,8.17,8.43,8.32,8.52,9.17,7.36,9.36,9,8.51,9.68,8.49,7.18,7.97,7.66,9.44,9.28,7.6
1675,27,8.47,8.16,8.17,8.19,8.17,8.43,8.32,8.53,9.16,7.35,9.35,8.99,8.49,9.67,8.47,7.16,7.96,7.66,9.43,9.27,7.59
1676,27,8.45,8.16,8.17,8.18,8.16,8.43,8.33,8.53,9.16,7.35,9.35,8.98,8.51,9.67,8.46,7.16,7.96,7.64,9.43,9.26,7.6
1677,27,8.46,8.16,8.16,8.17,8.16,8.43,8.31,8.55,9.17,7.35,9.33,9,8.51,9.65,8.45,7.16,7.96,7.64,9.42,9.25,7.59
1678,27,8.44,8.14,8.13,8.16,8.17,8.42,8.31,8.53,9.16,7.32,9.33,8.99,8.49,9.65,8.45,7.13,7.95,7.63,9.42,9.25,7.59
1679.02,27,8.44,8.14,8.13,8.14,8.17,8.42,8.31,8.55,9.16,7.32,9.33,8.98,8.5,9.63,8.44,7.16,7.95,7.63,9.42,9.25,7.59
1680.02,27,8.42,8.16,8.13,8.14,8.17,8.42,8.31,8.55,9.16,7.32,9.33,8.98,8.49,9.65,8.43,7.14,7.93,7.61,9.39,9.23,7.59
1681.02,27,8.43,8.13,8.13,8.13,8.17,8.42,8.3,8.55,9.15,7.32,9.32,8.98,8.5,9.65,8.42,7.13,7.93,7.6,9.41,9.22,7.58
1682.02,27,8.43,8.14,8.12,8.13,8.16,8.42,8.28,8.55,9.14,7.31,9.32,8.97,8.49,9.64,8.43,7.12,7.93,7.6,9.39,9.23,7.56
1683.02,27,8.42,8.14,8.11,8.12,8.16,8.39,8.28,8.55,9.15,7.31,9.31,8.95,8.49,9.63,8.42,7.12,7.92,7.6,9.38,9.22,7.55
1684.02,27,8.42,8.13,8.13,8.12,8.17,8.39,8.28,8.57,9.12,7.3,9.3,8.95,8.49,9.63,8.42,7.12,7.91,7.59,9.36,9.22,7.54
1685.02,27,8.4,8.12,8.11,8.11,8.17,8.4,8.27,8.57,9.14,7.31,9.3,8.95,8.49,9.63,8.4,7.12,7.91,7.59,9.36,9.22,7.56
1686.03,27,8.39,8.12,8.11,8.12,8.16,8.4,8.26,8.57,9.14,7.3,9.3,8.95,8.47,9.63,8.4,7.11,7.91,7.59,9.37,9.21,7.55
1687.03,27,8.38,8.13,8.1,8.1,8.16,8.4,8.25,8.56,9.12,7.3,9.28,8.94,8.47,9.61,8.39,7.1,7.9,7.58,9.35,9.2,7.54
1688.03,27,8.38,8.12,8.1,8.1,8.16,8.4,8.26,8.57,9.12,7.3,9.27,8.94,8.47,9.62,8.39,7.1,7.89,7.56,9.35,9.2,7.53
1689.03,27,8.36,8.12,8.09,8.1,8.14,8.4,8.25,8.57,9.11,7.28,9.28,8.92,8.45,9.61,8.37,7.1,7.88,7.55,9.33,9.2,7.53
1690.03,27,8.36,8.11,8.07,8.11,8.14,8.38,8.25,8.57,9.11,7.27,9.27,8.91,8.46,9.61,8.37,7.09,7.88,7.54,9.35,9.17,7.53
1691.03,27,8.33,8.11,8.07,8.09,8.13,8.38,8.23,8.57,9.11,7.27,9.26,8.91,8.46,9.61,8.36,7.07,7.86,7.53,9.31,9.17,7.51
1692.03,27,8.34,8.12,8.09,8.1,8.17,8.39,8.25,8.58,9.1,7.28,9.26,8.92,8.46,9.59,8.36,7.07,7.88,7.54,9.33,9.19,7.53
1693.03,27,8.33,8.11,8.07,8.1,8.14,8.38,8.23,8.57,9.1,7.27,9.26,8.91,8.45,9.59,8.33,7.07,7.88,7.53,9.32,9.19,7.51
1694.03,27,8.32,8.09,8.06,8.09,8.14,8.38,8.23,8.57,9.08,7.26,9.23,8.87,8.43,9.56,8.33,7.05,7.85,7.51,9.31,9.16,7.51
1695.03,27,8.33,8.1,8.06,8.1,8.16,8.39,8.23,8.58,9.09,7.27,9.25,8.88,8.45,9.59,8.32,7.04,7.85,7.5,9.31,9.17,7.51
1696.05,27,8.32,8.1,8.05,8.1,8.13,8.38,8.21,8.57,9.08,7.25,9.23,8.88,8.44,9.58,8.32,7.03,7.83,7.5,9.28,9.15,7.51
1697.05,27,8.32,8.1,8.06,8.11,8.13,8.38,8.2,8.57,9.06,7.23,9.22,8.86,8.43,9.58,8.31,7.02,7.84,7.47,9.28,9.14,7.48
1698.05,27,8.31,8.1,8.05,8.1,8.14,8.38,8.2,8.58,9.06,7.22,9.23,8.86,8.42,9.56,8.3,7.02,7.84,7.47,9.28,9.15,7.5
1699.05,27,8.31,8.1,8.05,8.12,8.16,8.39,8.2,8.58,9.08,7.25,9.21,8.86,8.44,9.57,8.31,7.02,7.85,7.47,9.31,9.14,7.5
1700.05,27,8.3,8.09,8.04,8.11,8.16,8.37,8.19,8.56,9.05,7.22,9.21,8.85,8.42,9.56,8.28,7.01,7.83,7.46,9.27,9.12,7.47
1701.05,27,8.28,8.07,8.04,8.1,8.14,8.38,8.18,8.56,9.03,7.21,9.2,8.82,8.4,9.54,8.27,6.99,7.81,7.45,9.25,9.12,7.46
1702.05,27,8.28,8.07,8.05,8.13,8.16,8.38,8.18,8.58,9.05,7.21,9.21,8.83,8.4,9.56,8.27,7,7.82,7.44,9.27,9.11,7.47
1703.05,27,8.27,8.09,8.04,8.14,8.16,8.39,8.18,8.56,9.04,7.2,9.2,8.81,8.39,9.56,8.27,6.99,7.81,7.43,9.26,9.11,7.47
1704.05,27,8.3,8.07,8.05,8.12,8.14,8.39,8.17,8.56,9.02,7.2,9.17,8.8,8.4,9.53,8.26,6.98,7.79,7.44,9.26,9.11,7.47
1705.05,27,8.28,8.09,8.04,8.16,8.16,8.39,8.17,8.57,9.03,7.21,9.19,8.81,8.39,9.53,8.25,6.98,7.79,7.43,9.25,9.1,7.47
1706.05,27,8.26,8.07,8.06,8.14,8.14,8.38,8.17,8.56,9.02,7.19,9.17,8.81,8.39,9.53,8.25,6.95,7.78,7.42,9.25,9.11,7.47
1707.05,27,8.27,8.07,8.03,8.16,8.14,8.39,8.16,8.53,8.99,7.18,9.17,8.79,8.37,9.53,8.23,6.94,7.78,7.4,9.25,9.1,7.45
1708.05,27,8.25,8.06,8.04,8.16,8.16,8.38,8.16,8.55,9.02,7.18,9.16,8.77,8.37,9.51,8.23,6.93,7.76,7.39,9.22,9.1,7.44
1709.05,27,8.27,8.05,8.04,8.16,8.14,8.38,8.13,8.55,8.99,7.17,9.14,8.77,8.36,9.51,8.2,6.93,7.76,7.38,9.21,9.08,7.45
1710.07,27,8.26,8.06,8.03,8.17,8.13,8.39,8.13,8.53,8.98,7.16,9.14,8.75,8.34,9.49,8.2,6.92,7.77,7.37,9.22,9.09,7.44
1711.07,27,8.25,8.05,8.04,8.16,8.12,8.38,8.13,8.53,8.98,7.14,9.14,8.74,8.34,9.49,8.19,6.92,7.77,7.36,9.21,9.06,7.43
1712.07,27,8.28,8.06,8.05,8.18,8.16,8.39,8.12,8.55,8.99,7.16,9.15,8.75,8.34,9.49,8.2,6.92,7.76,7.36,9.21,9.09,7.44
1713.07,27,8.25,8.04,8.05,8.17,8.14,8.39,8.13,8.52,8.99,7.14,9.12,8.75,8.34,9.49,8.19,6.9,7.76,7.35,9.2,9.06,7.42
1714.07,27,8.26,8.05,8.05,8.17,8.13,8.38,8.11,8.51,8.97,7.14,9.11,8.73,8.31,9.47,8.17,6.89,7.74,7.34,9.19,9.05,7.42
1715.07,27,8.26,8.05,8.05,8.18,8.14,8.39,8.11,8.51,8.97,7.13,9.11,8.71,8.32,9.49,8.17,6.87,7.73,7.32,9.2,9.08,7.43
1716.07,27,8.28,8.05,8.05,8.19,8.13,8.39,8.11,8.52,8.95,7.13,9.11,8.7,8.32,9.46,8.17,6.87,7.74,7.32,9.2,9.04,7.42
1717.07,27,8.27,8.04,8.05,8.18,8.13,8.4,8.12,8.52,8.97,7.11,9.1,8.71,8.32,9.47,8.16,6.89,7.71,7.31,9.17,9.05,7.42
1718.07,27,8.27,8.03,8.06,8.18,8.13,8.39,8.07,8.49,8.95,7.1,9.08,8.69,8.3,9.44,8.14,6.85,7.71,7.29,9.17,9.04,7.39
1719.08,27,8.27,8.03,8.06,8.18,8.14,8.4,8.09,8.51,8.95,7.1,9.08,8.68,8.3,9.46,8.13,6.85,7.71,7.29,9.17,9.04,7.4
1720.08,27,8.27,8.04,8.05,8.19,8.11,8.39,8.07,8.49,8.93,7.09,9.05,8.67,8.27,9.43,8.11,6.82,7.69,7.27,9.16,9.02,7.39
1721.08,27,8.28,8.04,8.06,8.2,8.13,8.38,8.07,8.49,8.95,7.1,9.06,8.68,8.27,9.43,8.13,6.83,7.7,7.28,9.16,9.04,7.38
1722.08,27,8.27,8.04,8.05,8.19,8.12,8.39,8.09,8.47,8.93,7.08,9.05,8.67,8.26,9.44,8.11,6.82,7.68,7.26,9.16,9.03,7.38
1723.08,27,8.3,8.04,8.05,8.2,8.13,8.38,8.07,8.46,8.93,7.07,9.05,8.65,8.26,9.43,8.12,6.81,7.69,7.25,9.14,9.02,7.38
1724.08,27,8.28,8.02,8.06,8.18,8.11,8.39,8.06,8.47,8.93,7.07,9.03,8.63,8.25,9.42,8.11,6.8,7.67,7.25,9.15,9,7.37
1725.1,27,8.3,8.03,8.07,8.19,8.12,8.4,8.06,8.46,8.93,7.05,9.03,8.64,8.25,9.41,8.11,6.8,7.66,7.23,9.14,9,7.38
1726.1,27,8.3,8.02,8.05,8.19,8.12,8.4,8.05,8.45,8.92,7.05,9.03,8.64,8.24,9.42,8.09,6.8,7.66,7.22,9.15,9,7.38
1727.1,27,8.31,8.03,8.06,8.2,8.11,8.39,8.05,8.46,8.92,7.05,9.02,8.62,8.23,9.41,8.1,6.77,7.66,7.22,9.14,9,7.37
1728.1,27,8.32,8.04,8.07,8.21,8.12,8.4,8.05,8.46,8.92,7.04,9.03,8.61,8.23,9.41,8.1,6.77,7.64,7.22,9.15,9.02,7.37
1729.1,27,8.32,8.02,8.07,8.2,8.11,8.39,8.03,8.44,8.92,7.04,9.02,8.61,8.21,9.39,8.09,6.76,7.64,7.2,9.11,8.98,7.36
1730.1,27,8.31,8.03,8.09,8.21,8.12,8.42,8.04,8.45,8.93,7.04,9.02,8.61,8.21,9.39,8.09,6.76,7.63,7.2,9.12,8.99,7.37
1731.1,27,8.31,8.02,8.06,8.19,8.11,8.38,8.03,8.42,8.92,7.01,8.99,8.58,8.19,9.37,8.06,6.73,7.61,7.17,9.11,8.98,7.35
1732.1,27,8.33,8.03,8.09,8.19,8.11,8.42,8.04,8.44,8.93,7.01,8.99,8.58,8.2,9.38,8.07,6.73,7.63,7.19,9.12,8.98,7.36
1733.12,27,8.32,8.02,8.07,8.19,8.09,8.38,8.02,8.4,8.92,7.02,8.99,8.55,8.2,9.37,8.06,6.73,7.61,7.16,9.1,8.97,7.35
1734.12,27,8.33,8.02,8.07,8.2,8.11,8.39,8.02,8.42,8.91,7,8.98,8.57,8.19,9.36,8.07,6.72,7.61,7.16,9.1,8.97,7.35
1735.12,27,8.31,8.02,8.07,8.18,8.1,8.37,8,8.39,8.89,7,8.95,8.55,8.16,9.33,8.05,6.7,7.6,7.13,9.08,8.97,7.32
1736.12,27,8.34,8.02,8.09,8.2,8.09,8.39,7.99,8.39,8.92,6.99,8.97,8.55,8.17,9.35,8.06,6.7,7.6,7.13,9.09,8.95,7.34
1737.12,27,8.33,8.02,8.09,8.19,8.1,8.4,7.99,8.39,8.92,6.98,8.97,8.56,8.17,9.36,8.06,6.69,7.59,7.13,9.09,8.95,7.34
1738.13,27,8.34,8.02,8.07,8.2,8.1,8.38,7.98,8.38,8.92,6.98,8.95,8.55,8.14,9.35,8.07,6.69,7.58,7.12,9.09,8.95,7.34
1739.13,27,8.33,8.02,8.07,8.19,8.09,8.39,7.98,8.38,8.91,6.98,8.95,8.53,8.16,9.35,8.07,6.68,7.58,7.11,9.05,8.95,7.32
1740.13,27,8.33,7.99,8.07,8.18,8.07,8.38,7.97,8.36,8.91,6.95,8.93,8.51,8.12,9.32,8.04,6.65,7.55,7.09,9.06,8.93,7.31
1741.13,27,8.34,8.02,8.07,8.2,8.1,8.4,7.98,8.37,8.92,6.95,8.94,8.53,8.14,9.33,8.06,6.66,7.56,7.1,9.08,8.95,7.32
1742.13,27,8.33,8,8.1,8.2,8.09,8.39,7.97,8.37,8.92,6.94,8.94,8.52,8.12,9.32,8.07,6.63,7.56,7.09,9.06,8.95,7.31
1743.13,27,8.33,8,8.09,8.2,8.09,8.39,7.96,8.33,8.93,6.95,8.94,8.53,8.12,9.31,8.06,6.63,7.55,7.09,9.05,8.94,7.31
1744.15,27,8.33,7.99,8.09,8.19,8.07,8.4,7.95,8.33,8.93,6.94,8.92,8.52,8.12,9.31,8.06,6.62,7.54,7.07,9.04,8.93,7.31
1745.15,27,8.34,7.99,8.09,8.19,8.07,8.39,7.95,8.33,8.93,6.94,8.92,8.53,8.12,9.3,8.06,6.63,7.53,7.07,9.03,8.93,7.31
1746.15,27,8.33,8,8.07,8.19,8.07,8.39,7.93,8.33,8.93,6.92,8.91,8.52,8.11,9.3,8.05,6.62,7.53,7.07,9.04,8.92,7.31
1747.17,27,8.33,7.99,8.09,8.19,8.07,8.39,7.93,8.32,8.93,6.93,8.91,8.52,8.1,9.3,8.05,6.61,7.52,7.07,9.05,8.93,7.31
1748.17,27,8.33,8,8.09,8.19,8.07,8.39,7.93,8.33,8.93,6.92,8.89,8.52,8.09,9.28,8.04,6.61,7.52,7.05,9.04,8.94,7.3
1749.17,27,8.33,7.97,8.07,8.17,8.05,8.37,7.92,8.3,8.92,6.91,8.88,8.51,8.07,9.28,8.04,6.58,7.5,7.03,9,8.92,7.3
1750.17,27,8.33,8,8.1,8.19,8.07,8.39,7.91,8.3,8.92,6.91,8.88,8.52,8.07,9.27,8.04,6.58,7.48,7.05,9.02,8.92,7.3
1751.17,27,8.34,8,8.09,8.18,8.07,8.39,7.91,8.28,8.94,6.91,8.88,8.53,8.06,9.28,8.04,6.56,7.5,7.05,9.02,8.92,7.3
1752.18,27,8.34,7.99,8.09,8.17,8.07,8.39,7.91,8.27,8.92,6.9,8.88,8.52,8.05,9.27,8.02,6.56,7.48,7.05,9.02,8.92,7.3
1753.18,27,8.32,7.98,8.07,8.18,8.06,8.39,7.91,8.27,8.92,6.9,8.88,8.52,8.05,9.27,8.02,6.55,7.47,7.04,8.99,8.92,7.29
1754.18,27,8.33,7.99,8.06,8.18,8.05,8.38,7.9,8.26,8.94,6.89,8.86,8.52,8.03,9.25,8.03,6.53,7.47,7.03,8.99,8.89,7.28
1755.18,27,8.34,7.99,8.09,8.17,8.06,8.38,7.89,8.25,8.93,6.86,8.86,8.53,8.03,9.25,8.02,6.52,7.47,7.03,8.97,8.89,7.28
1756.18,27,8.34,7.98,8.09,8.17,8.06,8.38,7.88,8.26,8.94,6.87,8.87,8.53,8.02,9.25,8.03,6.53,7.46,7.05,8.98,8.91,7.29
1757.18,27,8.33,7.97,8.06,8.16,8.04,8.38,7.88,8.23,8.92,6.87,8.85,8.52,7.99,9.23,8,6.52,7.45,7.03,8.97,8.89,7.27
1758.2,27,8.4,7.93,8.1,8.14,8.03,8.36,7.85,8.21,8.93,6.84,8.83,8.52,7.98,9.23,8.07,6.51,7.44,7.1,8.99,8.93,7.27
1759.2,27,8.53,7.92,8.19,8.09,8.03,8.38,7.85,8.19,8.97,6.86,8.85,8.68,8.02,9.31,8.31,6.48,7.55,7.4,9.23,9.12,7.39
1760.2,27,8.62,7.93,8.25,8.11,8.03,8.44,8.03,8.19,9.09,7.04,8.87,8.87,8.21,9.51,8.46,6.59,7.77,7.61,9.42,9.25,7.51
1761.2,27,8.65,7.92,8.26,8.16,8.03,8.45,8.17,8.16,9.15,7.2,8.99,8.97,8.34,9.61,8.53,6.77,7.86,7.7,9.47,9.3,7.52
1762.2,27,8.69,7.91,8.26,8.2,8.07,8.45,8.26,8.16,9.19,7.31,9.12,9,8.44,9.68,8.58,6.91,7.95,7.76,9.54,9.33,7.54
1763.2,27,8.71,7.92,8.26,8.25,8.09,8.46,8.33,8.18,9.21,7.39,9.21,9.05,8.5,9.72,8.61,7.01,7.99,7.81,9.54,9.35,7.56
1764.2,27,8.74,7.92,8.28,8.3,8.11,8.46,8.39,8.25,9.22,7.45,9.3,9.1,8.56,9.75,8.63,7.07,8.03,7.84,9.58,9.39,7.59
1765.2,27,8.74,7.91,8.28,8.31,8.13,8.45,8.4,8.28,9.22,7.47,9.33,9.1,8.58,9.78,8.63,7.12,8.05,7.84,9.59,9.39,7.6
1766.2,27,8.74,7.92,8.27,8.32,8.12,8.45,8.44,8.32,9.2,7.5,9.37,9.1,8.59,9.78,8.64,7.12,8.06,7.85,9.61,9.37,7.59
1767.22,27,8.73,7.91,8.25,8.32,8.12,8.43,8.44,8.33,9.21,7.5,9.39,9.1,8.59,9.77,8.63,7.14,8.06,7.86,9.58,9.39,7.6
1768.22,27,8.71,7.91,8.24,8.33,8.12,8.43,8.44,8.33,9.17,7.51,9.39,9.1,8.61,9.77,8.63,7.14,8.05,7.85,9.61,9.38,7.6
1769.22,27,8.7,7.92,8.24,8.33,8.1,8.4,8.43,8.36,9.17,7.51,9.39,9.09,8.62,9.78,8.64,7.16,8.06,7.85,9.58,9.38,7.59
1770.22,27,8.69,7.92,8.21,8.32,8.09,8.39,8.43,8.34,9.15,7.51,9.39,9.06,8.61,9.77,8.63,7.16,8.06,7.84,9.58,9.38,7.6
1771.23,27,8.68,7.92,8.2,8.33,8.09,8.39,8.42,8.33,9.14,7.5,9.37,9.06,8.61,9.74,8.62,7.14,8.04,7.83,9.58,9.38,7.6
1772.23,27,8.67,7.93,8.2,8.34,8.09,8.38,8.42,8.33,9.14,7.52,9.39,9.06,8.62,9.77,8.64,7.16,8.05,7.84,9.59,9.37,7.6
1773.23,27,8.64,7.93,8.19,8.33,8.06,8.37,8.4,8.32,9.11,7.5,9.37,9.05,8.61,9.74,8.62,7.14,8.03,7.82,9.57,9.36,7.6
1774.23,27,8.63,7.95,8.18,8.33,8.05,8.36,8.39,8.3,9.11,7.47,9.37,9.03,8.61,9.73,8.61,7.14,8.03,7.82,9.57,9.37,7.6
1775.23,27,8.63,7.95,8.18,8.32,8.05,8.36,8.39,8.28,9.11,7.48,9.36,9.05,8.61,9.73,8.61,7.14,8.04,7.82,9.58,9.37,7.61
1776.25,27,8.58,7.92,8.13,8.28,8.02,8.33,8.36,8.26,9.08,7.46,9.32,8.99,8.59,9.7,8.58,7.12,8.02,7.79,9.54,9.36,7.59
1777.25,27,8.59,7.95,8.14,8.3,8.03,8.33,8.37,8.26,9.08,7.45,9.33,9.02,8.59,9.7,8.59,7.13,8,7.79,9.56,9.36,7.59
1778.25,27,8.58,7.93,8.14,8.3,8.04,8.32,8.36,8.24,9.06,7.43,9.33,8.99,8.58,9.7,8.57,7.11,8,7.78,9.53,9.35,7.59
1779.25,27,8.57,7.93,8.12,8.28,8.02,8.32,8.36,8.24,9.05,7.44,9.33,8.99,8.58,9.69,8.59,7.11,8,7.77,9.54,9.36,7.59
1780.25,27,8.56,7.93,8.12,8.28,8,8.31,8.32,8.2,9.04,7.42,9.31,8.98,8.57,9.67,8.57,7.1,7.99,7.75,9.52,9.32,7.59
1781.25,27,8.55,7.96,8.11,8.27,8,8.31,8.32,8.2,9.04,7.4,9.3,8.97,8.56,9.68,8.57,7.09,7.98,7.76,9.52,9.33,7.59
1782.27,27,8.53,7.93,8.09,8.26,7.99,8.3,8.31,8.18,9.04,7.4,9.3,8.97,8.53,9.65,8.55,7.09,7.98,7.74,9.51,9.32,7.56
1783.27,27,8.51,7.93,8.09,8.24,7.98,8.28,8.28,8.17,9.02,7.37,9.26,8.93,8.55,9.64,8.55,7.07,7.96,7.73,9.51,9.3,7.56
1784.27,27,8.5,7.93,8.06,8.24,7.96,8.27,8.27,8.14,8.99,7.37,9.27,8.94,8.53,9.63,8.53,7.05,7.96,7.71,9.48,9.31,7.56
1785.27,27,8.49,7.92,8.07,8.21,7.96,8.27,8.27,8.13,8.99,7.36,9.27,8.93,8.52,9.63,8.52,7.04,7.95,7.69,9.49,9.31,7.56
1786.27,27,8.47,7.93,8.06,8.21,7.96,8.26,8.26,8.12,8.99,7.34,9.26,8.91,8.51,9.63,8.52,7.04,7.92,7.7,9.48,9.3,7.55
1787.27,27,8.47,7.93,8.06,8.2,7.95,8.26,8.26,8.11,8.98,7.32,9.26,8.92,8.5,9.62,8.51,7.03,7.95,7.67,9.47,9.3,7.55
1788.28,27,8.47,7.95,8.05,8.19,7.92,8.26,8.24,8.1,8.98,7.31,9.25,8.91,8.49,9.62,8.5,7.04,7.92,7.67,9.46,9.28,7.55
1789.28,27,8.46,7.92,8.04,8.18,7.92,8.25,8.21,8.09,8.97,7.3,9.23,8.89,8.5,9.61,8.5,7.02,7.93,7.66,9.43,9.27,7.54
1790.28,27,8.45,7.95,8.02,8.18,7.92,8.24,8.21,8.07,8.95,7.3,9.22,8.88,8.49,9.61,8.47,7,7.91,7.63,9.44,9.27,7.54
1791.28,27,8.43,7.92,8.02,8.14,7.9,8.23,8.18,8.06,8.94,7.27,9.2,8.88,8.46,9.59,8.47,7,7.9,7.62,9.43,9.26,7.53
1792.28,27,8.4,7.95,8,8.14,7.9,8.23,8.19,8.06,8.95,7.28,9.2,8.87,8.45,9.58,8.47,7,7.9,7.62,9.42,9.27,7.52
1793.28,27,8.4,7.95,8,8.14,7.9,8.23,8.17,8.04,8.94,7.27,9.21,8.86,8.46,9.59,8.45,7,7.88,7.6,9.41,9.26,7.52
1794.28,27,8.4,7.93,7.99,8.12,7.89,8.23,8.16,8.04,8.92,7.25,9.19,8.86,8.45,9.58,8.44,6.98,7.88,7.59,9.38,9.25,7.51
1795.28,27,8.39,7.93,7.98,8.1,7.89,8.21,8.16,8.04,8.92,7.23,9.19,8.83,8.44,9.57,8.44,6.98,7.86,7.59,9.39,9.23,7.52
1796.3,27,8.39,7.95,7.99,8.1,7.88,8.23,8.16,8.04,8.92,7.25,9.2,8.83,8.45,9.58,8.43,6.98,7.88,7.56,9.39,9.25,7.53
1797.3,27,8.36,7.93,7.97,8.07,7.86,8.2,8.13,8.04,8.91,7.22,9.17,8.83,8.43,9.54,8.43,6.96,7.85,7.55,9.37,9.22,7.52
1798.3,27,8.37,7.92,7.96,8.06,7.85,8.2,8.11,8.03,8.91,7.21,9.17,8.82,8.4,9.56,8.42,6.95,7.85,7.54,9.36,9.21,7.5
1799.3,27,8.34,7.93,7.95,8.06,7.86,8.2,8.12,8.05,8.89,7.19,9.16,8.82,8.4,9.56,8.4,6.95,7.84,7.53,9.36,9.21,7.5
1800.3,27,8.33,7.93,7.92,8.02,7.83,8.19,8.1,8.03,8.89,7.18,9.15,8.81,8.39,9.54,8.39,6.94,7.83,7.51,9.35,9.2,7.48
1801.3,27,8.31,7.92,7.91,8.02,7.84,8.18,8.07,8.03,8.88,7.17,9.14,8.79,8.38,9.54,8.37,6.93,7.82,7.5,9.33,9.19,7.48
1802.3,27,8.3,7.92,7.92,8.02,7.84,8.2,8.06,8.04,8.88,7.17,9.15,8.77,8.38,9.54,8.38,6.92,7.83,7.48,9.32,9.2,7.48
1803.3,27,8.3,7.92,7.9,8,7.83,8.18,8.07,8.05,8.87,7.13,9.14,8.79,8.36,9.53,8.38,6.93,7.81,7.48,9.32,9.17,7.47
1804.3,27,8.28,7.92,7.9,8,7.82,8.19,8.06,8.05,8.86,7.12,9.12,8.76,8.33,9.52,8.36,6.92,7.81,7.46,9.3,9.17,7.46
1805.3,27,8.28,7.92,7.91,7.99,7.84,8.19,8.05,8.06,8.88,7.13,9.14,8.77,8.36,9.52,8.36,6.92,7.82,7.46,9.3,9.17,7.47
1806.3,27,8.26,7.92,7.88,7.97,7.82,8.18,8.05,8.07,8.86,7.12,9.12,8.76,8.33,9.52,8.34,6.91,7.79,7.44,9.3,9.17,7.47
1807.32,27,8.25,7.9,7.86,7.93,7.81,8.16,8.03,8.06,8.83,7.1,9.11,8.73,8.32,9.49,8.33,6.89,7.78,7.42,9.28,9.15,7.45
1808.32,27,8.24,7.91,7.86,7.95,7.83,8.18,8.03,8.07,8.85,7.09,9.11,8.74,8.31,9.51,8.33,6.9,7.78,7.43,9.27,9.15,7.45
1809.32,27,8.25,7.91,7.85,7.95,7.82,8.17,8.02,8.09,8.85,7.09,9.12,8.73,8.32,9.51,8.32,6.89,7.77,7.43,9.28,9.15,7.45
1810.32,27,8.21,7.9,7.83,7.92,7.79,8.14,7.99,8.07,8.83,7.05,9.09,8.71,8.3,9.49,8.31,6.86,7.75,7.4,9.27,9.14,7.44
1811.32,27,8.2,7.9,7.82,7.9,7.79,8.14,7.98,8.07,8.81,7.04,9.09,8.7,8.28,9.48,8.3,6.86,7.75,7.38,9.23,9.14,7.44
1812.32,27,8.2,7.89,7.82,7.89,7.79,8.16,7.98,8.1,8.85,7.05,9.08,8.7,8.3,9.47,8.28,6.86,7.75,7.38,9.23,9.14,7.42
1813.32,27,8.19,7.91,7.81,7.9,7.79,8.16,7.98,8.11,8.82,7.04,9.09,8.69,8.27,9.48,8.28,6.85,7.74,7.38,9.23,9.12,7.43
1814.32,27,8.18,7.9,7.78,7.89,7.79,8.16,7.95,8.11,8.81,7.03,9.06,8.68,8.26,9.47,8.27,6.84,7.73,7.36,9.23,9.11,7.42
1815.32,27,8.18,7.89,7.79,7.88,7.78,8.14,7.96,8.1,8.81,7.01,9.06,8.68,8.27,9.46,8.27,6.85,7.73,7.36,9.23,9.11,7.4
1816.32,27,8.18,7.89,7.78,7.86,7.79,8.13,7.95,8.12,8.81,7.02,9.05,8.68,8.27,9.46,8.25,6.85,7.73,7.35,9.2,9.1,7.42
1817.32,27,8.16,7.88,7.77,7.86,7.79,8.13,7.95,8.12,8.79,7.01,9.06,8.65,8.27,9.46,8.24,6.83,7.71,7.35,9.21,9.1,7.42
1818.33,27,8.14,7.89,7.77,7.86,7.79,8.13,7.93,8.13,8.8,7.01,9.05,8.64,8.27,9.44,8.23,6.82,7.7,7.35,9.22,9.1,7.4
1819.33,27,8.13,7.88,7.75,7.85,7.78,8.12,7.92,8.12,8.77,7,9.04,8.64,8.27,9.43,8.24,6.83,7.7,7.34,9.2,9.1,7.4
1820.33,27,8.13,7.88,7.76,7.84,7.79,8.13,7.92,8.13,8.79,7.01,9.04,8.64,8.26,9.43,8.24,6.82,7.7,7.32,9.19,9.09,7.4
1821.33,27,8.11,7.88,7.73,7.83,7.78,8.11,7.91,8.13,8.76,7,9.02,8.62,8.26,9.43,8.2,6.81,7.67,7.32,9.17,9.09,7.38
1822.33,27,8.1,7.86,7.73,7.84,7.78,8.11,7.9,8.14,8.75,7,9.03,8.62,8.26,9.42,8.21,6.81,7.68,7.31,9.17,9.09,7.38
1823.33,27,8.11,7.86,7.73,7.85,7.78,8.11,7.91,8.17,8.76,6.99,9.02,8.59,8.27,9.43,8.21,6.82,7.69,7.32,9.17,9.09,7.38
1824.33,27,8.09,7.85,7.7,7.83,7.78,8.1,7.9,8.16,8.76,6.98,9.02,8.58,8.24,9.39,8.2,6.8,7.66,7.29,9.17,9.05,7.36
1825.35,27,8.06,7.88,7.71,7.85,7.78,8.11,7.89,8.17,8.76,6.98,9.02,8.59,8.27,9.41,8.19,6.8,7.66,7.29,9.17,9.08,7.37
1826.35,27,8.06,7.85,7.69,7.83,7.77,8.09,7.9,8.16,8.74,6.96,8.99,8.58,8.25,9.39,8.19,6.79,7.64,7.28,9.16,9.05,7.36
1827.35,27,8.06,7.85,7.69,7.83,7.78,8.09,7.88,8.17,8.74,6.98,8.99,8.57,8.24,9.39,8.17,6.77,7.64,7.27,9.14,9.04,7.35
1828.35,27,8.05,7.85,7.68,7.82,7.77,8.07,7.89,8.19,8.75,6.96,8.98,8.57,8.24,9.38,8.17,6.79,7.64,7.27,9.15,9.05,7.35
1829.35,27,8.06,7.86,7.69,7.84,7.78,8.1,7.89,8.19,8.76,6.96,9,8.59,8.27,9.41,8.18,6.8,7.66,7.28,9.16,9.05,7.35
1830.35,27,8.04,7.85,7.67,7.83,7.77,8.07,7.88,8.2,8.74,6.96,8.99,8.56,8.25,9.37,8.16,6.79,7.64,7.26,9.14,9.05,7.35
1831.35,27,8.03,7.84,7.64,7.83,7.78,8.06,7.88,8.19,8.73,6.96,8.98,8.56,8.25,9.37,8.14,6.76,7.62,7.26,9.15,9.04,7.34
1832.35,27,8.03,7.84,7.66,7.84,7.77,8.07,7.86,8.21,8.73,6.95,8.97,8.56,8.25,9.38,8.14,6.76,7.63,7.25,9.14,9.03,7.34
1833.37,27,8,7.84,7.66,7.83,7.77,8.05,7.86,8.2,8.71,6.94,8.95,8.55,8.24,9.36,8.12,6.75,7.62,7.23,9.11,9.02,7.32
1834.37,27,8,7.82,7.64,7.82,7.77,8.05,7.85,8.19,8.7,6.93,8.94,8.53,8.24,9.36,8.11,6.75,7.61,7.22,9.11,9.02,7.31
1835.37,27,7.99,7.83,7.63,7.84,7.77,8.05,7.85,8.21,8.7,6.95,8.94,8.53,8.25,9.37,8.12,6.75,7.61,7.23,9.11,9.02,7.32
1836.37,27,7.97,7.83,7.63,7.83,7.77,8.05,7.83,8.2,8.7,6.94,8.93,8.53,8.24,9.35,8.12,6.74,7.6,7.21,9.1,9.02,7.3
1837.37,27,7.98,7.82,7.62,7.85,7.77,8.05,7.84,8.21,8.69,6.94,8.94,8.53,8.23,9.36,8.1,6.74,7.6,7.21,9.1,9,7.31
1838.37,27,7.95,7.82,7.62,7.84,7.77,8.04,7.83,8.21,8.68,6.93,8.93,8.51,8.23,9.35,8.1,6.74,7.6,7.19,9.09,9,7.3
1839.37,27,7.95,7.83,7.61,7.84,7.77,8.04,7.84,8.23,8.68,6.93,8.92,8.51,8.23,9.35,8.09,6.73,7.59,7.19,9.09,8.99,7.3
1840.37,27,7.92,7.81,7.6,7.84,7.76,8.03,7.83,8.21,8.68,6.92,8.92,8.51,8.23,9.32,8.07,6.71,7.58,7.18,9.09,8.98,7.29
1841.38,27,7.93,7.81,7.61,7.85,7.77,8.03,7.83,8.24,8.68,6.92,8.91,8.51,8.23,9.33,8.07,6.72,7.58,7.17,9.09,8.99,7.3
1842.38,27,7.92,7.81,7.59,7.84,7.77,8.02,7.84,8.23,8.67,6.91,8.91,8.49,8.23,9.33,8.05,6.71,7.56,7.16,9.08,8.98,7.29
1843.38,27,7.91,7.81,7.58,7.85,7.78,8.03,7.84,8.24,8.67,6.91,8.91,8.51,8.24,9.33,8.06,6.7,7.58,7.16,9.08,8.98,7.29
1844.38,27,7.88,7.81,7.58,7.84,7.77,8,7.83,8.23,8.65,6.91,8.89,8.47,8.21,9.32,8.05,6.68,7.56,7.13,9.05,8.97,7.28
1845.38,27,7.89,7.81,7.58,7.85,7.77,8,7.84,8.24,8.65,6.91,8.88,8.47,8.21,9.32,8.05,6.69,7.56,7.13,9.08,8.98,7.28
1846.38,27,7.85,7.79,7.55,7.85,7.77,7.99,7.81,8.21,8.64,6.89,8.88,8.45,8.2,9.31,8.04,6.66,7.54,7.11,9.04,8.95,7.27
1847.38,27,7.85,7.79,7.56,7.85,7.77,8,7.82,8.23,8.64,6.89,8.86,8.46,8.2,9.31,8.03,6.66,7.54,7.12,9.05,8.95,7.26
1848.38,27,7.85,7.79,7.55,7.86,7.77,7.99,7.83,8.23,8.63,6.89,8.86,8.45,8.21,9.32,8.02,6.66,7.53,7.12,9.04,8.94,7.27
1849.38,27,7.83,7.78,7.54,7.85,7.76,7.98,7.81,8.23,8.61,6.89,8.85,8.44,8.19,9.31,8,6.64,7.52,7.09,9.04,8.93,7.26
1850.38,27,7.82,7.78,7.53,7.86,7.77,7.99,7.79,8.21,8.61,6.87,8.83,8.43,8.19,9.3,8,6.64,7.52,7.08,9.02,8.94,7.25
1851.38,27,7.81,7.76,7.54,7.85,7.77,7.98,7.82,8.23,8.61,6.87,8.83,8.42,8.2,9.3,7.99,6.63,7.53,7.08,9.03,8.93,7.25
1852.38,27,7.79,7.77,7.54,7.85,7.78,7.98,7.81,8.23,8.61,6.87,8.83,8.4,8.19,9.28,7.99,6.62,7.52,7.08,9.03,8.92,7.25
1853.38,27,7.77,7.78,7.52,7.86,7.78,7.97,7.81,8.21,8.59,6.85,8.82,8.4,8.17,9.27,7.98,6.61,7.5,7.05,9.02,8.92,7.23
1854.38,27,7.76,7.77,7.53,7.88,7.77,7.97,7.81,8.21,8.58,6.86,8.82,8.43,8.18,9.3,7.98,6.62,7.51,7.05,9.02,8.94,7.23
1855.4,27,7.75,7.76,7.51,7.88,7.77,7.97,7.81,8.2,8.58,6.86,8.81,8.39,8.17,9.27,7.96,6.61,7.48,7.04,9,8.91,7.22
1856.4,27,7.73,7.75,7.5,7.88,7.77,7.96,7.81,8.2,8.56,6.85,8.8,8.38,8.16,9.26,7.95,6.59,7.48,7.02,9,8.91,7.21
1857.4,27,7.69,7.75,7.51,7.88,7.76,7.95,7.78,8.2,8.55,6.82,8.77,8.36,8.14,9.25,7.95,6.56,7.45,7.01,8.98,8.89,7.2
1858.4,27,7.69,7.76,7.52,7.89,7.78,7.95,7.79,8.19,8.56,6.84,8.77,8.34,8.14,9.25,7.95,6.56,7.45,7.01,8.99,8.89,7.22
1859.4,27,7.67,7.74,7.5,7.9,7.78,7.96,7.82,8.2,8.55,6.85,8.77,8.36,8.14,9.25,7.95,6.56,7.46,6.99,8.99,8.88,7.21
1860.42,27,7.66,7.75,7.5,7.9,7.77,7.96,7.82,8.18,8.55,6.85,8.75,8.33,8.13,9.23,7.93,6.55,7.46,7,8.99,8.88,7.2
1861.42,27,7.64,7.74,7.5,7.9,7.76,7.95,7.79,8.18,8.52,6.84,8.75,8.32,8.13,9.22,7.91,6.53,7.45,6.96,8.97,8.88,7.21
1862.42,27,7.62,7.74,7.48,7.9,7.76,7.96,7.78,8.18,8.51,6.84,8.75,8.32,8.13,9.21,7.91,6.53,7.44,6.98,8.97,8.88,7.19
1863.42,27,7.61,7.73,7.48,7.91,7.77,7.96,7.81,8.18,8.52,6.85,8.75,8.31,8.13,9.23,7.91,6.53,7.43,6.96,8.97,8.88,7.2
1864.42,27,7.61,7.74,7.5,7.92,7.77,7.96,7.83,8.18,8.52,6.85,8.75,8.31,8.14,9.22,7.9,6.52,7.43,6.95,8.97,8.88,7.2
1865.42,27,7.58,7.74,7.48,7.92,7.77,7.95,7.82,8.16,8.52,6.86,8.73,8.28,8.13,9.21,7.9,6.52,7.42,6.94,8.94,8.86,7.2
1866.42,27,7.56,7.73,7.5,7.92,7.77,7.95,7.81,8.16,8.49,6.85,8.73,8.28,8.13,9.21,7.88,6.5,7.42,6.93,8.95,8.86,7.19
1867.42,27,7.55,7.71,7.48,7.91,7.77,7.95,7.82,8.14,8.49,6.85,8.71,8.25,8.13,9.19,7.88,6.49,7.42,6.93,8.94,8.86,7.18
1868.42,27,7.53,7.71,7.46,7.91,7.77,7.93,7.79,8.14,8.49,6.85,8.7,8.25,8.12,9.19,7.86,6.48,7.4,6.92,8.94,8.85,7.18
1869.42,27,7.47,7.67,7.46,7.91,7.76,7.93,7.78,8.13,8.46,6.82,8.69,8.24,8.1,9.17,7.84,6.46,7.37,6.85,8.93,8.82,7.16
1870.42,27,7.75,7.63,7.66,7.88,7.74,7.92,7.76,8.12,8.46,6.79,8.67,8.24,8.05,9.19,7.98,6.44,7.35,7.02,9.05,8.93,7.22
1871.43,27,8.02,7.64,7.81,7.81,7.71,7.98,7.81,8.1,8.55,6.85,8.68,8.44,8.09,9.3,8.18,6.41,7.53,7.25,9.2,9.05,7.32
1872.43,27,8.17,7.64,7.9,7.85,7.71,8.07,7.91,8.07,8.7,6.98,8.74,8.61,8.2,9.44,8.28,6.53,7.63,7.39,9.31,9.12,7.37
1873.43,27,8.26,7.66,7.92,7.91,7.75,8.11,8,8.05,8.79,7.08,8.85,8.7,8.3,9.51,8.36,6.68,7.75,7.46,9.33,9.19,7.4
1874.43,27,8.32,7.63,7.97,7.96,7.78,8.14,8.07,8.05,8.81,7.14,8.97,8.74,8.36,9.57,8.38,6.77,7.78,7.51,9.38,9.2,7.43
1875.43,27,8.38,7.64,7.98,8,7.79,8.17,8.11,8.09,8.85,7.19,9.09,8.8,8.38,9.59,8.42,6.84,7.83,7.55,9.41,9.22,7.45
1876.43,27,8.39,7.66,7.97,8.03,7.82,8.18,8.14,8.12,8.87,7.22,9.12,8.8,8.4,9.62,8.43,6.87,7.85,7.56,9.41,9.22,7.45
1877.43,27,8.4,7.64,7.97,8.03,7.82,8.17,8.16,8.14,8.86,7.22,9.16,8.81,8.43,9.61,8.43,6.9,7.85,7.58,9.39,9.23,7.45
1878.43,27,8.43,7.68,7.98,8.06,7.83,8.18,8.16,8.18,8.88,7.25,9.19,8.82,8.45,9.62,8.44,6.91,7.85,7.59,9.42,9.25,7.46
1879.43,27,8.43,7.67,7.96,8.05,7.81,8.17,8.16,8.19,8.86,7.26,9.2,8.82,8.45,9.62,8.44,6.91,7.85,7.59,9.39,9.23,7.45
1880.45,27,8.42,7.68,7.97,8.06,7.82,8.17,8.14,8.19,8.85,7.27,9.19,8.82,8.46,9.61,8.45,6.93,7.88,7.6,9.41,9.25,7.45
1881.45,27,8.42,7.68,7.96,8.07,7.81,8.17,8.16,8.2,8.85,7.26,9.21,8.82,8.47,9.61,8.45,6.93,7.86,7.61,9.41,9.25,7.45
1882.45,27,8.39,7.68,7.93,8.06,7.81,8.14,8.14,8.18,8.85,7.26,9.2,8.81,8.46,9.61,8.43,6.92,7.85,7.59,9.41,9.23,7.45
1883.45,27,8.39,7.67,7.92,8.06,7.79,8.14,8.14,8.18,8.83,7.25,9.2,8.79,8.45,9.59,8.43,6.92,7.86,7.58,9.39,9.22,7.45
1884.47,27,8.38,7.68,7.91,8.06,7.78,8.12,8.12,8.17,8.81,7.23,9.19,8.79,8.45,9.59,8.43,6.92,7.84,7.58,9.38,9.22,7.45
1885.47,27,8.37,7.67,7.89,8.05,7.77,8.11,8.12,8.16,8.81,7.23,9.19,8.77,8.45,9.58,8.42,6.91,7.84,7.56,9.38,9.22,7.45
1886.48,27,8.34,7.67,7.89,8.05,7.76,8.1,8.09,8.13,8.79,7.22,9.17,8.75,8.45,9.57,8.4,6.9,7.82,7.54,9.37,9.2,7.45
1887.48,27,8.33,7.68,7.88,8.04,7.75,8.11,8.1,8.12,8.79,7.21,9.16,8.76,8.44,9.57,8.42,6.9,7.83,7.55,9.37,9.2,7.46
1888.48,27,8.32,7.67,7.86,8.03,7.74,8.11,8.09,8.11,8.77,7.19,9.16,8.75,8.44,9.54,8.39,6.89,7.82,7.53,9.36,9.2,7.45
1889.48,27,8.31,7.69,7.85,8.03,7.73,8.09,8.05,8.09,8.75,7.2,9.14,8.74,8.43,9.53,8.38,6.87,7.81,7.53,9.36,9.17,7.45
1890.5,27,8.3,7.7,7.85,8.02,7.74,8.09,8.06,8.1,8.76,7.19,9.15,8.74,8.43,9.54,8.4,6.87,7.81,7.52,9.36,9.2,7.45
1891.5,27,8.27,7.69,7.82,7.98,7.71,8.06,8.04,8.04,8.74,7.16,9.12,8.71,8.4,9.51,8.36,6.85,7.78,7.5,9.32,9.19,7.43
1892.5,27,8.26,7.7,7.82,7.99,7.7,8.06,8.04,8.05,8.74,7.17,9.12,8.7,8.4,9.52,8.36,6.86,7.77,7.5,9.33,9.19,7.44
1893.5,27,8.25,7.69,7.79,7.98,7.69,8.05,8,8.03,8.73,7.16,9.11,8.68,8.39,9.51,8.37,6.83,7.77,7.47,9.31,9.16,7.43
1894.52,27,8.24,7.68,7.78,7.96,7.68,8.04,7.99,8.03,8.71,7.13,9.1,8.68,8.38,9.51,8.36,6.83,7.77,7.47,9.31,9.16,7.43
1895.52,27,8.23,7.68,7.78,7.95,7.67,8.03,7.97,7.99,8.7,7.12,9.06,8.68,8.37,9.48,8.33,6.82,7.75,7.43,9.28,9.16,7.4
1896.52,27,8.21,7.68,7.77,7.93,7.66,8.03,7.98,7.97,8.69,7.11,9.06,8.65,8.36,9.46,8.32,6.81,7.75,7.45,9.28,9.15,7.4
1897.53,27,8.2,7.69,7.76,7.92,7.66,8.03,7.97,7.97,8.69,7.1,9.08,8.65,8.36,9.47,8.33,6.8,7.74,7.43,9.28,9.16,7.4
1898.53,27,8.19,7.68,7.75,7.91,7.64,8.02,7.95,7.96,8.68,7.08,9.05,8.65,8.34,9.46,8.32,6.8,7.73,7.43,9.27,9.15,7.4
1899.53,27,8.17,7.69,7.74,7.9,7.64,8.03,7.93,7.96,8.68,7.07,9.06,8.64,8.33,9.46,8.3,6.8,7.73,7.4,9.26,9.12,7.39
1900.53,27,8.16,7.68,7.71,7.88,7.62,8,7.91,7.92,8.67,7.05,9.04,8.63,8.33,9.44,8.3,6.79,7.7,7.39,9.27,9.12,7.39
1901.53,27,8.14,7.68,7.7,7.85,7.62,8,7.91,7.92,8.65,7.05,9.05,8.62,8.33,9.44,8.28,6.77,7.71,7.38,9.25,9.12,7.39
1902.53,27,8.13,7.69,7.69,7.85,7.62,7.99,7.91,7.9,8.65,7.03,9.03,8.62,8.3,9.42,8.3,6.77,7.7,7.36,9.25,9.11,7.39
1903.55,27,8.12,7.69,7.68,7.84,7.59,7.99,7.89,7.89,8.63,7.02,9.03,8.59,8.28,9.42,8.28,6.76,7.68,7.35,9.22,9.11,7.37
1904.55,27,8.13,7.7,7.68,7.83,7.6,8,7.89,7.91,8.63,7.02,9.04,8.59,8.3,9.43,8.27,6.76,7.7,7.34,9.23,9.11,7.38
1905.55,27,8.1,7.68,7.66,7.81,7.59,7.99,7.85,7.88,8.61,6.99,9.02,8.58,8.27,9.41,8.25,6.73,7.67,7.31,9.2,9.09,7.37
1906.55,27,8.07,7.68,7.64,7.79,7.56,7.99,7.85,7.88,8.62,6.98,9,8.57,8.27,9.41,8.26,6.74,7.68,7.3,9.2,9.09,7.37
1907.55,27,8.06,7.68,7.64,7.77,7.56,7.97,7.84,7.86,8.62,6.96,8.99,8.57,8.25,9.39,8.24,6.73,7.66,7.29,9.19,9.09,7.36
1908.55,27,8.06,7.7,7.63,7.77,7.55,7.96,7.83,7.88,8.61,6.95,9,8.55,8.25,9.41,8.23,6.74,7.66,7.28,9.2,9.09,7.36
1909.55,27,8.04,7.67,7.6,7.74,7.53,7.96,7.82,7.86,8.58,6.93,8.98,8.53,8.23,9.38,8.2,6.71,7.63,7.27,9.16,9.06,7.34
1910.55,27,8.03,7.68,7.59,7.73,7.53,7.96,7.79,7.86,8.57,6.92,8.98,8.52,8.23,9.38,8.2,6.71,7.63,7.26,9.16,9.06,7.34
1911.55,27,8.02,7.69,7.59,7.71,7.53,7.96,7.78,7.85,8.58,6.9,8.98,8.53,8.21,9.38,8.2,6.7,7.63,7.23,9.16,9.05,7.34
1912.55,27,7.99,7.68,7.55,7.69,7.53,7.95,7.77,7.85,8.58,6.89,8.97,8.51,8.19,9.37,8.18,6.71,7.62,7.22,9.15,9.06,7.34
1913.55,27,7.98,7.68,7.55,7.68,7.51,7.93,7.76,7.86,8.55,6.86,8.97,8.51,8.18,9.35,8.17,6.69,7.6,7.21,9.15,9.04,7.31
1914.57,27,7.97,7.67,7.54,7.66,7.51,7.95,7.75,7.86,8.56,6.85,8.95,8.5,8.19,9.35,8.17,6.68,7.6,7.2,9.14,9.03,7.31
1915.57,27,7.96,7.68,7.53,7.66,7.51,7.93,7.75,7.85,8.53,6.86,8.94,8.47,8.17,9.35,8.16,6.68,7.6,7.2,9.12,9.03,7.3
1916.57,27,7.95,7.69,7.52,7.66,7.51,7.92,7.76,7.88,8.55,6.85,8.94,8.47,8.18,9.37,8.16,6.68,7.6,7.2,9.14,9.04,7.31
1917.57,27,7.93,7.67,7.51,7.63,7.51,7.92,7.74,7.86,8.55,6.84,8.93,8.46,8.17,9.35,8.13,6.66,7.6,7.18,9.12,9.03,7.31
1918.57,27,7.9,7.66,7.47,7.6,7.48,7.91,7.7,7.86,8.52,6.82,8.92,8.44,8.16,9.33,8.13,6.64,7.56,7.18,9.1,9,7.29
1919.57,27,7.91,7.66,7.46,7.62,7.5,7.91,7.71,7.89,8.53,6.81,8.93,8.44,8.17,9.33,8.13,6.65,7.55,7.18,9.1,9.02,7.29
1920.57,27,7.89,7.67,7.44,7.6,7.5,7.91,7.7,7.88,8.52,6.82,8.91,8.43,8.17,9.32,8.12,6.63,7.56,7.16,9.11,9.03,7.29
1921.57,27,7.85,7.63,7.42,7.59,7.47,7.88,7.68,7.86,8.5,6.8,8.88,8.4,8.14,9.31,8.1,6.63,7.53,7.16,9.08,9,7.28
1922.57,27,7.85,7.66,7.42,7.59,7.47,7.9,7.68,7.89,8.5,6.8,8.89,8.4,8.16,9.31,8.1,6.63,7.54,7.14,9.1,9,7.28
1923.58,27,7.84,7.64,7.42,7.59,7.5,7.89,7.69,7.89,8.49,6.81,8.88,8.39,8.17,9.3,8.11,6.64,7.53,7.16,9.08,8.99,7.28
1924.58,27,7.84,7.66,7.39,7.6,7.48,7.89,7.68,7.9,8.47,6.8,8.89,8.39,8.17,9.31,8.1,6.63,7.54,7.16,9.08,8.99,7.28
1925.58,27,7.82,7.63,7.37,7.58,7.48,7.86,7.66,7.9,8.47,6.79,8.87,8.36,8.16,9.28,8.09,6.62,7.53,7.12,9.05,8.98,7.27
1926.58,27,7.82,7.64,7.35,7.59,7.5,7.88,7.68,7.92,8.46,6.8,8.88,8.38,8.17,9.31,8.09,6.64,7.53,7.13,9.08,8.99,7.28
1927.58,27,7.78,7.63,7.34,7.59,7.48,7.86,7.67,7.91,8.46,6.8,8.87,8.37,8.17,9.3,8.07,6.62,7.52,7.13,9.05,8.98,7.27
1928.58,27,7.79,7.63,7.31,7.59,7.47,7.85,7.64,7.91,8.44,6.79,8.86,8.34,8.16,9.27,8.06,6.62,7.51,7.11,9.06,8.97,7.26
1929.58,27,7.79,7.64,7.31,7.6,7.48,7.86,7.66,7.93,8.44,6.8,8.88,8.36,8.19,9.28,8.07,6.62,7.51,7.12,9.06,8.99,7.27
1930.6,27,7.77,7.64,7.3,7.6,7.5,7.84,7.67,7.95,8.44,6.8,8.87,8.34,8.18,9.28,8.06,6.61,7.51,7.11,9.08,8.99,7.26
1931.6,27,7.78,7.62,7.29,7.61,7.5,7.85,7.67,7.96,8.44,6.8,8.85,8.33,8.18,9.28,8.06,6.62,7.5,7.1,9.05,8.98,7.25
1932.6,27,7.75,7.61,7.26,7.6,7.47,7.84,7.63,7.96,8.43,6.77,8.85,8.31,8.17,9.26,8.03,6.61,7.48,7.09,9.04,8.95,7.25
1933.6,27,7.75,7.62,7.23,7.61,7.51,7.84,7.66,7.98,8.4,6.8,8.85,8.3,8.18,9.27,8.04,6.61,7.48,7.08,9.04,8.95,7.23
1934.6,27,7.71,7.6,7.23,7.62,7.5,7.82,7.64,7.96,8.39,6.77,8.82,8.27,8.17,9.26,8.02,6.61,7.46,7.07,9.03,8.95,7.22
1935.6,27,7.73,7.61,7.21,7.63,7.5,7.82,7.64,7.97,8.4,6.79,8.83,8.3,8.18,9.25,8.02,6.61,7.47,7.07,9.03,8.95,7.23
1936.6,27,7.71,7.62,7.22,7.64,7.52,7.82,7.68,8,8.4,6.8,8.85,8.3,8.19,9.27,8.02,6.61,7.46,7.08,9.03,8.93,7.23
1937.6,27,7.69,7.61,7.2,7.64,7.5,7.81,7.64,8,8.37,6.79,8.81,8.27,8.18,9.25,8,6.6,7.47,7.05,9.02,8.93,7.22
1938.6,27,7.68,7.6,7.18,7.64,7.51,7.81,7.66,7.99,8.38,6.77,8.81,8.27,8.18,9.25,7.99,6.6,7.45,7.04,9,8.93,7.21
1939.6,27,7.67,7.6,7.17,7.66,7.52,7.79,7.64,7.99,8.38,6.8,8.82,8.26,8.18,9.25,7.99,6.59,7.45,7.04,9,8.93,7.22
1940.62,27,7.66,7.6,7.14,7.67,7.51,7.79,7.66,8.03,8.37,6.79,8.8,8.27,8.18,9.23,7.98,6.59,7.45,7.03,9.03,8.92,7.2
1941.62,27,7.64,7.59,7.14,7.67,7.53,7.78,7.67,8.03,8.36,6.79,8.82,8.26,8.18,9.23,7.97,6.58,7.45,7.03,9.02,8.93,7.2
1942.62,27,7.62,7.6,7.12,7.68,7.53,7.78,7.66,8.03,8.36,6.79,8.81,8.24,8.19,9.22,7.97,6.56,7.44,7.02,9.02,8.92,7.2
1943.62,27,7.62,7.58,7.12,7.68,7.52,7.78,7.66,8.04,8.33,6.8,8.8,8.25,8.19,9.22,7.97,6.56,7.43,7.02,9,8.91,7.2
1944.62,27,7.6,7.58,7.12,7.7,7.54,7.79,7.67,8.05,8.34,6.81,8.81,8.24,8.19,9.25,7.96,6.56,7.44,7.02,9,8.91,7.2
1945.62,27,7.59,7.59,7.11,7.7,7.53,7.78,7.68,8.06,8.33,6.81,8.8,8.23,8.19,9.22,7.96,6.56,7.42,7,9,8.91,7.19
1946.62,27,7.56,7.58,7.09,7.7,7.53,7.77,7.67,8.05,8.32,6.81,8.77,8.21,8.19,9.21,7.95,6.55,7.42,7.01,9,8.89,7.18
1947.63,27,7.56,7.58,7.08,7.73,7.54,7.78,7.69,8.06,8.33,6.82,8.79,8.21,8.19,9.23,7.95,6.55,7.39,7.01,9.02,8.91,7.18
1948.65,27,7.53,7.58,7.07,7.7,7.54,7.76,7.68,8.06,8.32,6.8,8.76,8.2,8.19,9.21,7.93,6.54,7.39,6.99,8.99,8.89,7.18
1949.65,27,7.51,7.55,7.04,7.71,7.54,7.75,7.68,8.07,8.31,6.81,8.75,8.18,8.18,9.2,7.91,6.53,7.39,6.98,8.99,8.88,7.17
1950.65,27,7.5,7.54,7.04,7.73,7.55,7.76,7.69,8.07,8.31,6.83,8.76,8.18,8.2,9.2,7.92,6.53,7.39,6.99,8.99,8.89,7.18
1951.65,27,7.48,7.55,7.02,7.73,7.55,7.76,7.7,8.09,8.31,6.82,8.74,8.17,8.2,9.2,7.91,6.53,7.39,6.98,9,8.88,7.19
1952.65,27,7.47,7.55,7.02,7.76,7.56,7.76,7.71,8.09,8.28,6.84,8.75,8.18,8.21,9.2,7.92,6.52,7.38,6.99,8.99,8.89,7.18
1953.65,27,7.46,7.53,7.01,7.75,7.54,7.74,7.71,8.09,8.27,6.82,8.74,8.16,8.2,9.19,7.91,6.5,7.36,6.98,8.97,8.87,7.16
1954.65,27,7.44,7.54,6.99,7.76,7.55,7.74,7.73,8.09,8.28,6.84,8.74,8.13,8.21,9.17,7.91,6.5,7.36,6.96,8.98,8.88,7.16
1955.65,27,7.42,7.55,6.99,7.77,7.56,7.74,7.74,8.09,8.27,6.85,8.74,8.13,8.21,9.2,7.9,6.51,7.37,6.99,8.99,8.87,7.16
1956.65,27,7.42,7.53,6.96,7.76,7.56,7.75,7.71,8.09,8.26,6.85,8.73,8.12,8.23,9.17,7.9,6.51,7.36,6.99,8.99,8.88,7.16
1957.67,27,7.32,7.48,6.93,7.76,7.55,7.73,7.71,8.07,8.24,6.83,8.69,8.1,8.2,9.16,7.86,6.48,7.34,6.92,8.97,8.86,7.13
1958.67,27,7.58,7.46,7.14,7.71,7.54,7.69,7.71,8.07,8.23,6.83,8.69,8.1,8.18,9.15,7.97,6.46,7.34,7.02,9.04,8.92,7.19
1959.67,27,7.81,7.48,7.37,7.68,7.52,7.71,7.71,8.07,8.31,6.83,8.69,8.26,8.17,9.27,8.1,6.43,7.46,7.18,9.15,9.02,7.27
1960.67,27,7.91,7.46,7.48,7.69,7.47,7.79,7.77,8.03,8.44,6.87,8.68,8.38,8.2,9.36,8.17,6.49,7.55,7.26,9.21,9.05,7.28
1961.67,27,8,7.46,7.55,7.73,7.47,7.86,7.83,8.02,8.52,6.94,8.76,8.47,8.25,9.42,8.23,6.61,7.62,7.31,9.23,9.08,7.31
1962.67,27,8.07,7.48,7.62,7.77,7.48,7.91,7.88,8,8.56,6.98,8.86,8.53,8.28,9.44,8.25,6.66,7.64,7.34,9.26,9.1,7.32
1963.67,27,8.12,7.47,7.66,7.79,7.52,7.92,7.9,8,8.59,7.01,8.95,8.57,8.31,9.47,8.27,6.7,7.69,7.37,9.26,9.12,7.34
1964.67,27,8.14,7.47,7.67,7.82,7.54,7.95,7.92,8.03,8.62,7.03,9,8.59,8.32,9.49,8.3,6.73,7.7,7.37,9.27,9.12,7.35
1965.67,27,8.16,7.5,7.69,7.83,7.56,7.97,7.93,8.07,8.62,7.05,9.03,8.61,8.33,9.51,8.28,6.74,7.71,7.4,9.28,9.14,7.34
1966.67,27,8.18,7.48,7.69,7.84,7.56,7.96,7.95,8.07,8.62,7.05,9.08,8.62,8.33,9.51,8.31,6.74,7.71,7.4,9.28,9.14,7.36
1967.68,27,8.17,7.47,7.68,7.84,7.56,7.95,7.91,8.07,8.59,7.05,9.08,8.59,8.33,9.49,8.31,6.74,7.73,7.39,9.27,9.14,7.35
1968.68,27,8.17,7.48,7.68,7.84,7.55,7.95,7.9,8.06,8.59,7.04,9.06,8.59,8.33,9.47,8.28,6.73,7.7,7.39,9.26,9.12,7.34
1969.68,27,8.18,7.5,7.69,7.85,7.56,7.96,7.92,8.07,8.59,7.07,9.09,8.61,8.34,9.49,8.31,6.75,7.73,7.4,9.26,9.12,7.36
1970.68,27,8.17,7.48,7.67,7.84,7.55,7.95,7.91,8.07,8.59,7.05,9.08,8.58,8.33,9.47,8.3,6.74,7.7,7.38,9.26,9.12,7.36
1971.68,27,8.17,7.5,7.67,7.84,7.54,7.93,7.91,8.07,8.58,7.05,9.06,8.59,8.33,9.48,8.3,6.73,7.71,7.39,9.25,9.11,7.37
1972.68,27,8.13,7.5,7.66,7.82,7.52,7.93,7.89,8.04,8.57,7.04,9.06,8.57,8.32,9.47,8.28,6.73,7.69,7.37,9.22,9.11,7.35
1973.68,27,8.12,7.5,7.66,7.81,7.53,7.92,7.89,8.04,8.57,7.03,9.05,8.57,8.31,9.46,8.28,6.72,7.69,7.37,9.23,9.11,7.36
1974.68,27,8.12,7.5,7.63,7.79,7.52,7.91,7.88,8,8.55,7.01,9.04,8.55,8.31,9.44,8.27,6.71,7.68,7.35,9.23,9.1,7.36
1975.68,27,8.1,7.48,7.62,7.79,7.51,7.9,7.86,7.99,8.53,7.01,9.05,8.53,8.31,9.43,8.26,6.7,7.67,7.34,9.21,9.09,7.32
1976.68,27,8.1,7.51,7.62,7.78,7.5,7.9,7.84,7.98,8.52,6.99,9.04,8.53,8.3,9.42,8.26,6.71,7.66,7.34,9.21,9.1,7.34
1977.7,27,8.07,7.52,7.6,7.78,7.5,7.89,7.82,7.97,8.5,6.99,9.02,8.51,8.31,9.41,8.25,6.7,7.66,7.32,9.21,9.1,7.34
1978.7,27,8.07,7.52,7.59,7.77,7.46,7.9,7.82,7.96,8.5,6.99,9.02,8.53,8.3,9.42,8.24,6.69,7.63,7.32,9.21,9.09,7.35
1979.7,27,8.04,7.51,7.58,7.75,7.45,7.88,7.79,7.95,8.49,6.96,9,8.5,8.27,9.38,8.21,6.66,7.63,7.3,9.2,9.08,7.31
1980.7,27,8.03,7.51,7.54,7.74,7.45,7.86,7.78,7.91,8.47,6.94,8.99,8.47,8.27,9.39,8.2,6.65,7.63,7.29,9.16,9.06,7.32
1981.7,27,8,7.51,7.54,7.71,7.44,7.84,7.77,7.91,8.47,6.92,8.97,8.46,8.26,9.37,8.21,6.64,7.61,7.26,9.16,9.06,7.32
1982.7,27,8,7.51,7.53,7.71,7.43,7.84,7.75,7.9,8.46,6.91,8.97,8.45,8.25,9.37,8.21,6.65,7.61,7.26,9.15,9.05,7.31
1983.7,27,7.99,7.53,7.53,7.71,7.44,7.85,7.76,7.89,8.46,6.92,8.97,8.46,8.26,9.37,8.21,6.64,7.61,7.27,9.16,9.06,7.32
1984.7,27,7.96,7.48,7.5,7.68,7.39,7.83,7.71,7.86,8.43,6.89,8.95,8.44,8.21,9.35,8.18,6.62,7.59,7.21,9.14,9.03,7.29
1985.72,27,7.96,7.51,7.48,7.67,7.39,7.83,7.71,7.85,8.43,6.87,8.94,8.42,8.23,9.33,8.17,6.61,7.58,7.21,9.12,9.04,7.28
1986.72,27,7.95,7.51,7.46,7.64,7.39,7.82,7.7,7.83,8.42,6.85,8.93,8.42,8.2,9.33,8.16,6.6,7.56,7.19,9.11,9.03,7.29
1987.72,27,7.92,7.5,7.45,7.62,7.37,7.82,7.68,7.82,8.4,6.83,8.93,8.39,8.2,9.33,8.16,6.58,7.55,7.18,9.11,9.02,7.28
1988.72,27,7.9,7.52,7.44,7.62,7.37,7.81,7.67,7.82,8.4,6.82,8.94,8.39,8.19,9.32,8.16,6.59,7.55,7.17,9.11,9.02,7.28
1989.72,27,7.88,7.5,7.42,7.61,7.34,7.79,7.66,7.79,8.37,6.8,8.91,8.38,8.16,9.3,8.13,6.56,7.55,7.16,9.09,8.99,7.26
1990.72,27,7.89,7.51,7.42,7.59,7.34,7.79,7.63,7.81,8.38,6.8,8.91,8.37,8.17,9.31,8.13,6.56,7.54,7.14,9.09,9,7.26
1991.72,27,7.84,7.51,7.39,7.58,7.34,7.78,7.62,7.77,8.37,6.77,8.89,8.37,8.16,9.28,8.11,6.55,7.52,7.11,9.06,8.99,7.25
1992.72,27,7.83,7.48,7.37,7.55,7.31,7.76,7.59,7.76,8.36,6.75,8.87,8.34,8.14,9.27,8.1,6.52,7.51,7.1,9.04,8.98,7.23
1993.73,27,7.84,7.5,7.37,7.54,7.32,7.77,7.6,7.77,8.36,6.75,8.89,8.36,8.13,9.27,8.1,6.54,7.51,7.1,9.05,8.99,7.26
1994.73,27,7.81,7.5,7.35,7.53,7.31,7.76,7.58,7.76,8.33,6.72,8.88,8.33,8.13,9.27,8.1,6.53,7.5,7.09,9.04,8.97,7.23
1995.73,27,7.78,7.51,7.34,7.5,7.29,7.75,7.54,7.75,8.33,6.72,8.86,8.32,8.1,9.27,8.07,6.51,7.46,7.05,9.03,8.94,7.23
1996.73,27,7.77,7.5,7.3,7.47,7.28,7.75,7.54,7.74,8.32,6.7,8.86,8.31,8.1,9.26,8.06,6.5,7.47,7.05,9.03,8.97,7.21
1997.73,27,7.76,7.5,7.29,7.47,7.29,7.75,7.52,7.76,8.3,6.69,8.86,8.3,8.07,9.25,8.05,6.5,7.47,7.03,9.02,8.95,7.22
1998.73,27,7.75,7.5,7.27,7.45,7.28,7.74,7.51,7.75,8.31,6.68,8.85,8.28,8.09,9.25,8.05,6.48,7.46,7.03,9,8.95,7.21
1999.73,27,7.71,7.48,7.26,7.44,7.26,7.74,7.5,7.76,8.3,6.65,8.82,8.27,8.06,9.23,8.03,6.48,7.44,7.02,9.02,8.95,7.2
2000.73,27,7.71,7.5,7.25,7.43,7.27,7.73,7.48,7.75,8.3,6.65,8.82,8.27,8.07,9.22,8.04,6.47,7.43,7.02,9,8.94,7.22
2001.73,27,7.69,7.47,7.23,7.4,7.25,7.71,7.48,7.75,8.27,6.63,8.82,8.26,8.06,9.22,8.02,6.46,7.44,7.01,8.99,8.93,7.21
2002.73,27,7.67,7.46,7.21,7.37,7.25,7.7,7.47,7.75,8.26,6.62,8.82,8.25,8.05,9.22,8,6.44,7.42,6.99,8.98,8.92,7.2
2003.73,27,7.67,7.47,7.19,7.38,7.23,7.71,7.46,7.75,8.26,6.61,8.81,8.23,8.05,9.22,7.99,6.44,7.42,6.99,8.99,8.92,7.2
2004.73,27,7.64,7.48,7.18,7.37,7.23,7.7,7.45,7.75,8.26,6.61,8.81,8.23,8.06,9.21,7.99,6.44,7.42,6.99,8.98,8.92,7.19
2005.73,27,7.66,7.48,7.17,7.37,7.25,7.7,7.46,7.76,8.25,6.62,8.82,8.21,8.05,9.21,7.99,6.46,7.42,6.99,8.99,8.93,7.21
2006.73,27,7.62,7.46,7.14,7.36,7.23,7.69,7.44,7.75,8.23,6.61,8.8,8.19,8.06,9.2,7.98,6.43,7.39,6.98,8.97,8.93,7.19
2007.75,27,7.62,7.47,7.13,7.36,7.23,7.69,7.44,7.76,8.24,6.62,8.79,8.19,8.05,9.19,7.98,6.43,7.38,6.96,8.94,8.91,7.18
2008.75,27,7.6,7.45,7.1,7.35,7.22,7.67,7.43,7.76,8.2,6.62,8.79,8.17,8.05,9.17,7.96,6.41,7.37,6.95,8.93,8.91,7.16
2009.75,27,7.59,7.45,7.09,7.34,7.23,7.66,7.42,7.76,8.2,6.62,8.79,8.16,8.05,9.17,7.96,6.42,7.38,6.95,8.95,8.89,7.17
2010.75,27,7.58,7.46,7.08,7.36,7.25,7.67,7.44,7.78,8.21,6.62,8.76,8.14,8.07,9.17,7.96,6.44,7.38,6.95,8.95,8.91,7.18
2011.75,27,7.58,7.46,7.09,7.36,7.26,7.67,7.43,7.79,8.2,6.62,8.79,8.16,8.05,9.19,7.95,6.43,7.38,6.95,8.97,8.89,7.18
2012.75,27,7.58,7.46,7.05,7.35,7.23,7.64,7.42,7.78,8.19,6.62,8.76,8.12,8.06,9.17,7.95,6.43,7.37,6.93,8.94,8.88,7.16
2013.75,27,7.56,7.44,7.03,7.37,7.25,7.64,7.43,7.79,8.18,6.61,8.76,8.13,8.04,9.17,7.93,6.43,7.36,6.93,8.93,8.89,7.17
2014.77,27,7.55,7.44,7.03,7.37,7.26,7.64,7.44,7.81,8.18,6.62,8.76,8.12,8.06,9.17,7.93,6.43,7.37,6.93,8.93,8.89,7.16
2015.77,27,7.53,7.43,6.99,7.36,7.23,7.62,7.43,7.79,8.16,6.61,8.73,8.1,8.05,9.14,7.91,6.42,7.34,6.91,8.92,8.87,7.13
2016.77,27,7.53,7.44,7,7.37,7.26,7.62,7.44,7.82,8.17,6.61,8.76,8.11,8.05,9.15,7.92,6.42,7.34,6.91,8.92,8.88,7.16
2017.77,27,7.51,7.42,6.99,7.38,7.25,7.61,7.43,7.81,8.14,6.61,8.75,8.1,8.05,9.15,7.91,6.42,7.34,6.9,8.91,8.88,7.12
2018.77,27,7.5,7.43,6.98,7.39,7.26,7.62,7.44,7.82,8.14,6.61,8.73,8.09,8.06,9.15,7.9,6.42,7.35,6.9,8.92,8.87,7.13
2019.77,27,7.48,7.42,6.95,7.4,7.27,7.61,7.43,7.83,8.13,6.61,8.75,8.09,8.07,9.14,7.9,6.41,7.34,6.89,8.91,8.87,7.13
2020.77,27,7.47,7.42,6.95,7.42,7.27,7.61,7.43,7.85,8.12,6.62,8.75,8.07,8.06,9.15,7.88,6.41,7.32,6.87,8.91,8.86,7.12
2021.78,27,7.46,7.43,6.94,7.42,7.26,7.6,7.43,7.85,8.12,6.6,8.73,8.06,8.06,9.15,7.89,6.4,7.31,6.87,8.91,8.86,7.11
2022.78,27,7.44,7.42,6.93,7.43,7.28,7.59,7.44,7.86,8.11,6.61,8.73,8.05,8.07,9.14,7.86,6.41,7.32,6.86,8.91,8.85,7.11
2023.78,27,7.43,7.4,6.92,7.43,7.27,7.59,7.44,7.85,8.1,6.62,8.73,8.05,8.06,9.11,7.85,6.39,7.31,6.86,8.89,8.86,7.11
2024.78,27,7.4,7.4,6.9,7.44,7.28,7.59,7.43,7.89,8.1,6.61,8.7,8.05,8.07,9.14,7.86,6.41,7.31,6.86,8.89,8.85,7.11
2025.78,27,7.37,7.39,6.87,7.44,7.27,7.59,7.44,7.88,8.07,6.62,8.7,8.03,8.05,9.12,7.84,6.39,7.3,6.85,8.88,8.82,7.1
2026.78,27,7.37,7.39,6.85,7.44,7.28,7.59,7.44,7.89,8.09,6.61,8.7,8.03,8.07,9.11,7.84,6.39,7.29,6.84,8.89,8.83,7.1
2027.8,27,7.35,7.39,6.85,7.45,7.28,7.59,7.44,7.89,8.07,6.6,8.69,8.02,8.07,9.11,7.83,6.38,7.29,6.84,8.87,8.82,7.1
2028.8,27,7.34,7.39,6.83,7.46,7.28,7.58,7.44,7.91,8.07,6.61,8.68,8.02,8.06,9.11,7.83,6.37,7.27,6.83,8.89,8.85,7.1
2029.8,27,7.32,7.39,6.82,7.47,7.3,7.59,7.46,7.92,8.07,6.63,8.7,8,8.07,9.12,7.83,6.37,7.28,6.85,8.91,8.83,7.1
2030.8,27,7.3,7.38,6.81,7.47,7.29,7.58,7.46,7.92,8.06,6.62,8.68,7.98,8.07,9.11,7.83,6.37,7.27,6.83,8.89,8.83,7.09
2031.8,27,7.27,7.38,6.79,7.47,7.3,7.59,7.46,7.92,8.05,6.64,8.68,7.99,8.09,9.1,7.81,6.37,7.27,6.84,8.88,8.82,7.09
2032.8,27,7.27,7.37,6.76,7.48,7.3,7.58,7.46,7.93,8.04,6.62,8.67,7.97,8.09,9.11,7.81,6.37,7.25,6.82,8.87,8.83,7.09
2033.8,27,7.25,7.38,6.76,7.48,7.29,7.58,7.46,7.92,8.03,6.63,8.65,7.96,8.1,9.1,7.81,6.35,7.25,6.81,8.87,8.81,7.08
2034.8,27,7.23,7.37,6.74,7.5,7.3,7.58,7.48,7.95,8.03,6.65,8.67,7.96,8.1,9.09,7.82,6.36,7.26,6.83,8.87,8.83,7.09
2035.8,27,7.21,7.37,6.73,7.51,7.31,7.56,7.47,7.93,8.03,6.65,8.67,7.92,8.1,9.08,7.81,6.35,7.22,6.83,8.86,8.81,7.08
2036.82,27,7.19,7.36,6.7,7.51,7.31,7.56,7.48,7.93,8,6.64,8.67,7.91,8.11,9.08,7.81,6.33,7.22,6.82,8.88,8.79,7.07
2037.82,27,7.17,7.34,6.69,7.51,7.31,7.54,7.48,7.93,8,6.65,8.64,7.91,8.11,9.06,7.78,6.33,7.22,6.81,8.86,8.8,7.07
2038.82,27,7.16,7.35,6.68,7.52,7.31,7.54,7.48,7.93,8,6.64,8.63,7.9,8.11,9.06,7.78,6.32,7.21,6.81,8.87,8.8,7.07
2039.82,27,7.14,7.35,6.64,7.52,7.31,7.54,7.5,7.95,7.99,6.66,8.63,7.89,8.11,9.06,7.79,6.31,7.21,6.81,8.87,8.8,7.08
2040.82,27,7.12,7.34,6.63,7.52,7.31,7.53,7.48,7.93,7.97,6.65,8.61,7.86,8.1,9.05,7.78,6.3,7.18,6.8,8.86,8.77,7.04
2041.82,27,7.1,7.31,6.59,7.52,7.3,7.51,7.5,7.93,7.96,6.65,8.59,7.84,8.11,9.04,7.76,6.29,7.16,6.77,8.85,8.79,7.04
2042.82,27,7.13,7.26,6.65,7.51,7.3,7.51,7.47,7.93,7.96,6.65,8.59,7.84,8.1,9.04,7.76,6.28,7.17,6.75,8.85,8.77,7.03
2043.82,27,7.4,7.26,6.94,7.44,7.27,7.46,7.46,7.91,7.93,6.61,8.57,7.89,8.05,9.06,7.9,6.23,7.2,6.89,8.95,8.86,7.1
2044.82,27,7.61,7.27,7.13,7.46,7.26,7.54,7.52,7.9,8.07,6.65,8.56,8.09,8.07,9.19,8,6.24,7.34,7.03,9.05,8.94,7.18
2045.82,27,7.71,7.27,7.25,7.51,7.23,7.62,7.59,7.89,8.19,6.71,8.62,8.2,8.11,9.27,8.07,6.35,7.44,7.11,9.1,8.97,7.21
2046.82,27,7.79,7.26,7.31,7.52,7.22,7.66,7.61,7.85,8.26,6.75,8.69,8.26,8.13,9.31,8.09,6.4,7.47,7.12,9.09,8.99,7.21
2047.83,27,7.83,7.27,7.36,7.55,7.25,7.7,7.63,7.85,8.3,6.79,8.77,8.31,8.17,9.32,8.11,6.47,7.51,7.14,9.11,9,7.22
2048.83,27,7.9,7.29,7.42,7.61,7.29,7.74,7.68,7.89,8.33,6.81,8.85,8.36,8.18,9.36,8.16,6.51,7.54,7.19,9.12,9.03,7.25
2049.83,27,7.91,7.28,7.4,7.59,7.3,7.74,7.66,7.91,8.34,6.82,8.88,8.37,8.19,9.35,8.14,6.52,7.53,7.19,9.12,9.02,7.23
2050.83,27,7.93,7.28,7.43,7.61,7.31,7.75,7.68,7.92,8.36,6.84,8.92,8.38,8.2,9.36,8.17,6.53,7.55,7.2,9.12,9.03,7.25
2051.83,27,7.93,7.28,7.44,7.6,7.31,7.76,7.67,7.93,8.36,6.84,8.93,8.38,8.2,9.36,8.17,6.53,7.54,7.2,9.12,9.03,7.25
2052.83,27,7.93,7.29,7.44,7.6,7.3,7.75,7.66,7.93,8.34,6.85,8.92,8.39,8.19,9.36,8.16,6.53,7.55,7.19,9.11,9.03,7.25
2053.83,27,7.95,7.3,7.43,7.6,7.31,7.76,7.67,7.95,8.34,6.85,8.94,8.37,8.2,9.36,8.17,6.55,7.55,7.2,9.14,9.03,7.26
2054.83,27,7.93,7.3,7.42,7.59,7.3,7.74,7.64,7.91,8.33,6.83,8.93,8.38,8.2,9.36,8.14,6.52,7.53,7.18,9.1,9.02,7.25
2055.83,27,7.92,7.3,7.43,7.58,7.28,7.75,7.64,7.91,8.32,6.84,8.93,8.36,8.2,9.35,8.14,6.54,7.55,7.18,9.1,9.02,7.23
2056.85,27,7.91,7.29,7.43,7.58,7.28,7.74,7.63,7.9,8.33,6.83,8.92,8.37,8.21,9.33,8.16,6.54,7.54,7.19,9.12,9.02,7.25
2057.85,27,7.9,7.3,7.4,7.56,7.28,7.73,7.63,7.89,8.32,6.82,8.92,8.34,8.19,9.32,8.14,6.52,7.53,7.17,9.09,9,7.25
2058.85,27,7.9,7.31,7.38,7.56,7.28,7.74,7.63,7.89,8.3,6.82,8.92,8.34,8.2,9.33,8.14,6.53,7.52,7.18,9.1,9.02,7.26
2059.85,27,7.88,7.3,7.36,7.54,7.26,7.71,7.6,7.84,8.28,6.8,8.89,8.33,8.19,9.3,8.12,6.51,7.51,7.14,9.09,8.99,7.25
2060.85,27,7.86,7.31,7.36,7.54,7.26,7.73,7.6,7.84,8.27,6.81,8.89,8.31,8.19,9.3,8.12,6.52,7.51,7.14,9.08,9,7.23
2061.85,27,7.83,7.3,7.34,7.52,7.23,7.7,7.58,7.81,8.26,6.77,8.86,8.31,8.16,9.28,8.11,6.5,7.48,7.12,9.06,8.98,7.22
2062.85,27,7.83,7.3,7.32,7.52,7.23,7.67,7.55,7.81,8.26,6.76,8.86,8.3,8.16,9.27,8.11,6.48,7.47,7.11,9.06,8.98,7.22
2063.85,27,7.83,7.31,7.31,7.5,7.21,7.69,7.55,7.79,8.24,6.75,8.85,8.27,8.14,9.26,8.1,6.49,7.46,7.1,9.04,8.97,7.22
2064.85,27,7.79,7.31,7.29,7.5,7.2,7.68,7.52,7.77,8.23,6.73,8.85,8.26,8.14,9.26,8.09,6.47,7.46,7.08,9.05,8.97,7.21
2065.85,27,7.78,7.31,7.29,7.48,7.19,7.67,7.52,7.75,8.21,6.72,8.83,8.26,8.14,9.25,8.07,6.47,7.46,7.08,9.03,8.95,7.2
2066.85,27,7.77,7.31,7.28,7.47,7.18,7.67,7.51,7.74,8.2,6.71,8.83,8.25,8.12,9.23,8.07,6.43,7.45,7.07,9.03,8.95,7.21
2067.87,27,7.76,7.31,7.27,7.46,7.17,7.66,7.47,7.73,8.19,6.69,8.82,8.24,8.11,9.25,8.05,6.44,7.44,7.05,9,8.94,7.19
2068.87,27,7.76,7.32,7.26,7.44,7.17,7.63,7.48,7.71,8.19,6.69,8.81,8.24,8.1,9.21,8.06,6.43,7.44,7.03,8.99,8.93,7.2
2069.87,27,7.73,7.3,7.22,7.43,7.16,7.62,7.46,7.69,8.18,6.65,8.79,8.21,8.1,9.22,8.04,6.41,7.43,7.01,8.99,8.93,7.19
2070.87,27,7.7,7.31,7.22,7.4,7.12,7.63,7.43,7.68,8.16,6.65,8.79,8.2,8.07,9.19,8.03,6.4,7.39,7,8.99,8.92,7.18
2071.87,27,7.7,7.3,7.2,7.39,7.12,7.62,7.44,7.68,8.16,6.63,8.77,8.19,8.07,9.21,8.03,6.39,7.4,7,8.98,8.92,7.18
2072.87,27,7.68,7.32,7.21,7.38,7.12,7.62,7.43,7.66,8.16,6.62,8.77,8.19,8.06,9.19,8.02,6.39,7.38,6.98,8.97,8.92,7.18
2073.87,27,7.67,7.3,7.17,7.36,7.1,7.6,7.39,7.64,8.13,6.6,8.75,8.17,8.05,9.17,8,6.37,7.38,6.96,8.95,8.91,7.16
2074.87,27,7.64,7.32,7.17,7.35,7.1,7.61,7.39,7.63,8.12,6.59,8.75,8.16,8.04,9.17,7.99,6.37,7.36,6.94,8.95,8.91,7.16
2075.87,27,7.63,7.32,7.16,7.34,7.09,7.59,7.37,7.63,8.11,6.56,8.76,8.16,8.04,9.17,7.98,6.36,7.38,6.93,8.93,8.89,7.14
2076.87,27,7.62,7.3,7.12,7.31,7.07,7.59,7.34,7.62,8.11,6.53,8.75,8.14,8,9.16,7.98,6.33,7.36,6.91,8.91,8.89,7.13
2077.87,27,7.59,7.31,7.1,7.3,7.07,7.56,7.32,7.61,8.09,6.53,8.73,8.12,7.99,9.15,7.95,6.32,7.36,6.87,8.91,8.87,7.12
2078.88,27,7.59,7.3,7.1,7.28,7.05,7.56,7.31,7.61,8.09,6.52,8.73,8.13,7.99,9.15,7.95,6.3,7.34,6.87,8.89,8.88,7.13
2079.88,27,7.56,7.31,7.09,7.26,7.04,7.56,7.31,7.61,8.07,6.5,8.71,8.11,7.99,9.14,7.95,6.3,7.34,6.86,8.91,8.86,7.13
2080.88,27,7.55,7.3,7.07,7.26,7.04,7.56,7.29,7.61,8.06,6.49,8.71,8.09,7.97,9.12,7.93,6.3,7.31,6.85,8.89,8.87,7.13
2081.88,27,7.52,7.3,7.03,7.23,7.02,7.54,7.28,7.58,8.06,6.47,8.68,8.09,7.96,9.11,7.92,6.28,7.31,6.83,8.87,8.85,7.11
2082.9,27,7.51,7.3,7.02,7.21,7.01,7.54,7.26,7.59,8.03,6.44,8.69,8.07,7.95,9.1,7.91,6.26,7.3,6.82,8.86,8.85,7.11
2083.9,27,7.5,7.29,7.01,7.19,7.01,7.53,7.23,7.59,8.04,6.42,8.68,8.06,7.95,9.11,7.9,6.27,7.29,6.82,8.85,8.85,7.1
2084.9,27,7.45,7.29,6.98,7.17,7,7.52,7.22,7.58,8.04,6.41,8.68,8.05,7.93,9.09,7.89,6.25,7.27,6.8,8.85,8.83,7.09
2085.9,27,7.46,7.29,6.96,7.16,6.99,7.52,7.21,7.59,8.02,6.4,8.68,8.04,7.91,9.09,7.88,6.24,7.28,6.8,8.85,8.83,7.1
2086.9,27,7.44,7.29,6.94,7.14,6.99,7.51,7.21,7.59,8.02,6.4,8.68,8.03,7.92,9.09,7.88,6.24,7.27,6.77,8.86,8.85,7.09
2087.9,27,7.43,7.29,6.92,7.13,6.99,7.51,7.19,7.59,8,6.39,8.67,8,7.9,9.06,7.86,6.23,7.26,6.77,8.83,8.82,7.08
2088.92,27,7.4,7.29,6.91,7.12,6.98,7.5,7.19,7.59,7.98,6.38,8.67,8,7.91,9.08,7.85,6.23,7.26,6.76,8.82,8.83,7.08
2089.92,27,7.38,7.29,6.89,7.11,6.98,7.5,7.18,7.59,7.98,6.38,8.65,7.98,7.9,9.06,7.85,6.2,7.25,6.76,8.83,8.83,7.08
2090.92,27,7.38,7.28,6.87,7.1,6.96,7.48,7.17,7.58,7.98,6.37,8.64,7.97,7.9,9.05,7.84,6.22,7.23,6.75,8.82,8.81,7.07
2091.92,27,7.37,7.27,6.84,7.09,6.95,7.47,7.16,7.58,7.97,6.37,8.62,7.95,7.9,9.05,7.82,6.18,7.22,6.74,8.81,8.8,7.05
2092.92,27,7.36,7.27,6.82,7.09,6.95,7.46,7.17,7.59,7.95,6.37,8.62,7.95,7.9,9.04,7.82,6.17,7.22,6.74,8.8,8.8,7.05
2093.92,27,7.35,7.26,6.81,7.09,6.96,7.46,7.16,7.6,7.95,6.37,8.62,7.93,7.91,9.04,7.82,6.18,7.21,6.74,8.79,8.8,7.07
2094.92,27,7.34,7.28,6.8,7.07,6.95,7.46,7.14,7.61,7.93,6.37,8.62,7.92,7.9,9.03,7.79,6.17,7.2,6.73,8.79,8.8,7.04
2095.92,27,7.34,7.26,6.79,7.08,6.99,7.47,7.16,7.6,7.93,6.38,8.63,7.92,7.92,9.04,7.81,6.17,7.21,6.73,8.8,8.8,7.05
2096.92,27,7.32,7.27,6.76,7.09,6.96,7.46,7.14,7.6,7.92,6.37,8.62,7.91,7.9,9.02,7.81,6.18,7.19,6.72,8.8,8.8,7.04
2097.92,27,7.3,7.25,6.74,7.07,6.96,7.44,7.13,7.62,7.91,6.37,8.61,7.88,7.92,9.03,7.78,6.17,7.2,6.71,8.79,8.79,7.04
2098.92,27,7.3,7.26,6.72,7.09,6.96,7.44,7.16,7.61,7.9,6.37,8.59,7.89,7.92,9.02,7.79,6.17,7.19,6.71,8.77,8.77,7.03
2099.92,27,7.28,7.25,6.71,7.08,6.95,7.44,7.14,7.61,7.89,6.37,8.61,7.86,7.91,9,7.77,6.16,7.19,6.7,8.76,8.77,7.03
2100.92,27,7.26,7.23,6.68,7.08,6.96,7.4,7.13,7.61,7.86,6.36,8.58,7.84,7.9,9,7.75,6.15,7.17,6.68,8.75,8.77,7.01
2101.93,27,7.26,7.26,6.68,7.09,6.96,7.42,7.13,7.64,7.86,6.35,8.57,7.85,7.9,9.02,7.75,6.16,7.18,6.68,8.76,8.76,7.02
2102.93,27,7.25,7.23,6.66,7.09,6.98,7.4,7.14,7.64,7.88,6.37,8.58,7.83,7.91,9,7.75,6.16,7.17,6.69,8.75,8.76,7.02
2103.93,27,7.22,7.23,6.65,7.1,6.99,7.4,7.13,7.63,7.84,6.36,8.57,7.83,7.9,9,7.75,6.15,7.16,6.66,8.74,8.76,7.01
2104.93,27,7.21,7.22,6.64,7.1,6.96,7.4,7.13,7.66,7.85,6.36,8.56,7.83,7.9,9,7.74,6.16,7.16,6.65,8.75,8.75,7.01
2105.93,27,7.2,7.25,6.63,7.11,6.99,7.4,7.16,7.67,7.84,6.36,8.57,7.83,7.92,9,7.73,6.16,7.14,6.65,8.75,8.76,7.02
2106.93,27,7.17,7.23,6.61,7.11,7,7.39,7.14,7.67,7.83,6.35,8.58,7.79,7.9,8.99,7.73,6.16,7.16,6.64,8.75,8.74,6.99
2107.93,27,7.14,7.21,6.59,7.12,6.98,7.39,7.14,7.67,7.82,6.35,8.55,7.78,7.91,8.98,7.7,6.14,7.13,6.63,8.73,8.74,6.98
2108.95,27,7.12,7.21,6.58,7.11,6.99,7.38,7.13,7.67,7.81,6.33,8.55,7.79,7.91,8.98,7.7,6.14,7.13,6.62,8.73,8.73,6.98
2109.95,27,7.11,7.21,6.58,7.13,6.98,7.37,7.13,7.69,7.79,6.33,8.53,7.79,7.91,8.98,7.69,6.14,7.13,6.61,8.73,8.73,6.98
2110.95,27,7.09,7.21,6.55,7.14,7,7.38,7.14,7.7,7.79,6.33,8.53,7.78,7.91,8.99,7.69,6.15,7.13,6.62,8.74,8.74,6.96
2111.95,27,7.08,7.21,6.54,7.14,6.99,7.38,7.13,7.71,7.78,6.33,8.55,7.78,7.91,8.98,7.69,6.15,7.11,6.61,8.73,8.73,6.98
2112.95,27,7.04,7.21,6.51,7.16,7,7.37,7.14,7.71,7.79,6.32,8.52,7.76,7.91,8.97,7.69,6.13,7.11,6.6,8.73,8.73,6.98
2113.95,27,7.03,7.2,6.52,7.17,7.01,7.37,7.16,7.71,7.78,6.32,8.52,7.76,7.91,8.97,7.68,6.13,7.1,6.6,8.73,8.73,6.96
2114.97,27,7.01,7.2,6.49,7.17,7,7.37,7.13,7.71,7.77,6.33,8.51,7.75,7.91,8.97,7.66,6.13,7.09,6.58,8.71,8.71,6.95
2115.97,27,6.98,7.18,6.47,7.17,6.99,7.35,7.16,7.7,7.75,6.32,8.49,7.74,7.91,8.97,7.66,6.11,7.08,6.58,8.7,8.7,6.95
2116.97,27,6.98,7.19,6.46,7.18,7,7.37,7.14,7.73,7.75,6.33,8.51,7.73,7.92,8.95,7.63,6.11,7.08,6.56,8.71,8.7,6.95
2117.97,27,6.93,7.19,6.43,7.18,6.99,7.35,7.14,7.73,7.75,6.35,8.49,7.71,7.91,8.93,7.64,6.12,7.07,6.55,8.71,8.7,6.95
2118.97,27,6.91,7.18,6.4,7.18,7,7.35,7.16,7.73,7.74,6.33,8.46,7.69,7.92,8.94,7.63,6.1,7.07,6.54,8.69,8.7,6.94
2119.97,27,6.9,7.18,6.4,7.19,7.01,7.35,7.14,7.74,7.73,6.35,8.49,7.69,7.93,8.94,7.63,6.09,7.07,6.55,8.71,8.7,6.95
2120.97,27,6.87,7.16,6.38,7.19,7.02,7.35,7.16,7.73,7.73,6.35,8.46,7.67,7.91,8.93,7.62,6.07,7.05,6.53,8.69,8.68,6.92
2121.98,27,6.85,7.16,6.36,7.19,7.01,7.35,7.16,7.71,7.71,6.36,8.46,7.66,7.92,8.92,7.62,6.06,7.04,6.54,8.69,8.68,6.93
2122.98,27,6.85,7.14,6.33,7.21,7.02,7.32,7.16,7.71,7.7,6.35,8.45,7.63,7.92,8.91,7.61,6.07,7.03,6.54,8.7,8.68,6.93
2123.98,27,6.83,7.16,6.31,7.2,7.02,7.32,7.16,7.73,7.7,6.36,8.44,7.62,7.92,8.92,7.62,6.05,7.03,6.53,8.7,8.68,6.93
2124.98,27,6.81,7.16,6.3,7.21,7.03,7.34,7.19,7.73,7.7,6.36,8.45,7.62,7.93,8.92,7.61,6.06,7.02,6.53,8.7,8.68,6.93
2125.98,27,6.77,7.13,6.27,7.21,7.01,7.31,7.18,7.71,7.67,6.36,8.43,7.6,7.93,8.89,7.6,6.04,6.98,6.52,8.69,8.67,6.91
2126.98,27,6.76,7.13,6.26,7.22,7.03,7.3,7.18,7.73,7.67,6.36,8.4,7.59,7.95,8.89,7.6,6.03,7,6.52,8.68,8.67,6.9
2128,27,6.75,7.12,6.24,7.22,7.03,7.31,7.18,7.71,7.66,6.38,8.4,7.58,7.96,8.88,7.59,6.02,6.99,6.52,8.68,8.67,6.92
2129,27,6.73,7.11,6.2,7.22,7.03,7.3,7.19,7.71,7.64,6.37,8.39,7.54,7.95,8.88,7.59,6.01,6.98,6.51,8.68,8.64,6.91
2130,27,6.74,7.12,6.2,7.25,7.04,7.29,7.21,7.73,7.64,6.39,8.4,7.55,7.97,8.89,7.59,6.02,6.98,6.52,8.68,8.67,6.91
2131,27,6.72,7.11,6.17,7.26,7.04,7.28,7.2,7.7,7.63,6.38,8.38,7.53,7.97,8.88,7.59,6.01,6.98,6.51,8.69,8.67,6.91
2132,27,6.66,7.05,6.15,7.22,7.03,7.27,7.19,7.7,7.61,6.38,8.36,7.5,7.95,8.87,7.54,5.99,6.95,6.42,8.65,8.63,6.87
2133,27,6.99,7.04,6.49,7.17,7.01,7.22,7.17,7.69,7.59,6.35,8.36,7.51,7.92,8.86,7.67,5.95,6.94,6.59,8.77,8.71,6.95
2134.02,27,7.25,7.04,6.75,7.14,6.98,7.26,7.2,7.68,7.71,6.38,8.34,7.74,7.91,8.98,7.82,5.93,7.11,6.73,8.87,8.82,7.02
2135.02,27,7.39,7.05,6.91,7.17,6.96,7.37,7.28,7.66,7.88,6.46,8.37,7.91,7.97,9.08,7.9,6.03,7.22,6.84,8.91,8.86,7.08
2136.02,27,7.47,7.05,6.98,7.2,6.96,7.43,7.31,7.61,7.95,6.51,8.46,7.98,7.98,9.11,7.92,6.14,7.27,6.87,8.93,8.87,7.08
2137.02,27,7.54,7.07,7.07,7.26,7,7.5,7.36,7.62,8.02,6.54,8.57,8.06,8.03,9.17,7.97,6.2,7.32,6.93,8.97,8.91,7.1
2138.02,27,7.59,7.07,7.1,7.29,7.02,7.51,7.37,7.62,8.04,6.56,8.64,8.09,8.04,9.2,7.98,6.26,7.34,6.94,8.97,8.89,7.09
2139.02,27,7.61,7.07,7.12,7.3,7.05,7.53,7.38,7.63,8.06,6.58,8.68,8.1,8.05,9.2,8,6.28,7.34,6.95,8.95,8.91,7.1
2140.02,27,7.64,7.07,7.13,7.32,7.07,7.53,7.38,7.68,8.07,6.59,8.73,8.13,8.05,9.22,8,6.3,7.36,6.96,8.97,8.92,7.11
2141.03,27,7.66,7.08,7.14,7.31,7.07,7.54,7.38,7.68,8.06,6.6,8.75,8.13,8.05,9.21,8,6.3,7.37,6.98,8.95,8.91,7.12
2142.03,27,7.68,7.09,7.14,7.32,7.08,7.55,7.39,7.7,8.07,6.61,8.75,8.13,8.06,9.22,8.03,6.32,7.38,6.99,8.99,8.92,7.13
2143.03,27,7.67,7.09,7.14,7.31,7.05,7.54,7.39,7.69,8.06,6.6,8.76,8.13,8.06,9.21,8.02,6.31,7.37,6.98,8.98,8.91,7.12
2144.03,27,7.66,7.08,7.14,7.31,7.05,7.54,7.38,7.68,8.05,6.6,8.75,8.13,8.06,9.21,8,6.31,7.37,6.98,8.95,8.91,7.11
2145.03,27,7.67,7.09,7.12,7.31,7.05,7.54,7.38,7.68,8.04,6.6,8.75,8.13,8.07,9.21,8,6.31,7.38,6.98,8.97,8.91,7.13
2146.03,27,7.64,7.09,7.11,7.31,7.03,7.53,7.37,7.67,8.03,6.59,8.74,8.11,8.06,9.19,7.99,6.31,7.37,6.96,8.94,8.89,7.12
2147.03,27,7.62,7.09,7.1,7.29,7.03,7.53,7.35,7.67,8.04,6.59,8.74,8.11,8.05,9.19,7.99,6.3,7.36,6.95,8.93,8.89,7.12
2148.03,27,7.61,7.09,7.08,7.29,7.01,7.52,7.34,7.66,8,6.56,8.71,8.11,8.04,9.16,7.99,6.3,7.35,6.94,8.93,8.89,7.1
2149.03,27,7.61,7.11,7.08,7.28,7,7.51,7.32,7.62,8.02,6.56,8.71,8.1,8.06,9.16,7.98,6.29,7.35,6.93,8.92,8.88,7.11
2150.05,27,7.58,7.1,7.08,7.26,7,7.5,7.31,7.61,7.98,6.54,8.7,8.09,8.03,9.17,7.97,6.28,7.34,6.92,8.92,8.88,7.12
2151.05,27,7.56,7.11,7.04,7.25,6.98,7.5,7.3,7.6,7.99,6.54,8.7,8.07,8.03,9.15,7.97,6.27,7.32,6.91,8.92,8.88,7.1
2152.05,27,7.54,7.09,7.04,7.23,6.96,7.48,7.28,7.56,7.96,6.52,8.68,8.05,8.02,9.12,7.96,6.25,7.3,6.9,8.91,8.86,7.1
2153.05,27,7.54,7.1,7.01,7.23,6.95,7.47,7.27,7.55,7.95,6.51,8.67,8.05,7.99,9.14,7.95,6.25,7.29,6.87,8.91,8.87,7.1
2154.05,27,7.53,7.11,7.01,7.21,6.94,7.47,7.26,7.54,7.95,6.49,8.67,8.04,8,9.11,7.95,6.24,7.29,6.87,8.89,8.87,7.1
2155.05,27,7.5,7.11,7.01,7.2,6.94,7.46,7.22,7.53,7.93,6.48,8.65,8.03,7.99,9.12,7.93,6.23,7.28,6.85,8.87,8.86,7.09
2156.05,27,7.47,7.09,6.99,7.18,6.92,7.45,7.2,7.51,7.91,6.47,8.64,8,7.99,9.11,7.92,6.2,7.27,6.84,8.86,8.85,7.09
2157.05,27,7.48,7.1,6.96,7.18,6.91,7.44,7.19,7.5,7.91,6.46,8.63,8,7.98,9.09,7.91,6.2,7.26,6.83,8.87,8.83,7.07
2158.05,27,7.46,7.1,6.95,7.17,6.89,7.44,7.2,7.48,7.9,6.43,8.62,8,7.96,9.09,7.91,6.19,7.26,6.81,8.85,8.85,7.07
2159.05,27,7.45,7.11,6.94,7.14,6.9,7.44,7.17,7.46,7.89,6.42,8.63,7.99,7.96,9.08,7.9,6.18,7.26,6.81,8.85,8.83,7.08
2160.05,27,7.43,7.11,6.94,7.13,6.87,7.42,7.17,7.45,7.88,6.4,8.62,7.98,7.95,9.08,7.9,6.17,7.25,6.79,8.83,8.83,7.05
2161.05,27,7.4,7.11,6.9,7.12,6.86,7.4,7.14,7.43,7.88,6.38,8.58,7.95,7.93,9.08,7.88,6.16,7.23,6.76,8.82,8.81,7.04
2162.05,27,7.39,7.1,6.9,7.1,6.85,7.4,7.12,7.43,7.85,6.36,8.59,7.95,7.92,9.05,7.88,6.14,7.22,6.74,8.81,8.8,7.04
2163.05,27,7.38,7.1,6.87,7.09,6.83,7.39,7.11,7.4,7.82,6.35,8.58,7.93,7.91,9.04,7.86,6.12,7.21,6.73,8.8,8.81,7.03
2164.07,27,7.35,7.09,6.85,7.07,6.81,7.38,7.07,7.38,7.83,6.33,8.56,7.89,7.89,9.03,7.84,6.11,7.2,6.71,8.79,8.8,7.01
2165.07,27,7.34,7.1,6.84,7.05,6.81,7.38,7.08,7.37,7.81,6.31,8.56,7.89,7.89,9.03,7.83,6.1,7.18,6.7,8.76,8.8,7.02
2166.07,27,7.32,7.08,6.83,7.03,6.77,7.36,7.05,7.37,7.81,6.29,8.55,7.89,7.88,9.02,7.82,6.1,7.17,6.68,8.76,8.76,7.02
2167.07,27,7.31,7.11,6.82,7.02,6.77,7.37,7.04,7.38,7.82,6.29,8.55,7.89,7.88,9.03,7.82,6.09,7.19,6.66,8.77,8.79,7.02
2168.07,27,7.29,7.09,6.79,7,6.79,7.34,7.01,7.36,7.78,6.27,8.53,7.88,7.84,9,7.81,6.06,7.14,6.64,8.75,8.76,7
2169.07,27,7.27,7.09,6.77,6.98,6.76,7.35,7.01,7.36,7.78,6.23,8.52,7.86,7.84,9,7.79,6.06,7.17,6.63,8.74,8.77,7
2170.08,27,7.23,7.1,6.76,6.95,6.76,7.32,6.96,7.36,7.77,6.23,8.52,7.85,7.83,8.98,7.79,6.06,7.14,6.62,8.73,8.76,7
2171.08,27,7.23,7.09,6.74,6.94,6.76,7.34,6.96,7.36,7.77,6.2,8.53,7.84,7.82,8.99,7.77,6.05,7.14,6.61,8.73,8.75,6.99
2172.08,27,7.2,7.07,6.7,6.91,6.73,7.3,6.94,7.34,7.73,6.17,8.5,7.82,7.81,8.97,7.76,6.03,7.11,6.58,8.7,8.74,6.96
2173.1,27,7.2,7.09,6.71,6.92,6.74,7.31,6.94,7.36,7.75,6.17,8.51,7.81,7.81,8.98,7.76,6.02,7.13,6.59,8.7,8.75,6.99
2174.1,27,7.18,7.08,6.68,6.89,6.72,7.3,6.92,7.34,7.74,6.15,8.5,7.79,7.79,8.95,7.75,6.01,7.1,6.56,8.7,8.73,6.96
2175.1,27,7.14,7.08,6.64,6.85,6.71,7.29,6.9,7.34,7.69,6.13,8.47,7.78,7.77,8.94,7.73,5.99,7.09,6.54,8.69,8.71,6.95
2176.1,27,7.13,7.08,6.65,6.85,6.72,7.3,6.9,7.36,7.7,6.13,8.49,7.76,7.77,8.97,7.73,5.98,7.1,6.55,8.68,8.73,6.96
2177.12,27,7.12,7.08,6.61,6.84,6.7,7.28,6.89,7.34,7.69,6.11,8.46,7.77,7.77,8.92,7.7,5.97,7.08,6.52,8.65,8.71,6.93
2178.12,27,7.11,7.08,6.6,6.83,6.71,7.28,6.87,7.35,7.7,6.11,8.47,7.75,7.76,8.94,7.7,5.97,7.08,6.53,8.67,8.71,6.94
2179.12,27,7.09,7.07,6.59,6.82,6.7,7.28,6.87,7.36,7.68,6.1,8.46,7.75,7.75,8.92,7.69,5.97,7.08,6.52,8.67,8.7,6.94
2180.12,27,7.08,7.08,6.56,6.8,6.69,7.27,6.85,7.35,7.66,6.09,8.45,7.74,7.76,8.92,7.68,5.95,7.05,6.5,8.64,8.69,6.93
2181.12,27,7.05,7.07,6.53,6.77,6.68,7.26,6.84,7.36,7.66,6.09,8.45,7.71,7.75,8.92,7.67,5.93,7.04,6.5,8.65,8.69,6.93
2182.12,27,7.05,7.07,6.52,6.79,6.68,7.26,6.84,7.36,7.66,6.1,8.46,7.7,7.75,8.92,7.67,5.95,7.05,6.5,8.63,8.69,6.92
2183.12,27,7.03,7.07,6.5,6.76,6.66,7.25,6.84,7.36,7.64,6.09,8.43,7.69,7.76,8.91,7.67,5.92,7.04,6.5,8.63,8.69,6.92
2184.12,27,7.01,7.05,6.48,6.76,6.66,7.25,6.83,7.36,7.63,6.09,8.42,7.69,7.74,8.89,7.64,5.91,7.03,6.48,8.63,8.69,6.92
2185.12,27,7,7.05,6.47,6.75,6.66,7.23,6.82,7.36,7.61,6.07,8.43,7.67,7.75,8.88,7.63,5.9,7.01,6.48,8.61,8.68,6.91
2186.13,27,6.99,7.05,6.46,6.76,6.68,7.25,6.82,7.38,7.63,6.09,8.43,7.67,7.76,8.88,7.66,5.91,7.02,6.47,8.62,8.67,6.91
2187.13,27,6.98,7.03,6.42,6.75,6.64,7.22,6.81,7.37,7.6,6.07,8.42,7.66,7.75,8.87,7.63,5.89,7.01,6.47,8.61,8.65,6.9
2188.13,27,6.95,7.04,6.4,6.74,6.65,7.21,6.8,7.37,7.59,6.07,8.42,7.61,7.74,8.87,7.61,5.88,7,6.46,8.59,8.65,6.9
2189.13,27,6.94,7.04,6.38,6.74,6.66,7.21,6.82,7.38,7.6,6.07,8.4,7.62,7.75,8.87,7.62,5.9,7,6.44,8.59,8.68,6.9
2190.13,27,6.93,7.02,6.37,6.73,6.64,7.2,6.81,7.38,7.59,6.06,8.39,7.6,7.74,8.86,7.61,5.88,6.99,6.43,8.58,8.64,6.89
2191.13,27,6.93,7.04,6.36,6.73,6.66,7.21,6.81,7.39,7.59,6.06,8.39,7.6,7.76,8.87,7.61,5.89,6.99,6.43,8.59,8.65,6.89
2192.13,27,6.9,7.02,6.33,6.74,6.66,7.2,6.81,7.38,7.56,6.06,8.38,7.59,7.75,8.86,7.6,5.88,6.98,6.42,8.58,8.63,6.87
2193.15,27,6.87,7.03,6.31,6.73,6.66,7.18,6.79,7.39,7.56,6.06,8.37,7.56,7.73,8.83,7.6,5.87,6.98,6.41,8.58,8.64,6.87
2194.15,27,6.86,7.02,6.3,6.73,6.66,7.18,6.8,7.4,7.53,6.05,8.37,7.55,7.74,8.83,7.59,5.88,6.98,6.41,8.56,8.62,6.86
2195.15,27,6.84,7.02,6.29,6.74,6.66,7.19,6.79,7.4,7.53,6.05,8.36,7.54,7.73,8.85,7.56,5.87,6.96,6.39,8.56,8.64,6.85
2196.15,27,6.8,7,6.26,6.73,6.65,7.16,6.76,7.4,7.52,6.03,8.34,7.54,7.73,8.83,7.54,5.86,6.94,6.38,8.56,8.62,6.86
2197.15,27,6.8,7.01,6.24,6.74,6.68,7.17,6.77,7.43,7.54,6.02,8.36,7.54,7.74,8.83,7.55,5.88,6.96,6.36,8.55,8.62,6.86
2198.15,27,6.76,6.99,6.23,6.72,6.66,7.14,6.77,7.42,7.5,6.01,8.33,7.52,7.73,8.82,7.53,5.86,6.94,6.33,8.55,8.61,6.84
2199.15,27,6.73,7,6.22,6.75,6.66,7.14,6.76,7.43,7.52,6.01,8.34,7.52,7.71,8.82,7.53,5.87,6.94,6.33,8.55,8.62,6.84
2200.15,27,6.72,7,6.22,6.75,6.66,7.13,6.77,7.44,7.51,6,8.33,7.51,7.71,8.83,7.53,5.86,6.94,6.33,8.53,8.61,6.84
2201.15,27,6.7,7,6.2,6.76,6.68,7.13,6.76,7.42,7.5,6,8.33,7.5,7.71,8.82,7.52,5.86,6.93,6.32,8.53,8.59,6.84
2202.15,27,6.66,7,6.18,6.76,6.68,7.12,6.76,7.45,7.5,6,8.32,7.5,7.7,8.81,7.52,5.86,6.92,6.31,8.53,8.61,6.83
2203.15,27,6.63,6.99,6.15,6.75,6.65,7.11,6.73,7.42,7.47,5.98,8.28,7.48,7.7,8.79,7.48,5.84,6.89,6.29,8.5,8.58,6.81
2204.15,27,6.61,6.98,6.14,6.76,6.65,7.11,6.73,7.44,7.47,5.98,8.28,7.47,7.69,8.8,7.48,5.84,6.91,6.28,8.51,8.58,6.82
2205.15,27,6.59,6.96,6.12,6.77,6.66,7.11,6.73,7.44,7.45,5.96,8.3,7.45,7.7,8.79,7.47,5.83,6.89,6.26,8.5,8.58,6.8
2206.17,27,6.56,6.95,6.11,6.77,6.66,7.09,6.73,7.44,7.46,5.95,8.28,7.45,7.69,8.79,7.46,5.83,6.87,6.25,8.51,8.57,6.8
2207.17,27,6.54,6.96,6.1,6.79,6.66,7.1,6.73,7.44,7.46,5.95,8.28,7.43,7.7,8.79,7.47,5.83,6.87,6.25,8.5,8.57,6.8
2208.17,27,6.52,6.95,6.07,6.77,6.66,7.09,6.71,7.45,7.43,5.95,8.26,7.42,7.69,8.77,7.44,5.81,6.87,6.23,8.5,8.56,6.79
2209.17,27,6.49,6.94,6.05,6.79,6.65,7.09,6.72,7.45,7.44,5.93,8.26,7.4,7.69,8.76,7.44,5.81,6.86,6.22,8.51,8.55,6.79
2210.17,27,6.49,6.95,6.07,6.8,6.66,7.08,6.74,7.46,7.42,5.95,8.25,7.42,7.7,8.76,7.44,5.82,6.86,6.22,8.5,8.56,6.8
2211.17,27,6.44,6.93,6.03,6.79,6.66,7.07,6.72,7.45,7.42,5.92,8.23,7.38,7.69,8.76,7.43,5.79,6.84,6.19,8.47,8.55,6.77
2212.17,27,6.43,6.93,6.02,6.8,6.65,7.09,6.73,7.45,7.39,5.93,8.24,7.38,7.7,8.76,7.42,5.79,6.84,6.19,8.47,8.55,6.77
2213.18,27,6.4,6.93,6,6.8,6.65,7.05,6.71,7.44,7.39,5.91,8.21,7.36,7.69,8.75,7.42,5.76,6.83,6.17,8.47,8.53,6.76
2214.18,27,6.39,6.93,5.98,6.8,6.66,7.07,6.73,7.44,7.38,5.92,8.21,7.35,7.69,8.75,7.39,5.76,6.83,6.16,8.47,8.55,6.76
2215.18,27,6.37,6.92,5.97,6.8,6.65,7.04,6.72,7.44,7.38,5.92,8.19,7.31,7.68,8.74,7.38,5.75,6.82,6.15,8.46,8.53,6.76
2216.2,27,6.33,6.9,5.95,6.8,6.65,7.03,6.71,7.43,7.36,5.92,8.19,7.3,7.67,8.71,7.37,5.74,6.8,6.14,8.46,8.52,6.75
2217.2,27,6.33,6.92,5.93,6.81,6.66,7.05,6.73,7.44,7.36,5.93,8.19,7.28,7.71,8.73,7.37,5.74,6.79,6.15,8.47,8.53,6.76
2218.2,27,6.31,6.89,5.91,6.8,6.66,7.03,6.72,7.43,7.34,5.93,8.17,7.28,7.7,8.71,7.37,5.72,6.79,6.13,8.45,8.51,6.75
2219.2,27,6.29,6.89,5.91,6.81,6.68,7.03,6.71,7.43,7.34,5.93,8.16,7.23,7.7,8.71,7.35,5.72,6.77,6.11,8.45,8.52,6.74
2220.2,27,6.27,6.89,5.9,6.81,6.66,7.01,6.72,7.4,7.31,5.93,8.16,7.23,7.7,8.7,7.35,5.7,6.77,6.11,8.43,8.51,6.74
2221.22,27,6.27,6.87,5.88,6.81,6.68,7.02,6.72,7.42,7.32,5.95,8.16,7.22,7.7,8.69,7.34,5.71,6.75,6.11,8.44,8.51,6.74
2222.22,27,6.25,6.89,5.87,6.82,6.68,7.01,6.73,7.39,7.3,5.93,8.13,7.21,7.7,8.68,7.35,5.7,6.75,6.1,8.43,8.51,6.73
2223.22,27,6.23,6.85,5.86,6.82,6.66,7,6.71,7.39,7.29,5.95,8.12,7.18,7.7,8.68,7.34,5.68,6.73,6.07,8.44,8.49,6.74
2224.22,27,6.16,6.84,5.82,6.81,6.66,6.99,6.71,7.39,7.27,5.93,8.13,7.17,7.69,8.65,7.3,5.66,6.72,6,8.4,8.47,6.72
2225.22,27,6.53,6.83,6.15,6.76,6.66,6.98,6.7,7.38,7.28,5.91,8.12,7.19,7.67,8.69,7.47,5.64,6.72,6.2,8.55,8.57,6.8
2226.22,27,6.83,6.82,6.43,6.71,6.61,6.96,6.74,7.36,7.36,5.95,8.1,7.43,7.64,8.8,7.61,5.63,6.87,6.4,8.67,8.67,6.86
2227.23,27,7.03,6.82,6.59,6.76,6.59,7.1,6.83,7.34,7.54,6.05,8.14,7.6,7.71,8.91,7.7,5.74,7.01,6.53,8.74,8.73,6.91
2228.23,27,7.13,6.82,6.7,6.85,6.6,7.19,6.92,7.31,7.64,6.15,8.25,7.73,7.78,8.99,7.76,5.86,7.08,6.61,8.79,8.76,6.95
2229.23,27,7.22,6.83,6.76,6.93,6.65,7.25,6.99,7.29,7.69,6.22,8.37,7.79,7.82,9.03,7.81,5.97,7.13,6.65,8.81,8.79,6.96
2230.23,27,7.29,6.83,6.81,6.98,6.71,7.29,7.03,7.3,7.74,6.27,8.45,7.85,7.86,9.05,7.83,6.02,7.17,6.71,8.82,8.8,6.98
2231.23,27,7.32,6.84,6.82,7,6.73,7.3,7.07,7.32,7.75,6.29,8.5,7.86,7.86,9.05,7.84,6.03,7.18,6.72,8.82,8.8,6.98
2232.23,27,7.36,6.84,6.82,7.02,6.74,7.31,7.07,7.36,7.76,6.32,8.55,7.89,7.89,9.06,7.84,6.05,7.19,6.73,8.82,8.8,6.99
2233.23,27,7.36,6.84,6.83,7.02,6.74,7.31,7.08,7.38,7.77,6.33,8.56,7.89,7.89,9.06,7.85,6.07,7.18,6.74,8.82,8.81,6.99
2234.23,27,7.36,6.83,6.84,7.01,6.75,7.32,7.05,7.39,7.77,6.32,8.56,7.89,7.89,9.06,7.85,6.07,7.19,6.73,8.81,8.79,6.99
2235.25,27,7.36,6.84,6.83,7.01,6.73,7.31,7.07,7.4,7.75,6.33,8.56,7.89,7.9,9.06,7.84,6.07,7.19,6.73,8.81,8.79,6.99
2236.25,27,7.36,6.85,6.83,7.01,6.75,7.32,7.08,7.42,7.75,6.33,8.57,7.88,7.91,9.06,7.84,6.07,7.18,6.74,8.81,8.81,7
2237.25,27,7.36,6.85,6.81,7.02,6.73,7.31,7.07,7.4,7.75,6.33,8.55,7.86,7.91,9.05,7.85,6.06,7.19,6.73,8.8,8.79,6.99
2238.25,27,7.34,6.84,6.82,7,6.73,7.29,7.04,7.39,7.73,6.32,8.56,7.85,7.89,9.05,7.84,6.05,7.17,6.73,8.79,8.79,6.99
2239.25,27,7.3,6.84,6.8,6.99,6.71,7.29,7.03,7.38,7.71,6.31,8.53,7.84,7.89,9.02,7.82,6.04,7.16,6.71,8.79,8.77,6.99
2240.25,27,7.31,6.87,6.79,7,6.71,7.29,7.03,7.37,7.69,6.3,8.53,7.84,7.9,9.03,7.82,6.04,7.17,6.7,8.8,8.79,6.99
2241.25,27,7.28,6.87,6.76,6.98,6.71,7.29,7,7.36,7.68,6.29,8.52,7.84,7.9,9.03,7.83,6.05,7.16,6.7,8.76,8.79,6.99
2242.25,27,7.28,6.86,6.75,6.96,6.68,7.27,6.99,7.34,7.67,6.29,8.51,7.82,7.88,9,7.79,6.04,7.14,6.69,8.76,8.77,6.98
2243.25,27,7.26,6.86,6.73,6.95,6.65,7.26,6.96,7.31,7.64,6.26,8.5,7.81,7.86,8.99,7.79,6.02,7.12,6.66,8.76,8.76,6.96
2244.25,27,7.25,6.87,6.73,6.93,6.66,7.27,6.98,7.31,7.66,6.27,8.51,7.81,7.88,9,7.81,6.03,7.13,6.68,8.76,8.77,6.98
2245.25,27,7.23,6.87,6.71,6.93,6.64,7.26,6.94,7.28,7.64,6.24,8.5,7.78,7.85,8.98,7.79,6.01,7.13,6.64,8.74,8.75,6.95
2246.25,27,7.21,6.87,6.7,6.92,6.64,7.25,6.92,7.26,7.63,6.24,8.47,7.76,7.85,8.98,7.78,6,7.11,6.64,8.74,8.75,6.98
2247.27,27,7.19,6.87,6.69,6.91,6.62,7.25,6.92,7.23,7.62,6.22,8.46,7.76,7.84,8.95,7.77,6,7.11,6.62,8.73,8.76,6.96
2248.27,27,7.18,6.87,6.66,6.89,6.61,7.22,6.91,7.21,7.6,6.19,8.46,7.76,7.84,8.97,7.76,5.97,7.1,6.61,8.71,8.74,6.96
2249.27,27,7.17,6.87,6.64,6.89,6.6,7.22,6.87,7.19,7.59,6.19,8.45,7.74,7.83,8.94,7.76,5.96,7.08,6.59,8.71,8.74,6.95
2250.27,27,7.14,6.89,6.62,6.85,6.58,7.2,6.86,7.19,7.58,6.16,8.44,7.73,7.82,8.93,7.74,5.93,7.08,6.58,8.68,8.71,6.94
2251.27,27,7.13,6.87,6.62,6.84,6.56,7.21,6.85,7.17,7.56,6.15,8.44,7.73,7.81,8.92,7.74,5.93,7.08,6.56,8.69,8.73,6.94
2252.27,27,7.12,6.89,6.61,6.83,6.56,7.19,6.83,7.17,7.56,6.13,8.43,7.7,7.81,8.92,7.74,5.93,7.05,6.55,8.69,8.71,6.93
2253.27,27,7.1,6.9,6.58,6.81,6.55,7.19,6.82,7.16,7.53,6.12,8.42,7.69,7.78,8.91,7.73,5.91,7.05,6.53,8.65,8.7,6.93
2254.27,27,7.08,6.89,6.56,6.8,6.53,7.18,6.79,7.13,7.53,6.09,8.42,7.67,7.77,8.89,7.71,5.9,7.03,6.51,8.65,8.7,6.92
2255.27,27,7.07,6.86,6.54,6.76,6.52,7.16,6.77,7.11,7.51,6.06,8.38,7.66,7.76,8.89,7.69,5.89,7.02,6.49,8.64,8.67,6.91
2256.27,27,7.03,6.86,6.53,6.75,6.51,7.14,6.75,7.1,7.5,6.05,8.38,7.66,7.75,8.88,7.69,5.88,7.02,6.48,8.63,8.69,6.9
2257.28,27,7.02,6.89,6.5,6.74,6.49,7.14,6.73,7.09,7.48,6.03,8.38,7.64,7.74,8.88,7.68,5.86,7.01,6.47,8.62,8.67,6.9
2258.28,27,7.01,6.87,6.49,6.72,6.48,7.14,6.74,7.08,7.48,6.02,8.37,7.63,7.73,8.87,7.67,5.85,7.02,6.44,8.61,8.69,6.9
2259.28,27,6.98,6.87,6.47,6.7,6.47,7.12,6.7,7.05,7.46,5.98,8.36,7.6,7.71,8.85,7.66,5.84,6.99,6.41,8.61,8.65,6.87
2260.28,27,6.98,6.87,6.48,6.71,6.48,7.13,6.69,7.09,7.47,5.99,8.37,7.61,7.7,8.87,7.66,5.84,6.99,6.42,8.61,8.67,6.89
2261.28,27,6.94,6.87,6.46,6.68,6.46,7.13,6.68,7.07,7.46,5.97,8.34,7.6,7.7,8.85,7.66,5.83,6.99,6.4,8.58,8.65,6.89
2262.28,27,6.92,6.86,6.43,6.64,6.46,7.11,6.64,7.05,7.45,5.93,8.33,7.58,7.68,8.83,7.63,5.81,6.96,6.37,8.57,8.64,6.86
2263.28,27,6.92,6.87,6.4,6.64,6.43,7.11,6.63,7.05,7.44,5.92,8.34,7.56,7.68,8.82,7.62,5.8,6.95,6.37,8.57,8.64,6.87
2264.28,27,6.9,6.87,6.39,6.61,6.42,7.1,6.61,7.05,7.42,5.89,8.31,7.56,7.66,8.82,7.6,5.79,6.94,6.36,8.55,8.62,6.85
2265.28,27,6.86,6.86,6.37,6.6,6.42,7.09,6.62,7.05,7.42,5.88,8.31,7.54,7.64,8.82,7.6,5.77,6.92,6.32,8.53,8.62,6.83
2266.28,27,6.84,6.87,6.36,6.58,6.39,7.08,6.59,7.05,7.4,5.85,8.31,7.54,7.62,8.81,7.58,5.75,6.91,6.3,8.52,8.62,6.84
2267.28,27,6.82,6.86,6.32,6.55,6.39,7.08,6.56,7.04,7.38,5.85,8.3,7.52,7.62,8.8,7.56,5.74,6.9,6.3,8.51,8.61,6.83
2268.28,27,6.8,6.86,6.29,6.54,6.38,7.08,6.54,7.04,7.37,5.83,8.3,7.51,7.62,8.79,7.56,5.72,6.9,6.28,8.5,8.59,6.82
2269.3,27,6.77,6.84,6.28,6.51,6.36,7.05,6.53,7.04,7.35,5.82,8.27,7.5,7.61,8.79,7.54,5.71,6.89,6.27,8.47,8.58,6.82
2270.3,27,6.75,6.85,6.27,6.5,6.37,7.05,6.52,7.05,7.37,5.8,8.28,7.47,7.6,8.77,7.54,5.72,6.89,6.26,8.5,8.59,6.81
2271.3,27,6.74,6.84,6.24,6.49,6.33,7.04,6.5,7.05,7.34,5.79,8.25,7.46,7.58,8.76,7.51,5.7,6.86,6.24,8.47,8.58,6.81
2272.3,27,6.73,6.84,6.22,6.48,6.36,7.05,6.51,7.07,7.35,5.77,8.26,7.47,7.6,8.77,7.53,5.7,6.86,6.25,8.49,8.57,6.81
2273.32,27,6.7,6.83,6.2,6.46,6.35,7.03,6.49,7.07,7.32,5.77,8.26,7.45,7.58,8.76,7.51,5.69,6.86,6.23,8.46,8.58,6.8
2274.32,27,6.69,6.83,6.17,6.43,6.33,7.02,6.47,7.05,7.31,5.75,8.25,7.42,7.58,8.75,7.51,5.68,6.85,6.22,8.46,8.56,6.79
2275.32,27,6.68,6.83,6.16,6.44,6.33,7.03,6.47,7.08,7.31,5.76,8.24,7.42,7.59,8.74,7.5,5.67,6.84,6.22,8.46,8.56,6.8
2276.32,27,6.65,6.83,6.15,6.41,6.32,7.01,6.44,7.07,7.3,5.75,8.23,7.4,7.58,8.73,7.48,5.67,6.84,6.2,8.46,8.57,6.79
2277.32,27,6.63,6.83,6.11,6.41,6.32,7.01,6.44,7.08,7.29,5.75,8.23,7.39,7.59,8.74,7.48,5.65,6.83,6.2,8.46,8.56,6.79
2278.32,27,6.63,6.82,6.11,6.4,6.32,7,6.44,7.09,7.28,5.75,8.23,7.39,7.59,8.74,7.47,5.66,6.82,6.19,8.45,8.56,6.77
2279.32,27,6.6,6.82,6.06,6.39,6.3,7,6.43,7.08,7.27,5.74,8.2,7.37,7.56,8.71,7.45,5.64,6.81,6.19,8.44,8.56,6.76
2280.32,27,6.59,6.82,6.06,6.39,6.31,6.99,6.42,7.09,7.26,5.74,8.21,7.36,7.59,8.73,7.45,5.65,6.8,6.18,8.44,8.53,6.75
2281.32,27,6.58,6.83,6.05,6.38,6.32,7,6.41,7.1,7.26,5.75,8.2,7.35,7.59,8.73,7.44,5.64,6.79,6.17,8.43,8.55,6.76
2282.33,27,6.54,6.82,6.01,6.37,6.32,6.99,6.4,7.09,7.25,5.74,8.18,7.32,7.58,8.69,7.43,5.64,6.79,6.16,8.43,8.55,6.75
2283.33,27,6.51,6.77,6,6.36,6.31,6.96,6.4,7.08,7.22,5.72,8.19,7.3,7.58,8.69,7.43,5.63,6.75,6.14,8.42,8.52,6.73
2284.33,27,6.51,6.79,5.98,6.36,6.29,6.96,6.4,7.09,7.22,5.73,8.17,7.31,7.58,8.69,7.43,5.63,6.77,6.15,8.4,8.53,6.74
2285.33,27,6.5,6.8,5.97,6.36,6.31,6.96,6.39,7.1,7.2,5.73,8.17,7.29,7.58,8.68,7.42,5.63,6.76,6.13,8.4,8.52,6.73
2286.35,27,6.47,6.77,5.93,6.33,6.29,6.94,6.36,7.09,7.18,5.7,8.16,7.26,7.55,8.65,7.4,5.6,6.75,6.11,8.37,8.5,6.72
2287.35,27,6.46,6.79,5.95,6.35,6.29,6.93,6.39,7.12,7.2,5.72,8.16,7.27,7.56,8.67,7.39,5.6,6.75,6.11,8.38,8.52,6.72
2288.35,27,6.43,6.79,5.93,6.35,6.3,6.93,6.38,7.1,7.18,5.7,8.14,7.26,7.58,8.65,7.39,5.62,6.75,6.11,8.38,8.51,6.73
2289.35,27,6.41,6.77,5.92,6.33,6.31,6.93,6.37,7.12,7.18,5.7,8.14,7.26,7.56,8.67,7.38,5.59,6.76,6.1,8.38,8.51,6.72
2290.35,27,6.38,6.76,5.9,6.33,6.29,6.91,6.37,7.11,7.16,5.68,8.13,7.22,7.55,8.64,7.36,5.59,6.73,6.07,8.37,8.5,6.71
2291.37,27,6.36,6.77,5.9,6.33,6.29,6.91,6.36,7.11,7.18,5.68,8.12,7.23,7.55,8.64,7.35,5.57,6.74,6.06,8.34,8.5,6.71
2292.37,27,6.31,6.75,5.89,6.32,6.3,6.9,6.36,7.11,7.17,5.67,8.11,7.22,7.55,8.64,7.35,5.57,6.73,6.04,8.34,8.49,6.69
2293.37,27,6.29,6.75,5.89,6.32,6.3,6.89,6.33,7.12,7.14,5.65,8.1,7.2,7.54,8.64,7.34,5.57,6.71,6.03,8.34,8.49,6.69
2294.37,27,6.27,6.74,5.88,6.33,6.3,6.89,6.32,7.12,7.16,5.64,8.1,7.19,7.53,8.63,7.34,5.57,6.72,6.01,8.33,8.49,6.68
2295.37,27,6.26,6.76,5.87,6.33,6.31,6.89,6.32,7.13,7.16,5.65,8.09,7.19,7.54,8.63,7.32,5.56,6.72,6.01,8.34,8.49,6.68
2296.38,27,6.23,6.75,5.85,6.33,6.29,6.86,6.32,7.11,7.13,5.63,8.07,7.18,7.52,8.61,7.31,5.55,6.7,5.99,8.32,8.46,6.66
2297.38,27,6.19,6.74,5.86,6.33,6.29,6.87,6.32,7.13,7.13,5.6,8.07,7.17,7.52,8.62,7.29,5.55,6.69,5.99,8.33,8.46,6.65
2298.38,27,6.17,6.73,5.86,6.33,6.3,6.85,6.32,7.13,7.12,5.59,8.07,7.17,7.51,8.63,7.3,5.55,6.68,5.98,8.33,8.47,6.68
2299.38,27,6.13,6.72,5.84,6.32,6.28,6.83,6.28,7.13,7.11,5.56,8.05,7.14,7.5,8.59,7.28,5.53,6.66,5.93,8.3,8.44,6.64
2300.4,27,6.09,6.72,5.81,6.32,6.27,6.82,6.27,7.12,7.1,5.56,8.04,7.12,7.48,8.59,7.27,5.51,6.65,5.92,8.28,8.44,6.63
2301.4,27,6.07,6.72,5.83,6.33,6.28,6.82,6.27,7.13,7.09,5.54,8.04,7.11,7.5,8.58,7.26,5.51,6.66,5.91,8.3,8.44,6.65
2302.4,27,6.04,6.7,5.8,6.33,6.28,6.82,6.27,7.12,7.09,5.53,8.02,7.09,7.48,8.57,7.23,5.5,6.65,5.89,8.28,8.42,6.63
2303.4,27,6.04,6.71,5.81,6.32,6.28,6.82,6.27,7.12,7.08,5.53,8.03,7.09,7.48,8.58,7.25,5.5,6.65,5.88,8.3,8.43,6.62
2304.4,27,6.02,6.71,5.79,6.32,6.28,6.81,6.26,7.13,7.09,5.51,7.99,7.08,7.48,8.58,7.23,5.49,6.64,5.88,8.28,8.43,6.62
2305.4,27,5.98,6.69,5.77,6.31,6.27,6.79,6.23,7.11,7.05,5.48,7.98,7.04,7.46,8.55,7.22,5.47,6.62,5.85,8.26,8.42,6.61
2306.4,27,5.97,6.69,5.75,6.32,6.28,6.8,6.25,7.12,7.07,5.49,7.97,7.05,7.47,8.57,7.22,5.47,6.61,5.85,8.28,8.42,6.61
2307.42,27,5.95,6.68,5.74,6.33,6.28,6.79,6.23,7.11,7.04,5.48,7.98,7.03,7.47,8.56,7.21,5.45,6.61,5.83,8.26,8.4,6.61
2308.42,27,5.91,6.68,5.72,6.31,6.27,6.77,6.22,7.11,7.01,5.47,7.96,7.01,7.46,8.55,7.19,5.44,6.6,5.81,8.25,8.4,6.6
2309.42,27,5.9,6.68,5.7,6.3,6.27,6.77,6.2,7.11,7.02,5.45,7.96,7,7.44,8.53,7.18,5.44,6.59,5.81,8.25,8.39,6.6
2310.42,27,5.88,6.66,5.69,6.3,6.26,6.76,6.19,7.11,7.01,5.44,7.95,6.98,7.45,8.55,7.18,5.44,6.59,5.8,8.25,8.39,6.6
2311.42,27,5.86,6.65,5.67,6.29,6.27,6.75,6.18,7.1,7,5.43,7.93,6.95,7.43,8.53,7.16,5.4,6.55,5.75,8.24,8.37,6.58
2312.42,27,5.84,6.66,5.65,6.3,6.28,6.74,6.18,7.1,6.99,5.44,7.93,6.95,7.44,8.52,7.16,5.39,6.56,5.75,8.24,8.38,6.58
2313.42,27,5.83,6.65,5.65,6.29,6.27,6.75,6.18,7.09,6.98,5.42,7.92,6.94,7.43,8.52,7.16,5.39,6.54,5.74,8.24,8.38,6.58
2314.42,27,5.8,6.63,5.62,6.28,6.26,6.72,6.17,7.08,6.95,5.4,7.9,6.91,7.42,8.49,7.12,5.36,6.53,5.72,8.21,8.36,6.56
2315.42,27,5.77,6.63,5.59,6.26,6.26,6.72,6.15,7.05,6.94,5.38,7.9,6.9,7.42,8.5,7.12,5.35,6.52,5.71,8.2,8.37,6.55
2316.42,27,5.75,6.63,5.57,6.26,6.26,6.71,6.14,7.05,6.91,5.38,7.89,6.86,7.4,8.49,7.1,5.35,6.51,5.7,8.19,8.34,6.55
2317.42,27,5.73,6.61,5.56,6.25,6.26,6.7,6.14,7.05,6.92,5.37,7.88,6.85,7.39,8.47,7.11,5.34,6.5,5.69,8.19,8.36,6.54
2318.42,27,5.72,6.62,5.54,6.24,6.26,6.7,6.13,7.05,6.91,5.37,7.89,6.84,7.4,8.47,7.1,5.32,6.5,5.68,8.2,8.34,6.55
2319.43,27,5.7,6.61,5.52,6.23,6.27,6.68,6.12,7.02,6.87,5.36,7.86,6.82,7.38,8.47,7.08,5.31,6.47,5.67,8.18,8.33,6.54
2320.43,27,5.69,6.6,5.52,6.23,6.25,6.66,6.11,7.02,6.86,5.35,7.84,6.82,7.39,8.46,7.08,5.29,6.47,5.65,8.17,8.33,6.53
2321.43,27,5.67,6.59,5.5,6.22,6.24,6.65,6.1,7,6.85,5.33,7.84,6.79,7.38,8.45,7.05,5.28,6.47,5.65,8.18,8.32,6.52
2322.43,27,5.67,6.6,5.49,6.2,6.25,6.65,6.1,7,6.83,5.33,7.82,6.76,7.37,8.44,7.07,5.26,6.46,5.64,8.16,8.32,6.52
2323.43,27,5.67,6.58,5.49,6.2,6.26,6.64,6.1,6.99,6.83,5.34,7.84,6.76,7.37,8.44,7.07,5.26,6.44,5.65,8.17,8.31,6.52
2324.43,27,5.67,6.59,5.5,6.19,6.26,6.63,6.1,6.99,6.82,5.34,7.82,6.76,7.38,8.44,7.08,5.25,6.43,5.63,8.16,8.32,6.53
2325.43,27,5.65,6.56,5.48,6.18,6.25,6.62,6.06,6.96,6.76,5.31,7.82,6.73,7.36,8.42,7.04,5.21,6.41,5.62,8.14,8.31,6.51
2326.43,27,5.63,6.56,5.47,6.17,6.25,6.61,6.05,6.94,6.76,5.32,7.81,6.71,7.37,8.4,7.04,5.21,6.4,5.62,8.14,8.3,6.51
2327.45,27,5.64,6.55,5.47,6.16,6.26,6.6,6.05,6.94,6.74,5.32,7.79,6.7,7.35,8.4,7.04,5.19,6.39,5.6,8.12,8.3,6.49
2328.45,27,5.63,6.55,5.46,6.15,6.25,6.59,6.04,6.92,6.73,5.31,7.79,6.69,7.35,8.4,7.03,5.17,6.38,5.59,8.13,8.28,6.49
2329.45,27,5.64,6.55,5.47,6.16,6.25,6.58,6.04,6.92,6.72,5.31,7.78,6.68,7.35,8.39,7.02,5.16,6.38,5.59,8.13,8.28,6.5
2330.45,27,5.62,6.52,5.46,6.14,6.25,6.56,6.01,6.91,6.7,5.31,7.77,6.66,7.34,8.38,7.03,5.14,6.36,5.58,8.11,8.28,6.49
2331.45,27,5.62,6.54,5.47,6.13,6.25,6.54,6.02,6.89,6.69,5.3,7.76,6.64,7.35,8.38,7.02,5.13,6.35,5.59,8.12,8.28,6.49
2332.45,27,5.62,6.54,5.47,6.12,6.25,6.54,6.01,6.89,6.65,5.29,7.76,6.65,7.34,8.37,7.02,5.12,6.36,5.58,8.11,8.27,6.5
2333.45,27,5.58,6.52,5.47,6.1,6.24,6.52,6,6.86,6.62,5.28,7.74,6.61,7.32,8.36,7,5.1,6.33,5.56,8.07,8.26,6.47
2334.45,27,5.58,6.49,5.5,6.06,6.22,6.49,5.98,6.85,6.61,5.26,7.74,6.59,7.31,8.34,6.99,5.07,6.3,5.5,8.06,8.26,6.46
2335.45,27,6.04,6.47,5.86,5.99,6.19,6.47,5.93,6.82,6.6,5.22,7.71,6.68,7.26,8.34,7.22,5.03,6.31,5.8,8.26,8.38,6.55
2336.45,27,6.4,6.5,6.13,6,6.17,6.53,6.07,6.81,6.77,5.39,7.71,7,7.34,8.5,7.38,5.06,6.54,6.05,8.42,8.51,6.65
2337.45,27,6.6,6.49,6.25,6.14,6.18,6.71,6.24,6.76,7.01,5.57,7.77,7.21,7.46,8.65,7.5,5.25,6.69,6.2,8.5,8.58,6.73
2338.45,27,6.71,6.5,6.36,6.28,6.22,6.82,6.37,6.75,7.14,5.71,7.91,7.35,7.55,8.75,7.56,5.44,6.77,6.3,8.56,8.62,6.76
2339.47,27,6.82,6.51,6.4,6.4,6.29,6.89,6.48,6.73,7.22,5.81,8.04,7.43,7.6,8.79,7.6,5.55,6.83,6.36,8.57,8.63,6.77
2340.47,27,6.89,6.53,6.44,6.5,6.32,6.94,6.56,6.77,7.29,5.88,8.14,7.51,7.64,8.82,7.64,5.64,6.9,6.41,8.62,8.65,6.8
2341.47,27,6.94,6.52,6.46,6.54,6.35,6.99,6.6,6.83,7.3,5.95,8.21,7.53,7.68,8.86,7.66,5.68,6.92,6.43,8.62,8.67,6.81
2342.47,27,6.98,6.54,6.49,6.58,6.38,7,6.63,6.89,7.34,5.97,8.27,7.55,7.7,8.87,7.67,5.72,6.94,6.46,8.63,8.68,6.84
2343.47,27,6.98,6.52,6.47,6.6,6.39,7.02,6.63,6.93,7.35,5.98,8.28,7.55,7.71,8.87,7.67,5.73,6.95,6.44,8.63,8.67,6.82
2344.47,27,7,6.55,6.48,6.61,6.39,7.03,6.65,6.98,7.36,6,8.31,7.55,7.71,8.88,7.67,5.75,6.96,6.47,8.64,8.68,6.83
2345.47,27,6.99,6.53,6.44,6.62,6.39,7.03,6.66,6.99,7.34,6,8.31,7.56,7.71,8.87,7.66,5.74,6.95,6.46,8.63,8.67,6.83
2346.47,27,6.99,6.55,6.46,6.63,6.39,7.04,6.68,7,7.35,6.02,8.3,7.56,7.73,8.87,7.67,5.76,6.96,6.47,8.64,8.68,6.84
2347.47,27,6.99,6.56,6.44,6.65,6.38,7.04,6.66,7,7.35,6.01,8.31,7.55,7.73,8.87,7.67,5.76,6.98,6.46,8.63,8.67,6.84
2348.47,27,6.96,6.55,6.41,6.65,6.37,7.03,6.65,6.99,7.34,6.01,8.32,7.55,7.73,8.85,7.67,5.77,6.98,6.46,8.62,8.67,6.84
2349.48,27,6.94,6.56,6.42,6.64,6.38,7.05,6.66,6.98,7.34,6,8.31,7.54,7.74,8.86,7.66,5.77,6.95,6.46,8.61,8.67,6.85
2350.48,27,6.92,6.56,6.38,6.63,6.35,7.02,6.62,6.96,7.3,5.98,8.27,7.53,7.71,8.85,7.64,5.75,6.94,6.43,8.59,8.67,6.83
2351.48,27,6.9,6.59,6.37,6.62,6.35,7.02,6.62,6.94,7.29,5.98,8.28,7.51,7.71,8.85,7.63,5.75,6.93,6.42,8.59,8.65,6.84
2352.48,27,6.89,6.58,6.33,6.6,6.32,7.01,6.61,6.93,7.28,5.96,8.27,7.48,7.7,8.82,7.62,5.74,6.93,6.41,8.59,8.64,6.83
2353.48,27,6.87,6.58,6.33,6.6,6.32,7.01,6.6,6.92,7.26,5.95,8.26,7.48,7.7,8.8,7.61,5.74,6.92,6.4,8.58,8.64,6.83
2354.48,27,6.85,6.6,6.32,6.59,6.31,7,6.58,6.91,7.26,5.93,8.25,7.48,7.7,8.81,7.62,5.73,6.92,6.39,8.57,8.64,6.83
2355.48,27,6.83,6.58,6.29,6.58,6.29,7,6.55,6.89,7.23,5.9,8.24,7.46,7.69,8.8,7.61,5.71,6.9,6.38,8.56,8.62,6.82
2356.48,27,6.81,6.58,6.28,6.54,6.27,6.95,6.52,6.85,7.21,5.88,8.24,7.44,7.68,8.76,7.59,5.68,6.87,6.35,8.53,8.62,6.8
2357.48,27,6.8,6.59,6.27,6.53,6.26,6.96,6.52,6.84,7.22,5.88,8.23,7.44,7.68,8.79,7.59,5.68,6.89,6.36,8.55,8.63,6.82
2358.5,27,6.77,6.58,6.25,6.53,6.26,6.96,6.5,6.83,7.19,5.86,8.21,7.43,7.68,8.77,7.58,5.67,6.87,6.33,8.53,8.61,6.82
2359.5,27,6.75,6.58,6.23,6.5,6.24,6.93,6.48,6.8,7.17,5.84,8.2,7.4,7.64,8.76,7.56,5.66,6.87,6.31,8.51,8.59,6.79
2360.5,27,6.75,6.59,6.22,6.49,6.23,6.94,6.46,6.79,7.18,5.83,8.19,7.39,7.66,8.74,7.56,5.65,6.86,6.3,8.52,8.61,6.81
2361.5,27,6.72,6.59,6.2,6.48,6.22,6.92,6.44,6.76,7.17,5.81,8.18,7.38,7.64,8.74,7.54,5.65,6.84,6.28,8.51,8.59,6.8
2362.5,27,6.72,6.59,6.19,6.46,6.2,6.92,6.42,6.75,7.14,5.8,8.18,7.37,7.62,8.74,7.55,5.63,6.83,6.27,8.5,8.59,6.79
2363.5,27,6.7,6.59,6.16,6.46,6.18,6.92,6.41,6.74,7.13,5.79,8.17,7.36,7.62,8.71,7.53,5.62,6.83,6.26,8.49,8.59,6.79
2364.52,27,6.68,6.59,6.16,6.42,6.17,6.91,6.4,6.74,7.11,5.76,8.14,7.35,7.6,8.71,7.52,5.6,6.82,6.24,8.47,8.57,6.77
2365.52,27,6.68,6.59,6.15,6.42,6.16,6.91,6.38,6.72,7.11,5.73,8.14,7.34,7.61,8.71,7.53,5.59,6.82,6.24,8.46,8.58,6.76
2366.52,27,6.65,6.59,6.12,6.4,6.14,6.89,6.37,6.71,7.09,5.72,8.13,7.31,7.58,8.7,7.51,5.58,6.8,6.22,8.44,8.57,6.76
2367.52,27,6.64,6.6,6.12,6.39,6.14,6.89,6.35,6.7,7.1,5.71,8.12,7.31,7.59,8.7,7.5,5.57,6.79,6.19,8.45,8.56,6.76
2368.52,27,6.62,6.58,6.09,6.37,6.12,6.86,6.32,6.66,7.08,5.69,8.1,7.29,7.58,8.69,7.5,5.54,6.79,6.17,8.43,8.55,6.74
2369.52,27,6.6,6.58,6.07,6.35,6.11,6.86,6.29,6.66,7.08,5.68,8.11,7.29,7.55,8.68,7.48,5.54,6.77,6.17,8.43,8.55,6.74
2370.52,27,6.59,6.59,6.05,6.33,6.09,6.86,6.29,6.68,7.05,5.66,8.09,7.28,7.54,8.68,7.47,5.54,6.77,6.15,8.43,8.53,6.73
2371.52,27,6.56,6.58,6.04,6.31,6.07,6.85,6.28,6.66,7.04,5.65,8.09,7.27,7.54,8.67,7.46,5.53,6.75,6.14,8.43,8.52,6.71
2372.52,27,6.55,6.6,6.03,6.3,6.06,6.86,6.26,6.66,7.04,5.63,8.1,7.26,7.53,8.68,7.46,5.52,6.75,6.12,8.42,8.53,6.73
2373.52,27,6.51,6.56,6.01,6.28,6.04,6.83,6.25,6.66,7.02,5.59,8.09,7.23,7.51,8.64,7.44,5.49,6.73,6.1,8.37,8.5,6.71
2374.53,27,6.5,6.58,6,6.26,6.03,6.82,6.22,6.65,7.01,5.57,8.06,7.23,7.51,8.64,7.43,5.49,6.73,6.09,8.38,8.51,6.7
2375.53,27,6.48,6.58,5.97,6.25,6.02,6.81,6.19,6.65,7,5.56,8.05,7.2,7.5,8.64,7.42,5.47,6.72,6.06,8.36,8.5,6.69
2376.53,27,6.46,6.56,5.96,6.22,6.01,6.81,6.18,6.65,7,5.54,8.05,7.19,7.47,8.63,7.42,5.46,6.71,6.04,8.33,8.47,6.7
2377.53,27,6.43,6.56,5.93,6.2,5.99,6.81,6.16,6.66,6.98,5.52,8.03,7.18,7.46,8.63,7.39,5.44,6.7,6.02,8.33,8.49,6.68
2378.53,27,6.42,6.55,5.91,6.19,5.99,6.8,6.15,6.66,6.98,5.51,8.03,7.18,7.45,8.61,7.38,5.43,6.68,6.01,8.33,8.47,6.68
2379.53,27,6.42,6.58,5.91,6.18,5.99,6.8,6.14,6.69,6.98,5.49,8.04,7.18,7.47,8.62,7.38,5.43,6.7,6.01,8.32,8.49,6.68
2380.53,27,6.38,6.56,5.89,6.16,5.96,6.77,6.11,6.66,6.95,5.47,8.02,7.16,7.44,8.61,7.37,5.42,6.68,5.98,8.31,8.49,6.66
2381.53,27,6.36,6.55,5.88,6.14,5.96,6.77,6.09,6.69,6.94,5.46,8.02,7.13,7.43,8.59,7.36,5.39,6.66,5.98,8.3,8.46,6.66
2382.53,27,6.31,6.53,5.86,6.13,5.96,6.77,6.05,6.69,6.92,5.43,7.98,7.13,7.42,8.58,7.35,5.38,6.65,5.96,8.3,8.46,6.66
2383.53,27,6.3,6.56,5.85,6.1,5.93,6.76,6.05,6.66,6.92,5.42,7.99,7.12,7.4,8.55,7.34,5.37,6.63,5.93,8.27,8.45,6.64
2384.55,27,6.29,6.54,5.83,6.09,5.95,6.75,6.03,6.7,6.92,5.4,7.98,7.12,7.39,8.58,7.34,5.36,6.64,5.92,8.26,8.43,6.64
2385.55,27,6.27,6.55,5.81,6.06,5.92,6.75,6.02,6.7,6.91,5.37,7.97,7.1,7.39,8.55,7.31,5.35,6.63,5.91,8.26,8.44,6.63
2386.55,27,6.25,6.54,5.79,6.04,5.9,6.74,5.99,6.7,6.89,5.36,7.96,7.08,7.37,8.55,7.3,5.33,6.6,5.89,8.25,8.43,6.62
2387.55,27,6.22,6.54,5.76,6.02,5.9,6.74,5.98,6.71,6.89,5.34,7.93,7.08,7.36,8.55,7.29,5.32,6.61,5.88,8.25,8.42,6.61
2388.55,27,6.19,6.53,5.74,6.01,5.9,6.74,5.96,6.71,6.86,5.33,7.96,7.07,7.36,8.53,7.29,5.32,6.59,5.87,8.23,8.42,6.62
2389.55,27,6.18,6.54,5.74,6,5.89,6.73,5.96,6.72,6.87,5.32,7.95,7.04,7.35,8.52,7.28,5.3,6.58,5.85,8.24,8.42,6.6
2390.55,27,6.14,6.54,5.71,5.97,5.89,6.71,5.93,6.71,6.85,5.31,7.92,7.03,7.34,8.51,7.25,5.29,6.56,5.84,8.23,8.4,6.6
2391.55,27,6.11,6.52,5.69,5.93,5.87,6.7,5.91,6.71,6.84,5.29,7.9,7.02,7.31,8.5,7.25,5.26,6.54,5.82,8.2,8.38,6.58
2392.55,27,6.11,6.54,5.7,5.96,5.88,6.72,5.92,6.74,6.85,5.3,7.93,7.03,7.35,8.52,7.26,5.27,6.58,5.84,8.23,8.4,6.61
2393.55,27,6.07,6.51,5.65,5.92,5.87,6.7,5.88,6.72,6.82,5.27,7.9,7,7.32,8.5,7.23,5.24,6.54,5.81,8.19,8.38,6.58
2394.57,27,6.04,6.51,5.65,5.89,5.86,6.69,5.87,6.71,6.81,5.25,7.89,7,7.3,8.49,7.21,5.24,6.53,5.79,8.19,8.38,6.58
2395.57,27,6.03,6.51,5.65,5.89,5.87,6.69,5.88,6.71,6.82,5.26,7.89,6.99,7.32,8.47,7.22,5.24,6.54,5.79,8.19,8.39,6.56
2396.57,27,6,6.51,5.63,5.88,5.86,6.68,5.86,6.72,6.8,5.24,7.88,6.99,7.31,8.47,7.21,5.22,6.52,5.79,8.18,8.39,6.56
2397.57,27,5.98,6.51,5.6,5.86,5.87,6.69,5.85,6.73,6.77,5.24,7.88,6.98,7.31,8.46,7.2,5.22,6.51,5.79,8.18,8.38,6.56
2398.58,27,5.95,6.5,5.58,5.85,5.85,6.66,5.83,6.73,6.79,5.23,7.86,6.96,7.31,8.46,7.19,5.19,6.51,5.75,8.16,8.36,6.54
2399.58,27,5.92,6.5,5.58,5.83,5.86,6.68,5.84,6.73,6.79,5.22,7.86,6.95,7.31,8.45,7.18,5.19,6.5,5.74,8.16,8.36,6.54
2400.58,27,5.9,6.5,5.55,5.82,5.86,6.65,5.82,6.71,6.75,5.21,7.84,6.94,7.3,8.43,7.17,5.17,6.48,5.73,8.16,8.36,6.53
2401.58,27,5.88,6.49,5.57,5.8,5.84,6.64,5.81,6.73,6.75,5.21,7.83,6.93,7.3,8.44,7.17,5.16,6.48,5.73,8.14,8.34,6.52
2402.58,27,5.85,6.48,5.56,5.79,5.84,6.64,5.8,6.72,6.75,5.2,7.83,6.93,7.29,8.42,7.14,5.15,6.48,5.72,8.14,8.36,6.51
2403.58,27,5.84,6.48,5.57,5.77,5.84,6.64,5.8,6.73,6.75,5.17,7.84,6.93,7.3,8.42,7.16,5.14,6.47,5.71,8.13,8.34,6.53
2404.58,27,5.79,6.47,5.56,5.74,5.84,6.63,5.76,6.71,6.73,5.16,7.82,6.91,7.29,8.42,7.13,5.13,6.46,5.69,8.12,8.32,6.5
2405.58,27,5.76,6.47,5.55,5.73,5.83,6.62,5.76,6.7,6.72,5.15,7.81,6.91,7.29,8.42,7.12,5.12,6.44,5.68,8.11,8.32,6.49
2406.58,27,5.75,6.47,5.54,5.72,5.83,6.63,5.74,6.71,6.74,5.14,7.82,6.91,7.28,8.4,7.11,5.13,6.44,5.67,8.11,8.32,6.5
2407.58,27,5.72,6.46,5.54,5.71,5.83,6.62,5.74,6.7,6.73,5.12,7.81,6.89,7.28,8.39,7.11,5.11,6.44,5.66,8.1,8.32,6.49
2408.58,27,5.71,6.46,5.53,5.69,5.82,6.62,5.73,6.7,6.72,5.11,7.79,6.87,7.27,8.38,7.09,5.1,6.43,5.64,8.09,8.3,6.48
2409.58,27,5.67,6.46,5.53,5.67,5.81,6.61,5.71,6.7,6.73,5.09,7.78,6.86,7.26,8.38,7.09,5.1,6.42,5.63,8.06,8.32,6.48
2410.6,27,5.66,6.44,5.54,5.66,5.81,6.6,5.71,6.7,6.71,5.08,7.79,6.85,7.27,8.38,7.08,5.1,6.42,5.62,8.09,8.32,6.47
2411.6,27,5.63,6.43,5.52,5.64,5.81,6.6,5.69,6.69,6.71,5.07,7.78,6.84,7.26,8.38,7.08,5.08,6.41,5.59,8.06,8.31,6.46
2412.6,27,5.63,6.43,5.52,5.63,5.8,6.59,5.68,6.7,6.7,5.06,7.77,6.84,7.25,8.36,7.08,5.08,6.4,5.58,8.07,8.3,6.46
2413.6,27,5.6,6.43,5.5,5.62,5.8,6.59,5.67,6.68,6.7,5.04,7.77,6.83,7.25,8.36,7.07,5.07,6.39,5.57,8.06,8.28,6.46
2414.6,27,5.56,6.42,5.48,5.58,5.77,6.56,5.63,6.66,6.68,5.02,7.75,6.8,7.22,8.34,7.03,5.05,6.38,5.54,8.02,8.27,6.44
2415.6,27,5.54,6.42,5.48,5.57,5.77,6.56,5.63,6.66,6.69,5.01,7.76,6.79,7.22,8.34,7.03,5.04,6.37,5.53,8.03,8.28,6.43
2416.62,27,5.53,6.41,5.45,5.56,5.76,6.55,5.59,6.65,6.65,4.99,7.73,6.76,7.21,8.32,7.02,5.03,6.37,5.51,8.03,8.27,6.43
2417.62,27,5.51,6.41,5.44,5.55,5.76,6.55,5.59,6.65,6.66,4.98,7.75,6.75,7.21,8.33,7.02,5.02,6.36,5.5,8.02,8.26,6.43
2418.62,27,5.5,6.41,5.43,5.54,5.75,6.55,5.58,6.64,6.65,4.97,7.73,6.73,7.21,8.32,7.01,5.02,6.33,5.48,8.02,8.26,6.42
2419.62,27,5.47,6.4,5.39,5.52,5.74,6.53,5.55,6.63,6.64,4.93,7.73,6.72,7.2,8.31,7,5,6.35,5.47,8.02,8.24,6.41
2420.62,27,5.45,6.39,5.39,5.51,5.75,6.53,5.53,6.63,6.62,4.93,7.71,6.71,7.19,8.3,6.99,4.99,6.32,5.45,8,8.25,6.41
2421.62,27,5.44,6.39,5.38,5.49,5.73,6.52,5.53,6.61,6.61,4.9,7.7,6.69,7.17,8.3,6.96,4.98,6.31,5.43,7.99,8.25,6.4
2422.62,27,5.4,6.39,5.36,5.47,5.72,6.51,5.5,6.6,6.6,4.89,7.69,6.65,7.17,8.27,6.95,4.96,6.3,5.4,7.98,8.23,6.39
2423.62,27,5.37,6.38,5.35,5.47,5.71,6.5,5.49,6.59,6.59,4.85,7.67,6.65,7.14,8.27,6.95,4.94,6.28,5.39,7.97,8.23,6.38
2424.63,27,5.36,6.4,5.34,5.46,5.71,6.52,5.47,6.59,6.6,4.87,7.69,6.64,7.16,8.27,6.94,4.94,6.28,5.38,7.98,8.24,6.39
2425.63,27,5.34,6.38,5.32,5.45,5.7,6.5,5.47,6.6,6.56,4.83,7.69,6.62,7.14,8.27,6.94,4.93,6.27,5.37,7.98,8.21,6.38
2426.63,27,5.3,6.37,5.3,5.43,5.69,6.48,5.45,6.58,6.55,4.8,7.67,6.6,7.12,8.25,6.92,4.91,6.26,5.34,7.95,8.2,6.37
2427.63,27,5.28,6.37,5.29,5.43,5.69,6.47,5.42,6.54,6.53,4.79,7.66,6.56,7.12,8.23,6.91,4.9,6.25,5.34,7.95,8.2,6.37
2428.63,27,5.26,6.36,5.28,5.43,5.68,6.48,5.4,6.55,6.52,4.77,7.66,6.55,7.12,8.24,6.9,4.9,6.26,5.33,7.95,8.2,6.37
2429.63,27,5.22,6.36,5.27,5.4,5.66,6.44,5.37,6.54,6.49,4.75,7.64,6.53,7.1,8.23,6.89,4.85,6.23,5.3,7.93,8.19,6.35
2430.63,27,5.21,6.33,5.25,5.39,5.66,6.44,5.36,6.52,6.49,4.73,7.63,6.5,7.1,8.21,6.87,4.85,6.2,5.28,7.92,8.18,6.33
2431.63,27,5.17,6.36,5.24,5.39,5.65,6.43,5.34,6.52,6.49,4.72,7.63,6.5,7.09,8.23,6.86,4.83,6.2,5.29,7.91,8.19,6.33
2432.63,27,5.15,6.33,5.24,5.39,5.64,6.43,5.3,6.5,6.47,4.7,7.62,6.48,7.07,8.21,6.84,4.82,6.18,5.27,7.9,8.18,6.32
2433.63,27,5.12,6.35,5.23,5.37,5.62,6.42,5.28,6.49,6.46,4.67,7.62,6.46,7.07,8.21,6.85,4.81,6.17,5.26,7.9,8.18,6.32
2434.63,27,5.1,6.32,5.22,5.37,5.63,6.41,5.27,6.48,6.44,4.66,7.61,6.41,7.04,8.17,6.83,4.8,6.17,5.25,7.9,8.16,6.32
2435.63,27,5.08,6.32,5.21,5.36,5.62,6.4,5.26,6.46,6.42,4.65,7.59,6.4,7.04,8.18,6.81,4.78,6.16,5.24,7.89,8.14,6.31
2436.63,27,5.05,6.31,5.2,5.36,5.6,6.4,5.23,6.46,6.4,4.63,7.6,6.38,7.04,8.18,6.82,4.76,6.15,5.23,7.88,8.16,6.31
2437.63,27,5.03,6.31,5.19,5.35,5.59,6.37,5.21,6.44,6.39,4.6,7.59,6.36,7.02,8.17,6.79,4.75,6.13,5.22,7.88,8.16,6.3
2438.65,27,5.03,6.32,5.19,5.35,5.59,6.38,5.2,6.43,6.37,4.59,7.6,6.33,7.02,8.17,6.8,4.74,6.12,5.2,7.85,8.16,6.28
2439.65,27,5.01,6.29,5.17,5.34,5.57,6.37,5.16,6.42,6.36,4.57,7.56,6.31,6.99,8.16,6.76,4.72,6.1,5.2,7.85,8.13,6.29
2440.65,27,5.01,6.3,5.17,5.33,5.57,6.37,5.15,6.41,6.35,4.58,7.58,6.29,7,8.16,6.77,4.72,6.11,5.19,7.84,8.14,6.29
2441.65,27,4.99,6.3,5.15,5.32,5.56,6.35,5.12,6.41,6.32,4.54,7.56,6.28,6.99,8.14,6.76,4.69,6.09,5.17,7.84,8.13,6.27
2442.65,27,4.97,6.28,5.16,5.31,5.54,6.35,5.1,6.39,6.29,4.52,7.56,6.25,6.98,8.11,6.76,4.66,6.09,5.15,7.81,8.12,6.27
2443.65,27,4.98,6.3,5.15,5.31,5.56,6.33,5.09,6.39,6.3,4.51,7.56,6.24,6.99,8.11,6.75,4.67,6.07,5.15,7.81,8.12,6.28
2444.67,27,4.97,6.29,5.15,5.29,5.55,6.32,5.07,6.38,6.28,4.5,7.55,6.24,6.96,8.11,6.75,4.64,6.06,5.14,7.81,8.12,6.28
2445.67,27,4.96,6.29,5.14,5.29,5.55,6.32,5.05,6.37,6.26,4.48,7.54,6.22,6.96,8.12,6.75,4.64,6.06,5.14,7.81,8.12,6.28
2446.67,27,4.93,6.27,5.13,5.26,5.54,6.31,5.02,6.33,6.24,4.46,7.52,6.18,6.94,8.1,6.73,4.61,6.03,5.12,7.79,8.1,6.26
2447.67,27,4.93,6.28,5.14,5.26,5.55,6.3,5.02,6.33,6.23,4.44,7.53,6.16,6.92,8.1,6.73,4.6,6.03,5.11,7.77,8.11,6.26
2448.68,27,4.93,6.26,5.14,5.25,5.55,6.3,5,6.33,6.2,4.43,7.53,6.16,6.94,8.09,6.73,4.58,6.02,5.1,7.76,8.1,6.25
2449.68,27,4.91,6.28,5.15,5.23,5.54,6.3,4.97,6.32,6.19,4.42,7.51,6.15,6.92,8.09,6.73,4.57,6.01,5.08,7.76,8.1,6.25
2450.68,27,4.89,6.25,5.15,5.21,5.54,6.29,4.96,6.31,6.17,4.4,7.51,6.14,6.91,8.06,6.72,4.55,5.99,5.07,7.75,8.1,6.24
2451.68,27,4.89,6.25,5.14,5.2,5.55,6.29,4.94,6.29,6.14,4.38,7.5,6.12,6.9,8.05,6.72,4.53,5.99,5.06,7.74,8.09,6.24
2452.68,27,4.89,6.24,5.15,5.17,5.55,6.29,4.93,6.28,6.14,4.38,7.48,6.13,6.9,8.06,6.72,4.5,5.99,5.05,7.73,8.1,6.23
2453.68,27,4.88,6.25,5.15,5.16,5.56,6.29,4.91,6.28,6.12,4.37,7.5,6.12,6.89,8.05,6.73,4.5,5.99,5.05,7.75,8.09,6.23
2454.7,27,4.87,6.25,5.14,5.14,5.56,6.29,4.91,6.27,6.11,4.35,7.48,6.13,6.9,8.05,6.72,4.49,5.98,5.03,7.73,8.09,6.24
2455.7,27,4.83,6.25,5.15,5.12,5.56,6.29,4.89,6.26,6.09,4.33,7.47,6.12,6.87,8.04,6.71,4.45,5.98,5.01,7.71,8.07,6.22
2456.7,27,4.83,6.24,5.16,5.1,5.55,6.28,4.87,6.26,6.07,4.33,7.46,6.12,6.86,8.02,6.71,4.43,5.97,5,7.7,8.07,6.22
2457.7,27,4.8,6.24,5.16,5.08,5.57,6.27,4.84,6.23,6.03,4.3,7.45,6.1,6.86,8,6.7,4.42,5.93,4.98,7.69,8.07,6.19
2458.7,27,4.8,6.23,5.17,5.07,5.57,6.29,4.83,6.25,6.01,4.29,7.46,6.12,6.84,8,6.7,4.4,5.96,4.96,7.69,8.06,6.2
2459.7,27,4.8,6.23,5.19,5.05,5.59,6.29,4.83,6.24,6.01,4.29,7.45,6.11,6.85,8,6.71,4.38,5.95,4.97,7.69,8.06,6.2
2460.7,27,4.78,6.23,5.2,5.04,5.57,6.28,4.81,6.23,5.99,4.27,7.43,6.11,6.84,7.99,6.7,4.35,5.93,4.94,7.68,8.06,6.19
2461.7,27,4.76,6.23,5.2,5.01,5.57,6.29,4.79,6.2,5.98,4.25,7.42,6.09,6.82,7.97,6.69,4.33,5.92,4.93,7.66,8.06,6.17
2462.7,27,4.75,6.23,5.21,5,5.58,6.3,4.79,6.2,5.97,4.24,7.43,6.1,6.82,7.98,6.7,4.32,5.92,4.92,7.66,8.05,6.17
2463.7,27,4.72,6.2,5.21,4.97,5.57,6.28,4.76,6.19,5.95,4.22,7.4,6.1,6.81,7.95,6.68,4.28,5.9,4.91,7.64,8.05,6.17
2464.7,27,4.71,6.23,5.22,4.97,5.59,6.31,4.76,6.2,5.93,4.24,7.42,6.09,6.83,7.96,6.68,4.28,5.89,4.89,7.66,8.06,6.17
2465.72,27,4.69,6.22,5.23,4.95,5.58,6.29,4.74,6.19,5.9,4.22,7.39,6.1,6.79,7.96,6.68,4.25,5.89,4.88,7.63,8.05,6.16
2466.72,27,4.69,6.22,5.24,4.94,5.6,6.3,4.71,6.18,5.91,4.21,7.38,6.1,6.8,7.95,6.66,4.24,5.89,4.87,7.64,8.04,6.16
2467.72,27,4.69,6.22,5.26,4.93,5.6,6.32,4.71,6.18,5.91,4.22,7.38,6.09,6.8,7.96,6.66,4.22,5.88,4.85,7.63,8.06,6.16
2468.72,27,4.67,6.22,5.27,4.93,5.62,6.32,4.7,6.17,5.9,4.21,7.38,6.09,6.8,7.92,6.68,4.2,5.89,4.85,7.63,8.05,6.16
2469.72,27,4.66,6.22,5.27,4.9,5.6,6.32,4.68,6.17,5.89,4.19,7.37,6.06,6.79,7.92,6.68,4.18,5.87,4.83,7.63,8.04,6.15
2470.72,27,4.64,6.2,5.27,4.89,5.59,6.31,4.66,6.16,5.88,4.19,7.35,6.04,6.76,7.91,6.66,4.17,5.87,4.82,7.61,8.03,6.14
2471.72,27,4.61,6.2,5.29,4.87,5.6,6.33,4.64,6.15,5.88,4.17,7.35,6.04,6.75,7.9,6.66,4.17,5.87,4.81,7.6,8.03,6.14
2472.73,27,4.61,6.2,5.3,4.87,5.62,6.35,4.62,6.15,5.89,4.19,7.32,6.04,6.77,7.89,6.68,4.15,5.85,4.82,7.59,8.03,6.14
2473.73,27,4.61,6.22,5.31,4.85,5.6,6.33,4.6,6.15,5.88,4.18,7.34,6.03,6.76,7.9,6.66,4.14,5.85,4.82,7.6,8.03,6.13
2474.73,27,4.6,6.19,5.31,4.83,5.6,6.35,4.58,6.14,5.89,4.18,7.32,6.03,6.75,7.88,6.66,4.13,5.85,4.81,7.6,8.03,6.13
2475.73,27,4.59,6.2,5.31,4.83,5.59,6.35,4.56,6.14,5.87,4.18,7.31,6,6.75,7.88,6.65,4.12,5.84,4.81,7.59,8.03,6.12
2476.73,27,4.57,6.2,5.32,4.83,5.59,6.35,4.54,6.13,5.9,4.17,7.29,5.99,6.75,7.86,6.64,4.12,5.83,4.82,7.58,8.03,6.12
2477.73,27,4.56,6.19,5.33,4.82,5.59,6.36,4.52,6.13,5.9,4.18,7.28,5.98,6.73,7.86,6.64,4.11,5.83,4.81,7.59,8.03,6.12
2478.73,27,4.56,6.2,5.33,4.81,5.58,6.36,4.51,6.12,5.89,4.17,7.29,5.97,6.73,7.85,6.64,4.11,5.83,4.82,7.58,7.99,6.12
2479.73,27,4.55,6.19,5.35,4.81,5.59,6.36,4.49,6.11,5.89,4.16,7.29,5.96,6.73,7.84,6.64,4.11,5.82,4.83,7.58,8.02,6.11
2480.73,27,4.54,6.19,5.35,4.81,5.59,6.38,4.48,6.12,5.9,4.17,7.28,5.95,6.73,7.84,6.64,4.1,5.82,4.84,7.58,8,6.11
2481.73,27,4.54,6.2,5.36,4.81,5.58,6.38,4.47,6.12,5.91,4.17,7.28,5.93,6.72,7.84,6.63,4.09,5.81,4.85,7.58,8,6.11
2482.73,27,4.52,6.18,5.35,4.81,5.58,6.38,4.45,6.11,5.92,4.16,7.27,5.92,6.73,7.84,6.63,4.1,5.81,4.84,7.56,8,6.11
2483.73,27,4.51,6.19,5.35,4.8,5.58,6.38,4.43,6.1,5.9,4.15,7.26,5.9,6.7,7.84,6.63,4.08,5.81,4.85,7.54,7.99,6.1
2484.73,27,4.49,6.17,5.36,4.78,5.56,6.37,4.42,6.09,5.9,4.14,7.25,5.87,6.71,7.82,6.62,4.07,5.79,4.84,7.54,7.99,6.09
2485.75,27,4.5,6.18,5.36,4.78,5.55,6.38,4.39,6.09,5.9,4.13,7.25,5.87,6.7,7.82,6.62,4.07,5.79,4.85,7.55,7.98,6.06
2486.75,27,4.49,6.19,5.37,4.77,5.57,6.39,4.38,6.05,5.91,4.13,7.23,5.86,6.71,7.81,6.62,4.07,5.79,4.85,7.55,7.98,6.09
2487.75,27,4.49,6.18,5.38,4.76,5.55,6.39,4.37,6.06,5.9,4.12,7.25,5.85,6.7,7.81,6.61,4.07,5.79,4.87,7.54,7.99,6.09
2488.75,27,4.48,6.18,5.37,4.76,5.56,6.4,4.35,6.07,5.88,4.12,7.23,5.84,6.69,7.81,6.61,4.07,5.79,4.87,7.53,7.99,6.07
2489.75,27,4.48,6.18,5.38,4.76,5.56,6.41,4.33,6.04,5.9,4.11,7.21,5.82,6.69,7.81,6.61,4.06,5.77,4.84,7.53,7.98,6.06
2490.75,27,4.48,6.18,5.39,4.74,5.54,6.41,4.32,6.05,5.9,4.11,7.21,5.81,6.69,7.79,6.59,4.05,5.77,4.87,7.53,7.98,6.07
2491.75,27,4.47,6.17,5.39,4.74,5.55,6.4,4.3,6.03,5.9,4.09,7.2,5.81,6.69,7.79,6.6,4.04,5.75,4.84,7.52,7.97,6.06
2492.75,27,4.46,6.17,5.4,4.73,5.54,6.42,4.3,6.01,5.89,4.07,7.19,5.8,6.66,7.79,6.58,4.04,5.77,4.84,7.51,7.97,6.06
2493.75,27,4.7,6.16,5.49,4.71,5.53,6.4,4.28,6.01,5.9,4.06,7.18,5.81,6.69,7.79,6.66,4.03,5.75,4.94,7.53,8,6.07
2494.75,27,5.33,6.15,5.7,4.66,5.5,6.43,4.35,5.99,6.03,4.19,7.18,6.12,6.73,7.88,6.96,4.03,5.95,5.37,7.88,8.2,6.28
2495.75,27,5.72,6.15,5.8,4.89,5.5,6.56,4.74,5.95,6.31,4.54,7.19,6.48,6.96,8.14,7.16,4.26,6.19,5.64,8.1,8.32,6.41
2496.77,27,5.97,6.16,5.85,5.2,5.55,6.65,5.15,5.91,6.51,4.87,7.32,6.71,7.14,8.32,7.27,4.6,6.38,5.81,8.2,8.39,6.48
2497.77,27,6.14,6.17,5.86,5.46,5.62,6.7,5.43,5.88,6.63,5.08,7.52,6.85,7.26,8.43,7.31,4.85,6.47,5.9,8.26,8.44,6.52
2498.77,27,6.26,6.17,5.9,5.64,5.69,6.74,5.62,5.93,6.7,5.24,7.69,6.96,7.35,8.5,7.35,5,6.55,5.97,8.32,8.45,6.56
2499.77,27,6.35,6.18,5.88,5.75,5.73,6.74,5.75,6.02,6.74,5.34,7.78,7.02,7.38,8.53,7.38,5.1,6.59,6.01,8.34,8.49,6.58
2500.77,27,6.39,6.18,5.88,5.84,5.75,6.75,5.84,6.13,6.77,5.39,7.86,7.05,7.42,8.57,7.39,5.16,6.63,6.02,8.36,8.49,6.59
2501.77,27,6.41,6.19,5.86,5.89,5.76,6.75,5.9,6.19,6.77,5.45,7.91,7.07,7.44,8.57,7.38,5.21,6.63,6.04,8.37,8.49,6.6
2502.77,27,6.43,6.2,5.86,5.95,5.79,6.75,5.96,6.27,6.8,5.48,7.95,7.09,7.47,8.59,7.4,5.24,6.65,6.07,8.39,8.51,6.61
2503.77,27,6.42,6.2,5.83,5.99,5.79,6.74,5.98,6.3,6.77,5.49,7.95,7.08,7.46,8.59,7.39,5.26,6.66,6.06,8.39,8.49,6.61
2504.77,27,6.41,6.19,5.82,6.01,5.77,6.72,6.01,6.3,6.76,5.49,7.96,7.08,7.47,8.59,7.4,5.27,6.64,6.06,8.37,8.5,6.61
2505.77,27,6.4,6.22,5.81,6.04,5.77,6.71,6.02,6.31,6.75,5.5,7.96,7.08,7.48,8.59,7.39,5.29,6.64,6.06,8.38,8.51,6.63
2506.78,27,6.37,6.2,5.8,6.05,5.77,6.71,6.03,6.31,6.74,5.49,7.96,7.05,7.47,8.59,7.39,5.29,6.65,6.06,8.36,8.5,6.63
2507.78,27,6.36,6.23,5.75,6.05,5.76,6.69,6.02,6.3,6.72,5.49,7.93,7.04,7.48,8.58,7.39,5.28,6.64,6.04,8.37,8.5,6.63
2508.78,27,6.32,6.23,5.73,6.05,5.75,6.68,6.02,6.29,6.7,5.48,7.95,7.03,7.46,8.57,7.38,5.28,6.63,6.03,8.37,8.49,6.63
2509.78,27,6.28,6.22,5.7,6.03,5.73,6.65,5.99,6.26,6.66,5.44,7.91,7.01,7.46,8.56,7.36,5.27,6.62,6.02,8.34,8.46,6.61
2510.78,27,6.26,6.23,5.69,6.03,5.73,6.64,5.99,6.25,6.66,5.44,7.91,7,7.47,8.55,7.36,5.27,6.61,6,8.34,8.47,6.63
2511.78,27,6.24,6.2,5.67,6.01,5.7,6.61,5.97,6.23,6.62,5.4,7.89,6.98,7.45,8.53,7.35,5.25,6.6,5.98,8.33,8.46,6.61
2512.78,27,6.2,6.22,5.64,6,5.69,6.61,5.95,6.19,6.61,5.38,7.88,6.96,7.44,8.53,7.35,5.25,6.6,5.98,8.32,8.46,6.61
2513.78,27,6.18,6.24,5.64,6,5.69,6.6,5.92,6.16,6.6,5.38,7.89,6.96,7.43,8.52,7.34,5.23,6.6,5.96,8.32,8.46,6.62
2514.78,27,6.18,6.23,5.62,5.99,5.68,6.59,5.91,6.16,6.59,5.36,7.86,6.94,7.44,8.51,7.32,5.22,6.59,5.95,8.3,8.46,6.61
2515.78,27,6.15,6.22,5.59,5.97,5.65,6.56,5.88,6.14,6.56,5.33,7.85,6.91,7.42,8.5,7.3,5.22,6.55,5.92,8.28,8.45,6.6
2516.78,27,6.13,6.23,5.58,5.95,5.63,6.55,5.86,6.1,6.53,5.31,7.84,6.89,7.4,8.49,7.29,5.2,6.56,5.91,8.28,8.42,6.59
2517.8,27,6.13,6.23,5.57,5.93,5.64,6.55,5.86,6.09,6.54,5.31,7.83,6.9,7.4,8.49,7.29,5.2,6.55,5.9,8.27,8.45,6.59
2518.8,27,6.09,6.22,5.54,5.91,5.63,6.52,5.84,6.06,6.51,5.28,7.81,6.86,7.39,8.46,7.29,5.17,6.52,5.88,8.27,8.43,6.58
2519.8,27,6.07,6.22,5.54,5.9,5.59,6.53,5.82,6.03,6.51,5.27,7.81,6.87,7.39,8.47,7.29,5.19,6.53,5.87,8.26,8.43,6.58
2520.8,27,6.06,6.23,5.51,5.88,5.59,6.52,5.8,6.03,6.49,5.25,7.79,6.84,7.37,8.45,7.27,5.17,6.51,5.85,8.24,8.42,6.58
2521.8,27,6.04,6.23,5.51,5.87,5.58,6.5,5.77,6.01,6.47,5.23,7.77,6.84,7.37,8.44,7.26,5.15,6.51,5.84,8.25,8.42,6.56
2522.8,27,6.02,6.22,5.5,5.86,5.58,6.5,5.76,6,6.46,5.21,7.78,6.84,7.37,8.44,7.27,5.14,6.51,5.83,8.25,8.42,6.56
2523.8,27,5.98,6.22,5.47,5.84,5.55,6.48,5.74,5.99,6.44,5.19,7.77,6.82,7.35,8.43,7.25,5.12,6.5,5.81,8.21,8.4,6.55
2524.8,27,5.97,6.22,5.46,5.82,5.53,6.46,5.72,5.96,6.42,5.17,7.75,6.79,7.32,8.42,7.21,5.1,6.48,5.79,8.19,8.39,6.54
2525.8,27,5.96,6.22,5.44,5.81,5.52,6.47,5.71,5.96,6.42,5.15,7.75,6.79,7.32,8.43,7.23,5.08,6.48,5.77,8.2,8.38,6.53
2526.8,27,5.95,6.23,5.43,5.81,5.51,6.48,5.7,5.96,6.42,5.15,7.76,6.77,7.32,8.42,7.22,5.09,6.47,5.76,8.2,8.38,6.54
2527.8,27,5.92,6.22,5.4,5.77,5.49,6.44,5.68,5.93,6.41,5.13,7.73,6.76,7.3,8.39,7.21,5.08,6.47,5.74,8.18,8.38,6.52
2528.8,27,5.9,6.22,5.4,5.76,5.49,6.46,5.65,5.93,6.4,5.11,7.74,6.76,7.31,8.39,7.21,5.07,6.46,5.73,8.18,8.38,6.52
2529.82,27,5.88,6.2,5.39,5.74,5.47,6.44,5.64,5.93,6.38,5.1,7.73,6.74,7.29,8.38,7.21,5.05,6.43,5.71,8.17,8.37,6.51
2530.82,27,5.88,6.22,5.36,5.73,5.45,6.42,5.62,5.93,6.37,5.07,7.7,6.74,7.29,8.38,7.2,5.04,6.41,5.69,8.16,8.36,6.5
2531.82,27,5.85,6.2,5.36,5.7,5.44,6.41,5.58,5.91,6.36,5.04,7.7,6.73,7.27,8.37,7.19,5.03,6.41,5.68,8.14,8.33,6.49
2532.82,27,5.85,6.2,5.34,5.69,5.42,6.42,5.57,5.92,6.36,5.02,7.7,6.71,7.27,8.36,7.17,5.01,6.4,5.65,8.13,8.34,6.49
2533.82,27,5.82,6.18,5.33,5.66,5.4,6.4,5.54,5.91,6.35,5,7.68,6.71,7.23,8.34,7.17,5,6.38,5.64,8.11,8.33,6.47
2534.82,27,5.82,6.2,5.32,5.66,5.39,6.4,5.53,5.93,6.33,4.99,7.68,6.7,7.23,8.34,7.14,4.99,6.39,5.64,8.11,8.34,6.48
2535.82,27,5.79,6.19,5.31,5.64,5.38,6.4,5.5,5.95,6.32,4.97,7.67,6.69,7.23,8.34,7.14,4.98,6.38,5.62,8.1,8.32,6.47
2536.82,27,5.79,6.19,5.28,5.63,5.37,6.39,5.48,5.95,6.31,4.95,7.67,6.68,7.22,8.34,7.14,4.98,6.37,5.6,8.07,8.33,6.47
2537.82,27,5.76,6.18,5.28,5.6,5.36,6.39,5.47,5.96,6.31,4.92,7.66,6.66,7.2,8.32,7.12,4.96,6.36,5.58,8.07,8.32,6.46
2538.82,27,5.72,6.18,5.26,5.58,5.35,6.38,5.44,5.95,6.28,4.91,7.63,6.65,7.19,8.32,7.11,4.94,6.35,5.57,8.05,8.31,6.44
2539.82,27,5.72,6.19,5.23,5.56,5.34,6.37,5.42,5.97,6.29,4.87,7.64,6.65,7.19,8.32,7.11,4.93,6.33,5.56,8.05,8.3,6.44
2540.83,27,5.7,6.17,5.23,5.54,5.34,6.37,5.39,5.98,6.27,4.84,7.62,6.63,7.18,8.28,7.11,4.92,6.31,5.53,8.04,8.3,6.43
2541.83,27,5.69,6.18,5.2,5.52,5.32,6.36,5.36,5.98,6.26,4.82,7.61,6.62,7.17,8.3,7.09,4.9,6.31,5.52,8.03,8.28,6.42
2542.83,27,5.67,6.16,5.2,5.5,5.33,6.35,5.33,5.98,6.26,4.79,7.6,6.61,7.14,8.3,7.08,4.89,6.3,5.51,8.02,8.27,6.4
2543.83,27,5.65,6.17,5.19,5.48,5.31,6.35,5.31,6,6.25,4.78,7.6,6.61,7.14,8.26,7.07,4.89,6.3,5.5,7.99,8.27,6.4
2544.83,27,5.63,6.17,5.17,5.46,5.31,6.32,5.29,6,6.24,4.76,7.58,6.59,7.12,8.26,7.05,4.87,6.27,5.48,7.99,8.26,6.39
2545.83,27,5.6,6.16,5.15,5.43,5.3,6.32,5.26,6.01,6.23,4.72,7.56,6.58,7.1,8.25,7.03,4.84,6.27,5.47,7.97,8.25,6.38
2546.83,27,5.59,6.15,5.13,5.42,5.29,6.31,5.24,6.02,6.22,4.71,7.55,6.55,7.1,8.25,7.04,4.84,6.25,5.45,7.96,8.25,6.38
2547.83,27,5.56,6.15,5.12,5.38,5.26,6.29,5.2,6.03,6.2,4.67,7.54,6.55,7.09,8.21,7,4.82,6.25,5.43,7.93,8.24,6.37
2548.83,27,5.56,6.15,5.11,5.37,5.28,6.31,5.19,6.04,6.22,4.66,7.55,6.54,7.08,8.23,7.02,4.82,6.24,5.44,7.95,8.24,6.37
2549.83,27,5.55,6.15,5.11,5.35,5.27,6.31,5.17,6.04,6.19,4.65,7.54,6.54,7.08,8.23,7.02,4.82,6.24,5.43,7.96,8.23,6.37
2550.85,27,5.52,6.14,5.09,5.33,5.25,6.3,5.12,6.05,6.19,4.62,7.52,6.53,7.05,8.21,7,4.8,6.22,5.42,7.95,8.23,6.36
2551.85,27,5.5,6.16,5.09,5.31,5.24,6.29,5.1,6.05,6.16,4.61,7.53,6.51,7.04,8.2,6.99,4.79,6.22,5.38,7.92,8.23,6.36
2552.85,27,5.49,6.14,5.08,5.28,5.23,6.28,5.08,6.05,6.16,4.59,7.51,6.5,7.03,8.19,6.98,4.77,6.19,5.38,7.91,8.21,6.33
2553.85,27,5.48,6.13,5.07,5.26,5.21,6.29,5.06,6.05,6.16,4.57,7.5,6.49,7.03,8.18,6.96,4.76,6.18,5.36,7.9,8.2,6.33
2554.85,27,5.45,6.12,5.05,5.23,5.2,6.26,5.04,6.04,6.14,4.53,7.47,6.46,7,8.16,6.93,4.75,6.16,5.34,7.9,8.19,6.31
2555.85,27,5.45,6.13,5.06,5.23,5.21,6.28,5.02,6.06,6.15,4.54,7.47,6.48,7,8.16,6.94,4.74,6.18,5.34,7.89,8.2,6.32
2556.85,27,5.44,6.13,5.05,5.19,5.2,6.28,4.98,6.04,6.14,4.51,7.47,6.46,7,8.14,6.93,4.73,6.15,5.33,7.86,8.18,6.31
2557.85,27,5.4,6.12,5.04,5.17,5.19,6.26,4.98,6.06,6.14,4.5,7.46,6.44,6.99,8.14,6.93,4.72,6.16,5.33,7.89,8.19,6.32
2558.87,27,5.4,6.12,5.04,5.15,5.19,6.26,4.96,6.06,6.13,4.49,7.45,6.43,6.99,8.14,6.92,4.71,6.15,5.31,7.86,8.19,6.3
2559.87,27,5.38,6.1,5.01,5.12,5.15,6.25,4.94,6.04,6.12,4.47,7.44,6.41,6.96,8.12,6.9,4.69,6.13,5.29,7.85,8.18,6.29
2560.87,27,5.35,6.1,5.01,5.1,5.14,6.24,4.93,6.04,6.1,4.45,7.43,6.41,6.95,8.1,6.89,4.67,6.12,5.28,7.84,8.17,6.28
2561.87,27,5.35,6.1,4.99,5.09,5.13,6.25,4.9,6.03,6.1,4.43,7.42,6.39,6.95,8.1,6.86,4.66,6.11,5.27,7.83,8.16,6.28
2562.87,27,5.35,6.1,4.99,5.07,5.14,6.24,4.89,6.02,6.1,4.42,7.4,6.38,6.94,8.09,6.87,4.66,6.11,5.26,7.83,8.16,6.27
2563.87,27,5.33,6.1,4.97,5.05,5.11,6.23,4.87,6.02,6.07,4.4,7.39,6.38,6.93,8.09,6.84,4.64,6.1,5.24,7.82,8.14,6.27
2564.88,27,5.33,6.1,4.97,5.03,5.11,6.22,4.84,6.02,6.06,4.39,7.38,6.37,6.92,8.06,6.84,4.62,6.06,5.24,7.81,8.14,6.26
2565.88,27,5.32,6.06,4.96,5.01,5.1,6.23,4.83,6.01,6.06,4.37,7.37,6.36,6.91,8.05,6.84,4.61,6.06,5.22,7.81,8.13,6.24
2566.88,27,5.3,6.07,4.94,5,5.09,6.2,4.82,6,6.07,4.36,7.37,6.36,6.91,8.04,6.84,4.61,6.06,5.21,7.79,8.13,6.26
2567.88,27,5.29,6.07,4.94,4.98,5.09,6.2,4.8,6,6.06,4.34,7.36,6.36,6.92,8.04,6.82,4.59,6.05,5.2,7.78,8.12,6.25
2568.88,27,5.28,6.05,4.93,4.95,5.08,6.19,4.79,5.98,6.04,4.33,7.34,6.35,6.9,8.03,6.81,4.57,6.03,5.19,7.78,8.12,6.24
2569.88,27,5.27,6.06,4.94,4.94,5.08,6.19,4.77,5.98,6.03,4.32,7.34,6.35,6.89,8.03,6.81,4.57,6.03,5.16,7.78,8.11,6.24
2570.88,27,5.25,6.05,4.92,4.92,5.06,6.19,4.75,5.97,6.04,4.3,7.34,6.32,6.86,8.02,6.79,4.54,6.01,5.14,7.76,8.11,6.23
2571.88,27,5.23,6.04,4.9,4.91,5.07,6.18,4.73,5.95,6.03,4.28,7.32,6.32,6.86,8,6.77,4.53,6,5.13,7.76,8.11,6.22
2572.88,27,5.23,6.04,4.9,4.88,5.05,6.17,4.72,5.95,6.02,4.28,7.32,6.31,6.85,7.99,6.77,4.52,5.99,5.12,7.75,8.1,6.22
2573.88,27,5.21,6.04,4.89,4.85,5.04,6.17,4.69,5.92,6.03,4.26,7.31,6.3,6.85,7.98,6.77,4.5,5.98,5.1,7.75,8.1,6.2
2574.88,27,5.2,6.04,4.89,4.84,5.06,6.18,4.69,5.93,6.03,4.26,7.31,6.3,6.85,7.98,6.76,4.5,5.98,5.09,7.75,8.1,6.22
2575.9,27,5.19,6.03,4.87,4.82,5.04,6.16,4.67,5.92,6.02,4.24,7.28,6.3,6.83,7.97,6.74,4.48,5.97,5.08,7.71,8.09,6.19
2576.9,27,5.15,6.03,4.87,4.79,5.04,6.16,4.64,5.91,6.01,4.23,7.27,6.27,6.82,7.96,6.75,4.45,5.96,5.05,7.73,8.07,6.18
2577.9,27,5.14,6.03,4.85,4.79,5.04,6.15,4.64,5.91,6.01,4.22,7.27,6.27,6.81,7.95,6.73,4.44,5.93,5.04,7.73,8.09,6.18
2578.9,27,5.13,6.02,4.84,4.77,5.03,6.15,4.62,5.9,6,4.21,7.26,6.26,6.81,7.93,6.73,4.43,5.93,5.03,7.71,8.09,6.18
2579.9,27,5.11,6.01,4.82,4.75,5.02,6.14,4.59,5.89,5.98,4.18,7.26,6.24,6.8,7.95,6.72,4.41,5.92,5.01,7.69,8.07,6.17
2580.9,27,5.1,6.03,4.83,4.74,5.03,6.16,4.58,5.88,6,4.2,7.26,6.23,6.77,7.95,6.72,4.4,5.92,5,7.7,8.09,6.16
2581.9,27,5.07,6.01,4.82,4.72,5.01,6.14,4.55,5.87,5.99,4.17,7.25,6.2,6.77,7.92,6.71,4.37,5.9,4.98,7.69,8.07,6.16
2582.9,27,5.05,6.01,4.8,4.7,5.01,6.14,4.54,5.86,5.98,4.17,7.25,6.18,6.76,7.91,6.69,4.36,5.9,4.97,7.68,8.06,6.15
2583.92,27,5.03,6.01,4.79,4.68,4.98,6.13,4.51,5.84,5.97,4.15,7.23,6.18,6.76,7.91,6.68,4.34,5.88,4.95,7.67,8.04,6.15
2584.92,27,5.01,6,4.79,4.68,4.99,6.13,4.51,5.84,5.97,4.15,7.23,6.17,6.76,7.91,6.69,4.32,5.88,4.93,7.66,8.05,6.14
2585.92,27,4.98,5.99,4.78,4.66,4.99,6.11,4.48,5.82,5.95,4.12,7.22,6.14,6.74,7.9,6.68,4.3,5.86,4.91,7.64,8.04,6.13
2586.92,27,4.97,6,4.77,4.65,4.98,6.13,4.46,5.84,5.96,4.12,7.22,6.14,6.73,7.89,6.68,4.3,5.86,4.91,7.66,8.04,6.12
2587.92,27,4.95,5.99,4.77,4.63,4.97,6.12,4.45,5.82,5.93,4.1,7.21,6.11,6.72,7.89,6.66,4.28,5.85,4.89,7.63,8.03,6.13
2588.92,27,4.93,5.98,4.75,4.63,4.97,6.13,4.43,5.82,5.92,4.09,7.21,6.1,6.73,7.89,6.66,4.27,5.84,4.88,7.62,8.05,6.13
2589.92,27,4.9,5.96,4.75,4.6,4.95,6.1,4.4,5.8,5.9,4.06,7.19,6.05,6.7,7.86,6.64,4.24,5.81,4.84,7.62,8.03,6.11
2590.92,27,4.89,5.97,4.74,4.59,4.95,6.11,4.39,5.8,5.9,4.05,7.2,6.04,6.69,7.85,6.64,4.24,5.81,4.83,7.61,8.02,6.1
2591.92,27,4.87,5.96,4.73,4.58,4.94,6.11,4.37,5.77,5.89,4.03,7.19,6.02,6.69,7.86,6.64,4.2,5.8,4.82,7.6,8.03,6.1
2592.92,27,4.83,5.96,4.74,4.57,4.93,6.1,4.35,5.77,5.89,4.02,7.18,6,6.66,7.84,6.63,4.21,5.79,4.8,7.6,8.02,6.1
2593.93,27,4.82,5.95,4.75,4.55,4.93,6.1,4.33,5.75,5.88,4,7.18,6,6.68,7.84,6.62,4.19,5.79,4.78,7.6,8.02,6.1
2594.93,27,4.8,5.95,4.71,4.54,4.92,6.1,4.31,5.76,5.86,3.98,7.18,5.95,6.66,7.83,6.62,4.15,5.75,4.77,7.58,8,6.07
2595.93,27,4.78,5.95,4.73,4.54,4.91,6.1,4.29,5.76,5.86,3.95,7.19,5.96,6.65,7.82,6.62,4.16,5.75,4.76,7.58,8,6.07
2596.93,27,4.76,5.92,4.73,4.52,4.9,6.09,4.27,5.75,5.84,3.92,7.16,5.92,6.64,7.82,6.61,4.14,5.74,4.73,7.54,7.97,6.07
2597.93,27,4.73,5.91,4.71,4.49,4.89,6.09,4.24,5.74,5.83,3.9,7.16,5.9,6.62,7.81,6.59,4.12,5.73,4.73,7.55,7.98,6.06
2598.93,27,4.71,5.92,4.72,4.49,4.88,6.07,4.22,5.72,5.82,3.88,7.16,5.87,6.62,7.79,6.58,4.1,5.72,4.7,7.53,7.97,6.05
2599.93,27,4.7,5.93,4.73,4.49,4.88,6.09,4.21,5.74,5.82,3.87,7.17,5.87,6.63,7.79,6.58,4.11,5.73,4.7,7.54,7.99,6.06
2600.93,27,4.68,5.92,4.72,4.47,4.87,6.06,4.18,5.72,5.8,3.85,7.16,5.84,6.62,7.78,6.56,4.09,5.7,4.68,7.52,7.97,6.04
2601.93,27,4.65,5.9,4.72,4.46,4.85,6.06,4.17,5.71,5.79,3.83,7.14,5.83,6.61,7.78,6.54,4.08,5.68,4.66,7.5,7.97,6.03
2602.93,27,4.63,5.9,4.71,4.44,4.84,6.06,4.14,5.7,5.77,3.81,7.13,5.8,6.6,7.77,6.55,4.06,5.67,4.64,7.5,7.96,6.03
2603.95,27,4.62,5.9,4.72,4.45,4.84,6.06,4.13,5.71,5.77,3.79,7.13,5.79,6.61,7.77,6.54,4.06,5.67,4.64,7.5,7.98,6.03
2604.95,27,4.59,5.9,4.72,4.44,4.83,6.06,4.11,5.7,5.76,3.78,7.13,5.77,6.6,7.76,6.54,4.04,5.68,4.63,7.48,7.96,6.02
2605.95,27,4.58,5.91,4.73,4.43,4.83,6.05,4.1,5.69,5.75,3.76,7.12,5.74,6.6,7.76,6.54,4.03,5.66,4.61,7.48,7.97,6.02
2606.95,27,4.56,5.89,4.72,4.43,4.83,6.06,4.07,5.68,5.74,3.74,7.12,5.72,6.61,7.74,6.53,4.01,5.64,4.6,7.46,7.96,6.03
2607.95,27,4.55,5.88,4.72,4.41,4.83,6.05,4.06,5.68,5.71,3.73,7.11,5.7,6.59,7.75,6.52,4,5.65,4.58,7.46,7.96,6.02
2608.95,27,4.52,5.89,4.72,4.4,4.83,6.05,4.03,5.67,5.7,3.71,7.11,5.7,6.58,7.73,6.49,3.98,5.63,4.57,7.44,7.95,6.01
2609.95,27,4.51,5.89,4.72,4.4,4.82,6.04,4.04,5.67,5.7,3.7,7.11,5.68,6.59,7.74,6.49,3.98,5.62,4.56,7.45,7.96,6.01
2610.95,27,4.49,5.88,4.72,4.4,4.82,6.05,4.02,5.65,5.69,3.68,7.1,5.67,6.59,7.71,6.47,3.96,5.6,4.55,7.42,7.95,6.02
2611.97,27,4.49,5.89,4.73,4.4,4.83,6.05,4,5.66,5.68,3.68,7.1,5.66,6.59,7.7,6.5,3.95,5.62,4.56,7.43,7.95,6.01
2612.97,27,4.46,5.87,4.73,4.39,4.83,6.05,3.99,5.65,5.67,3.65,7.1,5.64,6.58,7.71,6.48,3.94,5.59,4.53,7.43,7.93,6.02
2613.97,27,4.44,5.87,4.73,4.38,4.81,6.03,3.97,5.63,5.66,3.64,7.08,5.62,6.58,7.69,6.46,3.93,5.58,4.52,7.39,7.92,5.99
2614.97,27,4.42,5.86,4.72,4.38,4.81,6.04,3.95,5.64,5.66,3.64,7.08,5.6,6.59,7.68,6.46,3.91,5.58,4.52,7.38,7.93,6
2615.97,27,4.41,5.87,4.72,4.37,4.82,6.04,3.97,5.62,5.65,3.63,7.08,5.58,6.56,7.67,6.44,3.9,5.57,4.51,7.39,7.92,6
2616.97,27,4.4,5.86,4.72,4.36,4.81,6.03,3.94,5.59,5.63,3.61,7.07,5.57,6.56,7.66,6.43,3.89,5.56,4.51,7.38,7.93,6
2617.97,27,4.39,5.87,4.73,4.37,4.83,6.03,3.93,5.59,5.63,3.61,7.07,5.57,6.56,7.67,6.43,3.88,5.55,4.51,7.39,7.93,6
2618.97,27,4.37,5.84,4.73,4.36,4.82,6.03,3.91,5.59,5.62,3.59,7.04,5.55,6.55,7.66,6.43,3.88,5.54,4.5,7.37,7.91,5.99
2619.98,27,4.36,5.85,4.72,4.36,4.83,6.03,3.9,5.59,5.6,3.58,7.05,5.53,6.56,7.64,6.43,3.86,5.53,4.5,7.36,7.91,5.99
2620.98,27,4.35,5.85,4.73,4.36,4.83,6.03,3.9,5.58,5.59,3.58,7.05,5.54,6.55,7.63,6.42,3.85,5.53,4.49,7.36,7.91,5.99
2621.98,27,4.35,5.85,4.72,4.34,4.83,6.03,3.87,5.57,5.58,3.55,7.04,5.51,6.55,7.63,6.41,3.84,5.5,4.49,7.36,7.92,5.99
2622.98,27,4.32,5.84,4.69,4.32,4.82,6.02,3.85,5.57,5.57,3.54,7.02,5.5,6.54,7.61,6.4,3.82,5.51,4.48,7.32,7.9,5.98
2623.98,27,4.31,5.83,4.71,4.33,4.83,6.03,3.86,5.56,5.57,3.53,7.03,5.51,6.54,7.62,6.41,3.82,5.51,4.49,7.35,7.91,6
2624.98,27,4.3,5.83,4.71,4.31,4.83,6.01,3.83,5.56,5.54,3.5,7.01,5.49,6.54,7.6,6.41,3.79,5.5,4.48,7.32,7.89,5.99
2626,27,4.28,5.83,4.72,4.3,4.83,6.02,3.82,5.55,5.53,3.5,7,5.46,6.52,7.6,6.4,3.79,5.48,4.47,7.32,7.89,5.98
2627,27,4.28,5.82,4.72,4.3,4.84,6.02,3.81,5.54,5.53,3.48,7,5.47,6.52,7.58,6.39,3.78,5.48,4.48,7.31,7.89,5.99
2628,27,4.27,5.82,4.71,4.29,4.83,6.01,3.81,5.53,5.53,3.46,6.99,5.45,6.51,7.58,6.4,3.78,5.47,4.47,7.31,7.89,5.97
2629,27,4.27,5.82,4.72,4.28,4.83,6.01,3.79,5.53,5.53,3.46,6.99,5.44,6.51,7.55,6.39,3.77,5.46,4.46,7.32,7.86,5.97
2630,27,4.26,5.82,4.71,4.27,4.83,6.02,3.76,5.51,5.52,3.43,6.98,5.43,6.5,7.56,6.4,3.74,5.46,4.46,7.31,7.88,5.98
2631,27,4.25,5.81,4.71,4.26,4.82,6.02,3.75,5.51,5.5,3.42,6.96,5.43,6.49,7.55,6.38,3.73,5.45,4.44,7.3,7.86,5.97
2632,27,4.24,5.81,4.71,4.24,4.82,6.01,3.73,5.5,5.49,3.4,6.94,5.42,6.49,7.53,6.38,3.72,5.44,4.45,7.29,7.86,5.97
2633,27,4.25,5.82,4.72,4.25,4.84,6.02,3.74,5.51,5.5,3.4,6.95,5.42,6.5,7.55,6.4,3.72,5.44,4.45,7.3,7.86,5.98
2634,27,4.24,5.82,4.71,4.23,4.83,6.02,3.71,5.49,5.48,3.39,6.95,5.39,6.49,7.54,6.38,3.71,5.45,4.43,7.3,7.86,5.97
2635,27,4.24,5.81,4.71,4.22,4.84,6.02,3.7,5.49,5.47,3.37,6.95,5.4,6.48,7.53,6.39,3.69,5.43,4.42,7.28,7.86,5.96
2636.02,27,4.23,5.81,4.69,4.19,4.82,6,3.67,5.47,5.46,3.36,6.93,5.37,6.47,7.52,6.37,3.68,5.42,4.4,7.27,7.84,5.95
2637.02,27,4.23,5.81,4.71,4.2,4.83,6.02,3.67,5.47,5.46,3.34,6.93,5.37,6.47,7.52,6.38,3.67,5.42,4.4,7.28,7.84,5.97
2638.02,27,4.21,5.82,4.69,4.19,4.82,6.01,3.65,5.46,5.45,3.33,6.92,5.35,6.44,7.52,6.37,3.67,5.4,4.39,7.27,7.84,5.96
2639.02,27,4.21,5.8,4.69,4.17,4.8,6,3.64,5.46,5.43,3.31,6.89,5.33,6.43,7.48,6.36,3.64,5.37,4.36,7.26,7.83,5.95
2640.02,27,4.2,5.8,4.68,4.15,4.81,6,3.62,5.45,5.4,3.3,6.9,5.31,6.43,7.5,6.35,3.64,5.36,4.36,7.25,7.83,5.95
2641.02,27,4.2,5.8,4.68,4.14,4.82,6,3.62,5.44,5.4,3.29,6.89,5.31,6.42,7.48,6.35,3.63,5.36,4.35,7.26,7.83,5.95
2642.02,27,4.2,5.79,4.69,4.13,4.8,6,3.6,5.44,5.39,3.28,6.89,5.3,6.42,7.47,6.35,3.63,5.37,4.33,7.26,7.82,5.93
2643.03,27,4.19,5.8,4.68,4.12,4.82,6,3.58,5.43,5.38,3.26,6.87,5.3,6.43,7.48,6.35,3.62,5.36,4.32,7.25,7.83,5.93
2644.05,27,4.19,5.8,4.67,4.11,4.8,6,3.57,5.42,5.37,3.24,6.87,5.28,6.41,7.46,6.31,3.61,5.36,4.31,7.23,7.82,5.93
2645.05,27,4.18,5.79,4.66,4.1,4.8,6,3.56,5.4,5.36,3.23,6.85,5.25,6.4,7.45,6.32,3.6,5.34,4.3,7.23,7.82,5.92
2646.05,27,4.17,5.79,4.66,4.07,4.8,6,3.54,5.39,5.36,3.21,6.83,5.24,6.4,7.46,6.3,3.59,5.34,4.27,7.22,7.81,5.92
2647.05,27,4.15,5.77,4.66,4.07,4.79,5.99,3.52,5.38,5.35,3.2,6.83,5.23,6.4,7.45,6.3,3.57,5.34,4.27,7.21,7.82,5.92
2648.05,27,4.15,5.79,4.67,4.06,4.79,6,3.52,5.37,5.34,3.19,6.84,5.22,6.4,7.44,6.31,3.57,5.34,4.26,7.22,7.82,5.92
2649.05,27,4.14,5.77,4.67,4.05,4.78,6,3.52,5.37,5.33,3.16,6.83,5.2,6.39,7.44,6.29,3.56,5.33,4.25,7.22,7.79,5.92
2650.05,27,4.14,5.79,4.66,4.04,4.79,6,3.51,5.35,5.33,3.16,6.82,5.2,6.39,7.42,6.29,3.56,5.32,4.24,7.2,7.81,5.91
2651.05,27,4.13,5.79,4.65,4.02,4.78,5.99,3.49,5.36,5.32,3.14,6.81,5.17,6.37,7.43,6.29,3.53,5.32,4.22,7.21,7.81,5.91
2652.05,27,4.1,5.77,4.66,4.02,4.77,6,3.47,5.34,5.3,3.12,6.81,5.17,6.37,7.4,6.29,3.53,5.31,4.22,7.19,7.79,5.9
2653.05,27,4.11,5.79,4.66,4.01,4.78,5.99,3.48,5.34,5.3,3.12,6.82,5.17,6.37,7.42,6.29,3.53,5.32,4.23,7.2,7.79,5.9
2654.05,27,4.08,5.77,4.64,4,4.77,5.99,3.46,5.32,5.29,3.09,6.8,5.15,6.37,7.39,6.29,3.52,5.3,4.21,7.19,7.79,5.9
2655.07,27,4.08,5.76,4.65,3.99,4.77,5.99,3.44,5.32,5.29,3.08,6.77,5.14,6.36,7.39,6.28,3.51,5.3,4.21,7.18,7.79,5.89
2656.07,27,4.06,5.76,4.64,3.99,4.77,6,3.45,5.31,5.28,3.06,6.79,5.14,6.37,7.38,6.28,3.5,5.3,4.21,7.19,7.81,5.9
2657.07,27,4.05,5.77,4.63,3.97,4.77,5.99,3.42,5.29,5.27,3.05,6.76,5.11,6.36,7.37,6.27,3.49,5.29,4.2,7.17,7.79,5.89
2658.07,27,4.05,5.76,4.63,3.98,4.76,6,3.43,5.29,5.26,3.04,6.76,5.11,6.35,7.38,6.28,3.48,5.27,4.2,7.18,7.79,5.89
2659.07,27,4.04,5.75,4.63,3.98,4.76,5.98,3.41,5.27,5.25,3.03,6.76,5.1,6.35,7.37,6.27,3.47,5.28,4.2,7.14,7.78,5.88
2660.08,27,4.03,5.77,4.63,3.98,4.77,6,3.4,5.28,5.24,3.02,6.76,5.1,6.35,7.38,6.28,3.48,5.28,4.21,7.18,7.78,5.89
2661.08,27,4,5.77,4.62,3.97,4.76,5.99,3.37,5.26,5.23,3,6.74,5.08,6.33,7.36,6.27,3.46,5.27,4.2,7.17,7.78,5.87
2662.08,27,4.01,5.76,4.62,3.98,4.75,5.99,3.36,5.25,5.23,3,6.74,5.07,6.32,7.36,6.26,3.45,5.26,4.19,7.14,7.77,5.88
2663.1,27,4,5.75,4.62,3.98,4.77,5.99,3.36,5.24,5.22,2.99,6.75,5.05,6.33,7.36,6.27,3.44,5.27,4.2,7.14,7.78,5.88
2664.1,27,3.98,5.76,4.61,3.98,4.76,5.99,3.35,5.24,5.2,2.97,6.72,5.05,6.33,7.34,6.26,3.44,5.26,4.19,7.13,7.77,5.88
2665.1,27,3.97,5.75,4.62,3.99,4.76,5.99,3.34,5.23,5.21,2.97,6.72,5.03,6.33,7.35,6.26,3.43,5.26,4.18,7.13,7.77,5.87
2666.1,27,3.96,5.76,4.61,3.99,4.76,5.99,3.33,5.22,5.2,2.95,6.72,5.02,6.33,7.36,6.26,3.43,5.26,4.19,7.13,7.78,5.88
2667.1,27,3.93,5.75,4.6,3.98,4.75,5.98,3.31,5.22,5.19,2.93,6.71,5.02,6.31,7.34,6.25,3.41,5.25,4.17,7.12,7.76,5.88
2668.1,27,3.92,5.75,4.6,3.99,4.75,5.98,3.31,5.2,5.17,2.93,6.72,5,6.31,7.34,6.25,3.4,5.24,4.17,7.12,7.77,5.86
2669.1,27,3.91,5.75,4.58,3.99,4.74,5.98,3.29,5.19,5.16,2.92,6.71,4.97,6.31,7.32,6.24,3.4,5.24,4.16,7.12,7.76,5.85
2670.1,27,3.89,5.74,4.57,3.98,4.74,5.97,3.27,5.16,5.15,2.91,6.7,4.97,6.31,7.31,6.24,3.38,5.22,4.14,7.09,7.75,5.86
2671.12,27,3.88,5.74,4.59,3.98,4.73,5.97,3.25,5.16,5.16,2.91,6.69,4.96,6.29,7.32,6.24,3.38,5.22,4.13,7.1,7.76,5.85
2672.12,27,3.87,5.74,4.58,3.98,4.74,5.98,3.26,5.16,5.15,2.9,6.69,4.96,6.3,7.32,6.23,3.37,5.22,4.14,7.09,7.75,5.85
2673.12,27,3.84,5.73,4.57,3.97,4.73,5.97,3.24,5.14,5.13,2.88,6.68,4.95,6.29,7.31,6.22,3.36,5.21,4.12,7.1,7.76,5.83
2674.12,27,3.83,5.74,4.56,3.95,4.73,5.97,3.22,5.14,5.12,2.87,6.66,4.92,6.29,7.31,6.2,3.35,5.21,4.11,7.09,7.75,5.82
2675.12,27,3.81,5.73,4.56,3.95,4.73,5.97,3.21,5.12,5.13,2.87,6.68,4.92,6.29,7.29,6.2,3.35,5.2,4.1,7.09,7.74,5.84
2676.12,27,3.8,5.74,4.56,3.95,4.73,5.97,3.2,5.12,5.11,2.85,6.66,4.92,6.28,7.29,6.22,3.33,5.19,4.09,7.09,7.74,5.83
2677.12,27,3.77,5.73,4.56,3.94,4.74,5.97,3.2,5.11,5.12,2.85,6.66,4.92,6.28,7.29,6.2,3.33,5.19,4.09,7.08,7.75,5.83
2678.12,27,3.76,5.73,4.55,3.92,4.72,5.96,3.17,5.1,5.1,2.83,6.65,4.9,6.26,7.28,6.19,3.33,5.17,4.07,7.08,7.73,5.82
2679.13,27,3.74,5.73,4.54,3.91,4.72,5.96,3.16,5.09,5.1,2.83,6.63,4.89,6.27,7.28,6.19,3.31,5.17,4.06,7.07,7.74,5.82
2680.13,27,3.72,5.73,4.53,3.9,4.71,5.96,3.14,5.08,5.09,2.81,6.62,4.87,6.27,7.27,6.18,3.31,5.16,4.04,7.05,7.73,5.82
2681.13,27,3.7,5.72,4.53,3.87,4.72,5.96,3.13,5.07,5.08,2.79,6.63,4.87,6.25,7.26,6.19,3.29,5.15,4.04,7.05,7.71,5.81
2682.15,27,3.7,5.72,4.53,3.87,4.71,5.96,3.13,5.08,5.07,2.79,6.62,4.88,6.26,7.26,6.19,3.3,5.15,4.03,7.05,7.73,5.81
2683.15,27,3.68,5.72,4.53,3.86,4.72,5.96,3.11,5.07,5.07,2.78,6.62,4.84,6.25,7.26,6.19,3.29,5.15,4.03,7.07,7.73,5.81
2684.15,27,3.65,5.72,4.52,3.84,4.72,5.95,3.1,5.05,5.06,2.75,6.61,4.84,6.24,7.26,6.17,3.28,5.14,4.01,7.05,7.73,5.8
2685.17,27,3.64,5.72,4.5,3.82,4.71,5.95,3.1,5.04,5.05,2.75,6.61,4.82,6.23,7.23,6.17,3.27,5.13,4.01,7.03,7.7,5.79
2686.17,27,3.62,5.71,4.5,3.8,4.71,5.95,3.08,5.03,5.04,2.73,6.6,4.83,6.23,7.23,6.17,3.26,5.12,4.01,7.05,7.69,5.8
2687.17,27,3.61,5.71,4.5,3.79,4.7,5.95,3.09,5.04,5.04,2.73,6.6,4.81,6.24,7.23,6.17,3.25,5.13,4.01,7.03,7.7,5.79
2688.17,27,3.6,5.71,4.49,3.77,4.7,5.95,3.07,5.03,5.02,2.7,6.58,4.79,6.23,7.22,6.17,3.24,5.11,4,7.03,7.7,5.79
2689.17,27,3.57,5.7,4.49,3.76,4.7,5.95,3.07,5.02,5.02,2.7,6.58,4.79,6.23,7.2,6.17,3.23,5.11,4,7.05,7.69,5.77
2690.17,27,3.56,5.71,4.49,3.75,4.7,5.93,3.05,5.01,5.02,2.68,6.58,4.78,6.2,7.21,6.16,3.22,5.1,4,7.05,7.7,5.79
2691.17,27,3.55,5.71,4.49,3.75,4.7,5.93,3.05,5.01,5.02,2.67,6.58,4.78,6.22,7.22,6.17,3.21,5.1,4,7.04,7.7,5.79
2692.18,27,3.53,5.7,4.49,3.73,4.7,5.95,3.03,4.99,5.01,2.65,6.58,4.76,6.2,7.19,6.16,3.2,5.1,4,7.03,7.69,5.77
2693.18,27,3.52,5.7,4.48,3.72,4.69,5.95,3.03,4.99,5,2.63,6.55,4.75,6.19,7.19,6.16,3.19,5.1,4,7.03,7.69,5.79
2694.18,27,3.5,5.71,4.49,3.7,4.69,5.93,3.02,4.99,4.98,2.61,6.54,4.75,6.18,7.2,6.15,3.18,5.09,3.99,7.02,7.69,5.77
2695.18,27,3.48,5.7,4.48,3.7,4.68,5.93,3.01,4.98,4.98,2.61,6.53,4.72,6.18,7.19,6.15,3.17,5.09,3.98,7.02,7.68,5.77
2696.18,27,3.46,5.7,4.47,3.69,4.68,5.92,3,4.96,4.96,2.6,6.53,4.72,6.17,7.18,6.15,3.14,5.08,3.99,7.01,7.68,5.76
2697.18,27,3.44,5.69,4.47,3.68,4.68,5.93,2.99,4.95,4.96,2.58,6.53,4.71,6.17,7.18,6.14,3.14,5.08,3.97,7.02,7.68,5.77
2698.18,27,3.41,5.69,4.46,3.68,4.66,5.92,2.98,4.95,4.95,2.55,6.52,4.69,6.16,7.17,6.14,3.13,5.07,3.97,6.99,7.67,5.75
2699.18,27,3.4,5.7,4.47,3.68,4.67,5.93,2.97,4.96,4.95,2.54,6.52,4.68,6.16,7.18,6.15,3.12,5.07,3.98,7.01,7.68,5.76
2700.18,27,3.4,5.69,4.47,3.68,4.68,5.93,2.96,4.95,4.94,2.54,6.52,4.69,6.16,7.17,6.15,3.12,5.07,3.98,7.01,7.68,5.75
2701.18,27,3.39,5.7,4.45,3.68,4.67,5.93,2.95,4.95,4.92,2.53,6.49,4.66,6.16,7.17,6.15,3.1,5.06,3.96,7,7.67,5.75
2702.2,27,3.37,5.68,4.45,3.66,4.65,5.92,2.93,4.93,4.92,2.51,6.5,4.65,6.14,7.16,6.14,3.1,5.06,3.96,7,7.67,5.75
2703.2,27,3.35,5.69,4.45,3.67,4.67,5.92,2.93,4.93,4.92,2.49,6.51,4.65,6.14,7.14,6.13,3.08,5.06,3.96,7,7.67,5.75
2704.2,27,3.33,5.67,4.44,3.66,4.65,5.9,2.91,4.91,4.91,2.48,6.48,4.63,6.13,7.13,6.13,3.06,5.04,3.94,6.99,7.66,5.74
2705.2,27,3.33,5.67,4.44,3.66,4.65,5.91,2.91,4.92,4.89,2.49,6.49,4.63,6.13,7.14,6.13,3.05,5.04,3.94,6.99,7.66,5.75
2706.2,27,3.32,5.68,4.44,3.66,4.65,5.91,2.91,4.91,4.91,2.48,6.47,4.63,6.12,7.13,6.14,3.05,5.03,3.93,6.99,7.66,5.73
2707.22,27,3.29,5.67,4.45,3.65,4.64,5.91,2.89,4.9,4.88,2.46,6.48,4.61,6.12,7.13,6.13,3.04,5.03,3.92,6.99,7.64,5.73
2708.22,27,3.28,5.67,4.43,3.65,4.64,5.91,2.87,4.9,4.88,2.46,6.48,4.59,6.11,7.13,6.13,3.04,5.04,3.93,6.99,7.66,5.74
2709.22,27,3.28,5.68,4.43,3.65,4.64,5.91,2.87,4.89,4.88,2.45,6.47,4.6,6.1,7.12,6.13,3.02,5.03,3.91,6.98,7.66,5.74
2710.22,27,3.25,5.65,4.42,3.64,4.63,5.9,2.86,4.88,4.85,2.43,6.46,4.58,6.09,7.11,6.12,3.01,5.02,3.9,6.98,7.64,5.73
2711.22,27,3.25,5.68,4.44,3.64,4.64,5.9,2.86,4.89,4.87,2.44,6.47,4.58,6.11,7.12,6.13,3.01,5.02,3.9,6.98,7.67,5.73
2712.22,27,3.23,5.68,4.42,3.63,4.64,5.89,2.83,4.88,4.85,2.43,6.46,4.57,6.09,7.11,6.13,2.99,5.02,3.89,6.96,7.66,5.73
2713.22,27,3.22,5.67,4.42,3.63,4.63,5.89,2.82,4.88,4.84,2.41,6.44,4.56,6.07,7.12,6.13,2.98,5.01,3.88,6.96,7.64,5.73
2714.22,27,3.2,5.67,4.41,3.62,4.62,5.89,2.81,4.87,4.83,2.41,6.43,4.55,6.07,7.1,6.12,2.97,5.01,3.87,6.94,7.64,5.72
2715.22,27,3.19,5.66,4.4,3.62,4.62,5.9,2.79,4.85,4.82,2.39,6.43,4.54,6.07,7.1,6.13,2.95,5,3.87,6.94,7.66,5.73
2716.22,27,3.17,5.66,4.4,3.6,4.62,5.89,2.77,4.85,4.81,2.38,6.41,4.54,6.05,7.1,6.12,2.94,5,3.85,6.95,7.66,5.73
2717.22,27,3.15,5.65,4.38,3.59,4.6,5.88,2.76,4.84,4.8,2.37,6.41,4.52,6.04,7.09,6.11,2.92,4.98,3.85,6.93,7.63,5.71
2718.22,27,3.13,5.64,4.37,3.57,4.61,5.87,2.75,4.82,4.8,2.35,6.4,4.51,6.03,7.08,6.12,2.91,4.97,3.84,6.93,7.62,5.71
2719.22,27,3.12,5.65,4.39,3.58,4.6,5.88,2.74,4.83,4.79,2.34,6.4,4.49,6.03,7.09,6.11,2.91,4.95,3.84,6.93,7.63,5.72
2720.22,27,3.1,5.64,4.37,3.55,4.58,5.86,2.72,4.81,4.78,2.34,6.37,4.49,6.01,7.07,6.1,2.89,4.95,3.83,6.92,7.62,5.7
2721.22,27,3.1,5.64,4.37,3.56,4.6,5.88,2.72,4.81,4.78,2.33,6.39,4.48,6.02,7.08,6.11,2.9,4.95,3.84,6.92,7.63,5.72
2722.22,27,3.09,5.65,4.37,3.55,4.6,5.87,2.7,4.8,4.77,2.32,6.38,4.47,6.02,7.07,6.11,2.89,4.95,3.84,6.93,7.62,5.72
2723.22,27,3.08,5.64,4.37,3.55,4.59,5.86,2.69,4.81,4.77,2.3,6.38,4.46,6,7.07,6.11,2.87,4.95,3.83,6.92,7.64,5.71
2724.22,27,3.06,5.65,4.35,3.54,4.59,5.88,2.7,4.82,4.77,2.3,6.39,4.46,6,7.05,6.12,2.87,4.94,3.84,6.92,7.63,5.72
2725.22,27,3.05,5.63,4.35,3.53,4.57,5.86,2.66,4.8,4.76,2.29,6.36,4.44,5.99,7.05,6.11,2.86,4.93,3.83,6.9,7.62,5.71
2726.22,27,3.02,5.63,4.34,3.52,4.57,5.86,2.66,4.78,4.74,2.26,6.36,4.43,5.98,7.04,6.09,2.83,4.91,3.83,6.89,7.62,5.7
2727.22,27,3.02,5.63,4.33,3.51,4.56,5.85,2.64,4.79,4.73,2.25,6.36,4.43,5.98,7.05,6.1,2.83,4.92,3.83,6.89,7.61,5.71
2728.22,27,3,5.62,4.33,3.51,4.57,5.85,2.62,4.78,4.75,2.23,6.35,4.41,5.97,7.05,6.09,2.81,4.91,3.83,6.89,7.63,5.71
2729.22,27,3.01,5.62,4.33,3.51,4.57,5.86,2.63,4.78,4.74,2.23,6.36,4.41,5.97,7.04,6.1,2.83,4.91,3.82,6.9,7.62,5.72
2730.23,27,2.98,5.62,4.32,3.49,4.56,5.84,2.61,4.77,4.72,2.22,6.33,4.39,5.95,7.03,6.09,2.8,4.9,3.83,6.86,7.62,5.7
2731.23,27,2.97,5.62,4.31,3.48,4.56,5.85,2.6,4.76,4.73,2.21,6.32,4.39,5.96,7.03,6.09,2.8,4.9,3.83,6.87,7.62,5.71
2732.23,27,2.97,5.63,4.3,3.47,4.55,5.84,2.59,4.76,4.73,2.18,6.31,4.37,5.95,7.03,6.09,2.79,4.89,3.82,6.87,7.61,5.71
2733.23,27,2.94,5.59,4.29,3.46,4.53,5.82,2.58,4.74,4.72,2.15,6.3,4.36,5.92,7.01,6.07,2.77,4.87,3.8,6.86,7.6,5.7
2734.25,27,2.96,5.62,4.29,3.46,4.55,5.84,2.59,4.74,4.73,2.16,6.3,4.37,5.93,7.02,6.1,2.78,4.88,3.81,6.87,7.61,5.7
2735.25,27,3.54,5.57,4.44,3.46,4.51,5.83,2.59,4.71,4.75,2.18,6.29,4.39,5.92,7.03,6.35,2.77,4.89,4.19,7.05,7.75,5.84
2736.25,27,4.2,5.59,4.61,3.64,4.5,5.89,2.92,4.71,5,2.58,6.29,4.96,6.15,7.21,6.63,2.86,5.23,4.64,7.46,7.95,6.04
2737.27,27,4.6,5.58,4.69,4.05,4.51,5.99,3.51,4.66,5.29,3.2,6.31,5.39,6.49,7.54,6.77,3.29,5.55,4.91,7.67,8.06,6.13
2738.27,27,4.88,5.59,4.74,4.41,4.6,6.04,3.99,4.63,5.46,3.65,6.47,5.69,6.7,7.77,6.87,3.74,5.74,5.09,7.79,8.13,6.19
2739.27,27,5.05,5.58,4.77,4.66,4.69,6.07,4.33,4.59,5.57,3.96,6.7,5.87,6.85,7.92,6.93,4.03,5.89,5.2,7.89,8.18,6.25
2740.27,27,5.2,5.6,4.78,4.83,4.75,6.1,4.57,4.63,5.65,4.18,6.89,6.01,6.93,8.03,6.95,4.23,5.99,5.27,7.96,8.19,6.27
2741.27,27,5.27,5.59,4.79,4.98,4.8,6.11,4.72,4.73,5.71,4.34,7.03,6.1,7,8.07,6.98,4.33,6.05,5.3,7.99,8.24,6.3
2742.27,27,5.32,5.62,4.77,5.05,4.82,6.1,4.85,4.87,5.73,4.44,7.13,6.14,7.03,8.12,6.98,4.42,6.1,5.34,8.02,8.24,6.31
2743.27,27,5.34,5.62,4.74,5.12,4.84,6.1,4.95,4.98,5.74,4.52,7.19,6.16,7.07,8.14,6.99,4.48,6.12,5.36,8.03,8.25,6.32
2744.28,27,5.35,5.6,4.74,5.15,4.85,6.07,5.02,5.04,5.72,4.56,7.25,6.17,7.08,8.16,6.98,4.51,6.12,5.37,8.03,8.25,6.32
2745.28,27,5.35,5.62,4.72,5.19,4.84,6.07,5.07,5.07,5.72,4.6,7.27,6.18,7.09,8.18,6.99,4.54,6.16,5.38,8.03,8.26,6.33
2746.28,27,5.35,5.62,4.71,5.22,4.85,6.05,5.1,5.12,5.71,4.6,7.28,6.19,7.1,8.18,6.98,4.56,6.16,5.38,8.03,8.25,6.33
2747.28,27,5.32,5.6,4.67,5.23,4.83,6.04,5.1,5.1,5.7,4.61,7.29,6.17,7.1,8.18,6.98,4.57,6.14,5.37,8.03,8.24,6.32
2748.28,27,5.3,5.6,4.67,5.22,4.82,6.01,5.12,5.1,5.67,4.6,7.28,6.17,7.09,8.17,6.95,4.57,6.15,5.37,8.02,8.23,6.32
2749.28,27,5.28,5.63,4.65,5.24,4.82,6.02,5.12,5.11,5.67,4.61,7.29,6.17,7.12,8.18,6.96,4.59,6.16,5.38,8.02,8.23,6.35
2750.28,27,5.25,5.62,4.62,5.23,4.81,5.99,5.12,5.08,5.64,4.6,7.28,6.16,7.09,8.17,6.95,4.57,6.15,5.36,8,8.24,6.33
2751.28,27,5.23,5.62,4.6,5.22,4.79,5.98,5.09,5.07,5.6,4.58,7.27,6.14,7.1,8.16,6.94,4.58,6.13,5.35,7.99,8.23,6.33
2752.28,27,5.19,5.62,4.57,5.2,4.77,5.96,5.09,5.04,5.58,4.57,7.25,6.13,7.09,8.13,6.92,4.56,6.12,5.33,7.98,8.2,6.32
2753.28,27,5.16,5.63,4.55,5.17,4.77,5.93,5.07,5.01,5.55,4.54,7.25,6.12,7.08,8.13,6.93,4.56,6.11,5.31,7.96,8.21,6.31
2754.3,27,5.15,5.63,4.54,5.16,4.75,5.95,5.06,5,5.54,4.53,7.23,6.11,7.08,8.12,6.93,4.57,6.12,5.31,7.97,8.21,6.32
2755.3,27,5.12,5.62,4.51,5.14,4.75,5.92,5.04,4.96,5.53,4.5,7.2,6.09,7.05,8.12,6.91,4.54,6.11,5.29,7.95,8.2,6.29
2756.3,27,5.08,5.62,4.47,5.11,4.71,5.9,5,4.94,5.5,4.47,7.18,6.06,7.04,8.1,6.89,4.53,6.09,5.26,7.92,8.18,6.3
2757.3,27,5.06,5.63,4.47,5.1,4.71,5.88,4.99,4.92,5.48,4.46,7.18,6.04,7.03,8.09,6.89,4.53,6.06,5.26,7.93,8.19,6.3
2758.3,27,5.04,5.63,4.44,5.08,4.7,5.87,4.96,4.9,5.46,4.43,7.16,6.04,7.05,8.06,6.87,4.52,6.06,5.24,7.9,8.18,6.29
2759.3,27,5.01,5.63,4.42,5.05,4.68,5.86,4.94,4.87,5.44,4.4,7.14,6.02,7.02,8.06,6.86,4.5,6.03,5.22,7.9,8.16,6.28
2760.3,27,4.98,5.63,4.41,5.04,4.66,5.85,4.92,4.87,5.42,4.39,7.12,6.02,7.03,8.06,6.86,4.5,6.05,5.21,7.9,8.17,6.29
2761.32,27,4.96,5.62,4.37,5,4.64,5.83,4.89,4.83,5.4,4.35,7.1,5.99,7,8.04,6.85,4.47,6.02,5.19,7.86,8.14,6.27
2762.32,27,4.93,5.6,4.36,4.98,4.61,5.82,4.84,4.82,5.38,4.33,7.1,5.98,6.99,8.03,6.83,4.45,6.01,5.16,7.84,8.16,6.26
2763.32,27,4.92,5.6,4.35,4.97,4.61,5.81,4.83,4.82,5.37,4.32,7.09,5.96,6.99,8.03,6.84,4.44,6,5.14,7.84,8.13,6.26
2764.32,27,4.9,5.6,4.33,4.94,4.56,5.8,4.81,4.82,5.35,4.29,7.05,5.96,6.98,8,6.82,4.42,5.99,5.13,7.84,8.13,6.26
2765.32,27,4.87,5.59,4.31,4.92,4.56,5.77,4.78,4.81,5.35,4.26,7.05,5.92,6.96,7.98,6.8,4.42,5.97,5.1,7.82,8.14,6.25
2766.33,27,4.83,5.59,4.29,4.89,4.53,5.76,4.74,4.8,5.32,4.23,7.04,5.91,6.94,7.97,6.8,4.39,5.96,5.08,7.81,8.12,6.22
2767.33,27,4.83,5.6,4.27,4.87,4.51,5.76,4.72,4.81,5.31,4.2,7.03,5.89,6.93,7.97,6.77,4.39,5.95,5.07,7.81,8.11,6.23
2768.33,27,4.8,5.59,4.26,4.84,4.48,5.76,4.7,4.82,5.3,4.19,7.02,5.89,6.94,7.97,6.79,4.38,5.95,5.06,7.78,8.11,6.22
2769.35,27,4.79,5.59,4.24,4.83,4.48,5.75,4.68,4.82,5.3,4.17,7.02,5.88,6.91,7.96,6.76,4.38,5.95,5.04,7.78,8.11,6.2
2770.35,27,4.78,5.6,4.23,4.81,4.47,5.75,4.65,4.84,5.29,4.15,7,5.89,6.92,7.96,6.79,4.36,5.93,5.03,7.77,8.11,6.2
2771.35,27,4.75,5.59,4.21,4.77,4.44,5.73,4.63,4.87,5.27,4.11,7.01,5.86,6.9,7.95,6.76,4.35,5.91,5,7.75,8.1,6.19
2772.35,27,4.74,5.58,4.19,4.75,4.44,5.73,4.6,4.87,5.27,4.08,7.01,5.86,6.9,7.95,6.75,4.34,5.9,4.99,7.74,8.09,6.18
2773.35,27,4.72,5.58,4.17,4.73,4.41,5.72,4.57,4.88,5.26,4.05,6.99,5.85,6.87,7.93,6.75,4.33,5.89,4.96,7.74,8.07,6.17
2774.35,27,4.69,5.57,4.14,4.7,4.39,5.7,4.54,4.89,5.24,4.03,6.98,5.84,6.85,7.91,6.72,4.31,5.88,4.95,7.71,8.07,6.16
2775.35,27,4.67,5.57,4.13,4.67,4.38,5.7,4.51,4.91,5.23,4,6.98,5.82,6.85,7.9,6.72,4.29,5.87,4.93,7.7,8.07,6.15
2776.35,27,4.65,5.57,4.11,4.65,4.38,5.7,4.49,4.93,5.23,3.98,6.96,5.82,6.85,7.9,6.71,4.31,5.87,4.91,7.7,8.09,6.15
2777.35,27,4.62,5.56,4.08,4.62,4.36,5.68,4.47,4.94,5.22,3.94,6.96,5.81,6.84,7.88,6.71,4.28,5.86,4.89,7.68,8.07,6.15
2778.35,27,4.59,5.55,4.06,4.57,4.34,5.67,4.43,4.95,5.19,3.91,6.95,5.79,6.82,7.88,6.7,4.27,5.84,4.87,7.66,8.06,6.14
2779.35,27,4.55,5.55,4.04,4.55,4.31,5.67,4.39,4.96,5.16,3.87,6.93,5.77,6.81,7.88,6.68,4.26,5.82,4.85,7.64,8.04,6.13
2780.35,27,4.54,5.54,4.01,4.53,4.32,5.66,4.36,4.97,5.16,3.86,6.92,5.76,6.79,7.85,6.65,4.25,5.81,4.83,7.62,8.05,6.13
2781.35,27,4.51,5.55,3.99,4.5,4.31,5.66,4.33,4.97,5.16,3.83,6.92,5.74,6.77,7.85,6.66,4.24,5.8,4.81,7.62,8.05,6.12
2782.35,27,4.49,5.55,3.97,4.48,4.3,5.65,4.31,4.99,5.15,3.8,6.9,5.73,6.76,7.84,6.64,4.23,5.8,4.8,7.61,8.04,6.11
2783.35,27,4.45,5.52,3.95,4.44,4.27,5.63,4.25,4.99,5.14,3.76,6.9,5.71,6.75,7.82,6.64,4.22,5.76,4.78,7.6,8.03,6.09
2784.35,27,4.4,5.53,3.91,4.4,4.26,5.63,4.23,5,5.11,3.74,6.87,5.69,6.74,7.81,6.61,4.2,5.75,4.75,7.56,8,6.07
2785.37,27,4.38,5.53,3.91,4.39,4.25,5.63,4.21,5,5.11,3.72,6.87,5.68,6.73,7.81,6.6,4.2,5.75,4.75,7.58,8.03,6.09
2786.37,27,4.34,5.51,3.87,4.35,4.23,5.6,4.17,5,5.09,3.69,6.85,5.67,6.72,7.78,6.59,4.19,5.73,4.72,7.55,8.02,6.06
2787.37,27,4.31,5.51,3.84,4.32,4.22,5.59,4.14,5,5.09,3.67,6.84,5.65,6.7,7.78,6.58,4.17,5.72,4.71,7.54,7.99,6.05
2788.38,27,4.27,5.5,3.82,4.29,4.21,5.59,4.1,5,5.08,3.64,6.84,5.63,6.69,7.76,6.56,4.16,5.7,4.68,7.52,7.99,6.05
2789.38,27,4.24,5.51,3.8,4.26,4.21,5.59,4.07,5,5.07,3.64,6.83,5.62,6.68,7.76,6.55,4.15,5.69,4.68,7.52,7.98,6.05
2790.38,27,4.21,5.5,3.78,4.24,4.19,5.59,4.04,5.01,5.06,3.61,6.82,5.59,6.68,7.75,6.54,4.15,5.68,4.66,7.52,7.98,6.05
2791.38,27,4.17,5.48,3.74,4.2,4.17,5.57,4,5,5.04,3.58,6.8,5.56,6.65,7.74,6.52,4.13,5.67,4.64,7.48,7.97,6.04
2792.38,27,4.13,5.5,3.71,4.18,4.17,5.57,3.99,5,5.03,3.57,6.81,5.56,6.66,7.74,6.52,4.12,5.68,4.63,7.51,7.98,6.03
2793.38,27,4.1,5.47,3.68,4.15,4.14,5.56,3.94,5,5.02,3.54,6.79,5.53,6.64,7.71,6.5,4.08,5.65,4.61,7.48,7.96,6.02
2794.38,27,4.06,5.47,3.66,4.12,4.11,5.56,3.92,4.98,5.02,3.53,6.77,5.5,6.63,7.69,6.49,4.08,5.65,4.6,7.47,7.95,6.01
2795.4,27,4.02,5.47,3.64,4.1,4.12,5.55,3.9,4.98,4.99,3.51,6.76,5.48,6.63,7.69,6.48,4.06,5.64,4.58,7.47,7.96,6
2796.4,27,3.97,5.46,3.63,4.07,4.1,5.54,3.88,4.97,4.98,3.48,6.75,5.46,6.62,7.69,6.47,4.06,5.63,4.57,7.47,7.95,6
2797.4,27,3.94,5.46,3.6,4.05,4.09,5.54,3.85,4.97,4.98,3.48,6.74,5.44,6.61,7.67,6.46,4.05,5.62,4.55,7.45,7.93,5.99
2798.4,27,3.9,5.47,3.58,4.03,4.09,5.53,3.83,4.98,4.97,3.48,6.74,5.4,6.6,7.67,6.46,4.03,5.6,4.55,7.45,7.95,5.99
2799.4,27,3.86,5.43,3.54,3.99,4.06,5.52,3.8,4.95,4.94,3.45,6.72,5.37,6.59,7.64,6.42,4,5.57,4.52,7.43,7.91,5.97
2800.4,27,3.82,5.43,3.52,3.97,4.05,5.51,3.78,4.95,4.93,3.45,6.71,5.34,6.59,7.64,6.42,3.99,5.57,4.5,7.44,7.93,5.97
2801.4,27,3.8,5.43,3.5,3.94,4.04,5.51,3.77,4.95,4.92,3.43,6.7,5.32,6.59,7.64,6.41,3.97,5.57,4.49,7.43,7.92,5.97
2802.4,27,3.76,5.42,3.47,3.92,4.01,5.49,3.74,4.94,4.89,3.42,6.69,5.29,6.56,7.62,6.4,3.95,5.56,4.47,7.4,7.91,5.93
2803.42,27,3.72,5.42,3.44,3.9,4,5.49,3.74,4.92,4.89,3.41,6.7,5.28,6.55,7.62,6.38,3.94,5.55,4.46,7.4,7.89,5.93
2804.42,27,3.68,5.4,3.42,3.88,3.99,5.49,3.72,4.93,4.88,3.4,6.68,5.24,6.55,7.61,6.38,3.93,5.54,4.45,7.39,7.89,5.93
2805.42,27,3.65,5.4,3.4,3.87,3.99,5.49,3.73,4.94,4.85,3.39,6.68,5.23,6.56,7.61,6.38,3.92,5.55,4.45,7.4,7.9,5.95
2806.42,27,3.62,5.38,3.37,3.85,3.96,5.47,3.7,4.92,4.83,3.37,6.66,5.2,6.54,7.58,6.37,3.89,5.53,4.42,7.38,7.91,5.91
2807.42,27,3.6,5.37,3.35,3.82,3.95,5.47,3.7,4.92,4.83,3.37,6.65,5.17,6.54,7.6,6.35,3.87,5.52,4.4,7.39,7.89,5.91
2808.42,27,3.57,5.39,3.33,3.81,3.94,5.46,3.7,4.92,4.8,3.36,6.65,5.15,6.54,7.59,6.36,3.86,5.51,4.4,7.37,7.9,5.91
2809.42,27,3.53,5.36,3.3,3.79,3.92,5.44,3.68,4.9,4.78,3.34,6.64,5.1,6.52,7.56,6.32,3.85,5.5,4.37,7.37,7.89,5.89
2810.43,27,3.51,5.37,3.27,3.79,3.9,5.45,3.67,4.9,4.78,3.34,6.63,5.09,6.52,7.56,6.32,3.83,5.49,4.35,7.37,7.89,5.91
2811.43,27,3.48,5.36,3.26,3.78,3.89,5.44,3.66,4.9,4.76,3.33,6.63,5.08,6.52,7.56,6.31,3.81,5.49,4.33,7.35,7.88,5.89
2812.43,27,3.44,5.34,3.23,3.76,3.87,5.43,3.65,4.89,4.72,3.33,6.62,5.04,6.51,7.55,6.3,3.78,5.47,4.32,7.34,7.85,5.88
2813.43,27,3.41,5.34,3.19,3.75,3.85,5.4,3.63,4.89,4.7,3.32,6.62,5,6.5,7.54,6.29,3.77,5.45,4.31,7.32,7.85,5.87
2814.43,27,3.39,5.34,3.17,3.75,3.85,5.42,3.63,4.88,4.7,3.31,6.61,5.01,6.5,7.55,6.29,3.76,5.46,4.3,7.32,7.88,5.87
2815.43,27,3.36,5.32,3.13,3.74,3.83,5.4,3.62,4.89,4.69,3.3,6.62,5,6.49,7.53,6.28,3.75,5.45,4.28,7.32,7.86,5.87
2816.43,27,3.33,5.31,3.1,3.74,3.8,5.39,3.6,4.88,4.67,3.27,6.61,4.97,6.48,7.54,6.26,3.73,5.44,4.26,7.32,7.85,5.85
2817.43,27,3.31,5.3,3.06,3.72,3.79,5.37,3.57,4.85,4.64,3.25,6.6,4.94,6.47,7.5,6.24,3.7,5.42,4.23,7.29,7.84,5.84
2818.43,27,3.3,5.3,3.04,3.73,3.79,5.37,3.57,4.87,4.63,3.26,6.6,4.94,6.48,7.51,6.25,3.7,5.42,4.24,7.29,7.85,5.85
2819.43,27,3.26,5.29,3,3.72,3.76,5.35,3.56,4.85,4.61,3.23,6.6,4.92,6.46,7.5,6.23,3.67,5.39,4.21,7.3,7.85,5.84
2820.43,27,3.23,5.28,2.96,3.71,3.74,5.35,3.53,4.84,4.6,3.21,6.6,4.91,6.46,7.51,6.22,3.65,5.38,4.2,7.28,7.83,5.84
2821.45,27,3.2,5.26,2.94,3.7,3.72,5.33,3.52,4.84,4.57,3.19,6.58,4.89,6.43,7.5,6.2,3.65,5.37,4.19,7.28,7.83,5.83
2822.45,27,3.17,5.26,2.91,3.68,3.69,5.32,3.5,4.83,4.56,3.16,6.56,4.88,6.43,7.48,6.18,3.64,5.35,4.17,7.27,7.81,5.81
2823.45,27,3.16,5.25,2.87,3.67,3.68,5.32,3.49,4.83,4.54,3.16,6.59,4.88,6.44,7.47,6.18,3.62,5.35,4.17,7.26,7.82,5.81
2824.45,27,3.14,5.25,2.84,3.67,3.67,5.3,3.46,4.83,4.54,3.13,6.59,4.88,6.43,7.47,6.16,3.61,5.35,4.16,7.26,7.83,5.81
2825.45,27,3.11,5.24,2.81,3.66,3.65,5.3,3.44,4.83,4.51,3.11,6.58,4.85,6.42,7.46,6.16,3.59,5.35,4.14,7.26,7.81,5.81
2826.45,27,3.08,5.22,2.77,3.64,3.62,5.27,3.41,4.82,4.49,3.08,6.56,4.84,6.41,7.44,6.13,3.57,5.34,4.12,7.25,7.79,5.8
2827.45,27,3.08,5.22,2.75,3.64,3.62,5.27,3.39,4.83,4.48,3.05,6.56,4.83,6.41,7.46,6.14,3.56,5.34,4.11,7.23,7.81,5.8
2828.45,27,3.05,5.21,2.72,3.63,3.59,5.25,3.36,4.82,4.46,3.03,6.56,4.81,6.4,7.46,6.13,3.55,5.33,4.1,7.23,7.79,5.79
2829.45,27,3.02,5.19,2.69,3.61,3.58,5.24,3.34,4.81,4.42,2.99,6.56,4.8,6.39,7.43,6.12,3.52,5.3,4.08,7.21,7.78,5.76
2830.45,27,3.01,5.19,2.67,3.59,3.55,5.22,3.32,4.81,4.41,2.98,6.55,4.8,6.4,7.45,6.11,3.52,5.3,4.07,7.21,7.79,5.76
2831.45,27,2.97,5.17,2.63,3.57,3.52,5.2,3.28,4.79,4.39,2.94,6.54,4.79,6.38,7.43,6.11,3.5,5.29,4.06,7.2,7.78,5.75
2832.47,27,2.97,5.16,2.61,3.58,3.51,5.2,3.27,4.8,4.38,2.93,6.54,4.78,6.38,7.42,6.1,3.49,5.29,4.06,7.19,7.77,5.77
2833.47,27,2.92,5.16,2.6,3.55,3.48,5.19,3.24,4.79,4.35,2.9,6.53,4.75,6.38,7.42,6.07,3.47,5.27,4.03,7.19,7.76,5.75
2834.47,27,2.91,5.13,2.58,3.54,3.46,5.15,3.22,4.79,4.32,2.88,6.53,4.74,6.36,7.4,6.07,3.46,5.27,4.02,7.18,7.77,5.74
2835.47,27,2.9,5.13,2.56,3.53,3.44,5.15,3.2,4.78,4.3,2.85,6.53,4.73,6.36,7.39,6.06,3.44,5.26,4.01,7.18,7.76,5.74
2836.47,27,2.87,5.11,2.52,3.5,3.41,5.13,3.18,4.77,4.28,2.83,6.53,4.71,6.35,7.39,6.05,3.41,5.25,3.99,7.17,7.75,5.74
2837.47,27,2.84,5.12,2.5,3.48,3.37,5.12,3.15,4.76,4.26,2.8,6.5,4.7,6.35,7.38,6.03,3.39,5.24,3.99,7.14,7.75,5.71
2838.47,27,2.82,5.1,2.48,3.47,3.34,5.1,3.13,4.74,4.21,2.78,6.51,4.67,6.32,7.37,6.01,3.38,5.23,3.97,7.13,7.74,5.71
2839.47,27,2.81,5.09,2.47,3.45,3.33,5.09,3.12,4.76,4.2,2.76,6.5,4.67,6.31,7.37,6.01,3.37,5.22,3.96,7.14,7.75,5.71
2840.47,27,2.79,5.09,2.46,3.45,3.3,5.08,3.1,4.76,4.17,2.75,6.5,4.66,6.33,7.37,6,3.36,5.21,3.96,7.13,7.74,5.71
2841.48,27,2.76,5.07,2.42,3.43,3.28,5.05,3.08,4.73,4.15,2.72,6.49,4.63,6.31,7.34,5.99,3.33,5.19,3.94,7.11,7.73,5.69
2842.48,27,2.75,5.06,2.4,3.42,3.24,5.03,3.07,4.72,4.11,2.7,6.47,4.62,6.31,7.34,5.98,3.32,5.2,3.92,7.11,7.73,5.68
2843.48,27,2.74,5.05,2.4,3.41,3.22,5.02,3.06,4.72,4.1,2.68,6.47,4.6,6.3,7.34,5.97,3.31,5.19,3.91,7.1,7.73,5.68
2844.48,27,2.74,5.04,2.37,3.4,3.19,5.01,3.04,4.72,4.07,2.66,6.48,4.59,6.3,7.32,5.96,3.3,5.19,3.91,7.1,7.73,5.69
2845.48,27,2.73,5.03,2.36,3.39,3.17,4.99,3.01,4.7,4.05,2.65,6.46,4.56,6.3,7.32,5.96,3.28,5.17,3.9,7.09,7.71,5.67
2846.48,27,2.7,5.01,2.34,3.38,3.13,4.97,3,4.69,4.01,2.62,6.44,4.53,6.27,7.29,5.92,3.25,5.14,3.87,7.08,7.7,5.65
2847.48,27,2.71,5.02,2.34,3.38,3.12,4.97,2.99,4.7,4.01,2.61,6.46,4.54,6.29,7.31,5.93,3.25,5.15,3.87,7.08,7.71,5.67
2848.48,27,2.69,5,2.31,3.37,3.1,4.94,2.98,4.68,3.96,2.6,6.42,4.51,6.28,7.31,5.92,3.23,5.15,3.85,7.07,7.71,5.66
2849.48,27,2.66,5,2.3,3.36,3.07,4.93,2.95,4.67,3.94,2.57,6.41,4.49,6.27,7.3,5.91,3.22,5.12,3.84,7.04,7.7,5.65
2850.48,27,2.65,4.98,2.28,3.37,3.05,4.91,2.95,4.66,3.91,2.56,6.42,4.47,6.27,7.27,5.9,3.19,5.12,3.83,7.04,7.69,5.63
2851.48,27,2.64,4.98,2.25,3.36,3.01,4.89,2.91,4.65,3.89,2.55,6.4,4.45,6.25,7.27,5.89,3.17,5.11,3.81,7.03,7.69,5.63
2852.5,27,2.62,4.97,2.24,3.36,3,4.87,2.91,4.65,3.86,2.53,6.4,4.44,6.25,7.27,5.88,3.16,5.1,3.8,7.03,7.69,5.63
2853.5,27,2.6,4.96,2.23,3.36,2.99,4.84,2.91,4.64,3.83,2.52,6.39,4.42,6.24,7.26,5.88,3.15,5.1,3.8,7.02,7.69,5.63
2854.5,27,2.6,4.95,2.22,3.37,2.95,4.83,2.89,4.63,3.81,2.5,6.38,4.41,6.24,7.23,5.87,3.13,5.09,3.77,7.03,7.69,5.59
2855.5,27,2.59,4.92,2.19,3.36,2.93,4.81,2.87,4.62,3.77,2.48,6.38,4.38,6.24,7.25,5.85,3.11,5.07,3.76,7,7.69,5.59
2856.5,27,2.57,4.92,2.18,3.36,2.91,4.79,2.85,4.61,3.72,2.47,6.37,4.36,6.23,7.22,5.85,3.1,5.07,3.74,7.01,7.68,5.59
2857.5,27,2.55,4.91,2.16,3.36,2.9,4.76,2.84,4.59,3.7,2.46,6.36,4.35,6.22,7.22,5.85,3.09,5.06,3.74,7,7.67,5.58
2858.5,27,2.53,4.9,2.14,3.37,2.87,4.75,2.83,4.59,3.68,2.45,6.36,4.32,6.23,7.22,5.84,3.08,5.06,3.72,7.01,7.66,5.58
2859.5,27,2.54,4.89,2.14,3.37,2.85,4.73,2.81,4.57,3.65,2.43,6.33,4.31,6.24,7.22,5.82,3.06,5.05,3.7,6.99,7.68,5.58
2860.5,27,2.52,4.89,2.12,3.38,2.82,4.72,2.79,4.57,3.62,2.41,6.33,4.29,6.23,7.2,5.81,3.04,5.04,3.69,6.99,7.66,5.57
2861.52,27,2.51,4.87,2.1,3.39,2.79,4.7,2.78,4.57,3.59,2.4,6.32,4.27,6.23,7.19,5.82,3.04,5.03,3.68,6.98,7.67,5.57
2862.52,27,2.5,4.85,2.1,3.39,2.78,4.68,2.76,4.56,3.56,2.39,6.3,4.25,6.22,7.19,5.82,3.02,5.03,3.67,6.98,7.67,5.56
2863.52,27,2.48,4.84,2.08,3.37,2.75,4.66,2.75,4.54,3.53,2.37,6.3,4.21,6.2,7.18,5.79,3,5.01,3.64,6.94,7.64,5.55
2864.52,27,2.48,4.82,2.06,3.39,2.75,4.64,2.75,4.53,3.5,2.35,6.3,4.21,6.2,7.18,5.8,2.99,5,3.64,6.95,7.66,5.55
2865.52,27,2.47,4.82,2.06,3.39,2.72,4.63,2.73,4.54,3.48,2.34,6.3,4.19,6.19,7.17,5.8,2.98,5,3.63,6.94,7.66,5.55
2866.52,27,2.47,4.81,2.05,3.38,2.71,4.61,2.72,4.53,3.44,2.34,6.28,4.17,6.19,7.16,5.79,2.97,4.99,3.62,6.94,7.63,5.54
2867.52,27,2.46,4.79,2.03,3.38,2.69,4.59,2.69,4.51,3.42,2.33,6.26,4.14,6.18,7.13,5.79,2.95,4.99,3.6,6.93,7.64,5.54
2868.52,27,2.46,4.78,2.02,3.39,2.67,4.57,2.69,4.52,3.41,2.32,6.27,4.11,6.18,7.14,5.76,2.94,4.98,3.58,6.92,7.63,5.53
2869.53,27,2.45,4.77,2.02,3.37,2.64,4.55,2.68,4.5,3.37,2.3,6.26,4.1,6.17,7.13,5.76,2.92,4.97,3.56,6.91,7.63,5.52
2870.53,27,2.43,4.77,2.01,3.38,2.63,4.53,2.66,4.49,3.35,2.29,6.26,4.07,6.17,7.12,5.76,2.91,4.97,3.55,6.91,7.61,5.54
2871.53,27,2.43,4.75,2,3.37,2.64,4.52,2.66,4.49,3.33,2.27,6.25,4.05,6.18,7.12,5.74,2.9,4.96,3.53,6.9,7.62,5.51
2872.53,27,2.43,4.74,2,3.36,2.64,4.5,2.65,4.49,3.33,2.27,6.25,4.05,6.17,7.11,5.74,2.9,4.95,3.51,6.91,7.61,5.52
2873.53,27,2.53,4.7,2.04,3.34,2.63,4.48,2.61,4.47,3.3,2.23,6.23,4.02,6.15,7.09,5.76,2.87,4.94,3.54,6.89,7.6,5.49
2874.53,27,3.28,4.72,2.71,3.2,2.58,4.44,2.64,4.45,3.31,2.26,6.22,4.22,6.13,7.12,6.09,2.84,5.02,4.03,7.19,7.76,5.7
2875.53,27,3.81,4.76,3.21,3.21,2.54,4.6,2.99,4.44,3.67,2.65,6.23,4.72,6.3,7.38,6.33,2.96,5.29,4.38,7.42,7.89,5.85
2876.53,27,4.13,4.76,3.51,3.45,2.63,4.85,3.36,4.43,4.08,3.03,6.3,5.06,6.48,7.56,6.49,3.33,5.48,4.57,7.53,7.96,5.95
2877.53,27,4.32,4.79,3.69,3.7,2.9,5.05,3.68,4.44,4.37,3.34,6.48,5.3,6.6,7.7,6.56,3.62,5.59,4.71,7.61,7.99,6.01
2878.53,27,4.44,4.8,3.79,3.91,3.17,5.17,3.9,4.48,4.55,3.54,6.66,5.44,6.68,7.78,6.61,3.79,5.67,4.78,7.64,8.02,6.05
2879.55,27,4.56,4.83,3.9,4.07,3.42,5.27,4.07,4.58,4.68,3.69,6.83,5.55,6.74,7.86,6.66,3.91,5.74,4.85,7.69,8.05,6.07
2880.55,27,4.63,4.83,3.94,4.18,3.6,5.33,4.16,4.7,4.76,3.78,6.93,5.63,6.79,7.9,6.69,3.99,5.76,4.91,7.71,8.07,6.11
2881.55,27,4.67,4.85,3.97,4.25,3.71,5.37,4.24,4.8,4.82,3.86,7.01,5.65,6.81,7.91,6.7,4.03,5.8,4.92,7.74,8.05,6.12
2882.55,27,4.68,4.85,3.99,4.31,3.81,5.39,4.3,4.88,4.85,3.92,7.04,5.68,6.82,7.92,6.72,4.07,5.83,4.95,7.73,8.09,6.13
2883.55,27,4.7,4.89,3.99,4.35,3.87,5.43,4.35,4.94,4.9,3.95,7.07,5.69,6.84,7.93,6.72,4.1,5.82,4.96,7.71,8.09,6.14
2884.55,27,4.71,4.9,4.01,4.4,3.92,5.44,4.38,4.97,4.92,3.98,7.08,5.71,6.86,7.95,6.72,4.13,5.83,4.97,7.74,8.1,6.14
2885.55,27,4.7,4.91,4.01,4.44,3.95,5.45,4.41,4.99,4.93,4.01,7.09,5.72,6.87,7.95,6.73,4.15,5.85,4.97,7.74,8.09,6.15
2886.55,27,4.68,4.92,3.99,4.45,3.98,5.45,4.41,4.98,4.93,4.01,7.09,5.7,6.87,7.95,6.71,4.15,5.85,4.97,7.73,8.07,6.15
2887.55,27,4.68,4.93,3.98,4.48,4,5.45,4.42,4.97,4.94,4.02,7.08,5.7,6.89,7.93,6.71,4.16,5.84,4.97,7.74,8.07,6.16
2888.55,27,4.63,4.92,3.95,4.47,4.01,5.45,4.41,4.93,4.92,4,7.04,5.67,6.85,7.92,6.7,4.15,5.82,4.95,7.7,8.06,6.13
2889.55,27,4.63,4.94,3.93,4.48,4.02,5.46,4.42,4.92,4.93,4,7.05,5.68,6.87,7.93,6.71,4.16,5.82,4.95,7.71,8.06,6.15
2890.55,27,4.6,4.94,3.91,4.48,4.02,5.44,4.41,4.88,4.9,3.99,7.04,5.66,6.87,7.92,6.68,4.16,5.82,4.94,7.71,8.05,6.15
2891.55,27,4.58,4.96,3.9,4.48,4.03,5.44,4.4,4.85,4.89,3.98,7.02,5.65,6.86,7.91,6.7,4.15,5.83,4.92,7.71,8.07,6.15
2892.57,27,4.53,4.95,3.85,4.44,4.01,5.4,4.36,4.81,4.88,3.95,7.01,5.62,6.84,7.9,6.66,4.13,5.81,4.9,7.67,8.05,6.13
2893.57,27,4.51,4.96,3.84,4.45,4.02,5.42,4.37,4.77,4.87,3.93,7,5.62,6.85,7.9,6.68,4.12,5.81,4.88,7.67,8.04,6.13
2894.57,27,4.48,4.96,3.8,4.43,4,5.42,4.34,4.72,4.85,3.91,6.98,5.59,6.83,7.88,6.65,4.11,5.79,4.87,7.67,8.04,6.11
2895.57,27,4.45,4.98,3.79,4.41,4,5.4,4.33,4.7,4.82,3.9,6.96,5.56,6.83,7.86,6.65,4.09,5.79,4.84,7.67,8.04,6.11
2896.57,27,4.42,4.97,3.75,4.39,3.98,5.38,4.29,4.67,4.81,3.85,6.94,5.55,6.82,7.85,6.63,4.08,5.75,4.82,7.66,8.03,6.1
2897.57,27,4.39,4.97,3.73,4.38,3.98,5.38,4.28,4.64,4.8,3.84,6.92,5.55,6.82,7.85,6.63,4.07,5.76,4.8,7.64,8.02,6.1
2898.57,27,4.36,4.98,3.71,4.36,3.97,5.37,4.25,4.62,4.79,3.82,6.91,5.53,6.8,7.83,6.62,4.06,5.75,4.78,7.63,8.02,6.09
2899.57,27,4.34,4.97,3.67,4.35,3.96,5.35,4.23,4.6,4.78,3.79,6.91,5.51,6.8,7.84,6.6,4.04,5.75,4.76,7.62,8.03,6.09
2900.57,27,4.31,4.98,3.65,4.31,3.94,5.34,4.21,4.58,4.75,3.75,6.89,5.49,6.77,7.82,6.6,4.02,5.73,4.74,7.62,8,6.07
2901.58,27,4.29,4.98,3.62,4.29,3.94,5.33,4.18,4.56,4.74,3.73,6.87,5.48,6.76,7.79,6.59,4.01,5.71,4.72,7.6,8,6.06
2902.58,27,4.24,4.98,3.59,4.26,3.91,5.31,4.15,4.54,4.72,3.69,6.85,5.46,6.75,7.78,6.56,3.99,5.69,4.69,7.58,7.98,6.05
2903.58,27,4.22,4.98,3.56,4.25,3.9,5.32,4.14,4.54,4.71,3.68,6.85,5.45,6.75,7.79,6.58,3.99,5.7,4.7,7.59,8,6.05
2904.58,27,4.18,4.99,3.54,4.21,3.87,5.31,4.1,4.53,4.7,3.65,6.84,5.44,6.73,7.76,6.55,3.96,5.68,4.66,7.58,7.99,6.04
2905.58,27,4.14,4.98,3.49,4.18,3.86,5.29,4.07,4.52,4.67,3.62,6.82,5.38,6.72,7.76,6.53,3.94,5.67,4.63,7.53,7.97,6.03
2906.58,27,4.11,4.98,3.45,4.16,3.84,5.28,4.06,4.52,4.66,3.59,6.81,5.39,6.71,7.76,6.52,3.94,5.65,4.62,7.55,7.97,6.02
2907.58,27,4.07,4.97,3.42,4.13,3.82,5.28,4.03,4.52,4.65,3.56,6.82,5.37,6.7,7.73,6.52,3.91,5.65,4.6,7.53,7.97,6.02
2908.58,27,4.04,4.98,3.4,4.1,3.79,5.27,4.01,4.54,4.62,3.53,6.79,5.34,6.69,7.74,6.5,3.9,5.64,4.57,7.52,7.96,6.01
2909.58,27,3.98,4.98,3.35,4.07,3.76,5.25,3.97,4.54,4.6,3.49,6.76,5.33,6.65,7.73,6.49,3.88,5.63,4.54,7.51,7.95,5.99
2910.58,27,3.94,4.97,3.32,4.03,3.72,5.24,3.93,4.54,4.58,3.45,6.75,5.3,6.64,7.69,6.47,3.84,5.59,4.52,7.47,7.95,5.98
2911.58,27,3.91,4.96,3.3,4.01,3.69,5.24,3.9,4.57,4.56,3.42,6.74,5.28,6.63,7.69,6.46,3.85,5.58,4.51,7.47,7.93,5.98
2912.58,27,3.87,4.95,3.26,3.97,3.67,5.23,3.87,4.57,4.54,3.38,6.74,5.26,6.61,7.68,6.44,3.81,5.57,4.48,7.46,7.92,5.96
2913.58,27,3.83,4.95,3.22,3.96,3.64,5.23,3.85,4.6,4.54,3.34,6.73,5.24,6.61,7.68,6.44,3.81,5.57,4.46,7.46,7.92,5.97
2914.58,27,3.78,4.95,3.18,3.91,3.61,5.21,3.81,4.6,4.5,3.31,6.71,5.21,6.58,7.64,6.41,3.79,5.54,4.42,7.45,7.91,5.96
2915.6,27,3.74,4.95,3.15,3.89,3.6,5.21,3.78,4.63,4.49,3.29,6.71,5.19,6.59,7.64,6.41,3.75,5.54,4.42,7.45,7.93,5.93
2916.6,27,3.69,4.94,3.11,3.86,3.58,5.19,3.75,4.63,4.48,3.24,6.7,5.17,6.56,7.62,6.39,3.74,5.52,4.39,7.43,7.91,5.93
2917.6,27,3.66,4.94,3.07,3.83,3.55,5.17,3.71,4.64,4.46,3.22,6.68,5.13,6.55,7.62,6.38,3.71,5.5,4.38,7.43,7.91,5.91
2918.6,27,3.63,4.93,3.04,3.8,3.5,5.16,3.68,4.64,4.44,3.18,6.66,5.09,6.54,7.61,6.36,3.69,5.49,4.36,7.42,7.9,5.91
2919.6,27,3.59,4.92,2.99,3.76,3.48,5.15,3.66,4.65,4.42,3.15,6.66,5.08,6.52,7.59,6.35,3.67,5.48,4.33,7.39,7.9,5.91
2920.6,27,3.56,4.93,2.97,3.75,3.48,5.16,3.64,4.65,4.4,3.14,6.65,5.05,6.52,7.59,6.35,3.66,5.48,4.33,7.4,7.89,5.91
2921.6,27,3.52,4.92,2.93,3.71,3.44,5.13,3.6,4.66,4.36,3.1,6.63,5.02,6.52,7.56,6.32,3.64,5.47,4.32,7.38,7.88,5.89
2922.6,27,3.5,4.9,2.9,3.69,3.42,5.13,3.58,4.67,4.36,3.1,6.63,5,6.51,7.55,6.31,3.63,5.45,4.31,7.37,7.88,5.89
2923.6,27,3.45,4.9,2.86,3.65,3.4,5.1,3.55,4.67,4.31,3.07,6.62,4.96,6.5,7.54,6.29,3.61,5.44,4.28,7.37,7.86,5.88
2924.6,27,3.43,4.9,2.85,3.64,3.39,5.1,3.53,4.68,4.3,3.06,6.62,4.94,6.51,7.54,6.3,3.6,5.43,4.28,7.37,7.86,5.88
2925.6,27,3.4,4.89,2.8,3.62,3.36,5.09,3.52,4.69,4.28,3.05,6.61,4.92,6.51,7.53,6.29,3.59,5.43,4.27,7.36,7.86,5.88
2926.6,27,3.35,4.9,2.78,3.59,3.35,5.08,3.5,4.69,4.26,3.03,6.6,4.89,6.5,7.51,6.28,3.57,5.4,4.26,7.36,7.86,5.87
2927.6,27,3.33,4.88,2.75,3.55,3.33,5.06,3.47,4.68,4.22,3.02,6.58,4.85,6.49,7.5,6.27,3.54,5.39,4.23,7.34,7.85,5.85
2928.62,27,3.29,4.89,2.73,3.53,3.33,5.05,3.46,4.68,4.2,3.01,6.59,4.83,6.5,7.5,6.27,3.54,5.39,4.23,7.34,7.86,5.84
2929.62,27,3.28,4.89,2.71,3.51,3.32,5.05,3.44,4.69,4.18,3,6.59,4.83,6.51,7.5,6.26,3.54,5.38,4.22,7.34,7.85,5.86
2930.62,27,3.23,4.88,2.69,3.5,3.32,5.03,3.43,4.69,4.15,3,6.59,4.81,6.51,7.48,6.27,3.53,5.38,4.21,7.35,7.86,5.86
2931.62,27,3.19,4.85,2.67,3.47,3.3,5.02,3.41,4.68,4.12,2.97,6.58,4.8,6.5,7.47,6.25,3.52,5.37,4.19,7.34,7.84,5.85
2932.62,27,3.14,4.84,2.63,3.44,3.29,5,3.39,4.67,4.07,2.97,6.55,4.78,6.49,7.46,6.23,3.51,5.36,4.16,7.31,7.84,5.83
2933.62,27,3.12,4.82,2.62,3.43,3.29,4.99,3.37,4.66,4.06,2.96,6.54,4.76,6.5,7.45,6.22,3.5,5.36,4.16,7.31,7.83,5.83
2934.62,27,3.08,4.82,2.59,3.41,3.27,4.97,3.35,4.65,4.03,2.94,6.53,4.74,6.49,7.44,6.22,3.49,5.35,4.13,7.29,7.83,5.82
2935.62,27,3.05,4.82,2.58,3.4,3.27,4.96,3.34,4.64,4,2.93,6.55,4.74,6.5,7.44,6.2,3.48,5.33,4.12,7.29,7.82,5.82
2936.62,27,3.03,4.81,2.55,3.39,3.27,4.95,3.33,4.64,3.97,2.91,6.54,4.72,6.49,7.44,6.2,3.48,5.33,4.1,7.27,7.83,5.81
2937.62,27,3,4.82,2.52,3.39,3.26,4.93,3.32,4.63,3.95,2.91,6.53,4.7,6.48,7.43,6.18,3.47,5.32,4.08,7.28,7.82,5.8
2938.63,27,2.96,4.79,2.49,3.38,3.26,4.91,3.3,4.63,3.93,2.91,6.52,4.69,6.48,7.42,6.17,3.47,5.32,4.06,7.27,7.81,5.8
2939.63,27,2.94,4.79,2.47,3.38,3.25,4.9,3.28,4.62,3.89,2.9,6.52,4.66,6.47,7.4,6.16,3.47,5.31,4.05,7.27,7.81,5.8
2940.63,27,2.91,4.78,2.44,3.37,3.25,4.89,3.27,4.61,3.88,2.86,6.51,4.65,6.48,7.42,6.15,3.45,5.29,4.04,7.26,7.82,5.79
2941.63,27,2.89,4.77,2.4,3.36,3.24,4.87,3.26,4.6,3.85,2.85,6.5,4.63,6.46,7.39,6.15,3.45,5.29,4.01,7.26,7.81,5.77
2942.63,27,2.86,4.77,2.36,3.36,3.24,4.85,3.24,4.59,3.83,2.83,6.49,4.61,6.46,7.38,6.12,3.44,5.28,3.99,7.25,7.79,5.76
2943.63,27,2.84,4.77,2.34,3.35,3.23,4.84,3.22,4.58,3.81,2.82,6.51,4.6,6.46,7.38,6.11,3.43,5.28,3.98,7.25,7.79,5.77
2944.63,27,2.81,4.76,2.31,3.34,3.22,4.84,3.19,4.59,3.78,2.79,6.51,4.58,6.46,7.38,6.11,3.43,5.26,3.97,7.23,7.79,5.76
2945.63,27,2.77,4.73,2.27,3.33,3.21,4.83,3.17,4.56,3.77,2.76,6.5,4.55,6.43,7.37,6.09,3.41,5.25,3.94,7.22,7.79,5.75
2946.63,27,2.75,4.72,2.24,3.33,3.21,4.81,3.16,4.57,3.75,2.75,6.49,4.54,6.43,7.36,6.07,3.41,5.23,3.92,7.21,7.77,5.75
2947.65,27,2.73,4.73,2.23,3.33,3.22,4.8,3.15,4.56,3.73,2.73,6.5,4.52,6.43,7.36,6.06,3.4,5.23,3.92,7.21,7.78,5.76
2948.65,27,2.7,4.71,2.2,3.32,3.2,4.8,3.12,4.55,3.69,2.69,6.48,4.5,6.42,7.35,6.05,3.37,5.22,3.9,7.19,7.77,5.74
2949.65,27,2.66,4.69,2.16,3.29,3.19,4.78,3.1,4.54,3.65,2.67,6.48,4.47,6.4,7.34,6.03,3.35,5.19,3.88,7.19,7.75,5.73
2950.65,27,2.65,4.7,2.14,3.29,3.17,4.78,3.08,4.54,3.65,2.66,6.49,4.48,6.41,7.35,6.03,3.34,5.19,3.87,7.19,7.76,5.74
2951.65,27,2.62,4.69,2.12,3.27,3.17,4.78,3.06,4.53,3.62,2.63,6.48,4.46,6.4,7.34,6.02,3.33,5.17,3.85,7.19,7.76,5.72
2952.65,27,2.6,4.67,2.09,3.26,3.13,4.76,3.04,4.53,3.6,2.6,6.46,4.44,6.38,7.31,6,3.32,5.16,3.83,7.17,7.75,5.71
2953.65,27,2.6,4.66,2.08,3.25,3.13,4.74,3.02,4.53,3.55,2.6,6.47,4.42,6.39,7.29,5.99,3.31,5.14,3.82,7.17,7.73,5.71
2954.65,27,2.57,4.66,2.06,3.23,3.12,4.74,3.01,4.53,3.53,2.56,6.47,4.4,6.37,7.29,5.98,3.3,5.12,3.8,7.14,7.74,5.7
2955.65,27,2.55,4.65,2.04,3.21,3.11,4.72,2.99,4.52,3.5,2.55,6.44,4.39,6.38,7.29,5.97,3.26,5.12,3.8,7.13,7.73,5.71
2956.65,27,2.53,4.63,2.03,3.18,3.09,4.71,2.96,4.52,3.47,2.53,6.44,4.38,6.38,7.28,5.96,3.26,5.11,3.77,7.14,7.74,5.7
2957.65,27,2.52,4.63,2,3.17,3.07,4.7,2.94,4.52,3.43,2.52,6.47,4.35,6.37,7.28,5.93,3.23,5.1,3.76,7.12,7.71,5.68
2958.65,27,2.51,4.6,2.01,3.15,3.05,4.68,2.92,4.51,3.41,2.51,6.44,4.33,6.36,7.26,5.95,3.22,5.09,3.76,7.11,7.73,5.68
2959.65,27,2.49,4.61,1.98,3.12,3.02,4.67,2.91,4.51,3.37,2.49,6.44,4.31,6.35,7.27,5.93,3.2,5.08,3.73,7.12,7.71,5.67
2960.67,27,2.49,4.6,1.98,3.1,2.99,4.64,2.89,4.51,3.33,2.47,6.43,4.3,6.35,7.25,5.91,3.17,5.06,3.72,7.1,7.71,5.68
2961.67,27,2.47,4.58,1.96,3.09,2.96,4.63,2.87,4.49,3.32,2.46,6.42,4.27,6.35,7.25,5.9,3.15,5.06,3.71,7.1,7.69,5.68
2962.67,27,2.47,4.57,1.96,3.08,2.95,4.61,2.87,4.5,3.3,2.46,6.43,4.26,6.35,7.23,5.91,3.13,5.05,3.7,7.1,7.71,5.67
2963.67,27,2.47,4.56,1.94,3.06,2.92,4.6,2.84,4.5,3.27,2.44,6.42,4.24,6.32,7.22,5.9,3.1,5.04,3.69,7.08,7.7,5.67
2964.67,27,2.46,4.55,1.93,3.04,2.89,4.57,2.84,4.51,3.25,2.44,6.42,4.23,6.35,7.21,5.89,3.09,5.04,3.67,7.09,7.7,5.67
2965.67,27,2.45,4.55,1.92,3.04,2.87,4.56,2.84,4.5,3.22,2.43,6.42,4.22,6.35,7.21,5.89,3.08,5.02,3.67,7.07,7.69,5.66
2966.67,27,2.44,4.52,1.91,3,2.83,4.53,2.81,4.48,3.18,2.4,6.4,4.17,6.33,7.18,5.87,3.04,5.01,3.64,7.04,7.69,5.66
2967.67,27,2.43,4.53,1.91,3,2.79,4.51,2.8,4.49,3.16,2.38,6.41,4.16,6.32,7.19,5.86,3.01,5,3.64,7.04,7.69,5.65
2968.67,27,2.42,4.52,1.91,2.98,2.76,4.5,2.79,4.47,3.13,2.38,6.39,4.14,6.33,7.17,5.86,2.99,5,3.63,7.04,7.69,5.65
2969.67,27,2.41,4.5,1.9,2.96,2.74,4.47,2.79,4.48,3.12,2.36,6.39,4.13,6.33,7.17,5.83,2.96,4.99,3.6,7.02,7.67,5.63
2970.67,27,2.86,4.49,2.31,2.9,2.68,4.43,2.76,4.47,3.11,2.31,6.38,4.11,6.28,7.18,5.98,2.91,4.95,3.81,7.14,7.74,5.69
2971.67,27,3.4,4.51,2.81,2.85,2.62,4.38,2.88,4.43,3.26,2.46,6.33,4.45,6.3,7.31,6.18,2.9,5.12,4.13,7.32,7.82,5.83
2972.67,27,3.71,4.52,3.11,3.1,2.65,4.56,3.17,4.41,3.62,2.75,6.33,4.76,6.4,7.48,6.31,3.09,5.29,4.32,7.43,7.89,5.9
2973.67,27,3.91,4.55,3.29,3.39,2.83,4.73,3.43,4.42,3.9,3.01,6.43,4.97,6.51,7.62,6.39,3.34,5.4,4.45,7.48,7.92,5.93
2974.68,27,4.03,4.55,3.38,3.63,3.04,4.88,3.64,4.46,4.1,3.21,6.58,5.1,6.56,7.68,6.44,3.52,5.5,4.53,7.53,7.95,5.98
2975.68,27,4.12,4.58,3.46,3.78,3.23,4.96,3.76,4.52,4.23,3.33,6.72,5.2,6.62,7.73,6.48,3.65,5.55,4.58,7.53,7.96,6.01
2976.68,27,4.17,4.59,3.5,3.9,3.38,5.02,3.85,4.63,4.31,3.43,6.81,5.25,6.65,7.77,6.5,3.73,5.58,4.62,7.56,7.98,6.02
2977.68,27,4.23,4.6,3.53,3.96,3.5,5.07,3.91,4.75,4.38,3.49,6.89,5.29,6.68,7.79,6.52,3.79,5.62,4.65,7.58,7.98,6.03
2978.68,27,4.26,4.62,3.54,4.01,3.55,5.09,3.95,4.83,4.4,3.53,6.92,5.31,6.7,7.81,6.53,3.81,5.63,4.66,7.56,7.98,6.04
2979.68,27,4.26,4.62,3.55,4.02,3.6,5.11,3.96,4.89,4.44,3.56,6.93,5.32,6.71,7.79,6.53,3.83,5.62,4.66,7.56,7.98,6.04
2980.68,27,4.25,4.63,3.52,4.04,3.62,5.12,3.97,4.9,4.44,3.57,6.95,5.32,6.7,7.79,6.52,3.85,5.63,4.66,7.55,7.98,6.03
2981.68,27,4.23,4.65,3.52,4.05,3.64,5.14,3.98,4.92,4.46,3.58,6.96,5.32,6.71,7.81,6.52,3.86,5.62,4.67,7.55,7.98,6.04
2982.68,27,4.22,4.65,3.51,4.07,3.65,5.14,3.99,4.91,4.46,3.58,6.96,5.31,6.72,7.79,6.53,3.86,5.63,4.67,7.55,7.98,6.04
2983.68,27,4.21,4.66,3.5,4.06,3.66,5.14,3.99,4.91,4.47,3.58,6.94,5.31,6.72,7.79,6.52,3.86,5.63,4.65,7.55,7.98,6.05
2984.68,27,4.17,4.65,3.48,4.06,3.65,5.11,3.98,4.87,4.45,3.56,6.91,5.28,6.71,7.78,6.5,3.85,5.62,4.64,7.53,7.97,6.03
2985.7,27,4.14,4.65,3.45,4.05,3.64,5.12,3.97,4.82,4.44,3.55,6.91,5.27,6.71,7.76,6.5,3.85,5.6,4.63,7.53,7.96,6.02
2986.7,27,4.13,4.67,3.43,4.05,3.65,5.11,3.95,4.78,4.44,3.53,6.89,5.26,6.71,7.76,6.49,3.84,5.59,4.61,7.52,7.96,6.02
2987.7,27,4.09,4.67,3.4,4.02,3.63,5.09,3.92,4.74,4.42,3.51,6.86,5.24,6.7,7.75,6.48,3.83,5.58,4.6,7.51,7.95,6.02
2988.7,27,4.07,4.69,3.38,4.03,3.64,5.1,3.92,4.72,4.41,3.5,6.86,5.23,6.68,7.74,6.49,3.83,5.58,4.58,7.52,7.95,6.01
2989.7,27,4.04,4.68,3.34,4.01,3.61,5.09,3.89,4.67,4.38,3.48,6.84,5.21,6.68,7.71,6.48,3.82,5.57,4.57,7.5,7.93,6.01
2990.7,27,4.01,4.69,3.33,3.98,3.61,5.08,3.88,4.64,4.37,3.46,6.82,5.19,6.68,7.71,6.47,3.8,5.56,4.56,7.48,7.93,6
2991.7,27,4,4.69,3.33,3.98,3.59,5.08,3.85,4.6,4.38,3.44,6.81,5.17,6.66,7.71,6.46,3.79,5.56,4.54,7.48,7.93,6
2992.7,27,3.96,4.7,3.29,3.95,3.57,5.06,3.84,4.56,4.34,3.41,6.8,5.15,6.65,7.7,6.43,3.78,5.55,4.52,7.48,7.95,6
2993.7,27,3.92,4.7,3.27,3.92,3.54,5.05,3.81,4.53,4.34,3.39,6.77,5.13,6.64,7.67,6.43,3.76,5.54,4.5,7.46,7.91,5.97
2994.72,27,3.9,4.7,3.26,3.9,3.53,5.05,3.79,4.51,4.32,3.36,6.76,5.11,6.63,7.68,6.43,3.74,5.53,4.49,7.46,7.92,5.98
2995.72,27,3.86,4.71,3.22,3.87,3.51,5.04,3.76,4.49,4.31,3.34,6.74,5.09,6.63,7.66,6.41,3.72,5.52,4.47,7.45,7.91,5.97
2996.72,27,3.83,4.69,3.21,3.84,3.52,5.03,3.74,4.46,4.3,3.32,6.75,5.09,6.62,7.66,6.41,3.72,5.51,4.44,7.44,7.92,5.97
2997.72,27,3.79,4.69,3.16,3.81,3.49,5.01,3.7,4.43,4.28,3.29,6.72,5.06,6.61,7.64,6.39,3.7,5.49,4.43,7.43,7.9,5.95
2998.72,27,3.75,4.69,3.13,3.78,3.46,4.99,3.66,4.42,4.24,3.25,6.7,5.03,6.59,7.63,6.38,3.67,5.49,4.4,7.42,7.89,5.93
2999.72,27,3.72,4.7,3.11,3.74,3.44,4.98,3.64,4.41,4.24,3.22,6.7,5.04,6.58,7.62,6.37,3.66,5.47,4.38,7.38,7.89,5.93
3000.72,27,3.68,4.69,3.08,3.71,3.44,4.98,3.61,4.41,4.22,3.19,6.68,4.99,6.58,7.61,6.35,3.64,5.45,4.35,7.38,7.89,5.91
3001.72,27,3.65,4.7,3.05,3.69,3.41,4.97,3.57,4.4,4.2,3.16,6.68,4.99,6.55,7.6,6.36,3.63,5.45,4.34,7.37,7.89,5.91
3002.72,27,3.62,4.7,3.02,3.65,3.39,4.97,3.55,4.4,4.19,3.12,6.66,4.97,6.55,7.6,6.35,3.62,5.44,4.31,7.37,7.88,5.9
3003.72,27,3.55,4.69,2.96,3.62,3.36,4.94,3.52,4.38,4.17,3.09,6.63,4.94,6.52,7.56,6.32,3.59,5.43,4.28,7.35,7.86,5.9
3004.72,27,3.53,4.68,2.93,3.58,3.35,4.93,3.48,4.39,4.16,3.05,6.63,4.93,6.52,7.56,6.31,3.56,5.43,4.27,7.35,7.85,5.88
3005.72,27,3.47,4.67,2.9,3.55,3.33,4.92,3.44,4.39,4.13,3.01,6.61,4.9,6.5,7.54,6.29,3.54,5.39,4.24,7.32,7.85,5.87
3006.72,27,3.43,4.68,2.87,3.52,3.3,4.91,3.4,4.4,4.12,2.98,6.61,4.89,6.51,7.54,6.29,3.53,5.4,4.22,7.32,7.84,5.86
3007.73,27,3.37,4.67,2.82,3.46,3.29,4.9,3.36,4.41,4.09,2.94,6.6,4.87,6.49,7.53,6.26,3.51,5.36,4.18,7.3,7.84,5.86
3008.73,27,3.33,4.67,2.78,3.44,3.29,4.9,3.33,4.41,4.09,2.91,6.59,4.83,6.48,7.52,6.27,3.49,5.36,4.18,7.29,7.84,5.86
3009.73,27,3.28,4.66,2.74,3.4,3.27,4.87,3.3,4.42,4.07,2.87,6.59,4.8,6.47,7.51,6.25,3.47,5.35,4.16,7.29,7.83,5.85
3010.73,27,3.22,4.65,2.69,3.35,3.23,4.84,3.26,4.42,4.03,2.83,6.56,4.78,6.43,7.5,6.23,3.44,5.33,4.12,7.27,7.82,5.84
3011.73,27,3.16,4.65,2.64,3.33,3.22,4.84,3.21,4.42,4.01,2.79,6.55,4.75,6.42,7.47,6.22,3.41,5.31,4.11,7.23,7.81,5.83
3012.73,27,3.11,4.64,2.59,3.29,3.21,4.83,3.19,4.42,3.99,2.76,6.53,4.73,6.41,7.47,6.19,3.39,5.3,4.1,7.23,7.82,5.82
3013.73,27,3.06,4.64,2.55,3.25,3.17,4.82,3.14,4.43,3.97,2.74,6.51,4.7,6.4,7.45,6.18,3.37,5.29,4.08,7.23,7.79,5.81
3014.75,27,3.01,4.63,2.51,3.22,3.17,4.81,3.13,4.45,3.96,2.72,6.52,4.67,6.4,7.45,6.17,3.36,5.28,4.06,7.23,7.81,5.81
3015.75,27,2.95,4.62,2.46,3.18,3.15,4.8,3.1,4.43,3.93,2.7,6.5,4.64,6.38,7.44,6.15,3.33,5.27,4.06,7.22,7.79,5.8
3016.75,27,2.9,4.62,2.41,3.13,3.13,4.8,3.08,4.44,3.9,2.67,6.48,4.61,6.38,7.42,6.14,3.31,5.25,4.04,7.2,7.79,5.8
3017.75,27,2.85,4.6,2.36,3.1,3.12,4.78,3.07,4.43,3.86,2.65,6.47,4.57,6.36,7.39,6.12,3.3,5.24,4.02,7.2,7.79,5.79
3018.75,27,2.8,4.6,2.33,3.07,3.1,4.77,3.05,4.44,3.84,2.64,6.46,4.54,6.37,7.39,6.13,3.28,5.23,4.02,7.2,7.78,5.79
3019.75,27,2.76,4.59,2.28,3.03,3.09,4.75,3.04,4.43,3.82,2.62,6.44,4.51,6.37,7.38,6.11,3.25,5.21,4,7.19,7.76,5.77
3020.75,27,2.72,4.58,2.23,3,3.06,4.75,3.02,4.42,3.79,2.61,6.43,4.47,6.36,7.35,6.1,3.23,5.2,3.98,7.16,7.76,5.75
3021.75,27,2.7,4.58,2.21,2.97,3.06,4.75,3,4.44,3.76,2.6,6.43,4.45,6.36,7.35,6.11,3.22,5.21,3.98,7.18,7.77,5.75
3022.75,27,2.67,4.56,2.17,2.93,3.04,4.73,3,4.43,3.73,2.58,6.41,4.41,6.33,7.35,6.1,3.2,5.17,3.96,7.17,7.76,5.75
3023.75,27,2.64,4.56,2.12,2.91,3.02,4.72,2.98,4.42,3.7,2.58,6.4,4.38,6.33,7.32,6.07,3.18,5.17,3.95,7.16,7.76,5.74
3024.75,27,2.61,4.56,2.1,2.87,3,4.71,2.98,4.42,3.67,2.57,6.4,4.34,6.35,7.32,6.06,3.17,5.16,3.92,7.14,7.76,5.73
3025.77,27,2.6,4.55,2.09,2.84,2.98,4.7,2.97,4.4,3.64,2.55,6.38,4.33,6.35,7.32,6.05,3.15,5.15,3.91,7.14,7.75,5.74
3026.77,27,2.6,4.55,2.07,2.83,2.96,4.71,2.97,4.42,3.62,2.56,6.39,4.31,6.33,7.31,6.05,3.15,5.15,3.91,7.14,7.76,5.73
3027.77,27,2.57,4.52,2.06,2.79,2.94,4.69,2.95,4.4,3.58,2.52,6.37,4.27,6.33,7.29,6.05,3.13,5.14,3.88,7.13,7.75,5.72
3028.77,27,2.56,4.52,2.04,2.75,2.91,4.67,2.92,4.37,3.53,2.52,6.33,4.25,6.32,7.28,6.02,3.11,5.12,3.85,7.12,7.73,5.7
3029.77,27,2.54,4.51,2.04,2.74,2.9,4.66,2.92,4.38,3.51,2.5,6.32,4.23,6.31,7.28,6.02,3.11,5.11,3.84,7.12,7.74,5.71
3030.78,27,2.53,4.51,2.02,2.7,2.88,4.65,2.91,4.35,3.46,2.47,6.31,4.2,6.3,7.27,6.01,3.1,5.1,3.81,7.09,7.73,5.7
3031.78,27,2.52,4.49,2.01,2.69,2.86,4.63,2.9,4.33,3.42,2.46,6.29,4.19,6.29,7.26,5.99,3.09,5.08,3.79,7.09,7.71,5.68
3032.78,27,2.52,4.5,2.01,2.67,2.85,4.63,2.89,4.34,3.4,2.44,6.28,4.18,6.28,7.27,6,3.08,5.1,3.78,7.1,7.74,5.69
3033.78,27,2.5,4.46,2.01,2.65,2.81,4.6,2.86,4.32,3.37,2.41,6.27,4.16,6.27,7.23,5.96,3.06,5.07,3.75,7.07,7.71,5.68
3034.78,27,2.51,4.47,2.01,2.65,2.8,4.61,2.86,4.31,3.34,2.4,6.26,4.17,6.29,7.23,5.96,3.06,5.06,3.73,7.08,7.73,5.66
3035.78,27,2.48,4.45,1.99,2.65,2.79,4.59,2.83,4.29,3.32,2.37,6.25,4.15,6.27,7.23,5.96,3.05,5.05,3.72,7.07,7.71,5.67
3036.78,27,2.47,4.45,1.98,2.64,2.76,4.58,2.81,4.28,3.28,2.34,6.23,4.12,6.25,7.22,5.92,3.03,5.04,3.68,7.05,7.7,5.64
3037.78,27,2.49,4.46,1.98,2.66,2.75,4.56,2.79,4.29,3.28,2.34,6.25,4.13,6.26,7.25,5.93,3.03,5.04,3.68,7.05,7.7,5.66
3038.78,27,2.47,4.43,1.97,2.66,2.74,4.54,2.76,4.25,3.23,2.29,6.22,4.11,6.26,7.21,5.9,3,5.02,3.65,7.04,7.69,5.64
3039.78,27,2.46,4.42,1.96,2.68,2.72,4.53,2.75,4.25,3.22,2.25,6.2,4.1,6.25,7.2,5.89,2.99,5.02,3.64,7.04,7.69,5.65
3040.78,27,2.46,4.43,1.97,2.7,2.7,4.51,2.74,4.24,3.2,2.23,6.19,4.09,6.23,7.2,5.87,3,5.01,3.63,7.03,7.69,5.64
3041.78,27,2.45,4.4,1.96,2.7,2.69,4.5,2.71,4.22,3.18,2.2,6.2,4.07,6.23,7.2,5.86,2.97,4.99,3.61,7.03,7.68,5.63
3042.78,27,2.43,4.39,1.94,2.71,2.66,4.48,2.68,4.2,3.16,2.17,6.18,4.06,6.23,7.18,5.85,2.95,4.97,3.59,7.01,7.68,5.62
3043.78,27,2.43,4.38,1.93,2.72,2.65,4.47,2.66,4.19,3.14,2.14,6.18,4.04,6.22,7.17,5.85,2.94,4.95,3.57,7.02,7.68,5.6
3044.78,27,2.43,4.37,1.94,2.72,2.65,4.45,2.64,4.18,3.12,2.11,6.17,4.04,6.2,7.17,5.84,2.94,4.96,3.55,7,7.68,5.59
3045.8,27,2.4,4.37,1.93,2.72,2.63,4.43,2.61,4.16,3.09,2.07,6.16,4.03,6.18,7.16,5.82,2.91,4.93,3.53,6.98,7.64,5.58
3046.8,27,2.39,4.36,1.93,2.71,2.6,4.42,2.6,4.15,3.07,2.05,6.16,4,6.18,7.16,5.81,2.91,4.93,3.52,7,7.66,5.58
3047.8,27,2.38,4.35,1.92,2.7,2.6,4.4,2.59,4.15,3.04,2.01,6.15,3.98,6.17,7.14,5.8,2.89,4.92,3.51,6.99,7.66,5.57
3048.8,27,2.37,4.32,1.91,2.7,2.58,4.37,2.57,4.13,3.01,1.99,6.13,3.95,6.15,7.12,5.77,2.87,4.9,3.49,6.96,7.64,5.55
3049.8,27,2.35,4.32,1.91,2.68,2.57,4.36,2.55,4.12,3,1.97,6.14,3.94,6.15,7.12,5.77,2.86,4.89,3.47,6.95,7.64,5.56
3050.8,27,2.35,4.3,1.91,2.67,2.56,4.34,2.54,4.11,2.97,1.96,6.13,3.92,6.15,7.11,5.75,2.84,4.88,3.45,6.95,7.62,5.55
3051.8,27,2.34,4.3,1.91,2.67,2.54,4.33,2.53,4.11,2.95,1.94,6.12,3.92,6.14,7.11,5.76,2.83,4.88,3.44,6.94,7.63,5.54
3052.8,27,2.32,4.28,1.88,2.64,2.52,4.29,2.51,4.09,2.94,1.92,6.11,3.89,6.13,7.09,5.73,2.79,4.84,3.41,6.93,7.62,5.53
3053.8,27,2.33,4.27,1.88,2.62,2.51,4.28,2.5,4.08,2.91,1.92,6.09,3.86,6.13,7.08,5.71,2.77,4.83,3.4,6.91,7.61,5.53
3054.8,27,2.32,4.27,1.87,2.62,2.5,4.27,2.49,4.08,2.9,1.92,6.12,3.83,6.13,7.09,5.71,2.76,4.83,3.38,6.92,7.6,5.52
3055.8,27,2.32,4.26,1.89,2.6,2.49,4.25,2.48,4.08,2.89,1.93,6.09,3.83,6.11,7.08,5.71,2.75,4.82,3.37,6.91,7.62,5.52
3056.8,27,2.32,4.24,1.88,2.6,2.47,4.23,2.47,4.07,2.87,1.93,6.1,3.81,6.11,7.07,5.69,2.74,4.82,3.35,6.91,7.61,5.51
3057.82,27,2.31,4.25,1.87,2.58,2.45,4.22,2.48,4.07,2.86,1.94,6.11,3.77,6.12,7.07,5.69,2.72,4.81,3.34,6.91,7.61,5.51
3058.82,27,2.3,4.23,1.87,2.56,2.43,4.19,2.47,4.06,2.83,1.92,6.09,3.77,6.11,7.05,5.68,2.7,4.79,3.32,6.9,7.61,5.49
3059.82,27,2.29,4.22,1.86,2.55,2.41,4.17,2.47,4.06,2.83,1.92,6.07,3.75,6.11,7.05,5.67,2.66,4.78,3.3,6.87,7.6,5.5
3060.82,27,2.28,4.21,1.85,2.52,2.38,4.14,2.47,4.04,2.81,1.91,6.06,3.71,6.09,7.03,5.64,2.63,4.77,3.29,6.87,7.6,5.49
3061.82,27,2.27,4.21,1.84,2.5,2.35,4.13,2.46,4.04,2.79,1.89,6.06,3.69,6.1,7.02,5.64,2.62,4.77,3.27,6.84,7.58,5.48
3062.82,27,2.28,4.19,1.85,2.49,2.34,4.09,2.45,4.03,2.79,1.89,6.05,3.67,6.09,7.01,5.63,2.6,4.76,3.25,6.85,7.58,5.48
3063.82,27,2.28,4.16,1.83,2.47,2.31,4.07,2.44,4.03,2.78,1.87,6.03,3.64,6.07,7,5.62,2.57,4.74,3.22,6.84,7.58,5.48
3064.82,27,2.34,4.15,1.87,2.45,2.28,4.04,2.43,4.01,2.77,1.85,6.03,3.62,6.06,6.98,5.62,2.55,4.74,3.2,6.84,7.56,5.44
3065.83,27,2.92,4.17,2.35,2.4,2.24,3.99,2.45,4,2.79,1.88,6.02,3.74,6.04,7.04,5.87,2.5,4.77,3.62,7.07,7.68,5.6
3066.83,27,3.34,4.19,2.73,2.56,2.22,4.12,2.69,3.98,3.12,2.19,6.02,4.19,6.16,7.25,6.06,2.6,5,3.92,7.21,7.76,5.72
3067.83,27,3.58,4.21,2.94,2.85,2.32,4.35,2.98,3.98,3.47,2.49,6.12,4.47,6.3,7.39,6.18,2.87,5.15,4.08,7.28,7.81,5.8
3068.83,27,3.71,4.24,3.08,3.13,2.52,4.52,3.22,4.01,3.7,2.74,6.3,4.65,6.4,7.5,6.24,3.13,5.25,4.21,7.35,7.84,5.85
3069.83,27,3.81,4.25,3.14,3.33,2.75,4.62,3.39,4.06,3.85,2.9,6.44,4.75,6.46,7.56,6.29,3.3,5.32,4.27,7.37,7.85,5.88
3070.83,27,3.87,4.28,3.18,3.48,2.92,4.71,3.49,4.16,3.95,2.99,6.56,4.84,6.5,7.6,6.32,3.39,5.36,4.33,7.4,7.86,5.9
3071.83,27,3.92,4.29,3.2,3.57,3.07,4.75,3.57,4.29,4.01,3.08,6.65,4.9,6.53,7.63,6.33,3.45,5.38,4.36,7.4,7.86,5.91
3072.83,27,3.94,4.3,3.22,3.63,3.15,4.78,3.61,4.4,4.06,3.12,6.72,4.92,6.54,7.64,6.35,3.5,5.42,4.39,7.43,7.89,5.93
3073.83,27,3.95,4.31,3.22,3.66,3.23,4.82,3.65,4.49,4.1,3.16,6.75,4.95,6.55,7.66,6.37,3.54,5.45,4.4,7.44,7.9,5.95
3074.83,27,3.94,4.33,3.2,3.67,3.26,4.83,3.65,4.53,4.11,3.18,6.75,4.95,6.56,7.67,6.37,3.55,5.44,4.41,7.43,7.89,5.95
3075.83,27,3.93,4.33,3.2,3.69,3.27,4.83,3.68,4.55,4.11,3.18,6.76,4.96,6.58,7.67,6.36,3.56,5.45,4.4,7.43,7.89,5.93
3076.83,27,3.91,4.35,3.17,3.71,3.31,4.84,3.67,4.57,4.12,3.2,6.77,4.96,6.59,7.67,6.37,3.58,5.45,4.4,7.43,7.9,5.95
3077.85,27,3.88,4.35,3.15,3.7,3.3,4.82,3.67,4.55,4.11,3.18,6.75,4.94,6.58,7.64,6.33,3.58,5.44,4.39,7.4,7.88,5.93
3078.85,27,3.85,4.35,3.13,3.7,3.31,4.82,3.67,4.53,4.1,3.17,6.74,4.92,6.56,7.63,6.33,3.57,5.43,4.38,7.39,7.88,5.93
3079.85,27,3.82,4.35,3.1,3.69,3.3,4.81,3.65,4.5,4.08,3.15,6.72,4.91,6.56,7.63,6.33,3.56,5.42,4.37,7.39,7.88,5.92
3080.85,27,3.78,4.36,3.09,3.68,3.3,4.8,3.63,4.47,4.07,3.12,6.71,4.89,6.55,7.62,6.32,3.56,5.42,4.35,7.37,7.85,5.91
3081.85,27,3.76,4.38,3.06,3.67,3.29,4.8,3.62,4.44,4.06,3.12,6.68,4.88,6.55,7.61,6.32,3.55,5.4,4.34,7.37,7.86,5.91
3082.85,27,3.73,4.38,3.03,3.65,3.28,4.78,3.6,4.38,4.03,3.1,6.65,4.85,6.54,7.59,6.31,3.52,5.39,4.32,7.37,7.86,5.9
3083.85,27,3.69,4.37,3,3.64,3.26,4.77,3.58,4.35,4.01,3.07,6.63,4.83,6.53,7.58,6.29,3.52,5.37,4.31,7.35,7.85,5.89
3084.85,27,3.66,4.37,2.98,3.62,3.24,4.76,3.55,4.3,4,3.05,6.62,4.81,6.52,7.55,6.28,3.5,5.37,4.29,7.34,7.83,5.89
3085.85,27,3.65,4.39,2.96,3.6,3.24,4.76,3.54,4.28,3.99,3.04,6.62,4.8,6.53,7.56,6.28,3.51,5.38,4.28,7.35,7.85,5.89
3086.85,27,3.61,4.39,2.93,3.57,3.22,4.74,3.51,4.24,3.97,3,6.61,4.77,6.52,7.55,6.27,3.48,5.35,4.26,7.34,7.84,5.89
3087.87,27,3.59,4.39,2.91,3.55,3.22,4.73,3.49,4.2,3.95,3,6.59,4.75,6.51,7.54,6.27,3.47,5.35,4.24,7.31,7.84,5.87
3088.87,27,3.55,4.39,2.89,3.52,3.19,4.72,3.46,4.18,3.93,2.96,6.56,4.73,6.5,7.53,6.25,3.45,5.34,4.21,7.31,7.84,5.87
3089.87,27,3.51,4.39,2.85,3.49,3.17,4.71,3.43,4.14,3.92,2.93,6.56,4.71,6.5,7.52,6.24,3.44,5.32,4.18,7.3,7.83,5.86
3090.87,27,3.47,4.39,2.82,3.47,3.15,4.71,3.41,4.12,3.91,2.91,6.56,4.69,6.49,7.52,6.24,3.42,5.32,4.17,7.29,7.83,5.85
3091.87,27,3.43,4.39,2.79,3.43,3.13,4.68,3.36,4.09,3.87,2.88,6.52,4.66,6.46,7.5,6.23,3.39,5.29,4.13,7.27,7.82,5.83
3092.87,27,3.4,4.39,2.76,3.4,3.1,4.67,3.33,4.08,3.86,2.85,6.51,4.64,6.46,7.48,6.22,3.37,5.28,4.11,7.26,7.81,5.83
3093.87,27,3.36,4.39,2.73,3.36,3.1,4.66,3.31,4.06,3.83,2.81,6.49,4.62,6.44,7.47,6.19,3.36,5.26,4.09,7.26,7.79,5.83
3094.87,27,3.32,4.38,2.69,3.33,3.07,4.64,3.27,4.05,3.82,2.77,6.48,4.6,6.43,7.45,6.17,3.33,5.26,4.06,7.23,7.78,5.79
3095.88,27,3.29,4.39,2.67,3.31,3.05,4.64,3.25,4.04,3.8,2.75,6.49,4.59,6.41,7.45,6.18,3.33,5.27,4.05,7.23,7.79,5.81
3096.88,27,3.24,4.38,2.63,3.28,3.03,4.62,3.21,4.04,3.8,2.71,6.48,4.57,6.41,7.45,6.17,3.31,5.24,4.01,7.2,7.78,5.8
3097.88,27,3.19,4.38,2.61,3.25,3.01,4.61,3.18,4.03,3.78,2.67,6.46,4.55,6.39,7.44,6.15,3.29,5.23,3.99,7.2,7.78,5.79
3098.88,27,3.17,4.38,2.59,3.2,2.99,4.6,3.14,4.04,3.75,2.63,6.46,4.54,6.4,7.43,6.14,3.26,5.22,3.97,7.2,7.77,5.77
3099.88,27,3.1,4.37,2.55,3.16,2.96,4.59,3.1,4.04,3.72,2.6,6.43,4.52,6.37,7.4,6.13,3.24,5.2,3.95,7.18,7.75,5.75
3100.88,27,3.07,4.36,2.5,3.12,2.94,4.58,3.06,4.04,3.72,2.54,6.41,4.49,6.35,7.4,6.11,3.22,5.19,3.93,7.14,7.76,5.75
3101.88,27,3.01,4.37,2.47,3.08,2.91,4.55,3.02,4.03,3.7,2.5,6.39,4.46,6.33,7.38,6.11,3.18,5.16,3.89,7.16,7.75,5.74
3102.9,27,2.96,4.36,2.44,3.05,2.91,4.55,2.99,4.06,3.66,2.48,6.39,4.46,6.32,7.37,6.09,3.17,5.16,3.88,7.14,7.75,5.74
3103.9,27,2.91,4.34,2.4,3.01,2.88,4.54,2.95,4.06,3.65,2.44,6.37,4.43,6.3,7.35,6.06,3.15,5.14,3.85,7.13,7.74,5.73
3104.9,27,2.86,4.35,2.35,2.97,2.86,4.52,2.91,4.05,3.63,2.39,6.36,4.4,6.29,7.32,6.05,3.12,5.13,3.83,7.11,7.74,5.72
3105.9,27,2.82,4.36,2.32,2.94,2.85,4.53,2.89,4.08,3.61,2.37,6.37,4.38,6.28,7.34,6.05,3.1,5.12,3.82,7.11,7.74,5.71
3106.92,27,2.75,4.34,2.28,2.89,2.82,4.52,2.84,4.09,3.59,2.34,6.35,4.35,6.27,7.32,6.05,3.09,5.1,3.8,7.1,7.74,5.71
3107.92,27,2.69,4.31,2.22,2.85,2.78,4.48,2.79,4.09,3.55,2.3,6.32,4.32,6.24,7.29,6,3.05,5.07,3.77,7.08,7.71,5.69
3108.92,27,2.64,4.3,2.17,2.81,2.76,4.48,2.77,4.09,3.52,2.27,6.31,4.27,6.23,7.28,6,3.03,5.06,3.75,7.05,7.7,5.68
3109.92,27,2.6,4.3,2.13,2.77,2.74,4.47,2.75,4.1,3.51,2.26,6.3,4.25,6.23,7.27,5.99,3.01,5.06,3.74,7.07,7.71,5.68
3110.92,27,2.55,4.3,2.09,2.75,2.73,4.46,2.73,4.11,3.47,2.23,6.28,4.21,6.24,7.27,5.97,2.99,5.04,3.72,7.07,7.7,5.69
3111.92,27,2.52,4.3,2.04,2.7,2.72,4.46,2.71,4.11,3.44,2.23,6.29,4.18,6.23,7.25,5.97,2.97,5.03,3.72,7.05,7.7,5.67
3112.92,27,2.47,4.28,2.01,2.66,2.69,4.44,2.68,4.11,3.41,2.2,6.27,4.15,6.22,7.23,5.96,2.95,5.01,3.7,7.05,7.69,5.66
3113.93,27,2.46,4.28,1.97,2.63,2.67,4.44,2.67,4.12,3.4,2.19,6.26,4.12,6.23,7.22,5.96,2.92,5.01,3.69,7.03,7.7,5.66
3114.93,27,2.42,4.27,1.95,2.6,2.64,4.43,2.65,4.11,3.35,2.18,6.24,4.08,6.22,7.21,5.93,2.92,5,3.68,7.04,7.69,5.65
3115.93,27,2.39,4.26,1.92,2.58,2.63,4.42,2.64,4.12,3.33,2.18,6.23,4.05,6.19,7.2,5.92,2.89,4.99,3.67,7.02,7.68,5.64
3116.93,27,2.37,4.25,1.91,2.54,2.6,4.4,2.64,4.1,3.29,2.16,6.22,4.01,6.19,7.19,5.9,2.88,4.99,3.65,7.02,7.69,5.64
3117.93,27,2.38,4.24,1.91,2.52,2.59,4.4,2.64,4.1,3.27,2.16,6.22,3.98,6.2,7.18,5.89,2.87,4.97,3.65,7.03,7.69,5.63
3118.93,27,2.36,4.22,1.9,2.47,2.56,4.38,2.63,4.08,3.23,2.15,6.19,3.95,6.18,7.16,5.89,2.85,4.96,3.63,7,7.68,5.63
3119.93,27,2.36,4.24,1.9,2.46,2.54,4.38,2.63,4.1,3.19,2.14,6.18,3.92,6.18,7.16,5.88,2.84,4.95,3.62,7,7.68,5.6
3120.95,27,2.36,4.23,1.88,2.44,2.53,4.37,2.62,4.08,3.14,2.13,6.17,3.88,6.18,7.16,5.87,2.83,4.94,3.59,7,7.67,5.59
3121.95,27,2.36,4.21,1.89,2.41,2.52,4.35,2.62,4.08,3.12,2.11,6.16,3.85,6.18,7.16,5.86,2.81,4.93,3.58,6.98,7.67,5.59
3122.95,27,2.38,4.21,1.89,2.38,2.49,4.35,2.62,4.06,3.08,2.1,6.14,3.82,6.17,7.14,5.84,2.8,4.92,3.55,6.98,7.66,5.59
3123.95,27,2.36,4.19,1.89,2.39,2.48,4.35,2.62,4.06,3.06,2.1,6.14,3.81,6.18,7.13,5.86,2.8,4.92,3.55,6.99,7.66,5.6
3124.95,27,2.36,4.18,1.87,2.35,2.47,4.33,2.6,4.04,3.01,2.07,6.11,3.77,6.17,7.13,5.83,2.78,4.9,3.51,6.96,7.66,5.57
3125.95,27,2.35,4.17,1.86,2.34,2.44,4.31,2.6,4.03,2.97,2.04,6.12,3.75,6.16,7.11,5.82,2.77,4.9,3.49,6.95,7.64,5.56
3126.95,27,2.36,4.17,1.87,2.35,2.44,4.31,2.6,4.02,2.96,2.03,6.11,3.74,6.16,7.12,5.82,2.75,4.9,3.48,6.95,7.67,5.57
3127.95,27,2.37,4.15,1.86,2.35,2.42,4.28,2.58,4,2.92,2,6.09,3.73,6.14,7.09,5.8,2.74,4.87,3.45,6.93,7.63,5.55
3128.95,27,2.36,4.13,1.86,2.35,2.4,4.27,2.57,4,2.89,1.97,6.06,3.7,6.14,7.09,5.77,2.73,4.85,3.43,6.93,7.62,5.54
3129.95,27,2.35,4.12,1.84,2.36,2.38,4.25,2.55,3.98,2.86,1.92,6.04,3.68,6.12,7.08,5.75,2.71,4.83,3.4,6.9,7.61,5.53
3130.97,27,2.35,4.11,1.85,2.39,2.38,4.24,2.55,3.98,2.85,1.91,6.04,3.68,6.12,7.07,5.75,2.7,4.83,3.4,6.92,7.62,5.54
3131.97,27,2.34,4.09,1.85,2.41,2.36,4.22,2.54,3.96,2.84,1.87,6.04,3.66,6.11,7.07,5.73,2.68,4.81,3.36,6.9,7.62,5.53
3132.97,27,2.34,4.09,1.84,2.42,2.34,4.21,2.51,3.95,2.81,1.84,6.02,3.64,6.1,7.05,5.73,2.66,4.79,3.35,6.89,7.61,5.51
3133.97,27,2.32,4.08,1.83,2.43,2.33,4.19,2.5,3.94,2.8,1.82,6.01,3.64,6.1,7.05,5.71,2.64,4.79,3.33,6.89,7.61,5.52
3134.97,27,2.32,4.06,1.83,2.44,2.32,4.17,2.47,3.93,2.77,1.77,6.01,3.63,6.07,7.03,5.68,2.61,4.77,3.31,6.87,7.59,5.5
3135.97,27,2.31,4.05,1.83,2.44,2.31,4.14,2.47,3.92,2.76,1.74,6,3.61,6.05,7.01,5.68,2.6,4.76,3.29,6.87,7.59,5.48
3136.97,27,2.31,4.04,1.83,2.45,2.3,4.12,2.47,3.91,2.75,1.7,5.98,3.61,6.05,7.01,5.67,2.59,4.75,3.27,6.85,7.58,5.48
3137.97,27,2.31,4.04,1.82,2.46,2.29,4.12,2.45,3.91,2.75,1.67,5.98,3.6,6.04,7.01,5.65,2.57,4.75,3.26,6.85,7.6,5.48
3138.97,27,2.29,4.02,1.82,2.45,2.26,4.09,2.44,3.89,2.73,1.64,5.96,3.57,6.02,7,5.64,2.55,4.72,3.24,6.84,7.58,5.46
3139.98,27,2.28,4.02,1.82,2.43,2.26,4.07,2.42,3.88,2.72,1.61,5.96,3.55,6.02,6.99,5.62,2.54,4.71,3.22,6.83,7.56,5.45
3140.98,27,2.28,4.01,1.82,2.44,2.26,4.05,2.4,3.89,2.71,1.58,5.96,3.55,6.03,6.99,5.63,2.52,4.7,3.21,6.83,7.56,5.45
3141.98,27,2.29,4,1.82,2.44,2.25,4.03,2.4,3.88,2.71,1.56,5.96,3.53,6,7,5.6,2.52,4.69,3.19,6.82,7.56,5.44
3142.98,27,2.27,3.99,1.81,2.42,2.23,4.01,2.39,3.87,2.69,1.53,5.95,3.5,5.99,6.96,5.59,2.48,4.69,3.17,6.81,7.58,5.44
3143.98,27,2.28,3.99,1.81,2.41,2.23,3.99,2.37,3.87,2.68,1.51,5.93,3.5,5.99,6.98,5.59,2.48,4.68,3.16,6.8,7.56,5.44
3144.98,27,2.27,3.97,1.81,2.39,2.22,3.97,2.36,3.86,2.67,1.49,5.93,3.47,5.98,6.96,5.57,2.47,4.67,3.13,6.8,7.53,5.42
3145.98,27,2.26,3.96,1.81,2.38,2.2,3.94,2.36,3.86,2.66,1.47,5.92,3.46,5.98,6.95,5.55,2.44,4.66,3.12,6.77,7.55,5.39
3146.98,27,2.26,3.96,1.82,2.37,2.2,3.93,2.36,3.86,2.66,1.47,5.92,3.44,5.97,6.95,5.55,2.43,4.64,3.1,6.77,7.55,5.4
3147.98,27,2.26,3.94,1.81,2.35,2.18,3.9,2.34,3.86,2.66,1.47,5.9,3.42,5.96,6.93,5.54,2.41,4.64,3.09,6.77,7.54,5.39
3148.98,27,2.26,3.93,1.79,2.34,2.16,3.87,2.34,3.84,2.65,1.45,5.9,3.39,5.95,6.92,5.51,2.38,4.62,3.07,6.75,7.54,5.38
3150,27,2.25,3.92,1.8,2.33,2.13,3.85,2.34,3.84,2.63,1.45,5.9,3.36,5.93,6.91,5.51,2.36,4.62,3.05,6.74,7.52,5.37
3151,27,2.25,3.91,1.79,2.3,2.13,3.84,2.33,3.84,2.63,1.44,5.89,3.35,5.92,6.9,5.5,2.34,4.61,3.03,6.73,7.52,5.36
3152,27,2.24,3.89,1.78,2.3,2.11,3.8,2.34,3.84,2.62,1.44,5.88,3.33,5.92,6.9,5.49,2.33,4.59,3.01,6.73,7.52,5.35
3153,27,2.24,3.89,1.79,2.28,2.09,3.78,2.32,3.83,2.62,1.44,5.89,3.32,5.92,6.89,5.48,2.31,4.58,3,6.72,7.51,5.35
3154.02,27,2.24,3.87,1.79,2.27,2.08,3.77,2.32,3.83,2.61,1.42,5.87,3.3,5.9,6.87,5.47,2.29,4.57,2.98,6.71,7.51,5.35
3155.02,27,2.23,3.86,1.77,2.25,2.06,3.74,2.3,3.81,2.6,1.42,5.86,3.27,5.9,6.85,5.46,2.25,4.57,2.95,6.7,7.51,5.32
3156.02,27,2.24,3.85,1.78,2.24,2.06,3.72,2.31,3.82,2.61,1.41,5.86,3.26,5.89,6.85,5.45,2.24,4.55,2.94,6.69,7.51,5.33
3157.02,27,2.23,3.85,1.79,2.25,2.04,3.7,2.32,3.82,2.61,1.42,5.86,3.24,5.89,6.85,5.44,2.23,4.55,2.93,6.68,7.51,5.32
3158.02,27,2.23,3.82,1.78,2.23,2.01,3.67,2.31,3.79,2.6,1.41,5.85,3.2,5.88,6.83,5.43,2.2,4.53,2.9,6.66,7.48,5.31
3159.02,27,2.23,3.82,1.78,2.22,2.02,3.65,2.32,3.79,2.59,1.4,5.84,3.19,5.88,6.82,5.42,2.19,4.53,2.89,6.66,7.48,5.31
3160.02,27,2.23,3.81,1.79,2.23,2.01,3.64,2.32,3.8,2.61,1.4,5.84,3.18,5.88,6.82,5.43,2.17,4.53,2.88,6.66,7.5,5.3
3161.03,27,2.23,3.77,1.77,2.22,1.99,3.6,2.3,3.77,2.59,1.37,5.81,3.16,5.86,6.79,5.4,2.14,4.49,2.84,6.63,7.47,5.29
3162.03,27,2.22,3.77,1.77,2.22,1.97,3.58,2.31,3.76,2.58,1.37,5.81,3.13,5.87,6.79,5.39,2.11,4.49,2.83,6.63,7.47,5.28
3163.03,27,2.23,3.76,1.77,2.21,1.97,3.55,2.32,3.75,2.58,1.35,5.8,3.13,5.85,6.79,5.39,2.11,4.47,2.82,6.62,7.46,5.28
3164.03,27,2.22,3.76,1.78,2.21,1.97,3.53,2.3,3.75,2.58,1.34,5.79,3.11,5.86,6.76,5.38,2.09,4.48,2.8,6.62,7.46,5.26
3165.03,27,2.23,3.71,1.77,2.19,1.96,3.5,2.29,3.73,2.57,1.33,5.77,3.09,5.84,6.75,5.36,2.06,4.46,2.76,6.59,7.45,5.25
3166.03,27,2.67,3.74,2.11,2.17,1.94,3.45,2.29,3.73,2.58,1.33,5.76,3.11,5.82,6.77,5.6,2.04,4.45,3.18,6.77,7.55,5.39
3167.03,27,3.09,3.78,2.47,2.27,1.92,3.54,2.45,3.7,2.78,1.64,5.75,3.58,5.93,6.99,5.83,2.1,4.69,3.54,6.99,7.64,5.54
3168.05,27,3.36,3.83,2.7,2.56,1.98,3.81,2.74,3.68,3.11,2.01,5.83,3.93,6.1,7.19,5.97,2.4,4.89,3.75,7.1,7.73,5.66
3169.05,27,3.47,3.84,2.81,2.83,2.17,4.02,2.97,3.66,3.35,2.25,5.98,4.14,6.18,7.29,6.05,2.68,4.99,3.88,7.16,7.74,5.7
3170.05,27,3.57,3.86,2.88,3.05,2.41,4.17,3.13,3.68,3.53,2.45,6.15,4.3,6.28,7.37,6.1,2.88,5.08,3.97,7.2,7.76,5.74
3171.05,27,3.63,3.89,2.91,3.19,2.6,4.27,3.26,3.73,3.64,2.59,6.29,4.4,6.31,7.42,6.14,3,5.13,4.02,7.23,7.77,5.77
3172.05,27,3.66,3.89,2.92,3.29,2.75,4.35,3.33,3.84,3.7,2.68,6.39,4.46,6.36,7.44,6.17,3.1,5.17,4.08,7.26,7.81,5.8
3173.05,27,3.69,3.92,2.92,3.33,2.85,4.39,3.36,3.95,3.74,2.73,6.47,4.5,6.38,7.47,6.17,3.13,5.21,4.1,7.26,7.78,5.81
3174.05,27,3.7,3.93,2.92,3.37,2.91,4.43,3.4,4.03,3.78,2.77,6.5,4.52,6.41,7.5,6.18,3.18,5.21,4.12,7.27,7.79,5.82
3175.05,27,3.67,3.94,2.9,3.37,2.95,4.45,3.41,4.09,3.78,2.8,6.51,4.54,6.41,7.5,6.18,3.21,5.22,4.12,7.28,7.79,5.81
3176.05,27,3.67,3.96,2.91,3.4,2.98,4.47,3.43,4.13,3.81,2.82,6.54,4.55,6.42,7.51,6.19,3.25,5.24,4.13,7.28,7.81,5.82
3177.05,27,3.66,3.97,2.89,3.41,2.98,4.48,3.43,4.14,3.8,2.83,6.52,4.54,6.43,7.5,6.17,3.25,5.24,4.13,7.26,7.79,5.83
3178.05,27,3.63,3.98,2.87,3.41,2.99,4.48,3.44,4.13,3.8,2.82,6.53,4.54,6.43,7.48,6.18,3.27,5.24,4.13,7.23,7.79,5.83
3179.05,27,3.59,4,2.85,3.41,3.01,4.48,3.43,4.11,3.79,2.81,6.52,4.53,6.43,7.5,6.18,3.27,5.23,4.13,7.25,7.78,5.83
3180.05,27,3.56,4,2.81,3.41,3.01,4.46,3.41,4.08,3.77,2.79,6.51,4.51,6.41,7.46,6.16,3.27,5.22,4.1,7.23,7.78,5.81
3181.07,27,3.52,4,2.78,3.38,3,4.47,3.39,4.04,3.77,2.77,6.5,4.51,6.41,7.46,6.16,3.27,5.22,4.09,7.23,7.77,5.81
3182.07,27,3.49,4.02,2.76,3.37,3.01,4.46,3.38,4,3.74,2.75,6.49,4.48,6.42,7.46,6.15,3.25,5.22,4.09,7.22,7.77,5.81
3183.07,27,3.45,4.02,2.75,3.36,2.99,4.46,3.35,3.97,3.74,2.75,6.48,4.46,6.41,7.45,6.15,3.26,5.2,4.07,7.21,7.77,5.81
3184.07,27,3.42,4.04,2.71,3.34,2.98,4.45,3.33,3.93,3.72,2.73,6.48,4.44,6.4,7.44,6.15,3.24,5.2,4.05,7.22,7.77,5.8
3185.07,27,3.38,4.03,2.68,3.31,2.97,4.44,3.32,3.9,3.7,2.69,6.46,4.44,6.39,7.43,6.13,3.22,5.19,4.04,7.2,7.77,5.79
3186.07,27,3.35,4.04,2.66,3.29,2.95,4.42,3.29,3.85,3.67,2.67,6.43,4.4,6.38,7.43,6.13,3.21,5.17,4,7.19,7.76,5.77
3187.07,27,3.32,4.04,2.62,3.27,2.93,4.4,3.26,3.82,3.66,2.63,6.43,4.38,6.39,7.4,6.11,3.19,5.16,3.99,7.18,7.75,5.77
3188.07,27,3.28,4.05,2.6,3.24,2.91,4.4,3.23,3.78,3.64,2.61,6.4,4.36,6.37,7.39,6.09,3.17,5.15,3.96,7.16,7.74,5.75
3189.07,27,3.24,4.04,2.57,3.21,2.89,4.37,3.19,3.74,3.61,2.57,6.38,4.33,6.35,7.36,6.06,3.15,5.14,3.93,7.14,7.74,5.73
3190.07,27,3.22,4.05,2.54,3.18,2.87,4.36,3.17,3.72,3.6,2.54,6.38,4.31,6.35,7.37,6.07,3.13,5.13,3.91,7.16,7.74,5.72
3191.08,27,3.19,4.04,2.53,3.16,2.85,4.36,3.14,3.71,3.58,2.5,6.36,4.3,6.33,7.35,6.05,3.13,5.12,3.89,7.14,7.73,5.73
3192.1,27,3.15,4.04,2.48,3.12,2.83,4.32,3.1,3.68,3.55,2.47,6.35,4.27,6.32,7.34,6.04,3.11,5.11,3.87,7.12,7.73,5.71
3193.1,27,3.11,4.04,2.47,3.1,2.79,4.31,3.09,3.67,3.53,2.44,6.32,4.26,6.31,7.32,6.04,3.09,5.08,3.85,7.11,7.73,5.71
3194.1,27,3.09,4.04,2.44,3.07,2.78,4.29,3.06,3.66,3.52,2.39,6.31,4.25,6.31,7.32,6.03,3.07,5.07,3.83,7.11,7.71,5.7
3195.1,27,3.05,4.04,2.41,3.04,2.75,4.29,3.02,3.64,3.49,2.36,6.28,4.22,6.28,7.3,6.01,3.06,5.06,3.8,7.1,7.71,5.7
3196.12,27,3.01,4.05,2.38,3,2.74,4.27,3,3.63,3.46,2.33,6.27,4.21,6.27,7.29,6,3.03,5.05,3.77,7.08,7.69,5.68
3197.12,27,2.97,4.04,2.34,2.97,2.73,4.26,2.96,3.64,3.45,2.3,6.27,4.19,6.27,7.28,5.99,3.02,5.04,3.75,7.07,7.7,5.67
3198.12,27,2.94,4.04,2.31,2.95,2.69,4.26,2.94,3.64,3.42,2.25,6.24,4.17,6.25,7.27,5.98,3,5.03,3.74,7.07,7.69,5.67
3199.12,27,2.91,4.03,2.27,2.91,2.66,4.24,2.91,3.64,3.39,2.23,6.23,4.15,6.23,7.27,5.97,2.98,5.02,3.71,7.05,7.68,5.65
3200.12,27,2.85,4.03,2.25,2.88,2.66,4.24,2.88,3.64,3.38,2.19,6.2,4.13,6.22,7.25,5.97,2.97,4.99,3.69,7.02,7.68,5.65
3201.13,27,2.81,4.02,2.21,2.85,2.62,4.22,2.84,3.65,3.37,2.16,6.2,4.1,6.2,7.23,5.95,2.93,4.98,3.66,7.03,7.69,5.65
3202.13,27,2.75,4.01,2.16,2.81,2.6,4.21,2.82,3.64,3.33,2.11,6.18,4.07,6.17,7.23,5.92,2.91,4.97,3.64,7.01,7.67,5.62
3203.13,27,2.71,4.01,2.13,2.77,2.59,4.2,2.78,3.64,3.32,2.08,6.18,4.05,6.17,7.21,5.91,2.9,4.95,3.61,6.99,7.66,5.62
3204.13,27,2.65,4,2.08,2.73,2.56,4.19,2.74,3.65,3.28,2.04,6.16,4.02,6.15,7.19,5.89,2.87,4.94,3.59,6.99,7.64,5.59
3205.13,27,2.6,4,2.05,2.7,2.54,4.17,2.71,3.66,3.27,2,6.15,4,6.14,7.2,5.87,2.85,4.93,3.57,6.98,7.64,5.6
3206.15,27,2.57,4.01,2.01,2.68,2.51,4.17,2.68,3.67,3.24,1.99,6.15,3.97,6.13,7.18,5.87,2.84,4.91,3.55,6.99,7.66,5.6
3207.15,27,2.52,4.01,1.99,2.65,2.5,4.17,2.65,3.69,3.22,1.94,6.14,3.94,6.12,7.17,5.86,2.82,4.91,3.53,6.96,7.64,5.59
3208.15,27,2.47,3.99,1.95,2.61,2.47,4.14,2.62,3.69,3.17,1.91,6.12,3.89,6.1,7.14,5.84,2.78,4.89,3.5,6.94,7.64,5.57
3209.15,27,2.42,3.97,1.91,2.58,2.46,4.14,2.6,3.7,3.16,1.89,6.11,3.86,6.1,7.14,5.84,2.76,4.87,3.48,6.95,7.63,5.56
3210.15,27,2.38,3.96,1.9,2.53,2.43,4.12,2.56,3.7,3.13,1.86,6.07,3.82,6.07,7.12,5.81,2.74,4.85,3.45,6.93,7.62,5.56
3211.15,27,2.36,3.97,1.89,2.52,2.42,4.12,2.55,3.72,3.1,1.85,6.07,3.8,6.09,7.13,5.81,2.73,4.85,3.46,6.93,7.64,5.55
3212.15,27,2.34,3.95,1.86,2.47,2.38,4.1,2.52,3.7,3.07,1.82,6.05,3.73,6.05,7.1,5.8,2.69,4.81,3.43,6.91,7.6,5.54
3213.15,27,2.34,3.94,1.85,2.45,2.37,4.1,2.49,3.72,3.04,1.81,6.05,3.72,6.06,7.09,5.79,2.67,4.82,3.41,6.92,7.62,5.55
3214.15,27,2.32,3.93,1.83,2.41,2.35,4.07,2.47,3.71,3.01,1.79,6.03,3.68,6.05,7.08,5.76,2.65,4.8,3.41,6.9,7.6,5.54
3215.15,27,2.34,3.92,1.83,2.39,2.33,4.06,2.47,3.71,2.98,1.78,6.02,3.64,6.06,7.05,5.76,2.63,4.79,3.39,6.9,7.61,5.53
3216.15,27,2.32,3.92,1.82,2.35,2.31,4.04,2.46,3.71,2.93,1.77,6,3.61,6.04,7.04,5.75,2.61,4.77,3.37,6.89,7.61,5.53
3217.15,27,2.33,3.9,1.83,2.34,2.3,4.03,2.46,3.72,2.91,1.77,6.01,3.58,6.06,7.04,5.73,2.6,4.77,3.37,6.89,7.61,5.52
3218.17,27,2.33,3.9,1.84,2.33,2.29,4.02,2.45,3.72,2.88,1.76,5.98,3.55,6.05,7.04,5.73,2.58,4.75,3.35,6.86,7.61,5.51
3219.17,27,2.33,3.89,1.83,2.3,2.25,4,2.44,3.7,2.86,1.73,5.97,3.51,6.05,7.01,5.72,2.57,4.74,3.33,6.87,7.6,5.5
3220.17,27,2.32,3.87,1.83,2.27,2.24,3.98,2.44,3.7,2.82,1.73,5.95,3.49,6.04,7.01,5.71,2.55,4.73,3.33,6.85,7.6,5.48
3221.17,27,2.3,3.86,1.82,2.25,2.23,3.97,2.43,3.69,2.78,1.72,5.92,3.46,6.04,7.01,5.7,2.54,4.73,3.3,6.85,7.59,5.48
3222.17,27,2.3,3.86,1.84,2.25,2.21,3.95,2.42,3.69,2.75,1.72,5.92,3.44,6.04,7,5.7,2.52,4.7,3.29,6.86,7.59,5.48
3223.17,27,2.3,3.83,1.82,2.23,2.2,3.93,2.42,3.67,2.73,1.7,5.91,3.42,6.05,6.98,5.68,2.51,4.71,3.26,6.84,7.58,5.48
3224.17,27,2.29,3.84,1.83,2.22,2.18,3.91,2.41,3.67,2.7,1.7,5.9,3.4,6.04,6.98,5.67,2.49,4.71,3.25,6.84,7.56,5.47
3225.17,27,2.28,3.82,1.82,2.2,2.16,3.89,2.41,3.64,2.67,1.66,5.89,3.38,6.02,6.95,5.65,2.48,4.69,3.22,6.8,7.56,5.47
3226.18,27,2.28,3.82,1.82,2.2,2.15,3.88,2.4,3.65,2.67,1.65,5.87,3.37,6.02,6.95,5.64,2.48,4.69,3.2,6.81,7.56,5.45
3227.18,27,2.28,3.81,1.82,2.2,2.13,3.86,2.4,3.64,2.64,1.63,5.86,3.36,6.02,6.95,5.64,2.47,4.67,3.18,6.81,7.58,5.46
3228.18,27,2.28,3.79,1.82,2.19,2.12,3.83,2.38,3.63,2.62,1.6,5.84,3.33,6,6.92,5.62,2.45,4.64,3.16,6.77,7.54,5.44
3229.18,27,2.27,3.79,1.81,2.19,2.11,3.81,2.39,3.63,2.6,1.59,5.84,3.33,6,6.92,5.6,2.42,4.64,3.14,6.77,7.56,5.43
3230.18,27,2.26,3.76,1.81,2.2,2.1,3.79,2.37,3.61,2.62,1.55,5.82,3.32,5.99,6.91,5.58,2.42,4.63,3.11,6.77,7.54,5.42
3231.18,27,2.25,3.76,1.81,2.21,2.09,3.77,2.38,3.61,2.61,1.54,5.81,3.31,6,6.91,5.57,2.41,4.62,3.1,6.76,7.55,5.42
3232.18,27,2.27,3.75,1.79,2.23,2.08,3.75,2.36,3.6,2.61,1.5,5.81,3.32,5.98,6.91,5.56,2.39,4.61,3.09,6.76,7.53,5.39
3233.18,27,2.26,3.74,1.81,2.23,2.08,3.72,2.37,3.59,2.6,1.47,5.8,3.28,5.97,6.9,5.55,2.37,4.6,3.06,6.76,7.53,5.39
3234.18,27,2.25,3.72,1.78,2.23,2.06,3.7,2.35,3.58,2.6,1.44,5.79,3.26,5.97,6.89,5.54,2.34,4.58,3.05,6.74,7.52,5.37
3235.18,27,2.25,3.72,1.8,2.25,2.06,3.69,2.35,3.57,2.61,1.42,5.79,3.25,5.96,6.89,5.52,2.34,4.58,3.02,6.74,7.54,5.38
3236.18,27,2.25,3.71,1.79,2.27,2.06,3.65,2.34,3.56,2.6,1.39,5.77,3.23,5.96,6.87,5.52,2.33,4.57,3.02,6.73,7.52,5.37
3237.18,27,2.24,3.7,1.8,2.28,2.05,3.64,2.34,3.55,2.61,1.37,5.76,3.22,5.93,6.86,5.5,2.31,4.56,3,6.74,7.52,5.37
3238.2,27,2.25,3.69,1.79,2.27,2.04,3.63,2.34,3.55,2.6,1.33,5.76,3.2,5.93,6.86,5.48,2.3,4.55,2.98,6.71,7.51,5.35
3239.2,27,2.24,3.68,1.79,2.28,2.04,3.61,2.34,3.55,2.61,1.31,5.75,3.18,5.92,6.85,5.47,2.27,4.53,2.97,6.71,7.51,5.35
3240.2,27,2.24,3.67,1.79,2.28,2.04,3.59,2.33,3.52,2.6,1.3,5.76,3.16,5.92,6.84,5.46,2.25,4.53,2.95,6.71,7.51,5.34
3241.2,27,2.23,3.64,1.78,2.27,2.02,3.56,2.32,3.51,2.58,1.26,5.74,3.12,5.89,6.82,5.44,2.24,4.5,2.92,6.69,7.5,5.33
3242.2,27,2.24,3.64,1.79,2.28,2.03,3.54,2.32,3.52,2.59,1.25,5.75,3.12,5.9,6.83,5.44,2.23,4.5,2.91,6.7,7.51,5.33
3243.2,27,2.23,3.63,1.76,2.25,2.01,3.51,2.3,3.51,2.57,1.23,5.73,3.09,5.88,6.81,5.4,2.2,4.48,2.89,6.66,7.48,5.31
3244.2,27,2.23,3.62,1.78,2.25,2.02,3.5,2.31,3.5,2.59,1.23,5.73,3.08,5.87,6.81,5.4,2.18,4.48,2.89,6.66,7.48,5.31
3245.2,27,2.23,3.61,1.79,2.25,2.01,3.47,2.3,3.49,2.6,1.23,5.73,3.05,5.87,6.8,5.39,2.16,4.47,2.87,6.65,7.47,5.3
3246.2,27,2.23,3.6,1.78,2.24,2.01,3.46,2.3,3.49,2.58,1.23,5.73,3.03,5.87,6.79,5.38,2.15,4.46,2.85,6.64,7.48,5.31
3247.2,27,2.22,3.58,1.77,2.23,2,3.43,2.29,3.46,2.57,1.22,5.71,3,5.84,6.76,5.36,2.11,4.44,2.82,6.62,7.47,5.28
3248.2,27,2.22,3.58,1.77,2.23,1.99,3.4,2.28,3.46,2.55,1.23,5.72,2.97,5.85,6.76,5.36,2.1,4.42,2.81,6.61,7.46,5.28
3249.2,27,2.22,3.57,1.77,2.23,1.99,3.4,2.29,3.47,2.56,1.23,5.71,2.96,5.84,6.76,5.35,2.1,4.41,2.79,6.62,7.46,5.28
3250.2,27,2.23,3.56,1.78,2.21,1.99,3.37,2.28,3.45,2.56,1.23,5.7,2.95,5.83,6.75,5.33,2.06,4.41,2.77,6.61,7.46,5.27
3251.2,27,2.23,3.55,1.76,2.21,1.97,3.35,2.28,3.43,2.55,1.23,5.68,2.93,5.82,6.74,5.33,2.05,4.41,2.75,6.61,7.45,5.27
3252.22,27,2.22,3.53,1.77,2.2,1.96,3.33,2.28,3.43,2.55,1.22,5.68,2.91,5.82,6.73,5.31,2.03,4.39,2.75,6.59,7.45,5.24
3253.22,27,2.22,3.53,1.78,2.19,1.96,3.32,2.28,3.42,2.55,1.22,5.68,2.89,5.82,6.71,5.3,2.01,4.39,2.74,6.59,7.44,5.26
3254.22,27,2.21,3.51,1.76,2.18,1.95,3.3,2.28,3.41,2.55,1.22,5.68,2.88,5.8,6.7,5.29,1.99,4.37,2.72,6.58,7.45,5.24
3255.22,27,2.21,3.5,1.76,2.17,1.92,3.26,2.26,3.39,2.52,1.21,5.66,2.85,5.79,6.7,5.28,1.97,4.35,2.68,6.55,7.43,5.23
3256.23,27,2.21,3.48,1.76,2.17,1.92,3.25,2.27,3.39,2.53,1.21,5.66,2.84,5.79,6.69,5.27,1.95,4.34,2.69,6.55,7.43,5.23
3257.23,27,2.22,3.47,1.77,2.18,1.92,3.22,2.27,3.38,2.53,1.19,5.67,2.81,5.8,6.69,5.26,1.93,4.34,2.67,6.54,7.44,5.22
3258.23,27,2.21,3.46,1.76,2.16,1.91,3.19,2.25,3.36,2.52,1.19,5.65,2.78,5.77,6.66,5.26,1.91,4.33,2.64,6.52,7.42,5.21
3259.23,27,2.2,3.44,1.75,2.15,1.91,3.16,2.25,3.35,2.52,1.16,5.63,2.76,5.77,6.64,5.23,1.89,4.3,2.61,6.51,7.4,5.2
3260.23,27,2.2,3.43,1.75,2.16,1.9,3.14,2.25,3.34,2.51,1.16,5.62,2.75,5.77,6.62,5.23,1.88,4.3,2.6,6.5,7.4,5.19
3261.25,27,2.21,3.43,1.76,2.15,1.9,3.13,2.25,3.33,2.53,1.16,5.62,2.75,5.76,6.63,5.22,1.86,4.29,2.6,6.5,7.42,5.19
3262.25,27,2.2,3.43,1.75,2.16,1.9,3.1,2.26,3.33,2.51,1.14,5.6,2.73,5.76,6.61,5.22,1.86,4.28,2.58,6.49,7.39,5.19
3263.25,27,2.2,3.39,1.74,2.14,1.89,3.09,2.25,3.31,2.51,1.12,5.59,2.71,5.76,6.6,5.21,1.82,4.27,2.56,6.48,7.38,5.17
3264.25,27,2.21,3.39,1.76,2.15,1.89,3.07,2.25,3.31,2.51,1.13,5.58,2.71,5.76,6.61,5.2,1.82,4.28,2.56,6.48,7.39,5.17
3265.25,27,2.2,3.38,1.75,2.14,1.88,3.05,2.24,3.29,2.49,1.12,5.56,2.68,5.75,6.59,5.19,1.81,4.26,2.53,6.47,7.39,5.16
3266.25,27,2.21,3.36,1.76,2.15,1.89,3.03,2.26,3.3,2.52,1.12,5.57,2.67,5.75,6.59,5.2,1.78,4.26,2.52,6.46,7.39,5.16
3267.25,27,2.2,3.34,1.75,2.13,1.89,2.98,2.23,3.28,2.51,1.11,5.55,2.64,5.75,6.56,5.17,1.77,4.24,2.49,6.46,7.37,5.14
3268.25,27,2.2,3.33,1.75,2.13,1.88,2.96,2.24,3.27,2.5,1.1,5.54,2.63,5.75,6.55,5.15,1.76,4.23,2.48,6.44,7.38,5.12
3269.25,27,2.31,3.32,1.82,2.11,1.88,2.93,2.24,3.26,2.49,1.1,5.53,2.61,5.72,6.54,5.23,1.74,4.21,2.61,6.48,7.39,5.13
3270.25,27,2.72,3.36,2.15,2.11,1.85,2.89,2.26,3.23,2.53,1.21,5.51,2.87,5.7,6.62,5.5,1.72,4.29,3.06,6.71,7.51,5.32
3271.25,27,3.03,3.4,2.39,2.26,1.89,3.12,2.47,3.22,2.76,1.54,5.5,3.32,5.83,6.83,5.68,1.86,4.5,3.34,6.85,7.58,5.46
3272.27,27,3.2,3.44,2.54,2.5,2,3.43,2.69,3.22,3.05,1.84,5.59,3.62,5.95,7.01,5.8,2.18,4.67,3.52,6.95,7.63,5.55
3273.27,27,3.29,3.46,2.6,2.72,2.2,3.64,2.87,3.26,3.23,2.05,5.75,3.81,6.05,7.11,5.87,2.45,4.77,3.63,7.01,7.66,5.59
3274.27,27,3.33,3.48,2.63,2.89,2.38,3.78,2.99,3.33,3.33,2.19,5.93,3.93,6.11,7.19,5.91,2.6,4.84,3.68,7.04,7.68,5.63
3275.27,27,3.37,3.5,2.63,2.98,2.52,3.87,3.06,3.44,3.4,2.27,6.05,4.01,6.15,7.23,5.95,2.72,4.88,3.74,7.05,7.68,5.66
3276.27,27,3.4,3.54,2.64,3.04,2.62,3.95,3.11,3.59,3.45,2.34,6.16,4.06,6.19,7.28,5.97,2.79,4.93,3.77,7.08,7.7,5.67
3277.27,27,3.39,3.56,2.63,3.06,2.68,3.99,3.13,3.68,3.48,2.37,6.2,4.09,6.22,7.28,5.98,2.83,4.96,3.79,7.09,7.7,5.69
3278.27,27,3.37,3.56,2.61,3.07,2.72,4.02,3.13,3.74,3.49,2.39,6.24,4.1,6.23,7.28,5.98,2.86,4.97,3.81,7.08,7.69,5.7
3279.28,27,3.36,3.58,2.6,3.09,2.74,4.05,3.15,3.79,3.49,2.41,6.26,4.12,6.24,7.3,5.98,2.9,4.98,3.82,7.08,7.7,5.7
3280.28,27,3.35,3.6,2.59,3.1,2.75,4.06,3.16,3.8,3.5,2.43,6.27,4.14,6.25,7.3,5.99,2.91,5,3.83,7.09,7.71,5.69
3281.28,27,3.33,3.61,2.57,3.1,2.75,4.08,3.14,3.79,3.49,2.44,6.28,4.13,6.26,7.3,5.99,2.93,5,3.83,7.08,7.69,5.7
3282.28,27,3.31,3.62,2.54,3.1,2.75,4.08,3.15,3.77,3.49,2.43,6.25,4.12,6.26,7.29,5.99,2.93,4.99,3.82,7.09,7.69,5.7
3283.28,27,3.27,3.64,2.52,3.1,2.74,4.07,3.14,3.73,3.46,2.41,6.25,4.12,6.26,7.29,5.98,2.94,4.99,3.82,7.08,7.7,5.7
3284.28,27,3.24,3.65,2.5,3.1,2.75,4.08,3.14,3.7,3.46,2.42,6.24,4.11,6.26,7.29,5.98,2.95,5,3.82,7.09,7.7,5.71
3285.28,27,3.2,3.64,2.47,3.07,2.74,4.06,3.1,3.64,3.45,2.37,6.22,4.08,6.26,7.28,5.96,2.92,4.98,3.79,7.07,7.69,5.69
3286.28,27,3.17,3.65,2.44,3.05,2.72,4.05,3.1,3.61,3.42,2.35,6.2,4.07,6.24,7.26,5.95,2.92,4.96,3.78,7.05,7.67,5.68
3287.3,27,3.15,3.66,2.43,3.04,2.71,4.05,3.09,3.58,3.41,2.35,6.2,4.06,6.25,7.27,5.95,2.92,4.98,3.77,7.05,7.69,5.69
3288.3,27,3.11,3.67,2.41,3.01,2.69,4.04,3.06,3.53,3.38,2.32,6.16,4.04,6.23,7.25,5.95,2.91,4.97,3.74,7.04,7.68,5.68
3289.3,27,3.08,3.67,2.39,2.99,2.69,4.03,3.03,3.49,3.36,2.31,6.16,4.01,6.23,7.23,5.93,2.9,4.95,3.73,7.03,7.67,5.66
3290.3,27,3.07,3.67,2.35,2.97,2.67,4.01,3.02,3.46,3.35,2.28,6.15,4,6.23,7.22,5.92,2.89,4.95,3.71,7.03,7.67,5.67
3291.32,27,3.02,3.69,2.34,2.94,2.65,4.01,2.99,3.42,3.33,2.24,6.14,3.97,6.2,7.22,5.9,2.87,4.93,3.69,7.01,7.67,5.65
3292.32,27,2.99,3.68,2.31,2.91,2.63,3.99,2.95,3.38,3.31,2.23,6.12,3.95,6.19,7.21,5.9,2.85,4.93,3.67,7,7.66,5.64
3293.32,27,2.95,3.69,2.29,2.9,2.6,3.98,2.93,3.36,3.31,2.2,6.11,3.93,6.19,7.2,5.89,2.84,4.92,3.65,7,7.64,5.64
3294.32,27,2.93,3.7,2.26,2.86,2.58,3.96,2.91,3.33,3.27,2.17,6.09,3.91,6.17,7.18,5.89,2.83,4.9,3.64,7,7.64,5.62
3295.32,27,2.91,3.71,2.23,2.85,2.57,3.96,2.88,3.33,3.27,2.14,6.09,3.9,6.17,7.18,5.88,2.82,4.9,3.62,6.99,7.64,5.63
3296.32,27,2.88,3.69,2.22,2.82,2.54,3.94,2.85,3.31,3.24,2.11,6.05,3.88,6.16,7.17,5.87,2.79,4.88,3.61,6.98,7.64,5.6
3297.32,27,2.84,3.7,2.17,2.78,2.51,3.91,2.81,3.3,3.22,2.07,6.03,3.85,6.14,7.16,5.85,2.78,4.85,3.57,6.94,7.63,5.59
3298.33,27,2.81,3.7,2.16,2.77,2.5,3.91,2.79,3.28,3.21,2.04,6.03,3.84,6.14,7.13,5.84,2.76,4.87,3.56,6.94,7.62,5.58
3299.33,27,2.78,3.69,2.13,2.74,2.47,3.9,2.76,3.29,3.18,2.01,6.01,3.81,6.14,7.12,5.84,2.75,4.85,3.54,6.94,7.61,5.58
3300.33,27,2.75,3.69,2.11,2.7,2.45,3.88,2.74,3.29,3.15,1.98,6,3.79,6.13,7.11,5.83,2.74,4.83,3.51,6.93,7.62,5.56
3301.33,27,2.71,3.69,2.09,2.68,2.43,3.87,2.72,3.28,3.13,1.95,5.99,3.78,6.11,7.11,5.82,2.71,4.82,3.5,6.92,7.61,5.56
3302.33,27,2.69,3.7,2.06,2.64,2.41,3.86,2.69,3.3,3.12,1.92,5.98,3.77,6.1,7.1,5.81,2.69,4.81,3.47,6.9,7.61,5.55
3303.33,27,2.63,3.67,2.02,2.6,2.37,3.85,2.65,3.29,3.1,1.89,5.93,3.72,6.06,7.08,5.79,2.68,4.79,3.44,6.87,7.6,5.53
3304.33,27,2.6,3.69,2.01,2.59,2.36,3.86,2.64,3.3,3.08,1.86,5.95,3.72,6.07,7.08,5.79,2.66,4.78,3.43,6.89,7.6,5.53
3305.33,27,2.56,3.67,1.97,2.56,2.34,3.83,2.6,3.29,3.06,1.81,5.92,3.69,6.05,7.07,5.75,2.63,4.77,3.41,6.85,7.59,5.52
3306.35,27,2.54,3.67,1.95,2.53,2.31,3.82,2.59,3.29,3.04,1.77,5.91,3.67,6.03,7.07,5.75,2.61,4.74,3.38,6.85,7.59,5.51
3307.35,27,2.5,3.67,1.94,2.5,2.29,3.81,2.56,3.3,3.01,1.74,5.89,3.64,6.02,7.04,5.73,2.59,4.74,3.35,6.84,7.58,5.51
3308.35,27,2.46,3.66,1.9,2.47,2.26,3.79,2.52,3.3,2.97,1.7,5.88,3.61,6,7.03,5.72,2.56,4.72,3.33,6.81,7.56,5.49
3309.35,27,2.42,3.66,1.89,2.44,2.25,3.79,2.5,3.31,2.96,1.66,5.88,3.6,5.99,7.02,5.71,2.56,4.71,3.31,6.82,7.58,5.48
3310.35,27,2.39,3.65,1.87,2.41,2.23,3.77,2.47,3.3,2.94,1.62,5.85,3.56,5.97,7,5.7,2.52,4.69,3.28,6.8,7.56,5.46
3311.35,27,2.36,3.65,1.86,2.39,2.22,3.76,2.45,3.32,2.92,1.58,5.85,3.52,5.96,6.98,5.68,2.49,4.68,3.26,6.79,7.56,5.46
3312.35,27,2.34,3.65,1.85,2.37,2.2,3.75,2.42,3.31,2.9,1.56,5.83,3.5,5.96,6.98,5.67,2.47,4.66,3.24,6.79,7.55,5.46
3313.35,27,2.32,3.64,1.83,2.34,2.18,3.74,2.4,3.31,2.88,1.53,5.82,3.46,5.92,6.95,5.66,2.46,4.64,3.22,6.76,7.53,5.44
3314.37,27,2.28,3.64,1.81,2.31,2.15,3.71,2.37,3.31,2.86,1.49,5.8,3.42,5.91,6.93,5.64,2.42,4.62,3.18,6.74,7.53,5.43
3315.37,27,2.29,3.63,1.82,2.3,2.16,3.71,2.36,3.32,2.84,1.47,5.79,3.38,5.91,6.94,5.63,2.41,4.62,3.17,6.75,7.53,5.44
3316.37,27,2.27,3.61,1.82,2.27,2.14,3.69,2.34,3.31,2.81,1.44,5.79,3.36,5.89,6.92,5.63,2.38,4.6,3.14,6.73,7.51,5.43
3317.37,27,2.25,3.62,1.8,2.26,2.12,3.68,2.33,3.32,2.79,1.41,5.76,3.31,5.88,6.91,5.59,2.35,4.58,3.11,6.72,7.52,5.42
3318.37,27,2.23,3.6,1.79,2.23,2.11,3.67,2.32,3.3,2.77,1.39,5.74,3.29,5.88,6.9,5.58,2.33,4.57,3.1,6.72,7.53,5.4
3319.37,27,2.23,3.59,1.78,2.22,2.11,3.65,2.31,3.3,2.75,1.37,5.72,3.24,5.86,6.87,5.57,2.3,4.55,3.08,6.7,7.52,5.39
3320.37,27,2.21,3.59,1.78,2.2,2.09,3.64,2.3,3.28,2.72,1.33,5.7,3.18,5.85,6.86,5.53,2.27,4.53,3.05,6.68,7.5,5.37
3321.38,27,2.22,3.57,1.77,2.19,2.09,3.64,2.3,3.28,2.69,1.31,5.69,3.14,5.85,6.84,5.52,2.24,4.53,3.03,6.69,7.5,5.36
3322.38,27,2.22,3.56,1.78,2.19,2.09,3.63,2.29,3.28,2.68,1.31,5.69,3.14,5.84,6.84,5.53,2.23,4.51,3.01,6.69,7.5,5.37
3323.38,27,2.22,3.55,1.76,2.17,2.07,3.62,2.29,3.27,2.67,1.31,5.67,3.1,5.83,6.83,5.52,2.21,4.48,2.99,6.66,7.5,5.36
3324.38,27,2.23,3.55,1.77,2.17,2.07,3.6,2.29,3.26,2.65,1.31,5.67,3.07,5.84,6.82,5.5,2.19,4.48,2.98,6.68,7.48,5.35
3325.4,27,2.21,3.53,1.76,2.15,2.06,3.59,2.28,3.26,2.63,1.31,5.65,3.05,5.84,6.81,5.49,2.15,4.46,2.96,6.65,7.48,5.33
3326.4,27,2.23,3.53,1.77,2.16,2.06,3.59,2.29,3.25,2.62,1.31,5.64,3.02,5.84,6.81,5.49,2.14,4.48,2.93,6.66,7.48,5.33
3327.4,27,2.22,3.52,1.77,2.15,2.05,3.57,2.28,3.24,2.6,1.31,5.63,3,5.83,6.8,5.48,2.11,4.46,2.93,6.65,7.48,5.34
3328.4,27,2.21,3.5,1.75,2.13,2.03,3.54,2.27,3.22,2.59,1.3,5.6,2.96,5.81,6.77,5.45,2.09,4.43,2.9,6.64,7.46,5.32
3329.42,27,2.21,3.5,1.75,2.13,2.01,3.53,2.27,3.21,2.57,1.3,5.58,2.94,5.81,6.77,5.44,2.07,4.41,2.88,6.62,7.47,5.31
3330.42,27,2.21,3.48,1.76,2.11,2,3.52,2.25,3.2,2.55,1.29,5.57,2.91,5.8,6.75,5.44,2.05,4.41,2.86,6.62,7.46,5.3
3331.42,27,2.21,3.47,1.75,2.12,2,3.5,2.27,3.19,2.54,1.28,5.56,2.91,5.82,6.75,5.43,2.02,4.39,2.85,6.6,7.47,5.29
3332.42,27,2.23,3.46,1.75,2.11,1.98,3.5,2.26,3.19,2.54,1.26,5.55,2.87,5.8,6.75,5.42,2.02,4.38,2.83,6.61,7.46,5.29
3333.42,27,2.22,3.45,1.74,2.11,1.99,3.49,2.27,3.16,2.53,1.26,5.54,2.86,5.8,6.74,5.4,2.01,4.37,2.81,6.59,7.46,5.29
3334.42,27,2.21,3.45,1.76,2.12,1.97,3.48,2.26,3.16,2.52,1.25,5.54,2.85,5.79,6.73,5.39,1.99,4.36,2.8,6.58,7.46,5.28
3335.43,27,2.2,3.44,1.73,2.11,1.97,3.46,2.24,3.15,2.51,1.23,5.51,2.82,5.77,6.71,5.36,1.96,4.33,2.77,6.56,7.44,5.25
3336.45,27,2.21,3.42,1.74,2.11,1.95,3.45,2.25,3.14,2.49,1.23,5.51,2.8,5.76,6.7,5.35,1.94,4.34,2.75,6.56,7.43,5.26
3337.45,27,2.21,3.42,1.75,2.11,1.95,3.44,2.25,3.14,2.5,1.21,5.5,2.79,5.74,6.7,5.34,1.93,4.33,2.74,6.55,7.44,5.25
3338.45,27,2.21,3.42,1.74,2.1,1.94,3.42,2.25,3.13,2.49,1.2,5.5,2.78,5.75,6.69,5.33,1.91,4.31,2.72,6.54,7.44,5.24
3339.45,27,2.21,3.41,1.75,2.11,1.92,3.41,2.24,3.13,2.51,1.19,5.48,2.78,5.74,6.69,5.33,1.91,4.3,2.7,6.54,7.43,5.23
3340.45,27,2.21,3.4,1.75,2.1,1.93,3.4,2.25,3.13,2.5,1.18,5.49,2.78,5.74,6.69,5.31,1.91,4.3,2.69,6.53,7.43,5.24
3341.45,27,2.22,3.4,1.75,2.1,1.92,3.38,2.25,3.11,2.51,1.16,5.47,2.77,5.74,6.66,5.3,1.88,4.27,2.66,6.52,7.42,5.21
3342.45,27,2.21,3.38,1.74,2.09,1.91,3.36,2.24,3.1,2.51,1.15,5.46,2.75,5.72,6.65,5.27,1.87,4.26,2.64,6.5,7.42,5.21
3343.47,27,2.2,3.37,1.74,2.09,1.91,3.35,2.24,3.1,2.52,1.12,5.46,2.74,5.71,6.65,5.27,1.85,4.26,2.63,6.5,7.4,5.2
3344.47,27,2.21,3.36,1.75,2.09,1.89,3.33,2.23,3.09,2.54,1.11,5.45,2.74,5.7,6.64,5.25,1.85,4.24,2.61,6.48,7.4,5.2
3345.48,27,2.2,3.35,1.75,2.09,1.9,3.33,2.24,3.09,2.55,1.09,5.44,2.72,5.69,6.63,5.24,1.83,4.23,2.6,6.49,7.4,5.19
3346.5,27,2.2,3.33,1.74,2.08,1.87,3.29,2.23,3.08,2.55,1.08,5.44,2.71,5.69,6.61,5.22,1.82,4.22,2.56,6.46,7.38,5.16
3347.5,27,2.2,3.33,1.75,2.07,1.87,3.28,2.24,3.07,2.55,1.08,5.43,2.7,5.68,6.62,5.21,1.82,4.22,2.56,6.46,7.38,5.16
3348.5,27,2.19,3.32,1.75,2.08,1.87,3.26,2.23,3.06,2.56,1.06,5.43,2.69,5.66,6.6,5.19,1.8,4.2,2.54,6.44,7.38,5.15
3349.5,27,2.19,3.32,1.75,2.09,1.87,3.25,2.23,3.07,2.57,1.06,5.42,2.68,5.67,6.6,5.19,1.81,4.2,2.53,6.43,7.38,5.15
3350.5,27,2.2,3.31,1.75,2.08,1.87,3.23,2.23,3.07,2.57,1.07,5.42,2.66,5.65,6.59,5.16,1.8,4.18,2.52,6.44,7.38,5.14
3351.5,27,2.2,3.29,1.75,2.09,1.87,3.21,2.23,3.06,2.57,1.06,5.4,2.65,5.65,6.59,5.16,1.79,4.17,2.5,6.42,7.37,5.13
3352.5,27,2.18,3.27,1.73,2.07,1.86,3.18,2.22,3.04,2.57,1.03,5.38,2.62,5.63,6.56,5.13,1.77,4.15,2.47,6.4,7.36,5.11
3353.5,27,2.16,3.27,1.72,2.07,1.84,3.15,2.23,3.03,2.55,1.02,5.39,2.6,5.62,6.55,5.12,1.74,4.14,2.46,6.39,7.36,5.1
3354.5,27,2.19,3.26,1.75,2.08,1.86,3.15,2.22,3.03,2.55,1.03,5.4,2.6,5.62,6.56,5.13,1.73,4.15,2.46,6.39,7.36,5.11
3355.5,27,2.18,3.25,1.74,2.08,1.85,3.11,2.22,3.01,2.55,1.03,5.39,2.59,5.62,6.54,5.11,1.72,4.13,2.44,6.39,7.36,5.1
3356.5,27,2.18,3.23,1.74,2.08,1.85,3.1,2.21,3.01,2.54,1.02,5.37,2.58,5.59,6.53,5.09,1.7,4.12,2.41,6.37,7.34,5.08
3357.5,27,2.19,3.23,1.75,2.09,1.85,3.09,2.22,3,2.54,1.02,5.37,2.58,5.59,6.52,5.1,1.7,4.12,2.42,6.36,7.34,5.08
3358.52,27,2.17,3.21,1.74,2.08,1.84,3.05,2.21,2.99,2.53,1.03,5.36,2.56,5.57,6.52,5.08,1.67,4.1,2.38,6.36,7.34,5.07
3359.52,27,2.18,3.2,1.74,2.09,1.84,3.04,2.21,2.97,2.53,1.03,5.37,2.55,5.58,6.51,5.07,1.66,4.1,2.37,6.33,7.34,5.07
3360.52,27,2.17,3.18,1.73,2.08,1.83,2.99,2.2,2.97,2.51,1.01,5.34,2.53,5.55,6.48,5.05,1.64,4.07,2.34,6.32,7.32,5.04
3361.52,27,2.17,3.19,1.73,2.08,1.84,2.98,2.2,2.96,2.51,1.02,5.34,2.52,5.55,6.5,5.05,1.62,4.08,2.35,6.32,7.32,5.05
3362.52,27,2.17,3.16,1.74,2.08,1.83,2.96,2.2,2.95,2.49,1.02,5.34,2.51,5.53,6.47,5.04,1.61,4.07,2.34,6.31,7.32,5.03
3363.52,27,2.17,3.14,1.73,2.07,1.82,2.93,2.2,2.94,2.49,1.01,5.33,2.49,5.53,6.46,5.02,1.59,4.05,2.32,6.29,7.3,5.01
3364.52,27,2.18,3.14,1.74,2.07,1.82,2.91,2.21,2.93,2.49,1.01,5.32,2.49,5.52,6.44,5.01,1.58,4.04,2.3,6.28,7.31,5.01
3365.52,27,2.17,3.13,1.73,2.08,1.82,2.89,2.19,2.92,2.47,1.01,5.3,2.48,5.51,6.44,5,1.55,4.02,2.28,6.27,7.3,5.01
3366.52,27,2.17,3.12,1.73,2.08,1.82,2.86,2.18,2.91,2.47,1,5.3,2.47,5.5,6.42,4.98,1.55,4.01,2.28,6.26,7.3,5
3367.52,27,2.17,3.1,1.72,2.07,1.82,2.84,2.19,2.9,2.46,1,5.29,2.47,5.49,6.42,4.97,1.54,4.01,2.25,6.25,7.29,4.98
3368.53,27,2.18,3.1,1.72,2.07,1.82,2.81,2.2,2.91,2.47,1,5.29,2.46,5.48,6.41,4.97,1.53,4,2.24,6.25,7.29,5
3369.53,27,2.17,3.1,1.73,2.07,1.81,2.78,2.19,2.9,2.47,0.99,5.29,2.45,5.48,6.41,4.97,1.51,3.98,2.23,6.25,7.29,4.97
3370.53,27,2.17,3.07,1.73,2.06,1.81,2.77,2.18,2.88,2.47,0.99,5.26,2.45,5.47,6.39,4.96,1.49,3.98,2.23,6.22,7.29,4.97
3371.53,27,2.16,3.05,1.71,2.06,1.8,2.74,2.18,2.86,2.46,0.98,5.26,2.44,5.45,6.38,4.93,1.48,3.95,2.21,6.22,7.28,4.96
3372.53,27,2.18,3.07,1.74,2.06,1.8,2.73,2.18,2.86,2.47,0.99,5.26,2.45,5.44,6.38,4.94,1.47,3.96,2.21,6.23,7.28,4.95
3373.53,27,2.17,3.05,1.73,2.05,1.8,2.71,2.18,2.84,2.44,0.98,5.25,2.42,5.43,6.36,4.92,1.47,3.93,2.19,6.19,7.26,4.93
3374.53,27,2.17,3.05,1.73,2.06,1.81,2.69,2.19,2.85,2.47,0.99,5.24,2.43,5.44,6.36,4.92,1.47,3.94,2.18,6.19,7.28,4.94
3375.53,27,2.16,3.04,1.73,2.06,1.8,2.65,2.18,2.83,2.46,0.96,5.23,2.41,5.43,6.35,4.91,1.46,3.91,2.17,6.17,7.26,4.93
3376.53,27,2.15,3.01,1.72,2.05,1.78,2.63,2.16,2.82,2.45,0.97,5.21,2.4,5.4,6.33,4.89,1.43,3.89,2.15,6.16,7.25,4.91
3377.53,27,2.17,3.01,1.72,2.05,1.79,2.62,2.16,2.81,2.45,0.96,5.21,2.41,5.39,6.31,4.89,1.44,3.88,2.14,6.16,7.26,4.91
3378.53,27,2.17,2.98,1.74,2.06,1.79,2.6,2.18,2.81,2.46,0.97,5.2,2.4,5.4,6.31,4.87,1.43,3.89,2.13,6.16,7.26,4.91
3379.55,27,2.17,3,1.72,2.05,1.78,2.59,2.17,2.79,2.44,0.97,5.2,2.39,5.37,6.3,4.85,1.42,3.87,2.13,6.14,7.26,4.9
3380.55,27,2.17,2.98,1.73,2.04,1.78,2.57,2.17,2.79,2.45,0.95,5.16,2.39,5.38,6.29,4.87,1.4,3.85,2.11,6.13,7.26,4.89
3381.55,27,2.18,2.97,1.74,2.05,1.79,2.55,2.17,2.78,2.46,0.97,5.16,2.38,5.38,6.28,4.85,1.4,3.84,2.11,6.13,7.26,4.89
3382.55,27,2.16,2.96,1.72,2.04,1.78,2.52,2.15,2.75,2.45,0.95,5.15,2.37,5.35,6.25,4.83,1.39,3.83,2.09,6.12,7.23,4.88
3383.55,27,2.18,2.95,1.73,2.05,1.79,2.51,2.18,2.75,2.45,0.96,5.15,2.37,5.36,6.27,4.83,1.39,3.83,2.08,6.12,7.23,4.87
3384.55,27,2.16,2.94,1.73,2.04,1.79,2.5,2.17,2.75,2.44,0.95,5.15,2.36,5.35,6.25,4.82,1.39,3.81,2.07,6.11,7.25,4.87
3385.55,27,2.15,2.92,1.72,2.03,1.78,2.49,2.15,2.75,2.44,0.95,5.12,2.35,5.32,6.23,4.79,1.37,3.8,2.04,6.1,7.23,4.84
3386.55,27,2.16,2.93,1.73,2.04,1.79,2.48,2.16,2.75,2.44,0.95,5.12,2.35,5.34,6.24,4.8,1.37,3.8,2.04,6.09,7.22,4.85
3387.55,27,2.14,2.91,1.72,2.04,1.79,2.47,2.15,2.73,2.43,0.95,5.11,2.34,5.33,6.2,4.78,1.35,3.79,2.02,6.07,7.22,4.84
3388.57,27,2.16,2.91,1.72,2.04,1.79,2.47,2.15,2.73,2.45,0.95,5.1,2.34,5.31,6.22,4.78,1.35,3.77,2.02,6.09,7.22,4.85
3389.57,27,2.15,2.89,1.72,2.03,1.78,2.47,2.15,2.7,2.43,0.95,5.09,2.34,5.31,6.19,4.76,1.33,3.74,2.01,6.05,7.21,4.82
3390.57,27,2.16,2.9,1.72,2.04,1.8,2.47,2.15,2.71,2.43,0.95,5.08,2.34,5.32,6.18,4.77,1.34,3.75,2,6.05,7.21,4.83
3391.57,27,2.16,2.89,1.72,2.04,1.78,2.47,2.15,2.7,2.42,0.95,5.07,2.33,5.3,6.18,4.76,1.31,3.74,1.99,6.05,7.22,4.82
3392.57,27,2.15,2.87,1.71,2.02,1.79,2.47,2.13,2.69,2.41,0.94,5.07,2.31,5.29,6.18,4.74,1.31,3.73,1.96,6.03,7.2,4.81
3393.57,27,2.16,2.87,1.72,2.04,1.78,2.47,2.14,2.69,2.42,0.95,5.06,2.31,5.29,6.17,4.75,1.31,3.72,1.96,6.03,7.21,4.82
3394.57,27,2.16,2.85,1.72,2.04,1.78,2.47,2.14,2.67,2.42,0.94,5.05,2.31,5.27,6.16,4.73,1.3,3.71,1.95,6.01,7.19,4.81
3395.57,27,2.16,2.84,1.72,2.04,1.79,2.47,2.15,2.67,2.42,0.95,5.05,2.3,5.27,6.14,4.73,1.28,3.7,1.94,6,7.2,4.81
3396.57,27,2.16,2.84,1.72,2.04,1.78,2.47,2.15,2.66,2.44,0.95,5.03,2.31,5.27,6.14,4.74,1.28,3.69,1.94,6.01,7.19,4.8
3397.57,27,2.15,2.84,1.73,2.03,1.79,2.47,2.15,2.64,2.43,0.94,5.03,2.3,5.26,6.14,4.73,1.25,3.68,1.93,5.99,7.19,4.8
3398.58,27,2.16,2.82,1.72,2.03,1.79,2.45,2.14,2.63,2.42,0.94,5.01,2.3,5.25,6.12,4.72,1.24,3.66,1.91,5.98,7.2,4.79
3399.58,27,2.16,2.83,1.72,2.03,1.79,2.45,2.15,2.63,2.44,0.95,5.01,2.3,5.25,6.12,4.73,1.25,3.66,1.91,5.98,7.19,4.8
3400.58,27,2.16,2.82,1.72,2.03,1.78,2.43,2.14,2.62,2.43,0.94,5,2.28,5.24,6.1,4.71,1.23,3.65,1.91,5.97,7.19,4.79
3401.58,27,2.16,2.81,1.72,2.03,1.79,2.43,2.15,2.61,2.43,0.94,4.99,2.29,5.23,6.1,4.71,1.23,3.65,1.91,5.97,7.2,4.78
3402.6,27,2.16,2.79,1.72,2.03,1.78,2.42,2.15,2.6,2.42,0.92,4.98,2.28,5.23,6.09,4.72,1.22,3.64,1.91,5.97,7.19,4.78
3403.6,27,2.16,2.79,1.71,2.02,1.78,2.41,2.14,2.6,2.41,0.93,4.97,2.27,5.22,6.09,4.71,1.21,3.63,1.91,5.95,7.18,4.78
3404.6,27,2.17,2.79,1.72,2.03,1.8,2.39,2.15,2.6,2.43,0.94,4.97,2.28,5.22,6.06,4.71,1.2,3.62,1.91,5.95,7.19,4.77
3405.6,27,2.16,2.78,1.72,2.03,1.79,2.4,2.15,2.59,2.43,0.94,4.97,2.28,5.22,6.07,4.71,1.19,3.62,1.91,5.95,7.19,4.78
3406.6,27,2.16,2.77,1.72,2.02,1.78,2.37,2.15,2.57,2.42,0.93,4.95,2.27,5.2,6.04,4.69,1.18,3.6,1.9,5.93,7.17,4.76
3407.62,27,2.17,2.77,1.72,2.03,1.79,2.37,2.15,2.57,2.43,0.94,4.94,2.27,5.21,6.05,4.7,1.17,3.6,1.9,5.93,7.19,4.77
3408.62,27,2.16,2.75,1.72,2.03,1.79,2.36,2.15,2.56,2.43,0.93,4.93,2.27,5.2,6.03,4.7,1.16,3.59,1.89,5.92,7.18,4.76
3409.62,27,2.17,2.76,1.72,2.04,1.79,2.36,2.16,2.56,2.44,0.94,4.92,2.27,5.19,6.04,4.7,1.17,3.58,1.9,5.93,7.18,4.77
3410.62,27,2.15,2.75,1.72,2.03,1.79,2.35,2.15,2.54,2.43,0.94,4.91,2.24,5.17,6.03,4.69,1.16,3.57,1.89,5.92,7.17,4.75
3411.62,27,2.16,2.74,1.72,2.02,1.78,2.34,2.14,2.54,2.44,0.93,4.9,2.26,5.17,6.01,4.67,1.14,3.56,1.88,5.9,7.18,4.76
3412.62,27,2.16,2.73,1.72,2.02,1.79,2.34,2.14,2.53,2.43,0.93,4.9,2.25,5.17,6.02,4.69,1.14,3.56,1.88,5.89,7.17,4.76
3413.62,27,2.16,2.72,1.72,2.02,1.79,2.33,2.14,2.5,2.44,0.92,4.88,2.25,5.15,6,4.69,1.12,3.54,1.92,5.9,7.16,4.73
3414.62,27,2.53,2.77,1.96,2.03,1.78,2.36,2.16,2.51,2.44,0.96,4.88,2.36,5.19,6.02,5.05,1.11,3.62,2.48,6.25,7.3,5.01
3415.62,27,2.83,2.82,2.18,2.19,1.82,2.7,2.34,2.47,2.65,1.24,4.88,2.86,5.42,6.32,5.32,1.23,3.96,2.9,6.51,7.42,5.21
3416.63,27,3.02,2.89,2.3,2.42,1.92,3.03,2.55,2.47,2.89,1.56,4.95,3.21,5.64,6.56,5.49,1.62,4.21,3.13,6.64,7.48,5.34
3417.63,27,3.12,2.91,2.36,2.62,2.11,3.24,2.72,2.47,3.06,1.79,5.15,3.41,5.77,6.74,5.58,1.94,4.38,3.28,6.75,7.53,5.42
3418.63,27,3.18,2.93,2.38,2.75,2.26,3.37,2.84,2.51,3.17,1.91,5.36,3.55,5.87,6.83,5.64,2.16,4.47,3.35,6.77,7.54,5.46
3419.63,27,3.2,2.96,2.38,2.85,2.39,3.47,2.91,2.61,3.23,2,5.53,3.62,5.92,6.91,5.66,2.29,4.55,3.4,6.82,7.55,5.5
3420.65,27,3.22,2.99,2.39,2.91,2.48,3.55,2.97,2.75,3.27,2.07,5.64,3.68,5.98,6.98,5.71,2.4,4.61,3.45,6.85,7.58,5.54
3421.65,27,3.21,3.03,2.36,2.93,2.53,3.58,3,2.84,3.28,2.11,5.72,3.71,6.01,6.99,5.72,2.45,4.63,3.47,6.87,7.58,5.54
3422.65,27,3.19,3.04,2.34,2.93,2.57,3.61,3.01,2.91,3.27,2.12,5.75,3.73,6.02,7.01,5.72,2.48,4.65,3.49,6.89,7.58,5.53
3423.65,27,3.16,3.07,2.33,2.94,2.59,3.63,3.02,2.93,3.28,2.12,5.79,3.73,6.02,7.02,5.72,2.52,4.68,3.5,6.89,7.58,5.54
3424.65,27,3.13,3.09,2.31,2.95,2.6,3.64,3.02,2.94,3.27,2.13,5.8,3.73,6.04,7.04,5.74,2.55,4.68,3.51,6.89,7.59,5.55
3425.65,27,3.1,3.1,2.29,2.95,2.59,3.64,3.02,2.93,3.25,2.12,5.79,3.73,6.05,7.03,5.72,2.56,4.68,3.5,6.89,7.59,5.55
3426.67,27,3.07,3.13,2.26,2.93,2.59,3.63,2.99,2.89,3.21,2.11,5.77,3.71,6.05,7.04,5.73,2.57,4.68,3.5,6.89,7.58,5.55
3427.67,27,3.04,3.13,2.23,2.91,2.58,3.63,2.97,2.86,3.2,2.09,5.76,3.69,6.04,7.02,5.73,2.57,4.69,3.49,6.87,7.58,5.55
3428.67,27,2.99,3.16,2.22,2.91,2.58,3.62,2.95,2.82,3.17,2.08,5.74,3.67,6.03,7.02,5.71,2.57,4.69,3.48,6.89,7.59,5.55
3429.67,27,2.93,3.16,2.18,2.87,2.54,3.59,2.93,2.76,3.15,2.04,5.72,3.64,6.02,7.01,5.69,2.55,4.67,3.46,6.86,7.56,5.53
3430.67,27,2.91,3.18,2.16,2.85,2.52,3.57,2.9,2.72,3.12,2.03,5.71,3.64,6.02,7,5.69,2.55,4.66,3.44,6.84,7.56,5.53
3431.68,27,2.89,3.19,2.14,2.84,2.51,3.56,2.9,2.7,3.12,2.01,5.69,3.62,6.03,7,5.7,2.55,4.67,3.44,6.84,7.58,5.52
3432.68,27,2.84,3.2,2.11,2.82,2.49,3.55,2.87,2.66,3.09,1.98,5.68,3.6,6.01,6.98,5.68,2.52,4.65,3.4,6.83,7.56,5.51
3433.68,27,2.82,3.2,2.09,2.79,2.47,3.53,2.84,2.64,3.07,1.95,5.66,3.58,6,6.96,5.67,2.5,4.64,3.39,6.82,7.55,5.49
3434.68,27,2.79,3.21,2.07,2.76,2.46,3.51,2.81,2.61,3.05,1.92,5.63,3.55,5.99,6.95,5.65,2.49,4.62,3.36,6.82,7.54,5.49
3435.68,27,2.76,3.22,2.05,2.75,2.43,3.49,2.79,2.6,3.01,1.9,5.62,3.53,5.99,6.94,5.65,2.47,4.63,3.35,6.81,7.54,5.49
3436.7,27,2.73,3.22,2.02,2.71,2.41,3.48,2.76,2.59,3.01,1.86,5.59,3.5,5.98,6.93,5.64,2.45,4.61,3.33,6.79,7.53,5.47
3437.7,27,2.7,3.21,2.01,2.67,2.39,3.45,2.73,2.59,2.96,1.82,5.57,3.48,5.96,6.92,5.62,2.43,4.58,3.31,6.77,7.52,5.45
3438.7,27,2.69,3.24,2,2.66,2.36,3.43,2.72,2.59,2.96,1.81,5.57,3.47,5.97,6.92,5.6,2.42,4.58,3.29,6.76,7.53,5.45
3439.72,27,2.64,3.24,1.97,2.62,2.34,3.41,2.67,2.58,2.91,1.76,5.54,3.43,5.93,6.89,5.59,2.39,4.56,3.27,6.74,7.51,5.43
3440.72,27,2.61,3.24,1.94,2.6,2.31,3.4,2.65,2.59,2.92,1.72,5.52,3.4,5.93,6.87,5.58,2.36,4.56,3.24,6.75,7.5,5.43
3441.72,27,2.59,3.23,1.92,2.57,2.28,3.39,2.63,2.59,2.89,1.7,5.51,3.39,5.91,6.87,5.57,2.35,4.54,3.22,6.73,7.51,5.43
3442.72,27,2.57,3.25,1.91,2.55,2.27,3.38,2.61,2.6,2.88,1.68,5.5,3.37,5.92,6.87,5.56,2.34,4.54,3.2,6.73,7.51,5.43
3443.72,27,2.52,3.24,1.9,2.52,2.24,3.36,2.59,2.6,2.85,1.64,5.47,3.35,5.89,6.85,5.55,2.32,4.52,3.19,6.71,7.5,5.4
3444.73,27,2.5,3.25,1.88,2.48,2.22,3.35,2.56,2.61,2.84,1.63,5.47,3.33,5.88,6.85,5.55,2.31,4.52,3.17,6.71,7.5,5.39
3445.73,27,2.47,3.24,1.86,2.46,2.18,3.33,2.51,2.62,2.81,1.58,5.44,3.32,5.87,6.83,5.53,2.28,4.49,3.12,6.69,7.48,5.37
3446.73,27,2.46,3.25,1.86,2.43,2.17,3.33,2.5,2.63,2.8,1.57,5.45,3.3,5.86,6.83,5.53,2.27,4.49,3.11,6.68,7.48,5.38
3447.73,27,2.43,3.24,1.86,2.4,2.15,3.33,2.47,2.65,2.79,1.55,5.45,3.29,5.85,6.82,5.51,2.25,4.48,3.1,6.68,7.48,5.38
3448.73,27,2.41,3.25,1.83,2.38,2.12,3.31,2.45,2.65,2.78,1.51,5.43,3.27,5.85,6.81,5.51,2.23,4.46,3.09,6.65,7.47,5.35
3449.73,27,2.39,3.25,1.83,2.34,2.1,3.3,2.42,2.65,2.75,1.48,5.42,3.23,5.84,6.79,5.48,2.21,4.45,3.06,6.64,7.47,5.35
3450.75,27,2.37,3.24,1.83,2.33,2.08,3.29,2.39,2.66,2.75,1.47,5.4,3.2,5.83,6.79,5.49,2.2,4.43,3.04,6.63,7.47,5.34
3451.75,27,2.34,3.24,1.82,2.3,2.05,3.28,2.36,2.67,2.74,1.43,5.4,3.18,5.82,6.77,5.48,2.17,4.43,3.02,6.62,7.46,5.33
3452.75,27,2.34,3.24,1.82,2.29,2.04,3.28,2.36,2.66,2.72,1.41,5.37,3.16,5.81,6.75,5.46,2.15,4.41,3.01,6.62,7.46,5.32
3453.75,27,2.32,3.22,1.82,2.24,2.03,3.24,2.32,2.66,2.7,1.36,5.36,3.14,5.77,6.74,5.44,2.12,4.4,2.98,6.59,7.44,5.3
3454.77,27,2.3,3.23,1.82,2.23,2.01,3.23,2.3,2.67,2.69,1.34,5.36,3.11,5.77,6.73,5.42,2.11,4.38,2.96,6.56,7.43,5.29
3455.77,27,2.29,3.23,1.81,2.21,2.01,3.23,2.29,2.66,2.69,1.31,5.34,3.1,5.76,6.71,5.42,2.09,4.38,2.93,6.55,7.43,5.29
3456.77,27,2.29,3.22,1.8,2.19,2,3.21,2.28,2.66,2.66,1.28,5.34,3.06,5.74,6.7,5.4,2.05,4.36,2.91,6.55,7.43,5.28
3457.77,27,2.26,3.21,1.79,2.17,1.98,3.2,2.26,2.65,2.65,1.25,5.33,3.03,5.72,6.69,5.38,2.03,4.34,2.89,6.53,7.42,5.27
3458.77,27,2.26,3.22,1.8,2.16,1.99,3.19,2.25,2.66,2.64,1.23,5.32,3.02,5.73,6.68,5.38,2.02,4.33,2.88,6.52,7.43,5.26
3459.77,27,2.26,3.21,1.8,2.14,1.98,3.18,2.23,2.64,2.62,1.21,5.32,2.97,5.7,6.65,5.36,1.99,4.31,2.86,6.52,7.4,5.25
3460.77,27,2.24,3.19,1.78,2.12,1.96,3.16,2.23,2.63,2.61,1.17,5.3,2.94,5.68,6.63,5.34,1.96,4.28,2.82,6.49,7.4,5.23
3461.77,27,2.24,3.19,1.79,2.12,1.97,3.16,2.23,2.63,2.61,1.16,5.3,2.93,5.68,6.63,5.34,1.95,4.28,2.82,6.5,7.4,5.23
3462.77,27,2.22,3.17,1.77,2.11,1.94,3.13,2.2,2.61,2.59,1.13,5.29,2.89,5.66,6.6,5.3,1.91,4.24,2.78,6.47,7.38,5.2
3463.77,27,2.24,3.18,1.78,2.11,1.94,3.13,2.21,2.61,2.6,1.12,5.29,2.85,5.66,6.6,5.31,1.91,4.24,2.76,6.47,7.39,5.2
3464.77,27,2.23,3.16,1.77,2.09,1.93,3.11,2.2,2.6,2.58,1.1,5.29,2.83,5.64,6.55,5.3,1.87,4.23,2.75,6.44,7.37,5.19
3465.77,27,2.23,3.16,1.78,2.08,1.93,3.1,2.19,2.59,2.57,1.09,5.28,2.8,5.63,6.55,5.28,1.86,4.21,2.73,6.44,7.37,5.19
3466.77,27,2.21,3.14,1.76,2.07,1.92,3.09,2.17,2.58,2.55,1.07,5.26,2.75,5.6,6.53,5.26,1.82,4.19,2.7,6.43,7.36,5.16
3467.77,27,2.21,3.15,1.76,2.07,1.92,3.08,2.19,2.57,2.56,1.06,5.27,2.73,5.59,6.53,5.25,1.81,4.18,2.68,6.42,7.36,5.17
3468.77,27,2.22,3.13,1.76,2.08,1.91,3.08,2.18,2.57,2.56,1.04,5.27,2.7,5.59,6.52,5.25,1.8,4.17,2.66,6.42,7.37,5.15
3469.78,27,2.23,3.13,1.76,2.08,1.91,3.07,2.2,2.55,2.55,1.05,5.28,2.66,5.59,6.52,5.23,1.78,4.15,2.65,6.41,7.36,5.14
3470.78,27,2.21,3.12,1.74,2.06,1.9,3.04,2.19,2.53,2.53,1.02,5.25,2.62,5.57,6.49,5.21,1.75,4.12,2.62,6.4,7.35,5.13
3471.78,27,2.22,3.12,1.75,2.06,1.91,3.03,2.18,2.52,2.53,1.03,5.27,2.6,5.57,6.49,5.2,1.73,4.12,2.6,6.39,7.36,5.13
3472.78,27,2.21,3.1,1.74,2.06,1.9,3.02,2.18,2.52,2.52,1.02,5.26,2.56,5.56,6.48,5.19,1.71,4.1,2.59,6.39,7.35,5.12
3473.78,27,2.21,3.1,1.73,2.05,1.88,2.99,2.16,2.49,2.5,1.01,5.26,2.53,5.52,6.46,5.17,1.69,4.09,2.55,6.37,7.34,5.09
3474.78,27,2.22,3.1,1.74,2.05,1.88,2.99,2.18,2.5,2.5,1.02,5.27,2.51,5.52,6.44,5.15,1.66,4.08,2.54,6.37,7.34,5.1
3475.78,27,2.22,3.06,1.73,2.04,1.88,2.97,2.17,2.48,2.49,1.02,5.26,2.47,5.51,6.42,5.14,1.65,4.05,2.51,6.36,7.32,5.08
3476.78,27,2.22,3.08,1.73,2.05,1.87,2.96,2.19,2.49,2.49,1.03,5.28,2.47,5.52,6.44,5.14,1.65,4.06,2.5,6.37,7.34,5.09
3477.78,27,2.22,3.06,1.73,2.04,1.86,2.93,2.19,2.47,2.48,1.02,5.27,2.44,5.51,6.42,5.12,1.63,4.04,2.47,6.33,7.31,5.07
3478.78,27,2.21,3.06,1.72,2.04,1.86,2.91,2.19,2.47,2.47,1.02,5.26,2.43,5.49,6.41,5.12,1.61,4.02,2.47,6.33,7.32,5.06
3479.78,27,2.21,3.04,1.72,2.03,1.84,2.89,2.17,2.46,2.46,1.01,5.25,2.37,5.47,6.4,5.08,1.58,3.99,2.44,6.32,7.3,5.05
3480.8,27,2.21,3.03,1.72,2.03,1.85,2.89,2.19,2.46,2.47,1.02,5.26,2.37,5.47,6.4,5.09,1.56,3.99,2.43,6.31,7.32,5.05
3481.8,27,2.21,3.03,1.73,2.04,1.85,2.88,2.2,2.45,2.46,1.02,5.25,2.36,5.47,6.39,5.07,1.56,3.98,2.41,6.31,7.3,5.04
3482.8,27,2.2,3.01,1.73,2.05,1.82,2.87,2.2,2.44,2.46,1.02,5.26,2.34,5.46,6.37,5.06,1.55,3.97,2.39,6.3,7.3,5.02
3483.8,27,2.2,3.01,1.72,2.03,1.83,2.86,2.2,2.44,2.45,1.02,5.25,2.34,5.44,6.37,5.05,1.54,3.95,2.37,6.28,7.3,5.02
3484.8,27,2.2,3,1.72,2.03,1.82,2.83,2.19,2.42,2.44,1.02,5.24,2.32,5.43,6.36,5.03,1.52,3.93,2.34,6.27,7.3,5.01
3485.8,27,2.19,3,1.72,2.04,1.82,2.83,2.2,2.43,2.45,1.02,5.23,2.32,5.42,6.36,5.03,1.5,3.93,2.34,6.26,7.29,5
3486.82,27,2.19,2.98,1.72,2.04,1.82,2.8,2.2,2.41,2.44,1.02,5.23,2.31,5.42,6.35,5.02,1.49,3.91,2.32,6.25,7.28,4.99
3487.82,27,2.18,2.96,1.72,2.03,1.82,2.79,2.19,2.39,2.43,1.01,5.22,2.3,5.4,6.33,5.01,1.47,3.89,2.3,6.25,7.27,4.98
3488.82,27,2.18,2.96,1.72,2.03,1.81,2.77,2.2,2.4,2.42,1.02,5.21,2.28,5.39,6.32,4.99,1.47,3.89,2.29,6.24,7.28,4.99
3489.83,27,2.18,2.95,1.72,2.03,1.82,2.75,2.18,2.37,2.43,0.99,5.21,2.29,5.38,6.32,4.98,1.46,3.88,2.27,6.22,7.28,4.97
3490.83,27,2.18,2.95,1.72,2.02,1.8,2.75,2.2,2.37,2.42,1,5.2,2.27,5.38,6.31,4.96,1.45,3.87,2.25,6.2,7.27,4.96
3491.83,27,2.18,2.92,1.73,2.03,1.82,2.74,2.19,2.36,2.42,1.01,5.2,2.28,5.37,6.3,4.96,1.45,3.87,2.23,6.22,7.27,4.96
3492.83,27,2.18,2.92,1.74,2.02,1.8,2.72,2.18,2.36,2.41,1,5.19,2.27,5.35,6.3,4.94,1.42,3.86,2.23,6.2,7.27,4.93
3493.83,27,2.17,2.93,1.73,2.02,1.81,2.71,2.18,2.35,2.42,1,5.15,2.27,5.34,6.29,4.94,1.43,3.85,2.22,6.19,7.27,4.95
3494.83,27,2.18,2.91,1.74,2.03,1.81,2.7,2.2,2.35,2.42,0.99,5.16,2.27,5.36,6.28,4.94,1.4,3.84,2.21,6.18,7.27,4.94
3495.85,27,2.17,2.91,1.72,2.02,1.8,2.67,2.18,2.34,2.42,0.98,5.13,2.26,5.34,6.27,4.92,1.39,3.84,2.19,6.16,7.26,4.93
3496.85,27,2.17,2.89,1.73,2.03,1.79,2.66,2.18,2.34,2.41,0.98,5.15,2.26,5.33,6.26,4.91,1.39,3.81,2.19,6.15,7.25,4.91
3497.85,27,2.17,2.88,1.73,2.03,1.79,2.63,2.17,2.32,2.42,0.97,5.13,2.24,5.33,6.24,4.9,1.38,3.82,2.16,6.14,7.23,4.91
3498.85,27,2.17,2.87,1.73,2.03,1.8,2.61,2.16,2.31,2.42,0.96,5.12,2.26,5.32,6.25,4.88,1.37,3.79,2.14,6.13,7.23,4.9
3499.85,27,2.16,2.87,1.72,2.03,1.78,2.6,2.17,2.31,2.41,0.95,5.11,2.25,5.32,6.24,4.87,1.37,3.79,2.14,6.12,7.23,4.9
3500.87,27,2.16,2.85,1.72,2.02,1.78,2.58,2.16,2.29,2.42,0.96,5.1,2.24,5.3,6.23,4.84,1.35,3.77,2.12,6.12,7.22,4.88
3501.87,27,2.15,2.84,1.72,2.02,1.78,2.54,2.15,2.29,2.4,0.96,5.08,2.23,5.3,6.22,4.85,1.34,3.76,2.12,6.1,7.22,4.87
3502.87,27,2.17,2.84,1.72,2.03,1.79,2.53,2.16,2.29,2.43,0.96,5.09,2.23,5.29,6.2,4.82,1.33,3.76,2.12,6.1,7.22,4.88
3503.87,27,2.15,2.83,1.72,2.02,1.77,2.52,2.16,2.27,2.42,0.95,5.07,2.22,5.29,6.19,4.81,1.31,3.74,2.11,6.09,7.21,4.84
3504.88,27,2.15,2.82,1.72,2.02,1.78,2.49,2.15,2.27,2.42,0.95,5.06,2.22,5.28,6.19,4.82,1.31,3.73,2.1,6.07,7.22,4.84
3505.88,27,2.16,2.79,1.72,2.02,1.78,2.47,2.16,2.27,2.42,0.95,5.06,2.22,5.28,6.19,4.8,1.31,3.72,2.09,6.05,7.2,4.83
3506.88,27,2.16,2.79,1.72,2.02,1.77,2.46,2.15,2.26,2.42,0.95,5.05,2.21,5.27,6.18,4.79,1.29,3.7,2.07,6.05,7.2,4.82
3507.88,27,2.15,2.78,1.72,2.02,1.76,2.42,2.14,2.24,2.41,0.94,5.04,2.19,5.25,6.17,4.78,1.27,3.68,2.07,6.03,7.2,4.82
3508.88,27,2.16,2.77,1.72,2.02,1.78,2.41,2.14,2.24,2.42,0.94,5.02,2.21,5.25,6.15,4.78,1.26,3.69,2.05,6.03,7.2,4.8
3509.9,27,2.16,2.76,1.72,2.02,1.77,2.39,2.15,2.24,2.43,0.94,5.02,2.19,5.25,6.17,4.77,1.27,3.68,2.05,6.02,7.2,4.81
3510.9,27,2.16,2.76,1.72,2.03,1.78,2.37,2.15,2.23,2.43,0.95,5.02,2.2,5.23,6.15,4.76,1.24,3.67,2.04,6.01,7.19,4.8
3511.9,27,2.14,2.74,1.72,2.02,1.76,2.35,2.14,2.23,2.42,0.93,5.01,2.18,5.21,6.14,4.75,1.23,3.64,2.02,6.01,7.19,4.79
3512.92,27,2.14,2.73,1.71,2.01,1.76,2.33,2.14,2.2,2.41,0.93,5,2.16,5.2,6.13,4.72,1.22,3.64,2.01,5.99,7.17,4.78
3513.92,27,2.15,2.73,1.72,2.02,1.76,2.32,2.14,2.22,2.42,0.94,4.99,2.16,5.21,6.13,4.72,1.22,3.64,2.01,5.99,7.17,4.78
3514.92,27,2.15,2.71,1.72,2.01,1.76,2.29,2.14,2.2,2.41,0.92,4.96,2.17,5.17,6.11,4.7,1.19,3.62,1.99,5.96,7.17,4.76
3515.92,27,2.15,2.69,1.72,2.02,1.76,2.28,2.15,2.2,2.42,0.91,4.97,2.16,5.17,6.1,4.7,1.19,3.62,2,5.97,7.17,4.75
3516.92,27,2.15,2.69,1.72,2.01,1.75,2.27,2.14,2.19,2.44,0.93,4.96,2.15,5.17,6.09,4.69,1.18,3.6,1.99,5.96,7.17,4.75
3517.92,27,2.14,2.67,1.71,2.01,1.75,2.25,2.14,2.19,2.42,0.93,4.95,2.14,5.16,6.1,4.68,1.17,3.59,1.97,5.95,7.17,4.74
3518.92,27,2.15,2.67,1.71,2.02,1.76,2.23,2.14,2.18,2.41,0.93,4.94,2.15,5.14,6.09,4.67,1.16,3.59,1.97,5.95,7.16,4.74
3519.93,27,2.15,2.66,1.72,2.01,1.76,2.23,2.15,2.18,2.42,0.93,4.94,2.14,5.13,6.09,4.66,1.14,3.57,1.94,5.92,7.17,4.73
3520.93,27,2.15,2.66,1.71,2.01,1.76,2.22,2.14,2.16,2.42,0.91,4.93,2.14,5.14,6.07,4.65,1.14,3.55,1.93,5.9,7.16,4.72
3521.93,27,2.15,2.65,1.72,2.01,1.75,2.19,2.14,2.17,2.43,0.93,4.92,2.13,5.12,6.05,4.65,1.14,3.56,1.92,5.91,7.17,4.71
3522.93,27,2.16,2.65,1.72,2.01,1.76,2.19,2.14,2.16,2.42,0.91,4.91,2.13,5.11,6.05,4.63,1.12,3.54,1.91,5.9,7.14,4.71
3523.95,27,2.15,2.64,1.72,2.01,1.76,2.17,2.15,2.16,2.42,0.92,4.9,2.14,5.11,6.04,4.61,1.12,3.53,1.91,5.89,7.13,4.71
3524.95,27,2.15,2.62,1.72,2.01,1.75,2.17,2.14,2.15,2.42,0.92,4.89,2.13,5.11,6.04,4.62,1.1,3.52,1.9,5.88,7.14,4.7
3525.95,27,2.14,2.6,1.7,2,1.74,2.13,2.12,2.14,2.41,0.91,4.85,2.12,5.08,6.01,4.59,1.09,3.49,1.88,5.86,7.13,4.67
3526.95,27,2.15,2.61,1.71,2.01,1.75,2.14,2.13,2.14,2.42,0.92,4.87,2.12,5.08,6.01,4.6,1.08,3.5,1.87,5.86,7.12,4.69
3527.95,27,2.16,2.6,1.72,2.01,1.75,2.13,2.12,2.14,2.42,0.9,4.85,2.13,5.08,6.01,4.59,1.08,3.48,1.87,5.84,7.13,4.68
3528.95,27,2.16,2.6,1.72,2.01,1.75,2.12,2.14,2.14,2.42,0.92,4.85,2.13,5.08,6,4.57,1.07,3.47,1.85,5.85,7.12,4.68
3529.97,27,2.15,2.6,1.71,2.01,1.75,2.11,2.13,2.13,2.42,0.9,4.82,2.11,5.05,6,4.56,1.06,3.46,1.84,5.84,7.11,4.66
3530.97,27,2.15,2.58,1.71,2,1.74,2.09,2.13,2.14,2.41,0.9,4.81,2.11,5.04,5.97,4.55,1.06,3.46,1.82,5.84,7.11,4.66
3531.97,27,2.15,2.56,1.71,2,1.74,2.08,2.13,2.13,2.4,0.91,4.82,2.12,5.04,5.98,4.54,1.05,3.45,1.82,5.83,7.1,4.66
3532.97,27,2.14,2.57,1.71,2,1.74,2.06,2.13,2.12,2.41,0.91,4.79,2.11,5.03,5.96,4.52,1.04,3.44,1.81,5.82,7.11,4.65
3533.97,27,2.14,2.56,1.71,2,1.74,2.06,2.12,2.13,2.41,0.9,4.8,2.12,5.02,5.96,4.51,1.04,3.42,1.79,5.81,7.09,4.65
3534.97,27,2.15,2.55,1.71,2,1.75,2.06,2.14,2.12,2.41,0.91,4.79,2.12,5.02,5.95,4.51,1.03,3.4,1.78,5.81,7.1,4.65
3535.97,27,2.16,2.54,1.71,2.01,1.74,2.05,2.14,2.12,2.4,0.89,4.78,2.11,5.01,5.93,4.5,1.03,3.41,1.78,5.79,7.09,4.64
3536.97,27,2.15,2.53,1.71,2,1.73,2.04,2.14,2.12,2.41,0.9,4.76,2.11,4.99,5.93,4.49,1.02,3.4,1.77,5.77,7.09,4.64
3537.98,27,2.15,2.54,1.71,2,1.75,2.04,2.13,2.12,2.39,0.91,4.76,2.11,4.99,5.91,4.48,1.01,3.39,1.75,5.77,7.09,4.64
3538.98,27,2.15,2.53,1.71,2,1.75,2.04,2.13,2.12,2.41,0.91,4.76,2.11,4.99,5.92,4.47,1.01,3.37,1.75,5.76,7.1,4.64
3539.98,27,2.15,2.52,1.71,1.99,1.74,2.01,2.12,2.11,2.4,0.9,4.74,2.11,4.98,5.91,4.47,1.01,3.37,1.73,5.76,7.08,4.62
3540.98,27,2.15,2.51,1.71,2,1.74,2.02,2.13,2.11,2.4,0.9,4.73,2.11,4.97,5.9,4.45,0.99,3.37,1.72,5.76,7.08,4.63
3542,27,2.14,2.5,1.7,1.99,1.73,2,2.12,2.11,2.39,0.9,4.72,2.11,4.95,5.89,4.45,0.98,3.35,1.72,5.74,7.08,4.61
3543,27,2.16,2.5,1.72,1.99,1.74,2.01,2.12,2.1,2.39,0.9,4.72,2.11,4.96,5.88,4.44,0.98,3.34,1.72,5.74,7.08,4.61
3544,27,2.16,2.5,1.71,2,1.74,2.01,2.13,2.11,2.4,0.91,4.71,2.11,4.95,5.86,4.44,0.99,3.33,1.71,5.73,7.08,4.62
3545,27,2.14,2.48,1.71,1.99,1.73,2,2.13,2.11,2.38,0.89,4.69,2.09,4.93,5.86,4.42,0.97,3.33,1.7,5.73,7.05,4.62
3546.02,27,2.15,2.49,1.71,1.98,1.73,2,2.12,2.1,2.4,0.9,4.69,2.11,4.94,5.85,4.41,0.97,3.31,1.7,5.72,7.05,4.61
3547.02,27,2.16,2.49,1.72,1.99,1.75,2,2.14,2.11,2.41,0.91,4.69,2.11,4.94,5.86,4.42,0.98,3.32,1.7,5.72,7.08,4.61
3548.03,27,2.15,2.48,1.72,1.99,1.74,1.99,2.13,2.11,2.39,0.91,4.67,2.11,4.93,5.85,4.4,0.96,3.3,1.68,5.71,7.07,4.61
3549.03,27,2.16,2.48,1.72,2,1.75,2,2.13,2.11,2.4,0.92,4.67,2.11,4.91,5.84,4.39,0.97,3.3,1.68,5.71,7.09,4.61
3550.03,27,2.15,2.48,1.71,1.99,1.75,1.99,2.13,2.1,2.39,0.92,4.66,2.11,4.91,5.83,4.41,0.96,3.29,1.67,5.71,7.07,4.61
3551.03,27,2.15,2.47,1.71,1.99,1.74,1.99,2.13,2.09,2.39,0.91,4.64,2.11,4.92,5.82,4.38,0.94,3.28,1.66,5.69,7.05,4.59
3552.03,27,2.14,2.47,1.72,2,1.75,2,2.12,2.1,2.38,0.91,4.64,2.11,4.91,5.82,4.38,0.95,3.28,1.68,5.7,7.05,4.6
3553.03,27,2.15,2.46,1.7,1.98,1.74,1.99,2.13,2.09,2.39,0.9,4.63,2.1,4.89,5.8,4.37,0.94,3.26,1.66,5.68,7.05,4.59
3554.03,27,2.14,2.45,1.71,1.98,1.73,1.99,2.12,2.09,2.38,0.9,4.61,2.1,4.88,5.8,4.37,0.93,3.24,1.66,5.67,7.04,4.57
3555.03,27,2.14,2.45,1.7,1.99,1.74,1.99,2.12,2.09,2.39,0.89,4.6,2.1,4.88,5.77,4.36,0.94,3.23,1.66,5.66,7.05,4.58
3556.05,27,2.14,2.44,1.7,1.99,1.74,2,2.13,2.09,2.39,0.91,4.6,2.11,4.88,5.77,4.36,0.93,3.21,1.65,5.67,7.05,4.57
3557.05,27,2.15,2.43,1.71,1.98,1.74,1.99,2.11,2.09,2.39,0.89,4.59,2.1,4.87,5.76,4.34,0.92,3.21,1.66,5.65,7.04,4.56
3558.05,27,2.14,2.44,1.71,1.99,1.74,1.99,2.11,2.09,2.39,0.91,4.59,2.1,4.85,5.76,4.36,0.92,3.21,1.65,5.64,7.05,4.56
3559.05,27,2.14,2.44,1.71,1.98,1.75,2,2.12,2.09,2.38,0.91,4.57,2.1,4.85,5.75,4.34,0.91,3.2,1.65,5.65,7.03,4.56
3560.05,27,2.15,2.44,1.72,2,1.75,2,2.13,2.1,2.39,0.9,4.58,2.1,4.85,5.76,4.35,0.92,3.19,1.66,5.65,7.05,4.55
3561.05,27,2.14,2.43,1.71,1.99,1.74,2.01,2.13,2.08,2.39,0.9,4.56,2.09,4.84,5.74,4.35,0.9,3.18,1.65,5.63,7.03,4.55
3562.05,27,2.14,2.43,1.71,2,1.75,2,2.12,2.08,2.39,0.9,4.54,2.11,4.84,5.72,4.33,0.88,3.17,1.64,5.63,7.03,4.55
3563.05,27,2.15,2.43,1.72,2,1.75,2.01,2.13,2.09,2.38,0.9,4.55,2.1,4.84,5.73,4.33,0.9,3.17,1.65,5.63,7.04,4.54
3564.05,27,2.15,2.42,1.71,2,1.75,2.01,2.12,2.09,2.38,0.91,4.54,2.09,4.81,5.72,4.32,0.89,3.15,1.65,5.63,7.04,4.52
3565.07,27,2.14,2.42,1.7,1.99,1.74,2.02,2.13,2.07,2.38,0.9,4.51,2.1,4.8,5.71,4.32,0.89,3.13,1.64,5.6,7.03,4.52
3566.07,27,2.14,2.41,1.69,1.99,1.74,2.02,2.13,2.08,2.38,0.89,4.51,2.1,4.81,5.7,4.32,0.88,3.13,1.64,5.59,7.03,4.5
3567.07,27,2.15,2.42,1.71,1.99,1.74,2.02,2.12,2.09,2.4,0.9,4.51,2.09,4.8,5.69,4.3,0.88,3.11,1.64,5.59,7.03,4.5
3568.07,27,2.14,2.42,1.71,1.99,1.74,2.03,2.11,2.09,2.39,0.9,4.5,2.1,4.8,5.69,4.32,0.88,3.1,1.64,5.6,7.03,4.51
3569.07,27,2.14,2.41,1.71,2,1.74,2.04,2.12,2.09,2.39,0.9,4.5,2.09,4.78,5.69,4.3,0.88,3.1,1.64,5.59,7.02,4.49
3570.08,27,2.14,2.41,1.7,2,1.74,2.06,2.11,2.08,2.39,0.91,4.49,2.1,4.78,5.68,4.3,0.87,3.09,1.64,5.57,7.03,4.49
3571.08,27,2.15,2.41,1.71,2,1.74,2.06,2.12,2.07,2.39,0.9,4.48,2.1,4.78,5.68,4.3,0.88,3.09,1.64,5.58,7.02,4.49
3572.08,27,2.13,2.4,1.71,2.01,1.74,2.07,2.12,2.09,2.39,0.89,4.47,2.09,4.78,5.67,4.28,0.87,3.07,1.65,5.56,7.01,4.47
3573.08,27,2.15,2.42,1.72,2.01,1.75,2.08,2.13,2.08,2.39,0.91,4.47,2.1,4.78,5.67,4.29,0.88,3.08,1.65,5.58,7.03,4.48
3574.08,27,2.14,2.4,1.71,2,1.73,2.08,2.12,2.07,2.39,0.89,4.45,2.1,4.76,5.65,4.28,0.86,3.07,1.64,5.56,7,4.47
3575.08,27,2.15,2.4,1.71,2.01,1.73,2.08,2.13,2.08,2.39,0.91,4.44,2.09,4.75,5.65,4.28,0.86,3.04,1.64,5.56,7.02,4.46
3576.1,27,2.14,2.4,1.7,2,1.75,2.09,2.12,2.08,2.39,0.91,4.43,2.11,4.75,5.64,4.27,0.86,3.06,1.64,5.54,7,4.46
3577.1,27,2.14,2.39,1.7,2,1.73,2.08,2.12,2.08,2.38,0.9,4.42,2.09,4.74,5.63,4.27,0.85,3.03,1.63,5.54,7.01,4.44
3578.1,27,2.15,2.39,1.71,2,1.74,2.09,2.13,2.07,2.4,0.9,4.42,2.09,4.74,5.64,4.26,0.85,3.03,1.64,5.55,7.01,4.44
3579.1,27,2.14,2.38,1.71,1.99,1.73,2.08,2.11,2.07,2.38,0.89,4.4,2.09,4.72,5.6,4.24,0.83,3,1.64,5.53,6.98,4.44
3580.1,27,2.15,2.39,1.71,2,1.73,2.08,2.14,2.07,2.4,0.89,4.4,2.09,4.73,5.62,4.24,0.85,3.02,1.64,5.54,7.01,4.43
3581.1,27,2.13,2.39,1.71,2,1.73,2.07,2.11,2.06,2.38,0.89,4.39,2.08,4.7,5.6,4.23,0.84,3,1.63,5.52,6.99,4.42
3582.1,27,2.15,2.38,1.71,2.01,1.74,2.08,2.13,2.07,2.4,0.91,4.39,2.09,4.72,5.62,4.24,0.85,3,1.64,5.52,6.99,4.43
3583.1,27,2.14,2.38,1.69,1.99,1.72,2.07,2.11,2.06,2.38,0.89,4.36,2.07,4.7,5.57,4.21,0.82,2.97,1.61,5.51,6.98,4.4
3584.1,27,2.14,2.38,1.7,2,1.73,2.07,2.12,2.06,2.38,0.88,4.35,2.08,4.7,5.57,4.21,0.82,2.96,1.62,5.5,6.98,4.4
3585.1,27,2.14,2.38,1.7,1.99,1.73,2.07,2.11,2.07,2.39,0.9,4.36,2.09,4.7,5.57,4.2,0.82,2.96,1.63,5.5,6.98,4.41
3586.12,27,2.14,2.39,1.7,2,1.73,2.07,2.11,2.06,2.4,0.89,4.35,2.09,4.69,5.58,4.21,0.83,2.97,1.62,5.5,6.98,4.41
3587.12,27,2.15,2.37,1.7,2.01,1.74,2.07,2.12,2.07,2.39,0.9,4.34,2.07,4.68,5.56,4.2,0.82,2.95,1.62,5.49,6.96,4.41
3588.12,27,2.14,2.37,1.7,1.98,1.73,2.06,2.12,2.05,2.38,0.89,4.33,2.07,4.67,5.55,4.18,0.81,2.94,1.61,5.48,6.95,4.39
3589.12,27,2.14,2.38,1.71,2,1.75,2.06,2.12,2.06,2.4,0.9,4.32,2.07,4.66,5.55,4.18,0.82,2.94,1.62,5.49,6.95,4.4
3590.12,27,2.15,2.38,1.71,2,1.74,2.07,2.11,2.05,2.38,0.89,4.31,2.07,4.67,5.55,4.18,0.81,2.93,1.62,5.46,6.95,4.4
3591.12,27,2.15,2.38,1.71,2,1.75,2.08,2.12,2.05,2.39,0.91,4.3,2.07,4.66,5.54,4.18,0.82,2.92,1.62,5.48,6.98,4.4
3592.12,27,2.14,2.37,1.71,1.99,1.74,2.07,2.11,2.04,2.38,0.88,4.29,2.06,4.65,5.54,4.17,0.8,2.91,1.61,5.47,6.96,4.39
3593.13,27,2.14,2.38,1.71,1.99,1.74,2.08,2.12,2.05,2.39,0.9,4.28,2.07,4.66,5.53,4.17,0.82,2.91,1.62,5.46,6.96,4.39
3594.13,27,2.15,2.39,1.71,2,1.75,2.09,2.12,2.07,2.39,0.9,4.29,2.07,4.65,5.53,4.16,0.81,2.91,1.62,5.46,6.95,4.39
3595.13,27,2.14,2.38,1.71,1.99,1.74,2.09,2.13,2.05,2.39,0.9,4.28,2.07,4.65,5.51,4.16,0.81,2.9,1.6,5.46,6.95,4.38
3596.13,27,2.14,2.38,1.72,2,1.75,2.1,2.12,2.05,2.38,0.9,4.25,2.06,4.63,5.52,4.16,0.79,2.89,1.61,5.45,6.95,4.39
3597.13,27,2.14,2.37,1.71,1.99,1.75,2.11,2.12,2.05,2.38,0.89,4.25,2.07,4.62,5.51,4.15,0.8,2.88,1.61,5.44,6.94,4.38
3598.13,27,2.15,2.38,1.71,2,1.75,2.11,2.12,2.04,2.4,0.9,4.25,2.07,4.64,5.5,4.15,0.8,2.88,1.61,5.45,6.98,4.38
3599.15,27,2.14,2.38,1.71,2,1.75,2.13,2.12,2.04,2.39,0.9,4.24,2.07,4.61,5.5,4.15,0.79,2.86,1.6,5.44,6.94,4.37
3600.15,27,2.14,2.38,1.71,1.99,1.75,2.14,2.12,2.03,2.38,0.9,4.23,2.06,4.61,5.49,4.13,0.79,2.86,1.59,5.44,6.94,4.36
3601.15,27,2.15,2.39,1.72,1.99,1.74,2.16,2.12,2.03,2.39,0.88,4.23,2.07,4.61,5.48,4.14,0.79,2.84,1.6,5.43,6.95,4.36
3602.15,27,2.14,2.38,1.71,2,1.75,2.18,2.12,2.04,2.39,0.89,4.2,2.06,4.6,5.48,4.12,0.78,2.84,1.6,5.43,6.95,4.37
3603.15,27,2.14,2.38,1.71,2,1.75,2.18,2.11,2.03,2.39,0.88,4.2,2.07,4.59,5.47,4.12,0.78,2.83,1.59,5.42,6.94,4.36
3604.15,27,2.15,2.38,1.71,2,1.74,2.2,2.11,2.04,2.38,0.89,4.21,2.06,4.59,5.47,4.11,0.79,2.83,1.59,5.4,6.95,4.36
3605.17,27,2.14,2.38,1.71,1.98,1.75,2.21,2.11,2.03,2.39,0.89,4.19,2.06,4.58,5.46,4.1,0.77,2.81,1.59,5.4,6.94,4.34
3606.17,27,2.14,2.38,1.71,1.98,1.75,2.23,2.12,2.04,2.39,0.89,4.18,2.06,4.58,5.45,4.1,0.77,2.81,1.58,5.4,6.94,4.35
3607.17,27,2.15,2.39,1.71,1.98,1.75,2.23,2.12,2.02,2.38,0.89,4.17,2.06,4.56,5.45,4.1,0.77,2.8,1.58,5.4,6.95,4.35
3608.17,27,2.14,2.39,1.71,1.99,1.74,2.24,2.12,2.03,2.38,0.88,4.16,2.06,4.57,5.44,4.09,0.76,2.79,1.58,5.38,6.94,4.34
3609.17,27,2.14,2.38,1.71,1.99,1.74,2.25,2.11,2.02,2.38,0.89,4.16,2.06,4.55,5.44,4.08,0.76,2.79,1.58,5.4,6.94,4.33
3610.18,27,2.14,2.39,1.7,1.98,1.75,2.26,2.11,2.02,2.38,0.88,4.15,2.05,4.55,5.43,4.07,0.75,2.77,1.57,5.39,6.93,4.33
3611.18,27,2.14,2.39,1.72,1.98,1.75,2.27,2.13,2.02,2.38,0.88,4.15,2.06,4.54,5.42,4.07,0.75,2.78,1.58,5.39,6.94,4.32
3612.18,27,2.16,2.39,1.71,1.99,1.74,2.29,2.12,2.02,2.39,0.9,4.14,2.05,4.54,5.42,4.07,0.75,2.77,1.58,5.39,6.94,4.33
3613.18,27,2.15,2.4,1.72,1.99,1.74,2.29,2.11,2.02,2.38,0.89,4.13,2.06,4.53,5.4,4.06,0.76,2.77,1.57,5.38,6.93,4.33
3614.18,27,2.15,2.39,1.71,1.99,1.75,2.31,2.12,2.02,2.39,0.89,4.13,2.06,4.53,5.4,4.05,0.75,2.76,1.57,5.37,6.93,4.32
3615.2,27,2.16,2.4,1.72,1.98,1.75,2.33,2.12,2.01,2.38,0.9,4.12,2.06,4.52,5.39,4.06,0.76,2.75,1.58,5.37,6.93,4.31
3616.2,27,2.15,2.4,1.72,1.98,1.74,2.33,2.12,2.02,2.38,0.9,4.11,2.05,4.52,5.38,4.04,0.76,2.75,1.57,5.38,6.94,4.29
3617.2,27,2.16,2.4,1.72,1.99,1.75,2.34,2.12,2.01,2.38,0.89,4.1,2.05,4.5,5.38,4.04,0.75,2.75,1.57,5.37,6.92,4.3
3618.2,27,2.15,2.41,1.72,1.99,1.75,2.35,2.12,2.01,2.39,0.89,4.08,2.05,4.49,5.37,4.03,0.75,2.74,1.57,5.37,6.92,4.3
3619.22,27,2.14,2.41,1.72,1.99,1.75,2.35,2.12,2.01,2.38,0.89,4.09,2.05,4.48,5.37,4.04,0.75,2.74,1.57,5.36,6.93,4.29
3620.22,27,2.15,2.42,1.72,1.99,1.75,2.37,2.12,2.02,2.38,0.89,4.09,2.05,4.49,5.37,4.04,0.76,2.75,1.58,5.37,6.92,4.29
3621.22,27,2.15,2.41,1.72,1.99,1.75,2.38,2.12,2.01,2.39,0.88,4.07,2.05,4.48,5.35,4.04,0.75,2.73,1.56,5.36,6.92,4.28
3622.22,27,2.15,2.41,1.72,1.98,1.75,2.38,2.12,2.01,2.38,0.89,4.06,2.04,4.47,5.35,4.03,0.75,2.72,1.56,5.36,6.93,4.28
3623.22,27,2.15,2.42,1.72,1.99,1.75,2.39,2.12,2.01,2.39,0.89,4.06,2.05,4.47,5.34,4.04,0.75,2.72,1.57,5.36,6.92,4.27
3624.23,27,2.15,2.43,1.72,1.98,1.75,2.4,2.12,2.01,2.38,0.88,4.04,2.04,4.45,5.33,4.03,0.75,2.7,1.56,5.34,6.92,4.27
3625.23,27,2.16,2.43,1.72,1.99,1.76,2.41,2.11,2.01,2.37,0.88,4.04,2.04,4.46,5.33,4.03,0.75,2.7,1.56,5.35,6.92,4.26
3626.23,27,2.15,2.44,1.72,1.99,1.76,2.43,2.13,2.01,2.39,0.89,4.04,2.06,4.46,5.33,4.03,0.74,2.7,1.57,5.34,6.92,4.26
3627.25,27,2.15,2.43,1.72,1.99,1.75,2.43,2.12,2.01,2.39,0.9,4.03,2.05,4.45,5.33,4.04,0.74,2.68,1.57,5.34,6.92,4.26
3628.25,27,2.14,2.43,1.72,1.98,1.75,2.44,2.12,2,2.39,0.89,4.03,2.05,4.45,5.32,4.04,0.75,2.69,1.56,5.34,6.92,4.25
3629.25,27,2.15,2.43,1.72,1.98,1.74,2.45,2.11,1.99,2.38,0.88,4.01,2.05,4.43,5.31,4.03,0.74,2.69,1.55,5.33,6.92,4.24
3630.25,27,2.15,2.45,1.72,1.99,1.76,2.47,2.12,2,2.39,0.89,4.01,2.05,4.43,5.31,4.05,0.74,2.67,1.55,5.34,6.93,4.24
3631.25,27,2.15,2.44,1.72,1.99,1.76,2.47,2.12,2.01,2.39,0.9,4,2.05,4.42,5.31,4.05,0.74,2.68,1.55,5.33,6.92,4.24
3632.25,27,2.14,2.45,1.72,1.99,1.75,2.47,2.11,2.01,2.39,0.88,3.99,2.03,4.42,5.29,4.03,0.73,2.66,1.55,5.31,6.9,4.23
3633.27,27,2.14,2.44,1.72,1.98,1.76,2.48,2.12,2,2.37,0.88,3.98,2.03,4.41,5.29,4.03,0.73,2.65,1.55,5.32,6.9,4.22
3634.27,27,2.15,2.45,1.72,2,1.76,2.49,2.12,1.99,2.39,0.89,3.99,2.06,4.41,5.28,4.03,0.73,2.66,1.56,5.32,6.9,4.22
3635.27,27,2.15,2.46,1.72,1.99,1.76,2.5,2.12,2,2.39,0.89,3.97,2.05,4.41,5.27,4.04,0.73,2.64,1.56,5.31,6.91,4.22
3636.27,27,2.15,2.46,1.72,1.99,1.76,2.49,2.11,2,2.38,0.89,3.97,2.05,4.4,5.27,4.03,0.72,2.63,1.56,5.31,6.91,4.21
3637.27,27,2.15,2.47,1.73,1.98,1.75,2.51,2.12,2,2.4,0.89,3.97,2.04,4.39,5.26,4.03,0.72,2.63,1.55,5.3,6.9,4.22
3638.27,27,2.14,2.46,1.72,1.98,1.75,2.5,2.11,1.99,2.39,0.88,3.93,2.04,4.4,5.25,4.03,0.72,2.63,1.55,5.3,6.9,4.21
3639.27,27,2.16,2.47,1.72,1.99,1.76,2.5,2.11,1.99,2.39,0.89,3.94,2.04,4.4,5.25,4.03,0.71,2.63,1.55,5.29,6.9,4.21
3640.28,27,2.13,2.47,1.72,1.97,1.75,2.5,2.11,1.99,2.39,0.88,3.92,2.04,4.38,5.24,4.02,0.72,2.6,1.55,5.3,6.89,4.2
3641.28,27,2.15,2.48,1.72,1.98,1.75,2.52,2.12,1.99,2.39,0.89,3.93,2.05,4.38,5.24,4.03,0.71,2.6,1.55,5.29,6.9,4.2
3642.28,27,2.15,2.48,1.72,1.99,1.76,2.51,2.13,1.99,2.4,0.89,3.93,2.05,4.39,5.24,4.03,0.71,2.6,1.55,5.28,6.89,4.2
3643.28,27,2.15,2.48,1.73,2,1.77,2.52,2.11,2,2.4,0.88,3.93,2.05,4.39,5.22,4.03,0.7,2.62,1.55,5.29,6.9,4.2
3644.28,27,2.14,2.49,1.73,1.99,1.76,2.53,2.12,2,2.39,0.88,3.91,2.05,4.39,5.21,4.02,0.7,2.6,1.56,5.29,6.87,4.19
3645.28,27,2.14,2.48,1.73,1.98,1.75,2.52,2.11,1.99,2.39,0.89,3.9,2.03,4.37,5.2,4.01,0.7,2.59,1.55,5.28,6.87,4.19
3646.28,27,2.15,2.49,1.72,1.98,1.76,2.53,2.12,1.99,2.39,0.88,3.91,2.03,4.38,5.21,4.02,0.71,2.6,1.56,5.26,6.9,4.18
3647.28,27,2.14,2.48,1.71,1.97,1.74,2.52,2.11,1.98,2.38,0.88,3.87,2.03,4.36,5.19,4.01,0.69,2.57,1.55,5.25,6.86,4.17
3648.28,27,2.13,2.48,1.72,1.97,1.74,2.51,2.11,1.97,2.38,0.87,3.86,2.03,4.35,5.17,4,0.69,2.57,1.55,5.25,6.86,4.17
3649.28,27,2.14,2.49,1.73,1.99,1.75,2.52,2.13,1.98,2.38,0.88,3.88,2.05,4.37,5.17,4.02,0.7,2.58,1.55,5.26,6.87,4.18
3650.28,27,2.16,2.51,1.73,1.99,1.76,2.52,2.12,1.99,2.4,0.89,3.87,2.05,4.36,5.19,4.03,0.71,2.57,1.55,5.26,6.87,4.18
3651.3,27,2.13,2.49,1.73,1.97,1.74,2.51,2.11,1.98,2.36,0.88,3.85,2.03,4.36,5.16,4,0.69,2.56,1.55,5.25,6.86,4.15
3652.3,27,2.16,2.52,1.75,1.99,1.77,2.53,2.14,2,2.4,0.89,3.87,2.06,4.37,5.16,4.02,0.7,2.57,1.56,5.27,6.89,4.18
3653.3,27,2.14,2.51,1.74,1.98,1.75,2.51,2.11,1.98,2.39,0.88,3.84,2.03,4.35,5.15,4.01,0.69,2.55,1.55,5.24,6.86,4.16
3654.3,27,2.15,2.51,1.73,1.99,1.76,2.5,2.11,1.98,2.38,0.88,3.84,2.03,4.36,5.14,4.01,0.7,2.53,1.55,5.24,6.86,4.16
3655.32,27,2.13,2.5,1.72,1.96,1.75,2.5,2.12,1.97,2.39,0.88,3.83,2.03,4.33,5.13,3.99,0.68,2.53,1.54,5.23,6.86,4.15
3656.32,27,2.15,2.52,1.74,1.98,1.75,2.51,2.12,1.99,2.4,0.88,3.83,2.04,4.35,5.13,4.01,0.69,2.53,1.55,5.25,6.85,4.16
3657.32,27,2.14,2.53,1.74,1.98,1.76,2.5,2.12,1.98,2.38,0.88,3.82,2.04,4.35,5.13,4.02,0.68,2.52,1.55,5.24,6.87,4.16
3658.32,27,2.15,2.53,1.75,1.99,1.76,2.5,2.11,1.97,2.39,0.88,3.82,2.04,4.34,5.12,4.02,0.69,2.52,1.55,5.24,6.87,4.16
3659.32,27,2.15,2.54,1.76,2,1.76,2.51,2.13,1.99,2.4,0.89,3.82,2.04,4.35,5.11,4.02,0.68,2.53,1.56,5.24,6.89,4.16
3660.32,27,2.16,2.54,1.75,1.98,1.75,2.5,2.11,1.98,2.4,0.88,3.8,2.04,4.33,5.1,4.01,0.68,2.51,1.55,5.23,6.86,4.16
3661.32,27,2.16,2.54,1.74,1.98,1.75,2.5,2.12,1.98,2.39,0.88,3.8,2.04,4.33,5.1,4.02,0.68,2.5,1.55,5.23,6.87,4.15
3662.32,27,2.15,2.55,1.74,1.98,1.76,2.49,2.13,1.99,2.4,0.88,3.8,2.03,4.34,5.1,4.02,0.69,2.51,1.55,5.23,6.87,4.16
3663.32,27,2.15,2.57,1.75,1.99,1.76,2.51,2.12,1.99,2.4,0.88,3.78,2.03,4.33,5.1,4.02,0.68,2.48,1.55,5.22,6.87,4.16
3664.33,27,2.14,2.55,1.76,1.99,1.76,2.5,2.11,1.97,2.4,0.88,3.79,2.03,4.33,5.08,4.01,0.67,2.48,1.55,5.21,6.87,4.16
3665.33,27,2.14,2.56,1.74,1.98,1.75,2.49,2.12,1.98,2.39,0.88,3.77,2.04,4.33,5.07,4.01,0.67,2.48,1.55,5.21,6.87,4.15
3666.33,27,2.14,2.55,1.74,1.97,1.74,2.48,2.11,1.97,2.39,0.88,3.76,2.02,4.31,5.05,4,0.67,2.47,1.54,5.2,6.86,4.15
3667.33,27,2.13,2.56,1.76,1.97,1.75,2.49,2.12,1.97,2.4,0.88,3.76,2.03,4.31,5.06,4.01,0.67,2.47,1.55,5.2,6.87,4.17
3668.33,27,2.15,2.58,1.76,1.98,1.75,2.48,2.12,1.97,2.4,0.88,3.75,2.04,4.31,5.06,4,0.67,2.47,1.55,5.2,6.87,4.16
3669.35,27,2.14,2.57,1.76,1.97,1.75,2.49,2.12,1.97,2.4,0.88,3.75,2.03,4.3,5.05,4.01,0.66,2.46,1.55,5.2,6.86,4.16
3670.35,27,2.15,2.58,1.75,1.98,1.75,2.48,2.11,1.98,2.4,0.88,3.75,2.04,4.31,5.05,4.02,0.66,2.45,1.55,5.21,6.87,4.17
3671.35,27,2.15,2.58,1.77,1.98,1.75,2.48,2.13,1.98,2.4,0.88,3.74,2.03,4.3,5.05,4.02,0.66,2.45,1.55,5.19,6.87,4.17
3672.35,27,2.14,2.59,1.78,1.99,1.77,2.48,2.13,1.98,2.41,0.88,3.73,2.05,4.29,5.05,4.04,0.66,2.45,1.55,5.2,6.87,4.17
3673.37,27,2.16,2.59,1.77,1.98,1.75,2.48,2.13,1.98,2.41,0.88,3.72,2.04,4.3,5.04,4.02,0.67,2.43,1.55,5.19,6.87,4.17
3674.37,27,2.14,2.59,1.76,1.97,1.75,2.47,2.11,1.96,2.39,0.88,3.7,2.01,4.27,5.01,4.03,0.64,2.42,1.55,5.17,6.85,4.17
3675.37,27,2.13,2.59,1.77,1.98,1.75,2.47,2.12,1.97,2.4,0.88,3.71,2.03,4.28,5.02,4.03,0.65,2.42,1.55,5.17,6.86,4.17
3676.37,27,2.14,2.6,1.77,1.98,1.75,2.47,2.13,1.97,2.39,0.88,3.71,2.03,4.28,5.01,4.03,0.65,2.42,1.55,5.17,6.86,4.18
3677.37,27,2.15,2.6,1.79,1.98,1.75,2.46,2.12,1.97,2.39,0.88,3.7,2.04,4.26,5.01,4.04,0.64,2.42,1.55,5.17,6.86,4.17
3678.38,27,2.15,2.6,1.77,1.98,1.74,2.46,2.12,1.97,2.4,0.88,3.69,2.03,4.27,5.01,4.05,0.65,2.39,1.55,5.16,6.87,4.17
3679.38,27,2.14,2.59,1.78,1.97,1.74,2.44,2.11,1.95,2.36,0.87,3.68,2.01,4.24,4.99,4.04,0.63,2.39,1.54,5.14,6.86,4.17
3680.38,27,2.15,2.6,1.78,1.98,1.75,2.46,2.12,1.97,2.41,0.88,3.69,2.03,4.26,5,4.05,0.64,2.4,1.54,5.16,6.86,4.18
3681.38,27,2.14,2.6,1.77,1.98,1.74,2.45,2.12,1.97,2.4,0.88,3.69,2.03,4.25,4.99,4.06,0.64,2.39,1.55,5.16,6.86,4.19
3682.38,27,2.14,2.6,1.77,1.97,1.75,2.44,2.11,1.96,2.39,0.88,3.67,2.03,4.25,4.98,4.06,0.63,2.38,1.55,5.14,6.85,4.17
3683.38,27,2.14,2.6,1.79,1.98,1.75,2.44,2.12,1.97,2.39,0.88,3.67,2.04,4.25,4.97,4.05,0.63,2.38,1.55,5.15,6.86,4.17
3684.38,27,2.14,2.6,1.79,1.98,1.74,2.44,2.11,1.96,2.39,0.88,3.67,2.03,4.23,4.97,4.07,0.63,2.36,1.55,5.13,6.86,4.19
3685.38,27,2.14,2.61,1.78,1.98,1.74,2.43,2.11,1.96,2.39,0.88,3.67,2.03,4.24,4.97,4.08,0.63,2.37,1.55,5.14,6.86,4.19
3686.38,27,2.14,2.61,1.79,1.98,1.75,2.42,2.12,1.97,2.4,0.88,3.66,2.03,4.24,4.96,4.08,0.63,2.36,1.55,5.13,6.86,4.18
3687.4,27,2.14,2.62,1.79,1.98,1.75,2.43,2.12,1.97,2.4,0.88,3.65,2.04,4.24,4.96,4.1,0.63,2.35,1.55,5.14,6.86,4.19
3688.4,27,2.15,2.6,1.79,1.98,1.75,2.42,2.11,1.96,2.4,0.88,3.66,2.03,4.22,4.94,4.1,0.63,2.36,1.55,5.14,6.86,4.19
3689.4,27,2.17,2.62,1.8,1.99,1.75,2.42,2.12,1.97,2.41,0.88,3.67,2.05,4.23,4.96,4.12,0.64,2.36,1.56,5.13,6.87,4.2
3690.4,27,2.15,2.62,1.78,1.97,1.75,2.4,2.11,1.96,2.39,0.88,3.65,2.02,4.21,4.94,4.11,0.63,2.34,1.55,5.12,6.85,4.19
3691.4,27,2.14,2.62,1.79,1.98,1.75,2.4,2.12,1.96,2.39,0.88,3.64,2.03,4.2,4.92,4.12,0.62,2.34,1.55,5.12,6.85,4.2
3692.4,27,2.15,2.61,1.79,1.99,1.74,2.4,2.11,1.96,2.39,0.87,3.63,2.03,4.2,4.93,4.12,0.63,2.34,1.55,5.12,6.86,4.2
3693.4,27,2.15,2.63,1.8,1.99,1.75,2.4,2.12,1.97,2.4,0.88,3.64,2.03,4.21,4.93,4.14,0.63,2.34,1.55,5.13,6.87,4.22
3694.4,27,2.13,2.62,1.79,1.98,1.75,2.39,2.11,1.96,2.4,0.87,3.64,2.03,4.19,4.92,4.15,0.62,2.34,1.55,5.11,6.85,4.21
3695.4,27,2.14,2.61,1.78,1.97,1.74,2.38,2.11,1.95,2.39,0.87,3.64,2.01,4.18,4.92,4.15,0.61,2.33,1.55,5.11,6.85,4.21
3696.42,27,2.13,2.63,1.79,1.98,1.75,2.38,2.11,1.95,2.38,0.88,3.62,2.02,4.17,4.89,4.17,0.61,2.32,1.55,5.11,6.85,4.22
3697.42,27,2.15,2.64,1.8,1.98,1.74,2.39,2.11,1.96,2.39,0.88,3.64,2.02,4.18,4.91,4.18,0.63,2.32,1.56,5.11,6.87,4.23
3698.42,27,2.15,2.62,1.78,1.97,1.74,2.38,2.11,1.96,2.4,0.87,3.62,2.02,4.18,4.9,4.18,0.62,2.31,1.55,5.1,6.85,4.23
3699.42,27,2.15,2.63,1.79,1.97,1.74,2.38,2.11,1.96,2.4,0.88,3.62,2.02,4.17,4.89,4.2,0.61,2.32,1.55,5.09,6.85,4.24
3700.43,27,2.15,2.63,1.78,1.97,1.75,2.36,2.11,1.95,2.39,0.88,3.61,2.03,4.16,4.88,4.22,0.62,2.32,1.55,5.09,6.86,4.25
3701.43,27,2.15,2.64,1.79,1.98,1.76,2.36,2.11,1.97,2.4,0.88,3.61,2.03,4.16,4.89,4.23,0.63,2.31,1.55,5.09,6.86,4.26
3702.43,27,2.15,2.63,1.78,1.96,1.75,2.36,2.11,1.95,2.38,0.87,3.61,2.03,4.15,4.87,4.23,0.62,2.29,1.55,5.09,6.87,4.25
3703.43,27,2.14,2.64,1.79,1.97,1.75,2.34,2.11,1.95,2.39,0.87,3.6,2.03,4.14,4.87,4.24,0.62,2.3,1.55,5.08,6.86,4.26
3704.43,27,2.14,2.64,1.79,1.97,1.75,2.35,2.12,1.95,2.4,0.88,3.59,2.03,4.14,4.84,4.26,0.62,2.29,1.55,5.1,6.85,4.27
3705.45,27,2.15,2.64,1.79,1.98,1.75,2.35,2.11,1.95,2.41,0.88,3.59,2.03,4.12,4.87,4.27,0.62,2.3,1.56,5.09,6.85,4.29
3706.45,27,2.15,2.63,1.8,1.97,1.76,2.34,2.11,1.95,2.41,0.88,3.59,2.03,4.13,4.84,4.28,0.62,2.3,1.56,5.09,6.86,4.29
3707.45,27,2.15,2.64,1.79,1.97,1.74,2.34,2.11,1.95,2.39,0.87,3.58,2.04,4.12,4.85,4.29,0.62,2.29,1.56,5.07,6.86,4.3
3708.45,27,2.15,2.64,1.77,1.97,1.74,2.34,2.11,1.95,2.39,0.87,3.58,2.04,4.12,4.83,4.3,0.61,2.28,1.55,5.08,6.87,4.3
3709.45,27,2.15,2.65,1.8,1.98,1.75,2.34,2.12,1.96,2.4,0.88,3.59,2.03,4.11,4.84,4.32,0.62,2.28,1.56,5.08,6.87,4.31
3710.45,27,2.15,2.65,1.78,1.98,1.76,2.33,2.12,1.95,2.4,0.88,3.58,2.04,4.11,4.82,4.33,0.62,2.28,1.56,5.08,6.89,4.33
3711.47,27,2.16,2.64,1.78,1.97,1.76,2.34,2.11,1.95,2.41,0.88,3.58,2.04,4.1,4.82,4.34,0.62,2.26,1.57,5.07,6.89,4.33
3712.47,27,2.16,2.66,1.79,1.99,1.76,2.34,2.13,1.96,2.42,0.89,3.58,2.04,4.12,4.81,4.36,0.63,2.28,1.58,5.08,6.89,4.35
3713.47,27,2.14,2.64,1.77,1.97,1.75,2.32,2.11,1.95,2.4,0.87,3.55,2.02,4.08,4.8,4.35,0.61,2.26,1.55,5.06,6.87,4.34
3714.47,27,2.16,2.65,1.79,1.98,1.76,2.33,2.12,1.96,2.41,0.88,3.56,2.04,4.09,4.81,4.37,0.62,2.26,1.57,5.07,6.89,4.36
3715.47,27,2.15,2.65,1.78,1.98,1.77,2.32,2.11,1.95,2.41,0.88,3.56,2.04,4.08,4.8,4.39,0.62,2.26,1.57,5.06,6.89,4.37
3716.47,27,2.14,2.64,1.77,1.97,1.76,2.32,2.11,1.94,2.41,0.88,3.55,2.03,4.08,4.79,4.4,0.61,2.25,1.57,5.06,6.87,4.37
3717.48,27,2.16,2.64,1.79,1.98,1.75,2.32,2.11,1.95,2.41,0.88,3.56,2.04,4.07,4.78,4.41,0.62,2.25,1.57,5.06,6.89,4.38
3718.48,27,2.14,2.65,1.77,1.97,1.74,2.31,2.11,1.94,2.41,0.87,3.55,2.03,4.06,4.77,4.4,0.61,2.23,1.56,5.04,6.87,4.37
3719.48,27,2.13,2.63,1.77,1.97,1.74,2.31,2.1,1.94,2.41,0.87,3.53,2.02,4.05,4.76,4.41,0.6,2.23,1.55,5.04,6.87,4.38
3720.48,27,2.15,2.65,1.78,1.97,1.75,2.29,2.11,1.95,2.42,0.88,3.54,2.03,4.06,4.76,4.43,0.61,2.23,1.57,5.05,6.87,4.38
3721.48,27,2.14,2.65,1.78,1.98,1.75,2.3,2.11,1.94,2.41,0.88,3.54,2.03,4.05,4.77,4.44,0.61,2.23,1.56,5.04,6.9,4.4
3722.48,27,2.14,2.64,1.78,1.98,1.75,2.3,2.11,1.95,2.43,0.88,3.54,2.03,4.05,4.76,4.45,0.61,2.23,1.57,5.05,6.89,4.42
3723.48,27,2.15,2.65,1.79,1.98,1.76,2.29,2.12,1.95,2.42,0.88,3.54,2.03,4.05,4.75,4.47,0.62,2.23,1.58,5.05,6.9,4.43
3724.48,27,2.14,2.65,1.79,1.97,1.75,2.29,2.11,1.95,2.42,0.88,3.53,2.03,4.03,4.74,4.47,0.61,2.23,1.57,5.03,6.89,4.43
3725.5,27,2.15,2.64,1.79,1.98,1.76,2.29,2.11,1.96,2.43,0.88,3.54,2.04,4.03,4.75,4.49,0.62,2.22,1.57,5.04,6.91,4.43
3726.5,27,2.15,2.63,1.78,1.98,1.76,2.28,2.11,1.95,2.42,0.88,3.51,2.03,4.02,4.74,4.49,0.6,2.21,1.57,5.04,6.9,4.44
3727.5,27,2.16,2.65,1.79,1.98,1.76,2.29,2.11,1.95,2.43,0.88,3.52,2.04,4.03,4.75,4.5,0.62,2.22,1.58,5.05,6.9,4.45
3728.5,27,2.15,2.65,1.79,1.97,1.75,2.28,2.11,1.95,2.43,0.87,3.52,2.03,4.02,4.73,4.51,0.61,2.21,1.57,5.03,6.91,4.46
3729.5,27,2.15,2.64,1.77,1.97,1.75,2.27,2.11,1.94,2.42,0.88,3.51,2.04,4.02,4.72,4.52,0.6,2.21,1.58,5.02,6.9,4.46
3730.5,27,2.14,2.64,1.79,1.98,1.76,2.27,2.11,1.95,2.44,0.88,3.51,2.03,4.01,4.71,4.53,0.61,2.2,1.57,5.03,6.9,4.48
3731.5,27,2.16,2.64,1.77,1.97,1.76,2.26,2.11,1.94,2.42,0.87,3.5,2.03,4.01,4.7,4.54,0.61,2.19,1.58,5.02,6.91,4.48
3732.5,27,2.14,2.65,1.77,1.97,1.75,2.26,2.11,1.94,2.43,0.88,3.51,2.03,3.99,4.7,4.53,0.6,2.19,1.58,5.02,6.9,4.49
3733.5,27,2.16,2.65,1.78,1.97,1.76,2.26,2.11,1.94,2.43,0.88,3.5,2.04,3.98,4.7,4.56,0.61,2.19,1.58,5.02,6.91,4.51
3734.5,27,2.15,2.64,1.77,1.98,1.75,2.25,2.11,1.95,2.43,0.88,3.5,2.04,3.98,4.69,4.56,0.6,2.18,1.58,5.01,6.91,4.51
3735.52,27,2.15,2.63,1.77,1.97,1.75,2.26,2.11,1.94,2.43,0.87,3.48,2.03,3.98,4.69,4.55,0.6,2.16,1.58,5.01,6.92,4.52
3736.52,27,2.15,2.63,1.76,1.97,1.74,2.24,2.1,1.94,2.41,0.87,3.48,2.04,3.96,4.67,4.56,0.6,2.16,1.57,5.01,6.91,4.52
3737.52,27,2.16,2.65,1.79,1.98,1.76,2.26,2.11,1.95,2.44,0.88,3.49,2.05,3.98,4.68,4.58,0.62,2.18,1.58,5,6.92,4.54
3738.52,27,2.16,2.65,1.79,1.98,1.76,2.26,2.12,1.94,2.44,0.88,3.49,2.04,3.98,4.67,4.59,0.62,2.18,1.59,5.01,6.92,4.56
3739.52,27,2.15,2.63,1.77,1.97,1.75,2.25,2.11,1.94,2.43,0.87,3.48,2.03,3.97,4.65,4.59,0.6,2.16,1.58,4.99,6.91,4.55
3740.52,27,2.15,2.63,1.76,1.97,1.74,2.23,2.1,1.94,2.42,0.87,3.47,2.03,3.95,4.65,4.59,0.6,2.16,1.58,4.99,6.91,4.55
3741.52,27,2.16,2.64,1.78,1.97,1.75,2.23,2.11,1.94,2.43,0.88,3.46,2.05,3.96,4.64,4.59,0.6,2.16,1.59,5,6.9,4.56
3742.52,27,2.15,2.64,1.78,1.97,1.75,2.24,2.11,1.93,2.44,0.88,3.47,2.04,3.95,4.64,4.6,0.6,2.15,1.58,4.99,6.92,4.57
3743.53,27,2.14,2.63,1.78,1.98,1.74,2.23,2.11,1.93,2.45,0.87,3.47,2.04,3.96,4.64,4.62,0.6,2.15,1.58,4.99,6.92,4.58
3744.53,27,2.15,2.62,1.77,1.96,1.75,2.23,2.1,1.93,2.42,0.87,3.45,2.04,3.94,4.62,4.61,0.6,2.13,1.58,4.98,6.91,4.58
3745.53,27,2.16,2.64,1.79,1.98,1.75,2.23,2.11,1.95,2.43,0.88,3.46,2.04,3.95,4.63,4.62,0.61,2.15,1.58,4.99,6.93,4.6
3746.53,27,2.15,2.63,1.77,1.98,1.74,2.23,2.11,1.94,2.43,0.88,3.45,2.04,3.94,4.61,4.63,0.59,2.12,1.59,4.98,6.93,4.6
3747.55,27,2.15,2.62,1.77,1.97,1.74,2.21,2.1,1.93,2.43,0.86,3.44,2.03,3.93,4.6,4.63,0.59,2.12,1.58,4.97,6.92,4.61
3748.55,27,2.15,2.63,1.79,1.98,1.76,2.23,2.11,1.95,2.43,0.88,3.46,2.05,3.94,4.61,4.65,0.6,2.13,1.6,4.98,6.94,4.64
3749.55,27,2.16,2.63,1.78,1.98,1.76,2.22,2.11,1.94,2.45,0.88,3.46,2.05,3.93,4.6,4.65,0.6,2.13,1.59,4.97,6.93,4.63
3750.55,27,2.15,2.62,1.77,1.98,1.74,2.22,2.11,1.93,2.42,0.88,3.44,2.04,3.93,4.59,4.64,0.59,2.12,1.6,4.95,6.92,4.63
3751.55,27,2.16,2.63,1.78,1.98,1.76,2.22,2.11,1.95,2.43,0.88,3.44,2.04,3.93,4.59,4.66,0.61,2.12,1.6,4.96,6.93,4.64
3752.55,27,2.15,2.63,1.78,1.97,1.74,2.21,2.11,1.94,2.43,0.87,3.44,2.04,3.92,4.58,4.66,0.6,2.12,1.59,4.95,6.93,4.64
3753.55,27,2.17,2.62,1.78,1.98,1.76,2.22,2.11,1.94,2.44,0.87,3.44,2.04,3.93,4.58,4.67,0.58,2.12,1.61,4.95,6.95,4.66
3754.55,27,2.15,2.63,1.78,1.98,1.74,2.21,2.1,1.94,2.43,0.88,3.42,2.04,3.92,4.56,4.67,0.6,2.11,1.61,4.95,6.93,4.66
3755.57,27,2.16,2.63,1.78,1.98,1.75,2.22,2.11,1.93,2.43,0.88,3.43,2.03,3.92,4.56,4.66,0.59,2.11,1.62,4.95,6.93,4.67
3756.57,27,2.15,2.61,1.76,1.97,1.74,2.2,2.1,1.94,2.43,0.87,3.41,2.04,3.9,4.55,4.67,0.58,2.1,1.61,4.94,6.93,4.67
3757.57,27,2.15,2.61,1.77,1.97,1.75,2.2,2.1,1.93,2.44,0.87,3.42,2.05,3.9,4.53,4.67,0.59,2.1,1.62,4.93,6.93,4.67
3758.57,27,2.17,2.62,1.79,1.99,1.75,2.2,2.11,1.94,2.44,0.88,3.44,2.05,3.91,4.54,4.68,0.61,2.11,1.63,4.94,6.95,4.7
3759.57,27,2.15,2.62,1.77,1.97,1.75,2.2,2.11,1.93,2.44,0.88,3.4,2.03,3.91,4.53,4.68,0.59,2.11,1.63,4.94,6.95,4.69
3760.57,27,2.15,2.62,1.78,1.98,1.75,2.2,2.11,1.94,2.45,0.88,3.41,2.05,3.9,4.53,4.68,0.59,2.09,1.62,4.93,6.95,4.7
3761.57,27,2.15,2.61,1.76,1.96,1.74,2.19,2.1,1.93,2.43,0.87,3.39,2.03,3.89,4.5,4.68,0.58,2.08,1.62,4.91,6.94,4.7
3762.58,27,2.15,2.61,1.77,1.98,1.74,2.19,2.11,1.93,2.43,0.88,3.4,2.04,3.89,4.51,4.69,0.59,2.1,1.62,4.92,6.96,4.7
3763.58,27,2.15,2.61,1.78,1.98,1.75,2.18,2.11,1.94,2.45,0.88,3.4,2.03,3.9,4.51,4.7,0.59,2.09,1.63,4.92,6.95,4.71
3764.58,27,2.15,2.61,1.78,1.98,1.75,2.19,2.11,1.94,2.43,0.88,3.39,2.04,3.9,4.49,4.69,0.59,2.1,1.62,4.91,6.95,4.73
3765.58,27,2.15,2.61,1.77,1.98,1.75,2.19,2.11,1.94,2.45,0.88,3.4,2.05,3.88,4.48,4.69,0.6,2.09,1.63,4.91,6.98,4.73
3766.6,27,2.15,2.6,1.77,1.97,1.74,2.18,2.1,1.94,2.44,0.87,3.37,2.04,3.87,4.47,4.69,0.59,2.08,1.62,4.9,6.96,4.72
3767.6,27,2.15,2.61,1.78,1.98,1.74,2.17,2.11,1.93,2.45,0.88,3.38,2.05,3.88,4.47,4.69,0.59,2.09,1.63,4.91,6.96,4.74
3768.6,27,2.16,2.62,1.78,1.98,1.75,2.18,2.11,1.95,2.45,0.88,3.38,2.05,3.88,4.47,4.7,0.6,2.08,1.62,4.9,6.98,4.75
3769.6,27,2.16,2.6,1.78,1.98,1.75,2.18,2.11,1.94,2.46,0.88,3.38,2.04,3.87,4.46,4.7,0.6,2.08,1.63,4.91,6.98,4.76
3770.6,27,2.15,2.61,1.76,1.98,1.76,2.18,2.11,1.94,2.44,0.88,3.37,2.05,3.87,4.45,4.71,0.59,2.08,1.62,4.89,6.96,4.76
3771.6,27,2.16,2.6,1.77,1.98,1.74,2.17,2.11,1.93,2.45,0.88,3.37,2.05,3.87,4.44,4.7,0.58,2.06,1.62,4.89,6.96,4.75
3772.62,27,2.16,2.6,1.77,1.97,1.75,2.16,2.11,1.93,2.44,0.88,3.36,2.02,3.86,4.43,4.7,0.59,2.06,1.62,4.88,6.96,4.76
3773.62,27,2.15,2.6,1.76,1.96,1.74,2.16,2.1,1.92,2.44,0.86,3.35,2.04,3.85,4.42,4.69,0.59,2.07,1.61,4.87,6.96,4.77
3774.62,27,2.17,2.6,1.78,1.98,1.75,2.16,2.11,1.93,2.44,0.88,3.35,2.06,3.85,4.41,4.71,0.58,2.06,1.63,4.88,6.98,4.77
3775.62,27,2.15,2.6,1.77,1.96,1.74,2.15,2.11,1.92,2.43,0.87,3.34,2.04,3.83,4.4,4.7,0.57,2.05,1.62,4.85,6.96,4.76
3776.62,27,2.16,2.6,1.76,1.97,1.76,2.15,2.11,1.93,2.44,0.88,3.34,2.04,3.84,4.41,4.71,0.58,2.05,1.62,4.87,6.98,4.78
3777.62,27,2.17,2.61,1.79,1.98,1.75,2.17,2.11,1.95,2.45,0.88,3.36,2.06,3.85,4.41,4.71,0.59,2.06,1.63,4.88,7,4.79
3778.62,27,2.14,2.6,1.77,1.97,1.75,2.16,2.11,1.93,2.45,0.88,3.33,2.04,3.83,4.39,4.69,0.57,2.05,1.62,4.85,6.98,4.78
3779.62,27,2.16,2.6,1.77,1.97,1.75,2.16,2.11,1.94,2.45,0.88,3.33,2.04,3.83,4.39,4.7,0.59,2.05,1.63,4.85,6.96,4.78
3780.62,27,2.15,2.6,1.77,1.97,1.74,2.15,2.11,1.93,2.44,0.88,3.33,2.05,3.83,4.38,4.7,0.58,2.03,1.62,4.85,6.99,4.78
3781.62,27,2.15,2.59,1.77,1.98,1.74,2.13,2.11,1.93,2.43,0.87,3.32,2.04,3.82,4.36,4.69,0.58,2.04,1.61,4.84,6.96,4.78
3782.63,27,2.16,2.6,1.77,1.98,1.76,2.15,2.11,1.94,2.44,0.88,3.33,2.05,3.83,4.37,4.71,0.58,2.05,1.63,4.85,7,4.79
3783.63,27,2.16,2.6,1.77,1.98,1.75,2.15,2.11,1.94,2.45,0.88,3.33,2.06,3.82,4.37,4.69,0.59,2.04,1.62,4.85,7,4.8
3784.63,27,2.15,2.59,1.76,1.97,1.74,2.13,2.09,1.93,2.43,0.86,3.3,2.04,3.81,4.35,4.7,0.57,2.03,1.62,4.84,6.98,4.8
3785.63,27,2.16,2.6,1.76,1.98,1.75,2.13,2.11,1.92,2.45,0.87,3.31,2.04,3.81,4.35,4.7,0.59,2.03,1.62,4.84,6.98,4.8
3786.63,27,2.14,2.59,1.76,1.97,1.74,2.12,2.09,1.93,2.45,0.88,3.31,2.04,3.81,4.34,4.69,0.58,2.02,1.62,4.82,6.99,4.79
3787.65,27,2.15,2.59,1.76,1.96,1.74,2.13,2.11,1.93,2.44,0.87,3.29,2.04,3.8,4.33,4.69,0.57,2.02,1.62,4.83,6.99,4.8
3788.65,27,2.15,2.59,1.76,1.97,1.74,2.12,2.11,1.93,2.43,0.87,3.3,2.03,3.8,4.31,4.69,0.58,2.01,1.62,4.83,6.99,4.8
3789.65,27,2.15,2.59,1.76,1.97,1.75,2.11,2.11,1.93,2.45,0.87,3.3,2.04,3.79,4.31,4.68,0.57,2.01,1.62,4.83,7,4.79
3790.65,27,2.17,2.6,1.78,1.98,1.74,2.12,2.11,1.94,2.46,0.88,3.3,2.05,3.81,4.32,4.7,0.59,2.02,1.63,4.83,7,4.81
3791.65,27,2.15,2.59,1.77,1.98,1.74,2.11,2.1,1.93,2.45,0.87,3.29,2.04,3.8,4.3,4.68,0.58,2.01,1.63,4.81,6.99,4.81
3792.65,27,2.15,2.58,1.76,1.97,1.73,2.11,2.1,1.92,2.45,0.87,3.28,2.04,3.79,4.3,4.68,0.58,2,1.62,4.81,6.98,4.81
3793.65,27,2.14,2.58,1.76,1.97,1.74,2.11,2.1,1.92,2.44,0.88,3.28,2.05,3.78,4.28,4.68,0.58,2.01,1.62,4.81,6.99,4.8
3794.65,27,2.16,2.57,1.77,1.98,1.75,2.11,2.11,1.93,2.45,0.88,3.28,2.04,3.8,4.29,4.69,0.58,2,1.63,4.81,7,4.81
3795.65,27,2.14,2.57,1.76,1.97,1.74,2.1,2.11,1.92,2.43,0.87,3.27,2.04,3.79,4.27,4.67,0.57,2,1.62,4.8,6.98,4.8
3796.65,27,2.15,2.57,1.76,1.97,1.74,2.1,2.11,1.91,2.44,0.88,3.26,2.03,3.77,4.27,4.67,0.57,1.98,1.63,4.8,6.99,4.81
3797.65,27,2.15,2.56,1.75,1.97,1.75,2.1,2.11,1.91,2.44,0.87,3.26,2.03,3.77,4.26,4.68,0.58,1.98,1.64,4.8,6.99,4.81
3798.65,27,2.15,2.57,1.77,1.98,1.75,2.1,2.11,1.94,2.45,0.88,3.27,2.05,3.78,4.27,4.68,0.59,1.99,1.64,4.8,6.99,4.82
3799.65,27,2.15,2.57,1.77,1.98,1.75,2.11,2.11,1.93,2.45,0.88,3.26,2.05,3.79,4.26,4.67,0.58,1.99,1.64,4.8,7,4.82
3800.67,27,2.15,2.57,1.76,1.97,1.74,2.1,2.09,1.92,2.44,0.88,3.26,2.03,3.77,4.24,4.66,0.58,1.98,1.64,4.79,6.99,4.81
3801.67,27,2.15,2.57,1.76,1.97,1.74,2.09,2.11,1.93,2.43,0.87,3.25,2.04,3.77,4.24,4.67,0.58,1.97,1.63,4.8,6.99,4.83
3802.67,27,2.15,2.57,1.77,1.97,1.75,2.09,2.1,1.92,2.44,0.87,3.26,2.04,3.76,4.23,4.66,0.57,1.97,1.64,4.78,6.99,4.81
3803.67,27,2.16,2.58,1.77,1.97,1.75,2.09,2.1,1.92,2.44,0.88,3.25,2.04,3.78,4.23,4.67,0.59,1.99,1.64,4.78,7,4.82
3804.67,27,2.14,2.56,1.76,1.96,1.74,2.08,2.1,1.92,2.43,0.87,3.24,2.04,3.75,4.21,4.65,0.57,1.96,1.63,4.78,6.99,4.82
3805.67,27,2.15,2.56,1.76,1.96,1.74,2.07,2.1,1.92,2.44,0.88,3.23,2.05,3.76,4.2,4.66,0.58,1.95,1.63,4.77,6.99,4.82
3806.68,27,2.16,2.55,1.76,1.97,1.74,2.09,2.11,1.92,2.42,0.87,3.23,2.04,3.76,4.2,4.65,0.58,1.95,1.64,4.77,6.99,4.83
3807.68,27,2.17,2.57,1.77,1.99,1.75,2.09,2.11,1.94,2.46,0.88,3.23,2.06,3.76,4.2,4.66,0.59,1.97,1.64,4.78,7,4.83
3808.68,27,2.15,2.55,1.76,1.98,1.74,2.07,2.11,1.92,2.44,0.87,3.22,2.04,3.76,4.2,4.65,0.58,1.95,1.64,4.77,6.99,4.83
3809.68,27,2.15,2.56,1.75,1.97,1.74,2.08,2.1,1.92,2.44,0.88,3.23,2.04,3.75,4.19,4.64,0.58,1.95,1.63,4.75,6.98,4.82
3810.68,27,2.16,2.57,1.77,1.97,1.74,2.07,2.1,1.94,2.44,0.88,3.22,2.04,3.76,4.19,4.64,0.58,1.95,1.64,4.77,7,4.82
3811.7,27,2.16,2.56,1.76,1.97,1.75,2.07,2.11,1.93,2.43,0.87,3.22,2.03,3.76,4.18,4.64,0.58,1.94,1.64,4.77,7,4.83
3812.7,27,2.14,2.54,1.77,1.97,1.75,2.06,2.1,1.93,2.44,0.87,3.2,2.03,3.74,4.16,4.63,0.58,1.93,1.62,4.75,6.99,4.83
3813.7,27,2.15,2.56,1.76,1.96,1.75,2.06,2.11,1.92,2.42,0.87,3.22,2.02,3.75,4.16,4.63,0.58,1.93,1.63,4.74,6.99,4.82
3814.72,27,2.15,2.55,1.75,1.96,1.74,2.06,2.1,1.92,2.42,0.87,3.2,2.04,3.73,4.14,4.62,0.57,1.93,1.63,4.75,6.99,4.82
3815.72,27,2.15,2.55,1.75,1.97,1.74,2.05,2.1,1.92,2.44,0.87,3.21,2.03,3.74,4.15,4.62,0.58,1.92,1.63,4.75,6.99,4.83
3816.72,27,2.15,2.54,1.75,1.97,1.74,2.06,2.11,1.91,2.44,0.88,3.19,2.03,3.74,4.15,4.62,0.57,1.91,1.63,4.74,6.99,4.83
3817.73,27,2.14,2.54,1.76,1.96,1.73,2.05,2.1,1.92,2.43,0.87,3.19,2.04,3.73,4.14,4.62,0.57,1.91,1.62,4.73,7,4.82
3818.73,27,2.16,2.56,1.76,1.97,1.74,2.06,2.1,1.91,2.43,0.87,3.2,2.04,3.74,4.14,4.61,0.57,1.91,1.63,4.73,6.99,4.83
3819.73,27,2.16,2.53,1.76,1.97,1.74,2.05,2.1,1.92,2.43,0.87,3.2,2.03,3.72,4.13,4.61,0.57,1.91,1.62,4.74,6.99,4.83
3820.73,27,2.16,2.54,1.75,1.97,1.74,2.05,2.1,1.92,2.44,0.88,3.19,2.03,3.73,4.13,4.62,0.58,1.91,1.63,4.73,6.99,4.83
3821.75,27,2.15,2.53,1.76,1.97,1.74,2.06,2.1,1.92,2.43,0.87,3.19,2.03,3.73,4.11,4.61,0.58,1.9,1.63,4.74,7,4.83
3822.75,27,2.14,2.54,1.75,1.97,1.74,2.05,2.11,1.92,2.43,0.86,3.19,2.04,3.73,4.11,4.61,0.57,1.89,1.62,4.73,7,4.83
3823.75,27,2.15,2.54,1.75,1.97,1.74,2.04,2.1,1.92,2.43,0.87,3.18,2.04,3.72,4.11,4.61,0.58,1.9,1.62,4.73,7.01,4.83
3824.75,27,2.16,2.55,1.77,1.98,1.75,2.05,2.11,1.93,2.43,0.88,3.17,2.05,3.73,4.1,4.61,0.58,1.91,1.63,4.72,7,4.83
3825.75,27,2.15,2.54,1.76,1.97,1.74,2.04,2.11,1.92,2.43,0.87,3.17,2.04,3.73,4.1,4.61,0.57,1.89,1.63,4.74,7,4.83
3826.75,27,2.15,2.53,1.76,1.97,1.74,2.04,2.1,1.92,2.43,0.87,3.17,2.03,3.72,4.09,4.6,0.57,1.89,1.62,4.72,7,4.83
3827.75,27,2.17,2.54,1.76,1.98,1.74,2.05,2.11,1.94,2.43,0.88,3.18,2.04,3.72,4.08,4.61,0.58,1.88,1.63,4.73,7.01,4.84
3828.75,27,2.16,2.54,1.76,1.97,1.74,2.04,2.1,1.93,2.43,0.88,3.17,2.05,3.72,4.07,4.61,0.57,1.88,1.63,4.73,7,4.84
3829.75,27,2.15,2.53,1.76,1.98,1.74,2.04,2.11,1.92,2.42,0.88,3.16,2.03,3.71,4.08,4.6,0.57,1.87,1.62,4.71,7,4.83
3830.75,27,2.16,2.52,1.75,1.97,1.74,2.04,2.1,1.91,2.42,0.87,3.17,2.03,3.72,4.07,4.59,0.57,1.87,1.62,4.72,7,4.82
3831.75,27,2.17,2.53,1.75,1.99,1.75,2.05,2.11,1.93,2.43,0.88,3.17,2.05,3.72,4.07,4.61,0.58,1.87,1.63,4.72,7.01,4.84
3832.77,27,2.15,2.52,1.74,1.96,1.74,2.03,2.11,1.91,2.42,0.87,3.15,2.04,3.72,4.06,4.59,0.57,1.85,1.62,4.71,7.01,4.84
3833.77,27,2.15,2.52,1.74,1.95,1.73,2.03,2.1,1.91,2.41,0.86,3.14,2.03,3.7,4.04,4.59,0.57,1.85,1.61,4.7,6.99,4.83
3834.77,27,2.15,2.51,1.74,1.96,1.73,2.03,2.11,1.91,2.41,0.87,3.15,2.02,3.69,4.04,4.58,0.57,1.84,1.6,4.7,6.99,4.83
3835.77,27,2.15,2.52,1.75,1.97,1.74,2.03,2.11,1.92,2.42,0.87,3.15,2.04,3.72,4.05,4.59,0.57,1.85,1.62,4.71,7.01,4.84
3836.77,27,2.14,2.51,1.74,1.96,1.73,2.02,2.11,1.91,2.41,0.87,3.14,2.03,3.69,4.03,4.58,0.57,1.83,1.61,4.7,7.01,4.82
3837.77,27,2.15,2.52,1.75,1.97,1.74,2.03,2.11,1.92,2.42,0.87,3.14,2.04,3.71,4.03,4.59,0.57,1.84,1.61,4.7,7.01,4.83
3838.77,27,2.16,2.51,1.76,1.97,1.74,2.03,2.1,1.92,2.42,0.88,3.15,2.03,3.7,4.03,4.58,0.57,1.83,1.61,4.7,7.01,4.83
3839.77,27,2.15,2.51,1.75,1.96,1.73,2.03,2.1,1.91,2.42,0.87,3.14,2.03,3.69,4.02,4.58,0.57,1.83,1.61,4.69,7.01,4.84
3840.77,27,2.16,2.52,1.75,1.97,1.74,2.02,2.1,1.91,2.41,0.86,3.13,2.03,3.69,4,4.58,0.57,1.83,1.61,4.7,7.01,4.82
3841.77,27,2.15,2.5,1.75,1.96,1.73,2.02,2.1,1.91,2.41,0.86,3.13,2.02,3.7,4.01,4.58,0.57,1.82,1.61,4.7,7.01,4.82
3842.77,27,2.14,2.51,1.74,1.97,1.74,2.01,2.1,1.91,2.4,0.87,3.13,2.03,3.7,4.01,4.57,0.57,1.82,1.6,4.7,7,4.82
3843.77,27,2.15,2.51,1.75,1.97,1.74,2.01,2.11,1.92,2.41,0.87,3.13,2.03,3.69,4,4.57,0.57,1.82,1.61,4.69,7.01,4.83
3844.77,27,2.15,2.51,1.74,1.96,1.74,2.01,2.11,1.91,2.4,0.87,3.13,2.03,3.7,4,4.56,0.57,1.82,1.61,4.69,6.99,4.82
3845.77,27,2.15,2.52,1.75,1.97,1.73,2.01,2.1,1.92,2.41,0.87,3.13,2.04,3.7,3.99,4.57,0.57,1.82,1.61,4.7,7.01,4.83
3846.78,27,2.15,2.5,1.75,1.97,1.73,2.01,2.1,1.91,2.41,0.87,3.12,2.03,3.69,3.98,4.56,0.57,1.8,1.6,4.68,7,4.83
3847.78,27,2.15,2.49,1.74,1.97,1.74,2.01,2.11,1.92,2.41,0.86,3.13,2.03,3.69,3.97,4.56,0.57,1.8,1.59,4.69,7,4.82
3848.78,27,2.16,2.52,1.75,1.97,1.74,2.01,2.11,1.92,2.42,0.87,3.13,2.04,3.7,3.99,4.57,0.57,1.81,1.61,4.69,7.01,4.83
3849.78,27,2.15,2.5,1.74,1.97,1.72,2.01,2.1,1.91,2.41,0.87,3.13,2.04,3.69,3.97,4.55,0.57,1.81,1.61,4.68,7.01,4.83
3850.78,27,2.15,2.5,1.74,1.97,1.73,2.01,2.1,1.91,2.4,0.87,3.12,2.03,3.68,3.96,4.55,0.57,1.8,1.6,4.68,7,4.82
3851.78,27,2.15,2.51,1.74,1.97,1.73,2.01,2.1,1.92,2.41,0.87,3.12,2.03,3.69,3.97,4.55,0.57,1.81,1.6,4.68,7.02,4.82
3852.78,27,2.15,2.5,1.74,1.97,1.73,2.01,2.1,1.91,2.41,0.88,3.11,2.03,3.69,3.96,4.55,0.58,1.79,1.6,4.68,7.01,4.83
3853.78,27,2.16,2.51,1.74,1.97,1.73,2,2.1,1.92,2.4,0.88,3.11,2.03,3.69,3.95,4.55,0.57,1.81,1.59,4.66,7.01,4.82
3854.78,27,2.16,2.5,1.75,1.97,1.73,2.01,2.11,1.91,2.41,0.87,3.11,2.04,3.68,3.95,4.53,0.57,1.8,1.6,4.68,7.02,4.82
3855.78,27,2.16,2.51,1.75,1.97,1.72,2.01,2.11,1.92,2.41,0.87,3.11,2.03,3.68,3.95,4.55,0.57,1.8,1.6,4.68,7.03,4.82
3856.78,27,2.15,2.49,1.75,1.97,1.73,2,2.11,1.91,2.41,0.86,3.1,2.04,3.68,3.95,4.54,0.57,1.8,1.59,4.67,7.02,4.81
3857.78,27,2.16,2.51,1.75,1.97,1.74,2,2.11,1.93,2.42,0.87,3.12,2.04,3.68,3.94,4.54,0.58,1.8,1.59,4.67,7.02,4.82
3858.78,27,2.14,2.49,1.74,1.97,1.72,2,2.11,1.92,2.4,0.88,3.12,2.04,3.67,3.94,4.54,0.57,1.79,1.59,4.66,7.01,4.82
3859.78,27,2.14,2.49,1.73,1.96,1.72,1.99,2.11,1.92,2.38,0.86,3.11,2.01,3.66,3.92,4.53,0.56,1.78,1.58,4.66,7.01,4.82
3860.78,27,2.15,2.48,1.74,1.97,1.73,2,2.1,1.92,2.4,0.88,3.1,2.03,3.66,3.92,4.52,0.57,1.79,1.59,4.66,7.02,4.81
3861.8,27,2.15,2.5,1.74,1.98,1.72,1.99,2.1,1.92,2.4,0.88,3.11,2.03,3.66,3.93,4.53,0.57,1.78,1.59,4.67,7.01,4.81
3862.8,27,2.16,2.5,1.75,1.98,1.73,1.99,2.11,1.92,2.41,0.88,3.11,2.04,3.66,3.92,4.53,0.57,1.79,1.58,4.66,7.02,4.81
3863.8,27,2.15,2.5,1.74,1.97,1.72,1.99,2.11,1.92,2.41,0.87,3.1,2.04,3.66,3.91,4.53,0.57,1.79,1.59,4.65,7.02,4.81
3864.8,27,2.15,2.49,1.74,1.97,1.72,1.98,2.11,1.92,2.4,0.87,3.1,2.03,3.65,3.91,4.51,0.57,1.78,1.57,4.66,7.02,4.8
3865.8,27,2.14,2.48,1.74,1.97,1.72,1.98,2.1,1.91,2.4,0.87,3.1,2.03,3.65,3.9,4.51,0.57,1.77,1.58,4.65,7.02,4.81
3866.8,27,2.13,2.48,1.74,1.97,1.72,1.98,2.11,1.91,2.4,0.87,3.09,2.03,3.64,3.89,4.5,0.57,1.77,1.57,4.65,7.02,4.8
3867.8,27,2.13,2.48,1.73,1.96,1.72,1.97,2.11,1.91,2.39,0.86,3.09,2.02,3.64,3.9,4.49,0.56,1.77,1.57,4.65,7.01,4.81
3868.8,27,2.15,2.48,1.74,1.96,1.72,1.98,2.11,1.91,2.41,0.87,3.1,2.03,3.64,3.89,4.5,0.57,1.77,1.57,4.64,7.01,4.81
3869.8,27,2.15,2.48,1.75,1.98,1.71,1.97,2.11,1.91,2.4,0.86,3.1,2.02,3.64,3.89,4.5,0.56,1.78,1.57,4.64,7.02,4.81
3870.8,27,2.14,2.48,1.74,1.97,1.72,1.97,2.11,1.91,2.42,0.86,3.1,2.03,3.64,3.89,4.49,0.57,1.78,1.57,4.66,7.02,4.81
3871.8,27,2.13,2.47,1.74,1.96,1.72,1.97,2.11,1.91,2.39,0.87,3.08,2.01,3.63,3.88,4.49,0.57,1.76,1.56,4.64,7.01,4.8
3872.82,27,2.13,2.48,1.73,1.96,1.71,1.97,2.11,1.91,2.39,0.86,3.09,2.02,3.62,3.87,4.48,0.57,1.75,1.56,4.64,7.01,4.8
3873.82,27,2.15,2.48,1.75,1.97,1.72,1.97,2.11,1.92,2.41,0.87,3.1,2.03,3.64,3.88,4.49,0.57,1.77,1.57,4.64,7.03,4.81
3874.82,27,2.14,2.47,1.73,1.96,1.72,1.96,2.11,1.91,2.39,0.86,3.09,2.02,3.63,3.85,4.47,0.57,1.76,1.55,4.64,7.01,4.8
3875.82,27,2.16,2.48,1.75,1.97,1.72,1.97,2.1,1.92,2.41,0.87,3.09,2.02,3.62,3.87,4.48,0.57,1.76,1.56,4.64,7.02,4.81
3876.82,27,2.14,2.47,1.74,1.97,1.72,1.97,2.11,1.92,2.39,0.86,3.08,2.02,3.61,3.86,4.47,0.57,1.75,1.56,4.63,7.03,4.81
3877.82,27,2.14,2.49,1.75,1.97,1.72,1.96,2.11,1.91,2.4,0.87,3.09,2.01,3.62,3.86,4.47,0.57,1.76,1.57,4.64,7.03,4.81
3878.82,27,2.14,2.47,1.73,1.96,1.72,1.96,2.11,1.91,2.42,0.86,3.07,2.02,3.6,3.85,4.46,0.56,1.76,1.55,4.62,7.02,4.81
3879.82,27,2.14,2.46,1.73,1.96,1.71,1.95,2.1,1.91,2.4,0.85,3.07,2.01,3.6,3.84,4.47,0.56,1.75,1.55,4.62,7.01,4.79
3880.83,27,2.15,2.47,1.75,1.97,1.72,1.97,2.11,1.92,2.42,0.87,3.09,2.03,3.61,3.86,4.48,0.57,1.76,1.56,4.64,7.03,4.8
3881.83,27,2.14,2.47,1.73,1.96,1.72,1.95,2.1,1.91,2.41,0.86,3.06,2.01,3.6,3.83,4.46,0.56,1.75,1.55,4.62,7.02,4.79
3882.83,27,2.15,2.47,1.74,1.96,1.72,1.96,2.11,1.91,2.41,0.87,3.08,2.01,3.6,3.84,4.47,0.57,1.76,1.55,4.62,7.02,4.8
3883.83,27,2.14,2.45,1.74,1.96,1.72,1.96,2.09,1.91,2.41,0.86,3.06,2.01,3.59,3.83,4.46,0.57,1.74,1.55,4.62,7.01,4.81
3884.83,27,2.14,2.46,1.74,1.96,1.72,1.94,2.1,1.91,2.4,0.86,3.06,2.01,3.58,3.82,4.47,0.56,1.75,1.55,4.62,7.02,4.8
3885.83,27,2.13,2.47,1.74,1.96,1.72,1.95,2.11,1.91,2.4,0.85,3.07,2.02,3.59,3.83,4.48,0.55,1.75,1.55,4.61,7.02,4.8
3886.83,27,2.13,2.46,1.73,1.96,1.72,1.95,2.1,1.91,2.41,0.86,3.07,2.02,3.58,3.82,4.48,0.56,1.74,1.55,4.62,7.03,4.8
3887.83,27,2.14,2.45,1.73,1.97,1.72,1.95,2.11,1.91,2.4,0.86,3.06,2.02,3.59,3.83,4.49,0.56,1.74,1.55,4.61,7.02,4.8
3888.83,27,2.13,2.46,1.73,1.97,1.72,1.95,2.1,1.91,2.42,0.86,3.06,2.02,3.58,3.82,4.49,0.57,1.73,1.55,4.62,7.03,4.79
3889.85,27,2.13,2.46,1.74,1.96,1.72,1.95,2.1,1.91,2.42,0.86,3.06,2.01,3.57,3.81,4.49,0.56,1.74,1.55,4.61,7.02,4.8
3890.85,27,2.14,2.46,1.73,1.96,1.72,1.94,2.1,1.91,2.41,0.86,3.05,2.01,3.57,3.8,4.49,0.55,1.73,1.54,4.6,7.02,4.79
3891.85,27,2.13,2.46,1.74,1.96,1.72,1.94,2.11,1.91,2.41,0.86,3.06,2.01,3.58,3.8,4.49,0.56,1.74,1.55,4.6,7.03,4.8
3892.85,27,2.13,2.46,1.74,1.97,1.73,1.96,2.11,1.91,2.42,0.87,3.05,2.02,3.58,3.81,4.49,0.57,1.74,1.55,4.62,7.03,4.8
3893.85,27,2.14,2.47,1.74,1.97,1.73,1.96,2.11,1.91,2.42,0.87,3.06,2.01,3.58,3.81,4.5,0.56,1.74,1.55,4.61,7.04,4.8
3894.85,27,2.13,2.46,1.73,1.96,1.72,1.94,2.1,1.91,2.42,0.85,3.05,2.02,3.57,3.8,4.5,0.56,1.73,1.55,4.59,7.03,4.79
3895.87,27,2.13,2.46,1.74,1.96,1.72,1.94,2.11,1.91,2.43,0.86,3.05,2.01,3.57,3.8,4.5,0.57,1.72,1.55,4.61,7.04,4.79
3896.87,27,2.14,2.45,1.73,1.97,1.72,1.95,2.11,1.91,2.44,0.86,3.05,2.02,3.56,3.79,4.5,0.57,1.73,1.55,4.6,7.03,4.8
3897.87,27,2.13,2.45,1.73,1.96,1.73,1.95,2.1,1.91,2.43,0.86,3.04,2.01,3.57,3.79,4.51,0.56,1.73,1.55,4.59,7.04,4.79
3898.87,27,2.13,2.45,1.73,1.96,1.72,1.94,2.08,1.91,2.43,0.85,3.03,2.01,3.55,3.78,4.5,0.55,1.72,1.54,4.58,7.04,4.79
3899.87,27,2.13,2.46,1.74,1.96,1.72,1.94,2.09,1.91,2.42,0.85,3.03,2.01,3.55,3.78,4.49,0.56,1.72,1.54,4.59,7.04,4.79
3900.87,27,2.13,2.45,1.72,1.96,1.72,1.94,2.1,1.91,2.43,0.86,3.04,2.01,3.54,3.77,4.5,0.55,1.72,1.55,4.58,7.04,4.79
3901.87,27,2.13,2.45,1.73,1.96,1.72,1.94,2.09,1.91,2.44,0.86,3.03,2.01,3.55,3.76,4.49,0.56,1.72,1.55,4.58,7.04,4.79
3902.87,27,2.14,2.45,1.74,1.96,1.72,1.94,2.11,1.91,2.43,0.86,3.03,2.01,3.55,3.77,4.49,0.57,1.72,1.55,4.59,7.04,4.8
3903.88,27,2.13,2.45,1.73,1.96,1.72,1.93,2.11,1.91,2.43,0.86,3.03,2.02,3.54,3.77,4.48,0.56,1.73,1.55,4.57,7.03,4.79
3904.88,27,2.13,2.45,1.73,1.96,1.72,1.94,2.1,1.91,2.44,0.85,3.02,2.01,3.54,3.76,4.5,0.56,1.72,1.55,4.58,7.03,4.79
3905.88,27,2.13,2.44,1.73,1.95,1.71,1.92,2.09,1.91,2.42,0.85,3.02,2.01,3.53,3.75,4.48,0.55,1.72,1.54,4.58,7.03,4.78
3906.88,27,2.12,2.45,1.73,1.96,1.72,1.93,2.1,1.9,2.44,0.85,3.03,2.01,3.54,3.76,4.5,0.56,1.72,1.55,4.59,7.05,4.8
3907.9,27,2.13,2.44,1.72,1.96,1.72,1.92,2.11,1.91,2.44,0.87,3.02,2.01,3.53,3.75,4.5,0.56,1.72,1.55,4.57,7.04,4.8
3908.9,27,2.13,2.44,1.73,1.96,1.72,1.93,2.1,1.91,2.45,0.86,3.02,2.02,3.53,3.75,4.5,0.56,1.72,1.55,4.58,7.05,4.8
3909.9,27,2.14,2.46,1.74,1.97,1.72,1.93,2.11,1.9,2.44,0.86,3.03,2.02,3.53,3.75,4.5,0.57,1.72,1.55,4.58,7.05,4.8
3910.9,27,2.13,2.45,1.73,1.95,1.71,1.92,2.1,1.91,2.44,0.85,3.02,2.01,3.52,3.74,4.5,0.56,1.71,1.54,4.56,7.04,4.79
3911.9,27,2.14,2.46,1.73,1.96,1.72,1.92,2.11,1.91,2.44,0.85,3.02,2.01,3.52,3.73,4.5,0.56,1.71,1.55,4.57,7.07,4.81
3912.9,27,2.13,2.45,1.73,1.96,1.72,1.92,2.1,1.91,2.44,0.85,3.02,2.02,3.51,3.74,4.51,0.56,1.71,1.55,4.57,7.05,4.79
3913.9,27,2.14,2.45,1.73,1.96,1.72,1.93,2.1,1.91,2.45,0.86,3.01,2.01,3.52,3.74,4.5,0.55,1.72,1.55,4.57,7.05,4.78
3914.9,27,2.13,2.45,1.73,1.96,1.72,1.92,2.11,1.91,2.45,0.85,3.01,2.01,3.51,3.72,4.51,0.56,1.71,1.55,4.57,7.07,4.78
3915.92,27,2.13,2.44,1.73,1.96,1.72,1.92,2.1,1.91,2.46,0.86,3.01,2.01,3.52,3.72,4.51,0.56,1.71,1.55,4.55,7.05,4.79
3916.92,27,2.13,2.45,1.72,1.96,1.72,1.92,2.1,1.91,2.44,0.85,3.01,2.02,3.52,3.72,4.51,0.56,1.7,1.55,4.56,7.07,4.79
3917.92,27,2.13,2.43,1.73,1.97,1.72,1.91,2.1,1.91,2.45,0.86,3,2.01,3.52,3.72,4.51,0.55,1.71,1.55,4.56,7.07,4.79
3918.92,27,2.13,2.43,1.73,1.96,1.72,1.92,2.11,1.91,2.45,0.85,3,2.01,3.51,3.72,4.5,0.56,1.71,1.55,4.54,7.07,4.79
3919.92,27,2.15,2.46,1.74,1.97,1.72,1.93,2.11,1.92,2.47,0.88,3.01,2.02,3.51,3.73,4.52,0.56,1.7,1.56,4.56,7.09,4.79
3920.92,27,2.13,2.44,1.72,1.97,1.72,1.92,2.1,1.91,2.45,0.86,3,2.01,3.51,3.71,4.51,0.56,1.7,1.55,4.55,7.05,4.78
3921.92,27,2.13,2.44,1.73,1.96,1.72,1.91,2.1,1.91,2.44,0.85,3.01,2.01,3.51,3.71,4.5,0.55,1.7,1.55,4.55,7.05,4.78
3922.92,27,2.13,2.43,1.72,1.97,1.71,1.91,2.1,1.91,2.45,0.85,2.99,2.01,3.49,3.69,4.49,0.55,1.69,1.54,4.56,7.04,4.77
3923.92,27,2.12,2.42,1.72,1.95,1.71,1.91,2.08,1.89,2.44,0.84,2.98,2.01,3.49,3.68,4.49,0.54,1.68,1.54,4.54,7.05,4.77
3924.93,27,2.13,2.44,1.73,1.97,1.72,1.91,2.1,1.91,2.45,0.86,2.99,2.01,3.5,3.69,4.49,0.56,1.7,1.54,4.55,7.07,4.78
3925.93,27,2.14,2.43,1.73,1.96,1.71,1.91,2.1,1.91,2.45,0.86,3,2.01,3.49,3.69,4.49,0.56,1.68,1.54,4.55,7.08,4.77
3926.93,27,2.14,2.42,1.74,1.96,1.72,1.91,2.1,1.91,2.45,0.86,3.01,2.01,3.5,3.68,4.5,0.56,1.69,1.54,4.54,7.07,4.77
3927.93,27,2.13,2.43,1.72,1.96,1.72,1.91,2.09,1.91,2.45,0.86,2.99,2.01,3.49,3.68,4.48,0.54,1.69,1.53,4.54,7.05,4.77
3928.93,27,2.12,2.43,1.73,1.97,1.72,1.91,2.1,1.91,2.45,0.86,3,2.02,3.48,3.69,4.48,0.55,1.69,1.55,4.55,7.05,4.77
3929.93,27,2.12,2.42,1.72,1.96,1.72,1.91,2.1,1.91,2.45,0.85,2.99,2.01,3.48,3.67,4.47,0.55,1.68,1.54,4.54,7.05,4.76
3930.93,27,2.14,2.41,1.73,1.96,1.72,1.9,2.08,1.9,2.45,0.86,2.99,2.01,3.48,3.67,4.46,0.54,1.67,1.53,4.53,7.07,4.76
3931.93,27,2.14,2.41,1.73,1.96,1.72,1.91,2.1,1.91,2.46,0.86,2.98,2.01,3.48,3.67,4.47,0.55,1.68,1.53,4.54,7.05,4.77
3932.93,27,2.13,2.42,1.73,1.96,1.72,1.9,2.1,1.91,2.45,0.85,2.98,2.01,3.48,3.67,4.46,0.55,1.67,1.53,4.53,7.04,4.75
3933.93,27,2.13,2.41,1.72,1.94,1.7,1.88,2.09,1.9,2.43,0.85,2.97,2,3.47,3.65,4.44,0.54,1.66,1.52,4.52,7.05,4.75
3934.95,27,2.11,2.41,1.71,1.95,1.71,1.88,2.08,1.89,2.43,0.83,2.98,2.01,3.46,3.64,4.45,0.54,1.66,1.51,4.52,7.04,4.74
3935.95,27,2.14,2.42,1.73,1.96,1.72,1.89,2.1,1.9,2.44,0.86,2.98,2.01,3.47,3.66,4.46,0.55,1.67,1.54,4.54,7.07,4.75
3936.95,27,2.12,2.41,1.72,1.95,1.72,1.89,2.1,1.91,2.43,0.85,2.98,2.01,3.46,3.64,4.44,0.54,1.66,1.52,4.53,7.04,4.75
3937.95,27,2.13,2.41,1.72,1.97,1.72,1.89,2.1,1.91,2.44,0.84,2.98,2.02,3.47,3.65,4.45,0.56,1.67,1.53,4.52,7.04,4.75
3938.95,27,2.13,2.41,1.72,1.97,1.71,1.89,2.09,1.9,2.43,0.84,2.97,2.01,3.46,3.65,4.44,0.54,1.66,1.53,4.52,7.03,4.74
3939.95,27,2.13,2.41,1.73,1.96,1.71,1.89,2.1,1.91,2.43,0.85,2.98,2.01,3.46,3.64,4.44,0.55,1.66,1.53,4.52,7.05,4.73
3940.95,27,2.13,2.41,1.73,1.97,1.72,1.9,2.1,1.91,2.45,0.86,2.98,2.02,3.46,3.64,4.45,0.56,1.67,1.53,4.51,7.05,4.75
3941.95,27,2.13,2.41,1.72,1.97,1.72,1.88,2.11,1.9,2.45,0.86,2.98,2.01,3.46,3.64,4.44,0.55,1.66,1.54,4.51,7.05,4.75
3942.95,27,2.13,2.4,1.72,1.96,1.72,1.88,2.1,1.91,2.44,0.86,2.97,2.01,3.46,3.64,4.43,0.55,1.66,1.53,4.52,7.05,4.75
3943.97,27,2.13,2.4,1.72,1.97,1.71,1.88,2.09,1.9,2.44,0.84,2.97,2.01,3.45,3.64,4.43,0.55,1.66,1.53,4.52,7.04,4.73
3944.97,27,2.13,2.4,1.72,1.95,1.72,1.88,2.1,1.91,2.43,0.85,2.97,2.01,3.45,3.63,4.42,0.54,1.65,1.52,4.51,7.04,4.74
3945.97,27,2.13,2.4,1.72,1.97,1.72,1.89,2.11,1.91,2.44,0.86,2.98,2.01,3.44,3.64,4.42,0.56,1.66,1.53,4.52,7.05,4.74
3946.97,27,2.13,2.39,1.72,1.96,1.72,1.87,2.09,1.91,2.44,0.85,2.96,2.01,3.45,3.62,4.42,0.55,1.65,1.52,4.51,7.04,4.74
3947.97,27,2.13,2.38,1.72,1.96,1.71,1.87,2.09,1.9,2.44,0.84,2.97,2.01,3.44,3.62,4.42,0.55,1.64,1.52,4.51,7.03,4.72
3948.97,27,2.13,2.39,1.72,1.95,1.72,1.87,2.11,1.91,2.43,0.84,2.96,2.01,3.44,3.61,4.4,0.54,1.64,1.52,4.51,7.03,4.73
3949.98,27,2.13,2.39,1.72,1.95,1.71,1.86,2.1,1.9,2.43,0.85,2.95,2.01,3.44,3.61,4.41,0.54,1.64,1.52,4.5,7.03,4.73
3950.98,27,2.14,2.4,1.73,1.96,1.72,1.87,2.1,1.9,2.44,0.85,2.96,2.01,3.44,3.62,4.4,0.55,1.64,1.53,4.5,7.03,4.73
3951.98,27,2.13,2.4,1.72,1.96,1.72,1.87,2.09,1.91,2.44,0.86,2.97,2.01,3.44,3.62,4.4,0.54,1.64,1.53,4.51,7.04,4.72
3952.98,27,2.13,2.38,1.72,1.96,1.72,1.87,2.1,1.9,2.43,0.85,2.96,2.01,3.43,3.61,4.39,0.55,1.64,1.52,4.5,7.03,4.72
3953.98,27,2.12,2.39,1.72,1.96,1.72,1.86,2.1,1.9,2.43,0.86,2.96,2.01,3.43,3.6,4.39,0.55,1.64,1.52,4.5,7.03,4.72
3954.98,27,2.13,2.4,1.72,1.95,1.71,1.86,2.1,1.89,2.43,0.85,2.95,2.01,3.43,3.6,4.39,0.54,1.64,1.52,4.49,7.03,4.73
3955.98,27,2.13,2.39,1.72,1.96,1.72,1.86,2.09,1.9,2.43,0.85,2.96,2.01,3.43,3.6,4.39,0.54,1.64,1.52,4.5,7.03,4.71
3957,27,2.12,2.39,1.72,1.96,1.72,1.87,2.1,1.9,2.43,0.86,2.95,2,3.42,3.59,4.38,0.54,1.64,1.52,4.49,7.03,4.71
3958,27,2.13,2.38,1.72,1.96,1.72,1.86,2.1,1.9,2.43,0.85,2.95,2.01,3.41,3.59,4.38,0.55,1.63,1.51,4.5,7.03,4.72
3959,27,2.15,2.38,1.73,1.96,1.72,1.87,2.1,1.9,2.43,0.85,2.96,2.01,3.42,3.59,4.37,0.55,1.63,1.52,4.5,7.03,4.72
3960,27,2.13,2.38,1.72,1.95,1.72,1.86,2.1,1.91,2.43,0.85,2.95,2.01,3.42,3.59,4.36,0.54,1.63,1.51,4.49,7.01,4.72
3961,27,2.15,2.39,1.72,1.96,1.72,1.86,2.11,1.91,2.44,0.86,2.95,2.01,3.42,3.58,4.37,0.55,1.63,1.52,4.49,7.02,4.71
3962,27,2.13,2.38,1.72,1.96,1.71,1.86,2.09,1.9,2.43,0.86,2.94,2,3.41,3.57,4.36,0.54,1.62,1.5,4.48,7.03,4.71
3963,27,2.13,2.38,1.72,1.96,1.72,1.87,2.1,1.91,2.44,0.86,2.95,2.01,3.41,3.58,4.36,0.55,1.62,1.52,4.48,7.02,4.71
3964,27,2.13,2.38,1.72,1.95,1.72,1.86,2.1,1.9,2.43,0.84,2.94,2.01,3.41,3.57,4.35,0.54,1.61,1.5,4.48,7.01,4.7
3965,27,2.12,2.38,1.72,1.95,1.71,1.85,2.09,1.89,2.41,0.85,2.93,2.01,3.4,3.57,4.34,0.54,1.6,1.5,4.48,7.01,4.7
3966,27,2.14,2.38,1.72,1.96,1.72,1.87,2.11,1.9,2.44,0.86,2.95,2.01,3.41,3.57,4.33,0.55,1.62,1.51,4.48,7.02,4.71
3967,27,2.13,2.37,1.71,1.96,1.72,1.86,2.1,1.9,2.43,0.86,2.93,2.01,3.4,3.56,4.34,0.54,1.61,1.51,4.46,7.02,4.71
3968.02,27,2.14,2.36,1.72,1.95,1.72,1.85,2.1,1.9,2.44,0.85,2.93,2.01,3.4,3.57,4.33,0.54,1.59,1.5,4.47,7.01,4.7
3969.02,27,2.15,2.38,1.72,1.96,1.72,1.86,2.11,1.9,2.44,0.86,2.94,2.02,3.41,3.57,4.34,0.54,1.59,1.51,4.48,7.02,4.71
3970.02,27,2.12,2.37,1.72,1.96,1.72,1.86,2.1,1.9,2.42,0.85,2.93,2.01,3.4,3.56,4.32,0.55,1.59,1.5,4.48,7.01,4.71
3971.02,27,2.15,2.38,1.73,1.96,1.72,1.86,2.1,1.91,2.43,0.86,2.95,2.01,3.39,3.56,4.32,0.55,1.6,1.5,4.48,7.02,4.7
3972.02,27,2.13,2.37,1.72,1.94,1.72,1.83,2.09,1.89,2.41,0.84,2.93,2,3.38,3.55,4.31,0.54,1.59,1.49,4.47,7.01,4.69
3973.02,27,2.13,2.37,1.72,1.96,1.72,1.86,2.09,1.9,2.42,0.85,2.94,2.01,3.38,3.56,4.32,0.53,1.59,1.5,4.48,7,4.68
3974.02,27,2.13,2.36,1.72,1.95,1.72,1.85,2.08,1.9,2.42,0.85,2.93,2.01,3.4,3.55,4.3,0.54,1.57,1.49,4.47,7.01,4.69
3975.02,27,2.14,2.37,1.72,1.96,1.72,1.85,2.1,1.9,2.42,0.86,2.93,2.01,3.39,3.56,4.31,0.54,1.57,1.49,4.46,7.01,4.69
3976.03,27,2.14,2.36,1.72,1.95,1.72,1.85,2.1,1.89,2.43,0.84,2.94,2.01,3.39,3.54,4.31,0.53,1.58,1.49,4.47,7.01,4.69
3977.03,27,2.12,2.37,1.72,1.96,1.72,1.84,2.1,1.91,2.42,0.85,2.93,2.01,3.39,3.55,4.31,0.54,1.57,1.5,4.47,7.01,4.7
3978.03,27,2.15,2.37,1.72,1.96,1.72,1.86,2.1,1.9,2.43,0.86,2.93,2.01,3.39,3.54,4.31,0.55,1.58,1.5,4.48,7.02,4.69
3979.03,27,2.14,2.36,1.72,1.95,1.72,1.84,2.1,1.9,2.42,0.85,2.92,2.01,3.38,3.53,4.3,0.53,1.56,1.49,4.47,7.01,4.68
3980.03,27,2.13,2.36,1.72,1.95,1.71,1.84,2.1,1.9,2.43,0.85,2.93,2.01,3.37,3.54,4.31,0.53,1.56,1.49,4.46,7,4.68
3981.03,27,2.13,2.35,1.72,1.95,1.72,1.84,2.1,1.9,2.42,0.84,2.93,2.01,3.37,3.53,4.29,0.54,1.56,1.49,4.46,6.99,4.68
3982.05,27,2.13,2.36,1.72,1.96,1.72,1.84,2.11,1.9,2.42,0.85,2.92,2.01,3.37,3.53,4.29,0.55,1.55,1.49,4.46,7,4.68
3983.05,27,2.14,2.36,1.72,1.96,1.72,1.84,2.1,1.9,2.43,0.86,2.93,2.02,3.38,3.54,4.3,0.54,1.55,1.49,4.47,7,4.68
3984.05,27,2.14,2.35,1.72,1.97,1.72,1.83,2.1,1.89,2.41,0.85,2.92,2.01,3.36,3.52,4.29,0.54,1.55,1.48,4.46,7,4.67
3985.05,27,2.13,2.36,1.72,1.95,1.72,1.83,2.09,1.9,2.41,0.85,2.92,2,3.36,3.51,4.27,0.53,1.55,1.47,4.46,7,4.66
3986.07,27,2.14,2.35,1.72,1.96,1.71,1.83,2.1,1.89,2.41,0.85,2.92,2.01,3.37,3.51,4.29,0.54,1.55,1.48,4.47,6.99,4.67
3987.07,27,2.13,2.35,1.72,1.95,1.71,1.82,2.09,1.9,2.41,0.84,2.91,2.01,3.35,3.51,4.27,0.53,1.53,1.47,4.44,6.99,4.66
3988.07,27,2.12,2.35,1.72,1.95,1.72,1.83,2.09,1.89,2.41,0.84,2.91,2.01,3.35,3.5,4.26,0.53,1.53,1.47,4.45,6.99,4.66
3989.07,27,2.14,2.35,1.72,1.96,1.72,1.83,2.1,1.9,2.41,0.85,2.91,2.01,3.35,3.5,4.27,0.53,1.54,1.48,4.44,6.99,4.67
3990.07,27,2.15,2.36,1.72,1.96,1.72,1.83,2.11,1.91,2.42,0.85,2.92,2,3.35,3.51,4.28,0.54,1.55,1.48,4.46,7,4.66
3991.07,27,2.13,2.34,1.72,1.96,1.72,1.83,2.1,1.9,2.41,0.85,2.91,2.01,3.34,3.5,4.27,0.54,1.53,1.47,4.45,6.98,4.65
3992.07,27,2.13,2.35,1.72,1.96,1.72,1.83,2.1,1.9,2.42,0.85,2.91,2.01,3.34,3.5,4.27,0.54,1.53,1.48,4.45,6.99,4.66
3993.08,27,2.13,2.34,1.72,1.96,1.72,1.82,2.09,1.89,2.41,0.85,2.91,2.01,3.34,3.49,4.27,0.53,1.53,1.47,4.45,6.98,4.65
3994.08,27,2.13,2.35,1.71,1.96,1.72,1.82,2.1,1.89,2.42,0.85,2.91,2.01,3.33,3.49,4.27,0.53,1.51,1.47,4.45,6.98,4.66
3995.08,27,2.14,2.34,1.72,1.95,1.72,1.83,2.09,1.9,2.41,0.85,2.91,2.01,3.33,3.48,4.25,0.54,1.52,1.47,4.45,6.99,4.65
3996.08,27,2.13,2.34,1.71,1.95,1.71,1.82,2.09,1.89,2.41,0.85,2.91,2,3.33,3.47,4.25,0.53,1.51,1.47,4.43,6.96,4.63
3997.08,27,2.13,2.34,1.72,1.96,1.72,1.82,2.1,1.9,2.42,0.84,2.91,2.01,3.34,3.48,4.26,0.54,1.52,1.47,4.45,6.99,4.65
3998.08,27,2.12,2.34,1.72,1.96,1.72,1.82,2.1,1.89,2.41,0.84,2.9,2.01,3.32,3.48,4.25,0.53,1.5,1.47,4.44,6.98,4.65
3999.1,27,2.13,2.34,1.72,1.97,1.72,1.83,2.11,1.9,2.42,0.86,2.91,2.01,3.34,3.48,4.26,0.54,1.52,1.48,4.45,6.98,4.65
4000.1,27,2.13,2.35,1.72,1.96,1.72,1.83,2.1,1.9,2.4,0.85,2.91,2.01,3.33,3.47,4.25,0.53,1.51,1.47,4.44,6.98,4.64
4001.1,27,2.13,2.34,1.72,1.95,1.72,1.82,2.09,1.9,2.4,0.84,2.91,2.01,3.32,3.46,4.24,0.53,1.48,1.47,4.44,6.96,4.63
4002.1,27,2.13,2.34,1.72,1.96,1.72,1.82,2.1,1.89,2.4,0.86,2.91,2,3.31,3.46,4.23,0.53,1.49,1.47,4.42,6.96,4.63
4003.12,27,2.13,2.34,1.72,1.96,1.72,1.82,2.1,1.91,2.4,0.85,2.91,2.01,3.32,3.46,4.24,0.54,1.5,1.47,4.43,6.98,4.63
4004.12,27,2.14,2.34,1.72,1.97,1.72,1.82,2.11,1.9,2.41,0.85,2.91,2.01,3.32,3.45,4.23,0.54,1.49,1.47,4.44,6.98,4.65
4005.12,27,2.15,2.34,1.72,1.97,1.72,1.82,2.1,1.91,2.41,0.86,2.91,2.02,3.32,3.46,4.24,0.55,1.51,1.47,4.45,6.98,4.65
4006.12,27,2.14,2.32,1.72,1.96,1.72,1.82,2.1,1.9,2.41,0.85,2.9,2.01,3.31,3.45,4.21,0.53,1.49,1.47,4.42,6.96,4.63
4007.12,27,2.12,2.34,1.72,1.95,1.72,1.82,2.09,1.9,2.41,0.85,2.91,2.01,3.3,3.45,4.21,0.53,1.48,1.46,4.44,6.96,4.63
4008.12,27,2.13,2.34,1.72,1.95,1.72,1.82,2.1,1.89,2.39,0.85,2.9,2.01,3.31,3.44,4.21,0.53,1.48,1.46,4.43,6.95,4.62
4009.12,27,2.12,2.33,1.72,1.95,1.72,1.82,2.09,1.89,2.41,0.85,2.9,2,3.29,3.43,4.2,0.54,1.48,1.45,4.42,6.96,4.62
4010.12,27,2.14,2.33,1.72,1.95,1.72,1.81,2.09,1.89,2.4,0.84,2.9,2.01,3.29,3.42,4.2,0.54,1.48,1.46,4.43,6.96,4.63
4011.12,27,2.13,2.34,1.72,1.96,1.72,1.82,2.1,1.9,2.42,0.86,2.9,2.01,3.3,3.44,4.21,0.54,1.49,1.47,4.44,6.95,4.62
4012.12,27,2.13,2.33,1.72,1.96,1.72,1.82,2.1,1.89,2.4,0.86,2.9,2.01,3.29,3.44,4.2,0.55,1.49,1.46,4.43,6.96,4.62
4013.12,27,2.12,2.32,1.71,1.95,1.72,1.81,2.09,1.9,2.4,0.85,2.89,2,3.28,3.43,4.19,0.53,1.48,1.45,4.42,6.95,4.62
4014.13,27,2.13,2.32,1.71,1.95,1.72,1.81,2.1,1.89,2.4,0.85,2.9,2.01,3.27,3.42,4.18,0.53,1.48,1.45,4.42,6.94,4.61
4015.13,27,2.12,2.33,1.72,1.97,1.72,1.81,2.09,1.9,2.39,0.85,2.9,2.01,3.28,3.43,4.19,0.54,1.47,1.46,4.43,6.95,4.62
4016.13,27,2.13,2.33,1.72,1.96,1.72,1.82,2.1,1.91,2.41,0.85,2.9,2.01,3.27,3.42,4.18,0.54,1.48,1.46,4.43,6.94,4.61
4017.13,27,2.13,2.33,1.72,1.95,1.72,1.81,2.1,1.89,2.4,0.84,2.89,2.01,3.27,3.41,4.17,0.53,1.47,1.46,4.42,6.94,4.61
4018.13,27,2.13,2.32,1.72,1.95,1.72,1.81,2.09,1.9,2.4,0.86,2.89,2.01,3.25,3.4,4.17,0.53,1.47,1.45,4.42,6.93,4.61
4019.13,27,2.14,2.33,1.71,1.95,1.72,1.8,2.09,1.89,2.39,0.85,2.88,2,3.25,3.41,4.16,0.53,1.47,1.45,4.42,6.93,4.59
4020.15,27,2.14,2.33,1.71,1.95,1.72,1.81,2.09,1.89,2.38,0.85,2.89,2.01,3.26,3.4,4.17,0.53,1.48,1.45,4.42,6.94,4.6
4021.15,27,2.13,2.32,1.72,1.96,1.72,1.8,2.09,1.89,2.4,0.85,2.89,2,3.25,3.4,4.16,0.53,1.47,1.45,4.4,6.94,4.6
4022.15,27,2.13,2.33,1.72,1.96,1.72,1.82,2.11,1.9,2.39,0.85,2.89,2.01,3.25,3.4,4.15,0.54,1.48,1.45,4.42,6.93,4.61
4023.15,27,2.14,2.32,1.72,1.96,1.72,1.81,2.11,1.89,2.4,0.86,2.89,2.01,3.25,3.41,4.15,0.54,1.48,1.45,4.42,6.94,4.6
4024.15,27,2.13,2.32,1.72,1.95,1.71,1.81,2.09,1.89,2.4,0.85,2.89,2.01,3.24,3.39,4.14,0.54,1.47,1.45,4.42,6.92,4.6
4025.15,27,2.14,2.33,1.71,1.95,1.72,1.8,2.1,1.9,2.4,0.85,2.89,2.01,3.24,3.39,4.14,0.53,1.47,1.45,4.41,6.93,4.59
4026.15,27,2.13,2.32,1.72,1.96,1.72,1.8,2.1,1.89,2.4,0.84,2.88,1.99,3.24,3.39,4.13,0.54,1.47,1.45,4.41,6.93,4.59
4027.17,27,2.12,2.31,1.71,1.95,1.72,1.8,2.1,1.89,2.4,0.85,2.88,2,3.24,3.38,4.13,0.53,1.47,1.44,4.42,6.92,4.58
4028.17,27,2.14,2.31,1.72,1.96,1.72,1.8,2.1,1.9,2.4,0.85,2.88,2.01,3.25,3.4,4.13,0.54,1.47,1.45,4.4,6.92,4.59
4029.17,27,2.12,2.31,1.71,1.94,1.71,1.79,2.09,1.88,2.39,0.84,2.87,2,3.22,3.38,4.11,0.54,1.47,1.43,4.4,6.92,4.57
4030.17,27,2.14,2.31,1.71,1.95,1.72,1.8,2.11,1.9,2.4,0.86,2.88,2,3.23,3.37,4.11,0.53,1.47,1.45,4.41,6.9,4.58
4031.17,27,2.12,2.32,1.71,1.95,1.72,1.8,2.1,1.9,2.4,0.84,2.88,2.01,3.23,3.38,4.11,0.54,1.48,1.44,4.4,6.91,4.57
4032.17,27,2.12,2.31,1.71,1.95,1.72,1.79,2.1,1.88,2.39,0.85,2.87,2,3.23,3.37,4.1,0.54,1.47,1.43,4.39,6.91,4.57
4033.17,27,2.13,2.31,1.72,1.96,1.72,1.8,2.1,1.9,2.4,0.85,2.87,2.01,3.23,3.37,4.09,0.54,1.47,1.44,4.41,6.91,4.57
4034.18,27,2.14,2.32,1.72,1.96,1.72,1.79,2.09,1.9,2.4,0.84,2.87,2.01,3.23,3.37,4.09,0.54,1.47,1.45,4.4,6.91,4.57
4035.18,27,2.13,2.31,1.71,1.95,1.72,1.81,2.09,1.89,2.4,0.84,2.88,2.01,3.23,3.37,4.08,0.54,1.47,1.44,4.4,6.92,4.57
4036.18,27,2.13,2.31,1.72,1.95,1.72,1.8,2.11,1.9,2.39,0.85,2.87,2.01,3.22,3.37,4.07,0.54,1.47,1.44,4.41,6.9,4.56
4037.18,27,2.13,2.3,1.71,1.96,1.71,1.79,2.1,1.88,2.39,0.85,2.88,2.01,3.22,3.36,4.06,0.53,1.47,1.44,4.4,6.9,4.56
4038.18,27,2.12,2.29,1.71,1.95,1.72,1.78,2.1,1.9,2.37,0.84,2.86,2,3.21,3.35,4.05,0.53,1.47,1.44,4.4,6.9,4.55
4039.18,27,2.13,2.31,1.71,1.95,1.72,1.79,2.09,1.89,2.38,0.84,2.87,2,3.22,3.36,4.05,0.53,1.47,1.44,4.39,6.89,4.55
4040.18,27,2.13,2.29,1.72,1.95,1.71,1.79,2.1,1.89,2.38,0.85,2.87,2.01,3.22,3.35,4.04,0.53,1.47,1.44,4.39,6.9,4.54
4041.18,27,2.13,2.3,1.72,1.95,1.72,1.79,2.1,1.89,2.37,0.86,2.87,2,3.21,3.35,4.02,0.54,1.47,1.44,4.39,6.89,4.54
4042.18,27,2.13,2.29,1.71,1.94,1.71,1.78,2.08,1.88,2.37,0.84,2.87,2.01,3.2,3.34,4.01,0.53,1.46,1.43,4.38,6.87,4.53
4043.18,27,2.14,2.3,1.71,1.95,1.72,1.78,2.1,1.9,2.36,0.85,2.87,2.01,3.2,3.35,4,0.54,1.47,1.44,4.39,6.87,4.54
4044.18,27,2.14,2.3,1.72,1.96,1.72,1.78,2.1,1.9,2.38,0.85,2.86,2,3.2,3.34,4.01,0.54,1.47,1.45,4.39,6.89,4.53
4045.18,27,2.14,2.29,1.72,1.95,1.72,1.78,2.1,1.89,2.38,0.85,2.87,2.01,3.19,3.34,3.99,0.53,1.47,1.43,4.38,6.86,4.53
4046.18,27,2.14,2.31,1.71,1.97,1.72,1.8,2.1,1.9,2.41,0.86,2.88,2.01,3.2,3.35,3.99,0.55,1.49,1.44,4.39,6.89,4.54
4047.18,27,2.14,2.29,1.71,1.96,1.71,1.78,2.09,1.9,2.38,0.86,2.86,2.01,3.2,3.33,3.98,0.54,1.47,1.43,4.38,6.87,4.53
4048.18,27,2.12,2.28,1.71,1.95,1.71,1.77,2.09,1.89,2.37,0.85,2.86,2,3.19,3.33,3.96,0.53,1.47,1.43,4.38,6.86,4.52
4049.2,27,2.13,2.29,1.72,1.95,1.72,1.78,2.11,1.89,2.38,0.85,2.87,2.01,3.2,3.34,3.97,0.54,1.47,1.44,4.38,6.86,4.51
4050.2,27,2.15,2.29,1.72,1.95,1.72,1.77,2.09,1.9,2.38,0.85,2.87,2.01,3.2,3.33,3.95,0.53,1.47,1.44,4.4,6.86,4.51
4051.2,27,2.12,2.28,1.71,1.94,1.71,1.77,2.1,1.9,2.37,0.84,2.85,2,3.19,3.33,3.94,0.54,1.47,1.42,4.38,6.85,4.5
4052.2,27,2.13,2.29,1.72,1.95,1.72,1.78,2.11,1.9,2.38,0.85,2.87,2.01,3.18,3.33,3.93,0.55,1.48,1.43,4.38,6.86,4.51
4053.2,27,2.14,2.29,1.72,1.95,1.72,1.77,2.11,1.9,2.38,0.86,2.86,2.01,3.18,3.33,3.92,0.54,1.48,1.43,4.38,6.85,4.51
4054.2,27,2.14,2.3,1.72,1.96,1.72,1.78,2.1,1.9,2.38,0.85,2.87,2.02,3.19,3.33,3.92,0.55,1.47,1.43,4.39,6.86,4.5
4055.2,27,2.13,2.28,1.7,1.96,1.71,1.76,2.1,1.9,2.36,0.85,2.85,2.01,3.17,3.32,3.9,0.54,1.47,1.42,4.38,6.84,4.49
4056.2,27,2.14,2.28,1.71,1.95,1.72,1.76,2.1,1.89,2.38,0.84,2.86,2.01,3.17,3.32,3.89,0.54,1.48,1.43,4.37,6.84,4.5
4057.22,27,2.13,2.28,1.72,1.96,1.72,1.77,2.11,1.91,2.39,0.86,2.86,2.01,3.17,3.33,3.89,0.55,1.48,1.44,4.39,6.84,4.5
4058.22,27,2.14,2.28,1.71,1.96,1.71,1.77,2.09,1.89,2.38,0.86,2.87,2.01,3.17,3.33,3.88,0.55,1.48,1.44,4.38,6.84,4.49
4059.22,27,2.14,2.28,1.71,1.96,1.72,1.77,2.1,1.9,2.39,0.86,2.87,2.01,3.18,3.32,3.87,0.54,1.48,1.43,4.38,6.84,4.49
4060.22,27,2.12,2.28,1.7,1.95,1.72,1.76,2.09,1.89,2.37,0.84,2.86,2,3.16,3.31,3.86,0.53,1.47,1.41,4.38,6.83,4.48
4061.22,27,2.14,2.29,1.71,1.96,1.72,1.77,2.11,1.9,2.37,0.86,2.87,2.01,3.16,3.32,3.84,0.54,1.48,1.43,4.38,6.82,4.48
4062.22,27,2.12,2.27,1.71,1.95,1.71,1.76,2.09,1.89,2.37,0.84,2.85,2.01,3.15,3.31,3.83,0.54,1.47,1.42,4.38,6.82,4.47
4063.23,27,2.14,2.27,1.71,1.96,1.72,1.76,2.1,1.9,2.38,0.86,2.86,2.01,3.15,3.3,3.81,0.54,1.49,1.42,4.38,6.82,4.46
4064.23,27,2.12,2.27,1.7,1.94,1.71,1.75,2.08,1.89,2.38,0.85,2.85,2,3.14,3.3,3.81,0.54,1.47,1.42,4.37,6.81,4.46
4065.23,27,2.14,2.27,1.71,1.95,1.72,1.75,2.09,1.9,2.37,0.84,2.86,2.01,3.14,3.3,3.8,0.54,1.47,1.42,4.38,6.81,4.45
4066.23,27,2.13,2.25,1.7,1.96,1.71,1.75,2.11,1.89,2.37,0.85,2.85,2.01,3.15,3.29,3.79,0.54,1.48,1.41,4.38,6.81,4.45
4067.23,27,2.13,2.26,1.71,1.96,1.72,1.75,2.09,1.89,2.37,0.85,2.86,2,3.13,3.28,3.78,0.54,1.47,1.42,4.37,6.8,4.45
4068.23,27,2.13,2.28,1.72,1.96,1.72,1.77,2.11,1.9,2.38,0.86,2.86,2.01,3.15,3.3,3.78,0.56,1.48,1.43,4.39,6.82,4.46
4069.23,27,2.14,2.27,1.71,1.95,1.71,1.76,2.1,1.9,2.38,0.85,2.85,2,3.14,3.29,3.76,0.55,1.47,1.42,4.37,6.8,4.44
4070.23,27,2.14,2.26,1.71,1.95,1.7,1.75,2.09,1.9,2.37,0.85,2.85,2.01,3.14,3.29,3.74,0.54,1.48,1.42,4.36,6.79,4.44
4071.25,27,2.13,2.25,1.71,1.96,1.72,1.75,2.1,1.9,2.36,0.86,2.85,2.01,3.14,3.28,3.75,0.54,1.48,1.41,4.37,6.77,4.44
4072.25,27,2.13,2.25,1.71,1.96,1.72,1.75,2.09,1.89,2.37,0.85,2.84,2.01,3.12,3.28,3.72,0.54,1.47,1.41,4.36,6.79,4.44
4073.25,27,2.13,2.26,1.7,1.95,1.72,1.75,2.11,1.89,2.36,0.85,2.84,2.01,3.13,3.27,3.71,0.55,1.48,1.42,4.36,6.79,4.43
4074.25,27,2.14,2.26,1.7,1.95,1.72,1.74,2.1,1.89,2.36,0.85,2.86,2.01,3.13,3.26,3.7,0.54,1.47,1.41,4.38,6.79,4.42
4075.25,27,2.14,2.26,1.72,1.96,1.72,1.76,2.11,1.9,2.38,0.86,2.86,2.01,3.13,3.28,3.69,0.56,1.49,1.42,4.38,6.77,4.43
4076.25,27,2.13,2.26,1.7,1.95,1.72,1.74,2.11,1.89,2.37,0.85,2.86,2.01,3.13,3.27,3.68,0.54,1.48,1.42,4.36,6.76,4.42
4077.25,27,2.14,2.26,1.71,1.96,1.72,1.75,2.1,1.9,2.38,0.86,2.86,2.01,3.12,3.27,3.67,0.56,1.48,1.42,4.38,6.77,4.43
4078.25,27,2.14,2.26,1.72,1.96,1.72,1.74,2.1,1.9,2.37,0.86,2.85,2.01,3.13,3.27,3.67,0.56,1.48,1.43,4.37,6.76,4.41
4079.27,27,2.14,2.25,1.7,1.95,1.72,1.74,2.1,1.89,2.37,0.85,2.84,2.01,3.11,3.26,3.64,0.55,1.48,1.42,4.37,6.75,4.42
4080.27,27,2.13,2.24,1.7,1.96,1.71,1.74,2.09,1.89,2.36,0.84,2.84,2,3.1,3.25,3.64,0.54,1.48,1.42,4.35,6.74,4.4
4081.27,27,2.13,2.25,1.71,1.95,1.71,1.74,2.09,1.9,2.36,0.85,2.84,2.01,3.1,3.25,3.64,0.55,1.48,1.42,4.36,6.74,4.4
4082.27,27,2.13,2.25,1.7,1.96,1.71,1.74,2.09,1.89,2.36,0.84,2.84,2,3.11,3.25,3.63,0.54,1.48,1.41,4.35,6.74,4.41
4083.27,27,2.13,2.25,1.7,1.96,1.72,1.75,2.09,1.9,2.37,0.86,2.84,2,3.11,3.24,3.62,0.55,1.47,1.42,4.36,6.75,4.4
4084.28,27,2.15,2.25,1.71,1.95,1.72,1.74,2.09,1.89,2.37,0.85,2.85,2.01,3.11,3.25,3.59,0.54,1.47,1.41,4.36,6.73,4.38
4085.28,27,2.13,2.25,1.71,1.96,1.71,1.74,2.09,1.9,2.38,0.85,2.85,2.01,3.11,3.25,3.57,0.55,1.49,1.42,4.35,6.74,4.39
4086.28,27,2.14,2.26,1.71,1.96,1.71,1.74,2.09,1.89,2.37,0.85,2.84,2.01,3.1,3.24,3.58,0.55,1.47,1.42,4.37,6.73,4.39
4087.28,27,2.14,2.24,1.72,1.96,1.72,1.75,2.1,1.9,2.37,0.84,2.85,2.01,3.1,3.24,3.57,0.56,1.48,1.41,4.36,6.74,4.39
4088.28,27,2.13,2.24,1.7,1.95,1.71,1.74,2.1,1.89,2.36,0.84,2.84,2,3.1,3.23,3.54,0.55,1.49,1.42,4.34,6.72,4.38
4089.28,27,2.12,2.24,1.7,1.95,1.72,1.74,2.1,1.89,2.36,0.85,2.85,2.01,3.1,3.23,3.54,0.54,1.48,1.41,4.35,6.72,4.38
4090.28,27,2.12,2.24,1.7,1.95,1.71,1.72,2.09,1.89,2.36,0.85,2.85,2.01,3.1,3.22,3.53,0.54,1.48,1.41,4.34,6.71,4.37
4091.28,27,2.12,2.23,1.7,1.94,1.71,1.72,2.09,1.88,2.36,0.84,2.83,2,3.09,3.22,3.5,0.54,1.47,1.4,4.33,6.7,4.36
4092.3,27,2.14,2.24,1.71,1.95,1.72,1.74,2.1,1.9,2.37,0.85,2.84,2.01,3.1,3.23,3.51,0.55,1.48,1.42,4.36,6.71,4.37
4093.3,27,2.13,2.24,1.71,1.95,1.7,1.74,2.09,1.9,2.37,0.86,2.85,2.01,3.09,3.22,3.49,0.55,1.48,1.41,4.35,6.7,4.36
4094.3,27,2.13,2.24,1.71,1.96,1.72,1.73,2.11,1.9,2.37,0.86,2.84,2.01,3.09,3.23,3.48,0.55,1.48,1.41,4.35,6.71,4.36
4095.3,27,2.13,2.23,1.71,1.96,1.71,1.73,2.1,1.89,2.36,0.85,2.83,2.01,3.09,3.21,3.47,0.55,1.49,1.4,4.34,6.7,4.34
4096.3,27,2.13,2.25,1.71,1.96,1.72,1.73,2.1,1.89,2.36,0.85,2.83,2.01,3.09,3.21,3.46,0.54,1.48,1.4,4.34,6.7,4.33
4097.3,27,2.14,2.24,1.72,1.95,1.72,1.73,2.09,1.9,2.37,0.86,2.84,2.01,3.1,3.22,3.45,0.55,1.49,1.4,4.35,6.7,4.33
4098.3,27,2.13,2.23,1.69,1.94,1.71,1.72,2.09,1.89,2.36,0.85,2.84,2,3.09,3.21,3.44,0.55,1.47,1.4,4.34,6.7,4.33
4099.3,27,2.12,2.24,1.71,1.95,1.71,1.72,2.1,1.89,2.35,0.85,2.84,2,3.08,3.2,3.43,0.55,1.47,1.41,4.33,6.69,4.33
4100.3,27,2.14,2.24,1.71,1.96,1.72,1.72,2.1,1.9,2.37,0.86,2.83,2.01,3.08,3.21,3.43,0.56,1.48,1.41,4.34,6.7,4.33
4101.3,27,2.14,2.24,1.71,1.97,1.72,1.73,2.11,1.88,2.36,0.86,2.83,2.01,3.08,3.22,3.42,0.55,1.48,1.4,4.33,6.69,4.32
4102.3,27,2.14,2.24,1.7,1.96,1.72,1.72,2.1,1.89,2.37,0.86,2.83,2,3.07,3.19,3.41,0.55,1.48,1.41,4.33,6.69,4.32
4103.32,27,2.12,2.23,1.7,1.95,1.71,1.72,2.09,1.89,2.36,0.85,2.83,2.01,3.06,3.18,3.39,0.54,1.48,1.4,4.31,6.68,4.3
4104.32,27,2.12,2.22,1.7,1.95,1.71,1.72,2.09,1.89,2.35,0.85,2.83,2.01,3.06,3.19,3.39,0.53,1.47,1.4,4.32,6.68,4.3
4105.32,27,2.13,2.23,1.71,1.96,1.71,1.72,2.11,1.89,2.35,0.85,2.84,2.01,3.08,3.18,3.39,0.53,1.48,1.4,4.31,6.68,4.29
4106.32,27,2.13,2.23,1.69,1.95,1.7,1.72,2.09,1.88,2.35,0.85,2.83,2.01,3.06,3.18,3.38,0.54,1.47,1.4,4.31,6.66,4.29
4107.32,27,2.13,2.23,1.7,1.96,1.71,1.72,2.1,1.89,2.35,0.85,2.83,2,3.06,3.19,3.37,0.54,1.48,1.39,4.31,6.68,4.29
4108.32,27,2.13,2.23,1.71,1.96,1.71,1.72,2.1,1.9,2.35,0.85,2.82,2.01,3.06,3.18,3.36,0.53,1.47,1.4,4.32,6.65,4.28
4109.32,27,2.13,2.23,1.71,1.96,1.71,1.72,2.11,1.9,2.35,0.85,2.83,2.01,3.06,3.19,3.36,0.54,1.48,1.4,4.32,6.66,4.28
4110.32,27,2.13,2.24,1.7,1.95,1.72,1.72,2.11,1.9,2.36,0.85,2.84,2.01,3.06,3.18,3.36,0.55,1.48,1.4,4.3,6.66,4.27
4111.32,27,2.13,2.23,1.7,1.96,1.72,1.72,2.11,1.9,2.35,0.85,2.83,2.01,3.05,3.18,3.36,0.54,1.47,1.4,4.31,6.66,4.27
4112.32,27,2.12,2.23,1.69,1.95,1.71,1.71,2.11,1.88,2.37,0.85,2.83,2.01,3.05,3.17,3.34,0.54,1.47,1.39,4.31,6.65,4.26
4113.32,27,2.12,2.23,1.69,1.95,1.71,1.71,2.1,1.9,2.35,0.85,2.82,2.01,3.05,3.17,3.33,0.53,1.47,1.39,4.28,6.64,4.26
4114.33,27,2.13,2.23,1.7,1.96,1.72,1.71,2.09,1.9,2.35,0.86,2.82,2.01,3.06,3.18,3.33,0.55,1.47,1.39,4.29,6.64,4.26
4115.33,27,2.13,2.22,1.69,1.95,1.7,1.71,2.1,1.9,2.35,0.85,2.82,2,3.04,3.17,3.34,0.52,1.47,1.43,4.3,6.64,4.3
