EFMGRG_id_original,Mycgr3G_id,match_confidence
EFMGRG00000000007,EFMGRG00000000007,unique
EFMGRG00000000011,EFMGRG00000000011,unique
EFMGRG00000000015,EFMGRG00000000015,unique
EFMGRG00000000058,EFMGRG00000000058,unique
Mycgr3G98127,EFMGRG00000000067,ambiguous
EFMGRG00000000095,EFMGRG00000000095,unique
EFMGRG00000000101,EFMGRG00000000101,unique
EFMGRG00000000110,EFMGRG00000000110,unique
EFMGRG00000000116,EFMGRG00000000116,unique
EFMGRG00000000133,EFMGRG00000000133,unique
Mycgr3G98127,EFMGRG00000000140,ambiguous
Mycgr3G100000,Mycgr3G100000,unique
Mycgr3G100022,Mycgr3G100022,unique
Mycgr3G100024,Mycgr3G100024,unique
Mycgr3G100032,Mycgr3G100032,unique
Mycgr3G100038,Mycgr3G100038,unique
Mycgr3G100052,Mycgr3G100052,unique
Mycgr3G100057,Mycgr3G100057,unique
Mycgr3G100058,Mycgr3G100058,unique
Mycgr3G10006,Mycgr3G10006,unique
Mycgr3G100061,Mycgr3G100061,unique
Mycgr3G100062,Mycgr3G100062,unique
Mycgr3G100063,Mycgr3G100063,unique
Mycgr3G100065,Mycgr3G100065,unique
Mycgr3G100069,Mycgr3G100069,unique
Mycgr3G100072,Mycgr3G100072,unique
Mycgr3G100073,Mycgr3G100073,unique
Mycgr3G100074,Mycgr3G100074,unique
Mycgr3G100080,Mycgr3G100080,unique
Mycgr3G100083,Mycgr3G100083,unique
Mycgr3G100089,Mycgr3G100089,unique
Mycgr3G100094,Mycgr3G100094,unique
Mycgr3G100095,Mycgr3G100095,unique
Mycgr3G100108,Mycgr3G100108,unique
Mycgr3G100120,Mycgr3G100120,unique
Mycgr3G100123,Mycgr3G100123,unique
Mycgr3G100129,Mycgr3G100129,unique
Mycgr3G100157,Mycgr3G100157,unique
Mycgr3G100162,Mycgr3G100162,unique
Mycgr3G100165,Mycgr3G100165,unique
Mycgr3G100167,Mycgr3G100167,unique
Mycgr3G100168,Mycgr3G100168,unique
Mycgr3G100176,Mycgr3G100176,unique
Mycgr3G100193,Mycgr3G100193,unique
Mycgr3G100203,Mycgr3G100203,unique
Mycgr3G100205,Mycgr3G100205,unique
Mycgr3G100210,Mycgr3G100210,unique
Mycgr3G100220,Mycgr3G100220,unique
Mycgr3G100224,Mycgr3G100224,unique
Mycgr3G100226,Mycgr3G100226,unique
Mycgr3G100227,Mycgr3G100227,unique
Mycgr3G100232,Mycgr3G100232,unique
Mycgr3G100239,Mycgr3G100239,unique
Mycgr3G100243,Mycgr3G100243,unique
Mycgr3G100250,Mycgr3G100250,unique
Mycgr3G100252,Mycgr3G100252,unique
Mycgr3G100257,Mycgr3G100257,unique
Mycgr3G100264,Mycgr3G100264,unique
Mycgr3G100271,Mycgr3G100271,unique
Mycgr3G100273,Mycgr3G100273,unique
Mycgr3G100276,Mycgr3G100276,unique
Mycgr3G100278,Mycgr3G100278,unique
Mycgr3G100283,Mycgr3G100283,unique
Mycgr3G100284,Mycgr3G100284,unique
Mycgr3G100300,Mycgr3G100300,unique
Mycgr3G100306,Mycgr3G100306,unique
Mycgr3G100323,Mycgr3G100323,unique
Mycgr3G100330,Mycgr3G100330,unique
Mycgr3G100343,Mycgr3G100343,unique
Mycgr3G100344,Mycgr3G100344,unique
Mycgr3G100346,Mycgr3G100346,unique
Mycgr3G100355,Mycgr3G100355,unique
Mycgr3G100364,Mycgr3G100364,unique
Mycgr3G100367,Mycgr3G100367,unique
Mycgr3G100372,Mycgr3G100372,unique
Mycgr3G100383,Mycgr3G100383,unique
Mycgr3G100386,Mycgr3G100386,unique
Mycgr3G100391,Mycgr3G100391,unique
Mycgr3G100409,Mycgr3G100409,unique
Mycgr3G100421,Mycgr3G100421,unique
Mycgr3G100423,Mycgr3G100423,unique
Mycgr3G100434,Mycgr3G100434,unique
Mycgr3G100443,Mycgr3G100443,unique
Mycgr3G100444,Mycgr3G100444,unique
Mycgr3G100450,Mycgr3G100450,unique
Mycgr3G100453,Mycgr3G100453,unique
Mycgr3G100461,Mycgr3G100461,unique
Mycgr3G100462,Mycgr3G100462,unique
Mycgr3G100470,Mycgr3G100470,unique
Mycgr3G100473,Mycgr3G100473,unique
Mycgr3G100492,Mycgr3G100492,unique
Mycgr3G100493,Mycgr3G100493,unique
Mycgr3G100496,Mycgr3G100496,unique
Mycgr3G100498,Mycgr3G100498,unique
Mycgr3G100507,Mycgr3G100507,unique
Mycgr3G100510,Mycgr3G100510,unique
Mycgr3G100515,Mycgr3G100515,unique
Mycgr3G100533,Mycgr3G100533,unique
Mycgr3G100535,Mycgr3G100535,unique
Mycgr3G100547,Mycgr3G100547,unique
Mycgr3G100550,Mycgr3G100550,unique
Mycgr3G100559,Mycgr3G100559,unique
Mycgr3G100567,Mycgr3G100567,unique
Mycgr3G100575,Mycgr3G100575,unique
Mycgr3G100579,Mycgr3G100579,unique
Mycgr3G100580,Mycgr3G100580,unique
Mycgr3G100584,Mycgr3G100584,unique
Mycgr3G100586,Mycgr3G100586,unique
Mycgr3G100589,Mycgr3G100589,unique
Mycgr3G100592,Mycgr3G100592,unique
Mycgr3G100608,Mycgr3G100608,unique
Mycgr3G100614,Mycgr3G100614,unique
Mycgr3G100618,Mycgr3G100618,unique
Mycgr3G100619,Mycgr3G100619,unique
Mycgr3G100626,Mycgr3G100626,unique
Mycgr3G100643,Mycgr3G100643,unique
Mycgr3G100647,Mycgr3G100647,unique
Mycgr3G100649,Mycgr3G100649,unique
Mycgr3G100653,Mycgr3G100653,unique
Mycgr3G100657,Mycgr3G100657,unique
Mycgr3G100666,Mycgr3G100666,unique
Mycgr3G100674,Mycgr3G100674,unique
Mycgr3G100684,Mycgr3G100684,unique
Mycgr3G100718,Mycgr3G100718,unique
Mycgr3G100728,Mycgr3G100728,unique
Mycgr3G100730,Mycgr3G100730,unique
Mycgr3G100744,Mycgr3G100744,unique
Mycgr3G100746,Mycgr3G100746,unique
Mycgr3G100756,Mycgr3G100756,unique
Mycgr3G100764,Mycgr3G100764,unique
Mycgr3G100770,Mycgr3G100770,unique
Mycgr3G100791,Mycgr3G100791,unique
Mycgr3G100794,Mycgr3G100794,unique
Mycgr3G100796,Mycgr3G100796,unique
Mycgr3G100832,Mycgr3G100832,unique
Mycgr3G100838,Mycgr3G100838,unique
Mycgr3G100839,Mycgr3G100839,unique
Mycgr3G100840,Mycgr3G100840,unique
Mycgr3G100846,Mycgr3G100846,unique
Mycgr3G100850,Mycgr3G100850,unique
Mycgr3G100851,Mycgr3G100851,unique
Mycgr3G100854,Mycgr3G100854,unique
Mycgr3G100869,Mycgr3G100869,unique
Mycgr3G100872,Mycgr3G100872,unique
Mycgr3G100874,Mycgr3G100874,unique
Mycgr3G100879,Mycgr3G100879,unique
Mycgr3G100881,Mycgr3G100881,unique
Mycgr3G100890,Mycgr3G100890,unique
Mycgr3G100894,Mycgr3G100894,unique
Mycgr3G100895,Mycgr3G100895,unique
Mycgr3G100896,Mycgr3G100896,unique
Mycgr3G100899,Mycgr3G100899,unique
Mycgr3G100901,Mycgr3G100901,unique
Mycgr3G100915,Mycgr3G100915,unique
Mycgr3G100939,Mycgr3G100939,unique
Mycgr3G100940,Mycgr3G100940,unique
Mycgr3G100955,Mycgr3G100955,unique
Mycgr3G100958,Mycgr3G100958,unique
Mycgr3G100962,Mycgr3G100962,unique
Mycgr3G100967,Mycgr3G100967,unique
Mycgr3G100974,Mycgr3G100974,unique
Mycgr3G100978,Mycgr3G100978,unique
Mycgr3G100985,Mycgr3G100985,unique
Mycgr3G100988,Mycgr3G100988,unique
Mycgr3G100990,Mycgr3G100990,unique
Mycgr3G100994,Mycgr3G100994,unique
Mycgr3G10100,Mycgr3G10100,unique
Mycgr3G101007,Mycgr3G101007,unique
Mycgr3G101009,Mycgr3G101009,unique
Mycgr3G101025,Mycgr3G101025,unique
Mycgr3G101026,Mycgr3G101026,unique
Mycgr3G101027,Mycgr3G101027,unique
Mycgr3G101035,Mycgr3G101035,unique
Mycgr3G101041,Mycgr3G101041,unique
Mycgr3G101059,Mycgr3G101059,unique
Mycgr3G101063,Mycgr3G101063,unique
Mycgr3G101067,Mycgr3G101067,unique
Mycgr3G101069,Mycgr3G101069,unique
Mycgr3G101073,Mycgr3G101073,unique
Mycgr3G101077,Mycgr3G101077,unique
Mycgr3G101079,Mycgr3G101079,unique
Mycgr3G10108,Mycgr3G10108,unique
Mycgr3G101080,Mycgr3G101080,unique
Mycgr3G101090,Mycgr3G101090,unique
Mycgr3G101096,Mycgr3G101096,unique
Mycgr3G101103,Mycgr3G101103,unique
Mycgr3G101108,Mycgr3G101108,unique
Mycgr3G101114,Mycgr3G101114,unique
Mycgr3G101121,Mycgr3G101121,unique
Mycgr3G101124,Mycgr3G101124,unique
Mycgr3G101134,Mycgr3G101134,unique
Mycgr3G101149,Mycgr3G101149,unique
Mycgr3G101160,Mycgr3G101160,unique
Mycgr3G101162,Mycgr3G101162,unique
Mycgr3G101169,Mycgr3G101169,unique
Mycgr3G101180,Mycgr3G101180,unique
Mycgr3G101182,Mycgr3G101182,unique
Mycgr3G101192,Mycgr3G101192,unique
Mycgr3G101194,Mycgr3G101194,unique
Mycgr3G101204,Mycgr3G101204,unique
Mycgr3G101206,Mycgr3G101206,unique
Mycgr3G101210,Mycgr3G101210,unique
Mycgr3G101221,Mycgr3G101221,unique
Mycgr3G101229,Mycgr3G101229,unique
Mycgr3G101230,Mycgr3G101230,unique
Mycgr3G101235,Mycgr3G101235,unique
Mycgr3G101238,Mycgr3G101238,unique
Mycgr3G101240,Mycgr3G101240,unique
Mycgr3G101252,Mycgr3G101252,unique
Mycgr3G10126,Mycgr3G10126,unique
Mycgr3G101265,Mycgr3G101265,unique
Mycgr3G101270,Mycgr3G101270,unique
Mycgr3G101271,Mycgr3G101271,unique
Mycgr3G101275,Mycgr3G101275,unique
Mycgr3G101277,Mycgr3G101277,unique
Mycgr3G101279,Mycgr3G101279,unique
Mycgr3G101297,Mycgr3G101297,unique
Mycgr3G101300,Mycgr3G101300,unique
Mycgr3G101301,Mycgr3G101301,unique
Mycgr3G101325,Mycgr3G101325,unique
Mycgr3G101326,Mycgr3G101326,unique
Mycgr3G101338,Mycgr3G101338,unique
Mycgr3G101342,Mycgr3G101342,unique
Mycgr3G101353,Mycgr3G101353,unique
Mycgr3G101356,Mycgr3G101356,unique
Mycgr3G101358,Mycgr3G101358,unique
Mycgr3G101362,Mycgr3G101362,unique
Mycgr3G101365,Mycgr3G101365,unique
Mycgr3G101366,Mycgr3G101366,unique
Mycgr3G101384,Mycgr3G101384,unique
Mycgr3G101387,Mycgr3G101387,unique
Mycgr3G101398,Mycgr3G101398,unique
Mycgr3G101405,Mycgr3G101405,unique
Mycgr3G101408,Mycgr3G101408,unique
Mycgr3G101410,Mycgr3G101410,unique
Mycgr3G101413,Mycgr3G101413,unique
Mycgr3G101415,Mycgr3G101415,unique
Mycgr3G101417,Mycgr3G101417,unique
Mycgr3G101428,Mycgr3G101428,unique
Mycgr3G101429,Mycgr3G101429,unique
Mycgr3G101434,Mycgr3G101434,unique
Mycgr3G101437,Mycgr3G101437,unique
Mycgr3G101446,Mycgr3G101446,unique
Mycgr3G101448,Mycgr3G101448,unique
Mycgr3G101457,Mycgr3G101457,unique
Mycgr3G101461,Mycgr3G101461,unique
Mycgr3G101464,Mycgr3G101464,unique
Mycgr3G101466,Mycgr3G101466,unique
Mycgr3G101477,Mycgr3G101477,unique
Mycgr3G101478,Mycgr3G101478,unique
Mycgr3G101482,Mycgr3G101482,unique
Mycgr3G101485,Mycgr3G101485,unique
Mycgr3G101489,Mycgr3G101489,unique
Mycgr3G101493,Mycgr3G101493,unique
Mycgr3G101499,Mycgr3G101499,unique
Mycgr3G101503,Mycgr3G101503,unique
Mycgr3G101514,Mycgr3G101514,unique
Mycgr3G101520,Mycgr3G101520,unique
Mycgr3G101535,Mycgr3G101535,unique
Mycgr3G101539,Mycgr3G101539,unique
Mycgr3G101551,Mycgr3G101551,unique
Mycgr3G101554,Mycgr3G101554,unique
Mycgr3G101572,Mycgr3G101572,unique
Mycgr3G101579,Mycgr3G101579,unique
Mycgr3G101587,Mycgr3G101587,unique
Mycgr3G101589,Mycgr3G101589,unique
Mycgr3G101590,Mycgr3G101590,unique
Mycgr3G101591,Mycgr3G101591,unique
Mycgr3G101592,Mycgr3G101592,unique
Mycgr3G101603,Mycgr3G101603,unique
Mycgr3G101607,Mycgr3G101607,unique
Mycgr3G101609,Mycgr3G101609,unique
Mycgr3G101642,Mycgr3G101642,unique
Mycgr3G10165,Mycgr3G10165,unique
Mycgr3G101652,Mycgr3G101652,unique
Mycgr3G101655,Mycgr3G101655,unique
Mycgr3G101662,Mycgr3G101662,unique
Mycgr3G101664,Mycgr3G101664,unique
Mycgr3G101665,Mycgr3G101665,unique
Mycgr3G101670,Mycgr3G101670,unique
Mycgr3G101672,Mycgr3G101672,unique
Mycgr3G101681,Mycgr3G101681,unique
Mycgr3G101693,Mycgr3G101693,unique
Mycgr3G101694,Mycgr3G101694,unique
Mycgr3G101702,Mycgr3G101702,unique
Mycgr3G101708,Mycgr3G101708,unique
Mycgr3G101712,Mycgr3G101712,unique
Mycgr3G101715,Mycgr3G101715,unique
Mycgr3G101727,Mycgr3G101727,unique
Mycgr3G10173,Mycgr3G10173,unique
Mycgr3G101742,Mycgr3G101742,unique
Mycgr3G101763,Mycgr3G101763,unique
Mycgr3G101770,Mycgr3G101770,unique
Mycgr3G101774,Mycgr3G101774,unique
Mycgr3G101775,Mycgr3G101775,unique
Mycgr3G101782,Mycgr3G101782,unique
Mycgr3G101785,Mycgr3G101785,unique
Mycgr3G101786,Mycgr3G101786,unique
Mycgr3G101788,Mycgr3G101788,unique
Mycgr3G101791,Mycgr3G101791,unique
Mycgr3G101794,Mycgr3G101794,unique
Mycgr3G101803,Mycgr3G101803,unique
Mycgr3G101835,Mycgr3G101835,unique
Mycgr3G101837,Mycgr3G101837,unique
Mycgr3G10184,Mycgr3G10184,unique
Mycgr3G101849,Mycgr3G101849,unique
Mycgr3G101850,Mycgr3G101850,unique
Mycgr3G101851,Mycgr3G101851,unique
Mycgr3G101857,Mycgr3G101857,unique
Mycgr3G101861,Mycgr3G101861,unique
Mycgr3G101867,Mycgr3G101867,unique
Mycgr3G101874,Mycgr3G101874,unique
Mycgr3G101876,Mycgr3G101876,unique
Mycgr3G101885,Mycgr3G101885,unique
Mycgr3G101890,Mycgr3G101890,unique
Mycgr3G101893,Mycgr3G101893,unique
Mycgr3G101897,Mycgr3G101897,unique
Mycgr3G101913,Mycgr3G101913,unique
Mycgr3G101921,Mycgr3G101921,unique
Mycgr3G101925,Mycgr3G101925,unique
Mycgr3G101931,Mycgr3G101931,unique
Mycgr3G101933,Mycgr3G101933,unique
Mycgr3G101983,Mycgr3G101983,unique
Mycgr3G98127,Mycgr3G101989,ambiguous
Mycgr3G101995,Mycgr3G101995,unique
Mycgr3G101997,Mycgr3G101997,unique
Mycgr3G102005,Mycgr3G102005,unique
Mycgr3G102012,Mycgr3G102012,unique
Mycgr3G102016,Mycgr3G102016,unique
Mycgr3G102019,Mycgr3G102019,unique
Mycgr3G102020,Mycgr3G102020,unique
Mycgr3G102025,Mycgr3G102025,unique
Mycgr3G102027,Mycgr3G102027,unique
Mycgr3G102031,Mycgr3G102031,unique
Mycgr3G102033,Mycgr3G102033,unique
Mycgr3G102037,Mycgr3G102037,unique
Mycgr3G102047,Mycgr3G102047,unique
Mycgr3G102049,Mycgr3G102049,unique
Mycgr3G102052,Mycgr3G102052,unique
Mycgr3G102063,Mycgr3G102063,unique
Mycgr3G102064,Mycgr3G102064,unique
Mycgr3G102067,Mycgr3G102067,unique
Mycgr3G102068,Mycgr3G102068,unique
Mycgr3G102072,Mycgr3G102072,unique
Mycgr3G102079,Mycgr3G102079,unique
Mycgr3G102083,Mycgr3G102083,unique
Mycgr3G102085,Mycgr3G102085,unique
Mycgr3G102108,Mycgr3G102108,unique
Mycgr3G102119,Mycgr3G102119,unique
Mycgr3G102121,Mycgr3G102121,unique
Mycgr3G102125,Mycgr3G102125,unique
Mycgr3G102127,Mycgr3G102127,unique
Mycgr3G102131,Mycgr3G102131,unique
Mycgr3G102133,Mycgr3G102133,unique
Mycgr3G102134,Mycgr3G102134,unique
Mycgr3G102136,Mycgr3G102136,unique
Mycgr3G102139,Mycgr3G102139,unique
Mycgr3G102145,Mycgr3G102145,unique
Mycgr3G102147,Mycgr3G102147,unique
Mycgr3G102151,Mycgr3G102151,unique
Mycgr3G102155,Mycgr3G102155,unique
Mycgr3G102157,Mycgr3G102157,unique
Mycgr3G102163,Mycgr3G102163,unique
Mycgr3G102165,Mycgr3G102165,unique
Mycgr3G102170,Mycgr3G102170,unique
Mycgr3G102173,Mycgr3G102173,unique
Mycgr3G102176,Mycgr3G102176,unique
Mycgr3G102177,Mycgr3G102177,unique
Mycgr3G102184,Mycgr3G102184,unique
Mycgr3G102189,Mycgr3G102189,unique
Mycgr3G102191,Mycgr3G102191,unique
Mycgr3G102197,Mycgr3G102197,unique
Mycgr3G102202,Mycgr3G102202,unique
Mycgr3G102204,Mycgr3G102204,unique
Mycgr3G102206,Mycgr3G102206,unique
Mycgr3G102207,Mycgr3G102207,unique
Mycgr3G102217,Mycgr3G102217,unique
Mycgr3G102223,Mycgr3G102223,unique
Mycgr3G102228,Mycgr3G102228,unique
Mycgr3G102248,Mycgr3G102248,unique
Mycgr3G102252,Mycgr3G102252,unique
Mycgr3G102254,Mycgr3G102254,unique
Mycgr3G102256,Mycgr3G102256,unique
Mycgr3G102270,Mycgr3G102270,unique
Mycgr3G102272,Mycgr3G102272,unique
Mycgr3G102274,Mycgr3G102274,unique
Mycgr3G102276,Mycgr3G102276,unique
Mycgr3G102281,Mycgr3G102281,unique
Mycgr3G102294,Mycgr3G102294,unique
Mycgr3G102303,Mycgr3G102303,unique
Mycgr3G102306,Mycgr3G102306,unique
Mycgr3G102314,Mycgr3G102314,unique
Mycgr3G102318,Mycgr3G102318,unique
Mycgr3G102326,Mycgr3G102326,unique
Mycgr3G102341,Mycgr3G102341,unique
Mycgr3G102345,Mycgr3G102345,unique
Mycgr3G102352,Mycgr3G102352,unique
Mycgr3G102358,Mycgr3G102358,unique
Mycgr3G102360,Mycgr3G102360,unique
Mycgr3G102365,Mycgr3G102365,unique
Mycgr3G102369,Mycgr3G102369,unique
Mycgr3G102375,Mycgr3G102375,unique
Mycgr3G102377,Mycgr3G102377,unique
Mycgr3G102381,Mycgr3G102381,unique
Mycgr3G102384,Mycgr3G102384,unique
Mycgr3G102387,Mycgr3G102387,unique
Mycgr3G102388,Mycgr3G102388,unique
Mycgr3G102398,Mycgr3G102398,unique
Mycgr3G102406,Mycgr3G102406,unique
Mycgr3G102408,Mycgr3G102408,unique
Mycgr3G102412,Mycgr3G102412,unique
Mycgr3G102416,Mycgr3G102416,unique
Mycgr3G102427,Mycgr3G102427,unique
Mycgr3G102437,Mycgr3G102437,unique
Mycgr3G102441,Mycgr3G102441,unique
Mycgr3G102469,Mycgr3G102469,unique
Mycgr3G102471,Mycgr3G102471,unique
Mycgr3G102473,Mycgr3G102473,unique
Mycgr3G102480,Mycgr3G102480,unique
Mycgr3G102481,Mycgr3G102481,unique
Mycgr3G102488,Mycgr3G102488,unique
Mycgr3G102491,Mycgr3G102491,unique
Mycgr3G102499,Mycgr3G102499,unique
Mycgr3G102502,Mycgr3G102502,unique
Mycgr3G102508,Mycgr3G102508,unique
Mycgr3G98127,Mycgr3G102513,ambiguous
Mycgr3G102517,Mycgr3G102517,unique
Mycgr3G102519,Mycgr3G102519,unique
Mycgr3G102520,Mycgr3G102520,unique
Mycgr3G102522,Mycgr3G102522,unique
Mycgr3G102524,Mycgr3G102524,unique
Mycgr3G102525,Mycgr3G102525,unique
Mycgr3G102530,Mycgr3G102530,unique
Mycgr3G102532,Mycgr3G102532,unique
Mycgr3G102534,Mycgr3G102534,unique
Mycgr3G102540,Mycgr3G102540,unique
Mycgr3G102541,Mycgr3G102541,unique
Mycgr3G102552,Mycgr3G102552,unique
Mycgr3G102569,Mycgr3G102569,unique
Mycgr3G102570,Mycgr3G102570,unique
Mycgr3G102581,Mycgr3G102581,unique
Mycgr3G102585,Mycgr3G102585,unique
Mycgr3G102589,Mycgr3G102589,unique
Mycgr3G102601,Mycgr3G102601,unique
Mycgr3G102602,Mycgr3G102602,unique
Mycgr3G102611,Mycgr3G102611,unique
Mycgr3G102612,Mycgr3G102612,unique
Mycgr3G102615,Mycgr3G102615,unique
Mycgr3G102617,Mycgr3G102617,unique
Mycgr3G102625,Mycgr3G102625,unique
Mycgr3G102643,Mycgr3G102643,unique
Mycgr3G102646,Mycgr3G102646,unique
Mycgr3G102649,Mycgr3G102649,unique
Mycgr3G102657,Mycgr3G102657,unique
Mycgr3G102658,Mycgr3G102658,unique
Mycgr3G102682,Mycgr3G102682,unique
Mycgr3G102685,Mycgr3G102685,unique
Mycgr3G102690,Mycgr3G102690,unique
Mycgr3G102692,Mycgr3G102692,unique
Mycgr3G102703,Mycgr3G102703,unique
Mycgr3G102715,Mycgr3G102715,unique
Mycgr3G102720,Mycgr3G102720,unique
Mycgr3G102722,Mycgr3G102722,unique
Mycgr3G102724,Mycgr3G102724,unique
Mycgr3G102725,Mycgr3G102725,unique
Mycgr3G102737,Mycgr3G102737,unique
Mycgr3G102740,Mycgr3G102740,unique
Mycgr3G102741,Mycgr3G102741,unique
Mycgr3G102744,Mycgr3G102744,unique
Mycgr3G102749,Mycgr3G102749,unique
Mycgr3G102753,Mycgr3G102753,unique
Mycgr3G102763,Mycgr3G102763,unique
Mycgr3G102764,Mycgr3G102764,unique
Mycgr3G102767,Mycgr3G102767,unique
Mycgr3G102770,Mycgr3G102770,unique
Mycgr3G102775,Mycgr3G102775,unique
Mycgr3G102780,Mycgr3G102780,unique
Mycgr3G102785,Mycgr3G102785,unique
Mycgr3G102788,Mycgr3G102788,unique
Mycgr3G102792,Mycgr3G102792,unique
Mycgr3G102794,Mycgr3G102794,unique
Mycgr3G102797,Mycgr3G102797,unique
Mycgr3G102798,Mycgr3G102798,unique
Mycgr3G102800,Mycgr3G102800,unique
Mycgr3G102802,Mycgr3G102802,unique
Mycgr3G102814,Mycgr3G102814,unique
Mycgr3G102819,Mycgr3G102819,unique
Mycgr3G102821,Mycgr3G102821,unique
Mycgr3G102831,Mycgr3G102831,unique
Mycgr3G102837,Mycgr3G102837,unique
Mycgr3G102841,Mycgr3G102841,unique
Mycgr3G102842,Mycgr3G102842,unique
Mycgr3G102848,Mycgr3G102848,unique
Mycgr3G102849,Mycgr3G102849,unique
Mycgr3G102854,Mycgr3G102854,unique
Mycgr3G102855,Mycgr3G102855,unique
Mycgr3G102869,Mycgr3G102869,unique
Mycgr3G102874,Mycgr3G102874,unique
Mycgr3G102877,Mycgr3G102877,unique
Mycgr3G102881,Mycgr3G102881,unique
Mycgr3G102887,Mycgr3G102887,unique
Mycgr3G102893,Mycgr3G102893,unique
Mycgr3G102895,Mycgr3G102895,unique
Mycgr3G102897,Mycgr3G102897,unique
Mycgr3G102901,Mycgr3G102901,unique
Mycgr3G102907,Mycgr3G102907,unique
Mycgr3G102912,Mycgr3G102912,unique
Mycgr3G102916,Mycgr3G102916,unique
Mycgr3G102918,Mycgr3G102918,unique
Mycgr3G102920,Mycgr3G102920,unique
Mycgr3G102922,Mycgr3G102922,unique
Mycgr3G102927,Mycgr3G102927,unique
Mycgr3G102936,Mycgr3G102936,unique
Mycgr3G102943,Mycgr3G102943,unique
Mycgr3G102950,Mycgr3G102950,unique
Mycgr3G102956,Mycgr3G102956,unique
Mycgr3G102961,Mycgr3G102961,unique
Mycgr3G102970,Mycgr3G102970,unique
Mycgr3G102977,Mycgr3G102977,unique
Mycgr3G102980,Mycgr3G102980,unique
Mycgr3G102982,Mycgr3G102982,unique
Mycgr3G102983,Mycgr3G102983,unique
Mycgr3G102985,Mycgr3G102985,unique
Mycgr3G102988,Mycgr3G102988,unique
Mycgr3G102990,Mycgr3G102990,unique
Mycgr3G102996,Mycgr3G102996,unique
Mycgr3G103001,Mycgr3G103001,unique
Mycgr3G103004,Mycgr3G103004,unique
Mycgr3G103006,Mycgr3G103006,unique
Mycgr3G103011,Mycgr3G103011,unique
Mycgr3G103019,Mycgr3G103019,unique
Mycgr3G103027,Mycgr3G103027,unique
Mycgr3G103029,Mycgr3G103029,unique
Mycgr3G103030,Mycgr3G103030,unique
Mycgr3G103034,Mycgr3G103034,unique
Mycgr3G103042,Mycgr3G103042,unique
Mycgr3G103058,Mycgr3G103058,unique
Mycgr3G103060,Mycgr3G103060,unique
Mycgr3G103070,Mycgr3G103070,unique
Mycgr3G103073,Mycgr3G103073,unique
Mycgr3G103087,Mycgr3G103087,unique
Mycgr3G103089,Mycgr3G103089,unique
Mycgr3G103091,Mycgr3G103091,unique
Mycgr3G103098,Mycgr3G103098,unique
Mycgr3G10310,Mycgr3G10310,unique
Mycgr3G103102,Mycgr3G103102,unique
Mycgr3G103105,Mycgr3G103105,unique
Mycgr3G103110,Mycgr3G103110,unique
Mycgr3G103124,Mycgr3G103124,unique
Mycgr3G103126,Mycgr3G103126,unique
Mycgr3G103130,Mycgr3G103130,unique
Mycgr3G103135,Mycgr3G103135,unique
Mycgr3G103147,Mycgr3G103147,unique
Mycgr3G103157,Mycgr3G103157,unique
Mycgr3G103159,Mycgr3G103159,unique
Mycgr3G103162,Mycgr3G103162,unique
Mycgr3G103183,Mycgr3G103183,unique
Mycgr3G103184,Mycgr3G103184,unique
Mycgr3G103191,Mycgr3G103191,unique
Mycgr3G103199,Mycgr3G103199,unique
Mycgr3G103202,Mycgr3G103202,unique
Mycgr3G103208,Mycgr3G103208,unique
Mycgr3G103215,Mycgr3G103215,unique
Mycgr3G103218,Mycgr3G103218,unique
Mycgr3G103221,Mycgr3G103221,unique
Mycgr3G103230,Mycgr3G103230,unique
Mycgr3G103232,Mycgr3G103232,unique
Mycgr3G103254,Mycgr3G103254,unique
Mycgr3G103255,Mycgr3G103255,unique
Mycgr3G103256,Mycgr3G103256,unique
Mycgr3G103260,Mycgr3G103260,unique
Mycgr3G103262,Mycgr3G103262,unique
Mycgr3G103264,Mycgr3G103264,unique
Mycgr3G103270,Mycgr3G103270,unique
Mycgr3G103274,Mycgr3G103274,unique
Mycgr3G103278,Mycgr3G103278,unique
Mycgr3G103282,Mycgr3G103282,unique
Mycgr3G103297,Mycgr3G103297,unique
Mycgr3G103310,Mycgr3G103310,unique
Mycgr3G103315,Mycgr3G103315,unique
Mycgr3G103329,Mycgr3G103329,unique
Mycgr3G103332,Mycgr3G103332,unique
Mycgr3G103337,Mycgr3G103337,unique
Mycgr3G103339,Mycgr3G103339,unique
Mycgr3G103343,Mycgr3G103343,unique
Mycgr3G103347,Mycgr3G103347,unique
Mycgr3G103350,Mycgr3G103350,unique
Mycgr3G103356,Mycgr3G103356,unique
Mycgr3G103360,Mycgr3G103360,unique
Mycgr3G103362,Mycgr3G103362,unique
Mycgr3G103370,Mycgr3G103370,unique
Mycgr3G103372,Mycgr3G103372,unique
Mycgr3G103387,Mycgr3G103387,unique
Mycgr3G103393,Mycgr3G103393,unique
Mycgr3G103396,Mycgr3G103396,unique
Mycgr3G103402,Mycgr3G103402,unique
Mycgr3G103406,Mycgr3G103406,unique
Mycgr3G103418,Mycgr3G103418,unique
Mycgr3G103421,Mycgr3G103421,unique
Mycgr3G103423,Mycgr3G103423,unique
Mycgr3G103427,Mycgr3G103427,unique
Mycgr3G103434,Mycgr3G103434,unique
Mycgr3G103444,Mycgr3G103444,unique
Mycgr3G103449,Mycgr3G103449,unique
Mycgr3G103459,Mycgr3G103459,unique
Mycgr3G103460,Mycgr3G103460,unique
Mycgr3G103470,Mycgr3G103470,unique
Mycgr3G103476,Mycgr3G103476,unique
Mycgr3G103481,Mycgr3G103481,unique
Mycgr3G103488,Mycgr3G103488,unique
Mycgr3G103490,Mycgr3G103490,unique
Mycgr3G103492,Mycgr3G103492,unique
Mycgr3G103493,Mycgr3G103493,unique
Mycgr3G103496,Mycgr3G103496,unique
Mycgr3G103500,Mycgr3G103500,unique
Mycgr3G103502,Mycgr3G103502,unique
Mycgr3G103505,Mycgr3G103505,unique
Mycgr3G103509,Mycgr3G103509,unique
Mycgr3G103512,Mycgr3G103512,unique
Mycgr3G103519,Mycgr3G103519,unique
Mycgr3G103520,Mycgr3G103520,unique
Mycgr3G103523,Mycgr3G103523,unique
Mycgr3G103524,Mycgr3G103524,unique
Mycgr3G103528,Mycgr3G103528,unique
Mycgr3G103539,Mycgr3G103539,unique
Mycgr3G103545,Mycgr3G103545,unique
Mycgr3G103549,Mycgr3G103549,unique
Mycgr3G103551,Mycgr3G103551,unique
Mycgr3G103555,Mycgr3G103555,unique
Mycgr3G103556,Mycgr3G103556,unique
Mycgr3G103564,Mycgr3G103564,unique
Mycgr3G103568,Mycgr3G103568,unique
Mycgr3G103569,Mycgr3G103569,unique
Mycgr3G103572,Mycgr3G103572,unique
Mycgr3G103574,Mycgr3G103574,unique
Mycgr3G103578,Mycgr3G103578,unique
Mycgr3G103583,Mycgr3G103583,unique
Mycgr3G103593,Mycgr3G103593,unique
Mycgr3G103595,Mycgr3G103595,unique
Mycgr3G103601,Mycgr3G103601,unique
Mycgr3G103603,Mycgr3G103603,unique
Mycgr3G103608,Mycgr3G103608,unique
Mycgr3G103611,Mycgr3G103611,unique
Mycgr3G103615,Mycgr3G103615,unique
Mycgr3G103617,Mycgr3G103617,unique
Mycgr3G103620,Mycgr3G103620,unique
Mycgr3G103622,Mycgr3G103622,unique
Mycgr3G103627,Mycgr3G103627,unique
Mycgr3G103647,Mycgr3G103647,unique
Mycgr3G103650,Mycgr3G103650,unique
Mycgr3G103653,Mycgr3G103653,unique
Mycgr3G103655,Mycgr3G103655,unique
Mycgr3G103657,Mycgr3G103657,unique
Mycgr3G103663,Mycgr3G103663,unique
Mycgr3G103671,Mycgr3G103671,unique
Mycgr3G103672,Mycgr3G103672,unique
Mycgr3G103675,Mycgr3G103675,unique
Mycgr3G103676,Mycgr3G103676,unique
Mycgr3G103679,Mycgr3G103679,unique
Mycgr3G103683,Mycgr3G103683,unique
Mycgr3G103686,Mycgr3G103686,unique
Mycgr3G103691,Mycgr3G103691,unique
Mycgr3G103692,Mycgr3G103692,unique
Mycgr3G103694,Mycgr3G103694,unique
Mycgr3G103701,Mycgr3G103701,unique
Mycgr3G103703,Mycgr3G103703,unique
Mycgr3G103708,Mycgr3G103708,unique
Mycgr3G103713,Mycgr3G103713,unique
Mycgr3G103716,Mycgr3G103716,unique
Mycgr3G103718,Mycgr3G103718,unique
Mycgr3G103719,Mycgr3G103719,unique
Mycgr3G103731,Mycgr3G103731,unique
Mycgr3G103733,Mycgr3G103733,unique
Mycgr3G103740,Mycgr3G103740,unique
Mycgr3G103744,Mycgr3G103744,unique
Mycgr3G103758,Mycgr3G103758,unique
Mycgr3G103760,Mycgr3G103760,unique
Mycgr3G103761,Mycgr3G103761,unique
Mycgr3G103773,Mycgr3G103773,unique
Mycgr3G103792,Mycgr3G103792,unique
Mycgr3G103794,Mycgr3G103794,unique
Mycgr3G103797,Mycgr3G103797,unique
Mycgr3G103805,Mycgr3G103805,unique
Mycgr3G103811,Mycgr3G103811,unique
Mycgr3G103814,Mycgr3G103814,unique
Mycgr3G103816,Mycgr3G103816,unique
Mycgr3G103818,Mycgr3G103818,unique
Mycgr3G103824,Mycgr3G103824,unique
Mycgr3G103827,Mycgr3G103827,unique
Mycgr3G103832,Mycgr3G103832,unique
Mycgr3G103836,Mycgr3G103836,unique
Mycgr3G103841,Mycgr3G103841,unique
Mycgr3G103845,Mycgr3G103845,unique
Mycgr3G103851,Mycgr3G103851,unique
Mycgr3G103866,Mycgr3G103866,unique
Mycgr3G103868,Mycgr3G103868,unique
Mycgr3G103872,Mycgr3G103872,unique
Mycgr3G103882,Mycgr3G103882,unique
Mycgr3G103884,Mycgr3G103884,unique
Mycgr3G103891,Mycgr3G103891,unique
Mycgr3G103894,Mycgr3G103894,unique
Mycgr3G103897,Mycgr3G103897,unique
Mycgr3G103900,Mycgr3G103900,unique
Mycgr3G103903,Mycgr3G103903,unique
Mycgr3G103909,Mycgr3G103909,unique
Mycgr3G103911,Mycgr3G103911,unique
Mycgr3G103912,Mycgr3G103912,unique
Mycgr3G103917,Mycgr3G103917,unique
Mycgr3G103926,Mycgr3G103926,unique
Mycgr3G103942,Mycgr3G103942,unique
Mycgr3G103943,Mycgr3G103943,unique
Mycgr3G103950,Mycgr3G103950,unique
Mycgr3G103951,Mycgr3G103951,unique
Mycgr3G103957,Mycgr3G103957,unique
Mycgr3G103961,Mycgr3G103961,unique
Mycgr3G103966,Mycgr3G103966,unique
Mycgr3G103968,Mycgr3G103968,unique
Mycgr3G103973,Mycgr3G103973,unique
Mycgr3G103974,Mycgr3G103974,unique
Mycgr3G103979,Mycgr3G103979,unique
Mycgr3G103995,Mycgr3G103995,unique
Mycgr3G103997,Mycgr3G103997,unique
Mycgr3G104000,Mycgr3G104000,unique
Mycgr3G104004,Mycgr3G104004,unique
Mycgr3G104009,Mycgr3G104009,unique
Mycgr3G104020,Mycgr3G104020,unique
Mycgr3G104022,Mycgr3G104022,unique
Mycgr3G104028,Mycgr3G104028,unique
Mycgr3G104054,Mycgr3G104054,unique
Mycgr3G104056,Mycgr3G104056,unique
Mycgr3G104063,Mycgr3G104063,unique
Mycgr3G104068,Mycgr3G104068,unique
Mycgr3G104074,Mycgr3G104074,unique
Mycgr3G104080,Mycgr3G104080,unique
Mycgr3G104082,Mycgr3G104082,unique
Mycgr3G104086,Mycgr3G104086,unique
Mycgr3G104090,Mycgr3G104090,unique
Mycgr3G104094,Mycgr3G104094,unique
Mycgr3G104097,Mycgr3G104097,unique
Mycgr3G98127,Mycgr3G104099,ambiguous
Mycgr3G104107,Mycgr3G104107,unique
Mycgr3G104112,Mycgr3G104112,unique
Mycgr3G104114,Mycgr3G104114,unique
Mycgr3G104117,Mycgr3G104117,unique
Mycgr3G104118,Mycgr3G104118,unique
Mycgr3G104122,Mycgr3G104122,unique
Mycgr3G104128,Mycgr3G104128,unique
Mycgr3G104142,Mycgr3G104142,unique
Mycgr3G104143,Mycgr3G104143,unique
Mycgr3G104147,Mycgr3G104147,unique
Mycgr3G104149,Mycgr3G104149,unique
Mycgr3G104155,Mycgr3G104155,unique
Mycgr3G104160,Mycgr3G104160,unique
Mycgr3G104169,Mycgr3G104169,unique
Mycgr3G104171,Mycgr3G104171,unique
Mycgr3G104175,Mycgr3G104175,unique
Mycgr3G104178,Mycgr3G104178,unique
Mycgr3G104179,Mycgr3G104179,unique
Mycgr3G104183,Mycgr3G104183,unique
Mycgr3G10419,Mycgr3G10419,unique
Mycgr3G104198,Mycgr3G104198,unique
Mycgr3G104206,Mycgr3G104206,unique
Mycgr3G104217,Mycgr3G104217,unique
Mycgr3G10422,Mycgr3G10422,unique
Mycgr3G104222,Mycgr3G104222,unique
Mycgr3G104228,Mycgr3G104228,unique
Mycgr3G104234,Mycgr3G104234,unique
Mycgr3G104236,Mycgr3G104236,unique
Mycgr3G104237,Mycgr3G104237,unique
Mycgr3G104239,Mycgr3G104239,unique
Mycgr3G104241,Mycgr3G104241,unique
Mycgr3G104253,Mycgr3G104253,unique
Mycgr3G104256,Mycgr3G104256,unique
Mycgr3G104260,Mycgr3G104260,unique
Mycgr3G104261,Mycgr3G104261,unique
Mycgr3G104274,Mycgr3G104274,unique
Mycgr3G104277,Mycgr3G104277,unique
Mycgr3G104278,Mycgr3G104278,unique
Mycgr3G104283,Mycgr3G104283,unique
Mycgr3G104291,Mycgr3G104291,unique
Mycgr3G104294,Mycgr3G104294,unique
Mycgr3G104297,Mycgr3G104297,unique
Mycgr3G104299,Mycgr3G104299,unique
Mycgr3G104300,Mycgr3G104300,unique
Mycgr3G104314,Mycgr3G104314,unique
Mycgr3G104322,Mycgr3G104322,unique
Mycgr3G104325,Mycgr3G104325,unique
Mycgr3G104327,Mycgr3G104327,unique
Mycgr3G104334,Mycgr3G104334,unique
Mycgr3G104337,Mycgr3G104337,unique
Mycgr3G104341,Mycgr3G104341,unique
Mycgr3G104342,Mycgr3G104342,unique
Mycgr3G104345,Mycgr3G104345,unique
Mycgr3G104347,Mycgr3G104347,unique
Mycgr3G104351,Mycgr3G104351,unique
Mycgr3G104352,Mycgr3G104352,unique
Mycgr3G104355,Mycgr3G104355,unique
Mycgr3G104360,Mycgr3G104360,unique
Mycgr3G104364,Mycgr3G104364,unique
Mycgr3G104366,Mycgr3G104366,unique
Mycgr3G104368,Mycgr3G104368,unique
Mycgr3G104371,Mycgr3G104371,unique
Mycgr3G104372,Mycgr3G104372,unique
Mycgr3G104380,Mycgr3G104380,unique
Mycgr3G104383,Mycgr3G104383,unique
Mycgr3G104386,Mycgr3G104386,unique
Mycgr3G104394,Mycgr3G104394,unique
Mycgr3G104404,Mycgr3G104404,unique
Mycgr3G104409,Mycgr3G104409,unique
Mycgr3G104412,Mycgr3G104412,unique
Mycgr3G104414,Mycgr3G104414,unique
Mycgr3G104423,Mycgr3G104423,unique
Mycgr3G10443,Mycgr3G10443,unique
Mycgr3G104431,Mycgr3G104431,unique
Mycgr3G104434,Mycgr3G104434,unique
Mycgr3G104435,Mycgr3G104435,unique
Mycgr3G104437,Mycgr3G104437,unique
Mycgr3G104440,Mycgr3G104440,unique
Mycgr3G104444,Mycgr3G104444,unique
Mycgr3G104452,Mycgr3G104452,unique
Mycgr3G104455,Mycgr3G104455,unique
Mycgr3G104459,Mycgr3G104459,unique
Mycgr3G104462,Mycgr3G104462,unique
Mycgr3G104464,Mycgr3G104464,unique
Mycgr3G104474,Mycgr3G104474,unique
Mycgr3G104476,Mycgr3G104476,unique
Mycgr3G104482,Mycgr3G104482,unique
Mycgr3G104484,Mycgr3G104484,unique
Mycgr3G104488,Mycgr3G104488,unique
Mycgr3G104489,Mycgr3G104489,unique
Mycgr3G104491,Mycgr3G104491,unique
Mycgr3G104494,Mycgr3G104494,unique
Mycgr3G104498,Mycgr3G104498,unique
Mycgr3G104513,Mycgr3G104513,unique
Mycgr3G104515,Mycgr3G104515,unique
Mycgr3G104520,Mycgr3G104520,unique
Mycgr3G104522,Mycgr3G104522,unique
Mycgr3G104538,Mycgr3G104538,unique
Mycgr3G104544,Mycgr3G104544,unique
Mycgr3G104548,Mycgr3G104548,unique
Mycgr3G104550,Mycgr3G104550,unique
Mycgr3G104559,Mycgr3G104559,unique
Mycgr3G104571,Mycgr3G104571,unique
Mycgr3G104579,Mycgr3G104579,unique
Mycgr3G104583,Mycgr3G104583,unique
Mycgr3G104591,Mycgr3G104591,unique
Mycgr3G104592,Mycgr3G104592,unique
Mycgr3G104595,Mycgr3G104595,unique
Mycgr3G104600,Mycgr3G104600,unique
Mycgr3G104605,Mycgr3G104605,unique
Mycgr3G104607,Mycgr3G104607,unique
Mycgr3G104609,Mycgr3G104609,unique
Mycgr3G104614,Mycgr3G104614,unique
Mycgr3G104620,Mycgr3G104620,unique
Mycgr3G104624,Mycgr3G104624,unique
Mycgr3G104628,Mycgr3G104628,unique
Mycgr3G104632,Mycgr3G104632,unique
Mycgr3G104639,Mycgr3G104639,unique
Mycgr3G104643,Mycgr3G104643,unique
Mycgr3G104644,Mycgr3G104644,unique
Mycgr3G104645,Mycgr3G104645,unique
Mycgr3G104653,Mycgr3G104653,unique
Mycgr3G104658,Mycgr3G104658,unique
Mycgr3G104664,Mycgr3G104664,unique
Mycgr3G104669,Mycgr3G104669,unique
Mycgr3G104671,Mycgr3G104671,unique
Mycgr3G104684,Mycgr3G104684,unique
Mycgr3G104688,Mycgr3G104688,unique
Mycgr3G104697,Mycgr3G104697,unique
Mycgr3G104703,Mycgr3G104703,unique
Mycgr3G104706,Mycgr3G104706,unique
Mycgr3G104710,Mycgr3G104710,unique
Mycgr3G104715,Mycgr3G104715,unique
Mycgr3G104721,Mycgr3G104721,unique
Mycgr3G104723,Mycgr3G104723,unique
Mycgr3G104725,Mycgr3G104725,unique
Mycgr3G104730,Mycgr3G104730,unique
Mycgr3G104735,Mycgr3G104735,unique
Mycgr3G104737,Mycgr3G104737,unique
Mycgr3G104744,Mycgr3G104744,unique
Mycgr3G104747,Mycgr3G104747,unique
Mycgr3G104754,Mycgr3G104754,unique
Mycgr3G104756,Mycgr3G104756,unique
Mycgr3G104758,Mycgr3G104758,unique
Mycgr3G104764,Mycgr3G104764,unique
Mycgr3G104769,Mycgr3G104769,unique
Mycgr3G104779,Mycgr3G104779,unique
Mycgr3G104781,Mycgr3G104781,unique
Mycgr3G104786,Mycgr3G104786,unique
Mycgr3G104787,Mycgr3G104787,unique
Mycgr3G104789,Mycgr3G104789,unique
Mycgr3G104794,Mycgr3G104794,unique
Mycgr3G104795,Mycgr3G104795,unique
Mycgr3G104803,Mycgr3G104803,unique
Mycgr3G104812,Mycgr3G104812,unique
Mycgr3G104832,Mycgr3G104832,unique
Mycgr3G104836,Mycgr3G104836,unique
Mycgr3G104840,Mycgr3G104840,unique
Mycgr3G104845,Mycgr3G104845,unique
Mycgr3G104848,Mycgr3G104848,unique
Mycgr3G104853,Mycgr3G104853,unique
Mycgr3G104867,Mycgr3G104867,unique
Mycgr3G104873,Mycgr3G104873,unique
Mycgr3G104874,Mycgr3G104874,unique
Mycgr3G104876,Mycgr3G104876,unique
Mycgr3G104881,Mycgr3G104881,unique
Mycgr3G104882,Mycgr3G104882,unique
Mycgr3G104884,Mycgr3G104884,unique
Mycgr3G104895,Mycgr3G104895,unique
Mycgr3G104898,Mycgr3G104898,unique
Mycgr3G104912,Mycgr3G104912,unique
Mycgr3G104916,Mycgr3G104916,unique
Mycgr3G104930,Mycgr3G104930,unique
Mycgr3G104937,Mycgr3G104937,unique
Mycgr3G104939,Mycgr3G104939,unique
Mycgr3G104942,Mycgr3G104942,unique
Mycgr3G104951,Mycgr3G104951,unique
Mycgr3G104952,Mycgr3G104952,unique
Mycgr3G104956,Mycgr3G104956,unique
Mycgr3G104965,Mycgr3G104965,unique
Mycgr3G104970,Mycgr3G104970,unique
Mycgr3G104975,Mycgr3G104975,unique
Mycgr3G104997,Mycgr3G104997,unique
Mycgr3G105000,Mycgr3G105000,unique
Mycgr3G10501,Mycgr3G10501,unique
Mycgr3G105015,Mycgr3G105015,unique
Mycgr3G10502,Mycgr3G10502,unique
Mycgr3G105021,Mycgr3G105021,unique
Mycgr3G105024,Mycgr3G105024,unique
Mycgr3G105030,Mycgr3G105030,unique
Mycgr3G105041,Mycgr3G105041,unique
Mycgr3G105042,Mycgr3G105042,unique
Mycgr3G105049,Mycgr3G105049,unique
Mycgr3G105053,Mycgr3G105053,unique
Mycgr3G105058,Mycgr3G105058,unique
Mycgr3G105063,Mycgr3G105063,unique
Mycgr3G105064,Mycgr3G105064,unique
Mycgr3G105080,Mycgr3G105080,unique
Mycgr3G105083,Mycgr3G105083,unique
Mycgr3G105085,Mycgr3G105085,unique
Mycgr3G105090,Mycgr3G105090,unique
Mycgr3G105101,Mycgr3G105101,unique
Mycgr3G105104,Mycgr3G105104,unique
Mycgr3G105107,Mycgr3G105107,unique
Mycgr3G105110,Mycgr3G105110,unique
Mycgr3G105116,Mycgr3G105116,unique
Mycgr3G105119,Mycgr3G105119,unique
Mycgr3G105124,Mycgr3G105124,unique
Mycgr3G105125,Mycgr3G105125,unique
Mycgr3G105142,Mycgr3G105142,unique
Mycgr3G105151,Mycgr3G105151,unique
Mycgr3G105154,Mycgr3G105154,unique
Mycgr3G105173,Mycgr3G105173,unique
Mycgr3G105176,Mycgr3G105176,unique
Mycgr3G105180,Mycgr3G105180,unique
Mycgr3G105182,Mycgr3G105182,unique
Mycgr3G105184,Mycgr3G105184,unique
Mycgr3G105188,Mycgr3G105188,unique
Mycgr3G105193,Mycgr3G105193,unique
Mycgr3G105207,Mycgr3G105207,unique
Mycgr3G105216,Mycgr3G105216,unique
Mycgr3G105223,Mycgr3G105223,unique
Mycgr3G105227,Mycgr3G105227,unique
Mycgr3G105231,Mycgr3G105231,unique
Mycgr3G105254,Mycgr3G105254,unique
Mycgr3G105261,Mycgr3G105261,unique
Mycgr3G105265,Mycgr3G105265,unique
Mycgr3G105272,Mycgr3G105272,unique
Mycgr3G105290,Mycgr3G105290,unique
Mycgr3G105297,Mycgr3G105297,unique
Mycgr3G105300,Mycgr3G105300,unique
Mycgr3G105304,Mycgr3G105304,unique
Mycgr3G105313,Mycgr3G105313,unique
Mycgr3G105321,Mycgr3G105321,unique
Mycgr3G105323,Mycgr3G105323,unique
Mycgr3G105330,Mycgr3G105330,unique
Mycgr3G105351,Mycgr3G105351,unique
Mycgr3G105377,Mycgr3G105377,unique
Mycgr3G105379,Mycgr3G105379,unique
Mycgr3G105388,Mycgr3G105388,unique
Mycgr3G105394,Mycgr3G105394,unique
Mycgr3G105396,Mycgr3G105396,unique
Mycgr3G105397,Mycgr3G105397,unique
Mycgr3G10540,Mycgr3G10540,unique
Mycgr3G105403,Mycgr3G105403,unique
Mycgr3G105409,Mycgr3G105409,unique
Mycgr3G105419,Mycgr3G105419,unique
Mycgr3G105431,Mycgr3G105431,unique
Mycgr3G105449,Mycgr3G105449,unique
Mycgr3G105450,Mycgr3G105450,unique
Mycgr3G105461,Mycgr3G105461,unique
Mycgr3G105463,Mycgr3G105463,unique
Mycgr3G105469,Mycgr3G105469,unique
Mycgr3G105472,Mycgr3G105472,unique
Mycgr3G105478,Mycgr3G105478,unique
Mycgr3G105480,Mycgr3G105480,unique
Mycgr3G105487,Mycgr3G105487,unique
Mycgr3G105489,Mycgr3G105489,unique
Mycgr3G105493,Mycgr3G105493,unique
Mycgr3G105501,Mycgr3G105501,unique
Mycgr3G105508,Mycgr3G105508,unique
Mycgr3G105511,Mycgr3G105511,unique
Mycgr3G105516,Mycgr3G105516,unique
Mycgr3G105522,Mycgr3G105522,unique
Mycgr3G105534,Mycgr3G105534,unique
Mycgr3G105537,Mycgr3G105537,unique
Mycgr3G105540,Mycgr3G105540,unique
Mycgr3G105548,Mycgr3G105548,unique
Mycgr3G105550,Mycgr3G105550,unique
Mycgr3G105557,Mycgr3G105557,unique
Mycgr3G105560,Mycgr3G105560,unique
Mycgr3G105573,Mycgr3G105573,unique
Mycgr3G105575,Mycgr3G105575,unique
Mycgr3G105578,Mycgr3G105578,unique
Mycgr3G105585,Mycgr3G105585,unique
Mycgr3G105587,Mycgr3G105587,unique
Mycgr3G105594,Mycgr3G105594,unique
Mycgr3G105598,Mycgr3G105598,unique
Mycgr3G105601,Mycgr3G105601,unique
Mycgr3G105604,Mycgr3G105604,unique
Mycgr3G105608,Mycgr3G105608,unique
Mycgr3G105609,Mycgr3G105609,unique
Mycgr3G105616,Mycgr3G105616,unique
Mycgr3G105629,Mycgr3G105629,unique
Mycgr3G105631,Mycgr3G105631,unique
Mycgr3G105632,Mycgr3G105632,unique
Mycgr3G105643,Mycgr3G105643,unique
Mycgr3G105645,Mycgr3G105645,unique
Mycgr3G105646,Mycgr3G105646,unique
Mycgr3G105651,Mycgr3G105651,unique
Mycgr3G105653,Mycgr3G105653,unique
Mycgr3G105657,Mycgr3G105657,unique
Mycgr3G105659,Mycgr3G105659,unique
Mycgr3G105661,Mycgr3G105661,unique
Mycgr3G105665,Mycgr3G105665,unique
Mycgr3G105666,Mycgr3G105666,unique
Mycgr3G105669,Mycgr3G105669,unique
Mycgr3G105672,Mycgr3G105672,unique
Mycgr3G105677,Mycgr3G105677,unique
Mycgr3G105682,Mycgr3G105682,unique
Mycgr3G105683,Mycgr3G105683,unique
Mycgr3G105685,Mycgr3G105685,unique
Mycgr3G105689,Mycgr3G105689,unique
Mycgr3G105691,Mycgr3G105691,unique
Mycgr3G105694,Mycgr3G105694,unique
Mycgr3G105698,Mycgr3G105698,unique
Mycgr3G105708,Mycgr3G105708,unique
Mycgr3G105712,Mycgr3G105712,unique
Mycgr3G105717,Mycgr3G105717,unique
Mycgr3G105721,Mycgr3G105721,unique
Mycgr3G105728,Mycgr3G105728,unique
Mycgr3G105731,Mycgr3G105731,unique
Mycgr3G105735,Mycgr3G105735,unique
Mycgr3G105739,Mycgr3G105739,unique
Mycgr3G105740,Mycgr3G105740,unique
Mycgr3G105747,Mycgr3G105747,unique
Mycgr3G105749,Mycgr3G105749,unique
Mycgr3G105754,Mycgr3G105754,unique
Mycgr3G105757,Mycgr3G105757,unique
Mycgr3G105760,Mycgr3G105760,unique
Mycgr3G105763,Mycgr3G105763,unique
Mycgr3G105787,Mycgr3G105787,unique
Mycgr3G105791,Mycgr3G105791,unique
Mycgr3G105795,Mycgr3G105795,unique
Mycgr3G105798,Mycgr3G105798,unique
Mycgr3G105802,Mycgr3G105802,unique
Mycgr3G105803,Mycgr3G105803,unique
Mycgr3G105805,Mycgr3G105805,unique
Mycgr3G105810,Mycgr3G105810,unique
Mycgr3G105813,Mycgr3G105813,unique
Mycgr3G105817,Mycgr3G105817,unique
Mycgr3G105822,Mycgr3G105822,unique
Mycgr3G105825,Mycgr3G105825,unique
Mycgr3G105826,Mycgr3G105826,unique
Mycgr3G105835,Mycgr3G105835,unique
Mycgr3G105839,Mycgr3G105839,unique
Mycgr3G105843,Mycgr3G105843,unique
Mycgr3G105844,Mycgr3G105844,unique
Mycgr3G105851,Mycgr3G105851,unique
Mycgr3G105867,Mycgr3G105867,unique
Mycgr3G105871,Mycgr3G105871,unique
Mycgr3G105874,Mycgr3G105874,unique
Mycgr3G105878,Mycgr3G105878,unique
Mycgr3G105887,Mycgr3G105887,unique
Mycgr3G105888,Mycgr3G105888,unique
Mycgr3G105892,Mycgr3G105892,unique
Mycgr3G105895,Mycgr3G105895,unique
Mycgr3G105896,Mycgr3G105896,unique
Mycgr3G105901,Mycgr3G105901,unique
Mycgr3G105909,Mycgr3G105909,unique
Mycgr3G105910,Mycgr3G105910,unique
Mycgr3G105914,Mycgr3G105914,unique
Mycgr3G105917,Mycgr3G105917,unique
Mycgr3G105920,Mycgr3G105920,unique
Mycgr3G105922,Mycgr3G105922,unique
Mycgr3G105930,Mycgr3G105930,unique
Mycgr3G105932,Mycgr3G105932,unique
Mycgr3G105937,Mycgr3G105937,unique
Mycgr3G105945,Mycgr3G105945,unique
Mycgr3G105946,Mycgr3G105946,unique
Mycgr3G105948,Mycgr3G105948,unique
Mycgr3G105954,Mycgr3G105954,unique
Mycgr3G105957,Mycgr3G105957,unique
Mycgr3G105961,Mycgr3G105961,unique
Mycgr3G105966,Mycgr3G105966,unique
Mycgr3G105971,Mycgr3G105971,unique
Mycgr3G105978,Mycgr3G105978,unique
Mycgr3G105984,Mycgr3G105984,unique
Mycgr3G105999,Mycgr3G105999,unique
Mycgr3G106001,Mycgr3G106001,unique
Mycgr3G106004,Mycgr3G106004,unique
Mycgr3G106008,Mycgr3G106008,unique
Mycgr3G98111,Mycgr3G106011,ambiguous
Mycgr3G106021,Mycgr3G106021,unique
Mycgr3G106023,Mycgr3G106023,unique
Mycgr3G106026,Mycgr3G106026,unique
Mycgr3G106029,Mycgr3G106029,unique
Mycgr3G106034,Mycgr3G106034,unique
Mycgr3G106037,Mycgr3G106037,unique
Mycgr3G106046,Mycgr3G106046,unique
Mycgr3G106049,Mycgr3G106049,unique
Mycgr3G106055,Mycgr3G106055,unique
Mycgr3G106057,Mycgr3G106057,unique
Mycgr3G106061,Mycgr3G106061,unique
Mycgr3G106067,Mycgr3G106067,unique
Mycgr3G106070,Mycgr3G106070,unique
Mycgr3G106071,Mycgr3G106071,unique
Mycgr3G106075,Mycgr3G106075,unique
Mycgr3G106079,Mycgr3G106079,unique
Mycgr3G106091,Mycgr3G106091,unique
Mycgr3G106096,Mycgr3G106096,unique
Mycgr3G106098,Mycgr3G106098,unique
Mycgr3G106099,Mycgr3G106099,unique
Mycgr3G106106,Mycgr3G106106,unique
Mycgr3G106107,Mycgr3G106107,unique
Mycgr3G106110,Mycgr3G106110,unique
Mycgr3G106114,Mycgr3G106114,unique
Mycgr3G106125,Mycgr3G106125,unique
Mycgr3G106127,Mycgr3G106127,unique
Mycgr3G106132,Mycgr3G106132,unique
Mycgr3G106133,Mycgr3G106133,unique
Mycgr3G106138,Mycgr3G106138,unique
Mycgr3G106144,Mycgr3G106144,unique
Mycgr3G106153,Mycgr3G106153,unique
Mycgr3G106161,Mycgr3G106161,unique
Mycgr3G106171,Mycgr3G106171,unique
Mycgr3G106176,Mycgr3G106176,unique
Mycgr3G106181,Mycgr3G106181,unique
Mycgr3G106182,Mycgr3G106182,unique
Mycgr3G106186,Mycgr3G106186,unique
Mycgr3G106188,Mycgr3G106188,unique
Mycgr3G106205,Mycgr3G106205,unique
Mycgr3G106207,Mycgr3G106207,unique
Mycgr3G10621,Mycgr3G10621,unique
Mycgr3G106211,Mycgr3G106211,unique
Mycgr3G106214,Mycgr3G106214,unique
Mycgr3G106219,Mycgr3G106219,unique
Mycgr3G106227,Mycgr3G106227,unique
Mycgr3G106229,Mycgr3G106229,unique
Mycgr3G106231,Mycgr3G106231,unique
Mycgr3G106236,Mycgr3G106236,unique
Mycgr3G106239,Mycgr3G106239,unique
Mycgr3G106242,Mycgr3G106242,unique
Mycgr3G106248,Mycgr3G106248,unique
Mycgr3G106251,Mycgr3G106251,unique
Mycgr3G106257,Mycgr3G106257,unique
Mycgr3G106260,Mycgr3G106260,unique
Mycgr3G106268,Mycgr3G106268,unique
Mycgr3G106276,Mycgr3G106276,unique
Mycgr3G106278,Mycgr3G106278,unique
Mycgr3G106282,Mycgr3G106282,unique
Mycgr3G106284,Mycgr3G106284,unique
Mycgr3G106289,Mycgr3G106289,unique
Mycgr3G106298,Mycgr3G106298,unique
Mycgr3G106311,Mycgr3G106311,unique
Mycgr3G106319,Mycgr3G106319,unique
Mycgr3G10632,Mycgr3G10632,unique
Mycgr3G106324,Mycgr3G106324,unique
Mycgr3G106326,Mycgr3G106326,unique
Mycgr3G106329,Mycgr3G106329,unique
Mycgr3G106332,Mycgr3G106332,unique
Mycgr3G106335,Mycgr3G106335,unique
Mycgr3G106336,Mycgr3G106336,unique
Mycgr3G106338,Mycgr3G106338,unique
Mycgr3G106345,Mycgr3G106345,unique
Mycgr3G106348,Mycgr3G106348,unique
Mycgr3G106350,Mycgr3G106350,unique
Mycgr3G106353,Mycgr3G106353,unique
Mycgr3G106356,Mycgr3G106356,unique
Mycgr3G106357,Mycgr3G106357,unique
Mycgr3G10638,Mycgr3G10638,unique
Mycgr3G106385,Mycgr3G106385,unique
Mycgr3G106390,Mycgr3G106390,unique
Mycgr3G106395,Mycgr3G106395,unique
Mycgr3G106396,Mycgr3G106396,unique
Mycgr3G106397,Mycgr3G106397,unique
Mycgr3G106402,Mycgr3G106402,unique
Mycgr3G106403,Mycgr3G106403,unique
Mycgr3G106406,Mycgr3G106406,unique
Mycgr3G106407,Mycgr3G106407,unique
Mycgr3G106408,Mycgr3G106408,unique
Mycgr3G106410,Mycgr3G106410,unique
Mycgr3G106416,Mycgr3G106416,unique
Mycgr3G106418,Mycgr3G106418,unique
Mycgr3G106420,Mycgr3G106420,unique
Mycgr3G106430,Mycgr3G106430,unique
Mycgr3G106436,Mycgr3G106436,unique
Mycgr3G106442,Mycgr3G106442,unique
Mycgr3G106445,Mycgr3G106445,unique
Mycgr3G106449,Mycgr3G106449,unique
Mycgr3G106452,Mycgr3G106452,unique
Mycgr3G106454,Mycgr3G106454,unique
Mycgr3G106456,Mycgr3G106456,unique
Mycgr3G106469,Mycgr3G106469,unique
Mycgr3G106471,Mycgr3G106471,unique
Mycgr3G106475,Mycgr3G106475,unique
Mycgr3G106482,Mycgr3G106482,unique
Mycgr3G106485,Mycgr3G106485,unique
Mycgr3G106489,Mycgr3G106489,unique
Mycgr3G106491,Mycgr3G106491,unique
Mycgr3G106497,Mycgr3G106497,unique
Mycgr3G106502,Mycgr3G106502,unique
Mycgr3G106509,Mycgr3G106509,unique
Mycgr3G106512,Mycgr3G106512,unique
Mycgr3G106525,Mycgr3G106525,unique
Mycgr3G106528,Mycgr3G106528,unique
Mycgr3G106529,Mycgr3G106529,unique
Mycgr3G106533,Mycgr3G106533,unique
Mycgr3G106539,Mycgr3G106539,unique
Mycgr3G106548,Mycgr3G106548,unique
Mycgr3G106553,Mycgr3G106553,unique
Mycgr3G106556,Mycgr3G106556,unique
Mycgr3G106559,Mycgr3G106559,unique
Mycgr3G106562,Mycgr3G106562,unique
Mycgr3G106564,Mycgr3G106564,unique
Mycgr3G106565,Mycgr3G106565,unique
Mycgr3G106573,Mycgr3G106573,unique
Mycgr3G106576,Mycgr3G106576,unique
Mycgr3G106579,Mycgr3G106579,unique
Mycgr3G106583,Mycgr3G106583,unique
Mycgr3G106585,Mycgr3G106585,unique
Mycgr3G106587,Mycgr3G106587,unique
Mycgr3G106588,Mycgr3G106588,unique
Mycgr3G106589,Mycgr3G106589,unique
Mycgr3G106592,Mycgr3G106592,unique
Mycgr3G106593,Mycgr3G106593,unique
Mycgr3G106596,Mycgr3G106596,unique
Mycgr3G106598,Mycgr3G106598,unique
Mycgr3G106599,Mycgr3G106599,unique
Mycgr3G106603,Mycgr3G106603,unique
Mycgr3G106608,Mycgr3G106608,unique
Mycgr3G106610,Mycgr3G106610,unique
Mycgr3G106612,Mycgr3G106612,unique
Mycgr3G106616,Mycgr3G106616,unique
Mycgr3G106618,Mycgr3G106618,unique
Mycgr3G106620,Mycgr3G106620,unique
Mycgr3G106622,Mycgr3G106622,unique
Mycgr3G106624,Mycgr3G106624,unique
Mycgr3G97679,Mycgr3G106626,ambiguous
Mycgr3G106631,Mycgr3G106631,unique
Mycgr3G106633,Mycgr3G106633,unique
Mycgr3G106635,Mycgr3G106635,unique
Mycgr3G106637,Mycgr3G106637,unique
Mycgr3G106639,Mycgr3G106639,unique
Mycgr3G106641,Mycgr3G106641,unique
Mycgr3G98127,Mycgr3G106643,ambiguous
Mycgr3G106645,Mycgr3G106645,unique
Mycgr3G106647,Mycgr3G106647,unique
Mycgr3G106652,Mycgr3G106652,unique
Mycgr3G106653,Mycgr3G106653,unique
Mycgr3G106655,Mycgr3G106655,unique
Mycgr3G106657,Mycgr3G106657,unique
Mycgr3G106659,Mycgr3G106659,unique
Mycgr3G106662,Mycgr3G106662,unique
Mycgr3G106664,Mycgr3G106664,unique
Mycgr3G106665,Mycgr3G106665,unique
Mycgr3G106667,Mycgr3G106667,unique
Mycgr3G10667,Mycgr3G10667,unique
Mycgr3G106672,Mycgr3G106672,unique
Mycgr3G106674,Mycgr3G106674,unique
Mycgr3G106675,Mycgr3G106675,unique
Mycgr3G106678,Mycgr3G106678,unique
Mycgr3G106684,Mycgr3G106684,unique
Mycgr3G106685,Mycgr3G106685,unique
Mycgr3G106688,Mycgr3G106688,unique
Mycgr3G106690,Mycgr3G106690,unique
Mycgr3G106691,Mycgr3G106691,unique
Mycgr3G106694,Mycgr3G106694,unique
Mycgr3G106697,Mycgr3G106697,unique
Mycgr3G106700,Mycgr3G106700,unique
Mycgr3G106703,Mycgr3G106703,unique
Mycgr3G106705,Mycgr3G106705,unique
Mycgr3G106706,Mycgr3G106706,unique
Mycgr3G106709,Mycgr3G106709,unique
Mycgr3G106710,Mycgr3G106710,unique
Mycgr3G106713,Mycgr3G106713,unique
Mycgr3G106715,Mycgr3G106715,unique
Mycgr3G106716,Mycgr3G106716,unique
Mycgr3G106719,Mycgr3G106719,unique
Mycgr3G106721,Mycgr3G106721,unique
Mycgr3G106723,Mycgr3G106723,unique
Mycgr3G106732,Mycgr3G106732,unique
Mycgr3G106733,Mycgr3G106733,unique
Mycgr3G106738,Mycgr3G106738,unique
Mycgr3G106740,Mycgr3G106740,unique
Mycgr3G106743,Mycgr3G106743,unique
Mycgr3G106745,Mycgr3G106745,unique
Mycgr3G106752,Mycgr3G106752,unique
Mycgr3G106753,Mycgr3G106753,unique
Mycgr3G106756,Mycgr3G106756,unique
Mycgr3G106762,Mycgr3G106762,unique
Mycgr3G106768,Mycgr3G106768,unique
Mycgr3G106769,Mycgr3G106769,unique
Mycgr3G106779,Mycgr3G106779,unique
Mycgr3G106780,Mycgr3G106780,unique
Mycgr3G106782,Mycgr3G106782,unique
Mycgr3G106783,Mycgr3G106783,unique
Mycgr3G106788,Mycgr3G106788,unique
Mycgr3G106793,Mycgr3G106793,unique
Mycgr3G106794,Mycgr3G106794,unique
Mycgr3G106799,Mycgr3G106799,unique
Mycgr3G106800,Mycgr3G106800,unique
Mycgr3G106807,Mycgr3G106807,unique
Mycgr3G106814,Mycgr3G106814,unique
Mycgr3G106817,Mycgr3G106817,unique
Mycgr3G106831,Mycgr3G106831,unique
Mycgr3G106834,Mycgr3G106834,unique
Mycgr3G106842,Mycgr3G106842,unique
Mycgr3G106843,Mycgr3G106843,unique
Mycgr3G106850,Mycgr3G106850,unique
Mycgr3G106853,Mycgr3G106853,unique
Mycgr3G106864,Mycgr3G106864,unique
Mycgr3G106866,Mycgr3G106866,unique
Mycgr3G106868,Mycgr3G106868,unique
Mycgr3G106870,Mycgr3G106870,unique
Mycgr3G106874,Mycgr3G106874,unique
Mycgr3G106880,Mycgr3G106880,unique
Mycgr3G106883,Mycgr3G106883,unique
Mycgr3G106884,Mycgr3G106884,unique
Mycgr3G106885,Mycgr3G106885,unique
Mycgr3G106886,Mycgr3G106886,unique
Mycgr3G106893,Mycgr3G106893,unique
Mycgr3G106897,Mycgr3G106897,unique
Mycgr3G106901,Mycgr3G106901,unique
Mycgr3G106905,Mycgr3G106905,unique
Mycgr3G106912,Mycgr3G106912,unique
Mycgr3G106918,Mycgr3G106918,unique
Mycgr3G106928,Mycgr3G106928,unique
Mycgr3G106929,Mycgr3G106929,unique
Mycgr3G106942,Mycgr3G106942,unique
Mycgr3G106945,Mycgr3G106945,unique
Mycgr3G106949,Mycgr3G106949,unique
Mycgr3G106955,Mycgr3G106955,unique
Mycgr3G106959,Mycgr3G106959,unique
Mycgr3G106960,Mycgr3G106960,unique
Mycgr3G106967,Mycgr3G106967,unique
Mycgr3G106974,Mycgr3G106974,unique
Mycgr3G106982,Mycgr3G106982,unique
Mycgr3G106986,Mycgr3G106986,unique
Mycgr3G106990,Mycgr3G106990,unique
Mycgr3G106991,Mycgr3G106991,unique
Mycgr3G106995,Mycgr3G106995,unique
Mycgr3G107001,Mycgr3G107001,unique
Mycgr3G107003,Mycgr3G107003,unique
Mycgr3G107004,Mycgr3G107004,unique
Mycgr3G107010,Mycgr3G107010,unique
Mycgr3G107011,Mycgr3G107011,unique
Mycgr3G107024,Mycgr3G107024,unique
Mycgr3G107028,Mycgr3G107028,unique
Mycgr3G107030,Mycgr3G107030,unique
Mycgr3G107050,Mycgr3G107050,unique
Mycgr3G107052,Mycgr3G107052,unique
Mycgr3G107053,Mycgr3G107053,unique
Mycgr3G107063,Mycgr3G107063,unique
Mycgr3G107064,Mycgr3G107064,unique
Mycgr3G107066,Mycgr3G107066,unique
Mycgr3G107068,Mycgr3G107068,unique
Mycgr3G107069,Mycgr3G107069,unique
Mycgr3G107072,Mycgr3G107072,unique
Mycgr3G107086,Mycgr3G107086,unique
Mycgr3G107088,Mycgr3G107088,unique
Mycgr3G107090,Mycgr3G107090,unique
Mycgr3G107091,Mycgr3G107091,unique
Mycgr3G107092,Mycgr3G107092,unique
Mycgr3G107101,Mycgr3G107101,unique
Mycgr3G107106,Mycgr3G107106,unique
Mycgr3G107116,Mycgr3G107116,unique
Mycgr3G107126,Mycgr3G107126,unique
Mycgr3G107133,Mycgr3G107133,unique
Mycgr3G107136,Mycgr3G107136,unique
Mycgr3G107138,Mycgr3G107138,unique
Mycgr3G107149,Mycgr3G107149,unique
Mycgr3G107151,Mycgr3G107151,unique
Mycgr3G107152,Mycgr3G107152,unique
Mycgr3G107156,Mycgr3G107156,unique
Mycgr3G107160,Mycgr3G107160,unique
Mycgr3G107161,Mycgr3G107161,unique
Mycgr3G107165,Mycgr3G107165,unique
Mycgr3G107168,Mycgr3G107168,unique
Mycgr3G107169,Mycgr3G107169,unique
Mycgr3G107174,Mycgr3G107174,unique
Mycgr3G107175,Mycgr3G107175,unique
Mycgr3G107178,Mycgr3G107178,unique
Mycgr3G107183,Mycgr3G107183,unique
Mycgr3G107186,Mycgr3G107186,unique
Mycgr3G107190,Mycgr3G107190,unique
Mycgr3G107194,Mycgr3G107194,unique
Mycgr3G107195,Mycgr3G107195,unique
Mycgr3G107196,Mycgr3G107196,unique
Mycgr3G107198,Mycgr3G107198,unique
Mycgr3G107202,Mycgr3G107202,unique
Mycgr3G107205,Mycgr3G107205,unique
Mycgr3G107206,Mycgr3G107206,unique
Mycgr3G107208,Mycgr3G107208,unique
Mycgr3G107209,Mycgr3G107209,unique
Mycgr3G107212,Mycgr3G107212,unique
Mycgr3G107215,Mycgr3G107215,unique
Mycgr3G107220,Mycgr3G107220,unique
Mycgr3G107221,Mycgr3G107221,unique
Mycgr3G107224,Mycgr3G107224,unique
Mycgr3G107230,Mycgr3G107230,unique
Mycgr3G107234,Mycgr3G107234,unique
Mycgr3G107239,Mycgr3G107239,unique
Mycgr3G107242,Mycgr3G107242,unique
Mycgr3G107244,Mycgr3G107244,unique
Mycgr3G107267,Mycgr3G107267,unique
Mycgr3G107276,Mycgr3G107276,unique
Mycgr3G107279,Mycgr3G107279,unique
Mycgr3G107281,Mycgr3G107281,unique
Mycgr3G107284,Mycgr3G107284,unique
Mycgr3G107285,Mycgr3G107285,unique
Mycgr3G107286,Mycgr3G107286,unique
Mycgr3G107288,Mycgr3G107288,unique
Mycgr3G107289,Mycgr3G107289,unique
Mycgr3G107290,Mycgr3G107290,unique
Mycgr3G107296,Mycgr3G107296,unique
Mycgr3G107297,Mycgr3G107297,unique
Mycgr3G107300,Mycgr3G107300,unique
Mycgr3G107306,Mycgr3G107306,unique
Mycgr3G107313,Mycgr3G107313,unique
Mycgr3G107316,Mycgr3G107316,unique
Mycgr3G107317,Mycgr3G107317,unique
Mycgr3G107319,Mycgr3G107319,unique
Mycgr3G107320,Mycgr3G107320,unique
Mycgr3G107324,Mycgr3G107324,unique
Mycgr3G107327,Mycgr3G107327,unique
Mycgr3G107335,Mycgr3G107335,unique
Mycgr3G107339,Mycgr3G107339,unique
Mycgr3G107340,Mycgr3G107340,unique
Mycgr3G107344,Mycgr3G107344,unique
Mycgr3G107346,Mycgr3G107346,unique
Mycgr3G107351,Mycgr3G107351,unique
Mycgr3G107353,Mycgr3G107353,unique
Mycgr3G107354,Mycgr3G107354,unique
Mycgr3G107355,Mycgr3G107355,unique
Mycgr3G107360,Mycgr3G107360,unique
Mycgr3G107363,Mycgr3G107363,unique
Mycgr3G107371,Mycgr3G107371,unique
Mycgr3G10738,Mycgr3G10738,unique
Mycgr3G107384,Mycgr3G107384,unique
Mycgr3G107385,Mycgr3G107385,unique
Mycgr3G107386,Mycgr3G107386,unique
Mycgr3G107387,Mycgr3G107387,unique
Mycgr3G107389,Mycgr3G107389,unique
Mycgr3G107390,Mycgr3G107390,unique
Mycgr3G107391,Mycgr3G107391,unique
Mycgr3G107396,Mycgr3G107396,unique
Mycgr3G107400,Mycgr3G107400,unique
Mycgr3G107401,Mycgr3G107401,unique
Mycgr3G107402,Mycgr3G107402,unique
Mycgr3G107403,Mycgr3G107403,unique
Mycgr3G107406,Mycgr3G107406,unique
Mycgr3G107411,Mycgr3G107411,unique
Mycgr3G107412,Mycgr3G107412,unique
Mycgr3G107417,Mycgr3G107417,unique
Mycgr3G107419,Mycgr3G107419,unique
Mycgr3G10742,Mycgr3G10742,unique
Mycgr3G107425,Mycgr3G107425,unique
Mycgr3G107427,Mycgr3G107427,unique
Mycgr3G107437,Mycgr3G107437,unique
Mycgr3G107442,Mycgr3G107442,unique
Mycgr3G107443,Mycgr3G107443,unique
Mycgr3G107448,Mycgr3G107448,unique
Mycgr3G10745,Mycgr3G10745,unique
Mycgr3G107454,Mycgr3G107454,unique
Mycgr3G107460,Mycgr3G107460,unique
Mycgr3G107461,Mycgr3G107461,unique
Mycgr3G107462,Mycgr3G107462,unique
Mycgr3G107473,Mycgr3G107473,unique
Mycgr3G107474,Mycgr3G107474,unique
Mycgr3G107483,Mycgr3G107483,unique
Mycgr3G107488,Mycgr3G107488,unique
Mycgr3G10749,Mycgr3G10749,unique
Mycgr3G107492,Mycgr3G107492,unique
Mycgr3G107493,Mycgr3G107493,unique
Mycgr3G107494,Mycgr3G107494,unique
Mycgr3G107497,Mycgr3G107497,unique
Mycgr3G107498,Mycgr3G107498,unique
Mycgr3G107505,Mycgr3G107505,unique
Mycgr3G107517,Mycgr3G107517,unique
Mycgr3G98127,Mycgr3G107522,ambiguous
Mycgr3G107524,Mycgr3G107524,unique
Mycgr3G107535,Mycgr3G107535,unique
Mycgr3G107536,Mycgr3G107536,unique
Mycgr3G107544,Mycgr3G107544,unique
Mycgr3G107550,Mycgr3G107550,unique
Mycgr3G107551,Mycgr3G107551,unique
Mycgr3G107553,Mycgr3G107553,unique
Mycgr3G107565,Mycgr3G107565,unique
Mycgr3G107566,Mycgr3G107566,unique
Mycgr3G107571,Mycgr3G107571,unique
Mycgr3G107574,Mycgr3G107574,unique
Mycgr3G107589,Mycgr3G107589,unique
Mycgr3G107593,Mycgr3G107593,unique
Mycgr3G107596,Mycgr3G107596,unique
Mycgr3G107598,Mycgr3G107598,unique
Mycgr3G107599,Mycgr3G107599,unique
Mycgr3G107601,Mycgr3G107601,unique
Mycgr3G107603,Mycgr3G107603,unique
Mycgr3G107606,Mycgr3G107606,unique
Mycgr3G107614,Mycgr3G107614,unique
Mycgr3G107615,Mycgr3G107615,unique
Mycgr3G107616,Mycgr3G107616,unique
Mycgr3G107618,Mycgr3G107618,unique
Mycgr3G107627,Mycgr3G107627,unique
Mycgr3G107629,Mycgr3G107629,unique
Mycgr3G107637,Mycgr3G107637,unique
Mycgr3G107640,Mycgr3G107640,unique
Mycgr3G107643,Mycgr3G107643,unique
Mycgr3G107644,Mycgr3G107644,unique
Mycgr3G107646,Mycgr3G107646,unique
Mycgr3G107656,Mycgr3G107656,unique
Mycgr3G10766,Mycgr3G10766,unique
Mycgr3G107660,Mycgr3G107660,unique
Mycgr3G107669,Mycgr3G107669,unique
Mycgr3G107673,Mycgr3G107673,unique
Mycgr3G107675,Mycgr3G107675,unique
Mycgr3G107684,Mycgr3G107684,unique
Mycgr3G107688,Mycgr3G107688,unique
Mycgr3G107697,Mycgr3G107697,unique
Mycgr3G107703,Mycgr3G107703,unique
Mycgr3G107708,Mycgr3G107708,unique
Mycgr3G107709,Mycgr3G107709,unique
Mycgr3G107711,Mycgr3G107711,unique
Mycgr3G107713,Mycgr3G107713,unique
Mycgr3G107715,Mycgr3G107715,unique
Mycgr3G107719,Mycgr3G107719,unique
Mycgr3G107722,Mycgr3G107722,unique
Mycgr3G107726,Mycgr3G107726,unique
Mycgr3G107729,Mycgr3G107729,unique
Mycgr3G107730,Mycgr3G107730,unique
Mycgr3G107731,Mycgr3G107731,unique
Mycgr3G107737,Mycgr3G107737,unique
Mycgr3G107738,Mycgr3G107738,unique
Mycgr3G107743,Mycgr3G107743,unique
Mycgr3G107758,Mycgr3G107758,unique
Mycgr3G107760,Mycgr3G107760,unique
Mycgr3G107761,Mycgr3G107761,unique
Mycgr3G107763,Mycgr3G107763,unique
Mycgr3G107781,Mycgr3G107781,unique
Mycgr3G107782,Mycgr3G107782,unique
Mycgr3G107785,Mycgr3G107785,unique
Mycgr3G107787,Mycgr3G107787,unique
Mycgr3G107789,Mycgr3G107789,unique
Mycgr3G107790,Mycgr3G107790,unique
Mycgr3G107794,Mycgr3G107794,unique
Mycgr3G107795,Mycgr3G107795,unique
Mycgr3G107800,Mycgr3G107800,unique
Mycgr3G107801,Mycgr3G107801,unique
Mycgr3G107808,Mycgr3G107808,unique
Mycgr3G107811,Mycgr3G107811,unique
Mycgr3G107812,Mycgr3G107812,unique
Mycgr3G107817,Mycgr3G107817,unique
Mycgr3G107818,Mycgr3G107818,unique
Mycgr3G107824,Mycgr3G107824,unique
Mycgr3G107825,Mycgr3G107825,unique
Mycgr3G107828,Mycgr3G107828,unique
Mycgr3G107830,Mycgr3G107830,unique
Mycgr3G107834,Mycgr3G107834,unique
Mycgr3G107837,Mycgr3G107837,unique
Mycgr3G107840,Mycgr3G107840,unique
Mycgr3G107841,Mycgr3G107841,unique
Mycgr3G107850,Mycgr3G107850,unique
Mycgr3G107851,Mycgr3G107851,unique
Mycgr3G107852,Mycgr3G107852,unique
Mycgr3G107854,Mycgr3G107854,unique
Mycgr3G107859,Mycgr3G107859,unique
Mycgr3G107867,Mycgr3G107867,unique
Mycgr3G107882,Mycgr3G107882,unique
Mycgr3G107883,Mycgr3G107883,unique
Mycgr3G107889,Mycgr3G107889,unique
Mycgr3G107903,Mycgr3G107903,unique
Mycgr3G107904,Mycgr3G107904,unique
Mycgr3G107905,Mycgr3G107905,unique
Mycgr3G107908,Mycgr3G107908,unique
Mycgr3G107910,Mycgr3G107910,unique
Mycgr3G107914,Mycgr3G107914,unique
Mycgr3G107916,Mycgr3G107916,unique
Mycgr3G107918,Mycgr3G107918,unique
Mycgr3G107920,Mycgr3G107920,unique
Mycgr3G107921,Mycgr3G107921,unique
Mycgr3G107923,Mycgr3G107923,unique
Mycgr3G107924,Mycgr3G107924,unique
Mycgr3G107929,Mycgr3G107929,unique
Mycgr3G107930,Mycgr3G107930,unique
Mycgr3G107945,Mycgr3G107945,unique
Mycgr3G107946,Mycgr3G107946,unique
Mycgr3G107949,Mycgr3G107949,unique
Mycgr3G107953,Mycgr3G107953,unique
Mycgr3G107958,Mycgr3G107958,unique
Mycgr3G107959,Mycgr3G107959,unique
Mycgr3G107963,Mycgr3G107963,unique
Mycgr3G107966,Mycgr3G107966,unique
Mycgr3G107967,Mycgr3G107967,unique
Mycgr3G107968,Mycgr3G107968,unique
Mycgr3G107972,Mycgr3G107972,unique
Mycgr3G107974,Mycgr3G107974,unique
Mycgr3G107981,Mycgr3G107981,unique
Mycgr3G107982,Mycgr3G107982,unique
Mycgr3G107996,Mycgr3G107996,unique
Mycgr3G108001,Mycgr3G108001,unique
Mycgr3G108003,Mycgr3G108003,unique
Mycgr3G108008,Mycgr3G108008,unique
Mycgr3G108013,Mycgr3G108013,unique
Mycgr3G108014,Mycgr3G108014,unique
Mycgr3G108024,Mycgr3G108024,unique
Mycgr3G108025,Mycgr3G108025,unique
Mycgr3G108026,Mycgr3G108026,unique
Mycgr3G108040,Mycgr3G108040,unique
Mycgr3G108045,Mycgr3G108045,unique
Mycgr3G108052,Mycgr3G108052,unique
Mycgr3G108055,Mycgr3G108055,unique
Mycgr3G108058,Mycgr3G108058,unique
Mycgr3G108062,Mycgr3G108062,unique
Mycgr3G108064,Mycgr3G108064,unique
Mycgr3G108068,Mycgr3G108068,unique
Mycgr3G108070,Mycgr3G108070,unique
Mycgr3G108073,Mycgr3G108073,unique
Mycgr3G108075,Mycgr3G108075,unique
Mycgr3G108090,Mycgr3G108090,unique
Mycgr3G108094,Mycgr3G108094,unique
Mycgr3G108101,Mycgr3G108101,unique
Mycgr3G108107,Mycgr3G108107,unique
Mycgr3G108110,Mycgr3G108110,unique
Mycgr3G108112,Mycgr3G108112,unique
Mycgr3G108116,Mycgr3G108116,unique
Mycgr3G108131,Mycgr3G108131,unique
Mycgr3G108135,Mycgr3G108135,unique
Mycgr3G108146,Mycgr3G108146,unique
Mycgr3G108147,Mycgr3G108147,unique
Mycgr3G108148,Mycgr3G108148,unique
Mycgr3G108150,Mycgr3G108150,unique
Mycgr3G108151,Mycgr3G108151,unique
Mycgr3G108152,Mycgr3G108152,unique
Mycgr3G108162,Mycgr3G108162,unique
Mycgr3G108163,Mycgr3G108163,unique
Mycgr3G108169,Mycgr3G108169,unique
Mycgr3G108172,Mycgr3G108172,unique
Mycgr3G108173,Mycgr3G108173,unique
Mycgr3G108179,Mycgr3G108179,unique
Mycgr3G108180,Mycgr3G108180,unique
Mycgr3G108182,Mycgr3G108182,unique
Mycgr3G108183,Mycgr3G108183,unique
Mycgr3G10819,Mycgr3G10819,unique
Mycgr3G108192,Mycgr3G108192,unique
Mycgr3G108195,Mycgr3G108195,unique
Mycgr3G108196,Mycgr3G108196,unique
Mycgr3G108197,Mycgr3G108197,unique
Mycgr3G108201,Mycgr3G108201,unique
Mycgr3G108203,Mycgr3G108203,unique
Mycgr3G108215,Mycgr3G108215,unique
Mycgr3G108217,Mycgr3G108217,unique
Mycgr3G108218,Mycgr3G108218,unique
Mycgr3G108219,Mycgr3G108219,unique
Mycgr3G108223,Mycgr3G108223,unique
Mycgr3G108228,Mycgr3G108228,unique
Mycgr3G108236,Mycgr3G108236,unique
Mycgr3G108244,Mycgr3G108244,unique
Mycgr3G108245,Mycgr3G108245,unique
Mycgr3G108250,Mycgr3G108250,unique
Mycgr3G108252,Mycgr3G108252,unique
Mycgr3G108254,Mycgr3G108254,unique
Mycgr3G108264,Mycgr3G108264,unique
Mycgr3G108265,Mycgr3G108265,unique
Mycgr3G108267,Mycgr3G108267,unique
Mycgr3G108268,Mycgr3G108268,unique
Mycgr3G108272,Mycgr3G108272,unique
Mycgr3G108274,Mycgr3G108274,unique
Mycgr3G108279,Mycgr3G108279,unique
Mycgr3G108281,Mycgr3G108281,unique
Mycgr3G108288,Mycgr3G108288,unique
Mycgr3G108290,Mycgr3G108290,unique
Mycgr3G108294,Mycgr3G108294,unique
Mycgr3G108298,Mycgr3G108298,unique
Mycgr3G108301,Mycgr3G108301,unique
Mycgr3G108309,Mycgr3G108309,unique
Mycgr3G108312,Mycgr3G108312,unique
Mycgr3G108314,Mycgr3G108314,unique
Mycgr3G108315,Mycgr3G108315,unique
Mycgr3G108321,Mycgr3G108321,unique
Mycgr3G108329,Mycgr3G108329,unique
Mycgr3G108330,Mycgr3G108330,unique
Mycgr3G108333,Mycgr3G108333,unique
Mycgr3G108336,Mycgr3G108336,unique
Mycgr3G108339,Mycgr3G108339,unique
Mycgr3G108345,Mycgr3G108345,unique
Mycgr3G108349,Mycgr3G108349,unique
Mycgr3G108350,Mycgr3G108350,unique
Mycgr3G108353,Mycgr3G108353,unique
Mycgr3G108354,Mycgr3G108354,unique
Mycgr3G108362,Mycgr3G108362,unique
Mycgr3G108367,Mycgr3G108367,unique
Mycgr3G108377,Mycgr3G108377,unique
Mycgr3G108384,Mycgr3G108384,unique
Mycgr3G108391,Mycgr3G108391,unique
Mycgr3G108392,Mycgr3G108392,unique
Mycgr3G108395,Mycgr3G108395,unique
Mycgr3G108397,Mycgr3G108397,unique
Mycgr3G108398,Mycgr3G108398,unique
Mycgr3G108399,Mycgr3G108399,unique
Mycgr3G108402,Mycgr3G108402,unique
Mycgr3G108403,Mycgr3G108403,unique
Mycgr3G108406,Mycgr3G108406,unique
Mycgr3G108416,Mycgr3G108416,unique
Mycgr3G108417,Mycgr3G108417,unique
Mycgr3G108421,Mycgr3G108421,unique
Mycgr3G108424,Mycgr3G108424,unique
Mycgr3G108425,Mycgr3G108425,unique
Mycgr3G108426,Mycgr3G108426,unique
Mycgr3G108441,Mycgr3G108441,unique
Mycgr3G108444,Mycgr3G108444,unique
Mycgr3G108445,Mycgr3G108445,unique
Mycgr3G108446,Mycgr3G108446,unique
Mycgr3G108448,Mycgr3G108448,unique
Mycgr3G108464,Mycgr3G108464,unique
Mycgr3G108469,Mycgr3G108469,unique
Mycgr3G108472,Mycgr3G108472,unique
Mycgr3G108479,Mycgr3G108479,unique
Mycgr3G108482,Mycgr3G108482,unique
Mycgr3G108483,Mycgr3G108483,unique
Mycgr3G108486,Mycgr3G108486,unique
Mycgr3G108491,Mycgr3G108491,unique
Mycgr3G108494,Mycgr3G108494,unique
Mycgr3G108495,Mycgr3G108495,unique
Mycgr3G108499,Mycgr3G108499,unique
Mycgr3G108506,Mycgr3G108506,unique
Mycgr3G108514,Mycgr3G108514,unique
Mycgr3G108516,Mycgr3G108516,unique
Mycgr3G108517,Mycgr3G108517,unique
Mycgr3G108522,Mycgr3G108522,unique
Mycgr3G108527,Mycgr3G108527,unique
Mycgr3G108529,Mycgr3G108529,unique
Mycgr3G108530,Mycgr3G108530,unique
Mycgr3G108533,Mycgr3G108533,unique
Mycgr3G108534,Mycgr3G108534,unique
Mycgr3G108540,Mycgr3G108540,unique
Mycgr3G108541,Mycgr3G108541,unique
Mycgr3G108544,Mycgr3G108544,unique
Mycgr3G108560,Mycgr3G108560,unique
Mycgr3G108566,Mycgr3G108566,unique
Mycgr3G108567,Mycgr3G108567,unique
Mycgr3G108571,Mycgr3G108571,unique
Mycgr3G108572,Mycgr3G108572,unique
Mycgr3G108577,Mycgr3G108577,unique
Mycgr3G108578,Mycgr3G108578,unique
Mycgr3G108584,Mycgr3G108584,unique
Mycgr3G108587,Mycgr3G108587,unique
Mycgr3G108594,Mycgr3G108594,unique
Mycgr3G108597,Mycgr3G108597,unique
Mycgr3G108599,Mycgr3G108599,unique
Mycgr3G108602,Mycgr3G108602,unique
Mycgr3G108605,Mycgr3G108605,unique
Mycgr3G108606,Mycgr3G108606,unique
Mycgr3G108612,Mycgr3G108612,unique
Mycgr3G108615,Mycgr3G108615,unique
Mycgr3G108617,Mycgr3G108617,unique
Mycgr3G108619,Mycgr3G108619,unique
Mycgr3G108627,Mycgr3G108627,unique
Mycgr3G108629,Mycgr3G108629,unique
Mycgr3G108635,Mycgr3G108635,unique
Mycgr3G108640,Mycgr3G108640,unique
Mycgr3G108644,Mycgr3G108644,unique
Mycgr3G108649,Mycgr3G108649,unique
Mycgr3G108651,Mycgr3G108651,unique
Mycgr3G108657,Mycgr3G108657,unique
Mycgr3G108659,Mycgr3G108659,unique
Mycgr3G108665,Mycgr3G108665,unique
Mycgr3G108675,Mycgr3G108675,unique
Mycgr3G108679,Mycgr3G108679,unique
Mycgr3G108694,Mycgr3G108694,unique
Mycgr3G108699,Mycgr3G108699,unique
Mycgr3G108706,Mycgr3G108706,unique
Mycgr3G108713,Mycgr3G108713,unique
Mycgr3G108717,Mycgr3G108717,unique
Mycgr3G108724,Mycgr3G108724,unique
Mycgr3G108731,Mycgr3G108731,unique
Mycgr3G108732,Mycgr3G108732,unique
Mycgr3G108734,Mycgr3G108734,unique
Mycgr3G108738,Mycgr3G108738,unique
Mycgr3G108739,Mycgr3G108739,unique
Mycgr3G108740,Mycgr3G108740,unique
Mycgr3G108742,Mycgr3G108742,unique
Mycgr3G108745,Mycgr3G108745,unique
Mycgr3G108753,Mycgr3G108753,unique
Mycgr3G108755,Mycgr3G108755,unique
Mycgr3G108762,Mycgr3G108762,unique
Mycgr3G108767,Mycgr3G108767,unique
Mycgr3G108769,Mycgr3G108769,unique
Mycgr3G108770,Mycgr3G108770,unique
Mycgr3G108773,Mycgr3G108773,unique
Mycgr3G108774,Mycgr3G108774,unique
Mycgr3G108775,Mycgr3G108775,unique
Mycgr3G108776,Mycgr3G108776,unique
Mycgr3G108780,Mycgr3G108780,unique
Mycgr3G108793,Mycgr3G108793,unique
Mycgr3G108794,Mycgr3G108794,unique
Mycgr3G108796,Mycgr3G108796,unique
Mycgr3G108803,Mycgr3G108803,unique
Mycgr3G108813,Mycgr3G108813,unique
Mycgr3G108814,Mycgr3G108814,unique
Mycgr3G108816,Mycgr3G108816,unique
Mycgr3G108817,Mycgr3G108817,unique
Mycgr3G108818,Mycgr3G108818,unique
Mycgr3G108826,Mycgr3G108826,unique
Mycgr3G108829,Mycgr3G108829,unique
Mycgr3G108832,Mycgr3G108832,unique
Mycgr3G108833,Mycgr3G108833,unique
Mycgr3G108836,Mycgr3G108836,unique
Mycgr3G108842,Mycgr3G108842,unique
Mycgr3G108844,Mycgr3G108844,unique
Mycgr3G108849,Mycgr3G108849,unique
Mycgr3G108857,Mycgr3G108857,unique
Mycgr3G108865,Mycgr3G108865,unique
Mycgr3G108866,Mycgr3G108866,unique
Mycgr3G108869,Mycgr3G108869,unique
Mycgr3G108872,Mycgr3G108872,unique
Mycgr3G108877,Mycgr3G108877,unique
Mycgr3G108882,Mycgr3G108882,unique
Mycgr3G108883,Mycgr3G108883,unique
Mycgr3G108886,Mycgr3G108886,unique
Mycgr3G108890,Mycgr3G108890,unique
Mycgr3G108892,Mycgr3G108892,unique
Mycgr3G108906,Mycgr3G108906,unique
Mycgr3G108908,Mycgr3G108908,unique
Mycgr3G108910,Mycgr3G108910,unique
Mycgr3G108912,Mycgr3G108912,unique
Mycgr3G108919,Mycgr3G108919,unique
Mycgr3G108921,Mycgr3G108921,unique
Mycgr3G108925,Mycgr3G108925,unique
Mycgr3G108927,Mycgr3G108927,unique
Mycgr3G108931,Mycgr3G108931,unique
Mycgr3G108932,Mycgr3G108932,unique
Mycgr3G108936,Mycgr3G108936,unique
Mycgr3G108940,Mycgr3G108940,unique
Mycgr3G108951,Mycgr3G108951,unique
Mycgr3G108963,Mycgr3G108963,unique
Mycgr3G108964,Mycgr3G108964,unique
Mycgr3G108969,Mycgr3G108969,unique
Mycgr3G108974,Mycgr3G108974,unique
Mycgr3G108975,Mycgr3G108975,unique
Mycgr3G108976,Mycgr3G108976,unique
Mycgr3G108979,Mycgr3G108979,unique
Mycgr3G108982,Mycgr3G108982,unique
Mycgr3G108985,Mycgr3G108985,unique
Mycgr3G108989,Mycgr3G108989,unique
Mycgr3G108994,Mycgr3G108994,unique
Mycgr3G108995,Mycgr3G108995,unique
Mycgr3G108999,Mycgr3G108999,unique
Mycgr3G109000,Mycgr3G109000,unique
Mycgr3G109001,Mycgr3G109001,unique
Mycgr3G109003,Mycgr3G109003,unique
Mycgr3G109004,Mycgr3G109004,unique
Mycgr3G109009,Mycgr3G109009,unique
Mycgr3G109011,Mycgr3G109011,unique
Mycgr3G109018,Mycgr3G109018,unique
Mycgr3G109019,Mycgr3G109019,unique
Mycgr3G109020,Mycgr3G109020,unique
Mycgr3G109022,Mycgr3G109022,unique
Mycgr3G109027,Mycgr3G109027,unique
Mycgr3G109031,Mycgr3G109031,unique
Mycgr3G109040,Mycgr3G109040,unique
Mycgr3G109048,Mycgr3G109048,unique
Mycgr3G109049,Mycgr3G109049,unique
Mycgr3G109051,Mycgr3G109051,unique
Mycgr3G109052,Mycgr3G109052,unique
Mycgr3G109057,Mycgr3G109057,unique
Mycgr3G109061,Mycgr3G109061,unique
Mycgr3G109073,Mycgr3G109073,unique
Mycgr3G109076,Mycgr3G109076,unique
Mycgr3G109078,Mycgr3G109078,unique
Mycgr3G109091,Mycgr3G109091,unique
Mycgr3G109095,Mycgr3G109095,unique
Mycgr3G109098,Mycgr3G109098,unique
Mycgr3G109100,Mycgr3G109100,unique
Mycgr3G109102,Mycgr3G109102,unique
Mycgr3G37119,Mycgr3G109107,ambiguous
Mycgr3G109111,Mycgr3G109111,unique
Mycgr3G109112,Mycgr3G109112,unique
Mycgr3G109115,Mycgr3G109115,unique
Mycgr3G109122,Mycgr3G109122,unique
Mycgr3G109128,Mycgr3G109128,unique
Mycgr3G109129,Mycgr3G109129,unique
Mycgr3G109136,Mycgr3G109136,unique
Mycgr3G109137,Mycgr3G109137,unique
Mycgr3G109139,Mycgr3G109139,unique
Mycgr3G109145,Mycgr3G109145,unique
Mycgr3G109152,Mycgr3G109152,unique
Mycgr3G109154,Mycgr3G109154,unique
Mycgr3G109156,Mycgr3G109156,unique
Mycgr3G109158,Mycgr3G109158,unique
Mycgr3G109163,Mycgr3G109163,unique
Mycgr3G109168,Mycgr3G109168,unique
Mycgr3G109172,Mycgr3G109172,unique
Mycgr3G109181,Mycgr3G109181,unique
Mycgr3G109184,Mycgr3G109184,unique
Mycgr3G109185,Mycgr3G109185,unique
Mycgr3G109186,Mycgr3G109186,unique
Mycgr3G109190,Mycgr3G109190,unique
Mycgr3G109196,Mycgr3G109196,unique
Mycgr3G109208,Mycgr3G109208,unique
Mycgr3G109211,Mycgr3G109211,unique
Mycgr3G109215,Mycgr3G109215,unique
Mycgr3G109219,Mycgr3G109219,unique
Mycgr3G109224,Mycgr3G109224,unique
Mycgr3G109235,Mycgr3G109235,unique
Mycgr3G109237,Mycgr3G109237,unique
Mycgr3G109240,Mycgr3G109240,unique
Mycgr3G109241,Mycgr3G109241,unique
Mycgr3G109248,Mycgr3G109248,unique
Mycgr3G109253,Mycgr3G109253,unique
Mycgr3G109254,Mycgr3G109254,unique
Mycgr3G109261,Mycgr3G109261,unique
Mycgr3G109266,Mycgr3G109266,unique
Mycgr3G109268,Mycgr3G109268,unique
Mycgr3G109269,Mycgr3G109269,unique
Mycgr3G109272,Mycgr3G109272,unique
Mycgr3G109275,Mycgr3G109275,unique
Mycgr3G109278,Mycgr3G109278,unique
Mycgr3G109282,Mycgr3G109282,unique
Mycgr3G109284,Mycgr3G109284,unique
Mycgr3G109288,Mycgr3G109288,unique
Mycgr3G109292,Mycgr3G109292,unique
Mycgr3G109293,Mycgr3G109293,unique
Mycgr3G109294,Mycgr3G109294,unique
Mycgr3G109295,Mycgr3G109295,unique
Mycgr3G109296,Mycgr3G109296,unique
Mycgr3G109299,Mycgr3G109299,unique
Mycgr3G109300,Mycgr3G109300,unique
Mycgr3G109310,Mycgr3G109310,unique
Mycgr3G109313,Mycgr3G109313,unique
Mycgr3G109314,Mycgr3G109314,unique
Mycgr3G109316,Mycgr3G109316,unique
Mycgr3G109321,Mycgr3G109321,unique
Mycgr3G109328,Mycgr3G109328,unique
Mycgr3G109332,Mycgr3G109332,unique
Mycgr3G109336,Mycgr3G109336,unique
Mycgr3G10934,Mycgr3G10934,unique
Mycgr3G109341,Mycgr3G109341,unique
Mycgr3G109342,Mycgr3G109342,unique
Mycgr3G109344,Mycgr3G109344,unique
Mycgr3G109345,Mycgr3G109345,unique
Mycgr3G109348,Mycgr3G109348,unique
Mycgr3G109356,Mycgr3G109356,unique
Mycgr3G109370,Mycgr3G109370,unique
Mycgr3G109371,Mycgr3G109371,unique
Mycgr3G109373,Mycgr3G109373,unique
Mycgr3G109375,Mycgr3G109375,unique
Mycgr3G109386,Mycgr3G109386,unique
Mycgr3G109387,Mycgr3G109387,unique
Mycgr3G109391,Mycgr3G109391,unique
Mycgr3G109392,Mycgr3G109392,unique
Mycgr3G109393,Mycgr3G109393,unique
Mycgr3G109402,Mycgr3G109402,unique
Mycgr3G109408,Mycgr3G109408,unique
Mycgr3G109415,Mycgr3G109415,unique
Mycgr3G109418,Mycgr3G109418,unique
Mycgr3G109419,Mycgr3G109419,unique
Mycgr3G10942,Mycgr3G10942,unique
Mycgr3G109426,Mycgr3G109426,unique
Mycgr3G109427,Mycgr3G109427,unique
Mycgr3G109428,Mycgr3G109428,unique
Mycgr3G109435,Mycgr3G109435,unique
Mycgr3G109438,Mycgr3G109438,unique
Mycgr3G109439,Mycgr3G109439,unique
Mycgr3G109442,Mycgr3G109442,unique
Mycgr3G109444,Mycgr3G109444,unique
Mycgr3G109450,Mycgr3G109450,unique
Mycgr3G109451,Mycgr3G109451,unique
Mycgr3G109455,Mycgr3G109455,unique
Mycgr3G109456,Mycgr3G109456,unique
Mycgr3G109462,Mycgr3G109462,unique
Mycgr3G109465,Mycgr3G109465,unique
Mycgr3G109480,Mycgr3G109480,unique
Mycgr3G109481,Mycgr3G109481,unique
Mycgr3G109489,Mycgr3G109489,unique
Mycgr3G109491,Mycgr3G109491,unique
Mycgr3G109501,Mycgr3G109501,unique
Mycgr3G109512,Mycgr3G109512,unique
Mycgr3G109515,Mycgr3G109515,unique
Mycgr3G109516,Mycgr3G109516,unique
Mycgr3G109517,Mycgr3G109517,unique
Mycgr3G109520,Mycgr3G109520,unique
Mycgr3G109523,Mycgr3G109523,unique
Mycgr3G109524,Mycgr3G109524,unique
Mycgr3G109529,Mycgr3G109529,unique
Mycgr3G109530,Mycgr3G109530,unique
Mycgr3G109531,Mycgr3G109531,unique
Mycgr3G109538,Mycgr3G109538,unique
Mycgr3G109542,Mycgr3G109542,unique
Mycgr3G109550,Mycgr3G109550,unique
Mycgr3G109553,Mycgr3G109553,unique
Mycgr3G109560,Mycgr3G109560,unique
Mycgr3G109561,Mycgr3G109561,unique
Mycgr3G109571,Mycgr3G109571,unique
Mycgr3G109573,Mycgr3G109573,unique
Mycgr3G109574,Mycgr3G109574,unique
Mycgr3G109580,Mycgr3G109580,unique
Mycgr3G109581,Mycgr3G109581,unique
Mycgr3G109582,Mycgr3G109582,unique
Mycgr3G109583,Mycgr3G109583,unique
Mycgr3G109593,Mycgr3G109593,unique
Mycgr3G109611,Mycgr3G109611,unique
Mycgr3G109619,Mycgr3G109619,unique
Mycgr3G109621,Mycgr3G109621,unique
Mycgr3G109622,Mycgr3G109622,unique
Mycgr3G109625,Mycgr3G109625,unique
Mycgr3G109626,Mycgr3G109626,unique
Mycgr3G109629,Mycgr3G109629,unique
Mycgr3G109632,Mycgr3G109632,unique
Mycgr3G109644,Mycgr3G109644,unique
Mycgr3G109648,Mycgr3G109648,unique
Mycgr3G109649,Mycgr3G109649,unique
Mycgr3G109652,Mycgr3G109652,unique
Mycgr3G109656,Mycgr3G109656,unique
Mycgr3G109660,Mycgr3G109660,unique
Mycgr3G109666,Mycgr3G109666,unique
Mycgr3G109668,Mycgr3G109668,unique
Mycgr3G109679,Mycgr3G109679,unique
Mycgr3G109694,Mycgr3G109694,unique
Mycgr3G109697,Mycgr3G109697,unique
Mycgr3G109703,Mycgr3G109703,unique
Mycgr3G109704,Mycgr3G109704,unique
Mycgr3G109706,Mycgr3G109706,unique
Mycgr3G109708,Mycgr3G109708,unique
Mycgr3G109710,Mycgr3G109710,unique
Mycgr3G109711,Mycgr3G109711,unique
Mycgr3G109714,Mycgr3G109714,unique
Mycgr3G109716,Mycgr3G109716,unique
Mycgr3G109721,Mycgr3G109721,unique
Mycgr3G109725,Mycgr3G109725,unique
Mycgr3G109731,Mycgr3G109731,unique
Mycgr3G109733,Mycgr3G109733,unique
Mycgr3G109735,Mycgr3G109735,unique
Mycgr3G98127,Mycgr3G109741,ambiguous
Mycgr3G109742,Mycgr3G109742,unique
Mycgr3G109759,Mycgr3G109759,unique
Mycgr3G109761,Mycgr3G109761,unique
Mycgr3G109763,Mycgr3G109763,unique
Mycgr3G109766,Mycgr3G109766,unique
Mycgr3G109769,Mycgr3G109769,unique
Mycgr3G109771,Mycgr3G109771,unique
Mycgr3G109777,Mycgr3G109777,unique
Mycgr3G109786,Mycgr3G109786,unique
Mycgr3G109795,Mycgr3G109795,unique
Mycgr3G109805,Mycgr3G109805,unique
Mycgr3G109813,Mycgr3G109813,unique
Mycgr3G109818,Mycgr3G109818,unique
Mycgr3G109829,Mycgr3G109829,unique
Mycgr3G109842,Mycgr3G109842,unique
Mycgr3G109847,Mycgr3G109847,unique
Mycgr3G109848,Mycgr3G109848,unique
Mycgr3G109856,Mycgr3G109856,unique
Mycgr3G109857,Mycgr3G109857,unique
Mycgr3G109863,Mycgr3G109863,unique
Mycgr3G109866,Mycgr3G109866,unique
Mycgr3G109870,Mycgr3G109870,unique
Mycgr3G109873,Mycgr3G109873,unique
Mycgr3G109874,Mycgr3G109874,unique
Mycgr3G109887,Mycgr3G109887,unique
Mycgr3G109897,Mycgr3G109897,unique
Mycgr3G109901,Mycgr3G109901,unique
Mycgr3G109902,Mycgr3G109902,unique
Mycgr3G109907,Mycgr3G109907,unique
Mycgr3G109911,Mycgr3G109911,unique
Mycgr3G109914,Mycgr3G109914,unique
Mycgr3G109919,Mycgr3G109919,unique
Mycgr3G109922,Mycgr3G109922,unique
Mycgr3G109924,Mycgr3G109924,unique
Mycgr3G109934,Mycgr3G109934,unique
Mycgr3G109942,Mycgr3G109942,unique
Mycgr3G109944,Mycgr3G109944,unique
Mycgr3G109945,Mycgr3G109945,unique
Mycgr3G109947,Mycgr3G109947,unique
Mycgr3G10995,Mycgr3G10995,unique
Mycgr3G109954,Mycgr3G109954,unique
Mycgr3G109961,Mycgr3G109961,unique
Mycgr3G109965,Mycgr3G109965,unique
Mycgr3G109968,Mycgr3G109968,unique
Mycgr3G109969,Mycgr3G109969,unique
Mycgr3G109970,Mycgr3G109970,unique
Mycgr3G109971,Mycgr3G109971,unique
Mycgr3G109977,Mycgr3G109977,unique
Mycgr3G109984,Mycgr3G109984,unique
Mycgr3G109986,Mycgr3G109986,unique
Mycgr3G109989,Mycgr3G109989,unique
Mycgr3G109990,Mycgr3G109990,unique
Mycgr3G109991,Mycgr3G109991,unique
Mycgr3G109992,Mycgr3G109992,unique
Mycgr3G109995,Mycgr3G109995,unique
Mycgr3G109999,Mycgr3G109999,unique
Mycgr3G110002,Mycgr3G110002,unique
Mycgr3G110004,Mycgr3G110004,unique
Mycgr3G110009,Mycgr3G110009,unique
Mycgr3G110011,Mycgr3G110011,unique
Mycgr3G110012,Mycgr3G110012,unique
Mycgr3G110017,Mycgr3G110017,unique
Mycgr3G110020,Mycgr3G110020,unique
Mycgr3G110027,Mycgr3G110027,unique
Mycgr3G110040,Mycgr3G110040,unique
Mycgr3G110044,Mycgr3G110044,unique
Mycgr3G110047,Mycgr3G110047,unique
Mycgr3G110048,Mycgr3G110048,unique
Mycgr3G110052,Mycgr3G110052,unique
Mycgr3G110058,Mycgr3G110058,unique
Mycgr3G110059,Mycgr3G110059,unique
Mycgr3G110066,Mycgr3G110066,unique
Mycgr3G110071,Mycgr3G110071,unique
Mycgr3G110075,Mycgr3G110075,unique
Mycgr3G110076,Mycgr3G110076,unique
Mycgr3G110078,Mycgr3G110078,unique
Mycgr3G110080,Mycgr3G110080,unique
Mycgr3G110081,Mycgr3G110081,unique
Mycgr3G110086,Mycgr3G110086,unique
Mycgr3G110088,Mycgr3G110088,unique
Mycgr3G110091,Mycgr3G110091,unique
Mycgr3G110093,Mycgr3G110093,unique
Mycgr3G110096,Mycgr3G110096,unique
Mycgr3G110099,Mycgr3G110099,unique
Mycgr3G110106,Mycgr3G110106,unique
Mycgr3G11011,Mycgr3G11011,unique
Mycgr3G110110,Mycgr3G110110,unique
Mycgr3G110121,Mycgr3G110121,unique
Mycgr3G110138,Mycgr3G110138,unique
Mycgr3G110139,Mycgr3G110139,unique
Mycgr3G110144,Mycgr3G110144,unique
Mycgr3G110145,Mycgr3G110145,unique
Mycgr3G110147,Mycgr3G110147,unique
Mycgr3G110148,Mycgr3G110148,unique
Mycgr3G110152,Mycgr3G110152,unique
Mycgr3G110156,Mycgr3G110156,unique
Mycgr3G110159,Mycgr3G110159,unique
Mycgr3G110160,Mycgr3G110160,unique
Mycgr3G110162,Mycgr3G110162,unique
Mycgr3G110178,Mycgr3G110178,unique
Mycgr3G110179,Mycgr3G110179,unique
Mycgr3G110181,Mycgr3G110181,unique
Mycgr3G110184,Mycgr3G110184,unique
Mycgr3G110187,Mycgr3G110187,unique
Mycgr3G110190,Mycgr3G110190,unique
Mycgr3G110207,Mycgr3G110207,unique
Mycgr3G110208,Mycgr3G110208,unique
Mycgr3G110210,Mycgr3G110210,unique
Mycgr3G110212,Mycgr3G110212,unique
Mycgr3G110217,Mycgr3G110217,unique
Mycgr3G110220,Mycgr3G110220,unique
Mycgr3G110230,Mycgr3G110230,unique
Mycgr3G110231,Mycgr3G110231,unique
Mycgr3G110233,Mycgr3G110233,unique
Mycgr3G110255,Mycgr3G110255,unique
Mycgr3G110262,Mycgr3G110262,unique
Mycgr3G110267,Mycgr3G110267,unique
Mycgr3G110269,Mycgr3G110269,unique
Mycgr3G11027,Mycgr3G11027,unique
Mycgr3G110270,Mycgr3G110270,unique
Mycgr3G110271,Mycgr3G110271,unique
Mycgr3G110274,Mycgr3G110274,unique
Mycgr3G110276,Mycgr3G110276,unique
Mycgr3G110279,Mycgr3G110279,unique
Mycgr3G110280,Mycgr3G110280,unique
Mycgr3G110283,Mycgr3G110283,unique
Mycgr3G110284,Mycgr3G110284,unique
Mycgr3G110285,Mycgr3G110285,unique
Mycgr3G110289,Mycgr3G110289,unique
Mycgr3G110296,Mycgr3G110296,unique
Mycgr3G110299,Mycgr3G110299,unique
Mycgr3G110300,Mycgr3G110300,unique
Mycgr3G110301,Mycgr3G110301,unique
Mycgr3G110308,Mycgr3G110308,unique
Mycgr3G110313,Mycgr3G110313,unique
Mycgr3G110319,Mycgr3G110319,unique
Mycgr3G11032,Mycgr3G11032,unique
Mycgr3G110320,Mycgr3G110320,unique
Mycgr3G110326,Mycgr3G110326,unique
Mycgr3G110329,Mycgr3G110329,unique
Mycgr3G110333,Mycgr3G110333,unique
Mycgr3G110344,Mycgr3G110344,unique
Mycgr3G110348,Mycgr3G110348,unique
Mycgr3G110349,Mycgr3G110349,unique
Mycgr3G110360,Mycgr3G110360,unique
Mycgr3G110366,Mycgr3G110366,unique
Mycgr3G110369,Mycgr3G110369,unique
Mycgr3G110384,Mycgr3G110384,unique
Mycgr3G110385,Mycgr3G110385,unique
Mycgr3G110386,Mycgr3G110386,unique
Mycgr3G110387,Mycgr3G110387,unique
Mycgr3G110389,Mycgr3G110389,unique
Mycgr3G110390,Mycgr3G110390,unique
Mycgr3G110395,Mycgr3G110395,unique
Mycgr3G110399,Mycgr3G110399,unique
Mycgr3G110400,Mycgr3G110400,unique
Mycgr3G110403,Mycgr3G110403,unique
Mycgr3G110409,Mycgr3G110409,unique
Mycgr3G110410,Mycgr3G110410,unique
Mycgr3G110412,Mycgr3G110412,unique
Mycgr3G110417,Mycgr3G110417,unique
Mycgr3G110421,Mycgr3G110421,unique
Mycgr3G110427,Mycgr3G110427,unique
Mycgr3G110431,Mycgr3G110431,unique
Mycgr3G110435,Mycgr3G110435,unique
Mycgr3G110436,Mycgr3G110436,unique
Mycgr3G110438,Mycgr3G110438,unique
Mycgr3G110440,Mycgr3G110440,unique
Mycgr3G110449,Mycgr3G110449,unique
Mycgr3G110450,Mycgr3G110450,unique
Mycgr3G110455,Mycgr3G110455,unique
Mycgr3G110457,Mycgr3G110457,unique
Mycgr3G110461,Mycgr3G110461,unique
Mycgr3G110462,Mycgr3G110462,unique
Mycgr3G110463,Mycgr3G110463,unique
Mycgr3G110466,Mycgr3G110466,unique
Mycgr3G110474,Mycgr3G110474,unique
Mycgr3G110481,Mycgr3G110481,unique
Mycgr3G110482,Mycgr3G110482,unique
Mycgr3G110483,Mycgr3G110483,unique
Mycgr3G110490,Mycgr3G110490,unique
Mycgr3G110492,Mycgr3G110492,unique
Mycgr3G110502,Mycgr3G110502,unique
Mycgr3G110503,Mycgr3G110503,unique
Mycgr3G110504,Mycgr3G110504,unique
Mycgr3G110505,Mycgr3G110505,unique
Mycgr3G110506,Mycgr3G110506,unique
Mycgr3G110511,Mycgr3G110511,unique
Mycgr3G110515,Mycgr3G110515,unique
Mycgr3G110516,Mycgr3G110516,unique
Mycgr3G110524,Mycgr3G110524,unique
Mycgr3G110529,Mycgr3G110529,unique
Mycgr3G110531,Mycgr3G110531,unique
Mycgr3G110539,Mycgr3G110539,unique
Mycgr3G110557,Mycgr3G110557,unique
Mycgr3G110573,Mycgr3G110573,unique
Mycgr3G110574,Mycgr3G110574,unique
Mycgr3G110575,Mycgr3G110575,unique
Mycgr3G110580,Mycgr3G110580,unique
Mycgr3G110581,Mycgr3G110581,unique
Mycgr3G110582,Mycgr3G110582,unique
Mycgr3G110592,Mycgr3G110592,unique
Mycgr3G110595,Mycgr3G110595,unique
Mycgr3G110597,Mycgr3G110597,unique
Mycgr3G110605,Mycgr3G110605,unique
Mycgr3G110613,Mycgr3G110613,unique
Mycgr3G110616,Mycgr3G110616,unique
Mycgr3G110625,Mycgr3G110625,unique
Mycgr3G110629,Mycgr3G110629,unique
Mycgr3G110632,Mycgr3G110632,unique
Mycgr3G110633,Mycgr3G110633,unique
Mycgr3G110635,Mycgr3G110635,unique
Mycgr3G110636,Mycgr3G110636,unique
Mycgr3G110638,Mycgr3G110638,unique
Mycgr3G110642,Mycgr3G110642,unique
Mycgr3G110645,Mycgr3G110645,unique
Mycgr3G110650,Mycgr3G110650,unique
Mycgr3G110654,Mycgr3G110654,unique
Mycgr3G110666,Mycgr3G110666,unique
Mycgr3G110667,Mycgr3G110667,unique
Mycgr3G110672,Mycgr3G110672,unique
Mycgr3G110683,Mycgr3G110683,unique
Mycgr3G110699,Mycgr3G110699,unique
Mycgr3G110701,Mycgr3G110701,unique
Mycgr3G110702,Mycgr3G110702,unique
Mycgr3G110705,Mycgr3G110705,unique
Mycgr3G110715,Mycgr3G110715,unique
Mycgr3G110722,Mycgr3G110722,unique
Mycgr3G110727,Mycgr3G110727,unique
Mycgr3G110734,Mycgr3G110734,unique
Mycgr3G110743,Mycgr3G110743,unique
Mycgr3G110754,Mycgr3G110754,unique
Mycgr3G110756,Mycgr3G110756,unique
Mycgr3G110759,Mycgr3G110759,unique
Mycgr3G11076,Mycgr3G11076,unique
Mycgr3G110760,Mycgr3G110760,unique
Mycgr3G110764,Mycgr3G110764,unique
Mycgr3G110767,Mycgr3G110767,unique
Mycgr3G110773,Mycgr3G110773,unique
Mycgr3G110775,Mycgr3G110775,unique
Mycgr3G110776,Mycgr3G110776,unique
Mycgr3G110783,Mycgr3G110783,unique
Mycgr3G110785,Mycgr3G110785,unique
Mycgr3G110786,Mycgr3G110786,unique
Mycgr3G110790,Mycgr3G110790,unique
Mycgr3G110793,Mycgr3G110793,unique
Mycgr3G110798,Mycgr3G110798,unique
Mycgr3G110804,Mycgr3G110804,unique
Mycgr3G110807,Mycgr3G110807,unique
Mycgr3G110810,Mycgr3G110810,unique
Mycgr3G110811,Mycgr3G110811,unique
Mycgr3G110820,Mycgr3G110820,unique
Mycgr3G110826,Mycgr3G110826,unique
Mycgr3G110828,Mycgr3G110828,unique
Mycgr3G110829,Mycgr3G110829,unique
Mycgr3G110840,Mycgr3G110840,unique
Mycgr3G110841,Mycgr3G110841,unique
Mycgr3G110849,Mycgr3G110849,unique
Mycgr3G110850,Mycgr3G110850,unique
Mycgr3G110851,Mycgr3G110851,unique
Mycgr3G110861,Mycgr3G110861,unique
Mycgr3G110869,Mycgr3G110869,unique
Mycgr3G110870,Mycgr3G110870,unique
Mycgr3G110873,Mycgr3G110873,unique
Mycgr3G110875,Mycgr3G110875,unique
Mycgr3G110884,Mycgr3G110884,unique
Mycgr3G110885,Mycgr3G110885,unique
Mycgr3G110886,Mycgr3G110886,unique
Mycgr3G110887,Mycgr3G110887,unique
Mycgr3G110888,Mycgr3G110888,unique
Mycgr3G110909,Mycgr3G110909,unique
Mycgr3G110914,Mycgr3G110914,unique
Mycgr3G110918,Mycgr3G110918,unique
Mycgr3G110919,Mycgr3G110919,unique
Mycgr3G110922,Mycgr3G110922,unique
Mycgr3G110931,Mycgr3G110931,unique
Mycgr3G110933,Mycgr3G110933,unique
Mycgr3G110937,Mycgr3G110937,unique
Mycgr3G110944,Mycgr3G110944,unique
Mycgr3G110945,Mycgr3G110945,unique
Mycgr3G110965,Mycgr3G110965,unique
Mycgr3G110972,Mycgr3G110972,unique
Mycgr3G110974,Mycgr3G110974,unique
Mycgr3G11098,Mycgr3G11098,unique
Mycgr3G110980,Mycgr3G110980,unique
Mycgr3G110982,Mycgr3G110982,unique
Mycgr3G110986,Mycgr3G110986,unique
Mycgr3G110991,Mycgr3G110991,unique
Mycgr3G110994,Mycgr3G110994,unique
Mycgr3G111001,Mycgr3G111001,unique
Mycgr3G111003,Mycgr3G111003,unique
Mycgr3G111008,Mycgr3G111008,unique
Mycgr3G111009,Mycgr3G111009,unique
Mycgr3G111010,Mycgr3G111010,unique
Mycgr3G111014,Mycgr3G111014,unique
Mycgr3G111025,Mycgr3G111025,unique
Mycgr3G111027,Mycgr3G111027,unique
Mycgr3G111030,Mycgr3G111030,unique
Mycgr3G111032,Mycgr3G111032,unique
Mycgr3G111035,Mycgr3G111035,unique
Mycgr3G111039,Mycgr3G111039,unique
Mycgr3G111040,Mycgr3G111040,unique
Mycgr3G111045,Mycgr3G111045,unique
Mycgr3G111048,Mycgr3G111048,unique
Mycgr3G111049,Mycgr3G111049,unique
Mycgr3G111052,Mycgr3G111052,unique
Mycgr3G111056,Mycgr3G111056,unique
Mycgr3G111058,Mycgr3G111058,unique
Mycgr3G111064,Mycgr3G111064,unique
Mycgr3G111065,Mycgr3G111065,unique
Mycgr3G111066,Mycgr3G111066,unique
Mycgr3G111069,Mycgr3G111069,unique
Mycgr3G111073,Mycgr3G111073,unique
Mycgr3G111074,Mycgr3G111074,unique
Mycgr3G111077,Mycgr3G111077,unique
Mycgr3G111080,Mycgr3G111080,unique
Mycgr3G111085,Mycgr3G111085,unique
Mycgr3G111096,Mycgr3G111096,unique
Mycgr3G111101,Mycgr3G111101,unique
Mycgr3G111102,Mycgr3G111102,unique
Mycgr3G111104,Mycgr3G111104,unique
Mycgr3G111105,Mycgr3G111105,unique
Mycgr3G111108,Mycgr3G111108,unique
Mycgr3G111117,Mycgr3G111117,unique
Mycgr3G111124,Mycgr3G111124,unique
Mycgr3G111127,Mycgr3G111127,unique
Mycgr3G111130,Mycgr3G111130,unique
Mycgr3G111138,Mycgr3G111138,unique
Mycgr3G111159,Mycgr3G111159,unique
Mycgr3G111160,Mycgr3G111160,unique
Mycgr3G111161,Mycgr3G111161,unique
Mycgr3G111162,Mycgr3G111162,unique
Mycgr3G111164,Mycgr3G111164,unique
Mycgr3G111166,Mycgr3G111166,unique
Mycgr3G111173,Mycgr3G111173,unique
Mycgr3G111177,Mycgr3G111177,unique
Mycgr3G111178,Mycgr3G111178,unique
Mycgr3G111181,Mycgr3G111181,unique
Mycgr3G111189,Mycgr3G111189,unique
Mycgr3G111192,Mycgr3G111192,unique
Mycgr3G111193,Mycgr3G111193,unique
Mycgr3G111195,Mycgr3G111195,unique
Mycgr3G111197,Mycgr3G111197,unique
Mycgr3G111203,Mycgr3G111203,unique
Mycgr3G111204,Mycgr3G111204,unique
Mycgr3G111210,Mycgr3G111210,unique
Mycgr3G111215,Mycgr3G111215,unique
Mycgr3G111221,Mycgr3G111221,unique
Mycgr3G111223,Mycgr3G111223,unique
Mycgr3G111224,Mycgr3G111224,unique
Mycgr3G111226,Mycgr3G111226,unique
Mycgr3G111231,Mycgr3G111231,unique
Mycgr3G111233,Mycgr3G111233,unique
Mycgr3G111234,Mycgr3G111234,unique
Mycgr3G111235,Mycgr3G111235,unique
Mycgr3G111246,Mycgr3G111246,unique
Mycgr3G111248,Mycgr3G111248,unique
Mycgr3G111249,Mycgr3G111249,unique
Mycgr3G111250,Mycgr3G111250,unique
Mycgr3G111251,Mycgr3G111251,unique
Mycgr3G111257,Mycgr3G111257,unique
Mycgr3G111258,Mycgr3G111258,unique
Mycgr3G111263,Mycgr3G111263,unique
Mycgr3G111265,Mycgr3G111265,unique
Mycgr3G111278,Mycgr3G111278,unique
Mycgr3G111281,Mycgr3G111281,unique
Mycgr3G111289,Mycgr3G111289,unique
Mycgr3G111290,Mycgr3G111290,unique
Mycgr3G111295,Mycgr3G111295,unique
Mycgr3G111297,Mycgr3G111297,unique
Mycgr3G111299,Mycgr3G111299,unique
Mycgr3G111305,Mycgr3G111305,unique
Mycgr3G111306,Mycgr3G111306,unique
Mycgr3G111307,Mycgr3G111307,unique
Mycgr3G111308,Mycgr3G111308,unique
Mycgr3G111309,Mycgr3G111309,unique
Mycgr3G111313,Mycgr3G111313,unique
Mycgr3G111320,Mycgr3G111320,unique
Mycgr3G111322,Mycgr3G111322,unique
Mycgr3G111324,Mycgr3G111324,unique
Mycgr3G111327,Mycgr3G111327,unique
Mycgr3G111335,Mycgr3G111335,unique
Mycgr3G111338,Mycgr3G111338,unique
Mycgr3G111342,Mycgr3G111342,unique
Mycgr3G111345,Mycgr3G111345,unique
Mycgr3G111350,Mycgr3G111350,unique
Mycgr3G111352,Mycgr3G111352,unique
Mycgr3G111361,Mycgr3G111361,unique
Mycgr3G111364,Mycgr3G111364,unique
Mycgr3G111377,Mycgr3G111377,unique
Mycgr3G111379,Mycgr3G111379,unique
Mycgr3G111382,Mycgr3G111382,unique
Mycgr3G111387,Mycgr3G111387,unique
Mycgr3G111394,Mycgr3G111394,unique
Mycgr3G111396,Mycgr3G111396,unique
Mycgr3G111397,Mycgr3G111397,unique
Mycgr3G111399,Mycgr3G111399,unique
Mycgr3G111412,Mycgr3G111412,unique
Mycgr3G111413,Mycgr3G111413,unique
Mycgr3G111414,Mycgr3G111414,unique
Mycgr3G111415,Mycgr3G111415,unique
Mycgr3G111417,Mycgr3G111417,unique
Mycgr3G111425,Mycgr3G111425,unique
Mycgr3G11143,Mycgr3G11143,unique
Mycgr3G111431,Mycgr3G111431,unique
Mycgr3G111432,Mycgr3G111432,unique
Mycgr3G111433,Mycgr3G111433,unique
Mycgr3G111436,Mycgr3G111436,unique
Mycgr3G111438,Mycgr3G111438,unique
Mycgr3G111439,Mycgr3G111439,unique
Mycgr3G111441,Mycgr3G111441,unique
Mycgr3G111447,Mycgr3G111447,unique
Mycgr3G111450,Mycgr3G111450,unique
Mycgr3G111451,Mycgr3G111451,unique
Mycgr3G111465,Mycgr3G111465,unique
Mycgr3G111468,Mycgr3G111468,unique
Mycgr3G111470,Mycgr3G111470,unique
Mycgr3G111474,Mycgr3G111474,unique
Mycgr3G111475,Mycgr3G111475,unique
Mycgr3G111476,Mycgr3G111476,unique
Mycgr3G111479,Mycgr3G111479,unique
Mycgr3G111480,Mycgr3G111480,unique
Mycgr3G111482,Mycgr3G111482,unique
Mycgr3G111483,Mycgr3G111483,unique
Mycgr3G111491,Mycgr3G111491,unique
Mycgr3G111494,Mycgr3G111494,unique
Mycgr3G111495,Mycgr3G111495,unique
Mycgr3G111497,Mycgr3G111497,unique
Mycgr3G111498,Mycgr3G111498,unique
Mycgr3G111499,Mycgr3G111499,unique
Mycgr3G111502,Mycgr3G111502,unique
Mycgr3G111505,Mycgr3G111505,unique
Mycgr3G111506,Mycgr3G111506,unique
Mycgr3G111518,Mycgr3G111518,unique
Mycgr3G111522,Mycgr3G111522,unique
Mycgr3G111534,Mycgr3G111534,unique
Mycgr3G111537,Mycgr3G111537,unique
Mycgr3G111542,Mycgr3G111542,unique
Mycgr3G111548,Mycgr3G111548,unique
Mycgr3G111549,Mycgr3G111549,unique
Mycgr3G111551,Mycgr3G111551,unique
Mycgr3G111557,Mycgr3G111557,unique
Mycgr3G111558,Mycgr3G111558,unique
Mycgr3G111559,Mycgr3G111559,unique
Mycgr3G111565,Mycgr3G111565,unique
Mycgr3G111569,Mycgr3G111569,unique
Mycgr3G111572,Mycgr3G111572,unique
Mycgr3G111575,Mycgr3G111575,unique
Mycgr3G111586,Mycgr3G111586,unique
Mycgr3G111591,Mycgr3G111591,unique
Mycgr3G111597,Mycgr3G111597,unique
Mycgr3G111598,Mycgr3G111598,unique
Mycgr3G111600,Mycgr3G111600,unique
Mycgr3G111601,Mycgr3G111601,unique
Mycgr3G111606,Mycgr3G111606,unique
Mycgr3G111611,Mycgr3G111611,unique
Mycgr3G111620,Mycgr3G111620,unique
Mycgr3G111622,Mycgr3G111622,unique
Mycgr3G111623,Mycgr3G111623,unique
Mycgr3G111636,Mycgr3G111636,unique
Mycgr3G111641,Mycgr3G111641,unique
Mycgr3G111644,Mycgr3G111644,unique
Mycgr3G111645,Mycgr3G111645,unique
Mycgr3G111647,Mycgr3G111647,unique
Mycgr3G111656,Mycgr3G111656,unique
Mycgr3G111657,Mycgr3G111657,unique
Mycgr3G111659,Mycgr3G111659,unique
Mycgr3G111676,Mycgr3G111676,unique
Mycgr3G111677,Mycgr3G111677,unique
Mycgr3G111679,Mycgr3G111679,unique
Mycgr3G111686,Mycgr3G111686,unique
Mycgr3G111693,Mycgr3G111693,unique
Mycgr3G111695,Mycgr3G111695,unique
Mycgr3G111698,Mycgr3G111698,unique
Mycgr3G111700,Mycgr3G111700,unique
Mycgr3G111705,Mycgr3G111705,unique
Mycgr3G111706,Mycgr3G111706,unique
Mycgr3G111708,Mycgr3G111708,unique
Mycgr3G111710,Mycgr3G111710,unique
Mycgr3G111713,Mycgr3G111713,unique
Mycgr3G111714,Mycgr3G111714,unique
Mycgr3G111715,Mycgr3G111715,unique
Mycgr3G111717,Mycgr3G111717,unique
Mycgr3G111728,Mycgr3G111728,unique
Mycgr3G111731,Mycgr3G111731,unique
Mycgr3G111732,Mycgr3G111732,unique
Mycgr3G111733,Mycgr3G111733,unique
Mycgr3G111734,Mycgr3G111734,unique
Mycgr3G111735,Mycgr3G111735,unique
Mycgr3G111736,Mycgr3G111736,unique
Mycgr3G111739,Mycgr3G111739,unique
Mycgr3G111740,Mycgr3G111740,unique
Mycgr3G111745,Mycgr3G111745,unique
Mycgr3G111747,Mycgr3G111747,unique
Mycgr3G111749,Mycgr3G111749,unique
Mycgr3G11175,Mycgr3G11175,unique
Mycgr3G111750,Mycgr3G111750,unique
Mycgr3G111751,Mycgr3G111751,unique
Mycgr3G111752,Mycgr3G111752,unique
Mycgr3G111755,Mycgr3G111755,unique
Mycgr3G111756,Mycgr3G111756,unique
Mycgr3G111757,Mycgr3G111757,unique
Mycgr3G111760,Mycgr3G111760,unique
Mycgr3G111761,Mycgr3G111761,unique
Mycgr3G111762,Mycgr3G111762,unique
Mycgr3G111767,Mycgr3G111767,unique
Mycgr3G111768,Mycgr3G111768,unique
Mycgr3G111769,Mycgr3G111769,unique
Mycgr3G111771,Mycgr3G111771,unique
Mycgr3G111774,Mycgr3G111774,unique
Mycgr3G111776,Mycgr3G111776,unique
Mycgr3G111778,Mycgr3G111778,unique
Mycgr3G111781,Mycgr3G111781,unique
Mycgr3G111784,Mycgr3G111784,unique
Mycgr3G111788,Mycgr3G111788,unique
Mycgr3G111789,Mycgr3G111789,unique
Mycgr3G111792,Mycgr3G111792,unique
Mycgr3G111794,Mycgr3G111794,unique
Mycgr3G111795,Mycgr3G111795,unique
Mycgr3G111796,Mycgr3G111796,unique
Mycgr3G111797,Mycgr3G111797,unique
Mycgr3G111799,Mycgr3G111799,unique
Mycgr3G111800,Mycgr3G111800,unique
Mycgr3G111803,Mycgr3G111803,unique
Mycgr3G111806,Mycgr3G111806,unique
Mycgr3G111811,Mycgr3G111811,unique
Mycgr3G111813,Mycgr3G111813,unique
Mycgr3G111815,Mycgr3G111815,unique
Mycgr3G11191,Mycgr3G11191,unique
Mycgr3G11203,Mycgr3G11203,unique
Mycgr3G11243,Mycgr3G11243,unique
Mycgr3G11322,Mycgr3G11322,unique
Mycgr3G11389,Mycgr3G11389,unique
Mycgr3G11429,Mycgr3G11429,unique
Mycgr3G11445,Mycgr3G11445,unique
Mycgr3G11455,Mycgr3G11455,unique
Mycgr3G11465,Mycgr3G11465,unique
Mycgr3G11468,Mycgr3G11468,unique
Mycgr3G11476,Mycgr3G11476,unique
Mycgr3G11578,Mycgr3G11578,unique
Mycgr3G11643,Mycgr3G11643,unique
Mycgr3G11650,Mycgr3G11650,unique
Mycgr3G11769,Mycgr3G11769,unique
Mycgr3G11773,Mycgr3G11773,unique
Mycgr3G11785,Mycgr3G11785,unique
Mycgr3G11841,Mycgr3G11841,unique
Mycgr3G12048,Mycgr3G12048,unique
Mycgr3G12051,Mycgr3G12051,unique
Mycgr3G12076,Mycgr3G12076,unique
Mycgr3G12135,Mycgr3G12135,unique
Mycgr3G12167,Mycgr3G12167,unique
Mycgr3G12169,Mycgr3G12169,unique
Mycgr3G12260,Mycgr3G12260,unique
Mycgr3G12289,Mycgr3G12289,unique
Mycgr3G12335,Mycgr3G12335,unique
Mycgr3G12394,Mycgr3G12394,unique
Mycgr3G12418,Mycgr3G12418,unique
Mycgr3G12465,Mycgr3G12465,unique
Mycgr3G12471,Mycgr3G12471,unique
Mycgr3G12498,Mycgr3G12498,unique
Mycgr3G12516,Mycgr3G12516,unique
Mycgr3G12526,Mycgr3G12526,unique
Mycgr3G12562,Mycgr3G12562,unique
Mycgr3G12608,Mycgr3G12608,unique
Mycgr3G12724,Mycgr3G12724,unique
Mycgr3G12793,Mycgr3G12793,unique
Mycgr3G12838,Mycgr3G12838,unique
Mycgr3G12841,Mycgr3G12841,unique
Mycgr3G12884,Mycgr3G12884,unique
Mycgr3G12946,Mycgr3G12946,unique
Mycgr3G12986,Mycgr3G12986,unique
Mycgr3G13179,Mycgr3G13179,unique
Mycgr3G13283,Mycgr3G13283,unique
Mycgr3G13471,Mycgr3G13471,unique
Mycgr3G13483,Mycgr3G13483,unique
Mycgr3G13559,Mycgr3G13559,unique
Mycgr3G13610,Mycgr3G13610,unique
Mycgr3G13612,Mycgr3G13612,unique
Mycgr3G13616,Mycgr3G13616,unique
Mycgr3G13691,Mycgr3G13691,unique
Mycgr3G13719,Mycgr3G13719,unique
Mycgr3G13808,Mycgr3G13808,unique
Mycgr3G13866,Mycgr3G13866,unique
Mycgr3G13934,Mycgr3G13934,unique
Mycgr3G14031,Mycgr3G14031,unique
Mycgr3G14038,Mycgr3G14038,unique
Mycgr3G14092,Mycgr3G14092,unique
Mycgr3G14095,Mycgr3G14095,unique
Mycgr3G14239,Mycgr3G14239,unique
Mycgr3G14264,Mycgr3G14264,unique
Mycgr3G14307,Mycgr3G14307,unique
Mycgr3G14413,Mycgr3G14413,unique
Mycgr3G14483,Mycgr3G14483,unique
Mycgr3G14486,Mycgr3G14486,unique
Mycgr3G14505,Mycgr3G14505,unique
Mycgr3G14514,Mycgr3G14514,unique
Mycgr3G14552,Mycgr3G14552,unique
Mycgr3G14560,Mycgr3G14560,unique
Mycgr3G14586,Mycgr3G14586,unique
Mycgr3G14611,Mycgr3G14611,unique
Mycgr3G14647,Mycgr3G14647,unique
Mycgr3G14664,Mycgr3G14664,unique
Mycgr3G14673,Mycgr3G14673,unique
Mycgr3G14682,Mycgr3G14682,unique
Mycgr3G14739,Mycgr3G14739,unique
Mycgr3G98127,Mycgr3G14753,ambiguous
Mycgr3G14773,Mycgr3G14773,unique
Mycgr3G14795,Mycgr3G14795,unique
Mycgr3G14832,Mycgr3G14832,unique
Mycgr3G14838,Mycgr3G14838,unique
Mycgr3G14857,Mycgr3G14857,unique
Mycgr3G14858,Mycgr3G14858,unique
Mycgr3G14888,Mycgr3G14888,unique
Mycgr3G14920,Mycgr3G14920,unique
Mycgr3G15056,Mycgr3G15056,unique
Mycgr3G15092,Mycgr3G15092,unique
Mycgr3G15111,Mycgr3G15111,unique
Mycgr3G15118,Mycgr3G15118,unique
Mycgr3G15121,Mycgr3G15121,unique
Mycgr3G15195,Mycgr3G15195,unique
Mycgr3G15247,Mycgr3G15247,unique
Mycgr3G15254,Mycgr3G15254,unique
Mycgr3G15276,Mycgr3G15276,unique
Mycgr3G15311,Mycgr3G15311,unique
Mycgr3G15337,Mycgr3G15337,unique
Mycgr3G15375,Mycgr3G15375,unique
Mycgr3G15445,Mycgr3G15445,unique
Mycgr3G15476,Mycgr3G15476,unique
Mycgr3G15483,Mycgr3G15483,unique
Mycgr3G15548,Mycgr3G15548,unique
Mycgr3G15552,Mycgr3G15552,unique
Mycgr3G15557,Mycgr3G15557,unique
Mycgr3G15571,Mycgr3G15571,unique
Mycgr3G15599,Mycgr3G15599,unique
Mycgr3G15610,Mycgr3G15610,unique
Mycgr3G15613,Mycgr3G15613,unique
Mycgr3G15641,Mycgr3G15641,unique
Mycgr3G15658,Mycgr3G15658,unique
Mycgr3G15670,Mycgr3G15670,unique
Mycgr3G15671,Mycgr3G15671,unique
Mycgr3G15680,Mycgr3G15680,unique
Mycgr3G15728,Mycgr3G15728,unique
Mycgr3G15744,Mycgr3G15744,unique
Mycgr3G15769,Mycgr3G15769,unique
Mycgr3G15828,Mycgr3G15828,unique
Mycgr3G15838,Mycgr3G15838,unique
Mycgr3G15870,Mycgr3G15870,unique
Mycgr3G15872,Mycgr3G15872,unique
Mycgr3G15902,Mycgr3G15902,unique
Mycgr3G37119,Mycgr3G15904,ambiguous
Mycgr3G15930,Mycgr3G15930,unique
Mycgr3G16031,Mycgr3G16031,unique
Mycgr3G16078,Mycgr3G16078,unique
Mycgr3G16140,Mycgr3G16140,unique
Mycgr3G16155,Mycgr3G16155,unique
Mycgr3G16232,Mycgr3G16232,unique
Mycgr3G16302,Mycgr3G16302,unique
Mycgr3G16306,Mycgr3G16306,unique
Mycgr3G16314,Mycgr3G16314,unique
Mycgr3G16357,Mycgr3G16357,unique
Mycgr3G16430,Mycgr3G16430,unique
Mycgr3G16557,Mycgr3G16557,unique
Mycgr3G16590,Mycgr3G16590,unique
Mycgr3G16614,Mycgr3G16614,unique
Mycgr3G16628,Mycgr3G16628,unique
Mycgr3G16721,Mycgr3G16721,unique
Mycgr3G16732,Mycgr3G16732,unique
Mycgr3G16788,Mycgr3G16788,unique
Mycgr3G16863,Mycgr3G16863,unique
Mycgr3G16902,Mycgr3G16902,unique
Mycgr3G16972,Mycgr3G16972,unique
Mycgr3G16974,Mycgr3G16974,unique
Mycgr3G17006,Mycgr3G17006,unique
Mycgr3G17058,Mycgr3G17058,unique
Mycgr3G17135,Mycgr3G17135,unique
Mycgr3G17138,Mycgr3G17138,unique
Mycgr3G17146,Mycgr3G17146,unique
Mycgr3G17184,Mycgr3G17184,unique
Mycgr3G17219,Mycgr3G17219,unique
Mycgr3G17273,Mycgr3G17273,unique
Mycgr3G17293,Mycgr3G17293,unique
Mycgr3G17296,Mycgr3G17296,unique
Mycgr3G17298,Mycgr3G17298,unique
Mycgr3G17373,Mycgr3G17373,unique
Mycgr3G17404,Mycgr3G17404,unique
Mycgr3G17411,Mycgr3G17411,unique
Mycgr3G17412,Mycgr3G17412,unique
Mycgr3G17425,Mycgr3G17425,unique
Mycgr3G17443,Mycgr3G17443,unique
Mycgr3G17456,Mycgr3G17456,unique
Mycgr3G17463,Mycgr3G17463,unique
Mycgr3G17474,Mycgr3G17474,unique
Mycgr3G17477,Mycgr3G17477,unique
Mycgr3G17480,Mycgr3G17480,unique
Mycgr3G17511,Mycgr3G17511,unique
Mycgr3G17536,Mycgr3G17536,unique
Mycgr3G17581,Mycgr3G17581,unique
Mycgr3G17609,Mycgr3G17609,unique
Mycgr3G17624,Mycgr3G17624,unique
Mycgr3G17645,Mycgr3G17645,unique
Mycgr3G17705,Mycgr3G17705,unique
Mycgr3G17722,Mycgr3G17722,unique
Mycgr3G17735,Mycgr3G17735,unique
Mycgr3G17773,Mycgr3G17773,unique
Mycgr3G17787,Mycgr3G17787,unique
Mycgr3G17823,Mycgr3G17823,unique
Mycgr3G17842,Mycgr3G17842,unique
Mycgr3G17853,Mycgr3G17853,unique
Mycgr3G17862,Mycgr3G17862,unique
Mycgr3G17876,Mycgr3G17876,unique
Mycgr3G17882,Mycgr3G17882,unique
Mycgr3G17911,Mycgr3G17911,unique
Mycgr3G17966,Mycgr3G17966,unique
Mycgr3G18024,Mycgr3G18024,unique
Mycgr3G18034,Mycgr3G18034,unique
Mycgr3G18037,Mycgr3G18037,unique
Mycgr3G18057,Mycgr3G18057,unique
Mycgr3G18164,Mycgr3G18164,unique
Mycgr3G18172,Mycgr3G18172,unique
Mycgr3G18212,Mycgr3G18212,unique
Mycgr3G18217,Mycgr3G18217,unique
Mycgr3G18237,Mycgr3G18237,unique
Mycgr3G18277,Mycgr3G18277,unique
Mycgr3G18313,Mycgr3G18313,unique
Mycgr3G18344,Mycgr3G18344,unique
Mycgr3G18390,Mycgr3G18390,unique
Mycgr3G18396,Mycgr3G18396,unique
Mycgr3G18432,Mycgr3G18432,unique
Mycgr3G18438,Mycgr3G18438,unique
Mycgr3G18448,Mycgr3G18448,unique
Mycgr3G18493,Mycgr3G18493,unique
Mycgr3G18496,Mycgr3G18496,unique
Mycgr3G18515,Mycgr3G18515,unique
Mycgr3G18562,Mycgr3G18562,unique
Mycgr3G18598,Mycgr3G18598,unique
Mycgr3G18625,Mycgr3G18625,unique
Mycgr3G18631,Mycgr3G18631,unique
Mycgr3G18718,Mycgr3G18718,unique
Mycgr3G18721,Mycgr3G18721,unique
Mycgr3G18762,Mycgr3G18762,unique
Mycgr3G18768,Mycgr3G18768,unique
Mycgr3G18775,Mycgr3G18775,unique
Mycgr3G18783,Mycgr3G18783,unique
Mycgr3G18787,Mycgr3G18787,unique
Mycgr3G18811,Mycgr3G18811,unique
Mycgr3G18814,Mycgr3G18814,unique
Mycgr3G18835,Mycgr3G18835,unique
Mycgr3G18838,Mycgr3G18838,unique
Mycgr3G18839,Mycgr3G18839,unique
Mycgr3G18862,Mycgr3G18862,unique
Mycgr3G18895,Mycgr3G18895,unique
Mycgr3G18903,Mycgr3G18903,unique
Mycgr3G18918,Mycgr3G18918,unique
Mycgr3G18931,Mycgr3G18931,unique
Mycgr3G18943,Mycgr3G18943,unique
Mycgr3G18969,Mycgr3G18969,unique
Mycgr3G19026,Mycgr3G19026,unique
Mycgr3G19099,Mycgr3G19099,unique
Mycgr3G19110,Mycgr3G19110,unique
Mycgr3G19155,Mycgr3G19155,unique
Mycgr3G19171,Mycgr3G19171,unique
Mycgr3G19203,Mycgr3G19203,unique
Mycgr3G19271,Mycgr3G19271,unique
Mycgr3G19274,Mycgr3G19274,unique
Mycgr3G19276,Mycgr3G19276,unique
Mycgr3G19289,Mycgr3G19289,unique
Mycgr3G19317,Mycgr3G19317,unique
Mycgr3G98127,Mycgr3G19346,ambiguous
Mycgr3G19375,Mycgr3G19375,unique
Mycgr3G19391,Mycgr3G19391,unique
Mycgr3G19397,Mycgr3G19397,unique
Mycgr3G19433,Mycgr3G19433,unique
Mycgr3G19542,Mycgr3G19542,unique
Mycgr3G19550,Mycgr3G19550,unique
Mycgr3G19553,Mycgr3G19553,unique
Mycgr3G19556,Mycgr3G19556,unique
Mycgr3G19562,Mycgr3G19562,unique
Mycgr3G19563,Mycgr3G19563,unique
Mycgr3G96366,Mycgr3G19569,ambiguous
Mycgr3G19570,Mycgr3G19570,unique
Mycgr3G19573,Mycgr3G19573,unique
Mycgr3G19593,Mycgr3G19593,unique
Mycgr3G19618,Mycgr3G19618,unique
Mycgr3G19626,Mycgr3G19626,unique
Mycgr3G19628,Mycgr3G19628,unique
Mycgr3G19642,Mycgr3G19642,unique
Mycgr3G19644,Mycgr3G19644,unique
Mycgr3G19663,Mycgr3G19663,unique
Mycgr3G98127,Mycgr3G19700,ambiguous
Mycgr3G98127,Mycgr3G19703,ambiguous
Mycgr3G19719,Mycgr3G19719,unique
Mycgr3G19757,Mycgr3G19757,unique
Mycgr3G19773,Mycgr3G19773,unique
Mycgr3G19839,Mycgr3G19839,unique
Mycgr3G19934,Mycgr3G19934,unique
Mycgr3G19958,Mycgr3G19958,unique
Mycgr3G20004,Mycgr3G20004,unique
Mycgr3G20064,Mycgr3G20064,unique
Mycgr3G20072,Mycgr3G20072,unique
Mycgr3G20207,Mycgr3G20207,unique
Mycgr3G20234,Mycgr3G20234,unique
Mycgr3G20279,Mycgr3G20279,unique
Mycgr3G20337,Mycgr3G20337,unique
Mycgr3G20359,Mycgr3G20359,unique
Mycgr3G20435,Mycgr3G20435,unique
Mycgr3G20459,Mycgr3G20459,unique
Mycgr3G20472,Mycgr3G20472,unique
Mycgr3G20494,Mycgr3G20494,unique
Mycgr3G20505,Mycgr3G20505,unique
Mycgr3G20530,Mycgr3G20530,unique
Mycgr3G20574,Mycgr3G20574,unique
Mycgr3G20590,Mycgr3G20590,unique
Mycgr3G20640,Mycgr3G20640,unique
Mycgr3G20652,Mycgr3G20652,unique
Mycgr3G20658,Mycgr3G20658,unique
Mycgr3G20673,Mycgr3G20673,unique
Mycgr3G20674,Mycgr3G20674,unique
Mycgr3G20676,Mycgr3G20676,unique
Mycgr3G20718,Mycgr3G20718,unique
Mycgr3G20760,Mycgr3G20760,unique
Mycgr3G20761,Mycgr3G20761,unique
Mycgr3G20852,Mycgr3G20852,unique
Mycgr3G20893,Mycgr3G20893,unique
Mycgr3G20995,Mycgr3G20995,unique
Mycgr3G21049,Mycgr3G21049,unique
Mycgr3G21087,Mycgr3G21087,unique
Mycgr3G21114,Mycgr3G21114,unique
Mycgr3G21181,Mycgr3G21181,unique
Mycgr3G21185,Mycgr3G21185,unique
Mycgr3G21187,Mycgr3G21187,unique
Mycgr3G21193,Mycgr3G21193,unique
Mycgr3G21205,Mycgr3G21205,unique
Mycgr3G21233,Mycgr3G21233,unique
Mycgr3G21242,Mycgr3G21242,unique
Mycgr3G21368,Mycgr3G21368,unique
Mycgr3G21413,Mycgr3G21413,unique
Mycgr3G21444,Mycgr3G21444,unique
Mycgr3G21552,Mycgr3G21552,unique
Mycgr3G21591,Mycgr3G21591,unique
Mycgr3G21681,Mycgr3G21681,unique
Mycgr3G21688,Mycgr3G21688,unique
Mycgr3G21745,Mycgr3G21745,unique
Mycgr3G21814,Mycgr3G21814,unique
Mycgr3G21898,Mycgr3G21898,unique
Mycgr3G21909,Mycgr3G21909,unique
Mycgr3G21922,Mycgr3G21922,unique
Mycgr3G22003,Mycgr3G22003,unique
Mycgr3G22011,Mycgr3G22011,unique
Mycgr3G22021,Mycgr3G22021,unique
Mycgr3G22047,Mycgr3G22047,unique
Mycgr3G22102,Mycgr3G22102,unique
Mycgr3G22156,Mycgr3G22156,unique
Mycgr3G22161,Mycgr3G22161,unique
Mycgr3G22166,Mycgr3G22166,unique
Mycgr3G22198,Mycgr3G22198,unique
Mycgr3G22206,Mycgr3G22206,unique
Mycgr3G22320,Mycgr3G22320,unique
Mycgr3G22332,Mycgr3G22332,unique
Mycgr3G22336,Mycgr3G22336,unique
Mycgr3G22352,Mycgr3G22352,unique
Mycgr3G22400,Mycgr3G22400,unique
Mycgr3G22464,Mycgr3G22464,unique
Mycgr3G22487,Mycgr3G22487,unique
Mycgr3G22505,Mycgr3G22505,unique
Mycgr3G22524,Mycgr3G22524,unique
Mycgr3G22571,Mycgr3G22571,unique
Mycgr3G22578,Mycgr3G22578,unique
Mycgr3G22584,Mycgr3G22584,unique
Mycgr3G22604,Mycgr3G22604,unique
Mycgr3G22858,Mycgr3G22858,unique
Mycgr3G22912,Mycgr3G22912,unique
Mycgr3G22915,Mycgr3G22915,unique
Mycgr3G22969,Mycgr3G22969,unique
Mycgr3G22971,Mycgr3G22971,unique
Mycgr3G22994,Mycgr3G22994,unique
Mycgr3G22995,Mycgr3G22995,unique
Mycgr3G23060,Mycgr3G23060,unique
Mycgr3G23069,Mycgr3G23069,unique
Mycgr3G23163,Mycgr3G23163,unique
Mycgr3G23189,Mycgr3G23189,unique
Mycgr3G23191,Mycgr3G23191,unique
Mycgr3G23199,Mycgr3G23199,unique
Mycgr3G23202,Mycgr3G23202,unique
Mycgr3G23211,Mycgr3G23211,unique
Mycgr3G23234,Mycgr3G23234,unique
Mycgr3G23237,Mycgr3G23237,unique
Mycgr3G23271,Mycgr3G23271,unique
Mycgr3G23284,Mycgr3G23284,unique
Mycgr3G23379,Mycgr3G23379,unique
Mycgr3G23406,Mycgr3G23406,unique
Mycgr3G23428,Mycgr3G23428,unique
Mycgr3G23438,Mycgr3G23438,unique
Mycgr3G23624,Mycgr3G23624,unique
Mycgr3G23658,Mycgr3G23658,unique
Mycgr3G23705,Mycgr3G23705,unique
Mycgr3G23748,Mycgr3G23748,unique
Mycgr3G23761,Mycgr3G23761,unique
Mycgr3G23780,Mycgr3G23780,unique
Mycgr3G23786,Mycgr3G23786,unique
Mycgr3G23932,Mycgr3G23932,unique
Mycgr3G23946,Mycgr3G23946,unique
Mycgr3G24066,Mycgr3G24066,unique
Mycgr3G24171,Mycgr3G24171,unique
Mycgr3G24183,Mycgr3G24183,unique
Mycgr3G24216,Mycgr3G24216,unique
Mycgr3G24229,Mycgr3G24229,unique
Mycgr3G24237,Mycgr3G24237,unique
Mycgr3G24319,Mycgr3G24319,unique
Mycgr3G24349,Mycgr3G24349,unique
Mycgr3G24351,Mycgr3G24351,unique
Mycgr3G24430,Mycgr3G24430,unique
Mycgr3G24513,Mycgr3G24513,unique
Mycgr3G24521,Mycgr3G24521,unique
Mycgr3G24531,Mycgr3G24531,unique
Mycgr3G24547,Mycgr3G24547,unique
Mycgr3G24549,Mycgr3G24549,unique
Mycgr3G24553,Mycgr3G24553,unique
Mycgr3G24569,Mycgr3G24569,unique
Mycgr3G24570,Mycgr3G24570,unique
Mycgr3G24577,Mycgr3G24577,unique
Mycgr3G24587,Mycgr3G24587,unique
Mycgr3G24612,Mycgr3G24612,unique
Mycgr3G24616,Mycgr3G24616,unique
Mycgr3G24623,Mycgr3G24623,unique
Mycgr3G24629,Mycgr3G24629,unique
Mycgr3G24632,Mycgr3G24632,unique
Mycgr3G24656,Mycgr3G24656,unique
Mycgr3G24719,Mycgr3G24719,unique
Mycgr3G24728,Mycgr3G24728,unique
Mycgr3G24762,Mycgr3G24762,unique
Mycgr3G24965,Mycgr3G24965,unique
Mycgr3G25045,Mycgr3G25045,unique
Mycgr3G25073,Mycgr3G25073,unique
Mycgr3G25082,Mycgr3G25082,unique
Mycgr3G25102,Mycgr3G25102,unique
Mycgr3G25106,Mycgr3G25106,unique
Mycgr3G25111,Mycgr3G25111,unique
Mycgr3G25122,Mycgr3G25122,unique
Mycgr3G25126,Mycgr3G25126,unique
Mycgr3G25206,Mycgr3G25206,unique
Mycgr3G25234,Mycgr3G25234,unique
Mycgr3G25276,Mycgr3G25276,unique
Mycgr3G25320,Mycgr3G25320,unique
Mycgr3G25437,Mycgr3G25437,unique
Mycgr3G25547,Mycgr3G25547,unique
Mycgr3G25601,Mycgr3G25601,unique
Mycgr3G25609,Mycgr3G25609,unique
Mycgr3G25632,Mycgr3G25632,unique
Mycgr3G25642,Mycgr3G25642,unique
Mycgr3G25667,Mycgr3G25667,unique
Mycgr3G25671,Mycgr3G25671,unique
Mycgr3G25695,Mycgr3G25695,unique
Mycgr3G25746,Mycgr3G25746,unique
Mycgr3G25795,Mycgr3G25795,unique
Mycgr3G25801,Mycgr3G25801,unique
Mycgr3G25825,Mycgr3G25825,unique
Mycgr3G25852,Mycgr3G25852,unique
Mycgr3G25855,Mycgr3G25855,unique
Mycgr3G25899,Mycgr3G25899,unique
Mycgr3G25900,Mycgr3G25900,unique
Mycgr3G25958,Mycgr3G25958,unique
Mycgr3G26025,Mycgr3G26025,unique
Mycgr3G26053,Mycgr3G26053,unique
Mycgr3G26083,Mycgr3G26083,unique
Mycgr3G26090,Mycgr3G26090,unique
Mycgr3G26108,Mycgr3G26108,unique
Mycgr3G26160,Mycgr3G26160,unique
Mycgr3G26212,Mycgr3G26212,unique
Mycgr3G26233,Mycgr3G26233,unique
Mycgr3G26256,Mycgr3G26256,unique
Mycgr3G26268,Mycgr3G26268,unique
Mycgr3G26273,Mycgr3G26273,unique
Mycgr3G26349,Mycgr3G26349,unique
Mycgr3G26410,Mycgr3G26410,unique
Mycgr3G26445,Mycgr3G26445,unique
Mycgr3G26456,Mycgr3G26456,unique
Mycgr3G26468,Mycgr3G26468,unique
Mycgr3G26564,Mycgr3G26564,unique
Mycgr3G26689,Mycgr3G26689,unique
Mycgr3G26779,Mycgr3G26779,unique
Mycgr3G26792,Mycgr3G26792,unique
Mycgr3G26811,Mycgr3G26811,unique
Mycgr3G26862,Mycgr3G26862,unique
Mycgr3G26867,Mycgr3G26867,unique
Mycgr3G26886,Mycgr3G26886,unique
Mycgr3G26892,Mycgr3G26892,unique
Mycgr3G26915,Mycgr3G26915,unique
Mycgr3G26999,Mycgr3G26999,unique
Mycgr3G27012,Mycgr3G27012,unique
Mycgr3G27084,Mycgr3G27084,unique
Mycgr3G27116,Mycgr3G27116,unique
Mycgr3G27122,Mycgr3G27122,unique
Mycgr3G27159,Mycgr3G27159,unique
Mycgr3G27161,Mycgr3G27161,unique
Mycgr3G27172,Mycgr3G27172,unique
Mycgr3G27196,Mycgr3G27196,unique
Mycgr3G27205,Mycgr3G27205,unique
Mycgr3G27248,Mycgr3G27248,unique
Mycgr3G27250,Mycgr3G27250,unique
Mycgr3G27259,Mycgr3G27259,unique
Mycgr3G27270,Mycgr3G27270,unique
Mycgr3G27306,Mycgr3G27306,unique
Mycgr3G27323,Mycgr3G27323,unique
Mycgr3G27344,Mycgr3G27344,unique
Mycgr3G27346,Mycgr3G27346,unique
Mycgr3G27353,Mycgr3G27353,unique
Mycgr3G27363,Mycgr3G27363,unique
Mycgr3G27364,Mycgr3G27364,unique
Mycgr3G27367,Mycgr3G27367,unique
Mycgr3G27394,Mycgr3G27394,unique
Mycgr3G27396,Mycgr3G27396,unique
Mycgr3G27411,Mycgr3G27411,unique
Mycgr3G27413,Mycgr3G27413,unique
Mycgr3G27416,Mycgr3G27416,unique
Mycgr3G27417,Mycgr3G27417,unique
Mycgr3G27443,Mycgr3G27443,unique
Mycgr3G27447,Mycgr3G27447,unique
Mycgr3G27456,Mycgr3G27456,unique
Mycgr3G27464,Mycgr3G27464,unique
Mycgr3G27487,Mycgr3G27487,unique
Mycgr3G27490,Mycgr3G27490,unique
Mycgr3G27514,Mycgr3G27514,unique
Mycgr3G27543,Mycgr3G27543,unique
Mycgr3G27565,Mycgr3G27565,unique
Mycgr3G27566,Mycgr3G27566,unique
Mycgr3G27578,Mycgr3G27578,unique
Mycgr3G27613,Mycgr3G27613,unique
Mycgr3G27623,Mycgr3G27623,unique
Mycgr3G98127,Mycgr3G27682,ambiguous
Mycgr3G27686,Mycgr3G27686,unique
Mycgr3G27731,Mycgr3G27731,unique
Mycgr3G27778,Mycgr3G27778,unique
Mycgr3G27785,Mycgr3G27785,unique
Mycgr3G27796,Mycgr3G27796,unique
Mycgr3G27804,Mycgr3G27804,unique
Mycgr3G27839,Mycgr3G27839,unique
Mycgr3G27852,Mycgr3G27852,unique
Mycgr3G27860,Mycgr3G27860,unique
Mycgr3G27948,Mycgr3G27948,unique
Mycgr3G27949,Mycgr3G27949,unique
Mycgr3G27969,Mycgr3G27969,unique
Mycgr3G28008,Mycgr3G28008,unique
Mycgr3G28039,Mycgr3G28039,unique
Mycgr3G28056,Mycgr3G28056,unique
Mycgr3G98127,Mycgr3G28114,ambiguous
Mycgr3G28143,Mycgr3G28143,unique
Mycgr3G28145,Mycgr3G28145,unique
Mycgr3G28152,Mycgr3G28152,unique
Mycgr3G28154,Mycgr3G28154,unique
Mycgr3G28180,Mycgr3G28180,unique
Mycgr3G28186,Mycgr3G28186,unique
Mycgr3G28225,Mycgr3G28225,unique
Mycgr3G28226,Mycgr3G28226,unique
Mycgr3G28234,Mycgr3G28234,unique
Mycgr3G28261,Mycgr3G28261,unique
Mycgr3G28269,Mycgr3G28269,unique
Mycgr3G28304,Mycgr3G28304,unique
Mycgr3G28401,Mycgr3G28401,unique
Mycgr3G28410,Mycgr3G28410,unique
Mycgr3G28446,Mycgr3G28446,unique
Mycgr3G28473,Mycgr3G28473,unique
Mycgr3G28485,Mycgr3G28485,unique
Mycgr3G28493,Mycgr3G28493,unique
Mycgr3G28495,Mycgr3G28495,unique
Mycgr3G28506,Mycgr3G28506,unique
Mycgr3G28514,Mycgr3G28514,unique
Mycgr3G28518,Mycgr3G28518,unique
Mycgr3G28532,Mycgr3G28532,unique
Mycgr3G28547,Mycgr3G28547,unique
Mycgr3G28554,Mycgr3G28554,unique
Mycgr3G28568,Mycgr3G28568,unique
Mycgr3G28576,Mycgr3G28576,unique
Mycgr3G28586,Mycgr3G28586,unique
Mycgr3G28587,Mycgr3G28587,unique
Mycgr3G28593,Mycgr3G28593,unique
Mycgr3G28602,Mycgr3G28602,unique
Mycgr3G28606,Mycgr3G28606,unique
Mycgr3G28618,Mycgr3G28618,unique
Mycgr3G28649,Mycgr3G28649,unique
Mycgr3G28664,Mycgr3G28664,unique
Mycgr3G28674,Mycgr3G28674,unique
Mycgr3G28682,Mycgr3G28682,unique
Mycgr3G28684,Mycgr3G28684,unique
Mycgr3G28705,Mycgr3G28705,unique
Mycgr3G28715,Mycgr3G28715,unique
Mycgr3G28721,Mycgr3G28721,unique
Mycgr3G28735,Mycgr3G28735,unique
Mycgr3G28780,Mycgr3G28780,unique
Mycgr3G28783,Mycgr3G28783,unique
Mycgr3G28794,Mycgr3G28794,unique
Mycgr3G28809,Mycgr3G28809,unique
Mycgr3G28830,Mycgr3G28830,unique
Mycgr3G28846,Mycgr3G28846,unique
Mycgr3G28858,Mycgr3G28858,unique
Mycgr3G28863,Mycgr3G28863,unique
Mycgr3G28873,Mycgr3G28873,unique
Mycgr3G28882,Mycgr3G28882,unique
Mycgr3G28893,Mycgr3G28893,unique
Mycgr3G28900,Mycgr3G28900,unique
Mycgr3G28904,Mycgr3G28904,unique
Mycgr3G28928,Mycgr3G28928,unique
Mycgr3G28946,Mycgr3G28946,unique
Mycgr3G28947,Mycgr3G28947,unique
Mycgr3G28957,Mycgr3G28957,unique
Mycgr3G28978,Mycgr3G28978,unique
Mycgr3G28986,Mycgr3G28986,unique
Mycgr3G29006,Mycgr3G29006,unique
Mycgr3G29011,Mycgr3G29011,unique
Mycgr3G29054,Mycgr3G29054,unique
Mycgr3G29060,Mycgr3G29060,unique
Mycgr3G29061,Mycgr3G29061,unique
Mycgr3G29067,Mycgr3G29067,unique
Mycgr3G29087,Mycgr3G29087,unique
Mycgr3G29100,Mycgr3G29100,unique
Mycgr3G29184,Mycgr3G29184,unique
Mycgr3G29192,Mycgr3G29192,unique
Mycgr3G29197,Mycgr3G29197,unique
Mycgr3G29210,Mycgr3G29210,unique
Mycgr3G29212,Mycgr3G29212,unique
Mycgr3G95596,Mycgr3G29221,ambiguous
Mycgr3G29227,Mycgr3G29227,unique
Mycgr3G29230,Mycgr3G29230,unique
Mycgr3G29244,Mycgr3G29244,unique
Mycgr3G29251,Mycgr3G29251,unique
Mycgr3G29261,Mycgr3G29261,unique
Mycgr3G29267,Mycgr3G29267,unique
Mycgr3G29270,Mycgr3G29270,unique
Mycgr3G29277,Mycgr3G29277,unique
Mycgr3G29302,Mycgr3G29302,unique
Mycgr3G29317,Mycgr3G29317,unique
Mycgr3G29435,Mycgr3G29435,unique
Mycgr3G29441,Mycgr3G29441,unique
Mycgr3G29456,Mycgr3G29456,unique
Mycgr3G29470,Mycgr3G29470,unique
Mycgr3G29486,Mycgr3G29486,unique
Mycgr3G29504,Mycgr3G29504,unique
Mycgr3G29505,Mycgr3G29505,unique
Mycgr3G29515,Mycgr3G29515,unique
Mycgr3G29521,Mycgr3G29521,unique
Mycgr3G29522,Mycgr3G29522,unique
Mycgr3G29525,Mycgr3G29525,unique
Mycgr3G98127,Mycgr3G29529,ambiguous
Mycgr3G29540,Mycgr3G29540,unique
Mycgr3G29543,Mycgr3G29543,unique
Mycgr3G29565,Mycgr3G29565,unique
Mycgr3G29567,Mycgr3G29567,unique
Mycgr3G29582,Mycgr3G29582,unique
Mycgr3G29607,Mycgr3G29607,unique
Mycgr3G98127,Mycgr3G29612,ambiguous
Mycgr3G29629,Mycgr3G29629,unique
Mycgr3G29663,Mycgr3G29663,unique
Mycgr3G29667,Mycgr3G29667,unique
Mycgr3G29670,Mycgr3G29670,unique
Mycgr3G29712,Mycgr3G29712,unique
Mycgr3G29733,Mycgr3G29733,unique
Mycgr3G29736,Mycgr3G29736,unique
Mycgr3G29785,Mycgr3G29785,unique
Mycgr3G29802,Mycgr3G29802,unique
Mycgr3G29807,Mycgr3G29807,unique
Mycgr3G29831,Mycgr3G29831,unique
Mycgr3G29864,Mycgr3G29864,unique
Mycgr3G29871,Mycgr3G29871,unique
Mycgr3G29873,Mycgr3G29873,unique
Mycgr3G29881,Mycgr3G29881,unique
Mycgr3G29926,Mycgr3G29926,unique
Mycgr3G30000,Mycgr3G30000,unique
Mycgr3G30018,Mycgr3G30018,unique
Mycgr3G30068,Mycgr3G30068,unique
Mycgr3G30084,Mycgr3G30084,unique
Mycgr3G30085,Mycgr3G30085,unique
Mycgr3G30105,Mycgr3G30105,unique
Mycgr3G30112,Mycgr3G30112,unique
Mycgr3G30118,Mycgr3G30118,unique
Mycgr3G30121,Mycgr3G30121,unique
Mycgr3G30146,Mycgr3G30146,unique
Mycgr3G30155,Mycgr3G30155,unique
Mycgr3G30158,Mycgr3G30158,unique
Mycgr3G30166,Mycgr3G30166,unique
Mycgr3G30173,Mycgr3G30173,unique
Mycgr3G30178,Mycgr3G30178,unique
Mycgr3G30209,Mycgr3G30209,unique
Mycgr3G30229,Mycgr3G30229,unique
Mycgr3G30246,Mycgr3G30246,unique
Mycgr3G30315,Mycgr3G30315,unique
Mycgr3G30339,Mycgr3G30339,unique
Mycgr3G30347,Mycgr3G30347,unique
Mycgr3G30397,Mycgr3G30397,unique
Mycgr3G30411,Mycgr3G30411,unique
Mycgr3G30458,Mycgr3G30458,unique
Mycgr3G30460,Mycgr3G30460,unique
Mycgr3G98127,Mycgr3G30461,ambiguous
Mycgr3G30482,Mycgr3G30482,unique
Mycgr3G30507,Mycgr3G30507,unique
Mycgr3G30556,Mycgr3G30556,unique
Mycgr3G30576,Mycgr3G30576,unique
Mycgr3G30583,Mycgr3G30583,unique
Mycgr3G30604,Mycgr3G30604,unique
Mycgr3G30632,Mycgr3G30632,unique
Mycgr3G30635,Mycgr3G30635,unique
Mycgr3G30651,Mycgr3G30651,unique
Mycgr3G30682,Mycgr3G30682,unique
Mycgr3G30692,Mycgr3G30692,unique
Mycgr3G30706,Mycgr3G30706,unique
Mycgr3G30708,Mycgr3G30708,unique
Mycgr3G30712,Mycgr3G30712,unique
Mycgr3G30771,Mycgr3G30771,unique
Mycgr3G30776,Mycgr3G30776,unique
Mycgr3G30783,Mycgr3G30783,unique
Mycgr3G30788,Mycgr3G30788,unique
Mycgr3G30791,Mycgr3G30791,unique
Mycgr3G30795,Mycgr3G30795,unique
Mycgr3G30802,Mycgr3G30802,unique
Mycgr3G30842,Mycgr3G30842,unique
Mycgr3G30845,Mycgr3G30845,unique
Mycgr3G30868,Mycgr3G30868,unique
Mycgr3G30903,Mycgr3G30903,unique
Mycgr3G30914,Mycgr3G30914,unique
Mycgr3G98127,Mycgr3G30933,ambiguous
Mycgr3G30937,Mycgr3G30937,unique
Mycgr3G30940,Mycgr3G30940,unique
Mycgr3G30949,Mycgr3G30949,unique
Mycgr3G30969,Mycgr3G30969,unique
Mycgr3G30981,Mycgr3G30981,unique
Mycgr3G98127,Mycgr3G31017,ambiguous
Mycgr3G31025,Mycgr3G31025,unique
Mycgr3G31031,Mycgr3G31031,unique
Mycgr3G31035,Mycgr3G31035,unique
Mycgr3G31038,Mycgr3G31038,unique
Mycgr3G31040,Mycgr3G31040,unique
Mycgr3G31070,Mycgr3G31070,unique
Mycgr3G97679,Mycgr3G31113,ambiguous
Mycgr3G31119,Mycgr3G31119,unique
Mycgr3G31124,Mycgr3G31124,unique
Mycgr3G31129,Mycgr3G31129,unique
Mycgr3G31148,Mycgr3G31148,unique
Mycgr3G31156,Mycgr3G31156,unique
Mycgr3G31159,Mycgr3G31159,unique
Mycgr3G31161,Mycgr3G31161,unique
Mycgr3G31164,Mycgr3G31164,unique
Mycgr3G31170,Mycgr3G31170,unique
Mycgr3G31186,Mycgr3G31186,unique
Mycgr3G31187,Mycgr3G31187,unique
Mycgr3G31188,Mycgr3G31188,unique
Mycgr3G31190,Mycgr3G31190,unique
Mycgr3G98127,Mycgr3G31191,ambiguous
Mycgr3G31208,Mycgr3G31208,unique
Mycgr3G31220,Mycgr3G31220,unique
Mycgr3G31225,Mycgr3G31225,unique
Mycgr3G31277,Mycgr3G31277,unique
Mycgr3G31282,Mycgr3G31282,unique
Mycgr3G31283,Mycgr3G31283,unique
Mycgr3G31323,Mycgr3G31323,unique
Mycgr3G31341,Mycgr3G31341,unique
Mycgr3G31345,Mycgr3G31345,unique
Mycgr3G31350,Mycgr3G31350,unique
Mycgr3G31366,Mycgr3G31366,unique
Mycgr3G31393,Mycgr3G31393,unique
Mycgr3G31400,Mycgr3G31400,unique
Mycgr3G31411,Mycgr3G31411,unique
Mycgr3G31414,Mycgr3G31414,unique
Mycgr3G31431,Mycgr3G31431,unique
Mycgr3G31461,Mycgr3G31461,unique
Mycgr3G31466,Mycgr3G31466,unique
Mycgr3G31474,Mycgr3G31474,unique
Mycgr3G31477,Mycgr3G31477,unique
Mycgr3G31509,Mycgr3G31509,unique
Mycgr3G31514,Mycgr3G31514,unique
Mycgr3G31519,Mycgr3G31519,unique
Mycgr3G31520,Mycgr3G31520,unique
Mycgr3G31528,Mycgr3G31528,unique
Mycgr3G31539,Mycgr3G31539,unique
Mycgr3G31554,Mycgr3G31554,unique
Mycgr3G31557,Mycgr3G31557,unique
Mycgr3G31572,Mycgr3G31572,unique
Mycgr3G31579,Mycgr3G31579,unique
Mycgr3G31582,Mycgr3G31582,unique
Mycgr3G31615,Mycgr3G31615,unique
Mycgr3G31624,Mycgr3G31624,unique
Mycgr3G31641,Mycgr3G31641,unique
Mycgr3G31648,Mycgr3G31648,unique
Mycgr3G31653,Mycgr3G31653,unique
Mycgr3G31674,Mycgr3G31674,unique
Mycgr3G31676,Mycgr3G31676,unique
Mycgr3G31681,Mycgr3G31681,unique
Mycgr3G31703,Mycgr3G31703,unique
Mycgr3G31712,Mycgr3G31712,unique
Mycgr3G31715,Mycgr3G31715,unique
Mycgr3G31719,Mycgr3G31719,unique
Mycgr3G31720,Mycgr3G31720,unique
Mycgr3G31749,Mycgr3G31749,unique
Mycgr3G31787,Mycgr3G31787,unique
Mycgr3G31803,Mycgr3G31803,unique
Mycgr3G31813,Mycgr3G31813,unique
Mycgr3G31826,Mycgr3G31826,unique
Mycgr3G31898,Mycgr3G31898,unique
Mycgr3G31899,Mycgr3G31899,unique
Mycgr3G31902,Mycgr3G31902,unique
Mycgr3G31905,Mycgr3G31905,unique
Mycgr3G31911,Mycgr3G31911,unique
Mycgr3G31918,Mycgr3G31918,unique
Mycgr3G31926,Mycgr3G31926,unique
Mycgr3G31931,Mycgr3G31931,unique
Mycgr3G31949,Mycgr3G31949,unique
Mycgr3G31968,Mycgr3G31968,unique
Mycgr3G31987,Mycgr3G31987,unique
Mycgr3G32012,Mycgr3G32012,unique
Mycgr3G32046,Mycgr3G32046,unique
Mycgr3G32076,Mycgr3G32076,unique
Mycgr3G32094,Mycgr3G32094,unique
Mycgr3G32102,Mycgr3G32102,unique
Mycgr3G32106,Mycgr3G32106,unique
Mycgr3G32115,Mycgr3G32115,unique
Mycgr3G32133,Mycgr3G32133,unique
Mycgr3G32139,Mycgr3G32139,unique
Mycgr3G32157,Mycgr3G32157,unique
Mycgr3G32167,Mycgr3G32167,unique
Mycgr3G32193,Mycgr3G32193,unique
Mycgr3G32207,Mycgr3G32207,unique
Mycgr3G32208,Mycgr3G32208,unique
Mycgr3G32211,Mycgr3G32211,unique
Mycgr3G32213,Mycgr3G32213,unique
Mycgr3G32217,Mycgr3G32217,unique
Mycgr3G32226,Mycgr3G32226,unique
Mycgr3G97995,Mycgr3G32232,ambiguous
Mycgr3G32234,Mycgr3G32234,unique
Mycgr3G32270,Mycgr3G32270,unique
Mycgr3G32274,Mycgr3G32274,unique
Mycgr3G32282,Mycgr3G32282,unique
Mycgr3G32304,Mycgr3G32304,unique
Mycgr3G32322,Mycgr3G32322,unique
Mycgr3G32337,Mycgr3G32337,unique
Mycgr3G32359,Mycgr3G32359,unique
Mycgr3G32367,Mycgr3G32367,unique
Mycgr3G32378,Mycgr3G32378,unique
Mycgr3G32432,Mycgr3G32432,unique
Mycgr3G32463,Mycgr3G32463,unique
Mycgr3G32466,Mycgr3G32466,unique
Mycgr3G32474,Mycgr3G32474,unique
Mycgr3G32483,Mycgr3G32483,unique
Mycgr3G32491,Mycgr3G32491,unique
Mycgr3G32494,Mycgr3G32494,unique
Mycgr3G32500,Mycgr3G32500,unique
Mycgr3G32502,Mycgr3G32502,unique
Mycgr3G32503,Mycgr3G32503,unique
Mycgr3G32504,Mycgr3G32504,unique
Mycgr3G32521,Mycgr3G32521,unique
Mycgr3G32527,Mycgr3G32527,unique
Mycgr3G32540,Mycgr3G32540,unique
Mycgr3G32555,Mycgr3G32555,unique
Mycgr3G32587,Mycgr3G32587,unique
Mycgr3G32600,Mycgr3G32600,unique
Mycgr3G32609,Mycgr3G32609,unique
Mycgr3G32616,Mycgr3G32616,unique
Mycgr3G32625,Mycgr3G32625,unique
Mycgr3G32651,Mycgr3G32651,unique
Mycgr3G32659,Mycgr3G32659,unique
Mycgr3G32667,Mycgr3G32667,unique
Mycgr3G32685,Mycgr3G32685,unique
Mycgr3G32708,Mycgr3G32708,unique
Mycgr3G32716,Mycgr3G32716,unique
Mycgr3G32730,Mycgr3G32730,unique
Mycgr3G32734,Mycgr3G32734,unique
Mycgr3G32778,Mycgr3G32778,unique
Mycgr3G32785,Mycgr3G32785,unique
Mycgr3G32789,Mycgr3G32789,unique
Mycgr3G32802,Mycgr3G32802,unique
Mycgr3G32807,Mycgr3G32807,unique
Mycgr3G32808,Mycgr3G32808,unique
Mycgr3G32817,Mycgr3G32817,unique
Mycgr3G32848,Mycgr3G32848,unique
Mycgr3G32867,Mycgr3G32867,unique
Mycgr3G32893,Mycgr3G32893,unique
Mycgr3G32909,Mycgr3G32909,unique
Mycgr3G32913,Mycgr3G32913,unique
Mycgr3G32934,Mycgr3G32934,unique
Mycgr3G32957,Mycgr3G32957,unique
Mycgr3G32960,Mycgr3G32960,unique
Mycgr3G32965,Mycgr3G32965,unique
Mycgr3G32980,Mycgr3G32980,unique
Mycgr3G33002,Mycgr3G33002,unique
Mycgr3G33005,Mycgr3G33005,unique
Mycgr3G33011,Mycgr3G33011,unique
Mycgr3G33019,Mycgr3G33019,unique
Mycgr3G33027,Mycgr3G33027,unique
Mycgr3G33111,Mycgr3G33111,unique
Mycgr3G33113,Mycgr3G33113,unique
Mycgr3G33116,Mycgr3G33116,unique
Mycgr3G33131,Mycgr3G33131,unique
Mycgr3G33139,Mycgr3G33139,unique
Mycgr3G33142,Mycgr3G33142,unique
Mycgr3G33174,Mycgr3G33174,unique
Mycgr3G33192,Mycgr3G33192,unique
Mycgr3G33196,Mycgr3G33196,unique
Mycgr3G33206,Mycgr3G33206,unique
Mycgr3G33211,Mycgr3G33211,unique
Mycgr3G33213,Mycgr3G33213,unique
Mycgr3G33235,Mycgr3G33235,unique
Mycgr3G33249,Mycgr3G33249,unique
Mycgr3G33257,Mycgr3G33257,unique
Mycgr3G33299,Mycgr3G33299,unique
Mycgr3G33309,Mycgr3G33309,unique
Mycgr3G33312,Mycgr3G33312,unique
Mycgr3G33362,Mycgr3G33362,unique
Mycgr3G33363,Mycgr3G33363,unique
Mycgr3G33370,Mycgr3G33370,unique
Mycgr3G33375,Mycgr3G33375,unique
Mycgr3G33386,Mycgr3G33386,unique
Mycgr3G33390,Mycgr3G33390,unique
Mycgr3G33394,Mycgr3G33394,unique
Mycgr3G33410,Mycgr3G33410,unique
Mycgr3G33422,Mycgr3G33422,unique
Mycgr3G33425,Mycgr3G33425,unique
Mycgr3G33442,Mycgr3G33442,unique
Mycgr3G33451,Mycgr3G33451,unique
Mycgr3G33455,Mycgr3G33455,unique
Mycgr3G33464,Mycgr3G33464,unique
Mycgr3G33473,Mycgr3G33473,unique
Mycgr3G33479,Mycgr3G33479,unique
Mycgr3G33485,Mycgr3G33485,unique
Mycgr3G33493,Mycgr3G33493,unique
Mycgr3G33498,Mycgr3G33498,unique
Mycgr3G33513,Mycgr3G33513,unique
Mycgr3G33514,Mycgr3G33514,unique
Mycgr3G33525,Mycgr3G33525,unique
Mycgr3G33533,Mycgr3G33533,unique
Mycgr3G33550,Mycgr3G33550,unique
Mycgr3G33552,Mycgr3G33552,unique
Mycgr3G33562,Mycgr3G33562,unique
Mycgr3G33587,Mycgr3G33587,unique
Mycgr3G33591,Mycgr3G33591,unique
Mycgr3G33593,Mycgr3G33593,unique
Mycgr3G33604,Mycgr3G33604,unique
Mycgr3G33605,Mycgr3G33605,unique
Mycgr3G33608,Mycgr3G33608,unique
Mycgr3G33619,Mycgr3G33619,unique
Mycgr3G33626,Mycgr3G33626,unique
Mycgr3G33628,Mycgr3G33628,unique
Mycgr3G33631,Mycgr3G33631,unique
Mycgr3G33635,Mycgr3G33635,unique
Mycgr3G33636,Mycgr3G33636,unique
Mycgr3G33646,Mycgr3G33646,unique
Mycgr3G33657,Mycgr3G33657,unique
Mycgr3G33662,Mycgr3G33662,unique
Mycgr3G33694,Mycgr3G33694,unique
Mycgr3G33699,Mycgr3G33699,unique
Mycgr3G33711,Mycgr3G33711,unique
Mycgr3G33739,Mycgr3G33739,unique
Mycgr3G33741,Mycgr3G33741,unique
Mycgr3G33747,Mycgr3G33747,unique
Mycgr3G33778,Mycgr3G33778,unique
Mycgr3G33779,Mycgr3G33779,unique
Mycgr3G33784,Mycgr3G33784,unique
Mycgr3G33800,Mycgr3G33800,unique
Mycgr3G33813,Mycgr3G33813,unique
Mycgr3G33832,Mycgr3G33832,unique
Mycgr3G33834,Mycgr3G33834,unique
Mycgr3G33861,Mycgr3G33861,unique
Mycgr3G33864,Mycgr3G33864,unique
Mycgr3G33882,Mycgr3G33882,unique
Mycgr3G33884,Mycgr3G33884,unique
Mycgr3G33888,Mycgr3G33888,unique
Mycgr3G33894,Mycgr3G33894,unique
Mycgr3G33900,Mycgr3G33900,unique
Mycgr3G33929,Mycgr3G33929,unique
Mycgr3G33930,Mycgr3G33930,unique
Mycgr3G33937,Mycgr3G33937,unique
Mycgr3G33976,Mycgr3G33976,unique
Mycgr3G33998,Mycgr3G33998,unique
Mycgr3G34014,Mycgr3G34014,unique
Mycgr3G34023,Mycgr3G34023,unique
Mycgr3G34026,Mycgr3G34026,unique
Mycgr3G34033,Mycgr3G34033,unique
Mycgr3G34048,Mycgr3G34048,unique
Mycgr3G34052,Mycgr3G34052,unique
Mycgr3G34068,Mycgr3G34068,unique
Mycgr3G34084,Mycgr3G34084,unique
Mycgr3G34109,Mycgr3G34109,unique
Mycgr3G34129,Mycgr3G34129,unique
Mycgr3G34130,Mycgr3G34130,unique
Mycgr3G34157,Mycgr3G34157,unique
Mycgr3G34175,Mycgr3G34175,unique
Mycgr3G34180,Mycgr3G34180,unique
Mycgr3G34196,Mycgr3G34196,unique
Mycgr3G34200,Mycgr3G34200,unique
Mycgr3G34213,Mycgr3G34213,unique
Mycgr3G34232,Mycgr3G34232,unique
Mycgr3G34236,Mycgr3G34236,unique
Mycgr3G34239,Mycgr3G34239,unique
Mycgr3G34247,Mycgr3G34247,unique
Mycgr3G34254,Mycgr3G34254,unique
Mycgr3G34265,Mycgr3G34265,unique
Mycgr3G34306,Mycgr3G34306,unique
Mycgr3G34317,Mycgr3G34317,unique
Mycgr3G34332,Mycgr3G34332,unique
Mycgr3G34335,Mycgr3G34335,unique
Mycgr3G34363,Mycgr3G34363,unique
Mycgr3G34379,Mycgr3G34379,unique
Mycgr3G34411,Mycgr3G34411,unique
Mycgr3G34426,Mycgr3G34426,unique
Mycgr3G34433,Mycgr3G34433,unique
Mycgr3G34434,Mycgr3G34434,unique
Mycgr3G34437,Mycgr3G34437,unique
Mycgr3G34453,Mycgr3G34453,unique
Mycgr3G34461,Mycgr3G34461,unique
Mycgr3G34473,Mycgr3G34473,unique
Mycgr3G34487,Mycgr3G34487,unique
Mycgr3G34505,Mycgr3G34505,unique
Mycgr3G34521,Mycgr3G34521,unique
Mycgr3G34525,Mycgr3G34525,unique
Mycgr3G34531,Mycgr3G34531,unique
Mycgr3G34542,Mycgr3G34542,unique
Mycgr3G34547,Mycgr3G34547,unique
Mycgr3G34594,Mycgr3G34594,unique
Mycgr3G34603,Mycgr3G34603,unique
Mycgr3G34626,Mycgr3G34626,unique
Mycgr3G34630,Mycgr3G34630,unique
Mycgr3G34632,Mycgr3G34632,unique
Mycgr3G34668,Mycgr3G34668,unique
Mycgr3G34686,Mycgr3G34686,unique
Mycgr3G34715,Mycgr3G34715,unique
Mycgr3G34722,Mycgr3G34722,unique
Mycgr3G34736,Mycgr3G34736,unique
Mycgr3G34756,Mycgr3G34756,unique
Mycgr3G34777,Mycgr3G34777,unique
Mycgr3G34783,Mycgr3G34783,unique
Mycgr3G34788,Mycgr3G34788,unique
Mycgr3G34808,Mycgr3G34808,unique
Mycgr3G34825,Mycgr3G34825,unique
Mycgr3G34830,Mycgr3G34830,unique
Mycgr3G34886,Mycgr3G34886,unique
Mycgr3G34911,Mycgr3G34911,unique
Mycgr3G34912,Mycgr3G34912,unique
Mycgr3G34913,Mycgr3G34913,unique
Mycgr3G34921,Mycgr3G34921,unique
Mycgr3G34926,Mycgr3G34926,unique
Mycgr3G34938,Mycgr3G34938,unique
Mycgr3G34941,Mycgr3G34941,unique
Mycgr3G34954,Mycgr3G34954,unique
Mycgr3G34965,Mycgr3G34965,unique
Mycgr3G34966,Mycgr3G34966,unique
Mycgr3G34973,Mycgr3G34973,unique
Mycgr3G34982,Mycgr3G34982,unique
Mycgr3G34998,Mycgr3G34998,unique
Mycgr3G35012,Mycgr3G35012,unique
Mycgr3G35016,Mycgr3G35016,unique
Mycgr3G35026,Mycgr3G35026,unique
Mycgr3G35031,Mycgr3G35031,unique
Mycgr3G35039,Mycgr3G35039,unique
Mycgr3G35040,Mycgr3G35040,unique
Mycgr3G35055,Mycgr3G35055,unique
Mycgr3G35060,Mycgr3G35060,unique
Mycgr3G35062,Mycgr3G35062,unique
Mycgr3G35076,Mycgr3G35076,unique
Mycgr3G35079,Mycgr3G35079,unique
Mycgr3G35091,Mycgr3G35091,unique
Mycgr3G35093,Mycgr3G35093,unique
Mycgr3G35100,Mycgr3G35100,unique
Mycgr3G35104,Mycgr3G35104,unique
Mycgr3G35107,Mycgr3G35107,unique
Mycgr3G35119,Mycgr3G35119,unique
Mycgr3G35120,Mycgr3G35120,unique
Mycgr3G35147,Mycgr3G35147,unique
Mycgr3G35159,Mycgr3G35159,unique
Mycgr3G35160,Mycgr3G35160,unique
Mycgr3G35166,Mycgr3G35166,unique
Mycgr3G35181,Mycgr3G35181,unique
Mycgr3G35188,Mycgr3G35188,unique
Mycgr3G35196,Mycgr3G35196,unique
Mycgr3G35216,Mycgr3G35216,unique
Mycgr3G35226,Mycgr3G35226,unique
Mycgr3G35238,Mycgr3G35238,unique
Mycgr3G35259,Mycgr3G35259,unique
Mycgr3G35302,Mycgr3G35302,unique
Mycgr3G35311,Mycgr3G35311,unique
Mycgr3G35337,Mycgr3G35337,unique
Mycgr3G35346,Mycgr3G35346,unique
Mycgr3G35394,Mycgr3G35394,unique
Mycgr3G35402,Mycgr3G35402,unique
Mycgr3G35421,Mycgr3G35421,unique
Mycgr3G35430,Mycgr3G35430,unique
Mycgr3G35446,Mycgr3G35446,unique
Mycgr3G35447,Mycgr3G35447,unique
Mycgr3G35448,Mycgr3G35448,unique
Mycgr3G35451,Mycgr3G35451,unique
Mycgr3G35500,Mycgr3G35500,unique
Mycgr3G35508,Mycgr3G35508,unique
Mycgr3G35526,Mycgr3G35526,unique
Mycgr3G35527,Mycgr3G35527,unique
Mycgr3G35528,Mycgr3G35528,unique
Mycgr3G35530,Mycgr3G35530,unique
Mycgr3G35535,Mycgr3G35535,unique
Mycgr3G35581,Mycgr3G35581,unique
Mycgr3G35590,Mycgr3G35590,unique
Mycgr3G35593,Mycgr3G35593,unique
Mycgr3G35613,Mycgr3G35613,unique
Mycgr3G35614,Mycgr3G35614,unique
Mycgr3G35619,Mycgr3G35619,unique
Mycgr3G35631,Mycgr3G35631,unique
Mycgr3G35653,Mycgr3G35653,unique
Mycgr3G35654,Mycgr3G35654,unique
Mycgr3G35656,Mycgr3G35656,unique
Mycgr3G35661,Mycgr3G35661,unique
Mycgr3G35688,Mycgr3G35688,unique
Mycgr3G35698,Mycgr3G35698,unique
Mycgr3G35710,Mycgr3G35710,unique
Mycgr3G35719,Mycgr3G35719,unique
Mycgr3G35722,Mycgr3G35722,unique
Mycgr3G35747,Mycgr3G35747,unique
Mycgr3G35751,Mycgr3G35751,unique
Mycgr3G35754,Mycgr3G35754,unique
Mycgr3G35783,Mycgr3G35783,unique
Mycgr3G35809,Mycgr3G35809,unique
Mycgr3G35819,Mycgr3G35819,unique
Mycgr3G35840,Mycgr3G35840,unique
Mycgr3G35847,Mycgr3G35847,unique
Mycgr3G35862,Mycgr3G35862,unique
Mycgr3G35881,Mycgr3G35881,unique
Mycgr3G35885,Mycgr3G35885,unique
Mycgr3G35889,Mycgr3G35889,unique
Mycgr3G35902,Mycgr3G35902,unique
Mycgr3G35932,Mycgr3G35932,unique
Mycgr3G35953,Mycgr3G35953,unique
Mycgr3G35966,Mycgr3G35966,unique
Mycgr3G35967,Mycgr3G35967,unique
Mycgr3G35980,Mycgr3G35980,unique
Mycgr3G35982,Mycgr3G35982,unique
Mycgr3G36032,Mycgr3G36032,unique
Mycgr3G36072,Mycgr3G36072,unique
Mycgr3G36084,Mycgr3G36084,unique
Mycgr3G36121,Mycgr3G36121,unique
Mycgr3G36134,Mycgr3G36134,unique
Mycgr3G36159,Mycgr3G36159,unique
Mycgr3G36216,Mycgr3G36216,unique
Mycgr3G36229,Mycgr3G36229,unique
Mycgr3G36240,Mycgr3G36240,unique
Mycgr3G36249,Mycgr3G36249,unique
Mycgr3G36261,Mycgr3G36261,unique
Mycgr3G36264,Mycgr3G36264,unique
Mycgr3G36271,Mycgr3G36271,unique
Mycgr3G36274,Mycgr3G36274,unique
Mycgr3G36277,Mycgr3G36277,unique
Mycgr3G36281,Mycgr3G36281,unique
Mycgr3G36282,Mycgr3G36282,unique
Mycgr3G36290,Mycgr3G36290,unique
Mycgr3G36295,Mycgr3G36295,unique
Mycgr3G36302,Mycgr3G36302,unique
Mycgr3G36335,Mycgr3G36335,unique
Mycgr3G36348,Mycgr3G36348,unique
Mycgr3G36350,Mycgr3G36350,unique
Mycgr3G36365,Mycgr3G36365,unique
Mycgr3G36370,Mycgr3G36370,unique
Mycgr3G36382,Mycgr3G36382,unique
Mycgr3G36419,Mycgr3G36419,unique
Mycgr3G36430,Mycgr3G36430,unique
Mycgr3G36443,Mycgr3G36443,unique
Mycgr3G36449,Mycgr3G36449,unique
Mycgr3G36488,Mycgr3G36488,unique
Mycgr3G36494,Mycgr3G36494,unique
Mycgr3G36495,Mycgr3G36495,unique
Mycgr3G36522,Mycgr3G36522,unique
Mycgr3G36524,Mycgr3G36524,unique
Mycgr3G36551,Mycgr3G36551,unique
Mycgr3G36564,Mycgr3G36564,unique
Mycgr3G36575,Mycgr3G36575,unique
Mycgr3G36576,Mycgr3G36576,unique
Mycgr3G36580,Mycgr3G36580,unique
Mycgr3G36589,Mycgr3G36589,unique
Mycgr3G36631,Mycgr3G36631,unique
Mycgr3G36641,Mycgr3G36641,unique
Mycgr3G36644,Mycgr3G36644,unique
Mycgr3G36663,Mycgr3G36663,unique
Mycgr3G36735,Mycgr3G36735,unique
Mycgr3G36755,Mycgr3G36755,unique
Mycgr3G36765,Mycgr3G36765,unique
Mycgr3G36801,Mycgr3G36801,unique
Mycgr3G36803,Mycgr3G36803,unique
Mycgr3G36820,Mycgr3G36820,unique
Mycgr3G36827,Mycgr3G36827,unique
Mycgr3G36836,Mycgr3G36836,unique
Mycgr3G36853,Mycgr3G36853,unique
Mycgr3G36860,Mycgr3G36860,unique
Mycgr3G36861,Mycgr3G36861,unique
Mycgr3G36872,Mycgr3G36872,unique
Mycgr3G36885,Mycgr3G36885,unique
Mycgr3G36895,Mycgr3G36895,unique
Mycgr3G36903,Mycgr3G36903,unique
Mycgr3G36927,Mycgr3G36927,unique
Mycgr3G36938,Mycgr3G36938,unique
Mycgr3G36941,Mycgr3G36941,unique
Mycgr3G36951,Mycgr3G36951,unique
Mycgr3G36954,Mycgr3G36954,unique
Mycgr3G36961,Mycgr3G36961,unique
Mycgr3G36968,Mycgr3G36968,unique
Mycgr3G36976,Mycgr3G36976,unique
Mycgr3G36977,Mycgr3G36977,unique
Mycgr3G36978,Mycgr3G36978,unique
Mycgr3G36990,Mycgr3G36990,unique
Mycgr3G37004,Mycgr3G37004,unique
Mycgr3G37010,Mycgr3G37010,unique
Mycgr3G37018,Mycgr3G37018,unique
Mycgr3G37024,Mycgr3G37024,unique
Mycgr3G37042,Mycgr3G37042,unique
Mycgr3G37073,Mycgr3G37073,unique
Mycgr3G37086,Mycgr3G37086,unique
Mycgr3G37094,Mycgr3G37094,unique
Mycgr3G37101,Mycgr3G37101,unique
Mycgr3G37108,Mycgr3G37108,unique
Mycgr3G37110,Mycgr3G37110,unique
Mycgr3G37119,Mycgr3G37119,ambiguous
Mycgr3G37123,Mycgr3G37123,unique
Mycgr3G37135,Mycgr3G37135,unique
Mycgr3G37166,Mycgr3G37166,unique
Mycgr3G37171,Mycgr3G37171,unique
Mycgr3G37176,Mycgr3G37176,unique
Mycgr3G37187,Mycgr3G37187,unique
Mycgr3G37202,Mycgr3G37202,unique
Mycgr3G37216,Mycgr3G37216,unique
Mycgr3G37219,Mycgr3G37219,unique
Mycgr3G37223,Mycgr3G37223,unique
Mycgr3G37224,Mycgr3G37224,unique
Mycgr3G37261,Mycgr3G37261,unique
Mycgr3G37275,Mycgr3G37275,unique
Mycgr3G37276,Mycgr3G37276,unique
Mycgr3G37295,Mycgr3G37295,unique
Mycgr3G37296,Mycgr3G37296,unique
Mycgr3G37332,Mycgr3G37332,unique
Mycgr3G98127,Mycgr3G37333,ambiguous
Mycgr3G37351,Mycgr3G37351,unique
Mycgr3G37366,Mycgr3G37366,unique
Mycgr3G37376,Mycgr3G37376,unique
Mycgr3G37389,Mycgr3G37389,unique
Mycgr3G37393,Mycgr3G37393,unique
Mycgr3G37396,Mycgr3G37396,unique
Mycgr3G37403,Mycgr3G37403,unique
Mycgr3G37404,Mycgr3G37404,unique
Mycgr3G37437,Mycgr3G37437,unique
Mycgr3G37439,Mycgr3G37439,unique
Mycgr3G37446,Mycgr3G37446,unique
Mycgr3G37452,Mycgr3G37452,unique
Mycgr3G37456,Mycgr3G37456,unique
Mycgr3G37460,Mycgr3G37460,unique
Mycgr3G37496,Mycgr3G37496,unique
Mycgr3G37498,Mycgr3G37498,unique
Mycgr3G37506,Mycgr3G37506,unique
Mycgr3G37519,Mycgr3G37519,unique
Mycgr3G37523,Mycgr3G37523,unique
Mycgr3G37533,Mycgr3G37533,unique
Mycgr3G37538,Mycgr3G37538,unique
Mycgr3G37539,Mycgr3G37539,unique
Mycgr3G37542,Mycgr3G37542,unique
Mycgr3G37570,Mycgr3G37570,unique
Mycgr3G37582,Mycgr3G37582,unique
Mycgr3G37591,Mycgr3G37591,unique
Mycgr3G37599,Mycgr3G37599,unique
Mycgr3G37615,Mycgr3G37615,unique
Mycgr3G37647,Mycgr3G37647,unique
Mycgr3G37650,Mycgr3G37650,unique
Mycgr3G37674,Mycgr3G37674,unique
Mycgr3G37699,Mycgr3G37699,unique
Mycgr3G37720,Mycgr3G37720,unique
Mycgr3G37731,Mycgr3G37731,unique
Mycgr3G37732,Mycgr3G37732,unique
Mycgr3G37733,Mycgr3G37733,unique
Mycgr3G37741,Mycgr3G37741,unique
Mycgr3G37747,Mycgr3G37747,unique
Mycgr3G37766,Mycgr3G37766,unique
Mycgr3G37779,Mycgr3G37779,unique
Mycgr3G37784,Mycgr3G37784,unique
Mycgr3G37787,Mycgr3G37787,unique
Mycgr3G37790,Mycgr3G37790,unique
Mycgr3G37793,Mycgr3G37793,unique
Mycgr3G37838,Mycgr3G37838,unique
Mycgr3G37844,Mycgr3G37844,unique
Mycgr3G37854,Mycgr3G37854,unique
Mycgr3G37858,Mycgr3G37858,unique
Mycgr3G37869,Mycgr3G37869,unique
Mycgr3G37870,Mycgr3G37870,unique
Mycgr3G37885,Mycgr3G37885,unique
Mycgr3G37896,Mycgr3G37896,unique
Mycgr3G37903,Mycgr3G37903,unique
Mycgr3G37907,Mycgr3G37907,unique
Mycgr3G37911,Mycgr3G37911,unique
Mycgr3G37917,Mycgr3G37917,unique
Mycgr3G37947,Mycgr3G37947,unique
Mycgr3G37982,Mycgr3G37982,unique
Mycgr3G37988,Mycgr3G37988,unique
Mycgr3G38006,Mycgr3G38006,unique
Mycgr3G38008,Mycgr3G38008,unique
Mycgr3G38013,Mycgr3G38013,unique
Mycgr3G38019,Mycgr3G38019,unique
Mycgr3G38027,Mycgr3G38027,unique
Mycgr3G38035,Mycgr3G38035,unique
Mycgr3G38036,Mycgr3G38036,unique
Mycgr3G38039,Mycgr3G38039,unique
Mycgr3G38046,Mycgr3G38046,unique
Mycgr3G38058,Mycgr3G38058,unique
Mycgr3G38075,Mycgr3G38075,unique
Mycgr3G38087,Mycgr3G38087,unique
Mycgr3G38090,Mycgr3G38090,unique
Mycgr3G38100,Mycgr3G38100,unique
Mycgr3G38105,Mycgr3G38105,unique
Mycgr3G38117,Mycgr3G38117,unique
Mycgr3G38148,Mycgr3G38148,unique
Mycgr3G38151,Mycgr3G38151,unique
Mycgr3G38161,Mycgr3G38161,unique
Mycgr3G38162,Mycgr3G38162,unique
Mycgr3G38167,Mycgr3G38167,unique
Mycgr3G38168,Mycgr3G38168,unique
Mycgr3G38178,Mycgr3G38178,unique
Mycgr3G38191,Mycgr3G38191,unique
Mycgr3G38199,Mycgr3G38199,unique
Mycgr3G38202,Mycgr3G38202,unique
Mycgr3G38212,Mycgr3G38212,unique
Mycgr3G38213,Mycgr3G38213,unique
Mycgr3G38222,Mycgr3G38222,unique
Mycgr3G38223,Mycgr3G38223,unique
Mycgr3G38226,Mycgr3G38226,unique
Mycgr3G38237,Mycgr3G38237,unique
Mycgr3G38239,Mycgr3G38239,unique
Mycgr3G38267,Mycgr3G38267,unique
Mycgr3G38269,Mycgr3G38269,unique
Mycgr3G38280,Mycgr3G38280,unique
Mycgr3G38282,Mycgr3G38282,unique
Mycgr3G38292,Mycgr3G38292,unique
Mycgr3G38293,Mycgr3G38293,unique
Mycgr3G38294,Mycgr3G38294,unique
Mycgr3G38315,Mycgr3G38315,unique
Mycgr3G38337,Mycgr3G38337,unique
Mycgr3G38341,Mycgr3G38341,unique
Mycgr3G38362,Mycgr3G38362,unique
Mycgr3G38371,Mycgr3G38371,unique
Mycgr3G38379,Mycgr3G38379,unique
Mycgr3G38394,Mycgr3G38394,unique
Mycgr3G38460,Mycgr3G38460,unique
Mycgr3G38483,Mycgr3G38483,unique
Mycgr3G38485,Mycgr3G38485,unique
Mycgr3G38493,Mycgr3G38493,unique
Mycgr3G38509,Mycgr3G38509,unique
Mycgr3G38510,Mycgr3G38510,unique
Mycgr3G38519,Mycgr3G38519,unique
Mycgr3G38524,Mycgr3G38524,unique
Mycgr3G38541,Mycgr3G38541,unique
Mycgr3G38554,Mycgr3G38554,unique
Mycgr3G38572,Mycgr3G38572,unique
Mycgr3G38577,Mycgr3G38577,unique
Mycgr3G38597,Mycgr3G38597,unique
Mycgr3G38624,Mycgr3G38624,unique
Mycgr3G38655,Mycgr3G38655,unique
Mycgr3G38680,Mycgr3G38680,unique
Mycgr3G38697,Mycgr3G38697,unique
Mycgr3G38701,Mycgr3G38701,unique
Mycgr3G38706,Mycgr3G38706,unique
Mycgr3G38707,Mycgr3G38707,unique
Mycgr3G38713,Mycgr3G38713,unique
Mycgr3G38717,Mycgr3G38717,unique
Mycgr3G38718,Mycgr3G38718,unique
Mycgr3G38720,Mycgr3G38720,unique
Mycgr3G38733,Mycgr3G38733,unique
Mycgr3G38753,Mycgr3G38753,unique
Mycgr3G38777,Mycgr3G38777,unique
Mycgr3G38790,Mycgr3G38790,unique
Mycgr3G38812,Mycgr3G38812,unique
Mycgr3G38857,Mycgr3G38857,unique
Mycgr3G38862,Mycgr3G38862,unique
Mycgr3G38865,Mycgr3G38865,unique
Mycgr3G38873,Mycgr3G38873,unique
Mycgr3G38880,Mycgr3G38880,unique
Mycgr3G38883,Mycgr3G38883,unique
Mycgr3G38901,Mycgr3G38901,unique
Mycgr3G38910,Mycgr3G38910,unique
Mycgr3G38930,Mycgr3G38930,unique
Mycgr3G38940,Mycgr3G38940,unique
Mycgr3G38945,Mycgr3G38945,unique
Mycgr3G38950,Mycgr3G38950,unique
Mycgr3G39000,Mycgr3G39000,unique
Mycgr3G39012,Mycgr3G39012,unique
Mycgr3G39016,Mycgr3G39016,unique
Mycgr3G39023,Mycgr3G39023,unique
Mycgr3G39030,Mycgr3G39030,unique
Mycgr3G39086,Mycgr3G39086,unique
Mycgr3G39108,Mycgr3G39108,unique
Mycgr3G39109,Mycgr3G39109,unique
Mycgr3G39112,Mycgr3G39112,unique
Mycgr3G39114,Mycgr3G39114,unique
Mycgr3G39123,Mycgr3G39123,unique
Mycgr3G39133,Mycgr3G39133,unique
Mycgr3G39137,Mycgr3G39137,unique
Mycgr3G39142,Mycgr3G39142,unique
Mycgr3G39149,Mycgr3G39149,unique
Mycgr3G39151,Mycgr3G39151,unique
Mycgr3G39154,Mycgr3G39154,unique
Mycgr3G39163,Mycgr3G39163,unique
Mycgr3G39186,Mycgr3G39186,unique
Mycgr3G39188,Mycgr3G39188,unique
Mycgr3G39191,Mycgr3G39191,unique
Mycgr3G39200,Mycgr3G39200,unique
Mycgr3G39210,Mycgr3G39210,unique
Mycgr3G39227,Mycgr3G39227,unique
Mycgr3G39234,Mycgr3G39234,unique
Mycgr3G39241,Mycgr3G39241,unique
Mycgr3G39250,Mycgr3G39250,unique
Mycgr3G39259,Mycgr3G39259,unique
Mycgr3G39267,Mycgr3G39267,unique
Mycgr3G39275,Mycgr3G39275,unique
Mycgr3G39277,Mycgr3G39277,unique
Mycgr3G39307,Mycgr3G39307,unique
Mycgr3G39330,Mycgr3G39330,unique
Mycgr3G39334,Mycgr3G39334,unique
Mycgr3G39347,Mycgr3G39347,unique
Mycgr3G39363,Mycgr3G39363,unique
Mycgr3G39370,Mycgr3G39370,unique
Mycgr3G39377,Mycgr3G39377,unique
Mycgr3G39385,Mycgr3G39385,unique
Mycgr3G39401,Mycgr3G39401,unique
Mycgr3G39405,Mycgr3G39405,unique
Mycgr3G39421,Mycgr3G39421,unique
Mycgr3G39456,Mycgr3G39456,unique
Mycgr3G39484,Mycgr3G39484,unique
Mycgr3G39487,Mycgr3G39487,unique
Mycgr3G39488,Mycgr3G39488,unique
Mycgr3G39491,Mycgr3G39491,unique
Mycgr3G39492,Mycgr3G39492,unique
Mycgr3G39493,Mycgr3G39493,unique
Mycgr3G39501,Mycgr3G39501,unique
Mycgr3G39504,Mycgr3G39504,unique
Mycgr3G39509,Mycgr3G39509,unique
Mycgr3G39514,Mycgr3G39514,unique
Mycgr3G39543,Mycgr3G39543,unique
Mycgr3G39565,Mycgr3G39565,unique
Mycgr3G39578,Mycgr3G39578,unique
Mycgr3G39597,Mycgr3G39597,unique
Mycgr3G39599,Mycgr3G39599,unique
Mycgr3G39608,Mycgr3G39608,unique
Mycgr3G39611,Mycgr3G39611,unique
Mycgr3G39612,Mycgr3G39612,unique
Mycgr3G39655,Mycgr3G39655,unique
Mycgr3G39665,Mycgr3G39665,unique
Mycgr3G39671,Mycgr3G39671,unique
Mycgr3G39685,Mycgr3G39685,unique
Mycgr3G39691,Mycgr3G39691,unique
Mycgr3G39717,Mycgr3G39717,unique
Mycgr3G39733,Mycgr3G39733,unique
Mycgr3G39735,Mycgr3G39735,unique
Mycgr3G39743,Mycgr3G39743,unique
Mycgr3G39745,Mycgr3G39745,unique
Mycgr3G39771,Mycgr3G39771,unique
Mycgr3G39787,Mycgr3G39787,unique
Mycgr3G39797,Mycgr3G39797,unique
Mycgr3G39804,Mycgr3G39804,unique
Mycgr3G39819,Mycgr3G39819,unique
Mycgr3G39839,Mycgr3G39839,unique
Mycgr3G39840,Mycgr3G39840,unique
Mycgr3G39846,Mycgr3G39846,unique
Mycgr3G39852,Mycgr3G39852,unique
Mycgr3G39862,Mycgr3G39862,unique
Mycgr3G39869,Mycgr3G39869,unique
Mycgr3G39884,Mycgr3G39884,unique
Mycgr3G39888,Mycgr3G39888,unique
Mycgr3G39898,Mycgr3G39898,unique
Mycgr3G39901,Mycgr3G39901,unique
Mycgr3G39904,Mycgr3G39904,unique
Mycgr3G39911,Mycgr3G39911,unique
Mycgr3G39931,Mycgr3G39931,unique
Mycgr3G39937,Mycgr3G39937,unique
Mycgr3G39944,Mycgr3G39944,unique
Mycgr3G39947,Mycgr3G39947,unique
Mycgr3G39960,Mycgr3G39960,unique
Mycgr3G39961,Mycgr3G39961,unique
Mycgr3G39964,Mycgr3G39964,unique
Mycgr3G39970,Mycgr3G39970,unique
Mycgr3G39975,Mycgr3G39975,unique
Mycgr3G40001,Mycgr3G40001,unique
Mycgr3G40002,Mycgr3G40002,unique
Mycgr3G40021,Mycgr3G40021,unique
Mycgr3G40027,Mycgr3G40027,unique
Mycgr3G40040,Mycgr3G40040,unique
Mycgr3G40048,Mycgr3G40048,unique
Mycgr3G40054,Mycgr3G40054,unique
Mycgr3G40059,Mycgr3G40059,unique
Mycgr3G40062,Mycgr3G40062,unique
Mycgr3G40070,Mycgr3G40070,unique
Mycgr3G40090,Mycgr3G40090,unique
Mycgr3G40096,Mycgr3G40096,unique
Mycgr3G40103,Mycgr3G40103,unique
Mycgr3G40128,Mycgr3G40128,unique
Mycgr3G40139,Mycgr3G40139,unique
Mycgr3G40143,Mycgr3G40143,unique
Mycgr3G40145,Mycgr3G40145,unique
Mycgr3G40160,Mycgr3G40160,unique
Mycgr3G40170,Mycgr3G40170,unique
Mycgr3G40192,Mycgr3G40192,unique
Mycgr3G40195,Mycgr3G40195,unique
Mycgr3G40213,Mycgr3G40213,unique
Mycgr3G40215,Mycgr3G40215,unique
Mycgr3G40222,Mycgr3G40222,unique
Mycgr3G40224,Mycgr3G40224,unique
Mycgr3G40235,Mycgr3G40235,unique
Mycgr3G40264,Mycgr3G40264,unique
Mycgr3G40267,Mycgr3G40267,unique
Mycgr3G40275,Mycgr3G40275,unique
Mycgr3G40276,Mycgr3G40276,unique
Mycgr3G40296,Mycgr3G40296,unique
Mycgr3G40311,Mycgr3G40311,unique
Mycgr3G40317,Mycgr3G40317,unique
Mycgr3G40326,Mycgr3G40326,unique
Mycgr3G40340,Mycgr3G40340,unique
Mycgr3G40355,Mycgr3G40355,unique
Mycgr3G40363,Mycgr3G40363,unique
Mycgr3G40375,Mycgr3G40375,unique
Mycgr3G40386,Mycgr3G40386,unique
Mycgr3G40412,Mycgr3G40412,unique
Mycgr3G40414,Mycgr3G40414,unique
Mycgr3G40422,Mycgr3G40422,unique
Mycgr3G40428,Mycgr3G40428,unique
Mycgr3G40431,Mycgr3G40431,unique
Mycgr3G40465,Mycgr3G40465,unique
Mycgr3G40488,Mycgr3G40488,unique
Mycgr3G40497,Mycgr3G40497,unique
Mycgr3G40500,Mycgr3G40500,unique
Mycgr3G40511,Mycgr3G40511,unique
Mycgr3G40534,Mycgr3G40534,unique
Mycgr3G40549,Mycgr3G40549,unique
Mycgr3G40588,Mycgr3G40588,unique
Mycgr3G98127,Mycgr3G40631,ambiguous
Mycgr3G40642,Mycgr3G40642,unique
Mycgr3G40691,Mycgr3G40691,unique
Mycgr3G40709,Mycgr3G40709,unique
Mycgr3G40712,Mycgr3G40712,unique
Mycgr3G40713,Mycgr3G40713,unique
Mycgr3G40719,Mycgr3G40719,unique
Mycgr3G40724,Mycgr3G40724,unique
Mycgr3G40731,Mycgr3G40731,unique
Mycgr3G40740,Mycgr3G40740,unique
Mycgr3G40742,Mycgr3G40742,unique
Mycgr3G40751,Mycgr3G40751,unique
Mycgr3G40769,Mycgr3G40769,unique
Mycgr3G40773,Mycgr3G40773,unique
Mycgr3G40778,Mycgr3G40778,unique
Mycgr3G40793,Mycgr3G40793,unique
Mycgr3G40797,Mycgr3G40797,unique
Mycgr3G40830,Mycgr3G40830,unique
Mycgr3G40839,Mycgr3G40839,unique
Mycgr3G40852,Mycgr3G40852,unique
Mycgr3G40869,Mycgr3G40869,unique
Mycgr3G40891,Mycgr3G40891,unique
Mycgr3G40901,Mycgr3G40901,unique
Mycgr3G40907,Mycgr3G40907,unique
Mycgr3G40912,Mycgr3G40912,unique
Mycgr3G40933,Mycgr3G40933,unique
Mycgr3G40947,Mycgr3G40947,unique
Mycgr3G40950,Mycgr3G40950,unique
Mycgr3G40961,Mycgr3G40961,unique
Mycgr3G40997,Mycgr3G40997,unique
Mycgr3G41016,Mycgr3G41016,unique
Mycgr3G41022,Mycgr3G41022,unique
Mycgr3G41031,Mycgr3G41031,unique
Mycgr3G41032,Mycgr3G41032,unique
Mycgr3G41034,Mycgr3G41034,unique
Mycgr3G41050,Mycgr3G41050,unique
Mycgr3G41058,Mycgr3G41058,unique
Mycgr3G41072,Mycgr3G41072,unique
Mycgr3G41081,Mycgr3G41081,unique
Mycgr3G41082,Mycgr3G41082,unique
Mycgr3G41093,Mycgr3G41093,unique
Mycgr3G41102,Mycgr3G41102,unique
Mycgr3G41107,Mycgr3G41107,unique
Mycgr3G41112,Mycgr3G41112,unique
Mycgr3G41117,Mycgr3G41117,unique
Mycgr3G41120,Mycgr3G41120,unique
Mycgr3G41129,Mycgr3G41129,unique
Mycgr3G41155,Mycgr3G41155,unique
Mycgr3G41169,Mycgr3G41169,unique
Mycgr3G41178,Mycgr3G41178,unique
Mycgr3G41185,Mycgr3G41185,unique
Mycgr3G41207,Mycgr3G41207,unique
Mycgr3G41212,Mycgr3G41212,unique
Mycgr3G41214,Mycgr3G41214,unique
Mycgr3G41223,Mycgr3G41223,unique
Mycgr3G41229,Mycgr3G41229,unique
Mycgr3G41234,Mycgr3G41234,unique
Mycgr3G41235,Mycgr3G41235,unique
Mycgr3G41244,Mycgr3G41244,unique
Mycgr3G41247,Mycgr3G41247,unique
Mycgr3G41254,Mycgr3G41254,unique
Mycgr3G41259,Mycgr3G41259,unique
Mycgr3G41275,Mycgr3G41275,unique
Mycgr3G41278,Mycgr3G41278,unique
Mycgr3G41284,Mycgr3G41284,unique
Mycgr3G41304,Mycgr3G41304,unique
Mycgr3G41306,Mycgr3G41306,unique
Mycgr3G41307,Mycgr3G41307,unique
Mycgr3G41315,Mycgr3G41315,unique
Mycgr3G41318,Mycgr3G41318,unique
Mycgr3G41334,Mycgr3G41334,unique
Mycgr3G41337,Mycgr3G41337,unique
Mycgr3G41363,Mycgr3G41363,unique
Mycgr3G41375,Mycgr3G41375,unique
Mycgr3G41407,Mycgr3G41407,unique
Mycgr3G41410,Mycgr3G41410,unique
Mycgr3G41422,Mycgr3G41422,unique
Mycgr3G41426,Mycgr3G41426,unique
Mycgr3G41428,Mycgr3G41428,unique
Mycgr3G41440,Mycgr3G41440,unique
Mycgr3G41446,Mycgr3G41446,unique
Mycgr3G41449,Mycgr3G41449,unique
Mycgr3G41478,Mycgr3G41478,unique
Mycgr3G41491,Mycgr3G41491,unique
Mycgr3G41530,Mycgr3G41530,unique
Mycgr3G41533,Mycgr3G41533,unique
Mycgr3G41538,Mycgr3G41538,unique
Mycgr3G41539,Mycgr3G41539,unique
Mycgr3G41547,Mycgr3G41547,unique
Mycgr3G41555,Mycgr3G41555,unique
Mycgr3G41575,Mycgr3G41575,unique
Mycgr3G41592,Mycgr3G41592,unique
Mycgr3G41619,Mycgr3G41619,unique
Mycgr3G41625,Mycgr3G41625,unique
Mycgr3G41653,Mycgr3G41653,unique
Mycgr3G41667,Mycgr3G41667,unique
Mycgr3G41684,Mycgr3G41684,unique
Mycgr3G41694,Mycgr3G41694,unique
Mycgr3G41701,Mycgr3G41701,unique
Mycgr3G41717,Mycgr3G41717,unique
Mycgr3G41720,Mycgr3G41720,unique
Mycgr3G41743,Mycgr3G41743,unique
Mycgr3G41746,Mycgr3G41746,unique
Mycgr3G41752,Mycgr3G41752,unique
Mycgr3G41772,Mycgr3G41772,unique
Mycgr3G41798,Mycgr3G41798,unique
Mycgr3G41822,Mycgr3G41822,unique
Mycgr3G41849,Mycgr3G41849,unique
Mycgr3G41851,Mycgr3G41851,unique
Mycgr3G41853,Mycgr3G41853,unique
Mycgr3G41865,Mycgr3G41865,unique
Mycgr3G41893,Mycgr3G41893,unique
Mycgr3G41898,Mycgr3G41898,unique
Mycgr3G41900,Mycgr3G41900,unique
Mycgr3G41913,Mycgr3G41913,unique
Mycgr3G98127,Mycgr3G41925,ambiguous
Mycgr3G41948,Mycgr3G41948,unique
Mycgr3G41967,Mycgr3G41967,unique
Mycgr3G41969,Mycgr3G41969,unique
Mycgr3G41987,Mycgr3G41987,unique
Mycgr3G42010,Mycgr3G42010,unique
Mycgr3G42015,Mycgr3G42015,unique
Mycgr3G42027,Mycgr3G42027,unique
Mycgr3G42031,Mycgr3G42031,unique
Mycgr3G42036,Mycgr3G42036,unique
Mycgr3G42049,Mycgr3G42049,unique
Mycgr3G42054,Mycgr3G42054,unique
Mycgr3G42063,Mycgr3G42063,unique
Mycgr3G42064,Mycgr3G42064,unique
Mycgr3G42092,Mycgr3G42092,unique
Mycgr3G42130,Mycgr3G42130,unique
Mycgr3G42143,Mycgr3G42143,unique
Mycgr3G42164,Mycgr3G42164,unique
Mycgr3G42167,Mycgr3G42167,unique
Mycgr3G42169,Mycgr3G42169,unique
Mycgr3G42170,Mycgr3G42170,unique
Mycgr3G42182,Mycgr3G42182,unique
Mycgr3G42189,Mycgr3G42189,unique
Mycgr3G42194,Mycgr3G42194,unique
Mycgr3G42222,Mycgr3G42222,unique
Mycgr3G42243,Mycgr3G42243,unique
Mycgr3G42258,Mycgr3G42258,unique
Mycgr3G42271,Mycgr3G42271,unique
Mycgr3G42292,Mycgr3G42292,unique
Mycgr3G42293,Mycgr3G42293,unique
Mycgr3G42301,Mycgr3G42301,unique
Mycgr3G42323,Mycgr3G42323,unique
Mycgr3G42327,Mycgr3G42327,unique
Mycgr3G42328,Mycgr3G42328,unique
Mycgr3G42338,Mycgr3G42338,unique
Mycgr3G42345,Mycgr3G42345,unique
Mycgr3G42346,Mycgr3G42346,unique
Mycgr3G42369,Mycgr3G42369,unique
Mycgr3G42373,Mycgr3G42373,unique
Mycgr3G42381,Mycgr3G42381,unique
Mycgr3G42395,Mycgr3G42395,unique
Mycgr3G42401,Mycgr3G42401,unique
Mycgr3G42411,Mycgr3G42411,unique
Mycgr3G42422,Mycgr3G42422,unique
Mycgr3G42471,Mycgr3G42471,unique
Mycgr3G42477,Mycgr3G42477,unique
Mycgr3G42493,Mycgr3G42493,unique
Mycgr3G42499,Mycgr3G42499,unique
Mycgr3G42503,Mycgr3G42503,unique
Mycgr3G42542,Mycgr3G42542,unique
Mycgr3G42543,Mycgr3G42543,unique
Mycgr3G42544,Mycgr3G42544,unique
Mycgr3G42620,Mycgr3G42620,unique
Mycgr3G42623,Mycgr3G42623,unique
Mycgr3G42625,Mycgr3G42625,unique
Mycgr3G42628,Mycgr3G42628,unique
Mycgr3G42647,Mycgr3G42647,unique
Mycgr3G42649,Mycgr3G42649,unique
Mycgr3G42681,Mycgr3G42681,unique
Mycgr3G42685,Mycgr3G42685,unique
Mycgr3G42691,Mycgr3G42691,unique
Mycgr3G42698,Mycgr3G42698,unique
Mycgr3G42709,Mycgr3G42709,unique
Mycgr3G42715,Mycgr3G42715,unique
Mycgr3G42719,Mycgr3G42719,unique
Mycgr3G42726,Mycgr3G42726,unique
Mycgr3G42731,Mycgr3G42731,unique
Mycgr3G42777,Mycgr3G42777,unique
Mycgr3G42788,Mycgr3G42788,unique
Mycgr3G42793,Mycgr3G42793,unique
Mycgr3G42801,Mycgr3G42801,unique
Mycgr3G42806,Mycgr3G42806,unique
Mycgr3G42817,Mycgr3G42817,unique
Mycgr3G42841,Mycgr3G42841,unique
Mycgr3G42849,Mycgr3G42849,unique
Mycgr3G42864,Mycgr3G42864,unique
Mycgr3G42881,Mycgr3G42881,unique
Mycgr3G42884,Mycgr3G42884,unique
Mycgr3G42895,Mycgr3G42895,unique
Mycgr3G42896,Mycgr3G42896,unique
Mycgr3G42932,Mycgr3G42932,unique
Mycgr3G42966,Mycgr3G42966,unique
Mycgr3G42977,Mycgr3G42977,unique
Mycgr3G42989,Mycgr3G42989,unique
Mycgr3G42990,Mycgr3G42990,unique
Mycgr3G43017,Mycgr3G43017,unique
Mycgr3G43038,Mycgr3G43038,unique
Mycgr3G43039,Mycgr3G43039,unique
Mycgr3G43052,Mycgr3G43052,unique
Mycgr3G98127,Mycgr3G43059,ambiguous
Mycgr3G43074,Mycgr3G43074,unique
Mycgr3G43083,Mycgr3G43083,unique
Mycgr3G43103,Mycgr3G43103,unique
Mycgr3G43109,Mycgr3G43109,unique
Mycgr3G43113,Mycgr3G43113,unique
Mycgr3G43124,Mycgr3G43124,unique
Mycgr3G43138,Mycgr3G43138,unique
Mycgr3G43161,Mycgr3G43161,unique
Mycgr3G43167,Mycgr3G43167,unique
Mycgr3G43176,Mycgr3G43176,unique
Mycgr3G43194,Mycgr3G43194,unique
Mycgr3G43197,Mycgr3G43197,unique
Mycgr3G43207,Mycgr3G43207,unique
Mycgr3G43227,Mycgr3G43227,unique
Mycgr3G43263,Mycgr3G43263,unique
Mycgr3G43283,Mycgr3G43283,unique
Mycgr3G43288,Mycgr3G43288,unique
Mycgr3G43295,Mycgr3G43295,unique
Mycgr3G43297,Mycgr3G43297,unique
Mycgr3G43300,Mycgr3G43300,unique
Mycgr3G43304,Mycgr3G43304,unique
Mycgr3G43305,Mycgr3G43305,unique
Mycgr3G43318,Mycgr3G43318,unique
Mycgr3G43323,Mycgr3G43323,unique
Mycgr3G43325,Mycgr3G43325,unique
Mycgr3G43335,Mycgr3G43335,unique
Mycgr3G43351,Mycgr3G43351,unique
Mycgr3G43374,Mycgr3G43374,unique
Mycgr3G43383,Mycgr3G43383,unique
Mycgr3G43384,Mycgr3G43384,unique
Mycgr3G43389,Mycgr3G43389,unique
Mycgr3G43394,Mycgr3G43394,unique
Mycgr3G43397,Mycgr3G43397,unique
Mycgr3G43399,Mycgr3G43399,unique
Mycgr3G43403,Mycgr3G43403,unique
Mycgr3G43418,Mycgr3G43418,unique
Mycgr3G43420,Mycgr3G43420,unique
Mycgr3G98127,Mycgr3G43444,ambiguous
Mycgr3G43455,Mycgr3G43455,unique
Mycgr3G43457,Mycgr3G43457,unique
Mycgr3G43467,Mycgr3G43467,unique
Mycgr3G43480,Mycgr3G43480,unique
Mycgr3G43486,Mycgr3G43486,unique
Mycgr3G43487,Mycgr3G43487,unique
Mycgr3G43499,Mycgr3G43499,unique
Mycgr3G43504,Mycgr3G43504,unique
Mycgr3G43511,Mycgr3G43511,unique
Mycgr3G43512,Mycgr3G43512,unique
Mycgr3G43514,Mycgr3G43514,unique
Mycgr3G43539,Mycgr3G43539,unique
Mycgr3G43548,Mycgr3G43548,unique
Mycgr3G43561,Mycgr3G43561,unique
Mycgr3G43565,Mycgr3G43565,unique
Mycgr3G43578,Mycgr3G43578,unique
Mycgr3G43592,Mycgr3G43592,unique
Mycgr3G43593,Mycgr3G43593,unique
Mycgr3G43638,Mycgr3G43638,unique
Mycgr3G43642,Mycgr3G43642,unique
Mycgr3G43643,Mycgr3G43643,unique
Mycgr3G43667,Mycgr3G43667,unique
Mycgr3G43706,Mycgr3G43706,unique
Mycgr3G43729,Mycgr3G43729,unique
Mycgr3G43740,Mycgr3G43740,unique
Mycgr3G43752,Mycgr3G43752,unique
Mycgr3G43763,Mycgr3G43763,unique
Mycgr3G43769,Mycgr3G43769,unique
Mycgr3G43786,Mycgr3G43786,unique
Mycgr3G43793,Mycgr3G43793,unique
Mycgr3G43805,Mycgr3G43805,unique
Mycgr3G43806,Mycgr3G43806,unique
Mycgr3G43817,Mycgr3G43817,unique
Mycgr3G43818,Mycgr3G43818,unique
Mycgr3G43828,Mycgr3G43828,unique
Mycgr3G43835,Mycgr3G43835,unique
Mycgr3G43851,Mycgr3G43851,unique
Mycgr3G43883,Mycgr3G43883,unique
Mycgr3G43901,Mycgr3G43901,unique
Mycgr3G43902,Mycgr3G43902,unique
Mycgr3G43910,Mycgr3G43910,unique
Mycgr3G43911,Mycgr3G43911,unique
Mycgr3G43916,Mycgr3G43916,unique
Mycgr3G43919,Mycgr3G43919,unique
Mycgr3G43922,Mycgr3G43922,unique
Mycgr3G98127,Mycgr3G43924,ambiguous
Mycgr3G98127,Mycgr3G43925,ambiguous
Mycgr3G43945,Mycgr3G43945,unique
Mycgr3G43961,Mycgr3G43961,unique
Mycgr3G43963,Mycgr3G43963,unique
Mycgr3G43977,Mycgr3G43977,unique
Mycgr3G43980,Mycgr3G43980,unique
Mycgr3G43998,Mycgr3G43998,unique
Mycgr3G98127,Mycgr3G44003,ambiguous
Mycgr3G44007,Mycgr3G44007,unique
Mycgr3G44011,Mycgr3G44011,unique
Mycgr3G44018,Mycgr3G44018,unique
Mycgr3G44026,Mycgr3G44026,unique
Mycgr3G44078,Mycgr3G44078,unique
Mycgr3G44079,Mycgr3G44079,unique
Mycgr3G44086,Mycgr3G44086,unique
Mycgr3G44089,Mycgr3G44089,unique
Mycgr3G44136,Mycgr3G44136,unique
Mycgr3G44154,Mycgr3G44154,unique
Mycgr3G44182,Mycgr3G44182,unique
Mycgr3G44183,Mycgr3G44183,unique
Mycgr3G98127,Mycgr3G44189,ambiguous
Mycgr3G44190,Mycgr3G44190,unique
Mycgr3G44206,Mycgr3G44206,unique
Mycgr3G44207,Mycgr3G44207,unique
Mycgr3G44213,Mycgr3G44213,unique
Mycgr3G44229,Mycgr3G44229,unique
Mycgr3G98127,Mycgr3G44244,ambiguous
Mycgr3G44247,Mycgr3G44247,unique
Mycgr3G44256,Mycgr3G44256,unique
Mycgr3G44260,Mycgr3G44260,unique
Mycgr3G44262,Mycgr3G44262,unique
Mycgr3G44273,Mycgr3G44273,unique
Mycgr3G44286,Mycgr3G44286,unique
Mycgr3G44313,Mycgr3G44313,unique
Mycgr3G44318,Mycgr3G44318,unique
Mycgr3G44322,Mycgr3G44322,unique
Mycgr3G44328,Mycgr3G44328,unique
Mycgr3G44362,Mycgr3G44362,unique
Mycgr3G44375,Mycgr3G44375,unique
Mycgr3G44386,Mycgr3G44386,unique
Mycgr3G44387,Mycgr3G44387,unique
Mycgr3G44402,Mycgr3G44402,unique
Mycgr3G98127,Mycgr3G44411,ambiguous
Mycgr3G44439,Mycgr3G44439,unique
Mycgr3G44444,Mycgr3G44444,unique
Mycgr3G44448,Mycgr3G44448,unique
Mycgr3G44453,Mycgr3G44453,unique
Mycgr3G44455,Mycgr3G44455,unique
Mycgr3G44495,Mycgr3G44495,unique
Mycgr3G44498,Mycgr3G44498,unique
Mycgr3G44504,Mycgr3G44504,unique
Mycgr3G44515,Mycgr3G44515,unique
Mycgr3G44516,Mycgr3G44516,unique
Mycgr3G44529,Mycgr3G44529,unique
Mycgr3G44531,Mycgr3G44531,unique
Mycgr3G44536,Mycgr3G44536,unique
Mycgr3G44538,Mycgr3G44538,unique
Mycgr3G44586,Mycgr3G44586,unique
Mycgr3G44587,Mycgr3G44587,unique
Mycgr3G44591,Mycgr3G44591,unique
Mycgr3G44596,Mycgr3G44596,unique
Mycgr3G44609,Mycgr3G44609,unique
Mycgr3G44611,Mycgr3G44611,unique
Mycgr3G44624,Mycgr3G44624,unique
Mycgr3G44640,Mycgr3G44640,unique
Mycgr3G44641,Mycgr3G44641,unique
Mycgr3G44692,Mycgr3G44692,unique
Mycgr3G44713,Mycgr3G44713,unique
Mycgr3G44746,Mycgr3G44746,unique
Mycgr3G98127,Mycgr3G44748,ambiguous
Mycgr3G44760,Mycgr3G44760,unique
Mycgr3G44761,Mycgr3G44761,unique
Mycgr3G44780,Mycgr3G44780,unique
Mycgr3G44781,Mycgr3G44781,unique
Mycgr3G44786,Mycgr3G44786,unique
Mycgr3G44796,Mycgr3G44796,unique
Mycgr3G44817,Mycgr3G44817,unique
Mycgr3G44834,Mycgr3G44834,unique
Mycgr3G44863,Mycgr3G44863,unique
Mycgr3G44869,Mycgr3G44869,unique
Mycgr3G44905,Mycgr3G44905,unique
Mycgr3G44908,Mycgr3G44908,unique
Mycgr3G44913,Mycgr3G44913,unique
Mycgr3G44916,Mycgr3G44916,unique
Mycgr3G44922,Mycgr3G44922,unique
Mycgr3G44943,Mycgr3G44943,unique
Mycgr3G44946,Mycgr3G44946,unique
Mycgr3G44947,Mycgr3G44947,unique
Mycgr3G44955,Mycgr3G44955,unique
Mycgr3G44959,Mycgr3G44959,unique
Mycgr3G44975,Mycgr3G44975,unique
Mycgr3G44978,Mycgr3G44978,unique
Mycgr3G44980,Mycgr3G44980,unique
Mycgr3G44997,Mycgr3G44997,unique
Mycgr3G45000,Mycgr3G45000,unique
Mycgr3G45051,Mycgr3G45051,unique
Mycgr3G45066,Mycgr3G45066,unique
Mycgr3G45088,Mycgr3G45088,unique
Mycgr3G45102,Mycgr3G45102,unique
Mycgr3G45115,Mycgr3G45115,unique
Mycgr3G45120,Mycgr3G45120,unique
Mycgr3G45128,Mycgr3G45128,unique
Mycgr3G45149,Mycgr3G45149,unique
Mycgr3G45154,Mycgr3G45154,unique
Mycgr3G45160,Mycgr3G45160,unique
Mycgr3G45182,Mycgr3G45182,unique
Mycgr3G45185,Mycgr3G45185,unique
Mycgr3G45188,Mycgr3G45188,unique
Mycgr3G45195,Mycgr3G45195,unique
Mycgr3G45196,Mycgr3G45196,unique
Mycgr3G45223,Mycgr3G45223,unique
Mycgr3G45226,Mycgr3G45226,unique
Mycgr3G45243,Mycgr3G45243,unique
Mycgr3G45248,Mycgr3G45248,unique
Mycgr3G45253,Mycgr3G45253,unique
Mycgr3G45256,Mycgr3G45256,unique
Mycgr3G98127,Mycgr3G45271,ambiguous
Mycgr3G45273,Mycgr3G45273,unique
Mycgr3G45280,Mycgr3G45280,unique
Mycgr3G45332,Mycgr3G45332,unique
Mycgr3G45334,Mycgr3G45334,unique
Mycgr3G45343,Mycgr3G45343,unique
Mycgr3G45348,Mycgr3G45348,unique
Mycgr3G45358,Mycgr3G45358,unique
Mycgr3G45386,Mycgr3G45386,unique
Mycgr3G45389,Mycgr3G45389,unique
Mycgr3G45390,Mycgr3G45390,unique
Mycgr3G45394,Mycgr3G45394,unique
Mycgr3G45396,Mycgr3G45396,unique
Mycgr3G45397,Mycgr3G45397,unique
Mycgr3G98127,Mycgr3G45399,ambiguous
Mycgr3G45401,Mycgr3G45401,unique
Mycgr3G45413,Mycgr3G45413,unique
Mycgr3G45446,Mycgr3G45446,unique
Mycgr3G45453,Mycgr3G45453,unique
Mycgr3G45465,Mycgr3G45465,unique
Mycgr3G45479,Mycgr3G45479,unique
Mycgr3G45483,Mycgr3G45483,unique
Mycgr3G45489,Mycgr3G45489,unique
Mycgr3G45504,Mycgr3G45504,unique
Mycgr3G45521,Mycgr3G45521,unique
Mycgr3G45524,Mycgr3G45524,unique
Mycgr3G45539,Mycgr3G45539,unique
Mycgr3G45540,Mycgr3G45540,unique
Mycgr3G45542,Mycgr3G45542,unique
Mycgr3G45546,Mycgr3G45546,unique
Mycgr3G45550,Mycgr3G45550,unique
Mycgr3G98127,Mycgr3G45551,ambiguous
Mycgr3G45561,Mycgr3G45561,unique
Mycgr3G45585,Mycgr3G45585,unique
Mycgr3G45599,Mycgr3G45599,unique
Mycgr3G45610,Mycgr3G45610,unique
Mycgr3G45613,Mycgr3G45613,unique
Mycgr3G45617,Mycgr3G45617,unique
Mycgr3G45618,Mycgr3G45618,unique
Mycgr3G45624,Mycgr3G45624,unique
Mycgr3G45630,Mycgr3G45630,unique
Mycgr3G45634,Mycgr3G45634,unique
Mycgr3G45640,Mycgr3G45640,unique
Mycgr3G45644,Mycgr3G45644,unique
Mycgr3G45652,Mycgr3G45652,unique
Mycgr3G45675,Mycgr3G45675,unique
Mycgr3G45687,Mycgr3G45687,unique
Mycgr3G45693,Mycgr3G45693,unique
Mycgr3G45705,Mycgr3G45705,unique
Mycgr3G45707,Mycgr3G45707,unique
Mycgr3G45713,Mycgr3G45713,unique
Mycgr3G45721,Mycgr3G45721,unique
Mycgr3G45731,Mycgr3G45731,unique
Mycgr3G45759,Mycgr3G45759,unique
Mycgr3G45761,Mycgr3G45761,unique
Mycgr3G45762,Mycgr3G45762,unique
Mycgr3G45767,Mycgr3G45767,unique
Mycgr3G45798,Mycgr3G45798,unique
Mycgr3G45818,Mycgr3G45818,unique
Mycgr3G45857,Mycgr3G45857,unique
Mycgr3G45881,Mycgr3G45881,unique
Mycgr3G45905,Mycgr3G45905,unique
Mycgr3G45907,Mycgr3G45907,unique
Mycgr3G98127,Mycgr3G45910,ambiguous
Mycgr3G45946,Mycgr3G45946,unique
Mycgr3G45952,Mycgr3G45952,unique
Mycgr3G45968,Mycgr3G45968,unique
Mycgr3G45976,Mycgr3G45976,unique
Mycgr3G45983,Mycgr3G45983,unique
Mycgr3G45998,Mycgr3G45998,unique
Mycgr3G46008,Mycgr3G46008,unique
Mycgr3G46015,Mycgr3G46015,unique
Mycgr3G46025,Mycgr3G46025,unique
Mycgr3G46026,Mycgr3G46026,unique
Mycgr3G46098,Mycgr3G46098,unique
Mycgr3G46105,Mycgr3G46105,unique
Mycgr3G98127,Mycgr3G46150,ambiguous
Mycgr3G46160,Mycgr3G46160,unique
Mycgr3G46212,Mycgr3G46212,unique
Mycgr3G46230,Mycgr3G46230,unique
Mycgr3G46238,Mycgr3G46238,unique
Mycgr3G46243,Mycgr3G46243,unique
Mycgr3G46254,Mycgr3G46254,unique
Mycgr3G46255,Mycgr3G46255,unique
Mycgr3G46257,Mycgr3G46257,unique
Mycgr3G46259,Mycgr3G46259,unique
Mycgr3G46264,Mycgr3G46264,unique
Mycgr3G46265,Mycgr3G46265,unique
Mycgr3G46275,Mycgr3G46275,unique
Mycgr3G46276,Mycgr3G46276,unique
Mycgr3G46277,Mycgr3G46277,unique
Mycgr3G46279,Mycgr3G46279,unique
Mycgr3G46281,Mycgr3G46281,unique
Mycgr3G46301,Mycgr3G46301,unique
Mycgr3G46302,Mycgr3G46302,unique
Mycgr3G46304,Mycgr3G46304,unique
Mycgr3G46348,Mycgr3G46348,unique
Mycgr3G46360,Mycgr3G46360,unique
Mycgr3G46366,Mycgr3G46366,unique
Mycgr3G46371,Mycgr3G46371,unique
Mycgr3G46372,Mycgr3G46372,unique
Mycgr3G46378,Mycgr3G46378,unique
Mycgr3G46384,Mycgr3G46384,unique
Mycgr3G46388,Mycgr3G46388,unique
Mycgr3G46396,Mycgr3G46396,unique
Mycgr3G46398,Mycgr3G46398,unique
Mycgr3G46412,Mycgr3G46412,unique
Mycgr3G46421,Mycgr3G46421,unique
Mycgr3G46430,Mycgr3G46430,unique
Mycgr3G46438,Mycgr3G46438,unique
Mycgr3G46444,Mycgr3G46444,unique
Mycgr3G46450,Mycgr3G46450,unique
Mycgr3G98127,Mycgr3G46467,ambiguous
Mycgr3G46530,Mycgr3G46530,unique
Mycgr3G46537,Mycgr3G46537,unique
Mycgr3G46572,Mycgr3G46572,unique
Mycgr3G46584,Mycgr3G46584,unique
Mycgr3G46601,Mycgr3G46601,unique
Mycgr3G46610,Mycgr3G46610,unique
Mycgr3G46623,Mycgr3G46623,unique
Mycgr3G46630,Mycgr3G46630,unique
Mycgr3G46633,Mycgr3G46633,unique
Mycgr3G46635,Mycgr3G46635,unique
Mycgr3G46643,Mycgr3G46643,unique
Mycgr3G46654,Mycgr3G46654,unique
Mycgr3G46697,Mycgr3G46697,unique
Mycgr3G46710,Mycgr3G46710,unique
Mycgr3G46743,Mycgr3G46743,unique
Mycgr3G46756,Mycgr3G46756,unique
Mycgr3G46779,Mycgr3G46779,unique
Mycgr3G46807,Mycgr3G46807,unique
Mycgr3G46813,Mycgr3G46813,unique
Mycgr3G46814,Mycgr3G46814,unique
Mycgr3G98127,Mycgr3G46817,ambiguous
Mycgr3G46828,Mycgr3G46828,unique
Mycgr3G46840,Mycgr3G46840,unique
Mycgr3G46865,Mycgr3G46865,unique
Mycgr3G46866,Mycgr3G46866,unique
Mycgr3G46868,Mycgr3G46868,unique
Mycgr3G46880,Mycgr3G46880,unique
Mycgr3G46885,Mycgr3G46885,unique
Mycgr3G46900,Mycgr3G46900,unique
Mycgr3G46919,Mycgr3G46919,unique
Mycgr3G46922,Mycgr3G46922,unique
Mycgr3G46937,Mycgr3G46937,unique
Mycgr3G46939,Mycgr3G46939,unique
Mycgr3G46949,Mycgr3G46949,unique
Mycgr3G46950,Mycgr3G46950,unique
Mycgr3G46957,Mycgr3G46957,unique
Mycgr3G46958,Mycgr3G46958,unique
Mycgr3G46959,Mycgr3G46959,unique
Mycgr3G46995,Mycgr3G46995,unique
Mycgr3G47014,Mycgr3G47014,unique
Mycgr3G47026,Mycgr3G47026,unique
Mycgr3G47036,Mycgr3G47036,unique
Mycgr3G47042,Mycgr3G47042,unique
Mycgr3G47046,Mycgr3G47046,unique
Mycgr3G47050,Mycgr3G47050,unique
Mycgr3G47065,Mycgr3G47065,unique
Mycgr3G47069,Mycgr3G47069,unique
Mycgr3G47075,Mycgr3G47075,unique
Mycgr3G47092,Mycgr3G47092,unique
Mycgr3G47097,Mycgr3G47097,unique
Mycgr3G47106,Mycgr3G47106,unique
Mycgr3G47107,Mycgr3G47107,unique
Mycgr3G47115,Mycgr3G47115,unique
Mycgr3G47119,Mycgr3G47119,unique
Mycgr3G47131,Mycgr3G47131,unique
Mycgr3G47142,Mycgr3G47142,unique
Mycgr3G47143,Mycgr3G47143,unique
Mycgr3G47151,Mycgr3G47151,unique
Mycgr3G47168,Mycgr3G47168,unique
Mycgr3G47177,Mycgr3G47177,unique
Mycgr3G47196,Mycgr3G47196,unique
Mycgr3G47206,Mycgr3G47206,unique
Mycgr3G47207,Mycgr3G47207,unique
Mycgr3G47221,Mycgr3G47221,unique
Mycgr3G47222,Mycgr3G47222,unique
Mycgr3G47228,Mycgr3G47228,unique
Mycgr3G47232,Mycgr3G47232,unique
Mycgr3G47254,Mycgr3G47254,unique
Mycgr3G47262,Mycgr3G47262,unique
Mycgr3G47266,Mycgr3G47266,unique
Mycgr3G47312,Mycgr3G47312,unique
Mycgr3G47340,Mycgr3G47340,unique
Mycgr3G47382,Mycgr3G47382,unique
Mycgr3G47386,Mycgr3G47386,unique
Mycgr3G47390,Mycgr3G47390,unique
Mycgr3G47392,Mycgr3G47392,unique
Mycgr3G47396,Mycgr3G47396,unique
Mycgr3G47406,Mycgr3G47406,unique
Mycgr3G47408,Mycgr3G47408,unique
Mycgr3G47411,Mycgr3G47411,unique
Mycgr3G47419,Mycgr3G47419,unique
Mycgr3G47462,Mycgr3G47462,unique
Mycgr3G47480,Mycgr3G47480,unique
Mycgr3G47489,Mycgr3G47489,unique
Mycgr3G47503,Mycgr3G47503,unique
Mycgr3G47506,Mycgr3G47506,unique
Mycgr3G47510,Mycgr3G47510,unique
Mycgr3G47511,Mycgr3G47511,unique
Mycgr3G47515,Mycgr3G47515,unique
Mycgr3G47525,Mycgr3G47525,unique
Mycgr3G47526,Mycgr3G47526,unique
Mycgr3G47531,Mycgr3G47531,unique
Mycgr3G47544,Mycgr3G47544,unique
Mycgr3G47547,Mycgr3G47547,unique
Mycgr3G47551,Mycgr3G47551,unique
Mycgr3G47567,Mycgr3G47567,unique
Mycgr3G47571,Mycgr3G47571,unique
Mycgr3G47581,Mycgr3G47581,unique
Mycgr3G47591,Mycgr3G47591,unique
Mycgr3G47599,Mycgr3G47599,unique
Mycgr3G47603,Mycgr3G47603,unique
Mycgr3G47614,Mycgr3G47614,unique
Mycgr3G47621,Mycgr3G47621,unique
Mycgr3G47627,Mycgr3G47627,unique
Mycgr3G47646,Mycgr3G47646,unique
Mycgr3G47647,Mycgr3G47647,unique
Mycgr3G47656,Mycgr3G47656,unique
Mycgr3G47666,Mycgr3G47666,unique
Mycgr3G47688,Mycgr3G47688,unique
Mycgr3G47713,Mycgr3G47713,unique
Mycgr3G47732,Mycgr3G47732,unique
Mycgr3G47735,Mycgr3G47735,unique
Mycgr3G47736,Mycgr3G47736,unique
Mycgr3G47751,Mycgr3G47751,unique
Mycgr3G47757,Mycgr3G47757,unique
Mycgr3G47771,Mycgr3G47771,unique
Mycgr3G47776,Mycgr3G47776,unique
Mycgr3G47787,Mycgr3G47787,unique
Mycgr3G47797,Mycgr3G47797,unique
Mycgr3G47832,Mycgr3G47832,unique
Mycgr3G47838,Mycgr3G47838,unique
Mycgr3G47846,Mycgr3G47846,unique
Mycgr3G47858,Mycgr3G47858,unique
Mycgr3G47873,Mycgr3G47873,unique
Mycgr3G47874,Mycgr3G47874,unique
Mycgr3G47875,Mycgr3G47875,unique
Mycgr3G47899,Mycgr3G47899,unique
Mycgr3G47912,Mycgr3G47912,unique
Mycgr3G47917,Mycgr3G47917,unique
Mycgr3G47929,Mycgr3G47929,unique
Mycgr3G47930,Mycgr3G47930,unique
Mycgr3G47934,Mycgr3G47934,unique
Mycgr3G47943,Mycgr3G47943,unique
Mycgr3G47956,Mycgr3G47956,unique
Mycgr3G47972,Mycgr3G47972,unique
Mycgr3G47978,Mycgr3G47978,unique
Mycgr3G47983,Mycgr3G47983,unique
Mycgr3G47989,Mycgr3G47989,unique
Mycgr3G47991,Mycgr3G47991,unique
Mycgr3G48009,Mycgr3G48009,unique
Mycgr3G48013,Mycgr3G48013,unique
Mycgr3G48051,Mycgr3G48051,unique
Mycgr3G48057,Mycgr3G48057,unique
Mycgr3G48067,Mycgr3G48067,unique
Mycgr3G48084,Mycgr3G48084,unique
Mycgr3G48113,Mycgr3G48113,unique
Mycgr3G48122,Mycgr3G48122,unique
Mycgr3G48124,Mycgr3G48124,unique
Mycgr3G48129,Mycgr3G48129,unique
Mycgr3G48130,Mycgr3G48130,unique
Mycgr3G48145,Mycgr3G48145,unique
Mycgr3G48162,Mycgr3G48162,unique
Mycgr3G48164,Mycgr3G48164,unique
Mycgr3G48167,Mycgr3G48167,unique
Mycgr3G48195,Mycgr3G48195,unique
Mycgr3G48212,Mycgr3G48212,unique
Mycgr3G48216,Mycgr3G48216,unique
Mycgr3G48224,Mycgr3G48224,unique
Mycgr3G48237,Mycgr3G48237,unique
Mycgr3G48243,Mycgr3G48243,unique
Mycgr3G48260,Mycgr3G48260,unique
Mycgr3G48269,Mycgr3G48269,unique
Mycgr3G48290,Mycgr3G48290,unique
Mycgr3G48308,Mycgr3G48308,unique
Mycgr3G48316,Mycgr3G48316,unique
Mycgr3G48331,Mycgr3G48331,unique
Mycgr3G48345,Mycgr3G48345,unique
Mycgr3G48347,Mycgr3G48347,unique
Mycgr3G48350,Mycgr3G48350,unique
Mycgr3G48353,Mycgr3G48353,unique
Mycgr3G48355,Mycgr3G48355,unique
Mycgr3G48377,Mycgr3G48377,unique
Mycgr3G48386,Mycgr3G48386,unique
Mycgr3G48390,Mycgr3G48390,unique
Mycgr3G48401,Mycgr3G48401,unique
Mycgr3G48403,Mycgr3G48403,unique
Mycgr3G48415,Mycgr3G48415,unique
Mycgr3G48419,Mycgr3G48419,unique
Mycgr3G48420,Mycgr3G48420,unique
Mycgr3G48437,Mycgr3G48437,unique
Mycgr3G48449,Mycgr3G48449,unique
Mycgr3G48453,Mycgr3G48453,unique
Mycgr3G48508,Mycgr3G48508,unique
Mycgr3G48514,Mycgr3G48514,unique
Mycgr3G48515,Mycgr3G48515,unique
Mycgr3G48516,Mycgr3G48516,unique
Mycgr3G48517,Mycgr3G48517,unique
Mycgr3G48520,Mycgr3G48520,unique
Mycgr3G48527,Mycgr3G48527,unique
Mycgr3G48531,Mycgr3G48531,unique
Mycgr3G98127,Mycgr3G48544,ambiguous
Mycgr3G48553,Mycgr3G48553,unique
Mycgr3G48576,Mycgr3G48576,unique
Mycgr3G48587,Mycgr3G48587,unique
Mycgr3G48590,Mycgr3G48590,unique
Mycgr3G48593,Mycgr3G48593,unique
Mycgr3G48601,Mycgr3G48601,unique
Mycgr3G48604,Mycgr3G48604,unique
Mycgr3G48631,Mycgr3G48631,unique
Mycgr3G48650,Mycgr3G48650,unique
Mycgr3G48668,Mycgr3G48668,unique
Mycgr3G48687,Mycgr3G48687,unique
Mycgr3G48689,Mycgr3G48689,unique
Mycgr3G48694,Mycgr3G48694,unique
Mycgr3G48696,Mycgr3G48696,unique
Mycgr3G48706,Mycgr3G48706,unique
Mycgr3G48728,Mycgr3G48728,unique
Mycgr3G48745,Mycgr3G48745,unique
Mycgr3G48752,Mycgr3G48752,unique
Mycgr3G48763,Mycgr3G48763,unique
Mycgr3G48764,Mycgr3G48764,unique
Mycgr3G48782,Mycgr3G48782,unique
Mycgr3G48791,Mycgr3G48791,unique
Mycgr3G48794,Mycgr3G48794,unique
Mycgr3G48799,Mycgr3G48799,unique
Mycgr3G48801,Mycgr3G48801,unique
Mycgr3G48810,Mycgr3G48810,unique
Mycgr3G48819,Mycgr3G48819,unique
Mycgr3G48833,Mycgr3G48833,unique
Mycgr3G48841,Mycgr3G48841,unique
Mycgr3G48846,Mycgr3G48846,unique
Mycgr3G48855,Mycgr3G48855,unique
Mycgr3G48873,Mycgr3G48873,unique
Mycgr3G48880,Mycgr3G48880,unique
Mycgr3G48882,Mycgr3G48882,unique
Mycgr3G48895,Mycgr3G48895,unique
Mycgr3G48904,Mycgr3G48904,unique
Mycgr3G48921,Mycgr3G48921,unique
Mycgr3G48935,Mycgr3G48935,unique
Mycgr3G48936,Mycgr3G48936,unique
Mycgr3G48965,Mycgr3G48965,unique
Mycgr3G48997,Mycgr3G48997,unique
Mycgr3G48999,Mycgr3G48999,unique
Mycgr3G49004,Mycgr3G49004,unique
Mycgr3G49006,Mycgr3G49006,unique
Mycgr3G49038,Mycgr3G49038,unique
Mycgr3G49044,Mycgr3G49044,unique
Mycgr3G49046,Mycgr3G49046,unique
Mycgr3G49054,Mycgr3G49054,unique
Mycgr3G49090,Mycgr3G49090,unique
Mycgr3G49121,Mycgr3G49121,unique
Mycgr3G49129,Mycgr3G49129,unique
Mycgr3G49141,Mycgr3G49141,unique
Mycgr3G49158,Mycgr3G49158,unique
Mycgr3G49166,Mycgr3G49166,unique
Mycgr3G49175,Mycgr3G49175,unique
Mycgr3G49178,Mycgr3G49178,unique
Mycgr3G49181,Mycgr3G49181,unique
Mycgr3G49187,Mycgr3G49187,unique
Mycgr3G49195,Mycgr3G49195,unique
Mycgr3G49226,Mycgr3G49226,unique
Mycgr3G49251,Mycgr3G49251,unique
Mycgr3G49256,Mycgr3G49256,unique
Mycgr3G49266,Mycgr3G49266,unique
Mycgr3G49268,Mycgr3G49268,unique
Mycgr3G49284,Mycgr3G49284,unique
Mycgr3G49293,Mycgr3G49293,unique
Mycgr3G49312,Mycgr3G49312,unique
Mycgr3G49322,Mycgr3G49322,unique
Mycgr3G49350,Mycgr3G49350,unique
Mycgr3G49421,Mycgr3G49421,unique
Mycgr3G49444,Mycgr3G49444,unique
Mycgr3G49453,Mycgr3G49453,unique
Mycgr3G49475,Mycgr3G49475,unique
Mycgr3G49497,Mycgr3G49497,unique
Mycgr3G49510,Mycgr3G49510,unique
Mycgr3G49528,Mycgr3G49528,unique
Mycgr3G49536,Mycgr3G49536,unique
Mycgr3G49555,Mycgr3G49555,unique
Mycgr3G49571,Mycgr3G49571,unique
Mycgr3G49574,Mycgr3G49574,unique
Mycgr3G49575,Mycgr3G49575,unique
Mycgr3G49587,Mycgr3G49587,unique
Mycgr3G49589,Mycgr3G49589,unique
Mycgr3G49613,Mycgr3G49613,unique
Mycgr3G49617,Mycgr3G49617,unique
Mycgr3G49627,Mycgr3G49627,unique
Mycgr3G49688,Mycgr3G49688,unique
Mycgr3G49696,Mycgr3G49696,unique
Mycgr3G49704,Mycgr3G49704,unique
Mycgr3G98127,Mycgr3G49710,ambiguous
Mycgr3G49723,Mycgr3G49723,unique
Mycgr3G49727,Mycgr3G49727,unique
Mycgr3G98127,Mycgr3G49728,ambiguous
Mycgr3G49733,Mycgr3G49733,unique
Mycgr3G49735,Mycgr3G49735,unique
Mycgr3G49750,Mycgr3G49750,unique
Mycgr3G49768,Mycgr3G49768,unique
Mycgr3G49783,Mycgr3G49783,unique
Mycgr3G49796,Mycgr3G49796,unique
Mycgr3G49805,Mycgr3G49805,unique
Mycgr3G49811,Mycgr3G49811,unique
Mycgr3G49829,Mycgr3G49829,unique
Mycgr3G49830,Mycgr3G49830,unique
Mycgr3G49833,Mycgr3G49833,unique
Mycgr3G49843,Mycgr3G49843,unique
Mycgr3G49848,Mycgr3G49848,unique
Mycgr3G49854,Mycgr3G49854,unique
Mycgr3G49868,Mycgr3G49868,unique
Mycgr3G49869,Mycgr3G49869,unique
Mycgr3G49895,Mycgr3G49895,unique
Mycgr3G49896,Mycgr3G49896,unique
Mycgr3G49899,Mycgr3G49899,unique
Mycgr3G49903,Mycgr3G49903,unique
Mycgr3G49912,Mycgr3G49912,unique
Mycgr3G49914,Mycgr3G49914,unique
Mycgr3G49920,Mycgr3G49920,unique
Mycgr3G49928,Mycgr3G49928,unique
Mycgr3G49939,Mycgr3G49939,unique
Mycgr3G49946,Mycgr3G49946,unique
Mycgr3G49954,Mycgr3G49954,unique
Mycgr3G49955,Mycgr3G49955,unique
Mycgr3G49965,Mycgr3G49965,unique
Mycgr3G49968,Mycgr3G49968,unique
Mycgr3G49969,Mycgr3G49969,unique
Mycgr3G49989,Mycgr3G49989,unique
Mycgr3G50017,Mycgr3G50017,unique
Mycgr3G50020,Mycgr3G50020,unique
Mycgr3G50032,Mycgr3G50032,unique
Mycgr3G50050,Mycgr3G50050,unique
Mycgr3G50051,Mycgr3G50051,unique
Mycgr3G50053,Mycgr3G50053,unique
Mycgr3G50056,Mycgr3G50056,unique
Mycgr3G50069,Mycgr3G50069,unique
Mycgr3G50073,Mycgr3G50073,unique
Mycgr3G50077,Mycgr3G50077,unique
Mycgr3G50078,Mycgr3G50078,unique
Mycgr3G50079,Mycgr3G50079,unique
Mycgr3G50095,Mycgr3G50095,unique
Mycgr3G50100,Mycgr3G50100,unique
Mycgr3G50110,Mycgr3G50110,unique
Mycgr3G50118,Mycgr3G50118,unique
Mycgr3G50123,Mycgr3G50123,unique
Mycgr3G50126,Mycgr3G50126,unique
Mycgr3G50133,Mycgr3G50133,unique
Mycgr3G50144,Mycgr3G50144,unique
Mycgr3G98127,Mycgr3G50147,ambiguous
Mycgr3G50149,Mycgr3G50149,unique
Mycgr3G50182,Mycgr3G50182,unique
Mycgr3G50184,Mycgr3G50184,unique
Mycgr3G50200,Mycgr3G50200,unique
Mycgr3G50206,Mycgr3G50206,unique
Mycgr3G50245,Mycgr3G50245,unique
Mycgr3G50246,Mycgr3G50246,unique
Mycgr3G50257,Mycgr3G50257,unique
Mycgr3G98127,Mycgr3G50260,ambiguous
Mycgr3G50261,Mycgr3G50261,unique
Mycgr3G50274,Mycgr3G50274,unique
Mycgr3G50302,Mycgr3G50302,unique
Mycgr3G50311,Mycgr3G50311,unique
Mycgr3G50313,Mycgr3G50313,unique
Mycgr3G50320,Mycgr3G50320,unique
Mycgr3G50330,Mycgr3G50330,unique
Mycgr3G50352,Mycgr3G50352,unique
Mycgr3G98127,Mycgr3G50361,ambiguous
Mycgr3G50394,Mycgr3G50394,unique
Mycgr3G50401,Mycgr3G50401,unique
Mycgr3G50425,Mycgr3G50425,unique
Mycgr3G50428,Mycgr3G50428,unique
Mycgr3G50442,Mycgr3G50442,unique
Mycgr3G50452,Mycgr3G50452,unique
Mycgr3G50464,Mycgr3G50464,unique
Mycgr3G50467,Mycgr3G50467,unique
Mycgr3G50480,Mycgr3G50480,unique
Mycgr3G50499,Mycgr3G50499,unique
Mycgr3G50503,Mycgr3G50503,unique
Mycgr3G50542,Mycgr3G50542,unique
Mycgr3G50563,Mycgr3G50563,unique
Mycgr3G50578,Mycgr3G50578,unique
Mycgr3G50591,Mycgr3G50591,unique
Mycgr3G50597,Mycgr3G50597,unique
Mycgr3G50604,Mycgr3G50604,unique
Mycgr3G50614,Mycgr3G50614,unique
Mycgr3G50617,Mycgr3G50617,unique
Mycgr3G50623,Mycgr3G50623,unique
Mycgr3G50627,Mycgr3G50627,unique
Mycgr3G50632,Mycgr3G50632,unique
Mycgr3G50647,Mycgr3G50647,unique
Mycgr3G50651,Mycgr3G50651,unique
Mycgr3G50652,Mycgr3G50652,unique
Mycgr3G50673,Mycgr3G50673,unique
Mycgr3G50687,Mycgr3G50687,unique
Mycgr3G50692,Mycgr3G50692,unique
Mycgr3G50695,Mycgr3G50695,unique
Mycgr3G98127,Mycgr3G50710,ambiguous
Mycgr3G50731,Mycgr3G50731,unique
Mycgr3G50735,Mycgr3G50735,unique
Mycgr3G50742,Mycgr3G50742,unique
Mycgr3G50779,Mycgr3G50779,unique
Mycgr3G50786,Mycgr3G50786,unique
Mycgr3G50788,Mycgr3G50788,unique
Mycgr3G50790,Mycgr3G50790,unique
Mycgr3G50818,Mycgr3G50818,unique
Mycgr3G50825,Mycgr3G50825,unique
Mycgr3G50840,Mycgr3G50840,unique
Mycgr3G50844,Mycgr3G50844,unique
Mycgr3G50851,Mycgr3G50851,unique
Mycgr3G50857,Mycgr3G50857,unique
Mycgr3G50860,Mycgr3G50860,unique
Mycgr3G50876,Mycgr3G50876,unique
Mycgr3G50884,Mycgr3G50884,unique
Mycgr3G50896,Mycgr3G50896,unique
Mycgr3G50913,Mycgr3G50913,unique
Mycgr3G50949,Mycgr3G50949,unique
Mycgr3G50963,Mycgr3G50963,unique
Mycgr3G50970,Mycgr3G50970,unique
Mycgr3G50989,Mycgr3G50989,unique
Mycgr3G50993,Mycgr3G50993,unique
Mycgr3G50997,Mycgr3G50997,unique
Mycgr3G51007,Mycgr3G51007,unique
Mycgr3G51018,Mycgr3G51018,unique
Mycgr3G51025,Mycgr3G51025,unique
Mycgr3G51033,Mycgr3G51033,unique
Mycgr3G51041,Mycgr3G51041,unique
Mycgr3G51069,Mycgr3G51069,unique
Mycgr3G51070,Mycgr3G51070,unique
Mycgr3G51082,Mycgr3G51082,unique
Mycgr3G51092,Mycgr3G51092,unique
Mycgr3G51107,Mycgr3G51107,unique
Mycgr3G51114,Mycgr3G51114,unique
Mycgr3G51145,Mycgr3G51145,unique
Mycgr3G51169,Mycgr3G51169,unique
Mycgr3G51173,Mycgr3G51173,unique
Mycgr3G51174,Mycgr3G51174,unique
Mycgr3G51197,Mycgr3G51197,unique
Mycgr3G51199,Mycgr3G51199,unique
Mycgr3G51218,Mycgr3G51218,unique
Mycgr3G51250,Mycgr3G51250,unique
Mycgr3G51258,Mycgr3G51258,unique
Mycgr3G51270,Mycgr3G51270,unique
Mycgr3G51271,Mycgr3G51271,unique
Mycgr3G51280,Mycgr3G51280,unique
Mycgr3G51282,Mycgr3G51282,unique
Mycgr3G51289,Mycgr3G51289,unique
Mycgr3G51298,Mycgr3G51298,unique
Mycgr3G51311,Mycgr3G51311,unique
Mycgr3G51346,Mycgr3G51346,unique
Mycgr3G51359,Mycgr3G51359,unique
Mycgr3G51365,Mycgr3G51365,unique
Mycgr3G51378,Mycgr3G51378,unique
Mycgr3G51380,Mycgr3G51380,unique
Mycgr3G51381,Mycgr3G51381,unique
Mycgr3G51389,Mycgr3G51389,unique
Mycgr3G51406,Mycgr3G51406,unique
Mycgr3G51407,Mycgr3G51407,unique
Mycgr3G51417,Mycgr3G51417,unique
Mycgr3G51425,Mycgr3G51425,unique
Mycgr3G51429,Mycgr3G51429,unique
Mycgr3G51439,Mycgr3G51439,unique
Mycgr3G51448,Mycgr3G51448,unique
Mycgr3G51459,Mycgr3G51459,unique
Mycgr3G51460,Mycgr3G51460,unique
Mycgr3G51472,Mycgr3G51472,unique
Mycgr3G51491,Mycgr3G51491,unique
Mycgr3G51492,Mycgr3G51492,unique
Mycgr3G51498,Mycgr3G51498,unique
Mycgr3G51527,Mycgr3G51527,unique
Mycgr3G51531,Mycgr3G51531,unique
Mycgr3G51533,Mycgr3G51533,unique
Mycgr3G51536,Mycgr3G51536,unique
Mycgr3G51545,Mycgr3G51545,unique
Mycgr3G51562,Mycgr3G51562,unique
Mycgr3G51568,Mycgr3G51568,unique
Mycgr3G51574,Mycgr3G51574,unique
Mycgr3G98127,Mycgr3G51578,ambiguous
Mycgr3G51580,Mycgr3G51580,unique
Mycgr3G98127,Mycgr3G51582,ambiguous
Mycgr3G98127,Mycgr3G51590,ambiguous
Mycgr3G51592,Mycgr3G51592,unique
Mycgr3G51599,Mycgr3G51599,unique
Mycgr3G51600,Mycgr3G51600,unique
Mycgr3G98127,Mycgr3G51607,ambiguous
Mycgr3G51609,Mycgr3G51609,unique
Mycgr3G51611,Mycgr3G51611,unique
Mycgr3G98127,Mycgr3G51612,ambiguous
Mycgr3G51613,Mycgr3G51613,unique
Mycgr3G51617,Mycgr3G51617,unique
Mycgr3G51618,Mycgr3G51618,unique
Mycgr3G51621,Mycgr3G51621,unique
Mycgr3G98127,Mycgr3G51634,ambiguous
Mycgr3G51637,Mycgr3G51637,unique
Mycgr3G51638,Mycgr3G51638,unique
Mycgr3G51649,Mycgr3G51649,unique
Mycgr3G51650,Mycgr3G51650,unique
Mycgr3G51651,Mycgr3G51651,unique
Mycgr3G98127,Mycgr3G51654,ambiguous
Mycgr3G51659,Mycgr3G51659,unique
Mycgr3G98127,Mycgr3G51666,ambiguous
Mycgr3G98127,Mycgr3G51668,ambiguous
Mycgr3G51670,Mycgr3G51670,unique
Mycgr3G98127,Mycgr3G51677,ambiguous
Mycgr3G98127,Mycgr3G51681,ambiguous
Mycgr3G98127,Mycgr3G51685,ambiguous
Mycgr3G51687,Mycgr3G51687,unique
Mycgr3G51688,Mycgr3G51688,unique
Mycgr3G51695,Mycgr3G51695,unique
Mycgr3G51700,Mycgr3G51700,unique
Mycgr3G98127,Mycgr3G51705,ambiguous
Mycgr3G51708,Mycgr3G51708,unique
Mycgr3G98127,Mycgr3G51711,ambiguous
Mycgr3G51721,Mycgr3G51721,unique
Mycgr3G51724,Mycgr3G51724,unique
Mycgr3G98127,Mycgr3G51727,ambiguous
Mycgr3G51731,Mycgr3G51731,unique
Mycgr3G98127,Mycgr3G51733,ambiguous
Mycgr3G51737,Mycgr3G51737,unique
Mycgr3G96012,Mycgr3G51740,ambiguous
Mycgr3G98127,Mycgr3G51748,ambiguous
Mycgr3G51762,Mycgr3G51762,unique
Mycgr3G51763,Mycgr3G51763,unique
Mycgr3G51771,Mycgr3G51771,unique
Mycgr3G98127,Mycgr3G51785,ambiguous
Mycgr3G98127,Mycgr3G51788,ambiguous
Mycgr3G51796,Mycgr3G51796,unique
Mycgr3G51798,Mycgr3G51798,unique
Mycgr3G51803,Mycgr3G51803,unique
Mycgr3G51809,Mycgr3G51809,unique
Mycgr3G51814,Mycgr3G51814,unique
Mycgr3G51889,Mycgr3G51889,unique
Mycgr3G51973,Mycgr3G51973,unique
Mycgr3G51989,Mycgr3G51989,unique
Mycgr3G51997,Mycgr3G51997,unique
Mycgr3G52003,Mycgr3G52003,unique
Mycgr3G52041,Mycgr3G52041,unique
Mycgr3G52044,Mycgr3G52044,unique
Mycgr3G52059,Mycgr3G52059,unique
Mycgr3G52069,Mycgr3G52069,unique
Mycgr3G52118,Mycgr3G52118,unique
Mycgr3G52122,Mycgr3G52122,unique
Mycgr3G52181,Mycgr3G52181,unique
Mycgr3G52186,Mycgr3G52186,unique
Mycgr3G52203,Mycgr3G52203,unique
Mycgr3G52213,Mycgr3G52213,unique
Mycgr3G52269,Mycgr3G52269,unique
Mycgr3G52272,Mycgr3G52272,unique
Mycgr3G52280,Mycgr3G52280,unique
Mycgr3G52282,Mycgr3G52282,unique
Mycgr3G52355,Mycgr3G52355,unique
Mycgr3G52389,Mycgr3G52389,unique
Mycgr3G52468,Mycgr3G52468,unique
Mycgr3G52472,Mycgr3G52472,unique
Mycgr3G52515,Mycgr3G52515,unique
Mycgr3G52546,Mycgr3G52546,unique
Mycgr3G52569,Mycgr3G52569,unique
Mycgr3G52616,Mycgr3G52616,unique
Mycgr3G52682,Mycgr3G52682,unique
Mycgr3G52686,Mycgr3G52686,unique
Mycgr3G52717,Mycgr3G52717,unique
Mycgr3G52792,Mycgr3G52792,unique
Mycgr3G52842,Mycgr3G52842,unique
Mycgr3G52873,Mycgr3G52873,unique
Mycgr3G52885,Mycgr3G52885,unique
Mycgr3G52902,Mycgr3G52902,unique
Mycgr3G53015,Mycgr3G53015,unique
Mycgr3G53017,Mycgr3G53017,unique
Mycgr3G53034,Mycgr3G53034,unique
Mycgr3G53056,Mycgr3G53056,unique
Mycgr3G53066,Mycgr3G53066,unique
Mycgr3G53096,Mycgr3G53096,unique
Mycgr3G53126,Mycgr3G53126,unique
Mycgr3G53203,Mycgr3G53203,unique
Mycgr3G53213,Mycgr3G53213,unique
Mycgr3G53260,Mycgr3G53260,unique
Mycgr3G53277,Mycgr3G53277,unique
Mycgr3G53300,Mycgr3G53300,unique
Mycgr3G53317,Mycgr3G53317,unique
Mycgr3G53364,Mycgr3G53364,unique
Mycgr3G53366,Mycgr3G53366,unique
Mycgr3G53381,Mycgr3G53381,unique
Mycgr3G53419,Mycgr3G53419,unique
Mycgr3G53447,Mycgr3G53447,unique
Mycgr3G53455,Mycgr3G53455,unique
Mycgr3G53469,Mycgr3G53469,unique
Mycgr3G53477,Mycgr3G53477,unique
Mycgr3G53484,Mycgr3G53484,unique
Mycgr3G53492,Mycgr3G53492,unique
Mycgr3G53498,Mycgr3G53498,unique
Mycgr3G53507,Mycgr3G53507,unique
Mycgr3G53540,Mycgr3G53540,unique
Mycgr3G53585,Mycgr3G53585,unique
Mycgr3G53658,Mycgr3G53658,unique
Mycgr3G53663,Mycgr3G53663,unique
Mycgr3G53676,Mycgr3G53676,unique
Mycgr3G53684,Mycgr3G53684,unique
Mycgr3G53722,Mycgr3G53722,unique
Mycgr3G53755,Mycgr3G53755,unique
Mycgr3G53825,Mycgr3G53825,unique
Mycgr3G53877,Mycgr3G53877,unique
Mycgr3G53885,Mycgr3G53885,unique
Mycgr3G53893,Mycgr3G53893,unique
Mycgr3G53902,Mycgr3G53902,unique
Mycgr3G53936,Mycgr3G53936,unique
Mycgr3G53956,Mycgr3G53956,unique
Mycgr3G53981,Mycgr3G53981,unique
Mycgr3G53984,Mycgr3G53984,unique
Mycgr3G54090,Mycgr3G54090,unique
Mycgr3G54115,Mycgr3G54115,unique
Mycgr3G54143,Mycgr3G54143,unique
Mycgr3G54172,Mycgr3G54172,unique
Mycgr3G54222,Mycgr3G54222,unique
Mycgr3G54228,Mycgr3G54228,unique
Mycgr3G54237,Mycgr3G54237,unique
Mycgr3G54282,Mycgr3G54282,unique
Mycgr3G54321,Mycgr3G54321,unique
Mycgr3G54325,Mycgr3G54325,unique
Mycgr3G54399,Mycgr3G54399,unique
Mycgr3G54413,Mycgr3G54413,unique
Mycgr3G54447,Mycgr3G54447,unique
Mycgr3G54449,Mycgr3G54449,unique
Mycgr3G54489,Mycgr3G54489,unique
Mycgr3G54508,Mycgr3G54508,unique
Mycgr3G54524,Mycgr3G54524,unique
Mycgr3G54540,Mycgr3G54540,unique
Mycgr3G54552,Mycgr3G54552,unique
Mycgr3G54556,Mycgr3G54556,unique
Mycgr3G54587,Mycgr3G54587,unique
Mycgr3G54621,Mycgr3G54621,unique
Mycgr3G54658,Mycgr3G54658,unique
Mycgr3G54663,Mycgr3G54663,unique
Mycgr3G54676,Mycgr3G54676,unique
Mycgr3G54740,Mycgr3G54740,unique
Mycgr3G54752,Mycgr3G54752,unique
Mycgr3G54755,Mycgr3G54755,unique
Mycgr3G54764,Mycgr3G54764,unique
Mycgr3G54782,Mycgr3G54782,unique
Mycgr3G54793,Mycgr3G54793,unique
Mycgr3G54822,Mycgr3G54822,unique
Mycgr3G54826,Mycgr3G54826,unique
Mycgr3G54855,Mycgr3G54855,unique
Mycgr3G54914,Mycgr3G54914,unique
Mycgr3G54971,Mycgr3G54971,unique
Mycgr3G55014,Mycgr3G55014,unique
Mycgr3G55061,Mycgr3G55061,unique
Mycgr3G55066,Mycgr3G55066,unique
Mycgr3G55107,Mycgr3G55107,unique
Mycgr3G55128,Mycgr3G55128,unique
Mycgr3G55137,Mycgr3G55137,unique
Mycgr3G55177,Mycgr3G55177,unique
Mycgr3G55182,Mycgr3G55182,unique
Mycgr3G55193,Mycgr3G55193,unique
Mycgr3G55269,Mycgr3G55269,unique
Mycgr3G55297,Mycgr3G55297,unique
Mycgr3G55315,Mycgr3G55315,unique
Mycgr3G55345,Mycgr3G55345,unique
Mycgr3G55380,Mycgr3G55380,unique
Mycgr3G55383,Mycgr3G55383,unique
Mycgr3G55400,Mycgr3G55400,unique
Mycgr3G55428,Mycgr3G55428,unique
Mycgr3G55438,Mycgr3G55438,unique
Mycgr3G55454,Mycgr3G55454,unique
Mycgr3G55479,Mycgr3G55479,unique
Mycgr3G55490,Mycgr3G55490,unique
Mycgr3G55505,Mycgr3G55505,unique
Mycgr3G55565,Mycgr3G55565,unique
Mycgr3G55571,Mycgr3G55571,unique
Mycgr3G55591,Mycgr3G55591,unique
Mycgr3G55599,Mycgr3G55599,unique
Mycgr3G55679,Mycgr3G55679,unique
Mycgr3G55692,Mycgr3G55692,unique
Mycgr3G55708,Mycgr3G55708,unique
Mycgr3G55724,Mycgr3G55724,unique
Mycgr3G55760,Mycgr3G55760,unique
Mycgr3G55813,Mycgr3G55813,unique
Mycgr3G55823,Mycgr3G55823,unique
Mycgr3G55860,Mycgr3G55860,unique
Mycgr3G55886,Mycgr3G55886,unique
Mycgr3G55899,Mycgr3G55899,unique
Mycgr3G55916,Mycgr3G55916,unique
Mycgr3G55968,Mycgr3G55968,unique
Mycgr3G56101,Mycgr3G56101,unique
Mycgr3G56118,Mycgr3G56118,unique
Mycgr3G56200,Mycgr3G56200,unique
Mycgr3G56211,Mycgr3G56211,unique
Mycgr3G56270,Mycgr3G56270,unique
Mycgr3G56278,Mycgr3G56278,unique
Mycgr3G56299,Mycgr3G56299,unique
Mycgr3G56362,Mycgr3G56362,unique
Mycgr3G56432,Mycgr3G56432,unique
Mycgr3G56465,Mycgr3G56465,unique
Mycgr3G56466,Mycgr3G56466,unique
Mycgr3G56473,Mycgr3G56473,unique
Mycgr3G56546,Mycgr3G56546,unique
Mycgr3G56573,Mycgr3G56573,unique
Mycgr3G56633,Mycgr3G56633,unique
Mycgr3G56657,Mycgr3G56657,unique
Mycgr3G56675,Mycgr3G56675,unique
Mycgr3G56686,Mycgr3G56686,unique
Mycgr3G56708,Mycgr3G56708,unique
Mycgr3G56726,Mycgr3G56726,unique
Mycgr3G56742,Mycgr3G56742,unique
Mycgr3G56770,Mycgr3G56770,unique
Mycgr3G56776,Mycgr3G56776,unique
Mycgr3G56782,Mycgr3G56782,unique
Mycgr3G56833,Mycgr3G56833,unique
Mycgr3G56835,Mycgr3G56835,unique
Mycgr3G56911,Mycgr3G56911,unique
Mycgr3G56917,Mycgr3G56917,unique
Mycgr3G56933,Mycgr3G56933,unique
Mycgr3G56988,Mycgr3G56988,unique
Mycgr3G57038,Mycgr3G57038,unique
Mycgr3G57074,Mycgr3G57074,unique
Mycgr3G57099,Mycgr3G57099,unique
Mycgr3G57142,Mycgr3G57142,unique
Mycgr3G57150,Mycgr3G57150,unique
Mycgr3G57170,Mycgr3G57170,unique
Mycgr3G57259,Mycgr3G57259,unique
Mycgr3G57284,Mycgr3G57284,unique
Mycgr3G57300,Mycgr3G57300,unique
Mycgr3G57344,Mycgr3G57344,unique
Mycgr3G57354,Mycgr3G57354,unique
Mycgr3G57362,Mycgr3G57362,unique
Mycgr3G57384,Mycgr3G57384,unique
Mycgr3G57411,Mycgr3G57411,unique
Mycgr3G57422,Mycgr3G57422,unique
Mycgr3G57452,Mycgr3G57452,unique
Mycgr3G57478,Mycgr3G57478,unique
Mycgr3G57491,Mycgr3G57491,unique
Mycgr3G57534,Mycgr3G57534,unique
Mycgr3G57559,Mycgr3G57559,unique
Mycgr3G57585,Mycgr3G57585,unique
Mycgr3G57620,Mycgr3G57620,unique
Mycgr3G57630,Mycgr3G57630,unique
Mycgr3G57639,Mycgr3G57639,unique
Mycgr3G57651,Mycgr3G57651,unique
Mycgr3G57654,Mycgr3G57654,unique
Mycgr3G57670,Mycgr3G57670,unique
Mycgr3G57682,Mycgr3G57682,unique
Mycgr3G57709,Mycgr3G57709,unique
Mycgr3G57734,Mycgr3G57734,unique
Mycgr3G57777,Mycgr3G57777,unique
Mycgr3G57829,Mycgr3G57829,unique
Mycgr3G57881,Mycgr3G57881,unique
Mycgr3G57911,Mycgr3G57911,unique
Mycgr3G57915,Mycgr3G57915,unique
Mycgr3G57921,Mycgr3G57921,unique
Mycgr3G57922,Mycgr3G57922,unique
Mycgr3G57931,Mycgr3G57931,unique
Mycgr3G57932,Mycgr3G57932,unique
Mycgr3G58046,Mycgr3G58046,unique
Mycgr3G58104,Mycgr3G58104,unique
Mycgr3G58167,Mycgr3G58167,unique
Mycgr3G58174,Mycgr3G58174,unique
Mycgr3G58200,Mycgr3G58200,unique
Mycgr3G58203,Mycgr3G58203,unique
Mycgr3G58223,Mycgr3G58223,unique
Mycgr3G58228,Mycgr3G58228,unique
Mycgr3G58295,Mycgr3G58295,unique
Mycgr3G58320,Mycgr3G58320,unique
Mycgr3G58400,Mycgr3G58400,unique
Mycgr3G58445,Mycgr3G58445,unique
Mycgr3G58483,Mycgr3G58483,unique
Mycgr3G58493,Mycgr3G58493,unique
Mycgr3G58554,Mycgr3G58554,unique
Mycgr3G58567,Mycgr3G58567,unique
Mycgr3G58581,Mycgr3G58581,unique
Mycgr3G58617,Mycgr3G58617,unique
Mycgr3G58641,Mycgr3G58641,unique
Mycgr3G58646,Mycgr3G58646,unique
Mycgr3G58653,Mycgr3G58653,unique
Mycgr3G58666,Mycgr3G58666,unique
Mycgr3G58686,Mycgr3G58686,unique
Mycgr3G58719,Mycgr3G58719,unique
Mycgr3G58820,Mycgr3G58820,unique
Mycgr3G58850,Mycgr3G58850,unique
Mycgr3G58858,Mycgr3G58858,unique
Mycgr3G58925,Mycgr3G58925,unique
Mycgr3G58971,Mycgr3G58971,unique
Mycgr3G58978,Mycgr3G58978,unique
Mycgr3G59030,Mycgr3G59030,unique
Mycgr3G59052,Mycgr3G59052,unique
Mycgr3G59096,Mycgr3G59096,unique
Mycgr3G59152,Mycgr3G59152,unique
Mycgr3G59219,Mycgr3G59219,unique
Mycgr3G59247,Mycgr3G59247,unique
Mycgr3G59280,Mycgr3G59280,unique
Mycgr3G59299,Mycgr3G59299,unique
Mycgr3G59307,Mycgr3G59307,unique
Mycgr3G59333,Mycgr3G59333,unique
Mycgr3G59339,Mycgr3G59339,unique
Mycgr3G59385,Mycgr3G59385,unique
Mycgr3G59391,Mycgr3G59391,unique
Mycgr3G59551,Mycgr3G59551,unique
Mycgr3G59604,Mycgr3G59604,unique
Mycgr3G59611,Mycgr3G59611,unique
Mycgr3G59681,Mycgr3G59681,unique
Mycgr3G59682,Mycgr3G59682,unique
Mycgr3G59716,Mycgr3G59716,unique
Mycgr3G59769,Mycgr3G59769,unique
Mycgr3G59773,Mycgr3G59773,unique
Mycgr3G59818,Mycgr3G59818,unique
Mycgr3G59830,Mycgr3G59830,unique
Mycgr3G59831,Mycgr3G59831,unique
Mycgr3G59862,Mycgr3G59862,unique
Mycgr3G59874,Mycgr3G59874,unique
Mycgr3G59890,Mycgr3G59890,unique
Mycgr3G59893,Mycgr3G59893,unique
Mycgr3G59899,Mycgr3G59899,unique
Mycgr3G59905,Mycgr3G59905,unique
Mycgr3G59920,Mycgr3G59920,unique
Mycgr3G59958,Mycgr3G59958,unique
Mycgr3G59963,Mycgr3G59963,unique
Mycgr3G59987,Mycgr3G59987,unique
Mycgr3G60015,Mycgr3G60015,unique
Mycgr3G60039,Mycgr3G60039,unique
Mycgr3G60105,Mycgr3G60105,unique
Mycgr3G60141,Mycgr3G60141,unique
Mycgr3G60149,Mycgr3G60149,unique
Mycgr3G60172,Mycgr3G60172,unique
Mycgr3G60247,Mycgr3G60247,unique
Mycgr3G60310,Mycgr3G60310,unique
Mycgr3G60318,Mycgr3G60318,unique
Mycgr3G60336,Mycgr3G60336,unique
Mycgr3G60394,Mycgr3G60394,unique
Mycgr3G60426,Mycgr3G60426,unique
Mycgr3G60448,Mycgr3G60448,unique
Mycgr3G60481,Mycgr3G60481,unique
Mycgr3G60505,Mycgr3G60505,unique
Mycgr3G60583,Mycgr3G60583,unique
Mycgr3G60611,Mycgr3G60611,unique
Mycgr3G60694,Mycgr3G60694,unique
Mycgr3G60715,Mycgr3G60715,unique
Mycgr3G60749,Mycgr3G60749,unique
Mycgr3G60792,Mycgr3G60792,unique
Mycgr3G60824,Mycgr3G60824,unique
Mycgr3G60826,Mycgr3G60826,unique
Mycgr3G60912,Mycgr3G60912,unique
Mycgr3G60951,Mycgr3G60951,unique
Mycgr3G61021,Mycgr3G61021,unique
Mycgr3G61029,Mycgr3G61029,unique
Mycgr3G61086,Mycgr3G61086,unique
Mycgr3G61126,Mycgr3G61126,unique
Mycgr3G61141,Mycgr3G61141,unique
Mycgr3G61154,Mycgr3G61154,unique
Mycgr3G61156,Mycgr3G61156,unique
Mycgr3G61231,Mycgr3G61231,unique
Mycgr3G61250,Mycgr3G61250,unique
Mycgr3G61261,Mycgr3G61261,unique
Mycgr3G61319,Mycgr3G61319,unique
Mycgr3G61343,Mycgr3G61343,unique
Mycgr3G61371,Mycgr3G61371,unique
Mycgr3G61450,Mycgr3G61450,unique
Mycgr3G61457,Mycgr3G61457,unique
Mycgr3G61494,Mycgr3G61494,unique
Mycgr3G61514,Mycgr3G61514,unique
Mycgr3G61522,Mycgr3G61522,unique
Mycgr3G61546,Mycgr3G61546,unique
Mycgr3G61558,Mycgr3G61558,unique
Mycgr3G61567,Mycgr3G61567,unique
Mycgr3G61626,Mycgr3G61626,unique
Mycgr3G61630,Mycgr3G61630,unique
Mycgr3G61664,Mycgr3G61664,unique
Mycgr3G61670,Mycgr3G61670,unique
Mycgr3G61690,Mycgr3G61690,unique
Mycgr3G61736,Mycgr3G61736,unique
Mycgr3G61780,Mycgr3G61780,unique
Mycgr3G61786,Mycgr3G61786,unique
Mycgr3G61816,Mycgr3G61816,unique
Mycgr3G61825,Mycgr3G61825,unique
Mycgr3G61838,Mycgr3G61838,unique
Mycgr3G61874,Mycgr3G61874,unique
Mycgr3G61916,Mycgr3G61916,unique
Mycgr3G61964,Mycgr3G61964,unique
Mycgr3G61986,Mycgr3G61986,unique
Mycgr3G62028,Mycgr3G62028,unique
Mycgr3G62030,Mycgr3G62030,unique
Mycgr3G62049,Mycgr3G62049,unique
Mycgr3G62055,Mycgr3G62055,unique
Mycgr3G62083,Mycgr3G62083,unique
Mycgr3G62128,Mycgr3G62128,unique
Mycgr3G62164,Mycgr3G62164,unique
Mycgr3G62211,Mycgr3G62211,unique
Mycgr3G62256,Mycgr3G62256,unique
Mycgr3G62258,Mycgr3G62258,unique
Mycgr3G62261,Mycgr3G62261,unique
Mycgr3G62271,Mycgr3G62271,unique
Mycgr3G62361,Mycgr3G62361,unique
Mycgr3G62362,Mycgr3G62362,unique
Mycgr3G62369,Mycgr3G62369,unique
Mycgr3G62428,Mycgr3G62428,unique
Mycgr3G62470,Mycgr3G62470,unique
Mycgr3G62484,Mycgr3G62484,unique
Mycgr3G62487,Mycgr3G62487,unique
Mycgr3G62506,Mycgr3G62506,unique
Mycgr3G62534,Mycgr3G62534,unique
Mycgr3G62547,Mycgr3G62547,unique
Mycgr3G62567,Mycgr3G62567,unique
Mycgr3G62587,Mycgr3G62587,unique
Mycgr3G62604,Mycgr3G62604,unique
Mycgr3G62615,Mycgr3G62615,unique
Mycgr3G62624,Mycgr3G62624,unique
Mycgr3G62649,Mycgr3G62649,unique
Mycgr3G62652,Mycgr3G62652,unique
Mycgr3G62658,Mycgr3G62658,unique
Mycgr3G62661,Mycgr3G62661,unique
Mycgr3G62699,Mycgr3G62699,unique
Mycgr3G62743,Mycgr3G62743,unique
Mycgr3G62752,Mycgr3G62752,unique
Mycgr3G62755,Mycgr3G62755,unique
Mycgr3G62778,Mycgr3G62778,unique
Mycgr3G62800,Mycgr3G62800,unique
Mycgr3G62811,Mycgr3G62811,unique
Mycgr3G62823,Mycgr3G62823,unique
Mycgr3G62856,Mycgr3G62856,unique
Mycgr3G62864,Mycgr3G62864,unique
Mycgr3G62869,Mycgr3G62869,unique
Mycgr3G62913,Mycgr3G62913,unique
Mycgr3G62954,Mycgr3G62954,unique
Mycgr3G62978,Mycgr3G62978,unique
Mycgr3G62993,Mycgr3G62993,unique
Mycgr3G63016,Mycgr3G63016,unique
Mycgr3G63029,Mycgr3G63029,unique
Mycgr3G63214,Mycgr3G63214,unique
Mycgr3G63277,Mycgr3G63277,unique
Mycgr3G63336,Mycgr3G63336,unique
Mycgr3G63387,Mycgr3G63387,unique
Mycgr3G63400,Mycgr3G63400,unique
Mycgr3G63409,Mycgr3G63409,unique
Mycgr3G63422,Mycgr3G63422,unique
Mycgr3G63449,Mycgr3G63449,unique
Mycgr3G63492,Mycgr3G63492,unique
Mycgr3G63510,Mycgr3G63510,unique
Mycgr3G63538,Mycgr3G63538,unique
Mycgr3G63549,Mycgr3G63549,unique
Mycgr3G63560,Mycgr3G63560,unique
Mycgr3G63574,Mycgr3G63574,unique
Mycgr3G63621,Mycgr3G63621,unique
Mycgr3G63646,Mycgr3G63646,unique
Mycgr3G63662,Mycgr3G63662,unique
Mycgr3G63665,Mycgr3G63665,unique
Mycgr3G63693,Mycgr3G63693,unique
Mycgr3G63697,Mycgr3G63697,unique
Mycgr3G63707,Mycgr3G63707,unique
Mycgr3G63728,Mycgr3G63728,unique
Mycgr3G63742,Mycgr3G63742,unique
Mycgr3G63781,Mycgr3G63781,unique
Mycgr3G63782,Mycgr3G63782,unique
Mycgr3G63807,Mycgr3G63807,unique
Mycgr3G63851,Mycgr3G63851,unique
Mycgr3G63861,Mycgr3G63861,unique
Mycgr3G63892,Mycgr3G63892,unique
Mycgr3G63909,Mycgr3G63909,unique
Mycgr3G63935,Mycgr3G63935,unique
Mycgr3G63945,Mycgr3G63945,unique
Mycgr3G63982,Mycgr3G63982,unique
Mycgr3G63992,Mycgr3G63992,unique
Mycgr3G64085,Mycgr3G64085,unique
Mycgr3G64097,Mycgr3G64097,unique
Mycgr3G64098,Mycgr3G64098,unique
Mycgr3G64142,Mycgr3G64142,unique
Mycgr3G64146,Mycgr3G64146,unique
Mycgr3G64195,Mycgr3G64195,unique
Mycgr3G64280,Mycgr3G64280,unique
Mycgr3G64294,Mycgr3G64294,unique
Mycgr3G64297,Mycgr3G64297,unique
Mycgr3G64317,Mycgr3G64317,unique
Mycgr3G64379,Mycgr3G64379,unique
Mycgr3G64401,Mycgr3G64401,unique
Mycgr3G64493,Mycgr3G64493,unique
Mycgr3G64524,Mycgr3G64524,unique
Mycgr3G64526,Mycgr3G64526,unique
Mycgr3G64546,Mycgr3G64546,unique
Mycgr3G64595,Mycgr3G64595,unique
Mycgr3G64615,Mycgr3G64615,unique
Mycgr3G64667,Mycgr3G64667,unique
Mycgr3G64677,Mycgr3G64677,unique
Mycgr3G64704,Mycgr3G64704,unique
Mycgr3G64715,Mycgr3G64715,unique
Mycgr3G64763,Mycgr3G64763,unique
Mycgr3G64768,Mycgr3G64768,unique
Mycgr3G64785,Mycgr3G64785,unique
Mycgr3G64814,Mycgr3G64814,unique
Mycgr3G64849,Mycgr3G64849,unique
Mycgr3G64857,Mycgr3G64857,unique
Mycgr3G64873,Mycgr3G64873,unique
Mycgr3G64875,Mycgr3G64875,unique
Mycgr3G64883,Mycgr3G64883,unique
Mycgr3G64888,Mycgr3G64888,unique
Mycgr3G64902,Mycgr3G64902,unique
Mycgr3G64907,Mycgr3G64907,unique
Mycgr3G64910,Mycgr3G64910,unique
Mycgr3G64915,Mycgr3G64915,unique
Mycgr3G64917,Mycgr3G64917,unique
Mycgr3G64923,Mycgr3G64923,unique
Mycgr3G64933,Mycgr3G64933,unique
Mycgr3G64949,Mycgr3G64949,unique
Mycgr3G64952,Mycgr3G64952,unique
Mycgr3G64956,Mycgr3G64956,unique
Mycgr3G64960,Mycgr3G64960,unique
Mycgr3G64973,Mycgr3G64973,unique
Mycgr3G64976,Mycgr3G64976,unique
Mycgr3G64979,Mycgr3G64979,unique
Mycgr3G64980,Mycgr3G64980,unique
Mycgr3G64993,Mycgr3G64993,unique
Mycgr3G65005,Mycgr3G65005,unique
Mycgr3G65036,Mycgr3G65036,unique
Mycgr3G65045,Mycgr3G65045,unique
Mycgr3G65051,Mycgr3G65051,unique
Mycgr3G65057,Mycgr3G65057,unique
Mycgr3G65060,Mycgr3G65060,unique
Mycgr3G65063,Mycgr3G65063,unique
Mycgr3G65067,Mycgr3G65067,unique
Mycgr3G65081,Mycgr3G65081,unique
Mycgr3G65087,Mycgr3G65087,unique
Mycgr3G65104,Mycgr3G65104,unique
Mycgr3G65107,Mycgr3G65107,unique
Mycgr3G65114,Mycgr3G65114,unique
Mycgr3G65123,Mycgr3G65123,unique
Mycgr3G65129,Mycgr3G65129,unique
Mycgr3G65137,Mycgr3G65137,unique
Mycgr3G65146,Mycgr3G65146,unique
Mycgr3G65151,Mycgr3G65151,unique
Mycgr3G65158,Mycgr3G65158,unique
Mycgr3G65163,Mycgr3G65163,unique
Mycgr3G65177,Mycgr3G65177,unique
Mycgr3G65191,Mycgr3G65191,unique
Mycgr3G65192,Mycgr3G65192,unique
Mycgr3G65205,Mycgr3G65205,unique
Mycgr3G65218,Mycgr3G65218,unique
Mycgr3G65227,Mycgr3G65227,unique
Mycgr3G65233,Mycgr3G65233,unique
Mycgr3G65235,Mycgr3G65235,unique
Mycgr3G65252,Mycgr3G65252,unique
Mycgr3G65256,Mycgr3G65256,unique
Mycgr3G65258,Mycgr3G65258,unique
Mycgr3G65261,Mycgr3G65261,unique
Mycgr3G65274,Mycgr3G65274,unique
Mycgr3G65279,Mycgr3G65279,unique
Mycgr3G65284,Mycgr3G65284,unique
Mycgr3G65302,Mycgr3G65302,unique
Mycgr3G65305,Mycgr3G65305,unique
Mycgr3G65312,Mycgr3G65312,unique
Mycgr3G65316,Mycgr3G65316,unique
Mycgr3G65322,Mycgr3G65322,unique
Mycgr3G65330,Mycgr3G65330,unique
Mycgr3G65342,Mycgr3G65342,unique
Mycgr3G65348,Mycgr3G65348,unique
Mycgr3G65354,Mycgr3G65354,unique
Mycgr3G65359,Mycgr3G65359,unique
Mycgr3G65361,Mycgr3G65361,unique
Mycgr3G65364,Mycgr3G65364,unique
Mycgr3G65370,Mycgr3G65370,unique
Mycgr3G65376,Mycgr3G65376,unique
Mycgr3G65387,Mycgr3G65387,unique
Mycgr3G65395,Mycgr3G65395,unique
Mycgr3G65399,Mycgr3G65399,unique
Mycgr3G65403,Mycgr3G65403,unique
Mycgr3G65422,Mycgr3G65422,unique
Mycgr3G65433,Mycgr3G65433,unique
Mycgr3G65440,Mycgr3G65440,unique
Mycgr3G65448,Mycgr3G65448,unique
Mycgr3G65466,Mycgr3G65466,unique
Mycgr3G65473,Mycgr3G65473,unique
Mycgr3G65477,Mycgr3G65477,unique
Mycgr3G65481,Mycgr3G65481,unique
Mycgr3G65482,Mycgr3G65482,unique
Mycgr3G65493,Mycgr3G65493,unique
Mycgr3G65495,Mycgr3G65495,unique
Mycgr3G65516,Mycgr3G65516,unique
Mycgr3G65527,Mycgr3G65527,unique
Mycgr3G65536,Mycgr3G65536,unique
Mycgr3G65543,Mycgr3G65543,unique
Mycgr3G65551,Mycgr3G65551,unique
Mycgr3G65552,Mycgr3G65552,unique
Mycgr3G65563,Mycgr3G65563,unique
Mycgr3G65568,Mycgr3G65568,unique
Mycgr3G65574,Mycgr3G65574,unique
Mycgr3G65576,Mycgr3G65576,unique
Mycgr3G65583,Mycgr3G65583,unique
Mycgr3G65589,Mycgr3G65589,unique
Mycgr3G65593,Mycgr3G65593,unique
Mycgr3G65596,Mycgr3G65596,unique
Mycgr3G65606,Mycgr3G65606,unique
Mycgr3G65607,Mycgr3G65607,unique
Mycgr3G65614,Mycgr3G65614,unique
Mycgr3G65617,Mycgr3G65617,unique
Mycgr3G65626,Mycgr3G65626,unique
Mycgr3G65636,Mycgr3G65636,unique
Mycgr3G65640,Mycgr3G65640,unique
Mycgr3G65650,Mycgr3G65650,unique
Mycgr3G65652,Mycgr3G65652,unique
Mycgr3G65661,Mycgr3G65661,unique
Mycgr3G65665,Mycgr3G65665,unique
Mycgr3G65666,Mycgr3G65666,unique
Mycgr3G65675,Mycgr3G65675,unique
Mycgr3G65706,Mycgr3G65706,unique
Mycgr3G65710,Mycgr3G65710,unique
Mycgr3G65725,Mycgr3G65725,unique
Mycgr3G65747,Mycgr3G65747,unique
Mycgr3G65750,Mycgr3G65750,unique
Mycgr3G65760,Mycgr3G65760,unique
Mycgr3G65763,Mycgr3G65763,unique
Mycgr3G65778,Mycgr3G65778,unique
Mycgr3G65793,Mycgr3G65793,unique
Mycgr3G65799,Mycgr3G65799,unique
Mycgr3G65806,Mycgr3G65806,unique
Mycgr3G65810,Mycgr3G65810,unique
Mycgr3G65814,Mycgr3G65814,unique
Mycgr3G65824,Mycgr3G65824,unique
Mycgr3G65829,Mycgr3G65829,unique
Mycgr3G65833,Mycgr3G65833,unique
Mycgr3G65843,Mycgr3G65843,unique
Mycgr3G65848,Mycgr3G65848,unique
Mycgr3G65850,Mycgr3G65850,unique
Mycgr3G65854,Mycgr3G65854,unique
Mycgr3G65859,Mycgr3G65859,unique
Mycgr3G65863,Mycgr3G65863,unique
Mycgr3G65866,Mycgr3G65866,unique
Mycgr3G65875,Mycgr3G65875,unique
Mycgr3G65878,Mycgr3G65878,unique
Mycgr3G65881,Mycgr3G65881,unique
Mycgr3G65882,Mycgr3G65882,unique
Mycgr3G65888,Mycgr3G65888,unique
Mycgr3G65891,Mycgr3G65891,unique
Mycgr3G65910,Mycgr3G65910,unique
Mycgr3G65914,Mycgr3G65914,unique
Mycgr3G65916,Mycgr3G65916,unique
Mycgr3G65923,Mycgr3G65923,unique
Mycgr3G65937,Mycgr3G65937,unique
Mycgr3G65942,Mycgr3G65942,unique
Mycgr3G65946,Mycgr3G65946,unique
Mycgr3G65949,Mycgr3G65949,unique
Mycgr3G65952,Mycgr3G65952,unique
Mycgr3G65960,Mycgr3G65960,unique
Mycgr3G65963,Mycgr3G65963,unique
Mycgr3G65966,Mycgr3G65966,unique
Mycgr3G65974,Mycgr3G65974,unique
Mycgr3G65978,Mycgr3G65978,unique
Mycgr3G65995,Mycgr3G65995,unique
Mycgr3G65997,Mycgr3G65997,unique
Mycgr3G66000,Mycgr3G66000,unique
Mycgr3G66002,Mycgr3G66002,unique
Mycgr3G66006,Mycgr3G66006,unique
Mycgr3G66016,Mycgr3G66016,unique
Mycgr3G66023,Mycgr3G66023,unique
Mycgr3G66025,Mycgr3G66025,unique
Mycgr3G66030,Mycgr3G66030,unique
Mycgr3G66031,Mycgr3G66031,unique
Mycgr3G66037,Mycgr3G66037,unique
Mycgr3G66052,Mycgr3G66052,unique
Mycgr3G66057,Mycgr3G66057,unique
Mycgr3G66060,Mycgr3G66060,unique
Mycgr3G66064,Mycgr3G66064,unique
Mycgr3G66079,Mycgr3G66079,unique
Mycgr3G66101,Mycgr3G66101,unique
Mycgr3G66104,Mycgr3G66104,unique
Mycgr3G66113,Mycgr3G66113,unique
Mycgr3G66114,Mycgr3G66114,unique
Mycgr3G66122,Mycgr3G66122,unique
Mycgr3G66126,Mycgr3G66126,unique
Mycgr3G66129,Mycgr3G66129,unique
Mycgr3G66140,Mycgr3G66140,unique
Mycgr3G66153,Mycgr3G66153,unique
Mycgr3G66157,Mycgr3G66157,unique
Mycgr3G66160,Mycgr3G66160,unique
Mycgr3G66163,Mycgr3G66163,unique
Mycgr3G66166,Mycgr3G66166,unique
Mycgr3G66175,Mycgr3G66175,unique
Mycgr3G66188,Mycgr3G66188,unique
Mycgr3G66192,Mycgr3G66192,unique
Mycgr3G66199,Mycgr3G66199,unique
Mycgr3G66201,Mycgr3G66201,unique
Mycgr3G66216,Mycgr3G66216,unique
Mycgr3G66222,Mycgr3G66222,unique
Mycgr3G66225,Mycgr3G66225,unique
Mycgr3G66245,Mycgr3G66245,unique
Mycgr3G66246,Mycgr3G66246,unique
Mycgr3G66250,Mycgr3G66250,unique
Mycgr3G66253,Mycgr3G66253,unique
Mycgr3G66265,Mycgr3G66265,unique
Mycgr3G66273,Mycgr3G66273,unique
Mycgr3G66280,Mycgr3G66280,unique
Mycgr3G66283,Mycgr3G66283,unique
Mycgr3G66294,Mycgr3G66294,unique
Mycgr3G66305,Mycgr3G66305,unique
Mycgr3G66328,Mycgr3G66328,unique
Mycgr3G66333,Mycgr3G66333,unique
Mycgr3G66346,Mycgr3G66346,unique
Mycgr3G66364,Mycgr3G66364,unique
Mycgr3G66368,Mycgr3G66368,unique
Mycgr3G66375,Mycgr3G66375,unique
Mycgr3G66377,Mycgr3G66377,unique
Mycgr3G66382,Mycgr3G66382,unique
Mycgr3G66386,Mycgr3G66386,unique
Mycgr3G66394,Mycgr3G66394,unique
Mycgr3G66397,Mycgr3G66397,unique
Mycgr3G66422,Mycgr3G66422,unique
Mycgr3G66426,Mycgr3G66426,unique
Mycgr3G66454,Mycgr3G66454,unique
Mycgr3G66460,Mycgr3G66460,unique
Mycgr3G66463,Mycgr3G66463,unique
Mycgr3G66469,Mycgr3G66469,unique
Mycgr3G66489,Mycgr3G66489,unique
Mycgr3G66501,Mycgr3G66501,unique
Mycgr3G66507,Mycgr3G66507,unique
Mycgr3G66524,Mycgr3G66524,unique
Mycgr3G66529,Mycgr3G66529,unique
Mycgr3G66536,Mycgr3G66536,unique
Mycgr3G66540,Mycgr3G66540,unique
Mycgr3G66546,Mycgr3G66546,unique
Mycgr3G66559,Mycgr3G66559,unique
Mycgr3G66563,Mycgr3G66563,unique
Mycgr3G66569,Mycgr3G66569,unique
Mycgr3G66573,Mycgr3G66573,unique
Mycgr3G66582,Mycgr3G66582,unique
Mycgr3G66594,Mycgr3G66594,unique
Mycgr3G66596,Mycgr3G66596,unique
Mycgr3G66624,Mycgr3G66624,unique
Mycgr3G66635,Mycgr3G66635,unique
Mycgr3G66652,Mycgr3G66652,unique
Mycgr3G66656,Mycgr3G66656,unique
Mycgr3G66658,Mycgr3G66658,unique
Mycgr3G66663,Mycgr3G66663,unique
Mycgr3G66670,Mycgr3G66670,unique
Mycgr3G66671,Mycgr3G66671,unique
Mycgr3G66675,Mycgr3G66675,unique
Mycgr3G66678,Mycgr3G66678,unique
Mycgr3G66684,Mycgr3G66684,unique
Mycgr3G66686,Mycgr3G66686,unique
Mycgr3G66700,Mycgr3G66700,unique
Mycgr3G66711,Mycgr3G66711,unique
Mycgr3G66728,Mycgr3G66728,unique
Mycgr3G66729,Mycgr3G66729,unique
Mycgr3G66739,Mycgr3G66739,unique
Mycgr3G66746,Mycgr3G66746,unique
Mycgr3G66749,Mycgr3G66749,unique
Mycgr3G66750,Mycgr3G66750,unique
Mycgr3G66753,Mycgr3G66753,unique
Mycgr3G66756,Mycgr3G66756,unique
Mycgr3G66768,Mycgr3G66768,unique
Mycgr3G66773,Mycgr3G66773,unique
Mycgr3G66784,Mycgr3G66784,unique
Mycgr3G66788,Mycgr3G66788,unique
Mycgr3G66791,Mycgr3G66791,unique
Mycgr3G66795,Mycgr3G66795,unique
Mycgr3G66798,Mycgr3G66798,unique
Mycgr3G66801,Mycgr3G66801,unique
Mycgr3G66803,Mycgr3G66803,unique
Mycgr3G66809,Mycgr3G66809,unique
Mycgr3G66823,Mycgr3G66823,unique
Mycgr3G66828,Mycgr3G66828,unique
Mycgr3G66829,Mycgr3G66829,unique
Mycgr3G66834,Mycgr3G66834,unique
Mycgr3G66842,Mycgr3G66842,unique
Mycgr3G66866,Mycgr3G66866,unique
Mycgr3G66868,Mycgr3G66868,unique
Mycgr3G66874,Mycgr3G66874,unique
Mycgr3G66881,Mycgr3G66881,unique
Mycgr3G66885,Mycgr3G66885,unique
Mycgr3G66888,Mycgr3G66888,unique
Mycgr3G66894,Mycgr3G66894,unique
Mycgr3G66896,Mycgr3G66896,unique
Mycgr3G66898,Mycgr3G66898,unique
Mycgr3G66908,Mycgr3G66908,unique
Mycgr3G66912,Mycgr3G66912,unique
Mycgr3G66917,Mycgr3G66917,unique
Mycgr3G66919,Mycgr3G66919,unique
Mycgr3G66934,Mycgr3G66934,unique
Mycgr3G66947,Mycgr3G66947,unique
Mycgr3G66956,Mycgr3G66956,unique
Mycgr3G66970,Mycgr3G66970,unique
Mycgr3G66977,Mycgr3G66977,unique
Mycgr3G66981,Mycgr3G66981,unique
Mycgr3G66984,Mycgr3G66984,unique
Mycgr3G66999,Mycgr3G66999,unique
Mycgr3G67005,Mycgr3G67005,unique
Mycgr3G67008,Mycgr3G67008,unique
Mycgr3G67015,Mycgr3G67015,unique
Mycgr3G67035,Mycgr3G67035,unique
Mycgr3G67037,Mycgr3G67037,unique
Mycgr3G67041,Mycgr3G67041,unique
Mycgr3G67048,Mycgr3G67048,unique
Mycgr3G67054,Mycgr3G67054,unique
Mycgr3G67060,Mycgr3G67060,unique
Mycgr3G67069,Mycgr3G67069,unique
Mycgr3G67073,Mycgr3G67073,unique
Mycgr3G67076,Mycgr3G67076,unique
Mycgr3G67079,Mycgr3G67079,unique
Mycgr3G67089,Mycgr3G67089,unique
Mycgr3G67094,Mycgr3G67094,unique
Mycgr3G67096,Mycgr3G67096,unique
Mycgr3G67099,Mycgr3G67099,unique
Mycgr3G67102,Mycgr3G67102,unique
Mycgr3G67108,Mycgr3G67108,unique
Mycgr3G67112,Mycgr3G67112,unique
Mycgr3G67117,Mycgr3G67117,unique
Mycgr3G67122,Mycgr3G67122,unique
Mycgr3G67131,Mycgr3G67131,unique
Mycgr3G67138,Mycgr3G67138,unique
Mycgr3G67144,Mycgr3G67144,unique
Mycgr3G67149,Mycgr3G67149,unique
Mycgr3G67183,Mycgr3G67183,unique
Mycgr3G67202,Mycgr3G67202,unique
Mycgr3G67205,Mycgr3G67205,unique
Mycgr3G67212,Mycgr3G67212,unique
Mycgr3G67218,Mycgr3G67218,unique
Mycgr3G67228,Mycgr3G67228,unique
Mycgr3G67233,Mycgr3G67233,unique
Mycgr3G67239,Mycgr3G67239,unique
Mycgr3G67250,Mycgr3G67250,unique
Mycgr3G67267,Mycgr3G67267,unique
Mycgr3G67286,Mycgr3G67286,unique
Mycgr3G67314,Mycgr3G67314,unique
Mycgr3G67317,Mycgr3G67317,unique
Mycgr3G67324,Mycgr3G67324,unique
Mycgr3G67327,Mycgr3G67327,unique
Mycgr3G67329,Mycgr3G67329,unique
Mycgr3G67335,Mycgr3G67335,unique
Mycgr3G67338,Mycgr3G67338,unique
Mycgr3G67342,Mycgr3G67342,unique
Mycgr3G67344,Mycgr3G67344,unique
Mycgr3G67350,Mycgr3G67350,unique
Mycgr3G67374,Mycgr3G67374,unique
Mycgr3G67376,Mycgr3G67376,unique
Mycgr3G67377,Mycgr3G67377,unique
Mycgr3G67381,Mycgr3G67381,unique
Mycgr3G67389,Mycgr3G67389,unique
Mycgr3G67398,Mycgr3G67398,unique
Mycgr3G67403,Mycgr3G67403,unique
Mycgr3G67412,Mycgr3G67412,unique
Mycgr3G67423,Mycgr3G67423,unique
Mycgr3G67427,Mycgr3G67427,unique
Mycgr3G67431,Mycgr3G67431,unique
Mycgr3G67442,Mycgr3G67442,unique
Mycgr3G67443,Mycgr3G67443,unique
Mycgr3G67446,Mycgr3G67446,unique
Mycgr3G67455,Mycgr3G67455,unique
Mycgr3G67458,Mycgr3G67458,unique
Mycgr3G67467,Mycgr3G67467,unique
Mycgr3G67469,Mycgr3G67469,unique
Mycgr3G67477,Mycgr3G67477,unique
Mycgr3G67482,Mycgr3G67482,unique
Mycgr3G67486,Mycgr3G67486,unique
Mycgr3G67501,Mycgr3G67501,unique
Mycgr3G67504,Mycgr3G67504,unique
Mycgr3G67509,Mycgr3G67509,unique
Mycgr3G67515,Mycgr3G67515,unique
Mycgr3G67531,Mycgr3G67531,unique
Mycgr3G67546,Mycgr3G67546,unique
Mycgr3G67551,Mycgr3G67551,unique
Mycgr3G67552,Mycgr3G67552,unique
Mycgr3G67558,Mycgr3G67558,unique
Mycgr3G67567,Mycgr3G67567,unique
Mycgr3G67576,Mycgr3G67576,unique
Mycgr3G67581,Mycgr3G67581,unique
Mycgr3G67588,Mycgr3G67588,unique
Mycgr3G67605,Mycgr3G67605,unique
Mycgr3G67618,Mycgr3G67618,unique
Mycgr3G67622,Mycgr3G67622,unique
Mycgr3G67635,Mycgr3G67635,unique
Mycgr3G67639,Mycgr3G67639,unique
Mycgr3G67645,Mycgr3G67645,unique
Mycgr3G67654,Mycgr3G67654,unique
Mycgr3G67658,Mycgr3G67658,unique
Mycgr3G67666,Mycgr3G67666,unique
Mycgr3G67669,Mycgr3G67669,unique
Mycgr3G67679,Mycgr3G67679,unique
Mycgr3G67680,Mycgr3G67680,unique
Mycgr3G67686,Mycgr3G67686,unique
Mycgr3G67691,Mycgr3G67691,unique
Mycgr3G67700,Mycgr3G67700,unique
Mycgr3G67705,Mycgr3G67705,unique
Mycgr3G67708,Mycgr3G67708,unique
Mycgr3G67718,Mycgr3G67718,unique
Mycgr3G67720,Mycgr3G67720,unique
Mycgr3G67750,Mycgr3G67750,unique
Mycgr3G67759,Mycgr3G67759,unique
Mycgr3G67763,Mycgr3G67763,unique
Mycgr3G67764,Mycgr3G67764,unique
Mycgr3G67775,Mycgr3G67775,unique
Mycgr3G67785,Mycgr3G67785,unique
Mycgr3G67791,Mycgr3G67791,unique
Mycgr3G67795,Mycgr3G67795,unique
Mycgr3G67799,Mycgr3G67799,unique
Mycgr3G67800,Mycgr3G67800,unique
Mycgr3G67803,Mycgr3G67803,unique
Mycgr3G67804,Mycgr3G67804,unique
Mycgr3G67807,Mycgr3G67807,unique
Mycgr3G67812,Mycgr3G67812,unique
Mycgr3G67821,Mycgr3G67821,unique
Mycgr3G67825,Mycgr3G67825,unique
Mycgr3G67842,Mycgr3G67842,unique
Mycgr3G67844,Mycgr3G67844,unique
Mycgr3G67847,Mycgr3G67847,unique
Mycgr3G67851,Mycgr3G67851,unique
Mycgr3G67859,Mycgr3G67859,unique
Mycgr3G67865,Mycgr3G67865,unique
Mycgr3G67867,Mycgr3G67867,unique
Mycgr3G67873,Mycgr3G67873,unique
Mycgr3G67878,Mycgr3G67878,unique
Mycgr3G67881,Mycgr3G67881,unique
Mycgr3G67888,Mycgr3G67888,unique
Mycgr3G67892,Mycgr3G67892,unique
Mycgr3G67898,Mycgr3G67898,unique
Mycgr3G67907,Mycgr3G67907,unique
Mycgr3G67909,Mycgr3G67909,unique
Mycgr3G67912,Mycgr3G67912,unique
Mycgr3G67916,Mycgr3G67916,unique
Mycgr3G67921,Mycgr3G67921,unique
Mycgr3G67922,Mycgr3G67922,unique
Mycgr3G67924,Mycgr3G67924,unique
Mycgr3G67933,Mycgr3G67933,unique
Mycgr3G67942,Mycgr3G67942,unique
Mycgr3G67943,Mycgr3G67943,unique
Mycgr3G67944,Mycgr3G67944,unique
Mycgr3G67951,Mycgr3G67951,unique
Mycgr3G67965,Mycgr3G67965,unique
Mycgr3G67969,Mycgr3G67969,unique
Mycgr3G67977,Mycgr3G67977,unique
Mycgr3G67987,Mycgr3G67987,unique
Mycgr3G67998,Mycgr3G67998,unique
Mycgr3G68009,Mycgr3G68009,unique
Mycgr3G68012,Mycgr3G68012,unique
Mycgr3G68017,Mycgr3G68017,unique
Mycgr3G68020,Mycgr3G68020,unique
Mycgr3G68026,Mycgr3G68026,unique
Mycgr3G68030,Mycgr3G68030,unique
Mycgr3G68036,Mycgr3G68036,unique
Mycgr3G68053,Mycgr3G68053,unique
Mycgr3G68054,Mycgr3G68054,unique
Mycgr3G68059,Mycgr3G68059,unique
Mycgr3G68064,Mycgr3G68064,unique
Mycgr3G68068,Mycgr3G68068,unique
Mycgr3G68073,Mycgr3G68073,unique
Mycgr3G68078,Mycgr3G68078,unique
Mycgr3G68089,Mycgr3G68089,unique
Mycgr3G68091,Mycgr3G68091,unique
Mycgr3G68104,Mycgr3G68104,unique
Mycgr3G68107,Mycgr3G68107,unique
Mycgr3G68113,Mycgr3G68113,unique
Mycgr3G68116,Mycgr3G68116,unique
Mycgr3G68128,Mycgr3G68128,unique
Mycgr3G68129,Mycgr3G68129,unique
Mycgr3G68137,Mycgr3G68137,unique
Mycgr3G68144,Mycgr3G68144,unique
Mycgr3G68153,Mycgr3G68153,unique
Mycgr3G68159,Mycgr3G68159,unique
Mycgr3G68164,Mycgr3G68164,unique
Mycgr3G68166,Mycgr3G68166,unique
Mycgr3G68169,Mycgr3G68169,unique
Mycgr3G68176,Mycgr3G68176,unique
Mycgr3G68179,Mycgr3G68179,unique
Mycgr3G68180,Mycgr3G68180,unique
Mycgr3G68201,Mycgr3G68201,unique
Mycgr3G68213,Mycgr3G68213,unique
Mycgr3G68217,Mycgr3G68217,unique
Mycgr3G68224,Mycgr3G68224,unique
Mycgr3G68232,Mycgr3G68232,unique
Mycgr3G68234,Mycgr3G68234,unique
Mycgr3G68239,Mycgr3G68239,unique
Mycgr3G68240,Mycgr3G68240,unique
Mycgr3G68243,Mycgr3G68243,unique
Mycgr3G68247,Mycgr3G68247,unique
Mycgr3G68253,Mycgr3G68253,unique
Mycgr3G68263,Mycgr3G68263,unique
Mycgr3G68275,Mycgr3G68275,unique
Mycgr3G68282,Mycgr3G68282,unique
Mycgr3G68285,Mycgr3G68285,unique
Mycgr3G68287,Mycgr3G68287,unique
Mycgr3G68294,Mycgr3G68294,unique
Mycgr3G68298,Mycgr3G68298,unique
Mycgr3G68302,Mycgr3G68302,unique
Mycgr3G68312,Mycgr3G68312,unique
Mycgr3G68318,Mycgr3G68318,unique
Mycgr3G68319,Mycgr3G68319,unique
Mycgr3G68326,Mycgr3G68326,unique
Mycgr3G68338,Mycgr3G68338,unique
Mycgr3G68344,Mycgr3G68344,unique
Mycgr3G68348,Mycgr3G68348,unique
Mycgr3G68349,Mycgr3G68349,unique
Mycgr3G68352,Mycgr3G68352,unique
Mycgr3G68358,Mycgr3G68358,unique
Mycgr3G68361,Mycgr3G68361,unique
Mycgr3G68371,Mycgr3G68371,unique
Mycgr3G68377,Mycgr3G68377,unique
Mycgr3G68390,Mycgr3G68390,unique
Mycgr3G68403,Mycgr3G68403,unique
Mycgr3G68415,Mycgr3G68415,unique
Mycgr3G68418,Mycgr3G68418,unique
Mycgr3G68421,Mycgr3G68421,unique
Mycgr3G68429,Mycgr3G68429,unique
Mycgr3G68433,Mycgr3G68433,unique
Mycgr3G68456,Mycgr3G68456,unique
Mycgr3G68458,Mycgr3G68458,unique
Mycgr3G68477,Mycgr3G68477,unique
Mycgr3G68480,Mycgr3G68480,unique
Mycgr3G68483,Mycgr3G68483,unique
Mycgr3G68497,Mycgr3G68497,unique
Mycgr3G68502,Mycgr3G68502,unique
Mycgr3G68510,Mycgr3G68510,unique
Mycgr3G68512,Mycgr3G68512,unique
Mycgr3G68519,Mycgr3G68519,unique
Mycgr3G68526,Mycgr3G68526,unique
Mycgr3G68530,Mycgr3G68530,unique
Mycgr3G68535,Mycgr3G68535,unique
Mycgr3G68553,Mycgr3G68553,unique
Mycgr3G68555,Mycgr3G68555,unique
Mycgr3G68560,Mycgr3G68560,unique
Mycgr3G68561,Mycgr3G68561,unique
Mycgr3G68568,Mycgr3G68568,unique
Mycgr3G68570,Mycgr3G68570,unique
Mycgr3G68581,Mycgr3G68581,unique
Mycgr3G68586,Mycgr3G68586,unique
Mycgr3G68633,Mycgr3G68633,unique
Mycgr3G68638,Mycgr3G68638,unique
Mycgr3G68643,Mycgr3G68643,unique
Mycgr3G68653,Mycgr3G68653,unique
Mycgr3G68660,Mycgr3G68660,unique
Mycgr3G68667,Mycgr3G68667,unique
Mycgr3G68686,Mycgr3G68686,unique
Mycgr3G68689,Mycgr3G68689,unique
Mycgr3G68702,Mycgr3G68702,unique
Mycgr3G68707,Mycgr3G68707,unique
Mycgr3G68710,Mycgr3G68710,unique
Mycgr3G68720,Mycgr3G68720,unique
Mycgr3G68731,Mycgr3G68731,unique
Mycgr3G68734,Mycgr3G68734,unique
Mycgr3G68741,Mycgr3G68741,unique
Mycgr3G68749,Mycgr3G68749,unique
Mycgr3G68751,Mycgr3G68751,unique
Mycgr3G68754,Mycgr3G68754,unique
Mycgr3G68767,Mycgr3G68767,unique
Mycgr3G68771,Mycgr3G68771,unique
Mycgr3G68779,Mycgr3G68779,unique
Mycgr3G68784,Mycgr3G68784,unique
Mycgr3G68786,Mycgr3G68786,unique
Mycgr3G68789,Mycgr3G68789,unique
Mycgr3G68790,Mycgr3G68790,unique
Mycgr3G68796,Mycgr3G68796,unique
Mycgr3G68817,Mycgr3G68817,unique
Mycgr3G68823,Mycgr3G68823,unique
Mycgr3G68826,Mycgr3G68826,unique
Mycgr3G68837,Mycgr3G68837,unique
Mycgr3G68847,Mycgr3G68847,unique
Mycgr3G68850,Mycgr3G68850,unique
Mycgr3G68855,Mycgr3G68855,unique
Mycgr3G68859,Mycgr3G68859,unique
Mycgr3G68863,Mycgr3G68863,unique
Mycgr3G68870,Mycgr3G68870,unique
Mycgr3G68874,Mycgr3G68874,unique
Mycgr3G68879,Mycgr3G68879,unique
Mycgr3G68887,Mycgr3G68887,unique
Mycgr3G68892,Mycgr3G68892,unique
Mycgr3G68899,Mycgr3G68899,unique
Mycgr3G68900,Mycgr3G68900,unique
Mycgr3G68912,Mycgr3G68912,unique
Mycgr3G68916,Mycgr3G68916,unique
Mycgr3G68922,Mycgr3G68922,unique
Mycgr3G68931,Mycgr3G68931,unique
Mycgr3G68937,Mycgr3G68937,unique
Mycgr3G68948,Mycgr3G68948,unique
Mycgr3G68955,Mycgr3G68955,unique
Mycgr3G68962,Mycgr3G68962,unique
Mycgr3G68972,Mycgr3G68972,unique
Mycgr3G68977,Mycgr3G68977,unique
Mycgr3G68980,Mycgr3G68980,unique
Mycgr3G68986,Mycgr3G68986,unique
Mycgr3G68989,Mycgr3G68989,unique
Mycgr3G68994,Mycgr3G68994,unique
Mycgr3G69002,Mycgr3G69002,unique
Mycgr3G69014,Mycgr3G69014,unique
Mycgr3G69016,Mycgr3G69016,unique
Mycgr3G69021,Mycgr3G69021,unique
Mycgr3G69026,Mycgr3G69026,unique
Mycgr3G69029,Mycgr3G69029,unique
Mycgr3G69031,Mycgr3G69031,unique
Mycgr3G69051,Mycgr3G69051,unique
Mycgr3G69055,Mycgr3G69055,unique
Mycgr3G69058,Mycgr3G69058,unique
Mycgr3G69060,Mycgr3G69060,unique
Mycgr3G69066,Mycgr3G69066,unique
Mycgr3G69070,Mycgr3G69070,unique
Mycgr3G69084,Mycgr3G69084,unique
Mycgr3G69093,Mycgr3G69093,unique
Mycgr3G69100,Mycgr3G69100,unique
Mycgr3G69103,Mycgr3G69103,unique
Mycgr3G69117,Mycgr3G69117,unique
Mycgr3G69118,Mycgr3G69118,unique
Mycgr3G69123,Mycgr3G69123,unique
Mycgr3G69129,Mycgr3G69129,unique
Mycgr3G69132,Mycgr3G69132,unique
Mycgr3G69140,Mycgr3G69140,unique
Mycgr3G69142,Mycgr3G69142,unique
Mycgr3G69151,Mycgr3G69151,unique
Mycgr3G69157,Mycgr3G69157,unique
Mycgr3G69159,Mycgr3G69159,unique
Mycgr3G69164,Mycgr3G69164,unique
Mycgr3G69167,Mycgr3G69167,unique
Mycgr3G69170,Mycgr3G69170,unique
Mycgr3G69185,Mycgr3G69185,unique
Mycgr3G69186,Mycgr3G69186,unique
Mycgr3G69205,Mycgr3G69205,unique
Mycgr3G69215,Mycgr3G69215,unique
Mycgr3G69219,Mycgr3G69219,unique
Mycgr3G69221,Mycgr3G69221,unique
Mycgr3G69227,Mycgr3G69227,unique
Mycgr3G69232,Mycgr3G69232,unique
Mycgr3G69233,Mycgr3G69233,unique
Mycgr3G69244,Mycgr3G69244,unique
Mycgr3G69248,Mycgr3G69248,unique
Mycgr3G69260,Mycgr3G69260,unique
Mycgr3G69263,Mycgr3G69263,unique
Mycgr3G69270,Mycgr3G69270,unique
Mycgr3G69273,Mycgr3G69273,unique
Mycgr3G69277,Mycgr3G69277,unique
Mycgr3G69281,Mycgr3G69281,unique
Mycgr3G69287,Mycgr3G69287,unique
Mycgr3G69290,Mycgr3G69290,unique
Mycgr3G69294,Mycgr3G69294,unique
Mycgr3G69303,Mycgr3G69303,unique
Mycgr3G69317,Mycgr3G69317,unique
Mycgr3G69322,Mycgr3G69322,unique
Mycgr3G69324,Mycgr3G69324,unique
Mycgr3G69329,Mycgr3G69329,unique
Mycgr3G69330,Mycgr3G69330,unique
Mycgr3G69333,Mycgr3G69333,unique
Mycgr3G69338,Mycgr3G69338,unique
Mycgr3G69353,Mycgr3G69353,unique
Mycgr3G69357,Mycgr3G69357,unique
Mycgr3G69366,Mycgr3G69366,unique
Mycgr3G69382,Mycgr3G69382,unique
Mycgr3G69388,Mycgr3G69388,unique
Mycgr3G69392,Mycgr3G69392,unique
Mycgr3G69399,Mycgr3G69399,unique
Mycgr3G69411,Mycgr3G69411,unique
Mycgr3G69430,Mycgr3G69430,unique
Mycgr3G69447,Mycgr3G69447,unique
Mycgr3G69448,Mycgr3G69448,unique
Mycgr3G69451,Mycgr3G69451,unique
Mycgr3G69454,Mycgr3G69454,unique
Mycgr3G69467,Mycgr3G69467,unique
Mycgr3G69474,Mycgr3G69474,unique
Mycgr3G69500,Mycgr3G69500,unique
Mycgr3G69507,Mycgr3G69507,unique
Mycgr3G69513,Mycgr3G69513,unique
Mycgr3G69516,Mycgr3G69516,unique
Mycgr3G69521,Mycgr3G69521,unique
Mycgr3G69522,Mycgr3G69522,unique
Mycgr3G69529,Mycgr3G69529,unique
Mycgr3G69535,Mycgr3G69535,unique
Mycgr3G69542,Mycgr3G69542,unique
Mycgr3G69545,Mycgr3G69545,unique
Mycgr3G69561,Mycgr3G69561,unique
Mycgr3G69570,Mycgr3G69570,unique
Mycgr3G69582,Mycgr3G69582,unique
Mycgr3G69588,Mycgr3G69588,unique
Mycgr3G69592,Mycgr3G69592,unique
Mycgr3G69603,Mycgr3G69603,unique
Mycgr3G69615,Mycgr3G69615,unique
Mycgr3G69638,Mycgr3G69638,unique
Mycgr3G69648,Mycgr3G69648,unique
Mycgr3G69651,Mycgr3G69651,unique
Mycgr3G69654,Mycgr3G69654,unique
Mycgr3G69657,Mycgr3G69657,unique
Mycgr3G69661,Mycgr3G69661,unique
Mycgr3G69673,Mycgr3G69673,unique
Mycgr3G69677,Mycgr3G69677,unique
Mycgr3G69679,Mycgr3G69679,unique
Mycgr3G69686,Mycgr3G69686,unique
Mycgr3G69689,Mycgr3G69689,unique
Mycgr3G69693,Mycgr3G69693,unique
Mycgr3G69696,Mycgr3G69696,unique
Mycgr3G69702,Mycgr3G69702,unique
Mycgr3G69710,Mycgr3G69710,unique
Mycgr3G69716,Mycgr3G69716,unique
Mycgr3G69737,Mycgr3G69737,unique
Mycgr3G69748,Mycgr3G69748,unique
Mycgr3G69755,Mycgr3G69755,unique
Mycgr3G69761,Mycgr3G69761,unique
Mycgr3G69768,Mycgr3G69768,unique
Mycgr3G69770,Mycgr3G69770,unique
Mycgr3G69782,Mycgr3G69782,unique
Mycgr3G69784,Mycgr3G69784,unique
Mycgr3G69789,Mycgr3G69789,unique
Mycgr3G69797,Mycgr3G69797,unique
Mycgr3G69821,Mycgr3G69821,unique
Mycgr3G69836,Mycgr3G69836,unique
Mycgr3G69847,Mycgr3G69847,unique
Mycgr3G69850,Mycgr3G69850,unique
Mycgr3G69852,Mycgr3G69852,unique
Mycgr3G69859,Mycgr3G69859,unique
Mycgr3G69862,Mycgr3G69862,unique
Mycgr3G69865,Mycgr3G69865,unique
Mycgr3G69875,Mycgr3G69875,unique
Mycgr3G69881,Mycgr3G69881,unique
Mycgr3G69890,Mycgr3G69890,unique
Mycgr3G69894,Mycgr3G69894,unique
Mycgr3G69901,Mycgr3G69901,unique
Mycgr3G69907,Mycgr3G69907,unique
Mycgr3G69914,Mycgr3G69914,unique
Mycgr3G69921,Mycgr3G69921,unique
Mycgr3G69926,Mycgr3G69926,unique
Mycgr3G69939,Mycgr3G69939,unique
Mycgr3G69942,Mycgr3G69942,unique
Mycgr3G69951,Mycgr3G69951,unique
Mycgr3G69954,Mycgr3G69954,unique
Mycgr3G69961,Mycgr3G69961,unique
Mycgr3G69965,Mycgr3G69965,unique
Mycgr3G69971,Mycgr3G69971,unique
Mycgr3G69973,Mycgr3G69973,unique
Mycgr3G69980,Mycgr3G69980,unique
Mycgr3G69983,Mycgr3G69983,unique
Mycgr3G69990,Mycgr3G69990,unique
Mycgr3G69992,Mycgr3G69992,unique
Mycgr3G70000,Mycgr3G70000,unique
Mycgr3G70002,Mycgr3G70002,unique
Mycgr3G70015,Mycgr3G70015,unique
Mycgr3G70017,Mycgr3G70017,unique
Mycgr3G70022,Mycgr3G70022,unique
Mycgr3G70026,Mycgr3G70026,unique
Mycgr3G70030,Mycgr3G70030,unique
Mycgr3G70031,Mycgr3G70031,unique
Mycgr3G70038,Mycgr3G70038,unique
Mycgr3G70045,Mycgr3G70045,unique
Mycgr3G70050,Mycgr3G70050,unique
Mycgr3G70055,Mycgr3G70055,unique
Mycgr3G70061,Mycgr3G70061,unique
Mycgr3G70063,Mycgr3G70063,unique
Mycgr3G70066,Mycgr3G70066,unique
Mycgr3G70069,Mycgr3G70069,unique
Mycgr3G70073,Mycgr3G70073,unique
Mycgr3G70079,Mycgr3G70079,unique
Mycgr3G70082,Mycgr3G70082,unique
Mycgr3G70086,Mycgr3G70086,unique
Mycgr3G70094,Mycgr3G70094,unique
Mycgr3G70110,Mycgr3G70110,unique
Mycgr3G70113,Mycgr3G70113,unique
Mycgr3G70127,Mycgr3G70127,unique
Mycgr3G70129,Mycgr3G70129,unique
Mycgr3G70132,Mycgr3G70132,unique
Mycgr3G70157,Mycgr3G70157,unique
Mycgr3G70159,Mycgr3G70159,unique
Mycgr3G70164,Mycgr3G70164,unique
Mycgr3G70165,Mycgr3G70165,unique
Mycgr3G70166,Mycgr3G70166,unique
Mycgr3G70171,Mycgr3G70171,unique
Mycgr3G70181,Mycgr3G70181,unique
Mycgr3G70186,Mycgr3G70186,unique
Mycgr3G70190,Mycgr3G70190,unique
Mycgr3G70194,Mycgr3G70194,unique
Mycgr3G70199,Mycgr3G70199,unique
Mycgr3G70203,Mycgr3G70203,unique
Mycgr3G70208,Mycgr3G70208,unique
Mycgr3G70210,Mycgr3G70210,unique
Mycgr3G70215,Mycgr3G70215,unique
Mycgr3G70216,Mycgr3G70216,unique
Mycgr3G70219,Mycgr3G70219,unique
Mycgr3G70233,Mycgr3G70233,unique
Mycgr3G70243,Mycgr3G70243,unique
Mycgr3G70246,Mycgr3G70246,unique
Mycgr3G70252,Mycgr3G70252,unique
Mycgr3G70260,Mycgr3G70260,unique
Mycgr3G70263,Mycgr3G70263,unique
Mycgr3G70266,Mycgr3G70266,unique
Mycgr3G70268,Mycgr3G70268,unique
Mycgr3G70271,Mycgr3G70271,unique
Mycgr3G70283,Mycgr3G70283,unique
Mycgr3G70288,Mycgr3G70288,unique
Mycgr3G70294,Mycgr3G70294,unique
Mycgr3G70297,Mycgr3G70297,unique
Mycgr3G70308,Mycgr3G70308,unique
Mycgr3G70309,Mycgr3G70309,unique
Mycgr3G70312,Mycgr3G70312,unique
Mycgr3G70316,Mycgr3G70316,unique
Mycgr3G70324,Mycgr3G70324,unique
Mycgr3G70331,Mycgr3G70331,unique
Mycgr3G70334,Mycgr3G70334,unique
Mycgr3G70343,Mycgr3G70343,unique
Mycgr3G70356,Mycgr3G70356,unique
Mycgr3G70376,Mycgr3G70376,unique
Mycgr3G70384,Mycgr3G70384,unique
Mycgr3G70391,Mycgr3G70391,unique
Mycgr3G70396,Mycgr3G70396,unique
Mycgr3G70401,Mycgr3G70401,unique
Mycgr3G70402,Mycgr3G70402,unique
Mycgr3G70410,Mycgr3G70410,unique
Mycgr3G70413,Mycgr3G70413,unique
Mycgr3G70420,Mycgr3G70420,unique
Mycgr3G70421,Mycgr3G70421,unique
Mycgr3G70424,Mycgr3G70424,unique
Mycgr3G70427,Mycgr3G70427,unique
Mycgr3G70433,Mycgr3G70433,unique
Mycgr3G70436,Mycgr3G70436,unique
Mycgr3G70442,Mycgr3G70442,unique
Mycgr3G70454,Mycgr3G70454,unique
Mycgr3G70456,Mycgr3G70456,unique
Mycgr3G70464,Mycgr3G70464,unique
Mycgr3G70471,Mycgr3G70471,unique
Mycgr3G70475,Mycgr3G70475,unique
Mycgr3G70478,Mycgr3G70478,unique
Mycgr3G70482,Mycgr3G70482,unique
Mycgr3G70491,Mycgr3G70491,unique
Mycgr3G70496,Mycgr3G70496,unique
Mycgr3G70497,Mycgr3G70497,unique
Mycgr3G70510,Mycgr3G70510,unique
Mycgr3G70513,Mycgr3G70513,unique
Mycgr3G70521,Mycgr3G70521,unique
Mycgr3G70525,Mycgr3G70525,unique
Mycgr3G70532,Mycgr3G70532,unique
Mycgr3G70537,Mycgr3G70537,unique
Mycgr3G70541,Mycgr3G70541,unique
Mycgr3G70544,Mycgr3G70544,unique
Mycgr3G70547,Mycgr3G70547,unique
Mycgr3G70550,Mycgr3G70550,unique
Mycgr3G70555,Mycgr3G70555,unique
Mycgr3G70560,Mycgr3G70560,unique
Mycgr3G70572,Mycgr3G70572,unique
Mycgr3G70577,Mycgr3G70577,unique
Mycgr3G70588,Mycgr3G70588,unique
Mycgr3G70606,Mycgr3G70606,unique
Mycgr3G70608,Mycgr3G70608,unique
Mycgr3G70620,Mycgr3G70620,unique
Mycgr3G70635,Mycgr3G70635,unique
Mycgr3G70643,Mycgr3G70643,unique
Mycgr3G70646,Mycgr3G70646,unique
Mycgr3G70653,Mycgr3G70653,unique
Mycgr3G70658,Mycgr3G70658,unique
Mycgr3G70665,Mycgr3G70665,unique
Mycgr3G70670,Mycgr3G70670,unique
Mycgr3G70672,Mycgr3G70672,unique
Mycgr3G70677,Mycgr3G70677,unique
Mycgr3G70685,Mycgr3G70685,unique
Mycgr3G70688,Mycgr3G70688,unique
Mycgr3G70695,Mycgr3G70695,unique
Mycgr3G70699,Mycgr3G70699,unique
Mycgr3G70703,Mycgr3G70703,unique
Mycgr3G70710,Mycgr3G70710,unique
Mycgr3G70713,Mycgr3G70713,unique
Mycgr3G70724,Mycgr3G70724,unique
Mycgr3G70729,Mycgr3G70729,unique
Mycgr3G70735,Mycgr3G70735,unique
Mycgr3G70742,Mycgr3G70742,unique
Mycgr3G70745,Mycgr3G70745,unique
Mycgr3G70756,Mycgr3G70756,unique
Mycgr3G70762,Mycgr3G70762,unique
Mycgr3G70772,Mycgr3G70772,unique
Mycgr3G70785,Mycgr3G70785,unique
Mycgr3G70812,Mycgr3G70812,unique
Mycgr3G70822,Mycgr3G70822,unique
Mycgr3G70825,Mycgr3G70825,unique
Mycgr3G70836,Mycgr3G70836,unique
Mycgr3G70871,Mycgr3G70871,unique
Mycgr3G70873,Mycgr3G70873,unique
Mycgr3G70886,Mycgr3G70886,unique
Mycgr3G70899,Mycgr3G70899,unique
Mycgr3G70912,Mycgr3G70912,unique
Mycgr3G70915,Mycgr3G70915,unique
Mycgr3G70921,Mycgr3G70921,unique
Mycgr3G70925,Mycgr3G70925,unique
Mycgr3G70929,Mycgr3G70929,unique
Mycgr3G70938,Mycgr3G70938,unique
Mycgr3G70943,Mycgr3G70943,unique
Mycgr3G70944,Mycgr3G70944,unique
Mycgr3G70947,Mycgr3G70947,unique
Mycgr3G70961,Mycgr3G70961,unique
Mycgr3G70969,Mycgr3G70969,unique
Mycgr3G70971,Mycgr3G70971,unique
Mycgr3G70973,Mycgr3G70973,unique
Mycgr3G70976,Mycgr3G70976,unique
Mycgr3G70980,Mycgr3G70980,unique
Mycgr3G70984,Mycgr3G70984,unique
Mycgr3G70987,Mycgr3G70987,unique
Mycgr3G70993,Mycgr3G70993,unique
Mycgr3G70997,Mycgr3G70997,unique
Mycgr3G71002,Mycgr3G71002,unique
Mycgr3G71005,Mycgr3G71005,unique
Mycgr3G71018,Mycgr3G71018,unique
Mycgr3G71033,Mycgr3G71033,unique
Mycgr3G71045,Mycgr3G71045,unique
Mycgr3G71048,Mycgr3G71048,unique
Mycgr3G71051,Mycgr3G71051,unique
Mycgr3G71056,Mycgr3G71056,unique
Mycgr3G71062,Mycgr3G71062,unique
Mycgr3G71065,Mycgr3G71065,unique
Mycgr3G71071,Mycgr3G71071,unique
Mycgr3G71081,Mycgr3G71081,unique
Mycgr3G71099,Mycgr3G71099,unique
Mycgr3G71103,Mycgr3G71103,unique
Mycgr3G71110,Mycgr3G71110,unique
Mycgr3G71113,Mycgr3G71113,unique
Mycgr3G71117,Mycgr3G71117,unique
Mycgr3G71123,Mycgr3G71123,unique
Mycgr3G71128,Mycgr3G71128,unique
Mycgr3G71139,Mycgr3G71139,unique
Mycgr3G71140,Mycgr3G71140,unique
Mycgr3G71143,Mycgr3G71143,unique
Mycgr3G71147,Mycgr3G71147,unique
Mycgr3G71165,Mycgr3G71165,unique
Mycgr3G71170,Mycgr3G71170,unique
Mycgr3G71171,Mycgr3G71171,unique
Mycgr3G71174,Mycgr3G71174,unique
Mycgr3G71181,Mycgr3G71181,unique
Mycgr3G71190,Mycgr3G71190,unique
Mycgr3G71192,Mycgr3G71192,unique
Mycgr3G71198,Mycgr3G71198,unique
Mycgr3G71206,Mycgr3G71206,unique
Mycgr3G71209,Mycgr3G71209,unique
Mycgr3G71215,Mycgr3G71215,unique
Mycgr3G71216,Mycgr3G71216,unique
Mycgr3G71222,Mycgr3G71222,unique
Mycgr3G71228,Mycgr3G71228,unique
Mycgr3G71233,Mycgr3G71233,unique
Mycgr3G71244,Mycgr3G71244,unique
Mycgr3G71246,Mycgr3G71246,unique
Mycgr3G71261,Mycgr3G71261,unique
Mycgr3G71265,Mycgr3G71265,unique
Mycgr3G71278,Mycgr3G71278,unique
Mycgr3G71284,Mycgr3G71284,unique
Mycgr3G71297,Mycgr3G71297,unique
Mycgr3G71299,Mycgr3G71299,unique
Mycgr3G71301,Mycgr3G71301,unique
Mycgr3G71330,Mycgr3G71330,unique
Mycgr3G71332,Mycgr3G71332,unique
Mycgr3G71341,Mycgr3G71341,unique
Mycgr3G71344,Mycgr3G71344,unique
Mycgr3G71347,Mycgr3G71347,unique
Mycgr3G71354,Mycgr3G71354,unique
Mycgr3G71358,Mycgr3G71358,unique
Mycgr3G71361,Mycgr3G71361,unique
Mycgr3G71363,Mycgr3G71363,unique
Mycgr3G71372,Mycgr3G71372,unique
Mycgr3G71375,Mycgr3G71375,unique
Mycgr3G71377,Mycgr3G71377,unique
Mycgr3G71382,Mycgr3G71382,unique
Mycgr3G71387,Mycgr3G71387,unique
Mycgr3G71401,Mycgr3G71401,unique
Mycgr3G71407,Mycgr3G71407,unique
Mycgr3G71411,Mycgr3G71411,unique
Mycgr3G71416,Mycgr3G71416,unique
Mycgr3G71417,Mycgr3G71417,unique
Mycgr3G71420,Mycgr3G71420,unique
Mycgr3G71423,Mycgr3G71423,unique
Mycgr3G71432,Mycgr3G71432,unique
Mycgr3G71439,Mycgr3G71439,unique
Mycgr3G71444,Mycgr3G71444,unique
Mycgr3G71450,Mycgr3G71450,unique
Mycgr3G71451,Mycgr3G71451,unique
Mycgr3G71455,Mycgr3G71455,unique
Mycgr3G71466,Mycgr3G71466,unique
Mycgr3G71474,Mycgr3G71474,unique
Mycgr3G71479,Mycgr3G71479,unique
Mycgr3G71484,Mycgr3G71484,unique
Mycgr3G71493,Mycgr3G71493,unique
Mycgr3G71496,Mycgr3G71496,unique
Mycgr3G71498,Mycgr3G71498,unique
Mycgr3G71504,Mycgr3G71504,unique
Mycgr3G71508,Mycgr3G71508,unique
Mycgr3G71522,Mycgr3G71522,unique
Mycgr3G71524,Mycgr3G71524,unique
Mycgr3G71532,Mycgr3G71532,unique
Mycgr3G71535,Mycgr3G71535,unique
Mycgr3G71536,Mycgr3G71536,unique
Mycgr3G71542,Mycgr3G71542,unique
Mycgr3G71559,Mycgr3G71559,unique
Mycgr3G71564,Mycgr3G71564,unique
Mycgr3G71585,Mycgr3G71585,unique
Mycgr3G71618,Mycgr3G71618,unique
Mycgr3G71621,Mycgr3G71621,unique
Mycgr3G71623,Mycgr3G71623,unique
Mycgr3G71649,Mycgr3G71649,unique
Mycgr3G71651,Mycgr3G71651,unique
Mycgr3G71654,Mycgr3G71654,unique
Mycgr3G71656,Mycgr3G71656,unique
Mycgr3G71659,Mycgr3G71659,unique
Mycgr3G71664,Mycgr3G71664,unique
Mycgr3G71669,Mycgr3G71669,unique
Mycgr3G71676,Mycgr3G71676,unique
Mycgr3G71679,Mycgr3G71679,unique
Mycgr3G71681,Mycgr3G71681,unique
Mycgr3G71695,Mycgr3G71695,unique
Mycgr3G71704,Mycgr3G71704,unique
Mycgr3G71724,Mycgr3G71724,unique
Mycgr3G71726,Mycgr3G71726,unique
Mycgr3G71733,Mycgr3G71733,unique
Mycgr3G71742,Mycgr3G71742,unique
Mycgr3G71753,Mycgr3G71753,unique
Mycgr3G71756,Mycgr3G71756,unique
Mycgr3G71772,Mycgr3G71772,unique
Mycgr3G71784,Mycgr3G71784,unique
Mycgr3G71789,Mycgr3G71789,unique
Mycgr3G71790,Mycgr3G71790,unique
Mycgr3G71795,Mycgr3G71795,unique
Mycgr3G71809,Mycgr3G71809,unique
Mycgr3G71822,Mycgr3G71822,unique
Mycgr3G71826,Mycgr3G71826,unique
Mycgr3G71829,Mycgr3G71829,unique
Mycgr3G71838,Mycgr3G71838,unique
Mycgr3G71853,Mycgr3G71853,unique
Mycgr3G71863,Mycgr3G71863,unique
Mycgr3G71864,Mycgr3G71864,unique
Mycgr3G71866,Mycgr3G71866,unique
Mycgr3G71868,Mycgr3G71868,unique
Mycgr3G71874,Mycgr3G71874,unique
Mycgr3G71881,Mycgr3G71881,unique
Mycgr3G71889,Mycgr3G71889,unique
Mycgr3G71895,Mycgr3G71895,unique
Mycgr3G71900,Mycgr3G71900,unique
Mycgr3G71906,Mycgr3G71906,unique
Mycgr3G71908,Mycgr3G71908,unique
Mycgr3G71911,Mycgr3G71911,unique
Mycgr3G71918,Mycgr3G71918,unique
Mycgr3G71923,Mycgr3G71923,unique
Mycgr3G71932,Mycgr3G71932,unique
Mycgr3G71948,Mycgr3G71948,unique
Mycgr3G71957,Mycgr3G71957,unique
Mycgr3G71986,Mycgr3G71986,unique
Mycgr3G71994,Mycgr3G71994,unique
Mycgr3G72002,Mycgr3G72002,unique
Mycgr3G72003,Mycgr3G72003,unique
Mycgr3G72009,Mycgr3G72009,unique
Mycgr3G72012,Mycgr3G72012,unique
Mycgr3G72016,Mycgr3G72016,unique
Mycgr3G72020,Mycgr3G72020,unique
Mycgr3G72023,Mycgr3G72023,unique
Mycgr3G72031,Mycgr3G72031,unique
Mycgr3G72036,Mycgr3G72036,unique
Mycgr3G72043,Mycgr3G72043,unique
Mycgr3G72047,Mycgr3G72047,unique
Mycgr3G72053,Mycgr3G72053,unique
Mycgr3G72054,Mycgr3G72054,unique
Mycgr3G72059,Mycgr3G72059,unique
Mycgr3G72064,Mycgr3G72064,unique
Mycgr3G72103,Mycgr3G72103,unique
Mycgr3G72117,Mycgr3G72117,unique
Mycgr3G72122,Mycgr3G72122,unique
Mycgr3G72125,Mycgr3G72125,unique
Mycgr3G72130,Mycgr3G72130,unique
Mycgr3G72131,Mycgr3G72131,unique
Mycgr3G72138,Mycgr3G72138,unique
Mycgr3G72141,Mycgr3G72141,unique
Mycgr3G72169,Mycgr3G72169,unique
Mycgr3G72191,Mycgr3G72191,unique
Mycgr3G72205,Mycgr3G72205,unique
Mycgr3G72208,Mycgr3G72208,unique
Mycgr3G72213,Mycgr3G72213,unique
Mycgr3G72224,Mycgr3G72224,unique
Mycgr3G72236,Mycgr3G72236,unique
Mycgr3G72239,Mycgr3G72239,unique
Mycgr3G72248,Mycgr3G72248,unique
Mycgr3G72251,Mycgr3G72251,unique
Mycgr3G72253,Mycgr3G72253,unique
Mycgr3G72258,Mycgr3G72258,unique
Mycgr3G72261,Mycgr3G72261,unique
Mycgr3G72265,Mycgr3G72265,unique
Mycgr3G72272,Mycgr3G72272,unique
Mycgr3G72281,Mycgr3G72281,unique
Mycgr3G72288,Mycgr3G72288,unique
Mycgr3G72302,Mycgr3G72302,unique
Mycgr3G72303,Mycgr3G72303,unique
Mycgr3G72326,Mycgr3G72326,unique
Mycgr3G72330,Mycgr3G72330,unique
Mycgr3G72348,Mycgr3G72348,unique
Mycgr3G72359,Mycgr3G72359,unique
Mycgr3G72378,Mycgr3G72378,unique
Mycgr3G72393,Mycgr3G72393,unique
Mycgr3G72394,Mycgr3G72394,unique
Mycgr3G72395,Mycgr3G72395,unique
Mycgr3G72396,Mycgr3G72396,unique
Mycgr3G72400,Mycgr3G72400,unique
Mycgr3G72401,Mycgr3G72401,unique
Mycgr3G72410,Mycgr3G72410,unique
Mycgr3G72416,Mycgr3G72416,unique
Mycgr3G72420,Mycgr3G72420,unique
Mycgr3G72424,Mycgr3G72424,unique
Mycgr3G72426,Mycgr3G72426,unique
Mycgr3G72443,Mycgr3G72443,unique
Mycgr3G72446,Mycgr3G72446,unique
Mycgr3G72449,Mycgr3G72449,unique
Mycgr3G72452,Mycgr3G72452,unique
Mycgr3G72460,Mycgr3G72460,unique
Mycgr3G72463,Mycgr3G72463,unique
Mycgr3G72478,Mycgr3G72478,unique
Mycgr3G72479,Mycgr3G72479,unique
Mycgr3G72489,Mycgr3G72489,unique
Mycgr3G72506,Mycgr3G72506,unique
Mycgr3G72509,Mycgr3G72509,unique
Mycgr3G72515,Mycgr3G72515,unique
Mycgr3G72523,Mycgr3G72523,unique
Mycgr3G72541,Mycgr3G72541,unique
Mycgr3G72545,Mycgr3G72545,unique
Mycgr3G72548,Mycgr3G72548,unique
Mycgr3G72554,Mycgr3G72554,unique
Mycgr3G72564,Mycgr3G72564,unique
Mycgr3G72589,Mycgr3G72589,unique
Mycgr3G72596,Mycgr3G72596,unique
Mycgr3G72602,Mycgr3G72602,unique
Mycgr3G72608,Mycgr3G72608,unique
Mycgr3G72623,Mycgr3G72623,unique
Mycgr3G72625,Mycgr3G72625,unique
Mycgr3G72630,Mycgr3G72630,unique
Mycgr3G72632,Mycgr3G72632,unique
Mycgr3G72635,Mycgr3G72635,unique
Mycgr3G72642,Mycgr3G72642,unique
Mycgr3G72646,Mycgr3G72646,unique
Mycgr3G72657,Mycgr3G72657,unique
Mycgr3G72659,Mycgr3G72659,unique
Mycgr3G72662,Mycgr3G72662,unique
Mycgr3G72668,Mycgr3G72668,unique
Mycgr3G72674,Mycgr3G72674,unique
Mycgr3G72679,Mycgr3G72679,unique
Mycgr3G72682,Mycgr3G72682,unique
Mycgr3G72695,Mycgr3G72695,unique
Mycgr3G72701,Mycgr3G72701,unique
Mycgr3G72704,Mycgr3G72704,unique
Mycgr3G72709,Mycgr3G72709,unique
Mycgr3G72713,Mycgr3G72713,unique
Mycgr3G72725,Mycgr3G72725,unique
Mycgr3G72728,Mycgr3G72728,unique
Mycgr3G72733,Mycgr3G72733,unique
Mycgr3G72759,Mycgr3G72759,unique
Mycgr3G72768,Mycgr3G72768,unique
Mycgr3G72776,Mycgr3G72776,unique
Mycgr3G72790,Mycgr3G72790,unique
Mycgr3G72796,Mycgr3G72796,unique
Mycgr3G72798,Mycgr3G72798,unique
Mycgr3G72806,Mycgr3G72806,unique
Mycgr3G72810,Mycgr3G72810,unique
Mycgr3G72813,Mycgr3G72813,unique
Mycgr3G72829,Mycgr3G72829,unique
Mycgr3G72837,Mycgr3G72837,unique
Mycgr3G72843,Mycgr3G72843,unique
Mycgr3G72846,Mycgr3G72846,unique
Mycgr3G72859,Mycgr3G72859,unique
Mycgr3G72861,Mycgr3G72861,unique
Mycgr3G72868,Mycgr3G72868,unique
Mycgr3G72874,Mycgr3G72874,unique
Mycgr3G72878,Mycgr3G72878,unique
Mycgr3G72883,Mycgr3G72883,unique
Mycgr3G72887,Mycgr3G72887,unique
Mycgr3G72901,Mycgr3G72901,unique
Mycgr3G72903,Mycgr3G72903,unique
Mycgr3G72917,Mycgr3G72917,unique
Mycgr3G72918,Mycgr3G72918,unique
Mycgr3G72923,Mycgr3G72923,unique
Mycgr3G72926,Mycgr3G72926,unique
Mycgr3G72927,Mycgr3G72927,unique
Mycgr3G72944,Mycgr3G72944,unique
Mycgr3G72947,Mycgr3G72947,unique
Mycgr3G72961,Mycgr3G72961,unique
Mycgr3G72966,Mycgr3G72966,unique
Mycgr3G72972,Mycgr3G72972,unique
Mycgr3G72975,Mycgr3G72975,unique
Mycgr3G72989,Mycgr3G72989,unique
Mycgr3G72994,Mycgr3G72994,unique
Mycgr3G72999,Mycgr3G72999,unique
Mycgr3G73004,Mycgr3G73004,unique
Mycgr3G73025,Mycgr3G73025,unique
Mycgr3G73048,Mycgr3G73048,unique
Mycgr3G73051,Mycgr3G73051,unique
Mycgr3G73052,Mycgr3G73052,unique
Mycgr3G73061,Mycgr3G73061,unique
Mycgr3G73064,Mycgr3G73064,unique
Mycgr3G73067,Mycgr3G73067,unique
Mycgr3G73068,Mycgr3G73068,unique
Mycgr3G73071,Mycgr3G73071,unique
Mycgr3G73076,Mycgr3G73076,unique
Mycgr3G73080,Mycgr3G73080,unique
Mycgr3G73095,Mycgr3G73095,unique
Mycgr3G73105,Mycgr3G73105,unique
Mycgr3G73109,Mycgr3G73109,unique
Mycgr3G73114,Mycgr3G73114,unique
Mycgr3G73123,Mycgr3G73123,unique
Mycgr3G73125,Mycgr3G73125,unique
Mycgr3G73131,Mycgr3G73131,unique
Mycgr3G73144,Mycgr3G73144,unique
Mycgr3G73148,Mycgr3G73148,unique
Mycgr3G73150,Mycgr3G73150,unique
Mycgr3G73167,Mycgr3G73167,unique
Mycgr3G73173,Mycgr3G73173,unique
Mycgr3G73187,Mycgr3G73187,unique
Mycgr3G73189,Mycgr3G73189,unique
Mycgr3G73191,Mycgr3G73191,unique
Mycgr3G73202,Mycgr3G73202,unique
Mycgr3G73205,Mycgr3G73205,unique
Mycgr3G73209,Mycgr3G73209,unique
Mycgr3G73220,Mycgr3G73220,unique
Mycgr3G73230,Mycgr3G73230,unique
Mycgr3G73238,Mycgr3G73238,unique
Mycgr3G73269,Mycgr3G73269,unique
Mycgr3G73271,Mycgr3G73271,unique
Mycgr3G73277,Mycgr3G73277,unique
Mycgr3G73287,Mycgr3G73287,unique
Mycgr3G73298,Mycgr3G73298,unique
Mycgr3G73304,Mycgr3G73304,unique
Mycgr3G73306,Mycgr3G73306,unique
Mycgr3G73308,Mycgr3G73308,unique
Mycgr3G73310,Mycgr3G73310,unique
Mycgr3G73322,Mycgr3G73322,unique
Mycgr3G73324,Mycgr3G73324,unique
Mycgr3G73331,Mycgr3G73331,unique
Mycgr3G73335,Mycgr3G73335,unique
Mycgr3G73347,Mycgr3G73347,unique
Mycgr3G73357,Mycgr3G73357,unique
Mycgr3G73364,Mycgr3G73364,unique
Mycgr3G73369,Mycgr3G73369,unique
Mycgr3G73372,Mycgr3G73372,unique
Mycgr3G73377,Mycgr3G73377,unique
Mycgr3G73380,Mycgr3G73380,unique
Mycgr3G73382,Mycgr3G73382,unique
Mycgr3G73390,Mycgr3G73390,unique
Mycgr3G73399,Mycgr3G73399,unique
Mycgr3G73407,Mycgr3G73407,unique
Mycgr3G73408,Mycgr3G73408,unique
Mycgr3G73424,Mycgr3G73424,unique
Mycgr3G73426,Mycgr3G73426,unique
Mycgr3G73435,Mycgr3G73435,unique
Mycgr3G73447,Mycgr3G73447,unique
Mycgr3G73448,Mycgr3G73448,unique
Mycgr3G73474,Mycgr3G73474,unique
Mycgr3G73475,Mycgr3G73475,unique
Mycgr3G73479,Mycgr3G73479,unique
Mycgr3G73484,Mycgr3G73484,unique
Mycgr3G73494,Mycgr3G73494,unique
Mycgr3G73498,Mycgr3G73498,unique
Mycgr3G73499,Mycgr3G73499,unique
Mycgr3G73506,Mycgr3G73506,unique
Mycgr3G73508,Mycgr3G73508,unique
Mycgr3G73513,Mycgr3G73513,unique
Mycgr3G73517,Mycgr3G73517,unique
Mycgr3G73528,Mycgr3G73528,unique
Mycgr3G73531,Mycgr3G73531,unique
Mycgr3G73536,Mycgr3G73536,unique
Mycgr3G73544,Mycgr3G73544,unique
Mycgr3G73547,Mycgr3G73547,unique
Mycgr3G73550,Mycgr3G73550,unique
Mycgr3G73558,Mycgr3G73558,unique
Mycgr3G73568,Mycgr3G73568,unique
Mycgr3G73576,Mycgr3G73576,unique
Mycgr3G73579,Mycgr3G73579,unique
Mycgr3G73582,Mycgr3G73582,unique
Mycgr3G73589,Mycgr3G73589,unique
Mycgr3G73598,Mycgr3G73598,unique
Mycgr3G73600,Mycgr3G73600,unique
Mycgr3G73604,Mycgr3G73604,unique
Mycgr3G73616,Mycgr3G73616,unique
Mycgr3G73620,Mycgr3G73620,unique
Mycgr3G73621,Mycgr3G73621,unique
Mycgr3G73624,Mycgr3G73624,unique
Mycgr3G73635,Mycgr3G73635,unique
Mycgr3G73649,Mycgr3G73649,unique
Mycgr3G73661,Mycgr3G73661,unique
Mycgr3G73671,Mycgr3G73671,unique
Mycgr3G73676,Mycgr3G73676,unique
Mycgr3G73683,Mycgr3G73683,unique
Mycgr3G73692,Mycgr3G73692,unique
Mycgr3G73708,Mycgr3G73708,unique
Mycgr3G73714,Mycgr3G73714,unique
Mycgr3G73716,Mycgr3G73716,unique
Mycgr3G73721,Mycgr3G73721,unique
Mycgr3G73725,Mycgr3G73725,unique
Mycgr3G73729,Mycgr3G73729,unique
Mycgr3G73735,Mycgr3G73735,unique
Mycgr3G73738,Mycgr3G73738,unique
Mycgr3G73745,Mycgr3G73745,unique
Mycgr3G73757,Mycgr3G73757,unique
Mycgr3G73758,Mycgr3G73758,unique
Mycgr3G73769,Mycgr3G73769,unique
Mycgr3G73771,Mycgr3G73771,unique
Mycgr3G73778,Mycgr3G73778,unique
Mycgr3G73782,Mycgr3G73782,unique
Mycgr3G73800,Mycgr3G73800,unique
Mycgr3G73804,Mycgr3G73804,unique
Mycgr3G73812,Mycgr3G73812,unique
Mycgr3G73816,Mycgr3G73816,unique
Mycgr3G73819,Mycgr3G73819,unique
Mycgr3G73824,Mycgr3G73824,unique
Mycgr3G73826,Mycgr3G73826,unique
Mycgr3G73832,Mycgr3G73832,unique
Mycgr3G73835,Mycgr3G73835,unique
Mycgr3G73841,Mycgr3G73841,unique
Mycgr3G73846,Mycgr3G73846,unique
Mycgr3G73850,Mycgr3G73850,unique
Mycgr3G73860,Mycgr3G73860,unique
Mycgr3G73868,Mycgr3G73868,unique
Mycgr3G73873,Mycgr3G73873,unique
Mycgr3G73897,Mycgr3G73897,unique
Mycgr3G73903,Mycgr3G73903,unique
Mycgr3G73913,Mycgr3G73913,unique
Mycgr3G73914,Mycgr3G73914,unique
Mycgr3G73923,Mycgr3G73923,unique
Mycgr3G73926,Mycgr3G73926,unique
Mycgr3G73931,Mycgr3G73931,unique
Mycgr3G73948,Mycgr3G73948,unique
Mycgr3G73955,Mycgr3G73955,unique
Mycgr3G73969,Mycgr3G73969,unique
Mycgr3G73972,Mycgr3G73972,unique
Mycgr3G73985,Mycgr3G73985,unique
Mycgr3G73993,Mycgr3G73993,unique
Mycgr3G74004,Mycgr3G74004,unique
Mycgr3G74012,Mycgr3G74012,unique
Mycgr3G74015,Mycgr3G74015,unique
Mycgr3G74016,Mycgr3G74016,unique
Mycgr3G74026,Mycgr3G74026,unique
Mycgr3G74029,Mycgr3G74029,unique
Mycgr3G74038,Mycgr3G74038,unique
Mycgr3G74043,Mycgr3G74043,unique
Mycgr3G74048,Mycgr3G74048,unique
Mycgr3G74052,Mycgr3G74052,unique
Mycgr3G74061,Mycgr3G74061,unique
Mycgr3G74064,Mycgr3G74064,unique
Mycgr3G74077,Mycgr3G74077,unique
Mycgr3G74078,Mycgr3G74078,unique
Mycgr3G74083,Mycgr3G74083,unique
Mycgr3G74087,Mycgr3G74087,unique
Mycgr3G74088,Mycgr3G74088,unique
Mycgr3G74092,Mycgr3G74092,unique
Mycgr3G74097,Mycgr3G74097,unique
Mycgr3G74100,Mycgr3G74100,unique
Mycgr3G74103,Mycgr3G74103,unique
Mycgr3G74109,Mycgr3G74109,unique
Mycgr3G74111,Mycgr3G74111,unique
Mycgr3G74113,Mycgr3G74113,unique
Mycgr3G74118,Mycgr3G74118,unique
Mycgr3G74120,Mycgr3G74120,unique
Mycgr3G74131,Mycgr3G74131,unique
Mycgr3G74143,Mycgr3G74143,unique
Mycgr3G74145,Mycgr3G74145,unique
Mycgr3G74146,Mycgr3G74146,unique
Mycgr3G74151,Mycgr3G74151,unique
Mycgr3G74152,Mycgr3G74152,unique
Mycgr3G74155,Mycgr3G74155,unique
Mycgr3G74159,Mycgr3G74159,unique
Mycgr3G74162,Mycgr3G74162,unique
Mycgr3G74163,Mycgr3G74163,unique
Mycgr3G74168,Mycgr3G74168,unique
Mycgr3G74169,Mycgr3G74169,unique
Mycgr3G74170,Mycgr3G74170,unique
Mycgr3G74173,Mycgr3G74173,unique
Mycgr3G74181,Mycgr3G74181,unique
Mycgr3G74191,Mycgr3G74191,unique
Mycgr3G74194,Mycgr3G74194,unique
Mycgr3G74200,Mycgr3G74200,unique
Mycgr3G74201,Mycgr3G74201,unique
Mycgr3G74207,Mycgr3G74207,unique
Mycgr3G74210,Mycgr3G74210,unique
Mycgr3G74214,Mycgr3G74214,unique
Mycgr3G74217,Mycgr3G74217,unique
Mycgr3G74222,Mycgr3G74222,unique
Mycgr3G74228,Mycgr3G74228,unique
Mycgr3G74230,Mycgr3G74230,unique
Mycgr3G74232,Mycgr3G74232,unique
Mycgr3G74252,Mycgr3G74252,unique
Mycgr3G74254,Mycgr3G74254,unique
Mycgr3G74261,Mycgr3G74261,unique
Mycgr3G74263,Mycgr3G74263,unique
Mycgr3G74280,Mycgr3G74280,unique
Mycgr3G74291,Mycgr3G74291,unique
Mycgr3G74298,Mycgr3G74298,unique
Mycgr3G74317,Mycgr3G74317,unique
Mycgr3G74323,Mycgr3G74323,unique
Mycgr3G74327,Mycgr3G74327,unique
Mycgr3G74334,Mycgr3G74334,unique
Mycgr3G74336,Mycgr3G74336,unique
Mycgr3G74342,Mycgr3G74342,unique
Mycgr3G74344,Mycgr3G74344,unique
Mycgr3G74348,Mycgr3G74348,unique
Mycgr3G74352,Mycgr3G74352,unique
Mycgr3G74353,Mycgr3G74353,unique
Mycgr3G74360,Mycgr3G74360,unique
Mycgr3G74362,Mycgr3G74362,unique
Mycgr3G74367,Mycgr3G74367,unique
Mycgr3G74369,Mycgr3G74369,unique
Mycgr3G74372,Mycgr3G74372,unique
Mycgr3G74379,Mycgr3G74379,unique
Mycgr3G74399,Mycgr3G74399,unique
Mycgr3G74412,Mycgr3G74412,unique
Mycgr3G74418,Mycgr3G74418,unique
Mycgr3G74422,Mycgr3G74422,unique
Mycgr3G74423,Mycgr3G74423,unique
Mycgr3G74429,Mycgr3G74429,unique
Mycgr3G74444,Mycgr3G74444,unique
Mycgr3G74453,Mycgr3G74453,unique
Mycgr3G74458,Mycgr3G74458,unique
Mycgr3G74460,Mycgr3G74460,unique
Mycgr3G74463,Mycgr3G74463,unique
Mycgr3G74465,Mycgr3G74465,unique
Mycgr3G74468,Mycgr3G74468,unique
Mycgr3G74471,Mycgr3G74471,unique
Mycgr3G74485,Mycgr3G74485,unique
Mycgr3G74506,Mycgr3G74506,unique
Mycgr3G74510,Mycgr3G74510,unique
Mycgr3G74522,Mycgr3G74522,unique
Mycgr3G74526,Mycgr3G74526,unique
Mycgr3G74536,Mycgr3G74536,unique
Mycgr3G74541,Mycgr3G74541,unique
Mycgr3G74546,Mycgr3G74546,unique
Mycgr3G74552,Mycgr3G74552,unique
Mycgr3G74555,Mycgr3G74555,unique
Mycgr3G74561,Mycgr3G74561,unique
Mycgr3G74566,Mycgr3G74566,unique
Mycgr3G74569,Mycgr3G74569,unique
Mycgr3G74581,Mycgr3G74581,unique
Mycgr3G74587,Mycgr3G74587,unique
Mycgr3G74592,Mycgr3G74592,unique
Mycgr3G74593,Mycgr3G74593,unique
Mycgr3G74597,Mycgr3G74597,unique
Mycgr3G74599,Mycgr3G74599,unique
Mycgr3G74623,Mycgr3G74623,unique
Mycgr3G74633,Mycgr3G74633,unique
Mycgr3G74641,Mycgr3G74641,unique
Mycgr3G74645,Mycgr3G74645,unique
Mycgr3G74650,Mycgr3G74650,unique
Mycgr3G74659,Mycgr3G74659,unique
Mycgr3G74660,Mycgr3G74660,unique
Mycgr3G74664,Mycgr3G74664,unique
Mycgr3G74666,Mycgr3G74666,unique
Mycgr3G74671,Mycgr3G74671,unique
Mycgr3G74675,Mycgr3G74675,unique
Mycgr3G74677,Mycgr3G74677,unique
Mycgr3G74684,Mycgr3G74684,unique
Mycgr3G74688,Mycgr3G74688,unique
Mycgr3G74690,Mycgr3G74690,unique
Mycgr3G74695,Mycgr3G74695,unique
Mycgr3G74700,Mycgr3G74700,unique
Mycgr3G74707,Mycgr3G74707,unique
Mycgr3G74711,Mycgr3G74711,unique
Mycgr3G74715,Mycgr3G74715,unique
Mycgr3G74724,Mycgr3G74724,unique
Mycgr3G74730,Mycgr3G74730,unique
Mycgr3G74750,Mycgr3G74750,unique
Mycgr3G74752,Mycgr3G74752,unique
Mycgr3G74759,Mycgr3G74759,unique
Mycgr3G74764,Mycgr3G74764,unique
Mycgr3G74768,Mycgr3G74768,unique
Mycgr3G74783,Mycgr3G74783,unique
Mycgr3G74796,Mycgr3G74796,unique
Mycgr3G74800,Mycgr3G74800,unique
Mycgr3G74808,Mycgr3G74808,unique
Mycgr3G74826,Mycgr3G74826,unique
Mycgr3G74836,Mycgr3G74836,unique
Mycgr3G74837,Mycgr3G74837,unique
Mycgr3G74842,Mycgr3G74842,unique
Mycgr3G74848,Mycgr3G74848,unique
Mycgr3G74856,Mycgr3G74856,unique
Mycgr3G74861,Mycgr3G74861,unique
Mycgr3G74864,Mycgr3G74864,unique
Mycgr3G74868,Mycgr3G74868,unique
Mycgr3G74892,Mycgr3G74892,unique
Mycgr3G74909,Mycgr3G74909,unique
Mycgr3G74910,Mycgr3G74910,unique
Mycgr3G74913,Mycgr3G74913,unique
Mycgr3G74920,Mycgr3G74920,unique
Mycgr3G74929,Mycgr3G74929,unique
Mycgr3G74939,Mycgr3G74939,unique
Mycgr3G74955,Mycgr3G74955,unique
Mycgr3G74961,Mycgr3G74961,unique
Mycgr3G74966,Mycgr3G74966,unique
Mycgr3G74970,Mycgr3G74970,unique
Mycgr3G74973,Mycgr3G74973,unique
Mycgr3G74992,Mycgr3G74992,unique
Mycgr3G74994,Mycgr3G74994,unique
Mycgr3G74996,Mycgr3G74996,unique
Mycgr3G75012,Mycgr3G75012,unique
Mycgr3G75015,Mycgr3G75015,unique
Mycgr3G75026,Mycgr3G75026,unique
Mycgr3G75046,Mycgr3G75046,unique
Mycgr3G75047,Mycgr3G75047,unique
Mycgr3G75050,Mycgr3G75050,unique
Mycgr3G75056,Mycgr3G75056,unique
Mycgr3G75070,Mycgr3G75070,unique
Mycgr3G75077,Mycgr3G75077,unique
Mycgr3G75082,Mycgr3G75082,unique
Mycgr3G75087,Mycgr3G75087,unique
Mycgr3G75102,Mycgr3G75102,unique
Mycgr3G75105,Mycgr3G75105,unique
Mycgr3G75112,Mycgr3G75112,unique
Mycgr3G75116,Mycgr3G75116,unique
Mycgr3G75118,Mycgr3G75118,unique
Mycgr3G75124,Mycgr3G75124,unique
Mycgr3G75137,Mycgr3G75137,unique
Mycgr3G75139,Mycgr3G75139,unique
Mycgr3G75146,Mycgr3G75146,unique
Mycgr3G75156,Mycgr3G75156,unique
Mycgr3G75159,Mycgr3G75159,unique
Mycgr3G75163,Mycgr3G75163,unique
Mycgr3G75170,Mycgr3G75170,unique
Mycgr3G75178,Mycgr3G75178,unique
Mycgr3G75187,Mycgr3G75187,unique
Mycgr3G75203,Mycgr3G75203,unique
Mycgr3G75204,Mycgr3G75204,unique
Mycgr3G75229,Mycgr3G75229,unique
Mycgr3G75234,Mycgr3G75234,unique
Mycgr3G75239,Mycgr3G75239,unique
Mycgr3G75240,Mycgr3G75240,unique
Mycgr3G75274,Mycgr3G75274,unique
Mycgr3G75286,Mycgr3G75286,unique
Mycgr3G75289,Mycgr3G75289,unique
Mycgr3G75295,Mycgr3G75295,unique
Mycgr3G75299,Mycgr3G75299,unique
Mycgr3G75314,Mycgr3G75314,unique
Mycgr3G75316,Mycgr3G75316,unique
Mycgr3G75326,Mycgr3G75326,unique
Mycgr3G75334,Mycgr3G75334,unique
Mycgr3G75341,Mycgr3G75341,unique
Mycgr3G75353,Mycgr3G75353,unique
Mycgr3G75359,Mycgr3G75359,unique
Mycgr3G75360,Mycgr3G75360,unique
Mycgr3G75366,Mycgr3G75366,unique
Mycgr3G75370,Mycgr3G75370,unique
Mycgr3G75376,Mycgr3G75376,unique
Mycgr3G75388,Mycgr3G75388,unique
Mycgr3G75392,Mycgr3G75392,unique
Mycgr3G75413,Mycgr3G75413,unique
Mycgr3G75416,Mycgr3G75416,unique
Mycgr3G75418,Mycgr3G75418,unique
Mycgr3G75420,Mycgr3G75420,unique
Mycgr3G75424,Mycgr3G75424,unique
Mycgr3G75437,Mycgr3G75437,unique
Mycgr3G75448,Mycgr3G75448,unique
Mycgr3G75450,Mycgr3G75450,unique
Mycgr3G75458,Mycgr3G75458,unique
Mycgr3G75460,Mycgr3G75460,unique
Mycgr3G75463,Mycgr3G75463,unique
Mycgr3G75467,Mycgr3G75467,unique
Mycgr3G75475,Mycgr3G75475,unique
Mycgr3G75494,Mycgr3G75494,unique
Mycgr3G75499,Mycgr3G75499,unique
Mycgr3G75505,Mycgr3G75505,unique
Mycgr3G75506,Mycgr3G75506,unique
Mycgr3G75509,Mycgr3G75509,unique
Mycgr3G75517,Mycgr3G75517,unique
Mycgr3G75518,Mycgr3G75518,unique
Mycgr3G75537,Mycgr3G75537,unique
Mycgr3G75543,Mycgr3G75543,unique
Mycgr3G75552,Mycgr3G75552,unique
Mycgr3G75563,Mycgr3G75563,unique
Mycgr3G75568,Mycgr3G75568,unique
Mycgr3G75573,Mycgr3G75573,unique
Mycgr3G75576,Mycgr3G75576,unique
Mycgr3G75577,Mycgr3G75577,unique
Mycgr3G75580,Mycgr3G75580,unique
Mycgr3G75584,Mycgr3G75584,unique
Mycgr3G75597,Mycgr3G75597,unique
Mycgr3G75599,Mycgr3G75599,unique
Mycgr3G75604,Mycgr3G75604,unique
Mycgr3G75608,Mycgr3G75608,unique
Mycgr3G75621,Mycgr3G75621,unique
Mycgr3G75629,Mycgr3G75629,unique
Mycgr3G75652,Mycgr3G75652,unique
Mycgr3G75665,Mycgr3G75665,unique
Mycgr3G75672,Mycgr3G75672,unique
Mycgr3G75690,Mycgr3G75690,unique
Mycgr3G75696,Mycgr3G75696,unique
Mycgr3G75699,Mycgr3G75699,unique
Mycgr3G75707,Mycgr3G75707,unique
Mycgr3G75719,Mycgr3G75719,unique
Mycgr3G75734,Mycgr3G75734,unique
Mycgr3G75738,Mycgr3G75738,unique
Mycgr3G75752,Mycgr3G75752,unique
Mycgr3G75755,Mycgr3G75755,unique
Mycgr3G75758,Mycgr3G75758,unique
Mycgr3G75763,Mycgr3G75763,unique
Mycgr3G75774,Mycgr3G75774,unique
Mycgr3G75780,Mycgr3G75780,unique
Mycgr3G75784,Mycgr3G75784,unique
Mycgr3G75791,Mycgr3G75791,unique
Mycgr3G75796,Mycgr3G75796,unique
Mycgr3G75800,Mycgr3G75800,unique
Mycgr3G75805,Mycgr3G75805,unique
Mycgr3G75806,Mycgr3G75806,unique
Mycgr3G75819,Mycgr3G75819,unique
Mycgr3G75829,Mycgr3G75829,unique
Mycgr3G75839,Mycgr3G75839,unique
Mycgr3G75841,Mycgr3G75841,unique
Mycgr3G75846,Mycgr3G75846,unique
Mycgr3G75847,Mycgr3G75847,unique
Mycgr3G75855,Mycgr3G75855,unique
Mycgr3G75856,Mycgr3G75856,unique
Mycgr3G75862,Mycgr3G75862,unique
Mycgr3G75881,Mycgr3G75881,unique
Mycgr3G75885,Mycgr3G75885,unique
Mycgr3G75892,Mycgr3G75892,unique
Mycgr3G75897,Mycgr3G75897,unique
Mycgr3G75902,Mycgr3G75902,unique
Mycgr3G75907,Mycgr3G75907,unique
Mycgr3G75909,Mycgr3G75909,unique
Mycgr3G75916,Mycgr3G75916,unique
Mycgr3G75921,Mycgr3G75921,unique
Mycgr3G75924,Mycgr3G75924,unique
Mycgr3G75925,Mycgr3G75925,unique
Mycgr3G75935,Mycgr3G75935,unique
Mycgr3G75941,Mycgr3G75941,unique
Mycgr3G75944,Mycgr3G75944,unique
Mycgr3G75949,Mycgr3G75949,unique
Mycgr3G75953,Mycgr3G75953,unique
Mycgr3G75961,Mycgr3G75961,unique
Mycgr3G75982,Mycgr3G75982,unique
Mycgr3G75985,Mycgr3G75985,unique
Mycgr3G75991,Mycgr3G75991,unique
Mycgr3G75993,Mycgr3G75993,unique
Mycgr3G76010,Mycgr3G76010,unique
Mycgr3G76012,Mycgr3G76012,unique
Mycgr3G76018,Mycgr3G76018,unique
Mycgr3G76021,Mycgr3G76021,unique
Mycgr3G76036,Mycgr3G76036,unique
Mycgr3G76039,Mycgr3G76039,unique
Mycgr3G76044,Mycgr3G76044,unique
Mycgr3G76066,Mycgr3G76066,unique
Mycgr3G76068,Mycgr3G76068,unique
Mycgr3G76071,Mycgr3G76071,unique
Mycgr3G76076,Mycgr3G76076,unique
Mycgr3G76083,Mycgr3G76083,unique
Mycgr3G76101,Mycgr3G76101,unique
Mycgr3G76111,Mycgr3G76111,unique
Mycgr3G76112,Mycgr3G76112,unique
Mycgr3G76119,Mycgr3G76119,unique
Mycgr3G76122,Mycgr3G76122,unique
Mycgr3G76127,Mycgr3G76127,unique
Mycgr3G76129,Mycgr3G76129,unique
Mycgr3G76134,Mycgr3G76134,unique
Mycgr3G76141,Mycgr3G76141,unique
Mycgr3G76143,Mycgr3G76143,unique
Mycgr3G76146,Mycgr3G76146,unique
Mycgr3G76149,Mycgr3G76149,unique
Mycgr3G76171,Mycgr3G76171,unique
Mycgr3G76200,Mycgr3G76200,unique
Mycgr3G76205,Mycgr3G76205,unique
Mycgr3G76215,Mycgr3G76215,unique
Mycgr3G76218,Mycgr3G76218,unique
Mycgr3G76222,Mycgr3G76222,unique
Mycgr3G76240,Mycgr3G76240,unique
Mycgr3G76249,Mycgr3G76249,unique
Mycgr3G76256,Mycgr3G76256,unique
Mycgr3G76259,Mycgr3G76259,unique
Mycgr3G76260,Mycgr3G76260,unique
Mycgr3G76263,Mycgr3G76263,unique
Mycgr3G76271,Mycgr3G76271,unique
Mycgr3G76276,Mycgr3G76276,unique
Mycgr3G76289,Mycgr3G76289,unique
Mycgr3G76293,Mycgr3G76293,unique
Mycgr3G76295,Mycgr3G76295,unique
Mycgr3G76299,Mycgr3G76299,unique
Mycgr3G76302,Mycgr3G76302,unique
Mycgr3G76305,Mycgr3G76305,unique
Mycgr3G76332,Mycgr3G76332,unique
Mycgr3G76346,Mycgr3G76346,unique
Mycgr3G76357,Mycgr3G76357,unique
Mycgr3G76370,Mycgr3G76370,unique
Mycgr3G76373,Mycgr3G76373,unique
Mycgr3G76386,Mycgr3G76386,unique
Mycgr3G76388,Mycgr3G76388,unique
Mycgr3G76399,Mycgr3G76399,unique
Mycgr3G76401,Mycgr3G76401,unique
Mycgr3G76417,Mycgr3G76417,unique
Mycgr3G76425,Mycgr3G76425,unique
Mycgr3G76430,Mycgr3G76430,unique
Mycgr3G76437,Mycgr3G76437,unique
Mycgr3G76446,Mycgr3G76446,unique
Mycgr3G76449,Mycgr3G76449,unique
Mycgr3G76460,Mycgr3G76460,unique
Mycgr3G76469,Mycgr3G76469,unique
Mycgr3G76471,Mycgr3G76471,unique
Mycgr3G76477,Mycgr3G76477,unique
Mycgr3G76487,Mycgr3G76487,unique
Mycgr3G76495,Mycgr3G76495,unique
Mycgr3G76502,Mycgr3G76502,unique
Mycgr3G76503,Mycgr3G76503,unique
Mycgr3G76506,Mycgr3G76506,unique
Mycgr3G76524,Mycgr3G76524,unique
Mycgr3G76530,Mycgr3G76530,unique
Mycgr3G76532,Mycgr3G76532,unique
Mycgr3G76537,Mycgr3G76537,unique
Mycgr3G76541,Mycgr3G76541,unique
Mycgr3G76546,Mycgr3G76546,unique
Mycgr3G76553,Mycgr3G76553,unique
Mycgr3G76558,Mycgr3G76558,unique
Mycgr3G76564,Mycgr3G76564,unique
Mycgr3G76570,Mycgr3G76570,unique
Mycgr3G76577,Mycgr3G76577,unique
Mycgr3G76579,Mycgr3G76579,unique
Mycgr3G76589,Mycgr3G76589,unique
Mycgr3G76594,Mycgr3G76594,unique
Mycgr3G76604,Mycgr3G76604,unique
Mycgr3G76608,Mycgr3G76608,unique
Mycgr3G76609,Mycgr3G76609,unique
Mycgr3G76618,Mycgr3G76618,unique
Mycgr3G76625,Mycgr3G76625,unique
Mycgr3G76628,Mycgr3G76628,unique
Mycgr3G76636,Mycgr3G76636,unique
Mycgr3G76646,Mycgr3G76646,unique
Mycgr3G76651,Mycgr3G76651,unique
Mycgr3G76652,Mycgr3G76652,unique
Mycgr3G76657,Mycgr3G76657,unique
Mycgr3G76665,Mycgr3G76665,unique
Mycgr3G76672,Mycgr3G76672,unique
Mycgr3G76675,Mycgr3G76675,unique
Mycgr3G76681,Mycgr3G76681,unique
Mycgr3G76687,Mycgr3G76687,unique
Mycgr3G76703,Mycgr3G76703,unique
Mycgr3G76712,Mycgr3G76712,unique
Mycgr3G76713,Mycgr3G76713,unique
Mycgr3G76721,Mycgr3G76721,unique
Mycgr3G76723,Mycgr3G76723,unique
Mycgr3G76728,Mycgr3G76728,unique
Mycgr3G76739,Mycgr3G76739,unique
Mycgr3G76741,Mycgr3G76741,unique
Mycgr3G76743,Mycgr3G76743,unique
Mycgr3G76753,Mycgr3G76753,unique
Mycgr3G76762,Mycgr3G76762,unique
Mycgr3G76764,Mycgr3G76764,unique
Mycgr3G76772,Mycgr3G76772,unique
Mycgr3G76782,Mycgr3G76782,unique
Mycgr3G76789,Mycgr3G76789,unique
Mycgr3G76790,Mycgr3G76790,unique
Mycgr3G76800,Mycgr3G76800,unique
Mycgr3G76805,Mycgr3G76805,unique
Mycgr3G76808,Mycgr3G76808,unique
Mycgr3G76815,Mycgr3G76815,unique
Mycgr3G76843,Mycgr3G76843,unique
Mycgr3G76858,Mycgr3G76858,unique
Mycgr3G76868,Mycgr3G76868,unique
Mycgr3G76870,Mycgr3G76870,unique
Mycgr3G76890,Mycgr3G76890,unique
Mycgr3G76893,Mycgr3G76893,unique
Mycgr3G76905,Mycgr3G76905,unique
Mycgr3G76921,Mycgr3G76921,unique
Mycgr3G76924,Mycgr3G76924,unique
Mycgr3G76944,Mycgr3G76944,unique
Mycgr3G76947,Mycgr3G76947,unique
Mycgr3G76950,Mycgr3G76950,unique
Mycgr3G76956,Mycgr3G76956,unique
Mycgr3G76974,Mycgr3G76974,unique
Mycgr3G77007,Mycgr3G77007,unique
Mycgr3G77016,Mycgr3G77016,unique
Mycgr3G77021,Mycgr3G77021,unique
Mycgr3G77046,Mycgr3G77046,unique
Mycgr3G77055,Mycgr3G77055,unique
Mycgr3G77057,Mycgr3G77057,unique
Mycgr3G77064,Mycgr3G77064,unique
Mycgr3G77069,Mycgr3G77069,unique
Mycgr3G77074,Mycgr3G77074,unique
Mycgr3G77079,Mycgr3G77079,unique
Mycgr3G77082,Mycgr3G77082,unique
Mycgr3G77085,Mycgr3G77085,unique
Mycgr3G77089,Mycgr3G77089,unique
Mycgr3G77102,Mycgr3G77102,unique
Mycgr3G77111,Mycgr3G77111,unique
Mycgr3G77113,Mycgr3G77113,unique
Mycgr3G77116,Mycgr3G77116,unique
Mycgr3G77121,Mycgr3G77121,unique
Mycgr3G77127,Mycgr3G77127,unique
Mycgr3G77140,Mycgr3G77140,unique
Mycgr3G77145,Mycgr3G77145,unique
Mycgr3G77151,Mycgr3G77151,unique
Mycgr3G77156,Mycgr3G77156,unique
Mycgr3G77157,Mycgr3G77157,unique
Mycgr3G77167,Mycgr3G77167,unique
Mycgr3G77172,Mycgr3G77172,unique
Mycgr3G77175,Mycgr3G77175,unique
Mycgr3G77177,Mycgr3G77177,unique
Mycgr3G77196,Mycgr3G77196,unique
Mycgr3G77200,Mycgr3G77200,unique
Mycgr3G77203,Mycgr3G77203,unique
Mycgr3G77210,Mycgr3G77210,unique
Mycgr3G77213,Mycgr3G77213,unique
Mycgr3G77226,Mycgr3G77226,unique
Mycgr3G77228,Mycgr3G77228,unique
Mycgr3G77247,Mycgr3G77247,unique
Mycgr3G77248,Mycgr3G77248,unique
Mycgr3G77251,Mycgr3G77251,unique
Mycgr3G77261,Mycgr3G77261,unique
Mycgr3G77269,Mycgr3G77269,unique
Mycgr3G77273,Mycgr3G77273,unique
Mycgr3G77280,Mycgr3G77280,unique
Mycgr3G77282,Mycgr3G77282,unique
Mycgr3G77304,Mycgr3G77304,unique
Mycgr3G77308,Mycgr3G77308,unique
Mycgr3G77312,Mycgr3G77312,unique
Mycgr3G77320,Mycgr3G77320,unique
Mycgr3G77324,Mycgr3G77324,unique
Mycgr3G77325,Mycgr3G77325,unique
Mycgr3G77337,Mycgr3G77337,unique
Mycgr3G77354,Mycgr3G77354,unique
Mycgr3G77359,Mycgr3G77359,unique
Mycgr3G77366,Mycgr3G77366,unique
Mycgr3G77372,Mycgr3G77372,unique
Mycgr3G77377,Mycgr3G77377,unique
Mycgr3G77395,Mycgr3G77395,unique
Mycgr3G77396,Mycgr3G77396,unique
Mycgr3G77404,Mycgr3G77404,unique
Mycgr3G77425,Mycgr3G77425,unique
Mycgr3G77431,Mycgr3G77431,unique
Mycgr3G77435,Mycgr3G77435,unique
Mycgr3G77442,Mycgr3G77442,unique
Mycgr3G77447,Mycgr3G77447,unique
Mycgr3G77474,Mycgr3G77474,unique
Mycgr3G77482,Mycgr3G77482,unique
Mycgr3G77491,Mycgr3G77491,unique
Mycgr3G77495,Mycgr3G77495,unique
Mycgr3G77496,Mycgr3G77496,unique
Mycgr3G77501,Mycgr3G77501,unique
Mycgr3G77508,Mycgr3G77508,unique
Mycgr3G77528,Mycgr3G77528,unique
Mycgr3G77532,Mycgr3G77532,unique
Mycgr3G77535,Mycgr3G77535,unique
Mycgr3G77545,Mycgr3G77545,unique
Mycgr3G77548,Mycgr3G77548,unique
Mycgr3G77560,Mycgr3G77560,unique
Mycgr3G77587,Mycgr3G77587,unique
Mycgr3G77604,Mycgr3G77604,unique
Mycgr3G77616,Mycgr3G77616,unique
Mycgr3G77625,Mycgr3G77625,unique
Mycgr3G77629,Mycgr3G77629,unique
Mycgr3G77635,Mycgr3G77635,unique
Mycgr3G77642,Mycgr3G77642,unique
Mycgr3G77647,Mycgr3G77647,unique
Mycgr3G77658,Mycgr3G77658,unique
Mycgr3G77663,Mycgr3G77663,unique
Mycgr3G77668,Mycgr3G77668,unique
Mycgr3G77672,Mycgr3G77672,unique
Mycgr3G77678,Mycgr3G77678,unique
Mycgr3G77684,Mycgr3G77684,unique
Mycgr3G77689,Mycgr3G77689,unique
Mycgr3G77694,Mycgr3G77694,unique
Mycgr3G77698,Mycgr3G77698,unique
Mycgr3G77701,Mycgr3G77701,unique
Mycgr3G77707,Mycgr3G77707,unique
Mycgr3G77714,Mycgr3G77714,unique
Mycgr3G77716,Mycgr3G77716,unique
Mycgr3G77725,Mycgr3G77725,unique
Mycgr3G77753,Mycgr3G77753,unique
Mycgr3G77760,Mycgr3G77760,unique
Mycgr3G77762,Mycgr3G77762,unique
Mycgr3G77764,Mycgr3G77764,unique
Mycgr3G77793,Mycgr3G77793,unique
Mycgr3G77796,Mycgr3G77796,unique
Mycgr3G77797,Mycgr3G77797,unique
Mycgr3G77799,Mycgr3G77799,unique
Mycgr3G77832,Mycgr3G77832,unique
Mycgr3G77835,Mycgr3G77835,unique
Mycgr3G77836,Mycgr3G77836,unique
Mycgr3G77839,Mycgr3G77839,unique
Mycgr3G77840,Mycgr3G77840,unique
Mycgr3G77845,Mycgr3G77845,unique
Mycgr3G77854,Mycgr3G77854,unique
Mycgr3G77856,Mycgr3G77856,unique
Mycgr3G77869,Mycgr3G77869,unique
Mycgr3G77882,Mycgr3G77882,unique
Mycgr3G77886,Mycgr3G77886,unique
Mycgr3G77890,Mycgr3G77890,unique
Mycgr3G77894,Mycgr3G77894,unique
Mycgr3G77897,Mycgr3G77897,unique
Mycgr3G77914,Mycgr3G77914,unique
Mycgr3G77923,Mycgr3G77923,unique
Mycgr3G77930,Mycgr3G77930,unique
Mycgr3G77935,Mycgr3G77935,unique
Mycgr3G77946,Mycgr3G77946,unique
Mycgr3G77955,Mycgr3G77955,unique
Mycgr3G77972,Mycgr3G77972,unique
Mycgr3G77975,Mycgr3G77975,unique
Mycgr3G77988,Mycgr3G77988,unique
Mycgr3G78009,Mycgr3G78009,unique
Mycgr3G78014,Mycgr3G78014,unique
Mycgr3G78016,Mycgr3G78016,unique
Mycgr3G78023,Mycgr3G78023,unique
Mycgr3G78024,Mycgr3G78024,unique
Mycgr3G78038,Mycgr3G78038,unique
Mycgr3G78052,Mycgr3G78052,unique
Mycgr3G78092,Mycgr3G78092,unique
Mycgr3G78124,Mycgr3G78124,unique
Mycgr3G78133,Mycgr3G78133,unique
Mycgr3G78146,Mycgr3G78146,unique
Mycgr3G78154,Mycgr3G78154,unique
Mycgr3G78241,Mycgr3G78241,unique
Mycgr3G78335,Mycgr3G78335,unique
Mycgr3G78344,Mycgr3G78344,unique
Mycgr3G78381,Mycgr3G78381,unique
Mycgr3G78410,Mycgr3G78410,unique
Mycgr3G78442,Mycgr3G78442,unique
Mycgr3G78463,Mycgr3G78463,unique
Mycgr3G78485,Mycgr3G78485,unique
Mycgr3G78536,Mycgr3G78536,unique
Mycgr3G78544,Mycgr3G78544,unique
Mycgr3G78562,Mycgr3G78562,unique
Mycgr3G78594,Mycgr3G78594,unique
Mycgr3G78633,Mycgr3G78633,unique
Mycgr3G78715,Mycgr3G78715,unique
Mycgr3G78728,Mycgr3G78728,unique
Mycgr3G78786,Mycgr3G78786,unique
Mycgr3G78804,Mycgr3G78804,unique
Mycgr3G78806,Mycgr3G78806,unique
Mycgr3G98127,Mycgr3G78832,ambiguous
Mycgr3G78859,Mycgr3G78859,unique
Mycgr3G78893,Mycgr3G78893,unique
Mycgr3G78911,Mycgr3G78911,unique
Mycgr3G78914,Mycgr3G78914,unique
Mycgr3G78925,Mycgr3G78925,unique
Mycgr3G79045,Mycgr3G79045,unique
Mycgr3G79121,Mycgr3G79121,unique
Mycgr3G79161,Mycgr3G79161,unique
Mycgr3G79179,Mycgr3G79179,unique
Mycgr3G79213,Mycgr3G79213,unique
Mycgr3G79251,Mycgr3G79251,unique
Mycgr3G79263,Mycgr3G79263,unique
Mycgr3G79286,Mycgr3G79286,unique
Mycgr3G79411,Mycgr3G79411,unique
Mycgr3G79452,Mycgr3G79452,unique
Mycgr3G79484,Mycgr3G79484,unique
Mycgr3G79489,Mycgr3G79489,unique
Mycgr3G79495,Mycgr3G79495,unique
Mycgr3G79543,Mycgr3G79543,unique
Mycgr3G79596,Mycgr3G79596,unique
Mycgr3G79635,Mycgr3G79635,unique
Mycgr3G79685,Mycgr3G79685,unique
Mycgr3G79738,Mycgr3G79738,unique
Mycgr3G79746,Mycgr3G79746,unique
Mycgr3G79751,Mycgr3G79751,unique
Mycgr3G79756,Mycgr3G79756,unique
Mycgr3G79783,Mycgr3G79783,unique
Mycgr3G79794,Mycgr3G79794,unique
Mycgr3G79833,Mycgr3G79833,unique
Mycgr3G79857,Mycgr3G79857,unique
Mycgr3G79890,Mycgr3G79890,unique
Mycgr3G79974,Mycgr3G79974,unique
Mycgr3G80040,Mycgr3G80040,unique
Mycgr3G80044,Mycgr3G80044,unique
Mycgr3G80097,Mycgr3G80097,unique
Mycgr3G80151,Mycgr3G80151,unique
Mycgr3G80173,Mycgr3G80173,unique
Mycgr3G80182,Mycgr3G80182,unique
Mycgr3G80209,Mycgr3G80209,unique
Mycgr3G80233,Mycgr3G80233,unique
Mycgr3G80260,Mycgr3G80260,unique
Mycgr3G80292,Mycgr3G80292,unique
Mycgr3G80311,Mycgr3G80311,unique
Mycgr3G80321,Mycgr3G80321,unique
Mycgr3G80331,Mycgr3G80331,unique
Mycgr3G80332,Mycgr3G80332,unique
Mycgr3G80351,Mycgr3G80351,unique
Mycgr3G80402,Mycgr3G80402,unique
Mycgr3G80419,Mycgr3G80419,unique
Mycgr3G80452,Mycgr3G80452,unique
Mycgr3G80455,Mycgr3G80455,unique
Mycgr3G80478,Mycgr3G80478,unique
Mycgr3G80499,Mycgr3G80499,unique
Mycgr3G80591,Mycgr3G80591,unique
Mycgr3G80611,Mycgr3G80611,unique
Mycgr3G80635,Mycgr3G80635,unique
Mycgr3G80683,Mycgr3G80683,unique
Mycgr3G80707,Mycgr3G80707,unique
Mycgr3G80752,Mycgr3G80752,unique
Mycgr3G80754,Mycgr3G80754,unique
Mycgr3G80798,Mycgr3G80798,unique
Mycgr3G80816,Mycgr3G80816,unique
Mycgr3G80821,Mycgr3G80821,unique
Mycgr3G80824,Mycgr3G80824,unique
Mycgr3G80892,Mycgr3G80892,unique
Mycgr3G80919,Mycgr3G80919,unique
Mycgr3G80934,Mycgr3G80934,unique
Mycgr3G80959,Mycgr3G80959,unique
Mycgr3G80995,Mycgr3G80995,unique
Mycgr3G81065,Mycgr3G81065,unique
Mycgr3G81070,Mycgr3G81070,unique
Mycgr3G81079,Mycgr3G81079,unique
Mycgr3G81098,Mycgr3G81098,unique
Mycgr3G81110,Mycgr3G81110,unique
Mycgr3G81123,Mycgr3G81123,unique
Mycgr3G81198,Mycgr3G81198,unique
Mycgr3G81208,Mycgr3G81208,unique
Mycgr3G81209,Mycgr3G81209,unique
Mycgr3G81215,Mycgr3G81215,unique
Mycgr3G81286,Mycgr3G81286,unique
Mycgr3G81367,Mycgr3G81367,unique
Mycgr3G81397,Mycgr3G81397,unique
Mycgr3G81437,Mycgr3G81437,unique
Mycgr3G81448,Mycgr3G81448,unique
Mycgr3G81456,Mycgr3G81456,unique
Mycgr3G81468,Mycgr3G81468,unique
Mycgr3G81501,Mycgr3G81501,unique
Mycgr3G81517,Mycgr3G81517,unique
Mycgr3G81585,Mycgr3G81585,unique
Mycgr3G81609,Mycgr3G81609,unique
Mycgr3G81614,Mycgr3G81614,unique
Mycgr3G81692,Mycgr3G81692,unique
Mycgr3G81713,Mycgr3G81713,unique
Mycgr3G81715,Mycgr3G81715,unique
Mycgr3G81726,Mycgr3G81726,unique
Mycgr3G81746,Mycgr3G81746,unique
Mycgr3G81779,Mycgr3G81779,unique
Mycgr3G81913,Mycgr3G81913,unique
Mycgr3G81942,Mycgr3G81942,unique
Mycgr3G81999,Mycgr3G81999,unique
Mycgr3G82033,Mycgr3G82033,unique
Mycgr3G82038,Mycgr3G82038,unique
Mycgr3G82114,Mycgr3G82114,unique
Mycgr3G82116,Mycgr3G82116,unique
Mycgr3G82144,Mycgr3G82144,unique
Mycgr3G82148,Mycgr3G82148,unique
Mycgr3G82188,Mycgr3G82188,unique
Mycgr3G82218,Mycgr3G82218,unique
Mycgr3G82231,Mycgr3G82231,unique
Mycgr3G82293,Mycgr3G82293,unique
Mycgr3G82331,Mycgr3G82331,unique
Mycgr3G82382,Mycgr3G82382,unique
Mycgr3G82439,Mycgr3G82439,unique
Mycgr3G82455,Mycgr3G82455,unique
Mycgr3G82468,Mycgr3G82468,unique
Mycgr3G82481,Mycgr3G82481,unique
Mycgr3G82500,Mycgr3G82500,unique
Mycgr3G82501,Mycgr3G82501,unique
Mycgr3G82510,Mycgr3G82510,unique
Mycgr3G82536,Mycgr3G82536,unique
Mycgr3G82615,Mycgr3G82615,unique
Mycgr3G82625,Mycgr3G82625,unique
Mycgr3G82649,Mycgr3G82649,unique
Mycgr3G82650,Mycgr3G82650,unique
Mycgr3G82659,Mycgr3G82659,unique
Mycgr3G82666,Mycgr3G82666,unique
Mycgr3G82675,Mycgr3G82675,unique
Mycgr3G82700,Mycgr3G82700,unique
Mycgr3G82703,Mycgr3G82703,unique
Mycgr3G82765,Mycgr3G82765,unique
Mycgr3G82788,Mycgr3G82788,unique
Mycgr3G82853,Mycgr3G82853,unique
Mycgr3G82889,Mycgr3G82889,unique
Mycgr3G82924,Mycgr3G82924,unique
Mycgr3G82925,Mycgr3G82925,unique
Mycgr3G82936,Mycgr3G82936,unique
Mycgr3G82939,Mycgr3G82939,unique
Mycgr3G82958,Mycgr3G82958,unique
Mycgr3G83064,Mycgr3G83064,unique
Mycgr3G83081,Mycgr3G83081,unique
Mycgr3G83119,Mycgr3G83119,unique
Mycgr3G83120,Mycgr3G83120,unique
Mycgr3G83134,Mycgr3G83134,unique
Mycgr3G83148,Mycgr3G83148,unique
Mycgr3G83159,Mycgr3G83159,unique
Mycgr3G83174,Mycgr3G83174,unique
Mycgr3G83189,Mycgr3G83189,unique
Mycgr3G83209,Mycgr3G83209,unique
Mycgr3G83225,Mycgr3G83225,unique
Mycgr3G83234,Mycgr3G83234,unique
Mycgr3G83239,Mycgr3G83239,unique
Mycgr3G83270,Mycgr3G83270,unique
Mycgr3G83301,Mycgr3G83301,unique
Mycgr3G83303,Mycgr3G83303,unique
Mycgr3G83336,Mycgr3G83336,unique
Mycgr3G83337,Mycgr3G83337,unique
Mycgr3G83356,Mycgr3G83356,unique
Mycgr3G83371,Mycgr3G83371,unique
Mycgr3G83400,Mycgr3G83400,unique
Mycgr3G83408,Mycgr3G83408,unique
Mycgr3G83409,Mycgr3G83409,unique
Mycgr3G83423,Mycgr3G83423,unique
Mycgr3G83424,Mycgr3G83424,unique
Mycgr3G83445,Mycgr3G83445,unique
Mycgr3G83446,Mycgr3G83446,unique
Mycgr3G83481,Mycgr3G83481,unique
Mycgr3G83488,Mycgr3G83488,unique
Mycgr3G83502,Mycgr3G83502,unique
Mycgr3G83520,Mycgr3G83520,unique
Mycgr3G83529,Mycgr3G83529,unique
Mycgr3G83548,Mycgr3G83548,unique
Mycgr3G83550,Mycgr3G83550,unique
Mycgr3G83558,Mycgr3G83558,unique
Mycgr3G83566,Mycgr3G83566,unique
Mycgr3G83574,Mycgr3G83574,unique
Mycgr3G83595,Mycgr3G83595,unique
Mycgr3G83616,Mycgr3G83616,unique
Mycgr3G83678,Mycgr3G83678,unique
Mycgr3G83691,Mycgr3G83691,unique
Mycgr3G83707,Mycgr3G83707,unique
Mycgr3G83726,Mycgr3G83726,unique
Mycgr3G83759,Mycgr3G83759,unique
Mycgr3G83763,Mycgr3G83763,unique
Mycgr3G83768,Mycgr3G83768,unique
Mycgr3G83782,Mycgr3G83782,unique
Mycgr3G83788,Mycgr3G83788,unique
Mycgr3G83794,Mycgr3G83794,unique
Mycgr3G83802,Mycgr3G83802,unique
Mycgr3G83804,Mycgr3G83804,unique
Mycgr3G83835,Mycgr3G83835,unique
Mycgr3G83843,Mycgr3G83843,unique
Mycgr3G83867,Mycgr3G83867,unique
Mycgr3G83894,Mycgr3G83894,unique
Mycgr3G83899,Mycgr3G83899,unique
Mycgr3G83907,Mycgr3G83907,unique
Mycgr3G83941,Mycgr3G83941,unique
Mycgr3G83947,Mycgr3G83947,unique
Mycgr3G83965,Mycgr3G83965,unique
Mycgr3G83972,Mycgr3G83972,unique
Mycgr3G83976,Mycgr3G83976,unique
Mycgr3G84010,Mycgr3G84010,unique
Mycgr3G84013,Mycgr3G84013,unique
Mycgr3G84034,Mycgr3G84034,unique
Mycgr3G84039,Mycgr3G84039,unique
Mycgr3G84059,Mycgr3G84059,unique
Mycgr3G84074,Mycgr3G84074,unique
Mycgr3G84076,Mycgr3G84076,unique
Mycgr3G84104,Mycgr3G84104,unique
Mycgr3G84117,Mycgr3G84117,unique
Mycgr3G84119,Mycgr3G84119,unique
Mycgr3G84149,Mycgr3G84149,unique
Mycgr3G84158,Mycgr3G84158,unique
Mycgr3G84166,Mycgr3G84166,unique
Mycgr3G84186,Mycgr3G84186,unique
Mycgr3G84191,Mycgr3G84191,unique
Mycgr3G84209,Mycgr3G84209,unique
Mycgr3G84210,Mycgr3G84210,unique
Mycgr3G84211,Mycgr3G84211,unique
Mycgr3G84213,Mycgr3G84213,unique
Mycgr3G84214,Mycgr3G84214,unique
Mycgr3G84231,Mycgr3G84231,unique
Mycgr3G84233,Mycgr3G84233,unique
Mycgr3G84244,Mycgr3G84244,unique
Mycgr3G84245,Mycgr3G84245,unique
Mycgr3G84253,Mycgr3G84253,unique
Mycgr3G84263,Mycgr3G84263,unique
Mycgr3G84267,Mycgr3G84267,unique
Mycgr3G84279,Mycgr3G84279,unique
Mycgr3G84295,Mycgr3G84295,unique
Mycgr3G84315,Mycgr3G84315,unique
Mycgr3G84343,Mycgr3G84343,unique
Mycgr3G84359,Mycgr3G84359,unique
Mycgr3G84369,Mycgr3G84369,unique
Mycgr3G84372,Mycgr3G84372,unique
Mycgr3G84377,Mycgr3G84377,unique
Mycgr3G84402,Mycgr3G84402,unique
Mycgr3G84417,Mycgr3G84417,unique
Mycgr3G84424,Mycgr3G84424,unique
Mycgr3G84459,Mycgr3G84459,unique
Mycgr3G84460,Mycgr3G84460,unique
Mycgr3G84465,Mycgr3G84465,unique
Mycgr3G84472,Mycgr3G84472,unique
Mycgr3G84473,Mycgr3G84473,unique
Mycgr3G98127,Mycgr3G84485,ambiguous
Mycgr3G84494,Mycgr3G84494,unique
Mycgr3G84542,Mycgr3G84542,unique
Mycgr3G84586,Mycgr3G84586,unique
Mycgr3G84608,Mycgr3G84608,unique
Mycgr3G84625,Mycgr3G84625,unique
Mycgr3G84644,Mycgr3G84644,unique
Mycgr3G84646,Mycgr3G84646,unique
Mycgr3G84654,Mycgr3G84654,unique
Mycgr3G84656,Mycgr3G84656,unique
Mycgr3G84671,Mycgr3G84671,unique
Mycgr3G84675,Mycgr3G84675,unique
Mycgr3G84685,Mycgr3G84685,unique
Mycgr3G84691,Mycgr3G84691,unique
Mycgr3G84703,Mycgr3G84703,unique
Mycgr3G84730,Mycgr3G84730,unique
Mycgr3G84746,Mycgr3G84746,unique
Mycgr3G84756,Mycgr3G84756,unique
Mycgr3G84757,Mycgr3G84757,unique
Mycgr3G84764,Mycgr3G84764,unique
Mycgr3G84779,Mycgr3G84779,unique
Mycgr3G84794,Mycgr3G84794,unique
Mycgr3G84797,Mycgr3G84797,unique
Mycgr3G84825,Mycgr3G84825,unique
Mycgr3G84830,Mycgr3G84830,unique
Mycgr3G84831,Mycgr3G84831,unique
Mycgr3G84836,Mycgr3G84836,unique
Mycgr3G84837,Mycgr3G84837,unique
Mycgr3G84884,Mycgr3G84884,unique
Mycgr3G84891,Mycgr3G84891,unique
Mycgr3G84898,Mycgr3G84898,unique
Mycgr3G84922,Mycgr3G84922,unique
Mycgr3G84937,Mycgr3G84937,unique
Mycgr3G84938,Mycgr3G84938,unique
Mycgr3G84945,Mycgr3G84945,unique
Mycgr3G84968,Mycgr3G84968,unique
Mycgr3G84970,Mycgr3G84970,unique
Mycgr3G84991,Mycgr3G84991,unique
Mycgr3G85019,Mycgr3G85019,unique
Mycgr3G85021,Mycgr3G85021,unique
Mycgr3G85027,Mycgr3G85027,unique
Mycgr3G85032,Mycgr3G85032,unique
Mycgr3G85040,Mycgr3G85040,unique
Mycgr3G85041,Mycgr3G85041,unique
Mycgr3G85078,Mycgr3G85078,unique
Mycgr3G85081,Mycgr3G85081,unique
Mycgr3G85086,Mycgr3G85086,unique
Mycgr3G85097,Mycgr3G85097,unique
Mycgr3G85137,Mycgr3G85137,unique
Mycgr3G85139,Mycgr3G85139,unique
Mycgr3G85141,Mycgr3G85141,unique
Mycgr3G85154,Mycgr3G85154,unique
Mycgr3G85156,Mycgr3G85156,unique
Mycgr3G85159,Mycgr3G85159,unique
Mycgr3G85170,Mycgr3G85170,unique
Mycgr3G85175,Mycgr3G85175,unique
Mycgr3G85206,Mycgr3G85206,unique
Mycgr3G85212,Mycgr3G85212,unique
Mycgr3G85217,Mycgr3G85217,unique
Mycgr3G85253,Mycgr3G85253,unique
Mycgr3G85300,Mycgr3G85300,unique
Mycgr3G85322,Mycgr3G85322,unique
Mycgr3G85339,Mycgr3G85339,unique
Mycgr3G85341,Mycgr3G85341,unique
Mycgr3G85380,Mycgr3G85380,unique
Mycgr3G85387,Mycgr3G85387,unique
Mycgr3G85399,Mycgr3G85399,unique
Mycgr3G85426,Mycgr3G85426,unique
Mycgr3G85442,Mycgr3G85442,unique
Mycgr3G85457,Mycgr3G85457,unique
Mycgr3G85462,Mycgr3G85462,unique
Mycgr3G85479,Mycgr3G85479,unique
Mycgr3G85486,Mycgr3G85486,unique
Mycgr3G85500,Mycgr3G85500,unique
Mycgr3G85505,Mycgr3G85505,unique
Mycgr3G85549,Mycgr3G85549,unique
Mycgr3G85558,Mycgr3G85558,unique
Mycgr3G85593,Mycgr3G85593,unique
Mycgr3G85597,Mycgr3G85597,unique
Mycgr3G85598,Mycgr3G85598,unique
Mycgr3G85600,Mycgr3G85600,unique
Mycgr3G85608,Mycgr3G85608,unique
Mycgr3G85661,Mycgr3G85661,unique
Mycgr3G85666,Mycgr3G85666,unique
Mycgr3G85668,Mycgr3G85668,unique
Mycgr3G85675,Mycgr3G85675,unique
Mycgr3G85700,Mycgr3G85700,unique
Mycgr3G85715,Mycgr3G85715,unique
Mycgr3G85716,Mycgr3G85716,unique
Mycgr3G85717,Mycgr3G85717,unique
Mycgr3G85720,Mycgr3G85720,unique
Mycgr3G85733,Mycgr3G85733,unique
Mycgr3G85738,Mycgr3G85738,unique
Mycgr3G85740,Mycgr3G85740,unique
Mycgr3G85776,Mycgr3G85776,unique
Mycgr3G85779,Mycgr3G85779,unique
Mycgr3G85784,Mycgr3G85784,unique
Mycgr3G85807,Mycgr3G85807,unique
Mycgr3G85831,Mycgr3G85831,unique
Mycgr3G85859,Mycgr3G85859,unique
Mycgr3G85860,Mycgr3G85860,unique
Mycgr3G85889,Mycgr3G85889,unique
Mycgr3G85901,Mycgr3G85901,unique
Mycgr3G85907,Mycgr3G85907,unique
Mycgr3G85918,Mycgr3G85918,unique
Mycgr3G85924,Mycgr3G85924,unique
Mycgr3G85953,Mycgr3G85953,unique
Mycgr3G85966,Mycgr3G85966,unique
Mycgr3G85996,Mycgr3G85996,unique
Mycgr3G86002,Mycgr3G86002,unique
Mycgr3G86032,Mycgr3G86032,unique
Mycgr3G86044,Mycgr3G86044,unique
Mycgr3G86046,Mycgr3G86046,unique
Mycgr3G86065,Mycgr3G86065,unique
Mycgr3G86073,Mycgr3G86073,unique
Mycgr3G86077,Mycgr3G86077,unique
Mycgr3G86102,Mycgr3G86102,unique
Mycgr3G86108,Mycgr3G86108,unique
Mycgr3G86116,Mycgr3G86116,unique
Mycgr3G86118,Mycgr3G86118,unique
Mycgr3G86126,Mycgr3G86126,unique
Mycgr3G86144,Mycgr3G86144,unique
Mycgr3G86159,Mycgr3G86159,unique
Mycgr3G86169,Mycgr3G86169,unique
Mycgr3G86181,Mycgr3G86181,unique
Mycgr3G86183,Mycgr3G86183,unique
Mycgr3G86202,Mycgr3G86202,unique
Mycgr3G86217,Mycgr3G86217,unique
Mycgr3G86218,Mycgr3G86218,unique
Mycgr3G86219,Mycgr3G86219,unique
Mycgr3G86225,Mycgr3G86225,unique
Mycgr3G86229,Mycgr3G86229,unique
Mycgr3G86233,Mycgr3G86233,unique
Mycgr3G86253,Mycgr3G86253,unique
Mycgr3G86257,Mycgr3G86257,unique
Mycgr3G86261,Mycgr3G86261,unique
Mycgr3G86264,Mycgr3G86264,unique
Mycgr3G86272,Mycgr3G86272,unique
Mycgr3G86279,Mycgr3G86279,unique
Mycgr3G86308,Mycgr3G86308,unique
Mycgr3G86313,Mycgr3G86313,unique
Mycgr3G86328,Mycgr3G86328,unique
Mycgr3G86340,Mycgr3G86340,unique
Mycgr3G86345,Mycgr3G86345,unique
Mycgr3G86354,Mycgr3G86354,unique
Mycgr3G86361,Mycgr3G86361,unique
Mycgr3G86363,Mycgr3G86363,unique
Mycgr3G86368,Mycgr3G86368,unique
Mycgr3G86381,Mycgr3G86381,unique
Mycgr3G86391,Mycgr3G86391,unique
Mycgr3G86396,Mycgr3G86396,unique
Mycgr3G86416,Mycgr3G86416,unique
Mycgr3G86428,Mycgr3G86428,unique
Mycgr3G86441,Mycgr3G86441,unique
Mycgr3G86449,Mycgr3G86449,unique
Mycgr3G86450,Mycgr3G86450,unique
Mycgr3G98127,Mycgr3G86451,ambiguous
Mycgr3G86496,Mycgr3G86496,unique
Mycgr3G86506,Mycgr3G86506,unique
Mycgr3G86557,Mycgr3G86557,unique
Mycgr3G86562,Mycgr3G86562,unique
Mycgr3G86584,Mycgr3G86584,unique
Mycgr3G86592,Mycgr3G86592,unique
Mycgr3G86617,Mycgr3G86617,unique
Mycgr3G86618,Mycgr3G86618,unique
Mycgr3G86647,Mycgr3G86647,unique
Mycgr3G86648,Mycgr3G86648,unique
Mycgr3G86654,Mycgr3G86654,unique
Mycgr3G86659,Mycgr3G86659,unique
Mycgr3G86671,Mycgr3G86671,unique
Mycgr3G86672,Mycgr3G86672,unique
Mycgr3G86683,Mycgr3G86683,unique
Mycgr3G86690,Mycgr3G86690,unique
Mycgr3G86699,Mycgr3G86699,unique
Mycgr3G86704,Mycgr3G86704,unique
Mycgr3G86705,Mycgr3G86705,unique
Mycgr3G86707,Mycgr3G86707,unique
Mycgr3G86708,Mycgr3G86708,unique
Mycgr3G86714,Mycgr3G86714,unique
Mycgr3G86730,Mycgr3G86730,unique
Mycgr3G86741,Mycgr3G86741,unique
Mycgr3G86746,Mycgr3G86746,unique
Mycgr3G86748,Mycgr3G86748,unique
Mycgr3G86766,Mycgr3G86766,unique
Mycgr3G86784,Mycgr3G86784,unique
Mycgr3G86787,Mycgr3G86787,unique
Mycgr3G86861,Mycgr3G86861,unique
Mycgr3G86865,Mycgr3G86865,unique
Mycgr3G86867,Mycgr3G86867,unique
Mycgr3G86872,Mycgr3G86872,unique
Mycgr3G86888,Mycgr3G86888,unique
Mycgr3G86913,Mycgr3G86913,unique
Mycgr3G86932,Mycgr3G86932,unique
Mycgr3G86952,Mycgr3G86952,unique
Mycgr3G86961,Mycgr3G86961,unique
Mycgr3G98127,Mycgr3G86982,ambiguous
Mycgr3G87000,Mycgr3G87000,unique
Mycgr3G87006,Mycgr3G87006,unique
Mycgr3G87018,Mycgr3G87018,unique
Mycgr3G87034,Mycgr3G87034,unique
Mycgr3G87035,Mycgr3G87035,unique
Mycgr3G87038,Mycgr3G87038,unique
Mycgr3G87039,Mycgr3G87039,unique
Mycgr3G87050,Mycgr3G87050,unique
Mycgr3G87062,Mycgr3G87062,unique
Mycgr3G87071,Mycgr3G87071,unique
Mycgr3G87099,Mycgr3G87099,unique
Mycgr3G87116,Mycgr3G87116,unique
Mycgr3G87117,Mycgr3G87117,unique
Mycgr3G87127,Mycgr3G87127,unique
Mycgr3G87144,Mycgr3G87144,unique
Mycgr3G87205,Mycgr3G87205,unique
Mycgr3G87212,Mycgr3G87212,unique
Mycgr3G87220,Mycgr3G87220,unique
Mycgr3G87233,Mycgr3G87233,unique
Mycgr3G87244,Mycgr3G87244,unique
Mycgr3G87270,Mycgr3G87270,unique
Mycgr3G87284,Mycgr3G87284,unique
Mycgr3G87289,Mycgr3G87289,unique
Mycgr3G87313,Mycgr3G87313,unique
Mycgr3G87400,Mycgr3G87400,unique
Mycgr3G87405,Mycgr3G87405,unique
Mycgr3G87428,Mycgr3G87428,unique
Mycgr3G87430,Mycgr3G87430,unique
Mycgr3G87434,Mycgr3G87434,unique
Mycgr3G87435,Mycgr3G87435,unique
Mycgr3G87443,Mycgr3G87443,unique
Mycgr3G87449,Mycgr3G87449,unique
Mycgr3G87460,Mycgr3G87460,unique
Mycgr3G87461,Mycgr3G87461,unique
Mycgr3G87466,Mycgr3G87466,unique
Mycgr3G87477,Mycgr3G87477,unique
Mycgr3G87525,Mycgr3G87525,unique
Mycgr3G87527,Mycgr3G87527,unique
Mycgr3G87533,Mycgr3G87533,unique
Mycgr3G87535,Mycgr3G87535,unique
Mycgr3G87539,Mycgr3G87539,unique
Mycgr3G87541,Mycgr3G87541,unique
Mycgr3G87549,Mycgr3G87549,unique
Mycgr3G87579,Mycgr3G87579,unique
Mycgr3G87590,Mycgr3G87590,unique
Mycgr3G87598,Mycgr3G87598,unique
Mycgr3G87601,Mycgr3G87601,unique
Mycgr3G87605,Mycgr3G87605,unique
Mycgr3G87613,Mycgr3G87613,unique
Mycgr3G87626,Mycgr3G87626,unique
Mycgr3G87633,Mycgr3G87633,unique
Mycgr3G87635,Mycgr3G87635,unique
Mycgr3G87640,Mycgr3G87640,unique
Mycgr3G95591,Mycgr3G87654,ambiguous
Mycgr3G87659,Mycgr3G87659,unique
Mycgr3G87660,Mycgr3G87660,unique
Mycgr3G87670,Mycgr3G87670,unique
Mycgr3G87682,Mycgr3G87682,unique
Mycgr3G87683,Mycgr3G87683,unique
Mycgr3G87692,Mycgr3G87692,unique
Mycgr3G87695,Mycgr3G87695,unique
Mycgr3G87701,Mycgr3G87701,unique
Mycgr3G87705,Mycgr3G87705,unique
Mycgr3G87715,Mycgr3G87715,unique
Mycgr3G87717,Mycgr3G87717,unique
Mycgr3G87728,Mycgr3G87728,unique
Mycgr3G87823,Mycgr3G87823,unique
Mycgr3G87831,Mycgr3G87831,unique
Mycgr3G87833,Mycgr3G87833,unique
Mycgr3G87842,Mycgr3G87842,unique
Mycgr3G87870,Mycgr3G87870,unique
Mycgr3G87900,Mycgr3G87900,unique
Mycgr3G87907,Mycgr3G87907,unique
Mycgr3G87913,Mycgr3G87913,unique
Mycgr3G87952,Mycgr3G87952,unique
Mycgr3G87954,Mycgr3G87954,unique
Mycgr3G87981,Mycgr3G87981,unique
Mycgr3G87993,Mycgr3G87993,unique
Mycgr3G87994,Mycgr3G87994,unique
Mycgr3G87999,Mycgr3G87999,unique
Mycgr3G88000,Mycgr3G88000,unique
Mycgr3G88011,Mycgr3G88011,unique
Mycgr3G88038,Mycgr3G88038,unique
Mycgr3G88062,Mycgr3G88062,unique
Mycgr3G88089,Mycgr3G88089,unique
Mycgr3G88095,Mycgr3G88095,unique
Mycgr3G88098,Mycgr3G88098,unique
Mycgr3G88104,Mycgr3G88104,unique
Mycgr3G88109,Mycgr3G88109,unique
Mycgr3G88113,Mycgr3G88113,unique
Mycgr3G88121,Mycgr3G88121,unique
Mycgr3G88127,Mycgr3G88127,unique
Mycgr3G88148,Mycgr3G88148,unique
Mycgr3G88157,Mycgr3G88157,unique
Mycgr3G88181,Mycgr3G88181,unique
Mycgr3G88187,Mycgr3G88187,unique
Mycgr3G88201,Mycgr3G88201,unique
Mycgr3G88209,Mycgr3G88209,unique
Mycgr3G88216,Mycgr3G88216,unique
Mycgr3G88222,Mycgr3G88222,unique
Mycgr3G88242,Mycgr3G88242,unique
Mycgr3G88246,Mycgr3G88246,unique
Mycgr3G88256,Mycgr3G88256,unique
Mycgr3G88276,Mycgr3G88276,unique
Mycgr3G88310,Mycgr3G88310,unique
Mycgr3G88345,Mycgr3G88345,unique
Mycgr3G88369,Mycgr3G88369,unique
Mycgr3G88373,Mycgr3G88373,unique
Mycgr3G88378,Mycgr3G88378,unique
Mycgr3G88390,Mycgr3G88390,unique
Mycgr3G88401,Mycgr3G88401,unique
Mycgr3G88424,Mycgr3G88424,unique
Mycgr3G88429,Mycgr3G88429,unique
Mycgr3G88438,Mycgr3G88438,unique
Mycgr3G88442,Mycgr3G88442,unique
Mycgr3G88443,Mycgr3G88443,unique
Mycgr3G88451,Mycgr3G88451,unique
Mycgr3G88456,Mycgr3G88456,unique
Mycgr3G88465,Mycgr3G88465,unique
Mycgr3G88477,Mycgr3G88477,unique
Mycgr3G88478,Mycgr3G88478,unique
Mycgr3G88505,Mycgr3G88505,unique
Mycgr3G88520,Mycgr3G88520,unique
Mycgr3G88521,Mycgr3G88521,unique
Mycgr3G88532,Mycgr3G88532,unique
Mycgr3G88584,Mycgr3G88584,unique
Mycgr3G88585,Mycgr3G88585,unique
Mycgr3G88586,Mycgr3G88586,unique
Mycgr3G88592,Mycgr3G88592,unique
Mycgr3G88597,Mycgr3G88597,unique
Mycgr3G88598,Mycgr3G88598,unique
Mycgr3G88601,Mycgr3G88601,unique
Mycgr3G88603,Mycgr3G88603,unique
Mycgr3G88606,Mycgr3G88606,unique
Mycgr3G88611,Mycgr3G88611,unique
Mycgr3G88613,Mycgr3G88613,unique
Mycgr3G88614,Mycgr3G88614,unique
Mycgr3G88617,Mycgr3G88617,unique
Mycgr3G88619,Mycgr3G88619,unique
Mycgr3G88620,Mycgr3G88620,unique
Mycgr3G88622,Mycgr3G88622,unique
Mycgr3G98127,Mycgr3G88623,ambiguous
Mycgr3G98127,Mycgr3G88624,ambiguous
Mycgr3G98127,Mycgr3G88627,ambiguous
Mycgr3G88628,Mycgr3G88628,unique
Mycgr3G98127,Mycgr3G88629,ambiguous
Mycgr3G88630,Mycgr3G88630,unique
Mycgr3G88639,Mycgr3G88639,unique
Mycgr3G98127,Mycgr3G88640,ambiguous
Mycgr3G98127,Mycgr3G88641,ambiguous
Mycgr3G98127,Mycgr3G88642,ambiguous
Mycgr3G98127,Mycgr3G88643,ambiguous
Mycgr3G88644,Mycgr3G88644,unique
Mycgr3G88647,Mycgr3G88647,unique
Mycgr3G88648,Mycgr3G88648,unique
Mycgr3G88650,Mycgr3G88650,unique
Mycgr3G88655,Mycgr3G88655,unique
Mycgr3G88661,Mycgr3G88661,unique
Mycgr3G88663,Mycgr3G88663,unique
Mycgr3G88664,Mycgr3G88664,unique
Mycgr3G88665,Mycgr3G88665,unique
Mycgr3G88667,Mycgr3G88667,unique
Mycgr3G88671,Mycgr3G88671,unique
Mycgr3G88674,Mycgr3G88674,unique
Mycgr3G88680,Mycgr3G88680,unique
Mycgr3G88691,Mycgr3G88691,unique
Mycgr3G88695,Mycgr3G88695,unique
Mycgr3G88696,Mycgr3G88696,unique
Mycgr3G88698,Mycgr3G88698,unique
Mycgr3G88700,Mycgr3G88700,unique
Mycgr3G88705,Mycgr3G88705,unique
Mycgr3G88714,Mycgr3G88714,unique
Mycgr3G88718,Mycgr3G88718,unique
Mycgr3G88725,Mycgr3G88725,unique
Mycgr3G88732,Mycgr3G88732,unique
Mycgr3G88743,Mycgr3G88743,unique
Mycgr3G88745,Mycgr3G88745,unique
Mycgr3G88749,Mycgr3G88749,unique
Mycgr3G88762,Mycgr3G88762,unique
Mycgr3G88763,Mycgr3G88763,unique
Mycgr3G88767,Mycgr3G88767,unique
Mycgr3G96366,Mycgr3G88777,ambiguous
Mycgr3G88778,Mycgr3G88778,unique
Mycgr3G88783,Mycgr3G88783,unique
Mycgr3G88790,Mycgr3G88790,unique
Mycgr3G88791,Mycgr3G88791,unique
Mycgr3G88794,Mycgr3G88794,unique
Mycgr3G88803,Mycgr3G88803,unique
Mycgr3G88816,Mycgr3G88816,unique
Mycgr3G88817,Mycgr3G88817,unique
Mycgr3G88827,Mycgr3G88827,unique
Mycgr3G88841,Mycgr3G88841,unique
Mycgr3G88845,Mycgr3G88845,unique
Mycgr3G88858,Mycgr3G88858,unique
Mycgr3G88859,Mycgr3G88859,unique
Mycgr3G88868,Mycgr3G88868,unique
Mycgr3G88879,Mycgr3G88879,unique
Mycgr3G88884,Mycgr3G88884,unique
Mycgr3G88889,Mycgr3G88889,unique
Mycgr3G88895,Mycgr3G88895,unique
Mycgr3G88903,Mycgr3G88903,unique
Mycgr3G88907,Mycgr3G88907,unique
Mycgr3G88911,Mycgr3G88911,unique
Mycgr3G88916,Mycgr3G88916,unique
Mycgr3G88924,Mycgr3G88924,unique
Mycgr3G88926,Mycgr3G88926,unique
Mycgr3G88928,Mycgr3G88928,unique
Mycgr3G88929,Mycgr3G88929,unique
Mycgr3G88932,Mycgr3G88932,unique
Mycgr3G88936,Mycgr3G88936,unique
Mycgr3G88944,Mycgr3G88944,unique
Mycgr3G88946,Mycgr3G88946,unique
Mycgr3G88949,Mycgr3G88949,unique
Mycgr3G88971,Mycgr3G88971,unique
Mycgr3G88982,Mycgr3G88982,unique
Mycgr3G88990,Mycgr3G88990,unique
Mycgr3G88991,Mycgr3G88991,unique
Mycgr3G89002,Mycgr3G89002,unique
Mycgr3G89006,Mycgr3G89006,unique
Mycgr3G89011,Mycgr3G89011,unique
Mycgr3G89015,Mycgr3G89015,unique
Mycgr3G89020,Mycgr3G89020,unique
Mycgr3G89024,Mycgr3G89024,unique
Mycgr3G89033,Mycgr3G89033,unique
Mycgr3G89042,Mycgr3G89042,unique
Mycgr3G89043,Mycgr3G89043,unique
Mycgr3G89049,Mycgr3G89049,unique
Mycgr3G89053,Mycgr3G89053,unique
Mycgr3G89063,Mycgr3G89063,unique
Mycgr3G89071,Mycgr3G89071,unique
Mycgr3G89072,Mycgr3G89072,unique
Mycgr3G89073,Mycgr3G89073,unique
Mycgr3G89079,Mycgr3G89079,unique
Mycgr3G89085,Mycgr3G89085,unique
Mycgr3G89088,Mycgr3G89088,unique
Mycgr3G89089,Mycgr3G89089,unique
Mycgr3G89091,Mycgr3G89091,unique
Mycgr3G89100,Mycgr3G89100,unique
Mycgr3G89108,Mycgr3G89108,unique
Mycgr3G89109,Mycgr3G89109,unique
Mycgr3G89110,Mycgr3G89110,unique
Mycgr3G89112,Mycgr3G89112,unique
Mycgr3G89117,Mycgr3G89117,unique
Mycgr3G89119,Mycgr3G89119,unique
Mycgr3G89123,Mycgr3G89123,unique
Mycgr3G89129,Mycgr3G89129,unique
Mycgr3G89139,Mycgr3G89139,unique
Mycgr3G89144,Mycgr3G89144,unique
Mycgr3G89145,Mycgr3G89145,unique
Mycgr3G89152,Mycgr3G89152,unique
Mycgr3G89155,Mycgr3G89155,unique
Mycgr3G89156,Mycgr3G89156,unique
Mycgr3G89160,Mycgr3G89160,unique
Mycgr3G89162,Mycgr3G89162,unique
Mycgr3G89163,Mycgr3G89163,unique
Mycgr3G89166,Mycgr3G89166,unique
Mycgr3G89167,Mycgr3G89167,unique
Mycgr3G89169,Mycgr3G89169,unique
Mycgr3G89175,Mycgr3G89175,unique
Mycgr3G89177,Mycgr3G89177,unique
Mycgr3G89178,Mycgr3G89178,unique
Mycgr3G89179,Mycgr3G89179,unique
Mycgr3G89182,Mycgr3G89182,unique
Mycgr3G89185,Mycgr3G89185,unique
Mycgr3G89189,Mycgr3G89189,unique
Mycgr3G89199,Mycgr3G89199,unique
Mycgr3G89206,Mycgr3G89206,unique
Mycgr3G89208,Mycgr3G89208,unique
Mycgr3G89219,Mycgr3G89219,unique
Mycgr3G89224,Mycgr3G89224,unique
Mycgr3G89225,Mycgr3G89225,unique
Mycgr3G89227,Mycgr3G89227,unique
Mycgr3G89241,Mycgr3G89241,unique
Mycgr3G89257,Mycgr3G89257,unique
Mycgr3G89261,Mycgr3G89261,unique
Mycgr3G89267,Mycgr3G89267,unique
Mycgr3G89270,Mycgr3G89270,unique
Mycgr3G89276,Mycgr3G89276,unique
Mycgr3G89277,Mycgr3G89277,unique
Mycgr3G89280,Mycgr3G89280,unique
Mycgr3G89301,Mycgr3G89301,unique
Mycgr3G89305,Mycgr3G89305,unique
Mycgr3G89321,Mycgr3G89321,unique
Mycgr3G89322,Mycgr3G89322,unique
Mycgr3G89326,Mycgr3G89326,unique
Mycgr3G89327,Mycgr3G89327,unique
Mycgr3G89342,Mycgr3G89342,unique
Mycgr3G89374,Mycgr3G89374,unique
Mycgr3G89375,Mycgr3G89375,unique
Mycgr3G89376,Mycgr3G89376,unique
Mycgr3G89379,Mycgr3G89379,unique
Mycgr3G89384,Mycgr3G89384,unique
Mycgr3G89387,Mycgr3G89387,unique
Mycgr3G89415,Mycgr3G89415,unique
Mycgr3G89417,Mycgr3G89417,unique
Mycgr3G89428,Mycgr3G89428,unique
Mycgr3G89429,Mycgr3G89429,unique
Mycgr3G89451,Mycgr3G89451,unique
Mycgr3G89454,Mycgr3G89454,unique
Mycgr3G89466,Mycgr3G89466,unique
Mycgr3G89472,Mycgr3G89472,unique
Mycgr3G89474,Mycgr3G89474,unique
Mycgr3G89476,Mycgr3G89476,unique
Mycgr3G89478,Mycgr3G89478,unique
Mycgr3G89487,Mycgr3G89487,unique
Mycgr3G89490,Mycgr3G89490,unique
Mycgr3G89492,Mycgr3G89492,unique
Mycgr3G89494,Mycgr3G89494,unique
Mycgr3G89497,Mycgr3G89497,unique
Mycgr3G89506,Mycgr3G89506,unique
Mycgr3G89510,Mycgr3G89510,unique
Mycgr3G89513,Mycgr3G89513,unique
Mycgr3G89514,Mycgr3G89514,unique
Mycgr3G89515,Mycgr3G89515,unique
Mycgr3G89517,Mycgr3G89517,unique
Mycgr3G89528,Mycgr3G89528,unique
Mycgr3G89550,Mycgr3G89550,unique
Mycgr3G89562,Mycgr3G89562,unique
Mycgr3G89574,Mycgr3G89574,unique
Mycgr3G89575,Mycgr3G89575,unique
Mycgr3G89590,Mycgr3G89590,unique
Mycgr3G89592,Mycgr3G89592,unique
Mycgr3G89593,Mycgr3G89593,unique
Mycgr3G89603,Mycgr3G89603,unique
Mycgr3G89604,Mycgr3G89604,unique
Mycgr3G89608,Mycgr3G89608,unique
Mycgr3G89611,Mycgr3G89611,unique
Mycgr3G89618,Mycgr3G89618,unique
Mycgr3G89632,Mycgr3G89632,unique
Mycgr3G89635,Mycgr3G89635,unique
Mycgr3G89637,Mycgr3G89637,unique
Mycgr3G89640,Mycgr3G89640,unique
Mycgr3G89646,Mycgr3G89646,unique
Mycgr3G89647,Mycgr3G89647,unique
Mycgr3G89653,Mycgr3G89653,unique
Mycgr3G89657,Mycgr3G89657,unique
Mycgr3G89702,Mycgr3G89702,unique
Mycgr3G89703,Mycgr3G89703,unique
Mycgr3G89704,Mycgr3G89704,unique
Mycgr3G89705,Mycgr3G89705,unique
Mycgr3G89718,Mycgr3G89718,unique
Mycgr3G89719,Mycgr3G89719,unique
Mycgr3G89720,Mycgr3G89720,unique
Mycgr3G89727,Mycgr3G89727,unique
Mycgr3G89734,Mycgr3G89734,unique
Mycgr3G89735,Mycgr3G89735,unique
Mycgr3G89737,Mycgr3G89737,unique
Mycgr3G89741,Mycgr3G89741,unique
Mycgr3G89744,Mycgr3G89744,unique
Mycgr3G89752,Mycgr3G89752,unique
Mycgr3G89755,Mycgr3G89755,unique
Mycgr3G89767,Mycgr3G89767,unique
Mycgr3G89777,Mycgr3G89777,unique
Mycgr3G89790,Mycgr3G89790,unique
Mycgr3G89811,Mycgr3G89811,unique
Mycgr3G89814,Mycgr3G89814,unique
Mycgr3G89822,Mycgr3G89822,unique
Mycgr3G89827,Mycgr3G89827,unique
Mycgr3G89839,Mycgr3G89839,unique
Mycgr3G89842,Mycgr3G89842,unique
Mycgr3G89870,Mycgr3G89870,unique
Mycgr3G89878,Mycgr3G89878,unique
Mycgr3G89903,Mycgr3G89903,unique
Mycgr3G89904,Mycgr3G89904,unique
Mycgr3G89917,Mycgr3G89917,unique
Mycgr3G89921,Mycgr3G89921,unique
Mycgr3G89934,Mycgr3G89934,unique
Mycgr3G89942,Mycgr3G89942,unique
Mycgr3G89943,Mycgr3G89943,unique
Mycgr3G89949,Mycgr3G89949,unique
Mycgr3G89963,Mycgr3G89963,unique
Mycgr3G89975,Mycgr3G89975,unique
Mycgr3G89984,Mycgr3G89984,unique
Mycgr3G89986,Mycgr3G89986,unique
Mycgr3G89996,Mycgr3G89996,unique
Mycgr3G90001,Mycgr3G90001,unique
Mycgr3G90006,Mycgr3G90006,unique
Mycgr3G90017,Mycgr3G90017,unique
Mycgr3G90018,Mycgr3G90018,unique
Mycgr3G90019,Mycgr3G90019,unique
Mycgr3G90025,Mycgr3G90025,unique
Mycgr3G90032,Mycgr3G90032,unique
Mycgr3G90033,Mycgr3G90033,unique
Mycgr3G90036,Mycgr3G90036,unique
Mycgr3G90041,Mycgr3G90041,unique
Mycgr3G90043,Mycgr3G90043,unique
Mycgr3G90046,Mycgr3G90046,unique
Mycgr3G98127,Mycgr3G90047,ambiguous
Mycgr3G90056,Mycgr3G90056,unique
Mycgr3G90057,Mycgr3G90057,unique
Mycgr3G90064,Mycgr3G90064,unique
Mycgr3G90065,Mycgr3G90065,unique
Mycgr3G90066,Mycgr3G90066,unique
Mycgr3G90067,Mycgr3G90067,unique
Mycgr3G90085,Mycgr3G90085,unique
Mycgr3G90087,Mycgr3G90087,unique
Mycgr3G90089,Mycgr3G90089,unique
Mycgr3G90090,Mycgr3G90090,unique
Mycgr3G90092,Mycgr3G90092,unique
Mycgr3G90108,Mycgr3G90108,unique
Mycgr3G90112,Mycgr3G90112,unique
Mycgr3G90119,Mycgr3G90119,unique
Mycgr3G90122,Mycgr3G90122,unique
Mycgr3G90125,Mycgr3G90125,unique
Mycgr3G90139,Mycgr3G90139,unique
Mycgr3G90143,Mycgr3G90143,unique
Mycgr3G90144,Mycgr3G90144,unique
Mycgr3G90147,Mycgr3G90147,unique
Mycgr3G90148,Mycgr3G90148,unique
Mycgr3G90149,Mycgr3G90149,unique
Mycgr3G90155,Mycgr3G90155,unique
Mycgr3G90170,Mycgr3G90170,unique
Mycgr3G90182,Mycgr3G90182,unique
Mycgr3G90183,Mycgr3G90183,unique
Mycgr3G90212,Mycgr3G90212,unique
Mycgr3G90228,Mycgr3G90228,unique
Mycgr3G90232,Mycgr3G90232,unique
Mycgr3G90236,Mycgr3G90236,unique
Mycgr3G90237,Mycgr3G90237,unique
Mycgr3G90244,Mycgr3G90244,unique
Mycgr3G90250,Mycgr3G90250,unique
Mycgr3G90261,Mycgr3G90261,unique
Mycgr3G90262,Mycgr3G90262,unique
Mycgr3G90268,Mycgr3G90268,unique
Mycgr3G90273,Mycgr3G90273,unique
Mycgr3G90276,Mycgr3G90276,unique
Mycgr3G90277,Mycgr3G90277,unique
Mycgr3G90278,Mycgr3G90278,unique
Mycgr3G90294,Mycgr3G90294,unique
Mycgr3G90301,Mycgr3G90301,unique
Mycgr3G90302,Mycgr3G90302,unique
Mycgr3G90306,Mycgr3G90306,unique
Mycgr3G90311,Mycgr3G90311,unique
Mycgr3G90328,Mycgr3G90328,unique
Mycgr3G90329,Mycgr3G90329,unique
Mycgr3G90331,Mycgr3G90331,unique
Mycgr3G90337,Mycgr3G90337,unique
Mycgr3G90338,Mycgr3G90338,unique
Mycgr3G90342,Mycgr3G90342,unique
Mycgr3G90345,Mycgr3G90345,unique
Mycgr3G90346,Mycgr3G90346,unique
Mycgr3G90350,Mycgr3G90350,unique
Mycgr3G90353,Mycgr3G90353,unique
Mycgr3G90354,Mycgr3G90354,unique
Mycgr3G90360,Mycgr3G90360,unique
Mycgr3G90362,Mycgr3G90362,unique
Mycgr3G90364,Mycgr3G90364,unique
Mycgr3G90373,Mycgr3G90373,unique
Mycgr3G90383,Mycgr3G90383,unique
Mycgr3G90386,Mycgr3G90386,unique
Mycgr3G90387,Mycgr3G90387,unique
Mycgr3G90404,Mycgr3G90404,unique
Mycgr3G90406,Mycgr3G90406,unique
Mycgr3G90408,Mycgr3G90408,unique
Mycgr3G90411,Mycgr3G90411,unique
Mycgr3G90413,Mycgr3G90413,unique
Mycgr3G90415,Mycgr3G90415,unique
Mycgr3G90417,Mycgr3G90417,unique
Mycgr3G90418,Mycgr3G90418,unique
Mycgr3G90420,Mycgr3G90420,unique
Mycgr3G90421,Mycgr3G90421,unique
Mycgr3G90433,Mycgr3G90433,unique
Mycgr3G90446,Mycgr3G90446,unique
Mycgr3G90452,Mycgr3G90452,unique
Mycgr3G90453,Mycgr3G90453,unique
Mycgr3G90455,Mycgr3G90455,unique
Mycgr3G90458,Mycgr3G90458,unique
Mycgr3G90465,Mycgr3G90465,unique
Mycgr3G90471,Mycgr3G90471,unique
Mycgr3G90475,Mycgr3G90475,unique
Mycgr3G90485,Mycgr3G90485,unique
Mycgr3G90487,Mycgr3G90487,unique
Mycgr3G90493,Mycgr3G90493,unique
Mycgr3G90503,Mycgr3G90503,unique
Mycgr3G90507,Mycgr3G90507,unique
Mycgr3G90509,Mycgr3G90509,unique
Mycgr3G90520,Mycgr3G90520,unique
Mycgr3G90522,Mycgr3G90522,unique
Mycgr3G90527,Mycgr3G90527,unique
Mycgr3G98127,Mycgr3G90530,ambiguous
Mycgr3G90531,Mycgr3G90531,unique
Mycgr3G90532,Mycgr3G90532,unique
Mycgr3G90533,Mycgr3G90533,unique
Mycgr3G90539,Mycgr3G90539,unique
Mycgr3G90541,Mycgr3G90541,unique
Mycgr3G90544,Mycgr3G90544,unique
Mycgr3G90558,Mycgr3G90558,unique
Mycgr3G90561,Mycgr3G90561,unique
Mycgr3G90565,Mycgr3G90565,unique
Mycgr3G90566,Mycgr3G90566,unique
Mycgr3G90567,Mycgr3G90567,unique
Mycgr3G90574,Mycgr3G90574,unique
Mycgr3G90578,Mycgr3G90578,unique
Mycgr3G98127,Mycgr3G90579,ambiguous
Mycgr3G90584,Mycgr3G90584,unique
Mycgr3G90590,Mycgr3G90590,unique
Mycgr3G90594,Mycgr3G90594,unique
Mycgr3G90601,Mycgr3G90601,unique
Mycgr3G90602,Mycgr3G90602,unique
Mycgr3G90609,Mycgr3G90609,unique
Mycgr3G90616,Mycgr3G90616,unique
Mycgr3G90621,Mycgr3G90621,unique
Mycgr3G90629,Mycgr3G90629,unique
Mycgr3G90631,Mycgr3G90631,unique
Mycgr3G90633,Mycgr3G90633,unique
Mycgr3G90647,Mycgr3G90647,unique
Mycgr3G90661,Mycgr3G90661,unique
Mycgr3G90664,Mycgr3G90664,unique
Mycgr3G90665,Mycgr3G90665,unique
Mycgr3G90672,Mycgr3G90672,unique
Mycgr3G90673,Mycgr3G90673,unique
Mycgr3G90676,Mycgr3G90676,unique
Mycgr3G90679,Mycgr3G90679,unique
Mycgr3G90681,Mycgr3G90681,unique
Mycgr3G90682,Mycgr3G90682,unique
Mycgr3G90692,Mycgr3G90692,unique
Mycgr3G90696,Mycgr3G90696,unique
Mycgr3G90699,Mycgr3G90699,unique
Mycgr3G90708,Mycgr3G90708,unique
Mycgr3G90710,Mycgr3G90710,unique
Mycgr3G90712,Mycgr3G90712,unique
Mycgr3G90714,Mycgr3G90714,unique
Mycgr3G90715,Mycgr3G90715,unique
Mycgr3G90749,Mycgr3G90749,unique
Mycgr3G90751,Mycgr3G90751,unique
Mycgr3G90757,Mycgr3G90757,unique
Mycgr3G90758,Mycgr3G90758,unique
Mycgr3G90760,Mycgr3G90760,unique
Mycgr3G90765,Mycgr3G90765,unique
Mycgr3G90773,Mycgr3G90773,unique
Mycgr3G90776,Mycgr3G90776,unique
Mycgr3G90780,Mycgr3G90780,unique
Mycgr3G90785,Mycgr3G90785,unique
Mycgr3G90786,Mycgr3G90786,unique
Mycgr3G90788,Mycgr3G90788,unique
Mycgr3G90801,Mycgr3G90801,unique
Mycgr3G90803,Mycgr3G90803,unique
Mycgr3G90809,Mycgr3G90809,unique
Mycgr3G90811,Mycgr3G90811,unique
Mycgr3G90812,Mycgr3G90812,unique
Mycgr3G90814,Mycgr3G90814,unique
Mycgr3G90816,Mycgr3G90816,unique
Mycgr3G90820,Mycgr3G90820,unique
Mycgr3G90823,Mycgr3G90823,unique
Mycgr3G90826,Mycgr3G90826,unique
Mycgr3G90830,Mycgr3G90830,unique
Mycgr3G90832,Mycgr3G90832,unique
Mycgr3G90837,Mycgr3G90837,unique
Mycgr3G98127,Mycgr3G90839,ambiguous
Mycgr3G90840,Mycgr3G90840,unique
Mycgr3G90841,Mycgr3G90841,unique
Mycgr3G90843,Mycgr3G90843,unique
Mycgr3G90847,Mycgr3G90847,unique
Mycgr3G90849,Mycgr3G90849,unique
Mycgr3G90850,Mycgr3G90850,unique
Mycgr3G90852,Mycgr3G90852,unique
Mycgr3G90853,Mycgr3G90853,unique
Mycgr3G90854,Mycgr3G90854,unique
Mycgr3G90862,Mycgr3G90862,unique
Mycgr3G90864,Mycgr3G90864,unique
Mycgr3G90871,Mycgr3G90871,unique
Mycgr3G90874,Mycgr3G90874,unique
Mycgr3G90881,Mycgr3G90881,unique
Mycgr3G90887,Mycgr3G90887,unique
Mycgr3G90899,Mycgr3G90899,unique
Mycgr3G90910,Mycgr3G90910,unique
Mycgr3G90912,Mycgr3G90912,unique
Mycgr3G90913,Mycgr3G90913,unique
Mycgr3G90915,Mycgr3G90915,unique
Mycgr3G90916,Mycgr3G90916,unique
Mycgr3G90917,Mycgr3G90917,unique
Mycgr3G90926,Mycgr3G90926,unique
Mycgr3G90929,Mycgr3G90929,unique
Mycgr3G90957,Mycgr3G90957,unique
Mycgr3G90967,Mycgr3G90967,unique
Mycgr3G90968,Mycgr3G90968,unique
Mycgr3G90973,Mycgr3G90973,unique
Mycgr3G90976,Mycgr3G90976,unique
Mycgr3G90977,Mycgr3G90977,unique
Mycgr3G90980,Mycgr3G90980,unique
Mycgr3G90984,Mycgr3G90984,unique
Mycgr3G90986,Mycgr3G90986,unique
Mycgr3G90987,Mycgr3G90987,unique
Mycgr3G90989,Mycgr3G90989,unique
Mycgr3G90992,Mycgr3G90992,unique
Mycgr3G91009,Mycgr3G91009,unique
Mycgr3G91019,Mycgr3G91019,unique
Mycgr3G91020,Mycgr3G91020,unique
Mycgr3G91033,Mycgr3G91033,unique
Mycgr3G91039,Mycgr3G91039,unique
Mycgr3G91042,Mycgr3G91042,unique
Mycgr3G91043,Mycgr3G91043,unique
Mycgr3G91051,Mycgr3G91051,unique
Mycgr3G91052,Mycgr3G91052,unique
Mycgr3G91063,Mycgr3G91063,unique
Mycgr3G91065,Mycgr3G91065,unique
Mycgr3G91066,Mycgr3G91066,unique
Mycgr3G91070,Mycgr3G91070,unique
Mycgr3G91094,Mycgr3G91094,unique
Mycgr3G91101,Mycgr3G91101,unique
Mycgr3G91113,Mycgr3G91113,unique
Mycgr3G91121,Mycgr3G91121,unique
Mycgr3G91122,Mycgr3G91122,unique
Mycgr3G91125,Mycgr3G91125,unique
Mycgr3G91126,Mycgr3G91126,unique
Mycgr3G91128,Mycgr3G91128,unique
Mycgr3G91131,Mycgr3G91131,unique
Mycgr3G91133,Mycgr3G91133,unique
Mycgr3G91137,Mycgr3G91137,unique
Mycgr3G91138,Mycgr3G91138,unique
Mycgr3G91142,Mycgr3G91142,unique
Mycgr3G91163,Mycgr3G91163,unique
Mycgr3G91164,Mycgr3G91164,unique
Mycgr3G91165,Mycgr3G91165,unique
Mycgr3G91167,Mycgr3G91167,unique
Mycgr3G91170,Mycgr3G91170,unique
Mycgr3G91176,Mycgr3G91176,unique
Mycgr3G91197,Mycgr3G91197,unique
Mycgr3G91202,Mycgr3G91202,unique
Mycgr3G91207,Mycgr3G91207,unique
Mycgr3G91210,Mycgr3G91210,unique
Mycgr3G91211,Mycgr3G91211,unique
Mycgr3G91216,Mycgr3G91216,unique
Mycgr3G91224,Mycgr3G91224,unique
Mycgr3G91227,Mycgr3G91227,unique
Mycgr3G91228,Mycgr3G91228,unique
Mycgr3G91236,Mycgr3G91236,unique
Mycgr3G91239,Mycgr3G91239,unique
Mycgr3G91240,Mycgr3G91240,unique
Mycgr3G91241,Mycgr3G91241,unique
Mycgr3G91242,Mycgr3G91242,unique
Mycgr3G91245,Mycgr3G91245,unique
Mycgr3G91247,Mycgr3G91247,unique
Mycgr3G91248,Mycgr3G91248,unique
Mycgr3G91252,Mycgr3G91252,unique
Mycgr3G91254,Mycgr3G91254,unique
Mycgr3G91263,Mycgr3G91263,unique
Mycgr3G91272,Mycgr3G91272,unique
Mycgr3G91275,Mycgr3G91275,unique
Mycgr3G91281,Mycgr3G91281,unique
Mycgr3G91285,Mycgr3G91285,unique
Mycgr3G91286,Mycgr3G91286,unique
Mycgr3G91287,Mycgr3G91287,unique
Mycgr3G91290,Mycgr3G91290,unique
Mycgr3G91293,Mycgr3G91293,unique
Mycgr3G91303,Mycgr3G91303,unique
Mycgr3G91304,Mycgr3G91304,unique
Mycgr3G91321,Mycgr3G91321,unique
Mycgr3G91327,Mycgr3G91327,unique
Mycgr3G91335,Mycgr3G91335,unique
Mycgr3G91339,Mycgr3G91339,unique
Mycgr3G91342,Mycgr3G91342,unique
Mycgr3G91344,Mycgr3G91344,unique
Mycgr3G91346,Mycgr3G91346,unique
Mycgr3G91350,Mycgr3G91350,unique
Mycgr3G91351,Mycgr3G91351,unique
Mycgr3G91361,Mycgr3G91361,unique
Mycgr3G91369,Mycgr3G91369,unique
Mycgr3G91371,Mycgr3G91371,unique
Mycgr3G91380,Mycgr3G91380,unique
Mycgr3G98127,Mycgr3G91381,ambiguous
Mycgr3G91382,Mycgr3G91382,unique
Mycgr3G91386,Mycgr3G91386,unique
Mycgr3G91389,Mycgr3G91389,unique
Mycgr3G91395,Mycgr3G91395,unique
Mycgr3G91396,Mycgr3G91396,unique
Mycgr3G91404,Mycgr3G91404,unique
Mycgr3G91409,Mycgr3G91409,unique
Mycgr3G91417,Mycgr3G91417,unique
Mycgr3G91423,Mycgr3G91423,unique
Mycgr3G91425,Mycgr3G91425,unique
Mycgr3G91430,Mycgr3G91430,unique
Mycgr3G91435,Mycgr3G91435,unique
Mycgr3G91436,Mycgr3G91436,unique
Mycgr3G91437,Mycgr3G91437,unique
Mycgr3G91439,Mycgr3G91439,unique
Mycgr3G91450,Mycgr3G91450,unique
Mycgr3G91471,Mycgr3G91471,unique
Mycgr3G91479,Mycgr3G91479,unique
Mycgr3G91494,Mycgr3G91494,unique
Mycgr3G91499,Mycgr3G91499,unique
Mycgr3G91505,Mycgr3G91505,unique
Mycgr3G91513,Mycgr3G91513,unique
Mycgr3G91515,Mycgr3G91515,unique
Mycgr3G91519,Mycgr3G91519,unique
Mycgr3G91524,Mycgr3G91524,unique
Mycgr3G91525,Mycgr3G91525,unique
Mycgr3G91535,Mycgr3G91535,unique
Mycgr3G91538,Mycgr3G91538,unique
Mycgr3G91539,Mycgr3G91539,unique
Mycgr3G91543,Mycgr3G91543,unique
Mycgr3G91544,Mycgr3G91544,unique
Mycgr3G91546,Mycgr3G91546,unique
Mycgr3G91549,Mycgr3G91549,unique
Mycgr3G91551,Mycgr3G91551,unique
Mycgr3G91552,Mycgr3G91552,unique
Mycgr3G91559,Mycgr3G91559,unique
Mycgr3G91566,Mycgr3G91566,unique
Mycgr3G91583,Mycgr3G91583,unique
Mycgr3G91587,Mycgr3G91587,unique
Mycgr3G91593,Mycgr3G91593,unique
Mycgr3G91594,Mycgr3G91594,unique
Mycgr3G91598,Mycgr3G91598,unique
Mycgr3G91609,Mycgr3G91609,unique
Mycgr3G91610,Mycgr3G91610,unique
Mycgr3G91615,Mycgr3G91615,unique
Mycgr3G91619,Mycgr3G91619,unique
Mycgr3G91624,Mycgr3G91624,unique
Mycgr3G91635,Mycgr3G91635,unique
Mycgr3G91638,Mycgr3G91638,unique
Mycgr3G91642,Mycgr3G91642,unique
Mycgr3G91646,Mycgr3G91646,unique
Mycgr3G91655,Mycgr3G91655,unique
Mycgr3G97865,Mycgr3G91660,ambiguous
Mycgr3G91662,Mycgr3G91662,unique
Mycgr3G98127,Mycgr3G91663,ambiguous
Mycgr3G91665,Mycgr3G91665,unique
Mycgr3G98127,Mycgr3G91670,ambiguous
Mycgr3G91684,Mycgr3G91684,unique
Mycgr3G91688,Mycgr3G91688,unique
Mycgr3G91690,Mycgr3G91690,unique
Mycgr3G91694,Mycgr3G91694,unique
Mycgr3G91702,Mycgr3G91702,unique
Mycgr3G91704,Mycgr3G91704,unique
Mycgr3G91716,Mycgr3G91716,unique
Mycgr3G91725,Mycgr3G91725,unique
Mycgr3G91727,Mycgr3G91727,unique
Mycgr3G91738,Mycgr3G91738,unique
Mycgr3G91740,Mycgr3G91740,unique
Mycgr3G91741,Mycgr3G91741,unique
Mycgr3G91742,Mycgr3G91742,unique
Mycgr3G91745,Mycgr3G91745,unique
Mycgr3G91754,Mycgr3G91754,unique
Mycgr3G91755,Mycgr3G91755,unique
Mycgr3G91757,Mycgr3G91757,unique
Mycgr3G91768,Mycgr3G91768,unique
Mycgr3G91773,Mycgr3G91773,unique
Mycgr3G91777,Mycgr3G91777,unique
Mycgr3G91786,Mycgr3G91786,unique
Mycgr3G91787,Mycgr3G91787,unique
Mycgr3G91789,Mycgr3G91789,unique
Mycgr3G91791,Mycgr3G91791,unique
Mycgr3G91792,Mycgr3G91792,unique
Mycgr3G91795,Mycgr3G91795,unique
Mycgr3G91797,Mycgr3G91797,unique
Mycgr3G91799,Mycgr3G91799,unique
Mycgr3G91804,Mycgr3G91804,unique
Mycgr3G91809,Mycgr3G91809,unique
Mycgr3G91810,Mycgr3G91810,unique
Mycgr3G91812,Mycgr3G91812,unique
Mycgr3G91814,Mycgr3G91814,unique
Mycgr3G91827,Mycgr3G91827,unique
Mycgr3G91834,Mycgr3G91834,unique
Mycgr3G91840,Mycgr3G91840,unique
Mycgr3G91843,Mycgr3G91843,unique
Mycgr3G91855,Mycgr3G91855,unique
Mycgr3G91858,Mycgr3G91858,unique
Mycgr3G91860,Mycgr3G91860,unique
Mycgr3G91862,Mycgr3G91862,unique
Mycgr3G91866,Mycgr3G91866,unique
Mycgr3G91867,Mycgr3G91867,unique
Mycgr3G91868,Mycgr3G91868,unique
Mycgr3G91870,Mycgr3G91870,unique
Mycgr3G91876,Mycgr3G91876,unique
Mycgr3G91885,Mycgr3G91885,unique
Mycgr3G91900,Mycgr3G91900,unique
Mycgr3G91904,Mycgr3G91904,unique
Mycgr3G91905,Mycgr3G91905,unique
Mycgr3G91909,Mycgr3G91909,unique
Mycgr3G91921,Mycgr3G91921,unique
Mycgr3G91926,Mycgr3G91926,unique
Mycgr3G91928,Mycgr3G91928,unique
Mycgr3G91930,Mycgr3G91930,unique
Mycgr3G91932,Mycgr3G91932,unique
Mycgr3G91945,Mycgr3G91945,unique
Mycgr3G91950,Mycgr3G91950,unique
Mycgr3G91959,Mycgr3G91959,unique
Mycgr3G91969,Mycgr3G91969,unique
Mycgr3G91971,Mycgr3G91971,unique
Mycgr3G91973,Mycgr3G91973,unique
Mycgr3G91982,Mycgr3G91982,unique
Mycgr3G91983,Mycgr3G91983,unique
Mycgr3G91986,Mycgr3G91986,unique
Mycgr3G91993,Mycgr3G91993,unique
Mycgr3G91995,Mycgr3G91995,unique
Mycgr3G92002,Mycgr3G92002,unique
Mycgr3G92006,Mycgr3G92006,unique
Mycgr3G92019,Mycgr3G92019,unique
Mycgr3G92024,Mycgr3G92024,unique
Mycgr3G92025,Mycgr3G92025,unique
Mycgr3G92029,Mycgr3G92029,unique
Mycgr3G92032,Mycgr3G92032,unique
Mycgr3G92039,Mycgr3G92039,unique
Mycgr3G92043,Mycgr3G92043,unique
Mycgr3G92048,Mycgr3G92048,unique
Mycgr3G92050,Mycgr3G92050,unique
Mycgr3G92053,Mycgr3G92053,unique
Mycgr3G92057,Mycgr3G92057,unique
Mycgr3G92058,Mycgr3G92058,unique
Mycgr3G92062,Mycgr3G92062,unique
Mycgr3G92063,Mycgr3G92063,unique
Mycgr3G92064,Mycgr3G92064,unique
Mycgr3G92069,Mycgr3G92069,unique
Mycgr3G92070,Mycgr3G92070,unique
Mycgr3G92079,Mycgr3G92079,unique
Mycgr3G92082,Mycgr3G92082,unique
Mycgr3G92083,Mycgr3G92083,unique
Mycgr3G98127,Mycgr3G92085,ambiguous
Mycgr3G92090,Mycgr3G92090,unique
Mycgr3G92094,Mycgr3G92094,unique
Mycgr3G92097,Mycgr3G92097,unique
Mycgr3G92099,Mycgr3G92099,unique
Mycgr3G92100,Mycgr3G92100,unique
Mycgr3G92101,Mycgr3G92101,unique
Mycgr3G92103,Mycgr3G92103,unique
Mycgr3G92113,Mycgr3G92113,unique
Mycgr3G92115,Mycgr3G92115,unique
Mycgr3G92117,Mycgr3G92117,unique
Mycgr3G92126,Mycgr3G92126,unique
Mycgr3G92127,Mycgr3G92127,unique
Mycgr3G92130,Mycgr3G92130,unique
Mycgr3G92136,Mycgr3G92136,unique
Mycgr3G92153,Mycgr3G92153,unique
Mycgr3G92154,Mycgr3G92154,unique
Mycgr3G98127,Mycgr3G92155,ambiguous
Mycgr3G92156,Mycgr3G92156,unique
Mycgr3G92162,Mycgr3G92162,unique
Mycgr3G92165,Mycgr3G92165,unique
Mycgr3G92168,Mycgr3G92168,unique
Mycgr3G92173,Mycgr3G92173,unique
Mycgr3G92174,Mycgr3G92174,unique
Mycgr3G92186,Mycgr3G92186,unique
Mycgr3G92187,Mycgr3G92187,unique
Mycgr3G92195,Mycgr3G92195,unique
Mycgr3G92203,Mycgr3G92203,unique
Mycgr3G92205,Mycgr3G92205,unique
Mycgr3G92209,Mycgr3G92209,unique
Mycgr3G92210,Mycgr3G92210,unique
Mycgr3G92211,Mycgr3G92211,unique
Mycgr3G92212,Mycgr3G92212,unique
Mycgr3G92214,Mycgr3G92214,unique
Mycgr3G92215,Mycgr3G92215,unique
Mycgr3G92216,Mycgr3G92216,unique
Mycgr3G92218,Mycgr3G92218,unique
Mycgr3G92219,Mycgr3G92219,unique
Mycgr3G92220,Mycgr3G92220,unique
Mycgr3G92221,Mycgr3G92221,unique
Mycgr3G92228,Mycgr3G92228,unique
Mycgr3G92230,Mycgr3G92230,unique
Mycgr3G92231,Mycgr3G92231,unique
Mycgr3G92233,Mycgr3G92233,unique
Mycgr3G92237,Mycgr3G92237,unique
Mycgr3G92238,Mycgr3G92238,unique
Mycgr3G92239,Mycgr3G92239,unique
Mycgr3G92240,Mycgr3G92240,unique
Mycgr3G92242,Mycgr3G92242,unique
Mycgr3G92250,Mycgr3G92250,unique
Mycgr3G92253,Mycgr3G92253,unique
Mycgr3G92255,Mycgr3G92255,unique
Mycgr3G92284,Mycgr3G92284,unique
Mycgr3G92288,Mycgr3G92288,unique
Mycgr3G92289,Mycgr3G92289,unique
Mycgr3G92291,Mycgr3G92291,unique
Mycgr3G92307,Mycgr3G92307,unique
Mycgr3G92308,Mycgr3G92308,unique
Mycgr3G92316,Mycgr3G92316,unique
Mycgr3G92320,Mycgr3G92320,unique
Mycgr3G92321,Mycgr3G92321,unique
Mycgr3G92343,Mycgr3G92343,unique
Mycgr3G92349,Mycgr3G92349,unique
Mycgr3G92354,Mycgr3G92354,unique
Mycgr3G92356,Mycgr3G92356,unique
Mycgr3G92357,Mycgr3G92357,unique
Mycgr3G92358,Mycgr3G92358,unique
Mycgr3G92362,Mycgr3G92362,unique
Mycgr3G92363,Mycgr3G92363,unique
Mycgr3G92364,Mycgr3G92364,unique
Mycgr3G92365,Mycgr3G92365,unique
Mycgr3G92368,Mycgr3G92368,unique
Mycgr3G92369,Mycgr3G92369,unique
Mycgr3G92372,Mycgr3G92372,unique
Mycgr3G92382,Mycgr3G92382,unique
Mycgr3G92384,Mycgr3G92384,unique
Mycgr3G92385,Mycgr3G92385,unique
Mycgr3G92404,Mycgr3G92404,unique
Mycgr3G92405,Mycgr3G92405,unique
Mycgr3G92407,Mycgr3G92407,unique
Mycgr3G92412,Mycgr3G92412,unique
Mycgr3G92416,Mycgr3G92416,unique
Mycgr3G92417,Mycgr3G92417,unique
Mycgr3G92420,Mycgr3G92420,unique
Mycgr3G92432,Mycgr3G92432,unique
Mycgr3G92436,Mycgr3G92436,unique
Mycgr3G92439,Mycgr3G92439,unique
Mycgr3G92440,Mycgr3G92440,unique
Mycgr3G92442,Mycgr3G92442,unique
Mycgr3G92444,Mycgr3G92444,unique
Mycgr3G92445,Mycgr3G92445,unique
Mycgr3G92458,Mycgr3G92458,unique
Mycgr3G92472,Mycgr3G92472,unique
Mycgr3G92473,Mycgr3G92473,unique
Mycgr3G92485,Mycgr3G92485,unique
Mycgr3G92489,Mycgr3G92489,unique
Mycgr3G92493,Mycgr3G92493,unique
Mycgr3G92510,Mycgr3G92510,unique
Mycgr3G92512,Mycgr3G92512,unique
Mycgr3G92520,Mycgr3G92520,unique
Mycgr3G92539,Mycgr3G92539,unique
Mycgr3G92543,Mycgr3G92543,unique
Mycgr3G92546,Mycgr3G92546,unique
Mycgr3G92547,Mycgr3G92547,unique
Mycgr3G92551,Mycgr3G92551,unique
Mycgr3G92578,Mycgr3G92578,unique
Mycgr3G92580,Mycgr3G92580,unique
Mycgr3G92583,Mycgr3G92583,unique
Mycgr3G92586,Mycgr3G92586,unique
Mycgr3G92587,Mycgr3G92587,unique
Mycgr3G92589,Mycgr3G92589,unique
Mycgr3G92595,Mycgr3G92595,unique
Mycgr3G92604,Mycgr3G92604,unique
Mycgr3G92606,Mycgr3G92606,unique
Mycgr3G92612,Mycgr3G92612,unique
Mycgr3G92614,Mycgr3G92614,unique
Mycgr3G92623,Mycgr3G92623,unique
Mycgr3G92633,Mycgr3G92633,unique
Mycgr3G92637,Mycgr3G92637,unique
Mycgr3G92638,Mycgr3G92638,unique
Mycgr3G92640,Mycgr3G92640,unique
Mycgr3G92641,Mycgr3G92641,unique
Mycgr3G92644,Mycgr3G92644,unique
Mycgr3G92645,Mycgr3G92645,unique
Mycgr3G92648,Mycgr3G92648,unique
Mycgr3G92652,Mycgr3G92652,unique
Mycgr3G92654,Mycgr3G92654,unique
Mycgr3G92656,Mycgr3G92656,unique
Mycgr3G92668,Mycgr3G92668,unique
Mycgr3G92672,Mycgr3G92672,unique
Mycgr3G92680,Mycgr3G92680,unique
Mycgr3G92686,Mycgr3G92686,unique
Mycgr3G92695,Mycgr3G92695,unique
Mycgr3G92696,Mycgr3G92696,unique
Mycgr3G92705,Mycgr3G92705,unique
Mycgr3G92715,Mycgr3G92715,unique
Mycgr3G92716,Mycgr3G92716,unique
Mycgr3G92717,Mycgr3G92717,unique
Mycgr3G92720,Mycgr3G92720,unique
Mycgr3G92724,Mycgr3G92724,unique
Mycgr3G92726,Mycgr3G92726,unique
Mycgr3G92732,Mycgr3G92732,unique
Mycgr3G92737,Mycgr3G92737,unique
Mycgr3G92747,Mycgr3G92747,unique
Mycgr3G92754,Mycgr3G92754,unique
Mycgr3G92762,Mycgr3G92762,unique
Mycgr3G92766,Mycgr3G92766,unique
Mycgr3G92769,Mycgr3G92769,unique
Mycgr3G92770,Mycgr3G92770,unique
Mycgr3G92771,Mycgr3G92771,unique
Mycgr3G92790,Mycgr3G92790,unique
Mycgr3G92792,Mycgr3G92792,unique
Mycgr3G92794,Mycgr3G92794,unique
Mycgr3G92796,Mycgr3G92796,unique
Mycgr3G92804,Mycgr3G92804,unique
Mycgr3G92805,Mycgr3G92805,unique
Mycgr3G92807,Mycgr3G92807,unique
Mycgr3G92812,Mycgr3G92812,unique
Mycgr3G92813,Mycgr3G92813,unique
Mycgr3G92814,Mycgr3G92814,unique
Mycgr3G92826,Mycgr3G92826,unique
Mycgr3G92827,Mycgr3G92827,unique
Mycgr3G92832,Mycgr3G92832,unique
Mycgr3G92834,Mycgr3G92834,unique
Mycgr3G92841,Mycgr3G92841,unique
Mycgr3G92845,Mycgr3G92845,unique
Mycgr3G92846,Mycgr3G92846,unique
Mycgr3G92851,Mycgr3G92851,unique
Mycgr3G92852,Mycgr3G92852,unique
Mycgr3G92854,Mycgr3G92854,unique
Mycgr3G92862,Mycgr3G92862,unique
Mycgr3G92864,Mycgr3G92864,unique
Mycgr3G92872,Mycgr3G92872,unique
Mycgr3G92874,Mycgr3G92874,unique
Mycgr3G92877,Mycgr3G92877,unique
Mycgr3G92878,Mycgr3G92878,unique
Mycgr3G98127,Mycgr3G92879,ambiguous
Mycgr3G92880,Mycgr3G92880,unique
Mycgr3G98127,Mycgr3G92882,ambiguous
Mycgr3G97710,Mycgr3G92883,ambiguous
Mycgr3G92884,Mycgr3G92884,unique
Mycgr3G92885,Mycgr3G92885,unique
Mycgr3G92886,Mycgr3G92886,unique
Mycgr3G92887,Mycgr3G92887,unique
Mycgr3G92888,Mycgr3G92888,unique
Mycgr3G92889,Mycgr3G92889,unique
Mycgr3G92891,Mycgr3G92891,unique
Mycgr3G98127,Mycgr3G92892,ambiguous
Mycgr3G92893,Mycgr3G92893,unique
Mycgr3G92894,Mycgr3G92894,unique
Mycgr3G92895,Mycgr3G92895,unique
Mycgr3G92896,Mycgr3G92896,unique
Mycgr3G92897,Mycgr3G92897,unique
Mycgr3G92901,Mycgr3G92901,unique
Mycgr3G92903,Mycgr3G92903,unique
Mycgr3G92909,Mycgr3G92909,unique
Mycgr3G92914,Mycgr3G92914,unique
Mycgr3G92915,Mycgr3G92915,unique
Mycgr3G92917,Mycgr3G92917,unique
Mycgr3G92919,Mycgr3G92919,unique
Mycgr3G92924,Mycgr3G92924,unique
Mycgr3G92926,Mycgr3G92926,unique
Mycgr3G92934,Mycgr3G92934,unique
Mycgr3G92938,Mycgr3G92938,unique
Mycgr3G92941,Mycgr3G92941,unique
Mycgr3G92948,Mycgr3G92948,unique
Mycgr3G92949,Mycgr3G92949,unique
Mycgr3G92954,Mycgr3G92954,unique
Mycgr3G92956,Mycgr3G92956,unique
Mycgr3G92962,Mycgr3G92962,unique
Mycgr3G92963,Mycgr3G92963,unique
Mycgr3G92966,Mycgr3G92966,unique
Mycgr3G92970,Mycgr3G92970,unique
Mycgr3G92971,Mycgr3G92971,unique
Mycgr3G98127,Mycgr3G92972,ambiguous
Mycgr3G98127,Mycgr3G92977,ambiguous
Mycgr3G97699,Mycgr3G92980,ambiguous
Mycgr3G92982,Mycgr3G92982,unique
Mycgr3G92983,Mycgr3G92983,unique
Mycgr3G92984,Mycgr3G92984,unique
Mycgr3G92985,Mycgr3G92985,unique
Mycgr3G92990,Mycgr3G92990,unique
Mycgr3G92993,Mycgr3G92993,unique
Mycgr3G92998,Mycgr3G92998,unique
Mycgr3G93000,Mycgr3G93000,unique
Mycgr3G93009,Mycgr3G93009,unique
Mycgr3G93019,Mycgr3G93019,unique
Mycgr3G93022,Mycgr3G93022,unique
Mycgr3G93028,Mycgr3G93028,unique
Mycgr3G93029,Mycgr3G93029,unique
Mycgr3G93031,Mycgr3G93031,unique
Mycgr3G93032,Mycgr3G93032,unique
Mycgr3G93035,Mycgr3G93035,unique
Mycgr3G93041,Mycgr3G93041,unique
Mycgr3G93043,Mycgr3G93043,unique
Mycgr3G93045,Mycgr3G93045,unique
Mycgr3G93055,Mycgr3G93055,unique
Mycgr3G93058,Mycgr3G93058,unique
Mycgr3G93060,Mycgr3G93060,unique
Mycgr3G93063,Mycgr3G93063,unique
Mycgr3G93065,Mycgr3G93065,unique
Mycgr3G93067,Mycgr3G93067,unique
Mycgr3G93075,Mycgr3G93075,unique
Mycgr3G93078,Mycgr3G93078,unique
Mycgr3G93083,Mycgr3G93083,unique
Mycgr3G93087,Mycgr3G93087,unique
Mycgr3G93095,Mycgr3G93095,unique
Mycgr3G93097,Mycgr3G93097,unique
Mycgr3G93098,Mycgr3G93098,unique
Mycgr3G93099,Mycgr3G93099,unique
Mycgr3G93101,Mycgr3G93101,unique
Mycgr3G93102,Mycgr3G93102,unique
Mycgr3G93104,Mycgr3G93104,unique
Mycgr3G93114,Mycgr3G93114,unique
Mycgr3G93124,Mycgr3G93124,unique
Mycgr3G93126,Mycgr3G93126,unique
Mycgr3G93127,Mycgr3G93127,unique
Mycgr3G93128,Mycgr3G93128,unique
Mycgr3G93137,Mycgr3G93137,unique
Mycgr3G93152,Mycgr3G93152,unique
Mycgr3G93163,Mycgr3G93163,unique
Mycgr3G93175,Mycgr3G93175,unique
Mycgr3G93193,Mycgr3G93193,unique
Mycgr3G93207,Mycgr3G93207,unique
Mycgr3G93213,Mycgr3G93213,unique
Mycgr3G93222,Mycgr3G93222,unique
Mycgr3G93231,Mycgr3G93231,unique
Mycgr3G93233,Mycgr3G93233,unique
Mycgr3G93235,Mycgr3G93235,unique
Mycgr3G93237,Mycgr3G93237,unique
Mycgr3G93245,Mycgr3G93245,unique
Mycgr3G93246,Mycgr3G93246,unique
Mycgr3G93251,Mycgr3G93251,unique
Mycgr3G93260,Mycgr3G93260,unique
Mycgr3G93271,Mycgr3G93271,unique
Mycgr3G93284,Mycgr3G93284,unique
Mycgr3G93286,Mycgr3G93286,unique
Mycgr3G93287,Mycgr3G93287,unique
Mycgr3G93296,Mycgr3G93296,unique
Mycgr3G93297,Mycgr3G93297,unique
Mycgr3G93305,Mycgr3G93305,unique
Mycgr3G93307,Mycgr3G93307,unique
Mycgr3G93312,Mycgr3G93312,unique
Mycgr3G93322,Mycgr3G93322,unique
Mycgr3G93337,Mycgr3G93337,unique
Mycgr3G93353,Mycgr3G93353,unique
Mycgr3G93354,Mycgr3G93354,unique
Mycgr3G93355,Mycgr3G93355,unique
Mycgr3G93357,Mycgr3G93357,unique
Mycgr3G93359,Mycgr3G93359,unique
Mycgr3G93363,Mycgr3G93363,unique
Mycgr3G93367,Mycgr3G93367,unique
Mycgr3G93368,Mycgr3G93368,unique
Mycgr3G93371,Mycgr3G93371,unique
Mycgr3G93372,Mycgr3G93372,unique
Mycgr3G93373,Mycgr3G93373,unique
Mycgr3G93376,Mycgr3G93376,unique
Mycgr3G93377,Mycgr3G93377,unique
Mycgr3G93378,Mycgr3G93378,unique
Mycgr3G93381,Mycgr3G93381,unique
Mycgr3G93384,Mycgr3G93384,unique
Mycgr3G93385,Mycgr3G93385,unique
Mycgr3G93386,Mycgr3G93386,unique
Mycgr3G93387,Mycgr3G93387,unique
Mycgr3G93388,Mycgr3G93388,unique
Mycgr3G93390,Mycgr3G93390,unique
Mycgr3G93404,Mycgr3G93404,unique
Mycgr3G93408,Mycgr3G93408,unique
Mycgr3G93409,Mycgr3G93409,unique
Mycgr3G93412,Mycgr3G93412,unique
Mycgr3G93414,Mycgr3G93414,unique
Mycgr3G93421,Mycgr3G93421,unique
Mycgr3G93424,Mycgr3G93424,unique
Mycgr3G93428,Mycgr3G93428,unique
Mycgr3G93429,Mycgr3G93429,unique
Mycgr3G93431,Mycgr3G93431,unique
Mycgr3G93433,Mycgr3G93433,unique
Mycgr3G93436,Mycgr3G93436,unique
Mycgr3G93440,Mycgr3G93440,unique
Mycgr3G93442,Mycgr3G93442,unique
Mycgr3G93448,Mycgr3G93448,unique
Mycgr3G93449,Mycgr3G93449,unique
Mycgr3G93450,Mycgr3G93450,unique
Mycgr3G93458,Mycgr3G93458,unique
Mycgr3G93463,Mycgr3G93463,unique
Mycgr3G93465,Mycgr3G93465,unique
Mycgr3G93466,Mycgr3G93466,unique
Mycgr3G93467,Mycgr3G93467,unique
Mycgr3G93469,Mycgr3G93469,unique
Mycgr3G93483,Mycgr3G93483,unique
Mycgr3G93484,Mycgr3G93484,unique
Mycgr3G93485,Mycgr3G93485,unique
Mycgr3G93486,Mycgr3G93486,unique
Mycgr3G93487,Mycgr3G93487,unique
Mycgr3G93496,Mycgr3G93496,unique
Mycgr3G93498,Mycgr3G93498,unique
Mycgr3G93501,Mycgr3G93501,unique
Mycgr3G93504,Mycgr3G93504,unique
Mycgr3G93506,Mycgr3G93506,unique
Mycgr3G93512,Mycgr3G93512,unique
Mycgr3G93513,Mycgr3G93513,unique
Mycgr3G93514,Mycgr3G93514,unique
Mycgr3G93516,Mycgr3G93516,unique
Mycgr3G93521,Mycgr3G93521,unique
Mycgr3G93522,Mycgr3G93522,unique
Mycgr3G93532,Mycgr3G93532,unique
Mycgr3G93541,Mycgr3G93541,unique
Mycgr3G93545,Mycgr3G93545,unique
Mycgr3G93550,Mycgr3G93550,unique
Mycgr3G93553,Mycgr3G93553,unique
Mycgr3G93554,Mycgr3G93554,unique
Mycgr3G93564,Mycgr3G93564,unique
Mycgr3G93569,Mycgr3G93569,unique
Mycgr3G93574,Mycgr3G93574,unique
Mycgr3G93575,Mycgr3G93575,unique
Mycgr3G93579,Mycgr3G93579,unique
Mycgr3G93582,Mycgr3G93582,unique
Mycgr3G93584,Mycgr3G93584,unique
Mycgr3G93585,Mycgr3G93585,unique
Mycgr3G93586,Mycgr3G93586,unique
Mycgr3G93587,Mycgr3G93587,unique
Mycgr3G93588,Mycgr3G93588,unique
Mycgr3G93593,Mycgr3G93593,unique
Mycgr3G93594,Mycgr3G93594,unique
Mycgr3G93598,Mycgr3G93598,unique
Mycgr3G93609,Mycgr3G93609,unique
Mycgr3G93613,Mycgr3G93613,unique
Mycgr3G93616,Mycgr3G93616,unique
Mycgr3G93617,Mycgr3G93617,unique
Mycgr3G93618,Mycgr3G93618,unique
Mycgr3G93619,Mycgr3G93619,unique
Mycgr3G93623,Mycgr3G93623,unique
Mycgr3G93624,Mycgr3G93624,unique
Mycgr3G93625,Mycgr3G93625,unique
Mycgr3G93631,Mycgr3G93631,unique
Mycgr3G93638,Mycgr3G93638,unique
Mycgr3G93639,Mycgr3G93639,unique
Mycgr3G93641,Mycgr3G93641,unique
Mycgr3G93647,Mycgr3G93647,unique
Mycgr3G93658,Mycgr3G93658,unique
Mycgr3G93663,Mycgr3G93663,unique
Mycgr3G93675,Mycgr3G93675,unique
Mycgr3G93679,Mycgr3G93679,unique
Mycgr3G93689,Mycgr3G93689,unique
Mycgr3G93695,Mycgr3G93695,unique
Mycgr3G93696,Mycgr3G93696,unique
Mycgr3G93697,Mycgr3G93697,unique
Mycgr3G98127,Mycgr3G93701,ambiguous
Mycgr3G93707,Mycgr3G93707,unique
Mycgr3G93710,Mycgr3G93710,unique
Mycgr3G93715,Mycgr3G93715,unique
Mycgr3G98127,Mycgr3G93729,ambiguous
Mycgr3G98127,Mycgr3G93730,ambiguous
Mycgr3G93735,Mycgr3G93735,unique
Mycgr3G93740,Mycgr3G93740,unique
Mycgr3G93741,Mycgr3G93741,unique
Mycgr3G93755,Mycgr3G93755,unique
Mycgr3G93756,Mycgr3G93756,unique
Mycgr3G93761,Mycgr3G93761,unique
Mycgr3G93762,Mycgr3G93762,unique
Mycgr3G93763,Mycgr3G93763,unique
Mycgr3G93764,Mycgr3G93764,unique
Mycgr3G93766,Mycgr3G93766,unique
Mycgr3G93769,Mycgr3G93769,unique
Mycgr3G93770,Mycgr3G93770,unique
Mycgr3G93775,Mycgr3G93775,unique
Mycgr3G93783,Mycgr3G93783,unique
Mycgr3G93790,Mycgr3G93790,unique
Mycgr3G93791,Mycgr3G93791,unique
Mycgr3G93820,Mycgr3G93820,unique
Mycgr3G93828,Mycgr3G93828,unique
Mycgr3G93831,Mycgr3G93831,unique
Mycgr3G93835,Mycgr3G93835,unique
Mycgr3G93836,Mycgr3G93836,unique
Mycgr3G93838,Mycgr3G93838,unique
Mycgr3G93850,Mycgr3G93850,unique
Mycgr3G98127,Mycgr3G93853,ambiguous
Mycgr3G98127,Mycgr3G93854,ambiguous
Mycgr3G98127,Mycgr3G93855,ambiguous
Mycgr3G93858,Mycgr3G93858,unique
Mycgr3G93864,Mycgr3G93864,unique
Mycgr3G93870,Mycgr3G93870,unique
Mycgr3G93872,Mycgr3G93872,unique
Mycgr3G93875,Mycgr3G93875,unique
Mycgr3G93879,Mycgr3G93879,unique
Mycgr3G93881,Mycgr3G93881,unique
Mycgr3G93882,Mycgr3G93882,unique
Mycgr3G93883,Mycgr3G93883,unique
Mycgr3G93894,Mycgr3G93894,unique
Mycgr3G93899,Mycgr3G93899,unique
Mycgr3G93903,Mycgr3G93903,unique
Mycgr3G93911,Mycgr3G93911,unique
Mycgr3G93921,Mycgr3G93921,unique
Mycgr3G93928,Mycgr3G93928,unique
Mycgr3G93933,Mycgr3G93933,unique
Mycgr3G93936,Mycgr3G93936,unique
Mycgr3G93943,Mycgr3G93943,unique
Mycgr3G93945,Mycgr3G93945,unique
Mycgr3G93956,Mycgr3G93956,unique
Mycgr3G93958,Mycgr3G93958,unique
Mycgr3G98127,Mycgr3G93967,ambiguous
Mycgr3G93972,Mycgr3G93972,unique
Mycgr3G93973,Mycgr3G93973,unique
Mycgr3G93981,Mycgr3G93981,unique
Mycgr3G93989,Mycgr3G93989,unique
Mycgr3G93990,Mycgr3G93990,unique
Mycgr3G94000,Mycgr3G94000,unique
Mycgr3G94011,Mycgr3G94011,unique
Mycgr3G94017,Mycgr3G94017,unique
Mycgr3G94024,Mycgr3G94024,unique
Mycgr3G94027,Mycgr3G94027,unique
Mycgr3G94029,Mycgr3G94029,unique
Mycgr3G94054,Mycgr3G94054,unique
Mycgr3G94064,Mycgr3G94064,unique
Mycgr3G94065,Mycgr3G94065,unique
Mycgr3G94071,Mycgr3G94071,unique
Mycgr3G94074,Mycgr3G94074,unique
Mycgr3G94075,Mycgr3G94075,unique
Mycgr3G94077,Mycgr3G94077,unique
Mycgr3G94085,Mycgr3G94085,unique
Mycgr3G94089,Mycgr3G94089,unique
Mycgr3G94091,Mycgr3G94091,unique
Mycgr3G94093,Mycgr3G94093,unique
Mycgr3G94097,Mycgr3G94097,unique
Mycgr3G94100,Mycgr3G94100,unique
Mycgr3G94102,Mycgr3G94102,unique
Mycgr3G94107,Mycgr3G94107,unique
Mycgr3G94108,Mycgr3G94108,unique
Mycgr3G94112,Mycgr3G94112,unique
Mycgr3G94117,Mycgr3G94117,unique
Mycgr3G94126,Mycgr3G94126,unique
Mycgr3G94129,Mycgr3G94129,unique
Mycgr3G94131,Mycgr3G94131,unique
Mycgr3G94138,Mycgr3G94138,unique
Mycgr3G94146,Mycgr3G94146,unique
Mycgr3G94158,Mycgr3G94158,unique
Mycgr3G94167,Mycgr3G94167,unique
Mycgr3G94170,Mycgr3G94170,unique
Mycgr3G94173,Mycgr3G94173,unique
Mycgr3G94177,Mycgr3G94177,unique
Mycgr3G94183,Mycgr3G94183,unique
Mycgr3G94185,Mycgr3G94185,unique
Mycgr3G94193,Mycgr3G94193,unique
Mycgr3G94194,Mycgr3G94194,unique
Mycgr3G94196,Mycgr3G94196,unique
Mycgr3G94197,Mycgr3G94197,unique
Mycgr3G94201,Mycgr3G94201,unique
Mycgr3G94211,Mycgr3G94211,unique
Mycgr3G94216,Mycgr3G94216,unique
Mycgr3G94220,Mycgr3G94220,unique
Mycgr3G94223,Mycgr3G94223,unique
Mycgr3G94224,Mycgr3G94224,unique
Mycgr3G94226,Mycgr3G94226,unique
Mycgr3G94230,Mycgr3G94230,unique
Mycgr3G94232,Mycgr3G94232,unique
Mycgr3G98127,Mycgr3G94239,ambiguous
Mycgr3G94245,Mycgr3G94245,unique
Mycgr3G94247,Mycgr3G94247,unique
Mycgr3G94250,Mycgr3G94250,unique
Mycgr3G94263,Mycgr3G94263,unique
Mycgr3G94264,Mycgr3G94264,unique
Mycgr3G94265,Mycgr3G94265,unique
Mycgr3G94266,Mycgr3G94266,unique
Mycgr3G94271,Mycgr3G94271,unique
Mycgr3G94272,Mycgr3G94272,unique
Mycgr3G94274,Mycgr3G94274,unique
Mycgr3G94275,Mycgr3G94275,unique
Mycgr3G94280,Mycgr3G94280,unique
Mycgr3G94285,Mycgr3G94285,unique
Mycgr3G94286,Mycgr3G94286,unique
Mycgr3G94288,Mycgr3G94288,unique
Mycgr3G94290,Mycgr3G94290,unique
Mycgr3G94291,Mycgr3G94291,unique
Mycgr3G94297,Mycgr3G94297,unique
Mycgr3G94299,Mycgr3G94299,unique
Mycgr3G94308,Mycgr3G94308,unique
Mycgr3G94313,Mycgr3G94313,unique
Mycgr3G94314,Mycgr3G94314,unique
Mycgr3G94324,Mycgr3G94324,unique
Mycgr3G94326,Mycgr3G94326,unique
Mycgr3G94330,Mycgr3G94330,unique
Mycgr3G94337,Mycgr3G94337,unique
Mycgr3G94341,Mycgr3G94341,unique
Mycgr3G94358,Mycgr3G94358,unique
Mycgr3G95080,Mycgr3G94360,ambiguous
Mycgr3G94368,Mycgr3G94368,unique
Mycgr3G94380,Mycgr3G94380,unique
Mycgr3G94382,Mycgr3G94382,unique
Mycgr3G94383,Mycgr3G94383,unique
Mycgr3G94391,Mycgr3G94391,unique
Mycgr3G94392,Mycgr3G94392,unique
Mycgr3G94394,Mycgr3G94394,unique
Mycgr3G94396,Mycgr3G94396,unique
Mycgr3G94397,Mycgr3G94397,unique
Mycgr3G94399,Mycgr3G94399,unique
Mycgr3G94401,Mycgr3G94401,unique
Mycgr3G94408,Mycgr3G94408,unique
Mycgr3G94413,Mycgr3G94413,unique
Mycgr3G94421,Mycgr3G94421,unique
Mycgr3G94422,Mycgr3G94422,unique
Mycgr3G94423,Mycgr3G94423,unique
Mycgr3G94428,Mycgr3G94428,unique
Mycgr3G94429,Mycgr3G94429,unique
Mycgr3G94431,Mycgr3G94431,unique
Mycgr3G94438,Mycgr3G94438,unique
Mycgr3G94440,Mycgr3G94440,unique
Mycgr3G94441,Mycgr3G94441,unique
Mycgr3G94447,Mycgr3G94447,unique
Mycgr3G94450,Mycgr3G94450,unique
Mycgr3G94451,Mycgr3G94451,unique
Mycgr3G94454,Mycgr3G94454,unique
Mycgr3G94456,Mycgr3G94456,unique
Mycgr3G94458,Mycgr3G94458,unique
Mycgr3G94460,Mycgr3G94460,unique
Mycgr3G94461,Mycgr3G94461,unique
Mycgr3G94462,Mycgr3G94462,unique
Mycgr3G94484,Mycgr3G94484,unique
Mycgr3G94485,Mycgr3G94485,unique
Mycgr3G94487,Mycgr3G94487,unique
Mycgr3G94488,Mycgr3G94488,unique
Mycgr3G94490,Mycgr3G94490,unique
Mycgr3G94499,Mycgr3G94499,unique
Mycgr3G94509,Mycgr3G94509,unique
Mycgr3G98127,Mycgr3G94519,ambiguous
Mycgr3G94526,Mycgr3G94526,unique
Mycgr3G94534,Mycgr3G94534,unique
Mycgr3G94536,Mycgr3G94536,unique
Mycgr3G94547,Mycgr3G94547,unique
Mycgr3G94552,Mycgr3G94552,unique
Mycgr3G94554,Mycgr3G94554,unique
Mycgr3G94555,Mycgr3G94555,unique
Mycgr3G94556,Mycgr3G94556,unique
Mycgr3G94557,Mycgr3G94557,unique
Mycgr3G94566,Mycgr3G94566,unique
Mycgr3G94570,Mycgr3G94570,unique
Mycgr3G94571,Mycgr3G94571,unique
Mycgr3G94575,Mycgr3G94575,unique
Mycgr3G94577,Mycgr3G94577,unique
Mycgr3G94579,Mycgr3G94579,unique
Mycgr3G94580,Mycgr3G94580,unique
Mycgr3G94584,Mycgr3G94584,unique
Mycgr3G94585,Mycgr3G94585,unique
Mycgr3G94593,Mycgr3G94593,unique
Mycgr3G94594,Mycgr3G94594,unique
Mycgr3G94595,Mycgr3G94595,unique
Mycgr3G94597,Mycgr3G94597,unique
Mycgr3G94601,Mycgr3G94601,unique
Mycgr3G94624,Mycgr3G94624,unique
Mycgr3G94625,Mycgr3G94625,unique
Mycgr3G94628,Mycgr3G94628,unique
Mycgr3G94631,Mycgr3G94631,unique
Mycgr3G94634,Mycgr3G94634,unique
Mycgr3G94635,Mycgr3G94635,unique
Mycgr3G94643,Mycgr3G94643,unique
Mycgr3G94647,Mycgr3G94647,unique
Mycgr3G94648,Mycgr3G94648,unique
Mycgr3G94650,Mycgr3G94650,unique
Mycgr3G98127,Mycgr3G94659,ambiguous
Mycgr3G98127,Mycgr3G94662,ambiguous
Mycgr3G98127,Mycgr3G94663,ambiguous
Mycgr3G94664,Mycgr3G94664,unique
Mycgr3G98127,Mycgr3G94665,ambiguous
Mycgr3G98127,Mycgr3G94666,ambiguous
Mycgr3G94667,Mycgr3G94667,unique
Mycgr3G98127,Mycgr3G94668,ambiguous
Mycgr3G98127,Mycgr3G94669,ambiguous
Mycgr3G98127,Mycgr3G94670,ambiguous
Mycgr3G98127,Mycgr3G94671,ambiguous
Mycgr3G98127,Mycgr3G94672,ambiguous
Mycgr3G98127,Mycgr3G94673,ambiguous
Mycgr3G98127,Mycgr3G94674,ambiguous
Mycgr3G98127,Mycgr3G94675,ambiguous
Mycgr3G98127,Mycgr3G94676,ambiguous
Mycgr3G98127,Mycgr3G94677,ambiguous
Mycgr3G98127,Mycgr3G94678,ambiguous
Mycgr3G98127,Mycgr3G94679,ambiguous
Mycgr3G94826,Mycgr3G94680,ambiguous
Mycgr3G98127,Mycgr3G94681,ambiguous
Mycgr3G98127,Mycgr3G94682,ambiguous
Mycgr3G98127,Mycgr3G94683,ambiguous
Mycgr3G98127,Mycgr3G94684,ambiguous
Mycgr3G98127,Mycgr3G94685,ambiguous
Mycgr3G94686,Mycgr3G94686,unique
Mycgr3G98127,Mycgr3G94687,ambiguous
Mycgr3G94688,Mycgr3G94688,unique
Mycgr3G98127,Mycgr3G94689,ambiguous
Mycgr3G98127,Mycgr3G94690,ambiguous
Mycgr3G98127,Mycgr3G94691,ambiguous
Mycgr3G94692,Mycgr3G94692,unique
Mycgr3G94693,Mycgr3G94693,unique
Mycgr3G98127,Mycgr3G94694,ambiguous
Mycgr3G94695,Mycgr3G94695,unique
Mycgr3G94696,Mycgr3G94696,unique
Mycgr3G94699,Mycgr3G94699,unique
Mycgr3G98127,Mycgr3G94700,ambiguous
Mycgr3G98127,Mycgr3G94701,ambiguous
Mycgr3G98127,Mycgr3G94702,ambiguous
Mycgr3G98127,Mycgr3G94703,ambiguous
Mycgr3G98127,Mycgr3G94704,ambiguous
Mycgr3G98127,Mycgr3G94705,ambiguous
Mycgr3G98127,Mycgr3G94706,ambiguous
Mycgr3G98127,Mycgr3G94707,ambiguous
Mycgr3G98127,Mycgr3G94708,ambiguous
Mycgr3G98127,Mycgr3G94709,ambiguous
Mycgr3G98127,Mycgr3G94710,ambiguous
Mycgr3G98127,Mycgr3G94711,ambiguous
Mycgr3G94712,Mycgr3G94712,unique
Mycgr3G98127,Mycgr3G94713,ambiguous
Mycgr3G98127,Mycgr3G94714,ambiguous
Mycgr3G98127,Mycgr3G94715,ambiguous
Mycgr3G98127,Mycgr3G94716,ambiguous
Mycgr3G98127,Mycgr3G94717,ambiguous
Mycgr3G98127,Mycgr3G94718,ambiguous
Mycgr3G98127,Mycgr3G94719,ambiguous
Mycgr3G98127,Mycgr3G94720,ambiguous
Mycgr3G98127,Mycgr3G94721,ambiguous
Mycgr3G98127,Mycgr3G94722,ambiguous
Mycgr3G98127,Mycgr3G94723,ambiguous
Mycgr3G98127,Mycgr3G94724,ambiguous
Mycgr3G98127,Mycgr3G94725,ambiguous
Mycgr3G94726,Mycgr3G94726,unique
Mycgr3G98127,Mycgr3G94728,ambiguous
Mycgr3G97621,Mycgr3G94729,ambiguous
Mycgr3G98127,Mycgr3G94730,ambiguous
Mycgr3G98127,Mycgr3G94731,ambiguous
Mycgr3G98127,Mycgr3G94732,ambiguous
Mycgr3G98127,Mycgr3G94733,ambiguous
Mycgr3G98127,Mycgr3G94734,ambiguous
Mycgr3G98127,Mycgr3G94735,ambiguous
Mycgr3G98127,Mycgr3G94736,ambiguous
Mycgr3G98127,Mycgr3G94737,ambiguous
Mycgr3G98127,Mycgr3G94738,ambiguous
Mycgr3G98127,Mycgr3G94739,ambiguous
Mycgr3G98127,Mycgr3G94740,ambiguous
Mycgr3G98127,Mycgr3G94741,ambiguous
Mycgr3G94742,Mycgr3G94742,unique
Mycgr3G98127,Mycgr3G94743,ambiguous
Mycgr3G98127,Mycgr3G94744,ambiguous
Mycgr3G94745,Mycgr3G94745,unique
Mycgr3G98127,Mycgr3G94746,ambiguous
Mycgr3G98127,Mycgr3G94747,ambiguous
Mycgr3G94748,Mycgr3G94748,unique
Mycgr3G98127,Mycgr3G94749,ambiguous
Mycgr3G98127,Mycgr3G94750,ambiguous
Mycgr3G98127,Mycgr3G94751,ambiguous
Mycgr3G98127,Mycgr3G94752,ambiguous
Mycgr3G98127,Mycgr3G94753,ambiguous
Mycgr3G98127,Mycgr3G94754,ambiguous
Mycgr3G98127,Mycgr3G94755,ambiguous
Mycgr3G98127,Mycgr3G94756,ambiguous
Mycgr3G98127,Mycgr3G94757,ambiguous
Mycgr3G98127,Mycgr3G94758,ambiguous
Mycgr3G98127,Mycgr3G94759,ambiguous
Mycgr3G98127,Mycgr3G94760,ambiguous
Mycgr3G98127,Mycgr3G94761,ambiguous
Mycgr3G98127,Mycgr3G94762,ambiguous
Mycgr3G96366,Mycgr3G94763,ambiguous
Mycgr3G98127,Mycgr3G94764,ambiguous
Mycgr3G98127,Mycgr3G94765,ambiguous
Mycgr3G98127,Mycgr3G94766,ambiguous
Mycgr3G98127,Mycgr3G94767,ambiguous
Mycgr3G98127,Mycgr3G94768,ambiguous
Mycgr3G98127,Mycgr3G94769,ambiguous
Mycgr3G98127,Mycgr3G94770,ambiguous
Mycgr3G94771,Mycgr3G94771,unique
Mycgr3G98127,Mycgr3G94772,ambiguous
Mycgr3G98127,Mycgr3G94773,ambiguous
Mycgr3G98127,Mycgr3G94774,ambiguous
Mycgr3G98127,Mycgr3G94775,ambiguous
Mycgr3G97865,Mycgr3G94777,ambiguous
Mycgr3G98127,Mycgr3G94778,ambiguous
Mycgr3G98127,Mycgr3G94779,ambiguous
Mycgr3G98127,Mycgr3G94780,ambiguous
Mycgr3G98127,Mycgr3G94781,ambiguous
Mycgr3G97679,Mycgr3G94782,ambiguous
Mycgr3G98127,Mycgr3G94786,ambiguous
Mycgr3G98127,Mycgr3G94787,ambiguous
Mycgr3G98127,Mycgr3G94788,ambiguous
Mycgr3G98127,Mycgr3G94789,ambiguous
Mycgr3G98127,Mycgr3G94791,ambiguous
Mycgr3G98127,Mycgr3G94792,ambiguous
Mycgr3G98127,Mycgr3G94793,ambiguous
Mycgr3G94794,Mycgr3G94794,unique
Mycgr3G98127,Mycgr3G94795,ambiguous
Mycgr3G98127,Mycgr3G94796,ambiguous
Mycgr3G98127,Mycgr3G94797,ambiguous
Mycgr3G98127,Mycgr3G94798,ambiguous
Mycgr3G98070,Mycgr3G94799,ambiguous
Mycgr3G98127,Mycgr3G94800,ambiguous
Mycgr3G98127,Mycgr3G94801,ambiguous
Mycgr3G98127,Mycgr3G94802,ambiguous
Mycgr3G98127,Mycgr3G94803,ambiguous
Mycgr3G98127,Mycgr3G94804,ambiguous
Mycgr3G98127,Mycgr3G94805,ambiguous
Mycgr3G98127,Mycgr3G94806,ambiguous
Mycgr3G98127,Mycgr3G94807,ambiguous
Mycgr3G98127,Mycgr3G94808,ambiguous
Mycgr3G98127,Mycgr3G94809,ambiguous
Mycgr3G98127,Mycgr3G94810,ambiguous
Mycgr3G97635,Mycgr3G94811,ambiguous
Mycgr3G98127,Mycgr3G94812,ambiguous
Mycgr3G98127,Mycgr3G94813,ambiguous
Mycgr3G98127,Mycgr3G94814,ambiguous
Mycgr3G98127,Mycgr3G94815,ambiguous
Mycgr3G98127,Mycgr3G94816,ambiguous
Mycgr3G98127,Mycgr3G94817,ambiguous
Mycgr3G98127,Mycgr3G94818,ambiguous
Mycgr3G98127,Mycgr3G94819,ambiguous
Mycgr3G98127,Mycgr3G94820,ambiguous
Mycgr3G97665,Mycgr3G94821,ambiguous
Mycgr3G98127,Mycgr3G94822,ambiguous
Mycgr3G98127,Mycgr3G94823,ambiguous
Mycgr3G98127,Mycgr3G94824,ambiguous
Mycgr3G98127,Mycgr3G94825,ambiguous
Mycgr3G94826,Mycgr3G94826,ambiguous
Mycgr3G98127,Mycgr3G94827,ambiguous
Mycgr3G98127,Mycgr3G94828,ambiguous
Mycgr3G98127,Mycgr3G94829,ambiguous
Mycgr3G98127,Mycgr3G94830,ambiguous
Mycgr3G98127,Mycgr3G94831,ambiguous
Mycgr3G98127,Mycgr3G94832,ambiguous
Mycgr3G98127,Mycgr3G94833,ambiguous
Mycgr3G98127,Mycgr3G94834,ambiguous
Mycgr3G98127,Mycgr3G94835,ambiguous
Mycgr3G98127,Mycgr3G94836,ambiguous
Mycgr3G98127,Mycgr3G94837,ambiguous
Mycgr3G98127,Mycgr3G94838,ambiguous
Mycgr3G98127,Mycgr3G94839,ambiguous
Mycgr3G94840,Mycgr3G94840,unique
Mycgr3G98127,Mycgr3G94841,ambiguous
Mycgr3G94842,Mycgr3G94842,unique
Mycgr3G98127,Mycgr3G94843,ambiguous
Mycgr3G98127,Mycgr3G94844,ambiguous
Mycgr3G98127,Mycgr3G94845,ambiguous
Mycgr3G94846,Mycgr3G94846,unique
Mycgr3G94850,Mycgr3G94850,unique
Mycgr3G98127,Mycgr3G94851,ambiguous
Mycgr3G94853,Mycgr3G94853,unique
Mycgr3G94866,Mycgr3G94866,unique
Mycgr3G94868,Mycgr3G94868,unique
Mycgr3G94869,Mycgr3G94869,unique
Mycgr3G94872,Mycgr3G94872,unique
Mycgr3G94873,Mycgr3G94873,unique
Mycgr3G94877,Mycgr3G94877,unique
Mycgr3G94878,Mycgr3G94878,unique
Mycgr3G94883,Mycgr3G94883,unique
Mycgr3G94884,Mycgr3G94884,unique
Mycgr3G94886,Mycgr3G94886,unique
Mycgr3G94887,Mycgr3G94887,unique
Mycgr3G94892,Mycgr3G94892,unique
Mycgr3G94893,Mycgr3G94893,unique
Mycgr3G94898,Mycgr3G94898,unique
Mycgr3G94907,Mycgr3G94907,unique
Mycgr3G94908,Mycgr3G94908,unique
Mycgr3G94909,Mycgr3G94909,unique
Mycgr3G94910,Mycgr3G94910,unique
Mycgr3G94912,Mycgr3G94912,unique
Mycgr3G94915,Mycgr3G94915,unique
Mycgr3G94916,Mycgr3G94916,unique
Mycgr3G94925,Mycgr3G94925,unique
Mycgr3G94930,Mycgr3G94930,unique
Mycgr3G94936,Mycgr3G94936,unique
Mycgr3G94937,Mycgr3G94937,unique
Mycgr3G94939,Mycgr3G94939,unique
Mycgr3G94941,Mycgr3G94941,unique
Mycgr3G98127,Mycgr3G94942,ambiguous
Mycgr3G94946,Mycgr3G94946,unique
Mycgr3G94952,Mycgr3G94952,unique
Mycgr3G94962,Mycgr3G94962,unique
Mycgr3G94965,Mycgr3G94965,unique
Mycgr3G94966,Mycgr3G94966,unique
Mycgr3G94972,Mycgr3G94972,unique
Mycgr3G94973,Mycgr3G94973,unique
Mycgr3G94988,Mycgr3G94988,unique
Mycgr3G94989,Mycgr3G94989,unique
Mycgr3G94990,Mycgr3G94990,unique
Mycgr3G94991,Mycgr3G94991,unique
Mycgr3G94992,Mycgr3G94992,unique
Mycgr3G94995,Mycgr3G94995,unique
Mycgr3G94999,Mycgr3G94999,unique
Mycgr3G95012,Mycgr3G95012,unique
Mycgr3G95014,Mycgr3G95014,unique
Mycgr3G95016,Mycgr3G95016,unique
Mycgr3G95018,Mycgr3G95018,unique
Mycgr3G95020,Mycgr3G95020,unique
Mycgr3G95021,Mycgr3G95021,unique
Mycgr3G95022,Mycgr3G95022,unique
Mycgr3G95024,Mycgr3G95024,unique
Mycgr3G95030,Mycgr3G95030,unique
Mycgr3G95032,Mycgr3G95032,unique
Mycgr3G95034,Mycgr3G95034,unique
Mycgr3G95035,Mycgr3G95035,unique
Mycgr3G95038,Mycgr3G95038,unique
Mycgr3G95039,Mycgr3G95039,unique
Mycgr3G95041,Mycgr3G95041,unique
Mycgr3G95050,Mycgr3G95050,unique
Mycgr3G95053,Mycgr3G95053,unique
Mycgr3G95055,Mycgr3G95055,unique
Mycgr3G95059,Mycgr3G95059,unique
Mycgr3G95064,Mycgr3G95064,unique
Mycgr3G95071,Mycgr3G95071,unique
Mycgr3G98127,Mycgr3G95073,ambiguous
Mycgr3G95074,Mycgr3G95074,unique
Mycgr3G95075,Mycgr3G95075,unique
Mycgr3G98127,Mycgr3G95076,ambiguous
Mycgr3G98127,Mycgr3G95079,ambiguous
Mycgr3G95080,Mycgr3G95080,ambiguous
Mycgr3G98127,Mycgr3G95081,ambiguous
Mycgr3G98127,Mycgr3G95082,ambiguous
Mycgr3G95083,Mycgr3G95083,unique
Mycgr3G95085,Mycgr3G95085,unique
Mycgr3G95088,Mycgr3G95088,unique
Mycgr3G95089,Mycgr3G95089,unique
Mycgr3G95098,Mycgr3G95098,unique
Mycgr3G95102,Mycgr3G95102,unique
Mycgr3G95105,Mycgr3G95105,unique
Mycgr3G95108,Mycgr3G95108,unique
Mycgr3G95115,Mycgr3G95115,unique
Mycgr3G95118,Mycgr3G95118,unique
Mycgr3G95123,Mycgr3G95123,unique
Mycgr3G95126,Mycgr3G95126,unique
Mycgr3G95127,Mycgr3G95127,unique
Mycgr3G95133,Mycgr3G95133,unique
Mycgr3G95134,Mycgr3G95134,unique
Mycgr3G95136,Mycgr3G95136,unique
Mycgr3G95144,Mycgr3G95144,unique
Mycgr3G95157,Mycgr3G95157,unique
Mycgr3G95177,Mycgr3G95177,unique
Mycgr3G95182,Mycgr3G95182,unique
Mycgr3G95183,Mycgr3G95183,unique
Mycgr3G95195,Mycgr3G95195,unique
Mycgr3G95203,Mycgr3G95203,unique
Mycgr3G95210,Mycgr3G95210,unique
Mycgr3G95211,Mycgr3G95211,unique
Mycgr3G95214,Mycgr3G95214,unique
Mycgr3G95216,Mycgr3G95216,unique
Mycgr3G95217,Mycgr3G95217,unique
Mycgr3G95218,Mycgr3G95218,unique
Mycgr3G95220,Mycgr3G95220,unique
Mycgr3G98127,Mycgr3G95221,ambiguous
Mycgr3G95225,Mycgr3G95225,unique
Mycgr3G95227,Mycgr3G95227,unique
Mycgr3G95233,Mycgr3G95233,unique
Mycgr3G95245,Mycgr3G95245,unique
Mycgr3G95248,Mycgr3G95248,unique
Mycgr3G95251,Mycgr3G95251,unique
Mycgr3G95253,Mycgr3G95253,unique
Mycgr3G95261,Mycgr3G95261,unique
Mycgr3G95274,Mycgr3G95274,unique
Mycgr3G95282,Mycgr3G95282,unique
Mycgr3G95286,Mycgr3G95286,unique
Mycgr3G95290,Mycgr3G95290,unique
Mycgr3G95302,Mycgr3G95302,unique
Mycgr3G95304,Mycgr3G95304,unique
Mycgr3G95316,Mycgr3G95316,unique
Mycgr3G95325,Mycgr3G95325,unique
Mycgr3G95327,Mycgr3G95327,unique
Mycgr3G95329,Mycgr3G95329,unique
Mycgr3G95343,Mycgr3G95343,unique
Mycgr3G95346,Mycgr3G95346,unique
Mycgr3G95348,Mycgr3G95348,unique
Mycgr3G95352,Mycgr3G95352,unique
Mycgr3G95354,Mycgr3G95354,unique
Mycgr3G95356,Mycgr3G95356,unique
Mycgr3G95359,Mycgr3G95359,unique
Mycgr3G95363,Mycgr3G95363,unique
Mycgr3G95365,Mycgr3G95365,unique
Mycgr3G95368,Mycgr3G95368,unique
Mycgr3G95369,Mycgr3G95369,unique
Mycgr3G95372,Mycgr3G95372,unique
Mycgr3G95373,Mycgr3G95373,unique
Mycgr3G95376,Mycgr3G95376,unique
Mycgr3G95377,Mycgr3G95377,unique
Mycgr3G95378,Mycgr3G95378,unique
Mycgr3G95379,Mycgr3G95379,unique
Mycgr3G95389,Mycgr3G95389,unique
Mycgr3G95390,Mycgr3G95390,unique
Mycgr3G98127,Mycgr3G95395,ambiguous
Mycgr3G95397,Mycgr3G95397,unique
Mycgr3G95403,Mycgr3G95403,unique
Mycgr3G95405,Mycgr3G95405,unique
Mycgr3G95409,Mycgr3G95409,unique
Mycgr3G95410,Mycgr3G95410,unique
Mycgr3G95416,Mycgr3G95416,unique
Mycgr3G95423,Mycgr3G95423,unique
Mycgr3G95435,Mycgr3G95435,unique
Mycgr3G95436,Mycgr3G95436,unique
Mycgr3G95438,Mycgr3G95438,unique
Mycgr3G95442,Mycgr3G95442,unique
Mycgr3G95448,Mycgr3G95448,unique
Mycgr3G95456,Mycgr3G95456,unique
Mycgr3G95460,Mycgr3G95460,unique
Mycgr3G95467,Mycgr3G95467,unique
Mycgr3G95478,Mycgr3G95478,unique
Mycgr3G95491,Mycgr3G95491,unique
Mycgr3G95492,Mycgr3G95492,unique
Mycgr3G95504,Mycgr3G95504,unique
Mycgr3G95511,Mycgr3G95511,unique
Mycgr3G95512,Mycgr3G95512,unique
Mycgr3G95513,Mycgr3G95513,unique
Mycgr3G95514,Mycgr3G95514,unique
Mycgr3G95515,Mycgr3G95515,unique
Mycgr3G95520,Mycgr3G95520,unique
Mycgr3G95521,Mycgr3G95521,unique
Mycgr3G95524,Mycgr3G95524,unique
Mycgr3G95525,Mycgr3G95525,unique
Mycgr3G98127,Mycgr3G95526,ambiguous
Mycgr3G95527,Mycgr3G95527,unique
Mycgr3G95528,Mycgr3G95528,unique
Mycgr3G95531,Mycgr3G95531,unique
Mycgr3G95533,Mycgr3G95533,unique
Mycgr3G95534,Mycgr3G95534,unique
Mycgr3G95535,Mycgr3G95535,unique
Mycgr3G95536,Mycgr3G95536,unique
Mycgr3G95537,Mycgr3G95537,unique
Mycgr3G95543,Mycgr3G95543,unique
Mycgr3G95545,Mycgr3G95545,unique
Mycgr3G95546,Mycgr3G95546,unique
Mycgr3G95552,Mycgr3G95552,unique
Mycgr3G95553,Mycgr3G95553,unique
Mycgr3G95554,Mycgr3G95554,unique
Mycgr3G95555,Mycgr3G95555,unique
Mycgr3G95556,Mycgr3G95556,unique
Mycgr3G95557,Mycgr3G95557,unique
Mycgr3G95572,Mycgr3G95572,unique
Mycgr3G95573,Mycgr3G95573,unique
Mycgr3G95574,Mycgr3G95574,unique
Mycgr3G95576,Mycgr3G95576,unique
Mycgr3G95579,Mycgr3G95579,unique
Mycgr3G95582,Mycgr3G95582,unique
Mycgr3G95583,Mycgr3G95583,unique
Mycgr3G95586,Mycgr3G95586,unique
Mycgr3G95587,Mycgr3G95587,unique
Mycgr3G97802,Mycgr3G95588,ambiguous
Mycgr3G95589,Mycgr3G95589,unique
Mycgr3G95590,Mycgr3G95590,unique
Mycgr3G95591,Mycgr3G95591,ambiguous
Mycgr3G95592,Mycgr3G95592,unique
Mycgr3G95595,Mycgr3G95595,unique
Mycgr3G95596,Mycgr3G95596,ambiguous
Mycgr3G95601,Mycgr3G95601,unique
Mycgr3G95609,Mycgr3G95609,unique
Mycgr3G95610,Mycgr3G95610,unique
Mycgr3G95611,Mycgr3G95611,unique
Mycgr3G95620,Mycgr3G95620,unique
Mycgr3G95621,Mycgr3G95621,unique
Mycgr3G98127,Mycgr3G95625,ambiguous
Mycgr3G95627,Mycgr3G95627,unique
Mycgr3G95631,Mycgr3G95631,unique
Mycgr3G95635,Mycgr3G95635,unique
Mycgr3G95636,Mycgr3G95636,unique
Mycgr3G95637,Mycgr3G95637,unique
Mycgr3G95640,Mycgr3G95640,unique
Mycgr3G95642,Mycgr3G95642,unique
Mycgr3G95643,Mycgr3G95643,unique
Mycgr3G95660,Mycgr3G95660,unique
Mycgr3G95662,Mycgr3G95662,unique
Mycgr3G95663,Mycgr3G95663,unique
Mycgr3G95665,Mycgr3G95665,unique
Mycgr3G95666,Mycgr3G95666,unique
Mycgr3G95672,Mycgr3G95672,unique
Mycgr3G95688,Mycgr3G95688,unique
Mycgr3G95690,Mycgr3G95690,unique
Mycgr3G95697,Mycgr3G95697,unique
Mycgr3G95712,Mycgr3G95712,unique
Mycgr3G95714,Mycgr3G95714,unique
Mycgr3G95717,Mycgr3G95717,unique
Mycgr3G95719,Mycgr3G95719,unique
Mycgr3G95722,Mycgr3G95722,unique
Mycgr3G95724,Mycgr3G95724,unique
Mycgr3G95728,Mycgr3G95728,unique
Mycgr3G95729,Mycgr3G95729,unique
Mycgr3G95738,Mycgr3G95738,unique
Mycgr3G95742,Mycgr3G95742,unique
Mycgr3G95743,Mycgr3G95743,unique
Mycgr3G98127,Mycgr3G95744,ambiguous
Mycgr3G95745,Mycgr3G95745,unique
Mycgr3G95752,Mycgr3G95752,unique
Mycgr3G95753,Mycgr3G95753,unique
Mycgr3G95754,Mycgr3G95754,unique
Mycgr3G95755,Mycgr3G95755,unique
Mycgr3G98127,Mycgr3G95756,ambiguous
Mycgr3G95758,Mycgr3G95758,unique
Mycgr3G95759,Mycgr3G95759,unique
Mycgr3G96366,Mycgr3G95761,ambiguous
Mycgr3G95765,Mycgr3G95765,unique
Mycgr3G95776,Mycgr3G95776,unique
Mycgr3G95788,Mycgr3G95788,unique
Mycgr3G95797,Mycgr3G95797,unique
Mycgr3G95798,Mycgr3G95798,unique
Mycgr3G95800,Mycgr3G95800,unique
Mycgr3G95804,Mycgr3G95804,unique
Mycgr3G95809,Mycgr3G95809,unique
Mycgr3G95819,Mycgr3G95819,unique
Mycgr3G95824,Mycgr3G95824,unique
Mycgr3G95830,Mycgr3G95830,unique
Mycgr3G95831,Mycgr3G95831,unique
Mycgr3G95833,Mycgr3G95833,unique
Mycgr3G95836,Mycgr3G95836,unique
Mycgr3G95845,Mycgr3G95845,unique
Mycgr3G95850,Mycgr3G95850,unique
Mycgr3G95852,Mycgr3G95852,unique
Mycgr3G95857,Mycgr3G95857,unique
Mycgr3G95858,Mycgr3G95858,unique
Mycgr3G95859,Mycgr3G95859,unique
Mycgr3G95860,Mycgr3G95860,unique
Mycgr3G95865,Mycgr3G95865,unique
Mycgr3G95868,Mycgr3G95868,unique
Mycgr3G95879,Mycgr3G95879,unique
Mycgr3G95885,Mycgr3G95885,unique
Mycgr3G95893,Mycgr3G95893,unique
Mycgr3G95907,Mycgr3G95907,unique
Mycgr3G95918,Mycgr3G95918,unique
Mycgr3G95919,Mycgr3G95919,unique
Mycgr3G95921,Mycgr3G95921,unique
Mycgr3G95938,Mycgr3G95938,unique
Mycgr3G95942,Mycgr3G95942,unique
Mycgr3G95947,Mycgr3G95947,unique
Mycgr3G95951,Mycgr3G95951,unique
Mycgr3G95952,Mycgr3G95952,unique
Mycgr3G95955,Mycgr3G95955,unique
Mycgr3G95957,Mycgr3G95957,unique
Mycgr3G95958,Mycgr3G95958,unique
Mycgr3G95960,Mycgr3G95960,unique
Mycgr3G95977,Mycgr3G95977,unique
Mycgr3G95982,Mycgr3G95982,unique
Mycgr3G95983,Mycgr3G95983,unique
Mycgr3G95988,Mycgr3G95988,unique
Mycgr3G95993,Mycgr3G95993,unique
Mycgr3G95994,Mycgr3G95994,unique
Mycgr3G95995,Mycgr3G95995,unique
Mycgr3G95996,Mycgr3G95996,unique
Mycgr3G95997,Mycgr3G95997,unique
Mycgr3G95998,Mycgr3G95998,unique
Mycgr3G95999,Mycgr3G95999,unique
Mycgr3G96002,Mycgr3G96002,unique
Mycgr3G96003,Mycgr3G96003,unique
Mycgr3G96004,Mycgr3G96004,unique
Mycgr3G96005,Mycgr3G96005,unique
Mycgr3G96008,Mycgr3G96008,unique
Mycgr3G96009,Mycgr3G96009,unique
Mycgr3G96010,Mycgr3G96010,unique
Mycgr3G96011,Mycgr3G96011,unique
Mycgr3G96012,Mycgr3G96012,ambiguous
Mycgr3G96015,Mycgr3G96015,unique
Mycgr3G96020,Mycgr3G96020,unique
Mycgr3G96021,Mycgr3G96021,unique
Mycgr3G96022,Mycgr3G96022,unique
Mycgr3G96032,Mycgr3G96032,unique
Mycgr3G96052,Mycgr3G96052,unique
Mycgr3G96055,Mycgr3G96055,unique
Mycgr3G96065,Mycgr3G96065,unique
Mycgr3G96071,Mycgr3G96071,unique
Mycgr3G96074,Mycgr3G96074,unique
Mycgr3G96075,Mycgr3G96075,unique
Mycgr3G96077,Mycgr3G96077,unique
Mycgr3G96080,Mycgr3G96080,unique
Mycgr3G96081,Mycgr3G96081,unique
Mycgr3G96092,Mycgr3G96092,unique
Mycgr3G96094,Mycgr3G96094,unique
Mycgr3G96095,Mycgr3G96095,unique
Mycgr3G96096,Mycgr3G96096,unique
Mycgr3G96097,Mycgr3G96097,unique
Mycgr3G96101,Mycgr3G96101,unique
Mycgr3G96102,Mycgr3G96102,unique
Mycgr3G96103,Mycgr3G96103,unique
Mycgr3G96123,Mycgr3G96123,unique
Mycgr3G96127,Mycgr3G96127,unique
Mycgr3G96131,Mycgr3G96131,unique
Mycgr3G96134,Mycgr3G96134,unique
Mycgr3G96135,Mycgr3G96135,unique
Mycgr3G96138,Mycgr3G96138,unique
Mycgr3G96140,Mycgr3G96140,unique
Mycgr3G96141,Mycgr3G96141,unique
Mycgr3G96142,Mycgr3G96142,unique
Mycgr3G96155,Mycgr3G96155,unique
Mycgr3G96157,Mycgr3G96157,unique
Mycgr3G96164,Mycgr3G96164,unique
Mycgr3G96168,Mycgr3G96168,unique
Mycgr3G96176,Mycgr3G96176,unique
Mycgr3G96177,Mycgr3G96177,unique
Mycgr3G96183,Mycgr3G96183,unique
Mycgr3G96190,Mycgr3G96190,unique
Mycgr3G96201,Mycgr3G96201,unique
Mycgr3G96202,Mycgr3G96202,unique
Mycgr3G96209,Mycgr3G96209,unique
Mycgr3G96217,Mycgr3G96217,unique
Mycgr3G96225,Mycgr3G96225,unique
Mycgr3G96231,Mycgr3G96231,unique
Mycgr3G96232,Mycgr3G96232,unique
Mycgr3G96234,Mycgr3G96234,unique
Mycgr3G96235,Mycgr3G96235,unique
Mycgr3G96239,Mycgr3G96239,unique
Mycgr3G96240,Mycgr3G96240,unique
Mycgr3G96243,Mycgr3G96243,unique
Mycgr3G96244,Mycgr3G96244,unique
Mycgr3G96248,Mycgr3G96248,unique
Mycgr3G96249,Mycgr3G96249,unique
Mycgr3G96252,Mycgr3G96252,unique
Mycgr3G96262,Mycgr3G96262,unique
Mycgr3G96263,Mycgr3G96263,unique
Mycgr3G96279,Mycgr3G96279,unique
Mycgr3G96284,Mycgr3G96284,unique
Mycgr3G96289,Mycgr3G96289,unique
Mycgr3G96290,Mycgr3G96290,unique
Mycgr3G96292,Mycgr3G96292,unique
Mycgr3G96297,Mycgr3G96297,unique
Mycgr3G96300,Mycgr3G96300,unique
Mycgr3G96303,Mycgr3G96303,unique
Mycgr3G96315,Mycgr3G96315,unique
Mycgr3G96316,Mycgr3G96316,unique
Mycgr3G96317,Mycgr3G96317,unique
Mycgr3G96334,Mycgr3G96334,unique
Mycgr3G96366,Mycgr3G96335,ambiguous
Mycgr3G96339,Mycgr3G96339,unique
Mycgr3G96349,Mycgr3G96349,unique
Mycgr3G96354,Mycgr3G96354,unique
Mycgr3G96355,Mycgr3G96355,unique
Mycgr3G98127,Mycgr3G96356,ambiguous
Mycgr3G96361,Mycgr3G96361,unique
Mycgr3G96362,Mycgr3G96362,unique
Mycgr3G96363,Mycgr3G96363,unique
Mycgr3G96366,Mycgr3G96366,ambiguous
Mycgr3G96367,Mycgr3G96367,unique
Mycgr3G96368,Mycgr3G96368,unique
Mycgr3G96369,Mycgr3G96369,unique
Mycgr3G96370,Mycgr3G96370,unique
Mycgr3G96371,Mycgr3G96371,unique
Mycgr3G96372,Mycgr3G96372,unique
Mycgr3G96374,Mycgr3G96374,unique
Mycgr3G96376,Mycgr3G96376,unique
Mycgr3G96377,Mycgr3G96377,unique
Mycgr3G96380,Mycgr3G96380,unique
Mycgr3G96384,Mycgr3G96384,unique
Mycgr3G96387,Mycgr3G96387,unique
Mycgr3G96389,Mycgr3G96389,unique
Mycgr3G96400,Mycgr3G96400,unique
Mycgr3G97699,Mycgr3G96401,ambiguous
Mycgr3G98127,Mycgr3G96402,ambiguous
Mycgr3G96410,Mycgr3G96410,unique
Mycgr3G97679,Mycgr3G96414,ambiguous
Mycgr3G98070,Mycgr3G96415,ambiguous
Mycgr3G98127,Mycgr3G96417,ambiguous
Mycgr3G98127,Mycgr3G96418,ambiguous
Mycgr3G98127,Mycgr3G96419,ambiguous
Mycgr3G96423,Mycgr3G96423,unique
Mycgr3G96426,Mycgr3G96426,unique
Mycgr3G96427,Mycgr3G96427,unique
Mycgr3G96433,Mycgr3G96433,unique
Mycgr3G96434,Mycgr3G96434,unique
Mycgr3G96436,Mycgr3G96436,unique
Mycgr3G96437,Mycgr3G96437,unique
Mycgr3G96438,Mycgr3G96438,unique
Mycgr3G96439,Mycgr3G96439,unique
Mycgr3G96440,Mycgr3G96440,unique
Mycgr3G96450,Mycgr3G96450,unique
Mycgr3G96451,Mycgr3G96451,unique
Mycgr3G96461,Mycgr3G96461,unique
Mycgr3G96466,Mycgr3G96466,unique
Mycgr3G96467,Mycgr3G96467,unique
Mycgr3G96474,Mycgr3G96474,unique
Mycgr3G96477,Mycgr3G96477,unique
Mycgr3G96486,Mycgr3G96486,unique
Mycgr3G96494,Mycgr3G96494,unique
Mycgr3G96497,Mycgr3G96497,unique
Mycgr3G96505,Mycgr3G96505,unique
Mycgr3G96510,Mycgr3G96510,unique
Mycgr3G96518,Mycgr3G96518,unique
Mycgr3G96527,Mycgr3G96527,unique
Mycgr3G96528,Mycgr3G96528,unique
Mycgr3G96529,Mycgr3G96529,unique
Mycgr3G96530,Mycgr3G96530,unique
Mycgr3G96536,Mycgr3G96536,unique
Mycgr3G96541,Mycgr3G96541,unique
Mycgr3G96543,Mycgr3G96543,unique
Mycgr3G96544,Mycgr3G96544,unique
Mycgr3G96548,Mycgr3G96548,unique
Mycgr3G96551,Mycgr3G96551,unique
Mycgr3G96552,Mycgr3G96552,unique
Mycgr3G96554,Mycgr3G96554,unique
Mycgr3G96555,Mycgr3G96555,unique
Mycgr3G96565,Mycgr3G96565,unique
Mycgr3G96566,Mycgr3G96566,unique
Mycgr3G96567,Mycgr3G96567,unique
Mycgr3G96571,Mycgr3G96571,unique
Mycgr3G96575,Mycgr3G96575,unique
Mycgr3G96578,Mycgr3G96578,unique
Mycgr3G96580,Mycgr3G96580,unique
Mycgr3G96582,Mycgr3G96582,unique
Mycgr3G96583,Mycgr3G96583,unique
Mycgr3G96588,Mycgr3G96588,unique
Mycgr3G96591,Mycgr3G96591,unique
Mycgr3G96592,Mycgr3G96592,unique
Mycgr3G96593,Mycgr3G96593,unique
Mycgr3G96599,Mycgr3G96599,unique
Mycgr3G96600,Mycgr3G96600,unique
Mycgr3G96602,Mycgr3G96602,unique
Mycgr3G96615,Mycgr3G96615,unique
Mycgr3G96617,Mycgr3G96617,unique
Mycgr3G96622,Mycgr3G96622,unique
Mycgr3G96624,Mycgr3G96624,unique
Mycgr3G96625,Mycgr3G96625,unique
Mycgr3G96628,Mycgr3G96628,unique
Mycgr3G96631,Mycgr3G96631,unique
Mycgr3G96634,Mycgr3G96634,unique
Mycgr3G96635,Mycgr3G96635,unique
Mycgr3G96640,Mycgr3G96640,unique
Mycgr3G96643,Mycgr3G96643,unique
Mycgr3G96644,Mycgr3G96644,unique
Mycgr3G96645,Mycgr3G96645,unique
Mycgr3G98127,Mycgr3G96646,ambiguous
Mycgr3G96648,Mycgr3G96648,unique
Mycgr3G96649,Mycgr3G96649,unique
Mycgr3G96650,Mycgr3G96650,unique
Mycgr3G96651,Mycgr3G96651,unique
Mycgr3G96672,Mycgr3G96672,unique
Mycgr3G96676,Mycgr3G96676,unique
Mycgr3G96677,Mycgr3G96677,unique
Mycgr3G96686,Mycgr3G96686,unique
Mycgr3G98043,Mycgr3G96691,ambiguous
Mycgr3G96701,Mycgr3G96701,unique
Mycgr3G96703,Mycgr3G96703,unique
Mycgr3G96704,Mycgr3G96704,unique
Mycgr3G96713,Mycgr3G96713,unique
Mycgr3G96716,Mycgr3G96716,unique
Mycgr3G96726,Mycgr3G96726,unique
Mycgr3G96728,Mycgr3G96728,unique
Mycgr3G96729,Mycgr3G96729,unique
Mycgr3G98127,Mycgr3G96731,ambiguous
Mycgr3G96736,Mycgr3G96736,unique
Mycgr3G96751,Mycgr3G96751,unique
Mycgr3G96752,Mycgr3G96752,unique
Mycgr3G96753,Mycgr3G96753,unique
Mycgr3G96754,Mycgr3G96754,unique
Mycgr3G96755,Mycgr3G96755,unique
Mycgr3G96758,Mycgr3G96758,unique
Mycgr3G96771,Mycgr3G96771,unique
Mycgr3G96782,Mycgr3G96782,unique
Mycgr3G96784,Mycgr3G96784,unique
Mycgr3G96785,Mycgr3G96785,unique
Mycgr3G96788,Mycgr3G96788,unique
Mycgr3G96803,Mycgr3G96803,unique
Mycgr3G96804,Mycgr3G96804,unique
Mycgr3G96806,Mycgr3G96806,unique
Mycgr3G96811,Mycgr3G96811,unique
Mycgr3G96812,Mycgr3G96812,unique
Mycgr3G96813,Mycgr3G96813,unique
Mycgr3G96814,Mycgr3G96814,unique
Mycgr3G96820,Mycgr3G96820,unique
Mycgr3G96825,Mycgr3G96825,unique
Mycgr3G96834,Mycgr3G96834,unique
Mycgr3G96836,Mycgr3G96836,unique
Mycgr3G96838,Mycgr3G96838,unique
Mycgr3G96844,Mycgr3G96844,unique
Mycgr3G96845,Mycgr3G96845,unique
Mycgr3G96846,Mycgr3G96846,unique
Mycgr3G96847,Mycgr3G96847,unique
Mycgr3G96851,Mycgr3G96851,unique
Mycgr3G96856,Mycgr3G96856,unique
Mycgr3G96858,Mycgr3G96858,unique
Mycgr3G96865,Mycgr3G96865,unique
Mycgr3G96867,Mycgr3G96867,unique
Mycgr3G96868,Mycgr3G96868,unique
Mycgr3G96869,Mycgr3G96869,unique
Mycgr3G96870,Mycgr3G96870,unique
Mycgr3G96876,Mycgr3G96876,unique
Mycgr3G96877,Mycgr3G96877,unique
Mycgr3G96882,Mycgr3G96882,unique
Mycgr3G96887,Mycgr3G96887,unique
Mycgr3G96889,Mycgr3G96889,unique
Mycgr3G96900,Mycgr3G96900,unique
Mycgr3G98127,Mycgr3G96901,ambiguous
Mycgr3G96902,Mycgr3G96902,unique
Mycgr3G96903,Mycgr3G96903,unique
Mycgr3G96904,Mycgr3G96904,unique
Mycgr3G96910,Mycgr3G96910,unique
Mycgr3G96914,Mycgr3G96914,unique
Mycgr3G96927,Mycgr3G96927,unique
Mycgr3G96942,Mycgr3G96942,unique
Mycgr3G96943,Mycgr3G96943,unique
Mycgr3G96944,Mycgr3G96944,unique
Mycgr3G96946,Mycgr3G96946,unique
Mycgr3G96947,Mycgr3G96947,unique
Mycgr3G96949,Mycgr3G96949,unique
Mycgr3G96951,Mycgr3G96951,unique
Mycgr3G96962,Mycgr3G96962,unique
Mycgr3G98127,Mycgr3G96972,ambiguous
Mycgr3G96981,Mycgr3G96981,unique
Mycgr3G96984,Mycgr3G96984,unique
Mycgr3G96992,Mycgr3G96992,unique
Mycgr3G96993,Mycgr3G96993,unique
Mycgr3G96994,Mycgr3G96994,unique
Mycgr3G96997,Mycgr3G96997,unique
Mycgr3G96998,Mycgr3G96998,unique
Mycgr3G97002,Mycgr3G97002,unique
Mycgr3G97003,Mycgr3G97003,unique
Mycgr3G97004,Mycgr3G97004,unique
Mycgr3G97006,Mycgr3G97006,unique
Mycgr3G97016,Mycgr3G97016,unique
Mycgr3G97024,Mycgr3G97024,unique
Mycgr3G97025,Mycgr3G97025,unique
Mycgr3G97031,Mycgr3G97031,unique
Mycgr3G97032,Mycgr3G97032,unique
Mycgr3G97034,Mycgr3G97034,unique
Mycgr3G97035,Mycgr3G97035,unique
Mycgr3G97041,Mycgr3G97041,unique
Mycgr3G97048,Mycgr3G97048,unique
Mycgr3G97049,Mycgr3G97049,unique
Mycgr3G97053,Mycgr3G97053,unique
Mycgr3G97057,Mycgr3G97057,unique
Mycgr3G97060,Mycgr3G97060,unique
Mycgr3G97064,Mycgr3G97064,unique
Mycgr3G97069,Mycgr3G97069,unique
Mycgr3G97071,Mycgr3G97071,unique
Mycgr3G97075,Mycgr3G97075,unique
Mycgr3G97076,Mycgr3G97076,unique
Mycgr3G97077,Mycgr3G97077,unique
Mycgr3G97078,Mycgr3G97078,unique
Mycgr3G97079,Mycgr3G97079,unique
Mycgr3G97082,Mycgr3G97082,unique
Mycgr3G97083,Mycgr3G97083,unique
Mycgr3G97089,Mycgr3G97089,unique
Mycgr3G97103,Mycgr3G97103,unique
Mycgr3G97115,Mycgr3G97115,unique
Mycgr3G97124,Mycgr3G97124,unique
Mycgr3G97134,Mycgr3G97134,unique
Mycgr3G97138,Mycgr3G97138,unique
Mycgr3G97139,Mycgr3G97139,unique
Mycgr3G97141,Mycgr3G97141,unique
Mycgr3G97150,Mycgr3G97150,unique
Mycgr3G97153,Mycgr3G97153,unique
Mycgr3G97155,Mycgr3G97155,unique
Mycgr3G97160,Mycgr3G97160,unique
Mycgr3G97161,Mycgr3G97161,unique
Mycgr3G97162,Mycgr3G97162,unique
Mycgr3G97163,Mycgr3G97163,unique
Mycgr3G97165,Mycgr3G97165,unique
Mycgr3G97166,Mycgr3G97166,unique
Mycgr3G97167,Mycgr3G97167,unique
Mycgr3G97168,Mycgr3G97168,unique
Mycgr3G97171,Mycgr3G97171,unique
Mycgr3G97176,Mycgr3G97176,unique
Mycgr3G97178,Mycgr3G97178,unique
Mycgr3G97179,Mycgr3G97179,unique
Mycgr3G97180,Mycgr3G97180,unique
Mycgr3G97182,Mycgr3G97182,unique
Mycgr3G97196,Mycgr3G97196,unique
Mycgr3G97197,Mycgr3G97197,unique
Mycgr3G97203,Mycgr3G97203,unique
Mycgr3G97209,Mycgr3G97209,unique
Mycgr3G97210,Mycgr3G97210,unique
Mycgr3G97212,Mycgr3G97212,unique
Mycgr3G97214,Mycgr3G97214,unique
Mycgr3G97215,Mycgr3G97215,unique
Mycgr3G97226,Mycgr3G97226,unique
Mycgr3G97233,Mycgr3G97233,unique
Mycgr3G97235,Mycgr3G97235,unique
Mycgr3G97237,Mycgr3G97237,unique
Mycgr3G97781,Mycgr3G97241,ambiguous
Mycgr3G98127,Mycgr3G97242,ambiguous
Mycgr3G98127,Mycgr3G97243,ambiguous
Mycgr3G97246,Mycgr3G97246,unique
Mycgr3G97259,Mycgr3G97259,unique
Mycgr3G97261,Mycgr3G97261,unique
Mycgr3G97262,Mycgr3G97262,unique
Mycgr3G97265,Mycgr3G97265,unique
Mycgr3G97279,Mycgr3G97279,unique
Mycgr3G97280,Mycgr3G97280,unique
Mycgr3G97283,Mycgr3G97283,unique
Mycgr3G98128,Mycgr3G97284,ambiguous
Mycgr3G97287,Mycgr3G97287,unique
Mycgr3G97289,Mycgr3G97289,unique
Mycgr3G97295,Mycgr3G97295,unique
Mycgr3G97297,Mycgr3G97297,unique
Mycgr3G97302,Mycgr3G97302,unique
Mycgr3G97305,Mycgr3G97305,unique
Mycgr3G97319,Mycgr3G97319,unique
Mycgr3G97320,Mycgr3G97320,unique
Mycgr3G97321,Mycgr3G97321,unique
Mycgr3G97322,Mycgr3G97322,unique
Mycgr3G97327,Mycgr3G97327,unique
Mycgr3G97328,Mycgr3G97328,unique
Mycgr3G97329,Mycgr3G97329,unique
Mycgr3G97330,Mycgr3G97330,unique
Mycgr3G97333,Mycgr3G97333,unique
Mycgr3G97336,Mycgr3G97336,unique
Mycgr3G97342,Mycgr3G97342,unique
Mycgr3G97345,Mycgr3G97345,unique
Mycgr3G97358,Mycgr3G97358,unique
Mycgr3G97361,Mycgr3G97361,unique
Mycgr3G97363,Mycgr3G97363,unique
Mycgr3G97369,Mycgr3G97369,unique
Mycgr3G97371,Mycgr3G97371,unique
Mycgr3G97372,Mycgr3G97372,unique
Mycgr3G97374,Mycgr3G97374,unique
Mycgr3G97379,Mycgr3G97379,unique
Mycgr3G97382,Mycgr3G97382,unique
Mycgr3G97383,Mycgr3G97383,unique
Mycgr3G97384,Mycgr3G97384,unique
Mycgr3G97389,Mycgr3G97389,unique
Mycgr3G97402,Mycgr3G97402,unique
Mycgr3G97404,Mycgr3G97404,unique
Mycgr3G97416,Mycgr3G97416,unique
Mycgr3G97419,Mycgr3G97419,unique
Mycgr3G97426,Mycgr3G97426,unique
Mycgr3G97431,Mycgr3G97431,unique
Mycgr3G97433,Mycgr3G97433,unique
Mycgr3G97443,Mycgr3G97443,unique
Mycgr3G97444,Mycgr3G97444,unique
Mycgr3G97449,Mycgr3G97449,unique
Mycgr3G97451,Mycgr3G97451,unique
Mycgr3G97455,Mycgr3G97455,unique
Mycgr3G97465,Mycgr3G97465,unique
Mycgr3G97466,Mycgr3G97466,unique
Mycgr3G97474,Mycgr3G97474,unique
Mycgr3G97477,Mycgr3G97477,unique
Mycgr3G97483,Mycgr3G97483,unique
Mycgr3G97486,Mycgr3G97486,unique
Mycgr3G97493,Mycgr3G97493,unique
Mycgr3G97494,Mycgr3G97494,unique
Mycgr3G97498,Mycgr3G97498,unique
Mycgr3G97500,Mycgr3G97500,unique
Mycgr3G97502,Mycgr3G97502,unique
Mycgr3G97511,Mycgr3G97511,unique
Mycgr3G97518,Mycgr3G97518,unique
Mycgr3G97523,Mycgr3G97523,unique
Mycgr3G97524,Mycgr3G97524,unique
Mycgr3G97525,Mycgr3G97525,unique
Mycgr3G97526,Mycgr3G97526,unique
Mycgr3G97527,Mycgr3G97527,unique
Mycgr3G97532,Mycgr3G97532,unique
Mycgr3G97533,Mycgr3G97533,unique
Mycgr3G97535,Mycgr3G97535,unique
Mycgr3G97536,Mycgr3G97536,unique
Mycgr3G97538,Mycgr3G97538,unique
Mycgr3G97539,Mycgr3G97539,unique
Mycgr3G98127,Mycgr3G97540,ambiguous
Mycgr3G98127,Mycgr3G97541,ambiguous
Mycgr3G97542,Mycgr3G97542,unique
Mycgr3G97543,Mycgr3G97543,unique
Mycgr3G97547,Mycgr3G97547,unique
Mycgr3G97549,Mycgr3G97549,unique
Mycgr3G97550,Mycgr3G97550,unique
Mycgr3G97552,Mycgr3G97552,unique
Mycgr3G97553,Mycgr3G97553,unique
Mycgr3G97554,Mycgr3G97554,unique
Mycgr3G97555,Mycgr3G97555,unique
Mycgr3G98127,Mycgr3G97556,ambiguous
Mycgr3G97557,Mycgr3G97557,unique
Mycgr3G97558,Mycgr3G97558,unique
Mycgr3G97559,Mycgr3G97559,unique
Mycgr3G97560,Mycgr3G97560,unique
Mycgr3G97562,Mycgr3G97562,unique
Mycgr3G97564,Mycgr3G97564,unique
Mycgr3G97566,Mycgr3G97566,unique
Mycgr3G97567,Mycgr3G97567,unique
Mycgr3G97568,Mycgr3G97568,unique
Mycgr3G97571,Mycgr3G97571,unique
Mycgr3G97573,Mycgr3G97573,unique
Mycgr3G97574,Mycgr3G97574,unique
Mycgr3G97575,Mycgr3G97575,unique
Mycgr3G97579,Mycgr3G97579,unique
Mycgr3G98127,Mycgr3G97580,ambiguous
Mycgr3G97582,Mycgr3G97582,unique
Mycgr3G97584,Mycgr3G97584,unique
Mycgr3G97585,Mycgr3G97585,unique
Mycgr3G97586,Mycgr3G97586,unique
Mycgr3G97588,Mycgr3G97588,unique
Mycgr3G97592,Mycgr3G97592,unique
Mycgr3G97594,Mycgr3G97594,unique
Mycgr3G97679,Mycgr3G97599,ambiguous
Mycgr3G97602,Mycgr3G97602,unique
Mycgr3G97605,Mycgr3G97605,unique
Mycgr3G97606,Mycgr3G97606,unique
Mycgr3G97608,Mycgr3G97608,unique
Mycgr3G97609,Mycgr3G97609,unique
Mycgr3G97610,Mycgr3G97610,unique
Mycgr3G97613,Mycgr3G97613,unique
Mycgr3G97615,Mycgr3G97615,unique
Mycgr3G97616,Mycgr3G97616,unique
Mycgr3G97617,Mycgr3G97617,unique
Mycgr3G98127,Mycgr3G97618,ambiguous
Mycgr3G97619,Mycgr3G97619,unique
Mycgr3G97621,Mycgr3G97621,ambiguous
Mycgr3G97622,Mycgr3G97622,unique
Mycgr3G97623,Mycgr3G97623,unique
Mycgr3G97624,Mycgr3G97624,unique
Mycgr3G97625,Mycgr3G97625,unique
Mycgr3G97626,Mycgr3G97626,unique
Mycgr3G97627,Mycgr3G97627,unique
Mycgr3G98127,Mycgr3G97628,ambiguous
Mycgr3G97634,Mycgr3G97634,unique
Mycgr3G97635,Mycgr3G97635,ambiguous
Mycgr3G98127,Mycgr3G97636,ambiguous
Mycgr3G97637,Mycgr3G97637,unique
Mycgr3G97638,Mycgr3G97638,unique
Mycgr3G98127,Mycgr3G97639,ambiguous
Mycgr3G97640,Mycgr3G97640,unique
Mycgr3G98127,Mycgr3G97641,ambiguous
Mycgr3G98127,Mycgr3G97642,ambiguous
Mycgr3G97643,Mycgr3G97643,unique
Mycgr3G97646,Mycgr3G97646,unique
Mycgr3G97649,Mycgr3G97649,unique
Mycgr3G97650,Mycgr3G97650,unique
Mycgr3G97651,Mycgr3G97651,unique
Mycgr3G97653,Mycgr3G97653,unique
Mycgr3G97654,Mycgr3G97654,unique
Mycgr3G97655,Mycgr3G97655,unique
Mycgr3G97656,Mycgr3G97656,unique
Mycgr3G97657,Mycgr3G97657,unique
Mycgr3G97658,Mycgr3G97658,unique
Mycgr3G97659,Mycgr3G97659,unique
Mycgr3G97660,Mycgr3G97660,unique
Mycgr3G97661,Mycgr3G97661,unique
Mycgr3G98127,Mycgr3G97662,ambiguous
Mycgr3G97663,Mycgr3G97663,unique
Mycgr3G97664,Mycgr3G97664,unique
Mycgr3G97665,Mycgr3G97665,ambiguous
Mycgr3G97666,Mycgr3G97666,unique
Mycgr3G97667,Mycgr3G97667,unique
Mycgr3G97668,Mycgr3G97668,unique
Mycgr3G97669,Mycgr3G97669,unique
Mycgr3G97670,Mycgr3G97670,unique
Mycgr3G98127,Mycgr3G97672,ambiguous
Mycgr3G97673,Mycgr3G97673,unique
Mycgr3G97674,Mycgr3G97674,unique
Mycgr3G97675,Mycgr3G97675,unique
Mycgr3G97676,Mycgr3G97676,unique
Mycgr3G97678,Mycgr3G97678,unique
Mycgr3G97679,Mycgr3G97679,ambiguous
Mycgr3G97681,Mycgr3G97681,unique
Mycgr3G97683,Mycgr3G97683,unique
Mycgr3G97684,Mycgr3G97684,unique
Mycgr3G97685,Mycgr3G97685,unique
Mycgr3G97687,Mycgr3G97687,unique
Mycgr3G97688,Mycgr3G97688,unique
Mycgr3G97689,Mycgr3G97689,unique
Mycgr3G97690,Mycgr3G97690,unique
Mycgr3G97693,Mycgr3G97693,unique
Mycgr3G97694,Mycgr3G97694,unique
Mycgr3G98127,Mycgr3G97695,ambiguous
Mycgr3G97696,Mycgr3G97696,unique
Mycgr3G97697,Mycgr3G97697,unique
Mycgr3G97699,Mycgr3G97699,ambiguous
Mycgr3G97702,Mycgr3G97702,unique
Mycgr3G97703,Mycgr3G97703,unique
Mycgr3G98127,Mycgr3G97705,ambiguous
Mycgr3G97706,Mycgr3G97706,unique
Mycgr3G97707,Mycgr3G97707,unique
Mycgr3G97708,Mycgr3G97708,unique
Mycgr3G98127,Mycgr3G97709,ambiguous
Mycgr3G97710,Mycgr3G97710,ambiguous
Mycgr3G97711,Mycgr3G97711,unique
Mycgr3G97712,Mycgr3G97712,unique
Mycgr3G97713,Mycgr3G97713,unique
Mycgr3G97714,Mycgr3G97714,unique
Mycgr3G97715,Mycgr3G97715,unique
Mycgr3G97716,Mycgr3G97716,unique
Mycgr3G97717,Mycgr3G97717,unique
Mycgr3G97719,Mycgr3G97719,unique
Mycgr3G98127,Mycgr3G97720,ambiguous
Mycgr3G97721,Mycgr3G97721,unique
Mycgr3G98127,Mycgr3G97722,ambiguous
Mycgr3G98127,Mycgr3G97723,ambiguous
Mycgr3G97724,Mycgr3G97724,unique
Mycgr3G97725,Mycgr3G97725,unique
Mycgr3G98127,Mycgr3G97727,ambiguous
Mycgr3G98127,Mycgr3G97728,ambiguous
Mycgr3G97729,Mycgr3G97729,unique
Mycgr3G98127,Mycgr3G97730,ambiguous
Mycgr3G97731,Mycgr3G97731,unique
Mycgr3G98127,Mycgr3G97732,ambiguous
Mycgr3G97733,Mycgr3G97733,unique
Mycgr3G97734,Mycgr3G97734,unique
Mycgr3G97735,Mycgr3G97735,unique
Mycgr3G98127,Mycgr3G97736,ambiguous
Mycgr3G98127,Mycgr3G97737,ambiguous
Mycgr3G98127,Mycgr3G97738,ambiguous
Mycgr3G97739,Mycgr3G97739,unique
Mycgr3G97740,Mycgr3G97740,unique
Mycgr3G98127,Mycgr3G97741,ambiguous
Mycgr3G97742,Mycgr3G97742,unique
Mycgr3G97743,Mycgr3G97743,unique
Mycgr3G97744,Mycgr3G97744,unique
Mycgr3G97745,Mycgr3G97745,unique
Mycgr3G97746,Mycgr3G97746,unique
Mycgr3G98127,Mycgr3G97747,ambiguous
Mycgr3G97748,Mycgr3G97748,unique
Mycgr3G97749,Mycgr3G97749,unique
Mycgr3G98127,Mycgr3G97750,ambiguous
Mycgr3G97751,Mycgr3G97751,unique
Mycgr3G97752,Mycgr3G97752,unique
Mycgr3G97753,Mycgr3G97753,unique
Mycgr3G98127,Mycgr3G97755,ambiguous
Mycgr3G97756,Mycgr3G97756,unique
Mycgr3G97757,Mycgr3G97757,unique
Mycgr3G97759,Mycgr3G97759,unique
Mycgr3G97761,Mycgr3G97761,unique
Mycgr3G97762,Mycgr3G97762,unique
Mycgr3G97763,Mycgr3G97763,unique
Mycgr3G97764,Mycgr3G97764,unique
Mycgr3G97765,Mycgr3G97765,unique
Mycgr3G97766,Mycgr3G97766,unique
Mycgr3G97767,Mycgr3G97767,unique
Mycgr3G97768,Mycgr3G97768,unique
Mycgr3G97770,Mycgr3G97770,unique
Mycgr3G98127,Mycgr3G97771,ambiguous
Mycgr3G97772,Mycgr3G97772,unique
Mycgr3G97773,Mycgr3G97773,unique
Mycgr3G97774,Mycgr3G97774,unique
Mycgr3G97775,Mycgr3G97775,unique
Mycgr3G97776,Mycgr3G97776,unique
Mycgr3G97777,Mycgr3G97777,unique
Mycgr3G97779,Mycgr3G97779,unique
Mycgr3G97780,Mycgr3G97780,unique
Mycgr3G97781,Mycgr3G97781,ambiguous
Mycgr3G97782,Mycgr3G97782,unique
Mycgr3G97783,Mycgr3G97783,unique
Mycgr3G97784,Mycgr3G97784,unique
Mycgr3G97785,Mycgr3G97785,unique
Mycgr3G97786,Mycgr3G97786,unique
Mycgr3G97956,Mycgr3G97787,ambiguous
Mycgr3G97788,Mycgr3G97788,unique
Mycgr3G97790,Mycgr3G97790,unique
Mycgr3G97791,Mycgr3G97791,unique
Mycgr3G97792,Mycgr3G97792,unique
Mycgr3G97793,Mycgr3G97793,unique
Mycgr3G98127,Mycgr3G97794,ambiguous
Mycgr3G98127,Mycgr3G97795,ambiguous
Mycgr3G97796,Mycgr3G97796,unique
Mycgr3G97797,Mycgr3G97797,unique
Mycgr3G98127,Mycgr3G97798,ambiguous
Mycgr3G98127,Mycgr3G97799,ambiguous
Mycgr3G97800,Mycgr3G97800,unique
Mycgr3G98127,Mycgr3G97801,ambiguous
Mycgr3G97802,Mycgr3G97802,ambiguous
Mycgr3G97803,Mycgr3G97803,unique
Mycgr3G97804,Mycgr3G97804,unique
Mycgr3G97805,Mycgr3G97805,unique
Mycgr3G97806,Mycgr3G97806,unique
Mycgr3G97807,Mycgr3G97807,unique
Mycgr3G98127,Mycgr3G97808,ambiguous
Mycgr3G97956,Mycgr3G97809,ambiguous
Mycgr3G97810,Mycgr3G97810,unique
Mycgr3G98127,Mycgr3G97812,ambiguous
Mycgr3G97813,Mycgr3G97813,unique
Mycgr3G98127,Mycgr3G97815,ambiguous
Mycgr3G97817,Mycgr3G97817,unique
Mycgr3G97818,Mycgr3G97818,unique
Mycgr3G97819,Mycgr3G97819,unique
Mycgr3G97820,Mycgr3G97820,unique
Mycgr3G98127,Mycgr3G97821,ambiguous
Mycgr3G97823,Mycgr3G97823,unique
Mycgr3G97824,Mycgr3G97824,unique
Mycgr3G97825,Mycgr3G97825,unique
Mycgr3G97826,Mycgr3G97826,unique
Mycgr3G97827,Mycgr3G97827,unique
Mycgr3G97829,Mycgr3G97829,unique
Mycgr3G97830,Mycgr3G97830,unique
Mycgr3G97831,Mycgr3G97831,unique
Mycgr3G97832,Mycgr3G97832,unique
Mycgr3G97833,Mycgr3G97833,unique
Mycgr3G97835,Mycgr3G97835,unique
Mycgr3G97836,Mycgr3G97836,unique
Mycgr3G98127,Mycgr3G97837,ambiguous
Mycgr3G97838,Mycgr3G97838,unique
Mycgr3G98127,Mycgr3G97839,ambiguous
Mycgr3G97840,Mycgr3G97840,unique
Mycgr3G98127,Mycgr3G97841,ambiguous
Mycgr3G98127,Mycgr3G97842,ambiguous
Mycgr3G98127,Mycgr3G97843,ambiguous
Mycgr3G97845,Mycgr3G97845,unique
Mycgr3G98127,Mycgr3G97846,ambiguous
Mycgr3G98127,Mycgr3G97847,ambiguous
Mycgr3G97848,Mycgr3G97848,unique
Mycgr3G97851,Mycgr3G97851,unique
Mycgr3G98127,Mycgr3G97852,ambiguous
Mycgr3G98127,Mycgr3G97853,ambiguous
Mycgr3G97854,Mycgr3G97854,unique
Mycgr3G97857,Mycgr3G97857,unique
Mycgr3G97858,Mycgr3G97858,unique
Mycgr3G97860,Mycgr3G97860,unique
Mycgr3G97861,Mycgr3G97861,unique
Mycgr3G97862,Mycgr3G97862,unique
Mycgr3G97865,Mycgr3G97865,ambiguous
Mycgr3G97866,Mycgr3G97866,unique
Mycgr3G97867,Mycgr3G97867,unique
Mycgr3G97868,Mycgr3G97868,unique
Mycgr3G97869,Mycgr3G97869,unique
Mycgr3G97870,Mycgr3G97870,unique
Mycgr3G97872,Mycgr3G97872,unique
Mycgr3G97873,Mycgr3G97873,unique
Mycgr3G97875,Mycgr3G97875,unique
Mycgr3G97877,Mycgr3G97877,unique
Mycgr3G97878,Mycgr3G97878,unique
Mycgr3G97879,Mycgr3G97879,unique
Mycgr3G9788,Mycgr3G9788,unique
Mycgr3G97880,Mycgr3G97880,unique
Mycgr3G97881,Mycgr3G97881,unique
Mycgr3G97883,Mycgr3G97883,unique
Mycgr3G97885,Mycgr3G97885,unique
Mycgr3G97892,Mycgr3G97892,unique
Mycgr3G97893,Mycgr3G97893,unique
Mycgr3G97896,Mycgr3G97896,unique
Mycgr3G97898,Mycgr3G97898,unique
Mycgr3G97901,Mycgr3G97901,unique
Mycgr3G98127,Mycgr3G97902,ambiguous
Mycgr3G98127,Mycgr3G97903,ambiguous
Mycgr3G97904,Mycgr3G97904,unique
Mycgr3G98127,Mycgr3G97905,ambiguous
Mycgr3G97906,Mycgr3G97906,unique
Mycgr3G97907,Mycgr3G97907,unique
Mycgr3G97908,Mycgr3G97908,unique
Mycgr3G97909,Mycgr3G97909,unique
Mycgr3G97910,Mycgr3G97910,unique
Mycgr3G97995,Mycgr3G97911,ambiguous
Mycgr3G98127,Mycgr3G97912,ambiguous
Mycgr3G98127,Mycgr3G97913,ambiguous
Mycgr3G98127,Mycgr3G97914,ambiguous
Mycgr3G97915,Mycgr3G97915,unique
Mycgr3G98127,Mycgr3G97917,ambiguous
Mycgr3G97919,Mycgr3G97919,unique
Mycgr3G97920,Mycgr3G97920,unique
Mycgr3G97921,Mycgr3G97921,unique
Mycgr3G97922,Mycgr3G97922,unique
Mycgr3G97925,Mycgr3G97925,unique
Mycgr3G97926,Mycgr3G97926,unique
Mycgr3G97928,Mycgr3G97928,unique
Mycgr3G97929,Mycgr3G97929,unique
Mycgr3G97930,Mycgr3G97930,unique
Mycgr3G97931,Mycgr3G97931,unique
Mycgr3G97932,Mycgr3G97932,unique
Mycgr3G97933,Mycgr3G97933,unique
Mycgr3G97935,Mycgr3G97935,unique
Mycgr3G98127,Mycgr3G97936,ambiguous
Mycgr3G97937,Mycgr3G97937,unique
Mycgr3G97938,Mycgr3G97938,unique
Mycgr3G97939,Mycgr3G97939,unique
Mycgr3G97940,Mycgr3G97940,unique
Mycgr3G97941,Mycgr3G97941,unique
Mycgr3G97942,Mycgr3G97942,unique
Mycgr3G97943,Mycgr3G97943,unique
Mycgr3G97944,Mycgr3G97944,unique
Mycgr3G97945,Mycgr3G97945,unique
Mycgr3G97946,Mycgr3G97946,unique
Mycgr3G97948,Mycgr3G97948,unique
Mycgr3G97949,Mycgr3G97949,unique
Mycgr3G97953,Mycgr3G97953,unique
Mycgr3G98127,Mycgr3G97954,ambiguous
Mycgr3G97956,Mycgr3G97956,ambiguous
Mycgr3G97957,Mycgr3G97957,unique
Mycgr3G97959,Mycgr3G97959,unique
Mycgr3G97961,Mycgr3G97961,unique
Mycgr3G97962,Mycgr3G97962,unique
Mycgr3G98127,Mycgr3G97963,ambiguous
Mycgr3G97964,Mycgr3G97964,unique
Mycgr3G97965,Mycgr3G97965,unique
Mycgr3G97968,Mycgr3G97968,unique
Mycgr3G97969,Mycgr3G97969,unique
Mycgr3G98127,Mycgr3G97970,ambiguous
Mycgr3G98127,Mycgr3G97971,ambiguous
Mycgr3G98127,Mycgr3G97972,ambiguous
Mycgr3G98127,Mycgr3G97974,ambiguous
Mycgr3G97975,Mycgr3G97975,unique
Mycgr3G97976,Mycgr3G97976,unique
Mycgr3G97977,Mycgr3G97977,unique
Mycgr3G97978,Mycgr3G97978,unique
Mycgr3G97979,Mycgr3G97979,unique
Mycgr3G98127,Mycgr3G97980,ambiguous
Mycgr3G98127,Mycgr3G97981,ambiguous
Mycgr3G98127,Mycgr3G97983,ambiguous
Mycgr3G97985,Mycgr3G97985,unique
Mycgr3G97986,Mycgr3G97986,unique
Mycgr3G97987,Mycgr3G97987,unique
Mycgr3G97988,Mycgr3G97988,unique
Mycgr3G97989,Mycgr3G97989,unique
Mycgr3G98127,Mycgr3G97990,ambiguous
Mycgr3G98127,Mycgr3G97991,ambiguous
Mycgr3G98127,Mycgr3G97992,ambiguous
Mycgr3G97994,Mycgr3G97994,unique
Mycgr3G97995,Mycgr3G97995,ambiguous
Mycgr3G97996,Mycgr3G97996,unique
Mycgr3G98127,Mycgr3G97998,ambiguous
Mycgr3G98127,Mycgr3G97999,ambiguous
Mycgr3G98000,Mycgr3G98000,unique
Mycgr3G98001,Mycgr3G98001,unique
Mycgr3G98002,Mycgr3G98002,unique
Mycgr3G98127,Mycgr3G98003,ambiguous
Mycgr3G98127,Mycgr3G98005,ambiguous
Mycgr3G98006,Mycgr3G98006,unique
Mycgr3G98127,Mycgr3G98007,ambiguous
Mycgr3G98008,Mycgr3G98008,unique
Mycgr3G98011,Mycgr3G98011,unique
Mycgr3G98012,Mycgr3G98012,unique
Mycgr3G98014,Mycgr3G98014,unique
Mycgr3G98015,Mycgr3G98015,unique
Mycgr3G98016,Mycgr3G98016,unique
Mycgr3G98017,Mycgr3G98017,unique
Mycgr3G98127,Mycgr3G98018,ambiguous
Mycgr3G98019,Mycgr3G98019,unique
Mycgr3G98127,Mycgr3G98020,ambiguous
Mycgr3G98021,Mycgr3G98021,unique
Mycgr3G98022,Mycgr3G98022,unique
Mycgr3G98024,Mycgr3G98024,unique
Mycgr3G98127,Mycgr3G98025,ambiguous
Mycgr3G98026,Mycgr3G98026,unique
Mycgr3G98127,Mycgr3G98027,ambiguous
Mycgr3G98127,Mycgr3G98028,ambiguous
Mycgr3G98127,Mycgr3G98029,ambiguous
Mycgr3G98127,Mycgr3G98030,ambiguous
Mycgr3G98031,Mycgr3G98031,unique
Mycgr3G98032,Mycgr3G98032,unique
Mycgr3G98033,Mycgr3G98033,unique
Mycgr3G98127,Mycgr3G98034,ambiguous
Mycgr3G98127,Mycgr3G98035,ambiguous
Mycgr3G98043,Mycgr3G98036,ambiguous
Mycgr3G98037,Mycgr3G98037,unique
Mycgr3G98127,Mycgr3G98038,ambiguous
Mycgr3G98042,Mycgr3G98042,unique
Mycgr3G98043,Mycgr3G98043,ambiguous
Mycgr3G98044,Mycgr3G98044,unique
Mycgr3G98045,Mycgr3G98045,unique
Mycgr3G98047,Mycgr3G98047,unique
Mycgr3G98048,Mycgr3G98048,unique
Mycgr3G98049,Mycgr3G98049,unique
Mycgr3G98050,Mycgr3G98050,unique
Mycgr3G98051,Mycgr3G98051,unique
Mycgr3G98052,Mycgr3G98052,unique
Mycgr3G98054,Mycgr3G98054,unique
Mycgr3G98055,Mycgr3G98055,unique
Mycgr3G98056,Mycgr3G98056,unique
Mycgr3G98057,Mycgr3G98057,unique
Mycgr3G98058,Mycgr3G98058,unique
Mycgr3G98059,Mycgr3G98059,unique
Mycgr3G98060,Mycgr3G98060,unique
Mycgr3G98061,Mycgr3G98061,unique
Mycgr3G98062,Mycgr3G98062,unique
Mycgr3G98063,Mycgr3G98063,unique
Mycgr3G98064,Mycgr3G98064,unique
Mycgr3G98065,Mycgr3G98065,unique
Mycgr3G98067,Mycgr3G98067,unique
Mycgr3G98069,Mycgr3G98069,unique
Mycgr3G98070,Mycgr3G98070,ambiguous
Mycgr3G98071,Mycgr3G98071,unique
Mycgr3G98072,Mycgr3G98072,unique
Mycgr3G98073,Mycgr3G98073,unique
Mycgr3G98074,Mycgr3G98074,unique
Mycgr3G98075,Mycgr3G98075,unique
Mycgr3G98127,Mycgr3G98076,ambiguous
Mycgr3G98077,Mycgr3G98077,unique
Mycgr3G98078,Mycgr3G98078,unique
Mycgr3G98079,Mycgr3G98079,unique
Mycgr3G98083,Mycgr3G98083,unique
Mycgr3G98084,Mycgr3G98084,unique
Mycgr3G98085,Mycgr3G98085,unique
Mycgr3G98086,Mycgr3G98086,unique
Mycgr3G98087,Mycgr3G98087,unique
Mycgr3G98089,Mycgr3G98089,unique
Mycgr3G98091,Mycgr3G98091,unique
Mycgr3G98092,Mycgr3G98092,unique
Mycgr3G98094,Mycgr3G98094,unique
Mycgr3G98127,Mycgr3G98096,ambiguous
Mycgr3G98097,Mycgr3G98097,unique
Mycgr3G98099,Mycgr3G98099,unique
Mycgr3G98101,Mycgr3G98101,unique
Mycgr3G98102,Mycgr3G98102,unique
Mycgr3G98105,Mycgr3G98105,unique
Mycgr3G98106,Mycgr3G98106,unique
Mycgr3G98108,Mycgr3G98108,unique
Mycgr3G98110,Mycgr3G98110,unique
Mycgr3G98111,Mycgr3G98111,ambiguous
Mycgr3G98115,Mycgr3G98115,unique
Mycgr3G98116,Mycgr3G98116,unique
Mycgr3G98117,Mycgr3G98117,unique
Mycgr3G98118,Mycgr3G98118,unique
Mycgr3G98119,Mycgr3G98119,unique
Mycgr3G98120,Mycgr3G98120,unique
Mycgr3G98121,Mycgr3G98121,unique
Mycgr3G98122,Mycgr3G98122,unique
Mycgr3G98123,Mycgr3G98123,unique
Mycgr3G98124,Mycgr3G98124,unique
Mycgr3G98125,Mycgr3G98125,unique
Mycgr3G98127,Mycgr3G98126,ambiguous
Mycgr3G98127,Mycgr3G98127,ambiguous
Mycgr3G98128,Mycgr3G98128,ambiguous
Mycgr3G98129,Mycgr3G98129,unique
Mycgr3G98130,Mycgr3G98130,unique
Mycgr3G98146,Mycgr3G98146,unique
Mycgr3G98150,Mycgr3G98150,unique
Mycgr3G98153,Mycgr3G98153,unique
Mycgr3G98156,Mycgr3G98156,unique
Mycgr3G98175,Mycgr3G98175,unique
Mycgr3G98177,Mycgr3G98177,unique
Mycgr3G98180,Mycgr3G98180,unique
Mycgr3G98194,Mycgr3G98194,unique
Mycgr3G98201,Mycgr3G98201,unique
Mycgr3G98206,Mycgr3G98206,unique
Mycgr3G98210,Mycgr3G98210,unique
Mycgr3G98224,Mycgr3G98224,unique
Mycgr3G98225,Mycgr3G98225,unique
Mycgr3G98231,Mycgr3G98231,unique
Mycgr3G98235,Mycgr3G98235,unique
Mycgr3G98251,Mycgr3G98251,unique
Mycgr3G98253,Mycgr3G98253,unique
Mycgr3G98257,Mycgr3G98257,unique
Mycgr3G98268,Mycgr3G98268,unique
Mycgr3G98270,Mycgr3G98270,unique
Mycgr3G98274,Mycgr3G98274,unique
Mycgr3G98275,Mycgr3G98275,unique
Mycgr3G98284,Mycgr3G98284,unique
Mycgr3G98287,Mycgr3G98287,unique
Mycgr3G98291,Mycgr3G98291,unique
Mycgr3G98298,Mycgr3G98298,unique
Mycgr3G98302,Mycgr3G98302,unique
Mycgr3G98303,Mycgr3G98303,unique
Mycgr3G98304,Mycgr3G98304,unique
Mycgr3G98311,Mycgr3G98311,unique
Mycgr3G98317,Mycgr3G98317,unique
Mycgr3G98331,Mycgr3G98331,unique
Mycgr3G98339,Mycgr3G98339,unique
Mycgr3G98343,Mycgr3G98343,unique
Mycgr3G98356,Mycgr3G98356,unique
Mycgr3G98361,Mycgr3G98361,unique
Mycgr3G98363,Mycgr3G98363,unique
Mycgr3G98367,Mycgr3G98367,unique
Mycgr3G98369,Mycgr3G98369,unique
Mycgr3G98370,Mycgr3G98370,unique
Mycgr3G98372,Mycgr3G98372,unique
Mycgr3G98375,Mycgr3G98375,unique
Mycgr3G98377,Mycgr3G98377,unique
Mycgr3G98380,Mycgr3G98380,unique
Mycgr3G98385,Mycgr3G98385,unique
Mycgr3G98392,Mycgr3G98392,unique
Mycgr3G98404,Mycgr3G98404,unique
Mycgr3G98409,Mycgr3G98409,unique
Mycgr3G98411,Mycgr3G98411,unique
Mycgr3G98417,Mycgr3G98417,unique
Mycgr3G98421,Mycgr3G98421,unique
Mycgr3G98423,Mycgr3G98423,unique
Mycgr3G98428,Mycgr3G98428,unique
Mycgr3G98456,Mycgr3G98456,unique
Mycgr3G98465,Mycgr3G98465,unique
Mycgr3G98472,Mycgr3G98472,unique
Mycgr3G98483,Mycgr3G98483,unique
Mycgr3G98488,Mycgr3G98488,unique
Mycgr3G98499,Mycgr3G98499,unique
Mycgr3G98500,Mycgr3G98500,unique
Mycgr3G98514,Mycgr3G98514,unique
Mycgr3G98518,Mycgr3G98518,unique
Mycgr3G98525,Mycgr3G98525,unique
Mycgr3G98528,Mycgr3G98528,unique
Mycgr3G98537,Mycgr3G98537,unique
Mycgr3G98544,Mycgr3G98544,unique
Mycgr3G98550,Mycgr3G98550,unique
Mycgr3G98569,Mycgr3G98569,unique
Mycgr3G98572,Mycgr3G98572,unique
Mycgr3G98580,Mycgr3G98580,unique
Mycgr3G98581,Mycgr3G98581,unique
Mycgr3G98585,Mycgr3G98585,unique
Mycgr3G98587,Mycgr3G98587,unique
Mycgr3G98589,Mycgr3G98589,unique
Mycgr3G98591,Mycgr3G98591,unique
Mycgr3G98609,Mycgr3G98609,unique
Mycgr3G98612,Mycgr3G98612,unique
Mycgr3G98635,Mycgr3G98635,unique
Mycgr3G98637,Mycgr3G98637,unique
Mycgr3G98638,Mycgr3G98638,unique
Mycgr3G98639,Mycgr3G98639,unique
Mycgr3G98644,Mycgr3G98644,unique
Mycgr3G98656,Mycgr3G98656,unique
Mycgr3G98659,Mycgr3G98659,unique
Mycgr3G98662,Mycgr3G98662,unique
Mycgr3G98664,Mycgr3G98664,unique
Mycgr3G98665,Mycgr3G98665,unique
Mycgr3G98669,Mycgr3G98669,unique
Mycgr3G98679,Mycgr3G98679,unique
Mycgr3G98681,Mycgr3G98681,unique
Mycgr3G98714,Mycgr3G98714,unique
Mycgr3G98717,Mycgr3G98717,unique
Mycgr3G98719,Mycgr3G98719,unique
Mycgr3G98722,Mycgr3G98722,unique
Mycgr3G98741,Mycgr3G98741,unique
Mycgr3G98764,Mycgr3G98764,unique
Mycgr3G98769,Mycgr3G98769,unique
Mycgr3G98773,Mycgr3G98773,unique
Mycgr3G98775,Mycgr3G98775,unique
Mycgr3G98781,Mycgr3G98781,unique
Mycgr3G98798,Mycgr3G98798,unique
Mycgr3G98802,Mycgr3G98802,unique
Mycgr3G98811,Mycgr3G98811,unique
Mycgr3G98817,Mycgr3G98817,unique
Mycgr3G98820,Mycgr3G98820,unique
Mycgr3G98821,Mycgr3G98821,unique
Mycgr3G98822,Mycgr3G98822,unique
Mycgr3G98823,Mycgr3G98823,unique
Mycgr3G98828,Mycgr3G98828,unique
Mycgr3G98830,Mycgr3G98830,unique
Mycgr3G98854,Mycgr3G98854,unique
Mycgr3G98857,Mycgr3G98857,unique
Mycgr3G98870,Mycgr3G98870,unique
Mycgr3G98880,Mycgr3G98880,unique
Mycgr3G98885,Mycgr3G98885,unique
Mycgr3G98895,Mycgr3G98895,unique
Mycgr3G98897,Mycgr3G98897,unique
Mycgr3G98901,Mycgr3G98901,unique
Mycgr3G98903,Mycgr3G98903,unique
Mycgr3G98906,Mycgr3G98906,unique
Mycgr3G98908,Mycgr3G98908,unique
Mycgr3G98909,Mycgr3G98909,unique
Mycgr3G98910,Mycgr3G98910,unique
Mycgr3G98919,Mycgr3G98919,unique
Mycgr3G98925,Mycgr3G98925,unique
Mycgr3G98927,Mycgr3G98927,unique
Mycgr3G98928,Mycgr3G98928,unique
Mycgr3G98933,Mycgr3G98933,unique
Mycgr3G98945,Mycgr3G98945,unique
Mycgr3G98948,Mycgr3G98948,unique
Mycgr3G98957,Mycgr3G98957,unique
Mycgr3G98958,Mycgr3G98958,unique
Mycgr3G98959,Mycgr3G98959,unique
Mycgr3G98961,Mycgr3G98961,unique
Mycgr3G98975,Mycgr3G98975,unique
Mycgr3G98983,Mycgr3G98983,unique
Mycgr3G99007,Mycgr3G99007,unique
Mycgr3G99020,Mycgr3G99020,unique
Mycgr3G99023,Mycgr3G99023,unique
Mycgr3G99027,Mycgr3G99027,unique
Mycgr3G99032,Mycgr3G99032,unique
Mycgr3G99044,Mycgr3G99044,unique
Mycgr3G99059,Mycgr3G99059,unique
Mycgr3G99061,Mycgr3G99061,unique
Mycgr3G99069,Mycgr3G99069,unique
Mycgr3G99072,Mycgr3G99072,unique
Mycgr3G99074,Mycgr3G99074,unique
Mycgr3G99090,Mycgr3G99090,unique
Mycgr3G99098,Mycgr3G99098,unique
Mycgr3G99101,Mycgr3G99101,unique
Mycgr3G99102,Mycgr3G99102,unique
Mycgr3G99108,Mycgr3G99108,unique
Mycgr3G99117,Mycgr3G99117,unique
Mycgr3G99122,Mycgr3G99122,unique
Mycgr3G99123,Mycgr3G99123,unique
Mycgr3G99124,Mycgr3G99124,unique
Mycgr3G99129,Mycgr3G99129,unique
Mycgr3G99130,Mycgr3G99130,unique
Mycgr3G99133,Mycgr3G99133,unique
Mycgr3G99145,Mycgr3G99145,unique
Mycgr3G99148,Mycgr3G99148,unique
Mycgr3G99159,Mycgr3G99159,unique
Mycgr3G99161,Mycgr3G99161,unique
Mycgr3G99166,Mycgr3G99166,unique
Mycgr3G99173,Mycgr3G99173,unique
Mycgr3G99175,Mycgr3G99175,unique
Mycgr3G99181,Mycgr3G99181,unique
Mycgr3G99182,Mycgr3G99182,unique
Mycgr3G99185,Mycgr3G99185,unique
Mycgr3G99187,Mycgr3G99187,unique
Mycgr3G99192,Mycgr3G99192,unique
Mycgr3G99193,Mycgr3G99193,unique
Mycgr3G99195,Mycgr3G99195,unique
Mycgr3G99199,Mycgr3G99199,unique
Mycgr3G99206,Mycgr3G99206,unique
Mycgr3G99207,Mycgr3G99207,unique
Mycgr3G99210,Mycgr3G99210,unique
Mycgr3G99211,Mycgr3G99211,unique
Mycgr3G99247,Mycgr3G99247,unique
Mycgr3G99250,Mycgr3G99250,unique
Mycgr3G99255,Mycgr3G99255,unique
Mycgr3G99257,Mycgr3G99257,unique
Mycgr3G99262,Mycgr3G99262,unique
Mycgr3G99268,Mycgr3G99268,unique
Mycgr3G99274,Mycgr3G99274,unique
Mycgr3G99277,Mycgr3G99277,unique
Mycgr3G99279,Mycgr3G99279,unique
Mycgr3G99284,Mycgr3G99284,unique
Mycgr3G99285,Mycgr3G99285,unique
Mycgr3G99289,Mycgr3G99289,unique
Mycgr3G99292,Mycgr3G99292,unique
Mycgr3G99301,Mycgr3G99301,unique
Mycgr3G99310,Mycgr3G99310,unique
Mycgr3G99312,Mycgr3G99312,unique
Mycgr3G99314,Mycgr3G99314,unique
Mycgr3G99331,Mycgr3G99331,unique
Mycgr3G99340,Mycgr3G99340,unique
Mycgr3G99349,Mycgr3G99349,unique
Mycgr3G99350,Mycgr3G99350,unique
Mycgr3G99354,Mycgr3G99354,unique
Mycgr3G99365,Mycgr3G99365,unique
Mycgr3G99376,Mycgr3G99376,unique
Mycgr3G99379,Mycgr3G99379,unique
Mycgr3G99387,Mycgr3G99387,unique
Mycgr3G99393,Mycgr3G99393,unique
Mycgr3G99408,Mycgr3G99408,unique
Mycgr3G99415,Mycgr3G99415,unique
Mycgr3G99418,Mycgr3G99418,unique
Mycgr3G9942,Mycgr3G9942,unique
Mycgr3G99427,Mycgr3G99427,unique
Mycgr3G99433,Mycgr3G99433,unique
Mycgr3G99443,Mycgr3G99443,unique
Mycgr3G99446,Mycgr3G99446,unique
Mycgr3G99460,Mycgr3G99460,unique
Mycgr3G99481,Mycgr3G99481,unique
Mycgr3G99485,Mycgr3G99485,unique
Mycgr3G99487,Mycgr3G99487,unique
Mycgr3G99493,Mycgr3G99493,unique
Mycgr3G99499,Mycgr3G99499,unique
Mycgr3G99503,Mycgr3G99503,unique
Mycgr3G99512,Mycgr3G99512,unique
Mycgr3G99520,Mycgr3G99520,unique
Mycgr3G99521,Mycgr3G99521,unique
Mycgr3G99524,Mycgr3G99524,unique
Mycgr3G9953,Mycgr3G9953,unique
Mycgr3G99535,Mycgr3G99535,unique
Mycgr3G99553,Mycgr3G99553,unique
Mycgr3G99562,Mycgr3G99562,unique
Mycgr3G99564,Mycgr3G99564,unique
Mycgr3G99568,Mycgr3G99568,unique
Mycgr3G99570,Mycgr3G99570,unique
Mycgr3G99579,Mycgr3G99579,unique
Mycgr3G99590,Mycgr3G99590,unique
Mycgr3G99605,Mycgr3G99605,unique
Mycgr3G99610,Mycgr3G99610,unique
Mycgr3G99625,Mycgr3G99625,unique
Mycgr3G99627,Mycgr3G99627,unique
Mycgr3G99631,Mycgr3G99631,unique
Mycgr3G99676,Mycgr3G99676,unique
Mycgr3G99680,Mycgr3G99680,unique
Mycgr3G99683,Mycgr3G99683,unique
Mycgr3G99688,Mycgr3G99688,unique
Mycgr3G99699,Mycgr3G99699,unique
Mycgr3G99704,Mycgr3G99704,unique
Mycgr3G99706,Mycgr3G99706,unique
Mycgr3G99708,Mycgr3G99708,unique
Mycgr3G99715,Mycgr3G99715,unique
Mycgr3G99725,Mycgr3G99725,unique
Mycgr3G99732,Mycgr3G99732,unique
Mycgr3G99738,Mycgr3G99738,unique
Mycgr3G99750,Mycgr3G99750,unique
Mycgr3G99758,Mycgr3G99758,unique
Mycgr3G99766,Mycgr3G99766,unique
Mycgr3G99777,Mycgr3G99777,unique
Mycgr3G99779,Mycgr3G99779,unique
Mycgr3G99780,Mycgr3G99780,unique
Mycgr3G99788,Mycgr3G99788,unique
Mycgr3G99794,Mycgr3G99794,unique
Mycgr3G99817,Mycgr3G99817,unique
Mycgr3G99833,Mycgr3G99833,unique
Mycgr3G99834,Mycgr3G99834,unique
Mycgr3G99840,Mycgr3G99840,unique
Mycgr3G99841,Mycgr3G99841,unique
Mycgr3G99852,Mycgr3G99852,unique
Mycgr3G99853,Mycgr3G99853,unique
Mycgr3G99865,Mycgr3G99865,unique
Mycgr3G99872,Mycgr3G99872,unique
Mycgr3G99873,Mycgr3G99873,unique
Mycgr3G99880,Mycgr3G99880,unique
Mycgr3G99904,Mycgr3G99904,unique
Mycgr3G99912,Mycgr3G99912,unique
Mycgr3G99913,Mycgr3G99913,unique
Mycgr3G99917,Mycgr3G99917,unique
Mycgr3G99929,Mycgr3G99929,unique
Mycgr3G99937,Mycgr3G99937,unique
Mycgr3G99943,Mycgr3G99943,unique
Mycgr3G99945,Mycgr3G99945,unique
Mycgr3G99952,Mycgr3G99952,unique
Mycgr3G99953,Mycgr3G99953,unique
Mycgr3G99959,Mycgr3G99959,unique
Mycgr3G99970,Mycgr3G99970,unique
Mycgr3G99975,Mycgr3G99975,unique
Mycgr3G99976,Mycgr3G99976,unique
Mycgr3G99982,Mycgr3G99982,unique
