Time,T,Control_R1,Control_R2,Control_R3,0.06_R1,0.06_R2,0.06_R3,0.12_R1,0.12_R2,0.12_R3,0.25_R1,0.25_R2,0.25_R3,0.5_R1,0.5_R2,0.5_R3,1_R1,1_R3,2_R1,2_R2,2_R3,4_R1,4_R2,4_R3
0.03,15,10.318,10.518,11.331,10.134,10.739,10.848,10.906,10.842,11.054,10.49,10.136,9.909,9.59,9.594,9.904,10.127,8.808,11.755,9.359,9.691,10.631,10.511,8.926
1.03,15,10.365,10.56,11.314,10.113,10.805,10.907,10.946,10.851,11.057,10.483,10.227,9.942,9.635,9.514,9.983,10.093,8.805,11.739,9.308,9.758,10.573,10.55,9.029
2.03,15,10.27,10.578,11.36,10.116,10.831,10.893,10.967,10.8,11.057,10.471,10.177,9.906,9.671,9.536,9.942,10.078,8.798,11.73,9.317,9.666,10.6,10.584,8.946
3.03,15,10.296,10.575,11.303,10.202,10.781,10.893,10.962,10.828,11.093,10.476,10.128,9.874,9.637,9.467,9.947,10.043,8.8,11.732,9.325,9.745,10.519,10.624,8.921
4.03,15,10.335,10.556,11.332,10.059,10.807,10.882,10.946,10.828,11.12,10.494,10.192,9.906,9.658,9.492,9.916,10.079,8.812,11.769,9.361,9.744,10.607,10.579,9.008
5.03,15,10.335,10.555,11.301,10.104,10.833,10.883,10.982,10.821,11.083,10.474,10.151,9.884,9.699,9.506,9.886,10.045,8.803,11.837,9.363,9.742,10.568,10.595,8.939
6.03,15,10.346,10.532,11.364,10.132,10.781,10.902,10.949,10.787,11.158,10.479,10.177,9.924,9.661,9.44,9.942,10.106,8.787,11.758,9.449,9.742,10.503,10.591,8.991
7.03,15,10.329,10.537,11.305,10.142,10.789,10.931,11.026,10.848,11.105,10.503,10.22,9.959,9.705,9.51,9.924,10.121,8.827,11.725,9.403,9.735,10.546,10.565,8.992
8.03,15,10.296,10.641,11.353,10.105,10.904,10.909,10.922,10.82,11.051,10.513,10.125,9.904,9.745,9.534,9.857,10.062,8.844,11.764,9.317,9.725,10.481,10.63,8.958
9.03,15,10.373,10.569,11.372,10.11,10.742,10.863,10.905,10.856,11.05,10.521,10.223,9.971,9.68,9.476,9.804,10.127,8.817,11.72,9.322,9.643,10.526,10.57,9.001
10.03,15,10.254,10.609,11.362,10.061,10.792,10.87,10.945,10.936,11.135,10.504,10.169,10.02,9.693,9.5,9.872,10.072,8.824,11.761,9.339,9.677,10.537,10.631,8.897
11.03,15,10.313,10.657,11.368,10.131,10.79,10.946,10.901,10.872,11.1,10.436,10.18,9.94,9.652,9.56,9.834,10.021,8.769,11.761,9.364,9.743,10.49,10.625,9
12.03,15,10.276,10.581,11.338,10.036,10.721,10.868,10.981,10.817,11.095,10.479,10.207,9.914,9.706,9.524,9.883,10.029,8.793,11.708,9.331,9.686,10.578,10.586,8.997
13.03,15,10.251,10.67,11.299,10.044,10.764,10.889,10.94,10.821,11.071,10.557,10.2,10.016,9.792,9.488,9.858,10.079,8.845,11.696,9.355,9.705,10.592,10.52,9.015
14.03,15,10.266,10.635,11.418,10.069,10.771,10.878,10.948,10.853,11.099,10.469,10.276,9.969,9.723,9.472,9.877,10.092,8.812,11.711,9.454,9.671,10.521,10.575,8.979
15.03,15,10.367,10.571,11.368,10.012,10.659,10.874,10.968,10.917,11.025,10.504,10.164,9.887,9.708,9.502,9.898,10.051,8.789,11.711,9.394,9.698,10.546,10.491,8.942
16.03,15,10.38,10.602,11.383,10.048,10.79,10.855,10.979,10.87,11.014,10.561,10.242,9.896,9.717,9.52,9.918,9.96,8.817,11.771,9.383,9.669,10.534,10.564,8.931
17.03,15,10.345,10.567,11.398,9.96,10.688,10.857,10.94,10.838,11.045,10.538,10.22,9.984,9.68,9.449,9.885,10.031,8.803,11.723,9.438,9.666,10.59,10.515,8.981
18.03,15,10.352,10.605,11.469,10.06,10.779,10.929,10.913,10.847,11.126,10.538,10.229,9.915,9.729,9.467,9.877,10.017,8.816,11.752,9.359,9.671,10.513,10.578,9.003
19.03,15,10.351,10.616,11.476,10.008,10.796,10.936,10.927,10.875,11.089,10.486,10.236,9.956,9.689,9.413,9.86,10.086,8.77,11.694,9.33,9.671,10.475,10.629,8.999
20.03,15,10.284,10.607,11.449,10.111,10.826,10.885,10.947,10.834,11.042,10.459,10.288,9.952,9.74,9.444,9.91,10.065,8.833,11.701,9.312,9.662,10.497,10.624,9.008
21.03,15,10.347,10.593,11.475,10.041,10.825,10.853,10.96,10.936,11.004,10.528,10.205,9.882,9.719,9.457,9.909,10.086,8.819,11.69,9.332,9.715,10.512,10.564,9.011
22.03,15,10.274,10.564,11.422,10.062,10.799,10.874,10.917,10.818,10.98,10.469,10.198,9.908,9.713,9.455,9.878,10.088,8.851,11.677,9.366,9.641,10.462,10.621,8.999
23.03,15,10.338,10.637,11.497,10.08,10.776,10.838,10.978,10.853,10.979,10.466,10.206,9.873,9.765,9.388,9.894,10.168,8.838,11.754,9.314,9.674,10.551,10.567,9.038
24.03,15,10.3,10.586,11.524,9.967,10.832,10.908,10.925,10.861,11.107,10.455,10.204,9.91,9.725,9.455,9.875,10.087,8.904,11.791,9.305,9.652,10.522,10.581,8.94
25.03,15,10.306,10.633,11.405,10.06,10.797,10.89,10.941,10.809,11.018,10.461,10.253,9.812,9.743,9.412,9.905,10.139,8.931,11.778,9.257,9.661,10.538,10.608,9.058
26.03,15,10.265,10.648,11.528,10.135,10.785,10.86,10.934,10.851,11.072,10.549,10.227,9.892,9.673,9.368,9.755,10.043,8.869,11.689,9.329,9.638,10.459,10.61,8.953
27.03,15,10.282,10.587,11.514,9.966,10.877,10.875,10.926,10.903,10.978,10.511,10.168,9.946,9.699,9.412,9.807,10.101,8.96,11.671,9.318,9.586,10.487,10.547,8.984
28.03,15,10.319,10.631,11.411,10.005,10.79,10.797,10.974,10.888,11.072,10.55,10.195,9.855,9.707,9.405,9.858,10.108,8.891,11.681,9.271,9.582,10.516,10.562,8.944
29.03,15,10.27,10.635,11.369,10.009,10.784,10.846,10.997,10.875,11.027,10.566,10.18,9.937,9.628,9.405,9.858,10.083,8.919,11.742,9.243,9.631,10.427,10.659,9.045
30.03,15,10.351,10.49,11.462,10,10.817,10.845,11.001,10.829,11.015,10.497,10.163,9.901,9.709,9.45,9.785,10.09,8.937,11.737,9.276,9.633,10.488,10.584,9.087
31.03,15,10.256,10.574,11.371,9.993,10.764,10.824,10.919,10.853,11.007,10.559,10.152,9.833,9.684,9.438,9.834,10.1,8.906,11.69,9.26,9.604,10.534,10.577,8.947
32.03,15,10.246,10.581,11.368,9.942,10.791,10.822,10.993,10.924,11.03,10.605,10.19,9.838,9.665,9.364,9.866,10.086,8.907,11.719,9.283,9.663,10.573,10.665,8.996
33.03,15,10.298,10.569,11.446,10.017,10.801,10.857,10.971,10.898,10.983,10.513,10.099,9.822,9.669,9.399,9.781,10.044,8.995,11.826,9.271,9.605,10.493,10.61,8.985
34.03,15,10.277,10.624,11.447,10.01,10.762,10.818,10.932,10.847,10.966,10.56,10.123,9.83,9.607,9.427,9.804,10.15,8.99,11.771,9.24,9.665,10.466,10.562,9.01
35.03,15,10.233,10.537,11.521,10.024,10.796,10.89,10.935,10.919,10.988,10.58,10.219,9.819,9.611,9.418,9.818,10.042,8.941,11.773,9.181,9.554,10.579,10.586,8.991
36.03,15,10.228,10.608,11.422,10.059,10.806,10.882,10.931,10.905,11.026,10.522,10.191,9.863,9.64,9.442,9.857,10.099,8.952,11.841,9.274,9.611,10.52,10.612,8.985
37.03,15,10.24,10.591,11.433,10.054,10.812,10.918,11.002,10.983,10.971,10.612,10.159,9.831,9.611,9.45,9.793,10.082,8.954,11.833,9.263,9.619,10.521,10.665,9.034
38.03,15,10.203,10.615,11.456,10.016,10.846,10.826,10.874,10.963,11.053,10.589,10.144,9.823,9.641,9.407,9.882,10.085,8.957,11.745,9.24,9.556,10.43,10.62,8.997
39.03,15,10.27,10.613,11.429,10.103,10.881,10.841,10.974,10.855,11.008,10.559,10.199,9.829,9.592,9.392,9.809,10.158,8.907,11.755,9.241,9.623,10.462,10.679,8.98
40.03,15,10.254,10.586,11.509,10.077,10.832,10.846,11.047,10.863,11.046,10.487,10.181,9.899,9.59,9.451,9.836,10.145,8.908,11.72,9.258,9.63,10.393,10.7,9.015
41.03,15,10.241,10.613,11.44,10.039,10.905,10.803,10.931,10.827,11.034,10.597,10.145,9.884,9.677,9.439,9.793,10.128,8.911,11.807,9.167,9.626,10.485,10.656,8.963
42.03,15,10.266,10.661,11.477,10.098,10.839,10.841,10.98,10.852,11.02,10.664,10.19,9.872,9.66,9.444,9.752,10.106,8.842,11.817,9.218,9.599,10.418,10.659,9.05
43.03,15,10.265,10.588,11.483,10.059,10.834,10.822,11.022,10.837,10.948,10.539,10.189,9.9,9.611,9.447,9.815,10.074,8.843,11.817,9.213,9.572,10.486,10.687,8.987
44.03,15,10.254,10.576,11.447,10.127,10.793,10.865,11.05,10.924,11.017,10.581,10.2,9.879,9.664,9.479,9.922,10.119,8.821,11.781,9.182,9.625,10.548,10.622,9.033
45.03,15,10.283,10.605,11.499,10.143,10.832,10.844,10.939,10.924,11.047,10.608,10.124,9.762,9.631,9.52,9.865,10.11,8.85,11.749,9.171,9.626,10.517,10.695,8.989
46.03,15,10.263,10.652,11.479,10.178,10.831,10.859,11.013,10.887,10.99,10.633,10.176,9.822,9.628,9.483,9.797,10.17,8.925,11.845,9.188,9.664,10.528,10.679,8.972
47.03,15,10.286,10.626,11.493,10.056,10.829,10.838,11.011,10.868,11.016,10.554,10.178,9.924,9.625,9.49,9.844,10.122,8.883,11.832,9.212,9.613,10.467,10.721,9.015
48.03,15,10.291,10.679,11.558,10.049,10.782,10.79,10.984,10.879,10.962,10.555,10.216,9.939,9.642,9.507,9.799,10.152,8.868,11.728,9.217,9.673,10.468,10.661,9.005
49.03,15,10.352,10.681,11.444,10.139,10.804,10.847,11.012,10.82,11.066,10.529,10.175,9.906,9.626,9.462,9.792,10.187,8.893,11.837,9.255,9.663,10.501,10.657,8.998
50.03,15,10.256,10.627,11.509,10.051,10.814,10.863,10.99,10.831,10.988,10.609,10.181,9.916,9.627,9.538,9.861,10.174,8.902,11.763,9.157,9.597,10.453,10.724,8.949
51.03,15,10.292,10.663,11.546,10.085,10.846,10.749,10.946,10.786,10.987,10.588,10.204,9.889,9.66,9.486,9.81,10.108,8.949,11.77,9.172,9.638,10.419,10.747,8.927
52.03,15,10.329,10.637,11.53,10.03,10.822,10.836,10.956,10.807,10.967,10.557,10.137,9.869,9.605,9.422,9.768,10.228,8.952,11.83,9.161,9.605,10.443,10.718,8.983
53.03,15,10.256,10.634,11.522,10.031,10.846,10.789,10.927,10.917,10.943,10.572,10.195,9.888,9.646,9.469,9.789,10.205,8.891,11.862,9.2,9.66,10.443,10.715,8.928
54.03,15,10.205,10.613,11.506,10.125,10.8,10.782,10.966,10.863,11.06,10.616,10.17,9.884,9.603,9.489,9.867,10.096,8.781,11.846,9.243,9.555,10.443,10.75,8.901
55.03,15,10.272,10.64,11.558,10.086,10.832,10.818,10.967,10.84,10.951,10.622,10.129,9.863,9.578,9.486,9.864,10.148,8.891,11.796,9.276,9.595,10.392,10.696,8.994
56.03,15,10.264,10.676,11.482,10.036,10.856,10.785,10.969,10.839,10.99,10.632,10.229,9.868,9.645,9.392,9.87,10.153,8.848,11.765,9.23,9.533,10.402,10.651,8.957
57.03,15,10.332,10.585,11.532,9.99,10.885,10.751,11.014,10.872,11.025,10.556,10.12,9.833,9.549,9.457,9.812,10.233,8.902,11.867,9.153,9.635,10.435,10.65,8.95
58.03,15,10.3,10.624,11.487,9.983,10.867,10.726,10.998,10.78,10.961,10.554,10.123,9.818,9.654,9.509,9.876,10.156,8.867,11.823,9.188,9.627,10.485,10.726,8.91
59.03,15,10.257,10.603,11.456,10.025,10.809,10.801,11.077,10.772,11.011,10.545,10.172,9.885,9.611,9.551,9.802,10.133,8.851,11.846,9.205,9.586,10.447,10.733,9.034
60.03,15,10.275,10.681,11.46,9.996,10.807,10.728,10.951,10.81,10.994,10.576,10.193,9.86,9.598,9.549,9.829,10.165,8.918,11.756,9.229,9.642,10.365,10.724,8.918
61.03,15,10.318,10.64,11.479,10.057,10.832,10.745,10.992,10.816,11.026,10.624,10.217,9.841,9.674,9.555,9.872,10.254,8.857,11.863,9.259,9.579,10.45,10.725,9.019
62.03,15,10.346,10.625,11.547,10.064,10.844,10.654,10.927,10.785,10.986,10.568,10.239,9.815,9.597,9.509,9.868,10.1,8.921,11.819,9.144,9.571,10.511,10.794,9.021
63.03,15,10.357,10.613,11.493,10.036,10.826,10.789,10.948,10.858,10.981,10.621,10.234,9.914,9.622,9.5,9.818,10.144,8.936,11.811,9.193,9.627,10.388,10.771,8.994
64.03,15,10.337,10.656,11.513,10.05,10.843,10.754,10.971,10.834,11.013,10.539,10.204,9.851,9.606,9.493,9.869,10.162,8.899,11.861,9.151,9.626,10.446,10.771,8.951
65.03,15,10.306,10.636,11.44,10.015,10.83,10.791,10.989,10.807,11.084,10.572,10.202,9.908,9.596,9.509,9.934,10.227,8.902,11.807,9.149,9.622,10.404,10.687,9.007
66.03,15,10.335,10.64,11.501,10.001,10.908,10.74,11.051,10.843,11.078,10.526,10.267,9.856,9.612,9.546,9.859,10.138,8.924,11.833,9.157,9.616,10.461,10.774,9.035
67.03,15,10.384,10.635,11.525,10.028,10.898,10.732,10.931,10.918,11.082,10.546,10.239,9.895,9.669,9.522,9.871,10.141,8.924,11.799,9.178,9.658,10.486,10.785,9.033
68.03,15,10.379,10.674,11.467,9.93,10.873,10.729,10.998,10.855,11.07,10.632,10.195,9.838,9.627,9.536,9.945,10.196,8.873,11.85,9.156,9.669,10.393,10.749,8.997
69.03,15,10.409,10.619,11.493,9.968,10.871,10.739,11.047,10.925,11.052,10.443,10.198,9.88,9.679,9.553,9.896,10.201,8.91,11.864,9.179,9.644,10.454,10.741,9.046
70.03,15,10.341,10.596,11.461,9.933,10.828,10.757,11.003,10.855,11.09,10.476,10.25,9.87,9.526,9.447,9.843,10.149,8.847,11.799,9.217,9.631,10.514,10.763,8.999
71.03,15,10.322,10.6,11.417,10.004,10.916,10.736,11.055,10.859,11.068,10.519,10.169,9.851,9.584,9.52,9.877,10.171,8.89,11.776,9.218,9.693,10.411,10.777,9.008
72.03,15,10.333,10.612,11.378,9.969,10.9,10.685,10.885,10.845,10.987,10.554,10.181,9.857,9.586,9.474,9.915,10.171,8.927,11.853,9.148,9.656,10.442,10.747,8.964
73.03,15,10.309,10.671,11.475,10.014,10.867,10.733,10.975,10.904,11.045,10.568,10.174,9.862,9.598,9.448,9.907,10.215,8.903,11.809,9.156,9.669,10.36,10.769,8.992
74.03,15,10.393,10.71,11.316,9.976,10.942,10.796,11.035,10.88,11.037,10.498,10.201,9.833,9.674,9.537,9.935,10.191,8.881,11.857,9.205,9.718,10.472,10.811,8.899
75.03,15,10.363,10.619,11.334,10.003,10.812,10.724,10.942,10.989,11.133,10.547,10.23,9.855,9.532,9.594,9.928,10.179,8.806,11.839,9.228,9.639,10.358,10.689,8.965
76.03,15,10.275,10.624,11.406,9.978,10.929,10.759,10.985,10.88,11.106,10.555,10.188,9.906,9.58,9.558,9.873,10.19,8.923,11.828,9.202,9.698,10.454,10.883,8.931
77.03,15,10.298,10.64,11.444,9.977,10.881,10.789,10.955,10.884,11.121,10.585,10.133,9.934,9.556,9.558,9.894,10.111,8.853,11.795,9.147,9.657,10.388,10.772,9.006
78.03,15,10.265,10.611,11.428,9.916,10.884,10.762,10.93,10.949,11.121,10.605,10.152,9.88,9.602,9.619,9.878,10.19,8.849,11.864,9.15,9.684,10.381,10.704,8.947
79.03,15,10.208,10.713,11.425,9.953,10.843,10.768,10.993,10.931,11.098,10.579,10.129,9.878,9.608,9.591,9.858,10.12,8.892,11.768,9.141,9.683,10.432,10.855,8.968
80.03,15,10.241,10.641,11.414,9.909,10.957,10.791,10.994,10.88,11.054,10.562,10.145,9.863,9.564,9.594,9.82,10.177,8.868,11.871,9.14,9.606,10.443,10.765,8.99
81.03,15,10.29,10.601,11.367,9.922,10.92,10.737,10.991,10.933,11.06,10.585,10.125,9.898,9.57,9.612,9.883,10.165,8.91,11.905,9.132,9.635,10.375,10.744,8.999
82.03,15,10.28,10.711,11.403,9.941,10.956,10.786,11.02,10.854,11.028,10.558,10.132,9.886,9.556,9.609,9.882,10.118,8.871,11.904,9.132,9.683,10.417,10.785,9.017
83.03,15,10.212,10.655,11.433,9.992,10.905,10.732,10.986,10.815,11.009,10.609,10.083,9.871,9.608,9.639,9.87,10.158,8.883,11.84,9.121,9.667,10.416,10.799,9.077
84.03,15,10.29,10.625,11.437,9.884,10.986,10.712,10.999,10.899,10.993,10.574,10.113,9.851,9.676,9.583,9.88,10.151,8.835,11.796,9.191,9.604,10.426,10.752,9.087
85.03,15,10.284,10.614,11.384,9.842,11.001,10.733,10.942,10.888,11.039,10.592,10.117,9.872,9.609,9.522,9.841,10.153,8.908,11.818,9.224,9.697,10.409,10.739,9.055
86.03,15,10.229,10.637,11.441,9.881,10.949,10.73,10.954,10.862,11.084,10.605,10.148,9.867,9.66,9.545,9.859,10.155,8.941,11.802,9.173,9.696,10.479,10.805,9.029
87.03,15,10.265,10.589,11.378,9.986,11.065,10.748,10.91,10.789,11.012,10.597,10.237,9.866,9.577,9.578,9.866,10.108,8.96,11.868,9.148,9.663,10.378,10.822,9.004
88.03,15,10.295,10.62,11.502,9.968,10.966,10.705,10.956,10.833,11,10.578,10.184,9.913,9.673,9.539,9.835,10.196,8.944,11.806,9.162,9.648,10.396,10.803,9.009
89.03,15,10.274,10.596,11.437,10.004,10.982,10.69,10.996,10.923,10.983,10.551,10.119,9.848,9.658,9.56,9.842,10.102,8.941,11.832,9.17,9.673,10.465,10.761,8.959
90.03,15,10.306,10.582,11.43,9.97,10.934,10.68,10.971,10.839,11.061,10.591,10.108,9.901,9.661,9.629,9.825,10.123,8.969,11.876,9.162,9.675,10.397,10.751,9.037
91.03,15,10.3,10.64,11.443,9.918,10.976,10.694,10.96,10.885,11.016,10.627,10.115,9.92,9.619,9.635,9.888,10.154,8.967,11.836,9.028,9.618,10.437,10.746,8.974
92.03,15,10.351,10.551,11.483,9.942,10.916,10.731,10.999,10.863,10.984,10.605,10.104,9.86,9.632,9.624,9.839,10.18,8.942,11.848,9.157,9.617,10.424,10.713,9.009
93.03,15,10.24,10.569,11.451,9.983,10.98,10.724,11.034,10.874,11.012,10.528,10.045,9.878,9.664,9.662,9.84,10.19,8.994,11.887,9.073,9.548,10.395,10.763,9.023
94.03,15,10.348,10.608,11.443,9.953,10.997,10.802,11.042,10.876,10.992,10.622,10.06,9.891,9.635,9.537,9.886,10.167,8.923,11.869,9.141,9.61,10.403,10.783,9.014
95.03,15,10.255,10.669,11.449,9.918,10.914,10.716,11.003,10.898,11.033,10.585,10.127,9.949,9.745,9.609,9.875,10.154,8.944,11.855,9.152,9.693,10.501,10.75,8.979
96.03,15,10.268,10.588,11.425,9.944,10.926,10.675,10.99,10.876,10.925,10.579,10.153,9.935,9.687,9.581,9.761,10.165,8.977,11.971,9.125,9.707,10.535,10.681,8.922
97.03,15,10.243,10.637,11.423,9.903,11.012,10.77,10.954,10.824,11.055,10.646,10.038,9.936,9.63,9.626,9.826,10.169,8.989,11.874,9.102,9.707,10.532,10.664,8.969
98.03,15,10.269,10.619,11.431,9.88,10.971,10.692,10.989,10.75,10.984,10.607,10.103,9.947,9.68,9.637,9.84,10.152,8.996,11.891,9.204,9.711,10.485,10.754,8.969
99.03,15,10.27,10.599,11.352,9.926,11.06,10.739,10.964,10.928,10.984,10.56,10.06,9.943,9.705,9.649,9.878,10.2,9.012,11.856,9.084,9.754,10.506,10.754,8.939
100.03,15,10.277,10.588,11.386,9.924,10.992,10.744,10.954,10.923,10.98,10.577,10.073,9.947,9.763,9.591,9.839,10.202,9.014,11.814,9.13,9.733,10.465,10.78,8.91
101.03,15,10.312,10.589,11.382,9.921,10.963,10.784,10.976,10.901,10.941,10.618,10.076,9.981,9.707,9.643,9.81,10.17,8.941,11.849,9.084,9.717,10.561,10.742,8.958
102.03,15,10.327,10.647,11.394,9.946,10.958,10.691,11.028,10.875,10.973,10.527,10.089,9.959,9.744,9.594,9.842,10.24,8.999,11.853,9.126,9.753,10.459,10.669,8.932
103.03,15,10.327,10.621,11.443,9.938,10.934,10.677,11.016,10.918,11.009,10.569,10.079,9.979,9.69,9.542,9.82,10.19,8.938,11.855,9.071,9.734,10.507,10.71,8.944
104.03,15,10.271,10.608,11.341,9.994,10.913,10.788,10.935,10.926,10.966,10.514,10.03,9.953,9.728,9.571,9.861,10.159,9,11.891,9.135,9.706,10.57,10.716,8.94
105.03,15,10.274,10.59,11.439,9.907,10.915,10.735,10.936,10.947,10.942,10.552,10.067,10.024,9.655,9.554,9.878,10.18,8.952,11.897,9.022,9.747,10.534,10.682,8.903
106.03,15,10.256,10.559,11.391,9.949,10.957,10.763,11.022,10.927,11.007,10.558,10.137,9.985,9.728,9.572,9.906,10.172,8.971,11.853,9.047,9.721,10.504,10.714,8.95
107.03,15,10.238,10.625,11.364,9.881,10.938,10.755,10.98,10.921,10.924,10.589,10.035,9.939,9.729,9.526,9.858,10.218,9.02,11.887,9.068,9.701,10.477,10.762,8.885
108.03,15,10.286,10.601,11.417,9.938,10.916,10.83,10.998,10.901,10.993,10.545,10.051,9.908,9.709,9.554,9.868,10.129,8.973,11.944,9.035,9.714,10.45,10.666,8.912
109.03,15,10.343,10.606,11.373,9.935,10.956,10.768,10.955,10.956,10.964,10.539,10.149,9.988,9.655,9.579,9.823,10.187,8.965,11.92,9.081,9.711,10.448,10.695,8.897
110.03,15,10.226,10.603,11.372,9.961,10.962,10.755,10.946,10.964,11.021,10.496,10.101,9.873,9.692,9.579,9.873,10.25,8.988,11.95,9.017,9.752,10.418,10.744,8.924
111.03,15,10.214,10.616,11.39,9.967,10.999,10.812,10.92,10.913,11.057,10.587,10.039,9.901,9.751,9.594,9.787,10.223,9.032,11.85,9.05,9.761,10.502,10.727,8.984
112.03,15,10.184,10.622,11.366,9.904,11.006,10.794,11.029,10.945,11.025,10.565,10.04,9.914,9.687,9.542,9.863,10.177,9.059,11.862,9.087,9.725,10.515,10.75,8.854
113.03,15,10.21,10.552,11.38,9.875,11.019,10.778,11.04,10.936,11.008,10.507,10.071,9.906,9.696,9.548,9.802,10.209,9.034,11.919,9.114,9.689,10.421,10.744,8.945
114.03,15,10.285,10.616,11.362,9.928,10.947,10.807,11.058,10.983,11.036,10.464,10.036,9.926,9.684,9.574,9.854,10.273,9.061,11.893,9.001,9.795,10.433,10.699,8.969
115.03,15,10.27,10.583,11.323,9.825,11.002,10.756,11.03,10.904,11.021,10.498,10.052,9.907,9.621,9.571,9.883,10.212,9.041,11.857,9.138,9.703,10.479,10.699,9
116.03,15,10.331,10.556,11.314,9.934,10.981,10.81,11.032,10.921,11,10.508,10.135,9.878,9.597,9.569,9.912,10.249,9.018,11.901,9.069,9.758,10.441,10.695,8.925
117.03,15,10.235,10.587,11.351,9.892,11.054,10.774,10.962,10.997,11.016,10.431,10.095,10.012,9.646,9.567,9.919,10.228,9.083,11.879,9.084,9.782,10.541,10.723,9.013
118.03,15,10.187,10.614,11.409,9.933,11.007,10.799,11.061,10.93,11.047,10.567,10.126,9.945,9.611,9.559,9.912,10.24,9.079,11.864,9.086,9.73,10.467,10.671,8.859
119.03,15,10.303,10.516,11.383,9.968,10.986,10.735,11.038,10.87,11.109,10.529,10.181,9.951,9.596,9.581,9.888,10.227,9.093,11.868,9.08,9.81,10.522,10.67,8.944
120.03,15,10.223,10.625,11.387,9.917,10.994,10.75,11.007,10.998,11.074,10.568,10.068,9.911,9.623,9.484,9.817,10.256,9.12,11.907,9.145,9.777,10.489,10.601,9.047
121.03,15,10.234,10.568,11.385,9.92,10.97,10.787,11.002,10.983,11.041,10.447,10.085,9.933,9.68,9.621,9.895,10.275,9.019,11.881,9.091,9.717,10.407,10.6,9.038
122.03,15,10.213,10.67,11.41,9.947,10.986,10.773,11.008,10.893,11.017,10.569,10.119,9.939,9.604,9.62,9.91,10.161,9.004,11.843,9.034,9.759,10.425,10.611,9.049
123.03,15,10.251,10.558,11.437,9.914,11.019,10.748,11.004,10.903,10.954,10.514,10.113,10.003,9.643,9.525,9.893,10.236,9.082,11.876,9.147,9.761,10.445,10.617,9.044
124.03,15,10.176,10.677,11.412,9.878,11.039,10.794,11.036,10.96,10.975,10.531,10.12,9.957,9.671,9.568,9.886,10.266,9.028,11.893,9.04,9.742,10.434,10.686,9
125.03,15,10.196,10.636,11.354,9.949,10.955,10.795,11.089,10.963,11.088,10.504,10.12,10.022,9.654,9.505,9.959,10.274,9.124,11.943,9.139,9.674,10.482,10.642,8.983
126.03,15,10.255,10.617,11.383,9.951,11.025,10.781,11.092,11.013,11.068,10.527,10.138,9.955,9.649,9.573,9.884,10.277,9.111,11.907,9.069,9.824,10.525,10.69,9.061
127.03,15,10.243,10.51,11.424,9.926,10.993,10.806,11.075,10.96,11.011,10.518,10.165,9.995,9.691,9.609,9.858,10.249,9.077,11.883,9.044,9.728,10.433,10.679,9.055
128.03,15,10.151,10.596,11.372,9.892,10.987,10.889,11.02,10.96,11.072,10.538,10.109,10.034,9.6,9.526,9.891,10.262,9.084,11.914,9.096,9.74,10.55,10.593,9.034
129.03,15,10.234,10.577,11.384,9.943,10.993,10.773,11.057,10.992,11.066,10.566,10.166,9.962,9.764,9.558,9.931,10.326,9.171,11.958,9.062,9.751,10.53,10.637,9.03
130.03,15,10.23,10.594,11.424,9.921,11.018,10.801,11.003,11.02,11.101,10.523,10.175,9.937,9.721,9.609,9.858,10.25,9.099,11.913,9.096,9.697,10.538,10.618,9.157
131.03,15,10.166,10.583,11.376,9.85,10.995,10.799,11.044,10.989,11.045,10.591,10.135,9.984,9.69,9.58,9.88,10.302,9.104,11.92,9.093,9.739,10.462,10.64,9.067
132.03,15,10.183,10.538,11.391,9.839,11.019,10.849,10.964,10.999,11.057,10.503,10.097,10.059,9.612,9.549,9.938,10.3,9.128,11.908,9.105,9.792,10.498,10.604,8.989
133.03,15,10.224,10.531,11.356,9.936,11.062,10.817,10.973,11.001,11.054,10.515,10.144,10,9.718,9.63,9.86,10.304,9.096,11.814,9.135,9.788,10.485,10.584,9.038
134.03,15,10.216,10.472,11.415,9.903,11.011,10.75,11.019,11.011,11.063,10.514,10.045,10.007,9.668,9.62,9.916,10.311,9.056,11.929,8.999,9.762,10.52,10.519,9.024
135.03,15,10.284,10.523,11.403,9.928,10.982,10.834,11.034,11.017,11.073,10.515,10.023,9.978,9.728,9.524,9.862,10.252,9.078,11.93,9.048,9.777,10.433,10.567,9.087
136.03,15,10.343,10.552,11.364,9.901,10.958,10.85,11.015,10.95,11.023,10.518,10.066,9.965,9.608,9.585,9.92,10.237,9.122,11.907,9.016,9.719,10.531,10.533,9.179
137.03,15,10.177,10.499,11.409,9.933,10.963,10.83,10.946,11.029,11.031,10.493,10.112,9.961,9.633,9.624,9.92,10.229,9.165,11.91,9.043,9.787,10.594,10.629,9.051
138.03,15,10.227,10.552,11.414,9.926,10.953,10.809,10.98,10.976,11.047,10.472,10.12,9.933,9.604,9.638,9.83,10.301,9.088,11.907,9.038,9.767,10.57,10.633,9.099
139.03,15,10.247,10.479,11.408,9.917,10.987,10.719,10.951,11.013,11.01,10.461,10.055,9.905,9.658,9.591,9.92,10.265,9.163,11.875,9.119,9.812,10.515,10.618,9.064
140.03,15,10.259,10.538,11.355,9.855,10.936,10.79,11.016,11.035,11.063,10.503,10.057,9.946,9.693,9.578,9.859,10.315,9.082,11.894,9.063,9.79,10.62,10.574,9.072
141.03,15,10.263,10.487,11.401,9.898,10.976,10.841,10.963,11.012,11.016,10.456,10.044,9.93,9.696,9.544,9.953,10.292,9.114,11.839,9.092,9.738,10.57,10.606,9.104
142.03,15,10.26,10.543,11.375,9.916,11.026,10.752,10.909,10.975,11.039,10.487,10.134,9.855,9.734,9.586,9.897,10.277,9.157,11.82,9.092,9.759,10.599,10.573,9.109
143.03,15,10.235,10.446,11.387,9.9,10.909,10.735,11,11.054,11.054,10.505,10.115,9.892,9.668,9.628,9.916,10.271,9.117,11.93,9.099,9.787,10.578,10.584,9.081
144.03,15,10.23,10.476,11.371,9.998,10.987,10.7,10.964,11.028,11.124,10.453,10.176,9.933,9.691,9.59,9.854,10.272,9.133,11.936,9.11,9.814,10.59,10.54,9.2
145.03,15,10.178,10.492,11.376,9.954,10.91,10.71,10.964,10.945,11.004,10.413,10.108,9.94,9.659,9.533,9.823,10.369,9.169,11.944,9.041,9.776,10.559,10.596,9.109
146.03,15,10.227,10.458,11.369,9.917,10.929,10.757,10.965,10.933,11.105,10.456,10.103,9.946,9.644,9.537,9.851,10.242,9.194,11.916,9.139,9.788,10.537,10.646,9.103
147.03,15,10.222,10.433,11.373,9.928,10.887,10.73,11.019,10.966,11.061,10.468,10.126,9.924,9.696,9.565,9.882,10.335,9.148,11.91,9.134,9.869,10.568,10.666,9.114
148.03,15,10.245,10.516,11.321,9.884,10.998,10.769,11.035,10.986,11.101,10.458,10.122,9.922,9.624,9.55,9.904,10.314,9.122,11.921,9.132,9.831,10.572,10.597,9.168
149.03,15,10.256,10.499,11.346,9.928,10.949,10.778,11.002,10.997,11.047,10.491,10.086,9.96,9.737,9.584,9.8,10.342,9.178,11.891,9.098,9.834,10.521,10.566,9.083
150.03,15,10.31,10.543,11.363,9.923,10.887,10.789,11.04,11.016,11.066,10.421,10.145,9.95,9.665,9.56,9.859,10.25,9.145,11.923,9.127,9.748,10.493,10.64,9.118
151.03,15,10.221,10.452,11.408,9.872,10.965,10.75,11.032,11.038,10.984,10.499,10.114,9.94,9.668,9.548,9.814,10.382,9.107,11.902,9.032,9.743,10.545,10.634,9.076
152.03,15,10.25,10.499,11.304,9.862,10.909,10.8,11.092,11.013,11.048,10.42,10.172,9.91,9.699,9.638,9.818,10.333,9.158,11.943,9.158,9.799,10.587,10.645,9.083
153.03,15,10.292,10.535,11.286,9.95,10.869,10.741,10.99,11.037,11.006,10.466,10.095,9.934,9.652,9.602,9.863,10.287,9.207,11.942,9.076,9.821,10.573,10.592,9.113
154.03,15,10.23,10.545,11.299,9.906,10.841,10.79,11.033,11.012,11.011,10.439,10.077,9.953,9.682,9.606,9.823,10.266,9.157,11.886,9.026,9.817,10.532,10.598,9.099
155.03,15,10.235,10.543,11.253,9.921,10.884,10.731,11.066,10.94,10.963,10.47,10.082,10.014,9.664,9.573,9.811,10.301,9.221,11.88,9.128,9.757,10.485,10.599,9.104
156.03,15,10.264,10.414,11.329,9.903,10.878,10.699,11.053,10.932,10.978,10.379,10.113,9.974,9.733,9.639,9.813,10.291,9.189,11.804,9.081,9.804,10.552,10.527,9.099
157.03,15,10.195,10.492,11.337,9.966,10.949,10.771,11.04,11.004,11.022,10.376,10.006,9.968,9.699,9.605,9.794,10.262,9.167,11.884,9.166,9.781,10.508,10.601,9.065
158.03,15,10.318,10.481,11.302,9.941,10.859,10.754,10.954,11.015,11.027,10.437,10.138,10.006,9.735,9.571,9.747,10.265,9.128,11.845,9.14,9.794,10.528,10.616,9.076
159.03,15,10.242,10.459,11.32,10.016,10.83,10.809,11.076,11.076,10.97,10.309,10.073,9.901,9.705,9.453,9.776,10.334,9.158,11.884,9.098,9.775,10.52,10.545,9.102
160.03,15,10.278,10.469,11.279,9.962,10.884,10.731,11.032,11.077,11.018,10.36,10.07,10.002,9.69,9.534,9.823,10.239,9.167,11.879,9.08,9.77,10.591,10.562,9.131
161.03,15,10.178,10.547,11.277,9.908,10.903,10.766,11.098,10.925,11.008,10.399,10.087,9.965,9.706,9.54,9.791,10.263,9.163,11.931,9.138,9.712,10.604,10.544,9.081
162.03,15,10.262,10.493,11.327,9.922,10.908,10.691,11.085,10.928,11.038,10.391,10.073,10.028,9.692,9.506,9.787,10.28,9.169,11.87,9.143,9.773,10.563,10.552,9.028
163.03,15,10.223,10.541,11.348,9.95,10.847,10.705,11.073,11.014,11.041,10.421,10.083,10,9.694,9.533,9.817,10.288,9.094,11.916,9.212,9.796,10.59,10.633,9.05
164.03,15,10.222,10.457,11.296,9.964,10.857,10.677,11.083,10.961,10.956,10.342,10.093,10.021,9.693,9.507,9.821,10.219,9.175,11.867,9.167,9.828,10.604,10.59,9.027
165.03,15,10.304,10.516,11.353,9.912,10.962,10.754,11.093,11.006,11.099,10.448,10.083,10.054,9.682,9.515,9.824,10.308,9.175,11.857,9.179,9.799,10.573,10.55,8.995
166.03,15,10.212,10.403,11.366,9.979,10.815,10.721,11.078,10.971,11.062,10.441,10.131,10.074,9.676,9.511,9.789,10.263,9.14,11.794,9.09,9.768,10.591,10.487,9.046
167.03,15,10.276,10.517,11.356,10.002,10.83,10.779,11.072,10.955,11.065,10.454,10.057,10.093,9.66,9.56,9.828,10.298,9.141,11.868,9.141,9.826,10.573,10.53,9.076
168.03,15,10.305,10.456,11.335,9.979,10.844,10.742,11.047,10.975,11.126,10.407,10.096,10.075,9.666,9.54,9.804,10.322,9.156,11.891,9.17,9.861,10.539,10.604,9.104
169.03,15,10.322,10.454,11.331,10.045,10.865,10.69,11.143,11.027,11.059,10.379,10.146,10.005,9.659,9.515,9.805,10.332,9.095,11.911,9.063,9.815,10.495,10.641,9.108
170.03,15,10.229,10.465,11.261,9.964,10.844,10.69,11.096,11.028,11.069,10.458,10.111,10.054,9.619,9.602,9.809,10.3,9.108,11.813,9.092,9.743,10.515,10.589,9.071
171.03,15,10.231,10.467,11.361,9.994,10.831,10.731,11.085,11.001,10.997,10.43,10.115,10.04,9.68,9.632,9.777,10.257,9.145,11.871,9.116,9.811,10.526,10.651,9.092
172.03,15,10.209,10.435,11.369,9.988,10.833,10.704,11.076,10.947,11.051,10.407,10.106,9.986,9.632,9.643,9.784,10.254,9.229,11.892,9.095,9.857,10.55,10.63,9.095
173.03,15,10.235,10.52,11.333,9.941,10.862,10.725,11.098,10.957,11.088,10.398,10.064,10.061,9.693,9.574,9.839,10.234,9.21,11.91,9.117,9.91,10.614,10.616,9.12
174.03,15,10.271,10.449,11.295,9.945,10.819,10.729,11.157,11.032,11.072,10.395,10.128,9.959,9.614,9.601,9.821,10.264,9.251,11.856,9.192,9.875,10.562,10.59,9.05
175.03,15,10.199,10.446,11.321,9.955,10.766,10.767,11.127,11.005,11.052,10.374,10.142,10.027,9.685,9.644,9.764,10.223,9.194,11.89,9.205,9.865,10.626,10.561,9.068
176.03,15,10.296,10.489,11.311,9.987,10.767,10.755,11.15,11.05,10.994,10.411,10.082,9.989,9.632,9.71,9.803,10.25,9.219,11.935,9.145,9.843,10.612,10.626,9.086
177.03,15,10.259,10.385,11.329,9.97,10.76,10.793,11.091,11.031,11.038,10.413,10.144,10.032,9.677,9.648,9.859,10.298,9.155,11.84,9.115,9.861,10.492,10.633,9.078
178.03,15,10.192,10.517,11.304,9.962,10.793,10.837,11.109,11.074,11.061,10.448,10.105,10.044,9.675,9.625,9.776,10.286,9.178,11.81,9.19,9.784,10.564,10.645,9.041
179.03,15,10.216,10.435,11.298,9.969,10.767,10.776,11.086,11.058,11.025,10.355,10.084,9.977,9.734,9.606,9.787,10.244,9.15,11.845,9.17,9.857,10.6,10.631,9.058
180.03,15,10.189,10.449,11.255,9.966,10.862,10.797,11.126,11.121,11.045,10.373,10.083,10.049,9.679,9.579,9.834,10.277,9.177,11.837,9.188,9.805,10.575,10.649,9.107
181.03,15,10.287,10.497,11.345,9.892,10.78,10.814,11.098,11.051,11.069,10.471,10.066,10.025,9.718,9.561,9.752,10.284,9.192,11.775,9.037,9.83,10.616,10.65,9.126
182.03,15,10.239,10.469,11.288,10.019,10.803,10.841,11.081,11.027,10.97,10.42,10.064,9.979,9.695,9.585,9.839,10.334,9.203,11.854,9.146,9.802,10.691,10.659,9.1
183.03,15,10.244,10.443,11.301,9.969,10.823,10.74,11.049,11.077,10.992,10.361,10.112,10.091,9.687,9.631,9.783,10.388,9.157,11.85,9.153,9.861,10.605,10.711,9.121
184.03,15,10.28,10.463,11.308,9.991,10.794,10.85,11.091,11.054,11.042,10.356,10.133,9.985,9.699,9.589,9.792,10.215,9.16,11.85,9.128,9.788,10.578,10.645,9.136
185.03,15,10.31,10.445,11.358,10.012,10.771,10.795,11.194,11.053,10.966,10.406,10.132,9.972,9.718,9.614,9.791,10.278,9.132,11.843,9.185,9.817,10.549,10.682,9.162
186.03,15,10.248,10.416,11.312,9.99,10.789,10.799,11.101,11.023,10.974,10.359,10.104,9.958,9.719,9.611,9.768,10.253,9.162,11.875,9.143,9.813,10.628,10.709,8.988
187.03,15,10.216,10.387,11.235,9.929,10.735,10.779,11.156,11.021,11.085,10.433,10.146,9.973,9.707,9.635,9.745,10.326,9.163,11.794,9.129,9.782,10.562,10.641,9.048
188.03,15,10.284,10.489,11.28,9.988,10.728,10.838,11.131,10.989,11.033,10.418,10.156,10.025,9.699,9.616,9.776,10.277,9.186,11.905,9.232,9.85,10.606,10.719,9.057
189.03,15,10.279,10.438,11.237,9.966,10.684,10.807,11.085,11.057,11.015,10.407,10.122,9.927,9.821,9.619,9.74,10.27,9.145,11.918,9.143,9.781,10.618,10.655,8.99
190.03,15,10.241,10.521,11.38,9.933,10.717,10.857,11.106,11.007,10.962,10.42,10.074,9.917,9.72,9.647,9.815,10.331,9.191,11.853,9.124,9.836,10.616,10.723,9.095
191.03,15,10.242,10.477,11.314,9.954,10.741,10.885,11.097,11.061,11.035,10.405,10.119,9.915,9.727,9.594,9.76,10.235,9.127,11.801,9.216,9.855,10.569,10.656,9.047
192.03,15,10.279,10.529,11.328,9.886,10.711,10.838,11.075,11.085,11.04,10.381,10.153,9.997,9.741,9.68,9.799,10.339,9.145,11.872,9.154,9.87,10.58,10.601,9.055
193.03,15,10.259,10.482,11.277,9.909,10.693,10.918,11.119,11.032,11.106,10.464,10.163,9.969,9.728,9.661,9.846,10.26,9.122,11.776,9.116,9.834,10.543,10.716,9.039
194.03,15,10.325,10.424,11.405,9.937,10.732,10.858,11.036,11.089,10.961,10.451,10.101,9.909,9.736,9.706,9.797,10.257,9.105,11.807,9.143,9.827,10.545,10.691,9.021
195.03,15,10.196,10.43,11.309,9.9,10.758,10.773,10.989,10.939,11.048,10.407,10.113,9.97,9.765,9.722,9.815,10.307,9.104,11.901,9.154,9.811,10.521,10.668,9.063
196.03,15,10.354,10.544,11.352,9.938,10.682,10.763,11.01,11.089,11.017,10.393,10.128,9.917,9.685,9.645,9.829,10.277,9.099,11.874,9.158,9.809,10.523,10.648,9.029
197.03,15,10.24,10.492,11.345,9.898,10.775,10.735,11.058,11.076,10.997,10.422,10.111,9.981,9.658,9.615,9.788,10.254,9.097,11.843,9.195,9.83,10.531,10.571,9.02
198.03,15,10.282,10.439,11.327,9.924,10.75,10.64,11.046,11.07,11.022,10.475,10.174,9.963,9.747,9.658,9.816,10.295,9.127,11.794,9.222,9.837,10.56,10.523,9.039
199.03,15,10.298,10.437,11.353,9.939,10.741,10.553,11.04,11.047,10.985,10.412,10.106,9.962,9.703,9.668,9.834,10.279,8.992,11.839,9.168,9.778,10.583,10.385,9.028
200.03,15,10.263,10.489,11.385,9.89,10.656,10.497,10.986,11.053,11.072,10.424,10.127,9.966,9.676,9.701,9.803,10.221,9.149,11.841,9.091,9.791,10.578,10.317,9.092
201.03,15,10.243,10.514,11.346,9.889,10.682,10.451,11.03,11.053,11.038,10.39,10.177,9.981,9.774,9.683,9.901,10.255,9.165,11.878,9.169,9.809,10.498,10.243,9.085
202.03,15,10.221,10.466,11.308,9.887,10.707,10.442,11.063,11.017,11.088,10.367,10.075,9.972,9.793,9.685,9.854,10.22,9.152,11.908,9.167,9.834,10.547,10.118,9.062
203.03,15,10.291,10.462,11.349,10.016,10.617,10.386,11.011,11.068,11.009,10.423,10.139,9.941,9.766,9.715,9.831,10.225,9.128,11.869,9.116,9.848,10.537,10.026,9.025
204.03,15,10.283,10.534,11.323,9.863,10.761,10.264,11.013,11.068,11.029,10.411,10.116,9.922,9.799,9.628,9.914,10.195,9.084,11.891,9.094,9.784,10.504,9.963,9.002
205.03,15,10.302,10.475,11.327,9.924,10.709,10.126,11.026,11.087,11.035,10.405,10.088,9.955,9.796,9.683,9.806,10.233,9.153,11.847,9.056,9.817,10.568,9.863,9.003
206.03,15,10.229,10.501,11.287,9.9,10.698,10.051,11.077,10.969,11.07,10.351,10.107,9.875,9.741,9.648,9.805,10.239,9.113,11.922,9.123,9.807,10.652,9.71,9.07
207.03,15,10.298,10.479,11.326,9.901,10.744,10.011,11.067,11.072,11.055,10.4,10.072,9.913,9.713,9.621,9.722,10.262,9.081,11.858,8.959,9.851,10.553,9.64,9.084
208.03,15,10.269,10.463,11.433,9.9,10.776,9.962,11.09,11.013,11.015,10.393,10.09,9.923,9.709,9.64,9.742,10.263,9.103,11.863,9.046,9.847,10.58,9.519,9.085
209.03,15,10.267,10.484,11.312,9.88,10.679,9.895,10.993,11.037,11.049,10.324,10.121,9.895,9.758,9.645,9.781,10.199,9.086,11.87,9.056,9.871,10.505,9.403,9.084
210.03,15,10.289,10.506,11.289,9.902,10.743,9.823,11.001,11.023,11.043,10.332,10.088,9.949,9.712,9.685,9.812,10.223,9.129,11.958,9.03,9.877,10.519,9.371,9.082
211.03,15,10.289,10.505,11.38,9.895,10.724,9.634,10.999,11.051,11.017,10.38,10.077,9.947,9.729,9.715,9.819,10.226,9.02,11.956,8.972,9.845,10.551,9.23,8.991
212.03,15,10.249,10.452,11.375,9.874,10.727,9.647,11.02,11.076,11.02,10.412,10.128,9.952,9.713,9.621,9.801,10.183,9.095,11.869,8.958,9.882,10.573,9.081,9.11
213.03,15,10.301,10.496,11.382,9.891,10.748,9.553,11.063,11.028,11.038,10.395,10.132,9.878,9.656,9.696,9.828,10.216,9.103,11.816,8.94,9.922,10.575,9.017,9.054
214.03,15,10.293,10.485,11.349,9.876,10.739,9.518,11.043,11.03,10.973,10.452,10.202,9.822,9.767,9.657,9.775,10.133,9.032,11.804,8.862,9.878,10.607,8.929,8.955
215.03,15,10.271,10.494,11.355,9.869,10.709,9.411,11.007,10.946,11.052,10.401,10.096,9.965,9.75,9.663,9.812,10.13,9.03,11.846,8.828,9.881,10.591,8.834,9.001
216.03,15,10.288,10.565,11.373,9.841,10.785,9.372,11.029,10.98,10.974,10.41,10.07,9.899,9.723,9.648,9.819,10.17,9.022,11.862,8.796,9.931,10.575,8.731,8.975
217.03,15,10.277,10.472,11.286,9.776,10.737,9.364,10.968,11.05,11.006,10.424,10.08,9.901,9.741,9.698,9.764,10.182,9.068,11.823,8.765,9.863,10.584,8.751,8.884
218.03,15,10.266,10.504,11.361,9.865,10.805,9.341,11.055,11.003,10.905,10.346,10.09,9.943,9.76,9.689,9.819,10.224,9.04,11.849,8.752,9.874,10.538,8.698,8.86
219.03,15,10.346,10.56,11.355,9.879,10.768,9.345,11.009,10.985,10.827,10.365,10.112,9.912,9.748,9.666,9.771,10.18,9.02,11.84,8.731,9.843,10.556,8.638,8.837
220.03,15,10.3,10.473,11.327,9.847,10.656,9.289,10.968,11.014,10.817,10.421,10.163,9.929,9.753,9.612,9.794,10.17,9.047,11.902,8.734,9.835,10.612,8.552,8.726
221.03,15,10.224,10.534,11.316,9.89,10.709,9.321,10.994,10.946,10.82,10.337,10.146,9.934,9.764,9.632,9.821,10.17,8.976,11.954,8.795,9.838,10.584,8.54,8.768
222.03,15,10.201,10.558,11.319,9.887,10.713,9.293,11.026,10.98,10.739,10.399,10.081,9.841,9.697,9.673,9.762,10.152,9.003,11.893,8.663,9.831,10.555,8.538,8.743
223.03,15,10.277,10.516,11.411,9.801,10.749,9.243,11,10.959,10.639,10.398,10.125,9.931,9.723,9.626,9.735,10.156,9.067,11.868,8.672,9.689,10.642,8.602,8.709
224.03,15,10.279,10.519,11.397,9.826,10.745,9.263,10.99,10.996,10.533,10.397,10.083,9.867,9.777,9.679,9.737,10.163,9.035,11.888,8.649,9.675,10.599,8.561,8.704
225.03,15,10.213,10.52,11.392,9.866,10.743,9.266,11.038,10.914,10.599,10.43,10.128,9.952,9.756,9.685,9.825,10.145,9.037,11.923,8.645,9.664,10.61,8.621,8.671
226.03,15,10.274,10.545,11.417,9.834,10.732,9.332,10.982,10.979,10.43,10.452,10.069,9.911,9.771,9.718,9.84,10.186,9.034,11.822,8.639,9.618,10.64,8.517,8.608
227.03,15,10.214,10.565,11.405,9.841,10.741,9.225,11.032,11.056,10.377,10.419,10.096,9.842,9.763,9.653,9.797,10.242,8.979,11.953,8.579,9.509,10.589,8.614,8.52
228.03,15,10.248,10.521,11.428,9.783,10.663,9.341,11.04,10.971,10.352,10.445,10.111,9.848,9.736,9.642,9.824,10.202,8.991,11.902,8.664,9.469,10.605,8.62,8.482
229.03,15,10.228,10.503,11.423,9.835,10.678,9.302,11.057,10.94,10.257,10.409,10.149,9.922,9.739,9.657,9.821,10.214,8.956,11.899,8.598,9.464,10.633,8.543,8.539
230.03,15,10.233,10.507,11.357,9.834,10.712,9.236,11.025,10.989,10.185,10.39,10.09,9.955,9.728,9.754,9.747,10.151,8.885,11.882,8.618,9.413,10.61,8.545,8.472
231.03,15,10.279,10.546,11.408,9.902,10.735,9.314,10.987,10.897,10.087,10.452,10.149,9.895,9.699,9.67,9.818,10.162,8.927,11.951,8.679,9.374,10.605,8.509,8.426
232.03,15,10.266,10.498,11.398,9.829,10.74,9.291,10.958,10.97,9.988,10.388,10.147,9.857,9.779,9.681,9.77,10.183,8.899,11.848,8.63,9.365,10.584,8.509,8.428
233.03,15,10.245,10.57,11.329,9.863,10.716,9.232,10.961,10.913,9.863,10.357,10.148,9.91,9.723,9.675,9.818,10.244,8.897,11.864,8.574,9.275,10.56,8.546,8.462
234.03,15,10.312,10.537,11.306,9.813,10.713,9.273,10.961,10.94,9.896,10.402,10.195,9.901,9.746,9.689,9.763,10.151,8.931,11.833,8.612,9.253,10.557,8.493,8.472
235.03,15,10.252,10.649,11.424,9.802,10.736,9.249,11.05,10.984,9.802,10.367,10.138,9.92,9.758,9.632,9.803,10.163,8.935,11.887,8.597,9.181,10.538,8.509,8.402
236.03,15,10.292,10.557,11.401,9.84,10.74,9.206,10.985,10.984,9.81,10.454,10.132,9.879,9.756,9.701,9.81,10.2,8.924,11.842,8.582,9.165,10.508,8.476,8.403
237.03,15,10.292,10.586,11.415,9.776,10.757,9.293,10.99,10.923,9.719,10.397,10.156,9.929,9.731,9.685,9.877,10.176,8.886,11.92,8.571,9.082,10.525,8.514,8.391
238.03,15,10.317,10.544,11.389,9.826,10.734,9.298,10.997,10.995,9.714,10.455,10.07,9.841,9.692,9.678,9.878,10.109,8.948,11.902,8.61,9.125,10.544,8.522,8.461
239.03,15,10.228,10.538,11.4,9.851,10.753,9.221,11.048,10.959,9.632,10.416,10.019,9.89,9.815,9.686,9.849,10.174,8.965,11.806,8.584,9.016,10.618,8.59,8.5
240.03,15,10.308,10.6,11.329,9.867,10.801,9.213,11.008,10.984,9.657,10.395,10.08,9.841,9.792,9.599,9.857,10.164,8.943,11.922,8.618,9.013,10.534,8.495,8.45
241.03,15,10.286,10.524,11.386,9.871,10.703,9.259,11.038,10.989,9.676,10.408,10.035,9.926,9.721,9.648,9.865,10.149,8.936,11.892,8.602,9.041,10.607,8.595,8.379
242.03,15,10.238,10.527,11.352,9.921,10.777,9.205,11.066,10.939,9.614,10.334,9.989,9.833,9.837,9.594,9.903,10.15,9.013,11.833,8.672,9.039,10.657,8.536,8.456
243.03,15,10.331,10.613,11.385,9.867,10.778,9.345,11.056,10.987,9.577,10.462,9.946,9.873,9.711,9.648,9.924,10.132,9.015,11.813,8.589,8.969,10.549,8.529,8.425
244.03,15,10.271,10.553,11.409,9.841,10.811,9.24,11.049,10.969,9.614,10.413,9.852,9.884,9.762,9.706,9.97,10.191,9.04,11.882,8.596,8.983,10.592,8.542,8.365
245.03,15,10.308,10.539,11.383,9.834,10.656,9.284,11,10.97,9.594,10.425,9.804,9.983,9.704,9.594,9.906,10.159,8.968,11.849,8.603,8.99,10.597,8.569,8.401
246.03,15,10.27,10.491,11.457,9.9,10.803,9.315,11.051,10.945,9.635,10.438,9.723,9.935,9.783,9.677,9.945,10.114,8.968,11.944,8.654,9.045,10.665,8.489,8.391
247.03,15,10.292,10.631,11.384,9.841,10.745,9.208,11.052,10.942,9.576,10.366,9.744,9.917,9.758,9.73,9.891,10.099,8.937,11.826,8.596,8.95,10.611,8.548,8.42
248.03,15,10.288,10.462,11.438,9.917,10.768,9.289,11.087,10.954,9.648,10.356,9.664,9.928,9.755,9.666,9.918,10.181,8.948,11.841,8.624,9.01,10.592,8.506,8.495
249.03,15,10.297,10.548,11.375,9.877,10.708,9.252,11.016,10.904,9.573,10.336,9.533,9.913,9.734,9.656,9.961,10.144,8.989,11.83,8.57,8.971,10.616,8.585,8.402
250.03,15,10.33,10.557,11.389,9.859,10.693,9.236,11.086,10.994,9.537,10.415,9.378,9.948,9.72,9.685,9.913,10.136,8.942,11.885,8.592,9,10.622,8.543,8.383
251.03,15,10.402,10.561,11.381,9.812,10.701,9.27,11.135,10.913,9.58,10.401,9.359,9.9,9.743,9.673,9.919,10.128,8.916,11.872,8.569,8.974,10.66,8.559,8.414
252.03,15,10.333,10.592,11.43,9.886,10.769,9.293,11.035,10.938,9.572,10.398,9.316,9.947,9.742,9.73,9.91,10.18,8.967,11.847,8.572,8.949,10.606,8.556,8.358
253.03,15,10.345,10.53,11.333,9.867,10.729,9.313,11.107,10.972,9.608,10.364,9.157,9.924,9.691,9.7,9.878,10.147,8.909,11.811,8.532,9.026,10.648,8.529,8.36
254.03,15,10.33,10.53,11.371,9.877,10.824,9.296,11.028,10.94,9.584,10.324,9.163,9.973,9.847,9.671,9.958,10.219,8.908,11.829,8.555,8.973,10.558,8.565,8.43
255.03,15,10.268,10.5,11.353,9.872,10.754,9.301,11.03,10.935,9.59,10.325,9.105,9.897,9.831,9.713,9.899,10.139,8.94,11.845,8.584,8.998,10.595,8.558,8.402
256.03,15,10.352,10.53,11.453,9.832,10.77,9.244,11.044,10.892,9.556,10.396,9.041,9.936,9.865,9.738,9.878,10.15,8.976,11.878,8.639,8.984,10.565,8.52,8.397
257.03,15,10.333,10.522,11.435,9.911,10.747,9.229,11.031,10.918,9.588,10.388,9.001,9.916,9.817,9.712,9.904,10.137,8.956,11.847,8.56,9.11,10.567,8.542,8.375
258.03,15,10.331,10.556,11.462,9.822,10.793,9.213,10.989,10.919,9.533,10.382,8.959,9.999,9.777,9.713,9.919,10.166,8.931,11.836,8.587,8.959,10.612,8.469,8.414
259.03,15,10.306,10.549,11.372,9.928,10.834,9.23,11.019,10.907,9.561,10.402,8.929,9.933,9.954,9.697,9.9,10.226,8.9,11.822,8.571,9.005,10.568,8.495,8.359
260.03,15,10.362,10.536,11.385,9.902,10.791,9.284,11.074,10.899,9.624,10.389,8.791,9.969,9.822,9.7,9.899,10.258,8.896,11.823,8.638,8.939,10.612,8.498,8.403
261.03,15,10.333,10.587,11.432,9.92,10.752,9.263,11.021,10.963,9.656,10.313,8.884,9.958,9.789,9.685,9.912,10.142,8.899,11.857,8.55,8.966,10.589,8.464,8.394
262.03,15,10.366,10.605,11.402,9.933,10.729,9.226,10.99,10.891,9.567,10.465,8.797,9.933,9.915,9.664,9.984,10.214,8.929,11.794,8.575,8.945,10.593,8.551,8.39
263.03,15,10.319,10.494,11.37,9.892,10.717,9.241,11.026,10.856,9.586,10.368,8.741,9.939,9.803,9.697,9.959,10.205,8.927,11.801,8.567,9.006,10.583,8.534,8.439
264.03,15,10.334,10.461,11.362,9.907,10.717,9.215,11.035,10.945,9.573,10.464,8.789,9.971,9.826,9.681,9.974,10.153,8.922,11.857,8.634,9.024,10.555,8.544,8.423
265.03,15,10.341,10.507,11.392,9.877,10.808,9.284,11.112,10.918,9.571,10.383,8.817,9.884,9.836,9.708,9.984,10.195,8.997,11.804,8.618,9.004,10.578,8.524,8.394
266.03,15,10.391,10.472,11.381,9.889,10.696,9.251,10.925,10.942,9.648,10.366,8.787,9.934,9.859,9.581,9.904,10.217,8.922,11.846,8.614,8.987,10.527,8.518,8.36
267.03,15,10.417,10.459,11.297,9.862,10.748,9.246,11.052,10.923,9.573,10.405,8.789,9.98,9.767,9.694,9.892,10.132,8.855,11.83,8.58,8.964,10.595,8.533,8.33
268.03,15,10.298,10.519,11.33,9.827,10.726,9.259,11.065,10.873,9.576,10.41,8.784,9.903,9.775,9.629,9.968,10.134,8.964,11.853,8.644,9.014,10.582,8.553,8.405
269.03,15,10.343,10.463,11.326,9.915,10.69,9.251,10.935,10.915,9.643,10.344,8.744,9.919,9.861,9.711,9.967,10.216,8.887,11.863,8.586,8.969,10.572,8.521,8.354
270.03,15,10.33,10.527,11.33,9.844,10.616,9.235,11.021,10.866,9.587,10.38,8.69,10.017,9.784,9.589,9.918,10.099,8.902,11.786,8.642,9.015,10.557,8.582,8.356
271.03,15,10.287,10.478,11.291,9.883,10.763,9.236,11.137,10.915,9.66,10.372,8.785,9.985,9.798,9.631,9.918,10.119,8.975,11.879,8.634,9.005,10.528,8.476,8.443
272.03,15,10.273,10.52,11.324,9.801,10.709,9.234,11.109,10.956,9.539,10.362,8.734,9.956,9.796,9.761,9.962,10.092,8.875,11.862,8.642,9.049,10.628,8.493,8.418
273.03,15,10.343,10.454,11.293,9.858,10.709,9.212,11.044,10.867,9.541,10.409,8.754,9.955,9.82,9.649,9.912,10.152,8.882,11.814,8.515,9.002,10.597,8.491,8.408
274.03,15,10.353,10.49,11.354,9.884,10.719,9.196,11.093,10.872,9.603,10.405,8.732,9.995,9.779,9.68,9.943,10.137,8.883,11.824,8.583,8.981,10.573,8.536,8.401
275.03,15,10.35,10.46,11.261,9.801,10.741,9.18,11.074,10.943,9.566,10.412,8.677,9.924,9.841,9.618,9.926,10.199,8.94,11.829,8.557,9.03,10.599,8.579,8.321
276.03,15,10.291,10.494,11.301,9.837,10.723,9.218,11.039,10.921,9.566,10.442,8.789,9.931,9.777,9.655,9.97,10.225,8.847,11.871,8.637,9.033,10.596,8.509,8.389
277.03,15,10.369,10.499,11.274,9.807,10.721,9.241,10.995,10.946,9.604,10.407,8.708,9.964,9.84,9.68,9.95,10.197,8.921,11.799,8.595,8.998,10.532,8.547,8.385
278.03,15,10.391,10.461,11.328,9.789,10.746,9.234,11.006,10.97,9.598,10.383,8.749,10.008,9.8,9.647,9.972,10.142,8.955,11.796,8.577,9.037,10.609,8.537,8.421
279.03,15,10.274,10.443,11.28,9.851,10.742,9.256,11.03,10.937,9.578,10.43,8.779,9.96,9.833,9.6,9.895,10.159,8.87,11.846,8.581,8.926,10.563,8.529,8.33
280.03,15,10.292,10.441,11.252,9.81,10.701,9.267,11.081,10.972,9.568,10.409,8.73,9.911,9.805,9.66,9.97,10.146,8.929,11.834,8.56,9.015,10.567,8.453,8.444
281.03,15,10.312,10.418,11.304,9.786,10.727,9.222,11.004,10.927,9.57,10.421,8.767,9.935,9.84,9.599,9.903,10.126,8.886,11.816,8.639,9.006,10.581,8.535,8.38
282.03,15,10.38,10.391,11.243,9.844,10.768,9.224,11.048,10.967,9.539,10.382,8.728,9.985,9.804,9.661,9.928,10.197,8.821,11.793,8.588,8.959,10.654,8.576,8.387
283.03,15,10.388,10.293,11.354,9.832,10.695,9.202,11.044,10.963,9.597,10.38,8.793,9.932,9.781,9.605,9.962,10.12,8.822,11.795,8.629,9.022,10.559,8.499,8.351
284.03,15,10.404,10.322,11.227,9.795,10.812,9.293,10.992,10.967,9.533,10.398,8.767,9.939,9.785,9.565,9.909,10.212,8.815,11.748,8.598,8.922,10.56,8.572,8.41
285.03,15,10.441,10.244,11.241,9.854,10.844,9.29,11.101,10.97,9.611,10.415,8.739,9.983,9.756,9.583,9.908,10.223,8.7,11.846,8.614,9.033,10.588,8.524,8.337
286.03,15,10.357,10.207,11.279,9.778,10.771,9.305,10.986,11.036,9.572,10.404,8.738,9.993,9.842,9.518,9.951,10.162,8.69,11.829,8.628,8.969,10.599,8.472,8.363
287.03,15,10.381,10.099,11.316,9.774,10.755,9.233,11.05,11.032,9.602,10.412,8.761,9.956,9.709,9.503,9.981,10.15,8.69,11.827,8.604,8.995,10.529,8.552,8.37
288.03,15,10.408,10.012,11.258,9.757,10.831,9.224,11.014,11.037,9.509,10.362,8.707,9.976,9.735,9.467,9.94,10.141,8.679,11.843,8.543,8.947,10.615,8.505,8.342
289.03,15,10.488,10.002,11.299,9.787,10.776,9.207,11.024,11.024,9.586,10.339,8.776,9.976,9.835,9.427,9.92,10.162,8.595,11.799,8.61,8.991,10.648,8.49,8.411
290.03,15,10.423,9.873,11.233,9.839,10.69,9.283,11.031,11.005,9.59,10.424,8.739,10.008,9.737,9.312,9.928,10.163,8.605,11.776,8.604,9.032,10.626,8.498,8.374
291.03,15,10.42,9.78,11.251,9.759,10.755,9.258,10.944,11.043,9.555,10.345,8.723,10.062,9.755,9.362,9.889,10.137,8.476,11.782,8.531,8.989,10.621,8.502,8.434
292.03,15,10.482,9.705,11.238,9.763,10.696,9.242,11.063,10.984,9.53,10.397,8.704,9.95,9.806,9.263,9.873,10.139,8.481,11.811,8.526,8.988,10.558,8.498,8.393
293.03,15,10.375,9.585,11.308,9.806,10.673,9.192,11.044,11,9.578,10.382,8.791,9.984,9.793,9.198,9.89,10.116,8.381,11.909,8.591,8.961,10.647,8.546,8.381
294.03,15,10.391,9.553,11.252,9.793,10.743,9.216,11.016,10.938,9.509,10.376,8.728,9.96,9.794,9.097,9.882,10.167,8.338,11.89,8.581,8.984,10.641,8.518,8.442
295.03,15,10.339,9.494,11.222,9.801,10.705,9.27,11.088,11.011,9.594,10.346,8.74,10.025,9.751,9.085,9.813,10.12,8.25,11.847,8.607,9.008,10.564,8.475,8.372
296.03,15,10.398,9.305,11.269,9.725,10.794,9.243,11.027,10.979,9.615,10.397,8.73,9.964,9.814,9.037,9.821,10.119,8.23,11.914,8.645,8.997,10.616,8.52,8.346
297.03,15,10.412,9.319,11.288,9.762,10.628,9.25,11.038,10.958,9.588,10.356,8.678,9.917,9.773,8.933,9.774,10.135,8.121,11.89,8.581,8.967,10.587,8.598,8.38
298.03,15,10.412,9.24,11.286,9.801,10.811,9.253,11.013,11.052,9.553,10.401,8.74,9.921,9.82,8.901,9.725,10.074,8.088,11.845,8.538,8.999,10.608,8.508,8.374
299.03,15,10.494,9.134,11.271,9.847,10.767,9.287,11.039,10.979,9.566,10.344,8.786,9.976,9.805,8.789,9.668,10.157,8.037,11.742,8.602,9.014,10.604,8.538,8.325
300.03,15,10.442,9.045,11.198,9.812,10.845,9.224,10.997,11.087,9.587,10.329,8.716,9.986,9.834,8.76,9.597,10.203,8.027,11.843,8.625,8.945,10.621,8.501,8.34
301.03,15,10.39,8.939,11.267,9.797,10.843,9.207,10.977,11.059,9.598,10.399,8.721,9.973,9.757,8.778,9.542,10.149,7.997,11.889,8.523,8.976,10.606,8.505,8.356
302.03,15,10.403,8.962,11.26,9.793,10.773,9.3,11.045,10.993,9.597,10.297,8.704,10.011,9.737,8.718,9.516,10.149,7.942,11.813,8.565,8.982,10.505,8.501,8.343
303.03,15,10.451,8.938,11.177,9.844,10.736,9.27,10.992,10.994,9.55,10.357,8.71,9.927,9.777,8.674,9.402,10.121,7.911,11.782,8.582,9.001,10.642,8.461,8.407
304.03,15,10.465,8.829,11.267,9.74,10.75,9.254,11.014,11.026,9.592,10.373,8.723,10.037,9.792,8.657,9.345,10.148,7.851,11.805,8.517,8.992,10.613,8.508,8.39
305.03,15,10.425,8.923,11.293,9.86,10.723,9.223,11.027,11.019,9.538,10.321,8.74,9.992,9.749,8.63,9.319,10.107,7.806,11.771,8.523,9.008,10.57,8.537,8.333
306.03,15,10.488,8.831,11.281,9.835,10.743,9.198,10.978,11.087,9.532,10.322,8.77,9.979,9.766,8.618,9.278,10.173,7.865,11.823,8.625,8.957,10.597,8.489,8.288
307.03,15,10.442,8.813,11.195,9.838,10.802,9.277,10.997,10.993,9.592,10.342,8.755,9.926,9.729,8.565,9.19,10.127,7.831,11.834,8.531,8.966,10.548,8.514,8.402
308.03,15,10.403,8.797,11.231,9.727,10.827,9.244,10.961,11.035,9.575,10.321,8.715,10.003,9.791,8.531,9.092,10.159,7.779,11.865,8.581,8.969,10.552,8.506,8.416
309.03,15,10.365,8.773,11.149,9.784,10.813,9.248,11.018,11.032,9.61,10.272,8.695,9.947,9.788,8.58,8.941,10.176,7.701,11.825,8.609,8.998,10.574,8.555,8.367
310.03,15,10.366,8.812,11.247,9.807,10.699,9.238,11.002,10.951,9.541,10.262,8.726,9.957,9.741,8.609,8.975,10.131,7.845,11.85,8.638,8.967,10.523,8.521,8.341
311.03,15,10.416,8.853,11.19,9.756,10.747,9.204,11.051,10.99,9.483,10.231,8.718,9.908,9.845,8.646,8.897,10.155,7.815,11.871,8.591,8.982,10.6,8.507,8.356
312.03,15,10.442,8.777,11.216,9.834,10.858,9.233,10.962,11,9.586,10.208,8.748,9.959,9.759,8.585,8.81,10.137,7.822,11.824,8.56,8.966,10.585,8.514,8.381
313.03,15,10.517,8.797,11.254,9.798,10.804,9.26,10.95,10.925,9.561,10.116,8.737,9.962,9.751,8.534,8.8,10.216,7.803,11.76,8.526,8.941,10.53,8.428,8.335
314.03,15,10.405,8.801,11.288,9.816,10.755,9.254,11.017,10.932,9.566,10.158,8.712,9.954,9.823,8.562,8.749,10.173,7.813,11.763,8.628,8.967,10.536,8.575,8.396
315.03,15,10.491,8.813,11.147,9.824,10.775,9.194,11.032,10.928,9.61,10.149,8.753,9.902,9.797,8.508,8.733,10.151,7.802,11.778,8.569,8.994,10.578,8.506,8.326
316.03,15,10.478,8.83,11.13,9.864,10.712,9.192,11.044,10.894,9.58,10.055,8.697,9.926,9.835,8.531,8.67,10.162,7.85,11.781,8.55,8.985,10.544,8.519,8.263
317.03,15,10.425,8.8,11.132,9.816,10.797,9.241,11.016,10.867,9.57,10.001,8.71,9.956,9.785,8.548,8.638,10.159,7.825,11.795,8.563,8.972,10.52,8.519,8.368
318.03,15,10.466,8.802,11.058,9.879,10.792,9.223,11.013,10.796,9.561,9.88,8.723,9.883,9.826,8.468,8.644,10.23,7.832,11.792,8.573,8.97,10.608,8.524,8.373
319.03,15,10.447,8.849,10.965,9.855,10.815,9.263,10.983,10.8,9.585,9.854,8.71,9.895,9.735,8.507,8.637,10.183,7.813,11.847,8.568,8.995,10.591,8.448,8.402
320.03,15,10.414,8.821,10.977,9.812,10.764,9.181,10.941,10.799,9.512,9.74,8.789,9.921,9.831,8.562,8.615,10.175,7.8,11.769,8.602,9.008,10.521,8.552,8.368
321.03,15,10.459,8.747,10.906,9.896,10.751,9.261,11.046,10.713,9.472,9.693,8.735,9.971,9.766,8.512,8.643,10.101,7.867,11.754,8.501,8.979,10.643,8.507,8.326
322.03,15,10.424,8.828,10.844,9.902,10.726,9.182,10.98,10.71,9.535,9.586,8.709,9.862,9.806,8.595,8.644,10.119,7.819,11.753,8.495,8.915,10.587,8.451,8.414
323.03,15,10.42,8.81,10.807,9.866,10.752,9.231,10.967,10.654,9.554,9.534,8.759,9.946,9.82,8.597,8.66,10.098,7.815,11.725,8.585,8.904,10.556,8.467,8.359
324.03,15,10.434,8.805,10.688,9.803,10.805,9.255,10.957,10.6,9.6,9.407,8.736,9.887,9.815,8.579,8.62,10.152,7.917,11.754,8.595,8.967,10.498,8.549,8.345
325.03,15,10.438,8.825,10.615,9.808,10.753,9.226,10.996,10.597,9.514,9.337,8.702,9.923,9.787,8.535,8.612,10.148,7.848,11.785,8.577,8.935,10.535,8.572,8.357
326.03,15,10.441,8.822,10.56,9.766,10.736,9.207,10.886,10.65,9.567,9.319,8.695,9.922,9.799,8.519,8.613,10.162,7.808,11.767,8.562,8.892,10.528,8.519,8.345
327.03,15,10.389,8.915,10.494,9.792,10.752,9.279,10.979,10.526,9.555,9.228,8.733,9.943,9.758,8.575,8.641,10.145,7.844,11.824,8.617,8.966,10.531,8.526,8.389
328.03,15,10.394,8.751,10.387,9.86,10.725,9.209,10.966,10.554,9.588,9.129,8.735,9.886,9.72,8.505,8.597,10.187,7.811,11.753,8.532,8.975,10.64,8.475,8.413
329.03,15,10.399,8.794,10.314,9.861,10.745,9.253,10.881,10.542,9.539,9.14,8.789,10.007,9.743,8.623,8.64,10.182,7.778,11.68,8.511,8.939,10.587,8.484,8.415
330.03,15,10.45,8.82,10.311,9.817,10.742,9.272,10.974,10.451,9.575,9.01,8.737,9.924,9.745,8.6,8.639,10.174,7.825,11.717,8.493,9.01,10.596,8.499,8.384
331.03,15,10.373,8.805,10.212,9.79,10.819,9.263,11.054,10.493,9.575,8.939,8.748,9.896,9.668,8.55,8.609,10.175,7.792,11.664,8.598,8.997,10.608,8.487,8.351
332.03,15,10.475,8.794,10.142,9.824,10.754,9.276,10.994,10.503,9.54,8.95,8.708,9.94,9.723,8.599,8.588,10.255,7.803,11.575,8.523,8.991,10.575,8.479,8.35
333.03,15,10.477,8.757,10.114,9.852,10.688,9.312,10.942,10.4,9.572,8.895,8.687,9.867,9.76,8.552,8.589,10.239,7.823,11.461,8.574,8.937,10.572,8.473,8.345
334.03,15,10.421,8.818,10.159,9.904,10.76,9.24,10.983,10.404,9.563,8.783,8.747,9.931,9.685,8.571,8.636,10.144,7.774,11.393,8.569,8.979,10.589,8.538,8.325
335.03,15,10.449,8.828,10.043,9.887,10.7,9.21,10.979,10.398,9.605,8.813,8.766,9.909,9.738,8.581,8.615,10.227,7.89,11.236,8.559,9.047,10.548,8.447,8.364
336.03,15,10.415,8.751,10.03,9.84,10.71,9.226,11.014,10.412,9.538,8.799,8.774,9.941,9.771,8.535,8.61,10.28,7.813,11.182,8.583,9.005,10.545,8.488,8.346
337.03,15,10.368,8.812,9.971,9.898,10.732,9.24,10.94,10.464,9.523,8.774,8.685,9.879,9.675,8.558,8.64,10.182,7.783,11.014,8.579,8.994,10.606,8.443,8.365
338.03,15,10.523,8.845,9.957,9.944,10.666,9.263,10.922,10.474,9.533,8.745,8.752,9.98,9.703,8.583,8.621,10.254,7.839,10.884,8.582,9.059,10.561,8.511,8.327
339.03,15,10.464,8.774,9.903,9.888,10.653,9.237,10.896,10.396,9.533,8.777,8.724,9.895,9.676,8.525,8.601,10.238,7.865,10.774,8.488,9.005,10.626,8.439,8.351
340.03,15,10.412,8.876,9.933,9.845,10.763,9.198,10.905,10.425,9.529,8.797,8.783,9.854,9.672,8.515,8.561,10.289,7.784,10.553,8.627,8.958,10.606,8.476,8.359
341.03,15,10.429,8.8,9.937,9.844,10.72,9.236,11.004,10.476,9.574,8.791,8.747,9.907,9.667,8.518,8.554,10.227,7.803,10.417,8.577,8.919,10.643,8.52,8.4
342.03,15,10.446,8.851,9.971,9.872,10.684,9.246,10.941,10.376,9.495,8.808,8.776,9.925,9.677,8.546,8.6,10.206,7.732,10.255,8.59,8.961,10.608,8.527,8.374
343.03,15,10.42,8.767,9.985,9.868,10.753,9.216,11.029,10.436,9.536,8.747,8.725,9.92,9.781,8.536,8.626,10.252,7.795,10.141,8.556,8.932,10.636,8.531,8.361
344.03,15,10.476,8.773,9.963,9.809,10.638,9.245,10.975,10.465,9.557,8.794,8.746,9.891,9.685,8.604,8.603,10.185,7.867,9.968,8.61,8.963,10.642,8.575,8.309
345.03,15,10.387,8.785,9.939,9.834,10.739,9.262,10.996,10.438,9.581,8.757,8.651,9.923,9.684,8.526,8.618,10.269,7.798,9.776,8.592,8.975,10.612,8.546,8.348
346.03,15,10.384,8.743,9.924,9.896,10.756,9.254,10.946,10.455,9.502,8.752,8.732,9.851,9.668,8.599,8.591,10.219,7.801,9.654,8.617,8.938,10.591,8.516,8.359
347.03,15,10.399,8.776,9.954,9.81,10.764,9.235,10.934,10.388,9.593,8.779,8.699,9.922,9.651,8.578,8.543,10.237,7.769,9.559,8.581,8.908,10.644,8.406,8.283
348.03,15,10.5,8.805,9.913,9.876,10.659,9.3,11.028,10.36,9.564,8.82,8.763,9.919,9.723,8.511,8.602,10.224,7.83,9.431,8.584,9.059,10.599,8.469,8.317
349.03,15,10.391,8.76,9.931,9.801,10.683,9.291,10.978,10.409,9.567,8.818,8.77,9.898,9.694,8.511,8.578,10.291,7.818,9.349,8.6,8.946,10.529,8.538,8.405
350.03,15,10.454,8.787,10.015,9.813,10.754,9.234,10.997,10.396,9.49,8.834,8.671,9.864,9.631,8.529,8.619,10.275,7.831,9.223,8.485,8.939,10.598,8.491,8.373
351.03,15,10.426,8.805,9.952,9.835,10.688,9.23,10.867,10.425,9.571,8.77,8.694,9.888,9.639,8.556,8.536,10.186,7.857,9.167,8.56,8.975,10.582,8.468,8.368
352.03,15,10.484,8.839,9.934,9.895,10.711,9.255,10.929,10.382,9.55,8.828,8.72,9.934,9.644,8.511,8.599,10.184,7.817,9.026,8.588,9.003,10.554,8.502,8.347
353.03,15,10.508,8.799,10,9.793,10.684,9.234,10.97,10.427,9.538,8.749,8.734,9.883,9.675,8.561,8.563,10.201,7.787,9.081,8.496,8.974,10.579,8.493,8.37
354.03,15,10.452,8.801,9.944,9.829,10.73,9.228,10.943,10.373,9.571,8.773,8.699,9.866,9.65,8.591,8.558,10.197,7.808,8.928,8.548,8.984,10.579,8.445,8.409
355.03,15,10.429,8.8,9.932,9.804,10.711,9.208,10.963,10.455,9.53,8.811,8.703,9.925,9.727,8.558,8.558,10.192,7.833,8.906,8.524,8.985,10.605,8.45,8.314
356.03,15,10.47,8.793,9.949,9.82,10.732,9.244,10.987,10.409,9.501,8.835,8.796,9.889,9.652,8.475,8.589,10.208,7.813,8.942,8.554,8.919,10.555,8.452,8.392
357.03,15,10.507,8.756,10,9.772,10.706,9.198,10.96,10.464,9.575,8.734,8.728,9.917,9.715,8.483,8.507,10.251,7.775,8.902,8.505,8.935,10.627,8.468,8.343
358.03,15,10.458,8.772,9.85,9.817,10.694,9.205,10.998,10.442,9.507,8.778,8.694,9.895,9.637,8.548,8.51,10.193,7.797,8.904,8.609,8.997,10.579,8.463,8.363
359.03,15,10.485,8.747,9.97,9.876,10.661,9.254,10.981,10.46,9.573,8.79,8.721,9.944,9.628,8.523,8.591,10.188,7.811,8.956,8.536,8.997,10.6,8.475,8.345
360.03,15,10.448,8.721,9.953,9.868,10.68,9.277,11.018,10.37,9.504,8.814,8.79,9.905,9.681,8.544,8.544,10.156,7.858,8.929,8.595,8.921,10.573,8.406,8.328
361.03,15,10.469,8.789,9.93,9.908,10.732,9.213,10.961,10.398,9.518,8.723,8.717,9.95,9.67,8.533,8.587,10.189,7.753,8.863,8.57,8.95,10.535,8.473,8.355
362.03,15,10.43,8.827,9.921,9.837,10.683,9.194,11.004,10.457,9.553,8.739,8.741,9.914,9.681,8.546,8.535,10.147,7.803,8.906,8.51,8.922,10.577,8.511,8.323
363.03,15,10.393,8.832,9.958,9.868,10.692,9.195,10.953,10.446,9.512,8.812,8.706,9.874,9.675,8.554,8.547,10.244,7.848,8.937,8.58,8.961,10.611,8.482,8.349
364.03,15,10.486,8.821,9.941,9.812,10.674,9.212,10.95,10.442,9.522,8.756,8.778,9.895,9.622,8.497,8.59,10.131,7.83,8.912,8.626,8.93,10.588,8.448,8.385
365.03,15,10.464,8.741,9.917,9.873,10.72,9.217,10.941,10.421,9.567,8.769,8.701,9.93,9.672,8.499,8.551,10.128,7.778,8.879,8.555,8.996,10.6,8.478,8.41
366.03,15,10.459,8.735,9.888,9.848,10.704,9.198,10.932,10.433,9.573,8.795,8.716,9.867,9.604,8.545,8.607,10.204,7.812,8.961,8.562,9.037,10.652,8.494,8.371
367.03,15,10.428,8.768,9.955,9.912,10.729,9.234,10.919,10.424,9.526,8.746,8.729,9.858,9.689,8.528,8.536,10.147,7.836,8.923,8.616,8.921,10.677,8.44,8.393
368.03,15,10.396,8.77,9.898,9.824,10.706,9.181,10.951,10.494,9.516,8.77,8.715,9.898,9.707,8.53,8.544,10.215,7.817,8.945,8.514,8.979,10.602,8.473,8.385
369.03,15,10.341,8.759,9.906,9.769,10.711,9.234,10.91,10.448,9.549,8.802,8.737,9.924,9.609,8.575,8.53,10.175,7.814,8.908,8.62,8.991,10.586,8.414,8.282
370.03,15,10.407,8.749,9.918,9.824,10.759,9.206,11.004,10.387,9.542,8.787,8.705,9.919,9.678,8.574,8.614,10.211,7.787,8.895,8.544,8.985,10.562,8.479,8.334
371.03,15,10.377,8.807,9.935,9.825,10.709,9.215,10.979,10.459,9.575,8.797,8.745,9.9,9.649,8.563,8.557,10.196,7.705,8.898,8.587,8.989,10.568,8.47,8.319
372.03,15,10.396,8.804,9.934,9.869,10.703,9.246,10.936,10.442,9.476,8.768,8.752,9.897,9.685,8.506,8.608,10.178,7.797,8.902,8.5,8.92,10.528,8.531,8.334
373.03,15,10.312,8.753,9.939,9.816,10.702,9.255,10.962,10.401,9.49,8.76,8.776,9.868,9.631,8.529,8.578,10.256,7.74,8.874,8.62,8.991,10.56,8.433,8.352
374.03,15,10.398,8.73,9.923,9.747,10.666,9.227,10.963,10.4,9.533,8.787,8.757,9.88,9.542,8.484,8.509,10.301,7.825,8.887,8.514,8.967,10.535,8.407,8.403
375.03,15,10.405,8.789,9.903,9.813,10.773,9.18,11,10.363,9.511,8.776,8.726,9.906,9.537,8.493,8.584,10.23,7.843,8.886,8.517,8.93,10.568,8.473,8.371
376.03,15,10.44,8.758,9.939,9.725,10.735,9.149,10.959,10.439,9.476,8.782,8.702,9.898,9.579,8.487,8.614,10.281,7.81,8.898,8.544,8.938,10.563,8.59,8.328
377.03,15,10.387,8.755,9.966,9.633,10.785,9.216,10.965,10.409,9.538,8.763,8.739,9.918,9.496,8.469,8.554,10.238,7.777,8.909,8.552,9.01,10.522,8.483,8.365
378.03,15,10.398,8.716,9.94,9.658,10.754,9.203,10.964,10.454,9.55,8.8,8.744,9.908,9.436,8.438,8.566,10.21,7.773,8.841,8.583,8.962,10.525,8.474,8.312
379.03,15,10.376,8.739,9.922,9.595,10.793,9.207,10.888,10.486,9.578,8.783,8.672,9.956,9.424,8.482,8.498,10.182,7.782,8.889,8.504,8.978,10.527,8.461,8.327
380.03,15,10.286,8.762,9.981,9.558,10.777,9.199,10.916,10.44,9.523,8.807,8.709,9.847,9.296,8.565,8.595,10.251,7.774,8.915,8.511,8.998,10.474,8.495,8.321
381.03,15,10.259,8.761,9.887,9.525,10.752,9.22,10.972,10.43,9.543,8.777,8.702,9.875,9.193,8.613,8.584,10.126,7.816,8.9,8.56,8.965,10.593,8.45,8.317
382.03,15,10.346,8.768,9.895,9.461,10.714,9.27,10.975,10.45,9.452,8.788,8.716,9.843,9.116,8.468,8.574,10.147,7.823,8.919,8.588,8.928,10.529,8.498,8.377
383.03,15,10.294,8.755,9.976,9.368,10.725,9.207,11.011,10.403,9.523,8.752,8.665,9.917,9.054,8.565,8.564,10.044,7.861,8.941,8.526,8.952,10.535,8.482,8.302
384.03,15,10.31,8.739,9.983,9.283,10.739,9.182,10.976,10.45,9.591,8.769,8.724,9.925,9.005,8.596,8.579,9.972,7.825,8.909,8.539,8.995,10.608,8.49,8.394
385.03,15,10.244,8.782,9.973,9.3,10.783,9.23,10.929,10.405,9.522,8.738,8.718,9.932,8.992,8.52,8.518,9.955,7.799,8.912,8.515,8.926,10.52,8.477,8.354
386.03,15,10.228,8.74,9.904,9.137,10.689,9.202,10.91,10.401,9.588,8.732,8.704,9.839,8.879,8.547,8.516,9.885,7.804,8.882,8.55,8.95,10.484,8.398,8.348
387.03,15,10.117,8.792,9.917,9.018,10.774,9.21,10.84,10.383,9.566,8.78,8.695,9.9,8.857,8.51,8.559,9.759,7.682,8.909,8.516,8.912,10.558,8.448,8.357
388.03,15,10.086,8.766,9.901,9.041,10.727,9.293,10.758,10.4,9.543,8.782,8.673,9.874,8.762,8.515,8.529,9.696,7.8,8.885,8.5,8.957,10.462,8.508,8.244
389.03,15,10.068,8.805,9.91,8.942,10.707,9.203,10.649,10.416,9.501,8.78,8.754,9.97,8.63,8.457,8.573,9.504,7.752,8.883,8.568,8.984,10.522,8.531,8.294
390.03,15,10.07,8.777,9.925,8.866,10.707,9.242,10.636,10.406,9.522,8.801,8.691,9.915,8.617,8.533,8.55,9.453,7.848,8.909,8.511,8.877,10.527,8.532,8.342
391.03,15,10.066,8.75,9.908,8.878,10.637,9.163,10.591,10.399,9.546,8.819,8.708,9.964,8.541,8.514,8.514,9.308,7.784,8.939,8.594,8.965,10.509,8.499,8.339
392.03,15,9.993,8.738,9.946,8.711,10.686,9.201,10.506,10.467,9.523,8.753,8.693,9.907,8.49,8.49,8.563,9.254,7.778,8.881,8.559,8.966,10.585,8.484,8.36
393.03,15,9.941,8.756,9.898,8.681,10.749,9.2,10.395,10.418,9.496,8.758,8.661,9.949,8.425,8.532,8.491,9.066,7.793,8.856,8.526,8.934,10.434,8.483,8.31
394.03,15,9.908,8.774,9.93,8.604,10.748,9.19,10.303,10.418,9.564,8.735,8.8,9.959,8.425,8.531,8.613,8.947,7.77,8.898,8.539,8.951,10.57,8.466,8.378
395.03,15,9.863,8.766,9.938,8.555,10.764,9.234,10.177,10.43,9.525,8.794,8.709,9.917,8.38,8.531,8.516,8.838,7.772,8.933,8.499,8.959,10.524,8.479,8.381
396.03,15,9.772,8.727,9.917,8.545,10.697,9.222,10.136,10.388,9.536,8.789,8.673,9.944,8.289,8.486,8.529,8.668,7.777,8.863,8.582,8.961,10.504,8.48,8.282
397.03,15,9.709,8.799,9.936,8.446,10.719,9.199,9.955,10.399,9.525,8.753,8.746,9.902,8.276,8.511,8.596,8.551,7.746,8.903,8.501,8.926,10.486,8.429,8.359
398.03,15,9.693,8.703,9.884,8.506,10.674,9.195,9.89,10.414,9.504,8.719,8.787,9.885,8.313,8.502,8.544,8.414,7.791,8.896,8.557,8.963,10.477,8.503,8.334
399.03,15,9.69,8.777,9.873,8.428,10.749,9.247,9.83,10.431,9.509,8.777,8.696,9.952,8.266,8.534,8.501,8.407,7.814,8.964,8.493,8.956,10.56,8.512,8.364
400.03,15,9.639,8.738,9.9,8.415,10.815,9.214,9.719,10.399,9.57,8.736,8.684,9.941,8.192,8.574,8.584,8.254,7.755,8.969,8.52,8.967,10.51,8.484,8.313
401.03,15,9.554,8.872,9.897,8.358,10.761,9.255,9.64,10.417,9.522,8.766,8.668,9.942,8.213,8.519,8.561,8.131,7.808,8.841,8.585,9.007,10.554,8.449,8.369
402.03,15,9.51,8.769,9.934,8.405,10.778,9.19,9.575,10.424,9.537,8.809,8.733,9.916,8.232,8.509,8.566,8.025,7.771,8.873,8.573,8.941,10.517,8.398,8.342
403.03,15,9.538,8.807,9.914,8.381,10.743,9.241,9.528,10.424,9.568,8.717,8.662,9.952,8.192,8.483,8.513,7.96,7.725,8.85,8.582,8.963,10.439,8.452,8.346
404.03,15,9.38,8.834,9.878,8.386,10.787,9.251,9.368,10.389,9.541,8.78,8.654,9.905,8.271,8.544,8.526,7.972,7.826,8.842,8.547,8.99,10.504,8.43,8.336
405.03,15,9.472,8.803,9.855,8.499,10.774,9.172,9.299,10.373,9.529,8.719,8.684,9.911,8.237,8.454,8.528,7.917,7.784,8.937,8.483,8.944,10.49,8.478,8.305
406.03,15,9.509,8.771,9.919,8.409,10.699,9.181,9.311,10.411,9.542,8.738,8.718,9.958,8.208,8.499,8.561,7.799,7.795,8.877,8.535,8.979,10.541,8.517,8.355
407.03,15,9.383,8.71,9.854,8.443,10.743,9.2,9.248,10.458,9.509,8.804,8.753,9.955,8.282,8.537,8.503,7.825,7.817,8.918,8.541,8.839,10.556,8.433,8.257
408.03,15,9.477,8.805,9.932,8.405,10.72,9.246,9.206,10.442,9.55,8.788,8.709,9.914,8.174,8.46,8.507,7.792,7.812,8.911,8.53,8.977,10.53,8.466,8.317
409.03,15,9.49,8.789,9.933,8.388,10.652,9.181,9.163,10.386,9.555,8.718,8.714,9.959,8.224,8.56,8.524,7.782,7.775,8.861,8.52,8.919,10.456,8.486,8.329
410.03,15,9.484,8.839,9.935,8.373,10.689,9.211,9.21,10.384,9.52,8.798,8.756,9.958,8.151,8.49,8.517,7.805,7.759,8.852,8.522,8.92,10.532,8.448,8.315
411.03,15,9.458,8.745,9.862,8.443,10.685,9.261,9.166,10.331,9.435,8.756,8.714,9.909,8.207,8.528,8.499,7.762,7.777,8.872,8.48,8.981,10.545,8.443,8.386
412.03,15,9.457,8.766,9.929,8.409,10.619,9.192,9.152,10.454,9.497,8.727,8.691,9.968,8.238,8.54,8.583,7.869,7.767,8.929,8.582,8.954,10.563,8.395,8.368
413.03,15,9.491,8.828,9.879,8.399,10.546,9.213,9.15,10.428,9.525,8.71,8.72,9.966,8.25,8.518,8.536,7.749,7.796,8.925,8.462,8.971,10.521,8.433,8.33
414.03,15,9.454,8.782,9.909,8.386,10.52,9.224,9.157,10.483,9.556,8.776,8.728,9.896,8.16,8.574,8.506,7.775,7.741,8.881,8.487,8.936,10.493,8.457,8.311
415.03,15,9.461,8.796,9.921,8.414,10.47,9.162,9.137,10.486,9.49,8.733,8.679,9.936,8.183,8.53,8.539,7.776,7.783,8.838,8.49,8.918,10.541,8.462,8.378
416.03,15,9.418,8.725,9.89,8.371,10.426,9.226,9.14,10.411,9.492,8.762,8.717,9.968,8.22,8.497,8.513,7.824,7.827,8.905,8.587,8.936,10.479,8.466,8.32
417.03,15,9.423,8.778,9.901,8.403,10.359,9.175,9.131,10.351,9.611,8.756,8.691,9.89,8.248,8.534,8.523,7.777,7.775,8.897,8.573,8.962,10.519,8.415,8.36
418.03,15,9.477,8.748,9.991,8.476,10.286,9.222,9.08,10.393,9.539,8.817,8.735,9.976,8.2,8.485,8.593,7.773,7.823,8.852,8.492,8.932,10.584,8.438,8.337
419.03,15,9.421,8.789,9.901,8.389,10.21,9.276,9.148,10.39,9.535,8.756,8.693,9.924,8.181,8.521,8.596,7.76,7.825,8.834,8.598,8.88,10.568,8.429,8.293
420.03,15,9.447,8.723,9.906,8.428,10.084,9.16,9.194,10.426,9.534,8.755,8.648,9.923,8.213,8.49,8.553,7.764,7.81,8.875,8.558,8.958,10.544,8.427,8.294
421.03,15,9.478,8.771,9.907,8.399,10.086,9.184,9.158,10.321,9.502,8.753,8.735,9.897,8.169,8.484,8.488,7.751,7.78,8.959,8.531,9.002,10.568,8.452,8.315
422.03,15,9.523,8.787,9.895,8.44,9.945,9.195,9.102,10.446,9.477,8.793,8.666,9.918,8.192,8.514,8.515,7.803,7.846,8.988,8.517,8.938,10.589,8.465,8.37
423.03,15,9.483,8.769,9.924,8.439,9.958,9.22,9.088,10.35,9.576,8.752,8.654,9.859,8.231,8.548,8.57,7.799,7.815,8.942,8.552,8.938,10.533,8.455,8.348
424.03,15,9.488,8.797,9.859,8.384,9.823,9.235,9.131,10.41,9.532,8.712,8.758,9.828,8.262,8.512,8.496,7.747,7.794,8.835,8.563,8.952,10.471,8.483,8.355
425.03,15,9.54,8.761,9.925,8.384,9.8,9.218,9.158,10.431,9.518,8.726,8.705,9.765,8.182,8.521,8.521,7.801,7.808,8.834,8.564,8.874,10.538,8.455,8.325
426.03,15,9.509,8.79,9.934,8.388,9.702,9.17,9.142,10.352,9.534,8.744,8.718,9.723,8.169,8.488,8.559,7.802,7.889,8.889,8.544,8.899,10.509,8.416,8.349
427.03,15,9.509,8.727,9.944,8.349,9.644,9.266,9.118,10.436,9.465,8.767,8.769,9.673,8.234,8.547,8.539,7.823,7.762,8.903,8.495,8.977,10.561,8.469,8.391
428.03,15,9.528,8.768,9.862,8.384,9.573,9.231,9.145,10.423,9.498,8.761,8.788,9.637,8.277,8.492,8.585,7.811,7.835,8.898,8.47,8.961,10.575,8.436,8.293
429.03,15,9.506,8.72,9.922,8.355,9.617,9.213,9.179,10.401,9.52,8.763,8.697,9.599,8.206,8.483,8.496,7.741,7.827,8.855,8.486,8.928,10.494,8.434,8.365
430.03,15,9.443,8.775,9.961,8.396,9.504,9.148,9.195,10.402,9.504,8.797,8.709,9.491,8.212,8.48,8.562,7.84,7.811,8.901,8.504,8.891,10.564,8.421,8.311
431.03,15,9.446,8.729,9.915,8.427,9.442,9.166,9.085,10.433,9.523,8.706,8.741,9.449,8.247,8.517,8.554,7.806,7.856,8.91,8.509,8.923,10.509,8.466,8.271
432.03,15,9.459,8.771,9.909,8.429,9.461,9.184,9.126,10.441,9.482,8.812,8.693,9.376,8.232,8.598,8.499,7.811,7.768,8.888,8.553,8.916,10.553,8.475,8.323
433.03,15,9.466,8.809,9.926,8.444,9.398,9.146,9.153,10.38,9.432,8.771,8.756,9.261,8.17,8.534,8.5,7.76,7.77,8.853,8.476,8.911,10.556,8.419,8.367
434.03,15,9.494,8.803,9.892,8.422,9.376,9.214,9.142,10.37,9.465,8.768,8.709,9.287,8.211,8.476,8.475,7.773,7.789,8.871,8.491,8.94,10.535,8.405,8.399
435.03,15,9.417,8.746,9.958,8.393,9.443,9.211,9.135,10.367,9.535,8.757,8.701,9.165,8.157,8.549,8.513,7.826,7.79,8.877,8.517,8.954,10.473,8.492,8.265
436.03,15,9.473,8.727,9.96,8.445,9.388,9.198,9.146,10.337,9.464,8.763,8.719,9.156,8.26,8.476,8.492,7.802,7.728,8.848,8.503,8.915,10.488,8.463,8.301
437.03,15,9.464,8.734,9.912,8.415,9.413,9.235,9.137,10.397,9.549,8.79,8.68,9.11,8.187,8.485,8.44,7.799,7.752,8.848,8.583,8.968,10.476,8.491,8.272
438.03,15,9.458,8.675,9.927,8.36,9.34,9.165,9.172,10.398,9.498,8.755,8.671,9.114,8.154,8.452,8.558,7.807,7.732,8.92,8.571,8.955,10.456,8.411,8.294
439.03,15,9.429,8.766,9.891,8.402,9.397,9.157,9.127,10.432,9.492,8.728,8.689,9.003,8.209,8.475,8.46,7.81,7.775,8.875,8.512,8.989,10.518,8.461,8.283
440.03,15,9.434,8.799,9.944,8.355,9.424,9.186,9.201,10.399,9.475,8.837,8.664,9.02,8.249,8.46,8.575,7.764,7.739,8.868,8.523,8.938,10.443,8.49,8.338
441.03,15,9.47,8.744,9.954,8.427,9.379,9.155,9.184,10.433,9.466,8.83,8.709,9.001,8.188,8.501,8.53,7.812,7.78,8.866,8.569,8.918,10.369,8.409,8.268
442.03,15,9.51,8.713,9.857,8.375,9.388,9.182,9.193,10.443,9.509,8.725,8.706,8.911,8.284,8.521,8.479,7.706,7.779,8.864,8.495,8.874,10.37,8.426,8.323
443.03,15,9.499,8.809,9.846,8.356,9.39,9.141,9.105,10.387,9.522,8.758,8.667,8.957,8.195,8.443,8.524,7.766,7.749,8.888,8.52,8.87,10.342,8.493,8.339
444.03,15,9.457,8.718,9.868,8.361,9.403,9.193,9.122,10.397,9.468,8.752,8.727,8.878,8.189,8.479,8.496,7.779,7.764,8.836,8.496,8.96,10.286,8.445,8.332
445.03,15,9.458,8.748,9.936,8.38,9.397,9.179,9.144,10.36,9.471,8.75,8.722,8.89,8.224,8.522,8.524,7.711,7.78,8.91,8.501,8.946,10.165,8.49,8.305
446.03,15,9.524,8.732,9.862,8.44,9.42,9.199,9.152,10.454,9.507,8.724,8.662,8.894,8.207,8.455,8.502,7.759,7.805,8.852,8.456,8.975,10.146,8.453,8.301
447.03,15,9.507,8.72,9.914,8.435,9.416,9.179,9.053,10.332,9.484,8.781,8.702,8.935,8.223,8.479,8.46,7.79,7.798,8.854,8.489,8.894,10.151,8.446,8.295
448.03,15,9.457,8.77,9.925,8.442,9.36,9.158,9.072,10.411,9.484,8.79,8.686,8.858,8.156,8.571,8.488,7.777,7.819,8.813,8.463,8.979,9.972,8.392,8.315
449.03,15,9.441,8.759,9.877,8.391,9.365,9.192,9.093,10.368,9.49,8.698,8.665,8.832,8.22,8.542,8.482,7.789,7.818,8.888,8.566,8.925,9.883,8.404,8.301
450.03,15,9.428,8.714,9.81,8.423,9.396,9.202,9.17,10.37,9.478,8.816,8.701,8.915,8.224,8.532,8.497,7.804,7.73,8.915,8.439,8.943,9.899,8.43,8.39
451.03,15,9.51,8.791,9.941,8.421,9.372,9.16,9.136,10.389,9.461,8.705,8.721,8.926,8.236,8.574,8.433,7.774,7.76,8.854,8.547,8.885,9.848,8.44,8.241
452.03,15,9.439,8.723,9.88,8.376,9.374,9.161,9.133,10.33,9.467,8.755,8.723,8.898,8.184,8.55,8.471,7.736,7.759,8.832,8.453,8.916,9.732,8.47,8.308
453.03,15,9.486,8.753,9.893,8.339,9.444,9.155,9.133,10.378,9.526,8.768,8.735,8.849,8.191,8.47,8.521,7.71,7.756,8.916,8.531,8.905,9.717,8.412,8.34
454.03,15,9.516,8.74,9.897,8.42,9.421,9.172,9.203,10.348,9.478,8.744,8.697,8.868,8.194,8.466,8.448,7.775,7.806,8.873,8.515,8.915,9.669,8.446,8.371
455.03,15,9.498,8.756,9.838,8.351,9.414,9.195,9.137,10.45,9.513,8.762,8.65,8.907,8.144,8.514,8.498,7.703,7.773,8.92,8.582,8.981,9.553,8.464,8.346
456.03,15,9.429,8.748,9.913,8.373,9.377,9.163,9.144,10.369,9.567,8.825,8.717,8.879,8.26,8.5,8.46,7.792,7.782,8.926,8.468,8.878,9.529,8.454,8.33
457.03,15,9.488,8.737,9.835,8.369,9.405,9.25,9.136,10.386,9.424,8.773,8.686,8.83,8.2,8.498,8.422,7.746,7.79,8.838,8.513,8.936,9.521,8.422,8.276
458.03,15,9.454,8.679,9.921,8.368,9.398,9.174,9.101,10.458,9.51,8.83,8.732,8.915,8.25,8.508,8.491,7.733,7.77,8.887,8.524,8.909,9.449,8.455,8.328
459.03,15,9.481,8.768,9.899,8.42,9.408,9.245,9.153,10.375,9.546,8.822,8.702,8.867,8.235,8.478,8.543,7.714,7.779,8.825,8.529,8.964,9.451,8.463,8.294
460.03,15,9.388,8.796,9.881,8.355,9.385,9.194,9.188,10.358,9.494,8.749,8.775,8.866,8.141,8.475,8.505,7.762,7.712,8.932,8.55,8.873,9.389,8.345,8.356
461.03,15,9.478,8.789,9.883,8.427,9.424,9.158,9.133,10.401,9.449,8.749,8.666,8.815,8.182,8.504,8.458,7.781,7.762,8.862,8.531,8.9,9.416,8.36,8.374
462.03,15,9.405,8.71,9.852,8.383,9.413,9.144,9.179,10.421,9.517,8.725,8.698,8.81,8.156,8.478,8.457,7.792,7.796,8.862,8.506,8.897,9.343,8.446,8.322
463.03,15,9.462,8.772,9.891,8.384,9.398,9.151,9.103,10.381,9.494,8.779,8.651,8.937,8.169,8.503,8.507,7.708,7.779,8.896,8.44,8.944,9.419,8.406,8.308
464.03,15,9.456,8.73,9.81,8.422,9.371,9.224,9.157,10.371,9.481,8.746,8.671,8.812,8.223,8.551,8.458,7.759,7.783,8.897,8.518,8.943,9.339,8.482,8.357
465.03,15,9.495,8.827,9.927,8.429,9.307,9.157,9.127,10.445,9.496,8.778,8.648,8.839,8.186,8.499,8.486,7.774,7.752,8.842,8.555,8.879,9.359,8.473,8.376
466.03,15,9.435,8.706,9.898,8.379,9.409,9.152,9.158,10.433,9.454,8.709,8.712,8.872,8.215,8.478,8.517,7.771,7.836,8.885,8.54,8.945,9.374,8.367,8.324
467.03,15,9.436,8.744,9.878,8.348,9.477,9.164,9.156,10.425,9.477,8.746,8.711,8.861,8.19,8.478,8.534,7.755,7.751,8.862,8.512,8.935,9.354,8.473,8.366
468.03,15,9.446,8.757,9.908,8.378,9.406,9.234,9.203,10.362,9.496,8.72,8.705,8.884,8.187,8.475,8.438,7.72,7.738,8.877,8.514,8.904,9.4,8.412,8.286
469.03,15,9.47,8.721,9.936,8.313,9.412,9.18,9.086,10.379,9.546,8.777,8.734,8.823,8.189,8.466,8.462,7.763,7.696,8.892,8.514,8.895,9.396,8.47,8.314
470.03,15,9.511,8.754,9.942,8.413,9.427,9.186,9.179,10.436,9.504,8.75,8.695,8.797,8.133,8.564,8.505,7.77,7.755,8.914,8.466,8.939,9.443,8.393,8.376
471.03,15,9.439,8.71,9.934,8.404,9.332,9.188,9.078,10.358,9.473,8.745,8.741,8.858,8.131,8.47,8.452,7.751,7.758,8.907,8.47,8.88,9.339,8.463,8.311
472.03,15,9.457,8.685,9.844,8.404,9.33,9.186,9.117,10.37,9.47,8.725,8.649,8.769,8.235,8.466,8.425,7.726,7.799,8.889,8.541,8.887,9.287,8.375,8.332
473.03,15,9.394,8.703,9.854,8.419,9.311,9.237,9.153,10.345,9.54,8.791,8.682,8.894,8.194,8.537,8.427,7.761,7.701,8.858,8.536,9.002,9.403,8.403,8.316
474.03,15,9.467,8.781,9.864,8.404,9.386,9.164,9.108,10.394,9.435,8.723,8.71,8.87,8.217,8.513,8.49,7.727,7.747,8.908,8.482,8.978,9.393,8.422,8.313
475.03,15,9.435,8.748,9.942,8.408,9.433,9.157,9.151,10.385,9.488,8.742,8.718,8.838,8.128,8.467,8.475,7.722,7.773,8.851,8.469,8.914,9.388,8.43,8.291
476.03,15,9.456,8.721,9.957,8.412,9.435,9.184,9.173,10.406,9.457,8.75,8.688,8.919,8.193,8.476,8.501,7.792,7.758,8.841,8.461,8.852,9.346,8.404,8.325
477.03,15,9.48,8.689,9.917,8.361,9.306,9.135,9.166,10.407,9.474,8.78,8.669,8.874,8.187,8.446,8.455,7.789,7.759,8.868,8.565,8.881,9.309,8.411,8.283
478.03,15,9.446,8.732,9.89,8.364,9.385,9.199,9.125,10.329,9.486,8.748,8.683,8.888,8.239,8.497,8.476,7.818,7.768,8.865,8.465,8.942,9.402,8.399,8.301
479.03,15,9.438,8.692,9.889,8.349,9.375,9.132,9.146,10.409,9.46,8.748,8.655,8.912,8.162,8.484,8.525,7.754,7.784,8.924,8.573,8.942,9.347,8.458,8.248
480.03,15,9.403,8.774,9.904,8.41,9.365,9.148,9.164,10.298,9.486,8.711,8.671,8.847,8.186,8.457,8.471,7.75,7.766,8.852,8.493,8.941,9.328,8.377,8.327
481.03,15,9.398,8.683,9.87,8.361,9.389,9.182,9.115,10.378,9.439,8.787,8.695,8.821,8.161,8.454,8.539,7.73,7.809,8.892,8.472,8.966,9.318,8.393,8.278
482.03,15,9.472,8.703,9.886,8.392,9.413,9.095,9.122,10.411,9.564,8.778,8.67,8.868,8.158,8.466,8.439,7.787,7.754,8.872,8.508,8.887,9.325,8.384,8.308
483.03,15,9.411,8.711,9.834,8.432,9.401,9.241,9.156,10.364,9.516,8.749,8.744,8.861,8.195,8.476,8.493,7.744,7.728,8.894,8.498,8.999,9.39,8.434,8.282
484.03,15,9.416,8.764,9.878,8.351,9.448,9.153,9.156,10.424,9.502,8.766,8.723,8.874,8.151,8.466,8.488,7.707,7.796,8.859,8.52,8.929,9.374,8.411,8.33
485.03,15,9.48,8.667,9.877,8.405,9.357,9.182,9.147,10.416,9.449,8.742,8.647,8.874,8.175,8.485,8.423,7.713,7.809,8.863,8.513,8.912,9.37,8.399,8.369
486.03,15,9.52,8.672,9.912,8.39,9.366,9.215,9.13,10.328,9.545,8.669,8.751,8.862,8.221,8.442,8.502,7.718,7.771,8.865,8.542,8.977,9.351,8.439,8.264
487.03,15,9.453,8.759,9.888,8.363,9.37,9.172,9.14,10.373,9.526,8.783,8.728,8.867,8.152,8.459,8.508,7.716,7.816,8.809,8.535,8.904,9.324,8.376,8.352
488.03,15,9.527,8.708,9.917,8.391,9.422,9.157,9.174,10.411,9.525,8.782,8.694,8.856,8.126,8.526,8.434,7.745,7.762,8.872,8.47,8.887,9.354,8.435,8.312
489.03,15,9.415,8.692,9.842,8.509,9.396,9.137,9.1,10.362,9.506,8.639,8.674,8.839,8.231,8.505,8.554,7.726,7.727,8.84,8.527,8.91,9.347,8.423,8.307
490.03,15,9.448,8.692,9.85,8.385,9.409,9.208,9.216,10.394,9.479,8.723,8.596,8.85,8.197,8.511,8.453,7.747,7.823,8.887,8.493,8.858,9.394,8.404,8.311
491.03,15,9.445,8.759,9.928,8.304,9.405,9.191,9.122,10.393,9.489,8.736,8.682,8.861,8.159,8.521,8.434,7.698,7.784,8.935,8.455,8.935,9.31,8.376,8.262
492.03,15,9.467,8.785,9.938,8.352,9.43,9.131,9.143,10.385,9.487,8.742,8.645,8.879,8.203,8.515,8.488,7.751,7.831,8.836,8.529,8.926,9.374,8.372,8.309
493.03,15,9.453,8.692,9.833,8.452,9.309,9.112,9.096,10.386,9.444,8.761,8.709,8.918,8.141,8.483,8.461,7.747,7.784,8.816,8.482,8.836,9.33,8.351,8.242
494.03,15,9.473,8.804,9.856,8.389,9.417,9.204,9.091,10.382,9.511,8.809,8.713,8.904,8.203,8.483,8.42,7.768,7.782,8.807,8.454,8.919,9.416,8.412,8.259
495.03,15,9.483,8.733,9.936,8.375,9.371,9.222,9.114,10.328,9.499,8.774,8.678,8.864,8.253,8.489,8.506,7.717,7.73,8.912,8.495,8.916,9.363,8.375,8.306
496.03,15,9.453,8.705,9.928,8.409,9.433,9.131,9.123,10.308,9.463,8.72,8.689,8.834,8.151,8.475,8.352,7.743,7.731,8.803,8.44,8.931,9.301,8.333,8.302
497.03,15,9.448,8.726,9.916,8.381,9.382,9.163,9.139,10.393,9.48,8.728,8.638,8.873,8.201,8.445,8.486,7.776,7.76,8.891,8.499,8.964,9.386,8.383,8.317
498.03,15,9.478,8.776,9.912,8.387,9.409,9.23,9.133,10.423,9.479,8.785,8.74,8.853,8.171,8.476,8.464,7.741,7.691,8.887,8.471,8.936,9.374,8.374,8.341
499.03,15,9.457,8.775,9.921,8.332,9.438,9.15,9.137,10.359,9.508,8.785,8.663,8.859,8.163,8.507,8.443,7.702,7.759,8.922,8.458,8.894,9.355,8.427,8.32
500.03,15,9.463,8.68,9.877,8.387,9.334,9.192,9.102,10.372,9.448,8.733,8.694,8.923,8.206,8.482,8.417,7.703,7.782,8.809,8.46,8.876,9.317,8.438,8.296
501.03,15,9.432,8.751,9.93,8.32,9.371,9.225,9.15,10.356,9.478,8.787,8.654,8.843,8.203,8.458,8.466,7.745,7.788,8.934,8.47,8.902,9.385,8.352,8.257
502.03,15,9.448,8.73,9.902,8.396,9.307,9.165,9.123,10.427,9.481,8.8,8.685,8.865,8.178,8.426,8.447,7.654,7.76,8.871,8.527,8.917,9.32,8.366,8.261
503.03,15,9.383,8.728,9.826,8.356,9.411,9.219,9.107,10.336,9.475,8.707,8.688,8.863,8.19,8.47,8.46,7.707,7.772,8.849,8.487,8.909,9.362,8.428,8.308
504.03,15,9.451,8.706,9.863,8.438,9.405,9.156,9.16,10.385,9.492,8.761,8.669,8.846,8.186,8.45,8.475,7.654,7.748,8.815,8.518,8.855,9.359,8.392,8.294
505.03,15,9.419,8.749,9.888,8.386,9.375,9.23,9.066,10.37,9.471,8.712,8.708,8.834,8.228,8.478,8.455,7.705,7.705,8.814,8.492,8.948,9.37,8.42,8.311
506.03,15,9.514,8.713,9.946,8.374,9.379,9.207,9.144,10.401,9.425,8.717,8.642,8.855,8.238,8.379,8.441,7.769,7.762,8.861,8.48,8.908,9.35,8.375,8.303
507.03,15,9.517,8.745,9.878,8.415,9.357,9.169,9.116,10.406,9.561,8.784,8.635,8.882,8.18,8.531,8.463,7.711,7.73,8.876,8.491,8.913,9.344,8.362,8.277
508.03,15,9.467,8.785,9.88,8.426,9.366,9.192,9.117,10.351,9.545,8.728,8.632,8.824,8.197,8.458,8.413,7.701,7.775,8.907,8.488,8.922,9.349,8.431,8.276
509.03,15,9.46,8.714,9.871,8.359,9.369,9.149,9.132,10.35,9.513,8.756,8.644,8.918,8.248,8.472,8.398,7.734,7.767,8.925,8.5,8.885,9.37,8.458,8.299
510.03,15,9.425,8.75,9.88,8.364,9.41,9.148,9.073,10.429,9.46,8.687,8.682,8.832,8.156,8.496,8.394,7.776,7.711,8.841,8.525,8.91,9.297,8.375,8.27
511.03,15,9.426,8.687,9.866,8.401,9.422,9.193,9.148,10.333,9.416,8.732,8.737,8.915,8.229,8.478,8.495,7.709,7.782,8.808,8.408,8.908,9.289,8.392,8.28
512.03,15,9.414,8.757,9.878,8.378,9.376,9.172,9.14,10.386,9.506,8.812,8.604,8.849,8.195,8.464,8.42,7.725,7.74,8.936,8.467,8.915,9.397,8.288,8.341
513.03,15,9.446,8.662,9.936,8.371,9.417,9.169,9.124,10.326,9.526,8.72,8.663,8.788,8.2,8.437,8.407,7.669,7.771,8.83,8.534,8.91,9.336,8.398,8.261
514.03,15,9.455,8.722,9.883,8.414,9.416,9.161,9.14,10.399,9.464,8.715,8.706,8.809,8.108,8.473,8.426,7.675,7.74,8.828,8.512,8.883,9.299,8.399,8.295
515.03,15,9.378,8.714,9.921,8.381,9.37,9.166,9.153,10.352,9.41,8.683,8.643,8.836,8.142,8.53,8.402,7.752,7.695,8.8,8.5,8.918,9.337,8.419,8.337
516.03,15,9.459,8.726,9.894,8.419,9.352,9.109,9.123,10.379,9.495,8.776,8.639,8.874,8.157,8.428,8.43,7.587,7.795,8.857,8.438,8.932,9.31,8.407,8.293
517.03,15,9.447,8.744,9.921,8.39,9.34,9.164,9.078,10.43,9.496,8.704,8.552,8.875,8.214,8.487,8.391,7.708,7.757,8.796,8.47,8.974,9.313,8.439,8.286
518.03,15,9.469,8.729,9.891,8.446,9.391,9.141,9.113,10.362,9.473,8.738,8.672,8.863,8.174,8.491,8.455,7.732,7.759,8.849,8.479,8.902,9.288,8.346,8.312
519.03,15,9.5,8.728,9.904,8.417,9.377,9.134,9.093,10.39,9.525,8.731,8.664,8.798,8.173,8.487,8.426,7.699,7.761,8.914,8.401,8.898,9.37,8.453,8.269
520.03,15,9.454,8.721,9.825,8.263,9.357,9.141,9.113,10.346,9.473,8.763,8.65,8.824,8.211,8.485,8.409,7.717,7.743,8.913,8.499,8.914,9.347,8.383,8.289
521.03,15,9.459,8.726,9.921,8.344,9.393,9.208,9.126,10.374,9.484,8.748,8.683,8.868,8.162,8.481,8.442,7.734,7.759,8.884,8.51,8.953,9.349,8.418,8.31
522.03,15,9.446,8.691,9.821,8.382,9.402,9.203,9.099,10.349,9.493,8.743,8.694,8.841,8.127,8.481,8.412,7.664,7.778,8.883,8.444,8.95,9.376,8.403,8.255
523.03,15,9.444,8.737,9.823,8.366,9.319,9.147,9.143,10.367,9.476,8.746,8.618,8.862,8.24,8.441,8.405,7.67,7.722,8.911,8.476,8.884,9.432,8.377,8.291
524.03,15,9.377,8.716,9.875,8.416,9.38,9.157,9.059,10.358,9.463,8.765,8.64,8.903,8.178,8.503,8.465,7.704,7.746,8.814,8.464,8.895,9.338,8.441,8.256
525.03,15,9.462,8.716,9.866,8.381,9.346,9.194,9.136,10.363,9.462,8.738,8.673,8.862,8.237,8.392,8.376,7.74,7.726,8.802,8.466,8.906,9.353,8.362,8.263
526.03,15,9.491,8.672,9.905,8.367,9.391,9.102,9.035,10.336,9.48,8.72,8.662,8.831,8.225,8.518,8.388,7.678,7.687,8.884,8.438,8.885,9.336,8.4,8.273
527.03,15,9.373,8.683,9.813,8.339,9.39,9.188,9.139,10.373,9.499,8.691,8.582,8.878,8.216,8.505,8.395,7.692,7.711,8.787,8.46,8.912,9.258,8.291,8.309
528.03,15,9.468,8.708,9.934,8.389,9.328,9.2,9.093,10.29,9.383,8.75,8.616,8.824,8.164,8.46,8.456,7.634,7.781,8.827,8.47,8.929,9.315,8.377,8.255
529.03,15,9.44,8.683,9.87,8.394,9.326,9.157,9.065,10.383,9.487,8.721,8.684,8.886,8.207,8.483,8.434,7.726,7.734,8.864,8.476,8.871,9.372,8.38,8.295
530.03,15,9.499,8.724,9.898,8.355,9.353,9.209,9.174,10.329,9.487,8.734,8.722,8.832,8.22,8.446,8.466,7.657,7.765,8.843,8.432,8.87,9.443,8.371,8.287
531.03,15,9.435,8.73,9.886,8.354,9.424,9.248,9.155,10.356,9.467,8.758,8.694,8.859,8.206,8.436,8.446,7.795,7.781,8.888,8.455,8.886,9.327,8.361,8.314
532.03,15,9.452,8.716,9.85,8.342,9.374,9.2,9.101,10.393,9.452,8.733,8.716,8.822,8.232,8.486,8.382,7.712,7.704,8.881,8.499,8.887,9.342,8.385,8.305
533.03,15,9.441,8.711,9.878,8.313,9.295,9.127,9.122,10.406,9.461,8.661,8.634,8.829,8.218,8.405,8.394,7.74,7.772,8.906,8.444,8.846,9.383,8.415,8.258
534.03,15,9.444,8.706,9.872,8.364,9.342,9.171,9.082,10.382,9.439,8.678,8.639,8.82,8.232,8.413,8.411,7.693,7.764,8.867,8.455,8.908,9.319,8.391,8.316
535.03,15,9.373,8.675,9.849,8.456,9.39,9.123,9.073,10.342,9.527,8.704,8.66,8.811,8.104,8.498,8.485,7.687,7.767,8.842,8.546,8.897,9.356,8.382,8.284
536.03,15,9.433,8.688,9.847,8.362,9.333,9.204,9.112,10.408,9.496,8.78,8.613,8.824,8.142,8.438,8.44,7.722,7.828,8.896,8.49,8.901,9.315,8.36,8.261
537.03,15,9.429,8.653,9.949,8.385,9.34,9.184,9.08,10.381,9.426,8.737,8.684,8.847,8.249,8.453,8.457,7.634,7.726,8.871,8.443,8.95,9.384,8.349,8.308
538.03,15,9.408,8.705,9.844,8.392,9.34,9.116,9.079,10.377,9.492,8.767,8.656,8.895,8.224,8.449,8.405,7.68,7.726,8.936,8.493,8.895,9.364,8.432,8.264
539.03,15,9.429,8.744,9.836,8.405,9.321,9.195,9.173,10.364,9.55,8.747,8.637,8.874,8.16,8.406,8.429,7.677,7.778,8.825,8.452,8.978,9.352,8.461,8.333
540.03,15,9.424,8.707,9.866,8.374,9.376,9.174,9.208,10.429,9.476,8.72,8.645,8.87,8.195,8.432,8.401,7.685,7.741,8.769,8.518,8.908,9.355,8.422,8.292
541.03,15,9.362,8.742,9.834,8.407,9.332,9.171,9.149,10.351,9.397,8.704,8.735,8.866,8.172,8.455,8.392,7.716,7.741,8.873,8.465,8.905,9.323,8.419,8.318
542.03,15,9.384,8.715,9.922,8.364,9.376,9.189,9.084,10.384,9.484,8.701,8.663,8.85,8.154,8.418,8.384,7.67,7.733,8.909,8.448,8.882,9.394,8.378,8.244
543.03,15,9.449,8.741,9.863,8.411,9.377,9.205,9.043,10.266,9.47,8.748,8.671,8.865,8.119,8.382,8.411,7.667,7.783,8.896,8.479,8.958,9.335,8.408,8.254
544.03,15,9.371,8.719,9.81,8.426,9.401,9.103,9.108,10.395,9.407,8.77,8.627,8.867,8.207,8.354,8.445,7.674,7.697,8.908,8.472,8.878,9.449,8.391,8.242
545.03,15,9.434,8.667,9.86,8.365,9.309,9.164,9.106,10.301,9.497,8.735,8.643,8.865,8.22,8.459,8.472,7.691,7.728,8.928,8.448,8.926,9.284,8.339,8.295
546.03,15,9.422,8.691,9.795,8.357,9.355,9.173,9.063,10.275,9.468,8.674,8.73,8.761,8.177,8.516,8.366,7.699,7.773,8.82,8.471,8.945,9.345,8.424,8.242
547.03,15,9.432,8.686,9.838,8.399,9.343,9.157,9.111,10.33,9.415,8.633,8.615,8.831,8.164,8.452,8.387,7.652,7.738,8.917,8.497,8.88,9.391,8.403,8.298
548.03,15,9.437,8.676,9.919,8.407,9.371,9.192,9.186,10.392,9.359,8.672,8.665,8.87,8.128,8.425,8.428,7.705,7.793,8.917,8.433,8.845,9.332,8.33,8.318
549.03,15,9.476,8.767,9.921,8.342,9.444,9.189,9.135,10.382,9.486,8.749,8.599,8.847,8.189,8.414,8.37,7.706,7.721,8.854,8.47,8.876,9.438,8.354,8.274
550.03,15,9.418,8.695,9.837,8.363,9.365,9.106,9.12,10.377,9.461,8.694,8.696,8.882,8.241,8.438,8.364,7.704,7.717,8.835,8.443,8.86,9.364,8.362,8.233
551.03,15,9.416,8.653,9.872,8.39,9.362,9.175,9.12,10.344,9.514,8.739,8.681,8.845,8.152,8.46,8.417,7.706,7.8,8.839,8.464,8.908,9.373,8.315,8.32
552.03,15,9.389,8.724,9.891,8.364,9.316,9.114,9.038,10.382,9.477,8.674,8.679,8.811,8.188,8.442,8.427,7.744,7.724,8.814,8.43,8.84,9.3,8.412,8.295
553.03,15,9.406,8.788,9.926,8.305,9.352,9.179,9.084,10.324,9.339,8.718,8.743,8.884,8.161,8.378,8.384,7.71,7.692,8.796,8.43,8.881,9.373,8.401,8.262
554.03,15,9.381,8.706,9.837,8.348,9.335,9.138,9.086,10.398,9.463,8.659,8.651,8.838,8.227,8.403,8.368,7.676,7.751,8.901,8.434,8.848,9.306,8.348,8.224
555.03,15,9.425,8.722,9.814,8.445,9.39,9.105,9.111,10.375,9.446,8.701,8.667,8.884,8.195,8.467,8.369,7.682,7.789,8.881,8.44,8.887,9.345,8.352,8.263
556.03,15,9.367,8.695,9.818,8.37,9.32,9.14,9.195,10.401,9.441,8.684,8.7,8.814,8.181,8.476,8.38,7.717,7.723,8.836,8.356,8.913,9.336,8.353,8.258
557.03,15,9.407,8.716,9.849,8.368,9.367,9.152,9.137,10.333,9.452,8.724,8.658,8.791,8.204,8.465,8.36,7.684,7.717,8.883,8.482,8.949,9.341,8.412,8.308
558.03,15,9.39,8.634,9.931,8.375,9.375,9.152,9.126,10.368,9.473,8.685,8.686,8.859,8.102,8.432,8.433,7.652,7.77,8.887,8.399,8.982,9.268,8.396,8.327
559.03,15,9.454,8.712,9.782,8.357,9.363,9.175,9.122,10.348,9.495,8.673,8.682,8.838,8.221,8.468,8.385,7.616,7.715,8.879,8.503,8.895,9.411,8.372,8.259
560.03,15,9.413,8.684,9.839,8.3,9.331,9.131,9.107,10.322,9.422,8.692,8.682,8.809,8.168,8.365,8.352,7.674,7.711,8.832,8.479,8.894,9.348,8.298,8.228
561.03,15,9.437,8.749,9.82,8.399,9.335,9.166,9.125,10.291,9.467,8.731,8.633,8.851,8.195,8.387,8.291,7.643,7.761,8.845,8.416,8.877,9.375,8.42,8.277
562.03,15,9.323,8.698,9.886,8.428,9.342,9.135,9.112,10.367,9.462,8.681,8.628,8.812,8.169,8.42,8.442,7.681,7.84,8.844,8.455,8.913,9.364,8.413,8.29
563.03,15,9.456,8.669,9.877,8.335,9.291,9.155,9.184,10.295,9.468,8.695,8.671,8.831,8.214,8.381,8.432,7.674,7.796,8.81,8.469,8.892,9.357,8.328,8.201
564.03,15,9.444,8.701,9.844,8.278,9.346,9.176,9.097,10.334,9.443,8.654,8.625,8.863,8.16,8.415,8.459,7.63,7.736,8.849,8.455,8.846,9.363,8.37,8.259
565.03,15,9.497,8.657,9.872,8.389,9.39,9.169,9.115,10.317,9.498,8.745,8.703,8.81,8.179,8.472,8.325,7.714,7.721,8.855,8.402,8.846,9.302,8.261,8.283
566.03,15,9.404,8.679,9.799,8.349,9.315,9.184,9.099,10.318,9.462,8.665,8.613,8.78,8.204,8.442,8.41,7.681,7.688,8.831,8.491,8.883,9.285,8.386,8.26
567.03,15,9.453,8.627,9.864,8.302,9.374,9.118,9.137,10.328,9.461,8.689,8.65,8.819,8.109,8.396,8.261,7.653,7.721,8.832,8.449,8.839,9.286,8.376,8.285
568.03,15,9.458,8.737,9.836,8.442,9.368,9.126,9.017,10.4,9.449,8.653,8.636,8.888,8.139,8.404,8.355,7.669,7.797,8.818,8.386,8.901,9.316,8.407,8.322
569.03,15,9.471,8.737,9.905,8.372,9.387,9.147,9.114,10.416,9.469,8.654,8.675,8.828,8.204,8.421,8.369,7.695,7.74,8.867,8.4,8.905,9.325,8.335,8.289
570.03,15,9.447,8.676,9.868,8.368,9.348,9.142,9.092,10.377,9.43,8.735,8.639,8.892,8.177,8.429,8.426,7.683,7.78,8.833,8.49,8.883,9.372,8.357,8.268
571.03,15,9.408,8.76,9.809,8.33,9.367,9.116,9.095,10.378,9.507,8.697,8.624,8.841,8.141,8.4,8.441,7.615,7.769,8.834,8.481,8.9,9.32,8.344,8.269
572.03,15,9.347,8.682,9.813,8.348,9.429,9.181,9.155,10.298,9.43,8.788,8.673,8.847,8.228,8.463,8.402,7.641,7.74,8.784,8.427,8.883,9.348,8.356,8.247
573.03,15,9.4,8.715,9.849,8.36,9.363,9.155,9.086,10.393,9.446,8.799,8.581,8.791,8.217,8.451,8.378,7.606,7.69,8.847,8.413,8.9,9.418,8.415,8.289
574.03,15,9.463,8.708,9.858,8.42,9.301,9.204,9.129,10.394,9.429,8.713,8.655,8.866,8.191,8.397,8.39,7.652,7.673,8.804,8.513,8.89,9.379,8.347,8.254
575.03,15,9.392,8.735,9.864,8.348,9.361,9.127,9.066,10.357,9.428,8.729,8.655,8.861,8.128,8.441,8.392,7.64,7.727,8.912,8.433,8.9,9.331,8.339,8.316
576.03,15,9.405,8.664,9.909,8.39,9.361,9.141,9.1,10.3,9.382,8.747,8.594,8.738,8.141,8.359,8.358,7.683,7.727,8.839,8.493,8.925,9.336,8.384,8.283
577.03,15,9.374,8.692,9.873,8.398,9.363,9.134,9.073,10.323,9.373,8.679,8.653,8.804,8.17,8.379,8.38,7.667,7.716,8.847,8.451,8.836,9.337,8.322,8.293
578.03,15,9.467,8.659,9.849,8.418,9.429,9.157,9.068,10.354,9.396,8.74,8.634,8.83,8.126,8.345,8.319,7.663,7.682,8.783,8.387,8.907,9.329,8.388,8.239
579.03,15,9.402,8.69,9.898,8.304,9.376,9.124,9.087,10.434,9.398,8.692,8.607,8.813,8.132,8.443,8.375,7.644,7.753,8.843,8.493,8.861,9.321,8.283,8.276
580.03,15,9.422,8.636,9.809,8.368,9.352,9.118,9.105,10.409,9.458,8.652,8.665,8.881,8.164,8.439,8.393,7.622,7.688,8.813,8.453,8.896,9.327,8.34,8.236
581.03,15,9.394,8.699,9.856,8.392,9.422,9.178,9.121,10.319,9.415,8.74,8.61,8.865,8.168,8.371,8.395,7.674,7.705,8.865,8.414,8.918,9.379,8.351,8.31
582.03,15,9.405,8.738,9.805,8.36,9.326,9.177,9.146,10.294,9.367,8.743,8.619,8.789,8.151,8.388,8.43,7.647,7.738,8.85,8.468,8.894,9.314,8.347,8.344
583.03,15,9.398,8.692,9.893,8.357,9.384,9.186,9.114,10.384,9.424,8.734,8.66,8.861,8.15,8.403,8.447,7.628,7.732,8.832,8.436,8.86,9.329,8.358,8.253
584.03,15,9.391,8.684,9.878,8.38,9.348,9.159,9.123,10.377,9.41,8.6,8.655,8.811,8.201,8.391,8.324,7.633,7.735,8.819,8.464,8.9,9.371,8.361,8.304
585.03,15,9.408,8.664,9.787,8.307,9.324,9.213,9.071,10.375,9.398,8.667,8.665,8.857,8.199,8.464,8.363,7.641,7.719,8.852,8.396,8.874,9.308,8.338,8.328
586.03,15,9.422,8.711,9.784,8.321,9.378,9.169,9.083,10.36,9.443,8.719,8.697,8.812,8.178,8.435,8.454,7.641,7.733,8.822,8.521,8.91,9.295,8.346,8.23
587.03,15,9.47,8.668,9.824,8.34,9.333,9.155,9.128,10.306,9.464,8.727,8.706,8.857,8.122,8.441,8.343,7.626,7.783,8.842,8.403,8.888,9.444,8.345,8.239
588.03,15,9.406,8.668,9.818,8.343,9.311,9.109,9.075,10.327,9.403,8.696,8.575,8.876,8.147,8.402,8.368,7.664,7.718,8.826,8.424,8.868,9.273,8.384,8.229
589.03,15,9.431,8.734,9.852,8.352,9.329,9.135,9.176,10.322,9.434,8.657,8.652,8.774,8.168,8.44,8.391,7.7,7.709,8.85,8.395,8.875,9.342,8.384,8.244
590.03,15,9.364,8.732,9.803,8.33,9.315,9.155,9.11,10.384,9.383,8.692,8.617,8.823,8.17,8.426,8.399,7.628,7.727,8.847,8.453,8.788,9.358,8.337,8.276
591.03,15,9.42,8.732,9.944,8.34,9.286,9.183,9.15,10.385,9.418,8.712,8.58,8.838,8.129,8.357,8.376,7.672,7.733,8.898,8.47,8.863,9.351,8.379,8.214
592.03,15,9.417,8.697,9.911,8.362,9.319,9.049,9.1,10.367,9.441,8.69,8.646,8.766,8.19,8.434,8.319,7.631,7.764,8.817,8.421,8.872,9.384,8.328,8.19
593.03,15,9.389,8.677,9.849,8.389,9.338,9.201,9.138,10.362,9.438,8.771,8.578,8.797,8.147,8.423,8.376,7.635,7.691,8.832,8.489,8.834,9.3,8.433,8.178
594.03,15,9.419,8.713,9.814,8.372,9.36,9.202,9.154,10.322,9.449,8.733,8.602,8.877,8.22,8.426,8.4,7.63,7.711,8.859,8.425,8.872,9.388,8.324,8.247
595.03,15,9.422,8.685,9.868,8.307,9.33,9.153,9.116,10.36,9.431,8.695,8.669,8.805,8.23,8.362,8.351,7.66,7.742,8.802,8.456,8.911,9.314,8.321,8.228
596.03,15,9.409,8.679,9.812,8.302,9.328,9.219,9.127,10.348,9.396,8.673,8.623,8.78,8.184,8.352,8.334,7.634,7.756,8.83,8.473,8.829,9.303,8.422,8.239
597.03,15,9.456,8.67,9.879,8.355,9.32,9.172,9.113,10.425,9.377,8.716,8.586,8.768,8.19,8.387,8.413,7.647,7.716,8.802,8.411,8.898,9.346,8.436,8.218
598.03,15,9.41,8.738,9.784,8.321,9.444,9.125,9.144,10.348,9.461,8.71,8.621,8.838,8.205,8.414,8.396,7.636,7.738,8.768,8.458,8.87,9.305,8.32,8.255
599.03,15,9.443,8.731,9.883,8.298,9.306,9.07,9.162,10.317,9.388,8.759,8.573,8.861,8.203,8.472,8.367,7.659,7.686,8.86,8.404,8.836,9.311,8.362,8.271
600.03,15,9.361,8.724,9.836,8.347,9.38,9.093,9.129,10.299,9.419,8.769,8.635,8.83,8.166,8.513,8.411,7.602,7.772,8.784,8.383,8.875,9.352,8.313,8.216
601.03,15,9.4,8.721,9.793,8.388,9.297,9.1,9.061,10.299,9.385,8.697,8.668,8.795,8.181,8.422,8.345,7.638,7.708,8.841,8.424,8.906,9.352,8.388,8.291
602.03,15,9.426,8.7,9.866,8.357,9.32,9.072,9.058,10.342,9.429,8.738,8.689,8.776,8.119,8.378,8.338,7.608,7.7,8.872,8.38,8.923,9.311,8.317,8.221
603.03,15,9.411,8.66,9.864,8.367,9.379,9.124,9.067,10.359,9.428,8.731,8.67,8.847,8.107,8.492,8.34,7.624,7.77,8.826,8.406,8.909,9.358,8.386,8.23
604.03,15,9.392,8.691,9.848,8.324,9.322,9.122,9.218,10.375,9.434,8.672,8.633,8.826,8.184,8.479,8.341,7.711,7.746,8.859,8.413,8.851,9.336,8.397,8.3
605.03,15,9.447,8.744,9.838,8.3,9.304,9.157,9.061,10.308,9.472,8.759,8.677,8.856,8.178,8.442,8.424,7.622,7.731,8.878,8.466,8.841,9.376,8.312,8.272
606.03,15,9.45,8.684,9.846,8.34,9.315,9.119,9.096,10.31,9.495,8.734,8.605,8.84,8.174,8.393,8.315,7.632,7.745,8.881,8.483,8.892,9.343,8.331,8.216
607.03,15,9.378,8.683,9.856,8.36,9.374,9.171,9.087,10.38,9.433,8.705,8.628,8.828,8.147,8.388,8.357,7.703,7.691,8.852,8.462,8.847,9.311,8.288,8.277
608.03,15,9.327,8.672,9.874,8.349,9.371,9.138,9.09,10.301,9.488,8.641,8.682,8.895,8.146,8.428,8.365,7.573,7.754,8.817,8.426,8.857,9.297,8.274,8.241
609.03,15,9.412,8.729,9.842,8.36,9.311,9.139,9.085,10.303,9.403,8.676,8.557,8.823,8.138,8.432,8.318,7.639,7.739,8.803,8.472,8.818,9.393,8.384,8.261
610.03,15,9.438,8.694,9.792,8.35,9.396,9.191,9.086,10.379,9.41,8.689,8.6,8.776,8.118,8.409,8.362,7.725,7.678,8.899,8.435,8.837,9.305,8.312,8.233
611.03,15,9.412,8.692,9.839,8.289,9.397,9.149,9.135,10.35,9.391,8.713,8.669,8.774,8.141,8.363,8.448,7.653,7.73,8.857,8.374,8.897,9.287,8.372,8.239
612.03,15,9.408,8.741,9.859,8.285,9.326,9.087,9.123,10.303,9.437,8.726,8.673,8.827,8.15,8.418,8.346,7.635,7.726,8.829,8.478,8.92,9.376,8.381,8.3
613.03,15,9.42,8.713,9.866,8.374,9.385,9.129,9.076,10.311,9.431,8.733,8.591,8.754,8.191,8.463,8.375,7.635,7.653,8.829,8.419,8.805,9.334,8.395,8.247
614.03,15,9.385,8.688,9.798,8.361,9.284,9.124,9.119,10.32,9.41,8.729,8.656,8.864,8.141,8.357,8.382,7.607,7.755,8.832,8.406,8.879,9.319,8.275,8.216
615.03,15,9.388,8.66,9.797,8.381,9.38,9.1,9.156,10.341,9.454,8.772,8.686,8.841,8.156,8.36,8.295,7.612,7.704,8.762,8.433,8.815,9.359,8.329,8.286
616.03,15,9.382,8.685,9.833,8.362,9.334,9.129,9.106,10.279,9.409,8.707,8.56,8.8,8.127,8.432,8.394,7.594,7.727,8.82,8.401,8.861,9.24,8.294,8.315
617.03,15,9.427,8.702,9.851,8.305,9.39,9.155,9.083,10.319,9.381,8.758,8.711,8.789,8.16,8.369,8.341,7.666,7.743,8.893,8.402,8.875,9.309,8.32,8.268
618.03,15,9.36,8.662,9.818,8.268,9.366,9.173,9.082,10.375,9.452,8.715,8.598,8.816,8.155,8.354,8.365,7.642,7.705,8.815,8.461,8.887,9.318,8.313,8.269
619.03,15,9.363,8.684,9.874,8.285,9.337,9.069,9.139,10.373,9.438,8.729,8.594,8.774,8.157,8.352,8.332,7.611,7.814,8.916,8.406,8.855,9.306,8.278,8.255
620.03,15,9.38,8.692,9.812,8.36,9.338,9.169,9.114,10.317,9.375,8.695,8.676,8.869,8.207,8.4,8.327,7.621,7.715,8.859,8.419,8.834,9.378,8.287,8.304
621.03,15,9.403,8.665,9.811,8.343,9.322,9.133,9.094,10.353,9.423,8.686,8.664,8.811,8.1,8.423,8.268,7.613,7.704,8.85,8.462,8.879,9.311,8.384,8.269
622.03,15,9.429,8.655,9.85,8.363,9.321,9.181,9.114,10.363,9.495,8.695,8.558,8.846,8.146,8.428,8.327,7.626,7.734,8.843,8.445,8.887,9.321,8.301,8.286
623.03,15,9.382,8.724,9.787,8.388,9.321,9.111,9.15,10.334,9.419,8.709,8.675,8.802,8.162,8.419,8.364,7.55,7.79,8.781,8.375,8.878,9.349,8.365,8.333
624.03,15,9.398,8.725,9.796,8.363,9.331,9.08,9.088,10.291,9.433,8.753,8.638,8.794,8.121,8.413,8.295,7.568,7.685,8.839,8.429,8.913,9.346,8.309,8.235
625.03,15,9.366,8.712,9.872,8.336,9.331,9.15,9.163,10.421,9.419,8.684,8.643,8.822,8.196,8.409,8.344,7.682,7.735,8.828,8.414,8.876,9.291,8.41,8.313
626.03,15,9.454,8.653,9.828,8.396,9.267,9.139,9.125,10.356,9.391,8.695,8.602,8.803,8.084,8.367,8.356,7.602,7.764,8.792,8.446,8.88,9.359,8.326,8.313
627.03,15,9.419,8.733,9.787,8.347,9.31,9.097,9.139,10.327,9.381,8.684,8.625,8.76,8.116,8.381,8.302,7.563,7.668,8.789,8.382,8.905,9.194,8.365,8.231
628.03,15,9.447,8.623,9.868,8.334,9.389,9.209,9.162,10.37,9.437,8.72,8.646,8.744,8.163,8.352,8.251,7.609,7.711,8.756,8.414,8.858,9.343,8.383,8.27
629.03,15,9.397,8.706,9.809,8.386,9.35,9.144,9.089,10.303,9.416,8.714,8.618,8.846,8.104,8.439,8.348,7.571,7.708,8.842,8.396,8.859,9.311,8.368,8.271
630.03,15,9.423,8.677,9.854,8.373,9.34,9.154,9.11,10.38,9.432,8.755,8.601,8.833,8.142,8.393,8.32,7.623,7.772,8.845,8.42,8.897,9.327,8.335,8.251
631.03,15,9.403,8.734,9.825,8.342,9.267,9.115,9.138,10.334,9.468,8.698,8.604,8.796,8.187,8.331,8.378,7.56,7.743,8.837,8.404,8.843,9.381,8.339,8.27
632.03,15,9.423,8.655,9.822,8.346,9.365,9.142,9.091,10.383,9.362,8.603,8.624,8.825,8.178,8.368,8.376,7.56,7.689,8.815,8.435,8.89,9.296,8.283,8.24
633.03,15,9.404,8.681,9.881,8.373,9.287,9.178,9.075,10.413,9.405,8.733,8.573,8.803,8.115,8.381,8.295,7.626,7.718,8.88,8.435,8.847,9.375,8.286,8.297
634.03,15,9.357,8.674,9.791,8.349,9.315,9.081,9.122,10.28,9.417,8.717,8.592,8.762,8.196,8.328,8.289,7.636,7.697,8.798,8.4,8.877,9.337,8.354,8.206
635.03,15,9.416,8.64,9.831,8.318,9.299,9.156,9.174,10.341,9.492,8.724,8.663,8.819,8.155,8.442,8.32,7.643,7.746,8.81,8.412,8.833,9.273,8.347,8.227
636.03,15,9.346,8.698,9.851,8.357,9.354,9.093,9.1,10.333,9.39,8.667,8.658,8.847,8.129,8.41,8.293,7.611,7.747,8.822,8.405,8.917,9.331,8.326,8.272
637.03,15,9.369,8.684,9.843,8.326,9.305,9.074,9.131,10.336,9.415,8.71,8.66,8.757,8.174,8.339,8.225,7.586,7.742,8.804,8.416,8.829,9.265,8.338,8.304
638.03,15,9.412,8.658,9.824,8.31,9.32,9.082,9.083,10.345,9.426,8.727,8.603,8.831,8.152,8.354,8.29,7.62,7.744,8.768,8.391,8.886,9.264,8.307,8.194
639.03,15,9.357,8.684,9.782,8.376,9.357,9.175,9.116,10.362,9.426,8.741,8.602,8.77,8.163,8.374,8.321,7.622,7.768,8.812,8.476,8.875,9.293,8.328,8.277
640.03,15,9.394,8.649,9.781,8.314,9.304,9.148,9.067,10.331,9.409,8.775,8.66,8.822,8.121,8.407,8.332,7.65,7.754,8.857,8.397,8.814,9.316,8.332,8.201
641.03,15,9.432,8.668,9.893,8.297,9.348,9.105,9.069,10.396,9.431,8.727,8.621,8.736,8.187,8.348,8.31,7.618,7.74,8.863,8.443,8.859,9.314,8.326,8.187
642.03,15,9.442,8.653,9.803,8.33,9.357,9.192,9.098,10.325,9.383,8.672,8.602,8.762,8.164,8.41,8.258,7.709,7.776,8.776,8.423,8.834,9.338,8.339,8.238
643.03,15,9.373,8.644,9.835,8.304,9.264,9.082,9.119,10.322,9.483,8.66,8.616,8.768,8.183,8.417,8.314,7.613,7.722,8.795,8.389,8.866,9.305,8.338,8.245
644.03,15,9.453,8.648,9.894,8.332,9.3,9.176,9.132,10.333,9.446,8.7,8.668,8.876,8.182,8.395,8.326,7.651,7.664,8.844,8.395,8.79,9.281,8.276,8.236
645.03,15,9.416,8.649,9.858,8.373,9.328,9.15,9.14,10.353,9.384,8.693,8.595,8.815,8.102,8.462,8.291,7.575,7.71,8.827,8.477,8.833,9.363,8.285,8.257
646.03,15,9.425,8.64,9.814,8.29,9.359,9.068,9.058,10.314,9.429,8.683,8.599,8.748,8.184,8.456,8.325,7.675,7.685,8.846,8.464,8.835,9.365,8.305,8.229
647.03,15,9.438,8.661,9.788,8.315,9.298,9.121,9.105,10.341,9.396,8.645,8.615,8.813,8.136,8.361,8.252,7.626,7.667,8.858,8.373,8.86,9.378,8.298,8.194
648.03,15,9.368,8.707,9.826,8.386,9.374,9.129,9.11,10.389,9.398,8.667,8.578,8.79,8.112,8.359,8.292,7.605,7.711,8.827,8.406,8.939,9.313,8.295,8.27
649.03,15,9.343,8.651,9.85,8.362,9.288,9.15,9.071,10.374,9.383,8.675,8.647,8.779,8.171,8.401,8.288,7.622,7.728,8.852,8.412,8.795,9.3,8.344,8.267
650.03,15,9.435,8.627,9.83,8.34,9.348,9.101,9.145,10.364,9.352,8.759,8.563,8.859,8.176,8.397,8.253,7.548,7.712,8.874,8.406,8.83,9.337,8.336,8.241
651.03,15,9.41,8.68,9.807,8.319,9.389,9.128,9.039,10.315,9.426,8.726,8.68,8.761,8.175,8.389,8.304,7.591,7.671,8.809,8.408,8.853,9.306,8.325,8.221
652.03,15,9.357,8.679,9.807,8.384,9.28,9.139,9.076,10.272,9.441,8.692,8.61,8.834,8.129,8.341,8.273,7.663,7.744,8.876,8.39,8.844,9.267,8.355,8.271
653.03,15,9.366,8.666,9.775,8.353,9.325,9.1,9.134,10.28,9.38,8.723,8.623,8.789,8.241,8.42,8.276,7.537,7.711,8.807,8.477,8.859,9.318,8.285,8.252
654.03,15,9.366,8.712,9.884,8.303,9.36,9.068,9.078,10.33,9.36,8.664,8.618,8.733,8.152,8.383,8.335,7.582,7.721,8.886,8.384,8.876,9.272,8.269,8.26
655.03,15,9.449,8.641,9.791,8.367,9.258,9.137,9.041,10.295,9.38,8.677,8.582,8.767,8.18,8.326,8.285,7.623,7.742,8.836,8.429,8.887,9.319,8.301,8.216
656.03,15,9.389,8.637,9.788,8.339,9.342,9.126,9.097,10.374,9.382,8.676,8.693,8.821,8.096,8.4,8.296,7.628,7.718,8.777,8.421,8.885,9.329,8.285,8.208
657.03,15,9.372,8.645,9.797,8.315,9.317,9.114,9.117,10.275,9.394,8.727,8.633,8.801,8.085,8.349,8.329,7.638,7.643,8.84,8.383,8.84,9.363,8.348,8.233
658.03,15,9.416,8.683,9.808,8.319,9.329,9.151,9.115,10.372,9.316,8.674,8.636,8.852,8.136,8.392,8.315,7.559,7.713,8.92,8.393,8.884,9.349,8.379,8.245
659.03,15,9.355,8.671,9.858,8.284,9.268,9.167,9.052,10.305,9.343,8.712,8.569,8.803,8.146,8.304,8.322,7.573,7.67,8.854,8.435,8.869,9.36,8.281,8.216
660.03,15,9.459,8.657,9.874,8.273,9.319,9.085,9.098,10.291,9.405,8.75,8.61,8.815,8.219,8.357,8.231,7.58,7.719,8.804,8.453,8.864,9.33,8.357,8.326
661.03,15,9.417,8.663,9.882,8.37,9.34,9.154,9.11,10.332,9.382,8.71,8.689,8.768,8.2,8.384,8.383,7.596,7.71,8.852,8.348,8.845,9.331,8.327,8.218
662.03,15,9.407,8.642,9.817,8.339,9.351,9.125,9.132,10.297,9.44,8.663,8.636,8.804,8.094,8.362,8.322,7.547,7.714,8.794,8.383,8.793,9.269,8.391,8.213
663.03,15,9.386,8.677,9.822,8.294,9.27,9.125,9.123,10.333,9.327,8.628,8.572,8.719,8.167,8.379,8.297,7.63,7.67,8.745,8.381,8.898,9.287,8.309,8.219
664.03,15,9.443,8.707,9.781,8.347,9.337,9.173,9.092,10.335,9.362,8.65,8.645,8.708,8.109,8.308,8.303,7.621,7.71,8.839,8.389,8.82,9.299,8.339,8.241
665.03,15,9.418,8.646,9.834,8.308,9.288,9.146,9.082,10.336,9.433,8.7,8.588,8.791,8.149,8.375,8.279,7.618,7.632,8.772,8.431,8.837,9.239,8.344,8.238
666.03,15,9.39,8.694,9.795,8.312,9.303,9.174,9.074,10.374,9.398,8.733,8.647,8.818,8.134,8.34,8.309,7.561,7.703,8.781,8.435,8.792,9.301,8.299,8.31
667.03,15,9.47,8.702,9.874,8.342,9.407,9.051,9.018,10.325,9.45,8.688,8.664,8.827,8.17,8.403,8.337,7.592,7.663,8.797,8.443,8.86,9.307,8.32,8.203
668.03,15,9.466,8.725,9.791,8.344,9.328,9.095,9.157,10.339,9.336,8.648,8.645,8.791,8.105,8.363,8.26,7.505,7.651,8.817,8.409,8.816,9.348,8.276,8.248
669.03,15,9.424,8.634,9.864,8.32,9.298,9.122,9.053,10.307,9.39,8.698,8.631,8.799,8.157,8.371,8.274,7.598,7.695,8.855,8.429,8.886,9.298,8.263,8.205
670.03,15,9.365,8.645,9.789,8.284,9.322,9.151,9.089,10.319,9.365,8.75,8.698,8.825,8.127,8.401,8.294,7.584,7.748,8.779,8.436,8.835,9.267,8.331,8.194
671.03,15,9.411,8.729,9.803,8.28,9.285,9.057,9.073,10.332,9.453,8.681,8.65,8.788,8.142,8.361,8.323,7.566,7.682,8.821,8.44,8.827,9.382,8.272,8.183
672.03,15,9.391,8.682,9.801,8.402,9.291,9.093,9.099,10.314,9.345,8.61,8.614,8.8,8.109,8.374,8.338,7.546,7.663,8.802,8.355,8.868,9.275,8.242,8.275
673.03,15,9.37,8.612,9.826,8.352,9.344,9.08,9.082,10.299,9.366,8.663,8.649,8.745,8.183,8.411,8.307,7.642,7.654,8.779,8.381,8.905,9.25,8.267,8.17
674.03,15,9.339,8.722,9.819,8.268,9.304,9.134,9.11,10.316,9.406,8.713,8.617,8.81,8.083,8.418,8.336,7.585,7.662,8.792,8.365,8.818,9.305,8.325,8.215
675.03,15,9.395,8.636,9.757,8.385,9.311,9.075,9.117,10.326,9.428,8.65,8.642,8.818,8.151,8.389,8.347,7.524,7.683,8.824,8.362,8.786,9.278,8.314,8.238
676.03,15,9.384,8.651,9.824,8.288,9.331,9.15,9.073,10.31,9.386,8.642,8.641,8.789,8.163,8.392,8.31,7.62,7.677,8.82,8.438,8.806,9.365,8.267,8.176
677.03,15,9.354,8.65,9.786,8.304,9.304,9.145,9.039,10.363,9.405,8.713,8.668,8.732,8.204,8.39,8.205,7.622,7.7,8.796,8.414,8.859,9.316,8.318,8.241
678.03,15,9.401,8.685,9.841,8.294,9.313,9.057,9.081,10.292,9.356,8.735,8.601,8.765,8.174,8.359,8.303,7.574,7.748,8.787,8.323,8.866,9.309,8.329,8.214
679.03,15,9.428,8.67,9.81,8.319,9.286,9.079,9.113,10.353,9.394,8.726,8.584,8.787,8.101,8.428,8.284,7.582,7.688,8.799,8.41,8.819,9.3,8.4,8.22
680.03,15,9.376,8.658,9.874,8.36,9.326,9.175,9.102,10.293,9.331,8.659,8.681,8.838,8.138,8.383,8.317,7.565,7.685,8.794,8.443,8.842,9.263,8.319,8.264
681.03,15,9.449,8.656,9.82,8.285,9.293,9.116,9.134,10.338,9.358,8.718,8.6,8.816,8.11,8.361,8.244,7.593,7.679,8.852,8.419,8.811,9.294,8.35,8.215
682.03,15,9.427,8.671,9.843,8.352,9.358,9.123,9.128,10.313,9.368,8.72,8.624,8.776,8.14,8.37,8.268,7.585,7.723,8.804,8.438,8.864,9.328,8.305,8.164
683.03,15,9.405,8.644,9.837,8.338,9.322,9.078,9.1,10.358,9.371,8.679,8.599,8.773,8.116,8.354,8.246,7.58,7.658,8.8,8.354,8.851,9.317,8.34,8.213
684.03,15,9.427,8.655,9.859,8.302,9.3,9.111,9.055,10.305,9.359,8.687,8.651,8.794,8.153,8.351,8.315,7.617,7.699,8.8,8.392,8.833,9.281,8.28,8.219
685.03,15,9.385,8.65,9.767,8.335,9.312,9.114,9.134,10.314,9.371,8.651,8.534,8.819,8.109,8.322,8.235,7.597,7.711,8.816,8.415,8.832,9.366,8.299,8.224
686.03,15,9.397,8.693,9.766,8.321,9.324,9.098,9.145,10.332,9.358,8.704,8.614,8.833,8.196,8.376,8.168,7.52,7.674,8.797,8.385,8.883,9.222,8.353,8.272
687.03,15,9.36,8.633,9.842,8.289,9.294,9.112,9.07,10.353,9.376,8.744,8.551,8.804,8.148,8.38,8.262,7.554,7.671,8.793,8.42,8.821,9.299,8.38,8.242
688.03,15,9.344,8.642,9.872,8.328,9.344,9.147,9.122,10.295,9.399,8.623,8.617,8.838,8.12,8.381,8.253,7.582,7.692,8.841,8.413,8.818,9.297,8.297,8.208
689.03,15,9.403,8.622,9.784,8.313,9.275,9.1,9.095,10.361,9.325,8.645,8.619,8.793,8.112,8.342,8.296,7.501,7.712,8.794,8.398,8.784,9.269,8.348,8.203
690.03,15,9.319,8.69,9.802,8.366,9.323,9.098,9.132,10.311,9.405,8.71,8.588,8.74,8.167,8.385,8.329,7.55,7.67,8.874,8.409,8.87,9.307,8.261,8.218
691.03,15,9.356,8.65,9.824,8.375,9.349,9.136,9.118,10.32,9.438,8.699,8.599,8.783,8.141,8.401,8.305,7.565,7.693,8.812,8.423,8.802,9.319,8.289,8.239
692.03,15,9.376,8.68,9.775,8.316,9.305,9.135,9.103,10.35,9.474,8.697,8.567,8.726,8.144,8.379,8.245,7.549,7.709,8.775,8.444,8.896,9.299,8.323,8.243
693.03,15,9.447,8.644,9.772,8.332,9.324,9.083,9.1,10.351,9.353,8.713,8.699,8.811,8.122,8.357,8.266,7.628,7.655,8.827,8.389,8.814,9.311,8.238,8.182
694.03,15,9.415,8.673,9.845,8.358,9.359,9.074,9.08,10.301,9.293,8.681,8.602,8.796,8.131,8.376,8.21,7.56,7.674,8.831,8.436,8.804,9.273,8.276,8.219
695.03,15,9.395,8.643,9.776,8.37,9.276,9.132,9.08,10.376,9.4,8.677,8.553,8.796,8.156,8.355,8.252,7.541,7.722,8.858,8.386,8.855,9.311,8.295,8.196
696.03,15,9.369,8.619,9.78,8.368,9.332,9.074,9.158,10.293,9.368,8.66,8.607,8.807,8.149,8.348,8.24,7.57,7.72,8.777,8.4,8.869,9.397,8.305,8.244
697.03,15,9.4,8.642,9.826,8.322,9.361,9.073,9.05,10.286,9.37,8.699,8.634,8.754,8.115,8.359,8.194,7.589,7.703,8.842,8.446,8.799,9.265,8.233,8.236
698.03,15,9.428,8.689,9.802,8.332,9.325,9.155,9.091,10.337,9.378,8.662,8.628,8.75,8.192,8.374,8.265,7.617,7.671,8.85,8.456,8.817,9.307,8.296,8.27
699.03,15,9.376,8.634,9.781,8.362,9.367,9.107,9.119,10.278,9.417,8.643,8.571,8.816,8.164,8.387,8.232,7.573,7.652,8.819,8.382,8.84,9.293,8.257,8.19
700.03,15,9.445,8.664,9.841,8.364,9.308,9.112,9.099,10.389,9.369,8.669,8.567,8.75,8.17,8.445,8.286,7.538,7.685,8.753,8.379,8.781,9.279,8.368,8.209
701.03,15,9.361,8.662,9.711,8.33,9.291,9.116,9.117,10.288,9.291,8.737,8.61,8.789,8.105,8.33,8.273,7.535,7.698,8.774,8.394,8.768,9.247,8.325,8.223
702.03,15,9.396,8.691,9.766,8.316,9.237,9.092,9.081,10.325,9.395,8.65,8.603,8.726,8.115,8.366,8.323,7.539,7.728,8.817,8.394,8.797,9.306,8.339,8.209
703.03,15,9.424,8.665,9.762,8.345,9.293,9.08,9.103,10.243,9.356,8.751,8.554,8.743,8.173,8.363,8.287,7.535,7.705,8.777,8.382,8.784,9.278,8.292,8.201
704.03,15,9.362,8.612,9.832,8.344,9.297,9.109,9.029,10.336,9.396,8.668,8.615,8.75,8.182,8.378,8.206,7.559,7.689,8.839,8.406,8.876,9.256,8.228,8.266
705.03,15,9.363,8.627,9.803,8.256,9.236,9.071,9.093,10.295,9.373,8.662,8.584,8.692,8.111,8.368,8.295,7.543,7.701,8.824,8.383,8.788,9.283,8.263,8.137
706.03,15,9.391,8.617,9.847,8.409,9.309,9.093,9.047,10.322,9.38,8.672,8.634,8.772,8.111,8.33,8.228,7.577,7.736,8.804,8.41,8.83,9.3,8.277,8.203
707.03,15,9.363,8.67,9.858,8.305,9.347,9.015,9.045,10.261,9.39,8.69,8.573,8.792,8.173,8.441,8.207,7.578,7.75,8.799,8.366,8.876,9.294,8.268,8.22
708.03,15,9.409,8.649,9.785,8.377,9.298,9.116,9.128,10.302,9.393,8.647,8.556,8.757,8.123,8.405,8.353,7.529,7.656,8.84,8.474,8.83,9.363,8.326,8.231
709.03,15,9.394,8.617,9.778,8.297,9.331,9.136,9.117,10.275,9.34,8.686,8.554,8.821,8.129,8.376,8.295,7.547,7.693,8.85,8.336,8.865,9.28,8.264,8.189
710.03,15,9.434,8.708,9.797,8.349,9.332,9.119,9.078,10.284,9.396,8.667,8.57,8.749,8.117,8.304,8.268,7.555,7.678,8.802,8.446,8.714,9.252,8.374,8.242
711.03,15,9.427,8.661,9.807,8.344,9.317,9.135,9.127,10.317,9.354,8.676,8.567,8.755,8.099,8.354,8.286,7.612,7.774,8.818,8.328,8.821,9.304,8.282,8.223
712.03,15,9.328,8.68,9.785,8.386,9.284,9.067,9.105,10.284,9.38,8.664,8.605,8.757,8.128,8.367,8.255,7.504,7.648,8.803,8.37,8.84,9.274,8.285,8.187
713.03,15,9.364,8.654,9.794,8.296,9.337,9.114,9.097,10.262,9.408,8.686,8.617,8.759,8.143,8.277,8.199,7.546,7.78,8.845,8.435,8.809,9.333,8.327,8.145
714.03,15,9.433,8.654,9.828,8.339,9.286,9.083,9.094,10.287,9.326,8.697,8.558,8.76,8.186,8.355,8.237,7.564,7.668,8.816,8.491,8.817,9.285,8.255,8.139
715.03,15,9.376,8.651,9.829,8.338,9.286,9.091,9.045,10.275,9.325,8.692,8.613,8.821,8.09,8.355,8.307,7.48,7.695,8.791,8.373,8.855,9.276,8.291,8.2
716.03,15,9.448,8.644,9.78,8.327,9.311,9.092,9.106,10.385,9.404,8.699,8.592,8.795,8.133,8.412,8.205,7.593,7.659,8.75,8.409,8.827,9.24,8.256,8.157
717.03,15,9.35,8.636,9.8,8.388,9.36,9.103,9.095,10.315,9.354,8.705,8.531,8.773,8.165,8.401,8.238,7.558,7.621,8.849,8.367,8.808,9.304,8.291,8.219
718.03,15,9.405,8.663,9.82,8.302,9.309,9.125,9.049,10.249,9.397,8.719,8.576,8.729,8.18,8.359,8.239,7.501,7.65,8.75,8.313,8.819,9.311,8.26,8.233
719.03,15,9.357,8.68,9.792,8.3,9.248,9.107,9.032,10.284,9.319,8.641,8.626,8.797,8.078,8.402,8.24,7.577,7.639,8.746,8.34,8.771,9.324,8.309,8.201
720.03,15,9.362,8.632,9.784,8.344,9.298,9.097,9.136,10.294,9.41,8.634,8.635,8.716,8.153,8.347,8.248,7.526,7.664,8.747,8.365,8.776,9.275,8.269,8.237
721.03,15,9.339,8.622,9.825,8.344,9.335,9.075,9.06,10.302,9.439,8.677,8.628,8.843,8.125,8.294,8.213,7.569,7.628,8.771,8.316,8.846,9.301,8.316,8.203
722.03,15,9.408,8.64,9.702,8.263,9.359,9.116,9.08,10.378,9.419,8.674,8.596,8.792,8.115,8.349,8.189,7.527,7.684,8.862,8.406,8.803,9.265,8.243,8.134
723.03,15,9.365,8.614,9.794,8.326,9.304,9.115,9.109,10.342,9.39,8.698,8.556,8.762,8.109,8.418,8.221,7.522,7.727,8.825,8.396,8.85,9.266,8.291,8.192
724.03,15,9.446,8.668,9.804,8.321,9.287,9.04,9.079,10.303,9.333,8.666,8.646,8.799,8.166,8.31,8.256,7.551,7.706,8.837,8.395,8.844,9.319,8.273,8.162
725.03,15,9.377,8.651,9.826,8.303,9.318,9.05,9.072,10.259,9.349,8.693,8.626,8.789,8.088,8.371,8.224,7.484,7.633,8.807,8.409,8.843,9.319,8.247,8.195
726.03,15,9.401,8.626,9.762,8.3,9.244,9.082,9.149,10.343,9.323,8.584,8.601,8.742,8.176,8.401,8.226,7.538,7.697,8.807,8.378,8.803,9.351,8.298,8.22
727.03,15,9.418,8.615,9.769,8.338,9.186,9.074,9.107,10.281,9.375,8.718,8.555,8.797,8.129,8.409,8.16,7.555,7.647,8.805,8.379,8.823,9.281,8.272,8.217
728.03,15,9.378,8.629,9.751,8.355,9.333,9.042,9.09,10.25,9.347,8.728,8.571,8.723,8.097,8.369,8.226,7.507,7.705,8.829,8.392,8.781,9.265,8.277,8.278
729.03,15,9.391,8.607,9.787,8.278,9.296,9.125,9.059,10.334,9.386,8.642,8.641,8.746,8.119,8.389,8.214,7.486,7.663,8.812,8.346,8.848,9.286,8.234,8.163
730.03,15,9.372,8.664,9.795,8.293,9.339,9.103,9.073,10.328,9.402,8.683,8.565,8.708,8.117,8.38,8.223,7.6,7.724,8.793,8.369,8.793,9.293,8.271,8.242
731.03,15,9.362,8.581,9.866,8.315,9.284,9.076,9.037,10.32,9.362,8.68,8.566,8.748,8.165,8.388,8.199,7.533,7.65,8.821,8.316,8.809,9.31,8.282,8.209
732.03,15,9.358,8.637,9.762,8.303,9.249,9.128,9.095,10.304,9.389,8.662,8.639,8.743,8.136,8.348,8.264,7.51,7.679,8.798,8.4,8.812,9.288,8.265,8.237
733.03,15,9.326,8.664,9.751,8.345,9.317,9.099,9.078,10.297,9.255,8.665,8.635,8.863,8.147,8.355,8.208,7.508,7.608,8.767,8.383,8.807,9.324,8.271,8.211
734.03,15,9.357,8.671,9.822,8.349,9.323,9.132,9.103,10.31,9.326,8.65,8.567,8.816,8.153,8.338,8.255,7.532,7.687,8.754,8.341,8.868,9.295,8.237,8.235
735.03,15,9.414,8.675,9.773,8.258,9.308,9.126,9.068,10.327,9.379,8.635,8.592,8.739,8.12,8.341,8.249,7.558,7.699,8.785,8.379,8.809,9.268,8.294,8.169
736.03,15,9.355,8.647,9.751,8.327,9.317,9.106,9.019,10.307,9.363,8.635,8.542,8.779,8.124,8.381,8.208,7.532,7.662,8.803,8.283,8.767,9.291,8.295,8.184
737.03,15,9.378,8.603,9.813,8.324,9.287,9.098,9.143,10.345,9.348,8.66,8.541,8.707,8.115,8.361,8.211,7.456,7.65,8.786,8.283,8.813,9.285,8.334,8.275
738.03,15,9.372,8.614,9.793,8.381,9.282,9.052,9.053,10.274,9.366,8.67,8.568,8.811,8.182,8.39,8.181,7.547,7.71,8.727,8.349,8.83,9.285,8.249,8.154
739.03,15,9.381,8.603,9.777,8.278,9.257,9.088,9.025,10.316,9.334,8.683,8.589,8.815,8.168,8.296,8.228,7.528,7.657,8.789,8.357,8.847,9.291,8.303,8.211
740.03,15,9.394,8.69,9.74,8.343,9.313,9.147,9.008,10.304,9.315,8.714,8.545,8.766,8.093,8.316,8.225,7.571,7.705,8.788,8.432,8.774,9.312,8.294,8.183
741.03,15,9.355,8.641,9.807,8.36,9.32,9.019,9.081,10.265,9.344,8.623,8.567,8.774,8.101,8.334,8.249,7.553,7.726,8.811,8.467,8.866,9.325,8.254,8.207
742.03,15,9.318,8.626,9.783,8.251,9.28,9.112,9.08,10.313,9.378,8.708,8.638,8.768,8.14,8.349,8.188,7.505,7.721,8.82,8.402,8.792,9.241,8.323,8.161
743.03,15,9.372,8.642,9.799,8.268,9.241,9.061,9.077,10.238,9.384,8.666,8.615,8.739,8.106,8.281,8.17,7.533,7.656,8.804,8.317,8.833,9.32,8.23,8.173
744.03,15,9.338,8.616,9.842,8.311,9.302,9.165,9.073,10.309,9.355,8.666,8.656,8.777,8.022,8.393,8.194,7.587,7.722,8.809,8.421,8.791,9.247,8.237,8.152
745.03,15,9.317,8.589,9.798,8.321,9.321,9.042,9.131,10.244,9.31,8.708,8.626,8.793,8.096,8.337,8.235,7.489,7.725,8.8,8.348,8.844,9.302,8.278,8.226
746.03,15,9.425,8.672,9.857,8.311,9.301,9.119,8.977,10.251,9.303,8.726,8.534,8.727,8.055,8.397,8.208,7.544,7.712,8.745,8.396,8.818,9.301,8.285,8.173
747.03,15,9.365,8.556,9.767,8.347,9.25,9.076,9.043,10.297,9.328,8.668,8.571,8.72,8.104,8.373,8.221,7.507,7.721,8.803,8.344,8.82,9.236,8.183,8.128
748.03,15,9.383,8.693,9.769,8.278,9.267,9.039,9.122,10.246,9.363,8.701,8.584,8.801,8.141,8.305,8.278,7.539,7.662,8.798,8.389,8.871,9.256,8.217,8.172
749.03,15,9.416,8.661,9.789,8.322,9.329,9.101,9.041,10.311,9.331,8.688,8.581,8.806,8.133,8.362,8.162,7.517,7.699,8.823,8.381,8.779,9.211,8.321,8.153
750.03,15,9.36,8.663,9.682,8.31,9.237,9.098,9.059,10.299,9.437,8.654,8.618,8.732,8.12,8.321,8.195,7.51,7.655,8.814,8.369,8.836,9.247,8.283,8.165
751.03,15,9.335,8.554,9.835,8.322,9.351,9.024,9.078,10.269,9.348,8.655,8.571,8.73,8.066,8.322,8.232,7.464,7.589,8.802,8.369,8.858,9.284,8.323,8.15
752.03,15,9.394,8.665,9.768,8.35,9.305,9.12,9.076,10.279,9.301,8.645,8.602,8.683,8.107,8.334,8.192,7.53,7.684,8.709,8.377,8.782,9.31,8.234,8.182
753.03,15,9.35,8.643,9.811,8.342,9.253,9.104,9.047,10.301,9.344,8.66,8.533,8.782,8.153,8.344,8.217,7.524,7.663,8.787,8.357,8.816,9.316,8.256,8.138
754.03,15,9.323,8.615,9.812,8.391,9.342,9.08,9.011,10.325,9.341,8.671,8.578,8.738,8.058,8.324,8.202,7.504,7.691,8.741,8.38,8.779,9.3,8.216,8.218
755.03,15,9.385,8.635,9.759,8.26,9.279,9.02,9.074,10.287,9.367,8.663,8.543,8.76,8.135,8.34,8.234,7.53,7.666,8.798,8.387,8.778,9.286,8.297,8.227
756.03,15,9.322,8.572,9.763,8.298,9.265,9.077,9.083,10.358,9.263,8.64,8.581,8.755,8.114,8.358,8.153,7.581,7.749,8.817,8.401,8.82,9.279,8.188,8.153
757.03,15,9.331,8.608,9.795,8.298,9.315,9.116,9.032,10.309,9.356,8.668,8.609,8.795,8.148,8.283,8.203,7.553,7.679,8.821,8.366,8.815,9.245,8.233,8.177
758.03,15,9.394,8.565,9.818,8.329,9.3,9.074,9.07,10.292,9.328,8.7,8.585,8.772,8.065,8.335,8.21,7.536,7.683,8.811,8.41,8.736,9.282,8.313,8.176
759.03,15,9.385,8.655,9.78,8.271,9.288,9.033,9.071,10.281,9.347,8.634,8.594,8.75,8.119,8.287,8.226,7.463,7.635,8.737,8.345,8.816,9.314,8.266,8.199
760.03,15,9.342,8.659,9.717,8.316,9.296,9.014,9.082,10.292,9.319,8.665,8.578,8.769,8.134,8.314,8.173,7.512,7.678,8.799,8.384,8.743,9.212,8.274,8.247
761.03,15,9.453,8.647,9.761,8.329,9.281,9.127,9.099,10.275,9.368,8.686,8.637,8.751,8.147,8.288,8.255,7.497,7.641,8.791,8.358,8.76,9.243,8.299,8.194
762.03,15,9.341,8.624,9.788,8.307,9.276,9.049,9.103,10.279,9.29,8.599,8.546,8.683,8.167,8.356,8.231,7.504,7.702,8.777,8.327,8.828,9.26,8.311,8.13
763.03,15,9.387,8.616,9.798,8.315,9.287,9.054,9.076,10.291,9.311,8.602,8.605,8.755,8.111,8.309,8.207,7.497,7.665,8.793,8.357,8.828,9.257,8.277,8.185
764.03,15,9.368,8.596,9.752,8.306,9.225,9.024,9.099,10.291,9.402,8.726,8.653,8.705,8.125,8.272,8.148,7.561,7.691,8.829,8.402,8.831,9.272,8.246,8.157
765.03,15,9.411,8.595,9.795,8.357,9.294,9.047,9.053,10.318,9.39,8.725,8.606,8.714,8.087,8.357,8.193,7.543,7.63,8.79,8.384,8.817,9.309,8.293,8.193
766.03,15,9.333,8.595,9.751,8.333,9.252,9.099,9.058,10.262,9.31,8.63,8.536,8.738,8.16,8.301,8.219,7.503,7.651,8.777,8.354,8.869,9.188,8.281,8.254
767.03,15,9.41,8.626,9.839,8.325,9.267,9.055,9.114,10.286,9.371,8.625,8.573,8.742,8.13,8.306,8.237,7.435,7.672,8.767,8.329,8.788,9.337,8.281,8.161
768.03,15,9.345,8.602,9.801,8.348,9.245,9.116,9.072,10.295,9.313,8.684,8.523,8.667,8.081,8.315,8.194,7.533,7.676,8.786,8.345,8.731,9.277,8.24,8.198
769.03,15,9.355,8.646,9.814,8.29,9.242,9.063,9.11,10.281,9.337,8.614,8.591,8.784,8.116,8.357,8.243,7.442,7.64,8.767,8.375,8.878,9.309,8.284,8.276
770.03,15,9.363,8.609,9.749,8.3,9.235,9.06,9.051,10.3,9.292,8.646,8.559,8.659,8.096,8.358,8.135,7.498,7.681,8.818,8.335,8.822,9.281,8.229,8.174
771.03,15,9.369,8.639,9.81,8.252,9.308,9.042,9.077,10.352,9.358,8.641,8.518,8.711,8.101,8.293,8.154,7.501,7.672,8.794,8.348,8.8,9.281,8.268,8.12
772.03,15,9.354,8.585,9.72,8.367,9.378,9.07,9.069,10.292,9.299,8.67,8.596,8.754,8.14,8.322,8.199,7.503,7.613,8.788,8.371,8.819,9.251,8.219,8.226
773.03,15,9.455,8.658,9.736,8.337,9.297,9.094,9.069,10.297,9.324,8.667,8.54,8.718,8.125,8.336,8.169,7.444,7.723,8.782,8.33,8.819,9.278,8.214,8.15
774.03,15,9.397,8.657,9.805,8.269,9.263,9.035,9.018,10.362,9.32,8.606,8.533,8.72,8.111,8.318,8.191,7.542,7.632,8.801,8.328,8.809,9.308,8.252,8.173
775.03,15,9.361,8.58,9.75,8.291,9.254,9.101,9.079,10.252,9.337,8.635,8.595,8.751,8.07,8.31,8.154,7.395,7.737,8.744,8.355,8.791,9.259,8.227,8.165
776.03,15,9.345,8.664,9.826,8.292,9.212,9.058,9.062,10.26,9.31,8.631,8.547,8.756,8.119,8.314,8.258,7.54,7.649,8.771,8.418,8.808,9.291,8.273,8.154
777.03,15,9.396,8.605,9.771,8.276,9.253,9.114,9.034,10.251,9.367,8.66,8.603,8.745,8.136,8.369,8.145,7.521,7.653,8.778,8.373,8.78,9.26,8.258,8.196
778.03,15,9.369,8.632,9.811,8.324,9.306,9.082,9.022,10.265,9.402,8.66,8.559,8.771,8.058,8.296,8.201,7.495,7.695,8.811,8.367,8.825,9.25,8.24,8.177
779.03,15,9.344,8.574,9.761,8.305,9.313,9.055,9.11,10.219,9.321,8.699,8.526,8.738,8.079,8.348,8.201,7.536,7.62,8.779,8.361,8.806,9.294,8.242,8.204
780.03,15,9.312,8.619,9.761,8.37,9.263,9.098,9.02,10.306,9.306,8.692,8.56,8.744,8.101,8.342,8.195,7.555,7.65,8.794,8.254,8.799,9.253,8.213,8.244
781.03,15,9.339,8.65,9.721,8.282,9.324,9.079,9.072,10.268,9.332,8.639,8.602,8.788,8.15,8.307,8.144,7.548,7.65,8.809,8.302,8.804,9.274,8.293,8.202
782.03,15,9.357,8.643,9.802,8.342,9.207,9.092,9.025,10.275,9.351,8.639,8.583,8.696,8.097,8.382,8.147,7.478,7.611,8.846,8.381,8.817,9.266,8.281,8.128
783.03,15,9.352,8.634,9.786,8.298,9.271,9.12,9.05,10.269,9.328,8.699,8.583,8.726,8.126,8.349,8.168,7.477,7.692,8.761,8.385,8.821,9.248,8.227,8.145
784.03,15,9.401,8.621,9.787,8.262,9.237,9.12,9.089,10.237,9.296,8.661,8.613,8.714,8.126,8.298,8.155,7.496,7.582,8.729,8.383,8.763,9.286,8.255,8.116
785.03,15,9.37,8.625,9.719,8.264,9.284,8.973,9.054,10.321,9.406,8.623,8.56,8.672,8.111,8.297,8.193,7.462,7.654,8.765,8.313,8.82,9.291,8.221,8.178
786.03,15,9.294,8.582,9.783,8.217,9.275,9.076,9.078,10.31,9.32,8.579,8.534,8.677,8.112,8.246,8.13,7.515,7.667,8.715,8.313,8.809,9.25,8.188,8.167
787.03,15,9.349,8.658,9.755,8.272,9.296,9.067,8.991,10.31,9.319,8.605,8.536,8.708,8.08,8.316,8.196,7.466,7.696,8.82,8.387,8.852,9.245,8.276,8.165
788.03,15,9.413,8.571,9.705,8.326,9.31,9.079,9.128,10.283,9.27,8.726,8.581,8.705,8.096,8.371,8.154,7.52,7.581,8.757,8.335,8.815,9.323,8.216,8.184
789.03,15,9.439,8.546,9.807,8.336,9.349,9.053,9.047,10.297,9.309,8.574,8.549,8.824,8.021,8.295,8.21,7.479,7.637,8.853,8.327,8.827,9.234,8.268,8.181
790.03,15,9.375,8.648,9.801,8.241,9.255,9.004,9.036,10.269,9.264,8.645,8.538,8.757,8.125,8.293,8.21,7.499,7.635,8.706,8.39,8.797,9.277,8.283,8.225
791.03,15,9.328,8.573,9.751,8.241,9.299,9.06,9.038,10.314,9.356,8.609,8.569,8.709,8.102,8.292,8.178,7.409,7.654,8.822,8.35,8.782,9.294,8.215,8.159
792.03,15,9.353,8.665,9.763,8.303,9.304,9.109,9.034,10.26,9.389,8.632,8.6,8.761,8.132,8.257,8.163,7.433,7.677,8.799,8.401,8.79,9.279,8.236,8.183
793.03,15,9.329,8.588,9.794,8.347,9.244,9.074,9.055,10.319,9.292,8.668,8.603,8.771,8.077,8.254,8.174,7.437,7.63,8.823,8.367,8.825,9.247,8.269,8.184
794.03,15,9.37,8.594,9.72,8.311,9.285,9.084,9.056,10.287,9.346,8.537,8.556,8.773,8.075,8.339,8.119,7.501,7.648,8.81,8.373,8.816,9.344,8.256,8.19
795.03,15,9.471,8.631,9.758,8.231,9.277,9.026,9.013,10.19,9.311,8.602,8.611,8.826,8.085,8.312,8.123,7.494,7.591,8.767,8.337,8.804,9.252,8.257,8.229
796.03,15,9.362,8.608,9.759,8.352,9.261,9.078,9.001,10.234,9.327,8.618,8.553,8.748,8.07,8.325,8.241,7.461,7.639,8.797,8.346,8.814,9.252,8.261,8.238
797.03,15,9.397,8.625,9.758,8.296,9.255,9.043,9.1,10.27,9.267,8.653,8.573,8.73,8.094,8.284,8.194,7.519,7.628,8.782,8.289,8.757,9.325,8.237,8.169
798.03,15,9.315,8.585,9.781,8.261,9.223,9.071,9.018,10.314,9.321,8.647,8.529,8.761,8.136,8.291,8.134,7.484,7.601,8.83,8.391,8.777,9.292,8.23,8.164
799.03,15,9.35,8.624,9.782,8.314,9.292,9.132,9.058,10.297,9.264,8.676,8.551,8.778,8.09,8.275,8.18,7.48,7.638,8.745,8.337,8.751,9.279,8.279,8.143
800.03,15,9.35,8.598,9.743,8.282,9.262,9.034,9.018,10.318,9.277,8.609,8.526,8.727,8.079,8.308,8.151,7.462,7.664,8.81,8.37,8.823,9.317,8.262,8.153
801.03,15,9.395,8.622,9.707,8.261,9.258,9.117,9.05,10.362,9.196,8.597,8.578,8.767,8.111,8.356,8.133,7.393,7.621,8.818,8.339,8.775,9.268,8.177,8.155
802.03,15,9.325,8.667,9.731,8.325,9.258,9.072,9.06,10.262,9.358,8.653,8.517,8.757,8.093,8.27,8.137,7.451,7.634,8.777,8.296,8.777,9.262,8.25,8.21
803.03,15,9.372,8.602,9.777,8.311,9.268,9.082,9.115,10.312,9.353,8.722,8.582,8.741,8.083,8.271,8.152,7.468,7.627,8.742,8.356,8.79,9.189,8.219,8.188
804.03,15,9.353,8.612,9.745,8.279,9.27,9.081,9.081,10.276,9.34,8.588,8.58,8.734,8.123,8.274,8.165,7.503,7.677,8.774,8.336,8.769,9.29,8.208,8.114
805.03,15,9.325,8.624,9.702,8.302,9.241,9.084,9.006,10.239,9.317,8.65,8.577,8.718,8.035,8.326,8.125,7.471,7.71,8.746,8.358,8.866,9.324,8.263,8.147
806.03,15,9.39,8.631,9.781,8.32,9.276,9.058,9.054,10.289,9.297,8.652,8.57,8.707,8.095,8.302,8.166,7.442,7.682,8.721,8.351,8.794,9.254,8.281,8.179
807.03,15,9.32,8.638,9.777,8.261,9.253,9.054,9.032,10.265,9.237,8.675,8.557,8.631,8.103,8.341,8.19,7.504,7.698,8.775,8.363,8.807,9.233,8.259,8.134
808.03,15,9.376,8.571,9.752,8.26,9.298,9.121,9.034,10.238,9.278,8.635,8.541,8.709,8.115,8.336,8.136,7.476,7.668,8.822,8.319,8.792,9.283,8.219,8.189
809.03,15,9.368,8.627,9.788,8.24,9.241,9.069,9.013,10.254,9.316,8.573,8.593,8.767,8.063,8.268,8.169,7.516,7.724,8.787,8.333,8.857,9.133,8.206,8.194
810.03,15,9.388,8.647,9.674,8.262,9.267,9.035,9.091,10.327,9.365,8.678,8.537,8.759,8.007,8.283,8.186,7.505,7.708,8.769,8.3,8.794,9.268,8.169,8.148
811.03,15,9.333,8.57,9.78,8.356,9.247,9.064,9.039,10.28,9.264,8.674,8.53,8.737,8.116,8.281,8.187,7.439,7.64,8.81,8.35,8.849,9.261,8.27,8.18
812.03,15,9.335,8.638,9.672,8.288,9.285,8.98,8.999,10.308,9.322,8.575,8.564,8.73,8.136,8.279,8.172,7.481,7.661,8.779,8.349,8.799,9.306,8.221,8.113
813.03,15,9.338,8.636,9.754,8.314,9.291,9.072,8.999,10.287,9.338,8.637,8.584,8.692,8.104,8.285,8.142,7.426,7.698,8.792,8.322,8.764,9.274,8.226,8.186
814.03,15,9.369,8.625,9.772,8.276,9.256,9.016,9.096,10.244,9.376,8.667,8.552,8.768,8.078,8.237,8.178,7.481,7.731,8.702,8.398,8.75,9.308,8.182,8.149
815.03,15,9.304,8.565,9.734,8.297,9.225,9.084,9.068,10.277,9.284,8.682,8.602,8.69,8.045,8.296,8.18,7.499,7.599,8.831,8.362,8.861,9.292,8.23,8.189
816.03,15,9.299,8.64,9.796,8.226,9.233,9.035,9.077,10.307,9.343,8.585,8.595,8.712,8.111,8.282,8.133,7.428,7.704,8.722,8.338,8.735,9.245,8.281,8.215
817.03,15,9.324,8.499,9.721,8.358,9.282,9.023,9.039,10.32,9.307,8.657,8.619,8.788,8.124,8.312,8.167,7.443,7.645,8.757,8.355,8.794,9.306,8.239,8.181
818.03,15,9.332,8.542,9.817,8.305,9.286,9.07,9.048,10.283,9.35,8.665,8.466,8.761,8.105,8.232,8.064,7.495,7.657,8.791,8.39,8.798,9.277,8.258,8.192
819.03,15,9.316,8.633,9.809,8.308,9.254,9.058,9.048,10.25,9.248,8.644,8.571,8.692,8.106,8.285,8.129,7.424,7.635,8.763,8.354,8.782,9.261,8.234,8.147
820.03,15,9.344,8.558,9.712,8.275,9.213,9.069,9.079,10.282,9.293,8.663,8.577,8.661,8.085,8.332,8.129,7.482,7.632,8.77,8.318,8.793,9.24,8.214,8.139
821.03,15,9.355,8.574,9.768,8.326,9.278,9.047,9.068,10.258,9.33,8.614,8.513,8.718,8.032,8.253,8.163,7.45,7.68,8.778,8.395,8.797,9.225,8.147,8.176
822.03,15,9.25,8.539,9.757,8.278,9.272,9.02,9.06,10.248,9.332,8.593,8.52,8.72,8.07,8.24,8.163,7.457,7.669,8.745,8.369,8.765,9.278,8.209,8.139
823.03,15,9.353,8.563,9.711,8.342,9.23,9.024,8.969,10.246,9.268,8.597,8.557,8.763,7.977,8.314,8.069,7.399,7.606,8.75,8.366,8.783,9.299,8.209,8.153
824.03,15,9.297,8.593,9.822,8.244,9.209,9.043,9.079,10.255,9.264,8.639,8.61,8.709,8.081,8.253,8.073,7.442,7.664,8.82,8.321,8.822,9.317,8.207,8.174
825.03,15,9.356,8.635,9.724,8.263,9.268,9.09,9.087,10.258,9.293,8.617,8.573,8.656,8.124,8.283,8.139,7.464,7.606,8.748,8.288,8.794,9.204,8.192,8.213
826.03,15,9.276,8.648,9.785,8.334,9.268,9.027,8.973,10.242,9.296,8.684,8.551,8.712,8.06,8.291,8.108,7.48,7.707,8.784,8.342,8.755,9.331,8.209,8.192
827.03,15,9.331,8.545,9.764,8.381,9.295,9.062,9.084,10.218,9.339,8.603,8.53,8.705,8.085,8.283,8.179,7.439,7.677,8.723,8.373,8.738,9.301,8.163,8.282
828.03,15,9.35,8.575,9.716,8.212,9.271,9.03,9.029,10.309,9.248,8.653,8.528,8.704,8.137,8.279,8.14,7.484,7.678,8.823,8.329,8.8,9.254,8.224,8.164
829.03,15,9.304,8.564,9.763,8.283,9.281,9.024,9.005,10.301,9.278,8.692,8.527,8.725,8.163,8.276,8.162,7.442,7.603,8.815,8.332,8.731,9.251,8.202,8.167
830.03,15,9.377,8.643,9.8,8.248,9.23,9.068,9.05,10.292,9.28,8.626,8.562,8.676,8.077,8.234,8.241,7.454,7.68,8.733,8.311,8.735,9.258,8.186,8.119
831.03,15,9.351,8.598,9.753,8.307,9.203,9.012,9.077,10.31,9.262,8.658,8.578,8.702,8.107,8.313,8.072,7.429,7.657,8.832,8.352,8.771,9.272,8.242,8.212
832.03,15,9.349,8.605,9.758,8.288,9.24,9.052,9.064,10.251,9.314,8.603,8.571,8.715,8.042,8.245,8.062,7.438,7.67,8.73,8.314,8.809,9.219,8.212,8.146
833.03,15,9.383,8.58,9.765,8.196,9.278,9.021,9.036,10.333,9.311,8.65,8.532,8.762,8.118,8.294,8.104,7.42,7.558,8.782,8.397,8.765,9.219,8.224,8.126
834.03,15,9.314,8.534,9.753,8.28,9.208,9.026,9.05,10.258,9.273,8.596,8.556,8.764,8.104,8.293,8.094,7.49,7.657,8.794,8.298,8.76,9.173,8.253,8.204
835.03,15,9.384,8.49,9.718,8.273,9.233,9.019,9.039,10.141,9.268,8.646,8.516,8.701,8.074,8.279,8.095,7.418,7.553,8.749,8.251,8.794,9.27,8.189,8.158
836.03,15,9.309,8.596,9.719,8.277,9.237,9.053,9.05,10.199,9.315,8.625,8.485,8.728,8.09,8.291,8.078,7.388,7.693,8.785,8.337,8.777,9.253,8.226,8.14
837.03,15,9.372,8.552,9.707,8.313,9.296,9.091,9.056,10.218,9.327,8.619,8.601,8.665,8.057,8.25,8.13,7.44,7.626,8.776,8.317,8.752,9.3,8.171,8.085
838.03,15,9.346,8.621,9.752,8.332,9.248,9.017,9.015,10.275,9.287,8.616,8.571,8.754,8.135,8.277,8.11,7.432,7.675,8.779,8.401,8.814,9.228,8.225,8.203
839.03,15,9.39,8.501,9.797,8.296,9.262,9.031,9.025,10.225,9.236,8.604,8.55,8.722,8.078,8.307,8.123,7.421,7.633,8.755,8.374,8.823,9.227,8.247,8.146
840.03,15,9.381,8.585,9.765,8.222,9.251,9.059,9.081,10.254,9.295,8.625,8.576,8.688,8.127,8.319,8.166,7.454,7.546,8.761,8.388,8.649,9.216,8.204,8.122
841.03,15,9.326,8.605,9.693,8.302,9.197,9.118,8.982,10.298,9.334,8.557,8.557,8.766,8.125,8.291,8.151,7.512,7.605,8.808,8.327,8.781,9.268,8.232,8.128
842.03,15,9.313,8.575,9.753,8.273,9.309,8.936,8.999,10.248,9.267,8.602,8.502,8.697,8.04,8.368,8.126,7.489,7.612,8.767,8.314,8.741,9.251,8.269,8.197
843.03,15,9.333,8.577,9.793,8.244,9.273,9.023,9.008,10.31,9.254,8.609,8.552,8.708,8.086,8.272,8.154,7.398,7.604,8.769,8.345,8.753,9.271,8.271,8.146
844.03,15,9.338,8.543,9.741,8.276,9.253,9.063,9.077,10.245,9.253,8.624,8.478,8.643,8.164,8.28,8.126,7.415,7.71,8.754,8.287,8.791,9.249,8.254,8.118
845.03,15,9.303,8.559,9.786,8.255,9.233,9.082,8.976,10.218,9.279,8.624,8.547,8.712,8.079,8.208,8.165,7.394,7.655,8.753,8.294,8.76,9.246,8.221,8.154
846.03,15,9.395,8.614,9.775,8.302,9.221,9.032,8.999,10.211,9.29,8.675,8.512,8.669,8.114,8.321,8.105,7.396,7.649,8.752,8.307,8.757,9.244,8.241,8.183
847.03,15,9.341,8.571,9.733,8.315,9.242,9.099,8.974,10.276,9.323,8.617,8.549,8.699,8.101,8.275,8.081,7.37,7.609,8.754,8.388,8.757,9.233,8.243,8.196
848.03,15,9.338,8.558,9.666,8.297,9.215,9.061,8.958,10.317,9.281,8.64,8.526,8.76,8.07,8.251,8.142,7.429,7.624,8.739,8.39,8.76,9.259,8.218,8.227
849.03,15,9.318,8.634,9.699,8.349,9.237,9.01,9.016,10.248,9.225,8.642,8.544,8.704,8.097,8.25,8.139,7.465,7.616,8.742,8.314,8.787,9.217,8.203,8.148
850.03,15,9.352,8.562,9.73,8.224,9.258,9.039,9.036,10.2,9.299,8.619,8.54,8.681,8.041,8.325,8.199,7.478,7.627,8.73,8.289,8.796,9.224,8.254,8.178
851.03,15,9.321,8.598,9.73,8.243,9.261,9.024,9.046,10.298,9.23,8.662,8.542,8.708,8.113,8.303,8.156,7.462,7.653,8.745,8.265,8.795,9.282,8.28,8.104
852.03,15,9.348,8.601,9.711,8.205,9.332,9.038,9.043,10.25,9.285,8.6,8.521,8.714,8.075,8.202,8.046,7.485,7.705,8.804,8.314,8.77,9.247,8.199,8.185
853.03,15,9.336,8.53,9.713,8.299,9.208,9.035,9.106,10.229,9.276,8.613,8.566,8.721,8.051,8.301,8.145,7.463,7.647,8.748,8.288,8.8,9.203,8.24,8.117
854.03,15,9.361,8.578,9.71,8.252,9.197,9.045,9.069,10.267,9.247,8.641,8.523,8.68,8.109,8.266,8.074,7.446,7.664,8.738,8.392,8.771,9.246,8.209,8.099
855.03,15,9.389,8.622,9.789,8.337,9.224,9.062,9.059,10.304,9.267,8.69,8.532,8.708,8.059,8.293,8.133,7.462,7.708,8.752,8.307,8.744,9.237,8.182,8.153
856.03,15,9.334,8.563,9.728,8.292,9.248,9.013,9.049,10.217,9.298,8.579,8.564,8.73,8.072,8.3,8.11,7.406,7.667,8.763,8.311,8.812,9.17,8.219,8.188
857.03,15,9.352,8.637,9.732,8.269,9.256,8.985,9.03,10.189,9.343,8.669,8.532,8.692,8.06,8.246,8.121,7.389,7.618,8.764,8.365,8.817,9.27,8.23,8.147
858.03,15,9.325,8.598,9.729,8.336,9.188,9.011,9.055,10.288,9.244,8.577,8.512,8.694,8.094,8.216,8.119,7.451,7.582,8.828,8.35,8.78,9.313,8.201,8.107
859.03,15,9.33,8.564,9.666,8.283,9.326,9.028,9.01,10.25,9.32,8.572,8.57,8.722,8.049,8.218,8.086,7.484,7.629,8.721,8.271,8.773,9.206,8.121,8.108
860.03,15,9.419,8.578,9.649,8.263,9.322,9.027,8.992,10.217,9.266,8.588,8.582,8.72,8.105,8.324,8.177,7.435,7.581,8.795,8.321,8.792,9.291,8.219,8.075
861.03,15,9.316,8.578,9.734,8.282,9.192,9.025,8.978,10.337,9.333,8.598,8.499,8.708,8.086,8.296,8.101,7.407,7.644,8.75,8.345,8.834,9.225,8.218,8.17
862.03,15,9.414,8.562,9.695,8.258,9.247,9.023,9.022,10.31,9.237,8.606,8.553,8.754,8.114,8.27,8.125,7.399,7.645,8.754,8.28,8.733,9.213,8.193,8.2
863.03,15,9.291,8.63,9.736,8.252,9.263,9.049,9.055,10.251,9.244,8.65,8.569,8.673,8.047,8.367,8.08,7.381,7.577,8.689,8.328,8.845,9.225,8.189,8.143
864.03,15,9.375,8.611,9.746,8.256,9.306,9.04,9.053,10.262,9.271,8.574,8.527,8.678,8.104,8.26,8.093,7.467,7.594,8.779,8.326,8.779,9.252,8.202,8.144
865.03,15,9.372,8.62,9.769,8.266,9.284,9.001,9.024,10.24,9.3,8.577,8.58,8.716,8.086,8.286,8.091,7.437,7.617,8.797,8.318,8.719,9.284,8.204,8.172
866.03,15,9.321,8.573,9.768,8.278,9.227,9.043,9.044,10.29,9.329,8.605,8.484,8.66,8.064,8.315,8.132,7.429,7.584,8.802,8.378,8.812,9.28,8.217,8.101
867.03,15,9.25,8.56,9.725,8.271,9.272,9.026,9.054,10.287,9.268,8.607,8.578,8.641,8.112,8.268,8.062,7.424,7.666,8.764,8.301,8.777,9.209,8.278,8.185
868.03,15,9.333,8.562,9.74,8.332,9.284,9.017,9.008,10.259,9.328,8.662,8.497,8.739,8.083,8.205,8.167,7.454,7.604,8.747,8.354,8.718,9.246,8.185,8.186
869.03,15,9.377,8.574,9.73,8.256,9.211,9.045,9,10.267,9.279,8.665,8.452,8.667,8.079,8.222,8.104,7.396,7.634,8.769,8.295,8.799,9.292,8.212,8.127
870.03,15,9.364,8.631,9.74,8.261,9.29,9.013,9.049,10.303,9.321,8.605,8.495,8.727,8.082,8.204,8.01,7.402,7.6,8.711,8.329,8.74,9.19,8.238,8.171
871.03,15,9.319,8.563,9.711,8.287,9.238,8.996,8.992,10.2,9.272,8.566,8.525,8.78,8.035,8.202,8.099,7.335,7.561,8.716,8.329,8.779,9.318,8.224,8.125
872.03,15,9.312,8.598,9.686,8.3,9.202,9.023,8.969,10.249,9.29,8.552,8.541,8.747,8.023,8.311,8.105,7.377,7.625,8.758,8.32,8.797,9.255,8.196,8.167
873.03,15,9.291,8.615,9.669,8.215,9.211,9.025,9.06,10.214,9.263,8.629,8.51,8.689,8.078,8.304,8.091,7.444,7.67,8.697,8.364,8.788,9.286,8.235,8.141
874.03,15,9.328,8.608,9.668,8.242,9.214,8.979,9.013,10.245,9.249,8.619,8.454,8.724,8.006,8.254,8.037,7.459,7.657,8.734,8.369,8.745,9.265,8.226,8.189
875.03,15,9.357,8.575,9.738,8.273,9.265,9.032,9.045,10.189,9.299,8.628,8.546,8.716,8.11,8.252,8.113,7.421,7.656,8.758,8.345,8.778,9.24,8.173,8.153
876.03,15,9.333,8.537,9.694,8.253,9.226,9.051,9.011,10.233,9.24,8.618,8.49,8.707,8.138,8.291,8.109,7.36,7.648,8.784,8.288,8.789,9.235,8.204,8.115
877.03,15,9.314,8.556,9.728,8.273,9.201,9.02,9.053,10.258,9.272,8.584,8.498,8.687,8.1,8.28,8.196,7.43,7.632,8.794,8.336,8.729,9.216,8.156,8.18
878.03,15,9.263,8.569,9.707,8.24,9.159,9.078,9.014,10.18,9.266,8.624,8.491,8.743,8.118,8.254,8.01,7.487,7.661,8.745,8.271,8.764,9.262,8.19,8.199
879.03,15,9.314,8.629,9.734,8.291,9.216,9.064,9.042,10.268,9.328,8.595,8.588,8.675,8.109,8.333,8.098,7.436,7.633,8.72,8.323,8.803,9.214,8.162,8.145
880.03,15,9.333,8.569,9.718,8.344,9.211,9.08,9.015,10.265,9.287,8.592,8.54,8.71,8.123,8.295,8.088,7.405,7.621,8.732,8.284,8.701,9.259,8.222,8.16
881.03,15,9.321,8.57,9.728,8.317,9.2,9.105,9.031,10.264,9.262,8.589,8.505,8.673,8.073,8.245,8.098,7.401,7.6,8.729,8.346,8.734,9.192,8.212,8.134
882.03,15,9.314,8.519,9.798,8.268,9.165,9.035,9.04,10.193,9.286,8.634,8.573,8.702,8.065,8.25,8.164,7.377,7.551,8.715,8.341,8.764,9.213,8.147,8.188
883.03,15,9.239,8.634,9.653,8.261,9.235,9.062,9.049,10.279,9.266,8.594,8.525,8.696,8.113,8.234,8.097,7.38,7.641,8.753,8.327,8.706,9.231,8.174,8.101
884.03,15,9.36,8.552,9.739,8.273,9.209,8.986,9.042,10.167,9.28,8.613,8.485,8.689,8.095,8.286,8.129,7.408,7.647,8.778,8.316,8.785,9.197,8.205,8.182
885.03,15,9.355,8.568,9.697,8.307,9.23,8.985,9.08,10.263,9.246,8.662,8.553,8.683,8.044,8.239,8.143,7.4,7.664,8.703,8.3,8.779,9.231,8.179,8.198
886.03,15,9.3,8.445,9.653,8.244,9.232,9.032,9.127,10.24,9.281,8.587,8.489,8.702,8.068,8.238,8.135,7.404,7.664,8.747,8.28,8.768,9.246,8.204,8.133
887.03,15,9.303,8.628,9.722,8.244,9.207,9.025,9.044,10.24,9.318,8.639,8.579,8.685,8.097,8.243,8.111,7.351,7.609,8.689,8.295,8.756,9.271,8.122,8.121
888.03,15,9.283,8.6,9.697,8.292,9.258,9.02,8.981,10.237,9.223,8.636,8.52,8.644,8.094,8.252,8.046,7.411,7.63,8.702,8.322,8.777,9.258,8.144,8.109
889.03,15,9.313,8.536,9.765,8.284,9.227,9.037,9.051,10.268,9.206,8.59,8.516,8.722,8.119,8.21,8.081,7.397,7.646,8.762,8.282,8.752,9.256,8.192,8.167
890.03,15,9.364,8.569,9.725,8.258,9.246,8.992,8.984,10.184,9.359,8.658,8.484,8.644,8.082,8.3,8.078,7.364,7.619,8.748,8.339,8.75,9.242,8.219,8.085
891.03,15,9.359,8.594,9.771,8.264,9.253,9.033,9.028,10.295,9.291,8.641,8.488,8.658,8.044,8.212,8.076,7.429,7.635,8.753,8.346,8.731,9.259,8.165,8.084
892.03,15,9.326,8.618,9.714,8.179,9.27,8.988,9.071,10.272,9.259,8.622,8.516,8.694,8.067,8.311,8.066,7.471,7.673,8.711,8.343,8.735,9.172,8.204,8.126
893.03,15,9.361,8.563,9.716,8.257,9.237,9.06,9.004,10.216,9.257,8.542,8.524,8.684,8.055,8.274,8.083,7.429,7.621,8.707,8.332,8.706,9.28,8.19,8.065
894.03,15,9.347,8.54,9.709,8.284,9.216,9.006,9.059,10.235,9.236,8.651,8.598,8.684,8.144,8.294,8.115,7.377,7.606,8.746,8.336,8.759,9.257,8.188,8.148
895.03,15,9.268,8.516,9.739,8.273,9.277,8.978,9.026,10.224,9.292,8.57,8.51,8.68,8.076,8.237,8.071,7.357,7.589,8.795,8.237,8.758,9.223,8.185,8.105
896.03,15,9.272,8.538,9.695,8.225,9.232,8.996,9.027,10.271,9.196,8.612,8.501,8.644,8.077,8.213,8.085,7.396,7.614,8.761,8.293,8.746,9.269,8.087,8.13
897.03,15,9.297,8.596,9.725,8.208,9.24,9.051,8.944,10.218,9.248,8.569,8.511,8.709,8.062,8.175,8.065,7.375,7.631,8.779,8.265,8.737,9.193,8.287,8.178
898.03,15,9.363,8.547,9.679,8.244,9.227,9.009,9.084,10.258,9.319,8.605,8.53,8.667,8.054,8.286,8.106,7.411,7.589,8.729,8.29,8.768,9.266,8.126,8.183
899.03,15,9.306,8.546,9.735,8.196,9.224,9.047,9.054,10.252,9.258,8.596,8.49,8.711,8.094,8.195,8.09,7.405,7.637,8.723,8.261,8.76,9.254,8.163,8.133
900.03,15,9.323,8.593,9.743,8.265,9.257,9.033,9.046,10.218,9.267,8.538,8.529,8.718,8.07,8.274,8.042,7.404,7.563,8.767,8.287,8.758,9.239,8.175,8.148
901.03,15,9.31,8.53,9.72,8.253,9.205,9.043,9.1,10.258,9.189,8.595,8.578,8.708,8.11,8.275,8.103,7.324,7.614,8.773,8.365,8.774,9.256,8.127,8.076
902.03,15,9.346,8.537,9.698,8.274,9.248,9.009,9.005,10.256,9.301,8.673,8.533,8.674,8.073,8.251,8.007,7.399,7.625,8.792,8.24,8.735,9.222,8.176,8.133
903.03,15,9.335,8.557,9.699,8.252,9.247,8.965,9.064,10.199,9.277,8.573,8.495,8.634,8.053,8.222,8.109,7.373,7.648,8.714,8.297,8.724,9.25,8.22,8.147
904.03,15,9.368,8.482,9.757,8.177,9.2,9.067,9.014,10.221,9.206,8.64,8.524,8.666,8.094,8.273,8.046,7.467,7.649,8.72,8.289,8.669,9.237,8.183,8.163
905.03,15,9.334,8.525,9.755,8.221,9.161,8.983,9.038,10.233,9.304,8.576,8.492,8.718,8.008,8.248,8.065,7.391,7.631,8.701,8.36,8.7,9.293,8.199,8.113
906.03,15,9.411,8.575,9.756,8.278,9.286,8.961,8.992,10.291,9.178,8.627,8.53,8.657,8.056,8.25,8.076,7.427,7.625,8.687,8.264,8.722,9.254,8.202,8.175
907.03,15,9.35,8.565,9.661,8.24,9.246,8.994,9.04,10.197,9.198,8.6,8.495,8.701,8.107,8.226,8.096,7.39,7.673,8.747,8.304,8.742,9.251,8.193,8.128
908.03,15,9.332,8.57,9.703,8.255,9.239,9.002,8.952,10.2,9.284,8.583,8.507,8.623,8.101,8.271,8.074,7.382,7.558,8.767,8.346,8.742,9.243,8.118,8.103
909.03,15,9.333,8.552,9.63,8.233,9.22,8.98,8.991,10.226,9.229,8.668,8.517,8.705,8.058,8.229,8.071,7.434,7.608,8.657,8.29,8.761,9.202,8.166,8.178
910.03,15,9.327,8.609,9.654,8.248,9.195,8.967,9.058,10.211,9.232,8.627,8.507,8.756,8.065,8.237,8.081,7.407,7.628,8.81,8.324,8.756,9.275,8.135,8.148
911.03,15,9.301,8.521,9.65,8.24,9.19,8.982,9.006,10.247,9.325,8.638,8.488,8.661,8.046,8.239,8.029,7.421,7.624,8.733,8.323,8.693,9.209,8.188,8.133
912.03,15,9.284,8.568,9.683,8.298,9.192,9.007,9.06,10.243,9.211,8.658,8.497,8.646,8.064,8.211,8.055,7.374,7.627,8.73,8.349,8.797,9.207,8.158,8.131
913.03,15,9.302,8.615,9.667,8.263,9.28,9.073,9.02,10.264,9.307,8.627,8.471,8.695,8.12,8.234,8.082,7.384,7.626,8.812,8.363,8.709,9.273,8.116,8.13
914.03,15,9.271,8.623,9.683,8.215,9.23,9.089,9.003,10.238,9.232,8.586,8.554,8.677,8.099,8.241,8.079,7.378,7.581,8.755,8.291,8.817,9.201,8.152,8.109
915.03,15,9.325,8.512,9.664,8.27,9.176,8.956,9.047,10.221,9.238,8.638,8.528,8.652,8.045,8.229,8.019,7.357,7.577,8.772,8.327,8.738,9.276,8.189,8.102
916.03,15,9.276,8.571,9.751,8.295,9.188,8.989,8.978,10.177,9.169,8.642,8.504,8.674,8.021,8.232,8.074,7.34,7.636,8.799,8.282,8.7,9.194,8.127,8.085
917.03,15,9.339,8.59,9.696,8.253,9.233,9.014,9.02,10.187,9.31,8.667,8.499,8.614,8.087,8.251,7.965,7.406,7.562,8.699,8.326,8.747,9.254,8.163,8.168
918.03,15,9.363,8.583,9.698,8.295,9.186,8.916,9.027,10.235,9.264,8.604,8.472,8.694,7.997,8.21,8.037,7.425,7.609,8.698,8.246,8.802,9.201,8.134,8.145
919.03,15,9.29,8.538,9.678,8.202,9.188,8.987,9.043,10.263,9.229,8.548,8.522,8.634,8.111,8.282,8.073,7.36,7.607,8.769,8.305,8.79,9.282,8.214,8.149
920.03,15,9.319,8.519,9.663,8.232,9.259,8.991,8.938,10.181,9.286,8.593,8.513,8.687,8.034,8.265,8.094,7.369,7.599,8.776,8.314,8.784,9.219,8.191,8.124
921.03,15,9.289,8.518,9.719,8.243,9.2,9.01,8.996,10.203,9.285,8.615,8.437,8.657,8.064,8.221,8.076,7.394,7.69,8.76,8.334,8.775,9.245,8.095,8.104
922.03,15,9.26,8.529,9.628,8.286,9.255,9.03,8.951,10.269,9.258,8.641,8.449,8.668,8.12,8.181,7.976,7.326,7.571,8.732,8.288,8.744,9.214,8.164,8.146
923.03,15,9.258,8.581,9.75,8.268,9.205,9.071,9.056,10.251,9.232,8.594,8.514,8.687,8.075,8.188,8.034,7.35,7.594,8.746,8.251,8.731,9.266,8.182,8.154
924.03,15,9.286,8.511,9.717,8.24,9.223,8.98,9.023,10.184,9.25,8.627,8.565,8.661,8.044,8.274,8.017,7.415,7.639,8.669,8.32,8.715,9.263,8.141,8.093
925.03,15,9.3,8.505,9.717,8.181,9.271,8.986,9.005,10.234,9.238,8.501,8.5,8.698,8.113,8.32,8.032,7.378,7.551,8.745,8.23,8.717,9.27,8.097,8.135
926.03,15,9.302,8.591,9.686,8.324,9.234,9.01,9.017,10.24,9.213,8.583,8.475,8.626,8.104,8.25,8.069,7.395,7.67,8.698,8.233,8.725,9.243,8.16,8.082
927.03,15,9.286,8.55,9.721,8.274,9.262,8.966,9.024,10.225,9.302,8.6,8.459,8.644,8.03,8.236,8.037,7.369,7.642,8.768,8.334,8.69,9.243,8.109,8.113
928.03,15,9.36,8.612,9.728,8.262,9.167,8.995,9.008,10.233,9.198,8.633,8.507,8.678,8.097,8.242,8.061,7.425,7.619,8.698,8.295,8.704,9.199,8.143,8.092
929.03,15,9.267,8.557,9.706,8.224,9.236,9.035,9.004,10.218,9.201,8.605,8.595,8.669,8.08,8.19,8.033,7.364,7.573,8.751,8.368,8.781,9.252,8.118,8.129
930.03,15,9.348,8.559,9.685,8.231,9.261,9.024,8.965,10.239,9.242,8.612,8.499,8.685,8.08,8.254,8.04,7.398,7.57,8.658,8.319,8.816,9.217,8.185,8.095
931.03,15,9.25,8.554,9.713,8.223,9.258,9.029,8.996,10.171,9.26,8.56,8.498,8.616,8.088,8.224,8.063,7.341,7.535,8.806,8.262,8.751,9.249,8.148,8.138
932.03,15,9.281,8.603,9.664,8.286,9.186,9.014,9.009,10.241,9.241,8.625,8.522,8.683,8.035,8.263,8.022,7.38,7.626,8.741,8.3,8.75,9.206,8.195,8.142
933.03,15,9.323,8.482,9.702,8.296,9.159,8.974,9.069,10.272,9.28,8.523,8.533,8.685,8.035,8.284,8.105,7.357,7.55,8.733,8.332,8.672,9.269,8.131,8.166
934.03,15,9.315,8.566,9.677,8.235,9.22,9.009,9.024,10.246,9.185,8.57,8.515,8.688,8.023,8.202,8.082,7.374,7.575,8.668,8.281,8.787,9.226,8.157,8.13
935.03,15,9.285,8.555,9.668,8.247,9.267,9.029,9.038,10.244,9.235,8.651,8.442,8.71,8.049,8.252,8.083,7.297,7.552,8.727,8.332,8.741,9.176,8.2,8.11
936.03,15,9.288,8.532,9.658,8.216,9.223,8.979,9.013,10.236,9.219,8.542,8.435,8.712,8.026,8.265,8.02,7.382,7.561,8.746,8.302,8.676,9.263,8.157,8.1
937.03,15,9.275,8.575,9.748,8.216,9.216,9.016,9.011,10.227,9.231,8.61,8.559,8.683,8.084,8.198,8.047,7.37,7.628,8.748,8.321,8.749,9.196,8.214,8.095
938.03,15,9.312,8.579,9.613,8.214,9.158,8.975,9.056,10.235,9.25,8.641,8.487,8.656,7.989,8.221,8.048,7.331,7.626,8.832,8.209,8.728,9.231,8.191,8.174
939.03,15,9.325,8.548,9.697,8.248,9.171,8.984,9.043,10.207,9.233,8.641,8.489,8.656,8.067,8.212,8.023,7.315,7.624,8.677,8.338,8.77,9.235,8.118,8.132
940.03,15,9.299,8.522,9.701,8.285,9.249,8.996,9.025,10.233,9.237,8.663,8.517,8.647,8.072,8.189,7.981,7.384,7.568,8.757,8.304,8.73,9.17,8.149,8.175
941.03,15,9.321,8.437,9.695,8.277,9.2,8.976,9.063,10.166,9.228,8.541,8.466,8.609,8.085,8.199,8.029,7.29,7.56,8.755,8.282,8.729,9.232,8.185,8.131
942.03,15,9.295,8.548,9.676,8.216,9.211,9.013,8.995,10.237,9.188,8.611,8.461,8.65,8.085,8.137,8.003,7.352,7.583,8.74,8.288,8.745,9.224,8.146,8.114
943.03,15,9.313,8.489,9.643,8.242,9.167,8.94,8.948,10.177,9.219,8.58,8.53,8.677,8.084,8.179,8.071,7.402,7.575,8.735,8.303,8.726,9.24,8.179,8.14
944.03,15,9.313,8.536,9.702,8.286,9.206,8.943,9.003,10.188,9.195,8.579,8.527,8.661,8.036,8.223,8.015,7.389,7.585,8.774,8.251,8.751,9.288,8.158,8.111
945.03,15,9.279,8.569,9.707,8.246,9.253,9.036,8.932,10.215,9.244,8.531,8.502,8.693,8.11,8.214,8.038,7.326,7.636,8.718,8.249,8.774,9.187,8.105,8.141
946.03,15,9.322,8.602,9.668,8.28,9.207,8.939,9.017,10.231,9.18,8.553,8.518,8.646,8.065,8.253,7.999,7.377,7.61,8.754,8.273,8.746,9.26,8.142,8.115
947.03,15,9.279,8.503,9.699,8.201,9.221,9.066,9.038,10.263,9.241,8.641,8.577,8.669,8.098,8.221,7.989,7.35,7.615,8.692,8.261,8.793,9.227,8.114,8.1
948.03,15,9.331,8.549,9.64,8.205,9.205,8.981,9.013,10.24,9.267,8.625,8.487,8.658,8.017,8.19,8.039,7.38,7.587,8.681,8.271,8.717,9.178,8.098,8.134
949.03,15,9.335,8.537,9.678,8.224,9.181,9.042,8.945,10.303,9.184,8.589,8.502,8.659,8.046,8.184,7.991,7.325,7.614,8.679,8.325,8.656,9.21,8.174,8.12
950.03,15,9.302,8.505,9.699,8.254,9.233,8.886,8.965,10.256,9.226,8.548,8.501,8.611,8.041,8.257,8.055,7.334,7.561,8.739,8.244,8.731,9.151,8.183,8.022
951.03,15,9.318,8.547,9.727,8.211,9.218,8.982,9.008,10.144,9.285,8.559,8.479,8.69,8.064,8.263,8.079,7.319,7.56,8.76,8.281,8.768,9.24,8.111,8.14
952.03,15,9.252,8.486,9.745,8.258,9.151,9.017,9.009,10.178,9.236,8.577,8.51,8.648,8.152,8.219,7.999,7.307,7.546,8.764,8.315,8.688,9.216,8.203,8.118
953.03,15,9.296,8.531,9.704,8.271,9.228,9.019,8.994,10.255,9.227,8.59,8.467,8.667,8.041,8.203,8.077,7.347,7.545,8.806,8.276,8.729,9.213,8.126,8.093
954.03,15,9.297,8.531,9.716,8.216,9.189,8.967,9.014,10.208,9.247,8.606,8.504,8.668,8.066,8.186,7.985,7.297,7.616,8.751,8.282,8.699,9.227,8.102,8.127
955.03,15,9.297,8.534,9.696,8.205,9.228,9.042,9.057,10.153,9.265,8.513,8.553,8.652,8.075,8.211,8.012,7.327,7.613,8.712,8.253,8.761,9.221,8.118,8.106
956.03,15,9.297,8.533,9.68,8.214,9.235,8.985,9.061,10.238,9.23,8.575,8.511,8.694,8.059,8.259,8.012,7.369,7.536,8.733,8.281,8.707,9.228,8.209,8.125
957.03,15,9.285,8.571,9.698,8.245,9.224,8.952,8.994,10.271,9.252,8.645,8.495,8.607,8.078,8.192,7.989,7.349,7.61,8.763,8.317,8.767,9.215,8.181,8.133
958.03,15,9.302,8.551,9.659,8.247,9.215,9.008,9.059,10.236,9.258,8.518,8.473,8.609,8.08,8.157,7.981,7.317,7.617,8.703,8.275,8.706,9.22,8.123,8.14
959.03,15,9.275,8.594,9.71,8.315,9.196,9.026,9.037,10.203,9.176,8.577,8.48,8.672,8.077,8.178,8.007,7.305,7.659,8.751,8.303,8.775,9.172,8.103,8.159
960.03,15,9.297,8.553,9.655,8.216,9.201,8.945,8.952,10.317,9.28,8.544,8.562,8.64,8.056,8.157,8.002,7.243,7.635,8.703,8.299,8.757,9.202,8.116,8.08
961.03,15,9.323,8.544,9.71,8.174,9.15,8.946,9.003,10.193,9.233,8.587,8.55,8.677,8.055,8.278,7.988,7.327,7.539,8.738,8.264,8.756,9.204,8.127,8.144
962.03,15,9.291,8.531,9.748,8.29,9.214,9.026,9.028,10.209,9.251,8.597,8.45,8.677,8.066,8.209,7.999,7.309,7.525,8.729,8.202,8.713,9.271,8.148,8.111
963.03,15,9.313,8.456,9.713,8.167,9.185,8.965,9.019,10.231,9.18,8.602,8.546,8.699,8.117,8.152,8.032,7.339,7.574,8.695,8.281,8.72,9.24,8.154,8.068
964.03,15,9.344,8.472,9.713,8.245,9.185,9.059,8.954,10.224,9.23,8.559,8.514,8.671,8.102,8.185,8.013,7.333,7.562,8.765,8.342,8.744,9.285,8.144,8.069
965.03,15,9.266,8.5,9.663,8.234,9.242,8.963,8.998,10.125,9.199,8.608,8.461,8.692,8.064,8.194,8.009,7.295,7.618,8.733,8.335,8.724,9.174,8.19,8.058
966.03,15,9.29,8.543,9.635,8.16,9.15,8.953,8.954,10.205,9.212,8.539,8.47,8.719,8.047,8.16,7.989,7.292,7.633,8.654,8.277,8.728,9.215,8.156,8.006
967.03,15,9.228,8.555,9.62,8.226,9.185,8.944,9.016,10.195,9.211,8.613,8.489,8.669,8.085,8.192,7.971,7.29,7.553,8.744,8.229,8.733,9.239,8.136,8.075
968.03,15,9.335,8.49,9.669,8.16,9.225,9.031,9.016,10.259,9.148,8.546,8.509,8.621,8.01,8.216,8.031,7.333,7.563,8.626,8.308,8.754,9.204,8.12,8.108
969.03,15,9.213,8.554,9.654,8.247,9.156,9.02,9.052,10.171,9.234,8.529,8.463,8.643,8.116,8.177,8.052,7.36,7.624,8.758,8.198,8.66,9.259,8.169,8.059
970.03,15,9.336,8.62,9.626,8.254,9.102,8.977,8.957,10.21,9.15,8.589,8.428,8.694,8.075,8.203,8.042,7.325,7.613,8.783,8.23,8.718,9.207,8.138,8.103
971.03,15,9.308,8.51,9.762,8.222,9.186,8.968,9.048,10.213,9.225,8.552,8.534,8.591,8.037,8.261,7.999,7.35,7.561,8.725,8.25,8.724,9.235,8.142,8.09
972.03,15,9.317,8.557,9.668,8.222,9.208,8.992,9.022,10.187,9.198,8.528,8.449,8.638,8.02,8.238,8.026,7.391,7.525,8.688,8.272,8.741,9.238,8.118,8.122
973.03,15,9.29,8.534,9.752,8.277,9.184,9.005,9,10.218,9.211,8.601,8.461,8.722,8.055,8.183,7.998,7.353,7.608,8.746,8.266,8.678,9.262,8.122,8.125
974.03,15,9.251,8.557,9.63,8.241,9.134,8.968,8.97,10.273,9.209,8.532,8.495,8.71,8.037,8.195,7.971,7.379,7.622,8.758,8.245,8.721,9.323,8.129,8.08
975.03,15,9.283,8.518,9.644,8.284,9.237,8.975,8.995,10.181,9.191,8.559,8.496,8.73,8.005,8.112,7.964,7.315,7.61,8.734,8.261,8.726,9.203,8.167,8.06
976.03,15,9.28,8.504,9.664,8.24,9.2,8.93,8.967,10.223,9.242,8.614,8.505,8.628,8.002,8.22,7.985,7.352,7.642,8.701,8.282,8.736,9.226,8.144,8.097
977.03,15,9.302,8.563,9.629,8.188,9.208,8.958,9.013,10.215,9.199,8.568,8.449,8.604,8.017,8.216,8.005,7.313,7.583,8.767,8.326,8.765,9.197,8.14,8.065
978.03,15,9.273,8.466,9.705,8.234,9.177,9.06,9.017,10.161,9.206,8.591,8.511,8.619,8.074,8.217,7.968,7.358,7.559,8.766,8.282,8.795,9.226,8.083,8.012
979.03,15,9.236,8.48,9.723,8.223,9.195,9.025,8.983,10.222,9.234,8.578,8.504,8.696,8.059,8.141,7.978,7.322,7.591,8.762,8.286,8.739,9.206,8.195,8.088
980.03,15,9.315,8.516,9.646,8.22,9.215,8.993,9.017,10.25,9.217,8.61,8.42,8.691,8.021,8.227,7.939,7.261,7.612,8.711,8.258,8.68,9.203,8.109,8.095
981.03,15,9.33,8.508,9.665,8.242,9.25,8.965,9.03,10.225,9.217,8.564,8.508,8.65,8.068,8.229,8.036,7.325,7.599,8.742,8.238,8.745,9.204,8.065,8.123
982.03,15,9.293,8.566,9.712,8.231,9.141,8.978,9.05,10.14,9.192,8.605,8.469,8.678,8.068,8.229,7.996,7.321,7.525,8.755,8.187,8.696,9.213,8.143,8.093
983.03,15,9.276,8.502,9.681,8.154,9.216,8.923,9.036,10.161,9.21,8.602,8.498,8.675,8.024,8.144,8.019,7.265,7.581,8.773,8.348,8.746,9.273,8.12,8.121
984.03,15,9.276,8.509,9.71,8.258,9.204,8.974,9.013,10.223,9.198,8.541,8.509,8.595,8.066,8.115,8.034,7.329,7.535,8.696,8.201,8.657,9.218,8.166,8.109
985.03,15,9.226,8.534,9.648,8.218,9.175,9.019,9.018,10.212,9.2,8.549,8.506,8.619,8.061,8.165,8.001,7.396,7.587,8.659,8.312,8.686,9.192,8.143,8.079
986.03,15,9.274,8.511,9.662,8.218,9.171,8.986,9.011,10.212,9.182,8.569,8.456,8.647,8.077,8.138,8.096,7.304,7.562,8.729,8.284,8.661,9.266,8.081,8.139
987.03,15,9.309,8.616,9.611,8.284,9.165,8.992,9.018,10.254,9.264,8.613,8.396,8.702,8.093,8.163,7.989,7.382,7.583,8.678,8.281,8.683,9.214,8.203,8.048
988.03,15,9.24,8.504,9.635,8.185,9.158,9.036,9.014,10.184,9.229,8.596,8.459,8.613,8.073,8.196,7.984,7.343,7.582,8.743,8.216,8.713,9.187,8.115,8.008
989.03,15,9.345,8.514,9.581,8.241,9.248,8.945,8.965,10.17,9.207,8.558,8.498,8.596,8.038,8.216,7.919,7.322,7.512,8.813,8.264,8.741,9.166,8.124,8.085
990.03,15,9.282,8.538,9.661,8.256,9.201,8.956,9.044,10.264,9.212,8.581,8.514,8.649,8.066,8.264,8.006,7.356,7.56,8.688,8.207,8.662,9.238,8.108,8.078
991.03,15,9.288,8.476,9.677,8.249,9.208,8.927,8.975,10.192,9.233,8.56,8.531,8.61,8.048,8.216,7.929,7.312,7.641,8.728,8.267,8.689,9.177,8.16,8.038
992.03,15,9.362,8.52,9.671,8.246,9.204,8.957,9.007,10.248,9.171,8.57,8.494,8.617,8.063,8.197,8.062,7.281,7.517,8.634,8.272,8.757,9.256,8.179,8.113
993.03,15,9.321,8.525,9.699,8.241,9.188,8.995,8.987,10.184,9.207,8.52,8.486,8.634,8.033,8.194,7.989,7.313,7.559,8.728,8.23,8.728,9.214,8.091,8.064
994.03,15,9.343,8.503,9.682,8.105,9.213,8.953,9.031,10.205,9.243,8.528,8.447,8.693,8.049,8.188,7.981,7.27,7.526,8.735,8.283,8.767,9.212,8.112,8.106
995.03,15,9.252,8.551,9.676,8.239,9.19,8.909,9.018,10.238,9.219,8.568,8.439,8.645,8.003,8.151,8.017,7.223,7.58,8.695,8.256,8.747,9.154,8.087,8.105
996.03,15,9.226,8.511,9.633,8.134,9.182,8.973,8.972,10.181,9.188,8.509,8.428,8.659,8.043,8.164,7.998,7.281,7.557,8.747,8.248,8.723,9.175,8.166,8.083
997.03,15,9.293,8.529,9.67,8.218,9.136,9.043,8.979,10.209,9.183,8.653,8.462,8.632,8.096,8.202,8.027,7.284,7.581,8.714,8.244,8.755,9.259,8.135,8.115
998.03,15,9.278,8.537,9.668,8.234,9.245,8.971,8.954,10.255,9.197,8.5,8.453,8.58,8.076,8.137,7.999,7.239,7.58,8.753,8.249,8.754,9.219,8.103,8.13
999.03,15,9.197,8.513,9.69,8.238,9.181,9.043,8.987,10.216,9.176,8.546,8.459,8.645,7.985,8.179,7.978,7.293,7.601,8.713,8.235,8.719,9.221,8.106,8.13
1000.03,15,9.251,8.5,9.7,8.189,9.15,8.972,8.961,10.201,9.212,8.514,8.447,8.652,8.057,8.197,7.984,7.314,7.586,8.734,8.246,8.683,9.195,8.117,8.111
1001.03,15,9.281,8.428,9.69,8.215,9.196,8.988,9.028,10.267,9.181,8.549,8.449,8.703,8.05,8.139,7.987,7.363,7.619,8.735,8.254,8.723,9.203,8.082,8.037
1002.03,15,9.232,8.515,9.618,8.235,9.188,8.947,9.006,10.208,9.171,8.573,8.476,8.632,8.1,8.143,7.965,7.317,7.62,8.724,8.301,8.75,9.239,8.116,8.072
1003.03,15,9.339,8.473,9.676,8.28,9.19,9.036,8.982,10.183,9.218,8.593,8.477,8.624,8.012,8.153,7.983,7.302,7.559,8.745,8.273,8.792,9.18,8.117,8.043
1004.03,15,9.341,8.496,9.657,8.254,9.221,8.963,9,10.225,9.219,8.604,8.45,8.633,8.11,8.185,7.957,7.293,7.641,8.697,8.287,8.673,9.243,8.113,7.966
1005.03,15,9.263,8.492,9.627,8.183,9.172,8.942,9.014,10.244,9.222,8.583,8.448,8.662,8.053,8.21,7.914,7.274,7.548,8.708,8.251,8.709,9.228,8.142,8.039
1006.03,15,9.312,8.551,9.611,8.24,9.221,9.025,8.982,10.142,9.226,8.571,8.434,8.614,8.028,8.119,7.944,7.296,7.59,8.726,8.225,8.73,9.211,8.056,8.064
1007.03,15,9.31,8.524,9.696,8.249,9.207,8.918,9.054,10.134,9.175,8.606,8.453,8.617,8.037,8.177,7.94,7.318,7.578,8.708,8.256,8.678,9.164,8.074,8.084
1008.03,15,9.357,8.551,9.631,8.157,9.183,8.963,8.97,10.113,9.195,8.6,8.488,8.64,8.075,8.139,7.945,7.307,7.535,8.615,8.302,8.713,9.211,8.085,8.092
1009.03,15,9.267,8.502,9.592,8.218,9.214,8.93,8.985,10.157,9.226,8.591,8.459,8.704,8.106,8.188,8.052,7.25,7.576,8.699,8.261,8.653,9.183,8.091,8.126
1010.03,15,9.272,8.517,9.677,8.258,9.224,8.98,8.947,10.178,9.171,8.635,8.472,8.63,8.054,8.125,7.995,7.286,7.549,8.761,8.283,8.683,9.278,8.118,8.083
1011.03,15,9.324,8.477,9.684,8.199,9.142,8.88,8.985,10.174,9.136,8.56,8.481,8.654,8.013,8.172,7.992,7.238,7.572,8.684,8.248,8.702,9.215,8.107,8.075
1012.03,15,9.297,8.51,9.631,8.218,9.157,8.923,9.019,10.116,9.175,8.615,8.444,8.594,8.067,8.212,7.932,7.299,7.509,8.682,8.301,8.686,9.198,8.129,8.068
1013.03,15,9.275,8.494,9.641,8.177,9.159,8.947,9.036,10.159,9.195,8.62,8.54,8.695,8.036,8.148,7.989,7.239,7.551,8.645,8.288,8.672,9.269,8.066,8.137
1014.03,15,9.29,8.535,9.63,8.176,9.149,9.004,8.956,10.226,9.149,8.575,8.537,8.588,7.985,8.17,7.957,7.301,7.569,8.783,8.212,8.759,9.197,8.12,8.057
1015.03,15,9.236,8.483,9.645,8.153,9.212,9.01,9.045,10.181,9.21,8.518,8.478,8.598,8.058,8.19,7.896,7.308,7.608,8.672,8.262,8.687,9.225,8.099,8.085
1016.03,15,9.267,8.517,9.628,8.223,9.199,8.997,8.922,10.185,9.177,8.57,8.431,8.591,7.971,8.137,7.911,7.271,7.593,8.69,8.271,8.7,9.195,8.073,8.05
1017.03,15,9.296,8.506,9.708,8.23,9.23,8.973,9.004,10.143,9.153,8.614,8.472,8.699,8.02,8.186,8.019,7.293,7.598,8.654,8.248,8.678,9.245,8.068,8.066
1018.03,15,9.246,8.501,9.61,8.196,9.153,8.943,9.02,10.245,9.197,8.591,8.412,8.661,8.008,8.106,7.932,7.326,7.58,8.69,8.242,8.703,9.187,8.06,8.072
1019.03,15,9.307,8.553,9.657,8.242,9.246,9.001,9.038,10.216,9.197,8.557,8.483,8.685,8.033,8.172,7.959,7.221,7.566,8.699,8.221,8.77,9.231,8.108,8.068
1020.03,15,9.277,8.47,9.723,8.159,9.192,9.003,8.982,10.222,9.156,8.559,8.42,8.569,8.002,8.16,7.998,7.249,7.624,8.739,8.273,8.694,9.177,8.052,8.048
1021.03,15,9.242,8.572,9.658,8.204,9.174,8.999,8.99,10.167,9.16,8.567,8.438,8.64,8.053,8.201,7.945,7.278,7.538,8.71,8.24,8.677,9.131,8.108,8.023
1022.03,15,9.304,8.523,9.651,8.27,9.194,8.909,8.997,10.212,9.194,8.548,8.466,8.626,8.053,8.144,7.937,7.28,7.578,8.714,8.246,8.731,9.264,8.063,8.04
1023.03,15,9.256,8.52,9.678,8.188,9.133,8.945,8.977,10.129,9.193,8.514,8.44,8.668,7.992,8.067,7.99,7.326,7.516,8.747,8.258,8.666,9.196,8.209,8.07
1024.03,15,9.349,8.509,9.635,8.203,9.16,8.979,9.003,10.143,9.199,8.589,8.423,8.586,8.022,8.171,7.99,7.268,7.517,8.662,8.226,8.739,9.172,8.075,8.06
1025.03,15,9.247,8.523,9.706,8.219,9.097,8.96,8.998,10.172,9.189,8.564,8.394,8.525,8.053,8.154,7.991,7.279,7.575,8.707,8.253,8.746,9.184,8.13,8.084
1026.03,15,9.23,8.456,9.658,8.169,9.133,8.962,9.031,10.128,9.193,8.534,8.499,8.607,7.995,8.178,7.994,7.253,7.499,8.693,8.248,8.666,9.193,8.15,8.114
1027.03,15,9.3,8.461,9.586,8.173,9.203,8.907,8.964,10.164,9.198,8.603,8.488,8.652,8.086,8.177,7.909,7.308,7.618,8.767,8.315,8.684,9.139,8.11,8.113
1028.03,15,9.258,8.477,9.619,8.226,9.203,8.899,8.978,10.182,9.085,8.543,8.454,8.623,8.01,8.161,7.987,7.258,7.637,8.745,8.218,8.689,9.184,8.138,8.086
1029.03,15,9.284,8.45,9.7,8.187,9.129,8.922,8.985,10.167,9.172,8.616,8.467,8.63,8.001,8.128,7.939,7.244,7.544,8.699,8.301,8.76,9.154,8.075,8.043
1030.03,15,9.258,8.537,9.646,8.209,9.225,8.924,9.014,10.235,9.123,8.532,8.49,8.561,8.049,8.234,7.981,7.214,7.547,8.691,8.198,8.679,9.188,8.138,8.081
1031.03,15,9.209,8.52,9.648,8.217,9.144,8.93,9.018,10.164,9.166,8.558,8.425,8.649,8.067,8.224,7.963,7.25,7.599,8.691,8.215,8.668,9.123,8.118,8.106
1032.03,15,9.278,8.49,9.546,8.193,9.226,8.974,8.978,10.159,9.241,8.568,8.433,8.615,7.95,8.199,7.94,7.278,7.582,8.686,8.245,8.642,9.208,8.107,8.131
1033.03,15,9.345,8.57,9.707,8.213,9.187,8.977,9,10.202,9.199,8.552,8.406,8.639,8.03,8.164,7.928,7.304,7.534,8.608,8.19,8.733,9.248,8.073,8.07
1034.03,15,9.265,8.488,9.621,8.28,9.18,8.927,8.987,10.113,9.158,8.492,8.526,8.654,8.017,8.112,7.954,7.31,7.527,8.649,8.244,8.732,9.219,8.059,8.084
1035.03,15,9.311,8.51,9.658,8.197,9.111,8.957,9.015,10.174,9.168,8.537,8.435,8.597,8.027,8.124,7.949,7.256,7.551,8.686,8.228,8.593,9.166,8.082,8.095
1036.03,15,9.237,8.442,9.594,8.199,9.27,8.96,8.969,10.183,9.206,8.567,8.524,8.622,8.058,8.133,7.927,7.261,7.519,8.662,8.218,8.674,9.237,8.144,8.048
1037.03,15,9.239,8.495,9.692,8.116,9.213,8.958,8.987,10.167,9.15,8.53,8.459,8.664,8.025,8.133,7.902,7.241,7.527,8.725,8.285,8.7,9.25,8.125,8.092
1038.03,15,9.291,8.421,9.684,8.27,9.159,8.922,9.019,10.107,9.177,8.53,8.463,8.635,8.062,8.178,7.902,7.257,7.505,8.691,8.237,8.774,9.143,8.12,8.071
1039.03,15,9.315,8.481,9.668,8.212,9.133,8.978,8.97,10.191,9.189,8.574,8.484,8.568,7.963,8.123,7.999,7.261,7.511,8.716,8.265,8.626,9.196,8.124,8.038
1040.03,15,9.233,8.495,9.615,8.275,9.084,8.924,9.01,10.164,9.16,8.558,8.489,8.605,8.05,8.127,7.938,7.294,7.532,8.716,8.281,8.722,9.182,8.074,8.088
1041.03,15,9.218,8.546,9.677,8.152,9.138,8.99,9.011,10.141,9.138,8.551,8.431,8.673,8.127,8.157,7.888,7.235,7.554,8.698,8.244,8.641,9.24,8.146,8.062
1042.03,15,9.323,8.458,9.618,8.173,9.152,8.926,8.98,10.152,9.155,8.603,8.434,8.655,8.041,8.111,7.913,7.325,7.547,8.705,8.234,8.664,9.141,8.086,8.062
1043.03,15,9.188,8.476,9.651,8.202,9.167,9.037,8.951,10.14,9.124,8.606,8.349,8.582,7.979,8.109,7.881,7.283,7.517,8.662,8.26,8.711,9.18,8.137,8.054
1044.03,15,9.279,8.511,9.68,8.167,9.174,8.934,8.93,10.151,9.178,8.5,8.472,8.705,8.061,8.155,7.953,7.217,7.623,8.682,8.27,8.705,9.237,8.165,8.06
1045.03,15,9.242,8.466,9.703,8.205,9.128,8.948,9,10.165,9.1,8.543,8.451,8.595,7.998,8.263,7.944,7.294,7.556,8.702,8.229,8.699,9.155,8.119,8.042
1046.03,15,9.3,8.509,9.59,8.23,9.157,8.924,8.928,10.154,9.19,8.642,8.442,8.666,8.025,8.194,7.94,7.216,7.532,8.656,8.229,8.696,9.243,8.079,8.034
1047.03,15,9.261,8.467,9.675,8.199,9.224,8.942,8.967,10.154,9.189,8.551,8.485,8.693,8.07,8.189,7.943,7.19,7.557,8.658,8.222,8.712,9.19,8.12,8.056
1048.03,15,9.249,8.545,9.633,8.212,9.152,8.946,9.008,10.232,9.19,8.562,8.515,8.635,8.02,8.179,7.909,7.256,7.558,8.705,8.277,8.667,9.197,8.055,8.058
1049.03,15,9.224,8.478,9.644,8.171,9.12,8.967,9.014,10.168,9.194,8.51,8.448,8.607,8.026,8.14,7.916,7.225,7.577,8.663,8.232,8.737,9.165,8.069,8.047
1050.03,15,9.218,8.522,9.63,8.101,9.174,8.982,9.019,10.168,9.17,8.553,8.46,8.656,8.017,8.097,7.959,7.213,7.552,8.697,8.226,8.702,9.249,8.07,8.025
1051.03,15,9.26,8.503,9.649,8.219,9.064,8.971,8.966,10.18,9.203,8.546,8.446,8.653,7.971,8.135,7.92,7.197,7.541,8.678,8.246,8.585,9.199,8.143,8.102
1052.03,15,9.27,8.519,9.671,8.191,9.113,8.991,8.998,10.132,9.148,8.492,8.494,8.604,7.991,8.168,7.831,7.249,7.55,8.69,8.261,8.673,9.247,8.076,8.047
1053.03,15,9.295,8.492,9.653,8.243,9.196,8.93,9.004,10.166,9.207,8.497,8.408,8.602,8.028,8.197,7.909,7.216,7.535,8.671,8.226,8.649,9.176,8.129,8.067
1054.03,15,9.27,8.478,9.592,8.198,9.127,8.927,8.95,10.193,9.181,8.514,8.489,8.581,8.002,8.116,7.905,7.236,7.549,8.693,8.214,8.699,9.201,8.112,8.081
1055.03,15,9.283,8.446,9.661,8.239,9.181,8.976,8.91,10.196,9.182,8.584,8.431,8.644,8.065,8.185,7.859,7.305,7.61,8.725,8.233,8.701,9.171,8.072,8.06
1056.03,15,9.278,8.45,9.604,8.177,9.187,8.973,9.049,10.164,9.165,8.585,8.457,8.631,8.044,8.114,7.974,7.263,7.535,8.71,8.272,8.713,9.197,8.058,8.004
1057.03,15,9.22,8.522,9.644,8.138,9.116,9.005,8.987,10.246,9.14,8.564,8.428,8.562,7.986,8.176,7.879,7.266,7.544,8.635,8.232,8.617,9.153,8.071,7.965
1058.03,15,9.202,8.495,9.597,8.208,9.133,8.925,8.975,10.237,9.254,8.553,8.471,8.619,8.022,8.069,7.907,7.25,7.582,8.659,8.218,8.691,9.176,8.023,8.042
1059.03,15,9.293,8.492,9.628,8.21,9.187,8.967,8.995,10.198,9.136,8.562,8.438,8.572,7.997,8.117,7.919,7.279,7.553,8.738,8.255,8.682,9.195,8.103,8.03
1060.03,15,9.285,8.465,9.669,8.162,9.221,8.927,8.938,10.227,9.136,8.542,8.403,8.652,8.041,8.15,7.871,7.357,7.529,8.611,8.226,8.627,9.172,8.045,8.036
1061.03,15,9.195,8.418,9.589,8.244,9.139,8.954,8.948,10.201,9.242,8.565,8.443,8.575,8.003,8.155,7.94,7.296,7.532,8.681,8.242,8.708,9.152,8.067,8.082
1062.03,15,9.212,8.483,9.594,8.191,9.186,8.942,8.961,10.147,9.178,8.532,8.474,8.638,8.013,8.169,7.902,7.259,7.574,8.715,8.22,8.677,9.248,8.076,8.017
1063.03,15,9.31,8.482,9.599,8.258,9.12,8.881,8.935,10.209,9.177,8.568,8.39,8.608,8.028,8.183,7.942,7.271,7.589,8.664,8.239,8.656,9.199,8.097,7.956
1064.03,15,9.259,8.454,9.648,8.218,9.135,8.93,8.956,10.146,9.159,8.537,8.453,8.627,8.007,8.182,7.884,7.272,7.526,8.693,8.248,8.694,9.24,8.072,8.077
1065.03,15,9.306,8.527,9.584,8.205,9.172,8.884,8.945,10.181,9.179,8.572,8.439,8.587,8.04,8.153,7.887,7.269,7.596,8.704,8.189,8.639,9.157,8.097,8.007
1066.03,15,9.269,8.449,9.654,8.185,9.248,8.905,8.994,10.152,9.181,8.51,8.401,8.573,8.021,8.136,7.899,7.256,7.546,8.733,8.213,8.667,9.11,8.141,8.046
1067.03,15,9.337,8.425,9.646,8.212,9.145,8.945,8.952,10.254,9.074,8.585,8.429,8.6,8.06,8.123,7.887,7.242,7.547,8.678,8.211,8.689,9.129,8.047,8.021
1068.03,15,9.294,8.496,9.614,8.132,9.08,8.923,8.96,10.173,9.178,8.528,8.451,8.612,8.031,8.233,7.965,7.252,7.551,8.697,8.137,8.713,9.215,8.067,8.08
1069.03,15,9.286,8.482,9.601,8.189,9.143,8.887,8.943,10.199,9.181,8.537,8.485,8.569,8.028,8.123,7.841,7.274,7.637,8.691,8.198,8.711,9.146,8.11,8.081
1070.03,15,9.197,8.447,9.627,8.185,9.089,8.985,8.967,10.18,9.232,8.524,8.391,8.569,8.027,8.137,7.876,7.26,7.584,8.64,8.188,8.702,9.186,8.088,8.087
1071.03,15,9.255,8.407,9.627,8.23,9.199,8.909,8.956,10.169,9.185,8.535,8.447,8.637,8.019,8.179,7.898,7.24,7.566,8.645,8.218,8.685,9.211,8.023,8.047
1072.03,15,9.303,8.487,9.563,8.185,9.16,8.92,9.016,10.188,9.165,8.474,8.377,8.578,8.032,8.026,7.914,7.166,7.597,8.749,8.243,8.684,9.229,8.056,8.067
1073.03,15,9.227,8.46,9.603,8.224,9.198,8.95,9.022,10.2,9.101,8.533,8.463,8.594,7.938,8.17,7.914,7.244,7.603,8.671,8.248,8.691,9.155,8.06,8.055
1074.03,15,9.291,8.53,9.629,8.175,9.168,8.939,8.974,10.22,9.184,8.528,8.464,8.608,8.028,8.153,7.908,7.212,7.558,8.723,8.203,8.721,9.135,8.053,8.056
1075.03,15,9.297,8.498,9.607,8.201,9.146,8.92,8.954,10.18,9.123,8.521,8.472,8.658,8.009,8.126,7.954,7.225,7.54,8.722,8.236,8.71,9.208,8.08,8.042
1076.03,15,9.28,8.464,9.604,8.226,9.118,8.947,9.001,10.163,9.11,8.586,8.465,8.581,8.01,8.16,7.881,7.211,7.511,8.704,8.25,8.664,9.158,8.118,8.063
1077.03,15,9.248,8.435,9.598,8.178,9.118,8.974,8.904,10.202,9.102,8.573,8.421,8.599,8.028,8.083,7.908,7.269,7.464,8.658,8.227,8.735,9.235,8.071,8.013
1078.03,15,9.232,8.444,9.62,8.205,9.141,8.925,8.936,10.166,9.138,8.541,8.453,8.626,8.031,8.136,7.964,7.21,7.533,8.751,8.237,8.768,9.133,8.037,8.032
1079.03,15,9.257,8.504,9.648,8.171,9.146,8.945,9.017,10.117,9.102,8.548,8.409,8.593,7.961,8.228,7.904,7.193,7.506,8.73,8.154,8.728,9.133,8.054,8.065
1080.03,15,9.206,8.444,9.63,8.161,9.164,8.919,8.959,10.16,9.128,8.478,8.424,8.588,8.089,8.117,7.86,7.215,7.562,8.736,8.168,8.694,9.044,8.096,8.052
1081.03,15,9.245,8.482,9.693,8.138,9.113,8.85,8.898,10.186,9.189,8.532,8.411,8.651,8.045,8.193,7.879,7.234,7.542,8.672,8.217,8.614,9.208,8.003,8.076
1082.03,15,9.238,8.43,9.658,8.119,9.092,8.997,8.926,10.231,9.096,8.53,8.469,8.555,8.031,8.175,7.901,7.267,7.505,8.692,8.234,8.683,9.124,8.011,8.083
1083.03,15,9.271,8.463,9.582,8.218,9.216,8.944,9,10.142,9.088,8.561,8.438,8.564,8.02,8.068,7.849,7.275,7.572,8.644,8.205,8.67,9.188,8.106,7.978
1084.03,15,9.274,8.473,9.566,8.235,9.144,8.958,8.938,10.135,9.151,8.579,8.39,8.653,7.997,8.094,7.917,7.265,7.543,8.703,8.232,8.65,9.157,8.063,8.069
1085.03,15,9.209,8.45,9.627,8.193,9.079,8.986,9.002,10.119,9.096,8.581,8.416,8.584,8.078,8.088,7.864,7.249,7.57,8.732,8.164,8.612,9.175,8.118,8.059
1086.03,15,9.163,8.511,9.597,8.275,9.182,8.855,8.961,10.152,9.179,8.565,8.4,8.672,7.978,8.165,7.835,7.242,7.486,8.72,8.207,8.71,9.187,8.058,8.003
1087.03,15,9.219,8.41,9.636,8.131,9.117,8.881,8.856,10.121,9.107,8.561,8.367,8.585,7.994,8.102,7.847,7.226,7.606,8.671,8.22,8.653,9.213,8.167,8.053
1088.03,15,9.278,8.432,9.611,8.234,9.143,8.945,9.004,10.165,9.1,8.532,8.391,8.661,7.992,8.098,7.915,7.194,7.566,8.678,8.247,8.703,9.154,8.087,8.019
1089.03,15,9.292,8.399,9.638,8.118,9.148,8.91,8.986,10.152,9.064,8.544,8.442,8.574,8.02,8.093,7.862,7.225,7.565,8.705,8.185,8.666,9.123,8.081,8.063
1090.03,15,9.272,8.435,9.587,8.113,9.108,8.923,8.96,10.189,9.112,8.511,8.401,8.568,8.027,8.088,7.895,7.302,7.495,8.656,8.216,8.695,9.203,8.088,7.994
1091.03,15,9.272,8.489,9.653,8.168,9.149,8.949,9.009,10.167,9.156,8.571,8.435,8.647,8.03,8.037,7.855,7.155,7.562,8.621,8.233,8.694,9.167,8.098,7.947
1092.03,15,9.245,8.422,9.625,8.236,9.187,8.907,8.949,10.122,9.154,8.541,8.402,8.583,7.972,8.19,7.86,7.21,7.543,8.612,8.235,8.674,9.173,8.104,8.043
1093.03,15,9.281,8.489,9.655,8.216,9.189,8.854,8.974,10.136,9.076,8.604,8.436,8.621,7.978,8.075,7.91,7.147,7.493,8.719,8.22,8.618,9.169,8.071,8.05
1094.03,15,9.277,8.423,9.578,8.169,9.134,8.926,8.981,10.13,9.155,8.522,8.454,8.545,8.013,8.119,7.907,7.232,7.529,8.67,8.19,8.789,9.169,8.109,8.009
1095.03,15,9.245,8.41,9.661,8.213,9.078,8.927,8.941,10.158,9.121,8.479,8.426,8.506,8.031,8.123,7.833,7.213,7.525,8.664,8.18,8.636,9.151,8.094,8.035
1096.03,15,9.188,8.386,9.605,8.125,9.057,8.969,8.943,10.13,9.14,8.519,8.478,8.594,7.957,8.14,7.905,7.211,7.538,8.62,8.143,8.702,9.122,8,8.109
1097.03,15,9.291,8.438,9.599,8.112,9.106,8.966,8.95,10.198,9.2,8.603,8.398,8.598,8.013,8.148,7.834,7.175,7.565,8.598,8.227,8.645,9.247,8.051,8.038
1098.03,15,9.234,8.431,9.627,8.139,9.212,8.903,9.015,10.14,9.119,8.485,8.491,8.574,8.072,8.165,7.869,7.264,7.506,8.71,8.165,8.614,9.18,8.049,8.086
1099.03,15,9.26,8.47,9.602,8.214,9.142,8.873,8.969,10.09,9.148,8.519,8.376,8.644,7.977,8.104,7.851,7.181,7.556,8.681,8.234,8.666,9.122,8.075,7.993
1100.03,15,9.288,8.397,9.541,8.19,9.098,8.871,8.929,10.117,9.062,8.492,8.376,8.603,7.959,8.15,7.822,7.192,7.541,8.689,8.139,8.653,9.167,8.028,8.079
1101.03,15,9.294,8.411,9.614,8.222,9.084,9.003,8.95,10.151,9.085,8.551,8.386,8.592,7.992,8.043,7.83,7.214,7.542,8.651,8.279,8.727,9.169,8.034,8.033
1102.03,15,9.215,8.474,9.651,8.165,9.163,8.886,8.984,10.189,9.163,8.546,8.412,8.599,8.025,8.166,7.848,7.236,7.514,8.684,8.211,8.663,9.168,8.138,8.101
1103.03,15,9.252,8.459,9.621,8.114,9.096,8.947,8.938,10.181,9.161,8.573,8.411,8.582,8.059,8.167,7.875,7.241,7.556,8.696,8.208,8.7,9.195,8.062,7.999
1104.03,15,9.222,8.447,9.643,8.191,9.173,8.957,8.919,10.185,9.121,8.497,8.402,8.661,8.005,8.117,7.818,7.172,7.498,8.666,8.239,8.716,9.172,8.08,8.073
1105.03,15,9.202,8.483,9.58,8.148,9.17,8.885,8.929,10.113,9.166,8.519,8.351,8.529,8.028,8.018,7.836,7.193,7.504,8.6,8.152,8.698,9.182,8.033,7.987
1106.03,15,9.207,8.432,9.583,8.171,9.139,8.919,8.961,10.17,9.168,8.536,8.402,8.563,8.043,8.176,7.918,7.164,7.537,8.654,8.228,8.674,9.104,8.08,8.011
1107.03,15,9.239,8.436,9.605,8.184,9.185,8.941,8.963,10.15,9.138,8.544,8.395,8.609,8.054,8.113,7.824,7.209,7.595,8.609,8.191,8.696,9.178,8.073,7.988
1108.03,15,9.226,8.433,9.616,8.15,9.156,8.949,8.959,10.108,9.153,8.514,8.411,8.561,8.017,8.041,7.832,7.234,7.528,8.68,8.209,8.651,9.094,8.03,8.042
1109.03,15,9.283,8.49,9.643,8.141,9.161,8.971,8.987,10.127,9.168,8.575,8.461,8.579,8.03,8.035,7.862,7.169,7.522,8.688,8.244,8.688,9.156,8.079,8.076
1110.03,15,9.265,8.42,9.646,8.151,9.092,8.918,9.006,10.197,9.167,8.516,8.389,8.546,7.969,8.092,7.832,7.19,7.497,8.666,8.187,8.665,9.239,8.066,8.025
1111.03,15,9.285,8.454,9.617,8.181,9.166,8.886,8.965,10.171,9.175,8.494,8.361,8.601,8.012,8.082,7.89,7.229,7.523,8.636,8.253,8.649,9.157,8.082,8.023
1112.03,15,9.235,8.48,9.586,8.122,9.154,8.895,8.844,10.138,9.156,8.468,8.389,8.547,8.073,8.099,7.804,7.167,7.503,8.622,8.157,8.619,9.196,8.01,8.028
1113.03,15,9.284,8.377,9.577,8.117,9.176,8.869,8.915,10.11,9.093,8.548,8.391,8.545,8.05,8.184,7.84,7.141,7.526,8.653,8.246,8.595,9.128,8.042,8.027
1114.03,15,9.277,8.369,9.628,8.182,9.114,8.94,8.953,10.228,9.115,8.518,8.504,8.625,7.966,8.2,7.857,7.239,7.484,8.649,8.204,8.65,9.206,8.12,8.011
1115.03,15,9.261,8.492,9.616,8.185,9.174,8.898,8.953,10.152,9.141,8.512,8.434,8.577,7.998,8.099,7.901,7.2,7.475,8.669,8.152,8.694,9.113,8.023,8.04
1116.03,15,9.248,8.434,9.585,8.163,9.152,8.916,8.976,10.136,9.095,8.605,8.412,8.557,8.011,8.119,7.83,7.209,7.508,8.679,8.22,8.61,9.17,8.099,8.061
1117.03,15,9.281,8.458,9.655,8.109,9.104,8.932,9.044,10.156,9.172,8.54,8.377,8.542,8.047,8.141,7.871,7.204,7.517,8.678,8.16,8.627,9.115,8.122,8.021
1118.03,15,9.228,8.475,9.542,8.209,9.081,8.95,8.941,10.05,9.149,8.505,8.376,8.56,8.033,8.086,7.896,7.2,7.571,8.655,8.177,8.653,9.204,8.093,8.028
1119.03,15,9.308,8.414,9.618,8.146,9.106,8.869,8.916,10.114,9.116,8.589,8.409,8.537,8.045,8.068,7.903,7.19,7.494,8.668,8.219,8.616,9.158,8.034,8.011
1120.03,15,9.235,8.392,9.608,8.084,9.089,8.923,8.906,10.14,9.14,8.585,8.354,8.573,8.009,8.113,7.806,7.253,7.508,8.64,8.189,8.589,9.095,8.037,8.048
1121.03,15,9.211,8.44,9.563,8.141,9.184,8.851,8.995,10.135,9.154,8.554,8.476,8.623,7.987,8.124,7.893,7.168,7.545,8.648,8.154,8.666,9.177,8.042,8.016
1122.03,15,9.19,8.407,9.677,8.196,9.104,8.948,8.927,10.119,9.144,8.496,8.401,8.547,8.001,8.087,7.832,7.194,7.545,8.74,8.139,8.663,9.133,8.032,7.968
1123.03,15,9.24,8.427,9.633,8.153,9.16,8.911,8.974,10.138,9.116,8.515,8.355,8.5,7.95,8.129,7.902,7.19,7.558,8.723,8.169,8.64,9.151,8.075,8.063
1124.03,15,9.191,8.408,9.543,8.086,9.121,8.895,8.894,10.161,9.073,8.488,8.369,8.557,8.022,8.142,7.821,7.2,7.511,8.68,8.259,8.67,9.192,8.043,8.016
1125.03,15,9.25,8.397,9.565,8.172,9.107,8.898,8.94,10.108,9.155,8.571,8.352,8.503,8.034,8.067,7.856,7.141,7.524,8.666,8.187,8.645,9.133,8.069,8.059
1126.03,15,9.218,8.381,9.603,8.219,9.206,8.912,8.938,10.104,9.087,8.561,8.39,8.65,7.997,8.112,7.862,7.201,7.568,8.667,8.161,8.642,9.119,8.094,8.102
1127.03,15,9.262,8.406,9.555,8.162,9.114,8.928,8.919,10.105,9.038,8.499,8.343,8.642,8.02,8.058,7.822,7.22,7.51,8.621,8.173,8.653,9.147,8.087,8.06
1128.03,15,9.211,8.434,9.594,8.162,9.09,8.926,8.911,10.132,9.139,8.498,8.364,8.641,7.992,8.064,7.815,7.165,7.503,8.698,8.205,8.661,9.235,8.107,8.01
1129.03,15,9.165,8.402,9.605,8.143,9.157,8.9,8.992,10.172,9.127,8.51,8.45,8.571,7.995,8.095,7.838,7.204,7.59,8.599,8.245,8.698,9.195,8.08,8.013
1130.03,15,9.239,8.453,9.59,8.141,9.077,8.931,8.981,10.188,9.071,8.518,8.355,8.535,7.999,8.115,7.849,7.176,7.556,8.647,8.158,8.698,9.18,8.032,8.054
1131.03,15,9.211,8.491,9.598,8.213,9.159,8.915,8.932,10.188,9.137,8.437,8.393,8.548,8.025,8.048,7.788,7.23,7.487,8.645,8.181,8.703,9.209,8.056,8.01
1132.03,15,9.198,8.422,9.59,8.091,9.099,8.922,8.988,10.183,9.143,8.498,8.449,8.547,8.004,8.105,7.821,7.125,7.547,8.653,8.197,8.664,9.212,7.976,8.013
1133.03,15,9.237,8.442,9.584,8.188,9.124,8.908,8.981,10.119,9.194,8.541,8.4,8.522,7.986,8.024,7.871,7.153,7.532,8.73,8.12,8.674,9.167,8.055,8.063
1134.03,15,9.258,8.461,9.574,8.152,9.124,8.921,8.976,10.14,9.115,8.496,8.386,8.537,7.976,8.136,7.8,7.181,7.491,8.647,8.228,8.692,9.142,8.014,8.042
1135.03,15,9.232,8.429,9.605,8.218,9.153,8.915,8.915,10.086,9.147,8.544,8.366,8.537,8.022,8.113,7.825,7.192,7.536,8.649,8.18,8.676,9.183,8.052,8.046
1136.03,15,9.248,8.474,9.61,8.138,9.19,8.919,8.883,10.126,9.093,8.499,8.416,8.555,7.951,8.104,7.88,7.188,7.487,8.636,8.153,8.665,9.142,8.084,8.006
1137.03,15,9.234,8.437,9.629,8.21,9.098,8.924,8.948,10.095,9.133,8.534,8.428,8.584,7.944,8.071,7.749,7.234,7.563,8.698,8.185,8.657,9.134,8.13,7.996
1138.03,15,9.273,8.344,9.585,8.152,9.099,8.96,8.943,10.187,9.142,8.533,8.347,8.573,7.96,8.106,7.82,7.16,7.477,8.607,8.196,8.584,9.166,8.021,8.052
1139.03,15,9.243,8.43,9.573,8.137,9.104,8.873,8.924,10.123,9.045,8.552,8.397,8.536,7.996,8.032,7.861,7.161,7.514,8.691,8.216,8.614,9.125,8.028,8.017
1140.03,15,9.209,8.4,9.605,8.156,9.118,8.914,8.922,10.132,9.121,8.538,8.438,8.506,7.964,8.065,7.827,7.238,7.535,8.678,8.243,8.631,9.142,8.048,7.935
1141.03,15,9.194,8.39,9.593,8.114,9.19,9.005,8.984,10.111,9.089,8.569,8.398,8.515,7.981,8.06,7.85,7.146,7.492,8.624,8.168,8.683,9.167,8.009,8.037
1142.03,15,9.267,8.39,9.609,8.13,9.165,8.907,8.966,10.136,9.145,8.505,8.439,8.536,8.017,8.066,7.814,7.172,7.544,8.613,8.189,8.622,9.168,8.042,7.952
1143.03,15,9.258,8.461,9.531,8.17,9.111,8.92,8.989,10.197,9.102,8.544,8.397,8.571,8.008,8.075,7.821,7.168,7.572,8.629,8.234,8.651,9.151,8.04,7.996
1144.03,15,9.229,8.431,9.534,8.109,9.149,8.908,8.9,10.103,9.119,8.556,8.39,8.53,7.953,8.153,7.867,7.176,7.538,8.646,8.186,8.687,9.166,8.039,8
1145.03,15,9.185,8.455,9.576,8.124,9.117,8.895,8.974,10.116,9.064,8.454,8.403,8.573,7.959,8.063,7.82,7.172,7.553,8.635,8.237,8.66,9.093,8.065,8.014
1146.03,15,9.22,8.401,9.577,8.199,9.066,8.925,8.956,10.139,9.129,8.518,8.396,8.692,8.009,8.024,7.809,7.134,7.543,8.633,8.163,8.688,9.159,8.012,8.094
1147.03,15,9.213,8.436,9.557,8.128,9.167,8.891,8.917,10.132,9.145,8.582,8.354,8.57,7.957,8.103,7.778,7.171,7.488,8.63,8.222,8.626,9.176,8.077,7.969
1148.03,15,9.261,8.41,9.612,8.134,9.114,8.873,8.95,10.101,9.142,8.55,8.433,8.556,7.948,8.144,7.774,7.119,7.489,8.681,8.264,8.637,9.173,8.043,8
1149.03,15,9.208,8.418,9.58,8.157,9.093,8.964,8.844,10.095,9.065,8.527,8.402,8.506,7.971,8.03,7.8,7.147,7.511,8.639,8.227,8.637,9.225,8.031,7.973
1150.03,15,9.251,8.4,9.512,8.139,9.062,8.895,8.914,10.167,9.158,8.575,8.44,8.541,8.011,8.096,7.773,7.187,7.5,8.684,8.168,8.65,9.171,8,8.066
1151.03,15,9.225,8.407,9.595,8.113,9.147,8.945,8.966,10.184,9.079,8.515,8.343,8.566,8.045,8.121,7.865,7.133,7.512,8.707,8.213,8.652,9.151,8.022,8.025
1152.03,15,9.178,8.444,9.591,8.203,9.124,8.921,8.989,10.176,9.076,8.532,8.4,8.536,7.974,8.083,7.791,7.134,7.493,8.734,8.21,8.627,9.121,8.025,8.062
1153.03,15,9.247,8.445,9.622,8.178,9.11,8.886,8.943,10.101,9.142,8.499,8.426,8.566,8.025,7.998,7.825,7.172,7.507,8.632,8.221,8.63,9.143,8.088,7.972
1154.03,15,9.254,8.397,9.505,8.182,9.164,8.927,8.966,10.118,9.084,8.532,8.318,8.539,7.968,8.031,7.875,7.271,7.457,8.664,8.176,8.707,9.107,8.029,8.011
1155.03,15,9.227,8.422,9.54,8.159,9.123,8.901,8.997,10.053,9.086,8.563,8.387,8.582,7.985,8.086,7.803,7.128,7.528,8.633,8.213,8.638,9.199,8.031,7.991
1156.03,15,9.204,8.371,9.576,8.183,9.114,8.894,8.883,10.092,9.071,8.505,8.403,8.574,8.014,8.059,7.798,7.14,7.544,8.645,8.188,8.598,9.1,7.945,8.033
1157.03,15,9.27,8.463,9.552,8.154,9.097,8.91,8.947,10.12,9.096,8.526,8.391,8.55,7.963,8.022,7.79,7.21,7.469,8.7,8.207,8.616,9.161,7.988,8.056
1158.03,15,9.193,8.459,9.633,8.121,9.105,8.839,9.007,10.173,9.096,8.51,8.38,8.597,8.016,8.042,7.816,7.105,7.485,8.68,8.146,8.678,9.179,8.091,8.036
1159.03,15,9.219,8.388,9.57,8.097,9.126,8.913,8.9,10.087,9.069,8.496,8.35,8.55,8.019,8.055,7.787,7.206,7.524,8.62,8.129,8.607,9.224,7.986,8.005
1160.03,15,9.249,8.413,9.575,8.156,9.098,8.843,8.942,10.115,9.072,8.537,8.38,8.597,8.002,8.016,7.761,7.161,7.534,8.648,8.163,8.603,9.148,8.067,7.995
1161.03,15,9.216,8.401,9.564,8.134,9.142,8.904,8.959,10.112,9.115,8.504,8.349,8.615,7.952,8.048,7.8,7.16,7.442,8.612,8.167,8.579,9.104,8.072,8.012
1162.03,15,9.179,8.46,9.647,8.071,9.111,8.877,8.916,10.135,9.048,8.606,8.363,8.503,8.05,8.122,7.824,7.144,7.514,8.588,8.197,8.664,9.174,8.003,8.06
1163.03,15,9.294,8.454,9.638,8.102,9.137,8.844,8.954,10.081,9.076,8.536,8.38,8.515,7.984,8.074,7.843,7.114,7.53,8.606,8.152,8.74,9.117,8.013,8.043
1164.03,15,9.156,8.434,9.583,8.165,9.042,8.845,8.988,10.112,9.081,8.534,8.343,8.604,7.897,8.03,7.841,7.14,7.489,8.658,8.125,8.652,9.16,8.054,8.03
1165.03,15,9.223,8.347,9.538,8.132,9.052,8.873,8.954,10.148,9.127,8.482,8.384,8.604,7.954,8.131,7.822,7.181,7.524,8.62,8.159,8.64,9.189,7.956,7.979
1166.03,15,9.2,8.418,9.564,8.127,9.104,8.923,8.924,10.106,9.076,8.518,8.337,8.534,8.021,8.09,7.813,7.189,7.545,8.632,8.103,8.662,9.123,7.979,8.039
1167.03,15,9.221,8.479,9.57,8.134,9.154,8.911,8.983,10.111,9.078,8.49,8.376,8.55,7.931,8.096,7.863,7.146,7.518,8.681,8.144,8.65,9.115,8.076,8.039
1168.03,15,9.186,8.354,9.601,8.128,9.046,8.88,8.944,10.153,9.145,8.515,8.383,8.595,7.982,8.108,7.765,7.136,7.495,8.646,8.171,8.655,9.113,8.027,8.006
1169.03,15,9.216,8.384,9.553,8.209,9.139,8.827,8.978,10.113,9.098,8.462,8.412,8.557,7.993,7.987,7.897,7.091,7.564,8.672,8.182,8.584,9.119,8.064,8.028
1170.03,15,9.206,8.365,9.629,8.132,9.124,8.908,8.972,10.136,9.09,8.507,8.324,8.61,7.963,8.087,7.814,7.167,7.468,8.674,8.22,8.652,9.104,7.982,7.932
1171.03,15,9.204,8.458,9.532,8.117,9.104,8.921,8.929,10.114,9.158,8.572,8.405,8.563,7.944,8.087,7.772,7.179,7.549,8.606,8.193,8.633,9.062,7.986,8.059
1172.03,15,9.178,8.381,9.608,8.084,8.996,8.887,8.959,10.189,9.047,8.531,8.342,8.522,7.952,8.081,7.77,7.126,7.473,8.611,8.187,8.642,9.165,7.969,7.979
1173.03,15,9.238,8.356,9.58,8.097,9.059,8.9,8.871,10.162,9.079,8.477,8.396,8.517,7.995,8.039,7.759,7.129,7.486,8.688,8.2,8.623,9.135,7.977,8.039
1174.03,15,9.205,8.41,9.528,8.098,9.066,8.86,8.924,10.125,9.044,8.479,8.367,8.582,8.007,8.004,7.794,7.058,7.477,8.645,8.088,8.574,9.137,8.052,7.97
1175.03,15,9.23,8.425,9.608,8.109,9.073,8.908,8.901,10.132,9.053,8.532,8.331,8.584,7.986,8.044,7.794,7.142,7.489,8.682,8.09,8.643,9.125,7.954,8.07
1176.03,15,9.19,8.392,9.518,8.153,9.079,8.846,8.935,10.107,9.081,8.479,8.438,8.578,7.926,8.088,7.814,7.097,7.472,8.605,8.191,8.628,9.163,8.058,7.982
1177.03,15,9.246,8.403,9.53,8.13,9.111,8.915,8.94,10.18,9.123,8.523,8.381,8.568,8.029,8.011,7.787,7.145,7.516,8.628,8.157,8.612,9.087,8.009,8.074
1178.03,15,9.21,8.401,9.562,8.176,9.101,8.993,8.946,10.155,9.109,8.532,8.364,8.519,7.961,8.068,7.814,7.165,7.464,8.674,8.156,8.588,9.139,8.066,7.974
1179.03,15,9.249,8.416,9.601,8.156,9.116,8.893,8.873,10.128,9.076,8.561,8.381,8.531,7.98,8.059,7.742,7.17,7.582,8.668,8.187,8.63,9.189,8.001,7.992
1180.03,15,9.202,8.41,9.564,8.121,9.153,8.902,9.006,10.125,9.096,8.529,8.361,8.629,7.902,8.063,7.841,7.193,7.503,8.689,8.131,8.592,9.163,8.017,8.055
1181.03,15,9.23,8.455,9.596,8.176,9.15,8.87,8.914,10.081,9.148,8.519,8.329,8.546,7.949,8.031,7.737,7.134,7.514,8.654,8.142,8.628,9.153,8.071,8.012
1182.03,15,9.185,8.419,9.505,8.095,9.155,8.874,8.976,10.199,9.03,8.517,8.371,8.573,7.965,8.005,7.735,7.131,7.526,8.578,8.122,8.659,9.101,8.008,8.013
1183.03,15,9.203,8.402,9.565,8.122,9.097,8.87,8.985,10.05,9.09,8.534,8.319,8.524,8.002,8.085,7.791,7.178,7.496,8.638,8.14,8.632,9.149,8.018,8.03
1184.03,15,9.249,8.404,9.541,8.154,9.139,8.878,8.866,10.208,9.11,8.486,8.354,8.575,8.021,8.006,7.742,7.131,7.492,8.687,8.1,8.541,9.185,8.025,7.97
1185.03,15,9.132,8.436,9.585,8.125,9.067,8.893,8.938,10.109,9.028,8.525,8.354,8.506,7.974,8.063,7.796,7.087,7.525,8.688,8.151,8.675,9.122,8.053,8.026
1186.03,15,9.194,8.438,9.548,8.178,9.082,8.908,8.901,10.088,9.04,8.493,8.344,8.555,8.002,8.018,7.749,7.143,7.509,8.641,8.134,8.59,9.196,7.991,8.011
1187.03,15,9.134,8.437,9.558,8.177,9.086,8.937,8.906,10.148,9.069,8.527,8.372,8.479,7.976,8.067,7.794,7.114,7.548,8.717,8.14,8.644,9.151,8.027,8.05
1188.03,15,9.164,8.417,9.558,8.216,9.113,8.908,8.967,10.145,9.076,8.503,8.344,8.523,7.946,8.034,7.718,7.16,7.457,8.662,8.122,8.636,9.13,8.01,7.973
1189.03,15,9.153,8.386,9.557,8.15,9.103,8.863,8.864,10.071,9.049,8.472,8.359,8.561,7.995,8.056,7.795,7.074,7.475,8.648,8.177,8.549,9.109,8.001,8.018
1190.03,15,9.222,8.358,9.59,8.116,9.122,8.835,8.904,10.12,9.099,8.576,8.367,8.55,7.973,8.079,7.763,7.156,7.477,8.632,8.249,8.624,9.228,8.038,7.946
1191.03,15,9.223,8.425,9.622,8.116,9.125,8.882,8.953,10.049,9.108,8.492,8.379,8.523,7.98,8.043,7.781,7.072,7.453,8.701,8.122,8.695,9.21,8.041,8.025
1192.03,15,9.211,8.369,9.516,8.134,9.079,8.892,8.912,10.099,9.115,8.487,8.329,8.524,7.96,8.075,7.723,7.143,7.52,8.659,8.187,8.589,9.154,8.004,7.986
1193.03,15,9.232,8.369,9.504,8.197,9.054,8.971,8.967,10.102,9.032,8.507,8.329,8.529,7.99,8.006,7.76,7.115,7.516,8.641,8.074,8.615,9.182,7.997,8.029
1194.03,15,9.232,8.368,9.561,8.136,9.124,8.866,8.95,10.114,9.038,8.476,8.31,8.541,7.984,8.076,7.763,7.154,7.488,8.624,8.167,8.577,9.069,8.036,7.965
1195.03,15,9.156,8.417,9.549,8.171,9.069,8.907,8.968,10.101,9.052,8.47,8.392,8.474,7.986,8.063,7.802,7.167,7.461,8.622,8.124,8.647,9.191,7.974,8.001
1196.03,15,9.251,8.48,9.553,8.171,9.083,8.903,8.89,10.1,9.038,8.543,8.348,8.556,7.993,8.062,7.791,7.09,7.493,8.665,8.14,8.648,9.122,7.931,7.997
1197.03,15,9.222,8.342,9.564,8.098,9.117,8.885,8.922,10.117,9.112,8.46,8.293,8.539,7.957,8.065,7.793,7.14,7.471,8.675,8.144,8.641,9.139,7.982,7.996
1198.03,15,9.156,8.389,9.545,8.082,9.034,8.878,8.941,10.032,9.018,8.462,8.307,8.509,8.026,8.065,7.775,7.074,7.428,8.704,8.142,8.612,9.093,8.008,7.961
1199.03,15,9.218,8.398,9.569,8.138,9.144,8.911,8.976,10.146,9.079,8.488,8.419,8.485,8.022,8.028,7.773,7.078,7.454,8.739,8.127,8.653,9.148,8.017,8.013
1200.03,15,9.148,8.394,9.561,8.153,9.027,8.876,8.956,10.172,9.074,8.528,8.318,8.633,7.95,8.04,7.721,7.129,7.453,8.623,8.175,8.618,9.127,8.052,7.975
1201.03,15,9.171,8.386,9.525,8.11,9.114,8.827,8.899,10.077,9.11,8.528,8.335,8.507,7.962,8.017,7.787,7.086,7.456,8.634,8.163,8.571,9.145,7.953,8.001
1202.03,15,9.165,8.364,9.523,8.169,9.128,8.927,8.898,10.136,9.053,8.454,8.374,8.557,8.005,8.079,7.774,7.112,7.453,8.655,8.129,8.607,9.129,7.987,7.938
1203.03,15,9.212,8.348,9.56,8.162,9.088,8.856,8.954,10.13,9.088,8.47,8.334,8.533,7.984,8.025,7.743,7.073,7.47,8.623,8.151,8.624,9.097,8.048,7.911
1204.03,15,9.262,8.371,9.499,8.102,9.101,8.883,8.909,10.073,9.015,8.504,8.349,8.51,7.948,8.004,7.775,7.057,7.483,8.647,8.203,8.657,9.105,8.029,7.991
1205.03,15,9.231,8.34,9.595,8.083,9.154,8.878,8.902,10.084,9.116,8.547,8.376,8.569,7.94,8.053,7.725,7.128,7.484,8.655,8.149,8.638,9.183,7.999,8.027
1206.03,15,9.24,8.402,9.536,8.128,9.046,8.895,8.907,10.102,9.075,8.528,8.244,8.533,7.885,8.011,7.798,7.137,7.435,8.609,8.143,8.615,9.156,8.009,7.968
1207.03,15,9.177,8.377,9.574,8.158,9.105,8.889,8.895,10.16,9.078,8.486,8.332,8.509,7.965,8.044,7.775,7.147,7.48,8.622,8.147,8.656,9.078,8.017,7.958
1208.03,15,9.178,8.408,9.554,8.161,9.166,8.865,8.994,10.113,9.036,8.449,8.32,8.572,7.92,8.006,7.705,7.165,7.507,8.692,8.141,8.598,9.07,8.043,7.909
1209.03,15,9.186,8.368,9.47,8.087,9.127,8.925,8.933,10.071,9.109,8.485,8.358,8.487,7.975,8.032,7.761,7.102,7.452,8.65,8.136,8.642,9.147,8.051,7.931
1210.03,15,9.149,8.36,9.491,8.072,9.103,8.832,8.947,10.109,9.077,8.448,8.381,8.523,7.938,8.008,7.757,7.119,7.443,8.618,8.139,8.579,9.201,7.995,7.986
1211.03,15,9.195,8.316,9.515,8.055,9.065,8.899,8.951,10.074,9.129,8.457,8.323,8.521,7.986,8.075,7.736,7.144,7.479,8.627,8.142,8.668,9.102,7.954,8.024
1212.03,15,9.161,8.399,9.533,8.165,9.133,8.894,8.953,10.089,9.085,8.52,8.378,8.588,7.954,8.003,7.793,7.067,7.517,8.614,8.128,8.565,9.239,8.038,7.993
1213.03,15,9.183,8.352,9.574,8.146,9.097,8.896,8.89,10.113,9.027,8.443,8.348,8.543,8.029,8.047,7.738,7.08,7.434,8.66,8.149,8.588,9.112,8.071,7.956
1214.03,15,9.204,8.38,9.534,8.081,9.137,8.934,8.98,10.076,8.996,8.428,8.359,8.542,7.965,8.052,7.781,7.075,7.533,8.671,8.196,8.588,9.148,7.949,7.984
1215.03,15,9.209,8.389,9.515,8.13,9.083,8.874,8.939,10.091,9.051,8.482,8.357,8.469,7.966,8.035,7.686,7.154,7.447,8.617,8.211,8.707,9.139,7.997,8.003
1216.03,15,9.211,8.41,9.588,8.058,9.064,8.823,8.903,10.136,9.007,8.465,8.466,8.492,7.989,8.079,7.765,7.152,7.493,8.596,8.097,8.611,9.153,8.026,7.968
1217.03,15,9.127,8.424,9.532,8.171,9.059,8.869,8.902,10.157,9.078,8.517,8.31,8.543,8.013,8.017,7.716,7.09,7.484,8.636,8.133,8.657,9.16,7.977,7.985
1218.03,15,9.162,8.379,9.552,8.106,9.054,8.883,8.922,10.067,9.09,8.446,8.388,8.547,7.997,7.997,7.757,7.064,7.503,8.599,8.125,8.665,9.158,7.995,7.921
1219.03,15,9.174,8.333,9.534,8.13,9.082,8.886,8.923,10.167,9.023,8.471,8.359,8.541,7.975,8.02,7.776,7.176,7.52,8.672,8.119,8.65,9.146,8.003,7.914
1220.03,15,9.227,8.399,9.545,8.106,9.046,8.877,8.91,10.076,9.047,8.539,8.346,8.513,7.999,8.044,7.762,7.131,7.485,8.673,8.193,8.587,9.169,7.955,7.988
1221.03,15,9.177,8.392,9.505,8.153,9.095,8.905,8.893,10.073,9.098,8.417,8.355,8.534,7.967,8.018,7.767,7.01,7.461,8.602,8.162,8.578,9.131,7.96,8.007
1222.03,15,9.162,8.293,9.59,8.112,9.081,8.842,8.851,10.041,9.065,8.492,8.338,8.566,7.963,8.075,7.773,7.123,7.517,8.574,8.18,8.6,9.168,8.033,8.01
1223.03,15,9.243,8.343,9.547,8.081,9.155,8.863,8.912,10.094,9.039,8.482,8.373,8.536,7.937,8.041,7.778,7.069,7.472,8.615,8.166,8.63,9.157,7.973,7.969
1224.03,15,9.21,8.427,9.515,8.204,9.104,8.891,8.944,10.097,9.026,8.48,8.309,8.499,7.933,8.003,7.706,7.085,7.472,8.692,8.223,8.589,9.156,8.012,7.977
1225.03,15,9.236,8.394,9.507,8.116,9.033,8.835,8.868,10.113,9.058,8.5,8.408,8.532,7.986,8.003,7.762,7.145,7.427,8.644,8.185,8.607,9.175,7.996,7.963
1226.03,15,9.158,8.366,9.545,8.157,9.133,8.85,8.952,10.082,9.066,8.463,8.36,8.51,7.954,8.055,7.78,7.11,7.441,8.578,8.24,8.611,9.066,8.002,8.007
1227.03,15,9.251,8.432,9.438,8.153,9.09,8.867,8.949,10.109,9.067,8.49,8.376,8.472,8,8.009,7.718,7.139,7.483,8.625,8.195,8.632,9.074,7.936,7.904
1228.03,15,9.17,8.368,9.512,8.153,9.091,8.84,8.871,10.062,9.019,8.449,8.332,8.449,7.924,8.009,7.707,7.125,7.423,8.584,8.078,8.587,9.139,7.983,7.942
1229.03,15,9.157,8.353,9.581,8.2,9.026,8.866,8.907,10.092,9.009,8.519,8.306,8.537,7.95,8.068,7.77,7.056,7.486,8.644,8.137,8.604,9.13,7.969,8.001
1230.03,15,9.135,8.434,9.504,8.138,9.065,8.867,8.915,10.053,9.042,8.528,8.321,8.489,7.995,7.998,7.73,7.146,7.518,8.727,8.19,8.611,9.136,7.99,7.956
1231.03,15,9.227,8.449,9.557,8.101,9.11,8.851,8.873,10.097,9.033,8.468,8.287,8.527,7.901,8.024,7.743,7.095,7.528,8.642,8.206,8.616,9.09,8.024,8.008
1232.03,15,9.175,8.338,9.499,8.109,9.101,8.868,8.942,10.095,9.062,8.525,8.364,8.477,7.947,8.017,7.753,7.079,7.497,8.652,8.117,8.573,9.15,7.913,7.992
1233.03,15,9.208,8.387,9.577,8.151,9.049,8.883,8.868,10.077,9.015,8.528,8.389,8.47,7.95,8.04,7.667,7.094,7.49,8.585,8.14,8.625,9.142,7.964,8.013
1234.03,15,9.221,8.355,9.538,8.16,9.099,8.894,8.917,10.097,9.079,8.468,8.338,8.551,7.943,7.975,7.741,7.11,7.429,8.61,8.152,8.621,9.092,7.904,7.912
1235.03,15,9.15,8.298,9.521,8.1,9.08,8.845,8.925,10.102,9.033,8.5,8.363,8.569,8.043,8.031,7.716,7.056,7.514,8.644,8.157,8.588,9.228,8.009,7.979
1236.03,15,9.205,8.409,9.556,8.139,9.079,8.901,8.955,10.143,9.071,8.479,8.361,8.552,7.924,8.055,7.802,7.055,7.474,8.637,8.204,8.591,9.119,7.992,7.987
1237.03,15,9.196,8.351,9.554,8.114,9.089,8.797,8.992,10.055,8.99,8.523,8.35,8.539,7.98,7.921,7.7,7.155,7.469,8.601,8.088,8.621,9.135,7.982,7.953
1238.03,15,9.141,8.424,9.545,8.175,9.075,8.841,8.92,10.081,9.058,8.496,8.326,8.561,7.909,8.044,7.701,7.081,7.439,8.643,8.146,8.643,9.113,8.04,7.945
1239.03,15,9.156,8.309,9.545,8.118,9.039,8.86,8.874,10.119,9.021,8.443,8.286,8.527,7.943,7.997,7.767,7.042,7.484,8.625,8.164,8.576,9.109,7.926,7.965
1240.03,15,9.204,8.365,9.568,8.113,9.067,8.839,8.958,10.125,9.064,8.431,8.366,8.494,7.978,8.066,7.73,7.046,7.461,8.642,8.154,8.636,9.154,8.055,8.029
1241.03,15,9.182,8.382,9.481,8.189,9.059,8.877,8.892,10.061,9.064,8.433,8.38,8.47,7.988,7.998,7.742,7.143,7.518,8.643,8.128,8.622,9.075,7.957,7.961
1242.03,15,9.213,8.353,9.528,8.094,9.112,8.881,8.854,10.094,9.062,8.471,8.351,8.565,7.964,8.013,7.748,7.054,7.471,8.599,8.128,8.565,9.147,7.932,8.008
1243.03,15,9.152,8.361,9.592,8.155,9.073,8.865,8.823,10.083,9.039,8.488,8.351,8.543,7.972,7.981,7.738,7.037,7.502,8.597,8.079,8.631,9.086,8.046,7.923
1244.03,15,9.207,8.354,9.584,8.087,9.013,8.874,8.946,10.069,9.011,8.436,8.353,8.445,7.943,8.059,7.741,7.131,7.439,8.647,8.14,8.664,9.138,7.911,7.962
1245.03,15,9.165,8.345,9.509,8.089,9.064,8.837,8.892,10.065,9.058,8.429,8.327,8.481,7.937,8.022,7.749,7.098,7.502,8.65,8.121,8.562,9.136,7.939,7.954
1246.03,15,9.163,8.367,9.471,8.102,9.022,8.838,8.909,10.109,9.083,8.459,8.314,8.467,7.966,8.028,7.694,7.036,7.427,8.625,8.151,8.612,9.13,7.97,7.933
1247.03,15,9.179,8.393,9.532,8.144,9.09,8.928,8.898,10.076,9.03,8.532,8.339,8.55,7.959,7.994,7.702,7.079,7.466,8.617,8.181,8.557,9.097,7.95,7.934
1248.03,15,9.148,8.422,9.516,8.162,9.115,8.839,8.94,10.099,9.044,8.469,8.36,8.497,7.964,7.949,7.69,7.104,7.448,8.64,8.157,8.609,9.158,7.969,7.942
1249.03,15,9.172,8.353,9.477,8.095,9.001,8.86,8.993,10.054,9.026,8.456,8.309,8.436,7.912,7.977,7.668,7.054,7.459,8.696,8.075,8.602,9.123,7.994,7.971
1250.03,15,9.222,8.447,9.525,8.209,9.111,8.852,8.901,10.057,9.022,8.468,8.332,8.469,7.972,8.028,7.701,7.039,7.492,8.63,8.156,8.561,9.101,7.997,7.989
1251.03,15,9.194,8.324,9.521,8.137,9.078,8.864,8.858,10.142,9.044,8.473,8.299,8.555,7.959,7.96,7.701,7.121,7.5,8.634,8.122,8.64,9.119,7.919,7.968
1252.03,15,9.179,8.314,9.577,8.106,9.078,8.843,8.89,10.1,9.015,8.451,8.336,8.554,7.975,7.958,7.7,7.042,7.477,8.638,8.191,8.57,9.113,8,7.95
1253.03,15,9.212,8.327,9.524,8.152,9.042,8.899,8.875,10.113,9.08,8.505,8.322,8.494,7.945,8.001,7.673,7.032,7.521,8.631,8.14,8.596,9.127,7.944,7.982
1254.03,15,9.149,8.419,9.507,8.168,9.056,8.833,8.923,10.048,8.981,8.491,8.339,8.531,7.982,8.003,7.66,7.027,7.454,8.613,8.162,8.583,9.05,8.006,7.975
1255.03,15,9.153,8.344,9.561,8.102,9.073,8.844,8.922,10.156,9.016,8.485,8.304,8.427,7.933,7.932,7.724,7.093,7.495,8.564,8.179,8.574,9.038,7.909,7.995
1256.03,15,9.198,8.343,9.468,8.118,9.027,8.89,8.874,10.098,9.058,8.477,8.329,8.501,7.912,8.026,7.695,7.083,7.429,8.656,8.101,8.611,9.076,7.958,7.992
1257.03,15,9.157,8.31,9.463,8.147,9.028,8.843,8.928,10.129,9.067,8.411,8.329,8.497,7.933,7.986,7.684,7.144,7.451,8.581,8.102,8.598,9.071,8.021,7.978
1258.03,15,9.149,8.337,9.52,8.068,9.039,8.815,8.916,10.054,9.006,8.498,8.302,8.489,7.958,8.008,7.588,7.086,7.472,8.598,8.155,8.584,9.099,7.954,7.98
1259.03,15,9.202,8.294,9.564,8.076,9.061,8.794,8.926,10.073,9.038,8.481,8.316,8.422,7.951,7.99,7.68,7.037,7.473,8.66,8.154,8.608,9.153,8.013,7.97
1260.03,15,9.177,8.363,9.523,8.14,9.067,8.804,8.939,10.122,9.019,8.435,8.328,8.499,7.981,8.003,7.786,7.084,7.519,8.672,8.105,8.553,9.117,7.944,7.958
1261.03,15,9.133,8.395,9.573,8.081,9.024,8.898,8.86,10.105,9.012,8.524,8.315,8.539,7.946,7.957,7.662,7.095,7.449,8.57,8.13,8.591,9.159,7.993,7.965
1262.03,15,9.206,8.355,9.542,8.068,9.144,8.833,8.898,10.105,9.033,8.437,8.304,8.538,7.954,8.006,7.778,7.052,7.437,8.607,8.112,8.592,9.171,7.95,7.951
1263.03,15,9.199,8.373,9.472,8.043,9.059,8.809,8.924,10.085,9.058,8.487,8.295,8.493,7.911,7.993,7.654,7.05,7.51,8.608,8.061,8.547,9.152,7.938,7.99
1264.03,15,9.23,8.357,9.495,8.103,9.051,8.87,8.932,10.098,9.021,8.465,8.321,8.493,7.954,7.972,7.697,7.037,7.486,8.687,8.126,8.618,9.137,7.953,7.978
1265.03,15,9.23,8.331,9.526,8.058,9.051,8.856,8.954,10.102,9.007,8.423,8.294,8.555,7.923,7.975,7.678,7.048,7.507,8.656,8.098,8.572,9.13,7.971,8.014
1266.03,15,9.152,8.409,9.544,8.15,9.031,8.837,8.934,10.079,8.965,8.526,8.351,8.46,7.946,7.994,7.679,7.114,7.5,8.659,8.066,8.551,9.104,7.998,7.958
1267.03,15,9.168,8.325,9.453,8.083,9.014,8.808,8.904,10.098,9.037,8.366,8.35,8.519,7.99,7.971,7.659,7.031,7.462,8.573,8.161,8.576,9.153,7.958,7.975
1268.03,15,9.118,8.294,9.523,8.111,9.021,8.802,8.898,10.101,8.96,8.455,8.318,8.441,7.96,7.992,7.71,7.161,7.482,8.636,8.11,8.607,9.11,7.928,7.922
1269.03,15,9.132,8.303,9.505,8.076,9.038,8.78,8.892,10.031,9.041,8.436,8.336,8.545,7.91,8.031,7.697,7.052,7.556,8.61,8.112,8.588,9.142,7.954,8.002
1270.03,15,9.167,8.347,9.494,8.037,9.056,8.866,8.965,10.094,9.044,8.494,8.286,8.5,7.944,8.011,7.676,7.064,7.416,8.588,8.145,8.542,9.106,7.927,7.919
1271.03,15,9.15,8.35,9.529,8.114,9.049,8.854,8.85,10.077,9.013,8.354,8.359,8.492,7.889,8.014,7.669,7.03,7.511,8.598,8.177,8.628,9.134,7.894,7.914
1272.03,15,9.124,8.336,9.487,8.085,9.055,8.847,8.919,10.073,9.03,8.525,8.319,8.488,7.995,7.983,7.735,7.044,7.419,8.599,8.106,8.589,9.116,7.972,7.996
1273.03,15,9.158,8.367,9.483,8.094,9.099,8.827,8.937,10.039,9.014,8.508,8.32,8.488,7.999,8.006,7.684,7.045,7.475,8.616,8.021,8.588,9.132,8.035,7.985
1274.03,15,9.18,8.331,9.556,8.116,8.996,8.774,8.932,10.073,9.007,8.517,8.335,8.499,7.969,8.013,7.621,7.047,7.467,8.598,8.126,8.622,9.15,7.952,7.949
1275.03,15,9.165,8.351,9.468,8.035,9.036,8.846,8.904,10.017,9.063,8.435,8.297,8.503,7.943,7.931,7.704,7.047,7.488,8.66,8.149,8.604,9.107,7.891,7.959
1276.03,15,9.18,8.339,9.516,8.18,9.045,8.864,8.907,10.048,9.05,8.493,8.349,8.414,7.936,8.004,7.629,7.088,7.502,8.611,8.128,8.637,9.15,8.05,7.971
1277.03,15,9.141,8.373,9.476,8.075,8.99,8.831,8.909,10.078,9.081,8.473,8.29,8.401,7.889,7.965,7.722,7.042,7.395,8.686,8.105,8.629,9.167,7.96,7.94
1278.03,15,9.121,8.375,9.518,8.171,9.045,8.839,8.907,9.993,9.05,8.424,8.321,8.554,7.93,7.999,7.682,6.992,7.472,8.583,8.038,8.593,9.137,7.949,7.915
1279.03,15,9.118,8.394,9.505,8.126,9.065,8.806,8.886,10.063,9.016,8.431,8.281,8.422,7.983,7.932,7.623,7.078,7.402,8.561,8.127,8.516,9.095,7.924,7.979
1280.03,15,9.172,8.391,9.517,8.13,9.047,8.791,8.889,10.067,9.049,8.437,8.311,8.359,7.973,8.019,7.682,7.118,7.458,8.564,8.161,8.587,9.16,7.991,7.978
1281.03,15,9.132,8.359,9.43,8.127,9.093,8.837,8.863,10.109,9.002,8.455,8.307,8.516,7.924,7.931,7.711,7.023,7.476,8.536,8.128,8.57,9.198,7.954,7.975
1282.03,15,9.092,8.368,9.556,8.102,9.046,8.818,8.899,10.071,9.032,8.473,8.306,8.484,7.904,7.943,7.664,7.089,7.498,8.499,8.096,8.521,9.1,8.023,7.947
1283.03,15,9.128,8.358,9.511,8.178,9.107,8.855,8.914,10.112,8.998,8.395,8.288,8.44,7.912,8,7.703,7.01,7.393,8.603,8.14,8.591,9.162,7.99,7.942
1284.03,15,9.171,8.358,9.485,8.107,9.015,8.852,8.872,10.02,9.021,8.411,8.28,8.471,7.958,7.995,7.662,6.958,7.458,8.589,8.108,8.572,9.15,7.95,7.942
1285.03,15,9.197,8.362,9.508,8.113,9.099,8.856,8.916,10.097,8.982,8.443,8.404,8.526,7.912,7.988,7.677,7.058,7.434,8.614,8.182,8.645,9.104,7.981,7.99
1286.03,15,9.132,8.295,9.548,8.074,9.036,8.838,8.865,10.083,8.991,8.516,8.359,8.464,8.001,7.965,7.609,7.035,7.421,8.547,8.109,8.546,9.002,7.906,7.974
1287.03,15,9.121,8.261,9.558,8.135,8.992,8.843,8.876,10.069,8.966,8.408,8.309,8.433,7.889,8.01,7.676,7.013,7.466,8.616,8.112,8.559,9.134,7.94,7.899
1288.03,15,9.116,8.341,9.536,7.993,9.052,8.842,8.94,10.116,9.017,8.445,8.357,8.462,7.942,7.985,7.67,7.083,7.401,8.6,8.1,8.58,9.026,7.976,7.926
1289.03,15,9.15,8.308,9.553,8.122,9.08,8.793,8.892,10.068,8.997,8.498,8.387,8.537,7.928,7.946,7.671,7.132,7.411,8.496,8.151,8.552,9.095,7.939,7.923
1290.03,15,9.156,8.342,9.522,8.067,9.051,8.865,8.877,10.087,8.933,8.462,8.311,8.501,7.981,8.012,7.714,7.054,7.437,8.673,8.108,8.554,9.097,7.977,7.96
1291.03,15,9.128,8.376,9.476,8.137,9.094,8.91,8.901,10.103,8.976,8.452,8.311,8.471,7.922,7.978,7.619,7.039,7.408,8.624,8.074,8.536,9.101,7.957,7.894
1292.03,15,9.203,8.387,9.49,8.102,9.09,8.843,8.887,10.049,8.978,8.387,8.248,8.475,7.917,7.997,7.68,7,7.474,8.602,8.123,8.571,9.091,7.99,7.941
1293.03,15,9.246,8.352,9.516,8.099,9.056,8.835,8.889,9.997,9,8.528,8.334,8.445,7.95,8.031,7.683,7.01,7.477,8.549,8.118,8.572,9.16,7.903,7.92
1294.03,15,9.202,8.314,9.471,8.064,9.039,8.813,8.864,10.086,9.032,8.499,8.348,8.438,7.979,7.916,7.688,7.048,7.401,8.605,8.041,8.556,9.177,7.954,7.941
1295.03,15,9.147,8.36,9.505,8.066,9.061,8.831,8.855,10.059,8.957,8.532,8.272,8.434,7.948,7.949,7.699,7.056,7.506,8.6,8.053,8.51,9.12,7.899,8.018
1296.03,15,9.151,8.352,9.474,8.126,9.05,8.825,8.823,10.078,8.995,8.463,8.263,8.511,7.926,7.948,7.676,7.053,7.433,8.656,8.081,8.59,9.089,7.958,7.943
1297.03,15,9.155,8.326,9.547,8.075,9.054,8.866,8.902,10.053,8.99,8.432,8.31,8.46,7.936,7.964,7.659,7.013,7.411,8.629,8.057,8.566,9.147,7.955,7.898
1298.03,15,9.136,8.341,9.507,8.05,9.02,8.809,8.955,10,8.991,8.492,8.289,8.483,7.891,7.991,7.634,7.054,7.394,8.558,8.143,8.546,9.119,7.9,7.953
1299.03,15,9.188,8.347,9.519,8.08,9.056,8.807,8.826,10.087,8.998,8.503,8.375,8.404,7.975,7.95,7.677,7.018,7.481,8.653,8.07,8.523,9.069,7.976,7.939
1300.03,15,9.147,8.318,9.423,8.123,9.065,8.814,8.919,10.045,8.992,8.431,8.284,8.483,7.927,7.978,7.684,7.05,7.473,8.615,8.096,8.54,9.061,7.949,7.904
1301.03,15,9.097,8.305,9.554,8.074,9.045,8.849,8.907,10.08,9.005,8.516,8.275,8.463,8.007,7.936,7.683,7.038,7.426,8.581,8.032,8.585,9.174,7.927,7.959
1302.03,15,9.126,8.29,9.46,8.11,9.05,8.794,8.85,10.032,9.018,8.453,8.31,8.461,7.935,7.918,7.737,6.994,7.489,8.622,8.066,8.57,9.104,7.906,7.9
1303.03,15,9.188,8.285,9.442,8.137,9.08,8.851,8.904,10.046,8.973,8.425,8.255,8.461,7.94,7.999,7.666,7.035,7.407,8.655,8.057,8.623,9.105,8,7.92
1304.03,15,9.146,8.368,9.483,8.092,9.029,8.789,8.889,10.132,8.99,8.489,8.255,8.468,7.895,7.981,7.661,7.006,7.448,8.603,8.15,8.647,9.134,7.959,7.969
1305.03,15,9.162,8.3,9.493,8.099,9.062,8.774,8.887,10.034,8.98,8.511,8.352,8.489,7.943,7.973,7.66,7.034,7.477,8.597,8.075,8.601,9.154,7.943,7.936
1306.03,15,9.147,8.286,9.475,8.133,9.03,8.782,8.863,10.013,9.101,8.434,8.346,8.415,7.999,7.969,7.671,6.975,7.432,8.597,8.009,8.576,9.097,7.954,7.954
1307.03,15,9.196,8.307,9.521,8.11,9.019,8.847,8.857,10.067,9.011,8.475,8.347,8.433,7.943,7.931,7.692,7.004,7.5,8.59,8.046,8.54,9.073,7.969,7.945
1308.03,15,9.156,8.312,9.503,8.098,9.074,8.798,8.895,10.076,9.03,8.458,8.274,8.499,7.96,7.905,7.689,7.035,7.439,8.623,8.137,8.543,9.12,7.976,7.909
1309.03,15,9.128,8.305,9.5,8.105,9.004,8.814,8.942,10.045,9.02,8.443,8.344,8.489,7.981,7.91,7.752,7.04,7.517,8.587,8.118,8.554,9.117,7.965,7.951
1310.03,15,9.101,8.321,9.519,8.076,9.074,8.786,8.911,10.038,9.037,8.442,8.315,8.454,7.855,7.934,7.638,7.066,7.459,8.59,8.091,8.635,9.058,7.933,7.94
1311.03,15,9.166,8.342,9.464,8.063,9.018,8.869,8.902,10.045,8.929,8.485,8.288,8.455,7.891,7.958,7.689,6.943,7.398,8.559,8.142,8.585,9.164,7.983,7.95
1312.03,15,9.133,8.273,9.504,8.086,8.993,8.839,8.892,10.106,8.952,8.48,8.241,8.476,7.879,7.953,7.597,7.037,7.437,8.553,8.116,8.585,9.108,7.911,7.965
1313.03,15,9.158,8.373,9.508,8.084,9.046,8.777,8.895,10.128,8.933,8.425,8.288,8.514,7.904,7.984,7.589,6.992,7.51,8.57,8.134,8.478,9.093,7.906,7.959
1314.03,15,9.177,8.213,9.533,8.036,9.055,8.81,8.869,10.076,9.07,8.43,8.245,8.509,7.912,7.944,7.63,7.003,7.476,8.553,8.13,8.533,9.126,7.933,7.893
1315.03,15,9.123,8.339,9.448,8.037,9.011,8.818,8.902,10.09,8.999,8.48,8.296,8.444,7.895,7.924,7.663,7.068,7.433,8.639,8.125,8.533,9.123,7.931,7.896
1316.03,15,9.098,8.277,9.443,8.106,9.102,8.778,8.924,10.032,8.922,8.543,8.196,8.478,7.921,7.908,7.678,7.027,7.468,8.57,8.165,8.618,9.08,7.975,7.979
1317.03,15,9.201,8.28,9.476,8.167,9.027,8.828,8.792,10.103,8.929,8.376,8.302,8.423,7.915,7.895,7.655,7,7.442,8.638,8.085,8.612,9.181,7.991,7.964
1318.03,15,9.171,8.315,9.505,8.144,8.949,8.841,8.908,9.984,8.982,8.402,8.373,8.51,7.896,7.934,7.641,7.007,7.444,8.578,8.097,8.577,9.154,7.852,7.935
1319.03,15,9.108,8.339,9.469,8.102,9.04,8.82,8.93,10.111,8.991,8.493,8.255,8.437,7.925,7.998,7.659,7.059,7.389,8.579,8.08,8.564,9.093,7.963,7.862
1320.03,15,9.133,8.331,9.466,8.025,9.064,8.805,8.939,10.002,8.913,8.39,8.239,8.448,7.917,7.914,7.643,7.041,7.509,8.593,8.119,8.544,9.124,7.944,7.964
1321.03,15,9.169,8.334,9.455,8.124,9.035,8.791,8.916,10.062,9.037,8.425,8.326,8.41,7.937,7.926,7.645,7.048,7.401,8.568,8.126,8.524,9.112,7.899,7.875
1322.03,15,9.066,8.351,9.468,8.101,9.036,8.832,8.868,10.058,8.963,8.415,8.336,8.462,7.917,7.955,7.625,7.056,7.482,8.579,8.108,8.545,9.195,7.968,7.93
1323.03,15,9.159,8.316,9.419,8.121,9.082,8.881,8.849,10.086,8.983,8.476,8.241,8.478,7.894,7.976,7.566,7.036,7.499,8.614,8.063,8.452,9.141,7.955,7.931
1324.03,15,9.131,8.301,9.491,8.117,8.999,8.779,8.91,10.082,8.939,8.437,8.245,8.46,7.885,7.954,7.607,7.005,7.48,8.593,8.083,8.544,9.046,7.882,7.906
1325.03,15,9.202,8.247,9.421,8.103,9.026,8.825,8.905,10.025,8.92,8.397,8.288,8.478,7.82,7.948,7.703,7.003,7.453,8.521,8.134,8.61,9.088,7.941,7.93
1326.03,15,9.088,8.295,9.423,8.074,9.024,8.772,8.919,10.024,8.947,8.425,8.308,8.48,7.908,7.887,7.642,6.957,7.467,8.612,8.096,8.609,9.058,7.93,7.916
1327.03,15,9.112,8.297,9.431,8.018,9.045,8.803,8.93,10.02,9.016,8.389,8.317,8.459,7.93,7.985,7.676,6.951,7.448,8.631,8.11,8.536,9.173,7.932,7.949
1328.03,15,9.147,8.229,9.532,8.087,8.937,8.718,8.772,10.023,8.957,8.34,8.318,8.479,7.946,7.907,7.629,7.068,7.447,8.651,8.063,8.588,9.129,7.975,7.982
1329.03,15,9.108,8.296,9.415,8.037,9.041,8.83,8.919,10.023,8.985,8.446,8.328,8.456,7.909,7.914,7.67,7.035,7.44,8.594,8.063,8.556,9.132,7.889,7.897
1330.03,15,9.134,8.349,9.504,8.056,9.025,8.808,8.878,10.03,8.982,8.439,8.285,8.531,7.933,7.835,7.665,6.965,7.4,8.54,8.074,8.522,9.073,7.945,7.987
1331.03,15,9.164,8.263,9.479,8.081,9.03,8.831,8.93,10.043,8.961,8.454,8.278,8.532,7.918,7.918,7.625,6.994,7.418,8.619,8.107,8.536,9.093,7.925,7.956
1332.03,15,9.128,8.284,9.477,8.081,9.04,8.712,8.89,10.086,8.961,8.473,8.301,8.462,7.912,7.9,7.59,6.981,7.451,8.566,8.096,8.527,9.062,7.952,7.92
1333.03,15,9.201,8.324,9.472,8.108,9.085,8.792,8.864,10.069,8.987,8.398,8.268,8.468,7.937,7.933,7.653,7,7.397,8.59,8.049,8.573,9.166,7.953,7.91
1334.03,15,9.123,8.289,9.469,8.038,8.985,8.753,8.861,10.019,8.936,8.419,8.25,8.424,7.948,7.998,7.634,6.988,7.428,8.6,8.024,8.543,9.126,8.001,7.916
1335.03,15,9.111,8.34,9.437,8.025,9.056,8.845,8.898,10.035,8.981,8.41,8.268,8.423,7.954,7.941,7.65,6.996,7.471,8.569,8.093,8.563,9.093,7.961,7.912
1336.03,15,9.15,8.237,9.481,8.023,9.023,8.805,8.809,10.057,9.01,8.349,8.303,8.503,7.919,7.947,7.719,6.993,7.373,8.537,8.143,8.534,9.034,7.95,7.888
1337.03,15,9.126,8.353,9.509,8.027,9.002,8.792,8.911,10.019,9.022,8.419,8.259,8.444,7.991,7.933,7.588,6.993,7.399,8.619,8.019,8.561,9.01,7.919,7.913
1338.03,15,9.178,8.364,9.429,8.088,9.061,8.798,8.848,10.055,8.959,8.445,8.296,8.46,7.969,7.905,7.612,6.988,7.491,8.544,8.029,8.546,9.109,7.944,7.88
1339.03,15,9.209,8.206,9.448,8.07,8.963,8.751,8.876,10.065,8.94,8.4,8.206,8.39,7.873,7.912,7.628,6.955,7.401,8.531,8.059,8.517,9.056,7.892,7.907
1340.03,15,9.149,8.257,9.456,8.02,9.059,8.867,8.889,10.087,8.942,8.435,8.198,8.47,7.908,7.869,7.628,6.969,7.447,8.587,8.164,8.505,9.119,7.985,7.875
1341.03,15,9.078,8.24,9.486,8.084,8.99,8.823,8.871,10.104,8.935,8.44,8.245,8.439,7.884,7.944,7.6,7.019,7.394,8.538,8.169,8.556,9.127,7.886,7.942
1342.03,15,9.152,8.333,9.507,8.035,9.025,8.855,8.845,10.014,8.958,8.426,8.19,8.407,7.952,7.909,7.616,7.002,7.452,8.603,8.106,8.543,9.138,7.943,7.951
1343.03,15,9.142,8.277,9.452,8.065,9.013,8.825,8.877,10.101,8.903,8.5,8.307,8.449,7.952,7.989,7.614,7.077,7.445,8.583,8.168,8.557,9.163,7.89,7.927
1344.03,15,9.132,8.243,9.403,8.103,9.047,8.758,8.895,9.965,8.978,8.423,8.228,8.466,7.958,7.997,7.619,6.931,7.419,8.595,8.088,8.541,9.103,7.92,7.856
1345.03,15,9.151,8.302,9.42,8.056,9.054,8.781,8.919,10.047,8.958,8.462,8.226,8.393,7.906,7.93,7.613,6.989,7.404,8.599,8.047,8.543,9.162,7.919,7.91
1346.03,15,9.136,8.315,9.479,8.04,8.972,8.827,8.803,10.084,8.956,8.476,8.249,8.406,7.893,7.989,7.644,7.001,7.473,8.577,8.029,8.508,9.059,7.863,7.908
1347.03,15,9.11,8.273,9.491,8.067,9.031,8.702,8.829,10.045,8.922,8.39,8.321,8.453,7.907,7.934,7.607,7.005,7.447,8.591,8.029,8.616,9.094,7.922,7.928
1348.03,15,9.154,8.311,9.421,8.069,9.015,8.764,8.917,9.998,8.917,8.4,8.257,8.454,7.94,7.844,7.627,6.927,7.359,8.613,8.1,8.565,9.069,7.876,7.965
1349.03,15,9.171,8.295,9.503,8.127,8.972,8.79,8.892,10.038,9.005,8.468,8.246,8.467,7.907,7.891,7.564,6.971,7.409,8.568,8.096,8.535,9.131,7.936,7.905
1350.03,15,9.123,8.241,9.516,8.068,9.068,8.788,8.839,10.003,8.96,8.416,8.259,8.47,7.876,7.859,7.604,6.962,7.424,8.549,8.067,8.578,9.064,7.923,7.912
1351.03,15,9.15,8.297,9.451,8.019,9.011,8.781,8.909,10.004,8.942,8.46,8.249,8.449,7.948,7.89,7.594,6.992,7.507,8.622,8.101,8.557,9.052,7.901,7.912
1352.03,15,9.106,8.288,9.486,8.057,8.982,8.778,8.879,10.064,8.993,8.359,8.223,8.388,7.936,7.871,7.64,6.902,7.434,8.624,8.016,8.587,9.113,7.907,7.939
1353.03,15,9.153,8.288,9.485,8.057,9.008,8.812,8.917,10.075,8.986,8.5,8.215,8.427,7.908,7.903,7.567,7.006,7.479,8.543,8.127,8.573,9.07,7.909,7.909
1354.03,15,9.141,8.261,9.446,8.095,8.976,8.767,8.893,10.028,8.986,8.363,8.219,8.503,7.882,7.935,7.597,6.938,7.405,8.536,8.073,8.526,9.007,7.972,7.897
1355.03,15,9.194,8.286,9.433,8.131,8.981,8.813,8.87,10.057,8.964,8.372,8.266,8.51,7.889,7.937,7.633,7.03,7.387,8.555,8.094,8.524,9.105,7.912,7.936
1356.03,15,9.123,8.271,9.437,8.032,9.009,8.774,8.912,10.002,8.945,8.359,8.337,8.465,7.917,7.985,7.583,6.968,7.472,8.536,8.12,8.566,9.097,7.923,7.884
1357.03,15,9.149,8.277,9.434,8.102,9.017,8.768,8.913,10.035,8.958,8.441,8.213,8.434,7.899,7.962,7.561,6.98,7.439,8.535,8.058,8.549,9.032,7.927,7.933
1358.03,15,9.125,8.3,9.489,8.023,9.005,8.789,8.87,9.979,8.922,8.46,8.219,8.405,7.908,7.88,7.621,6.995,7.408,8.598,8.043,8.547,9.03,7.892,7.865
1359.03,15,9.124,8.258,9.446,8.059,8.981,8.814,8.832,10.003,8.957,8.472,8.233,8.386,7.868,7.863,7.638,6.961,7.368,8.589,8.086,8.522,9.1,7.922,7.907
1360.03,15,9.164,8.319,9.462,8.044,9.022,8.858,8.878,10.018,8.924,8.373,8.253,8.485,7.956,7.95,7.577,7.027,7.435,8.586,8.039,8.569,9.049,7.902,7.957
1361.03,15,9.078,8.295,9.446,8.079,8.983,8.812,8.882,10.094,9.004,8.489,8.245,8.4,7.864,7.931,7.499,6.988,7.424,8.607,8.135,8.592,9.111,7.9,7.881
1362.03,15,9.116,8.312,9.36,8.098,9.007,8.759,8.887,10.025,8.984,8.427,8.252,8.478,7.953,7.943,7.588,6.992,7.394,8.58,8.06,8.573,9.149,7.962,7.878
1363.03,15,9.134,8.408,9.451,8.057,8.924,8.748,8.935,10.054,8.969,8.416,8.222,8.443,7.936,8.023,7.594,6.925,7.397,8.572,8.016,8.519,9.09,7.899,7.994
1364.03,15,9.13,8.292,9.458,8.057,9.05,8.795,8.863,10.012,8.934,8.439,8.305,8.409,7.888,7.868,7.573,7.06,7.464,8.582,8.136,8.526,9.059,7.899,7.939
1365.03,15,9.124,8.333,9.5,8.05,8.968,8.767,8.932,10.033,8.922,8.426,8.215,8.448,7.915,7.936,7.563,6.958,7.399,8.615,8.076,8.547,9.071,7.92,7.994
1366.03,15,9.105,8.339,9.367,8.06,8.981,8.833,8.917,10.023,8.975,8.414,8.2,8.433,7.911,7.911,7.585,6.931,7.412,8.505,7.993,8.512,9.093,7.894,7.955
1367.03,15,9.106,8.272,9.446,8.057,8.985,8.841,8.856,9.961,8.94,8.405,8.244,8.405,7.829,7.885,7.641,7.018,7.353,8.585,8.1,8.569,9.056,7.913,7.804
1368.03,15,9.099,8.334,9.463,8.052,8.989,8.751,8.985,10.042,8.927,8.482,8.207,8.503,7.924,7.938,7.521,6.974,7.379,8.62,8.035,8.569,9.088,7.903,7.895
1369.03,15,9.072,8.254,9.452,8.075,8.984,8.758,8.876,10.008,8.964,8.473,8.226,8.458,7.916,7.899,7.573,6.946,7.447,8.59,8.053,8.554,9.068,7.935,7.882
1370.03,15,9.137,8.291,9.453,8.074,9,8.789,8.856,10.04,8.951,8.434,8.205,8.429,7.925,7.912,7.646,6.931,7.397,8.605,8.152,8.537,9.085,7.894,7.933
1371.03,15,9.17,8.321,9.428,8.122,9.054,8.755,8.872,9.992,8.924,8.333,8.264,8.445,7.917,7.845,7.592,7.005,7.357,8.529,8.073,8.598,9.048,7.907,7.889
1372.03,15,9.106,8.33,9.452,8.09,9.016,8.801,8.911,10.042,8.915,8.381,8.245,8.401,7.909,7.939,7.595,6.971,7.369,8.508,8.052,8.59,9.112,7.92,7.895
1373.03,15,9.129,8.284,9.398,8.088,9.033,8.755,8.789,9.971,8.936,8.44,8.23,8.411,7.871,7.921,7.598,7.003,7.395,8.541,8.018,8.517,9.158,7.889,7.931
1374.03,15,9.093,8.261,9.437,8.1,8.96,8.757,8.803,10.064,8.984,8.346,8.219,8.4,7.883,7.935,7.606,6.934,7.367,8.559,8.063,8.55,9.151,7.899,7.912
1375.03,15,9.056,8.225,9.451,8.056,9.066,8.728,8.805,9.954,8.925,8.415,8.272,8.407,7.849,7.907,7.624,6.962,7.401,8.528,8.08,8.503,9.076,7.853,7.891
1376.03,15,9.16,8.307,9.471,8.007,8.996,8.796,8.815,9.977,8.974,8.464,8.181,8.489,7.942,7.955,7.538,6.959,7.434,8.541,8.052,8.602,9.085,7.898,7.937
1377.03,15,9.124,8.272,9.483,8.065,9.021,8.81,8.881,10.044,8.949,8.42,8.257,8.435,7.885,7.894,7.558,6.928,7.407,8.539,8.038,8.535,9.132,7.886,7.866
1378.03,15,9.135,8.322,9.5,8.074,9.043,8.792,8.831,10.077,8.914,8.393,8.199,8.41,7.913,7.907,7.599,6.989,7.424,8.569,7.983,8.488,9.006,7.92,7.891
1379.03,15,9.111,8.293,9.459,8.08,8.95,8.76,8.892,10.067,8.952,8.439,8.237,8.429,7.933,7.931,7.63,6.985,7.371,8.525,8.011,8.502,9.069,7.889,7.972
1380.03,15,9.101,8.318,9.371,8.017,9.018,8.742,8.84,9.966,8.861,8.411,8.303,8.44,7.851,7.958,7.534,6.962,7.469,8.571,8.066,8.561,9.005,7.933,7.99
1381.03,15,9.083,8.285,9.467,8.108,9.03,8.747,8.846,10.045,8.918,8.416,8.265,8.378,7.912,7.965,7.574,6.949,7.442,8.594,8.12,8.554,9.074,7.853,7.921
1382.03,15,9.136,8.328,9.331,8.053,8.97,8.756,8.885,9.99,8.953,8.458,8.23,8.367,7.91,7.859,7.594,6.875,7.372,8.589,8.097,8.542,9.073,7.856,7.881
1383.03,15,9.11,8.249,9.38,8.044,8.962,8.775,8.862,10.017,8.928,8.378,8.219,8.404,7.886,7.929,7.59,6.983,7.452,8.599,8.087,8.543,9.097,7.909,7.886
1384.03,15,9.14,8.327,9.456,8.016,9.009,8.784,8.882,10.029,8.96,8.454,8.221,8.363,7.91,7.905,7.595,7.008,7.42,8.544,8.109,8.548,9.077,7.911,7.871
1385.03,15,9.135,8.284,9.351,8.047,8.992,8.746,8.877,9.98,8.969,8.382,8.251,8.395,7.872,7.893,7.584,6.908,7.411,8.551,8.044,8.567,9.083,7.922,7.898
1386.03,15,9.167,8.249,9.336,8.058,8.962,8.71,8.777,9.992,8.897,8.385,8.244,8.393,7.858,7.905,7.56,6.91,7.362,8.598,8.063,8.525,9.118,7.91,7.912
1387.03,15,9.098,8.335,9.422,8.074,8.983,8.787,8.889,9.988,8.928,8.319,8.281,8.438,7.877,7.925,7.593,6.904,7.425,8.588,8.029,8.546,9.086,7.859,7.892
1388.03,15,9.09,8.251,9.378,8.032,8.978,8.817,8.8,9.95,8.933,8.452,8.216,8.394,7.89,7.938,7.577,6.955,7.383,8.579,8.085,8.474,9.067,7.827,7.918
1389.03,15,9.061,8.338,9.485,7.999,9.009,8.742,8.839,9.998,8.847,8.43,8.303,8.439,7.901,7.897,7.561,6.914,7.437,8.527,8.06,8.564,9.08,7.935,7.908
1390.03,15,9.058,8.217,9.414,8.075,9.037,8.776,8.939,9.987,8.879,8.426,8.212,8.423,7.819,7.85,7.592,6.922,7.355,8.56,8.022,8.574,9.085,7.851,7.874
1391.03,15,9.078,8.269,9.396,8.063,8.955,8.75,8.842,10.06,8.96,8.357,8.232,8.505,7.917,7.937,7.542,6.91,7.406,8.525,8.083,8.577,9.037,7.918,7.944
1392.03,15,9.102,8.331,9.453,8.029,9.04,8.796,8.84,10.013,8.987,8.443,8.199,8.396,7.924,7.914,7.642,6.958,7.305,8.545,8.076,8.576,9.076,7.942,7.922
1393.03,15,9.095,8.307,9.484,8.059,8.929,8.718,8.908,9.996,8.881,8.406,8.268,8.421,7.929,7.923,7.65,6.969,7.43,8.541,8.097,8.544,9.088,7.88,7.923
1394.03,15,9.142,8.329,9.406,8.023,9.025,8.792,8.854,10.039,8.959,8.434,8.22,8.414,7.91,7.835,7.562,6.946,7.416,8.601,8.067,8.571,9.049,7.853,7.889
1395.03,15,9.136,8.267,9.409,7.999,9.031,8.769,8.806,10.027,8.842,8.379,8.189,8.422,7.886,7.869,7.524,6.929,7.398,8.611,8.039,8.413,9.014,7.821,7.928
1396.03,15,9.053,8.24,9.438,8.018,8.983,8.766,8.878,10.082,8.891,8.402,8.273,8.408,7.902,7.866,7.598,6.961,7.41,8.513,8.084,8.456,9.098,7.907,7.889
1397.03,15,9.112,8.231,9.413,8.089,9.062,8.823,8.811,10.025,8.922,8.319,8.276,8.428,7.894,7.889,7.575,6.99,7.372,8.493,8.073,8.594,9.055,7.857,7.824
1398.03,15,9.113,8.263,9.378,8.04,8.965,8.798,8.843,9.991,8.933,8.395,8.243,8.441,7.864,7.977,7.518,6.959,7.367,8.625,8.071,8.486,9.07,7.885,7.852
1399.03,15,9.101,8.26,9.465,8.054,8.912,8.786,8.847,9.996,8.909,8.381,8.242,8.468,7.919,7.876,7.584,6.933,7.419,8.533,8.008,8.535,9.155,7.878,7.903
1400.03,15,9.065,8.241,9.429,7.985,8.955,8.713,8.826,9.963,9.007,8.386,8.201,8.426,7.881,7.9,7.588,6.969,7.399,8.512,8.071,8.57,9.028,7.891,7.951
1401.03,15,9.08,8.298,9.461,7.971,9.035,8.759,8.907,10.037,8.911,8.449,8.251,8.44,7.916,7.912,7.524,6.994,7.409,8.496,8.021,8.49,9.093,7.856,7.844
1402.03,15,9.071,8.266,9.469,8.03,9.014,8.736,8.871,10.038,8.953,8.422,8.238,8.406,7.891,7.896,7.496,6.912,7.379,8.544,8.043,8.474,9.108,7.835,7.949
1403.03,15,9.078,8.248,9.407,8.065,9.038,8.788,8.91,10.028,8.941,8.441,8.271,8.369,7.923,7.86,7.513,6.936,7.424,8.54,7.986,8.547,9.048,7.888,7.878
1404.03,15,9.052,8.219,9.433,8.015,9.031,8.739,8.847,10.064,8.94,8.427,8.23,8.415,7.915,7.856,7.476,6.931,7.364,8.611,8.054,8.566,9.111,7.877,7.987
1405.03,15,9.105,8.291,9.398,8.042,9.013,8.802,8.861,9.961,8.912,8.454,8.19,8.386,7.83,7.9,7.608,6.964,7.406,8.56,8.01,8.594,9.08,7.937,7.86
1406.03,15,9.127,8.266,9.463,8.037,8.989,8.794,8.872,9.935,8.917,8.38,8.239,8.376,7.849,7.933,7.571,6.942,7.412,8.601,8.055,8.547,9.082,7.871,7.939
1407.03,15,9.102,8.284,9.412,8.024,8.954,8.748,8.895,10.017,8.955,8.416,8.281,8.451,7.87,7.952,7.53,6.921,7.397,8.56,8.033,8.507,9.054,7.863,7.88
1408.03,15,9.121,8.261,9.389,7.986,8.995,8.737,8.802,9.976,8.905,8.387,8.203,8.436,7.893,7.858,7.569,6.935,7.442,8.566,8.078,8.458,9.057,7.889,7.929
1409.03,15,9.077,8.282,9.455,8.071,8.956,8.783,8.803,9.972,8.894,8.434,8.208,8.421,7.912,7.826,7.586,6.98,7.422,8.496,8.002,8.51,9.081,7.912,7.865
1410.03,15,9.118,8.291,9.419,8.048,9.008,8.669,8.826,9.968,8.891,8.406,8.207,8.386,7.874,7.832,7.549,6.985,7.369,8.547,8.015,8.535,9.097,7.846,7.916
1411.03,15,9.075,8.279,9.366,8.039,8.928,8.779,8.819,10.018,8.924,8.368,8.235,8.383,7.908,7.874,7.538,6.907,7.466,8.581,8.126,8.573,9.084,7.813,7.947
1412.03,15,9.019,8.236,9.352,8.027,8.987,8.791,8.811,10.04,8.926,8.392,8.215,8.429,7.896,7.875,7.526,6.898,7.4,8.533,8.012,8.559,9.091,7.762,7.874
1413.03,15,9.032,8.26,9.359,7.996,8.931,8.739,8.925,10.016,8.893,8.38,8.168,8.423,7.858,7.817,7.517,6.963,7.376,8.512,8.078,8.505,9.049,7.87,7.876
1414.03,15,9.088,8.248,9.423,8.076,8.996,8.786,8.859,10.005,8.992,8.373,8.218,8.403,7.914,7.839,7.527,6.925,7.386,8.507,8.046,8.486,9.078,7.881,7.855
1415.03,15,9.08,8.238,9.412,8.023,9.042,8.739,8.794,10.064,8.891,8.376,8.173,8.4,7.918,7.885,7.508,6.839,7.424,8.541,8.025,8.494,9.063,7.824,7.896
1416.03,15,9.154,8.281,9.416,8.034,8.963,8.728,8.783,10.042,8.965,8.382,8.19,8.418,7.87,7.844,7.57,6.953,7.363,8.578,8.121,8.517,9.088,7.869,7.855
1417.03,15,9.056,8.224,9.393,7.988,8.962,8.753,8.83,10.014,8.928,8.404,8.223,8.446,7.898,7.892,7.502,6.949,7.417,8.589,8.064,8.486,9.014,7.871,7.996
1418.03,15,9.051,8.209,9.46,8.048,8.973,8.711,8.848,10.04,8.879,8.439,8.227,8.402,7.868,7.867,7.492,6.898,7.378,8.5,8.036,8.486,9.065,7.893,7.852
1419.03,15,9.1,8.205,9.42,8.056,8.912,8.775,8.879,9.971,8.815,8.44,8.221,8.412,7.826,7.844,7.541,6.928,7.39,8.538,8.076,8.483,9.052,7.89,7.86
1420.03,15,9.079,8.187,9.379,8.069,8.914,8.801,8.827,9.98,8.923,8.337,8.214,8.365,7.86,7.853,7.574,6.89,7.447,8.573,8.102,8.499,9.057,7.85,7.858
1421.03,15,9.096,8.281,9.44,8.033,8.936,8.674,8.856,10.015,8.914,8.392,8.269,8.352,7.915,7.895,7.627,6.917,7.434,8.562,8.062,8.534,8.999,7.839,7.865
1422.03,15,9.123,8.248,9.43,8.066,8.963,8.734,8.844,9.981,8.931,8.473,8.28,8.389,7.894,7.953,7.571,6.899,7.377,8.555,8.109,8.49,9.129,7.936,7.933
1423.03,15,9.027,8.326,9.427,8.094,9.007,8.733,8.855,10.048,8.917,8.384,8.269,8.379,7.882,7.833,7.504,6.914,7.468,8.602,8.026,8.528,9.037,7.82,7.911
1424.03,15,9.093,8.237,9.387,8.016,9.01,8.694,8.866,9.967,8.894,8.438,8.221,8.372,7.904,7.85,7.526,6.918,7.337,8.552,8,8.487,9.024,7.894,7.897
1425.03,15,9.076,8.266,9.391,8.036,9.011,8.794,8.862,10.011,8.909,8.411,8.184,8.411,7.892,7.905,7.511,6.898,7.444,8.569,8.029,8.46,9.066,7.888,7.894
1426.03,15,9.089,8.226,9.36,8.026,8.929,8.714,8.83,10.029,8.89,8.402,8.222,8.394,7.886,7.855,7.537,6.868,7.386,8.515,8.074,8.515,9.055,7.864,7.893
1427.03,15,9.123,8.233,9.447,8.017,8.997,8.794,8.805,10.041,8.957,8.392,8.227,8.325,7.888,7.863,7.514,6.89,7.398,8.517,8.089,8.512,9.037,7.891,7.872
1428.03,15,9.072,8.274,9.419,8.072,8.99,8.747,8.859,9.992,8.897,8.346,8.227,8.446,7.896,7.785,7.529,6.918,7.377,8.527,8.039,8.512,9.037,7.908,7.833
1429.03,15,9.108,8.226,9.441,8.04,8.951,8.81,8.856,10.065,8.926,8.377,8.11,8.404,7.833,7.864,7.483,6.942,7.359,8.524,8.033,8.543,9.091,7.896,7.866
1430.03,15,9.101,8.283,9.373,8.045,8.962,8.745,8.829,10.024,8.844,8.367,8.219,8.419,7.941,7.934,7.497,6.906,7.365,8.55,7.91,8.497,9.107,7.855,7.797
1431.03,15,9.114,8.296,9.395,8.007,8.947,8.702,8.88,10.076,8.895,8.461,8.207,8.365,7.871,7.848,7.502,6.964,7.419,8.589,7.963,8.574,9.055,7.849,7.861
1432.03,15,9.065,8.242,9.405,8.067,8.957,8.75,8.892,9.956,8.899,8.387,8.211,8.414,7.897,7.898,7.502,6.912,7.402,8.571,8.017,8.49,9.053,7.877,7.882
1433.03,15,9.023,8.224,9.371,8.095,8.934,8.718,8.829,10.057,8.877,8.377,8.162,8.366,7.845,7.863,7.469,6.921,7.387,8.543,7.983,8.6,9.146,7.883,7.903
1434.03,15,9.07,8.217,9.415,8.089,8.888,8.737,8.844,9.999,8.909,8.3,8.13,8.372,7.971,7.828,7.489,6.886,7.413,8.558,8.014,8.394,9.109,7.894,7.887
1435.03,15,9.14,8.208,9.319,8.002,8.955,8.702,8.843,9.943,8.898,8.374,8.161,8.415,7.888,7.897,7.563,6.879,7.416,8.534,7.997,8.478,9.053,7.827,7.803
1436.03,15,8.994,8.261,9.432,8.044,8.98,8.746,8.873,9.992,8.905,8.404,8.19,8.341,7.884,7.853,7.593,6.874,7.416,8.587,8.055,8.551,9.077,7.877,7.917
1437.03,15,9.089,8.177,9.469,7.974,8.95,8.799,8.744,9.975,8.872,8.407,8.206,8.367,7.912,7.865,7.412,6.857,7.357,8.553,8.058,8.544,9.05,7.86,7.964
1438.03,15,9.081,8.226,9.474,8.001,8.97,8.781,8.849,9.909,8.92,8.395,8.148,8.39,7.906,7.897,7.512,6.868,7.468,8.535,8.02,8.495,9.002,7.879,7.896
1439.03,15,9.055,8.208,9.413,8.056,9.001,8.753,8.833,9.997,8.873,8.43,8.218,8.436,7.993,7.871,7.567,6.935,7.39,8.584,8.091,8.532,9.057,7.838,7.884
1440.03,15,9.084,8.259,9.383,8.046,9.001,8.726,8.828,9.968,8.904,8.413,8.24,8.368,7.91,7.858,7.532,6.965,7.406,8.542,8.03,8.475,9.086,7.836,7.85
1441.03,15,9.05,8.187,9.396,8.012,9.05,8.798,8.832,10.013,8.921,8.422,8.157,8.367,7.858,7.842,7.517,6.922,7.391,8.503,8.053,8.53,9.073,7.831,7.885
1442.03,15,9.063,8.203,9.46,8.049,8.967,8.712,8.804,10.04,8.888,8.416,8.179,8.406,7.883,7.888,7.509,6.921,7.431,8.572,8.027,8.495,8.98,7.852,7.876
1443.03,15,9.087,8.177,9.303,8.028,8.924,8.675,8.85,9.958,8.92,8.437,8.146,8.331,7.883,7.839,7.547,6.914,7.351,8.507,7.987,8.476,9.012,7.848,7.916
1444.03,15,9.108,8.286,9.355,8.021,8.971,8.787,8.83,10.014,8.83,8.331,8.259,8.379,7.874,7.943,7.53,6.913,7.417,8.487,8.018,8.496,9.089,7.869,7.897
1445.03,15,8.963,8.188,9.359,8.027,8.925,8.757,8.816,9.961,8.896,8.306,8.19,8.437,7.913,7.856,7.453,6.908,7.314,8.575,8.003,8.569,8.998,7.885,7.905
1446.03,15,9.081,8.247,9.464,8.019,9.045,8.697,8.863,9.963,8.885,8.483,8.188,8.378,7.803,7.842,7.537,6.827,7.417,8.495,7.98,8.602,8.991,7.864,7.935
1447.03,15,9.049,8.201,9.36,8.008,9.026,8.733,8.777,9.997,8.854,8.365,8.204,8.352,7.843,7.931,7.507,6.891,7.354,8.499,7.995,8.473,9.032,7.836,7.846
1448.03,15,9.12,8.263,9.328,8.031,8.983,8.792,8.804,9.956,8.889,8.341,8.155,8.357,7.937,7.835,7.43,6.916,7.396,8.53,7.988,8.476,9.014,7.856,7.962
1449.03,15,9.075,8.307,9.386,8.072,8.927,8.726,8.8,9.965,8.942,8.393,8.18,8.389,7.91,7.921,7.48,6.89,7.356,8.475,7.968,8.505,8.986,7.841,7.844
1450.03,15,9.054,8.249,9.454,8.01,8.989,8.78,8.843,9.969,8.912,8.384,8.179,8.358,7.862,7.861,7.482,6.866,7.372,8.546,8,8.519,9.092,7.78,7.855
1451.03,15,9.03,8.26,9.354,7.975,8.928,8.683,8.809,9.968,8.96,8.363,8.188,8.354,7.962,7.794,7.54,6.959,7.374,8.59,8.017,8.525,9.052,7.85,7.825
1452.03,15,9.069,8.256,9.402,7.973,9.023,8.767,8.769,10.016,8.849,8.326,8.156,8.309,7.913,7.864,7.459,6.893,7.343,8.505,8.062,8.462,9.036,7.834,7.912
1453.03,15,9.091,8.193,9.449,7.991,8.96,8.669,8.804,9.994,8.89,8.377,8.189,8.378,7.806,7.857,7.476,6.904,7.399,8.504,8.077,8.518,9.128,7.883,7.89
1454.03,15,9.037,8.274,9.409,7.993,8.938,8.765,8.843,9.979,8.84,8.373,8.188,8.347,7.9,7.855,7.519,6.908,7.414,8.462,7.989,8.461,9.132,7.795,7.878
1455.03,15,9.064,8.209,9.393,8.034,8.898,8.714,8.793,10.024,8.927,8.317,8.238,8.363,7.854,7.898,7.506,6.911,7.435,8.557,8.005,8.514,9.055,7.819,7.834
1456.03,15,9.057,8.239,9.397,7.981,8.949,8.725,8.794,10.019,8.883,8.357,8.249,8.363,7.871,7.772,7.471,6.907,7.376,8.569,8.03,8.476,9.018,7.84,7.841
1457.03,15,9.091,8.25,9.414,7.996,8.97,8.767,8.808,10.04,8.872,8.365,8.165,8.319,7.885,7.817,7.493,6.921,7.301,8.482,8.056,8.492,9.085,7.854,7.836
1458.03,15,9.071,8.269,9.336,8.028,8.921,8.694,8.823,9.97,8.906,8.283,8.184,8.25,7.894,7.793,7.568,6.824,7.374,8.612,8.04,8.509,9.08,7.829,7.849
1459.03,15,9.103,8.244,9.359,8.002,8.984,8.758,8.874,10.018,8.8,8.385,8.201,8.368,7.938,7.83,7.517,6.924,7.381,8.551,8.057,8.438,9.059,7.899,7.908
1460.03,15,9.11,8.203,9.371,8.056,8.968,8.718,8.77,10.014,8.86,8.339,8.196,8.365,7.907,7.849,7.519,6.911,7.33,8.559,8.051,8.488,9.105,7.833,7.867
1461.03,15,9.097,8.259,9.298,7.942,8.94,8.709,8.894,10.002,8.867,8.377,8.209,8.378,7.892,7.845,7.55,6.817,7.354,8.492,8.063,8.522,9.05,7.876,7.91
1462.03,15,9.028,8.246,9.385,8.074,8.929,8.747,8.844,9.999,8.885,8.369,8.208,8.362,7.899,7.857,7.538,6.834,7.344,8.527,8.046,8.556,9.056,7.856,7.875
1463.03,15,9.107,8.222,9.374,8.058,8.914,8.71,8.793,9.995,8.891,8.322,8.217,8.317,7.874,7.855,7.528,6.874,7.332,8.559,8.029,8.456,9.078,7.818,7.897
1464.03,15,8.99,8.121,9.372,7.985,8.944,8.7,8.755,9.926,8.873,8.352,8.221,8.404,7.836,7.772,7.467,6.853,7.336,8.521,8.005,8.494,9.007,7.865,7.875
1465.03,15,9.085,8.252,9.435,7.984,8.935,8.707,8.819,9.985,8.865,8.375,8.148,8.346,7.857,7.845,7.483,6.832,7.403,8.45,8.039,8.45,9.024,7.797,7.912
1466.03,15,9.083,8.217,9.418,8.025,8.95,8.749,8.781,9.957,8.87,8.4,8.227,8.393,7.787,7.865,7.486,6.873,7.431,8.545,8.013,8.509,9.035,7.92,7.839
1467.03,15,9.039,8.218,9.432,8.009,8.969,8.66,8.744,9.953,8.891,8.386,8.151,8.408,7.852,7.802,7.463,6.877,7.452,8.529,8.011,8.448,9.082,7.924,7.8
1468.03,15,8.991,8.265,9.368,7.97,9.027,8.729,8.847,9.988,8.843,8.355,8.117,8.354,7.93,7.86,7.413,6.853,7.384,8.558,7.978,8.504,9.053,7.857,7.843
1469.03,15,9.114,8.23,9.344,7.946,9,8.71,8.816,9.936,8.877,8.372,8.204,8.414,7.825,7.848,7.506,6.904,7.383,8.544,7.992,8.453,9.07,7.803,7.842
1470.03,15,9.058,8.176,9.352,8.025,8.989,8.754,8.764,9.982,8.864,8.384,8.165,8.314,7.835,7.844,7.417,6.964,7.379,8.513,8.044,8.468,9.079,7.856,7.878
1471.03,15,8.987,8.156,9.389,7.981,8.979,8.726,8.775,9.982,8.816,8.347,8.191,8.339,7.857,7.823,7.47,6.889,7.353,8.601,8.055,8.456,8.985,7.82,7.895
1472.03,15,9.043,8.287,9.357,7.961,8.885,8.815,8.786,9.961,8.902,8.376,8.183,8.384,7.858,7.833,7.491,6.856,7.351,8.53,7.995,8.442,9.07,7.838,7.895
1473.03,15,9.017,8.14,9.386,8.027,8.921,8.715,8.79,9.92,8.857,8.391,8.17,8.317,7.852,7.839,7.498,6.889,7.402,8.487,8.007,8.47,9.003,7.837,7.906
1474.03,15,9.049,8.22,9.349,7.981,8.944,8.765,8.813,9.986,8.851,8.339,8.172,8.422,7.848,7.785,7.399,6.859,7.415,8.578,8.008,8.5,9.043,7.938,7.871
1475.03,15,9.069,8.263,9.424,7.967,8.988,8.765,8.845,10.013,8.877,8.404,8.178,8.408,7.907,7.812,7.49,6.819,7.323,8.576,8.012,8.484,9.097,7.819,7.85
1476.03,15,9.004,8.166,9.422,7.984,8.947,8.678,8.796,9.984,8.921,8.339,8.151,8.393,7.833,7.82,7.44,6.859,7.298,8.563,8.033,8.541,9.052,7.826,7.898
1477.03,15,9.06,8.223,9.38,8.064,8.952,8.705,8.81,9.923,8.893,8.432,8.178,8.372,7.901,7.796,7.451,6.883,7.436,8.505,7.955,8.459,9.088,7.839,7.867
1478.03,15,9.013,8.183,9.332,8.065,8.958,8.674,8.801,9.996,8.864,8.351,8.192,8.353,7.912,7.776,7.422,6.897,7.386,8.581,8.06,8.454,9.049,7.878,7.901
1479.03,15,9.048,8.222,9.391,8.063,8.956,8.693,8.797,9.993,8.866,8.384,8.185,8.392,7.896,7.844,7.457,6.83,7.415,8.503,7.992,8.471,9.099,7.78,7.857
1480.03,15,9.018,8.218,9.384,7.912,8.937,8.738,8.838,9.934,8.928,8.36,8.16,8.317,7.805,7.799,7.477,6.895,7.386,8.467,8.06,8.532,9.004,7.822,7.904
1481.03,15,9.059,8.199,9.426,7.977,8.97,8.71,8.818,9.989,8.82,8.39,8.125,8.408,7.836,7.792,7.437,6.873,7.263,8.558,8.03,8.46,9.032,7.854,7.902
1482.03,15,9.056,8.176,9.29,7.97,8.925,8.644,8.841,9.932,8.841,8.342,8.192,8.339,7.858,7.813,7.466,6.901,7.333,8.527,7.991,8.473,9.037,7.825,7.895
1483.03,15,9.1,8.228,9.35,7.997,8.945,8.704,8.786,9.927,8.825,8.414,8.205,8.345,7.868,7.917,7.439,6.89,7.333,8.496,8.069,8.465,9.002,7.846,7.844
1484.03,15,8.982,8.215,9.381,7.988,8.986,8.684,8.836,9.983,8.842,8.388,8.188,8.358,7.906,7.818,7.503,6.87,7.346,8.507,8.011,8.464,9.038,7.873,7.915
1485.03,15,9.065,8.241,9.352,8.059,8.962,8.661,8.827,10.005,8.849,8.371,8.077,8.348,7.794,7.834,7.467,6.831,7.337,8.562,8.012,8.51,9.012,7.865,7.842
1486.03,15,9.049,8.256,9.407,7.987,8.894,8.702,8.858,9.995,8.823,8.478,8.172,8.379,7.865,7.831,7.419,6.882,7.337,8.494,8.03,8.53,9.033,7.844,7.868
1487.03,15,9.042,8.189,9.34,8.016,8.908,8.704,8.822,9.974,8.85,8.363,8.21,8.347,7.917,7.834,7.44,6.81,7.313,8.498,7.918,8.46,8.959,7.852,7.84
1488.03,15,9.011,8.172,9.327,7.953,8.928,8.763,8.809,9.953,8.868,8.319,8.144,8.333,7.836,7.856,7.496,6.811,7.396,8.493,8.019,8.482,9.029,7.836,7.823
1489.03,15,8.982,8.219,9.327,8.026,8.887,8.729,8.814,9.956,8.829,8.324,8.116,8.404,7.899,7.834,7.471,6.884,7.337,8.557,8.034,8.536,9.062,7.871,7.823
1490.03,15,9.033,8.251,9.338,8.004,8.989,8.746,8.793,9.994,8.815,8.39,8.164,8.358,7.928,7.734,7.427,6.892,7.389,8.532,8.019,8.461,8.996,7.883,7.901
1491.03,15,9.01,8.212,9.405,7.95,8.869,8.692,8.743,9.954,8.847,8.371,8.106,8.403,7.861,7.795,7.466,6.829,7.331,8.512,8,8.513,9.042,7.784,7.899
1492.03,15,9.04,8.234,9.406,7.978,8.905,8.707,8.812,10,8.881,8.335,8.128,8.37,7.854,7.802,7.462,6.879,7.391,8.503,8.028,8.517,9.064,7.809,7.853
1493.03,15,9.026,8.264,9.339,7.95,8.935,8.67,8.768,9.988,8.836,8.372,8.128,8.307,7.874,7.832,7.436,6.823,7.383,8.541,7.989,8.435,8.985,7.84,7.843
1494.03,15,9.047,8.192,9.307,8,8.971,8.689,8.801,9.937,8.86,8.338,8.133,8.324,7.835,7.879,7.427,6.861,7.333,8.527,7.968,8.47,9.059,7.813,7.884
1495.03,15,9.053,8.175,9.351,7.963,8.924,8.748,8.857,9.978,8.878,8.34,8.234,8.368,7.833,7.841,7.505,6.829,7.341,8.501,7.96,8.486,9.04,7.781,7.841
1496.03,15,9.001,8.286,9.37,7.947,8.913,8.682,8.751,9.966,8.758,8.335,8.138,8.32,7.832,7.886,7.459,6.886,7.286,8.489,7.982,8.487,9.057,7.783,7.923
1497.03,15,8.981,8.249,9.405,7.974,8.961,8.669,8.787,9.978,8.836,8.329,8.188,8.29,7.869,7.791,7.514,6.852,7.354,8.455,7.966,8.481,9.033,7.821,7.934
1498.03,15,9.052,8.267,9.358,7.96,8.977,8.732,8.785,9.953,8.805,8.377,8.166,8.361,7.881,7.77,7.484,6.817,7.306,8.526,8.025,8.497,8.995,7.793,7.912
1499.03,15,9.023,8.183,9.361,7.978,8.921,8.71,8.82,10.053,8.806,8.327,8.157,8.391,7.858,7.78,7.352,6.901,7.32,8.557,8.003,8.503,9.036,7.83,7.862
1500.03,15,9.021,8.16,9.354,7.985,8.899,8.723,8.792,10.012,8.808,8.321,8.208,8.372,7.846,7.83,7.439,6.905,7.435,8.457,7.96,8.448,9.083,7.761,7.829
1501.03,15,8.966,8.179,9.352,7.966,8.973,8.717,8.741,9.942,8.826,8.367,8.15,8.36,7.833,7.751,7.495,6.791,7.356,8.465,7.949,8.483,8.991,7.817,7.894
1502.03,15,8.982,8.157,9.436,7.993,8.92,8.674,8.834,9.904,8.817,8.309,8.132,8.335,7.808,7.755,7.427,6.788,7.399,8.488,8.012,8.494,8.996,7.832,7.81
1503.03,15,9.044,8.201,9.39,8.003,8.914,8.699,8.801,9.933,8.85,8.383,8.17,8.325,7.866,7.775,7.455,6.863,7.367,8.476,7.96,8.42,9.013,7.824,7.898
1504.03,15,9.079,8.239,9.316,7.986,8.943,8.58,8.746,10.012,8.869,8.345,8.149,8.349,7.857,7.861,7.455,6.867,7.344,8.473,8.002,8.492,9.042,7.751,7.845
1505.03,15,9.035,8.152,9.338,8.027,8.866,8.711,8.822,9.94,8.746,8.356,8.137,8.358,7.86,7.795,7.455,6.812,7.374,8.482,7.987,8.49,8.982,7.808,7.84
1506.03,15,9.026,8.232,9.351,8.017,8.952,8.718,8.787,9.95,8.838,8.401,8.124,8.326,7.854,7.874,7.434,6.841,7.363,8.477,8.002,8.502,9.053,7.795,7.814
1507.03,15,9.034,8.179,9.38,8.053,8.904,8.683,8.791,9.937,8.862,8.366,8.131,8.371,7.866,7.82,7.434,6.834,7.369,8.527,7.996,8.462,9.009,7.804,7.821
1508.03,15,9.032,8.278,9.371,7.986,8.908,8.682,8.808,9.943,8.859,8.379,8.155,8.275,7.871,7.838,7.395,6.849,7.394,8.511,7.989,8.514,9.006,7.814,7.905
1509.03,15,8.974,8.229,9.354,7.975,8.967,8.713,8.842,9.938,8.828,8.402,8.21,8.305,7.857,7.793,7.449,6.835,7.352,8.524,8.04,8.461,9.033,7.818,7.811
1510.03,15,8.993,8.217,9.344,7.974,8.946,8.717,8.904,9.93,8.793,8.344,8.175,8.284,7.859,7.853,7.421,6.81,7.34,8.509,7.974,8.447,9.062,7.782,7.745
1511.03,15,9.047,8.198,9.333,8.06,8.98,8.673,8.804,10.035,8.838,8.352,8.174,8.384,7.889,7.847,7.456,6.786,7.321,8.541,8.052,8.437,9.145,7.795,7.824
1512.03,15,8.984,8.252,9.342,8.034,8.901,8.705,8.828,9.991,8.834,8.318,8.126,8.358,7.818,7.806,7.412,6.771,7.349,8.472,7.964,8.531,9.004,7.835,7.799
1513.03,15,9.043,8.208,9.311,8,8.904,8.65,8.777,9.983,8.828,8.385,8.164,8.389,7.791,7.733,7.409,6.806,7.335,8.504,8.005,8.416,9.016,7.796,7.827
1514.03,15,9.022,8.181,9.379,7.933,8.969,8.659,8.71,9.936,8.84,8.276,8.118,8.366,7.798,7.796,7.43,6.846,7.36,8.511,7.995,8.465,9.024,7.815,7.82
1515.03,15,9.025,8.159,9.377,8.046,8.925,8.644,8.764,9.981,8.848,8.306,8.177,8.307,7.806,7.757,7.472,6.841,7.36,8.518,8.024,8.451,8.981,7.817,7.836
1516.03,15,9.015,8.193,9.364,7.932,8.97,8.701,8.812,9.968,8.86,8.304,8.169,8.339,7.818,7.797,7.477,6.815,7.383,8.493,8.004,8.475,9.021,7.827,7.831
1517.03,15,9.052,8.158,9.355,7.991,8.862,8.709,8.813,9.947,8.88,8.306,8.134,8.346,7.797,7.771,7.439,6.791,7.368,8.495,8.012,8.404,9.027,7.735,7.773
1518.03,15,9.053,8.185,9.287,8.043,8.84,8.664,8.836,9.942,8.822,8.339,8.165,8.326,7.796,7.828,7.408,6.825,7.318,8.477,8.022,8.435,9.03,7.805,7.844
1519.03,15,9.049,8.162,9.401,8.012,8.888,8.718,8.779,9.939,8.828,8.364,8.21,8.35,7.92,7.76,7.4,6.856,7.365,8.489,7.977,8.437,9.07,7.857,7.854
1520.03,15,9.045,8.16,9.314,7.97,8.9,8.649,8.775,9.928,8.777,8.295,8.123,8.308,7.802,7.786,7.455,6.822,7.337,8.587,8.048,8.443,9.029,7.822,7.821
1521.03,15,9.044,8.169,9.305,7.951,8.934,8.693,8.774,9.885,8.804,8.358,8.129,8.294,7.801,7.818,7.409,6.839,7.32,8.491,7.97,8.435,9.057,7.822,7.789
1522.03,15,9.022,8.242,9.343,7.933,8.916,8.736,8.804,10.021,8.868,8.266,8.11,8.248,7.84,7.75,7.432,6.804,7.286,8.548,7.982,8.394,9.033,7.794,7.858
1523.03,15,9.017,8.207,9.33,7.928,8.954,8.648,8.772,9.983,8.864,8.315,8.131,8.34,7.835,7.753,7.452,6.859,7.43,8.505,7.998,8.486,9.057,7.828,7.84
1524.03,15,9.051,8.189,9.359,7.933,8.873,8.718,8.835,9.929,8.809,8.302,8.129,8.296,7.827,7.794,7.409,6.777,7.316,8.519,7.959,8.504,9.055,7.748,7.855
1525.03,15,8.969,8.144,9.331,8,8.916,8.74,8.839,9.964,8.889,8.339,8.177,8.381,7.801,7.696,7.393,6.854,7.321,8.486,8.003,8.475,9.099,7.812,7.811
1526.03,15,9,8.196,9.332,7.995,8.911,8.636,8.764,9.96,8.844,8.361,8.107,8.313,7.86,7.758,7.426,6.819,7.325,8.513,7.964,8.449,9.025,7.818,7.821
1527.03,15,9.041,8.227,9.382,7.904,8.918,8.738,8.774,10.019,8.843,8.391,8.104,8.322,7.914,7.847,7.44,6.873,7.403,8.509,7.978,8.464,8.996,7.779,7.856
1528.03,15,9.05,8.136,9.324,7.949,8.959,8.647,8.796,9.999,8.785,8.384,8.168,8.307,7.82,7.746,7.433,6.794,7.318,8.491,7.95,8.476,8.983,7.833,7.812
1529.03,15,9.045,8.202,9.368,7.917,8.934,8.618,8.796,9.971,8.789,8.31,8.053,8.345,7.931,7.8,7.472,6.761,7.283,8.513,7.956,8.449,9.05,7.785,7.811
1530.03,15,9.011,8.183,9.336,7.926,8.92,8.722,8.8,9.894,8.862,8.35,8.146,8.327,7.851,7.759,7.387,6.796,7.353,8.531,7.961,8.517,9.008,7.788,7.862
1531.03,15,9.061,8.184,9.364,7.977,8.914,8.678,8.766,9.984,8.821,8.276,8.147,8.323,7.892,7.749,7.346,6.781,7.372,8.454,7.975,8.377,9.043,7.797,7.834
1532.03,15,8.962,8.11,9.346,7.965,8.977,8.658,8.792,9.919,8.841,8.36,8.16,8.334,7.858,7.747,7.401,6.825,7.361,8.508,7.936,8.434,9.034,7.792,7.917
1533.03,15,9.041,8.206,9.277,7.952,8.908,8.688,8.784,9.948,8.813,8.332,8.14,8.304,7.854,7.785,7.422,6.808,7.334,8.537,7.969,8.451,9.015,7.781,7.805
1534.03,15,9.042,8.155,9.331,7.951,8.917,8.681,8.82,9.935,8.837,8.359,8.132,8.364,7.824,7.726,7.363,6.876,7.328,8.475,7.962,8.522,8.985,7.756,7.786
1535.03,15,9.005,8.189,9.319,7.885,8.897,8.647,8.792,9.94,8.792,8.313,8.163,8.341,7.873,7.819,7.334,6.814,7.338,8.471,7.978,8.48,8.985,7.801,7.775
1536.03,15,9.062,8.135,9.326,7.978,8.968,8.704,8.789,9.982,8.748,8.305,8.155,8.363,7.848,7.742,7.487,6.804,7.315,8.599,7.919,8.398,9.01,7.765,7.858
1537.03,15,9.017,8.151,9.325,7.939,8.882,8.693,8.801,9.945,8.877,8.352,8.137,8.273,7.844,7.738,7.429,6.841,7.328,8.53,7.964,8.432,9.035,7.795,7.78
1538.03,15,9.049,8.17,9.32,7.97,8.887,8.63,8.719,9.951,8.776,8.351,8.099,8.335,7.817,7.801,7.396,6.807,7.375,8.495,7.955,8.511,9.075,7.789,7.817
1539.03,15,9.034,8.179,9.329,8.004,8.962,8.65,8.772,9.953,8.812,8.362,8.178,8.325,7.809,7.755,7.463,6.792,7.295,8.485,8.049,8.423,9.042,7.777,7.877
1540.03,15,9.02,8.192,9.317,7.976,8.934,8.618,8.735,9.921,8.812,8.318,8.162,8.334,7.866,7.742,7.385,6.772,7.383,8.519,7.995,8.439,9.016,7.883,7.825
1541.03,15,9.025,8.139,9.228,7.963,8.86,8.697,8.835,9.877,8.821,8.331,8.143,8.341,7.921,7.749,7.426,6.805,7.343,8.511,7.945,8.45,8.98,7.801,7.819
1542.03,15,9.01,8.202,9.356,7.98,8.952,8.682,8.757,9.9,8.791,8.337,8.157,8.318,7.825,7.789,7.362,6.777,7.402,8.477,7.986,8.489,9.077,7.765,7.863
1543.03,15,8.993,8.292,9.274,8.055,8.913,8.706,8.831,9.9,8.763,8.388,8.114,8.36,7.822,7.785,7.384,6.835,7.314,8.557,7.945,8.384,8.983,7.84,7.854
1544.03,15,9.005,8.186,9.343,7.98,8.913,8.675,8.775,9.899,8.765,8.337,8.122,8.253,7.827,7.766,7.411,6.803,7.364,8.594,8.023,8.473,9.056,7.747,7.823
1545.03,15,8.997,8.115,9.37,7.986,8.875,8.658,8.789,10.01,8.784,8.342,8.123,8.338,7.822,7.765,7.386,6.807,7.333,8.567,7.937,8.443,8.961,7.821,7.782
1546.03,15,8.955,8.15,9.362,7.955,8.857,8.655,8.758,9.872,8.79,8.348,8.108,8.309,7.776,7.743,7.35,6.83,7.313,8.499,7.962,8.402,8.975,7.816,7.814
1547.03,15,9.025,8.141,9.313,7.911,8.913,8.64,8.766,9.921,8.788,8.404,8.086,8.299,7.834,7.753,7.387,6.767,7.245,8.492,7.99,8.403,8.957,7.788,7.843
1548.03,15,8.945,8.143,9.336,7.934,8.837,8.677,8.75,9.871,8.746,8.289,8.122,8.32,7.852,7.773,7.37,6.881,7.301,8.443,7.987,8.423,9.032,7.786,7.799
1549.03,15,8.998,8.181,9.272,7.951,8.833,8.687,8.757,9.951,8.837,8.337,8.098,8.272,7.881,7.816,7.421,6.836,7.34,8.531,7.958,8.43,9.011,7.768,7.853
1550.03,15,8.983,8.106,9.364,7.93,8.849,8.767,8.756,9.933,8.834,8.282,8.164,8.293,7.777,7.79,7.43,6.78,7.254,8.502,8.026,8.487,9.045,7.838,7.863
1551.03,15,9.02,8.163,9.343,7.917,8.956,8.604,8.793,9.946,8.755,8.359,8.125,8.372,7.858,7.701,7.42,6.77,7.347,8.483,8.003,8.541,9.012,7.785,7.856
1552.03,15,9.023,8.176,9.313,7.951,8.901,8.731,8.79,9.878,8.842,8.348,8.093,8.336,7.868,7.797,7.355,6.881,7.331,8.364,7.975,8.432,8.98,7.81,7.819
1553.03,15,9.031,8.107,9.255,7.957,8.96,8.631,8.785,9.917,8.794,8.311,8.125,8.282,7.849,7.742,7.321,6.797,7.374,8.514,7.95,8.495,9.042,7.731,7.856
1554.03,15,9.039,8.112,9.361,8.045,8.955,8.653,8.815,9.917,8.782,8.373,8.135,8.315,7.765,7.761,7.433,6.734,7.304,8.475,7.897,8.462,9.079,7.8,7.818
1555.03,15,9.003,8.109,9.352,7.967,9.007,8.624,8.804,9.881,8.848,8.33,8.182,8.339,7.854,7.773,7.411,6.795,7.272,8.486,7.982,8.46,8.992,7.807,7.796
1556.03,15,8.958,8.119,9.285,7.991,8.899,8.639,8.773,9.89,8.77,8.282,8.156,8.317,7.785,7.697,7.44,6.792,7.356,8.462,7.969,8.417,9.014,7.792,7.832
1557.03,15,8.989,8.102,9.286,8.04,8.902,8.568,8.792,9.915,8.818,8.299,8.078,8.327,7.821,7.789,7.385,6.812,7.288,8.498,7.967,8.452,8.978,7.784,7.828
1558.03,15,8.983,8.106,9.276,7.989,8.892,8.611,8.781,9.923,8.824,8.265,8.066,8.254,7.807,7.722,7.3,6.823,7.299,8.506,7.996,8.392,9.007,7.771,7.773
1559.03,15,9.006,8.226,9.347,7.956,8.89,8.704,8.815,9.913,8.708,8.353,8.101,8.323,7.781,7.736,7.41,6.808,7.321,8.559,7.986,8.425,9.037,7.827,7.838
1560.03,15,8.977,8.239,9.339,7.916,8.889,8.586,8.756,9.89,8.808,8.308,8.112,8.316,7.797,7.807,7.317,6.783,7.383,8.474,8.011,8.437,8.981,7.847,7.862
1561.03,15,8.957,8.147,9.34,7.871,8.86,8.652,8.838,9.925,8.724,8.355,8.074,8.319,7.808,7.755,7.394,6.763,7.35,8.5,7.942,8.392,8.947,7.81,7.804
1562.03,15,8.952,8.144,9.321,7.94,8.913,8.65,8.723,9.899,8.745,8.291,8.054,8.296,7.836,7.778,7.359,6.798,7.331,8.531,7.891,8.443,8.977,7.736,7.779
1563.03,15,9.092,8.177,9.29,7.904,8.868,8.624,8.679,9.928,8.811,8.338,8.153,8.251,7.827,7.765,7.429,6.793,7.262,8.477,8.001,8.476,9.037,7.81,7.869
1564.03,15,8.962,8.132,9.273,7.959,8.834,8.69,8.757,9.97,8.768,8.315,8.084,8.334,7.851,7.783,7.413,6.8,7.338,8.512,7.976,8.455,8.975,7.896,7.869
1565.03,15,9.048,8.136,9.344,7.996,8.896,8.637,8.766,9.935,8.773,8.313,8.176,8.284,7.819,7.676,7.405,6.755,7.323,8.554,7.973,8.488,9.002,7.819,7.739
1566.03,15,8.992,8.169,9.305,7.929,8.898,8.666,8.799,9.942,8.811,8.312,8.113,8.305,7.839,7.696,7.34,6.786,7.26,8.439,7.916,8.423,9.02,7.762,7.854
1567.03,15,8.947,8.162,9.308,7.909,8.918,8.653,8.798,9.902,8.749,8.329,8.154,8.292,7.832,7.743,7.362,6.765,7.275,8.535,7.941,8.438,9.036,7.793,7.827
1568.03,15,8.958,8.188,9.327,7.986,8.866,8.644,8.725,9.93,8.777,8.304,8.121,8.293,7.838,7.664,7.251,6.729,7.322,8.436,7.977,8.405,9.013,7.812,7.806
1569.03,15,8.979,8.143,9.274,7.999,8.899,8.641,8.755,9.844,8.813,8.339,8.154,8.319,7.861,7.761,7.396,6.8,7.352,8.482,7.997,8.47,8.959,7.777,7.838
1570.03,15,9.006,8.119,9.309,7.949,8.876,8.637,8.792,9.92,8.775,8.295,8.096,8.348,7.852,7.712,7.329,6.827,7.412,8.493,7.897,8.466,9.048,7.806,7.784
1571.03,15,8.959,8.137,9.355,7.963,8.875,8.638,8.726,10.01,8.792,8.273,8.092,8.364,7.805,7.761,7.393,6.72,7.332,8.516,7.97,8.425,8.991,7.73,7.804
1572.03,15,8.973,8.179,9.325,7.935,8.926,8.657,8.798,9.912,8.74,8.308,8.204,8.326,7.85,7.709,7.331,6.731,7.347,8.483,7.971,8.441,8.953,7.838,7.827
1573.03,15,9.055,8.14,9.287,7.967,8.861,8.638,8.716,9.962,8.793,8.378,8.042,8.245,7.869,7.722,7.317,6.839,7.354,8.557,7.872,8.438,9.065,7.816,7.807
1574.03,15,9.018,8.109,9.312,7.946,8.934,8.594,8.75,9.944,8.772,8.34,8.156,8.227,7.788,7.835,7.419,6.756,7.307,8.469,7.962,8.463,9.033,7.759,7.788
1575.03,15,8.999,8.158,9.307,7.957,8.899,8.643,8.842,9.899,8.808,8.343,8.082,8.293,7.831,7.746,7.377,6.73,7.282,8.504,8.005,8.42,9,7.733,7.728
1576.03,15,8.972,8.138,9.289,7.912,8.887,8.717,8.751,9.93,8.819,8.287,8.138,8.306,7.811,7.718,7.359,6.781,7.32,8.466,7.969,8.39,8.997,7.716,7.841
1577.03,15,9.011,8.136,9.285,7.946,8.861,8.659,8.805,9.924,8.782,8.297,8.075,8.236,7.775,7.776,7.395,6.745,7.268,8.448,7.994,8.441,9.018,7.879,7.831
1578.03,15,8.982,8.112,9.271,7.948,8.896,8.644,8.749,9.94,8.859,8.335,8.085,8.287,7.823,7.695,7.373,6.747,7.413,8.456,7.928,8.428,9.019,7.7,7.831
1579.03,15,9.028,8.121,9.311,7.97,8.842,8.655,8.733,9.905,8.739,8.324,8.076,8.307,7.859,7.767,7.415,6.757,7.263,8.539,7.947,8.428,8.983,7.859,7.79
1580.03,15,9.013,8.114,9.349,7.926,8.933,8.634,8.83,9.88,8.749,8.335,8.109,8.369,7.767,7.733,7.302,6.808,7.325,8.47,7.965,8.403,8.992,7.831,7.81
1581.03,15,9.057,8.164,9.286,7.877,8.976,8.658,8.787,9.983,8.828,8.318,8.106,8.318,7.753,7.775,7.313,6.764,7.418,8.487,7.94,8.448,9.001,7.719,7.781
1582.03,15,8.978,8.108,9.312,7.994,8.867,8.643,8.733,9.875,8.749,8.333,8.108,8.331,7.821,7.786,7.267,6.751,7.351,8.489,7.972,8.4,9.038,7.823,7.765
1583.03,15,9.016,8.161,9.322,7.993,8.891,8.651,8.725,9.951,8.854,8.323,8.092,8.296,7.818,7.688,7.39,6.75,7.328,8.506,7.901,8.401,9.035,7.733,7.866
1584.03,15,8.96,8.108,9.358,7.992,8.891,8.69,8.806,9.918,8.73,8.258,8.109,8.28,7.8,7.769,7.388,6.678,7.365,8.52,7.958,8.394,8.993,7.742,7.836
1585.03,15,9.034,8.168,9.291,7.936,8.916,8.602,8.716,10,8.761,8.252,8.101,8.277,7.738,7.746,7.295,6.77,7.316,8.465,7.944,8.381,9.03,7.783,7.827
1586.03,15,8.942,8.155,9.353,7.947,8.941,8.656,8.749,9.915,8.76,8.337,8.064,8.29,7.77,7.644,7.328,6.765,7.308,8.523,7.963,8.426,9.015,7.734,7.757
1587.03,15,9.01,8.145,9.259,7.938,8.935,8.597,8.758,9.923,8.728,8.337,8.017,8.315,7.787,7.654,7.398,6.783,7.289,8.454,7.936,8.41,8.995,7.746,7.78
1588.03,15,8.975,8.139,9.34,7.939,8.846,8.591,8.798,9.898,8.775,8.308,8.067,8.299,7.845,7.721,7.316,6.746,7.299,8.509,7.926,8.393,9.024,7.715,7.825
1589.03,15,9.025,8.153,9.33,7.948,8.921,8.644,8.718,9.888,8.742,8.259,8.06,8.295,7.823,7.73,7.336,6.764,7.298,8.473,7.946,8.485,9.029,7.835,7.784
1590.03,15,8.993,8.148,9.264,7.945,8.876,8.639,8.768,9.915,8.711,8.314,8.111,8.229,7.828,7.703,7.394,6.712,7.334,8.521,7.958,8.441,8.954,7.811,7.817
1591.03,15,9.022,8.106,9.355,7.958,8.925,8.678,8.732,9.928,8.757,8.225,8.032,8.275,7.915,7.771,7.351,6.735,7.349,8.466,7.956,8.396,8.928,7.761,7.845
1592.03,15,9.015,8.166,9.299,7.962,8.888,8.634,8.775,9.928,8.745,8.265,8.031,8.295,7.867,7.718,7.298,6.739,7.302,8.468,7.986,8.395,9.036,7.766,7.864
1593.03,15,8.927,8.109,9.317,7.94,8.87,8.612,8.773,9.917,8.804,8.357,8.072,8.283,7.875,7.684,7.299,6.736,7.3,8.452,7.925,8.42,8.955,7.77,7.798
1594.03,15,8.983,8.174,9.278,7.966,8.879,8.68,8.719,9.927,8.77,8.358,8.082,8.276,7.881,7.735,7.314,6.696,7.306,8.494,8.022,8.431,9.039,7.808,7.793
1595.03,15,8.989,8.13,9.304,7.91,8.885,8.641,8.734,9.826,8.757,8.299,8.129,8.325,7.892,7.748,7.355,6.764,7.362,8.483,7.954,8.442,9.045,7.815,7.753
1596.03,15,9.001,8.127,9.266,7.918,8.862,8.581,8.781,9.873,8.741,8.297,8.124,8.259,7.823,7.759,7.333,6.755,7.316,8.486,7.956,8.421,8.957,7.778,7.834
1597.03,15,8.952,8.111,9.346,7.964,8.844,8.673,8.73,9.896,8.809,8.348,8.1,8.292,7.883,7.71,7.349,6.749,7.322,8.538,7.947,8.436,9.014,7.765,7.801
1598.03,15,9.001,8.085,9.257,7.937,8.814,8.627,8.762,9.911,8.741,8.331,8.101,8.292,7.792,7.68,7.366,6.772,7.25,8.445,7.934,8.373,9.021,7.828,7.788
1599.03,15,8.99,8.147,9.25,7.918,8.967,8.645,8.737,9.839,8.686,8.306,8.044,8.291,7.794,7.727,7.32,6.744,7.297,8.46,7.876,8.416,9.042,7.71,7.826
1600.03,15,8.922,8.166,9.235,7.901,8.817,8.679,8.807,9.901,8.693,8.3,8.078,8.275,7.865,7.739,7.32,6.707,7.267,8.483,7.919,8.494,9.042,7.779,7.852
1601.03,15,9.033,8.115,9.216,7.928,8.884,8.645,8.757,9.877,8.68,8.357,8.131,8.211,7.86,7.72,7.332,6.724,7.294,8.491,7.984,8.396,8.986,7.781,7.8
1602.03,15,8.981,8.159,9.296,7.875,8.855,8.694,8.758,9.957,8.758,8.333,8.099,8.218,7.836,7.714,7.341,6.815,7.308,8.464,7.947,8.384,8.988,7.731,7.815
1603.03,15,8.948,8.164,9.301,7.959,8.898,8.602,8.782,9.855,8.795,8.328,8.136,8.27,7.748,7.709,7.299,6.764,7.327,8.477,7.967,8.451,9.032,7.826,7.827
1604.03,15,8.903,8.129,9.281,7.959,8.843,8.647,8.713,9.857,8.728,8.31,8.14,8.254,7.849,7.747,7.302,6.8,7.303,8.458,7.944,8.432,8.957,7.725,7.78
1605.03,15,8.953,8.11,9.243,7.934,8.901,8.653,8.741,9.822,8.737,8.236,8.05,8.241,7.786,7.694,7.363,6.756,7.352,8.456,7.958,8.384,8.976,7.778,7.844
1606.03,15,9.026,8.16,9.302,7.879,8.851,8.629,8.753,9.892,8.75,8.303,8.129,8.307,7.831,7.709,7.35,6.743,7.3,8.475,7.963,8.358,8.993,7.777,7.764
1607.03,15,8.988,8.105,9.329,7.898,8.86,8.633,8.692,9.908,8.727,8.305,8.105,8.299,7.798,7.723,7.332,6.789,7.298,8.413,7.981,8.452,8.968,7.744,7.757
1608.03,15,8.919,8.166,9.329,7.911,8.928,8.6,8.757,9.9,8.689,8.295,8.047,8.214,7.811,7.724,7.364,6.702,7.33,8.451,7.983,8.405,9.012,7.802,7.799
1609.03,15,8.975,8.118,9.284,7.963,8.879,8.618,8.75,9.916,8.768,8.275,8.066,8.332,7.811,7.677,7.296,6.716,7.311,8.543,7.955,8.408,8.974,7.729,7.845
1610.03,15,8.958,8.12,9.275,7.942,8.991,8.589,8.7,9.865,8.779,8.272,8.082,8.234,7.893,7.791,7.267,6.74,7.289,8.501,7.997,8.375,8.95,7.833,7.814
1611.03,15,8.97,8.063,9.26,7.983,8.877,8.638,8.762,9.859,8.762,8.285,8.08,8.294,7.742,7.676,7.402,6.7,7.305,8.472,7.961,8.372,8.973,7.739,7.828
1612.03,15,8.984,8.136,9.309,7.955,8.864,8.628,8.777,9.856,8.752,8.265,8.035,8.289,7.84,7.697,7.371,6.665,7.308,8.436,7.948,8.358,9.001,7.752,7.797
1613.03,15,8.995,8.14,9.27,7.903,8.86,8.625,8.743,9.823,8.767,8.274,8.032,8.247,7.837,7.689,7.304,6.702,7.343,8.504,7.894,8.464,8.993,7.774,7.79
1614.03,15,8.983,8.15,9.268,7.902,8.931,8.614,8.763,9.847,8.722,8.194,8.078,8.259,7.827,7.699,7.394,6.675,7.265,8.468,7.866,8.372,8.987,7.766,7.756
1615.03,15,9.015,8.066,9.249,7.935,8.821,8.66,8.774,9.888,8.741,8.318,8.062,8.221,7.848,7.706,7.333,6.729,7.374,8.499,8.007,8.42,8.887,7.783,7.748
1616.03,15,8.977,8.176,9.281,7.922,8.865,8.567,8.776,9.959,8.738,8.263,8.149,8.241,7.836,7.67,7.387,6.776,7.308,8.438,7.91,8.379,9.012,7.754,7.731
1617.03,15,8.929,8.144,9.303,7.918,8.987,8.564,8.745,9.895,8.78,8.294,8.094,8.276,7.77,7.73,7.353,6.769,7.28,8.453,7.892,8.42,8.953,7.788,7.755
1618.03,15,8.97,8.122,9.278,7.893,8.855,8.602,8.725,9.893,8.683,8.291,8.064,8.166,7.84,7.715,7.279,6.696,7.234,8.527,7.857,8.368,9.064,7.763,7.794
1619.03,15,9.018,8.183,9.234,7.931,8.868,8.614,8.681,9.863,8.701,8.274,8.074,8.276,7.752,7.741,7.267,6.767,7.322,8.499,7.9,8.448,8.994,7.806,7.782
1620.03,15,8.961,8.14,9.246,7.921,8.856,8.629,8.781,9.913,8.745,8.282,8.086,8.247,7.839,7.656,7.359,6.725,7.295,8.416,7.902,8.455,8.976,7.732,7.779
1621.03,15,8.911,8.121,9.257,7.886,8.915,8.602,8.774,9.874,8.778,8.304,8.095,8.278,7.81,7.661,7.349,6.722,7.301,8.452,7.913,8.473,8.989,7.748,7.826
1622.03,15,8.994,8.118,9.306,7.94,8.857,8.585,8.746,9.892,8.694,8.332,8.039,8.327,7.763,7.747,7.309,6.715,7.312,8.536,7.965,8.426,9.006,7.772,7.698
1623.03,15,8.939,8.15,9.254,7.942,8.876,8.604,8.685,9.873,8.683,8.324,8.074,8.268,7.793,7.724,7.236,6.768,7.28,8.428,7.929,8.398,8.961,7.788,7.802
1624.03,15,9.003,8.1,9.321,7.926,8.838,8.54,8.76,9.867,8.747,8.245,8.098,8.235,7.841,7.726,7.288,6.765,7.24,8.444,7.93,8.393,8.934,7.791,7.824
1625.03,15,8.925,8.127,9.221,7.925,8.821,8.564,8.743,9.917,8.696,8.234,8.082,8.271,7.785,7.697,7.314,6.705,7.28,8.445,7.935,8.435,9.017,7.786,7.759
1626.03,15,8.935,8.129,9.303,7.865,8.88,8.663,8.711,9.919,8.731,8.383,8.119,8.223,7.825,7.669,7.287,6.703,7.296,8.453,7.915,8.39,8.947,7.764,7.756
1627.03,15,8.932,8.124,9.26,8,8.882,8.579,8.701,9.909,8.746,8.35,8.098,8.276,7.829,7.721,7.33,6.745,7.313,8.44,7.943,8.483,8.993,7.752,7.798
1628.03,15,8.99,8.109,9.272,7.929,8.884,8.584,8.742,9.925,8.773,8.255,8.002,8.314,7.786,7.671,7.327,6.708,7.26,8.409,7.945,8.384,9.011,7.701,7.742
1629.03,15,8.987,8.07,9.263,7.927,8.84,8.514,8.774,9.933,8.759,8.309,8.038,8.294,7.82,7.707,7.271,6.706,7.245,8.43,7.934,8.414,8.986,7.802,7.78
1630.03,15,8.949,8.077,9.305,7.925,8.824,8.609,8.793,9.92,8.73,8.279,8.027,8.194,7.805,7.684,7.236,6.722,7.293,8.472,7.947,8.361,8.947,7.787,7.804
1631.03,15,8.897,8.095,9.278,7.919,8.845,8.62,8.722,9.917,8.708,8.368,8.034,8.227,7.812,7.676,7.318,6.672,7.275,8.524,7.903,8.429,8.908,7.737,7.769
1632.03,15,8.972,8.121,9.245,7.965,8.838,8.58,8.762,9.946,8.7,8.34,7.971,8.219,7.775,7.676,7.34,6.751,7.255,8.514,7.953,8.425,9.011,7.748,7.828
1633.03,15,8.96,8.044,9.269,7.936,8.873,8.634,8.748,9.865,8.717,8.328,7.933,8.262,7.818,7.733,7.35,6.731,7.226,8.476,7.936,8.439,8.991,7.732,7.786
1634.03,15,8.916,8.133,9.255,7.863,8.824,8.632,8.702,9.837,8.686,8.32,7.974,8.218,7.809,7.725,7.321,6.636,7.289,8.477,7.936,8.448,9.018,7.721,7.786
1635.03,15,9.001,8.05,9.232,7.929,8.843,8.621,8.759,9.871,8.709,8.299,8.11,8.227,7.771,7.729,7.274,6.684,7.307,8.431,7.951,8.387,9.091,7.732,7.801
1636.03,15,8.907,8.068,9.232,7.884,8.901,8.66,8.752,9.917,8.712,8.258,8.014,8.283,7.784,7.703,7.314,6.679,7.289,8.474,7.951,8.39,9.009,7.744,7.747
1637.03,15,8.988,8.082,9.278,7.93,8.874,8.614,8.802,9.906,8.774,8.284,8.037,8.278,7.823,7.673,7.336,6.696,7.227,8.43,7.923,8.379,8.99,7.71,7.832
1638.03,15,8.955,8.096,9.219,7.885,8.833,8.637,8.734,9.877,8.669,8.345,8.038,8.286,7.745,7.683,7.317,6.624,7.256,8.456,7.863,8.432,8.96,7.72,7.784
1639.03,15,8.998,8.111,9.239,7.953,8.893,8.635,8.701,9.872,8.676,8.273,8.078,8.235,7.791,7.674,7.298,6.718,7.316,8.457,7.899,8.364,8.937,7.737,7.809
1640.03,15,8.932,8.11,9.252,7.901,8.868,8.631,8.757,9.926,8.74,8.279,8.071,8.176,7.766,7.638,7.298,6.694,7.206,8.474,7.957,8.395,8.968,7.707,7.8
1641.03,15,8.926,8.087,9.236,7.862,8.852,8.598,8.723,9.933,8.695,8.283,8.073,8.252,7.808,7.665,7.29,6.728,7.349,8.479,7.943,8.447,8.981,7.768,7.778
1642.03,15,8.967,8.104,9.206,7.888,8.847,8.657,8.733,9.891,8.715,8.283,8.08,8.199,7.765,7.714,7.236,6.732,7.277,8.448,7.915,8.338,8.984,7.732,7.815
1643.03,15,8.966,8.043,9.184,7.915,8.892,8.628,8.763,9.867,8.766,8.245,8.056,8.236,7.839,7.716,7.34,6.756,7.301,8.47,7.969,8.393,8.939,7.74,7.774
1644.03,15,8.868,8.045,9.304,7.877,8.874,8.526,8.73,9.838,8.725,8.334,7.998,8.156,7.799,7.666,7.306,6.742,7.241,8.465,7.931,8.399,9.003,7.73,7.802
1645.03,15,9,8.088,9.196,7.963,8.878,8.608,8.743,9.879,8.726,8.309,8.052,8.222,7.703,7.692,7.285,6.676,7.267,8.486,7.918,8.375,8.958,7.75,7.719
1646.03,15,8.953,8.088,9.284,7.909,8.833,8.596,8.693,9.863,8.697,8.279,8.016,8.279,7.807,7.697,7.291,6.652,7.374,8.488,7.936,8.338,8.951,7.72,7.867
1647.03,15,8.966,8.019,9.224,7.913,8.869,8.593,8.72,9.828,8.72,8.311,8.063,8.249,7.783,7.762,7.314,6.743,7.321,8.446,7.915,8.368,8.918,7.739,7.72
1648.03,15,8.965,8.042,9.215,7.935,8.792,8.592,8.736,9.872,8.712,8.272,8.049,8.241,7.829,7.667,7.267,6.711,7.294,8.42,7.921,8.405,8.917,7.749,7.805
1649.03,15,8.946,8.102,9.245,7.934,8.844,8.537,8.795,9.913,8.747,8.236,7.99,8.221,7.826,7.686,7.263,6.726,7.316,8.46,7.903,8.412,9.019,7.713,7.806
1650.03,15,8.941,8.116,9.264,7.918,8.888,8.611,8.781,9.875,8.697,8.253,8.006,8.224,7.777,7.641,7.318,6.712,7.266,8.409,7.894,8.402,9.014,7.715,7.784
1651.03,15,8.946,8.014,9.246,7.909,8.907,8.596,8.727,9.929,8.707,8.277,7.983,8.234,7.832,7.707,7.34,6.681,7.225,8.455,7.87,8.404,8.961,7.723,7.817
1652.03,15,8.909,8.036,9.267,7.889,8.867,8.583,8.74,9.896,8.747,8.26,8.022,8.219,7.902,7.733,7.26,6.689,7.31,8.467,7.94,8.418,8.999,7.741,7.78
1653.03,15,8.964,8.087,9.272,7.916,8.782,8.578,8.779,9.87,8.659,8.263,8.007,8.19,7.766,7.713,7.276,6.657,7.279,8.443,7.949,8.417,8.962,7.716,7.8
1654.03,15,8.938,8.129,9.212,7.876,8.822,8.57,8.722,9.856,8.648,8.231,8.027,8.247,7.785,7.723,7.309,6.71,7.28,8.444,7.929,8.441,9.052,7.741,7.801
1655.03,15,8.923,8.102,9.216,7.876,8.761,8.553,8.756,9.871,8.7,8.268,8.082,8.214,7.772,7.657,7.31,6.728,7.322,8.486,7.92,8.443,8.954,7.771,7.791
1656.03,15,9.008,8.099,9.248,7.888,8.854,8.575,8.733,9.863,8.802,8.264,8.101,8.247,7.799,7.674,7.257,6.696,7.31,8.4,7.894,8.351,8.934,7.753,7.774
1657.03,15,8.985,8.083,9.204,7.865,8.914,8.674,8.694,9.822,8.737,8.253,7.969,8.218,7.83,7.629,7.277,6.765,7.29,8.471,7.919,8.438,8.934,7.766,7.765
1658.03,15,8.916,8.088,9.247,7.93,8.864,8.626,8.706,9.842,8.714,8.238,8.017,8.25,7.787,7.673,7.245,6.661,7.28,8.404,7.868,8.338,8.925,7.695,7.812
1659.03,15,8.93,8.068,9.215,7.934,8.788,8.619,8.771,9.858,8.751,8.294,8.015,8.235,7.869,7.656,7.305,6.632,7.262,8.399,7.906,8.444,8.978,7.76,7.741
1660.03,15,8.931,8.046,9.202,7.856,8.86,8.652,8.664,9.886,8.637,8.247,8.032,8.21,7.846,7.642,7.283,6.714,7.307,8.484,7.925,8.351,9.006,7.711,7.755
1661.03,15,8.925,8.067,9.233,7.907,8.801,8.642,8.723,9.842,8.77,8.294,8.018,8.261,7.79,7.685,7.266,6.695,7.324,8.441,7.879,8.406,8.985,7.803,7.786
1662.03,15,8.885,8.103,9.289,7.889,8.877,8.58,8.671,9.896,8.736,8.345,8.105,8.208,7.799,7.671,7.324,6.694,7.283,8.456,7.88,8.407,9.015,7.734,7.721
1663.03,15,8.893,8.163,9.204,7.907,8.804,8.542,8.735,9.891,8.68,8.307,7.968,8.217,7.77,7.669,7.307,6.715,7.316,8.446,7.931,8.396,8.989,7.703,7.771
1664.03,15,8.95,8.056,9.25,7.88,8.879,8.569,8.771,9.87,8.729,8.258,8.032,8.192,7.799,7.667,7.308,6.701,7.316,8.479,7.912,8.37,8.961,7.701,7.782
1665.03,15,8.916,8.043,9.201,7.872,8.845,8.621,8.705,9.833,8.682,8.325,8.014,8.248,7.764,7.669,7.246,6.67,7.223,8.481,7.935,8.371,8.965,7.765,7.766
1666.03,15,8.956,8.042,9.238,7.922,8.827,8.636,8.746,9.824,8.717,8.235,8.049,8.278,7.777,7.657,7.264,6.706,7.244,8.431,7.954,8.308,9.023,7.728,7.808
1667.03,15,8.886,8.086,9.229,7.919,8.809,8.672,8.692,9.895,8.723,8.327,8.013,8.256,7.829,7.669,7.209,6.611,7.24,8.493,7.936,8.386,8.885,7.776,7.773
1668.03,15,8.917,8.096,9.235,7.834,8.856,8.531,8.733,9.838,8.707,8.261,8.035,8.212,7.743,7.722,7.21,6.703,7.238,8.491,7.91,8.363,8.932,7.655,7.736
1669.03,15,8.941,8.022,9.252,7.895,8.848,8.529,8.657,9.884,8.714,8.308,8.022,8.279,7.808,7.585,7.268,6.698,7.196,8.378,7.93,8.308,8.958,7.719,7.755
1670.03,15,8.896,8.044,9.206,7.873,8.86,8.536,8.733,9.864,8.68,8.292,8.034,8.22,7.813,7.645,7.238,6.658,7.342,8.44,7.974,8.365,8.959,7.705,7.772
1671.03,15,8.927,8.047,9.191,7.911,8.832,8.566,8.676,9.898,8.683,8.278,8.102,8.205,7.762,7.605,7.164,6.706,7.279,8.411,7.892,8.389,9.003,7.743,7.82
1672.03,15,8.953,8.065,9.161,7.819,8.797,8.563,8.74,9.915,8.708,8.283,8.092,8.193,7.783,7.637,7.283,6.697,7.257,8.43,7.962,8.407,8.925,7.721,7.771
1673.03,15,8.885,8.05,9.259,7.87,8.827,8.547,8.795,9.897,8.68,8.222,8.023,8.211,7.726,7.608,7.252,6.643,7.232,8.347,7.896,8.399,8.961,7.685,7.79
1674.03,15,8.913,8.031,9.3,7.927,8.85,8.595,8.671,9.877,8.723,8.281,8.008,8.162,7.749,7.645,7.199,6.699,7.218,8.39,7.895,8.446,8.93,7.714,7.835
1675.03,15,8.891,8.118,9.235,7.887,8.821,8.591,8.698,9.823,8.72,8.225,8.017,8.2,7.71,7.707,7.305,6.682,7.248,8.436,7.871,8.399,8.961,7.73,7.746
1676.03,15,8.937,8.068,9.18,7.871,8.82,8.499,8.676,9.864,8.729,8.179,7.978,8.165,7.793,7.658,7.246,6.669,7.199,8.418,7.9,8.436,8.97,7.705,7.769
1677.03,15,8.987,8.106,9.187,7.841,8.84,8.618,8.742,9.772,8.744,8.323,7.922,8.172,7.765,7.657,7.182,6.714,7.239,8.432,7.919,8.431,8.92,7.728,7.785
1678.03,15,8.854,8.05,9.18,7.875,8.892,8.605,8.788,9.805,8.628,8.264,7.979,8.236,7.739,7.645,7.263,6.607,7.248,8.389,8.013,8.377,8.94,7.752,7.809
1679.03,15,8.98,8.014,9.247,7.913,8.81,8.565,8.706,9.8,8.723,8.195,8.019,8.248,7.777,7.631,7.244,6.651,7.247,8.406,7.906,8.425,8.973,7.761,7.803
1680.03,15,8.926,8.07,9.331,7.862,8.823,8.577,8.705,9.825,8.705,8.25,8.038,8.224,7.857,7.662,7.214,6.648,7.261,8.5,7.911,8.412,8.979,7.728,7.726
1681.03,15,8.821,8.08,9.232,7.923,8.784,8.577,8.69,9.902,8.616,8.276,8.016,8.162,7.754,7.632,7.226,6.637,7.223,8.405,7.888,8.464,8.966,7.76,7.75
1682.03,15,8.919,8.084,9.252,7.859,8.828,8.557,8.708,9.826,8.705,8.258,7.995,8.164,7.738,7.658,7.191,6.583,7.211,8.452,7.933,8.413,8.922,7.647,7.779
1683.03,15,8.923,8.062,9.225,7.896,8.795,8.562,8.735,9.846,8.699,8.175,8.026,8.226,7.777,7.608,7.232,6.712,7.266,8.444,7.867,8.355,8.939,7.719,7.692
1684.03,15,8.91,8.051,9.229,7.906,8.848,8.619,8.669,9.854,8.722,8.19,7.962,8.26,7.821,7.671,7.199,6.672,7.294,8.461,7.9,8.413,8.967,7.784,7.771
1685.03,15,8.925,8.042,9.197,7.907,8.832,8.578,8.776,9.872,8.676,8.256,8.045,8.241,7.717,7.634,7.206,6.705,7.246,8.412,7.848,8.352,8.944,7.711,7.816
1686.03,15,8.846,8.043,9.247,7.901,8.813,8.562,8.735,9.892,8.639,8.243,8.009,8.26,7.748,7.681,7.214,6.619,7.247,8.412,7.834,8.325,8.96,7.682,7.731
1687.03,15,8.978,8.062,9.182,7.873,8.831,8.608,8.685,9.828,8.619,8.233,8.03,8.228,7.832,7.663,7.232,6.6,7.281,8.407,7.933,8.389,8.923,7.708,7.736
1688.03,15,8.883,8.01,9.206,7.875,8.779,8.578,8.754,9.821,8.626,8.259,8.052,8.292,7.85,7.636,7.233,6.692,7.303,8.451,7.951,8.358,8.986,7.718,7.718
1689.03,15,8.862,8.042,9.231,7.854,8.841,8.588,8.772,9.856,8.697,8.276,8.062,8.248,7.783,7.646,7.192,6.666,7.249,8.481,7.923,8.366,8.964,7.691,7.776
1690.03,15,8.87,8.03,9.216,7.95,8.844,8.52,8.758,9.83,8.731,8.277,8.002,8.188,7.784,7.674,7.193,6.582,7.192,8.456,7.908,8.367,8.933,7.735,7.774
1691.03,15,8.868,8.07,9.16,7.912,8.868,8.578,8.747,9.848,8.644,8.263,8.051,8.234,7.743,7.621,7.243,6.698,7.201,8.455,7.898,8.353,8.977,7.681,7.761
1692.03,15,8.869,8.044,9.211,7.865,8.844,8.567,8.748,9.86,8.697,8.221,8.059,8.186,7.827,7.68,7.242,6.649,7.21,8.424,7.88,8.413,8.951,7.692,7.764
1693.03,15,8.881,8.044,9.306,7.852,8.865,8.582,8.715,9.873,8.661,8.284,8.048,8.159,7.798,7.618,7.187,6.72,7.207,8.481,7.861,8.378,8.968,7.723,7.78
1694.03,15,8.904,8.087,9.203,7.942,8.771,8.493,8.69,9.857,8.582,8.23,8.007,8.277,7.726,7.643,7.252,6.632,7.287,8.408,7.907,8.292,9.022,7.658,7.729
1695.03,15,8.97,8.027,9.224,7.858,8.876,8.577,8.724,9.855,8.695,8.272,7.957,8.237,7.763,7.573,7.231,6.588,7.193,8.474,7.905,8.401,8.89,7.638,7.806
1696.03,15,8.911,8.113,9.195,7.919,8.768,8.58,8.723,9.812,8.677,8.203,8.004,8.216,7.809,7.596,7.193,6.598,7.233,8.437,7.905,8.338,8.935,7.69,7.842
1697.03,15,8.961,8.024,9.2,7.85,8.83,8.587,8.683,9.816,8.673,8.185,8.029,8.225,7.808,7.677,7.132,6.637,7.323,8.447,7.9,8.375,8.944,7.729,7.765
1698.03,15,8.926,8.068,9.186,7.864,8.849,8.547,8.733,9.862,8.654,8.233,7.993,8.218,7.789,7.64,7.213,6.689,7.274,8.447,7.908,8.332,8.931,7.659,7.717
1699.03,15,8.896,8.023,9.169,7.844,8.856,8.59,8.672,9.851,8.685,8.199,7.996,8.165,7.748,7.636,7.156,6.612,7.217,8.424,7.895,8.419,8.968,7.739,7.671
1700.03,15,8.909,8.085,9.163,7.897,8.803,8.531,8.757,9.851,8.706,8.239,7.994,8.166,7.785,7.622,7.108,6.591,7.282,8.466,7.855,8.403,9.007,7.73,7.769
1701.03,15,8.93,7.999,9.176,7.897,8.776,8.557,8.631,9.865,8.699,8.289,7.994,8.217,7.838,7.583,7.252,6.707,7.209,8.385,7.94,8.386,8.88,7.701,7.798
1702.03,15,8.899,8.056,9.152,7.969,8.821,8.556,8.683,9.878,8.655,8.17,8.008,8.198,7.769,7.628,7.261,6.645,7.309,8.437,7.895,8.309,8.997,7.71,7.775
1703.03,15,8.87,8.046,9.152,7.826,8.734,8.642,8.719,9.863,8.72,8.231,8.017,8.249,7.721,7.616,7.188,6.617,7.284,8.387,7.892,8.357,8.898,7.746,7.734
1704.03,15,8.842,8.037,9.204,7.947,8.806,8.532,8.68,9.824,8.671,8.322,8.048,8.181,7.791,7.611,7.183,6.62,7.288,8.474,7.934,8.375,8.892,7.743,7.722
1705.03,15,8.921,8.004,9.193,7.888,8.86,8.533,8.668,9.818,8.704,8.288,8.033,8.23,7.75,7.602,7.19,6.697,7.299,8.467,7.846,8.34,8.955,7.724,7.781
1706.03,15,8.906,8.098,9.195,7.868,8.785,8.547,8.693,9.78,8.677,8.255,7.977,8.111,7.757,7.661,7.139,6.606,7.281,8.482,7.889,8.388,8.948,7.66,7.765
1707.03,15,8.836,7.943,9.197,7.863,8.759,8.575,8.636,9.849,8.655,8.281,8.029,8.188,7.796,7.627,7.167,6.666,7.226,8.416,7.849,8.328,8.975,7.701,7.744
1708.03,15,8.889,8.016,9.17,7.865,8.812,8.586,8.673,9.746,8.637,8.269,7.999,8.232,7.738,7.69,7.19,6.68,7.257,8.42,7.872,8.338,8.973,7.717,7.751
1709.03,15,8.923,7.982,9.239,7.906,8.849,8.506,8.645,9.867,8.712,8.203,7.968,8.117,7.752,7.631,7.252,6.604,7.28,8.405,7.904,8.323,8.878,7.704,7.859
1710.03,15,8.904,8.035,9.216,7.893,8.825,8.575,8.772,9.822,8.658,8.227,8.018,8.161,7.771,7.594,7.213,6.671,7.296,8.437,7.79,8.381,8.942,7.662,7.813
1711.03,15,8.906,8.017,9.211,7.827,8.806,8.531,8.664,9.824,8.727,8.231,7.947,8.227,7.71,7.614,7.197,6.58,7.245,8.418,7.891,8.359,8.947,7.7,7.766
1712.03,15,8.927,8.011,9.131,7.86,8.833,8.537,8.74,9.819,8.676,8.237,8.011,8.207,7.768,7.579,7.197,6.662,7.316,8.423,7.903,8.331,8.923,7.648,7.748
1713.03,15,8.899,8.028,9.231,7.862,8.811,8.565,8.71,9.849,8.652,8.243,8.018,8.226,7.741,7.607,7.155,6.606,7.331,8.415,7.868,8.313,8.962,7.692,7.762
1714.03,15,8.901,8.028,9.217,7.867,8.815,8.548,8.637,9.843,8.7,8.288,8.004,8.22,7.769,7.613,7.183,6.62,7.256,8.398,7.858,8.38,8.965,7.731,7.749
1715.03,15,8.837,8.01,9.27,7.932,8.782,8.614,8.719,9.781,8.66,8.228,7.98,8.138,7.783,7.56,7.24,6.654,7.234,8.419,7.917,8.33,8.991,7.691,7.777
1716.03,15,8.908,8.015,9.197,7.845,8.791,8.579,8.632,9.83,8.693,8.299,7.918,8.216,7.721,7.553,7.189,6.589,7.185,8.43,7.898,8.382,8.943,7.703,7.746
1717.03,15,8.91,8.065,9.152,7.83,8.796,8.577,8.686,9.823,8.653,8.19,7.989,8.21,7.831,7.632,7.152,6.719,7.376,8.451,7.855,8.361,8.923,7.685,7.801
1718.03,15,8.892,8.016,9.205,7.85,8.793,8.569,8.689,9.777,8.72,8.193,7.974,8.141,7.816,7.573,7.281,6.596,7.313,8.464,7.935,8.384,8.957,7.71,7.744
1719.03,15,8.883,8.037,9.176,7.898,8.72,8.591,8.657,9.782,8.71,8.189,7.974,8.265,7.776,7.572,7.191,6.67,7.284,8.447,7.93,8.414,8.969,7.719,7.697
1720.03,15,8.901,8.076,9.188,7.87,8.796,8.551,8.68,9.871,8.68,8.278,7.981,8.152,7.739,7.656,7.142,6.63,7.252,8.39,7.873,8.415,8.987,7.65,7.759
1721.03,15,8.889,7.981,9.155,7.844,8.829,8.577,8.7,9.895,8.611,8.216,8.009,8.137,7.697,7.607,7.172,6.621,7.325,8.35,7.842,8.353,8.913,7.646,7.733
1722.03,15,8.9,8.003,9.154,7.851,8.791,8.501,8.663,9.788,8.629,8.295,7.984,8.213,7.74,7.645,7.126,6.562,7.205,8.435,7.915,8.335,8.919,7.705,7.722
1723.03,15,8.891,8.048,9.21,7.921,8.811,8.537,8.674,9.818,8.657,8.197,7.928,8.245,7.775,7.623,7.204,6.592,7.216,8.384,7.915,8.372,8.922,7.641,7.678
1724.03,15,8.821,7.989,9.139,7.91,8.919,8.589,8.673,9.866,8.655,8.305,8.06,8.17,7.712,7.567,7.227,6.643,7.244,8.425,7.896,8.367,8.875,7.7,7.758
1725.03,15,8.872,8.057,9.134,7.876,8.795,8.564,8.644,9.842,8.655,8.232,7.967,8.186,7.702,7.606,7.175,6.683,7.287,8.399,7.927,8.349,8.933,7.702,7.732
1726.03,15,8.905,8.063,9.149,7.892,8.837,8.524,8.683,9.826,8.716,8.219,7.985,8.184,7.787,7.616,7.232,6.676,7.264,8.433,7.822,8.421,8.93,7.64,7.695
1727.03,15,8.896,8.05,9.181,7.878,8.838,8.527,8.727,9.827,8.626,8.225,7.923,8.247,7.783,7.63,7.193,6.653,7.25,8.412,7.923,8.31,8.962,7.628,7.749
1728.03,15,8.863,8.047,9.146,7.877,8.761,8.566,8.61,9.855,8.667,8.24,8.007,8.154,7.733,7.593,7.176,6.538,7.236,8.424,7.883,8.395,8.93,7.665,7.724
1729.03,15,8.896,8.009,9.187,7.861,8.759,8.515,8.691,9.782,8.622,8.238,8.001,8.199,7.805,7.586,7.199,6.601,7.277,8.406,7.881,8.366,8.967,7.662,7.729
1730.03,15,8.862,8.004,9.214,7.859,8.808,8.549,8.714,9.88,8.601,8.211,8.006,8.198,7.767,7.625,7.15,6.609,7.248,8.445,7.883,8.36,8.921,7.686,7.777
1731.03,15,8.911,7.995,9.156,7.884,8.756,8.553,8.678,9.805,8.604,8.254,7.998,8.222,7.784,7.579,7.207,6.607,7.202,8.432,7.869,8.349,8.892,7.731,7.763
1732.03,15,8.896,7.956,9.253,7.867,8.861,8.543,8.686,9.788,8.597,8.232,8.027,8.134,7.775,7.565,7.136,6.636,7.269,8.385,7.801,8.328,8.878,7.688,7.721
1733.03,15,8.895,8.056,9.171,7.8,8.797,8.522,8.689,9.849,8.664,8.168,7.967,8.193,7.785,7.584,7.159,6.606,7.214,8.447,7.933,8.428,8.886,7.723,7.791
1734.03,15,8.869,7.988,9.139,7.899,8.78,8.554,8.701,9.785,8.631,8.239,7.919,8.175,7.71,7.569,7.128,6.554,7.304,8.477,7.868,8.299,8.933,7.626,7.724
1735.03,15,8.91,7.972,9.222,7.814,8.878,8.5,8.739,9.727,8.637,8.196,7.94,8.164,7.813,7.593,7.196,6.591,7.233,8.426,7.904,8.294,8.939,7.761,7.729
1736.03,15,8.895,7.896,9.225,7.829,8.773,8.556,8.649,9.794,8.669,8.27,7.958,8.128,7.738,7.603,7.156,6.618,7.219,8.405,7.849,8.244,8.952,7.717,7.678
1737.03,15,8.934,8.083,9.172,7.885,8.78,8.562,8.66,9.803,8.637,8.285,7.965,8.137,7.799,7.598,7.159,6.576,7.246,8.429,7.839,8.394,8.913,7.678,7.699
1738.03,15,8.879,7.958,9.18,7.889,8.766,8.531,8.684,9.815,8.594,8.222,7.979,8.145,7.733,7.558,7.196,6.603,7.201,8.362,7.86,8.374,8.915,7.669,7.704
1739.03,15,8.88,8.001,9.182,7.868,8.787,8.462,8.731,9.81,8.663,8.257,8.053,8.19,7.702,7.598,7.167,6.622,7.213,8.466,7.906,8.378,8.982,7.693,7.734
1740.03,15,8.915,8.031,9.256,7.888,8.748,8.495,8.647,9.824,8.665,8.233,8.057,8.192,7.792,7.616,7.151,6.658,7.261,8.381,7.854,8.338,8.979,7.663,7.785
1741.03,15,8.855,7.997,9.159,7.849,8.807,8.542,8.704,9.785,8.632,8.159,7.949,8.186,7.784,7.623,7.139,6.58,7.225,8.371,7.832,8.32,8.962,7.682,7.749
1742.03,15,8.865,7.95,9.166,7.869,8.778,8.536,8.658,9.803,8.621,8.221,7.891,8.14,7.785,7.63,7.175,6.555,7.237,8.433,7.839,8.377,8.937,7.685,7.742
1743.03,15,8.868,7.993,9.175,7.817,8.765,8.555,8.643,9.828,8.636,8.248,7.889,8.137,7.763,7.585,7.136,6.576,7.306,8.404,7.898,8.31,8.956,7.648,7.726
1744.03,15,8.945,8.037,9.187,7.836,8.786,8.511,8.677,9.869,8.637,8.186,7.939,8.121,7.674,7.569,7.225,6.516,7.215,8.349,7.882,8.285,8.937,7.616,7.72
1745.03,15,8.852,8,9.163,7.845,8.82,8.554,8.64,9.787,8.695,8.238,7.943,8.12,7.68,7.604,7.142,6.634,7.279,8.421,7.872,8.377,8.939,7.689,7.733
1746.03,15,8.865,8.025,9.163,7.832,8.799,8.538,8.677,9.845,8.559,8.249,7.917,8.161,7.762,7.593,7.167,6.574,7.262,8.385,7.902,8.347,8.982,7.698,7.714
1747.03,15,8.903,8.016,9.139,7.815,8.793,8.554,8.706,9.763,8.659,8.265,7.988,8.166,7.773,7.577,7.204,6.59,7.213,8.427,7.905,8.327,8.9,7.655,7.704
1748.03,15,8.91,7.99,9.171,7.841,8.812,8.519,8.705,9.797,8.504,8.164,8.081,8.131,7.79,7.595,7.155,6.568,7.245,8.401,7.918,8.383,8.898,7.638,7.729
1749.03,15,8.882,8.045,9.196,7.777,8.77,8.549,8.643,9.823,8.613,8.231,7.971,8.147,7.796,7.61,7.145,6.606,7.203,8.472,7.946,8.338,8.937,7.761,7.737
1750.03,15,8.878,8.045,9.129,7.816,8.813,8.558,8.822,9.778,8.635,8.275,7.951,8.174,7.769,7.589,7.192,6.584,7.201,8.404,7.774,8.326,8.889,7.724,7.718
1751.03,15,8.903,8.008,9.116,7.808,8.743,8.528,8.717,9.911,8.603,8.249,7.984,8.124,7.789,7.546,7.103,6.636,7.171,8.469,7.853,8.361,8.927,7.681,7.751
1752.03,15,8.854,7.951,9.11,7.839,8.761,8.589,8.723,9.792,8.559,8.252,7.917,8.136,7.738,7.549,7.157,6.635,7.201,8.373,7.895,8.389,8.911,7.677,7.71
1753.03,15,8.823,7.972,9.174,7.825,8.742,8.537,8.702,9.822,8.715,8.192,7.975,8.171,7.826,7.598,7.16,6.558,7.201,8.363,7.866,8.373,8.905,7.661,7.757
1754.03,15,8.887,7.979,9.2,7.84,8.758,8.511,8.657,9.801,8.648,8.215,8.012,8.195,7.691,7.493,7.207,6.556,7.233,8.431,7.869,8.25,8.867,7.641,7.722
1755.03,15,8.858,8.029,9.173,7.863,8.749,8.553,8.701,9.827,8.617,8.254,7.996,8.175,7.754,7.569,7.116,6.577,7.212,8.436,7.844,8.396,8.923,7.71,7.698
1756.03,15,8.856,7.934,9.164,7.825,8.793,8.479,8.663,9.805,8.679,8.201,7.923,8.138,7.733,7.594,7.154,6.545,7.28,8.395,7.845,8.385,8.938,7.64,7.7
1757.03,15,8.887,8.024,9.179,7.835,8.826,8.499,8.698,9.8,8.667,8.251,8.013,8.188,7.775,7.572,7.186,6.552,7.261,8.446,7.893,8.427,8.951,7.675,7.695
1758.03,15,8.829,7.98,9.127,7.884,8.805,8.539,8.712,9.766,8.595,8.219,7.967,8.178,7.741,7.582,7.171,6.536,7.199,8.379,7.896,8.386,8.897,7.685,7.737
1759.03,15,8.844,7.966,9.194,7.858,8.756,8.51,8.684,9.86,8.617,8.147,7.98,8.166,7.689,7.606,7.136,6.548,7.226,8.413,7.839,8.317,8.918,7.641,7.721
1760.03,15,8.915,7.96,9.162,7.86,8.827,8.522,8.701,9.799,8.617,8.216,8.018,8.196,7.733,7.575,7.212,6.549,7.238,8.404,7.913,8.334,8.924,7.682,7.719
1761.03,15,8.832,7.999,9.162,7.908,8.772,8.531,8.697,9.819,8.682,8.226,7.937,8.171,7.771,7.551,7.078,6.582,7.225,8.461,7.897,8.286,8.918,7.722,7.742
1762.03,15,8.864,7.992,9.133,7.818,8.776,8.555,8.679,9.8,8.654,8.185,7.894,8.166,7.718,7.578,7.175,6.555,7.162,8.436,7.874,8.329,8.932,7.654,7.71
1763.03,15,8.848,7.982,9.128,7.807,8.747,8.548,8.671,9.819,8.607,8.255,7.999,8.147,7.757,7.551,7.134,6.616,7.219,8.366,7.829,8.313,8.982,7.66,7.672
1764.03,15,8.899,7.974,9.207,7.806,8.767,8.504,8.691,9.748,8.577,8.285,7.992,8.164,7.714,7.554,7.135,6.554,7.188,8.326,7.905,8.318,8.934,7.642,7.665
1765.03,15,8.861,7.987,9.107,7.822,8.751,8.537,8.69,9.797,8.63,8.196,7.964,8.177,7.733,7.633,7.169,6.589,7.218,8.451,7.83,8.286,8.966,7.636,7.698
1766.03,15,8.815,7.996,9.123,7.896,8.796,8.538,8.677,9.778,8.675,8.259,7.902,8.152,7.754,7.597,7.13,6.591,7.212,8.45,7.898,8.267,8.915,7.686,7.767
1767.03,15,8.805,7.954,9.184,7.867,8.788,8.524,8.634,9.839,8.608,8.207,7.992,8.16,7.725,7.52,7.089,6.609,7.195,8.427,7.872,8.419,8.954,7.661,7.697
1768.03,15,8.81,7.989,9.191,7.813,8.788,8.527,8.668,9.78,8.597,8.236,7.913,8.157,7.746,7.55,7.099,6.571,7.19,8.384,7.823,8.344,8.944,7.639,7.777
1769.03,15,8.846,7.983,9.099,7.842,8.79,8.523,8.677,9.798,8.614,8.23,7.927,8.183,7.743,7.594,7.193,6.612,7.194,8.338,7.862,8.345,8.953,7.7,7.767
1770.03,15,8.873,8,9.151,7.821,8.796,8.533,8.597,9.809,8.612,8.248,7.897,8.164,7.75,7.598,7.19,6.56,7.253,8.452,7.848,8.389,8.941,7.619,7.793
1771.03,15,8.969,7.963,9.165,7.863,8.776,8.514,8.712,9.79,8.609,8.219,7.927,8.144,7.783,7.608,7.153,6.584,7.155,8.398,7.863,8.333,8.929,7.672,7.719
1772.03,15,8.86,7.93,9.213,7.778,8.714,8.547,8.665,9.759,8.612,8.154,7.848,8.211,7.749,7.571,7.103,6.504,7.155,8.388,7.885,8.302,8.936,7.664,7.699
1773.03,15,8.852,7.971,9.131,7.824,8.821,8.47,8.756,9.784,8.525,8.225,7.904,8.123,7.789,7.562,7.097,6.55,7.211,8.383,7.883,8.415,8.941,7.633,7.729
1774.03,15,8.78,8.021,9.114,7.765,8.734,8.531,8.684,9.79,8.592,8.242,8.018,8.11,7.754,7.545,7.104,6.534,7.229,8.372,7.911,8.338,8.939,7.608,7.721
1775.03,15,8.895,7.954,9.093,7.777,8.739,8.542,8.65,9.833,8.591,8.193,7.93,8.161,7.751,7.592,7.128,6.593,7.231,8.412,7.856,8.306,8.966,7.672,7.734
1776.03,15,8.796,7.993,9.135,7.781,8.75,8.549,8.697,9.735,8.571,8.188,7.909,8.161,7.749,7.539,7.112,6.572,7.205,8.425,7.859,8.335,8.994,7.677,7.738
1777.03,15,8.892,7.914,9.148,7.828,8.84,8.491,8.673,9.789,8.617,8.132,7.905,8.173,7.779,7.561,7.086,6.579,7.27,8.38,7.86,8.269,8.923,7.609,7.726
1778.03,15,8.855,7.944,9.134,7.819,8.779,8.521,8.644,9.772,8.665,8.205,7.934,8.138,7.811,7.618,7.143,6.513,7.198,8.359,7.77,8.376,8.961,7.605,7.691
1779.03,15,8.845,7.927,9.115,7.788,8.768,8.531,8.673,9.856,8.648,8.193,7.935,8.087,7.728,7.569,7.161,6.554,7.258,8.372,7.794,8.352,8.908,7.662,7.701
1780.03,15,8.829,8.047,9.167,7.866,8.753,8.468,8.696,9.802,8.608,8.259,7.889,8.165,7.689,7.566,7.147,6.58,7.215,8.391,7.864,8.344,8.95,7.702,7.714
1781.03,15,8.827,7.979,9.16,7.755,8.813,8.523,8.684,9.813,8.584,8.208,7.927,8.145,7.776,7.524,7.117,6.569,7.191,8.412,7.867,8.375,8.898,7.727,7.721
1782.03,15,8.838,7.99,9.116,7.805,8.804,8.511,8.758,9.751,8.615,8.169,7.954,8.149,7.679,7.531,7.087,6.567,7.227,8.374,7.793,8.326,8.957,7.704,7.673
1783.03,15,8.856,7.995,9.195,7.848,8.714,8.498,8.694,9.751,8.646,8.17,7.998,8.145,7.714,7.525,7.116,6.496,7.179,8.359,7.881,8.374,8.954,7.597,7.711
1784.03,15,8.83,7.941,9.086,7.906,8.721,8.47,8.649,9.746,8.621,8.194,7.905,8.139,7.72,7.564,7.132,6.529,7.224,8.384,7.875,8.328,8.887,7.689,7.72
1785.03,15,8.845,8.001,9.106,7.821,8.793,8.461,8.696,9.757,8.554,8.19,7.897,8.117,7.71,7.534,7.109,6.592,7.15,8.353,7.858,8.323,8.874,7.694,7.689
1786.03,15,8.817,7.956,9.181,7.763,8.802,8.435,8.717,9.771,8.57,8.221,7.98,8.129,7.773,7.507,7.101,6.512,7.263,8.394,7.851,8.329,8.907,7.689,7.731
1787.03,15,8.803,7.962,9.074,7.777,8.796,8.542,8.643,9.742,8.625,8.175,7.939,8.158,7.786,7.569,7.051,6.499,7.201,8.431,7.837,8.348,8.916,7.696,7.699
1788.03,15,8.834,8.013,9.121,7.835,8.707,8.464,8.645,9.823,8.622,8.154,7.94,8.13,7.702,7.541,7.175,6.572,7.237,8.425,7.824,8.338,8.869,7.655,7.702
1789.03,15,8.849,7.968,9.146,7.846,8.749,8.482,8.703,9.779,8.597,8.239,7.911,8.106,7.777,7.54,7.141,6.586,7.202,8.409,7.835,8.357,8.9,7.687,7.709
1790.03,15,8.864,7.984,9.095,7.788,8.772,8.465,8.648,9.829,8.557,8.231,7.975,8.134,7.747,7.519,7.053,6.48,7.174,8.36,7.862,8.308,8.931,7.59,7.7
1791.03,15,8.834,7.872,9.145,7.781,8.662,8.498,8.653,9.812,8.599,8.229,7.947,8.146,7.751,7.501,7.114,6.52,7.244,8.403,7.844,8.354,8.972,7.688,7.632
1792.03,15,8.901,7.967,9.142,7.817,8.695,8.544,8.638,9.795,8.607,8.143,7.909,8.128,7.709,7.468,7.104,6.595,7.151,8.411,7.866,8.341,8.906,7.665,7.683
1793.03,15,8.863,7.919,9.166,7.81,8.735,8.496,8.64,9.819,8.527,8.154,7.894,8.089,7.8,7.543,7.092,6.548,7.209,8.428,7.893,8.353,8.857,7.643,7.744
1794.03,15,8.813,7.969,9.089,7.837,8.76,8.479,8.624,9.751,8.581,8.212,7.952,8.05,7.731,7.536,7.055,6.518,7.21,8.397,7.834,8.355,8.933,7.648,7.685
1795.03,15,8.764,7.996,9.168,7.809,8.735,8.48,8.627,9.834,8.601,8.175,7.913,8.085,7.722,7.511,7.062,6.573,7.228,8.392,7.802,8.294,8.885,7.648,7.77
1796.03,15,8.811,7.96,9.144,7.801,8.756,8.481,8.666,9.765,8.631,8.226,7.95,8.072,7.789,7.567,7.086,6.5,7.214,8.364,7.853,8.347,8.958,7.686,7.684
1797.03,15,8.838,7.998,9.088,7.795,8.746,8.516,8.627,9.749,8.565,8.153,7.91,8.192,7.695,7.629,7.11,6.568,7.191,8.452,7.817,8.353,8.918,7.624,7.731
1798.03,15,8.837,7.937,9.136,7.83,8.77,8.469,8.622,9.777,8.628,8.124,7.913,8.12,7.688,7.542,7.067,6.477,7.23,8.342,7.804,8.325,8.926,7.625,7.774
1799.03,15,8.859,7.901,9.155,7.829,8.774,8.494,8.646,9.756,8.567,8.222,7.947,8.118,7.714,7.509,7.093,6.632,7.221,8.458,7.897,8.306,8.938,7.653,7.714
1800.03,15,8.879,8.039,9.16,7.782,8.752,8.529,8.684,9.787,8.566,8.182,7.899,8.111,7.75,7.529,7.118,6.526,7.215,8.405,7.797,8.361,8.959,7.632,7.708
1801.03,15,8.877,7.977,9.12,7.764,8.791,8.465,8.608,9.778,8.582,8.238,7.963,8.186,7.686,7.525,7.125,6.558,7.236,8.395,7.813,8.315,8.924,7.623,7.73
1802.03,15,8.84,7.963,9.158,7.839,8.704,8.453,8.671,9.77,8.59,8.215,7.917,8.154,7.683,7.551,7.08,6.502,7.197,8.366,7.857,8.288,8.846,7.597,7.7
1803.03,15,8.896,7.962,9.149,7.766,8.762,8.566,8.673,9.722,8.599,8.125,7.918,8.091,7.707,7.483,7.048,6.61,7.168,8.425,7.758,8.294,8.922,7.657,7.639
1804.03,15,8.841,8,9.161,7.823,8.779,8.518,8.689,9.776,8.574,8.189,7.923,8.11,7.718,7.544,7.097,6.456,7.257,8.379,7.791,8.333,8.873,7.644,7.719
1805.03,15,8.828,7.963,9.056,7.842,8.793,8.513,8.626,9.802,8.567,8.148,7.922,8.15,7.751,7.55,7.113,6.543,7.162,8.436,7.87,8.345,8.898,7.633,7.696
1806.03,15,8.808,7.927,9.168,7.777,8.785,8.489,8.703,9.73,8.614,8.229,7.911,8.101,7.75,7.547,7.106,6.511,7.183,8.421,7.899,8.339,8.942,7.635,7.766
1807.03,15,8.829,7.894,9.164,7.815,8.811,8.49,8.626,9.712,8.631,8.154,7.886,8.168,7.778,7.556,7.097,6.554,7.21,8.386,7.878,8.34,8.867,7.621,7.729
1808.03,15,8.773,7.947,9.171,7.798,8.755,8.557,8.659,9.758,8.59,8.152,7.879,8.176,7.689,7.468,7.157,6.656,7.177,8.426,7.909,8.286,8.83,7.571,7.684
1809.03,15,8.879,7.931,9.148,7.827,8.778,8.505,8.599,9.76,8.503,8.188,7.913,8.071,7.731,7.523,7.175,6.472,7.155,8.354,7.9,8.325,8.884,7.684,7.68
1810.03,15,8.798,7.962,9.112,7.736,8.836,8.506,8.67,9.71,8.607,8.188,7.918,8.066,7.689,7.635,7.083,6.584,7.19,8.369,7.821,8.268,8.964,7.623,7.736
1811.03,15,8.764,7.897,9.046,7.743,8.772,8.468,8.665,9.768,8.576,8.156,7.98,8.119,7.632,7.504,7.101,6.506,7.207,8.392,7.873,8.279,8.843,7.596,7.726
1812.03,15,8.797,7.871,9.166,7.864,8.804,8.452,8.643,9.797,8.584,8.227,7.913,8.065,7.704,7.528,7.102,6.546,7.198,8.389,7.847,8.274,8.871,7.644,7.715
1813.03,15,8.829,7.99,9.121,7.804,8.72,8.49,8.648,9.713,8.549,8.162,7.895,8.104,7.718,7.5,7.073,6.562,7.188,8.432,7.813,8.245,8.908,7.658,7.683
1814.03,15,8.833,7.982,9.117,7.806,8.708,8.448,8.623,9.739,8.551,8.136,7.952,8.088,7.749,7.57,7.117,6.504,7.233,8.339,7.864,8.365,8.888,7.632,7.698
1815.03,15,8.851,8.01,9.126,7.782,8.783,8.455,8.658,9.725,8.594,8.217,7.896,8.087,7.76,7.526,7.101,6.558,7.183,8.417,7.786,8.326,8.865,7.647,7.686
1816.03,15,8.804,7.947,9.1,7.759,8.734,8.409,8.611,9.762,8.497,8.147,7.945,8.106,7.715,7.515,7.017,6.536,7.121,8.359,7.89,8.269,8.92,7.66,7.693
1817.03,15,8.84,7.957,9.084,7.793,8.721,8.493,8.656,9.763,8.534,8.18,7.921,8.101,7.731,7.499,7.073,6.538,7.183,8.385,7.84,8.323,8.904,7.614,7.7
1818.03,15,8.865,7.884,9.134,7.768,8.687,8.459,8.666,9.784,8.539,8.136,7.951,8.099,7.721,7.498,7.069,6.504,7.2,8.382,7.847,8.356,8.949,7.618,7.697
1819.03,15,8.876,7.979,9.09,7.839,8.728,8.49,8.578,9.72,8.594,8.167,7.833,8.141,7.673,7.466,7.065,6.512,7.176,8.35,7.8,8.359,8.887,7.641,7.697
1820.03,15,8.831,7.945,9.107,7.799,8.706,8.519,8.646,9.777,8.595,8.223,7.897,8.097,7.695,7.549,7.101,6.524,7.178,8.398,7.785,8.283,8.896,7.647,7.722
1821.03,15,8.82,7.964,9.063,7.746,8.709,8.493,8.608,9.737,8.523,8.143,7.903,8.162,7.717,7.456,7.078,6.513,7.223,8.394,7.833,8.306,8.914,7.621,7.689
1822.03,15,8.82,7.915,9.129,7.851,8.817,8.481,8.626,9.787,8.575,8.161,7.872,8.053,7.783,7.499,7.083,6.52,7.166,8.379,7.872,8.371,8.934,7.638,7.65
1823.03,15,8.823,7.894,9.089,7.854,8.791,8.466,8.642,9.775,8.56,8.158,7.981,8.141,7.683,7.539,7.096,6.526,7.212,8.334,7.758,8.306,8.87,7.621,7.716
1824.03,15,8.814,7.883,9.12,7.862,8.705,8.475,8.652,9.75,8.591,8.159,7.898,8.116,7.771,7.526,7.133,6.493,7.255,8.349,7.779,8.322,8.915,7.64,7.65
1825.03,15,8.828,7.947,9.017,7.816,8.73,8.515,8.596,9.789,8.528,8.197,7.923,8.086,7.686,7.546,7.122,6.499,7.194,8.388,7.843,8.285,8.906,7.608,7.702
1826.03,15,8.827,7.953,9.075,7.795,8.73,8.435,8.686,9.75,8.59,8.152,7.876,8.19,7.699,7.478,7.034,6.485,7.164,8.409,7.795,8.331,8.811,7.64,7.656
1827.03,15,8.784,7.894,9.16,7.845,8.738,8.493,8.613,9.778,8.565,8.188,7.93,8.113,7.719,7.463,7.107,6.454,7.176,8.333,7.753,8.307,8.939,7.556,7.685
1828.03,15,8.815,7.923,9.07,7.82,8.749,8.457,8.595,9.69,8.555,8.18,7.946,8.109,7.714,7.524,7.032,6.567,7.172,8.387,7.836,8.301,8.948,7.61,7.697
1829.03,15,8.813,7.971,9.094,7.816,8.751,8.431,8.603,9.695,8.496,8.207,7.937,8.105,7.809,7.559,7.006,6.459,7.2,8.415,7.83,8.313,8.922,7.538,7.734
1830.03,15,8.891,7.917,9.115,7.823,8.671,8.466,8.619,9.782,8.541,8.172,7.844,8.162,7.748,7.535,7.115,6.512,7.173,8.356,7.868,8.346,8.866,7.622,7.676
1831.03,15,8.812,7.927,9.114,7.807,8.759,8.482,8.683,9.7,8.521,8.211,7.88,8.088,7.744,7.527,6.974,6.511,7.189,8.326,7.876,8.302,8.919,7.652,7.713
1832.03,15,8.826,7.936,9.127,7.766,8.724,8.447,8.603,9.705,8.587,8.13,7.935,8.056,7.726,7.482,7.097,6.521,7.201,8.392,7.852,8.316,8.862,7.662,7.695
1833.03,15,8.794,7.958,9.091,7.782,8.732,8.482,8.66,9.703,8.507,8.168,7.915,8.043,7.699,7.529,7.139,6.497,7.16,8.396,7.795,8.323,8.863,7.557,7.694
1834.03,15,8.747,7.893,9.105,7.79,8.776,8.424,8.679,9.774,8.515,8.243,7.87,8.078,7.686,7.481,7.014,6.504,7.159,8.394,7.875,8.267,8.874,7.677,7.704
1835.03,15,8.778,7.904,9.068,7.785,8.719,8.487,8.687,9.75,8.544,8.16,7.908,8.154,7.654,7.518,6.997,6.478,7.154,8.315,7.828,8.274,8.935,7.617,7.67
1836.03,15,8.785,7.912,9.136,7.785,8.735,8.443,8.629,9.732,8.593,8.15,7.854,8.059,7.772,7.552,7.104,6.563,7.197,8.361,7.872,8.365,8.835,7.59,7.649
1837.03,15,8.749,7.914,9.123,7.805,8.736,8.429,8.641,9.727,8.477,8.239,7.935,8.078,7.756,7.498,7.057,6.519,7.199,8.392,7.788,8.259,8.827,7.617,7.777
1838.03,15,8.821,7.914,9.128,7.759,8.672,8.467,8.638,9.705,8.524,8.158,7.886,8.07,7.784,7.52,7.049,6.478,7.145,8.412,7.795,8.282,8.877,7.635,7.728
1839.03,15,8.744,8.008,9.112,7.781,8.727,8.423,8.627,9.815,8.545,8.149,7.898,8.058,7.746,7.496,7.158,6.501,7.203,8.361,7.816,8.294,8.968,7.702,7.626
1840.03,15,8.808,7.912,9.076,7.814,8.77,8.475,8.666,9.803,8.552,8.117,7.867,8.096,7.744,7.448,7.05,6.482,7.181,8.325,7.821,8.305,8.944,7.532,7.774
1841.03,15,8.755,7.929,9.069,7.843,8.743,8.415,8.656,9.774,8.504,8.058,7.902,8.042,7.712,7.509,7.073,6.563,7.183,8.367,7.808,8.317,8.927,7.604,7.593
1842.03,15,8.765,7.873,9.076,7.789,8.629,8.462,8.626,9.754,8.553,8.147,7.891,8.112,7.642,7.427,7.061,6.538,7.145,8.395,7.84,8.267,8.93,7.608,7.699
1843.03,15,8.837,7.913,9.015,7.85,8.675,8.448,8.629,9.719,8.508,8.206,7.906,8.107,7.753,7.497,7.028,6.49,7.176,8.442,7.803,8.297,9.008,7.608,7.694
1844.03,15,8.866,7.959,9.068,7.807,8.762,8.46,8.601,9.733,8.523,8.187,7.917,8.051,7.686,7.484,7.09,6.477,7.227,8.307,7.784,8.249,8.935,7.573,7.738
1845.03,15,8.791,7.985,9.075,7.824,8.671,8.463,8.657,9.723,8.544,8.124,7.878,8.117,7.645,7.507,7.034,6.506,7.208,8.366,7.852,8.407,8.925,7.542,7.659
1846.03,15,8.769,7.926,9.084,7.797,8.692,8.496,8.633,9.745,8.476,8.107,7.855,8.072,7.714,7.51,7.117,6.56,7.217,8.393,7.864,8.271,8.887,7.638,7.656
1847.03,15,8.775,7.896,9.078,7.836,8.699,8.437,8.616,9.679,8.527,8.152,7.932,8.117,7.715,7.458,7.08,6.431,7.188,8.356,7.854,8.298,8.884,7.664,7.591
1848.03,15,8.81,7.944,9.064,7.863,8.73,8.462,8.614,9.72,8.492,8.17,7.943,8.084,7.714,7.463,7.024,6.431,7.157,8.363,7.776,8.303,8.983,7.559,7.654
1849.03,15,8.772,7.913,9.051,7.831,8.735,8.431,8.623,9.686,8.503,8.152,7.859,8.095,7.665,7.449,7.104,6.462,7.171,8.33,7.859,8.282,8.931,7.622,7.672
1850.03,15,8.792,7.932,9.03,7.784,8.722,8.485,8.685,9.695,8.542,8.167,7.846,8.095,7.73,7.446,7.036,6.541,7.166,8.323,7.841,8.289,8.882,7.612,7.693
1851.03,15,8.796,7.835,9.03,7.772,8.703,8.426,8.602,9.747,8.536,8.114,7.858,8.022,7.702,7.462,7.022,6.501,7.234,8.377,7.816,8.335,8.923,7.573,7.684
1852.03,15,8.775,7.933,9.072,7.805,8.67,8.415,8.647,9.724,8.62,8.151,7.889,8.105,7.72,7.457,7.084,6.506,7.175,8.365,7.824,8.341,8.881,7.614,7.665
1853.03,15,8.768,7.915,9.113,7.757,8.727,8.449,8.662,9.716,8.563,8.164,7.828,8.053,7.705,7.463,7.078,6.496,7.167,8.424,7.76,8.342,8.873,7.654,7.708
1854.03,15,8.797,7.983,9.098,7.736,8.664,8.439,8.605,9.714,8.512,8.188,7.859,8.107,7.687,7.479,7.02,6.468,7.231,8.379,7.806,8.299,8.908,7.584,7.715
1855.03,15,8.782,7.902,9.051,7.749,8.712,8.44,8.626,9.701,8.409,8.093,7.845,8.041,7.722,7.481,7.013,6.526,7.219,8.365,7.801,8.374,8.963,7.682,7.732
1856.03,15,8.787,7.908,9.096,7.866,8.696,8.434,8.667,9.708,8.469,8.173,7.907,8.073,7.686,7.493,7.027,6.454,7.149,8.345,7.855,8.298,8.899,7.604,7.609
1857.03,15,8.818,7.884,9.09,7.779,8.646,8.489,8.622,9.733,8.506,8.166,7.893,8.099,7.77,7.502,7.074,6.494,7.153,8.419,7.809,8.274,8.876,7.59,7.67
1858.03,15,8.809,7.862,9.095,7.794,8.686,8.513,8.732,9.71,8.501,8.2,7.822,8.034,7.629,7.5,6.991,6.485,7.163,8.406,7.846,8.283,8.9,7.516,7.657
1859.03,15,8.735,7.929,9.072,7.819,8.723,8.471,8.574,9.72,8.51,8.179,7.921,8.056,7.706,7.478,7.005,6.446,7.184,8.286,7.773,8.335,8.902,7.594,7.649
1860.03,15,8.769,7.867,9.072,7.834,8.673,8.447,8.583,9.789,8.53,8.145,7.851,8.076,7.662,7.462,7.082,6.49,7.188,8.355,7.83,8.29,8.933,7.606,7.65
1861.03,15,8.769,7.907,9.081,7.788,8.728,8.431,8.593,9.738,8.519,8.102,7.822,8.029,7.766,7.439,7.014,6.492,7.179,8.39,7.807,8.309,8.904,7.579,7.66
1862.03,15,8.853,7.946,9.078,7.794,8.768,8.409,8.646,9.7,8.552,8.119,7.849,8.076,7.722,7.447,7.014,6.432,7.149,8.317,7.804,8.278,8.928,7.646,7.655
1863.03,15,8.789,7.915,9.03,7.77,8.743,8.425,8.613,9.653,8.517,8.174,7.798,8.044,7.746,7.461,7.027,6.468,7.172,8.409,7.816,8.29,8.816,7.618,7.668
1864.03,15,8.755,7.896,9.04,7.705,8.685,8.442,8.594,9.703,8.492,8.14,7.873,8.087,7.732,7.511,7.062,6.523,7.199,8.389,7.806,8.32,8.918,7.604,7.668
1865.03,15,8.809,7.928,9.061,7.814,8.658,8.472,8.596,9.691,8.525,8.139,7.835,8.054,7.72,7.468,7.037,6.45,7.19,8.377,7.796,8.256,8.868,7.54,7.708
1866.03,15,8.79,7.957,9.044,7.791,8.671,8.48,8.595,9.737,8.585,8.196,7.836,8.097,7.656,7.421,7.045,6.427,7.156,8.364,7.828,8.234,8.94,7.582,7.71
1867.03,15,8.736,7.945,9.063,7.675,8.797,8.438,8.587,9.728,8.519,8.135,7.896,8.057,7.724,7.481,7.007,6.492,7.175,8.297,7.767,8.302,8.844,7.612,7.678
1868.03,15,8.873,7.939,9.067,7.74,8.655,8.439,8.643,9.704,8.549,8.149,7.88,8.066,7.695,7.485,6.984,6.539,7.145,8.394,7.798,8.275,8.902,7.605,7.643
1869.03,15,8.73,7.947,9.025,7.731,8.657,8.437,8.716,9.716,8.53,8.237,7.874,8.081,7.637,7.423,7.03,6.464,7.075,8.344,7.81,8.251,8.871,7.625,7.705
1870.03,15,8.752,7.893,9.053,7.798,8.781,8.4,8.582,9.696,8.572,8.085,7.822,8.072,7.644,7.441,7.036,6.496,7.184,8.398,7.799,8.273,8.868,7.615,7.643
1871.03,15,8.774,7.825,9.059,7.822,8.691,8.407,8.585,9.771,8.465,8.142,7.851,8.044,7.679,7.482,6.987,6.539,7.206,8.394,7.789,8.326,8.895,7.552,7.624
1872.03,15,8.757,7.855,9.018,7.862,8.658,8.464,8.545,9.723,8.502,8.137,7.852,8.062,7.688,7.481,7.026,6.473,7.174,8.367,7.743,8.255,8.869,7.646,7.665
1873.03,15,8.756,7.882,9.025,7.757,8.691,8.428,8.591,9.731,8.531,8.127,7.787,8.001,7.72,7.548,7.042,6.467,7.113,8.401,7.81,8.229,8.923,7.589,7.721
1874.03,15,8.769,7.856,8.967,7.792,8.713,8.433,8.608,9.747,8.542,8.188,7.856,8.075,7.718,7.393,7.042,6.462,7.176,8.402,7.77,8.272,8.942,7.603,7.674
1875.03,15,8.793,7.916,9.009,7.798,8.697,8.392,8.69,9.749,8.578,8.259,7.854,8.066,7.7,7.489,7.019,6.493,7.197,8.426,7.835,8.293,8.895,7.562,7.601
1876.03,15,8.775,7.912,8.985,7.698,8.674,8.416,8.593,9.72,8.537,8.065,7.854,8.016,7.702,7.45,6.977,6.479,7.154,8.347,7.856,8.28,8.859,7.566,7.622
1877.03,15,8.824,7.881,9.059,7.759,8.692,8.487,8.586,9.735,8.478,8.182,7.801,8.014,7.627,7.466,7.005,6.435,7.168,8.394,7.759,8.348,8.854,7.603,7.694
1878.03,15,8.847,7.904,9.065,7.805,8.648,8.423,8.585,9.709,8.568,8.119,7.867,8.084,7.644,7.43,6.973,6.485,7.098,8.407,7.762,8.275,8.934,7.624,7.655
1879.03,15,8.734,7.846,9.033,7.769,8.68,8.499,8.623,9.762,8.533,8.187,7.851,8.042,7.736,7.512,6.986,6.532,7.128,8.347,7.819,8.263,8.901,7.594,7.661
1880.03,15,8.807,7.889,9.023,7.748,8.597,8.424,8.677,9.647,8.512,8.125,7.896,8.041,7.731,7.427,6.992,6.456,7.116,8.352,7.813,8.23,8.899,7.569,7.644
1881.03,15,8.767,7.849,9.074,7.772,8.728,8.444,8.61,9.788,8.506,8.183,7.897,8.047,7.695,7.449,6.974,6.498,7.189,8.361,7.82,8.257,8.88,7.601,7.686
1882.03,15,8.831,7.876,9.044,7.794,8.727,8.469,8.546,9.671,8.507,8.117,7.891,8.076,7.61,7.464,7.001,6.453,7.204,8.299,7.799,8.271,8.81,7.521,7.72
1883.03,15,8.772,7.886,9.056,7.784,8.695,8.474,8.617,9.726,8.584,8.092,7.894,8.043,7.657,7.474,6.96,6.394,7.131,8.335,7.844,8.249,8.881,7.625,7.686
1884.03,15,8.825,7.952,9.055,7.753,8.699,8.43,8.612,9.699,8.522,8.208,7.876,7.991,7.765,7.389,7.034,6.42,7.181,8.356,7.727,8.211,8.913,7.605,7.657
1885.03,15,8.727,7.886,9.075,7.712,8.768,8.389,8.649,9.689,8.578,8.104,7.862,8.092,7.733,7.412,6.972,6.395,7.096,8.35,7.792,8.271,8.825,7.585,7.697
1886.03,15,8.768,7.891,9.027,7.752,8.701,8.447,8.637,9.719,8.549,8.108,7.872,8.123,7.666,7.436,7.001,6.466,7.199,8.376,7.797,8.308,8.909,7.571,7.645
1887.03,15,8.763,7.897,9.07,7.804,8.708,8.432,8.595,9.778,8.522,8.123,7.842,8.008,7.694,7.372,7.001,6.412,7.149,8.382,7.846,8.281,8.882,7.568,7.609
1888.03,15,8.76,7.869,9.049,7.784,8.772,8.455,8.557,9.701,8.498,8.133,7.85,8.12,7.709,7.452,6.969,6.476,7.146,8.306,7.748,8.311,8.874,7.581,7.682
1889.03,15,8.758,7.911,9.043,7.798,8.661,8.456,8.608,9.713,8.492,8.134,7.872,8.115,7.676,7.436,7.021,6.422,7.199,8.324,7.803,8.302,8.826,7.577,7.684
1890.03,15,8.714,7.903,9.024,7.804,8.666,8.408,8.613,9.777,8.413,8.185,7.855,8.095,7.715,7.443,6.992,6.415,7.124,8.409,7.736,8.208,8.9,7.579,7.621
1891.03,15,8.714,7.845,9.092,7.712,8.696,8.428,8.58,9.712,8.537,8.118,7.886,8.061,7.694,7.412,6.975,6.466,7.095,8.333,7.826,8.247,8.833,7.541,7.691
1892.03,15,8.778,7.861,9.047,7.757,8.65,8.404,8.599,9.714,8.51,8.158,7.841,8.005,7.687,7.369,6.965,6.394,7.18,8.386,7.844,8.311,8.825,7.566,7.617
1893.03,15,8.732,7.89,9.091,7.76,8.74,8.367,8.576,9.641,8.502,8.15,7.818,8.035,7.663,7.437,6.998,6.416,7.09,8.355,7.791,8.331,8.911,7.58,7.679
1894.03,15,8.755,7.871,8.985,7.789,8.699,8.408,8.564,9.718,8.51,8.158,7.861,8.086,7.676,7.406,6.988,6.437,7.235,8.376,7.793,8.275,8.851,7.654,7.663
1895.03,15,8.768,7.927,9.044,7.812,8.673,8.397,8.582,9.696,8.525,8.111,7.808,8.046,7.663,7.464,6.982,6.414,7.096,8.36,7.781,8.26,8.876,7.551,7.691
1896.03,15,8.789,7.874,9.028,7.794,8.721,8.436,8.61,9.719,8.496,8.142,7.854,8.084,7.716,7.512,6.927,6.414,7.105,8.338,7.794,8.29,8.8,7.596,7.663
1897.03,15,8.783,7.859,9.011,7.766,8.694,8.405,8.602,9.666,8.5,8.111,7.872,7.993,7.653,7.398,6.936,6.385,7.141,8.316,7.741,8.215,8.903,7.609,7.648
1898.03,15,8.72,7.838,9.06,7.761,8.685,8.393,8.59,9.721,8.439,8.135,7.873,8.05,7.652,7.441,6.991,6.398,7.18,8.38,7.847,8.25,8.876,7.582,7.684
1899.03,15,8.795,7.87,9.038,7.806,8.669,8.416,8.624,9.713,8.506,8.132,7.859,8.029,7.683,7.394,7.057,6.451,7.158,8.358,7.755,8.189,8.879,7.609,7.706
1900.03,15,8.778,7.89,9.043,7.825,8.764,8.459,8.623,9.79,8.489,8.08,7.807,8.079,7.686,7.47,7.031,6.512,7.173,8.346,7.8,8.216,8.858,7.596,7.618
1901.03,15,8.736,7.864,9.061,7.714,8.698,8.395,8.594,9.706,8.477,8.155,7.861,8.066,7.701,7.457,7.004,6.416,7.115,8.338,7.852,8.275,8.835,7.551,7.638
1902.03,15,8.722,7.899,8.988,7.777,8.668,8.484,8.558,9.713,8.5,8.158,7.844,8.036,7.717,7.508,6.99,6.467,7.104,8.324,7.805,8.208,8.912,7.58,7.634
1903.03,15,8.735,7.898,9.01,7.781,8.734,8.434,8.621,9.646,8.511,8.171,7.803,8.009,7.681,7.492,6.972,6.427,7.155,8.295,7.813,8.251,8.832,7.563,7.659
1904.03,15,8.754,7.839,9.058,7.785,8.657,8.398,8.663,9.713,8.504,8.169,7.852,8.009,7.659,7.468,6.956,6.453,7.114,8.353,7.806,8.241,8.856,7.633,7.699
1905.03,15,8.748,7.866,9.067,7.688,8.654,8.335,8.598,9.661,8.451,8.124,7.809,8.011,7.708,7.435,6.98,6.46,7.174,8.373,7.747,8.286,8.938,7.548,7.638
1906.03,15,8.707,7.887,9.013,7.792,8.679,8.411,8.662,9.667,8.495,8.065,7.868,8.05,7.7,7.404,7.042,6.398,7.073,8.31,7.725,8.244,8.914,7.547,7.659
1907.03,15,8.74,7.879,9.011,7.752,8.637,8.454,8.578,9.689,8.435,8.128,7.815,8.052,7.638,7.41,6.974,6.436,7.036,8.369,7.784,8.222,8.824,7.568,7.683
1908.03,15,8.716,7.842,9.059,7.732,8.704,8.49,8.551,9.732,8.464,8.144,7.815,7.987,7.714,7.433,6.954,6.399,7.182,8.329,7.75,8.334,8.845,7.611,7.639
1909.03,15,8.724,7.828,9.024,7.72,8.67,8.403,8.653,9.748,8.482,8.139,7.896,8.057,7.7,7.375,6.971,6.511,7.144,8.373,7.789,8.212,8.832,7.595,7.716
1910.03,15,8.702,7.906,8.983,7.703,8.693,8.431,8.526,9.698,8.539,8.077,7.809,8.07,7.673,7.489,6.981,6.418,7.187,8.252,7.775,8.259,8.826,7.598,7.65
1911.03,15,8.747,7.88,9.007,7.746,8.659,8.388,8.637,9.658,8.518,8.196,7.939,8.034,7.641,7.413,6.923,6.44,7.158,8.425,7.767,8.248,8.84,7.606,7.636
1912.03,15,8.761,7.875,9.044,7.763,8.708,8.394,8.641,9.721,8.451,8.144,7.847,8.031,7.699,7.385,7.018,6.441,7.115,8.343,7.834,8.206,8.856,7.515,7.668
1913.03,15,8.759,7.798,9.038,7.749,8.637,8.389,8.633,9.679,8.534,8.146,7.804,8.038,7.698,7.442,6.955,6.459,7.107,8.389,7.737,8.262,8.845,7.548,7.598
1914.03,15,8.751,7.857,9.03,7.713,8.737,8.377,8.61,9.727,8.41,8.11,7.775,8.039,7.631,7.463,6.919,6.443,7.068,8.379,7.762,8.358,8.875,7.604,7.672
1915.03,15,8.772,7.904,9.002,7.682,8.689,8.487,8.588,9.653,8.433,8.177,7.815,8.007,7.681,7.449,6.975,6.453,7.19,8.271,7.76,8.25,8.867,7.51,7.606
1916.03,15,8.765,7.892,9.006,7.685,8.681,8.444,8.614,9.721,8.432,8.103,7.805,8.013,7.705,7.414,6.955,6.446,7.167,8.273,7.825,8.245,8.853,7.535,7.664
1917.03,15,8.734,7.861,8.963,7.757,8.649,8.315,8.619,9.675,8.407,8.088,7.774,8.021,7.63,7.378,6.944,6.442,7.142,8.337,7.759,8.273,8.903,7.518,7.652
1918.03,15,8.742,7.796,9.028,7.722,8.656,8.359,8.619,9.655,8.499,8.143,7.818,8.052,7.648,7.379,6.928,6.418,7.127,8.291,7.771,8.222,8.819,7.553,7.621
1919.03,15,8.745,7.882,9.036,7.762,8.732,8.419,8.631,9.647,8.432,8.094,7.886,8.077,7.744,7.377,6.934,6.44,7.145,8.367,7.782,8.302,8.855,7.584,7.643
1920.03,15,8.775,7.845,9.058,7.715,8.696,8.383,8.551,9.665,8.455,8.097,7.847,8.01,7.689,7.347,6.929,6.41,7.115,8.318,7.789,8.285,8.843,7.562,7.627
1921.03,15,8.74,7.854,8.937,7.794,8.647,8.387,8.545,9.652,8.425,8.114,7.787,8.028,7.67,7.404,6.948,6.424,7.14,8.318,7.766,8.207,8.848,7.561,7.649
1922.03,15,8.751,7.76,9.068,7.729,8.663,8.378,8.638,9.697,8.469,8.083,7.793,8.036,7.65,7.422,6.959,6.417,7.155,8.356,7.732,8.323,8.841,7.511,7.704
1923.03,15,8.744,7.858,8.981,7.739,8.666,8.405,8.595,9.709,8.504,8.06,7.845,8.063,7.681,7.366,6.961,6.395,7.09,8.303,7.756,8.256,8.89,7.56,7.666
1924.03,15,8.777,7.784,8.989,7.735,8.672,8.355,8.632,9.685,8.496,8.078,7.806,7.915,7.652,7.436,6.949,6.386,7.141,8.317,7.77,8.278,8.899,7.579,7.726
1925.03,15,8.692,7.847,9.007,7.725,8.635,8.323,8.546,9.694,8.467,8.071,7.772,7.972,7.709,7.348,6.977,6.4,7.131,8.363,7.742,8.263,8.83,7.605,7.577
1926.03,15,8.764,7.853,9.018,7.737,8.648,8.358,8.609,9.65,8.418,8.107,7.771,8.009,7.644,7.453,6.981,6.45,7.123,8.289,7.735,8.258,8.85,7.51,7.645
1927.03,15,8.734,7.839,8.986,7.717,8.708,8.43,8.624,9.657,8.479,8.105,7.826,7.989,7.708,7.422,7.009,6.458,7.091,8.36,7.757,8.231,8.795,7.528,7.612
1928.03,15,8.708,7.805,9.022,7.762,8.62,8.376,8.575,9.684,8.453,8.161,7.766,8.037,7.699,7.371,6.964,6.395,7.12,8.316,7.802,8.247,8.827,7.61,7.648
1929.03,15,8.74,7.83,8.96,7.751,8.659,8.43,8.628,9.722,8.461,8.131,7.833,8.065,7.65,7.351,6.967,6.462,7.171,8.356,7.729,8.294,8.823,7.554,7.643
1930.03,15,8.74,7.801,9.031,7.758,8.674,8.383,8.585,9.692,8.47,8.15,7.729,8.029,7.644,7.421,6.931,6.408,7.091,8.326,7.739,8.254,8.884,7.525,7.62
1931.03,15,8.733,7.814,9.008,7.689,8.737,8.393,8.572,9.632,8.494,8.131,7.772,8.015,7.717,7.41,7.005,6.394,7.159,8.405,7.758,8.219,8.858,7.525,7.6
1932.03,15,8.707,7.864,9.022,7.762,8.629,8.43,8.571,9.729,8.472,8.109,7.856,8.023,7.624,7.374,6.879,6.426,7.146,8.345,7.807,8.251,8.798,7.574,7.606
1933.03,15,8.661,7.811,8.979,7.675,8.681,8.422,8.596,9.647,8.465,8.099,7.822,8.017,7.614,7.408,6.934,6.42,7.183,8.361,7.737,8.29,8.876,7.57,7.668
1934.03,15,8.742,7.863,8.983,7.711,8.756,8.368,8.603,9.694,8.457,8.088,7.76,7.972,7.687,7.375,6.93,6.403,7.06,8.324,7.749,8.273,8.855,7.61,7.637
1935.03,15,8.722,7.838,8.976,7.785,8.646,8.402,8.623,9.716,8.459,8.134,7.804,7.991,7.642,7.369,6.957,6.398,7.122,8.359,7.756,8.281,8.903,7.6,7.612
1936.03,15,8.715,7.833,8.98,7.738,8.617,8.354,8.63,9.676,8.475,8.027,7.863,8.001,7.657,7.381,6.885,6.392,7.097,8.361,7.709,8.211,8.78,7.559,7.652
1937.03,15,8.699,7.758,9.015,7.67,8.657,8.393,8.619,9.695,8.424,8.094,7.802,8.009,7.567,7.376,6.941,6.352,7.111,8.341,7.758,8.23,8.872,7.501,7.657
1938.03,15,8.77,7.81,8.961,7.836,8.7,8.371,8.575,9.675,8.501,8.118,7.759,7.99,7.655,7.405,6.985,6.347,7.165,8.308,7.761,8.153,8.821,7.581,7.601
1939.03,15,8.683,7.911,8.971,7.739,8.666,8.385,8.631,9.64,8.494,8.153,7.788,8.042,7.703,7.341,6.938,6.42,7.156,8.329,7.858,8.246,8.791,7.581,7.596
1940.03,15,8.767,7.82,8.982,7.731,8.653,8.419,8.584,9.688,8.508,8.062,7.802,8.019,7.642,7.349,6.979,6.482,7.068,8.307,7.797,8.212,8.869,7.542,7.622
1941.03,15,8.711,7.869,8.988,7.714,8.66,8.381,8.538,9.643,8.43,8.094,7.777,8.02,7.699,7.347,6.944,6.371,7.19,8.313,7.801,8.248,8.86,7.525,7.614
1942.03,15,8.737,7.799,8.99,7.761,8.711,8.41,8.592,9.678,8.429,8.109,7.808,8.005,7.583,7.394,6.92,6.388,7.151,8.33,7.824,8.244,8.853,7.514,7.608
1943.03,15,8.755,7.867,9.009,7.7,8.69,8.371,8.539,9.648,8.383,8.054,7.826,8.017,7.644,7.498,6.893,6.316,7.058,8.288,7.736,8.253,8.79,7.522,7.696
1944.03,15,8.667,7.849,9.003,7.723,8.673,8.43,8.51,9.75,8.46,8.111,7.725,8.024,7.679,7.393,6.924,6.361,7.142,8.326,7.768,8.315,8.826,7.562,7.623
1945.03,15,8.668,7.786,9.036,7.707,8.655,8.399,8.618,9.646,8.437,8.105,7.797,7.973,7.674,7.45,6.909,6.4,7.08,8.35,7.734,8.226,8.828,7.566,7.67
1946.03,15,8.686,7.831,9.026,7.743,8.719,8.354,8.542,9.667,8.44,8.121,7.766,7.996,7.693,7.451,6.918,6.379,7.092,8.319,7.752,8.226,8.895,7.509,7.629
1947.03,15,8.708,7.814,9.009,7.713,8.598,8.367,8.541,9.624,8.455,8.099,7.758,8.067,7.632,7.376,6.936,6.395,7.103,8.341,7.749,8.255,8.827,7.555,7.629
1948.03,15,8.723,7.83,9.014,7.669,8.64,8.4,8.515,9.686,8.384,8.02,7.807,7.919,7.611,7.351,6.911,6.373,7.135,8.228,7.728,8.252,8.929,7.522,7.607
1949.03,15,8.751,7.781,8.99,7.708,8.627,8.301,8.6,9.686,8.402,8.118,7.81,7.97,7.705,7.362,6.902,6.388,7.124,8.299,7.737,8.197,8.873,7.525,7.628
1950.03,15,8.722,7.861,8.994,7.729,8.68,8.357,8.542,9.678,8.422,8.048,7.786,7.964,7.606,7.292,6.935,6.358,7.065,8.272,7.734,8.195,8.863,7.549,7.624
1951.03,15,8.73,7.793,8.933,7.682,8.698,8.389,8.572,9.722,8.401,8.084,7.738,7.961,7.737,7.4,6.939,6.313,7.093,8.348,7.781,8.238,8.817,7.572,7.618
1952.03,15,8.8,7.853,8.866,7.724,8.626,8.451,8.568,9.658,8.479,8.093,7.688,8.069,7.667,7.353,6.894,6.371,7.166,8.304,7.761,8.189,8.828,7.579,7.565
1953.03,15,8.721,7.845,9.061,7.751,8.632,8.385,8.514,9.652,8.478,8.108,7.824,7.939,7.609,7.351,6.932,6.384,7.17,8.344,7.721,8.24,8.836,7.525,7.652
1954.03,15,8.625,7.842,8.971,7.721,8.651,8.317,8.549,9.597,8.484,8.045,7.802,8.053,7.656,7.393,6.911,6.396,7.061,8.241,7.754,8.299,8.85,7.544,7.56
1955.03,15,8.714,7.837,8.97,7.776,8.663,8.411,8.594,9.645,8.477,8.172,7.782,8.049,7.646,7.318,6.854,6.371,7.077,8.327,7.729,8.304,8.806,7.57,7.665
1956.03,15,8.674,7.837,8.992,7.755,8.621,8.402,8.495,9.625,8.455,8.078,7.783,7.903,7.685,7.346,6.905,6.381,7.079,8.293,7.757,8.255,8.853,7.577,7.629
1957.03,15,8.739,7.83,8.977,7.767,8.668,8.382,8.554,9.697,8.465,8.089,7.723,8.017,7.576,7.363,6.91,6.386,7.168,8.394,7.717,8.26,8.79,7.516,7.624
1958.03,15,8.685,7.868,8.971,7.683,8.649,8.318,8.512,9.641,8.414,8.144,7.799,8.021,7.612,7.369,6.897,6.355,7.136,8.232,7.744,8.251,8.849,7.527,7.576
1959.03,15,8.68,7.822,8.963,7.689,8.657,8.404,8.556,9.639,8.506,8.097,7.735,7.95,7.626,7.357,6.859,6.385,7.097,8.309,7.766,8.248,8.82,7.578,7.612
1960.03,15,8.732,7.806,8.932,7.725,8.663,8.352,8.557,9.568,8.517,8.046,7.791,7.97,7.662,7.38,6.878,6.377,7.119,8.319,7.79,8.264,8.842,7.559,7.627
1961.03,15,8.752,7.857,8.956,7.674,8.665,8.415,8.558,9.579,8.432,8.064,7.748,7.935,7.708,7.388,6.918,6.357,7.167,8.293,7.792,8.235,8.777,7.574,7.667
1962.03,15,8.695,7.747,8.942,7.681,8.635,8.347,8.549,9.675,8.414,8.093,7.756,8.017,7.683,7.369,6.867,6.329,7.046,8.368,7.741,8.218,8.833,7.602,7.677
1963.03,15,8.68,7.831,8.953,7.745,8.639,8.333,8.548,9.649,8.433,8.035,7.816,7.992,7.686,7.368,6.902,6.388,7.049,8.305,7.748,8.197,8.862,7.56,7.573
1964.03,15,8.717,7.836,8.992,7.701,8.608,8.344,8.537,9.632,8.425,8.084,7.789,8.006,7.637,7.386,6.893,6.403,7.106,8.325,7.712,8.146,8.779,7.542,7.653
1965.03,15,8.685,7.875,9.006,7.725,8.631,8.377,8.545,9.689,8.389,8.138,7.757,7.977,7.678,7.372,6.9,6.37,7.138,8.328,7.805,8.222,8.874,7.45,7.576
1966.03,15,8.668,7.853,8.956,7.703,8.642,8.37,8.603,9.727,8.423,8.091,7.784,8.042,7.65,7.273,6.936,6.372,7.124,8.353,7.774,8.228,8.843,7.572,7.607
1967.03,15,8.732,7.831,8.991,7.665,8.62,8.326,8.568,9.703,8.478,8.048,7.772,7.928,7.622,7.398,6.96,6.339,7.102,8.347,7.723,8.188,8.869,7.513,7.628
1968.03,15,8.684,7.802,8.945,7.735,8.642,8.363,8.532,9.69,8.433,8.119,7.81,7.989,7.616,7.273,6.908,6.367,7.11,8.275,7.704,8.163,8.848,7.549,7.637
1969.03,15,8.655,7.786,8.954,7.678,8.726,8.332,8.546,9.688,8.46,8.107,7.795,7.962,7.678,7.328,6.924,6.322,7.112,8.327,7.802,8.232,8.852,7.482,7.588
1970.03,15,8.738,7.772,8.944,7.754,8.637,8.384,8.546,9.655,8.39,8.089,7.759,8.004,7.592,7.408,6.879,6.368,7.118,8.324,7.75,8.228,8.897,7.493,7.596
1971.03,15,8.722,7.783,9.019,7.719,8.681,8.413,8.546,9.661,8.418,8.068,7.812,7.996,7.661,7.313,6.916,6.328,7.154,8.271,7.776,8.223,8.813,7.536,7.62
1972.03,15,8.729,7.714,9.029,7.761,8.692,8.318,8.539,9.595,8.445,8.112,7.705,7.894,7.662,7.323,6.857,6.354,7.079,8.298,7.742,8.188,8.812,7.501,7.636
1973.03,15,8.733,7.916,9.009,7.728,8.64,8.375,8.507,9.673,8.385,8.102,7.749,7.967,7.621,7.376,6.895,6.371,7.116,8.325,7.743,8.15,8.839,7.588,7.648
1974.03,15,8.748,7.81,8.961,7.666,8.672,8.3,8.544,9.689,8.435,8.038,7.782,7.994,7.642,7.385,6.8,6.322,7.143,8.34,7.737,8.254,8.819,7.491,7.575
1975.03,15,8.699,7.823,8.955,7.711,8.657,8.307,8.528,9.624,8.511,8.075,7.751,8.008,7.679,7.354,6.877,6.361,7.136,8.253,7.69,8.27,8.84,7.509,7.658
1976.03,15,8.715,7.822,8.985,7.751,8.59,8.384,8.55,9.632,8.404,8.044,7.739,7.97,7.681,7.325,6.871,6.307,7.126,8.279,7.733,8.224,8.804,7.543,7.595
1977.03,15,8.663,7.75,8.942,7.724,8.638,8.367,8.552,9.681,8.384,8.067,7.759,8.008,7.66,7.38,6.892,6.338,7.11,8.376,7.678,8.282,8.87,7.548,7.571
1978.03,15,8.69,7.809,8.924,7.684,8.69,8.279,8.574,9.66,8.438,8.139,7.77,7.927,7.638,7.325,6.932,6.356,7.086,8.353,7.727,8.245,8.884,7.56,7.628
1979.03,15,8.667,7.853,8.943,7.634,8.699,8.235,8.554,9.675,8.424,8.049,7.749,7.941,7.608,7.337,6.901,6.362,7.108,8.264,7.682,8.219,8.804,7.477,7.604
1980.03,15,8.694,7.831,8.962,7.652,8.638,8.368,8.54,9.658,8.452,8.119,7.748,7.967,7.609,7.276,6.867,6.374,7.124,8.289,7.715,8.245,8.858,7.541,7.602
1981.03,15,8.661,7.817,8.998,7.742,8.543,8.394,8.583,9.639,8.4,8.05,7.717,7.947,7.606,7.35,6.923,6.349,7.116,8.387,7.711,8.24,8.81,7.611,7.605
1982.03,15,8.637,7.83,8.942,7.715,8.655,8.305,8.488,9.627,8.391,8.092,7.7,7.977,7.639,7.377,6.905,6.361,7.098,8.32,7.72,8.197,8.797,7.543,7.622
1983.03,15,8.727,7.814,8.937,7.668,8.686,8.374,8.565,9.6,8.359,8.064,7.727,7.961,7.611,7.372,6.892,6.366,7.056,8.291,7.717,8.195,8.849,7.55,7.612
1984.03,15,8.692,7.794,8.91,7.638,8.662,8.342,8.561,9.677,8.385,8.066,7.71,7.988,7.632,7.303,6.857,6.403,7.057,8.284,7.746,8.213,8.88,7.522,7.571
1985.03,15,8.692,7.809,9.02,7.716,8.621,8.361,8.57,9.637,8.404,8.051,7.816,7.933,7.7,7.321,6.889,6.382,7.073,8.28,7.665,8.221,8.808,7.529,7.607
1986.03,15,8.713,7.789,8.937,7.633,8.567,8.371,8.581,9.644,8.437,8.079,7.775,7.933,7.668,7.323,6.838,6.41,7.096,8.352,7.731,8.272,8.857,7.529,7.618
1987.03,15,8.661,7.749,8.955,7.732,8.634,8.357,8.553,9.619,8.366,8.087,7.757,7.988,7.657,7.34,6.799,6.367,7.171,8.26,7.691,8.18,8.827,7.52,7.642
1988.03,15,8.632,7.753,8.883,7.68,8.641,8.356,8.575,9.608,8.441,8.016,7.719,7.938,7.661,7.295,6.848,6.359,7.025,8.318,7.722,8.213,8.783,7.577,7.623
1989.03,15,8.665,7.801,8.95,7.668,8.637,8.419,8.524,9.656,8.44,8.064,7.74,8.007,7.648,7.295,6.874,6.372,7.127,8.269,7.741,8.2,8.825,7.536,7.554
1990.03,15,8.71,7.764,8.906,7.685,8.586,8.265,8.455,9.601,8.377,8.06,7.742,7.947,7.65,7.392,6.874,6.353,7.107,8.288,7.748,8.213,8.797,7.548,7.589
1991.03,15,8.675,7.841,9.04,7.661,8.601,8.382,8.588,9.597,8.428,8.048,7.691,8.038,7.613,7.346,6.894,6.396,7.078,8.394,7.681,8.184,8.783,7.484,7.62
1992.03,15,8.67,7.77,8.829,7.59,8.679,8.36,8.557,9.613,8.402,8.059,7.799,8.003,7.632,7.322,6.883,6.345,7.11,8.391,7.773,8.263,8.837,7.526,7.664
1993.03,15,8.68,7.849,8.916,7.706,8.651,8.372,8.554,9.608,8.323,8.062,7.72,8.001,7.694,7.265,6.812,6.317,7.083,8.25,7.738,8.205,8.789,7.531,7.551
1994.03,15,8.656,7.733,8.914,7.625,8.586,8.325,8.523,9.594,8.416,8.045,7.716,7.939,7.61,7.343,6.851,6.361,7.152,8.324,7.702,8.166,8.811,7.552,7.618
1995.03,15,8.667,7.853,8.956,7.691,8.606,8.428,8.51,9.685,8.407,8.04,7.71,7.919,7.676,7.314,6.819,6.333,7.147,8.327,7.73,8.18,8.948,7.531,7.665
1996.03,15,8.729,7.754,8.945,7.748,8.612,8.392,8.577,9.644,8.396,8.09,7.781,7.955,7.667,7.28,6.857,6.348,7.057,8.311,7.754,8.245,8.881,7.593,7.618
1997.03,15,8.697,7.738,8.917,7.765,8.548,8.287,8.551,9.638,8.424,7.988,7.71,7.968,7.608,7.333,6.825,6.31,7.093,8.337,7.738,8.15,8.836,7.493,7.561
1998.03,15,8.588,7.765,8.94,7.71,8.674,8.392,8.545,9.746,8.403,8.057,7.744,7.967,7.619,7.238,6.857,6.352,7.034,8.253,7.695,8.147,8.807,7.466,7.5
1999.03,15,8.671,7.784,8.988,7.719,8.643,8.344,8.596,9.718,8.388,8.098,7.761,7.912,7.632,7.321,6.885,6.361,7.112,8.293,7.755,8.221,8.873,7.488,7.609
2000.03,15,8.664,7.73,8.886,7.626,8.672,8.397,8.577,9.655,8.41,8.063,7.685,7.954,7.53,7.316,6.871,6.454,7.057,8.313,7.736,8.172,8.863,7.561,7.617
2001.03,15,8.675,7.776,8.911,7.703,8.639,8.304,8.519,9.62,8.403,8.082,7.708,7.91,7.637,7.339,6.887,6.316,7.097,8.308,7.712,8.264,8.807,7.522,7.632
2002.03,15,8.643,7.803,8.951,7.671,8.576,8.347,8.6,9.622,8.349,8.139,7.784,7.948,7.608,7.288,6.841,6.371,7.107,8.299,7.731,8.256,8.834,7.566,7.593
2003.03,15,8.688,7.748,8.931,7.667,8.639,8.335,8.614,9.659,8.401,8.061,7.766,7.991,7.702,7.315,6.841,6.275,7.098,8.343,7.706,8.203,8.859,7.519,7.619
2004.03,15,8.732,7.768,8.962,7.688,8.566,8.372,8.487,9.605,8.386,8.058,7.724,7.983,7.663,7.282,6.929,6.362,7.09,8.26,7.702,8.134,8.815,7.505,7.533
2005.03,15,8.652,7.739,8.91,7.711,8.553,8.341,8.54,9.696,8.336,8.132,7.767,7.924,7.667,7.274,6.784,6.289,7.092,8.322,7.737,8.168,8.833,7.531,7.624
2006.03,15,8.622,7.788,8.929,7.66,8.672,8.32,8.525,9.592,8.349,8.083,7.717,7.981,7.629,7.338,6.817,6.287,7.085,8.272,7.74,8.129,8.827,7.547,7.601
2007.03,15,8.628,7.781,8.926,7.665,8.536,8.316,8.538,9.599,8.38,8.019,7.81,7.887,7.625,7.294,6.908,6.365,7.124,8.257,7.695,8.166,8.851,7.514,7.654
2008.03,15,8.674,7.803,8.964,7.646,8.569,8.341,8.476,9.566,8.431,8.106,7.731,7.955,7.581,7.279,6.818,6.289,7.036,8.269,7.734,8.217,8.763,7.5,7.554
2009.03,15,8.694,7.753,8.97,7.712,8.601,8.37,8.536,9.7,8.395,8.07,7.758,7.951,7.636,7.328,6.855,6.352,7.075,8.275,7.782,8.192,8.845,7.523,7.625
2010.03,15,8.669,7.804,8.941,7.696,8.605,8.32,8.506,9.599,8.398,8.002,7.666,7.977,7.569,7.366,6.873,6.297,7.127,8.302,7.739,8.203,8.84,7.489,7.643
2011.03,15,8.684,7.837,9.001,7.711,8.609,8.364,8.498,9.627,8.361,8.103,7.769,7.866,7.662,7.345,6.789,6.309,7.112,8.286,7.769,8.225,8.761,7.521,7.546
2012.03,15,8.604,7.761,8.937,7.75,8.597,8.239,8.538,9.615,8.392,8.046,7.737,7.873,7.571,7.32,6.843,6.344,7.06,8.274,7.731,8.154,8.855,7.494,7.587
2013.03,15,8.609,7.753,8.938,7.704,8.548,8.294,8.523,9.626,8.424,8.063,7.706,7.915,7.626,7.348,6.867,6.377,7.074,8.284,7.744,8.191,8.829,7.473,7.542
2014.03,15,8.677,7.744,8.912,7.738,8.658,8.359,8.544,9.572,8.409,8.1,7.715,7.932,7.654,7.276,6.806,6.303,7.101,8.226,7.777,8.205,8.806,7.529,7.543
2015.03,15,8.671,7.787,8.965,7.632,8.608,8.263,8.563,9.59,8.385,8.084,7.718,7.884,7.681,7.36,6.881,6.378,7.118,8.232,7.669,8.177,8.858,7.5,7.601
2016.03,15,8.601,7.768,8.921,7.691,8.641,8.305,8.566,9.621,8.381,8.064,7.783,7.904,7.59,7.291,6.809,6.302,7.014,8.289,7.715,8.234,8.819,7.496,7.581
2017.03,15,8.679,7.715,8.925,7.74,8.665,8.313,8.532,9.629,8.281,8.05,7.734,7.949,7.639,7.328,6.835,6.327,7.065,8.224,7.714,8.234,8.841,7.518,7.625
2018.03,15,8.636,7.782,8.944,7.685,8.623,8.319,8.49,9.618,8.385,8.09,7.724,7.936,7.576,7.304,6.829,6.309,7.094,8.256,7.736,8.16,8.794,7.468,7.618
2019.03,15,8.682,7.757,8.857,7.645,8.627,8.324,8.558,9.698,8.319,8.074,7.62,7.956,7.6,7.365,6.85,6.311,7.064,8.257,7.746,8.182,8.842,7.491,7.613
2020.03,15,8.566,7.791,8.905,7.708,8.602,8.313,8.524,9.575,8.385,8.074,7.731,7.931,7.669,7.312,6.832,6.246,7.061,8.303,7.772,8.19,8.841,7.52,7.508
2021.03,15,8.617,7.763,8.918,7.684,8.624,8.34,8.583,9.672,8.366,8.1,7.697,7.984,7.649,7.338,6.841,6.334,7.126,8.19,7.742,8.226,8.815,7.528,7.574
2022.03,15,8.722,7.767,8.918,7.681,8.647,8.305,8.555,9.631,8.307,8.035,7.724,7.911,7.649,7.29,6.841,6.302,7.077,8.235,7.709,8.203,8.8,7.527,7.559
2023.03,15,8.69,7.764,8.941,7.661,8.664,8.317,8.529,9.564,8.412,8.088,7.708,7.982,7.572,7.305,6.87,6.355,7.073,8.316,7.7,8.115,8.823,7.504,7.634
2024.03,15,8.661,7.704,8.924,7.65,8.645,8.271,8.588,9.611,8.37,8.085,7.807,7.917,7.643,7.231,6.855,6.308,7.044,8.332,7.717,8.219,8.764,7.501,7.609
2025.03,15,8.603,7.782,8.85,7.673,8.573,8.32,8.463,9.613,8.325,8.021,7.713,7.952,7.609,7.289,6.857,6.25,7.048,8.264,7.732,8.222,8.794,7.47,7.616
2026.03,15,8.642,7.764,8.954,7.664,8.597,8.289,8.575,9.605,8.377,7.987,7.674,7.904,7.633,7.28,6.778,6.284,7.086,8.266,7.784,8.219,8.791,7.554,7.567
2027.03,15,8.649,7.751,8.845,7.65,8.608,8.429,8.46,9.582,8.361,8.015,7.691,7.964,7.63,7.28,6.837,6.242,7.048,8.289,7.705,8.175,8.828,7.562,7.545
2028.03,15,8.583,7.754,8.955,7.641,8.579,8.293,8.498,9.654,8.401,8.073,7.685,7.925,7.639,7.255,6.808,6.249,7.079,8.264,7.742,8.169,8.83,7.493,7.541
2029.03,15,8.595,7.727,8.874,7.704,8.617,8.283,8.553,9.59,8.415,8.023,7.67,7.969,7.608,7.251,6.798,6.376,7.074,8.288,7.772,8.18,8.73,7.504,7.554
2030.03,15,8.618,7.754,8.937,7.605,8.585,8.325,8.508,9.592,8.398,8.049,7.734,7.93,7.608,7.307,6.834,6.284,7.075,8.292,7.707,8.175,8.824,7.496,7.657
2031.03,15,8.606,7.696,8.886,7.631,8.585,8.338,8.495,9.579,8.309,8.047,7.772,7.938,7.545,7.307,6.851,6.303,7.105,8.33,7.696,8.2,8.885,7.471,7.568
2032.03,15,8.604,7.737,8.937,7.663,8.559,8.324,8.557,9.608,8.383,8.035,7.719,7.902,7.546,7.326,6.885,6.322,7.098,8.22,7.676,8.181,8.782,7.513,7.567
2033.03,15,8.65,7.813,8.947,7.647,8.593,8.333,8.524,9.635,8.376,8.072,7.686,7.909,7.619,7.316,6.817,6.311,7.039,8.387,7.7,8.175,8.79,7.449,7.646
2034.03,15,8.65,7.735,8.913,7.661,8.581,8.294,8.546,9.616,8.329,7.989,7.698,7.934,7.561,7.25,6.807,6.282,7.07,8.284,7.792,8.177,8.854,7.51,7.605
2035.03,15,8.693,7.705,8.897,7.647,8.587,8.318,8.507,9.596,8.379,8.027,7.669,7.933,7.586,7.261,6.789,6.274,7.065,8.328,7.75,8.241,8.858,7.557,7.591
2036.03,15,8.595,7.809,8.939,7.677,8.611,8.304,8.526,9.586,8.295,8.03,7.659,7.919,7.625,7.34,6.808,6.29,7.065,8.328,7.719,8.193,8.883,7.521,7.581
2037.03,15,8.631,7.723,8.894,7.689,8.577,8.307,8.567,9.614,8.377,8.028,7.738,7.944,7.626,7.34,6.757,6.273,6.98,8.316,7.719,8.142,8.827,7.533,7.576
2038.03,15,8.567,7.733,8.889,7.658,8.542,8.292,8.544,9.603,8.424,8.015,7.696,7.9,7.602,7.3,6.825,6.284,7.09,8.219,7.761,8.128,8.795,7.496,7.579
2039.03,15,8.632,7.713,8.858,7.653,8.635,8.293,8.509,9.624,8.388,8.086,7.702,7.93,7.564,7.32,6.845,6.364,7.076,8.212,7.757,8.15,8.837,7.457,7.591
2040.03,15,8.656,7.78,8.867,7.634,8.563,8.308,8.525,9.61,8.376,8.023,7.671,7.876,7.61,7.284,6.86,6.339,7.024,8.271,7.687,8.219,8.831,7.503,7.582
2041.03,15,8.599,7.708,8.903,7.628,8.602,8.334,8.526,9.601,8.332,7.997,7.629,7.91,7.535,7.242,6.852,6.286,7.064,8.25,7.695,8.221,8.904,7.506,7.6
2042.03,15,8.669,7.759,8.904,7.622,8.642,8.29,8.558,9.575,8.344,8.031,7.662,7.902,7.639,7.265,6.814,6.286,7.062,8.26,7.703,8.205,8.803,7.483,7.613
2043.03,15,8.628,7.733,8.878,7.66,8.6,8.305,8.526,9.668,8.37,8.085,7.641,7.97,7.57,7.306,6.832,6.31,7.071,8.333,7.715,8.198,8.846,7.479,7.565
2044.03,15,8.628,7.681,8.834,7.715,8.495,8.27,8.573,9.632,8.388,8.069,7.694,7.92,7.591,7.19,6.754,6.328,7.075,8.277,7.723,8.22,8.808,7.525,7.569
2045.03,15,8.647,7.711,8.952,7.695,8.625,8.292,8.509,9.616,8.389,8.031,7.753,7.894,7.587,7.29,6.739,6.329,7.115,8.265,7.696,8.222,8.84,7.487,7.592
2046.03,15,8.658,7.774,8.996,7.607,8.616,8.311,8.531,9.586,8.313,8.035,7.641,7.894,7.594,7.213,6.793,6.322,7.113,8.257,7.786,8.194,8.815,7.516,7.586
2047.03,15,8.644,7.724,8.973,7.673,8.571,8.315,8.503,9.587,8.288,8.023,7.705,7.88,7.584,7.2,6.773,6.284,7.122,8.273,7.711,8.25,8.844,7.475,7.579
2048.03,15,8.623,7.731,8.853,7.635,8.538,8.238,8.519,9.501,8.326,8.06,7.684,7.906,7.577,7.333,6.833,6.275,7.039,8.264,7.743,8.199,8.818,7.462,7.564
2049.03,15,8.62,7.65,8.851,7.615,8.555,8.348,8.521,9.603,8.36,8.095,7.668,7.897,7.53,7.275,6.824,6.31,7.057,8.255,7.638,8.163,8.778,7.461,7.571
2050.03,15,8.591,7.704,8.943,7.63,8.597,8.279,8.575,9.525,8.399,8.052,7.72,7.803,7.615,7.308,6.827,6.313,7.079,8.324,7.713,8.139,8.775,7.482,7.582
2051.03,15,8.586,7.727,8.912,7.706,8.612,8.282,8.474,9.535,8.343,7.975,7.643,7.923,7.67,7.296,6.886,6.277,7.003,8.215,7.689,8.177,8.795,7.504,7.618
2052.03,15,8.679,7.643,8.835,7.608,8.598,8.239,8.474,9.581,8.355,8.015,7.738,7.885,7.593,7.255,6.768,6.31,7.112,8.269,7.742,8.161,8.793,7.473,7.535
2053.03,15,8.631,7.693,8.878,7.718,8.569,8.342,8.516,9.62,8.302,8.02,7.691,7.898,7.615,7.27,6.76,6.299,7.111,8.311,7.711,8.128,8.878,7.496,7.599
2054.03,15,8.609,7.773,8.925,7.724,8.493,8.284,8.5,9.588,8.322,8.061,7.64,7.899,7.609,7.251,6.831,6.339,7.042,8.325,7.686,8.204,8.756,7.479,7.597
2055.03,15,8.545,7.726,8.907,7.666,8.592,8.285,8.468,9.598,8.294,7.986,7.649,7.837,7.572,7.291,6.759,6.278,7.071,8.34,7.662,8.242,8.773,7.457,7.62
2056.03,15,8.682,7.706,8.866,7.685,8.573,8.305,8.49,9.606,8.328,8.048,7.586,7.923,7.673,7.279,6.782,6.33,7.084,8.292,7.672,8.161,8.824,7.5,7.589
2057.03,15,8.628,7.766,8.858,7.609,8.561,8.307,8.494,9.538,8.33,8.02,7.645,7.894,7.655,7.269,6.828,6.3,7.094,8.226,7.701,8.148,8.783,7.43,7.577
2058.03,15,8.619,7.725,8.885,7.572,8.622,8.31,8.54,9.603,8.305,8.049,7.683,7.884,7.64,7.256,6.762,6.218,7.046,8.271,7.722,8.124,8.855,7.435,7.567
2059.03,15,8.598,7.775,8.898,7.62,8.563,8.304,8.497,9.552,8.348,8.04,7.643,7.818,7.618,7.307,6.769,6.321,7.047,8.338,7.641,8.175,8.785,7.552,7.574
2060.03,15,8.658,7.698,8.892,7.638,8.57,8.306,8.501,9.605,8.308,8.053,7.575,7.881,7.579,7.207,6.8,6.231,7.026,8.313,7.715,8.147,8.793,7.495,7.563
2061.03,15,8.563,7.713,8.866,7.581,8.63,8.34,8.494,9.51,8.307,7.983,7.647,7.888,7.558,7.24,6.777,6.25,7.045,8.226,7.717,8.189,8.865,7.475,7.598
2062.03,15,8.593,7.689,8.818,7.696,8.583,8.285,8.518,9.562,8.32,7.974,7.608,7.858,7.665,7.25,6.791,6.275,7.004,8.242,7.656,8.169,8.782,7.479,7.501
2063.03,15,8.594,7.725,8.827,7.652,8.595,8.314,8.503,9.501,8.371,7.987,7.666,7.917,7.567,7.252,6.709,6.26,6.991,8.277,7.697,8.143,8.751,7.489,7.614
2064.03,15,8.601,7.659,8.826,7.648,8.588,8.289,8.521,9.569,8.431,8.029,7.624,7.911,7.584,7.205,6.832,6.298,7.056,8.253,7.641,8.135,8.792,7.462,7.577
2065.03,15,8.61,7.701,8.87,7.547,8.53,8.301,8.535,9.583,8.33,8,7.657,7.872,7.674,7.28,6.779,6.257,7.01,8.248,7.701,8.169,8.829,7.446,7.575
2066.03,15,8.621,7.767,8.878,7.674,8.53,8.222,8.483,9.582,8.303,8.017,7.698,7.883,7.642,7.283,6.799,6.242,7.011,8.284,7.775,8.141,8.755,7.504,7.5
2067.03,15,8.595,7.705,8.857,7.602,8.62,8.266,8.444,9.569,8.381,8.019,7.667,7.895,7.659,7.229,6.78,6.221,7.058,8.262,7.733,8.153,8.768,7.48,7.624
2068.03,15,8.546,7.668,8.906,7.651,8.598,8.339,8.439,9.582,8.339,8.017,7.695,7.866,7.573,7.263,6.784,6.257,7.055,8.244,7.689,8.188,8.793,7.43,7.583
2069.03,15,8.556,7.705,8.757,7.701,8.596,8.241,8.499,9.629,8.304,7.97,7.637,7.839,7.57,7.189,6.826,6.267,7.053,8.206,7.761,8.188,8.779,7.46,7.552
2070.03,15,8.634,7.671,8.909,7.619,8.609,8.252,8.463,9.665,8.297,8.006,7.629,7.947,7.599,7.28,6.754,6.302,7.087,8.277,7.707,8.191,8.788,7.446,7.578
2071.03,15,8.633,7.707,8.893,7.625,8.548,8.272,8.462,9.539,8.307,8.016,7.683,7.913,7.6,7.264,6.81,6.245,6.996,8.235,7.69,8.141,8.778,7.547,7.625
2072.03,15,8.637,7.696,8.875,7.642,8.558,8.205,8.468,9.58,8.266,7.952,7.64,7.847,7.555,7.205,6.722,6.226,7.03,8.289,7.696,8.174,8.905,7.405,7.624
2073.03,15,8.553,7.744,8.911,7.657,8.595,8.258,8.506,9.546,8.296,7.989,7.652,7.878,7.588,7.233,6.766,6.293,7.078,8.282,7.711,8.082,8.794,7.558,7.509
2074.03,15,8.626,7.707,8.88,7.652,8.518,8.269,8.52,9.541,8.325,8.066,7.684,7.909,7.57,7.325,6.776,6.245,7.085,8.317,7.723,8.151,8.826,7.45,7.541
2075.03,15,8.599,7.703,8.752,7.584,8.603,8.22,8.498,9.547,8.384,8.024,7.713,7.904,7.611,7.316,6.765,6.277,7.039,8.237,7.752,8.215,8.813,7.445,7.538
2076.03,15,8.559,7.677,8.833,7.688,8.563,8.279,8.471,9.6,8.315,7.951,7.658,7.844,7.591,7.25,6.76,6.177,7.111,8.3,7.695,8.18,8.833,7.449,7.588
2077.03,15,8.636,7.685,8.814,7.638,8.523,8.25,8.503,9.578,8.37,8.002,7.645,7.945,7.594,7.238,6.783,6.326,7.066,8.273,7.671,8.124,8.79,7.513,7.557
2078.03,15,8.6,7.799,8.895,7.642,8.597,8.32,8.471,9.542,8.368,7.976,7.617,7.838,7.591,7.243,6.759,6.275,7.007,8.258,7.736,8.139,8.838,7.405,7.602
2079.03,15,8.591,7.725,8.86,7.592,8.555,8.215,8.526,9.586,8.267,8.049,7.605,7.813,7.583,7.191,6.78,6.271,7.122,8.224,7.704,8.195,8.84,7.441,7.591
2080.03,15,8.671,7.688,8.786,7.702,8.543,8.26,8.441,9.562,8.245,7.986,7.663,7.879,7.621,7.219,6.79,6.267,6.994,8.254,7.646,8.144,8.784,7.397,7.537
2081.03,15,8.635,7.686,8.805,7.688,8.567,8.299,8.469,9.609,8.343,8.061,7.66,7.834,7.561,7.265,6.788,6.254,6.972,8.218,7.737,8.166,8.839,7.428,7.545
2082.03,15,8.634,7.74,8.898,7.633,8.569,8.238,8.469,9.569,8.368,7.991,7.686,7.831,7.563,7.229,6.824,6.299,7.021,8.258,7.672,8.112,8.792,7.394,7.581
2083.03,15,8.495,7.706,8.846,7.596,8.592,8.27,8.492,9.565,8.329,7.978,7.628,7.881,7.554,7.265,6.74,6.275,7.011,8.331,7.695,8.081,8.751,7.443,7.535
2084.03,15,8.572,7.7,8.797,7.646,8.55,8.305,8.509,9.496,8.343,8.007,7.66,7.907,7.596,7.231,6.825,6.303,7,8.244,7.688,8.158,8.802,7.499,7.553
2085.03,15,8.634,7.705,8.812,7.624,8.572,8.264,8.494,9.517,8.29,8.07,7.609,7.852,7.591,7.192,6.786,6.285,7.026,8.279,7.639,8.091,8.761,7.52,7.556
2086.03,15,8.614,7.619,8.835,7.62,8.564,8.245,8.434,9.521,8.39,8.038,7.579,7.897,7.54,7.28,6.761,6.222,7.034,8.264,7.77,8.127,8.787,7.417,7.538
2087.03,15,8.637,7.67,8.875,7.599,8.529,8.275,8.44,9.601,8.292,8.045,7.557,7.852,7.56,7.216,6.753,6.303,6.987,8.234,7.697,8.191,8.812,7.475,7.575
2088.03,15,8.516,7.705,8.873,7.56,8.539,8.204,8.414,9.571,8.319,7.99,7.623,7.876,7.527,7.233,6.764,6.288,7.018,8.267,7.687,8.123,8.759,7.528,7.557
2089.03,15,8.595,7.645,8.775,7.592,8.633,8.268,8.553,9.541,8.342,7.986,7.625,7.844,7.576,7.196,6.729,6.249,7.062,8.179,7.665,8.109,8.784,7.51,7.528
2090.03,15,8.618,7.714,8.819,7.659,8.528,8.212,8.552,9.544,8.324,8.042,7.628,7.908,7.577,7.221,6.831,6.297,7.033,8.226,7.651,8.158,8.761,7.427,7.633
2091.03,15,8.586,7.759,8.834,7.658,8.611,8.226,8.447,9.548,8.29,8.103,7.626,7.905,7.581,7.225,6.741,6.199,7.113,8.197,7.673,8.203,8.764,7.434,7.613
2092.03,15,8.55,7.674,8.933,7.581,8.548,8.324,8.455,9.608,8.297,7.999,7.615,7.909,7.672,7.214,6.698,6.218,7.032,8.226,7.666,8.143,8.861,7.466,7.557
2093.03,15,8.596,7.703,8.826,7.636,8.482,8.278,8.478,9.535,8.301,8.04,7.614,7.913,7.549,7.25,6.746,6.26,7.06,8.272,7.673,8.194,8.782,7.461,7.58
2094.03,15,8.578,7.616,8.861,7.645,8.548,8.277,8.501,9.528,8.305,7.909,7.666,7.824,7.596,7.168,6.742,6.253,7.026,8.283,7.631,8.174,8.815,7.468,7.519
2095.03,15,8.598,7.702,8.79,7.596,8.519,8.268,8.546,9.487,8.299,8.049,7.569,7.853,7.558,7.212,6.748,6.256,6.99,8.229,7.649,8.136,8.78,7.442,7.503
2096.03,15,8.608,7.676,8.803,7.607,8.536,8.316,8.478,9.543,8.263,7.973,7.625,7.909,7.507,7.205,6.723,6.229,7.025,8.253,7.663,8.154,8.794,7.483,7.539
2097.03,15,8.595,7.619,8.867,7.639,8.501,8.246,8.424,9.58,8.234,7.99,7.614,7.919,7.579,7.158,6.73,6.28,6.971,8.227,7.694,8.193,8.789,7.45,7.594
2098.03,15,8.556,7.662,8.864,7.656,8.513,8.223,8.534,9.593,8.301,8.049,7.6,7.852,7.562,7.173,6.849,6.247,7.002,8.306,7.635,8.117,8.725,7.508,7.491
2099.03,15,8.594,7.719,8.847,7.56,8.581,8.217,8.43,9.633,8.322,7.961,7.604,7.832,7.553,7.199,6.748,6.231,6.973,8.239,7.645,8.125,8.76,7.407,7.529
2100.03,15,8.56,7.716,8.843,7.565,8.528,8.268,8.404,9.588,8.3,7.966,7.585,7.851,7.614,7.164,6.826,6.222,7.031,8.274,7.582,8.155,8.818,7.471,7.553
2101.03,15,8.537,7.686,8.84,7.603,8.513,8.193,8.44,9.592,8.266,8.068,7.658,7.811,7.565,7.203,6.728,6.252,7.074,8.217,7.707,8.127,8.812,7.459,7.548
2102.03,15,8.567,7.658,8.86,7.573,8.567,8.255,8.482,9.562,8.287,8.027,7.68,7.946,7.552,7.197,6.828,6.208,7.028,8.246,7.676,8.169,8.821,7.429,7.563
2103.03,15,8.567,7.576,8.817,7.592,8.552,8.232,8.485,9.587,8.287,8.016,7.572,7.838,7.55,7.208,6.731,6.179,7.063,8.29,7.662,8.124,8.781,7.415,7.472
2104.03,15,8.606,7.663,8.786,7.637,8.558,8.204,8.493,9.605,8.27,8.035,7.699,7.853,7.573,7.182,6.674,6.244,6.976,8.22,7.714,8.177,8.796,7.465,7.55
2105.03,15,8.524,7.665,8.779,7.641,8.514,8.245,8.453,9.568,8.236,8.002,7.669,7.878,7.62,7.188,6.755,6.21,6.995,8.214,7.715,8.032,8.802,7.439,7.617
2106.03,15,8.576,7.664,8.85,7.604,8.523,8.236,8.476,9.5,8.339,7.957,7.623,7.869,7.554,7.262,6.749,6.176,7.035,8.259,7.758,8.183,8.728,7.443,7.583
2107.03,15,8.544,7.717,8.889,7.564,8.56,8.28,8.428,9.613,8.194,7.997,7.575,7.834,7.519,7.211,6.744,6.249,7.086,8.22,7.656,8.134,8.796,7.456,7.575
2108.03,15,8.523,7.671,8.801,7.668,8.542,8.251,8.481,9.582,8.308,8.025,7.583,7.839,7.546,7.224,6.659,6.208,6.991,8.287,7.628,8.162,8.793,7.445,7.568
2109.03,15,8.594,7.675,8.803,7.609,8.562,8.162,8.467,9.54,8.189,8.047,7.638,7.95,7.577,7.156,6.712,6.209,7.03,8.212,7.598,8.154,8.752,7.433,7.551
2110.03,15,8.57,7.685,8.816,7.515,8.526,8.215,8.492,9.549,8.282,8.062,7.622,7.823,7.575,7.233,6.762,6.242,7.028,8.256,7.665,8.175,8.715,7.441,7.544
2111.03,15,8.522,7.635,8.791,7.612,8.527,8.246,8.455,9.46,8.297,7.962,7.632,7.843,7.548,7.186,6.738,6.193,7.064,8.215,7.695,8.191,8.809,7.459,7.54
2112.03,15,8.588,7.682,8.746,7.607,8.548,8.244,8.469,9.618,8.297,8.01,7.575,7.907,7.595,7.186,6.741,6.226,7.043,8.208,7.664,8.076,8.786,7.383,7.612
2113.03,15,8.544,7.696,8.843,7.543,8.493,8.21,8.457,9.578,8.25,7.967,7.622,7.853,7.593,7.167,6.688,6.203,6.991,8.23,7.706,8.107,8.796,7.444,7.514
2114.03,15,8.562,7.687,8.793,7.61,8.556,8.188,8.399,9.625,8.311,8.007,7.675,7.863,7.611,7.223,6.7,6.258,7.139,8.274,7.638,8.083,8.791,7.419,7.533
2115.03,15,8.556,7.683,8.783,7.597,8.52,8.255,8.508,9.534,8.259,8.037,7.559,7.81,7.583,7.234,6.697,6.223,7.016,8.244,7.653,8.131,8.773,7.398,7.535
2116.03,15,8.557,7.677,8.883,7.589,8.526,8.227,8.504,9.567,8.261,8.005,7.65,7.872,7.569,7.177,6.717,6.219,6.99,8.245,7.618,8.13,8.773,7.419,7.535
2117.03,15,8.477,7.637,8.889,7.579,8.52,8.241,8.487,9.494,8.278,7.997,7.627,7.853,7.57,7.173,6.739,6.208,7.064,8.269,7.662,8.192,8.779,7.454,7.541
2118.03,15,8.612,7.643,8.854,7.645,8.543,8.206,8.5,9.614,8.292,8.039,7.587,7.774,7.531,7.146,6.722,6.153,7.028,8.206,7.607,8.101,8.827,7.438,7.472
2119.03,15,8.571,7.636,8.826,7.528,8.528,8.209,8.484,9.551,8.253,7.993,7.607,7.922,7.539,7.169,6.677,6.169,7.055,8.282,7.68,8.216,8.768,7.413,7.497
2120.03,15,8.613,7.709,8.879,7.636,8.496,8.176,8.421,9.505,8.27,7.97,7.599,7.857,7.55,7.238,6.752,6.246,7.029,8.23,7.756,8.173,8.797,7.365,7.541
2121.03,15,8.587,7.664,8.779,7.582,8.508,8.223,8.359,9.536,8.322,7.97,7.601,7.774,7.568,7.176,6.707,6.231,6.978,8.196,7.639,8.141,8.811,7.41,7.553
2122.03,15,8.471,7.606,8.859,7.582,8.48,8.268,8.52,9.554,8.19,8.004,7.591,7.858,7.58,7.173,6.777,6.162,6.977,8.2,7.655,8.221,8.75,7.436,7.558
2123.03,15,8.573,7.657,8.803,7.545,8.505,8.212,8.473,9.561,8.233,7.973,7.557,7.797,7.542,7.171,6.659,6.174,7.006,8.198,7.681,8.117,8.774,7.456,7.524
2124.03,15,8.528,7.64,8.812,7.608,8.511,8.182,8.456,9.524,8.252,8.069,7.661,7.856,7.487,7.163,6.705,6.224,7.007,8.226,7.646,8.145,8.845,7.479,7.512
2125.03,15,8.539,7.599,8.822,7.569,8.567,8.15,8.393,9.599,8.251,7.965,7.558,7.802,7.479,7.228,6.664,6.256,6.955,8.211,7.694,8.134,8.724,7.425,7.505
2126.03,15,8.613,7.596,8.821,7.592,8.522,8.223,8.409,9.553,8.213,7.963,7.615,7.871,7.557,7.145,6.751,6.204,7.019,8.26,7.702,8.064,8.787,7.451,7.5
2127.03,15,8.529,7.682,8.793,7.596,8.518,8.203,8.496,9.517,8.224,7.989,7.623,7.814,7.545,7.152,6.745,6.184,7.001,8.169,7.571,8.112,8.762,7.488,7.576
2128.03,15,8.582,7.678,8.81,7.526,8.565,8.275,8.476,9.534,8.243,7.974,7.579,7.839,7.49,7.199,6.691,6.27,7.049,8.203,7.684,8.121,8.751,7.443,7.514
2129.03,15,8.534,7.704,8.788,7.578,8.53,8.185,8.448,9.54,8.232,7.984,7.595,7.833,7.461,7.168,6.728,6.209,7.07,8.279,7.746,8.077,8.741,7.472,7.497
2130.03,15,8.576,7.589,8.853,7.582,8.513,8.25,8.461,9.545,8.244,7.988,7.592,7.824,7.564,7.165,6.714,6.211,7.059,8.265,7.68,8.148,8.791,7.388,7.56
2131.03,15,8.538,7.623,8.733,7.607,8.561,8.236,8.423,9.543,8.234,7.969,7.581,7.878,7.523,7.145,6.657,6.194,7.018,8.283,7.611,8.133,8.789,7.433,7.555
2132.03,15,8.544,7.583,8.773,7.626,8.511,8.169,8.464,9.53,8.267,7.966,7.528,7.847,7.565,7.172,6.716,6.166,6.974,8.23,7.611,8.101,8.762,7.44,7.525
2133.03,15,8.577,7.658,8.821,7.599,8.537,8.238,8.459,9.578,8.248,7.999,7.523,7.871,7.617,7.198,6.704,6.212,7.008,8.164,7.656,8.162,8.761,7.452,7.572
2134.03,15,8.489,7.646,8.781,7.621,8.483,8.22,8.468,9.514,8.305,7.975,7.64,7.852,7.598,7.146,6.792,6.198,7.014,8.291,7.638,8.151,8.802,7.436,7.543
2135.03,15,8.495,7.657,8.749,7.623,8.459,8.246,8.491,9.455,8.243,8.011,7.516,7.87,7.536,7.134,6.719,6.185,7.027,8.209,7.612,8.13,8.815,7.484,7.543
2136.03,15,8.551,7.622,8.816,7.648,8.5,8.242,8.4,9.481,8.195,7.9,7.503,7.863,7.534,7.098,6.719,6.165,6.962,8.152,7.688,8.134,8.82,7.393,7.447
2137.03,15,8.522,7.745,8.827,7.662,8.541,8.125,8.413,9.545,8.205,7.996,7.536,7.86,7.556,7.131,6.674,6.166,7.019,8.217,7.66,8.199,8.748,7.429,7.518
2138.03,15,8.565,7.657,8.778,7.617,8.546,8.255,8.446,9.558,8.209,7.977,7.599,7.864,7.543,7.212,6.691,6.172,7.048,8.293,7.691,8.183,8.765,7.43,7.497
2139.03,15,8.518,7.633,8.79,7.558,8.528,8.202,8.414,9.489,8.21,7.958,7.621,7.862,7.532,7.165,6.685,6.127,6.989,8.227,7.675,8.12,8.777,7.441,7.511
2140.03,15,8.594,7.647,8.812,7.574,8.578,8.201,8.423,9.52,8.251,7.952,7.582,7.844,7.545,7.144,6.701,6.151,7.026,8.26,7.718,8.115,8.732,7.449,7.579
2141.03,15,8.555,7.688,8.803,7.543,8.532,8.198,8.431,9.498,8.251,7.936,7.594,7.776,7.596,7.219,6.69,6.261,6.988,8.173,7.684,8.107,8.773,7.461,7.506
2142.03,15,8.531,7.601,8.816,7.602,8.444,8.176,8.383,9.521,8.214,8.008,7.559,7.84,7.519,7.161,6.752,6.184,6.983,8.189,7.63,8.088,8.797,7.411,7.521
2143.03,15,8.527,7.635,8.841,7.603,8.445,8.277,8.481,9.571,8.241,7.965,7.609,7.848,7.568,7.23,6.731,6.145,7.037,8.294,7.592,8.162,8.79,7.443,7.544
2144.03,15,8.491,7.621,8.81,7.567,8.509,8.217,8.414,9.513,8.307,7.939,7.577,7.767,7.472,7.116,6.706,6.21,6.98,8.275,7.585,8.048,8.794,7.395,7.6
2145.03,15,8.596,7.688,8.796,7.586,8.581,8.25,8.396,9.533,8.296,7.99,7.613,7.81,7.541,7.185,6.675,6.216,7.039,8.312,7.649,8.133,8.744,7.435,7.529
2146.03,15,8.527,7.624,8.796,7.542,8.488,8.205,8.436,9.567,8.237,7.985,7.622,7.834,7.529,7.18,6.683,6.211,6.972,8.204,7.534,8.132,8.728,7.398,7.536
2147.03,15,8.478,7.595,8.875,7.632,8.504,8.172,8.493,9.563,8.214,7.939,7.563,7.789,7.573,7.148,6.714,6.18,6.996,8.189,7.653,8.111,8.733,7.486,7.55
2148.03,15,8.494,7.626,8.715,7.634,8.491,8.225,8.505,9.518,8.269,7.879,7.51,7.786,7.535,7.088,6.734,6.14,7.021,8.187,7.618,8.096,8.786,7.408,7.573
2149.03,15,8.558,7.636,8.766,7.575,8.533,8.232,8.417,9.469,8.238,7.968,7.574,7.804,7.582,7.152,6.675,6.202,7,8.18,7.638,8.076,8.779,7.443,7.528
2150.03,15,8.481,7.649,8.765,7.546,8.492,8.249,8.451,9.483,8.196,7.962,7.535,7.806,7.577,7.135,6.735,6.18,7.024,8.219,7.64,8.097,8.753,7.376,7.573
2151.03,15,8.53,7.626,8.769,7.626,8.485,8.231,8.401,9.53,8.213,8.067,7.533,7.846,7.585,7.139,6.636,6.193,7.005,8.28,7.611,8.19,8.835,7.375,7.557
2152.03,15,8.517,7.585,8.778,7.549,8.486,8.223,8.48,9.495,8.192,7.976,7.585,7.803,7.553,7.185,6.643,6.196,7.019,8.223,7.655,8.201,8.726,7.494,7.512
2153.03,15,8.525,7.622,8.864,7.586,8.464,8.177,8.463,9.479,8.279,7.981,7.54,7.8,7.465,7.171,6.64,6.151,7.004,8.239,7.679,8.047,8.709,7.421,7.49
2154.03,15,8.561,7.602,8.808,7.577,8.541,8.173,8.518,9.494,8.214,7.965,7.59,7.789,7.513,7.126,6.71,6.142,7.026,8.249,7.619,8.061,8.709,7.451,7.514
2155.03,15,8.457,7.669,8.84,7.539,8.432,8.221,8.462,9.501,8.295,7.973,7.544,7.824,7.548,7.066,6.685,6.16,6.937,8.221,7.651,8.125,8.794,7.429,7.495
2156.03,15,8.514,7.668,8.786,7.605,8.532,8.26,8.466,9.575,8.236,8.012,7.532,7.872,7.5,7.183,6.702,6.178,6.973,8.185,7.728,8.116,8.669,7.462,7.516
2157.03,15,8.534,7.674,8.804,7.528,8.487,8.161,8.433,9.524,8.203,7.94,7.528,7.857,7.57,7.126,6.63,6.164,6.977,8.217,7.665,8.121,8.773,7.414,7.435
2158.03,15,8.525,7.7,8.78,7.603,8.438,8.164,8.393,9.555,8.172,7.993,7.554,7.842,7.53,7.129,6.679,6.181,7.035,8.226,7.627,8.145,8.715,7.439,7.525
2159.03,15,8.484,7.625,8.808,7.581,8.511,8.183,8.507,9.523,8.196,7.959,7.553,7.777,7.537,7.118,6.672,6.103,7.035,8.267,7.712,8.1,8.757,7.423,7.511
2160.03,15,8.525,7.621,8.736,7.534,8.495,8.207,8.517,9.471,8.184,7.949,7.521,7.793,7.529,7.153,6.606,6.179,7.006,8.202,7.609,8.124,8.782,7.399,7.481
2161.03,15,8.463,7.585,8.779,7.538,8.517,8.197,8.448,9.449,8.161,7.973,7.615,7.818,7.526,7.093,6.694,6.159,7.029,8.276,7.66,8.077,8.819,7.364,7.492
2162.03,15,8.524,7.672,8.815,7.6,8.519,8.203,8.435,9.544,8.237,7.948,7.577,7.809,7.51,7.113,6.682,6.148,7.048,8.269,7.634,8.169,8.742,7.419,7.515
2163.03,15,8.501,7.648,8.749,7.583,8.502,8.171,8.476,9.457,8.194,8.032,7.613,7.787,7.601,7.181,6.667,6.201,6.998,8.169,7.674,8.133,8.734,7.398,7.519
2164.03,15,8.515,7.604,8.816,7.547,8.547,8.163,8.388,9.496,8.215,7.954,7.571,7.86,7.495,7.125,6.675,6.182,6.972,8.276,7.644,8.128,8.759,7.424,7.521
2165.03,15,8.547,7.594,8.763,7.559,8.506,8.207,8.382,9.454,8.215,7.982,7.599,7.816,7.534,7.1,6.656,6.253,6.957,8.155,7.693,8.061,8.768,7.366,7.523
2166.03,15,8.492,7.66,8.789,7.54,8.472,8.207,8.4,9.526,8.26,7.985,7.572,7.737,7.539,7.076,6.657,6.12,6.985,8.21,7.654,8.085,8.684,7.413,7.561
2167.03,15,8.447,7.575,8.719,7.584,8.519,8.165,8.45,9.504,8.183,7.934,7.51,7.759,7.553,7.123,6.699,6.223,7.048,8.266,7.635,8.15,8.717,7.429,7.528
2168.03,15,8.529,7.601,8.735,7.553,8.531,8.132,8.425,9.473,8.241,7.928,7.545,7.739,7.549,7.089,6.679,6.149,6.961,8.251,7.644,8.056,8.768,7.366,7.506
2169.03,15,8.576,7.616,8.699,7.545,8.5,8.155,8.4,9.44,8.188,8.023,7.533,7.8,7.516,7.147,6.66,6.145,6.997,8.208,7.609,8.065,8.696,7.407,7.528
2170.03,15,8.529,7.58,8.78,7.532,8.499,8.117,8.454,9.523,8.204,7.997,7.524,7.786,7.5,7.135,6.688,6.151,6.974,8.215,7.641,8.079,8.732,7.384,7.447
2171.03,15,8.549,7.579,8.763,7.609,8.507,8.158,8.439,9.536,8.165,8.012,7.54,7.787,7.532,7.107,6.681,6.165,7.025,8.182,7.647,8.095,8.804,7.374,7.537
2172.03,15,8.514,7.602,8.77,7.584,8.526,8.162,8.464,9.522,8.236,7.977,7.512,7.766,7.591,7.157,6.648,6.14,7.078,8.208,7.606,8.082,8.781,7.418,7.527
2173.03,15,8.557,7.577,8.782,7.592,8.521,8.171,8.403,9.518,8.26,7.949,7.506,7.79,7.553,7.108,6.678,6.161,6.985,8.225,7.647,8.083,8.771,7.367,7.428
2174.03,15,8.484,7.626,8.727,7.618,8.436,8.169,8.41,9.487,8.22,7.924,7.53,7.825,7.549,7.128,6.733,6.145,6.98,8.196,7.66,8.074,8.734,7.409,7.488
2175.03,15,8.6,7.661,8.741,7.517,8.481,8.219,8.445,9.558,8.222,7.932,7.532,7.853,7.566,7.066,6.639,6.117,6.939,8.174,7.619,8.059,8.668,7.387,7.526
2176.03,15,8.451,7.572,8.672,7.633,8.476,8.146,8.431,9.527,8.273,7.932,7.536,7.76,7.567,7.122,6.644,6.194,6.94,8.261,7.624,8.103,8.791,7.339,7.501
2177.03,15,8.485,7.564,8.753,7.491,8.475,8.156,8.446,9.495,8.242,7.906,7.539,7.776,7.5,7.093,6.653,6.222,7.012,8.214,7.668,8.134,8.735,7.391,7.48
2178.03,15,8.462,7.57,8.724,7.6,8.489,8.137,8.458,9.521,8.155,8.001,7.509,7.813,7.555,7.131,6.639,6.211,6.978,8.216,7.71,8.133,8.821,7.361,7.497
2179.03,15,8.494,7.571,8.696,7.56,8.494,8.148,8.431,9.501,8.157,7.977,7.608,7.847,7.565,7.128,6.655,6.175,6.938,8.24,7.622,8.098,8.74,7.369,7.481
2180.03,15,8.518,7.588,8.764,7.496,8.479,8.17,8.472,9.544,8.167,7.941,7.535,7.779,7.528,7.152,6.634,6.105,6.945,8.239,7.654,8.103,8.73,7.406,7.508
2181.03,15,8.494,7.58,8.721,7.572,8.485,8.116,8.393,9.501,8.208,7.925,7.552,7.831,7.57,7.154,6.632,6.09,6.983,8.183,7.609,8.111,8.724,7.38,7.524
2182.03,15,8.542,7.662,8.781,7.6,8.483,8.15,8.402,9.536,8.257,7.959,7.604,7.77,7.472,7.054,6.618,6.168,6.972,8.218,7.605,8.091,8.798,7.44,7.45
2183.03,15,8.485,7.599,8.718,7.562,8.474,8.139,8.366,9.494,8.191,7.889,7.536,7.731,7.535,7.114,6.617,6.123,6.968,8.184,7.635,8.051,8.755,7.356,7.527
2184.03,15,8.396,7.59,8.741,7.515,8.486,8.206,8.421,9.516,8.238,7.941,7.55,7.807,7.555,7.086,6.725,6.14,6.949,8.182,7.547,8.059,8.826,7.425,7.495
2185.03,15,8.46,7.604,8.732,7.547,8.515,8.176,8.403,9.462,8.242,7.898,7.551,7.798,7.523,7.124,6.656,6.17,6.92,8.198,7.63,8.099,8.755,7.405,7.534
2186.03,15,8.444,7.604,8.758,7.541,8.489,8.119,8.401,9.467,8.188,7.995,7.562,7.808,7.528,7.103,6.675,6.136,6.979,8.189,7.636,8.083,8.715,7.408,7.493
2187.03,15,8.449,7.578,8.713,7.524,8.447,8.12,8.396,9.47,8.213,7.996,7.557,7.743,7.51,7.124,6.63,6.222,6.957,8.177,7.634,8.075,8.745,7.436,7.483
2188.03,15,8.521,7.583,8.741,7.617,8.404,8.155,8.435,9.501,8.127,7.963,7.509,7.778,7.545,7.095,6.674,6.175,6.98,8.248,7.613,8.065,8.757,7.399,7.521
2189.03,15,8.506,7.59,8.771,7.539,8.451,8.135,8.394,9.478,8.17,7.898,7.495,7.8,7.539,7.119,6.686,6.098,6.956,8.201,7.647,8.026,8.845,7.423,7.456
2190.03,15,8.473,7.561,8.739,7.509,8.558,8.229,8.381,9.489,8.074,7.865,7.552,7.717,7.488,7.107,6.641,6.112,6.951,8.172,7.584,8.103,8.766,7.415,7.503
2191.03,15,8.443,7.554,8.767,7.563,8.556,8.163,8.445,9.48,8.218,7.989,7.521,7.748,7.511,7.095,6.625,6.153,6.962,8.235,7.593,8.085,8.732,7.435,7.485
2192.03,15,8.475,7.523,8.705,7.521,8.415,8.132,8.398,9.546,8.241,7.924,7.477,7.808,7.547,7.091,6.598,6.154,6.966,8.215,7.666,8.111,8.778,7.407,7.483
2193.03,15,8.499,7.57,8.687,7.547,8.498,8.203,8.378,9.549,8.147,7.886,7.5,7.788,7.55,7.1,6.603,6.166,6.977,8.188,7.592,8.076,8.784,7.381,7.526
2194.03,15,8.545,7.555,8.661,7.535,8.524,8.13,8.366,9.463,8.225,7.96,7.491,7.752,7.578,7.095,6.587,6.165,6.944,8.28,7.562,8.111,8.756,7.408,7.456
2195.03,15,8.448,7.575,8.725,7.557,8.453,8.124,8.408,9.455,8.127,7.974,7.507,7.784,7.544,7.118,6.638,6.047,6.994,8.167,7.608,8.121,8.731,7.418,7.439
2196.03,15,8.519,7.59,8.753,7.537,8.519,8.181,8.416,9.456,8.18,7.95,7.505,7.755,7.515,7.021,6.661,6.119,6.944,8.173,7.581,8.095,8.741,7.392,7.461
2197.03,15,8.418,7.551,8.734,7.537,8.508,8.149,8.406,9.507,8.244,7.945,7.477,7.804,7.576,7.092,6.63,6.123,6.885,8.163,7.614,8.135,8.717,7.368,7.557
2198.03,15,8.472,7.568,8.773,7.526,8.488,8.14,8.433,9.411,8.173,7.951,7.451,7.717,7.537,7.059,6.663,6.089,6.989,8.133,7.585,8.102,8.732,7.348,7.512
2199.03,15,8.399,7.565,8.729,7.547,8.472,8.163,8.399,9.455,8.194,7.957,7.537,7.763,7.536,7.089,6.647,6.122,7.004,8.129,7.597,8.128,8.705,7.423,7.474
2200.03,15,8.508,7.592,8.734,7.59,8.464,8.17,8.384,9.442,8.173,7.939,7.499,7.716,7.502,7.019,6.582,6.143,6.947,8.223,7.661,8.04,8.772,7.421,7.483
2201.03,15,8.523,7.651,8.675,7.562,8.57,8.202,8.384,9.451,8.198,7.951,7.506,7.789,7.553,7.027,6.565,6.149,6.928,8.158,7.6,8.079,8.776,7.38,7.529
2202.03,15,8.415,7.607,8.693,7.56,8.503,8.135,8.417,9.481,8.158,7.926,7.525,7.786,7.472,7.059,6.604,6.017,7.029,8.191,7.639,8.105,8.752,7.389,7.531
2203.03,15,8.553,7.526,8.716,7.579,8.458,8.201,8.415,9.464,8.169,7.967,7.521,7.785,7.515,7.087,6.572,6.123,7.007,8.224,7.646,8.074,8.804,7.46,7.466
2204.03,15,8.391,7.58,8.749,7.514,8.422,8.122,8.356,9.482,8.186,7.955,7.514,7.713,7.537,7.063,6.602,6.105,6.973,8.21,7.622,8.141,8.771,7.341,7.543
2205.03,15,8.47,7.526,8.651,7.514,8.508,8.154,8.449,9.437,8.162,7.954,7.512,7.811,7.487,7.052,6.646,6.084,6.942,8.179,7.624,8.03,8.82,7.377,7.463
2206.03,15,8.433,7.574,8.722,7.501,8.434,8.142,8.375,9.528,8.171,7.977,7.472,7.745,7.534,7.078,6.619,6.098,6.973,8.186,7.586,8.092,8.748,7.358,7.522
2207.03,15,8.459,7.595,8.722,7.585,8.449,8.19,8.442,9.387,8.217,7.854,7.487,7.779,7.467,7.128,6.602,6.101,6.995,8.101,7.639,8.082,8.736,7.398,7.428
2208.03,15,8.45,7.609,8.753,7.47,8.487,8.132,8.406,9.459,8.149,7.937,7.559,7.809,7.502,7.088,6.639,6.04,6.942,8.196,7.675,8.065,8.698,7.387,7.479
2209.03,15,8.491,7.576,8.779,7.576,8.454,8.124,8.381,9.429,8.145,7.922,7.562,7.742,7.556,7.08,6.603,6.077,6.991,8.209,7.601,8.076,8.721,7.365,7.497
2210.03,15,8.476,7.616,8.731,7.612,8.455,8.159,8.329,9.506,8.158,7.955,7.455,7.732,7.49,7.068,6.662,6.143,6.949,8.182,7.591,8.059,8.773,7.463,7.446
2211.03,15,8.444,7.516,8.73,7.571,8.423,8.06,8.337,9.453,8.196,7.92,7.473,7.73,7.544,7.077,6.549,6.087,6.945,8.148,7.652,8.075,8.721,7.432,7.449
2212.03,15,8.506,7.532,8.665,7.439,8.477,8.203,8.414,9.512,8.194,7.89,7.506,7.772,7.512,7.028,6.611,6.122,7.008,8.169,7.623,8.067,8.794,7.424,7.515
2213.03,15,8.456,7.578,8.69,7.545,8.47,8.114,8.397,9.499,8.209,7.901,7.518,7.717,7.539,7.039,6.559,6.066,7.052,8.17,7.557,8.08,8.767,7.354,7.448
2214.03,15,8.542,7.543,8.702,7.474,8.435,8.154,8.44,9.475,8.197,7.94,7.483,7.774,7.497,7.092,6.6,6.108,6.972,8.226,7.617,8.075,8.768,7.344,7.452
2215.03,15,8.472,7.594,8.787,7.541,8.474,8.184,8.362,9.441,8.162,7.917,7.491,7.789,7.558,7.045,6.609,6.059,6.909,8.235,7.57,8.075,8.705,7.392,7.447
2216.03,15,8.481,7.586,8.712,7.565,8.438,8.182,8.424,9.497,8.19,7.879,7.412,7.757,7.519,7.107,6.593,6.012,6.941,8.181,7.661,8.035,8.715,7.462,7.499
2217.03,15,8.531,7.504,8.745,7.564,8.455,8.175,8.378,9.412,8.199,7.911,7.415,7.727,7.464,7.015,6.606,6.142,6.937,8.191,7.583,8.108,8.693,7.387,7.458
2218.03,15,8.507,7.63,8.69,7.49,8.468,8.102,8.409,9.425,8.187,7.898,7.504,7.774,7.546,7.096,6.572,6.158,6.972,8.248,7.616,8.025,8.713,7.361,7.491
2219.03,15,8.521,7.582,8.67,7.553,8.473,8.082,8.408,9.502,8.15,7.882,7.372,7.798,7.541,7.101,6.666,6.079,6.932,8.202,7.65,8.039,8.754,7.399,7.507
2220.03,15,8.508,7.455,8.698,7.433,8.39,8.181,8.351,9.444,8.121,7.952,7.515,7.751,7.509,7.021,6.569,6.13,6.94,8.214,7.6,8.028,8.7,7.338,7.478
2221.03,15,8.426,7.632,8.802,7.542,8.477,8.133,8.381,9.499,8.179,7.869,7.459,7.737,7.54,7.077,6.619,6.097,6.946,8.17,7.633,8.094,8.763,7.368,7.488
2222.03,15,8.392,7.519,8.738,7.482,8.45,8.106,8.416,9.476,8.169,7.922,7.443,7.717,7.46,7.061,6.591,6.106,6.947,8.225,7.581,8.12,8.717,7.381,7.469
2223.03,15,8.42,7.582,8.767,7.518,8.354,8.199,8.41,9.467,8.131,7.932,7.504,7.762,7.504,7.041,6.597,6.101,6.984,8.119,7.576,8.07,8.715,7.301,7.488
2224.03,15,8.51,7.559,8.646,7.508,8.4,8.162,8.345,9.4,8.147,7.933,7.501,7.697,7.482,7.064,6.519,6.086,6.97,8.171,7.651,8.095,8.751,7.397,7.503
2225.03,15,8.467,7.517,8.633,7.499,8.434,8.116,8.36,9.394,8.071,7.919,7.461,7.715,7.498,7.048,6.556,6.107,6.932,8.214,7.601,8.061,8.736,7.377,7.423
2226.03,15,8.404,7.545,8.663,7.524,8.449,8.164,8.363,9.479,8.12,7.927,7.497,7.72,7.451,7.073,6.561,6.031,6.955,8.196,7.683,8.058,8.722,7.389,7.486
2227.03,15,8.405,7.517,8.64,7.558,8.463,8.121,8.399,9.475,8.148,7.848,7.453,7.765,7.595,7.008,6.572,6.077,6.942,8.18,7.612,8.059,8.77,7.425,7.421
2228.03,15,8.472,7.567,8.662,7.466,8.414,8.096,8.368,9.445,8.147,7.917,7.443,7.765,7.485,7.04,6.591,6.107,6.977,8.175,7.568,8.112,8.677,7.27,7.44
2229.03,15,8.419,7.505,8.681,7.476,8.45,8.119,8.36,9.419,8.116,7.984,7.492,7.752,7.49,7.039,6.589,6.081,6.926,8.146,7.569,8.084,8.737,7.394,7.463
2230.03,15,8.397,7.557,8.709,7.481,8.493,8.114,8.47,9.455,8.142,7.842,7.466,7.744,7.497,7.053,6.538,6.093,7.016,8.168,7.672,8.136,8.7,7.364,7.539
2231.03,15,8.418,7.561,8.684,7.52,8.426,8.146,8.353,9.386,8.091,7.88,7.499,7.76,7.537,7.026,6.517,6.048,6.974,8.243,7.62,8.127,8.694,7.357,7.461
2232.03,15,8.401,7.578,8.648,7.459,8.517,8.151,8.354,9.399,8.156,7.91,7.459,7.677,7.523,7.037,6.635,6.049,6.901,8.188,7.67,8.089,8.663,7.39,7.449
2233.03,15,8.435,7.507,8.679,7.498,8.479,8.148,8.359,9.491,8.159,7.914,7.486,7.729,7.504,7.069,6.582,6.076,6.967,8.202,7.682,8.056,8.746,7.366,7.459
2234.03,15,8.458,7.527,8.652,7.513,8.405,8.105,8.398,9.45,8.158,7.895,7.512,7.775,7.455,7.104,6.552,6.133,6.984,8.209,7.631,8.062,8.682,7.323,7.464
2235.03,15,8.391,7.512,8.604,7.527,8.465,8.164,8.353,9.474,8.141,7.856,7.444,7.735,7.532,7.038,6.609,6.169,6.957,8.174,7.612,8.03,8.676,7.412,7.477
2236.03,15,8.422,7.512,8.705,7.516,8.488,8.13,8.386,9.49,8.157,7.927,7.45,7.786,7.467,7.066,6.662,6.066,6.941,8.19,7.605,8.079,8.677,7.381,7.475
2237.03,15,8.424,7.538,8.731,7.558,8.423,8.102,8.303,9.42,8.104,7.87,7.505,7.703,7.458,7.04,6.503,6.092,6.859,8.174,7.537,8.069,8.669,7.394,7.543
2238.03,15,8.404,7.523,8.691,7.481,8.446,8.116,8.334,9.462,8.161,7.879,7.454,7.715,7.493,7.009,6.578,6.116,6.934,8.161,7.649,8.1,8.742,7.395,7.477
2239.03,15,8.409,7.534,8.671,7.457,8.447,8.092,8.405,9.439,8.09,7.866,7.447,7.724,7.512,7.046,6.486,6.034,6.966,8.199,7.58,8.122,8.715,7.349,7.48
2240.03,15,8.434,7.515,8.729,7.462,8.412,8.128,8.432,9.474,8.122,7.897,7.523,7.783,7.441,7.055,6.574,6.11,6.998,8.148,7.582,8.034,8.715,7.393,7.475
2241.03,15,8.387,7.481,8.629,7.465,8.449,8.096,8.377,9.468,8.1,7.835,7.473,7.696,7.535,7.045,6.562,6.108,6.945,8.144,7.563,8.063,8.703,7.327,7.448
2242.03,15,8.382,7.533,8.693,7.5,8.458,8.164,8.323,9.45,8.085,7.862,7.425,7.741,7.483,7.015,6.571,6.058,7.026,8.214,7.611,8.08,8.707,7.356,7.45
2243.03,15,8.397,7.506,8.644,7.523,8.474,8.156,8.397,9.391,8.138,7.984,7.416,7.768,7.497,7.085,6.498,6.047,6.956,8.178,7.619,8.091,8.79,7.344,7.438
2244.03,15,8.363,7.483,8.675,7.502,8.49,8.215,8.349,9.478,8.126,7.961,7.453,7.709,7.454,7.015,6.591,6.064,6.987,8.226,7.596,8.009,8.719,7.38,7.511
2245.03,15,8.401,7.517,8.699,7.455,8.402,8.105,8.394,9.431,8.152,7.933,7.484,7.692,7.594,7.038,6.565,6.08,6.877,8.155,7.595,8.07,8.749,7.374,7.447
2246.03,15,8.444,7.477,8.693,7.566,8.398,8.136,8.326,9.462,8.075,7.889,7.437,7.69,7.529,7.079,6.532,6.032,6.915,8.169,7.548,8.077,8.7,7.318,7.473
2247.03,15,8.439,7.511,8.661,7.504,8.422,8.126,8.358,9.435,8.186,7.893,7.44,7.729,7.471,7.044,6.553,6.068,6.985,8.166,7.536,8.063,8.716,7.254,7.399
2248.03,15,8.434,7.523,8.649,7.474,8.474,8.112,8.407,9.44,8.125,7.887,7.374,7.7,7.532,7.061,6.535,6.047,6.887,8.185,7.628,8.067,8.675,7.35,7.492
2249.03,15,8.424,7.511,8.68,7.513,8.429,8.122,8.375,9.389,8.126,7.895,7.458,7.732,7.543,7.041,6.471,6.038,6.924,8.2,7.538,8.028,8.716,7.34,7.47
2250.03,15,8.354,7.538,8.694,7.464,8.45,8.114,8.35,9.465,8.154,7.898,7.487,7.726,7.512,7.055,6.538,6.081,6.954,8.203,7.542,8.036,8.75,7.321,7.473
2251.03,15,8.376,7.55,8.631,7.486,8.417,8.049,8.387,9.424,8.089,7.91,7.443,7.716,7.509,7.041,6.597,6.088,6.931,8.18,7.643,8.044,8.686,7.407,7.442
2252.03,15,8.387,7.472,8.622,7.491,8.379,8.081,8.332,9.392,8.078,7.906,7.429,7.661,7.534,7.03,6.531,6.102,6.885,8.143,7.671,8.072,8.686,7.446,7.463
2253.03,15,8.418,7.468,8.621,7.503,8.486,8.076,8.364,9.451,8.125,7.913,7.541,7.737,7.494,6.995,6.557,6.055,6.975,8.117,7.609,7.996,8.724,7.335,7.417
2254.03,15,8.457,7.492,8.638,7.498,8.478,8.1,8.323,9.377,8.154,7.877,7.47,7.709,7.507,7.074,6.583,6.081,6.925,8.113,7.587,8.05,8.683,7.338,7.509
2255.03,15,8.409,7.526,8.655,7.473,8.387,8.122,8.362,9.422,8.095,7.928,7.49,7.692,7.456,7.03,6.514,6.055,6.881,8.2,7.562,8.082,8.737,7.356,7.506
2256.03,15,8.431,7.464,8.707,7.573,8.455,8.084,8.429,9.44,8.062,7.892,7.533,7.737,7.551,7.031,6.579,6.057,6.958,8.223,7.612,8.04,8.688,7.401,7.45
2257.03,15,8.415,7.488,8.653,7.488,8.395,8.117,8.42,9.472,8.125,7.859,7.363,7.714,7.559,6.959,6.469,6.046,6.902,8.141,7.584,8.069,8.73,7.34,7.472
2258.03,15,8.377,7.503,8.674,7.426,8.448,8.113,8.389,9.456,8.135,7.863,7.456,7.688,7.512,7.027,6.561,6.048,6.975,8.152,7.604,8.013,8.67,7.34,7.468
2259.03,15,8.378,7.483,8.646,7.548,8.422,8.105,8.341,9.421,8.028,7.88,7.442,7.739,7.497,6.99,6.524,6.129,6.918,8.195,7.606,8.015,8.697,7.376,7.432
2260.03,15,8.39,7.502,8.628,7.527,8.404,8.134,8.366,9.458,8.106,7.875,7.421,7.681,7.457,7.022,6.586,6.059,6.864,8.186,7.584,8.084,8.704,7.35,7.496
2261.03,15,8.442,7.484,8.695,7.502,8.417,8.141,8.4,9.422,8.086,7.839,7.487,7.774,7.493,7.025,6.546,6.038,6.933,8.081,7.577,8.042,8.753,7.408,7.484
2262.03,15,8.362,7.467,8.586,7.507,8.442,8.087,8.378,9.428,8.09,7.888,7.454,7.779,7.457,7.073,6.531,6.03,6.964,8.15,7.593,8.057,8.756,7.393,7.416
2263.03,15,8.487,7.491,8.622,7.464,8.389,8.132,8.314,9.403,8.125,7.921,7.467,7.645,7.463,7.03,6.515,6.055,6.908,8.102,7.582,8.008,8.723,7.382,7.451
2264.03,15,8.411,7.467,8.641,7.477,8.34,8.146,8.365,9.4,8.099,7.885,7.465,7.669,7.446,7.004,6.528,6.073,6.979,8.131,7.565,8.04,8.725,7.383,7.373
2265.03,15,8.449,7.503,8.573,7.472,8.389,8.119,8.343,9.465,8.078,7.882,7.389,7.663,7.448,7.091,6.565,6.029,6.87,8.202,7.596,8.007,8.715,7.343,7.464
2266.03,15,8.395,7.49,8.67,7.444,8.392,8.082,8.368,9.464,8.091,7.875,7.383,7.638,7.418,6.995,6.522,6.03,6.953,8.163,7.568,8.072,8.732,7.375,7.423
2267.03,15,8.408,7.464,8.601,7.485,8.417,8.138,8.362,9.478,8.137,7.901,7.472,7.735,7.486,7.022,6.587,6.081,6.878,8.163,7.628,8.039,8.756,7.32,7.437
2268.03,15,8.473,7.511,8.68,7.465,8.459,8.078,8.348,9.377,8.126,7.873,7.462,7.682,7.459,6.956,6.454,5.996,6.901,8.09,7.571,7.97,8.738,7.323,7.46
2269.03,15,8.437,7.457,8.662,7.45,8.447,8.133,8.405,9.42,8.09,7.84,7.395,7.644,7.426,7.006,6.509,6.041,6.954,8.175,7.585,8.036,8.693,7.42,7.557
2270.03,15,8.372,7.5,8.632,7.441,8.428,8.159,8.372,9.453,8.149,7.87,7.403,7.698,7.453,6.943,6.486,6.009,6.933,8.121,7.549,8.016,8.713,7.349,7.438
2271.03,15,8.341,7.516,8.623,7.515,8.458,8.035,8.355,9.393,8.084,7.941,7.445,7.676,7.493,7.029,6.541,6.052,6.967,8.205,7.566,8.036,8.7,7.407,7.383
2272.03,15,8.379,7.494,8.633,7.461,8.456,8.111,8.302,9.416,8.088,7.873,7.439,7.663,7.452,6.981,6.543,6.034,6.919,8.117,7.517,8.075,8.738,7.35,7.45
2273.03,15,8.465,7.453,8.694,7.496,8.451,8.086,8.334,9.397,8.05,7.861,7.441,7.673,7.529,6.982,6.515,6.051,6.904,8.209,7.621,8.043,8.747,7.377,7.443
2274.03,15,8.385,7.531,8.64,7.457,8.357,8.036,8.322,9.441,8.082,7.895,7.445,7.668,7.475,7.049,6.562,6.01,6.908,8.196,7.617,8.012,8.76,7.316,7.529
2275.03,15,8.349,7.448,8.597,7.482,8.399,8.08,8.306,9.43,8.091,7.844,7.436,7.747,7.476,6.945,6.516,6.026,6.908,8.232,7.542,8.065,8.715,7.328,7.454
2276.03,15,8.414,7.523,8.699,7.504,8.369,8.076,8.376,9.434,8.102,7.885,7.44,7.692,7.486,6.994,6.585,6.051,6.921,8.115,7.529,8.001,8.731,7.351,7.429
2277.03,15,8.393,7.467,8.659,7.543,8.418,8.106,8.334,9.401,8.1,7.895,7.436,7.687,7.453,7.038,6.501,6.012,6.913,8.166,7.58,8.033,8.691,7.343,7.444
2278.03,15,8.462,7.471,8.667,7.456,8.433,8.076,8.394,9.421,8.083,7.862,7.453,7.67,7.464,6.969,6.55,6.035,6.959,8.157,7.619,8.061,8.746,7.291,7.419
2279.03,15,8.434,7.411,8.603,7.449,8.412,8.083,8.283,9.462,8.131,7.922,7.425,7.653,7.456,7.059,6.496,6.058,6.919,8.137,7.586,8.029,8.661,7.385,7.487
2280.03,15,8.359,7.517,8.604,7.405,8.405,8.135,8.335,9.441,8.103,7.804,7.418,7.619,7.44,7.037,6.477,6.063,6.968,8.152,7.579,8.067,8.678,7.431,7.508
2281.03,15,8.407,7.493,8.613,7.455,8.392,8.032,8.373,9.341,8.097,7.871,7.421,7.641,7.426,7.029,6.59,6.013,6.885,8.155,7.557,8.017,8.735,7.349,7.464
2282.03,15,8.383,7.467,8.612,7.426,8.373,8.127,8.405,9.367,8.078,7.836,7.369,7.666,7.448,6.952,6.489,6.038,6.919,8.138,7.597,8.05,8.699,7.301,7.43
2283.03,15,8.397,7.524,8.608,7.426,8.362,8.044,8.373,9.403,8.031,7.841,7.42,7.712,7.502,7.027,6.555,6.064,6.937,8.069,7.6,8.036,8.751,7.311,7.454
2284.03,15,8.337,7.493,8.673,7.488,8.408,8.079,8.387,9.416,8.083,7.834,7.406,7.597,7.438,7.056,6.504,5.999,6.971,8.176,7.527,8.027,8.734,7.261,7.548
2285.03,15,8.311,7.45,8.636,7.528,8.435,8.132,8.311,9.408,8.095,7.826,7.418,7.679,7.475,7.059,6.523,6.028,6.886,8.174,7.514,8.047,8.672,7.318,7.405
2286.03,15,8.345,7.471,8.589,7.466,8.294,8.071,8.269,9.427,8.106,7.892,7.391,7.612,7.458,7.002,6.514,6.069,6.963,8.176,7.623,8.089,8.698,7.382,7.418
2287.03,15,8.405,7.473,8.701,7.504,8.366,8.101,8.361,9.367,8.084,7.89,7.382,7.633,7.406,6.918,6.489,6.052,6.899,8.18,7.589,8.05,8.775,7.349,7.43
2288.03,15,8.382,7.458,8.638,7.452,8.413,8.023,8.364,9.403,8.095,7.845,7.393,7.672,7.44,6.988,6.479,6.05,6.931,8.115,7.548,8.098,8.691,7.311,7.385
2289.03,15,8.384,7.491,8.703,7.481,8.415,8.08,8.375,9.393,8.11,7.896,7.43,7.683,7.475,6.979,6.485,5.998,6.89,8.118,7.593,8.063,8.755,7.351,7.428
2290.03,15,8.361,7.4,8.65,7.455,8.384,8.005,8.341,9.445,8.146,7.818,7.373,7.608,7.493,6.995,6.562,6.077,6.915,8.208,7.576,8.066,8.685,7.334,7.404
2291.03,15,8.311,7.53,8.643,7.442,8.355,8.101,8.362,9.446,7.961,7.826,7.394,7.643,7.4,6.984,6.464,6.01,6.949,8.18,7.56,7.984,8.729,7.324,7.444
2292.03,15,8.367,7.437,8.597,7.533,8.412,8.049,8.342,9.413,8.046,7.861,7.364,7.71,7.47,7.054,6.558,6.001,6.954,8.143,7.563,8.07,8.718,7.333,7.43
2293.03,15,8.347,7.462,8.605,7.383,8.418,8.071,8.378,9.417,8.069,7.894,7.363,7.655,7.479,6.986,6.498,6.001,6.914,8.089,7.582,8.119,8.71,7.329,7.452
2294.03,15,8.396,7.395,8.577,7.444,8.434,8.044,8.311,9.338,8.034,7.861,7.442,7.675,7.404,6.994,6.556,6.042,6.891,8.141,7.578,8.064,8.679,7.366,7.475
2295.03,15,8.349,7.383,8.616,7.452,8.408,8.102,8.353,9.403,8.058,7.782,7.44,7.738,7.433,7.028,6.492,6.008,6.901,8.102,7.58,8.051,8.783,7.328,7.445
2296.03,15,8.413,7.438,8.648,7.464,8.35,8.04,8.343,9.364,8.098,7.865,7.401,7.683,7.528,6.938,6.465,6.037,6.95,8.141,7.531,8.08,8.627,7.324,7.466
2297.03,15,8.267,7.458,8.603,7.435,8.432,8.07,8.279,9.406,8.082,7.85,7.364,7.694,7.398,6.956,6.392,5.944,6.9,8.154,7.627,8.055,8.653,7.403,7.38
2298.03,15,8.331,7.458,8.596,7.429,8.364,8.033,8.377,9.352,8.03,7.893,7.396,7.727,7.485,6.951,6.465,5.997,6.905,8.132,7.572,8.001,8.683,7.3,7.427
2299.03,15,8.351,7.471,8.639,7.376,8.33,8.116,8.345,9.336,8.108,7.861,7.366,7.651,7.457,6.945,6.502,6.029,6.928,8.209,7.564,7.971,8.664,7.31,7.466
2300.03,15,8.319,7.51,8.66,7.482,8.337,8.06,8.318,9.469,8.058,7.855,7.384,7.607,7.436,6.952,6.481,6.08,6.936,8.141,7.602,8.024,8.607,7.334,7.464
2301.03,15,8.316,7.423,8.651,7.429,8.395,7.997,8.32,9.413,8.037,7.878,7.413,7.659,7.456,6.984,6.538,6.01,6.877,8.08,7.586,8,8.743,7.325,7.443
2302.03,15,8.397,7.489,8.672,7.427,8.386,8.117,8.344,9.354,8.062,7.883,7.386,7.671,7.501,6.922,6.529,6.007,6.874,8.094,7.6,7.91,8.671,7.326,7.462
2303.03,15,8.37,7.407,8.651,7.408,8.414,8.038,8.353,9.308,7.999,7.882,7.411,7.667,7.448,7.003,6.455,5.961,6.893,8.121,7.573,8.023,8.684,7.337,7.429
2304.03,15,8.371,7.414,8.611,7.454,8.385,8.063,8.255,9.361,8.048,7.794,7.399,7.677,7.414,6.967,6.485,6.039,6.878,8.116,7.569,8.012,8.683,7.326,7.438
2305.03,15,8.355,7.529,8.61,7.424,8.357,8.128,8.35,9.321,7.977,7.812,7.348,7.737,7.467,6.938,6.47,6.007,6.934,8.096,7.562,8.014,8.735,7.359,7.429
2306.03,15,8.396,7.488,8.565,7.46,8.354,8.004,8.339,9.405,8.015,7.871,7.433,7.709,7.448,7.013,6.515,6.052,6.944,8.172,7.488,8.004,8.688,7.307,7.452
2307.03,15,8.354,7.427,8.641,7.446,8.339,8.076,8.294,9.355,8.08,7.885,7.375,7.688,7.461,6.974,6.447,6.016,6.847,8.147,7.614,8.04,8.681,7.317,7.467
2308.03,15,8.319,7.402,8.577,7.409,8.421,8.144,8.293,9.386,8.055,7.815,7.387,7.661,7.461,6.946,6.472,6.057,6.903,8.093,7.599,8.039,8.724,7.348,7.434
2309.03,15,8.342,7.506,8.626,7.492,8.425,8.064,8.308,9.407,8.045,7.873,7.374,7.612,7.452,6.95,6.462,5.996,6.861,8.161,7.554,7.971,8.661,7.318,7.428
2310.03,15,8.333,7.468,8.638,7.443,8.44,8.064,8.302,9.377,7.961,7.847,7.311,7.599,7.447,6.912,6.518,6.051,6.928,8.13,7.58,8.073,8.702,7.309,7.491
2311.03,15,8.339,7.41,8.593,7.421,8.37,8.054,8.315,9.359,7.994,7.851,7.428,7.615,7.462,6.964,6.476,6.02,6.903,8.173,7.516,8.009,8.669,7.352,7.41
2312.03,15,8.345,7.508,8.641,7.442,8.357,7.979,8.28,9.307,7.951,7.818,7.341,7.657,7.49,7,6.473,6.019,6.968,8.165,7.569,7.997,8.709,7.287,7.429
2313.03,15,8.259,7.435,8.531,7.414,8.401,8.032,8.359,9.401,8.061,7.807,7.294,7.716,7.343,6.992,6.483,5.985,6.862,8.131,7.569,7.997,8.742,7.356,7.419
2314.03,15,8.381,7.423,8.634,7.435,8.339,8.119,8.356,9.332,8.064,7.809,7.3,7.639,7.491,6.936,6.479,6.026,6.91,8.114,7.503,8.081,8.66,7.319,7.462
2315.03,15,8.343,7.447,8.585,7.458,8.414,8.105,8.281,9.342,7.995,7.862,7.304,7.606,7.424,6.921,6.502,5.958,6.856,8.214,7.501,8.062,8.695,7.408,7.409
2316.03,15,8.292,7.448,8.59,7.364,8.363,7.999,8.384,9.393,8.046,7.842,7.436,7.642,7.415,6.976,6.532,5.983,6.906,8.112,7.54,8.035,8.628,7.301,7.392
2317.03,15,8.3,7.464,8.57,7.435,8.323,8.004,8.324,9.39,8.08,7.863,7.351,7.559,7.459,6.904,6.434,5.987,6.866,8.164,7.588,7.998,8.616,7.316,7.44
2318.03,15,8.368,7.417,8.588,7.423,8.373,8.065,8.299,9.427,8.011,7.846,7.347,7.674,7.465,6.935,6.539,6.043,6.961,8.16,7.569,8.026,8.675,7.32,7.386
2319.03,15,8.284,7.436,8.575,7.36,8.366,8.075,8.293,9.363,8.019,7.851,7.366,7.61,7.476,6.885,6.511,6.025,6.92,8.123,7.512,7.948,8.656,7.326,7.376
2320.03,15,8.378,7.443,8.57,7.407,8.374,8.03,8.343,9.361,8.039,7.876,7.313,7.642,7.5,6.928,6.442,6.06,6.928,8.137,7.613,8.039,8.725,7.298,7.41
2321.03,15,8.302,7.482,8.586,7.373,8.338,8.027,8.319,9.427,7.995,7.816,7.394,7.682,7.506,6.891,6.416,5.967,6.882,8.112,7.594,8.055,8.624,7.304,7.383
2322.03,15,8.338,7.459,8.62,7.392,8.323,8.014,8.297,9.337,8.06,7.85,7.4,7.624,7.435,6.911,6.443,5.96,6.894,8.061,7.592,8.013,8.605,7.327,7.443
2323.03,15,8.363,7.442,8.594,7.504,8.43,7.995,8.339,9.375,8.038,7.808,7.39,7.673,7.499,6.951,6.388,5.945,6.937,8.131,7.563,8.056,8.715,7.36,7.405
2324.03,15,8.347,7.422,8.579,7.464,8.409,8.036,8.302,9.4,8.032,7.836,7.4,7.635,7.473,6.891,6.509,5.978,6.875,8.071,7.529,8.022,8.664,7.29,7.448
2325.03,15,8.313,7.478,8.51,7.408,8.323,8.108,8.321,9.293,8.029,7.846,7.423,7.634,7.412,6.899,6.458,5.997,6.869,8.138,7.541,8.066,8.645,7.278,7.377
2326.03,15,8.292,7.402,8.561,7.424,8.378,8.013,8.262,9.356,8.061,7.798,7.378,7.594,7.452,6.969,6.416,5.992,6.871,8.185,7.509,7.979,8.647,7.34,7.467
2327.03,15,8.277,7.428,8.583,7.422,8.411,7.988,8.313,9.414,8.129,7.855,7.338,7.672,7.413,6.994,6.46,6.008,6.919,8.177,7.498,7.983,8.682,7.255,7.422
2328.03,15,8.342,7.382,8.536,7.517,8.34,8.044,8.295,9.385,8.044,7.83,7.309,7.601,7.476,6.867,6.441,5.993,6.857,8.11,7.531,8.015,8.629,7.354,7.403
2329.03,15,8.343,7.387,8.589,7.436,8.34,7.982,8.287,9.371,7.996,7.856,7.356,7.701,7.487,6.932,6.433,6.059,6.888,8.089,7.523,8.025,8.655,7.267,7.398
2330.03,15,8.315,7.415,8.572,7.459,8.344,8.005,8.252,9.412,8.054,7.82,7.341,7.566,7.463,6.905,6.461,6.044,6.932,8.179,7.514,8.038,8.624,7.291,7.406
2331.03,15,8.265,7.394,8.599,7.424,8.356,8.016,8.237,9.35,8.027,7.813,7.376,7.647,7.417,6.917,6.474,5.94,6.882,8.173,7.577,8.001,8.707,7.249,7.423
2332.03,15,8.311,7.398,8.563,7.362,8.359,8.062,8.268,9.313,7.968,7.833,7.308,7.619,7.47,6.933,6.474,5.996,6.876,8.079,7.589,7.954,8.678,7.313,7.383
2333.03,15,8.323,7.414,8.571,7.466,8.374,8,8.301,9.317,8.02,7.775,7.406,7.685,7.484,6.93,6.469,5.973,6.888,8.152,7.497,8.058,8.693,7.299,7.411
2334.03,15,8.263,7.474,8.599,7.439,8.338,8.032,8.294,9.395,8.032,7.825,7.304,7.652,7.475,6.975,6.427,6.02,6.905,8.179,7.563,7.974,8.657,7.316,7.392
2335.03,15,8.303,7.392,8.584,7.424,8.404,8.021,8.24,9.368,8.067,7.895,7.281,7.621,7.505,6.944,6.446,6.023,6.927,8.096,7.52,7.968,8.676,7.269,7.399
2336.03,15,8.257,7.419,8.551,7.422,8.413,7.981,8.304,9.33,7.986,7.828,7.346,7.594,7.408,6.897,6.442,6.015,6.889,8.02,7.54,8.018,8.645,7.32,7.412
2337.03,15,8.308,7.332,8.586,7.428,8.31,8.024,8.252,9.339,8.045,7.857,7.31,7.565,7.498,6.905,6.425,5.994,6.87,8.086,7.505,7.994,8.654,7.267,7.448
2338.03,15,8.328,7.443,8.565,7.406,8.382,7.989,8.331,9.313,8.009,7.797,7.41,7.583,7.411,6.975,6.469,5.99,6.858,8.079,7.601,7.983,8.751,7.275,7.385
2339.03,15,8.281,7.365,8.538,7.368,8.357,8.016,8.252,9.348,8.048,7.822,7.314,7.609,7.444,6.961,6.45,6.046,6.859,8.128,7.481,7.966,8.6,7.307,7.373
2340.03,15,8.292,7.429,8.585,7.452,8.316,7.993,8.27,9.377,8.014,7.779,7.308,7.678,7.478,6.916,6.441,5.978,6.85,8.136,7.549,8.019,8.634,7.309,7.402
2341.03,15,8.285,7.408,8.566,7.473,8.319,8,8.374,9.348,7.934,7.792,7.318,7.59,7.468,6.918,6.423,5.976,6.914,8.122,7.505,7.956,8.71,7.348,7.399
2342.03,15,8.269,7.406,8.6,7.396,8.368,8.003,8.267,9.378,8.023,7.777,7.313,7.565,7.392,6.945,6.426,5.933,6.908,8.14,7.474,8.028,8.679,7.295,7.4
2343.03,15,8.25,7.393,8.583,7.411,8.36,8.05,8.316,9.321,8.07,7.869,7.294,7.516,7.516,6.951,6.446,5.976,6.881,8.119,7.578,8.051,8.703,7.213,7.339
2344.03,15,8.266,7.432,8.521,7.422,8.403,7.978,8.322,9.281,7.973,7.835,7.356,7.585,7.401,6.966,6.46,5.923,6.935,8.153,7.543,8.015,8.642,7.313,7.434
2345.03,15,8.334,7.402,8.558,7.405,8.34,7.977,8.297,9.333,8.042,7.84,7.317,7.621,7.387,6.918,6.49,5.994,6.886,8.095,7.548,7.989,8.656,7.305,7.357
2346.03,15,8.274,7.336,8.544,7.387,8.335,8.003,8.318,9.304,7.97,7.858,7.324,7.63,7.501,6.892,6.436,5.985,6.845,8.129,7.602,8.021,8.65,7.293,7.391
2347.03,15,8.249,7.428,8.615,7.55,8.319,8.042,8.28,9.361,8.044,7.797,7.339,7.522,7.376,6.904,6.408,6.014,6.881,8.175,7.589,7.99,8.692,7.269,7.368
2348.03,15,8.354,7.392,8.572,7.454,8.337,7.995,8.287,9.314,8.027,7.843,7.334,7.688,7.396,6.909,6.441,5.996,6.92,8.167,7.489,8.022,8.641,7.311,7.452
2349.03,15,8.308,7.458,8.578,7.447,8.39,8.047,8.331,9.375,7.985,7.772,7.28,7.642,7.427,6.895,6.403,5.972,6.875,8.136,7.561,8.029,8.732,7.267,7.396
2350.03,15,8.281,7.415,8.545,7.43,8.328,8.01,8.286,9.325,7.975,7.852,7.295,7.59,7.406,6.947,6.441,5.974,6.936,8.077,7.544,7.995,8.665,7.276,7.463
2351.03,15,8.249,7.376,8.525,7.422,8.344,8.081,8.339,9.402,7.981,7.777,7.301,7.608,7.447,6.859,6.433,5.971,6.849,8.093,7.546,8.012,8.657,7.301,7.456
2352.03,15,8.294,7.317,8.545,7.395,8.345,8.043,8.305,9.334,8.046,7.788,7.372,7.612,7.411,6.944,6.465,5.967,6.921,8.086,7.492,7.97,8.68,7.339,7.388
2353.03,15,8.221,7.379,8.567,7.4,8.366,8.033,8.293,9.341,8,7.841,7.341,7.668,7.48,6.887,6.443,5.916,6.862,8.088,7.534,8.003,8.676,7.306,7.428
2354.03,15,8.275,7.401,8.57,7.461,8.346,8.064,8.301,9.294,7.948,7.846,7.344,7.568,7.397,6.888,6.487,6.003,6.937,8.131,7.519,8.002,8.689,7.343,7.416
2355.03,15,8.268,7.492,8.573,7.41,8.368,8.021,8.252,9.326,7.99,7.895,7.343,7.596,7.497,6.881,6.396,5.994,6.89,8.097,7.545,7.976,8.679,7.319,7.427
2356.03,15,8.233,7.429,8.58,7.401,8.326,8.013,8.28,9.386,8.045,7.837,7.328,7.662,7.4,6.878,6.391,5.905,6.888,8.07,7.55,7.987,8.746,7.31,7.418
2357.03,15,8.283,7.367,8.531,7.371,8.309,8.004,8.222,9.299,7.954,7.827,7.298,7.542,7.37,6.88,6.485,6.001,6.905,8.083,7.502,7.939,8.717,7.281,7.36
2358.03,15,8.322,7.42,8.575,7.408,8.371,7.972,8.221,9.366,7.995,7.787,7.259,7.64,7.426,6.871,6.319,5.896,6.853,8.139,7.517,8.011,8.648,7.326,7.381
2359.03,15,8.327,7.415,8.521,7.383,8.343,8.01,8.307,9.33,7.988,7.747,7.314,7.616,7.399,6.813,6.373,5.97,6.896,8.087,7.537,8.005,8.637,7.35,7.404
2360.03,15,8.263,7.399,8.541,7.364,8.318,7.975,8.307,9.277,8.055,7.825,7.338,7.507,7.421,6.871,6.461,5.958,6.813,8.123,7.514,7.997,8.71,7.305,7.394
2361.03,15,8.284,7.393,8.546,7.413,8.307,8.013,8.271,9.264,7.977,7.784,7.32,7.626,7.42,6.881,6.445,5.95,6.8,8.173,7.566,7.957,8.686,7.189,7.382
2362.03,15,8.285,7.343,8.51,7.358,8.316,8.002,8.214,9.34,8.04,7.844,7.354,7.624,7.399,6.861,6.378,5.957,6.901,8.112,7.471,8.006,8.723,7.292,7.464
2363.03,15,8.303,7.394,8.565,7.385,8.288,8.009,8.285,9.33,7.967,7.793,7.275,7.569,7.434,6.887,6.465,5.977,6.869,8.093,7.534,7.957,8.692,7.263,7.379
2364.03,15,8.245,7.346,8.525,7.448,8.362,8.053,8.246,9.338,7.967,7.828,7.281,7.612,7.404,6.896,6.432,5.973,6.833,8.126,7.548,7.968,8.674,7.335,7.423
2365.03,15,8.302,7.372,8.433,7.409,8.265,8.028,8.295,9.31,7.997,7.795,7.282,7.602,7.459,6.871,6.396,5.976,6.822,8.191,7.505,8.006,8.646,7.282,7.42
2366.03,15,8.233,7.403,8.505,7.445,8.325,7.991,8.265,9.384,7.975,7.828,7.27,7.594,7.429,6.778,6.369,5.941,6.847,8.141,7.517,8.034,8.61,7.315,7.412
2367.03,15,8.238,7.353,8.581,7.402,8.335,7.988,8.317,9.383,7.977,7.784,7.26,7.558,7.371,6.865,6.468,5.892,6.845,8.15,7.498,7.95,8.638,7.251,7.396
2368.03,15,8.219,7.324,8.551,7.373,8.334,8.035,8.251,9.331,7.996,7.791,7.228,7.586,7.42,6.914,6.457,5.972,6.863,8.061,7.494,7.941,8.732,7.253,7.449
2369.03,15,8.247,7.34,8.497,7.366,8.369,8.018,8.37,9.299,7.918,7.762,7.26,7.626,7.403,6.918,6.435,6.02,6.869,8.088,7.493,7.961,8.703,7.372,7.379
2370.03,15,8.241,7.381,8.571,7.404,8.332,7.939,8.243,9.381,7.926,7.8,7.336,7.543,7.414,6.888,6.442,5.988,6.877,8.129,7.546,7.988,8.631,7.338,7.385
2371.03,15,8.248,7.339,8.521,7.341,8.33,7.989,8.287,9.343,7.973,7.758,7.337,7.529,7.353,6.892,6.426,5.934,6.868,8.116,7.551,7.954,8.666,7.342,7.44
2372.03,15,8.294,7.42,8.515,7.379,8.427,7.927,8.282,9.263,7.928,7.841,7.302,7.561,7.401,6.862,6.422,5.934,6.792,8.125,7.464,7.981,8.694,7.277,7.465
2373.03,15,8.246,7.398,8.505,7.38,8.323,7.99,8.306,9.31,7.989,7.777,7.32,7.57,7.421,6.888,6.415,5.863,6.826,8.104,7.499,7.997,8.684,7.316,7.397
2374.03,15,8.291,7.309,8.579,7.378,8.266,7.943,8.323,9.297,7.948,7.772,7.373,7.572,7.38,6.787,6.395,5.95,6.864,8.099,7.584,7.962,8.688,7.28,7.347
2375.03,15,8.382,7.444,8.545,7.426,8.376,8.009,8.264,9.317,7.892,7.8,7.341,7.598,7.396,6.911,6.428,5.971,6.838,8.1,7.546,8.001,8.667,7.266,7.317
2376.03,15,8.227,7.359,8.554,7.366,8.273,8.013,8.328,9.323,7.945,7.872,7.254,7.562,7.398,6.838,6.403,5.872,6.831,8.13,7.545,8.028,8.699,7.223,7.454
2377.03,15,8.282,7.392,8.544,7.354,8.245,7.928,8.268,9.321,7.971,7.812,7.282,7.61,7.409,6.821,6.429,5.938,6.919,8.064,7.455,7.94,8.732,7.333,7.406
2378.03,15,8.213,7.367,8.501,7.351,8.392,7.931,8.268,9.316,7.953,7.835,7.289,7.614,7.395,6.895,6.39,5.858,6.829,8.125,7.523,7.937,8.648,7.254,7.388
2379.03,15,8.235,7.402,8.552,7.402,8.324,8.015,8.267,9.295,7.907,7.771,7.316,7.572,7.42,6.859,6.329,5.967,6.825,8.081,7.54,7.982,8.716,7.245,7.391
2380.03,15,8.243,7.333,8.514,7.317,8.317,8.008,8.272,9.287,8.051,7.764,7.298,7.554,7.399,6.879,6.295,5.945,6.888,8.121,7.543,8.037,8.663,7.32,7.39
2381.03,15,8.269,7.344,8.483,7.331,8.323,7.971,8.317,9.324,7.944,7.811,7.303,7.6,7.392,6.806,6.353,5.885,6.882,8.14,7.487,8.009,8.649,7.275,7.41
2382.03,15,8.26,7.426,8.509,7.393,8.305,7.989,8.272,9.33,7.988,7.773,7.244,7.576,7.441,6.853,6.366,5.913,6.878,8.093,7.559,7.984,8.73,7.258,7.371
2383.03,15,8.281,7.339,8.496,7.344,8.299,7.998,8.259,9.293,7.966,7.78,7.227,7.503,7.457,6.926,6.357,5.876,6.851,8.08,7.48,7.985,8.628,7.267,7.376
2384.03,15,8.299,7.349,8.571,7.382,8.26,8.041,8.246,9.321,7.979,7.759,7.259,7.528,7.451,6.826,6.426,5.895,6.862,8.093,7.48,7.988,8.622,7.294,7.414
2385.03,15,8.261,7.384,8.492,7.373,8.337,7.942,8.244,9.302,7.947,7.752,7.263,7.605,7.426,6.899,6.387,5.96,6.869,8.083,7.53,7.975,8.637,7.303,7.385
2386.03,15,8.189,7.364,8.533,7.405,8.264,7.959,8.259,9.368,7.931,7.781,7.212,7.557,7.424,6.889,6.358,5.954,6.834,8.028,7.531,7.981,8.662,7.277,7.392
2387.03,15,8.286,7.396,8.5,7.396,8.326,7.954,8.254,9.288,7.972,7.823,7.303,7.615,7.404,6.862,6.385,5.921,6.82,8.121,7.515,7.946,8.676,7.24,7.414
2388.03,15,8.284,7.33,8.51,7.359,8.295,7.953,8.253,9.409,7.915,7.807,7.259,7.527,7.364,6.862,6.323,5.957,6.882,8.098,7.502,7.972,8.621,7.274,7.383
2389.03,15,8.203,7.401,8.517,7.355,8.292,7.96,8.292,9.343,8.02,7.779,7.289,7.589,7.425,6.87,6.419,5.929,6.848,8.089,7.504,8.004,8.715,7.245,7.448
2390.03,15,8.273,7.421,8.487,7.356,8.286,7.952,8.257,9.343,7.961,7.775,7.279,7.563,7.384,6.894,6.353,5.937,6.785,8.083,7.511,7.964,8.626,7.258,7.386
2391.03,15,8.274,7.371,8.455,7.388,8.3,7.939,8.2,9.319,7.945,7.721,7.21,7.589,7.384,6.814,6.383,5.929,6.859,8.075,7.435,7.945,8.653,7.278,7.385
2392.03,15,8.174,7.347,8.537,7.372,8.293,8.017,8.296,9.311,7.989,7.802,7.343,7.553,7.411,6.804,6.407,5.974,6.859,8.078,7.469,7.902,8.668,7.311,7.354
2393.03,15,8.233,7.307,8.462,7.429,8.282,7.944,8.216,9.228,7.905,7.747,7.245,7.549,7.406,6.854,6.403,5.928,6.867,8.092,7.529,8.004,8.689,7.289,7.379
2394.03,15,8.186,7.313,8.527,7.318,8.276,8.012,8.226,9.298,7.952,7.753,7.207,7.538,7.39,6.799,6.43,5.882,6.842,8.096,7.502,7.925,8.651,7.256,7.375
2395.03,15,8.272,7.337,8.484,7.327,8.265,7.978,8.235,9.267,8.005,7.748,7.338,7.54,7.441,6.87,6.401,5.933,6.876,8.021,7.541,8.035,8.619,7.289,7.393
2396.03,15,8.232,7.335,8.473,7.337,8.292,8.031,8.249,9.296,7.98,7.733,7.292,7.544,7.414,6.803,6.37,5.874,6.847,8.1,7.517,7.958,8.619,7.282,7.38
2397.03,15,8.234,7.294,8.473,7.49,8.315,7.997,8.227,9.35,7.924,7.806,7.269,7.556,7.457,6.888,6.387,5.853,6.848,8.115,7.459,7.959,8.651,7.225,7.339
2398.03,15,8.262,7.348,8.512,7.368,8.283,7.943,8.254,9.336,7.98,7.748,7.232,7.448,7.419,6.802,6.398,5.856,6.84,8.056,7.518,7.952,8.647,7.275,7.412
2399.03,15,8.253,7.373,8.496,7.378,8.38,7.943,8.263,9.25,7.937,7.773,7.237,7.569,7.375,6.862,6.328,5.912,6.789,8.085,7.443,7.964,8.653,7.269,7.432
2400.03,15,8.231,7.379,8.544,7.328,8.331,7.976,8.217,9.288,7.928,7.863,7.198,7.568,7.325,6.801,6.382,5.841,6.858,8.117,7.441,7.983,8.657,7.25,7.355
2401.03,15,8.228,7.358,8.497,7.358,8.291,7.886,8.256,9.376,7.929,7.801,7.28,7.54,7.423,6.807,6.342,5.967,6.85,8.052,7.509,7.966,8.655,7.263,7.326
2402.03,15,8.343,7.328,8.439,7.403,8.356,7.927,8.274,9.255,7.921,7.804,7.268,7.563,7.345,6.862,6.316,5.952,6.84,8.031,7.468,7.912,8.635,7.266,7.351
2403.03,15,8.276,7.307,8.498,7.29,8.336,7.965,8.243,9.344,7.962,7.741,7.204,7.502,7.435,6.798,6.383,5.909,6.821,8.119,7.506,7.972,8.648,7.203,7.434
2404.03,15,8.251,7.31,8.527,7.345,8.289,7.96,8.249,9.261,7.937,7.769,7.238,7.553,7.393,6.755,6.372,5.904,6.84,8.091,7.555,7.896,8.642,7.278,7.361
2405.03,15,8.211,7.293,8.468,7.321,8.269,7.941,8.165,9.309,7.876,7.813,7.245,7.523,7.427,6.84,6.393,5.906,6.791,8.066,7.461,7.953,8.721,7.228,7.389
2406.03,15,8.201,7.325,8.537,7.369,8.268,7.979,8.232,9.363,7.937,7.693,7.249,7.526,7.368,6.825,6.355,5.946,6.844,8.119,7.525,7.971,8.623,7.246,7.357
2407.03,15,8.242,7.37,8.506,7.39,8.272,7.912,8.158,9.265,7.954,7.812,7.24,7.558,7.41,6.835,6.304,5.868,6.825,8.103,7.483,7.971,8.632,7.26,7.382
2408.03,15,8.256,7.347,8.462,7.328,8.309,7.951,8.252,9.245,7.948,7.785,7.262,7.527,7.412,6.783,6.442,5.886,6.853,8.104,7.483,7.921,8.636,7.265,7.363
2409.03,15,8.203,7.313,8.419,7.338,8.266,7.961,8.245,9.351,7.975,7.8,7.256,7.525,7.379,6.813,6.392,5.885,6.855,8.083,7.521,8.007,8.649,7.262,7.324
2410.03,15,8.251,7.357,8.529,7.338,8.36,7.983,8.231,9.223,7.895,7.744,7.211,7.545,7.405,6.824,6.341,5.842,6.827,8.104,7.47,7.906,8.645,7.237,7.379
2411.03,15,8.202,7.34,8.463,7.385,8.282,7.933,8.217,9.227,7.948,7.722,7.221,7.574,7.392,6.777,6.323,5.874,6.823,8.106,7.465,7.948,8.681,7.256,7.35
2412.03,15,8.281,7.347,8.431,7.337,8.294,7.908,8.206,9.275,7.943,7.757,7.237,7.573,7.456,6.836,6.347,5.929,6.868,8.028,7.511,7.917,8.614,7.257,7.392
2413.03,15,8.194,7.38,8.46,7.402,8.282,7.922,8.246,9.28,7.938,7.759,7.255,7.517,7.382,6.83,6.346,5.939,6.86,8.05,7.468,7.979,8.673,7.251,7.359
2414.03,15,8.206,7.375,8.421,7.336,8.244,7.964,8.277,9.321,7.885,7.785,7.17,7.509,7.421,6.84,6.343,5.887,6.806,8.107,7.486,7.936,8.666,7.199,7.37
2415.03,15,8.211,7.307,8.504,7.404,8.248,7.958,8.189,9.271,7.94,7.767,7.225,7.469,7.37,6.802,6.321,5.85,6.885,8.096,7.488,7.961,8.659,7.21,7.367
2416.03,15,8.132,7.284,8.423,7.354,8.282,7.917,8.285,9.303,7.937,7.734,7.249,7.515,7.365,6.83,6.329,5.888,6.852,8.067,7.493,7.964,8.661,7.298,7.326
2417.03,15,8.197,7.332,8.481,7.349,8.263,7.915,8.203,9.342,7.906,7.707,7.191,7.541,7.381,6.852,6.303,5.845,6.846,8.103,7.523,7.91,8.611,7.236,7.34
2418.03,15,8.258,7.289,8.467,7.341,8.24,7.966,8.23,9.325,7.876,7.75,7.208,7.511,7.47,6.83,6.329,5.87,6.812,8.049,7.437,7.981,8.585,7.219,7.354
2419.03,15,8.198,7.317,8.493,7.346,8.26,7.968,8.283,9.239,7.912,7.756,7.229,7.552,7.423,6.811,6.416,5.844,6.792,8.059,7.465,7.983,8.614,7.235,7.411
2420.03,15,8.249,7.316,8.492,7.373,8.355,7.999,8.232,9.281,7.863,7.793,7.215,7.52,7.419,6.852,6.322,5.873,6.866,8.109,7.51,7.9,8.564,7.311,7.378
2421.03,15,8.209,7.272,8.53,7.379,8.232,7.919,8.211,9.24,7.924,7.798,7.251,7.548,7.375,6.773,6.306,5.851,6.842,8.092,7.476,7.95,8.667,7.236,7.306
2422.03,15,8.172,7.326,8.461,7.348,8.303,7.881,8.25,9.26,7.885,7.732,7.223,7.564,7.397,6.738,6.337,5.903,6.793,8.058,7.434,7.966,8.672,7.249,7.368
2423.03,15,8.249,7.329,8.456,7.352,8.307,7.94,8.194,9.3,7.919,7.779,7.222,7.454,7.372,6.835,6.301,5.86,6.861,8.117,7.439,7.929,8.577,7.254,7.338
2424.03,15,8.237,7.261,8.474,7.318,8.272,7.904,8.218,9.248,7.985,7.779,7.232,7.512,7.399,6.808,6.308,5.841,6.836,8.064,7.471,8.016,8.616,7.246,7.371
2425.03,15,8.168,7.351,8.442,7.342,8.361,7.882,8.261,9.268,7.849,7.694,7.224,7.482,7.317,6.823,6.362,5.892,6.768,8.048,7.503,7.888,8.692,7.313,7.392
2426.03,15,8.201,7.383,8.515,7.355,8.271,7.976,8.191,9.207,7.919,7.757,7.182,7.502,7.369,6.728,6.307,5.856,6.847,8.057,7.439,7.975,8.687,7.218,7.349
2427.03,15,8.229,7.259,8.457,7.306,8.351,7.864,8.287,9.279,7.956,7.765,7.283,7.542,7.393,6.788,6.333,5.834,6.745,8.097,7.517,7.955,8.629,7.254,7.389
2428.03,15,8.16,7.303,8.466,7.347,8.352,7.867,8.22,9.24,7.896,7.75,7.14,7.542,7.373,6.821,6.271,5.851,6.924,8.06,7.483,7.862,8.72,7.272,7.357
2429.03,15,8.144,7.253,8.473,7.318,8.353,7.892,8.269,9.278,7.885,7.73,7.222,7.513,7.408,6.823,6.302,5.899,6.855,8.123,7.529,7.93,8.567,7.201,7.368
2430.03,15,8.215,7.242,8.409,7.358,8.265,7.892,8.218,9.238,7.927,7.735,7.24,7.508,7.377,6.782,6.301,5.882,6.86,8.042,7.498,8.017,8.601,7.25,7.303
2431.03,15,8.253,7.292,8.487,7.315,8.327,7.917,8.241,9.274,7.928,7.755,7.152,7.539,7.447,6.797,6.362,5.888,6.869,8.029,7.473,7.943,8.68,7.282,7.352
2432.03,15,8.173,7.342,8.421,7.347,8.301,7.932,8.196,9.265,7.929,7.742,7.253,7.545,7.373,6.817,6.317,5.916,6.837,8.075,7.48,7.957,8.598,7.193,7.361
2433.03,15,8.226,7.296,8.472,7.334,8.237,7.942,8.188,9.268,7.869,7.726,7.222,7.508,7.399,6.82,6.278,5.863,6.829,8.09,7.503,7.925,8.648,7.231,7.359
2434.03,15,8.213,7.217,8.466,7.354,8.317,7.963,8.266,9.223,7.944,7.702,7.181,7.492,7.452,6.81,6.313,5.917,6.823,8.066,7.55,7.926,8.623,7.277,7.351
2435.03,15,8.146,7.343,8.469,7.304,8.288,7.937,8.227,9.243,7.859,7.808,7.213,7.509,7.394,6.795,6.347,5.849,6.776,8.027,7.543,7.876,8.647,7.242,7.357
2436.03,15,8.162,7.267,8.48,7.354,8.306,7.903,8.251,9.261,7.882,7.791,7.206,7.558,7.43,6.78,6.314,5.879,6.812,8.046,7.476,7.997,8.61,7.201,7.37
2437.03,15,8.192,7.311,8.429,7.308,8.295,7.918,8.216,9.289,7.898,7.749,7.236,7.502,7.353,6.769,6.299,5.794,6.838,8.063,7.489,7.919,8.602,7.248,7.406
2438.03,15,8.164,7.3,8.434,7.335,8.192,7.986,8.192,9.195,7.854,7.76,7.233,7.534,7.401,6.769,6.372,5.838,6.813,8.058,7.451,7.956,8.58,7.237,7.372
2439.03,15,8.187,7.273,8.455,7.323,8.281,7.949,8.171,9.306,7.888,7.739,7.171,7.546,7.475,6.789,6.261,5.908,6.801,8.104,7.51,7.961,8.531,7.233,7.294
2440.03,15,8.185,7.299,8.438,7.336,8.235,7.884,8.206,9.207,7.946,7.697,7.187,7.435,7.292,6.789,6.294,5.863,6.848,8.051,7.477,7.893,8.634,7.191,7.368
2441.03,15,8.2,7.334,8.436,7.344,8.31,7.804,8.24,9.243,7.898,7.708,7.222,7.465,7.332,6.835,6.304,5.884,6.815,8.083,7.485,7.911,8.6,7.315,7.398
2442.03,15,8.128,7.294,8.399,7.295,8.314,7.864,8.256,9.252,7.865,7.813,7.219,7.461,7.397,6.747,6.382,5.919,6.841,8.082,7.484,7.955,8.66,7.215,7.381
2443.03,15,8.157,7.203,8.422,7.325,8.257,7.923,8.243,9.249,7.916,7.73,7.179,7.462,7.338,6.835,6.308,5.884,6.829,8.039,7.435,7.952,8.622,7.274,7.327
2444.03,15,8.182,7.274,8.441,7.262,8.238,7.91,8.205,9.282,7.876,7.766,7.165,7.453,7.394,6.776,6.333,5.837,6.797,7.993,7.497,7.935,8.657,7.218,7.371
2445.03,15,8.229,7.29,8.433,7.301,8.337,7.86,8.222,9.237,7.874,7.745,7.244,7.499,7.319,6.769,6.336,5.848,6.775,8.093,7.435,7.946,8.65,7.207,7.382
2446.03,15,8.116,7.251,8.469,7.295,8.345,7.9,8.222,9.239,7.901,7.734,7.161,7.434,7.406,6.718,6.284,5.894,6.802,8.064,7.398,7.882,8.609,7.208,7.317
2447.03,15,8.207,7.317,8.391,7.31,8.234,7.968,8.226,9.256,7.855,7.72,7.181,7.511,7.351,6.713,6.367,5.826,6.811,8.049,7.408,7.947,8.65,7.196,7.362
2448.03,15,8.146,7.24,8.397,7.365,8.305,7.884,8.264,9.24,7.918,7.789,7.183,7.495,7.358,6.709,6.314,5.853,6.808,8.137,7.429,7.892,8.616,7.189,7.293
2449.03,15,8.2,7.244,8.438,7.39,8.232,7.878,8.179,9.192,7.864,7.804,7.166,7.49,7.327,6.766,6.303,5.892,6.804,8.117,7.521,7.935,8.593,7.311,7.371
2450.03,15,8.187,7.247,8.331,7.284,8.326,7.928,8.236,9.278,7.887,7.714,7.164,7.497,7.399,6.798,6.358,5.876,6.797,8.092,7.497,7.976,8.727,7.185,7.382
2451.03,15,8.181,7.299,8.451,7.268,8.344,7.885,8.229,9.212,7.836,7.771,7.197,7.547,7.389,6.75,6.303,5.903,6.864,8.028,7.479,7.902,8.632,7.259,7.345
2452.03,15,8.152,7.292,8.463,7.333,8.236,7.917,8.2,9.242,7.902,7.72,7.182,7.496,7.354,6.723,6.299,5.898,6.837,8.112,7.483,7.909,8.6,7.157,7.328
2453.03,15,8.151,7.319,8.402,7.321,8.25,7.85,8.211,9.272,7.842,7.746,7.158,7.512,7.35,6.804,6.36,5.834,6.765,8.107,7.436,7.927,8.633,7.189,7.398
2454.03,15,8.185,7.3,8.369,7.275,8.262,7.998,8.167,9.28,7.819,7.72,7.135,7.45,7.447,6.785,6.295,5.881,6.864,7.976,7.478,7.929,8.627,7.246,7.346
2455.03,15,8.158,7.332,8.374,7.324,8.261,7.903,8.197,9.237,7.827,7.733,7.115,7.481,7.366,6.78,6.264,5.796,6.768,8.075,7.531,7.904,8.588,7.31,7.372
2456.03,15,8.142,7.272,8.377,7.295,8.227,7.949,8.25,9.259,7.893,7.669,7.128,7.518,7.321,6.788,6.288,5.825,6.824,8.114,7.444,7.93,8.606,7.227,7.292
2457.03,15,8.172,7.241,8.43,7.279,8.233,7.905,8.196,9.219,7.892,7.71,7.177,7.407,7.394,6.752,6.267,5.8,6.808,8.089,7.428,7.87,8.609,7.2,7.313
2458.03,15,8.142,7.233,8.405,7.309,8.329,7.894,8.158,9.167,7.861,7.725,7.18,7.475,7.373,6.812,6.282,5.794,6.835,8.03,7.46,7.904,8.611,7.268,7.307
2459.03,15,8.197,7.303,8.462,7.31,8.24,7.866,8.235,9.305,7.96,7.73,7.225,7.515,7.383,6.719,6.277,5.841,6.839,8.015,7.446,7.874,8.542,7.194,7.36
2460.03,15,8.155,7.187,8.365,7.333,8.227,7.867,8.199,9.249,7.812,7.679,7.175,7.458,7.383,6.717,6.254,5.834,6.8,8.084,7.482,7.943,8.608,7.244,7.342
2461.03,15,8.14,7.253,8.403,7.305,8.212,7.917,8.17,9.256,7.89,7.704,7.169,7.484,7.352,6.683,6.297,5.877,6.712,8.035,7.438,7.916,8.611,7.27,7.342
2462.03,15,8.126,7.269,8.412,7.305,8.238,7.909,8.194,9.222,7.927,7.726,7.172,7.498,7.381,6.716,6.242,5.819,6.858,8.044,7.423,7.875,8.606,7.092,7.373
2463.03,15,8.216,7.289,8.353,7.274,8.262,7.865,8.197,9.219,7.856,7.794,7.227,7.448,7.332,6.745,6.271,5.79,6.746,8.07,7.476,7.865,8.606,7.159,7.324
2464.03,15,8.092,7.248,8.398,7.366,8.237,7.894,8.184,9.233,7.861,7.737,7.116,7.459,7.403,6.749,6.275,5.814,6.835,7.999,7.465,7.951,8.659,7.218,7.349
2465.03,15,8.207,7.322,8.387,7.329,8.255,7.876,8.237,9.225,7.884,7.688,7.166,7.482,7.361,6.741,6.317,5.809,6.801,8.061,7.468,7.936,8.606,7.177,7.391
2466.03,15,8.116,7.289,8.46,7.277,8.233,7.907,8.204,9.262,7.804,7.785,7.112,7.486,7.304,6.774,6.23,5.82,6.738,8.162,7.456,7.893,8.653,7.242,7.359
2467.03,15,8.135,7.312,8.406,7.315,8.276,7.904,8.2,9.218,7.845,7.754,7.165,7.449,7.266,6.745,6.25,5.885,6.792,8.048,7.466,7.983,8.563,7.121,7.321
2468.03,15,8.125,7.232,8.411,7.299,8.184,7.923,8.188,9.168,7.904,7.68,7.115,7.391,7.401,6.713,6.295,5.808,6.855,8.025,7.431,8.012,8.605,7.205,7.347
2469.03,15,8.124,7.278,8.45,7.272,8.242,7.874,8.272,9.213,7.818,7.726,7.14,7.444,7.335,6.629,6.324,5.774,6.791,7.999,7.403,7.918,8.635,7.16,7.346
2470.03,15,8.094,7.297,8.42,7.266,8.187,7.898,8.201,9.219,7.89,7.718,7.146,7.472,7.284,6.705,6.306,5.89,6.798,8.087,7.486,7.93,8.569,7.236,7.354
2471.03,15,8.044,7.249,8.379,7.258,8.276,7.863,8.178,9.22,7.84,7.738,7.135,7.503,7.388,6.728,6.314,5.772,6.819,8.023,7.47,7.874,8.611,7.226,7.338
2472.03,15,8.146,7.281,8.396,7.352,8.24,7.869,8.172,9.226,7.835,7.701,7.118,7.535,7.357,6.745,6.256,5.851,6.764,8.067,7.439,7.947,8.605,7.192,7.345
2473.03,15,8.115,7.253,8.359,7.344,8.264,7.817,8.199,9.207,7.801,7.71,7.139,7.494,7.326,6.702,6.277,5.819,6.806,8.124,7.474,7.904,8.578,7.263,7.326
2474.03,15,8.068,7.231,8.373,7.296,8.254,7.892,8.214,9.15,7.853,7.718,7.079,7.437,7.341,6.738,6.247,5.852,6.782,8.1,7.464,7.935,8.604,7.205,7.362
2475.03,15,8.119,7.243,8.417,7.333,8.204,7.847,8.127,9.173,7.821,7.793,7.091,7.489,7.379,6.772,6.219,5.828,6.841,8.108,7.393,7.913,8.611,7.193,7.329
2476.03,15,8.085,7.222,8.392,7.279,8.211,7.908,8.216,9.27,7.847,7.671,7.164,7.439,7.358,6.736,6.24,5.776,6.82,8.11,7.438,7.946,8.542,7.201,7.329
2477.03,15,8.104,7.252,8.377,7.288,8.278,7.907,8.145,9.2,7.806,7.714,7.146,7.456,7.387,6.669,6.246,5.82,6.804,8.023,7.466,7.96,8.607,7.223,7.317
2478.03,15,8.066,7.291,8.425,7.278,8.21,7.853,8.197,9.186,7.849,7.789,7.137,7.444,7.344,6.709,6.206,5.809,6.825,8.077,7.429,7.93,8.626,7.277,7.308
2479.03,15,8.098,7.239,8.37,7.271,8.184,7.908,8.17,9.246,7.832,7.712,7.077,7.49,7.396,6.696,6.201,5.807,6.817,7.992,7.436,7.915,8.566,7.271,7.333
2480.03,15,8.116,7.303,8.392,7.319,8.197,7.818,8.143,9.182,7.769,7.702,7.077,7.442,7.278,6.687,6.269,5.82,6.791,8.022,7.46,7.903,8.578,7.198,7.342
2481.03,15,8.173,7.255,8.35,7.305,8.247,7.881,8.178,9.276,7.785,7.723,7.157,7.487,7.332,6.72,6.285,5.805,6.764,8.041,7.472,7.989,8.595,7.21,7.33
2482.03,15,8.098,7.283,8.4,7.212,8.222,7.872,8.223,9.215,7.824,7.708,7.164,7.434,7.372,6.773,6.266,5.816,6.778,8.045,7.422,7.891,8.598,7.25,7.301
2483.03,15,8.138,7.262,8.402,7.319,8.262,7.824,8.154,9.195,7.868,7.669,7.195,7.534,7.38,6.741,6.215,5.786,6.746,8.064,7.423,7.905,8.658,7.223,7.295
2484.03,15,8.128,7.233,8.357,7.316,8.23,7.917,8.181,9.169,7.812,7.735,7.114,7.439,7.291,6.716,6.236,5.902,6.793,8.038,7.4,7.872,8.59,7.191,7.356
2485.03,15,8.155,7.195,8.397,7.306,8.235,7.888,8.181,9.211,7.75,7.698,7.148,7.437,7.398,6.714,6.246,5.853,6.764,8.05,7.444,7.868,8.557,7.248,7.289
2486.03,15,8.079,7.235,8.357,7.351,8.243,7.874,8.198,9.166,7.806,7.71,7.091,7.422,7.377,6.748,6.267,5.806,6.796,8.013,7.474,7.946,8.61,7.14,7.305
2487.03,15,8.181,7.234,8.327,7.292,8.29,7.854,8.228,9.225,7.812,7.712,7.183,7.444,7.371,6.741,6.281,5.792,6.796,8.04,7.436,7.893,8.598,7.218,7.371
2488.03,15,8.118,7.209,8.376,7.314,8.26,7.883,8.214,9.166,7.856,7.707,7.124,7.427,7.383,6.684,6.214,5.768,6.79,7.985,7.463,7.903,8.611,7.189,7.297
2489.03,15,8.146,7.268,8.386,7.302,8.204,7.861,8.206,9.217,7.804,7.683,7.125,7.451,7.312,6.67,6.283,5.888,6.818,7.999,7.453,7.912,8.567,7.222,7.295
2490.03,15,8.06,7.257,8.392,7.343,8.236,7.85,8.192,9.223,7.853,7.723,7.158,7.417,7.256,6.707,6.263,5.738,6.765,8.02,7.47,7.889,8.585,7.15,7.315
2491.03,15,8.056,7.206,8.369,7.332,8.273,7.869,8.18,9.139,7.801,7.722,7.11,7.415,7.237,6.639,6.198,5.862,6.789,8.049,7.437,7.976,8.588,7.186,7.363
2492.03,15,8.153,7.25,8.353,7.282,8.199,7.852,8.175,9.243,7.749,7.669,7.127,7.436,7.344,6.758,6.18,5.804,6.803,8.059,7.494,7.936,8.617,7.15,7.316
2493.03,15,8.06,7.15,8.353,7.347,8.272,7.836,8.223,9.213,7.725,7.764,7.23,7.397,7.333,6.679,6.194,5.829,6.731,8.042,7.47,7.887,8.629,7.21,7.335
2494.03,15,8.097,7.202,8.392,7.288,8.227,7.819,8.182,9.279,7.841,7.674,7.117,7.497,7.358,6.701,6.292,5.802,6.808,7.992,7.438,7.914,8.615,7.18,7.356
2495.03,15,8.182,7.199,8.361,7.333,8.271,7.914,8.157,9.262,7.75,7.714,7.151,7.399,7.369,6.697,6.253,5.828,6.731,7.995,7.459,7.876,8.557,7.195,7.336
2496.03,15,8.048,7.188,8.322,7.299,8.238,7.854,8.187,9.201,7.823,7.693,7.138,7.46,7.394,6.759,6.221,5.834,6.745,8.05,7.378,7.923,8.643,7.218,7.371
2497.03,15,8.047,7.283,8.365,7.314,8.175,7.839,8.154,9.255,7.864,7.679,7.086,7.478,7.348,6.734,6.258,5.803,6.829,8.005,7.415,7.842,8.614,7.163,7.257
2498.03,15,8.095,7.098,8.414,7.261,8.256,7.809,8.13,9.203,7.784,7.674,7.105,7.435,7.392,6.684,6.25,5.743,6.826,8.062,7.408,7.85,8.574,7.198,7.3
2499.03,15,8.131,7.237,8.331,7.205,8.253,7.856,8.128,9.19,7.758,7.631,7.12,7.412,7.314,6.656,6.244,5.791,6.835,8.067,7.477,7.953,8.581,7.188,7.353
2500.03,15,8.055,7.192,8.43,7.267,8.193,7.93,8.157,9.214,7.806,7.721,7.158,7.415,7.313,6.686,6.226,5.781,6.769,8.071,7.522,7.907,8.598,7.216,7.338
2501.03,15,8.12,7.235,8.364,7.221,8.199,7.792,8.199,9.184,7.779,7.69,7.114,7.427,7.398,6.739,6.273,5.817,6.744,8.015,7.461,7.922,8.669,7.173,7.357
2502.03,15,8.09,7.223,8.381,7.296,8.216,7.852,8.174,9.24,7.757,7.712,7.076,7.462,7.382,6.681,6.202,5.757,6.741,8.048,7.414,7.867,8.656,7.118,7.281
2503.03,15,8.122,7.171,8.396,7.273,8.266,7.805,8.158,9.189,7.77,7.618,7.093,7.466,7.381,6.666,6.161,5.705,6.78,7.971,7.459,7.844,8.583,7.215,7.361
2504.03,15,8.176,7.198,8.313,7.221,8.218,7.861,8.151,9.161,7.806,7.681,7.074,7.377,7.336,6.689,6.243,5.8,6.786,8.097,7.432,7.795,8.553,7.178,7.327
2505.03,15,8.14,7.256,8.345,7.242,8.166,7.846,8.162,9.221,7.831,7.697,7.135,7.407,7.33,6.651,6.141,5.776,6.796,8.054,7.428,7.86,8.628,7.208,7.296
2506.03,15,8.122,7.252,8.368,7.246,8.185,7.854,8.158,9.166,7.786,7.647,7.088,7.424,7.374,6.715,6.314,5.829,6.733,8.038,7.413,7.866,8.527,7.232,7.336
2507.03,15,8.069,7.221,8.373,7.27,8.258,7.824,8.172,9.175,7.818,7.649,7.131,7.44,7.251,6.653,6.22,5.794,6.776,8.028,7.447,7.935,8.574,7.184,7.347
2508.03,15,8.116,7.186,8.327,7.249,8.159,7.803,8.154,9.135,7.847,7.69,7.077,7.43,7.357,6.653,6.227,5.794,6.749,8.019,7.459,7.957,8.664,7.227,7.303
2509.03,15,8.043,7.196,8.381,7.26,8.225,7.883,8.149,9.174,7.821,7.678,7.129,7.454,7.285,6.71,6.174,5.776,6.821,8.014,7.393,7.884,8.648,7.232,7.288
2510.03,15,7.991,7.194,8.33,7.229,8.215,7.816,8.15,9.172,7.711,7.695,7.042,7.424,7.335,6.641,6.211,5.847,6.777,8.014,7.471,7.866,8.58,7.16,7.294
2511.03,15,8.092,7.156,8.28,7.228,8.225,7.855,8.183,9.188,7.816,7.681,7.093,7.362,7.376,6.734,6.261,5.768,6.765,7.999,7.385,7.881,8.571,7.256,7.317
2512.03,15,8.078,7.249,8.324,7.321,8.256,7.911,8.176,9.182,7.801,7.717,7.123,7.379,7.27,6.661,6.226,5.794,6.795,8.015,7.422,7.908,8.592,7.239,7.339
2513.03,15,8.063,7.17,8.352,7.231,8.202,7.856,8.134,9.215,7.786,7.68,7.115,7.408,7.306,6.67,6.213,5.771,6.755,8.018,7.414,7.926,8.526,7.186,7.354
2514.03,15,8.018,7.106,8.318,7.286,8.212,7.87,8.179,9.177,7.755,7.631,7.097,7.386,7.316,6.7,6.212,5.777,6.735,7.981,7.423,7.926,8.599,7.201,7.342
2515.03,15,7.995,7.142,8.399,7.298,8.251,7.844,8.108,9.186,7.76,7.658,7.078,7.428,7.331,6.714,6.138,5.748,6.723,8.007,7.446,7.889,8.628,7.126,7.327
2516.03,15,8.071,7.241,8.364,7.266,8.217,7.814,8.156,9.224,7.773,7.636,7.095,7.387,7.355,6.646,6.264,5.806,6.735,8.083,7.442,7.899,8.656,7.203,7.349
2517.03,15,8.089,7.193,8.298,7.281,8.183,7.798,8.168,9.225,7.775,7.614,7.089,7.448,7.355,6.623,6.17,5.762,6.749,8.051,7.465,7.937,8.573,7.161,7.337
2518.03,15,8.058,7.236,8.362,7.227,8.235,7.815,8.13,9.188,7.735,7.687,7.013,7.401,7.28,6.721,6.191,5.79,6.763,7.993,7.423,7.868,8.606,7.147,7.339
2519.03,15,8.089,7.197,8.34,7.197,8.255,7.802,8.194,9.183,7.811,7.758,7.065,7.468,7.349,6.746,6.241,5.755,6.723,8.016,7.461,7.869,8.602,7.245,7.266
2520.03,15,8.058,7.188,8.391,7.285,8.211,7.874,8.15,9.175,7.779,7.71,7.069,7.35,7.295,6.572,6.201,5.779,6.822,8.055,7.435,7.905,8.611,7.163,7.339
2521.03,15,8.052,7.202,8.337,7.236,8.205,7.777,8.226,9.217,7.768,7.681,7.075,7.417,7.318,6.622,6.206,5.795,6.789,8.033,7.393,7.881,8.636,7.197,7.325
2522.03,15,8.04,7.169,8.321,7.196,8.207,7.82,8.137,9.156,7.824,7.659,7.111,7.386,7.331,6.669,6.186,5.839,6.755,8.029,7.447,7.857,8.583,7.182,7.328
2523.03,15,8.092,7.191,8.385,7.297,8.152,7.916,8.115,9.102,7.752,7.655,7.055,7.431,7.336,6.671,6.188,5.741,6.743,8.083,7.402,7.905,8.663,7.142,7.246
2524.03,15,8.081,7.16,8.232,7.225,8.188,7.756,8.136,9.115,7.763,7.629,7.074,7.359,7.245,6.626,6.203,5.802,6.831,7.969,7.413,7.94,8.548,7.182,7.264
2525.03,15,8.084,7.176,8.39,7.205,8.177,7.829,8.125,9.171,7.853,7.738,7.09,7.409,7.324,6.614,6.203,5.722,6.75,7.968,7.47,7.866,8.573,7.177,7.295
2526.03,15,8.063,7.187,8.346,7.31,8.214,7.789,8.103,9.194,7.84,7.683,7.071,7.35,7.275,6.674,6.17,5.765,6.728,8.053,7.433,7.909,8.606,7.206,7.219
2527.03,15,8.006,7.154,8.249,7.271,8.164,7.854,8.125,9.152,7.78,7.647,7.056,7.332,7.319,6.654,6.169,5.759,6.754,8.059,7.401,7.929,8.646,7.163,7.348
2528.03,15,8.118,7.205,8.288,7.284,8.18,7.85,8.09,9.107,7.801,7.634,7.067,7.339,7.324,6.622,6.159,5.777,6.753,8.069,7.405,7.868,8.618,7.263,7.294
2529.03,15,8.04,7.168,8.301,7.215,8.222,7.802,8.146,9.17,7.762,7.663,7.042,7.373,7.381,6.617,6.248,5.755,6.743,8.026,7.403,7.863,8.622,7.182,7.292
2530.03,15,8.033,7.186,8.275,7.252,8.184,7.88,8.11,9.135,7.836,7.659,7.099,7.379,7.292,6.611,6.177,5.794,6.799,8.044,7.421,7.916,8.518,7.153,7.319
2531.03,15,8.055,7.198,8.356,7.213,8.176,7.781,8.136,9.174,7.815,7.656,7.078,7.373,7.31,6.646,6.196,5.788,6.81,8.046,7.436,7.9,8.595,7.181,7.28
2532.03,15,8.038,7.152,8.294,7.281,8.234,7.781,8.159,9.22,7.703,7.603,7.045,7.4,7.3,6.666,6.22,5.799,6.735,8.051,7.344,7.893,8.593,7.186,7.315
2533.03,15,8.11,7.124,8.34,7.259,8.143,7.8,8.136,9.173,7.759,7.659,7.089,7.366,7.337,6.705,6.137,5.752,6.724,8.014,7.447,7.839,8.564,7.185,7.289
2534.03,15,8.07,7.175,8.298,7.291,8.211,7.822,8.098,9.11,7.79,7.672,7.114,7.428,7.361,6.659,6.189,5.8,6.74,8,7.444,7.924,8.592,7.165,7.352
2535.03,15,8.029,7.167,8.318,7.27,8.155,7.778,8.109,9.162,7.71,7.631,7.041,7.389,7.34,6.612,6.183,5.8,6.754,8.02,7.404,7.89,8.594,7.167,7.32
2536.03,15,8.032,7.224,8.321,7.208,8.16,7.85,8.145,9.172,7.782,7.638,7.03,7.385,7.324,6.591,6.192,5.775,6.787,8.012,7.425,7.809,8.579,7.138,7.286
2537.03,15,8.031,7.114,8.312,7.26,8.233,7.806,8.131,9.156,7.744,7.693,7.008,7.376,7.296,6.655,6.154,5.808,6.779,8.018,7.329,7.854,8.595,7.101,7.284
2538.03,15,8.057,7.097,8.305,7.241,8.22,7.788,8.123,9.146,7.734,7.683,7.042,7.387,7.284,6.656,6.163,5.741,6.772,8.03,7.415,7.938,8.53,7.183,7.267
2539.03,15,8.052,7.217,8.322,7.272,8.14,7.835,8.127,9.231,7.781,7.638,6.997,7.367,7.371,6.639,6.158,5.763,6.769,8.082,7.4,7.91,8.597,7.16,7.293
2540.03,15,8.073,7.083,8.287,7.232,8.158,7.822,8.084,9.152,7.729,7.612,7.1,7.4,7.291,6.616,6.173,5.793,6.753,8.006,7.426,7.862,8.522,7.208,7.333
2541.03,15,7.996,7.071,8.308,7.282,8.148,7.726,8.093,9.121,7.758,7.692,7.003,7.404,7.308,6.635,6.2,5.731,6.774,7.975,7.395,7.885,8.553,7.148,7.27
2542.03,15,7.991,7.147,8.31,7.252,8.143,7.77,8.118,9.142,7.74,7.659,7.075,7.406,7.264,6.709,6.136,5.741,6.76,8.025,7.399,7.835,8.569,7.207,7.275
2543.03,15,8.013,7.158,8.217,7.247,8.152,7.8,8.092,9.093,7.781,7.597,7.045,7.383,7.346,6.64,6.202,5.76,6.775,8.039,7.403,7.852,8.547,7.205,7.278
2544.03,15,7.943,7.197,8.306,7.316,8.19,7.772,8.098,9.239,7.66,7.618,7.106,7.415,7.326,6.712,6.17,5.717,6.772,8.001,7.44,7.833,8.491,7.128,7.304
2545.03,15,8.07,7.158,8.318,7.189,8.14,7.787,8.163,9.12,7.783,7.661,7.031,7.41,7.301,6.586,6.171,5.744,6.69,7.964,7.429,7.775,8.555,7.211,7.299
2546.03,15,7.969,7.12,8.306,7.319,8.203,7.737,8.108,9.162,7.745,7.652,7.028,7.332,7.258,6.628,6.095,5.744,6.771,8.06,7.422,7.8,8.54,7.129,7.311
2547.03,15,8,7.117,8.305,7.17,8.193,7.768,8.096,9.148,7.739,7.645,7.097,7.371,7.38,6.655,6.19,5.668,6.691,8.007,7.317,7.824,8.554,7.188,7.254
2548.03,15,8.025,7.125,8.295,7.261,8.152,7.771,8.12,9.146,7.712,7.651,7.103,7.393,7.313,6.626,6.224,5.818,6.739,7.994,7.388,7.874,8.605,7.174,7.238
2549.03,15,8.05,7.178,8.255,7.206,8.139,7.719,8.116,9.134,7.742,7.602,7.032,7.377,7.318,6.607,6.214,5.769,6.764,8.033,7.382,7.879,8.586,7.148,7.285
2550.03,15,7.995,7.179,8.36,7.232,8.239,7.797,8.134,9.124,7.739,7.63,7.074,7.374,7.303,6.609,6.201,5.73,6.741,8.023,7.388,7.819,8.534,7.193,7.307
2551.03,15,7.994,7.173,8.305,7.234,8.173,7.822,8.066,9.166,7.74,7.702,7.027,7.358,7.279,6.618,6.122,5.782,6.774,8.048,7.39,7.82,8.515,7.162,7.31
2552.03,15,8.04,7.149,8.272,7.171,8.135,7.783,8.154,9.176,7.742,7.631,7.044,7.308,7.319,6.616,6.171,5.799,6.718,7.991,7.429,7.871,8.58,7.141,7.225
2553.03,15,7.972,7.146,8.275,7.293,8.157,7.734,8.142,9.154,7.659,7.684,7.044,7.348,7.248,6.568,6.127,5.746,6.702,8.039,7.366,7.853,8.613,7.154,7.341
2554.03,15,8.074,7.13,8.271,7.22,8.124,7.814,8.135,9.128,7.651,7.645,7.037,7.353,7.279,6.601,6.17,5.682,6.73,8.032,7.395,7.881,8.572,7.171,7.295
2555.03,15,7.994,7.114,8.295,7.235,8.207,7.799,8.171,9.184,7.754,7.602,7.034,7.319,7.293,6.585,6.111,5.737,6.716,8.036,7.435,7.824,8.571,7.207,7.252
2556.03,15,7.96,7.127,8.284,7.253,8.15,7.742,8.111,9.113,7.718,7.658,6.974,7.334,7.365,6.594,6.2,5.796,6.674,7.999,7.443,7.884,8.606,7.163,7.321
2557.03,15,8.019,7.113,8.308,7.267,8.192,7.768,8.088,9.176,7.743,7.653,7.046,7.347,7.241,6.585,6.132,5.704,6.761,8.038,7.383,7.844,8.532,7.093,7.235
2558.03,15,7.932,7.109,8.279,7.264,8.166,7.791,8.104,9.147,7.685,7.66,7.07,7.32,7.29,6.652,6.2,5.772,6.714,7.99,7.386,7.945,8.591,7.2,7.278
2559.03,15,8.028,7.1,8.273,7.25,8.15,7.787,8.124,9.156,7.7,7.656,7.014,7.355,7.231,6.645,6.097,5.778,6.742,8.034,7.363,7.836,8.546,7.203,7.328
2560.03,15,8.064,7.093,8.243,7.196,8.131,7.723,8.088,9.093,7.734,7.7,7.06,7.335,7.232,6.668,6.164,5.724,6.726,7.97,7.386,7.803,8.541,7.177,7.319
2561.03,15,8.04,7.079,8.229,7.195,8.158,7.833,8.148,9.151,7.657,7.625,7.01,7.272,7.289,6.628,6.164,5.698,6.699,8.006,7.467,7.835,8.594,7.171,7.237
2562.03,15,8.025,7.131,8.215,7.138,8.17,7.787,8.072,9.133,7.759,7.703,7.069,7.38,7.284,6.615,6.134,5.72,6.765,7.964,7.362,7.836,8.534,7.119,7.259
2563.03,15,7.967,7.132,8.278,7.192,8.182,7.788,8.089,9.165,7.675,7.659,7.017,7.302,7.307,6.696,6.179,5.737,6.743,7.992,7.379,7.83,8.552,7.14,7.321
2564.03,15,8.021,7.156,8.242,7.244,8.181,7.763,8.068,9.108,7.731,7.589,6.923,7.367,7.278,6.63,6.17,5.729,6.726,8.015,7.455,7.869,8.605,7.121,7.305
2565.03,15,8.036,7.084,8.276,7.16,8.129,7.733,8.104,9.117,7.694,7.599,6.993,7.291,7.329,6.598,6.17,5.69,6.699,8.095,7.383,7.83,8.594,7.179,7.329
2566.03,15,7.989,7.084,8.312,7.154,8.186,7.807,8.151,9.132,7.733,7.65,7.016,7.328,7.345,6.529,6.114,5.688,6.749,7.986,7.406,7.774,8.609,7.104,7.289
2567.03,15,8.002,7.136,8.243,7.215,8.14,7.8,8.092,9.109,7.697,7.681,6.986,7.365,7.282,6.614,6.193,5.687,6.681,7.996,7.47,7.824,8.501,7.151,7.24
2568.03,15,8.008,7.122,8.262,7.163,8.16,7.736,8.003,9.182,7.708,7.63,6.998,7.432,7.297,6.638,6.126,5.71,6.675,8.004,7.362,7.863,8.552,7.147,7.313
2569.03,15,8.006,7.129,8.294,7.177,8.118,7.752,8.115,9.101,7.779,7.611,7.03,7.346,7.295,6.566,6.144,5.638,6.719,8.028,7.404,7.866,8.566,7.183,7.306
2570.03,15,8.007,7.058,8.236,7.25,8.205,7.811,8.085,9.108,7.653,7.644,6.993,7.261,7.257,6.566,6.131,5.701,6.71,7.974,7.372,7.811,8.565,7.141,7.296
2571.03,15,7.943,7.163,8.259,7.173,8.139,7.768,8.039,9.035,7.812,7.63,6.988,7.308,7.279,6.593,6.106,5.666,6.705,7.958,7.463,7.82,8.592,7.118,7.273
2572.03,15,7.964,7.151,8.199,7.238,8.2,7.776,8.069,9.084,7.697,7.648,6.999,7.35,7.254,6.571,6.116,5.756,6.674,8.055,7.35,7.832,8.625,7.198,7.295
2573.03,15,7.99,7.162,8.215,7.2,8.167,7.761,8.21,9.067,7.633,7.537,6.953,7.303,7.277,6.499,6.106,5.745,6.755,7.964,7.373,7.798,8.634,7.186,7.25
2574.03,15,7.938,7.051,8.229,7.249,8.066,7.765,8.117,9.134,7.675,7.639,7.046,7.33,7.296,6.639,6.07,5.633,6.698,7.978,7.425,7.877,8.574,7.134,7.26
2575.03,15,8.013,7.153,8.276,7.25,8.149,7.705,8.131,9.116,7.72,7.627,6.974,7.335,7.321,6.575,6.126,5.753,6.75,7.989,7.399,7.749,8.543,7.166,7.297
2576.03,15,7.989,7.156,8.26,7.273,8.148,7.794,8.085,9.145,7.652,7.646,7.032,7.334,7.3,6.524,6.128,5.714,6.72,7.95,7.379,7.86,8.549,7.167,7.21
2577.03,15,8.005,7.128,8.296,7.187,8.19,7.774,8.106,9.123,7.734,7.6,7.014,7.312,7.275,6.583,6.1,5.678,6.777,8.009,7.357,7.851,8.576,7.122,7.28
2578.03,15,7.934,7.105,8.319,7.237,8.135,7.817,8.133,9.079,7.654,7.629,6.993,7.299,7.327,6.549,6.091,5.667,6.736,8.008,7.393,7.881,8.603,7.095,7.288
2579.03,15,8.03,7.087,8.296,7.154,8.145,7.786,8.078,9.109,7.696,7.602,7.011,7.301,7.283,6.582,6.09,5.695,6.748,7.947,7.412,7.76,8.638,7.151,7.227
2580.03,15,7.952,7.112,8.286,7.189,8.133,7.792,8.143,9.09,7.731,7.626,7.017,7.351,7.29,6.599,6.177,5.739,6.761,7.91,7.389,7.869,8.57,7.101,7.236
2581.03,15,7.967,7.078,8.231,7.201,8.161,7.716,8.105,9.108,7.705,7.676,7.051,7.332,7.275,6.63,6.072,5.69,6.73,7.999,7.395,7.807,8.613,7.13,7.29
2582.03,15,8.027,7.12,8.277,7.175,8.113,7.676,8.135,9.166,7.71,7.623,7.061,7.282,7.291,6.569,6.101,5.697,6.672,8,7.357,7.83,8.551,7.153,7.252
2583.03,15,7.982,7.114,8.266,7.236,8.182,7.766,8.214,9.113,7.684,7.563,6.941,7.298,7.286,6.552,6.114,5.711,6.662,7.955,7.411,7.832,8.551,7.137,7.239
2584.03,15,7.915,7.124,8.207,7.183,8.13,7.769,8.06,9.111,7.691,7.642,7.063,7.301,7.224,6.672,6.095,5.683,6.777,7.993,7.411,7.89,8.573,7.182,7.286
2585.03,15,7.953,7.155,8.249,7.191,8.26,7.699,8.104,9.108,7.694,7.65,6.987,7.282,7.258,6.599,6.12,5.659,6.745,8.016,7.408,7.818,8.56,7.132,7.279
2586.03,15,8.031,7.113,8.284,7.159,8.124,7.753,8.112,9.12,7.688,7.684,6.965,7.289,7.25,6.578,6.079,5.673,6.77,7.986,7.339,7.89,8.549,7.16,7.225
2587.03,15,7.997,7.155,8.236,7.198,8.143,7.761,8.088,9.125,7.678,7.618,6.944,7.339,7.248,6.529,6.092,5.775,6.745,8.016,7.421,7.848,8.535,7.17,7.27
2588.03,15,8.037,7.098,8.169,7.162,8.142,7.795,8.063,9.106,7.677,7.653,6.996,7.373,7.279,6.532,6.115,5.641,6.735,8.038,7.386,7.801,8.514,7.16,7.303
2589.03,15,8.064,7.096,8.241,7.16,8.096,7.712,8.079,9.098,7.692,7.623,7.047,7.34,7.241,6.554,6.061,5.761,6.729,7.94,7.443,7.84,8.597,7.155,7.299
2590.03,15,7.944,7.152,8.218,7.177,8.081,7.757,7.987,9.101,7.661,7.604,7.035,7.301,7.264,6.559,6.105,5.699,6.757,8.004,7.376,7.794,8.555,7.162,7.282
2591.03,15,7.895,7.086,8.179,7.168,8.169,7.74,8.058,9.003,7.646,7.684,6.964,7.361,7.334,6.575,6.068,5.659,6.751,7.955,7.328,7.824,8.553,7.13,7.311
2592.03,15,8.007,7.118,8.317,7.128,8.178,7.723,8.045,9.079,7.729,7.596,6.994,7.323,7.19,6.594,6.119,5.691,6.759,8.008,7.384,7.84,8.512,7.13,7.248
2593.03,15,7.978,7.085,8.199,7.13,8.109,7.734,8.116,9.083,7.707,7.635,6.94,7.356,7.306,6.593,6.072,5.675,6.75,7.981,7.452,7.85,8.569,7.098,7.308
2594.03,15,7.996,7.048,8.199,7.212,8.069,7.755,8.14,9.118,7.653,7.59,6.979,7.305,7.259,6.583,6.143,5.723,6.765,7.981,7.391,7.889,8.541,7.182,7.312
2595.03,15,8.015,6.977,8.257,7.135,8.115,7.74,8.036,9.047,7.65,7.587,6.913,7.283,7.271,6.547,6.12,5.739,6.693,7.998,7.421,7.803,8.553,7.138,7.212
2596.03,15,8.019,7.101,8.236,7.115,8.08,7.713,8.092,9.084,7.648,7.652,6.997,7.349,7.247,6.518,6.128,5.738,6.692,7.974,7.357,7.809,8.514,7.143,7.248
2597.03,15,7.96,7.07,8.209,7.216,8.152,7.755,8.114,9.095,7.726,7.599,6.913,7.307,7.271,6.615,6.071,5.646,6.729,7.947,7.364,7.795,8.538,7.186,7.222
2598.03,15,8.022,7.086,8.234,7.186,8.132,7.733,8.042,9.119,7.666,7.604,6.904,7.319,7.277,6.612,6.076,5.698,6.72,7.951,7.397,7.848,8.539,7.108,7.254
2599.03,15,7.948,7.107,8.234,7.154,8.146,7.723,8.176,9.057,7.664,7.668,6.929,7.265,7.25,6.555,6.023,5.692,6.643,7.957,7.367,7.855,8.623,7.145,7.278
2600.03,15,7.956,7.055,8.22,7.109,8.13,7.714,8.065,9.107,7.667,7.601,6.926,7.324,7.314,6.595,6.139,5.63,6.753,8.008,7.424,7.867,8.57,7.208,7.278
2601.03,15,7.929,7.139,8.255,7.247,8.164,7.71,8.032,9.126,7.67,7.578,6.994,7.274,7.241,6.51,6.048,5.659,6.711,7.976,7.427,7.849,8.485,7.199,7.315
2602.03,15,7.954,7.032,8.239,7.191,8.073,7.701,8.051,9.121,7.671,7.592,6.926,7.241,7.28,6.496,6.096,5.714,6.648,8.002,7.282,7.85,8.574,7.094,7.28
2603.03,15,7.911,7.066,8.203,7.139,8.152,7.747,8.111,9.17,7.668,7.598,6.97,7.313,7.233,6.549,6.152,5.638,6.747,7.918,7.37,7.761,8.512,7.163,7.258
2604.03,15,7.992,7.084,8.217,7.207,8.114,7.705,8.127,9.057,7.687,7.584,6.872,7.271,7.197,6.522,6.1,5.693,6.752,7.988,7.359,7.869,8.533,7.168,7.296
2605.03,15,7.869,7.09,8.237,7.153,8.106,7.693,8.191,9.094,7.614,7.555,6.946,7.226,7.29,6.515,6.107,5.683,6.687,7.934,7.36,7.91,8.52,7.081,7.2
2606.03,15,7.922,7.061,8.168,7.207,8.115,7.675,8.043,9.064,7.726,7.636,6.918,7.386,7.233,6.576,6.105,5.63,6.689,8.002,7.397,7.89,8.564,7.12,7.224
2607.03,15,7.908,7.106,8.181,7.123,8.11,7.749,8.038,9.075,7.623,7.652,6.991,7.272,7.283,6.524,6.083,5.666,6.627,7.941,7.415,7.866,8.46,7.135,7.322
2608.03,15,7.928,7.007,8.169,7.172,8.158,7.731,8.101,9.057,7.719,7.589,6.951,7.283,7.26,6.526,6.119,5.657,6.719,7.923,7.348,7.856,8.498,7.169,7.218
2609.03,15,7.971,7.034,8.22,7.204,8.153,7.747,8.124,9.028,7.662,7.558,6.94,7.312,7.318,6.57,6.088,5.642,6.74,7.975,7.349,7.817,8.579,7.153,7.268
2610.03,15,7.956,7.049,8.257,7.159,8.08,7.715,8.057,9.102,7.674,7.587,6.902,7.267,7.223,6.52,6.097,5.704,6.721,7.927,7.407,7.829,8.515,7.149,7.254
2611.03,15,7.929,7.124,8.197,7.192,8.105,7.661,8.046,9.101,7.612,7.645,6.955,7.326,7.266,6.554,6.116,5.68,6.669,7.955,7.39,7.809,8.45,7.099,7.296
2612.03,15,7.939,6.979,8.248,7.148,8.124,7.78,8.107,9.065,7.703,7.546,6.988,7.269,7.238,6.53,6.089,5.732,6.681,7.928,7.37,7.814,8.533,7.21,7.3
2613.03,15,7.897,7.05,8.192,7.161,8.118,7.735,8.077,9.1,7.715,7.607,7.007,7.297,7.23,6.52,6.071,5.681,6.713,7.966,7.367,7.807,8.56,7.118,7.263
2614.03,15,7.971,7.101,8.142,7.181,8.097,7.726,8.053,9.042,7.71,7.636,6.936,7.28,7.351,6.548,6.101,5.734,6.694,7.966,7.376,7.807,8.469,7.109,7.275
2615.03,15,7.981,6.994,8.182,7.154,8.173,7.675,8.077,9.048,7.645,7.552,6.876,7.235,7.259,6.519,6.086,5.629,6.755,7.936,7.432,7.808,8.564,7.097,7.167
2616.03,15,7.885,7.08,8.28,7.121,8.073,7.759,8.067,9.137,7.619,7.573,6.919,7.265,7.316,6.501,6.072,5.621,6.796,7.981,7.361,7.798,8.617,7.157,7.218
2617.03,15,7.878,7.077,8.175,7.159,8.063,7.723,8.06,9.103,7.619,7.636,6.887,7.306,7.273,6.518,6.076,5.686,6.732,7.987,7.326,7.846,8.61,7.083,7.245
2618.03,15,7.918,7.03,8.214,7.186,8.084,7.721,7.995,9.055,7.648,7.609,6.885,7.342,7.271,6.547,6.096,5.677,6.743,7.952,7.35,7.807,8.518,7.124,7.291
2619.03,15,7.846,7.076,8.119,7.162,8.065,7.722,8.111,9.082,7.624,7.522,6.948,7.318,7.262,6.54,6.105,5.655,6.672,7.996,7.411,7.811,8.496,7.143,7.24
2620.03,15,7.931,7.057,8.18,7.163,8.054,7.676,8.049,9.057,7.656,7.579,6.97,7.266,7.263,6.502,5.951,5.598,6.705,7.956,7.281,7.838,8.537,7.194,7.247
2621.03,15,7.947,7.067,8.226,7.167,8.123,7.747,8.037,9.104,7.597,7.596,6.959,7.297,7.218,6.496,6.011,5.624,6.709,7.973,7.36,7.851,8.534,7.085,7.284
2622.03,15,7.998,7.075,8.231,7.144,8.159,7.662,8.062,9.048,7.639,7.644,6.908,7.255,7.227,6.503,6.1,5.68,6.659,7.978,7.38,7.815,8.534,7.066,7.223
2623.03,15,7.86,7.026,8.247,7.139,8.062,7.701,8.045,9.004,7.613,7.57,6.913,7.238,7.243,6.501,6.014,5.656,6.703,7.926,7.39,7.738,8.52,7.15,7.267
2624.03,15,7.927,7.077,8.098,7.219,8.107,7.709,8.069,9.064,7.621,7.583,6.923,7.313,7.203,6.563,6.045,5.647,6.641,7.937,7.434,7.893,8.56,7.145,7.251
2625.03,15,7.909,7.023,8.181,7.183,8.089,7.723,8.097,9.109,7.626,7.546,6.986,7.298,7.228,6.476,6.033,5.662,6.704,7.998,7.407,7.821,8.523,7.118,7.338
2626.03,15,7.912,7.047,8.198,7.132,8.086,7.735,8.006,9.05,7.661,7.523,6.932,7.241,7.215,6.502,6.038,5.656,6.662,7.94,7.394,7.792,8.572,7.126,7.265
2627.03,15,7.954,6.983,8.181,7.145,8.068,7.717,8.012,9.072,7.582,7.58,6.871,7.287,7.245,6.533,6.062,5.605,6.733,7.924,7.327,7.812,8.571,7.086,7.327
2628.03,15,7.886,7.083,8.174,7.164,8.065,7.742,8.036,9.029,7.605,7.519,6.929,7.275,7.307,6.474,6.071,5.684,6.627,7.964,7.392,7.818,8.512,7.156,7.269
2629.03,15,7.887,7.074,8.158,7.115,8.149,7.681,8.046,9.074,7.611,7.604,6.881,7.259,7.228,6.526,6.017,5.635,6.653,8.021,7.367,7.892,8.504,7.138,7.258
2630.03,15,7.902,7.061,8.236,7.094,8.039,7.739,8.066,9.091,7.646,7.541,6.948,7.298,7.256,6.524,5.994,5.638,6.7,7.955,7.39,7.822,8.552,7.131,7.21
2631.03,15,7.921,7.02,8.131,7.094,8.053,7.677,8.09,9.011,7.61,7.545,6.854,7.315,7.249,6.454,6.058,5.595,6.654,8.008,7.347,7.808,8.512,7.066,7.303
2632.03,15,7.918,7.024,8.107,7.132,8.189,7.753,8.023,9.032,7.627,7.617,6.95,7.234,7.259,6.466,6.027,5.665,6.696,7.982,7.334,7.827,8.535,7.078,7.235
2633.03,15,7.88,7.026,8.172,7.2,8.157,7.717,8.088,9.04,7.593,7.581,6.933,7.2,7.247,6.442,6.054,5.627,6.715,7.948,7.317,7.841,8.585,7.132,7.232
2634.03,15,7.904,7.062,8.141,7.11,8.115,7.69,8.06,9.064,7.591,7.59,6.864,7.148,7.241,6.492,6.036,5.613,6.702,7.934,7.364,7.826,8.522,7.065,7.287
2635.03,15,7.922,7.001,8.167,7.108,8.034,7.717,8.029,9.06,7.652,7.616,6.896,7.276,7.223,6.447,6.09,5.595,6.656,7.996,7.424,7.838,8.47,7.107,7.257
2636.03,15,7.889,7.031,8.154,7.19,8.094,7.689,8.036,9.025,7.624,7.557,6.929,7.274,7.308,6.439,6.02,5.569,6.693,7.959,7.332,7.88,8.483,7.106,7.287
2637.03,15,7.927,7.041,8.082,7.114,8.065,7.704,8.021,9.045,7.622,7.567,6.917,7.209,7.272,6.448,6.05,5.7,6.707,7.986,7.391,7.824,8.559,7.128,7.273
2638.03,15,7.836,7.02,8.122,7.081,8.087,7.646,8.053,9.072,7.606,7.504,6.954,7.269,7.245,6.512,6.029,5.639,6.733,7.974,7.328,7.834,8.607,7.119,7.223
2639.03,15,7.896,7.021,8.157,7.163,8.09,7.755,8,9.046,7.633,7.562,6.979,7.239,7.248,6.519,6.041,5.672,6.729,7.946,7.399,7.822,8.515,7.093,7.249
2640.03,15,7.936,7.016,8.168,7.121,8.144,7.672,8.023,9.077,7.544,7.605,6.903,7.333,7.196,6.433,5.972,5.647,6.695,7.975,7.39,7.792,8.542,7.068,7.202
2641.03,15,7.843,7.008,8.187,7.168,8.039,7.665,7.977,9.114,7.643,7.514,6.936,7.239,7.235,6.482,6.017,5.664,6.687,8.026,7.357,7.79,8.446,7.136,7.213
2642.03,15,7.874,7.008,8.158,7.118,8.175,7.695,7.998,9.067,7.639,7.653,6.829,7.241,7.186,6.474,6.014,5.623,6.69,7.98,7.355,7.793,8.515,7.1,7.201
2643.03,15,7.918,6.981,8.146,7.199,8.069,7.701,8.085,9.026,7.587,7.629,6.84,7.219,7.245,6.466,6.113,5.667,6.701,7.945,7.315,7.805,8.546,7.141,7.255
2644.03,15,7.816,7.026,8.158,7.154,8.053,7.689,7.999,9.06,7.57,7.58,6.849,7.244,7.178,6.434,5.981,5.618,6.66,7.951,7.349,7.796,8.51,7.151,7.278
2645.03,15,7.852,6.979,8.154,7.169,8.059,7.733,8.099,9.063,7.544,7.596,6.908,7.218,7.249,6.467,6.049,5.672,6.713,7.941,7.395,7.817,8.538,7.098,7.266
2646.03,15,7.892,6.983,8.106,7.121,8.14,7.704,7.969,9.038,7.59,7.485,6.912,7.245,7.189,6.51,6.02,5.641,6.674,7.971,7.335,7.77,8.58,7.074,7.197
2647.03,15,7.894,6.97,8.133,7.12,8.104,7.648,7.943,9.007,7.591,7.527,6.893,7.328,7.208,6.484,6.043,5.595,6.684,7.946,7.355,7.866,8.527,7.104,7.172
2648.03,15,7.834,7.053,8.139,7.15,8.188,7.687,8.043,9.013,7.603,7.499,6.896,7.243,7.248,6.477,6.063,5.545,6.63,7.948,7.334,7.812,8.519,7.095,7.199
2649.03,15,7.811,7.038,8.109,7.093,8.083,7.673,8.032,9.045,7.557,7.569,6.9,7.317,7.279,6.505,6.06,5.615,6.669,7.994,7.394,7.818,8.48,7.119,7.168
2650.03,15,7.829,7.034,8.105,7.152,8.073,7.666,8,9.058,7.633,7.536,6.887,7.212,7.284,6.511,6.127,5.613,6.649,7.949,7.292,7.758,8.55,7.132,7.257
2651.03,15,7.848,7,8.135,7.135,8.081,7.626,8.081,9.044,7.614,7.605,6.942,7.22,7.238,6.453,6.084,5.616,6.709,8.019,7.334,7.723,8.445,7.177,7.288
2652.03,15,7.893,6.967,8.146,7.09,8.082,7.659,8.031,8.999,7.588,7.569,6.864,7.261,7.23,6.523,6.072,5.635,6.618,7.951,7.364,7.824,8.467,7.088,7.208
2653.03,15,7.867,6.922,8.095,7.092,8.012,7.652,7.974,9.006,7.612,7.551,6.866,7.285,7.201,6.504,5.99,5.653,6.675,7.935,7.281,7.831,8.48,7.123,7.229
2654.03,15,7.834,7.012,8.119,7.089,8.112,7.652,8.072,9.047,7.536,7.577,6.838,7.237,7.238,6.486,6.05,5.677,6.636,7.906,7.375,7.761,8.504,7.12,7.263
2655.03,15,7.794,6.989,8.164,7.113,8.104,7.682,8.073,8.99,7.571,7.587,6.875,7.281,7.261,6.436,6.051,5.548,6.636,7.986,7.339,7.802,8.504,7.073,7.21
2656.03,15,7.792,7.009,8.093,7.166,8.034,7.751,8.03,9.001,7.608,7.532,6.925,7.217,7.24,6.468,6.018,5.612,6.634,7.883,7.389,7.774,8.528,7.088,7.258
2657.03,15,7.841,6.944,8.13,7.123,8.043,7.65,7.963,9.065,7.573,7.563,6.882,7.203,7.206,6.547,6.058,5.588,6.605,7.942,7.279,7.786,8.543,7.131,7.275
2658.03,15,7.83,7.039,8.135,7.046,8.112,7.716,7.961,9.035,7.572,7.486,6.873,7.251,7.213,6.482,6.07,5.606,6.696,7.905,7.376,7.77,8.459,7.088,7.29
2659.03,15,7.887,6.977,8.084,7.103,8.005,7.595,7.94,8.994,7.601,7.575,6.852,7.276,7.189,6.472,6.062,5.656,6.694,7.971,7.337,7.769,8.486,7.091,7.242
2660.03,15,7.87,6.977,8.063,7.139,8.114,7.655,7.996,9.029,7.55,7.55,6.807,7.176,7.234,6.51,5.988,5.67,6.645,7.902,7.327,7.759,8.501,7.078,7.313
2661.03,15,7.877,6.97,8.093,7.091,8.018,7.631,8.042,8.992,7.517,7.52,6.872,7.221,7.253,6.5,6.025,5.665,6.696,7.867,7.337,7.773,8.615,7.089,7.282
2662.03,15,7.822,7.043,8.162,7.095,8.088,7.679,8.017,8.98,7.617,7.52,6.884,7.24,7.196,6.513,5.988,5.609,6.656,7.937,7.39,7.803,8.555,7.157,7.268
2663.03,15,7.837,6.979,8.142,7.115,8.017,7.707,7.956,8.963,7.588,7.58,6.832,7.196,7.242,6.445,6.03,5.634,6.647,7.858,7.325,7.82,8.471,7.084,7.208
2664.03,15,7.806,7.007,8.182,7.065,8.035,7.627,8.021,8.969,7.568,7.479,6.827,7.182,7.164,6.414,6.049,5.572,6.632,7.938,7.32,7.803,8.526,7.13,7.192
2665.03,15,7.819,6.967,8.115,7.147,8.092,7.677,7.996,8.983,7.59,7.563,6.828,7.213,7.187,6.487,5.991,5.576,6.639,7.952,7.346,7.737,8.54,7.079,7.174
2666.03,15,7.824,6.989,8.114,7.114,8.049,7.675,7.949,9.032,7.585,7.479,6.891,7.212,7.189,6.377,5.975,5.6,6.667,7.865,7.343,7.809,8.513,7.025,7.255
2667.03,15,7.898,7.022,8.123,7.033,8.085,7.716,8.021,8.999,7.522,7.562,6.782,7.25,7.209,6.457,5.931,5.63,6.655,7.964,7.372,7.775,8.502,7.146,7.213
2668.03,15,7.868,6.991,8.078,7.133,8.005,7.648,8.07,9.03,7.552,7.539,6.823,7.205,7.172,6.446,5.961,5.571,6.618,7.952,7.337,7.801,8.463,7.008,7.268
2669.03,15,7.844,6.964,8.163,7.134,8.05,7.627,7.993,9.026,7.583,7.531,6.84,7.201,7.199,6.461,6.01,5.561,6.638,7.991,7.254,7.79,8.512,7.046,7.32
2670.03,15,7.889,6.991,8.148,7.069,8.111,7.628,7.991,9.071,7.574,7.542,6.852,7.2,7.146,6.444,6,5.621,6.683,7.923,7.366,7.697,8.487,7.016,7.199
2671.03,15,7.866,6.98,8.148,7.093,8.053,7.649,8.006,8.943,7.615,7.516,6.811,7.208,7.161,6.446,5.944,5.589,6.7,7.993,7.336,7.809,8.536,7.067,7.239
2672.03,15,7.787,6.947,8.128,7.073,8.07,7.65,8.058,9.031,7.547,7.493,6.872,7.241,7.231,6.406,6.04,5.585,6.692,7.914,7.342,7.764,8.488,7.146,7.181
2673.03,15,7.861,6.939,8.072,7.124,8.059,7.62,8.006,8.991,7.555,7.543,6.812,7.17,7.234,6.494,6.071,5.589,6.664,7.896,7.39,7.761,8.493,7.08,7.246
2674.03,15,7.82,6.961,8.118,7.085,8.053,7.683,8.002,8.927,7.56,7.614,6.871,7.207,7.182,6.486,5.998,5.647,6.627,7.906,7.316,7.823,8.549,7.142,7.247
2675.03,15,7.778,6.983,8.054,7.089,8.082,7.593,8.007,9.039,7.54,7.572,6.827,7.168,7.155,6.417,5.977,5.532,6.676,7.881,7.312,7.784,8.451,7.124,7.231
2676.03,15,7.731,6.966,8.076,7.086,8.019,7.681,7.984,8.996,7.569,7.547,6.852,7.268,7.181,6.462,5.984,5.583,6.684,7.957,7.356,7.709,8.491,7.077,7.273
2677.03,15,7.846,6.973,8.13,7.075,8.09,7.676,8.028,8.96,7.597,7.495,6.861,7.294,7.286,6.377,5.962,5.573,6.645,8.014,7.309,7.744,8.568,7.069,7.237
2678.03,15,7.774,6.985,8.177,7.048,8.013,7.64,7.97,9.001,7.546,7.622,6.883,7.251,7.204,6.377,5.989,5.578,6.594,7.938,7.345,7.735,8.533,7.067,7.277
2679.03,15,7.884,7.017,8.156,7.132,8.014,7.666,8.036,9.021,7.534,7.56,6.833,7.19,7.213,6.439,5.99,5.593,6.599,7.902,7.337,7.797,8.556,7.12,7.209
2680.03,15,7.772,6.94,8.093,7.086,8.071,7.639,8.015,9.042,7.565,7.605,6.841,7.248,7.21,6.474,5.935,5.569,6.637,7.874,7.344,7.77,8.475,7.031,7.213
2681.03,15,7.816,7.011,8.112,7.08,8.073,7.574,8.011,8.945,7.521,7.602,6.854,7.227,7.219,6.433,5.967,5.59,6.661,7.905,7.325,7.771,8.505,7.134,7.192
2682.03,15,7.843,6.953,8.11,7.081,8.023,7.648,8.004,8.973,7.573,7.495,6.802,7.164,7.203,6.429,5.966,5.599,6.684,7.983,7.299,7.807,8.541,7.117,7.244
2683.03,15,7.847,6.961,8.083,7.083,8.023,7.629,7.989,8.976,7.555,7.478,6.85,7.215,7.21,6.409,6.067,5.633,6.7,7.915,7.327,7.737,8.491,7.153,7.181
2684.03,15,7.85,6.943,8.075,7.097,8.006,7.606,7.98,8.949,7.521,7.536,6.771,7.216,7.209,6.391,5.905,5.576,6.675,7.957,7.306,7.804,8.539,7.057,7.247
2685.03,15,7.752,6.975,8.107,7.126,8.05,7.612,7.994,8.985,7.536,7.463,6.805,7.254,7.251,6.429,5.927,5.545,6.611,7.933,7.358,7.747,8.515,7.049,7.176
2686.03,15,7.805,6.926,8.111,7.104,8.06,7.688,8.024,9.015,7.548,7.482,6.856,7.193,7.183,6.344,5.983,5.583,6.663,7.975,7.367,7.831,8.465,7.088,7.253
2687.03,15,7.811,7.019,8.151,7.048,8.002,7.599,8.037,8.976,7.504,7.501,6.802,7.134,7.216,6.433,6.008,5.653,6.631,7.932,7.308,7.789,8.499,7.057,7.143
2688.03,15,7.815,6.956,8.079,7.113,8.055,7.578,7.974,8.993,7.583,7.457,6.847,7.197,7.214,6.391,5.97,5.566,6.73,7.911,7.345,7.776,8.522,7.133,7.233
2689.03,15,7.824,6.955,8.04,7.077,8.06,7.633,7.986,9.018,7.581,7.449,6.778,7.2,7.198,6.41,5.974,5.544,6.606,7.916,7.28,7.788,8.534,7.068,7.255
2690.03,15,7.739,6.931,8.097,7.178,8.05,7.684,7.987,8.984,7.457,7.531,6.889,7.18,7.183,6.469,6.058,5.543,6.638,7.866,7.311,7.72,8.53,7.122,7.202
2691.03,15,7.838,6.942,8.02,7.111,8.108,7.616,7.946,8.987,7.552,7.48,6.813,7.207,7.207,6.366,5.958,5.561,6.546,7.893,7.27,7.801,8.465,7.014,7.283
2692.03,15,7.874,6.901,8.089,7.092,8.018,7.691,7.985,8.969,7.535,7.482,6.829,7.181,7.224,6.403,5.995,5.514,6.597,7.847,7.4,7.768,8.539,7.05,7.158
2693.03,15,7.803,6.932,8.061,7.071,8.001,7.582,7.982,9.017,7.548,7.545,6.809,7.158,7.164,6.424,5.973,5.598,6.653,7.89,7.33,7.776,8.576,6.977,7.199
2694.03,15,7.801,6.935,8.081,7.038,7.963,7.671,8.026,8.967,7.458,7.531,6.76,7.224,7.188,6.393,5.959,5.543,6.66,7.896,7.306,7.765,8.49,7.11,7.209
2695.03,15,7.799,6.993,8.079,7.058,8.075,7.623,8.012,8.958,7.491,7.564,6.824,7.217,7.206,6.44,5.959,5.545,6.66,7.933,7.327,7.747,8.566,6.951,7.29
2696.03,15,7.864,6.946,8.036,7.025,7.983,7.561,7.964,8.956,7.533,7.536,6.797,7.21,7.173,6.427,5.972,5.578,6.591,7.947,7.252,7.74,8.517,7.103,7.198
2697.03,15,7.77,6.932,8.036,7.113,8.014,7.613,7.957,8.971,7.566,7.45,6.79,7.141,7.184,6.406,5.99,5.564,6.651,7.94,7.249,7.725,8.491,7.093,7.204
2698.03,15,7.72,6.887,8.162,7.04,8.086,7.587,7.934,8.89,7.538,7.532,6.826,7.146,7.167,6.421,5.929,5.53,6.704,7.919,7.378,7.77,8.464,7.031,7.267
2699.03,15,7.839,6.965,8.068,7.048,8.002,7.7,7.937,8.957,7.548,7.416,6.824,7.166,7.226,6.392,5.941,5.626,6.63,7.828,7.321,7.739,8.438,7.024,7.185
2700.03,15,7.79,6.93,8.078,7.086,8.065,7.659,8.003,9.015,7.555,7.513,6.791,7.148,7.187,6.384,5.969,5.55,6.637,7.944,7.341,7.752,8.529,7.048,7.202
2701.03,15,7.77,6.937,8.011,7.022,7.982,7.601,7.985,8.985,7.52,7.54,6.764,7.202,7.193,6.354,6.028,5.582,6.632,7.872,7.279,7.773,8.45,7.065,7.237
2702.03,15,7.786,6.902,8.011,7.027,8.043,7.545,7.976,8.983,7.533,7.47,6.815,7.163,7.141,6.382,5.893,5.601,6.681,7.937,7.24,7.816,8.579,7.078,7.205
2703.03,15,7.825,6.892,8.049,7.096,8.016,7.555,8.004,9.022,7.516,7.467,6.816,7.183,7.158,6.41,5.89,5.488,6.646,7.885,7.284,7.748,8.523,6.991,7.257
2704.03,15,7.774,6.959,8.025,7.027,7.983,7.57,7.962,8.999,7.502,7.505,6.796,7.199,7.23,6.45,6.002,5.548,6.567,7.854,7.277,7.726,8.473,7.028,7.285
2705.03,15,7.794,6.914,8.056,7.089,8.055,7.611,8.016,9.006,7.512,7.497,6.778,7.181,7.192,6.415,6.002,5.594,6.568,7.882,7.264,7.759,8.519,7.07,7.229
2706.03,15,7.774,6.913,8.04,6.998,8.021,7.63,7.982,8.933,7.488,7.506,6.835,7.196,7.212,6.368,5.876,5.636,6.552,7.933,7.256,7.818,8.513,7.103,7.226
2707.03,15,7.716,6.953,8.113,7.025,8.035,7.62,7.981,8.933,7.515,7.515,6.773,7.226,7.213,6.372,5.955,5.552,6.579,7.913,7.259,7.77,8.5,7.038,7.24
2708.03,15,7.734,6.915,8.009,7.028,8.005,7.584,7.958,8.97,7.593,7.462,6.707,7.153,7.182,6.46,5.925,5.56,6.62,7.891,7.37,7.775,8.443,7.047,7.171
2709.03,15,7.747,6.943,8.039,7.053,8.053,7.589,8,8.978,7.536,7.605,6.799,7.176,7.165,6.347,6.013,5.597,6.617,7.916,7.278,7.753,8.47,7.044,7.148
2710.03,15,7.803,6.921,8.078,7.039,8.029,7.616,7.979,9.002,7.501,7.563,6.756,7.151,7.107,6.366,5.925,5.533,6.665,7.907,7.357,7.815,8.493,7.032,7.192
2711.03,15,7.824,6.98,8.071,7.055,7.976,7.593,7.992,8.988,7.577,7.532,6.822,7.166,7.223,6.379,5.892,5.52,6.633,7.901,7.321,7.703,8.546,7.066,7.207
2712.03,15,7.762,6.902,8.049,7.023,8.036,7.605,7.899,8.987,7.571,7.493,6.792,7.139,7.165,6.352,5.911,5.467,6.624,7.929,7.334,7.791,8.49,7.047,7.168
2713.03,15,7.782,6.918,8.044,7.055,7.994,7.615,8,8.902,7.526,7.495,6.763,7.179,7.225,6.441,5.955,5.498,6.633,7.937,7.332,7.764,8.506,7.084,7.215
2714.03,15,7.719,6.934,8.059,7.047,8.003,7.623,7.996,8.99,7.5,7.551,6.761,7.139,7.224,6.337,5.912,5.556,6.647,7.942,7.278,7.757,8.463,7.102,7.157
2715.03,15,7.785,6.903,8.059,7.002,8.049,7.545,8.022,9.019,7.539,7.464,6.765,7.15,7.166,6.391,5.94,5.555,6.631,7.881,7.285,7.76,8.469,7.025,7.179
2716.03,15,7.769,6.906,8.105,7.088,8.04,7.602,7.96,8.947,7.513,7.442,6.761,7.103,7.181,6.411,5.937,5.546,6.668,7.878,7.269,7.711,8.497,7.118,7.157
2717.03,15,7.746,6.914,8.034,7.033,8.045,7.571,7.959,9.007,7.428,7.457,6.793,7.159,7.176,6.326,5.988,5.6,6.621,7.876,7.313,7.751,8.469,7.017,7.191
2718.03,15,7.793,6.913,8.071,7.037,8.014,7.567,7.967,8.96,7.48,7.453,6.798,7.176,7.228,6.337,5.905,5.538,6.562,7.939,7.35,7.733,8.504,7.063,7.177
2719.03,15,7.815,6.954,8.024,7.073,8.017,7.561,7.959,8.94,7.574,7.514,6.785,7.153,7.281,6.331,5.931,5.5,6.611,7.863,7.247,7.763,8.63,7.072,7.194
2720.03,15,7.736,6.85,8.038,7.094,8.021,7.632,7.941,9.001,7.52,7.494,6.746,7.168,7.212,6.349,5.906,5.614,6.646,7.878,7.301,7.666,8.503,7.065,7.153
2721.03,15,7.736,6.88,8.02,7.044,7.979,7.541,7.934,8.976,7.469,7.484,6.785,7.123,7.071,6.41,5.933,5.547,6.674,7.826,7.252,7.732,8.48,7.035,7.152
2722.03,15,7.814,6.842,8.039,7.049,7.967,7.608,7.951,8.944,7.543,7.508,6.711,7.135,7.178,6.379,5.869,5.521,6.603,7.888,7.258,7.734,8.436,7.099,7.204
2723.03,15,7.792,6.914,8.045,7.094,8.041,7.559,7.993,8.907,7.467,7.468,6.791,7.142,7.12,6.292,5.845,5.509,6.638,7.915,7.294,7.81,8.491,7.056,7.202
2724.03,15,7.718,6.92,8.052,7.026,7.999,7.597,7.978,8.984,7.554,7.48,6.713,7.166,7.185,6.427,5.952,5.539,6.622,7.928,7.303,7.797,8.514,6.995,7.133
2725.03,15,7.717,6.862,8.022,7.027,7.963,7.545,8.002,8.92,7.513,7.496,6.783,7.17,7.209,6.401,5.905,5.543,6.613,7.871,7.368,7.754,8.516,7.078,7.195
2726.03,15,7.723,6.918,7.935,7.031,7.939,7.618,7.952,8.95,7.448,7.541,6.763,7.142,7.099,6.343,5.85,5.527,6.613,7.945,7.289,7.762,8.507,7.002,7.173
2727.03,15,7.742,6.93,7.981,7.088,7.987,7.587,7.926,8.881,7.471,7.487,6.715,7.135,7.16,6.378,5.958,5.497,6.643,7.921,7.333,7.706,8.521,7.063,7.235
2728.03,15,7.704,6.873,8.076,7.069,7.974,7.568,7.927,8.985,7.518,7.451,6.751,7.192,7.162,6.4,5.891,5.494,6.606,7.904,7.276,7.716,8.506,6.981,7.112
2729.03,15,7.742,6.95,8.03,6.984,7.967,7.606,7.94,8.908,7.47,7.458,6.722,7.162,7.15,6.38,5.907,5.459,6.655,7.934,7.261,7.751,8.447,7.04,7.218
2730.03,15,7.742,6.889,8.052,7.043,7.985,7.587,7.975,8.99,7.478,7.526,6.747,7.14,7.187,6.359,5.865,5.606,6.557,7.889,7.279,7.716,8.437,7.026,7.092
2731.03,15,7.771,6.878,8.027,6.933,7.97,7.625,7.987,8.94,7.537,7.449,6.699,7.169,7.21,6.35,5.912,5.575,6.622,7.84,7.33,7.751,8.448,7.03,7.191
2732.03,15,7.745,6.866,7.96,7.053,8.013,7.54,8.019,8.96,7.459,7.445,6.749,7.101,7.118,6.246,5.929,5.506,6.584,7.927,7.239,7.722,8.49,6.995,7.154
2733.03,15,7.725,6.891,8.014,7.046,7.977,7.584,7.94,8.928,7.543,7.449,6.733,7.212,7.138,6.283,5.947,5.515,6.661,7.962,7.363,7.716,8.493,7.039,7.2
2734.03,15,7.716,6.938,7.999,7.06,8.004,7.612,7.99,8.938,7.451,7.459,6.731,7.124,7.111,6.379,5.979,5.485,6.587,7.792,7.283,7.727,8.474,7.015,7.157
2735.03,15,7.678,6.908,8.025,7.018,7.977,7.575,7.889,8.935,7.461,7.484,6.725,7.097,7.218,6.288,5.846,5.576,6.613,7.911,7.274,7.686,8.478,7.04,7.231
2736.03,15,7.738,6.913,7.991,7.049,8.007,7.626,7.959,8.984,7.532,7.449,6.721,7.108,7.196,6.364,5.862,5.549,6.581,7.938,7.278,7.788,8.492,7.091,7.193
2737.03,15,7.721,6.852,8.032,6.99,7.954,7.535,8.021,8.904,7.427,7.458,6.685,7.122,7.126,6.328,5.932,5.536,6.627,7.915,7.325,7.752,8.453,6.993,7.253
2738.03,15,7.7,6.846,8.023,7.052,8.012,7.675,7.977,8.915,7.495,7.431,6.762,7.195,7.183,6.253,5.841,5.524,6.614,7.89,7.307,7.731,8.506,7.057,7.157
2739.03,15,7.685,6.862,8.004,6.996,8.022,7.623,7.943,8.852,7.442,7.442,6.724,7.145,7.103,6.285,5.872,5.535,6.587,7.883,7.327,7.69,8.504,7.01,7.191
2740.03,15,7.717,6.882,8.011,7.102,7.997,7.591,7.935,8.944,7.506,7.497,6.717,7.117,7.158,6.406,5.89,5.519,6.603,7.889,7.239,7.729,8.519,6.988,7.095
2741.03,15,7.695,6.932,7.99,7.053,7.939,7.576,7.909,8.963,7.45,7.516,6.688,7.133,7.143,6.293,5.901,5.502,6.624,7.878,7.289,7.745,8.451,7.015,7.173
2742.03,15,7.737,6.88,8.004,7.057,8.021,7.508,7.946,8.959,7.557,7.487,6.688,7.104,7.17,6.312,5.974,5.533,6.547,7.831,7.273,7.685,8.461,7.108,7.177
2743.03,15,7.736,6.878,7.987,7.035,8.018,7.582,8.007,8.914,7.433,7.446,6.764,7.098,7.088,6.33,5.936,5.445,6.569,7.827,7.308,7.704,8.513,7.085,7.183
2744.03,15,7.736,6.909,8.052,7.06,7.986,7.573,7.928,8.952,7.495,7.481,6.765,7.092,7.178,6.316,5.852,5.529,6.591,7.928,7.309,7.675,8.464,7.047,7.166
2745.03,15,7.703,6.915,8.002,6.965,8.006,7.499,7.977,8.949,7.488,7.439,6.674,7.18,7.189,6.303,5.883,5.479,6.601,7.804,7.299,7.754,8.438,7.029,7.19
2746.03,15,7.699,6.865,8.019,7.006,8.009,7.499,7.875,8.956,7.429,7.489,6.677,7.117,7.168,6.309,5.941,5.535,6.544,7.896,7.221,7.743,8.456,7.03,7.266
2747.03,15,7.787,6.8,8.011,6.985,7.995,7.561,7.895,8.951,7.434,7.495,6.687,7.105,7.201,6.319,5.837,5.481,6.612,7.894,7.257,7.738,8.416,7.022,7.197
2748.03,15,7.667,6.841,7.957,7.047,7.93,7.574,7.955,8.88,7.474,7.458,6.713,7.076,7.107,6.335,5.93,5.502,6.617,7.813,7.268,7.742,8.436,7.033,7.202
2749.03,15,7.697,6.868,7.958,7.065,8.049,7.548,7.867,8.923,7.422,7.49,6.709,7.101,7.115,6.355,5.865,5.51,6.672,7.849,7.303,7.698,8.425,6.999,7.14
2750.03,15,7.708,6.908,7.991,6.989,8.021,7.544,7.918,8.921,7.439,7.487,6.726,7.094,7.151,6.337,5.841,5.506,6.608,7.903,7.245,7.823,8.356,7.024,7.199
2751.03,15,7.71,6.888,8.017,7.013,8.006,7.461,7.877,8.884,7.514,7.428,6.666,7.079,7.141,6.312,5.857,5.501,6.602,7.887,7.268,7.776,8.477,7.022,7.196
2752.03,15,7.688,6.869,7.932,7.028,7.989,7.54,7.851,8.938,7.442,7.47,6.699,7.053,7.198,6.282,5.905,5.46,6.563,7.848,7.312,7.75,8.458,6.987,7.163
2753.03,15,7.72,6.857,7.905,7.061,7.959,7.492,7.936,8.953,7.428,7.562,6.707,7.133,7.186,6.339,5.865,5.441,6.617,7.889,7.319,7.724,8.485,7.045,7.216
2754.03,15,7.69,6.838,7.96,7.057,8.029,7.557,7.91,8.938,7.451,7.402,6.733,7.117,7.211,6.254,5.894,5.519,6.584,7.856,7.257,7.715,8.475,7.082,7.145
2755.03,15,7.662,6.828,8.029,7.078,7.967,7.542,7.945,8.845,7.539,7.512,6.671,7.108,7.152,6.335,5.879,5.499,6.65,7.882,7.314,7.693,8.466,7.031,7.158
2756.03,15,7.738,6.84,7.971,6.968,7.947,7.541,7.97,8.915,7.418,7.454,6.658,7.122,7.144,6.327,5.83,5.519,6.604,7.891,7.341,7.743,8.491,7.041,7.2
2757.03,15,7.69,6.879,8.049,7.045,8.011,7.518,7.96,8.924,7.393,7.445,6.744,7.124,7.173,6.279,5.899,5.501,6.63,7.911,7.234,7.664,8.479,6.976,7.143
2758.03,15,7.74,6.853,7.986,7.058,8.019,7.526,7.955,8.951,7.452,7.452,6.597,7.106,7.151,6.293,5.918,5.491,6.573,7.863,7.242,7.728,8.465,7.076,7.151
2759.03,15,7.684,6.857,8.011,7.024,8.043,7.517,7.889,8.942,7.442,7.412,6.693,7.073,7.151,6.321,5.867,5.499,6.592,7.84,7.227,7.718,8.467,7.04,7.121
2760.03,15,7.683,6.888,8.009,6.983,8.018,7.547,7.914,8.869,7.453,7.505,6.677,7.109,7.22,6.336,5.834,5.48,6.634,7.911,7.272,7.679,8.458,6.999,7.149
2761.03,15,7.684,6.777,7.981,6.979,7.972,7.528,7.954,8.942,7.461,7.499,6.633,7.101,7.216,6.296,5.982,5.528,6.64,7.908,7.281,7.676,8.378,7.023,7.163
2762.03,15,7.661,6.863,7.937,6.97,7.966,7.517,7.917,8.882,7.4,7.44,6.665,7.103,7.073,6.275,5.806,5.497,6.56,7.82,7.338,7.741,8.5,7.011,7.276
2763.03,15,7.707,6.856,7.925,6.972,7.941,7.497,7.851,8.902,7.447,7.493,6.732,7.072,7.154,6.317,5.861,5.431,6.626,7.857,7.253,7.739,8.425,7.082,7.243
2764.03,15,7.742,6.841,7.991,6.947,7.956,7.568,7.895,8.89,7.529,7.468,6.668,7.141,7.109,6.29,5.907,5.52,6.523,7.87,7.241,7.705,8.508,7.006,7.172
2765.03,15,7.636,6.848,7.955,7.003,8.018,7.557,7.96,8.936,7.412,7.396,6.681,7.117,7.232,6.283,5.851,5.445,6.583,7.917,7.284,7.736,8.424,7.087,7.169
2766.03,15,7.688,6.868,7.907,7.003,7.936,7.5,7.945,8.91,7.409,7.397,6.728,7.091,7.15,6.265,5.928,5.502,6.63,7.878,7.243,7.75,8.425,7.021,7.144
2767.03,15,7.676,6.858,8.011,6.958,7.965,7.465,7.948,8.93,7.455,7.404,6.683,7.055,7.143,6.35,5.916,5.506,6.638,7.887,7.231,7.676,8.518,7.053,7.156
2768.03,15,7.613,6.866,7.954,7.032,7.906,7.506,7.936,8.955,7.394,7.494,6.717,7.094,7.167,6.304,5.903,5.501,6.605,7.895,7.276,7.73,8.485,7.049,7.212
2769.03,15,7.667,6.834,8.02,7.014,7.973,7.51,7.955,8.919,7.353,7.377,6.677,7.019,7.171,6.247,5.875,5.48,6.572,7.881,7.29,7.717,8.534,6.989,7.121
2770.03,15,7.667,6.823,7.991,7.003,7.947,7.554,7.875,8.954,7.419,7.449,6.62,7.105,7.176,6.293,5.854,5.502,6.604,7.897,7.29,7.68,8.522,6.959,7.173
2771.03,15,7.714,6.781,7.909,6.943,7.886,7.523,7.906,8.879,7.494,7.478,6.699,7.056,7.158,6.315,5.84,5.492,6.567,7.875,7.237,7.744,8.432,7.005,7.127
2772.03,15,7.679,6.798,7.91,6.978,7.928,7.483,7.841,8.915,7.328,7.433,6.683,7.038,7.115,6.275,5.864,5.496,6.537,7.93,7.222,7.667,8.406,6.969,7.229
2773.03,15,7.639,6.773,7.888,6.987,7.927,7.515,7.925,8.878,7.46,7.416,6.653,7.03,7.176,6.282,5.862,5.48,6.557,7.904,7.32,7.629,8.48,6.984,7.163
2774.03,15,7.654,6.841,7.989,7.003,7.965,7.473,7.934,8.876,7.417,7.416,6.702,7.102,7.171,6.19,5.875,5.457,6.525,7.802,7.247,7.705,8.458,7.067,7.162
2775.03,15,7.607,6.855,7.908,6.886,7.968,7.501,7.906,8.902,7.391,7.441,6.653,7.073,7.143,6.298,5.838,5.549,6.603,7.912,7.309,7.743,8.499,6.999,7.202
2776.03,15,7.675,6.813,7.898,6.983,7.983,7.512,7.851,8.94,7.416,7.415,6.639,7.123,7.148,6.338,5.778,5.456,6.559,7.903,7.268,7.751,8.404,7.019,7.163
2777.03,15,7.624,6.736,8.013,6.921,7.93,7.546,7.942,8.931,7.413,7.407,6.681,7.11,7.142,6.185,5.842,5.521,6.586,7.889,7.241,7.721,8.453,6.97,7.14
2778.03,15,7.674,6.799,7.965,7.029,7.956,7.512,7.851,8.844,7.371,7.458,6.697,7.111,7.128,6.3,5.875,5.472,6.625,7.886,7.277,7.677,8.471,6.969,7.148
2779.03,15,7.687,6.853,7.914,6.982,7.949,7.451,7.839,8.869,7.393,7.442,6.633,7.116,7.142,6.261,5.833,5.489,6.543,7.891,7.3,7.681,8.507,6.946,7.159
2780.03,15,7.701,6.784,7.983,6.979,7.942,7.527,7.878,8.89,7.385,7.412,6.637,7.071,7.139,6.227,5.814,5.439,6.551,7.821,7.209,7.733,8.46,7.001,7.162
2781.03,15,7.571,6.757,7.971,7,7.935,7.503,7.92,8.877,7.421,7.428,6.696,7.029,7.115,6.211,5.842,5.447,6.572,7.87,7.258,7.764,8.469,7.036,7.142
2782.03,15,7.629,6.782,7.933,7.018,7.978,7.532,7.973,8.957,7.417,7.425,6.667,7.06,7.185,6.233,5.863,5.502,6.6,7.841,7.268,7.738,8.442,7.059,7.127
2783.03,15,7.672,6.789,7.937,7.014,7.941,7.521,7.887,8.858,7.391,7.437,6.623,7.056,7.086,6.245,5.861,5.446,6.543,7.812,7.233,7.778,8.496,6.977,7.128
2784.03,15,7.681,6.825,7.977,6.932,7.962,7.502,7.923,8.856,7.484,7.44,6.673,7.115,7.153,6.216,5.809,5.483,6.478,7.824,7.26,7.715,8.444,6.998,7.217
2785.03,15,7.636,6.808,7.938,6.94,7.944,7.419,7.907,8.808,7.44,7.418,6.655,7.013,7.082,6.271,5.751,5.466,6.547,7.862,7.228,7.682,8.441,7.015,7.149
2786.03,15,7.662,6.86,7.958,6.969,7.912,7.503,7.938,8.884,7.443,7.476,6.666,7.052,7.139,6.236,5.778,5.469,6.548,7.855,7.258,7.726,8.48,7.045,7.134
2787.03,15,7.667,6.784,7.912,6.996,7.923,7.523,7.886,8.919,7.411,7.355,6.693,7.061,7.157,6.224,5.836,5.486,6.62,7.843,7.262,7.773,8.432,6.945,7.164
2788.03,15,7.619,6.8,7.959,6.952,7.968,7.553,7.902,8.878,7.496,7.426,6.607,7.068,7.165,6.218,5.809,5.477,6.634,7.855,7.24,7.645,8.431,6.982,7.121
2789.03,15,7.598,6.799,7.968,6.934,7.941,7.567,7.889,8.91,7.408,7.379,6.704,7.061,7.13,6.227,5.875,5.423,6.557,7.868,7.208,7.683,8.486,7.042,7.183
2790.03,15,7.659,6.807,7.901,6.917,7.921,7.48,7.904,8.859,7.382,7.412,6.639,7.083,7.167,6.178,5.878,5.485,6.562,7.859,7.236,7.692,8.444,7.018,7.065
2791.03,15,7.666,6.761,7.96,6.938,7.935,7.554,7.859,8.881,7.35,7.421,6.675,7.078,7.168,6.225,5.858,5.421,6.568,7.909,7.274,7.674,8.476,6.939,7.22
2792.03,15,7.564,6.754,7.921,6.995,7.926,7.491,7.889,8.855,7.395,7.395,6.654,7.006,7.182,6.296,5.837,5.447,6.586,7.889,7.319,7.699,8.474,6.988,7.093
2793.03,15,7.574,6.834,7.925,6.989,7.932,7.503,7.931,8.89,7.403,7.486,6.705,6.985,7.152,6.261,5.77,5.488,6.577,7.875,7.21,7.727,8.466,6.969,7.151
2794.03,15,7.623,6.775,7.914,6.986,7.962,7.485,7.914,8.873,7.381,7.416,6.622,7.038,7.114,6.259,5.85,5.473,6.544,7.888,7.312,7.715,8.484,7.01,7.181
2795.03,15,7.589,6.759,7.99,6.911,7.843,7.439,7.901,8.888,7.345,7.456,6.677,7.109,7.158,6.248,5.815,5.465,6.525,7.867,7.255,7.757,8.452,6.987,7.158
2796.03,15,7.61,6.766,7.903,6.981,7.896,7.405,7.881,8.838,7.407,7.425,6.632,7.043,7.13,6.264,5.839,5.43,6.544,7.862,7.239,7.699,8.471,6.981,7.109
2797.03,15,7.647,6.728,7.951,7,7.936,7.456,7.977,8.843,7.328,7.407,6.597,7.012,7.087,6.215,5.845,5.521,6.62,7.86,7.278,7.709,8.454,6.977,7.194
2798.03,15,7.628,6.781,7.934,6.975,7.87,7.532,7.931,8.923,7.379,7.379,6.659,7.071,7.173,6.291,5.798,5.454,6.575,7.864,7.257,7.644,8.472,7.053,7.19
2799.03,15,7.594,6.792,7.944,6.947,7.855,7.456,7.856,8.903,7.389,7.363,6.656,7.067,7.118,6.222,5.897,5.474,6.592,7.805,7.248,7.743,8.406,7.027,7.144
2800.03,15,7.625,6.824,7.961,6.962,7.886,7.506,7.83,8.876,7.431,7.412,6.649,7.019,7.102,6.228,5.833,5.426,6.624,7.809,7.205,7.668,8.405,7.096,7.21
2801.03,15,7.59,6.757,7.883,6.981,7.964,7.554,7.845,8.889,7.362,7.416,6.603,6.986,7.146,6.226,5.834,5.45,6.577,7.804,7.257,7.703,8.434,7.019,7.113
2802.03,15,7.654,6.785,7.896,6.951,7.89,7.366,7.865,8.946,7.369,7.446,6.598,6.985,7.067,6.206,5.768,5.428,6.542,7.873,7.227,7.652,8.468,7.022,7.122
2803.03,15,7.647,6.789,7.891,6.993,7.895,7.498,7.89,8.853,7.339,7.384,6.622,7.023,7.073,6.242,5.827,5.443,6.489,7.865,7.212,7.693,8.427,6.916,7.18
2804.03,15,7.679,6.799,7.871,6.926,7.95,7.526,7.875,8.867,7.418,7.453,6.594,6.991,7.088,6.205,5.815,5.398,6.634,7.868,7.273,7.64,8.392,7.064,7.168
2805.03,15,7.638,6.76,7.929,6.951,7.978,7.473,7.805,8.877,7.416,7.407,6.597,7.039,7.107,6.245,5.846,5.46,6.565,7.843,7.257,7.684,8.426,7.036,7.162
2806.03,15,7.642,6.727,7.946,6.961,7.889,7.431,7.891,8.846,7.341,7.414,6.635,7.053,7.08,6.237,5.796,5.452,6.538,7.817,7.237,7.693,8.471,7.03,7.123
2807.03,15,7.633,6.765,7.921,6.992,7.876,7.422,7.86,8.87,7.414,7.453,6.595,7,7.13,6.233,5.732,5.499,6.566,7.869,7.273,7.68,8.47,6.993,7.165
2808.03,15,7.575,6.799,7.844,6.946,7.841,7.485,7.839,8.926,7.368,7.452,6.606,7.052,7.139,6.16,5.786,5.447,6.618,7.889,7.279,7.714,8.42,6.984,7.221
2809.03,15,7.566,6.805,7.899,7.035,7.93,7.485,7.835,8.841,7.353,7.386,6.621,6.986,7.181,6.298,5.842,5.458,6.544,7.858,7.194,7.73,8.423,6.973,7.144
2810.03,15,7.527,6.804,7.907,7.004,7.9,7.503,7.849,8.868,7.322,7.428,6.581,6.991,7.146,6.256,5.858,5.446,6.583,7.896,7.275,7.71,8.459,6.984,7.102
2811.03,15,7.608,6.844,7.89,6.943,7.903,7.479,7.827,8.859,7.397,7.412,6.585,6.982,7.144,6.201,5.856,5.438,6.475,7.847,7.206,7.65,8.396,6.982,7.15
2812.03,15,7.595,6.745,7.944,6.926,7.946,7.47,7.882,8.845,7.38,7.375,6.632,7.018,7.09,6.16,5.79,5.391,6.54,7.88,7.273,7.675,8.443,6.997,7.111
2813.03,15,7.554,6.783,7.864,6.914,7.872,7.533,7.886,8.813,7.392,7.404,6.628,6.992,7.164,6.196,5.852,5.445,6.527,7.841,7.261,7.727,8.434,6.957,7.135
2814.03,15,7.605,6.793,7.894,6.917,7.991,7.501,7.798,8.866,7.423,7.342,6.544,7.035,7.129,6.286,5.798,5.458,6.586,7.834,7.218,7.706,8.404,7.008,7.117
2815.03,15,7.567,6.753,7.931,6.926,8.002,7.441,7.829,8.776,7.367,7.415,6.572,6.995,7.043,6.278,5.844,5.45,6.57,7.859,7.234,7.662,8.397,6.989,7.127
2816.03,15,7.56,6.731,7.793,6.885,7.888,7.403,7.794,8.808,7.336,7.412,6.543,7.014,7.165,6.234,5.746,5.46,6.58,7.768,7.254,7.702,8.425,7.002,7.162
2817.03,15,7.611,6.704,7.858,6.893,7.867,7.418,7.884,8.816,7.326,7.457,6.572,7.041,7.06,6.171,5.821,5.5,6.601,7.882,7.273,7.662,8.44,7.026,7.079
2818.03,15,7.593,6.756,7.84,6.971,7.912,7.44,7.862,8.84,7.346,7.409,6.58,6.938,7.064,6.155,5.79,5.372,6.491,7.812,7.259,7.628,8.437,6.991,7.093
2819.03,15,7.588,6.764,7.874,6.973,7.912,7.439,7.935,8.783,7.358,7.393,6.629,7.028,7.14,6.181,5.817,5.494,6.524,7.844,7.239,7.707,8.429,7.047,7.11
2820.03,15,7.57,6.737,7.903,6.93,7.948,7.481,7.869,8.863,7.388,7.393,6.632,6.956,7.198,6.13,5.779,5.419,6.517,7.889,7.223,7.713,8.399,7.049,7.118
2821.03,15,7.577,6.753,7.849,6.969,7.906,7.491,7.858,8.852,7.34,7.364,6.532,7.002,7.097,6.216,5.828,5.494,6.575,7.9,7.243,7.631,8.433,7.064,7.142
2822.03,15,7.603,6.733,7.88,6.961,7.84,7.46,7.849,8.878,7.312,7.385,6.634,6.979,7.117,6.228,5.778,5.404,6.578,7.812,7.229,7.671,8.431,6.979,7.182
2823.03,15,7.526,6.701,7.857,6.92,7.874,7.479,7.848,8.867,7.343,7.407,6.614,7.046,7.062,6.184,5.785,5.437,6.531,7.822,7.219,7.65,8.408,6.886,7.14
2824.03,15,7.522,6.779,7.847,6.906,7.834,7.375,7.841,8.838,7.406,7.37,6.582,7.014,7.088,6.277,5.779,5.404,6.5,7.828,7.284,7.599,8.415,7.014,7.087
2825.03,15,7.556,6.749,7.849,6.851,7.913,7.525,7.812,8.785,7.35,7.416,6.565,7.019,7.1,6.251,5.8,5.416,6.553,7.882,7.273,7.673,8.344,7,7.161
2826.03,15,7.597,6.788,7.896,6.907,7.889,7.462,7.812,8.823,7.368,7.421,6.598,6.989,7.099,6.176,5.78,5.421,6.561,7.882,7.142,7.658,8.457,6.974,7.112
2827.03,15,7.634,6.782,7.878,6.918,7.839,7.424,7.871,8.852,7.339,7.363,6.528,7.067,7.097,6.215,5.805,5.426,6.506,7.804,7.219,7.61,8.434,7.043,7.137
2828.03,15,7.562,6.713,7.868,6.919,7.845,7.418,7.872,8.798,7.337,7.366,6.511,6.902,7.107,6.154,5.8,5.443,6.534,7.856,7.21,7.642,8.46,7.001,7.112
2829.03,15,7.504,6.725,7.857,6.857,7.927,7.454,7.848,8.857,7.328,7.346,6.591,6.998,7.113,6.193,5.782,5.403,6.561,7.792,7.221,7.642,8.415,6.974,7.166
2830.03,15,7.561,6.703,7.834,6.915,7.898,7.423,7.88,8.852,7.297,7.364,6.604,6.963,7.033,6.18,5.712,5.454,6.57,7.859,7.217,7.668,8.426,6.958,7.173
2831.03,15,7.564,6.702,7.774,6.917,7.825,7.409,7.847,8.839,7.392,7.372,6.563,6.975,7.097,6.196,5.762,5.396,6.523,7.803,7.238,7.661,8.446,6.965,7.152
2832.03,15,7.521,6.742,7.845,6.885,7.889,7.425,7.838,8.838,7.325,7.352,6.596,6.993,7.137,6.172,5.771,5.373,6.57,7.857,7.151,7.69,8.384,6.965,7.099
2833.03,15,7.575,6.719,7.798,6.918,7.944,7.518,7.851,8.788,7.289,7.393,6.574,6.979,7.106,6.143,5.735,5.419,6.483,7.783,7.206,7.653,8.443,6.976,7.061
2834.03,15,7.514,6.76,7.888,6.917,7.899,7.473,7.819,8.801,7.291,7.343,6.588,6.969,7.141,6.218,5.806,5.465,6.503,7.843,7.179,7.618,8.412,6.977,7.106
2835.03,15,7.531,6.692,7.91,6.885,7.919,7.483,7.844,8.826,7.349,7.379,6.582,6.966,7.15,6.135,5.845,5.432,6.489,7.802,7.251,7.66,8.438,6.997,7.143
2836.03,15,7.502,6.705,7.923,6.944,7.893,7.515,7.855,8.835,7.366,7.382,6.554,6.99,7.058,6.167,5.757,5.361,6.494,7.856,7.19,7.669,8.443,6.992,7.157
2837.03,15,7.548,6.727,7.875,6.931,7.908,7.423,7.837,8.809,7.335,7.403,6.579,6.951,7.09,6.132,5.772,5.368,6.52,7.9,7.231,7.689,8.448,7.021,7.143
2838.03,15,7.572,6.716,7.862,6.877,7.908,7.492,7.838,8.823,7.314,7.366,6.574,7.051,7.11,6.139,5.783,5.289,6.499,7.825,7.218,7.652,8.423,6.93,7.081
2839.03,15,7.544,6.656,7.874,6.856,7.919,7.419,7.82,8.874,7.338,7.327,6.57,6.967,7.087,6.199,5.798,5.418,6.576,7.896,7.252,7.663,8.403,6.951,7.12
2840.03,15,7.549,6.688,7.903,6.901,7.872,7.444,7.812,8.861,7.297,7.352,6.509,7.001,7.112,6.173,5.75,5.43,6.568,7.863,7.166,7.652,8.451,7.011,7.122
2841.03,15,7.595,6.79,7.839,6.933,7.892,7.376,7.844,8.826,7.344,7.385,6.598,7.006,7.12,6.137,5.752,5.381,6.565,7.892,7.145,7.693,8.476,7.011,7.121
2842.03,15,7.557,6.753,7.85,6.883,7.911,7.447,7.889,8.753,7.324,7.38,6.535,6.943,7.066,6.156,5.757,5.378,6.541,7.834,7.222,7.615,8.365,7.012,7.171
2843.03,15,7.526,6.742,7.77,6.896,7.898,7.435,7.847,8.771,7.27,7.408,6.546,6.948,7.145,6.113,5.751,5.403,6.473,7.805,7.262,7.634,8.382,6.969,7.14
2844.03,15,7.507,6.756,7.872,6.882,7.915,7.4,7.742,8.788,7.388,7.329,6.553,6.952,7.179,6.155,5.806,5.358,6.486,7.875,7.237,7.559,8.412,7.026,7.091
2845.03,15,7.494,6.73,7.835,6.893,7.943,7.377,7.823,8.84,7.292,7.372,6.617,7.007,7.044,6.203,5.729,5.441,6.58,7.857,7.158,7.632,8.443,7.014,7.151
2846.03,15,7.504,6.783,7.814,6.94,7.88,7.412,7.866,8.787,7.273,7.274,6.494,6.993,7.082,6.178,5.723,5.411,6.496,7.894,7.217,7.663,8.428,7.024,7.2
2847.03,15,7.525,6.684,7.851,6.879,7.874,7.46,7.885,8.788,7.327,7.363,6.539,6.921,7.052,6.094,5.744,5.384,6.6,7.856,7.237,7.692,8.392,7.055,7.132
2848.03,15,7.518,6.742,7.795,6.87,7.862,7.399,7.885,8.809,7.283,7.357,6.54,6.981,7.111,6.189,5.726,5.375,6.538,7.885,7.202,7.737,8.42,7.006,7.129
2849.03,15,7.554,6.664,7.795,6.915,7.841,7.402,7.844,8.785,7.28,7.373,6.516,6.922,7.129,6.121,5.832,5.364,6.51,7.83,7.249,7.635,8.353,7.01,7.097
2850.03,15,7.53,6.685,7.812,6.886,7.928,7.492,7.824,8.87,7.321,7.337,6.521,6.979,7.097,6.156,5.658,5.394,6.49,7.83,7.13,7.66,8.483,7.017,7.109
2851.03,15,7.552,6.67,7.821,6.879,7.884,7.379,7.819,8.829,7.258,7.291,6.559,7.006,7.045,6.19,5.749,5.422,6.508,7.857,7.184,7.675,8.44,7.088,7.127
2852.03,15,7.532,6.705,7.87,6.891,7.836,7.434,7.811,8.772,7.306,7.329,6.61,6.943,7.101,6.148,5.757,5.425,6.551,7.787,7.21,7.683,8.388,6.977,7.066
2853.03,15,7.493,6.753,7.798,6.897,7.925,7.425,7.866,8.806,7.332,7.349,6.568,7.012,7.099,6.082,5.742,5.4,6.537,7.827,7.211,7.671,8.439,7,7.125
2854.03,15,7.525,6.704,7.85,6.979,7.91,7.442,7.782,8.817,7.283,7.323,6.59,6.961,7.087,6.072,5.769,5.383,6.546,7.883,7.169,7.612,8.386,7.011,7.142
2855.03,15,7.504,6.729,7.761,6.902,7.939,7.381,7.839,8.761,7.284,7.4,6.475,6.947,7.065,6.113,5.713,5.354,6.518,7.877,7.194,7.62,8.449,7.01,7.135
2856.03,15,7.489,6.75,7.855,6.869,7.827,7.481,7.851,8.756,7.29,7.32,6.529,6.981,7.118,6.107,5.727,5.258,6.517,7.798,7.23,7.699,8.472,6.969,7.09
2857.03,15,7.501,6.69,7.87,6.865,7.878,7.423,7.835,8.841,7.295,7.358,6.508,6.971,7.112,6.148,5.684,5.383,6.541,7.854,7.207,7.706,8.4,6.995,7.11
2858.03,15,7.484,6.672,7.807,6.794,7.91,7.404,7.823,8.789,7.263,7.408,6.521,6.963,7.065,6.221,5.76,5.384,6.518,7.802,7.208,7.662,8.48,6.99,7.104
2859.03,15,7.521,6.727,7.779,6.884,7.86,7.404,7.862,8.816,7.257,7.379,6.572,6.974,7.088,6.139,5.712,5.418,6.545,7.826,7.215,7.641,8.403,6.97,7.135
2860.03,15,7.461,6.647,7.839,6.889,7.901,7.462,7.843,8.788,7.294,7.32,6.506,7.002,7.064,6.162,5.719,5.373,6.438,7.812,7.173,7.617,8.416,7.014,7.155
2861.03,15,7.498,6.646,7.777,6.838,7.858,7.43,7.816,8.802,7.318,7.344,6.531,6.944,7.127,6.151,5.719,5.388,6.514,7.851,7.24,7.654,8.433,6.994,7.119
2862.03,15,7.518,6.697,7.728,6.975,7.814,7.398,7.879,8.776,7.262,7.375,6.493,6.983,7.086,6.13,5.734,5.359,6.504,7.748,7.241,7.68,8.39,7.022,7.102
2863.03,15,7.471,6.677,7.871,6.825,7.858,7.399,7.838,8.796,7.247,7.327,6.442,6.942,7.041,6.152,5.733,5.377,6.53,7.828,7.129,7.62,8.432,7.055,7.1
2864.03,15,7.523,6.658,7.847,6.815,7.794,7.368,7.776,8.791,7.229,7.363,6.56,6.942,7.113,6.094,5.722,5.354,6.535,7.796,7.156,7.631,8.447,6.933,7.135
2865.03,15,7.483,6.674,7.826,6.858,7.816,7.395,7.781,8.757,7.239,7.325,6.519,6.993,7.137,6.098,5.779,5.377,6.477,7.809,7.193,7.641,8.435,6.991,7.063
2866.03,15,7.448,6.686,7.858,6.916,7.782,7.414,7.8,8.764,7.287,7.355,6.473,6.95,7.093,6.121,5.725,5.373,6.538,7.8,7.205,7.66,8.394,7.047,7.111
2867.03,15,7.484,6.681,7.85,6.875,7.798,7.408,7.79,8.755,7.28,7.352,6.445,6.923,7.11,6.106,5.776,5.338,6.532,7.833,7.18,7.627,8.477,7.002,7.077
2868.03,15,7.465,6.667,7.742,6.906,7.873,7.362,7.764,8.757,7.284,7.312,6.548,6.966,7.097,6.083,5.718,5.38,6.52,7.838,7.217,7.649,8.462,7.079,7.134
2869.03,15,7.517,6.767,7.841,6.825,7.856,7.379,7.784,8.821,7.356,7.35,6.522,6.932,7.073,6.177,5.706,5.34,6.476,7.868,7.165,7.647,8.446,7.011,7.106
2870.03,15,7.524,6.622,7.875,6.849,7.827,7.384,7.766,8.797,7.292,7.353,6.44,6.946,7.125,6.134,5.686,5.336,6.566,7.808,7.17,7.593,8.359,7.078,7.073
2871.03,15,7.471,6.635,7.818,6.909,7.869,7.424,7.791,8.809,7.26,7.33,6.457,6.977,7.043,6.064,5.733,5.336,6.477,7.794,7.181,7.671,8.457,7.035,7.11
2872.03,15,7.509,6.691,7.774,6.883,7.876,7.336,7.781,8.8,7.318,7.369,6.516,6.92,7.102,6.161,5.708,5.321,6.593,7.765,7.205,7.628,8.409,6.991,7.049
2873.03,15,7.526,6.667,7.787,6.902,7.914,7.356,7.761,8.761,7.217,7.33,6.478,6.888,7.138,6.128,5.775,5.351,6.546,7.821,7.2,7.673,8.431,7.049,7.088
2874.03,15,7.51,6.656,7.815,6.908,7.806,7.335,7.841,8.811,7.278,7.294,6.381,6.948,7.103,6.131,5.725,5.322,6.475,7.796,7.209,7.645,8.431,7.035,7.057
2875.03,15,7.481,6.617,7.788,6.909,7.816,7.42,7.826,8.791,7.288,7.315,6.466,6.952,7.051,6.045,5.66,5.391,6.505,7.799,7.215,7.626,8.416,7.027,7.072
2876.03,15,7.448,6.682,7.79,6.908,7.812,7.363,7.75,8.756,7.29,7.396,6.477,6.988,7.054,6.071,5.766,5.368,6.489,7.749,7.204,7.578,8.318,7.022,7.12
2877.03,15,7.444,6.666,7.818,6.909,7.806,7.353,7.838,8.723,7.256,7.334,6.561,6.914,7.011,6.065,5.719,5.39,6.474,7.739,7.192,7.626,8.382,7.059,7.079
2878.03,15,7.485,6.682,7.793,6.831,7.857,7.37,7.874,8.803,7.248,7.314,6.459,6.951,6.975,6.099,5.677,5.314,6.555,7.859,7.233,7.62,8.377,7.057,7.081
2879.03,15,7.46,6.626,7.817,6.877,7.845,7.361,7.831,8.703,7.293,7.332,6.493,6.857,7.103,6.072,5.639,5.351,6.49,7.834,7.172,7.693,8.339,7.021,7.047
2880.03,15,7.513,6.662,7.864,6.792,7.813,7.351,7.814,8.742,7.21,7.353,6.509,6.953,7.007,6.046,5.64,5.363,6.479,7.866,7.146,7.611,8.395,7.043,7.098
2881.03,15,7.46,6.705,7.827,6.911,7.875,7.3,7.81,8.734,7.273,7.317,6.498,6.975,7.041,6.133,5.731,5.379,6.496,7.759,7.194,7.619,8.409,7.049,7.083
2882.03,15,7.443,6.657,7.809,6.887,7.85,7.314,7.788,8.758,7.258,7.328,6.478,6.987,7.047,6.117,5.759,5.403,6.457,7.807,7.227,7.629,8.431,7.034,7.153
2883.03,15,7.43,6.694,7.82,6.834,7.8,7.379,7.82,8.745,7.211,7.326,6.432,6.887,7.069,6.064,5.685,5.319,6.54,7.865,7.154,7.682,8.35,7.022,7.063
2884.03,15,7.449,6.628,7.792,6.834,7.873,7.304,7.804,8.749,7.25,7.307,6.428,6.92,7.056,6.014,5.659,5.298,6.52,7.797,7.192,7.6,8.374,6.984,7.128
2885.03,15,7.434,6.7,7.752,6.822,7.817,7.424,7.724,8.769,7.199,7.296,6.44,6.894,7.028,6.065,5.652,5.323,6.491,7.806,7.161,7.656,8.368,7.054,7.065
2886.03,15,7.506,6.618,7.723,6.857,7.811,7.367,7.766,8.731,7.267,7.363,6.42,6.967,7.095,6.106,5.675,5.316,6.448,7.793,7.182,7.587,8.396,7.002,7.063
2887.03,15,7.408,6.627,7.831,6.993,7.829,7.344,7.739,8.764,7.297,7.324,6.446,6.897,7.104,6.073,5.658,5.369,6.447,7.773,7.223,7.665,8.365,7.044,7.066
2888.03,15,7.453,6.715,7.848,6.866,7.744,7.409,7.778,8.716,7.24,7.39,6.485,6.894,7.035,6.015,5.717,5.357,6.52,7.79,7.15,7.57,8.395,7.097,7.101
2889.03,15,7.465,6.647,7.729,6.845,7.877,7.327,7.796,8.719,7.21,7.291,6.435,6.892,7.042,6.114,5.616,5.366,6.498,7.783,7.166,7.613,8.429,7.078,7.118
2890.03,15,7.431,6.699,7.774,6.835,7.838,7.36,7.738,8.77,7.203,7.303,6.473,6.894,7.065,6.089,5.67,5.383,6.482,7.757,7.221,7.647,8.378,7.091,7.111
2891.03,15,7.446,6.644,7.785,6.851,7.846,7.378,7.723,8.736,7.252,7.351,6.475,6.868,7.028,6.084,5.712,5.265,6.516,7.824,7.209,7.575,8.377,7.076,7.091
2892.03,15,7.457,6.633,7.808,6.842,7.859,7.347,7.788,8.726,7.254,7.33,6.506,6.943,7.089,6.036,5.651,5.299,6.481,7.751,7.157,7.629,8.424,7.031,7.122
2893.03,15,7.422,6.59,7.764,6.866,7.837,7.389,7.816,8.762,7.202,7.277,6.457,6.934,7.067,6.057,5.687,5.346,6.498,7.711,7.172,7.555,8.394,7.022,7.043
2894.03,15,7.438,6.642,7.742,6.857,7.801,7.364,7.738,8.751,7.298,7.344,6.461,6.975,7.009,5.999,5.709,5.327,6.512,7.78,7.247,7.669,8.509,7.072,7.074
2895.03,15,7.373,6.585,7.768,6.838,7.803,7.357,7.802,8.703,7.19,7.317,6.457,6.856,7.047,6.099,5.64,5.322,6.445,7.799,7.159,7.588,8.391,7.078,7.065
2896.03,15,7.413,6.625,7.791,6.795,7.837,7.367,7.789,8.708,7.207,7.311,6.474,6.906,7.098,6.048,5.703,5.329,6.489,7.826,7.222,7.612,8.404,7.045,7.044
2897.03,15,7.423,6.658,7.712,6.804,7.785,7.346,7.822,8.695,7.299,7.302,6.457,6.905,7.019,6.134,5.674,5.327,6.443,7.797,7.115,7.586,8.443,7.043,7.064
2898.03,15,7.379,6.657,7.753,6.836,7.808,7.378,7.774,8.731,7.218,7.285,6.442,6.855,6.96,6.055,5.674,5.37,6.424,7.726,7.152,7.596,8.383,7.087,7.042
2899.03,15,7.378,6.635,7.761,6.89,7.754,7.395,7.822,8.689,7.225,7.246,6.409,6.934,7.065,6.057,5.64,5.345,6.53,7.755,7.174,7.617,8.402,7.022,7.068
2900.03,15,7.402,6.627,7.739,6.819,7.801,7.334,7.802,8.641,7.228,7.303,6.436,6.898,7.055,6.038,5.687,5.322,6.479,7.795,7.201,7.57,8.394,7.067,7.073
2901.03,15,7.403,6.606,7.748,6.834,7.815,7.333,7.749,8.729,7.265,7.252,6.391,6.883,7.099,6.064,5.678,5.311,6.53,7.857,7.19,7.593,8.417,7.05,7.059
2902.03,15,7.42,6.688,7.749,6.828,7.83,7.311,7.713,8.805,7.161,7.309,6.421,6.857,7.058,6.078,5.65,5.324,6.476,7.812,7.161,7.648,8.395,7.014,7.12
2903.03,15,7.463,6.58,7.707,6.793,7.862,7.259,7.763,8.742,7.265,7.328,6.461,6.889,7.031,6.114,5.696,5.309,6.559,7.821,7.179,7.598,8.362,6.997,7.062
2904.03,15,7.446,6.603,7.703,6.78,7.807,7.348,7.806,8.68,7.176,7.289,6.451,6.874,6.997,5.986,5.708,5.355,6.455,7.777,7.176,7.626,8.44,7.075,7.06
2905.03,15,7.409,6.621,7.767,6.834,7.831,7.326,7.746,8.729,7.2,7.301,6.453,6.876,7.054,6.057,5.648,5.33,6.472,7.781,7.188,7.617,8.405,6.956,7.081
2906.03,15,7.393,6.55,7.7,6.756,7.828,7.35,7.771,8.705,7.205,7.326,6.4,6.907,7.032,6.034,5.654,5.31,6.48,7.824,7.21,7.568,8.362,7.08,7.127
2907.03,15,7.44,6.565,7.792,6.867,7.826,7.33,7.747,8.765,7.202,7.264,6.46,6.806,7.064,6.089,5.626,5.325,6.441,7.769,7.22,7.622,8.403,7.112,7.09
2908.03,15,7.369,6.637,7.714,6.828,7.796,7.311,7.782,8.739,7.162,7.285,6.397,6.855,7.021,6.128,5.652,5.281,6.484,7.799,7.174,7.634,8.348,7.094,7.071
2909.03,15,7.437,6.622,7.705,6.849,7.788,7.368,7.731,8.698,7.176,7.331,6.412,6.856,7.04,6.033,5.669,5.265,6.482,7.785,7.135,7.537,8.419,7.079,7.04
2910.03,15,7.402,6.638,7.729,6.844,7.852,7.332,7.751,8.721,7.162,7.317,6.377,6.847,7.026,6.09,5.691,5.268,6.48,7.779,7.119,7.617,8.419,7.02,7.106
2911.03,15,7.418,6.618,7.649,6.79,7.855,7.334,7.709,8.711,7.205,7.321,6.39,6.875,7.029,6.086,5.664,5.321,6.485,7.805,7.213,7.69,8.383,7.015,7.118
2912.03,15,7.362,6.543,7.721,6.82,7.82,7.314,7.721,8.783,7.196,7.273,6.384,6.863,7.017,6.037,5.665,5.34,6.535,7.777,7.133,7.586,8.374,7.032,7.039
2913.03,15,7.364,6.532,7.8,6.825,7.794,7.355,7.765,8.713,7.227,7.326,6.374,6.869,7.032,6.042,5.652,5.29,6.485,7.784,7.176,7.564,8.388,7.043,7.08
2914.03,15,7.418,6.559,7.722,6.85,7.827,7.348,7.731,8.802,7.151,7.26,6.43,6.839,7.031,6.033,5.594,5.272,6.483,7.775,7.241,7.537,8.391,7.103,7.127
2915.03,15,7.321,6.577,7.658,6.806,7.73,7.32,7.692,8.728,7.195,7.294,6.474,6.874,7.037,6.029,5.689,5.271,6.464,7.794,7.137,7.585,8.352,7.005,7.081
2916.03,15,7.319,6.591,7.757,6.809,7.844,7.379,7.73,8.729,7.131,7.292,6.376,6.871,7.049,6.028,5.615,5.362,6.511,7.764,7.166,7.641,8.408,7.065,7.104
2917.03,15,7.383,6.58,7.744,6.788,7.774,7.337,7.772,8.727,7.194,7.259,6.39,6.839,7.035,6.032,5.617,5.3,6.483,7.811,7.185,7.581,8.365,7.138,7.126
2918.03,15,7.393,6.586,7.691,6.835,7.814,7.348,7.714,8.676,7.236,7.304,6.42,6.868,7.039,6.03,5.66,5.323,6.478,7.761,7.126,7.567,8.339,7.029,7.103
2919.03,15,7.394,6.542,7.756,6.783,7.776,7.369,7.719,8.694,7.205,7.391,6.388,6.856,7.001,6.036,5.623,5.257,6.502,7.758,7.228,7.597,8.352,7.025,7.052
2920.03,15,7.393,6.566,7.7,6.799,7.73,7.313,7.724,8.784,7.177,7.307,6.34,6.856,7.049,6.007,5.615,5.315,6.478,7.769,7.136,7.543,8.299,7.034,7.089
2921.03,15,7.348,6.622,7.706,6.835,7.807,7.328,7.709,8.671,7.211,7.292,6.387,6.848,7.079,5.981,5.574,5.332,6.515,7.809,7.225,7.586,8.389,7.053,7.102
2922.03,15,7.403,6.598,7.748,6.844,7.718,7.347,7.735,8.691,7.147,7.288,6.462,6.828,7.042,5.975,5.704,5.234,6.501,7.857,7.154,7.563,8.36,7.04,7.052
2923.03,15,7.393,6.626,7.755,6.851,7.809,7.367,7.747,8.669,7.196,7.274,6.359,6.882,7.058,6.021,5.674,5.316,6.48,7.773,7.108,7.555,8.4,7.093,7.013
2924.03,15,7.355,6.572,7.691,6.846,7.787,7.264,7.735,8.606,7.154,7.341,6.351,6.843,7.016,6.05,5.642,5.28,6.392,7.811,7.161,7.574,8.413,7.054,7.066
2925.03,15,7.344,6.629,7.654,6.748,7.791,7.32,7.76,8.677,7.182,7.269,6.394,6.847,7.089,6.023,5.627,5.28,6.517,7.772,7.227,7.615,8.389,7.021,7.045
2926.03,15,7.402,6.568,7.673,6.834,7.794,7.322,7.676,8.696,7.192,7.243,6.349,6.889,7.019,5.977,5.651,5.315,6.464,7.77,7.171,7.59,8.375,7.07,7.074
2927.03,15,7.349,6.594,7.7,6.799,7.715,7.312,7.749,8.762,7.178,7.265,6.382,6.82,7.016,6.023,5.641,5.291,6.54,7.741,7.161,7.559,8.352,7.067,6.98
2928.03,15,7.31,6.583,7.72,6.775,7.798,7.351,7.73,8.706,7.185,7.371,6.341,6.836,7.04,6.059,5.564,5.264,6.506,7.726,7.157,7.562,8.383,7.075,7.071
2929.03,15,7.367,6.568,7.692,6.833,7.838,7.336,7.759,8.707,7.178,7.264,6.353,6.872,7.073,6.063,5.669,5.281,6.462,7.738,7.109,7.616,8.397,7.136,7.102
2930.03,15,7.36,6.544,7.692,6.857,7.76,7.285,7.777,8.694,7.19,7.321,6.395,6.908,7.08,6.01,5.676,5.304,6.44,7.754,7.108,7.556,8.4,7.087,7.098
2931.03,15,7.39,6.576,7.687,6.79,7.806,7.311,7.714,8.701,7.272,7.278,6.333,6.841,7.038,5.993,5.666,5.293,6.406,7.745,7.193,7.607,8.326,7.027,7.081
2932.03,15,7.329,6.505,7.709,6.792,7.816,7.324,7.684,8.706,7.145,7.21,6.352,6.868,7.035,5.998,5.628,5.323,6.491,7.757,7.144,7.563,8.392,7.033,7.072
2933.03,15,7.335,6.535,7.706,6.784,7.79,7.315,7.737,8.643,7.187,7.327,6.452,6.763,7.025,5.985,5.627,5.271,6.461,7.736,7.161,7.613,8.377,7.036,7.06
2934.03,15,7.375,6.618,7.655,6.817,7.819,7.271,7.716,8.702,7.153,7.284,6.319,6.916,7.042,5.978,5.592,5.3,6.439,7.801,7.18,7.605,8.366,7.041,7.084
2935.03,15,7.341,6.498,7.678,6.817,7.744,7.277,7.668,8.723,7.17,7.246,6.345,6.858,7.003,5.987,5.666,5.284,6.466,7.751,7.193,7.579,8.413,7.148,7.055
2936.03,15,7.273,6.579,7.708,6.752,7.795,7.294,7.705,8.679,7.132,7.27,6.377,6.842,7.009,5.953,5.693,5.293,6.443,7.788,7.16,7.596,8.359,7.073,7.089
2937.03,15,7.306,6.57,7.647,6.849,7.782,7.219,7.703,8.642,7.183,7.239,6.427,6.844,7.058,6.035,5.637,5.319,6.454,7.736,7.117,7.622,8.383,7.092,7.044
2938.03,15,7.337,6.559,7.647,6.786,7.761,7.272,7.676,8.597,7.147,7.225,6.334,6.766,6.992,6.003,5.605,5.288,6.434,7.762,7.155,7.598,8.368,7.085,7.134
2939.03,15,7.317,6.563,7.699,6.8,7.782,7.266,7.714,8.716,7.179,7.256,6.341,6.825,6.98,6.006,5.627,5.238,6.474,7.719,7.157,7.624,8.398,7.06,7.048
2940.03,15,7.336,6.589,7.683,6.823,7.806,7.253,7.668,8.711,7.119,7.251,6.43,6.921,6.983,5.96,5.553,5.196,6.439,7.716,7.203,7.616,8.349,7.084,7.06
2941.03,15,7.322,6.573,7.636,6.706,7.793,7.26,7.692,8.683,7.121,7.24,6.268,6.775,6.966,5.939,5.649,5.3,6.503,7.766,7.155,7.587,8.328,7.091,7.071
2942.03,15,7.32,6.511,7.648,6.806,7.768,7.28,7.677,8.692,7.172,7.239,6.337,6.789,7.001,5.958,5.609,5.227,6.485,7.755,7.163,7.591,8.351,7.076,7.137
2943.03,15,7.317,6.579,7.696,6.77,7.708,7.2,7.707,8.675,7.171,7.279,6.339,6.834,7,5.985,5.562,5.266,6.5,7.725,7.171,7.589,8.399,7.06,7.041
2944.03,15,7.314,6.608,7.637,6.774,7.8,7.349,7.746,8.732,7.13,7.213,6.32,6.894,7.031,6.001,5.594,5.323,6.416,7.79,7.145,7.581,8.337,7.147,7.079
2945.03,15,7.377,6.529,7.711,6.847,7.819,7.273,7.739,8.716,7.159,7.256,6.339,6.795,7.004,6.039,5.568,5.243,6.411,7.754,7.185,7.587,8.402,7.048,7.029
2946.03,15,7.361,6.536,7.644,6.747,7.77,7.264,7.716,8.67,7.12,7.278,6.349,6.814,6.974,5.919,5.573,5.249,6.453,7.75,7.196,7.547,8.38,7.108,7.033
2947.03,15,7.31,6.569,7.671,6.794,7.754,7.282,7.7,8.667,7.164,7.301,6.361,6.785,6.993,6,5.637,5.3,6.446,7.748,7.184,7.592,8.418,7.119,7.054
2948.03,15,7.332,6.51,7.687,6.811,7.762,7.284,7.71,8.671,7.083,7.238,6.383,6.824,6.973,5.92,5.576,5.284,6.495,7.782,7.187,7.53,8.351,7.024,7.108
2949.03,15,7.349,6.494,7.663,6.816,7.763,7.294,7.697,8.682,7.169,7.3,6.286,6.82,7.054,5.984,5.58,5.346,6.363,7.783,7.128,7.554,8.315,7.043,7.061
2950.03,15,7.324,6.544,7.677,6.825,7.729,7.265,7.685,8.66,7.15,7.219,6.34,6.829,6.986,6.029,5.624,5.26,6.438,7.747,7.2,7.568,8.292,7.111,7.048
2951.03,15,7.338,6.578,7.663,6.82,7.746,7.263,7.759,8.692,7.125,7.206,6.429,6.736,6.992,5.943,5.641,5.257,6.403,7.73,7.21,7.548,8.417,7.055,7.029
2952.03,15,7.382,6.523,7.611,6.793,7.742,7.299,7.686,8.713,7.136,7.262,6.332,6.807,7.072,5.982,5.604,5.233,6.438,7.744,7.178,7.559,8.342,7.127,7.051
2953.03,15,7.28,6.518,7.66,6.821,7.762,7.295,7.708,8.653,7.163,7.261,6.284,6.767,7.029,5.952,5.589,5.22,6.434,7.791,7.148,7.518,8.437,7.115,7.02
2954.03,15,7.336,6.501,7.596,6.723,7.756,7.224,7.605,8.694,7.12,7.268,6.426,6.771,6.986,6.018,5.647,5.31,6.402,7.767,7.148,7.569,8.362,7.125,7.061
2955.03,15,7.299,6.539,7.663,6.814,7.761,7.272,7.735,8.692,7.127,7.221,6.351,6.833,7.023,5.986,5.601,5.252,6.417,7.752,7.138,7.508,8.362,7.098,7.052
2956.03,15,7.325,6.482,7.651,6.754,7.75,7.221,7.729,8.677,7.112,7.26,6.336,6.818,6.924,5.988,5.628,5.278,6.46,7.704,7.198,7.612,8.394,7.09,7.009
2957.03,15,7.351,6.493,7.62,6.797,7.736,7.274,7.64,8.721,7.095,7.2,6.272,6.787,7.023,5.959,5.598,5.299,6.441,7.732,7.076,7.57,8.394,7.026,7.125
2958.03,15,7.314,6.56,7.676,6.782,7.803,7.32,7.698,8.706,7.16,7.251,6.34,6.798,7.034,5.98,5.598,5.264,6.43,7.79,7.126,7.509,8.368,7.066,7.034
2959.03,15,7.365,6.474,7.617,6.719,7.755,7.245,7.633,8.677,7.142,7.259,6.324,6.806,7.058,5.944,5.552,5.223,6.444,7.744,7.147,7.59,8.349,7.086,7.059
2960.03,15,7.271,6.464,7.636,6.754,7.753,7.269,7.645,8.657,7.1,7.296,6.37,6.813,7.023,5.958,5.605,5.241,6.457,7.725,7.1,7.633,8.344,7.049,7.069
2961.03,15,7.248,6.448,7.632,6.764,7.715,7.285,7.687,8.613,7.098,7.232,6.341,6.805,7.002,5.884,5.551,5.239,6.455,7.762,7.144,7.572,8.435,7.095,7.02
2962.03,15,7.292,6.53,7.645,6.757,7.758,7.256,7.659,8.664,7.144,7.243,6.362,6.83,6.951,5.977,5.631,5.259,6.429,7.738,7.099,7.571,8.314,7.101,7.045
2963.03,15,7.306,6.535,7.625,6.738,7.781,7.312,7.691,8.654,7.128,7.212,6.342,6.786,6.967,6.001,5.654,5.288,6.451,7.629,7.195,7.569,8.355,7.064,7.077
2964.03,15,7.266,6.588,7.671,6.777,7.728,7.212,7.721,8.611,7.14,7.231,6.306,6.83,6.978,5.963,5.615,5.299,6.429,7.753,7.087,7.601,8.36,7.146,7.078
2965.03,15,7.263,6.504,7.611,6.809,7.77,7.226,7.679,8.611,7.119,7.213,6.285,6.796,6.953,5.906,5.587,5.263,6.408,7.793,7.13,7.538,8.354,7.12,7.038
2966.03,15,7.279,6.508,7.629,6.798,7.754,7.238,7.716,8.679,7.164,7.165,6.303,6.791,7.003,5.952,5.578,5.344,6.444,7.734,7.143,7.564,8.319,7.085,7.017
2967.03,15,7.29,6.472,7.647,6.793,7.778,7.253,7.733,8.62,7.142,7.258,6.371,6.79,6.963,5.857,5.577,5.192,6.423,7.755,7.162,7.569,8.382,7.082,7.065
2968.03,15,7.309,6.51,7.648,6.7,7.78,7.259,7.722,8.639,7.107,7.239,6.312,6.805,7.011,5.954,5.578,5.22,6.4,7.764,7.195,7.585,8.376,7.128,7.04
2969.03,15,7.252,6.474,7.577,6.814,7.738,7.301,7.7,8.652,7.084,7.253,6.336,6.799,6.974,5.907,5.565,5.256,6.386,7.74,7.142,7.611,8.391,7.12,7.057
2970.03,15,7.315,6.434,7.582,6.717,7.697,7.206,7.613,8.654,7.158,7.242,6.307,6.769,6.982,5.898,5.569,5.262,6.444,7.712,7.136,7.589,8.325,7.116,7.028
2971.03,15,7.277,6.54,7.638,6.777,7.763,7.238,7.666,8.63,7.124,7.242,6.341,6.765,7.053,5.966,5.567,5.267,6.389,7.731,7.145,7.539,8.342,7.149,7.014
2972.03,15,7.301,6.523,7.645,6.763,7.732,7.294,7.596,8.606,7.058,7.239,6.302,6.749,6.948,5.968,5.538,5.212,6.389,7.793,7.193,7.575,8.364,7.081,7.05
2973.03,15,7.29,6.475,7.621,6.725,7.756,7.201,7.665,8.631,7.082,7.255,6.322,6.764,7,5.952,5.65,5.288,6.442,7.724,7.077,7.632,8.328,7.136,7.051
2974.03,15,7.289,6.491,7.597,6.796,7.708,7.248,7.645,8.585,7.132,7.265,6.24,6.781,6.953,5.924,5.532,5.32,6.511,7.729,7.141,7.558,8.342,7.07,6.968
2975.03,15,7.231,6.458,7.558,6.727,7.661,7.219,7.686,8.639,7.069,7.249,6.355,6.819,6.995,5.935,5.622,5.272,6.399,7.712,7.086,7.554,8.379,7.095,7.039
2976.03,15,7.272,6.493,7.652,6.775,7.772,7.258,7.67,8.607,7.078,7.211,6.298,6.793,7.02,5.925,5.589,5.255,6.478,7.749,7.146,7.537,8.345,7.119,7.023
2977.03,15,7.354,6.503,7.654,6.807,7.722,7.193,7.672,8.582,7.056,7.229,6.263,6.764,7.023,5.933,5.594,5.274,6.451,7.702,7.122,7.572,8.277,7.132,7.066
2978.03,15,7.27,6.449,7.591,6.77,7.755,7.342,7.628,8.644,7.055,7.261,6.209,6.764,7.013,5.986,5.556,5.224,6.461,7.768,7.166,7.59,8.324,7.132,7.034
2979.03,15,7.24,6.446,7.619,6.642,7.792,7.19,7.634,8.664,7.081,7.177,6.299,6.778,7.066,5.896,5.616,5.258,6.388,7.712,7.139,7.57,8.297,7.096,7.095
2980.03,15,7.251,6.481,7.576,6.692,7.765,7.242,7.632,8.654,7.112,7.235,6.275,6.772,7.026,5.913,5.512,5.228,6.365,7.721,7.155,7.551,8.402,7.106,6.991
2981.03,15,7.263,6.45,7.617,6.706,7.678,7.192,7.642,8.636,7.075,7.185,6.267,6.749,6.986,5.943,5.553,5.202,6.361,7.677,7.091,7.492,8.282,7.125,6.982
2982.03,15,7.269,6.526,7.558,6.762,7.736,7.248,7.677,8.584,7.082,7.209,6.257,6.856,6.992,5.948,5.512,5.217,6.414,7.684,7.145,7.512,8.365,7.083,7.054
2983.03,15,7.242,6.435,7.603,6.789,7.688,7.19,7.667,8.594,7.025,7.249,6.242,6.784,6.973,5.935,5.528,5.204,6.439,7.745,7.142,7.525,8.376,7.096,7.013
2984.03,15,7.288,6.486,7.588,6.699,7.756,7.277,7.68,8.575,7.088,7.272,6.251,6.729,6.973,5.928,5.526,5.283,6.363,7.731,7.195,7.573,8.331,7.127,7.043
2985.03,15,7.258,6.468,7.603,6.759,7.714,7.214,7.64,8.672,7.079,7.25,6.264,6.688,6.95,5.926,5.513,5.213,6.423,7.757,7.134,7.616,8.316,7.122,7.039
2986.03,15,7.274,6.401,7.556,6.651,7.709,7.207,7.701,8.608,7.114,7.269,6.259,6.793,6.973,5.859,5.524,5.216,6.421,7.783,7.138,7.57,8.356,7.143,7.074
2987.03,15,7.253,6.434,7.603,6.826,7.708,7.272,7.596,8.576,7.107,7.235,6.291,6.698,7.036,5.852,5.557,5.187,6.442,7.712,7.113,7.57,8.398,7.102,7.021
2988.03,15,7.262,6.47,7.586,6.678,7.7,7.209,7.649,8.677,7.092,7.251,6.246,6.742,6.9,5.892,5.602,5.245,6.425,7.726,7.099,7.568,8.263,7.097,7.028
2989.03,15,7.229,6.475,7.554,6.727,7.734,7.192,7.649,8.641,7.084,7.182,6.279,6.764,6.975,5.856,5.478,5.238,6.415,7.703,7.118,7.492,8.378,7.07,6.988
2990.03,15,7.25,6.428,7.602,6.722,7.75,7.191,7.665,8.662,7.082,7.23,6.23,6.664,6.978,5.82,5.533,5.206,6.358,7.761,7.13,7.563,8.352,7.014,6.97
2991.03,15,7.246,6.446,7.541,6.732,7.778,7.224,7.675,8.61,6.994,7.19,6.297,6.719,7.002,5.911,5.523,5.275,6.406,7.724,7.155,7.557,8.388,7.106,7.02
2992.03,15,7.226,6.454,7.573,6.742,7.718,7.258,7.696,8.615,7.09,7.219,6.198,6.682,6.977,5.964,5.466,5.201,6.447,7.72,7.17,7.573,8.299,7.104,7.055
2993.03,15,7.255,6.451,7.606,6.687,7.737,7.187,7.693,8.607,7.033,7.206,6.243,6.703,7.003,5.913,5.587,5.207,6.424,7.71,7.092,7.534,8.337,7.109,7.022
2994.03,15,7.168,6.461,7.555,6.752,7.708,7.201,7.658,8.641,7.094,7.262,6.241,6.762,7.049,5.926,5.545,5.246,6.409,7.751,7.097,7.527,8.358,7.146,7.03
2995.03,15,7.227,6.42,7.523,6.776,7.746,7.242,7.655,8.615,7.057,7.215,6.232,6.772,6.955,5.895,5.562,5.208,6.359,7.68,7.217,7.436,8.326,7.066,7.045
2996.03,15,7.232,6.404,7.668,6.768,7.684,7.244,7.582,8.632,7.088,7.209,6.176,6.728,6.987,5.907,5.539,5.197,6.376,7.701,7.085,7.483,8.277,7.097,7.091
2997.03,15,7.259,6.5,7.562,6.744,7.718,7.277,7.577,8.58,7.145,7.131,6.261,6.721,6.911,5.868,5.593,5.173,6.36,7.694,7.201,7.536,8.337,7.119,7.041
2998.03,15,7.217,6.402,7.565,6.669,7.738,7.205,7.607,8.599,7.117,7.177,6.232,6.732,7.019,5.895,5.607,5.207,6.37,7.717,7.219,7.635,8.342,7.09,7.032
2999.03,15,7.177,6.403,7.56,6.715,7.806,7.199,7.567,8.644,7.055,7.134,6.285,6.716,6.984,5.9,5.504,5.211,6.347,7.641,7.087,7.611,8.381,7.137,6.953
3000.03,15,7.205,6.415,7.543,6.798,7.745,7.192,7.629,8.619,7.074,7.203,6.171,6.755,6.938,5.912,5.605,5.192,6.434,7.704,7.065,7.533,8.305,7.104,7.068
3001.03,15,7.257,6.374,7.6,6.726,7.725,7.213,7.605,8.566,7.077,7.185,6.209,6.759,7.001,5.885,5.518,5.194,6.476,7.693,7.159,7.562,8.328,7.107,7.053
3002.03,15,7.23,6.434,7.502,6.742,7.65,7.172,7.63,8.611,7.031,7.199,6.257,6.67,6.922,5.922,5.465,5.211,6.449,7.696,7.05,7.544,8.362,7.125,7.002
3003.03,15,7.268,6.434,7.594,6.665,7.695,7.13,7.587,8.656,7.118,7.219,6.277,6.773,6.969,5.825,5.528,5.2,6.438,7.713,7.109,7.539,8.347,7.127,7.056
3004.03,15,7.211,6.42,7.549,6.703,7.735,7.191,7.652,8.652,7.07,7.224,6.115,6.73,6.917,5.843,5.504,5.2,6.432,7.706,7.191,7.505,8.309,7.093,6.997
3005.03,15,7.212,6.46,7.573,6.754,7.689,7.216,7.681,8.544,7.06,7.203,6.222,6.709,6.954,5.941,5.55,5.169,6.43,7.74,7.084,7.549,8.359,7.121,7.073
3006.03,15,7.208,6.403,7.578,6.702,7.685,7.176,7.623,8.567,7.019,7.177,6.223,6.644,6.997,5.86,5.549,5.202,6.387,7.716,7.159,7.531,8.343,7.148,7.049
3007.03,15,7.265,6.421,7.578,6.764,7.722,7.21,7.613,8.612,7.054,7.189,6.215,6.674,7.02,5.811,5.513,5.171,6.389,7.787,7.094,7.525,8.363,7.102,7.016
3008.03,15,7.26,6.497,7.538,6.75,7.687,7.217,7.645,8.625,7.068,7.198,6.185,6.728,6.934,5.831,5.512,5.203,6.351,7.73,7.117,7.533,8.358,7.09,6.993
3009.03,15,7.176,6.409,7.557,6.722,7.636,7.205,7.578,8.561,7.058,7.166,6.213,6.686,6.926,5.861,5.474,5.158,6.39,7.708,7.144,7.57,8.325,7.095,6.97
3010.03,15,7.118,6.375,7.512,6.672,7.739,7.223,7.584,8.56,7.082,7.2,6.198,6.703,6.942,5.895,5.49,5.158,6.415,7.698,7.102,7.565,8.361,7.098,7.038
3011.03,15,7.168,6.491,7.552,6.714,7.714,7.207,7.684,8.594,7.002,7.171,6.233,6.729,7.011,5.825,5.482,5.317,6.337,7.752,7.079,7.535,8.379,7.051,7.022
3012.03,15,7.244,6.391,7.577,6.743,7.628,7.259,7.603,8.594,7.08,7.124,6.241,6.739,6.983,5.876,5.577,5.227,6.395,7.706,7.104,7.49,8.344,7.108,7.031
3013.03,15,7.203,6.411,7.508,6.73,7.734,7.129,7.638,8.585,7.026,7.246,6.206,6.765,6.979,5.815,5.51,5.159,6.364,7.75,7.098,7.447,8.325,7.15,6.955
3014.03,15,7.126,6.462,7.546,6.635,7.697,7.207,7.636,8.582,7.075,7.151,6.199,6.71,6.959,5.868,5.484,5.251,6.407,7.713,7.147,7.538,8.282,7.062,7.031
3015.03,15,7.159,6.364,7.556,6.703,7.679,7.211,7.603,8.637,7.027,7.206,6.194,6.7,6.974,5.903,5.505,5.19,6.381,7.832,7.098,7.553,8.336,7.104,7.038
3016.03,15,7.243,6.415,7.475,6.783,7.609,7.183,7.606,8.607,7.038,7.175,6.209,6.649,6.969,5.863,5.463,5.153,6.489,7.755,7.108,7.56,8.313,7.104,6.927
3017.03,15,7.189,6.455,7.61,6.735,7.676,7.177,7.581,8.592,6.995,7.225,6.165,6.753,6.989,5.803,5.477,5.219,6.345,7.687,7.134,7.503,8.313,7.172,7.055
3018.03,15,7.192,6.399,7.515,6.685,7.644,7.244,7.568,8.591,7.036,7.204,6.196,6.733,6.953,5.897,5.506,5.196,6.426,7.706,7.113,7.527,8.304,7.067,7.046
3019.03,15,7.164,6.363,7.499,6.7,7.657,7.227,7.656,8.574,7.009,7.191,6.168,6.693,6.923,5.885,5.511,5.228,6.385,7.705,7.102,7.523,8.311,7.077,7.009
3020.03,15,7.156,6.422,7.537,6.731,7.661,7.162,7.631,8.597,6.99,7.185,6.197,6.717,6.958,5.878,5.496,5.173,6.41,7.716,7.098,7.584,8.344,7.064,7.01
3021.03,15,7.213,6.426,7.575,6.75,7.663,7.224,7.553,8.576,7.048,7.317,6.212,6.674,6.956,5.835,5.533,5.207,6.423,7.721,7.129,7.594,8.342,7.138,7.021
3022.03,15,7.162,6.389,7.492,6.699,7.754,7.158,7.583,8.558,7.082,7.178,6.163,6.664,6.945,5.843,5.485,5.231,6.383,7.764,7.117,7.541,8.333,7.113,7.078
3023.03,15,7.201,6.35,7.472,6.713,7.752,7.201,7.609,8.585,7.025,7.222,6.225,6.732,6.977,5.859,5.463,5.133,6.42,7.687,7.101,7.483,8.324,7.076,7.044
3024.03,15,7.122,6.394,7.543,6.635,7.655,7.226,7.621,8.586,7.022,7.196,6.17,6.688,6.978,5.825,5.467,5.162,6.34,7.662,7.095,7.455,8.32,7.142,7.026
3025.03,15,7.143,6.376,7.526,6.677,7.72,7.152,7.586,8.535,7.069,7.185,6.153,6.688,6.964,5.828,5.471,5.101,6.356,7.768,7.124,7.518,8.256,7.122,7.015
3026.03,15,7.119,6.426,7.573,6.603,7.698,7.165,7.665,8.56,6.972,7.141,6.228,6.744,6.916,5.803,5.494,5.091,6.385,7.67,7.135,7.544,8.24,7.187,6.992
3027.03,15,7.136,6.379,7.556,6.673,7.711,7.143,7.661,8.517,6.985,7.129,6.215,6.718,6.906,5.802,5.472,5.178,6.454,7.637,7.074,7.576,8.287,7.074,7.026
3028.03,15,7.146,6.399,7.457,6.645,7.725,7.139,7.555,8.561,7.012,7.15,6.191,6.632,6.943,5.842,5.481,5.119,6.392,7.701,7.126,7.496,8.251,7.098,7.021
3029.03,15,7.187,6.396,7.508,6.67,7.696,7.137,7.608,8.6,6.971,7.128,6.113,6.684,6.933,5.823,5.499,5.206,6.387,7.7,7.127,7.552,8.268,7.125,7.01
3030.03,15,7.174,6.412,7.485,6.604,7.702,7.11,7.574,8.539,6.994,7.207,6.136,6.695,6.9,5.786,5.495,5.148,6.422,7.733,7.091,7.507,8.283,7.083,6.975
3031.03,15,7.146,6.385,7.515,6.699,7.662,7.135,7.515,8.555,6.964,7.188,6.132,6.714,6.961,5.847,5.485,5.173,6.385,7.759,7.124,7.507,8.347,7.087,7.011
3032.03,15,7.152,6.399,7.532,6.684,7.705,7.17,7.571,8.525,7.034,7.169,6.12,6.696,6.988,5.803,5.499,5.181,6.352,7.736,7.116,7.511,8.367,7.093,6.965
3033.03,15,7.098,6.357,7.473,6.7,7.623,7.16,7.624,8.541,6.998,7.114,6.188,6.72,6.93,5.828,5.491,5.127,6.388,7.721,7.078,7.525,8.307,7.149,6.978
3034.03,15,7.121,6.341,7.5,6.635,7.646,7.183,7.601,8.623,6.984,7.15,6.139,6.665,6.966,5.813,5.457,5.224,6.458,7.661,7.107,7.482,8.295,7.123,6.948
3035.03,15,7.141,6.421,7.462,6.663,7.657,7.154,7.645,8.537,7.071,7.18,6.203,6.668,6.975,5.832,5.471,5.131,6.415,7.698,7.122,7.472,8.301,7.11,6.975
3036.03,15,7.11,6.355,7.539,6.62,7.585,7.208,7.613,8.534,7.041,7.15,6.14,6.725,6.946,5.821,5.468,5.225,6.432,7.707,7.116,7.49,8.312,7.145,7.057
3037.03,15,7.15,6.374,7.486,6.66,7.682,7.146,7.618,8.55,7.008,7.213,6.137,6.662,6.941,5.785,5.467,5.115,6.448,7.685,7.072,7.517,8.351,7.066,6.988
3038.03,15,7.148,6.399,7.433,6.597,7.67,7.212,7.554,8.548,6.971,7.161,6.157,6.704,6.931,5.804,5.469,5.223,6.398,7.675,7.118,7.463,8.347,7.076,6.985
3039.03,15,7.147,6.364,7.515,6.683,7.643,7.188,7.604,8.521,6.978,7.145,6.179,6.674,6.888,5.831,5.433,5.14,6.399,7.7,7.073,7.502,8.294,7.111,7.009
3040.03,15,7.104,6.357,7.435,6.611,7.648,7.18,7.659,8.589,6.962,7.215,6.111,6.672,6.982,5.797,5.458,5.204,6.381,7.752,7.123,7.501,8.361,7.117,6.96
3041.03,15,7.108,6.46,7.527,6.66,7.66,7.168,7.609,8.537,6.995,7.147,6.176,6.695,6.882,5.832,5.513,5.109,6.356,7.689,7.1,7.535,8.284,7.1,7.007
3042.03,15,7.071,6.378,7.461,6.7,7.597,7.178,7.591,8.533,6.986,7.213,6.177,6.707,6.975,5.821,5.479,5.15,6.403,7.707,7.075,7.511,8.305,7.115,7.039
3043.03,15,7.111,6.41,7.489,6.602,7.634,7.162,7.616,8.529,7.03,7.155,6.091,6.638,6.864,5.792,5.516,5.165,6.392,7.671,7.117,7.454,8.298,7.12,7.039
3044.03,15,7.154,6.328,7.425,6.671,7.662,7.103,7.557,8.499,6.967,7.053,6.103,6.704,6.879,5.827,5.428,5.164,6.362,7.697,7.085,7.544,8.336,7.161,6.96
3045.03,15,7.08,6.38,7.461,6.624,7.656,7.135,7.479,8.564,7.025,7.146,6.195,6.614,6.895,5.805,5.414,5.119,6.4,7.735,7.093,7.499,8.341,7.171,6.998
3046.03,15,7.187,6.32,7.501,6.681,7.581,7.124,7.544,8.565,6.929,7.085,6.149,6.685,6.973,5.858,5.454,5.096,6.372,7.726,7.063,7.503,8.302,7.091,6.981
3047.03,15,7.15,6.387,7.453,6.575,7.664,7.111,7.534,8.555,7.04,7.146,6.084,6.668,6.961,5.84,5.465,5.22,6.337,7.686,7.077,7.412,8.303,7.106,6.941
3048.03,15,7.141,6.341,7.494,6.628,7.632,7.18,7.661,8.539,6.996,7.128,6.132,6.668,6.92,5.815,5.479,5.109,6.366,7.667,7.153,7.523,8.309,7.125,6.906
3049.03,15,7.132,6.345,7.443,6.694,7.669,7.122,7.622,8.538,7.042,7.107,6.177,6.629,6.906,5.794,5.442,5.14,6.373,7.756,7.139,7.541,8.328,7.142,7.004
3050.03,15,7.036,6.338,7.458,6.614,7.7,7.101,7.602,8.55,6.979,7.126,6.096,6.613,6.946,5.852,5.491,5.121,6.391,7.678,7.076,7.518,8.34,7.132,6.945
3051.03,15,7.141,6.309,7.496,6.65,7.674,7.132,7.542,8.499,7.013,7.143,6.139,6.632,7.011,5.715,5.437,5.116,6.364,7.667,7.083,7.507,8.2,7.12,7
3052.03,15,7.149,6.319,7.482,6.575,7.658,7.167,7.572,8.489,6.967,7.127,6.033,6.665,6.885,5.783,5.492,5.194,6.346,7.701,7.072,7.56,8.288,7.126,6.975
3053.03,15,7.054,6.341,7.522,6.7,7.661,7.044,7.542,8.544,6.98,7.174,6.132,6.668,6.927,5.778,5.446,5.129,6.39,7.711,7.112,7.488,8.385,7.166,7.026
3054.03,15,7.052,6.36,7.499,6.615,7.587,7.148,7.558,8.51,7.049,7.186,6.127,6.578,6.983,5.776,5.445,5.099,6.384,7.774,7.086,7.516,8.274,7.104,6.997
3055.03,15,7.132,6.305,7.491,6.563,7.558,7.097,7.542,8.541,6.947,7.185,6.145,6.71,6.951,5.764,5.459,5.119,6.356,7.746,7.125,7.369,8.254,7.094,6.989
3056.03,15,7.061,6.379,7.37,6.623,7.686,7.096,7.666,8.514,6.928,7.135,6.139,6.626,6.88,5.765,5.483,5.17,6.33,7.711,7.105,7.474,8.347,7.122,6.99
3057.03,15,7.12,6.333,7.475,6.635,7.627,7.121,7.542,8.555,7.019,7.082,6.137,6.64,6.921,5.825,5.397,5.177,6.383,7.688,7.053,7.579,8.306,7.135,6.971
3058.03,15,7.015,6.349,7.434,6.708,7.639,7.105,7.627,8.578,6.949,7.079,6.146,6.668,6.923,5.751,5.367,5.159,6.415,7.683,7.054,7.568,8.227,7.097,6.997
3059.03,15,7.093,6.418,7.459,6.623,7.535,7.13,7.524,8.513,6.975,7.119,6.162,6.656,6.92,5.719,5.435,5.164,6.378,7.757,7.096,7.541,8.259,7.123,6.979
3060.03,15,7.122,6.354,7.48,6.621,7.598,7.132,7.497,8.557,6.975,7.128,6.064,6.666,6.925,5.814,5.384,5.164,6.337,7.667,7.092,7.462,8.316,7.14,6.974
3061.03,15,7.057,6.297,7.475,6.609,7.601,7.127,7.575,8.525,6.955,7.124,6.115,6.613,6.895,5.784,5.5,5.109,6.342,7.679,7.13,7.552,8.315,7.168,7.025
3062.03,15,7.066,6.29,7.453,6.645,7.662,7.138,7.571,8.531,6.976,7.101,6.149,6.641,6.907,5.72,5.443,5.12,6.381,7.593,7.077,7.509,8.291,7.1,7.04
3063.03,15,7.074,6.345,7.443,6.651,7.554,7.119,7.61,8.447,6.904,7.062,6.092,6.59,6.916,5.748,5.434,5.094,6.402,7.621,7.055,7.449,8.299,7.077,7.007
3064.03,15,7.06,6.35,7.429,6.644,7.629,7.135,7.599,8.492,6.991,7.127,6.085,6.554,6.901,5.784,5.42,5.131,6.321,7.753,7.112,7.495,8.32,7.146,6.927
3065.03,15,7.037,6.252,7.446,6.632,7.602,7.122,7.589,8.573,6.969,7.079,6.095,6.614,6.889,5.712,5.475,5.118,6.307,7.703,7.063,7.49,8.266,7.078,6.991
3066.03,15,7.077,6.277,7.468,6.631,7.584,7.079,7.58,8.581,6.97,7.108,6.09,6.669,6.927,5.743,5.407,5.13,6.322,7.728,7.078,7.451,8.299,7.106,6.935
3067.03,15,7.089,6.35,7.395,6.603,7.63,7.175,7.56,8.481,6.931,7.118,6.066,6.684,6.862,5.78,5.409,5.089,6.359,7.7,7.069,7.527,8.276,7.174,6.984
3068.03,15,7.085,6.346,7.478,6.651,7.592,7.086,7.567,8.494,7.004,7.108,6.107,6.612,6.889,5.76,5.368,5.066,6.382,7.728,7.1,7.488,8.272,7.14,6.956
3069.03,15,7.07,6.292,7.341,6.623,7.606,7.072,7.567,8.538,7.025,7.148,6.086,6.692,6.873,5.773,5.495,5.148,6.348,7.669,7.137,7.47,8.277,7.13,7.015
3070.03,15,7.052,6.305,7.431,6.626,7.613,7.128,7.471,8.547,6.9,7.166,6.09,6.622,6.974,5.763,5.474,5.127,6.347,7.641,7.057,7.491,8.321,7.123,6.96
3071.03,15,7.064,6.21,7.405,6.668,7.623,7.081,7.549,8.451,6.933,7.115,6.086,6.588,6.935,5.746,5.407,5.131,6.308,7.709,7.051,7.474,8.269,7.155,6.97
3072.03,15,6.998,6.289,7.423,6.592,7.581,7.117,7.587,8.5,7.017,7.088,6.069,6.568,6.919,5.759,5.373,5.149,6.326,7.67,7.061,7.49,8.274,7.083,6.973
3073.03,15,7.096,6.334,7.479,6.635,7.632,7.125,7.486,8.487,6.937,7.126,6.05,6.666,6.944,5.815,5.422,5.109,6.322,7.693,7.119,7.608,8.296,7.086,6.943
3074.03,15,7.011,6.302,7.393,6.626,7.633,7.137,7.503,8.559,6.874,7.109,6.04,6.7,6.885,5.695,5.423,5.111,6.358,7.628,7.066,7.493,8.314,7.15,6.963
3075.03,15,7.059,6.363,7.434,6.626,7.649,7.103,7.562,8.504,6.917,7.132,6.087,6.611,6.888,5.767,5.439,5.103,6.37,7.676,7.082,7.483,8.27,7.185,7.013
3076.03,15,7.03,6.349,7.431,6.597,7.573,7.038,7.623,8.468,6.884,7.133,6.072,6.556,6.925,5.741,5.502,5.123,6.292,7.619,7.056,7.518,8.336,7.118,6.931
3077.03,15,7.135,6.323,7.407,6.637,7.635,7.078,7.522,8.48,6.834,7.142,6.061,6.624,6.958,5.692,5.438,5.104,6.376,7.628,7.051,7.486,8.269,7.129,6.991
3078.03,15,7.081,6.302,7.428,6.608,7.604,7.175,7.556,8.596,6.924,7.162,6.042,6.626,6.978,5.726,5.39,5.102,6.308,7.637,7.089,7.481,8.325,7.152,7.08
3079.03,15,7.013,6.302,7.395,6.669,7.64,7.132,7.556,8.552,6.902,7.1,6.096,6.467,6.898,5.716,5.434,5.049,6.327,7.637,7.065,7.516,8.253,7.153,6.974
3080.03,15,7.04,6.333,7.379,6.592,7.632,7.098,7.528,8.546,6.909,7.097,6.054,6.581,6.936,5.687,5.424,5.118,6.304,7.737,7.092,7.454,8.278,7.11,6.968
3081.03,15,7.026,6.263,7.42,6.625,7.609,7.119,7.562,8.521,6.929,7.177,6.024,6.633,6.925,5.68,5.431,5.169,6.365,7.686,7.046,7.48,8.32,7.154,6.94
3082.03,15,7.063,6.307,7.473,6.651,7.571,7.128,7.583,8.503,6.856,7.015,6.073,6.574,6.823,5.693,5.359,5.124,6.4,7.688,7.114,7.468,8.293,7.156,6.965
3083.03,15,7.07,6.271,7.39,6.602,7.645,7.134,7.469,8.491,6.962,7.07,6.061,6.637,6.836,5.739,5.398,5.036,6.326,7.665,7.005,7.465,8.33,7.061,6.983
3084.03,15,7.01,6.253,7.365,6.681,7.539,7.089,7.558,8.49,6.953,7.15,6.121,6.594,6.888,5.756,5.323,5.094,6.316,7.643,7.075,7.522,8.312,7.105,6.979
3085.03,15,7.018,6.289,7.323,6.61,7.599,7.06,7.491,8.468,6.938,7.025,6.101,6.548,6.894,5.71,5.471,5.078,6.329,7.688,7.051,7.453,8.255,7.132,6.996
3086.03,15,6.976,6.237,7.413,6.599,7.617,7.069,7.539,8.512,6.931,7.108,6.074,6.618,6.903,5.638,5.414,5.05,6.37,7.721,7.104,7.43,8.319,7.199,6.959
3087.03,15,6.982,6.269,7.421,6.537,7.564,7.097,7.533,8.512,6.925,7.061,6.052,6.564,6.891,5.716,5.448,5.129,6.35,7.694,7.103,7.48,8.277,7.142,6.914
3088.03,15,7.075,6.273,7.401,6.603,7.583,7.113,7.525,8.493,6.917,7.129,6.003,6.561,6.909,5.76,5.402,5.024,6.351,7.676,7.089,7.438,8.285,7.135,6.957
3089.03,15,7.008,6.318,7.417,6.627,7.614,7.063,7.589,8.491,6.898,7.06,5.991,6.631,6.854,5.694,5.433,5.082,6.337,7.615,7.018,7.455,8.249,7.11,6.948
3090.03,15,7.001,6.307,7.409,6.542,7.539,7.032,7.483,8.496,6.942,7.064,6.033,6.585,6.936,5.728,5.369,5.032,6.359,7.664,7.061,7.509,8.257,7.112,6.912
3091.03,15,7.041,6.236,7.405,6.664,7.598,7.103,7.53,8.476,6.84,7.04,6.01,6.605,6.872,5.722,5.342,5.051,6.299,7.628,7.066,7.472,8.299,7.14,6.945
3092.03,15,6.96,6.186,7.404,6.645,7.622,7.037,7.543,8.472,6.871,7.048,6.094,6.63,6.966,5.68,5.413,5.11,6.386,7.668,7.073,7.497,8.283,7.054,6.925
3093.03,15,7.011,6.334,7.364,6.643,7.584,7.001,7.53,8.5,6.95,7.103,6.017,6.61,6.873,5.675,5.428,5.097,6.347,7.678,7.022,7.47,8.294,7.202,6.873
3094.03,15,6.977,6.247,7.379,6.627,7.586,7.047,7.55,8.458,6.923,7.085,5.998,6.565,6.851,5.759,5.388,5.088,6.301,7.69,7.009,7.425,8.325,7.116,7.037
3095.03,15,6.998,6.258,7.396,6.631,7.618,7.107,7.582,8.443,6.862,7.057,6.067,6.658,6.89,5.687,5.38,5.042,6.33,7.707,7.107,7.466,8.298,7.158,7.062
3096.03,15,7.026,6.321,7.369,6.529,7.584,6.951,7.491,8.441,6.885,7.086,6.026,6.584,6.902,5.655,5.379,5.117,6.349,7.701,7.087,7.448,8.274,7.114,6.979
3097.03,15,7.02,6.282,7.357,6.624,7.573,7.072,7.507,8.417,6.919,7.127,5.983,6.561,6.884,5.581,5.43,5.162,6.275,7.66,7.014,7.462,8.315,7.151,6.89
3098.03,15,6.975,6.265,7.396,6.576,7.638,7.152,7.495,8.447,6.922,7.207,5.974,6.551,6.96,5.676,5.36,5.096,6.332,7.675,7.058,7.509,8.353,7.098,6.959
3099.03,15,7.02,6.239,7.362,6.664,7.553,7.087,7.471,8.527,6.89,7.094,5.975,6.604,6.805,5.647,5.371,5.111,6.353,7.646,6.991,7.453,8.281,7.175,6.957
3100.03,15,7.022,6.305,7.404,6.56,7.581,7.063,7.555,8.419,6.864,7.131,5.991,6.541,6.939,5.672,5.406,5.06,6.377,7.671,7.059,7.456,8.202,7.117,6.939
3101.03,15,6.986,6.311,7.37,6.619,7.626,7.135,7.492,8.439,6.91,7.075,5.987,6.594,6.919,5.715,5.381,5.083,6.262,7.617,7.07,7.489,8.301,7.128,6.981
3102.03,15,6.958,6.238,7.381,6.57,7.548,7.047,7.491,8.478,6.84,7.076,6.018,6.563,6.921,5.668,5.411,5.203,6.332,7.665,7.018,7.454,8.255,7.086,6.949
3103.03,15,7.041,6.221,7.35,6.542,7.572,7.02,7.558,8.466,6.833,7.148,6.046,6.536,6.861,5.685,5.408,5.015,6.369,7.678,7.024,7.517,8.23,7.108,6.948
3104.03,15,6.989,6.347,7.327,6.607,7.605,7.051,7.545,8.448,6.877,7.114,6.024,6.524,6.82,5.669,5.372,5.045,6.284,7.636,7.095,7.434,8.263,7.138,6.94
3105.03,15,7.022,6.295,7.361,6.57,7.671,7.054,7.486,8.482,6.929,7.107,6.044,6.527,6.885,5.711,5.384,5.106,6.275,7.673,7.044,7.466,8.203,7.205,6.981
3106.03,15,6.982,6.262,7.377,6.575,7.539,7.081,7.507,8.506,6.893,7.065,5.974,6.573,6.836,5.596,5.348,5.099,6.297,7.606,7.128,7.462,8.256,7.189,6.945
3107.03,15,6.998,6.234,7.302,6.547,7.579,7.015,7.514,8.499,6.821,7.015,5.968,6.561,6.843,5.703,5.413,5.07,6.304,7.676,7.066,7.529,8.25,7.183,6.964
3108.03,15,6.973,6.2,7.373,6.625,7.549,7.015,7.493,8.419,6.886,7.126,5.951,6.494,6.893,5.627,5.387,5.095,6.267,7.635,7.081,7.444,8.232,7.08,6.959
3109.03,15,7.006,6.154,7.361,6.607,7.614,7.036,7.526,8.465,6.888,7.181,6.05,6.526,6.922,5.709,5.439,5.065,6.286,7.723,6.996,7.387,8.237,7.12,6.883
3110.03,15,6.986,6.245,7.334,6.588,7.564,7.003,7.461,8.475,6.868,7.062,5.961,6.555,6.836,5.665,5.368,5.085,6.295,7.696,7.019,7.408,8.33,7.14,6.91
3111.03,15,6.918,6.261,7.385,6.564,7.596,7.036,7.497,8.453,6.893,7.141,5.977,6.598,6.836,5.662,5.344,5.101,6.324,7.686,7.057,7.43,8.302,7.161,6.936
3112.03,15,6.952,6.212,7.304,6.589,7.571,7.052,7.5,8.372,6.844,7.048,5.985,6.566,6.871,5.679,5.307,5.047,6.311,7.624,7.023,7.38,8.257,7.114,7.036
3113.03,15,7.005,6.254,7.279,6.572,7.552,7.044,7.514,8.402,6.808,7.017,6.006,6.526,6.861,5.699,5.359,5.051,6.389,7.636,7.003,7.474,8.301,7.097,6.969
3114.03,15,6.929,6.231,7.284,6.611,7.576,7.035,7.512,8.462,6.777,7.037,5.977,6.53,6.9,5.638,5.367,5.044,6.341,7.628,7.121,7.471,8.228,7.119,6.937
3115.03,15,6.986,6.197,7.322,6.602,7.587,7.05,7.506,8.413,6.888,7.113,5.997,6.559,6.913,5.72,5.403,5.117,6.293,7.685,7.006,7.443,8.258,7.089,6.995
3116.03,15,6.915,6.265,7.354,6.557,7.643,6.976,7.493,8.414,6.908,7.085,6.036,6.54,7.009,5.714,5.404,5.069,6.325,7.643,7.003,7.478,8.22,7.202,6.934
3117.03,15,6.971,6.24,7.334,6.587,7.555,7.02,7.509,8.415,6.828,7.041,5.957,6.572,6.897,5.62,5.368,5.052,6.257,7.652,7.044,7.389,8.256,7.163,6.965
3118.03,15,6.936,6.242,7.345,6.528,7.558,7.038,7.469,8.468,6.835,7.092,5.961,6.506,6.82,5.651,5.303,5.111,6.276,7.631,7.052,7.4,8.245,7.165,6.989
3119.03,15,6.897,6.248,7.267,6.543,7.561,7.004,7.477,8.38,6.845,7.048,6.026,6.537,6.867,5.677,5.339,5.084,6.356,7.605,7.011,7.504,8.273,7.177,6.97
3120.03,15,6.946,6.279,7.322,6.576,7.518,7.017,7.466,8.438,6.811,7.107,5.986,6.527,6.904,5.664,5.349,4.988,6.319,7.655,7.012,7.442,8.309,7.212,6.963
3121.03,15,6.873,6.19,7.369,6.58,7.547,7.014,7.414,8.436,6.808,7.021,5.993,6.496,6.883,5.613,5.337,5.07,6.363,7.692,6.989,7.456,8.291,7.167,6.93
3122.03,15,6.908,6.232,7.353,6.608,7.538,6.968,7.394,8.444,6.84,6.979,5.903,6.523,6.876,5.682,5.393,5.08,6.333,7.664,7.058,7.434,8.2,7.037,6.971
3123.03,15,6.904,6.272,7.317,6.625,7.603,7.023,7.51,8.384,6.806,7.033,5.97,6.516,6.856,5.644,5.361,5.074,6.317,7.653,7.035,7.468,8.254,7.079,6.981
3124.03,15,6.94,6.2,7.349,6.539,7.593,7.049,7.455,8.426,6.862,6.959,5.967,6.505,6.825,5.602,5.424,5.129,6.237,7.642,7.034,7.461,8.218,7.23,6.977
3125.03,15,6.877,6.193,7.392,6.537,7.549,7.061,7.501,8.415,6.886,7.069,5.945,6.557,6.838,5.635,5.299,5.039,6.252,7.6,7.011,7.443,8.243,7.144,6.929
3126.03,15,6.917,6.16,7.267,6.524,7.49,6.989,7.431,8.477,6.805,6.998,5.912,6.479,6.906,5.67,5.387,5.004,6.372,7.632,6.988,7.491,8.206,7.147,6.921
3127.03,15,6.912,6.15,7.236,6.499,7.567,7.019,7.542,8.397,6.852,7.055,5.998,6.516,6.83,5.646,5.337,5.079,6.249,7.684,7.005,7.448,8.249,7.063,6.916
3128.03,15,6.949,6.279,7.323,6.579,7.546,6.991,7.475,8.424,6.859,7.01,5.978,6.512,6.852,5.69,5.348,5.029,6.3,7.624,7.054,7.44,8.279,7.147,6.961
3129.03,15,6.998,6.197,7.388,6.524,7.581,6.963,7.496,8.451,6.864,7.04,5.925,6.542,6.833,5.569,5.344,5.003,6.292,7.705,6.994,7.476,8.258,7.144,6.99
3130.03,15,6.894,6.209,7.39,6.555,7.475,7.004,7.493,8.401,6.839,7.051,5.977,6.456,6.866,5.597,5.249,5.07,6.305,7.619,6.985,7.386,8.236,7.111,6.924
3131.03,15,6.871,6.203,7.327,6.567,7.569,6.981,7.474,8.481,6.829,7.058,5.959,6.471,6.88,5.619,5.314,5.013,6.285,7.65,7.062,7.4,8.295,7.123,7.017
3132.03,15,6.931,6.221,7.313,6.591,7.527,7.016,7.537,8.403,6.862,7.055,5.95,6.446,6.86,5.579,5.351,5.044,6.359,7.626,7.038,7.432,8.263,7.208,6.903
3133.03,15,6.901,6.225,7.336,6.583,7.516,7.038,7.489,8.353,6.861,7.008,5.892,6.52,6.835,5.689,5.272,5,6.293,7.669,6.993,7.39,8.325,7.158,6.957
3134.03,15,6.899,6.15,7.352,6.574,7.605,6.984,7.483,8.406,6.884,7.049,5.952,6.604,6.813,5.65,5.301,4.959,6.253,7.618,7.011,7.398,8.218,7.165,6.972
3135.03,15,6.858,6.147,7.301,6.57,7.517,7.022,7.414,8.39,6.819,7.077,5.909,6.528,6.873,5.624,5.298,5.073,6.258,7.651,7.031,7.429,8.286,7.16,6.878
3136.03,15,6.922,6.192,7.299,6.519,7.471,6.985,7.426,8.434,6.807,7.039,5.918,6.506,6.872,5.545,5.296,5.012,6.3,7.616,6.985,7.487,8.287,7.139,6.951
3137.03,15,6.898,6.185,7.324,6.527,7.539,6.976,7.402,8.438,6.816,7.103,5.992,6.54,6.88,5.583,5.406,5.041,6.29,7.56,7.001,7.475,8.267,7.132,6.927
3138.03,15,6.86,6.241,7.246,6.572,7.525,7.026,7.494,8.469,6.834,7.068,5.888,6.537,6.924,5.633,5.313,5.036,6.242,7.635,7.099,7.583,8.273,7.244,6.966
3139.03,15,6.91,6.199,7.296,6.515,7.568,6.984,7.466,8.414,6.785,7.05,5.914,6.505,6.87,5.575,5.3,4.981,6.309,7.671,7.07,7.478,8.241,7.148,6.938
3140.03,15,6.857,6.197,7.272,6.561,7.534,6.962,7.489,8.416,6.797,6.969,5.921,6.52,6.895,5.605,5.332,4.972,6.317,7.654,7.058,7.491,8.299,7.157,6.881
3141.03,15,6.914,6.23,7.341,6.546,7.509,6.976,7.463,8.403,6.784,6.982,5.891,6.45,6.824,5.562,5.311,5.046,6.308,7.645,7.04,7.461,8.226,7.127,6.918
3142.03,15,6.852,6.198,7.248,6.526,7.521,7.032,7.486,8.459,6.736,7.038,5.925,6.539,6.827,5.644,5.367,4.984,6.326,7.633,7.077,7.429,8.245,7.177,6.93
3143.03,15,6.93,6.193,7.306,6.523,7.513,6.984,7.464,8.469,6.725,7.084,5.88,6.54,6.868,5.566,5.318,5.037,6.301,7.648,7.011,7.438,8.263,7.184,6.875
3144.03,15,6.893,6.211,7.266,6.512,7.564,6.981,7.437,8.408,6.814,7.057,5.918,6.458,6.861,5.599,5.362,4.998,6.3,7.673,7.026,7.409,8.194,7.204,6.991
3145.03,15,6.772,6.174,7.342,6.55,7.554,7.03,7.487,8.409,6.752,7.081,5.898,6.532,6.824,5.589,5.339,5.042,6.299,7.566,7.023,7.407,8.279,7.151,6.955
3146.03,15,6.883,6.128,7.28,6.528,7.524,6.936,7.433,8.383,6.773,7.011,5.956,6.477,6.878,5.676,5.336,5.008,6.269,7.647,6.994,7.408,8.231,7.181,7.004
3147.03,15,6.875,6.165,7.281,6.542,7.504,6.969,7.44,8.419,6.833,7.048,5.933,6.486,6.851,5.596,5.325,4.959,6.306,7.665,7.048,7.386,8.214,7.168,6.981
3148.03,15,6.819,6.214,7.282,6.444,7.532,6.922,7.41,8.475,6.766,7.005,5.898,6.426,6.784,5.673,5.289,4.989,6.289,7.619,7.001,7.416,8.265,7.214,6.876
3149.03,15,6.898,6.176,7.256,6.53,7.557,6.961,7.485,8.374,6.783,7.02,5.855,6.535,6.852,5.609,5.342,5.032,6.302,7.656,7.083,7.399,8.271,7.152,6.952
3150.03,15,6.877,6.132,7.283,6.481,7.547,7.014,7.454,8.455,6.792,7.079,5.87,6.446,6.831,5.616,5.29,4.999,6.249,7.686,6.962,7.476,8.3,7.126,6.914
3151.03,15,6.849,6.199,7.263,6.502,7.522,6.925,7.456,8.371,6.876,7.037,5.877,6.482,6.914,5.589,5.267,5.047,6.281,7.677,7.076,7.49,8.254,7.18,6.889
3152.03,15,6.78,6.2,7.297,6.563,7.473,6.931,7.418,8.419,6.714,7.054,5.854,6.494,6.846,5.581,5.306,5,6.278,7.585,7.013,7.458,8.245,7.137,6.92
3153.03,15,6.837,6.183,7.365,6.452,7.588,7.003,7.474,8.407,6.824,7.043,5.952,6.48,6.81,5.593,5.306,5.019,6.244,7.625,7.021,7.434,8.306,7.14,6.924
3154.03,15,6.827,6.188,7.309,6.503,7.502,7.037,7.46,8.375,6.781,7.015,5.884,6.505,6.889,5.671,5.297,4.948,6.25,7.601,6.965,7.408,8.246,7.124,6.926
3155.03,15,6.861,6.201,7.313,6.501,7.53,6.968,7.439,8.401,6.757,7.014,5.902,6.441,6.84,5.564,5.33,4.989,6.282,7.657,6.972,7.401,8.256,7.139,6.93
3156.03,15,6.824,6.104,7.274,6.553,7.486,6.943,7.435,8.406,6.744,7.04,5.908,6.433,6.819,5.61,5.326,5.043,6.264,7.574,7.049,7.446,8.253,7.143,6.945
3157.03,15,6.899,6.109,7.19,6.51,7.55,6.94,7.403,8.378,6.76,7.04,5.849,6.459,6.83,5.525,5.317,4.984,6.254,7.556,6.99,7.414,8.242,7.164,6.935
3158.03,15,6.889,6.163,7.293,6.527,7.502,6.912,7.448,8.402,6.799,7.008,5.841,6.434,6.834,5.554,5.37,5.015,6.31,7.631,6.975,7.358,8.216,7.14,6.965
3159.03,15,6.869,6.148,7.237,6.49,7.496,6.921,7.447,8.38,6.769,7.07,5.855,6.458,6.759,5.554,5.282,5.03,6.33,7.606,7.01,7.364,8.206,7.15,6.913
3160.03,15,6.881,6.136,7.278,6.541,7.457,6.983,7.435,8.387,6.714,6.953,5.85,6.51,6.837,5.635,5.297,4.999,6.245,7.581,7,7.403,8.2,7.173,6.833
3161.03,15,6.829,6.183,7.248,6.508,7.524,6.963,7.511,8.407,6.788,7.046,5.938,6.483,6.882,5.573,5.317,5.018,6.316,7.646,6.956,7.368,8.223,7.162,6.93
3162.03,15,6.855,6.123,7.213,6.53,7.513,6.991,7.412,8.359,6.8,6.969,5.833,6.518,6.86,5.538,5.286,4.955,6.232,7.655,7.007,7.416,8.174,7.168,6.932
3163.03,15,6.838,6.099,7.321,6.524,7.467,6.952,7.474,8.354,6.815,7.078,5.836,6.44,6.842,5.594,5.344,4.972,6.294,7.656,7.008,7.412,8.259,7.153,6.922
3164.03,15,6.883,6.166,7.272,6.48,7.514,6.979,7.415,8.419,6.736,7.061,5.866,6.5,6.796,5.578,5.265,4.993,6.227,7.624,6.967,7.413,8.197,7.209,6.886
3165.03,15,6.766,6.141,7.28,6.484,7.466,6.964,7.46,8.361,6.723,6.929,5.879,6.489,6.808,5.542,5.31,5.071,6.27,7.687,6.969,7.426,8.243,7.132,6.921
3166.03,15,6.852,6.104,7.239,6.516,7.518,6.958,7.402,8.385,6.756,7.003,5.822,6.479,6.849,5.576,5.247,5.006,6.261,7.524,6.974,7.434,8.269,7.137,6.911
3167.03,15,6.838,6.214,7.243,6.469,7.477,6.912,7.447,8.392,6.804,6.953,5.901,6.433,6.845,5.551,5.264,5.061,6.298,7.598,7.019,7.403,8.189,7.125,6.857
3168.03,15,6.849,6.138,7.262,6.479,7.505,6.97,7.393,8.338,6.768,7.023,5.869,6.471,6.777,5.536,5.269,5.042,6.265,7.593,7.017,7.402,8.225,7.148,6.89
3169.03,15,6.835,6.19,7.207,6.436,7.51,6.938,7.413,8.285,6.776,7.009,5.832,6.464,6.818,5.542,5.297,5.011,6.27,7.613,7.016,7.426,8.288,7.169,6.941
3170.03,15,6.795,6.1,7.254,6.506,7.533,6.898,7.354,8.402,6.783,7.029,5.823,6.467,6.761,5.572,5.335,4.998,6.3,7.589,6.987,7.362,8.249,7.129,6.903
3171.03,15,6.837,6.13,7.268,6.487,7.44,6.967,7.443,8.357,6.719,6.917,5.806,6.397,6.829,5.625,5.318,5.022,6.277,7.62,7.012,7.381,8.359,7.163,6.961
3172.03,15,6.821,6.097,7.169,6.455,7.557,6.93,7.468,8.349,6.749,7.105,5.846,6.477,6.857,5.426,5.306,4.999,6.29,7.66,6.989,7.415,8.249,7.21,6.929
3173.03,15,6.817,6.115,7.236,6.491,7.465,6.969,7.406,8.341,6.744,7.032,5.844,6.44,6.765,5.495,5.219,4.943,6.203,7.593,7.013,7.455,8.236,7.137,6.946
3174.03,15,6.826,6.036,7.195,6.532,7.405,6.967,7.41,8.387,6.718,7.016,5.863,6.444,6.795,5.561,5.237,4.998,6.196,7.608,6.997,7.427,8.227,7.145,6.936
3175.03,15,6.738,6.095,7.288,6.477,7.498,6.954,7.434,8.35,6.789,6.997,5.827,6.459,6.806,5.51,5.29,5.009,6.241,7.642,7.021,7.453,8.188,7.195,6.902
3176.03,15,6.712,6.147,7.251,6.481,7.417,6.96,7.401,8.305,6.794,6.999,5.858,6.359,6.8,5.542,5.244,5.012,6.291,7.541,6.955,7.351,8.231,7.203,6.861
3177.03,15,6.736,6.143,7.239,6.452,7.436,6.884,7.377,8.3,6.742,6.994,5.831,6.42,6.789,5.503,5.269,4.951,6.257,7.572,7.078,7.415,8.233,7.134,6.892
3178.03,15,6.77,6.114,7.135,6.487,7.436,6.97,7.44,8.344,6.723,6.9,5.84,6.43,6.84,5.473,5.199,4.952,6.277,7.612,7.005,7.377,8.254,7.141,6.914
3179.03,15,6.73,6.092,7.271,6.402,7.526,6.911,7.376,8.297,6.75,6.992,5.83,6.4,6.883,5.488,5.329,4.959,6.248,7.527,7.005,7.365,8.182,7.158,6.9
3180.03,15,6.859,6.155,7.169,6.462,7.435,6.932,7.484,8.299,6.738,7.023,5.838,6.42,6.791,5.507,5.241,4.945,6.305,7.619,7.034,7.346,8.255,7.23,6.939
3181.03,15,6.807,6.139,7.165,6.509,7.437,6.909,7.458,8.357,6.683,6.958,5.746,6.398,6.796,5.543,5.228,4.959,6.238,7.575,6.946,7.432,8.207,7.138,6.941
3182.03,15,6.765,6.171,7.224,6.48,7.411,6.91,7.413,8.351,6.738,6.954,5.865,6.424,6.787,5.524,5.259,5.033,6.295,7.665,7.004,7.43,8.232,7.138,6.899
3183.03,15,6.764,6.1,7.193,6.4,7.429,6.869,7.333,8.342,6.705,6.955,5.83,6.394,6.789,5.528,5.234,5.001,6.273,7.619,7.004,7.337,8.219,7.115,6.937
3184.03,15,6.771,6.096,7.24,6.456,7.471,6.922,7.365,8.353,6.674,7.002,5.829,6.442,6.872,5.563,5.242,4.963,6.259,7.604,6.97,7.409,8.263,7.131,6.886
3185.03,15,6.8,6.082,7.17,6.461,7.495,6.92,7.401,8.377,6.701,6.971,5.78,6.384,6.81,5.547,5.184,4.953,6.154,7.55,6.956,7.369,8.245,7.144,6.899
3186.03,15,6.758,6.078,7.129,6.491,7.475,6.853,7.374,8.335,6.839,6.967,5.799,6.436,6.818,5.541,5.19,4.971,6.228,7.642,6.993,7.435,8.254,7.149,6.957
3187.03,15,6.73,6.059,7.194,6.487,7.504,6.929,7.418,8.321,6.736,6.973,5.779,6.367,6.775,5.527,5.259,4.968,6.27,7.563,7.014,7.345,8.255,7.178,6.944
3188.03,15,6.755,6.116,7.218,6.445,7.507,6.933,7.421,8.389,6.731,6.997,5.845,6.387,6.782,5.464,5.206,4.957,6.214,7.6,6.942,7.39,8.237,7.212,6.824
3189.03,15,6.799,6.097,7.188,6.479,7.468,6.978,7.428,8.367,6.722,7.027,5.834,6.43,6.831,5.571,5.2,4.936,6.249,7.561,6.993,7.377,8.289,7.103,6.907
3190.03,15,6.733,6.036,7.235,6.457,7.457,6.896,7.431,8.359,6.734,6.962,5.865,6.415,6.827,5.518,5.273,5.037,6.252,7.617,6.988,7.329,8.223,7.164,6.867
3191.03,15,6.75,6.148,7.197,6.482,7.519,6.914,7.389,8.303,6.746,6.945,5.777,6.399,6.809,5.543,5.23,4.951,6.25,7.628,6.986,7.328,8.231,7.175,6.868
3192.03,15,6.729,6.071,7.216,6.473,7.482,6.898,7.4,8.288,6.688,6.998,5.851,6.45,6.791,5.529,5.204,4.991,6.287,7.565,6.984,7.409,8.265,7.115,6.927
3193.03,15,6.761,6.027,7.138,6.432,7.428,6.947,7.36,8.331,6.688,6.964,5.767,6.388,6.845,5.375,5.27,4.986,6.242,7.613,6.995,7.401,8.197,7.119,6.875
3194.03,15,6.801,6.082,7.192,6.472,7.43,6.872,7.384,8.326,6.749,6.931,5.782,6.376,6.84,5.479,5.167,4.966,6.26,7.528,6.939,7.38,8.21,7.216,6.839
3195.03,15,6.756,6.083,7.192,6.448,7.473,6.9,7.362,8.376,6.717,6.942,5.777,6.437,6.853,5.521,5.221,4.936,6.233,7.594,6.99,7.406,8.246,7.206,6.858
3196.03,15,6.762,6.109,7.165,6.473,7.477,6.84,7.365,8.271,6.666,6.968,5.798,6.446,6.745,5.507,5.232,4.974,6.24,7.56,6.936,7.349,8.191,7.14,6.908
3197.03,15,6.765,6.097,7.161,6.453,7.549,6.836,7.403,8.345,6.694,6.982,5.825,6.397,6.754,5.449,5.307,4.955,6.232,7.589,6.965,7.354,8.217,7.126,6.895
3198.03,15,6.682,6.108,7.217,6.457,7.472,6.832,7.37,8.364,6.68,6.896,5.731,6.38,6.822,5.426,5.251,4.948,6.275,7.595,6.979,7.347,8.245,7.126,6.906
3199.03,15,6.746,6.092,7.185,6.474,7.484,6.881,7.378,8.371,6.727,6.944,5.792,6.407,6.825,5.525,5.246,4.953,6.2,7.593,6.994,7.38,8.303,7.122,6.947
3200.03,15,6.798,6.079,7.165,6.439,7.448,6.885,7.372,8.306,6.758,6.927,5.846,6.394,6.816,5.577,5.218,4.962,6.245,7.567,7.061,7.395,8.205,7.191,6.861
3201.03,15,6.756,6.047,7.228,6.347,7.475,6.89,7.349,8.32,6.711,7,5.755,6.389,6.806,5.542,5.235,4.912,6.273,7.584,6.991,7.397,8.186,7.149,6.878
3202.03,15,6.739,6.051,7.176,6.482,7.39,6.903,7.345,8.289,6.685,6.973,5.771,6.364,6.794,5.456,5.156,4.957,6.242,7.625,6.94,7.362,8.237,7.182,6.901
3203.03,15,6.74,6.05,7.149,6.496,7.421,6.816,7.372,8.264,6.756,6.958,5.78,6.353,6.734,5.511,5.159,4.928,6.184,7.558,6.951,7.357,8.226,7.138,6.918
3204.03,15,6.788,6.079,7.204,6.372,7.465,6.858,7.394,8.273,6.672,6.963,5.759,6.377,6.794,5.479,5.283,4.943,6.167,7.658,7.012,7.368,8.233,7.162,6.838
3205.03,15,6.775,6.035,7.196,6.409,7.454,6.791,7.363,8.272,6.655,7.016,5.753,6.371,6.797,5.511,5.192,4.972,6.232,7.596,6.963,7.437,8.201,7.156,6.899
3206.03,15,6.746,6.032,7.101,6.455,7.451,6.868,7.311,8.338,6.713,6.905,5.799,6.361,6.757,5.481,5.187,4.988,6.233,7.55,7.038,7.345,8.146,7.16,6.89
3207.03,15,6.699,6.14,7.124,6.416,7.48,6.886,7.377,8.336,6.656,6.896,5.775,6.413,6.797,5.512,5.189,4.934,6.201,7.62,6.988,7.374,8.253,7.184,6.879
3208.03,15,6.722,6.067,7.124,6.411,7.434,6.872,7.325,8.276,6.756,6.949,5.788,6.395,6.749,5.502,5.225,4.993,6.238,7.619,6.989,7.421,8.218,7.151,6.934
3209.03,15,6.755,6.053,7.177,6.474,7.44,6.886,7.318,8.257,6.733,6.978,5.773,6.383,6.79,5.485,5.255,4.925,6.258,7.627,6.97,7.383,8.194,7.183,6.826
3210.03,15,6.736,6.046,7.164,6.463,7.451,6.859,7.393,8.303,6.66,6.941,5.798,6.479,6.761,5.454,5.215,4.995,6.216,7.593,6.935,7.362,8.22,7.171,6.89
3211.03,15,6.745,6.008,7.129,6.402,7.393,6.877,7.392,8.32,6.72,6.881,5.774,6.376,6.741,5.422,5.152,4.937,6.235,7.614,6.946,7.379,8.197,7.173,6.907
3212.03,15,6.738,6.122,7.145,6.465,7.444,6.868,7.38,8.325,6.64,6.931,5.803,6.392,6.787,5.458,5.142,4.937,6.211,7.57,6.966,7.426,8.187,7.167,6.891
3213.03,15,6.684,5.99,7.115,6.433,7.445,6.942,7.306,8.283,6.689,6.96,5.747,6.389,6.696,5.405,5.188,4.954,6.183,7.572,6.949,7.396,8.23,7.174,6.889
3214.03,15,6.754,6.074,7.125,6.429,7.522,6.849,7.346,8.249,6.674,6.934,5.72,6.359,6.787,5.39,5.248,4.975,6.225,7.637,6.939,7.377,8.195,7.157,6.899
3215.03,15,6.747,6.073,7.135,6.414,7.395,6.868,7.321,8.283,6.683,6.85,5.702,6.386,6.752,5.444,5.205,4.923,6.202,7.594,7.006,7.328,8.169,7.197,6.827
3216.03,15,6.75,6.018,7.165,6.349,7.516,6.87,7.334,8.25,6.687,6.978,5.719,6.344,6.778,5.448,5.201,5.014,6.204,7.548,6.915,7.42,8.304,7.155,6.883
3217.03,15,6.708,6.054,7.119,6.397,7.438,6.851,7.356,8.316,6.666,6.851,5.727,6.424,6.731,5.447,5.208,4.899,6.166,7.522,6.954,7.381,8.178,7.177,6.958
3218.03,15,6.713,6.087,7.109,6.427,7.445,6.827,7.352,8.329,6.668,6.904,5.732,6.356,6.771,5.483,5.281,4.934,6.204,7.581,6.915,7.344,8.285,7.148,6.851
3219.03,15,6.736,5.963,7.132,6.461,7.433,6.866,7.305,8.25,6.649,6.947,5.806,6.336,6.746,5.458,5.199,4.885,6.195,7.626,7.015,7.353,8.181,7.162,6.869
3220.03,15,6.721,6.057,7.106,6.35,7.463,6.914,7.384,8.288,6.645,6.921,5.725,6.401,6.727,5.429,5.24,4.931,6.226,7.528,6.919,7.378,8.204,7.153,6.877
3221.03,15,6.714,5.992,7.157,6.445,7.414,6.807,7.384,8.291,6.66,6.89,5.739,6.387,6.74,5.46,5.22,4.907,6.222,7.536,7.041,7.403,8.222,7.141,6.888
3222.03,15,6.734,6.024,7.063,6.426,7.437,6.804,7.368,8.295,6.587,6.936,5.7,6.425,6.825,5.44,5.224,4.983,6.199,7.567,6.93,7.367,8.209,7.094,6.914
3223.03,15,6.679,6.015,7.129,6.334,7.434,6.849,7.358,8.288,6.606,6.914,5.705,6.345,6.749,5.412,5.19,4.893,6.265,7.508,6.933,7.357,8.191,7.217,6.915
3224.03,15,6.675,6.046,7.11,6.397,7.385,6.879,7.35,8.267,6.642,6.932,5.701,6.385,6.785,5.485,5.222,4.898,6.231,7.58,6.97,7.379,8.264,7.191,6.855
3225.03,15,6.626,5.964,7.209,6.45,7.448,6.854,7.361,8.268,6.628,6.991,5.661,6.369,6.766,5.383,5.123,4.968,6.185,7.598,6.992,7.386,8.179,7.138,6.845
3226.03,15,6.677,6.031,7.165,6.378,7.417,6.849,7.376,8.268,6.622,6.89,5.755,6.391,6.836,5.361,5.186,4.92,6.247,7.591,6.968,7.392,8.233,7.146,6.898
3227.03,15,6.646,5.993,7.125,6.522,7.366,6.824,7.295,8.319,6.608,6.897,5.672,6.358,6.786,5.398,5.25,4.925,6.191,7.594,6.93,7.371,8.224,7.107,6.892
3228.03,15,6.647,5.981,7.085,6.413,7.443,6.858,7.377,8.306,6.644,6.901,5.694,6.348,6.769,5.41,5.15,4.913,6.239,7.565,6.969,7.35,8.222,7.181,6.873
3229.03,15,6.731,6.009,7.114,6.359,7.433,6.828,7.346,8.263,6.62,6.984,5.697,6.381,6.821,5.423,5.188,4.937,6.263,7.6,6.947,7.425,8.198,7.125,6.796
3230.03,15,6.674,6.033,7.14,6.389,7.408,6.887,7.274,8.292,6.632,6.913,5.637,6.41,6.781,5.465,5.235,4.887,6.155,7.543,6.927,7.357,8.175,7.23,6.906
3231.03,15,6.575,6.09,7.054,6.417,7.448,6.839,7.347,8.298,6.696,6.886,5.687,6.344,6.768,5.452,5.166,4.936,6.223,7.532,6.999,7.317,8.155,7.139,6.866
3232.03,15,6.652,5.982,7.103,6.358,7.451,6.808,7.264,8.317,6.693,6.852,5.647,6.387,6.816,5.477,5.183,4.906,6.237,7.561,7.007,7.34,8.198,7.129,6.805
3233.03,15,6.625,6.028,7.07,6.358,7.343,6.836,7.321,8.289,6.628,6.894,5.755,6.381,6.754,5.441,5.22,4.955,6.188,7.538,6.956,7.348,8.195,7.132,6.891
3234.03,15,6.646,6.059,7.087,6.402,7.435,6.842,7.29,8.265,6.642,6.949,5.664,6.357,6.726,5.475,5.154,4.908,6.218,7.525,6.951,7.358,8.201,7.223,6.829
3235.03,15,6.635,6.014,7.05,6.405,7.464,6.856,7.373,8.335,6.667,6.904,5.736,6.394,6.809,5.405,5.134,4.896,6.187,7.505,6.954,7.33,8.183,7.169,6.916
3236.03,15,6.59,5.954,7.054,6.415,7.44,6.863,7.329,8.258,6.591,6.939,5.69,6.348,6.73,5.468,5.128,4.917,6.206,7.545,6.941,7.368,8.202,7.244,6.939
3237.03,15,6.617,6.073,7.064,6.359,7.42,6.869,7.332,8.263,6.575,6.877,5.735,6.39,6.735,5.47,5.17,4.939,6.142,7.542,6.972,7.306,8.169,7.179,6.845
3238.03,15,6.643,6.013,7.107,6.366,7.383,6.782,7.295,8.235,6.648,6.909,5.714,6.358,6.802,5.396,5.131,4.929,6.141,7.543,6.963,7.344,8.197,7.183,6.843
3239.03,15,6.649,5.933,7.097,6.416,7.393,6.803,7.287,8.307,6.601,6.981,5.684,6.362,6.852,5.366,5.126,4.9,6.217,7.61,6.974,7.343,8.142,7.128,6.831
3240.03,15,6.645,6.005,7.075,6.36,7.415,6.854,7.328,8.149,6.584,6.913,5.766,6.329,6.742,5.435,5.182,4.956,6.24,7.587,6.946,7.372,8.226,7.176,6.841
3241.03,15,6.663,5.939,7.077,6.382,7.43,6.814,7.351,8.29,6.646,6.887,5.737,6.285,6.791,5.409,5.209,4.875,6.189,7.528,6.978,7.363,8.144,7.168,6.915
3242.03,15,6.635,5.979,7.095,6.36,7.386,6.788,7.271,8.262,6.598,6.921,5.665,6.332,6.736,5.433,5.143,4.887,6.203,7.567,6.934,7.366,8.18,7.139,6.856
3243.03,15,6.646,6.008,7.084,6.388,7.401,6.815,7.322,8.252,6.585,6.969,5.682,6.373,6.807,5.372,5.115,4.95,6.233,7.592,6.986,7.345,8.248,7.162,6.813
3244.03,15,6.661,5.975,7.064,6.34,7.405,6.847,7.361,8.314,6.639,6.928,5.663,6.381,6.742,5.359,5.191,4.879,6.138,7.561,6.984,7.386,8.204,7.186,6.86
3245.03,15,6.634,5.981,7.131,6.421,7.443,6.802,7.359,8.243,6.617,6.917,5.674,6.378,6.704,5.423,5.17,4.909,6.223,7.554,7.019,7.32,8.176,7.11,6.892
3246.03,15,6.648,6.017,7.109,6.377,7.439,6.784,7.314,8.235,6.587,6.942,5.679,6.337,6.782,5.383,5.149,4.848,6.187,7.556,6.915,7.313,8.207,7.181,6.863
3247.03,15,6.594,6.013,7.038,6.387,7.346,6.792,7.341,8.242,6.66,6.913,5.678,6.379,6.735,5.423,5.164,4.87,6.243,7.522,6.966,7.301,8.193,7.211,6.907
3248.03,15,6.659,5.959,7.065,6.304,7.376,6.828,7.331,8.252,6.64,6.851,5.685,6.293,6.739,5.34,5.153,4.879,6.191,7.491,6.938,7.326,8.228,7.199,6.872
3249.03,15,6.634,5.992,7.078,6.41,7.447,6.753,7.311,8.249,6.613,6.873,5.66,6.271,6.695,5.368,5.126,4.859,6.164,7.558,6.949,7.335,8.186,7.229,6.794
3250.03,15,6.578,5.957,7.068,6.447,7.355,6.828,7.241,8.293,6.611,6.884,5.631,6.303,6.804,5.466,5.159,4.874,6.175,7.561,6.955,7.316,8.228,7.1,6.885
3251.03,15,6.526,5.928,7.032,6.383,7.345,6.79,7.328,8.233,6.606,6.884,5.645,6.301,6.73,5.398,5.192,4.819,6.19,7.589,6.884,7.434,8.194,7.176,6.815
3252.03,15,6.625,6.041,7.086,6.34,7.363,6.814,7.312,8.247,6.639,6.875,5.72,6.272,6.79,5.352,5.133,4.862,6.155,7.559,6.914,7.359,8.184,7.104,6.869
3253.03,15,6.599,5.932,7.016,6.364,7.405,6.805,7.316,8.175,6.587,6.809,5.636,6.328,6.8,5.426,5.211,4.835,6.147,7.549,6.871,7.377,8.179,7.146,6.902
3254.03,15,6.664,5.935,7.058,6.388,7.43,6.811,7.322,8.297,6.527,6.9,5.631,6.3,6.75,5.468,5.155,4.889,6.194,7.529,6.944,7.367,8.167,7.159,6.934
3255.03,15,6.572,5.974,7.091,6.311,7.371,6.775,7.293,8.222,6.543,6.834,5.672,6.29,6.706,5.39,5.102,4.893,6.199,7.472,6.938,7.333,8.186,7.185,6.871
3256.03,15,6.633,5.94,7.131,6.353,7.391,6.822,7.335,8.273,6.631,6.906,5.628,6.335,6.713,5.372,5.08,4.964,6.16,7.568,6.877,7.314,8.182,7.168,6.849
3257.03,15,6.603,5.922,7.056,6.398,7.395,6.746,7.296,8.287,6.605,6.902,5.642,6.29,6.759,5.378,5.166,4.9,6.094,7.513,6.924,7.254,8.2,7.147,6.858
3258.03,15,6.687,6,6.967,6.317,7.369,6.801,7.313,8.221,6.579,6.878,5.624,6.315,6.749,5.416,5.137,4.861,6.211,7.517,6.929,7.309,8.092,7.162,6.861
3259.03,15,6.574,5.914,7.025,6.374,7.373,6.809,7.324,8.217,6.587,6.904,5.621,6.339,6.705,5.378,5.112,4.937,6.218,7.487,6.947,7.358,8.174,7.214,6.862
3260.03,15,6.623,5.854,7.009,6.31,7.336,6.783,7.3,8.23,6.604,6.872,5.665,6.285,6.756,5.408,5.198,4.864,6.224,7.542,6.948,7.236,8.115,7.165,6.891
3261.03,15,6.602,5.966,7.03,6.362,7.34,6.797,7.267,8.244,6.558,6.897,5.616,6.271,6.726,5.365,5.128,4.886,6.177,7.567,6.932,7.365,8.133,7.194,6.851
3262.03,15,6.566,5.949,6.984,6.325,7.401,6.778,7.276,8.297,6.588,6.902,5.675,6.297,6.739,5.321,5.118,4.867,6.15,7.514,6.918,7.312,8.193,7.174,6.875
3263.03,15,6.577,5.962,7.102,6.379,7.421,6.777,7.31,8.268,6.589,6.897,5.601,6.286,6.679,5.325,5.108,4.84,6.206,7.563,6.93,7.362,8.172,7.199,6.839
3264.03,15,6.616,5.95,7.022,6.352,7.417,6.732,7.23,8.258,6.634,6.901,5.639,6.274,6.709,5.382,5.077,4.841,6.176,7.566,6.88,7.366,8.158,7.152,6.865
3265.03,15,6.611,5.923,7.084,6.322,7.425,6.696,7.257,8.169,6.597,6.895,5.631,6.277,6.749,5.425,5.084,4.894,6.175,7.548,6.962,7.334,8.224,7.164,6.836
3266.03,15,6.641,5.87,6.993,6.279,7.437,6.778,7.279,8.147,6.59,6.879,5.626,6.253,6.718,5.299,5.179,4.869,6.154,7.497,6.929,7.304,8.152,7.136,6.896
3267.03,15,6.574,5.901,7.041,6.357,7.365,6.798,7.268,8.165,6.686,6.927,5.615,6.272,6.724,5.323,5.142,4.875,6.142,7.539,6.954,7.331,8.189,7.215,6.795
3268.03,15,6.505,5.909,7.013,6.349,7.302,6.744,7.303,8.208,6.574,6.889,5.649,6.257,6.734,5.354,5.103,4.905,6.195,7.54,6.961,7.369,8.199,7.246,6.86
3269.03,15,6.525,5.948,7.021,6.31,7.363,6.782,7.333,8.188,6.586,6.9,5.656,6.321,6.774,5.383,5.131,4.871,6.134,7.446,6.875,7.294,8.182,7.198,6.828
3270.03,15,6.588,5.924,7.033,6.308,7.393,6.805,7.287,8.22,6.528,6.912,5.58,6.295,6.723,5.412,5.135,4.858,6.171,7.521,6.911,7.36,8.148,7.163,6.811
3271.03,15,6.498,5.956,7.016,6.345,7.297,6.79,7.276,8.158,6.606,6.915,5.62,6.314,6.706,5.402,5.192,4.839,6.167,7.54,6.956,7.305,8.189,7.218,6.841
3272.03,15,6.59,5.83,7.047,6.368,7.362,6.697,7.332,8.212,6.538,6.911,5.629,6.196,6.778,5.297,5.129,4.918,6.189,7.526,6.981,7.347,8.147,7.2,6.785
3273.03,15,6.532,5.894,6.997,6.321,7.414,6.783,7.315,8.161,6.579,6.842,5.637,6.278,6.683,5.372,5.134,4.817,6.171,7.556,6.915,7.338,8.17,7.192,6.802
3274.03,15,6.59,5.908,7.023,6.345,7.352,6.698,7.274,8.231,6.549,6.872,5.602,6.21,6.71,5.422,5.1,4.824,6.184,7.505,6.962,7.254,8.194,7.14,6.829
3275.03,15,6.572,5.91,6.96,6.35,7.387,6.712,7.271,8.201,6.506,6.932,5.616,6.313,6.692,5.336,5.161,4.868,6.181,7.578,6.969,7.299,8.15,7.184,6.875
3276.03,15,6.571,5.885,6.949,6.341,7.362,6.841,7.208,8.17,6.571,6.839,5.567,6.288,6.684,5.266,5.182,4.907,6.159,7.499,6.91,7.249,8.224,7.184,6.803
3277.03,15,6.526,5.934,7.002,6.247,7.338,6.731,7.272,8.141,6.624,6.886,5.673,6.31,6.777,5.379,5.101,4.808,6.117,7.535,6.944,7.285,8.138,7.257,6.863
3278.03,15,6.564,5.921,7.043,6.298,7.317,6.688,7.251,8.175,6.528,6.824,5.522,6.291,6.684,5.263,5.147,4.851,6.208,7.542,6.928,7.29,8.151,7.152,6.851
3279.03,15,6.509,5.878,6.995,6.295,7.333,6.767,7.275,8.21,6.559,6.809,5.601,6.223,6.715,5.332,5.182,4.819,6.119,7.481,6.89,7.326,8.211,7.155,6.852
3280.03,15,6.571,5.897,6.967,6.361,7.322,6.721,7.278,8.188,6.606,6.892,5.621,6.275,6.712,5.293,5.058,4.876,6.169,7.503,6.965,7.302,8.183,7.101,6.787
3281.03,15,6.433,5.887,6.936,6.251,7.369,6.701,7.254,8.215,6.511,6.839,5.638,6.272,6.693,5.253,5.098,4.807,6.221,7.507,6.968,7.355,8.117,7.198,6.812
3282.03,15,6.535,5.855,6.935,6.319,7.358,6.677,7.236,8.177,6.46,6.87,5.583,6.304,6.665,5.283,5.122,4.855,6.152,7.523,6.9,7.363,8.197,7.245,6.839
3283.03,15,6.474,5.874,6.998,6.262,7.323,6.729,7.264,8.08,6.545,6.863,5.57,6.263,6.696,5.308,5.092,4.873,6.163,7.554,6.973,7.321,8.106,7.155,6.869
3284.03,15,6.561,5.874,6.955,6.354,7.379,6.76,7.247,8.181,6.506,6.888,5.596,6.269,6.699,5.352,5.119,4.852,6.183,7.553,6.944,7.263,8.193,7.135,6.89
3285.03,15,6.598,5.878,6.974,6.337,7.377,6.82,7.225,8.178,6.506,6.87,5.539,6.241,6.741,5.348,5.077,4.811,6.184,7.495,6.958,7.319,8.19,7.201,6.838
3286.03,15,6.6,5.876,6.942,6.344,7.35,6.748,7.248,8.135,6.52,6.845,5.535,6.253,6.721,5.36,5.134,4.821,6.171,7.536,6.964,7.326,8.231,7.179,6.806
3287.03,15,6.525,5.934,6.915,6.274,7.368,6.749,7.247,8.1,6.549,6.837,5.656,6.26,6.759,5.298,5.102,4.853,6.156,7.468,6.899,7.268,8.11,7.194,6.803
3288.03,15,6.615,5.87,7.035,6.34,7.34,6.728,7.246,8.14,6.544,6.845,5.573,6.227,6.742,5.331,5.077,4.856,6.151,7.544,6.969,7.239,8.092,7.198,6.877
3289.03,15,6.533,5.87,6.958,6.211,7.377,6.678,7.321,8.195,6.491,6.845,5.571,6.264,6.741,5.298,5.081,4.846,6.187,7.486,6.951,7.286,8.178,7.217,6.9
3290.03,15,6.484,5.901,6.959,6.305,7.369,6.744,7.254,8.224,6.47,6.896,5.543,6.237,6.721,5.375,5.051,4.843,6.133,7.548,6.951,7.283,8.155,7.197,6.796
3291.03,15,6.474,5.86,7.01,6.286,7.342,6.785,7.251,8.212,6.499,6.902,5.555,6.187,6.709,5.325,5.088,4.871,6.155,7.547,6.965,7.302,8.139,7.165,6.831
3292.03,15,6.486,5.867,6.967,6.28,7.341,6.76,7.262,8.138,6.522,6.833,5.544,6.22,6.707,5.35,5.077,4.849,6.147,7.517,6.888,7.327,8.134,7.187,6.784
3293.03,15,6.483,5.918,6.956,6.335,7.38,6.809,7.228,8.179,6.538,6.873,5.526,6.174,6.712,5.278,5.09,4.78,6.136,7.508,6.873,7.258,8.18,7.154,6.826
3294.03,15,6.534,5.885,6.955,6.292,7.302,6.732,7.203,8.244,6.523,6.842,5.614,6.265,6.72,5.299,5.071,4.892,6.135,7.523,6.916,7.285,8.118,7.191,6.789
3295.03,15,6.501,5.895,6.945,6.273,7.335,6.752,7.182,8.204,6.485,6.828,5.51,6.245,6.696,5.324,5.1,4.844,6.217,7.58,6.887,7.34,8.201,7.143,6.826
3296.03,15,6.47,5.871,6.915,6.301,7.337,6.708,7.232,8.226,6.568,6.783,5.574,6.192,6.674,5.265,5.088,4.795,6.194,7.555,6.938,7.277,8.138,7.188,6.859
3297.03,15,6.465,5.955,6.975,6.401,7.324,6.662,7.232,8.105,6.52,6.843,5.514,6.231,6.682,5.325,5.13,4.815,6.166,7.489,6.914,7.283,8.194,7.17,6.841
3298.03,15,6.498,5.917,6.948,6.269,7.354,6.742,7.239,8.2,6.502,6.85,5.537,6.244,6.728,5.284,5.102,4.856,6.147,7.513,6.919,7.311,8.138,7.195,6.864
3299.03,15,6.486,5.893,7.007,6.326,7.295,6.641,7.225,8.166,6.56,6.86,5.497,6.182,6.654,5.339,5.115,4.836,6.148,7.526,6.915,7.317,8.103,7.246,6.8
3300.03,15,6.523,5.864,7.027,6.271,7.264,6.726,7.255,8.21,6.516,6.813,5.548,6.283,6.667,5.333,5.078,4.732,6.137,7.537,6.909,7.264,8.17,7.131,6.853
3301.03,15,6.444,5.884,6.87,6.332,7.31,6.702,7.254,8.157,6.472,6.772,5.528,6.195,6.73,5.218,5.072,4.831,6.139,7.5,6.904,7.382,8.132,7.168,6.845
3302.03,15,6.497,5.895,6.911,6.321,7.306,6.681,7.268,8.176,6.5,6.762,5.499,6.213,6.663,5.27,5.063,4.822,6.128,7.51,6.876,7.259,8.18,7.112,6.804
3303.03,15,6.432,5.837,6.93,6.334,7.393,6.671,7.265,8.164,6.495,6.871,5.521,6.196,6.707,5.24,5.057,4.828,6.161,7.427,6.948,7.317,8.139,7.147,6.895
3304.03,15,6.516,5.914,6.874,6.261,7.254,6.659,7.165,8.195,6.533,6.832,5.526,6.258,6.771,5.284,5.042,4.825,6.145,7.529,6.877,7.311,8.108,7.177,6.832
3305.03,15,6.464,5.884,6.926,6.306,7.263,6.681,7.252,8.134,6.515,6.842,5.519,6.197,6.688,5.312,5.072,4.829,6.146,7.556,6.919,7.243,8.105,7.145,6.812
3306.03,15,6.458,5.832,6.886,6.397,7.355,6.735,7.293,8.11,6.614,6.869,5.536,6.23,6.72,5.268,5.036,4.82,6.146,7.49,6.931,7.268,8.164,7.172,6.798
3307.03,15,6.486,5.84,6.92,6.195,7.29,6.749,7.216,8.158,6.496,6.815,5.546,6.234,6.675,5.281,4.992,4.768,6.137,7.415,6.937,7.312,8.116,7.223,6.769
3308.03,15,6.479,5.871,6.937,6.296,7.401,6.7,7.285,8.151,6.44,6.816,5.493,6.164,6.659,5.299,5.094,4.82,6.194,7.494,6.967,7.292,8.156,7.213,6.831
3309.03,15,6.417,5.829,6.92,6.269,7.298,6.731,7.245,8.124,6.461,6.776,5.513,6.236,6.692,5.312,4.979,4.828,6.129,7.582,6.901,7.279,8.166,7.157,6.906
3310.03,15,6.465,5.878,6.887,6.343,7.268,6.695,7.206,8.102,6.511,6.726,5.55,6.179,6.736,5.21,5.034,4.788,6.1,7.521,6.867,7.3,8.123,7.183,6.822
3311.03,15,6.453,5.823,6.917,6.284,7.329,6.703,7.17,8.123,6.424,6.751,5.493,6.16,6.703,5.206,5.092,4.829,6.115,7.552,6.924,7.285,8.104,7.193,6.827
3312.03,15,6.496,5.808,6.998,6.329,7.345,6.713,7.222,8.105,6.546,6.842,5.5,6.178,6.66,5.322,5.06,4.744,6.081,7.542,6.893,7.327,8.153,7.18,6.78
3313.03,15,6.458,5.817,6.926,6.266,7.302,6.68,7.152,8.176,6.391,6.775,5.493,6.15,6.676,5.194,5.009,4.85,6.161,7.549,6.933,7.245,8.117,7.16,6.854
3314.03,15,6.374,5.759,6.888,6.342,7.304,6.693,7.225,8.107,6.481,6.816,5.466,6.223,6.685,5.285,5.045,4.77,6.148,7.523,6.86,7.282,8.138,7.159,6.853
3315.03,15,6.405,5.812,6.971,6.318,7.328,6.728,7.208,8.182,6.452,6.828,5.462,6.167,6.674,5.284,5.026,4.804,6.215,7.476,6.89,7.301,8.145,7.197,6.862
3316.03,15,6.397,5.767,6.906,6.277,7.323,6.692,7.178,8.145,6.524,6.753,5.537,6.173,6.704,5.239,5.047,4.757,6.119,7.546,6.953,7.283,8.175,7.243,6.793
3317.03,15,6.457,5.828,6.903,6.292,7.26,6.704,7.225,8.16,6.481,6.81,5.483,6.182,6.777,5.276,5.006,4.754,6.138,7.485,6.937,7.271,8.125,7.215,6.797
3318.03,15,6.465,5.813,6.914,6.34,7.294,6.638,7.163,8.085,6.48,6.816,5.541,6.222,6.748,5.259,5.034,4.809,6.176,7.522,6.848,7.301,8.115,7.22,6.773
3319.03,15,6.414,5.871,6.854,6.254,7.304,6.723,7.198,8.123,6.415,6.828,5.531,6.117,6.739,5.229,4.944,4.817,6.102,7.496,6.904,7.32,8.145,7.156,6.797
3320.03,15,6.39,5.835,6.935,6.259,7.283,6.664,7.201,8.115,6.478,6.812,5.499,6.188,6.706,5.212,5.09,4.79,6.094,7.52,6.889,7.222,8.112,7.171,6.781
3321.03,15,6.439,5.782,6.941,6.259,7.314,6.72,7.205,8.124,6.486,6.84,5.475,6.2,6.816,5.272,5.051,4.831,6.166,7.531,6.903,7.302,8.101,7.198,6.883
3322.03,15,6.466,5.837,6.943,6.297,7.29,6.697,7.247,8.148,6.47,6.801,5.49,6.246,6.608,5.209,5.099,4.771,6.082,7.544,6.961,7.248,8.12,7.159,6.855
3323.03,15,6.429,5.784,6.859,6.219,7.342,6.667,7.241,8.131,6.455,6.793,5.508,6.163,6.77,5.209,5.01,4.824,6.146,7.472,6.891,7.315,8.12,7.106,6.822
3324.03,15,6.547,5.825,6.993,6.245,7.304,6.72,7.232,8.115,6.379,6.801,5.499,6.221,6.708,5.231,5.027,4.769,6.149,7.481,6.902,7.27,8.13,7.224,6.821
3325.03,15,6.418,5.798,6.927,6.262,7.297,6.678,7.176,8.094,6.441,6.812,5.567,6.178,6.719,5.208,4.992,4.753,6.169,7.483,6.882,7.276,8.088,7.195,6.864
3326.03,15,6.445,5.752,6.889,6.233,7.303,6.741,7.174,8.018,6.466,6.785,5.48,6.161,6.718,5.243,4.997,4.798,6.122,7.477,6.917,7.327,8.131,7.238,6.793
3327.03,15,6.479,5.788,6.92,6.28,7.276,6.625,7.186,8.075,6.472,6.781,5.468,6.211,6.656,5.245,5.034,4.808,6.158,7.477,6.896,7.294,8.177,7.193,6.808
3328.03,15,6.437,5.735,6.904,6.202,7.247,6.668,7.185,8.147,6.442,6.796,5.445,6.099,6.659,5.226,5.016,4.733,6.172,7.483,6.867,7.255,8.161,7.119,6.817
3329.03,15,6.419,5.774,6.878,6.238,7.374,6.629,7.15,8.086,6.407,6.834,5.461,6.146,6.69,5.22,4.991,4.832,6.126,7.543,6.907,7.299,8.152,7.182,6.877
3330.03,15,6.439,5.783,6.891,6.233,7.274,6.634,7.231,8.104,6.469,6.809,5.458,6.165,6.687,5.186,5.025,4.803,6.095,7.488,6.941,7.263,8.188,7.132,6.799
3331.03,15,6.403,5.767,6.894,6.224,7.252,6.607,7.154,8.135,6.446,6.715,5.462,6.133,6.646,5.182,5.041,4.818,6.09,7.537,6.845,7.3,8.122,7.196,6.834
3332.03,15,6.429,5.8,6.855,6.137,7.309,6.639,7.209,8.064,6.438,6.82,5.464,6.171,6.658,5.255,4.945,4.833,6.162,7.56,6.859,7.247,8.165,7.162,6.793
3333.03,15,6.356,5.779,6.887,6.28,7.301,6.682,7.162,8.121,6.423,6.773,5.428,6.135,6.757,5.206,4.973,4.827,6.095,7.453,6.811,7.235,8.13,7.197,6.782
3334.03,15,6.389,5.727,6.879,6.232,7.281,6.65,7.219,8.111,6.492,6.805,5.489,6.18,6.613,5.162,5.035,4.766,6.152,7.497,6.91,7.242,8.149,7.176,6.81
3335.03,15,6.434,5.759,6.932,6.261,7.324,6.652,7.198,8.09,6.466,6.783,5.435,6.16,6.702,5.16,5.036,4.748,6.119,7.522,6.872,7.331,8.127,7.176,6.794
3336.03,15,6.387,5.801,6.904,6.306,7.337,6.641,7.148,8.12,6.446,6.77,5.471,6.098,6.655,5.25,5.063,4.767,6.13,7.467,6.915,7.27,8.153,7.158,6.816
3337.03,15,6.4,5.777,6.904,6.187,7.244,6.59,7.188,8.085,6.436,6.793,5.479,6.116,6.666,5.258,5.029,4.752,6.109,7.499,6.901,7.192,8.131,7.203,6.822
3338.03,15,6.376,5.748,6.86,6.233,7.254,6.631,7.159,8.05,6.415,6.844,5.452,6.151,6.695,5.182,4.999,4.8,6.153,7.464,6.863,7.217,8.094,7.222,6.752
3339.03,15,6.415,5.757,6.866,6.267,7.288,6.659,7.234,8.153,6.482,6.783,5.466,6.124,6.607,5.187,5.023,4.744,6.101,7.493,6.874,7.294,8.17,7.19,6.8
3340.03,15,6.352,5.806,6.874,6.249,7.263,6.667,7.159,8.103,6.404,6.78,5.459,6.125,6.692,5.213,4.978,4.777,6.17,7.459,6.89,7.216,8.09,7.154,6.853
3341.03,15,6.379,5.807,6.905,6.203,7.25,6.657,7.091,8.08,6.45,6.864,5.407,6.153,6.682,5.23,5.037,4.709,6.071,7.409,6.891,7.254,8.176,7.209,6.737
3342.03,15,6.403,5.742,6.817,6.217,7.268,6.639,7.232,8.082,6.363,6.73,5.439,6.12,6.667,5.266,4.975,4.816,6.107,7.452,6.896,7.254,8.064,7.209,6.815
3343.03,15,6.39,5.826,6.872,6.252,7.318,6.607,7.106,8.092,6.437,6.768,5.408,6.133,6.727,5.143,5.012,4.742,6.139,7.481,6.923,7.207,8.133,7.153,6.759
3344.03,15,6.354,5.768,6.903,6.271,7.3,6.687,7.172,8.091,6.374,6.761,5.358,6.096,6.661,5.149,5.023,4.768,6.062,7.438,6.881,7.291,8.132,7.246,6.857
3345.03,15,6.347,5.711,6.866,6.23,7.263,6.587,7.21,8.078,6.423,6.748,5.431,6.098,6.692,5.164,4.977,4.712,6.04,7.465,6.896,7.236,8.144,7.121,6.793
3346.03,15,6.345,5.744,6.813,6.251,7.234,6.562,7.126,8.086,6.395,6.804,5.398,6.077,6.64,5.167,4.949,4.834,6.107,7.456,6.931,7.263,8.124,7.267,6.799
3347.03,15,6.379,5.772,6.814,6.201,7.307,6.612,7.194,8.117,6.478,6.782,5.395,6.133,6.634,5.206,4.989,4.733,6.133,7.529,6.846,7.298,8.161,7.261,6.761
3348.03,15,6.35,5.696,6.788,6.191,7.287,6.585,7.157,8.113,6.409,6.822,5.402,6.163,6.658,5.138,4.992,4.72,6.09,7.479,6.897,7.342,8.122,7.192,6.736
3349.03,15,6.377,5.79,6.844,6.181,7.346,6.619,7.152,8.116,6.429,6.821,5.369,6.142,6.658,5.225,4.98,4.682,6.124,7.404,6.813,7.173,8.092,7.122,6.807
3350.03,15,6.366,5.739,6.819,6.213,7.293,6.639,7.176,8.092,6.363,6.79,5.351,6.104,6.648,5.165,5.016,4.757,6.106,7.479,6.821,7.317,8.084,7.177,6.788
3351.03,15,6.362,5.781,6.817,6.176,7.272,6.649,7.105,8.073,6.439,6.797,5.395,6.113,6.676,5.188,5.028,4.797,6.158,7.521,6.892,7.217,8.108,7.133,6.807
3352.03,15,6.332,5.742,6.85,6.23,7.147,6.642,7.104,8.085,6.436,6.745,5.406,6.124,6.649,5.153,4.928,4.738,6.099,7.501,6.853,7.298,8.109,7.241,6.8
3353.03,15,6.309,5.727,6.827,6.174,7.285,6.629,7.159,8.083,6.441,6.733,5.418,6.129,6.647,5.098,4.996,4.738,6.071,7.479,6.907,7.235,8.132,7.235,6.769
3354.03,15,6.336,5.707,6.831,6.231,7.236,6.683,7.164,8.031,6.431,6.745,5.43,6.104,6.603,5.131,5.028,4.723,6.13,7.465,6.842,7.231,8.134,7.205,6.769
3355.03,15,6.374,5.798,6.801,6.213,7.226,6.635,7.116,8.114,6.407,6.73,5.426,6.067,6.676,5.147,5.02,4.79,6.096,7.462,6.877,7.271,8.194,7.145,6.814
3356.03,15,6.28,5.693,6.851,6.192,7.263,6.523,7.19,8.133,6.414,6.783,5.411,6.156,6.597,5.233,4.946,4.795,6.103,7.415,6.818,7.248,8.128,7.194,6.786
3357.03,15,6.354,5.726,6.83,6.183,7.308,6.557,7.106,8.116,6.369,6.751,5.354,6.115,6.625,5.162,5.018,4.79,6.086,7.452,6.843,7.301,8.147,7.204,6.831
3358.03,15,6.325,5.713,6.852,6.209,7.264,6.654,7.138,8.099,6.393,6.827,5.393,6.107,6.58,5.221,4.966,4.742,6.091,7.486,6.838,7.23,8.047,7.186,6.838
3359.03,15,6.344,5.657,6.811,6.22,7.238,6.604,7.129,8.103,6.376,6.751,5.33,6.075,6.624,5.125,4.939,4.709,6.023,7.505,6.851,7.219,8.045,7.167,6.747
3360.03,15,6.233,5.734,6.802,6.202,7.246,6.601,7.1,8.047,6.378,6.727,5.413,6.075,6.648,5.153,4.942,4.716,6.076,7.461,6.937,7.277,8.098,7.251,6.789
3361.03,15,6.272,5.739,6.808,6.159,7.151,6.631,7.122,8.07,6.338,6.715,5.436,6.05,6.677,5.143,4.951,4.772,6.04,7.528,6.878,7.261,8.08,7.19,6.771
3362.03,15,6.344,5.695,6.821,6.205,7.255,6.597,7.185,8.071,6.429,6.756,5.383,6.106,6.631,5.133,5.04,4.752,6.073,7.506,6.827,7.263,8.063,7.224,6.754
3363.03,15,6.293,5.717,6.782,6.144,7.237,6.604,7.041,8.069,6.421,6.74,5.341,6.08,6.655,5.144,5.011,4.724,6.09,7.517,6.836,7.242,8.096,7.161,6.796
3364.03,15,6.294,5.652,6.85,6.18,7.177,6.595,7.073,8.064,6.398,6.717,5.387,6.084,6.656,5.169,5.027,4.812,6.081,7.439,6.89,7.249,8.035,7.157,6.771
3365.03,15,6.282,5.739,6.761,6.244,7.259,6.569,7.121,8.023,6.426,6.812,5.367,5.997,6.712,5.246,5.001,4.702,6.095,7.462,6.872,7.269,8.108,7.183,6.758
3366.03,15,6.251,5.653,6.791,6.224,7.243,6.575,7.17,8.068,6.34,6.805,5.374,6.151,6.618,5.133,5.023,4.706,6.102,7.478,6.882,7.263,8.138,7.196,6.853
3367.03,15,6.306,5.75,6.786,6.241,7.281,6.515,7.154,8.095,6.354,6.79,5.361,6.083,6.664,5.169,4.965,4.705,6.048,7.468,6.897,7.211,8.094,7.172,6.786
3368.03,15,6.273,5.702,6.842,6.182,7.257,6.574,7.204,8.041,6.343,6.762,5.398,6.114,6.58,5.134,4.958,4.815,6.048,7.479,6.822,7.215,8.125,7.175,6.788
3369.03,15,6.359,5.689,6.813,6.158,7.242,6.536,7.139,8.055,6.38,6.708,5.394,6.051,6.666,5.209,4.912,4.751,6.047,7.452,6.856,7.227,8.049,7.178,6.775
3370.03,15,6.265,5.765,6.792,6.221,7.233,6.619,7.174,8.104,6.351,6.69,5.388,6.109,6.665,5.168,5.021,4.798,6.095,7.477,6.912,7.235,8.117,7.192,6.757
3371.03,15,6.322,5.74,6.77,6.161,7.24,6.597,7.054,8.028,6.452,6.771,5.336,6.126,6.606,5.184,4.997,4.687,6.071,7.501,6.863,7.247,8.113,7.191,6.781
3372.03,15,6.252,5.755,6.872,6.266,7.24,6.55,7.107,8.001,6.364,6.707,5.366,6.064,6.651,5.214,4.988,4.754,6.09,7.502,6.835,7.245,8.139,7.216,6.768
3373.03,15,6.254,5.676,6.827,6.236,7.221,6.578,7.109,8.043,6.309,6.766,5.371,6.006,6.64,5.196,4.918,4.676,6.009,7.458,6.915,7.215,8.092,7.262,6.82
3374.03,15,6.268,5.722,6.792,6.15,7.194,6.571,7.126,8.023,6.434,6.745,5.327,6.095,6.637,5.175,4.965,4.725,6.084,7.407,6.928,7.264,8.081,7.233,6.788
3375.03,15,6.234,5.679,6.741,6.171,7.159,6.57,7.099,7.978,6.287,6.711,5.33,6.079,6.575,5.11,4.957,4.735,6.166,7.535,6.865,7.276,8.111,7.296,6.828
3376.03,15,6.249,5.63,6.758,6.096,7.181,6.574,7.135,8.048,6.359,6.779,5.393,6.076,6.598,5.164,4.945,4.757,6.044,7.458,6.793,7.161,8.046,7.189,6.77
3377.03,15,6.224,5.682,6.831,6.221,7.267,6.579,7.098,7.968,6.312,6.678,5.426,6.076,6.604,5.193,4.946,4.756,6.083,7.467,6.899,7.188,8.014,7.189,6.812
3378.03,15,6.263,5.591,6.839,6.143,7.217,6.514,7.161,7.968,6.417,6.723,5.365,6.069,6.666,5.218,4.974,4.724,6.109,7.458,6.828,7.23,8.133,7.164,6.792
3379.03,15,6.169,5.691,6.767,6.137,7.222,6.565,7.177,7.99,6.319,6.754,5.387,6.002,6.663,5.155,4.915,4.734,6.046,7.428,6.868,7.251,8.13,7.213,6.792
3380.03,15,6.241,5.661,6.706,6.215,7.276,6.596,7.013,8.017,6.352,6.709,5.408,6.097,6.595,5.168,4.946,4.747,6.089,7.425,6.81,7.243,8.064,7.152,6.695
3381.03,15,6.25,5.656,6.723,6.113,7.181,6.54,7.082,8.024,6.362,6.774,5.402,6.068,6.649,5.21,5.019,4.79,6.026,7.467,6.864,7.234,8.09,7.171,6.757
3382.03,15,6.26,5.703,6.786,6.164,7.261,6.606,7.057,8.008,6.343,6.715,5.402,5.983,6.607,5.174,5.018,4.73,6.12,7.479,6.824,7.227,8.069,7.14,6.767
3383.03,15,6.232,5.702,6.778,6.149,7.242,6.615,7.109,7.982,6.379,6.754,5.39,6.033,6.625,5.212,4.965,4.765,6.027,7.498,6.88,7.266,8.101,7.13,6.774
3384.03,15,6.174,5.628,6.722,6.128,7.181,6.584,7.087,8.022,6.293,6.714,5.347,6.026,6.66,5.134,4.941,4.794,6.038,7.398,6.857,7.191,8.092,7.241,6.779
3385.03,15,6.207,5.656,6.755,6.18,7.201,6.628,7.116,8.056,6.397,6.661,5.34,6.133,6.612,5.169,4.971,4.76,6.088,7.444,6.849,7.242,8.152,7.213,6.798
3386.03,15,6.252,5.722,6.745,6.177,7.217,6.526,7.126,8.046,6.35,6.753,5.445,6.067,6.687,5.168,4.93,4.722,6.064,7.486,6.854,7.266,8.098,7.175,6.757
3387.03,15,6.216,5.708,6.739,6.116,7.242,6.518,7.163,8.005,6.366,6.761,5.347,6.046,6.586,5.137,4.917,4.664,6.092,7.528,6.847,7.199,8.091,7.244,6.748
3388.03,15,6.192,5.742,6.737,6.088,7.215,6.565,7.056,7.987,6.342,6.679,5.436,6.041,6.693,5.173,4.942,4.745,6.109,7.492,6.867,7.191,8.074,7.272,6.794
3389.03,15,6.208,5.674,6.776,6.138,7.19,6.54,7.135,7.974,6.347,6.712,5.385,6.092,6.707,5.191,4.951,4.693,6.057,7.449,6.842,7.259,8.051,7.218,6.756
3390.03,15,6.238,5.598,6.742,6.197,7.233,6.603,7.098,8.013,6.385,6.753,5.326,6.11,6.605,5.204,4.916,4.706,6.044,7.496,6.891,7.251,8.103,7.201,6.77
3391.03,15,6.214,5.621,6.733,6.159,7.212,6.581,7.084,7.984,6.418,6.726,5.376,6.088,6.62,5.213,4.909,4.708,6.076,7.396,6.859,7.223,8.115,7.138,6.795
3392.03,15,6.202,5.689,6.715,6.17,7.234,6.522,7.05,8.006,6.292,6.761,5.382,6.01,6.612,5.207,4.965,4.679,6.072,7.449,6.846,7.209,8.074,7.159,6.843
3393.03,15,6.206,5.652,6.733,6.173,7.217,6.521,7.096,8.093,6.313,6.755,5.361,5.993,6.622,5.178,4.919,4.683,6.096,7.43,6.82,7.212,8.078,7.222,6.775
3394.03,15,6.203,5.633,6.726,6.184,7.234,6.504,7.098,8.007,6.387,6.63,5.341,6.054,6.568,5.173,4.911,4.767,6.072,7.441,6.897,7.212,8.104,7.162,6.701
3395.03,15,6.185,5.626,6.716,6.141,7.192,6.468,7.079,7.985,6.288,6.743,5.31,6.04,6.635,5.198,4.954,4.64,6.076,7.412,6.863,7.155,8.103,7.186,6.735
3396.03,15,6.177,5.686,6.662,6.143,7.21,6.558,7.041,7.997,6.324,6.724,5.44,6.01,6.641,5.189,4.914,4.737,6.067,7.448,6.862,7.26,8.076,7.201,6.718
3397.03,15,6.239,5.675,6.729,6.161,7.188,6.597,7.084,7.979,6.362,6.744,5.297,5.988,6.686,5.188,4.86,4.768,6.026,7.372,6.825,7.314,8.153,7.209,6.827
3398.03,15,6.135,5.672,6.688,6.189,7.22,6.539,7.022,8.042,6.327,6.654,5.353,6.017,6.636,5.209,4.95,4.719,6.054,7.479,6.827,7.154,8.06,7.191,6.739
3399.03,15,6.113,5.671,6.693,6.13,7.129,6.546,7.123,7.91,6.332,6.704,5.299,5.979,6.6,5.184,4.903,4.715,6.065,7.456,6.795,7.294,8.072,7.176,6.738
3400.03,15,6.169,5.679,6.695,6.192,7.156,6.491,7.061,7.988,6.241,6.733,5.343,6.007,6.574,5.248,4.951,4.735,6.053,7.461,6.869,7.154,8.09,7.141,6.794
3401.03,15,6.209,5.658,6.688,6.117,7.192,6.514,7.033,8.038,6.316,6.739,5.376,5.956,6.631,5.216,4.941,4.708,5.975,7.468,6.885,7.202,8.108,7.227,6.762
3402.03,15,6.234,5.612,6.717,6.142,7.233,6.526,7.078,7.994,6.289,6.651,5.419,6.025,6.594,5.183,4.917,4.725,6.019,7.406,6.797,7.208,8.03,7.184,6.787
3403.03,15,6.225,5.629,6.784,6.138,7.232,6.535,7.066,7.998,6.332,6.667,5.398,5.979,6.636,5.209,4.875,4.659,6.058,7.342,6.786,7.221,8.105,7.211,6.743
3404.03,15,6.178,5.686,6.655,6.076,7.206,6.479,7.055,8.01,6.348,6.737,5.368,5.989,6.586,5.194,4.883,4.728,6.091,7.461,6.869,7.135,8.088,7.152,6.785
3405.03,15,6.198,5.608,6.673,6.125,7.246,6.557,7.014,8.041,6.34,6.686,5.424,6.034,6.654,5.224,4.954,4.672,6.094,7.416,6.892,7.236,8.123,7.166,6.748
3406.03,15,6.125,5.715,6.663,6.134,7.104,6.543,7.093,7.959,6.305,6.734,5.386,6.002,6.617,5.161,4.845,4.63,6.065,7.489,6.84,7.123,8.118,7.189,6.761
3407.03,15,6.173,5.638,6.676,6.143,7.203,6.563,7.073,7.991,6.317,6.699,5.458,5.96,6.635,5.165,4.876,4.676,6.079,7.488,6.865,7.276,8.1,7.214,6.761
3408.03,15,6.185,5.579,6.732,6.155,7.193,6.533,7.088,7.961,6.317,6.699,5.329,5.99,6.576,5.168,4.993,4.739,6.076,7.448,6.817,7.255,8.141,7.286,6.703
3409.03,15,6.193,5.595,6.624,6.098,7.198,6.563,7.063,8.053,6.331,6.673,5.333,6.037,6.562,5.178,4.912,4.639,5.994,7.467,6.837,7.194,8.111,7.158,6.774
3410.03,15,6.157,5.568,6.685,6.166,7.196,6.545,7.044,7.933,6.325,6.678,5.401,6.047,6.507,5.21,4.876,4.663,6.046,7.381,6.81,7.222,8.098,7.154,6.771
3411.03,15,6.178,5.628,6.633,6.096,7.173,6.428,7.054,7.976,6.357,6.691,5.426,5.969,6.619,5.226,4.922,4.71,6.065,7.484,6.89,7.172,8.052,7.195,6.801
3412.03,15,6.102,5.589,6.686,6.114,7.167,6.528,6.998,7.977,6.286,6.697,5.348,5.978,6.622,5.208,4.815,4.678,6.021,7.397,6.826,7.156,8.013,7.187,6.83
3413.03,15,6.16,5.578,6.701,6.151,7.225,6.509,7.024,7.974,6.254,6.688,5.426,5.923,6.656,5.171,4.915,4.768,5.967,7.334,6.829,7.24,8.088,7.17,6.806
3414.03,15,6.186,5.627,6.756,6.073,7.256,6.547,7.063,8.01,6.281,6.65,5.408,6.028,6.619,5.21,4.903,4.677,6.082,7.427,6.917,7.203,8.096,7.205,6.772
3415.03,15,6.082,5.597,6.66,6.145,7.144,6.504,7.05,7.974,6.261,6.694,5.372,5.942,6.617,5.265,4.894,4.668,6.045,7.484,6.85,7.203,8.071,7.183,6.774
3416.03,15,6.129,5.581,6.7,6.172,7.155,6.498,7.026,7.971,6.259,6.706,5.363,5.884,6.64,5.212,4.849,4.685,6.056,7.441,6.817,7.201,8.034,7.142,6.721
3417.03,15,6.116,5.62,6.673,6.086,7.212,6.488,7.07,7.994,6.29,6.707,5.372,6.061,6.6,5.188,4.871,4.645,6.081,7.506,6.843,7.155,8.067,7.228,6.706
3418.03,15,6.104,5.618,6.636,6.137,7.156,6.467,7.073,7.959,6.219,6.716,5.395,5.967,6.607,5.233,4.886,4.724,5.975,7.439,6.846,7.2,8.109,7.176,6.742
3419.03,15,6.069,5.554,6.684,6.084,7.113,6.52,7.099,7.989,6.218,6.714,5.35,5.998,6.572,5.119,4.946,4.602,5.99,7.448,6.836,7.17,8.028,7.126,6.753
3420.03,15,6.152,5.572,6.707,6.074,7.183,6.512,7.037,7.96,6.32,6.706,5.411,5.941,6.59,5.27,4.916,4.672,6.038,7.388,6.833,7.201,8.116,7.196,6.798
3421.03,15,6.096,5.589,6.634,6.118,7.137,6.471,7.054,7.991,6.316,6.66,5.404,5.948,6.608,5.146,4.874,4.702,6.034,7.41,6.84,7.208,8.086,7.234,6.824
3422.03,15,6.105,5.575,6.648,6.113,7.154,6.445,7.051,8.025,6.247,6.675,5.373,5.981,6.646,5.231,4.906,4.634,6.02,7.386,6.862,7.163,8.062,7.242,6.728
3423.03,15,6.119,5.553,6.694,6.156,7.099,6.489,7.072,7.958,6.253,6.657,5.36,5.998,6.618,5.147,4.894,4.693,6.025,7.489,6.802,7.252,8.041,7.151,6.783
3424.03,15,6.123,5.662,6.705,6.122,7.206,6.471,7.001,7.975,6.282,6.656,5.382,5.966,6.58,5.246,4.819,4.65,6.049,7.412,6.823,7.151,8.082,7.178,6.701
3425.03,15,6.043,5.651,6.682,6.12,7.133,6.509,7.078,7.98,6.3,6.64,5.35,6.003,6.613,5.208,4.913,4.662,6.012,7.473,6.838,7.254,8.085,7.188,6.791
3426.03,15,6.164,5.619,6.659,6.033,7.228,6.549,7.01,7.954,6.192,6.634,5.323,5.985,6.559,5.212,4.879,4.658,6.069,7.479,6.863,7.225,8.104,7.198,6.748
3427.03,15,6.085,5.557,6.712,6.034,7.066,6.552,7.042,7.963,6.28,6.664,5.366,5.952,6.558,5.177,4.956,4.64,6.018,7.463,6.739,7.197,8.126,7.192,6.8
3428.03,15,6.081,5.531,6.642,6.117,7.163,6.442,7.06,7.969,6.21,6.628,5.342,5.958,6.651,5.187,4.91,4.699,5.994,7.405,6.841,7.262,8.093,7.263,6.719
3429.03,15,6.145,5.597,6.644,6.078,7.18,6.419,7.016,7.978,6.287,6.655,5.408,5.993,6.583,5.226,4.897,4.668,6.092,7.454,6.816,7.205,8.039,7.183,6.72
3430.03,15,6.095,5.525,6.602,6.065,7.112,6.479,7.022,7.971,6.204,6.65,5.387,5.939,6.565,5.23,4.906,4.626,5.988,7.39,6.829,7.21,8.07,7.214,6.771
3431.03,15,6.144,5.643,6.631,6.085,7.154,6.437,7.034,7.973,6.235,6.552,5.423,5.916,6.502,5.231,4.837,4.639,6.028,7.423,6.769,7.178,8.089,7.145,6.716
3432.03,15,6.072,5.612,6.74,6.138,7.124,6.477,7.037,7.951,6.266,6.606,5.383,5.941,6.57,5.23,4.817,4.666,6.073,7.431,6.77,7.159,8.073,7.179,6.77
3433.03,15,6.095,5.536,6.648,6.063,7.196,6.51,7.001,7.95,6.235,6.618,5.424,5.954,6.593,5.277,4.874,4.663,5.997,7.414,6.825,7.178,8.092,7.181,6.698
3434.03,15,6.075,5.498,6.607,6.125,7.141,6.522,7.046,7.954,6.178,6.653,5.407,5.959,6.571,5.222,4.85,4.67,6.011,7.435,6.867,7.211,8.003,7.194,6.74
3435.03,15,6.103,5.535,6.6,6.064,7.209,6.501,7.054,7.928,6.216,6.667,5.439,5.882,6.653,5.248,4.855,4.655,6.003,7.39,6.88,7.211,8.059,7.197,6.749
3436.03,15,6.073,5.59,6.58,6.108,7.159,6.478,7.095,7.911,6.252,6.696,5.394,5.879,6.597,5.204,4.823,4.655,6.043,7.346,6.769,7.223,8.157,7.2,6.687
3437.03,15,6.093,5.553,6.666,6.104,7.181,6.478,7.023,7.923,6.213,6.648,5.396,5.942,6.497,5.203,4.845,4.612,5.982,7.365,6.832,7.156,8.043,7.198,6.737
3438.03,15,6.063,5.547,6.653,6.055,7.224,6.441,7.027,7.9,6.256,6.667,5.359,6.011,6.616,5.229,4.885,4.67,5.981,7.438,6.847,7.203,8.078,7.204,6.72
3439.03,15,6.114,5.458,6.598,6.111,7.111,6.457,6.948,7.867,6.242,6.685,5.352,5.989,6.601,5.211,4.858,4.668,5.979,7.396,6.768,7.12,8.109,7.19,6.674
3440.03,15,6.074,5.587,6.581,6.079,7.12,6.458,6.964,7.899,6.155,6.645,5.372,5.923,6.548,5.252,4.949,4.581,6.01,7.397,6.731,7.133,8.109,7.203,6.725
3441.03,15,6.11,5.601,6.628,6.099,7.165,6.433,7.011,7.927,6.24,6.638,5.384,5.958,6.552,5.201,4.867,4.636,6.063,7.401,6.876,7.199,8.003,7.237,6.725
3442.03,15,6.04,5.552,6.635,6.102,7.106,6.476,6.975,7.996,6.243,6.643,5.362,5.967,6.532,5.19,4.909,4.63,5.982,7.36,6.821,7.209,8.093,7.2,6.736
3443.03,15,6.11,5.515,6.635,6.062,7.116,6.46,6.996,7.928,6.203,6.618,5.338,5.898,6.588,5.224,4.908,4.673,6.031,7.374,6.851,7.199,8.048,7.121,6.711
3444.03,15,6.07,5.606,6.646,6.038,7.142,6.431,6.976,7.858,6.235,6.652,5.323,5.919,6.517,5.209,4.775,4.658,6.056,7.489,6.858,7.216,8.062,7.19,6.765
3445.03,15,6.073,5.554,6.568,6.093,7.1,6.443,7.01,7.909,6.244,6.62,5.4,5.966,6.604,5.24,4.866,4.61,5.994,7.358,6.789,7.151,8.046,7.16,6.751
3446.03,15,6.042,5.583,6.59,6.029,7.184,6.336,6.991,7.913,6.233,6.636,5.411,5.867,6.552,5.198,4.859,4.647,5.997,7.427,6.784,7.207,8.071,7.169,6.717
3447.03,15,6.063,5.521,6.601,6.067,7.128,6.453,7.006,7.94,6.181,6.672,5.378,5.965,6.571,5.231,4.885,4.661,6.001,7.455,6.805,7.131,8.063,7.177,6.744
3448.03,15,6.008,5.564,6.622,6.07,7.118,6.418,6.996,7.878,6.248,6.644,5.381,5.931,6.586,5.318,4.845,4.665,6.021,7.423,6.837,7.189,8.086,7.202,6.745
3449.03,15,6.006,5.544,6.593,6.018,7.079,6.478,7.016,7.964,6.143,6.662,5.378,5.926,6.554,5.207,4.862,4.623,6.049,7.441,6.823,7.162,8.056,7.218,6.718
3450.03,15,5.978,5.532,6.648,6.013,7.125,6.456,6.94,7.917,6.225,6.622,5.394,5.942,6.554,5.264,4.803,4.593,5.987,7.375,6.778,7.198,8.02,7.209,6.712
3451.03,15,6.076,5.476,6.58,6.022,7.079,6.445,6.964,7.92,6.208,6.596,5.387,5.884,6.593,5.211,4.797,4.642,5.997,7.39,6.817,7.155,8.058,7.243,6.726
3452.03,15,6.035,5.52,6.543,6.055,7.124,6.446,6.969,7.905,6.21,6.61,5.381,5.945,6.526,5.195,4.8,4.623,6.037,7.415,6.831,7.248,8,7.213,6.706
3453.03,15,5.984,5.578,6.566,6.049,7.15,6.41,6.995,7.887,6.19,6.575,5.361,5.9,6.531,5.201,4.819,4.653,5.978,7.389,6.851,7.201,8.059,7.188,6.71
3454.03,15,5.979,5.548,6.573,6.042,7.126,6.395,7.004,7.939,6.199,6.616,5.383,5.91,6.618,5.198,4.825,4.647,5.983,7.388,6.834,7.14,8.103,7.13,6.737
3455.03,15,6.081,5.472,6.612,6.038,7.101,6.516,6.968,7.898,6.148,6.64,5.383,5.923,6.587,5.182,4.817,4.629,6.032,7.454,6.769,7.186,8.029,7.191,6.679
3456.03,15,5.974,5.506,6.521,6,7.077,6.43,6.968,7.89,6.231,6.579,5.397,5.898,6.566,5.216,4.807,4.618,5.996,7.376,6.78,7.227,8.099,7.194,6.657
3457.03,15,5.937,5.553,6.589,6.008,7.1,6.464,6.925,7.798,6.226,6.668,5.351,5.915,6.568,5.248,4.834,4.676,6.009,7.358,6.791,7.059,8.071,7.179,6.697
3458.03,15,5.999,5.487,6.568,5.984,7.122,6.375,6.997,7.838,6.233,6.615,5.344,5.92,6.529,5.219,4.896,4.626,5.971,7.394,6.793,7.16,7.998,7.271,6.756
3459.03,15,6.028,5.515,6.582,5.961,7.123,6.464,7,7.914,6.221,6.663,5.343,5.871,6.587,5.232,4.844,4.578,5.989,7.374,6.786,7.204,8.051,7.203,6.683
3460.03,15,6.041,5.538,6.58,6.026,7.098,6.376,6.931,7.847,6.103,6.651,5.437,5.9,6.577,5.183,4.848,4.661,5.999,7.406,6.793,7.228,8.059,7.174,6.703
3461.03,15,6.046,5.446,6.564,5.937,7.034,6.448,7,7.869,6.166,6.55,5.373,5.865,6.496,5.228,4.843,4.624,6.042,7.33,6.835,7.151,8.063,7.172,6.713
3462.03,15,6.096,5.43,6.58,6.013,7.119,6.408,6.924,7.922,6.213,6.659,5.368,5.857,6.538,5.215,4.806,4.611,6.025,7.434,6.782,7.204,8.027,7.241,6.744
3463.03,15,5.992,5.509,6.657,6.019,7.141,6.389,6.88,7.87,6.168,6.606,5.437,5.916,6.547,5.264,4.775,4.573,5.997,7.382,6.863,7.132,8.098,7.205,6.695
3464.03,15,5.988,5.459,6.482,6.044,7.062,6.389,6.933,7.898,6.179,6.648,5.378,5.892,6.519,5.245,4.773,4.669,5.951,7.442,6.787,7.11,8.064,7.191,6.729
3465.03,15,5.939,5.493,6.51,5.965,7.081,6.387,6.952,7.8,6.22,6.624,5.381,5.908,6.542,5.203,4.828,4.573,6.008,7.409,6.804,7.173,8.105,7.17,6.672
3466.03,15,5.975,5.486,6.601,5.996,7.051,6.424,6.987,7.908,6.19,6.62,5.396,5.879,6.549,5.154,4.848,4.582,6.027,7.407,6.797,7.198,8.035,7.258,6.696
3467.03,15,5.915,5.477,6.562,6.031,7.144,6.397,7.048,7.862,6.182,6.588,5.411,5.917,6.531,5.191,4.842,4.604,5.974,7.395,6.746,7.152,8.035,7.186,6.71
3468.03,15,5.958,5.515,6.505,6.058,7.069,6.362,6.911,7.858,6.191,6.528,5.437,5.812,6.56,5.236,4.862,4.593,6.023,7.321,6.797,7.188,8.068,7.161,6.695
3469.03,15,5.93,5.452,6.536,5.975,7.128,6.394,6.921,7.884,6.159,6.566,5.334,5.774,6.554,5.227,4.805,4.667,5.976,7.418,6.822,7.139,8.022,7.133,6.721
3470.03,15,5.972,5.442,6.555,6.025,7.109,6.381,6.949,7.876,6.128,6.592,5.371,5.857,6.502,5.262,4.823,4.638,5.976,7.458,6.735,7.139,8.079,7.234,6.668
3471.03,15,5.984,5.522,6.499,5.985,7.183,6.429,6.938,7.864,6.154,6.59,5.4,5.916,6.575,5.237,4.791,4.572,5.93,7.37,6.819,7.203,8.029,7.218,6.705
3472.03,15,5.93,5.458,6.494,6.022,7.043,6.312,6.966,7.892,6.161,6.621,5.381,5.847,6.565,5.175,4.839,4.605,6.033,7.383,6.778,7.136,8.003,7.172,6.704
3473.03,15,5.903,5.501,6.541,6.007,7.102,6.432,6.888,7.85,6.147,6.616,5.367,5.86,6.56,5.223,4.735,4.536,5.97,7.376,6.836,7.132,8.068,7.254,6.803
3474.03,15,5.956,5.451,6.516,5.996,7.053,6.361,7.036,7.868,6.208,6.623,5.416,5.894,6.545,5.254,4.798,4.627,5.955,7.359,6.865,7.108,7.991,7.155,6.753
3475.03,15,5.958,5.472,6.55,6.032,7.116,6.363,6.919,7.877,6.18,6.644,5.393,5.848,6.515,5.247,4.801,4.553,6.015,7.397,6.777,7.137,8.099,7.188,6.663
3476.03,15,5.9,5.452,6.539,5.967,7.114,6.393,6.939,7.744,6.166,6.57,5.434,5.85,6.513,5.173,4.769,4.595,5.95,7.283,6.83,7.167,8.03,7.188,6.712
3477.03,15,5.961,5.438,6.495,5.977,7.081,6.373,6.909,7.872,6.096,6.595,5.369,5.842,6.567,5.217,4.845,4.567,5.961,7.414,6.794,7.134,8.079,7.168,6.671
3478.03,15,5.908,5.499,6.488,5.936,7.122,6.473,6.977,7.885,6.132,6.598,5.369,5.877,6.525,5.202,4.769,4.601,6.019,7.464,6.825,7.156,8.049,7.27,6.659
3479.03,15,5.92,5.428,6.512,5.961,7.069,6.365,6.951,7.879,6.149,6.564,5.371,5.887,6.481,5.263,4.812,4.657,5.995,7.361,6.788,7.198,8.032,7.199,6.61
3480.03,15,6.005,5.481,6.546,5.975,7.108,6.381,6.904,7.822,6.15,6.577,5.313,5.888,6.495,5.238,4.818,4.565,5.942,7.354,6.799,7.128,7.999,7.238,6.721
3481.03,15,5.908,5.467,6.559,5.991,7.052,6.323,6.879,7.852,6.167,6.561,5.37,5.887,6.537,5.203,4.826,4.586,5.957,7.347,6.838,7.183,8.055,7.143,6.753
3482.03,15,5.929,5.475,6.518,6.048,7.046,6.345,6.938,7.836,6.152,6.552,5.374,5.884,6.532,5.215,4.847,4.6,6.026,7.363,6.8,7.102,7.984,7.214,6.697
3483.03,15,5.867,5.461,6.447,5.945,7.108,6.424,6.885,7.805,6.182,6.556,5.417,5.837,6.487,5.206,4.775,4.623,5.985,7.424,6.777,7.135,7.987,7.223,6.768
3484.03,15,5.844,5.42,6.473,5.958,7.093,6.357,6.941,7.847,6.076,6.532,5.418,5.848,6.475,5.24,4.745,4.647,5.939,7.363,6.785,7.101,8.02,7.155,6.663
3485.03,15,5.923,5.478,6.515,6.004,7.082,6.391,6.934,7.836,6.145,6.607,5.367,5.785,6.498,5.174,4.779,4.577,5.973,7.381,6.777,7.165,8.025,7.2,6.722
3486.03,15,5.961,5.44,6.431,5.96,7.098,6.377,6.931,7.85,6.163,6.613,5.357,5.843,6.554,5.187,4.85,4.57,5.982,7.411,6.722,7.099,7.996,7.214,6.709
3487.03,15,5.847,5.386,6.536,5.99,7.107,6.452,6.952,7.82,6.077,6.606,5.376,5.85,6.476,5.25,4.77,4.556,5.964,7.345,6.879,7.13,8.031,7.227,6.636
3488.03,15,5.902,5.471,6.547,6.045,7.093,6.385,6.912,7.851,6.151,6.533,5.324,5.764,6.487,5.217,4.798,4.551,5.989,7.41,6.81,7.167,7.977,7.171,6.596
3489.03,15,5.84,5.42,6.494,5.981,7.058,6.352,6.944,7.84,6.054,6.558,5.448,5.815,6.531,5.235,4.802,4.556,6.035,7.378,6.848,7.143,8.02,7.208,6.711
3490.03,15,5.914,5.41,6.503,6.018,7.118,6.398,6.977,7.823,6.114,6.542,5.361,5.827,6.497,5.147,4.763,4.612,5.964,7.361,6.783,7.148,8.054,7.182,6.713
3491.03,15,5.875,5.438,6.519,6.048,7.09,6.325,6.885,7.84,6.157,6.562,5.362,5.797,6.471,5.213,4.748,4.603,5.931,7.362,6.772,7.116,8.055,7.221,6.734
3492.03,15,5.93,5.476,6.454,6.001,7.105,6.345,6.966,7.866,6.158,6.652,5.389,5.81,6.461,5.19,4.801,4.604,5.957,7.351,6.737,7.114,8.06,7.233,6.708
3493.03,15,5.834,5.402,6.447,5.959,7.035,6.359,6.911,7.817,6.063,6.594,5.423,5.773,6.555,5.267,4.809,4.58,5.986,7.437,6.785,7.153,8.039,7.179,6.732
3494.03,15,5.896,5.403,6.476,5.929,7.064,6.335,6.869,7.811,6.149,6.583,5.383,5.923,6.577,5.248,4.753,4.556,5.991,7.385,6.806,7.123,7.987,7.196,6.738
3495.03,15,5.907,5.409,6.474,6.026,7.072,6.335,6.847,7.817,6.148,6.617,5.368,5.827,6.602,5.28,4.785,4.613,5.937,7.299,6.785,7.12,8.021,7.175,6.648
3496.03,15,5.874,5.404,6.479,5.929,7.061,6.443,6.866,7.818,6.02,6.574,5.331,5.819,6.486,5.303,4.733,4.568,6,7.338,6.812,7.062,8.019,7.169,6.736
3497.03,15,5.875,5.39,6.476,5.999,7.095,6.32,6.959,7.797,6.15,6.591,5.366,5.907,6.518,5.22,4.747,4.597,5.951,7.399,6.778,7.162,8.076,7.256,6.717
3498.03,15,5.853,5.409,6.534,5.925,7.084,6.377,6.841,7.838,6.105,6.57,5.377,5.836,6.512,5.253,4.784,4.565,5.981,7.309,6.72,7.148,8.078,7.208,6.698
3499.03,15,5.919,5.423,6.464,5.982,7.1,6.311,6.891,7.777,6.104,6.563,5.431,5.843,6.501,5.241,4.806,4.574,5.957,7.39,6.797,7.132,8.037,7.262,6.715
3500.03,15,5.876,5.41,6.426,6.056,7.076,6.354,6.904,7.793,6.155,6.538,5.328,5.86,6.503,5.309,4.725,4.564,5.971,7.407,6.797,7.165,8.007,7.187,6.722
3501.03,15,5.848,5.455,6.461,5.962,7.085,6.382,6.891,7.865,6.05,6.513,5.382,5.856,6.456,5.258,4.725,4.611,5.895,7.303,6.722,7.139,8.013,7.208,6.655
3502.03,15,5.839,5.384,6.448,5.908,7.099,6.363,6.843,7.808,6.083,6.578,5.369,5.846,6.522,5.262,4.748,4.549,5.913,7.302,6.728,7.142,8.007,7.151,6.769
3503.03,15,5.916,5.373,6.513,5.981,7.054,6.333,6.872,7.781,6.098,6.575,5.351,5.799,6.507,5.16,4.776,4.529,5.925,7.372,6.778,7.142,8.013,7.214,6.711
3504.03,15,5.828,5.364,6.472,5.941,7.047,6.34,6.914,7.85,6.076,6.583,5.405,5.813,6.532,5.267,4.714,4.573,5.97,7.4,6.791,7.103,8.007,7.167,6.724
3505.03,15,5.847,5.517,6.363,5.929,7.053,6.344,6.85,7.845,6.079,6.546,5.421,5.839,6.5,5.325,4.773,4.606,5.927,7.398,6.755,7.123,8.039,7.237,6.671
3506.03,15,5.814,5.418,6.508,6.004,7.04,6.305,6.887,7.806,6.012,6.571,5.397,5.785,6.564,5.216,4.787,4.632,5.918,7.362,6.775,7.12,8.051,7.184,6.629
3507.03,15,5.809,5.399,6.46,5.905,7.006,6.363,6.868,7.828,6.163,6.484,5.402,5.823,6.488,5.281,4.764,4.581,5.928,7.371,6.72,7.101,7.976,7.197,6.741
3508.03,15,5.78,5.318,6.406,5.954,7.096,6.327,6.877,7.839,6.177,6.536,5.385,5.786,6.461,5.286,4.772,4.506,5.95,7.374,6.779,7.107,8.064,7.204,6.736
3509.03,15,5.798,5.393,6.448,5.972,6.961,6.269,6.848,7.782,6.06,6.54,5.421,5.79,6.46,5.307,4.768,4.554,5.928,7.382,6.795,7.137,8.037,7.199,6.73
3510.03,15,5.858,5.341,6.467,5.963,7.095,6.347,6.927,7.736,6.015,6.503,5.405,5.819,6.47,5.193,4.738,4.563,5.924,7.336,6.783,7.106,8.047,7.187,6.668
3511.03,15,5.843,5.317,6.513,5.975,7.026,6.303,6.912,7.834,6.157,6.523,5.365,5.765,6.477,5.212,4.738,4.552,6.019,7.365,6.733,7.105,7.956,7.18,6.67
3512.03,15,5.865,5.394,6.474,5.951,7.056,6.308,6.83,7.813,6.033,6.586,5.347,5.752,6.508,5.208,4.739,4.512,5.935,7.321,6.695,7.061,7.977,7.195,6.675
3513.03,15,5.8,5.349,6.481,5.954,6.991,6.348,6.936,7.75,6.015,6.531,5.375,5.817,6.497,5.229,4.753,4.561,5.95,7.346,6.762,7.127,7.999,7.236,6.752
3514.03,15,5.88,5.344,6.414,5.921,7.062,6.261,6.905,7.895,6.152,6.545,5.354,5.8,6.471,5.22,4.679,4.575,5.932,7.374,6.708,7.122,8.01,7.258,6.726
3515.03,15,5.791,5.408,6.371,5.977,7.052,6.327,6.798,7.839,6.033,6.55,5.406,5.791,6.466,5.275,4.687,4.569,5.984,7.303,6.804,7.123,8.06,7.247,6.65
3516.03,15,5.838,5.379,6.353,5.906,7.034,6.315,6.903,7.767,6.084,6.554,5.39,5.786,6.478,5.226,4.701,4.556,5.978,7.348,6.77,7.132,8.041,7.18,6.651
3517.03,15,5.836,5.374,6.409,5.927,7.004,6.329,6.87,7.847,6.035,6.568,5.294,5.793,6.484,5.228,4.729,4.491,6.007,7.337,6.763,7.153,8.045,7.14,6.609
3518.03,15,5.758,5.332,6.464,5.964,7.085,6.343,6.865,7.803,6.013,6.543,5.35,5.732,6.517,5.213,4.714,4.545,5.94,7.347,6.841,7.164,8.032,7.224,6.726
3519.03,15,5.829,5.35,6.402,5.91,6.967,6.293,6.86,7.782,6.046,6.476,5.387,5.704,6.518,5.194,4.734,4.546,5.99,7.369,6.75,7.113,8.02,7.153,6.703
3520.03,15,5.803,5.309,6.438,5.881,7.099,6.332,6.861,7.836,6.081,6.531,5.367,5.786,6.448,5.243,4.732,4.528,5.972,7.396,6.711,7.107,8.018,7.202,6.707
3521.03,15,5.829,5.357,6.43,5.895,7.028,6.307,6.927,7.726,6.061,6.48,5.419,5.771,6.486,5.241,4.748,4.545,5.917,7.315,6.761,7.14,8.072,7.155,6.753
3522.03,15,5.812,5.316,6.381,5.907,6.981,6.312,6.861,7.803,5.963,6.536,5.379,5.76,6.471,5.239,4.699,4.573,5.894,7.373,6.736,7.141,8.004,7.269,6.663
3523.03,15,5.772,5.343,6.403,5.93,6.985,6.306,6.842,7.818,5.977,6.508,5.397,5.742,6.586,5.247,4.718,4.545,5.925,7.316,6.736,7.059,7.993,7.249,6.635
3524.03,15,5.821,5.409,6.481,5.946,6.967,6.318,6.75,7.791,6.015,6.499,5.353,5.762,6.411,5.287,4.714,4.523,5.945,7.395,6.757,7.077,8.016,7.15,6.666
3525.03,15,5.801,5.301,6.369,5.9,6.992,6.298,6.873,7.795,6.032,6.543,5.359,5.726,6.527,5.196,4.662,4.569,5.965,7.35,6.786,7.058,7.997,7.222,6.637
3526.03,15,5.772,5.377,6.372,5.941,6.977,6.339,6.774,7.811,6.05,6.553,5.366,5.724,6.456,5.195,4.776,4.5,5.899,7.357,6.762,7.051,8.031,7.122,6.649
3527.03,15,5.817,5.373,6.485,5.848,7.015,6.319,6.873,7.817,6.09,6.494,5.406,5.727,6.491,5.228,4.721,4.567,5.967,7.351,6.788,7.048,7.969,7.233,6.666
3528.03,15,5.775,5.349,6.408,5.949,7.049,6.273,6.812,7.717,6.075,6.51,5.427,5.753,6.502,5.291,4.718,4.586,5.901,7.353,6.779,7.119,8.003,7.242,6.733
3529.03,15,5.78,5.287,6.398,5.953,7.004,6.288,6.853,7.765,6.068,6.568,5.383,5.746,6.461,5.257,4.697,4.488,5.907,7.328,6.777,7.059,8,7.212,6.675
3530.03,15,5.763,5.263,6.418,5.891,6.998,6.255,6.819,7.703,6.064,6.475,5.424,5.736,6.527,5.242,4.722,4.487,5.92,7.291,6.744,6.984,7.986,7.226,6.649
3531.03,15,5.771,5.296,6.392,5.942,7.026,6.284,6.817,7.834,6.027,6.516,5.433,5.728,6.509,5.298,4.756,4.492,5.944,7.31,6.761,7.117,7.941,7.23,6.669
3532.03,15,5.78,5.325,6.43,5.908,6.987,6.253,6.903,7.776,6.045,6.509,5.379,5.752,6.373,5.209,4.75,4.557,5.946,7.377,6.699,7.101,8.006,7.121,6.629
3533.03,15,5.683,5.365,6.449,5.932,6.967,6.284,6.891,7.712,6.007,6.457,5.411,5.708,6.447,5.242,4.671,4.547,5.943,7.349,6.744,7.083,7.972,7.218,6.66
3534.03,15,5.748,5.318,6.354,5.942,6.994,6.222,6.834,7.799,5.989,6.542,5.389,5.73,6.482,5.313,4.695,4.514,5.933,7.36,6.713,7.073,7.97,7.224,6.636
3535.03,15,5.786,5.409,6.443,5.95,7.016,6.277,6.851,7.755,5.999,6.562,5.376,5.679,6.47,5.278,4.722,4.549,5.902,7.388,6.732,7.109,7.956,7.234,6.701
3536.03,15,5.702,5.336,6.41,5.838,6.99,6.297,6.867,7.705,6.05,6.535,5.334,5.671,6.434,5.283,4.707,4.486,5.901,7.324,6.8,7.123,7.986,7.205,6.584
3537.03,15,5.709,5.339,6.384,5.9,6.935,6.286,6.839,7.813,6.008,6.484,5.377,5.757,6.479,5.245,4.668,4.533,5.889,7.357,6.76,7.042,8.017,7.185,6.643
3538.03,15,5.73,5.271,6.371,5.918,6.964,6.248,6.823,7.807,5.987,6.539,5.37,5.753,6.426,5.265,4.684,4.516,5.891,7.332,6.719,7.072,7.987,7.19,6.741
3539.03,15,5.72,5.355,6.304,5.875,6.962,6.287,6.807,7.748,6.017,6.526,5.359,5.641,6.439,5.233,4.695,4.482,5.902,7.316,6.794,7.098,7.997,7.27,6.683
3540.03,15,5.754,5.319,6.268,5.872,6.938,6.266,6.824,7.786,5.963,6.441,5.337,5.704,6.518,5.31,4.712,4.568,5.878,7.336,6.711,7.138,8.059,7.211,6.657
3541.03,15,5.688,5.304,6.354,5.89,7.018,6.267,6.788,7.748,6.055,6.465,5.355,5.661,6.438,5.243,4.75,4.438,5.889,7.341,6.706,7.074,8.004,7.195,6.733
3542.03,15,5.735,5.234,6.328,5.875,7.026,6.206,6.855,7.71,6.124,6.452,5.41,5.754,6.45,5.264,4.638,4.484,5.883,7.346,6.696,7.098,8.045,7.234,6.665
3543.03,15,5.733,5.298,6.339,5.858,7.066,6.181,6.802,7.699,5.974,6.48,5.389,5.719,6.499,5.225,4.783,4.508,5.937,7.279,6.739,7.092,8.05,7.25,6.674
3544.03,15,5.757,5.293,6.389,5.881,7.018,6.342,6.803,7.754,5.992,6.524,5.369,5.723,6.391,5.253,4.637,4.485,5.933,7.317,6.676,7.077,8.067,7.214,6.701
3545.03,15,5.723,5.269,6.329,5.843,6.961,6.289,6.819,7.725,5.976,6.482,5.385,5.719,6.417,5.273,4.74,4.465,5.949,7.324,6.754,7.158,8.065,7.167,6.662
3546.03,15,5.716,5.271,6.418,5.874,6.997,6.215,6.792,7.78,6.051,6.52,5.468,5.703,6.445,5.186,4.643,4.453,5.917,7.277,6.733,7.149,7.951,7.157,6.572
3547.03,15,5.686,5.367,6.323,5.9,6.954,6.216,6.874,7.681,6,6.484,5.392,5.719,6.484,5.241,4.66,4.506,5.984,7.314,6.754,7.067,8.105,7.208,6.701
3548.03,15,5.716,5.288,6.334,5.902,6.942,6.216,6.806,7.783,5.915,6.495,5.434,5.717,6.503,5.268,4.737,4.493,5.936,7.348,6.783,7.025,8.052,7.227,6.639
3549.03,15,5.713,5.248,6.307,5.902,7.048,6.249,6.795,7.74,6.02,6.512,5.427,5.738,6.494,5.261,4.701,4.526,5.974,7.275,6.766,7.115,8.001,7.202,6.648
3550.03,15,5.757,5.282,6.328,5.927,6.992,6.217,6.801,7.759,5.976,6.489,5.411,5.753,6.407,5.231,4.705,4.502,5.941,7.358,6.757,7.038,7.977,7.179,6.634
3551.03,15,5.705,5.258,6.324,5.869,6.983,6.242,6.806,7.712,5.965,6.558,5.43,5.704,6.443,5.285,4.701,4.483,5.845,7.315,6.708,7.107,8.115,7.098,6.664
3552.03,15,5.708,5.232,6.357,5.848,6.961,6.187,6.809,7.734,5.975,6.424,5.398,5.734,6.469,5.259,4.622,4.461,5.877,7.326,6.72,7.081,8,7.202,6.696
3553.03,15,5.732,5.271,6.294,5.908,6.973,6.209,6.783,7.697,5.936,6.486,5.381,5.734,6.472,5.24,4.707,4.47,5.942,7.35,6.704,7.077,7.986,7.182,6.604
3554.03,15,5.697,5.228,6.321,5.881,6.95,6.243,6.754,7.694,5.984,6.469,5.419,5.653,6.435,5.237,4.666,4.51,5.841,7.264,6.782,7.036,7.966,7.136,6.669
3555.03,15,5.734,5.249,6.307,5.875,6.987,6.237,6.835,7.72,5.991,6.454,5.42,5.685,6.461,5.226,4.672,4.456,5.96,7.314,6.72,7.106,8.051,7.185,6.659
3556.03,15,5.631,5.291,6.278,5.918,6.89,6.199,6.754,7.691,5.997,6.488,5.342,5.663,6.473,5.207,4.677,4.523,5.872,7.286,6.74,6.983,8.023,7.279,6.669
3557.03,15,5.644,5.304,6.268,5.86,7.064,6.241,6.767,7.642,6.017,6.442,5.404,5.669,6.42,5.207,4.694,4.423,6.012,7.3,6.765,7.123,8.021,7.197,6.647
3558.03,15,5.698,5.209,6.304,5.825,6.973,6.179,6.812,7.724,6.006,6.442,5.373,5.719,6.457,5.281,4.677,4.437,5.934,7.284,6.722,7.047,8.037,7.179,6.635
3559.03,15,5.713,5.284,6.288,5.896,6.941,6.24,6.817,7.649,6,6.497,5.447,5.655,6.464,5.233,4.66,4.52,5.921,7.352,6.691,7.105,8.045,7.204,6.627
3560.03,15,5.708,5.261,6.318,5.869,6.902,6.239,6.801,7.675,5.983,6.481,5.441,5.607,6.425,5.245,4.678,4.547,5.973,7.286,6.773,7.076,8.015,7.182,6.687
3561.03,15,5.659,5.257,6.299,5.85,6.936,6.173,6.831,7.703,5.913,6.474,5.346,5.663,6.401,5.285,4.648,4.502,5.869,7.35,6.777,7.045,8.012,7.261,6.664
3562.03,15,5.665,5.285,6.248,5.869,7.005,6.253,6.795,7.675,5.934,6.469,5.467,5.693,6.422,5.235,4.649,4.559,5.92,7.308,6.755,7.069,8.054,7.232,6.653
3563.03,15,5.64,5.294,6.269,5.899,6.938,6.195,6.81,7.725,6.017,6.453,5.338,5.709,6.35,5.289,4.679,4.503,5.951,7.328,6.665,7.064,8.039,7.248,6.675
3564.03,15,5.66,5.253,6.353,5.909,6.943,6.245,6.839,7.648,6.02,6.485,5.379,5.686,6.417,5.266,4.689,4.538,5.886,7.307,6.794,7.135,8.032,7.195,6.694
3565.03,15,5.665,5.201,6.329,5.86,6.905,6.173,6.71,7.721,6.005,6.465,5.411,5.64,6.396,5.229,4.649,4.456,5.909,7.284,6.704,7.058,8.012,7.144,6.669
3566.03,15,5.674,5.243,6.334,5.861,6.965,6.193,6.805,7.66,5.98,6.406,5.429,5.657,6.448,5.28,4.625,4.466,5.895,7.298,6.75,7.045,8.059,7.216,6.618
3567.03,15,5.715,5.21,6.278,5.83,7.002,6.249,6.797,7.663,6.016,6.499,5.369,5.672,6.481,5.256,4.587,4.493,5.875,7.293,6.716,7.089,8.047,7.169,6.654
3568.03,15,5.662,5.201,6.299,5.851,6.923,6.184,6.835,7.666,6.004,6.438,5.39,5.678,6.479,5.164,4.645,4.495,5.945,7.291,6.799,7.068,7.964,7.184,6.644
3569.03,15,5.679,5.291,6.296,5.884,7.029,6.134,6.801,7.701,5.955,6.44,5.409,5.7,6.438,5.247,4.657,4.484,5.868,7.351,6.763,7.06,8.024,7.223,6.633
3570.03,15,5.636,5.205,6.245,5.851,6.924,6.258,6.808,7.675,6.016,6.489,5.317,5.663,6.404,5.251,4.654,4.462,5.912,7.271,6.757,7.072,8.045,7.237,6.613
3571.03,15,5.68,5.234,6.244,5.827,6.937,6.184,6.744,7.684,5.987,6.488,5.411,5.7,6.483,5.271,4.614,4.434,5.979,7.287,6.762,7.146,8.017,7.175,6.685
3572.03,15,5.688,5.229,6.304,5.881,6.899,6.241,6.788,7.7,6.057,6.503,5.419,5.686,6.416,5.214,4.681,4.47,5.96,7.328,6.654,7.109,8.025,7.194,6.652
3573.03,15,5.647,5.123,6.284,5.85,6.977,6.139,6.708,7.613,6.017,6.387,5.393,5.65,6.446,5.245,4.691,4.493,5.944,7.298,6.717,7.12,8.064,7.191,6.606
3574.03,15,5.607,5.199,6.28,5.823,6.954,6.144,6.803,7.69,5.994,6.422,5.423,5.664,6.423,5.265,4.614,4.416,5.899,7.31,6.728,7.082,8.053,7.231,6.614
3575.03,15,5.618,5.257,6.266,5.872,6.897,6.167,6.788,7.677,6.062,6.465,5.458,5.668,6.41,5.237,4.68,4.482,5.914,7.272,6.722,7.062,8.086,7.203,6.615
3576.03,15,5.642,5.216,6.276,5.883,6.931,6.147,6.729,7.677,6.058,6.448,5.383,5.632,6.399,5.264,4.634,4.484,5.883,7.335,6.67,7.063,8.021,7.158,6.632
3577.03,15,5.634,5.275,6.285,5.84,6.949,6.196,6.679,7.66,5.98,6.426,5.427,5.683,6.422,5.288,4.616,4.501,5.879,7.237,6.71,7.09,8.066,7.176,6.678
3578.03,15,5.596,5.216,6.258,5.854,6.938,6.164,6.764,7.616,5.955,6.438,5.367,5.731,6.383,5.214,4.598,4.461,5.9,7.265,6.728,7.126,8.082,7.139,6.634
3579.03,15,5.611,5.16,6.247,5.852,6.897,6.174,6.788,7.642,5.952,6.425,5.36,5.624,6.42,5.272,4.599,4.453,5.94,7.36,6.685,7.113,8.028,7.158,6.617
3580.03,15,5.622,5.209,6.323,5.846,6.886,6.161,6.752,7.675,6.026,6.451,5.353,5.639,6.449,5.265,4.63,4.445,5.863,7.318,6.71,7.029,8.011,7.24,6.57
3581.03,15,5.641,5.225,6.237,5.829,6.971,6.199,6.731,7.656,6.042,6.39,5.376,5.699,6.421,5.268,4.619,4.431,5.9,7.329,6.676,7.081,8.029,7.195,6.626
3582.03,15,5.581,5.193,6.258,5.839,6.918,6.16,6.751,7.671,6.047,6.426,5.43,5.636,6.404,5.285,4.524,4.359,5.88,7.328,6.723,7.134,8.013,7.157,6.635
3583.03,15,5.6,5.209,6.257,5.769,6.911,6.228,6.737,7.599,6.015,6.435,5.415,5.599,6.404,5.249,4.643,4.424,5.894,7.316,6.695,7.067,8.051,7.22,6.661
3584.03,15,5.631,5.206,6.277,5.776,6.884,6.219,6.776,7.613,6.07,6.402,5.418,5.7,6.425,5.279,4.658,4.427,5.903,7.283,6.675,7.052,7.978,7.174,6.648
3585.03,15,5.594,5.214,6.213,5.831,6.904,6.19,6.753,7.686,6.014,6.447,5.39,5.619,6.47,5.224,4.618,4.466,5.861,7.334,6.742,7.056,7.96,7.201,6.632
3586.03,15,5.563,5.139,6.247,5.83,6.862,6.209,6.791,7.652,6.024,6.363,5.389,5.62,6.392,5.401,4.588,4.419,5.938,7.314,6.761,7.17,8.071,7.227,6.576
3587.03,15,5.616,5.202,6.212,5.755,6.933,6.205,6.763,7.625,5.988,6.447,5.405,5.594,6.363,5.309,4.613,4.397,5.919,7.321,6.683,7.188,8.014,7.231,6.584
3588.03,15,5.581,5.22,6.193,5.824,6.931,6.164,6.693,7.626,6.084,6.342,5.357,5.592,6.367,5.242,4.605,4.531,5.882,7.323,6.66,7.106,8.044,7.133,6.642
3589.03,15,5.608,5.177,6.238,5.851,6.917,6.113,6.762,7.622,5.98,6.459,5.41,5.689,6.44,5.252,4.635,4.425,5.879,7.318,6.724,7.085,8.035,7.233,6.701
3590.03,15,5.639,5.197,6.129,5.774,6.967,6.122,6.719,7.619,6.004,6.419,5.408,5.636,6.414,5.207,4.615,4.458,5.872,7.233,6.734,7.044,8.046,7.185,6.527
3591.03,15,5.553,5.14,6.208,5.789,6.881,6.18,6.719,7.665,5.988,6.414,5.404,5.679,6.319,5.304,4.588,4.389,5.903,7.309,6.756,7.196,8.047,7.199,6.7
3592.03,15,5.579,5.144,6.228,5.825,6.899,6.084,6.712,7.679,6,6.383,5.376,5.659,6.414,5.303,4.578,4.453,5.925,7.298,6.701,7.147,8.085,7.201,6.661
3593.03,15,5.542,5.15,6.224,5.829,6.913,6.198,6.779,7.677,6.03,6.417,5.378,5.649,6.421,5.281,4.618,4.458,5.93,7.248,6.707,7.178,8.059,7.209,6.672
3594.03,15,5.515,5.163,6.158,5.796,6.945,6.173,6.732,7.67,5.988,6.379,5.362,5.728,6.425,5.246,4.663,4.405,5.869,7.258,6.65,7.08,8.043,7.209,6.64
3595.03,15,5.586,5.135,6.241,5.817,6.911,6.14,6.743,7.623,5.986,6.377,5.241,5.677,6.427,5.227,4.534,4.433,5.847,7.203,6.71,7.078,8.048,7.195,6.627
3596.03,15,5.547,5.133,6.163,5.727,6.864,6.144,6.717,7.64,6.023,6.438,5.415,5.657,6.447,5.34,4.638,4.419,5.873,7.328,6.786,7.115,8.028,7.149,6.612
3597.03,15,5.532,5.149,6.181,5.761,6.953,6.147,6.673,7.637,6.048,6.458,5.401,5.713,6.418,5.273,4.621,4.5,5.927,7.303,6.718,7.073,8.06,7.171,6.643
3598.03,15,5.523,5.117,6.214,5.793,6.852,6.102,6.688,7.688,6.002,6.39,5.379,5.557,6.399,5.235,4.685,4.47,5.916,7.273,6.696,7.117,8.019,7.244,6.626
3599.03,15,5.52,5.141,6.16,5.762,6.93,6.113,6.691,7.647,6.015,6.381,5.416,5.715,6.389,5.26,4.566,4.446,5.933,7.236,6.683,7.121,8.027,7.13,6.655
3600.03,15,5.49,5.145,6.231,5.829,6.935,6.136,6.733,7.624,6.021,6.4,5.375,5.63,6.359,5.254,4.527,4.413,5.88,7.299,6.687,7.182,7.964,7.273,6.624
3601.03,15,5.554,5.163,6.194,5.749,6.937,6.122,6.753,7.673,6.018,6.37,5.364,5.652,6.429,5.271,4.569,4.398,5.858,7.352,6.681,7.15,7.992,7.193,6.541
3602.03,15,5.56,5.121,6.253,5.804,6.92,6.232,6.722,7.646,5.952,6.427,5.353,5.658,6.445,5.273,4.649,4.444,5.968,7.281,6.728,7.112,7.998,7.249,6.645
3603.03,15,5.554,5.092,6.182,5.724,6.877,6.103,6.744,7.591,6.093,6.393,5.412,5.699,6.424,5.244,4.584,4.465,5.87,7.263,6.691,7.091,8.011,7.233,6.569
3604.03,15,5.493,5.179,6.19,5.758,6.901,6.111,6.739,7.637,6.064,6.438,5.372,5.667,6.328,5.301,4.578,4.428,5.919,7.293,6.67,7.088,8.031,7.227,6.662
3605.03,15,5.513,5.096,6.175,5.76,6.836,6.101,6.74,7.588,6.012,6.391,5.429,5.684,6.404,5.238,4.587,4.385,5.946,7.237,6.673,7.126,8.056,7.201,6.669
3606.03,15,5.492,5.106,6.203,5.778,6.911,6.076,6.748,7.591,6.013,6.413,5.41,5.696,6.39,5.256,4.557,4.455,5.907,7.293,6.732,7.091,7.991,7.265,6.617
3607.03,15,5.531,5.189,6.256,5.77,6.836,6.116,6.743,7.572,6.038,6.41,5.39,5.664,6.327,5.224,4.561,4.455,5.902,7.25,6.672,7.147,8.023,7.231,6.674
3608.03,15,5.449,5.106,6.112,5.821,6.855,6.065,6.731,7.583,5.939,6.358,5.413,5.667,6.42,5.253,4.539,4.379,5.972,7.27,6.685,7.092,7.949,7.215,6.635
3609.03,15,5.549,5.169,6.132,5.728,6.905,6.041,6.742,7.604,6.017,6.377,5.428,5.624,6.357,5.261,4.571,4.448,5.907,7.267,6.64,7.157,8.029,7.181,6.584
3610.03,15,5.513,5.17,6.201,5.816,6.831,6.12,6.708,7.609,6.039,6.345,5.344,5.62,6.46,5.215,4.577,4.433,5.87,7.297,6.652,7.124,8.03,7.169,6.593
3611.03,15,5.489,5.136,6.151,5.801,6.885,6.108,6.738,7.682,6.047,6.394,5.435,5.634,6.387,5.287,4.561,4.435,5.963,7.217,6.657,7.152,8.074,7.157,6.606
3612.03,15,5.509,5.132,6.199,5.807,6.815,6.15,6.714,7.615,6.04,6.351,5.39,5.651,6.392,5.257,4.612,4.387,5.932,7.341,6.602,7.167,8.012,7.151,6.581
3613.03,15,5.485,5.059,6.197,5.827,6.87,6.097,6.681,7.638,6.057,6.385,5.427,5.634,6.371,5.284,4.616,4.46,5.955,7.262,6.655,7.071,8.037,7.156,6.616
3614.03,15,5.465,5.103,6.106,5.742,6.884,6.098,6.729,7.552,6.012,6.439,5.413,5.644,6.39,5.249,4.544,4.381,5.917,7.289,6.717,7.147,8.013,7.188,6.66
3615.03,15,5.457,5.138,6.188,5.769,6.851,6.069,6.791,7.574,6.008,6.36,5.43,5.677,6.352,5.266,4.565,4.449,5.876,7.242,6.695,7.124,8.008,7.232,6.586
3616.03,15,5.477,5.12,6.1,5.807,6.94,6.119,6.665,7.542,6.018,6.38,5.457,5.652,6.336,5.231,4.591,4.399,5.955,7.41,6.748,7.159,8.043,7.179,6.612
3617.03,15,5.396,5.085,6.156,5.698,6.88,6.088,6.693,7.614,6.054,6.384,5.428,5.667,6.414,5.287,4.575,4.461,5.901,7.242,6.705,7.144,8.069,7.189,6.618
3618.03,15,5.434,5.166,6.166,5.709,6.892,6.044,6.653,7.633,6.079,6.368,5.355,5.675,6.367,5.237,4.547,4.374,5.961,7.276,6.74,7.133,8.031,7.168,6.648
3619.03,15,5.405,5.023,6.18,5.778,6.893,6.061,6.711,7.54,6.043,6.312,5.379,5.675,6.36,5.235,4.545,4.338,5.92,7.265,6.699,7.133,8.061,7.229,6.627
3620.03,15,5.468,5.107,6.132,5.666,6.87,6.121,6.649,7.582,5.94,6.39,5.395,5.649,6.352,5.209,4.596,4.436,5.944,7.275,6.718,7.107,8,7.19,6.64
3621.03,15,5.491,5.164,6.181,5.745,6.83,6.115,6.706,7.551,6.046,6.362,5.399,5.684,6.412,5.237,4.579,4.409,5.894,7.275,6.709,7.141,8.031,7.247,6.56
3622.03,15,5.457,5.135,6.182,5.745,6.842,6.029,6.696,7.578,6.06,6.421,5.418,5.669,6.385,5.217,4.478,4.4,5.879,7.265,6.649,7.142,8.023,7.184,6.614
3623.03,15,5.451,5.056,6.101,5.72,6.847,6.058,6.72,7.571,6.035,6.395,5.373,5.629,6.331,5.289,4.543,4.392,5.864,7.292,6.747,7.172,8.027,7.171,6.608
3624.03,15,5.394,5.107,6.12,5.742,6.849,6.059,6.689,7.655,6.095,6.286,5.472,5.693,6.34,5.261,4.604,4.382,5.89,7.281,6.696,7.194,8.052,7.228,6.586
3625.03,15,5.401,5.079,6.153,5.735,6.773,6.113,6.669,7.603,5.98,6.35,5.364,5.679,6.377,5.23,4.529,4.338,5.96,7.303,6.687,7.139,8.014,7.253,6.611
3626.03,15,5.395,5.104,6.046,5.772,6.824,6.059,6.611,7.578,5.999,6.354,5.42,5.68,6.36,5.245,4.493,4.405,5.938,7.253,6.715,7.136,8.089,7.184,6.571
3627.03,15,5.443,5.11,6.15,5.722,6.859,6.086,6.661,7.598,6.039,6.356,5.302,5.663,6.362,5.229,4.589,4.354,5.92,7.28,6.693,7.155,8.085,7.186,6.668
3628.03,15,5.479,5.064,6.204,5.747,6.835,6.106,6.726,7.619,6.067,6.29,5.394,5.628,6.325,5.248,4.497,4.343,5.925,7.308,6.677,7.127,7.966,7.201,6.573
3629.03,15,5.429,5.067,6.131,5.746,6.922,5.992,6.724,7.596,6.079,6.393,5.39,5.701,6.391,5.289,4.511,4.385,5.901,7.256,6.633,7.129,8.069,7.211,6.551
3630.03,15,5.425,5.073,6.084,5.769,6.855,6.117,6.685,7.512,6.012,6.33,5.335,5.645,6.349,5.218,4.529,4.465,5.961,7.306,6.693,7.172,8.003,7.237,6.588
3631.03,15,5.392,5.018,6.084,5.695,6.859,6.089,6.662,7.523,6.068,6.352,5.41,5.659,6.382,5.244,4.523,4.443,5.885,7.253,6.663,7.156,8.03,7.208,6.579
3632.03,15,5.438,5.066,6.131,5.681,6.882,6.077,6.687,7.564,6.005,6.354,5.383,5.747,6.39,5.307,4.499,4.344,5.912,7.288,6.69,7.132,8.021,7.212,6.55
3633.03,15,5.373,5.068,6.057,5.715,6.868,6.09,6.714,7.59,6.003,6.34,5.405,5.696,6.304,5.23,4.519,4.365,5.885,7.263,6.675,7.105,8.06,7.28,6.565
3634.03,15,5.406,5.055,6.215,5.717,6.829,6.031,6.716,7.617,6.003,6.304,5.406,5.649,6.366,5.23,4.529,4.368,5.891,7.258,6.718,7.167,8.057,7.21,6.587
3635.03,15,5.314,5.04,6.057,5.724,6.859,6.124,6.629,7.565,6.076,6.355,5.385,5.651,6.294,5.274,4.522,4.372,5.868,7.248,6.7,7.166,8.053,7.193,6.524
3636.03,15,5.38,5.037,6.072,5.775,6.87,6.053,6.613,7.54,5.983,6.34,5.389,5.718,6.388,5.341,4.515,4.405,5.934,7.224,6.705,7.094,8.047,7.204,6.579
3637.03,15,5.399,5.039,6.14,5.742,6.836,6.081,6.631,7.546,6.09,6.37,5.385,5.689,6.319,5.381,4.505,4.364,5.95,7.299,6.767,7.176,8.061,7.199,6.617
3638.03,15,5.365,5.063,6.075,5.697,6.847,6.074,6.607,7.536,6.061,6.306,5.421,5.652,6.377,5.357,4.483,4.357,5.855,7.297,6.677,7.123,8.034,7.153,6.56
3639.03,15,5.401,5.028,6.052,5.729,6.864,6.053,6.672,7.572,6.023,6.355,5.442,5.663,6.359,5.255,4.528,4.386,5.86,7.314,6.73,7.191,8.123,7.259,6.638
3640.03,15,5.359,5.081,6.098,5.642,6.826,6.046,6.687,7.522,6.008,6.317,5.332,5.651,6.333,5.314,4.492,4.333,5.888,7.251,6.733,7.122,8.033,7.162,6.622
3641.03,15,5.373,5.015,6.098,5.752,6.783,6.039,6.68,7.567,6.028,6.318,5.464,5.672,6.402,5.289,4.532,4.379,5.846,7.205,6.762,7.165,8.076,7.161,6.633
3642.03,15,5.336,5.039,6.007,5.709,6.794,6.064,6.669,7.553,6.063,6.363,5.346,5.701,6.361,5.28,4.546,4.358,5.947,7.273,6.718,7.109,8.052,7.253,6.601
3643.03,15,5.385,5.069,6.055,5.709,6.8,6.021,6.689,7.573,6.003,6.311,5.447,5.671,6.323,5.301,4.555,4.375,5.947,7.305,6.662,7.14,8.058,7.203,6.583
3644.03,15,5.348,5.061,6.077,5.705,6.811,6.09,6.622,7.521,6.024,6.314,5.398,5.67,6.404,5.301,4.484,4.395,5.907,7.211,6.626,7.148,7.987,7.218,6.592
3645.03,15,5.307,4.997,6.013,5.648,6.768,6.043,6.627,7.491,5.989,6.297,5.398,5.709,6.334,5.246,4.499,4.39,5.904,7.251,6.69,7.177,8.066,7.274,6.578
3646.03,15,5.389,5.009,6.047,5.71,6.802,6.028,6.642,7.58,6.05,6.327,5.397,5.713,6.395,5.299,4.551,4.419,5.905,7.275,6.625,7.207,8.011,7.164,6.548
3647.03,15,5.305,5.057,6.039,5.72,6.819,6.004,6.579,7.56,6.047,6.357,5.41,5.71,6.365,5.296,4.588,4.388,5.882,7.293,6.757,7.17,8.086,7.159,6.602
3648.03,15,5.425,4.957,6.034,5.733,6.824,6.01,6.673,7.535,6.039,6.355,5.385,5.734,6.397,5.303,4.537,4.391,5.874,7.188,6.689,7.148,8.101,7.229,6.672
3649.03,15,5.354,5.031,6.082,5.687,6.824,6.014,6.662,7.484,6.013,6.356,5.393,5.689,6.294,5.23,4.495,4.325,5.917,7.253,6.659,7.13,8.067,7.23,6.57
3650.03,15,5.363,5.02,6.112,5.681,6.769,6.055,6.553,7.546,6.062,6.309,5.397,5.599,6.433,5.311,4.472,4.337,5.895,7.222,6.686,7.18,8.093,7.196,6.527
3651.03,15,5.387,4.979,6.032,5.705,6.853,6.102,6.599,7.539,6.079,6.368,5.346,5.716,6.34,5.302,4.525,4.363,5.899,7.177,6.696,7.164,8.077,7.182,6.595
3652.03,15,5.266,5.007,6.079,5.661,6.801,6.02,6.625,7.541,6.094,6.32,5.327,5.657,6.386,5.233,4.512,4.34,5.929,7.266,6.695,7.091,8.087,7.23,6.497
3653.03,15,5.389,4.998,6.017,5.661,6.826,5.983,6.585,7.561,6.038,6.297,5.299,5.772,6.356,5.283,4.502,4.312,5.958,7.293,6.696,7.211,8.022,7.213,6.545
3654.03,15,5.292,5.003,6.019,5.656,6.804,6.053,6.611,7.565,6.023,6.35,5.394,5.718,6.299,5.29,4.473,4.323,5.861,7.218,6.705,7.139,8.107,7.251,6.57
3655.03,15,5.303,4.938,6.058,5.721,6.754,6.033,6.628,7.48,6.028,6.354,5.402,5.691,6.324,5.242,4.519,4.28,5.902,7.263,6.753,7.149,8.018,7.172,6.626
3656.03,15,5.298,4.966,6.034,5.64,6.761,5.997,6.568,7.46,6.032,6.322,5.428,5.684,6.308,5.249,4.564,4.338,5.892,7.262,6.691,7.127,8.027,7.22,6.545
3657.03,15,5.276,5.066,6.065,5.619,6.809,6.029,6.664,7.499,6.093,6.339,5.419,5.71,6.362,5.307,4.524,4.366,5.962,7.214,6.742,7.155,8.085,7.199,6.555
3658.03,15,5.287,5.02,6.006,5.627,6.844,6.057,6.653,7.511,6.03,6.337,5.418,5.699,6.221,5.244,4.507,4.376,5.894,7.316,6.681,7.167,8.044,7.228,6.535
3659.03,15,5.267,4.965,5.983,5.696,6.781,5.973,6.563,7.545,6.062,6.268,5.399,5.727,6.364,5.28,4.528,4.264,5.885,7.281,6.645,7.17,8.024,7.221,6.568
3660.03,15,5.29,4.99,6.082,5.652,6.821,6.016,6.582,7.571,6.059,6.299,5.302,5.728,6.315,5.275,4.492,4.356,5.964,7.273,6.754,7.117,8.041,7.226,6.568
3661.03,15,5.364,5.005,5.972,5.656,6.846,6.06,6.65,7.461,6.06,6.307,5.395,5.736,6.346,5.236,4.515,4.315,5.88,7.192,6.717,7.217,8.066,7.157,6.645
3662.03,15,5.287,4.941,6.026,5.607,6.874,6.017,6.614,7.518,6.049,6.314,5.346,5.741,6.361,5.187,4.531,4.324,5.958,7.287,6.65,7.136,8.089,7.168,6.574
3663.03,15,5.335,4.989,6.054,5.664,6.84,6.014,6.661,7.455,6.068,6.318,5.312,5.696,6.368,5.337,4.4,4.361,5.912,7.253,6.735,7.206,8.039,7.2,6.441
3664.03,15,5.219,4.948,6.025,5.621,6.769,6.012,6.63,7.482,6.061,6.275,5.41,5.709,6.313,5.238,4.521,4.341,5.91,7.24,6.734,7.235,7.971,7.209,6.581
3665.03,15,5.379,4.953,6.049,5.705,6.773,5.983,6.661,7.52,6.087,6.264,5.411,5.666,6.335,5.264,4.516,4.331,5.901,7.285,6.729,7.217,8.024,7.166,6.583
3666.03,15,5.319,5.045,6.059,5.656,6.759,5.954,6.545,7.504,6.075,6.336,5.481,5.711,6.291,5.246,4.509,4.284,5.913,7.214,6.711,7.204,8.02,7.202,6.577
3667.03,15,5.279,4.955,6.056,5.619,6.797,6.004,6.584,7.512,6.065,6.272,5.406,5.689,6.334,5.259,4.524,4.352,5.919,7.289,6.677,7.181,8.015,7.221,6.584
3668.03,15,5.312,5.038,5.985,5.627,6.793,5.949,6.562,7.481,6.034,6.276,5.326,5.656,6.361,5.306,4.425,4.293,5.952,7.18,6.747,7.119,8.055,7.22,6.587
3669.03,15,5.294,4.99,6.016,5.679,6.751,5.979,6.602,7.502,6.081,6.295,5.361,5.702,6.315,5.295,4.485,4.363,5.929,7.261,6.686,7.117,8.112,7.229,6.538
3670.03,15,5.281,4.956,6,5.664,6.804,6.05,6.587,7.449,6.084,6.354,5.382,5.687,6.345,5.331,4.526,4.284,5.894,7.216,6.69,7.176,8.059,7.261,6.594
3671.03,15,5.259,4.955,6.039,5.607,6.773,5.929,6.589,7.524,6.106,6.283,5.426,5.758,6.298,5.271,4.512,4.303,5.91,7.2,6.734,7.163,8.066,7.182,6.559
3672.03,15,5.289,4.953,5.981,5.633,6.757,5.945,6.551,7.508,6.064,6.297,5.395,5.727,6.266,5.251,4.468,4.303,5.894,7.237,6.676,7.2,8.034,7.202,6.622
3673.03,15,5.286,4.94,6.01,5.67,6.8,6.03,6.545,7.583,6.049,6.251,5.387,5.729,6.356,5.327,4.447,4.334,5.871,7.229,6.736,7.083,8.04,7.204,6.56
3674.03,15,5.33,4.987,6.004,5.667,6.788,5.998,6.571,7.569,6.028,6.263,5.409,5.729,6.322,5.263,4.492,4.306,5.956,7.201,6.667,7.196,8.036,7.208,6.572
3675.03,15,5.326,4.882,6.031,5.619,6.795,6.02,6.601,7.528,6.05,6.276,5.324,5.682,6.416,5.275,4.439,4.287,5.961,7.204,6.717,7.175,8.076,7.157,6.555
3676.03,15,5.35,4.972,5.977,5.694,6.729,5.982,6.616,7.538,6.084,6.305,5.429,5.72,6.331,5.265,4.521,4.32,5.899,7.239,6.768,7.238,8.014,7.227,6.56
3677.03,15,5.345,4.945,5.981,5.656,6.713,5.997,6.532,7.467,6.074,6.273,5.379,5.696,6.286,5.24,4.423,4.349,5.906,7.208,6.733,7.104,8.034,7.224,6.526
3678.03,15,5.312,4.97,5.98,5.645,6.79,5.884,6.597,7.485,5.995,6.321,5.342,5.692,6.389,5.315,4.443,4.322,5.904,7.159,6.692,7.202,8.012,7.212,6.585
3679.03,15,5.287,4.94,5.947,5.646,6.799,5.956,6.577,7.445,6.042,6.281,5.429,5.758,6.234,5.29,4.456,4.285,5.905,7.197,6.706,7.136,8.001,7.251,6.606
3680.03,15,5.287,4.949,6.037,5.647,6.747,5.946,6.59,7.458,6.115,6.367,5.414,5.711,6.289,5.259,4.433,4.317,5.961,7.222,6.717,7.187,8.056,7.247,6.548
3681.03,15,5.228,4.968,5.987,5.635,6.758,5.869,6.549,7.457,6.069,6.194,5.47,5.734,6.296,5.295,4.492,4.313,5.922,7.261,6.674,7.183,8.016,7.221,6.558
3682.03,15,5.314,4.924,5.918,5.624,6.786,5.953,6.6,7.438,6.062,6.25,5.343,5.739,6.256,5.315,4.455,4.35,5.903,7.254,6.699,7.198,8.057,7.195,6.54
3683.03,15,5.276,4.887,5.969,5.62,6.751,5.936,6.562,7.401,6.045,6.307,5.322,5.693,6.336,5.249,4.491,4.337,5.924,7.24,6.721,7.184,8,7.236,6.475
3684.03,15,5.27,4.867,5.978,5.64,6.784,5.975,6.614,7.492,6.015,6.36,5.363,5.769,6.333,5.288,4.448,4.32,5.957,7.208,6.709,7.147,8.045,7.226,6.558
3685.03,15,5.296,4.945,5.983,5.597,6.775,5.912,6.578,7.43,6.037,6.232,5.416,5.725,6.342,5.331,4.445,4.325,5.962,7.179,6.695,7.163,8.003,7.188,6.54
3686.03,15,5.283,4.978,5.918,5.67,6.801,5.944,6.596,7.498,6.032,6.223,5.421,5.675,6.318,5.23,4.439,4.376,5.969,7.19,6.706,7.244,8.027,7.21,6.578
3687.03,15,5.309,4.938,5.982,5.681,6.794,5.902,6.525,7.471,6.04,6.259,5.359,5.734,6.286,5.289,4.4,4.274,5.842,7.251,6.752,7.177,8.074,7.151,6.557
3688.03,15,5.345,4.89,5.916,5.64,6.741,5.91,6.596,7.482,6.102,6.277,5.41,5.778,6.272,5.309,4.456,4.342,5.964,7.21,6.697,7.234,8.048,7.208,6.597
3689.03,15,5.34,4.89,5.989,5.664,6.732,5.897,6.564,7.392,6.026,6.279,5.375,5.667,6.341,5.251,4.413,4.3,5.937,7.288,6.687,7.219,8.032,7.21,6.51
3690.03,15,5.285,4.96,5.9,5.604,6.762,5.995,6.58,7.495,6.01,6.229,5.382,5.7,6.28,5.263,4.428,4.312,5.907,7.177,6.748,7.157,8.078,7.267,6.547
3691.03,15,5.271,4.958,5.973,5.64,6.691,5.947,6.598,7.463,6.094,6.289,5.432,5.671,6.279,5.289,4.39,4.294,5.893,7.27,6.745,7.196,8.074,7.191,6.664
3692.03,15,5.285,4.888,5.932,5.649,6.709,5.981,6.538,7.529,6.025,6.261,5.389,5.728,6.343,5.267,4.428,4.28,5.872,7.235,6.579,7.237,8.096,7.182,6.557
3693.03,15,5.321,4.942,6.014,5.566,6.736,5.91,6.563,7.409,6.086,6.2,5.328,5.675,6.288,5.285,4.456,4.251,5.915,7.27,6.69,7.183,8.032,7.187,6.562
3694.03,15,5.295,4.921,5.95,5.626,6.833,5.892,6.527,7.42,6.056,6.21,5.39,5.744,6.346,5.285,4.473,4.303,5.921,7.295,6.684,7.161,8.067,7.191,6.547
3695.03,15,5.288,4.928,5.935,5.699,6.72,5.94,6.54,7.431,6.042,6.345,5.414,5.711,6.34,5.273,4.408,4.307,5.919,7.2,6.738,7.208,8.021,7.226,6.561
3696.03,15,5.36,4.851,5.948,5.585,6.72,5.889,6.549,7.447,6.108,6.219,5.398,5.668,6.345,5.312,4.455,4.285,5.893,7.202,6.7,7.138,8.01,7.212,6.568
3697.03,15,5.244,4.864,5.897,5.597,6.742,5.932,6.466,7.457,6.094,6.258,5.385,5.689,6.297,5.247,4.465,4.3,5.897,7.223,6.725,7.203,8.051,7.178,6.533
3698.03,15,5.294,4.909,5.961,5.563,6.717,5.959,6.536,7.482,6.007,6.278,5.403,5.802,6.312,5.34,4.449,4.293,5.965,7.246,6.728,7.173,8.052,7.181,6.591
3699.03,15,5.312,4.901,5.905,5.582,6.787,5.908,6.566,7.438,6.088,6.22,5.421,5.724,6.276,5.267,4.431,4.275,5.96,7.2,6.689,7.196,8.073,7.247,6.6
3700.03,15,5.304,4.885,5.908,5.596,6.7,5.877,6.482,7.393,6.034,6.24,5.368,5.717,6.344,5.357,4.429,4.277,5.906,7.211,6.735,7.16,8.044,7.175,6.618
3701.03,15,5.264,4.84,5.938,5.57,6.776,5.907,6.507,7.445,6.118,6.255,5.411,5.768,6.327,5.306,4.376,4.255,5.917,7.169,6.741,7.204,8.076,7.251,6.619
3702.03,15,5.318,4.813,5.92,5.565,6.741,5.967,6.527,7.354,6.055,6.205,5.411,5.725,6.327,5.346,4.389,4.293,5.914,7.195,6.693,7.136,8.086,7.17,6.62
3703.03,15,5.343,4.89,5.859,5.572,6.695,5.929,6.536,7.408,6.06,6.266,5.436,5.718,6.31,5.317,4.425,4.366,5.942,7.187,6.652,7.202,8.036,7.276,6.602
3704.03,15,5.255,4.867,5.843,5.63,6.825,5.929,6.529,7.423,6.046,6.226,5.361,5.773,6.248,5.289,4.439,4.256,5.896,7.179,6.759,7.218,7.982,7.137,6.6
3705.03,15,5.328,4.86,5.942,5.62,6.695,5.904,6.52,7.367,6.073,6.245,5.367,5.735,6.266,5.317,4.408,4.284,5.973,7.227,6.754,7.205,8.057,7.253,6.587
3706.03,15,5.321,4.927,5.972,5.604,6.681,5.927,6.543,7.431,6.092,6.258,5.412,5.748,6.269,5.288,4.463,4.266,5.923,7.147,6.724,7.138,8.063,7.16,6.57
3707.03,15,5.334,4.843,5.912,5.575,6.66,5.871,6.569,7.386,6.114,6.201,5.334,5.8,6.281,5.316,4.363,4.211,5.86,7.248,6.77,7.21,8.036,7.234,6.521
3708.03,15,5.29,4.841,5.906,5.571,6.694,5.897,6.525,7.421,6.077,6.264,5.387,5.741,6.276,5.3,4.434,4.3,5.949,7.201,6.729,7.172,8.006,7.182,6.599
3709.03,15,5.33,4.87,5.884,5.632,6.713,5.876,6.563,7.459,6.109,6.229,5.38,5.732,6.302,5.264,4.382,4.303,5.875,7.167,6.721,7.181,8.089,7.246,6.569
3710.03,15,5.315,4.835,5.929,5.618,6.79,5.905,6.509,7.396,6.069,6.204,5.345,5.716,6.306,5.288,4.402,4.319,5.94,7.168,6.711,7.258,8.053,7.189,6.545
3711.03,15,5.363,4.893,5.864,5.621,6.668,5.911,6.49,7.416,6.099,6.19,5.394,5.71,6.266,5.325,4.394,4.26,5.896,7.224,6.745,7.122,8.013,7.192,6.478
3712.03,15,5.32,4.886,5.868,5.597,6.703,5.891,6.463,7.437,6.113,6.195,5.373,5.776,6.325,5.311,4.395,4.26,5.93,7.155,6.727,7.193,8.022,7.159,6.577
3713.03,15,5.35,4.874,5.88,5.576,6.692,5.947,6.517,7.482,6.152,6.246,5.393,5.765,6.241,5.36,4.373,4.289,5.916,7.251,6.714,7.216,8.065,7.178,6.584
3714.03,15,5.351,4.844,5.892,5.608,6.784,5.789,6.51,7.441,6.111,6.201,5.416,5.725,6.203,5.268,4.392,4.282,5.948,7.206,6.71,7.258,8.007,7.174,6.516
3715.03,15,5.345,4.916,5.923,5.57,6.741,5.845,6.502,7.404,6.082,6.204,5.347,5.723,6.35,5.249,4.432,4.286,5.969,7.204,6.724,7.211,8.037,7.216,6.561
3716.03,15,5.272,4.881,5.855,5.503,6.718,5.895,6.443,7.419,6.112,6.159,5.325,5.728,6.265,5.232,4.392,4.241,5.921,7.155,6.724,7.251,7.999,7.25,6.563
3717.03,15,5.303,4.769,5.867,5.58,6.706,5.968,6.463,7.369,6.059,6.251,5.399,5.732,6.261,5.325,4.393,4.192,5.931,7.171,6.685,7.232,8.059,7.2,6.518
3718.03,15,5.319,4.812,5.882,5.566,6.7,5.91,6.501,7.355,6.104,6.242,5.418,5.763,6.246,5.296,4.457,4.291,5.888,7.152,6.778,7.165,8.076,7.206,6.56
3719.03,15,5.295,4.827,5.877,5.548,6.697,5.818,6.465,7.354,6.077,6.239,5.388,5.757,6.263,5.279,4.356,4.316,5.882,7.193,6.658,7.148,8.071,7.16,6.64
3720.03,15,5.352,4.812,5.793,5.614,6.717,5.879,6.529,7.39,6.041,6.167,5.384,5.697,6.255,5.289,4.449,4.233,5.872,7.139,6.75,7.197,8.035,7.181,6.594
3721.03,15,5.329,4.866,5.848,5.515,6.698,5.92,6.483,7.388,6.12,6.23,5.477,5.698,6.205,5.273,4.396,4.279,5.882,7.184,6.733,7.111,8.076,7.195,6.595
3722.03,15,5.285,4.901,5.883,5.515,6.688,5.891,6.488,7.499,6.13,6.175,5.381,5.765,6.26,5.338,4.366,4.248,5.889,7.15,6.762,7.203,8.076,7.204,6.63
3723.03,15,5.315,4.8,5.866,5.559,6.674,5.916,6.502,7.389,6.115,6.208,5.401,5.809,6.261,5.285,4.427,4.242,5.921,7.185,6.683,7.192,8.087,7.256,6.574
3724.03,15,5.313,4.816,5.89,5.571,6.8,5.891,6.509,7.429,5.994,6.23,5.391,5.704,6.29,5.34,4.401,4.309,5.91,7.243,6.707,7.25,8.043,7.191,6.578
3725.03,15,5.343,4.823,5.833,5.574,6.648,5.867,6.512,7.395,6.069,6.22,5.401,5.725,6.23,5.238,4.462,4.239,5.935,7.197,6.65,7.158,8.105,7.188,6.597
3726.03,15,5.328,4.905,5.862,5.493,6.688,5.801,6.472,7.323,6.085,6.196,5.396,5.766,6.3,5.31,4.409,4.245,5.914,7.213,6.682,7.153,8.005,7.21,6.564
3727.03,15,5.299,4.796,5.848,5.543,6.735,5.91,6.503,7.386,6.079,6.213,5.446,5.718,6.221,5.264,4.362,4.295,5.835,7.18,6.71,7.206,8.127,7.218,6.568
3728.03,15,5.362,4.824,5.872,5.544,6.671,5.778,6.483,7.407,6.026,6.139,5.456,5.762,6.241,5.313,4.36,4.237,5.815,7.219,6.795,7.199,8.048,7.221,6.592
3729.03,15,5.31,4.821,5.778,5.527,6.655,5.816,6.418,7.402,6.113,6.26,5.409,5.729,6.29,5.298,4.428,4.186,5.955,7.118,6.749,7.194,8.068,7.276,6.514
3730.03,15,5.403,4.757,5.867,5.554,6.715,5.858,6.457,7.401,6.057,6.181,5.32,5.749,6.253,5.318,4.417,4.297,5.885,7.206,6.706,7.217,8.041,7.224,6.581
3731.03,15,5.309,4.812,5.799,5.5,6.695,5.859,6.494,7.346,6.096,6.135,5.413,5.709,6.253,5.296,4.379,4.238,5.956,7.228,6.699,7.201,8.102,7.222,6.507
3732.03,15,5.297,4.776,5.853,5.495,6.691,5.753,6.42,7.359,6.082,6.15,5.375,5.75,6.304,5.318,4.361,4.213,5.827,7.23,6.687,7.153,8.047,7.2,6.553
3733.03,15,5.328,4.759,5.877,5.457,6.635,5.87,6.455,7.412,6.082,6.18,5.358,5.739,6.273,5.246,4.313,4.277,5.927,7.188,6.714,7.138,8.093,7.161,6.597
3734.03,15,5.356,4.85,5.825,5.521,6.687,5.777,6.507,7.362,6.057,6.101,5.349,5.786,6.279,5.28,4.331,4.313,5.939,7.148,6.673,7.204,8.031,7.251,6.643
3735.03,15,5.36,4.82,5.826,5.568,6.67,5.874,6.495,7.331,6.079,6.16,5.351,5.712,6.228,5.291,4.321,4.211,5.957,7.168,6.676,7.15,8.086,7.21,6.57
3736.03,15,5.343,4.822,5.872,5.528,6.706,5.814,6.486,7.35,6.083,6.21,5.383,5.706,6.242,5.357,4.348,4.267,5.915,7.151,6.719,7.192,8.013,7.209,6.563
3737.03,15,5.296,4.728,5.808,5.531,6.659,5.825,6.429,7.382,6.05,6.192,5.45,5.702,6.267,5.249,4.317,4.277,5.913,7.195,6.754,7.281,8.083,7.215,6.634
3738.03,15,5.354,4.767,5.804,5.557,6.664,5.803,6.451,7.335,6.074,6.182,5.365,5.77,6.289,5.217,4.364,4.239,5.922,7.252,6.718,7.188,8.09,7.222,6.541
3739.03,15,5.289,4.76,5.799,5.512,6.653,5.83,6.475,7.353,6.06,6.171,5.407,5.713,6.191,5.211,4.357,4.248,5.941,7.189,6.672,7.215,8.087,7.131,6.575
3740.03,15,5.339,4.837,5.811,5.577,6.639,5.769,6.425,7.38,6.145,6.167,5.43,5.683,6.287,5.293,4.399,4.363,5.958,7.135,6.695,7.184,8.062,7.22,6.581
3741.03,15,5.363,4.738,5.797,5.465,6.631,5.899,6.443,7.41,6.142,6.198,5.372,5.795,6.193,5.341,4.329,4.269,5.947,7.244,6.676,7.211,8.044,7.153,6.63
3742.03,15,5.315,4.776,5.831,5.559,6.676,5.791,6.442,7.385,6.096,6.193,5.351,5.757,6.238,5.304,4.444,4.272,5.853,7.214,6.728,7.19,7.979,7.178,6.601
3743.03,15,5.307,4.743,5.795,5.471,6.676,5.848,6.482,7.301,6.097,6.104,5.372,5.768,6.188,5.313,4.379,4.252,5.889,7.178,6.76,7.217,8.063,7.229,6.588
3744.03,15,5.287,4.81,5.802,5.497,6.66,5.857,6.427,7.323,6.104,6.16,5.399,5.727,6.262,5.188,4.374,4.167,5.957,7.202,6.721,7.195,8.062,7.264,6.596
3745.03,15,5.337,4.77,5.802,5.546,6.646,5.836,6.464,7.343,6.112,6.174,5.41,5.765,6.234,5.281,4.372,4.193,5.949,7.172,6.752,7.21,8.009,7.291,6.573
3746.03,15,5.338,4.803,5.813,5.49,6.631,5.793,6.432,7.397,6.114,6.071,5.394,5.751,6.262,5.266,4.414,4.274,5.908,7.157,6.726,7.202,8.061,7.144,6.577
3747.03,15,5.379,4.804,5.832,5.477,6.646,5.81,6.457,7.296,6.102,6.148,5.409,5.716,6.239,5.342,4.334,4.208,5.971,7.166,6.713,7.215,8.059,7.216,6.552
3748.03,15,5.276,4.773,5.79,5.488,6.737,5.838,6.448,7.353,6.047,6.175,5.392,5.705,6.255,5.218,4.303,4.235,5.916,7.115,6.717,7.201,8.014,7.183,6.633
3749.03,15,5.377,4.83,5.783,5.468,6.634,5.804,6.413,7.309,6.127,6.194,5.36,5.761,6.249,5.201,4.312,4.235,5.94,7.182,6.713,7.229,8.078,7.2,6.581
3750.03,15,5.282,4.738,5.774,5.473,6.694,5.901,6.427,7.389,6.07,6.175,5.365,5.726,6.275,5.247,4.393,4.166,5.932,7.078,6.713,7.17,8.021,7.174,6.528
3751.03,15,5.351,4.74,5.717,5.467,6.712,5.842,6.415,7.285,6.099,6.169,5.404,5.787,6.247,5.296,4.408,4.266,5.912,7.133,6.689,7.239,8.057,7.192,6.561
3752.03,15,5.389,4.652,5.801,5.526,6.654,5.762,6.471,7.293,6.107,6.166,5.377,5.74,6.175,5.305,4.374,4.289,5.911,7.176,6.666,7.169,8.084,7.21,6.535
3753.03,15,5.327,4.708,5.817,5.512,6.709,5.835,6.416,7.382,6.111,6.164,5.405,5.731,6.279,5.267,4.302,4.204,5.922,7.099,6.721,7.193,8.121,7.225,6.591
3754.03,15,5.306,4.768,5.741,5.466,6.675,5.861,6.367,7.355,6.024,6.165,5.396,5.77,6.194,5.251,4.387,4.248,5.909,7.129,6.694,7.179,8.003,7.18,6.557
3755.03,15,5.311,4.775,5.763,5.507,6.675,5.8,6.426,7.323,6.08,6.171,5.444,5.766,6.258,5.258,4.345,4.252,5.868,7.23,6.732,7.196,8.083,7.217,6.549
3756.03,15,5.316,4.76,5.698,5.507,6.66,5.846,6.397,7.247,6.066,6.143,5.423,5.8,6.184,5.319,4.357,4.198,5.868,7.235,6.763,7.209,8.076,7.228,6.578
3757.03,15,5.304,4.749,5.722,5.514,6.656,5.801,6.376,7.354,6.122,6.131,5.357,5.743,6.243,5.28,4.332,4.17,5.893,7.117,6.722,7.199,8.085,7.146,6.505
3758.03,15,5.355,4.769,5.727,5.481,6.691,5.794,6.403,7.335,6.109,6.118,5.445,5.734,6.275,5.236,4.332,4.265,5.902,7.216,6.737,7.183,8.027,7.242,6.558
3759.03,15,5.316,4.764,5.713,5.533,6.641,5.749,6.41,7.373,6.064,6.197,5.386,5.757,6.241,5.283,4.373,4.168,5.911,7.157,6.768,7.217,8.083,7.128,6.587
3760.03,15,5.335,4.704,5.728,5.478,6.62,5.827,6.445,7.286,6.136,6.122,5.346,5.725,6.273,5.259,4.312,4.168,5.859,7.169,6.782,7.197,8.054,7.222,6.531
3761.03,15,5.335,4.749,5.709,5.556,6.638,5.802,6.426,7.337,6.062,6.107,5.373,5.747,6.195,5.32,4.313,4.191,5.875,7.183,6.71,7.24,8.097,7.187,6.539
3762.03,15,5.36,4.67,5.727,5.427,6.71,5.845,6.348,7.329,6.127,6.097,5.418,5.793,6.151,5.337,4.335,4.182,5.948,7.126,6.656,7.229,8.077,7.239,6.536
3763.03,15,5.309,4.718,5.746,5.447,6.624,5.845,6.377,7.287,6.03,6.153,5.436,5.729,6.162,5.262,4.257,4.231,5.88,7.126,6.676,7.176,8.054,7.187,6.575
3764.03,15,5.354,4.711,5.763,5.509,6.693,5.84,6.374,7.332,6.117,6.142,5.343,5.69,6.199,5.252,4.323,4.149,5.89,7.126,6.682,7.196,8.037,7.214,6.624
3765.03,15,5.374,4.785,5.695,5.476,6.574,5.822,6.378,7.304,6.09,6.056,5.357,5.757,6.155,5.266,4.283,4.156,5.878,7.128,6.754,7.217,8.119,7.238,6.57
3766.03,15,5.317,4.718,5.723,5.43,6.651,5.816,6.439,7.35,6.008,6.126,5.369,5.76,6.253,5.232,4.245,4.217,6.024,7.15,6.733,7.268,8.027,7.222,6.529
3767.03,15,5.323,4.683,5.767,5.471,6.646,5.817,6.442,7.352,6.158,6.144,5.417,5.708,6.213,5.279,4.318,4.159,5.948,7.181,6.763,7.216,8.033,7.172,6.586
3768.03,15,5.353,4.704,5.756,5.42,6.635,5.797,6.366,7.236,6.056,6.13,5.421,5.773,6.168,5.306,4.344,4.219,5.847,7.147,6.737,7.279,8.091,7.246,6.629
3769.03,15,5.376,4.706,5.699,5.481,6.525,5.79,6.451,7.327,6.15,6.133,5.39,5.68,6.237,5.317,4.34,4.154,5.9,7.071,6.742,7.206,8.075,7.166,6.56
3770.03,15,5.351,4.657,5.741,5.46,6.583,5.839,6.38,7.31,6.118,6.102,5.393,5.771,6.243,5.275,4.312,4.223,5.898,7.111,6.764,7.222,8.043,7.22,6.52
3771.03,15,5.374,4.69,5.758,5.463,6.587,5.844,6.393,7.266,6.133,6.09,5.368,5.76,6.118,5.274,4.316,4.165,5.886,7.161,6.693,7.236,8.088,7.216,6.574
3772.03,15,5.34,4.761,5.768,5.434,6.629,5.839,6.43,7.226,6.09,6.114,5.359,5.796,6.222,5.274,4.282,4.209,5.99,7.13,6.715,7.224,8.164,7.15,6.567
3773.03,15,5.388,4.688,5.67,5.439,6.596,5.821,6.394,7.306,6.09,6.12,5.422,5.741,6.19,5.252,4.275,4.161,5.905,7.143,6.687,7.238,8.038,7.207,6.635
3774.03,15,5.343,4.673,5.687,5.429,6.613,5.81,6.367,7.275,6.076,6.099,5.412,5.726,6.23,5.286,4.279,4.169,5.978,7.133,6.76,7.189,8.07,7.202,6.557
3775.03,15,5.32,4.642,5.738,5.487,6.601,5.838,6.364,7.305,6.129,6.083,5.429,5.707,6.206,5.283,4.301,4.161,5.915,7.127,6.726,7.231,8.02,7.249,6.612
3776.03,15,5.268,4.771,5.7,5.404,6.574,5.896,6.372,7.221,6.147,6.113,5.334,5.713,6.19,5.324,4.325,4.2,5.962,7.147,6.743,7.252,8.076,7.24,6.538
3777.03,15,5.365,4.677,5.735,5.469,6.562,5.849,6.289,7.312,6.087,6.067,5.352,5.786,6.21,5.342,4.308,4.208,5.897,7.189,6.702,7.235,8.027,7.272,6.62
3778.03,15,5.324,4.76,5.631,5.412,6.606,5.862,6.374,7.28,6.141,6.155,5.372,5.741,6.246,5.306,4.253,4.226,5.898,7.164,6.717,7.255,8.092,7.163,6.565
3779.03,15,5.38,4.642,5.619,5.49,6.596,5.817,6.335,7.336,6.073,6.109,5.437,5.804,6.214,5.308,4.251,4.18,5.939,7.118,6.743,7.196,8.122,7.207,6.605
3780.03,15,5.35,4.721,5.694,5.424,6.583,5.814,6.358,7.225,6.124,6.028,5.387,5.671,6.13,5.247,4.254,4.187,5.882,7.019,6.667,7.228,8.055,7.228,6.559
3781.03,15,5.29,4.666,5.692,5.394,6.655,5.841,6.382,7.273,6.067,6.113,5.386,5.804,6.178,5.333,4.288,4.152,5.973,7.164,6.701,7.187,8.038,7.235,6.528
3782.03,15,5.376,4.678,5.693,5.407,6.532,5.897,6.356,7.294,6.168,6.1,5.35,5.741,6.185,5.254,4.284,4.146,5.941,7.096,6.736,7.24,8.046,7.276,6.585
3783.03,15,5.334,4.668,5.688,5.461,6.567,5.847,6.304,7.262,6.116,6.056,5.354,5.757,6.215,5.298,4.303,4.152,5.916,7.141,6.757,7.212,8.055,7.226,6.541
3784.03,15,5.363,4.703,5.688,5.425,6.611,5.854,6.404,7.257,6.082,6.07,5.375,5.7,6.179,5.299,4.261,4.165,5.958,7.109,6.687,7.231,8.06,7.256,6.516
3785.03,15,5.355,4.653,5.615,5.44,6.617,5.815,6.329,7.175,6.112,6.045,5.391,5.763,6.215,5.305,4.401,4.202,5.901,7.114,6.786,7.222,8.034,7.168,6.549
3786.03,15,5.342,4.634,5.684,5.43,6.614,5.854,6.337,7.267,6.027,6.069,5.358,5.664,6.149,5.231,4.242,4.156,5.925,7.131,6.755,7.169,8.065,7.139,6.584
3787.03,15,5.305,4.67,5.632,5.373,6.604,5.841,6.38,7.255,6.071,6.107,5.449,5.759,6.167,5.358,4.256,4.186,5.902,7.102,6.647,7.162,8.077,7.201,6.584
3788.03,15,5.358,4.586,5.575,5.396,6.617,5.815,6.346,7.304,6.164,6.141,5.417,5.76,6.163,5.317,4.345,4.223,5.99,7.14,6.713,7.245,8.116,7.152,6.575
3789.03,15,5.322,4.628,5.598,5.461,6.605,5.812,6.302,7.296,6.072,6.024,5.377,5.739,6.189,5.333,4.258,4.184,5.974,7.128,6.682,7.127,8.032,7.173,6.556
3790.03,15,5.307,4.607,5.667,5.387,6.633,5.864,6.383,7.219,6.114,6.075,5.376,5.737,6.187,5.305,4.27,4.173,5.919,7.109,6.671,7.198,8.06,7.205,6.61
3791.03,15,5.407,4.643,5.672,5.396,6.603,5.83,6.374,7.285,6.091,6.083,5.389,5.685,6.123,5.268,4.26,4.109,5.958,7.084,6.698,7.201,8.115,7.268,6.575
3792.03,15,5.353,4.649,5.622,5.35,6.68,5.865,6.403,7.264,6.101,6.055,5.364,5.811,6.158,5.312,4.277,4.147,5.927,7.109,6.67,7.214,8.057,7.179,6.55
3793.03,15,5.291,4.563,5.676,5.413,6.542,5.818,6.415,7.222,6.166,6.055,5.402,5.741,6.175,5.286,4.287,4.133,5.893,7.135,6.712,7.211,8.077,7.185,6.636
3794.03,15,5.314,4.597,5.582,5.363,6.632,5.909,6.345,7.201,6.087,6.068,5.417,5.789,6.214,5.261,4.268,4.149,6.005,7.147,6.638,7.283,8.095,7.204,6.601
3795.03,15,5.398,4.632,5.665,5.392,6.626,5.802,6.276,7.191,6.073,6.083,5.418,5.789,6.134,5.261,4.279,4.142,5.894,7.169,6.727,7.284,8.096,7.227,6.543
3796.03,15,5.39,4.567,5.617,5.425,6.591,5.881,6.34,7.258,6.095,6.102,5.357,5.741,6.203,5.258,4.295,4.15,5.932,7.089,6.747,7.223,8.112,7.147,6.556
3797.03,15,5.349,4.625,5.625,5.451,6.55,5.822,6.354,7.278,6.077,6.115,5.345,5.764,6.224,5.284,4.28,4.169,5.935,7.123,6.717,7.24,8.015,7.22,6.585
3798.03,15,5.363,4.599,5.681,5.384,6.508,5.867,6.369,7.222,6.111,6.061,5.358,5.771,6.161,5.243,4.252,4.171,5.919,7.074,6.676,7.25,8.065,7.175,6.555
3799.03,15,5.368,4.541,5.653,5.426,6.548,5.848,6.298,7.184,6.106,6.044,5.394,5.782,6.205,5.293,4.311,4.114,5.94,7.159,6.696,7.226,8.043,7.218,6.658
3800.03,15,5.401,4.612,5.579,5.386,6.572,5.819,6.293,7.208,6.045,6.107,5.369,5.724,6.142,5.3,4.19,4.158,5.934,7.09,6.683,7.255,8.088,7.191,6.559
3801.03,15,5.345,4.6,5.625,5.422,6.555,5.879,6.302,7.245,6.088,6.071,5.393,5.711,6.211,5.323,4.219,4.094,5.89,7.099,6.763,7.207,8.058,7.229,6.552
3802.03,15,5.373,4.607,5.592,5.394,6.595,5.827,6.342,7.215,6.166,6.084,5.378,5.748,6.127,5.262,4.207,4.155,5.897,7.129,6.754,7.238,8.106,7.202,6.604
3803.03,15,5.328,4.63,5.57,5.372,6.594,5.848,6.299,7.214,6.135,6.17,5.428,5.74,6.104,5.289,4.208,4.179,5.941,7.125,6.718,7.26,8.062,7.224,6.556
3804.03,15,5.34,4.623,5.59,5.328,6.573,5.795,6.28,7.216,6.089,6.104,5.368,5.735,6.157,5.308,4.24,4.217,5.884,7.114,6.715,7.212,8.057,7.21,6.622
3805.03,15,5.356,4.672,5.534,5.4,6.532,5.891,6.293,7.214,6.114,6.048,5.403,5.761,6.147,5.344,4.204,4.142,5.877,7.06,6.663,7.274,8.101,7.19,6.593
3806.03,15,5.369,4.535,5.648,5.419,6.513,5.823,6.258,7.172,6.076,6.095,5.418,5.751,6.193,5.295,4.215,4.103,5.909,7.089,6.732,7.194,8.042,7.199,6.522
3807.03,15,5.297,4.592,5.635,5.331,6.547,5.804,6.318,7.219,6.101,6.067,5.377,5.781,6.147,5.264,4.238,4.082,5.914,7.089,6.744,7.222,8.116,7.209,6.534
3808.03,15,5.367,4.543,5.674,5.362,6.567,5.784,6.345,7.217,6.06,6.065,5.431,5.778,6.232,5.272,4.266,4.106,5.962,7.099,6.713,7.254,8.097,7.177,6.571
3809.03,15,5.285,4.614,5.615,5.355,6.516,5.837,6.3,7.143,6.211,6.083,5.388,5.768,6.198,5.252,4.281,4.14,5.924,7.1,6.696,7.284,8.07,7.19,6.559
3810.03,15,5.387,4.574,5.566,5.398,6.573,5.835,6.321,7.218,6.077,6.054,5.456,5.739,6.244,5.304,4.172,4.085,5.937,7.14,6.695,7.262,8.032,7.236,6.584
3811.03,15,5.369,4.483,5.611,5.398,6.531,5.897,6.276,7.292,6.138,6.005,5.399,5.762,6.11,5.234,4.261,4.105,5.896,7.19,6.735,7.281,8.089,7.167,6.596
3812.03,15,5.287,4.488,5.583,5.385,6.584,5.869,6.295,7.157,6.071,6.03,5.418,5.757,6.163,5.313,4.273,4.173,5.929,7.121,6.76,7.192,8.072,7.211,6.503
3813.03,15,5.315,4.607,5.61,5.367,6.591,5.825,6.286,7.173,6.107,6.044,5.405,5.776,6.158,5.28,4.288,4.118,5.933,7.14,6.743,7.229,8.058,7.12,6.515
3814.03,15,5.362,4.587,5.597,5.397,6.504,5.8,6.242,7.176,6.075,6.057,5.388,5.809,6.111,5.342,4.195,4.111,5.888,7.099,6.689,7.213,8.042,7.262,6.516
3815.03,15,5.419,4.575,5.519,5.358,6.579,5.803,6.278,7.231,6.086,6.035,5.462,5.744,6.219,5.27,4.254,4.072,5.892,7.058,6.682,7.239,8.095,7.179,6.55
3816.03,15,5.353,4.553,5.519,5.334,6.55,5.816,6.281,7.231,6.106,6.029,5.425,5.833,6.183,5.385,4.237,4.043,5.955,7.034,6.711,7.192,8.068,7.189,6.514
3817.03,15,5.263,4.625,5.611,5.425,6.539,5.826,6.271,7.131,6.131,6.036,5.414,5.795,6.092,5.275,4.225,4.105,5.971,7.125,6.746,7.218,8.111,7.235,6.555
3818.03,15,5.374,4.513,5.594,5.365,6.528,5.773,6.338,7.194,6.175,6.014,5.343,5.812,6.164,5.274,4.212,4.146,5.968,7.021,6.691,7.264,8.176,7.172,6.582
3819.03,15,5.376,4.535,5.624,5.358,6.483,5.819,6.307,7.153,6.069,6.028,5.459,5.684,6.125,5.285,4.217,4.09,5.958,7.052,6.815,7.269,8.03,7.216,6.577
3820.03,15,5.386,4.548,5.566,5.389,6.502,5.825,6.251,7.148,6.087,6.043,5.433,5.762,6.152,5.322,4.253,4.1,5.9,7.142,6.759,7.235,8.095,7.183,6.548
3821.03,15,5.303,4.551,5.533,5.335,6.519,5.841,6.24,7.161,6.118,6.028,5.423,5.721,6.108,5.297,4.266,4.087,5.956,7.117,6.774,7.254,8.097,7.176,6.652
3822.03,15,5.33,4.547,5.485,5.3,6.508,5.788,6.224,7.178,6.129,6.07,5.366,5.772,6.128,5.233,4.258,4.161,5.884,7.089,6.67,7.175,8.056,7.214,6.529
3823.03,15,5.329,4.547,5.567,5.33,6.531,5.835,6.233,7.164,6.114,5.971,5.423,5.785,6.115,5.269,4.3,4.144,5.874,7.063,6.748,7.265,8.02,7.21,6.574
3824.03,15,5.384,4.509,5.556,5.305,6.487,5.785,6.279,7.189,6.179,6.046,5.377,5.757,6.174,5.293,4.278,4.146,5.931,7.08,6.685,7.216,8.084,7.244,6.627
3825.03,15,5.374,4.56,5.551,5.314,6.519,5.854,6.216,7.222,6.104,6.03,5.37,5.743,6.14,5.315,4.198,4.165,5.859,7.086,6.751,7.329,8.075,7.215,6.568
3826.03,15,5.338,4.505,5.485,5.265,6.555,5.77,6.286,7.133,6.061,6.032,5.395,5.696,6.148,5.256,4.228,4.112,5.875,7.077,6.722,7.242,8.067,7.23,6.603
3827.03,15,5.374,4.522,5.547,5.314,6.542,5.857,6.246,7.142,6.072,6.034,5.426,5.814,6.107,5.317,4.203,4.109,5.882,7.081,6.724,7.182,8.071,7.183,6.627
3828.03,15,5.331,4.523,5.544,5.303,6.568,5.866,6.252,7.186,6.1,6.035,5.403,5.746,6.081,5.274,4.211,4.08,5.917,7.071,6.753,7.331,8.086,7.271,6.656
3829.03,15,5.381,4.507,5.52,5.371,6.486,5.838,6.274,7.132,6.088,6.091,5.439,5.718,6.131,5.323,4.291,4.039,5.883,7.097,6.718,7.203,8.078,7.296,6.585
3830.03,15,5.294,4.553,5.501,5.381,6.515,5.865,6.247,7.142,6.119,6.02,5.394,5.781,6.137,5.273,4.227,4.084,5.92,7.067,6.686,7.259,8.043,7.2,6.615
3831.03,15,5.348,4.498,5.541,5.359,6.476,5.889,6.26,7.157,6.093,6.041,5.387,5.792,6.218,5.287,4.179,4.074,5.93,7.16,6.725,7.259,8.075,7.151,6.512
3832.03,15,5.317,4.533,5.556,5.352,6.537,5.836,6.22,7.14,6.163,6.018,5.369,5.837,6.166,5.263,4.248,4.137,5.915,7.113,6.699,7.222,8.05,7.174,6.583
3833.03,15,5.344,4.566,5.529,5.375,6.534,5.822,6.264,7.184,6.114,6.004,5.382,5.872,6.147,5.339,4.175,4.113,5.972,7.038,6.716,7.225,8.011,7.163,6.542
3834.03,15,5.336,4.541,5.56,5.318,6.488,5.824,6.165,7.134,6.124,5.92,5.396,5.823,6.152,5.299,4.152,4.092,5.971,7.073,6.725,7.271,8.048,7.231,6.571
3835.03,15,5.32,4.544,5.502,5.294,6.532,5.793,6.316,7.132,6.108,6.037,5.517,5.798,6.163,5.318,4.168,4.062,5.934,7.098,6.724,7.237,8.094,7.23,6.517
3836.03,15,5.319,4.461,5.541,5.266,6.487,5.824,6.28,7.167,6.183,6.052,5.398,5.759,6.159,5.333,4.226,4.179,5.923,7.144,6.712,7.174,8.045,7.228,6.627
3837.03,15,5.376,4.456,5.523,5.285,6.572,5.806,6.232,7.099,6.082,6.016,5.348,5.769,6.113,5.302,4.23,4.003,5.938,7.077,6.761,7.31,8.122,7.221,6.548
3838.03,15,5.344,4.5,5.567,5.339,6.545,5.918,6.286,7.085,6.107,6.005,5.38,5.847,6.095,5.323,4.211,4.165,5.882,7.104,6.714,7.2,8.06,7.208,6.641
3839.03,15,5.416,4.509,5.489,5.248,6.496,5.844,6.259,7.092,6.162,5.936,5.435,5.778,6.181,5.232,4.226,4.103,5.93,7.051,6.727,7.215,8.079,7.204,6.531
3840.03,15,5.386,4.489,5.473,5.299,6.464,5.872,6.293,7.107,6.165,5.99,5.413,5.778,6.096,5.296,4.204,4.114,5.951,7.039,6.71,7.278,8.069,7.253,6.626
3841.03,15,5.316,4.58,5.586,5.383,6.503,5.817,6.244,7.084,6.095,5.981,5.484,5.801,6.12,5.311,4.165,4.083,5.964,7.103,6.733,7.174,8.108,7.241,6.577
3842.03,15,5.365,4.44,5.436,5.32,6.447,5.802,6.181,7.126,6.149,5.972,5.36,5.812,6.16,5.351,4.176,4.116,5.839,7.089,6.74,7.204,7.992,7.2,6.561
3843.03,15,5.334,4.502,5.526,5.338,6.515,5.796,6.252,7.128,6.107,6.018,5.357,5.828,6.057,5.25,4.197,4.075,5.914,7.044,6.692,7.203,8.056,7.201,6.539
3844.03,15,5.363,4.481,5.44,5.299,6.528,5.899,6.233,7.136,6.12,6.012,5.448,5.73,6.134,5.275,4.21,4.051,5.9,7.016,6.758,7.251,8.101,7.242,6.531
3845.03,15,5.356,4.478,5.489,5.328,6.463,5.837,6.164,7.151,6.143,5.987,5.357,5.75,6.097,5.287,4.189,4.102,5.886,7.127,6.733,7.314,8.075,7.191,6.572
3846.03,15,5.339,4.47,5.471,5.291,6.482,5.9,6.178,7.106,6.106,5.965,5.394,5.802,6.13,5.338,4.194,4.091,5.921,7.077,6.694,7.266,8.033,7.171,6.562
3847.03,15,5.32,4.427,5.507,5.291,6.472,5.815,6.229,7.145,6.097,5.953,5.379,5.83,6.176,5.292,4.212,4.14,5.97,7.063,6.729,7.251,8.101,7.236,6.559
3848.03,15,5.336,4.525,5.435,5.278,6.475,5.867,6.253,7.044,6.131,6.025,5.402,5.757,6.109,5.264,4.194,4.057,5.961,7.045,6.739,7.201,8.099,7.225,6.577
3849.03,15,5.384,4.489,5.444,5.348,6.52,5.826,6.245,7.121,6.114,5.949,5.426,5.69,6.129,5.236,4.14,4.035,5.939,7.094,6.737,7.283,8.079,7.185,6.54
3850.03,15,5.323,4.455,5.423,5.264,6.485,5.785,6.174,7.168,6.117,5.964,5.348,5.87,6.069,5.24,4.208,4.141,5.889,7.071,6.721,7.295,8.108,7.218,6.57
3851.03,15,5.335,4.454,5.468,5.279,6.458,5.813,6.223,7.151,6.116,5.961,5.422,5.766,6.102,5.324,4.154,4.078,5.919,7.108,6.763,7.24,8.079,7.208,6.507
3852.03,15,5.308,4.388,5.454,5.288,6.43,5.841,6.197,7.134,6.071,5.944,5.409,5.843,6.206,5.256,4.202,4.055,5.9,7.052,6.765,7.221,8.052,7.214,6.636
3853.03,15,5.312,4.47,5.428,5.29,6.492,5.853,6.173,7.165,6.117,6.034,5.328,5.788,6.17,5.29,4.172,4.096,5.963,7.124,6.77,7.342,8.117,7.218,6.611
3854.03,15,5.355,4.498,5.48,5.276,6.521,5.846,6.285,7.105,6.14,5.931,5.367,5.752,6.149,5.332,4.233,4.132,5.913,7.07,6.707,7.199,8.048,7.237,6.601
3855.03,15,5.381,4.471,5.458,5.213,6.406,5.83,6.25,7.114,6.135,5.951,5.378,5.74,6.16,5.273,4.104,4.058,5.957,7.057,6.794,7.305,8.095,7.172,6.544
3856.03,15,5.329,4.425,5.399,5.301,6.429,5.798,6.145,7.123,6.162,5.986,5.366,5.822,6.149,5.303,4.148,4.051,5.889,7.059,6.708,7.222,8.104,7.242,6.582
3857.03,15,5.39,4.44,5.459,5.221,6.483,5.78,6.242,7.123,6.14,5.99,5.394,5.838,6.142,5.331,4.162,4.064,5.894,7.058,6.746,7.243,8.079,7.205,6.577
3858.03,15,5.416,4.512,5.453,5.318,6.503,5.869,6.2,7.129,6.136,5.926,5.37,5.794,6.08,5.344,4.18,4.093,5.978,7.139,6.738,7.281,8.062,7.222,6.605
3859.03,15,5.365,4.425,5.457,5.274,6.487,5.806,6.202,7.064,6.13,6.024,5.347,5.766,6.172,5.27,4.163,4.084,5.932,7.168,6.751,7.213,8.102,7.215,6.549
3860.03,15,5.31,4.399,5.441,5.244,6.528,5.807,6.188,7.088,6.11,5.942,5.435,5.7,6.162,5.301,4.087,4.057,5.993,7.067,6.691,7.202,8.071,7.195,6.585
3861.03,15,5.368,4.412,5.388,5.26,6.436,5.826,6.217,7.108,6.123,5.985,5.425,5.801,6.206,5.332,4.18,4.08,5.948,7.11,6.721,7.224,8.094,7.238,6.576
3862.03,15,5.427,4.405,5.319,5.291,6.472,5.862,6.223,7.145,6.131,5.924,5.471,5.783,6.179,5.297,4.126,4.024,5.902,7.119,6.742,7.232,8.078,7.247,6.586
3863.03,15,5.398,4.442,5.423,5.271,6.564,5.832,6.146,7.167,6.127,5.999,5.369,5.752,6.123,5.366,4.145,4.036,5.893,7.12,6.764,7.273,8.107,7.172,6.533
3864.03,15,5.372,4.444,5.395,5.268,6.471,5.81,6.123,7.145,6.15,6.018,5.394,5.776,6.137,5.344,4.168,4.005,5.924,7.104,6.736,7.27,8.119,7.176,6.55
3865.03,15,5.334,4.433,5.402,5.223,6.499,5.81,6.183,7.119,6.151,5.973,5.344,5.755,6.181,5.283,4.191,4.074,5.955,7.096,6.778,7.283,8.104,7.266,6.55
3866.03,15,5.339,4.442,5.416,5.304,6.406,5.83,6.179,7.122,6.165,6.024,5.32,5.758,6.104,5.281,4.185,4.052,5.923,7.115,6.74,7.292,8.084,7.214,6.643
3867.03,15,5.365,4.431,5.391,5.284,6.393,5.854,6.15,7.155,6.045,6.011,5.36,5.75,6.148,5.346,4.176,4.047,6.005,7.121,6.702,7.295,8.08,7.247,6.569
3868.03,15,5.379,4.452,5.395,5.218,6.423,5.817,6.109,7.084,6.112,5.991,5.312,5.815,6.16,5.289,4.134,4.126,5.862,7.07,6.694,7.205,8.01,7.255,6.596
3869.03,15,5.357,4.423,5.405,5.248,6.464,5.84,6.139,7.104,6.066,5.997,5.406,5.783,6.145,5.235,4.143,3.976,5.998,7.116,6.776,7.259,8.051,7.208,6.605
3870.03,15,5.342,4.375,5.426,5.264,6.432,5.846,6.204,7.106,6.139,5.965,5.379,5.764,6.11,5.276,4.115,4.089,6.001,7.076,6.677,7.272,8.087,7.209,6.64
3871.03,15,5.354,4.411,5.455,5.272,6.44,5.797,6.136,7.09,6.176,5.903,5.408,5.805,6.219,5.355,4.159,4.052,5.862,7.088,6.743,7.327,8.075,7.18,6.529
3872.03,15,5.428,4.353,5.414,5.199,6.461,5.835,6.113,7.179,6.158,5.989,5.413,5.759,6.139,5.268,4.128,4.062,5.955,7.054,6.748,7.256,8.09,7.21,6.623
3873.03,15,5.375,4.46,5.408,5.255,6.438,5.813,6.152,7.059,6.031,5.932,5.366,5.75,6.169,5.246,4.058,4.075,5.911,7.113,6.753,7.259,8.07,7.172,6.606
3874.03,15,5.364,4.398,5.384,5.229,6.355,5.793,6.088,7.091,6.138,5.914,5.417,5.713,6.132,5.255,4.203,4.023,5.922,7.122,6.749,7.291,8.08,7.18,6.52
3875.03,15,5.295,4.39,5.323,5.23,6.437,5.828,6.153,7.123,6.109,5.95,5.411,5.724,6.142,5.372,4.147,4.036,5.921,7.125,6.72,7.253,8.114,7.171,6.544
3876.03,15,5.365,4.416,5.445,5.235,6.462,5.842,6.1,7.074,6.122,5.929,5.368,5.756,6.187,5.29,4.141,4.078,5.871,7.103,6.711,7.195,8.112,7.216,6.569
3877.03,15,5.351,4.383,5.381,5.229,6.46,5.761,6.132,7.148,6.128,5.908,5.438,5.764,6.15,5.277,4.15,4.033,5.959,7.086,6.704,7.246,8.032,7.228,6.609
3878.03,15,5.364,4.399,5.334,5.224,6.441,5.851,6.192,7.064,6.111,5.965,5.417,5.805,6.155,5.324,4.139,4.12,5.958,7.118,6.694,7.235,8.091,7.265,6.575
3879.03,15,5.377,4.436,5.363,5.274,6.45,5.845,6.113,7.09,6.144,5.922,5.432,5.805,6.114,5.353,4.155,4.011,5.885,7.11,6.723,7.245,8.105,7.262,6.519
3880.03,15,5.383,4.4,5.342,5.17,6.446,5.824,6.112,7.119,6.139,5.978,5.405,5.8,6.167,5.307,4.074,4.013,5.958,7.111,6.716,7.267,8.09,7.226,6.63
3881.03,15,5.366,4.382,5.356,5.26,6.432,5.86,6.192,7.175,6.145,5.991,5.397,5.773,6.15,5.373,4.092,4.039,5.928,7.123,6.794,7.261,8.076,7.208,6.606
3882.03,15,5.32,4.404,5.397,5.204,6.385,5.843,6.167,7.108,6.133,5.987,5.394,5.778,6.141,5.319,4.113,4.061,5.928,7.131,6.711,7.25,8.09,7.198,6.551
3883.03,15,5.36,4.353,5.387,5.212,6.461,5.861,6.157,7.057,6.164,5.945,5.417,5.744,6.182,5.301,4.165,4.039,5.936,7.057,6.776,7.187,8.079,7.199,6.564
3884.03,15,5.333,4.298,5.34,5.175,6.384,5.876,6.134,7.23,6.098,5.966,5.377,5.754,6.152,5.232,4.169,3.991,5.897,7.067,6.721,7.23,8.071,7.197,6.552
3885.03,15,5.351,4.357,5.372,5.216,6.418,5.866,6.125,7.071,6.113,5.922,5.39,5.813,6.123,5.285,4.062,4.083,5.916,7.114,6.742,7.215,8.105,7.199,6.552
3886.03,15,5.434,4.426,5.394,5.223,6.393,5.795,6.131,7.146,6.09,5.963,5.398,5.757,6.18,5.29,4.142,4.037,5.928,7.101,6.732,7.177,8.07,7.197,6.564
3887.03,15,5.35,4.385,5.453,5.193,6.379,5.826,6.116,7.081,6.177,5.964,5.354,5.852,6.154,5.309,4.108,4.048,5.898,7.082,6.702,7.3,8.065,7.145,6.545
3888.03,15,5.407,4.35,5.323,5.174,6.399,5.873,6.128,7.131,6.092,5.956,5.387,5.814,6.11,5.271,4.132,4.096,5.925,7.14,6.693,7.28,8.123,7.165,6.606
3889.03,15,5.291,4.395,5.384,5.302,6.391,5.845,6.107,7.142,6.142,5.965,5.416,5.741,6.187,5.302,4.112,3.972,5.905,7.063,6.739,7.352,8.077,7.192,6.561
3890.03,15,5.326,4.385,5.301,5.245,6.431,5.805,6.146,7.194,6.122,5.985,5.418,5.803,6.174,5.296,4.107,4.014,5.924,7.01,6.749,7.309,8.041,7.208,6.574
3891.03,15,5.351,4.313,5.333,5.224,6.392,5.796,6.145,7.179,6.136,5.912,5.494,5.774,6.11,5.25,4.106,4.084,5.961,7.071,6.728,7.27,8.09,7.14,6.571
3892.03,15,5.303,4.428,5.335,5.24,6.401,5.813,6.204,7.064,6.108,5.952,5.454,5.752,6.185,5.32,4.092,4.02,5.965,7.114,6.708,7.193,8.061,7.194,6.603
3893.03,15,5.309,4.309,5.28,5.178,6.355,5.796,6.12,7.184,6.087,5.957,5.344,5.774,6.123,5.301,4.047,4.01,5.898,7.039,6.79,7.252,8.151,7.149,6.603
3894.03,15,5.377,4.32,5.358,5.185,6.456,5.772,6.13,7.06,6.153,5.895,5.355,5.751,6.15,5.327,4.071,4.026,5.939,7.078,6.777,7.255,8.032,7.232,6.591
3895.03,15,5.34,4.324,5.388,5.156,6.436,5.824,6.072,7.162,6.142,5.929,5.41,5.798,6.138,5.278,4.172,4.062,5.922,7.055,6.731,7.258,8.08,7.239,6.462
3896.03,15,5.333,4.298,5.366,5.156,6.45,5.821,6.097,7.123,6.174,5.913,5.437,5.799,6.159,5.256,4.114,4.04,5.944,7.061,6.776,7.244,8.103,7.325,6.611
3897.03,15,5.319,4.359,5.321,5.276,6.443,5.875,6.091,7.126,6.065,6.007,5.46,5.799,6.099,5.308,4.087,4.025,5.984,7.107,6.71,7.282,8.095,7.202,6.547
3898.03,15,5.332,4.238,5.286,5.23,6.402,5.819,6.167,7.119,6.066,5.941,5.402,5.807,6.178,5.286,4.081,3.977,5.911,7.183,6.707,7.229,8.096,7.209,6.568
3899.03,15,5.422,4.307,5.322,5.136,6.411,5.842,6.145,7.152,6.097,5.963,5.371,5.847,6.117,5.29,4.125,4.053,5.919,7.118,6.785,7.288,8.031,7.265,6.521
3900.03,15,5.34,4.27,5.298,5.202,6.364,5.83,6.131,7.166,6.186,6.009,5.369,5.788,6.158,5.336,4.113,4.03,5.857,7.052,6.701,7.243,8.102,7.191,6.662
3901.03,15,5.363,4.312,5.283,5.14,6.384,5.855,6.138,7.12,6.122,5.964,5.429,5.842,6.101,5.302,4.058,3.983,5.93,7.031,6.706,7.266,8.08,7.189,6.545
3902.03,15,5.323,4.315,5.245,5.13,6.355,5.835,6.093,7.113,6.143,5.995,5.479,5.78,6.127,5.273,4.095,4.037,5.908,7.148,6.689,7.271,8.021,7.219,6.54
3903.03,15,5.341,4.354,5.296,5.177,6.432,5.788,6.174,7.114,6.161,5.926,5.363,5.772,6.179,5.338,4.082,3.969,5.952,7.088,6.759,7.223,8.068,7.286,6.609
3904.03,15,5.341,4.28,5.311,5.158,6.401,5.805,6.096,7.095,6.139,5.948,5.377,5.784,6.143,5.287,4.11,4.022,5.977,7.112,6.764,7.212,8.125,7.262,6.573
3905.03,15,5.403,4.315,5.259,5.182,6.448,5.909,6.106,7.067,6.168,6.018,5.377,5.793,6.104,5.253,4.064,4.036,5.945,7.119,6.703,7.264,8.071,7.216,6.588
3906.03,15,5.459,4.294,5.291,5.153,6.38,5.878,6.148,7.089,6.164,5.982,5.425,5.799,6.138,5.253,4.016,4.008,5.918,7.116,6.727,7.289,8.124,7.233,6.593
3907.03,15,5.368,4.276,5.3,5.171,6.381,5.855,6.158,7.159,6.11,6.011,5.375,5.824,6.149,5.199,4.072,4.047,5.916,7.05,6.701,7.29,8.115,7.233,6.611
3908.03,15,5.36,4.393,5.284,5.161,6.389,5.835,6.125,7.172,6.147,5.962,5.421,5.786,6.117,5.288,4.088,4,5.81,7.154,6.736,7.229,8.121,7.198,6.598
3909.03,15,5.339,4.339,5.318,5.153,6.324,5.816,6.129,7.036,6.14,5.898,5.449,5.761,6.155,5.271,4.019,3.988,5.893,7.146,6.758,7.325,8.067,7.197,6.556
3910.03,15,5.392,4.375,5.285,5.147,6.355,5.752,6.127,7.059,6.143,5.952,5.402,5.818,6.202,5.295,4.114,3.983,5.872,7.089,6.705,7.315,8.075,7.285,6.635
3911.03,15,5.347,4.256,5.272,5.115,6.343,5.862,6.113,7.147,6.073,5.995,5.45,5.803,6.199,5.261,4.103,3.999,5.94,7.062,6.725,7.238,8.001,7.154,6.547
3912.03,15,5.352,4.282,5.235,5.157,6.287,5.807,6.165,7.15,6.202,5.96,5.363,5.816,6.172,5.321,4.104,4.047,5.887,7.062,6.751,7.262,8.099,7.19,6.621
3913.03,15,5.346,4.277,5.306,5.184,6.363,5.819,6.191,7.115,6.177,5.984,5.372,5.789,6.137,5.325,4.029,4.022,5.921,7.132,6.793,7.302,8.113,7.199,6.59
3914.03,15,5.395,4.305,5.221,5.118,6.393,5.758,6.171,7.149,6.135,6.015,5.43,5.824,6.182,5.323,4.079,3.963,5.943,7.046,6.779,7.258,8.09,7.224,6.569
3915.03,15,5.354,4.26,5.257,5.197,6.401,5.804,6.181,7.181,6.171,5.97,5.448,5.807,6.106,5.332,4.088,3.976,5.924,7.097,6.766,7.22,8.062,7.198,6.572
3916.03,15,5.346,4.24,5.287,5.113,6.37,5.745,6.165,7.062,6.129,5.947,5.365,5.77,6.13,5.231,4.021,3.96,5.998,7.073,6.737,7.201,8.086,7.238,6.59
3917.03,15,5.413,4.271,5.243,5.106,6.339,5.88,6.095,7.122,6.086,5.953,5.398,5.795,6.167,5.247,4.06,4.007,5.906,7.129,6.754,7.273,8.053,7.179,6.56
3918.03,15,5.312,4.293,5.266,5.05,6.391,5.857,6.109,7.177,6.067,5.947,5.325,5.724,6.101,5.258,4.072,3.97,5.913,7.064,6.727,7.232,8.127,7.264,6.614
3919.03,15,5.361,4.273,5.215,5.113,6.404,5.82,6.155,7.148,6.098,5.961,5.416,5.82,6.176,5.333,4.065,4.013,5.968,7.088,6.697,7.292,8.159,7.171,6.669
3920.03,15,5.406,4.302,5.272,5.148,6.331,5.883,6.178,7.195,6.151,6.048,5.404,5.788,6.146,5.351,4.043,3.966,5.896,7.076,6.791,7.318,8.048,7.179,6.506
3921.03,15,5.39,4.216,5.303,5.155,6.457,5.869,6.112,7.145,6.224,5.965,5.451,5.807,6.178,5.32,4.058,3.95,6.019,7.168,6.75,7.276,8.078,7.22,6.584
3922.03,15,5.335,4.264,5.198,5.095,6.411,5.83,6.137,7.142,6.139,5.976,5.431,5.833,6.203,5.32,4.079,3.993,5.888,7.131,6.712,7.293,8.085,7.216,6.631
3923.03,15,5.405,4.271,5.211,5.102,6.343,5.782,6.15,7.087,6.089,5.95,5.353,5.759,6.183,5.295,4.041,3.957,5.918,7.097,6.729,7.348,8.1,7.193,6.564
3924.03,15,5.321,4.245,5.23,5.135,6.339,5.849,6.218,7.081,6.103,6.019,5.383,5.84,6.168,5.286,4.073,3.954,5.887,7.123,6.78,7.267,8.056,7.182,6.551
3925.03,15,5.373,4.265,5.185,5.067,6.388,5.831,6.182,7.19,6.145,6.009,5.479,5.841,6.161,5.304,3.984,3.995,5.921,7.105,6.735,7.283,8.125,7.245,6.508
3926.03,15,5.354,4.215,5.258,5.176,6.345,5.859,6.226,7.147,6.166,6.054,5.41,5.787,6.181,5.316,4.069,3.96,5.976,7.095,6.716,7.224,8.076,7.21,6.592
3927.03,15,5.463,4.306,5.216,5.094,6.38,5.845,6.186,7.122,6.185,5.934,5.413,5.804,6.145,5.264,4.073,4.014,5.943,7.113,6.681,7.311,8.123,7.186,6.59
3928.03,15,5.361,4.217,5.176,5.187,6.352,5.83,6.154,7.119,6.119,5.997,5.388,5.733,6.136,5.363,4.051,4.001,5.903,7.172,6.683,7.331,8.091,7.246,6.552
3929.03,15,5.341,4.185,5.226,5.136,6.325,5.818,6.152,7.133,6.108,5.968,5.373,5.759,6.113,5.288,4.016,3.946,5.914,7.102,6.744,7.198,8.073,7.139,6.566
3930.03,15,5.37,4.251,5.217,5.073,6.293,5.829,6.2,7.153,6.097,5.989,5.447,5.79,6.113,5.329,4.037,3.994,5.85,7.142,6.704,7.211,8.124,7.158,6.591
3931.03,15,5.375,4.237,5.198,5.103,6.356,5.771,6.093,7.095,6.14,5.974,5.355,5.769,6.168,5.299,4.011,3.932,5.897,7.144,6.784,7.25,8.041,7.209,6.588
3932.03,15,5.36,4.15,5.192,5.09,6.346,5.835,6.164,7.127,6.068,6.007,5.395,5.784,6.144,5.303,3.999,3.934,5.958,7.138,6.729,7.241,8.092,7.279,6.572
3933.03,15,5.397,4.275,5.185,5.065,6.351,5.846,6.181,7.116,6.123,5.972,5.339,5.767,6.163,5.27,4.052,3.944,5.961,7.165,6.735,7.289,8.036,7.237,6.6
3934.03,15,5.397,4.217,5.156,5.064,6.38,5.82,6.163,7.145,6.121,5.998,5.419,5.838,6.096,5.332,4.062,3.913,6.011,7.117,6.731,7.266,8.06,7.177,6.572
3935.03,15,5.443,4.235,5.212,5.14,6.281,5.938,6.218,7.166,6.157,5.987,5.406,5.76,6.247,5.288,4.064,4.012,5.921,7.133,6.777,7.287,8.053,7.196,6.564
3936.03,15,5.416,4.211,5.143,5.121,6.349,5.788,6.164,7.156,6.091,5.982,5.44,5.825,6.243,5.318,3.981,3.938,5.957,7.128,6.725,7.251,8.102,7.206,6.542
3937.03,15,5.357,4.251,5.227,5.165,6.326,5.839,6.161,7.114,6.091,5.946,5.39,5.8,6.132,5.305,4.027,3.926,5.934,7.153,6.783,7.242,8.149,7.224,6.615
3938.03,15,5.343,4.135,5.175,5.114,6.341,5.829,6.168,7.105,6.147,5.996,5.422,5.83,6.171,5.328,4.021,4.01,5.925,7.173,6.763,7.232,8.067,7.256,6.64
3939.03,15,5.413,4.183,5.229,5.058,6.408,5.824,6.201,7.139,6.097,5.976,5.357,5.815,6.176,5.267,4.029,3.946,5.903,7.128,6.799,7.351,8.05,7.191,6.598
3940.03,15,5.376,4.2,5.173,5.069,6.317,5.784,6.177,7.242,6.113,6,5.403,5.788,6.182,5.289,4.03,3.978,5.863,7.175,6.736,7.332,8.058,7.259,6.58
3941.03,15,5.355,4.138,5.189,5.067,6.277,5.875,6.144,7.149,6.111,6.015,5.424,5.772,6.171,5.341,3.984,3.978,5.94,7.128,6.728,7.302,8.071,7.233,6.551
3942.03,15,5.366,4.23,5.171,5.128,6.309,5.882,6.172,7.184,6.133,5.957,5.448,5.801,6.099,5.239,4.015,3.895,5.976,7.081,6.746,7.256,8.096,7.195,6.615
3943.03,15,5.356,4.174,5.122,5.048,6.347,5.832,6.164,7.182,6.144,6.048,5.428,5.78,6.109,5.324,4.03,4.005,5.902,7.129,6.667,7.26,8.058,7.196,6.564
3944.03,15,5.34,4.152,5.192,5.036,6.285,5.9,6.225,7.187,6.159,6.027,5.431,5.819,6.157,5.348,4.055,3.97,5.866,7.121,6.743,7.313,8.093,7.203,6.558
3945.03,15,5.308,4.196,5.108,5.039,6.297,5.836,6.189,7.144,6.196,5.973,5.386,5.786,6.124,5.343,4.022,3.912,5.924,7.108,6.736,7.28,8.11,7.178,6.56
3946.03,15,5.368,4.162,5.19,5.112,6.305,5.831,6.193,7.117,6.124,5.986,5.417,5.801,6.146,5.306,3.996,3.976,5.911,7.111,6.766,7.308,8.036,7.194,6.566
3947.03,15,5.438,4.167,5.2,5.093,6.304,5.857,6.214,7.127,6.091,6,5.425,5.739,6.147,5.298,4.04,3.975,5.85,7.097,6.74,7.182,8.095,7.212,6.584
3948.03,15,5.318,4.173,5.144,5.08,6.329,5.819,6.17,7.183,6.111,5.978,5.421,5.788,6.212,5.29,4.016,3.99,5.925,7.176,6.824,7.232,8.077,7.228,6.56
3949.03,15,5.386,4.183,5.158,5.062,6.339,5.841,6.118,7.152,6.078,5.986,5.441,5.802,6.168,5.35,4.016,4.028,5.904,7.095,6.74,7.269,8.182,7.205,6.566
3950.03,15,5.38,4.156,5.154,5.105,6.295,5.887,6.192,7.114,6.14,5.979,5.371,5.803,6.165,5.301,3.977,3.942,5.929,7.116,6.763,7.246,8.065,7.204,6.651
3951.03,15,5.384,4.149,5.112,5.083,6.293,5.83,6.179,7.126,6.087,5.979,5.38,5.832,6.222,5.383,3.959,3.958,5.944,7.167,6.751,7.357,8.063,7.259,6.56
3952.03,15,5.398,4.127,5.135,5.025,6.274,5.863,6.142,7.129,6.165,6.012,5.394,5.803,6.163,5.302,4.074,3.923,5.94,7.143,6.708,7.229,8.137,7.197,6.516
3953.03,15,5.397,4.042,5.2,5.073,6.311,5.823,6.142,7.22,6.171,6.039,5.406,5.79,6.2,5.257,3.986,3.886,5.874,7.038,6.76,7.247,8.142,7.212,6.504
3954.03,15,5.326,4.16,5.167,5.051,6.313,5.872,6.216,7.084,6.187,5.948,5.471,5.781,6.137,5.304,3.998,3.995,5.901,7.105,6.763,7.257,8.059,7.168,6.562
3955.03,15,5.364,4.114,5.103,5.084,6.277,5.834,6.179,7.184,6.141,5.962,5.349,5.813,6.157,5.348,4.057,3.909,5.888,7.101,6.746,7.287,8.02,7.23,6.55
3956.03,15,5.346,4.105,5.16,5.072,6.342,5.806,6.131,7.096,6.075,5.951,5.463,5.757,6.194,5.281,3.981,3.898,5.93,7.104,6.72,7.28,8.12,7.231,6.588
3957.03,15,5.359,4.113,5.069,5.093,6.319,5.794,6.137,7.173,6.158,6.053,5.385,5.814,6.199,5.31,4.017,3.999,5.935,7.138,6.734,7.22,8.045,7.241,6.624
3958.03,15,5.418,4.168,5.111,5.07,6.287,5.768,6.187,7.197,6.124,6.037,5.413,5.808,6.126,5.297,4.03,3.968,5.98,7.147,6.765,7.275,8.064,7.201,6.572
3959.03,15,5.415,4.094,5.087,5.005,6.313,5.831,6.14,7.152,6.117,5.997,5.422,5.791,6.142,5.326,3.995,3.994,5.892,7.165,6.658,7.294,8.113,7.18,6.587
3960.03,15,5.425,4.164,5.135,5.068,6.335,5.797,6.211,7.101,6.12,6.024,5.42,5.871,6.16,5.292,3.972,3.953,5.95,7.187,6.765,7.243,8.063,7.19,6.558
3961.03,15,5.348,4.088,5.059,5.071,6.295,5.837,6.188,7.095,6.138,5.999,5.446,5.82,6.14,5.324,3.961,3.93,5.932,7.123,6.755,7.288,8.118,7.198,6.607
3962.03,15,5.358,4.142,5.086,5.011,6.314,5.858,6.189,7.127,6.148,6.007,5.414,5.743,6.159,5.303,3.966,3.879,5.885,7.084,6.733,7.326,8.11,7.257,6.617
3963.03,15,5.36,4.096,5.049,5.023,6.293,5.851,6.154,7.196,6.121,5.967,5.371,5.799,6.208,5.277,3.92,3.889,5.897,7.186,6.702,7.241,8.06,7.229,6.6
3964.03,15,5.346,4.054,5.097,5.061,6.317,5.847,6.159,7.15,6.123,6.046,5.394,5.804,6.178,5.312,4.003,3.916,5.895,7.136,6.712,7.321,8.1,7.278,6.594
3965.03,15,5.436,4.129,5.051,5.041,6.254,5.84,6.218,7.145,6.115,5.964,5.334,5.792,6.212,5.265,3.917,3.916,5.896,7.194,6.719,7.27,8.061,7.179,6.568
3966.03,15,5.327,4.182,5.076,5.037,6.268,5.806,6.234,7.148,6.145,5.94,5.403,5.828,6.174,5.33,4.006,3.991,5.904,7.141,6.741,7.308,8.109,7.233,6.558
3967.03,15,5.378,4.112,5.106,4.971,6.29,5.876,6.187,7.13,6.073,6.032,5.442,5.824,6.128,5.312,4.024,3.89,5.985,7.124,6.735,7.321,8.103,7.203,6.646
3968.03,15,5.385,4.072,5.075,5.097,6.293,5.807,6.133,7.137,6.132,6.022,5.398,5.791,6.15,5.338,4.035,3.875,5.904,7.165,6.756,7.276,8.041,7.221,6.592
3969.03,15,5.369,4.135,5.116,4.971,6.3,5.875,6.215,7.207,6.118,5.99,5.363,5.822,6.187,5.289,3.985,3.87,5.956,7.178,6.807,7.268,8.066,7.211,6.58
3970.03,15,5.391,4.055,5.034,4.997,6.266,5.856,6.152,7.161,6.165,5.946,5.383,5.736,6.172,5.306,4.039,3.925,5.995,7.117,6.772,7.24,8.085,7.157,6.635
3971.03,15,5.379,4.113,5.102,5.069,6.312,5.805,6.137,7.157,6.153,6.013,5.43,5.777,6.148,5.299,4.003,3.913,5.977,7.148,6.786,7.264,8.088,7.224,6.603
3972.03,15,5.403,4.071,5.072,4.98,6.289,5.832,6.171,7.194,6.12,6.011,5.434,5.757,6.135,5.285,3.932,3.962,5.856,7.071,6.756,7.286,8.088,7.198,6.596
3973.03,15,5.43,4.112,5.034,5,6.308,5.864,6.204,7.194,6.167,5.961,5.429,5.796,6.173,5.33,4.016,3.877,5.875,7.156,6.691,7.307,8.059,7.211,6.55
3974.03,15,5.387,4.125,5.067,5.035,6.211,5.874,6.257,7.139,6.199,5.987,5.402,5.842,6.139,5.246,4.003,3.869,5.991,7.168,6.717,7.24,8.064,7.232,6.654
3975.03,15,5.388,4.049,5.079,4.932,6.237,5.796,6.215,7.161,6.144,6.081,5.386,5.752,6.212,5.296,3.978,3.852,5.933,7.13,6.694,7.266,8.056,7.217,6.591
3976.03,15,5.354,4.054,5.081,4.984,6.294,5.764,6.194,7.11,6.23,6.02,5.38,5.826,6.241,5.306,3.981,3.903,5.893,7.151,6.767,7.278,8.081,7.179,6.622
3977.03,15,5.427,4.124,5.029,5.01,6.26,5.863,6.187,7.155,6.115,5.997,5.363,5.781,6.132,5.312,4.009,3.829,5.907,7.165,6.78,7.263,8.036,7.235,6.581
3978.03,15,5.394,4.105,5.073,5.065,6.216,5.827,6.177,7.186,6.078,6.035,5.436,5.767,6.14,5.27,4.028,3.897,5.885,7.125,6.795,7.278,8.086,7.185,6.588
3979.03,15,5.333,4.099,5.048,4.881,6.273,5.826,6.161,7.183,6.15,5.983,5.399,5.816,6.175,5.34,3.962,3.947,5.866,7.151,6.757,7.264,8.112,7.194,6.608
3980.03,15,5.398,4.029,5.026,5.04,6.265,5.84,6.235,7.202,6.074,5.956,5.428,5.784,6.13,5.326,3.982,3.905,5.942,7.06,6.747,7.31,8.065,7.19,6.543
3981.03,15,5.351,4.058,5.118,4.997,6.272,5.846,6.229,7.195,6.117,6.03,5.441,5.851,6.122,5.3,3.995,3.886,5.969,7.123,6.785,7.238,8.092,7.235,6.627
3982.03,15,5.356,4.021,5.014,5.068,6.217,5.851,6.169,7.168,6.185,6.031,5.418,5.802,6.18,5.319,3.984,3.838,5.898,7.131,6.804,7.274,8.186,7.189,6.598
3983.03,15,5.444,4.119,4.972,4.971,6.301,5.768,6.203,7.131,6.195,5.939,5.39,5.889,6.141,5.351,4.016,3.903,5.919,7.146,6.714,7.283,8.069,7.275,6.612
3984.03,15,5.351,3.994,5.038,4.995,6.287,5.812,6.153,7.17,6.176,5.982,5.396,5.766,6.118,5.282,4.04,3.904,5.914,7.091,6.768,7.304,8.091,7.24,6.582
3985.03,15,5.381,4.089,4.96,5.009,6.252,5.815,6.187,7.152,6.128,6.064,5.397,5.787,6.11,5.262,4.038,3.854,5.915,7.215,6.682,7.245,8.087,7.203,6.574
3986.03,15,5.359,4.018,4.984,5.027,6.227,5.755,6.208,7.133,6.128,6.006,5.334,5.813,6.174,5.261,4.036,3.869,5.968,7.119,6.699,7.309,8.097,7.21,6.594
3987.03,15,5.397,4.036,5.047,4.957,6.242,5.854,6.166,7.145,6.106,5.983,5.408,5.862,6.149,5.261,4.032,3.925,5.947,7.143,6.799,7.257,8.102,7.17,6.567
3988.03,15,5.38,4.06,5.046,5.03,6.283,5.857,6.152,7.183,6.101,6.022,5.344,5.811,6.212,5.36,3.975,3.888,5.92,7.175,6.723,7.283,8.103,7.25,6.523
3989.03,15,5.391,4.078,4.971,4.988,6.231,5.875,6.213,7.185,6.195,6.002,5.437,5.804,6.121,5.303,4.002,3.912,5.929,7.168,6.711,7.324,8.003,7.165,6.555
3990.03,15,5.387,4.081,5.062,4.939,6.268,5.851,6.262,7.204,6.13,6.01,5.446,5.815,6.178,5.296,4.077,3.893,5.913,7.115,6.781,7.248,8.09,7.235,6.645
3991.03,15,5.391,4.057,5.011,4.948,6.233,5.826,6.231,7.129,6.081,5.982,5.393,5.765,6.189,5.311,3.985,3.856,5.937,7.084,6.69,7.274,8.099,7.192,6.521
3992.03,15,5.385,4.008,5.027,5.005,6.244,5.817,6.212,7.131,6.112,6.012,5.431,5.784,6.229,5.311,4.011,3.87,5.876,7.097,6.718,7.256,8.055,7.209,6.545
3993.03,15,5.363,4.072,4.984,4.922,6.243,5.807,6.15,7.19,6.147,6.06,5.411,5.784,6.196,5.314,4.066,3.847,5.925,7.183,6.731,7.278,8.101,7.246,6.597
3994.03,15,5.359,3.984,4.996,4.981,6.21,5.83,6.225,7.183,6.134,6.006,5.409,5.773,6.189,5.351,4.029,3.969,5.946,7.17,6.8,7.253,8.066,7.238,6.583
3995.03,15,5.412,4.004,4.924,5.015,6.189,5.782,6.141,7.156,6.132,6.012,5.404,5.83,6.146,5.32,4.038,3.855,5.883,7.171,6.672,7.317,8.067,7.205,6.582
3996.03,15,5.404,4.006,4.979,4.963,6.214,5.788,6.217,7.219,6.124,5.984,5.385,5.817,6.156,5.272,4.041,3.865,5.947,7.121,6.692,7.245,8.03,7.176,6.545
3997.03,15,5.363,4.049,5.004,4.929,6.248,5.826,6.249,7.118,6.056,6,5.36,5.8,6.148,5.274,4.057,3.875,5.947,7.204,6.717,7.264,8.078,7.216,6.633
3998.03,15,5.355,4.058,4.996,4.955,6.242,5.849,6.258,7.187,6.171,6.022,5.394,5.869,6.26,5.312,3.988,3.893,5.849,7.165,6.768,7.259,8.019,7.216,6.514
3999.03,15,5.412,4.013,4.946,4.956,6.241,5.81,6.266,7.181,6.153,5.896,5.379,5.769,6.206,5.284,4.044,3.956,5.984,7.14,6.759,7.337,8.094,7.23,6.527
4000.03,15,5.406,4.022,4.966,4.923,6.208,5.849,6.154,7.207,6.137,6.058,5.341,5.828,6.191,5.292,4.045,3.909,5.961,7.187,6.755,7.314,7.99,7.212,6.543
4001.03,15,5.349,3.929,4.97,5.029,6.198,5.852,6.263,7.216,6.114,6.018,5.451,5.805,6.097,5.362,3.965,3.859,5.924,7.176,6.705,7.234,8.118,7.223,6.627
4002.03,15,5.471,4.027,5.018,4.92,6.206,5.833,6.229,7.172,6.164,5.983,5.376,5.804,6.161,5.258,4.039,3.817,5.926,7.146,6.715,7.251,8.062,7.219,6.609
4003.03,15,5.342,4,5.012,4.908,6.128,5.852,6.168,7.125,6.212,5.946,5.432,5.776,6.2,5.303,4.05,3.885,5.891,7.167,6.747,7.331,8.047,7.13,6.588
4004.03,15,5.388,3.975,4.866,4.977,6.218,5.831,6.237,7.184,6.195,6.016,5.424,5.804,6.235,5.364,4.002,3.847,5.922,7.121,6.785,7.296,8.079,7.188,6.599
4005.03,15,5.432,3.989,4.941,4.994,6.222,5.824,6.285,7.127,6.11,6.053,5.425,5.815,6.181,5.295,3.937,3.896,5.897,7.222,6.722,7.326,8.125,7.172,6.585
4006.03,15,5.346,3.961,4.89,4.925,6.237,5.817,6.222,7.121,6.165,6.011,5.363,5.788,6.221,5.287,3.989,3.877,5.859,7.192,6.702,7.316,8.047,7.248,6.603
4007.03,15,5.365,3.983,4.871,4.951,6.188,5.893,6.294,7.195,6.178,5.936,5.425,5.787,6.15,5.276,4.039,3.842,5.96,7.214,6.698,7.265,8.023,7.209,6.571
4008.03,15,5.392,4.051,4.956,4.919,6.162,5.828,6.253,7.098,6.13,6.048,5.356,5.818,6.273,5.279,4.05,3.869,5.879,7.153,6.679,7.31,8.088,7.201,6.519
4009.03,15,5.416,3.949,4.943,4.934,6.219,5.83,6.214,7.248,6.127,6,5.404,5.839,6.129,5.345,4.032,3.836,5.867,7.143,6.792,7.232,8.144,7.244,6.536
4010.03,15,5.462,3.952,4.941,4.828,6.176,5.802,6.181,7.243,6.145,6.047,5.389,5.846,6.16,5.282,4.013,3.822,5.957,7.113,6.739,7.282,8.048,7.184,6.572
4011.03,15,5.392,3.941,4.949,4.99,6.223,5.867,6.227,7.166,6.145,6.076,5.428,5.764,6.214,5.266,4.053,3.904,5.836,7.144,6.76,7.367,8.106,7.21,6.593
4012.03,15,5.333,3.976,4.962,4.908,6.225,5.846,6.201,7.144,6.124,6.001,5.419,5.848,6.115,5.269,4.001,3.889,5.888,7.13,6.776,7.25,8.122,7.172,6.555
4013.03,15,5.389,3.947,4.906,4.931,6.188,5.804,6.194,7.11,6.123,6.042,5.388,5.849,6.171,5.335,4.049,3.805,5.921,7.172,6.761,7.286,8.053,7.196,6.53
4014.03,15,5.322,3.941,4.885,4.89,6.148,5.881,6.241,7.212,6.203,6.073,5.407,5.808,6.153,5.276,4.119,3.865,5.909,7.176,6.759,7.261,8.129,7.281,6.563
4015.03,15,5.423,3.887,4.868,4.923,6.201,5.834,6.224,7.226,6.186,5.992,5.36,5.797,6.153,5.318,4.017,3.841,5.962,7.145,6.751,7.278,8.066,7.246,6.591
4016.03,15,5.386,3.942,4.851,4.928,6.143,5.814,6.175,7.187,6.157,6.022,5.439,5.802,6.212,5.306,4.043,3.837,5.948,7.204,6.752,7.285,8.068,7.243,6.554
4017.03,15,5.404,3.932,4.906,4.88,6.254,5.857,6.231,7.127,6.133,6.05,5.403,5.78,6.209,5.209,3.997,3.91,5.919,7.163,6.784,7.239,7.993,7.218,6.591
4018.03,15,5.413,3.933,4.921,4.921,6.157,5.88,6.194,7.175,6.158,6.092,5.351,5.813,6.222,5.207,4.098,3.879,5.879,7.192,6.743,7.259,8.1,7.238,6.558
4019.03,15,5.368,3.977,4.869,4.839,6.141,5.83,6.259,7.084,6.093,6.02,5.368,5.823,6.189,5.307,4.036,3.882,5.868,7.171,6.768,7.328,8.125,7.224,6.582
4020.03,15,5.404,3.987,4.872,4.942,6.167,5.826,6.217,7.147,6.134,6.028,5.395,5.825,6.234,5.349,4.006,3.85,5.949,7.123,6.729,7.302,8.001,7.208,6.575
4021.03,15,5.371,3.937,4.883,4.961,6.118,5.808,6.204,7.158,6.167,6.006,5.479,5.884,6.235,5.297,4.008,3.789,5.918,7.14,6.799,7.25,8.149,7.212,6.615
4022.03,15,5.38,4.025,4.844,4.919,6.169,5.858,6.169,7.136,6.116,5.996,5.413,5.786,6.174,5.302,4.035,3.84,5.903,7.182,6.741,7.27,8.045,7.246,6.524
4023.03,15,5.392,3.977,4.788,4.879,6.182,5.832,6.269,7.18,6.151,6.004,5.432,5.844,6.148,5.302,3.998,3.876,5.863,7.087,6.746,7.294,8.081,7.23,6.567
4024.03,15,5.295,3.952,4.915,5.006,6.21,5.808,6.201,7.149,6.123,6.004,5.412,5.818,6.2,5.271,4.013,3.889,5.912,7.067,6.796,7.335,8.116,7.219,6.61
4025.03,15,5.379,3.968,4.869,4.891,6.17,5.875,6.245,7.239,6.138,6.005,5.316,5.782,6.196,5.308,4.039,3.905,5.964,7.155,6.752,7.285,8.066,7.29,6.591
4026.03,15,5.419,3.954,4.863,4.899,6.181,5.789,6.188,7.095,6.095,6.002,5.39,5.819,6.164,5.343,3.994,3.808,5.894,7.194,6.723,7.206,8.082,7.252,6.57
4027.03,15,5.432,4.006,4.763,4.908,6.188,5.871,6.211,7.148,6.136,6.033,5.373,5.782,6.159,5.256,4.087,3.842,5.929,7.154,6.755,7.24,8.106,7.224,6.534
4028.03,15,5.467,3.947,4.885,4.932,6.19,5.845,6.207,7.12,6.16,5.969,5.363,5.83,6.237,5.368,4.029,3.862,5.922,7.14,6.756,7.307,8.106,7.26,6.545
4029.03,15,5.433,4.066,4.876,4.874,6.088,5.849,6.222,7.181,6.096,6.059,5.36,5.869,6.254,5.306,4.027,3.846,5.921,7.12,6.735,7.355,8.12,7.179,6.539
4030.03,15,5.356,3.973,4.835,4.981,6.185,5.919,6.262,7.17,6.167,6.032,5.408,5.843,6.193,5.259,4.032,3.829,5.873,7.154,6.748,7.277,8.095,7.176,6.556
4031.03,15,5.375,3.957,4.86,4.94,6.19,5.844,6.162,7.177,6.144,6.055,5.403,5.738,6.161,5.236,4.044,3.832,5.843,7.071,6.739,7.36,8.128,7.25,6.604
4032.03,15,5.421,3.975,4.851,4.883,6.14,5.81,6.221,7.156,6.107,6.037,5.383,5.801,6.151,5.294,4.004,3.798,5.935,7.194,6.714,7.236,8.129,7.177,6.603
4033.03,15,5.389,3.999,4.859,4.919,6.166,5.843,6.345,7.16,6.195,6.028,5.462,5.888,6.193,5.337,4.026,3.832,5.911,7.238,6.767,7.272,8.051,7.218,6.605
4034.03,15,5.392,3.992,4.876,4.891,6.152,5.808,6.233,7.143,6.148,6.027,5.424,5.807,6.133,5.312,4.056,3.852,5.942,7.158,6.745,7.276,8.103,7.23,6.56
4035.03,15,5.385,3.936,4.762,4.933,6.171,5.893,6.207,7.178,6.08,6.042,5.454,5.8,6.193,5.329,4.024,3.814,5.962,7.175,6.719,7.266,8.083,7.229,6.585
4036.03,15,5.391,3.979,4.827,4.946,6.142,5.863,6.167,7.169,6.096,5.984,5.474,5.879,6.192,5.279,4.004,3.859,5.914,7.135,6.709,7.25,8.15,7.213,6.578
4037.03,15,5.36,3.988,4.864,4.927,6.154,5.881,6.205,7.187,6.146,6.048,5.378,5.763,6.143,5.301,3.998,3.824,5.905,7.135,6.674,7.261,8.089,7.195,6.572
4038.03,15,5.431,4.016,4.839,4.908,6.109,5.785,6.225,7.171,6.157,6.049,5.414,5.849,6.245,5.308,4.078,3.889,5.845,7.182,6.81,7.326,8.095,7.184,6.649
4039.03,15,5.443,3.87,4.782,4.888,6.174,5.84,6.217,7.161,6.119,6.004,5.381,5.796,6.191,5.296,4.035,3.796,5.87,7.152,6.84,7.279,8.101,7.239,6.551
4040.03,15,5.462,3.951,4.814,4.95,6.203,5.886,6.212,7.208,6.193,6.028,5.362,5.816,6.147,5.308,4.011,3.783,5.929,7.162,6.743,7.24,8.076,7.202,6.595
4041.03,15,5.421,3.914,4.785,4.929,6.02,5.813,6.262,7.159,6.143,6.016,5.393,5.739,6.135,5.293,4.039,3.834,5.95,7.147,6.745,7.254,8.103,7.282,6.586
4042.03,15,5.425,3.996,4.747,4.91,6.149,5.771,6.251,7.119,6.122,5.997,5.431,5.798,6.224,5.322,4.007,3.863,5.889,7.141,6.702,7.254,8.071,7.19,6.586
4043.03,15,5.417,3.948,4.856,4.919,6.217,5.821,6.234,7.171,6.135,6.042,5.409,5.853,6.162,5.364,3.982,3.796,5.927,7.156,6.697,7.248,8.145,7.221,6.598
4044.03,15,5.385,4.038,4.853,4.853,6.107,5.856,6.228,7.113,6.068,6.055,5.425,5.798,6.115,5.339,4.037,3.771,5.96,7.113,6.775,7.308,8.092,7.207,6.606
4045.03,15,5.379,4.021,4.822,4.911,6.144,5.826,6.254,7.143,6.174,6.008,5.379,5.83,6.185,5.305,4.002,3.757,5.899,7.143,6.75,7.239,8.131,7.206,6.626
4046.03,15,5.354,3.94,4.841,4.919,6.102,5.875,6.177,7.158,6.207,6.003,5.397,5.82,6.203,5.321,4.024,3.754,5.939,7.208,6.755,7.29,8.138,7.214,6.6
4047.03,15,5.441,3.988,4.803,4.915,6.226,5.871,6.23,7.195,6.155,5.957,5.357,5.833,6.163,5.314,4.042,3.825,5.897,7.175,6.777,7.254,8.065,7.242,6.571
4048.03,15,5.347,3.948,4.837,4.963,6.096,5.764,6.184,7.174,6.106,5.993,5.339,5.846,6.223,5.34,3.995,3.8,5.932,7.192,6.775,7.297,8.017,7.268,6.54
4049.03,15,5.326,3.914,4.796,4.902,6.14,5.833,6.13,7.158,6.181,6.047,5.511,5.897,6.23,5.34,4.089,3.779,5.872,7.143,6.712,7.324,8.103,7.241,6.625
4050.03,15,5.456,3.928,4.782,4.923,6.154,5.783,6.265,7.187,6.174,5.991,5.428,5.757,6.122,5.274,3.989,3.796,5.967,7.188,6.714,7.316,8.106,7.168,6.601
4051.03,15,5.454,3.983,4.821,4.925,6.109,5.851,6.176,7.204,6.162,6.013,5.387,5.883,6.206,5.279,4.064,3.779,5.941,7.151,6.69,7.291,8.1,7.166,6.568
4052.03,15,5.389,4.063,4.836,4.907,6.069,5.777,6.175,7.194,6.19,6.083,5.415,5.854,6.146,5.342,4.062,3.757,5.89,7.189,6.788,7.341,8.044,7.221,6.551
4053.03,15,5.353,3.973,4.831,4.929,6.094,5.804,6.226,7.152,6.237,5.977,5.413,5.862,6.164,5.255,4.016,3.811,5.936,7.19,6.761,7.278,8.064,7.246,6.577
4054.03,15,5.368,4.026,4.852,4.906,6.138,5.826,6.246,7.245,6.138,6.038,5.376,5.823,6.179,5.256,4.091,3.745,5.947,7.076,6.729,7.243,8.133,7.187,6.555
4055.03,15,5.452,3.959,4.841,4.894,6.083,5.749,6.261,7.184,6.135,6.002,5.341,5.767,6.164,5.255,4.017,3.823,5.873,7.189,6.737,7.26,7.975,7.212,6.532
4056.03,15,5.348,4.01,4.872,4.886,6.065,5.814,6.213,7.122,6.081,6.025,5.411,5.846,6.151,5.279,4.044,3.777,5.906,7.107,6.694,7.306,8.116,7.208,6.625
4057.03,15,5.354,4.021,4.784,4.924,6.166,5.804,6.176,7.207,6.108,6.029,5.391,5.847,6.195,5.27,4.016,3.768,5.896,7.172,6.732,7.312,8.076,7.2,6.525
4058.03,15,5.389,3.968,4.779,4.927,6.131,5.798,6.253,7.194,6.179,6.01,5.372,5.846,6.165,5.277,4.065,3.786,5.898,7.077,6.757,7.345,8.03,7.154,6.592
4059.03,15,5.334,3.999,4.89,4.902,6.001,5.842,6.274,7.157,6.123,6.012,5.423,5.86,6.135,5.265,4.139,3.78,5.928,7.157,6.779,7.23,8.061,7.197,6.602
4060.03,15,5.386,4.061,4.874,4.908,6.074,5.831,6.226,7.116,6.109,6.059,5.385,5.784,6.189,5.338,4.035,3.822,5.962,7.185,6.716,7.219,8.073,7.21,6.609
4061.03,15,5.423,4.022,4.839,4.948,6.015,5.825,6.231,7.155,6.122,6.011,5.42,5.786,6.218,5.324,4.017,3.85,5.892,7.16,6.781,7.268,8.138,7.174,6.587
4062.03,15,5.415,4.018,4.826,4.94,6.125,5.848,6.26,7.189,6.174,6.034,5.486,5.827,6.198,5.313,4.037,3.741,5.928,7.222,6.788,7.318,8.074,7.263,6.502
4063.03,15,5.413,3.996,4.844,4.901,6.048,5.835,6.19,7.125,6.097,6.018,5.39,5.803,6.184,5.3,4.081,3.8,5.982,7.171,6.74,7.278,8.061,7.214,6.591
4064.03,15,5.297,4.048,4.809,4.891,6.13,5.832,6.215,7.164,6.194,6.042,5.395,5.797,6.159,5.326,4.051,3.781,5.906,7.142,6.83,7.311,8.063,7.193,6.564
4065.03,15,5.394,3.97,4.831,4.921,6.097,5.793,6.233,7.144,6.172,6.066,5.383,5.848,6.221,5.282,4.114,3.827,5.898,7.18,6.714,7.279,8.074,7.218,6.553
4066.03,15,5.401,4.015,4.807,4.925,6.137,5.851,6.241,7.16,6.187,6.019,5.359,5.837,6.224,5.322,4.09,3.745,5.989,7.148,6.771,7.312,8.131,7.197,6.592
4067.03,15,5.348,4.041,4.788,4.858,6.093,5.775,6.196,7.172,6.178,6.068,5.414,5.846,6.211,5.318,4.065,3.829,5.948,7.222,6.735,7.306,8.061,7.236,6.608
4068.03,15,5.408,4.03,4.792,4.884,6.071,5.836,6.212,7.186,6.116,6.02,5.388,5.804,6.141,5.268,3.978,3.757,5.95,7.147,6.739,7.32,8.101,7.329,6.52
4069.03,15,5.345,3.898,4.819,4.962,6.081,5.834,6.302,7.206,6.246,6.051,5.378,5.794,6.247,5.246,4.059,3.788,5.934,7.193,6.771,7.295,8.105,7.214,6.644
4070.03,15,5.358,3.999,4.807,4.948,6.102,5.813,6.286,7.122,6.119,6.06,5.429,5.832,6.193,5.318,4.129,3.769,5.906,7.193,6.765,7.25,8.075,7.255,6.59
4071.03,15,5.423,3.912,4.825,4.872,6.122,5.757,6.198,7.184,6.123,6.003,5.4,5.849,6.255,5.307,4.032,3.734,5.937,7.208,6.759,7.297,8.069,7.198,6.634
4072.03,15,5.386,3.98,4.839,4.962,6.085,5.884,6.174,7.205,6.209,6.032,5.365,5.803,6.141,5.29,4.056,3.786,5.949,7.192,6.811,7.238,8.107,7.184,6.559
4073.03,15,5.386,3.992,4.819,4.9,6.053,5.848,6.277,7.234,6.056,6.024,5.416,5.793,6.183,5.264,4.062,3.736,5.867,7.139,6.784,7.252,8.027,7.243,6.575
4074.03,15,5.4,4.007,4.782,4.921,6.101,5.84,6.182,7.232,6.178,6.076,5.328,5.815,6.2,5.265,4.053,3.777,5.905,7.22,6.746,7.22,8.045,7.239,6.626
4075.03,15,5.439,3.97,4.841,4.896,6.087,5.86,6.208,7.184,6.137,5.952,5.387,5.798,6.131,5.347,4.055,3.729,5.904,7.184,6.768,7.313,8.08,7.192,6.506
4076.03,15,5.396,4.023,4.872,4.996,6.104,5.846,6.273,7.195,6.162,6.073,5.369,5.841,6.233,5.301,4.016,3.809,5.985,7.189,6.804,7.305,8.124,7.196,6.582
4077.03,15,5.38,4.027,4.834,4.904,6.043,5.84,6.25,7.175,6.144,5.996,5.385,5.847,6.193,5.264,4.014,3.72,5.955,7.16,6.76,7.259,8.139,7.204,6.532
4078.03,15,5.436,3.994,4.872,4.948,5.99,5.843,6.238,7.157,6.116,6.109,5.383,5.858,6.269,5.304,4.027,3.791,5.941,7.126,6.739,7.324,8.064,7.184,6.59
4079.03,15,5.381,4.004,4.756,4.902,6.106,5.854,6.203,7.188,6.147,6.012,5.485,5.835,6.189,5.307,4.14,3.696,5.863,7.176,6.758,7.259,8.039,7.165,6.537
4080.03,15,5.403,4.075,4.848,4.906,6.076,5.858,6.195,7.106,6.156,5.951,5.412,5.795,6.21,5.282,4.073,3.71,5.916,7.163,6.743,7.336,8.136,7.208,6.558
4081.03,15,5.362,4.017,4.88,4.91,5.998,5.841,6.18,7.164,6.154,6.009,5.393,5.749,6.168,5.293,4.062,3.764,5.925,7.179,6.76,7.247,8.03,7.246,6.608
4082.03,15,5.351,4.023,4.824,4.978,6.078,5.846,6.236,7.16,6.167,6.029,5.339,5.819,6.19,5.292,4.029,3.806,5.944,7.187,6.792,7.247,8.088,7.176,6.558
4083.03,15,5.397,4.035,4.866,4.882,6.015,5.838,6.241,7.146,6.135,6.041,5.48,5.912,6.193,5.342,4.087,3.702,5.923,7.124,6.695,7.284,8.075,7.217,6.586
4084.03,15,5.424,4.025,4.805,4.96,6.056,5.787,6.232,7.184,6.169,6.012,5.381,5.798,6.168,5.289,4.046,3.771,5.952,7.15,6.719,7.266,8.042,7.202,6.646
4085.03,15,5.426,4.021,4.834,4.914,6.044,5.872,6.289,7.124,6.131,6.059,5.384,5.833,6.208,5.251,4.105,3.766,5.944,7.179,6.809,7.298,8.111,7.195,6.574
4086.03,15,5.418,4.003,4.783,4.962,6.081,5.812,6.262,7.194,6.125,6.036,5.368,5.862,6.216,5.287,3.994,3.697,5.893,7.177,6.775,7.235,8.116,7.188,6.574
4087.03,15,5.37,3.978,4.843,4.919,5.985,5.846,6.29,7.234,6.168,6.051,5.401,5.801,6.205,5.233,4.087,3.712,5.891,7.144,6.732,7.303,8.082,7.239,6.597
4088.03,15,5.464,4.002,4.873,4.895,6.066,5.824,6.223,7.227,6.114,6.06,5.398,5.78,6.165,5.261,4.111,3.777,5.905,7.22,6.743,7.301,8.095,7.28,6.545
4089.03,15,5.37,4.011,4.874,4.917,6.021,5.867,6.242,7.147,6.141,6.081,5.379,5.788,6.21,5.289,4.056,3.751,5.88,7.181,6.725,7.294,8.139,7.238,6.602
4090.03,15,5.352,3.969,4.832,4.909,6.025,5.85,6.245,7.147,6.127,6.034,5.445,5.88,6.228,5.308,4.097,3.738,5.909,7.194,6.743,7.33,8.098,7.197,6.559
4091.03,15,5.448,4.025,4.867,4.897,6.039,5.85,6.281,7.207,6.158,6.064,5.454,5.848,6.195,5.316,4.066,3.728,5.945,7.133,6.712,7.284,8.128,7.227,6.575
4092.03,15,5.404,4.023,4.785,4.979,6.02,5.881,6.231,7.25,6.142,5.96,5.407,5.812,6.182,5.283,4.082,3.851,5.829,7.187,6.682,7.323,8.079,7.237,6.609
4093.03,15,5.45,4.023,4.894,4.958,6.027,5.817,6.282,7.224,6.121,6.104,5.31,5.848,6.231,5.311,4.08,3.769,5.962,7.197,6.77,7.335,8.062,7.245,6.584
4094.03,15,5.408,4.018,4.837,4.905,6.01,5.889,6.25,7.181,6.172,6.061,5.386,5.833,6.163,5.306,4.059,3.717,5.976,7.197,6.793,7.293,8.018,7.202,6.58
4095.03,15,5.487,3.987,4.877,4.929,6.033,5.873,6.16,7.249,6.144,6.01,5.436,5.852,6.19,5.293,4.102,3.778,5.907,7.174,6.769,7.28,8.084,7.228,6.524
4096.03,15,5.391,4.07,4.851,4.866,6.041,5.848,6.3,7.216,6.207,6.029,5.358,5.798,6.207,5.292,4.092,3.804,5.931,7.246,6.756,7.343,8.059,7.234,6.591
4097.03,15,5.426,4.017,4.853,4.936,6.024,5.872,6.296,7.174,6.114,5.996,5.345,5.835,6.147,5.325,4.085,3.771,5.913,7.184,6.765,7.307,8.093,7.172,6.623
4098.03,15,5.361,3.984,4.843,4.917,6.031,5.849,6.293,7.152,6.121,6.012,5.442,5.857,6.185,5.222,4.036,3.72,5.965,7.18,6.758,7.347,8.119,7.24,6.609
4099.03,15,5.33,4.023,4.88,4.893,5.968,5.849,6.292,7.17,6.12,6.065,5.393,5.847,6.144,5.273,3.976,3.704,5.976,7.191,6.707,7.328,8.123,7.215,6.566
4100.03,15,5.484,3.989,4.854,4.952,5.983,5.812,6.286,7.173,6.138,6.007,5.418,5.835,6.183,5.292,4.116,3.722,5.856,7.151,6.75,7.269,8.089,7.166,6.649
4101.03,15,5.4,3.995,4.817,4.893,6.034,5.813,6.262,7.197,6.125,6.078,5.401,5.821,6.249,5.287,4.033,3.744,5.874,7.159,6.749,7.354,8.072,7.214,6.628
4102.03,15,5.428,4.009,4.884,4.93,5.994,5.805,6.228,7.204,6.153,6.077,5.443,5.784,6.23,5.288,4.139,3.72,5.934,7.187,6.728,7.301,8.098,7.223,6.495
4103.03,15,5.412,3.99,4.881,4.969,6.08,5.85,6.283,7.212,6.162,6.047,5.402,5.804,6.196,5.366,4.025,3.769,5.935,7.201,6.748,7.292,8.145,7.207,6.585
4104.03,15,5.404,3.984,4.872,4.961,5.974,5.834,6.22,7.194,6.168,6.09,5.322,5.835,6.142,5.276,4.107,3.714,5.882,7.164,6.728,7.296,8.022,7.185,6.573
4105.03,15,5.402,3.998,4.864,4.929,6.016,5.824,6.198,7.242,6.154,6.059,5.424,5.789,6.147,5.272,4.065,3.74,5.91,7.211,6.798,7.32,8.095,7.177,6.596
4106.03,15,5.389,4.011,4.841,4.965,6.078,5.82,6.333,7.176,6.124,6.059,5.418,5.818,6.218,5.303,4.051,3.617,5.964,7.158,6.717,7.329,8.063,7.172,6.648
4107.03,15,5.395,4.031,4.829,4.938,6.011,5.86,6.32,7.215,6.107,6.011,5.419,5.844,6.19,5.339,4.054,3.702,5.933,7.14,6.768,7.196,8.057,7.219,6.548
4108.03,15,5.38,3.968,4.822,4.915,6.044,5.856,6.264,7.17,6.159,6.072,5.371,5.778,6.147,5.274,4.058,3.702,5.906,7.169,6.744,7.3,8.055,7.173,6.576
4109.03,15,5.414,4.013,4.868,4.906,6.003,5.803,6.239,7.197,6.094,6.054,5.387,5.791,6.218,5.29,4.087,3.7,5.909,7.208,6.788,7.206,8.049,7.205,6.569
4110.03,15,5.387,3.968,4.832,4.958,5.968,5.86,6.267,7.136,6.125,6.022,5.367,5.843,6.234,5.354,4.054,3.69,5.948,7.17,6.81,7.271,8.028,7.146,6.605
4111.03,15,5.486,3.99,4.868,4.95,6.008,5.871,6.255,7.197,6.147,6.009,5.467,5.739,6.18,5.3,4.059,3.654,5.947,7.232,6.747,7.256,8.104,7.174,6.59
4112.03,15,5.392,4.022,4.868,4.956,6.017,5.788,6.261,7.155,6.112,6.006,5.401,5.798,6.081,5.351,4.006,3.662,5.925,7.152,6.742,7.278,8.114,7.223,6.51
4113.03,15,5.397,4.023,4.848,4.891,5.956,5.86,6.299,7.144,6.107,6.042,5.388,5.834,6.172,5.271,4.071,3.703,5.901,7.194,6.82,7.294,8.125,7.219,6.566
4114.03,15,5.469,3.999,4.86,4.965,6.012,5.888,6.271,7.173,6.197,6.05,5.432,5.82,6.17,5.272,4.056,3.696,5.954,7.218,6.74,7.317,8.123,7.222,6.553
4115.03,15,5.406,3.96,4.869,4.89,6.015,5.876,6.303,7.206,6.162,6.049,5.432,5.878,6.157,5.323,4.082,3.715,5.922,7.154,6.714,7.323,8.117,7.245,6.561
4116.03,15,5.461,4.042,4.839,4.987,5.994,5.792,6.314,7.234,6.144,6.09,5.354,5.79,6.222,5.321,4.122,3.608,5.923,7.137,6.738,7.342,8.083,7.225,6.597
4117.03,15,5.348,4.06,4.835,4.925,5.971,5.812,6.262,7.185,6.178,6.04,5.37,5.799,6.219,5.324,4.07,3.663,5.934,7.186,6.761,7.319,8.025,7.188,6.626
4118.03,15,5.383,4.089,4.847,4.894,5.997,5.842,6.236,7.186,6.161,6.062,5.442,5.882,6.151,5.33,4.073,3.654,5.892,7.108,6.718,7.287,8.079,7.199,6.575
4119.03,15,5.37,4.037,4.822,4.884,5.992,5.826,6.321,7.093,6.171,6.049,5.386,5.839,6.204,5.253,4.115,3.691,5.915,7.129,6.763,7.337,8.1,7.227,6.556
4120.03,15,5.41,4.002,4.873,5.005,5.968,5.873,6.31,7.279,6.151,6.089,5.377,5.798,6.214,5.288,4.067,3.676,5.935,7.181,6.703,7.28,8.027,7.233,6.585
4121.03,15,5.419,3.98,4.778,4.912,6.026,5.828,6.241,7.179,6.142,6.006,5.405,5.768,6.214,5.257,4.091,3.669,5.893,7.221,6.753,7.347,8.12,7.199,6.53
4122.03,15,5.373,3.999,4.83,4.928,5.932,5.894,6.257,7.235,6.092,6.073,5.439,5.845,6.198,5.321,4.071,3.7,5.93,7.248,6.859,7.31,8.09,7.243,6.607
4123.03,15,5.432,4.042,4.872,4.942,5.918,5.763,6.307,7.174,6.127,6.005,5.417,5.812,6.189,5.289,4.159,3.67,5.88,7.192,6.758,7.309,8.128,7.187,6.562
4124.03,15,5.408,4.06,4.83,4.978,5.946,5.815,6.286,7.136,6.04,6.077,5.413,5.781,6.132,5.304,4.091,3.659,5.961,7.183,6.724,7.283,8.034,7.238,6.57
4125.03,15,5.408,3.973,4.799,4.949,5.967,5.834,6.225,7.226,6.117,6.065,5.374,5.82,6.19,5.263,4.186,3.679,5.928,7.174,6.756,7.366,8.082,7.21,6.578
4126.03,15,5.39,4.009,4.848,4.999,5.957,5.804,6.188,7.229,6.134,6.073,5.407,5.802,6.239,5.321,4.096,3.619,5.918,7.168,6.657,7.293,8.075,7.25,6.655
4127.03,15,5.383,3.984,4.8,4.965,5.977,5.777,6.268,7.182,6.135,6.029,5.387,5.843,6.209,5.325,4.144,3.703,5.9,7.134,6.822,7.351,8.112,7.198,6.559
4128.03,15,5.399,4.063,4.865,4.943,5.95,5.883,6.274,7.223,6.126,6.027,5.424,5.832,6.217,5.312,4.065,3.695,5.909,7.172,6.728,7.364,8.063,7.155,6.57
4129.03,15,5.45,3.966,4.882,4.97,5.99,5.858,6.242,7.196,6.172,6.077,5.395,5.759,6.173,5.29,4.036,3.694,5.88,7.172,6.716,7.335,8.128,7.178,6.624
4130.03,15,5.442,4.009,4.862,4.892,6.016,5.814,6.195,7.21,6.222,5.987,5.411,5.848,6.225,5.284,4.077,3.705,5.902,7.197,6.717,7.301,8.042,7.234,6.539
4131.03,15,5.366,4.069,4.884,4.893,5.998,5.851,6.274,7.195,6.111,6.104,5.416,5.817,6.199,5.309,4.07,3.744,5.974,7.161,6.737,7.253,8.091,7.197,6.619
4132.03,15,5.437,4.035,4.882,4.927,5.936,5.823,6.294,7.197,6.121,6.059,5.402,5.85,6.206,5.341,4.063,3.746,5.948,7.137,6.781,7.269,8.144,7.228,6.578
4133.03,15,5.453,4.026,4.827,4.896,5.906,5.774,6.265,7.204,6.096,6.08,5.329,5.831,6.185,5.307,4.076,3.729,5.923,7.224,6.811,7.334,8.112,7.202,6.595
4134.03,15,5.378,4.088,4.833,4.932,5.943,5.865,6.275,7.187,6.169,6.018,5.323,5.811,6.15,5.291,4.039,3.673,5.899,7.228,6.727,7.271,8.056,7.155,6.595
4135.03,15,5.436,4.032,4.844,4.983,5.91,5.839,6.284,7.185,6.187,6.053,5.419,5.802,6.208,5.336,4.025,3.624,5.922,7.219,6.733,7.373,8.062,7.2,6.606
4136.03,15,5.391,4.027,4.884,4.978,5.922,5.821,6.299,7.169,6.184,6.061,5.364,5.791,6.175,5.251,4.064,3.674,5.903,7.159,6.7,7.339,8.1,7.255,6.581
4137.03,15,5.414,3.969,4.835,4.923,5.928,5.824,6.268,7.208,6.141,6.008,5.346,5.824,6.226,5.313,4.135,3.718,5.879,7.195,6.701,7.294,8.013,7.225,6.566
4138.03,15,5.372,3.996,4.869,4.874,5.896,5.869,6.314,7.212,6.172,6.058,5.417,5.867,6.2,5.326,4.044,3.769,5.909,7.143,6.766,7.275,8.121,7.192,6.61
4139.03,15,5.367,4.052,4.903,4.897,5.939,5.824,6.251,7.211,6.191,6.114,5.463,5.856,6.239,5.354,4.045,3.787,5.916,7.169,6.631,7.252,8.021,7.192,6.561
4140.03,15,5.403,4.015,4.829,4.952,5.922,5.788,6.301,7.217,6.219,6.087,5.403,5.813,6.189,5.366,4.11,3.672,5.949,7.226,6.718,7.306,8.131,7.219,6.588
4141.03,15,5.364,4.01,4.897,4.894,6,5.845,6.243,7.207,6.09,5.965,5.465,5.83,6.213,5.301,4.11,3.718,5.994,7.187,6.738,7.273,8.113,7.27,6.569
4142.03,15,5.416,4.049,4.85,4.911,5.945,5.835,6.229,7.237,6.144,6.063,5.356,5.832,6.181,5.288,4.133,3.673,5.884,7.167,6.746,7.305,8.025,7.232,6.63
4143.03,15,5.445,4.012,4.888,4.963,5.964,5.815,6.265,7.228,6.21,6.081,5.42,5.728,6.221,5.294,4.106,3.773,5.89,7.219,6.782,7.32,8.097,7.245,6.579
4144.03,15,5.314,4.04,4.873,4.874,5.952,5.851,6.248,7.17,6.09,6.041,5.347,5.853,6.201,5.269,4.094,3.695,5.977,7.165,6.745,7.333,8.07,7.195,6.538
4145.03,15,5.394,4.038,4.868,4.956,5.901,5.839,6.234,7.227,6.122,6.104,5.392,5.783,6.272,5.305,4.1,3.703,5.887,7.212,6.767,7.342,8.043,7.255,6.576
4146.03,15,5.387,4.047,4.888,4.923,5.951,5.894,6.277,7.205,6.171,6.091,5.435,5.794,6.115,5.272,4.088,3.686,5.935,7.159,6.727,7.288,8.084,7.241,6.567
4147.03,15,5.347,4.049,4.838,4.974,6.021,5.872,6.22,7.164,6.13,6.071,5.361,5.79,6.211,5.279,4.074,3.672,5.905,7.167,6.787,7.304,8.124,7.176,6.573
4148.03,15,5.354,4.053,4.845,4.924,5.986,5.756,6.261,7.187,6.145,6.068,5.438,5.851,6.233,5.313,4.124,3.637,5.942,7.158,6.766,7.309,8.066,7.2,6.53
4149.03,15,5.376,4.032,4.867,4.914,5.981,5.868,6.267,7.239,6.164,6.033,5.424,5.81,6.16,5.272,4.14,3.695,5.952,7.207,6.706,7.322,8.184,7.179,6.613
4150.03,15,5.419,4.007,4.865,4.941,5.992,5.821,6.261,7.228,6.099,6.082,5.447,5.819,6.127,5.313,4.095,3.737,5.896,7.171,6.812,7.321,8.147,7.183,6.608
4151.03,15,5.405,4.075,4.915,4.882,5.929,5.92,6.285,7.24,6.226,6.003,5.384,5.81,6.158,5.376,4.075,3.772,5.95,7.184,6.735,7.313,8.018,7.179,6.555
4152.03,15,5.383,4.007,4.898,4.954,6.016,5.873,6.269,7.22,6.166,5.993,5.378,5.836,6.242,5.29,4.045,3.694,5.931,7.221,6.758,7.204,8.087,7.248,6.572
4153.03,15,5.44,4.014,4.857,4.927,5.943,5.802,6.279,7.163,6.163,6.038,5.398,5.818,6.17,5.341,4.105,3.684,5.908,7.135,6.713,7.322,8.034,7.219,6.609
4154.03,15,5.413,4.097,4.856,4.989,6.025,5.807,6.222,7.197,6.222,6.043,5.322,5.86,6.22,5.378,4.109,3.728,5.902,7.227,6.783,7.372,8.108,7.197,6.558
4155.03,15,5.398,4.009,4.912,4.965,5.991,5.805,6.205,7.257,6.153,6.008,5.458,5.834,6.224,5.292,4.101,3.668,5.913,7.235,6.801,7.315,8.17,7.184,6.592
4156.03,15,5.402,4.073,4.83,4.946,5.97,5.818,6.244,7.172,6.141,6.019,5.461,5.823,6.254,5.34,4.096,3.685,5.927,7.185,6.769,7.324,8.121,7.149,6.631
4157.03,15,5.381,4.055,4.928,4.957,5.926,5.825,6.281,7.165,6.07,6.031,5.356,5.847,6.228,5.326,4.118,3.691,5.919,7.134,6.729,7.341,8.081,7.25,6.594
4158.03,15,5.422,4.086,4.838,4.94,5.974,5.852,6.291,7.168,6.198,6.08,5.421,5.811,6.167,5.298,4.134,3.668,5.909,7.181,6.733,7.262,8.09,7.121,6.575
4159.03,15,5.362,3.992,4.896,4.983,5.998,5.836,6.319,7.199,6.155,6.023,5.368,5.827,6.172,5.321,4.054,3.716,5.908,7.249,6.763,7.26,8.058,7.207,6.549
4160.03,15,5.341,4.016,4.832,4.899,5.934,5.892,6.197,7.176,6.136,6.018,5.392,5.827,6.176,5.283,4.101,3.737,5.925,7.205,6.759,7.255,8.079,7.226,6.572
4161.03,15,5.438,4.086,4.858,4.908,5.927,5.84,6.294,7.257,6.124,6.002,5.416,5.839,6.17,5.315,4.119,3.701,5.908,7.084,6.804,7.249,8.109,7.23,6.51
4162.03,15,5.402,4.016,4.834,4.966,5.976,5.793,6.277,7.192,6.162,6.152,5.381,5.763,6.23,5.274,4.068,3.709,5.933,7.105,6.794,7.326,8.087,7.185,6.611
4163.03,15,5.377,4.016,4.85,4.938,5.956,5.868,6.291,7.228,6.219,5.964,5.375,5.801,6.285,5.272,4.102,3.734,5.972,7.196,6.76,7.33,8.179,7.191,6.599
4164.03,15,5.368,4.014,4.869,4.995,5.933,5.855,6.254,7.18,6.139,6.023,5.332,5.868,6.156,5.325,4.085,3.724,5.885,7.238,6.715,7.324,8.057,7.174,6.628
4165.03,15,5.469,4.028,4.889,4.974,5.986,5.802,6.304,7.269,6.162,6.128,5.325,5.852,6.18,5.363,4.128,3.627,5.873,7.205,6.717,7.304,8.035,7.196,6.6
4166.03,15,5.39,4.006,4.94,4.913,5.968,5.829,6.33,7.142,6.175,6.023,5.371,5.908,6.244,5.229,4.079,3.696,5.914,7.141,6.784,7.314,8.096,7.232,6.582
4167.03,15,5.43,4.014,4.836,4.929,5.947,5.746,6.276,7.239,6.124,6.039,5.379,5.814,6.241,5.285,4.121,3.77,5.876,7.168,6.736,7.239,8.051,7.238,6.611
4168.03,15,5.391,3.989,4.899,4.932,5.972,5.756,6.361,7.138,6.173,6.067,5.401,5.81,6.219,5.274,4.16,3.684,5.872,7.173,6.702,7.329,8.084,7.213,6.596
4169.03,15,5.378,4.095,4.895,4.951,5.962,5.903,6.317,7.234,6.098,6.089,5.427,5.823,6.205,5.263,4.156,3.709,5.939,7.139,6.759,7.306,8.093,7.182,6.516
4170.03,15,5.41,4.052,4.848,4.97,6.019,5.844,6.317,7.205,6.129,6.075,5.474,5.872,6.18,5.276,4.178,3.685,5.933,7.266,6.727,7.289,8.068,7.212,6.587
4171.03,15,5.391,4.126,4.934,4.932,6.034,5.864,6.247,7.153,6.188,6.079,5.409,5.816,6.178,5.347,4.1,3.686,5.961,7.15,6.718,7.299,8.104,7.233,6.57
4172.03,15,5.369,4.062,4.856,4.935,5.968,5.872,6.246,7.192,6.13,6.024,5.361,5.847,6.167,5.324,4.142,3.701,5.948,7.243,6.8,7.282,8.141,7.239,6.555
4173.03,15,5.417,4.056,4.849,4.926,5.93,5.793,6.294,7.145,6.158,6.05,5.388,5.76,6.178,5.28,4.096,3.726,5.937,7.192,6.746,7.279,8.109,7.306,6.573
4174.03,15,5.38,4.033,4.815,4.898,5.959,5.829,6.311,7.194,6.159,6.091,5.37,5.839,6.203,5.283,4.095,3.729,5.881,7.089,6.738,7.302,8.075,7.213,6.595
4175.03,15,5.402,3.993,4.864,4.918,5.968,5.808,6.282,7.183,6.158,6.05,5.415,5.883,6.194,5.341,4.156,3.716,5.888,7.214,6.74,7.301,8.057,7.285,6.568
4176.03,15,5.366,4.048,4.887,4.944,5.897,5.774,6.288,7.186,6.178,6.068,5.381,5.796,6.257,5.292,4.076,3.744,5.909,7.167,6.69,7.25,8.082,7.195,6.621
4177.03,15,5.471,3.989,4.909,5.001,5.95,5.815,6.258,7.167,6.123,6.06,5.392,5.77,6.217,5.334,4.121,3.786,5.911,7.188,6.766,7.299,8.11,7.167,6.625
4178.03,15,5.33,4.057,4.881,4.858,5.986,5.795,6.28,7.211,6.199,6.123,5.39,5.845,6.148,5.317,4.1,3.739,5.899,7.169,6.684,7.34,8.072,7.224,6.574
4179.03,15,5.322,4.055,4.817,4.956,5.972,5.793,6.33,7.181,6.099,6.03,5.443,5.875,6.228,5.282,4.138,3.733,5.96,7.248,6.76,7.3,8.07,7.261,6.561
4180.03,15,5.36,4.083,4.875,4.948,5.974,5.823,6.378,7.144,6.112,6.041,5.405,5.796,6.197,5.263,4.123,3.754,5.909,7.248,6.792,7.317,8.092,7.182,6.55
4181.03,15,5.474,4.071,4.912,4.906,5.917,5.822,6.259,7.174,6.098,6.021,5.441,5.824,6.146,5.327,4.152,3.715,5.953,7.158,6.78,7.266,8.086,7.257,6.588
4182.03,15,5.479,4,4.861,4.924,5.963,5.824,6.188,7.187,6.193,6.022,5.408,5.824,6.212,5.271,4.055,3.751,5.964,7.153,6.66,7.319,8.102,7.143,6.608
4183.03,15,5.413,4.059,4.894,4.963,6.009,5.823,6.306,7.205,6.176,6.082,5.432,5.845,6.184,5.269,4.124,3.701,5.976,7.155,6.816,7.305,8.054,7.161,6.561
4184.03,15,5.421,4.091,4.893,5.002,5.959,5.824,6.239,7.181,6.099,6.003,5.368,5.764,6.198,5.271,4.114,3.758,5.93,7.2,6.663,7.295,8.071,7.206,6.589
4185.03,15,5.412,4.053,4.937,4.949,5.94,5.863,6.253,7.232,6.233,6.038,5.405,5.915,6.237,5.335,4.115,3.686,5.948,7.175,6.705,7.274,8.097,7.243,6.6
4186.03,15,5.374,4.107,4.959,4.94,5.992,5.825,6.293,7.169,6.141,6.039,5.429,5.881,6.163,5.311,4.095,3.738,5.979,7.169,6.814,7.289,8.088,7.259,6.6
4187.03,15,5.399,4.082,4.945,4.947,5.987,5.851,6.296,7.203,6.139,6,5.398,5.813,6.17,5.286,4.1,3.729,5.926,7.271,6.762,7.289,8.051,7.181,6.64
4188.03,15,5.389,4.034,4.876,4.908,6.002,5.855,6.29,7.204,6.118,6.007,5.414,5.831,6.225,5.312,4.063,3.739,5.896,7.123,6.758,7.365,8.018,7.179,6.562
4189.03,15,5.349,4.085,4.822,5.008,5.94,5.842,6.368,7.217,6.1,6.05,5.402,5.785,6.165,5.265,4.071,3.719,5.918,7.147,6.775,7.288,8.144,7.213,6.609
4190.03,15,5.472,4.012,4.943,4.944,5.946,5.86,6.296,7.186,6.217,6.161,5.449,5.755,6.12,5.335,4.09,3.739,5.884,7.138,6.692,7.274,8.114,7.236,6.586
4191.03,15,5.404,3.979,4.917,4.883,6.013,5.866,6.33,7.185,6.204,6.037,5.351,5.811,6.258,5.268,4.089,3.77,5.916,7.226,6.669,7.273,8.097,7.293,6.593
4192.03,15,5.419,4.101,4.853,4.945,5.928,5.819,6.305,7.233,6.209,6.043,5.376,5.804,6.195,5.257,4.117,3.691,5.928,7.186,6.723,7.219,8.152,7.172,6.553
4193.03,15,5.382,3.99,4.879,4.91,5.972,5.873,6.283,7.129,6.078,6.043,5.427,5.821,6.245,5.364,4.054,3.68,5.951,7.209,6.749,7.28,8.033,7.165,6.563
4194.03,15,5.438,4.042,4.881,4.929,6.001,5.87,6.348,7.193,6.195,5.994,5.355,5.816,6.199,5.357,4.112,3.705,6.001,7.102,6.786,7.309,8.11,7.246,6.646
4195.03,15,5.386,4.039,4.894,4.953,5.975,5.864,6.259,7.209,6.123,6.068,5.466,5.826,6.187,5.27,4.093,3.721,5.9,7.167,6.725,7.279,8.095,7.193,6.679
4196.03,15,5.449,4.071,4.913,4.863,5.945,5.883,6.247,7.191,6.143,6.079,5.366,5.846,6.215,5.34,4.099,3.705,5.923,7.237,6.697,7.324,8.116,7.245,6.627
4197.03,15,5.365,4.023,4.885,4.923,5.98,5.816,6.343,7.218,6.103,5.986,5.333,5.9,6.252,5.307,4.103,3.656,5.949,7.191,6.701,7.345,8.087,7.226,6.599
4198.03,15,5.438,3.983,4.902,4.983,5.999,5.815,6.289,7.181,6.078,6.059,5.418,5.792,6.177,5.305,4.099,3.772,5.889,7.232,6.724,7.235,8.087,7.168,6.532
4199.03,15,5.338,4.048,4.958,4.97,5.972,5.826,6.179,7.18,6.189,6.036,5.421,5.805,6.237,5.333,4.127,3.738,5.869,7.179,6.77,7.346,8.078,7.226,6.484
4200.03,15,5.372,4.055,4.879,4.96,5.962,5.876,6.356,7.199,6.104,6.093,5.456,5.856,6.159,5.229,4.119,3.754,5.916,7.189,6.692,7.267,8.09,7.203,6.572
4201.03,15,5.36,4.043,4.909,4.889,5.903,5.835,6.276,7.202,6.187,6.06,5.435,5.756,6.191,5.241,4.078,3.757,5.858,7.162,6.737,7.311,8.096,7.209,6.568
4202.03,15,5.412,4.066,4.845,4.925,6.006,5.871,6.283,7.153,6.173,6.055,5.459,5.827,6.21,5.258,4.115,3.766,5.987,7.18,6.781,7.294,8.087,7.179,6.563
4203.03,15,5.365,4.058,4.863,4.96,5.937,5.875,6.328,7.243,6.183,6.01,5.409,5.801,6.219,5.255,4.074,3.778,5.842,7.143,6.799,7.374,8.107,7.182,6.587
4204.03,15,5.388,4.006,4.894,4.956,5.972,5.896,6.268,7.2,6.089,6.057,5.369,5.865,6.209,5.325,4.199,3.764,5.924,7.186,6.696,7.258,8.078,7.249,6.629
4205.03,15,5.389,4.034,4.909,4.919,5.962,5.811,6.318,7.212,6.134,6.016,5.423,5.806,6.18,5.308,4.082,3.735,5.917,7.211,6.81,7.368,8.023,7.225,6.579
4206.03,15,5.407,4.045,4.899,4.983,5.991,5.853,6.287,7.243,6.139,6.069,5.44,5.861,6.202,5.287,4.104,3.7,5.989,7.138,6.744,7.246,8.111,7.215,6.626
4207.03,15,5.427,4.098,4.947,4.914,5.939,5.852,6.296,7.21,6.126,6.064,5.397,5.848,6.246,5.318,4.115,3.743,5.849,7.201,6.767,7.257,8.05,7.249,6.605
4208.03,15,5.452,4.001,4.943,5.001,5.971,5.809,6.233,7.169,6.136,6.088,5.349,5.832,6.13,5.27,4.162,3.723,5.973,7.181,6.705,7.342,8.056,7.173,6.622
4209.03,15,5.417,4.029,4.828,4.921,5.969,5.818,6.356,7.169,6.14,6.059,5.44,5.807,6.138,5.339,4.069,3.804,5.928,7.22,6.74,7.282,8.109,7.232,6.631
4210.03,15,5.44,4.104,4.87,4.901,6,5.846,6.246,7.215,6.183,6.019,5.343,5.815,6.198,5.308,4.148,3.776,5.978,7.156,6.837,7.368,8.144,7.163,6.523
4211.03,15,5.433,4.107,4.875,4.954,6.012,5.892,6.276,7.262,6.18,6.04,5.365,5.846,6.067,5.199,4.066,3.744,5.939,7.185,6.757,7.269,8.078,7.169,6.563
4212.03,15,5.383,4.039,4.93,4.959,5.992,5.867,6.22,7.205,6.227,6.057,5.376,5.758,6.201,5.335,4.063,3.756,5.939,7.193,6.733,7.247,8.09,7.205,6.567
4213.03,15,5.465,3.974,4.906,4.947,5.914,5.806,6.333,7.256,6.14,6.051,5.391,5.877,6.184,5.313,4.111,3.717,5.935,7.201,6.768,7.334,8.102,7.24,6.599
4214.03,15,5.396,4.017,4.872,4.894,5.938,5.903,6.248,7.193,6.186,6.108,5.377,5.844,6.144,5.341,4.145,3.754,5.914,7.136,6.76,7.295,8.171,7.151,6.639
4215.03,15,5.39,4.063,4.88,4.906,5.953,5.858,6.271,7.228,6.17,6.022,5.394,5.852,6.17,5.308,4.086,3.787,5.958,7.114,6.754,7.302,8.157,7.245,6.575
4216.03,15,5.344,4.081,4.934,4.942,6.026,5.847,6.31,7.15,6.142,6.013,5.371,5.834,6.195,5.279,4.152,3.762,5.874,7.147,6.765,7.259,8.058,7.256,6.558
4217.03,15,5.373,4.032,4.865,4.925,5.99,5.799,6.264,7.22,6.097,6.026,5.405,5.769,6.242,5.33,4.173,3.691,5.975,7.197,6.809,7.297,8.058,7.218,6.546
4218.03,15,5.411,4.038,4.875,4.963,5.963,5.837,6.328,7.146,6.176,6.051,5.465,5.847,6.201,5.333,4.117,3.783,5.936,7.206,6.724,7.266,8.12,7.136,6.572
4219.03,15,5.393,4.021,4.851,4.92,5.945,5.8,6.308,7.197,6.193,6.068,5.392,5.818,6.179,5.26,4.123,3.751,5.977,7.225,6.724,7.331,8.113,7.219,6.624
4220.03,15,5.358,4.028,4.885,4.981,5.98,5.872,6.294,7.19,6.195,6.019,5.381,5.81,6.161,5.261,4.104,3.791,5.846,7.108,6.744,7.323,8.081,7.195,6.61
4221.03,15,5.356,4.061,4.896,4.916,6.001,5.831,6.286,7.189,6.187,6.058,5.421,5.856,6.234,5.34,4.077,3.711,5.915,7.212,6.698,7.302,8.083,7.211,6.583
4222.03,15,5.36,4.031,4.829,4.918,5.977,5.747,6.292,7.229,6.204,6.046,5.46,5.814,6.193,5.254,4.147,3.768,5.934,7.215,6.709,7.334,8.057,7.204,6.606
4223.03,15,5.364,4.032,4.838,4.975,5.998,5.909,6.317,7.16,6.12,6.079,5.378,5.83,6.236,5.306,4.072,3.765,5.935,7.144,6.744,7.322,8.063,7.226,6.588
4224.03,15,5.353,4.025,4.903,4.965,5.922,5.945,6.359,7.172,6.15,6.008,5.361,5.866,6.17,5.305,4.086,3.731,5.874,7.179,6.704,7.264,8.115,7.188,6.572
4225.03,15,5.445,4.095,4.949,4.963,5.983,5.833,6.295,7.22,6.206,6.048,5.381,5.804,6.123,5.303,4.193,3.657,5.888,7.213,6.749,7.309,8.119,7.244,6.584
4226.03,15,5.398,4.001,4.871,4.871,5.972,5.829,6.326,7.214,6.193,6.104,5.428,5.826,6.205,5.322,4.08,3.727,5.93,7.158,6.808,7.301,8.073,7.171,6.525
4227.03,15,5.395,4.048,4.905,4.936,5.996,5.82,6.277,7.219,6.125,6.056,5.346,5.794,6.171,5.339,4.097,3.754,5.861,7.2,6.757,7.287,8.08,7.178,6.59
4228.03,15,5.336,4.04,4.92,4.896,5.942,5.807,6.355,7.189,6.172,6.092,5.393,5.827,6.24,5.313,4.14,3.687,5.938,7.179,6.75,7.233,8.094,7.212,6.582
4229.03,15,5.413,4.105,4.96,4.909,6,5.781,6.316,7.163,6.21,6.035,5.399,5.816,6.153,5.286,4.093,3.787,5.914,7.267,6.735,7.277,8.081,7.21,6.557
4230.03,15,5.379,4.034,4.916,4.875,5.975,5.816,6.358,7.243,6.23,6.061,5.37,5.784,6.25,5.355,4.087,3.758,5.874,7.246,6.724,7.335,8.116,7.227,6.573
4231.03,15,5.395,4.055,4.889,4.928,5.996,5.833,6.266,7.216,6.043,6.011,5.44,5.828,6.154,5.275,4.088,3.714,5.96,7.231,6.752,7.266,8.099,7.209,6.543
4232.03,15,5.392,4.004,4.881,4.935,5.94,5.795,6.227,7.237,6.138,6.009,5.351,5.831,6.195,5.339,4.108,3.705,5.9,7.11,6.761,7.266,8.079,7.221,6.582
4233.03,15,5.429,4.039,4.884,4.956,5.996,5.859,6.261,7.179,6.133,6.033,5.405,5.788,6.244,5.253,4.098,3.747,5.965,7.243,6.78,7.319,8.044,7.233,6.562
4234.03,15,5.421,4.051,4.889,4.902,5.952,5.815,6.362,7.173,6.118,6.084,5.389,5.843,6.201,5.283,4.115,3.753,5.939,7.191,6.775,7.302,8.066,7.18,6.644
4235.03,15,5.437,4.093,4.883,4.948,6.005,5.827,6.279,7.238,6.151,5.99,5.401,5.786,6.164,5.309,4.096,3.78,5.872,7.15,6.755,7.251,8.068,7.24,6.538
4236.03,15,5.398,4.083,4.906,4.969,5.989,5.839,6.293,7.163,6.143,6.067,5.431,5.774,6.213,5.355,4.202,3.759,5.923,7.167,6.761,7.317,8.07,7.204,6.614
4237.03,15,5.377,4.047,4.858,4.992,5.995,5.847,6.265,7.224,6.082,6.063,5.33,5.866,6.242,5.331,4.084,3.781,5.893,7.176,6.847,7.359,8.075,7.265,6.636
4238.03,15,5.36,4.081,4.831,4.95,6.041,5.837,6.351,7.122,6.12,6.098,5.418,5.805,6.237,5.27,4.126,3.71,5.908,7.264,6.689,7.313,8.09,7.232,6.568
4239.03,15,5.386,4.007,4.879,4.98,5.966,5.839,6.266,7.192,6.11,6.076,5.459,5.814,6.199,5.215,4.13,3.728,5.932,7.18,6.816,7.311,8.068,7.238,6.572
4240.03,15,5.429,4.036,4.922,4.9,6.002,5.812,6.372,7.235,6.169,6.02,5.39,5.817,6.125,5.31,4.139,3.825,5.905,7.231,6.743,7.29,8.037,7.176,6.563
4241.03,15,5.38,4.054,4.891,4.984,5.981,5.775,6.346,7.225,6.154,6.039,5.389,5.863,6.204,5.271,4.148,3.797,5.902,7.188,6.711,7.316,8.117,7.197,6.609
4242.03,15,5.393,4.024,4.921,4.939,6.002,5.816,6.329,7.246,6.206,6.074,5.428,5.849,6.192,5.323,4.141,3.737,5.987,7.162,6.751,7.306,8.132,7.184,6.531
4243.03,15,5.36,3.999,4.855,5.008,5.948,5.887,6.255,7.196,6.187,6.033,5.383,5.851,6.204,5.229,4.069,3.789,5.965,7.212,6.755,7.284,8.158,7.231,6.536
4244.03,15,5.35,4.06,4.879,4.949,6.012,5.84,6.255,7.258,6.156,6.044,5.43,5.774,6.233,5.315,4.052,3.781,5.918,7.247,6.681,7.32,8.105,7.234,6.557
4245.03,15,5.362,4,4.947,4.951,5.994,5.833,6.259,7.219,6.123,6.013,5.44,5.811,6.121,5.306,4.11,3.724,5.876,7.182,6.708,7.29,8.07,7.289,6.566
4246.03,15,5.401,4.078,4.941,4.92,6.006,5.838,6.302,7.181,6.128,6.087,5.393,5.849,6.192,5.316,4.167,3.716,5.93,7.179,6.716,7.325,8.064,7.22,6.622
4247.03,15,5.417,3.993,4.958,4.985,5.97,5.799,6.309,7.181,6.134,6.097,5.424,5.809,6.162,5.261,4.117,3.832,5.888,7.204,6.75,7.258,8.036,7.227,6.496
4248.03,15,5.365,4.127,4.901,4.965,5.974,5.86,6.359,7.224,6.153,6.104,5.389,5.817,6.203,5.324,4.121,3.734,5.896,7.235,6.732,7.281,8.094,7.176,6.577
4249.03,15,5.375,4.034,4.845,4.969,5.99,5.855,6.28,7.244,6.246,6.081,5.377,5.815,6.21,5.333,4.167,3.767,5.923,7.237,6.722,7.257,8.064,7.266,6.557
4250.03,15,5.374,4.086,4.903,4.942,6.002,5.829,6.279,7.232,6.085,6.014,5.41,5.842,6.183,5.309,4.108,3.743,5.972,7.203,6.774,7.275,8.083,7.202,6.561
4251.03,15,5.375,4.088,4.959,4.977,5.958,5.844,6.358,7.224,6.194,6.053,5.396,5.857,6.201,5.301,4.165,3.731,5.931,7.185,6.763,7.263,8.063,7.277,6.603
4252.03,15,5.395,4.061,4.961,4.909,6.004,5.854,6.272,7.222,6.117,6.128,5.415,5.841,6.223,5.265,4.094,3.763,5.98,7.121,6.743,7.286,8.096,7.248,6.585
4253.03,15,5.46,4.078,4.936,4.947,5.939,5.867,6.255,7.158,6.158,6.073,5.399,5.819,6.207,5.313,4.085,3.738,6.009,7.22,6.81,7.33,8.127,7.243,6.523
4254.03,15,5.419,4.022,4.881,4.913,6.008,5.789,6.28,7.265,6.13,6.098,5.392,5.874,6.219,5.269,4.121,3.79,5.919,7.26,6.791,7.3,8.068,7.216,6.589
4255.03,15,5.372,4.106,4.944,4.953,5.965,5.815,6.258,7.191,6.136,6.069,5.41,5.798,6.229,5.322,4.127,3.743,5.954,7.253,6.745,7.266,8.084,7.175,6.562
4256.03,15,5.435,4.1,4.898,4.948,5.992,5.81,6.332,7.162,6.126,6.162,5.367,5.817,6.147,5.217,4.124,3.816,5.902,7.136,6.715,7.331,8.04,7.184,6.558
4257.03,15,5.391,4.049,4.887,4.949,5.938,5.876,6.351,7.267,6.172,6.124,5.462,5.793,6.201,5.282,4.132,3.773,5.891,7.157,6.791,7.263,8.138,7.214,6.68
4258.03,15,5.408,4.007,4.886,4.902,5.996,5.767,6.274,7.253,6.137,5.988,5.374,5.856,6.227,5.291,4.108,3.77,5.932,7.195,6.789,7.291,8.119,7.264,6.569
4259.03,15,5.442,4.035,4.863,4.945,5.963,5.863,6.28,7.111,6.139,6.056,5.427,5.92,6.254,5.321,4.053,3.789,5.902,7.14,6.694,7.305,8.09,7.199,6.59
4260.03,15,5.367,4.077,4.905,4.958,5.999,5.814,6.271,7.153,6.15,6.071,5.347,5.791,6.21,5.355,4.114,3.806,5.96,7.163,6.736,7.278,8.092,7.18,6.583
4261.03,15,5.426,4.017,4.899,4.921,5.951,5.88,6.336,7.162,6.205,6.101,5.393,5.833,6.209,5.309,4.14,3.773,5.951,7.176,6.722,7.253,8.132,7.154,6.599
4262.03,15,5.425,4.093,4.932,4.998,5.951,5.891,6.274,7.122,6.175,6.065,5.426,5.886,6.248,5.3,4.109,3.743,5.935,7.141,6.717,7.343,8.097,7.221,6.591
4263.03,15,5.431,4.088,4.918,4.939,5.966,5.827,6.257,7.173,6.175,6.049,5.392,5.747,6.188,5.266,4.111,3.811,5.913,7.276,6.712,7.339,8.074,7.229,6.619
4264.03,15,5.433,4.041,4.896,4.988,5.942,5.762,6.308,7.203,6.153,6.044,5.348,5.794,6.25,5.272,4.156,3.82,5.97,7.195,6.719,7.299,8.1,7.187,6.592
4265.03,15,5.401,4.125,4.841,4.896,5.974,5.852,6.275,7.216,6.16,6.081,5.405,5.834,6.188,5.311,4.118,3.766,5.917,7.206,6.788,7.292,8.135,7.23,6.628
4266.03,15,5.382,4.034,4.89,4.938,6.007,5.915,6.328,7.194,6.192,6.025,5.325,5.861,6.257,5.343,4.073,3.789,5.845,7.244,6.78,7.34,8.107,7.191,6.522
4267.03,15,5.36,4.071,4.852,4.874,5.931,5.754,6.261,7.156,6.141,6.059,5.406,5.831,6.175,5.37,4.156,3.738,5.944,7.168,6.744,7.289,8.092,7.163,6.598
4268.03,15,5.336,4.061,4.9,4.967,5.992,5.874,6.281,7.123,6.162,6.041,5.406,5.785,6.233,5.282,4.153,3.775,5.953,7.227,6.727,7.293,8.105,7.211,6.603
4269.03,15,5.33,4.028,4.889,4.933,5.936,5.861,6.335,7.175,6.094,6.073,5.362,5.802,6.207,5.276,4.066,3.764,5.887,7.138,6.745,7.313,8.113,7.207,6.625
4270.03,15,5.408,4.068,4.937,4.973,6.008,5.898,6.304,7.197,6.097,6.127,5.433,5.824,6.207,5.256,4.17,3.765,5.931,7.23,6.73,7.305,8.017,7.186,6.572
4271.03,15,5.433,4.001,4.931,4.884,5.975,5.799,6.33,7.166,6.142,6.016,5.376,5.853,6.272,5.324,4.127,3.826,5.946,7.16,6.759,7.374,8.123,7.246,6.627
4272.03,15,5.434,4.102,4.873,4.934,5.944,5.818,6.266,7.27,6.136,6.098,5.291,5.876,6.195,5.277,4.089,3.777,5.893,7.115,6.765,7.266,8.103,7.241,6.564
4273.03,15,5.392,4.072,4.918,4.906,6.003,5.823,6.302,7.205,6.137,6.073,5.449,5.878,6.182,5.269,4.11,3.753,5.879,7.184,6.716,7.3,8.104,7.204,6.558
4274.03,15,5.427,4.029,4.966,4.955,6.032,5.75,6.278,7.274,6.116,6.073,5.349,5.829,6.224,5.287,4.092,3.75,5.922,7.102,6.716,7.335,8.019,7.248,6.569
4275.03,15,5.379,4.029,4.916,4.892,5.994,5.942,6.349,7.236,6.17,6.047,5.387,5.841,6.133,5.341,4.168,3.717,5.908,7.188,6.758,7.313,8.055,7.304,6.578
4276.03,15,5.412,4.016,4.879,4.96,5.981,5.835,6.256,7.25,6.154,6.064,5.378,5.827,6.231,5.297,4.186,3.804,5.963,7.189,6.744,7.296,8.096,7.218,6.593
4277.03,15,5.363,4.094,5.003,4.949,6.024,5.774,6.301,7.193,6.099,6.083,5.362,5.854,6.183,5.309,4.145,3.82,5.892,7.184,6.737,7.321,8.084,7.224,6.629
4278.03,15,5.39,4.029,4.961,4.977,5.951,5.834,6.362,7.222,6.152,6.011,5.397,5.819,6.247,5.248,4.118,3.747,5.92,7.202,6.702,7.201,8.105,7.231,6.58
4279.03,15,5.409,4.039,4.907,4.92,5.988,5.815,6.324,7.237,6.122,6.11,5.328,5.861,6.183,5.297,4.135,3.743,5.929,7.183,6.793,7.274,8.127,7.261,6.574
4280.03,15,5.417,3.996,4.911,4.945,6.008,5.824,6.286,7.184,6.133,6.074,5.363,5.812,6.252,5.24,4.101,3.842,5.926,7.213,6.691,7.286,8.09,7.261,6.595
4281.03,15,5.344,4.042,4.904,4.93,5.987,5.884,6.368,7.225,6.158,6.052,5.431,5.798,6.171,5.302,4.125,3.831,5.904,7.229,6.734,7.301,8.1,7.168,6.588
4282.03,15,5.412,4.077,4.928,4.943,5.975,5.804,6.323,7.26,6.146,6.051,5.431,5.791,6.207,5.333,4.118,3.77,5.918,7.147,6.81,7.281,8.132,7.253,6.577
4283.03,15,5.376,3.998,4.907,5,5.957,5.811,6.394,7.268,6.167,6.063,5.486,5.837,6.318,5.304,4.113,3.786,5.971,7.149,6.687,7.266,8.106,7.216,6.512
4284.03,15,5.41,4.019,4.904,4.875,5.956,5.825,6.317,7.172,6.168,6.076,5.411,5.843,6.239,5.28,4.118,3.807,5.975,7.19,6.751,7.336,8.11,7.143,6.552
4285.03,15,5.4,3.993,4.959,4.988,6.059,5.871,6.284,7.207,6.203,6.102,5.421,5.831,6.258,5.355,4.103,3.743,5.922,7.193,6.783,7.311,8.114,7.186,6.608
4286.03,15,5.372,4.081,4.877,4.938,5.94,5.805,6.265,7.231,6.108,6.053,5.335,5.827,6.236,5.254,4.129,3.847,5.896,7.111,6.772,7.32,8.165,7.195,6.646
4287.03,15,5.439,4.018,4.953,4.992,5.919,5.843,6.347,7.136,6.14,6.033,5.341,5.837,6.172,5.22,4.144,3.793,5.907,7.212,6.801,7.248,8.095,7.168,6.532
4288.03,15,5.408,4.096,4.879,4.93,5.989,5.891,6.292,7.262,6.207,6.099,5.478,5.787,6.227,5.256,4.116,3.812,5.906,7.18,6.714,7.327,8.046,7.162,6.567
4289.03,15,5.364,4.071,4.863,4.977,6.045,5.856,6.335,7.21,6.155,5.989,5.484,5.787,6.231,5.298,4.115,3.775,5.976,7.281,6.762,7.318,8.094,7.225,6.562
4290.03,15,5.387,4.059,4.917,4.918,5.932,5.862,6.285,7.168,6.094,6.034,5.362,5.838,6.148,5.339,4.185,3.82,5.941,7.219,6.71,7.305,8.081,7.197,6.562
4291.03,15,5.422,4.059,4.911,4.931,5.996,5.849,6.337,7.174,6.104,5.973,5.443,5.786,6.235,5.354,4.176,3.768,5.978,7.209,6.762,7.3,8.059,7.258,6.591
4292.03,15,5.38,4.045,4.882,4.91,6.007,5.862,6.322,7.192,6.14,6.113,5.375,5.828,6.156,5.287,4.108,3.785,5.865,7.178,6.769,7.315,8.05,7.236,6.613
4293.03,15,5.373,4.06,4.884,4.973,5.985,5.815,6.288,7.213,6.16,6.145,5.431,5.795,6.162,5.339,4.114,3.717,5.939,7.207,6.745,7.32,8.031,7.181,6.58
4294.03,15,5.414,4.047,4.949,4.943,5.963,5.808,6.304,7.219,6.182,6.087,5.401,5.867,6.218,5.348,4.123,3.738,5.916,7.208,6.78,7.357,8.075,7.223,6.547
4295.03,15,5.418,4.06,4.91,4.966,5.969,5.856,6.322,7.196,6.179,6.013,5.394,5.833,6.228,5.29,4.123,3.837,5.935,7.205,6.774,7.217,8.097,7.229,6.602
4296.03,15,5.449,4.1,4.879,4.86,5.928,5.801,6.318,7.195,6.121,6.044,5.372,5.87,6.146,5.329,4.082,3.76,5.881,7.237,6.725,7.251,8.109,7.241,6.581
4297.03,15,5.395,4.079,4.916,4.941,5.976,5.781,6.33,7.253,6.115,6.107,5.415,5.864,6.237,5.293,4.156,3.76,5.928,7.182,6.726,7.295,8.003,7.193,6.62
4298.03,15,5.408,4.102,4.946,4.952,5.927,5.829,6.316,7.156,6.172,6.098,5.353,5.806,6.194,5.278,4.144,3.819,5.927,7.173,6.784,7.267,8.128,7.198,6.567
4299.03,15,5.439,4.053,4.951,4.908,6.013,5.822,6.321,7.209,6.134,6.047,5.431,5.854,6.208,5.32,4.136,3.817,5.939,7.198,6.657,7.29,8.088,7.28,6.597
4300.03,15,5.464,4.075,4.94,4.904,5.947,5.819,6.32,7.24,6.189,6.01,5.422,5.828,6.234,5.26,4.12,3.75,5.921,7.208,6.742,7.361,8.086,7.212,6.587
4301.03,15,5.437,4.073,4.931,4.902,5.964,5.806,6.242,7.177,6.168,6.008,5.427,5.814,6.206,5.318,4.125,3.755,6.029,7.22,6.786,7.327,8.098,7.202,6.558
4302.03,15,5.449,4.072,4.939,4.914,6.073,5.891,6.299,7.186,6.209,6.053,5.391,5.902,6.168,5.31,4.047,3.745,5.921,7.186,6.742,7.288,8.092,7.214,6.546
4303.03,15,5.373,4.034,4.957,4.926,6.02,5.843,6.302,7.211,6.113,6.117,5.415,5.817,6.279,5.279,4.122,3.774,5.909,7.198,6.816,7.338,8.134,7.203,6.576
4304.03,15,5.415,4.145,4.927,4.984,6.03,5.8,6.273,7.225,6.168,6.017,5.383,5.828,6.256,5.299,4.194,3.813,5.91,7.194,6.721,7.231,8.054,7.249,6.572
4305.03,15,5.403,4.143,4.899,4.876,5.937,5.856,6.305,7.276,6.168,6.13,5.435,5.831,6.184,5.287,4.139,3.717,5.899,7.206,6.787,7.315,8.127,7.2,6.565
4306.03,15,5.411,4.035,4.897,4.949,5.996,5.84,6.292,7.235,6.183,6.027,5.413,5.758,6.178,5.325,4.127,3.814,5.892,7.139,6.797,7.312,8.062,7.221,6.535
4307.03,15,5.364,4.035,4.888,4.944,5.952,5.763,6.33,7.134,6.182,6.053,5.349,5.808,6.212,5.323,4.141,3.717,5.893,7.183,6.796,7.258,8.13,7.204,6.628
4308.03,15,5.411,4.05,4.878,4.896,5.991,5.812,6.298,7.127,6.123,6.103,5.372,5.822,6.216,5.308,4.132,3.804,5.99,7.179,6.792,7.395,8.113,7.276,6.703
4309.03,15,5.391,4.075,4.9,4.917,6.129,5.802,6.332,7.187,6.213,6.06,5.429,5.834,6.201,5.342,4.149,3.789,5.955,7.182,6.713,7.33,8.1,7.247,6.576
4310.03,15,5.425,4.05,4.903,4.946,5.968,5.827,6.28,7.241,6.149,6.021,5.383,5.771,6.168,5.328,4.04,3.811,5.907,7.203,6.705,7.334,8.05,7.248,6.604
4311.03,15,5.432,3.991,4.955,4.913,5.994,5.873,6.351,7.198,6.184,6.04,5.42,5.839,6.273,5.319,4.154,3.739,5.951,7.208,6.68,7.292,8.087,7.231,6.617
4312.03,15,5.403,4.103,4.911,4.917,5.958,5.794,6.323,7.274,6.148,6.084,5.418,5.819,6.206,5.35,4.141,3.765,5.902,7.242,6.7,7.283,8.122,7.218,6.629
4313.03,15,5.4,4.075,4.837,4.927,5.98,5.884,6.354,7.272,6.189,5.994,5.401,5.81,6.236,5.249,4.103,3.769,5.949,7.195,6.763,7.31,8.097,7.222,6.574
4314.03,15,5.403,4.102,4.988,4.976,5.975,5.839,6.319,7.183,6.153,6.119,5.33,5.845,6.232,5.376,4.139,3.781,5.934,7.208,6.741,7.329,8.093,7.229,6.53
4315.03,15,5.363,4.061,4.969,4.944,6.045,5.8,6.289,7.203,6.128,5.977,5.469,5.83,6.215,5.323,4.175,3.714,5.923,7.209,6.792,7.273,8.063,7.217,6.567
4316.03,15,5.377,4.051,4.94,4.944,5.916,5.829,6.303,7.202,6.149,6.085,5.39,5.877,6.19,5.304,4.195,3.723,5.928,7.164,6.817,7.249,8.129,7.159,6.537
4317.03,15,5.343,4.015,4.93,4.941,5.976,5.905,6.27,7.271,6.165,6.123,5.375,5.868,6.245,5.283,4.108,3.788,5.881,7.24,6.677,7.263,8.015,7.186,6.572
4318.03,15,5.325,4.109,4.94,4.914,6.005,5.864,6.275,7.261,6.17,6.082,5.395,5.807,6.175,5.357,4.182,3.732,5.987,7.191,6.75,7.245,8.14,7.219,6.603
4319.03,15,5.352,4.133,4.926,4.88,6.014,5.871,6.336,7.217,6.12,6.031,5.39,5.829,6.26,5.326,4.154,3.834,5.911,7.241,6.7,7.354,8.101,7.197,6.539
4320.03,15,5.327,4.09,4.899,4.942,5.929,5.828,6.333,7.173,6.158,6.073,5.415,5.857,6.215,5.276,4.08,3.801,5.936,7.183,6.754,7.362,8.173,7.171,6.54
4321.03,15,5.438,4.048,4.902,4.891,5.992,5.865,6.332,7.268,6.179,6.091,5.34,5.799,6.255,5.344,4.092,3.817,5.979,7.143,6.706,7.263,8.093,7.269,6.621
4322.03,15,5.358,4.03,4.917,5.024,6.011,5.838,6.322,7.245,6.167,6.071,5.389,5.867,6.18,5.316,4.09,3.79,5.892,7.158,6.746,7.347,8.056,7.179,6.636
4323.03,15,5.437,4.052,4.921,4.932,5.96,5.849,6.283,7.266,6.141,6.109,5.361,5.87,6.173,5.267,4.126,3.821,5.918,7.252,6.735,7.284,8.042,7.205,6.546
4324.03,15,5.446,4.109,4.972,4.917,5.96,5.848,6.295,7.203,6.126,6.142,5.356,5.812,6.198,5.312,4.107,3.768,5.902,7.169,6.807,7.242,8.151,7.19,6.581
4325.03,15,5.409,4.122,4.943,4.964,6.01,5.795,6.341,7.246,6.152,6.009,5.4,5.913,6.17,5.364,4.169,3.777,5.915,7.187,6.692,7.349,8.078,7.207,6.611
4326.03,15,5.432,4.004,4.898,4.924,5.98,5.821,6.291,7.214,6.18,5.969,5.41,5.874,6.227,5.296,4.182,3.779,5.965,7.196,6.822,7.326,8.099,7.163,6.527
4327.03,15,5.462,4.058,4.918,4.94,5.98,5.843,6.347,7.213,6.149,6.108,5.376,5.778,6.157,5.314,4.132,3.799,5.912,7.255,6.744,7.289,8.084,7.197,6.605
4328.03,15,5.418,4.032,4.881,4.943,6.011,5.882,6.318,7.24,6.209,6.077,5.365,5.79,6.174,5.379,4.112,3.786,5.925,7.185,6.713,7.294,8.095,7.264,6.578
4329.03,15,5.396,4.084,4.929,4.912,6.01,5.803,6.345,7.157,6.143,6.036,5.331,5.8,6.166,5.23,4.2,3.778,5.923,7.146,6.788,7.292,8.14,7.217,6.585
4330.03,15,5.299,4.102,4.908,4.939,5.998,5.878,6.261,7.268,6.145,6.062,5.432,5.834,6.226,5.301,4.051,3.816,5.952,7.234,6.716,7.308,8.056,7.187,6.578
4331.03,15,5.433,4.063,4.928,4.959,6.017,5.842,6.375,7.208,6.176,6.139,5.306,5.827,6.232,5.335,4.121,3.747,5.898,7.203,6.754,7.297,8.079,7.238,6.584
4332.03,15,5.397,4.098,4.959,4.973,6.04,5.856,6.268,7.282,6.168,6,5.425,5.828,6.243,5.369,4.134,3.739,5.947,7.204,6.755,7.288,8.091,7.28,6.605
4333.03,15,5.36,4.074,4.961,4.958,6.023,5.829,6.283,7.252,6.114,6.081,5.466,5.83,6.199,5.36,4.128,3.785,5.936,7.249,6.801,7.291,8.117,7.199,6.651
4334.03,15,5.424,4.119,4.884,4.949,5.943,5.846,6.321,7.246,6.222,6.089,5.318,5.866,6.189,5.333,4.183,3.814,5.861,7.22,6.787,7.313,8.089,7.228,6.592
4335.03,15,5.439,4.073,4.916,4.979,5.933,5.854,6.308,7.199,6.136,6.07,5.409,5.812,6.255,5.346,4.098,3.781,5.954,7.231,6.76,7.314,8.045,7.212,6.636
4336.03,15,5.376,4.061,4.923,4.95,6.009,5.879,6.316,7.173,6.123,6.036,5.365,5.828,6.22,5.327,4.141,3.785,5.88,7.106,6.698,7.28,8.134,7.239,6.556
4337.03,15,5.39,4.027,4.912,4.908,6.046,5.906,6.285,7.216,6.151,6.1,5.451,5.814,6.283,5.323,4.093,3.784,5.891,7.19,6.704,7.282,8.084,7.234,6.582
4338.03,15,5.364,3.991,4.891,4.971,6.033,5.838,6.307,7.207,6.193,6.042,5.42,5.783,6.229,5.281,4.156,3.718,5.967,7.147,6.729,7.336,8.149,7.204,6.56
4339.03,15,5.398,4.035,4.93,4.963,6.008,5.831,6.338,7.2,6.118,6.069,5.292,5.85,6.232,5.257,4.136,3.739,5.909,7.113,6.758,7.321,8.149,7.243,6.612
4340.03,15,5.457,4.08,4.98,4.892,5.932,5.892,6.265,7.2,6.159,6,5.367,5.806,6.225,5.364,4.197,3.726,5.905,7.203,6.798,7.326,8.061,7.203,6.602
4341.03,15,5.378,4.093,5.038,4.895,6.04,5.832,6.276,7.219,6.158,6.022,5.443,5.875,6.235,5.305,4.151,3.803,5.915,7.206,6.767,7.301,8.125,7.233,6.542
4342.03,15,5.415,4.01,4.915,4.866,5.994,5.824,6.292,7.198,6.162,6.035,5.418,5.856,6.181,5.299,4.152,3.846,5.988,7.203,6.797,7.326,8.074,7.255,6.604
4343.03,15,5.458,4.093,4.92,4.879,5.95,5.791,6.292,7.197,6.187,6.093,5.422,5.841,6.191,5.317,4.185,3.822,5.921,7.193,6.695,7.284,8.096,7.189,6.571
4344.03,15,5.434,4.121,4.95,4.969,6.034,5.89,6.271,7.167,6.151,6.038,5.358,5.792,6.201,5.357,4.168,3.858,5.882,7.175,6.824,7.307,8.076,7.199,6.583
4345.03,15,5.452,4.083,4.942,4.926,6.039,5.793,6.304,7.248,6.126,6.046,5.417,5.851,6.279,5.346,4.078,3.772,5.892,7.224,6.778,7.276,8.147,7.265,6.607
4346.03,15,5.407,4.102,4.917,4.951,6.004,5.798,6.233,7.194,6.206,6.073,5.357,5.843,6.196,5.306,4.156,3.794,5.912,7.198,6.726,7.311,8.047,7.221,6.566
4347.03,15,5.423,4.047,4.928,4.917,5.967,5.833,6.245,7.19,6.184,6.062,5.425,5.796,6.178,5.285,4.061,3.795,5.912,7.245,6.764,7.318,8.131,7.193,6.558
4348.03,15,5.4,4.045,4.939,4.945,5.955,5.871,6.278,7.228,6.166,6.067,5.44,5.837,6.189,5.28,4.164,3.827,5.943,7.2,6.769,7.41,8.089,7.181,6.559
4349.03,15,5.381,4.057,4.868,4.933,5.979,5.828,6.284,7.19,6.161,6.046,5.427,5.789,6.227,5.32,4.149,3.822,5.88,7.159,6.748,7.255,8.066,7.219,6.518
4350.03,15,5.428,4.098,4.908,4.98,5.98,5.888,6.287,7.206,6.07,6.083,5.38,5.83,6.227,5.272,4.094,3.797,5.952,7.241,6.751,7.283,8.114,7.176,6.536
4351.03,15,5.361,4.039,4.96,4.868,5.981,5.828,6.326,7.23,6.156,6.004,5.416,5.802,6.224,5.378,4.132,3.796,5.878,7.164,6.828,7.29,8.102,7.209,6.589
4352.03,15,5.398,4.046,4.97,4.863,6.045,5.836,6.302,7.233,6.172,6.076,5.373,5.772,6.199,5.297,4.172,3.79,5.908,7.126,6.766,7.302,8.105,7.17,6.549
4353.03,15,5.425,4.041,4.943,4.942,5.984,5.882,6.343,7.203,6.18,6.073,5.386,5.839,6.214,5.297,4.086,3.812,5.926,7.2,6.767,7.261,8.081,7.175,6.565
4354.03,15,5.399,4.02,4.863,4.961,5.993,5.839,6.314,7.242,6.159,6.042,5.386,5.789,6.188,5.31,4.099,3.8,5.986,7.196,6.795,7.303,8.104,7.183,6.556
4355.03,15,5.417,4.055,4.92,4.91,6.026,5.835,6.306,7.221,6.146,6.054,5.356,5.859,6.12,5.357,4.094,3.81,5.915,7.171,6.737,7.346,8.096,7.175,6.553
4356.03,15,5.407,4.046,4.912,4.936,5.997,5.897,6.316,7.214,6.196,6.029,5.363,5.804,6.192,5.228,4.087,3.827,5.905,7.126,6.745,7.335,8.067,7.184,6.539
4357.03,15,5.398,4.097,5.009,4.957,6.049,5.797,6.276,7.218,6.165,6.096,5.422,5.813,6.275,5.284,4.138,3.827,5.976,7.222,6.753,7.302,8.138,7.227,6.609
4358.03,15,5.459,4.086,4.938,4.954,6.004,5.835,6.319,7.188,6.257,6.098,5.322,5.829,6.204,5.347,4.075,3.843,5.996,7.196,6.767,7.322,8.099,7.211,6.574
4359.03,15,5.37,4.061,4.953,4.903,5.992,5.864,6.258,7.22,6.176,6.09,5.359,5.825,6.161,5.332,4.162,3.825,5.976,7.184,6.749,7.243,8.131,7.239,6.587
4360.03,15,5.348,4.084,4.888,4.898,5.968,5.78,6.303,7.183,6.137,6.126,5.37,5.776,6.211,5.302,4.098,3.797,5.965,7.259,6.784,7.337,8.142,7.187,6.56
4361.03,15,5.442,4.135,4.928,4.901,5.985,5.855,6.335,7.24,6.17,6.036,5.432,5.812,6.188,5.274,4.152,3.756,5.966,7.282,6.723,7.324,8.127,7.211,6.601
4362.03,15,5.382,4.085,4.981,4.976,6.042,5.837,6.262,7.262,6.128,6.028,5.405,5.876,6.23,5.309,4.117,3.843,5.954,7.148,6.737,7.266,8.057,7.201,6.546
4363.03,15,5.426,4.069,4.934,4.944,5.969,5.805,6.298,7.287,6.134,6.084,5.37,5.813,6.211,5.323,4.133,3.811,5.924,7.159,6.762,7.335,8.029,7.191,6.563
4364.03,15,5.378,4.001,4.907,4.982,6.072,5.83,6.282,7.211,6.124,6.067,5.404,5.848,6.215,5.287,4.224,3.769,5.925,7.122,6.752,7.401,8.037,7.159,6.576
4365.03,15,5.367,4.081,4.974,4.945,5.997,5.859,6.338,7.266,6.155,6.131,5.404,5.862,6.218,5.275,4.18,3.773,5.932,7.156,6.719,7.3,8.084,7.176,6.518
4366.03,15,5.376,4.054,4.981,4.952,5.933,5.836,6.337,7.169,6.189,6.024,5.355,5.796,6.2,5.354,4.096,3.826,5.925,7.173,6.75,7.277,8.144,7.221,6.585
4367.03,15,5.4,4.074,4.881,4.93,5.975,5.788,6.343,7.24,6.149,6.06,5.436,5.833,6.198,5.302,4.141,3.857,5.905,7.217,6.7,7.282,8.112,7.231,6.607
4368.03,15,5.418,4.075,4.89,4.919,6.008,5.8,6.34,7.227,6.191,6.11,5.406,5.812,6.217,5.299,4.193,3.809,5.9,7.209,6.755,7.278,8.129,7.178,6.603
4369.03,15,5.427,4.085,4.918,4.89,5.999,5.793,6.364,7.294,6.175,6.065,5.486,5.901,6.213,5.304,4.073,3.769,5.93,7.174,6.79,7.291,8.125,7.238,6.571
4370.03,15,5.441,4.08,4.964,4.878,6.005,5.832,6.331,7.247,6.07,6.019,5.432,5.799,6.25,5.272,4.162,3.849,5.899,7.2,6.76,7.305,8.093,7.201,6.576
4371.03,15,5.406,4.143,4.869,4.93,5.988,5.841,6.269,7.203,6.194,6.034,5.351,5.858,6.136,5.355,4.149,3.78,5.963,7.281,6.736,7.342,8.108,7.196,6.634
4372.03,15,5.361,4.022,4.928,4.943,5.976,5.857,6.32,7.211,6.209,6.076,5.427,5.822,6.22,5.317,4.135,3.728,5.905,7.215,6.791,7.334,8.07,7.227,6.579
4373.03,15,5.441,4.059,4.87,4.955,5.992,5.82,6.313,7.217,6.185,6.053,5.391,5.778,6.193,5.29,4.141,3.725,5.951,7.215,6.757,7.25,8.05,7.137,6.56
4374.03,15,5.423,4.083,4.941,4.958,5.982,5.846,6.315,7.241,6.151,6.101,5.411,5.861,6.224,5.274,4.147,3.771,5.933,7.201,6.701,7.247,8.044,7.17,6.552
4375.03,15,5.375,4.045,4.89,4.962,6.043,5.852,6.383,7.256,6.11,6.045,5.422,5.804,6.267,5.281,4.153,3.778,5.919,7.192,6.742,7.282,8.097,7.237,6.592
4376.03,15,5.358,4.094,4.88,4.936,5.985,5.837,6.336,7.206,6.151,6.109,5.384,5.832,6.273,5.317,4.116,3.788,5.891,7.141,6.774,7.298,8.15,7.204,6.588
4377.03,15,5.385,4.104,4.963,4.879,5.994,5.819,6.31,7.167,6.177,6.042,5.371,5.82,6.151,5.275,4.117,3.796,5.967,7.194,6.718,7.352,8.146,7.25,6.596
4378.03,15,5.429,4.046,4.975,4.935,5.98,5.846,6.281,7.173,6.052,6.049,5.442,5.852,6.219,5.365,4.179,3.777,5.891,7.218,6.788,7.243,8.094,7.231,6.599
4379.03,15,5.382,4.037,4.934,5.01,6.022,5.873,6.294,7.117,6.121,6.113,5.43,5.816,6.24,5.352,4.151,3.834,5.91,7.269,6.718,7.316,8.111,7.228,6.603
4380.03,15,5.423,3.992,4.904,4.98,6.012,5.837,6.332,7.216,6.153,6.119,5.407,5.864,6.207,5.27,4.133,3.801,5.932,7.257,6.76,7.288,8.125,7.177,6.614
4381.03,15,5.372,4.069,4.907,4.975,6.022,5.878,6.33,7.214,6.175,6.019,5.424,5.801,6.18,5.357,4.194,3.771,5.929,7.226,6.759,7.277,8.112,7.223,6.534
4382.03,15,5.341,4.053,4.909,4.959,6.065,5.872,6.294,7.205,6.073,6.08,5.404,5.876,6.122,5.355,4.182,3.853,5.939,7.177,6.741,7.301,8.056,7.276,6.565
4383.03,15,5.411,4.026,4.91,4.908,6.035,5.845,6.294,7.194,6.108,6.132,5.42,5.781,6.207,5.285,4.106,3.82,5.962,7.207,6.74,7.329,8.146,7.227,6.612
4384.03,15,5.394,4.129,4.884,4.92,6.033,5.819,6.349,7.185,6.144,6.032,5.421,5.833,6.185,5.347,4.138,3.803,5.919,7.178,6.726,7.284,8.121,7.173,6.582
4385.03,15,5.319,3.994,4.92,4.902,5.998,5.86,6.307,7.18,6.079,6.103,5.373,5.859,6.201,5.289,4.155,3.764,5.954,7.206,6.73,7.274,8.135,7.178,6.563
4386.03,15,5.413,4.084,4.899,4.875,5.982,5.776,6.261,7.207,6.188,5.999,5.441,5.795,6.242,5.294,4.115,3.762,5.894,7.194,6.73,7.343,8.108,7.181,6.584
4387.03,15,5.393,4.092,4.827,4.951,5.917,5.828,6.353,7.198,6.127,6.058,5.406,5.874,6.219,5.261,4.245,3.746,5.956,7.171,6.748,7.275,8.145,7.234,6.594
4388.03,15,5.433,4.073,4.891,4.888,6.045,5.881,6.277,7.217,6.123,6.045,5.388,5.851,6.165,5.286,4.138,3.771,5.871,7.295,6.751,7.34,8.141,7.267,6.583
4389.03,15,5.387,4.094,4.873,4.965,6.053,5.909,6.339,7.21,6.159,6.068,5.44,5.812,6.156,5.345,4.132,3.819,5.911,7.148,6.817,7.277,8.135,7.188,6.502
4390.03,15,5.436,4.111,4.955,4.913,6.008,5.795,6.267,7.195,6.147,6.073,5.356,5.862,6.191,5.251,4.12,3.833,5.886,7.242,6.774,7.262,8.09,7.245,6.582
4391.03,15,5.374,4.052,4.922,4.984,5.989,5.832,6.317,7.182,6.148,6.077,5.365,5.888,6.316,5.32,4.136,3.78,5.866,7.159,6.77,7.194,8.128,7.236,6.564
4392.03,15,5.455,4.043,4.946,4.948,6.046,5.833,6.307,7.242,6.18,6.088,5.369,5.832,6.203,5.324,4.173,3.797,5.945,7.216,6.771,7.291,8.108,7.201,6.577
4393.03,15,5.402,4.061,4.933,4.963,6.01,5.838,6.269,7.243,6.156,6.094,5.374,5.849,6.211,5.321,4.222,3.791,5.937,7.229,6.737,7.31,8.114,7.309,6.56
4394.03,15,5.394,4.105,4.949,4.924,5.98,5.8,6.297,7.237,6.179,6.078,5.42,5.795,6.254,5.387,4.159,3.817,5.878,7.215,6.774,7.285,8.114,7.175,6.614
4395.03,15,5.368,4.071,4.951,4.876,6.033,5.776,6.313,7.18,6.141,6.053,5.419,5.834,6.202,5.237,4.112,3.762,5.869,7.201,6.841,7.355,8.047,7.224,6.576
4396.03,15,5.383,4.081,4.936,4.934,6.002,5.783,6.291,7.234,6.099,6.069,5.425,5.802,6.173,5.342,4.083,3.82,5.866,7.183,6.761,7.312,8.112,7.198,6.561
4397.03,15,5.379,4.093,4.925,4.94,5.992,5.822,6.348,7.252,6.141,6.083,5.34,5.834,6.175,5.279,4.168,3.842,5.924,7.194,6.751,7.296,8.122,7.286,6.592
4398.03,15,5.392,4.079,5.016,4.919,5.961,5.895,6.288,7.13,6.194,6.05,5.419,5.821,6.258,5.362,4.096,3.796,5.908,7.179,6.74,7.291,8.015,7.141,6.566
4399.03,15,5.389,4.1,4.924,4.948,5.982,5.823,6.32,7.265,6.107,6.022,5.387,5.847,6.201,5.336,4.116,3.826,5.902,7.206,6.719,7.296,8.067,7.209,6.635
4400.03,15,5.374,4.063,4.943,4.875,5.966,5.846,6.369,7.239,6.193,6.058,5.433,5.802,6.186,5.316,4.174,3.877,5.948,7.225,6.765,7.365,8.084,7.23,6.592
4401.03,15,5.382,4.088,4.985,4.924,5.988,5.835,6.346,7.28,6.134,6.203,5.382,5.88,6.207,5.352,4.167,3.794,5.948,7.175,6.768,7.289,8.194,7.111,6.566
4402.03,15,5.429,4.088,4.934,4.932,6.001,5.819,6.313,7.285,6.14,6.043,5.455,5.804,6.216,5.342,4.151,3.815,5.912,7.257,6.802,7.271,8.152,7.251,6.551
4403.03,15,5.326,4.099,4.945,4.938,5.987,5.868,6.335,7.253,6.181,6.091,5.402,5.815,6.218,5.34,4.164,3.854,5.917,7.169,6.806,7.357,8.108,7.182,6.59
4404.03,15,5.382,4.086,4.966,4.948,6.054,5.851,6.263,7.207,6.154,6.084,5.379,5.827,6.173,5.312,4.148,3.834,5.935,7.275,6.731,7.244,8.144,7.202,6.611
4405.03,15,5.376,4.097,4.9,4.891,6.005,5.829,6.276,7.222,6.115,6.067,5.361,5.814,6.185,5.29,4.155,3.817,5.952,7.269,6.744,7.304,8.076,7.267,6.604
4406.03,15,5.42,4.115,4.905,4.989,5.98,5.873,6.328,7.22,6.176,6.095,5.323,5.868,6.201,5.287,4.15,3.813,5.889,7.19,6.779,7.258,8.096,7.21,6.59
4407.03,15,5.462,4.109,4.884,4.953,6.005,5.844,6.312,7.205,6.13,6.109,5.321,5.81,6.188,5.357,4.134,3.83,5.92,7.183,6.764,7.289,8.133,7.249,6.551
4408.03,15,5.426,4.126,4.954,4.92,5.953,5.796,6.261,7.231,6.141,6.105,5.425,5.804,6.197,5.349,4.16,3.818,5.93,7.186,6.756,7.258,8.099,7.187,6.634
4409.03,15,5.391,4.046,4.964,4.94,5.968,5.871,6.278,7.179,6.073,6.047,5.384,5.82,6.253,5.349,4.119,3.855,5.809,7.146,6.746,7.322,8.08,7.163,6.533
4410.03,15,5.358,4.123,4.92,4.877,5.976,5.799,6.369,7.219,6.23,6.044,5.39,5.852,6.167,5.342,4.05,3.752,5.916,7.152,6.759,7.297,8.115,7.197,6.587
4411.03,15,5.392,4.066,4.928,4.953,5.988,5.925,6.342,7.238,6.219,6.054,5.393,5.851,6.235,5.314,4.144,3.855,5.913,7.177,6.801,7.361,8.048,7.221,6.587
4412.03,15,5.407,4.122,4.946,4.961,6.024,5.818,6.339,7.223,6.216,6.046,5.423,5.842,6.241,5.321,4.167,3.83,5.97,7.218,6.757,7.344,8.014,7.265,6.606
4413.03,15,5.345,4.119,4.992,4.971,6.035,5.806,6.299,7.194,6.189,6.094,5.409,5.815,6.168,5.354,4.119,3.769,5.941,7.078,6.761,7.377,8.144,7.185,6.559
4414.03,15,5.365,4.071,4.928,4.925,5.953,5.83,6.322,7.219,6.19,6.039,5.416,5.819,6.212,5.283,4.099,3.798,5.913,7.223,6.735,7.284,8.05,7.213,6.626
4415.03,15,5.389,4.101,4.896,4.904,6.011,5.777,6.31,7.151,6.158,6.066,5.42,5.904,6.147,5.31,4.179,3.797,5.924,7.16,6.759,7.291,8.163,7.183,6.554
4416.03,15,5.374,4.031,4.927,4.936,6.002,5.844,6.28,7.241,6.229,6.023,5.432,5.842,6.183,5.286,4.115,3.891,5.901,7.252,6.763,7.283,8.083,7.229,6.642
4417.03,15,5.388,4.053,4.986,4.907,6.017,5.882,6.338,7.202,6.159,6.038,5.403,5.834,6.256,5.274,4.121,3.775,5.928,7.203,6.782,7.316,8.084,7.193,6.558
4418.03,15,5.44,4.081,4.953,4.961,5.99,5.846,6.254,7.269,6.152,6.06,5.411,5.823,6.252,5.294,4.151,3.76,5.852,7.17,6.732,7.264,8.036,7.173,6.557
4419.03,15,5.401,4.073,4.935,4.909,5.988,5.895,6.295,7.243,6.154,6.072,5.431,5.812,6.232,5.224,4.117,3.817,5.909,7.202,6.776,7.287,8.112,7.181,6.613
4420.03,15,5.445,4.092,4.955,4.988,5.954,5.825,6.296,7.203,6.14,6.072,5.385,5.844,6.306,5.316,4.101,3.802,5.915,7.243,6.713,7.305,8.078,7.223,6.603
4421.03,15,5.412,4.109,4.903,4.935,6.011,5.848,6.263,7.207,6.121,6.029,5.422,5.83,6.158,5.32,4.141,3.841,5.946,7.218,6.712,7.286,8.086,7.227,6.582
4422.03,15,5.371,4.081,4.966,4.894,6.003,5.889,6.36,7.23,6.142,6.064,5.353,5.875,6.216,5.283,4.124,3.864,5.906,7.226,6.824,7.315,8.105,7.19,6.624
4423.03,15,5.453,4.057,5.007,4.957,6.047,5.833,6.345,7.209,6.094,6.134,5.392,5.786,6.217,5.295,4.125,3.832,5.886,7.204,6.781,7.296,8.111,7.193,6.637
4424.03,15,5.391,4.058,4.967,4.931,6.026,5.822,6.386,7.214,6.188,6.081,5.376,5.809,6.262,5.292,4.135,3.796,5.829,7.159,6.715,7.288,8.028,7.201,6.574
4425.03,15,5.354,4.025,4.958,4.978,6.04,5.819,6.246,7.179,6.154,6.118,5.392,5.82,6.192,5.297,4.031,3.803,5.933,7.225,6.733,7.287,8.123,7.219,6.593
4426.03,15,5.394,4.086,4.956,4.933,5.957,5.8,6.347,7.219,6.154,6.046,5.377,5.817,6.232,5.325,4.185,3.829,5.937,7.252,6.711,7.231,8.071,7.152,6.513
4427.03,15,5.374,4.133,4.923,4.939,6.022,5.912,6.301,7.273,6.202,6.153,5.424,5.83,6.256,5.302,4.221,3.797,5.848,7.216,6.733,7.334,8.074,7.213,6.619
4428.03,15,5.458,4.038,4.9,5,5.937,5.823,6.337,7.228,6.117,6.058,5.42,5.778,6.151,5.36,4.129,3.814,5.89,7.21,6.701,7.358,8.077,7.2,6.591
4429.03,15,5.362,4.13,4.922,4.96,5.971,5.834,6.307,7.246,6.166,6.126,5.37,5.777,6.195,5.332,4.132,3.783,5.925,7.207,6.811,7.283,8.137,7.25,6.57
4430.03,15,5.369,4.051,4.948,4.962,6.047,5.867,6.3,7.263,6.175,6.085,5.379,5.815,6.216,5.275,4.13,3.83,5.898,7.206,6.785,7.353,8.111,7.262,6.651
4431.03,15,5.407,4.045,4.842,4.904,6.01,5.82,6.299,7.171,6.174,6.138,5.315,5.891,6.236,5.273,4.124,3.791,5.924,7.206,6.77,7.389,8.028,7.266,6.59
4432.03,15,5.388,4.08,4.875,4.938,6.021,5.868,6.332,7.252,6.201,6.14,5.397,5.902,6.181,5.281,4.133,3.781,5.953,7.208,6.77,7.335,8.123,7.245,6.547
4433.03,15,5.351,4.107,4.925,4.945,5.994,5.831,6.341,7.247,6.118,6.114,5.4,5.859,6.203,5.269,4.122,3.833,5.921,7.222,6.697,7.315,8.082,7.204,6.619
4434.03,15,5.397,4.055,4.937,4.952,5.958,5.832,6.291,7.233,6.197,6.018,5.454,5.746,6.208,5.282,4.22,3.867,5.922,7.174,6.757,7.341,8.098,7.136,6.616
4435.03,15,5.392,4.056,4.926,4.965,6.023,5.869,6.338,7.153,6.129,6.051,5.354,5.807,6.301,5.331,4.144,3.804,5.912,7.254,6.686,7.338,8.078,7.166,6.593
4436.03,15,5.349,4.059,4.927,4.879,6.039,5.908,6.325,7.211,6.147,6.08,5.383,5.84,6.188,5.306,4.178,3.817,5.89,7.172,6.727,7.26,8.102,7.248,6.585
4437.03,15,5.411,4.07,4.942,4.955,6.017,5.914,6.321,7.225,6.153,6.125,5.387,5.777,6.226,5.291,4.101,3.777,5.928,7.143,6.752,7.262,8.045,7.158,6.545
4438.03,15,5.413,4.087,4.962,4.962,6.016,5.829,6.395,7.234,6.182,6.072,5.415,5.819,6.218,5.3,4.204,3.815,5.905,7.227,6.706,7.328,8.094,7.297,6.539
4439.03,15,5.429,4.098,4.965,4.996,6.006,5.767,6.291,7.176,6.161,6.04,5.374,5.81,6.18,5.318,4.111,3.802,5.904,7.251,6.771,7.302,8.043,7.175,6.585
4440.03,15,5.392,4.087,4.944,4.945,6.015,5.794,6.351,7.161,6.156,6.05,5.37,5.829,6.247,5.32,4.18,3.849,5.874,7.191,6.813,7.315,8.121,7.208,6.618
4441.03,15,5.418,4.012,4.897,4.914,6.021,5.773,6.294,7.244,6.138,6.063,5.443,5.897,6.19,5.283,4.126,3.791,5.934,7.156,6.748,7.315,8.086,7.195,6.64
4442.03,15,5.418,4.09,4.961,4.917,5.982,5.864,6.388,7.26,6.181,6.112,5.345,5.847,6.218,5.263,4.058,3.845,5.973,7.244,6.783,7.303,8.064,7.167,6.604
4443.03,15,5.361,4.085,4.9,4.936,6.028,5.89,6.33,7.209,6.2,6.04,5.417,5.857,6.196,5.32,4.12,3.787,5.934,7.206,6.766,7.366,8.103,7.284,6.582
4444.03,15,5.425,4.13,5.007,4.969,6.009,5.815,6.292,7.259,6.124,6.027,5.441,5.828,6.231,5.413,4.125,3.805,5.881,7.189,6.771,7.338,8.121,7.216,6.6
4445.03,15,5.374,4.046,4.942,4.924,5.965,5.864,6.322,7.235,6.18,6.055,5.402,5.834,6.176,5.334,4.175,3.81,5.97,7.152,6.702,7.275,8.054,7.223,6.555
4446.03,15,5.443,4.108,4.909,4.989,5.95,5.805,6.344,7.191,6.159,6.015,5.438,5.825,6.19,5.331,4.163,3.818,5.963,7.183,6.682,7.255,8.082,7.207,6.608
4447.03,15,5.328,4.085,4.926,4.906,6.004,5.876,6.345,7.238,6.153,6.125,5.407,5.846,6.173,5.316,4.169,3.821,5.905,7.224,6.768,7.285,8.103,7.205,6.531
4448.03,15,5.414,4.067,4.901,5.013,5.987,5.828,6.357,7.173,6.171,6.068,5.431,5.842,6.236,5.355,4.211,3.838,5.89,7.219,6.776,7.283,8.086,7.242,6.621
4449.03,15,5.44,4.038,4.979,4.862,5.975,5.83,6.322,7.22,6.151,6.05,5.411,5.788,6.166,5.341,4.145,3.763,5.896,7.259,6.721,7.247,8.092,7.137,6.58
4450.03,15,5.353,4.112,4.963,4.946,5.978,5.81,6.243,7.208,6.202,6.053,5.361,5.815,6.192,5.333,4.154,3.827,5.939,7.236,6.787,7.281,8.129,7.18,6.616
4451.03,15,5.442,4.092,4.898,4.92,6.029,5.901,6.327,7.192,6.184,6.021,5.461,5.873,6.281,5.281,4.139,3.763,5.984,7.24,6.793,7.366,8.142,7.249,6.554
4452.03,15,5.413,4.116,4.978,4.94,5.966,5.827,6.345,7.227,6.164,6.075,5.401,5.773,6.18,5.289,4.122,3.783,5.913,7.209,6.709,7.328,8.039,7.152,6.56
4453.03,15,5.396,4.132,4.923,4.924,5.992,5.884,6.299,7.243,6.103,6.093,5.375,5.813,6.26,5.352,4.106,3.875,5.921,7.223,6.714,7.337,8.065,7.237,6.553
4454.03,15,5.407,4.114,4.897,4.956,6.013,5.875,6.35,7.189,6.174,6.047,5.405,5.769,6.208,5.29,4.19,3.861,5.88,7.236,6.729,7.308,8.114,7.202,6.525
4455.03,15,5.387,4.101,4.923,4.965,6.06,5.829,6.305,7.23,6.226,6.094,5.433,5.842,6.236,5.347,4.175,3.764,5.921,7.153,6.75,7.295,8.107,7.163,6.622
4456.03,15,5.474,4.072,4.974,4.906,6.019,5.853,6.309,7.193,6.182,6.053,5.323,5.854,6.23,5.29,4.166,3.87,5.889,7.233,6.701,7.274,8.077,7.22,6.573
4457.03,15,5.434,4.059,4.871,4.978,6,5.81,6.377,7.22,6.087,6.058,5.371,5.871,6.225,5.353,4.111,3.814,5.905,7.193,6.712,7.289,8.085,7.178,6.535
4458.03,15,5.386,4.12,4.94,4.986,6.026,5.896,6.314,7.214,6.206,6.129,5.358,5.859,6.253,5.28,4.137,3.814,5.924,7.14,6.84,7.35,8.124,7.201,6.55
4459.03,15,5.416,4.072,4.942,4.939,6.05,5.833,6.238,7.162,6.117,6.08,5.441,5.858,6.232,5.316,4.129,3.815,5.883,7.174,6.708,7.325,8.161,7.225,6.568
4460.03,15,5.44,4.122,4.882,4.927,6.03,5.806,6.355,7.262,6.162,6.099,5.357,5.804,6.163,5.333,4.108,3.821,5.918,7.223,6.781,7.305,8.073,7.204,6.57
4461.03,15,5.366,4.016,4.96,4.887,5.992,5.862,6.297,7.214,6.126,6.046,5.35,5.83,6.184,5.313,4.163,3.812,5.951,7.229,6.845,7.337,8.039,7.265,6.544
4462.03,15,5.438,4.093,4.934,4.941,6.041,5.953,6.33,7.204,6.176,6.022,5.391,5.788,6.272,5.399,4.153,3.813,5.891,7.147,6.74,7.285,8.129,7.234,6.586
4463.03,15,5.347,4.111,5.006,5.03,5.981,5.76,6.394,7.262,6.226,6.053,5.333,5.861,6.249,5.319,4.163,3.807,5.953,7.205,6.722,7.273,8.112,7.246,6.533
4464.03,15,5.387,4.058,4.917,4.958,6.054,5.869,6.35,7.227,6.168,6.028,5.459,5.856,6.249,5.284,4.084,3.861,5.857,7.232,6.785,7.331,8.102,7.235,6.574
4465.03,15,5.433,4.025,4.991,4.976,6.058,5.829,6.396,7.286,6.115,6.051,5.364,5.923,6.187,5.269,4.153,3.825,5.942,7.196,6.765,7.343,8.12,7.24,6.624
4466.03,15,5.394,4.072,4.987,4.98,5.983,5.766,6.359,7.223,6.179,6.038,5.372,5.831,6.22,5.272,4.218,3.861,5.903,7.186,6.733,7.296,8.149,7.195,6.659
4467.03,15,5.451,4.145,4.969,4.936,6.024,5.816,6.381,7.255,6.074,6.034,5.396,5.851,6.166,5.295,4.168,3.842,5.879,7.189,6.751,7.273,8.105,7.205,6.538
4468.03,15,5.402,4.119,4.939,4.96,5.961,5.825,6.346,7.22,6.113,6.104,5.437,5.909,6.195,5.316,4.117,3.833,5.968,7.246,6.721,7.275,8.073,7.219,6.584
4469.03,15,5.411,4.119,4.915,5.004,5.976,5.847,6.3,7.268,6.179,6.112,5.488,5.844,6.21,5.285,4.136,3.852,5.914,7.195,6.729,7.289,8.033,7.242,6.584
4470.03,15,5.358,4.04,4.962,4.979,6.025,5.882,6.31,7.249,6.185,6.062,5.361,5.788,6.138,5.322,4.158,3.825,5.904,7.249,6.755,7.307,8.098,7.236,6.651
4471.03,15,5.38,4.106,4.93,4.937,5.983,5.844,6.328,7.218,6.123,6.075,5.382,5.887,6.184,5.346,4.175,3.817,5.982,7.199,6.767,7.323,8.101,7.225,6.573
4472.03,15,5.438,4.083,4.953,5.031,6.03,5.878,6.316,7.246,6.176,6.098,5.411,5.913,6.265,5.354,4.147,3.849,5.934,7.242,6.779,7.338,8.055,7.271,6.604
4473.03,15,5.393,4.096,4.973,4.92,6.057,5.788,6.31,7.213,6.13,6.086,5.422,5.781,6.261,5.278,4.144,3.84,5.847,7.256,6.765,7.25,8.043,7.177,6.541
4474.03,15,5.416,4.124,4.882,4.976,6.013,5.857,6.349,7.234,6.141,6.088,5.453,5.886,6.123,5.266,4.157,3.896,5.903,7.194,6.787,7.308,8.139,7.215,6.566
4475.03,15,5.443,4.105,4.934,4.998,5.971,5.863,6.333,7.212,6.131,6.099,5.433,5.746,6.183,5.329,4.107,3.842,5.964,7.229,6.796,7.36,8.072,7.182,6.63
4476.03,15,5.46,4.069,4.901,4.952,5.981,5.794,6.379,7.236,6.104,6.062,5.421,5.873,6.224,5.275,4.154,3.787,5.92,7.18,6.713,7.289,8.09,7.17,6.585
4477.03,15,5.381,4.085,4.967,4.89,5.98,5.873,6.315,7.244,6.097,6.05,5.405,5.885,6.23,5.29,4.168,3.799,5.917,7.208,6.742,7.279,8.091,7.176,6.573
4478.03,15,5.417,4.101,4.901,4.904,6.055,5.804,6.283,7.174,6.135,6.056,5.385,5.839,6.232,5.325,4.14,3.814,5.866,7.191,6.777,7.292,8.096,7.254,6.652
4479.03,15,5.382,4.095,4.95,4.946,5.957,5.845,6.273,7.166,6.196,6.027,5.413,5.823,6.263,5.23,4.157,3.81,5.877,7.203,6.75,7.284,8.115,7.217,6.583
4480.03,15,5.451,4.06,5.034,4.93,6.056,5.793,6.319,7.21,6.206,6.064,5.384,5.892,6.184,5.314,4.09,3.833,5.886,7.206,6.715,7.243,8.078,7.18,6.547
4481.03,15,5.443,4.122,4.918,5,6.068,5.838,6.304,7.236,6.099,6.063,5.383,5.83,6.21,5.292,4.119,3.788,5.871,7.189,6.786,7.289,8.103,7.129,6.531
4482.03,15,5.399,4.094,4.925,5.021,5.993,5.776,6.372,7.226,6.176,6.085,5.469,5.839,6.159,5.244,4.135,3.841,5.89,7.216,6.717,7.303,8.101,7.241,6.55
4483.03,15,5.458,4.118,4.899,4.911,5.959,5.745,6.393,7.279,6.203,6.053,5.401,5.827,6.247,5.312,4.159,3.798,5.887,7.251,6.733,7.333,8.089,7.233,6.563
4484.03,15,5.399,4.101,4.912,4.915,5.99,5.883,6.316,7.263,6.237,6.111,5.452,5.801,6.255,5.259,4.143,3.812,5.923,7.23,6.748,7.307,8.106,7.242,6.593
4485.03,15,5.4,4.099,4.963,4.998,5.976,5.81,6.293,7.237,6.148,6.055,5.429,5.881,6.183,5.345,4.119,3.853,5.92,7.153,6.778,7.346,8.064,7.263,6.576
4486.03,15,5.402,4.076,4.939,4.975,6.059,5.868,6.32,7.242,6.176,6.075,5.394,5.821,6.199,5.363,4.13,3.805,5.902,7.19,6.73,7.289,8.075,7.204,6.595
4487.03,15,5.404,4.129,4.889,4.999,6.087,5.842,6.233,7.255,6.132,6.06,5.391,5.878,6.252,5.359,4.191,3.804,5.941,7.21,6.741,7.388,8.094,7.163,6.628
4488.03,15,5.43,4.061,4.992,4.916,5.98,5.823,6.307,7.224,6.113,6.057,5.356,5.829,6.198,5.338,4.188,3.842,5.975,7.173,6.797,7.297,8.033,7.174,6.527
4489.03,15,5.417,4.117,4.918,4.978,6.002,5.814,6.312,7.217,6.163,6.04,5.386,5.879,6.234,5.36,4.152,3.899,5.932,7.27,6.698,7.281,8.138,7.197,6.581
4490.03,15,5.372,4.119,4.94,5.028,6.01,5.853,6.289,7.313,6.111,6.055,5.359,5.808,6.196,5.352,4.14,3.768,5.908,7.217,6.768,7.258,8.107,7.163,6.567
4491.03,15,5.362,4.027,5.016,4.869,6.04,5.857,6.323,7.233,6.162,6.055,5.41,5.858,6.202,5.304,4.178,3.821,5.904,7.128,6.755,7.381,8.088,7.242,6.61
4492.03,15,5.395,4.068,4.977,4.954,5.996,5.837,6.344,7.276,6.16,6.024,5.427,5.813,6.245,5.273,4.153,3.819,5.911,7.185,6.771,7.319,8.085,7.241,6.544
4493.03,15,5.397,4.117,4.944,4.863,6.033,5.797,6.344,7.13,6.172,6.073,5.313,5.836,6.28,5.305,4.099,3.839,5.908,7.289,6.75,7.285,8.091,7.236,6.577
4494.03,15,5.432,4.102,5.008,4.939,6,5.816,6.362,7.254,6.179,6.127,5.363,5.831,6.181,5.341,4.165,3.864,5.942,7.208,6.698,7.324,8.132,7.223,6.618
4495.03,15,5.378,4.098,4.992,4.924,6.003,5.849,6.363,7.228,6.179,6.053,5.385,5.801,6.244,5.307,4.134,3.838,5.845,7.208,6.763,7.328,8.105,7.188,6.56
4496.03,15,5.391,4.021,4.897,4.982,6.025,5.795,6.262,7.231,6.132,6.031,5.401,5.868,6.193,5.285,4.124,3.838,5.948,7.197,6.744,7.317,8.041,7.235,6.581
