Time,T,Control_R1,Control_R2,Control_R3,0.06_R1,0.06_R2,0.06_R3,0.12_R1,0.12_R2,0.12_R3,0.25_R1,0.25_R2,0.25_R3,0.5_R1,0.5_R2,0.5_R3,1_R1,1_R2,1_R3,2_R1,2_R2,2_R3,4_R1,4_R2,4_R3
0.03,28,9.704,9.735,9.748,8.677,8.206,9.274,8.99,9.227,9.623,8.547,9.111,8.676,9.215,8.566,6.785,9.877,9.313,9.971,9.538,8.902,9.601,8.869,9.293,10.228
1.03,28,9.675,9.753,9.688,8.655,8.158,9.187,8.968,9.21,9.663,8.503,9.197,8.646,9.191,8.53,6.752,9.872,9.253,10.132,9.586,8.925,9.566,8.875,9.239,10.309
2.03,28,9.7,9.768,9.709,8.721,8.107,9.24,8.993,9.252,9.7,8.556,9.129,8.635,9.177,8.498,6.819,9.838,9.272,10.04,9.627,8.887,9.593,8.877,9.273,10.228
3.03,28,9.639,9.713,9.713,8.699,8.176,9.254,9.026,9.209,9.64,8.497,9.061,8.686,9.198,8.466,6.773,9.831,9.261,10.002,9.669,8.915,9.585,8.868,9.321,10.261
4.03,28,9.68,9.751,9.727,8.644,8.187,9.224,8.991,9.196,9.677,8.496,9.154,8.618,9.178,8.447,6.848,9.855,9.269,9.981,9.597,8.952,9.586,8.935,9.305,10.244
5.03,28,9.666,9.698,9.809,8.661,8.184,9.344,8.958,9.199,9.599,8.549,9.16,8.645,9.183,8.542,6.834,9.791,9.31,10.011,9.578,8.956,9.556,8.836,9.298,10.257
6.03,28,9.659,9.723,9.75,8.633,8.201,9.266,8.977,9.262,9.586,8.512,9.157,8.657,9.206,8.436,6.837,9.816,9.31,9.966,9.639,8.934,9.571,8.881,9.31,10.293
7.03,28,9.696,9.727,9.778,8.695,8.16,9.197,9.062,9.223,9.645,8.487,9.149,8.597,9.203,8.543,6.85,9.843,9.31,10.006,9.583,8.88,9.588,8.932,9.317,10.231
8.03,28,9.631,9.755,9.765,8.624,8.178,9.226,8.976,9.178,9.65,8.474,9.121,8.658,9.138,8.501,6.823,9.782,9.303,10.028,9.587,8.909,9.57,8.91,9.327,10.267
9.03,28,9.664,9.75,9.797,8.654,8.217,9.22,9.037,9.201,9.699,8.536,9.135,8.594,9.162,8.528,6.818,9.765,9.285,9.961,9.53,8.923,9.609,8.822,9.352,10.304
10.03,28,9.71,9.709,9.821,8.607,8.161,9.234,9.074,9.234,9.634,8.517,9.129,8.608,9.198,8.522,6.827,9.838,9.29,10.086,9.53,8.962,9.594,8.858,9.284,10.265
11.03,28,9.675,9.706,9.848,8.73,8.118,9.161,8.938,9.205,9.679,8.509,9.118,8.622,9.181,8.553,6.811,9.799,9.287,9.969,9.543,8.883,9.583,8.941,9.351,10.243
12.03,28,9.646,9.752,9.775,8.648,8.04,9.222,9.044,9.251,9.69,8.467,9.148,8.615,9.235,8.557,6.891,9.885,9.357,10.072,9.55,8.884,9.541,8.915,9.344,10.239
13.03,28,9.641,9.771,9.74,8.651,8.145,9.245,8.966,9.215,9.658,8.519,9.105,8.629,9.184,8.536,6.889,9.919,9.389,9.985,9.515,8.9,9.662,8.814,9.277,10.219
14.03,28,9.683,9.836,9.777,8.642,8.176,9.188,9.019,9.228,9.711,8.485,9.117,8.602,9.205,8.54,6.788,9.802,9.287,9.99,9.571,8.829,9.647,8.852,9.259,10.244
15.03,28,9.61,9.765,9.757,8.702,8.1,9.182,9.017,9.174,9.594,8.517,9.097,8.563,9.131,8.542,6.855,9.897,9.385,9.996,9.469,8.885,9.604,8.824,9.267,10.25
16.03,28,9.55,9.774,9.799,8.655,8.189,9.154,9.042,9.244,9.635,8.545,9.036,8.607,9.257,8.552,6.897,9.866,9.387,9.993,9.57,8.973,9.612,8.842,9.282,10.268
17.03,28,9.651,9.769,9.787,8.646,8.184,9.243,8.991,9.282,9.669,8.532,9.121,8.626,9.15,8.571,6.886,9.819,9.405,10.008,9.54,8.924,9.597,8.796,9.268,10.281
18.03,28,9.617,9.758,9.793,8.639,8.201,9.164,8.967,9.252,9.628,8.465,9.184,8.617,9.207,8.628,6.924,9.864,9.377,9.981,9.516,8.873,9.684,8.824,9.276,10.294
19.03,28,9.631,9.761,9.802,8.627,8.108,9.234,8.977,9.232,9.653,8.558,9.149,8.64,9.16,8.599,6.844,9.802,9.392,10.038,9.536,8.862,9.63,8.874,9.315,10.269
20.03,28,9.633,9.721,9.749,8.634,8.133,9.238,8.986,9.248,9.62,8.46,9.166,8.605,9.221,8.586,6.904,9.836,9.325,9.993,9.609,8.819,9.657,8.912,9.304,10.253
21.03,28,9.667,9.717,9.791,8.689,8.169,9.181,8.991,9.169,9.639,8.477,9.076,8.694,9.199,8.567,6.864,9.813,9.34,10.043,9.551,8.857,9.68,8.891,9.247,10.308
22.03,28,9.588,9.77,9.767,8.69,8.19,9.284,9.028,9.231,9.689,8.48,9.002,8.597,9.228,8.571,6.891,9.799,9.401,10.041,9.568,8.807,9.623,8.927,9.313,10.227
23.03,28,9.624,9.76,9.723,8.677,8.14,9.267,8.991,9.152,9.596,8.563,9.105,8.607,9.206,8.583,6.881,9.833,9.356,10.01,9.578,8.827,9.671,8.829,9.305,10.331
24.03,28,9.669,9.698,9.792,8.679,8.204,9.158,8.95,9.22,9.661,8.504,9.186,8.592,9.203,8.633,6.838,9.817,9.345,9.974,9.594,8.923,9.67,8.937,9.343,10.314
25.03,28,9.644,9.774,9.838,8.731,8.25,9.161,8.943,9.276,9.615,8.519,9.124,8.554,9.226,8.515,6.801,9.833,9.403,10.026,9.579,8.886,9.607,8.924,9.349,10.322
26.03,28,9.638,9.77,9.812,8.646,8.187,9.18,8.991,9.245,9.651,8.48,9.124,8.603,9.281,8.563,6.828,9.9,9.325,10.074,9.635,8.859,9.632,8.946,9.35,10.296
27.03,28,9.627,9.774,9.795,8.676,8.212,9.23,9.006,9.271,9.601,8.559,9.174,8.582,9.33,8.543,6.886,9.818,9.322,10.023,9.558,8.834,9.685,8.865,9.313,10.291
28.03,28,9.573,9.729,9.837,8.678,8.192,9.205,9.042,9.274,9.661,8.501,9.188,8.599,9.254,8.612,6.931,9.87,9.376,10.036,9.566,8.877,9.657,8.859,9.384,10.336
29.03,28,9.59,9.787,9.803,8.689,8.238,9.238,8.988,9.272,9.699,8.532,9.232,8.684,9.278,8.604,6.931,9.843,9.349,10.039,9.507,8.819,9.621,8.895,9.294,10.304
30.03,28,9.634,9.775,9.721,8.728,8.103,9.164,9,9.225,9.667,8.559,9.137,8.624,9.282,8.53,6.875,9.809,9.318,9.985,9.559,8.832,9.63,8.901,9.273,10.347
31.03,28,9.653,9.774,9.809,8.797,8.171,9.223,9.049,9.301,9.722,8.507,9.179,8.586,9.251,8.576,6.822,9.797,9.389,10.054,9.518,8.914,9.607,8.877,9.372,10.298
32.03,28,9.603,9.74,9.764,8.666,8.176,9.242,9.094,9.221,9.665,8.512,9.148,8.623,9.24,8.537,6.894,9.789,9.38,10.019,9.588,8.896,9.627,8.85,9.255,10.254
33.03,28,9.552,9.753,9.75,8.795,8.137,9.166,8.987,9.287,9.675,8.512,9.149,8.609,9.269,8.595,6.947,9.778,9.337,10.005,9.532,8.845,9.655,8.896,9.329,10.267
34.03,28,9.567,9.76,9.731,8.779,8.119,9.143,9.026,9.275,9.624,8.523,9.123,8.659,9.205,8.543,6.8,9.877,9.304,9.967,9.564,8.847,9.626,8.94,9.311,10.231
35.03,28,9.632,9.78,9.767,8.776,8.135,9.217,9.146,9.314,9.634,8.48,9.095,8.598,9.221,8.538,6.802,9.878,9.284,9.95,9.58,8.848,9.64,8.963,9.383,10.283
36.03,28,9.593,9.754,9.786,8.77,8.114,9.214,9.134,9.293,9.634,8.517,9.163,8.609,9.219,8.525,6.899,9.829,9.288,10.028,9.595,8.957,9.617,8.885,9.301,10.239
37.03,28,9.54,9.779,9.815,8.799,8.22,9.236,9.143,9.244,9.673,8.588,9.092,8.613,9.222,8.515,6.954,9.835,9.298,9.967,9.577,8.86,9.617,8.838,9.314,10.243
38.03,28,9.656,9.819,9.804,8.777,8.18,9.313,9.08,9.228,9.629,8.493,9.118,8.61,9.25,8.601,6.871,9.839,9.371,10.014,9.583,8.871,9.641,8.812,9.344,10.232
39.03,28,9.588,9.785,9.785,8.691,8.22,9.228,9.122,9.245,9.625,8.445,9.117,8.596,9.241,8.605,6.953,9.838,9.369,9.979,9.6,8.823,9.664,8.814,9.276,10.248
40.03,28,9.587,9.816,9.822,8.835,8.173,9.266,9.093,9.236,9.647,8.557,9.185,8.65,9.236,8.577,6.923,9.805,9.314,9.994,9.526,8.877,9.629,8.884,9.238,10.21
41.03,28,9.559,9.836,9.819,8.668,8.196,9.254,9.146,9.211,9.69,8.508,9.166,8.599,9.241,8.611,6.835,9.825,9.229,10.019,9.594,8.906,9.657,8.797,9.271,10.303
42.03,28,9.595,9.814,9.781,8.758,8.181,9.2,9.149,9.257,9.68,8.522,9.178,8.622,9.269,8.62,6.922,9.872,9.287,10.018,9.503,8.734,9.67,8.888,9.296,10.262
43.03,28,9.667,9.817,9.821,8.845,8.217,9.196,9.036,9.231,9.659,8.498,9.151,8.562,9.326,8.586,6.866,9.876,9.344,9.967,9.57,8.831,9.602,8.796,9.33,10.295
44.03,28,9.589,9.789,9.818,8.779,8.235,9.194,9.113,9.267,9.637,8.528,9.143,8.596,9.238,8.615,6.925,9.795,9.273,9.984,9.618,8.823,9.666,8.85,9.339,10.244
45.03,28,9.601,9.858,9.711,8.701,8.176,9.205,9.051,9.204,9.633,8.565,9.181,8.546,9.301,8.617,6.921,9.822,9.269,10.031,9.555,8.863,9.664,8.906,9.227,10.208
46.03,28,9.623,9.851,9.769,8.74,8.252,9.206,9.095,9.205,9.654,8.551,9.161,8.566,9.319,8.592,6.862,9.876,9.333,9.99,9.563,8.874,9.684,8.779,9.278,10.233
47.03,28,9.66,9.895,9.734,8.781,8.118,9.199,9.108,9.166,9.608,8.572,9.145,8.642,9.295,8.6,6.924,9.831,9.289,10.057,9.545,8.855,9.754,8.879,9.318,10.348
48.03,28,9.636,9.844,9.796,8.831,8.164,9.198,9.12,9.218,9.622,8.533,9.15,8.601,9.295,8.611,6.853,9.825,9.255,10.057,9.544,8.884,9.676,8.823,9.272,10.264
49.03,28,9.573,9.823,9.76,8.728,8.135,9.235,9.147,9.209,9.647,8.462,9.128,8.624,9.312,8.545,6.873,9.8,9.327,10.044,9.602,8.857,9.693,8.878,9.273,10.318
50.03,28,9.627,9.776,9.734,8.75,8.167,9.225,9.099,9.246,9.584,8.513,9.115,8.595,9.313,8.628,6.901,9.8,9.258,10.07,9.611,8.808,9.665,8.809,9.314,10.243
51.03,28,9.564,9.864,9.782,8.755,8.174,9.248,9.116,9.253,9.598,8.482,9.142,8.692,9.328,8.661,6.901,9.803,9.268,10.043,9.572,8.776,9.629,8.83,9.266,10.252
52.03,28,9.652,9.837,9.831,8.769,8.237,9.258,9.136,9.25,9.644,8.503,9.146,8.661,9.321,8.507,6.95,9.764,9.191,10.046,9.555,8.842,9.776,8.804,9.279,10.291
53.03,28,9.595,9.793,9.805,8.791,8.2,9.252,9.054,9.211,9.576,8.503,9.076,8.627,9.309,8.612,6.874,9.77,9.317,10.003,9.585,8.759,9.669,8.822,9.36,10.332
54.03,28,9.571,9.869,9.783,8.837,8.132,9.205,9.097,9.204,9.576,8.518,9.15,8.589,9.161,8.51,6.968,9.779,9.264,10.093,9.556,8.842,9.748,8.764,9.308,10.337
55.03,28,9.534,9.78,9.772,8.79,8.138,9.183,9.078,9.207,9.615,8.489,9.159,8.632,9.324,8.478,6.954,9.819,9.208,10.028,9.57,8.855,9.734,8.76,9.301,10.249
56.03,28,9.589,9.773,9.783,8.797,8.162,9.147,9.063,9.176,9.589,8.488,9.106,8.647,9.302,8.535,6.875,9.762,9.281,10.07,9.551,8.876,9.649,8.739,9.286,10.277
57.03,28,9.554,9.8,9.812,8.824,8.205,9.173,9.064,9.243,9.599,8.492,9.195,8.625,9.26,8.536,6.903,9.758,9.278,10.144,9.551,8.826,9.723,8.716,9.272,10.352
58.03,28,9.601,9.79,9.818,8.735,8.181,9.173,9.078,9.153,9.59,8.557,9.123,8.679,9.327,8.562,6.905,9.801,9.285,10.058,9.595,8.766,9.657,8.738,9.24,10.175
59.03,28,9.588,9.752,9.768,8.793,8.198,9.254,9.107,9.139,9.568,8.505,9.165,8.567,9.253,8.593,6.862,9.796,9.317,10.034,9.546,8.763,9.622,8.719,9.338,10.23
60.03,28,9.598,9.858,9.831,8.726,8.152,9.212,9.139,9.122,9.61,8.525,9.199,8.514,9.285,8.483,6.842,9.784,9.274,10.01,9.49,8.803,9.702,8.726,9.316,10.208
61.03,28,9.663,9.774,9.869,8.807,8.148,9.22,9.113,9.151,9.599,8.562,9.173,8.639,9.28,8.542,6.903,9.781,9.256,10.13,9.531,8.864,9.73,8.713,9.277,10.277
62.03,28,9.635,9.758,9.782,8.8,8.143,9.18,9.068,9.2,9.61,8.547,9.223,8.627,9.287,8.557,6.87,9.763,9.232,10.145,9.476,8.758,9.695,8.757,9.34,10.272
63.03,28,9.64,9.759,9.775,8.806,8.124,9.23,9.107,9.23,9.576,8.483,9.165,8.584,9.27,8.539,6.918,9.814,9.279,10.139,9.471,8.796,9.706,8.719,9.27,10.236
64.03,28,9.601,9.727,9.795,8.826,8.196,9.257,9.067,9.17,9.545,8.505,9.172,8.631,9.177,8.518,6.915,9.758,9.282,10.111,9.442,8.822,9.699,8.805,9.294,10.283
65.03,28,9.594,9.679,9.792,8.808,8.144,9.246,9.089,9.15,9.629,8.541,9.216,8.614,9.26,8.539,6.878,9.761,9.299,10.152,9.4,8.859,9.73,8.788,9.231,10.304
66.03,28,9.557,9.746,9.871,8.842,8.152,9.207,9.066,9.128,9.586,8.555,9.176,8.627,9.249,8.559,6.901,9.771,9.277,10.106,9.512,8.782,9.645,8.819,9.3,10.226
67.03,28,9.653,9.776,9.795,8.772,8.113,9.251,9.121,9.158,9.608,8.531,9.288,8.647,9.238,8.498,6.934,9.813,9.26,10.083,9.537,8.769,9.591,8.685,9.256,10.165
68.03,28,9.622,9.715,9.777,8.803,8.085,9.299,9.034,9.199,9.595,8.588,9.193,8.617,9.223,8.62,6.95,9.754,9.227,10.075,9.48,8.845,9.602,8.756,9.215,10.184
69.03,28,9.62,9.736,9.793,8.775,8.185,9.263,9.109,9.146,9.619,8.532,9.18,8.607,9.156,8.578,6.916,9.78,9.268,10.122,9.448,8.765,9.638,8.8,9.232,10.272
70.03,28,9.554,9.735,9.825,8.782,8.182,9.283,9.156,9.186,9.594,8.549,9.231,8.639,9.192,8.585,6.958,9.815,9.27,10.135,9.446,8.804,9.638,8.773,9.277,10.218
71.03,28,9.649,9.768,9.854,8.755,8.183,9.189,9.074,9.133,9.628,8.509,9.215,8.607,9.141,8.504,6.958,9.872,9.232,10.058,9.48,8.784,9.683,8.765,9.313,10.224
72.03,28,9.568,9.723,9.873,8.756,8.181,9.264,9.054,9.168,9.588,8.463,9.189,8.667,9.197,8.541,6.993,9.836,9.315,10.152,9.442,8.84,9.651,8.784,9.346,10.28
73.03,28,9.6,9.755,9.815,8.741,8.158,9.217,9.087,9.188,9.566,8.48,9.224,8.645,9.19,8.546,6.999,9.768,9.347,10.122,9.485,8.916,9.696,8.739,9.292,10.203
74.03,28,9.589,9.734,9.72,8.76,8.129,9.219,9.113,9.198,9.636,8.496,9.19,8.618,9.189,8.574,6.956,9.821,9.187,10.073,9.483,8.792,9.677,8.796,9.285,10.277
75.03,28,9.653,9.759,9.85,8.78,8.191,9.28,9.105,9.135,9.602,8.512,9.198,8.605,9.157,8.578,7.015,9.785,9.339,10.108,9.481,8.845,9.649,8.861,9.316,10.183
76.03,28,9.554,9.761,9.833,8.743,8.167,9.202,9.012,9.22,9.609,8.457,9.187,8.598,9.209,8.577,6.92,9.792,9.309,10.094,9.485,8.848,9.67,8.748,9.221,10.246
77.03,28,9.629,9.791,9.785,8.766,8.149,9.236,9.064,9.175,9.603,8.493,9.192,8.614,9.204,8.505,7.022,9.895,9.282,10.099,9.481,8.823,9.724,8.756,9.263,10.244
78.03,28,9.628,9.752,9.893,8.697,8.188,9.26,9.043,9.237,9.587,8.45,9.181,8.589,9.225,8.54,6.925,9.818,9.371,10.069,9.457,8.828,9.698,8.66,9.24,10.19
79.03,28,9.63,9.787,9.832,8.776,8.17,9.193,9.133,9.143,9.622,8.52,9.171,8.612,9.222,8.568,6.964,9.753,9.321,10.004,9.418,8.874,9.667,8.764,9.266,10.176
80.03,28,9.614,9.731,9.815,8.741,8.152,9.228,9.057,9.138,9.653,8.554,9.181,8.636,9.224,8.583,7.002,9.827,9.29,10.063,9.47,8.847,9.687,8.809,9.233,10.298
81.03,28,9.61,9.829,9.823,8.772,8.14,9.205,9.073,9.107,9.597,8.458,9.179,8.58,9.285,8.586,6.931,9.805,9.287,10.073,9.485,8.789,9.688,8.794,9.333,10.23
82.03,28,9.595,9.748,9.809,8.784,8.135,9.229,9.08,9.205,9.611,8.456,9.129,8.577,9.205,8.53,6.972,9.796,9.296,10.101,9.519,8.816,9.634,8.784,9.3,10.172
83.03,28,9.658,9.829,9.816,8.751,8.129,9.265,9.125,9.219,9.589,8.477,9.172,8.642,9.208,8.562,6.924,9.781,9.272,10.109,9.524,8.802,9.691,8.787,9.231,10.178
84.03,28,9.614,9.773,9.773,8.67,8.157,9.199,9.137,9.184,9.604,8.456,9.124,8.546,9.226,8.547,6.945,9.825,9.251,10.027,9.444,8.828,9.732,8.704,9.246,10.209
85.03,28,9.546,9.873,9.847,8.707,8.075,9.28,9.088,9.124,9.542,8.458,9.152,8.632,9.197,8.551,6.958,9.774,9.331,10.007,9.53,8.807,9.638,8.721,9.285,10.213
86.03,28,9.611,9.853,9.784,8.681,8.087,9.273,9.144,9.145,9.619,8.49,9.117,8.493,9.258,8.576,6.991,9.832,9.297,10.05,9.54,8.808,9.634,8.75,9.242,10.161
87.03,28,9.649,9.788,9.76,8.698,8.096,9.281,9.069,9.161,9.628,8.457,9.109,8.555,9.112,8.547,6.952,9.751,9.314,10.068,9.503,8.804,9.641,8.76,9.263,10.217
88.03,28,9.623,9.773,9.843,8.757,8.121,9.182,9.097,9.181,9.558,8.477,9.128,8.56,9.142,8.56,7.037,9.815,9.296,10.02,9.436,8.901,9.695,8.753,9.254,10.136
89.03,28,9.555,9.825,9.73,8.75,8.105,9.275,9.113,9.133,9.641,8.443,9.155,8.59,9.13,8.542,7.014,9.797,9.307,10.029,9.406,8.889,9.614,8.764,9.213,10.236
90.03,28,9.561,9.877,9.78,8.778,8.077,9.257,9.066,9.22,9.62,8.49,9.216,8.577,9.119,8.566,6.925,9.773,9.346,10.016,9.437,8.821,9.637,8.754,9.245,10.151
91.03,28,9.58,9.845,9.806,8.726,8.048,9.275,9.171,9.177,9.642,8.463,9.175,8.566,9.209,8.56,6.962,9.834,9.279,9.998,9.5,8.888,9.725,8.781,9.254,10.194
92.03,28,9.605,9.879,9.83,8.725,8.191,9.259,9.15,9.244,9.634,8.446,9.175,8.592,9.246,8.609,6.994,9.764,9.264,10.031,9.484,8.86,9.767,8.792,9.277,10.154
93.03,28,9.624,9.819,9.797,8.761,8.191,9.236,9.234,9.198,9.632,8.525,9.21,8.546,9.126,8.599,6.919,9.812,9.262,10.073,9.467,8.89,9.705,8.775,9.241,10.225
94.03,28,9.597,9.813,9.847,8.77,8.128,9.338,9.146,9.277,9.639,8.501,9.273,8.578,9.178,8.589,7.004,9.773,9.282,9.955,9.46,8.823,9.658,8.793,9.258,10.219
95.03,28,9.601,9.79,9.86,8.76,8.092,9.308,9.266,9.225,9.691,8.447,9.31,8.599,9.17,8.548,6.939,9.856,9.308,10.059,9.48,8.809,9.723,8.737,9.173,10.251
96.03,28,9.602,9.834,9.839,8.71,8.097,9.388,9.192,9.144,9.696,8.396,9.202,8.599,9.146,8.551,6.948,9.902,9.303,10.017,9.483,8.864,9.641,8.795,9.246,10.282
97.03,28,9.559,9.826,9.821,8.737,8.186,9.286,9.175,9.209,9.627,8.511,9.142,8.607,9.238,8.474,7.036,9.871,9.288,10.12,9.47,8.916,9.721,8.755,9.192,10.216
98.03,28,9.648,9.77,9.833,8.744,8.132,9.335,9.267,9.231,9.594,8.453,9.177,8.59,9.185,8.535,7.007,9.848,9.291,10.1,9.453,8.81,9.712,8.765,9.281,10.202
99.03,28,9.667,9.8,9.8,8.743,8.118,9.272,9.203,9.231,9.625,8.472,9.125,8.565,9.123,8.572,6.976,9.794,9.41,10.104,9.429,8.904,9.687,8.732,9.205,10.203
100.03,28,9.609,9.759,9.802,8.734,8.182,9.327,9.262,9.23,9.557,8.486,9.231,8.494,9.138,8.532,6.956,9.839,9.324,10.087,9.468,8.817,9.704,8.706,9.243,10.246
101.03,28,9.589,9.806,9.795,8.751,8.176,9.342,9.209,9.122,9.673,8.49,9.144,8.54,9.191,8.612,7.048,9.808,9.292,10.079,9.427,8.739,9.689,8.734,9.247,10.204
102.03,28,9.546,9.809,9.809,8.78,8.121,9.321,9.225,9.183,9.599,8.496,9.204,8.56,9.21,8.568,6.98,9.836,9.318,10.062,9.484,8.868,9.725,8.715,9.245,10.26
103.03,28,9.59,9.86,9.844,8.806,8.122,9.33,9.219,9.195,9.627,8.581,9.189,8.567,9.15,8.534,6.956,9.821,9.287,10.074,9.461,8.842,9.681,8.646,9.271,10.273
104.03,28,9.569,9.806,9.768,8.731,8.096,9.325,9.232,9.149,9.655,8.499,9.203,8.468,9.194,8.598,7.013,9.799,9.389,10.097,9.451,8.844,9.639,8.744,9.223,10.247
105.03,28,9.626,9.803,9.785,8.869,8.072,9.349,9.258,9.276,9.705,8.529,9.136,8.521,9.15,8.545,6.98,9.891,9.4,10,9.447,8.905,9.582,8.747,9.255,10.269
106.03,28,9.588,9.888,9.8,8.817,8.181,9.372,9.221,9.181,9.682,8.496,9.173,8.526,9.185,8.575,6.969,9.836,9.361,10.011,9.523,8.849,9.684,8.701,9.234,10.244
107.03,28,9.589,9.831,9.807,8.813,8.127,9.366,9.241,9.221,9.698,8.437,9.185,8.596,9.153,8.594,7,9.803,9.381,10.03,9.455,8.815,9.669,8.695,9.202,10.207
108.03,28,9.521,9.825,9.845,8.767,8.1,9.353,9.137,9.172,9.633,8.517,9.164,8.56,9.146,8.615,7.039,9.823,9.325,9.976,9.441,8.872,9.703,8.711,9.227,10.25
109.03,28,9.612,9.787,9.769,8.78,8.097,9.364,9.25,9.144,9.642,8.461,9.236,8.567,9.185,8.635,6.955,9.858,9.291,10.022,9.446,8.817,9.655,8.669,9.206,10.255
110.03,28,9.584,9.852,9.757,8.759,8.14,9.44,9.261,9.2,9.707,8.577,9.2,8.518,9.144,8.659,7.069,9.786,9.338,10.052,9.43,8.832,9.686,8.726,9.238,10.277
111.03,28,9.622,9.852,9.791,8.833,8.164,9.331,9.207,9.181,9.713,8.539,9.176,8.605,9.142,8.606,6.977,9.807,9.324,10.027,9.469,8.796,9.657,8.711,9.229,10.252
112.03,28,9.581,9.883,9.755,8.766,8.084,9.365,9.222,9.234,9.716,8.487,9.23,8.512,9.118,8.546,6.94,9.807,9.3,10.03,9.486,8.856,9.701,8.765,9.225,10.266
113.03,28,9.595,9.82,9.772,8.876,8.095,9.408,9.273,9.156,9.693,8.523,9.269,8.507,9.174,8.565,7.014,9.83,9.329,10.041,9.407,8.805,9.722,8.723,9.229,10.211
114.03,28,9.56,9.894,9.775,8.861,8.129,9.381,9.235,9.157,9.738,8.488,9.256,8.562,9.166,8.622,6.984,9.869,9.353,10.071,9.497,8.864,9.634,8.675,9.237,10.244
115.03,28,9.636,9.85,9.831,8.887,8.099,9.436,9.262,9.146,9.657,8.564,9.226,8.471,9.175,8.572,6.945,9.827,9.295,10.04,9.434,8.829,9.62,8.719,9.259,10.155
116.03,28,9.642,9.87,9.811,8.91,8.116,9.303,9.241,9.188,9.768,8.507,9.194,8.482,9.148,8.557,6.958,9.87,9.359,10.051,9.468,8.808,9.587,8.681,9.24,10.203
117.03,28,9.623,9.902,9.807,8.833,8.096,9.447,9.168,9.197,9.657,8.493,9.194,8.492,9.158,8.605,6.983,9.773,9.3,9.941,9.451,8.736,9.581,8.727,9.255,10.232
118.03,28,9.538,9.88,9.814,8.859,8.141,9.422,9.222,9.206,9.552,8.49,9.244,8.475,9.16,8.567,6.992,9.764,9.39,10.045,9.531,8.826,9.597,8.711,9.236,10.213
119.03,28,9.641,9.886,9.779,8.797,8.072,9.339,9.255,9.165,9.589,8.473,9.176,8.463,9.085,8.628,6.986,9.773,9.306,10.057,9.476,8.822,9.661,8.702,9.288,10.253
120.03,28,9.622,9.888,9.769,8.832,8.131,9.418,9.174,9.217,9.681,8.484,9.177,8.48,9.106,8.612,6.971,9.838,9.357,10.036,9.47,8.773,9.654,8.671,9.211,10.214
121.03,28,9.636,9.859,9.689,8.897,8.135,9.424,9.318,9.181,9.64,8.536,9.18,8.483,9.112,8.628,6.913,9.771,9.292,9.939,9.535,8.855,9.594,8.598,9.251,10.282
122.03,28,9.637,9.86,9.738,8.836,8.014,9.388,9.278,9.24,9.636,8.411,9.218,8.446,9.121,8.587,6.984,9.774,9.294,9.967,9.502,8.798,9.61,8.629,9.257,10.21
123.03,28,9.613,9.916,9.75,8.895,8.155,9.359,9.283,9.175,9.635,8.497,9.214,8.474,9.13,8.538,6.973,9.833,9.393,9.962,9.439,8.786,9.634,8.655,9.322,10.266
124.03,28,9.593,9.92,9.721,8.799,8.057,9.381,9.267,9.142,9.639,8.48,9.216,8.523,9.129,8.569,6.989,9.782,9.277,9.942,9.434,8.815,9.616,8.634,9.253,10.162
125.03,28,9.611,9.864,9.714,8.77,8.072,9.376,9.265,9.223,9.626,8.456,9.215,8.46,9.188,8.588,6.953,9.873,9.228,9.951,9.449,8.775,9.684,8.617,9.243,10.135
126.03,28,9.576,9.868,9.789,8.823,8.164,9.324,9.231,9.225,9.688,8.432,9.203,8.505,9.151,8.57,6.987,9.772,9.332,9.968,9.424,8.735,9.656,8.633,9.275,10.203
127.03,28,9.623,9.927,9.805,8.8,8.074,9.385,9.275,9.171,9.664,8.347,9.23,8.393,9.17,8.592,6.927,9.836,9.233,9.999,9.405,8.769,9.586,8.584,9.221,10.217
128.03,28,9.624,9.915,9.761,8.914,8.031,9.346,9.364,9.206,9.69,8.432,9.231,8.458,9.074,8.651,6.973,9.76,9.278,10.015,9.475,8.794,9.599,8.6,9.245,10.199
129.03,28,9.636,9.922,9.716,8.833,8.063,9.366,9.34,9.231,9.656,8.433,9.145,8.441,9.139,8.572,7.011,9.863,9.292,10.04,9.49,8.835,9.605,8.584,9.261,10.215
130.03,28,9.578,9.886,9.781,8.847,8.082,9.382,9.288,9.229,9.616,8.369,9.205,8.53,9.136,8.602,6.912,9.746,9.261,9.982,9.435,8.8,9.647,8.649,9.277,10.231
131.03,28,9.576,9.931,9.724,8.856,8.08,9.352,9.311,9.152,9.647,8.473,9.27,8.473,9.181,8.684,7.009,9.859,9.27,9.97,9.455,8.821,9.589,8.638,9.334,10.241
132.03,28,9.576,9.961,9.704,8.833,8.042,9.363,9.32,9.16,9.644,8.448,9.213,8.424,9.201,8.62,6.965,9.784,9.288,9.939,9.432,8.778,9.558,8.603,9.207,10.183
133.03,28,9.581,9.902,9.745,8.859,8.032,9.435,9.304,9.189,9.617,8.335,9.202,8.503,9.234,8.607,6.914,9.938,9.33,9.999,9.431,8.807,9.648,8.61,9.282,10.085
134.03,28,9.52,9.885,9.712,8.846,8.069,9.416,9.296,9.212,9.609,8.515,9.157,8.515,9.129,8.643,7.002,9.863,9.281,9.989,9.468,8.842,9.591,8.598,9.208,10.249
135.03,28,9.607,9.887,9.816,8.809,8.057,9.383,9.193,9.176,9.561,8.423,9.262,8.502,9.189,8.601,6.931,9.861,9.331,9.997,9.473,8.847,9.595,8.616,9.281,10.231
136.03,28,9.586,9.963,9.701,8.769,8.055,9.345,9.268,9.191,9.609,8.399,9.191,8.478,9.184,8.658,6.937,9.897,9.308,10.017,9.415,8.774,9.645,8.57,9.281,10.267
137.03,28,9.568,9.867,9.77,8.775,8.086,9.309,9.304,9.148,9.593,8.49,9.129,8.475,9.224,8.661,6.942,9.81,9.328,10.004,9.46,8.776,9.614,8.621,9.24,10.228
138.03,28,9.562,9.92,9.763,8.835,8.064,9.3,9.255,9.185,9.555,8.49,9.2,8.454,9.123,8.725,6.893,9.883,9.412,10.048,9.483,8.822,9.619,8.631,9.319,10.199
139.03,28,9.54,9.917,9.69,8.849,8.127,9.274,9.284,9.159,9.63,8.475,9.213,8.508,9.164,8.672,6.991,9.854,9.331,10.016,9.364,8.77,9.682,8.541,9.275,10.237
140.03,28,9.589,9.98,9.777,8.833,8.143,9.405,9.235,9.179,9.557,8.495,9.278,8.525,9.119,8.674,6.963,9.869,9.345,10.019,9.481,8.793,9.656,8.577,9.296,10.162
141.03,28,9.588,9.927,9.785,8.79,8.071,9.36,9.222,9.074,9.54,8.489,9.258,8.484,9.166,8.719,6.894,9.85,9.286,10.05,9.437,8.889,9.671,8.558,9.295,10.18
142.03,28,9.616,9.954,9.802,8.833,8.12,9.384,9.174,9.174,9.499,8.437,9.233,8.405,9.173,8.723,6.917,9.868,9.287,10.004,9.426,8.789,9.695,8.543,9.341,10.169
143.03,28,9.567,9.95,9.628,8.91,8.092,9.335,9.221,9.065,9.521,8.497,9.215,8.45,9.187,8.711,6.969,9.909,9.298,10.036,9.455,8.762,9.663,8.61,9.261,10.146
144.03,28,9.584,9.954,9.766,8.893,8.06,9.358,9.179,9.134,9.616,8.458,9.132,8.482,9.153,8.766,6.932,9.876,9.265,10.021,9.46,8.804,9.667,8.525,9.323,10.201
145.03,28,9.647,9.885,9.713,8.861,8.118,9.332,9.245,9.121,9.566,8.428,9.2,8.499,9.168,8.672,6.943,9.923,9.28,10.019,9.414,8.77,9.613,8.543,9.296,10.088
146.03,28,9.652,9.958,9.658,8.867,8.084,9.303,9.209,9.13,9.6,8.489,9.158,8.534,9.181,8.705,6.997,9.882,9.316,10.044,9.407,8.746,9.618,8.626,9.318,10.154
147.03,28,9.66,9.89,9.68,8.897,8.065,9.319,9.236,9.09,9.596,8.43,9.161,8.439,9.227,8.745,6.94,9.895,9.266,10.059,9.395,8.867,9.589,8.589,9.325,10.113
148.03,28,9.557,9.941,9.655,8.854,8.048,9.372,9.262,9.107,9.586,8.459,9.227,8.494,9.209,8.69,6.951,9.792,9.339,9.964,9.429,8.786,9.587,8.491,9.33,10.086
149.03,28,9.717,9.906,9.656,8.895,8.013,9.303,9.243,9.125,9.564,8.482,9.242,8.487,9.218,8.71,7.02,9.856,9.266,10.026,9.409,8.786,9.625,8.531,9.298,10.152
150.03,28,9.643,9.945,9.669,8.842,8.09,9.268,9.25,9.152,9.552,8.461,9.215,8.464,9.13,8.708,6.879,9.854,9.291,10.045,9.428,8.851,9.635,8.569,9.285,10.086
151.03,28,9.639,9.866,9.694,8.851,8.09,9.316,9.222,9.125,9.549,8.448,9.137,8.471,9.135,8.668,6.963,9.842,9.268,9.997,9.429,8.832,9.61,8.531,9.311,10.055
152.03,28,9.65,9.828,9.731,8.859,8.065,9.313,9.264,9.039,9.528,8.428,9.229,8.439,9.21,8.707,6.915,9.865,9.231,10.024,9.384,8.825,9.719,8.529,9.33,10.199
153.03,28,9.624,9.909,9.735,8.876,8.033,9.309,9.251,9.087,9.578,8.414,9.31,8.511,9.155,8.684,6.916,9.889,9.307,10.023,9.407,8.84,9.689,8.536,9.362,10.129
154.03,28,9.639,9.889,9.746,8.857,8.093,9.315,9.238,9.109,9.568,8.397,9.176,8.529,9.195,8.715,6.848,9.851,9.209,10.021,9.413,8.782,9.699,8.56,9.344,10.193
155.03,28,9.68,9.925,9.759,8.846,8.046,9.288,9.29,9.132,9.525,8.457,9.296,8.403,9.184,8.73,6.888,9.943,9.311,10.043,9.398,8.845,9.66,8.527,9.331,10.126
156.03,28,9.614,9.858,9.729,8.936,8.133,9.316,9.301,9.109,9.486,8.445,9.255,8.424,9.195,8.67,6.938,9.963,9.283,10.014,9.474,8.773,9.668,8.433,9.261,10.132
157.03,28,9.59,9.977,9.738,8.899,8.023,9.345,9.317,9.072,9.563,8.443,9.188,8.432,9.179,8.751,6.918,9.848,9.277,10.072,9.379,8.738,9.725,8.531,9.314,10.057
158.03,28,9.611,9.953,9.811,8.882,8.095,9.303,9.299,9.108,9.525,8.407,9.228,8.443,9.219,8.717,6.903,9.838,9.29,10.03,9.367,8.777,9.685,8.543,9.222,10.142
159.03,28,9.605,9.939,9.677,8.903,8.055,9.335,9.196,9.111,9.55,8.441,9.253,8.422,9.191,8.703,6.947,9.854,9.269,10.045,9.418,8.856,9.638,8.551,9.23,10.045
160.03,28,9.635,9.968,9.706,8.889,8.122,9.365,9.241,9.188,9.538,8.457,9.232,8.401,9.171,8.697,6.892,9.825,9.289,9.97,9.412,8.905,9.654,8.542,9.247,10.163
161.03,28,9.588,9.949,9.672,8.924,8.105,9.309,9.295,9.096,9.554,8.451,9.195,8.39,9.237,8.776,6.903,9.862,9.297,10.014,9.348,8.774,9.67,8.568,9.274,10.083
162.03,28,9.659,9.933,9.654,8.93,8.092,9.357,9.255,9.185,9.573,8.491,9.225,8.411,9.198,8.754,6.862,9.85,9.33,10.067,9.34,8.81,9.638,8.577,9.209,10.14
163.03,28,9.683,9.938,9.682,8.941,8.134,9.236,9.305,9.079,9.569,8.477,9.21,8.386,9.207,8.715,6.907,9.827,9.297,10.054,9.37,8.832,9.645,8.54,9.25,10.103
164.03,28,9.678,9.914,9.72,8.979,8.073,9.3,9.368,9.162,9.562,8.471,9.276,8.458,9.169,8.796,6.934,9.804,9.301,10.026,9.349,8.842,9.65,8.599,9.204,10.067
165.03,28,9.723,9.893,9.678,9.019,7.996,9.355,9.331,9.104,9.566,8.433,9.241,8.38,9.259,8.714,6.955,9.833,9.252,10.11,9.371,8.821,9.688,8.619,9.26,10.091
166.03,28,9.714,9.911,9.755,8.991,8.098,9.309,9.262,9.095,9.607,8.434,9.28,8.441,9.236,8.708,6.943,9.82,9.34,10.185,9.435,8.883,9.674,8.512,9.118,10.152
167.03,28,9.718,9.917,9.746,8.972,8.112,9.35,9.291,9.109,9.557,8.449,9.208,8.425,9.267,8.638,6.882,9.853,9.29,10.102,9.365,8.907,9.73,8.558,9.247,10.11
168.03,28,9.714,9.915,9.714,8.94,8.178,9.367,9.321,9.154,9.539,8.462,9.277,8.443,9.242,8.69,6.847,9.856,9.282,10.053,9.407,8.832,9.645,8.561,9.188,10.074
169.03,28,9.707,9.918,9.697,8.914,8.052,9.388,9.29,9.135,9.527,8.42,9.278,8.44,9.205,8.662,6.895,9.828,9.323,10.118,9.427,8.829,9.648,8.594,9.181,10.12
170.03,28,9.613,9.857,9.708,9.001,8.102,9.287,9.28,9.134,9.499,8.494,9.228,8.491,9.195,8.76,6.907,9.886,9.321,10.063,9.439,8.797,9.66,8.628,9.218,10.078
171.03,28,9.703,9.954,9.785,8.986,8.103,9.273,9.288,9.142,9.494,8.451,9.221,8.414,9.195,8.747,6.912,9.83,9.261,10.088,9.474,8.841,9.66,8.643,9.155,10.123
172.03,28,9.616,9.895,9.755,8.991,8.168,9.262,9.322,9.146,9.507,8.428,9.254,8.416,9.218,8.704,6.872,9.837,9.283,10.118,9.393,8.83,9.643,8.606,9.268,10.07
173.03,28,9.752,9.915,9.68,8.949,8.125,9.321,9.251,9.177,9.422,8.408,9.281,8.468,9.265,8.617,6.955,9.911,9.301,10.092,9.418,8.827,9.671,8.567,9.276,10.09
174.03,28,9.644,9.906,9.747,8.982,8.134,9.384,9.267,9.232,9.481,8.458,9.236,8.441,9.214,8.732,6.895,9.83,9.25,10.091,9.407,8.824,9.689,8.613,9.231,10.126
175.03,28,9.571,9.873,9.726,8.949,8.183,9.282,9.262,9.122,9.533,8.461,9.285,8.415,9.141,8.707,6.913,9.9,9.261,10.114,9.332,8.92,9.735,8.588,9.282,10.084
176.03,28,9.599,9.978,9.674,9.056,8.183,9.385,9.301,9.133,9.511,8.454,9.276,8.464,9.161,8.717,6.948,9.795,9.304,10.165,9.389,8.903,9.634,8.574,9.174,10.031
177.03,28,9.64,9.964,9.648,8.931,8.094,9.235,9.293,9.132,9.481,8.453,9.287,8.477,9.225,8.705,6.924,9.861,9.261,10.157,9.404,8.884,9.673,8.586,9.246,10.167
178.03,28,9.622,9.942,9.69,8.973,8.138,9.233,9.356,9.201,9.513,8.433,9.259,8.391,9.237,8.705,6.875,9.922,9.285,10.112,9.36,8.985,9.627,8.611,9.153,10.142
179.03,28,9.635,9.883,9.661,8.967,8.111,9.297,9.257,9.133,9.503,8.499,9.235,8.426,9.191,8.732,6.885,9.836,9.317,10.077,9.414,8.907,9.642,8.602,9.259,10.048
180.03,28,9.564,9.948,9.755,9.019,8.059,9.297,9.267,9.129,9.505,8.442,9.204,8.407,9.214,8.751,6.934,9.883,9.269,10.175,9.492,8.928,9.655,8.635,9.252,10.151
181.03,28,9.607,9.91,9.777,8.915,8.159,9.301,9.267,9.142,9.524,8.49,9.262,8.454,9.273,8.792,6.923,9.913,9.23,10.151,9.374,8.851,9.736,8.652,9.278,10.038
182.03,28,9.572,9.906,9.649,8.995,8.11,9.276,9.363,9.17,9.439,8.538,9.222,8.453,9.281,8.773,6.939,9.859,9.27,10.076,9.406,8.87,9.711,8.582,9.197,10.111
183.03,28,9.59,9.859,9.687,9.02,8.077,9.282,9.251,9.114,9.584,8.448,9.283,8.462,9.233,8.733,6.98,9.873,9.248,10.065,9.346,8.923,9.64,8.637,9.202,10.122
184.03,28,9.579,9.962,9.707,9.037,8.183,9.225,9.275,9.23,9.498,8.465,9.301,8.472,9.261,8.747,6.947,9.862,9.271,10.164,9.462,8.834,9.707,8.61,9.23,10.185
185.03,28,9.614,9.979,9.749,9.013,8.139,9.258,9.232,9.171,9.501,8.436,9.301,8.428,9.27,8.74,6.976,9.868,9.241,10.148,9.467,8.866,9.684,8.613,9.261,10.109
186.03,28,9.487,9.919,9.748,8.992,8.142,9.224,9.298,9.22,9.533,8.498,9.253,8.385,9.248,8.748,6.956,9.851,9.339,10.131,9.454,8.863,9.682,8.607,9.155,10.102
187.03,28,9.49,9.873,9.743,8.97,8.031,9.244,9.286,9.213,9.518,8.451,9.298,8.409,9.255,8.762,6.928,9.82,9.269,10.176,9.481,8.868,9.713,8.595,9.23,10.154
188.03,28,9.549,9.947,9.78,9.079,8.112,9.227,9.365,9.227,9.523,8.439,9.231,8.461,9.258,8.813,6.927,9.869,9.235,10.178,9.412,8.86,9.652,8.613,9.158,10.113
189.03,28,9.54,9.905,9.701,9.002,8.104,9.249,9.236,9.233,9.502,8.539,9.22,8.43,9.244,8.772,6.93,9.77,9.204,10.167,9.434,8.848,9.712,8.582,9.213,10.094
190.03,28,9.539,9.885,9.706,9.104,8.147,9.281,9.293,9.252,9.468,8.514,9.296,8.511,9.299,8.786,6.951,9.858,9.227,10.193,9.482,8.879,9.658,8.655,9.216,10.13
191.03,28,9.54,9.873,9.7,9.02,8.076,9.202,9.274,9.169,9.493,8.468,9.241,8.481,9.234,8.77,6.966,9.801,9.349,10.143,9.413,8.861,9.65,8.642,9.202,10.149
192.03,28,9.574,9.869,9.68,9.085,8.109,9.272,9.278,9.215,9.464,8.489,9.244,8.466,9.211,8.774,6.963,9.706,9.278,10.15,9.419,8.874,9.694,8.617,9.265,10.122
193.03,28,9.524,9.871,9.702,9.056,8.032,9.234,9.286,9.21,9.505,8.503,9.323,8.487,9.263,8.741,6.945,9.854,9.321,10.183,9.442,8.922,9.641,8.538,9.187,10.21
194.03,28,9.559,9.926,9.648,9.08,8.132,9.217,9.238,9.264,9.471,8.494,9.251,8.365,9.158,8.787,6.918,9.73,9.274,10.128,9.46,8.923,9.676,8.632,9.244,10.12
195.03,28,9.525,9.882,9.625,9.145,8.118,9.309,9.266,9.291,9.437,8.499,9.294,8.432,9.206,8.854,6.943,9.867,9.314,10.1,9.429,8.836,9.786,8.686,9.181,10.185
196.03,28,9.555,9.923,9.645,9.067,8.136,9.327,9.262,9.219,9.484,8.471,9.268,8.474,9.172,8.815,6.975,9.849,9.293,10.055,9.46,8.83,9.715,8.655,9.241,10.171
197.03,28,9.646,9.881,9.644,9.033,8.098,9.359,9.299,9.248,9.459,8.459,9.299,8.428,9.15,8.777,6.886,9.829,9.298,10.108,9.356,8.857,9.681,8.65,9.224,10.141
198.03,28,9.618,9.866,9.649,9.003,8.106,9.253,9.184,9.228,9.561,8.495,9.302,8.348,9.122,8.752,6.884,9.869,9.288,10.009,9.428,8.898,9.727,8.59,9.244,10.079
199.03,28,9.613,9.906,9.591,9.085,8.036,9.331,9.235,9.245,9.486,8.466,9.231,8.371,9.057,8.789,6.94,9.885,9.295,9.966,9.398,8.825,9.654,8.627,9.207,10.177
200.03,28,9.608,9.888,9.691,9.098,8.071,9.361,9.227,9.356,9.518,8.521,9.288,8.393,8.974,8.785,6.874,9.759,9.309,9.862,9.42,8.906,9.747,8.635,9.206,10.179
201.03,28,9.541,9.87,9.665,9.053,8.082,9.287,9.257,9.239,9.479,8.493,9.312,8.445,8.919,8.703,6.95,9.827,9.266,9.791,9.351,8.87,9.634,8.623,9.212,10.2
202.03,28,9.585,9.825,9.656,8.949,8.118,9.344,9.292,9.278,9.525,8.527,9.257,8.421,8.88,8.748,6.931,9.905,9.287,9.694,9.418,8.844,9.631,8.577,9.156,10.211
203.03,28,9.635,9.85,9.646,9.067,8.098,9.326,9.219,9.253,9.517,8.42,9.194,8.441,8.782,8.839,6.96,9.906,9.328,9.496,9.418,8.888,9.653,8.555,9.304,10.237
204.03,28,9.524,9.854,9.686,9.08,8.104,9.31,9.236,9.244,9.486,8.428,9.253,8.436,8.698,8.768,6.955,9.864,9.307,9.461,9.362,8.904,9.609,8.677,9.2,10.181
205.03,28,9.587,9.789,9.7,9.108,8.141,9.322,9.276,9.234,9.536,8.475,9.268,8.426,8.688,8.767,6.919,9.851,9.307,9.268,9.413,8.863,9.551,8.642,9.218,10.246
206.03,28,9.567,9.984,9.68,9.114,8.083,9.314,9.277,9.21,9.547,8.483,9.213,8.42,8.541,8.733,6.934,9.871,9.288,9.188,9.482,8.886,9.594,8.586,9.246,10.284
207.03,28,9.595,9.854,9.678,9.108,8.094,9.353,9.253,9.289,9.468,8.47,9.179,8.44,8.502,8.698,6.871,9.865,9.283,9.118,9.472,8.834,9.637,8.586,9.18,10.277
208.03,28,9.632,9.838,9.762,9.102,8.19,9.301,9.224,9.27,9.432,8.49,9.162,8.455,8.457,8.762,6.911,9.856,9.248,8.969,9.486,8.843,9.596,8.689,9.175,10.29
209.03,28,9.609,9.856,9.728,9.043,8.124,9.326,9.216,9.169,9.405,8.481,9.269,8.477,8.353,8.745,6.797,9.833,9.298,8.789,9.434,8.854,9.625,8.624,9.291,10.169
210.03,28,9.636,9.882,9.67,9.085,8.159,9.322,9.247,9.262,9.488,8.411,9.225,8.465,8.29,8.804,6.878,9.854,9.312,8.706,9.477,8.87,9.556,8.681,9.183,10.213
211.03,28,9.543,9.869,9.788,9.113,8.159,9.258,9.236,9.284,9.479,8.49,9.216,8.439,8.173,8.764,6.964,9.906,9.33,8.577,9.405,8.86,9.581,8.592,9.185,10.201
212.03,28,9.566,9.919,9.749,9.086,8.126,9.369,9.247,9.317,9.543,8.483,9.184,8.408,8.105,8.774,6.936,9.831,9.315,8.497,9.451,8.85,9.665,8.625,9.213,10.271
213.03,28,9.569,9.9,9.708,9.093,8.123,9.254,9.236,9.257,9.5,8.379,9.146,8.481,8.051,8.812,6.908,9.886,9.279,8.345,9.389,8.864,9.561,8.663,9.188,10.259
214.03,28,9.602,9.836,9.716,9.11,8.181,9.292,9.287,9.268,9.419,8.438,9.12,8.418,8.062,8.831,6.88,9.871,9.279,8.248,9.418,8.788,9.573,8.705,9.175,10.348
215.03,28,9.548,9.804,9.681,9.086,8.083,9.332,9.184,9.311,9.534,8.436,9.155,8.438,8.013,8.809,6.886,9.909,9.305,8.183,9.502,8.809,9.567,8.698,9.217,10.27
216.03,28,9.56,9.936,9.717,9.128,8.119,9.298,9.304,9.269,9.543,8.433,9.191,8.436,7.957,8.857,6.886,9.885,9.334,8.111,9.457,8.816,9.609,8.613,9.139,10.266
217.03,28,9.614,9.812,9.669,9.036,8.152,9.334,9.315,9.187,9.532,8.499,9.127,8.436,7.93,8.792,6.836,9.833,9.315,8.046,9.432,8.873,9.577,8.638,9.195,10.301
218.03,28,9.505,9.908,9.667,9.07,8.145,9.377,9.242,9.245,9.452,8.419,9.113,8.47,7.867,8.821,6.88,9.727,9.368,7.95,9.434,8.836,9.541,8.658,9.168,10.261
219.03,28,9.529,9.927,9.636,9.103,8.207,9.384,9.228,9.26,9.459,8.451,9.168,8.493,7.815,8.889,6.878,9.867,9.377,7.943,9.408,8.877,9.594,8.651,9.182,10.293
220.03,28,9.62,9.883,9.703,9.088,8.176,9.333,9.313,9.189,9.491,8.466,9.127,8.499,7.812,8.821,6.95,9.846,9.344,7.91,9.404,8.87,9.556,8.62,9.185,10.214
221.03,28,9.611,9.985,9.68,9.028,8.108,9.307,9.286,9.252,9.49,8.43,9.164,8.472,7.787,8.789,6.894,9.832,9.404,7.893,9.46,8.902,9.508,8.581,9.158,10.296
222.03,28,9.671,9.855,9.618,9.051,8.102,9.397,9.244,9.245,9.5,8.466,9.171,8.444,7.866,8.773,6.839,9.79,9.311,7.876,9.399,8.866,9.534,8.552,9.228,10.261
223.03,28,9.574,9.895,9.581,9.072,8.138,9.409,9.283,9.324,9.528,8.515,9.138,8.487,7.775,8.789,6.871,9.842,9.367,7.902,9.523,8.853,9.559,8.638,9.21,10.269
224.03,28,9.571,9.946,9.66,9.018,8.167,9.35,9.285,9.248,9.48,8.471,9.277,8.413,7.781,8.833,6.877,9.801,9.384,7.835,9.4,8.813,9.663,8.646,9.273,10.323
225.03,28,9.599,9.904,9.604,9.067,8.179,9.376,9.246,9.303,9.476,8.444,9.151,8.524,7.793,8.797,6.886,9.82,9.374,7.901,9.402,8.842,9.526,8.649,9.248,10.251
226.03,28,9.535,9.928,9.462,9.028,8.118,9.387,9.22,9.232,9.435,8.545,9.142,8.504,7.834,8.849,6.909,9.864,9.395,7.887,9.403,8.875,9.598,8.589,9.204,10.378
227.03,28,9.617,9.921,9.397,8.972,8.113,9.348,9.291,9.249,9.414,8.518,9.179,8.484,7.906,8.797,6.886,9.778,9.312,7.822,9.357,8.85,9.554,8.643,9.256,10.225
228.03,28,9.571,9.922,9.325,9.101,8.218,9.265,9.263,9.241,9.52,8.465,9.208,8.446,7.826,8.79,6.859,9.801,9.351,7.898,9.378,8.857,9.606,8.559,9.249,10.328
229.03,28,9.592,9.882,9.218,9.099,8.177,9.334,9.25,9.323,9.435,8.519,9.189,8.527,7.834,8.768,6.882,9.853,9.369,7.842,9.458,8.839,9.513,8.548,9.207,10.297
230.03,28,9.545,9.9,9.181,9.049,8.091,9.356,9.26,9.26,9.425,8.49,9.181,8.438,7.833,8.816,6.837,9.822,9.36,7.924,9.427,8.85,9.56,8.655,9.284,10.367
231.03,28,9.646,9.912,9.007,8.978,8.099,9.326,9.248,9.344,9.465,8.512,9.138,8.461,7.825,8.771,6.829,9.782,9.358,7.904,9.465,8.811,9.54,8.566,9.177,10.319
232.03,28,9.67,9.942,8.94,9.102,8.114,9.328,9.281,9.294,9.476,8.477,9.196,8.525,7.785,8.768,6.794,9.837,9.332,7.836,9.367,8.835,9.535,8.635,9.259,10.414
233.03,28,9.675,9.931,8.873,9.1,8.157,9.333,9.226,9.345,9.406,8.522,9.106,8.45,7.771,8.759,6.838,9.823,9.402,7.823,9.411,8.846,9.597,8.617,9.23,10.313
234.03,28,9.655,9.969,8.776,9.036,8.131,9.373,9.306,9.358,9.452,8.568,9.118,8.487,7.798,8.778,6.864,9.739,9.375,7.798,9.414,8.794,9.597,8.518,9.244,10.305
235.03,28,9.628,9.946,8.621,9.051,8.125,9.363,9.256,9.349,9.49,8.528,9.019,8.476,7.8,8.739,6.862,9.796,9.411,7.834,9.4,8.818,9.541,8.56,9.273,10.291
236.03,28,9.582,9.888,8.498,9.046,8.128,9.307,9.316,9.303,9.433,8.509,8.995,8.458,7.829,8.827,6.851,9.76,9.42,7.821,9.435,8.827,9.574,8.489,9.264,10.256
237.03,28,9.636,9.895,8.411,9.099,8.16,9.286,9.251,9.352,9.533,8.547,8.946,8.472,7.799,8.802,6.9,9.794,9.376,7.828,9.441,8.821,9.606,8.535,9.343,10.256
238.03,28,9.586,9.915,8.288,9.028,8.18,9.246,9.287,9.232,9.445,8.567,8.928,8.483,7.717,8.785,6.882,9.769,9.371,7.95,9.399,8.809,9.656,8.483,9.282,10.338
239.03,28,9.611,9.87,8.236,9.097,8.137,9.314,9.196,9.34,9.475,8.585,8.9,8.457,7.855,8.739,6.821,9.769,9.355,7.876,9.538,8.764,9.638,8.517,9.195,10.249
240.03,28,9.614,9.857,8.159,9.058,8.251,9.313,9.226,9.271,9.469,8.547,8.792,8.452,7.784,8.788,6.91,9.795,9.392,7.91,9.411,8.796,9.639,8.49,9.263,10.353
241.03,28,9.655,9.854,8.119,9.054,8.144,9.274,9.283,9.284,9.435,8.594,8.783,8.488,7.803,8.738,6.875,9.809,9.293,7.841,9.314,8.816,9.656,8.468,9.187,10.326
242.03,28,9.647,9.871,7.947,9.113,8.14,9.275,9.245,9.235,9.461,8.559,8.703,8.486,7.791,8.804,6.838,9.77,9.356,7.895,9.404,8.861,9.658,8.429,9.208,10.258
243.03,28,9.683,9.843,7.956,9.087,8.19,9.283,9.271,9.318,9.444,8.543,8.602,8.467,7.727,8.784,6.881,9.882,9.395,7.918,9.431,8.818,9.619,8.368,9.316,10.332
244.03,28,9.641,9.847,7.871,9.017,8.238,9.231,9.325,9.221,9.487,8.509,8.536,8.489,7.786,8.757,6.825,9.781,9.29,7.866,9.365,8.811,9.621,8.355,9.273,10.235
245.03,28,9.638,9.828,7.733,9.001,8.148,9.286,9.246,9.232,9.452,8.506,8.478,8.434,7.82,8.796,6.87,9.767,9.35,7.847,9.358,8.786,9.611,8.316,9.226,10.326
246.03,28,9.672,9.86,7.743,9.073,8.198,9.287,9.201,9.233,9.449,8.581,8.449,8.567,7.853,8.772,6.812,9.798,9.399,7.794,9.354,8.741,9.629,8.347,9.297,10.296
247.03,28,9.632,9.852,7.649,9.063,8.208,9.302,9.221,9.207,9.437,8.555,8.331,8.421,7.767,8.789,6.933,9.806,9.378,7.855,9.356,8.768,9.615,8.319,9.275,10.288
248.03,28,9.674,9.886,7.68,9.117,8.236,9.306,9.182,9.247,9.439,8.512,8.382,8.441,7.741,8.746,6.83,9.878,9.325,7.875,9.305,8.767,9.628,8.213,9.306,10.373
249.03,28,9.679,9.878,7.682,9.082,8.217,9.265,9.199,9.242,9.445,8.547,8.262,8.461,7.847,8.765,6.865,9.748,9.314,7.859,9.286,8.779,9.601,8.296,9.271,10.31
250.03,28,9.676,9.886,7.697,9.189,8.212,9.271,9.198,9.277,9.451,8.522,8.25,8.43,7.799,8.806,6.804,9.766,9.321,7.859,9.309,8.743,9.642,8.166,9.335,10.268
251.03,28,9.662,9.836,7.622,9.15,8.154,9.304,9.199,9.313,9.53,8.522,8.131,8.473,7.738,8.789,6.807,9.763,9.326,7.857,9.319,8.78,9.656,8.224,9.189,10.227
252.03,28,9.696,9.906,7.653,9.111,8.274,9.285,9.251,9.24,9.447,8.501,8.149,8.369,7.818,8.788,6.893,9.759,9.309,7.891,9.335,8.776,9.615,8.105,9.271,10.324
253.03,28,9.706,9.889,7.672,9.098,8.162,9.307,9.188,9.251,9.483,8.567,8.082,8.423,7.842,8.809,6.849,9.743,9.381,7.828,9.312,8.771,9.607,8.174,9.278,10.279
254.03,28,9.763,9.885,7.615,9.094,8.251,9.336,9.144,9.337,9.489,8.558,8.081,8.404,7.749,8.784,6.91,9.735,9.379,7.838,9.357,8.761,9.635,8.156,9.259,10.337
255.03,28,9.69,9.912,7.648,9.16,8.153,9.275,9.197,9.27,9.437,8.574,8.034,8.342,7.804,8.764,6.924,9.74,9.355,7.857,9.35,8.774,9.678,8.165,9.295,10.256
256.03,28,9.697,9.906,7.694,9.159,8.196,9.271,9.22,9.281,9.392,8.541,8.023,8.368,7.803,8.818,6.865,9.698,9.334,7.835,9.377,8.714,9.57,8.188,9.204,10.365
257.03,28,9.688,9.842,7.677,9.143,8.188,9.332,9.177,9.301,9.464,8.544,7.968,8.362,7.857,8.797,6.81,9.803,9.385,7.85,9.372,8.727,9.629,8.147,9.306,10.321
258.03,28,9.685,9.859,7.707,9.066,8.214,9.315,9.217,9.278,9.406,8.548,8.033,8.342,7.785,8.705,6.757,9.802,9.323,7.871,9.374,8.749,9.673,8.148,9.279,10.231
259.03,28,9.665,9.842,7.656,9.077,8.197,9.312,9.214,9.286,9.487,8.528,7.974,8.324,7.828,8.745,6.795,9.844,9.364,7.878,9.351,8.747,9.69,8.102,9.33,10.256
260.03,28,9.715,9.805,7.626,9.09,8.206,9.322,9.191,9.303,9.488,8.562,8.023,8.311,7.742,8.681,6.749,9.819,9.386,7.846,9.38,8.767,9.675,8.096,9.269,10.23
261.03,28,9.69,9.786,7.677,9.181,8.201,9.289,9.209,9.246,9.368,8.522,7.966,8.371,7.74,8.746,6.74,9.841,9.338,7.852,9.359,8.684,9.71,8.102,9.286,10.298
262.03,28,9.688,9.845,7.607,9.168,8.215,9.327,9.179,9.24,9.505,8.602,7.998,8.395,7.824,8.711,6.653,9.757,9.364,7.739,9.381,8.703,9.656,8.016,9.279,10.245
263.03,28,9.679,9.827,7.619,9.083,8.275,9.279,9.24,9.267,9.464,8.573,7.948,8.37,7.816,8.712,6.649,9.797,9.373,7.875,9.342,8.708,9.679,8.149,9.287,10.271
264.03,28,9.659,9.924,7.571,9.139,8.209,9.293,9.194,9.234,9.435,8.543,7.975,8.308,7.742,8.756,6.626,9.781,9.414,7.894,9.382,8.603,9.649,8.11,9.285,10.241
265.03,28,9.699,9.854,7.643,9.043,8.182,9.347,9.265,9.213,9.409,8.564,7.988,8.319,7.708,8.788,6.557,9.84,9.405,7.862,9.319,8.654,9.636,8.051,9.266,10.226
266.03,28,9.599,9.803,7.601,9.121,8.155,9.286,9.147,9.213,9.448,8.575,7.968,8.433,7.741,8.751,6.569,9.822,9.38,7.803,9.355,8.677,9.647,8.133,9.281,10.253
267.03,28,9.672,9.784,7.565,9.123,8.13,9.31,9.249,9.237,9.424,8.545,7.908,8.333,7.789,8.746,6.432,9.776,9.338,7.803,9.418,8.594,9.671,8.071,9.252,10.274
268.03,28,9.708,9.782,7.648,9.1,8.09,9.343,9.218,9.245,9.457,8.638,7.978,8.349,7.754,8.717,6.416,9.758,9.41,7.845,9.345,8.554,9.631,8.098,9.253,10.289
269.03,28,9.623,9.782,7.627,9.107,7.968,9.382,9.213,9.254,9.378,8.525,8.017,8.356,7.825,8.722,6.406,9.743,9.381,7.867,9.334,8.501,9.634,8.11,9.233,10.263
270.03,28,9.7,9.835,7.58,9.114,7.979,9.396,9.248,9.213,9.383,8.529,8.019,8.342,7.804,8.689,6.376,9.756,9.446,7.788,9.31,8.521,9.652,8.101,9.267,10.213
271.03,28,9.668,9.754,7.648,9.089,7.89,9.317,9.161,9.259,9.395,8.593,7.975,8.284,7.797,8.668,6.332,9.799,9.425,7.866,9.277,8.44,9.636,8.049,9.224,10.222
272.03,28,9.662,9.822,7.609,9.145,7.8,9.324,9.23,9.168,9.403,8.618,7.963,8.303,7.732,8.701,6.305,9.786,9.388,7.795,9.36,8.457,9.629,8.116,9.268,10.24
273.03,28,9.623,9.832,7.628,9.132,7.759,9.371,9.173,9.295,9.437,8.557,8.006,8.382,7.751,8.769,6.28,9.772,9.435,7.889,9.341,8.347,9.63,8.151,9.309,10.259
274.03,28,9.653,9.856,7.625,9.104,7.739,9.329,9.276,9.243,9.412,8.557,7.951,8.399,7.796,8.758,6.235,9.763,9.384,7.82,9.307,8.311,9.598,8.129,9.258,10.227
275.03,28,9.667,9.803,7.65,9.089,7.54,9.297,9.241,9.243,9.425,8.576,7.951,8.285,7.835,8.703,6.264,9.776,9.47,7.759,9.365,8.297,9.615,8.113,9.29,10.241
276.03,28,9.652,9.828,7.619,9.048,7.514,9.259,9.193,9.264,9.331,8.588,7.968,8.276,7.735,8.703,6.184,9.756,9.387,7.853,9.303,8.259,9.612,8.103,9.217,10.307
277.03,28,9.597,9.865,7.632,9.039,7.394,9.237,9.207,9.302,9.436,8.585,7.961,8.31,7.763,8.621,6.184,9.756,9.321,7.835,9.284,8.225,9.616,8.053,9.224,10.275
278.03,28,9.671,9.784,7.646,9.063,7.29,9.291,9.265,9.269,9.343,8.577,7.962,8.323,7.769,8.658,6.244,9.748,9.381,7.846,9.315,8.193,9.57,8.131,9.265,10.248
279.03,28,9.584,9.909,7.637,9.075,7.191,9.244,9.149,9.272,9.449,8.619,7.984,8.275,7.778,8.626,6.144,9.743,9.441,7.863,9.345,8.086,9.612,8.061,9.265,10.208
280.03,28,9.704,9.743,7.621,9.092,7.198,9.283,9.163,9.321,9.436,8.545,8.005,8.293,7.774,8.675,6.243,9.771,9.423,7.819,9.305,8.124,9.543,8.149,9.191,10.307
281.03,28,9.673,9.862,7.6,9.09,7.096,9.247,9.18,9.283,9.47,8.522,7.937,8.372,7.768,8.626,6.202,9.737,9.378,7.851,9.301,8.047,9.614,8.087,9.321,10.26
282.03,28,9.662,9.868,7.667,9.076,6.941,9.268,9.155,9.294,9.397,8.652,7.985,8.387,7.693,8.661,6.208,9.775,9.396,7.835,9.33,7.98,9.659,8.097,9.224,10.29
283.03,28,9.631,9.817,7.625,9.068,6.935,9.265,9.2,9.25,9.4,8.612,8.046,8.322,7.778,8.626,6.188,9.75,9.404,7.888,9.347,7.986,9.565,8.116,9.295,10.326
284.03,28,9.638,9.782,7.61,8.995,6.836,9.295,9.224,9.308,9.452,8.543,7.95,8.351,7.733,8.671,6.224,9.799,9.352,7.799,9.327,7.902,9.666,8.138,9.247,10.215
285.03,28,9.663,9.857,7.634,9.049,6.79,9.252,9.24,9.269,9.342,8.565,7.942,8.308,7.717,8.729,6.105,9.79,9.428,7.839,9.287,7.953,9.641,8.049,9.291,10.276
286.03,28,9.621,9.857,7.626,9.096,6.749,9.217,9.208,9.3,9.373,8.578,7.951,8.343,7.817,8.604,6.193,9.82,9.424,7.834,9.355,7.915,9.679,8.111,9.293,10.243
287.03,28,9.678,9.838,7.657,9.062,6.674,9.239,9.192,9.215,9.412,8.582,7.964,8.3,7.737,8.633,6.126,9.834,9.405,7.834,9.26,7.923,9.607,8.074,9.284,10.339
288.03,28,9.657,9.765,7.627,9.124,6.659,9.158,9.235,9.222,9.35,8.576,7.965,8.363,7.757,8.657,6.168,9.79,9.412,7.777,9.277,7.963,9.588,8.132,9.258,10.224
289.03,28,9.71,9.801,7.664,9.026,6.608,9.17,9.208,9.334,9.354,8.583,7.988,8.278,7.709,8.634,6.231,9.806,9.382,7.785,9.313,7.91,9.566,8.081,9.297,10.289
290.03,28,9.657,9.863,7.639,9.043,6.607,9.212,9.196,9.258,9.385,8.588,7.979,8.372,7.794,8.642,6.138,9.795,9.45,7.809,9.276,7.942,9.617,8.129,9.176,10.334
291.03,28,9.618,9.803,7.651,9.071,6.572,9.244,9.21,9.334,9.389,8.578,7.99,8.289,7.814,8.699,6.191,9.863,9.442,7.827,9.285,7.911,9.565,8.072,9.322,10.38
292.03,28,9.658,9.838,7.608,9.01,6.581,9.144,9.227,9.324,9.352,8.582,7.977,8.335,7.715,8.686,6.188,9.84,9.471,7.798,9.319,7.927,9.533,8.1,9.306,10.292
293.03,28,9.547,9.835,7.623,9.037,6.505,9.264,9.212,9.335,9.383,8.58,7.985,8.375,7.822,8.746,6.181,9.81,9.471,7.809,9.301,7.907,9.618,8.165,9.217,10.275
294.03,28,9.659,9.857,7.602,9.032,6.582,9.184,9.181,9.317,9.343,8.595,7.941,8.232,7.74,8.709,6.137,9.808,9.367,7.796,9.274,7.917,9.627,8.053,9.218,10.313
295.03,28,9.651,9.843,7.585,9.018,6.598,9.201,9.298,9.282,9.321,8.607,7.943,8.29,7.729,8.768,6.117,9.839,9.475,7.774,9.304,7.953,9.561,8.073,9.252,10.295
296.03,28,9.677,9.831,7.608,9.021,6.521,9.159,9.258,9.238,9.352,8.564,7.96,8.286,7.734,8.79,6.225,9.809,9.385,7.75,9.357,7.876,9.538,8.122,9.258,10.258
297.03,28,9.66,9.806,7.667,8.991,6.569,9.165,9.207,9.252,9.342,8.585,7.915,8.285,7.719,8.684,6.15,9.826,9.436,7.8,9.315,7.919,9.539,8.126,9.221,10.284
298.03,28,9.651,9.789,7.629,9.064,6.597,9.208,9.234,9.244,9.364,8.628,7.888,8.317,7.74,8.786,6.176,9.823,9.455,7.814,9.302,7.941,9.607,8.052,9.226,10.253
299.03,28,9.647,9.834,7.635,9.032,6.59,9.125,9.255,9.155,9.345,8.645,7.891,8.231,7.717,8.771,6.163,9.744,9.48,7.777,9.245,7.921,9.593,8.032,9.277,10.261
300.03,28,9.664,9.802,7.657,9.062,6.602,9.195,9.118,9.24,9.308,8.604,7.949,8.227,7.839,8.779,6.122,9.77,9.419,7.825,9.283,7.949,9.638,8.045,9.262,10.252
301.03,28,9.559,9.83,7.647,9.055,6.547,9.209,9.229,9.189,9.369,8.611,7.946,8.225,7.677,8.715,6.138,9.822,9.483,7.831,9.231,7.925,9.544,8.051,9.258,10.216
302.03,28,9.579,9.83,7.627,9.088,6.591,9.168,9.213,9.191,9.357,8.595,7.968,8.182,7.716,8.714,6.16,9.718,9.511,7.796,9.211,7.963,9.595,8.139,9.243,10.305
303.03,28,9.669,9.853,7.667,9.102,6.628,9.221,9.176,9.269,9.39,8.584,7.935,8.232,7.747,8.696,6.166,9.778,9.447,7.806,9.307,7.897,9.588,8.08,9.181,10.223
304.03,28,9.672,9.854,7.621,9.08,6.6,9.276,9.117,9.26,9.333,8.563,7.939,8.244,7.742,8.731,6.126,9.788,9.429,7.869,9.319,7.927,9.535,8.038,9.191,10.243
305.03,28,9.704,9.801,7.617,9.109,6.587,9.167,9.228,9.211,9.401,8.58,7.899,8.251,7.805,8.761,6.165,9.758,9.481,7.847,9.275,7.901,9.449,8.087,9.208,10.176
306.03,28,9.686,9.853,7.585,9.133,6.567,9.11,9.199,9.27,9.396,8.603,7.93,8.331,7.705,8.711,6.102,9.798,9.435,7.793,9.324,7.974,9.543,8.047,9.215,10.306
307.03,28,9.687,9.862,7.56,9.119,6.568,9.155,9.184,9.273,9.379,8.617,7.988,8.259,7.753,8.681,6.182,9.787,9.432,7.838,9.261,7.912,9.501,8.068,9.222,10.196
308.03,28,9.65,9.793,7.583,9.011,6.588,9.112,9.217,9.202,9.459,8.692,7.952,8.311,7.751,8.731,6.14,9.781,9.436,7.76,9.33,7.916,9.642,8.1,9.263,10.307
309.03,28,9.59,9.865,7.65,9.1,6.557,9.116,9.182,9.251,9.417,8.637,7.951,8.308,7.685,8.694,6.168,9.826,9.471,7.812,9.279,7.85,9.562,8.033,9.197,10.276
310.03,28,9.634,9.8,7.64,9.144,6.55,9.15,9.268,9.208,9.479,8.594,7.951,8.346,7.744,8.721,6.086,9.856,9.484,7.818,9.273,7.903,9.54,8.046,9.223,10.256
311.03,28,9.654,9.834,7.63,9.193,6.505,9.246,9.23,9.228,9.443,8.619,7.916,8.272,7.738,8.745,6.12,9.8,9.462,7.874,9.28,7.862,9.564,8.039,9.214,10.288
312.03,28,9.663,9.829,7.617,9.127,6.552,9.221,9.252,9.252,9.396,8.589,7.965,8.289,7.763,8.732,6.175,9.768,9.427,7.772,9.175,7.864,9.542,8.064,9.154,10.189
313.03,28,9.643,9.819,7.584,9.099,6.644,9.176,9.21,9.225,9.428,8.665,7.929,8.296,7.78,8.723,6.074,9.799,9.454,7.803,9.23,7.988,9.601,8.052,9.224,10.285
314.03,28,9.581,9.751,7.619,9.149,6.592,9.154,9.215,9.235,9.406,8.565,7.906,8.348,7.751,8.748,6.137,9.833,9.426,7.796,9.203,7.88,9.629,8.083,9.229,10.204
315.03,28,9.628,9.8,7.603,9.114,6.578,9.189,9.205,9.244,9.451,8.575,7.993,8.312,7.724,8.73,6.199,9.862,9.493,7.855,9.18,7.911,9.654,8.067,9.236,10.264
316.03,28,9.659,9.811,7.643,9.102,6.559,9.072,9.25,9.315,9.387,8.626,7.999,8.322,7.714,8.75,6.117,9.792,9.484,7.795,9.227,7.867,9.61,8.1,9.121,10.252
317.03,28,9.61,9.796,7.608,9.099,6.601,9.164,9.181,9.183,9.388,8.581,7.975,8.351,7.736,8.694,6.143,9.891,9.405,7.799,9.293,7.878,9.593,8.075,9.197,10.278
318.03,28,9.653,9.827,7.599,9.149,6.627,9.1,9.222,9.216,9.403,8.58,7.883,8.321,7.709,8.705,6.128,9.807,9.463,7.821,9.286,7.907,9.559,8.051,9.197,10.287
319.03,28,9.636,9.78,7.557,9.094,6.669,9.158,9.252,9.228,9.439,8.604,7.981,8.325,7.747,8.655,6.101,9.836,9.483,7.726,9.231,8.004,9.584,8.1,9.166,10.344
320.03,28,9.636,9.776,7.599,9.047,6.6,9.108,9.223,9.214,9.392,8.533,7.919,8.421,7.755,8.735,6.145,9.804,9.499,7.78,9.282,7.943,9.609,8.006,9.217,10.277
321.03,28,9.658,9.775,7.575,9.162,6.553,9.117,9.238,9.169,9.392,8.637,7.938,8.368,7.703,8.697,6.128,9.794,9.477,7.758,9.307,7.915,9.591,8.063,9.198,10.279
322.03,28,9.603,9.774,7.612,9.098,6.575,9.132,9.176,9.237,9.384,8.545,7.924,8.352,7.762,8.692,6.08,9.787,9.433,7.827,9.206,7.894,9.635,8.035,9.265,10.3
323.03,28,9.622,9.789,7.575,9.023,6.602,9.098,9.21,9.254,9.368,8.537,7.919,8.379,7.761,8.739,6.058,9.845,9.474,7.833,9.163,7.876,9.62,8.015,9.212,10.378
324.03,28,9.619,9.778,7.725,9.054,6.551,9.077,9.208,9.224,9.358,8.598,7.938,8.359,7.736,8.697,6.091,9.832,9.421,7.795,9.278,7.878,9.572,7.999,9.179,10.242
325.03,28,9.674,9.751,7.592,9.072,6.591,9.035,9.235,9.152,9.352,8.588,7.943,8.426,7.755,8.604,6.056,9.752,9.45,7.751,9.263,7.846,9.563,8.106,9.162,10.28
326.03,28,9.634,9.848,7.597,9.115,6.607,8.955,9.247,9.17,9.338,8.614,7.926,8.388,7.747,8.675,6.025,9.796,9.498,7.781,9.259,7.893,9.588,8.059,9.158,10.267
327.03,28,9.618,9.79,7.594,9.042,6.533,8.896,9.182,9.184,9.356,8.564,7.992,8.365,7.735,8.68,6.113,9.772,9.482,7.823,9.25,7.878,9.629,8.044,9.195,10.326
328.03,28,9.448,9.729,7.567,9.085,6.526,8.888,9.241,9.137,9.389,8.595,7.892,8.298,7.697,8.7,6.128,9.791,9.461,7.815,9.241,7.862,9.554,8.011,9.15,10.219
329.03,28,9.446,9.812,7.585,9.117,6.542,8.845,9.226,9.141,9.364,8.669,7.945,8.388,7.743,8.747,6.1,9.781,9.481,7.74,9.272,7.874,9.497,8.1,9.211,10.272
330.03,28,9.327,9.763,7.651,9.147,6.619,8.754,9.165,9.167,9.381,8.617,8.011,8.393,7.665,8.78,6.132,9.793,9.386,7.78,9.258,7.899,9.544,8.022,9.133,10.234
331.03,28,9.331,9.827,7.565,9.147,6.538,8.674,9.216,9.175,9.357,8.617,7.933,8.37,7.739,8.716,6.137,9.702,9.402,7.833,9.251,7.851,9.554,8.061,9.148,10.299
332.03,28,9.22,9.82,7.623,9.147,6.565,8.713,9.238,9.149,9.307,8.528,7.956,8.409,7.73,8.697,6.098,9.743,9.369,7.813,9.204,7.855,9.6,8.012,9.108,10.223
333.03,28,9.224,9.759,7.583,9.196,6.539,8.486,9.206,9.188,9.325,8.531,7.968,8.377,7.678,8.769,6.09,9.666,9.373,7.752,9.18,7.846,9.589,8.117,9.039,10.323
334.03,28,9.047,9.823,7.604,9.127,6.563,8.433,9.287,9.165,9.359,8.597,7.929,8.425,7.725,8.698,6.084,9.745,9.242,7.791,9.217,7.892,9.592,8.097,9.129,10.218
335.03,28,8.966,9.735,7.578,9.124,6.599,8.397,9.261,9.141,9.425,8.605,7.899,8.445,7.73,8.731,6.065,9.76,9.216,7.755,9.219,7.916,9.58,7.991,9.062,10.287
336.03,28,8.835,9.77,7.571,9.158,6.591,8.306,9.257,9.217,9.359,8.662,7.91,8.363,7.718,8.698,6.085,9.674,9.133,7.761,9.259,7.908,9.568,8.042,9.023,10.317
337.03,28,8.768,9.782,7.584,9.13,6.59,8.229,9.319,9.187,9.331,8.584,7.908,8.417,7.703,8.72,6.08,9.826,9.129,7.833,9.189,7.88,9.585,8.089,9.125,10.292
338.03,28,8.7,9.771,7.589,9.166,6.613,8.148,9.265,9.256,9.305,8.556,7.847,8.391,7.675,8.674,6.053,9.745,9.001,7.791,9.256,7.906,9.56,8.054,9.043,10.25
339.03,28,8.572,9.795,7.538,9.087,6.541,8.038,9.284,9.13,9.44,8.592,7.924,8.402,7.734,8.651,6.107,9.695,8.945,7.746,9.279,7.879,9.428,8.021,8.963,10.252
340.03,28,8.53,9.738,7.543,9.144,6.583,7.989,9.333,9.19,9.318,8.62,7.897,8.424,7.772,8.661,6.068,9.771,8.867,7.755,9.248,7.877,9.372,8.035,8.916,10.263
341.03,28,8.336,9.77,7.601,9.181,6.605,7.886,9.278,9.119,9.305,8.573,7.944,8.422,7.717,8.589,6.032,9.741,8.768,7.794,9.254,7.882,9.326,8.028,8.83,10.231
342.03,28,8.288,9.759,7.592,9.118,6.568,7.783,9.347,9.184,9.294,8.595,7.874,8.392,7.709,8.548,6.026,9.771,8.698,7.814,9.17,7.856,9.268,8.01,8.803,10.23
343.03,28,8.193,9.79,7.549,9.171,6.551,7.72,9.327,9.108,9.361,8.658,7.9,8.455,7.627,8.555,6.099,9.72,8.659,7.753,9.282,7.886,9.181,8.089,8.759,10.159
344.03,28,8.141,9.713,7.605,9.122,6.537,7.79,9.283,9.173,9.308,8.678,7.925,8.39,7.678,8.412,6.062,9.63,8.487,7.784,9.281,7.89,9.075,8.066,8.682,10.244
345.03,28,7.927,9.728,7.547,9.101,6.574,7.682,9.315,9.145,9.303,8.673,7.896,8.451,7.689,8.418,6.095,9.739,8.508,7.749,9.247,7.869,9.005,8.021,8.627,10.289
346.03,28,7.983,9.688,7.543,9.087,6.567,7.661,9.379,9.17,9.322,8.653,7.887,8.427,7.647,8.362,6.008,9.779,8.438,7.744,9.181,7.893,8.946,7.986,8.533,10.249
347.03,28,7.92,9.694,7.568,9.064,6.509,7.61,9.276,9.16,9.359,8.614,7.868,8.379,7.705,8.249,6.015,9.763,8.343,7.819,9.295,7.848,8.955,8.054,8.551,10.283
348.03,28,7.838,9.745,7.509,9.143,6.539,7.634,9.357,9.151,9.379,8.588,7.871,8.376,7.695,8.295,6.049,9.791,8.24,7.774,9.344,7.833,8.747,8.094,8.471,10.196
349.03,28,7.813,9.722,7.565,9.19,6.593,7.599,9.354,9.103,9.293,8.663,7.925,8.413,7.731,8.18,6.017,9.745,8.145,7.699,9.202,7.859,8.719,8.071,8.416,10.275
350.03,28,7.746,9.734,7.613,9.077,6.564,7.589,9.342,9.138,9.445,8.704,7.931,8.423,7.69,8.155,6.092,9.797,8.148,7.816,9.317,7.807,8.667,8.044,8.274,10.264
351.03,28,7.785,9.71,7.586,9.088,6.519,7.615,9.279,9.103,9.352,8.646,7.918,8.429,7.658,8.182,6.055,9.774,8.099,7.793,9.231,7.779,8.58,8.022,8.322,10.262
352.03,28,7.724,9.805,7.565,9.114,6.528,7.569,9.322,9.159,9.296,8.579,7.898,8.437,7.69,8.022,6.041,9.794,8.087,7.835,9.294,7.814,8.483,7.991,8.231,10.269
353.03,28,7.731,9.78,7.568,9.179,6.638,7.619,9.291,9.116,9.255,8.594,7.866,8.421,7.711,7.981,6.048,9.742,7.942,7.753,9.265,7.809,8.477,8.085,8.314,10.206
354.03,28,7.696,9.736,7.605,9.103,6.554,7.578,9.345,9.175,9.303,8.603,7.955,8.463,7.736,7.915,6.043,9.847,7.983,7.778,9.277,7.895,8.331,8.023,8.235,10.255
355.03,28,7.723,9.799,7.539,9.108,6.52,7.531,9.305,9.153,9.254,8.611,7.865,8.413,7.729,7.834,6.009,9.852,7.962,7.831,9.293,7.878,8.301,7.998,8.256,10.255
356.03,28,7.714,9.743,7.651,9.052,6.562,7.568,9.323,9.157,9.37,8.622,7.929,8.471,7.75,7.839,6.004,9.762,7.946,7.803,9.294,7.871,8.275,7.907,8.171,10.212
357.03,28,7.755,9.749,7.559,9.121,6.611,7.587,9.297,9.167,9.321,8.642,7.827,8.387,7.691,7.764,6.053,9.761,7.982,7.778,9.229,7.84,8.209,8.001,8.203,10.269
358.03,28,7.708,9.759,7.58,9.102,6.571,7.604,9.398,9.184,9.252,8.5,7.958,8.516,7.65,7.656,6.074,9.69,7.969,7.777,9.284,7.806,8.244,7.958,8.239,10.241
359.03,28,7.722,9.751,7.57,9.163,6.548,7.532,9.304,9.187,9.344,8.649,7.962,8.424,7.701,7.655,5.972,9.791,7.932,7.726,9.278,7.853,8.176,8.04,8.144,10.189
360.03,28,7.732,9.721,7.546,9.169,6.609,7.592,9.39,9.236,9.307,8.638,7.968,8.431,7.654,7.573,6.091,9.767,7.913,7.802,9.311,7.874,8.135,8.028,8.203,10.188
361.03,28,7.705,9.741,7.587,9.213,6.557,7.613,9.352,9.163,9.306,8.548,7.894,8.453,7.694,7.598,5.994,9.608,7.896,7.723,9.313,7.889,8.159,8.036,8.178,10.202
362.03,28,7.71,9.686,7.532,9.146,6.573,7.619,9.362,9.241,9.278,8.601,7.921,8.426,7.697,7.552,5.987,9.763,8.001,7.769,9.269,7.84,8.112,8.031,8.083,10.215
363.03,28,7.696,9.716,7.599,9.14,6.494,7.657,9.379,9.181,9.309,8.637,7.833,8.49,7.675,7.532,6.102,9.738,7.936,7.668,9.273,7.81,8.092,8.05,8.123,10.29
364.03,28,7.724,9.698,7.524,9.124,6.525,7.55,9.447,9.196,9.282,8.64,7.908,8.482,7.724,7.511,6.076,9.821,7.943,7.805,9.268,7.879,8.122,8.006,8.186,10.17
365.03,28,7.686,9.687,7.561,9.119,6.462,7.601,9.323,9.234,9.268,8.627,7.907,8.424,7.688,7.507,6.016,9.784,7.95,7.796,9.339,7.819,8.178,8.04,8.157,10.228
366.03,28,7.688,9.736,7.604,9.103,6.581,7.583,9.338,9.243,9.283,8.611,7.859,8.38,7.653,7.529,5.983,9.801,7.956,7.811,9.219,7.788,8.174,7.99,8.142,10.253
367.03,28,7.69,9.7,7.489,9.17,6.57,7.598,9.322,9.184,9.286,8.592,7.933,8.385,7.697,7.577,6.031,9.753,7.958,7.817,9.262,7.859,8.131,7.983,8.151,10.218
368.03,28,7.696,9.677,7.515,9.132,6.585,7.551,9.483,9.203,9.269,8.572,7.849,8.329,7.688,7.539,6.031,9.776,7.916,7.737,9.247,7.851,8.043,7.976,8.159,10.268
369.03,28,7.775,9.742,7.59,9.175,6.563,7.563,9.346,9.184,9.285,8.573,7.844,8.303,7.659,7.59,6.076,9.735,7.952,7.752,9.253,7.858,8.057,8.03,8.132,10.234
370.03,28,7.714,9.704,7.49,9.123,6.581,7.663,9.34,9.169,9.322,8.548,7.875,8.263,7.731,7.664,6.007,9.729,7.98,7.735,9.24,7.797,8.174,8.026,8.125,10.223
371.03,28,7.739,9.749,7.523,9.18,6.556,7.642,9.396,9.229,9.355,8.599,7.878,8.266,7.718,7.542,6.074,9.814,7.958,7.776,9.274,7.849,8.126,8.035,8.178,10.224
372.03,28,7.69,9.766,7.605,9.192,6.541,7.557,9.381,9.198,9.369,8.641,7.916,8.253,7.675,7.571,6.022,9.779,7.851,7.783,9.199,7.864,8.094,7.968,8.194,10.182
373.03,28,7.712,9.734,7.584,9.163,6.595,7.651,9.403,9.244,9.26,8.567,7.861,8.164,7.668,7.538,5.968,9.795,7.881,7.736,9.276,7.807,8.115,7.983,8.144,10.128
374.03,28,7.694,9.715,7.553,9.212,6.533,7.651,9.384,9.208,9.309,8.556,7.857,8.128,7.674,7.485,6.04,9.84,7.969,7.799,9.227,7.789,8.102,7.943,8.166,10.168
375.03,28,7.677,9.733,7.515,9.208,6.566,7.524,9.373,9.218,9.35,8.619,7.836,8.06,7.718,7.537,6.005,9.855,7.921,7.755,9.29,7.848,8.137,8.058,8.155,10.141
376.03,28,7.65,9.73,7.656,9.202,6.519,7.575,9.404,9.213,9.331,8.604,7.937,8.011,7.671,7.554,5.947,9.816,7.953,7.762,9.251,7.808,8.099,7.976,8.127,10.168
377.03,28,7.651,9.696,7.555,9.192,6.52,7.591,9.374,9.195,9.359,8.567,7.899,8.046,7.673,7.561,5.991,9.757,7.908,7.805,9.306,7.886,8.084,7.985,8.106,10.21
378.03,28,7.706,9.724,7.541,9.123,6.575,7.543,9.419,9.184,9.278,8.569,7.799,7.941,7.65,7.522,5.949,9.809,7.99,7.769,9.242,7.838,8.119,8.036,8.135,10.228
379.03,28,7.66,9.741,7.524,9.184,6.589,7.556,9.348,9.117,9.261,8.541,7.847,7.99,7.666,7.506,5.952,9.748,7.866,7.756,9.254,7.851,8.102,8.038,8.128,10.229
380.03,28,7.703,9.765,7.545,9.198,6.507,7.518,9.357,9.129,9.299,8.549,7.85,7.991,7.679,7.61,6.016,9.798,7.908,7.78,9.259,7.816,8.12,7.972,8.069,10.205
381.03,28,7.645,9.739,7.483,9.156,6.558,7.545,9.414,9.261,9.33,8.626,7.88,7.801,7.73,7.52,5.915,9.792,7.964,7.77,9.239,7.768,8.071,7.957,8.14,10.292
382.03,28,7.666,9.738,7.589,9.144,6.576,7.625,9.373,9.178,9.223,8.631,7.826,7.891,7.693,7.493,5.991,9.805,7.903,7.696,9.228,7.903,8.126,8.001,8.117,10.222
383.03,28,7.659,9.717,7.545,9.118,6.544,7.562,9.455,9.167,9.289,8.569,7.897,7.833,7.67,7.569,6.002,9.77,7.998,7.731,9.224,7.789,8.144,8.041,8.079,10.218
384.03,28,7.694,9.708,7.496,9.165,6.497,7.555,9.429,9.171,9.292,8.589,7.882,7.857,7.686,7.583,5.923,9.752,7.942,7.7,9.185,7.822,8.048,7.962,8.105,10.225
385.03,28,7.691,9.731,7.559,9.087,6.539,7.545,9.36,9.128,9.26,8.661,7.97,7.833,7.706,7.523,5.911,9.828,7.951,7.808,9.208,7.869,8.116,7.965,8.122,10.251
386.03,28,7.627,9.735,7.602,9.068,6.577,7.625,9.388,9.204,9.25,8.615,7.924,7.79,7.631,7.52,5.934,9.787,7.952,7.765,9.238,7.844,8.114,8.022,8.085,10.178
387.03,28,7.703,9.646,7.562,9.13,6.548,7.617,9.399,9.232,9.26,8.615,7.93,7.808,7.671,7.574,5.976,9.729,7.905,7.797,9.148,7.797,8.085,8.006,8.005,10.241
388.03,28,7.661,9.652,7.612,9.121,6.537,7.565,9.411,9.226,9.295,8.598,7.893,7.833,7.705,7.529,6.012,9.78,7.979,7.733,9.218,7.838,8.04,7.988,8.145,10.231
389.03,28,7.708,9.68,7.569,9.158,6.596,7.581,9.473,9.205,9.252,8.643,7.86,7.785,7.654,7.491,6.079,9.754,7.921,7.758,9.192,7.787,8.115,7.979,8.115,10.243
390.03,28,7.648,9.667,7.508,9.184,6.539,7.58,9.374,9.246,9.217,8.658,7.797,7.76,7.711,7.506,5.993,9.768,7.923,7.724,9.206,7.808,8.121,7.971,8.193,10.29
391.03,28,7.698,9.626,7.525,9.135,6.593,7.557,9.477,9.267,9.261,8.665,7.852,7.802,7.64,7.499,5.952,9.795,7.908,7.719,9.195,7.807,8.031,7.962,8.114,10.241
392.03,28,7.657,9.517,7.58,9.102,6.547,7.577,9.442,9.158,9.203,8.624,7.904,7.817,7.661,7.478,5.979,9.824,7.878,7.729,9.218,7.794,8.089,8.075,8.106,10.296
393.03,28,7.684,9.475,7.558,9.115,6.531,7.584,9.449,9.3,9.275,8.68,7.873,7.758,7.709,7.501,5.932,9.832,7.915,7.72,9.225,7.772,8.088,8.059,8.115,10.27
394.03,28,7.671,9.436,7.588,9.065,6.505,7.615,9.479,9.284,9.284,8.627,7.873,7.753,7.658,7.512,5.976,9.742,7.947,7.746,9.184,7.761,8.093,8.001,8.095,10.224
395.03,28,7.685,9.336,7.589,9.135,6.581,7.648,9.384,9.214,9.287,8.692,7.85,7.784,7.659,7.54,5.96,9.817,7.919,7.806,9.256,7.754,8.093,7.948,8.099,10.24
396.03,28,7.7,9.251,7.576,9.064,6.561,7.599,9.38,9.234,9.236,8.654,7.893,7.762,7.678,7.516,6.019,9.799,7.925,7.719,9.216,7.898,8.113,8.027,8.127,10.214
397.03,28,7.753,9.224,7.556,9.087,6.541,7.602,9.344,9.235,9.156,8.738,7.857,7.844,7.663,7.477,5.952,9.79,7.909,7.766,9.244,7.838,8.048,7.956,8.072,10.208
398.03,28,7.715,9.112,7.534,9.105,6.525,7.546,9.385,9.224,9.285,8.64,7.902,7.769,7.686,7.505,5.996,9.828,7.909,7.751,9.221,7.895,8.028,7.988,8.132,10.187
399.03,28,7.703,9.072,7.647,9.114,6.573,7.564,9.416,9.228,9.224,8.604,7.86,7.796,7.726,7.498,5.899,9.731,7.836,7.786,9.22,7.848,8.128,8.011,8.101,10.197
400.03,28,7.725,8.996,7.607,9.121,6.569,7.583,9.312,9.26,9.229,8.661,7.884,7.789,7.665,7.495,5.952,9.771,7.944,7.76,9.209,7.81,8.079,8.004,8.112,10.243
401.03,28,7.663,8.827,7.523,9.128,6.493,7.554,9.376,9.18,9.182,8.719,7.839,7.793,7.65,7.447,5.919,9.784,7.927,7.72,9.222,7.832,8.095,7.928,8.067,10.182
402.03,28,7.682,8.788,7.593,9.129,6.514,7.534,9.331,9.285,9.249,8.643,7.896,7.705,7.676,7.502,5.945,9.802,7.966,7.742,9.268,7.798,8.119,8.026,8.117,10.168
403.03,28,7.643,8.734,7.523,9.079,6.541,7.545,9.317,9.243,9.192,8.64,7.887,7.74,7.666,7.523,5.956,9.832,7.869,7.685,9.184,7.829,8.056,7.946,8.09,10.198
404.03,28,7.677,8.625,7.541,9.101,6.583,7.544,9.345,9.225,9.245,8.704,7.854,7.779,7.687,7.558,5.911,9.75,7.893,7.676,9.238,7.784,8.101,7.997,8.15,10.241
405.03,28,7.672,8.642,7.527,9.176,6.555,7.537,9.316,9.286,9.227,8.647,7.868,7.786,7.625,7.598,5.925,9.756,7.94,7.768,9.196,7.836,8.094,8.009,8.104,10.203
406.03,28,7.646,8.533,7.544,9.101,6.55,7.607,9.295,9.179,9.255,8.668,7.903,7.776,7.621,7.553,5.932,9.689,7.848,7.74,9.299,7.79,8.085,7.929,8.105,10.146
407.03,28,7.724,8.457,7.53,9.121,6.53,7.586,9.252,9.241,9.217,8.685,7.865,7.723,7.67,7.559,5.988,9.758,7.901,7.697,9.267,7.787,8.145,7.961,8.103,10.188
408.03,28,7.692,8.404,7.612,9.001,6.478,7.616,9.296,9.236,9.192,8.741,7.882,7.696,7.672,7.523,5.871,9.82,7.919,7.709,9.17,7.737,8.097,8.038,8.019,10.163
409.03,28,7.674,8.32,7.573,8.969,6.573,7.556,9.165,9.225,9.242,8.717,7.897,7.81,7.676,7.518,5.973,9.747,7.896,7.688,9.227,7.79,8.075,7.951,8.103,10.2
410.03,28,7.697,8.318,7.544,8.886,6.521,7.52,9.091,9.222,9.194,8.73,7.892,7.702,7.622,7.489,5.913,9.745,7.91,7.791,9.26,7.787,8.123,7.994,8.073,10.127
411.03,28,7.63,8.282,7.568,8.777,6.555,7.539,8.986,9.17,9.151,8.721,7.92,7.795,7.705,7.508,5.993,9.763,7.903,7.732,9.251,7.804,8.077,7.936,8.12,10.211
412.03,28,7.632,8.25,7.553,8.746,6.562,7.546,8.956,9.181,9.114,8.696,7.806,7.775,7.662,7.513,5.937,9.707,7.904,7.693,9.203,7.806,8.137,8.038,8.129,10.221
413.03,28,7.667,8.218,7.497,8.741,6.526,7.574,8.888,9.239,9.049,8.788,7.83,7.763,7.666,7.464,6.009,9.685,7.908,7.756,9.313,7.691,8.056,7.976,8.095,10.173
414.03,28,7.665,8.204,7.555,8.624,6.51,7.608,8.744,9.218,9.017,8.713,7.794,7.761,7.663,7.519,5.912,9.774,7.906,7.671,9.184,7.794,8.101,7.959,8.102,10.183
415.03,28,7.65,8.152,7.521,8.574,6.541,7.53,8.715,9.268,9.032,8.717,7.771,7.766,7.628,7.492,5.892,9.702,7.998,7.788,9.108,7.729,8.024,7.94,8.068,10.203
416.03,28,7.631,8.208,7.549,8.497,6.494,7.548,8.625,9.233,8.832,8.746,7.908,7.766,7.704,7.554,5.963,9.699,7.911,7.71,9.184,7.801,8.045,8.016,8.064,10.237
417.03,28,7.691,8.115,7.533,8.482,6.546,7.552,8.483,9.151,8.793,8.789,7.851,7.76,7.603,7.538,5.913,9.62,7.902,7.708,9.16,7.804,8.01,7.98,8.051,10.192
418.03,28,7.602,8.224,7.598,8.363,6.525,7.498,8.431,9.252,8.792,8.798,7.828,7.746,7.637,7.472,5.883,9.702,7.915,7.725,9.158,7.767,8.082,7.923,8.122,10.181
419.03,28,7.627,8.194,7.53,8.218,6.511,7.562,8.277,9.192,8.695,8.721,7.866,7.743,7.597,7.526,5.921,9.637,7.851,7.769,9.095,7.772,8.036,7.974,8.064,10.232
420.03,28,7.641,8.139,7.457,8.168,6.544,7.611,8.247,9.185,8.628,8.738,7.849,7.782,7.733,7.413,5.864,9.692,7.865,7.701,9.144,7.818,8.049,7.909,8.076,10.18
421.03,28,7.659,8.174,7.504,8.065,6.635,7.577,8.146,9.191,8.566,8.796,7.813,7.7,7.593,7.514,5.916,9.749,7.905,7.76,9.199,7.78,8.108,7.939,8.097,10.161
422.03,28,7.653,8.119,7.552,8.003,6.482,7.615,8.013,9.176,8.499,8.901,7.841,7.751,7.731,7.546,5.896,9.608,7.914,7.754,9.17,7.742,8.098,8.059,8.147,10.161
423.03,28,7.674,8.164,7.486,7.899,6.479,7.546,7.896,9.23,8.329,8.776,7.874,7.707,7.631,7.53,5.882,9.702,7.903,7.679,9.2,7.713,8.071,7.918,8.071,10.089
424.03,28,7.625,8.149,7.531,7.813,6.493,7.578,7.93,9.23,8.24,8.748,7.838,7.753,7.691,7.496,5.82,9.6,8,7.712,9.228,7.745,8.075,7.994,8.05,10.122
425.03,28,7.629,8.107,7.516,7.706,6.486,7.549,7.81,9.247,8.222,8.834,7.864,7.797,7.624,7.485,5.876,9.665,7.888,7.715,9.249,7.782,8.088,7.981,8.06,10.04
426.03,28,7.674,8.088,7.529,7.7,6.535,7.54,7.757,9.189,8.185,8.75,7.865,7.704,7.681,7.473,5.89,9.629,7.867,7.739,9.229,7.792,8.067,7.977,8.041,10.008
427.03,28,7.673,8.106,7.529,7.641,6.568,7.519,7.747,9.245,8.103,8.75,7.82,7.779,7.553,7.485,5.943,9.664,7.832,7.614,9.198,7.715,8.088,7.977,8.044,9.882
428.03,28,7.68,8.185,7.483,7.664,6.532,7.537,7.705,9.177,7.974,8.758,7.852,7.724,7.604,7.499,5.923,9.595,7.848,7.681,9.236,7.749,8.077,7.918,8.104,9.815
429.03,28,7.585,8.184,7.511,7.579,6.512,7.565,7.599,9.278,7.991,8.877,7.81,7.719,7.613,7.508,5.881,9.506,7.884,7.689,9.265,7.752,8.064,7.979,8.106,9.773
430.03,28,7.64,8.133,7.555,7.497,6.653,7.557,7.662,9.168,7.937,8.745,7.818,7.779,7.616,7.483,5.89,9.485,7.903,7.686,9.225,7.725,8.065,7.889,8.066,9.618
431.03,28,7.59,8.2,7.466,7.624,6.491,7.511,7.581,9.225,7.836,8.77,7.895,7.721,7.617,7.482,5.969,9.465,7.911,7.748,9.265,7.751,8.073,7.978,8.091,9.536
432.03,28,7.622,8.113,7.523,7.498,6.583,7.573,7.573,9.199,7.79,8.791,7.82,7.753,7.648,7.584,5.902,9.406,7.915,7.718,9.175,7.73,8.064,7.946,8.073,9.399
433.03,28,7.675,8.188,7.503,7.492,6.509,7.595,7.633,9.109,7.713,8.761,7.814,7.761,7.674,7.472,5.859,9.242,7.872,7.721,9.231,7.791,8.019,8.017,8.17,9.348
434.03,28,7.668,8.147,7.485,7.485,6.559,7.579,7.594,9.195,7.721,8.791,7.826,7.736,7.571,7.483,5.923,9.254,7.822,7.711,9.238,7.743,8.069,7.973,8.022,9.241
435.03,28,7.685,8.199,7.526,7.53,6.482,7.546,7.519,9.131,7.687,8.807,7.902,7.783,7.646,7.501,5.969,9.088,7.81,7.711,9.178,7.756,8.026,7.892,8.092,9.134
436.03,28,7.627,8.151,7.513,7.504,6.563,7.521,7.616,9.104,7.683,8.72,7.839,7.786,7.593,7.525,5.873,9.078,7.932,7.688,9.225,7.798,8.099,7.889,8.025,9.022
437.03,28,7.576,8.161,7.491,7.524,6.515,7.541,7.654,9.239,7.701,8.815,7.806,7.772,7.585,7.494,5.922,9.018,7.848,7.749,9.215,7.748,8.071,7.977,8.109,8.993
438.03,28,7.654,8.078,7.444,7.485,6.555,7.518,7.628,9.164,7.732,8.778,7.848,7.724,7.587,7.484,5.872,8.921,7.852,7.754,9.175,7.813,8.02,7.935,8.117,8.845
439.03,28,7.634,8.161,7.477,7.507,6.5,7.549,7.602,9.121,7.73,8.795,7.838,7.746,7.603,7.518,5.921,8.858,7.829,7.783,9.104,7.775,8.109,7.908,8.061,8.797
440.03,28,7.675,8.2,7.503,7.415,6.517,7.611,7.573,9.217,7.629,8.865,7.864,7.705,7.662,7.467,5.853,8.711,7.934,7.76,9.025,7.764,8.053,7.883,8.07,8.664
441.03,28,7.624,8.208,7.503,7.461,6.55,7.646,7.59,9.125,7.657,8.773,7.812,7.744,7.629,7.512,5.888,8.699,7.901,7.716,8.988,7.796,7.963,7.911,8.049,8.584
442.03,28,7.603,8.071,7.494,7.516,6.558,7.592,7.593,9.019,7.682,8.82,7.869,7.72,7.598,7.439,5.841,8.614,7.932,7.71,8.918,7.751,8.062,7.946,8.068,8.538
443.03,28,7.617,8.112,7.512,7.439,6.546,7.566,7.563,9.062,7.624,8.736,7.776,7.716,7.632,7.43,5.841,8.571,7.856,7.712,8.988,7.744,8.047,7.894,8.069,8.505
444.03,28,7.69,8.209,7.54,7.456,6.515,7.534,7.619,9.056,7.703,8.712,7.891,7.727,7.555,7.516,5.866,8.408,7.867,7.649,8.875,7.772,8.003,7.952,7.945,8.428
445.03,28,7.71,8.217,7.504,7.425,6.471,7.554,7.594,9.002,7.652,8.719,7.831,7.728,7.611,7.502,5.855,8.339,7.847,7.755,8.839,7.684,8.025,7.926,8.071,8.39
446.03,28,7.598,8.171,7.471,7.445,6.551,7.55,7.537,8.923,7.77,8.721,7.835,7.74,7.618,7.41,5.828,8.342,7.843,7.691,8.775,7.75,8.03,7.963,8.049,8.339
447.03,28,7.631,8.194,7.464,7.452,6.519,7.585,7.62,8.832,7.717,8.642,7.826,7.775,7.591,7.489,5.885,8.223,7.847,7.694,8.749,7.763,8.098,7.891,8.035,8.34
448.03,28,7.619,8.208,7.558,7.406,6.514,7.501,7.598,8.81,7.681,8.648,7.845,7.734,7.652,7.441,5.84,8.162,7.932,7.735,8.658,7.686,8.071,7.975,7.976,8.253
449.03,28,7.63,8.12,7.545,7.528,6.554,7.585,7.551,8.735,7.686,8.563,7.829,7.691,7.6,7.463,5.895,8.044,7.907,7.667,8.525,7.749,8.035,7.885,8.063,8.258
450.03,28,7.563,8.121,7.568,7.535,6.532,7.523,7.632,8.737,7.652,8.527,7.854,7.721,7.636,7.405,5.853,8.077,7.829,7.73,8.534,7.743,8.022,7.918,8.033,8.346
451.03,28,7.689,8.155,7.515,7.446,6.566,7.577,7.575,8.609,7.614,8.542,7.813,7.774,7.655,7.409,5.861,8.012,7.863,7.699,8.466,7.755,8.098,7.967,8.04,8.261
452.03,28,7.638,8.156,7.469,7.499,6.561,7.577,7.562,8.537,7.72,8.523,7.816,7.731,7.598,7.474,5.846,8.047,7.888,7.61,8.432,7.801,8.096,7.925,8.068,8.263
453.03,28,7.623,8.189,7.48,7.498,6.551,7.581,7.606,8.453,7.64,8.462,7.887,7.742,7.673,7.486,5.906,8.033,7.875,7.694,8.377,7.724,8.066,7.938,8.036,8.336
454.03,28,7.625,8.195,7.488,7.497,6.514,7.56,7.578,8.347,7.604,8.422,7.775,7.76,7.545,7.466,5.879,7.991,7.898,7.698,8.31,7.778,7.977,7.927,7.997,8.266
455.03,28,7.631,8.198,7.536,7.56,6.49,7.537,7.592,8.253,7.731,8.375,7.777,7.693,7.611,7.503,5.851,8.026,7.895,7.655,8.236,7.684,8.063,7.948,8.03,8.207
456.03,28,7.622,8.205,7.531,7.466,6.475,7.561,7.543,8.227,7.639,8.363,7.818,7.71,7.627,7.529,5.899,8.005,7.903,7.718,8.215,7.702,8.081,7.992,8.075,8.266
457.03,28,7.612,8.217,7.445,7.485,6.568,7.53,7.603,8.078,7.651,8.301,7.784,7.72,7.625,7.474,5.856,8.006,7.852,7.674,8.239,7.708,8.016,7.958,8.006,8.316
458.03,28,7.581,8.122,7.493,7.529,6.569,7.49,7.55,8.04,7.668,8.247,7.829,7.752,7.608,7.502,5.934,7.98,7.84,7.701,8.208,7.653,8.03,7.962,8.006,8.291
459.03,28,7.689,8.11,7.483,7.475,6.536,7.613,7.581,7.923,7.714,8.181,7.814,7.719,7.59,7.506,5.825,7.966,7.891,7.698,8.125,7.739,8.051,7.936,7.993,8.259
460.03,28,7.649,8.151,7.531,7.393,6.527,7.512,7.542,7.898,7.702,8.142,7.825,7.678,7.605,7.425,5.8,8.008,7.806,7.717,8.222,7.718,8.021,7.891,7.988,8.233
461.03,28,7.657,8.197,7.547,7.419,6.499,7.545,7.558,7.848,7.674,8.158,7.781,7.75,7.611,7.487,5.901,7.963,7.859,7.69,8.155,7.709,8.085,7.935,8.063,8.264
462.03,28,7.625,8.126,7.55,7.538,6.54,7.545,7.55,7.8,7.673,8.135,7.849,7.687,7.643,7.447,5.818,8.022,7.904,7.632,8.112,7.723,8.01,7.942,8.041,8.268
463.03,28,7.629,8.106,7.456,7.517,6.548,7.522,7.589,7.771,7.717,8.062,7.789,7.735,7.59,7.473,5.829,7.985,7.812,7.695,8.167,7.745,8.065,7.946,8.052,8.303
464.03,28,7.558,8.185,7.464,7.412,6.502,7.558,7.6,7.733,7.68,8.062,7.796,7.707,7.617,7.497,5.811,7.978,7.869,7.66,8.188,7.777,8.027,7.9,8.036,8.185
465.03,28,7.588,8.168,7.427,7.478,6.529,7.492,7.545,7.698,7.707,8.027,7.807,7.719,7.594,7.423,5.822,7.982,7.838,7.681,8.221,7.677,8.02,7.883,8.002,8.242
466.03,28,7.625,8.105,7.467,7.46,6.557,7.549,7.562,7.67,7.665,8.006,7.819,7.728,7.602,7.499,5.786,7.956,7.889,7.699,8.135,7.667,8.058,7.9,8.112,8.331
467.03,28,7.576,8.149,7.491,7.488,6.495,7.483,7.541,7.61,7.653,8.036,7.824,7.718,7.592,7.498,5.81,8.042,7.848,7.676,8.133,7.712,8.007,7.9,8.022,8.275
468.03,28,7.61,8.171,7.565,7.509,6.431,7.481,7.626,7.769,7.712,7.936,7.811,7.787,7.514,7.4,5.813,7.985,7.872,7.726,8.208,7.73,7.983,7.875,8.03,8.237
469.03,28,7.588,8.137,7.489,7.523,6.489,7.514,7.565,7.599,7.665,8.039,7.85,7.71,7.602,7.512,5.813,8.023,7.861,7.659,8.17,7.755,7.99,7.918,7.964,8.278
470.03,28,7.597,8.082,7.524,7.445,6.548,7.504,7.513,7.649,7.694,7.985,7.787,7.716,7.604,7.497,5.87,7.999,7.841,7.697,8.103,7.696,8.068,7.886,7.98,8.281
471.03,28,7.633,8.116,7.474,7.475,6.527,7.452,7.514,7.672,7.707,8.017,7.817,7.745,7.56,7.472,5.773,7.965,7.858,7.671,8.153,7.767,7.984,7.977,8.034,8.309
472.03,28,7.589,8.153,7.539,7.509,6.506,7.496,7.521,7.666,7.663,8.004,7.847,7.686,7.554,7.475,5.805,7.978,7.833,7.659,8.162,7.697,7.966,7.89,8.006,8.312
473.03,28,7.581,8.12,7.499,7.437,6.5,7.576,7.628,7.585,7.647,7.996,7.772,7.655,7.627,7.512,5.756,8.01,7.846,7.703,8.23,7.77,8.007,7.894,8.057,8.298
474.03,28,7.645,8.176,7.443,7.451,6.537,7.448,7.53,7.678,7.702,8.011,7.831,7.735,7.521,7.486,5.804,7.956,7.875,7.669,8.187,7.702,8.051,7.917,8.062,8.288
475.03,28,7.572,8.115,7.45,7.488,6.547,7.515,7.513,7.685,7.624,7.989,7.852,7.726,7.635,7.473,5.89,7.994,7.81,7.673,8.15,7.765,8.104,7.914,8.035,8.268
476.03,28,7.54,8.085,7.505,7.463,6.506,7.542,7.548,7.648,7.687,8.021,7.712,7.764,7.559,7.4,5.708,8.019,7.866,7.762,8.144,7.725,7.99,7.951,8.032,8.255
477.03,28,7.597,8.121,7.399,7.463,6.532,7.532,7.567,7.701,7.701,8.008,7.84,7.713,7.635,7.423,5.771,7.978,7.814,7.718,8.123,7.644,7.993,7.869,8.038,8.32
478.03,28,7.636,8.181,7.459,7.421,6.504,7.523,7.577,7.664,7.603,8.04,7.781,7.726,7.652,7.491,5.777,7.998,7.827,7.661,8.165,7.701,8.081,7.912,8.034,8.258
479.03,28,7.57,8.171,7.445,7.373,6.539,7.541,7.589,7.646,7.659,8.025,7.809,7.748,7.65,7.521,5.761,7.948,7.906,7.651,8.146,7.742,7.993,7.902,7.997,8.25
480.03,28,7.597,8.189,7.45,7.462,6.55,7.501,7.554,7.612,7.698,8.061,7.797,7.746,7.645,7.43,5.753,7.947,7.893,7.643,8.187,7.726,8.005,7.916,7.975,8.205
481.03,28,7.621,8.177,7.48,7.442,6.514,7.467,7.554,7.666,7.641,8.028,7.813,7.703,7.549,7.462,5.783,8.042,7.869,7.676,8.085,7.622,8.004,7.972,7.945,8.248
482.03,28,7.609,8.073,7.529,7.43,6.537,7.492,7.548,7.63,7.67,8.088,7.825,7.727,7.539,7.458,5.729,7.95,7.849,7.684,8.129,7.799,8.044,7.865,8.003,8.27
483.03,28,7.664,8.074,7.446,7.418,6.515,7.542,7.531,7.613,7.633,8.05,7.786,7.719,7.595,7.435,5.765,8.011,7.872,7.712,8.14,7.625,8.037,7.898,7.948,8.257
484.03,28,7.599,8.133,7.402,7.489,6.426,7.524,7.546,7.603,7.642,8.092,7.754,7.721,7.616,7.503,5.72,8.029,7.818,7.739,8.126,7.68,7.999,7.899,7.979,8.27
485.03,28,7.6,8.07,7.458,7.418,6.536,7.582,7.596,7.628,7.666,7.966,7.886,7.756,7.551,7.507,5.757,8.068,7.862,7.657,8.147,7.683,8.009,7.882,7.978,8.353
486.03,28,7.576,8.153,7.402,7.438,6.501,7.519,7.564,7.553,7.682,8.025,7.811,7.657,7.542,7.451,5.725,7.903,7.79,7.613,8.146,7.674,8.027,7.879,8.087,8.265
487.03,28,7.588,8.008,7.422,7.443,6.496,7.529,7.54,7.641,7.631,8.009,7.778,7.722,7.562,7.447,5.79,8.036,7.797,7.597,8.161,7.671,8.004,7.947,7.977,8.3
488.03,28,7.64,8.056,7.48,7.438,6.479,7.504,7.577,7.625,7.621,8.131,7.836,7.758,7.558,7.467,5.73,7.979,7.879,7.635,8.154,7.644,7.993,7.88,7.968,8.273
489.03,28,7.549,8.131,7.446,7.386,6.511,7.577,7.529,7.641,7.644,8.064,7.818,7.685,7.583,7.427,5.772,7.961,7.839,7.671,8.147,7.618,7.978,7.934,8.031,8.227
490.03,28,7.605,8.16,7.436,7.476,6.524,7.516,7.51,7.627,7.665,7.999,7.779,7.697,7.585,7.538,5.806,8.041,7.841,7.601,8.118,7.634,8.071,7.901,7.955,8.287
491.03,28,7.597,8.086,7.439,7.388,6.5,7.519,7.509,7.606,7.692,8.002,7.822,7.691,7.577,7.49,5.805,7.965,7.823,7.604,8.097,7.699,8.027,7.882,7.995,8.256
492.03,28,7.571,8.143,7.511,7.433,6.448,7.52,7.53,7.661,7.629,8.048,7.788,7.742,7.6,7.404,5.783,7.948,7.841,7.609,8.116,7.707,7.936,7.859,7.994,8.217
493.03,28,7.6,8.055,7.425,7.468,6.515,7.509,7.563,7.631,7.671,7.968,7.777,7.665,7.59,7.442,5.71,7.962,7.884,7.63,8.068,7.653,8.069,7.922,7.925,8.284
494.03,28,7.562,8.125,7.395,7.395,6.487,7.534,7.529,7.602,7.634,8.014,7.79,7.709,7.61,7.411,5.818,7.982,7.827,7.707,8.071,7.709,7.985,7.864,7.99,8.202
495.03,28,7.602,8.197,7.463,7.376,6.52,7.523,7.56,7.636,7.72,7.989,7.785,7.756,7.575,7.431,5.792,7.983,7.795,7.684,8.139,7.681,8.022,7.867,7.99,8.242
496.03,28,7.575,8.087,7.485,7.386,6.5,7.528,7.579,7.599,7.663,8.034,7.801,7.701,7.625,7.439,5.772,7.969,7.79,7.66,8.115,7.733,7.993,7.822,7.958,8.228
497.03,28,7.62,8.059,7.399,7.462,6.514,7.53,7.543,7.659,7.641,7.938,7.77,7.651,7.576,7.406,5.693,7.999,7.825,7.611,8.152,7.685,8.003,7.854,8.057,8.209
498.03,28,7.628,8.092,7.452,7.367,6.56,7.56,7.545,7.68,7.623,7.982,7.833,7.651,7.501,7.421,5.701,7.927,7.814,7.729,8.091,7.666,8.021,7.854,8.01,8.205
499.03,28,7.579,8.113,7.479,7.477,6.453,7.527,7.513,7.622,7.615,7.952,7.786,7.65,7.566,7.382,5.766,7.949,7.784,7.669,8.174,7.697,8.013,7.878,8.004,8.267
500.03,28,7.627,8.111,7.498,7.384,6.561,7.519,7.513,7.596,7.694,8.037,7.806,7.658,7.553,7.454,5.785,7.932,7.839,7.573,8.148,7.704,7.967,7.864,7.946,8.207
501.03,28,7.635,8.114,7.443,7.399,6.555,7.465,7.572,7.607,7.67,8.034,7.745,7.651,7.615,7.491,5.747,7.98,7.818,7.67,8.097,7.736,7.988,7.865,7.955,8.244
502.03,28,7.556,8.096,7.451,7.394,6.47,7.472,7.512,7.597,7.62,8.014,7.795,7.682,7.623,7.443,5.679,7.969,7.879,7.636,8.112,7.702,8.013,7.909,8.015,8.247
503.03,28,7.56,8.05,7.455,7.373,6.466,7.509,7.56,7.61,7.679,7.954,7.805,7.693,7.568,7.413,5.675,8.011,7.873,7.659,8.143,7.632,8.029,7.869,8.052,8.236
504.03,28,7.596,8.079,7.365,7.435,6.475,7.455,7.584,7.709,7.7,7.975,7.799,7.703,7.606,7.416,5.767,7.984,7.889,7.592,8.107,7.653,7.995,7.87,8.039,8.222
505.03,28,7.6,8.149,7.393,7.436,6.506,7.485,7.511,7.619,7.607,8.042,7.773,7.773,7.613,7.446,5.659,7.935,7.824,7.66,8.088,7.685,8.019,7.92,7.986,8.209
506.03,28,7.621,8.15,7.46,7.45,6.469,7.531,7.517,7.649,7.629,7.981,7.799,7.652,7.573,7.367,5.716,7.877,7.813,7.725,8.111,7.653,8.008,7.909,8.008,8.263
507.03,28,7.577,8.135,7.452,7.414,6.604,7.389,7.576,7.691,7.632,8.015,7.715,7.667,7.603,7.426,5.73,7.932,7.735,7.642,8.151,7.65,8.012,7.864,7.989,8.249
508.03,28,7.556,8.084,7.448,7.366,6.481,7.525,7.448,7.609,7.614,8.064,7.746,7.65,7.509,7.494,5.734,7.914,7.796,7.592,8.102,7.644,7.993,7.879,8,8.225
509.03,28,7.578,8.092,7.507,7.462,6.447,7.47,7.534,7.601,7.626,8.068,7.775,7.68,7.563,7.44,5.718,7.987,7.832,7.612,8.11,7.779,8.013,7.86,8.021,8.222
510.03,28,7.545,8.065,7.487,7.431,6.444,7.53,7.546,7.679,7.631,8.042,7.83,7.725,7.517,7.436,5.721,7.984,7.86,7.636,8.136,7.618,7.944,7.953,7.982,8.213
511.03,28,7.538,8.052,7.421,7.392,6.496,7.524,7.555,7.63,7.648,8.058,7.774,7.677,7.563,7.528,5.69,7.989,7.806,7.595,8.061,7.642,7.983,7.853,7.949,8.253
512.03,28,7.571,8.08,7.434,7.34,6.512,7.508,7.522,7.681,7.649,8.032,7.796,7.705,7.558,7.442,5.749,8.027,7.809,7.683,8.111,7.673,8.027,7.879,7.961,8.206
513.03,28,7.506,8.082,7.433,7.356,6.502,7.486,7.54,7.62,7.626,8.029,7.747,7.753,7.542,7.403,5.69,7.978,7.828,7.604,8.054,7.675,8.017,7.895,7.984,8.24
514.03,28,7.521,8.099,7.457,7.36,6.479,7.511,7.537,7.662,7.691,7.973,7.777,7.72,7.552,7.44,5.74,7.979,7.77,7.724,8.093,7.638,7.978,7.809,7.986,8.239
515.03,28,7.579,8.107,7.445,7.43,6.479,7.492,7.512,7.62,7.63,8.008,7.724,7.644,7.526,7.414,5.685,7.972,7.808,7.67,8.108,7.701,7.982,7.92,7.942,8.155
516.03,28,7.504,8.117,7.431,7.421,6.446,7.544,7.5,7.59,7.627,7.983,7.777,7.692,7.577,7.468,5.757,7.971,7.793,7.652,8.121,7.63,8.006,7.845,7.893,8.208
517.03,28,7.546,8.109,7.425,7.443,6.479,7.512,7.539,7.622,7.644,7.997,7.788,7.753,7.535,7.483,5.677,7.918,7.778,7.621,8.134,7.68,7.918,7.89,7.996,8.219
518.03,28,7.583,8.058,7.427,7.368,6.473,7.49,7.495,7.55,7.619,7.979,7.821,7.653,7.596,7.409,5.72,7.921,7.785,7.659,8.093,7.667,7.957,7.885,7.964,8.278
519.03,28,7.566,8.104,7.429,7.367,6.457,7.476,7.473,7.587,7.664,7.985,7.791,7.653,7.57,7.469,5.636,8.006,7.799,7.623,8.287,7.647,8.04,7.815,7.984,8.257
520.03,28,7.543,8.115,7.393,7.42,6.428,7.509,7.521,7.624,7.633,7.987,7.719,7.684,7.581,7.438,5.7,7.964,7.801,7.617,8.135,7.636,8.021,7.839,7.969,8.19
521.03,28,7.562,8.093,7.437,7.449,6.474,7.573,7.538,7.607,7.573,7.949,7.776,7.624,7.53,7.446,5.721,7.933,7.738,7.604,8.136,7.624,8.043,7.832,7.963,8.219
522.03,28,7.551,8.082,7.474,7.395,6.486,7.457,7.476,7.636,7.609,7.937,7.755,7.644,7.521,7.38,5.726,7.951,7.773,7.645,8.098,7.64,8.019,7.913,7.956,8.246
523.03,28,7.548,8.091,7.415,7.358,6.51,7.503,7.529,7.613,7.612,8.005,7.753,7.686,7.574,7.437,5.694,7.974,7.757,7.639,8.128,7.711,8.012,7.866,8.005,8.254
524.03,28,7.549,8.061,7.455,7.373,6.469,7.441,7.571,7.614,7.594,7.985,7.747,7.741,7.584,7.4,5.756,8.015,7.857,7.625,8.143,7.636,7.998,7.808,7.959,8.284
525.03,28,7.573,8.004,7.405,7.354,6.438,7.478,7.493,7.661,7.614,7.972,7.779,7.663,7.545,7.45,5.653,7.963,7.777,7.639,8.114,7.7,7.953,7.88,7.969,8.185
526.03,28,7.524,8.079,7.462,7.344,6.5,7.474,7.486,7.667,7.582,8.032,7.705,7.635,7.585,7.494,5.685,7.916,7.758,7.647,8.137,7.724,7.911,7.888,7.926,8.253
527.03,28,7.596,8.097,7.442,7.43,6.563,7.408,7.523,7.647,7.622,7.967,7.77,7.726,7.55,7.44,5.734,7.947,7.764,7.592,8.06,7.583,8.041,7.868,7.901,8.191
528.03,28,7.535,8.117,7.392,7.345,6.493,7.494,7.517,7.566,7.621,7.968,7.771,7.658,7.556,7.414,5.691,7.978,7.819,7.627,8.048,7.688,8.032,7.835,7.948,8.248
529.03,28,7.573,8.079,7.424,7.37,6.468,7.452,7.487,7.605,7.615,7.952,7.776,7.698,7.583,7.429,5.664,7.98,7.838,7.711,8.168,7.643,8.013,7.834,7.941,8.206
530.03,28,7.536,8.068,7.465,7.376,6.46,7.537,7.596,7.659,7.599,7.968,7.782,7.688,7.583,7.408,5.672,7.925,7.77,7.614,8.078,7.585,7.969,7.874,8.05,8.208
531.03,28,7.548,8.12,7.384,7.421,6.504,7.434,7.507,7.637,7.577,8.027,7.77,7.671,7.488,7.353,5.683,8.002,7.756,7.65,8.119,7.586,7.958,7.845,8.014,8.182
532.03,28,7.503,8.036,7.434,7.371,6.458,7.491,7.49,7.589,7.592,8.055,7.728,7.718,7.488,7.418,5.767,7.969,7.772,7.633,8.084,7.653,7.977,7.803,7.96,8.189
533.03,28,7.552,8.131,7.451,7.382,6.457,7.502,7.549,7.629,7.648,7.998,7.711,7.678,7.541,7.373,5.718,8.017,7.85,7.659,8.146,7.709,8.008,7.866,7.937,8.198
534.03,28,7.518,8.061,7.345,7.342,6.494,7.479,7.463,7.616,7.648,7.971,7.739,7.653,7.539,7.435,5.564,7.967,7.767,7.639,8.113,7.603,7.953,7.841,7.924,8.234
535.03,28,7.494,8.091,7.41,7.337,6.436,7.494,7.445,7.595,7.579,8.016,7.703,7.702,7.537,7.403,5.645,7.96,7.795,7.639,8.001,7.699,7.924,7.805,7.967,8.237
536.03,28,7.47,8.042,7.474,7.379,6.493,7.443,7.512,7.588,7.644,7.955,7.69,7.689,7.5,7.427,5.671,7.934,7.811,7.624,8.115,7.665,7.946,7.846,7.901,8.16
537.03,28,7.582,8.083,7.454,7.365,6.467,7.389,7.471,7.569,7.605,8.028,7.721,7.661,7.549,7.406,5.692,7.919,7.788,7.615,8.121,7.615,7.974,7.823,7.949,8.244
538.03,28,7.498,8.055,7.367,7.372,6.435,7.448,7.499,7.608,7.608,8.012,7.818,7.676,7.6,7.426,5.65,8.009,7.753,7.638,8.06,7.676,7.882,7.894,7.947,8.191
539.03,28,7.511,8.002,7.435,7.341,6.536,7.532,7.495,7.631,7.538,7.985,7.695,7.676,7.538,7.374,5.681,8.038,7.754,7.69,8.104,7.6,7.955,7.793,7.993,8.197
540.03,28,7.531,8.059,7.449,7.42,6.455,7.392,7.458,7.624,7.629,8.063,7.759,7.693,7.501,7.391,5.629,7.89,7.735,7.588,8.037,7.657,7.97,7.879,7.98,8.255
541.03,28,7.559,8.063,7.396,7.361,6.478,7.495,7.465,7.576,7.611,7.959,7.805,7.697,7.52,7.464,5.664,7.924,7.741,7.506,8.153,7.705,7.902,7.85,7.892,8.209
542.03,28,7.512,8.051,7.378,7.351,6.491,7.429,7.494,7.62,7.614,7.981,7.678,7.665,7.509,7.381,5.643,7.977,7.809,7.626,8.106,7.655,7.957,7.804,7.879,8.248
543.03,28,7.516,8.061,7.381,7.389,6.531,7.456,7.469,7.615,7.605,7.958,7.731,7.645,7.579,7.409,5.651,7.943,7.74,7.616,8.114,7.648,7.985,7.814,7.955,8.184
544.03,28,7.487,8.054,7.389,7.447,6.449,7.466,7.437,7.642,7.627,7.872,7.666,7.722,7.588,7.435,5.664,7.89,7.757,7.649,8.087,7.609,7.924,7.846,7.955,8.209
545.03,28,7.531,8.09,7.426,7.423,6.474,7.455,7.482,7.655,7.621,7.955,7.72,7.682,7.536,7.403,5.711,7.971,7.759,7.567,8.108,7.61,7.924,7.878,7.989,8.213
546.03,28,7.559,8.098,7.335,7.344,6.505,7.444,7.491,7.537,7.653,7.922,7.717,7.665,7.48,7.407,5.647,7.934,7.82,7.577,8.093,7.639,7.923,7.831,7.957,8.215
547.03,28,7.523,8.048,7.372,7.391,6.533,7.518,7.451,7.603,7.619,7.975,7.703,7.618,7.482,7.341,5.622,7.902,7.717,7.627,8.106,7.621,8.003,7.8,7.943,8.178
548.03,28,7.466,8.125,7.41,7.35,6.571,7.45,7.507,7.605,7.633,7.989,7.762,7.633,7.487,7.373,5.642,7.982,7.79,7.62,8.095,7.585,7.877,7.803,7.955,8.136
549.03,28,7.542,8.123,7.381,7.328,6.454,7.5,7.531,7.584,7.636,7.993,7.773,7.599,7.577,7.348,5.594,7.927,7.806,7.684,8.15,7.657,7.924,7.8,7.88,8.182
550.03,28,7.559,8.075,7.404,7.289,6.445,7.468,7.443,7.533,7.607,7.936,7.795,7.616,7.54,7.367,5.66,7.957,7.747,7.638,8.119,7.63,7.933,7.826,7.94,8.189
551.03,28,7.446,8.067,7.396,7.356,6.523,7.515,7.399,7.633,7.637,7.955,7.789,7.656,7.527,7.385,5.625,7.882,7.695,7.628,8.133,7.618,7.981,7.87,8.015,8.163
552.03,28,7.443,8.086,7.39,7.409,6.471,7.485,7.453,7.588,7.601,7.97,7.797,7.697,7.52,7.405,5.659,7.944,7.781,7.564,8.13,7.573,7.939,7.818,7.887,8.188
553.03,28,7.51,7.986,7.465,7.33,6.433,7.502,7.447,7.582,7.572,8.055,7.691,7.672,7.528,7.39,5.637,7.952,7.757,7.64,8.051,7.621,7.922,7.834,7.854,8.208
554.03,28,7.508,8.036,7.467,7.44,6.442,7.444,7.558,7.542,7.659,7.956,7.717,7.682,7.56,7.415,5.647,7.91,7.821,7.668,8.145,7.601,7.993,7.825,7.978,8.19
555.03,28,7.539,8.034,7.342,7.337,6.539,7.49,7.465,7.639,7.58,7.936,7.794,7.686,7.546,7.414,5.614,7.916,7.741,7.616,8.081,7.619,7.961,7.807,7.957,8.183
556.03,28,7.512,8.087,7.423,7.381,6.418,7.51,7.481,7.62,7.661,7.905,7.713,7.67,7.479,7.376,5.599,7.942,7.757,7.556,8.058,7.617,7.916,7.834,7.921,8.224
557.03,28,7.533,8.092,7.464,7.331,6.503,7.489,7.482,7.544,7.604,7.953,7.699,7.688,7.569,7.389,5.666,7.923,7.749,7.662,8.049,7.603,7.944,7.827,7.96,8.09
558.03,28,7.499,7.982,7.417,7.382,6.492,7.492,7.481,7.602,7.555,7.97,7.716,7.626,7.542,7.419,5.661,7.965,7.784,7.654,8.068,7.613,7.921,7.865,7.928,8.205
559.03,28,7.454,7.991,7.351,7.378,6.475,7.459,7.477,7.526,7.589,7.93,7.757,7.625,7.526,7.427,5.573,7.941,7.811,7.645,8.071,7.632,7.912,7.846,7.911,8.142
560.03,28,7.505,8.067,7.387,7.383,6.478,7.488,7.518,7.521,7.61,8.004,7.649,7.662,7.584,7.376,5.615,8.007,7.853,7.674,8.065,7.572,7.983,7.815,7.968,8.173
561.03,28,7.487,8.056,7.388,7.279,6.435,7.447,7.511,7.553,7.607,7.987,7.778,7.684,7.49,7.424,5.635,7.932,7.767,7.611,8.007,7.581,7.955,7.831,7.894,8.165
562.03,28,7.538,8.087,7.435,7.356,6.461,7.44,7.481,7.554,7.577,7.958,7.726,7.63,7.475,7.383,5.588,7.924,7.798,7.583,8.088,7.642,7.989,7.827,7.899,8.163
563.03,28,7.493,8.097,7.419,7.327,6.473,7.387,7.469,7.574,7.561,8.008,7.71,7.67,7.524,7.376,5.619,7.903,7.785,7.628,8.076,7.644,7.917,7.795,7.927,8.108
564.03,28,7.515,8.012,7.41,7.316,6.511,7.516,7.466,7.573,7.575,7.984,7.779,7.639,7.521,7.371,5.642,7.994,7.801,7.567,8.132,7.619,7.898,7.833,7.941,8.117
565.03,28,7.485,8.015,7.332,7.367,6.443,7.464,7.467,7.528,7.568,7.973,7.669,7.646,7.532,7.395,5.676,8.05,7.769,7.63,8.062,7.615,7.921,7.809,7.93,8.256
566.03,28,7.544,8.023,7.371,7.327,6.484,7.501,7.489,7.569,7.624,7.907,7.647,7.641,7.51,7.331,5.632,7.939,7.79,7.643,8.06,7.591,7.928,7.844,7.955,8.134
567.03,28,7.517,8.045,7.401,7.323,6.488,7.479,7.52,7.628,7.58,7.98,7.739,7.707,7.5,7.397,5.603,7.924,7.779,7.626,8.058,7.611,7.974,7.784,7.941,8.196
568.03,28,7.53,8.11,7.431,7.379,6.441,7.461,7.471,7.601,7.565,7.962,7.754,7.619,7.479,7.366,5.649,7.929,7.72,7.66,8.115,7.646,7.897,7.794,7.888,8.115
569.03,28,7.57,7.995,7.378,7.402,6.405,7.487,7.411,7.637,7.568,8.044,7.765,7.62,7.527,7.343,5.612,7.899,7.699,7.576,8.065,7.541,7.944,7.796,7.931,8.165
570.03,28,7.5,8.062,7.39,7.338,6.449,7.424,7.416,7.64,7.56,7.968,7.702,7.669,7.527,7.32,5.57,7.887,7.79,7.569,8.072,7.581,7.94,7.873,7.936,8.188
571.03,28,7.543,7.966,7.36,7.336,6.474,7.455,7.447,7.612,7.537,7.994,7.639,7.693,7.486,7.364,5.563,7.886,7.735,7.612,8.047,7.614,7.917,7.791,7.852,8.174
572.03,28,7.487,8.062,7.45,7.382,6.497,7.455,7.494,7.657,7.622,7.947,7.747,7.682,7.532,7.375,5.559,7.896,7.709,7.565,8.117,7.555,7.958,7.776,7.868,8.206
573.03,28,7.448,8.052,7.409,7.315,6.487,7.357,7.475,7.584,7.619,7.937,7.797,7.618,7.542,7.416,5.591,7.912,7.68,7.568,8.061,7.556,7.941,7.817,7.91,8.161
574.03,28,7.494,8.001,7.38,7.319,6.51,7.403,7.413,7.617,7.653,7.965,7.741,7.664,7.507,7.34,5.542,7.955,7.742,7.66,8.107,7.576,7.94,7.809,7.966,8.132
575.03,28,7.47,7.984,7.437,7.303,6.44,7.473,7.454,7.553,7.591,7.973,7.713,7.597,7.506,7.377,5.613,7.979,7.77,7.584,8.032,7.565,7.969,7.817,7.872,8.245
576.03,28,7.48,8.03,7.385,7.328,6.435,7.421,7.465,7.558,7.586,7.954,7.682,7.666,7.49,7.37,5.64,7.917,7.741,7.611,8.095,7.62,7.896,7.749,7.899,8.16
577.03,28,7.487,8.01,7.336,7.384,6.414,7.442,7.426,7.645,7.58,7.975,7.674,7.636,7.499,7.352,5.578,7.886,7.701,7.617,8.026,7.607,7.925,7.807,7.973,8.236
578.03,28,7.448,8.039,7.436,7.266,6.493,7.443,7.464,7.585,7.621,7.953,7.764,7.631,7.485,7.325,5.535,7.94,7.743,7.587,8.124,7.593,7.889,7.771,7.867,8.152
579.03,28,7.424,7.975,7.374,7.238,6.462,7.418,7.489,7.628,7.538,7.975,7.71,7.589,7.472,7.323,5.57,7.902,7.712,7.648,8.018,7.549,7.912,7.784,7.902,8.113
580.03,28,7.462,8.076,7.408,7.369,6.447,7.471,7.532,7.623,7.637,7.915,7.713,7.631,7.409,7.3,5.602,7.85,7.705,7.602,8.063,7.544,7.911,7.779,7.831,8.172
581.03,28,7.51,8.06,7.335,7.304,6.425,7.368,7.431,7.577,7.61,7.951,7.653,7.668,7.505,7.419,5.615,7.903,7.764,7.582,8.002,7.619,7.918,7.802,7.936,8.161
582.03,28,7.461,8.107,7.333,7.314,6.477,7.439,7.43,7.621,7.547,7.958,7.749,7.669,7.464,7.304,5.571,7.972,7.731,7.549,7.986,7.629,7.883,7.769,7.927,8.172
583.03,28,7.56,7.971,7.439,7.413,6.465,7.433,7.457,7.56,7.593,7.99,7.751,7.598,7.485,7.366,5.645,7.926,7.791,7.557,8.076,7.589,7.967,7.747,7.88,8.087
584.03,28,7.493,7.994,7.363,7.358,6.525,7.448,7.469,7.486,7.541,7.942,7.715,7.624,7.494,7.388,5.544,7.934,7.804,7.593,8.072,7.595,7.912,7.793,7.849,8.207
585.03,28,7.41,7.999,7.348,7.329,6.43,7.421,7.442,7.571,7.582,7.941,7.689,7.643,7.537,7.393,5.599,7.871,7.766,7.555,8.075,7.572,7.946,7.777,7.886,8.156
586.03,28,7.497,7.961,7.37,7.329,6.456,7.427,7.497,7.592,7.602,7.928,7.672,7.6,7.539,7.342,5.506,7.951,7.704,7.551,8.033,7.596,7.916,7.753,7.932,8.115
587.03,28,7.446,8.108,7.409,7.294,6.409,7.53,7.46,7.524,7.556,7.981,7.699,7.586,7.49,7.272,5.505,7.89,7.702,7.577,8.052,7.605,7.968,7.806,7.976,8.145
588.03,28,7.518,7.963,7.398,7.313,6.467,7.37,7.463,7.53,7.579,7.956,7.705,7.607,7.459,7.317,5.555,7.91,7.741,7.574,8.137,7.616,7.904,7.777,7.899,8.152
589.03,28,7.522,8.04,7.386,7.327,6.443,7.42,7.448,7.597,7.584,7.947,7.731,7.686,7.51,7.304,5.563,7.935,7.691,7.578,8.049,7.561,7.935,7.758,7.961,8.224
590.03,28,7.536,8.061,7.347,7.294,6.417,7.491,7.479,7.577,7.571,7.959,7.686,7.565,7.5,7.391,5.531,7.938,7.744,7.516,8.026,7.534,7.832,7.75,7.895,8.198
591.03,28,7.499,7.96,7.4,7.304,6.489,7.451,7.44,7.597,7.552,7.905,7.701,7.648,7.526,7.38,5.488,7.992,7.757,7.557,8.117,7.615,7.928,7.768,7.903,8.085
592.03,28,7.5,7.986,7.424,7.361,6.442,7.358,7.466,7.521,7.557,8.004,7.655,7.61,7.462,7.378,5.563,7.98,7.718,7.555,8.07,7.535,7.925,7.81,7.888,8.173
593.03,28,7.445,8.04,7.388,7.369,6.449,7.448,7.406,7.52,7.594,7.864,7.685,7.604,7.475,7.339,5.579,7.882,7.768,7.642,8.099,7.575,7.955,7.746,7.919,8.146
594.03,28,7.502,8.024,7.433,7.312,6.493,7.457,7.463,7.63,7.558,7.921,7.706,7.633,7.49,7.324,5.536,7.942,7.788,7.535,8.012,7.548,7.872,7.74,7.878,8.139
595.03,28,7.481,8.013,7.352,7.305,6.439,7.399,7.467,7.574,7.579,7.866,7.636,7.613,7.537,7.367,5.56,7.935,7.779,7.544,8.025,7.509,7.871,7.67,7.907,8.124
596.03,28,7.474,8.051,7.417,7.312,6.467,7.437,7.441,7.56,7.549,8.017,7.627,7.578,7.514,7.316,5.528,7.934,7.757,7.56,8.003,7.565,7.911,7.84,7.89,8.1
597.03,28,7.511,8.007,7.322,7.263,6.416,7.394,7.422,7.575,7.516,7.963,7.741,7.603,7.526,7.379,5.617,7.894,7.67,7.547,8.1,7.574,7.897,7.729,7.859,8.161
598.03,28,7.458,8.074,7.365,7.304,6.404,7.428,7.449,7.587,7.531,7.941,7.72,7.675,7.508,7.383,5.473,7.911,7.735,7.587,8.056,7.59,7.866,7.743,7.845,8.181
599.03,28,7.434,7.99,7.372,7.268,6.465,7.441,7.48,7.572,7.603,7.912,7.731,7.597,7.447,7.296,5.55,7.922,7.73,7.611,7.957,7.558,7.898,7.768,7.899,8.144
600.03,28,7.47,8.035,7.368,7.349,6.465,7.387,7.462,7.557,7.514,7.965,7.66,7.639,7.508,7.318,5.587,7.858,7.695,7.592,8.106,7.553,7.874,7.757,7.871,8.171
601.03,28,7.416,8.022,7.399,7.283,6.412,7.413,7.454,7.455,7.532,7.874,7.701,7.575,7.502,7.33,5.551,7.94,7.707,7.591,8.015,7.565,7.873,7.766,7.89,8.117
602.03,28,7.47,7.965,7.339,7.296,6.451,7.417,7.463,7.53,7.551,8.025,7.672,7.604,7.428,7.286,5.541,7.865,7.708,7.509,8.07,7.51,7.875,7.801,7.868,8.128
603.03,28,7.451,8.001,7.385,7.305,6.412,7.43,7.359,7.572,7.568,7.935,7.739,7.665,7.517,7.364,5.493,7.964,7.704,7.597,7.99,7.517,7.865,7.813,7.869,8.089
604.03,28,7.417,7.979,7.376,7.353,6.415,7.507,7.503,7.588,7.539,7.965,7.666,7.559,7.466,7.344,5.489,7.935,7.727,7.596,8.033,7.564,7.897,7.852,7.899,8.027
605.03,28,7.455,7.983,7.353,7.294,6.435,7.472,7.441,7.569,7.616,7.885,7.732,7.637,7.492,7.394,5.558,7.94,7.68,7.489,8.032,7.606,7.85,7.772,7.82,8.172
606.03,28,7.467,8.042,7.35,7.278,6.453,7.408,7.433,7.605,7.56,7.933,7.588,7.597,7.493,7.363,5.555,7.848,7.773,7.605,8.058,7.513,7.847,7.754,7.864,8.098
607.03,28,7.503,8.005,7.335,7.229,6.499,7.478,7.437,7.606,7.559,7.88,7.666,7.661,7.528,7.278,5.514,7.944,7.737,7.581,8.037,7.574,7.867,7.776,7.833,8.17
608.03,28,7.462,8.01,7.333,7.351,6.465,7.466,7.502,7.508,7.491,7.94,7.673,7.581,7.47,7.334,5.521,7.957,7.705,7.539,8.083,7.534,7.919,7.686,7.831,8.122
609.03,28,7.48,8.073,7.321,7.281,6.382,7.397,7.391,7.524,7.532,7.892,7.733,7.699,7.419,7.333,5.544,7.871,7.698,7.603,7.953,7.493,7.874,7.709,7.861,8.132
610.03,28,7.446,8.029,7.387,7.365,6.469,7.45,7.447,7.58,7.628,7.953,7.729,7.586,7.444,7.342,5.569,7.863,7.671,7.585,8.031,7.595,7.876,7.769,7.885,8.136
611.03,28,7.429,7.98,7.383,7.398,6.438,7.462,7.417,7.576,7.613,7.903,7.691,7.602,7.422,7.359,5.485,7.902,7.675,7.533,7.968,7.525,7.824,7.737,7.882,8.11
612.03,28,7.431,8.063,7.363,7.289,6.42,7.459,7.41,7.553,7.501,7.926,7.74,7.565,7.451,7.327,5.514,7.843,7.756,7.597,8.034,7.518,7.824,7.78,7.898,8.137
613.03,28,7.496,7.983,7.387,7.304,6.442,7.402,7.399,7.548,7.584,7.904,7.655,7.621,7.505,7.31,5.561,7.853,7.681,7.527,8.044,7.51,7.881,7.734,7.93,8.169
614.03,28,7.503,7.983,7.379,7.238,6.424,7.434,7.487,7.524,7.56,7.925,7.64,7.535,7.468,7.379,5.511,7.877,7.689,7.566,8.101,7.589,7.961,7.781,7.859,8.021
615.03,28,7.52,8.037,7.318,7.305,6.48,7.411,7.426,7.525,7.535,7.869,7.674,7.56,7.468,7.394,5.497,7.887,7.632,7.534,8.001,7.55,7.843,7.756,7.931,8.157
616.03,28,7.435,7.984,7.301,7.306,6.39,7.422,7.451,7.625,7.593,7.944,7.725,7.577,7.472,7.376,5.57,7.834,7.698,7.549,8.055,7.549,7.862,7.799,7.811,8.126
617.03,28,7.485,7.941,7.336,7.363,6.409,7.408,7.462,7.494,7.552,7.873,7.701,7.647,7.494,7.357,5.48,7.921,7.647,7.514,7.973,7.575,7.814,7.718,7.867,8.111
618.03,28,7.508,8.032,7.301,7.252,6.398,7.376,7.459,7.534,7.513,7.945,7.635,7.599,7.485,7.273,5.502,7.866,7.697,7.568,8.053,7.55,7.881,7.736,7.904,8.155
619.03,28,7.397,7.98,7.325,7.196,6.418,7.421,7.377,7.536,7.527,7.982,7.662,7.547,7.416,7.301,5.506,7.914,7.804,7.507,8.057,7.506,7.919,7.733,7.871,8.14
620.03,28,7.424,7.967,7.315,7.257,6.495,7.438,7.416,7.586,7.542,7.901,7.698,7.586,7.508,7.291,5.525,7.932,7.737,7.556,8.015,7.458,7.833,7.774,7.832,8.071
621.03,28,7.427,7.997,7.339,7.309,6.406,7.394,7.442,7.581,7.537,7.887,7.675,7.623,7.461,7.379,5.51,7.886,7.661,7.575,8.101,7.547,7.831,7.765,7.853,8.202
622.03,28,7.449,8.093,7.318,7.278,6.489,7.446,7.463,7.549,7.554,7.862,7.696,7.638,7.495,7.371,5.495,7.883,7.722,7.571,8.087,7.487,7.891,7.711,7.853,8.064
623.03,28,7.445,7.978,7.365,7.271,6.396,7.469,7.437,7.564,7.58,7.855,7.693,7.642,7.462,7.324,5.514,7.89,7.715,7.604,7.981,7.595,7.905,7.783,7.882,8.074
624.03,28,7.439,7.991,7.402,7.285,6.472,7.435,7.408,7.561,7.527,7.904,7.67,7.56,7.46,7.329,5.484,7.874,7.707,7.575,8.056,7.483,7.851,7.754,7.822,8.179
625.03,28,7.427,8.024,7.348,7.258,6.396,7.452,7.377,7.461,7.589,7.911,7.641,7.601,7.395,7.294,5.503,7.889,7.678,7.559,8.032,7.492,7.873,7.726,7.847,8.139
626.03,28,7.452,7.974,7.335,7.267,6.343,7.418,7.449,7.441,7.545,7.993,7.734,7.644,7.516,7.271,5.535,7.845,7.683,7.505,8.013,7.488,7.875,7.795,7.842,8.136
627.03,28,7.452,8.001,7.348,7.245,6.423,7.446,7.429,7.557,7.479,7.953,7.672,7.612,7.441,7.366,5.449,7.897,7.659,7.473,8.126,7.466,7.793,7.756,7.845,8.112
628.03,28,7.423,8.006,7.346,7.274,6.462,7.433,7.443,7.531,7.54,7.85,7.625,7.599,7.426,7.308,5.481,7.87,7.751,7.55,7.962,7.613,7.907,7.716,7.858,8.135
629.03,28,7.48,8.039,7.343,7.27,6.352,7.428,7.461,7.503,7.475,7.928,7.637,7.63,7.425,7.32,5.456,7.889,7.69,7.539,7.966,7.543,7.861,7.691,7.842,8.094
630.03,28,7.454,7.991,7.327,7.292,6.439,7.402,7.367,7.558,7.559,7.909,7.708,7.594,7.463,7.376,5.467,7.908,7.654,7.579,8.047,7.509,7.858,7.72,7.817,8.052
631.03,28,7.433,7.948,7.3,7.217,6.425,7.404,7.446,7.493,7.52,7.979,7.71,7.643,7.415,7.359,5.466,7.909,7.642,7.525,7.992,7.538,7.846,7.707,7.841,8.045
632.03,28,7.425,8.049,7.397,7.27,6.47,7.442,7.44,7.549,7.573,7.942,7.652,7.673,7.444,7.309,5.44,7.914,7.651,7.529,7.962,7.47,7.886,7.727,7.775,8.169
633.03,28,7.378,7.994,7.372,7.249,6.41,7.385,7.383,7.618,7.561,7.898,7.741,7.602,7.407,7.256,5.423,7.835,7.684,7.527,8.012,7.512,7.855,7.742,7.846,8.085
634.03,28,7.437,8.013,7.344,7.262,6.413,7.42,7.383,7.577,7.499,7.956,7.636,7.532,7.44,7.288,5.489,7.885,7.7,7.523,7.978,7.488,7.878,7.786,7.837,8.117
635.03,28,7.511,8.099,7.338,7.269,6.43,7.467,7.431,7.587,7.553,7.901,7.641,7.591,7.437,7.252,5.492,7.89,7.649,7.605,7.974,7.557,7.835,7.748,7.839,8.129
636.03,28,7.429,7.956,7.311,7.285,6.426,7.475,7.422,7.5,7.451,7.87,7.628,7.582,7.458,7.302,5.428,7.91,7.701,7.528,8.024,7.517,7.867,7.756,7.816,8.041
637.03,28,7.439,7.991,7.257,7.183,6.451,7.386,7.413,7.526,7.538,7.931,7.715,7.577,7.454,7.366,5.429,7.904,7.685,7.553,8.001,7.478,7.811,7.768,7.832,8.107
638.03,28,7.397,7.953,7.315,7.3,6.416,7.376,7.414,7.538,7.501,7.862,7.647,7.59,7.437,7.32,5.486,7.854,7.672,7.527,8.036,7.507,7.861,7.739,7.84,8.072
639.03,28,7.453,8.01,7.278,7.249,6.41,7.4,7.372,7.54,7.547,7.929,7.655,7.588,7.451,7.255,5.46,7.902,7.759,7.595,8.03,7.51,7.826,7.742,7.799,8.15
640.03,28,7.4,7.986,7.311,7.266,6.408,7.348,7.424,7.553,7.523,7.933,7.606,7.545,7.435,7.259,5.432,7.853,7.694,7.529,7.976,7.48,7.877,7.719,7.847,8.064
641.03,28,7.377,7.958,7.308,7.282,6.371,7.365,7.465,7.528,7.516,7.937,7.701,7.627,7.448,7.334,5.408,7.879,7.714,7.554,8.035,7.518,7.867,7.725,7.868,8.119
642.03,28,7.438,8.029,7.346,7.261,6.384,7.389,7.425,7.561,7.49,7.883,7.679,7.595,7.497,7.344,5.416,7.88,7.656,7.518,8.036,7.493,7.87,7.704,7.814,8.069
643.03,28,7.415,7.996,7.281,7.253,6.36,7.374,7.385,7.461,7.541,7.902,7.613,7.56,7.408,7.288,5.418,7.889,7.696,7.522,7.994,7.507,7.888,7.735,7.812,8.087
644.03,28,7.442,7.986,7.27,7.222,6.41,7.387,7.376,7.511,7.498,7.911,7.667,7.586,7.43,7.306,5.427,7.886,7.723,7.557,8.041,7.452,7.844,7.705,7.839,8.106
645.03,28,7.407,8.017,7.301,7.278,6.425,7.442,7.39,7.448,7.512,7.949,7.626,7.58,7.418,7.254,5.463,7.844,7.681,7.475,8.065,7.485,7.833,7.749,7.806,8.115
646.03,28,7.393,7.978,7.241,7.245,6.427,7.375,7.396,7.467,7.531,7.981,7.569,7.651,7.406,7.337,5.429,7.874,7.607,7.499,7.983,7.476,7.856,7.752,7.792,8.194
647.03,28,7.393,7.879,7.336,7.282,6.505,7.45,7.348,7.551,7.499,7.912,7.649,7.577,7.472,7.283,5.364,7.86,7.652,7.532,8.008,7.497,7.791,7.748,7.792,8.075
648.03,28,7.454,7.942,7.386,7.272,6.37,7.404,7.389,7.531,7.555,7.9,7.639,7.625,7.396,7.327,5.422,7.923,7.688,7.529,7.964,7.47,7.838,7.764,7.836,8.036
649.03,28,7.435,7.957,7.291,7.173,6.412,7.416,7.409,7.454,7.526,7.825,7.597,7.559,7.469,7.301,5.343,7.841,7.687,7.527,7.991,7.547,7.822,7.786,7.843,8.137
650.03,28,7.406,7.962,7.312,7.237,6.368,7.408,7.396,7.504,7.551,7.914,7.624,7.561,7.411,7.289,5.494,7.921,7.674,7.556,8.004,7.43,7.835,7.66,7.826,8.136
651.03,28,7.45,8.021,7.312,7.273,6.422,7.382,7.387,7.543,7.486,7.923,7.685,7.56,7.451,7.308,5.37,7.859,7.692,7.529,8.042,7.501,7.877,7.714,7.795,8.054
652.03,28,7.382,7.936,7.351,7.243,6.382,7.375,7.371,7.546,7.544,7.947,7.651,7.593,7.425,7.299,5.473,7.837,7.674,7.551,8.046,7.515,7.842,7.724,7.829,8.122
653.03,28,7.48,7.991,7.363,7.243,6.367,7.358,7.397,7.498,7.577,7.883,7.674,7.541,7.477,7.265,5.465,7.909,7.709,7.561,7.967,7.494,7.851,7.727,7.756,8.021
654.03,28,7.433,7.948,7.334,7.192,6.424,7.313,7.42,7.567,7.59,7.901,7.65,7.553,7.499,7.315,5.365,7.873,7.661,7.5,8.055,7.488,7.88,7.679,7.771,8.046
655.03,28,7.411,7.948,7.311,7.259,6.39,7.394,7.349,7.52,7.505,7.851,7.643,7.592,7.429,7.293,5.37,7.863,7.671,7.57,8.027,7.428,7.901,7.741,7.821,8.059
656.03,28,7.452,7.987,7.284,7.262,6.411,7.368,7.41,7.56,7.573,7.879,7.652,7.574,7.381,7.228,5.434,7.853,7.677,7.497,8.045,7.504,7.872,7.765,7.785,8.063
657.03,28,7.475,7.925,7.299,7.257,6.4,7.411,7.369,7.526,7.533,7.897,7.674,7.589,7.387,7.326,5.409,7.865,7.736,7.503,8.021,7.45,7.845,7.807,7.843,8.053
658.03,28,7.415,8.005,7.335,7.265,6.465,7.426,7.357,7.583,7.556,7.913,7.715,7.572,7.428,7.288,5.421,7.87,7.596,7.499,8.043,7.473,7.801,7.738,7.898,8.054
659.03,28,7.431,7.975,7.223,7.293,6.475,7.406,7.372,7.533,7.479,7.962,7.66,7.609,7.363,7.307,5.368,7.835,7.673,7.531,8.003,7.538,7.795,7.76,7.823,8.058
660.03,28,7.369,7.925,7.311,7.297,6.397,7.308,7.404,7.486,7.558,7.908,7.572,7.555,7.312,7.255,5.423,7.835,7.67,7.504,7.995,7.474,7.935,7.741,7.778,8.054
661.03,28,7.418,7.93,7.335,7.223,6.385,7.463,7.404,7.472,7.541,7.901,7.61,7.605,7.415,7.313,5.388,7.798,7.697,7.522,7.986,7.405,7.85,7.701,7.845,8.057
662.03,28,7.475,7.958,7.306,7.225,6.396,7.303,7.387,7.513,7.479,7.845,7.669,7.597,7.393,7.29,5.375,7.895,7.647,7.516,8.044,7.478,7.854,7.696,7.789,8.116
663.03,28,7.422,7.898,7.32,7.27,6.418,7.34,7.401,7.485,7.543,7.883,7.649,7.51,7.444,7.32,5.39,7.882,7.627,7.483,7.948,7.517,7.866,7.722,7.751,8.052
664.03,28,7.384,7.944,7.306,7.155,6.45,7.384,7.441,7.46,7.473,7.853,7.58,7.591,7.427,7.276,5.398,7.812,7.634,7.531,8.026,7.487,7.775,7.686,7.768,8.039
665.03,28,7.382,7.953,7.395,7.122,6.415,7.417,7.343,7.454,7.479,7.876,7.675,7.584,7.367,7.194,5.388,7.851,7.588,7.458,7.96,7.459,7.821,7.701,7.803,8.03
666.03,28,7.397,7.934,7.326,7.281,6.427,7.342,7.413,7.512,7.512,7.819,7.571,7.592,7.397,7.242,5.405,7.783,7.686,7.542,8.037,7.465,7.907,7.738,7.785,8.068
667.03,28,7.422,8.026,7.313,7.26,6.411,7.433,7.412,7.553,7.543,7.9,7.653,7.6,7.47,7.26,5.477,7.833,7.674,7.448,7.96,7.501,7.904,7.71,7.763,7.98
668.03,28,7.424,7.977,7.284,7.275,6.437,7.392,7.383,7.502,7.554,7.857,7.569,7.507,7.415,7.309,5.353,7.834,7.657,7.481,7.968,7.49,7.767,7.692,7.85,8.13
669.03,28,7.37,7.924,7.25,7.203,6.367,7.373,7.421,7.542,7.502,7.876,7.643,7.539,7.416,7.314,5.405,7.835,7.642,7.49,7.969,7.469,7.787,7.728,7.778,8.02
670.03,28,7.378,7.996,7.313,7.222,6.41,7.371,7.367,7.516,7.519,7.88,7.662,7.545,7.449,7.268,5.361,7.842,7.687,7.57,8.075,7.53,7.851,7.755,7.808,8.109
671.03,28,7.372,7.959,7.289,7.223,6.46,7.402,7.334,7.493,7.499,7.85,7.634,7.557,7.395,7.254,5.388,7.873,7.636,7.507,7.996,7.443,7.796,7.685,7.818,8.077
672.03,28,7.42,7.897,7.35,7.195,6.488,7.412,7.42,7.525,7.476,7.892,7.668,7.539,7.404,7.262,5.438,7.893,7.673,7.48,7.995,7.442,7.762,7.748,7.77,8.023
673.03,28,7.413,7.996,7.264,7.235,6.407,7.338,7.41,7.474,7.557,7.865,7.643,7.592,7.419,7.344,5.386,7.844,7.657,7.504,7.999,7.461,7.865,7.636,7.878,8.044
674.03,28,7.455,7.925,7.274,7.204,6.425,7.342,7.398,7.457,7.53,7.921,7.577,7.536,7.455,7.316,5.308,7.856,7.696,7.505,8.044,7.488,7.818,7.717,7.768,7.994
675.03,28,7.41,7.941,7.278,7.257,6.438,7.418,7.372,7.48,7.493,7.901,7.659,7.617,7.416,7.299,5.298,7.877,7.668,7.488,8.007,7.447,7.834,7.68,7.762,8.02
676.03,28,7.353,7.961,7.284,7.24,6.395,7.403,7.425,7.508,7.54,7.839,7.616,7.567,7.438,7.303,5.336,7.882,7.653,7.464,7.982,7.484,7.772,7.743,7.795,8.049
677.03,28,7.377,7.973,7.276,7.182,6.408,7.425,7.337,7.493,7.517,7.811,7.613,7.546,7.354,7.266,5.336,7.881,7.634,7.507,8.026,7.496,7.774,7.672,7.792,8.012
678.03,28,7.361,7.84,7.289,7.273,6.422,7.379,7.311,7.539,7.54,7.85,7.628,7.578,7.407,7.274,5.351,7.837,7.72,7.516,8.052,7.476,7.859,7.673,7.746,8.015
679.03,28,7.42,7.985,7.312,7.221,6.407,7.369,7.361,7.448,7.459,7.859,7.605,7.542,7.38,7.295,5.326,7.79,7.634,7.512,7.962,7.535,7.888,7.714,7.873,8.036
680.03,28,7.386,7.922,7.283,7.215,6.351,7.372,7.372,7.526,7.449,7.807,7.582,7.545,7.416,7.256,5.37,7.835,7.73,7.483,7.948,7.453,7.812,7.722,7.803,8.03
681.03,28,7.392,7.944,7.269,7.163,6.424,7.306,7.373,7.498,7.449,7.86,7.625,7.555,7.351,7.302,5.352,7.858,7.7,7.484,7.976,7.428,7.845,7.673,7.803,8.09
682.03,28,7.351,7.925,7.298,7.174,6.424,7.38,7.343,7.493,7.478,7.872,7.598,7.51,7.407,7.274,5.385,7.819,7.669,7.472,7.99,7.416,7.875,7.629,7.734,8.105
683.03,28,7.365,7.976,7.29,7.228,6.407,7.359,7.369,7.484,7.445,7.899,7.557,7.573,7.439,7.28,5.25,7.82,7.58,7.434,7.986,7.367,7.777,7.674,7.74,8.034
684.03,28,7.35,7.908,7.238,7.259,6.373,7.379,7.36,7.528,7.496,7.893,7.651,7.546,7.327,7.269,5.318,7.908,7.606,7.455,7.949,7.494,7.716,7.688,7.837,8.038
685.03,28,7.39,7.938,7.268,7.165,6.45,7.373,7.335,7.463,7.539,7.811,7.642,7.514,7.395,7.281,5.338,7.785,7.658,7.539,8.008,7.458,7.799,7.693,7.775,8.044
686.03,28,7.371,7.963,7.286,7.193,6.409,7.384,7.387,7.473,7.523,7.893,7.624,7.587,7.362,7.289,5.363,7.815,7.626,7.518,7.943,7.505,7.842,7.66,7.793,8.019
687.03,28,7.341,7.955,7.3,7.145,6.377,7.448,7.366,7.448,7.387,7.841,7.657,7.495,7.491,7.239,5.352,7.907,7.618,7.497,8.08,7.456,7.8,7.652,7.818,8.049
688.03,28,7.422,7.952,7.307,7.26,6.387,7.418,7.348,7.49,7.455,7.884,7.585,7.573,7.329,7.279,5.382,7.819,7.673,7.441,7.93,7.447,7.783,7.71,7.776,8.045
689.03,28,7.32,7.947,7.308,7.12,6.384,7.335,7.367,7.54,7.439,7.939,7.636,7.585,7.426,7.248,5.403,7.825,7.665,7.519,7.941,7.493,7.843,7.636,7.755,8.053
690.03,28,7.368,7.964,7.317,7.18,6.388,7.313,7.302,7.486,7.535,7.83,7.564,7.554,7.384,7.248,5.329,7.847,7.588,7.466,7.988,7.389,7.833,7.667,7.782,8.061
691.03,28,7.422,7.94,7.241,7.22,6.398,7.353,7.39,7.469,7.527,7.825,7.684,7.549,7.343,7.249,5.306,7.764,7.608,7.486,7.945,7.389,7.829,7.71,7.772,8.072
692.03,28,7.409,7.938,7.253,7.172,6.39,7.311,7.392,7.556,7.528,7.831,7.603,7.554,7.341,7.202,5.293,7.81,7.663,7.414,7.952,7.4,7.844,7.681,7.812,8.035
693.03,28,7.342,7.888,7.268,7.205,6.368,7.35,7.35,7.49,7.505,7.855,7.578,7.539,7.351,7.267,5.336,7.776,7.591,7.488,8,7.509,7.81,7.666,7.805,8.061
694.03,28,7.322,7.933,7.348,7.166,6.389,7.371,7.348,7.445,7.51,7.863,7.545,7.562,7.388,7.201,5.356,7.811,7.667,7.453,7.955,7.42,7.816,7.739,7.744,8.032
695.03,28,7.349,7.869,7.284,7.161,6.33,7.291,7.371,7.444,7.478,7.821,7.575,7.532,7.416,7.304,5.318,7.824,7.659,7.579,7.931,7.441,7.816,7.648,7.727,8.036
696.03,28,7.309,7.946,7.278,7.188,6.438,7.358,7.322,7.458,7.523,7.872,7.634,7.573,7.391,7.281,5.3,7.817,7.578,7.486,7.971,7.38,7.771,7.673,7.733,8.06
697.03,28,7.357,7.911,7.207,7.242,6.374,7.375,7.415,7.491,7.46,7.843,7.608,7.547,7.369,7.259,5.319,7.849,7.638,7.38,7.933,7.477,7.751,7.696,7.764,8
698.03,28,7.386,7.894,7.264,7.198,6.486,7.311,7.371,7.485,7.456,7.833,7.594,7.595,7.363,7.259,5.302,7.844,7.608,7.465,7.935,7.509,7.831,7.697,7.807,8.025
699.03,28,7.385,7.897,7.322,7.209,6.412,7.329,7.382,7.494,7.412,7.851,7.558,7.504,7.386,7.231,5.343,7.775,7.624,7.519,7.962,7.396,7.755,7.721,7.775,8.067
700.03,28,7.408,7.93,7.266,7.208,6.353,7.361,7.294,7.485,7.505,7.918,7.613,7.512,7.392,7.22,5.34,7.801,7.638,7.49,7.97,7.474,7.855,7.584,7.722,8.053
701.03,28,7.318,7.911,7.278,7.213,6.413,7.37,7.326,7.555,7.444,7.847,7.59,7.538,7.287,7.324,5.36,7.793,7.582,7.5,7.984,7.424,7.823,7.642,7.827,8.013
702.03,28,7.362,7.916,7.253,7.212,6.398,7.357,7.262,7.486,7.442,7.887,7.621,7.468,7.421,7.231,5.29,7.837,7.594,7.474,7.92,7.404,7.808,7.618,7.778,7.997
703.03,28,7.391,7.912,7.257,7.155,6.378,7.322,7.274,7.515,7.458,7.875,7.636,7.555,7.391,7.253,5.354,7.827,7.62,7.43,7.863,7.447,7.804,7.744,7.747,8.047
704.03,28,7.399,7.947,7.303,7.088,6.376,7.348,7.376,7.504,7.529,7.854,7.632,7.554,7.429,7.206,5.293,7.86,7.59,7.507,7.993,7.44,7.805,7.628,7.74,7.986
705.03,28,7.354,7.858,7.279,7.156,6.371,7.338,7.362,7.526,7.494,7.849,7.571,7.549,7.383,7.236,5.293,7.751,7.609,7.453,7.948,7.383,7.735,7.719,7.828,8.026
706.03,28,7.368,7.908,7.248,7.15,6.426,7.37,7.375,7.51,7.432,7.85,7.625,7.543,7.318,7.249,5.279,7.834,7.509,7.426,8.002,7.488,7.796,7.702,7.807,7.951
707.03,28,7.351,7.909,7.215,7.133,6.394,7.386,7.331,7.486,7.481,7.852,7.606,7.551,7.39,7.244,5.298,7.915,7.629,7.507,7.897,7.406,7.797,7.673,7.697,8.024
708.03,28,7.348,7.9,7.291,7.2,6.438,7.39,7.332,7.468,7.499,7.823,7.634,7.491,7.389,7.232,5.347,7.809,7.607,7.458,7.934,7.419,7.844,7.725,7.817,8.056
709.03,28,7.322,7.871,7.23,7.188,6.426,7.334,7.323,7.471,7.509,7.823,7.509,7.543,7.369,7.29,5.268,7.87,7.619,7.471,7.944,7.337,7.792,7.669,7.73,8.016
710.03,28,7.351,7.912,7.311,7.181,6.404,7.35,7.377,7.473,7.477,7.832,7.609,7.51,7.405,7.231,5.276,7.783,7.596,7.505,7.93,7.407,7.786,7.621,7.76,7.941
711.03,28,7.343,7.931,7.294,7.217,6.392,7.411,7.348,7.463,7.435,7.827,7.637,7.495,7.424,7.259,5.267,7.869,7.633,7.466,7.925,7.416,7.785,7.656,7.753,7.976
712.03,28,7.334,7.918,7.284,7.124,6.376,7.334,7.297,7.445,7.445,7.878,7.632,7.57,7.369,7.259,5.345,7.893,7.598,7.471,7.922,7.383,7.745,7.648,7.738,7.995
713.03,28,7.338,7.867,7.229,7.193,6.364,7.338,7.312,7.455,7.449,7.857,7.574,7.537,7.383,7.214,5.291,7.748,7.589,7.496,7.925,7.389,7.746,7.616,7.704,8.01
714.03,28,7.343,7.882,7.242,7.096,6.348,7.277,7.333,7.464,7.507,7.848,7.551,7.53,7.417,7.186,5.281,7.789,7.548,7.514,7.957,7.387,7.774,7.66,7.726,7.981
715.03,28,7.302,7.984,7.219,7.184,6.384,7.317,7.256,7.451,7.44,7.847,7.577,7.533,7.386,7.215,5.304,7.762,7.601,7.52,7.927,7.438,7.795,7.631,7.733,7.994
716.03,28,7.348,7.889,7.239,7.207,6.401,7.321,7.352,7.509,7.431,7.839,7.644,7.552,7.351,7.255,5.284,7.807,7.604,7.454,7.963,7.423,7.779,7.669,7.737,8
717.03,28,7.337,7.843,7.232,7.194,6.42,7.339,7.355,7.444,7.461,7.831,7.535,7.551,7.444,7.234,5.318,7.795,7.62,7.481,7.949,7.391,7.787,7.621,7.744,8.022
718.03,28,7.398,7.928,7.251,7.139,6.383,7.314,7.33,7.556,7.425,7.794,7.592,7.511,7.309,7.186,5.308,7.767,7.627,7.51,7.871,7.429,7.806,7.619,7.722,8.019
719.03,28,7.285,7.921,7.289,7.212,6.373,7.385,7.298,7.441,7.403,7.84,7.597,7.493,7.391,7.212,5.242,7.815,7.626,7.427,7.89,7.445,7.773,7.673,7.725,7.947
720.03,28,7.36,7.904,7.258,7.102,6.397,7.354,7.333,7.422,7.471,7.818,7.572,7.56,7.326,7.239,5.299,7.761,7.606,7.469,7.953,7.372,7.77,7.696,7.699,8.072
721.03,28,7.335,7.931,7.253,7.127,6.409,7.309,7.316,7.447,7.449,7.92,7.519,7.507,7.377,7.279,5.284,7.84,7.567,7.443,7.921,7.346,7.723,7.62,7.681,7.911
722.03,28,7.36,7.862,7.245,7.146,6.347,7.328,7.318,7.435,7.476,7.886,7.598,7.481,7.374,7.261,5.24,7.796,7.635,7.529,8.017,7.459,7.845,7.622,7.728,7.921
723.03,28,7.349,7.888,7.24,7.176,6.395,7.294,7.402,7.464,7.451,7.845,7.584,7.562,7.314,7.314,5.259,7.827,7.591,7.498,7.905,7.412,7.8,7.664,7.686,7.932
724.03,28,7.387,7.857,7.296,7.216,6.387,7.376,7.282,7.481,7.44,7.814,7.64,7.535,7.333,7.227,5.23,7.864,7.61,7.489,7.932,7.409,7.793,7.602,7.771,7.981
725.03,28,7.349,7.842,7.284,7.174,6.462,7.352,7.273,7.459,7.465,7.764,7.56,7.501,7.4,7.301,5.193,7.805,7.608,7.422,7.876,7.322,7.715,7.616,7.744,7.987
726.03,28,7.295,7.913,7.262,7.167,6.34,7.298,7.349,7.465,7.456,7.809,7.545,7.494,7.314,7.233,5.248,7.813,7.664,7.449,7.855,7.419,7.792,7.65,7.719,7.994
727.03,28,7.318,7.872,7.269,7.127,6.427,7.271,7.332,7.414,7.472,7.777,7.587,7.515,7.372,7.246,5.294,7.756,7.63,7.457,7.944,7.384,7.715,7.661,7.751,7.987
728.03,28,7.38,7.905,7.239,7.112,6.423,7.381,7.324,7.45,7.406,7.845,7.54,7.561,7.32,7.259,5.299,7.865,7.597,7.458,7.885,7.427,7.746,7.717,7.744,8.03
729.03,28,7.297,7.922,7.192,7.157,6.374,7.254,7.354,7.442,7.483,7.78,7.526,7.525,7.417,7.185,5.22,7.795,7.632,7.387,7.89,7.388,7.762,7.66,7.769,7.966
730.03,28,7.267,7.919,7.276,7.135,6.351,7.356,7.243,7.403,7.449,7.769,7.599,7.483,7.323,7.281,5.229,7.836,7.564,7.452,7.907,7.375,7.746,7.69,7.753,7.987
731.03,28,7.353,7.972,7.213,7.147,6.372,7.318,7.325,7.454,7.424,7.813,7.665,7.477,7.39,7.258,5.252,7.746,7.543,7.516,7.903,7.394,7.723,7.633,7.764,7.994
732.03,28,7.34,7.945,7.237,7.167,6.347,7.275,7.328,7.459,7.424,7.828,7.593,7.49,7.291,7.228,5.259,7.755,7.589,7.447,7.897,7.42,7.807,7.63,7.734,7.974
733.03,28,7.386,7.903,7.237,7.169,6.313,7.314,7.291,7.441,7.396,7.778,7.578,7.52,7.352,7.244,5.306,7.775,7.503,7.444,7.869,7.365,7.727,7.637,7.716,7.968
734.03,28,7.381,7.873,7.247,7.089,6.329,7.284,7.342,7.496,7.4,7.864,7.603,7.555,7.39,7.207,5.243,7.804,7.555,7.491,7.901,7.446,7.762,7.584,7.711,8.011
735.03,28,7.347,7.88,7.23,7.136,6.385,7.333,7.359,7.469,7.407,7.862,7.533,7.552,7.387,7.194,5.116,7.822,7.63,7.406,7.892,7.385,7.695,7.58,7.725,7.98
736.03,28,7.292,7.845,7.265,7.116,6.456,7.359,7.279,7.413,7.4,7.825,7.503,7.553,7.378,7.196,5.222,7.728,7.592,7.48,7.928,7.402,7.764,7.626,7.78,7.973
737.03,28,7.327,7.931,7.235,7.091,6.331,7.305,7.246,7.435,7.416,7.86,7.556,7.459,7.392,7.188,5.201,7.795,7.628,7.485,7.888,7.43,7.734,7.623,7.766,8.034
738.03,28,7.341,7.958,7.301,7.173,6.405,7.28,7.313,7.448,7.452,7.754,7.529,7.489,7.411,7.205,5.177,7.766,7.518,7.423,7.882,7.384,7.718,7.646,7.703,7.978
739.03,28,7.275,7.846,7.294,7.138,6.383,7.325,7.321,7.454,7.447,7.859,7.561,7.467,7.289,7.264,5.276,7.774,7.523,7.448,7.907,7.434,7.789,7.634,7.704,8.038
740.03,28,7.277,7.874,7.219,7.137,6.391,7.364,7.336,7.452,7.446,7.807,7.543,7.581,7.328,7.24,5.211,7.813,7.555,7.459,7.929,7.371,7.749,7.641,7.717,7.922
741.03,28,7.272,7.844,7.207,7.122,6.416,7.25,7.326,7.49,7.482,7.774,7.605,7.494,7.255,7.276,5.238,7.813,7.558,7.469,7.976,7.398,7.743,7.642,7.663,8.004
742.03,28,7.306,7.893,7.22,7.106,6.364,7.298,7.346,7.456,7.406,7.826,7.576,7.484,7.301,7.216,5.241,7.763,7.584,7.41,7.895,7.376,7.768,7.635,7.682,7.972
743.03,28,7.338,7.83,7.27,7.101,6.411,7.35,7.296,7.395,7.413,7.814,7.552,7.52,7.391,7.188,5.184,7.761,7.565,7.431,7.903,7.376,7.775,7.572,7.724,7.937
744.03,28,7.258,7.821,7.249,7.124,6.381,7.303,7.309,7.516,7.52,7.857,7.59,7.471,7.327,7.183,5.151,7.768,7.614,7.383,7.838,7.392,7.738,7.634,7.719,7.99
745.03,28,7.274,7.848,7.192,7.22,6.367,7.36,7.285,7.507,7.445,7.806,7.572,7.447,7.354,7.194,5.217,7.777,7.535,7.388,7.933,7.398,7.771,7.539,7.705,7.865
746.03,28,7.302,7.853,7.188,7.087,6.399,7.316,7.324,7.429,7.475,7.816,7.603,7.497,7.298,7.216,5.193,7.769,7.563,7.444,7.869,7.382,7.78,7.622,7.704,7.987
747.03,28,7.305,7.875,7.294,7.085,6.308,7.357,7.351,7.449,7.43,7.814,7.517,7.457,7.344,7.148,5.241,7.769,7.618,7.425,7.88,7.429,7.786,7.648,7.72,7.952
748.03,28,7.329,7.872,7.237,7.118,6.335,7.385,7.273,7.431,7.451,7.787,7.564,7.465,7.306,7.21,5.181,7.737,7.586,7.448,7.925,7.32,7.741,7.61,7.658,7.95
749.03,28,7.332,7.83,7.257,7.239,6.36,7.348,7.271,7.462,7.43,7.784,7.616,7.454,7.314,7.167,5.169,7.779,7.561,7.423,7.822,7.408,7.709,7.622,7.76,7.943
750.03,28,7.266,7.846,7.22,7.093,6.375,7.436,7.295,7.485,7.426,7.87,7.516,7.525,7.339,7.154,5.24,7.777,7.57,7.417,7.926,7.395,7.709,7.625,7.703,7.913
751.03,28,7.279,7.875,7.277,7.136,6.293,7.358,7.282,7.47,7.41,7.777,7.556,7.423,7.395,7.241,5.172,7.771,7.528,7.436,7.88,7.395,7.773,7.614,7.738,7.987
752.03,28,7.279,7.917,7.207,7.13,6.324,7.318,7.273,7.442,7.394,7.792,7.595,7.438,7.297,7.237,5.194,7.735,7.567,7.397,7.892,7.365,7.702,7.585,7.715,8.029
753.03,28,7.311,7.834,7.17,7.163,6.365,7.297,7.267,7.483,7.441,7.829,7.571,7.54,7.311,7.229,5.189,7.802,7.566,7.39,7.884,7.325,7.719,7.644,7.675,7.948
754.03,28,7.31,7.837,7.226,7.12,6.398,7.243,7.24,7.436,7.433,7.836,7.579,7.517,7.43,7.224,5.148,7.708,7.536,7.467,7.967,7.336,7.729,7.624,7.682,7.924
755.03,28,7.278,7.856,7.209,7.131,6.388,7.325,7.328,7.358,7.442,7.857,7.527,7.537,7.317,7.143,5.213,7.773,7.565,7.359,7.862,7.405,7.701,7.641,7.639,7.97
756.03,28,7.325,7.86,7.18,7.069,6.379,7.34,7.213,7.442,7.413,7.787,7.506,7.552,7.305,7.203,5.193,7.78,7.608,7.49,7.859,7.36,7.727,7.656,7.696,7.977
757.03,28,7.242,7.833,7.19,7.058,6.35,7.3,7.333,7.446,7.439,7.801,7.559,7.523,7.287,7.233,5.169,7.707,7.549,7.454,7.874,7.417,7.813,7.577,7.727,7.981
758.03,28,7.301,7.853,7.176,7.13,6.34,7.344,7.328,7.45,7.439,7.85,7.564,7.445,7.306,7.193,5.088,7.744,7.496,7.37,7.844,7.335,7.746,7.597,7.703,7.933
759.03,28,7.288,7.912,7.18,7.143,6.361,7.316,7.272,7.459,7.366,7.819,7.577,7.502,7.407,7.22,5.14,7.816,7.568,7.445,7.896,7.395,7.794,7.545,7.669,7.955
760.03,28,7.36,7.836,7.193,7.112,6.324,7.316,7.322,7.471,7.421,7.772,7.51,7.476,7.348,7.242,5.156,7.806,7.547,7.435,7.862,7.33,7.675,7.585,7.684,8.023
761.03,28,7.287,7.824,7.236,7.123,6.308,7.362,7.235,7.455,7.367,7.798,7.53,7.45,7.354,7.211,5.182,7.747,7.565,7.311,7.871,7.384,7.7,7.651,7.615,7.984
762.03,28,7.347,7.843,7.196,7.088,6.427,7.348,7.316,7.471,7.421,7.788,7.617,7.442,7.333,7.15,5.194,7.743,7.58,7.442,7.855,7.326,7.746,7.572,7.731,7.938
763.03,28,7.316,7.885,7.168,7.133,6.328,7.314,7.299,7.442,7.404,7.829,7.59,7.473,7.297,7.175,5.15,7.841,7.525,7.457,7.903,7.374,7.76,7.56,7.644,7.907
764.03,28,7.295,7.809,7.126,7.095,6.361,7.279,7.24,7.469,7.383,7.786,7.576,7.461,7.283,7.174,5.142,7.756,7.512,7.432,7.899,7.345,7.768,7.613,7.722,7.934
765.03,28,7.269,7.825,7.195,7.134,6.332,7.294,7.327,7.44,7.43,7.821,7.47,7.503,7.328,7.17,5.116,7.744,7.583,7.453,7.794,7.351,7.731,7.627,7.691,7.912
766.03,28,7.247,7.895,7.22,7.129,6.42,7.312,7.35,7.408,7.382,7.819,7.508,7.495,7.287,7.202,5.159,7.751,7.58,7.4,7.88,7.362,7.766,7.628,7.698,8.007
767.03,28,7.257,7.893,7.174,7.06,6.326,7.304,7.221,7.433,7.38,7.768,7.595,7.421,7.282,7.188,5.076,7.741,7.552,7.429,7.924,7.344,7.671,7.598,7.646,7.959
768.03,28,7.242,7.794,7.224,7.065,6.343,7.306,7.228,7.43,7.416,7.715,7.517,7.515,7.323,7.138,5.134,7.72,7.521,7.412,7.866,7.333,7.747,7.568,7.699,7.971
769.03,28,7.264,7.911,7.185,7.078,6.316,7.269,7.298,7.368,7.39,7.806,7.54,7.487,7.313,7.144,5.12,7.735,7.58,7.472,7.889,7.376,7.752,7.603,7.713,7.924
770.03,28,7.214,7.881,7.204,7.14,6.396,7.297,7.272,7.447,7.446,7.81,7.606,7.501,7.296,7.202,5.123,7.8,7.546,7.415,7.886,7.393,7.761,7.629,7.638,7.952
771.03,28,7.28,7.863,7.147,7.038,6.316,7.317,7.339,7.374,7.493,7.765,7.519,7.407,7.287,7.236,5.167,7.796,7.516,7.49,7.865,7.339,7.654,7.551,7.678,7.952
772.03,28,7.251,7.886,7.18,7.117,6.39,7.339,7.276,7.379,7.386,7.793,7.533,7.463,7.313,7.192,5.112,7.788,7.513,7.437,7.872,7.379,7.737,7.605,7.672,7.898
773.03,28,7.335,7.858,7.219,7.129,6.311,7.331,7.314,7.374,7.417,7.777,7.551,7.5,7.288,7.14,5.155,7.771,7.522,7.339,7.9,7.288,7.64,7.648,7.662,7.96
774.03,28,7.322,7.815,7.232,7.141,6.352,7.301,7.268,7.439,7.412,7.785,7.589,7.466,7.303,7.172,5.163,7.73,7.547,7.494,7.822,7.34,7.728,7.547,7.655,7.904
775.03,28,7.308,7.818,7.167,7.057,6.346,7.295,7.288,7.467,7.398,7.76,7.468,7.46,7.352,7.24,5.19,7.743,7.516,7.366,7.852,7.303,7.77,7.595,7.625,7.91
776.03,28,7.282,7.821,7.124,7.101,6.388,7.305,7.21,7.423,7.433,7.78,7.525,7.547,7.354,7.171,5.099,7.744,7.541,7.346,7.8,7.276,7.774,7.622,7.609,7.917
777.03,28,7.33,7.797,7.191,7.067,6.301,7.313,7.281,7.465,7.375,7.758,7.529,7.477,7.253,7.199,5.198,7.739,7.572,7.459,7.847,7.286,7.743,7.564,7.683,7.972
778.03,28,7.309,7.875,7.235,7.102,6.324,7.312,7.204,7.409,7.392,7.754,7.578,7.441,7.234,7.166,5.117,7.767,7.503,7.412,7.844,7.308,7.716,7.682,7.615,7.94
779.03,28,7.284,7.781,7.19,7.099,6.319,7.326,7.296,7.408,7.41,7.789,7.522,7.451,7.252,7.116,5.127,7.703,7.576,7.417,7.852,7.318,7.654,7.494,7.605,7.922
780.03,28,7.262,7.784,7.174,7.089,6.248,7.292,7.304,7.421,7.402,7.795,7.56,7.515,7.291,7.174,5.123,7.766,7.557,7.402,7.844,7.303,7.605,7.577,7.668,7.907
781.03,28,7.27,7.816,7.185,7.1,6.379,7.304,7.303,7.38,7.361,7.772,7.479,7.532,7.296,7.247,5.135,7.698,7.591,7.323,7.874,7.347,7.735,7.537,7.596,7.868
782.03,28,7.285,7.77,7.156,7.023,6.302,7.295,7.279,7.437,7.435,7.759,7.494,7.459,7.268,7.184,5.166,7.742,7.526,7.444,7.894,7.311,7.697,7.575,7.679,7.977
783.03,28,7.297,7.864,7.192,7.079,6.393,7.333,7.286,7.452,7.374,7.841,7.537,7.462,7.323,7.172,5.101,7.761,7.539,7.326,7.848,7.307,7.724,7.628,7.666,7.904
784.03,28,7.281,7.846,7.179,7.058,6.356,7.227,7.186,7.422,7.364,7.755,7.54,7.532,7.283,7.128,5.082,7.756,7.569,7.39,7.849,7.306,7.704,7.56,7.671,7.92
785.03,28,7.246,7.841,7.218,7.033,6.37,7.292,7.341,7.394,7.387,7.848,7.477,7.441,7.252,7.152,5.084,7.709,7.561,7.421,7.818,7.393,7.7,7.582,7.725,7.957
786.03,28,7.265,7.869,7.21,7.07,6.329,7.301,7.264,7.348,7.446,7.742,7.506,7.482,7.21,7.172,5.11,7.737,7.543,7.409,7.816,7.353,7.732,7.606,7.719,7.942
787.03,28,7.262,7.848,7.218,7.121,6.328,7.241,7.276,7.382,7.37,7.738,7.519,7.455,7.273,7.165,5.113,7.666,7.513,7.404,7.866,7.314,7.749,7.623,7.637,7.973
788.03,28,7.256,7.817,7.181,7.084,6.31,7.324,7.379,7.381,7.382,7.693,7.521,7.483,7.265,7.184,5.065,7.758,7.562,7.412,7.86,7.337,7.736,7.569,7.69,7.904
789.03,28,7.344,7.83,7.166,7.061,6.335,7.313,7.273,7.386,7.348,7.788,7.542,7.422,7.255,7.138,5.082,7.766,7.471,7.347,7.831,7.326,7.69,7.545,7.661,7.912
790.03,28,7.283,7.788,7.195,7.038,6.325,7.301,7.292,7.395,7.343,7.805,7.565,7.487,7.276,7.166,5.061,7.697,7.582,7.376,7.853,7.312,7.701,7.584,7.614,7.907
791.03,28,7.314,7.791,7.202,7.092,6.363,7.27,7.243,7.449,7.29,7.829,7.523,7.52,7.348,7.084,5.119,7.738,7.512,7.437,7.887,7.298,7.739,7.543,7.703,7.871
792.03,28,7.284,7.851,7.189,7.068,6.323,7.225,7.248,7.365,7.372,7.795,7.479,7.537,7.296,7.176,5.068,7.719,7.455,7.39,7.88,7.297,7.672,7.544,7.677,7.951
793.03,28,7.314,7.833,7.109,7.111,6.337,7.286,7.233,7.384,7.372,7.761,7.483,7.425,7.203,7.143,5.083,7.73,7.512,7.338,7.867,7.295,7.637,7.581,7.648,7.949
794.03,28,7.281,7.78,7.164,7.076,6.304,7.288,7.23,7.418,7.431,7.761,7.511,7.46,7.32,7.079,5.106,7.694,7.484,7.382,7.907,7.33,7.664,7.53,7.659,7.936
795.03,28,7.258,7.829,7.159,7.089,6.374,7.241,7.277,7.375,7.428,7.821,7.471,7.478,7.307,7.197,5.154,7.735,7.523,7.294,7.9,7.299,7.675,7.579,7.656,7.95
796.03,28,7.241,7.838,7.105,7.098,6.305,7.267,7.244,7.436,7.37,7.815,7.528,7.451,7.267,7.184,5.11,7.728,7.454,7.361,7.772,7.296,7.725,7.567,7.643,7.905
797.03,28,7.263,7.888,7.181,7.072,6.35,7.287,7.314,7.424,7.365,7.728,7.509,7.478,7.257,7.17,5.046,7.714,7.554,7.347,7.819,7.284,7.692,7.59,7.672,7.906
798.03,28,7.249,7.847,7.155,7.082,6.349,7.323,7.201,7.338,7.378,7.733,7.463,7.44,7.223,7.157,5.103,7.775,7.524,7.371,7.844,7.308,7.684,7.616,7.611,7.856
799.03,28,7.261,7.709,7.158,7.08,6.336,7.245,7.226,7.408,7.336,7.789,7.498,7.492,7.286,7.139,5.089,7.705,7.579,7.369,7.861,7.289,7.668,7.586,7.706,7.932
800.03,28,7.25,7.835,7.176,7.107,6.333,7.322,7.241,7.464,7.391,7.779,7.502,7.468,7.265,7.112,5.103,7.702,7.538,7.34,7.848,7.341,7.779,7.566,7.586,7.907
801.03,28,7.229,7.822,7.223,7.125,6.429,7.318,7.34,7.461,7.39,7.766,7.533,7.461,7.298,7.191,5.076,7.709,7.504,7.353,7.83,7.406,7.699,7.551,7.59,7.891
802.03,28,7.253,7.79,7.141,7.068,6.37,7.25,7.251,7.367,7.349,7.735,7.474,7.444,7.292,7.165,5.046,7.734,7.569,7.366,7.83,7.348,7.735,7.593,7.582,7.926
803.03,28,7.202,7.785,7.083,7.084,6.31,7.261,7.246,7.408,7.383,7.748,7.508,7.411,7.297,7.162,5.042,7.753,7.511,7.385,7.836,7.341,7.641,7.576,7.627,7.934
804.03,28,7.243,7.803,7.126,7.079,6.34,7.253,7.235,7.391,7.332,7.744,7.44,7.429,7.307,7.161,5.083,7.694,7.574,7.324,7.826,7.322,7.714,7.561,7.587,7.907
805.03,28,7.235,7.819,7.123,7.052,6.337,7.278,7.266,7.34,7.383,7.78,7.527,7.414,7.243,7.186,5.045,7.676,7.553,7.369,7.817,7.314,7.729,7.553,7.642,7.898
806.03,28,7.207,7.788,7.184,6.981,6.319,7.296,7.255,7.422,7.299,7.784,7.483,7.453,7.303,7.151,5.053,7.707,7.47,7.409,7.812,7.268,7.733,7.594,7.607,7.918
807.03,28,7.256,7.807,7.192,7.059,6.336,7.277,7.218,7.362,7.347,7.735,7.541,7.381,7.286,7.139,5.086,7.69,7.501,7.403,7.791,7.325,7.689,7.51,7.66,7.909
808.03,28,7.323,7.851,7.122,7.082,6.339,7.253,7.195,7.381,7.359,7.753,7.451,7.506,7.246,7.17,5.079,7.68,7.484,7.434,7.821,7.288,7.647,7.551,7.569,7.91
809.03,28,7.259,7.817,7.196,7.06,6.344,7.22,7.21,7.379,7.299,7.75,7.437,7.431,7.243,7.177,5.01,7.646,7.548,7.409,7.807,7.297,7.675,7.529,7.546,7.939
810.03,28,7.124,7.837,7.126,7.021,6.371,7.288,7.276,7.404,7.347,7.678,7.505,7.492,7.284,7.177,5.037,7.66,7.476,7.329,7.815,7.325,7.675,7.522,7.661,7.926
811.03,28,7.236,7.803,7.143,7.029,6.359,7.295,7.205,7.445,7.379,7.772,7.51,7.477,7.258,7.15,4.97,7.702,7.521,7.325,7.816,7.321,7.716,7.441,7.581,7.9
812.03,28,7.211,7.755,7.153,7.031,6.34,7.282,7.291,7.353,7.373,7.762,7.506,7.438,7.277,7.119,5.013,7.738,7.519,7.415,7.802,7.297,7.633,7.567,7.612,7.858
813.03,28,7.191,7.868,7.128,7.078,6.349,7.314,7.252,7.413,7.371,7.82,7.515,7.465,7.235,7.051,5.01,7.73,7.533,7.399,7.859,7.263,7.681,7.509,7.597,7.896
814.03,28,7.239,7.821,7.129,7.036,6.332,7.25,7.22,7.347,7.381,7.747,7.503,7.415,7.296,7.102,4.97,7.688,7.503,7.385,7.859,7.314,7.668,7.525,7.601,7.949
815.03,28,7.265,7.795,7.094,7.068,6.297,7.212,7.198,7.36,7.351,7.719,7.493,7.432,7.252,7.144,5.014,7.674,7.484,7.389,7.831,7.241,7.735,7.57,7.684,7.907
816.03,28,7.173,7.853,7.134,7.005,6.347,7.282,7.165,7.422,7.347,7.767,7.484,7.373,7.326,7.196,5.016,7.703,7.513,7.342,7.828,7.309,7.728,7.563,7.648,7.879
817.03,28,7.233,7.85,7.132,7.055,6.306,7.249,7.281,7.417,7.423,7.75,7.464,7.377,7.227,7.089,4.978,7.697,7.55,7.363,7.754,7.285,7.651,7.504,7.597,7.913
818.03,28,7.226,7.838,7.126,7.103,6.339,7.2,7.263,7.377,7.302,7.777,7.503,7.367,7.225,7.127,5.014,7.666,7.433,7.418,7.867,7.252,7.665,7.57,7.638,7.87
819.03,28,7.228,7.784,7.127,6.986,6.349,7.262,7.21,7.406,7.383,7.677,7.484,7.374,7.277,7.146,4.987,7.664,7.468,7.345,7.874,7.346,7.701,7.534,7.673,7.886
820.03,28,7.218,7.83,7.134,7.061,6.28,7.194,7.239,7.446,7.401,7.69,7.492,7.448,7.277,7.132,4.995,7.629,7.44,7.314,7.853,7.304,7.673,7.526,7.619,7.829
821.03,28,7.167,7.767,7.235,7.016,6.347,7.311,7.266,7.428,7.328,7.663,7.441,7.481,7.225,7.117,5.067,7.673,7.509,7.335,7.828,7.23,7.602,7.507,7.597,7.834
822.03,28,7.215,7.826,7.223,7.077,6.353,7.213,7.219,7.404,7.296,7.785,7.506,7.475,7.266,7.101,4.975,7.701,7.464,7.357,7.818,7.306,7.727,7.476,7.612,7.82
823.03,28,7.19,7.785,7.171,7.022,6.31,7.277,7.209,7.389,7.409,7.819,7.487,7.383,7.262,7.119,5.019,7.728,7.491,7.386,7.845,7.248,7.667,7.493,7.617,7.875
824.03,28,7.191,7.799,7.134,7.062,6.273,7.257,7.18,7.374,7.288,7.699,7.5,7.472,7.228,7.154,5.025,7.689,7.547,7.32,7.817,7.281,7.647,7.553,7.595,7.886
825.03,28,7.213,7.777,7.111,7.053,6.35,7.211,7.2,7.363,7.342,7.742,7.434,7.427,7.249,7.09,4.967,7.653,7.455,7.387,7.823,7.218,7.615,7.541,7.625,7.894
826.03,28,7.224,7.771,7.173,7.051,6.308,7.2,7.242,7.423,7.345,7.739,7.457,7.465,7.28,7.093,5.007,7.714,7.509,7.37,7.806,7.343,7.644,7.548,7.592,7.876
827.03,28,7.242,7.799,7.13,7.1,6.247,7.234,7.172,7.333,7.346,7.759,7.549,7.335,7.322,7.156,4.956,7.685,7.465,7.385,7.795,7.185,7.657,7.502,7.621,7.871
828.03,28,7.185,7.811,7.155,7.053,6.31,7.238,7.241,7.427,7.343,7.709,7.476,7.454,7.234,7.177,4.989,7.697,7.477,7.393,7.817,7.259,7.682,7.591,7.603,7.809
829.03,28,7.157,7.761,7.141,7.009,6.296,7.244,7.244,7.406,7.355,7.674,7.494,7.414,7.195,7.143,4.985,7.681,7.557,7.369,7.846,7.242,7.684,7.483,7.602,7.908
830.03,28,7.205,7.84,7.141,6.988,6.352,7.224,7.197,7.403,7.304,7.735,7.445,7.446,7.231,7.144,4.977,7.727,7.472,7.338,7.778,7.226,7.679,7.526,7.582,7.884
831.03,28,7.218,7.821,7.156,7.028,6.323,7.317,7.178,7.363,7.362,7.795,7.508,7.422,7.204,7.158,5.004,7.696,7.454,7.379,7.826,7.27,7.692,7.443,7.6,7.851
832.03,28,7.113,7.828,7.118,7.059,6.335,7.179,7.207,7.325,7.331,7.771,7.481,7.372,7.22,7.122,4.97,7.677,7.498,7.349,7.812,7.271,7.679,7.538,7.564,7.848
833.03,28,7.171,7.771,7.065,7.028,6.279,7.304,7.255,7.407,7.353,7.734,7.48,7.387,7.184,7.1,5.014,7.762,7.481,7.341,7.836,7.263,7.675,7.531,7.659,7.896
834.03,28,7.202,7.769,7.137,7.049,6.307,7.247,7.206,7.391,7.386,7.674,7.462,7.465,7.239,7.065,5.039,7.737,7.468,7.38,7.877,7.263,7.698,7.516,7.568,7.897
835.03,28,7.24,7.727,7.108,7.009,6.342,7.269,7.199,7.329,7.277,7.685,7.43,7.424,7.276,7.14,4.949,7.702,7.449,7.415,7.82,7.256,7.719,7.531,7.649,7.904
836.03,28,7.202,7.832,7.095,7.025,6.336,7.222,7.18,7.384,7.348,7.771,7.49,7.482,7.272,7.111,4.967,7.719,7.506,7.319,7.872,7.209,7.645,7.55,7.586,7.853
837.03,28,7.215,7.796,7.234,6.996,6.285,7.269,7.298,7.364,7.314,7.783,7.464,7.432,7.246,7.11,4.992,7.669,7.493,7.338,7.823,7.275,7.61,7.573,7.62,7.841
838.03,28,7.195,7.804,7.078,7.051,6.319,7.327,7.176,7.328,7.341,7.825,7.423,7.419,7.239,7.116,5.006,7.666,7.513,7.266,7.825,7.309,7.591,7.463,7.598,7.86
839.03,28,7.218,7.731,7.12,6.929,6.252,7.202,7.159,7.362,7.388,7.642,7.476,7.394,7.223,7.123,5.009,7.639,7.41,7.254,7.828,7.299,7.694,7.512,7.606,7.871
840.03,28,7.235,7.757,7.176,6.997,6.301,7.256,7.239,7.371,7.294,7.774,7.552,7.431,7.227,7.074,4.916,7.656,7.389,7.349,7.809,7.264,7.641,7.505,7.595,7.805
841.03,28,7.254,7.74,7.12,6.988,6.264,7.241,7.184,7.358,7.385,7.726,7.526,7.4,7.224,7.113,4.962,7.629,7.435,7.365,7.792,7.288,7.625,7.532,7.615,7.838
842.03,28,7.184,7.717,7.077,6.971,6.32,7.243,7.241,7.336,7.329,7.696,7.468,7.386,7.155,7.143,5.002,7.673,7.45,7.39,7.848,7.229,7.674,7.508,7.611,7.927
843.03,28,7.252,7.796,7.114,7.087,6.273,7.19,7.235,7.441,7.37,7.737,7.39,7.4,7.285,7.073,4.973,7.606,7.515,7.387,7.817,7.256,7.633,7.5,7.563,7.829
844.03,28,7.196,7.79,7.086,7.004,6.302,7.216,7.159,7.273,7.312,7.711,7.423,7.404,7.193,7.083,4.903,7.746,7.407,7.351,7.784,7.266,7.62,7.51,7.596,7.928
845.03,28,7.143,7.783,7.046,7.007,6.308,7.187,7.267,7.4,7.35,7.729,7.521,7.369,7.203,7.131,4.996,7.665,7.446,7.3,7.834,7.193,7.613,7.514,7.618,7.787
846.03,28,7.164,7.782,7.148,6.968,6.319,7.282,7.147,7.348,7.352,7.709,7.445,7.361,7.276,7.051,4.988,7.699,7.436,7.353,7.869,7.279,7.673,7.529,7.58,7.87
847.03,28,7.147,7.735,7.11,6.972,6.212,7.236,7.141,7.352,7.324,7.723,7.476,7.374,7.197,7.186,4.969,7.648,7.493,7.34,7.752,7.239,7.585,7.532,7.632,7.817
848.03,28,7.277,7.744,7.127,7.022,6.306,7.206,7.181,7.365,7.318,7.733,7.385,7.393,7.235,7.121,4.957,7.634,7.416,7.358,7.821,7.192,7.571,7.482,7.544,7.845
849.03,28,7.155,7.798,7.161,6.954,6.308,7.242,7.229,7.344,7.358,7.723,7.413,7.372,7.276,7.106,4.908,7.696,7.477,7.323,7.766,7.252,7.613,7.501,7.607,7.884
850.03,28,7.163,7.763,7.089,7.013,6.292,7.186,7.225,7.44,7.266,7.726,7.438,7.371,7.203,7.079,4.88,7.622,7.474,7.289,7.837,7.25,7.633,7.513,7.481,7.854
851.03,28,7.137,7.775,7.141,7.003,6.247,7.239,7.202,7.306,7.295,7.739,7.479,7.353,7.242,7.088,4.953,7.666,7.474,7.382,7.777,7.274,7.61,7.508,7.61,7.885
852.03,28,7.219,7.787,7.109,7.001,6.316,7.18,7.166,7.316,7.405,7.725,7.476,7.397,7.174,7.064,5.04,7.602,7.491,7.328,7.816,7.266,7.601,7.535,7.543,7.858
853.03,28,7.163,7.732,7.144,7.075,6.327,7.268,7.252,7.32,7.288,7.685,7.454,7.366,7.236,7.031,4.97,7.64,7.43,7.328,7.845,7.153,7.652,7.471,7.586,7.819
854.03,28,7.154,7.748,7.16,6.978,6.345,7.206,7.164,7.327,7.318,7.66,7.429,7.343,7.227,7.063,4.921,7.694,7.528,7.344,7.775,7.195,7.619,7.488,7.656,7.827
855.03,28,7.172,7.788,7.134,7.047,6.296,7.22,7.12,7.364,7.294,7.72,7.472,7.418,7.233,7.148,4.918,7.692,7.503,7.335,7.738,7.288,7.678,7.559,7.633,7.803
856.03,28,7.194,7.8,7.105,6.937,6.269,7.174,7.222,7.38,7.341,7.726,7.472,7.36,7.167,7.092,4.935,7.652,7.424,7.356,7.867,7.21,7.675,7.496,7.563,7.788
857.03,28,7.173,7.692,7.123,6.959,6.266,7.291,7.184,7.341,7.313,7.662,7.398,7.468,7.203,7.097,4.93,7.621,7.443,7.336,7.763,7.231,7.643,7.462,7.622,7.81
858.03,28,7.149,7.752,7.083,6.901,6.276,7.157,7.179,7.339,7.327,7.735,7.534,7.386,7.204,7.069,4.945,7.651,7.506,7.383,7.806,7.257,7.597,7.473,7.581,7.839
859.03,28,7.171,7.669,7.114,6.986,6.322,7.295,7.196,7.373,7.407,7.764,7.425,7.468,7.263,7.066,4.943,7.666,7.405,7.297,7.719,7.261,7.6,7.512,7.591,7.838
860.03,28,7.154,7.778,7.139,6.918,6.306,7.266,7.213,7.289,7.314,7.702,7.408,7.428,7.247,7.082,4.904,7.622,7.477,7.335,7.821,7.275,7.628,7.538,7.543,7.791
861.03,28,7.144,7.751,7.035,6.976,6.307,7.254,7.215,7.36,7.302,7.708,7.539,7.425,7.186,7.058,4.918,7.633,7.411,7.423,7.765,7.195,7.636,7.458,7.586,7.826
862.03,28,7.189,7.761,7.129,6.945,6.311,7.199,7.195,7.317,7.316,7.698,7.445,7.386,7.261,7.117,4.917,7.679,7.485,7.301,7.825,7.267,7.611,7.451,7.554,7.811
863.03,28,7.129,7.791,7.11,7.057,6.291,7.252,7.215,7.368,7.268,7.721,7.387,7.459,7.174,7.094,4.939,7.609,7.401,7.291,7.773,7.22,7.575,7.491,7.586,7.829
864.03,28,7.192,7.762,7.046,7.013,6.309,7.211,7.185,7.328,7.282,7.688,7.453,7.415,7.197,7.053,4.889,7.605,7.51,7.318,7.78,7.255,7.667,7.471,7.519,7.859
865.03,28,7.11,7.703,7.138,6.93,6.233,7.233,7.198,7.38,7.317,7.663,7.422,7.275,7.183,7.05,4.928,7.711,7.441,7.315,7.823,7.259,7.664,7.54,7.632,7.874
866.03,28,7.172,7.776,7.028,6.99,6.29,7.215,7.224,7.301,7.301,7.697,7.467,7.443,7.164,7.079,4.937,7.641,7.446,7.339,7.762,7.188,7.654,7.521,7.563,7.846
867.03,28,7.151,7.693,7.078,6.964,6.317,7.261,7.17,7.364,7.28,7.665,7.458,7.38,7.167,7.073,4.902,7.654,7.468,7.295,7.741,7.236,7.58,7.48,7.541,7.887
868.03,28,7.179,7.752,7.117,6.961,6.296,7.256,7.182,7.294,7.262,7.716,7.402,7.404,7.197,7.03,4.87,7.608,7.468,7.325,7.778,7.126,7.597,7.498,7.569,7.834
869.03,28,7.105,7.731,7.049,6.954,6.291,7.201,7.133,7.305,7.312,7.63,7.421,7.317,7.27,7.18,4.878,7.617,7.485,7.32,7.802,7.23,7.615,7.493,7.546,7.773
870.03,28,7.198,7.785,7.058,6.848,6.282,7.224,7.191,7.263,7.362,7.702,7.365,7.327,7.241,6.997,4.925,7.59,7.422,7.464,7.77,7.197,7.539,7.498,7.61,7.847
871.03,28,7.087,7.716,7.129,6.973,6.316,7.207,7.204,7.285,7.32,7.712,7.409,7.369,7.162,7.077,4.965,7.698,7.467,7.364,7.787,7.23,7.621,7.479,7.578,7.796
872.03,28,7.224,7.696,7.138,6.985,6.257,7.223,7.169,7.311,7.313,7.754,7.463,7.332,7.199,7.086,4.899,7.606,7.362,7.338,7.785,7.255,7.577,7.486,7.493,7.829
873.03,28,7.215,7.791,7.082,6.917,6.393,7.15,7.164,7.385,7.31,7.627,7.418,7.339,7.263,7.086,4.994,7.631,7.431,7.389,7.72,7.196,7.569,7.484,7.509,7.752
874.03,28,7.136,7.72,7.068,6.975,6.241,7.219,7.209,7.33,7.289,7.628,7.435,7.399,7.186,7.06,4.945,7.611,7.389,7.301,7.803,7.238,7.525,7.485,7.55,7.851
875.03,28,7.119,7.695,7.035,6.984,6.296,7.189,7.174,7.32,7.375,7.574,7.436,7.358,7.151,7.031,4.85,7.562,7.472,7.305,7.759,7.245,7.638,7.49,7.555,7.845
876.03,28,7.154,7.788,7.005,6.976,6.233,7.195,7.179,7.301,7.277,7.637,7.436,7.332,7.17,7.085,4.881,7.594,7.46,7.326,7.718,7.189,7.478,7.489,7.538,7.837
877.03,28,7.174,7.712,7.071,6.968,6.274,7.199,7.171,7.329,7.269,7.647,7.393,7.378,7.2,7.06,4.93,7.618,7.484,7.3,7.81,7.185,7.624,7.444,7.558,7.819
878.03,28,7.176,7.703,7.076,7.001,6.279,7.243,7.187,7.31,7.286,7.733,7.4,7.413,7.139,7.083,4.93,7.654,7.45,7.299,7.758,7.212,7.582,7.462,7.537,7.874
879.03,28,7.134,7.747,7.064,6.932,6.238,7.217,7.169,7.297,7.254,7.701,7.38,7.311,7.17,7.072,4.896,7.659,7.409,7.286,7.734,7.163,7.612,7.46,7.521,7.748
880.03,28,7.124,7.784,7.1,6.994,6.343,7.166,7.135,7.355,7.271,7.687,7.438,7.389,7.229,7.035,4.877,7.605,7.435,7.361,7.756,7.206,7.662,7.488,7.556,7.857
881.03,28,7.166,7.731,7.081,6.962,6.259,7.241,7.159,7.338,7.334,7.679,7.426,7.379,7.181,7.052,4.89,7.675,7.394,7.351,7.757,7.153,7.631,7.455,7.601,7.834
882.03,28,7.127,7.678,7.052,6.933,6.259,7.254,7.135,7.34,7.294,7.657,7.4,7.323,7.2,7.031,4.919,7.573,7.462,7.307,7.78,7.266,7.587,7.521,7.476,7.77
883.03,28,7.139,7.799,7.004,6.98,6.262,7.267,7.175,7.334,7.262,7.729,7.448,7.404,7.128,7.087,4.913,7.7,7.389,7.333,7.803,7.239,7.629,7.445,7.543,7.821
884.03,28,7.093,7.721,7.046,6.943,6.307,7.206,7.176,7.347,7.321,7.649,7.42,7.341,7.179,7.067,4.888,7.588,7.501,7.271,7.791,7.188,7.644,7.462,7.536,7.907
885.03,28,7.15,7.723,7.069,6.999,6.195,7.23,7.167,7.313,7.265,7.708,7.39,7.335,7.22,7.081,4.869,7.593,7.426,7.292,7.829,7.183,7.63,7.436,7.588,7.796
886.03,28,7.115,7.759,7.045,6.944,6.319,7.203,7.127,7.316,7.303,7.668,7.379,7.386,7.23,7.042,4.817,7.576,7.453,7.358,7.713,7.171,7.643,7.45,7.47,7.819
887.03,28,7.106,7.691,7.079,6.947,6.314,7.194,7.146,7.431,7.3,7.689,7.439,7.346,7.165,7.076,4.9,7.579,7.334,7.318,7.812,7.14,7.574,7.448,7.53,7.821
888.03,28,7.142,7.675,7.064,6.986,6.196,7.205,7.069,7.314,7.294,7.683,7.396,7.302,7.193,7.043,4.888,7.63,7.436,7.291,7.74,7.161,7.646,7.416,7.572,7.859
889.03,28,7.135,7.738,7.102,6.975,6.247,7.183,7.101,7.274,7.354,7.666,7.41,7.336,7.169,7.052,4.857,7.571,7.353,7.353,7.82,7.147,7.589,7.431,7.503,7.785
890.03,28,7.25,7.749,7.082,6.88,6.279,7.212,7.208,7.31,7.296,7.647,7.427,7.328,7.169,7.025,4.846,7.611,7.395,7.333,7.802,7.253,7.564,7.508,7.515,7.784
891.03,28,7.13,7.757,7.093,6.94,6.309,7.147,7.16,7.379,7.283,7.697,7.406,7.392,7.193,7.051,4.868,7.602,7.404,7.266,7.709,7.224,7.61,7.462,7.573,7.775
892.03,28,7.128,7.731,7.052,6.949,6.268,7.199,7.101,7.292,7.282,7.698,7.334,7.329,7.181,7.019,4.897,7.623,7.45,7.205,7.756,7.123,7.603,7.485,7.535,7.778
893.03,28,7.178,7.744,7.133,6.96,6.28,7.2,7.164,7.251,7.285,7.634,7.36,7.363,7.165,7.054,4.821,7.643,7.404,7.294,7.81,7.132,7.596,7.487,7.519,7.817
894.03,28,7.087,7.746,7.079,6.994,6.239,7.177,7.143,7.349,7.297,7.749,7.394,7.351,7.18,7.103,4.829,7.607,7.454,7.289,7.735,7.199,7.548,7.44,7.541,7.798
895.03,28,7.117,7.672,7.09,6.96,6.248,7.242,7.217,7.326,7.209,7.621,7.356,7.378,7.165,7.008,4.809,7.617,7.39,7.274,7.692,7.207,7.547,7.473,7.46,7.796
896.03,28,7.152,7.693,7.019,6.938,6.279,7.087,7.174,7.245,7.29,7.707,7.402,7.356,7.2,7.046,4.848,7.584,7.446,7.352,7.729,7.214,7.585,7.425,7.497,7.822
897.03,28,7.07,7.773,7.067,6.969,6.272,7.168,7.165,7.349,7.217,7.717,7.411,7.298,7.194,6.985,4.864,7.619,7.394,7.288,7.772,7.234,7.524,7.467,7.551,7.783
898.03,28,7.082,7.725,7.092,6.949,6.279,7.113,7.141,7.285,7.215,7.696,7.351,7.379,7.109,7.063,4.813,7.621,7.433,7.227,7.757,7.194,7.601,7.426,7.575,7.867
899.03,28,7.143,7.727,7.046,6.982,6.292,7.229,7.144,7.321,7.227,7.706,7.426,7.364,7.137,6.99,4.82,7.628,7.407,7.265,7.713,7.158,7.511,7.421,7.525,7.804
900.03,28,7.105,7.738,6.992,6.928,6.293,7.18,7.169,7.334,7.23,7.696,7.463,7.321,7.11,6.997,4.806,7.587,7.39,7.295,7.774,7.217,7.632,7.443,7.51,7.793
901.03,28,7.147,7.78,7.006,6.929,6.288,7.161,7.15,7.322,7.299,7.624,7.432,7.343,7.109,7.008,4.76,7.599,7.38,7.303,7.689,7.18,7.615,7.458,7.571,7.802
902.03,28,7.136,7.741,7.141,6.962,6.289,7.157,7.202,7.345,7.201,7.682,7.388,7.348,7.128,7.017,4.8,7.599,7.348,7.356,7.744,7.18,7.57,7.471,7.532,7.772
903.03,28,7.119,7.669,7.053,6.888,6.263,7.203,7.154,7.327,7.319,7.717,7.357,7.342,7.161,7.028,4.76,7.593,7.409,7.274,7.791,7.182,7.582,7.457,7.464,7.73
904.03,28,7.086,7.689,6.998,6.942,6.269,7.087,7.136,7.301,7.272,7.684,7.415,7.368,7.127,7.075,4.763,7.617,7.399,7.324,7.743,7.159,7.573,7.394,7.502,7.758
905.03,28,7.136,7.633,7.107,6.895,6.268,7.242,7.127,7.405,7.286,7.67,7.408,7.328,7.164,7.051,4.825,7.627,7.345,7.286,7.729,7.143,7.535,7.442,7.515,7.763
906.03,28,7.126,7.676,7.124,6.936,6.256,7.146,7.108,7.38,7.28,7.633,7.419,7.369,7.265,7.125,4.784,7.603,7.438,7.294,7.724,7.173,7.583,7.438,7.484,7.782
907.03,28,7.051,7.721,7.002,6.951,6.257,7.161,7.135,7.326,7.224,7.655,7.427,7.416,7.202,7.012,4.741,7.562,7.345,7.3,7.736,7.169,7.523,7.41,7.512,7.767
908.03,28,7.121,7.677,7.066,6.956,6.217,7.156,7.101,7.323,7.238,7.678,7.416,7.336,7.188,7.045,4.816,7.597,7.42,7.28,7.759,7.134,7.574,7.403,7.446,7.794
909.03,28,7.095,7.744,7.089,6.966,6.18,7.129,7.063,7.345,7.214,7.641,7.421,7.302,7.171,7.005,4.775,7.55,7.397,7.325,7.667,7.232,7.598,7.431,7.499,7.834
910.03,28,7.114,7.706,7.124,6.938,6.237,7.194,7.236,7.347,7.269,7.566,7.362,7.356,7.199,7.032,4.803,7.602,7.345,7.217,7.741,7.159,7.577,7.47,7.498,7.794
911.03,28,7.108,7.698,7.056,6.975,6.302,7.135,7.153,7.298,7.209,7.619,7.341,7.405,7.167,7.047,4.799,7.582,7.361,7.271,7.79,7.18,7.555,7.435,7.496,7.749
912.03,28,7.109,7.751,6.986,6.94,6.29,7.218,7.113,7.333,7.254,7.627,7.341,7.348,7.186,7,4.766,7.538,7.442,7.307,7.778,7.139,7.561,7.453,7.41,7.792
913.03,28,7.104,7.752,7.1,6.968,6.32,7.187,7.152,7.234,7.26,7.592,7.337,7.402,7.188,7.032,4.773,7.628,7.416,7.189,7.745,7.146,7.564,7.412,7.553,7.784
914.03,28,7.108,7.709,7.044,6.896,6.255,7.151,7.198,7.308,7.207,7.673,7.389,7.392,7.119,7.064,4.737,7.654,7.45,7.24,7.711,7.154,7.528,7.424,7.475,7.827
915.03,28,7.088,7.738,7.065,6.888,6.181,7.152,7.147,7.23,7.255,7.634,7.395,7.358,7.216,7.012,4.748,7.613,7.433,7.297,7.728,7.179,7.524,7.462,7.462,7.794
916.03,28,7.072,7.707,7.004,6.876,6.277,7.169,7.084,7.255,7.279,7.643,7.397,7.32,7.125,7.022,4.78,7.506,7.432,7.267,7.702,7.161,7.571,7.428,7.489,7.768
917.03,28,7.098,7.66,7.018,6.875,6.287,7.161,7.173,7.314,7.243,7.661,7.332,7.344,7.257,7.056,4.736,7.562,7.425,7.275,7.75,7.101,7.561,7.344,7.424,7.714
918.03,28,7.096,7.643,7.075,6.893,6.301,7.206,7.157,7.329,7.252,7.611,7.324,7.265,7.183,7.056,4.767,7.561,7.401,7.22,7.765,7.075,7.561,7.399,7.504,7.819
919.03,28,7.157,7.722,6.985,6.878,6.245,7.172,7.118,7.288,7.172,7.595,7.368,7.319,7.225,7.084,4.764,7.556,7.413,7.244,7.711,7.104,7.55,7.496,7.444,7.771
920.03,28,7.039,7.71,7.042,6.912,6.229,7.189,7.116,7.278,7.259,7.614,7.343,7.36,7.21,7.06,4.785,7.551,7.431,7.306,7.684,7.144,7.513,7.428,7.476,7.793
921.03,28,7.111,7.705,7.016,6.857,6.253,7.133,7.172,7.289,7.275,7.602,7.411,7.36,7.15,7.034,4.769,7.557,7.329,7.225,7.735,7.106,7.535,7.417,7.52,7.8
922.03,28,7.091,7.691,7.039,6.94,6.21,7.178,7.118,7.273,7.195,7.66,7.365,7.328,7.123,7.001,4.742,7.603,7.355,7.228,7.802,7.13,7.526,7.425,7.434,7.851
923.03,28,7.091,7.674,7.053,6.928,6.246,7.189,7.088,7.285,7.252,7.662,7.401,7.369,7.159,7.092,4.837,7.561,7.403,7.307,7.694,7.055,7.576,7.368,7.484,7.733
924.03,28,7.064,7.658,7.082,6.892,6.27,7.14,7.055,7.275,7.193,7.663,7.436,7.356,7.137,6.975,4.729,7.561,7.4,7.241,7.804,7.145,7.513,7.447,7.444,7.785
925.03,28,7.047,7.716,7.054,6.929,6.244,7.175,7.133,7.305,7.242,7.672,7.391,7.323,7.151,6.999,4.804,7.585,7.384,7.238,7.726,7.157,7.575,7.369,7.508,7.73
926.03,28,7.111,7.73,7.044,6.929,6.247,7.166,7.107,7.257,7.244,7.585,7.331,7.292,7.173,7.015,4.724,7.6,7.431,7.189,7.746,7.175,7.603,7.424,7.457,7.749
927.03,28,7.065,7.719,7.001,6.931,6.279,7.114,7.118,7.344,7.237,7.695,7.296,7.293,7.174,6.981,4.793,7.578,7.383,7.251,7.683,7.158,7.581,7.417,7.52,7.776
928.03,28,7.053,7.723,7.043,6.882,6.22,7.173,7.108,7.262,7.204,7.622,7.33,7.304,7.151,6.986,4.746,7.499,7.371,7.273,7.764,7.187,7.543,7.375,7.518,7.745
929.03,28,7.041,7.664,7.078,6.873,6.258,7.207,7.153,7.268,7.239,7.62,7.292,7.27,7.127,7.038,4.744,7.462,7.327,7.285,7.728,7.074,7.537,7.355,7.481,7.787
930.03,28,7.128,7.705,7.037,6.849,6.32,7.151,7.094,7.239,7.19,7.628,7.39,7.306,7.187,7.022,4.723,7.548,7.361,7.264,7.702,7.104,7.556,7.436,7.497,7.774
931.03,28,7.094,7.676,6.976,6.887,6.187,7.109,7.11,7.332,7.203,7.669,7.37,7.286,7.143,7.022,4.756,7.541,7.397,7.299,7.678,7.12,7.531,7.391,7.455,7.743
932.03,28,7.113,7.739,6.995,6.965,6.207,7.149,7.126,7.258,7.257,7.614,7.343,7.38,7.144,7.005,4.741,7.608,7.417,7.343,7.715,7.139,7.558,7.4,7.472,7.78
933.03,28,7.08,7.603,7.01,6.932,6.18,7.172,7.106,7.212,7.294,7.703,7.398,7.3,7.176,7.024,4.712,7.468,7.346,7.243,7.71,7.137,7.517,7.429,7.397,7.734
934.03,28,7.107,7.653,6.965,6.887,6.274,7.168,7.133,7.315,7.225,7.653,7.388,7.38,7.095,7.019,4.709,7.513,7.425,7.223,7.699,7.151,7.561,7.4,7.458,7.731
935.03,28,7.022,7.638,7.056,7.002,6.218,7.148,7.066,7.24,7.277,7.597,7.41,7.335,7.178,7.003,4.728,7.565,7.401,7.332,7.673,7.16,7.557,7.35,7.447,7.801
936.03,28,7.082,7.66,6.971,6.931,6.252,7.256,7.122,7.246,7.221,7.669,7.369,7.293,7.113,7.018,4.766,7.536,7.345,7.266,7.683,7.155,7.542,7.437,7.484,7.78
937.03,28,7.017,7.675,7.022,6.878,6.207,7.162,7.073,7.217,7.234,7.604,7.336,7.312,7.081,6.97,4.708,7.521,7.404,7.285,7.655,7.153,7.525,7.419,7.498,7.736
938.03,28,7.1,7.654,7.021,6.854,6.177,7.129,7.078,7.281,7.234,7.609,7.396,7.401,7.145,7.072,4.746,7.633,7.341,7.195,7.727,7.158,7.567,7.365,7.477,7.747
939.03,28,7.049,7.611,6.981,6.908,6.229,7.181,7.121,7.308,7.254,7.667,7.319,7.271,7.129,6.966,4.709,7.509,7.396,7.212,7.72,7.089,7.561,7.456,7.464,7.726
940.03,28,7.06,7.677,6.982,6.928,6.262,7.144,7.079,7.268,7.199,7.684,7.281,7.286,7.165,7.085,4.741,7.496,7.371,7.31,7.749,7.097,7.531,7.396,7.48,7.729
941.03,28,7.118,7.604,7.019,6.926,6.26,7.159,7.123,7.252,7.214,7.554,7.356,7.341,7.189,6.992,4.756,7.502,7.359,7.238,7.745,7.14,7.56,7.392,7.484,7.772
942.03,28,7.143,7.608,6.997,6.927,6.191,7.134,7.088,7.292,7.247,7.658,7.397,7.304,7.103,7.031,4.682,7.56,7.321,7.188,7.643,7.175,7.522,7.398,7.481,7.703
943.03,28,7.008,7.723,7.016,6.914,6.223,7.134,7.145,7.343,7.176,7.633,7.368,7.275,7.121,7.015,4.738,7.51,7.415,7.202,7.71,7.183,7.507,7.337,7.489,7.735
944.03,28,7.097,7.678,6.97,6.857,6.237,7.118,7.133,7.245,7.157,7.578,7.405,7.342,7.129,6.971,4.675,7.551,7.362,7.34,7.668,7.088,7.477,7.409,7.424,7.798
945.03,28,7.107,7.657,6.939,6.889,6.247,7.105,7.099,7.225,7.184,7.556,7.374,7.288,7.052,6.993,4.714,7.519,7.325,7.211,7.701,7.072,7.545,7.392,7.474,7.744
946.03,28,7.055,7.635,7.01,6.847,6.231,7.132,7.055,7.248,7.246,7.584,7.351,7.324,7.096,7.073,4.698,7.511,7.347,7.257,7.732,7.092,7.532,7.403,7.435,7.769
947.03,28,7.036,7.654,7.067,6.882,6.21,7.141,7.129,7.3,7.238,7.643,7.318,7.342,7.1,6.945,4.677,7.528,7.322,7.24,7.612,7.167,7.553,7.395,7.505,7.716
948.03,28,7.018,7.724,6.98,6.837,6.223,7.152,7.007,7.312,7.154,7.58,7.323,7.253,7.132,6.934,4.681,7.581,7.351,7.275,7.741,7.107,7.546,7.315,7.406,7.697
949.03,28,7.043,7.687,7.058,6.903,6.174,7.121,7.033,7.297,7.214,7.582,7.313,7.316,7.156,6.957,4.714,7.515,7.392,7.24,7.755,7.11,7.495,7.369,7.429,7.749
950.03,28,7.085,7.652,7.055,6.876,6.201,7.091,7.119,7.207,7.159,7.664,7.336,7.299,7.125,7.082,4.642,7.572,7.354,7.218,7.711,7.108,7.486,7.34,7.462,7.735
951.03,28,7.065,7.651,6.975,6.891,6.206,7.127,7.137,7.23,7.225,7.56,7.317,7.379,7.136,6.938,4.715,7.498,7.398,7.286,7.678,7.084,7.47,7.377,7.493,7.693
952.03,28,7.057,7.629,7.035,6.88,6.199,7.144,7.15,7.272,7.149,7.594,7.319,7.276,7.103,6.98,4.731,7.497,7.331,7.228,7.671,7.079,7.496,7.383,7.441,7.711
953.03,28,7.107,7.682,7.051,6.909,6.221,7.102,7.061,7.254,7.217,7.609,7.311,7.292,7.097,7.017,4.652,7.577,7.372,7.243,7.658,7.103,7.531,7.373,7.393,7.712
954.03,28,7.013,7.607,7.038,6.87,6.209,7.18,7.088,7.252,7.153,7.581,7.402,7.3,7.129,6.962,4.682,7.516,7.329,7.272,7.671,7.137,7.54,7.385,7.446,7.692
955.03,28,7.067,7.641,6.984,6.886,6.161,7.179,7.094,7.292,7.212,7.567,7.319,7.339,7.103,6.944,4.674,7.524,7.324,7.264,7.693,7.13,7.513,7.425,7.493,7.748
956.03,28,7.072,7.594,6.973,6.938,6.22,7.043,7.111,7.245,7.186,7.61,7.319,7.298,7.1,7.023,4.687,7.514,7.352,7.282,7.692,7.131,7.526,7.425,7.374,7.803
957.03,28,6.956,7.658,7.014,6.881,6.157,7.135,7.145,7.241,7.197,7.623,7.311,7.302,7.147,6.972,4.676,7.535,7.318,7.283,7.654,7.085,7.507,7.399,7.398,7.781
958.03,28,7.001,7.623,6.97,6.885,6.232,7.112,7.099,7.3,7.273,7.61,7.258,7.307,7.119,6.989,4.615,7.521,7.342,7.228,7.674,7.102,7.497,7.381,7.499,7.679
959.03,28,7.042,7.661,6.906,6.861,6.272,7.142,7.114,7.251,7.094,7.599,7.286,7.304,7.109,6.901,4.66,7.544,7.291,7.208,7.705,7.065,7.464,7.334,7.469,7.751
960.03,28,7.056,7.625,7.043,6.848,6.178,7.141,6.992,7.233,7.253,7.577,7.338,7.278,7.08,6.923,4.659,7.529,7.348,7.215,7.63,7.1,7.572,7.334,7.444,7.732
961.03,28,7.037,7.704,6.962,6.875,6.139,7.029,7.014,7.302,7.228,7.61,7.3,7.301,7.125,6.956,4.669,7.522,7.364,7.259,7.63,7.09,7.502,7.368,7.479,7.711
962.03,28,7.071,7.606,7.014,6.83,6.296,7.103,7.097,7.236,7.136,7.601,7.281,7.344,7.153,6.999,4.664,7.562,7.309,7.236,7.704,7.152,7.471,7.365,7.436,7.694
963.03,28,6.967,7.608,7.014,6.862,6.268,7.119,7.114,7.187,7.201,7.616,7.343,7.255,7.128,6.937,4.729,7.506,7.367,7.151,7.676,7.053,7.567,7.454,7.441,7.707
964.03,28,7.048,7.624,6.956,6.848,6.189,7.163,7.123,7.22,7.216,7.643,7.271,7.229,7.113,7.006,4.62,7.506,7.336,7.249,7.714,7.088,7.49,7.375,7.516,7.751
965.03,28,7.039,7.686,6.998,6.877,6.149,7.125,7.029,7.219,7.146,7.567,7.295,7.292,7.088,7,4.633,7.483,7.333,7.218,7.757,7.032,7.497,7.358,7.459,7.711
966.03,28,6.994,7.668,6.944,6.847,6.239,7.173,7.189,7.232,7.125,7.565,7.318,7.313,7.082,6.996,4.614,7.563,7.325,7.22,7.666,7.113,7.48,7.403,7.358,7.684
967.03,28,7.042,7.627,6.958,6.853,6.262,7.065,7.08,7.3,7.173,7.614,7.386,7.31,7.125,6.944,4.646,7.42,7.297,7.272,7.65,7.03,7.526,7.366,7.443,7.736
968.03,28,7.018,7.572,6.914,6.888,6.195,7.152,7.077,7.224,7.197,7.571,7.259,7.24,7.033,6.981,4.657,7.469,7.271,7.226,7.618,7.042,7.489,7.348,7.349,7.698
969.03,28,7.031,7.655,6.978,6.887,6.236,7.134,7.064,7.257,7.068,7.558,7.268,7.296,7.09,6.897,4.706,7.48,7.31,7.242,7.679,7.054,7.537,7.331,7.433,7.706
970.03,28,6.951,7.592,7.006,6.831,6.187,7.054,7.064,7.278,7.229,7.613,7.332,7.293,7.05,7.009,4.661,7.519,7.289,7.224,7.612,7.048,7.521,7.43,7.359,7.739
971.03,28,7.064,7.59,6.942,6.822,6.269,7.138,7.137,7.252,7.166,7.589,7.312,7.293,7.068,6.958,4.67,7.545,7.254,7.235,7.695,7.023,7.505,7.321,7.429,7.691
972.03,28,7.061,7.576,6.982,6.846,6.229,7.114,7.127,7.204,7.152,7.58,7.381,7.311,7.097,6.913,4.659,7.578,7.343,7.11,7.734,7.07,7.471,7.343,7.437,7.68
973.03,28,7.023,7.609,7.033,6.839,6.169,7.075,7.032,7.218,7.211,7.515,7.313,7.283,7.089,6.983,4.669,7.496,7.326,7.265,7.627,7.118,7.478,7.328,7.385,7.733
974.03,28,7.028,7.61,6.963,6.891,6.224,7.079,7.106,7.251,7.124,7.634,7.328,7.261,7.063,6.936,4.598,7.463,7.308,7.222,7.592,7.086,7.542,7.339,7.442,7.673
975.03,28,7.025,7.644,7.013,6.843,6.242,7.123,7.071,7.233,7.192,7.576,7.199,7.248,7.133,6.995,4.655,7.495,7.296,7.269,7.604,7.138,7.531,7.322,7.455,7.714
976.03,28,6.939,7.604,6.989,6.835,6.255,7.14,7.058,7.296,7.228,7.579,7.268,7.177,7.089,6.899,4.621,7.516,7.357,7.245,7.735,7.05,7.514,7.295,7.414,7.653
977.03,28,7.031,7.66,6.987,6.764,6.173,7.108,7.046,7.285,7.176,7.62,7.266,7.252,7.069,6.934,4.612,7.55,7.388,7.202,7.58,7.087,7.449,7.323,7.393,7.627
978.03,28,6.977,7.652,7.043,6.831,6.123,7.08,7.025,7.19,7.112,7.488,7.293,7.242,7.01,6.935,4.572,7.492,7.349,7.16,7.677,7.048,7.465,7.328,7.392,7.73
979.03,28,6.997,7.549,6.937,6.837,6.206,7.116,7.069,7.227,7.114,7.551,7.329,7.282,7.111,6.997,4.653,7.41,7.316,7.18,7.626,7.042,7.502,7.409,7.418,7.674
980.03,28,7.008,7.631,7.011,6.905,6.201,7.143,7.105,7.219,7.134,7.582,7.251,7.282,7.094,6.912,4.588,7.475,7.26,7.265,7.68,7.097,7.414,7.342,7.407,7.634
981.03,28,6.985,7.597,6.909,6.801,6.212,7.153,7.095,7.224,7.204,7.534,7.262,7.279,7.073,6.954,4.634,7.467,7.335,7.18,7.689,7.057,7.523,7.28,7.39,7.724
982.03,28,6.991,7.612,6.894,6.878,6.161,7.081,7.113,7.214,7.139,7.596,7.363,7.258,7.031,6.933,4.597,7.495,7.261,7.218,7.689,7.031,7.51,7.34,7.377,7.68
983.03,28,7.067,7.596,6.946,6.771,6.188,7.167,6.993,7.265,7.119,7.513,7.326,7.282,7.032,6.972,4.544,7.47,7.306,7.209,7.645,7.092,7.515,7.346,7.45,7.678
984.03,28,7.039,7.597,6.958,6.829,6.268,7.094,7.052,7.149,7.167,7.505,7.257,7.292,7.126,6.977,4.538,7.466,7.281,7.252,7.686,7.071,7.573,7.301,7.424,7.682
985.03,28,7.015,7.579,6.939,6.823,6.163,7.082,7.129,7.214,7.176,7.617,7.326,7.277,7.081,7.011,4.597,7.44,7.302,7.091,7.666,7.105,7.441,7.392,7.389,7.679
986.03,28,7.004,7.653,6.962,6.817,6.18,7.064,7.082,7.227,7.206,7.576,7.331,7.256,7.093,6.968,4.632,7.442,7.285,7.152,7.608,7.103,7.503,7.336,7.406,7.677
987.03,28,7.038,7.577,6.977,6.859,6.182,7.02,7.004,7.182,7.172,7.521,7.281,7.205,7.048,6.939,4.578,7.44,7.334,7.242,7.679,7.044,7.456,7.401,7.346,7.699
988.03,28,6.997,7.601,6.987,6.842,6.171,7.058,7.083,7.261,7.147,7.594,7.367,7.247,7.079,6.853,4.58,7.496,7.314,7.194,7.671,7.066,7.461,7.36,7.406,7.68
989.03,28,6.932,7.566,6.953,6.79,6.197,7.1,7.027,7.277,7.145,7.52,7.271,7.279,7.137,6.989,4.597,7.461,7.259,7.21,7.718,7.046,7.444,7.354,7.387,7.675
990.03,28,7.049,7.624,6.955,6.825,6.227,7.084,7.01,7.264,7.134,7.513,7.304,7.297,7.05,6.973,4.584,7.468,7.338,7.164,7.651,7.136,7.462,7.35,7.373,7.72
991.03,28,7.024,7.653,6.93,6.805,6.163,7.122,7.065,7.2,7.125,7.618,7.368,7.249,7.057,6.921,4.55,7.496,7.287,7.228,7.669,7.029,7.529,7.382,7.37,7.673
992.03,28,7.025,7.644,7.014,6.89,6.249,7.133,6.966,7.203,7.137,7.612,7.323,7.332,7.067,6.929,4.507,7.502,7.283,7.167,7.644,7.102,7.44,7.383,7.327,7.681
993.03,28,6.953,7.616,6.945,6.872,6.13,7.117,7.001,7.2,7.138,7.521,7.31,7.297,7.099,6.975,4.616,7.454,7.269,7.167,7.632,7.05,7.529,7.37,7.43,7.665
994.03,28,6.991,7.623,6.959,6.846,6.26,7.049,7.037,7.202,7.174,7.579,7.262,7.299,7.038,6.958,4.527,7.475,7.327,7.192,7.649,7.037,7.446,7.318,7.409,7.655
995.03,28,7.004,7.581,6.947,6.808,6.194,7.114,7.039,7.271,7.138,7.514,7.339,7.245,7.096,6.906,4.516,7.397,7.226,7.165,7.686,7.078,7.508,7.325,7.402,7.716
996.03,28,6.982,7.528,6.925,6.846,6.24,7.09,7.034,7.248,7.109,7.555,7.247,7.177,7.114,6.885,4.593,7.493,7.354,7.203,7.658,6.993,7.471,7.343,7.372,7.653
997.03,28,6.98,7.664,6.948,6.782,6.181,7.116,7.042,7.227,7.136,7.539,7.301,7.206,7.047,6.96,4.586,7.49,7.253,7.182,7.595,7.025,7.497,7.399,7.418,7.684
998.03,28,6.974,7.527,6.94,6.848,6.202,7.123,7.086,7.258,7.176,7.554,7.279,7.243,7.095,6.97,4.537,7.514,7.312,7.194,7.675,6.999,7.409,7.294,7.35,7.661
999.03,28,7.025,7.607,6.936,6.814,6.213,7.078,7.018,7.218,7.143,7.553,7.307,7.213,7.046,6.987,4.506,7.4,7.331,7.203,7.687,7.034,7.479,7.289,7.378,7.708
1000.03,28,6.976,7.585,6.942,6.749,6.178,7.121,7.043,7.173,7.104,7.494,7.314,7.291,7.087,6.986,4.56,7.463,7.329,7.236,7.628,7.086,7.487,7.312,7.417,7.626
1001.03,28,7.02,7.61,6.972,6.793,6.145,7.062,7.055,7.219,7.117,7.516,7.303,7.199,7.122,6.892,4.573,7.473,7.26,7.18,7.672,7.101,7.511,7.302,7.366,7.701
1002.03,28,6.928,7.55,6.972,6.844,6.162,7.055,7.033,7.245,7.062,7.622,7.302,7.23,7.058,6.925,4.517,7.466,7.339,7.174,7.607,7.075,7.52,7.334,7.433,7.68
1003.03,28,7.006,7.573,6.979,6.826,6.128,7.146,7.069,7.251,7.106,7.556,7.267,7.214,7.086,6.977,4.489,7.468,7.269,7.102,7.611,7.044,7.432,7.273,7.452,7.628
1004.03,28,7.032,7.593,6.941,6.834,6.181,7.116,7.036,7.182,7.088,7.543,7.237,7.234,7.035,6.919,4.545,7.49,7.323,7.173,7.622,6.982,7.43,7.346,7.385,7.661
1005.03,28,6.997,7.657,7.001,6.808,6.149,7.033,7.032,7.25,7.145,7.524,7.334,7.181,7.054,6.859,4.532,7.455,7.318,7.173,7.641,7.059,7.379,7.308,7.43,7.65
1006.03,28,6.928,7.592,6.915,6.804,6.19,6.971,7.037,7.146,7.135,7.514,7.257,7.253,7.034,6.858,4.558,7.402,7.271,7.184,7.627,6.989,7.51,7.294,7.414,7.705
1007.03,28,6.993,7.558,6.958,6.891,6.232,7.096,7.005,7.155,7.113,7.533,7.27,7.234,7.092,6.92,4.517,7.415,7.28,7.194,7.599,7.067,7.436,7.335,7.412,7.707
1008.03,28,6.948,7.574,6.974,6.75,6.215,7.092,7.059,7.207,7.148,7.558,7.315,7.283,7.053,6.965,4.539,7.443,7.307,7.224,7.652,7.009,7.41,7.291,7.404,7.663
1009.03,28,7.016,7.636,6.922,6.826,6.173,7.113,7.005,7.174,7.126,7.519,7.284,7.223,7.055,6.956,4.575,7.394,7.278,7.208,7.669,6.999,7.529,7.295,7.353,7.65
1010.03,28,7.008,7.532,6.936,6.76,6.177,7.051,7.022,7.143,7.115,7.523,7.322,7.24,7.069,6.881,4.546,7.48,7.265,7.174,7.592,7.041,7.422,7.316,7.337,7.655
1011.03,28,6.92,7.57,6.915,6.746,6.257,7.045,7.015,7.176,7.09,7.615,7.305,7.214,7.01,6.871,4.535,7.423,7.28,7.168,7.623,7.047,7.477,7.253,7.387,7.635
1012.03,28,6.994,7.572,6.954,6.802,6.173,7.076,7.01,7.192,7.085,7.496,7.205,7.232,7.109,6.938,4.503,7.432,7.237,7.16,7.683,7.058,7.474,7.344,7.343,7.679
1013.03,28,6.903,7.6,6.906,6.792,6.216,7.093,7.037,7.179,7.117,7.511,7.236,7.261,7.073,6.865,4.507,7.448,7.247,7.173,7.628,7.085,7.461,7.274,7.366,7.647
1014.03,28,6.951,7.616,6.956,6.808,6.219,7.024,7.102,7.166,7.127,7.524,7.264,7.274,7.044,6.832,4.55,7.481,7.281,7.195,7.582,7.078,7.471,7.31,7.374,7.639
1015.03,28,6.922,7.646,6.927,6.815,6.186,7.099,7.005,7.242,7.094,7.524,7.256,7.245,6.979,6.983,4.581,7.397,7.232,7.212,7.692,6.994,7.378,7.254,7.364,7.625
1016.03,28,6.993,7.585,6.957,6.798,6.148,7.126,6.999,7.214,7.126,7.532,7.301,7.169,6.992,6.898,4.522,7.441,7.231,7.179,7.654,7.066,7.47,7.325,7.402,7.632
1017.03,28,6.884,7.561,6.984,6.743,6.111,7.094,6.999,7.202,7.115,7.475,7.255,7.227,7.004,6.927,4.439,7.402,7.27,7.193,7.611,7.04,7.451,7.26,7.338,7.608
1018.03,28,7.01,7.593,6.902,6.804,6.173,7.111,7.007,7.166,7.125,7.501,7.222,7.189,7.13,6.922,4.494,7.473,7.259,7.171,7.684,6.991,7.505,7.294,7.304,7.635
1019.03,28,6.929,7.594,6.98,6.753,6.171,7.056,7.013,7.199,7.158,7.508,7.181,7.237,7.045,6.841,4.534,7.373,7.252,7.217,7.64,7.042,7.464,7.325,7.364,7.619
1020.03,28,7.007,7.638,6.953,6.76,6.245,7.134,6.965,7.161,7.065,7.567,7.224,7.184,7.075,6.928,4.427,7.449,7.266,7.121,7.602,7.006,7.476,7.312,7.369,7.624
1021.03,28,6.958,7.52,6.956,6.782,6.177,7.015,6.988,7.16,7.168,7.512,7.261,7.264,6.97,6.907,4.536,7.391,7.221,7.135,7.619,6.978,7.453,7.307,7.343,7.67
1022.03,28,6.956,7.546,6.88,6.89,6.175,7.093,6.985,7.196,7.127,7.477,7.298,7.184,7.098,6.856,4.518,7.38,7.23,7.174,7.595,7.035,7.451,7.298,7.355,7.599
1023.03,28,6.957,7.57,6.855,6.722,6.183,7.046,7.011,7.198,7.097,7.47,7.328,7.208,7.026,6.941,4.484,7.431,7.279,7.142,7.57,7.055,7.418,7.326,7.336,7.648
1024.03,28,6.963,7.551,6.941,6.747,6.138,7.025,6.999,7.23,7.065,7.518,7.289,7.213,6.978,6.921,4.513,7.431,7.262,7.184,7.59,6.976,7.437,7.341,7.325,7.705
1025.03,28,6.947,7.559,6.863,6.759,6.203,7.099,7.039,7.199,7.081,7.498,7.278,7.168,6.994,6.869,4.503,7.464,7.267,7.153,7.662,7.088,7.502,7.265,7.434,7.663
1026.03,28,6.979,7.55,6.914,6.803,6.119,7.051,7.031,7.251,7.127,7.536,7.308,7.226,7.01,6.909,4.473,7.418,7.235,7.162,7.589,6.998,7.449,7.219,7.379,7.567
1027.03,28,6.891,7.555,6.911,6.806,6.173,7.03,7.012,7.157,7.079,7.59,7.18,7.133,7.041,6.901,4.438,7.43,7.327,7.184,7.566,6.954,7.5,7.333,7.369,7.674
1028.03,28,6.963,7.607,6.79,6.846,6.119,7.09,7.029,7.2,7.143,7.499,7.264,7.213,7.031,6.878,4.475,7.419,7.255,7.116,7.635,7.04,7.465,7.298,7.407,7.555
1029.03,28,6.859,7.559,6.931,6.796,6.095,7.075,7.001,7.223,7.108,7.542,7.27,7.195,7.007,6.853,4.49,7.392,7.189,7.177,7.622,7.02,7.396,7.278,7.347,7.608
1030.03,28,6.923,7.61,6.91,6.773,6.13,7.052,6.947,7.159,7.107,7.563,7.169,7.211,6.999,6.9,4.435,7.513,7.23,7.128,7.639,6.997,7.504,7.309,7.215,7.628
1031.03,28,6.914,7.588,6.916,6.783,6.136,7.038,6.934,7.185,7.073,7.603,7.282,7.22,6.972,6.911,4.462,7.393,7.21,7.12,7.597,6.954,7.458,7.276,7.304,7.662
1032.03,28,6.937,7.562,6.919,6.741,6.167,6.966,7.038,7.192,7.144,7.516,7.226,7.222,7.018,6.884,4.502,7.451,7.186,7.125,7.554,7.056,7.464,7.265,7.361,7.635
1033.03,28,6.917,7.585,6.87,6.797,6.088,7.049,7.038,7.184,7.105,7.56,7.161,7.242,7.005,6.931,4.431,7.373,7.251,7.182,7.558,6.98,7.43,7.237,7.338,7.606
1034.03,28,6.911,7.539,6.936,6.759,6.138,6.981,7.04,7.148,7.177,7.528,7.233,7.229,7.074,6.889,4.439,7.394,7.168,7.232,7.629,7.004,7.491,7.269,7.335,7.664
1035.03,28,6.955,7.591,6.913,6.784,6.116,7.045,6.959,7.133,7.074,7.488,7.226,7.233,7.023,6.982,4.462,7.376,7.26,7.104,7.61,7.018,7.471,7.278,7.331,7.639
1036.03,28,6.965,7.56,6.823,6.786,6.187,7.089,6.99,7.219,7.151,7.517,7.254,7.163,7.046,6.941,4.453,7.388,7.209,7.194,7.575,7.001,7.37,7.377,7.311,7.581
1037.03,28,6.929,7.51,6.965,6.76,6.103,7.027,7.066,7.238,7.051,7.545,7.252,7.258,6.986,6.838,4.505,7.366,7.267,7.172,7.619,6.994,7.428,7.249,7.344,7.569
1038.03,28,6.943,7.526,6.95,6.844,6.11,7.032,7.004,7.223,7.176,7.517,7.259,7.18,7.064,6.886,4.395,7.441,7.33,7.151,7.55,6.987,7.413,7.319,7.322,7.666
1039.03,28,6.886,7.529,6.874,6.788,6.088,6.983,6.982,7.174,7.154,7.506,7.217,7.235,7.01,6.903,4.495,7.412,7.255,7.085,7.603,6.994,7.374,7.291,7.368,7.617
1040.03,28,6.965,7.526,6.894,6.758,6.124,7.111,6.982,7.153,7.06,7.534,7.223,7.17,7.004,6.938,4.491,7.411,7.264,7.172,7.55,6.99,7.428,7.283,7.339,7.619
1041.03,28,6.892,7.496,6.91,6.704,6.133,7.03,7.053,7.205,7.076,7.501,7.282,7.2,7.011,6.833,4.557,7.376,7.177,7.14,7.628,7.011,7.47,7.194,7.334,7.602
1042.03,28,6.979,7.535,6.866,6.764,6.172,7.026,7.034,7.155,7.045,7.467,7.288,7.162,6.986,6.864,4.501,7.375,7.328,7.201,7.591,7.02,7.457,7.222,7.405,7.654
1043.03,28,6.981,7.528,6.877,6.689,6.103,7.021,7.016,7.234,7.127,7.514,7.289,7.168,6.962,6.882,4.476,7.469,7.247,7.202,7.618,6.967,7.387,7.327,7.359,7.617
1044.03,28,6.877,7.595,6.87,6.775,6.18,7.009,6.985,7.139,7.044,7.554,7.214,7.199,7.028,6.86,4.499,7.358,7.285,7.184,7.624,6.921,7.439,7.297,7.358,7.601
1045.03,28,6.909,7.541,6.865,6.76,6.098,7.019,6.984,7.138,7.042,7.566,7.192,7.266,7.025,6.985,4.474,7.37,7.239,7.14,7.603,6.975,7.379,7.284,7.336,7.598
1046.03,28,6.895,7.568,6.921,6.772,6.247,6.954,6.984,7.07,7.126,7.508,7.209,7.157,6.974,6.919,4.405,7.408,7.223,7.076,7.574,6.919,7.4,7.225,7.317,7.657
1047.03,28,6.95,7.571,6.825,6.77,6.168,7.095,7.027,7.13,7.032,7.46,7.233,7.264,7.05,6.889,4.523,7.412,7.263,7.164,7.623,7.011,7.436,7.324,7.289,7.638
1048.03,28,6.882,7.547,6.883,6.77,6.187,7.005,6.986,7.135,7.063,7.448,7.258,7.236,6.992,6.846,4.471,7.4,7.202,7.147,7.573,6.94,7.345,7.241,7.279,7.624
1049.03,28,6.946,7.52,6.872,6.75,6.138,7.049,7.054,7.139,7.047,7.467,7.193,7.229,7.069,6.839,4.454,7.359,7.166,7.208,7.619,6.922,7.412,7.269,7.287,7.637
1050.03,28,6.94,7.507,6.88,6.764,6.171,7.075,6.979,7.216,7.068,7.453,7.228,7.201,6.966,6.901,4.487,7.319,7.205,7.113,7.578,6.975,7.403,7.256,7.319,7.617
1051.03,28,6.945,7.506,6.918,6.818,6.158,7.016,6.957,7.195,6.983,7.478,7.216,7.202,6.983,6.888,4.475,7.323,7.25,7.144,7.612,6.971,7.4,7.312,7.234,7.566
1052.03,28,6.932,7.51,6.888,6.728,6.169,7.071,6.997,7.131,7.127,7.519,7.225,7.181,6.989,6.874,4.45,7.378,7.223,7.064,7.564,6.964,7.448,7.265,7.278,7.663
1053.03,28,6.954,7.554,6.865,6.663,6.141,6.971,6.925,7.147,7.057,7.49,7.237,7.181,6.934,6.839,4.479,7.352,7.245,7.069,7.586,7,7.35,7.3,7.341,7.655
1054.03,28,6.934,7.487,6.871,6.787,6.137,6.991,6.981,7.229,7.079,7.496,7.19,7.21,6.998,6.861,4.417,7.372,7.145,7.172,7.584,6.967,7.335,7.27,7.372,7.574
1055.03,28,6.958,7.543,6.848,6.749,6.114,7.061,7.012,7.196,7.057,7.484,7.248,7.225,6.98,6.808,4.511,7.336,7.238,7.042,7.564,7.034,7.351,7.264,7.309,7.611
1056.03,28,6.944,7.471,6.866,6.757,6.09,7.064,6.913,7.189,7.03,7.538,7.195,7.171,6.99,6.863,4.451,7.314,7.195,7.098,7.537,6.95,7.464,7.272,7.297,7.545
1057.03,28,6.908,7.58,6.894,6.685,6.147,6.982,6.886,7.175,7.073,7.445,7.193,7.2,6.992,6.799,4.467,7.386,7.197,7.097,7.592,6.937,7.414,7.24,7.294,7.593
1058.03,28,6.92,7.522,6.856,6.724,6.137,7.007,6.947,7.121,6.991,7.455,7.236,7.192,6.972,6.902,4.518,7.387,7.199,7.166,7.618,6.933,7.377,7.286,7.393,7.548
1059.03,28,6.954,7.532,6.873,6.747,6.071,7.02,6.972,7.183,7.055,7.477,7.262,7.236,6.985,6.841,4.417,7.348,7.24,7.122,7.629,6.895,7.433,7.257,7.315,7.67
1060.03,28,6.934,7.514,6.896,6.682,6.157,7.039,7.014,7.217,7.063,7.485,7.25,7.236,6.97,6.915,4.464,7.341,7.239,7.169,7.579,6.931,7.375,7.214,7.308,7.548
1061.03,28,6.891,7.485,6.873,6.745,6.136,6.977,6.915,7.091,7.037,7.478,7.197,7.189,7.037,6.859,4.463,7.39,7.199,7.141,7.5,6.982,7.404,7.317,7.315,7.612
1062.03,28,6.891,7.554,6.898,6.702,6.187,7.043,6.977,7.198,6.978,7.475,7.241,7.156,6.932,6.826,4.473,7.404,7.225,7.232,7.569,6.993,7.361,7.288,7.221,7.603
1063.03,28,6.844,7.499,6.901,6.776,6.239,6.968,6.969,7.214,7.072,7.445,7.18,7.16,6.954,6.857,4.55,7.309,7.098,7.026,7.567,6.963,7.405,7.284,7.284,7.672
1064.03,28,6.89,7.514,6.821,6.767,6.114,7.076,7.002,7.155,7.028,7.49,7.156,7.201,6.985,6.891,4.503,7.386,7.204,7.108,7.552,6.965,7.38,7.236,7.329,7.577
1065.03,28,6.85,7.535,6.909,6.737,6.083,7.035,6.997,7.154,7.062,7.461,7.206,7.19,7.051,6.882,4.449,7.365,7.225,7.119,7.547,6.986,7.368,7.261,7.353,7.574
1066.03,28,6.843,7.473,6.875,6.732,6.091,6.998,6.991,7.145,7.022,7.509,7.22,7.153,6.96,6.863,4.444,7.346,7.209,7.081,7.528,6.912,7.389,7.221,7.239,7.583
1067.03,28,6.929,7.553,6.869,6.766,6.082,7.073,6.956,7.131,7.07,7.501,7.199,7.175,7,6.835,4.48,7.329,7.186,7.101,7.561,7.005,7.427,7.252,7.336,7.626
1068.03,28,6.895,7.48,6.847,6.656,6.11,7.015,6.943,7.143,7.05,7.514,7.172,7.154,6.969,6.779,4.449,7.351,7.221,7.101,7.571,6.947,7.346,7.193,7.312,7.572
1069.03,28,6.902,7.532,6.903,6.763,6.141,6.965,6.947,7.174,7.009,7.498,7.211,7.151,6.963,6.806,4.486,7.355,7.162,7.172,7.533,6.966,7.335,7.321,7.294,7.624
1070.03,28,6.874,7.532,6.823,6.718,6.14,7.044,6.919,7.132,7.021,7.446,7.172,7.164,6.927,6.847,4.476,7.287,7.198,7.179,7.562,6.867,7.363,7.238,7.314,7.544
1071.03,28,6.913,7.59,6.848,6.74,6.109,7.012,7.014,7.176,7.043,7.433,7.259,7.185,6.964,6.823,4.471,7.215,7.227,7.049,7.591,6.921,7.353,7.227,7.265,7.488
1072.03,28,6.893,7.504,6.889,6.729,6.102,6.989,6.96,7.156,7.026,7.464,7.254,7.139,6.979,6.873,4.455,7.355,7.164,7.153,7.544,6.939,7.357,7.294,7.293,7.538
1073.03,28,6.91,7.468,6.863,6.786,6.14,6.981,6.929,7.136,7.071,7.454,7.179,7.193,6.913,6.86,4.468,7.343,7.204,7.152,7.585,6.927,7.386,7.305,7.265,7.525
1074.03,28,6.885,7.527,6.868,6.741,6.129,7.028,6.979,7.139,7.048,7.468,7.194,7.137,7.008,6.841,4.448,7.405,7.257,7.129,7.583,6.968,7.36,7.244,7.273,7.581
1075.03,28,6.864,7.547,6.863,6.755,6.089,7.061,6.988,7.152,7.01,7.462,7.186,7.205,7.026,6.782,4.485,7.269,7.263,7.073,7.58,6.921,7.335,7.236,7.291,7.596
1076.03,28,6.874,7.521,6.851,6.685,6.107,6.98,6.908,7.078,7.058,7.377,7.199,7.17,6.967,6.828,4.491,7.338,7.247,7.101,7.512,6.927,7.341,7.259,7.286,7.554
1077.03,28,6.889,7.574,6.835,6.683,6.053,7.023,6.995,7.162,7.035,7.436,7.228,7.138,6.989,6.823,4.478,7.33,7.192,7.102,7.579,6.914,7.374,7.23,7.309,7.598
1078.03,28,6.897,7.523,6.817,6.753,6.056,6.957,6.976,7.113,7.06,7.5,7.237,7.193,6.948,6.82,4.44,7.314,7.179,7.07,7.565,7.008,7.385,7.276,7.276,7.531
1079.03,28,6.924,7.527,6.849,6.734,6.039,7.037,6.912,7.174,7.016,7.447,7.185,7.13,6.936,6.788,4.462,7.355,7.168,7.075,7.541,6.899,7.35,7.247,7.249,7.589
1080.03,28,6.876,7.483,6.831,6.597,6.067,6.959,7.008,7.085,7.068,7.37,7.2,7.141,6.991,6.779,4.487,7.344,7.183,7.057,7.539,6.918,7.358,7.228,7.255,7.602
1081.03,28,6.89,7.475,6.861,6.744,6.06,7.059,6.929,7.12,7.045,7.467,7.162,7.191,6.933,6.791,4.456,7.353,7.222,7.088,7.534,6.892,7.312,7.23,7.292,7.588
1082.03,28,6.876,7.499,6.839,6.748,6.12,7.011,6.93,7.138,6.988,7.45,7.198,7.16,6.948,6.822,4.412,7.25,7.207,7.124,7.515,6.958,7.386,7.231,7.261,7.563
1083.03,28,6.912,7.509,6.817,6.742,6.1,7.038,6.95,7.194,7.041,7.447,7.267,7.188,6.951,6.79,4.46,7.258,7.19,7.154,7.488,6.964,7.351,7.226,7.275,7.569
1084.03,28,6.903,7.468,6.857,6.766,6.137,6.903,6.974,7.193,6.983,7.423,7.203,7.074,6.866,6.835,4.476,7.348,7.147,7.087,7.534,7.033,7.374,7.201,7.277,7.556
1085.03,28,6.902,7.452,6.855,6.68,6.157,7.018,6.985,7.158,6.969,7.416,7.182,7.18,6.99,6.793,4.493,7.378,7.174,7.135,7.542,6.948,7.423,7.252,7.313,7.651
1086.03,28,6.903,7.555,6.879,6.697,6.086,6.966,6.988,7.131,7.02,7.444,7.186,7.158,6.972,6.788,4.471,7.345,7.194,7.128,7.571,6.858,7.439,7.267,7.264,7.608
1087.03,28,6.89,7.479,6.866,6.715,6.107,7.001,6.945,7.157,7.004,7.442,7.222,7.17,7.001,6.799,4.462,7.335,7.194,7.118,7.597,6.948,7.333,7.185,7.248,7.571
1088.03,28,6.861,7.498,6.884,6.749,6.037,7.019,6.914,7.062,7.059,7.431,7.147,7.158,6.93,6.865,4.49,7.344,7.21,7.053,7.623,6.894,7.369,7.255,7.243,7.533
1089.03,28,6.881,7.503,6.866,6.695,6.154,6.971,6.935,7.138,7.046,7.425,7.141,7.139,6.986,6.831,4.478,7.385,7.142,7.07,7.538,6.883,7.406,7.219,7.191,7.621
1090.03,28,6.945,7.526,6.85,6.761,6.094,6.971,6.943,7.103,7.048,7.477,7.179,7.181,6.977,6.838,4.445,7.311,7.226,7.059,7.572,6.943,7.406,7.223,7.294,7.578
1091.03,28,6.873,7.448,6.823,6.654,6.107,7.055,6.934,7.125,7.008,7.441,7.238,7.209,6.912,6.796,4.466,7.323,7.186,7.114,7.422,6.938,7.411,7.217,7.302,7.636
1092.03,28,6.872,7.504,6.79,6.698,6.065,6.976,6.971,7.095,7.025,7.406,7.111,7.125,6.922,6.823,4.457,7.323,7.191,7.028,7.597,6.916,7.308,7.256,7.253,7.549
1093.03,28,6.858,7.422,6.795,6.717,6.12,6.975,6.891,7.173,6.986,7.433,7.174,7.13,6.949,6.819,4.538,7.292,7.139,7.085,7.522,6.897,7.346,7.194,7.311,7.604
1094.03,28,6.901,7.517,6.846,6.753,6.117,6.97,6.861,7.072,6.924,7.369,7.192,7.125,7.011,6.766,4.489,7.244,7.218,7.106,7.491,6.905,7.364,7.19,7.218,7.594
1095.03,28,6.844,7.463,6.902,6.734,6.104,6.987,6.931,7.147,6.999,7.365,7.198,7.102,6.951,6.81,4.514,7.288,7.161,7.114,7.578,6.882,7.359,7.208,7.262,7.589
1096.03,28,6.867,7.447,6.79,6.706,6.09,6.987,6.943,7.072,7.013,7.433,7.183,7.132,6.966,6.807,4.488,7.224,7.188,7.103,7.504,6.922,7.388,7.208,7.237,7.524
1097.03,28,6.854,7.517,6.803,6.652,6.096,7.008,6.96,7.052,7.077,7.457,7.18,7.106,6.907,6.749,4.473,7.206,7.11,7.098,7.528,6.801,7.33,7.288,7.26,7.565
1098.03,28,6.843,7.509,6.816,6.712,6.119,6.93,6.903,7.16,6.968,7.473,7.208,7.121,6.937,6.786,4.511,7.319,7.171,7.06,7.517,6.896,7.318,7.212,7.278,7.588
1099.03,28,6.883,7.479,6.836,6.687,6.05,7.02,6.922,7.097,6.972,7.419,7.179,7.062,6.896,6.856,4.501,7.322,7.211,7.128,7.535,6.866,7.333,7.253,7.229,7.55
1100.03,28,6.883,7.469,6.803,6.731,6.053,6.994,6.931,7.126,7.03,7.348,7.185,7.186,6.96,6.764,4.477,7.209,7.23,7.092,7.589,6.92,7.301,7.23,7.277,7.497
1101.03,28,6.805,7.462,6.816,6.713,6.057,6.977,6.91,7.149,6.983,7.394,7.149,7.108,6.936,6.745,4.47,7.285,7.193,7.078,7.575,6.915,7.297,7.143,7.245,7.492
1102.03,28,6.838,7.45,6.771,6.782,6.125,6.94,6.939,7.128,7.04,7.361,7.207,7.14,6.965,6.769,4.494,7.284,7.148,7.047,7.526,6.943,7.378,7.19,7.277,7.545
1103.03,28,6.854,7.472,6.821,6.713,6.061,6.926,6.947,7.223,6.95,7.377,7.135,7.172,6.979,6.776,4.502,7.214,7.093,7.089,7.503,6.929,7.29,7.242,7.249,7.56
1104.03,28,6.865,7.459,6.866,6.649,6.108,6.957,6.935,7.088,6.997,7.444,7.217,7.19,6.918,6.691,4.484,7.254,7.213,7.061,7.546,6.863,7.336,7.163,7.2,7.469
1105.03,28,6.876,7.423,6.862,6.739,6.051,6.973,6.885,7.087,6.948,7.387,7.158,7.095,6.913,6.818,4.416,7.241,7.151,7.098,7.53,6.922,7.316,7.206,7.257,7.505
1106.03,28,6.849,7.39,6.798,6.628,6.085,7.034,6.907,7.14,6.968,7.429,7.153,7.159,6.89,6.782,4.509,7.25,7.171,7.077,7.579,6.946,7.361,7.185,7.257,7.529
1107.03,28,6.88,7.48,6.856,6.667,6.059,6.962,6.902,7.143,7.009,7.367,7.127,7.13,6.893,6.735,4.492,7.23,7.144,7.057,7.531,6.883,7.263,7.193,7.239,7.555
1108.03,28,6.845,7.456,6.886,6.612,6.138,7.006,6.94,7.14,7.016,7.373,7.16,7.132,6.92,6.77,4.44,7.252,7.088,7.076,7.497,6.856,7.384,7.191,7.265,7.519
1109.03,28,6.829,7.449,6.8,6.632,6.109,6.993,6.908,7.064,6.992,7.428,7.1,7.161,6.926,6.799,4.492,7.275,7.188,7.028,7.489,6.948,7.314,7.177,7.288,7.543
1110.03,28,6.864,7.393,6.81,6.671,6.099,6.944,6.891,7.125,7.038,7.347,7.102,7.067,6.931,6.78,4.462,7.256,7.138,7.08,7.499,6.916,7.242,7.16,7.265,7.499
1111.03,28,6.85,7.496,6.755,6.693,6.061,6.982,6.902,7.064,6.98,7.374,7.138,7.102,6.945,6.732,4.436,7.296,7.17,7.065,7.578,6.843,7.401,7.208,7.27,7.642
1112.03,28,6.783,7.482,6.722,6.69,6.103,6.975,6.882,7.099,6.935,7.457,7.147,7.12,6.886,6.865,4.481,7.213,7.211,7.074,7.471,6.901,7.353,7.176,7.256,7.538
1113.03,28,6.89,7.437,6.839,6.729,6.073,6.998,6.89,7.058,6.984,7.341,7.093,7.148,6.944,6.738,4.516,7.296,7.134,7.067,7.535,6.893,7.371,7.197,7.231,7.487
1114.03,28,6.836,7.451,6.846,6.647,6.105,7.018,6.912,7.101,6.982,7.446,7.104,7.132,6.915,6.818,4.474,7.255,7.182,7.089,7.548,6.855,7.296,7.106,7.257,7.572
1115.03,28,6.847,7.492,6.804,6.635,6.117,6.895,6.912,7.032,7.055,7.439,7.069,7.124,6.894,6.76,4.482,7.265,7.135,6.997,7.557,6.87,7.335,7.2,7.209,7.543
1116.03,28,6.866,7.461,6.882,6.732,6.109,6.942,6.928,7.15,6.957,7.368,7.154,7.115,6.909,6.805,4.511,7.291,7.14,7.079,7.532,6.856,7.343,7.18,7.213,7.486
1117.03,28,6.827,7.417,6.779,6.611,6.025,6.945,6.987,7.093,6.942,7.393,7.183,7.19,6.889,6.783,4.525,7.279,7.039,7.069,7.481,6.862,7.298,7.176,7.159,7.553
1118.03,28,6.765,7.47,6.842,6.752,6.128,6.906,6.974,7.057,6.923,7.39,7.128,7.06,6.953,6.674,4.54,7.221,7.121,7.074,7.47,6.893,7.298,7.16,7.206,7.51
1119.03,28,6.845,7.471,6.807,6.684,6.081,6.995,6.916,7.107,7.036,7.389,7.164,7.124,6.93,6.761,4.425,7.297,7.13,7.048,7.571,6.827,7.285,7.201,7.193,7.472
1120.03,28,6.826,7.462,6.76,6.666,6.067,6.971,6.859,7.008,6.937,7.343,7.13,7.128,6.883,6.755,4.484,7.242,7.096,7.072,7.492,6.893,7.363,7.281,7.217,7.527
1121.03,28,6.801,7.418,6.825,6.696,6.148,6.985,6.885,7.154,6.957,7.428,7.111,7.116,6.926,6.702,4.432,7.24,7.098,7.092,7.553,6.858,7.342,7.232,7.243,7.518
1122.03,28,6.785,7.49,6.834,6.604,6.088,6.989,6.885,7.012,7.028,7.346,7.161,7.106,6.933,6.751,4.493,7.287,7.149,7.112,7.555,6.893,7.332,7.183,7.149,7.506
1123.03,28,6.746,7.534,6.781,6.711,6.168,6.967,6.889,7.135,6.966,7.357,7.125,7.21,6.838,6.759,4.503,7.107,7.109,7.058,7.536,6.933,7.331,7.171,7.231,7.512
1124.03,28,6.775,7.379,6.832,6.579,6.071,6.989,6.879,7.083,6.931,7.325,7.163,7.125,6.952,6.732,4.516,7.232,7.184,7.051,7.5,6.874,7.298,7.228,7.287,7.519
1125.03,28,6.816,7.396,6.815,6.632,6.047,6.939,6.897,7.162,6.909,7.437,7.116,7.147,6.883,6.772,4.574,7.222,7.123,7.045,7.5,6.864,7.305,7.171,7.245,7.536
1126.03,28,6.88,7.489,6.823,6.627,6.103,6.911,6.904,7.137,6.918,7.373,7.092,7.113,6.919,6.75,4.531,7.211,7.126,7.02,7.518,6.865,7.263,7.163,7.204,7.517
1127.03,28,6.827,7.458,6.784,6.624,6.117,6.987,6.872,7.074,6.913,7.37,7.093,7.09,6.953,6.818,4.519,7.221,7.125,6.965,7.532,6.859,7.333,7.159,7.251,7.465
1128.03,28,6.78,7.41,6.798,6.646,6.08,6.961,6.864,7.081,6.972,7.417,7.142,7.059,6.927,6.71,4.453,7.232,7.139,7.103,7.53,6.871,7.343,7.135,7.208,7.51
1129.03,28,6.779,7.488,6.764,6.605,6.107,6.956,6.901,7.087,6.915,7.45,7.163,7.048,6.905,6.737,4.507,7.157,7.154,7.008,7.509,6.868,7.295,7.148,7.207,7.522
1130.03,28,6.854,7.409,6.819,6.623,6.105,6.913,6.906,7.098,6.937,7.374,7.124,7.11,6.86,6.778,4.479,7.278,7.182,7.033,7.575,6.843,7.285,7.184,7.198,7.515
1131.03,28,6.841,7.435,6.851,6.675,6.057,6.954,6.889,7.087,6.943,7.365,7.102,7.092,6.926,6.762,4.46,7.243,7.203,7.132,7.454,6.874,7.276,7.132,7.298,7.495
1132.03,28,6.848,7.435,6.817,6.694,6.114,6.958,6.896,7.031,6.95,7.407,7.121,7.144,6.913,6.775,4.469,7.251,7.115,7.058,7.532,6.847,7.309,7.134,7.247,7.492
1133.03,28,6.783,7.422,6.817,6.602,6.072,6.957,6.898,7.062,6.951,7.305,7.032,7.149,6.873,6.789,4.507,7.24,7.094,6.974,7.474,6.844,7.296,7.198,7.208,7.603
1134.03,28,6.832,7.449,6.804,6.627,6.06,6.978,6.871,7.133,6.934,7.353,7.107,7.049,6.826,6.762,4.504,7.242,7.107,7.075,7.483,6.851,7.296,7.169,7.139,7.511
1135.03,28,6.781,7.361,6.764,6.652,6.048,6.959,6.811,7.07,6.982,7.365,7.136,7.144,6.918,6.787,4.423,7.227,7.152,7.009,7.551,6.877,7.292,7.142,7.211,7.461
1136.03,28,6.811,7.427,6.76,6.672,6.041,6.908,6.829,7.099,6.921,7.351,7.124,7.162,6.852,6.769,4.457,7.25,7.017,7.077,7.444,6.892,7.292,7.177,7.158,7.472
1137.03,28,6.805,7.436,6.788,6.677,6.096,6.98,6.919,7.121,7.05,7.312,7.068,7.167,6.858,6.751,4.533,7.226,7.139,7.091,7.528,6.801,7.291,7.157,7.259,7.488
1138.03,28,6.84,7.479,6.722,6.654,6.083,6.949,6.847,7.109,7.009,7.382,7.13,7.084,6.853,6.746,4.442,7.209,6.967,7.072,7.503,6.861,7.327,7.195,7.13,7.516
1139.03,28,6.819,7.429,6.767,6.617,6.039,6.931,6.949,7.098,6.916,7.383,7.086,7.085,6.855,6.75,4.539,7.221,7.076,7.06,7.555,6.824,7.259,7.116,7.214,7.493
1140.03,28,6.837,7.427,6.812,6.635,6.074,6.954,6.901,7.088,6.938,7.373,7.07,7.048,6.882,6.757,4.463,7.209,7.125,7.067,7.547,6.865,7.277,7.218,7.19,7.523
1141.03,28,6.826,7.381,6.784,6.637,6.093,6.96,6.849,7.01,6.917,7.354,7.074,7.118,6.889,6.761,4.52,7.215,7.091,7.025,7.43,6.872,7.322,7.206,7.199,7.526
1142.03,28,6.813,7.372,6.743,6.569,6.099,6.943,6.912,7.105,6.932,7.359,7.155,7.101,6.92,6.763,4.44,7.226,7.117,7.035,7.48,6.823,7.296,7.167,7.182,7.492
1143.03,28,6.728,7.367,6.761,6.628,6.079,6.997,6.846,7.006,6.946,7.372,7.096,7.102,6.898,6.739,4.492,7.22,7.122,7.052,7.468,6.861,7.279,7.162,7.217,7.517
1144.03,28,6.882,7.456,6.752,6.658,6.077,6.938,6.913,7.126,6.918,7.364,7.087,7.016,6.861,6.745,4.477,7.229,7.119,7.063,7.458,6.877,7.306,7.174,7.214,7.506
1145.03,28,6.762,7.432,6.773,6.699,6.044,6.941,6.879,7.065,6.877,7.36,7.07,7.147,6.853,6.739,4.447,7.243,7.052,7.05,7.468,6.836,7.244,7.152,7.237,7.547
1146.03,28,6.798,7.416,6.791,6.669,6.074,6.941,6.877,7.045,6.94,7.305,7.203,7.11,6.905,6.798,4.495,7.185,7.139,7.052,7.472,6.877,7.295,7.128,7.157,7.513
1147.03,28,6.803,7.395,6.776,6.625,6.055,6.938,6.955,7.022,6.881,7.371,7.09,7.073,6.862,6.758,4.449,7.144,7.09,6.996,7.409,6.898,7.316,7.135,7.194,7.488
1148.03,28,6.78,7.367,6.753,6.584,6.039,6.997,6.828,7.017,6.866,7.352,7.175,7.039,6.892,6.717,4.486,7.261,7.127,7.005,7.442,6.859,7.272,7.145,7.236,7.485
1149.03,28,6.775,7.432,6.754,6.678,6.079,6.98,6.82,7.026,6.911,7.366,7.081,7.046,6.894,6.782,4.497,7.162,7.097,7.012,7.479,6.828,7.276,7.152,7.197,7.443
1150.03,28,6.765,7.418,6.737,6.653,6.085,6.942,6.857,7.053,6.9,7.308,7.122,7.092,6.851,6.752,4.462,7.159,7.142,7.086,7.454,6.824,7.278,7.175,7.163,7.506
1151.03,28,6.764,7.474,6.789,6.623,6.054,6.993,6.877,7.117,6.912,7.326,7.047,7.143,6.844,6.751,4.552,7.144,7.099,7.035,7.478,6.831,7.266,7.129,7.147,7.43
1152.03,28,6.751,7.437,6.751,6.669,6.002,6.869,6.917,7.041,6.924,7.336,7.108,7.103,6.854,6.69,4.503,7.227,7.089,6.973,7.489,6.802,7.237,7.175,7.226,7.489
1153.03,28,6.787,7.429,6.718,6.705,6.051,6.966,6.779,7.067,6.918,7.212,7.135,7.123,6.877,6.722,4.55,7.173,7.118,7.02,7.522,6.761,7.26,7.111,7.144,7.502
1154.03,28,6.779,7.39,6.764,6.66,6.043,6.893,6.87,7.082,6.819,7.337,7.097,7.116,6.875,6.739,4.534,7.232,7.068,7.026,7.464,6.773,7.209,7.218,7.201,7.454
1155.03,28,6.761,7.379,6.718,6.629,6.038,6.913,6.87,7.065,6.876,7.293,7.038,7.059,6.827,6.719,4.5,7.213,7.076,7.012,7.488,6.868,7.265,7.18,7.176,7.463
1156.03,28,6.827,7.352,6.752,6.622,6.038,6.879,6.904,6.98,6.903,7.354,7.116,7.061,6.884,6.727,4.489,7.225,7.073,7.018,7.498,6.803,7.221,7.162,7.191,7.478
1157.03,28,6.766,7.433,6.724,6.599,6.116,6.958,6.874,6.998,6.875,7.361,7.069,7.081,6.797,6.749,4.47,7.161,7.031,7.012,7.517,6.784,7.31,7.147,7.161,7.458
1158.03,28,6.782,7.376,6.73,6.602,6.076,6.97,6.833,7.003,6.938,7.378,7.081,7.066,6.799,6.744,4.455,7.25,7.12,6.994,7.471,6.87,7.267,7.117,7.168,7.507
1159.03,28,6.754,7.349,6.727,6.606,6.051,6.953,6.862,7.026,6.877,7.376,7.098,7.094,6.831,6.759,4.472,7.153,7.085,6.969,7.436,6.829,7.289,7.1,7.168,7.479
1160.03,28,6.815,7.366,6.767,6.635,6.046,6.905,6.881,7.023,6.965,7.309,7.114,7.054,6.844,6.664,4.497,7.174,7.087,6.98,7.434,6.864,7.3,7.091,7.104,7.404
1161.03,28,6.732,7.407,6.736,6.613,6.063,6.903,6.819,7.055,6.856,7.289,7.097,7.083,6.9,6.718,4.517,7.147,7.045,7.017,7.471,6.839,7.281,7.168,7.248,7.575
1162.03,28,6.803,7.386,6.8,6.64,6.078,6.959,6.81,7.061,6.866,7.282,7.067,7.135,6.813,6.73,4.522,7.186,7.054,7.08,7.477,6.788,7.249,7.091,7.135,7.482
1163.03,28,6.769,7.36,6.765,6.598,6.014,6.928,6.817,7.01,6.889,7.311,6.998,7.088,6.892,6.737,4.525,7.174,7.115,6.998,7.471,6.803,7.27,7.086,7.161,7.492
1164.03,28,6.756,7.359,6.763,6.595,6.06,6.951,6.91,7.07,6.869,7.297,7.064,7.043,6.866,6.732,4.549,7.187,7.038,7.001,7.454,6.817,7.302,7.125,7.164,7.485
1165.03,28,6.756,7.358,6.783,6.585,5.982,6.984,6.81,7.125,6.865,7.296,7.119,7.102,6.87,6.778,4.526,7.113,7.058,6.992,7.486,6.814,7.259,7.126,7.204,7.488
1166.03,28,6.768,7.358,6.786,6.579,6.012,6.889,6.852,7.065,6.857,7.309,7.099,7.06,6.859,6.745,4.545,7.148,7.064,6.993,7.475,6.771,7.2,7.128,7.236,7.429
1167.03,28,6.736,7.405,6.778,6.654,5.986,6.883,6.849,7.106,6.881,7.294,7.115,7.064,6.872,6.717,4.523,7.087,7.09,7.081,7.469,6.844,7.228,7.155,7.18,7.48
1168.03,28,6.76,7.371,6.69,6.618,6.04,6.973,6.83,7.026,6.944,7.323,7.071,7.105,6.822,6.673,4.484,7.112,7.109,6.94,7.44,6.756,7.257,7.132,7.203,7.463
1169.03,28,6.779,7.361,6.789,6.592,6.078,6.971,6.869,7.024,6.855,7.332,7.064,7.123,6.853,6.699,4.508,7.107,7.161,7.046,7.461,6.827,7.24,7.067,7.174,7.466
1170.03,28,6.755,7.366,6.75,6.616,5.99,6.958,6.837,7.071,6.926,7.383,7.08,7.072,6.767,6.746,4.466,7.104,7.106,6.974,7.453,6.759,7.288,7.14,7.154,7.522
1171.03,28,6.672,7.388,6.807,6.614,6.039,6.945,6.816,7.064,6.912,7.314,7.083,7.008,6.862,6.696,4.483,7.1,7.072,7.026,7.442,6.787,7.335,7.046,7.182,7.44
1172.03,28,6.808,7.349,6.756,6.546,6.035,6.936,6.82,7.001,6.914,7.297,7.136,6.995,6.87,6.686,4.522,7.158,7.065,7.03,7.418,6.795,7.261,7.151,7.108,7.498
1173.03,28,6.75,7.356,6.763,6.622,6.033,6.883,6.766,7.031,6.935,7.279,7.081,7.014,6.813,6.667,4.485,7.174,7.022,6.991,7.472,6.792,7.236,7.119,7.149,7.456
1174.03,28,6.803,7.371,6.809,6.598,6.028,6.906,6.861,6.93,6.907,7.333,7.031,7.118,6.872,6.747,4.498,7.101,7.091,7.01,7.478,6.825,7.174,7.104,7.178,7.45
1175.03,28,6.708,7.372,6.703,6.643,6.01,6.941,6.822,7.05,6.889,7.29,7.064,7.092,6.813,6.767,4.558,7.131,7.04,6.988,7.446,6.812,7.266,7.132,7.166,7.419
1176.03,28,6.739,7.386,6.76,6.605,5.975,6.898,6.848,7.02,6.867,7.298,7.031,7.101,6.853,6.688,4.439,7.15,7.024,6.984,7.455,6.731,7.285,7.132,7.232,7.458
1177.03,28,6.777,7.332,6.705,6.631,5.956,6.907,6.834,7.062,6.863,7.27,7.024,7.049,6.795,6.695,4.455,7.094,7.007,6.989,7.473,6.764,7.213,7.108,7.194,7.418
1178.03,28,6.772,7.376,6.697,6.578,6.017,6.889,6.841,6.997,6.932,7.251,7.052,7.019,6.876,6.698,4.481,7.129,7.105,7.006,7.437,6.81,7.296,7.106,7.09,7.462
1179.03,28,6.73,7.329,6.715,6.612,6.038,6.933,6.808,6.983,6.889,7.318,7.022,7.103,6.814,6.785,4.493,7.101,7.087,7.023,7.425,6.768,7.26,7.09,7.232,7.484
1180.03,28,6.738,7.282,6.687,6.564,6.033,6.927,6.849,7,6.841,7.317,7.099,7.046,6.854,6.678,4.52,7.039,7.178,6.964,7.449,6.783,7.282,7.1,7.135,7.48
1181.03,28,6.78,7.365,6.749,6.584,6.023,6.859,6.83,7.043,6.854,7.297,7.037,7.049,6.84,6.649,4.478,7.09,7.029,6.957,7.413,6.793,7.255,7.104,7.132,7.441
1182.03,28,6.789,7.392,6.721,6.537,5.98,6.882,6.839,7.023,6.907,7.318,7.059,7.092,6.846,6.755,4.52,7.07,7.05,7.03,7.452,6.747,7.184,7.108,7.158,7.476
1183.03,28,6.721,7.333,6.73,6.586,6.034,6.965,6.762,6.993,6.898,7.352,7.042,7.001,6.765,6.736,4.501,7.122,7.016,6.989,7.422,6.776,7.233,7.121,7.116,7.417
1184.03,28,6.703,7.34,6.683,6.547,5.965,6.851,6.812,7.037,6.9,7.195,7.034,7.048,6.824,6.694,4.509,7.05,7.074,6.967,7.446,6.704,7.307,7.053,7.119,7.41
1185.03,28,6.675,7.335,6.709,6.614,6.008,6.875,6.76,7.018,6.843,7.299,7.049,6.998,6.798,6.697,4.447,7.109,7.103,7.053,7.416,6.802,7.283,7.14,7.087,7.505
1186.03,28,6.699,7.328,6.724,6.562,5.959,6.91,6.794,7.023,6.953,7.226,7.035,7.029,6.787,6.651,4.52,7.096,7.038,6.984,7.419,6.752,7.239,7.088,7.135,7.457
1187.03,28,6.672,7.385,6.674,6.601,5.989,6.879,6.774,7.038,6.837,7.341,7.145,7.088,6.874,6.691,4.48,7.067,7.039,6.959,7.396,6.769,7.156,7.16,7.141,7.419
1188.03,28,6.739,7.382,6.698,6.585,5.985,6.893,6.802,7.041,6.859,7.312,7.048,7.047,6.847,6.662,4.496,7.122,7.069,6.987,7.488,6.767,7.313,7.043,7.134,7.44
1189.03,28,6.712,7.338,6.7,6.529,6,6.905,6.755,7.036,6.859,7.235,7.043,7.063,6.803,6.673,4.481,7.099,6.996,6.998,7.431,6.783,7.147,7.09,7.171,7.449
1190.03,28,6.69,7.3,6.712,6.581,6.019,6.928,6.857,7.071,6.841,7.295,7.05,7.086,6.876,6.717,4.516,7.11,7.002,6.962,7.382,6.827,7.233,7.133,7.078,7.349
1191.03,28,6.664,7.349,6.767,6.56,6.036,6.847,6.775,6.997,6.878,7.279,7.072,7.065,6.8,6.701,4.5,7.124,7.062,6.937,7.43,6.824,7.244,7.119,7.134,7.421
1192.03,28,6.754,7.405,6.74,6.589,5.992,6.911,6.816,7.012,6.892,7.32,7.046,7.091,6.821,6.67,4.598,7.155,7.041,6.985,7.388,6.81,7.277,7.091,7.127,7.45
1193.03,28,6.738,7.315,6.655,6.579,5.987,6.893,6.822,7.003,6.816,7.251,7.014,6.997,6.812,6.682,4.524,7.117,7.015,6.96,7.44,6.78,7.201,7.096,7.17,7.443
1194.03,28,6.731,7.394,6.661,6.557,6.008,6.893,6.812,7.045,6.902,7.244,7.081,7.051,6.838,6.66,4.531,7.073,7.052,6.972,7.335,6.817,7.179,7.158,7.142,7.431
1195.03,28,6.721,7.392,6.651,6.574,6.042,6.826,6.806,6.974,6.818,7.254,7.049,7.04,6.827,6.658,4.555,7.096,7.074,6.989,7.435,6.748,7.22,7.045,7.138,7.474
1196.03,28,6.714,7.304,6.679,6.536,5.947,6.882,6.808,7.02,6.862,7.275,7.011,7.052,6.812,6.69,4.537,7.142,7.074,6.984,7.389,6.844,7.212,7.044,7.151,7.406
1197.03,28,6.711,7.39,6.651,6.546,5.96,6.918,6.884,7.062,6.852,7.245,6.974,6.992,6.773,6.671,4.49,7.109,7.002,6.954,7.363,6.777,7.266,7.063,7.13,7.432
1198.03,28,6.695,7.328,6.704,6.587,6.019,6.917,6.765,7.007,6.79,7.299,7.017,7.055,6.701,6.746,4.523,7.082,7.032,6.951,7.405,6.807,7.279,7.069,7.164,7.369
1199.03,28,6.679,7.281,6.69,6.597,6.021,6.846,6.775,6.993,6.794,7.258,6.992,7.046,6.819,6.655,4.556,7.167,7.011,6.98,7.397,6.74,7.202,7.105,7.132,7.426
1200.03,28,6.704,7.341,6.708,6.565,6.045,6.834,6.764,7.016,6.821,7.227,7,7.086,6.758,6.73,4.533,7.087,6.973,6.884,7.397,6.792,7.32,7.054,7.128,7.349
1201.03,28,6.73,7.326,6.73,6.521,6.026,6.858,6.734,6.994,6.811,7.224,7.038,6.999,6.768,6.67,4.489,7.152,7.056,7.03,7.414,6.76,7.215,7.066,7.121,7.378
1202.03,28,6.654,7.37,6.742,6.544,6.049,6.853,6.776,6.956,6.856,7.258,6.972,7.026,6.815,6.661,4.526,7.092,7.055,6.966,7.415,6.696,7.16,7.071,7.114,7.445
1203.03,28,6.724,7.298,6.652,6.528,5.985,6.871,6.825,6.951,6.793,7.307,7.038,7.007,6.816,6.604,4.51,7.119,7.054,6.908,7.432,6.694,7.139,7.129,7.097,7.457
1204.03,28,6.724,7.375,6.711,6.55,6.004,6.868,6.775,6.999,6.903,7.259,7.051,6.959,6.786,6.621,4.488,7.131,6.977,6.927,7.447,6.716,7.285,7.001,7.122,7.425
1205.03,28,6.685,7.307,6.642,6.527,6.05,6.892,6.856,6.937,6.876,7.281,6.998,7.056,6.824,6.697,4.481,7.099,7.054,7.051,7.296,6.78,7.204,7.149,7.127,7.388
1206.03,28,6.724,7.356,6.667,6.523,5.967,6.932,6.83,7.004,6.826,7.272,7.054,6.987,6.788,6.669,4.419,7.045,7.022,6.984,7.376,6.69,7.18,7.104,7.118,7.431
1207.03,28,6.679,7.343,6.644,6.563,5.962,6.859,6.779,7.041,6.799,7.234,6.98,6.993,6.747,6.627,4.537,7.069,6.974,6.908,7.429,6.762,7.203,7.041,7.127,7.433
1208.03,28,6.676,7.295,6.673,6.572,6.005,6.865,6.821,7.025,6.813,7.258,7.056,7.012,6.81,6.674,4.494,7.078,6.991,6.964,7.404,6.732,7.168,7.101,7.192,7.411
1209.03,28,6.673,7.312,6.658,6.534,5.937,6.894,6.773,6.986,6.827,7.27,7.035,7.009,6.741,6.66,4.561,7.073,7.007,6.972,7.411,6.748,7.204,7.067,7.181,7.435
1210.03,28,6.666,7.321,6.637,6.491,6.025,6.884,6.774,6.97,6.936,7.18,7.011,7.027,6.753,6.66,4.485,7.091,7.025,6.934,7.436,6.709,7.186,7.086,7.105,7.414
1211.03,28,6.674,7.346,6.598,6.609,5.995,6.876,6.775,7.017,6.767,7.29,6.984,6.997,6.912,6.587,4.481,7.025,7.036,6.931,7.503,6.706,7.199,7.014,7.105,7.376
1212.03,28,6.681,7.297,6.748,6.595,5.959,6.846,6.759,6.959,6.84,7.286,7.044,7.033,6.784,6.639,4.399,7.068,6.969,6.918,7.394,6.785,7.169,7.06,7.035,7.367
1213.03,28,6.707,7.345,6.671,6.543,5.971,6.861,6.74,6.96,6.825,7.232,7.016,7.022,6.831,6.693,4.518,7.082,7.008,6.94,7.431,6.714,7.216,7.011,7.169,7.359
1214.03,28,6.581,7.332,6.679,6.504,6.015,6.83,6.793,7.038,6.816,7.27,7.016,6.936,6.768,6.619,4.467,6.997,7.068,6.951,7.37,6.709,7.248,7.109,7.102,7.343
1215.03,28,6.664,7.365,6.717,6.548,5.999,6.905,6.799,6.951,6.865,7.211,7.066,6.976,6.716,6.613,4.528,7.002,7.045,6.982,7.415,6.713,7.223,6.999,7.101,7.369
1216.03,28,6.678,7.337,6.672,6.55,5.947,6.879,6.828,6.967,6.754,7.202,7.011,7.032,6.774,6.659,4.506,7.126,6.936,7.013,7.395,6.741,7.14,7.08,7.137,7.367
1217.03,28,6.715,7.283,6.619,6.509,6.005,6.858,6.74,6.978,6.836,7.332,6.999,6.986,6.82,6.624,4.506,7.052,6.982,6.924,7.383,6.761,7.204,7.033,7.086,7.403
1218.03,28,6.729,7.287,6.664,6.565,6.014,6.836,6.807,7.008,6.772,7.305,7.013,6.994,6.796,6.701,4.47,7.079,6.994,6.904,7.402,6.768,7.164,7.091,7.068,7.372
1219.03,28,6.683,7.359,6.643,6.562,5.962,6.816,6.804,7.023,6.763,7.172,6.965,7.025,6.811,6.604,4.449,7.056,6.975,6.973,7.42,6.776,7.181,7.061,7.107,7.401
1220.03,28,6.659,7.326,6.721,6.556,5.972,6.875,6.79,6.953,6.719,7.24,6.985,7.032,6.749,6.632,4.496,7.059,7.13,6.944,7.421,6.75,7.157,7.085,7.036,7.405
1221.03,28,6.614,7.294,6.608,6.515,5.95,6.844,6.816,6.955,6.783,7.22,6.963,6.941,6.765,6.614,4.583,7.142,7.071,6.953,7.375,6.708,7.206,6.988,7.091,7.383
1222.03,28,6.643,7.302,6.695,6.555,6.012,6.857,6.858,6.972,6.784,7.29,7.031,6.992,6.774,6.601,4.462,7.027,6.966,6.9,7.357,6.727,7.164,7.06,7.085,7.444
1223.03,28,6.668,7.307,6.604,6.509,5.941,6.872,6.812,7.045,6.772,7.235,6.985,7.011,6.807,6.607,4.507,7.086,7.006,6.969,7.378,6.79,7.186,7.008,7.092,7.393
1224.03,28,6.686,7.325,6.68,6.503,6.069,6.883,6.735,6.997,6.837,7.245,7.046,7.008,6.727,6.641,4.517,7.057,7.008,6.961,7.353,6.712,7.196,7.056,7.021,7.389
1225.03,28,6.617,7.35,6.719,6.554,6.016,6.875,6.807,6.942,6.848,7.307,7.027,7.006,6.729,6.641,4.483,7.056,6.974,7.031,7.36,6.743,7.146,7.03,7.058,7.44
1226.03,28,6.694,7.414,6.692,6.535,5.938,6.827,6.739,6.95,6.776,7.222,6.986,7.029,6.771,6.683,4.559,7.017,7.01,6.897,7.38,6.767,7.146,7.057,7.077,7.38
1227.03,28,6.717,7.278,6.689,6.523,5.953,6.773,6.811,6.997,6.781,7.292,6.929,6.99,6.753,6.662,4.458,7.125,6.995,6.918,7.361,6.701,7.126,7.107,7.081,7.305
1228.03,28,6.65,7.28,6.722,6.552,5.911,6.849,6.745,7.005,6.772,7.235,6.977,6.981,6.773,6.702,4.506,7.06,7.017,6.963,7.358,6.684,7.201,6.993,7.052,7.4
1229.03,28,6.768,7.277,6.627,6.516,5.96,6.941,6.738,7.001,6.789,7.242,6.981,6.965,6.808,6.599,4.485,7.019,7.023,6.879,7.402,6.697,7.16,7.045,7.066,7.404
1230.03,28,6.649,7.278,6.699,6.457,6.032,6.815,6.721,6.961,6.802,7.276,6.974,6.938,6.749,6.646,4.484,7.005,6.982,6.918,7.329,6.689,7.257,7.055,7.127,7.318
1231.03,28,6.644,7.258,6.65,6.599,5.979,6.859,6.746,6.932,6.803,7.268,7.043,6.999,6.821,6.65,4.539,7.11,6.923,6.921,7.34,6.715,7.217,7.017,7.075,7.342
1232.03,28,6.691,7.324,6.617,6.557,5.921,6.838,6.659,6.973,6.803,7.273,6.965,7.014,6.661,6.61,4.49,7.066,6.973,6.867,7.37,6.73,7.192,7.024,7.069,7.353
1233.03,28,6.629,7.345,6.65,6.501,5.959,6.868,6.808,6.973,6.794,7.261,7.027,6.987,6.807,6.615,4.511,7.089,6.984,6.946,7.352,6.781,7.089,7.01,7.097,7.41
1234.03,28,6.666,7.286,6.551,6.561,5.959,6.851,6.753,6.951,6.717,7.259,6.984,6.965,6.703,6.614,4.47,7.051,6.923,6.946,7.363,6.74,7.132,7.037,7.045,7.401
1235.03,28,6.668,7.331,6.645,6.513,5.959,6.804,6.679,7.053,6.76,7.23,7.041,6.956,6.726,6.624,4.524,7.058,6.979,6.934,7.36,6.708,7.106,7.019,7.109,7.423
1236.03,28,6.648,7.395,6.682,6.53,5.981,6.901,6.789,6.956,6.746,7.318,7.054,6.948,6.788,6.582,4.519,7.032,6.933,6.986,7.371,6.718,7.121,7.024,7.154,7.422
1237.03,28,6.651,7.259,6.616,6.452,5.932,6.829,6.76,7.037,6.825,7.279,6.985,7.019,6.824,6.629,4.507,7.065,6.938,6.93,7.374,6.717,7.229,7.079,7.061,7.367
1238.03,28,6.668,7.287,6.572,6.479,5.908,6.788,6.701,6.969,6.786,7.281,7.004,7.003,6.788,6.695,4.539,7.102,6.967,6.973,7.329,6.722,7.196,7.029,7.061,7.393
1239.03,28,6.656,7.291,6.668,6.54,5.97,6.885,6.751,6.962,6.834,7.243,7,6.957,6.849,6.62,4.51,7.051,6.947,6.908,7.44,6.689,7.224,7.097,7.115,7.319
1240.03,28,6.612,7.307,6.661,6.506,5.96,6.825,6.802,6.933,6.743,7.229,6.949,6.969,6.762,6.594,4.555,7.013,7.006,6.921,7.325,6.701,7.178,7.005,7.089,7.39
1241.03,28,6.672,7.265,6.673,6.482,5.981,6.881,6.754,6.985,6.756,7.224,6.997,6.975,6.771,6.564,4.464,7.06,6.948,6.874,7.396,6.681,7.143,6.996,7.037,7.392
1242.03,28,6.583,7.284,6.6,6.5,5.965,6.833,6.726,6.937,6.809,7.26,6.994,6.955,6.78,6.579,4.514,7.034,6.946,6.898,7.38,6.7,7.167,7.033,7.063,7.442
1243.03,28,6.644,7.233,6.635,6.49,5.999,6.796,6.76,7.015,6.815,7.294,6.988,6.931,6.768,6.615,4.553,7.071,7.025,6.976,7.345,6.679,7.12,7.05,7.113,7.376
1244.03,28,6.623,7.259,6.615,6.495,5.989,6.828,6.756,6.976,6.814,7.272,6.959,7.055,6.765,6.637,4.495,7.099,6.988,6.902,7.403,6.682,7.163,7.038,7.089,7.394
1245.03,28,6.667,7.259,6.698,6.531,5.954,6.818,6.751,6.93,6.846,7.264,6.945,6.927,6.731,6.557,4.481,7.048,6.966,6.935,7.383,6.679,7.21,7.053,7.041,7.333
1246.03,28,6.565,7.307,6.689,6.468,5.992,6.813,6.771,6.894,6.858,7.269,7.001,6.908,6.745,6.593,4.503,7.118,6.981,6.931,7.378,6.693,7.121,7.015,7.013,7.323
1247.03,28,6.668,7.279,6.655,6.449,5.927,6.851,6.712,6.989,6.846,7.306,6.916,6.965,6.8,6.567,4.434,7.002,6.979,6.876,7.365,6.682,7.124,7.056,7.033,7.361
1248.03,28,6.653,7.281,6.598,6.514,5.914,6.887,6.728,6.973,6.79,7.297,6.94,6.917,6.759,6.566,4.525,7.09,6.914,6.891,7.321,6.7,7.15,7.02,7.068,7.379
1249.03,28,6.643,7.334,6.581,6.532,5.955,6.833,6.695,6.94,6.767,7.288,6.973,6.943,6.765,6.641,4.523,7.055,6.963,6.969,7.445,6.614,7.182,6.975,7.084,7.285
1250.03,28,6.627,7.264,6.624,6.534,5.923,6.814,6.75,6.947,6.823,7.238,6.939,6.864,6.761,6.623,4.528,7.108,7.018,6.977,7.383,6.68,7.177,6.964,7.021,7.318
1251.03,28,6.65,7.289,6.663,6.475,5.944,6.838,6.763,6.988,6.802,7.245,6.98,6.943,6.755,6.535,4.561,6.989,6.974,6.925,7.286,6.748,7.168,7.036,7.068,7.35
1252.03,28,6.687,7.294,6.62,6.431,5.938,6.822,6.717,6.978,6.851,7.221,6.958,6.983,6.711,6.558,4.512,7.035,6.884,6.935,7.384,6.742,7.164,7.054,7.071,7.391
1253.03,28,6.62,7.254,6.581,6.455,6.035,6.763,6.734,7,6.84,7.218,6.974,6.976,6.699,6.594,4.452,7.108,6.957,6.903,7.348,6.638,7.196,7.017,7.125,7.357
1254.03,28,6.659,7.344,6.639,6.472,5.954,6.781,6.711,6.912,6.802,7.276,7.003,6.905,6.731,6.639,4.505,7.012,6.929,6.898,7.388,6.715,7.184,7.012,7.047,7.317
1255.03,28,6.649,7.196,6.629,6.477,5.924,6.784,6.713,6.932,6.788,7.283,6.953,6.997,6.785,6.633,4.57,7.088,6.93,6.968,7.325,6.658,7.172,6.944,7.096,7.369
1256.03,28,6.616,7.24,6.572,6.506,5.974,6.83,6.715,6.954,6.806,7.257,6.952,6.939,6.723,6.628,4.493,7.084,6.902,6.909,7.317,6.669,7.128,6.976,7.05,7.387
1257.03,28,6.573,7.302,6.675,6.51,5.865,6.839,6.731,6.91,6.876,7.248,6.973,6.966,6.753,6.632,4.507,7.014,6.98,6.867,7.322,6.667,7.15,7.049,7.051,7.296
1258.03,28,6.57,7.251,6.563,6.464,5.932,6.797,6.781,6.885,6.806,7.263,6.995,6.946,6.716,6.569,4.522,7.1,6.919,6.857,7.393,6.692,7.182,7.026,7.088,7.38
1259.03,28,6.602,7.228,6.589,6.496,5.943,6.849,6.692,6.926,6.748,7.195,6.969,6.943,6.755,6.587,4.529,7.052,6.979,6.893,7.386,6.631,7.183,6.929,7.04,7.306
1260.03,28,6.636,7.243,6.617,6.504,5.878,6.826,6.688,6.954,6.838,7.232,6.96,6.985,6.774,6.49,4.425,7.039,6.962,6.96,7.35,6.726,7.18,7.085,7.061,7.368
1261.03,28,6.615,7.218,6.623,6.508,5.876,6.794,6.769,6.93,6.808,7.315,6.895,6.993,6.743,6.631,4.568,6.996,6.931,6.896,7.388,6.662,7.108,6.991,7.063,7.312
1262.03,28,6.591,7.226,6.575,6.447,5.967,6.749,6.719,7.024,6.754,7.281,6.986,6.922,6.765,6.56,4.567,7.079,6.975,6.927,7.291,6.705,7.092,6.978,7.029,7.306
1263.03,28,6.552,7.273,6.6,6.49,6.001,6.793,6.735,6.922,6.839,7.256,6.869,6.955,6.717,6.625,4.503,7.104,6.922,6.901,7.397,6.707,7.137,7.039,7.081,7.356
1264.03,28,6.613,7.243,6.564,6.541,5.902,6.865,6.718,6.958,6.829,7.282,6.931,6.948,6.718,6.595,4.476,7.023,6.963,6.896,7.261,6.744,7.149,6.962,7.013,7.343
1265.03,28,6.58,7.25,6.649,6.469,5.891,6.788,6.671,6.962,6.826,7.248,6.975,6.97,6.652,6.627,4.545,7.064,6.921,6.878,7.323,6.627,7.122,6.975,7.069,7.322
1266.03,28,6.574,7.224,6.613,6.539,5.92,6.841,6.745,6.95,6.84,7.244,6.924,6.912,6.747,6.587,4.539,7.074,6.959,6.847,7.316,6.628,7.176,6.966,7.037,7.306
1267.03,28,6.59,7.219,6.498,6.525,5.871,6.802,6.722,6.897,6.829,7.283,6.934,6.99,6.741,6.598,4.517,7.089,6.945,6.977,7.44,6.663,7.093,6.985,6.986,7.352
1268.03,28,6.573,7.284,6.588,6.474,5.919,6.861,6.731,6.944,6.799,7.375,6.947,6.943,6.679,6.607,4.532,7.119,6.954,6.929,7.366,6.706,7.143,6.969,7.088,7.352
1269.03,28,6.644,7.23,6.532,6.493,5.895,6.843,6.66,6.878,6.771,7.298,6.929,6.892,6.7,6.62,4.573,7.038,6.963,6.864,7.369,6.655,7.151,6.971,7.029,7.283
1270.03,28,6.564,7.242,6.604,6.528,5.915,6.77,6.706,6.9,6.797,7.225,7.003,6.888,6.682,6.584,4.521,7.123,6.911,6.951,7.321,6.637,7.154,6.958,7.021,7.284
1271.03,28,6.57,7.22,6.586,6.445,5.973,6.752,6.715,6.908,6.76,7.279,6.92,6.909,6.733,6.552,4.522,7.01,6.91,6.875,7.314,6.628,7.122,7.002,7.052,7.345
1272.03,28,6.573,7.256,6.667,6.544,5.902,6.802,6.712,6.959,6.862,7.29,6.976,6.906,6.723,6.57,4.49,7.084,6.929,6.909,7.401,6.667,7.051,7.021,6.995,7.32
1273.03,28,6.565,7.261,6.554,6.531,5.904,6.777,6.7,6.922,6.857,7.262,6.917,7.002,6.728,6.613,4.485,7.058,6.948,6.874,7.404,6.747,7.132,7.003,7.054,7.321
1274.03,28,6.594,7.288,6.627,6.451,5.909,6.82,6.627,6.878,6.803,7.213,6.952,6.966,6.706,6.599,4.483,7.107,6.965,6.952,7.289,6.693,7.121,6.95,6.928,7.319
1275.03,28,6.586,7.21,6.563,6.506,5.887,6.791,6.659,6.992,6.795,7.299,6.906,6.905,6.658,6.563,4.521,7.104,6.932,6.884,7.372,6.669,7.16,7.026,7.051,7.34
1276.03,28,6.568,7.216,6.581,6.424,5.928,6.712,6.677,6.858,6.839,7.261,6.897,6.931,6.693,6.575,4.526,7.051,6.945,6.924,7.342,6.636,7.098,7.077,7.007,7.291
1277.03,28,6.637,7.34,6.596,6.509,5.931,6.802,6.711,6.963,6.791,7.209,6.915,6.968,6.688,6.55,4.519,7.094,6.881,6.888,7.33,6.628,7.157,6.983,7.049,7.328
1278.03,28,6.562,7.259,6.575,6.5,5.915,6.747,6.749,6.966,6.863,7.28,6.886,6.951,6.706,6.606,4.491,7.049,6.938,6.852,7.355,6.689,7.096,6.949,7.054,7.367
1279.03,28,6.614,7.203,6.656,6.503,5.913,6.85,6.712,6.899,6.862,7.225,6.912,6.963,6.704,6.601,4.501,7.021,6.932,6.9,7.386,6.651,7.107,6.953,7.014,7.304
1280.03,28,6.59,7.229,6.643,6.493,5.917,6.739,6.706,6.886,6.791,7.26,6.918,6.941,6.738,6.502,4.504,7.078,6.944,6.898,7.371,6.65,7.102,6.93,6.991,7.301
1281.03,28,6.557,7.212,6.616,6.456,5.889,6.753,6.66,6.874,6.804,7.244,6.987,6.93,6.661,6.546,4.486,7.016,6.929,6.926,7.33,6.62,7.138,6.999,7.031,7.319
1282.03,28,6.547,7.253,6.588,6.471,5.957,6.787,6.693,6.925,6.847,7.311,6.921,6.862,6.7,6.592,4.534,7.093,6.904,6.9,7.34,6.624,7.071,6.947,6.97,7.318
1283.03,28,6.625,7.183,6.598,6.417,5.971,6.813,6.665,6.889,6.852,7.235,6.908,6.849,6.676,6.628,4.546,7.066,6.898,6.905,7.288,6.646,7.126,6.953,7.001,7.231
1284.03,28,6.574,7.177,6.569,6.405,5.928,6.792,6.63,6.906,6.826,7.231,6.904,6.883,6.755,6.531,4.458,7.077,6.908,6.852,7.37,6.659,7.112,6.916,7.023,7.339
1285.03,28,6.58,7.222,6.531,6.411,5.903,6.788,6.711,6.918,6.819,7.285,6.999,6.906,6.727,6.542,4.527,7.102,6.937,6.875,7.3,6.604,7.056,6.93,6.97,7.298
1286.03,28,6.565,7.2,6.545,6.452,5.952,6.749,6.727,6.886,6.839,7.316,6.88,6.915,6.682,6.606,4.501,7.075,6.93,6.904,7.363,6.578,7.12,6.958,6.993,7.289
1287.03,28,6.589,7.195,6.568,6.435,5.919,6.785,6.685,6.843,6.81,7.263,6.946,6.916,6.66,6.563,4.541,7.039,6.856,6.909,7.324,6.649,7.114,7.013,7.003,7.307
1288.03,28,6.532,7.237,6.564,6.431,5.911,6.801,6.699,6.91,6.789,7.251,6.895,6.883,6.717,6.598,4.527,7.085,6.925,6.865,7.279,6.628,7.138,6.947,6.993,7.28
1289.03,28,6.605,7.26,6.592,6.422,5.896,6.754,6.69,6.818,6.831,7.34,6.898,6.934,6.716,6.6,4.488,7.097,6.885,6.888,7.372,6.716,7.109,6.943,7.026,7.231
1290.03,28,6.597,7.242,6.614,6.429,5.907,6.78,6.688,6.91,6.856,7.262,6.896,6.933,6.731,6.561,4.515,7.069,6.928,6.839,7.271,6.649,7.058,6.915,7.049,7.335
1291.03,28,6.622,7.206,6.537,6.418,5.933,6.824,6.689,6.855,6.78,7.269,6.944,6.896,6.648,6.569,4.517,7.059,6.886,6.936,7.312,6.705,7.062,6.911,7.007,7.282
1292.03,28,6.539,7.151,6.56,6.442,5.883,6.757,6.675,6.871,6.779,7.287,6.961,6.877,6.669,6.555,4.546,7.018,6.876,6.838,7.363,6.637,7.138,6.976,6.981,7.312
1293.03,28,6.67,7.234,6.562,6.422,5.867,6.77,6.66,6.959,6.837,7.286,6.882,6.881,6.699,6.515,4.524,7.094,6.925,6.873,7.262,6.599,7.09,6.974,7.029,7.299
1294.03,28,6.567,7.174,6.602,6.432,5.894,6.736,6.732,6.936,6.913,7.311,6.943,6.892,6.688,6.542,4.515,7.04,6.932,6.913,7.251,6.547,7.169,7.003,7.012,7.294
1295.03,28,6.555,7.184,6.59,6.415,5.882,6.816,6.723,6.821,6.805,7.32,6.878,6.922,6.668,6.559,4.545,7.082,6.862,6.868,7.29,6.676,7.116,6.95,6.911,7.248
1296.03,28,6.579,7.24,6.554,6.438,5.95,6.768,6.602,6.905,6.788,7.259,6.886,6.88,6.656,6.574,4.5,7.039,6.964,6.873,7.231,6.687,7.098,6.913,7.054,7.298
1297.03,28,6.539,7.218,6.541,6.46,5.877,6.768,6.669,6.923,6.853,7.225,6.894,6.925,6.66,6.503,4.513,7.04,6.896,6.931,7.292,6.555,7.148,6.997,7.023,7.332
1298.03,28,6.574,7.168,6.522,6.511,5.93,6.729,6.692,6.896,6.853,7.283,6.966,6.873,6.677,6.525,4.52,7.109,6.923,6.91,7.312,6.617,7.028,6.973,7.012,7.352
1299.03,28,6.619,7.219,6.6,6.467,5.854,6.765,6.67,6.871,6.82,7.274,6.932,6.931,6.687,6.47,4.478,7.109,6.92,6.896,7.32,6.612,7.135,6.894,6.965,7.273
1300.03,28,6.589,7.23,6.562,6.436,5.887,6.712,6.663,6.92,6.804,7.249,6.903,6.872,6.657,6.541,4.534,7.11,6.906,6.816,7.267,6.66,7.049,6.859,6.968,7.365
1301.03,28,6.556,7.211,6.542,6.494,5.908,6.774,6.586,6.879,6.818,7.269,6.923,6.887,6.7,6.538,4.518,7.114,6.852,6.89,7.339,6.548,7.123,7,6.989,7.31
1302.03,28,6.562,7.231,6.547,6.479,5.849,6.707,6.62,6.895,6.787,7.287,6.924,6.912,6.667,6.496,4.502,7.046,6.82,6.917,7.327,6.567,7.141,6.967,6.97,7.256
1303.03,28,6.542,7.247,6.564,6.461,5.873,6.769,6.671,6.854,6.861,7.3,6.891,6.949,6.617,6.515,4.487,7.057,6.843,6.839,7.233,6.636,7.09,6.97,6.941,7.279
1304.03,28,6.531,7.238,6.518,6.431,5.916,6.718,6.674,6.91,6.817,7.278,6.932,6.936,6.666,6.503,4.468,7.094,6.941,6.855,7.287,6.657,7.159,6.91,7.047,7.26
1305.03,28,6.567,7.204,6.513,6.397,5.907,6.726,6.673,6.905,6.801,7.341,6.893,6.918,6.724,6.566,4.571,7.045,6.837,6.876,7.307,6.583,7.046,6.882,6.967,7.288
1306.03,28,6.539,7.193,6.526,6.463,5.89,6.736,6.642,6.87,6.807,7.257,6.932,6.895,6.691,6.565,4.506,7.156,6.848,6.912,7.264,6.604,7.104,6.939,6.953,7.306
1307.03,28,6.609,7.215,6.56,6.436,5.906,6.759,6.66,6.83,6.864,7.356,6.843,6.857,6.642,6.516,4.561,7.028,6.846,6.831,7.29,6.628,7.135,6.923,6.917,7.335
1308.03,28,6.566,7.237,6.481,6.419,5.879,6.736,6.637,6.928,6.886,7.288,6.907,6.901,6.654,6.465,4.535,7.137,6.955,6.829,7.282,6.572,7.065,6.959,6.977,7.304
1309.03,28,6.545,7.22,6.595,6.377,5.905,6.846,6.68,6.916,6.794,7.204,6.86,6.874,6.619,6.471,4.557,7.087,6.881,6.778,7.275,6.621,7.056,7.01,6.998,7.302
1310.03,28,6.552,7.135,6.637,6.399,5.867,6.772,6.667,6.849,6.824,7.307,6.794,6.866,6.634,6.559,4.484,7.05,6.877,6.866,7.294,6.609,7.042,6.96,6.931,7.296
1311.03,28,6.485,7.174,6.566,6.402,5.947,6.711,6.669,6.815,6.853,7.267,6.837,6.842,6.646,6.485,4.488,7.078,6.997,6.833,7.242,6.585,7.102,7.01,6.976,7.306
1312.03,28,6.555,7.16,6.475,6.382,5.892,6.676,6.645,6.882,6.849,7.256,6.874,6.868,6.679,6.491,4.534,7.055,6.865,6.809,7.273,6.575,7.058,6.875,6.955,7.329
1313.03,28,6.504,7.21,6.574,6.408,5.847,6.714,6.666,6.828,6.839,7.352,6.972,6.884,6.603,6.521,4.529,7.063,6.852,6.868,7.259,6.56,7.074,6.968,6.971,7.264
1314.03,28,6.558,7.161,6.535,6.435,5.879,6.778,6.637,6.887,6.873,7.283,6.866,6.909,6.691,6.514,4.517,7.08,6.843,6.828,7.231,6.618,7.033,6.942,6.987,7.23
1315.03,28,6.629,7.136,6.539,6.411,5.835,6.747,6.694,6.827,6.824,7.305,6.937,6.844,6.679,6.554,4.544,7.102,6.856,6.834,7.3,6.632,7.068,6.906,7.029,7.25
1316.03,28,6.596,7.244,6.586,6.396,5.89,6.812,6.64,6.85,6.817,7.287,6.863,6.959,6.743,6.478,4.483,7.048,6.9,6.808,7.268,6.597,7.044,6.867,6.91,7.307
1317.03,28,6.568,7.167,6.569,6.411,5.888,6.712,6.63,6.818,6.857,7.342,6.888,6.876,6.594,6.504,4.516,7.084,6.851,6.838,7.277,6.586,7.001,6.932,6.974,7.253
1318.03,28,6.455,7.146,6.545,6.432,5.939,6.685,6.675,6.88,6.899,7.288,6.914,6.911,6.617,6.555,4.467,7.093,6.877,6.876,7.287,6.585,7.13,6.898,6.974,7.214
1319.03,28,6.563,7.188,6.561,6.432,5.903,6.698,6.698,6.818,6.845,7.322,6.827,6.876,6.6,6.553,4.54,7.177,6.896,6.879,7.289,6.57,7.016,6.924,7.011,7.28
1320.03,28,6.557,7.182,6.51,6.411,5.918,6.756,6.664,6.829,6.825,7.29,6.866,6.874,6.696,6.551,4.565,7.059,6.871,6.886,7.229,6.614,7.047,6.937,6.884,7.265
1321.03,28,6.484,7.129,6.558,6.437,5.946,6.702,6.669,6.839,6.791,7.294,6.89,6.852,6.648,6.5,4.512,7.061,6.886,6.762,7.267,6.551,7.098,6.884,6.909,7.226
1322.03,28,6.551,7.206,6.523,6.4,5.932,6.691,6.624,6.833,6.827,7.367,6.871,6.833,6.632,6.543,4.555,7.078,6.88,6.828,7.243,6.499,7.063,6.896,6.908,7.256
1323.03,28,6.527,7.163,6.515,6.43,5.871,6.74,6.698,6.831,6.784,7.323,6.867,6.874,6.668,6.473,4.498,7.115,6.793,6.845,7.318,6.584,7,6.908,6.937,7.22
1324.03,28,6.558,7.115,6.504,6.398,5.797,6.795,6.636,6.901,6.817,7.319,6.903,6.832,6.729,6.491,4.494,7.023,6.889,6.888,7.268,6.564,7.107,6.866,6.931,7.213
1325.03,28,6.488,7.161,6.517,6.375,5.803,6.732,6.586,6.885,6.815,7.28,6.841,6.861,6.644,6.509,4.464,6.981,6.808,6.799,7.308,6.599,7.13,6.891,6.934,7.266
1326.03,28,6.594,7.151,6.498,6.417,5.838,6.702,6.623,6.898,6.82,7.269,6.934,6.864,6.609,6.481,4.524,7.069,6.896,6.843,7.266,6.61,7.028,6.946,6.987,7.291
1327.03,28,6.54,7.147,6.475,6.42,5.856,6.67,6.615,6.884,6.799,7.345,6.861,6.873,6.649,6.584,4.495,7.073,6.857,6.878,7.241,6.527,7.081,6.99,6.892,7.223
1328.03,28,6.487,7.153,6.544,6.397,5.851,6.725,6.707,6.844,6.858,7.315,6.826,6.869,6.579,6.481,4.489,7.131,6.881,6.762,7.268,6.579,7.062,6.913,6.917,7.218
1329.03,28,6.514,7.152,6.54,6.426,5.894,6.736,6.692,6.807,6.91,7.265,6.838,6.803,6.669,6.45,4.497,7.022,6.788,6.889,7.25,6.55,6.969,6.861,6.924,7.315
1330.03,28,6.464,7.125,6.52,6.393,5.853,6.678,6.636,6.871,6.846,7.29,6.937,6.84,6.581,6.448,4.521,7.06,6.838,6.813,7.26,6.544,7.092,6.901,6.927,7.284
1331.03,28,6.526,7.232,6.509,6.366,5.834,6.682,6.608,6.866,6.802,7.34,6.903,6.902,6.633,6.487,4.434,7.108,6.77,6.869,7.253,6.54,7.031,6.849,6.965,7.204
1332.03,28,6.518,7.137,6.541,6.422,5.89,6.745,6.612,6.835,6.803,7.285,6.887,6.843,6.618,6.481,4.461,7.12,6.808,6.831,7.189,6.589,7.064,6.946,6.917,7.254
1333.03,28,6.466,7.151,6.54,6.386,5.813,6.715,6.666,6.841,6.808,7.273,6.887,6.894,6.638,6.537,4.511,7.116,6.848,6.845,7.229,6.595,7.062,6.928,6.947,7.234
1334.03,28,6.474,7.141,6.563,6.396,5.855,6.743,6.584,6.86,6.857,7.336,6.877,6.906,6.604,6.48,4.557,7.024,6.785,6.814,7.282,6.542,7.038,6.914,6.965,7.237
1335.03,28,6.447,7.096,6.497,6.373,5.865,6.761,6.649,6.835,6.81,7.223,6.855,6.831,6.689,6.514,4.546,7.096,6.816,6.853,7.255,6.546,7.093,6.919,6.945,7.285
1336.03,28,6.503,7.132,6.495,6.351,5.888,6.722,6.629,6.856,6.847,7.234,6.819,6.836,6.611,6.456,4.487,7.132,6.808,6.805,7.291,6.51,7.052,6.895,7.004,7.241
1337.03,28,6.533,7.123,6.449,6.385,5.822,6.761,6.591,6.774,6.875,7.293,6.84,6.907,6.629,6.495,4.635,7.036,6.819,6.858,7.22,6.496,7.015,6.878,6.884,7.241
1338.03,28,6.49,7.128,6.448,6.408,5.896,6.672,6.666,6.775,6.857,7.254,6.903,6.86,6.592,6.501,4.485,7.081,6.864,6.775,7.178,6.607,7.051,6.887,6.918,7.267
1339.03,28,6.438,7.172,6.491,6.413,5.854,6.698,6.625,6.798,6.827,7.253,6.81,6.829,6.623,6.448,4.465,7.081,6.805,6.822,7.246,6.592,7.052,6.927,6.965,7.282
1340.03,28,6.48,7.136,6.501,6.387,5.821,6.691,6.569,6.803,6.935,7.293,6.839,6.861,6.686,6.506,4.508,7.06,6.82,6.788,7.265,6.549,7.038,6.896,6.94,7.282
1341.03,28,6.44,7.105,6.504,6.398,5.858,6.743,6.633,6.884,6.822,7.328,6.85,6.923,6.644,6.437,4.512,7.068,6.795,6.809,7.293,6.551,7.053,6.863,6.962,7.262
1342.03,28,6.484,7.124,6.501,6.357,5.803,6.801,6.615,6.873,6.897,7.331,6.85,6.862,6.655,6.5,4.486,7.077,6.843,6.795,7.271,6.514,6.999,6.893,6.921,7.207
1343.03,28,6.476,7.125,6.479,6.361,5.814,6.642,6.659,6.825,6.853,7.291,6.868,6.824,6.577,6.457,4.46,7.09,6.847,6.876,7.284,6.588,7.073,6.904,6.969,7.244
1344.03,28,6.464,7.133,6.38,6.363,5.813,6.706,6.634,6.823,6.846,7.285,6.843,6.864,6.609,6.479,4.478,7.122,6.856,6.817,7.243,6.524,7.044,6.83,6.921,7.289
1345.03,28,6.539,7.171,6.551,6.389,5.928,6.695,6.569,6.845,6.869,7.283,6.847,6.812,6.647,6.468,4.508,7.072,6.83,6.759,7.246,6.579,7.041,6.922,6.927,7.266
1346.03,28,6.448,7.166,6.561,6.41,5.771,6.707,6.577,6.763,6.826,7.329,6.85,6.816,6.578,6.486,4.523,7.083,6.835,6.781,7.244,6.493,7.102,6.867,6.96,7.213
1347.03,28,6.532,7.118,6.507,6.432,5.818,6.734,6.612,6.786,6.825,7.37,6.814,6.82,6.524,6.439,4.496,7.1,6.887,6.832,7.175,6.545,6.991,6.889,6.917,7.185
1348.03,28,6.485,7.134,6.499,6.338,5.868,6.706,6.6,6.824,6.812,7.295,6.756,6.874,6.533,6.43,4.499,7.095,6.73,6.765,7.211,6.594,6.952,6.948,6.876,7.211
1349.03,28,6.459,7.13,6.491,6.365,5.874,6.797,6.635,6.814,6.845,7.299,6.853,6.859,6.609,6.453,4.552,7.05,6.81,6.802,7.201,6.54,6.993,6.871,6.91,7.205
1350.03,28,6.487,7.15,6.474,6.451,5.937,6.628,6.638,6.887,6.827,7.324,6.838,6.85,6.61,6.509,4.508,7.007,6.817,6.78,7.213,6.467,7.036,6.852,6.924,7.201
1351.03,28,6.479,7.132,6.491,6.345,5.801,6.717,6.567,6.859,6.798,7.284,6.883,6.858,6.611,6.458,4.475,7.109,6.758,6.845,7.217,6.536,6.995,6.876,6.86,7.186
1352.03,28,6.509,7.125,6.501,6.451,5.909,6.737,6.603,6.848,6.837,7.236,6.87,6.857,6.666,6.455,4.448,7.123,6.816,6.794,7.219,6.556,7.026,6.843,6.914,7.257
1353.03,28,6.493,7.131,6.425,6.366,5.794,6.696,6.607,6.883,6.882,7.269,6.847,6.78,6.601,6.472,4.568,7.109,6.832,6.792,7.201,6.486,6.982,6.853,6.945,7.223
1354.03,28,6.421,7.099,6.504,6.341,5.817,6.758,6.537,6.837,6.832,7.312,6.797,6.885,6.564,6.464,4.549,7.034,6.809,6.776,7.171,6.532,7.025,6.921,7.012,7.192
1355.03,28,6.508,7.138,6.522,6.351,5.848,6.66,6.536,6.842,6.848,7.274,6.832,6.801,6.589,6.482,4.494,7.162,6.805,6.824,7.237,6.543,7.037,6.877,6.892,7.138
1356.03,28,6.486,7.089,6.443,6.375,5.832,6.683,6.583,6.769,6.903,7.277,6.805,6.8,6.587,6.462,4.526,7.071,6.848,6.801,7.193,6.516,7.036,6.834,6.912,7.171
1357.03,28,6.428,7.144,6.454,6.361,5.779,6.698,6.63,6.847,6.921,7.306,6.904,6.818,6.599,6.468,4.552,7.059,6.806,6.702,7.214,6.551,7.016,6.896,6.912,7.173
1358.03,28,6.429,7.14,6.524,6.356,5.754,6.629,6.596,6.866,6.88,7.234,6.77,6.851,6.62,6.468,4.538,7.076,6.756,6.822,7.292,6.48,6.993,6.813,6.856,7.24
1359.03,28,6.507,7.111,6.483,6.409,5.798,6.628,6.62,6.803,6.9,7.3,6.783,6.861,6.605,6.48,4.493,7.099,6.831,6.734,7.228,6.542,6.997,6.838,6.884,7.223
1360.03,28,6.528,7.113,6.412,6.357,5.852,6.663,6.581,6.745,6.796,7.309,6.776,6.795,6.597,6.463,4.522,7.098,6.841,6.78,7.254,6.543,6.99,6.836,6.891,7.158
1361.03,28,6.475,7.139,6.501,6.351,5.815,6.704,6.604,6.846,6.801,7.317,6.858,6.851,6.642,6.449,4.538,7.096,6.804,6.78,7.243,6.531,6.945,6.872,6.883,7.201
1362.03,28,6.458,7.078,6.459,6.374,5.842,6.63,6.566,6.773,6.845,7.366,6.853,6.845,6.576,6.451,4.459,7.061,6.856,6.801,7.262,6.612,7.032,6.81,6.85,7.155
1363.03,28,6.451,7.126,6.524,6.3,5.845,6.706,6.633,6.812,6.85,7.308,6.779,6.803,6.572,6.425,4.465,7.057,6.802,6.794,7.208,6.478,6.982,6.884,6.88,7.125
1364.03,28,6.476,7.165,6.472,6.354,5.783,6.742,6.569,6.793,6.875,7.333,6.813,6.816,6.629,6.39,4.477,7.104,6.822,6.799,7.208,6.484,7.074,6.844,6.935,7.12
1365.03,28,6.467,7.123,6.435,6.32,5.845,6.616,6.615,6.759,6.785,7.341,6.769,6.815,6.598,6.532,4.51,7.092,6.841,6.79,7.234,6.536,6.929,6.895,6.927,7.174
1366.03,28,6.456,7.049,6.446,6.384,5.819,6.647,6.556,6.853,6.872,7.249,6.835,6.811,6.619,6.423,4.56,7.081,6.762,6.755,7.253,6.495,7.06,6.851,6.864,7.124
1367.03,28,6.399,7.049,6.503,6.344,5.787,6.673,6.554,6.803,6.9,7.252,6.799,6.781,6.59,6.457,4.523,7.061,6.827,6.812,7.236,6.495,7.005,6.904,6.882,7.19
1368.03,28,6.432,7.053,6.483,6.348,5.774,6.69,6.623,6.743,6.783,7.343,6.831,6.82,6.565,6.425,4.558,7.069,6.769,6.802,7.178,6.521,6.972,6.865,6.872,7.124
1369.03,28,6.538,7.127,6.467,6.356,5.841,6.693,6.563,6.836,6.86,7.278,6.794,6.837,6.617,6.449,4.497,7.03,6.778,6.75,7.224,6.566,6.997,6.863,6.865,7.128
1370.03,28,6.393,7.089,6.491,6.361,5.775,6.63,6.551,6.826,6.849,7.284,6.771,6.803,6.595,6.445,4.516,7.056,6.77,6.757,7.191,6.485,7.015,6.822,6.948,7.155
1371.03,28,6.391,7.137,6.404,6.366,5.82,6.688,6.566,6.734,6.852,7.305,6.826,6.805,6.582,6.472,4.515,7.089,6.796,6.741,7.172,6.546,6.929,6.782,6.87,7.167
1372.03,28,6.388,7.079,6.467,6.359,5.8,6.652,6.605,6.781,6.863,7.283,6.831,6.8,6.584,6.427,4.536,7.136,6.788,6.727,7.158,6.53,6.981,6.792,6.88,7.188
1373.03,28,6.459,7.017,6.48,6.351,5.835,6.628,6.513,6.84,6.845,7.298,6.801,6.815,6.575,6.399,4.477,7.063,6.841,6.774,7.275,6.483,7.034,6.816,6.84,7.21
1374.03,28,6.393,7.151,6.427,6.329,5.791,6.686,6.596,6.796,6.839,7.285,6.845,6.755,6.564,6.414,4.507,7.112,6.79,6.716,7.245,6.497,7.015,6.864,6.839,7.198
1375.03,28,6.42,7.147,6.399,6.358,5.836,6.665,6.513,6.797,6.875,7.291,6.75,6.832,6.574,6.418,4.485,7.103,6.795,6.725,7.234,6.494,7.008,6.874,6.918,7.222
1376.03,28,6.44,7.079,6.419,6.383,5.839,6.642,6.578,6.828,6.84,7.268,6.814,6.79,6.523,6.402,4.52,7.131,6.822,6.759,7.212,6.504,6.973,6.877,6.854,7.245
1377.03,28,6.408,7.068,6.359,6.298,5.828,6.662,6.588,6.729,6.841,7.346,6.831,6.818,6.599,6.431,4.489,7.151,6.846,6.739,7.262,6.475,6.972,6.842,6.871,7.251
1378.03,28,6.46,7.095,6.453,6.35,5.815,6.655,6.57,6.788,6.859,7.335,6.796,6.767,6.577,6.434,4.525,7.074,6.829,6.755,7.184,6.473,7,6.835,6.893,7.199
1379.03,28,6.449,7.1,6.494,6.35,5.782,6.692,6.57,6.746,6.836,7.316,6.831,6.755,6.633,6.468,4.564,7.059,6.767,6.8,7.229,6.484,7.023,6.829,6.882,7.267
1380.03,28,6.448,7.123,6.516,6.372,5.772,6.704,6.58,6.738,6.851,7.33,6.755,6.746,6.573,6.42,4.545,7.056,6.838,6.748,7.212,6.477,7.029,6.845,6.901,7.164
1381.03,28,6.425,7.084,6.413,6.318,5.768,6.628,6.583,6.832,6.82,7.291,6.806,6.763,6.533,6.364,4.604,7.073,6.752,6.757,7.201,6.512,6.937,6.875,6.811,7.2
1382.03,28,6.399,7.089,6.501,6.402,5.801,6.665,6.555,6.762,6.894,7.335,6.811,6.827,6.574,6.396,4.521,7.066,6.737,6.797,7.204,6.441,6.974,6.78,6.878,7.209
1383.03,28,6.446,7.09,6.463,6.348,5.828,6.695,6.607,6.826,6.876,7.292,6.764,6.82,6.467,6.434,4.596,7.044,6.792,6.737,7.139,6.482,7.044,6.872,6.891,7.159
1384.03,28,6.435,7.05,6.405,6.35,5.835,6.688,6.621,6.815,6.85,7.299,6.788,6.805,6.535,6.402,4.528,7.042,6.73,6.778,7.166,6.54,6.923,6.856,6.918,7.221
1385.03,28,6.362,7.078,6.409,6.274,5.733,6.667,6.608,6.81,6.916,7.281,6.759,6.806,6.591,6.363,4.444,7.112,6.765,6.758,7.234,6.526,6.943,6.845,6.853,7.174
1386.03,28,6.379,7.068,6.405,6.352,5.81,6.666,6.584,6.764,6.849,7.349,6.779,6.75,6.588,6.404,4.518,7.044,6.784,6.771,7.215,6.452,7.005,6.818,6.905,7.127
1387.03,28,6.359,7.109,6.416,6.349,5.804,6.703,6.631,6.79,6.873,7.308,6.701,6.859,6.565,6.365,4.53,7.066,6.839,6.734,7.159,6.398,6.967,6.867,6.863,7.202
1388.03,28,6.467,7.132,6.426,6.356,5.776,6.625,6.522,6.772,6.885,7.265,6.744,6.785,6.62,6.412,4.54,7.081,6.733,6.75,7.161,6.463,6.979,6.858,6.884,7.183
1389.03,28,6.353,7.046,6.443,6.327,5.808,6.663,6.521,6.751,6.847,7.321,6.712,6.848,6.48,6.353,4.522,7.126,6.79,6.804,7.163,6.531,6.958,6.868,6.876,7.207
1390.03,28,6.391,7.067,6.372,6.329,5.753,6.678,6.56,6.737,6.84,7.315,6.797,6.808,6.531,6.419,4.519,7.056,6.811,6.723,7.162,6.464,6.968,6.791,6.837,7.126
1391.03,28,6.447,7.133,6.453,6.322,5.788,6.643,6.581,6.78,6.826,7.325,6.721,6.78,6.598,6.46,4.578,7.028,6.76,6.804,7.154,6.504,6.88,6.876,6.877,7.25
1392.03,28,6.409,7.072,6.427,6.329,5.733,6.673,6.581,6.728,6.83,7.33,6.819,6.803,6.611,6.389,4.546,7.045,6.743,6.767,7.185,6.465,7.002,6.864,6.858,7.15
1393.03,28,6.419,7.073,6.434,6.296,5.777,6.66,6.524,6.776,6.857,7.337,6.834,6.752,6.545,6.439,4.517,7.114,6.71,6.781,7.173,6.432,6.943,6.815,6.875,7.192
1394.03,28,6.385,6.985,6.466,6.305,5.763,6.607,6.587,6.807,6.874,7.288,6.737,6.748,6.523,6.415,4.508,7.101,6.727,6.763,7.204,6.473,6.974,6.806,6.882,7.145
1395.03,28,6.456,7.072,6.421,6.392,5.766,6.658,6.524,6.771,6.856,7.334,6.798,6.754,6.528,6.365,4.553,7.065,6.755,6.752,7.147,6.467,6.99,6.78,6.902,7.154
1396.03,28,6.389,7.044,6.485,6.301,5.769,6.652,6.613,6.673,6.894,7.304,6.825,6.821,6.552,6.369,4.486,7.105,6.733,6.715,7.168,6.418,6.902,6.851,6.826,7.183
1397.03,28,6.425,7.16,6.461,6.316,5.815,6.612,6.514,6.708,6.833,7.333,6.726,6.773,6.505,6.35,4.548,7.113,6.726,6.75,7.158,6.523,6.967,6.829,6.857,7.109
1398.03,28,6.413,7.054,6.457,6.296,5.748,6.669,6.547,6.742,6.823,7.319,6.77,6.722,6.547,6.406,4.581,7.119,6.822,6.71,7.146,6.484,6.913,6.786,6.851,7.169
1399.03,28,6.396,7.038,6.429,6.264,5.714,6.657,6.466,6.795,6.862,7.325,6.842,6.814,6.5,6.356,4.445,7.082,6.731,6.663,7.146,6.522,6.931,6.845,6.778,7.153
1400.03,28,6.371,7.021,6.433,6.313,5.811,6.607,6.506,6.683,6.891,7.294,6.781,6.821,6.536,6.459,4.482,7.122,6.74,6.752,7.21,6.448,6.975,6.812,6.832,7.101
1401.03,28,6.451,7.05,6.43,6.306,5.729,6.678,6.527,6.775,6.843,7.327,6.747,6.824,6.534,6.386,4.517,7.128,6.682,6.765,7.105,6.422,6.964,6.81,6.867,7.168
1402.03,28,6.429,7.06,6.472,6.313,5.734,6.619,6.541,6.776,6.821,7.365,6.785,6.75,6.549,6.445,4.492,7.116,6.758,6.697,7.189,6.541,6.948,6.814,6.823,7.136
1403.03,28,6.396,6.975,6.432,6.324,5.734,6.575,6.506,6.779,6.83,7.205,6.741,6.725,6.517,6.366,4.541,7.08,6.763,6.732,7.155,6.429,6.897,6.842,6.86,7.101
1404.03,28,6.406,7.041,6.383,6.224,5.77,6.644,6.578,6.768,6.901,7.317,6.723,6.764,6.485,6.382,4.531,7.135,6.744,6.672,7.205,6.54,6.951,6.776,6.847,7.18
1405.03,28,6.374,7.133,6.438,6.285,5.767,6.618,6.594,6.674,6.946,7.307,6.73,6.785,6.44,6.459,4.495,7.101,6.758,6.701,7.156,6.405,6.9,6.772,6.788,7.129
1406.03,28,6.414,6.996,6.407,6.33,5.726,6.593,6.563,6.781,6.765,7.268,6.708,6.725,6.441,6.492,4.579,7.082,6.717,6.692,7.098,6.485,6.952,6.797,6.895,7.156
1407.03,28,6.369,6.999,6.378,6.35,5.729,6.578,6.527,6.732,6.853,7.298,6.786,6.714,6.512,6.426,4.494,7.128,6.712,6.734,7.193,6.477,6.967,6.772,6.875,7.065
1408.03,28,6.38,6.993,6.396,6.347,5.858,6.674,6.587,6.785,6.851,7.355,6.696,6.734,6.494,6.495,4.528,7.096,6.764,6.683,7.114,6.448,6.981,6.823,6.858,7.072
1409.03,28,6.384,7.026,6.381,6.247,5.818,6.607,6.518,6.729,6.868,7.296,6.741,6.708,6.59,6.368,4.535,7.129,6.731,6.689,7.158,6.391,6.903,6.833,6.854,7.181
1410.03,28,6.363,7.016,6.342,6.271,5.812,6.654,6.497,6.756,6.847,7.321,6.732,6.786,6.515,6.371,4.528,7.13,6.651,6.687,7.099,6.421,6.89,6.747,6.777,7.143
1411.03,28,6.405,7.03,6.403,6.307,5.753,6.605,6.488,6.649,6.87,7.297,6.703,6.819,6.541,6.423,4.524,7.081,6.682,6.738,7.206,6.47,6.89,6.774,6.798,7.111
1412.03,28,6.431,7.126,6.34,6.286,5.781,6.586,6.544,6.757,6.916,7.351,6.738,6.732,6.551,6.377,4.51,7.106,6.743,6.705,7.151,6.479,6.888,6.798,6.798,7.115
1413.03,28,6.445,7.007,6.398,6.339,5.721,6.66,6.491,6.77,6.868,7.286,6.76,6.715,6.542,6.391,4.579,7.124,6.688,6.665,7.112,6.416,6.964,6.836,6.784,7.156
1414.03,28,6.32,7.038,6.42,6.265,5.736,6.583,6.529,6.756,6.85,7.336,6.81,6.687,6.543,6.428,4.489,7.087,6.686,6.72,7.2,6.464,6.972,6.801,6.884,7.112
1415.03,28,6.409,7.083,6.421,6.326,5.759,6.639,6.564,6.683,6.839,7.287,6.731,6.69,6.548,6.452,4.489,7.028,6.755,6.627,7.16,6.439,6.95,6.831,6.793,7.092
1416.03,28,6.411,7.067,6.37,6.301,5.746,6.585,6.497,6.734,6.881,7.273,6.816,6.741,6.485,6.42,4.445,7.098,6.651,6.682,7.134,6.386,6.898,6.753,6.824,7.144
1417.03,28,6.373,6.982,6.381,6.311,5.746,6.627,6.485,6.726,6.842,7.29,6.721,6.75,6.507,6.366,4.512,7.088,6.736,6.694,7.116,6.407,6.913,6.774,6.831,7.209
1418.03,28,6.348,7.007,6.39,6.34,5.771,6.561,6.577,6.693,6.831,7.285,6.718,6.784,6.49,6.431,4.557,7.126,6.755,6.708,7.136,6.442,6.901,6.748,6.786,7.177
1419.03,28,6.375,6.993,6.411,6.27,5.817,6.626,6.56,6.731,6.906,7.305,6.758,6.702,6.463,6.405,4.486,7.113,6.789,6.686,7.091,6.435,6.981,6.779,6.788,7.124
1420.03,28,6.4,6.955,6.373,6.333,5.762,6.583,6.475,6.758,6.815,7.321,6.785,6.677,6.507,6.508,4.485,7.096,6.726,6.704,7.13,6.403,6.88,6.818,6.823,7.141
1421.03,28,6.456,7.013,6.422,6.367,5.74,6.611,6.536,6.702,6.79,7.351,6.767,6.745,6.484,6.363,4.488,7.116,6.697,6.694,7.139,6.355,6.965,6.766,6.756,7.118
1422.03,28,6.382,7.077,6.4,6.262,5.851,6.601,6.58,6.696,6.864,7.385,6.765,6.71,6.403,6.442,4.58,7.15,6.701,6.703,7.143,6.415,6.932,6.812,6.831,7.138
1423.03,28,6.335,7.017,6.43,6.26,5.788,6.602,6.493,6.72,6.896,7.344,6.71,6.767,6.514,6.403,4.557,7.077,6.681,6.661,7.159,6.41,6.933,6.778,6.831,7.142
1424.03,28,6.301,7.033,6.403,6.239,5.715,6.634,6.508,6.664,6.817,7.311,6.749,6.734,6.525,6.314,4.521,7.078,6.672,6.666,7.125,6.506,6.965,6.749,6.807,7.116
1425.03,28,6.377,7.076,6.39,6.291,5.732,6.667,6.529,6.733,6.858,7.3,6.795,6.779,6.475,6.428,4.531,7.069,6.684,6.712,7.147,6.395,6.926,6.781,6.842,7.168
1426.03,28,6.35,7.056,6.365,6.303,5.759,6.653,6.534,6.759,6.861,7.325,6.772,6.783,6.527,6.461,4.548,7.095,6.707,6.732,7.164,6.353,6.913,6.795,6.827,7.099
1427.03,28,6.34,7.063,6.384,6.21,5.77,6.586,6.395,6.725,6.848,7.371,6.669,6.762,6.473,6.417,4.55,7.129,6.654,6.706,7.206,6.467,6.892,6.768,6.83,7.097
1428.03,28,6.348,6.985,6.363,6.366,5.739,6.601,6.52,6.752,6.854,7.35,6.713,6.671,6.477,6.374,4.53,7.117,6.742,6.733,7.181,6.39,7.026,6.758,6.825,7.101
1429.03,28,6.285,6.981,6.342,6.302,5.701,6.618,6.534,6.727,6.917,7.326,6.681,6.762,6.495,6.443,4.503,7.16,6.707,6.664,7.14,6.443,6.836,6.817,6.796,7.025
1430.03,28,6.359,7.024,6.419,6.233,5.694,6.646,6.501,6.779,6.843,7.358,6.732,6.69,6.484,6.393,4.472,7.072,6.728,6.66,7.12,6.45,6.965,6.795,6.773,7.103
1431.03,28,6.323,7.011,6.365,6.209,5.736,6.653,6.44,6.719,6.851,7.344,6.745,6.727,6.48,6.448,4.485,7.102,6.705,6.762,7.116,6.493,6.947,6.749,6.776,7.112
1432.03,28,6.327,7.022,6.4,6.228,5.675,6.623,6.423,6.705,6.847,7.324,6.754,6.731,6.448,6.386,4.511,7.124,6.716,6.743,7.168,6.436,6.907,6.777,6.774,7.129
1433.03,28,6.344,6.99,6.42,6.23,5.732,6.601,6.408,6.735,6.846,7.346,6.718,6.729,6.506,6.428,4.582,7.104,6.644,6.674,7.123,6.396,7.027,6.813,6.804,7.039
1434.03,28,6.387,6.917,6.352,6.263,5.762,6.607,6.494,6.752,6.905,7.338,6.751,6.72,6.446,6.474,4.581,7.075,6.707,6.705,7.127,6.392,6.948,6.815,6.81,7.093
1435.03,28,6.329,6.968,6.351,6.296,5.73,6.608,6.48,6.731,6.863,7.291,6.706,6.674,6.471,6.371,4.499,7.029,6.741,6.696,7.104,6.436,6.877,6.744,6.76,7.093
1436.03,28,6.356,7.007,6.32,6.294,5.751,6.526,6.548,6.695,6.925,7.33,6.687,6.717,6.451,6.45,4.486,7.113,6.778,6.694,7.075,6.414,6.917,6.795,6.776,7.11
1437.03,28,6.356,7.014,6.365,6.309,5.742,6.65,6.554,6.738,6.907,7.343,6.692,6.709,6.438,6.414,4.428,7.109,6.703,6.719,7.174,6.435,6.949,6.762,6.78,7.065
1438.03,28,6.311,6.989,6.226,6.239,5.779,6.565,6.454,6.731,6.869,7.31,6.675,6.744,6.487,6.402,4.509,7.108,6.782,6.695,7.115,6.381,6.932,6.743,6.873,7.115
1439.03,28,6.349,6.968,6.365,6.239,5.758,6.588,6.446,6.665,6.897,7.34,6.668,6.743,6.433,6.382,4.581,7.089,6.658,6.606,7.088,6.414,6.943,6.671,6.815,7.063
1440.03,28,6.34,7.043,6.388,6.231,5.671,6.601,6.487,6.718,6.919,7.273,6.715,6.702,6.507,6.435,4.477,7.076,6.718,6.632,7.104,6.417,6.852,6.777,6.729,7.121
1441.03,28,6.309,6.964,6.36,6.246,5.658,6.587,6.522,6.747,6.928,7.335,6.636,6.661,6.465,6.407,4.545,7.045,6.653,6.72,7.089,6.384,6.838,6.706,6.872,7.057
1442.03,28,6.274,7.065,6.318,6.278,5.711,6.588,6.44,6.696,6.858,7.326,6.728,6.679,6.41,6.457,4.537,7.075,6.662,6.644,7.09,6.446,6.938,6.776,6.77,7.035
1443.03,28,6.288,6.917,6.331,6.234,5.78,6.532,6.476,6.726,6.904,7.338,6.756,6.655,6.486,6.444,4.5,7.102,6.662,6.712,7.103,6.372,6.868,6.75,6.764,7.128
1444.03,28,6.339,6.932,6.338,6.251,5.751,6.591,6.551,6.754,6.885,7.323,6.731,6.726,6.48,6.447,4.454,7.045,6.675,6.586,7.124,6.343,6.872,6.801,6.819,7.139
1445.03,28,6.26,7.019,6.388,6.235,5.66,6.564,6.465,6.653,6.849,7.328,6.71,6.662,6.502,6.449,4.531,7.109,6.687,6.69,7.039,6.345,6.862,6.72,6.825,7.026
1446.03,28,6.273,6.965,6.402,6.266,5.708,6.564,6.486,6.614,6.895,7.323,6.696,6.675,6.435,6.453,4.536,7.154,6.632,6.691,7.131,6.434,6.901,6.817,6.74,7.095
1447.03,28,6.337,6.947,6.368,6.279,5.697,6.49,6.485,6.73,6.857,7.371,6.731,6.676,6.45,6.489,4.551,7.096,6.608,6.722,7.116,6.353,6.921,6.781,6.763,7.091
1448.03,28,6.265,6.993,6.372,6.23,5.738,6.537,6.49,6.648,6.866,7.324,6.687,6.672,6.522,6.415,4.472,7.118,6.659,6.644,7.033,6.401,6.926,6.672,6.763,7.085
1449.03,28,6.262,6.965,6.401,6.271,5.724,6.583,6.47,6.731,6.902,7.324,6.73,6.651,6.47,6.441,4.557,7.108,6.669,6.672,7.136,6.398,6.935,6.784,6.75,7.067
1450.03,28,6.36,6.985,6.34,6.21,5.762,6.52,6.459,6.689,6.811,7.308,6.712,6.724,6.479,6.447,4.514,7.097,6.697,6.708,7.109,6.366,6.852,6.851,6.825,7.049
1451.03,28,6.259,7.045,6.343,6.209,5.719,6.563,6.478,6.717,6.822,7.315,6.655,6.657,6.499,6.423,4.571,7.119,6.645,6.651,7.113,6.336,6.895,6.774,6.736,7.034
1452.03,28,6.374,6.986,6.366,6.307,5.692,6.588,6.496,6.72,6.903,7.328,6.65,6.755,6.455,6.482,4.487,7.133,6.704,6.67,7.096,6.422,6.839,6.788,6.776,7.131
1453.03,28,6.28,7,6.317,6.217,5.675,6.574,6.521,6.704,6.916,7.313,6.712,6.721,6.435,6.41,4.551,7.069,6.662,6.624,7.101,6.356,6.844,6.718,6.721,7.05
1454.03,28,6.312,6.959,6.292,6.266,5.696,6.533,6.453,6.703,6.837,7.332,6.657,6.71,6.489,6.458,4.556,7.081,6.668,6.716,7.082,6.402,6.857,6.772,6.763,7.062
1455.03,28,6.28,6.963,6.372,6.209,5.709,6.596,6.428,6.718,6.847,7.319,6.693,6.705,6.442,6.479,4.523,7.049,6.65,6.658,7.109,6.317,6.856,6.711,6.845,7.037
1456.03,28,6.291,6.936,6.347,6.136,5.703,6.566,6.431,6.762,6.874,7.269,6.733,6.665,6.456,6.481,4.534,7.062,6.676,6.616,7.097,6.384,6.951,6.759,6.762,7.088
1457.03,28,6.323,6.958,6.322,6.282,5.723,6.581,6.437,6.649,6.938,7.261,6.651,6.808,6.42,6.425,4.526,7.119,6.676,6.654,7.099,6.422,6.89,6.786,6.734,7.078
1458.03,28,6.313,6.927,6.328,6.257,5.706,6.603,6.481,6.717,6.851,7.241,6.657,6.669,6.427,6.482,4.584,7.037,6.644,6.613,7.108,6.399,6.904,6.697,6.717,7.054
1459.03,28,6.309,6.971,6.346,6.198,5.632,6.645,6.507,6.659,6.932,7.338,6.636,6.709,6.434,6.493,4.569,7.123,6.625,6.611,7.071,6.387,6.881,6.73,6.739,7.079
1460.03,28,6.27,7.012,6.305,6.203,5.677,6.579,6.416,6.723,6.864,7.375,6.727,6.67,6.433,6.453,4.469,7.066,6.677,6.628,7.094,6.452,6.862,6.755,6.723,7.087
1461.03,28,6.289,6.989,6.318,6.208,5.7,6.546,6.452,6.696,6.842,7.257,6.663,6.655,6.45,6.533,4.519,7.098,6.606,6.589,7.077,6.39,6.907,6.683,6.771,7.073
1462.03,28,6.294,6.858,6.37,6.222,5.654,6.567,6.475,6.645,6.936,7.349,6.693,6.689,6.43,6.48,4.581,7.028,6.628,6.681,7.059,6.354,6.841,6.733,6.767,7.062
1463.03,28,6.285,6.981,6.318,6.217,5.664,6.509,6.479,6.664,6.849,7.322,6.701,6.706,6.442,6.426,4.523,7.048,6.668,6.692,7.101,6.354,6.865,6.699,6.71,7.078
1464.03,28,6.301,7.005,6.283,6.232,5.666,6.575,6.447,6.682,6.837,7.32,6.631,6.632,6.333,6.413,4.497,7.127,6.637,6.661,7.057,6.423,6.846,6.65,6.734,7.052
1465.03,28,6.3,6.992,6.309,6.24,5.661,6.547,6.421,6.67,6.937,7.317,6.644,6.674,6.421,6.468,4.499,7.119,6.68,6.654,7.073,6.332,6.897,6.662,6.728,7.084
1466.03,28,6.29,6.927,6.31,6.243,5.665,6.505,6.462,6.658,6.889,7.314,6.732,6.717,6.364,6.512,4.539,7.085,6.616,6.602,7.066,6.295,6.866,6.731,6.773,7.076
1467.03,28,6.274,6.934,6.333,6.236,5.726,6.57,6.444,6.677,6.888,7.307,6.7,6.744,6.408,6.455,4.528,7.136,6.663,6.654,7.123,6.306,6.787,6.694,6.777,7.105
1468.03,28,6.235,6.941,6.341,6.254,5.68,6.594,6.363,6.648,6.821,7.273,6.661,6.66,6.462,6.414,4.59,7.139,6.647,6.655,7.056,6.405,6.851,6.69,6.676,7.054
1469.03,28,6.298,6.931,6.297,6.253,5.697,6.507,6.498,6.691,6.881,7.322,6.701,6.574,6.412,6.435,4.511,7.065,6.676,6.633,7.044,6.383,6.837,6.768,6.754,7.029
1470.03,28,6.294,6.954,6.293,6.27,5.654,6.537,6.463,6.671,6.808,7.311,6.647,6.622,6.385,6.424,4.549,7.09,6.67,6.638,7.056,6.365,6.923,6.735,6.722,7.023
1471.03,28,6.289,6.973,6.284,6.228,5.609,6.608,6.405,6.715,6.85,7.341,6.628,6.672,6.417,6.512,4.522,7.136,6.632,6.665,7.084,6.35,6.876,6.754,6.685,7.048
1472.03,28,6.235,6.938,6.279,6.239,5.657,6.533,6.374,6.607,6.835,7.288,6.665,6.706,6.444,6.443,4.557,7.024,6.598,6.597,7.039,6.281,6.867,6.734,6.806,7.062
1473.03,28,6.346,6.97,6.328,6.173,5.694,6.575,6.462,6.67,6.935,7.324,6.651,6.624,6.455,6.503,4.53,7.081,6.628,6.551,7.011,6.388,6.826,6.716,6.723,7.08
1474.03,28,6.287,6.989,6.328,6.26,5.671,6.531,6.371,6.679,6.879,7.329,6.637,6.623,6.476,6.461,4.534,7.089,6.681,6.621,7.025,6.305,6.828,6.77,6.763,7.021
1475.03,28,6.299,6.992,6.283,6.205,5.691,6.556,6.436,6.67,6.928,7.322,6.657,6.634,6.447,6.466,4.586,7.125,6.725,6.587,7.038,6.313,6.838,6.701,6.771,7.091
1476.03,28,6.229,6.915,6.284,6.24,5.678,6.519,6.452,6.649,6.875,7.345,6.688,6.647,6.429,6.442,4.424,7.079,6.671,6.704,7.09,6.35,6.863,6.713,6.724,7.046
1477.03,28,6.336,6.973,6.235,6.218,5.735,6.586,6.381,6.615,6.868,7.288,6.714,6.681,6.422,6.406,4.532,7.075,6.637,6.642,7.007,6.334,6.891,6.745,6.656,6.969
1478.03,28,6.247,6.94,6.305,6.248,5.662,6.576,6.416,6.618,6.922,7.319,6.656,6.687,6.389,6.425,4.473,7.109,6.693,6.688,7.06,6.34,6.814,6.748,6.734,6.977
1479.03,28,6.217,6.844,6.325,6.182,5.695,6.484,6.45,6.712,6.849,7.319,6.737,6.687,6.462,6.481,4.527,7.117,6.69,6.597,7.103,6.336,6.894,6.659,6.684,7.036
1480.03,28,6.286,6.919,6.297,6.232,5.71,6.566,6.447,6.612,6.914,7.34,6.624,6.696,6.489,6.467,4.555,7.078,6.604,6.603,7.052,6.357,6.91,6.767,6.709,7.064
1481.03,28,6.177,6.939,6.323,6.189,5.692,6.524,6.425,6.644,6.91,7.365,6.638,6.635,6.454,6.478,4.532,7.083,6.564,6.605,7.129,6.281,6.838,6.72,6.711,6.998
1482.03,28,6.253,6.92,6.337,6.215,5.647,6.6,6.41,6.656,6.885,7.333,6.648,6.661,6.342,6.483,4.535,7.113,6.609,6.572,7.083,6.347,6.825,6.717,6.68,7.068
1483.03,28,6.26,6.877,6.261,6.248,5.666,6.505,6.413,6.643,6.879,7.295,6.725,6.685,6.422,6.471,4.55,7.11,6.594,6.654,7.041,6.287,6.774,6.712,6.728,7.059
1484.03,28,6.243,6.9,6.326,6.122,5.619,6.577,6.418,6.681,6.854,7.354,6.612,6.657,6.376,6.418,4.448,7.117,6.612,6.566,7.093,6.386,6.877,6.678,6.783,7.047
1485.03,28,6.254,6.901,6.291,6.299,5.571,6.509,6.405,6.667,6.906,7.33,6.688,6.593,6.408,6.45,4.521,7.126,6.625,6.528,7.046,6.261,6.781,6.694,6.697,7.052
1486.03,28,6.261,6.895,6.331,6.164,5.622,6.54,6.371,6.657,6.907,7.294,6.668,6.585,6.53,6.457,4.582,7.066,6.605,6.602,7.072,6.335,6.927,6.686,6.725,7.028
1487.03,28,6.258,6.935,6.224,6.168,5.669,6.506,6.429,6.665,6.923,7.278,6.666,6.65,6.402,6.395,4.521,7.195,6.609,6.658,7.023,6.305,6.871,6.746,6.733,6.997
1488.03,28,6.144,6.931,6.245,6.233,5.614,6.581,6.402,6.655,6.856,7.285,6.678,6.61,6.39,6.499,4.511,7.136,6.643,6.568,7.063,6.29,6.853,6.775,6.73,6.974
1489.03,28,6.253,6.964,6.243,6.189,5.595,6.52,6.463,6.654,6.857,7.346,6.639,6.628,6.416,6.459,4.507,7.127,6.694,6.609,7.03,6.327,6.905,6.692,6.713,7.053
1490.03,28,6.294,6.919,6.311,6.202,5.673,6.478,6.43,6.581,6.87,7.281,6.654,6.621,6.366,6.404,4.48,7.061,6.57,6.66,7.026,6.299,6.887,6.667,6.701,7.135
1491.03,28,6.273,6.949,6.345,6.245,5.655,6.52,6.437,6.657,6.851,7.399,6.64,6.592,6.351,6.472,4.522,7.123,6.652,6.616,7.09,6.308,6.84,6.651,6.681,6.977
1492.03,28,6.169,6.914,6.323,6.198,5.587,6.536,6.445,6.626,6.908,7.302,6.622,6.621,6.403,6.449,4.507,7.071,6.623,6.617,7.039,6.29,6.839,6.709,6.731,7.016
1493.03,28,6.283,6.898,6.288,6.142,5.678,6.544,6.442,6.641,6.866,7.262,6.594,6.592,6.318,6.47,4.478,7.092,6.555,6.6,7.086,6.361,6.796,6.702,6.747,7.032
1494.03,28,6.256,6.92,6.31,6.204,5.608,6.478,6.461,6.64,6.879,7.33,6.652,6.661,6.353,6.491,4.575,7.069,6.597,6.582,7.128,6.292,6.821,6.653,6.716,6.949
1495.03,28,6.248,6.889,6.286,6.27,5.621,6.516,6.374,6.614,6.861,7.402,6.663,6.611,6.389,6.426,4.551,7.099,6.634,6.648,7.088,6.292,6.823,6.673,6.708,7.085
1496.03,28,6.259,6.947,6.251,6.181,5.584,6.498,6.391,6.663,6.855,7.233,6.636,6.626,6.426,6.463,4.519,7.101,6.549,6.583,7.051,6.37,6.863,6.624,6.712,7.006
1497.03,28,6.227,6.926,6.258,6.247,5.668,6.519,6.412,6.608,6.805,7.326,6.602,6.677,6.403,6.51,4.54,7.102,6.622,6.585,7.078,6.356,6.771,6.697,6.747,7.043
1498.03,28,6.215,6.902,6.299,6.148,5.638,6.535,6.379,6.643,6.908,7.366,6.624,6.646,6.357,6.479,4.524,7.05,6.61,6.669,7.043,6.296,6.829,6.771,6.704,7.011
1499.03,28,6.255,6.918,6.232,6.154,5.572,6.495,6.383,6.626,6.875,7.34,6.623,6.7,6.398,6.458,4.521,7.045,6.609,6.631,7.024,6.285,6.868,6.699,6.697,7.006
1500.03,28,6.253,6.881,6.256,6.172,5.6,6.407,6.409,6.593,6.802,7.313,6.648,6.577,6.381,6.499,4.538,7.112,6.619,6.558,7.026,6.279,6.836,6.623,6.685,6.973
1501.03,28,6.262,6.859,6.244,6.172,5.615,6.502,6.412,6.647,6.878,7.278,6.624,6.662,6.403,6.432,4.513,7.094,6.622,6.655,7.004,6.259,6.797,6.699,6.691,7.047
1502.03,28,6.18,6.915,6.296,6.216,5.571,6.492,6.351,6.599,6.886,7.326,6.664,6.612,6.351,6.451,4.558,7.107,6.54,6.549,7.036,6.318,6.795,6.706,6.723,6.994
1503.03,28,6.216,6.954,6.247,6.207,5.636,6.488,6.437,6.595,6.934,7.311,6.617,6.594,6.42,6.479,4.491,7.067,6.571,6.661,7.037,6.297,6.768,6.655,6.688,6.934
1504.03,28,6.246,6.902,6.195,6.21,5.624,6.494,6.381,6.596,6.897,7.323,6.61,6.616,6.362,6.442,4.499,7.065,6.602,6.589,7.01,6.261,6.859,6.687,6.698,6.95
1505.03,28,6.232,6.889,6.271,6.097,5.669,6.538,6.331,6.587,6.855,7.311,6.563,6.601,6.434,6.476,4.493,7.116,6.614,6.634,7.073,6.255,6.812,6.671,6.72,7.035
1506.03,28,6.158,6.889,6.246,6.205,5.588,6.509,6.319,6.606,6.905,7.384,6.66,6.591,6.344,6.416,4.483,7.098,6.574,6.623,6.955,6.295,6.769,6.742,6.637,6.985
1507.03,28,6.241,6.887,6.302,6.16,5.653,6.536,6.394,6.619,6.839,7.345,6.642,6.617,6.363,6.464,4.492,7.154,6.531,6.544,7.034,6.286,6.811,6.701,6.64,7.026
1508.03,28,6.19,6.905,6.275,6.175,5.615,6.47,6.413,6.563,6.906,7.348,6.611,6.621,6.321,6.473,4.565,7.174,6.651,6.619,7.03,6.302,6.822,6.623,6.696,7.022
1509.03,28,6.238,6.895,6.253,6.192,5.633,6.51,6.326,6.569,6.922,7.387,6.532,6.615,6.317,6.484,4.488,7.129,6.563,6.606,7.074,6.305,6.753,6.712,6.751,6.992
1510.03,28,6.19,6.854,6.244,6.174,5.609,6.48,6.41,6.635,6.889,7.345,6.638,6.626,6.362,6.531,4.492,7.162,6.59,6.524,7.041,6.298,6.786,6.676,6.695,7.027
1511.03,28,6.17,6.921,6.247,6.152,5.596,6.503,6.346,6.54,6.938,7.314,6.568,6.609,6.348,6.495,4.484,7.099,6.54,6.569,6.99,6.316,6.816,6.643,6.681,7.009
1512.03,28,6.208,6.958,6.202,6.185,5.655,6.525,6.349,6.585,6.835,7.352,6.545,6.585,6.388,6.44,4.524,7.05,6.543,6.595,7.017,6.269,6.817,6.624,6.693,6.984
1513.03,28,6.213,6.895,6.243,6.203,5.645,6.468,6.384,6.617,6.881,7.261,6.651,6.651,6.404,6.493,4.528,7.104,6.591,6.578,7.026,6.285,6.764,6.592,6.72,6.982
1514.03,28,6.235,6.818,6.329,6.133,5.598,6.481,6.413,6.661,6.834,7.339,6.625,6.562,6.368,6.515,4.463,7.108,6.565,6.587,6.978,6.294,6.797,6.662,6.719,6.913
1515.03,28,6.189,6.865,6.292,6.18,5.617,6.524,6.409,6.571,6.887,7.364,6.594,6.611,6.35,6.511,4.466,7.093,6.535,6.668,7.038,6.274,6.803,6.639,6.744,7.015
1516.03,28,6.173,6.914,6.289,6.139,5.541,6.54,6.399,6.597,6.828,7.332,6.629,6.587,6.331,6.556,4.591,7.116,6.517,6.575,6.959,6.24,6.76,6.645,6.689,6.936
1517.03,28,6.18,6.838,6.205,6.19,5.515,6.507,6.351,6.588,6.833,7.228,6.547,6.563,6.372,6.535,4.489,7.114,6.597,6.569,7.014,6.287,6.83,6.658,6.692,6.977
1518.03,28,6.188,6.869,6.234,6.101,5.557,6.516,6.376,6.671,6.875,7.315,6.58,6.592,6.372,6.467,4.491,7.113,6.563,6.573,6.977,6.311,6.84,6.595,6.699,6.943
1519.03,28,6.181,6.837,6.223,6.195,5.658,6.5,6.404,6.577,6.884,7.277,6.629,6.66,6.375,6.438,4.552,7.092,6.553,6.617,7.036,6.295,6.875,6.63,6.687,6.946
1520.03,28,6.233,6.868,6.197,6.156,5.59,6.436,6.375,6.558,6.9,7.349,6.659,6.623,6.391,6.515,4.547,7.115,6.511,6.569,6.991,6.219,6.789,6.63,6.736,6.999
1521.03,28,6.138,6.831,6.239,6.133,5.617,6.477,6.34,6.62,6.924,7.259,6.583,6.598,6.324,6.406,4.563,7.066,6.496,6.521,7.034,6.282,6.845,6.637,6.665,6.973
1522.03,28,6.171,6.797,6.259,6.161,5.647,6.489,6.447,6.588,6.916,7.359,6.614,6.555,6.393,6.544,4.476,7.087,6.555,6.619,7.022,6.249,6.81,6.735,6.631,6.978
1523.03,28,6.167,6.857,6.282,6.136,5.649,6.434,6.312,6.631,6.866,7.396,6.543,6.54,6.374,6.445,4.538,7.063,6.548,6.587,6.945,6.311,6.803,6.665,6.671,7.006
1524.03,28,6.217,6.785,6.276,6.163,5.601,6.448,6.312,6.608,6.823,7.393,6.641,6.635,6.316,6.495,4.597,7.14,6.511,6.641,7.057,6.209,6.824,6.655,6.669,6.983
1525.03,28,6.182,6.933,6.241,6.135,5.65,6.499,6.339,6.607,6.906,7.342,6.569,6.615,6.401,6.515,4.52,7.183,6.537,6.554,6.964,6.256,6.799,6.685,6.679,6.924
1526.03,28,6.142,6.912,6.258,6.131,5.592,6.502,6.403,6.579,6.934,7.33,6.661,6.56,6.362,6.463,4.541,7.102,6.486,6.592,6.965,6.205,6.734,6.615,6.653,7
1527.03,28,6.2,6.789,6.234,6.144,5.587,6.449,6.318,6.656,6.907,7.298,6.54,6.556,6.323,6.478,4.498,7.081,6.544,6.535,7.002,6.27,6.811,6.64,6.677,6.905
1528.03,28,6.191,6.834,6.259,6.091,5.606,6.541,6.387,6.518,6.922,7.341,6.547,6.577,6.4,6.458,4.533,7.064,6.532,6.584,6.992,6.295,6.742,6.686,6.634,6.946
1529.03,28,6.144,6.869,6.234,6.125,5.611,6.466,6.379,6.603,6.911,7.344,6.558,6.555,6.357,6.486,4.479,7.059,6.516,6.579,7.017,6.35,6.787,6.655,6.657,6.908
1530.03,28,6.204,6.82,6.195,6.123,5.58,6.463,6.37,6.573,6.924,7.395,6.585,6.616,6.383,6.564,4.542,7.135,6.526,6.592,6.964,6.301,6.81,6.65,6.685,6.97
1531.03,28,6.199,6.836,6.185,6.124,5.56,6.472,6.338,6.597,6.847,7.311,6.523,6.573,6.417,6.489,4.551,7.145,6.516,6.55,7.02,6.262,6.721,6.592,6.625,6.948
1532.03,28,6.175,6.863,6.187,6.148,5.586,6.5,6.356,6.533,6.885,7.332,6.535,6.521,6.345,6.509,4.477,7.108,6.568,6.592,6.973,6.206,6.759,6.636,6.646,6.93
1533.03,28,6.176,6.809,6.221,6.127,5.652,6.467,6.305,6.583,6.832,7.337,6.599,6.583,6.337,6.501,4.504,7.141,6.558,6.528,7.04,6.258,6.828,6.644,6.658,6.955
1534.03,28,6.165,6.904,6.213,6.114,5.654,6.504,6.369,6.575,6.865,7.355,6.543,6.517,6.335,6.441,4.516,7.112,6.491,6.581,6.944,6.204,6.795,6.578,6.657,6.938
1535.03,28,6.211,6.82,6.185,6.107,5.589,6.499,6.341,6.59,6.959,7.277,6.512,6.555,6.292,6.544,4.505,7.106,6.524,6.59,6.959,6.318,6.858,6.634,6.653,6.945
1536.03,28,6.14,6.767,6.228,6.165,5.558,6.456,6.354,6.624,6.981,7.392,6.485,6.665,6.392,6.513,4.534,7.095,6.539,6.59,7.006,6.288,6.724,6.665,6.608,6.992
1537.03,28,6.152,6.887,6.233,6.113,5.537,6.503,6.33,6.587,6.94,7.38,6.572,6.53,6.36,6.547,4.503,7.07,6.503,6.515,6.951,6.278,6.756,6.66,6.641,6.955
1538.03,28,6.122,6.833,6.252,6.133,5.6,6.471,6.385,6.526,6.9,7.31,6.53,6.539,6.324,6.453,4.473,7.094,6.454,6.492,6.989,6.21,6.775,6.613,6.578,6.944
1539.03,28,6.152,6.818,6.142,6.055,5.607,6.39,6.352,6.573,6.902,7.318,6.614,6.605,6.347,6.53,4.517,7.148,6.551,6.515,7.026,6.191,6.775,6.612,6.603,7.013
1540.03,28,6.157,6.79,6.17,6.134,5.619,6.419,6.371,6.578,6.904,7.333,6.578,6.532,6.329,6.497,4.491,7.077,6.529,6.546,6.945,6.259,6.749,6.648,6.664,6.989
1541.03,28,6.149,6.849,6.228,6.107,5.552,6.414,6.338,6.572,6.881,7.295,6.556,6.554,6.366,6.469,4.441,7.133,6.555,6.551,7.017,6.211,6.722,6.584,6.581,6.882
1542.03,28,6.218,6.863,6.268,6.085,5.564,6.428,6.39,6.555,6.897,7.318,6.554,6.568,6.304,6.458,4.498,7.151,6.501,6.577,7.058,6.184,6.693,6.577,6.624,6.929
1543.03,28,6.157,6.759,6.187,6.134,5.615,6.47,6.327,6.537,6.907,7.283,6.461,6.601,6.348,6.484,4.49,7.086,6.519,6.524,7.017,6.198,6.76,6.638,6.593,6.961
1544.03,28,6.1,6.822,6.187,6.175,5.596,6.453,6.328,6.584,6.86,7.306,6.603,6.478,6.272,6.488,4.48,7.094,6.522,6.505,6.949,6.196,6.781,6.609,6.635,6.931
1545.03,28,6.159,6.751,6.217,6.138,5.565,6.429,6.317,6.579,6.854,7.306,6.593,6.58,6.308,6.479,4.511,7.11,6.485,6.523,6.97,6.178,6.757,6.668,6.601,6.94
1546.03,28,6.148,6.807,6.139,6.075,5.559,6.49,6.311,6.579,6.985,7.355,6.612,6.567,6.278,6.5,4.537,7.142,6.529,6.534,6.991,6.213,6.815,6.543,6.61,6.901
1547.03,28,6.137,6.856,6.197,6.122,5.541,6.47,6.31,6.544,6.818,7.399,6.615,6.582,6.274,6.488,4.514,7.068,6.497,6.579,6.941,6.189,6.732,6.639,6.72,6.98
1548.03,28,6.083,6.817,6.169,6.093,5.572,6.379,6.381,6.527,6.922,7.338,6.529,6.55,6.267,6.428,4.45,7.083,6.504,6.541,6.966,6.242,6.746,6.662,6.634,6.918
1549.03,28,6.152,6.806,6.171,6.081,5.565,6.491,6.367,6.542,6.87,7.283,6.566,6.577,6.368,6.511,4.522,7.106,6.449,6.541,6.945,6.163,6.767,6.637,6.669,6.884
1550.03,28,6.158,6.776,6.238,6.109,5.562,6.367,6.331,6.539,6.854,7.338,6.611,6.536,6.318,6.556,4.569,7.135,6.585,6.566,6.968,6.214,6.729,6.595,6.683,6.923
1551.03,28,6.133,6.857,6.198,6.159,5.522,6.422,6.322,6.581,6.828,7.331,6.465,6.58,6.313,6.529,4.507,7.012,6.513,6.604,6.975,6.209,6.811,6.586,6.582,7.005
1552.03,28,6.117,6.835,6.09,6.138,5.518,6.402,6.273,6.541,6.914,7.379,6.634,6.537,6.238,6.502,4.561,7.122,6.495,6.55,6.976,6.198,6.661,6.633,6.63,6.887
1553.03,28,6.103,6.832,6.188,6.038,5.582,6.418,6.347,6.563,6.981,7.401,6.579,6.613,6.278,6.546,4.517,7.104,6.493,6.555,6.979,6.245,6.752,6.646,6.608,6.899
1554.03,28,6.164,6.775,6.15,6.135,5.518,6.394,6.331,6.573,6.912,7.328,6.57,6.556,6.336,6.495,4.514,7.09,6.476,6.499,6.922,6.172,6.733,6.576,6.598,6.873
1555.03,28,6.134,6.833,6.149,6.07,5.498,6.436,6.39,6.537,6.858,7.345,6.505,6.508,6.324,6.518,4.531,7.141,6.515,6.51,7.054,6.225,6.721,6.536,6.66,6.938
1556.03,28,6.169,6.791,6.183,6.132,5.561,6.445,6.275,6.533,6.92,7.337,6.529,6.5,6.265,6.574,4.53,7.122,6.516,6.522,6.978,6.212,6.706,6.597,6.634,6.9
1557.03,28,6.145,6.709,6.21,6.06,5.52,6.398,6.234,6.523,6.825,7.305,6.497,6.564,6.312,6.5,4.517,7.086,6.512,6.459,6.911,6.231,6.743,6.619,6.596,6.897
1558.03,28,6.083,6.834,6.173,6.145,5.561,6.495,6.315,6.549,6.921,7.372,6.541,6.512,6.311,6.493,4.482,7.153,6.485,6.51,6.952,6.197,6.673,6.552,6.579,6.901
1559.03,28,6.084,6.843,6.152,6.071,5.491,6.44,6.396,6.509,6.908,7.317,6.533,6.538,6.284,6.506,4.525,7.132,6.508,6.5,6.906,6.256,6.72,6.59,6.626,6.932
1560.03,28,6.113,6.752,6.214,6.132,5.577,6.457,6.35,6.498,6.859,7.337,6.532,6.516,6.303,6.472,4.565,7.099,6.503,6.536,7.03,6.213,6.663,6.536,6.577,7.013
1561.03,28,6.072,6.796,6.123,6.105,5.531,6.412,6.271,6.497,6.888,7.317,6.537,6.553,6.275,6.453,4.531,7.11,6.519,6.506,6.934,6.2,6.718,6.583,6.632,6.908
1562.03,28,6.047,6.818,6.154,6.113,5.461,6.421,6.276,6.509,6.878,7.362,6.477,6.469,6.268,6.566,4.529,7.074,6.503,6.547,6.989,6.249,6.716,6.583,6.696,6.914
1563.03,28,6.183,6.797,6.178,6.131,5.58,6.427,6.289,6.518,6.952,7.341,6.52,6.536,6.319,6.581,4.475,7.137,6.521,6.619,6.956,6.184,6.719,6.672,6.633,6.849
1564.03,28,6.134,6.789,6.194,6.061,5.537,6.415,6.3,6.558,6.861,7.403,6.534,6.521,6.3,6.506,4.548,7.121,6.478,6.534,6.911,6.179,6.72,6.6,6.594,6.903
1565.03,28,6.053,6.737,6.117,6.111,5.523,6.394,6.259,6.569,6.919,7.292,6.473,6.546,6.247,6.521,4.528,7.075,6.486,6.539,6.946,6.262,6.778,6.532,6.579,6.868
1566.03,28,6.106,6.82,6.137,6.072,5.519,6.447,6.23,6.505,6.906,7.338,6.497,6.558,6.247,6.447,4.509,7.087,6.464,6.484,7,6.229,6.722,6.584,6.58,6.886
1567.03,28,6.131,6.791,6.211,6.103,5.517,6.393,6.243,6.485,6.922,7.34,6.526,6.536,6.266,6.483,4.561,7.074,6.431,6.487,6.95,6.221,6.683,6.602,6.563,6.933
1568.03,28,6.109,6.783,6.126,6.086,5.561,6.372,6.296,6.578,6.898,7.358,6.457,6.456,6.326,6.53,4.457,7.162,6.468,6.623,6.867,6.162,6.695,6.605,6.582,6.911
1569.03,28,6.12,6.704,6.088,6.083,5.552,6.41,6.263,6.528,6.901,7.276,6.537,6.48,6.252,6.474,4.543,7.073,6.495,6.481,6.972,6.192,6.717,6.638,6.535,6.919
1570.03,28,6.12,6.776,6.173,6.076,5.515,6.428,6.241,6.473,6.922,7.32,6.5,6.54,6.306,6.5,4.543,7.122,6.532,6.535,6.991,6.184,6.71,6.503,6.583,6.937
1571.03,28,6.003,6.801,6.104,6.108,5.484,6.424,6.269,6.472,6.856,7.371,6.509,6.506,6.295,6.524,4.559,7.083,6.47,6.51,6.939,6.257,6.738,6.555,6.601,6.993
1572.03,28,6.096,6.731,6.137,6.102,5.509,6.401,6.315,6.506,6.906,7.325,6.516,6.485,6.291,6.531,4.564,7.058,6.434,6.503,6.908,6.148,6.747,6.547,6.657,6.844
1573.03,28,6.092,6.79,6.133,6.144,5.493,6.386,6.217,6.586,6.904,7.396,6.475,6.548,6.268,6.514,4.512,7.111,6.48,6.51,6.891,6.235,6.718,6.575,6.606,6.908
1574.03,28,6.16,6.809,6.122,6.095,5.455,6.385,6.283,6.48,6.885,7.286,6.538,6.515,6.311,6.527,4.53,7.108,6.49,6.424,6.942,6.218,6.711,6.523,6.68,6.854
1575.03,28,6.09,6.761,6.18,6.054,5.549,6.388,6.301,6.505,6.908,7.268,6.507,6.553,6.268,6.455,4.551,7.144,6.459,6.517,6.935,6.181,6.716,6.546,6.559,6.892
1576.03,28,6.157,6.753,6.136,6.116,5.546,6.366,6.161,6.466,6.91,7.323,6.577,6.522,6.233,6.548,4.527,7.082,6.479,6.497,6.922,6.135,6.765,6.548,6.549,6.905
1577.03,28,6.045,6.791,6.155,6.09,5.599,6.411,6.255,6.498,6.881,7.375,6.497,6.53,6.324,6.506,4.513,7.057,6.411,6.479,6.878,6.175,6.733,6.549,6.589,6.892
1578.03,28,6.086,6.729,6.137,6.022,5.468,6.38,6.375,6.495,6.869,7.352,6.468,6.46,6.221,6.514,4.531,7.056,6.481,6.537,6.954,6.178,6.687,6.597,6.599,6.882
1579.03,28,6.067,6.728,6.105,6.037,5.473,6.457,6.232,6.607,6.881,7.322,6.531,6.491,6.26,6.496,4.561,7.128,6.466,6.499,6.875,6.097,6.66,6.605,6.57,6.925
1580.03,28,6.041,6.755,6.161,6.08,5.502,6.412,6.284,6.542,6.892,7.339,6.544,6.465,6.23,6.476,4.559,7.105,6.472,6.547,7,6.178,6.716,6.636,6.609,6.913
1581.03,28,6.025,6.681,6.158,6.158,5.499,6.38,6.248,6.496,6.926,7.287,6.416,6.521,6.248,6.539,4.543,7.08,6.432,6.512,6.94,6.158,6.752,6.539,6.538,6.876
1582.03,28,6.003,6.724,6.109,6.051,5.495,6.364,6.281,6.542,6.911,7.266,6.488,6.447,6.205,6.516,4.47,7.125,6.439,6.515,6.912,6.117,6.724,6.523,6.624,6.869
1583.03,28,6.095,6.711,6.061,6.097,5.556,6.346,6.337,6.449,6.937,7.375,6.497,6.545,6.28,6.52,4.515,7.103,6.498,6.457,6.901,6.132,6.712,6.508,6.554,6.854
1584.03,28,6.068,6.769,6.17,6.057,5.562,6.417,6.295,6.483,6.89,7.327,6.556,6.523,6.262,6.476,4.555,7.073,6.489,6.466,6.903,6.151,6.736,6.548,6.56,6.914
1585.03,28,6.061,6.795,6.06,6.029,5.463,6.378,6.293,6.493,6.873,7.319,6.524,6.493,6.282,6.493,4.522,7.054,6.423,6.505,6.935,6.146,6.747,6.489,6.524,6.9
1586.03,28,6.052,6.742,6.143,6.122,5.498,6.382,6.193,6.464,6.876,7.307,6.475,6.487,6.234,6.479,4.522,7.119,6.43,6.501,6.973,6.218,6.664,6.572,6.516,6.886
1587.03,28,6.094,6.716,6.142,6.124,5.527,6.405,6.227,6.471,6.961,7.352,6.495,6.471,6.248,6.553,4.543,7.162,6.44,6.513,6.885,6.174,6.66,6.572,6.561,6.823
1588.03,28,6.008,6.73,6.175,5.992,5.516,6.382,6.188,6.52,6.88,7.317,6.552,6.395,6.281,6.555,4.585,7.084,6.451,6.49,6.973,6.125,6.664,6.573,6.561,6.842
1589.03,28,6.051,6.721,6.097,6.097,5.524,6.358,6.267,6.456,6.917,7.268,6.424,6.488,6.249,6.614,4.521,7.11,6.427,6.465,6.925,6.18,6.689,6.612,6.588,6.838
1590.03,28,6.037,6.715,6.105,6.097,5.475,6.422,6.276,6.447,6.885,7.282,6.518,6.498,6.28,6.479,4.534,7.154,6.412,6.45,6.962,6.152,6.675,6.549,6.55,6.876
1591.03,28,6.106,6.771,6.112,6.07,5.518,6.376,6.244,6.535,6.912,7.346,6.531,6.407,6.263,6.55,4.523,7.135,6.473,6.453,6.909,6.177,6.706,6.597,6.552,6.839
1592.03,28,6.018,6.721,6.164,6.121,5.511,6.354,6.26,6.522,6.892,7.339,6.497,6.475,6.253,6.547,4.53,7.102,6.431,6.489,6.934,6.122,6.671,6.511,6.61,6.913
1593.03,28,6.016,6.768,6.137,6.039,5.526,6.283,6.262,6.481,6.921,7.322,6.496,6.499,6.2,6.487,4.437,7.158,6.483,6.462,6.921,6.149,6.733,6.537,6.55,6.939
1594.03,28,6.048,6.759,6.103,6.072,5.469,6.346,6.294,6.425,6.941,7.331,6.465,6.517,6.248,6.445,4.552,7.121,6.477,6.513,6.932,6.125,6.702,6.538,6.588,6.876
1595.03,28,6.014,6.741,6.144,6.016,5.482,6.409,6.254,6.436,6.815,7.357,6.452,6.428,6.288,6.479,4.521,7.144,6.334,6.456,6.859,6.077,6.662,6.569,6.639,6.934
1596.03,28,6.098,6.785,6.025,6.121,5.491,6.42,6.331,6.455,6.887,7.334,6.532,6.474,6.232,6.522,4.536,7.084,6.428,6.438,6.897,6.172,6.691,6.513,6.579,6.849
1597.03,28,6.003,6.746,6.071,6.034,5.476,6.361,6.263,6.503,6.95,7.373,6.45,6.521,6.202,6.554,4.484,7.086,6.409,6.438,7.004,6.107,6.721,6.498,6.541,6.885
1598.03,28,6.016,6.73,6.091,6.038,5.44,6.356,6.264,6.521,6.879,7.366,6.517,6.407,6.293,6.55,4.482,7.092,6.416,6.477,6.888,6.211,6.674,6.52,6.605,6.896
1599.03,28,6.026,6.769,6.071,6.046,5.478,6.367,6.25,6.509,6.852,7.347,6.442,6.526,6.228,6.614,4.523,7.167,6.427,6.453,6.886,6.186,6.678,6.519,6.551,6.858
1600.03,28,6.001,6.69,6.049,6.047,5.474,6.368,6.221,6.446,6.895,7.321,6.524,6.474,6.248,6.511,4.549,7.106,6.406,6.438,6.859,6.136,6.632,6.557,6.6,6.836
1601.03,28,6.026,6.709,6.099,6.031,5.483,6.381,6.303,6.463,6.879,7.331,6.459,6.496,6.253,6.535,4.507,7.144,6.421,6.424,6.901,6.129,6.721,6.571,6.572,6.873
1602.03,28,6.028,6.753,6.089,5.993,5.395,6.33,6.224,6.53,6.91,7.383,6.438,6.521,6.203,6.56,4.555,7.059,6.425,6.506,6.903,6.172,6.622,6.56,6.521,6.905
1603.03,28,5.994,6.686,6.043,5.989,5.463,6.347,6.279,6.446,6.917,7.34,6.458,6.409,6.255,6.591,4.483,7.159,6.486,6.488,6.838,6.146,6.655,6.521,6.582,6.866
1604.03,28,6.007,6.745,6.081,5.99,5.443,6.379,6.27,6.52,6.897,7.368,6.47,6.52,6.141,6.602,4.492,7.125,6.496,6.439,6.865,6.168,6.655,6.52,6.531,6.871
1605.03,28,6.055,6.653,6.092,6.057,5.532,6.345,6.246,6.44,6.888,7.283,6.475,6.476,6.27,6.523,4.577,7.05,6.445,6.478,6.91,6.099,6.644,6.512,6.556,6.87
1606.03,28,6.071,6.732,6.039,6.052,5.442,6.409,6.238,6.495,6.882,7.334,6.446,6.502,6.264,6.506,4.514,7.063,6.463,6.391,6.856,6.12,6.671,6.529,6.508,6.801
1607.03,28,6.038,6.719,6.075,6.016,5.394,6.396,6.296,6.424,6.92,7.345,6.426,6.486,6.257,6.534,4.546,7.151,6.394,6.458,6.874,6.158,6.646,6.525,6.556,6.874
1608.03,28,6.03,6.668,6.052,6.009,5.434,6.366,6.271,6.448,6.848,7.391,6.467,6.45,6.261,6.527,4.507,7.125,6.454,6.502,6.866,6.131,6.691,6.518,6.536,6.859
1609.03,28,6.044,6.683,6.055,6.078,5.531,6.35,6.223,6.396,6.923,7.358,6.435,6.474,6.271,6.608,4.54,7.162,6.46,6.435,6.899,6.084,6.675,6.486,6.556,6.852
1610.03,28,6.011,6.792,6.077,6.021,5.481,6.357,6.176,6.392,6.862,7.365,6.422,6.403,6.246,6.475,4.503,7.111,6.401,6.389,6.903,6.094,6.598,6.582,6.538,6.859
1611.03,28,6.001,6.681,6.099,6.081,5.485,6.325,6.196,6.42,6.859,7.359,6.445,6.387,6.207,6.529,4.589,7.087,6.465,6.487,6.955,6.095,6.636,6.501,6.526,6.849
1612.03,28,5.97,6.712,6.071,6.068,5.572,6.397,6.295,6.455,6.928,7.33,6.443,6.442,6.22,6.578,4.523,7.106,6.372,6.411,6.898,6.119,6.665,6.535,6.596,6.855
1613.03,28,5.954,6.699,6.11,5.991,5.473,6.353,6.202,6.471,6.891,7.35,6.485,6.469,6.253,6.495,4.466,7.145,6.432,6.404,6.912,6.102,6.692,6.493,6.581,6.842
1614.03,28,6.095,6.746,6.095,5.995,5.423,6.284,6.184,6.467,6.898,7.33,6.443,6.474,6.244,6.472,4.488,7.091,6.442,6.472,6.888,6.126,6.644,6.512,6.585,6.82
1615.03,28,6.024,6.618,6.074,6.035,5.433,6.385,6.235,6.454,6.914,7.396,6.407,6.462,6.141,6.523,4.483,7.129,6.374,6.435,6.904,6.152,6.6,6.491,6.507,6.79
1616.03,28,6.02,6.678,6.047,6.031,5.495,6.303,6.199,6.427,6.919,7.387,6.47,6.447,6.118,6.581,4.483,7.05,6.469,6.395,6.869,6.141,6.662,6.532,6.508,6.927
1617.03,28,5.985,6.665,6.047,6.076,5.404,6.352,6.185,6.448,6.904,7.336,6.437,6.494,6.22,6.542,4.495,7.118,6.438,6.489,6.873,6.191,6.62,6.496,6.538,6.845
1618.03,28,6.031,6.674,6.087,6.027,5.476,6.33,6.154,6.443,6.872,7.291,6.4,6.409,6.193,6.497,4.528,7.091,6.434,6.429,6.888,6.112,6.653,6.55,6.553,6.826
1619.03,28,5.982,6.639,6.124,6.047,5.396,6.34,6.219,6.437,6.855,7.371,6.445,6.443,6.224,6.559,4.52,7.14,6.423,6.553,6.878,6.121,6.651,6.575,6.466,6.878
1620.03,28,5.997,6.762,6.045,6.063,5.466,6.312,6.182,6.437,6.92,7.312,6.389,6.48,6.192,6.576,4.545,7.067,6.45,6.396,6.866,6.137,6.65,6.518,6.567,6.807
1621.03,28,5.993,6.705,6.048,5.973,5.419,6.337,6.164,6.486,6.789,7.345,6.429,6.421,6.157,6.516,4.567,7.126,6.486,6.48,6.88,6.103,6.617,6.508,6.515,6.8
1622.03,28,5.96,6.768,6.061,6.009,5.476,6.34,6.186,6.464,6.796,7.327,6.499,6.486,6.202,6.537,4.548,7.093,6.462,6.498,6.794,6.113,6.726,6.48,6.52,6.786
1623.03,28,5.984,6.726,6.025,6.036,5.464,6.354,6.179,6.452,6.863,7.3,6.44,6.449,6.207,6.556,4.568,7.132,6.414,6.511,6.927,6.117,6.692,6.54,6.536,6.805
1624.03,28,6.004,6.707,6.064,6.06,5.508,6.4,6.202,6.428,6.903,7.342,6.443,6.366,6.239,6.524,4.522,7.157,6.44,6.407,6.825,6.06,6.676,6.497,6.55,6.841
1625.03,28,6.014,6.68,6.084,6.049,5.348,6.328,6.236,6.385,6.929,7.336,6.444,6.411,6.229,6.511,4.505,7.153,6.473,6.462,6.903,6.113,6.623,6.548,6.496,6.839
1626.03,28,5.934,6.692,6.044,6.051,5.464,6.262,6.209,6.413,6.898,7.338,6.435,6.416,6.142,6.589,4.528,7.124,6.529,6.451,6.842,6.078,6.619,6.511,6.531,6.885
1627.03,28,5.972,6.709,6.072,6.064,5.439,6.354,6.207,6.469,6.886,7.353,6.401,6.43,6.185,6.547,4.553,7.119,6.48,6.45,6.914,6.185,6.559,6.556,6.496,6.823
1628.03,28,6.001,6.637,6.029,5.963,5.435,6.403,6.176,6.463,6.925,7.293,6.45,6.452,6.161,6.524,4.511,7.083,6.486,6.4,6.838,6.135,6.592,6.503,6.541,6.794
1629.03,28,5.997,6.675,5.989,5.969,5.42,6.331,6.275,6.477,6.912,7.318,6.389,6.44,6.173,6.54,4.508,7.095,6.444,6.385,6.851,6.135,6.644,6.442,6.488,6.768
1630.03,28,5.889,6.682,6.048,6.057,5.435,6.33,6.136,6.361,6.928,7.353,6.458,6.408,6.215,6.596,4.567,7.133,6.45,6.459,6.868,6.122,6.642,6.507,6.475,6.764
1631.03,28,5.924,6.653,6.037,6.005,5.434,6.323,6.197,6.398,6.831,7.4,6.462,6.418,6.226,6.547,4.49,7.107,6.478,6.414,6.844,6.139,6.659,6.496,6.5,6.807
1632.03,28,6.003,6.666,6.014,6.006,5.486,6.311,6.226,6.459,6.906,7.378,6.392,6.457,6.158,6.542,4.554,7.101,6.515,6.45,6.878,6.111,6.673,6.464,6.502,6.8
1633.03,28,5.91,6.65,6.029,6.017,5.392,6.306,6.212,6.383,6.945,7.355,6.398,6.364,6.147,6.464,4.551,7.18,6.409,6.461,6.843,6.089,6.609,6.508,6.483,6.798
1634.03,28,5.938,6.706,5.979,6.025,5.377,6.286,6.251,6.408,6.896,7.328,6.492,6.449,6.197,6.543,4.511,7.139,6.472,6.42,6.815,6.09,6.645,6.497,6.459,6.819
1635.03,28,5.999,6.604,6.087,6.037,5.462,6.318,6.227,6.413,6.889,7.376,6.455,6.425,6.134,6.55,4.513,7.066,6.429,6.432,6.907,6.088,6.545,6.494,6.535,6.741
1636.03,28,5.958,6.657,5.986,6.025,5.447,6.359,6.155,6.43,6.917,7.335,6.393,6.387,6.199,6.63,4.493,7.123,6.412,6.42,6.902,6.101,6.625,6.493,6.505,6.82
1637.03,28,6.037,6.7,5.988,5.989,5.389,6.341,6.16,6.412,6.941,7.366,6.368,6.382,6.201,6.501,4.546,7.091,6.378,6.425,6.87,6.07,6.678,6.547,6.482,6.831
1638.03,28,5.973,6.688,6.048,5.998,5.394,6.333,6.195,6.441,6.848,7.333,6.398,6.43,6.211,6.526,4.513,7.128,6.488,6.386,6.825,6.103,6.633,6.452,6.477,6.776
1639.03,28,5.975,6.677,6.023,5.995,5.442,6.362,6.24,6.4,6.853,7.361,6.355,6.46,6.151,6.517,4.518,7.139,6.459,6.399,6.863,6.086,6.638,6.511,6.441,6.797
1640.03,28,5.948,6.66,6.006,6.064,5.389,6.373,6.156,6.394,6.839,7.331,6.421,6.423,6.131,6.492,4.556,7.082,6.446,6.378,6.814,6.102,6.647,6.456,6.477,6.79
1641.03,28,5.967,6.661,6.078,5.999,5.495,6.287,6.163,6.388,6.933,7.281,6.418,6.413,6.242,6.51,4.495,7.158,6.427,6.389,6.895,6.088,6.638,6.507,6.45,6.757
1642.03,28,5.954,6.648,6.007,5.989,5.366,6.384,6.172,6.474,6.855,7.314,6.434,6.391,6.174,6.544,4.54,7.107,6.45,6.421,6.892,6.042,6.604,6.433,6.527,6.828
1643.03,28,5.878,6.629,6.008,5.966,5.423,6.304,6.138,6.452,6.883,7.335,6.435,6.423,6.14,6.643,4.529,7.076,6.476,6.408,6.888,6.089,6.636,6.408,6.501,6.835
1644.03,28,5.914,6.644,6.037,6.073,5.37,6.337,6.136,6.354,6.905,7.3,6.44,6.414,6.18,6.5,4.524,7.076,6.397,6.356,6.858,6.078,6.642,6.456,6.488,6.818
1645.03,28,5.979,6.64,6.083,6.022,5.426,6.269,6.146,6.373,6.844,7.32,6.377,6.41,6.097,6.608,4.48,7.17,6.455,6.363,6.818,6.079,6.603,6.543,6.488,6.77
1646.03,28,5.94,6.62,5.983,6.011,5.442,6.323,6.133,6.38,6.797,7.34,6.389,6.466,6.15,6.548,4.548,7.118,6.453,6.404,6.84,6.018,6.637,6.517,6.425,6.756
1647.03,28,5.954,6.674,6.041,6.044,5.326,6.274,6.196,6.47,6.895,7.358,6.336,6.421,6.131,6.593,4.53,7.084,6.472,6.387,6.871,6.087,6.695,6.483,6.52,6.794
1648.03,28,5.943,6.623,6.008,6.054,5.406,6.333,6.113,6.359,6.891,7.307,6.363,6.446,6.173,6.492,4.502,7.12,6.471,6.478,6.784,6.078,6.665,6.508,6.449,6.773
1649.03,28,5.924,6.662,6.065,6.057,5.384,6.346,6.186,6.419,6.866,7.354,6.324,6.349,6.162,6.516,4.544,7.148,6.449,6.384,6.736,6.116,6.613,6.376,6.483,6.769
1650.03,28,5.895,6.582,6.023,5.982,5.442,6.36,6.148,6.406,6.909,7.341,6.32,6.393,6.126,6.505,4.533,7.135,6.41,6.423,6.836,6.035,6.594,6.387,6.52,6.804
1651.03,28,5.975,6.683,6.101,6.004,5.452,6.319,6.202,6.438,6.883,7.354,6.378,6.397,6.117,6.538,4.552,7.073,6.461,6.371,6.846,6.011,6.605,6.442,6.475,6.768
1652.03,28,5.908,6.706,6.015,5.946,5.408,6.281,6.14,6.411,6.949,7.417,6.307,6.38,6.105,6.549,4.535,7.081,6.491,6.355,6.813,6.053,6.589,6.449,6.413,6.821
1653.03,28,5.946,6.623,5.997,5.957,5.34,6.301,6.133,6.39,6.909,7.408,6.395,6.389,6.11,6.524,4.616,7.139,6.487,6.402,6.792,6.069,6.605,6.488,6.443,6.754
1654.03,28,5.966,6.561,5.987,5.994,5.369,6.346,6.198,6.435,6.879,7.319,6.394,6.317,6.187,6.479,4.525,7.153,6.465,6.404,6.823,6.1,6.619,6.491,6.398,6.787
1655.03,28,5.94,6.628,6.049,5.974,5.286,6.304,6.11,6.406,6.895,7.336,6.349,6.435,6.175,6.573,4.529,7.112,6.484,6.364,6.811,6.04,6.584,6.435,6.482,6.741
1656.03,28,5.929,6.665,5.999,5.996,5.377,6.235,6.152,6.367,6.86,7.337,6.328,6.407,6.137,6.517,4.517,7.147,6.437,6.347,6.86,6.046,6.558,6.449,6.484,6.785
1657.03,28,5.897,6.605,6.048,6.028,5.438,6.347,6.193,6.396,6.959,7.331,6.371,6.357,6.189,6.536,4.49,7.074,6.431,6.388,6.836,6.068,6.65,6.418,6.467,6.763
1658.03,28,5.996,6.571,5.94,5.983,5.35,6.315,6.171,6.348,6.899,7.287,6.407,6.317,6.125,6.439,4.482,7.095,6.464,6.364,6.83,6.041,6.564,6.421,6.506,6.798
1659.03,28,5.961,6.664,5.958,6.022,5.335,6.297,6.227,6.308,6.947,7.27,6.304,6.323,6.118,6.617,4.505,7.14,6.456,6.344,6.815,6.076,6.541,6.413,6.464,6.791
1660.03,28,5.866,6.63,5.999,6.02,5.413,6.287,6.137,6.395,6.902,7.336,6.384,6.357,6.158,6.578,4.521,7.035,6.397,6.337,6.803,6.119,6.525,6.466,6.454,6.738
1661.03,28,5.931,6.66,6.041,5.91,5.38,6.247,6.138,6.355,6.911,7.295,6.407,6.328,6.117,6.552,4.537,7.085,6.473,6.409,6.777,6.005,6.617,6.469,6.454,6.799
1662.03,28,5.895,6.639,5.975,5.999,5.332,6.291,6.165,6.405,6.897,7.318,6.334,6.331,6.181,6.534,4.515,7.175,6.427,6.477,6.762,6.099,6.53,6.427,6.438,6.81
1663.03,28,5.924,6.608,5.974,5.955,5.44,6.336,6.153,6.347,6.852,7.316,6.413,6.367,6.147,6.584,4.475,7.085,6.366,6.348,6.833,6.029,6.568,6.35,6.469,6.716
1664.03,28,5.969,6.584,6.028,5.926,5.344,6.31,6.161,6.353,6.942,7.309,6.381,6.318,6.152,6.543,4.572,7.093,6.379,6.362,6.801,5.997,6.569,6.474,6.441,6.772
1665.03,28,5.93,6.665,6.013,5.947,5.399,6.301,6.136,6.368,6.945,7.338,6.371,6.389,6.117,6.586,4.551,7.105,6.464,6.368,6.835,6.063,6.549,6.401,6.451,6.788
1666.03,28,5.92,6.632,5.927,5.95,5.384,6.309,6.145,6.354,6.865,7.355,6.352,6.323,6.144,6.592,4.561,7.119,6.501,6.392,6.769,5.981,6.593,6.513,6.491,6.76
1667.03,28,5.963,6.618,6.061,5.915,5.372,6.266,6.052,6.371,6.889,7.384,6.361,6.418,6.134,6.59,4.565,7.069,6.478,6.382,6.76,6.013,6.548,6.448,6.425,6.718
1668.03,28,5.934,6.65,6.014,5.903,5.376,6.28,6.059,6.37,6.918,7.318,6.411,6.311,6.162,6.516,4.609,7.169,6.488,6.378,6.825,6.058,6.582,6.393,6.502,6.767
1669.03,28,5.912,6.666,6.015,5.934,5.325,6.238,6.134,6.365,6.87,7.359,6.369,6.358,6.189,6.54,4.529,7.232,6.482,6.341,6.715,6.005,6.554,6.466,6.457,6.748
1670.03,28,5.895,6.599,5.953,5.964,5.307,6.349,6.106,6.319,6.898,7.323,6.345,6.336,6.136,6.502,4.575,7.162,6.435,6.385,6.787,6.076,6.576,6.465,6.435,6.695
1671.03,28,5.984,6.595,5.969,6.006,5.379,6.281,6.122,6.408,6.888,7.316,6.385,6.41,6.082,6.538,4.52,7.11,6.399,6.381,6.745,6.011,6.619,6.427,6.478,6.764
1672.03,28,5.878,6.587,5.911,5.963,5.35,6.289,6.177,6.375,6.866,7.32,6.39,6.324,6.107,6.521,4.555,7.126,6.45,6.405,6.819,6.009,6.546,6.431,6.432,6.786
1673.03,28,5.948,6.582,6.027,5.945,5.372,6.238,6.134,6.323,6.985,7.311,6.345,6.385,6.09,6.532,4.516,7.124,6.448,6.383,6.807,6.055,6.552,6.449,6.493,6.685
1674.03,28,5.897,6.671,5.979,5.953,5.321,6.299,6.193,6.369,6.88,7.321,6.344,6.306,6.102,6.512,4.526,7.142,6.506,6.334,6.739,6.022,6.568,6.488,6.448,6.744
1675.03,28,5.853,6.579,5.947,5.974,5.337,6.313,6.111,6.325,6.895,7.376,6.32,6.345,6.123,6.553,4.513,7.085,6.454,6.388,6.816,6.008,6.516,6.439,6.455,6.757
1676.03,28,5.903,6.577,5.923,5.931,5.288,6.225,6.191,6.382,6.872,7.266,6.367,6.336,6.136,6.566,4.547,7.142,6.448,6.395,6.765,6.044,6.555,6.417,6.415,6.722
1677.03,28,5.909,6.593,6.059,5.971,5.319,6.237,6.115,6.381,6.914,7.299,6.381,6.297,6.078,6.602,4.51,7.102,6.408,6.33,6.818,6.069,6.541,6.465,6.464,6.719
1678.03,28,5.89,6.606,5.926,5.962,5.367,6.217,6.084,6.349,6.89,7.318,6.278,6.356,6.132,6.531,4.492,7.089,6.458,6.354,6.742,6.005,6.566,6.451,6.411,6.725
1679.03,28,5.911,6.591,5.962,5.946,5.31,6.312,6.082,6.326,6.892,7.341,6.365,6.329,6.137,6.565,4.439,7.131,6.405,6.299,6.832,6.02,6.605,6.406,6.435,6.772
1680.03,28,5.922,6.631,5.952,5.933,5.307,6.282,6.141,6.325,6.859,7.372,6.348,6.32,6.099,6.511,4.51,7.102,6.499,6.365,6.752,6.052,6.513,6.393,6.428,6.736
1681.03,28,5.906,6.507,5.985,5.933,5.36,6.266,6.163,6.387,6.964,7.366,6.33,6.33,6.088,6.561,4.516,7.084,6.454,6.346,6.826,5.977,6.542,6.447,6.444,6.797
1682.03,28,5.928,6.573,5.902,5.999,5.351,6.257,6.13,6.377,6.926,7.319,6.303,6.399,6.096,6.507,4.517,7.173,6.456,6.323,6.727,6,6.524,6.393,6.413,6.693
1683.03,28,5.886,6.667,5.929,5.974,5.322,6.267,6.152,6.345,6.877,7.346,6.31,6.353,6.112,6.528,4.481,7.153,6.46,6.327,6.785,6.042,6.523,6.407,6.383,6.751
1684.03,28,5.907,6.575,5.959,5.958,5.354,6.261,6.12,6.36,6.939,7.277,6.285,6.356,6.133,6.524,4.47,7.121,6.454,6.35,6.745,6.002,6.559,6.429,6.401,6.678
1685.03,28,5.864,6.623,5.92,5.948,5.274,6.26,6.131,6.35,6.906,7.341,6.317,6.33,6.053,6.577,4.523,7.085,6.475,6.346,6.755,6.059,6.579,6.412,6.392,6.707
1686.03,28,5.84,6.524,5.914,5.939,5.333,6.221,6.099,6.356,6.947,7.373,6.343,6.257,6.007,6.509,4.497,7.139,6.513,6.34,6.703,6.006,6.505,6.408,6.459,6.696
1687.03,28,5.849,6.636,5.926,5.932,5.338,6.2,6.093,6.338,6.901,7.347,6.329,6.338,6.059,6.523,4.52,7.117,6.469,6.319,6.791,5.944,6.579,6.396,6.453,6.742
1688.03,28,5.829,6.558,5.846,5.979,5.23,6.258,6.069,6.294,6.885,7.349,6.275,6.358,6.084,6.496,4.563,7.095,6.463,6.362,6.782,6.004,6.472,6.356,6.448,6.738
1689.03,28,5.903,6.631,5.988,5.976,5.347,6.26,6.144,6.369,6.881,7.396,6.356,6.329,6.107,6.541,4.567,7.09,6.398,6.301,6.751,6.008,6.486,6.356,6.438,6.697
1690.03,28,5.876,6.515,5.924,5.859,5.333,6.224,6.022,6.412,6.864,7.341,6.313,6.309,6.053,6.541,4.511,7.093,6.352,6.375,6.846,6.008,6.579,6.448,6.412,6.675
1691.03,28,5.804,6.546,5.955,5.961,5.348,6.191,6.125,6.34,6.921,7.376,6.348,6.346,6.085,6.615,4.549,7.013,6.448,6.318,6.774,6.022,6.527,6.394,6.458,6.763
1692.03,28,5.842,6.511,5.941,5.996,5.388,6.217,6.056,6.344,6.946,7.35,6.33,6.279,6.077,6.614,4.511,7.131,6.42,6.41,6.763,6.003,6.548,6.422,6.377,6.69
1693.03,28,5.833,6.566,5.92,5.941,5.286,6.215,6.13,6.312,6.932,7.331,6.332,6.27,6.105,6.539,4.564,7.082,6.433,6.36,6.769,5.965,6.54,6.433,6.411,6.768
1694.03,28,5.876,6.537,5.919,5.993,5.356,6.217,6.075,6.306,6.946,7.357,6.357,6.399,6.029,6.514,4.508,7.138,6.435,6.319,6.753,5.906,6.535,6.365,6.395,6.652
1695.03,28,5.818,6.541,5.914,5.94,5.321,6.165,6.15,6.365,6.86,7.396,6.399,6.336,6.085,6.552,4.462,7.174,6.466,6.323,6.768,5.933,6.478,6.392,6.423,6.719
1696.03,28,5.793,6.548,5.886,5.965,5.327,6.243,6.099,6.312,6.842,7.406,6.373,6.304,6.051,6.502,4.505,7.061,6.534,6.337,6.726,6.005,6.492,6.346,6.42,6.707
1697.03,28,5.865,6.559,5.977,6.009,5.241,6.206,6.09,6.3,6.9,7.348,6.314,6.294,6.111,6.544,4.491,7.147,6.423,6.275,6.793,5.978,6.525,6.393,6.402,6.678
1698.03,28,5.852,6.568,5.908,5.949,5.325,6.26,6.101,6.372,6.925,7.299,6.319,6.327,6.113,6.52,4.536,7.119,6.491,6.331,6.742,5.979,6.514,6.452,6.392,6.682
1699.03,28,5.858,6.629,5.945,5.901,5.31,6.262,6.095,6.356,6.87,7.324,6.325,6.323,6.056,6.591,4.552,7.114,6.539,6.316,6.704,5.988,6.491,6.426,6.425,6.732
1700.03,28,5.834,6.517,5.868,5.931,5.306,6.208,6.125,6.301,6.89,7.311,6.395,6.352,6.152,6.512,4.521,7.088,6.451,6.36,6.742,5.947,6.514,6.407,6.481,6.682
1701.03,28,5.779,6.486,5.89,5.945,5.286,6.22,6.068,6.295,6.873,7.371,6.309,6.307,6.102,6.485,4.539,7.116,6.422,6.307,6.682,5.958,6.61,6.365,6.324,6.726
1702.03,28,5.843,6.493,5.949,5.938,5.3,6.192,6.067,6.344,6.919,7.346,6.285,6.272,6.083,6.59,4.53,7.14,6.413,6.369,6.773,6.071,6.561,6.383,6.42,6.73
1703.03,28,5.799,6.57,5.871,5.926,5.318,6.204,6.096,6.253,6.94,7.302,6.342,6.307,6,6.497,4.554,7.16,6.472,6.364,6.767,6.025,6.513,6.363,6.394,6.755
1704.03,28,5.836,6.502,5.95,5.902,5.282,6.305,6.093,6.329,6.897,7.289,6.297,6.295,6.065,6.518,4.529,7.133,6.425,6.296,6.762,5.912,6.481,6.382,6.379,6.758
1705.03,28,5.8,6.555,5.881,5.908,5.332,6.233,6.061,6.355,6.857,7.288,6.308,6.321,6.071,6.539,4.55,7.131,6.478,6.386,6.755,6.005,6.466,6.36,6.357,6.68
1706.03,28,5.838,6.469,5.955,5.908,5.327,6.226,6.056,6.297,6.876,7.316,6.241,6.274,6.087,6.577,4.559,7.076,6.485,6.339,6.761,6.005,6.476,6.395,6.349,6.703
1707.03,28,5.835,6.579,5.904,5.948,5.304,6.167,6.087,6.301,6.891,7.355,6.275,6.288,6.055,6.519,4.534,7.065,6.498,6.366,6.74,5.993,6.485,6.354,6.453,6.661
1708.03,28,5.813,6.457,5.882,5.912,5.276,6.214,6.078,6.355,6.917,7.356,6.295,6.324,6.038,6.579,4.493,7.156,6.468,6.296,6.737,5.968,6.513,6.406,6.383,6.672
1709.03,28,5.835,6.574,5.991,5.852,5.335,6.265,6.054,6.27,6.876,7.321,6.285,6.292,6.056,6.548,4.479,7.088,6.48,6.296,6.746,5.972,6.478,6.375,6.389,6.735
1710.03,28,5.879,6.593,5.941,5.901,5.348,6.125,6.02,6.31,6.898,7.369,6.288,6.312,6.02,6.583,4.55,7.189,6.442,6.343,6.731,5.933,6.497,6.304,6.401,6.738
1711.03,28,5.812,6.517,5.991,5.89,5.289,6.222,6.099,6.308,6.885,7.303,6.269,6.31,6.055,6.515,4.458,7.116,6.446,6.26,6.745,5.981,6.492,6.351,6.41,6.674
1712.03,28,5.862,6.559,5.881,5.934,5.344,6.183,6.067,6.311,6.854,7.345,6.33,6.198,6.005,6.562,4.501,7.156,6.431,6.249,6.804,5.979,6.517,6.376,6.463,6.647
1713.03,28,5.859,6.505,5.926,5.917,5.288,6.25,6.095,6.218,6.905,7.331,6.257,6.238,6.053,6.529,4.467,7.139,6.499,6.324,6.765,6.009,6.461,6.322,6.422,6.67
1714.03,28,5.839,6.599,5.874,5.946,5.293,6.242,6.066,6.243,7.011,7.29,6.281,6.329,5.991,6.625,4.535,7.182,6.38,6.329,6.752,5.968,6.494,6.337,6.36,6.702
1715.03,28,5.811,6.539,5.863,5.855,5.256,6.188,6.054,6.217,6.899,7.368,6.245,6.267,6.032,6.578,4.515,7.143,6.458,6.239,6.719,5.93,6.462,6.355,6.354,6.641
1716.03,28,5.803,6.511,5.879,5.863,5.31,6.175,6.123,6.358,6.937,7.317,6.281,6.335,6.04,6.559,4.568,7.11,6.434,6.279,6.745,5.951,6.469,6.347,6.389,6.654
1717.03,28,5.796,6.534,5.904,5.873,5.308,6.188,6.064,6.257,6.969,7.331,6.254,6.247,6.074,6.574,4.482,7.141,6.488,6.201,6.65,5.999,6.459,6.405,6.36,6.646
1718.03,28,5.761,6.525,5.918,5.852,5.214,6.157,6.089,6.343,6.844,7.416,6.385,6.354,6.04,6.61,4.552,7.114,6.511,6.291,6.734,5.927,6.427,6.361,6.412,6.643
1719.03,28,5.791,6.473,5.933,5.835,5.252,6.227,6.059,6.302,6.914,7.35,6.232,6.262,6.074,6.567,4.529,7.136,6.437,6.274,6.748,5.975,6.516,6.33,6.34,6.705
1720.03,28,5.846,6.484,5.831,5.979,5.319,6.185,6.034,6.326,6.9,7.39,6.252,6.249,6.123,6.52,4.495,7.104,6.485,6.296,6.723,5.944,6.525,6.391,6.418,6.703
1721.03,28,5.795,6.488,5.874,5.902,5.238,6.203,6.032,6.31,6.845,7.413,6.305,6.315,5.997,6.573,4.593,7.14,6.436,6.338,6.707,5.995,6.542,6.329,6.395,6.662
1722.03,28,5.798,6.489,5.878,5.895,5.216,6.149,6.029,6.275,6.862,7.35,6.258,6.229,6.041,6.453,4.476,7.154,6.459,6.301,6.78,5.988,6.538,6.324,6.359,6.662
1723.03,28,5.765,6.471,5.904,5.913,5.355,6.148,6.104,6.214,6.889,7.335,6.263,6.297,6.056,6.579,4.467,7.159,6.473,6.266,6.677,5.92,6.484,6.349,6.291,6.689
1724.03,28,5.782,6.467,5.861,5.84,5.282,6.204,6.05,6.295,6.821,7.349,6.288,6.252,6.025,6.58,4.567,7.124,6.445,6.282,6.737,5.909,6.507,6.355,6.303,6.612
1725.03,28,5.761,6.526,5.865,5.882,5.259,6.23,6.064,6.275,6.875,7.255,6.226,6.23,5.988,6.625,4.555,7.155,6.421,6.27,6.694,6.001,6.417,6.412,6.391,6.644
1726.03,28,5.793,6.531,5.877,5.922,5.3,6.18,6.072,6.269,6.828,7.342,6.319,6.232,6.053,6.546,4.557,7.065,6.512,6.342,6.725,5.984,6.46,6.378,6.36,6.659
1727.03,28,5.8,6.474,5.889,5.884,5.26,6.183,6.023,6.273,6.942,7.322,6.245,6.264,6.052,6.569,4.533,7.126,6.451,6.326,6.694,5.955,6.509,6.275,6.422,6.65
1728.03,28,5.799,6.478,5.818,5.869,5.325,6.133,6.019,6.325,6.899,7.369,6.239,6.267,6.012,6.598,4.573,7.13,6.525,6.272,6.668,5.936,6.502,6.379,6.404,6.651
1729.03,28,5.803,6.541,5.875,5.813,5.282,6.169,6.002,6.297,6.851,7.285,6.298,6.222,6.002,6.603,4.478,7.104,6.487,6.22,6.612,5.931,6.506,6.362,6.302,6.67
1730.03,28,5.854,6.518,5.902,5.931,5.253,6.129,6.055,6.293,6.832,7.362,6.266,6.275,5.999,6.609,4.509,7.034,6.475,6.348,6.711,5.92,6.427,6.356,6.298,6.635
1731.03,28,5.75,6.402,5.867,5.922,5.281,6.263,6.038,6.291,6.882,7.34,6.282,6.294,6.078,6.611,4.547,7.114,6.47,6.232,6.674,5.942,6.507,6.392,6.365,6.679
1732.03,28,5.792,6.527,5.887,5.903,5.304,6.151,5.971,6.302,6.872,7.312,6.251,6.267,5.985,6.584,4.557,7.124,6.452,6.3,6.719,5.957,6.453,6.335,6.375,6.645
1733.03,28,5.756,6.496,5.882,5.861,5.177,6.15,6,6.271,6.902,7.334,6.277,6.238,6.078,6.563,4.62,7.169,6.413,6.292,6.68,5.937,6.435,6.339,6.362,6.64
1734.03,28,5.795,6.534,5.838,5.848,5.255,6.124,6.065,6.282,6.933,7.353,6.237,6.32,6.012,6.521,4.502,7.115,6.491,6.312,6.645,5.885,6.475,6.301,6.369,6.674
1735.03,28,5.726,6.499,5.927,5.876,5.274,6.208,6.074,6.288,6.91,7.362,6.269,6.251,6.042,6.524,4.573,7.147,6.458,6.282,6.677,5.92,6.503,6.387,6.33,6.625
1736.03,28,5.759,6.496,5.807,5.825,5.266,6.169,6.014,6.307,6.944,7.323,6.26,6.264,5.98,6.571,4.54,7.113,6.474,6.277,6.768,5.976,6.503,6.366,6.375,6.653
1737.03,28,5.774,6.431,5.839,5.866,5.226,6.159,6.034,6.202,6.86,7.39,6.236,6.301,6.005,6.587,4.514,7.234,6.434,6.239,6.701,5.874,6.472,6.3,6.324,6.604
1738.03,28,5.733,6.524,5.781,5.958,5.22,6.147,6.013,6.232,6.934,7.437,6.209,6.241,6.017,6.527,4.55,7.143,6.518,6.246,6.723,5.923,6.452,6.359,6.377,6.612
1739.03,28,5.802,6.478,5.879,5.877,5.228,6.149,5.98,6.237,6.942,7.383,6.247,6.234,6.075,6.518,4.535,7.096,6.472,6.231,6.69,5.951,6.417,6.319,6.293,6.708
1740.03,28,5.769,6.554,5.826,5.934,5.166,6.19,5.982,6.254,6.928,7.379,6.302,6.182,5.933,6.525,4.499,7.121,6.478,6.314,6.677,5.835,6.415,6.345,6.329,6.664
1741.03,28,5.712,6.503,5.842,5.833,5.169,6.198,6.03,6.231,6.924,7.377,6.251,6.293,6.033,6.553,4.429,7.136,6.433,6.243,6.647,5.92,6.457,6.317,6.288,6.647
1742.03,28,5.762,6.502,5.84,5.877,5.25,6.177,6.076,6.296,6.894,7.285,6.185,6.237,6.022,6.544,4.532,7.113,6.475,6.284,6.648,5.884,6.441,6.334,6.333,6.705
1743.03,28,5.758,6.44,5.819,5.89,5.212,6.152,6.066,6.251,6.908,7.318,6.199,6.181,6.044,6.559,4.55,7.105,6.443,6.248,6.711,5.896,6.436,6.344,6.353,6.681
1744.03,28,5.774,6.516,5.859,5.874,5.217,6.207,6,6.305,6.929,7.369,6.154,6.18,6.059,6.624,4.51,7.117,6.429,6.223,6.703,5.858,6.468,6.299,6.345,6.697
1745.03,28,5.715,6.445,5.847,5.858,5.241,6.127,5.994,6.266,6.897,7.35,6.245,6.246,5.988,6.526,4.559,7.147,6.43,6.319,6.691,5.934,6.547,6.385,6.341,6.622
1746.03,28,5.724,6.488,5.814,5.886,5.257,6.186,6.01,6.289,7.001,7.33,6.134,6.207,5.979,6.563,4.491,7.109,6.502,6.21,6.706,5.905,6.526,6.293,6.337,6.635
1747.03,28,5.788,6.446,5.891,5.88,5.164,6.12,6.045,6.231,6.947,7.362,6.243,6.242,5.999,6.544,4.548,7.14,6.478,6.304,6.638,5.91,6.449,6.293,6.369,6.635
1748.03,28,5.755,6.398,5.839,5.915,5.261,6.172,5.992,6.314,6.918,7.319,6.29,6.223,5.959,6.526,4.599,7.11,6.419,6.224,6.654,5.889,6.392,6.304,6.372,6.662
1749.03,28,5.724,6.446,5.81,5.937,5.216,6.176,5.994,6.23,6.944,7.341,6.251,6.213,5.967,6.561,4.534,7.14,6.37,6.295,6.664,5.862,6.43,6.298,6.358,6.624
1750.03,28,5.724,6.471,5.846,5.923,5.161,6.205,6.028,6.243,6.857,7.396,6.246,6.129,5.897,6.561,4.505,7.05,6.455,6.296,6.685,5.869,6.397,6.295,6.358,6.675
1751.03,28,5.742,6.416,5.815,5.857,5.187,6.113,5.989,6.157,6.905,7.298,6.27,6.234,5.971,6.599,4.525,7.125,6.42,6.214,6.704,5.881,6.482,6.298,6.259,6.61
1752.03,28,5.743,6.452,5.848,5.89,5.218,6.188,5.962,6.184,6.882,7.41,6.162,6.235,5.998,6.628,4.508,7.087,6.487,6.246,6.643,5.889,6.49,6.313,6.294,6.676
1753.03,28,5.761,6.433,5.886,5.875,5.196,6.156,5.978,6.268,6.897,7.395,6.193,6.22,5.991,6.505,4.511,7.069,6.481,6.247,6.616,5.918,6.47,6.249,6.388,6.652
1754.03,28,5.756,6.471,5.808,5.926,5.171,6.135,5.985,6.237,6.884,7.34,6.253,6.196,5.956,6.603,4.524,7.162,6.494,6.243,6.717,5.939,6.425,6.286,6.334,6.655
1755.03,28,5.75,6.365,5.87,5.887,5.146,6.109,5.971,6.251,6.971,7.321,6.174,6.184,5.946,6.567,4.545,7.095,6.432,6.222,6.571,5.879,6.481,6.286,6.306,6.655
1756.03,28,5.721,6.503,5.769,5.844,5.19,6.108,6,6.282,6.902,7.362,6.23,6.25,5.965,6.524,4.528,7.117,6.469,6.237,6.574,5.859,6.392,6.311,6.346,6.683
1757.03,28,5.783,6.485,5.875,5.871,5.185,6.118,5.988,6.258,6.865,7.374,6.262,6.225,6.001,6.591,4.538,7.078,6.476,6.187,6.665,5.876,6.421,6.316,6.383,6.586
1758.03,28,5.774,6.418,5.846,5.88,5.206,6.137,6.014,6.243,6.926,7.307,6.146,6.155,5.975,6.625,4.516,7.086,6.462,6.271,6.721,5.915,6.497,6.269,6.296,6.557
1759.03,28,5.77,6.477,5.853,5.867,5.206,6.077,5.969,6.2,6.882,7.357,6.198,6.19,5.887,6.604,4.502,7.065,6.496,6.191,6.641,5.89,6.436,6.289,6.343,6.599
1760.03,28,5.753,6.464,5.828,5.918,5.198,6.156,6.013,6.181,6.875,7.301,6.256,6.257,5.947,6.523,4.505,7.071,6.463,6.214,6.642,5.885,6.375,6.376,6.241,6.669
1761.03,28,5.748,6.455,5.792,5.938,5.233,6.146,6.028,6.206,6.932,7.383,6.182,6.147,6.018,6.532,4.485,7.085,6.457,6.23,6.682,5.873,6.413,6.296,6.269,6.681
1762.03,28,5.697,6.438,5.79,5.825,5.169,6.111,5.979,6.176,6.902,7.361,6.239,6.22,5.98,6.63,4.537,7.182,6.492,6.217,6.626,5.88,6.371,6.291,6.332,6.639
1763.03,28,5.716,6.428,5.869,5.847,5.217,6.089,5.967,6.2,6.936,7.333,6.18,6.161,5.963,6.6,4.507,7.164,6.499,6.242,6.67,5.855,6.536,6.337,6.286,6.634
1764.03,28,5.685,6.413,5.807,5.943,5.197,6.128,5.922,6.184,6.908,7.301,6.209,6.182,5.96,6.535,4.479,7.121,6.414,6.235,6.699,5.868,6.416,6.281,6.296,6.598
1765.03,28,5.699,6.471,5.748,5.918,5.169,6.158,5.923,6.211,6.873,7.303,6.216,6.2,5.954,6.529,4.552,7.096,6.512,6.125,6.682,5.887,6.421,6.334,6.307,6.628
1766.03,28,5.737,6.43,5.833,5.902,5.171,6.098,5.93,6.226,6.882,7.319,6.196,6.127,5.952,6.538,4.53,7.11,6.532,6.213,6.676,5.846,6.386,6.28,6.262,6.605
1767.03,28,5.724,6.443,5.829,5.938,5.198,6.172,5.93,6.232,6.896,7.384,6.176,6.198,6.011,6.56,4.511,7.14,6.468,6.178,6.617,5.846,6.485,6.283,6.301,6.564
1768.03,28,5.686,6.44,5.762,5.885,5.217,6.093,5.953,6.188,6.88,7.322,6.146,6.2,5.93,6.577,4.497,7.134,6.493,6.229,6.62,5.947,6.446,6.334,6.35,6.615
1769.03,28,5.729,6.409,5.809,5.834,5.158,6.132,6.005,6.245,6.88,7.38,6.169,6.198,5.98,6.566,4.49,7.134,6.473,6.246,6.693,5.869,6.404,6.301,6.294,6.631
1770.03,28,5.722,6.438,5.707,5.903,5.161,6.131,5.999,6.179,6.9,7.314,6.188,6.155,5.997,6.512,4.475,7.134,6.482,6.199,6.642,5.896,6.441,6.262,6.333,6.587
1771.03,28,5.711,6.391,5.792,5.889,5.226,6.201,5.964,6.272,6.879,7.382,6.179,6.184,5.984,6.522,4.554,7.124,6.413,6.253,6.631,5.888,6.421,6.266,6.329,6.544
1772.03,28,5.719,6.432,5.773,5.927,5.209,6.134,5.964,6.215,6.875,7.359,6.25,6.198,5.972,6.578,4.518,7.201,6.423,6.158,6.649,5.881,6.372,6.321,6.245,6.609
1773.03,28,5.664,6.461,5.768,5.87,5.158,6.057,5.957,6.181,6.905,7.321,6.194,6.171,6.047,6.593,4.553,7.113,6.481,6.232,6.645,5.91,6.43,6.309,6.333,6.61
1774.03,28,5.632,6.503,5.813,5.885,5.171,6.107,5.942,6.186,6.929,7.312,6.21,6.181,5.921,6.548,4.546,7.109,6.393,6.174,6.64,5.85,6.409,6.303,6.347,6.569
1775.03,28,5.718,6.444,5.768,5.848,5.139,6.171,5.95,6.204,6.965,7.32,6.131,6.178,5.905,6.567,4.497,7.188,6.451,6.203,6.697,5.892,6.422,6.248,6.362,6.608
1776.03,28,5.668,6.408,5.815,5.83,5.134,6.096,5.973,6.204,6.907,7.329,6.181,6.156,5.919,6.572,4.482,7.121,6.491,6.218,6.657,5.815,6.393,6.304,6.312,6.572
1777.03,28,5.725,6.438,5.777,5.848,5.116,6.104,6.013,6.203,6.93,7.376,6.234,6.224,5.961,6.519,4.531,7.234,6.479,6.176,6.619,5.844,6.381,6.257,6.287,6.579
1778.03,28,5.74,6.385,5.747,5.902,5.148,6.062,5.979,6.17,6.968,7.379,6.2,6.15,6.005,6.558,4.553,7.151,6.489,6.205,6.647,5.879,6.372,6.32,6.254,6.597
1779.03,28,5.699,6.407,5.776,5.936,5.281,6.102,5.977,6.18,6.922,7.381,6.166,6.182,5.934,6.577,4.541,7.079,6.454,6.219,6.537,5.75,6.409,6.227,6.24,6.595
1780.03,28,5.678,6.508,5.715,5.816,5.181,6.032,5.94,6.221,6.857,7.326,6.163,6.181,5.943,6.581,4.536,7.18,6.429,6.19,6.633,5.898,6.404,6.257,6.205,6.577
1781.03,28,5.672,6.373,5.768,5.812,5.145,6.115,5.923,6.212,6.841,7.37,6.15,6.175,5.929,6.613,4.502,7.14,6.527,6.171,6.672,5.837,6.392,6.241,6.324,6.574
1782.03,28,5.7,6.345,5.679,5.833,5.166,6.113,5.932,6.129,6.918,7.376,6.17,6.152,5.903,6.58,4.518,7.139,6.461,6.204,6.552,5.84,6.364,6.208,6.293,6.563
1783.03,28,5.711,6.356,5.795,5.87,5.14,6.101,5.985,6.193,6.93,7.316,6.143,6.11,5.981,6.544,4.553,7.097,6.468,6.196,6.692,5.805,6.448,6.286,6.289,6.578
1784.03,28,5.701,6.403,5.681,5.887,5.077,6.048,5.959,6.197,6.882,7.341,6.15,6.185,5.912,6.59,4.503,7.114,6.518,6.248,6.634,5.92,6.424,6.301,6.289,6.565
1785.03,28,5.69,6.402,5.708,5.924,5.155,6.108,5.912,6.179,6.946,7.347,6.154,6.196,5.97,6.511,4.51,7.093,6.478,6.18,6.63,5.855,6.388,6.301,6.302,6.606
1786.03,28,5.723,6.432,5.751,5.895,5.109,6.118,5.935,6.121,6.904,7.359,6.14,6.146,5.98,6.597,4.572,7.139,6.419,6.175,6.652,5.897,6.37,6.222,6.249,6.611
1787.03,28,5.656,6.37,5.774,5.852,5.18,6.078,5.896,6.12,6.885,7.351,6.122,6.154,5.939,6.569,4.532,7.132,6.455,6.157,6.594,5.796,6.424,6.276,6.324,6.574
1788.03,28,5.639,6.37,5.774,5.952,5.153,6.113,5.891,6.163,6.85,7.356,6.266,6.175,5.918,6.575,4.613,7.092,6.492,6.215,6.617,5.846,6.374,6.283,6.193,6.525
1789.03,28,5.63,6.373,5.779,5.857,5.156,6.111,5.988,6.124,6.873,7.351,6.179,6.133,5.849,6.592,4.518,7.138,6.42,6.115,6.625,5.81,6.451,6.244,6.213,6.603
1790.03,28,5.715,6.368,5.706,5.922,5.095,6.127,5.897,6.227,6.914,7.353,6.136,6.18,5.944,6.571,4.526,7.1,6.465,6.178,6.644,5.85,6.358,6.255,6.281,6.591
1791.03,28,5.669,6.348,5.787,5.88,5.126,6.111,5.908,6.168,6.868,7.357,6.099,6.15,5.846,6.517,4.522,7.057,6.47,6.211,6.612,5.821,6.426,6.315,6.262,6.538
1792.03,28,5.598,6.391,5.735,5.939,5.117,6.066,5.849,6.166,6.834,7.379,6.124,6.131,5.901,6.543,4.51,7.093,6.434,6.131,6.665,5.858,6.33,6.267,6.271,6.526
1793.03,28,5.642,6.362,5.77,5.969,5.145,6.126,5.989,6.186,6.827,7.407,6.207,6.153,5.895,6.613,4.575,7.13,6.467,6.242,6.621,5.786,6.378,6.236,6.211,6.592
1794.03,28,5.664,6.389,5.771,5.931,5.11,6.05,5.866,6.114,6.911,7.376,6.144,6.157,5.86,6.554,4.554,7.1,6.42,6.156,6.613,5.764,6.424,6.276,6.277,6.522
1795.03,28,5.657,6.382,5.696,5.917,5.105,6.109,5.994,6.144,6.873,7.348,6.134,6.126,5.917,6.591,4.515,7.127,6.521,6.171,6.652,5.813,6.407,6.335,6.329,6.55
1796.03,28,5.641,6.364,5.759,5.855,5.093,6.058,5.923,6.204,6.904,7.391,6.181,6.189,5.894,6.619,4.514,7.114,6.485,6.193,6.646,5.824,6.329,6.233,6.185,6.577
1797.03,28,5.631,6.395,5.756,5.896,5.156,6.075,5.955,6.186,6.954,7.351,6.155,6.114,5.9,6.596,4.464,7.117,6.413,6.231,6.663,5.774,6.343,6.264,6.281,6.636
1798.03,28,5.687,6.368,5.752,5.897,5.146,6.03,5.953,6.158,6.885,7.311,6.103,6.142,5.873,6.55,4.509,7.13,6.506,6.156,6.607,5.849,6.384,6.223,6.258,6.541
1799.03,28,5.672,6.387,5.8,5.902,5.155,6.016,5.977,6.107,6.863,7.342,6.141,6.175,5.888,6.584,4.507,7.104,6.456,6.14,6.635,5.833,6.326,6.235,6.219,6.627
1800.03,28,5.681,6.355,5.775,5.844,5.108,6.074,5.884,6.182,6.935,7.341,6.091,6.12,5.924,6.574,4.483,7.067,6.451,6.165,6.607,5.755,6.362,6.264,6.301,6.541
1801.03,28,5.701,6.282,5.727,5.903,5.165,6.085,5.952,6.16,6.908,7.305,6.159,6.113,5.903,6.577,4.463,7.101,6.453,6.163,6.593,5.825,6.359,6.252,6.238,6.564
1802.03,28,5.668,6.333,5.693,5.824,5.166,6.091,5.949,6.196,6.948,7.314,6.147,6.11,5.878,6.614,4.552,7.153,6.488,6.135,6.618,5.852,6.358,6.244,6.264,6.617
1803.03,28,5.682,6.318,5.785,5.877,5.136,6.063,5.937,6.256,6.911,7.355,6.136,6.188,5.916,6.582,4.535,7.116,6.529,6.185,6.528,5.755,6.356,6.202,6.237,6.566
1804.03,28,5.628,6.322,5.764,5.915,5.168,6.025,5.905,6.099,6.917,7.341,6.162,6.129,5.896,6.58,4.552,7.091,6.536,6.199,6.632,5.795,6.311,6.174,6.175,6.562
1805.03,28,5.615,6.384,5.753,6.014,5.097,6.045,5.933,6.107,6.95,7.356,6.101,6.088,5.805,6.581,4.515,7.133,6.409,6.169,6.595,5.808,6.398,6.175,6.257,6.6
1806.03,28,5.587,6.35,5.728,5.897,5.149,6.068,5.943,6.131,6.913,7.317,6.13,6.142,5.936,6.553,4.554,7.165,6.486,6.197,6.586,5.819,6.384,6.21,6.218,6.573
1807.03,28,5.651,6.405,5.702,5.841,5.155,6.093,5.907,6.17,6.919,7.335,6.119,6.052,5.871,6.523,4.466,7.139,6.486,6.13,6.653,5.81,6.326,6.181,6.26,6.545
1808.03,28,5.68,6.346,5.797,5.951,5.083,5.943,5.928,6.161,6.899,7.378,6.077,6.16,5.833,6.591,4.502,7.12,6.505,6.151,6.541,5.879,6.402,6.218,6.26,6.567
1809.03,28,5.598,6.286,5.733,5.904,5.198,6.076,5.863,6.143,6.953,7.363,6.085,6.126,5.972,6.545,4.493,7.171,6.444,6.175,6.624,5.744,6.337,6.221,6.255,6.637
1810.03,28,5.637,6.327,5.724,5.96,5.146,6.007,5.951,6.157,6.856,7.392,6.038,6.086,5.866,6.553,4.481,7.105,6.477,6.13,6.626,5.819,6.383,6.197,6.203,6.546
1811.03,28,5.612,6.39,5.712,5.838,5.135,6.084,5.915,6.115,6.854,7.371,6.101,6.079,5.845,6.534,4.527,7.137,6.534,6.178,6.571,5.805,6.361,6.183,6.24,6.543
1812.03,28,5.694,6.314,5.727,5.889,5.123,6.118,5.877,6.15,6.983,7.362,6.137,6.099,5.837,6.692,4.569,7.093,6.49,6.174,6.584,5.763,6.335,6.185,6.177,6.545
1813.03,28,5.604,6.331,5.679,5.941,5.186,6.054,5.905,6.094,6.916,7.422,6.141,6.034,5.889,6.59,4.564,7.225,6.491,6.118,6.596,5.841,6.423,6.189,6.199,6.482
1814.03,28,5.566,6.329,5.681,5.964,5.208,6.007,5.902,6.125,6.951,7.345,6.041,6.115,5.858,6.59,4.485,7.153,6.42,6.167,6.56,5.797,6.32,6.256,6.184,6.527
1815.03,28,5.661,6.302,5.751,5.878,5.155,6.018,5.898,6.093,6.925,7.372,6.102,6.109,5.883,6.6,4.478,7.088,6.497,6.133,6.609,5.779,6.299,6.243,6.205,6.561
1816.03,28,5.614,6.293,5.654,5.884,5.128,6.046,5.89,6.174,6.894,7.345,6.144,6.088,5.864,6.609,4.489,7.136,6.466,6.105,6.619,5.8,6.346,6.21,6.213,6.528
1817.03,28,5.578,6.344,5.661,5.944,5.218,6.054,5.912,6.106,6.864,7.416,6.108,6.057,5.882,6.572,4.525,7.114,6.475,6.166,6.533,5.896,6.357,6.249,6.197,6.498
1818.03,28,5.63,6.331,5.736,5.876,5.173,6.016,5.868,6.121,6.889,7.343,6.159,6.077,5.837,6.552,4.531,7.118,6.43,6.155,6.536,5.751,6.367,6.23,6.284,6.53
1819.03,28,5.589,6.349,5.654,5.89,5.225,6.046,5.929,6.116,6.954,7.334,6.071,6.064,5.842,6.62,4.478,7.081,6.447,6.193,6.589,5.8,6.333,6.197,6.174,6.478
1820.03,28,5.562,6.288,5.713,5.827,5.163,6.009,5.962,6.144,6.888,7.343,6.038,6.085,5.878,6.621,4.55,7.086,6.489,6.165,6.611,5.723,6.321,6.241,6.238,6.528
1821.03,28,5.634,6.363,5.668,5.918,5.182,6.014,5.876,6.091,6.905,7.392,6.076,6.084,5.834,6.55,4.533,7.091,6.418,6.143,6.589,5.786,6.324,6.208,6.239,6.516
1822.03,28,5.591,6.3,5.692,5.877,5.16,6.027,5.837,6.138,6.931,7.373,6.152,6.018,5.853,6.59,4.523,7.104,6.466,6.131,6.542,5.771,6.347,6.206,6.263,6.501
1823.03,28,5.542,6.349,5.686,5.9,5.169,5.974,5.893,6.125,6.896,7.386,6.079,6.028,5.857,6.637,4.555,7.071,6.471,6.158,6.602,5.742,6.366,6.225,6.193,6.559
1824.03,28,5.594,6.343,5.673,5.824,5.21,5.989,5.849,6.079,6.994,7.344,6.079,6.074,5.837,6.517,4.584,7.135,6.458,6.109,6.597,5.822,6.335,6.21,6.204,6.517
1825.03,28,5.644,6.295,5.731,5.919,5.131,5.955,5.879,6.027,6.919,7.444,6.039,6.063,5.827,6.592,4.485,7.149,6.439,6.151,6.505,5.76,6.311,6.237,6.195,6.52
1826.03,28,5.585,6.312,5.692,5.961,5.208,6.009,5.853,6.168,6.962,7.406,6.121,6.055,5.809,6.583,4.445,7.13,6.458,6.119,6.558,5.749,6.357,6.239,6.213,6.482
1827.03,28,5.65,6.227,5.63,5.934,5.187,6.038,5.818,6.105,6.886,7.354,6.063,6.09,5.909,6.594,4.481,7.055,6.467,6.123,6.584,5.787,6.285,6.193,6.154,6.532
1828.03,28,5.597,6.318,5.683,5.911,5.196,6.008,5.886,6.064,6.92,7.363,6.117,6.027,5.817,6.606,4.601,7.108,6.499,6.052,6.566,5.777,6.297,6.201,6.183,6.52
1829.03,28,5.553,6.328,5.691,5.831,5.279,6.023,5.872,6.099,6.941,7.352,6.045,6.019,5.832,6.486,4.521,7.147,6.535,6.16,6.548,5.78,6.298,6.224,6.198,6.528
1830.03,28,5.52,6.372,5.661,5.852,5.099,5.986,5.907,6.075,6.96,7.253,6.131,6.074,5.85,6.562,4.549,7.085,6.481,6.134,6.583,5.743,6.355,6.159,6.176,6.493
1831.03,28,5.533,6.311,5.68,5.953,5.183,6.075,5.893,6.127,6.876,7.326,6.141,6.057,5.85,6.573,4.558,7.156,6.451,6.145,6.58,5.815,6.307,6.188,6.217,6.467
1832.03,28,5.558,6.3,5.712,5.879,5.143,5.963,5.92,6.088,6.861,7.301,6.096,6.048,5.799,6.566,4.538,7.13,6.464,6.159,6.543,5.753,6.291,6.185,6.205,6.503
1833.03,28,5.532,6.267,5.67,5.894,5.097,6,5.853,6.098,6.896,7.263,6.044,6.015,5.886,6.573,4.512,7.043,6.465,6.141,6.53,5.772,6.283,6.158,6.179,6.475
1834.03,28,5.599,6.298,5.613,5.858,5.153,6.005,5.842,6.11,6.87,7.394,6.064,6.069,5.852,6.579,4.519,7.104,6.512,6.165,6.512,5.791,6.316,6.144,6.259,6.506
1835.03,28,5.619,6.236,5.611,5.841,5.162,6.055,5.842,6.068,6.901,7.354,6.063,6.089,5.868,6.538,4.567,7.2,6.461,6.109,6.556,5.755,6.301,6.167,6.229,6.594
1836.03,28,5.583,6.355,5.708,5.86,5.111,6.014,5.799,6.122,6.905,7.335,6.023,6.086,5.793,6.558,4.502,7.11,6.437,6.097,6.578,5.734,6.266,6.132,6.156,6.492
1837.03,28,5.593,6.299,5.659,5.958,5.147,5.97,5.865,6.134,6.875,7.377,6.053,6.109,5.857,6.54,4.517,7.108,6.435,6.128,6.562,5.751,6.283,6.152,6.234,6.489
1838.03,28,5.572,6.291,5.719,5.888,5.149,6.054,5.88,6.11,6.902,7.356,6.084,6.071,5.792,6.508,4.482,7.192,6.48,6.202,6.472,5.773,6.311,6.135,6.154,6.482
1839.03,28,5.536,6.256,5.619,5.974,5.236,5.996,5.87,6.058,6.834,7.349,6.072,6.05,5.818,6.57,4.541,7.151,6.523,6.158,6.484,5.687,6.325,6.139,6.251,6.5
1840.03,28,5.524,6.28,5.651,5.942,5.197,5.971,5.896,6.058,6.911,7.317,6.143,6.023,5.765,6.573,4.592,7.131,6.446,6.051,6.536,5.764,6.306,6.183,6.227,6.486
1841.03,28,5.582,6.337,5.621,5.931,5.166,6.01,5.88,6.108,6.955,7.401,6.064,6.043,5.811,6.6,4.507,7.135,6.464,6.147,6.569,5.717,6.275,6.145,6.25,6.492
1842.03,28,5.543,6.256,5.694,5.94,5.208,5.959,5.876,6.074,6.928,7.318,6.069,6.046,5.849,6.548,4.524,7.096,6.477,6.164,6.501,5.695,6.278,6.119,6.178,6.49
1843.03,28,5.567,6.272,5.689,5.84,5.219,6.033,5.78,6.049,6.907,7.426,6.029,6.049,5.788,6.584,4.482,7.093,6.475,6.128,6.487,5.741,6.289,6.179,6.21,6.459
1844.03,28,5.583,6.34,5.666,5.915,5.238,5.977,5.857,6.05,6.989,7.332,6.04,6.006,5.833,6.614,4.495,7.133,6.477,6.127,6.483,5.712,6.327,6.176,6.183,6.475
1845.03,28,5.605,6.26,5.714,5.923,5.184,5.981,5.808,6.057,6.917,7.323,6.05,6.089,5.854,6.557,4.568,7.106,6.526,6.111,6.554,5.686,6.309,6.184,6.165,6.493
1846.03,28,5.495,6.234,5.645,5.852,5.145,5.953,5.796,6.031,6.955,7.388,6.06,6.06,5.858,6.639,4.467,7.103,6.432,6.099,6.523,5.698,6.337,6.163,6.157,6.483
1847.03,28,5.559,6.284,5.635,5.92,5.17,5.932,5.915,6.06,6.866,7.307,6.015,6.02,5.802,6.548,4.581,7.125,6.472,6.145,6.485,5.714,6.286,6.127,6.186,6.511
1848.03,28,5.49,6.26,5.744,5.902,5.145,6.05,5.85,6.02,6.844,7.299,6.085,6.029,5.789,6.496,4.513,7.073,6.456,6.121,6.578,5.705,6.25,6.158,6.145,6.475
1849.03,28,5.524,6.234,5.694,5.917,5.134,5.939,5.776,6.043,6.93,7.281,6.01,5.992,5.796,6.571,4.565,7.081,6.428,6.119,6.524,5.739,6.344,6.184,6.148,6.481
1850.03,28,5.521,6.279,5.604,5.903,5.173,6.011,5.829,6.115,6.905,7.354,6.061,6.01,5.801,6.586,4.536,7.167,6.492,6.086,6.524,5.719,6.384,6.136,6.144,6.507
1851.03,28,5.541,6.237,5.597,5.861,5.157,5.91,5.846,6.071,6.961,7.384,6.082,6.022,5.79,6.564,4.488,7.157,6.501,6.125,6.486,5.722,6.309,6.175,6.129,6.475
1852.03,28,5.546,6.247,5.649,5.875,5.12,5.983,5.831,6.09,6.931,7.367,6.03,5.97,5.823,6.561,4.483,7.145,6.449,6.138,6.527,5.695,6.305,6.23,6.195,6.478
1853.03,28,5.534,6.208,5.614,5.871,5.21,6.011,5.751,6.07,6.917,7.374,6.043,5.976,5.778,6.578,4.462,7.145,6.47,6.034,6.468,5.706,6.304,6.161,6.176,6.554
1854.03,28,5.538,6.233,5.593,5.925,5.12,6.019,5.811,6.057,6.876,7.343,6.007,6.011,5.755,6.601,4.496,7.136,6.468,6.11,6.546,5.679,6.327,6.147,6.152,6.463
1855.03,28,5.502,6.189,5.548,5.898,5.201,6.011,5.824,6.05,6.897,7.358,6.012,5.971,5.751,6.583,4.503,7.123,6.419,6.056,6.56,5.735,6.313,6.131,6.139,6.488
1856.03,28,5.529,6.222,5.651,5.876,5.225,5.985,5.796,5.987,6.936,7.358,6.092,6.024,5.836,6.597,4.56,7.147,6.471,6.087,6.449,5.677,6.243,6.138,6.143,6.457
1857.03,28,5.485,6.236,5.556,5.876,5.164,5.984,5.831,6.101,6.869,7.332,6.048,6.044,5.774,6.513,4.522,7.199,6.467,6.067,6.571,5.691,6.235,6.13,6.179,6.456
1858.03,28,5.589,6.241,5.598,5.834,5.159,5.924,5.744,6.073,6.933,7.345,6.042,6.022,5.822,6.563,4.545,7.136,6.388,6.057,6.483,5.729,6.209,6.133,6.118,6.397
1859.03,28,5.502,6.258,5.574,5.891,5.162,5.972,5.791,5.996,6.879,7.37,6.025,5.952,5.769,6.566,4.576,7.069,6.474,6.05,6.493,5.676,6.283,6.151,6.146,6.504
1860.03,28,5.477,6.259,5.626,5.933,5.189,5.968,5.825,6.065,6.978,7.39,6.026,6.013,5.727,6.544,4.53,7.105,6.457,6.074,6.539,5.704,6.306,6.195,6.128,6.501
1861.03,28,5.517,6.264,5.659,5.877,5.266,5.969,5.846,5.99,6.906,7.387,6.025,6.04,5.785,6.574,4.496,7.136,6.447,6.074,6.461,5.761,6.232,6.082,6.145,6.501
1862.03,28,5.513,6.238,5.622,6.012,5.183,5.953,5.858,6.078,6.977,7.295,5.975,5.982,5.796,6.639,4.563,7.085,6.484,6.115,6.459,5.737,6.247,6.189,6.136,6.492
1863.03,28,5.432,6.152,5.617,5.951,5.159,5.957,5.803,6.003,6.95,7.329,6.01,6.042,5.797,6.558,4.532,7.196,6.482,6.05,6.527,5.751,6.255,6.16,6.218,6.454
1864.03,28,5.494,6.224,5.632,5.89,5.109,6.001,5.829,6.016,6.897,7.284,5.965,6.046,5.781,6.573,4.507,7.158,6.473,6.114,6.502,5.658,6.206,6.112,6.142,6.499
1865.03,28,5.522,6.219,5.553,5.83,5.189,5.987,5.818,6.036,6.918,7.309,6.016,6.055,5.78,6.59,4.648,7.129,6.42,6.067,6.477,5.648,6.296,6.116,6.134,6.475
1866.03,28,5.513,6.256,5.623,5.879,5.18,5.909,5.788,6.017,6.918,7.424,6.067,6.006,5.832,6.627,4.508,7.13,6.494,6.128,6.453,5.717,6.254,6.102,6.14,6.457
1867.03,28,5.491,6.246,5.535,5.965,5.203,5.952,5.815,6.011,6.943,7.327,6.013,5.979,5.737,6.615,4.514,7.115,6.531,6.043,6.45,5.678,6.268,6.191,6.135,6.426
1868.03,28,5.474,6.216,5.559,6.001,5.221,5.945,5.793,5.965,6.91,7.39,6.003,6.012,5.772,6.531,4.528,7.175,6.488,6.042,6.511,5.657,6.268,6.063,6.094,6.458
1869.03,28,5.493,6.231,5.643,5.986,5.205,5.937,5.792,6.008,6.922,7.327,6.009,6.015,5.765,6.607,4.544,7.1,6.456,6.086,6.504,5.638,6.19,6.141,6.184,6.468
1870.03,28,5.516,6.213,5.619,5.928,5.19,5.909,5.842,5.957,6.95,7.388,6.049,5.9,5.767,6.562,4.546,7.157,6.472,6.079,6.435,5.712,6.313,6.153,6.183,6.471
1871.03,28,5.441,6.18,5.598,5.912,5.263,5.961,5.773,5.998,6.899,7.267,5.992,5.964,5.797,6.589,4.488,7.166,6.451,6.069,6.48,5.667,6.232,6.09,6.184,6.388
1872.03,28,5.524,6.234,5.579,5.945,5.195,5.917,5.765,6.06,6.929,7.334,5.962,5.955,5.756,6.635,4.568,7.134,6.501,6.056,6.441,5.691,6.225,6.148,6.068,6.432
1873.03,28,5.53,6.257,5.589,5.943,5.194,5.908,5.852,6.051,6.877,7.398,6.039,6.093,5.76,6.624,4.492,7.147,6.425,5.972,6.481,5.65,6.267,6.159,6.132,6.43
1874.03,28,5.522,6.207,5.639,5.877,5.271,5.975,5.769,6.048,6.893,7.332,5.98,5.926,5.769,6.614,4.544,7.177,6.526,6.053,6.473,5.712,6.293,6.125,6.068,6.395
1875.03,28,5.524,6.135,5.619,5.968,5.18,5.949,5.769,6.043,6.894,7.359,6.058,5.993,5.722,6.555,4.477,7.088,6.492,6.047,6.438,5.738,6.274,6.156,6.124,6.506
1876.03,28,5.439,6.229,5.628,5.953,5.238,5.878,5.834,6.043,6.876,7.367,5.975,5.98,5.689,6.512,4.547,7.14,6.45,6.062,6.44,5.686,6.22,6.149,6.176,6.43
1877.03,28,5.458,6.205,5.614,5.917,5.232,5.955,5.827,6.062,6.884,7.339,5.963,5.935,5.751,6.585,4.621,7.059,6.481,6.047,6.503,5.719,6.232,6.098,6.15,6.433
1878.03,28,5.438,6.213,5.597,5.874,5.202,5.965,5.688,6.017,6.883,7.352,5.984,5.995,5.719,6.579,4.499,7.172,6.464,6.023,6.511,5.648,6.271,6.152,6.178,6.482
1879.03,28,5.459,6.189,5.586,5.933,5.226,5.967,5.738,6.01,6.958,7.32,5.975,5.989,5.748,6.573,4.553,7.122,6.456,6.037,6.43,5.691,6.317,6.138,6.136,6.421
1880.03,28,5.482,6.176,5.496,5.932,5.176,5.947,5.768,6.068,6.87,7.336,5.972,6.003,5.732,6.565,4.471,7.105,6.427,6.07,6.468,5.703,6.25,6.138,6.114,6.441
1881.03,28,5.461,6.235,5.552,5.857,5.213,5.948,5.762,5.961,6.937,7.4,5.969,5.985,5.723,6.582,4.494,7.115,6.525,6.041,6.414,5.622,6.188,6.097,6.185,6.442
1882.03,28,5.497,6.222,5.596,5.842,5.207,5.966,5.745,6.011,6.841,7.317,5.893,5.892,5.765,6.522,4.515,7.053,6.447,6.019,6.47,5.677,6.236,6.105,6.153,6.392
1883.03,28,5.433,6.214,5.552,5.9,5.215,5.916,5.824,6.064,6.828,7.354,6.011,5.921,5.704,6.522,4.526,7.139,6.399,6.102,6.509,5.64,6.239,6.18,6.14,6.425
1884.03,28,5.472,6.24,5.547,5.935,5.247,5.841,5.727,6.035,6.945,7.29,6,6.026,5.755,6.516,4.528,7.104,6.52,6.015,6.464,5.646,6.263,6.117,6.094,6.444
1885.03,28,5.476,6.19,5.53,5.894,5.168,5.966,5.746,5.896,6.955,7.386,5.995,5.991,5.732,6.586,4.541,7.116,6.453,6.042,6.478,5.653,6.24,6.087,6.094,6.445
1886.03,28,5.461,6.178,5.616,5.916,5.229,5.893,5.774,5.919,6.901,7.364,5.922,5.914,5.742,6.572,4.49,7.011,6.472,6.022,6.487,5.651,6.291,6.118,6.13,6.428
1887.03,28,5.454,6.251,5.573,5.963,5.215,5.891,5.749,5.973,6.896,7.307,5.984,5.942,5.805,6.552,4.501,7.208,6.451,6.112,6.439,5.673,6.206,6.097,6.145,6.42
1888.03,28,5.454,6.216,5.577,5.821,5.217,5.905,5.753,6.053,6.936,7.388,6.015,5.931,5.776,6.592,4.543,7.139,6.398,5.995,6.432,5.734,6.231,6.095,6.1,6.438
1889.03,28,5.472,6.175,5.577,5.915,5.152,5.916,5.779,6.016,6.912,7.33,5.939,5.95,5.68,6.617,4.497,7.056,6.497,6.084,6.463,5.583,6.145,6.119,6.141,6.432
1890.03,28,5.401,6.19,5.586,5.911,5.213,5.966,5.813,5.985,6.863,7.439,5.884,5.985,5.671,6.57,4.52,7.074,6.476,6.104,6.418,5.598,6.263,6.068,6.083,6.395
1891.03,28,5.42,6.151,5.585,5.928,5.252,5.947,5.736,5.943,6.916,7.369,5.954,5.952,5.724,6.553,4.532,7.128,6.468,5.987,6.495,5.648,6.205,6.149,6.164,6.398
1892.03,28,5.422,6.225,5.544,5.931,5.181,5.896,5.753,6.001,6.943,7.339,5.951,6.007,5.72,6.546,4.521,7.183,6.467,6.052,6.421,5.64,6.25,6.124,6.157,6.4
1893.03,28,5.475,6.148,5.555,5.884,5.244,5.892,5.741,6.038,6.871,7.355,5.957,5.896,5.692,6.654,4.523,7.128,6.448,6.029,6.476,5.685,6.179,6.043,6.151,6.39
1894.03,28,5.429,6.137,5.54,5.882,5.196,5.875,5.767,6.026,6.931,7.378,5.978,5.934,5.74,6.677,4.483,7.199,6.428,6.044,6.45,5.56,6.215,6.018,6.126,6.4
1895.03,28,5.482,6.136,5.514,5.871,5.203,5.92,5.758,6.022,6.885,7.373,5.964,5.903,5.739,6.578,4.57,7.141,6.453,5.97,6.443,5.632,6.232,6.069,6.088,6.398
1896.03,28,5.398,6.149,5.517,5.893,5.251,5.852,5.73,6.008,6.92,7.283,5.949,5.944,5.696,6.561,4.524,7.17,6.487,6.01,6.468,5.589,6.257,6.053,6.078,6.443
1897.03,28,5.395,6.151,5.574,5.889,5.231,5.925,5.78,5.993,6.94,7.375,5.928,5.952,5.765,6.518,4.546,7.133,6.456,6.013,6.472,5.683,6.152,6.03,6.117,6.454
1898.03,28,5.485,6.158,5.55,5.917,5.229,5.874,5.74,5.955,6.891,7.365,5.989,5.901,5.735,6.557,4.587,7.13,6.491,6.039,6.457,5.607,6.193,6.069,6.156,6.467
1899.03,28,5.449,6.151,5.526,5.955,5.256,5.961,5.781,5.952,6.921,7.364,5.904,5.941,5.704,6.574,4.573,7.17,6.526,6.047,6.502,5.629,6.18,6.087,6.138,6.384
1900.03,28,5.414,6.164,5.567,5.919,5.221,5.883,5.731,5.986,6.904,7.374,6.003,5.987,5.676,6.532,4.577,7.131,6.56,5.97,6.398,5.63,6.202,6.042,6.135,6.412
1901.03,28,5.454,6.156,5.586,5.86,5.281,5.933,5.732,5.978,6.845,7.256,5.988,5.985,5.705,6.628,4.531,7.152,6.483,6.018,6.434,5.624,6.204,6.098,6.09,6.404
1902.03,28,5.367,6.115,5.543,5.86,5.167,5.909,5.736,6.019,6.944,7.393,5.92,5.912,5.729,6.542,4.558,7.133,6.481,6.016,6.52,5.666,6.132,5.98,6.155,6.412
1903.03,28,5.43,6.108,5.565,5.871,5.255,5.914,5.67,5.908,6.992,7.359,5.942,5.959,5.679,6.63,4.524,7.123,6.502,6.046,6.439,5.694,6.261,6.092,6.057,6.41
1904.03,28,5.449,6.169,5.604,5.867,5.236,5.895,5.725,5.946,6.943,7.355,5.875,5.887,5.758,6.559,4.609,7.094,6.471,6.033,6.467,5.61,6.224,6.089,6.08,6.394
1905.03,28,5.414,6.137,5.461,5.874,5.257,5.91,5.751,5.988,6.979,7.382,5.935,5.872,5.686,6.568,4.505,7.171,6.471,5.952,6.455,5.61,6.171,6.091,6.133,6.403
1906.03,28,5.397,6.161,5.54,5.898,5.229,5.921,5.74,5.962,6.949,7.325,6.008,5.985,5.7,6.54,4.499,7.135,6.479,5.994,6.402,5.613,6.178,6.05,6.082,6.382
1907.03,28,5.384,6.1,5.524,5.848,5.161,5.946,5.645,5.943,6.921,7.365,5.947,5.91,5.743,6.593,4.557,7.164,6.53,6.036,6.396,5.676,6.191,6.098,6.064,6.431
1908.03,28,5.446,6.146,5.583,5.918,5.242,5.845,5.741,5.973,6.834,7.343,5.908,5.926,5.677,6.593,4.48,7.212,6.443,5.998,6.401,5.633,6.265,6.106,6.116,6.404
1909.03,28,5.436,6.139,5.476,5.955,5.213,5.907,5.673,6.01,6.918,7.375,5.939,5.904,5.665,6.56,4.487,7.14,6.473,5.959,6.437,5.628,6.216,6.096,6.139,6.361
1910.03,28,5.413,6.124,5.523,5.873,5.195,5.867,5.695,6.019,6.918,7.29,5.994,5.839,5.657,6.53,4.551,7.144,6.5,6.011,6.334,5.575,6.222,6.055,6.059,6.361
1911.03,28,5.406,6.143,5.518,5.889,5.217,5.895,5.749,5.95,6.921,7.305,5.916,5.882,5.643,6.54,4.495,7.184,6.489,5.984,6.44,5.637,6.183,6.068,6.075,6.408
1912.03,28,5.438,6.166,5.524,5.927,5.22,5.923,5.698,5.899,6.887,7.388,5.945,5.935,5.642,6.565,4.471,7.079,6.484,6.026,6.413,5.696,6.181,6.046,6.093,6.369
1913.03,28,5.394,6.103,5.418,5.859,5.219,5.866,5.754,5.989,6.823,7.343,5.947,5.961,5.628,6.558,4.526,7.147,6.473,6.088,6.436,5.615,6.232,6.043,6.106,6.347
1914.03,28,5.406,6.089,5.497,5.909,5.224,5.893,5.688,5.975,6.88,7.36,5.966,5.933,5.667,6.55,4.491,7.128,6.492,5.963,6.392,5.621,6.173,6.056,6.122,6.299
1915.03,28,5.423,6.11,5.554,5.931,5.218,5.875,5.638,5.935,6.912,7.365,5.98,5.955,5.714,6.511,4.536,7.155,6.482,5.935,6.43,5.666,6.179,6.026,6.028,6.42
1916.03,28,5.377,6.127,5.513,5.881,5.269,5.855,5.704,5.994,6.849,7.339,5.939,5.912,5.773,6.557,4.525,7.161,6.531,6.009,6.447,5.649,6.182,6.062,6.104,6.358
1917.03,28,5.403,6.103,5.486,5.862,5.183,5.845,5.744,5.897,6.992,7.38,5.916,5.879,5.655,6.573,4.545,7.091,6.521,6.041,6.443,5.615,6.152,6.047,6.089,6.37
1918.03,28,5.343,6.127,5.463,5.959,5.221,5.892,5.698,5.967,6.893,7.353,5.927,5.875,5.658,6.588,4.462,7.18,6.494,5.985,6.392,5.57,6.147,6.055,6.056,6.41
1919.03,28,5.44,6.133,5.498,5.873,5.231,5.864,5.688,5.934,6.946,7.343,5.959,5.916,5.678,6.57,4.554,7.16,6.518,5.943,6.368,5.608,6.102,6.063,6.044,6.382
1920.03,28,5.372,6.147,5.468,5.952,5.22,5.856,5.659,5.895,6.89,7.325,5.877,5.859,5.718,6.557,4.571,7.091,6.457,6.018,6.401,5.608,6.176,6.107,6.078,6.332
1921.03,28,5.37,6.089,5.447,5.937,5.222,5.853,5.699,5.959,6.887,7.383,5.952,5.933,5.681,6.604,4.524,7.142,6.469,6.011,6.483,5.572,6.184,6.139,6,6.288
1922.03,28,5.337,6.139,5.519,5.909,5.211,5.84,5.754,5.994,6.903,7.316,5.963,5.916,5.601,6.561,4.559,7.165,6.48,5.975,6.374,5.549,6.174,6.1,6.125,6.363
1923.03,28,5.377,6.059,5.497,5.947,5.252,5.931,5.735,5.912,6.913,7.317,5.933,5.889,5.67,6.618,4.533,7.147,6.494,5.989,6.404,5.592,6.175,5.987,6.121,6.378
1924.03,28,5.384,6.096,5.514,5.976,5.286,5.86,5.773,5.915,6.909,7.356,5.873,5.94,5.686,6.564,4.479,7.062,6.438,5.912,6.426,5.574,6.19,6.032,6.032,6.337
1925.03,28,5.336,6.129,5.451,5.926,5.283,5.882,5.709,5.893,6.882,7.319,5.886,5.922,5.644,6.652,4.574,7.166,6.46,6.003,6.446,5.615,6.199,6.032,6.104,6.373
1926.03,28,5.342,6.118,5.5,5.862,5.213,5.855,5.665,5.907,6.971,7.373,5.93,5.911,5.642,6.616,4.467,7.186,6.477,5.933,6.396,5.567,6.173,6.095,6.026,6.375
1927.03,28,5.372,6.088,5.54,5.908,5.208,5.795,5.698,5.984,6.881,7.393,5.877,5.957,5.711,6.586,4.523,7.187,6.444,5.989,6.384,5.55,6.159,6.037,6.076,6.37
1928.03,28,5.356,6.068,5.435,5.876,5.219,5.872,5.706,5.937,6.867,7.331,5.91,5.89,5.623,6.605,4.521,7.163,6.492,5.928,6.39,5.571,6.099,6.077,6.081,6.349
1929.03,28,5.334,6.075,5.494,5.922,5.213,5.801,5.731,6.016,6.913,7.353,5.823,5.892,5.735,6.622,4.555,7.13,6.442,5.939,6.426,5.58,6.177,5.89,6.012,6.329
1930.03,28,5.395,6.113,5.528,5.929,5.152,5.828,5.69,5.92,6.926,7.373,5.93,5.862,5.623,6.602,4.57,7.129,6.521,6.047,6.419,5.599,6.155,6.02,6.061,6.354
1931.03,28,5.401,6.091,5.52,5.887,5.292,5.974,5.727,5.91,6.915,7.287,5.892,5.933,5.641,6.523,4.488,7.048,6.442,6.004,6.398,5.585,6.184,6.017,6.058,6.341
1932.03,28,5.277,6.066,5.47,5.887,5.246,5.82,5.638,5.95,6.879,7.392,5.919,5.898,5.669,6.559,4.547,7.124,6.445,5.977,6.366,5.568,6.161,6.043,6.074,6.38
1933.03,28,5.403,6.043,5.443,5.9,5.201,5.922,5.657,5.858,6.852,7.315,5.854,5.877,5.721,6.57,4.499,7.144,6.519,5.982,6.398,5.633,6.129,6.055,6.071,6.303
1934.03,28,5.283,6.105,5.467,5.925,5.24,5.841,5.686,5.934,6.911,7.355,5.857,5.951,5.708,6.567,4.585,7.058,6.429,5.941,6.423,5.543,6.158,6.002,6.073,6.324
1935.03,28,5.351,6.08,5.422,5.923,5.234,5.838,5.71,5.882,6.956,7.327,5.833,5.913,5.621,6.599,4.433,7.106,6.462,5.941,6.428,5.592,6.174,6.011,6.081,6.319
1936.03,28,5.4,6.119,5.503,5.88,5.216,5.83,5.768,5.91,6.935,7.381,5.833,5.915,5.637,6.617,4.522,7.108,6.489,5.933,6.424,5.606,6.202,6.037,5.997,6.416
1937.03,28,5.293,6.133,5.465,5.873,5.253,5.824,5.674,5.906,6.884,7.312,5.845,5.851,5.613,6.571,4.475,7.074,6.45,5.998,6.386,5.567,6.11,6.061,6.063,6.403
1938.03,28,5.297,6.059,5.492,5.919,5.242,5.885,5.736,5.89,6.939,7.331,5.875,5.864,5.68,6.534,4.551,7.147,6.488,5.925,6.366,5.599,6.136,6.042,6.004,6.272
1939.03,28,5.347,6.14,5.418,5.851,5.227,5.827,5.656,5.935,6.908,7.348,5.915,5.86,5.641,6.479,4.519,7.178,6.46,5.921,6.384,5.514,6.182,6.058,5.976,6.354
1940.03,28,5.376,6.079,5.533,5.892,5.168,5.751,5.653,5.933,7.004,7.403,5.875,5.895,5.633,6.628,4.548,7.109,6.481,6.002,6.378,5.597,6.176,6.038,6.045,6.364
1941.03,28,5.293,6.117,5.484,5.951,5.231,5.864,5.612,5.923,6.897,7.39,5.868,5.818,5.64,6.58,4.557,7.184,6.502,5.903,6.448,5.565,6.137,6.01,6.028,6.38
1942.03,28,5.371,6.097,5.429,5.9,5.246,5.799,5.651,5.906,6.947,7.335,5.917,5.836,5.624,6.582,4.58,7.117,6.502,5.924,6.397,5.574,6.126,6.048,6.045,6.357
1943.03,28,5.361,6.056,5.462,5.919,5.226,5.809,5.668,5.879,6.967,7.385,5.853,5.842,5.628,6.578,4.489,7.104,6.469,5.912,6.386,5.592,6.107,6.017,6.06,6.354
1944.03,28,5.343,6.023,5.429,5.887,5.209,5.857,5.702,5.892,7.001,7.361,5.881,5.896,5.612,6.605,4.564,7.089,6.44,5.958,6.343,5.647,6.232,6.031,6.052,6.281
1945.03,28,5.313,6.118,5.513,5.963,5.258,5.88,5.642,5.867,6.83,7.353,5.887,5.768,5.652,6.575,4.494,7.144,6.443,5.893,6.356,5.536,6.108,6.055,6.029,6.342
1946.03,28,5.323,6.061,5.437,5.841,5.256,5.837,5.647,5.896,6.914,7.324,5.871,5.797,5.669,6.592,4.483,7.064,6.493,5.915,6.342,5.513,6.152,5.952,6.005,6.313
1947.03,28,5.236,6.059,5.506,5.956,5.253,5.806,5.675,5.866,6.915,7.346,5.841,5.79,5.591,6.567,4.561,7.165,6.44,5.933,6.4,5.526,6.086,6.007,6.023,6.285
1948.03,28,5.381,6.066,5.433,5.925,5.283,5.739,5.661,5.944,6.944,7.394,5.951,5.804,5.666,6.564,4.561,7.07,6.481,5.917,6.359,5.522,6.112,6.069,5.978,6.223
1949.03,28,5.313,5.987,5.416,5.99,5.267,5.794,5.664,5.83,6.92,7.296,5.87,5.856,5.657,6.583,4.567,7.148,6.514,5.884,6.339,5.575,6.148,5.995,5.983,6.336
1950.03,28,5.3,6.046,5.484,5.894,5.272,5.771,5.695,5.902,6.965,7.366,5.88,5.862,5.665,6.59,4.551,7.087,6.547,5.94,6.388,5.554,6.123,6.037,6.029,6.231
1951.03,28,5.378,6.042,5.493,5.927,5.232,5.868,5.663,5.929,6.849,7.335,5.889,5.825,5.579,6.598,4.495,7.085,6.491,5.985,6.36,5.523,6.186,5.96,6.017,6.353
1952.03,28,5.254,6.038,5.47,5.902,5.253,5.822,5.619,5.943,6.874,7.336,5.787,5.843,5.582,6.564,4.491,7.057,6.465,5.913,6.467,5.523,6.092,5.984,6.033,6.339
1953.03,28,5.344,6.076,5.453,5.886,5.302,5.812,5.616,5.836,6.936,7.324,5.788,5.806,5.687,6.6,4.499,7.086,6.345,5.97,6.337,5.592,6.101,6.01,6.02,6.319
1954.03,28,5.295,6.061,5.458,5.907,5.265,5.808,5.606,5.833,6.871,7.322,5.831,5.84,5.679,6.61,4.547,7.072,6.487,5.917,6.378,5.553,6.102,5.977,5.925,6.276
1955.03,28,5.282,6.004,5.456,5.86,5.234,5.764,5.715,5.882,6.96,7.364,5.818,5.803,5.59,6.605,4.516,7.155,6.464,5.917,6.376,5.515,6.148,5.98,5.985,6.314
1956.03,28,5.304,6.032,5.463,5.872,5.239,5.793,5.606,5.858,6.933,7.412,5.847,5.825,5.565,6.609,4.5,7.122,6.452,5.955,6.343,5.521,6.044,6.019,6.075,6.305
1957.03,28,5.358,6.049,5.391,5.867,5.227,5.772,5.618,5.886,6.902,7.378,5.831,5.807,5.612,6.626,4.563,7.138,6.445,5.905,6.384,5.504,6.079,5.96,5.99,6.313
1958.03,28,5.28,6.026,5.445,5.943,5.28,5.824,5.65,5.858,6.923,7.348,5.892,5.777,5.539,6.603,4.553,7.101,6.497,5.898,6.362,5.569,6.217,5.98,5.958,6.344
1959.03,28,5.233,6.031,5.468,5.951,5.248,5.806,5.629,5.915,6.887,7.324,5.836,5.912,5.568,6.594,4.548,7.159,6.464,5.924,6.313,5.482,6.144,5.946,6.009,6.25
1960.03,28,5.2,6.03,5.413,5.894,5.26,5.811,5.655,5.906,6.933,7.362,5.855,5.876,5.54,6.58,4.572,7.106,6.435,5.85,6.333,5.533,6.098,5.982,5.941,6.297
1961.03,28,5.29,6.066,5.416,5.971,5.284,5.82,5.702,5.825,6.88,7.356,5.792,5.856,5.586,6.583,4.529,7.097,6.506,5.918,6.324,5.474,6.028,5.996,5.97,6.353
1962.03,28,5.291,6.109,5.331,5.941,5.278,5.722,5.608,5.83,6.921,7.365,5.823,5.795,5.622,6.581,4.482,7.104,6.468,5.98,6.339,5.607,6.098,5.976,6.026,6.287
1963.03,28,5.292,5.959,5.416,5.913,5.272,5.783,5.622,5.852,6.921,7.335,5.803,5.753,5.608,6.614,4.604,7.07,6.437,5.919,6.369,5.537,6.129,5.979,5.976,6.237
1964.03,28,5.34,6.008,5.418,5.906,5.182,5.767,5.651,5.871,6.818,7.392,5.843,5.779,5.562,6.604,4.525,7.103,6.463,5.885,6.387,5.496,6.074,5.949,5.998,6.303
1965.03,28,5.283,6.053,5.432,5.912,5.215,5.792,5.616,5.889,6.913,7.32,5.86,5.787,5.657,6.602,4.54,7.151,6.456,5.883,6.232,5.469,6.106,5.958,5.989,6.269
1966.03,28,5.262,5.981,5.386,5.912,5.293,5.786,5.598,5.845,6.903,7.337,5.787,5.816,5.558,6.583,4.573,7.084,6.507,5.869,6.352,5.483,6.126,6.002,6.012,6.344
1967.03,28,5.287,6.001,5.333,5.908,5.253,5.771,5.658,5.804,6.896,7.364,5.84,5.822,5.595,6.607,4.507,7.126,6.459,5.881,6.347,5.456,6.087,5.939,5.987,6.3
1968.03,28,5.273,5.969,5.4,5.889,5.238,5.807,5.633,5.877,6.918,7.376,5.844,5.771,5.646,6.662,4.51,7.096,6.424,5.87,6.283,5.497,6.12,6.013,6.042,6.294
1969.03,28,5.279,6.066,5.378,5.881,5.247,5.722,5.663,5.841,6.929,7.432,5.786,5.811,5.64,6.623,4.59,7.161,6.464,5.874,6.328,5.494,6.107,5.983,5.996,6.24
1970.03,28,5.343,5.952,5.441,5.858,5.227,5.744,5.581,5.893,6.962,7.38,5.805,5.775,5.594,6.559,4.517,7.141,6.464,5.881,6.295,5.44,6.06,6.003,5.949,6.296
1971.03,28,5.244,6.037,5.396,5.945,5.279,5.702,5.575,5.859,6.94,7.347,5.844,5.827,5.588,6.588,4.445,7.137,6.484,5.881,6.31,5.476,6.171,6.024,6.006,6.291
1972.03,28,5.275,5.942,5.42,5.864,5.177,5.75,5.617,5.821,6.939,7.367,5.802,5.795,5.563,6.548,4.498,7.082,6.519,5.9,6.341,5.472,6.088,5.993,6.007,6.255
1973.03,28,5.275,6.026,5.391,5.916,5.174,5.784,5.61,5.827,6.927,7.416,5.834,5.765,5.577,6.568,4.494,7.121,6.47,5.873,6.348,5.495,6.133,5.912,6.001,6.3
1974.03,28,5.227,5.979,5.377,5.896,5.284,5.796,5.599,5.821,6.902,7.335,5.842,5.748,5.564,6.583,4.556,7.151,6.435,5.886,6.241,5.493,6.086,5.967,5.997,6.29
1975.03,28,5.232,5.97,5.374,5.904,5.271,5.759,5.584,5.784,6.951,7.281,5.83,5.71,5.518,6.597,4.533,7.15,6.471,5.859,6.282,5.532,6.086,5.953,5.917,6.34
1976.03,28,5.323,5.942,5.404,5.967,5.259,5.743,5.669,5.791,6.887,7.336,5.785,5.788,5.563,6.568,4.474,7.202,6.464,5.885,6.338,5.475,6.103,5.941,6.05,6.263
1977.03,28,5.215,6.045,5.331,5.854,5.263,5.739,5.588,5.828,6.895,7.371,5.838,5.744,5.581,6.574,4.529,7.116,6.412,5.85,6.337,5.526,6.085,5.937,5.982,6.263
1978.03,28,5.263,5.995,5.376,5.872,5.238,5.833,5.571,5.845,6.895,7.424,5.83,5.784,5.559,6.607,4.483,7.177,6.488,5.824,6.281,5.535,6.14,5.893,5.972,6.26
1979.03,28,5.232,5.978,5.364,5.909,5.276,5.741,5.587,5.83,6.912,7.351,5.755,5.792,5.528,6.592,4.556,7.1,6.465,5.938,6.302,5.511,6.145,6.008,6.02,6.215
1980.03,28,5.279,6.019,5.378,5.951,5.291,5.691,5.599,5.765,6.931,7.428,5.809,5.798,5.6,6.598,4.555,7.076,6.469,5.92,6.375,5.507,6.131,5.969,5.956,6.252
1981.03,28,5.281,5.969,5.316,5.894,5.288,5.743,5.593,5.809,6.906,7.386,5.804,5.837,5.593,6.613,4.508,7.051,6.538,5.964,6.261,5.487,6.045,6.011,5.954,6.244
1982.03,28,5.239,5.878,5.382,5.914,5.264,5.762,5.526,5.842,6.886,7.33,5.811,5.772,5.662,6.657,4.531,7.119,6.471,5.86,6.318,5.483,6.061,5.942,5.983,6.29
1983.03,28,5.309,5.962,5.383,5.904,5.263,5.771,5.555,5.797,6.919,7.352,5.843,5.679,5.506,6.554,4.523,7.14,6.427,5.847,6.281,5.477,6.04,5.966,5.91,6.257
1984.03,28,5.213,6.029,5.373,5.899,5.22,5.798,5.578,5.826,6.888,7.365,5.819,5.746,5.579,6.621,4.576,7.136,6.491,5.855,6.301,5.546,6.121,5.965,5.992,6.256
1985.03,28,5.293,6.002,5.341,5.898,5.263,5.778,5.563,5.847,6.946,7.358,5.75,5.75,5.562,6.649,4.556,7.094,6.474,5.919,6.249,5.461,6.009,5.859,5.998,6.234
1986.03,28,5.287,5.933,5.331,5.92,5.252,5.765,5.56,5.79,6.905,7.333,5.819,5.813,5.538,6.557,4.501,7.191,6.554,5.868,6.258,5.429,6.135,5.949,5.943,6.227
1987.03,28,5.225,5.983,5.34,5.951,5.309,5.754,5.579,5.765,6.93,7.425,5.754,5.767,5.495,6.592,4.537,7.146,6.497,5.877,6.312,5.48,6.078,5.965,5.991,6.227
1988.03,28,5.252,5.939,5.39,5.901,5.24,5.788,5.555,5.737,6.913,7.351,5.838,5.805,5.646,6.602,4.516,7.06,6.474,5.86,6.331,5.488,6.051,5.923,5.982,6.29
1989.03,28,5.247,5.938,5.298,5.965,5.149,5.77,5.582,5.84,6.94,7.313,5.796,5.759,5.457,6.544,4.526,7.093,6.39,5.835,6.293,5.46,6.067,5.946,5.942,6.291
1990.03,28,5.241,5.918,5.389,5.873,5.234,5.745,5.569,5.731,6.895,7.346,5.8,5.691,5.555,6.621,4.569,7.078,6.493,5.803,6.283,5.47,6.078,5.89,5.959,6.203
1991.03,28,5.207,5.928,5.319,5.877,5.267,5.749,5.537,5.816,6.892,7.382,5.756,5.797,5.513,6.637,4.487,7.122,6.516,5.876,6.295,5.498,6.064,6.024,5.931,6.185
1992.03,28,5.24,5.976,5.356,5.943,5.189,5.705,5.558,5.865,6.946,7.319,5.699,5.757,5.557,6.608,4.551,7.147,6.445,5.867,6.285,5.491,6.021,5.953,5.945,6.178
1993.03,28,5.197,5.896,5.392,5.921,5.291,5.688,5.561,5.796,6.872,7.342,5.797,5.713,5.53,6.514,4.556,7.13,6.489,5.849,6.319,5.498,5.991,5.993,5.962,6.25
1994.03,28,5.188,5.931,5.332,5.912,5.276,5.703,5.585,5.809,6.932,7.392,5.801,5.833,5.565,6.618,4.548,7.162,6.518,5.91,6.312,5.429,6.131,5.918,5.966,6.246
1995.03,28,5.213,5.971,5.271,5.899,5.251,5.743,5.564,5.779,6.876,7.412,5.752,5.756,5.566,6.615,4.556,7.131,6.418,5.901,6.252,5.414,6.029,5.946,5.965,6.206
1996.03,28,5.204,5.934,5.334,5.949,5.273,5.708,5.608,5.863,6.937,7.36,5.732,5.73,5.509,6.594,4.517,7.112,6.504,5.833,6.305,5.528,6.029,5.916,5.94,6.277
1997.03,28,5.194,5.977,5.388,5.892,5.282,5.666,5.529,5.756,6.89,7.395,5.784,5.862,5.491,6.63,4.491,7.064,6.487,5.821,6.28,5.461,5.997,5.949,5.965,6.269
1998.03,28,5.241,5.956,5.341,5.836,5.286,5.78,5.517,5.831,6.915,7.321,5.751,5.795,5.548,6.635,4.493,7.123,6.471,5.874,6.26,5.413,6.087,5.956,5.887,6.208
1999.03,28,5.192,5.924,5.325,5.938,5.217,5.698,5.59,5.761,6.935,7.307,5.732,5.756,5.53,6.635,4.505,7.133,6.449,5.866,6.253,5.491,6.005,5.886,5.93,6.302
2000.03,28,5.187,6.002,5.313,5.931,5.298,5.685,5.596,5.808,6.96,7.446,5.75,5.717,5.517,6.601,4.515,7.146,6.442,5.836,6.244,5.456,6.01,5.841,5.935,6.234
2001.03,28,5.198,5.946,5.31,5.922,5.28,5.682,5.543,5.802,6.877,7.352,5.721,5.706,5.48,6.582,4.558,7.111,6.562,5.855,6.219,5.444,6.053,5.966,5.915,6.219
2002.03,28,5.177,5.929,5.333,5.925,5.233,5.786,5.581,5.738,6.87,7.343,5.719,5.729,5.485,6.619,4.477,7.146,6.469,5.872,6.27,5.506,6.069,5.951,5.939,6.187
2003.03,28,5.168,5.972,5.352,5.919,5.266,5.74,5.579,5.766,6.91,7.425,5.721,5.739,5.494,6.532,4.556,7.06,6.544,5.897,6.306,5.429,6.01,5.883,5.935,6.147
2004.03,28,5.221,5.932,5.336,5.875,5.243,5.691,5.545,5.788,6.953,7.351,5.771,5.745,5.482,6.585,4.524,7.153,6.534,5.853,6.22,5.401,5.943,5.936,5.952,6.237
2005.03,28,5.134,5.956,5.341,5.894,5.23,5.671,5.504,5.738,6.945,7.283,5.656,5.81,5.615,6.638,4.494,7.1,6.431,5.862,6.33,5.412,6.061,5.893,5.892,6.201
2006.03,28,5.205,5.977,5.292,5.938,5.338,5.717,5.49,5.773,6.916,7.369,5.758,5.761,5.505,6.613,4.486,7.127,6.488,5.869,6.249,5.524,6.081,5.95,5.972,6.245
2007.03,28,5.133,5.933,5.305,5.946,5.294,5.646,5.609,5.732,6.926,7.307,5.788,5.713,5.53,6.638,4.571,7.108,6.526,5.866,6.27,5.463,6.03,5.862,5.958,6.278
2008.03,28,5.162,5.932,5.28,5.882,5.241,5.686,5.515,5.766,6.942,7.348,5.673,5.729,5.492,6.544,4.519,7.115,6.511,5.857,6.256,5.428,6.035,5.873,5.977,6.275
2009.03,28,5.179,5.929,5.267,5.908,5.338,5.747,5.505,5.819,6.873,7.403,5.786,5.74,5.455,6.552,4.487,7.098,6.524,5.851,6.281,5.444,6.018,5.976,5.943,6.221
2010.03,28,5.182,5.878,5.324,5.912,5.24,5.695,5.503,5.778,6.897,7.348,5.768,5.7,5.504,6.624,4.537,7.163,6.444,5.801,6.226,5.482,6.034,5.959,5.943,6.191
2011.03,28,5.198,5.955,5.297,5.87,5.261,5.725,5.489,5.835,6.911,7.299,5.673,5.699,5.521,6.592,4.506,7.13,6.499,5.791,6.298,5.366,5.982,5.898,5.943,6.27
2012.03,28,5.204,5.914,5.302,5.94,5.228,5.665,5.495,5.784,6.939,7.395,5.677,5.683,5.509,6.584,4.51,7.116,6.478,5.828,6.242,5.352,6.007,5.856,5.931,6.185
2013.03,28,5.144,5.904,5.301,5.893,5.307,5.743,5.518,5.745,6.926,7.357,5.764,5.65,5.525,6.516,4.49,7.064,6.497,5.839,6.245,5.434,6.061,5.876,5.973,6.215
2014.03,28,5.159,5.89,5.302,5.949,5.28,5.714,5.453,5.794,6.936,7.326,5.742,5.711,5.511,6.613,4.501,7.097,6.461,5.849,6.295,5.409,5.962,5.921,5.95,6.163
2015.03,28,5.108,5.911,5.289,5.898,5.307,5.703,5.506,5.756,6.915,7.383,5.715,5.678,5.438,6.546,4.538,7.122,6.519,5.928,6.237,5.475,5.966,5.873,5.884,6.291
2016.03,28,5.141,5.888,5.328,5.882,5.279,5.761,5.523,5.738,6.903,7.354,5.752,5.751,5.533,6.578,4.456,7.152,6.409,5.818,6.239,5.428,6.014,5.888,5.905,6.092
2017.03,28,5.168,5.919,5.289,5.98,5.278,5.683,5.572,5.794,6.884,7.337,5.795,5.725,5.461,6.612,4.592,7.095,6.492,5.905,6.257,5.384,6.007,5.924,5.901,6.281
2018.03,28,5.185,5.925,5.278,5.881,5.286,5.696,5.49,5.698,6.95,7.379,5.764,5.733,5.494,6.606,4.543,7.098,6.452,5.791,6.287,5.459,6.052,5.874,5.962,6.15
2019.03,28,5.184,5.926,5.303,5.857,5.245,5.678,5.535,5.836,6.893,7.355,5.761,5.691,5.532,6.653,4.495,7.172,6.488,5.795,6.312,5.435,6.092,5.886,5.924,6.183
2020.03,28,5.163,5.97,5.265,5.931,5.271,5.714,5.481,5.737,6.952,7.307,5.771,5.683,5.502,6.611,4.526,7.046,6.447,5.82,6.284,5.331,6.045,5.841,5.943,6.243
2021.03,28,5.1,5.867,5.321,5.924,5.279,5.702,5.501,5.699,6.955,7.444,5.788,5.696,5.496,6.549,4.483,7.098,6.509,5.794,6.272,5.382,6.054,5.893,5.889,6.157
2022.03,28,5.138,5.877,5.304,5.881,5.321,5.671,5.488,5.789,6.958,7.359,5.717,5.649,5.501,6.575,4.525,7.148,6.521,5.826,6.218,5.41,6.029,5.839,5.924,6.178
2023.03,28,5.203,5.87,5.276,5.93,5.338,5.732,5.542,5.682,6.978,7.353,5.753,5.703,5.484,6.559,4.506,7.128,6.438,5.795,6.222,5.367,6.012,5.885,5.885,6.289
2024.03,28,5.143,5.878,5.215,5.895,5.286,5.663,5.449,5.762,6.872,7.392,5.726,5.662,5.434,6.613,4.589,7.156,6.48,5.696,6.191,5.403,5.955,5.87,5.83,6.185
2025.03,28,5.144,5.904,5.351,5.903,5.235,5.605,5.442,5.739,6.89,7.382,5.734,5.661,5.443,6.578,4.528,7.133,6.488,5.844,6.229,5.364,5.985,5.869,5.899,6.205
2026.03,28,5.115,5.868,5.263,6.009,5.339,5.657,5.447,5.734,6.879,7.276,5.695,5.634,5.488,6.58,4.541,7.116,6.451,5.819,6.184,5.425,5.996,5.907,5.97,6.172
2027.03,28,5.107,5.88,5.247,5.936,5.243,5.653,5.479,5.72,6.892,7.311,5.73,5.675,5.519,6.6,4.493,7.192,6.487,5.78,6.256,5.336,6.023,5.896,5.855,6.192
2028.03,28,5.136,5.886,5.223,5.855,5.191,5.713,5.433,5.793,6.931,7.379,5.741,5.722,5.42,6.625,4.537,7.132,6.463,5.774,6.265,5.392,6.004,5.923,5.877,6.241
2029.03,28,5.153,5.815,5.223,5.935,5.24,5.646,5.491,5.694,6.872,7.37,5.757,5.592,5.437,6.651,4.506,7.12,6.497,5.815,6.141,5.392,5.99,5.869,5.867,6.17
2030.03,28,5.1,5.889,5.272,5.864,5.237,5.618,5.558,5.749,6.927,7.387,5.739,5.73,5.438,6.653,4.525,7.192,6.478,5.801,6.277,5.464,6.011,5.855,5.89,6.211
2031.03,28,5.124,5.873,5.266,5.905,5.201,5.68,5.525,5.707,6.903,7.289,5.788,5.72,5.449,6.572,4.554,7.147,6.452,5.796,6.187,5.373,6.005,5.908,5.877,6.139
2032.03,28,5.122,5.842,5.264,5.92,5.314,5.693,5.549,5.727,6.958,7.404,5.754,5.617,5.43,6.584,4.56,7.112,6.452,5.78,6.268,5.434,5.95,5.821,5.883,6.21
2033.03,28,5.119,5.88,5.218,5.887,5.303,5.637,5.495,5.755,6.918,7.319,5.783,5.635,5.466,6.548,4.513,7.073,6.464,5.778,6.227,5.36,5.931,5.829,5.89,6.207
2034.03,28,5.169,5.767,5.285,5.928,5.193,5.64,5.523,5.68,6.896,7.327,5.721,5.679,5.393,6.565,4.508,7.098,6.435,5.803,6.199,5.367,5.978,5.803,5.839,6.207
2035.03,28,5.104,5.841,5.196,5.864,5.228,5.657,5.483,5.693,6.962,7.318,5.719,5.676,5.513,6.584,4.531,7.107,6.484,5.793,6.283,5.336,5.943,5.813,5.881,6.157
2036.03,28,5.176,5.865,5.242,5.896,5.293,5.621,5.45,5.753,6.903,7.318,5.696,5.699,5.427,6.586,4.54,7.141,6.425,5.773,6.22,5.387,5.949,5.889,5.879,6.14
2037.03,28,5.116,5.78,5.287,5.969,5.285,5.639,5.489,5.696,6.896,7.34,5.762,5.63,5.458,6.613,4.542,7.091,6.458,5.749,6.167,5.394,6.024,5.808,5.908,6.159
2038.03,28,5.108,5.854,5.259,5.911,5.308,5.701,5.451,5.689,6.893,7.301,5.821,5.72,5.434,6.528,4.597,7.136,6.465,5.721,6.216,5.393,5.986,5.836,5.874,6.168
2039.03,28,5.082,5.83,5.195,5.89,5.24,5.578,5.51,5.731,6.92,7.363,5.721,5.65,5.453,6.573,4.466,7.174,6.565,5.781,6.208,5.295,5.99,5.89,5.869,6.175
2040.03,28,5.179,5.829,5.245,5.912,5.309,5.657,5.488,5.734,6.931,7.34,5.772,5.599,5.417,6.508,4.507,7.117,6.514,5.832,6.237,5.459,5.942,5.9,5.835,6.173
2041.03,28,5.156,5.787,5.216,5.852,5.263,5.7,5.496,5.674,6.892,7.277,5.77,5.65,5.449,6.571,4.551,7.13,6.439,5.707,6.132,5.366,5.943,5.855,5.848,6.121
2042.03,28,5.14,5.853,5.24,5.867,5.275,5.644,5.481,5.707,6.939,7.37,5.756,5.649,5.415,6.586,4.487,7.145,6.436,5.774,6.143,5.423,5.91,5.737,5.878,6.196
2043.03,28,5.105,5.812,5.246,5.884,5.311,5.61,5.444,5.762,6.904,7.364,5.734,5.661,5.373,6.588,4.579,7.144,6.419,5.754,6.221,5.348,5.914,5.885,5.873,6.179
2044.03,28,5.098,5.774,5.252,5.994,5.25,5.621,5.45,5.676,6.942,7.39,5.769,5.642,5.453,6.601,4.509,7.197,6.513,5.791,6.209,5.434,5.912,5.883,5.833,6.099
2045.03,28,5.106,5.843,5.209,5.929,5.283,5.6,5.478,5.755,6.901,7.367,5.76,5.647,5.418,6.601,4.564,7.171,6.516,5.803,6.167,5.364,5.936,5.809,5.811,6.172
2046.03,28,5.082,5.796,5.292,5.877,5.257,5.616,5.495,5.758,6.887,7.333,5.732,5.618,5.367,6.564,4.49,7.138,6.495,5.777,6.152,5.353,6.019,5.852,5.871,6.116
2047.03,28,5.063,5.818,5.229,5.93,5.248,5.619,5.454,5.638,6.928,7.346,5.749,5.663,5.389,6.571,4.535,7.127,6.452,5.799,6.225,5.383,5.938,5.888,5.843,6.15
2048.03,28,5.127,5.827,5.235,5.917,5.224,5.633,5.47,5.706,6.914,7.322,5.721,5.61,5.445,6.605,4.568,7.165,6.416,5.788,6.166,5.322,5.949,5.834,5.835,6.185
2049.03,28,5.089,5.868,5.163,5.953,5.263,5.637,5.404,5.72,6.897,7.391,5.707,5.616,5.398,6.585,4.535,7.069,6.55,5.787,6.207,5.38,5.977,5.837,5.852,6.14
2050.03,28,5.082,5.787,5.205,5.861,5.233,5.578,5.475,5.702,6.9,7.405,5.818,5.608,5.431,6.577,4.506,7.087,6.557,5.777,6.223,5.357,5.953,5.833,5.845,6.159
2051.03,28,5.018,5.83,5.224,5.898,5.313,5.554,5.47,5.654,6.983,7.404,5.764,5.65,5.406,6.599,4.623,7.16,6.412,5.769,6.107,5.441,5.985,5.8,5.81,6.113
2052.03,28,5.089,5.827,5.221,5.893,5.262,5.687,5.463,5.68,6.874,7.41,5.775,5.58,5.382,6.54,4.497,7.122,6.451,5.728,6.146,5.345,5.92,5.825,5.877,6.136
2053.03,28,5.043,5.823,5.279,5.88,5.29,5.554,5.493,5.638,6.955,7.322,5.776,5.65,5.384,6.669,4.526,7.165,6.474,5.836,6.126,5.306,6.005,5.8,5.824,6.141
2054.03,28,5.09,5.763,5.194,5.85,5.315,5.658,5.455,5.694,6.857,7.331,5.773,5.668,5.425,6.513,4.5,7.174,6.473,5.786,6.142,5.365,5.955,5.874,5.894,6.146
2055.03,28,5.064,5.85,5.253,5.902,5.317,5.62,5.437,5.699,6.902,7.303,5.72,5.573,5.428,6.625,4.594,7.099,6.512,5.734,6.132,5.32,5.881,5.833,5.826,6.188
2056.03,28,5.051,5.78,5.219,5.992,5.301,5.596,5.441,5.731,6.887,7.36,5.736,5.653,5.403,6.593,4.452,7.118,6.507,5.768,6.202,5.359,5.957,5.854,5.801,6.095
2057.03,28,5.083,5.841,5.268,5.926,5.255,5.593,5.456,5.669,6.894,7.379,5.857,5.625,5.464,6.503,4.573,7.211,6.497,5.711,6.171,5.316,6.024,5.879,5.848,6.116
2058.03,28,5.111,5.841,5.275,5.903,5.268,5.6,5.445,5.734,6.882,7.356,5.758,5.645,5.352,6.541,4.543,7.157,6.424,5.771,6.198,5.328,5.978,5.849,5.899,6.127
2059.03,28,5.075,5.858,5.204,6.005,5.384,5.658,5.446,5.695,6.895,7.368,5.773,5.643,5.439,6.557,4.555,7.164,6.525,5.715,6.161,5.361,5.942,5.802,5.828,6.144
2060.03,28,5.016,5.785,5.216,5.86,5.253,5.585,5.436,5.628,6.924,7.309,5.791,5.632,5.408,6.55,4.511,7.107,6.46,5.744,6.188,5.332,5.893,5.831,5.873,6.057
2061.03,28,5.066,5.79,5.14,5.902,5.283,5.617,5.43,5.627,6.924,7.37,5.811,5.644,5.396,6.552,4.561,7.108,6.484,5.757,6.148,5.342,5.923,5.851,5.806,6.151
2062.03,28,5.051,5.802,5.168,5.958,5.229,5.608,5.487,5.69,6.901,7.351,5.769,5.64,5.459,6.64,4.594,7.095,6.519,5.812,6.187,5.339,5.917,5.775,5.845,6.161
2063.03,28,5.143,5.786,5.169,5.883,5.278,5.572,5.457,5.624,6.893,7.353,5.778,5.629,5.444,6.632,4.59,7.131,6.438,5.728,6.122,5.348,5.946,5.857,5.866,6.151
2064.03,28,5.042,5.842,5.128,5.879,5.248,5.592,5.454,5.618,6.989,7.39,5.816,5.649,5.381,6.609,4.581,7.098,6.478,5.711,6.152,5.368,5.898,5.84,5.825,6.107
2065.03,28,5.02,5.865,5.196,5.987,5.251,5.621,5.495,5.63,6.892,7.328,5.76,5.587,5.433,6.558,4.488,7.093,6.479,5.752,6.12,5.36,5.918,5.814,5.839,6.135
2066.03,28,5.005,5.807,5.179,5.888,5.309,5.587,5.421,5.62,6.875,7.328,5.825,5.558,5.377,6.594,4.581,7.173,6.485,5.73,6.18,5.287,5.976,5.815,5.856,6.144
2067.03,28,5.048,5.813,5.184,5.924,5.254,5.629,5.409,5.64,6.857,7.369,5.79,5.609,5.374,6.594,4.577,7.191,6.519,5.773,6.158,5.34,5.96,5.736,5.897,6.091
2068.03,28,5.132,5.82,5.21,5.898,5.316,5.538,5.405,5.662,6.926,7.372,5.718,5.564,5.405,6.584,4.55,7.133,6.463,5.755,6.201,5.373,5.893,5.811,5.821,6.193
2069.03,28,5.055,5.801,5.217,5.948,5.243,5.623,5.422,5.622,6.89,7.331,5.736,5.524,5.383,6.614,4.562,7.087,6.485,5.778,6.182,5.283,5.926,5.79,5.798,6.111
2070.03,28,5.022,5.75,5.268,5.875,5.285,5.591,5.427,5.632,6.935,7.412,5.772,5.603,5.353,6.591,4.529,7.141,6.446,5.766,6.184,5.402,5.94,5.78,5.771,6.12
2071.03,28,4.994,5.728,5.23,5.901,5.243,5.619,5.447,5.701,6.915,7.356,5.752,5.577,5.35,6.571,4.515,7.037,6.527,5.82,6.099,5.318,5.923,5.834,5.783,6.054
2072.03,28,4.992,5.762,5.17,5.88,5.359,5.666,5.455,5.64,6.862,7.336,5.728,5.585,5.456,6.582,4.545,7.139,6.461,5.723,6.175,5.341,5.886,5.767,5.817,6.087
2073.03,28,5.027,5.735,5.2,5.861,5.336,5.614,5.431,5.655,6.977,7.365,5.783,5.582,5.37,6.607,4.578,7.1,6.508,5.735,6.209,5.334,5.89,5.785,5.79,6.129
2074.03,28,5.008,5.7,5.188,5.992,5.253,5.634,5.399,5.667,6.949,7.319,5.776,5.509,5.357,6.606,4.526,7.122,6.47,5.733,6.13,5.365,5.969,5.845,5.863,6.092
2075.03,28,5.039,5.738,5.264,5.978,5.275,5.534,5.459,5.653,6.906,7.297,5.703,5.57,5.383,6.595,4.464,7.147,6.53,5.716,6.11,5.308,5.859,5.767,5.817,6.1
2076.03,28,5.019,5.785,5.179,5.904,5.28,5.618,5.431,5.612,6.938,7.335,5.758,5.586,5.398,6.553,4.458,7.17,6.501,5.726,6.203,5.31,5.908,5.822,5.824,6.152
2077.03,28,4.991,5.761,5.167,5.9,5.334,5.572,5.398,5.636,6.861,7.306,5.74,5.608,5.306,6.578,4.484,7.124,6.454,5.659,6.088,5.303,5.959,5.838,5.816,6.097
2078.03,28,4.965,5.745,5.191,5.908,5.276,5.585,5.411,5.614,6.93,7.324,5.839,5.556,5.406,6.606,4.51,7.109,6.503,5.759,6.11,5.288,5.908,5.846,5.782,6.082
2079.03,28,4.962,5.789,5.186,5.879,5.273,5.537,5.416,5.655,6.927,7.344,5.766,5.534,5.439,6.599,4.496,7.122,6.484,5.74,6.174,5.316,5.932,5.746,5.798,6.119
2080.03,28,5.02,5.809,5.196,5.889,5.326,5.532,5.452,5.589,6.866,7.365,5.771,5.58,5.334,6.605,4.484,7.099,6.504,5.747,6.156,5.279,5.958,5.777,5.812,6.109
2081.03,28,4.971,5.775,5.151,5.867,5.285,5.634,5.416,5.66,6.988,7.34,5.834,5.58,5.384,6.528,4.562,7.17,6.522,5.705,6.185,5.269,5.845,5.809,5.792,6.018
2082.03,28,5.067,5.721,5.157,5.882,5.287,5.629,5.406,5.659,6.914,7.373,5.745,5.539,5.292,6.634,4.565,7.16,6.525,5.715,6.128,5.288,5.876,5.732,5.848,6.119
2083.03,28,5.041,5.761,5.161,5.911,5.283,5.582,5.447,5.6,6.969,7.292,5.813,5.492,5.365,6.631,4.528,7.073,6.461,5.737,6.114,5.349,5.92,5.777,5.784,6.157
2084.03,28,5.003,5.748,5.169,5.966,5.281,5.526,5.379,5.646,6.921,7.372,5.802,5.557,5.391,6.602,4.475,7.096,6.521,5.717,6.163,5.22,5.934,5.86,5.824,6.107
2085.03,28,5.071,5.768,5.189,5.91,5.269,5.576,5.39,5.511,6.929,7.323,5.754,5.598,5.346,6.621,4.525,7.156,6.567,5.685,6.093,5.31,5.9,5.817,5.812,6.12
2086.03,28,4.988,5.673,5.157,5.883,5.286,5.495,5.406,5.654,6.877,7.36,5.803,5.58,5.363,6.559,4.476,7.09,6.466,5.709,6.143,5.284,5.825,5.813,5.799,6.146
2087.03,28,5.007,5.79,5.154,5.942,5.278,5.517,5.389,5.643,6.87,7.362,5.845,5.558,5.359,6.603,4.507,7.057,6.462,5.681,6.106,5.31,5.888,5.764,5.755,6.072
2088.03,28,4.984,5.743,5.151,5.929,5.298,5.552,5.414,5.677,6.857,7.383,5.732,5.541,5.335,6.624,4.527,7.113,6.513,5.724,6.103,5.267,5.892,5.74,5.785,6.043
2089.03,28,4.989,5.731,5.117,5.901,5.285,5.528,5.359,5.639,6.923,7.376,5.78,5.621,5.395,6.549,4.552,7.144,6.483,5.69,6.189,5.248,5.854,5.808,5.735,6.023
2090.03,28,4.986,5.76,5.143,5.92,5.325,5.517,5.392,5.6,6.969,7.372,5.756,5.548,5.306,6.601,4.57,7.123,6.501,5.664,6.107,5.242,5.888,5.721,5.787,6.092
2091.03,28,4.992,5.722,5.095,5.921,5.351,5.507,5.361,5.585,6.918,7.309,5.772,5.495,5.375,6.581,4.523,7.149,6.504,5.744,6.039,5.317,5.942,5.848,5.763,6.094
2092.03,28,4.956,5.733,5.154,5.962,5.32,5.502,5.359,5.594,6.853,7.33,5.746,5.483,5.268,6.553,4.545,7.167,6.438,5.65,6.088,5.314,5.849,5.749,5.805,6.099
2093.03,28,5.033,5.758,5.109,6.025,5.283,5.554,5.406,5.556,6.926,7.383,5.749,5.524,5.342,6.557,4.541,7.155,6.491,5.71,6.073,5.256,5.83,5.725,5.819,6.057
2094.03,28,5.071,5.75,5.142,5.873,5.353,5.582,5.372,5.556,6.948,7.379,5.745,5.537,5.369,6.591,4.545,7.145,6.416,5.771,6.106,5.256,5.837,5.817,5.764,6.023
2095.03,28,4.96,5.664,5.149,5.935,5.309,5.534,5.399,5.539,6.911,7.391,5.715,5.476,5.337,6.578,4.528,7.125,6.503,5.728,6.11,5.317,5.789,5.757,5.737,6.013
2096.03,28,4.961,5.745,5.166,5.919,5.3,5.515,5.309,5.594,6.905,7.384,5.813,5.499,5.316,6.657,4.604,7.13,6.525,5.683,6.129,5.292,5.907,5.762,5.735,6.102
2097.03,28,4.97,5.713,5.098,5.857,5.243,5.55,5.366,5.576,6.928,7.389,5.765,5.553,5.344,6.6,4.521,7.163,6.5,5.688,6.109,5.271,5.853,5.703,5.79,6.124
2098.03,28,4.979,5.665,5.133,5.942,5.287,5.585,5.359,5.623,6.853,7.463,5.78,5.512,5.324,6.578,4.507,7.124,6.456,5.646,6.09,5.279,5.872,5.776,5.7,6.018
2099.03,28,4.989,5.715,5.121,5.943,5.295,5.538,5.353,5.557,6.896,7.3,5.773,5.557,5.322,6.599,4.568,7.163,6.363,5.651,6.108,5.225,5.919,5.721,5.794,6.062
2100.03,28,4.908,5.689,5.103,5.92,5.228,5.55,5.341,5.617,6.841,7.375,5.792,5.549,5.259,6.706,4.549,7.144,6.493,5.695,6.157,5.258,5.89,5.769,5.729,6.042
2101.03,28,4.975,5.77,5.163,5.836,5.318,5.453,5.368,5.585,6.882,7.35,5.825,5.456,5.389,6.654,4.509,7.139,6.463,5.657,6.131,5.27,5.873,5.744,5.768,6.095
2102.03,28,4.956,5.667,5.111,5.917,5.333,5.509,5.373,5.57,6.893,7.372,5.76,5.495,5.371,6.521,4.578,7.143,6.497,5.673,6.088,5.181,5.827,5.734,5.69,6.04
2103.03,28,4.91,5.7,5.062,5.962,5.297,5.524,5.374,5.641,6.944,7.371,5.81,5.533,5.25,6.597,4.531,7.129,6.47,5.692,6.089,5.225,5.784,5.732,5.738,6.079
2104.03,28,4.999,5.648,5.164,5.855,5.305,5.49,5.35,5.586,6.951,7.385,5.745,5.522,5.26,6.613,4.487,7.129,6.472,5.688,6.101,5.254,5.902,5.776,5.737,6.038
2105.03,28,4.887,5.721,5.097,5.892,5.358,5.498,5.304,5.577,6.879,7.347,5.763,5.464,5.345,6.592,4.537,7.127,6.424,5.695,6.125,5.342,5.833,5.821,5.73,6.052
2106.03,28,4.944,5.678,5.052,5.899,5.342,5.537,5.333,5.593,6.936,7.31,5.856,5.489,5.27,6.595,4.53,7.146,6.473,5.595,6.069,5.275,5.886,5.776,5.816,6.078
2107.03,28,5.01,5.662,5.132,5.934,5.322,5.43,5.289,5.56,6.906,7.352,5.799,5.491,5.297,6.555,4.53,7.091,6.441,5.615,6.045,5.227,5.887,5.741,5.706,6.028
2108.03,28,4.905,5.708,5.107,5.885,5.308,5.515,5.3,5.546,6.831,7.398,5.802,5.518,5.341,6.556,4.476,7.125,6.522,5.644,6.054,5.243,5.874,5.73,5.761,6.076
2109.03,28,4.97,5.745,5.082,5.854,5.246,5.52,5.297,5.632,6.892,7.412,5.773,5.442,5.316,6.591,4.584,7.124,6.472,5.693,6.056,5.268,5.794,5.754,5.678,6.048
2110.03,28,4.999,5.767,5.065,5.89,5.277,5.506,5.331,5.534,6.854,7.364,5.783,5.51,5.285,6.575,4.539,7.113,6.505,5.691,6.135,5.197,5.814,5.695,5.832,6.026
2111.03,28,4.928,5.708,5.086,5.869,5.251,5.476,5.339,5.537,6.88,7.329,5.805,5.473,5.3,6.541,4.564,7.192,6.471,5.673,6.063,5.254,5.866,5.709,5.794,6.07
2112.03,28,4.906,5.689,5.072,5.906,5.311,5.565,5.34,5.468,6.926,7.356,5.757,5.544,5.317,6.55,4.566,7.165,6.495,5.65,6.106,5.216,5.862,5.745,5.761,6.07
2113.03,28,4.951,5.633,5.101,5.908,5.287,5.508,5.325,5.521,6.884,7.346,5.78,5.516,5.294,6.56,4.54,7.141,6.46,5.627,6.093,5.248,5.825,5.749,5.798,6.056
2114.03,28,5,5.682,5.095,5.882,5.264,5.525,5.31,5.531,6.933,7.44,5.824,5.532,5.272,6.596,4.517,7.127,6.509,5.669,6.022,5.283,5.929,5.721,5.718,6.004
2115.03,28,4.896,5.688,5.146,5.855,5.25,5.517,5.394,5.539,6.965,7.428,5.799,5.478,5.271,6.53,4.539,7.172,6.538,5.612,6.043,5.166,5.874,5.776,5.745,6.042
2116.03,28,4.921,5.655,5.151,5.926,5.268,5.475,5.339,5.508,6.84,7.363,5.797,5.452,5.319,6.605,4.584,7.145,6.431,5.66,6.028,5.31,5.809,5.727,5.728,6.003
2117.03,28,4.984,5.669,5.098,5.926,5.25,5.481,5.298,5.562,6.932,7.356,5.787,5.508,5.274,6.62,4.483,7.171,6.531,5.666,5.973,5.183,5.814,5.728,5.743,6.017
2118.03,28,4.925,5.712,5.084,5.898,5.239,5.441,5.37,5.584,6.942,7.356,5.781,5.458,5.282,6.544,4.513,7.088,6.473,5.659,6.063,5.216,5.8,5.777,5.768,5.977
2119.03,28,4.967,5.667,5.024,5.963,5.324,5.489,5.326,5.559,6.907,7.336,5.727,5.447,5.288,6.634,4.484,7.105,6.436,5.696,6.079,5.271,5.901,5.707,5.742,6.008
2120.03,28,4.939,5.677,5.069,5.928,5.328,5.526,5.375,5.547,6.912,7.393,5.818,5.452,5.274,6.568,4.507,7.115,6.443,5.554,6.073,5.202,5.869,5.68,5.733,6.018
2121.03,28,4.88,5.63,5.092,5.959,5.289,5.523,5.264,5.528,6.898,7.352,5.768,5.466,5.287,6.602,4.5,7.066,6.428,5.6,6.096,5.17,5.843,5.749,5.763,6.025
2122.03,28,4.919,5.719,5.01,5.942,5.243,5.519,5.29,5.546,6.942,7.333,5.782,5.519,5.29,6.591,4.513,7.109,6.52,5.696,6.038,5.211,5.878,5.804,5.758,6.016
2123.03,28,4.943,5.637,5.077,5.965,5.335,5.503,5.341,5.52,6.917,7.375,5.807,5.465,5.287,6.526,4.538,7.067,6.46,5.711,6.064,5.239,5.822,5.751,5.71,5.971
2124.03,28,4.893,5.704,5.01,5.889,5.304,5.408,5.347,5.596,6.921,7.432,5.779,5.478,5.295,6.649,4.581,7.121,6.508,5.667,6.052,5.188,5.753,5.722,5.739,6
2125.03,28,4.878,5.63,5.047,5.898,5.281,5.438,5.286,5.523,6.913,7.385,5.819,5.461,5.246,6.589,4.565,7.139,6.502,5.595,6.074,5.184,5.844,5.747,5.774,5.97
2126.03,28,4.861,5.665,5.07,5.953,5.251,5.469,5.286,5.563,6.869,7.398,5.831,5.514,5.339,6.544,4.609,7.218,6.48,5.607,6.04,5.272,5.788,5.738,5.676,5.996
2127.03,28,4.887,5.675,5.077,5.901,5.267,5.467,5.274,5.525,6.872,7.403,5.811,5.426,5.261,6.637,4.574,7.176,6.503,5.636,6.075,5.201,5.823,5.752,5.758,6.038
2128.03,28,4.906,5.606,5.091,5.928,5.311,5.457,5.35,5.48,6.923,7.279,5.76,5.384,5.225,6.617,4.557,7.109,6.498,5.614,6.09,5.194,5.813,5.719,5.736,6.018
2129.03,28,4.958,5.616,5.036,5.922,5.272,5.431,5.346,5.529,6.955,7.315,5.806,5.432,5.24,6.636,4.553,7.12,6.501,5.59,6.065,5.231,5.817,5.688,5.778,6.024
2130.03,28,4.917,5.706,5.055,5.881,5.323,5.482,5.297,5.514,6.967,7.331,5.784,5.458,5.298,6.578,4.487,7.157,6.465,5.629,6.106,5.193,5.82,5.714,5.704,5.982
2131.03,28,4.822,5.604,5.085,5.878,5.308,5.426,5.321,5.499,6.945,7.346,5.728,5.47,5.215,6.608,4.575,7.098,6.462,5.58,5.997,5.191,5.808,5.697,5.633,5.987
2132.03,28,4.826,5.671,5.086,5.909,5.248,5.488,5.307,5.492,6.91,7.348,5.811,5.437,5.243,6.531,4.565,7.105,6.499,5.625,6.056,5.215,5.833,5.722,5.758,6.063
2133.03,28,4.882,5.66,5.041,5.952,5.229,5.407,5.293,5.48,6.943,7.391,5.784,5.427,5.214,6.671,4.482,7.157,6.477,5.68,6.042,5.203,5.755,5.696,5.658,6.013
2134.03,28,4.851,5.593,5.058,5.918,5.316,5.471,5.292,5.549,7.006,7.337,5.716,5.392,5.232,6.543,4.48,7.055,6.456,5.575,6.053,5.133,5.791,5.641,5.746,6.061
2135.03,28,4.933,5.639,5.053,5.884,5.301,5.483,5.332,5.515,6.949,7.273,5.817,5.397,5.207,6.559,4.583,7.106,6.486,5.581,5.929,5.176,5.775,5.67,5.725,6.026
2136.03,28,4.891,5.628,5.079,5.91,5.235,5.369,5.368,5.557,6.917,7.332,5.779,5.395,5.195,6.574,4.552,7.12,6.506,5.661,5.997,5.223,5.798,5.645,5.69,6.016
2137.03,28,4.825,5.624,5.043,5.92,5.374,5.498,5.264,5.432,6.928,7.358,5.81,5.422,5.249,6.596,4.518,7.103,6.405,5.595,6.026,5.2,5.81,5.675,5.68,5.995
2138.03,28,4.842,5.648,5.021,5.931,5.342,5.458,5.257,5.469,6.883,7.387,5.863,5.473,5.223,6.61,4.488,7.104,6.421,5.617,6.038,5.149,5.754,5.684,5.75,5.997
2139.03,28,4.839,5.607,4.939,5.977,5.297,5.427,5.286,5.51,6.941,7.3,5.758,5.391,5.176,6.674,4.525,7.119,6.518,5.686,6.013,5.16,5.841,5.66,5.713,5.978
2140.03,28,4.85,5.575,5.022,5.932,5.253,5.501,5.31,5.464,6.931,7.358,5.84,5.401,5.189,6.614,4.516,7.138,6.467,5.616,5.989,5.181,5.783,5.72,5.655,6.009
2141.03,28,4.832,5.552,5.067,5.902,5.281,5.364,5.316,5.494,6.863,7.383,5.802,5.381,5.27,6.595,4.533,7.135,6.5,5.636,6.086,5.126,5.828,5.629,5.643,6.01
2142.03,28,4.805,5.635,4.98,5.927,5.32,5.42,5.224,5.529,6.912,7.365,5.899,5.392,5.231,6.607,4.528,7.167,6.424,5.67,6.011,5.152,5.802,5.719,5.68,6.042
2143.03,28,4.857,5.61,4.987,5.883,5.304,5.475,5.25,5.478,6.932,7.31,5.828,5.412,5.199,6.62,4.469,7.191,6.498,5.594,6.037,5.188,5.733,5.585,5.681,5.98
2144.03,28,4.812,5.578,4.985,5.918,5.299,5.4,5.272,5.464,6.929,7.388,5.818,5.409,5.242,6.543,4.508,7.157,6.444,5.582,6.07,5.138,5.769,5.707,5.733,5.941
2145.03,28,4.864,5.613,4.991,5.984,5.315,5.399,5.227,5.519,6.934,7.302,5.844,5.459,5.192,6.594,4.491,7.158,6.477,5.576,6.012,5.154,5.772,5.687,5.713,6.008
2146.03,28,4.874,5.547,5.006,5.939,5.281,5.39,5.233,5.514,6.968,7.354,5.805,5.473,5.244,6.627,4.492,7.094,6.492,5.589,5.976,5.24,5.799,5.686,5.685,5.989
2147.03,28,4.849,5.624,4.979,5.907,5.307,5.414,5.281,5.508,6.874,7.355,5.791,5.376,5.255,6.55,4.501,7.103,6.581,5.639,6.03,5.251,5.765,5.603,5.655,6.003
2148.03,28,4.939,5.596,5.012,5.909,5.36,5.373,5.279,5.51,6.933,7.392,5.815,5.385,5.176,6.658,4.529,7.099,6.501,5.617,5.971,5.071,5.812,5.705,5.593,6.052
2149.03,28,4.843,5.61,5.042,5.895,5.302,5.472,5.308,5.422,6.909,7.33,5.791,5.363,5.257,6.562,4.423,7.111,6.494,5.542,6.035,5.166,5.699,5.735,5.631,5.957
2150.03,28,4.874,5.532,5.005,5.928,5.333,5.435,5.258,5.473,6.94,7.286,5.889,5.412,5.188,6.595,4.516,7.2,6.526,5.567,6.018,5.26,5.767,5.738,5.66,6.009
2151.03,28,4.838,5.577,5.018,5.888,5.359,5.468,5.308,5.461,6.941,7.389,5.874,5.462,5.185,6.537,4.581,7.078,6.471,5.572,5.919,5.184,5.736,5.637,5.701,5.97
2152.03,28,4.864,5.592,5.054,5.866,5.382,5.407,5.289,5.473,6.87,7.359,5.795,5.381,5.166,6.628,4.511,7.128,6.458,5.599,5.977,5.146,5.739,5.635,5.676,5.999
2153.03,28,4.837,5.638,5.013,6.006,5.303,5.363,5.279,5.474,6.905,7.409,5.731,5.378,5.203,6.65,4.532,7.113,6.443,5.585,6.015,5.161,5.812,5.689,5.746,5.962
2154.03,28,4.799,5.645,4.987,5.936,5.279,5.436,5.272,5.453,6.944,7.312,5.866,5.348,5.149,6.605,4.497,7.175,6.479,5.591,5.998,5.174,5.762,5.679,5.693,5.952
2155.03,28,4.828,5.536,5.003,5.938,5.351,5.415,5.289,5.433,6.939,7.269,5.802,5.388,5.234,6.619,4.498,7.106,6.489,5.6,5.966,5.173,5.689,5.676,5.636,5.929
2156.03,28,4.836,5.602,4.973,5.871,5.221,5.421,5.245,5.47,6.916,7.4,5.761,5.43,5.169,6.595,4.517,7.12,6.496,5.617,6.011,5.145,5.756,5.662,5.664,5.964
2157.03,28,4.837,5.64,4.965,5.881,5.288,5.396,5.273,5.47,6.915,7.347,5.799,5.407,5.166,6.584,4.5,7.096,6.463,5.613,5.999,5.134,5.754,5.623,5.612,6.059
2158.03,28,4.825,5.659,5.013,5.925,5.317,5.416,5.211,5.433,6.898,7.328,5.755,5.387,5.191,6.605,4.496,7.163,6.465,5.591,6.027,5.184,5.683,5.638,5.687,5.941
2159.03,28,4.816,5.54,4.946,5.941,5.313,5.413,5.224,5.436,6.917,7.288,5.769,5.418,5.186,6.607,4.575,7.08,6.508,5.62,6.023,5.161,5.763,5.63,5.654,5.951
2160.03,28,4.819,5.644,4.973,5.863,5.298,5.342,5.245,5.451,6.874,7.448,5.82,5.383,5.202,6.569,4.468,7.108,6.507,5.577,6.028,5.152,5.761,5.681,5.668,5.993
2161.03,28,4.803,5.604,4.969,5.958,5.252,5.398,5.222,5.476,6.901,7.411,5.843,5.393,5.215,6.634,4.569,7.128,6.432,5.541,6.013,5.168,5.72,5.665,5.69,5.999
2162.03,28,4.765,5.598,4.958,5.92,5.267,5.432,5.257,5.436,6.926,7.386,5.8,5.356,5.198,6.633,4.495,7.129,6.471,5.589,5.933,5.112,5.758,5.63,5.656,5.972
2163.03,28,4.753,5.579,4.999,5.907,5.308,5.398,5.237,5.49,6.91,7.296,5.806,5.35,5.169,6.591,4.571,7.15,6.563,5.598,5.921,5.148,5.764,5.739,5.646,5.9
2164.03,28,4.771,5.594,4.976,5.932,5.239,5.333,5.27,5.498,6.898,7.372,5.888,5.346,5.154,6.612,4.534,7.084,6.533,5.606,5.993,5.156,5.732,5.631,5.65,6.048
2165.03,28,4.838,5.542,4.921,5.892,5.345,5.37,5.166,5.441,6.948,7.353,5.841,5.347,5.241,6.513,4.53,7.192,6.457,5.504,5.968,5.174,5.707,5.641,5.655,5.897
2166.03,28,4.799,5.576,4.989,5.951,5.286,5.341,5.208,5.443,6.916,7.296,5.822,5.382,5.154,6.652,4.557,7.147,6.498,5.534,5.962,5.113,5.726,5.684,5.674,5.882
2167.03,28,4.801,5.54,4.998,5.853,5.31,5.366,5.155,5.464,6.892,7.367,5.792,5.378,5.135,6.578,4.548,7.144,6.49,5.454,5.971,5.103,5.753,5.644,5.683,5.963
2168.03,28,4.838,5.546,4.89,5.902,5.25,5.372,5.236,5.45,6.984,7.364,5.89,5.393,5.208,6.626,4.568,7.148,6.494,5.572,5.975,5.089,5.728,5.568,5.65,5.9
2169.03,28,4.797,5.507,4.937,5.87,5.306,5.332,5.244,5.451,6.875,7.324,5.817,5.348,5.214,6.65,4.512,7.161,6.507,5.546,5.982,5.089,5.706,5.605,5.69,6.029
2170.03,28,4.769,5.566,4.929,5.934,5.271,5.403,5.26,5.446,6.94,7.37,5.772,5.404,5.141,6.548,4.511,7.124,6.48,5.574,5.944,5.181,5.763,5.627,5.638,5.976
2171.03,28,4.837,5.537,4.982,5.884,5.296,5.371,5.226,5.393,6.923,7.357,5.865,5.4,5.121,6.673,4.484,7.165,6.38,5.552,5.971,5.114,5.703,5.6,5.695,5.89
2172.03,28,4.779,5.549,4.982,5.921,5.266,5.372,5.161,5.421,6.945,7.366,5.837,5.416,5.13,6.532,4.498,7.136,6.526,5.509,5.978,5.145,5.695,5.589,5.659,5.871
2173.03,28,4.778,5.562,4.953,5.9,5.377,5.372,5.214,5.426,6.841,7.413,5.838,5.395,5.197,6.566,4.508,7.139,6.486,5.498,5.962,5.069,5.738,5.645,5.611,5.952
2174.03,28,4.678,5.555,4.938,5.86,5.277,5.376,5.226,5.469,6.915,7.332,5.807,5.333,5.15,6.564,4.538,7.181,6.496,5.544,5.98,5.09,5.674,5.551,5.706,5.894
2175.03,28,4.817,5.521,4.957,5.89,5.325,5.353,5.217,5.446,6.93,7.352,5.782,5.345,5.2,6.568,4.479,7.136,6.554,5.57,6.005,5.1,5.658,5.653,5.686,5.958
2176.03,28,4.761,5.613,4.968,5.841,5.282,5.388,5.188,5.453,6.946,7.346,5.816,5.28,5.126,6.59,4.498,7.148,6.503,5.51,5.951,5.148,5.684,5.677,5.688,5.897
2177.03,28,4.761,5.549,4.953,5.983,5.307,5.328,5.201,5.411,6.966,7.39,5.881,5.315,5.153,6.618,4.555,7.152,6.476,5.489,5.949,5.138,5.697,5.628,5.651,5.836
2178.03,28,4.765,5.519,4.989,5.928,5.314,5.366,5.175,5.439,6.926,7.385,5.744,5.353,5.186,6.595,4.536,7.162,6.477,5.587,5.947,5.066,5.724,5.629,5.655,5.904
2179.03,28,4.808,5.498,4.976,5.899,5.32,5.378,5.25,5.38,6.943,7.364,5.806,5.335,5.167,6.59,4.467,7.086,6.499,5.521,5.978,5.14,5.693,5.601,5.601,5.914
2180.03,28,4.734,5.401,4.956,5.918,5.315,5.335,5.171,5.428,6.928,7.339,5.889,5.34,5.096,6.579,4.546,7.156,6.481,5.541,5.972,5.177,5.687,5.615,5.68,5.896
2181.03,28,4.689,5.5,4.907,5.921,5.3,5.365,5.201,5.373,6.941,7.431,5.825,5.344,5.122,6.576,4.487,7.118,6.476,5.491,5.92,5.108,5.788,5.64,5.675,5.976
2182.03,28,4.731,5.487,4.927,5.954,5.261,5.382,5.2,5.385,6.935,7.42,5.827,5.311,5.101,6.581,4.495,7.155,6.467,5.53,5.915,5.105,5.706,5.601,5.613,5.955
2183.03,28,4.79,5.496,4.936,5.889,5.33,5.355,5.244,5.441,6.926,7.275,5.84,5.339,5.139,6.596,4.483,7.112,6.478,5.517,5.973,5.11,5.749,5.657,5.658,5.893
2184.03,28,4.74,5.505,4.917,5.927,5.283,5.319,5.209,5.297,6.908,7.349,5.781,5.385,5.075,6.631,4.526,7.133,6.443,5.579,6.004,5.127,5.677,5.607,5.63,5.949
2185.03,28,4.784,5.403,4.917,5.932,5.3,5.346,5.141,5.423,6.908,7.386,5.817,5.371,5.11,6.605,4.537,7.156,6.487,5.496,5.848,5.09,5.668,5.641,5.643,5.932
2186.03,28,4.725,5.475,4.9,5.989,5.314,5.357,5.225,5.397,6.895,7.415,5.772,5.251,5.158,6.559,4.562,7.113,6.5,5.501,5.946,5.101,5.712,5.635,5.563,5.925
2187.03,28,4.691,5.498,4.921,5.907,5.294,5.275,5.16,5.425,6.93,7.347,5.803,5.287,5.142,6.574,4.556,7.209,6.551,5.539,6.047,5.047,5.721,5.592,5.624,5.875
2188.03,28,4.707,5.469,4.87,5.992,5.299,5.354,5.16,5.375,6.876,7.315,5.871,5.291,5.169,6.581,4.557,7.123,6.471,5.507,5.956,5.059,5.746,5.609,5.628,5.856
2189.03,28,4.725,5.51,4.84,5.961,5.306,5.371,5.18,5.459,6.858,7.36,5.838,5.353,5.126,6.576,4.473,7.156,6.473,5.529,5.941,5.151,5.753,5.552,5.592,5.892
2190.03,28,4.73,5.557,4.88,5.985,5.267,5.353,5.121,5.323,6.887,7.383,5.803,5.335,5.085,6.573,4.521,7.157,6.509,5.525,5.979,5.034,5.683,5.631,5.623,5.839
2191.03,28,4.75,5.494,4.926,5.982,5.303,5.369,5.255,5.398,6.918,7.35,5.82,5.354,5.161,6.607,4.625,7.131,6.479,5.523,5.962,5.057,5.679,5.631,5.648,5.85
2192.03,28,4.747,5.511,4.97,5.914,5.356,5.316,5.169,5.368,6.911,7.344,5.868,5.325,5.094,6.571,4.514,7.073,6.444,5.552,5.943,5.105,5.69,5.522,5.594,5.934
2193.03,28,4.776,5.435,4.915,5.931,5.292,5.326,5.133,5.322,6.941,7.358,5.806,5.323,5.15,6.637,4.53,7.069,6.46,5.567,5.903,5.024,5.694,5.607,5.614,5.934
2194.03,28,4.683,5.473,4.89,5.94,5.316,5.301,5.108,5.409,6.887,7.339,5.825,5.351,5.125,6.625,4.519,7.134,6.488,5.541,5.916,5.137,5.661,5.542,5.633,5.922
2195.03,28,4.752,5.525,4.846,5.912,5.311,5.329,5.173,5.357,6.91,7.38,5.757,5.322,5.098,6.576,4.514,7.105,6.432,5.459,5.907,5.087,5.637,5.608,5.55,5.939
2196.03,28,4.732,5.467,4.879,5.878,5.361,5.309,5.161,5.377,6.941,7.374,5.809,5.287,5.082,6.53,4.46,7.18,6.489,5.524,5.961,5.058,5.666,5.579,5.575,5.955
2197.03,28,4.687,5.447,4.926,5.935,5.306,5.318,5.208,5.338,6.955,7.374,5.787,5.309,5.144,6.629,4.526,7.11,6.497,5.484,5.905,5.045,5.713,5.568,5.662,5.895
2198.03,28,4.716,5.519,4.864,5.968,5.315,5.277,5.113,5.39,6.876,7.346,5.876,5.318,5.092,6.611,4.502,7.093,6.488,5.525,5.961,5.056,5.656,5.568,5.601,5.87
2199.03,28,4.722,5.477,4.907,5.901,5.282,5.274,5.127,5.365,6.927,7.365,5.862,5.237,5.107,6.613,4.509,7.129,6.524,5.544,5.866,5.026,5.759,5.596,5.544,5.832
2200.03,28,4.68,5.496,4.899,5.885,5.321,5.289,5.129,5.406,6.908,7.361,5.771,5.251,5.088,6.632,4.543,7.108,6.512,5.46,5.858,5.071,5.725,5.609,5.612,5.86
2201.03,28,4.696,5.472,4.884,5.96,5.27,5.327,5.143,5.432,6.92,7.379,5.811,5.334,5.057,6.58,4.518,7.157,6.499,5.491,5.912,5.09,5.755,5.54,5.596,5.88
2202.03,28,4.712,5.48,4.908,5.952,5.272,5.325,5.13,5.352,6.966,7.364,5.801,5.253,5.134,6.623,4.611,7.111,6.545,5.429,5.939,5.067,5.707,5.565,5.578,5.914
2203.03,28,4.696,5.424,4.843,5.883,5.301,5.313,5.154,5.387,6.925,7.311,5.874,5.269,5.11,6.564,4.59,7.173,6.528,5.547,5.908,5.101,5.669,5.547,5.582,5.881
2204.03,28,4.698,5.519,4.858,5.908,5.289,5.268,5.139,5.334,6.939,7.307,5.793,5.286,5.061,6.577,4.514,7.078,6.482,5.431,5.861,5.043,5.648,5.527,5.629,5.907
2205.03,28,4.685,5.492,4.829,5.953,5.343,5.208,5.155,5.293,6.929,7.367,5.873,5.29,5.129,6.577,4.543,7.094,6.507,5.485,5.91,5.095,5.727,5.616,5.567,5.805
2206.03,28,4.693,5.4,4.867,5.915,5.351,5.348,5.129,5.363,6.893,7.3,5.797,5.308,5.064,6.603,4.507,7.074,6.468,5.41,5.888,5.064,5.67,5.554,5.592,5.913
2207.03,28,4.69,5.43,4.847,5.954,5.248,5.301,5.113,5.386,6.905,7.331,5.816,5.264,5.171,6.62,4.497,7.138,6.481,5.486,5.902,5.076,5.728,5.588,5.56,5.91
2208.03,28,4.66,5.465,4.913,5.937,5.303,5.258,5.137,5.374,6.952,7.329,5.901,5.277,5.056,6.654,4.505,7.065,6.451,5.413,5.942,5.057,5.666,5.615,5.594,5.871
2209.03,28,4.679,5.414,4.828,5.895,5.287,5.28,5.13,5.354,6.943,7.355,5.784,5.316,5.08,6.574,4.589,7.099,6.468,5.486,5.87,5.063,5.687,5.645,5.557,5.895
2210.03,28,4.696,5.508,4.85,5.905,5.273,5.249,5.116,5.283,6.961,7.346,5.931,5.279,5.061,6.6,4.514,7.107,6.484,5.459,5.922,5.05,5.659,5.548,5.567,5.908
2211.03,28,4.659,5.441,4.848,5.901,5.338,5.263,5.163,5.301,6.919,7.392,5.8,5.247,5.079,6.665,4.517,7.174,6.482,5.513,5.837,5.071,5.621,5.638,5.577,5.93
2212.03,28,4.683,5.421,4.888,5.989,5.348,5.272,5.121,5.299,6.88,7.333,5.824,5.255,5.127,6.561,4.533,7.2,6.404,5.469,5.904,5.024,5.667,5.572,5.549,5.87
2213.03,28,4.661,5.471,4.885,5.898,5.332,5.284,5.113,5.397,6.899,7.388,5.86,5.246,5.05,6.566,4.504,7.139,6.465,5.458,5.932,5.085,5.617,5.527,5.564,5.855
2214.03,28,4.654,5.433,4.86,5.91,5.387,5.293,5.126,5.343,6.871,7.334,5.855,5.258,5.089,6.605,4.496,7.134,6.496,5.441,5.923,4.958,5.572,5.57,5.516,5.883
2215.03,28,4.681,5.4,4.919,5.926,5.264,5.304,5.039,5.369,6.863,7.38,5.815,5.255,5.12,6.57,4.51,7.148,6.487,5.497,5.855,5.044,5.655,5.553,5.589,5.834
2216.03,28,4.679,5.377,4.839,5.942,5.271,5.351,5.196,5.323,6.932,7.306,5.829,5.246,5.047,6.619,4.566,7.125,6.53,5.437,5.877,5.167,5.664,5.575,5.545,5.826
2217.03,28,4.59,5.457,4.81,5.928,5.369,5.311,5.141,5.309,6.87,7.347,5.794,5.209,5.078,6.596,4.574,7.062,6.493,5.513,5.89,5.052,5.62,5.514,5.587,5.795
2218.03,28,4.642,5.415,4.847,5.902,5.292,5.251,5.075,5.27,6.905,7.384,5.769,5.265,5.024,6.679,4.511,7.125,6.445,5.519,5.852,5.034,5.697,5.572,5.554,5.891
2219.03,28,4.602,5.403,4.854,5.84,5.309,5.281,5.084,5.337,6.927,7.353,5.828,5.209,5.067,6.601,4.507,7.101,6.456,5.443,5.841,5.067,5.614,5.592,5.563,5.895
2220.03,28,4.691,5.422,4.808,5.869,5.298,5.284,5.138,5.303,6.909,7.377,5.829,5.246,5.082,6.625,4.469,7.17,6.418,5.534,5.903,5.042,5.615,5.549,5.602,5.869
2221.03,28,4.679,5.437,4.823,5.925,5.242,5.243,5.085,5.336,6.874,7.344,5.752,5.304,5.059,6.615,4.549,7.095,6.492,5.504,5.996,4.991,5.679,5.585,5.586,5.818
2222.03,28,4.642,5.467,4.808,5.972,5.334,5.254,5.114,5.317,6.856,7.365,5.885,5.191,5.064,6.625,4.561,7.174,6.492,5.402,5.872,5.007,5.656,5.552,5.608,5.856
2223.03,28,4.72,5.425,4.796,5.907,5.311,5.279,5.118,5.309,6.972,7.339,5.808,5.251,5.026,6.637,4.561,7.123,6.484,5.414,5.859,5.091,5.691,5.568,5.551,5.82
2224.03,28,4.674,5.41,4.812,5.864,5.314,5.24,5.043,5.334,6.901,7.329,5.76,5.246,5.1,6.612,4.554,7.188,6.468,5.481,5.847,5.047,5.619,5.572,5.537,5.803
2225.03,28,4.618,5.4,4.867,5.93,5.281,5.268,5.099,5.346,6.97,7.349,5.826,5.225,5.092,6.548,4.445,7.067,6.479,5.452,5.903,5.055,5.632,5.52,5.513,5.88
2226.03,28,4.588,5.416,4.864,5.929,5.318,5.297,5.09,5.26,6.917,7.342,5.85,5.209,5.011,6.551,4.554,7.147,6.481,5.418,5.871,5.016,5.653,5.523,5.488,5.853
2227.03,28,4.644,5.376,4.837,5.914,5.311,5.242,5.082,5.384,6.968,7.289,5.847,5.239,4.988,6.625,4.543,7.181,6.477,5.439,5.884,5.048,5.621,5.555,5.602,5.841
2228.03,28,4.588,5.406,4.922,5.926,5.331,5.33,5.103,5.289,6.9,7.4,5.811,5.258,5.054,6.639,4.488,7.116,6.513,5.467,5.901,4.99,5.697,5.556,5.567,5.861
2229.03,28,4.614,5.393,4.849,5.95,5.344,5.299,5.112,5.236,6.899,7.348,5.894,5.187,5.069,6.561,4.486,7.123,6.473,5.432,5.831,4.971,5.617,5.5,5.567,5.825
2230.03,28,4.613,5.426,4.85,5.943,5.31,5.268,5.085,5.286,6.935,7.374,5.808,5.174,5.001,6.56,4.515,7.145,6.508,5.425,5.802,4.998,5.625,5.535,5.505,5.833
2231.03,28,4.586,5.356,4.877,5.938,5.323,5.231,5.043,5.304,6.873,7.382,5.849,5.225,4.964,6.597,4.522,7.14,6.494,5.434,5.806,4.981,5.574,5.481,5.595,5.898
2232.03,28,4.607,5.382,4.796,5.892,5.295,5.284,5.105,5.26,6.941,7.316,5.815,5.146,5.001,6.606,4.521,7.108,6.42,5.423,5.863,5.03,5.58,5.519,5.594,5.82
2233.03,28,4.651,5.428,4.848,5.95,5.315,5.199,5.137,5.293,6.898,7.367,5.858,5.244,5.062,6.587,4.508,7.16,6.474,5.404,5.883,4.905,5.625,5.515,5.492,5.784
2234.03,28,4.658,5.424,4.758,5.976,5.321,5.233,5.05,5.35,6.898,7.244,5.831,5.179,4.987,6.584,4.559,7.09,6.504,5.502,5.851,4.988,5.639,5.56,5.53,5.813
2235.03,28,4.653,5.394,4.832,5.909,5.324,5.208,5.043,5.315,6.891,7.325,5.85,5.227,4.977,6.602,4.542,7.1,6.416,5.394,5.881,5.004,5.655,5.507,5.565,5.857
2236.03,28,4.656,5.338,4.775,5.917,5.284,5.249,5.096,5.291,6.896,7.316,5.879,5.233,5.03,6.575,4.538,7.235,6.51,5.402,5.866,5.011,5.602,5.519,5.533,5.765
2237.03,28,4.611,5.348,4.775,5.931,5.273,5.275,5.095,5.28,6.937,7.35,5.893,5.222,4.928,6.617,4.524,7.117,6.507,5.426,5.84,4.927,5.604,5.483,5.553,5.868
2238.03,28,4.633,5.378,4.808,5.928,5.35,5.232,5.083,5.252,6.88,7.299,5.86,5.203,5.068,6.6,4.531,7.134,6.463,5.424,5.792,5.038,5.668,5.491,5.495,5.78
2239.03,28,4.601,5.38,4.747,5.948,5.324,5.244,5.018,5.32,6.991,7.355,5.839,5.211,5.001,6.597,4.516,7.126,6.539,5.378,5.875,4.973,5.615,5.491,5.505,5.861
2240.03,28,4.627,5.315,4.737,5.857,5.281,5.264,5.069,5.297,6.882,7.375,5.911,5.174,5.067,6.59,4.56,7.073,6.471,5.395,5.782,4.938,5.638,5.53,5.584,5.798
2241.03,28,4.527,5.34,4.821,5.963,5.245,5.234,5.092,5.268,6.91,7.375,5.945,5.136,4.975,6.61,4.482,7.149,6.422,5.448,5.824,5.008,5.625,5.536,5.547,5.796
2242.03,28,4.56,5.4,4.797,5.939,5.345,5.255,5.078,5.284,6.876,7.318,5.807,5.198,5.029,6.573,4.559,7.158,6.583,5.452,5.827,4.888,5.608,5.504,5.541,5.788
2243.03,28,4.602,5.346,4.828,5.861,5.355,5.22,4.984,5.354,6.948,7.356,5.887,5.174,5.012,6.581,4.555,7.114,6.465,5.422,5.86,5.027,5.631,5.481,5.581,5.876
2244.03,28,4.602,5.383,4.743,5.969,5.305,5.201,5.041,5.292,6.892,7.369,5.832,5.202,5.009,6.614,4.538,7.119,6.481,5.413,5.79,5.009,5.609,5.511,5.51,5.773
2245.03,28,4.63,5.306,4.797,5.94,5.337,5.232,5.071,5.261,6.902,7.445,5.836,5.179,4.983,6.641,4.589,7.139,6.502,5.482,5.784,4.978,5.549,5.499,5.452,5.806
2246.03,28,4.581,5.325,4.777,5.922,5.278,5.203,5.012,5.264,6.921,7.358,5.837,5.15,4.944,6.602,4.597,7.097,6.482,5.502,5.885,4.984,5.646,5.545,5.543,5.759
2247.03,28,4.552,5.315,4.78,5.948,5.282,5.203,5.098,5.218,6.946,7.414,5.827,5.176,4.991,6.599,4.547,7.161,6.481,5.402,5.839,4.983,5.57,5.457,5.564,5.783
2248.03,28,4.569,5.321,4.742,5.848,5.318,5.202,5.103,5.281,6.928,7.371,5.875,5.184,4.994,6.6,4.497,7.028,6.494,5.353,5.845,5.003,5.623,5.524,5.514,5.797
2249.03,28,4.577,5.37,4.791,5.93,5.325,5.256,5.021,5.246,6.906,7.313,5.906,5.147,4.946,6.552,4.53,7.116,6.494,5.387,5.813,5.001,5.613,5.502,5.488,5.831
2250.03,28,4.554,5.31,4.774,5.909,5.339,5.174,5.062,5.223,6.843,7.289,5.779,5.174,4.941,6.616,4.54,7.126,6.505,5.412,5.85,4.961,5.624,5.504,5.519,5.783
2251.03,28,4.611,5.29,4.775,5.966,5.338,5.203,5.06,5.244,6.951,7.329,5.842,5.153,5.036,6.624,4.481,7.105,6.519,5.402,5.722,4.927,5.601,5.459,5.5,5.738
2252.03,28,4.52,5.332,4.776,5.963,5.302,5.19,5.014,5.197,6.93,7.295,5.809,5.144,4.955,6.632,4.506,7.185,6.541,5.397,5.832,4.952,5.61,5.566,5.51,5.805
2253.03,28,4.562,5.33,4.755,5.861,5.295,5.192,5.099,5.256,6.903,7.361,5.896,5.107,5.038,6.55,4.538,7.116,6.553,5.427,5.778,4.948,5.582,5.434,5.533,5.811
2254.03,28,4.547,5.305,4.788,5.935,5.302,5.196,4.971,5.293,6.92,7.346,5.892,5.183,4.95,6.641,4.588,7.15,6.466,5.371,5.794,5.023,5.506,5.526,5.532,5.744
2255.03,28,4.564,5.318,4.748,5.919,5.38,5.191,5.014,5.256,6.874,7.359,5.839,5.083,5.004,6.61,4.528,7.131,6.556,5.443,5.805,4.916,5.564,5.425,5.547,5.787
2256.03,28,4.576,5.319,4.696,5.824,5.257,5.201,5.041,5.295,6.9,7.351,5.861,5.13,4.922,6.598,4.527,7.12,6.498,5.439,5.863,5.001,5.508,5.527,5.53,5.73
2257.03,28,4.608,5.35,4.842,5.948,5.328,5.172,5.013,5.206,6.885,7.343,5.87,5.088,4.975,6.555,4.584,7.087,6.511,5.42,5.827,4.948,5.564,5.503,5.519,5.791
2258.03,28,4.634,5.298,4.804,5.898,5.26,5.215,4.951,5.228,6.964,7.319,5.879,5.125,4.941,6.582,4.549,7.199,6.502,5.337,5.838,4.957,5.611,5.489,5.537,5.802
2259.03,28,4.531,5.31,4.816,5.954,5.276,5.237,5.03,5.236,6.935,7.327,5.802,5.146,4.98,6.64,4.519,7.151,6.523,5.441,5.833,4.934,5.544,5.474,5.495,5.772
2260.03,28,4.586,5.358,4.716,5.952,5.315,5.205,4.97,5.251,6.93,7.372,5.86,5.131,5.007,6.652,4.506,7.155,6.442,5.396,5.827,4.984,5.638,5.516,5.466,5.821
2261.03,28,4.572,5.301,4.693,5.878,5.26,5.18,5.047,5.273,6.857,7.382,5.855,5.174,4.986,6.574,4.534,7.182,6.492,5.383,5.783,4.998,5.602,5.517,5.521,5.797
2262.03,28,4.516,5.303,4.772,5.933,5.289,5.198,5.015,5.177,6.862,7.367,5.822,5.176,4.943,6.566,4.547,7.114,6.562,5.375,5.756,4.933,5.532,5.482,5.454,5.791
2263.03,28,4.568,5.344,4.761,5.833,5.29,5.19,5.053,5.202,6.926,7.335,5.829,5.139,4.933,6.611,4.54,7.16,6.508,5.411,5.854,4.961,5.508,5.46,5.557,5.722
2264.03,28,4.513,5.331,4.737,5.913,5.293,5.125,5.063,5.16,6.932,7.369,5.812,5.149,5.009,6.574,4.51,7.201,6.558,5.329,5.755,4.927,5.499,5.476,5.49,5.806
2265.03,28,4.532,5.274,4.741,5.974,5.345,5.193,4.992,5.211,6.898,7.375,5.832,5.132,4.963,6.644,4.534,7.134,6.439,5.425,5.796,4.957,5.658,5.501,5.513,5.798
2266.03,28,4.549,5.303,4.684,5.842,5.25,5.156,5.008,5.215,6.827,7.331,5.874,5.065,4.988,6.633,4.512,7.129,6.361,5.322,5.793,4.925,5.562,5.496,5.491,5.756
2267.03,28,4.533,5.262,4.713,5.865,5.302,5.118,4.991,5.206,6.927,7.367,5.823,5.106,4.985,6.596,4.562,7.147,6.479,5.375,5.827,4.902,5.52,5.537,5.461,5.771
2268.03,28,4.537,5.335,4.673,5.932,5.266,5.153,5.009,5.251,6.932,7.326,5.764,5.098,4.971,6.617,4.475,7.072,6.434,5.419,5.757,4.953,5.623,5.476,5.544,5.768
2269.03,28,4.536,5.267,4.723,5.927,5.382,5.151,5.01,5.188,6.86,7.378,5.802,5.04,4.914,6.616,4.489,7.154,6.512,5.343,5.8,5.003,5.553,5.42,5.521,5.804
2270.03,28,4.557,5.292,4.716,5.925,5.315,5.147,4.937,5.18,6.929,7.454,5.817,5.106,4.937,6.627,4.51,7.144,6.502,5.369,5.783,4.894,5.521,5.47,5.489,5.707
2271.03,28,4.473,5.274,4.726,5.904,5.301,5.189,4.954,5.202,6.923,7.357,5.855,5.155,5.001,6.514,4.514,7.188,6.492,5.377,5.718,4.858,5.585,5.441,5.478,5.84
2272.03,28,4.492,5.234,4.711,5.974,5.33,5.17,5.018,5.236,6.896,7.324,5.808,5.131,4.934,6.584,4.521,7.117,6.458,5.38,5.809,4.906,5.545,5.507,5.441,5.773
2273.03,28,4.501,5.27,4.67,5.955,5.335,5.129,4.985,5.206,6.858,7.362,5.89,5.153,4.92,6.634,4.543,7.163,6.478,5.406,5.797,4.94,5.465,5.469,5.498,5.767
2274.03,28,4.514,5.276,4.688,5.945,5.273,5.117,4.956,5.232,6.883,7.36,5.785,5.113,4.925,6.579,4.52,7.092,6.509,5.353,5.812,4.945,5.525,5.432,5.48,5.755
2275.03,28,4.542,5.201,4.718,5.938,5.319,5.121,5.003,5.251,6.889,7.313,5.839,5.122,4.918,6.553,4.516,7.117,6.47,5.396,5.756,4.925,5.519,5.495,5.447,5.742
2276.03,28,4.465,5.274,4.648,5.89,5.338,5.106,4.949,5.228,6.972,7.318,5.841,5.115,4.981,6.583,4.553,7.164,6.482,5.339,5.751,4.869,5.518,5.494,5.482,5.709
2277.03,28,4.515,5.298,4.7,5.925,5.288,5.139,4.987,5.146,6.905,7.35,5.857,5.103,4.956,6.588,4.516,7.233,6.515,5.397,5.798,4.908,5.477,5.417,5.46,5.739
2278.03,28,4.49,5.246,4.749,5.948,5.369,5.13,5.018,5.167,6.943,7.353,5.778,5.061,4.891,6.613,4.539,7.156,6.49,5.341,5.768,4.92,5.538,5.464,5.496,5.725
2279.03,28,4.507,5.23,4.706,5.93,5.266,5.162,4.962,5.141,7.001,7.297,5.795,5.115,4.932,6.61,4.465,7.177,6.492,5.313,5.775,4.893,5.584,5.487,5.431,5.742
2280.03,28,4.505,5.266,4.72,5.852,5.286,5.159,4.972,5.171,6.898,7.383,5.854,5.068,4.933,6.59,4.457,7.132,6.452,5.334,5.777,4.929,5.53,5.39,5.458,5.752
2281.03,28,4.538,5.232,4.671,5.93,5.329,5.105,4.924,5.139,6.87,7.32,5.82,5.075,4.915,6.628,4.551,7.115,6.434,5.376,5.738,4.917,5.568,5.45,5.451,5.762
2282.03,28,4.444,5.258,4.744,5.975,5.33,5.126,5.015,5.195,6.942,7.411,5.908,5.043,4.897,6.584,4.574,7.06,6.405,5.354,5.689,4.932,5.5,5.461,5.438,5.822
2283.03,28,4.498,5.289,4.663,5.911,5.346,5.142,5.021,5.145,6.876,7.407,5.849,5.094,4.893,6.634,4.506,7.146,6.483,5.399,5.793,4.881,5.464,5.418,5.473,5.722
2284.03,28,4.497,5.246,4.68,5.912,5.285,5.127,4.96,5.136,6.88,7.376,5.872,5.071,4.866,6.621,4.545,7.212,6.477,5.289,5.755,4.916,5.542,5.451,5.483,5.704
2285.03,28,4.473,5.273,4.671,5.931,5.309,5.105,4.967,5.189,6.933,7.425,5.792,5.009,4.885,6.578,4.532,7.161,6.46,5.305,5.728,4.871,5.53,5.432,5.464,5.791
2286.03,28,4.487,5.249,4.643,5.859,5.31,5.132,5.049,5.17,6.962,7.34,5.897,5.043,4.962,6.593,4.514,7.112,6.532,5.325,5.752,4.915,5.499,5.498,5.427,5.755
2287.03,28,4.444,5.247,4.717,5.932,5.317,5.159,4.973,5.147,6.893,7.357,5.84,5.139,4.904,6.645,4.567,7.152,6.475,5.324,5.78,4.863,5.568,5.378,5.418,5.714
2288.03,28,4.484,5.256,4.687,5.928,5.314,5.132,5.021,5.207,6.947,7.303,5.784,5.052,4.895,6.604,4.524,7.094,6.497,5.366,5.729,4.94,5.523,5.444,5.482,5.699
2289.03,28,4.452,5.199,4.657,5.865,5.347,5.131,4.948,5.1,6.99,7.457,5.787,5.097,4.917,6.627,4.476,7.132,6.473,5.296,5.814,4.902,5.526,5.402,5.497,5.702
2290.03,28,4.527,5.142,4.681,5.93,5.333,5.094,4.932,5.139,6.874,7.395,5.854,5.062,4.87,6.63,4.561,7.139,6.475,5.436,5.722,4.885,5.427,5.437,5.487,5.706
2291.03,28,4.488,5.16,4.603,5.898,5.35,5.118,4.928,5.159,6.963,7.352,5.907,4.977,4.881,6.596,4.6,7.209,6.502,5.303,5.649,4.837,5.544,5.386,5.482,5.685
2292.03,28,4.427,5.212,4.587,5.935,5.311,5.11,4.946,5.156,6.845,7.401,5.814,5.061,4.949,6.612,4.458,7.094,6.486,5.308,5.727,4.858,5.567,5.507,5.41,5.724
2293.03,28,4.503,5.317,4.65,5.918,5.282,5.082,4.868,5.135,6.95,7.367,5.813,5.036,4.908,6.574,4.539,7.179,6.52,5.272,5.734,4.901,5.48,5.41,5.426,5.705
2294.03,28,4.454,5.233,4.602,5.926,5.232,5.111,4.991,5.124,6.934,7.366,5.883,4.985,4.914,6.56,4.516,7.187,6.45,5.379,5.759,4.872,5.48,5.441,5.453,5.663
2295.03,28,4.436,5.268,4.571,5.884,5.326,5.106,4.987,5.094,6.892,7.333,5.851,5.036,4.869,6.534,4.562,7.145,6.429,5.307,5.753,4.884,5.506,5.411,5.423,5.755
2296.03,28,4.489,5.245,4.564,5.959,5.371,5.119,4.929,5.195,6.927,7.319,5.861,5.106,4.889,6.671,4.557,7.162,6.535,5.319,5.75,4.871,5.501,5.406,5.478,5.679
2297.03,28,4.399,5.163,4.633,5.961,5.328,5.123,4.927,5.194,6.907,7.353,5.869,5.015,4.894,6.605,4.478,7.067,6.537,5.287,5.728,4.873,5.491,5.429,5.44,5.702
2298.03,28,4.449,5.245,4.647,5.931,5.272,5.163,4.949,5.135,6.871,7.3,5.773,5.04,4.917,6.58,4.503,7.107,6.541,5.307,5.692,4.845,5.473,5.403,5.436,5.723
2299.03,28,4.388,5.212,4.627,5.917,5.305,5.155,4.946,5.126,6.909,7.404,5.919,5.027,4.954,6.58,4.517,7.202,6.461,5.265,5.768,4.901,5.51,5.441,5.41,5.727
2300.03,28,4.428,5.19,4.665,5.856,5.339,5.109,4.929,5.094,6.927,7.351,5.828,5.024,4.872,6.578,4.55,7.128,6.49,5.246,5.746,4.815,5.474,5.413,5.438,5.683
2301.03,28,4.426,5.211,4.649,5.94,5.341,5.026,4.923,5.108,6.909,7.355,5.812,5.004,4.884,6.585,4.514,7.164,6.474,5.316,5.702,4.93,5.467,5.449,5.418,5.757
2302.03,28,4.387,5.218,4.664,5.907,5.299,5.044,4.921,5.146,6.92,7.387,5.828,5.002,4.858,6.625,4.599,7.182,6.446,5.241,5.726,4.839,5.532,5.434,5.404,5.712
2303.03,28,4.527,5.251,4.631,5.963,5.37,5.103,4.921,5.13,6.985,7.373,5.841,5.063,4.94,6.638,4.495,7.157,6.422,5.273,5.705,4.889,5.471,5.374,5.438,5.676
2304.03,28,4.417,5.137,4.65,5.974,5.29,5.147,4.935,5.074,6.924,7.424,5.812,4.947,4.899,6.534,4.481,7.192,6.469,5.345,5.702,4.904,5.439,5.38,5.455,5.67
2305.03,28,4.437,5.162,4.558,5.934,5.249,5.052,4.926,5.158,6.943,7.409,5.798,5.045,4.862,6.668,4.494,7.067,6.525,5.281,5.71,4.878,5.431,5.358,5.438,5.675
2306.03,28,4.377,5.206,4.541,5.898,5.317,5.113,5.007,5.103,6.846,7.342,5.889,4.983,4.899,6.632,4.54,7.137,6.467,5.298,5.709,4.914,5.479,5.378,5.397,5.714
2307.03,28,4.396,5.211,4.608,5.911,5.26,5.145,4.872,5.132,6.893,7.317,5.879,4.974,4.872,6.601,4.56,7.137,6.439,5.376,5.73,4.857,5.443,5.418,5.386,5.697
2308.03,28,4.472,5.161,4.621,5.951,5.342,5.1,4.883,5.087,6.935,7.363,5.77,5.025,4.826,6.617,4.542,7.136,6.499,5.295,5.689,4.854,5.519,5.361,5.412,5.706
2309.03,28,4.394,5.165,4.623,5.862,5.309,5.125,4.902,5.127,6.899,7.413,5.817,4.938,4.893,6.613,4.5,7.098,6.528,5.311,5.641,4.913,5.541,5.418,5.349,5.635
2310.03,28,4.383,5.239,4.63,5.88,5.281,5.146,4.916,5.14,6.908,7.367,5.824,5.011,4.87,6.617,4.532,7.115,6.549,5.287,5.651,4.897,5.559,5.381,5.393,5.675
2311.03,28,4.408,5.264,4.604,5.909,5.303,5.137,4.93,5.064,6.918,7.391,5.889,4.991,4.817,6.644,4.539,7.158,6.538,5.219,5.66,4.918,5.478,5.431,5.435,5.7
2312.03,28,4.408,5.183,4.621,5.898,5.277,5.058,4.828,5.084,6.903,7.364,5.89,4.998,4.837,6.597,4.543,7.177,6.481,5.318,5.703,4.835,5.456,5.403,5.428,5.671
2313.03,28,4.451,5.175,4.616,5.899,5.207,5.048,4.853,5.127,6.914,7.325,5.886,4.975,4.869,6.541,4.547,7.182,6.477,5.244,5.685,4.829,5.496,5.477,5.389,5.689
2314.03,28,4.383,5.175,4.562,5.845,5.307,5.105,4.852,5.149,6.98,7.358,5.845,4.92,4.838,6.605,4.538,7.133,6.528,5.255,5.734,4.831,5.443,5.387,5.446,5.681
2315.03,28,4.41,5.196,4.614,5.956,5.265,5.08,4.911,5.042,6.922,7.351,5.851,4.937,4.858,6.543,4.534,7.078,6.446,5.299,5.669,4.868,5.489,5.368,5.378,5.688
2316.03,28,4.396,5.215,4.577,5.971,5.352,5.106,4.88,5.049,6.924,7.303,5.804,4.992,4.847,6.593,4.532,7.163,6.505,5.21,5.695,4.837,5.419,5.409,5.39,5.639
2317.03,28,4.383,5.228,4.619,5.943,5.309,5.063,4.896,5.062,6.907,7.338,5.942,4.978,4.884,6.591,4.527,7.144,6.519,5.255,5.709,4.853,5.492,5.417,5.378,5.651
2318.03,28,4.352,5.149,4.562,5.911,5.361,5.022,4.837,5.127,6.925,7.343,5.826,4.98,4.839,6.686,4.486,7.1,6.496,5.282,5.697,4.81,5.384,5.355,5.479,5.679
2319.03,28,4.369,5.182,4.664,5.94,5.264,5.084,4.851,5.097,6.874,7.339,5.824,4.985,4.922,6.546,4.475,7.207,6.416,5.192,5.673,4.886,5.435,5.42,5.395,5.711
2320.03,28,4.338,5.171,4.566,5.955,5.315,5.071,4.844,5.146,6.941,7.37,5.814,5.003,4.827,6.6,4.561,7.127,6.494,5.318,5.65,4.859,5.484,5.366,5.435,5.636
2321.03,28,4.347,5.223,4.564,5.906,5.287,5.038,4.871,5.072,6.93,7.33,5.755,5.013,4.83,6.61,4.569,7.098,6.486,5.23,5.696,4.866,5.43,5.409,5.369,5.633
2322.03,28,4.349,5.09,4.619,5.887,5.305,5.058,4.868,5.105,6.923,7.338,5.843,4.969,4.841,6.658,4.55,7.14,6.515,5.276,5.711,4.82,5.432,5.362,5.368,5.61
2323.03,28,4.394,5.163,4.594,5.931,5.39,5.044,4.878,5.085,6.952,7.37,5.784,4.941,4.86,6.617,4.5,7.115,6.441,5.276,5.623,4.909,5.385,5.402,5.376,5.67
2324.03,28,4.453,5.207,4.542,5.957,5.317,5.073,4.893,5.107,6.937,7.307,5.927,5.013,4.835,6.626,4.533,7.094,6.529,5.283,5.676,4.843,5.487,5.418,5.371,5.647
2325.03,28,4.366,5.155,4.564,5.907,5.346,5.051,4.908,5.049,6.907,7.338,5.789,4.964,4.802,6.573,4.512,7.098,6.536,5.323,5.666,4.792,5.446,5.39,5.4,5.658
2326.03,28,4.405,5.191,4.575,5.829,5.286,5.111,4.874,5.077,6.883,7.307,5.812,4.967,4.772,6.609,4.603,7.133,6.522,5.275,5.746,4.833,5.455,5.334,5.383,5.625
2327.03,28,4.355,5.144,4.509,5.965,5.322,5.057,4.865,5.058,6.923,7.312,5.846,4.981,4.822,6.573,4.533,7.07,6.476,5.289,5.667,4.742,5.446,5.399,5.325,5.638
2328.03,28,4.374,5.187,4.554,5.878,5.312,5.078,4.818,4.99,6.925,7.352,5.852,4.967,4.827,6.562,4.504,7.119,6.485,5.211,5.611,4.774,5.478,5.295,5.408,5.633
2329.03,28,4.418,5.135,4.527,5.913,5.241,5.02,4.88,5.045,6.931,7.315,5.823,4.876,4.813,6.598,4.467,7.131,6.598,5.23,5.694,4.8,5.47,5.408,5.403,5.661
2330.03,28,4.333,5.136,4.517,5.924,5.378,5.056,4.827,5.065,6.843,7.402,5.849,4.953,4.796,6.67,4.474,7.128,6.49,5.277,5.651,4.861,5.418,5.382,5.371,5.682
2331.03,28,4.321,5.1,4.585,5.882,5.301,5.037,4.858,5.096,6.95,7.352,5.82,4.982,4.744,6.56,4.502,7.156,6.501,5.234,5.657,4.819,5.397,5.351,5.384,5.657
2332.03,28,4.38,5.17,4.621,5.902,5.3,5.063,4.935,5.037,6.9,7.398,5.868,5.018,4.779,6.668,4.521,7.128,6.488,5.27,5.716,4.742,5.465,5.339,5.336,5.644
2333.03,28,4.403,5.089,4.572,5.948,5.352,4.996,4.852,5.011,6.892,7.397,5.878,4.953,4.792,6.588,4.522,7.169,6.474,5.315,5.681,4.793,5.467,5.39,5.342,5.665
2334.03,28,4.273,5.119,4.502,5.918,5.322,5.024,4.873,5.091,6.916,7.279,5.9,4.936,4.821,6.58,4.508,7.136,6.539,5.222,5.627,4.867,5.436,5.364,5.397,5.689
2335.03,28,4.378,5.154,4.562,5.914,5.289,5.004,4.819,5.053,6.893,7.301,5.854,5.014,4.789,6.606,4.465,7.149,6.495,5.279,5.67,4.799,5.459,5.26,5.387,5.671
2336.03,28,4.342,5.094,4.447,5.899,5.316,5.031,4.867,5.027,6.937,7.462,5.929,4.953,4.762,6.686,4.491,7.121,6.471,5.16,5.693,4.816,5.462,5.342,5.417,5.624
2337.03,28,4.338,5.12,4.581,5.996,5.316,5.069,4.815,5.102,6.969,7.359,5.782,4.942,4.796,6.547,4.573,7.122,6.494,5.186,5.648,4.782,5.449,5.366,5.323,5.642
2338.03,28,4.301,5.136,4.554,5.895,5.306,5.055,4.814,5.043,6.938,7.399,5.827,4.961,4.758,6.622,4.503,7.108,6.442,5.269,5.62,4.791,5.419,5.358,5.35,5.654
2339.03,28,4.339,5.072,4.603,5.932,5.299,4.979,4.868,5.046,6.923,7.353,5.874,4.929,4.774,6.628,4.49,7.115,6.496,5.185,5.658,4.826,5.482,5.372,5.334,5.671
2340.03,28,4.318,5.039,4.502,5.888,5.245,5.001,4.813,5.039,6.945,7.376,5.852,4.873,4.801,6.644,4.583,7.133,6.52,5.238,5.675,4.883,5.415,5.291,5.323,5.664
2341.03,28,4.335,5.104,4.511,5.931,5.314,4.993,4.86,5.055,6.933,7.281,5.821,4.901,4.729,6.632,4.542,7.114,6.543,5.198,5.616,4.797,5.496,5.332,5.273,5.615
2342.03,28,4.303,5.11,4.513,5.908,5.285,5.058,4.778,5.043,6.858,7.394,5.809,4.899,4.785,6.578,4.553,7.128,6.511,5.219,5.619,4.787,5.441,5.35,5.317,5.589
2343.03,28,4.317,5.089,4.495,5.844,5.304,4.985,4.801,5.031,6.967,7.374,5.895,4.984,4.779,6.582,4.507,7.105,6.454,5.268,5.57,4.804,5.384,5.309,5.328,5.637
2344.03,28,4.321,5.097,4.541,5.91,5.329,5.044,4.837,5,6.907,7.404,5.857,4.937,4.819,6.624,4.54,7.153,6.435,5.231,5.667,4.807,5.322,5.386,5.328,5.575
2345.03,28,4.289,5.041,4.495,5.831,5.354,4.912,4.774,5.041,6.851,7.346,5.859,5.021,4.741,6.629,4.43,7.074,6.458,5.201,5.656,4.794,5.384,5.337,5.34,5.554
2346.03,28,4.331,5.071,4.58,5.973,5.308,5.007,4.764,5.102,6.944,7.356,5.797,4.9,4.81,6.549,4.521,7.141,6.522,5.209,5.595,4.817,5.368,5.329,5.418,5.614
2347.03,28,4.323,5.129,4.561,5.955,5.339,4.986,4.878,4.978,6.958,7.343,5.882,4.899,4.772,6.675,4.573,7.088,6.473,5.236,5.611,4.74,5.341,5.335,5.324,5.633
2348.03,28,4.268,5.096,4.515,5.909,5.348,4.95,4.812,4.962,6.93,7.367,5.839,4.879,4.767,6.625,4.559,7.148,6.485,5.244,5.622,4.8,5.382,5.301,5.35,5.613
2349.03,28,4.319,5.09,4.501,5.922,5.267,4.992,4.786,5.037,6.899,7.448,5.85,4.962,4.777,6.541,4.583,7.124,6.524,5.201,5.632,4.743,5.401,5.355,5.369,5.581
2350.03,28,4.312,5.136,4.494,5.985,5.255,5.014,4.83,4.925,6.95,7.374,5.876,4.904,4.78,6.645,4.528,7.146,6.468,5.198,5.644,4.778,5.401,5.347,5.338,5.574
2351.03,28,4.395,5.049,4.572,5.909,5.339,5.017,4.849,4.983,6.887,7.376,5.833,4.88,4.771,6.649,4.505,7.161,6.512,5.299,5.59,4.748,5.421,5.372,5.304,5.619
2352.03,28,4.251,5.026,4.458,5.928,5.316,5.044,4.851,5.04,6.91,7.356,5.856,4.937,4.697,6.546,4.467,7.102,6.469,5.23,5.626,4.75,5.389,5.331,5.349,5.618
2353.03,28,4.291,5.066,4.463,5.973,5.271,5.022,4.806,5.01,6.907,7.383,5.842,4.904,4.783,6.582,4.532,7.16,6.525,5.207,5.68,4.747,5.404,5.273,5.361,5.599
2354.03,28,4.289,5.087,4.551,5.928,5.293,4.991,4.831,5.046,6.822,7.365,5.862,4.962,4.764,6.592,4.554,7.119,6.455,5.236,5.579,4.826,5.372,5.367,5.326,5.652
2355.03,28,4.257,4.972,4.492,5.933,5.376,4.994,4.727,4.957,6.883,7.356,5.884,4.927,4.797,6.565,4.538,7.07,6.46,5.138,5.617,4.819,5.343,5.305,5.303,5.594
2356.03,28,4.25,5.009,4.485,5.96,5.355,4.899,4.851,5.005,6.951,7.354,5.82,4.897,4.769,6.601,4.555,7.149,6.497,5.159,5.599,4.804,5.373,5.271,5.377,5.591
2357.03,28,4.288,5.051,4.461,5.931,5.338,5.009,4.875,5.007,6.909,7.356,5.846,4.849,4.744,6.61,4.446,7.122,6.463,5.225,5.555,4.767,5.388,5.274,5.311,5.589
2358.03,28,4.334,5.001,4.467,5.886,5.313,4.959,4.815,4.986,6.846,7.348,5.9,4.911,4.786,6.557,4.536,7.128,6.45,5.193,5.626,4.766,5.385,5.331,5.318,5.617
2359.03,28,4.262,5.011,4.558,5.931,5.277,4.94,4.725,4.925,6.914,7.339,5.881,4.943,4.672,6.509,4.526,7.099,6.426,5.262,5.605,4.731,5.374,5.266,5.327,5.582
2360.03,28,4.264,5.008,4.445,5.873,5.352,4.955,4.817,4.979,6.864,7.376,5.813,4.934,4.628,6.625,4.479,7.149,6.435,5.203,5.498,4.727,5.45,5.274,5.259,5.542
2361.03,28,4.239,5.004,4.462,5.961,5.342,4.994,4.751,5.002,6.885,7.392,5.844,4.839,4.746,6.626,4.523,7.207,6.391,5.212,5.539,4.753,5.36,5.344,5.316,5.619
2362.03,28,4.297,5.054,4.479,5.967,5.269,4.951,4.831,4.974,6.912,7.321,5.867,4.889,4.741,6.57,4.533,7.13,6.507,5.228,5.619,4.762,5.406,5.298,5.363,5.577
2363.03,28,4.274,5.06,4.494,5.95,5.404,4.898,4.772,4.995,6.873,7.363,5.803,4.825,4.746,6.544,4.521,7.115,6.498,5.147,5.557,4.77,5.389,5.319,5.257,5.539
2364.03,28,4.296,4.999,4.468,5.946,5.334,4.976,4.777,4.922,6.881,7.372,5.816,4.887,4.692,6.566,4.572,7.125,6.462,5.147,5.612,4.659,5.353,5.262,5.238,5.557
2365.03,28,4.262,4.99,4.465,5.931,5.321,4.878,4.803,4.943,6.951,7.386,5.842,4.883,4.703,6.609,4.519,7.165,6.505,5.17,5.606,4.682,5.364,5.281,5.276,5.626
2366.03,28,4.222,5.028,4.469,5.968,5.363,4.971,4.726,4.96,6.864,7.286,5.878,4.891,4.743,6.618,4.541,7.114,6.471,5.163,5.566,4.75,5.326,5.319,5.322,5.617
2367.03,28,4.229,5.033,4.475,5.917,5.345,4.929,4.858,5.018,6.911,7.325,5.954,4.803,4.748,6.668,4.549,7.152,6.508,5.116,5.555,4.743,5.314,5.271,5.362,5.577
2368.03,28,4.264,5.063,4.485,5.934,5.298,4.941,4.772,4.955,6.915,7.336,5.865,4.798,4.714,6.599,4.499,7.097,6.545,5.142,5.614,4.765,5.319,5.291,5.326,5.596
2369.03,28,4.228,5.041,4.485,5.909,5.273,5.003,4.752,4.983,6.921,7.368,5.831,4.927,4.72,6.593,4.538,7.106,6.482,5.128,5.561,4.809,5.396,5.273,5.355,5.537
2370.03,28,4.252,5,4.434,5.947,5.35,4.929,4.806,4.993,6.951,7.387,5.843,4.858,4.71,6.618,4.586,7.098,6.504,5.099,5.613,4.707,5.396,5.275,5.26,5.582
2371.03,28,4.293,5.002,4.48,5.904,5.294,4.959,4.811,4.952,6.894,7.323,5.821,4.819,4.723,6.601,4.565,7.158,6.454,5.144,5.521,4.779,5.328,5.285,5.342,5.566
2372.03,28,4.229,4.973,4.47,5.982,5.37,4.994,4.773,4.986,6.806,7.352,5.824,4.838,4.667,6.613,4.536,7.111,6.466,5.202,5.597,4.725,5.35,5.305,5.329,5.618
2373.03,28,4.18,4.963,4.432,5.871,5.379,4.897,4.761,4.952,6.912,7.395,5.826,4.849,4.697,6.612,4.545,7.135,6.505,5.192,5.52,4.731,5.314,5.264,5.295,5.556
2374.03,28,4.225,5.016,4.446,5.96,5.286,4.993,4.748,4.966,6.919,7.468,5.869,4.819,4.719,6.594,4.472,7.167,6.425,5.117,5.641,4.722,5.319,5.326,5.304,5.6
2375.03,28,4.282,4.999,4.447,5.854,5.317,4.962,4.781,4.922,6.869,7.392,5.86,4.831,4.763,6.634,4.542,7.137,6.486,5.214,5.516,4.72,5.34,5.278,5.222,5.515
2376.03,28,4.214,4.95,4.41,5.952,5.321,4.881,4.83,4.935,6.872,7.386,5.898,4.802,4.73,6.616,4.57,7.144,6.47,5.121,5.566,4.697,5.339,5.253,5.348,5.567
2377.03,28,4.231,5.023,4.436,5.948,5.372,4.934,4.792,4.924,6.939,7.295,5.886,4.764,4.705,6.64,4.496,7.126,6.542,5.191,5.592,4.72,5.306,5.289,5.288,5.561
2378.03,28,4.233,5.009,4.371,5.987,5.247,4.889,4.757,4.973,6.933,7.377,5.887,4.861,4.734,6.612,4.514,7.114,6.509,5.183,5.598,4.703,5.335,5.285,5.343,5.546
2379.03,28,4.206,4.997,4.494,5.954,5.315,4.873,4.812,4.904,6.941,7.405,5.82,4.847,4.706,6.639,4.522,7.107,6.497,5.075,5.621,4.701,5.284,5.293,5.325,5.523
2380.03,28,4.188,5.023,4.44,5.89,5.296,4.944,4.72,4.887,6.954,7.375,5.844,4.765,4.719,6.663,4.564,7.139,6.448,5.119,5.546,4.667,5.336,5.237,5.227,5.521
2381.03,28,4.271,4.939,4.478,5.936,5.324,4.888,4.778,4.967,6.867,7.325,5.912,4.884,4.685,6.621,4.559,7.099,6.464,5.106,5.521,4.763,5.311,5.275,5.331,5.589
2382.03,28,4.157,5.023,4.385,5.899,5.317,4.904,4.813,4.92,6.872,7.379,5.875,4.782,4.715,6.645,4.549,7.116,6.525,5.149,5.553,4.69,5.305,5.278,5.216,5.545
2383.03,28,4.182,4.926,4.471,5.871,5.326,4.866,4.715,4.917,6.926,7.343,5.867,4.783,4.694,6.703,4.538,7.116,6.523,5.169,5.529,4.744,5.369,5.309,5.279,5.554
2384.03,28,4.219,5.003,4.448,5.892,5.373,4.953,4.779,4.877,6.887,7.365,5.815,4.859,4.788,6.617,4.516,7.139,6.457,5.17,5.554,4.732,5.241,5.243,5.272,5.547
2385.03,28,4.215,5.04,4.402,5.883,5.339,4.922,4.766,4.958,6.955,7.342,5.812,4.843,4.671,6.588,4.533,7.181,6.509,5.177,5.619,4.728,5.329,5.263,5.343,5.537
2386.03,28,4.16,4.941,4.409,5.911,5.265,4.943,4.742,4.881,6.846,7.32,5.847,4.856,4.616,6.638,4.53,7.117,6.512,5.157,5.561,4.674,5.265,5.277,5.294,5.543
2387.03,28,4.222,4.955,4.499,5.902,5.298,4.918,4.749,4.887,6.837,7.386,5.844,4.713,4.653,6.603,4.496,7.15,6.518,5.144,5.541,4.733,5.359,5.255,5.3,5.529
2388.03,28,4.185,4.926,4.383,5.917,5.365,4.831,4.779,4.93,7.014,7.381,5.857,4.753,4.645,6.583,4.483,7.178,6.456,5.141,5.487,4.651,5.319,5.265,5.303,5.541
2389.03,28,4.197,4.937,4.399,5.955,5.259,4.882,4.778,4.839,6.923,7.39,5.858,4.857,4.654,6.575,4.517,7.118,6.478,5.157,5.536,4.625,5.31,5.287,5.195,5.506
2390.03,28,4.148,4.998,4.351,5.951,5.338,4.851,4.741,4.916,6.957,7.337,5.886,4.753,4.679,6.6,4.504,7.112,6.463,5.142,5.582,4.651,5.262,5.257,5.22,5.545
2391.03,28,4.226,4.987,4.449,5.943,5.348,4.872,4.748,4.893,6.974,7.373,5.837,4.785,4.619,6.561,4.494,7.096,6.49,5.174,5.474,4.645,5.355,5.199,5.21,5.484
2392.03,28,4.182,4.96,4.367,5.866,5.393,4.903,4.738,4.868,6.884,7.411,5.893,4.803,4.686,6.619,4.534,7.101,6.505,5.147,5.474,4.657,5.302,5.239,5.264,5.552
2393.03,28,4.229,4.975,4.388,5.944,5.378,4.837,4.704,4.895,7.017,7.384,5.895,4.787,4.634,6.617,4.495,7.134,6.523,5.101,5.51,4.704,5.309,5.305,5.27,5.55
2394.03,28,4.157,4.988,4.403,5.974,5.457,4.859,4.746,4.856,6.931,7.295,5.876,4.815,4.669,6.571,4.512,7.09,6.46,5.113,5.528,4.681,5.257,5.248,5.284,5.469
2395.03,28,4.155,4.924,4.375,5.912,5.299,4.815,4.724,4.921,6.926,7.366,5.861,4.781,4.672,6.624,4.477,7.184,6.451,5.133,5.555,4.701,5.258,5.188,5.279,5.57
2396.03,28,4.226,4.95,4.389,5.917,5.323,4.854,4.725,4.956,6.936,7.409,5.885,4.765,4.685,6.679,4.514,7.117,6.478,5.099,5.568,4.642,5.334,5.258,5.275,5.509
2397.03,28,4.158,4.946,4.345,5.926,5.427,4.885,4.699,4.885,6.958,7.338,5.835,4.74,4.66,6.604,4.517,7.096,6.496,5.142,5.521,4.7,5.296,5.241,5.308,5.546
2398.03,28,4.2,4.951,4.413,5.889,5.304,4.85,4.719,4.831,6.91,7.277,5.91,4.803,4.604,6.619,4.45,7.035,6.489,5.13,5.539,4.7,5.265,5.24,5.265,5.536
2399.03,28,4.167,4.926,4.393,5.904,5.367,4.857,4.706,4.863,6.903,7.412,5.918,4.771,4.641,6.549,4.494,7.105,6.489,5.068,5.572,4.657,5.308,5.24,5.357,5.486
2400.03,28,4.19,4.931,4.389,5.968,5.336,4.926,4.714,4.906,6.916,7.353,5.888,4.801,4.621,6.616,4.466,7.116,6.524,5.057,5.511,4.688,5.285,5.252,5.275,5.47
2401.03,28,4.125,4.902,4.353,5.99,5.297,4.877,4.674,4.831,6.916,7.322,5.867,4.752,4.656,6.524,4.537,7.092,6.507,5.082,5.536,4.602,5.314,5.268,5.245,5.51
2402.03,28,4.13,4.893,4.377,5.916,5.341,4.878,4.722,4.844,6.945,7.38,5.888,4.81,4.653,6.568,4.519,7.102,6.511,5.106,5.518,4.658,5.276,5.235,5.213,5.562
2403.03,28,4.143,4.916,4.271,5.9,5.301,4.901,4.686,4.851,6.919,7.37,5.931,4.783,4.684,6.592,4.514,7.102,6.458,5.102,5.532,4.606,5.303,5.197,5.207,5.478
2404.03,28,4.104,4.955,4.34,5.959,5.393,4.881,4.716,4.876,6.896,7.348,5.87,4.737,4.623,6.645,4.506,7.119,6.452,5.138,5.493,4.669,5.33,5.239,5.242,5.463
2405.03,28,4.128,4.9,4.323,5.896,5.294,4.88,4.74,4.854,6.926,7.306,5.809,4.676,4.574,6.633,4.574,7.203,6.469,5.117,5.585,4.703,5.263,5.155,5.268,5.448
2406.03,28,4.102,4.841,4.344,5.944,5.298,4.856,4.715,4.872,6.973,7.355,5.857,4.752,4.619,6.652,4.487,7.11,6.491,5.111,5.552,4.656,5.253,5.214,5.284,5.534
2407.03,28,4.175,4.958,4.397,5.968,5.323,4.855,4.725,4.921,6.918,7.366,5.878,4.819,4.658,6.578,4.547,7.128,6.468,5.087,5.562,4.664,5.206,5.154,5.212,5.547
2408.03,28,4.058,4.903,4.358,5.848,5.323,4.833,4.691,4.819,6.912,7.373,5.823,4.722,4.6,6.596,4.504,7.141,6.522,5.152,5.481,4.671,5.287,5.218,5.303,5.46
2409.03,28,4.134,4.93,4.326,5.98,5.338,4.858,4.641,4.839,6.986,7.34,5.847,4.766,4.629,6.623,4.506,7.131,6.478,5.063,5.5,4.664,5.28,5.206,5.266,5.48
2410.03,28,4.133,4.877,4.358,5.902,5.347,4.828,4.746,4.782,6.884,7.396,5.887,4.756,4.609,6.629,4.515,7.103,6.45,5.144,5.524,4.721,5.283,5.137,5.256,5.522
2411.03,28,4.151,4.934,4.378,5.908,5.352,4.81,4.628,4.88,6.922,7.417,5.877,4.692,4.609,6.619,4.561,7.111,6.484,5.021,5.513,4.673,5.256,5.205,5.206,5.497
2412.03,28,4.049,4.916,4.34,5.881,5.379,4.883,4.617,4.82,6.939,7.346,5.857,4.694,4.544,6.546,4.546,7.079,6.437,5.062,5.511,4.619,5.21,5.193,5.24,5.482
2413.03,28,4.22,4.897,4.355,5.954,5.281,4.853,4.703,4.85,6.913,7.267,5.892,4.709,4.617,6.595,4.567,7.213,6.508,5.083,5.43,4.688,5.289,5.196,5.242,5.515
2414.03,28,4.086,4.894,4.324,5.883,5.273,4.785,4.742,4.837,6.9,7.333,5.864,4.688,4.609,6.564,4.522,7.058,6.453,5.106,5.45,4.687,5.244,5.173,5.207,5.471
2415.03,28,4.118,4.897,4.296,5.931,5.273,4.772,4.691,4.839,6.86,7.395,5.86,4.717,4.598,6.6,4.497,7.151,6.475,5.063,5.44,4.652,5.218,5.222,5.229,5.504
2416.03,28,4.147,4.811,4.327,5.969,5.357,4.812,4.637,4.846,6.915,7.326,5.887,4.768,4.547,6.639,4.52,7.092,6.468,5.12,5.441,4.615,5.246,5.202,5.271,5.502
2417.03,28,4.059,4.886,4.345,5.909,5.323,4.834,4.638,4.809,6.953,7.405,5.838,4.75,4.582,6.659,4.51,7.153,6.469,5.079,5.476,4.604,5.244,5.203,5.257,5.47
2418.03,28,4.058,4.901,4.282,5.966,5.323,4.803,4.638,4.829,6.956,7.364,5.899,4.754,4.55,6.583,4.526,7.147,6.583,5.034,5.45,4.596,5.282,5.238,5.241,5.481
2419.03,28,4.095,4.858,4.31,5.92,5.369,4.843,4.705,4.846,6.891,7.383,5.835,4.689,4.628,6.576,4.532,7.108,6.465,5.08,5.495,4.662,5.213,5.182,5.203,5.437
2420.03,28,4.039,4.757,4.347,5.911,5.297,4.815,4.658,4.772,6.863,7.4,5.892,4.717,4.565,6.589,4.517,7.1,6.454,5.05,5.415,4.563,5.3,5.17,5.223,5.512
2421.03,28,4.098,4.864,4.259,5.919,5.3,4.841,4.61,4.804,6.953,7.437,5.883,4.751,4.592,6.599,4.532,7.151,6.523,5.09,5.403,4.619,5.202,5.185,5.233,5.503
2422.03,28,4.118,4.9,4.287,5.949,5.355,4.821,4.689,4.806,6.933,7.34,5.85,4.664,4.59,6.629,4.538,7.098,6.479,5.061,5.454,4.631,5.189,5.225,5.263,5.473
2423.03,28,4.187,4.852,4.289,5.969,5.305,4.819,4.652,4.791,6.881,7.326,5.835,4.687,4.581,6.587,4.539,7.172,6.479,5.031,5.474,4.635,5.273,5.146,5.183,5.541
2424.03,28,4.109,4.832,4.335,5.954,5.317,4.815,4.62,4.792,6.94,7.359,5.838,4.726,4.564,6.586,4.529,7.131,6.457,5.075,5.471,4.527,5.224,5.203,5.207,5.481
2425.03,28,4.005,4.844,4.229,5.941,5.378,4.813,4.679,4.841,6.942,7.402,5.885,4.775,4.532,6.592,4.535,7.09,6.463,5.089,5.461,4.582,5.231,5.192,5.14,5.487
2426.03,28,4.084,4.869,4.287,5.901,5.343,4.825,4.633,4.775,6.903,7.346,5.88,4.653,4.528,6.631,4.478,7.081,6.485,5.026,5.529,4.624,5.22,5.213,5.237,5.511
2427.03,28,4.074,4.824,4.323,5.889,5.368,4.824,4.631,4.811,6.956,7.371,5.839,4.705,4.542,6.61,4.508,7.081,6.559,5.026,5.532,4.544,5.174,5.192,5.21,5.456
2428.03,28,4.065,4.796,4.258,5.904,5.34,4.77,4.643,4.772,6.963,7.348,5.858,4.679,4.608,6.556,4.52,7.153,6.502,4.992,5.483,4.625,5.237,5.185,5.208,5.402
2429.03,28,4.084,4.906,4.273,5.982,5.361,4.755,4.692,4.749,6.89,7.35,5.89,4.729,4.603,6.553,4.551,7.166,6.497,5,5.467,4.594,5.23,5.213,5.176,5.496
2430.03,28,4.051,4.815,4.356,5.962,5.359,4.809,4.614,4.778,6.958,7.403,5.848,4.666,4.555,6.646,4.523,7.146,6.533,5.116,5.381,4.587,5.282,5.197,5.215,5.43
2431.03,28,4.012,4.811,4.36,5.894,5.352,4.827,4.69,4.837,6.829,7.35,5.908,4.706,4.54,6.56,4.499,7.129,6.518,5.055,5.454,4.521,5.265,5.168,5.283,5.49
2432.03,28,4.08,4.814,4.348,5.926,5.284,4.811,4.627,4.831,6.955,7.407,5.875,4.674,4.59,6.631,4.529,7.095,6.485,5.072,5.457,4.66,5.2,5.188,5.181,5.487
2433.03,28,4.027,4.795,4.257,5.92,5.305,4.829,4.657,4.788,6.943,7.379,5.867,4.667,4.588,6.592,4.502,7.158,6.547,5.099,5.428,4.634,5.208,5.149,5.231,5.423
2434.03,28,4.014,4.884,4.261,5.901,5.334,4.76,4.619,4.752,6.919,7.396,5.842,4.622,4.548,6.622,4.597,7.17,6.5,5.019,5.468,4.596,5.271,5.183,5.17,5.449
2435.03,28,4.075,4.822,4.273,6.005,5.283,4.759,4.593,4.763,6.949,7.372,5.853,4.672,4.502,6.563,4.532,7.112,6.498,5.082,5.453,4.601,5.238,5.184,5.166,5.478
2436.03,28,4.075,4.776,4.259,5.99,5.366,4.781,4.612,4.779,6.878,7.366,5.82,4.727,4.525,6.562,4.519,7.09,6.55,4.997,5.458,4.521,5.179,5.177,5.247,5.499
2437.03,28,4.038,4.809,4.277,5.906,5.315,4.781,4.659,4.766,6.978,7.226,5.865,4.664,4.581,6.622,4.531,7.208,6.51,5.037,5.408,4.609,5.197,5.137,5.193,5.448
2438.03,28,4.101,4.837,4.272,5.938,5.246,4.771,4.647,4.785,6.879,7.334,5.895,4.639,4.567,6.532,4.555,7.159,6.511,4.98,5.465,4.588,5.224,5.126,5.131,5.462
2439.03,28,4.027,4.814,4.238,5.925,5.332,4.759,4.591,4.756,6.828,7.345,5.891,4.657,4.559,6.573,4.526,7.119,6.498,4.958,5.468,4.617,5.186,5.247,5.182,5.393
2440.03,28,3.988,4.803,4.228,5.937,5.343,4.776,4.663,4.762,6.926,7.366,5.834,4.646,4.586,6.62,4.489,7.113,6.459,4.917,5.394,4.6,5.15,5.148,5.245,5.423
2441.03,28,4.032,4.836,4.252,5.931,5.314,4.736,4.649,4.782,6.907,7.376,5.839,4.676,4.571,6.553,4.51,7.117,6.488,4.949,5.414,4.585,5.253,5.145,5.204,5.449
2442.03,28,4.025,4.863,4.214,5.882,5.356,4.74,4.546,4.743,6.951,7.376,5.901,4.683,4.57,6.59,4.503,7.1,6.442,4.98,5.408,4.652,5.249,5.169,5.165,5.434
2443.03,28,4.04,4.867,4.241,5.939,5.334,4.829,4.567,4.765,6.898,7.384,5.869,4.664,4.566,6.631,4.555,7.119,6.401,5.024,5.441,4.653,5.226,5.127,5.152,5.497
2444.03,28,4.023,4.819,4.258,5.884,5.344,4.778,4.575,4.732,6.867,7.371,5.89,4.645,4.524,6.588,4.501,7.084,6.499,5.033,5.477,4.56,5.235,5.092,5.144,5.423
2445.03,28,4.017,4.764,4.261,5.98,5.37,4.74,4.571,4.706,6.93,7.407,5.821,4.639,4.564,6.602,4.523,7.112,6.501,5.067,5.441,4.584,5.181,5.197,5.183,5.447
2446.03,28,3.991,4.807,4.199,5.893,5.345,4.762,4.576,4.716,6.937,7.366,5.896,4.66,4.554,6.587,4.587,7.114,6.465,4.979,5.467,4.547,5.182,5.074,5.125,5.437
2447.03,28,4.021,4.881,4.167,5.866,5.305,4.767,4.622,4.728,6.893,7.389,5.881,4.643,4.585,6.606,4.531,7.097,6.491,5.025,5.4,4.527,5.304,5.068,5.169,5.4
2448.03,28,4.024,4.758,4.255,5.91,5.331,4.78,4.561,4.746,6.905,7.345,5.884,4.654,4.546,6.585,4.515,7.082,6.429,5.024,5.418,4.557,5.222,5.167,5.147,5.429
2449.03,28,4.013,4.828,4.309,5.946,5.38,4.786,4.542,4.75,6.915,7.374,5.835,4.584,4.535,6.67,4.493,7.119,6.524,4.988,5.397,4.517,5.269,5.135,5.178,5.396
2450.03,28,3.957,4.782,4.247,5.903,5.26,4.748,4.577,4.746,6.973,7.365,5.869,4.622,4.502,6.64,4.519,7.093,6.455,5.019,5.392,4.629,5.171,5.142,5.138,5.425
2451.03,28,4.029,4.765,4.305,5.956,5.321,4.643,4.568,4.731,6.928,7.373,5.93,4.643,4.462,6.653,4.61,7.138,6.462,4.929,5.406,4.578,5.212,5.169,5.189,5.366
2452.03,28,3.987,4.824,4.281,5.91,5.251,4.76,4.64,4.697,6.908,7.355,5.86,4.65,4.561,6.633,4.598,7.107,6.464,4.973,5.391,4.567,5.199,5.15,5.195,5.393
2453.03,28,3.889,4.754,4.276,5.913,5.336,4.714,4.57,4.699,6.888,7.351,5.863,4.619,4.508,6.613,4.509,7.085,6.514,5.029,5.437,4.618,5.229,5.171,5.16,5.418
2454.03,28,3.919,4.801,4.144,5.889,5.303,4.736,4.539,4.694,6.918,7.429,5.856,4.588,4.495,6.579,4.502,7.099,6.468,5.022,5.449,4.541,5.203,5.115,5.134,5.452
2455.03,28,4.022,4.804,4.275,5.883,5.324,4.723,4.535,4.666,6.9,7.361,5.836,4.616,4.55,6.626,4.53,7.119,6.454,4.98,5.377,4.552,5.215,5.129,5.15,5.378
2456.03,28,3.942,4.767,4.21,5.942,5.351,4.744,4.519,4.77,6.911,7.422,5.851,4.667,4.471,6.615,4.543,7.182,6.55,4.999,5.368,4.55,5.186,5.136,5.116,5.363
2457.03,28,3.935,4.782,4.219,5.944,5.346,4.73,4.577,4.742,6.932,7.323,5.839,4.572,4.51,6.547,4.558,7.115,6.504,5.043,5.404,4.591,5.182,5.14,5.171,5.441
2458.03,28,3.976,4.871,4.277,5.968,5.308,4.742,4.536,4.761,6.907,7.401,5.879,4.561,4.532,6.589,4.476,7.091,6.464,4.98,5.358,4.571,5.187,5.139,5.155,5.377
2459.03,28,3.907,4.815,4.218,5.895,5.397,4.73,4.566,4.673,6.896,7.365,5.865,4.577,4.493,6.571,4.533,7.082,6.457,4.963,5.469,4.564,5.212,5.074,5.142,5.33
2460.03,28,3.992,4.794,4.234,5.948,5.36,4.798,4.597,4.807,6.922,7.35,5.857,4.55,4.493,6.68,4.496,7.158,6.466,4.949,5.434,4.54,5.162,5.133,5.172,5.452
2461.03,28,3.921,4.74,4.227,5.954,5.368,4.729,4.558,4.699,6.958,7.399,5.896,4.656,4.525,6.543,4.488,7.142,6.434,5.026,5.401,4.503,5.255,5.058,5.09,5.412
2462.03,28,3.959,4.712,4.205,5.909,5.342,4.721,4.538,4.754,6.927,7.299,5.837,4.592,4.41,6.592,4.524,7.162,6.504,4.973,5.404,4.54,5.185,5.081,5.174,5.491
2463.03,28,3.968,4.779,4.182,5.913,5.312,4.691,4.519,4.71,6.921,7.387,5.797,4.569,4.531,6.608,4.557,7.084,6.437,4.97,5.364,4.54,5.183,5.167,5.18,5.356
2464.03,28,4.005,4.71,4.204,5.933,5.25,4.701,4.504,4.694,6.915,7.343,5.911,4.603,4.558,6.617,4.539,7.088,6.494,5.003,5.401,4.547,5.127,5.155,5.053,5.41
2465.03,28,3.965,4.778,4.171,5.908,5.316,4.739,4.51,4.727,6.96,7.383,5.848,4.625,4.471,6.532,4.535,7.081,6.503,4.999,5.361,4.606,5.203,5.089,5.133,5.377
2466.03,28,3.972,4.708,4.176,5.957,5.356,4.723,4.5,4.656,6.93,7.326,5.894,4.608,4.507,6.581,4.577,7.168,6.495,4.988,5.386,4.552,5.163,5.121,5.181,5.337
2467.03,28,3.94,4.77,4.164,5.974,5.313,4.7,4.564,4.675,6.954,7.345,5.918,4.595,4.455,6.583,4.542,7.143,6.488,4.953,5.291,4.505,5.193,5.122,5.124,5.362
2468.03,28,3.98,4.718,4.193,5.885,5.358,4.723,4.554,4.656,6.885,7.387,5.833,4.564,4.509,6.595,4.527,7.138,6.548,4.98,5.349,4.505,5.163,5.149,5.152,5.36
2469.03,28,3.923,4.777,4.183,5.861,5.379,4.702,4.574,4.682,6.917,7.396,5.8,4.48,4.489,6.58,4.529,7.127,6.515,5.004,5.358,4.498,5.144,5.056,5.136,5.362
2470.03,28,3.963,4.767,4.132,5.996,5.352,4.669,4.467,4.702,6.889,7.285,5.844,4.611,4.478,6.609,4.528,7.133,6.423,4.954,5.397,4.535,5.096,5.103,5.143,5.334
2471.03,28,3.972,4.723,4.187,5.942,5.335,4.661,4.547,4.692,6.958,7.374,5.84,4.546,4.444,6.592,4.519,7.141,6.517,4.972,5.324,4.594,5.21,5.105,5.143,5.385
2472.03,28,3.955,4.719,4.167,5.944,5.408,4.728,4.57,4.719,6.835,7.324,5.864,4.52,4.426,6.602,4.552,7.152,6.471,4.928,5.317,4.508,5.21,5.157,5.121,5.364
2473.03,28,3.932,4.721,4.149,5.925,5.304,4.675,4.505,4.618,6.966,7.29,5.882,4.541,4.491,6.661,4.598,7.125,6.442,4.928,5.363,4.523,5.188,5.096,5.095,5.37
2474.03,28,3.963,4.722,4.178,5.912,5.345,4.674,4.556,4.646,6.891,7.398,5.863,4.558,4.479,6.599,4.604,7.16,6.457,4.913,5.323,4.49,5.119,5.097,5.138,5.434
2475.03,28,3.901,4.691,4.119,5.906,5.326,4.716,4.564,4.603,6.979,7.425,5.895,4.574,4.398,6.61,4.538,7.081,6.495,4.955,5.366,4.549,5.11,5.082,5.145,5.376
2476.03,28,3.906,4.735,4.196,5.924,5.318,4.661,4.571,4.752,6.934,7.382,5.807,4.611,4.408,6.635,4.44,7.098,6.486,4.924,5.333,4.519,5.115,5.089,5.08,5.332
2477.03,28,3.882,4.704,4.153,5.903,5.378,4.679,4.563,4.706,7.003,7.332,5.886,4.567,4.526,6.574,4.518,7.182,6.477,4.946,5.43,4.539,5.139,5.085,5.104,5.325
2478.03,28,3.946,4.683,4.184,5.896,5.352,4.653,4.52,4.712,6.897,7.394,5.884,4.552,4.408,6.647,4.518,7.184,6.475,4.944,5.409,4.517,5.189,5.097,5.147,5.35
2479.03,28,3.954,4.7,4.141,5.94,5.301,4.629,4.476,4.661,6.912,7.412,5.902,4.531,4.417,6.621,4.549,7.128,6.484,4.949,5.378,4.479,5.164,5.09,5.148,5.309
2480.03,28,3.916,4.709,4.135,5.866,5.348,4.64,4.496,4.694,6.92,7.425,5.9,4.586,4.478,6.599,4.592,7.126,6.46,4.982,5.398,4.533,5.152,5.101,5.109,5.308
2481.03,28,3.874,4.761,4.192,5.947,5.316,4.69,4.481,4.64,6.881,7.327,5.878,4.54,4.447,6.555,4.496,7.111,6.474,4.954,5.382,4.552,5.144,5.098,5.111,5.402
2482.03,28,3.852,4.741,4.138,5.869,5.269,4.729,4.566,4.652,6.896,7.362,5.84,4.577,4.382,6.565,4.544,7.138,6.487,4.918,5.32,4.509,5.105,5.07,5.115,5.369
2483.03,28,3.877,4.632,4.14,5.902,5.328,4.614,4.486,4.589,6.904,7.366,5.894,4.502,4.445,6.657,4.492,7.133,6.499,4.933,5.339,4.496,5.155,5.11,5.085,5.381
2484.03,28,3.983,4.704,4.126,5.877,5.326,4.636,4.485,4.701,6.916,7.368,5.917,4.547,4.394,6.681,4.561,7.18,6.507,4.956,5.406,4.475,5.091,5.031,5.104,5.351
2485.03,28,3.849,4.649,4.168,5.923,5.353,4.665,4.541,4.602,6.958,7.281,5.784,4.525,4.473,6.64,4.565,7.106,6.433,4.971,5.349,4.548,5.136,5.028,5.143,5.348
2486.03,28,3.898,4.668,4.09,5.928,5.362,4.653,4.49,4.636,6.897,7.328,5.858,4.546,4.446,6.634,4.544,7.174,6.524,4.927,5.33,4.517,5.115,5.078,5.126,5.359
2487.03,28,3.859,4.679,4.144,5.964,5.314,4.651,4.495,4.714,6.906,7.426,5.857,4.516,4.485,6.623,4.543,7.097,6.487,4.866,5.323,4.527,5.133,5.079,5.088,5.336
2488.03,28,3.862,4.697,4.103,5.927,5.4,4.72,4.459,4.581,6.85,7.351,5.907,4.498,4.419,6.62,4.482,7.125,6.515,4.923,5.296,4.565,5.17,5.066,5.103,5.342
2489.03,28,3.922,4.621,4.124,5.947,5.281,4.736,4.536,4.67,6.909,7.386,5.845,4.56,4.451,6.613,4.545,7.142,6.468,4.931,5.285,4.508,5.111,5.055,5.1,5.384
2490.03,28,3.883,4.657,4.061,5.894,5.337,4.662,4.473,4.619,6.923,7.432,5.831,4.468,4.413,6.53,4.467,7.108,6.498,4.965,5.361,4.445,5.142,5.123,5.088,5.307
2491.03,28,3.863,4.66,4.111,5.858,5.324,4.677,4.453,4.648,6.862,7.326,5.839,4.533,4.408,6.595,4.558,7.152,6.48,4.959,5.309,4.443,5.074,5.077,5.14,5.332
2492.03,28,3.956,4.628,4.102,5.894,5.33,4.707,4.453,4.63,6.905,7.4,5.916,4.495,4.387,6.645,4.498,7.074,6.542,4.917,5.345,4.538,5.117,5.108,5.045,5.367
2493.03,28,3.835,4.707,4.137,5.959,5.306,4.667,4.456,4.623,6.861,7.425,5.817,4.449,4.413,6.58,4.483,7.138,6.476,4.893,5.38,4.52,5.14,5.073,5.051,5.339
2494.03,28,3.847,4.68,4.132,5.965,5.286,4.643,4.463,4.633,6.911,7.392,5.829,4.512,4.41,6.585,4.562,7.145,6.471,4.893,5.413,4.582,5.141,4.984,5.122,5.334
2495.03,28,3.84,4.685,4.079,5.948,5.336,4.623,4.524,4.658,6.895,7.348,5.863,4.52,4.363,6.618,4.571,7.137,6.517,4.946,5.373,4.475,5.123,5.022,5.019,5.368
2496.03,28,3.941,4.632,4.071,5.934,5.297,4.626,4.486,4.624,6.876,7.307,5.847,4.466,4.413,6.594,4.52,7.087,6.511,4.883,5.354,4.464,5.052,5.037,5.071,5.311
2497.03,28,3.877,4.658,4.121,5.879,5.359,4.602,4.475,4.602,6.886,7.344,5.867,4.511,4.363,6.607,4.561,7.141,6.471,4.963,5.323,4.473,5.095,5.059,5.101,5.363
2498.03,28,3.826,4.658,4.084,5.928,5.339,4.631,4.482,4.601,6.933,7.354,5.945,4.452,4.396,6.569,4.472,7.166,6.518,4.909,5.287,4.49,5.15,5.031,5.049,5.331
2499.03,28,3.878,4.638,4.119,5.931,5.298,4.636,4.481,4.615,6.984,7.331,5.862,4.467,4.308,6.669,4.54,7.097,6.46,4.927,5.218,4.476,5.166,5.148,5.142,5.344
2500.03,28,3.888,4.571,4.07,5.869,5.34,4.64,4.434,4.564,6.94,7.32,5.818,4.462,4.374,6.608,4.516,7.093,6.472,4.928,5.274,4.488,5.12,5.053,5.054,5.298
2501.03,28,3.902,4.612,4.118,5.946,5.369,4.586,4.434,4.599,6.95,7.386,5.833,4.461,4.428,6.651,4.477,7.21,6.437,4.885,5.253,4.434,5.08,4.982,5.081,5.328
2502.03,28,3.854,4.606,4.129,5.938,5.355,4.599,4.436,4.588,6.888,7.38,5.84,4.501,4.369,6.646,4.542,7.136,6.451,4.984,5.38,4.362,5.145,5.046,5.074,5.382
2503.03,28,3.831,4.649,4.11,5.857,5.299,4.719,4.427,4.524,6.939,7.337,5.835,4.553,4.378,6.646,4.525,7.097,6.449,4.818,5.271,4.485,5.058,5.026,5.005,5.34
2504.03,28,3.788,4.633,4.057,5.958,5.335,4.7,4.469,4.639,6.951,7.288,5.841,4.521,4.408,6.592,4.549,7.123,6.535,4.935,5.324,4.419,5.05,5.035,5.073,5.355
2505.03,28,3.871,4.622,4.1,5.942,5.353,4.67,4.401,4.533,6.895,7.365,5.945,4.453,4.349,6.617,4.597,7.136,6.539,4.898,5.297,4.484,5.067,5.067,5.076,5.301
2506.03,28,3.79,4.544,4.08,5.942,5.33,4.587,4.448,4.655,6.893,7.313,5.815,4.463,4.427,6.637,4.555,7.161,6.507,4.905,5.344,4.46,5.054,5.08,5.05,5.311
2507.03,28,3.842,4.62,4.017,5.947,5.356,4.553,4.424,4.533,6.868,7.435,5.929,4.473,4.384,6.639,4.527,7.123,6.455,4.919,5.301,4.414,5.113,5.054,5.094,5.28
2508.03,28,3.813,4.627,4.114,5.938,5.377,4.538,4.456,4.572,6.917,7.387,5.932,4.488,4.383,6.604,4.533,7.116,6.442,4.847,5.243,4.411,5.119,5.051,5.035,5.312
2509.03,28,3.791,4.529,4.038,5.917,5.332,4.605,4.48,4.574,6.938,7.346,5.93,4.469,4.352,6.622,4.516,7.114,6.541,4.904,5.288,4.439,5.109,5.07,5.043,5.349
2510.03,28,3.826,4.577,4.077,6.016,5.306,4.578,4.453,4.639,6.89,7.357,5.812,4.468,4.377,6.578,4.505,7.157,6.497,4.926,5.277,4.41,5.073,5.087,5.069,5.284
2511.03,28,3.831,4.644,4.069,5.944,5.354,4.651,4.455,4.554,6.857,7.38,5.844,4.406,4.379,6.719,4.626,7.173,6.512,4.868,5.277,4.43,5.031,5.02,5.006,5.311
2512.03,28,3.771,4.614,4.028,5.896,5.341,4.575,4.447,4.613,6.969,7.317,5.849,4.393,4.347,6.654,4.538,7.109,6.507,4.886,5.317,4.429,5.135,5.019,5.054,5.272
2513.03,28,3.845,4.592,4.12,5.899,5.359,4.575,4.427,4.51,6.971,7.277,5.87,4.436,4.35,6.723,4.509,7.107,6.431,4.86,5.245,4.475,5.039,5.032,5.025,5.342
2514.03,28,3.783,4.632,4.043,5.964,5.344,4.591,4.402,4.558,6.923,7.347,5.904,4.429,4.397,6.612,4.448,7.093,6.53,4.86,5.291,4.421,5.057,4.995,5.007,5.337
2515.03,28,3.773,4.625,4.022,5.888,5.274,4.64,4.429,4.594,6.953,7.312,5.891,4.431,4.358,6.622,4.542,7.139,6.508,4.833,5.279,4.437,5.043,5.019,5.06,5.25
2516.03,28,3.784,4.586,4.013,5.878,5.351,4.535,4.417,4.607,6.932,7.355,5.794,4.43,4.335,6.602,4.575,7.12,6.51,4.889,5.207,4.403,5.049,4.995,5.076,5.228
2517.03,28,3.791,4.624,4.052,5.886,5.323,4.598,4.349,4.502,6.93,7.405,5.842,4.415,4.382,6.587,4.545,7.155,6.518,4.86,5.316,4.447,5.016,5.033,5.029,5.307
2518.03,28,3.799,4.597,4.039,5.938,5.354,4.574,4.398,4.505,7.004,7.383,5.877,4.468,4.335,6.567,4.607,7.136,6.458,4.87,5.246,4.453,5.101,4.983,5.033,5.29
2519.03,28,3.741,4.584,4.05,5.936,5.312,4.609,4.4,4.554,6.9,7.39,5.835,4.43,4.375,6.589,4.586,7.096,6.487,4.812,5.212,4.44,5.046,5.039,5.036,5.301
2520.03,28,3.857,4.573,4.047,5.811,5.291,4.584,4.377,4.566,6.92,7.367,5.886,4.374,4.357,6.574,4.505,7.154,6.454,4.825,5.247,4.427,5,4.99,5.034,5.288
2521.03,28,3.747,4.613,4.06,5.922,5.399,4.559,4.371,4.508,6.942,7.396,5.835,4.409,4.314,6.564,4.574,7.142,6.469,4.865,5.242,4.438,5.022,5.01,4.993,5.253
2522.03,28,3.79,4.544,4.062,5.948,5.382,4.624,4.428,4.526,6.871,7.359,5.858,4.422,4.345,6.53,4.528,7.097,6.505,4.85,5.28,4.406,5.08,4.985,5.064,5.275
2523.03,28,3.782,4.574,4.037,5.936,5.354,4.641,4.412,4.527,6.861,7.321,5.864,4.437,4.32,6.616,4.467,7.183,6.482,4.781,5.219,4.39,5.052,4.953,5.041,5.294
2524.03,28,3.738,4.536,4.026,5.937,5.297,4.598,4.397,4.541,6.935,7.372,5.904,4.352,4.348,6.672,4.506,7.142,6.502,4.88,5.323,4.452,5.028,4.975,5.037,5.334
2525.03,28,3.773,4.655,4.007,5.95,5.311,4.573,4.375,4.489,6.904,7.383,5.879,4.381,4.264,6.59,4.557,7.094,6.468,4.859,5.191,4.405,5.022,4.99,5.034,5.256
2526.03,28,3.81,4.597,4.055,5.869,5.367,4.498,4.258,4.465,6.865,7.488,5.883,4.427,4.247,6.674,4.518,7.136,6.508,4.875,5.244,4.385,4.973,4.955,4.982,5.245
2527.03,28,3.783,4.552,4.028,5.922,5.274,4.525,4.43,4.551,6.928,7.36,5.873,4.379,4.352,6.62,4.519,7.109,6.463,4.848,5.271,4.386,5.031,4.948,5.076,5.308
2528.03,28,3.698,4.553,4.126,5.889,5.359,4.568,4.408,4.504,6.895,7.386,5.94,4.395,4.318,6.609,4.509,7.099,6.521,4.797,5.264,4.425,5.109,5.012,5.036,5.307
2529.03,28,3.794,4.58,4.008,5.889,5.374,4.6,4.404,4.54,6.887,7.346,5.849,4.383,4.308,6.577,4.54,7.168,6.459,4.768,5.241,4.397,5.045,5.031,5.007,5.256
2530.03,28,3.769,4.58,3.957,5.938,5.349,4.594,4.346,4.499,6.951,7.388,5.89,4.406,4.272,6.63,4.473,7.189,6.449,4.84,5.276,4.374,5.007,4.971,5.071,5.286
2531.03,28,3.856,4.511,4,5.863,5.293,4.59,4.395,4.485,6.892,7.387,5.888,4.34,4.292,6.586,4.537,7.137,6.47,4.844,5.241,4.375,4.986,4.913,4.978,5.323
2532.03,28,3.73,4.51,3.992,5.884,5.387,4.521,4.42,4.531,6.888,7.372,5.868,4.367,4.236,6.555,4.524,7.087,6.457,4.809,5.237,4.386,5.032,4.965,5.038,5.251
2533.03,28,3.705,4.596,3.978,5.934,5.326,4.559,4.335,4.523,6.913,7.331,5.848,4.346,4.3,6.601,4.493,7.089,6.484,4.811,5.215,4.323,5.02,4.98,5.058,5.265
2534.03,28,3.73,4.51,3.969,5.926,5.393,4.57,4.387,4.528,6.947,7.338,5.913,4.383,4.278,6.598,4.49,7.095,6.483,4.866,5.236,4.37,5.005,4.987,5.04,5.233
2535.03,28,3.728,4.538,3.981,5.896,5.287,4.588,4.424,4.473,6.971,7.404,5.884,4.41,4.284,6.631,4.505,7.13,6.473,4.826,5.243,4.429,4.982,4.962,4.973,5.291
2536.03,28,3.802,4.525,3.966,5.925,5.242,4.494,4.372,4.453,6.898,7.37,5.865,4.413,4.309,6.589,4.538,7.166,6.472,4.78,5.3,4.4,5.044,4.981,5.037,5.194
2537.03,28,3.699,4.52,3.927,5.944,5.363,4.524,4.423,4.467,6.936,7.411,5.875,4.345,4.281,6.595,4.571,7.123,6.497,4.79,5.222,4.405,4.971,4.955,5.024,5.242
2538.03,28,3.751,4.533,3.961,5.854,5.31,4.488,4.404,4.511,6.945,7.361,5.876,4.333,4.232,6.637,4.518,7.131,6.488,4.786,5.256,4.375,4.989,4.988,5.003,5.283
2539.03,28,3.671,4.567,3.94,5.883,5.35,4.544,4.378,4.493,6.956,7.33,5.905,4.292,4.302,6.642,4.481,7.094,6.408,4.847,5.147,4.363,5.007,4.943,5.001,5.273
2540.03,28,3.742,4.513,3.991,5.905,5.374,4.531,4.322,4.483,6.837,7.296,5.858,4.347,4.267,6.626,4.539,7.131,6.493,4.758,5.255,4.375,5.05,4.881,4.99,5.238
2541.03,28,3.717,4.423,3.939,5.971,5.379,4.564,4.274,4.5,6.894,7.412,5.883,4.406,4.208,6.605,4.582,7.131,6.473,4.816,5.214,4.411,5.004,4.969,4.987,5.224
2542.03,28,3.668,4.469,4.036,5.917,5.317,4.474,4.353,4.439,6.91,7.343,5.861,4.405,4.297,6.547,4.502,7.042,6.515,4.858,5.247,4.34,5.004,4.996,4.956,5.26
2543.03,28,3.726,4.53,4.043,5.961,5.29,4.45,4.369,4.482,6.982,7.365,5.852,4.401,4.296,6.574,4.5,7.109,6.457,4.862,5.199,4.381,5.034,5.017,4.954,5.247
2544.03,28,3.723,4.537,3.955,5.887,5.367,4.589,4.405,4.514,6.998,7.377,5.852,4.271,4.273,6.658,4.556,7.131,6.479,4.825,5.236,4.465,5.003,4.976,5.015,5.131
2545.03,28,3.661,4.52,3.943,5.887,5.41,4.548,4.425,4.515,6.907,7.422,5.881,4.294,4.302,6.594,4.501,7.133,6.47,4.766,5.234,4.399,4.986,4.871,4.986,5.265
2546.03,28,3.74,4.51,3.948,5.92,5.34,4.542,4.402,4.448,6.895,7.415,5.835,4.386,4.238,6.636,4.535,7.117,6.464,4.835,5.175,4.458,5.006,4.974,5.006,5.21
2547.03,28,3.756,4.452,3.927,5.916,5.342,4.489,4.37,4.456,6.913,7.319,5.843,4.381,4.287,6.635,4.56,7.072,6.494,4.723,5.164,4.347,4.966,4.951,4.986,5.218
2548.03,28,3.706,4.486,3.906,5.938,5.309,4.555,4.349,4.46,6.91,7.392,5.825,4.382,4.309,6.614,4.52,7.129,6.547,4.759,5.231,4.386,4.994,4.891,5.003,5.283
2549.03,28,3.651,4.42,3.919,5.909,5.318,4.557,4.343,4.489,6.867,7.358,5.771,4.325,4.271,6.57,4.507,7.11,6.516,4.78,5.208,4.392,4.939,4.958,4.939,5.233
2550.03,28,3.722,4.508,3.967,6.008,5.329,4.505,4.374,4.514,6.845,7.373,5.833,4.327,4.294,6.603,4.549,7.169,6.428,4.734,5.285,4.286,4.959,4.908,5.018,5.215
2551.03,28,3.638,4.478,3.903,5.885,5.341,4.524,4.269,4.395,6.949,7.35,5.918,4.332,4.234,6.644,4.488,7.144,6.511,4.823,5.142,4.361,5.069,4.966,4.994,5.217
2552.03,28,3.688,4.505,3.957,5.927,5.296,4.388,4.307,4.399,6.91,7.335,5.947,4.322,4.206,6.661,4.533,7.143,6.534,4.757,5.217,4.359,4.995,4.945,4.982,5.232
2553.03,28,3.655,4.486,3.939,5.941,5.377,4.516,4.367,4.424,6.908,7.348,5.886,4.233,4.237,6.627,4.513,7.083,6.499,4.766,5.204,4.369,5.022,4.997,4.961,5.234
2554.03,28,3.646,4.482,3.911,5.893,5.303,4.503,4.365,4.454,6.918,7.366,5.838,4.293,4.253,6.718,4.55,7.11,6.475,4.76,5.193,4.345,4.954,5.001,5.003,5.273
2555.03,28,3.608,4.463,3.909,5.825,5.352,4.483,4.365,4.436,6.973,7.371,5.929,4.236,4.211,6.63,4.54,7.149,6.429,4.668,5.16,4.375,4.931,4.949,4.967,5.205
2556.03,28,3.658,4.489,3.906,5.927,5.306,4.469,4.331,4.449,6.976,7.293,5.814,4.32,4.267,6.544,4.536,7.095,6.486,4.723,5.249,4.332,4.959,4.929,4.93,5.252
2557.03,28,3.754,4.418,3.968,5.876,5.38,4.479,4.283,4.375,6.901,7.34,5.843,4.326,4.273,6.601,4.543,7.123,6.486,4.771,5.224,4.31,4.948,4.893,4.958,5.221
2558.03,28,3.663,4.486,3.928,5.898,5.272,4.484,4.319,4.408,6.943,7.363,5.914,4.319,4.239,6.612,4.552,7.116,6.456,4.728,5.166,4.354,4.98,4.916,4.979,5.188
2559.03,28,3.584,4.442,3.96,5.904,5.308,4.496,4.332,4.443,6.859,7.315,5.898,4.349,4.206,6.567,4.522,7.178,6.456,4.792,5.172,4.294,4.922,4.904,4.99,5.192
2560.03,28,3.674,4.468,3.938,5.905,5.358,4.438,4.337,4.485,6.995,7.353,5.886,4.292,4.206,6.585,4.497,7.115,6.509,4.745,5.2,4.303,4.978,4.925,4.974,5.238
2561.03,28,3.677,4.5,3.952,5.906,5.408,4.443,4.296,4.491,6.878,7.323,5.894,4.346,4.179,6.627,4.467,7.127,6.469,4.793,5.189,4.277,4.968,4.933,5.008,5.243
2562.03,28,3.652,4.41,3.833,5.898,5.369,4.428,4.242,4.447,6.916,7.324,5.857,4.341,4.236,6.65,4.508,7.15,6.506,4.746,5.137,4.374,4.938,4.943,4.945,5.204
2563.03,28,3.621,4.469,3.903,5.959,5.29,4.464,4.311,4.385,6.978,7.341,5.908,4.276,4.172,6.542,4.451,7.102,6.473,4.781,5.22,4.34,4.992,4.865,4.937,5.153
2564.03,28,3.617,4.459,3.924,5.898,5.234,4.486,4.306,4.464,6.901,7.373,5.827,4.3,4.21,6.627,4.499,7.136,6.474,4.76,5.152,4.34,4.978,4.887,4.925,5.186
2565.03,28,3.673,4.469,3.937,5.933,5.283,4.505,4.227,4.407,6.884,7.397,5.913,4.297,4.215,6.606,4.481,7.113,6.545,4.737,5.172,4.295,4.986,4.858,4.941,5.127
2566.03,28,3.666,4.426,3.946,5.912,5.285,4.427,4.278,4.444,6.86,7.368,5.863,4.235,4.208,6.604,4.546,7.146,6.495,4.75,5.118,4.368,4.936,4.94,4.903,5.184
2567.03,28,3.604,4.397,3.883,5.891,5.351,4.437,4.3,4.392,6.848,7.383,5.843,4.311,4.234,6.632,4.516,7.168,6.485,4.713,5.163,4.278,4.941,4.966,4.988,5.196
2568.03,28,3.602,4.466,3.851,5.892,5.332,4.457,4.341,4.396,6.839,7.362,5.857,4.277,4.206,6.593,4.56,7.156,6.465,4.703,5.2,4.294,4.937,4.904,4.913,5.167
2569.03,28,3.648,4.41,3.911,5.939,5.287,4.458,4.285,4.422,6.873,7.411,5.833,4.271,4.253,6.581,4.508,7.194,6.441,4.802,5.172,4.313,4.987,4.998,4.929,5.193
2570.03,28,3.674,4.543,3.827,5.935,5.334,4.449,4.327,4.439,6.873,7.331,5.877,4.284,4.203,6.551,4.57,7.118,6.482,4.711,5.24,4.356,4.957,4.878,4.944,5.253
2571.03,28,3.613,4.413,3.936,5.903,5.348,4.413,4.279,4.435,6.985,7.417,5.926,4.288,4.159,6.556,4.505,7.157,6.436,4.761,5.151,4.261,4.959,4.909,4.865,5.241
2572.03,28,3.645,4.482,3.916,5.937,5.277,4.41,4.334,4.462,6.89,7.385,5.872,4.236,4.215,6.635,4.569,7.073,6.466,4.77,5.155,4.28,4.933,4.862,4.982,5.175
2573.03,28,3.652,4.372,3.895,5.927,5.355,4.433,4.233,4.335,6.973,7.366,5.902,4.26,4.215,6.672,4.471,7.085,6.467,4.735,5.146,4.33,4.931,4.85,4.914,5.178
2574.03,28,3.646,4.371,3.89,5.924,5.333,4.453,4.362,4.397,6.942,7.326,5.825,4.205,4.221,6.604,4.512,7.102,6.493,4.67,5.176,4.295,4.967,4.931,4.896,5.169
2575.03,28,3.624,4.422,3.872,5.932,5.34,4.434,4.31,4.396,6.928,7.298,5.927,4.261,4.202,6.588,4.559,7.118,6.524,4.784,5.172,4.372,4.995,4.877,4.937,5.147
2576.03,28,3.578,4.445,3.917,5.903,5.328,4.418,4.247,4.442,6.889,7.397,5.832,4.279,4.141,6.653,4.517,7.089,6.482,4.771,5.156,4.3,4.909,4.928,4.936,5.195
2577.03,28,3.649,4.382,3.854,5.965,5.309,4.509,4.285,4.37,6.962,7.347,5.829,4.198,4.241,6.635,4.534,7.074,6.53,4.713,5.163,4.302,4.866,4.952,4.912,5.181
2578.03,28,3.597,4.416,3.84,5.909,5.271,4.356,4.26,4.407,6.901,7.346,5.899,4.228,4.228,6.564,4.544,7.101,6.52,4.735,5.197,4.29,4.893,4.887,4.926,5.173
2579.03,28,3.594,4.46,3.839,5.905,5.351,4.377,4.279,4.309,6.908,7.318,5.828,4.234,4.22,6.564,4.538,7.113,6.459,4.727,5.086,4.241,4.86,4.896,4.939,5.137
2580.03,28,3.612,4.406,3.858,5.923,5.326,4.435,4.259,4.388,6.94,7.368,5.923,4.257,4.14,6.679,4.531,7.151,6.486,4.749,5.056,4.309,4.902,4.866,4.906,5.23
2581.03,28,3.597,4.427,3.853,5.961,5.269,4.416,4.221,4.38,6.932,7.345,5.843,4.217,4.217,6.594,4.496,7.147,6.556,4.729,5.121,4.328,4.971,4.853,4.935,5.171
2582.03,28,3.518,4.372,3.849,5.976,5.352,4.451,4.258,4.47,6.921,7.389,5.867,4.239,4.137,6.61,4.503,7.217,6.495,4.687,5.142,4.246,4.958,4.896,4.871,5.118
2583.03,28,3.568,4.308,3.883,5.925,5.391,4.377,4.243,4.363,6.977,7.452,5.915,4.239,4.165,6.567,4.48,7.123,6.518,4.668,5.111,4.212,4.878,4.912,4.933,5.161
2584.03,28,3.568,4.379,3.856,5.846,5.31,4.404,4.274,4.347,6.901,7.321,5.915,4.275,4.166,6.599,4.54,7.176,6.463,4.728,5.19,4.247,4.928,4.908,4.914,5.191
2585.03,28,3.627,4.373,3.864,5.919,5.324,4.387,4.225,4.41,6.91,7.357,5.896,4.262,4.163,6.615,4.498,7.164,6.492,4.698,5.129,4.272,4.889,4.919,4.997,5.135
2586.03,28,3.572,4.43,3.842,5.894,5.31,4.39,4.284,4.382,7.004,7.35,5.879,4.241,4.15,6.609,4.512,7.08,6.542,4.675,5.137,4.22,4.898,4.896,4.934,5.12
2587.03,28,3.584,4.427,3.842,5.936,5.281,4.375,4.266,4.371,6.913,7.381,5.897,4.215,4.158,6.625,4.512,7.139,6.464,4.734,5.187,4.26,4.993,4.897,4.93,5.177
2588.03,28,3.614,4.397,3.896,5.916,5.336,4.405,4.287,4.325,6.932,7.358,5.916,4.181,4.135,6.631,4.515,7.117,6.48,4.72,5.138,4.292,4.923,4.853,4.934,5.151
2589.03,28,3.607,4.341,3.843,5.937,5.333,4.336,4.178,4.27,6.909,7.278,5.859,4.178,4.092,6.554,4.491,7.195,6.495,4.67,5.107,4.22,4.88,4.842,4.877,5.154
2590.03,28,3.541,4.384,3.791,5.945,5.329,4.4,4.245,4.37,6.877,7.306,5.907,4.217,4.166,6.606,4.531,7.097,6.518,4.711,5.097,4.266,4.921,4.896,4.933,5.082
2591.03,28,3.558,4.386,3.826,5.917,5.346,4.405,4.242,4.356,6.887,7.381,5.906,4.268,4.142,6.544,4.551,7.102,6.492,4.666,5.174,4.222,4.869,4.966,4.946,5.172
2592.03,28,3.626,4.358,3.886,5.871,5.355,4.351,4.218,4.348,6.918,7.337,5.878,4.189,4.16,6.604,4.561,7.075,6.423,4.732,5.14,4.209,4.883,4.985,4.911,5.115
2593.03,28,3.538,4.387,3.858,5.942,5.338,4.349,4.238,4.331,6.979,7.324,5.875,4.187,4.153,6.613,4.55,7.171,6.521,4.72,5.126,4.269,4.913,4.838,4.896,5.135
2594.03,28,3.557,4.322,3.845,5.886,5.354,4.331,4.202,4.284,6.873,7.421,5.917,4.129,4.151,6.618,4.499,7.105,6.433,4.741,5.119,4.232,4.909,4.827,4.865,5.155
2595.03,28,3.588,4.357,3.803,5.839,5.404,4.354,4.257,4.365,6.871,7.307,5.957,4.246,4.114,6.614,4.44,7.109,6.464,4.703,5.108,4.214,4.886,4.825,4.864,5.134
2596.03,28,3.488,4.315,3.791,5.903,5.352,4.439,4.198,4.303,6.881,7.439,5.881,4.215,4.129,6.589,4.498,7.117,6.468,4.705,5.089,4.261,4.872,4.862,4.881,5.122
2597.03,28,3.576,4.339,3.802,5.836,5.358,4.39,4.171,4.294,6.931,7.388,5.815,4.23,4.129,6.631,4.531,7.127,6.44,4.715,5.053,4.268,4.905,4.853,4.883,5.117
2598.03,28,3.571,4.278,3.784,5.991,5.316,4.339,4.168,4.274,6.895,7.375,5.871,4.189,4.111,6.536,4.555,7.108,6.421,4.698,5.135,4.197,4.857,4.883,4.945,5.149
2599.03,28,3.555,4.291,3.781,5.935,5.34,4.325,4.209,4.321,6.957,7.31,5.944,4.179,4.136,6.593,4.501,7.111,6.559,4.691,5.158,4.209,4.96,4.879,4.917,5.107
2600.03,28,3.499,4.317,3.711,5.862,5.346,4.341,4.162,4.331,6.875,7.308,5.909,4.16,4.135,6.623,4.522,7.13,6.486,4.719,5.134,4.331,4.824,4.911,4.89,5.07
2601.03,28,3.54,4.289,3.817,5.894,5.355,4.324,4.17,4.233,6.875,7.317,5.84,4.179,4.195,6.583,4.512,7.136,6.492,4.654,5.059,4.214,4.932,4.816,4.886,5.09
2602.03,28,3.588,4.302,3.758,5.963,5.32,4.39,4.21,4.254,6.953,7.4,5.849,4.174,4.11,6.617,4.529,7.217,6.436,4.672,5.063,4.188,4.844,4.889,4.855,5.181
2603.03,28,3.587,4.385,3.819,5.884,5.289,4.345,4.18,4.331,6.919,7.356,5.921,4.209,4.139,6.573,4.512,7.12,6.527,4.723,5.101,4.27,4.858,4.917,4.851,5.139
2604.03,28,3.533,4.315,3.806,5.921,5.393,4.399,4.17,4.252,6.928,7.38,5.864,4.192,4.124,6.614,4.528,7.084,6.513,4.651,5.061,4.216,4.918,4.785,4.883,5.142
2605.03,28,3.497,4.3,3.77,5.935,5.362,4.317,4.2,4.31,6.907,7.327,5.853,4.099,4.119,6.649,4.501,7.137,6.526,4.651,5.066,4.195,4.908,4.826,4.871,5.115
2606.03,28,3.586,4.321,3.759,5.914,5.355,4.291,4.13,4.339,6.955,7.372,5.865,4.094,4.063,6.627,4.558,7.142,6.431,4.759,5.13,4.26,4.815,4.887,4.868,5.136
2607.03,28,3.566,4.305,3.774,5.978,5.264,4.333,4.136,4.381,6.933,7.36,5.926,4.175,4.091,6.599,4.479,7.185,6.51,4.686,5.037,4.253,4.836,4.801,4.851,5.164
2608.03,28,3.521,4.263,3.752,5.996,5.347,4.324,4.184,4.382,6.914,7.389,5.872,4.165,4.136,6.643,4.506,7.164,6.482,4.659,5.071,4.172,4.868,4.827,4.938,5.082
2609.03,28,3.533,4.266,3.733,5.937,5.345,4.351,4.192,4.282,6.931,7.364,5.89,4.207,4.112,6.648,4.491,7.134,6.504,4.667,5.115,4.239,4.851,4.799,4.879,5.064
2610.03,28,3.467,4.255,3.782,5.945,5.296,4.385,4.184,4.326,6.891,7.309,5.939,4.09,4.169,6.621,4.463,7.135,6.452,4.61,5.084,4.216,4.787,4.886,4.864,5.147
2611.03,28,3.486,4.286,3.766,5.966,5.3,4.305,4.158,4.217,6.983,7.364,5.871,4.133,4.149,6.643,4.565,7.191,6.454,4.652,5.051,4.184,4.917,4.757,4.906,5.114
2612.03,28,3.522,4.295,3.771,5.986,5.315,4.344,4.145,4.322,7.006,7.374,5.916,4.134,4.081,6.652,4.548,7.154,6.504,4.699,5.053,4.207,4.872,4.856,4.876,5.14
2613.03,28,3.577,4.314,3.776,5.928,5.352,4.31,4.135,4.273,6.92,7.344,5.95,4.167,4.073,6.572,4.509,7.106,6.462,4.654,5.102,4.203,4.912,4.886,4.818,5.064
2614.03,28,3.522,4.337,3.747,5.905,5.291,4.411,4.204,4.304,6.891,7.436,5.894,4.136,4.119,6.646,4.551,7.125,6.523,4.653,5.099,4.172,4.896,4.823,4.858,5.107
2615.03,28,3.447,4.245,3.702,5.932,5.325,4.281,4.181,4.318,6.95,7.396,5.871,4.169,4.124,6.633,4.587,7.133,6.503,4.681,5.028,4.226,4.828,4.801,4.864,5.035
2616.03,28,3.478,4.272,3.749,5.921,5.367,4.332,4.173,4.333,6.913,7.318,5.814,4.136,4.117,6.642,4.473,7.101,6.478,4.666,5.052,4.173,4.853,4.85,4.899,5.097
2617.03,28,3.484,4.251,3.76,5.937,5.369,4.336,4.179,4.299,6.915,7.35,5.85,4.105,4.081,6.606,4.55,7.129,6.486,4.64,5.013,4.194,4.876,4.827,4.851,5.085
2618.03,28,3.438,4.282,3.797,5.929,5.321,4.328,4.112,4.242,6.881,7.335,5.907,4.147,4.085,6.575,4.571,7.141,6.481,4.633,5.016,4.237,4.887,4.871,4.853,5.071
2619.03,28,3.469,4.303,3.727,5.915,5.309,4.326,4.146,4.249,6.876,7.438,5.862,4.127,4.039,6.628,4.491,7.11,6.459,4.678,5.013,4.224,4.852,4.656,4.86,5.032
2620.03,28,3.503,4.275,3.704,5.937,5.356,4.342,4.159,4.248,6.873,7.329,5.872,4.076,4.04,6.646,4.53,7.134,6.515,4.698,5.048,4.218,4.763,4.789,4.937,5.06
2621.03,28,3.492,4.252,3.735,5.903,5.272,4.304,4.134,4.292,6.953,7.378,5.849,4.046,4.027,6.607,4.555,7.103,6.507,4.596,5.075,4.18,4.834,4.797,4.832,5.082
2622.03,28,3.517,4.256,3.689,5.902,5.322,4.33,4.163,4.244,6.909,7.317,5.958,4.099,4.075,6.57,4.454,7.106,6.422,4.643,5.066,4.174,4.872,4.807,4.844,5.06
2623.03,28,3.492,4.246,3.693,5.977,5.341,4.243,4.132,4.28,6.916,7.358,5.816,4.072,4.049,6.617,4.496,7.178,6.464,4.589,5.016,4.166,4.895,4.796,4.85,5.019
2624.03,28,3.482,4.254,3.657,5.928,5.328,4.271,4.23,4.276,6.902,7.287,5.89,4.049,4.058,6.625,4.491,7.06,6.456,4.62,5.05,4.236,4.826,4.794,4.858,5.064
2625.03,28,3.48,4.282,3.709,5.87,5.293,4.287,4.147,4.208,6.85,7.325,5.95,4.061,4.069,6.624,4.576,7.129,6.517,4.603,5.011,4.217,4.809,4.814,4.847,5.037
2626.03,28,3.484,4.27,3.672,5.953,5.389,4.258,4.177,4.24,6.9,7.384,5.828,4.131,4.113,6.608,4.548,7.086,6.385,4.688,5.069,4.197,4.845,4.752,4.831,5.007
2627.03,28,3.404,4.214,3.696,5.934,5.344,4.326,4.176,4.201,6.902,7.328,5.892,4.101,4.035,6.612,4.52,7.062,6.455,4.596,5.066,4.212,4.804,4.806,4.836,5.047
2628.03,28,3.533,4.248,3.692,5.923,5.311,4.284,4.115,4.195,6.903,7.386,5.885,4.173,4.101,6.572,4.479,7.124,6.477,4.662,5.027,4.2,4.81,4.764,4.827,5.042
2629.03,28,3.367,4.233,3.661,5.899,5.353,4.29,4.149,4.256,6.888,7.418,5.905,4.052,4.039,6.599,4.501,7.161,6.468,4.587,5.09,4.175,4.753,4.769,4.849,5.102
2630.03,28,3.463,4.247,3.682,5.886,5.268,4.282,4.09,4.185,6.919,7.385,5.908,4.009,4.057,6.586,4.574,7.099,6.516,4.687,5.042,4.092,4.773,4.76,4.749,5.045
2631.03,28,3.425,4.279,3.706,5.922,5.377,4.234,4.098,4.206,6.847,7.276,5.903,4.053,4.034,6.605,4.498,7.097,6.528,4.632,5.055,4.244,4.79,4.805,4.808,5.065
2632.03,28,3.449,4.202,3.642,5.91,5.369,4.261,4.198,4.207,6.942,7.353,5.94,4.089,4.053,6.613,4.532,7.146,6.488,4.648,5.01,4.25,4.822,4.821,4.8,5.011
2633.03,28,3.432,4.236,3.746,5.891,5.319,4.284,4.142,4.247,6.957,7.39,5.839,4.073,4.128,6.541,4.462,7.18,6.454,4.604,5.011,4.223,4.769,4.769,4.847,5.014
2634.03,28,3.391,4.197,3.715,5.949,5.275,4.254,4.157,4.193,6.957,7.402,5.888,4.07,4.038,6.638,4.424,7.088,6.486,4.594,4.999,4.197,4.788,4.844,4.794,5.09
2635.03,28,3.41,4.248,3.734,5.922,5.351,4.266,4.145,4.237,6.916,7.381,5.872,4.078,4.027,6.611,4.491,7.059,6.471,4.571,5.071,4.159,4.862,4.784,4.822,5.061
2636.03,28,3.433,4.193,3.685,5.969,5.371,4.237,4.159,4.257,6.952,7.328,5.926,4.043,4.071,6.549,4.539,7.15,6.534,4.598,5.066,4.145,4.778,4.787,4.83,5.089
2637.03,28,3.401,4.175,3.672,5.934,5.316,4.279,4.127,4.24,6.901,7.373,5.826,4.044,4.056,6.604,4.456,7.082,6.57,4.561,5.024,4.134,4.817,4.817,4.845,5.03
2638.03,28,3.433,4.236,3.67,5.951,5.333,4.237,4.081,4.2,6.974,7.423,5.882,3.963,4.059,6.591,4.535,7.118,6.505,4.568,4.979,4.2,4.832,4.751,4.788,5.096
2639.03,28,3.374,4.135,3.678,5.937,5.335,4.245,4.046,4.177,6.868,7.365,5.883,3.982,4.068,6.604,4.569,7.164,6.454,4.638,4.97,4.193,4.821,4.769,4.818,5.062
2640.03,28,3.404,4.24,3.703,5.938,5.294,4.269,4.148,4.182,6.882,7.342,5.886,4.073,4.043,6.591,4.493,7.145,6.468,4.531,5.018,4.142,4.787,4.816,4.846,4.991
2641.03,28,3.355,4.183,3.68,5.933,5.33,4.278,4.051,4.231,6.952,7.416,5.973,4.059,3.967,6.609,4.513,7.186,6.469,4.557,5.083,4.188,4.774,4.767,4.819,5.144
2642.03,28,3.405,4.162,3.707,5.923,5.312,4.206,4.08,4.217,6.954,7.309,5.87,4.022,4.007,6.65,4.594,7.078,6.461,4.621,5.042,4.119,4.783,4.756,4.798,5.014
2643.03,28,3.385,4.244,3.642,5.956,5.284,4.264,4.116,4.224,6.941,7.317,5.942,3.965,4.061,6.547,4.491,7.155,6.48,4.585,4.973,4.115,4.717,4.786,4.821,5.012
2644.03,28,3.392,4.288,3.682,5.931,5.355,4.186,4.1,4.179,6.939,7.381,5.848,4.016,3.989,6.611,4.509,7.062,6.511,4.635,4.977,4.159,4.711,4.788,4.802,4.988
2645.03,28,3.375,4.16,3.631,5.937,5.337,4.244,4.09,4.167,6.91,7.403,5.919,3.991,3.98,6.586,4.525,7.159,6.496,4.626,4.975,4.15,4.841,4.801,4.798,5.049
2646.03,28,3.399,4.205,3.633,5.9,5.316,4.194,4.089,4.206,6.912,7.362,5.914,4.048,3.992,6.587,4.51,7.137,6.529,4.619,4.913,4.141,4.76,4.813,4.851,5.025
2647.03,28,3.405,4.174,3.659,5.958,5.339,4.197,4.094,4.166,6.896,7.342,5.938,4.011,4.016,6.558,4.597,7.146,6.537,4.497,5.022,4.176,4.742,4.794,4.812,5.099
2648.03,28,3.385,4.171,3.685,5.947,5.339,4.229,4.099,4.154,6.887,7.273,5.888,3.954,4.029,6.607,4.549,7.12,6.523,4.563,4.98,4.096,4.779,4.773,4.857,4.987
2649.03,28,3.357,4.212,3.591,5.897,5.373,4.275,4.049,4.148,6.913,7.357,5.887,3.987,3.976,6.592,4.512,7.153,6.532,4.63,4.988,4.094,4.791,4.713,4.723,5.014
2650.03,28,3.409,4.142,3.615,5.928,5.385,4.291,4.075,4.155,6.971,7.334,5.879,4.016,4.015,6.577,4.539,7.14,6.48,4.545,4.94,4.058,4.778,4.722,4.83,5.041
2651.03,28,3.375,4.174,3.69,5.901,5.352,4.164,4.058,4.186,6.862,7.344,5.9,4.019,4.001,6.61,4.47,7.149,6.498,4.593,5.019,4.135,4.765,4.741,4.779,4.961
2652.03,28,3.381,4.183,3.583,5.866,5.363,4.221,4.067,4.148,6.944,7.425,5.892,3.991,4.034,6.608,4.517,7.083,6.47,4.526,4.965,4.121,4.729,4.707,4.819,5.005
2653.03,28,3.384,4.215,3.631,5.953,5.352,4.207,4.09,4.229,6.887,7.341,5.856,4.041,4.118,6.493,4.502,7.119,6.454,4.563,5.014,4.098,4.78,4.84,4.713,5.005
2654.03,28,3.483,4.125,3.618,5.921,5.392,4.206,4.025,4.138,6.921,7.397,5.906,3.953,4.006,6.638,4.6,7.159,6.493,4.58,5.012,4.145,4.736,4.763,4.79,5.024
2655.03,28,3.36,4.189,3.638,5.908,5.325,4.197,4.103,4.049,6.896,7.373,5.866,4.013,4.041,6.633,4.496,7.114,6.453,4.551,5.023,4.023,4.751,4.784,4.812,4.979
2656.03,28,3.368,4.145,3.593,5.938,5.315,4.235,4.081,4.178,6.892,7.358,5.913,4.052,3.905,6.572,4.536,7.16,6.497,4.56,4.972,4.07,4.787,4.758,4.729,5.077
2657.03,28,3.305,4.166,3.578,5.96,5.366,4.202,4.031,4.178,6.944,7.341,5.906,4.031,3.973,6.615,4.522,7.142,6.48,4.572,4.945,4.103,4.704,4.72,4.708,4.973
2658.03,28,3.313,4.111,3.686,5.95,5.256,4.187,4.098,4.112,6.945,7.355,5.927,3.979,3.929,6.654,4.541,7.137,6.501,4.521,4.986,4.13,4.797,4.687,4.841,5.013
2659.03,28,3.27,4.114,3.625,5.932,5.315,4.222,4.094,4.175,6.886,7.409,5.902,3.981,3.994,6.624,4.531,7.152,6.492,4.543,4.952,4.159,4.8,4.682,4.794,5.046
2660.03,28,3.331,4.14,3.673,5.907,5.387,4.162,4.015,4.146,6.933,7.416,5.883,3.994,3.951,6.626,4.538,7.148,6.531,4.575,4.976,4.122,4.75,4.798,4.771,4.982
2661.03,28,3.363,4.106,3.606,5.953,5.33,4.19,4.075,4.134,6.917,7.38,5.885,3.954,3.96,6.549,4.546,7.141,6.485,4.512,4.964,4.083,4.743,4.729,4.749,4.979
2662.03,28,3.354,4.098,3.618,5.91,5.308,4.189,4.052,4.149,6.91,7.332,5.892,3.898,3.907,6.638,4.559,7.136,6.496,4.461,4.927,4.075,4.715,4.808,4.738,4.959
2663.03,28,3.315,4.127,3.633,5.972,5.328,4.146,4.062,4.144,6.916,7.33,5.945,3.994,3.963,6.621,4.562,7.162,6.447,4.506,4.985,4.092,4.726,4.764,4.739,5.002
2664.03,28,3.279,4.121,3.643,5.969,5.3,4.207,4.021,4.144,6.931,7.357,5.912,4.014,3.932,6.663,4.602,7.152,6.446,4.602,4.935,4.073,4.716,4.811,4.807,5.055
2665.03,28,3.293,4.138,3.588,5.969,5.349,4.176,4.06,4.119,6.922,7.324,5.866,3.969,3.927,6.676,4.499,7.163,6.527,4.471,4.949,4.119,4.677,4.737,4.802,5
2666.03,28,3.366,4.069,3.618,5.985,5.308,4.155,4.043,4.104,6.906,7.387,5.893,3.965,3.949,6.669,4.529,7.159,6.48,4.506,4.939,4.08,4.71,4.709,4.781,5.018
2667.03,28,3.347,4.093,3.609,5.935,5.364,4.175,4.017,4.137,6.88,7.394,5.893,3.999,3.956,6.621,4.574,7.118,6.494,4.554,4.985,4.055,4.728,4.713,4.776,5.02
2668.03,28,3.275,4.09,3.616,5.925,5.296,4.176,4.026,4.11,6.937,7.352,5.949,4.046,3.923,6.602,4.548,7.094,6.468,4.529,4.992,4.076,4.707,4.748,4.827,4.949
2669.03,28,3.365,4.073,3.598,5.888,5.398,4.162,4.009,4.15,6.924,7.431,5.899,3.897,3.925,6.615,4.534,7.076,6.47,4.532,4.913,4.106,4.682,4.651,4.734,4.972
2670.03,28,3.278,4.067,3.533,5.921,5.367,4.109,3.982,4.102,6.958,7.384,5.883,3.954,3.89,6.557,4.587,7.053,6.416,4.506,4.884,4.076,4.698,4.65,4.776,5.005
2671.03,28,3.28,4.044,3.55,5.89,5.382,4.113,4.017,4.102,6.906,7.364,5.88,3.943,3.944,6.57,4.55,7.102,6.489,4.529,4.939,4.103,4.744,4.744,4.756,4.927
2672.03,28,3.304,4.117,3.559,5.925,5.355,4.172,4.002,4.086,6.983,7.324,5.927,3.962,3.946,6.632,4.561,7.123,6.452,4.459,4.88,4.027,4.725,4.705,4.731,4.975
2673.03,28,3.315,4.112,3.556,5.972,5.392,4.216,4.012,4.049,6.922,7.343,5.884,3.907,3.957,6.584,4.506,7.183,6.53,4.503,4.925,4.027,4.774,4.664,4.765,4.978
2674.03,28,3.259,4.09,3.518,5.931,5.262,4.128,3.951,4.135,6.902,7.372,5.85,3.926,3.834,6.568,4.476,7.107,6.461,4.493,4.919,4.106,4.713,4.635,4.746,4.963
2675.03,28,3.257,4.026,3.585,5.851,5.356,4.162,4.054,4.067,6.983,7.355,5.92,3.938,3.921,6.604,4.499,7.107,6.466,4.476,4.946,4.124,4.685,4.649,4.699,5.007
2676.03,28,3.335,4.049,3.536,5.948,5.288,4.116,3.916,4.152,6.9,7.336,5.901,3.894,3.867,6.578,4.545,7.11,6.468,4.472,4.914,4.118,4.699,4.704,4.782,5.035
2677.03,28,3.234,4.008,3.558,5.972,5.31,4.194,3.978,4.049,6.908,7.377,5.847,3.909,3.842,6.66,4.517,7.085,6.495,4.498,4.892,4.014,4.677,4.677,4.803,5.058
2678.03,28,3.229,4.15,3.577,5.911,5.333,4.133,4.015,4.054,6.956,7.401,5.911,3.923,3.929,6.601,4.566,7.136,6.572,4.469,4.91,4.061,4.696,4.681,4.748,4.933
2679.03,28,3.315,4.015,3.54,5.935,5.342,4.2,3.956,4.08,6.87,7.382,5.935,3.914,3.922,6.626,4.608,7.137,6.499,4.491,4.897,4.077,4.728,4.684,4.741,4.955
2680.03,28,3.246,4.095,3.562,5.972,5.284,4.159,4.01,4.017,6.89,7.384,5.921,3.903,3.925,6.558,4.465,7.148,6.448,4.466,4.881,4.132,4.65,4.67,4.727,4.968
2681.03,28,3.227,4.096,3.54,5.92,5.336,4.143,4.017,4.032,6.932,7.337,5.901,3.854,3.918,6.6,4.535,7.097,6.487,4.506,4.88,4.081,4.677,4.713,4.691,4.951
2682.03,28,3.252,4.124,3.481,5.916,5.392,4.171,4.074,4.053,6.915,7.417,5.864,3.908,3.846,6.642,4.517,7.121,6.471,4.494,4.932,4.047,4.67,4.676,4.707,4.96
2683.03,28,3.238,4.086,3.503,5.943,5.383,4.062,3.959,4.104,6.907,7.363,5.877,3.962,3.896,6.613,4.548,7.109,6.482,4.47,4.884,4.036,4.661,4.685,4.745,4.923
2684.03,28,3.206,4.075,3.557,5.897,5.287,4.194,3.995,4.087,6.848,7.356,5.896,3.887,3.878,6.563,4.55,7.074,6.47,4.473,4.887,4.044,4.818,4.653,4.754,4.954
2685.03,28,3.264,4.039,3.491,5.926,5.316,4.133,3.945,4.109,6.89,7.322,5.837,3.864,3.867,6.562,4.54,7.091,6.501,4.475,4.899,4.086,4.714,4.664,4.759,4.939
2686.03,28,3.223,4.035,3.513,5.918,5.354,4.145,3.938,4.058,6.952,7.335,5.871,3.971,3.897,6.556,4.506,7.142,6.404,4.529,4.949,4.029,4.673,4.641,4.705,4.938
2687.03,28,3.232,4.059,3.532,5.979,5.329,4.061,3.978,4.07,6.93,7.346,5.883,3.84,3.852,6.529,4.545,7.113,6.547,4.536,4.917,4.059,4.688,4.68,4.742,4.936
2688.03,28,3.229,3.986,3.521,5.935,5.319,4.132,3.946,4.055,6.88,7.387,5.83,3.878,3.909,6.601,4.534,7.149,6.441,4.487,4.91,4.06,4.652,4.662,4.705,4.935
2689.03,28,3.22,3.992,3.535,5.946,5.352,4.075,3.95,4.066,6.963,7.345,5.865,3.926,3.916,6.624,4.547,7.155,6.47,4.448,4.889,4.023,4.665,4.697,4.804,4.947
2690.03,28,3.303,4.055,3.539,5.901,5.373,4.09,3.962,4.009,6.946,7.392,5.87,3.819,3.915,6.617,4.474,7.118,6.527,4.5,4.913,4.062,4.691,4.697,4.707,4.979
2691.03,28,3.234,4.06,3.512,5.896,5.302,4.119,3.97,4.091,6.919,7.346,5.856,3.827,3.863,6.554,4.532,7.136,6.45,4.463,4.834,4.069,4.664,4.599,4.692,4.974
2692.03,28,3.222,4.058,3.565,5.935,5.331,4.127,3.957,4.104,6.959,7.317,5.876,3.891,3.878,6.643,4.5,7.126,6.517,4.407,4.911,4.075,4.679,4.701,4.723,4.954
2693.03,28,3.201,4.013,3.469,5.958,5.294,4.085,3.889,3.994,6.966,7.374,5.9,3.833,3.911,6.618,4.578,7.112,6.484,4.419,4.841,4.063,4.661,4.726,4.765,4.96
2694.03,28,3.203,4.04,3.507,5.923,5.332,4.121,3.926,4.055,6.909,7.367,5.864,3.849,3.896,6.553,4.472,7.159,6.474,4.532,4.878,4.082,4.731,4.69,4.736,4.94
2695.03,28,3.252,4.04,3.536,5.916,5.281,4.033,3.952,4.081,6.929,7.295,5.871,3.913,3.87,6.516,4.504,7.138,6.434,4.428,4.88,3.989,4.649,4.682,4.734,4.905
2696.03,28,3.194,4.004,3.48,5.95,5.302,4.077,3.945,4.044,6.927,7.372,5.802,3.849,3.86,6.646,4.466,7.134,6.464,4.443,4.816,4.073,4.636,4.706,4.721,4.921
2697.03,28,3.163,3.991,3.476,5.908,5.309,4.074,3.963,4.029,6.936,7.382,5.893,3.873,3.9,6.61,4.547,7.142,6.468,4.449,4.88,4.035,4.691,4.67,4.67,4.962
2698.03,28,3.148,4.012,3.517,5.909,5.294,4.105,3.987,4.023,6.855,7.433,5.896,3.812,3.872,6.599,4.534,7.125,6.478,4.51,4.817,4.091,4.661,4.683,4.687,4.948
2699.03,28,3.219,3.953,3.493,5.93,5.353,4.068,3.893,4.074,6.959,7.346,5.881,3.85,3.88,6.616,4.54,7.104,6.449,4.483,4.89,4.023,4.658,4.626,4.747,4.92
2700.03,28,3.151,3.995,3.588,5.928,5.338,4.094,4.037,3.995,6.937,7.36,5.876,3.85,3.815,6.592,4.523,7.132,6.508,4.416,4.866,4.081,4.628,4.655,4.719,4.942
2701.03,28,3.207,3.997,3.445,5.942,5.349,4.093,3.915,3.973,6.939,7.321,5.922,3.809,3.845,6.632,4.59,7.151,6.471,4.467,4.832,3.93,4.732,4.665,4.708,4.968
2702.03,28,3.224,4.013,3.468,5.933,5.293,4.11,3.917,3.991,6.935,7.331,5.86,3.79,3.882,6.58,4.521,7.113,6.484,4.514,4.871,4.046,4.609,4.637,4.629,4.892
2703.03,28,3.214,4.052,3.429,5.982,5.37,4.052,3.994,4.06,6.887,7.392,5.872,3.878,3.816,6.707,4.525,7.089,6.496,4.447,4.9,3.975,4.697,4.65,4.71,4.974
2704.03,28,3.205,3.981,3.428,5.965,5.298,4.066,3.978,3.978,6.953,7.335,5.843,3.864,3.847,6.603,4.54,7.177,6.489,4.384,4.838,4.01,4.685,4.704,4.713,4.826
2705.03,28,3.247,3.888,3.507,5.951,5.284,4.049,3.946,4.04,6.881,7.383,5.845,3.862,3.833,6.639,4.585,7.103,6.473,4.408,4.808,4.008,4.662,4.619,4.656,4.881
2706.03,28,3.168,3.985,3.459,5.9,5.322,4.08,3.904,4.07,6.913,7.393,5.884,3.843,3.78,6.642,4.485,7.153,6.506,4.427,4.858,4.037,4.695,4.689,4.708,4.964
2707.03,28,3.205,3.931,3.487,5.935,5.328,4.088,3.91,3.988,6.949,7.355,5.897,3.79,3.825,6.618,4.585,7.08,6.458,4.487,4.778,4.025,4.628,4.675,4.722,4.904
2708.03,28,3.084,3.997,3.452,5.901,5.312,4.062,3.941,3.998,6.884,7.301,5.897,3.841,3.804,6.64,4.533,7.063,6.494,4.437,4.817,4.055,4.67,4.607,4.72,4.899
2709.03,28,3.195,3.975,3.465,5.945,5.3,4.134,3.917,3.995,6.881,7.331,5.859,3.821,3.795,6.606,4.475,7.059,6.525,4.413,4.798,4.052,4.654,4.641,4.698,4.951
2710.03,28,3.102,3.967,3.451,6.01,5.384,4.096,3.889,4.048,6.932,7.34,5.892,3.778,3.815,6.553,4.544,7.156,6.457,4.45,4.883,3.988,4.589,4.657,4.61,4.944
2711.03,28,3.207,3.979,3.451,5.902,5.347,4.023,3.923,4.018,6.924,7.359,5.878,3.778,3.783,6.629,4.444,7.16,6.546,4.359,4.803,4.012,4.685,4.636,4.738,4.911
2712.03,28,3.124,3.969,3.441,5.934,5.329,4.054,3.923,3.953,6.954,7.39,5.838,3.877,3.828,6.625,4.52,7.151,6.452,4.378,4.839,3.991,4.599,4.646,4.639,4.885
2713.03,28,3.21,3.944,3.471,5.889,5.37,4.035,3.888,3.928,6.883,7.325,5.854,3.824,3.853,6.588,4.504,7.21,6.473,4.378,4.831,3.989,4.611,4.6,4.673,4.862
2714.03,28,3.179,3.923,3.413,5.912,5.328,4.13,3.896,3.936,6.946,7.387,5.92,3.848,3.826,6.558,4.538,7.11,6.489,4.406,4.882,4.017,4.669,4.679,4.648,4.913
2715.03,28,3.127,3.983,3.517,5.903,5.302,4.095,3.92,4.013,6.948,7.376,5.866,3.768,3.796,6.605,4.519,7.093,6.511,4.429,4.762,3.982,4.616,4.581,4.674,4.87
2716.03,28,3.126,3.971,3.42,5.927,5.299,4.072,3.888,3.968,6.887,7.391,5.876,3.77,3.758,6.621,4.465,7.134,6.514,4.381,4.85,3.959,4.548,4.646,4.639,4.898
2717.03,28,3.163,4.01,3.424,5.925,5.313,4.04,3.87,3.94,6.846,7.34,5.931,3.733,3.824,6.606,4.506,7.104,6.449,4.507,4.798,3.96,4.6,4.619,4.677,4.894
2718.03,28,3.189,3.953,3.452,5.909,5.3,4.033,3.868,3.953,6.904,7.368,5.868,3.786,3.822,6.615,4.48,7.077,6.469,4.356,4.814,3.921,4.65,4.623,4.704,4.904
2719.03,28,3.139,3.943,3.406,5.918,5.34,3.927,3.841,3.927,6.931,7.351,5.851,3.793,3.879,6.562,4.579,7.156,6.442,4.402,4.807,3.944,4.578,4.638,4.642,4.86
2720.03,28,3.116,3.878,3.422,5.903,5.281,4.017,3.825,3.965,6.928,7.313,5.875,3.8,3.76,6.625,4.504,7.127,6.508,4.377,4.857,3.947,4.554,4.652,4.726,4.917
2721.03,28,3.187,3.917,3.461,5.964,5.325,3.991,3.911,3.949,6.896,7.367,5.906,3.741,3.781,6.608,4.538,7.172,6.497,4.434,4.82,3.967,4.601,4.617,4.665,4.793
2722.03,28,3.163,3.929,3.404,5.971,5.322,3.976,3.824,3.923,6.879,7.391,5.855,3.715,3.897,6.551,4.521,7.164,6.47,4.456,4.823,3.944,4.575,4.639,4.625,4.841
2723.03,28,3.128,3.95,3.414,5.913,5.324,4.064,3.878,3.949,6.919,7.303,5.85,3.807,3.788,6.601,4.54,7.117,6.464,4.391,4.826,3.952,4.598,4.628,4.693,4.878
2724.03,28,3.132,3.869,3.427,5.953,5.323,3.992,3.83,3.962,6.965,7.387,5.942,3.823,3.794,6.606,4.486,7.12,6.476,4.374,4.809,3.926,4.558,4.613,4.677,4.893
2725.03,28,3.128,3.952,3.442,5.925,5.334,4,3.952,3.925,6.896,7.344,5.925,3.765,3.815,6.65,4.531,7.167,6.465,4.394,4.861,4.024,4.597,4.622,4.641,4.851
2726.03,28,3.095,3.966,3.394,5.864,5.328,3.976,3.897,3.938,6.94,7.426,5.912,3.699,3.779,6.658,4.529,7.111,6.525,4.463,4.786,3.882,4.533,4.668,4.704,4.924
2727.03,28,3.131,3.936,3.364,5.967,5.362,4.014,3.89,3.892,6.936,7.353,5.848,3.701,3.806,6.598,4.579,7.13,6.536,4.348,4.791,3.951,4.557,4.601,4.641,4.877
2728.03,28,3.117,3.927,3.397,5.92,5.312,3.955,3.908,3.908,6.909,7.373,5.905,3.732,3.799,6.624,4.507,7.094,6.401,4.345,4.829,3.996,4.564,4.577,4.63,4.827
2729.03,28,3.04,3.822,3.418,5.883,5.382,3.968,3.86,3.957,6.94,7.342,5.88,3.732,3.757,6.597,4.532,7.128,6.442,4.379,4.779,3.97,4.572,4.603,4.621,4.848
2730.03,28,3.077,3.857,3.395,5.93,5.38,3.933,3.866,3.918,6.938,7.405,5.9,3.776,3.759,6.617,4.554,7.097,6.474,4.382,4.801,3.929,4.556,4.609,4.607,4.839
2731.03,28,3.112,3.872,3.374,5.965,5.308,4.027,3.833,3.849,6.925,7.366,5.898,3.665,3.748,6.601,4.512,7.151,6.501,4.341,4.791,3.923,4.634,4.554,4.723,4.829
2732.03,28,3.093,3.884,3.373,5.961,5.397,3.981,3.818,3.899,6.937,7.37,5.868,3.629,3.778,6.635,4.564,7.117,6.529,4.367,4.853,3.995,4.557,4.637,4.699,4.946
2733.03,28,3.107,3.822,3.352,5.922,5.301,3.99,3.797,3.872,6.92,7.357,5.825,3.693,3.773,6.606,4.513,7.123,6.509,4.369,4.746,3.968,4.559,4.594,4.624,4.82
2734.03,28,2.98,3.868,3.357,5.971,5.332,3.953,3.856,3.857,6.911,7.317,5.909,3.738,3.749,6.56,4.541,7.041,6.464,4.415,4.849,3.967,4.521,4.579,4.612,4.859
2735.03,28,3.053,3.878,3.409,5.981,5.325,3.984,3.851,3.893,6.917,7.32,5.903,3.69,3.712,6.569,4.524,7.128,6.504,4.379,4.757,3.894,4.517,4.622,4.626,4.868
2736.03,28,3.036,3.88,3.439,6.028,5.332,4.01,3.815,3.973,6.917,7.405,5.9,3.73,3.736,6.626,4.501,7.109,6.484,4.348,4.822,3.945,4.582,4.603,4.598,4.844
2737.03,28,3.05,3.844,3.326,5.942,5.398,3.982,3.856,3.859,6.844,7.424,5.853,3.754,3.766,6.59,4.558,7.17,6.513,4.386,4.764,3.895,4.548,4.58,4.687,4.851
2738.03,28,3.077,3.876,3.371,5.948,5.33,3.912,3.83,3.86,6.936,7.363,5.86,3.731,3.754,6.622,4.54,7.109,6.457,4.388,4.753,3.925,4.556,4.594,4.57,4.868
2739.03,28,3.047,3.844,3.371,5.971,5.273,3.916,3.847,3.89,6.875,7.298,5.912,3.657,3.738,6.599,4.523,7.079,6.513,4.331,4.758,3.939,4.513,4.609,4.633,4.822
2740.03,28,3.007,3.754,3.275,5.903,5.36,3.977,3.889,3.904,6.919,7.321,5.873,3.69,3.698,6.647,4.525,7.087,6.479,4.392,4.782,3.952,4.589,4.65,4.632,4.811
2741.03,28,3.033,3.864,3.316,5.948,5.319,3.957,3.835,3.834,6.974,7.334,5.885,3.686,3.684,6.68,4.562,7.15,6.544,4.373,4.734,3.937,4.584,4.549,4.632,4.828
2742.03,28,2.978,3.891,3.353,5.983,5.265,3.905,3.827,3.863,6.974,7.325,5.856,3.672,3.786,6.565,4.496,7.135,6.52,4.318,4.734,3.979,4.615,4.561,4.586,4.813
2743.03,28,3.035,3.824,3.371,5.917,5.327,3.932,3.723,3.86,6.867,7.388,5.893,3.703,3.77,6.612,4.469,7.151,6.531,4.331,4.79,3.945,4.583,4.487,4.67,4.844
2744.03,28,3.025,3.863,3.334,5.877,5.336,4.036,3.84,3.825,6.888,7.306,5.939,3.717,3.699,6.658,4.551,7.086,6.476,4.352,4.792,3.943,4.552,4.581,4.636,4.828
2745.03,28,3.012,3.814,3.298,5.917,5.32,3.908,3.818,3.892,6.901,7.338,5.908,3.725,3.75,6.568,4.499,7.12,6.537,4.378,4.73,4.015,4.542,4.596,4.63,4.859
2746.03,28,3.001,3.895,3.303,5.909,5.333,3.942,3.788,3.878,6.889,7.408,5.869,3.712,3.784,6.646,4.554,7.16,6.482,4.347,4.708,3.89,4.539,4.549,4.588,4.799
2747.03,28,2.966,3.835,3.348,5.927,5.32,3.85,3.861,3.847,6.958,7.352,5.877,3.7,3.65,6.637,4.512,7.098,6.428,4.311,4.714,3.898,4.532,4.582,4.512,4.798
2748.03,28,2.999,3.815,3.335,5.926,5.355,3.922,3.735,3.821,6.889,7.364,5.801,3.713,3.721,6.629,4.499,7.192,6.483,4.308,4.773,3.96,4.575,4.534,4.55,4.788
2749.03,28,3.007,3.862,3.302,5.917,5.329,3.925,3.772,3.85,6.915,7.318,5.978,3.709,3.734,6.619,4.51,7.084,6.444,4.302,4.805,3.918,4.557,4.584,4.652,4.818
2750.03,28,2.996,3.773,3.307,5.967,5.278,3.952,3.808,3.768,6.889,7.35,5.932,3.664,3.763,6.634,4.535,7.15,6.477,4.41,4.707,3.923,4.463,4.575,4.595,4.826
2751.03,28,3.058,3.821,3.307,5.937,5.313,3.96,3.806,3.836,6.944,7.386,5.863,3.636,3.697,6.581,4.594,7.144,6.466,4.339,4.69,3.891,4.533,4.522,4.599,4.8
2752.03,28,3.077,3.82,3.283,5.924,5.371,3.912,3.797,3.878,6.878,7.376,5.863,3.655,3.655,6.536,4.527,7.172,6.544,4.33,4.771,3.949,4.557,4.56,4.618,4.859
2753.03,28,3.034,3.803,3.25,5.932,5.326,3.983,3.801,3.817,6.943,7.391,5.872,3.62,3.697,6.559,4.565,7.138,6.489,4.348,4.736,3.871,4.547,4.557,4.632,4.749
2754.03,28,3.029,3.774,3.275,5.949,5.362,3.929,3.792,3.824,6.937,7.389,5.849,3.65,3.724,6.594,4.544,7.043,6.501,4.378,4.736,3.891,4.549,4.59,4.591,4.819
2755.03,28,3.02,3.819,3.303,6.008,5.377,3.962,3.786,3.87,6.939,7.342,5.829,3.663,3.688,6.61,4.556,7.087,6.482,4.348,4.706,3.899,4.563,4.553,4.603,4.822
2756.03,28,3.055,3.82,3.271,5.939,5.311,3.912,3.721,3.894,6.944,7.451,5.902,3.655,3.688,6.569,4.507,7.164,6.45,4.336,4.704,3.905,4.597,4.563,4.643,4.8
2757.03,28,3.004,3.798,3.31,5.949,5.279,3.986,3.798,3.84,6.866,7.33,5.932,3.656,3.692,6.632,4.547,7.107,6.433,4.367,4.753,3.907,4.547,4.522,4.594,4.828
2758.03,28,2.99,3.828,3.263,5.922,5.33,3.924,3.725,3.858,6.905,7.332,5.884,3.665,3.64,6.676,4.553,7.092,6.492,4.269,4.734,3.899,4.555,4.544,4.656,4.744
2759.03,28,2.989,3.868,3.348,5.922,5.336,3.965,3.811,3.815,6.98,7.326,5.872,3.707,3.741,6.691,4.539,7.098,6.524,4.327,4.701,3.919,4.501,4.567,4.593,4.822
2760.03,28,2.948,3.838,3.292,5.916,5.257,3.89,3.795,3.851,6.864,7.361,5.954,3.654,3.68,6.634,4.543,7.166,6.495,4.307,4.704,3.888,4.523,4.477,4.612,4.792
2761.03,28,2.971,3.791,3.307,5.972,5.348,3.892,3.685,3.82,6.907,7.363,5.805,3.62,3.652,6.568,4.53,7.137,6.517,4.283,4.703,3.855,4.49,4.502,4.628,4.783
2762.03,28,3.01,3.714,3.289,5.929,5.379,3.876,3.751,3.779,6.965,7.36,5.883,3.665,3.696,6.604,4.57,7.141,6.49,4.275,4.703,3.927,4.564,4.532,4.487,4.821
2763.03,28,3.049,3.883,3.299,5.916,5.304,3.894,3.795,3.815,6.972,7.366,5.899,3.644,3.628,6.532,4.518,7.123,6.482,4.342,4.645,3.916,4.446,4.508,4.563,4.766
2764.03,28,2.943,3.764,3.28,5.974,5.311,3.862,3.87,3.733,6.885,7.367,5.84,3.6,3.722,6.626,4.558,7.086,6.511,4.275,4.713,3.88,4.531,4.541,4.623,4.782
2765.03,28,2.966,3.738,3.319,5.92,5.4,3.883,3.786,3.804,6.873,7.408,5.841,3.605,3.687,6.629,4.534,7.179,6.463,4.288,4.733,3.886,4.519,4.508,4.593,4.731
2766.03,28,2.918,3.72,3.251,5.924,5.308,3.879,3.8,3.791,6.929,7.355,5.851,3.629,3.669,6.591,4.492,7.07,6.522,4.24,4.712,3.824,4.513,4.495,4.595,4.781
2767.03,28,2.979,3.772,3.286,5.946,5.344,3.87,3.787,3.788,6.872,7.343,5.804,3.58,3.704,6.653,4.536,7.142,6.471,4.262,4.66,3.89,4.513,4.558,4.614,4.752
2768.03,28,2.895,3.779,3.32,5.913,5.306,3.903,3.715,3.773,6.95,7.353,5.876,3.635,3.624,6.637,4.54,7.132,6.459,4.258,4.709,3.821,4.548,4.473,4.61,4.724
2769.03,28,3.018,3.795,3.2,5.917,5.293,3.896,3.71,3.723,6.897,7.367,5.868,3.594,3.668,6.558,4.475,7.08,6.481,4.276,4.642,3.869,4.501,4.483,4.57,4.747
2770.03,28,2.948,3.737,3.246,5.936,5.402,3.834,3.723,3.813,6.963,7.336,5.855,3.605,3.645,6.56,4.527,7.164,6.477,4.309,4.688,3.817,4.545,4.514,4.577,4.758
2771.03,28,2.982,3.828,3.274,5.89,5.321,3.861,3.679,3.722,6.956,7.364,5.876,3.643,3.65,6.628,4.531,7.103,6.468,4.284,4.675,3.824,4.569,4.477,4.512,4.766
2772.03,28,2.957,3.743,3.255,5.936,5.357,3.877,3.754,3.747,6.9,7.295,5.87,3.557,3.645,6.525,4.521,7.175,6.443,4.313,4.615,3.806,4.508,4.514,4.596,4.709
2773.03,28,2.887,3.721,3.194,5.863,5.328,3.895,3.75,3.734,6.924,7.338,5.928,3.596,3.64,6.614,4.547,7.114,6.48,4.248,4.733,3.824,4.529,4.497,4.592,4.819
2774.03,28,2.946,3.735,3.255,5.899,5.353,3.886,3.743,3.719,6.869,7.349,5.904,3.516,3.639,6.575,4.48,7.11,6.473,4.304,4.711,3.891,4.481,4.557,4.488,4.744
2775.03,28,2.955,3.698,3.247,5.907,5.419,3.915,3.695,3.753,6.935,7.378,5.893,3.613,3.683,6.557,4.508,7.141,6.493,4.241,4.683,3.806,4.514,4.519,4.592,4.776
2776.03,28,2.96,3.732,3.233,5.919,5.312,3.863,3.732,3.757,6.873,7.315,5.88,3.575,3.659,6.59,4.509,7.116,6.409,4.313,4.672,3.865,4.478,4.482,4.508,4.819
2777.03,28,2.944,3.711,3.286,5.904,5.328,3.812,3.719,3.771,6.943,7.348,5.847,3.584,3.617,6.626,4.61,7.128,6.512,4.276,4.688,3.876,4.5,4.528,4.482,4.755
2778.03,28,2.849,3.703,3.241,5.956,5.341,3.889,3.655,3.741,6.905,7.425,5.913,3.609,3.633,6.552,4.604,7.125,6.478,4.257,4.59,3.824,4.448,4.534,4.558,4.786
2779.03,28,2.907,3.719,3.211,5.886,5.344,3.832,3.606,3.747,6.93,7.335,5.889,3.57,3.614,6.536,4.515,7.131,6.427,4.265,4.747,3.882,4.51,4.453,4.563,4.708
2780.03,28,2.886,3.706,3.17,5.884,5.322,3.805,3.749,3.701,6.944,7.36,5.913,3.564,3.699,6.605,4.558,7.13,6.475,4.222,4.613,3.809,4.467,4.508,4.518,4.758
2781.03,28,2.972,3.738,3.214,5.942,5.343,3.843,3.706,3.725,6.942,7.355,5.868,3.631,3.617,6.6,4.501,7.113,6.43,4.327,4.65,3.821,4.463,4.435,4.562,4.681
2782.03,28,2.863,3.671,3.237,5.973,5.405,3.831,3.749,3.759,6.888,7.347,5.885,3.52,3.587,6.592,4.544,7.157,6.543,4.329,4.651,3.775,4.491,4.476,4.603,4.653
2783.03,28,2.971,3.676,3.191,5.929,5.375,3.823,3.721,3.741,6.856,7.371,5.957,3.547,3.686,6.621,4.497,7.11,6.456,4.262,4.68,3.865,4.406,4.534,4.537,4.731
2784.03,28,2.935,3.765,3.172,5.956,5.307,3.854,3.695,3.784,6.952,7.342,5.883,3.586,3.597,6.625,4.532,7.162,6.518,4.245,4.68,3.821,4.479,4.524,4.507,4.786
2785.03,28,2.845,3.72,3.217,5.91,5.353,3.84,3.715,3.687,6.889,7.333,5.881,3.521,3.647,6.58,4.552,7.177,6.51,4.266,4.708,3.89,4.425,4.409,4.627,4.82
2786.03,28,2.866,3.652,3.214,5.938,5.351,3.843,3.684,3.766,6.895,7.362,5.849,3.598,3.612,6.607,4.513,7.131,6.526,4.23,4.6,3.794,4.453,4.475,4.584,4.719
2787.03,28,2.896,3.64,3.166,5.907,5.29,3.773,3.681,3.698,6.959,7.324,5.844,3.526,3.588,6.591,4.536,7.163,6.471,4.197,4.695,3.786,4.499,4.456,4.534,4.788
2788.03,28,2.906,3.736,3.179,5.978,5.353,3.82,3.713,3.698,6.928,7.354,5.879,3.566,3.615,6.571,4.534,7.099,6.494,4.281,4.687,3.835,4.465,4.541,4.539,4.693
2789.03,28,2.876,3.726,3.202,5.912,5.345,3.811,3.72,3.715,6.927,7.397,5.873,3.527,3.574,6.635,4.546,7.12,6.448,4.176,4.693,3.848,4.403,4.447,4.576,4.769
2790.03,28,2.889,3.623,3.179,5.95,5.389,3.823,3.662,3.714,6.986,7.3,5.871,3.51,3.585,6.614,4.545,7.045,6.427,4.275,4.642,3.781,4.432,4.506,4.528,4.711
2791.03,28,2.836,3.671,3.163,5.906,5.353,3.861,3.703,3.713,6.951,7.359,5.897,3.453,3.601,6.545,4.514,7.103,6.474,4.216,4.608,3.83,4.408,4.399,4.499,4.73
2792.03,28,2.835,3.7,3.233,5.953,5.35,3.83,3.735,3.74,6.966,7.338,5.867,3.457,3.54,6.622,4.507,7.104,6.507,4.233,4.647,3.776,4.505,4.469,4.541,4.783
2793.03,28,2.898,3.708,3.149,5.818,5.302,3.786,3.708,3.677,6.928,7.376,5.887,3.564,3.64,6.555,4.567,7.105,6.507,4.228,4.661,3.718,4.474,4.422,4.559,4.769
2794.03,28,2.857,3.676,3.149,5.954,5.329,3.792,3.721,3.743,6.896,7.3,5.856,3.521,3.628,6.661,4.497,7.09,6.527,4.265,4.676,3.856,4.407,4.399,4.489,4.69
2795.03,28,2.789,3.686,3.209,5.937,5.305,3.835,3.656,3.704,6.899,7.366,5.924,3.507,3.545,6.631,4.54,7.105,6.471,4.242,4.606,3.783,4.396,4.547,4.5,4.703
2796.03,28,2.804,3.653,3.198,5.903,5.314,3.835,3.697,3.679,6.921,7.366,5.858,3.523,3.628,6.546,4.527,7.089,6.541,4.265,4.655,3.768,4.498,4.499,4.524,4.725
2797.03,28,2.8,3.651,3.141,5.934,5.308,3.727,3.675,3.66,6.917,7.391,5.874,3.483,3.59,6.586,4.547,7.159,6.47,4.213,4.59,3.805,4.436,4.504,4.51,4.76
2798.03,28,2.852,3.685,3.217,5.874,5.261,3.871,3.649,3.736,6.892,7.389,5.885,3.532,3.562,6.604,4.533,7.193,6.49,4.189,4.657,3.833,4.425,4.451,4.442,4.754
2799.03,28,2.865,3.665,3.155,5.913,5.31,3.738,3.66,3.686,6.864,7.367,5.894,3.494,3.587,6.594,4.488,7.161,6.457,4.247,4.562,3.798,4.441,4.42,4.57,4.726
2800.03,28,2.85,3.652,3.16,5.874,5.358,3.846,3.657,3.755,6.895,7.325,5.893,3.522,3.54,6.668,4.574,7.174,6.465,4.205,4.649,3.771,4.44,4.472,4.46,4.659
2801.03,28,2.824,3.665,3.142,5.878,5.398,3.773,3.707,3.724,6.944,7.415,5.877,3.425,3.56,6.626,4.492,7.155,6.442,4.208,4.601,3.802,4.485,4.471,4.513,4.656
2802.03,28,2.814,3.632,3.093,5.981,5.325,3.772,3.639,3.625,6.891,7.366,5.895,3.486,3.523,6.604,4.529,7.078,6.525,4.204,4.601,3.809,4.457,4.459,4.446,4.671
2803.03,28,2.763,3.634,3.14,5.878,5.326,3.772,3.607,3.694,6.914,7.323,5.942,3.489,3.548,6.604,4.572,7.117,6.49,4.182,4.632,3.765,4.47,4.487,4.481,4.637
2804.03,28,2.796,3.651,3.107,5.865,5.308,3.751,3.653,3.678,6.862,7.42,5.885,3.46,3.594,6.636,4.468,7.139,6.46,4.211,4.643,3.743,4.388,4.478,4.522,4.738
2805.03,28,2.841,3.633,3.158,5.904,5.343,3.811,3.617,3.686,6.918,7.324,5.9,3.53,3.576,6.55,4.538,7.093,6.501,4.23,4.61,3.759,4.46,4.494,4.469,4.746
2806.03,28,2.801,3.641,3.132,5.916,5.333,3.694,3.663,3.634,6.908,7.286,5.881,3.507,3.558,6.58,4.58,7.134,6.508,4.16,4.611,3.793,4.373,4.441,4.498,4.723
2807.03,28,2.76,3.607,3.101,5.899,5.391,3.78,3.577,3.713,6.93,7.328,5.867,3.488,3.521,6.623,4.543,7.086,6.438,4.153,4.582,3.722,4.434,4.419,4.508,4.695
2808.03,28,2.796,3.61,3.1,5.898,5.399,3.716,3.615,3.6,6.953,7.367,5.871,3.505,3.491,6.581,4.484,7.072,6.455,4.162,4.578,3.843,4.378,4.382,4.511,4.699
2809.03,28,2.795,3.648,3.135,5.896,5.375,3.722,3.636,3.614,6.895,7.377,5.906,3.38,3.522,6.579,4.537,7.089,6.495,4.176,4.607,3.792,4.417,4.464,4.531,4.698
2810.03,28,2.748,3.6,3.085,5.955,5.303,3.745,3.606,3.638,7.003,7.367,5.955,3.41,3.463,6.597,4.563,7.142,6.466,4.196,4.564,3.762,4.435,4.444,4.421,4.738
2811.03,28,2.868,3.59,3.105,5.983,5.305,3.756,3.664,3.682,6.98,7.322,5.921,3.478,3.52,6.581,4.568,7.085,6.418,4.182,4.683,3.754,4.447,4.334,4.517,4.721
2812.03,28,2.748,3.602,3.16,5.886,5.37,3.803,3.538,3.678,6.993,7.344,5.921,3.495,3.535,6.583,4.488,7.082,6.492,4.199,4.626,3.79,4.377,4.366,4.486,4.69
2813.03,28,2.809,3.531,3.098,5.946,5.439,3.717,3.594,3.639,6.934,7.376,5.91,3.412,3.478,6.553,4.559,7.186,6.438,4.224,4.583,3.774,4.377,4.506,4.495,4.683
2814.03,28,2.825,3.564,3.073,5.901,5.291,3.826,3.535,3.579,6.875,7.337,5.905,3.411,3.559,6.612,4.579,7.119,6.454,4.177,4.598,3.768,4.377,4.39,4.466,4.745
2815.03,28,2.8,3.617,3.202,5.948,5.351,3.766,3.697,3.626,6.964,7.308,5.885,3.429,3.517,6.643,4.486,7.106,6.43,4.18,4.579,3.747,4.415,4.42,4.426,4.75
2816.03,28,2.782,3.601,3.08,5.946,5.342,3.756,3.576,3.616,6.926,7.422,5.875,3.384,3.466,6.648,4.539,7.105,6.512,4.209,4.6,3.763,4.361,4.438,4.452,4.719
2817.03,28,2.809,3.546,3.101,5.951,5.329,3.787,3.59,3.673,6.965,7.39,5.918,3.426,3.471,6.62,4.462,7.095,6.515,4.193,4.625,3.718,4.454,4.428,4.52,4.656
2818.03,28,2.798,3.549,3.039,5.932,5.294,3.72,3.585,3.642,6.9,7.294,5.852,3.383,3.475,6.577,4.539,7.102,6.492,4.135,4.553,3.76,4.411,4.488,4.474,4.715
2819.03,28,2.799,3.546,3.141,5.916,5.299,3.712,3.579,3.615,6.843,7.283,5.907,3.417,3.537,6.514,4.54,7.091,6.462,4.154,4.567,3.747,4.395,4.446,4.449,4.699
2820.03,28,2.714,3.545,3.019,5.908,5.3,3.734,3.614,3.656,6.883,7.345,5.914,3.401,3.484,6.59,4.542,7.112,6.447,4.147,4.574,3.753,4.473,4.358,4.506,4.699
2821.03,28,2.722,3.619,3.041,5.947,5.353,3.74,3.62,3.645,6.93,7.327,5.969,3.392,3.521,6.598,4.552,7.176,6.432,4.146,4.597,3.735,4.375,4.396,4.455,4.747
2822.03,28,2.761,3.496,3.085,5.926,5.314,3.693,3.584,3.604,6.941,7.407,5.899,3.377,3.483,6.613,4.508,7.137,6.441,4.11,4.569,3.801,4.398,4.44,4.464,4.654
2823.03,28,2.759,3.596,3.076,5.933,5.287,3.68,3.541,3.574,6.944,7.305,5.882,3.388,3.48,6.635,4.53,7.082,6.468,4.193,4.533,3.787,4.381,4.399,4.415,4.663
2824.03,28,2.751,3.548,3.079,5.938,5.351,3.67,3.65,3.51,6.918,7.334,5.927,3.426,3.492,6.55,4.598,7.118,6.49,4.172,4.568,3.763,4.474,4.396,4.459,4.688
2825.03,28,2.735,3.522,3.059,5.908,5.358,3.721,3.556,3.554,6.936,7.348,5.886,3.411,3.441,6.54,4.491,7.073,6.425,4.171,4.575,3.657,4.348,4.39,4.547,4.709
2826.03,28,2.794,3.566,3.043,5.9,5.361,3.67,3.582,3.55,6.965,7.395,5.83,3.463,3.478,6.615,4.552,7.14,6.501,4.146,4.554,3.723,4.438,4.386,4.458,4.7
2827.03,28,2.701,3.52,3.02,5.965,5.344,3.713,3.578,3.591,6.901,7.302,5.842,3.377,3.475,6.657,4.519,7.101,6.531,4.16,4.588,3.692,4.395,4.386,4.443,4.617
2828.03,28,2.811,3.535,3.092,5.926,5.321,3.744,3.567,3.528,6.935,7.345,5.889,3.449,3.444,6.61,4.497,7.084,6.546,4.128,4.54,3.759,4.366,4.392,4.483,4.707
2829.03,28,2.796,3.595,3.016,5.93,5.347,3.759,3.508,3.561,6.881,7.347,5.954,3.366,3.472,6.607,4.528,7.102,6.508,4.144,4.485,3.777,4.383,4.348,4.491,4.611
2830.03,28,2.778,3.507,3.06,5.946,5.403,3.699,3.532,3.604,6.893,7.314,5.89,3.299,3.473,6.63,4.6,7.103,6.382,4.143,4.588,3.759,4.368,4.354,4.455,4.698
2831.03,28,2.708,3.525,3.037,5.878,5.362,3.616,3.515,3.579,6.943,7.298,5.888,3.371,3.41,6.591,4.475,7.119,6.475,4.129,4.57,3.682,4.343,4.315,4.504,4.685
2832.03,28,2.7,3.48,3.041,5.973,5.368,3.733,3.607,3.58,6.841,7.373,5.922,3.382,3.471,6.57,4.478,7.145,6.469,4.115,4.475,3.706,4.306,4.392,4.473,4.594
2833.03,28,2.687,3.543,3.036,5.927,5.288,3.681,3.543,3.599,6.937,7.323,5.91,3.375,3.535,6.538,4.518,7.175,6.505,4.065,4.494,3.69,4.371,4.395,4.402,4.676
2834.03,28,2.739,3.537,3.045,5.88,5.33,3.668,3.553,3.544,6.861,7.403,5.901,3.308,3.52,6.637,4.542,7.155,6.432,4.132,4.547,3.695,4.325,4.374,4.407,4.585
2835.03,28,2.749,3.412,3.046,5.914,5.312,3.569,3.508,3.589,6.954,7.39,5.913,3.323,3.422,6.628,4.53,7.182,6.478,4.127,4.539,3.676,4.354,4.389,4.381,4.621
2836.03,28,2.716,3.497,3.038,5.953,5.295,3.689,3.568,3.558,6.865,7.309,5.943,3.371,3.457,6.575,4.527,7.085,6.481,4.173,4.55,3.746,4.302,4.379,4.442,4.624
2837.03,28,2.685,3.501,3.052,5.921,5.335,3.653,3.523,3.52,6.914,7.377,5.897,3.344,3.396,6.596,4.509,7.184,6.459,4.146,4.54,3.714,4.32,4.414,4.411,4.661
2838.03,28,2.676,3.538,3.007,5.933,5.285,3.663,3.484,3.569,6.9,7.456,5.926,3.31,3.464,6.6,4.511,7.097,6.461,4.15,4.545,3.694,4.331,4.347,4.496,4.606
2839.03,28,2.739,3.479,3.034,5.881,5.274,3.67,3.569,3.539,6.914,7.345,5.948,3.358,3.425,6.551,4.528,7.1,6.481,4.157,4.617,3.726,4.329,4.418,4.36,4.571
2840.03,28,2.76,3.527,3.057,5.875,5.357,3.611,3.533,3.541,6.888,7.364,5.904,3.371,3.41,6.557,4.509,7.16,6.529,4.135,4.513,3.722,4.341,4.352,4.446,4.573
2841.03,28,2.632,3.463,3.055,5.97,5.31,3.656,3.461,3.497,6.888,7.345,5.875,3.304,3.446,6.586,4.536,7.156,6.497,4.107,4.556,3.66,4.301,4.378,4.425,4.613
2842.03,28,2.723,3.461,2.972,5.969,5.352,3.635,3.539,3.499,6.93,7.328,5.876,3.316,3.414,6.56,4.51,7.146,6.473,4.091,4.519,3.676,4.374,4.322,4.446,4.681
2843.03,28,2.715,3.489,2.964,5.913,5.296,3.631,3.526,3.495,6.911,7.388,5.912,3.29,3.428,6.613,4.496,7.191,6.478,4.078,4.529,3.708,4.302,4.352,4.372,4.645
2844.03,28,2.688,3.459,3.003,5.909,5.344,3.638,3.471,3.546,6.938,7.387,5.892,3.37,3.374,6.618,4.567,7.139,6.447,4.049,4.534,3.705,4.344,4.388,4.409,4.589
2845.03,28,2.647,3.539,2.953,5.936,5.366,3.594,3.511,3.426,6.916,7.376,5.897,3.338,3.39,6.671,4.545,7.131,6.472,4.02,4.525,3.749,4.305,4.369,4.433,4.582
2846.03,28,2.663,3.526,3.016,5.953,5.418,3.694,3.525,3.525,6.976,7.362,5.834,3.429,3.477,6.652,4.498,7.121,6.49,4.085,4.519,3.638,4.355,4.346,4.5,4.585
2847.03,28,2.689,3.407,3.017,5.937,5.323,3.605,3.555,3.522,6.913,7.343,5.857,3.306,3.36,6.592,4.585,7.17,6.424,4.16,4.463,3.686,4.318,4.358,4.332,4.614
2848.03,28,2.6,3.436,2.984,5.921,5.338,3.68,3.471,3.523,6.952,7.367,5.884,3.336,3.36,6.641,4.524,7.103,6.487,4.108,4.51,3.72,4.323,4.333,4.374,4.602
2849.03,28,2.708,3.377,2.959,5.981,5.391,3.646,3.582,3.491,6.947,7.358,5.89,3.313,3.424,6.586,4.532,7.149,6.506,4.06,4.508,3.697,4.322,4.279,4.377,4.598
2850.03,28,2.619,3.436,3.039,5.938,5.257,3.611,3.511,3.502,6.86,7.321,5.892,3.328,3.387,6.614,4.534,7.113,6.458,4.074,4.509,3.755,4.337,4.347,4.42,4.587
2851.03,28,2.633,3.34,2.998,5.894,5.357,3.655,3.435,3.491,6.904,7.384,5.926,3.386,3.405,6.581,4.535,7.089,6.512,4.054,4.474,3.677,4.288,4.339,4.373,4.538
2852.03,28,2.649,3.495,2.982,5.938,5.331,3.65,3.54,3.468,6.881,7.331,5.836,3.253,3.399,6.633,4.568,7.204,6.442,4.05,4.495,3.665,4.339,4.332,4.413,4.626
2853.03,28,2.588,3.465,2.953,5.919,5.427,3.583,3.546,3.508,6.835,7.376,5.92,3.27,3.431,6.527,4.542,7.181,6.467,4.112,4.488,3.648,4.352,4.364,4.414,4.567
2854.03,28,2.637,3.418,2.878,5.928,5.348,3.636,3.497,3.469,6.982,7.293,5.889,3.313,3.429,6.616,4.525,7.19,6.492,4.105,4.472,3.711,4.315,4.337,4.384,4.594
2855.03,28,2.691,3.398,2.99,5.879,5.296,3.61,3.536,3.532,6.957,7.315,5.885,3.23,3.343,6.589,4.561,7.104,6.472,4.125,4.514,3.669,4.323,4.387,4.346,4.553
2856.03,28,2.611,3.396,2.92,5.942,5.409,3.624,3.479,3.488,6.925,7.379,5.934,3.283,3.416,6.614,4.526,7.173,6.473,4.104,4.447,3.678,4.285,4.378,4.368,4.548
2857.03,28,2.661,3.361,2.976,5.845,5.245,3.628,3.448,3.518,6.941,7.353,5.822,3.275,3.348,6.585,4.531,7.166,6.452,4.077,4.486,3.734,4.247,4.372,4.396,4.562
2858.03,28,2.586,3.402,2.947,5.963,5.323,3.554,3.408,3.479,6.898,7.355,5.882,3.257,3.397,6.612,4.449,7.114,6.46,4.042,4.457,3.651,4.284,4.332,4.393,4.572
2859.03,28,2.644,3.422,2.993,5.925,5.323,3.579,3.454,3.455,6.883,7.384,5.893,3.296,3.378,6.61,4.552,7.178,6.452,4.055,4.452,3.643,4.228,4.276,4.453,4.609
2860.03,28,2.664,3.47,2.942,5.95,5.35,3.603,3.476,3.455,6.911,7.338,5.836,3.203,3.4,6.606,4.585,7.144,6.548,4.106,4.437,3.57,4.282,4.354,4.358,4.599
2861.03,28,2.629,3.371,2.898,5.912,5.343,3.588,3.465,3.471,6.923,7.404,5.9,3.196,3.39,6.686,4.508,7.089,6.508,4.026,4.449,3.644,4.274,4.352,4.385,4.588
2862.03,28,2.62,3.451,2.943,5.965,5.343,3.557,3.445,3.459,6.883,7.397,5.808,3.244,3.38,6.594,4.521,7.085,6.506,4.031,4.439,3.648,4.32,4.283,4.358,4.549
2863.03,28,2.594,3.363,2.926,5.984,5.354,3.593,3.439,3.425,6.933,7.299,5.853,3.18,3.373,6.606,4.525,7.129,6.483,4.03,4.459,3.664,4.235,4.268,4.437,4.568
2864.03,28,2.595,3.341,2.925,5.964,5.312,3.557,3.466,3.454,6.905,7.401,5.952,3.286,3.434,6.554,4.556,7.163,6.487,4.076,4.426,3.65,4.296,4.333,4.376,4.558
2865.03,28,2.635,3.421,2.94,5.916,5.367,3.655,3.513,3.44,6.926,7.368,5.862,3.293,3.365,6.631,4.554,7.12,6.402,4.068,4.47,3.616,4.356,4.32,4.367,4.522
2866.03,28,2.64,3.374,2.942,5.915,5.386,3.552,3.487,3.432,6.925,7.366,5.91,3.208,3.407,6.562,4.566,7.161,6.519,4.072,4.456,3.611,4.322,4.362,4.323,4.564
2867.03,28,2.618,3.351,2.881,5.912,5.333,3.543,3.437,3.455,6.837,7.397,5.903,3.26,3.355,6.63,4.556,7.132,6.515,3.972,4.407,3.637,4.254,4.366,4.43,4.587
2868.03,28,2.583,3.408,2.896,5.915,5.301,3.558,3.412,3.433,6.919,7.36,5.887,3.233,3.406,6.614,4.515,7.114,6.47,4.003,4.489,3.644,4.314,4.308,4.356,4.589
2869.03,28,2.604,3.408,2.896,5.891,5.321,3.55,3.443,3.462,6.922,7.273,5.885,3.233,3.372,6.614,4.538,7.181,6.457,4.06,4.505,3.629,4.311,4.29,4.36,4.533
2870.03,28,2.626,3.372,2.908,5.962,5.326,3.579,3.458,3.393,6.935,7.402,5.932,3.256,3.323,6.605,4.497,7.144,6.52,3.972,4.485,3.656,4.257,4.3,4.338,4.554
2871.03,28,2.611,3.377,2.896,5.945,5.408,3.551,3.406,3.406,6.941,7.403,5.815,3.244,3.294,6.559,4.522,7.108,6.522,4.056,4.431,3.601,4.309,4.229,4.378,4.563
2872.03,28,2.564,3.346,2.946,5.918,5.267,3.518,3.405,3.387,6.884,7.315,5.893,3.179,3.403,6.62,4.511,7.152,6.449,4.06,4.472,3.625,4.332,4.342,4.374,4.557
2873.03,28,2.583,3.328,2.888,5.997,5.33,3.552,3.427,3.486,6.845,7.324,5.876,3.176,3.334,6.503,4.504,7.128,6.495,4.012,4.432,3.645,4.26,4.339,4.393,4.637
2874.03,28,2.561,3.351,2.892,5.937,5.271,3.531,3.44,3.505,6.888,7.336,5.927,3.277,3.384,6.655,4.498,7.143,6.489,4.055,4.508,3.577,4.241,4.265,4.345,4.601
2875.03,28,2.546,3.357,2.898,5.927,5.273,3.521,3.456,3.399,6.924,7.37,5.94,3.224,3.375,6.62,4.528,7.028,6.482,4,4.387,3.594,4.307,4.282,4.37,4.555
2876.03,28,2.573,3.323,2.947,5.906,5.365,3.485,3.403,3.466,6.916,7.336,5.91,3.225,3.318,6.597,4.504,7.131,6.469,3.963,4.368,3.636,4.289,4.325,4.332,4.546
2877.03,28,2.534,3.368,2.921,5.968,5.377,3.557,3.432,3.467,6.893,7.329,5.951,3.234,3.319,6.589,4.438,7.16,6.52,3.993,4.457,3.561,4.308,4.24,4.327,4.575
2878.03,28,2.561,3.306,2.868,5.978,5.294,3.505,3.325,3.407,6.953,7.346,5.915,3.203,3.305,6.542,4.465,7.141,6.485,4.064,4.433,3.609,4.216,4.343,4.423,4.59
2879.03,28,2.596,3.4,2.898,5.959,5.348,3.527,3.381,3.375,6.922,7.336,5.863,3.236,3.259,6.614,4.496,7.116,6.452,4.04,4.469,3.666,4.213,4.25,4.35,4.524
2880.03,28,2.513,3.355,2.833,5.869,5.283,3.511,3.388,3.392,6.918,7.357,5.938,3.148,3.345,6.593,4.48,7.184,6.5,3.991,4.373,3.65,4.235,4.211,4.29,4.574
2881.03,28,2.564,3.291,2.84,5.917,5.38,3.524,3.378,3.365,6.853,7.395,5.897,3.169,3.309,6.606,4.474,7.101,6.473,4.032,4.377,3.575,4.258,4.272,4.386,4.516
2882.03,28,2.626,3.322,2.897,5.873,5.287,3.491,3.413,3.368,6.844,7.365,5.859,3.129,3.351,6.605,4.486,7.119,6.53,3.967,4.426,3.577,4.243,4.291,4.333,4.556
2883.03,28,2.532,3.369,2.837,5.971,5.387,3.536,3.355,3.412,6.933,7.381,5.868,3.164,3.312,6.544,4.522,7.099,6.457,3.982,4.398,3.622,4.264,4.27,4.324,4.521
2884.03,28,2.462,3.287,2.878,5.952,5.276,3.519,3.378,3.376,6.957,7.301,5.903,3.132,3.296,6.63,4.564,7.103,6.419,4.031,4.425,3.614,4.197,4.24,4.374,4.512
2885.03,28,2.559,3.344,2.87,5.883,5.287,3.509,3.419,3.446,6.908,7.349,5.907,3.149,3.254,6.645,4.52,7.16,6.447,4.024,4.401,3.63,4.237,4.224,4.325,4.576
2886.03,28,2.482,3.347,2.844,5.873,5.364,3.486,3.323,3.362,6.855,7.367,5.868,3.194,3.354,6.622,4.616,7.087,6.471,3.951,4.462,3.557,4.284,4.273,4.332,4.483
2887.03,28,2.513,3.33,2.876,5.9,5.28,3.544,3.373,3.339,6.899,7.356,5.87,3.176,3.297,6.63,4.51,7.11,6.512,4.054,4.367,3.531,4.236,4.185,4.328,4.505
2888.03,28,2.499,3.301,2.8,5.91,5.311,3.52,3.317,3.341,6.894,7.299,5.861,3.117,3.266,6.629,4.524,7.102,6.445,3.972,4.333,3.588,4.236,4.21,4.38,4.527
2889.03,28,2.523,3.35,2.823,5.957,5.393,3.496,3.36,3.373,6.865,7.408,5.912,3.18,3.296,6.636,4.518,7.139,6.461,3.966,4.379,3.609,4.2,4.231,4.337,4.518
2890.03,28,2.416,3.35,2.81,5.941,5.321,3.497,3.36,3.4,6.911,7.379,5.858,3.179,3.3,6.604,4.526,7.13,6.477,4.024,4.38,3.616,4.227,4.278,4.305,4.446
2891.03,28,2.524,3.335,2.835,5.882,5.361,3.482,3.417,3.473,6.902,7.333,5.889,3.137,3.336,6.596,4.511,7.12,6.467,3.937,4.415,3.555,4.163,4.347,4.382,4.525
2892.03,28,2.459,3.316,2.808,5.939,5.309,3.491,3.379,3.351,6.95,7.325,5.873,3.148,3.345,6.56,4.522,7.102,6.485,3.986,4.371,3.584,4.229,4.223,4.318,4.535
2893.03,28,2.475,3.268,2.821,5.917,5.433,3.483,3.392,3.363,6.909,7.376,5.95,3.182,3.284,6.582,4.5,7.15,6.489,3.968,4.436,3.565,4.264,4.276,4.323,4.515
2894.03,28,2.422,3.299,2.87,5.932,5.322,3.405,3.329,3.382,6.924,7.324,5.93,3.178,3.269,6.625,4.562,7.202,6.461,4.016,4.378,3.589,4.23,4.284,4.356,4.511
2895.03,28,2.493,3.256,2.822,5.89,5.412,3.46,3.375,3.349,6.93,7.35,5.905,3.134,3.351,6.599,4.519,7.055,6.443,4.033,4.378,3.629,4.201,4.292,4.296,4.51
2896.03,28,2.517,3.277,2.8,6.026,5.331,3.411,3.402,3.313,6.972,7.428,5.865,3.13,3.285,6.562,4.58,7.129,6.483,3.981,4.411,3.466,4.161,4.229,4.291,4.535
2897.03,28,2.512,3.349,2.773,5.921,5.319,3.463,3.397,3.344,6.925,7.363,5.842,3.155,3.306,6.606,4.484,7.173,6.511,3.974,4.387,3.574,4.204,4.271,4.35,4.539
2898.03,28,2.513,3.279,2.8,5.966,5.314,3.423,3.327,3.354,6.939,7.419,5.925,3.143,3.222,6.549,4.541,7.104,6.507,3.986,4.429,3.516,4.211,4.238,4.311,4.508
2899.03,28,2.492,3.268,2.749,5.877,5.332,3.419,3.379,3.323,6.922,7.307,5.863,3.045,3.246,6.555,4.487,7.136,6.499,3.929,4.294,3.486,4.21,4.238,4.315,4.531
2900.03,28,2.406,3.219,2.779,5.878,5.321,3.472,3.328,3.348,6.901,7.342,5.864,3.128,3.248,6.631,4.465,7.1,6.442,3.932,4.382,3.563,4.227,4.253,4.328,4.477
2901.03,28,2.443,3.287,2.74,5.918,5.348,3.487,3.427,3.289,6.943,7.328,5.943,3.151,3.258,6.592,4.498,7.093,6.531,3.935,4.343,3.502,4.201,4.239,4.298,4.527
2902.03,28,2.394,3.268,2.78,5.991,5.306,3.354,3.329,3.287,6.866,7.391,5.902,3.116,3.205,6.639,4.546,7.101,6.466,3.947,4.417,3.606,4.169,4.241,4.335,4.53
2903.03,28,2.472,3.189,2.794,5.915,5.336,3.459,3.325,3.269,6.893,7.363,5.907,3.082,3.269,6.615,4.516,7.152,6.534,3.918,4.346,3.542,4.132,4.269,4.277,4.461
2904.03,28,2.445,3.285,2.755,5.876,5.347,3.454,3.304,3.306,6.963,7.352,5.865,3.061,3.239,6.562,4.527,7.116,6.493,3.987,4.355,3.482,4.171,4.247,4.329,4.448
2905.03,28,2.457,3.246,2.79,5.928,5.351,3.475,3.393,3.307,6.902,7.42,5.881,3.113,3.287,6.594,4.53,7.105,6.533,3.951,4.351,3.597,4.197,4.212,4.29,4.435
2906.03,28,2.43,3.335,2.763,5.929,5.3,3.429,3.334,3.256,6.868,7.383,5.862,3.108,3.256,6.574,4.549,7.132,6.438,3.932,4.354,3.572,4.132,4.215,4.323,4.511
2907.03,28,2.432,3.266,2.803,5.934,5.302,3.427,3.315,3.287,6.903,7.377,5.956,3.068,3.19,6.591,4.541,7.154,6.516,3.9,4.363,3.495,4.228,4.284,4.315,4.512
2908.03,28,2.483,3.188,2.762,5.922,5.306,3.487,3.336,3.277,6.94,7.446,5.859,3.078,3.252,6.621,4.47,7.175,6.511,3.93,4.337,3.545,4.194,4.292,4.301,4.483
2909.03,28,2.53,3.196,2.789,5.971,5.385,3.441,3.278,3.295,6.921,7.379,5.902,3.135,3.309,6.584,4.586,7.126,6.491,3.89,4.351,3.515,4.153,4.161,4.288,4.439
2910.03,28,2.37,3.234,2.623,5.903,5.353,3.452,3.353,3.308,6.956,7.378,5.839,3.144,3.156,6.638,4.529,7.121,6.551,3.892,4.345,3.591,4.291,4.21,4.293,4.495
2911.03,28,2.384,3.162,2.728,5.911,5.332,3.39,3.387,3.354,6.963,7.429,5.853,3.102,3.184,6.596,4.537,7.076,6.475,3.918,4.344,3.642,4.154,4.215,4.331,4.495
2912.03,28,2.404,3.259,2.824,5.888,5.301,3.493,3.293,3.275,6.913,7.376,5.82,3.113,3.281,6.587,4.536,7.177,6.461,3.861,4.312,3.454,4.151,4.252,4.281,4.488
2913.03,28,2.385,3.191,2.726,5.898,5.342,3.417,3.304,3.31,6.936,7.378,5.886,3.027,3.189,6.596,4.57,7.114,6.512,3.925,4.354,3.542,4.106,4.195,4.36,4.428
2914.03,28,2.386,3.152,2.723,5.862,5.31,3.469,3.32,3.3,6.898,7.334,5.905,3.104,3.219,6.602,4.518,7.086,6.488,3.882,4.305,3.436,4.154,4.236,4.288,4.498
2915.03,28,2.399,3.231,2.688,5.943,5.258,3.38,3.297,3.247,6.891,7.377,5.873,3.076,3.21,6.587,4.582,7.137,6.467,3.901,4.372,3.484,4.186,4.181,4.296,4.444
2916.03,28,2.432,3.247,2.696,5.884,5.367,3.39,3.32,3.264,6.904,7.321,5.83,2.993,3.164,6.575,4.594,7.155,6.571,3.954,4.335,3.527,4.22,4.174,4.327,4.511
2917.03,28,2.391,3.154,2.787,5.886,5.32,3.321,3.346,3.29,6.85,7.345,5.879,3.096,3.207,6.539,4.501,7.105,6.506,3.933,4.356,3.46,4.135,4.162,4.282,4.459
2918.03,28,2.43,3.236,2.705,5.992,5.3,3.338,3.287,3.229,6.909,7.307,5.908,3.009,3.209,6.464,4.524,7.163,6.5,3.859,4.313,3.513,4.166,4.188,4.281,4.471
2919.03,28,2.368,3.167,2.742,5.94,5.339,3.432,3.324,3.224,6.893,7.331,5.895,3.018,3.213,6.635,4.523,7.195,6.54,3.923,4.311,3.494,4.1,4.24,4.274,4.508
2920.03,28,2.389,3.224,2.728,5.898,5.361,3.355,3.302,3.267,6.944,7.359,5.83,2.969,3.236,6.567,4.584,7.167,6.51,3.895,4.3,3.525,4.112,4.165,4.286,4.421
2921.03,28,2.436,3.188,2.728,5.969,5.382,3.368,3.321,3.262,6.864,7.356,5.892,2.999,3.172,6.666,4.513,7.075,6.512,3.877,4.324,3.526,4.161,4.153,4.231,4.505
2922.03,28,2.444,3.145,2.706,5.909,5.309,3.284,3.243,3.32,6.962,7.383,5.854,3.04,3.175,6.607,4.558,7.075,6.453,3.941,4.306,3.487,4.125,4.23,4.225,4.402
2923.03,28,2.448,3.194,2.664,5.938,5.337,3.402,3.278,3.288,6.889,7.367,5.87,3.019,3.201,6.635,4.469,7.122,6.515,3.958,4.282,3.493,4.077,4.179,4.224,4.446
2924.03,28,2.407,3.199,2.677,5.91,5.348,3.385,3.268,3.21,6.897,7.37,5.944,3.015,3.168,6.584,4.552,7.099,6.488,3.914,4.32,3.446,4.087,4.185,4.284,4.419
2925.03,28,2.348,3.16,2.717,5.923,5.316,3.396,3.292,3.25,6.979,7.385,5.943,3.058,3.157,6.633,4.555,7.096,6.479,3.87,4.244,3.531,4.108,4.16,4.262,4.49
2926.03,28,2.423,3.123,2.716,5.947,5.359,3.36,3.281,3.24,6.888,7.355,5.855,3.016,3.22,6.592,4.556,7.118,6.433,3.797,4.292,3.523,4.148,4.237,4.22,4.453
2927.03,28,2.355,3.177,2.722,5.899,5.345,3.328,3.279,3.24,6.842,7.359,5.849,2.93,3.175,6.582,4.529,7.103,6.465,3.94,4.261,3.546,4.132,4.146,4.254,4.407
2928.03,28,2.395,3.13,2.761,5.893,5.299,3.353,3.284,3.231,6.898,7.306,5.906,3.002,3.192,6.588,4.603,7.109,6.416,3.87,4.307,3.442,4.174,4.141,4.215,4.486
2929.03,28,2.422,3.163,2.638,5.932,5.237,3.306,3.262,3.22,6.905,7.395,5.842,2.97,3.192,6.586,4.477,7.131,6.424,3.878,4.287,3.533,4.131,4.147,4.216,4.371
2930.03,28,2.453,3.123,2.733,5.92,5.388,3.333,3.286,3.22,6.904,7.327,5.915,2.977,3.146,6.673,4.54,7.114,6.496,3.834,4.297,3.473,4.166,4.182,4.217,4.41
2931.03,28,2.431,3.194,2.706,5.917,5.345,3.363,3.24,3.197,6.913,7.371,5.94,2.914,3.152,6.563,4.521,7.144,6.486,3.863,4.282,3.491,4.108,4.152,4.266,4.454
2932.03,28,2.442,3.166,2.686,5.882,5.363,3.339,3.227,3.199,6.888,7.311,5.879,2.998,3.159,6.59,4.561,7.166,6.517,3.882,4.269,3.501,4.073,4.216,4.297,4.418
2933.03,28,2.406,3.127,2.637,5.914,5.302,3.311,3.233,3.165,6.902,7.32,5.85,3.019,3.082,6.627,4.492,7.162,6.451,3.853,4.339,3.463,4.071,4.12,4.228,4.438
2934.03,28,2.37,3.134,2.638,5.897,5.333,3.401,3.242,3.176,6.916,7.37,5.866,2.988,3.175,6.592,4.522,7.127,6.504,3.912,4.325,3.501,4.09,4.172,4.245,4.413
2935.03,28,2.386,3.133,2.701,5.841,5.332,3.39,3.215,3.213,6.977,7.335,5.814,3.007,3.152,6.613,4.555,7.148,6.551,3.893,4.284,3.435,4.121,4.104,4.277,4.476
2936.03,28,2.382,3.143,2.661,5.975,5.287,3.35,3.305,3.268,6.911,7.324,5.889,2.962,3.091,6.641,4.514,7.138,6.535,3.907,4.26,3.438,4.083,4.203,4.255,4.416
2937.03,28,2.364,3.134,2.646,5.933,5.3,3.314,3.186,3.187,6.855,7.341,5.876,2.972,3.16,6.635,4.452,7.073,6.533,3.811,4.255,3.422,4.08,4.111,4.252,4.443
2938.03,28,2.382,3.088,2.627,5.942,5.352,3.375,3.262,3.229,6.897,7.307,5.872,2.919,3.114,6.659,4.564,7.111,6.553,3.822,4.271,3.545,4.129,4.156,4.247,4.372
2939.03,28,2.407,3.058,2.672,5.931,5.323,3.333,3.218,3.121,6.99,7.396,5.859,2.976,3.131,6.571,4.556,7.147,6.473,3.859,4.343,3.426,4.099,4.149,4.225,4.422
2940.03,28,2.406,3.061,2.737,5.933,5.325,3.313,3.276,3.151,6.927,7.329,5.871,2.895,3.13,6.629,4.519,7.094,6.527,3.869,4.267,3.43,4.15,4.188,4.266,4.376
2941.03,28,2.442,3.139,2.577,5.907,5.369,3.307,3.234,3.175,6.9,7.364,5.885,2.988,3.156,6.652,4.555,7.075,6.512,3.82,4.264,3.472,4.166,4.211,4.278,4.401
2942.03,28,2.428,3.11,2.668,5.922,5.394,3.232,3.199,3.116,6.932,7.357,5.898,2.962,3.131,6.621,4.54,7.154,6.494,3.86,4.336,3.468,4.1,4.228,4.221,4.331
2943.03,28,2.383,3.094,2.612,5.869,5.326,3.347,3.206,3.15,6.91,7.353,5.849,2.943,3.099,6.618,4.565,7.127,6.452,3.875,4.29,3.478,4.081,4.178,4.258,4.417
2944.03,28,2.409,3.095,2.596,5.916,5.355,3.3,3.197,3.152,6.931,7.374,5.891,2.917,3.046,6.585,4.531,7.143,6.527,3.76,4.226,3.416,4.073,4.137,4.233,4.369
2945.03,28,2.437,3.048,2.709,5.951,5.376,3.296,3.224,3.205,6.903,7.382,5.871,2.904,3.088,6.605,4.61,7.15,6.524,3.842,4.263,3.489,4.047,4.112,4.21,4.4
2946.03,28,2.401,3.132,2.604,5.93,5.255,3.329,3.139,3.161,6.956,7.402,5.932,2.957,3.112,6.584,4.567,7.049,6.456,3.819,4.271,3.476,4.061,4.116,4.197,4.399
2947.03,28,2.397,3.069,2.59,5.896,5.317,3.342,3.178,3.144,6.902,7.353,5.923,2.948,3.141,6.671,4.522,7.101,6.506,3.813,4.296,3.475,4.123,4.094,4.195,4.442
2948.03,28,2.371,3.112,2.574,5.928,5.274,3.329,3.232,3.082,6.934,7.358,5.884,2.884,3.086,6.625,4.507,7.2,6.433,3.778,4.244,3.425,4.171,4.11,4.164,4.42
2949.03,28,2.405,3.052,2.616,5.933,5.358,3.263,3.197,3.111,6.922,7.362,5.913,2.86,3.098,6.544,4.541,7.199,6.459,3.827,4.255,3.336,4.07,4.092,4.179,4.442
2950.03,28,2.405,3.07,2.539,5.905,5.353,3.252,3.169,3.152,6.933,7.342,5.882,2.896,3.113,6.566,4.51,7.073,6.339,3.852,4.286,3.468,4.09,4.16,4.21,4.4
2951.03,28,2.411,3.001,2.597,5.851,5.321,3.356,3.164,3.189,6.895,7.364,5.852,2.882,3.102,6.6,4.54,7.084,6.527,3.864,4.189,3.41,4.092,4.093,4.173,4.405
2952.03,28,2.392,3.032,2.568,5.945,5.34,3.256,3.237,3.124,6.881,7.38,5.872,2.939,3.132,6.602,4.533,7.151,6.537,3.853,4.25,3.351,4.103,4.164,4.142,4.374
2953.03,28,2.419,3.12,2.569,5.908,5.304,3.308,3.151,3.115,6.927,7.366,5.862,2.877,3.064,6.621,4.55,7.125,6.454,3.814,4.205,3.467,4.07,4.132,4.186,4.384
2954.03,28,2.419,3.041,2.583,5.909,5.316,3.278,3.16,3.117,6.89,7.335,5.863,2.926,3.097,6.608,4.507,7.185,6.517,3.81,4.242,3.426,4.076,4.177,4.166,4.382
2955.03,28,2.405,2.995,2.571,5.915,5.241,3.225,3.104,3.087,6.888,7.315,5.928,2.928,3.144,6.574,4.528,7.162,6.482,3.787,4.206,3.387,4.101,4.136,4.228,4.347
2956.03,28,2.415,3.071,2.544,5.958,5.357,3.244,3.131,3.112,6.917,7.338,5.871,2.906,3.139,6.583,4.545,7.09,6.458,3.755,4.217,3.426,4.042,4.119,4.217,4.377
2957.03,28,2.411,3.02,2.585,5.908,5.355,3.268,3.182,3.103,6.924,7.418,5.855,2.964,3.067,6.61,4.578,7.113,6.471,3.871,4.205,3.42,4.008,4.094,4.209,4.331
2958.03,28,2.424,3.01,2.663,5.938,5.308,3.24,3.148,3.107,6.921,7.351,5.843,2.847,3.036,6.557,4.493,7.155,6.541,3.802,4.241,3.436,4.049,4.094,4.194,4.414
2959.03,28,2.44,3.008,2.654,5.927,5.315,3.261,3.152,3.146,6.878,7.352,5.867,2.892,3.068,6.6,4.532,7.068,6.452,3.81,4.157,3.406,4.009,4.063,4.19,4.399
2960.03,28,2.415,3.008,2.606,5.912,5.341,3.269,3.169,3.108,6.835,7.318,5.89,2.834,3.093,6.601,4.551,7.099,6.525,3.769,4.224,3.379,4.017,4.081,4.279,4.367
2961.03,28,2.415,2.983,2.568,5.894,5.322,3.266,3.154,3.078,6.936,7.353,5.931,2.875,3.007,6.598,4.577,7.151,6.496,3.779,4.203,3.413,4.101,4.148,4.227,4.37
2962.03,28,2.425,3.026,2.582,5.864,5.331,3.327,3.208,3.08,6.93,7.36,5.861,2.892,3.059,6.59,4.564,7.116,6.472,3.859,4.236,3.41,4.073,4.139,4.122,4.367
2963.03,28,2.411,3.025,2.592,5.907,5.314,3.254,3.2,3.135,6.939,7.344,5.831,2.859,3.038,6.608,4.567,7.182,6.513,3.783,4.169,3.408,4.007,4.089,4.132,4.352
2964.03,28,2.417,3.015,2.596,5.898,5.331,3.272,3.192,3.104,6.875,7.385,5.837,2.813,3.029,6.649,4.517,7.186,6.462,3.759,4.266,3.383,4.02,4.135,4.14,4.393
2965.03,28,2.406,3.003,2.545,5.934,5.342,3.263,3.119,3.109,6.897,7.38,5.882,2.884,3.025,6.557,4.519,7.146,6.511,3.761,4.216,3.421,4.035,4.102,4.199,4.333
2966.03,28,2.506,3.107,2.622,5.896,5.369,3.226,3.116,3.098,6.898,7.36,5.834,2.82,3.039,6.654,4.572,7.094,6.407,3.77,4.23,3.334,4.065,4.136,4.149,4.363
2967.03,28,2.457,3.027,2.588,5.903,5.306,3.218,3.109,3.087,6.911,7.344,5.933,2.844,3.06,6.633,4.54,7.109,6.506,3.764,4.19,3.434,4.018,4.068,4.202,4.283
2968.03,28,2.424,2.98,2.529,5.974,5.372,3.253,3.218,3.048,6.893,7.305,5.905,2.834,3.026,6.568,4.523,7.122,6.508,3.802,4.196,3.403,4.019,4.131,4.129,4.334
2969.03,28,2.389,2.993,2.543,5.876,5.33,3.256,3.121,3.04,6.908,7.388,5.848,2.785,3,6.544,4.546,7.13,6.45,3.838,4.195,3.414,4.004,4.091,4.195,4.324
2970.03,28,2.415,3.01,2.581,5.914,5.403,3.194,3.157,2.984,6.943,7.364,5.843,2.883,3.067,6.623,4.501,7.176,6.444,3.689,4.197,3.38,4.016,4.067,4.194,4.385
2971.03,28,2.404,3.001,2.529,5.952,5.334,3.246,3.076,3.062,6.924,7.398,5.874,2.881,3.053,6.661,4.486,7.125,6.479,3.764,4.206,3.353,4.008,4.092,4.154,4.328
2972.03,28,2.436,3.029,2.594,5.874,5.338,3.226,3.071,3.103,6.983,7.326,5.832,2.867,3.044,6.601,4.499,7.127,6.518,3.774,4.134,3.393,3.983,4.15,4.147,4.26
2973.03,28,2.447,2.965,2.482,5.954,5.297,3.222,3.101,3.019,6.895,7.361,5.883,2.81,3.041,6.59,4.476,7.147,6.483,3.745,4.133,3.327,4.043,4.135,4.053,4.299
2974.03,28,2.465,2.966,2.517,5.925,5.313,3.204,3.091,3.054,6.907,7.313,5.87,2.754,3.065,6.593,4.518,7.097,6.448,3.801,4.216,3.35,3.993,4.121,4.134,4.368
2975.03,28,2.396,2.983,2.551,5.896,5.323,3.193,3.153,3.024,6.929,7.319,5.904,2.833,3.009,6.614,4.609,7.134,6.504,3.785,4.156,3.332,3.958,4.101,4.146,4.342
2976.03,28,2.413,2.992,2.527,5.905,5.342,3.168,3.104,3.02,6.878,7.374,5.827,2.819,3.019,6.566,4.461,7.148,6.47,3.728,4.244,3.414,4.025,4.084,4.167,4.336
2977.03,28,2.387,2.965,2.572,5.898,5.423,3.2,3.078,3.016,6.906,7.401,5.877,2.775,3.072,6.598,4.504,7.077,6.465,3.752,4.129,3.402,3.972,4.129,4.203,4.307
2978.03,28,2.331,2.97,2.506,5.944,5.358,3.267,3.167,2.934,6.88,7.357,5.869,2.819,3.033,6.605,4.524,7.144,6.482,3.821,4.177,3.317,4,4.073,4.161,4.35
2979.03,28,2.44,2.953,2.533,5.892,5.349,3.19,3.043,3.026,6.887,7.365,5.877,2.819,2.987,6.534,4.52,7.125,6.452,3.717,4.122,3.318,4.014,4.159,4.199,4.314
2980.03,28,2.399,2.99,2.61,5.916,5.325,3.178,3.066,3.058,6.946,7.336,5.881,2.788,2.977,6.536,4.518,7.085,6.481,3.782,4.169,3.389,4.026,4.041,4.214,4.251
2981.03,28,2.508,2.938,2.531,5.926,5.284,3.203,3.064,3.015,6.926,7.359,5.906,2.752,3.088,6.602,4.489,7.123,6.494,3.789,4.177,3.366,4.002,4.023,4.145,4.279
2982.03,28,2.437,2.922,2.496,5.908,5.324,3.205,3.086,3.035,6.926,7.304,5.921,2.702,2.987,6.605,4.531,7.122,6.526,3.715,4.128,3.366,3.995,4.073,4.137,4.338
2983.03,28,2.412,2.877,2.502,5.903,5.366,3.206,3.083,3.001,6.96,7.397,5.898,2.737,3.044,6.544,4.523,7.15,6.464,3.767,4.164,3.325,4.003,4.057,4.167,4.297
2984.03,28,2.466,2.958,2.494,5.926,5.344,3.152,3.077,3.02,6.958,7.396,5.85,2.827,2.944,6.534,4.481,7.118,6.576,3.751,4.106,3.306,3.981,4.078,4.129,4.311
2985.03,28,2.471,2.935,2.431,5.953,5.392,3.117,3.125,3.01,6.938,7.313,5.821,2.8,2.959,6.594,4.572,7.12,6.485,3.789,4.181,3.413,4.003,4.037,4.138,4.289
2986.03,28,2.416,2.933,2.495,5.935,5.328,3.166,3.067,3.031,6.876,7.381,5.89,2.719,3.048,6.588,4.554,7.107,6.483,3.776,4.15,3.329,4,4.032,4.076,4.296
2987.03,28,2.341,2.926,2.533,5.922,5.331,3.174,3.028,3.039,6.911,7.414,5.891,2.757,3.026,6.572,4.527,7.152,6.437,3.713,4.098,3.338,3.965,4.074,4.105,4.33
2988.03,28,2.435,2.957,2.464,5.913,5.207,3.197,3.016,3.062,6.946,7.384,5.832,2.694,3.021,6.574,4.501,7.175,6.544,3.722,4.139,3.384,4.034,4.081,4.187,4.289
2989.03,28,2.386,2.886,2.477,5.857,5.279,3.186,3.045,2.994,6.887,7.41,5.888,2.773,2.944,6.587,4.534,7.07,6.476,3.707,4.161,3.436,3.976,4.065,4.129,4.252
2990.03,28,2.404,2.91,2.442,5.864,5.313,3.162,3.031,3.047,6.924,7.354,5.871,2.805,2.987,6.569,4.539,7.144,6.444,3.684,4.16,3.351,3.981,4.02,4.136,4.3
2991.03,28,2.523,2.929,2.487,5.933,5.322,3.179,3.065,2.977,6.87,7.358,5.903,2.773,2.955,6.541,4.47,7.114,6.458,3.716,4.111,3.298,3.921,4.045,4.077,4.381
2992.03,28,2.422,2.937,2.499,5.962,5.314,3.113,3.075,2.965,6.923,7.347,5.909,2.808,2.941,6.599,4.536,7.098,6.474,3.759,4.159,3.357,3.941,4.014,4.122,4.327
2993.03,28,2.43,2.912,2.415,5.937,5.365,3.114,3.023,2.939,6.921,7.358,5.86,2.763,3.02,6.545,4.458,7.13,6.471,3.718,4.168,3.33,4.058,4.006,4.13,4.255
2994.03,28,2.484,2.852,2.451,5.863,5.304,3.154,3.058,2.989,6.9,7.356,5.899,2.767,2.934,6.574,4.417,7.088,6.452,3.66,4.148,3.305,3.987,4.054,4.102,4.274
2995.03,28,2.373,2.877,2.432,5.921,5.373,3.199,3.043,2.903,6.927,7.318,5.94,2.771,2.937,6.616,4.564,7.186,6.513,3.683,4.107,3.316,3.885,4.075,4.098,4.25
2996.03,28,2.412,2.846,2.453,5.937,5.285,3.133,3.084,2.895,6.921,7.321,5.856,2.734,2.996,6.614,4.548,7.137,6.509,3.699,4.078,3.314,3.926,4.056,4.115,4.302
2997.03,28,2.466,2.836,2.409,5.905,5.311,3.152,3.047,2.969,6.913,7.344,5.903,2.705,2.914,6.563,4.576,7.022,6.521,3.667,4.063,3.356,3.926,3.966,4.038,4.253
2998.03,28,2.403,2.894,2.402,5.916,5.4,3.165,3.059,2.933,6.894,7.371,5.876,2.701,2.905,6.556,4.488,7.127,6.504,3.702,4.045,3.34,3.902,4.051,4.139,4.3
2999.03,28,2.412,2.831,2.441,5.859,5.348,3.195,3.049,3.056,6.86,7.353,5.927,2.685,2.973,6.574,4.506,7.141,6.46,3.735,4.059,3.306,3.913,3.979,4.104,4.228
3000.03,28,2.394,2.854,2.379,5.933,5.349,3.056,3.022,2.956,6.915,7.42,5.888,2.752,2.939,6.64,4.496,7.143,6.484,3.701,4.109,3.225,3.927,3.995,4.044,4.286
3001.03,28,2.503,2.87,2.417,5.91,5.342,3.109,3.005,2.907,6.947,7.391,5.909,2.667,2.878,6.556,4.515,7.133,6.494,3.667,4.14,3.275,3.991,4,4.113,4.262
3002.03,28,2.441,2.817,2.41,5.89,5.357,3.196,3.049,2.988,6.92,7.279,5.926,2.707,2.897,6.616,4.535,7.137,6.523,3.695,4.102,3.267,3.926,4.044,4.091,4.275
3003.03,28,2.414,2.849,2.397,5.954,5.31,3.082,3.037,2.887,6.916,7.417,5.888,2.731,2.891,6.552,4.485,7.134,6.478,3.649,4.079,3.282,3.981,4.004,4.049,4.301
3004.03,28,2.394,2.824,2.464,5.905,5.382,3.096,2.966,2.974,6.91,7.311,5.838,2.729,3.01,6.625,4.521,7.104,6.443,3.741,4.071,3.222,3.969,4.015,4.043,4.262
3005.03,28,2.474,2.839,2.38,5.907,5.32,3.109,3.033,2.918,6.949,7.292,5.85,2.629,2.862,6.648,4.537,7.164,6.522,3.642,4.092,3.269,3.924,4.084,4.116,4.198
3006.03,28,2.401,2.774,2.413,5.932,5.35,3.085,3.002,2.934,6.978,7.404,5.855,2.689,2.964,6.545,4.554,7.151,6.554,3.691,4.066,3.353,3.887,4.028,4.102,4.24
3007.03,28,2.45,2.842,2.48,5.888,5.349,3.139,3.019,2.963,6.886,7.364,5.937,2.701,2.918,6.632,4.592,7.164,6.423,3.677,4.066,3.288,3.875,3.981,4.068,4.247
3008.03,28,2.406,2.839,2.374,5.963,5.358,3.121,2.996,2.914,6.916,7.4,5.89,2.616,2.933,6.575,4.568,7.122,6.458,3.7,4.142,3.231,3.907,4.046,4.075,4.253
3009.03,28,2.418,2.831,2.436,5.949,5.299,3.139,3.041,2.869,6.944,7.332,5.88,2.652,2.89,6.607,4.534,7.14,6.489,3.633,4.082,3.337,3.968,4.026,4.106,4.221
3010.03,28,2.484,2.862,2.406,5.979,5.397,2.974,3.012,2.894,6.963,7.391,5.84,2.669,2.868,6.6,4.559,7.134,6.446,3.6,4.053,3.285,3.868,3.996,4.131,4.293
3011.03,28,2.436,2.823,2.429,5.924,5.271,3.111,2.982,2.939,6.835,7.31,5.915,2.714,2.824,6.676,4.564,7.125,6.442,3.68,4.091,3.262,3.91,3.94,4.047,4.242
3012.03,28,2.455,2.813,2.378,5.935,5.347,3.123,3.032,2.947,6.895,7.324,5.908,2.667,2.921,6.607,4.501,7.063,6.497,3.683,4.114,3.273,3.873,4.03,4.031,4.219
3013.03,28,2.447,2.76,2.393,5.838,5.309,3.077,2.968,2.812,6.949,7.329,5.892,2.704,2.835,6.57,4.547,7.08,6.456,3.685,4.142,3.238,3.813,3.976,4.053,4.198
3014.03,28,2.396,2.837,2.418,5.866,5.341,3.14,2.967,2.85,6.993,7.387,5.943,2.626,2.832,6.552,4.548,7.097,6.504,3.633,4.071,3.247,3.881,3.975,4.109,4.168
3015.03,28,2.446,2.835,2.431,5.949,5.4,3.066,2.999,2.887,6.881,7.375,5.807,2.627,2.824,6.636,4.539,7.114,6.457,3.613,4.077,3.243,3.904,4.017,4.09,4.28
3016.03,28,2.457,2.841,2.389,5.953,5.33,3.105,2.964,2.894,6.872,7.329,5.893,2.614,2.908,6.582,4.521,7.19,6.506,3.657,4.047,3.303,3.886,3.948,4.101,4.204
3017.03,28,2.442,2.759,2.456,5.919,5.327,3.029,2.95,2.858,6.918,7.313,5.846,2.619,2.838,6.629,4.521,7.132,6.479,3.608,4.058,3.308,3.884,3.99,4.074,4.23
3018.03,28,2.491,2.757,2.436,5.959,5.297,3.073,3.026,2.912,6.85,7.369,5.851,2.648,2.832,6.569,4.447,7.18,6.453,3.65,4.105,3.261,3.89,3.971,4.106,4.243
3019.03,28,2.467,2.737,2.353,5.881,5.333,3.061,3.022,2.927,7.006,7.306,5.883,2.576,2.827,6.609,4.558,7.124,6.548,3.611,4.057,3.197,3.955,4.01,4.074,4.197
3020.03,28,2.44,2.804,2.433,5.85,5.316,3.037,2.911,2.841,7.027,7.362,5.865,2.622,2.895,6.535,4.514,7.136,6.461,3.584,4.08,3.235,3.889,4.008,4.105,4.2
3021.03,28,2.481,2.8,2.5,5.883,5.332,3.069,2.972,2.834,6.993,7.453,5.804,2.6,2.866,6.595,4.512,7.191,6.541,3.67,4.066,3.267,3.967,3.959,4.069,4.226
3022.03,28,2.432,2.742,2.456,5.926,5.286,3.102,2.967,2.889,6.935,7.389,5.886,2.594,2.876,6.597,4.521,7.078,6.508,3.69,4.049,3.221,3.861,3.935,4.047,4.161
3023.03,28,2.407,2.729,2.415,5.95,5.384,3.043,2.939,2.897,6.877,7.391,5.955,2.61,2.817,6.643,4.529,7.219,6.388,3.618,4.048,3.213,3.873,3.966,4.076,4.224
3024.03,28,2.42,2.759,2.449,5.983,5.327,3.003,2.965,2.911,6.97,7.383,5.903,2.609,2.851,6.641,4.537,7.141,6.475,3.631,4.013,3.267,3.879,3.992,4.112,4.196
3025.03,28,2.526,2.715,2.417,5.905,5.335,3.045,2.945,2.843,6.911,7.359,5.894,2.624,2.817,6.572,4.499,7.169,6.549,3.592,4.026,3.289,3.903,3.93,4.039,4.201
3026.03,28,2.373,2.848,2.437,5.92,5.369,3.019,2.946,2.801,6.939,7.43,5.897,2.648,2.875,6.639,4.534,7.099,6.459,3.628,4.047,3.241,3.872,3.963,4.114,4.228
3027.03,28,2.418,2.791,2.421,5.894,5.296,3.087,2.92,2.831,6.91,7.382,5.805,2.63,2.81,6.623,4.483,7.16,6.45,3.637,4.029,3.22,3.898,3.985,4.027,4.182
3028.03,28,2.456,2.775,2.434,5.967,5.391,3.044,2.944,2.866,6.959,7.414,5.91,2.546,2.835,6.58,4.498,7.173,6.491,3.594,4.095,3.257,3.92,3.969,4.077,4.247
3029.03,28,2.479,2.767,2.396,5.961,5.374,3.043,2.99,2.874,6.944,7.333,5.878,2.594,2.839,6.578,4.497,7.121,6.5,3.63,4.009,3.245,3.973,3.981,4.071,4.222
3030.03,28,2.46,2.736,2.419,5.904,5.326,2.971,2.843,2.831,6.965,7.341,5.874,2.576,2.847,6.529,4.546,7.165,6.511,3.591,4.076,3.27,3.869,3.942,4.064,4.24
3031.03,28,2.394,2.809,2.387,5.881,5.285,3.048,2.922,2.766,6.907,7.429,5.907,2.578,2.815,6.589,4.486,7.177,6.457,3.604,4.057,3.221,3.841,3.925,4.081,4.218
3032.03,28,2.432,2.812,2.462,5.942,5.36,3.032,2.865,2.848,6.945,7.368,5.916,2.547,2.803,6.568,4.542,7.155,6.448,3.611,3.939,3.313,3.852,3.923,4.065,4.131
3033.03,28,2.474,2.748,2.465,5.936,5.334,3.035,2.924,2.814,6.88,7.328,5.888,2.612,2.75,6.644,4.543,7.167,6.46,3.654,3.988,3.271,3.876,3.954,4.027,4.211
3034.03,28,2.526,2.764,2.513,5.885,5.31,3.033,2.935,2.796,6.918,7.4,5.852,2.552,2.835,6.61,4.516,7.087,6.512,3.6,4.059,3.185,3.904,3.966,4.066,4.191
3035.03,28,2.451,2.699,2.373,5.895,5.349,2.902,3.018,2.811,6.96,7.373,5.869,2.545,2.807,6.668,4.519,7.124,6.52,3.614,4.022,3.253,3.87,3.925,4.008,4.136
3036.03,28,2.437,2.784,2.39,5.975,5.34,3.009,2.889,2.807,6.898,7.397,5.886,2.532,2.797,6.669,4.53,7.125,6.538,3.584,3.996,3.228,3.807,3.943,4.042,4.133
3037.03,28,2.443,2.779,2.358,5.907,5.327,2.998,2.886,2.772,6.877,7.427,5.908,2.511,2.823,6.646,4.479,7.064,6.463,3.62,4.01,3.237,3.839,3.971,4.005,4.249
3038.03,28,2.528,2.756,2.486,5.927,5.392,2.878,2.918,2.719,6.9,7.324,5.839,2.535,2.804,6.576,4.555,7.145,6.547,3.57,4.014,3.216,3.86,3.926,4.043,4.135
3039.03,28,2.461,2.711,2.43,5.916,5.317,3.045,2.898,2.776,6.86,7.363,5.91,2.56,2.809,6.665,4.599,7.142,6.448,3.615,4.001,3.187,3.864,3.923,4.043,4.113
3040.03,28,2.442,2.774,2.459,5.95,5.337,2.921,2.863,2.789,6.882,7.347,5.866,2.521,2.851,6.599,4.529,7.109,6.453,3.583,3.997,3.279,3.883,4.034,3.973,4.145
3041.03,28,2.495,2.75,2.417,5.908,5.248,2.967,2.866,2.808,6.913,7.365,5.907,2.545,2.784,6.63,4.516,7.11,6.497,3.571,4.046,3.184,3.862,3.939,3.997,4.177
3042.03,28,2.406,2.726,2.537,5.939,5.311,2.951,2.888,2.73,6.859,7.363,5.904,2.549,2.776,6.59,4.557,7.109,6.498,3.536,3.936,3.254,3.854,3.988,4.034,4.192
3043.03,28,2.446,2.775,2.474,5.906,5.33,2.984,2.896,2.794,6.91,7.349,5.88,2.519,2.752,6.648,4.505,7.135,6.495,3.528,4.019,3.19,3.845,3.9,3.992,4.175
3044.03,28,2.447,2.783,2.435,5.952,5.336,2.976,2.847,2.771,6.922,7.411,5.909,2.519,2.748,6.618,4.532,7.161,6.478,3.629,3.986,3.197,3.831,3.947,3.952,4.156
3045.03,28,2.499,2.705,2.446,5.951,5.386,2.953,2.979,2.806,6.96,7.416,5.911,2.595,2.84,6.564,4.464,7.146,6.46,3.605,4.04,3.178,3.827,3.932,3.991,4.202
3046.03,28,2.544,2.79,2.396,6.004,5.391,2.919,2.862,2.782,6.935,7.324,5.894,2.513,2.767,6.575,4.511,7.115,6.502,3.596,3.989,3.19,3.859,3.93,3.99,4.141
3047.03,28,2.485,2.791,2.432,5.959,5.335,2.987,2.887,2.775,6.859,7.392,5.888,2.505,2.752,6.596,4.531,7.109,6.454,3.548,4.012,3.154,3.832,3.944,4.017,4.158
3048.03,28,2.404,2.778,2.424,5.786,5.302,2.887,2.882,2.742,6.959,7.402,5.907,2.491,2.794,6.589,4.478,7.131,6.521,3.53,3.974,3.256,3.867,3.939,3.973,4.163
3049.03,28,2.497,2.734,2.391,5.93,5.297,2.894,2.887,2.799,6.904,7.414,5.93,2.423,2.771,6.578,4.507,7.169,6.523,3.575,3.942,3.189,3.838,3.868,3.983,4.139
3050.03,28,2.504,2.787,2.439,5.914,5.275,2.928,2.907,2.771,6.931,7.393,5.894,2.552,2.793,6.59,4.529,7.109,6.519,3.527,3.963,3.217,3.844,3.965,4.015,4.136
3051.03,28,2.527,2.809,2.44,5.939,5.284,2.932,2.823,2.792,6.985,7.388,5.845,2.467,2.755,6.592,4.525,7.117,6.513,3.546,3.986,3.205,3.876,3.968,4.029,4.094
3052.03,28,2.367,2.749,2.391,5.926,5.273,2.913,2.862,2.737,6.944,7.379,5.924,2.472,2.763,6.555,4.523,7.152,6.502,3.555,3.955,3.183,3.76,3.95,4.078,4.139
3053.03,28,2.476,2.809,2.476,5.92,5.314,2.844,2.859,2.717,6.909,7.369,5.89,2.502,2.732,6.586,4.508,7.176,6.521,3.54,3.974,3.191,3.811,3.893,4.016,4.167
3054.03,28,2.411,2.735,2.38,5.952,5.403,2.885,2.809,2.697,6.92,7.379,5.882,2.518,2.714,6.599,4.535,7.082,6.413,3.598,3.963,3.15,3.857,3.907,4.013,4.188
3055.03,28,2.438,2.774,2.444,5.88,5.319,2.894,2.87,2.733,6.877,7.389,5.879,2.45,2.783,6.607,4.471,7.134,6.42,3.523,3.953,3.149,3.785,3.93,4.007,4.166
3056.03,28,2.512,2.802,2.42,5.906,5.268,2.887,2.822,2.717,6.923,7.348,5.88,2.453,2.678,6.629,4.547,7.143,6.519,3.579,3.938,3.164,3.821,3.914,4.002,4.131
3057.03,28,2.503,2.727,2.467,5.951,5.381,2.868,2.788,2.71,6.946,7.361,5.912,2.475,2.758,6.586,4.521,7.124,6.486,3.529,3.935,3.166,3.869,3.905,4.028,4.116
3058.03,28,2.43,2.73,2.444,5.919,5.288,2.861,2.795,2.732,6.867,7.345,5.957,2.468,2.768,6.601,4.532,7.124,6.489,3.641,3.968,3.155,3.798,3.872,4.036,4.151
3059.03,28,2.435,2.781,2.404,5.953,5.307,2.81,2.892,2.745,6.921,7.352,5.904,2.442,2.751,6.63,4.58,7.117,6.523,3.557,3.964,3.125,3.787,3.841,3.922,4.117
3060.03,28,2.403,2.824,2.442,5.943,5.294,2.869,2.812,2.741,6.914,7.369,5.887,2.539,2.684,6.667,4.561,7.12,6.477,3.529,3.947,3.188,3.781,3.938,3.954,4.172
3061.03,28,2.419,2.819,2.409,5.885,5.334,2.841,2.794,2.71,6.879,7.364,5.87,2.458,2.741,6.663,4.506,7.14,6.488,3.565,3.884,3.143,3.711,3.933,3.982,4.097
3062.03,28,2.505,2.804,2.419,5.915,5.342,2.82,2.833,2.647,6.886,7.366,5.881,2.428,2.741,6.623,4.51,7.103,6.484,3.517,3.963,3.116,3.779,3.885,4.018,4.213
3063.03,28,2.497,2.874,2.458,5.867,5.314,2.842,2.811,2.736,6.954,7.316,5.821,2.468,2.718,6.602,4.507,7.152,6.491,3.515,3.917,3.137,3.858,3.932,3.987,4.076
3064.03,28,2.489,2.787,2.467,5.904,5.294,2.955,2.862,2.655,6.994,7.337,5.834,2.552,2.749,6.629,4.55,7.154,6.465,3.494,3.984,3.143,3.792,3.894,3.958,4.14
3065.03,28,2.474,2.782,2.423,5.913,5.373,2.904,2.808,2.607,6.844,7.297,5.853,2.381,2.69,6.594,4.559,7.169,6.468,3.458,3.956,3.214,3.816,3.856,3.937,4.054
3066.03,28,2.412,2.77,2.475,5.955,5.311,2.866,2.837,2.716,6.906,7.335,5.924,2.451,2.697,6.588,4.475,7.131,6.556,3.498,3.925,3.142,3.797,3.879,3.927,4.143
3067.03,28,2.436,2.78,2.41,5.891,5.35,2.875,2.779,2.695,6.947,7.374,5.87,2.399,2.746,6.666,4.493,7.107,6.476,3.512,3.942,3.121,3.825,3.877,3.942,4.086
3068.03,28,2.461,2.835,2.458,5.869,5.347,2.876,2.845,2.683,6.904,7.324,5.868,2.436,2.7,6.586,4.468,7.085,6.468,3.498,3.922,3.147,3.756,3.906,3.939,4.104
3069.03,28,2.5,2.814,2.444,5.931,5.347,2.808,2.845,2.686,6.934,7.419,5.894,2.414,2.686,6.579,4.534,7.08,6.479,3.505,3.941,3.2,3.733,3.858,3.928,4.096
3070.03,28,2.473,2.731,2.401,5.904,5.319,2.862,2.815,2.667,6.9,7.382,5.867,2.38,2.676,6.591,4.514,7.15,6.463,3.494,3.921,3.122,3.786,3.9,3.923,4.079
3071.03,28,2.472,2.785,2.45,5.925,5.37,2.83,2.862,2.687,6.911,7.424,5.918,2.392,2.66,6.568,4.513,7.153,6.548,3.439,3.928,3.125,3.734,3.947,3.972,4.047
3072.03,28,2.475,2.764,2.405,5.905,5.33,2.863,2.79,2.659,6.87,7.367,5.898,2.318,2.632,6.681,4.533,7.109,6.496,3.52,3.911,3.129,3.672,3.849,4.009,4.145
3073.03,28,2.441,2.731,2.439,5.953,5.322,2.799,2.773,2.655,6.981,7.358,5.897,2.313,2.725,6.618,4.515,7.145,6.464,3.572,3.913,3.084,3.784,3.917,3.956,4.105
3074.03,28,2.431,2.795,2.429,5.945,5.379,2.866,2.777,2.68,6.889,7.417,5.874,2.37,2.676,6.565,4.507,7.114,6.556,3.468,3.909,3.161,3.769,3.862,3.981,4.064
3075.03,28,2.485,2.788,2.464,5.936,5.375,2.824,2.78,2.709,6.868,7.364,5.856,2.406,2.667,6.578,4.497,7.103,6.482,3.506,3.883,3.101,3.76,3.874,3.987,4.106
3076.03,28,2.518,2.807,2.435,5.938,5.394,2.827,2.81,2.627,6.951,7.377,5.884,2.434,2.675,6.601,4.573,7.119,6.41,3.502,3.898,3.15,3.804,3.843,3.917,4.098
3077.03,28,2.418,2.846,2.497,5.885,5.388,2.83,2.774,2.705,6.914,7.348,5.89,2.423,2.663,6.606,4.52,7.107,6.545,3.443,3.865,3.112,3.76,3.892,3.979,4.104
3078.03,28,2.432,2.796,2.451,5.955,5.365,2.833,2.728,2.556,6.895,7.359,5.869,2.364,2.691,6.609,4.541,7.084,6.511,3.531,3.925,3.111,3.758,3.883,3.972,4.094
3079.03,28,2.511,2.854,2.465,5.91,5.342,2.882,2.795,2.563,6.957,7.384,5.851,2.447,2.64,6.647,4.551,7.101,6.447,3.493,3.841,3.116,3.718,3.835,3.952,4.094
3080.03,28,2.41,2.837,2.443,5.897,5.308,2.837,2.833,2.561,6.919,7.333,5.899,2.412,2.671,6.562,4.509,7.139,6.434,3.509,3.961,3.131,3.74,3.798,3.931,4.137
3081.03,28,2.496,2.795,2.467,5.907,5.35,2.816,2.766,2.646,6.948,7.364,5.876,2.363,2.67,6.611,4.533,7.162,6.505,3.433,3.833,3.142,3.776,3.835,3.961,4.112
3082.03,28,2.524,2.761,2.453,5.918,5.221,2.769,2.707,2.585,6.929,7.319,5.848,2.431,2.646,6.623,4.587,7.105,6.444,3.435,3.901,3.147,3.787,3.853,3.9,4.073
3083.03,28,2.373,2.853,2.434,5.923,5.312,2.727,2.765,2.643,6.906,7.329,5.815,2.393,2.588,6.593,4.602,7.165,6.426,3.552,3.857,3.175,3.778,3.884,3.889,4.079
3084.03,28,2.409,2.746,2.484,5.917,5.288,2.858,2.749,2.617,6.911,7.354,5.915,2.38,2.621,6.569,4.516,7.166,6.483,3.448,3.894,3.082,3.759,3.824,3.963,4.058
3085.03,28,2.493,2.793,2.453,5.949,5.264,2.782,2.748,2.548,6.902,7.4,5.845,2.41,2.65,6.605,4.541,7.14,6.483,3.505,3.854,3.128,3.731,3.753,3.898,4.102
3086.03,28,2.48,2.76,2.462,5.892,5.331,2.79,2.81,2.568,6.841,7.332,5.871,2.426,2.621,6.544,4.576,7.146,6.559,3.427,3.841,3.106,3.676,3.797,3.941,4.08
3087.03,28,2.486,2.816,2.453,5.87,5.301,2.817,2.71,2.578,6.879,7.329,5.855,2.425,2.6,6.61,4.539,7.098,6.429,3.448,3.879,3.097,3.777,3.84,3.918,4.032
3088.03,28,2.466,2.792,2.44,5.943,5.342,2.82,2.762,2.607,6.904,7.339,5.889,2.423,2.651,6.529,4.574,7.142,6.476,3.485,3.917,3.092,3.74,3.876,3.92,4.052
3089.03,28,2.396,2.774,2.415,5.922,5.284,2.743,2.763,2.546,6.896,7.383,5.893,2.368,2.591,6.593,4.547,7.124,6.511,3.49,3.843,3.047,3.709,3.791,3.922,4.158
3090.03,28,2.433,2.835,2.489,5.895,5.344,2.858,2.764,2.671,6.957,7.344,5.866,2.439,2.618,6.549,4.541,7.205,6.476,3.461,3.843,3.046,3.704,3.817,3.928,4.116
3091.03,28,2.532,2.829,2.385,5.984,5.296,2.761,2.724,2.597,6.937,7.334,5.895,2.466,2.616,6.665,4.616,7.163,6.516,3.349,3.858,3.069,3.783,3.854,3.933,4.116
3092.03,28,2.404,2.766,2.464,5.96,5.384,2.788,2.679,2.59,6.916,7.339,5.845,2.449,2.591,6.67,4.517,7.128,6.45,3.403,3.8,3.151,3.693,3.87,3.917,4.053
3093.03,28,2.487,2.816,2.525,5.918,5.353,2.745,2.706,2.608,6.901,7.271,5.865,2.417,2.612,6.575,4.541,7.139,6.439,3.415,3.837,3.064,3.74,3.875,3.868,4.019
3094.03,28,2.433,2.77,2.455,5.913,5.275,2.699,2.715,2.646,6.888,7.345,5.882,2.445,2.632,6.601,4.475,7.162,6.479,3.477,3.762,3.128,3.724,3.789,3.932,3.988
3095.03,28,2.531,2.749,2.514,5.962,5.258,2.807,2.76,2.623,6.888,7.336,5.832,2.392,2.563,6.615,4.561,7.085,6.518,3.403,3.835,3.114,3.673,3.785,3.901,4.062
3096.03,28,2.479,2.746,2.435,5.949,5.322,2.742,2.73,2.582,6.885,7.376,5.845,2.39,2.591,6.605,4.497,7.15,6.475,3.416,3.831,3.094,3.713,3.811,3.934,4.031
3097.03,28,2.552,2.814,2.471,5.921,5.317,2.771,2.755,2.593,6.973,7.342,5.879,2.403,2.621,6.551,4.556,7.126,6.501,3.423,3.832,3.098,3.663,3.848,3.942,4.005
3098.03,28,2.506,2.778,2.417,5.92,5.321,2.765,2.792,2.637,6.943,7.388,5.818,2.402,2.55,6.63,4.507,7.05,6.531,3.429,3.85,3.057,3.715,3.795,3.886,4.032
3099.03,28,2.405,2.765,2.426,5.927,5.325,2.752,2.7,2.568,6.925,7.39,5.86,2.438,2.594,6.559,4.548,7.102,6.484,3.336,3.862,3.041,3.71,3.793,3.906,4.056
3100.03,28,2.517,2.797,2.468,5.928,5.395,2.764,2.718,2.592,6.943,7.335,5.883,2.415,2.541,6.613,4.561,7.152,6.501,3.426,3.768,3.111,3.675,3.806,3.86,4.021
3101.03,28,2.422,2.814,2.438,5.902,5.352,2.788,2.762,2.641,6.961,7.377,5.889,2.396,2.586,6.593,4.552,7.179,6.455,3.405,3.88,3.047,3.654,3.767,3.888,4.046
3102.03,28,2.502,2.856,2.472,5.9,5.377,2.762,2.688,2.576,6.926,7.35,5.982,2.44,2.596,6.588,4.535,7.086,6.457,3.486,3.847,3.026,3.669,3.807,3.91,4
3103.03,28,2.44,2.865,2.366,5.944,5.387,2.746,2.69,2.576,6.912,7.383,5.927,2.371,2.531,6.568,4.543,7.063,6.422,3.436,3.81,3.075,3.693,3.793,3.904,4.027
3104.03,28,2.486,2.755,2.449,5.931,5.269,2.777,2.672,2.621,6.963,7.38,5.93,2.367,2.588,6.64,4.512,7.143,6.509,3.416,3.828,3.084,3.661,3.777,3.866,4.074
3105.03,28,2.507,2.835,2.37,5.953,5.327,2.765,2.682,2.614,6.94,7.296,5.914,2.427,2.586,6.618,4.584,7.19,6.532,3.444,3.816,3.019,3.647,3.799,3.893,4.061
3106.03,28,2.453,2.808,2.389,6.022,5.369,2.77,2.658,2.594,6.886,7.415,5.943,2.397,2.539,6.593,4.586,7.116,6.488,3.418,3.792,3.063,3.658,3.748,3.891,4.011
3107.03,28,2.498,2.808,2.52,5.985,5.319,2.702,2.664,2.682,6.9,7.421,5.86,2.435,2.604,6.694,4.558,7.119,6.466,3.295,3.795,3.053,3.698,3.763,3.842,4.04
3108.03,28,2.524,2.847,2.49,5.871,5.299,2.792,2.672,2.569,6.928,7.371,5.853,2.337,2.582,6.616,4.563,7.159,6.455,3.418,3.816,3.048,3.688,3.811,3.842,4.066
3109.03,28,2.549,2.773,2.447,5.927,5.362,2.753,2.713,2.608,6.97,7.373,5.874,2.401,2.583,6.564,4.517,7.178,6.527,3.431,3.816,3.066,3.655,3.772,3.883,3.998
3110.03,28,2.421,2.79,2.451,5.944,5.284,2.704,2.702,2.656,6.862,7.358,5.93,2.474,2.53,6.646,4.515,7.1,6.447,3.391,3.814,2.981,3.58,3.809,3.825,4.066
3111.03,28,2.504,2.768,2.463,5.93,5.326,2.723,2.67,2.622,6.902,7.359,5.843,2.442,2.534,6.644,4.554,7.083,6.479,3.406,3.871,2.994,3.649,3.758,3.91,3.994
3112.03,28,2.438,2.829,2.565,5.851,5.328,2.719,2.674,2.607,6.955,7.364,5.886,2.415,2.591,6.616,4.558,7.059,6.408,3.465,3.776,3.058,3.618,3.757,3.944,4.012
3113.03,28,2.434,2.855,2.421,6.005,5.343,2.654,2.699,2.556,6.895,7.418,5.883,2.426,2.513,6.639,4.552,7.096,6.478,3.397,3.776,3.024,3.64,3.821,3.841,4.014
3114.03,28,2.456,2.811,2.439,5.987,5.331,2.674,2.65,2.576,6.901,7.359,5.888,2.351,2.581,6.588,4.492,7.15,6.451,3.376,3.834,3.06,3.644,3.779,3.848,3.953
3115.03,28,2.491,2.846,2.481,5.952,5.309,2.661,2.665,2.559,6.942,7.305,5.847,2.381,2.522,6.638,4.5,7.129,6.506,3.411,3.792,2.998,3.654,3.699,3.858,4.018
3116.03,28,2.509,2.849,2.441,5.849,5.312,2.676,2.643,2.57,6.919,7.394,5.846,2.441,2.555,6.597,4.453,7.125,6.486,3.366,3.761,3.032,3.65,3.784,3.871,3.992
3117.03,28,2.434,2.841,2.442,5.963,5.305,2.743,2.595,2.566,6.941,7.35,5.947,2.424,2.609,6.606,4.531,7.148,6.46,3.42,3.726,3.032,3.639,3.715,3.873,4.038
3118.03,28,2.459,2.826,2.469,5.841,5.368,2.636,2.66,2.637,6.901,7.318,5.895,2.416,2.547,6.644,4.561,7.111,6.508,3.341,3.777,3.017,3.647,3.764,3.88,3.975
3119.03,28,2.43,2.797,2.478,5.894,5.332,2.702,2.675,2.57,6.951,7.395,5.861,2.367,2.465,6.577,4.524,7.129,6.496,3.325,3.781,3.016,3.685,3.713,3.849,3.955
3120.03,28,2.473,2.883,2.44,5.921,5.351,2.678,2.664,2.634,6.884,7.407,5.889,2.42,2.489,6.663,4.48,7.097,6.417,3.348,3.805,3.001,3.64,3.772,3.787,3.99
3121.03,28,2.486,2.83,2.399,5.899,5.361,2.674,2.686,2.608,6.947,7.353,5.889,2.44,2.514,6.589,4.541,7.089,6.477,3.367,3.771,3.009,3.654,3.712,3.858,3.935
3122.03,28,2.43,2.809,2.472,5.865,5.228,2.713,2.609,2.56,6.954,7.365,5.857,2.451,2.503,6.629,4.512,7.156,6.527,3.351,3.784,2.993,3.618,3.764,3.861,3.953
3123.03,28,2.473,2.799,2.406,5.914,5.33,2.606,2.652,2.579,7.006,7.355,5.922,2.4,2.53,6.628,4.54,7.078,6.503,3.354,3.717,2.984,3.61,3.68,3.869,4.031
3124.03,28,2.5,2.884,2.471,5.933,5.385,2.653,2.662,2.559,6.889,7.372,5.873,2.429,2.509,6.637,4.484,7.17,6.504,3.371,3.705,2.963,3.621,3.749,3.784,4.028
3125.03,28,2.529,2.784,2.462,5.967,5.373,2.642,2.631,2.568,6.892,7.355,5.867,2.469,2.473,6.636,4.574,7.191,6.464,3.365,3.768,3.037,3.615,3.771,3.842,4.027
3126.03,28,2.492,2.782,2.461,5.947,5.308,2.619,2.597,2.652,6.872,7.413,5.89,2.404,2.525,6.618,4.555,7.122,6.479,3.3,3.742,2.946,3.643,3.753,3.888,4.017
3127.03,28,2.424,2.785,2.496,5.943,5.346,2.616,2.656,2.574,6.92,7.372,5.862,2.43,2.523,6.658,4.522,7.105,6.477,3.395,3.758,3.025,3.654,3.721,3.863,3.971
3128.03,28,2.429,2.791,2.461,5.985,5.362,2.678,2.658,2.583,6.985,7.333,5.803,2.471,2.503,6.57,4.499,7.096,6.492,3.378,3.707,2.97,3.657,3.804,3.879,3.998
3129.03,28,2.479,2.825,2.467,5.917,5.337,2.64,2.493,2.556,6.933,7.341,5.925,2.393,2.51,6.617,4.64,7.132,6.48,3.386,3.726,3.058,3.582,3.707,3.751,4.064
3130.03,28,2.442,2.795,2.442,5.974,5.372,2.694,2.593,2.577,6.881,7.313,5.919,2.354,2.551,6.653,4.471,7.06,6.473,3.332,3.709,2.983,3.628,3.746,3.823,3.962
3131.03,28,2.478,2.759,2.474,5.939,5.356,2.679,2.558,2.657,6.94,7.342,5.905,2.341,2.464,6.625,4.497,7.103,6.467,3.385,3.701,2.973,3.545,3.679,3.835,4.038
3132.03,28,2.465,2.822,2.501,5.951,5.275,2.598,2.612,2.551,6.971,7.329,5.914,2.428,2.5,6.552,4.468,7.119,6.501,3.307,3.752,2.979,3.587,3.747,3.872,3.953
3133.03,28,2.446,2.786,2.466,5.946,5.307,2.562,2.639,2.48,6.943,7.344,5.904,2.447,2.525,6.605,4.514,7.031,6.441,3.381,3.72,2.963,3.65,3.794,3.812,3.963
3134.03,28,2.477,2.8,2.452,5.93,5.305,2.625,2.637,2.565,6.914,7.371,5.909,2.434,2.494,6.558,4.563,7.159,6.491,3.341,3.779,2.959,3.57,3.772,3.817,3.934
3135.03,28,2.528,2.762,2.469,5.929,5.311,2.566,2.658,2.603,6.952,7.387,5.877,2.438,2.547,6.62,4.535,7.179,6.44,3.292,3.761,2.954,3.625,3.713,3.846,3.943
3136.03,28,2.519,2.806,2.438,5.931,5.29,2.609,2.612,2.6,6.93,7.361,5.892,2.438,2.525,6.599,4.581,7.118,6.499,3.322,3.689,2.941,3.605,3.662,3.81,3.957
3137.03,28,2.513,2.868,2.393,5.912,5.312,2.656,2.599,2.552,6.927,7.353,5.861,2.449,2.476,6.653,4.556,7.127,6.483,3.369,3.728,3.001,3.554,3.719,3.809,3.99
3138.03,28,2.432,2.834,2.487,5.889,5.297,2.576,2.547,2.546,6.943,7.387,5.936,2.444,2.529,6.649,4.499,7.161,6.456,3.263,3.771,2.995,3.581,3.762,3.816,3.9
3139.03,28,2.385,2.839,2.46,5.901,5.276,2.603,2.569,2.519,6.834,7.364,5.877,2.472,2.549,6.663,4.523,7.152,6.491,3.31,3.805,2.954,3.57,3.718,3.791,3.942
3140.03,28,2.542,2.821,2.428,5.87,5.368,2.633,2.509,2.527,7.002,7.42,5.935,2.381,2.568,6.619,4.543,7.121,6.467,3.259,3.682,3.013,3.607,3.671,3.816,3.964
3141.03,28,2.428,2.769,2.412,5.886,5.335,2.584,2.65,2.596,6.917,7.318,5.905,2.427,2.474,6.67,4.519,7.133,6.504,3.257,3.75,2.925,3.525,3.724,3.818,3.989
3142.03,28,2.412,2.826,2.448,5.877,5.305,2.497,2.636,2.552,6.876,7.332,5.884,2.474,2.482,6.568,4.535,7.14,6.528,3.29,3.692,2.954,3.527,3.699,3.806,3.935
3143.03,28,2.458,2.868,2.491,5.914,5.288,2.577,2.565,2.518,6.852,7.343,5.95,2.396,2.484,6.641,4.546,7.106,6.501,3.342,3.707,2.925,3.57,3.693,3.833,3.901
3144.03,28,2.531,2.816,2.407,5.876,5.361,2.573,2.536,2.535,6.891,7.392,5.947,2.424,2.518,6.612,4.53,7.142,6.493,3.251,3.742,2.936,3.487,3.698,3.806,3.95
3145.03,28,2.428,2.844,2.451,5.882,5.26,2.568,2.533,2.545,6.956,7.342,5.798,2.365,2.52,6.628,4.524,7.079,6.526,3.187,3.639,2.899,3.634,3.676,3.772,3.921
3146.03,28,2.526,2.832,2.461,5.901,5.291,2.511,2.561,2.562,6.928,7.409,5.821,2.419,2.504,6.594,4.593,7.084,6.545,3.329,3.644,2.956,3.543,3.72,3.814,3.938
3147.03,28,2.49,2.839,2.466,5.891,5.315,2.574,2.491,2.587,6.893,7.325,5.926,2.452,2.579,6.614,4.505,7.109,6.43,3.288,3.727,2.965,3.545,3.659,3.804,3.96
3148.03,28,2.547,2.825,2.494,5.889,5.355,2.548,2.543,2.612,6.914,7.349,5.888,2.459,2.527,6.569,4.574,7.181,6.482,3.361,3.731,2.925,3.625,3.703,3.772,3.877
3149.03,28,2.517,2.818,2.423,5.893,5.367,2.537,2.536,2.572,6.928,7.288,5.866,2.399,2.585,6.552,4.508,7.06,6.456,3.293,3.693,2.895,3.58,3.644,3.759,3.945
3150.03,28,2.426,2.877,2.434,5.919,5.299,2.548,2.55,2.583,6.943,7.342,5.888,2.362,2.518,6.642,4.551,7.129,6.532,3.303,3.673,2.91,3.554,3.698,3.807,3.912
3151.03,28,2.492,2.805,2.399,5.946,5.332,2.501,2.518,2.612,6.874,7.347,5.866,2.379,2.496,6.576,4.515,7.125,6.509,3.264,3.709,2.92,3.575,3.652,3.777,3.908
3152.03,28,2.493,2.873,2.434,5.921,5.298,2.547,2.483,2.582,6.915,7.356,5.952,2.458,2.453,6.641,4.445,7.075,6.446,3.322,3.658,2.889,3.57,3.739,3.73,3.868
3153.03,28,2.413,2.779,2.534,5.937,5.287,2.533,2.489,2.6,6.9,7.352,5.901,2.439,2.541,6.57,4.528,7.177,6.473,3.295,3.629,2.952,3.53,3.689,3.774,3.929
3154.03,28,2.456,2.823,2.435,5.82,5.377,2.602,2.529,2.623,6.888,7.376,5.857,2.445,2.519,6.686,4.579,7.173,6.459,3.288,3.682,2.951,3.526,3.647,3.744,3.925
3155.03,28,2.556,2.852,2.429,5.892,5.343,2.5,2.456,2.555,6.946,7.306,5.867,2.408,2.497,6.585,4.429,7.198,6.493,3.259,3.633,2.976,3.533,3.697,3.831,3.934
3156.03,28,2.516,2.84,2.489,5.998,5.266,2.497,2.567,2.555,6.929,7.447,5.881,2.405,2.497,6.597,4.595,7.135,6.489,3.244,3.661,2.935,3.534,3.605,3.752,3.901
3157.03,28,2.463,2.859,2.479,5.892,5.325,2.542,2.501,2.613,6.879,7.294,5.919,2.455,2.555,6.522,4.525,7.056,6.453,3.196,3.707,2.886,3.499,3.691,3.747,3.931
3158.03,28,2.467,2.876,2.443,5.96,5.277,2.539,2.496,2.579,6.873,7.375,5.867,2.386,2.543,6.582,4.482,7.217,6.455,3.231,3.627,2.89,3.491,3.556,3.778,3.906
3159.03,28,2.47,2.839,2.414,5.908,5.34,2.517,2.551,2.533,6.912,7.348,5.85,2.44,2.53,6.566,4.487,7.119,6.496,3.295,3.664,2.926,3.534,3.633,3.751,3.897
3160.03,28,2.495,2.84,2.439,5.929,5.394,2.478,2.505,2.62,6.906,7.373,5.873,2.437,2.481,6.681,4.54,7.142,6.468,3.248,3.617,2.885,3.564,3.685,3.728,3.946
3161.03,28,2.487,2.871,2.462,5.961,5.308,2.572,2.493,2.618,6.782,7.366,5.868,2.466,2.475,6.635,4.515,7.123,6.5,3.17,3.691,2.922,3.508,3.673,3.746,3.86
3162.03,28,2.448,2.851,2.441,6.026,5.377,2.524,2.569,2.682,6.928,7.384,5.873,2.503,2.496,6.53,4.509,7.114,6.521,3.202,3.617,2.904,3.532,3.657,3.777,3.897
3163.03,28,2.498,2.833,2.44,5.91,5.341,2.545,2.535,2.531,6.898,7.391,5.884,2.503,2.535,6.606,4.529,7.157,6.475,3.22,3.672,2.921,3.498,3.65,3.765,3.922
3164.03,28,2.496,2.877,2.46,5.914,5.368,2.492,2.536,2.557,6.917,7.373,5.916,2.461,2.474,6.656,4.513,7.12,6.5,3.254,3.7,2.961,3.492,3.707,3.773,3.869
3165.03,28,2.477,2.873,2.431,5.927,5.377,2.493,2.506,2.621,6.849,7.438,5.863,2.466,2.548,6.626,4.455,7.1,6.449,3.237,3.658,2.876,3.559,3.715,3.796,3.908
3166.03,28,2.497,2.808,2.47,5.886,5.315,2.561,2.547,2.539,6.925,7.416,5.899,2.461,2.475,6.569,4.428,7.127,6.415,3.193,3.701,2.835,3.526,3.63,3.789,3.93
3167.03,28,2.506,2.807,2.502,5.933,5.366,2.518,2.542,2.67,6.909,7.356,5.885,2.414,2.59,6.685,4.46,7.156,6.452,3.207,3.62,2.861,3.507,3.679,3.787,3.89
3168.03,28,2.49,2.836,2.419,5.883,5.317,2.513,2.507,2.642,6.927,7.39,5.887,2.423,2.595,6.598,4.524,7.129,6.545,3.191,3.574,2.851,3.468,3.621,3.737,3.841
3169.03,28,2.501,2.948,2.471,5.902,5.324,2.479,2.541,2.556,6.882,7.323,5.875,2.443,2.553,6.612,4.552,7.206,6.481,3.286,3.685,2.895,3.489,3.638,3.763,3.885
3170.03,28,2.481,2.769,2.38,5.914,5.271,2.496,2.524,2.568,6.93,7.34,5.889,2.457,2.482,6.626,4.551,7.11,6.451,3.124,3.639,2.903,3.51,3.61,3.731,3.898
3171.03,28,2.457,2.888,2.552,5.955,5.358,2.494,2.477,2.57,6.931,7.343,5.845,2.424,2.53,6.593,4.558,7.128,6.512,3.225,3.674,2.909,3.596,3.632,3.801,3.933
3172.03,28,2.514,2.862,2.506,5.9,5.348,2.531,2.574,2.575,6.923,7.342,5.85,2.467,2.535,6.597,4.562,7.127,6.441,3.182,3.643,2.826,3.603,3.647,3.717,3.839
3173.03,28,2.554,2.828,2.465,5.922,5.348,2.468,2.585,2.604,6.903,7.353,5.885,2.428,2.542,6.596,4.483,7.142,6.542,3.202,3.597,2.863,3.491,3.59,3.75,3.896
3174.03,28,2.544,2.823,2.479,5.923,5.365,2.497,2.522,2.586,6.915,7.383,5.864,2.462,2.508,6.615,4.484,7.157,6.497,3.22,3.593,2.881,3.495,3.564,3.779,3.853
3175.03,28,2.511,2.811,2.456,5.899,5.306,2.482,2.561,2.6,6.932,7.451,5.87,2.452,2.523,6.553,4.561,7.165,6.484,3.13,3.628,2.853,3.425,3.564,3.806,3.874
3176.03,28,2.493,2.821,2.542,5.881,5.289,2.455,2.523,2.556,6.892,7.343,5.837,2.479,2.514,6.576,4.549,7.14,6.517,3.217,3.555,2.897,3.484,3.616,3.787,3.852
3177.03,28,2.473,2.865,2.448,5.927,5.402,2.458,2.557,2.634,6.938,7.334,5.916,2.485,2.551,6.606,4.504,7.097,6.435,3.197,3.568,2.865,3.53,3.568,3.764,3.902
3178.03,28,2.465,2.855,2.467,5.876,5.289,2.414,2.484,2.608,6.938,7.346,5.931,2.48,2.513,6.585,4.534,7.111,6.454,3.181,3.616,2.797,3.481,3.607,3.71,3.794
3179.03,28,2.494,2.872,2.457,5.874,5.345,2.407,2.582,2.596,6.89,7.335,5.881,2.522,2.554,6.53,4.532,7.179,6.435,3.189,3.635,2.841,3.439,3.629,3.747,3.843
3180.03,28,2.501,2.887,2.483,5.924,5.38,2.409,2.532,2.577,6.924,7.349,5.841,2.382,2.5,6.68,4.444,7.125,6.495,3.187,3.516,2.809,3.491,3.659,3.719,3.828
3181.03,28,2.52,2.833,2.439,5.921,5.307,2.436,2.56,2.623,6.905,7.405,5.941,2.434,2.531,6.588,4.499,7.165,6.496,3.213,3.624,2.9,3.504,3.612,3.73,3.856
3182.03,28,2.503,2.817,2.48,5.98,5.251,2.484,2.508,2.557,6.911,7.297,5.83,2.45,2.533,6.61,4.508,7.127,6.466,3.089,3.583,2.873,3.438,3.613,3.775,3.772
3183.03,28,2.499,2.839,2.378,5.99,5.3,2.436,2.571,2.547,6.906,7.323,5.893,2.447,2.519,6.613,4.548,7.11,6.524,3.189,3.604,2.886,3.473,3.61,3.759,3.873
3184.03,28,2.505,2.841,2.479,5.957,5.39,2.438,2.551,2.624,6.896,7.334,5.854,2.443,2.519,6.575,4.565,7.051,6.491,3.204,3.517,2.853,3.441,3.553,3.683,3.768
3185.03,28,2.497,2.89,2.44,5.924,5.359,2.393,2.517,2.605,6.895,7.389,5.886,2.401,2.576,6.623,4.518,7.158,6.534,3.173,3.573,2.817,3.424,3.646,3.67,3.853
3186.03,28,2.491,2.915,2.522,5.935,5.355,2.466,2.518,2.549,6.927,7.394,5.867,2.411,2.536,6.611,4.492,7.19,6.476,3.095,3.571,2.842,3.387,3.621,3.692,3.816
3187.03,28,2.521,2.869,2.504,5.859,5.358,2.431,2.529,2.616,6.886,7.381,5.874,2.473,2.522,6.588,4.587,7.131,6.486,3.212,3.555,2.763,3.517,3.599,3.723,3.843
3188.03,28,2.536,2.863,2.464,5.884,5.358,2.444,2.55,2.575,6.906,7.312,5.927,2.346,2.57,6.553,4.485,7.159,6.421,3.231,3.617,2.846,3.467,3.582,3.686,3.875
3189.03,28,2.518,2.874,2.43,5.946,5.346,2.457,2.614,2.604,6.854,7.375,5.825,2.428,2.537,6.564,4.544,7.142,6.507,3.142,3.605,2.857,3.45,3.631,3.711,3.889
3190.03,28,2.478,2.884,2.488,5.872,5.286,2.424,2.555,2.603,6.893,7.377,5.927,2.416,2.49,6.596,4.569,7.16,6.54,3.18,3.57,2.882,3.427,3.587,3.685,3.845
3191.03,28,2.511,2.884,2.414,6.003,5.342,2.447,2.518,2.541,6.952,7.347,5.86,2.402,2.541,6.536,4.559,7.172,6.459,3.144,3.579,2.763,3.48,3.587,3.637,3.849
3192.03,28,2.522,2.835,2.457,5.942,5.33,2.444,2.57,2.533,6.934,7.264,5.9,2.488,2.489,6.59,4.56,7.139,6.411,3.141,3.554,2.816,3.439,3.609,3.689,3.808
3193.03,28,2.486,2.876,2.476,5.944,5.305,2.441,2.485,2.566,6.939,7.333,5.903,2.441,2.535,6.612,4.493,7.061,6.515,3.113,3.533,2.86,3.416,3.557,3.709,3.808
3194.03,28,2.535,2.859,2.364,5.931,5.289,2.462,2.512,2.572,6.847,7.357,5.92,2.448,2.561,6.728,4.5,7.136,6.51,3.106,3.576,2.809,3.431,3.63,3.767,3.794
3195.03,28,2.5,2.823,2.437,5.894,5.319,2.421,2.598,2.569,6.93,7.354,5.871,2.46,2.556,6.569,4.532,7.165,6.499,3.119,3.518,2.795,3.488,3.576,3.719,3.806
3196.03,28,2.458,2.866,2.433,5.909,5.327,2.42,2.523,2.624,6.908,7.307,5.87,2.423,2.504,6.616,4.536,7.067,6.5,3.199,3.583,2.791,3.43,3.542,3.705,3.812
3197.03,28,2.494,2.842,2.442,5.908,5.391,2.463,2.583,2.548,6.924,7.362,5.897,2.407,2.525,6.538,4.53,7.117,6.482,3.14,3.561,2.801,3.443,3.547,3.638,3.833
3198.03,28,2.499,2.924,2.534,5.937,5.397,2.436,2.606,2.535,6.883,7.329,5.853,2.454,2.552,6.586,4.514,7.08,6.571,3.154,3.563,2.784,3.403,3.585,3.687,3.837
3199.03,28,2.46,2.911,2.448,5.934,5.349,2.466,2.539,2.554,6.927,7.373,5.921,2.427,2.597,6.645,4.52,7.1,6.487,3.099,3.531,2.797,3.395,3.593,3.62,3.784
3200.03,28,2.476,2.829,2.434,5.962,5.369,2.483,2.624,2.539,6.83,7.395,5.912,2.459,2.481,6.55,4.489,7.193,6.499,3.132,3.514,2.804,3.381,3.547,3.728,3.798
3201.03,28,2.452,2.887,2.551,5.922,5.335,2.452,2.525,2.613,6.933,7.393,5.933,2.464,2.534,6.66,4.537,7.2,6.511,3.13,3.481,2.817,3.398,3.533,3.653,3.788
3202.03,28,2.515,2.852,2.443,5.926,5.32,2.503,2.497,2.623,6.877,7.361,5.829,2.46,2.488,6.543,4.515,7.108,6.55,3.121,3.581,2.783,3.478,3.515,3.73,3.784
3203.03,28,2.483,2.904,2.507,5.955,5.349,2.449,2.577,2.555,6.876,7.343,5.86,2.411,2.551,6.61,4.566,7.144,6.497,3.134,3.522,2.81,3.389,3.521,3.66,3.821
3204.03,28,2.501,2.908,2.42,5.897,5.378,2.458,2.513,2.523,6.941,7.387,5.835,2.498,2.54,6.59,4.529,7.12,6.469,3.104,3.572,2.768,3.403,3.484,3.689,3.773
3205.03,28,2.479,2.86,2.464,5.944,5.314,2.468,2.564,2.64,6.916,7.424,5.946,2.401,2.517,6.631,4.5,7.115,6.472,3.067,3.51,2.766,3.403,3.598,3.662,3.823
3206.03,28,2.482,2.864,2.42,5.905,5.303,2.426,2.548,2.553,6.898,7.294,5.912,2.446,2.504,6.598,4.53,7.153,6.507,3.136,3.532,2.85,3.42,3.554,3.746,3.766
3207.03,28,2.522,2.868,2.46,5.942,5.347,2.455,2.531,2.59,6.9,7.36,5.956,2.404,2.504,6.572,4.492,7.132,6.498,3.01,3.575,2.762,3.348,3.505,3.665,3.779
3208.03,28,2.489,2.857,2.441,5.93,5.381,2.477,2.552,2.598,6.962,7.417,5.887,2.508,2.528,6.592,4.502,7.249,6.548,3.078,3.505,2.827,3.466,3.539,3.642,3.759
3209.03,28,2.506,2.828,2.526,5.925,5.386,2.486,2.471,2.543,6.968,7.331,5.89,2.446,2.543,6.626,4.539,7.147,6.517,3.014,3.502,2.759,3.398,3.453,3.708,3.826
3210.03,28,2.511,2.836,2.467,5.912,5.332,2.416,2.59,2.597,6.912,7.381,5.832,2.438,2.585,6.598,4.512,7.154,6.476,3.083,3.479,2.784,3.406,3.546,3.664,3.79
3211.03,28,2.477,2.872,2.443,5.924,5.36,2.469,2.569,2.639,6.924,7.327,5.923,2.461,2.474,6.609,4.578,7.096,6.47,3.062,3.476,2.781,3.391,3.509,3.628,3.742
3212.03,28,2.543,2.868,2.448,5.88,5.367,2.476,2.538,2.585,6.858,7.378,5.883,2.434,2.569,6.632,4.58,7.101,6.405,3.06,3.473,2.784,3.353,3.52,3.671,3.848
3213.03,28,2.538,2.956,2.437,5.927,5.316,2.457,2.568,2.636,6.91,7.354,5.869,2.44,2.585,6.609,4.519,7.181,6.486,3.032,3.543,2.755,3.38,3.531,3.658,3.813
3214.03,28,2.475,2.864,2.474,5.87,5.288,2.43,2.528,2.58,6.877,7.367,5.906,2.443,2.544,6.547,4.492,7.15,6.524,3.078,3.524,2.742,3.413,3.53,3.67,3.732
3215.03,28,2.463,2.876,2.537,5.956,5.355,2.413,2.576,2.531,6.834,7.324,5.873,2.409,2.55,6.591,4.551,7.109,6.474,3.037,3.517,2.771,3.376,3.534,3.632,3.783
3216.03,28,2.448,2.847,2.454,5.92,5.316,2.51,2.565,2.557,6.835,7.381,5.87,2.47,2.584,6.639,4.474,7.109,6.506,3.111,3.471,2.812,3.374,3.563,3.606,3.724
3217.03,28,2.441,2.884,2.5,5.929,5.369,2.488,2.545,2.589,6.875,7.394,5.891,2.433,2.509,6.571,4.524,7.154,6.469,3.085,3.478,2.685,3.335,3.512,3.654,3.763
3218.03,28,2.422,2.852,2.474,5.923,5.305,2.43,2.522,2.514,6.975,7.359,5.888,2.493,2.58,6.646,4.525,7.09,6.474,3.065,3.441,2.695,3.395,3.572,3.65,3.777
3219.03,28,2.44,2.855,2.487,5.923,5.383,2.482,2.485,2.566,6.923,7.368,5.906,2.451,2.568,6.551,4.509,7.161,6.457,3.066,3.434,2.768,3.314,3.476,3.616,3.803
3220.03,28,2.455,2.853,2.448,5.914,5.362,2.493,2.55,2.638,6.859,7.331,5.857,2.506,2.535,6.569,4.545,7.171,6.495,3.126,3.4,2.719,3.373,3.573,3.58,3.722
3221.03,28,2.405,2.851,2.491,5.944,5.33,2.457,2.534,2.578,6.899,7.293,5.813,2.476,2.493,6.564,4.607,7.1,6.432,2.977,3.531,2.738,3.379,3.553,3.678,3.785
3222.03,28,2.452,2.911,2.486,5.946,5.308,2.448,2.541,2.597,6.932,7.321,5.864,2.417,2.524,6.617,4.511,7.116,6.389,3.069,3.462,2.737,3.422,3.534,3.657,3.784
3223.03,28,2.527,2.893,2.453,5.883,5.289,2.562,2.569,2.584,6.951,7.364,5.884,2.446,2.522,6.585,4.509,7.083,6.504,3.101,3.444,2.781,3.37,3.526,3.625,3.778
3224.03,28,2.492,2.845,2.45,5.953,5.343,2.48,2.496,2.653,6.914,7.352,5.945,2.431,2.564,6.641,4.503,7.139,6.458,3.015,3.478,2.738,3.318,3.547,3.618,3.777
3225.03,28,2.483,2.843,2.434,5.942,5.344,2.505,2.484,2.637,6.891,7.359,5.87,2.426,2.545,6.609,4.526,7.1,6.471,3.044,3.519,2.751,3.364,3.494,3.659,3.767
3226.03,28,2.534,2.896,2.522,5.864,5.328,2.439,2.519,2.575,6.849,7.326,5.868,2.46,2.547,6.613,4.507,7.083,6.473,3.078,3.465,2.752,3.352,3.553,3.631,3.71
3227.03,28,2.563,2.876,2.453,5.909,5.334,2.454,2.487,2.632,6.862,7.362,5.861,2.399,2.57,6.595,4.52,7.149,6.534,3.086,3.502,2.723,3.375,3.5,3.624,3.781
3228.03,28,2.466,2.903,2.484,5.906,5.317,2.431,2.525,2.548,6.868,7.354,5.902,2.44,2.57,6.683,4.556,7.125,6.458,3.03,3.563,2.773,3.253,3.462,3.594,3.66
3229.03,28,2.529,2.886,2.454,5.964,5.288,2.469,2.58,2.611,6.936,7.323,5.827,2.486,2.542,6.652,4.58,7.149,6.533,3.034,3.493,2.679,3.398,3.493,3.613,3.711
3230.03,28,2.53,2.83,2.547,5.93,5.374,2.461,2.566,2.597,6.88,7.341,5.915,2.516,2.583,6.586,4.545,7.048,6.502,3.03,3.417,2.765,3.373,3.477,3.645,3.752
3231.03,28,2.48,2.837,2.46,5.941,5.33,2.536,2.477,2.582,6.941,7.334,5.848,2.467,2.53,6.58,4.511,7.085,6.437,3.09,3.4,2.688,3.359,3.516,3.691,3.726
3232.03,28,2.458,2.835,2.488,5.967,5.291,2.428,2.514,2.599,6.889,7.315,5.848,2.506,2.498,6.571,4.497,7.175,6.536,3.031,3.417,2.702,3.332,3.453,3.613,3.765
3233.03,28,2.437,2.861,2.423,5.983,5.379,2.407,2.562,2.54,6.925,7.348,5.849,2.445,2.575,6.629,4.568,7.125,6.528,3.015,3.426,2.748,3.314,3.534,3.587,3.732
3234.03,28,2.534,2.892,2.503,5.941,5.374,2.513,2.571,2.612,6.898,7.34,5.868,2.445,2.52,6.58,4.541,7.129,6.403,3.037,3.425,2.726,3.306,3.489,3.58,3.715
3235.03,28,2.509,2.877,2.476,5.86,5.377,2.446,2.585,2.538,6.915,7.406,5.84,2.416,2.609,6.616,4.501,7.128,6.476,3.022,3.411,2.739,3.358,3.435,3.627,3.763
3236.03,28,2.545,2.853,2.432,5.887,5.359,2.507,2.577,2.595,6.91,7.361,5.887,2.47,2.56,6.545,4.53,7.136,6.504,2.997,3.493,2.752,3.311,3.507,3.569,3.719
3237.03,28,2.497,2.859,2.482,5.974,5.344,2.532,2.532,2.576,6.903,7.355,5.899,2.422,2.543,6.599,4.564,7.138,6.555,3.015,3.446,2.694,3.308,3.497,3.624,3.747
3238.03,28,2.524,2.868,2.427,5.937,5.327,2.449,2.529,2.632,6.933,7.368,5.895,2.426,2.568,6.627,4.541,7.106,6.509,3.033,3.456,2.707,3.302,3.437,3.64,3.713
3239.03,28,2.509,2.879,2.484,5.857,5.275,2.517,2.502,2.522,6.931,7.339,5.865,2.485,2.528,6.579,4.537,7.105,6.453,2.991,3.447,2.623,3.268,3.395,3.602,3.666
3240.03,28,2.502,2.877,2.496,5.959,5.307,2.498,2.54,2.563,6.895,7.314,5.886,2.502,2.537,6.609,4.578,7.17,6.441,3.001,3.407,2.701,3.316,3.415,3.592,3.732
3241.03,28,2.518,2.877,2.444,5.89,5.396,2.467,2.505,2.533,6.934,7.356,5.905,2.434,2.586,6.618,4.556,7.109,6.464,3.042,3.406,2.694,3.296,3.441,3.607,3.738
3242.03,28,2.482,2.901,2.414,5.969,5.36,2.531,2.514,2.599,6.891,7.32,5.846,2.457,2.542,6.588,4.492,7.111,6.442,3.041,3.474,2.698,3.324,3.516,3.655,3.724
3243.03,28,2.546,2.924,2.469,5.987,5.316,2.489,2.594,2.61,6.928,7.373,5.973,2.399,2.606,6.656,4.527,7.103,6.494,2.973,3.488,2.701,3.324,3.547,3.588,3.691
3244.03,28,2.504,2.89,2.424,5.913,5.356,2.439,2.553,2.574,6.918,7.292,5.863,2.47,2.529,6.598,4.484,7.171,6.539,3.017,3.451,2.652,3.256,3.445,3.603,3.699
3245.03,28,2.443,2.878,2.528,5.915,5.293,2.443,2.595,2.64,6.904,7.415,5.945,2.486,2.508,6.617,4.583,7.193,6.539,2.949,3.38,2.636,3.271,3.451,3.534,3.698
3246.03,28,2.485,2.867,2.436,5.897,5.319,2.475,2.52,2.616,6.964,7.365,5.864,2.468,2.559,6.621,4.482,7.064,6.427,2.974,3.344,2.716,3.292,3.485,3.589,3.669
3247.03,28,2.47,2.916,2.443,5.899,5.304,2.495,2.534,2.583,6.904,7.362,5.904,2.471,2.534,6.607,4.514,7.111,6.506,3.019,3.449,2.73,3.296,3.415,3.59,3.674
3248.03,28,2.465,2.851,2.418,5.898,5.363,2.492,2.547,2.563,6.905,7.406,5.891,2.494,2.538,6.623,4.502,7.176,6.46,2.99,3.411,2.67,3.26,3.487,3.556,3.717
3249.03,28,2.512,2.936,2.427,5.983,5.402,2.488,2.489,2.626,6.922,7.305,5.904,2.406,2.478,6.574,4.516,7.063,6.455,2.971,3.428,2.626,3.29,3.533,3.563,3.701
3250.03,28,2.535,2.832,2.51,5.947,5.269,2.503,2.602,2.567,6.858,7.38,5.91,2.478,2.547,6.594,4.464,7.124,6.479,2.967,3.392,2.659,3.284,3.421,3.52,3.702
3251.03,28,2.474,2.9,2.503,5.89,5.327,2.536,2.554,2.568,6.906,7.384,5.882,2.418,2.566,6.581,4.515,7.145,6.51,2.941,3.413,2.643,3.325,3.49,3.564,3.636
3252.03,28,2.5,2.901,2.444,5.946,5.344,2.496,2.554,2.539,6.922,7.413,5.947,2.481,2.541,6.613,4.562,7.159,6.503,2.978,3.371,2.664,3.267,3.441,3.541,3.66
3253.03,28,2.493,2.856,2.431,5.919,5.341,2.521,2.49,2.62,6.854,7.375,5.9,2.44,2.553,6.593,4.545,7.149,6.46,2.969,3.382,2.639,3.207,3.425,3.542,3.681
3254.03,28,2.43,2.844,2.471,5.879,5.412,2.465,2.553,2.58,6.925,7.344,5.88,2.478,2.606,6.623,4.535,7.118,6.455,2.963,3.263,2.748,3.226,3.468,3.576,3.608
3255.03,28,2.52,2.877,2.415,5.938,5.314,2.555,2.533,2.498,6.921,7.398,5.958,2.437,2.59,6.591,4.54,7.188,6.499,2.94,3.389,2.654,3.24,3.485,3.545,3.704
3256.03,28,2.513,2.856,2.491,6.016,5.339,2.528,2.571,2.598,6.864,7.346,5.887,2.463,2.569,6.589,4.48,7.134,6.397,2.981,3.417,2.671,3.305,3.463,3.53,3.754
3257.03,28,2.463,2.93,2.485,5.985,5.321,2.51,2.578,2.632,6.892,7.367,5.822,2.51,2.509,6.66,4.55,7.159,6.488,2.908,3.377,2.672,3.261,3.481,3.549,3.63
3258.03,28,2.591,2.886,2.427,5.924,5.337,2.509,2.578,2.58,6.921,7.395,5.886,2.454,2.575,6.575,4.526,7.219,6.504,2.961,3.387,2.612,3.277,3.508,3.566,3.655
3259.03,28,2.534,2.878,2.5,5.874,5.362,2.506,2.564,2.571,6.959,7.338,5.935,2.421,2.582,6.603,4.507,7.158,6.506,2.897,3.397,2.571,3.244,3.441,3.555,3.602
3260.03,28,2.49,2.925,2.513,5.85,5.367,2.493,2.53,2.559,6.859,7.358,5.913,2.4,2.543,6.669,4.655,7.135,6.47,3.009,3.33,2.721,3.297,3.438,3.563,3.606
3261.03,28,2.462,2.877,2.487,5.912,5.357,2.492,2.541,2.628,6.95,7.331,5.886,2.502,2.596,6.629,4.498,7.116,6.484,2.991,3.425,2.631,3.234,3.499,3.589,3.62
3262.03,28,2.513,2.867,2.474,5.916,5.329,2.48,2.537,2.582,6.941,7.344,5.896,2.414,2.52,6.514,4.535,7.126,6.495,2.938,3.374,2.639,3.264,3.44,3.607,3.698
3263.03,28,2.469,2.938,2.473,5.862,5.314,2.531,2.612,2.643,6.92,7.418,5.869,2.416,2.543,6.556,4.507,7.072,6.513,2.911,3.328,2.682,3.245,3.422,3.557,3.677
3264.03,28,2.564,2.873,2.458,5.887,5.313,2.483,2.501,2.586,6.883,7.348,5.93,2.494,2.627,6.659,4.523,7.136,6.489,2.957,3.257,2.65,3.282,3.412,3.55,3.634
3265.03,28,2.484,2.902,2.454,5.91,5.32,2.531,2.546,2.601,6.933,7.312,5.864,2.42,2.536,6.616,4.492,7.151,6.454,2.932,3.369,2.671,3.295,3.41,3.549,3.679
3266.03,28,2.486,2.949,2.469,5.874,5.347,2.518,2.519,2.56,6.866,7.317,5.863,2.426,2.558,6.603,4.575,7.109,6.503,2.961,3.354,2.662,3.329,3.403,3.579,3.667
3267.03,28,2.502,2.918,2.466,5.916,5.352,2.469,2.566,2.583,6.96,7.363,5.884,2.461,2.559,6.606,4.473,7.15,6.472,2.861,3.354,2.575,3.233,3.396,3.525,3.673
3268.03,28,2.451,2.89,2.454,5.966,5.357,2.46,2.531,2.584,6.908,7.373,5.887,2.459,2.548,6.66,4.505,7.127,6.511,2.95,3.324,2.592,3.248,3.399,3.578,3.616
3269.03,28,2.476,2.922,2.483,5.949,5.325,2.514,2.592,2.592,6.868,7.402,5.898,2.439,2.541,6.631,4.466,7.136,6.457,2.9,3.307,2.636,3.203,3.401,3.488,3.571
3270.03,28,2.533,2.903,2.509,5.936,5.313,2.493,2.592,2.563,6.931,7.35,5.942,2.424,2.601,6.571,4.547,7.118,6.494,2.906,3.335,2.614,3.212,3.383,3.557,3.614
3271.03,28,2.493,2.889,2.558,5.906,5.337,2.54,2.548,2.591,6.88,7.369,5.854,2.437,2.558,6.61,4.488,7.128,6.464,2.794,3.312,2.658,3.289,3.419,3.442,3.644
3272.03,28,2.475,2.851,2.47,5.991,5.277,2.551,2.54,2.588,6.89,7.333,5.895,2.468,2.562,6.594,4.491,7.128,6.455,2.941,3.313,2.673,3.248,3.399,3.513,3.614
3273.03,28,2.54,2.932,2.438,5.916,5.341,2.535,2.573,2.532,6.906,7.392,5.88,2.47,2.545,6.619,4.527,7.144,6.484,2.87,3.257,2.586,3.253,3.441,3.532,3.651
3274.03,28,2.422,2.877,2.495,5.93,5.332,2.569,2.58,2.55,6.86,7.357,5.849,2.442,2.578,6.61,4.495,7.099,6.525,2.896,3.313,2.578,3.194,3.388,3.564,3.522
3275.03,28,2.522,2.915,2.437,5.941,5.434,2.549,2.554,2.628,6.902,7.362,5.834,2.426,2.557,6.602,4.552,7.081,6.467,2.891,3.333,2.621,3.213,3.482,3.573,3.661
3276.03,28,2.538,2.86,2.438,5.928,5.36,2.44,2.501,2.585,7.003,7.34,5.848,2.492,2.539,6.564,4.503,7.113,6.514,2.904,3.321,2.628,3.222,3.455,3.579,3.583
3277.03,28,2.576,2.95,2.537,5.966,5.339,2.495,2.522,2.555,6.919,7.388,5.867,2.498,2.525,6.567,4.529,7.17,6.472,2.92,3.374,2.624,3.266,3.374,3.522,3.63
3278.03,28,2.468,2.923,2.497,6.015,5.363,2.502,2.533,2.575,6.932,7.352,5.934,2.477,2.617,6.667,4.551,7.105,6.502,2.907,3.314,2.613,3.195,3.306,3.512,3.582
3279.03,28,2.529,2.884,2.503,5.894,5.346,2.55,2.524,2.563,6.882,7.327,5.904,2.479,2.559,6.61,4.577,7.126,6.52,2.908,3.322,2.605,3.256,3.389,3.472,3.626
3280.03,28,2.537,2.914,2.534,5.866,5.327,2.501,2.566,2.504,6.907,7.285,5.87,2.444,2.616,6.54,4.56,7.146,6.496,2.89,3.294,2.657,3.173,3.437,3.483,3.63
3281.03,28,2.475,2.879,2.471,5.943,5.322,2.601,2.56,2.602,6.905,7.318,5.875,2.447,2.622,6.578,4.577,7.15,6.537,2.85,3.262,2.574,3.13,3.366,3.534,3.579
3282.03,28,2.481,2.916,2.497,5.938,5.288,2.453,2.551,2.615,6.918,7.354,5.85,2.53,2.532,6.638,4.53,7.178,6.494,2.854,3.29,2.584,3.194,3.385,3.518,3.577
3283.03,28,2.488,2.934,2.491,5.863,5.337,2.532,2.498,2.587,6.874,7.343,5.856,2.437,2.608,6.667,4.513,7.131,6.453,2.874,3.256,2.575,3.154,3.401,3.593,3.579
3284.03,28,2.445,2.86,2.423,5.904,5.397,2.502,2.523,2.541,6.818,7.373,5.896,2.475,2.53,6.529,4.563,7.114,6.541,2.874,3.297,2.605,3.127,3.453,3.457,3.543
3285.03,28,2.54,2.929,2.475,5.906,5.396,2.486,2.527,2.611,6.926,7.331,5.865,2.438,2.564,6.576,4.532,7.072,6.495,2.864,3.241,2.603,3.059,3.36,3.536,3.589
3286.03,28,2.464,2.909,2.537,5.897,5.309,2.494,2.586,2.582,6.91,7.325,5.889,2.495,2.522,6.542,4.465,7.113,6.548,2.773,3.294,2.66,3.152,3.458,3.533,3.604
3287.03,28,2.473,2.855,2.467,5.866,5.406,2.585,2.497,2.602,6.941,7.371,5.885,2.448,2.576,6.601,4.559,7.115,6.49,2.834,3.279,2.6,3.156,3.389,3.521,3.611
3288.03,28,2.521,2.873,2.431,5.964,5.333,2.563,2.5,2.588,6.886,7.376,5.871,2.514,2.61,6.569,4.561,7.162,6.539,2.846,3.304,2.661,3.202,3.382,3.52,3.573
3289.03,28,2.445,2.922,2.433,5.877,5.355,2.525,2.544,2.61,6.899,7.362,5.866,2.474,2.591,6.598,4.503,7.142,6.452,2.902,3.274,2.59,3.138,3.335,3.469,3.669
3290.03,28,2.488,2.986,2.525,5.897,5.358,2.519,2.552,2.579,6.923,7.376,5.875,2.484,2.544,6.58,4.538,7.129,6.492,2.876,3.262,2.623,3.171,3.344,3.373,3.552
3291.03,28,2.466,2.903,2.523,5.942,5.267,2.502,2.577,2.612,6.935,7.373,5.879,2.502,2.538,6.564,4.548,7.134,6.484,2.837,3.32,2.614,3.225,3.382,3.501,3.558
3292.03,28,2.484,2.934,2.47,5.983,5.346,2.579,2.541,2.553,6.954,7.418,5.828,2.449,2.623,6.602,4.471,7.139,6.485,2.761,3.24,2.656,3.133,3.331,3.483,3.571
3293.03,28,2.538,2.928,2.496,5.939,5.299,2.562,2.576,2.609,6.912,7.36,5.831,2.495,2.595,6.583,4.534,7.18,6.499,2.827,3.335,2.609,3.177,3.331,3.521,3.596
3294.03,28,2.518,2.888,2.374,5.946,5.337,2.512,2.605,2.515,6.933,7.352,5.904,2.476,2.523,6.617,4.558,7.115,6.479,2.846,3.307,2.641,3.136,3.268,3.463,3.621
3295.03,28,2.492,2.884,2.504,5.888,5.442,2.523,2.573,2.581,6.867,7.379,5.829,2.522,2.585,6.592,4.546,7.146,6.473,2.803,3.287,2.611,3.175,3.39,3.439,3.544
3296.03,28,2.52,2.943,2.455,5.93,5.33,2.528,2.583,2.573,6.94,7.335,5.864,2.499,2.532,6.591,4.473,7.158,6.473,2.854,3.238,2.64,3.153,3.293,3.543,3.535
3297.03,28,2.455,2.914,2.442,5.93,5.33,2.531,2.54,2.62,6.895,7.414,5.939,2.495,2.551,6.511,4.559,7.122,6.47,2.817,3.24,2.599,3.112,3.365,3.442,3.559
3298.03,28,2.518,2.878,2.519,5.909,5.338,2.556,2.569,2.552,6.913,7.354,5.908,2.431,2.591,6.57,4.501,7.141,6.541,2.828,3.228,2.611,3.186,3.328,3.481,3.567
3299.03,28,2.453,2.902,2.565,5.92,5.351,2.54,2.533,2.6,6.958,7.347,5.864,2.456,2.561,6.619,4.522,7.153,6.46,2.765,3.22,2.582,3.185,3.321,3.486,3.596
3300.03,28,2.473,2.948,2.491,5.993,5.356,2.476,2.585,2.644,6.928,7.336,5.871,2.481,2.56,6.618,4.508,7.213,6.418,2.822,3.221,2.636,3.208,3.286,3.5,3.569
3301.03,28,2.518,2.954,2.518,5.896,5.329,2.489,2.542,2.594,6.924,7.317,5.898,2.53,2.572,6.587,4.489,7.13,6.45,2.833,3.248,2.601,3.143,3.319,3.517,3.585
3302.03,28,2.5,2.919,2.483,5.938,5.341,2.477,2.579,2.535,6.869,7.354,5.868,2.488,2.578,6.636,4.572,7.168,6.462,2.79,3.268,2.624,3.184,3.387,3.491,3.577
3303.03,28,2.46,2.907,2.517,5.973,5.309,2.471,2.581,2.632,6.9,7.304,5.854,2.448,2.628,6.659,4.507,7.146,6.45,2.819,3.22,2.555,3.087,3.325,3.463,3.59
3304.03,28,2.456,2.832,2.483,5.962,5.358,2.543,2.55,2.567,6.933,7.376,5.9,2.444,2.547,6.635,4.485,7.055,6.456,2.704,3.228,2.581,3.113,3.304,3.467,3.495
3305.03,28,2.501,2.863,2.414,5.857,5.339,2.564,2.511,2.571,6.912,7.401,5.869,2.42,2.544,6.59,4.504,7.139,6.45,2.797,3.284,2.586,3.113,3.312,3.447,3.584
3306.03,28,2.484,2.885,2.419,5.939,5.333,2.534,2.559,2.597,6.888,7.342,5.806,2.414,2.543,6.66,4.524,7.079,6.504,2.801,3.212,2.587,3.14,3.334,3.454,3.548
3307.03,28,2.512,2.876,2.507,5.886,5.262,2.501,2.561,2.558,6.93,7.317,5.896,2.488,2.61,6.568,4.452,7.163,6.45,2.795,3.217,2.6,3.061,3.306,3.475,3.544
3308.03,28,2.518,2.921,2.489,5.948,5.372,2.537,2.487,2.63,6.862,7.381,5.812,2.526,2.575,6.58,4.531,7.15,6.441,2.756,3.219,2.56,3.106,3.297,3.438,3.541
3309.03,28,2.508,2.909,2.411,5.899,5.34,2.517,2.538,2.53,6.866,7.351,5.864,2.46,2.646,6.557,4.518,7.073,6.527,2.795,3.195,2.584,3.106,3.314,3.439,3.565
3310.03,28,2.446,2.944,2.444,5.866,5.366,2.555,2.61,2.608,6.914,7.437,5.92,2.459,2.566,6.612,4.585,7.106,6.566,2.858,3.229,2.624,3.076,3.306,3.422,3.509
3311.03,28,2.44,2.921,2.478,5.875,5.341,2.515,2.564,2.607,6.901,7.363,5.887,2.525,2.549,6.656,4.576,7.158,6.436,2.748,3.209,2.61,3.055,3.358,3.445,3.526
3312.03,28,2.453,2.897,2.495,5.94,5.319,2.51,2.505,2.65,6.967,7.363,5.865,2.52,2.612,6.58,4.571,7.107,6.513,2.754,3.159,2.579,3.095,3.391,3.432,3.563
3313.03,28,2.456,2.912,2.519,5.893,5.328,2.527,2.584,2.605,6.933,7.332,5.894,2.452,2.553,6.65,4.623,7.168,6.488,2.8,3.176,2.645,3.088,3.294,3.438,3.549
3314.03,28,2.501,2.88,2.439,5.885,5.376,2.554,2.511,2.533,6.913,7.404,5.878,2.44,2.617,6.643,4.604,7.126,6.455,2.766,3.141,2.654,3.134,3.26,3.437,3.511
3315.03,28,2.5,2.89,2.479,5.975,5.423,2.566,2.501,2.649,6.971,7.409,5.908,2.432,2.529,6.569,4.529,7.094,6.509,2.707,3.137,2.629,3.132,3.333,3.44,3.441
3316.03,28,2.513,2.931,2.546,5.9,5.342,2.574,2.638,2.579,6.923,7.411,5.878,2.465,2.579,6.619,4.557,7.141,6.419,2.785,3.178,2.548,3.069,3.253,3.409,3.496
3317.03,28,2.516,2.918,2.515,5.853,5.37,2.469,2.566,2.644,6.925,7.311,5.881,2.447,2.557,6.635,4.609,7.134,6.512,2.749,3.212,2.603,3.135,3.311,3.407,3.5
3318.03,28,2.517,2.837,2.447,5.909,5.322,2.525,2.573,2.602,6.917,7.399,5.919,2.481,2.598,6.62,4.566,7.133,6.453,2.771,3.164,2.536,3.126,3.287,3.445,3.501
3319.03,28,2.468,2.95,2.413,5.951,5.318,2.47,2.565,2.584,6.852,7.388,5.87,2.455,2.654,6.518,4.567,7.133,6.497,2.775,3.176,2.621,3.06,3.258,3.478,3.46
3320.03,28,2.524,2.958,2.519,5.945,5.269,2.537,2.609,2.568,6.955,7.345,5.952,2.445,2.568,6.582,4.481,7.152,6.468,2.709,3.139,2.556,3.121,3.344,3.413,3.499
3321.03,28,2.439,2.91,2.478,5.908,5.315,2.544,2.573,2.611,6.928,7.356,5.844,2.455,2.538,6.576,4.499,7.118,6.528,2.773,3.141,2.547,3.146,3.331,3.378,3.507
3322.03,28,2.474,2.93,2.455,5.882,5.295,2.51,2.564,2.594,6.925,7.364,5.935,2.486,2.53,6.581,4.504,7.136,6.459,2.753,3.148,2.569,3.157,3.235,3.454,3.51
3323.03,28,2.409,2.94,2.464,5.931,5.338,2.576,2.555,2.553,6.903,7.334,5.866,2.525,2.591,6.714,4.514,7.107,6.436,2.781,3.203,2.605,3.051,3.245,3.411,3.509
3324.03,28,2.522,2.924,2.518,5.928,5.362,2.584,2.539,2.594,6.965,7.347,5.925,2.463,2.583,6.56,4.534,7.145,6.457,2.755,3.119,2.659,3.004,3.278,3.416,3.521
3325.03,28,2.515,2.925,2.479,5.97,5.308,2.479,2.601,2.698,6.947,7.327,5.921,2.429,2.608,6.642,4.533,7.175,6.51,2.749,3.18,2.561,3.076,3.262,3.394,3.505
3326.03,28,2.477,2.9,2.488,5.884,5.341,2.532,2.511,2.57,6.912,7.38,5.852,2.487,2.575,6.607,4.577,7.186,6.466,2.716,3.106,2.635,3.115,3.264,3.434,3.475
3327.03,28,2.49,2.959,2.446,5.861,5.329,2.537,2.553,2.672,6.949,7.361,5.901,2.411,2.62,6.629,4.497,7.094,6.461,2.728,3.119,2.594,3.009,3.286,3.427,3.497
3328.03,28,2.51,2.936,2.476,5.984,5.414,2.562,2.546,2.602,6.905,7.364,5.911,2.482,2.527,6.627,4.467,7.135,6.505,2.733,3.219,2.546,2.997,3.288,3.36,3.461
3329.03,28,2.428,2.897,2.506,5.907,5.281,2.535,2.558,2.57,6.948,7.331,5.921,2.411,2.545,6.584,4.439,7.147,6.511,2.7,3.115,2.644,3.104,3.315,3.367,3.432
3330.03,28,2.509,2.869,2.512,5.906,5.339,2.575,2.554,2.601,6.885,7.346,5.905,2.485,2.545,6.603,4.572,7.11,6.506,2.771,3.129,2.582,3.028,3.245,3.395,3.465
3331.03,28,2.458,2.887,2.499,5.924,5.337,2.555,2.588,2.588,6.958,7.338,5.982,2.502,2.581,6.582,4.546,7.155,6.453,2.66,3.185,2.58,3.058,3.23,3.392,3.515
3332.03,28,2.551,2.943,2.466,5.862,5.311,2.582,2.554,2.584,6.872,7.399,5.924,2.524,2.543,6.569,4.515,7.073,6.497,2.699,3.124,2.597,3.089,3.262,3.408,3.567
3333.03,28,2.562,2.872,2.546,5.95,5.327,2.53,2.582,2.572,6.891,7.396,5.873,2.525,2.613,6.593,4.566,7.137,6.507,2.691,3.113,2.618,3.068,3.275,3.371,3.534
3334.03,28,2.529,2.871,2.505,5.918,5.308,2.521,2.588,2.605,6.886,7.322,5.887,2.504,2.598,6.614,4.534,7.118,6.43,2.745,3.162,2.656,3.03,3.229,3.398,3.46
3335.03,28,2.539,2.858,2.511,5.928,5.284,2.516,2.552,2.588,6.874,7.331,5.911,2.462,2.597,6.569,4.529,7.146,6.491,2.671,3.096,2.662,3.037,3.241,3.386,3.443
3336.03,28,2.53,2.895,2.513,5.93,5.321,2.566,2.623,2.609,6.951,7.374,5.911,2.482,2.616,6.609,4.49,7.117,6.431,2.679,3.137,2.585,3.032,3.282,3.349,3.445
3337.03,28,2.48,2.914,2.57,5.905,5.302,2.51,2.568,2.614,6.942,7.383,5.907,2.463,2.579,6.609,4.524,7.157,6.508,2.743,3.096,2.591,3,3.236,3.418,3.419
3338.03,28,2.506,2.909,2.489,5.907,5.361,2.558,2.605,2.569,6.974,7.333,5.913,2.493,2.584,6.621,4.542,7.114,6.444,2.714,3.074,2.59,3.046,3.294,3.426,3.484
3339.03,28,2.529,2.837,2.493,5.889,5.364,2.513,2.59,2.568,6.881,7.345,5.948,2.518,2.558,6.577,4.506,7.13,6.478,2.724,3.107,2.643,3.086,3.256,3.342,3.469
3340.03,28,2.48,2.983,2.492,5.921,5.277,2.574,2.488,2.629,6.917,7.338,5.878,2.46,2.524,6.607,4.517,7.101,6.481,2.684,3.065,2.578,3.051,3.224,3.368,3.498
3341.03,28,2.478,2.882,2.467,5.914,5.377,2.437,2.541,2.576,6.882,7.336,5.916,2.518,2.572,6.611,4.514,7.09,6.522,2.676,3.096,2.596,3.008,3.213,3.369,3.46
3342.03,28,2.492,2.931,2.486,5.943,5.38,2.526,2.521,2.593,6.918,7.468,5.865,2.51,2.589,6.567,4.511,7.234,6.475,2.7,3.098,2.613,3.033,3.217,3.326,3.44
3343.03,28,2.576,2.95,2.479,5.948,5.325,2.551,2.567,2.614,6.93,7.348,5.823,2.489,2.541,6.599,4.569,7.168,6.52,2.697,3.061,2.628,3.036,3.213,3.37,3.382
3344.03,28,2.477,2.953,2.522,5.912,5.309,2.56,2.507,2.635,6.929,7.402,5.937,2.468,2.545,6.703,4.623,7.114,6.474,2.702,3.132,2.605,3.004,3.25,3.35,3.399
3345.03,28,2.5,2.905,2.495,5.877,5.313,2.534,2.539,2.609,6.869,7.298,5.863,2.478,2.569,6.607,4.565,7.127,6.483,2.654,3.095,2.605,3.046,3.224,3.351,3.465
3346.03,28,2.52,2.915,2.508,5.973,5.285,2.538,2.545,2.556,6.904,7.361,5.923,2.488,2.584,6.581,4.528,7.136,6.484,2.689,3.114,2.583,3.019,3.131,3.385,3.432
3347.03,28,2.503,2.955,2.395,5.889,5.317,2.571,2.613,2.617,6.901,7.374,5.922,2.491,2.544,6.602,4.58,7.153,6.528,2.664,3.063,2.6,2.963,3.226,3.354,3.431
3348.03,28,2.528,2.976,2.464,5.92,5.379,2.507,2.537,2.584,6.864,7.384,5.863,2.492,2.593,6.605,4.479,7.101,6.48,2.686,3.134,2.544,2.97,3.184,3.402,3.384
3349.03,28,2.463,2.94,2.505,5.909,5.373,2.538,2.554,2.629,6.858,7.341,5.86,2.467,2.574,6.676,4.508,7.124,6.402,2.677,3.102,2.653,2.974,3.183,3.362,3.379
3350.03,28,2.464,2.922,2.456,5.984,5.316,2.5,2.585,2.552,6.908,7.314,5.878,2.436,2.523,6.567,4.574,7.095,6.485,2.713,3.102,2.534,2.95,3.246,3.363,3.47
3351.03,28,2.499,2.919,2.496,5.901,5.385,2.584,2.64,2.578,6.922,7.361,5.846,2.522,2.562,6.525,4.481,7.101,6.56,2.708,3.074,2.61,3.028,3.257,3.338,3.39
3352.03,28,2.482,2.907,2.557,5.861,5.332,2.538,2.557,2.558,6.909,7.382,5.862,2.447,2.526,6.612,4.497,7.15,6.47,2.688,3.137,2.629,2.972,3.139,3.383,3.44
3353.03,28,2.484,2.919,2.499,5.945,5.277,2.61,2.51,2.62,6.967,7.364,5.899,2.53,2.605,6.581,4.55,7.161,6.507,2.64,3.068,2.647,3,3.129,3.439,3.471
3354.03,28,2.496,2.953,2.49,5.906,5.307,2.555,2.612,2.527,6.842,7.403,5.902,2.437,2.599,6.637,4.553,7.099,6.469,2.663,3.022,2.663,3.044,3.242,3.319,3.438
3355.03,28,2.53,2.947,2.604,5.985,5.339,2.536,2.549,2.609,6.922,7.373,5.864,2.468,2.657,6.614,4.468,7.084,6.521,2.646,3.032,2.592,3.022,3.157,3.373,3.352
3356.03,28,2.471,2.945,2.5,5.916,5.294,2.542,2.548,2.552,6.895,7.387,5.913,2.454,2.539,6.593,4.533,7.171,6.47,2.596,3.02,2.586,2.985,3.206,3.385,3.408
3357.03,28,2.535,2.904,2.478,5.893,5.356,2.577,2.614,2.587,6.893,7.355,5.927,2.448,2.557,6.58,4.458,7.16,6.556,2.704,3.021,2.644,2.986,3.152,3.315,3.428
3358.03,28,2.528,2.959,2.495,5.911,5.308,2.542,2.494,2.564,6.908,7.341,5.873,2.516,2.556,6.606,4.558,7.178,6.422,2.639,3.072,2.581,3.022,3.262,3.334,3.47
3359.03,28,2.467,2.901,2.463,5.998,5.362,2.565,2.443,2.523,6.955,7.393,5.931,2.462,2.559,6.647,4.527,7.174,6.464,2.623,3.055,2.602,3.032,3.218,3.28,3.395
3360.03,28,2.458,2.925,2.47,5.945,5.394,2.551,2.591,2.613,6.902,7.36,5.864,2.533,2.642,6.624,4.519,7.116,6.493,2.665,3.083,2.66,2.916,3.128,3.303,3.459
3361.03,28,2.543,2.919,2.457,5.87,5.311,2.504,2.597,2.624,6.846,7.331,5.843,2.48,2.618,6.593,4.525,7.14,6.533,2.567,2.996,2.582,2.998,3.234,3.311,3.352
3362.03,28,2.447,2.955,2.449,5.974,5.313,2.536,2.532,2.52,6.83,7.402,5.942,2.461,2.597,6.596,4.518,7.123,6.48,2.601,3.091,2.6,2.963,3.197,3.31,3.368
3363.03,28,2.507,2.891,2.443,5.932,5.299,2.59,2.557,2.57,6.936,7.341,5.895,2.527,2.612,6.617,4.56,7.094,6.49,2.576,3.064,2.565,2.883,3.172,3.283,3.36
3364.03,28,2.505,2.952,2.506,5.91,5.397,2.557,2.553,2.645,6.873,7.365,5.889,2.433,2.591,6.579,4.508,7.138,6.426,2.554,3.059,2.604,2.937,3.122,3.311,3.373
3365.03,28,2.5,2.946,2.488,5.946,5.37,2.55,2.566,2.579,6.897,7.359,5.818,2.448,2.634,6.596,4.561,7.158,6.521,2.608,2.997,2.627,3.013,3.174,3.302,3.419
3366.03,28,2.541,2.948,2.441,5.921,5.296,2.548,2.555,2.505,6.95,7.335,5.846,2.472,2.614,6.539,4.562,7.165,6.487,2.611,3.036,2.635,2.983,3.217,3.292,3.382
3367.03,28,2.51,2.939,2.451,5.9,5.359,2.515,2.583,2.59,6.959,7.342,5.934,2.443,2.598,6.648,4.586,7.131,6.513,2.677,3.031,2.581,2.983,3.131,3.308,3.429
3368.03,28,2.505,2.93,2.468,5.916,5.414,2.567,2.545,2.592,6.916,7.436,5.843,2.504,2.585,6.629,4.54,7.164,6.439,2.577,3.025,2.639,2.982,3.17,3.314,3.343
3369.03,28,2.555,2.934,2.391,5.903,5.431,2.634,2.604,2.599,6.888,7.368,5.911,2.497,2.638,6.613,4.588,7.14,6.437,2.664,2.954,2.568,2.905,3.233,3.346,3.355
3370.03,28,2.49,2.902,2.459,5.958,5.315,2.541,2.539,2.653,6.925,7.343,5.894,2.507,2.554,6.652,4.513,7.109,6.472,2.606,3.076,2.568,2.917,3.16,3.33,3.379
3371.03,28,2.527,2.857,2.481,5.876,5.303,2.541,2.467,2.549,6.93,7.347,5.875,2.483,2.675,6.659,4.509,7.125,6.509,2.64,3.024,2.622,2.926,3.223,3.314,3.307
3372.03,28,2.481,2.936,2.521,5.936,5.297,2.56,2.587,2.547,6.92,7.337,5.872,2.503,2.583,6.603,4.492,7.109,6.478,2.62,2.997,2.586,2.975,3.17,3.388,3.412
3373.03,28,2.486,2.932,2.496,6,5.379,2.519,2.527,2.557,6.966,7.384,5.823,2.507,2.559,6.584,4.524,7.094,6.529,2.599,2.981,2.627,2.927,3.185,3.319,3.376
3374.03,28,2.463,2.953,2.518,5.926,5.375,2.553,2.529,2.613,6.905,7.314,5.841,2.498,2.594,6.552,4.528,7.163,6.566,2.599,2.999,2.652,2.981,3.1,3.294,3.356
3375.03,28,2.439,2.96,2.56,5.918,5.282,2.587,2.588,2.616,6.925,7.357,5.891,2.445,2.617,6.572,4.514,7.053,6.537,2.596,3.007,2.54,2.917,3.153,3.285,3.342
3376.03,28,2.541,2.921,2.434,5.931,5.357,2.522,2.548,2.569,6.893,7.332,5.894,2.51,2.585,6.573,4.545,7.111,6.549,2.642,3.07,2.597,2.948,3.178,3.348,3.325
3377.03,28,2.54,2.931,2.549,5.908,5.344,2.586,2.613,2.596,6.947,7.319,5.878,2.501,2.517,6.614,4.523,7.117,6.437,2.673,2.992,2.643,2.932,3.143,3.331,3.356
3378.03,28,2.512,2.905,2.49,5.946,5.364,2.529,2.546,2.635,6.923,7.342,5.839,2.526,2.62,6.546,4.526,7.163,6.453,2.567,2.959,2.668,2.954,3.117,3.342,3.295
3379.03,28,2.513,2.901,2.511,5.977,5.28,2.531,2.559,2.599,6.886,7.45,5.851,2.482,2.564,6.632,4.506,7.143,6.504,2.578,2.994,2.566,2.923,3.118,3.291,3.418
3380.03,28,2.509,2.988,2.457,5.902,5.341,2.558,2.612,2.469,6.88,7.352,5.883,2.473,2.599,6.629,4.474,7.092,6.461,2.653,3.026,2.573,2.861,3.126,3.289,3.358
3381.03,28,2.493,2.972,2.511,5.942,5.324,2.559,2.631,2.576,6.885,7.379,5.86,2.444,2.626,6.618,4.574,7.109,6.53,2.642,2.993,2.595,2.878,3.14,3.275,3.332
3382.03,28,2.523,2.936,2.508,5.906,5.357,2.584,2.6,2.563,6.894,7.32,5.845,2.411,2.574,6.604,4.551,7.105,6.537,2.598,2.985,2.602,2.906,3.141,3.313,3.306
3383.03,28,2.504,2.884,2.502,5.913,5.312,2.553,2.591,2.562,6.894,7.333,5.937,2.472,2.618,6.565,4.552,7.111,6.403,2.631,2.943,2.627,2.914,3.173,3.315,3.405
3384.03,28,2.478,2.889,2.441,5.984,5.332,2.514,2.564,2.657,6.898,7.407,5.946,2.505,2.585,6.606,4.558,7.121,6.489,2.571,2.961,2.588,2.978,3.103,3.262,3.334
3385.03,28,2.528,2.918,2.452,5.962,5.336,2.549,2.535,2.617,6.92,7.308,5.934,2.486,2.558,6.666,4.569,7.183,6.495,2.628,3.001,2.617,2.883,3.105,3.336,3.31
3386.03,28,2.546,2.929,2.497,5.943,5.248,2.639,2.565,2.569,6.902,7.322,5.871,2.448,2.598,6.628,4.521,7.137,6.525,2.591,3.013,2.612,2.891,3.157,3.318,3.359
3387.03,28,2.466,2.945,2.467,5.918,5.395,2.541,2.577,2.588,6.868,7.368,5.926,2.512,2.629,6.572,4.546,7.128,6.483,2.662,2.965,2.611,2.847,3.119,3.236,3.35
3388.03,28,2.516,2.93,2.48,5.951,5.292,2.551,2.591,2.647,6.903,7.364,5.905,2.528,2.58,6.638,4.542,7.199,6.498,2.618,2.899,2.563,2.893,3.108,3.313,3.394
3389.03,28,2.478,2.95,2.473,5.897,5.33,2.555,2.583,2.635,6.957,7.362,5.9,2.481,2.611,6.647,4.501,7.126,6.451,2.605,2.951,2.629,2.902,3.144,3.275,3.297
3390.03,28,2.532,2.844,2.516,5.944,5.34,2.499,2.553,2.544,6.942,7.353,5.905,2.474,2.549,6.603,4.554,7.151,6.407,2.596,2.898,2.597,2.854,3.102,3.297,3.334
3391.03,28,2.545,2.926,2.452,5.955,5.385,2.594,2.576,2.553,6.88,7.357,5.907,2.431,2.601,6.567,4.51,7.064,6.482,2.6,2.95,2.536,2.866,3.128,3.298,3.321
3392.03,28,2.545,2.901,2.459,5.893,5.298,2.514,2.635,2.63,6.916,7.395,5.937,2.421,2.526,6.561,4.587,7.142,6.499,2.636,2.929,2.642,2.989,3.107,3.214,3.285
3393.03,28,2.48,2.936,2.441,5.858,5.349,2.528,2.542,2.613,6.899,7.393,5.867,2.521,2.583,6.592,4.562,7.135,6.421,2.545,2.928,2.647,2.889,3.153,3.304,3.277
3394.03,28,2.523,2.903,2.494,5.948,5.329,2.607,2.581,2.644,6.877,7.335,5.869,2.442,2.61,6.519,4.503,7.079,6.498,2.593,2.905,2.604,2.837,3.15,3.239,3.272
3395.03,28,2.503,2.976,2.451,5.913,5.333,2.613,2.555,2.589,6.906,7.305,5.912,2.464,2.623,6.62,4.52,7.161,6.461,2.643,2.963,2.588,2.883,3.076,3.238,3.308
3396.03,28,2.487,2.927,2.482,5.963,5.371,2.576,2.587,2.568,6.891,7.324,5.911,2.462,2.586,6.559,4.508,7.183,6.484,2.579,2.911,2.632,2.84,3.109,3.22,3.313
3397.03,28,2.457,2.953,2.504,5.868,5.297,2.581,2.6,2.575,6.971,7.293,5.844,2.478,2.59,6.6,4.596,7.14,6.427,2.671,2.946,2.603,2.896,3.041,3.239,3.258
3398.03,28,2.552,2.949,2.493,5.936,5.276,2.588,2.569,2.592,6.955,7.303,5.866,2.471,2.556,6.648,4.536,7.202,6.489,2.589,2.977,2.564,2.891,3.04,3.275,3.3
3399.03,28,2.545,2.912,2.506,5.881,5.307,2.573,2.604,2.575,6.961,7.373,5.871,2.494,2.595,6.612,4.532,7.141,6.456,2.622,2.906,2.562,2.819,3.096,3.247,3.232
3400.03,28,2.494,2.945,2.478,5.88,5.302,2.581,2.541,2.527,6.945,7.334,5.824,2.46,2.635,6.598,4.556,7.121,6.51,2.585,2.945,2.591,2.808,3.117,3.23,3.273
3401.03,28,2.518,3.032,2.481,5.921,5.358,2.509,2.6,2.642,6.913,7.342,5.92,2.495,2.553,6.636,4.554,7.115,6.507,2.611,2.978,2.629,2.844,3.129,3.233,3.295
3402.03,28,2.477,2.932,2.48,5.925,5.347,2.499,2.596,2.539,6.92,7.353,5.866,2.512,2.601,6.594,4.439,7.143,6.52,2.615,2.898,2.611,2.953,3.118,3.246,3.331
3403.03,28,2.522,2.933,2.521,5.957,5.277,2.548,2.51,2.595,6.854,7.359,5.858,2.5,2.59,6.651,4.569,7.146,6.484,2.697,2.848,2.611,2.793,3.162,3.249,3.277
3404.03,28,2.464,2.97,2.514,5.948,5.373,2.565,2.506,2.622,6.865,7.35,5.824,2.481,2.635,6.599,4.412,7.134,6.443,2.603,2.927,2.549,2.839,3.089,3.216,3.3
3405.03,28,2.468,2.929,2.486,5.944,5.339,2.554,2.674,2.643,6.956,7.323,5.918,2.44,2.591,6.551,4.569,7.104,6.571,2.603,2.887,2.607,2.805,3.084,3.225,3.2
3406.03,28,2.574,2.93,2.498,5.975,5.352,2.552,2.665,2.603,6.932,7.364,5.9,2.51,2.548,6.642,4.534,7.176,6.447,2.576,2.837,2.633,2.837,3.066,3.184,3.262
3407.03,28,2.466,2.928,2.524,5.937,5.397,2.583,2.633,2.593,6.957,7.349,5.915,2.473,2.621,6.654,4.553,7.093,6.512,2.61,2.92,2.563,2.886,3.105,3.275,3.264
3408.03,28,2.446,2.982,2.459,5.911,5.352,2.527,2.587,2.629,6.927,7.349,5.876,2.51,2.529,6.603,4.543,7.113,6.484,2.644,2.95,2.637,2.814,3.053,3.194,3.252
3409.03,28,2.54,2.955,2.479,5.901,5.36,2.528,2.544,2.597,6.934,7.397,5.833,2.497,2.666,6.658,4.589,7.093,6.448,2.571,2.812,2.585,2.798,3.054,3.279,3.236
3410.03,28,2.541,2.928,2.55,5.969,5.337,2.608,2.607,2.558,6.92,7.416,5.892,2.51,2.549,6.594,4.548,7.181,6.481,2.569,2.852,2.615,2.851,3.063,3.172,3.291
3411.03,28,2.516,2.931,2.524,5.948,5.363,2.547,2.624,2.649,6.902,7.368,5.929,2.545,2.596,6.567,4.503,7.093,6.562,2.633,2.905,2.618,2.835,3.105,3.254,3.321
3412.03,28,2.502,2.917,2.445,5.929,5.304,2.519,2.551,2.611,6.889,7.356,5.863,2.456,2.548,6.522,4.509,7.158,6.53,2.57,2.909,2.599,2.815,3.053,3.241,3.266
3413.03,28,2.493,2.936,2.5,5.925,5.32,2.493,2.574,2.618,6.895,7.397,5.885,2.479,2.613,6.65,4.499,7.182,6.47,2.655,2.839,2.562,2.846,3.07,3.193,3.288
3414.03,28,2.493,2.92,2.542,5.939,5.338,2.587,2.608,2.658,6.984,7.364,5.836,2.427,2.593,6.719,4.555,7.104,6.541,2.614,2.852,2.609,2.79,3.041,3.173,3.26
3415.03,28,2.505,2.917,2.461,5.961,5.301,2.549,2.622,2.597,6.916,7.348,5.901,2.506,2.638,6.613,4.558,7.122,6.54,2.626,2.839,2.602,2.809,3.023,3.272,3.205
3416.03,28,2.472,2.923,2.5,5.932,5.336,2.538,2.55,2.563,6.915,7.315,5.899,2.513,2.572,6.569,4.548,7.202,6.437,2.601,2.836,2.595,2.767,3.032,3.256,3.262
3417.03,28,2.502,2.997,2.432,5.864,5.304,2.617,2.56,2.627,6.95,7.334,5.952,2.534,2.576,6.634,4.551,7.145,6.507,2.618,2.884,2.547,2.743,3.099,3.198,3.244
3418.03,28,2.509,2.972,2.474,5.976,5.343,2.66,2.53,2.635,6.952,7.33,5.865,2.443,2.553,6.602,4.513,7.12,6.499,2.615,2.892,2.581,2.779,3.046,3.176,3.26
3419.03,28,2.481,2.978,2.472,5.972,5.351,2.588,2.506,2.595,6.923,7.461,5.891,2.409,2.62,6.592,4.528,7.09,6.42,2.613,2.858,2.576,2.748,3.078,3.19,3.268
3420.03,28,2.518,2.921,2.494,5.879,5.413,2.527,2.58,2.625,6.96,7.395,5.882,2.465,2.538,6.573,4.536,7.156,6.479,2.551,2.846,2.62,2.783,2.983,3.161,3.155
3421.03,28,2.515,2.954,2.53,5.914,5.312,2.576,2.592,2.564,6.895,7.384,5.893,2.51,2.541,6.597,4.56,7.197,6.517,2.632,2.828,2.596,2.776,3.022,3.161,3.231
3422.03,28,2.464,2.933,2.454,5.893,5.396,2.501,2.555,2.628,6.916,7.323,5.931,2.428,2.546,6.572,4.469,7.113,6.486,2.563,2.862,2.627,2.791,3.042,3.21,3.225
3423.03,28,2.545,2.918,2.527,5.951,5.309,2.553,2.57,2.587,6.921,7.368,5.9,2.453,2.572,6.583,4.607,7.09,6.456,2.64,2.867,2.623,2.813,3.004,3.222,3.304
3424.03,28,2.513,2.939,2.462,5.915,5.341,2.511,2.533,2.576,6.877,7.297,5.904,2.5,2.581,6.576,4.532,7.231,6.502,2.652,2.877,2.677,2.799,3.059,3.2,3.248
3425.03,28,2.512,2.882,2.4,5.927,5.258,2.558,2.583,2.55,6.895,7.403,5.857,2.489,2.576,6.642,4.527,7.134,6.497,2.6,2.843,2.605,2.795,3.004,3.172,3.28
3426.03,28,2.475,2.928,2.558,5.912,5.293,2.61,2.601,2.606,6.92,7.368,5.844,2.503,2.571,6.596,4.513,7.149,6.5,2.593,2.867,2.581,2.799,3.047,3.209,3.257
3427.03,28,2.502,2.908,2.486,5.876,5.331,2.523,2.578,2.651,6.894,7.383,5.851,2.43,2.58,6.586,4.566,7.121,6.486,2.579,2.859,2.612,2.841,2.964,3.251,3.159
3428.03,28,2.514,2.995,2.522,5.954,5.315,2.56,2.565,2.607,6.93,7.361,5.901,2.5,2.565,6.572,4.502,7.077,6.493,2.629,2.827,2.612,2.768,2.999,3.141,3.215
3429.03,28,2.51,3.025,2.45,5.915,5.339,2.62,2.603,2.618,6.924,7.405,5.93,2.519,2.533,6.589,4.478,7.169,6.469,2.697,2.914,2.588,2.761,3.045,3.212,3.267
3430.03,28,2.532,2.922,2.493,5.879,5.303,2.504,2.575,2.559,6.927,7.413,5.861,2.49,2.557,6.666,4.54,7.144,6.477,2.649,2.783,2.639,2.763,3.023,3.139,3.203
3431.03,28,2.53,2.965,2.493,5.931,5.339,2.539,2.525,2.555,6.908,7.325,5.885,2.437,2.589,6.579,4.572,7.113,6.444,2.637,2.828,2.653,2.688,2.997,3.106,3.236
3432.03,28,2.491,2.962,2.511,5.952,5.264,2.571,2.602,2.601,6.933,7.339,5.836,2.492,2.624,6.598,4.505,7.13,6.495,2.683,2.82,2.626,2.751,2.953,3.158,3.246
3433.03,28,2.522,2.948,2.541,5.931,5.362,2.571,2.635,2.606,6.864,7.379,5.893,2.485,2.554,6.714,4.469,7.2,6.446,2.682,2.788,2.64,2.75,3.015,3.162,3.188
3434.03,28,2.49,2.945,2.502,5.951,5.29,2.564,2.561,2.628,6.909,7.383,5.924,2.497,2.635,6.563,4.505,7.244,6.463,2.573,2.833,2.571,2.747,3.064,3.106,3.223
3435.03,28,2.521,2.987,2.459,5.958,5.369,2.634,2.502,2.575,6.909,7.348,5.859,2.456,2.59,6.655,4.552,7.085,6.444,2.623,2.791,2.625,2.75,3.005,3.177,3.23
3436.03,28,2.528,2.863,2.488,5.964,5.39,2.595,2.623,2.553,6.926,7.353,5.875,2.458,2.612,6.626,4.565,7.112,6.479,2.635,2.795,2.64,2.805,3.01,3.128,3.161
3437.03,28,2.507,2.904,2.534,5.876,5.344,2.513,2.562,2.626,6.997,7.352,5.883,2.531,2.646,6.605,4.582,7.196,6.49,2.629,2.781,2.619,2.724,3.017,3.189,3.18
3438.03,28,2.483,2.977,2.513,5.962,5.322,2.576,2.532,2.586,6.919,7.352,5.856,2.444,2.623,6.596,4.539,7.118,6.467,2.597,2.859,2.626,2.75,2.996,3.15,3.213
3439.03,28,2.58,2.939,2.463,5.876,5.219,2.58,2.586,2.615,6.849,7.371,5.906,2.507,2.596,6.583,4.534,7.071,6.461,2.615,2.835,2.602,2.78,2.976,3.113,3.127
3440.03,28,2.502,2.975,2.451,5.903,5.252,2.517,2.574,2.619,6.883,7.335,5.897,2.528,2.607,6.613,4.556,7.121,6.469,2.586,2.847,2.555,2.723,3.065,3.182,3.164
3441.03,28,2.545,2.956,2.451,5.953,5.349,2.574,2.613,2.542,6.924,7.422,5.899,2.493,2.594,6.63,4.487,7.092,6.451,2.591,2.762,2.57,2.719,2.955,3.142,3.153
3442.03,28,2.551,2.875,2.548,5.911,5.394,2.535,2.545,2.574,6.963,7.292,5.894,2.501,2.567,6.632,4.527,7.094,6.549,2.563,2.751,2.645,2.75,2.934,3.105,3.176
3443.03,28,2.464,2.886,2.498,5.906,5.294,2.521,2.583,2.564,6.926,7.329,5.954,2.494,2.578,6.615,4.455,7.192,6.524,2.585,2.781,2.604,2.823,2.895,3.143,3.139
3444.03,28,2.494,2.949,2.441,5.911,5.306,2.629,2.584,2.57,6.933,7.379,5.89,2.524,2.582,6.613,4.528,7.133,6.504,2.628,2.741,2.539,2.663,3.036,3.211,3.197
3445.03,28,2.45,2.968,2.488,5.946,5.306,2.59,2.569,2.568,7.009,7.365,5.88,2.441,2.505,6.599,4.486,7.065,6.507,2.604,2.777,2.687,2.724,2.915,3.128,3.176
3446.03,28,2.63,2.922,2.441,5.918,5.309,2.571,2.573,2.576,6.917,7.337,5.829,2.479,2.584,6.593,4.531,7.189,6.45,2.617,2.764,2.695,2.696,3.019,3.061,3.16
3447.03,28,2.493,2.913,2.488,5.953,5.331,2.544,2.623,2.604,6.929,7.319,5.876,2.517,2.61,6.607,4.494,7.11,6.524,2.608,2.756,2.57,2.717,2.972,3.129,3.187
3448.03,28,2.545,2.917,2.476,5.944,5.387,2.581,2.569,2.647,6.875,7.342,5.921,2.484,2.509,6.6,4.461,7.129,6.459,2.601,2.772,2.612,2.726,2.963,3.141,3.164
3449.03,28,2.511,2.945,2.561,5.901,5.366,2.562,2.62,2.653,6.913,7.369,5.949,2.463,2.633,6.617,4.527,7.078,6.565,2.58,2.818,2.639,2.667,2.972,3.11,3.169
3450.03,28,2.494,2.865,2.443,5.914,5.342,2.526,2.557,2.615,6.887,7.359,5.934,2.496,2.583,6.635,4.413,7.144,6.451,2.595,2.751,2.609,2.665,3.001,3.132,3.09
3451.03,28,2.5,2.941,2.425,5.929,5.31,2.584,2.511,2.629,6.918,7.402,5.884,2.453,2.581,6.668,4.586,7.048,6.532,2.622,2.722,2.576,2.767,2.938,3.151,3.154
3452.03,28,2.529,2.973,2.485,5.85,5.314,2.552,2.627,2.55,6.92,7.342,5.917,2.501,2.614,6.624,4.483,7.152,6.523,2.601,2.741,2.59,2.754,2.957,3.161,3.107
3453.03,28,2.538,2.93,2.5,5.902,5.31,2.567,2.532,2.571,6.922,7.364,5.901,2.45,2.64,6.593,4.582,7.171,6.478,2.67,2.715,2.622,2.73,2.921,3.158,3.094
3454.03,28,2.557,2.924,2.484,5.925,5.347,2.56,2.529,2.591,6.891,7.37,5.886,2.472,2.631,6.53,4.551,7.077,6.576,2.646,2.773,2.618,2.762,2.931,3.118,3.145
3455.03,28,2.574,2.87,2.464,5.884,5.334,2.625,2.605,2.58,6.931,7.357,5.886,2.502,2.545,6.618,4.507,7.093,6.477,2.659,2.746,2.68,2.674,2.893,3.114,3.18
3456.03,28,2.499,2.979,2.421,5.893,5.331,2.593,2.519,2.572,6.948,7.336,5.887,2.41,2.605,6.56,4.532,7.12,6.496,2.645,2.721,2.596,2.631,2.872,3.136,3.121
3457.03,28,2.558,2.947,2.488,5.844,5.343,2.543,2.56,2.588,6.93,7.348,5.901,2.579,2.605,6.63,4.505,7.165,6.415,2.596,2.707,2.643,2.715,2.954,3.101,3.196
3458.03,28,2.466,2.914,2.452,5.891,5.352,2.574,2.584,2.648,6.89,7.29,5.92,2.457,2.551,6.573,4.434,7.096,6.406,2.551,2.741,2.529,2.66,2.934,3.067,3.115
3459.03,28,2.489,2.899,2.498,5.908,5.295,2.568,2.559,2.589,6.891,7.319,5.897,2.502,2.609,6.633,4.493,7.197,6.458,2.61,2.746,2.545,2.684,2.959,3.084,3.212
3460.03,28,2.471,2.932,2.5,5.939,5.301,2.611,2.623,2.589,6.899,7.39,5.905,2.442,2.58,6.582,4.551,7.094,6.486,2.6,2.727,2.627,2.707,2.969,3.109,3.164
3461.03,28,2.509,2.906,2.489,5.947,5.316,2.595,2.627,2.598,6.931,7.319,5.824,2.484,2.693,6.572,4.547,7.075,6.499,2.661,2.769,2.567,2.598,2.887,3.086,3.12
3462.03,28,2.491,2.952,2.516,5.911,5.354,2.674,2.558,2.558,6.917,7.352,5.905,2.481,2.691,6.605,4.565,7.092,6.467,2.673,2.68,2.643,2.579,2.939,3.126,3.128
3463.03,28,2.462,2.959,2.421,5.879,5.292,2.533,2.525,2.537,6.937,7.38,5.878,2.474,2.576,6.597,4.489,7.123,6.496,2.647,2.691,2.611,2.676,2.938,3.141,3.167
3464.03,28,2.523,3.011,2.541,5.88,5.297,2.584,2.538,2.54,6.884,7.292,5.878,2.456,2.666,6.548,4.576,7.094,6.49,2.619,2.688,2.648,2.663,2.926,3.09,3.119
3465.03,28,2.474,2.914,2.498,5.986,5.313,2.535,2.605,2.576,6.861,7.358,5.895,2.521,2.603,6.537,4.507,7.2,6.436,2.542,2.678,2.597,2.683,2.88,3.143,3.164
3466.03,28,2.521,2.98,2.431,5.948,5.348,2.539,2.595,2.57,6.935,7.355,5.897,2.457,2.57,6.567,4.491,7.096,6.424,2.54,2.706,2.648,2.597,2.898,3.103,3.13
3467.03,28,2.499,2.912,2.515,5.908,5.384,2.654,2.582,2.588,6.899,7.336,5.923,2.516,2.637,6.601,4.52,7.156,6.429,2.623,2.691,2.612,2.642,2.953,3.088,3.015
3468.03,28,2.502,2.955,2.529,5.91,5.38,2.561,2.617,2.581,6.896,7.323,5.914,2.496,2.585,6.624,4.532,7.199,6.496,2.599,2.753,2.602,2.578,2.94,3.131,3.052
3469.03,28,2.488,2.927,2.449,5.922,5.309,2.581,2.553,2.623,6.916,7.344,5.873,2.49,2.555,6.583,4.473,7.114,6.453,2.654,2.654,2.634,2.651,2.922,3.094,3.089
3470.03,28,2.576,2.972,2.45,5.851,5.357,2.537,2.513,2.632,6.854,7.34,5.835,2.447,2.636,6.638,4.535,7.137,6.432,2.643,2.735,2.682,2.602,2.886,3.017,3.119
3471.03,28,2.502,2.905,2.461,5.897,5.416,2.519,2.584,2.627,6.934,7.445,5.907,2.459,2.607,6.632,4.564,7.127,6.469,2.619,2.699,2.594,2.679,2.927,3.149,3.105
3472.03,28,2.53,2.917,2.476,5.922,5.373,2.604,2.612,2.592,6.907,7.291,5.931,2.475,2.598,6.628,4.578,7.065,6.45,2.674,2.663,2.596,2.675,2.87,3.068,3.149
3473.03,28,2.49,2.937,2.471,5.897,5.362,2.602,2.607,2.603,6.915,7.329,5.898,2.477,2.583,6.62,4.548,7.123,6.485,2.662,2.7,2.678,2.678,2.889,3.062,3.123
3474.03,28,2.484,2.948,2.5,5.9,5.309,2.599,2.583,2.657,6.972,7.377,5.873,2.547,2.593,6.594,4.508,7.129,6.461,2.541,2.699,2.642,2.695,2.953,3.087,3.122
3475.03,28,2.535,2.93,2.511,5.894,5.31,2.564,2.539,2.616,6.864,7.389,5.93,2.487,2.568,6.579,4.522,7.111,6.453,2.637,2.748,2.671,2.571,2.914,3.055,3.086
3476.03,28,2.511,3.012,2.49,5.89,5.369,2.607,2.531,2.588,6.941,7.329,5.897,2.501,2.572,6.614,4.554,7.102,6.471,2.612,2.67,2.592,2.632,2.864,3.095,3.109
3477.03,28,2.527,2.968,2.52,5.945,5.362,2.591,2.557,2.578,6.818,7.428,5.818,2.486,2.544,6.646,4.483,7.131,6.455,2.632,2.639,2.638,2.62,2.867,3.057,3.09
3478.03,28,2.465,2.953,2.454,5.944,5.341,2.594,2.573,2.598,6.911,7.387,5.94,2.474,2.549,6.612,4.534,7.238,6.511,2.6,2.699,2.655,2.632,2.895,3.072,3.07
3479.03,28,2.561,2.926,2.48,5.883,5.321,2.6,2.515,2.504,6.913,7.407,5.891,2.444,2.618,6.588,4.621,7.15,6.445,2.641,2.657,2.576,2.614,2.896,3.068,3.09
3480.03,28,2.475,2.885,2.511,5.899,5.387,2.595,2.576,2.536,6.928,7.365,5.948,2.477,2.643,6.597,4.544,7.025,6.473,2.616,2.621,2.651,2.624,2.934,3.101,3.074
3481.03,28,2.533,2.912,2.469,5.948,5.323,2.622,2.563,2.567,6.916,7.332,5.894,2.518,2.638,6.584,4.517,7.103,6.494,2.647,2.646,2.55,2.637,2.904,3.061,3.101
3482.03,28,2.552,2.995,2.516,5.896,5.382,2.602,2.587,2.589,6.914,7.334,5.791,2.515,2.536,6.614,4.563,7.124,6.488,2.639,2.606,2.623,2.625,2.824,3.094,3.075
3483.03,28,2.49,3.006,2.472,5.889,5.296,2.545,2.625,2.539,6.866,7.394,5.889,2.443,2.635,6.534,4.523,7.112,6.479,2.595,2.666,2.613,2.601,2.887,3.06,3.052
3484.03,28,2.54,2.93,2.501,5.864,5.34,2.585,2.636,2.699,6.895,7.368,5.942,2.458,2.574,6.608,4.533,7.146,6.483,2.561,2.647,2.64,2.589,2.877,3.03,3.024
3485.03,28,2.6,2.956,2.481,5.913,5.292,2.58,2.563,2.543,6.947,7.384,5.812,2.494,2.629,6.611,4.564,7.154,6.452,2.679,2.62,2.624,2.611,2.883,3.082,3.071
3486.03,28,2.532,2.889,2.536,5.887,5.338,2.635,2.573,2.555,6.955,7.342,5.901,2.458,2.586,6.592,4.484,7.146,6.452,2.613,2.643,2.646,2.574,2.852,3.114,3.109
3487.03,28,2.517,2.952,2.485,5.946,5.285,2.557,2.602,2.62,6.876,7.348,5.921,2.527,2.54,6.644,4.514,7.095,6.5,2.577,2.69,2.617,2.525,2.892,3.063,3.031
3488.03,28,2.47,2.927,2.492,5.908,5.326,2.515,2.55,2.53,6.872,7.364,5.817,2.503,2.541,6.572,4.528,7.136,6.524,2.587,2.655,2.608,2.666,2.885,3.09,3.091
3489.03,28,2.527,2.927,2.488,5.921,5.396,2.608,2.581,2.528,6.92,7.329,5.887,2.457,2.538,6.585,4.492,7.129,6.465,2.644,2.61,2.607,2.664,2.798,3.033,3.055
3490.03,28,2.529,2.884,2.47,6.003,5.292,2.591,2.539,2.593,6.854,7.392,5.834,2.483,2.602,6.599,4.565,7.12,6.608,2.66,2.62,2.67,2.601,2.842,3.063,3.157
3491.03,28,2.451,2.949,2.517,5.947,5.328,2.598,2.539,2.577,6.917,7.437,5.898,2.5,2.622,6.609,4.552,7.074,6.485,2.676,2.616,2.615,2.624,2.877,2.958,3.072
3492.03,28,2.498,3.006,2.493,5.901,5.408,2.554,2.608,2.594,6.911,7.375,5.876,2.477,2.598,6.633,4.557,7.171,6.487,2.581,2.59,2.587,2.592,2.819,3.042,3.063
3493.03,28,2.549,2.926,2.474,5.939,5.266,2.601,2.565,2.509,6.954,7.372,5.868,2.464,2.535,6.622,4.551,7.106,6.499,2.589,2.637,2.673,2.622,2.812,3.06,3.092
3494.03,28,2.46,2.936,2.477,5.89,5.296,2.527,2.627,2.58,6.843,7.364,5.902,2.464,2.594,6.605,4.503,7.086,6.476,2.582,2.608,2.605,2.574,2.847,3.067,3.092
3495.03,28,2.53,2.928,2.434,5.952,5.353,2.517,2.611,2.574,6.916,7.355,5.987,2.49,2.609,6.628,4.529,7.156,6.496,2.589,2.589,2.628,2.586,2.813,3.098,3.076
3496.03,28,2.526,3,2.492,5.904,5.37,2.567,2.587,2.556,6.882,7.359,5.937,2.44,2.635,6.599,4.484,7.153,6.475,2.591,2.632,2.641,2.662,2.913,3.011,3.034
3497.03,28,2.506,2.962,2.439,5.923,5.334,2.582,2.527,2.547,6.916,7.373,5.874,2.478,2.547,6.564,4.473,7.194,6.466,2.637,2.517,2.636,2.596,2.887,3.028,3.039
3498.03,28,2.517,2.976,2.484,5.916,5.321,2.538,2.591,2.563,6.899,7.383,5.875,2.493,2.538,6.612,4.541,7.177,6.533,2.631,2.583,2.586,2.609,2.807,3.035,3.099
3499.03,28,2.508,2.953,2.477,5.981,5.356,2.61,2.611,2.632,6.93,7.363,5.849,2.5,2.528,6.55,4.57,7.161,6.521,2.671,2.549,2.589,2.59,2.86,2.99,3.045
3500.03,28,2.523,2.933,2.47,5.864,5.331,2.566,2.635,2.559,6.99,7.306,5.871,2.51,2.585,6.623,4.463,7.156,6.502,2.627,2.59,2.631,2.617,2.77,3.048,3.018
3501.03,28,2.508,2.997,2.521,5.926,5.319,2.545,2.623,2.583,6.953,7.348,5.93,2.483,2.593,6.64,4.501,7.099,6.51,2.592,2.571,2.605,2.549,2.842,2.994,2.999
3502.03,28,2.532,2.943,2.495,5.931,5.317,2.57,2.604,2.61,6.938,7.419,5.854,2.503,2.557,6.578,4.507,7.135,6.522,2.584,2.583,2.63,2.618,2.833,3.023,3.104
3503.03,28,2.491,2.923,2.533,5.921,5.326,2.643,2.595,2.598,6.929,7.328,5.908,2.559,2.567,6.604,4.54,7.135,6.463,2.607,2.544,2.625,2.689,2.895,3.011,3.037
3504.03,28,2.469,2.928,2.491,5.87,5.287,2.535,2.6,2.619,6.913,7.409,5.867,2.47,2.6,6.535,4.551,7.109,6.497,2.659,2.58,2.636,2.634,2.723,2.969,2.982
3505.03,28,2.496,2.971,2.477,5.902,5.348,2.612,2.595,2.588,6.955,7.337,5.868,2.514,2.618,6.562,4.538,7.131,6.465,2.618,2.547,2.583,2.626,2.88,2.985,3.005
3506.03,28,2.465,2.967,2.446,5.934,5.315,2.551,2.62,2.643,6.873,7.337,5.904,2.476,2.643,6.576,4.449,7.066,6.531,2.618,2.58,2.677,2.577,2.783,3.05,3.018
3507.03,28,2.567,2.942,2.478,5.919,5.308,2.54,2.63,2.591,6.889,7.334,5.891,2.436,2.597,6.627,4.549,7.182,6.51,2.609,2.611,2.65,2.591,2.789,2.956,3.042
3508.03,28,2.504,3,2.404,5.925,5.357,2.548,2.624,2.621,6.989,7.393,5.839,2.522,2.622,6.554,4.448,7.031,6.481,2.609,2.625,2.629,2.638,2.842,3.018,3.027
3509.03,28,2.571,2.909,2.445,5.977,5.365,2.625,2.574,2.551,6.906,7.345,5.798,2.594,2.578,6.565,4.573,7.115,6.502,2.69,2.539,2.649,2.628,2.789,2.998,3.012
3510.03,28,2.541,2.979,2.514,5.889,5.325,2.594,2.525,2.551,6.905,7.365,5.877,2.498,2.584,6.581,4.472,7.139,6.539,2.648,2.544,2.608,2.639,2.828,2.964,3.043
3511.03,28,2.484,2.941,2.537,5.96,5.367,2.657,2.548,2.523,6.888,7.355,5.869,2.491,2.546,6.586,4.531,7.109,6.452,2.561,2.552,2.617,2.709,2.83,3.004,3.001
3512.03,28,2.486,2.895,2.558,5.934,5.391,2.68,2.603,2.592,6.899,7.383,5.835,2.469,2.561,6.628,4.519,7.138,6.418,2.617,2.528,2.586,2.624,2.769,2.925,2.957
3513.03,28,2.552,2.915,2.454,5.917,5.389,2.626,2.609,2.548,6.912,7.366,5.847,2.478,2.612,6.595,4.549,7.151,6.454,2.69,2.517,2.626,2.572,2.799,2.989,2.97
3514.03,28,2.464,2.914,2.495,5.851,5.366,2.575,2.596,2.588,6.928,7.391,5.901,2.557,2.555,6.581,4.508,7.134,6.528,2.694,2.56,2.605,2.662,2.752,3.007,3.073
3515.03,28,2.526,3.03,2.561,5.998,5.335,2.593,2.577,2.597,6.893,7.359,5.838,2.494,2.559,6.552,4.511,7.124,6.481,2.629,2.561,2.608,2.611,2.798,2.971,3.013
3516.03,28,2.497,2.901,2.545,5.882,5.364,2.554,2.553,2.61,6.94,7.264,5.943,2.474,2.552,6.556,4.541,7.13,6.456,2.622,2.555,2.537,2.633,2.807,2.987,3.053
3517.03,28,2.511,2.922,2.481,5.964,5.356,2.564,2.606,2.581,6.876,7.38,5.826,2.507,2.634,6.619,4.515,7.128,6.516,2.552,2.552,2.609,2.666,2.764,2.962,3.034
3518.03,28,2.484,2.901,2.521,5.888,5.315,2.609,2.537,2.629,6.87,7.406,5.909,2.504,2.678,6.602,4.55,7.144,6.442,2.561,2.496,2.623,2.647,2.755,2.945,2.998
3519.03,28,2.519,2.961,2.468,5.919,5.36,2.506,2.583,2.563,6.83,7.366,5.921,2.434,2.556,6.581,4.508,7.122,6.379,2.652,2.566,2.641,2.595,2.786,3.011,2.946
3520.03,28,2.556,3.026,2.509,5.948,5.367,2.615,2.565,2.588,6.899,7.362,5.918,2.485,2.588,6.583,4.526,7.185,6.453,2.625,2.511,2.615,2.642,2.81,2.947,2.952
3521.03,28,2.453,2.916,2.466,5.893,5.331,2.531,2.581,2.571,6.92,7.322,5.847,2.501,2.543,6.656,4.479,7.148,6.459,2.605,2.552,2.639,2.614,2.819,2.966,2.986
3522.03,28,2.483,2.908,2.474,5.99,5.322,2.665,2.552,2.592,6.951,7.356,5.839,2.55,2.595,6.65,4.615,7.141,6.479,2.612,2.56,2.614,2.649,2.754,2.99,3.057
3523.03,28,2.489,2.94,2.489,5.916,5.339,2.583,2.552,2.577,6.913,7.429,5.91,2.493,2.632,6.606,4.514,7.145,6.494,2.642,2.441,2.666,2.621,2.862,2.988,2.982
3524.03,28,2.533,2.953,2.491,5.919,5.42,2.584,2.525,2.558,6.959,7.395,5.895,2.496,2.598,6.636,4.545,7.101,6.486,2.667,2.56,2.627,2.663,2.73,2.953,2.965
3525.03,28,2.506,2.932,2.484,5.957,5.349,2.599,2.548,2.586,6.919,7.359,5.88,2.498,2.558,6.604,4.564,7.04,6.5,2.632,2.581,2.547,2.676,2.735,2.989,2.939
3526.03,28,2.559,2.944,2.522,5.922,5.278,2.596,2.641,2.584,6.869,7.283,5.839,2.478,2.608,6.654,4.516,7.095,6.553,2.643,2.506,2.591,2.645,2.816,3.004,2.991
3527.03,28,2.519,2.998,2.55,5.942,5.41,2.581,2.633,2.566,6.934,7.394,5.955,2.459,2.607,6.661,4.54,7.11,6.494,2.609,2.525,2.586,2.669,2.776,2.949,2.947
3528.03,28,2.557,2.958,2.474,5.918,5.344,2.577,2.603,2.589,6.916,7.351,5.885,2.524,2.629,6.552,4.543,7.127,6.47,2.569,2.466,2.611,2.655,2.8,2.969,2.92
3529.03,28,2.466,2.971,2.474,5.933,5.334,2.559,2.582,2.616,7,7.374,5.914,2.501,2.647,6.624,4.583,7.106,6.457,2.67,2.5,2.61,2.638,2.758,2.958,2.99
3530.03,28,2.476,2.98,2.45,5.928,5.384,2.617,2.598,2.568,6.918,7.327,5.796,2.434,2.535,6.545,4.543,7.061,6.471,2.653,2.509,2.581,2.656,2.734,2.926,2.949
3531.03,28,2.497,2.949,2.525,5.877,5.336,2.579,2.569,2.608,6.933,7.352,5.823,2.498,2.59,6.536,4.55,7.157,6.438,2.617,2.472,2.606,2.645,2.701,3.007,2.885
3532.03,28,2.456,2.984,2.46,5.875,5.334,2.586,2.614,2.683,6.907,7.397,5.879,2.477,2.655,6.55,4.539,7.135,6.475,2.594,2.487,2.584,2.609,2.781,2.974,2.968
3533.03,28,2.528,2.973,2.475,5.875,5.377,2.615,2.572,2.695,6.968,7.367,5.931,2.526,2.573,6.602,4.546,7.072,6.499,2.601,2.424,2.605,2.654,2.737,2.958,2.918
3534.03,28,2.524,2.9,2.478,5.898,5.27,2.583,2.603,2.578,6.905,7.368,5.899,2.499,2.629,6.654,4.501,7.044,6.526,2.609,2.477,2.59,2.684,2.779,2.948,2.946
3535.03,28,2.527,2.98,2.459,5.964,5.274,2.625,2.564,2.601,6.964,7.393,5.91,2.579,2.598,6.653,4.551,7.16,6.505,2.633,2.447,2.633,2.678,2.769,2.961,2.991
3536.03,28,2.48,2.937,2.55,5.887,5.384,2.62,2.537,2.555,6.909,7.444,5.869,2.484,2.608,6.66,4.554,7.086,6.492,2.628,2.513,2.594,2.579,2.705,2.902,2.973
3537.03,28,2.53,2.888,2.543,5.892,5.39,2.563,2.603,2.583,6.942,7.335,5.908,2.496,2.636,6.6,4.568,7.159,6.57,2.671,2.437,2.63,2.634,2.73,2.946,2.946
3538.03,28,2.536,2.95,2.474,5.928,5.333,2.53,2.606,2.542,6.942,7.304,5.866,2.521,2.611,6.62,4.57,7.138,6.516,2.654,2.473,2.636,2.659,2.766,2.964,2.858
3539.03,28,2.504,2.896,2.458,5.879,5.372,2.591,2.586,2.596,6.951,7.358,5.863,2.491,2.629,6.61,4.503,7.089,6.502,2.562,2.425,2.563,2.667,2.751,2.961,2.949
3540.03,28,2.504,2.923,2.462,5.902,5.351,2.552,2.534,2.581,6.892,7.318,5.835,2.53,2.642,6.617,4.534,7.109,6.498,2.6,2.514,2.67,2.623,2.72,2.943,2.984
3541.03,28,2.491,2.99,2.558,5.921,5.35,2.6,2.574,2.589,6.933,7.383,5.9,2.53,2.549,6.624,4.544,7.109,6.473,2.592,2.453,2.615,2.642,2.742,2.89,2.93
3542.03,28,2.494,2.999,2.473,5.969,5.318,2.584,2.601,2.559,6.89,7.316,5.911,2.468,2.58,6.577,4.613,7.117,6.558,2.617,2.509,2.564,2.611,2.686,2.877,2.883
3543.03,28,2.594,3.004,2.476,5.949,5.333,2.551,2.609,2.57,6.957,7.36,5.894,2.496,2.582,6.566,4.576,7.089,6.441,2.63,2.508,2.63,2.637,2.764,2.968,2.947
3544.03,28,2.507,2.885,2.51,5.898,5.35,2.604,2.527,2.63,6.91,7.35,5.901,2.479,2.59,6.673,4.503,7.123,6.468,2.651,2.498,2.626,2.62,2.747,2.877,2.852
3545.03,28,2.52,2.967,2.482,5.917,5.43,2.584,2.51,2.6,6.912,7.345,5.945,2.493,2.65,6.597,4.505,7.178,6.512,2.665,2.473,2.582,2.715,2.716,2.947,2.948
3546.03,28,2.564,2.847,2.454,5.954,5.337,2.594,2.561,2.597,6.93,7.352,5.863,2.496,2.634,6.623,4.515,7.188,6.566,2.586,2.447,2.617,2.682,2.702,2.87,2.889
3547.03,28,2.536,3.002,2.497,5.869,5.335,2.588,2.615,2.573,6.889,7.376,5.912,2.471,2.601,6.555,4.545,7.146,6.417,2.611,2.47,2.652,2.677,2.74,2.904,2.906
3548.03,28,2.533,2.917,2.507,5.88,5.279,2.579,2.584,2.578,6.96,7.294,5.893,2.498,2.61,6.561,4.461,7.145,6.494,2.62,2.481,2.609,2.648,2.648,2.899,2.875
3549.03,28,2.482,2.924,2.459,5.951,5.365,2.572,2.58,2.661,6.958,7.319,5.895,2.48,2.614,6.601,4.512,7.094,6.558,2.638,2.465,2.674,2.674,2.739,2.888,2.868
3550.03,28,2.527,2.898,2.467,5.896,5.381,2.547,2.583,2.594,6.927,7.306,5.908,2.441,2.612,6.572,4.468,7.158,6.484,2.633,2.476,2.582,2.641,2.688,2.939,2.93
3551.03,28,2.51,2.993,2.497,5.932,5.311,2.564,2.545,2.619,6.969,7.405,5.836,2.516,2.625,6.648,4.545,7.103,6.471,2.615,2.524,2.658,2.617,2.723,2.872,2.932
3552.03,28,2.54,2.93,2.492,5.945,5.333,2.581,2.64,2.548,6.896,7.369,5.881,2.52,2.608,6.644,4.476,7.084,6.532,2.709,2.532,2.587,2.639,2.691,2.907,2.869
3553.03,28,2.448,2.903,2.545,5.929,5.278,2.577,2.627,2.569,6.894,7.356,5.922,2.502,2.612,6.617,4.568,7.136,6.468,2.62,2.478,2.603,2.708,2.669,2.916,2.885
3554.03,28,2.602,2.95,2.511,5.901,5.346,2.572,2.566,2.617,7.005,7.379,5.965,2.534,2.614,6.648,4.564,7.137,6.485,2.685,2.48,2.651,2.659,2.712,2.901,2.917
3555.03,28,2.516,2.909,2.511,5.894,5.347,2.571,2.556,2.573,6.877,7.343,5.894,2.469,2.57,6.598,4.543,7.076,6.466,2.575,2.483,2.611,2.676,2.742,2.892,2.874
3556.03,28,2.503,2.955,2.446,5.932,5.354,2.604,2.613,2.576,6.911,7.371,5.848,2.557,2.549,6.605,4.481,7.092,6.518,2.617,2.499,2.61,2.632,2.646,2.89,2.832
3557.03,28,2.492,2.896,2.469,5.971,5.332,2.601,2.574,2.606,6.892,7.308,5.821,2.459,2.563,6.673,4.575,7.125,6.506,2.63,2.483,2.639,2.6,2.748,2.871,2.921
3558.03,28,2.548,2.979,2.563,5.917,5.346,2.605,2.601,2.59,6.899,7.343,5.881,2.43,2.622,6.606,4.494,7.134,6.537,2.596,2.538,2.539,2.602,2.658,2.879,2.928
3559.03,28,2.488,2.981,2.484,5.869,5.358,2.633,2.565,2.585,6.88,7.372,5.851,2.469,2.568,6.623,4.558,7.068,6.543,2.582,2.472,2.651,2.693,2.728,2.936,2.884
3560.03,28,2.535,3.011,2.464,5.986,5.409,2.641,2.582,2.598,6.95,7.343,5.872,2.503,2.578,6.572,4.503,7.152,6.456,2.572,2.445,2.647,2.674,2.702,2.875,2.895
3561.03,28,2.489,2.997,2.57,5.953,5.368,2.641,2.55,2.588,6.965,7.365,5.886,2.514,2.589,6.597,4.503,7.1,6.516,2.674,2.545,2.618,2.64,2.702,2.885,2.91
3562.03,28,2.55,2.927,2.481,5.91,5.314,2.59,2.543,2.58,6.937,7.362,5.843,2.486,2.589,6.627,4.454,7.172,6.495,2.629,2.453,2.634,2.683,2.686,2.877,2.866
3563.03,28,2.518,2.996,2.476,5.892,5.309,2.583,2.51,2.502,6.884,7.387,5.911,2.52,2.591,6.579,4.561,7.194,6.497,2.663,2.512,2.657,2.594,2.687,2.843,2.891
3564.03,28,2.533,2.931,2.495,5.929,5.323,2.618,2.54,2.63,6.943,7.387,5.868,2.463,2.643,6.639,4.497,7.186,6.491,2.611,2.454,2.589,2.647,2.629,2.889,2.89
3565.03,28,2.516,2.949,2.485,5.908,5.388,2.564,2.585,2.583,6.914,7.379,5.871,2.48,2.622,6.595,4.552,7.127,6.427,2.589,2.521,2.607,2.674,2.677,2.873,2.879
3566.03,28,2.493,2.928,2.49,5.9,5.384,2.622,2.59,2.578,6.901,7.359,5.856,2.511,2.629,6.658,4.487,7.088,6.474,2.617,2.478,2.616,2.686,2.608,2.871,2.893
3567.03,28,2.545,2.91,2.463,5.906,5.375,2.635,2.609,2.586,6.971,7.32,5.859,2.497,2.572,6.589,4.509,7.134,6.492,2.656,2.495,2.56,2.655,2.674,2.819,2.837
3568.03,28,2.54,2.97,2.514,5.9,5.401,2.616,2.61,2.592,6.93,7.368,5.829,2.489,2.563,6.601,4.528,7.086,6.575,2.665,2.536,2.599,2.692,2.644,2.828,2.902
3569.03,28,2.543,2.971,2.463,5.887,5.389,2.582,2.546,2.64,6.9,7.358,5.909,2.465,2.572,6.538,4.48,7.099,6.443,2.647,2.491,2.644,2.608,2.713,2.807,2.826
3570.03,28,2.52,2.916,2.558,5.854,5.349,2.526,2.615,2.656,6.935,7.353,5.808,2.499,2.616,6.573,4.515,7.154,6.47,2.613,2.49,2.648,2.636,2.616,2.838,2.803
3571.03,28,2.435,2.983,2.496,5.917,5.347,2.657,2.558,2.581,6.94,7.358,5.846,2.544,2.609,6.603,4.49,7.102,6.532,2.616,2.546,2.539,2.628,2.662,2.804,2.847
3572.03,28,2.536,3.023,2.401,5.849,5.32,2.569,2.573,2.532,6.894,7.377,5.8,2.504,2.627,6.69,4.562,7.108,6.547,2.625,2.533,2.642,2.713,2.626,2.825,2.862
3573.03,28,2.517,2.941,2.536,5.894,5.368,2.563,2.551,2.565,6.924,7.38,5.887,2.51,2.581,6.569,4.605,7.088,6.503,2.562,2.546,2.526,2.645,2.661,2.856,2.823
3574.03,28,2.475,2.977,2.446,5.93,5.303,2.605,2.594,2.575,6.92,7.346,5.854,2.442,2.538,6.533,4.512,7.059,6.479,2.638,2.547,2.634,2.671,2.612,2.769,2.852
3575.03,28,2.519,2.938,2.489,5.966,5.341,2.605,2.612,2.6,6.912,7.315,5.916,2.515,2.587,6.587,4.52,7.127,6.483,2.673,2.479,2.592,2.588,2.672,2.826,2.908
3576.03,28,2.507,2.954,2.507,5.918,5.332,2.632,2.625,2.544,6.93,7.368,5.842,2.514,2.669,6.547,4.461,7.128,6.47,2.665,2.527,2.594,2.673,2.709,2.836,2.827
3577.03,28,2.559,2.983,2.452,5.919,5.348,2.596,2.588,2.641,6.836,7.421,5.897,2.555,2.654,6.628,4.57,7.089,6.479,2.596,2.494,2.622,2.676,2.609,2.791,2.846
3578.03,28,2.49,3.034,2.514,5.922,5.264,2.617,2.594,2.613,6.901,7.29,5.887,2.478,2.543,6.615,4.493,7.116,6.513,2.635,2.514,2.583,2.729,2.633,2.804,2.816
3579.03,28,2.503,2.957,2.555,5.921,5.277,2.596,2.588,2.629,6.951,7.366,5.84,2.51,2.576,6.631,4.535,7.096,6.49,2.632,2.544,2.6,2.647,2.609,2.803,2.864
3580.03,28,2.49,3.027,2.494,5.903,5.36,2.545,2.541,2.59,6.93,7.284,5.907,2.463,2.624,6.681,4.51,7.154,6.458,2.628,2.507,2.587,2.699,2.66,2.873,2.844
3581.03,28,2.511,2.937,2.511,5.886,5.365,2.61,2.645,2.625,6.899,7.375,5.811,2.489,2.645,6.551,4.568,7.041,6.565,2.649,2.526,2.65,2.644,2.618,2.717,2.808
3582.03,28,2.452,2.964,2.439,5.908,5.359,2.586,2.538,2.64,6.98,7.342,5.887,2.521,2.601,6.582,4.492,7.093,6.508,2.567,2.483,2.623,2.673,2.65,2.834,2.832
3583.03,28,2.593,2.956,2.452,5.888,5.325,2.564,2.565,2.583,6.892,7.313,5.881,2.525,2.575,6.594,4.543,7.085,6.46,2.594,2.533,2.594,2.601,2.622,2.867,2.809
3584.03,28,2.511,2.939,2.449,5.947,5.309,2.587,2.584,2.601,6.961,7.367,5.855,2.496,2.661,6.656,4.565,7.112,6.459,2.624,2.487,2.627,2.648,2.585,2.811,2.814
3585.03,28,2.575,2.971,2.501,5.961,5.362,2.583,2.59,2.569,6.922,7.39,5.947,2.526,2.654,6.542,4.561,7.135,6.456,2.65,2.575,2.676,2.604,2.592,2.857,2.788
3586.03,28,2.495,2.924,2.546,5.973,5.342,2.608,2.618,2.563,6.909,7.308,5.823,2.503,2.587,6.562,4.523,7.12,6.496,2.572,2.52,2.662,2.638,2.605,2.796,2.772
3587.03,28,2.465,2.965,2.397,5.863,5.333,2.611,2.553,2.626,6.908,7.305,5.854,2.474,2.594,6.603,4.58,7.09,6.486,2.626,2.562,2.58,2.698,2.626,2.842,2.755
3588.03,28,2.519,2.987,2.516,5.892,5.352,2.588,2.567,2.589,6.977,7.382,5.886,2.509,2.663,6.597,4.515,7.125,6.47,2.625,2.551,2.662,2.697,2.585,2.845,2.812
3589.03,28,2.521,2.96,2.494,5.922,5.4,2.637,2.571,2.576,6.962,7.375,5.864,2.53,2.613,6.537,4.547,7.113,6.495,2.663,2.507,2.59,2.698,2.612,2.79,2.723
3590.03,28,2.503,2.994,2.495,5.959,5.348,2.531,2.549,2.621,6.871,7.367,5.836,2.454,2.59,6.562,4.583,7.134,6.497,2.703,2.498,2.638,2.64,2.555,2.777,2.797
3591.03,28,2.535,2.93,2.449,5.938,5.335,2.58,2.598,2.634,6.918,7.401,5.899,2.431,2.636,6.668,4.573,7.147,6.518,2.612,2.558,2.628,2.625,2.582,2.783,2.836
3592.03,28,2.553,2.917,2.482,5.874,5.342,2.574,2.592,2.574,6.903,7.277,5.876,2.459,2.611,6.57,4.478,7.14,6.484,2.589,2.554,2.561,2.711,2.627,2.795,2.716
3593.03,28,2.468,2.97,2.526,5.957,5.339,2.61,2.546,2.59,6.858,7.323,5.871,2.512,2.645,6.633,4.555,7.118,6.468,2.595,2.529,2.541,2.675,2.631,2.757,2.825
3594.03,28,2.481,2.964,2.505,5.933,5.299,2.555,2.574,2.584,6.835,7.323,5.852,2.495,2.552,6.572,4.494,7.145,6.55,2.641,2.54,2.63,2.685,2.549,2.833,2.821
3595.03,28,2.512,3.025,2.466,5.902,5.4,2.537,2.57,2.589,6.99,7.356,5.94,2.487,2.6,6.574,4.545,7.14,6.566,2.689,2.536,2.645,2.682,2.577,2.77,2.789
3596.03,28,2.6,2.971,2.467,5.919,5.348,2.56,2.636,2.582,6.903,7.365,5.929,2.511,2.595,6.626,4.544,7.144,6.507,2.574,2.514,2.616,2.636,2.519,2.838,2.756
3597.03,28,2.482,2.929,2.482,5.928,5.313,2.531,2.583,2.618,6.948,7.36,5.945,2.508,2.583,6.632,4.554,7.186,6.503,2.643,2.557,2.611,2.7,2.524,2.717,2.791
3598.03,28,2.48,2.934,2.477,5.948,5.332,2.53,2.564,2.616,6.886,7.39,5.811,2.469,2.608,6.673,4.493,7.098,6.472,2.614,2.554,2.649,2.668,2.553,2.801,2.749
3599.03,28,2.535,2.956,2.537,5.939,5.374,2.602,2.623,2.59,6.914,7.427,5.969,2.477,2.645,6.606,4.579,7.091,6.497,2.644,2.495,2.65,2.649,2.551,2.856,2.788
3600.03,28,2.512,2.953,2.514,5.918,5.391,2.578,2.559,2.572,6.92,7.363,5.938,2.491,2.67,6.668,4.513,7.17,6.488,2.65,2.544,2.645,2.722,2.602,2.776,2.824
3601.03,28,2.517,2.896,2.481,5.981,5.313,2.552,2.591,2.635,6.932,7.379,5.91,2.467,2.661,6.613,4.517,7.123,6.479,2.603,2.495,2.641,2.685,2.565,2.791,2.793
3602.03,28,2.525,2.965,2.496,5.885,5.388,2.554,2.519,2.572,6.895,7.337,5.93,2.436,2.623,6.548,4.521,7.16,6.486,2.618,2.544,2.548,2.692,2.579,2.82,2.765
3603.03,28,2.44,2.946,2.482,5.907,5.389,2.615,2.606,2.584,6.984,7.353,5.873,2.533,2.665,6.599,4.57,7.132,6.486,2.625,2.553,2.617,2.708,2.512,2.823,2.836
3604.03,28,2.504,2.954,2.459,5.918,5.348,2.666,2.629,2.522,6.902,7.381,5.893,2.561,2.592,6.561,4.574,7.138,6.49,2.619,2.54,2.641,2.67,2.556,2.755,2.758
3605.03,28,2.548,3.006,2.493,5.966,5.355,2.594,2.576,2.592,6.929,7.35,5.866,2.475,2.608,6.578,4.525,7.104,6.527,2.651,2.497,2.632,2.617,2.55,2.756,2.791
3606.03,28,2.522,3.02,2.466,5.903,5.352,2.592,2.538,2.593,6.909,7.328,5.828,2.525,2.648,6.6,4.557,7.13,6.458,2.604,2.563,2.582,2.683,2.557,2.737,2.758
3607.03,28,2.489,2.917,2.486,5.917,5.303,2.662,2.56,2.618,6.94,7.35,5.852,2.54,2.603,6.65,4.613,7.09,6.466,2.62,2.492,2.643,2.616,2.534,2.819,2.739
3608.03,28,2.473,2.949,2.485,5.852,5.361,2.575,2.571,2.651,6.947,7.302,5.911,2.571,2.616,6.565,4.522,7.151,6.454,2.605,2.647,2.64,2.687,2.595,2.794,2.741
3609.03,28,2.548,2.967,2.453,5.896,5.344,2.673,2.581,2.587,6.948,7.382,5.851,2.527,2.591,6.612,4.582,7.187,6.475,2.556,2.591,2.655,2.689,2.544,2.759,2.747
3610.03,28,2.556,2.974,2.47,5.898,5.314,2.588,2.553,2.655,6.919,7.427,5.914,2.478,2.601,6.596,4.53,7.113,6.511,2.694,2.517,2.658,2.648,2.521,2.777,2.725
3611.03,28,2.54,2.998,2.539,5.798,5.361,2.634,2.601,2.554,6.943,7.374,5.96,2.495,2.648,6.615,4.563,7.16,6.51,2.643,2.561,2.675,2.687,2.588,2.772,2.739
3612.03,28,2.506,2.963,2.43,5.987,5.315,2.629,2.572,2.583,6.918,7.4,5.931,2.523,2.632,6.602,4.505,7.166,6.447,2.574,2.53,2.647,2.625,2.514,2.679,2.752
3613.03,28,2.52,2.96,2.501,5.896,5.307,2.607,2.505,2.547,6.885,7.332,5.813,2.521,2.618,6.64,4.526,7.089,6.481,2.581,2.52,2.647,2.665,2.554,2.774,2.76
3614.03,28,2.555,2.995,2.491,5.946,5.338,2.583,2.549,2.545,6.894,7.394,5.908,2.531,2.533,6.639,4.501,7.129,6.429,2.618,2.518,2.626,2.731,2.571,2.756,2.74
3615.03,28,2.507,2.973,2.517,5.932,5.317,2.575,2.631,2.596,6.962,7.375,5.868,2.478,2.612,6.586,4.541,7.151,6.417,2.65,2.578,2.638,2.642,2.486,2.757,2.708
3616.03,28,2.531,2.932,2.525,5.937,5.33,2.606,2.563,2.576,6.922,7.322,5.916,2.472,2.626,6.648,4.585,7.146,6.492,2.67,2.574,2.593,2.678,2.476,2.761,2.719
3617.03,28,2.526,2.975,2.466,5.923,5.337,2.602,2.571,2.638,6.896,7.32,5.911,2.493,2.558,6.642,4.498,7.127,6.502,2.677,2.464,2.593,2.762,2.575,2.792,2.702
3618.03,28,2.539,2.923,2.46,5.895,5.335,2.576,2.638,2.568,6.936,7.401,5.896,2.474,2.652,6.59,4.587,7.136,6.492,2.63,2.511,2.628,2.665,2.527,2.793,2.727
3619.03,28,2.486,2.978,2.511,5.921,5.324,2.602,2.555,2.629,6.935,7.444,5.902,2.543,2.661,6.588,4.478,7.123,6.473,2.566,2.584,2.624,2.693,2.617,2.746,2.688
3620.03,28,2.553,2.95,2.442,5.973,5.356,2.584,2.576,2.632,6.919,7.421,5.854,2.467,2.517,6.593,4.538,7.097,6.486,2.652,2.524,2.664,2.647,2.535,2.752,2.752
3621.03,28,2.557,3.014,2.511,5.964,5.339,2.604,2.527,2.57,6.918,7.375,5.924,2.518,2.6,6.628,4.505,7.114,6.546,2.625,2.572,2.578,2.686,2.465,2.706,2.684
3622.03,28,2.462,2.943,2.484,5.874,5.415,2.607,2.554,2.536,6.918,7.382,5.872,2.468,2.589,6.63,4.527,7.127,6.468,2.65,2.522,2.572,2.706,2.405,2.722,2.748
3623.03,28,2.453,2.949,2.481,6.01,5.287,2.634,2.631,2.544,6.885,7.401,5.824,2.535,2.635,6.565,4.555,7.144,6.526,2.636,2.494,2.592,2.714,2.523,2.728,2.738
3624.03,28,2.469,2.949,2.482,5.884,5.342,2.59,2.519,2.536,6.941,7.338,5.905,2.467,2.608,6.594,4.535,7.079,6.506,2.665,2.582,2.627,2.637,2.489,2.73,2.729
3625.03,28,2.469,2.996,2.499,5.857,5.367,2.649,2.623,2.61,6.97,7.297,5.897,2.498,2.607,6.619,4.531,7.123,6.476,2.621,2.583,2.651,2.649,2.466,2.761,2.74
3626.03,28,2.49,3.047,2.51,5.941,5.336,2.622,2.611,2.58,6.883,7.361,5.837,2.471,2.605,6.626,4.46,7.139,6.593,2.63,2.523,2.627,2.666,2.514,2.742,2.745
3627.03,28,2.517,2.903,2.509,5.852,5.328,2.563,2.552,2.557,6.925,7.308,5.864,2.423,2.633,6.591,4.455,7.15,6.505,2.712,2.546,2.673,2.692,2.544,2.761,2.7
3628.03,28,2.473,2.977,2.548,5.912,5.347,2.64,2.6,2.538,6.861,7.381,5.892,2.528,2.644,6.631,4.573,7.077,6.457,2.633,2.579,2.62,2.65,2.463,2.636,2.739
3629.03,28,2.503,2.956,2.506,5.969,5.317,2.585,2.596,2.564,6.912,7.389,5.909,2.574,2.554,6.581,4.541,7.116,6.408,2.629,2.572,2.591,2.731,2.537,2.745,2.673
3630.03,28,2.461,2.948,2.468,5.939,5.368,2.554,2.577,2.582,6.925,7.33,5.927,2.507,2.593,6.626,4.505,7.049,6.516,2.638,2.552,2.548,2.725,2.508,2.705,2.632
3631.03,28,2.467,2.928,2.566,5.873,5.324,2.634,2.577,2.648,6.878,7.346,5.843,2.57,2.646,6.614,4.556,7.151,6.468,2.597,2.527,2.616,2.624,2.465,2.73,2.659
3632.03,28,2.533,2.966,2.469,5.938,5.296,2.585,2.609,2.624,6.92,7.415,5.865,2.51,2.598,6.562,4.534,7.153,6.422,2.67,2.538,2.609,2.71,2.43,2.691,2.703
3633.03,28,2.518,2.978,2.469,5.915,5.267,2.582,2.598,2.575,6.966,7.344,5.904,2.504,2.591,6.646,4.519,7.144,6.507,2.564,2.606,2.52,2.672,2.512,2.779,2.686
3634.03,28,2.535,2.933,2.428,5.819,5.264,2.606,2.671,2.635,6.874,7.36,5.845,2.453,2.582,6.681,4.465,7.114,6.417,2.641,2.532,2.662,2.682,2.492,2.734,2.734
3635.03,28,2.501,2.909,2.47,5.863,5.364,2.61,2.588,2.595,6.911,7.33,5.855,2.509,2.642,6.572,4.491,7.085,6.539,2.572,2.565,2.613,2.625,2.508,2.744,2.654
3636.03,28,2.521,2.976,2.506,5.872,5.352,2.638,2.556,2.6,6.936,7.334,5.859,2.495,2.631,6.583,4.573,7.211,6.471,2.596,2.533,2.626,2.637,2.472,2.715,2.659
3637.03,28,2.514,2.961,2.491,5.915,5.415,2.582,2.595,2.582,6.999,7.376,5.87,2.472,2.632,6.614,4.474,7.145,6.483,2.615,2.549,2.635,2.7,2.496,2.727,2.657
3638.03,28,2.462,2.908,2.487,5.973,5.343,2.568,2.611,2.552,6.867,7.405,5.905,2.465,2.599,6.531,4.505,7.167,6.498,2.658,2.532,2.616,2.697,2.403,2.708,2.637
3639.03,28,2.491,3.035,2.57,5.893,5.378,2.601,2.613,2.675,6.99,7.388,5.931,2.516,2.611,6.582,4.489,7.149,6.494,2.595,2.545,2.585,2.784,2.455,2.65,2.67
3640.03,28,2.475,2.929,2.474,5.958,5.335,2.567,2.583,2.607,6.903,7.337,5.871,2.562,2.595,6.64,4.518,7.141,6.463,2.695,2.598,2.587,2.703,2.477,2.726,2.685
3641.03,28,2.565,2.955,2.507,5.908,5.312,2.647,2.554,2.589,6.873,7.38,5.864,2.475,2.558,6.582,4.494,7.156,6.486,2.619,2.548,2.597,2.641,2.467,2.777,2.648
3642.03,28,2.516,2.964,2.462,5.954,5.367,2.657,2.624,2.609,6.919,7.401,5.862,2.532,2.66,6.65,4.486,7.134,6.477,2.626,2.641,2.644,2.705,2.46,2.719,2.699
3643.03,28,2.47,2.958,2.53,5.877,5.344,2.633,2.58,2.628,6.896,7.377,5.896,2.489,2.553,6.623,4.525,7.096,6.506,2.673,2.562,2.586,2.624,2.424,2.689,2.617
3644.03,28,2.461,2.984,2.494,5.919,5.339,2.608,2.612,2.6,6.974,7.377,5.892,2.481,2.652,6.576,4.497,7.167,6.522,2.669,2.578,2.645,2.719,2.458,2.694,2.706
3645.03,28,2.49,2.922,2.421,5.931,5.333,2.512,2.579,2.644,6.898,7.388,5.878,2.54,2.585,6.573,4.553,7.104,6.495,2.588,2.492,2.606,2.763,2.447,2.633,2.678
3646.03,28,2.541,2.904,2.523,6,5.295,2.566,2.624,2.572,6.905,7.387,5.895,2.524,2.596,6.6,4.549,7.091,6.477,2.642,2.563,2.611,2.738,2.462,2.698,2.559
3647.03,28,2.52,2.966,2.503,5.969,5.279,2.606,2.618,2.577,6.904,7.39,5.931,2.445,2.648,6.542,4.512,7.076,6.507,2.641,2.582,2.637,2.706,2.477,2.623,2.637
3648.03,28,2.542,3.05,2.51,5.941,5.331,2.633,2.579,2.57,6.901,7.37,5.892,2.5,2.595,6.589,4.56,7.087,6.447,2.609,2.485,2.652,2.7,2.431,2.731,2.611
3649.03,28,2.478,2.976,2.523,5.886,5.343,2.596,2.548,2.526,6.896,7.351,5.92,2.567,2.594,6.533,4.513,7.13,6.479,2.634,2.545,2.685,2.695,2.382,2.684,2.66
3650.03,28,2.525,2.943,2.441,5.928,5.374,2.678,2.552,2.584,6.93,7.367,5.894,2.555,2.569,6.629,4.595,7.105,6.518,2.547,2.593,2.595,2.646,2.449,2.668,2.59
3651.03,28,2.478,3.044,2.532,5.859,5.335,2.602,2.573,2.594,6.922,7.284,5.925,2.524,2.556,6.636,4.559,7.064,6.493,2.62,2.575,2.595,2.773,2.467,2.742,2.658
3652.03,28,2.493,2.967,2.498,5.846,5.315,2.603,2.578,2.6,6.94,7.376,5.875,2.499,2.613,6.592,4.559,7.149,6.437,2.643,2.505,2.613,2.76,2.418,2.611,2.591
3653.03,28,2.488,2.957,2.51,5.978,5.306,2.673,2.605,2.612,6.888,7.329,5.913,2.536,2.613,6.585,4.559,7.114,6.473,2.609,2.536,2.576,2.704,2.457,2.675,2.591
3654.03,28,2.508,2.921,2.487,5.911,5.294,2.634,2.582,2.609,6.946,7.376,5.864,2.499,2.577,6.576,4.513,7.172,6.484,2.646,2.557,2.587,2.688,2.361,2.636,2.622
3655.03,28,2.563,2.927,2.477,5.93,5.319,2.566,2.565,2.591,6.873,7.32,5.923,2.554,2.574,6.591,4.513,7.145,6.517,2.57,2.631,2.633,2.673,2.385,2.678,2.589
3656.03,28,2.495,2.91,2.431,5.926,5.312,2.615,2.598,2.567,6.965,7.341,5.897,2.534,2.619,6.62,4.534,7.185,6.479,2.576,2.618,2.631,2.645,2.458,2.66,2.621
3657.03,28,2.547,3.012,2.459,5.917,5.358,2.553,2.597,2.565,6.891,7.432,5.887,2.45,2.625,6.633,4.563,7.132,6.487,2.631,2.559,2.617,2.697,2.46,2.633,2.635
3658.03,28,2.567,3.012,2.463,5.901,5.345,2.596,2.609,2.589,6.896,7.317,5.881,2.502,2.63,6.595,4.464,7.082,6.469,2.626,2.525,2.552,2.677,2.437,2.685,2.6
3659.03,28,2.464,2.962,2.508,5.991,5.307,2.598,2.491,2.662,6.902,7.343,5.903,2.488,2.604,6.651,4.499,7.16,6.44,2.596,2.618,2.596,2.74,2.433,2.656,2.621
3660.03,28,2.52,2.967,2.544,5.924,5.31,2.586,2.582,2.593,6.952,7.342,5.892,2.507,2.629,6.577,4.594,7.157,6.462,2.65,2.604,2.57,2.654,2.39,2.62,2.549
3661.03,28,2.445,2.93,2.569,5.929,5.334,2.615,2.565,2.64,6.964,7.352,5.883,2.469,2.59,6.597,4.506,7.141,6.515,2.625,2.549,2.607,2.67,2.393,2.625,2.554
3662.03,28,2.566,3.077,2.531,5.997,5.34,2.627,2.585,2.558,6.932,7.358,5.891,2.479,2.64,6.56,4.539,7.147,6.504,2.595,2.615,2.654,2.749,2.386,2.633,2.589
3663.03,28,2.542,3.043,2.485,5.958,5.332,2.603,2.571,2.584,6.941,7.376,5.854,2.509,2.586,6.599,4.521,7.152,6.442,2.621,2.561,2.641,2.726,2.365,2.613,2.607
3664.03,28,2.595,2.975,2.498,5.882,5.337,2.647,2.543,2.703,6.951,7.343,5.852,2.472,2.614,6.576,4.546,7.1,6.498,2.598,2.545,2.63,2.721,2.384,2.621,2.624
3665.03,28,2.529,2.958,2.515,5.905,5.322,2.577,2.525,2.565,6.963,7.344,5.878,2.466,2.613,6.601,4.529,7.085,6.543,2.611,2.54,2.561,2.739,2.434,2.699,2.556
3666.03,28,2.522,2.934,2.505,5.886,5.29,2.553,2.6,2.631,6.94,7.383,5.816,2.504,2.6,6.582,4.533,7.122,6.499,2.578,2.554,2.633,2.765,2.343,2.625,2.605
3667.03,28,2.499,2.954,2.526,5.949,5.279,2.622,2.572,2.567,6.89,7.375,5.953,2.476,2.636,6.532,4.584,7.133,6.521,2.676,2.625,2.576,2.648,2.387,2.611,2.606
3668.03,28,2.53,2.888,2.525,5.901,5.348,2.597,2.633,2.587,6.895,7.343,5.869,2.53,2.668,6.633,4.529,7.118,6.48,2.634,2.632,2.578,2.78,2.415,2.662,2.581
3669.03,28,2.453,2.924,2.435,5.935,5.335,2.57,2.575,2.616,6.933,7.322,5.898,2.501,2.603,6.605,4.51,7.104,6.505,2.598,2.551,2.554,2.716,2.412,2.614,2.54
3670.03,28,2.529,2.93,2.484,5.942,5.305,2.622,2.514,2.656,6.874,7.421,5.956,2.524,2.556,6.594,4.516,7.158,6.442,2.621,2.565,2.594,2.682,2.43,2.595,2.526
3671.03,28,2.523,2.947,2.498,6.017,5.319,2.558,2.521,2.574,6.884,7.391,5.918,2.495,2.592,6.658,4.58,7.114,6.501,2.641,2.569,2.652,2.776,2.334,2.631,2.54
3672.03,28,2.599,2.992,2.46,5.959,5.411,2.575,2.574,2.627,6.896,7.389,5.842,2.548,2.578,6.576,4.483,7.076,6.478,2.606,2.568,2.637,2.691,2.33,2.65,2.578
3673.03,28,2.536,2.924,2.524,5.95,5.377,2.553,2.533,2.578,6.888,7.362,5.868,2.512,2.631,6.622,4.532,7.124,6.488,2.674,2.559,2.578,2.767,2.376,2.648,2.53
3674.03,28,2.501,2.935,2.497,5.93,5.299,2.619,2.619,2.554,6.968,7.392,5.919,2.47,2.627,6.612,4.554,7.086,6.502,2.678,2.568,2.601,2.738,2.392,2.579,2.613
3675.03,28,2.482,2.954,2.511,5.968,5.305,2.61,2.588,2.572,6.934,7.415,5.866,2.467,2.688,6.587,4.519,7.071,6.507,2.634,2.601,2.556,2.696,2.337,2.62,2.521
3676.03,28,2.546,2.965,2.513,5.881,5.41,2.583,2.648,2.581,6.948,7.353,5.928,2.426,2.584,6.621,4.623,7.149,6.504,2.585,2.556,2.592,2.678,2.378,2.602,2.504
3677.03,28,2.52,3.012,2.457,5.918,5.334,2.618,2.532,2.607,6.955,7.322,5.852,2.544,2.584,6.562,4.481,7.121,6.526,2.614,2.594,2.631,2.72,2.368,2.682,2.572
3678.03,28,2.486,2.99,2.509,5.941,5.264,2.608,2.591,2.617,6.905,7.367,5.851,2.506,2.647,6.667,4.491,7.147,6.495,2.631,2.592,2.657,2.747,2.348,2.637,2.559
3679.03,28,2.518,2.962,2.517,5.883,5.348,2.66,2.623,2.657,6.877,7.303,5.883,2.535,2.571,6.594,4.534,7.113,6.486,2.632,2.623,2.57,2.654,2.384,2.611,2.579
3680.03,28,2.497,2.997,2.428,5.923,5.334,2.65,2.604,2.589,6.848,7.41,5.921,2.52,2.654,6.565,4.538,7.147,6.444,2.634,2.558,2.615,2.689,2.396,2.571,2.523
3681.03,28,2.577,2.918,2.501,5.908,5.317,2.59,2.539,2.583,6.969,7.413,5.921,2.5,2.595,6.559,4.507,7.175,6.446,2.647,2.594,2.647,2.709,2.26,2.61,2.536
3682.03,28,2.5,2.935,2.505,5.892,5.316,2.597,2.578,2.671,6.918,7.388,5.903,2.48,2.609,6.6,4.594,7.153,6.528,2.712,2.58,2.661,2.741,2.342,2.636,2.626
3683.03,28,2.544,3.029,2.495,5.925,5.357,2.573,2.585,2.599,6.926,7.312,5.951,2.476,2.618,6.649,4.533,7.096,6.494,2.651,2.501,2.672,2.674,2.386,2.612,2.537
3684.03,28,2.502,2.945,2.539,6.013,5.353,2.595,2.599,2.64,6.884,7.374,5.89,2.468,2.642,6.643,4.57,7.146,6.483,2.609,2.62,2.666,2.687,2.329,2.573,2.535
3685.03,28,2.561,2.964,2.52,5.934,5.336,2.578,2.599,2.61,6.921,7.384,5.866,2.436,2.615,6.607,4.571,7.133,6.465,2.605,2.544,2.648,2.735,2.374,2.611,2.586
3686.03,28,2.512,3.018,2.565,5.947,5.365,2.621,2.597,2.63,6.949,7.329,5.891,2.552,2.566,6.632,4.55,7.064,6.531,2.659,2.575,2.555,2.707,2.382,2.573,2.608
3687.03,28,2.479,2.938,2.477,5.897,5.315,2.577,2.556,2.597,6.931,7.372,5.881,2.505,2.634,6.602,4.543,7.1,6.439,2.62,2.602,2.622,2.732,2.334,2.574,2.539
3688.03,28,2.514,2.938,2.51,5.957,5.362,2.611,2.578,2.594,6.859,7.362,5.889,2.527,2.596,6.64,4.543,7.111,6.446,2.633,2.587,2.68,2.719,2.348,2.562,2.495
3689.03,28,2.55,2.947,2.511,5.898,5.298,2.576,2.578,2.549,6.91,7.296,5.866,2.487,2.607,6.569,4.537,7.124,6.505,2.629,2.565,2.672,2.734,2.351,2.585,2.539
3690.03,28,2.58,3.024,2.468,5.906,5.321,2.564,2.579,2.564,6.943,7.362,5.922,2.535,2.622,6.634,4.558,7.115,6.55,2.588,2.555,2.593,2.702,2.296,2.58,2.459
3691.03,28,2.484,2.995,2.497,5.891,5.337,2.662,2.579,2.562,6.909,7.334,5.907,2.503,2.615,6.635,4.493,7.117,6.553,2.61,2.562,2.627,2.721,2.306,2.507,2.534
3692.03,28,2.574,2.944,2.512,5.916,5.412,2.61,2.617,2.594,6.938,7.362,5.929,2.507,2.625,6.563,4.481,7.204,6.498,2.642,2.646,2.604,2.679,2.401,2.596,2.563
3693.03,28,2.506,2.993,2.471,5.933,5.337,2.611,2.559,2.534,6.934,7.343,5.943,2.519,2.573,6.613,4.528,7.167,6.469,2.626,2.58,2.645,2.737,2.319,2.562,2.57
3694.03,28,2.561,3,2.495,5.929,5.322,2.602,2.531,2.602,6.918,7.39,5.907,2.498,2.63,6.609,4.516,7.166,6.537,2.663,2.64,2.632,2.714,2.325,2.568,2.561
3695.03,28,2.529,2.965,2.504,5.873,5.331,2.539,2.599,2.554,6.947,7.353,5.841,2.474,2.62,6.574,4.564,7.196,6.539,2.541,2.645,2.616,2.706,2.376,2.483,2.567
3696.03,28,2.542,2.99,2.533,5.851,5.403,2.629,2.599,2.581,6.94,7.328,5.904,2.517,2.609,6.598,4.553,7.079,6.47,2.616,2.574,2.652,2.759,2.306,2.518,2.547
3697.03,28,2.517,2.999,2.497,5.946,5.343,2.669,2.532,2.597,6.938,7.347,5.903,2.538,2.591,6.633,4.505,7.128,6.477,2.592,2.573,2.653,2.739,2.325,2.552,2.565
3698.03,28,2.547,2.902,2.486,5.971,5.353,2.64,2.617,2.635,6.895,7.355,5.862,2.494,2.628,6.628,4.505,7.038,6.539,2.639,2.597,2.575,2.7,2.335,2.58,2.507
3699.03,28,2.53,2.971,2.464,5.886,5.358,2.568,2.557,2.62,6.946,7.36,5.886,2.52,2.592,6.658,4.514,7.106,6.509,2.657,2.628,2.58,2.728,2.366,2.502,2.489
3700.03,28,2.481,2.945,2.515,5.947,5.334,2.649,2.563,2.609,6.947,7.326,5.906,2.479,2.646,6.653,4.449,7.112,6.413,2.624,2.608,2.622,2.691,2.285,2.554,2.57
3701.03,28,2.486,2.971,2.533,5.934,5.341,2.642,2.617,2.509,6.918,7.383,5.889,2.505,2.603,6.537,4.581,7.122,6.554,2.708,2.637,2.612,2.726,2.332,2.624,2.564
3702.03,28,2.511,2.939,2.476,5.908,5.365,2.555,2.577,2.59,6.852,7.403,5.925,2.462,2.561,6.616,4.557,7.152,6.487,2.639,2.58,2.631,2.736,2.356,2.503,2.52
3703.03,28,2.54,2.978,2.469,5.87,5.311,2.575,2.55,2.538,6.915,7.41,5.938,2.582,2.588,6.597,4.522,7.166,6.453,2.618,2.636,2.606,2.7,2.392,2.552,2.659
3704.03,28,2.585,2.992,2.478,5.902,5.348,2.634,2.584,2.568,6.919,7.352,5.923,2.499,2.63,6.693,4.555,7.104,6.46,2.62,2.571,2.63,2.691,2.432,2.51,2.538
3705.03,28,2.545,3.003,2.423,5.972,5.309,2.625,2.588,2.558,6.873,7.303,5.886,2.536,2.681,6.622,4.516,7.11,6.49,2.618,2.626,2.62,2.763,2.302,2.549,2.573
3706.03,28,2.508,2.955,2.464,5.925,5.4,2.58,2.581,2.575,6.915,7.342,5.92,2.473,2.614,6.595,4.536,7.086,6.49,2.63,2.565,2.65,2.688,2.355,2.592,2.553
3707.03,28,2.522,2.97,2.54,5.941,5.352,2.666,2.557,2.602,6.924,7.341,5.875,2.518,2.577,6.622,4.504,7.122,6.422,2.642,2.565,2.622,2.73,2.344,2.569,2.565
3708.03,28,2.492,3.013,2.458,5.984,5.342,2.676,2.612,2.581,6.934,7.407,5.942,2.398,2.546,6.626,4.481,7.168,6.543,2.601,2.592,2.628,2.696,2.394,2.496,2.516
3709.03,28,2.53,2.987,2.5,5.913,5.39,2.612,2.616,2.592,6.94,7.303,5.947,2.479,2.693,6.603,4.572,7.155,6.497,2.601,2.561,2.608,2.711,2.337,2.536,2.545
3710.03,28,2.483,2.966,2.493,5.905,5.366,2.625,2.606,2.537,6.979,7.423,5.862,2.536,2.581,6.584,4.509,7.136,6.487,2.648,2.62,2.605,2.699,2.421,2.484,2.593
3711.03,28,2.535,3.001,2.54,5.905,5.354,2.573,2.607,2.599,6.98,7.383,5.895,2.465,2.658,6.593,4.52,7.213,6.582,2.612,2.572,2.611,2.738,2.359,2.557,2.528
3712.03,28,2.47,3.001,2.472,5.927,5.335,2.632,2.509,2.584,7.023,7.321,5.827,2.45,2.636,6.576,4.561,7.138,6.449,2.655,2.575,2.632,2.702,2.391,2.543,2.55
3713.03,28,2.543,2.917,2.545,5.935,5.393,2.537,2.568,2.628,6.93,7.297,5.942,2.504,2.676,6.626,4.574,7.156,6.408,2.628,2.594,2.554,2.703,2.275,2.545,2.593
3714.03,28,2.496,2.99,2.474,5.946,5.359,2.629,2.554,2.592,6.911,7.372,5.873,2.506,2.583,6.618,4.54,7.157,6.581,2.63,2.627,2.618,2.696,2.343,2.549,2.501
3715.03,28,2.438,2.95,2.516,5.974,5.368,2.543,2.572,2.542,6.903,7.395,5.841,2.491,2.612,6.638,4.502,7.141,6.505,2.71,2.588,2.675,2.708,2.349,2.536,2.588
3716.03,28,2.557,2.969,2.48,5.898,5.323,2.581,2.586,2.633,6.931,7.333,5.856,2.525,2.646,6.593,4.605,7.14,6.503,2.622,2.603,2.612,2.717,2.359,2.532,2.559
3717.03,28,2.508,2.947,2.549,5.899,5.339,2.635,2.649,2.582,6.908,7.384,5.904,2.507,2.596,6.593,4.524,7.162,6.554,2.573,2.623,2.579,2.722,2.357,2.528,2.559
3718.03,28,2.601,3.014,2.517,5.913,5.259,2.641,2.612,2.573,6.864,7.395,5.892,2.5,2.584,6.626,4.545,7.146,6.444,2.643,2.592,2.602,2.722,2.406,2.539,2.543
3719.03,28,2.492,2.945,2.528,5.892,5.355,2.546,2.551,2.523,6.922,7.341,5.869,2.485,2.62,6.63,4.501,7.091,6.499,2.658,2.505,2.573,2.694,2.401,2.436,2.553
3720.03,28,2.494,2.915,2.485,5.893,5.331,2.56,2.686,2.547,6.897,7.371,5.859,2.481,2.648,6.575,4.551,7.132,6.512,2.61,2.617,2.63,2.665,2.337,2.442,2.612
3721.03,28,2.518,2.946,2.439,5.918,5.283,2.662,2.553,2.596,6.947,7.348,5.884,2.487,2.553,6.579,4.539,7.107,6.458,2.614,2.61,2.644,2.745,2.371,2.484,2.619
3722.03,28,2.554,2.987,2.476,5.984,5.368,2.606,2.549,2.577,6.964,7.32,5.922,2.505,2.625,6.587,4.544,7.138,6.512,2.645,2.613,2.607,2.78,2.402,2.551,2.552
3723.03,28,2.524,2.956,2.53,5.933,5.285,2.634,2.55,2.571,6.886,7.485,5.873,2.493,2.567,6.657,4.522,7.092,6.483,2.64,2.587,2.649,2.73,2.331,2.455,2.588
3724.03,28,2.479,2.94,2.503,5.899,5.296,2.62,2.557,2.614,6.937,7.334,5.875,2.522,2.637,6.615,4.49,7.086,6.451,2.626,2.6,2.635,2.692,2.365,2.458,2.564
3725.03,28,2.515,3.007,2.459,5.94,5.352,2.56,2.553,2.629,6.902,7.36,5.878,2.48,2.541,6.587,4.469,7.111,6.484,2.617,2.587,2.661,2.718,2.348,2.468,2.536
3726.03,28,2.497,2.972,2.551,5.872,5.325,2.642,2.598,2.535,6.934,7.312,5.908,2.504,2.619,6.617,4.572,7.052,6.523,2.676,2.618,2.617,2.746,2.345,2.426,2.534
3727.03,28,2.581,2.997,2.57,5.91,5.396,2.615,2.586,2.621,6.891,7.391,5.903,2.476,2.595,6.597,4.514,7.109,6.474,2.6,2.635,2.615,2.785,2.355,2.501,2.482
3728.03,28,2.505,2.958,2.512,5.954,5.288,2.649,2.644,2.529,6.901,7.325,5.873,2.482,2.679,6.627,4.545,7.149,6.457,2.689,2.574,2.576,2.687,2.313,2.469,2.537
3729.03,28,2.558,3.007,2.514,5.908,5.365,2.597,2.612,2.636,6.893,7.419,5.834,2.469,2.612,6.632,4.479,7.128,6.508,2.652,2.611,2.626,2.735,2.336,2.489,2.566
3730.03,28,2.514,2.91,2.503,5.885,5.322,2.579,2.647,2.601,6.904,7.377,5.916,2.487,2.626,6.606,4.536,7.048,6.42,2.658,2.647,2.624,2.702,2.32,2.482,2.54
3731.03,28,2.486,2.934,2.503,5.941,5.307,2.595,2.526,2.617,6.879,7.377,5.903,2.515,2.67,6.609,4.582,7.181,6.497,2.588,2.664,2.63,2.702,2.308,2.462,2.52
3732.03,28,2.499,2.98,2.489,5.902,5.288,2.634,2.571,2.612,6.917,7.293,5.881,2.452,2.548,6.617,4.575,7.146,6.487,2.672,2.646,2.615,2.747,2.353,2.484,2.544
3733.03,28,2.532,3.03,2.52,5.939,5.342,2.632,2.586,2.579,6.921,7.383,5.878,2.541,2.62,6.595,4.532,7.113,6.472,2.599,2.564,2.593,2.704,2.473,2.504,2.538
3734.03,28,2.504,2.972,2.505,5.938,5.328,2.68,2.572,2.609,6.899,7.369,5.849,2.488,2.668,6.577,4.486,7.088,6.467,2.633,2.624,2.594,2.703,2.401,2.54,2.569
3735.03,28,2.529,2.94,2.498,5.906,5.352,2.593,2.619,2.593,6.898,7.342,5.893,2.495,2.655,6.589,4.595,7.09,6.514,2.65,2.619,2.582,2.754,2.432,2.483,2.58
3736.03,28,2.484,2.941,2.519,5.939,5.261,2.633,2.63,2.596,6.891,7.291,5.895,2.499,2.623,6.66,4.509,7.127,6.48,2.602,2.581,2.653,2.699,2.413,2.459,2.553
3737.03,28,2.508,2.976,2.522,5.97,5.369,2.659,2.581,2.601,6.858,7.361,5.854,2.555,2.651,6.55,4.497,7.164,6.509,2.629,2.565,2.637,2.667,2.449,2.449,2.618
3738.03,28,2.525,2.948,2.466,5.882,5.34,2.584,2.6,2.592,6.93,7.327,5.899,2.458,2.582,6.594,4.494,7.133,6.502,2.646,2.646,2.602,2.667,2.425,2.446,2.621
3739.03,28,2.526,2.951,2.426,5.926,5.32,2.645,2.573,2.57,6.951,7.332,5.877,2.477,2.572,6.507,4.572,7.098,6.457,2.616,2.574,2.621,2.775,2.408,2.475,2.634
3740.03,28,2.566,2.966,2.475,6.002,5.352,2.65,2.641,2.632,6.953,7.401,5.832,2.562,2.552,6.595,4.497,7.113,6.48,2.635,2.627,2.617,2.763,2.386,2.422,2.53
3741.03,28,2.517,3.002,2.488,5.958,5.333,2.66,2.587,2.524,6.981,7.31,5.878,2.53,2.618,6.604,4.561,7.097,6.478,2.624,2.635,2.571,2.774,2.394,2.5,2.521
3742.03,28,2.523,2.936,2.497,5.948,5.444,2.63,2.605,2.586,6.886,7.341,5.934,2.495,2.54,6.607,4.573,7.105,6.506,2.601,2.555,2.556,2.726,2.401,2.439,2.597
3743.03,28,2.549,2.965,2.488,5.876,5.404,2.593,2.601,2.633,6.965,7.4,5.896,2.505,2.697,6.569,4.598,7.127,6.526,2.583,2.588,2.675,2.736,2.354,2.451,2.557
3744.03,28,2.484,2.895,2.497,5.902,5.282,2.61,2.586,2.595,6.896,7.346,5.94,2.531,2.603,6.646,4.481,7.111,6.477,2.624,2.668,2.615,2.723,2.389,2.45,2.571
3745.03,28,2.538,3,2.506,5.913,5.356,2.645,2.593,2.602,6.92,7.373,5.87,2.463,2.663,6.565,4.563,7.159,6.487,2.594,2.641,2.574,2.692,2.298,2.492,2.576
3746.03,28,2.522,3.011,2.471,5.947,5.362,2.605,2.558,2.606,6.934,7.346,5.912,2.5,2.633,6.657,4.564,7.097,6.47,2.617,2.634,2.632,2.742,2.394,2.437,2.59
3747.03,28,2.535,2.936,2.532,5.906,5.321,2.65,2.594,2.636,6.898,7.419,5.932,2.472,2.619,6.611,4.505,7.109,6.424,2.603,2.605,2.602,2.672,2.315,2.477,2.6
3748.03,28,2.605,2.963,2.492,5.899,5.285,2.703,2.591,2.597,6.858,7.351,5.931,2.448,2.642,6.609,4.499,7.137,6.459,2.607,2.555,2.623,2.764,2.371,2.366,2.545
3749.03,28,2.587,2.893,2.496,5.932,5.273,2.659,2.551,2.629,6.89,7.328,5.868,2.509,2.597,6.56,4.475,7.159,6.487,2.611,2.589,2.692,2.775,2.397,2.468,2.59
3750.03,28,2.533,2.978,2.499,5.932,5.28,2.651,2.547,2.59,6.906,7.363,5.889,2.454,2.603,6.614,4.547,7.122,6.52,2.607,2.676,2.646,2.72,2.4,2.458,2.608
3751.03,28,2.489,3.014,2.509,5.94,5.339,2.649,2.561,2.558,6.913,7.378,5.89,2.52,2.602,6.582,4.532,7.097,6.484,2.641,2.606,2.653,2.743,2.399,2.427,2.481
3752.03,28,2.567,2.947,2.496,5.883,5.281,2.539,2.599,2.571,6.919,7.354,5.879,2.493,2.638,6.524,4.554,7.139,6.501,2.603,2.545,2.638,2.727,2.473,2.404,2.55
3753.03,28,2.505,2.991,2.577,5.898,5.383,2.599,2.566,2.63,6.969,7.299,5.874,2.482,2.635,6.593,4.547,7.106,6.54,2.595,2.598,2.664,2.742,2.362,2.449,2.636
3754.03,28,2.494,2.956,2.515,5.947,5.351,2.608,2.532,2.556,6.976,7.364,5.805,2.548,2.611,6.598,4.563,7.137,6.454,2.601,2.663,2.634,2.726,2.364,2.444,2.545
3755.03,28,2.455,2.957,2.511,5.87,5.291,2.6,2.597,2.594,6.924,7.345,5.863,2.492,2.585,6.587,4.55,7.197,6.433,2.573,2.625,2.647,2.692,2.346,2.337,2.607
3756.03,28,2.514,2.927,2.55,5.931,5.378,2.63,2.572,2.61,6.903,7.325,5.845,2.527,2.688,6.603,4.549,7.149,6.518,2.651,2.697,2.65,2.718,2.381,2.413,2.57
3757.03,28,2.523,2.942,2.525,5.894,5.354,2.577,2.594,2.573,6.878,7.362,5.898,2.463,2.55,6.584,4.566,7.131,6.479,2.641,2.59,2.649,2.765,2.44,2.383,2.574
3758.03,28,2.459,3.007,2.527,5.862,5.418,2.628,2.613,2.558,6.98,7.27,5.921,2.509,2.607,6.574,4.527,7.054,6.5,2.609,2.601,2.595,2.77,2.432,2.428,2.48
3759.03,28,2.488,2.933,2.578,5.988,5.285,2.539,2.551,2.547,6.89,7.325,5.956,2.535,2.571,6.561,4.486,7.103,6.482,2.716,2.593,2.612,2.771,2.412,2.377,2.599
3760.03,28,2.506,2.955,2.466,5.939,5.31,2.639,2.626,2.56,6.9,7.399,5.889,2.559,2.629,6.588,4.571,7.2,6.415,2.665,2.605,2.643,2.67,2.374,2.423,2.56
3761.03,28,2.584,2.964,2.499,5.923,5.351,2.631,2.571,2.571,6.959,7.353,5.861,2.576,2.626,6.561,4.535,7.153,6.519,2.66,2.556,2.593,2.777,2.416,2.398,2.57
3762.03,28,2.551,3.005,2.508,5.908,5.339,2.63,2.611,2.627,6.941,7.377,5.846,2.478,2.651,6.618,4.579,7.162,6.476,2.576,2.623,2.537,2.699,2.437,2.372,2.627
3763.03,28,2.532,2.958,2.476,5.844,5.351,2.595,2.578,2.6,6.862,7.389,5.831,2.499,2.548,6.614,4.528,7.125,6.427,2.671,2.628,2.583,2.669,2.412,2.361,2.597
3764.03,28,2.575,2.984,2.549,5.919,5.327,2.605,2.604,2.602,6.935,7.372,5.964,2.537,2.638,6.604,4.521,7.158,6.484,2.653,2.604,2.614,2.746,2.366,2.437,2.59
3765.03,28,2.491,2.951,2.465,5.92,5.333,2.559,2.651,2.521,6.88,7.375,5.839,2.554,2.609,6.532,4.524,7.095,6.524,2.652,2.582,2.629,2.741,2.415,2.443,2.555
3766.03,28,2.453,2.997,2.529,5.918,5.283,2.658,2.597,2.573,6.898,7.366,5.857,2.541,2.607,6.707,4.575,7.135,6.417,2.622,2.615,2.623,2.748,2.359,2.397,2.523
3767.03,28,2.533,2.98,2.441,5.915,5.373,2.583,2.649,2.628,6.929,7.396,5.786,2.57,2.611,6.555,4.503,7.09,6.5,2.617,2.633,2.587,2.792,2.394,2.32,2.639
3768.03,28,2.543,2.95,2.453,5.995,5.307,2.573,2.544,2.546,6.949,7.337,5.852,2.495,2.675,6.61,4.546,7.183,6.429,2.642,2.599,2.589,2.742,2.39,2.453,2.587
3769.03,28,2.553,3.008,2.501,5.942,5.305,2.629,2.606,2.566,6.911,7.389,5.881,2.468,2.617,6.609,4.541,7.143,6.48,2.693,2.59,2.654,2.719,2.319,2.434,2.6
3770.03,28,2.484,2.994,2.542,5.904,5.416,2.598,2.541,2.651,6.934,7.391,5.933,2.463,2.597,6.558,4.552,7.16,6.504,2.634,2.62,2.686,2.664,2.359,2.374,2.58
3771.03,28,2.525,2.987,2.473,5.886,5.34,2.608,2.596,2.627,6.991,7.311,5.879,2.512,2.589,6.554,4.462,7.2,6.501,2.599,2.637,2.561,2.722,2.391,2.419,2.578
3772.03,28,2.567,2.963,2.489,5.881,5.329,2.627,2.533,2.552,6.885,7.388,5.95,2.505,2.675,6.581,4.48,7.113,6.47,2.668,2.583,2.658,2.737,2.447,2.432,2.583
3773.03,28,2.505,2.902,2.481,5.982,5.27,2.652,2.651,2.548,6.88,7.333,5.884,2.478,2.606,6.542,4.498,7.178,6.445,2.58,2.624,2.625,2.734,2.398,2.437,2.534
3774.03,28,2.544,2.992,2.489,5.968,5.306,2.624,2.527,2.588,6.881,7.389,5.895,2.589,2.58,6.619,4.534,7.129,6.424,2.589,2.657,2.616,2.663,2.383,2.368,2.556
3775.03,28,2.551,3.028,2.496,5.938,5.3,2.642,2.585,2.615,6.875,7.385,5.901,2.542,2.671,6.553,4.551,7.167,6.502,2.722,2.558,2.611,2.768,2.375,2.391,2.536
3776.03,28,2.528,2.898,2.478,5.935,5.376,2.611,2.553,2.623,6.97,7.352,5.846,2.565,2.625,6.596,4.47,7.127,6.444,2.661,2.598,2.562,2.702,2.453,2.324,2.539
3777.03,28,2.524,2.95,2.458,5.931,5.419,2.614,2.526,2.58,6.97,7.363,5.854,2.542,2.624,6.62,4.549,7.081,6.462,2.548,2.616,2.662,2.748,2.362,2.372,2.566
3778.03,28,2.508,3.007,2.529,5.914,5.315,2.63,2.535,2.615,6.935,7.371,5.911,2.473,2.623,6.569,4.509,7.148,6.509,2.691,2.633,2.604,2.747,2.422,2.347,2.559
3779.03,28,2.56,3.001,2.502,6,5.382,2.635,2.556,2.589,6.919,7.357,5.878,2.44,2.591,6.587,4.512,7.11,6.51,2.588,2.653,2.606,2.754,2.401,2.382,2.561
3780.03,28,2.538,2.985,2.539,5.908,5.327,2.586,2.617,2.638,6.903,7.321,5.888,2.512,2.566,6.625,4.551,7.141,6.462,2.603,2.612,2.554,2.787,2.401,2.404,2.605
3781.03,28,2.476,2.992,2.476,5.865,5.312,2.585,2.654,2.612,6.887,7.316,5.856,2.564,2.57,6.596,4.536,7.165,6.487,2.602,2.571,2.649,2.693,2.382,2.312,2.563
3782.03,28,2.538,2.91,2.465,5.915,5.361,2.593,2.566,2.615,6.934,7.32,5.864,2.536,2.562,6.64,4.564,7.102,6.513,2.623,2.633,2.655,2.719,2.415,2.338,2.586
3783.03,28,2.502,2.998,2.542,5.941,5.358,2.6,2.609,2.554,6.946,7.345,5.843,2.54,2.529,6.605,4.502,7.154,6.516,2.665,2.613,2.627,2.773,2.396,2.406,2.603
3784.03,28,2.509,3.041,2.465,5.889,5.335,2.613,2.566,2.549,6.986,7.326,5.913,2.5,2.607,6.617,4.521,7.089,6.476,2.619,2.625,2.6,2.741,2.408,2.38,2.63
3785.03,28,2.546,2.988,2.434,5.957,5.363,2.67,2.656,2.626,6.946,7.401,5.942,2.591,2.579,6.565,4.47,7.106,6.478,2.669,2.638,2.581,2.728,2.357,2.311,2.587
3786.03,28,2.498,2.924,2.51,5.956,5.379,2.582,2.548,2.544,6.888,7.323,5.859,2.516,2.632,6.6,4.532,7.107,6.466,2.624,2.574,2.608,2.762,2.411,2.351,2.566
3787.03,28,2.546,2.974,2.533,5.88,5.301,2.672,2.601,2.628,6.863,7.32,5.913,2.504,2.64,6.596,4.475,7.089,6.474,2.588,2.647,2.662,2.696,2.463,2.311,2.641
3788.03,28,2.475,3.027,2.57,5.985,5.301,2.612,2.632,2.626,6.986,7.396,5.867,2.495,2.665,6.563,4.537,7.045,6.492,2.631,2.637,2.637,2.796,2.394,2.348,2.583
3789.03,28,2.509,3.017,2.484,5.919,5.364,2.599,2.605,2.574,6.965,7.346,5.86,2.487,2.606,6.605,4.537,7.146,6.482,2.617,2.612,2.646,2.771,2.442,2.355,2.562
3790.03,28,2.49,2.947,2.482,5.893,5.363,2.585,2.567,2.631,6.894,7.362,5.917,2.545,2.65,6.648,4.607,7.193,6.494,2.654,2.644,2.583,2.723,2.446,2.312,2.56
3791.03,28,2.542,2.957,2.549,5.935,5.334,2.655,2.583,2.591,6.913,7.374,5.847,2.43,2.617,6.591,4.565,7.149,6.479,2.646,2.631,2.629,2.73,2.425,2.309,2.562
3792.03,28,2.457,2.985,2.527,5.95,5.398,2.575,2.597,2.551,6.828,7.387,5.917,2.518,2.602,6.667,4.515,7.049,6.485,2.679,2.673,2.639,2.739,2.363,2.297,2.637
3793.03,28,2.518,2.973,2.57,5.927,5.324,2.598,2.566,2.555,6.991,7.373,5.915,2.469,2.56,6.581,4.488,7.041,6.499,2.576,2.65,2.601,2.758,2.41,2.36,2.591
3794.03,28,2.542,2.969,2.477,5.872,5.284,2.567,2.636,2.586,6.965,7.29,5.9,2.513,2.592,6.592,4.541,7.139,6.488,2.595,2.633,2.627,2.758,2.439,2.358,2.52
3795.03,28,2.538,2.964,2.544,5.911,5.353,2.619,2.576,2.56,6.975,7.334,5.928,2.562,2.667,6.601,4.532,7.138,6.5,2.651,2.614,2.618,2.752,2.408,2.261,2.585
3796.03,28,2.546,2.954,2.534,5.889,5.352,2.59,2.586,2.617,6.838,7.314,5.879,2.472,2.585,6.587,4.521,7.241,6.528,2.657,2.582,2.668,2.76,2.389,2.301,2.604
3797.03,28,2.527,3.017,2.535,5.895,5.244,2.586,2.547,2.643,6.954,7.344,5.86,2.532,2.543,6.626,4.486,7.168,6.458,2.646,2.607,2.642,2.714,2.385,2.287,2.548
3798.03,28,2.521,2.998,2.549,5.835,5.298,2.58,2.628,2.634,6.913,7.339,5.912,2.54,2.628,6.629,4.483,7.111,6.431,2.683,2.581,2.672,2.75,2.356,2.312,2.624
3799.03,28,2.543,2.912,2.553,5.963,5.282,2.668,2.577,2.594,6.958,7.303,5.881,2.556,2.609,6.622,4.513,7.168,6.529,2.58,2.675,2.591,2.762,2.403,2.384,2.542
3800.03,28,2.509,2.926,2.383,5.955,5.339,2.639,2.59,2.544,6.837,7.331,5.869,2.538,2.549,6.599,4.509,7.121,6.489,2.619,2.616,2.556,2.803,2.419,2.268,2.553
3801.03,28,2.495,3.005,2.487,5.868,5.321,2.637,2.647,2.641,6.947,7.372,5.906,2.478,2.619,6.589,4.5,7.136,6.526,2.582,2.662,2.64,2.679,2.411,2.283,2.6
3802.03,28,2.531,2.919,2.426,5.985,5.406,2.605,2.64,2.572,6.888,7.352,5.883,2.552,2.637,6.678,4.562,7.133,6.488,2.643,2.635,2.604,2.772,2.402,2.338,2.559
3803.03,28,2.601,3.024,2.508,5.889,5.332,2.616,2.596,2.581,6.91,7.418,5.845,2.483,2.65,6.616,4.522,7.131,6.539,2.588,2.548,2.599,2.793,2.388,2.309,2.61
3804.03,28,2.546,2.955,2.485,5.838,5.369,2.626,2.63,2.559,6.944,7.431,5.854,2.472,2.657,6.622,4.542,7.123,6.494,2.641,2.667,2.626,2.75,2.373,2.272,2.604
3805.03,28,2.596,2.959,2.53,5.963,5.361,2.663,2.631,2.568,6.907,7.357,5.968,2.478,2.622,6.52,4.545,7.151,6.487,2.699,2.66,2.578,2.734,2.386,2.318,2.565
3806.03,28,2.515,2.957,2.463,5.951,5.381,2.562,2.503,2.584,6.903,7.369,5.895,2.517,2.55,6.607,4.566,7.095,6.504,2.603,2.565,2.676,2.746,2.405,2.282,2.541
3807.03,28,2.546,2.955,2.521,5.963,5.357,2.563,2.637,2.623,6.909,7.338,5.936,2.47,2.627,6.63,4.476,7.076,6.477,2.668,2.602,2.662,2.706,2.395,2.291,2.597
3808.03,28,2.503,2.969,2.506,5.936,5.355,2.6,2.533,2.588,6.945,7.33,5.863,2.463,2.58,6.632,4.563,7.131,6.532,2.614,2.618,2.609,2.715,2.421,2.264,2.658
3809.03,28,2.53,2.996,2.494,5.95,5.352,2.593,2.591,2.598,6.953,7.383,5.897,2.501,2.554,6.583,4.53,7.137,6.535,2.611,2.661,2.6,2.647,2.435,2.3,2.547
3810.03,28,2.526,2.961,2.488,5.954,5.31,2.633,2.681,2.547,6.905,7.372,5.861,2.539,2.572,6.591,4.458,7.155,6.518,2.651,2.65,2.608,2.751,2.405,2.26,2.594
3811.03,28,2.466,2.951,2.538,5.937,5.325,2.641,2.573,2.554,6.938,7.303,5.883,2.487,2.623,6.597,4.596,7.167,6.56,2.64,2.597,2.595,2.771,2.456,2.286,2.647
3812.03,28,2.487,2.983,2.514,5.94,5.309,2.618,2.592,2.615,6.928,7.34,5.869,2.509,2.597,6.574,4.502,7.129,6.49,2.569,2.624,2.557,2.755,2.366,2.25,2.626
3813.03,28,2.508,2.969,2.531,5.97,5.331,2.6,2.588,2.622,6.919,7.404,5.855,2.493,2.587,6.677,4.518,7.14,6.564,2.686,2.646,2.679,2.713,2.436,2.337,2.593
3814.03,28,2.496,2.953,2.51,5.911,5.316,2.622,2.568,2.561,6.938,7.391,5.891,2.506,2.598,6.601,4.524,7.187,6.472,2.615,2.617,2.551,2.665,2.408,2.258,2.588
3815.03,28,2.521,2.973,2.54,5.864,5.397,2.564,2.565,2.593,6.938,7.328,5.903,2.474,2.588,6.585,4.54,7.133,6.453,2.661,2.61,2.615,2.742,2.446,2.268,2.618
3816.03,28,2.478,2.965,2.511,5.964,5.324,2.613,2.632,2.574,6.937,7.445,5.839,2.479,2.613,6.583,4.503,7.044,6.483,2.633,2.668,2.6,2.708,2.429,2.235,2.565
3817.03,28,2.496,2.963,2.511,5.881,5.281,2.624,2.641,2.559,6.87,7.333,5.92,2.498,2.656,6.563,4.531,7.087,6.498,2.615,2.648,2.559,2.755,2.394,2.289,2.561
3818.03,28,2.553,2.957,2.537,5.948,5.309,2.653,2.586,2.602,6.879,7.338,5.885,2.518,2.64,6.587,4.503,7.091,6.499,2.606,2.63,2.628,2.707,2.38,2.287,2.574
3819.03,28,2.511,2.922,2.469,5.921,5.328,2.595,2.616,2.627,6.954,7.368,5.838,2.491,2.635,6.616,4.454,7.106,6.506,2.622,2.66,2.56,2.768,2.418,2.247,2.595
3820.03,28,2.517,2.984,2.469,5.899,5.325,2.59,2.534,2.595,6.923,7.342,5.904,2.507,2.603,6.559,4.505,7.141,6.457,2.594,2.705,2.641,2.68,2.427,2.267,2.562
3821.03,28,2.497,2.895,2.432,5.85,5.348,2.648,2.574,2.624,6.932,7.344,5.862,2.532,2.583,6.607,4.602,7.122,6.538,2.612,2.632,2.648,2.768,2.386,2.257,2.583
3822.03,28,2.582,2.925,2.518,5.933,5.266,2.556,2.472,2.587,6.917,7.36,5.933,2.539,2.682,6.589,4.565,7.192,6.458,2.615,2.664,2.593,2.782,2.374,2.208,2.628
3823.03,28,2.525,2.912,2.561,5.939,5.335,2.571,2.596,2.574,6.948,7.326,5.895,2.475,2.579,6.622,4.538,7.113,6.517,2.625,2.601,2.597,2.7,2.42,2.342,2.592
3824.03,28,2.579,2.953,2.536,5.94,5.271,2.58,2.56,2.589,6.996,7.351,5.853,2.537,2.685,6.552,4.567,7.145,6.464,2.656,2.671,2.626,2.703,2.473,2.25,2.594
3825.03,28,2.538,2.98,2.496,5.918,5.367,2.563,2.612,2.597,6.865,7.392,5.913,2.496,2.584,6.589,4.537,7.135,6.51,2.641,2.633,2.625,2.725,2.422,2.214,2.671
3826.03,28,2.521,3.021,2.466,5.986,5.304,2.626,2.593,2.594,6.934,7.368,5.932,2.503,2.647,6.661,4.492,7.134,6.493,2.605,2.624,2.646,2.769,2.369,2.217,2.569
3827.03,28,2.48,2.954,2.496,5.913,5.256,2.665,2.543,2.581,6.922,7.371,5.894,2.482,2.629,6.587,4.432,7.109,6.535,2.691,2.624,2.555,2.741,2.373,2.22,2.561
3828.03,28,2.493,2.988,2.406,5.948,5.433,2.586,2.597,2.643,6.883,7.395,5.875,2.524,2.59,6.61,4.533,7.159,6.461,2.65,2.601,2.634,2.756,2.397,2.156,2.648
3829.03,28,2.508,2.94,2.483,5.944,5.347,2.582,2.572,2.586,6.923,7.308,5.885,2.51,2.556,6.581,4.544,7.088,6.516,2.617,2.611,2.644,2.719,2.412,2.21,2.543
3830.03,28,2.489,2.862,2.507,5.868,5.365,2.619,2.538,2.628,6.869,7.377,5.838,2.551,2.547,6.637,4.506,7.094,6.507,2.539,2.633,2.606,2.721,2.404,2.193,2.586
3831.03,28,2.47,2.879,2.456,5.985,5.344,2.608,2.588,2.559,6.894,7.355,5.781,2.499,2.616,6.676,4.495,7.14,6.461,2.672,2.612,2.594,2.77,2.417,2.212,2.653
3832.03,28,2.523,2.994,2.516,5.943,5.365,2.657,2.561,2.571,6.899,7.37,5.872,2.479,2.618,6.53,4.5,7.148,6.546,2.608,2.612,2.631,2.739,2.409,2.216,2.573
3833.03,28,2.531,3.036,2.535,5.906,5.311,2.634,2.564,2.582,6.919,7.329,5.89,2.478,2.604,6.561,4.507,7.094,6.5,2.628,2.635,2.63,2.737,2.396,2.228,2.627
3834.03,28,2.508,3.011,2.514,5.976,5.373,2.585,2.643,2.534,6.89,7.368,5.803,2.556,2.591,6.59,4.53,7.108,6.512,2.643,2.636,2.639,2.748,2.401,2.248,2.595
3835.03,28,2.542,2.96,2.421,5.944,5.305,2.632,2.571,2.612,6.884,7.413,5.903,2.518,2.652,6.602,4.548,7.193,6.447,2.61,2.574,2.624,2.743,2.403,2.193,2.628
3836.03,28,2.49,3.013,2.532,5.871,5.279,2.622,2.598,2.58,6.933,7.377,5.871,2.581,2.604,6.608,4.456,7.119,6.492,2.595,2.65,2.579,2.748,2.386,2.22,2.598
3837.03,28,2.554,2.933,2.525,5.932,5.376,2.626,2.613,2.65,6.943,7.407,5.877,2.512,2.62,6.63,4.549,7.048,6.472,2.636,2.641,2.596,2.705,2.41,2.179,2.556
3838.03,28,2.552,2.969,2.447,5.896,5.338,2.57,2.662,2.6,6.961,7.327,5.862,2.508,2.56,6.64,4.549,7.118,6.452,2.664,2.702,2.61,2.787,2.378,2.121,2.528
3839.03,28,2.498,3.004,2.496,5.964,5.41,2.616,2.608,2.58,6.891,7.371,5.855,2.536,2.65,6.615,4.548,7.118,6.508,2.641,2.682,2.627,2.723,2.401,2.208,2.603
3840.03,28,2.458,2.965,2.493,5.935,5.349,2.612,2.575,2.59,6.858,7.392,5.862,2.502,2.565,6.563,4.529,7.088,6.474,2.655,2.643,2.601,2.759,2.395,2.217,2.608
3841.03,28,2.593,2.973,2.492,5.865,5.326,2.662,2.581,2.527,6.881,7.423,5.882,2.472,2.696,6.606,4.523,7.102,6.493,2.66,2.587,2.618,2.788,2.433,2.17,2.642
3842.03,28,2.583,3.023,2.529,5.907,5.294,2.617,2.648,2.584,6.956,7.328,5.917,2.48,2.656,6.634,4.522,7.109,6.432,2.586,2.607,2.556,2.762,2.42,2.204,2.512
3843.03,28,2.481,2.974,2.496,5.917,5.303,2.668,2.56,2.582,6.919,7.34,5.925,2.417,2.557,6.64,4.481,7.171,6.497,2.666,2.707,2.679,2.707,2.422,2.186,2.597
3844.03,28,2.501,2.982,2.496,5.883,5.375,2.592,2.591,2.558,6.935,7.381,5.852,2.468,2.589,6.647,4.559,7.152,6.494,2.652,2.674,2.595,2.701,2.44,2.244,2.614
3845.03,28,2.525,3.004,2.505,5.994,5.314,2.623,2.646,2.624,6.896,7.362,5.863,2.452,2.6,6.604,4.531,7.167,6.477,2.619,2.627,2.638,2.825,2.527,2.234,2.653
3846.03,28,2.528,2.941,2.416,5.91,5.304,2.614,2.596,2.519,6.941,7.328,5.926,2.564,2.632,6.599,4.564,7.135,6.486,2.638,2.703,2.548,2.701,2.426,2.158,2.546
3847.03,28,2.495,2.991,2.512,5.888,5.301,2.602,2.637,2.598,6.896,7.38,5.905,2.502,2.573,6.605,4.491,7.123,6.453,2.593,2.625,2.605,2.736,2.48,2.188,2.599
3848.03,28,2.491,2.954,2.495,5.942,5.334,2.58,2.543,2.633,6.955,7.345,5.796,2.539,2.7,6.678,4.468,7.111,6.465,2.607,2.682,2.662,2.73,2.423,2.223,2.528
3849.03,28,2.533,2.953,2.436,5.927,5.337,2.558,2.652,2.558,6.957,7.391,5.844,2.501,2.588,6.559,4.561,7.188,6.528,2.638,2.648,2.612,2.785,2.42,2.195,2.598
3850.03,28,2.528,2.962,2.487,5.94,5.298,2.583,2.554,2.521,6.884,7.327,5.898,2.489,2.588,6.583,4.554,7.153,6.451,2.649,2.586,2.641,2.76,2.41,2.141,2.572
3851.03,28,2.526,2.933,2.507,5.872,5.378,2.645,2.612,2.583,6.912,7.368,5.828,2.483,2.664,6.633,4.554,7.118,6.52,2.616,2.657,2.628,2.696,2.416,2.169,2.598
3852.03,28,2.421,3.024,2.531,5.997,5.403,2.645,2.574,2.57,6.918,7.372,5.923,2.47,2.625,6.631,4.568,7.187,6.45,2.622,2.606,2.592,2.789,2.426,2.165,2.591
3853.03,28,2.51,2.973,2.513,5.98,5.38,2.624,2.602,2.595,6.928,7.333,5.859,2.509,2.579,6.606,4.519,7.051,6.546,2.608,2.635,2.62,2.698,2.414,2.18,2.616
3854.03,28,2.493,3.026,2.534,5.944,5.384,2.625,2.582,2.584,6.963,7.331,5.962,2.514,2.609,6.664,4.55,7.133,6.579,2.629,2.628,2.58,2.753,2.448,2.133,2.59
3855.03,28,2.489,2.962,2.52,5.904,5.394,2.621,2.551,2.583,6.866,7.348,5.875,2.519,2.628,6.622,4.471,7.144,6.518,2.656,2.64,2.612,2.715,2.466,2.193,2.618
3856.03,28,2.543,3.032,2.551,5.927,5.353,2.603,2.592,2.599,6.913,7.349,5.883,2.596,2.573,6.658,4.522,7.139,6.502,2.566,2.679,2.6,2.83,2.432,2.195,2.593
3857.03,28,2.55,2.979,2.533,5.913,5.266,2.604,2.543,2.547,6.985,7.384,5.917,2.492,2.583,6.6,4.517,7.119,6.413,2.605,2.623,2.58,2.76,2.416,2.163,2.632
3858.03,28,2.55,2.901,2.501,5.972,5.35,2.614,2.679,2.578,6.872,7.4,5.889,2.537,2.601,6.62,4.529,7.048,6.484,2.656,2.618,2.596,2.776,2.46,2.183,2.611
3859.03,28,2.506,2.973,2.5,5.864,5.306,2.652,2.587,2.604,6.916,7.319,5.904,2.498,2.568,6.537,4.558,7.143,6.482,2.675,2.738,2.565,2.727,2.419,2.12,2.618
3860.03,28,2.513,2.974,2.485,5.913,5.397,2.643,2.576,2.573,6.944,7.384,5.858,2.504,2.626,6.564,4.521,7.149,6.46,2.647,2.657,2.629,2.782,2.458,2.103,2.598
3861.03,28,2.473,2.989,2.49,5.941,5.305,2.623,2.591,2.545,6.959,7.351,5.945,2.47,2.618,6.607,4.54,7.162,6.591,2.579,2.648,2.627,2.74,2.402,2.159,2.54
3862.03,28,2.487,2.948,2.474,5.977,5.426,2.61,2.571,2.577,6.906,7.374,5.91,2.519,2.634,6.656,4.552,7.144,6.47,2.651,2.637,2.595,2.762,2.388,2.207,2.603
3863.03,28,2.504,2.981,2.496,5.89,5.35,2.571,2.621,2.499,6.861,7.36,5.844,2.481,2.566,6.604,4.531,7.147,6.478,2.6,2.657,2.61,2.795,2.487,2.191,2.549
3864.03,28,2.442,2.971,2.489,5.903,5.338,2.601,2.579,2.596,6.956,7.429,5.9,2.526,2.584,6.629,4.539,7.104,6.501,2.597,2.645,2.556,2.791,2.431,2.205,2.625
3865.03,28,2.61,2.946,2.439,5.919,5.271,2.621,2.57,2.604,6.818,7.359,5.945,2.466,2.656,6.553,4.535,7.203,6.451,2.629,2.672,2.542,2.726,2.428,2.158,2.577
3866.03,28,2.534,2.987,2.52,5.862,5.359,2.599,2.549,2.602,6.989,7.365,5.91,2.496,2.632,6.584,4.558,7.104,6.473,2.593,2.681,2.613,2.757,2.51,2.121,2.536
3867.03,28,2.507,2.96,2.49,5.927,5.399,2.667,2.504,2.506,6.925,7.395,5.9,2.503,2.633,6.626,4.501,7.193,6.486,2.658,2.68,2.674,2.761,2.423,2.192,2.614
3868.03,28,2.513,3.029,2.516,5.971,5.304,2.616,2.569,2.614,6.923,7.325,5.867,2.527,2.644,6.576,4.516,7.148,6.503,2.626,2.631,2.623,2.752,2.493,2.148,2.623
3869.03,28,2.506,2.976,2.524,5.907,5.302,2.635,2.608,2.584,6.981,7.397,5.854,2.574,2.636,6.637,4.485,7.15,6.479,2.614,2.6,2.604,2.775,2.44,2.126,2.603
3870.03,28,2.505,3.004,2.469,5.903,5.317,2.649,2.62,2.554,6.887,7.333,5.881,2.545,2.604,6.564,4.434,7.153,6.463,2.646,2.668,2.653,2.762,2.456,2.122,2.613
3871.03,28,2.514,2.899,2.514,5.956,5.359,2.577,2.629,2.506,6.936,7.34,5.867,2.51,2.644,6.586,4.521,7.13,6.515,2.564,2.647,2.576,2.758,2.43,2.179,2.624
3872.03,28,2.517,2.931,2.454,5.944,5.312,2.611,2.606,2.592,6.897,7.332,5.84,2.54,2.597,6.604,4.532,7.203,6.468,2.601,2.667,2.617,2.787,2.39,2.063,2.629
3873.03,28,2.553,2.953,2.53,5.942,5.375,2.638,2.481,2.575,6.958,7.307,5.873,2.574,2.61,6.589,4.528,7.124,6.5,2.57,2.671,2.679,2.749,2.458,2.19,2.57
3874.03,28,2.541,2.966,2.497,5.907,5.361,2.66,2.562,2.583,6.896,7.396,5.887,2.549,2.595,6.641,4.548,7.118,6.499,2.592,2.668,2.554,2.79,2.453,2.164,2.611
3875.03,28,2.476,2.984,2.451,5.925,5.419,2.593,2.588,2.618,6.968,7.447,5.869,2.508,2.63,6.629,4.548,7.091,6.533,2.668,2.603,2.593,2.743,2.379,2.185,2.571
3876.03,28,2.578,3,2.418,5.924,5.331,2.565,2.582,2.609,6.936,7.324,5.87,2.519,2.601,6.605,4.583,7.133,6.491,2.654,2.661,2.629,2.764,2.453,2.164,2.616
3877.03,28,2.543,2.973,2.465,5.948,5.325,2.528,2.604,2.569,6.885,7.37,5.911,2.509,2.579,6.553,4.533,7.083,6.533,2.62,2.653,2.594,2.764,2.497,2.083,2.641
3878.03,28,2.571,2.973,2.49,5.882,5.33,2.674,2.559,2.635,6.928,7.338,5.885,2.453,2.592,6.569,4.542,7.167,6.479,2.608,2.65,2.639,2.765,2.422,2.151,2.569
3879.03,28,2.507,3.04,2.496,5.969,5.301,2.606,2.593,2.578,6.907,7.373,5.887,2.559,2.596,6.625,4.542,7.133,6.485,2.664,2.654,2.638,2.699,2.451,2.137,2.606
3880.03,28,2.523,2.967,2.476,5.883,5.32,2.548,2.585,2.526,6.903,7.315,5.902,2.481,2.626,6.577,4.583,7.09,6.478,2.673,2.656,2.65,2.756,2.441,2.114,2.572
3881.03,28,2.522,2.909,2.546,5.962,5.383,2.618,2.634,2.549,6.924,7.347,5.844,2.559,2.559,6.569,4.523,7.145,6.413,2.6,2.636,2.643,2.733,2.464,2.048,2.609
3882.03,28,2.548,2.951,2.492,5.948,5.34,2.57,2.603,2.621,6.895,7.422,5.887,2.528,2.622,6.623,4.549,7.135,6.456,2.602,2.664,2.61,2.743,2.415,2.188,2.554
3883.03,28,2.515,2.942,2.511,5.935,5.336,2.639,2.568,2.602,6.917,7.339,5.926,2.485,2.615,6.682,4.544,7.149,6.482,2.597,2.615,2.637,2.778,2.457,2.123,2.639
3884.03,28,2.487,2.969,2.544,5.904,5.341,2.628,2.555,2.605,6.939,7.377,5.856,2.544,2.611,6.529,4.447,7.145,6.461,2.623,2.618,2.659,2.745,2.397,2.075,2.657
3885.03,28,2.537,2.979,2.492,5.857,5.322,2.679,2.655,2.561,6.917,7.38,5.859,2.532,2.571,6.67,4.514,7.113,6.574,2.59,2.63,2.598,2.71,2.532,2.07,2.559
3886.03,28,2.5,2.952,2.492,5.996,5.312,2.591,2.583,2.608,6.927,7.33,5.949,2.502,2.671,6.651,4.484,7.12,6.482,2.653,2.633,2.598,2.81,2.43,2.105,2.569
3887.03,28,2.577,2.921,2.48,5.894,5.352,2.658,2.631,2.607,6.931,7.336,5.889,2.509,2.629,6.575,4.555,7.075,6.521,2.621,2.699,2.65,2.752,2.435,2.038,2.539
3888.03,28,2.456,2.995,2.545,5.928,5.314,2.706,2.595,2.585,6.889,7.283,5.83,2.578,2.545,6.592,4.541,7.095,6.52,2.642,2.638,2.609,2.779,2.47,2.089,2.578
3889.03,28,2.457,2.997,2.561,5.908,5.261,2.582,2.513,2.606,6.881,7.349,5.926,2.491,2.689,6.566,4.513,7.102,6.462,2.621,2.64,2.602,2.693,2.494,2.062,2.578
3890.03,28,2.553,2.883,2.456,5.924,5.348,2.623,2.586,2.596,6.925,7.32,5.847,2.512,2.589,6.575,4.507,7.086,6.454,2.612,2.638,2.608,2.731,2.419,2.076,2.661
3891.03,28,2.457,2.893,2.492,5.919,5.369,2.609,2.652,2.614,6.93,7.406,5.893,2.504,2.643,6.598,4.575,7.141,6.467,2.639,2.662,2.66,2.7,2.482,2.116,2.599
3892.03,28,2.494,2.964,2.505,5.857,5.335,2.668,2.65,2.594,6.897,7.33,5.85,2.487,2.615,6.676,4.54,7.091,6.519,2.581,2.616,2.587,2.741,2.452,2.116,2.682
3893.03,28,2.553,2.936,2.537,5.963,5.356,2.622,2.547,2.534,6.87,7.398,5.874,2.507,2.649,6.61,4.6,7.102,6.438,2.568,2.642,2.592,2.815,2.413,2.079,2.577
3894.03,28,2.484,2.955,2.488,5.902,5.311,2.641,2.545,2.648,6.944,7.341,5.933,2.504,2.608,6.639,4.501,7.101,6.423,2.609,2.708,2.628,2.796,2.441,2.084,2.628
3895.03,28,2.532,3.059,2.504,5.907,5.324,2.6,2.624,2.603,6.989,7.334,5.929,2.497,2.632,6.57,4.518,7.152,6.463,2.682,2.671,2.614,2.708,2.502,2.001,2.594
3896.03,28,2.54,3.031,2.46,5.922,5.324,2.623,2.588,2.666,6.906,7.309,5.87,2.545,2.649,6.565,4.561,7.141,6.463,2.658,2.669,2.69,2.707,2.446,2.069,2.617
3897.03,28,2.502,2.927,2.473,5.872,5.375,2.561,2.572,2.64,6.889,7.325,5.862,2.453,2.625,6.626,4.498,7.151,6.509,2.616,2.695,2.622,2.776,2.491,2.12,2.667
3898.03,28,2.512,2.946,2.557,5.956,5.344,2.58,2.557,2.632,6.912,7.346,5.898,2.514,2.607,6.57,4.582,7.181,6.485,2.676,2.719,2.662,2.767,2.397,2.101,2.648
3899.03,28,2.506,2.941,2.47,5.892,5.287,2.681,2.616,2.626,6.911,7.322,5.906,2.487,2.608,6.566,4.498,7.156,6.441,2.667,2.673,2.597,2.72,2.414,2.111,2.65
3900.03,28,2.535,2.927,2.512,5.884,5.27,2.582,2.569,2.615,6.89,7.389,5.87,2.486,2.604,6.597,4.517,7.075,6.511,2.617,2.664,2.688,2.712,2.425,1.994,2.628
3901.03,28,2.471,2.983,2.477,5.888,5.406,2.655,2.565,2.581,6.904,7.308,5.841,2.485,2.603,6.633,4.489,7.155,6.492,2.58,2.623,2.543,2.784,2.444,2.134,2.648
3902.03,28,2.584,2.974,2.525,5.882,5.327,2.605,2.648,2.6,6.94,7.332,5.877,2.508,2.555,6.576,4.575,7.156,6.535,2.642,2.609,2.579,2.74,2.435,2.066,2.634
3903.03,28,2.496,2.97,2.475,5.947,5.346,2.59,2.578,2.61,6.937,7.367,5.839,2.496,2.595,6.548,4.557,7.114,6.531,2.637,2.704,2.574,2.751,2.505,2.026,2.586
3904.03,28,2.573,3.006,2.494,5.876,5.387,2.593,2.554,2.638,6.933,7.365,5.842,2.448,2.645,6.607,4.579,7.121,6.544,2.616,2.667,2.625,2.709,2.4,2.015,2.557
3905.03,28,2.507,2.962,2.489,5.933,5.332,2.632,2.561,2.636,6.851,7.342,5.873,2.471,2.615,6.556,4.562,7.131,6.467,2.563,2.694,2.654,2.715,2.393,2.061,2.618
3906.03,28,2.533,2.951,2.489,5.94,5.35,2.605,2.57,2.579,6.912,7.317,5.862,2.44,2.572,6.619,4.55,7.142,6.491,2.581,2.636,2.607,2.79,2.46,2.041,2.64
3907.03,28,2.554,2.949,2.481,5.891,5.282,2.596,2.542,2.605,6.919,7.336,5.862,2.494,2.587,6.624,4.491,7.151,6.461,2.631,2.647,2.672,2.794,2.42,2.091,2.616
3908.03,28,2.545,2.964,2.557,5.949,5.275,2.603,2.598,2.587,6.923,7.414,5.82,2.47,2.615,6.639,4.505,7.11,6.478,2.593,2.716,2.644,2.77,2.454,2.053,2.598
3909.03,28,2.542,2.99,2.482,5.937,5.34,2.604,2.613,2.567,6.886,7.387,5.872,2.515,2.663,6.588,4.524,7.127,6.464,2.607,2.697,2.613,2.776,2.513,2.053,2.663
3910.03,28,2.506,2.915,2.5,5.982,5.375,2.615,2.601,2.657,6.919,7.383,5.883,2.518,2.607,6.615,4.5,7.079,6.527,2.589,2.714,2.624,2.764,2.405,2.045,2.638
3911.03,28,2.515,2.942,2.5,5.946,5.316,2.589,2.607,2.634,6.897,7.32,5.879,2.475,2.599,6.573,4.518,7.125,6.469,2.622,2.638,2.648,2.728,2.442,2.039,2.598
3912.03,28,2.519,2.875,2.451,5.896,5.356,2.576,2.574,2.539,6.897,7.385,5.944,2.555,2.652,6.646,4.516,7.141,6.415,2.646,2.585,2.62,2.738,2.49,2.047,2.686
3913.03,28,2.512,3.016,2.499,5.906,5.348,2.603,2.583,2.573,6.875,7.336,5.873,2.576,2.624,6.611,4.534,7.106,6.433,2.616,2.628,2.632,2.721,2.455,1.977,2.598
3914.03,28,2.582,2.924,2.553,5.96,5.352,2.592,2.59,2.61,6.921,7.396,5.826,2.493,2.609,6.57,4.556,7.109,6.498,2.581,2.621,2.593,2.765,2.508,1.969,2.635
3915.03,28,2.546,3.017,2.547,5.912,5.319,2.582,2.569,2.549,6.977,7.328,5.875,2.558,2.576,6.589,4.494,7.172,6.52,2.673,2.712,2.624,2.714,2.448,2.084,2.644
3916.03,28,2.491,2.996,2.545,6.01,5.432,2.702,2.602,2.572,6.935,7.395,5.842,2.466,2.621,6.614,4.552,7.076,6.443,2.625,2.59,2.665,2.76,2.475,1.967,2.542
3917.03,28,2.551,2.989,2.476,5.907,5.314,2.575,2.558,2.514,6.915,7.428,5.915,2.45,2.621,6.594,4.502,7.106,6.462,2.628,2.692,2.6,2.792,2.476,2.034,2.597
3918.03,28,2.531,2.985,2.505,5.895,5.317,2.554,2.617,2.632,6.862,7.39,5.88,2.471,2.64,6.627,4.496,7.178,6.466,2.604,2.642,2.643,2.833,2.479,1.945,2.584
3919.03,28,2.51,2.992,2.455,5.914,5.363,2.62,2.656,2.511,6.994,7.346,5.913,2.565,2.623,6.514,4.538,7.104,6.479,2.66,2.672,2.569,2.751,2.437,1.945,2.618
3920.03,28,2.547,3,2.494,5.95,5.353,2.593,2.592,2.556,6.886,7.319,5.882,2.419,2.634,6.64,4.472,7.094,6.443,2.628,2.62,2.611,2.795,2.378,2.016,2.573
3921.03,28,2.5,2.989,2.509,5.825,5.346,2.563,2.606,2.589,6.891,7.271,5.841,2.512,2.575,6.576,4.514,7.084,6.524,2.625,2.616,2.625,2.785,2.45,2.023,2.604
3922.03,28,2.515,2.965,2.465,5.909,5.319,2.607,2.587,2.619,6.94,7.436,5.908,2.547,2.6,6.63,4.495,7.115,6.437,2.677,2.693,2.574,2.792,2.378,1.968,2.551
3923.03,28,2.487,2.933,2.508,5.875,5.297,2.595,2.532,2.624,6.961,7.36,5.924,2.53,2.622,6.644,4.535,7.11,6.481,2.597,2.722,2.58,2.756,2.473,2.02,2.627
3924.03,28,2.553,2.99,2.513,5.956,5.304,2.617,2.539,2.596,6.865,7.332,5.91,2.51,2.618,6.578,4.553,7.083,6.58,2.598,2.632,2.601,2.781,2.473,1.945,2.632
3925.03,28,2.496,3.005,2.481,5.956,5.285,2.588,2.656,2.648,6.926,7.407,5.858,2.499,2.606,6.651,4.564,7.142,6.538,2.606,2.652,2.673,2.741,2.441,1.993,2.643
3926.03,28,2.481,2.955,2.478,5.861,5.305,2.58,2.677,2.629,6.967,7.331,5.865,2.512,2.67,6.623,4.54,7.113,6.537,2.587,2.663,2.639,2.691,2.466,2.02,2.599
3927.03,28,2.511,2.937,2.499,5.917,5.34,2.629,2.612,2.499,6.95,7.283,5.914,2.498,2.647,6.58,4.549,7.142,6.462,2.679,2.689,2.656,2.755,2.435,2.012,2.586
3928.03,28,2.526,3.014,2.443,5.993,5.386,2.641,2.57,2.591,6.936,7.341,5.812,2.483,2.567,6.649,4.55,7.152,6.519,2.618,2.676,2.615,2.729,2.493,2.101,2.615
3929.03,28,2.446,2.949,2.514,5.927,5.303,2.62,2.592,2.542,6.899,7.381,5.897,2.543,2.604,6.646,4.477,7.147,6.477,2.617,2.693,2.597,2.701,2.463,1.948,2.573
3930.03,28,2.538,2.915,2.546,5.907,5.355,2.632,2.512,2.599,6.943,7.391,5.867,2.526,2.612,6.596,4.551,7.171,6.479,2.645,2.659,2.635,2.774,2.44,1.972,2.692
3931.03,28,2.507,2.977,2.442,5.941,5.335,2.653,2.553,2.59,6.999,7.369,5.862,2.533,2.568,6.578,4.548,7.154,6.473,2.63,2.642,2.611,2.769,2.454,2,2.653
3932.03,28,2.459,2.929,2.508,5.93,5.322,2.598,2.571,2.593,6.877,7.335,5.853,2.433,2.639,6.622,4.495,7.14,6.521,2.604,2.72,2.625,2.685,2.459,2.033,2.682
3933.03,28,2.547,3.047,2.487,5.949,5.325,2.62,2.593,2.534,6.936,7.372,5.879,2.482,2.591,6.625,4.548,7.213,6.526,2.596,2.677,2.633,2.748,2.48,2.035,2.662
3934.03,28,2.54,2.988,2.431,5.928,5.337,2.677,2.551,2.617,6.919,7.364,5.96,2.49,2.63,6.532,4.542,7.201,6.416,2.539,2.697,2.627,2.725,2.417,2.074,2.609
3935.03,28,2.454,3.007,2.523,5.932,5.389,2.664,2.575,2.617,6.917,7.338,5.889,2.528,2.629,6.581,4.534,7.111,6.447,2.599,2.71,2.636,2.733,2.455,1.976,2.645
3936.03,28,2.502,2.963,2.489,5.911,5.291,2.613,2.566,2.579,6.957,7.368,5.877,2.513,2.651,6.529,4.56,7.17,6.478,2.615,2.67,2.608,2.793,2.548,1.992,2.606
3937.03,28,2.553,3.008,2.505,5.935,5.362,2.6,2.565,2.647,6.974,7.346,5.842,2.502,2.576,6.576,4.509,7.141,6.471,2.615,2.666,2.62,2.769,2.435,2,2.608
3938.03,28,2.554,2.98,2.483,5.916,5.31,2.636,2.603,2.644,6.892,7.345,5.89,2.46,2.574,6.666,4.511,7.109,6.578,2.652,2.69,2.556,2.738,2.43,2.061,2.674
3939.03,28,2.533,2.992,2.542,5.886,5.297,2.581,2.612,2.687,7,7.332,5.871,2.556,2.635,6.613,4.516,7.163,6.472,2.604,2.652,2.585,2.776,2.451,2,2.631
3940.03,28,2.506,2.965,2.45,5.983,5.344,2.601,2.623,2.569,6.873,7.356,5.828,2.492,2.576,6.58,4.49,7.133,6.476,2.68,2.557,2.636,2.768,2.461,1.97,2.601
3941.03,28,2.523,3.031,2.48,5.93,5.298,2.625,2.589,2.595,6.878,7.431,5.914,2.523,2.639,6.638,4.509,7.113,6.496,2.644,2.668,2.599,2.665,2.465,2.022,2.581
3942.03,28,2.487,2.981,2.523,5.927,5.344,2.551,2.613,2.635,6.891,7.362,5.883,2.572,2.586,6.586,4.51,7.142,6.401,2.587,2.647,2.63,2.789,2.433,2.048,2.594
3943.03,28,2.527,2.966,2.467,5.934,5.348,2.629,2.601,2.659,6.935,7.428,5.91,2.514,2.644,6.595,4.503,7.193,6.466,2.606,2.632,2.595,2.741,2.44,2.042,2.594
3944.03,28,2.572,2.984,2.569,5.886,5.326,2.598,2.569,2.597,6.905,7.272,5.899,2.508,2.576,6.587,4.501,7.154,6.504,2.598,2.627,2.61,2.738,2.448,2.059,2.64
3945.03,28,2.474,3.038,2.496,5.884,5.321,2.626,2.58,2.651,6.917,7.366,5.861,2.465,2.593,6.555,4.532,7.088,6.471,2.668,2.64,2.729,2.76,2.449,2.059,2.686
3946.03,28,2.557,2.924,2.502,5.969,5.31,2.574,2.598,2.614,6.892,7.408,5.832,2.442,2.582,6.608,4.454,7.095,6.439,2.604,2.685,2.64,2.711,2.522,2.019,2.608
3947.03,28,2.491,2.98,2.528,5.893,5.295,2.597,2.583,2.596,6.902,7.411,5.877,2.469,2.662,6.62,4.498,7.093,6.501,2.634,2.669,2.629,2.783,2.479,2.054,2.55
3948.03,28,2.521,2.976,2.529,5.887,5.351,2.612,2.58,2.6,6.935,7.363,5.879,2.483,2.597,6.665,4.527,7.099,6.508,2.604,2.623,2.602,2.787,2.476,2.033,2.609
3949.03,28,2.525,2.981,2.493,5.923,5.307,2.592,2.577,2.531,6.891,7.291,5.957,2.55,2.597,6.641,4.49,7.111,6.459,2.596,2.666,2.553,2.753,2.519,1.992,2.62
3950.03,28,2.516,2.962,2.51,5.971,5.336,2.594,2.517,2.587,6.878,7.393,5.856,2.522,2.58,6.613,4.534,7.105,6.517,2.622,2.654,2.598,2.739,2.485,2.05,2.613
3951.03,28,2.54,3.032,2.461,5.988,5.345,2.66,2.656,2.596,6.908,7.327,5.859,2.492,2.645,6.605,4.576,7.116,6.484,2.602,2.614,2.679,2.725,2.468,1.952,2.607
3952.03,28,2.557,2.966,2.575,5.919,5.314,2.644,2.67,2.606,6.882,7.36,5.856,2.513,2.589,6.547,4.514,7.17,6.526,2.646,2.654,2.573,2.729,2.433,1.98,2.678
3953.03,28,2.518,3.055,2.525,5.945,5.378,2.598,2.538,2.558,6.95,7.331,5.873,2.5,2.646,6.593,4.525,7.14,6.424,2.643,2.623,2.634,2.765,2.493,2.022,2.602
3954.03,28,2.547,2.992,2.531,5.859,5.369,2.603,2.575,2.594,6.911,7.328,5.912,2.532,2.645,6.651,4.547,7.145,6.45,2.638,2.67,2.595,2.735,2.443,1.96,2.581
3955.03,28,2.485,3.002,2.523,5.92,5.354,2.631,2.531,2.59,6.887,7.369,5.888,2.514,2.574,6.624,4.506,7.152,6.416,2.593,2.672,2.565,2.76,2.463,1.962,2.653
3956.03,28,2.484,2.991,2.481,5.884,5.28,2.584,2.577,2.54,6.883,7.32,5.943,2.53,2.577,6.654,4.562,7.141,6.542,2.613,2.688,2.624,2.815,2.478,1.988,2.557
3957.03,28,2.535,2.887,2.468,5.961,5.258,2.651,2.593,2.565,6.988,7.323,5.856,2.431,2.577,6.583,4.499,7.103,6.462,2.597,2.612,2.65,2.757,2.469,2.025,2.662
3958.03,28,2.517,2.968,2.563,5.852,5.352,2.557,2.613,2.591,6.91,7.425,5.906,2.487,2.592,6.612,4.503,7.141,6.505,2.619,2.636,2.596,2.729,2.475,1.971,2.623
3959.03,28,2.547,2.963,2.534,5.962,5.354,2.582,2.558,2.608,6.862,7.31,5.887,2.446,2.661,6.582,4.513,7.156,6.432,2.639,2.692,2.607,2.746,2.462,2.037,2.614
3960.03,28,2.543,2.978,2.482,5.869,5.371,2.62,2.634,2.618,6.93,7.311,5.842,2.497,2.664,6.63,4.496,7.207,6.443,2.599,2.673,2.63,2.717,2.487,1.989,2.628
3961.03,28,2.554,2.95,2.499,5.926,5.352,2.648,2.614,2.61,6.967,7.364,5.894,2.535,2.592,6.559,4.511,7.128,6.507,2.643,2.658,2.627,2.732,2.482,2.048,2.654
3962.03,28,2.535,2.987,2.494,5.899,5.26,2.636,2.579,2.58,6.898,7.425,5.829,2.452,2.59,6.604,4.519,7.085,6.428,2.637,2.613,2.58,2.701,2.474,1.986,2.627
3963.03,28,2.566,2.948,2.565,5.868,5.339,2.597,2.571,2.648,6.88,7.349,5.892,2.521,2.555,6.606,4.509,7.061,6.527,2.624,2.668,2.592,2.811,2.518,2.008,2.616
3964.03,28,2.507,2.999,2.472,5.933,5.336,2.6,2.586,2.618,6.908,7.396,5.866,2.534,2.595,6.643,4.504,7.176,6.47,2.731,2.677,2.6,2.766,2.489,1.963,2.63
3965.03,28,2.484,2.983,2.507,6.027,5.355,2.618,2.504,2.611,6.951,7.378,5.84,2.531,2.579,6.616,4.461,7.192,6.546,2.669,2.693,2.645,2.825,2.476,2.029,2.631
3966.03,28,2.598,3.029,2.5,5.95,5.295,2.624,2.602,2.574,6.918,7.295,5.894,2.522,2.652,6.563,4.492,7.114,6.505,2.654,2.694,2.571,2.752,2.38,2.003,2.631
3967.03,28,2.455,2.995,2.51,5.973,5.307,2.671,2.641,2.567,6.898,7.416,5.882,2.514,2.636,6.603,4.595,7.168,6.523,2.581,2.628,2.622,2.742,2.518,1.96,2.573
3968.03,28,2.562,2.995,2.521,5.9,5.258,2.659,2.574,2.619,6.919,7.35,5.898,2.506,2.667,6.554,4.516,7.111,6.479,2.662,2.718,2.638,2.755,2.481,2.005,2.695
3969.03,28,2.509,2.958,2.508,5.922,5.357,2.596,2.545,2.624,6.958,7.358,5.909,2.499,2.606,6.601,4.531,7.139,6.491,2.579,2.692,2.618,2.756,2.465,2.067,2.671
3970.03,28,2.548,3.008,2.501,5.966,5.275,2.663,2.598,2.505,6.913,7.319,5.915,2.536,2.601,6.56,4.541,7.139,6.541,2.631,2.67,2.6,2.781,2.45,2.008,2.554
3971.03,28,2.551,2.99,2.518,5.899,5.318,2.636,2.534,2.614,6.995,7.388,5.933,2.533,2.632,6.606,4.519,7.15,6.507,2.64,2.696,2.579,2.767,2.481,2.057,2.658
3972.03,28,2.491,2.985,2.464,5.891,5.346,2.654,2.6,2.613,6.917,7.317,5.922,2.483,2.636,6.582,4.528,7.214,6.457,2.627,2.721,2.582,2.725,2.465,2.057,2.636
3973.03,28,2.509,2.97,2.483,5.971,5.327,2.67,2.531,2.561,6.878,7.371,5.904,2.491,2.612,6.594,4.53,7.086,6.468,2.662,2.675,2.63,2.745,2.434,2.062,2.651
3974.03,28,2.543,2.996,2.527,5.881,5.332,2.613,2.599,2.588,6.948,7.333,5.941,2.525,2.598,6.569,4.568,7.083,6.456,2.666,2.692,2.623,2.784,2.412,1.993,2.672
3975.03,28,2.479,2.97,2.509,5.924,5.313,2.612,2.649,2.65,6.929,7.336,5.914,2.492,2.59,6.575,4.582,7.086,6.522,2.641,2.621,2.693,2.78,2.452,2.023,2.622
3976.03,28,2.531,2.96,2.504,5.865,5.344,2.642,2.558,2.57,6.913,7.377,5.884,2.538,2.672,6.608,4.51,7.19,6.553,2.597,2.698,2.655,2.799,2.547,1.966,2.609
3977.03,28,2.561,3.008,2.492,5.919,5.313,2.626,2.563,2.593,6.877,7.322,5.84,2.525,2.628,6.625,4.52,7.159,6.49,2.601,2.689,2.597,2.753,2.506,2.01,2.647
3978.03,28,2.525,2.94,2.44,5.949,5.293,2.571,2.586,2.606,6.926,7.375,5.86,2.521,2.616,6.65,4.475,7.096,6.45,2.649,2.666,2.618,2.758,2.498,1.982,2.617
3979.03,28,2.507,3.02,2.547,5.905,5.355,2.609,2.612,2.614,6.936,7.367,5.895,2.52,2.617,6.56,4.503,7.127,6.467,2.6,2.666,2.592,2.725,2.467,2.031,2.603
3980.03,28,2.569,2.973,2.477,5.9,5.327,2.69,2.666,2.532,6.894,7.348,5.877,2.523,2.597,6.547,4.475,7.156,6.501,2.655,2.625,2.651,2.773,2.396,1.965,2.583
3981.03,28,2.502,2.983,2.499,5.899,5.367,2.631,2.635,2.53,6.924,7.341,5.881,2.521,2.666,6.595,4.56,7.147,6.444,2.627,2.635,2.588,2.796,2.562,1.974,2.585
3982.03,28,2.506,2.908,2.466,5.909,5.333,2.627,2.59,2.652,6.906,7.334,5.939,2.548,2.628,6.623,4.527,7.068,6.461,2.649,2.679,2.599,2.854,2.483,2,2.663
3983.03,28,2.513,2.906,2.49,5.922,5.306,2.653,2.504,2.589,6.943,7.345,5.882,2.513,2.676,6.675,4.553,7.099,6.478,2.623,2.647,2.623,2.786,2.486,1.974,2.607
3984.03,28,2.538,2.927,2.559,5.937,5.329,2.602,2.57,2.615,6.917,7.299,5.89,2.483,2.563,6.629,4.536,7.173,6.486,2.654,2.621,2.625,2.727,2.479,1.983,2.667
3985.03,28,2.505,2.965,2.505,5.901,5.371,2.577,2.65,2.604,6.985,7.303,5.862,2.569,2.587,6.557,4.545,7.139,6.403,2.648,2.646,2.645,2.77,2.473,2.122,2.614
3986.03,28,2.469,2.993,2.546,5.909,5.272,2.577,2.603,2.572,6.869,7.298,5.874,2.449,2.612,6.629,4.491,7.141,6.45,2.563,2.622,2.603,2.666,2.473,2.068,2.674
3987.03,28,2.525,2.947,2.456,5.926,5.349,2.69,2.563,2.576,6.908,7.4,5.878,2.518,2.672,6.649,4.571,7.124,6.456,2.646,2.677,2.623,2.759,2.456,1.988,2.595
3988.03,28,2.525,2.999,2.53,5.914,5.35,2.67,2.582,2.57,6.883,7.37,5.846,2.459,2.588,6.611,4.554,7.09,6.465,2.628,2.619,2.641,2.698,2.504,2.035,2.59
3989.03,28,2.504,2.951,2.427,5.915,5.346,2.578,2.571,2.586,6.835,7.376,5.883,2.492,2.625,6.629,4.56,7.134,6.587,2.626,2.625,2.668,2.693,2.448,1.999,2.635
3990.03,28,2.536,3.007,2.504,5.878,5.337,2.641,2.607,2.607,6.891,7.351,5.892,2.48,2.714,6.599,4.531,7.105,6.471,2.654,2.692,2.626,2.795,2.425,2.002,2.593
3991.03,28,2.486,2.999,2.527,5.876,5.29,2.618,2.558,2.59,7.008,7.362,5.916,2.51,2.547,6.586,4.483,7.155,6.456,2.612,2.665,2.584,2.731,2.522,2.045,2.615
3992.03,28,2.56,3.001,2.509,5.952,5.336,2.605,2.58,2.57,6.936,7.328,5.862,2.497,2.691,6.606,4.521,7.081,6.461,2.609,2.669,2.629,2.801,2.462,2.048,2.603
3993.03,28,2.498,2.963,2.464,5.931,5.425,2.597,2.61,2.572,6.892,7.374,5.911,2.512,2.625,6.612,4.528,7.169,6.474,2.596,2.642,2.652,2.814,2.447,2.014,2.647
3994.03,28,2.559,3.027,2.533,5.997,5.314,2.634,2.631,2.583,6.907,7.345,5.848,2.437,2.653,6.585,4.511,7.129,6.481,2.605,2.673,2.547,2.786,2.468,2.023,2.643
3995.03,28,2.503,2.977,2.465,5.948,5.319,2.668,2.62,2.567,6.919,7.346,5.842,2.551,2.607,6.616,4.497,7.165,6.53,2.612,2.639,2.591,2.783,2.524,1.955,2.588
3996.03,28,2.536,2.972,2.549,5.881,5.363,2.628,2.594,2.591,6.909,7.356,5.895,2.519,2.535,6.582,4.484,7.186,6.519,2.587,2.696,2.693,2.805,2.519,1.998,2.614
3997.03,28,2.468,2.959,2.475,5.931,5.391,2.588,2.551,2.584,6.948,7.377,5.854,2.569,2.626,6.66,4.579,7.092,6.454,2.714,2.651,2.662,2.748,2.471,2.054,2.613
3998.03,28,2.501,2.931,2.517,5.952,5.338,2.596,2.558,2.61,6.925,7.33,5.903,2.508,2.622,6.583,4.517,7.126,6.505,2.647,2.643,2.582,2.819,2.423,1.957,2.627
3999.03,28,2.528,2.987,2.493,5.984,5.31,2.594,2.552,2.604,6.963,7.355,5.856,2.507,2.634,6.627,4.58,7.09,6.479,2.625,2.611,2.619,2.728,2.526,2.017,2.547
4000.03,28,2.481,2.922,2.442,5.948,5.338,2.598,2.655,2.588,6.922,7.404,5.867,2.533,2.634,6.622,4.521,7.139,6.498,2.667,2.72,2.618,2.771,2.48,1.987,2.64
4001.03,28,2.52,2.919,2.5,5.894,5.359,2.584,2.565,2.604,6.934,7.343,5.904,2.491,2.658,6.636,4.524,7.13,6.437,2.595,2.684,2.643,2.747,2.479,2.005,2.595
4002.03,28,2.484,3.046,2.499,5.858,5.332,2.697,2.653,2.602,6.932,7.375,5.877,2.516,2.571,6.61,4.55,7.108,6.518,2.626,2.693,2.571,2.763,2.47,1.998,2.632
4003.03,28,2.533,2.95,2.512,5.961,5.357,2.608,2.611,2.509,6.886,7.343,5.939,2.513,2.684,6.663,4.548,7.193,6.471,2.615,2.687,2.621,2.797,2.501,1.99,2.62
4004.03,28,2.631,2.997,2.513,5.95,5.351,2.706,2.623,2.57,6.867,7.342,5.904,2.516,2.573,6.53,4.556,7.17,6.538,2.645,2.65,2.632,2.727,2.447,2.005,2.592
4005.03,28,2.476,2.842,2.515,5.891,5.302,2.601,2.551,2.636,6.879,7.352,5.819,2.505,2.609,6.594,4.513,7.162,6.47,2.659,2.665,2.591,2.745,2.473,2.002,2.645
4006.03,28,2.549,2.934,2.473,5.899,5.256,2.592,2.566,2.594,6.93,7.337,5.836,2.518,2.612,6.555,4.539,7.172,6.479,2.593,2.672,2.674,2.8,2.479,2.042,2.596
4007.03,28,2.467,3.021,2.51,5.916,5.345,2.647,2.487,2.584,6.941,7.365,5.854,2.535,2.576,6.583,4.499,7.106,6.48,2.599,2.682,2.647,2.797,2.484,2.024,2.616
4008.03,28,2.51,3.012,2.517,5.937,5.33,2.596,2.625,2.456,6.944,7.341,5.931,2.521,2.62,6.542,4.546,7.113,6.479,2.697,2.634,2.557,2.753,2.444,2.071,2.65
4009.03,28,2.475,2.964,2.461,5.927,5.363,2.63,2.635,2.557,6.905,7.38,5.911,2.463,2.616,6.589,4.481,7.105,6.432,2.627,2.734,2.625,2.794,2.408,2.017,2.601
4010.03,28,2.523,2.974,2.532,5.871,5.294,2.592,2.591,2.562,6.895,7.441,5.84,2.506,2.559,6.591,4.545,7.126,6.515,2.612,2.715,2.556,2.785,2.519,1.979,2.667
4011.03,28,2.518,2.982,2.437,5.902,5.365,2.635,2.55,2.574,6.951,7.368,5.914,2.513,2.618,6.694,4.543,7.117,6.514,2.629,2.701,2.59,2.766,2.414,1.996,2.672
4012.03,28,2.482,2.903,2.518,5.886,5.372,2.643,2.573,2.515,6.878,7.398,5.876,2.481,2.614,6.636,4.563,7.119,6.481,2.626,2.658,2.626,2.752,2.408,2.033,2.632
4013.03,28,2.542,2.956,2.537,5.91,5.322,2.629,2.613,2.596,6.894,7.397,5.845,2.512,2.593,6.623,4.575,7.152,6.458,2.66,2.714,2.63,2.721,2.456,2.096,2.577
4014.03,28,2.586,2.998,2.507,5.918,5.285,2.629,2.517,2.55,6.894,7.344,5.868,2.483,2.642,6.632,4.516,7.142,6.517,2.632,2.678,2.602,2.781,2.486,2.017,2.621
4015.03,28,2.432,2.944,2.433,5.903,5.404,2.6,2.563,2.587,6.899,7.365,5.844,2.468,2.599,6.612,4.589,7.154,6.469,2.641,2.678,2.542,2.749,2.475,2.038,2.684
4016.03,28,2.474,2.944,2.475,5.884,5.346,2.654,2.678,2.641,6.875,7.342,5.937,2.511,2.619,6.596,4.533,7.09,6.491,2.594,2.677,2.615,2.73,2.447,2.007,2.602
4017.03,28,2.522,2.956,2.533,6.001,5.333,2.607,2.584,2.55,6.893,7.386,5.892,2.477,2.541,6.603,4.531,7.162,6.439,2.649,2.637,2.682,2.749,2.557,2.037,2.656
4018.03,28,2.467,2.971,2.495,5.889,5.323,2.612,2.61,2.527,6.898,7.384,5.921,2.505,2.689,6.542,4.545,7.062,6.436,2.661,2.706,2.619,2.805,2.424,1.977,2.691
4019.03,28,2.56,2.971,2.528,5.942,5.339,2.614,2.571,2.554,6.902,7.343,5.911,2.507,2.634,6.596,4.518,7.135,6.537,2.632,2.664,2.616,2.721,2.481,2.015,2.696
4020.03,28,2.504,2.989,2.419,5.907,5.344,2.646,2.583,2.601,6.827,7.439,5.899,2.559,2.622,6.573,4.519,7.18,6.476,2.592,2.675,2.631,2.767,2.49,2.01,2.638
4021.03,28,2.494,2.916,2.491,5.848,5.368,2.615,2.616,2.602,6.879,7.369,5.874,2.536,2.639,6.58,4.507,7.114,6.542,2.657,2.709,2.605,2.793,2.427,2.019,2.661
4022.03,28,2.466,2.949,2.541,5.991,5.356,2.608,2.609,2.592,6.908,7.365,5.909,2.53,2.624,6.571,4.539,7.12,6.526,2.675,2.63,2.679,2.79,2.464,1.998,2.585
4023.03,28,2.611,3.074,2.528,5.925,5.306,2.604,2.622,2.602,6.968,7.35,5.896,2.52,2.59,6.623,4.539,7.134,6.485,2.643,2.668,2.647,2.818,2.508,2.038,2.672
4024.03,28,2.575,2.982,2.485,5.895,5.268,2.625,2.64,2.59,6.968,7.369,5.954,2.479,2.607,6.6,4.498,7.122,6.531,2.617,2.717,2.622,2.766,2.474,2.003,2.593
4025.03,28,2.505,3.041,2.494,5.877,5.361,2.585,2.551,2.56,6.873,7.337,5.904,2.574,2.612,6.607,4.527,7.143,6.518,2.673,2.644,2.58,2.804,2.534,2.054,2.666
4026.03,28,2.46,2.937,2.425,5.904,5.38,2.676,2.564,2.601,6.885,7.374,5.874,2.524,2.591,6.547,4.584,7.18,6.536,2.64,2.663,2.665,2.786,2.44,2.027,2.718
4027.03,28,2.503,2.986,2.445,5.858,5.325,2.64,2.611,2.52,6.878,7.384,5.904,2.525,2.671,6.62,4.516,7.125,6.433,2.602,2.691,2.587,2.739,2.464,1.982,2.68
4028.03,28,2.543,2.993,2.478,5.912,5.391,2.687,2.588,2.598,6.943,7.327,5.842,2.495,2.667,6.617,4.514,7.16,6.429,2.666,2.688,2.691,2.718,2.466,2.01,2.579
4029.03,28,2.504,2.928,2.499,5.925,5.359,2.645,2.647,2.663,6.88,7.386,5.881,2.493,2.602,6.577,4.59,7.121,6.442,2.591,2.745,2.601,2.794,2.451,2.064,2.681
4030.03,28,2.505,2.99,2.506,5.961,5.344,2.68,2.64,2.605,6.94,7.391,5.921,2.495,2.596,6.605,4.566,7.134,6.45,2.641,2.66,2.581,2.782,2.428,2.028,2.682
4031.03,28,2.482,2.918,2.477,5.929,5.339,2.639,2.554,2.608,6.858,7.292,5.883,2.5,2.714,6.601,4.494,7.085,6.486,2.632,2.724,2.668,2.752,2.442,2.048,2.615
4032.03,28,2.5,2.994,2.488,5.858,5.267,2.592,2.619,2.609,6.896,7.314,5.954,2.453,2.655,6.541,4.539,7.13,6.458,2.655,2.719,2.577,2.701,2.519,2.054,2.621
4033.03,28,2.538,2.908,2.458,5.918,5.321,2.665,2.57,2.582,6.945,7.417,5.881,2.523,2.587,6.568,4.517,7.152,6.456,2.58,2.643,2.667,2.79,2.477,2.041,2.633
4034.03,28,2.54,2.948,2.518,5.905,5.347,2.641,2.595,2.584,6.987,7.3,5.947,2.518,2.619,6.566,4.542,7.19,6.553,2.638,2.674,2.671,2.785,2.456,1.979,2.598
4035.03,28,2.481,2.913,2.573,5.983,5.262,2.618,2.57,2.567,6.943,7.291,5.848,2.52,2.639,6.608,4.454,7.12,6.529,2.628,2.703,2.589,2.768,2.454,1.961,2.598
4036.03,28,2.468,3.011,2.531,5.851,5.33,2.646,2.582,2.608,6.887,7.312,5.862,2.477,2.604,6.635,4.545,7.091,6.52,2.61,2.658,2.614,2.749,2.448,1.95,2.593
4037.03,28,2.574,2.978,2.56,5.912,5.305,2.657,2.602,2.554,6.92,7.299,5.842,2.508,2.606,6.642,4.548,7.105,6.502,2.669,2.618,2.658,2.739,2.541,2.008,2.57
4038.03,28,2.472,2.902,2.503,5.893,5.281,2.637,2.585,2.61,6.952,7.32,5.891,2.542,2.558,6.637,4.526,7.119,6.504,2.645,2.672,2.636,2.771,2.463,2.068,2.643
4039.03,28,2.56,2.937,2.462,5.947,5.39,2.654,2.568,2.627,6.866,7.318,5.919,2.504,2.605,6.62,4.616,7.072,6.496,2.585,2.739,2.619,2.738,2.473,1.999,2.681
4040.03,28,2.543,2.949,2.504,5.892,5.346,2.532,2.603,2.591,6.914,7.372,5.916,2.522,2.612,6.625,4.538,7.11,6.474,2.605,2.698,2.653,2.711,2.467,2.002,2.608
4041.03,28,2.543,2.983,2.497,5.912,5.341,2.604,2.588,2.576,6.859,7.414,5.911,2.449,2.645,6.586,4.514,7.147,6.444,2.616,2.771,2.578,2.758,2.499,1.972,2.638
4042.03,28,2.55,2.918,2.475,5.877,5.311,2.667,2.593,2.714,6.897,7.363,5.865,2.561,2.593,6.647,4.541,7.158,6.489,2.607,2.643,2.677,2.807,2.451,2.028,2.672
4043.03,28,2.51,2.998,2.481,5.88,5.297,2.632,2.546,2.584,6.928,7.308,5.921,2.487,2.6,6.612,4.496,7.071,6.458,2.585,2.692,2.613,2.778,2.454,2.062,2.6
4044.03,28,2.553,2.949,2.448,5.927,5.375,2.626,2.576,2.511,6.936,7.372,5.902,2.551,2.595,6.619,4.512,7.146,6.451,2.601,2.719,2.59,2.821,2.5,2,2.621
4045.03,28,2.523,2.994,2.487,5.912,5.342,2.65,2.539,2.53,6.921,7.358,5.932,2.562,2.56,6.616,4.532,7.098,6.547,2.615,2.716,2.675,2.766,2.548,2.015,2.625
4046.03,28,2.514,2.982,2.516,5.938,5.401,2.636,2.571,2.611,6.914,7.352,5.886,2.561,2.617,6.572,4.511,7.041,6.53,2.584,2.676,2.662,2.774,2.463,2.02,2.649
4047.03,28,2.542,2.959,2.497,5.896,5.384,2.606,2.565,2.546,6.89,7.466,5.842,2.461,2.625,6.586,4.564,7.203,6.522,2.574,2.693,2.647,2.826,2.447,2.061,2.67
4048.03,28,2.54,2.994,2.496,5.906,5.384,2.589,2.629,2.575,6.897,7.379,5.856,2.543,2.608,6.614,4.584,7.114,6.487,2.641,2.682,2.588,2.717,2.54,2.064,2.6
4049.03,28,2.575,2.976,2.496,5.927,5.299,2.658,2.538,2.558,6.945,7.405,5.85,2.538,2.66,6.623,4.498,7.08,6.508,2.64,2.667,2.675,2.803,2.464,2.017,2.616
4050.03,28,2.551,2.99,2.445,5.92,5.259,2.618,2.549,2.613,6.933,7.376,5.887,2.586,2.607,6.617,4.535,7.172,6.478,2.707,2.631,2.615,2.801,2.462,2.004,2.642
4051.03,28,2.532,2.977,2.498,5.958,5.284,2.608,2.629,2.63,6.919,7.391,5.923,2.513,2.653,6.583,4.523,7.18,6.493,2.638,2.727,2.675,2.8,2.473,2.003,2.635
4052.03,28,2.531,3.023,2.442,5.822,5.292,2.647,2.618,2.604,6.917,7.36,5.876,2.44,2.657,6.581,4.604,7.107,6.496,2.546,2.713,2.645,2.804,2.483,2.014,2.632
4053.03,28,2.506,2.979,2.505,5.929,5.348,2.624,2.688,2.639,6.895,7.409,5.897,2.487,2.594,6.607,4.545,7.085,6.537,2.63,2.575,2.649,2.768,2.494,2.023,2.581
4054.03,28,2.53,2.917,2.482,5.932,5.306,2.633,2.639,2.601,6.93,7.368,5.826,2.541,2.612,6.638,4.498,7.107,6.535,2.628,2.64,2.658,2.831,2.5,2.017,2.648
4055.03,28,2.506,2.996,2.564,5.945,5.339,2.57,2.632,2.631,6.924,7.379,5.885,2.503,2.669,6.632,4.502,7.128,6.474,2.656,2.692,2.578,2.807,2.49,2.019,2.679
4056.03,28,2.448,2.953,2.472,5.876,5.327,2.612,2.545,2.578,6.929,7.4,5.933,2.504,2.585,6.595,4.503,7.193,6.458,2.622,2.698,2.61,2.792,2.415,2.018,2.569
4057.03,28,2.551,3.012,2.551,5.921,5.321,2.641,2.603,2.537,6.941,7.344,5.856,2.48,2.637,6.549,4.519,7.142,6.473,2.602,2.663,2.631,2.741,2.449,2.077,2.627
4058.03,28,2.598,3.005,2.546,5.936,5.333,2.655,2.515,2.595,6.938,7.387,5.878,2.471,2.621,6.6,4.529,7.135,6.474,2.628,2.717,2.587,2.789,2.458,2.041,2.658
4059.03,28,2.496,3.011,2.476,5.908,5.329,2.653,2.583,2.595,6.894,7.296,5.947,2.521,2.631,6.663,4.541,7.088,6.488,2.622,2.661,2.604,2.735,2.458,2.003,2.672
4060.03,28,2.588,3.008,2.545,5.899,5.353,2.647,2.599,2.532,6.963,7.334,5.906,2.538,2.642,6.589,4.499,7.128,6.471,2.663,2.701,2.613,2.726,2.515,1.982,2.625
4061.03,28,2.549,2.95,2.42,5.923,5.43,2.677,2.537,2.588,6.875,7.347,5.921,2.496,2.62,6.564,4.516,7.177,6.502,2.604,2.726,2.609,2.773,2.493,2.013,2.609
4062.03,28,2.525,2.959,2.486,5.981,5.384,2.677,2.593,2.631,6.957,7.376,5.938,2.555,2.586,6.644,4.525,7.139,6.479,2.642,2.684,2.583,2.755,2.486,2.04,2.593
4063.03,28,2.587,2.979,2.445,5.92,5.344,2.591,2.604,2.598,6.915,7.334,5.834,2.516,2.68,6.612,4.56,7.105,6.457,2.661,2.688,2.609,2.741,2.521,1.954,2.561
4064.03,28,2.536,2.908,2.498,5.939,5.386,2.626,2.629,2.609,6.975,7.36,5.863,2.513,2.661,6.582,4.498,7.159,6.405,2.631,2.716,2.621,2.778,2.495,2.048,2.645
4065.03,28,2.537,2.981,2.505,5.87,5.371,2.658,2.638,2.58,6.892,7.336,5.907,2.554,2.627,6.592,4.519,7.036,6.522,2.62,2.694,2.632,2.732,2.472,2.045,2.605
4066.03,28,2.577,2.978,2.544,5.96,5.393,2.67,2.607,2.666,6.881,7.446,5.84,2.532,2.599,6.626,4.487,7.154,6.425,2.584,2.625,2.566,2.82,2.47,2.029,2.68
4067.03,28,2.54,2.989,2.452,5.913,5.355,2.608,2.635,2.595,6.946,7.389,5.924,2.443,2.66,6.601,4.501,7.087,6.515,2.695,2.667,2.586,2.764,2.485,2.056,2.732
4068.03,28,2.502,2.98,2.469,5.948,5.299,2.618,2.557,2.6,6.93,7.346,5.912,2.509,2.663,6.637,4.555,7.181,6.506,2.637,2.676,2.627,2.75,2.48,2.064,2.624
4069.03,28,2.577,2.943,2.494,5.898,5.309,2.616,2.618,2.605,6.932,7.357,5.913,2.489,2.594,6.617,4.547,7.143,6.417,2.645,2.706,2.582,2.769,2.459,2.024,2.595
4070.03,28,2.63,2.961,2.56,5.947,5.389,2.581,2.601,2.616,6.924,7.375,5.909,2.529,2.601,6.654,4.495,7.135,6.453,2.644,2.684,2.608,2.685,2.471,2.019,2.629
4071.03,28,2.545,2.974,2.531,5.942,5.361,2.611,2.584,2.629,6.888,7.37,5.92,2.446,2.626,6.609,4.509,7.165,6.494,2.638,2.702,2.683,2.752,2.434,1.975,2.603
4072.03,28,2.539,2.958,2.529,5.881,5.322,2.635,2.641,2.564,6.881,7.309,5.903,2.55,2.613,6.57,4.446,7.156,6.503,2.595,2.73,2.611,2.758,2.521,1.984,2.562
4073.03,28,2.504,2.972,2.496,5.879,5.337,2.622,2.596,2.58,6.906,7.421,5.834,2.555,2.596,6.644,4.477,7.13,6.437,2.589,2.672,2.589,2.748,2.514,1.992,2.606
4074.03,28,2.529,2.939,2.471,6.008,5.25,2.668,2.623,2.584,6.887,7.405,5.913,2.521,2.585,6.579,4.521,7.124,6.5,2.641,2.685,2.57,2.791,2.484,1.988,2.66
4075.03,28,2.526,2.999,2.519,5.878,5.371,2.624,2.609,2.603,6.954,7.426,5.891,2.472,2.649,6.645,4.5,7.12,6.478,2.655,2.68,2.634,2.795,2.51,2.023,2.565
4076.03,28,2.498,3.002,2.592,5.941,5.324,2.594,2.539,2.636,6.912,7.352,5.957,2.52,2.678,6.59,4.483,7.176,6.472,2.558,2.664,2.7,2.812,2.502,2.001,2.665
4077.03,28,2.47,2.933,2.512,5.933,5.37,2.581,2.565,2.566,6.931,7.38,5.851,2.586,2.632,6.521,4.499,7.133,6.456,2.606,2.674,2.648,2.777,2.505,2.078,2.61
4078.03,28,2.484,2.964,2.471,5.91,5.323,2.62,2.545,2.56,6.926,7.311,5.928,2.517,2.598,6.638,4.585,7.117,6.453,2.64,2.699,2.651,2.801,2.485,2.013,2.652
4079.03,28,2.493,2.993,2.46,5.884,5.29,2.591,2.553,2.572,6.903,7.359,5.914,2.552,2.63,6.674,4.498,7.107,6.466,2.611,2.646,2.642,2.805,2.432,2.031,2.657
4080.03,28,2.514,2.985,2.515,5.894,5.362,2.567,2.595,2.573,6.906,7.331,5.919,2.466,2.604,6.588,4.557,7.102,6.483,2.63,2.662,2.58,2.818,2.513,2.069,2.651
4081.03,28,2.536,2.913,2.488,5.948,5.335,2.621,2.64,2.578,6.926,7.378,5.898,2.509,2.602,6.601,4.566,7.139,6.527,2.674,2.62,2.643,2.715,2.471,2.047,2.604
4082.03,28,2.549,2.966,2.535,5.922,5.314,2.606,2.656,2.579,6.902,7.308,5.898,2.478,2.589,6.552,4.506,7.172,6.523,2.574,2.756,2.61,2.787,2.469,2.022,2.603
4083.03,28,2.54,3.017,2.45,5.918,5.353,2.68,2.608,2.559,6.954,7.342,5.907,2.491,2.63,6.661,4.551,7.197,6.509,2.655,2.731,2.567,2.782,2.451,1.987,2.601
4084.03,28,2.547,3.044,2.504,5.871,5.35,2.586,2.622,2.556,6.913,7.338,5.905,2.494,2.646,6.551,4.522,7.096,6.465,2.63,2.705,2.627,2.747,2.457,2.05,2.568
4085.03,28,2.514,2.932,2.532,5.917,5.4,2.592,2.585,2.558,6.924,7.333,5.877,2.53,2.607,6.543,4.529,7.121,6.441,2.605,2.676,2.564,2.753,2.523,2.009,2.639
4086.03,28,2.487,3.012,2.489,5.916,5.329,2.683,2.548,2.608,6.921,7.397,5.944,2.55,2.638,6.568,4.554,7.162,6.51,2.679,2.641,2.668,2.747,2.487,2.036,2.661
4087.03,28,2.456,2.932,2.455,5.881,5.346,2.629,2.63,2.658,6.911,7.373,5.947,2.514,2.57,6.605,4.516,7.125,6.473,2.519,2.667,2.581,2.72,2.533,2.054,2.62
4088.03,28,2.536,3.022,2.493,5.916,5.311,2.614,2.6,2.537,6.95,7.34,5.936,2.575,2.655,6.625,4.531,7.202,6.463,2.6,2.666,2.554,2.819,2.447,1.999,2.635
4089.03,28,2.511,2.999,2.497,5.997,5.355,2.617,2.59,2.571,6.95,7.362,5.896,2.552,2.619,6.62,4.537,7.048,6.44,2.644,2.718,2.595,2.808,2.481,2.036,2.568
4090.03,28,2.592,2.947,2.482,5.91,5.355,2.636,2.511,2.553,6.877,7.319,5.887,2.468,2.552,6.63,4.506,7.132,6.5,2.628,2.646,2.623,2.841,2.488,2.021,2.639
4091.03,28,2.515,3.014,2.546,5.954,5.278,2.673,2.67,2.605,6.864,7.332,5.9,2.512,2.655,6.598,4.513,7.145,6.521,2.65,2.679,2.578,2.823,2.447,2.01,2.593
4092.03,28,2.509,2.988,2.479,5.966,5.35,2.568,2.549,2.587,6.933,7.384,5.949,2.414,2.635,6.65,4.543,7.162,6.472,2.591,2.698,2.635,2.728,2.49,2.002,2.611
4093.03,28,2.541,2.977,2.476,5.914,5.331,2.63,2.56,2.575,6.984,7.391,5.888,2.471,2.672,6.623,4.513,7.149,6.424,2.639,2.714,2.647,2.715,2.524,2.044,2.643
4094.03,28,2.555,3.033,2.487,5.833,5.382,2.657,2.589,2.607,6.913,7.362,5.871,2.49,2.659,6.592,4.519,7.173,6.466,2.591,2.648,2.612,2.781,2.516,2.01,2.676
4095.03,28,2.509,2.943,2.456,5.905,5.326,2.641,2.584,2.544,6.886,7.345,5.859,2.517,2.587,6.57,4.534,7.107,6.457,2.61,2.718,2.616,2.812,2.495,2.009,2.567
4096.03,28,2.541,2.952,2.511,5.877,5.393,2.649,2.494,2.641,6.963,7.424,5.824,2.518,2.663,6.664,4.516,7.089,6.475,2.649,2.639,2.618,2.824,2.475,2.067,2.597
4097.03,28,2.581,2.968,2.606,5.95,5.338,2.651,2.573,2.631,6.834,7.317,5.878,2.556,2.628,6.57,4.475,7.126,6.471,2.584,2.725,2.641,2.774,2.541,2.054,2.67
4098.03,28,2.523,3.038,2.545,5.915,5.358,2.625,2.598,2.567,6.904,7.419,5.837,2.531,2.63,6.571,4.545,7.153,6.483,2.603,2.732,2.681,2.782,2.538,2.077,2.662
4099.03,28,2.55,2.961,2.491,5.907,5.393,2.635,2.612,2.623,6.951,7.328,5.863,2.496,2.579,6.595,4.499,7.129,6.494,2.597,2.696,2.642,2.774,2.509,1.984,2.629
4100.03,28,2.545,2.952,2.486,5.951,5.376,2.575,2.646,2.598,6.88,7.345,5.838,2.525,2.66,6.574,4.557,7.11,6.498,2.706,2.74,2.613,2.801,2.421,2.064,2.649
4101.03,28,2.519,2.965,2.47,5.912,5.307,2.619,2.524,2.615,6.896,7.401,5.882,2.563,2.63,6.532,4.553,7.108,6.522,2.637,2.698,2.606,2.749,2.448,2.01,2.657
4102.03,28,2.494,2.994,2.528,5.926,5.321,2.612,2.555,2.573,6.93,7.318,5.86,2.539,2.624,6.581,4.538,7.125,6.494,2.65,2.604,2.587,2.735,2.457,2.064,2.608
4103.03,28,2.548,3.01,2.578,5.942,5.285,2.653,2.527,2.604,6.87,7.431,5.886,2.543,2.623,6.627,4.546,7.103,6.466,2.655,2.615,2.674,2.76,2.463,2.024,2.613
4104.03,28,2.518,2.954,2.534,5.925,5.434,2.649,2.538,2.532,6.88,7.336,5.89,2.51,2.622,6.605,4.541,7.095,6.495,2.676,2.71,2.653,2.769,2.51,2.049,2.691
4105.03,28,2.477,2.985,2.505,5.943,5.272,2.67,2.559,2.565,6.899,7.303,5.929,2.5,2.593,6.518,4.59,7.123,6.496,2.578,2.7,2.594,2.777,2.495,2.032,2.621
4106.03,28,2.502,3,2.524,5.906,5.308,2.662,2.526,2.591,6.89,7.369,5.845,2.459,2.611,6.665,4.482,7.156,6.526,2.607,2.621,2.615,2.722,2.514,1.976,2.611
4107.03,28,2.494,2.963,2.477,5.876,5.32,2.591,2.585,2.578,6.909,7.358,5.849,2.529,2.6,6.621,4.555,7.041,6.502,2.691,2.674,2.656,2.751,2.532,2.033,2.611
4108.03,28,2.499,2.97,2.5,5.988,5.336,2.666,2.558,2.588,6.966,7.366,5.876,2.505,2.646,6.617,4.59,7.159,6.532,2.646,2.686,2.604,2.719,2.495,1.963,2.659
4109.03,28,2.548,3.017,2.471,5.869,5.319,2.603,2.595,2.643,6.957,7.368,5.954,2.499,2.583,6.613,4.514,7.13,6.467,2.557,2.702,2.616,2.753,2.477,2.023,2.586
4110.03,28,2.492,2.972,2.538,5.901,5.331,2.656,2.644,2.582,6.97,7.329,5.879,2.438,2.626,6.577,4.482,7.141,6.468,2.671,2.683,2.586,2.811,2.446,2.012,2.66
4111.03,28,2.5,2.962,2.475,5.897,5.358,2.644,2.6,2.597,6.9,7.403,5.892,2.509,2.605,6.587,4.574,7.182,6.493,2.564,2.753,2.622,2.689,2.408,2.035,2.64
4112.03,28,2.467,2.944,2.539,5.949,5.319,2.626,2.609,2.548,6.882,7.334,5.854,2.533,2.643,6.562,4.538,7.161,6.526,2.596,2.677,2.684,2.746,2.479,2.064,2.604
4113.03,28,2.444,2.983,2.523,5.966,5.324,2.586,2.544,2.608,6.907,7.36,5.964,2.488,2.532,6.589,4.535,7.124,6.521,2.64,2.645,2.609,2.706,2.449,2.05,2.686
4114.03,28,2.547,2.984,2.55,5.898,5.388,2.609,2.607,2.584,6.854,7.351,5.847,2.496,2.621,6.592,4.54,7.082,6.529,2.638,2.649,2.621,2.773,2.409,1.992,2.67
4115.03,28,2.494,2.994,2.469,5.937,5.322,2.58,2.585,2.513,6.93,7.4,5.907,2.524,2.571,6.638,4.525,7.154,6.539,2.608,2.737,2.597,2.837,2.504,2.049,2.603
4116.03,28,2.519,2.945,2.579,5.872,5.346,2.669,2.578,2.614,6.911,7.281,5.919,2.485,2.627,6.589,4.575,7.136,6.447,2.577,2.716,2.581,2.804,2.496,2.015,2.638
4117.03,28,2.571,2.957,2.557,5.914,5.361,2.633,2.555,2.59,6.939,7.398,5.828,2.532,2.589,6.625,4.578,7.155,6.466,2.67,2.725,2.585,2.747,2.515,2.015,2.623
4118.03,28,2.459,3,2.502,5.915,5.305,2.587,2.605,2.567,6.841,7.363,5.879,2.566,2.554,6.635,4.463,7.064,6.451,2.639,2.691,2.673,2.776,2.478,2.109,2.628
4119.03,28,2.498,2.942,2.528,5.898,5.28,2.626,2.535,2.639,6.894,7.387,5.953,2.542,2.659,6.648,4.57,7.094,6.529,2.655,2.677,2.632,2.78,2.508,1.984,2.678
4120.03,28,2.55,2.933,2.505,5.967,5.317,2.583,2.623,2.586,6.879,7.334,5.845,2.544,2.64,6.618,4.534,7.149,6.471,2.649,2.648,2.59,2.71,2.487,2.052,2.626
4121.03,28,2.506,2.903,2.495,5.933,5.379,2.638,2.624,2.578,6.948,7.354,5.904,2.56,2.621,6.559,4.552,7.17,6.468,2.594,2.688,2.637,2.835,2.491,2.011,2.595
4122.03,28,2.626,3.019,2.502,5.934,5.322,2.626,2.661,2.602,6.862,7.383,5.892,2.524,2.585,6.589,4.55,7.135,6.487,2.585,2.671,2.602,2.754,2.581,2.003,2.603
4123.03,28,2.545,3.034,2.444,5.967,5.363,2.563,2.582,2.606,6.899,7.362,5.891,2.455,2.586,6.547,4.473,7.16,6.543,2.608,2.715,2.637,2.77,2.423,1.985,2.605
4124.03,28,2.483,2.964,2.569,5.945,5.379,2.638,2.548,2.59,6.861,7.394,5.964,2.498,2.586,6.663,4.554,7.092,6.414,2.65,2.732,2.627,2.795,2.448,1.976,2.584
4125.03,28,2.554,2.992,2.543,5.959,5.347,2.647,2.595,2.595,6.911,7.384,5.869,2.527,2.577,6.585,4.61,7.112,6.504,2.59,2.672,2.576,2.755,2.436,2.054,2.627
4126.03,28,2.542,2.976,2.506,5.895,5.336,2.629,2.575,2.677,6.892,7.327,5.939,2.478,2.636,6.559,4.481,7.127,6.495,2.617,2.667,2.585,2.764,2.447,2.056,2.617
4127.03,28,2.533,3.025,2.456,5.941,5.328,2.633,2.572,2.597,6.872,7.319,5.876,2.518,2.576,6.585,4.584,7.141,6.445,2.703,2.616,2.639,2.737,2.536,2.085,2.584
4128.03,28,2.53,2.983,2.454,5.891,5.347,2.59,2.585,2.623,6.932,7.371,5.818,2.455,2.62,6.621,4.537,7.205,6.44,2.608,2.607,2.642,2.76,2.43,2.038,2.656
4129.03,28,2.499,2.989,2.547,5.925,5.387,2.69,2.621,2.581,6.939,7.36,5.838,2.489,2.623,6.644,4.5,7.181,6.471,2.618,2.766,2.613,2.749,2.5,1.983,2.629
4130.03,28,2.537,3.011,2.498,5.936,5.337,2.601,2.563,2.558,6.897,7.295,5.842,2.494,2.644,6.579,4.557,7.14,6.503,2.622,2.681,2.631,2.789,2.464,1.993,2.633
4131.03,28,2.502,2.96,2.485,5.906,5.367,2.598,2.564,2.538,6.9,7.364,5.892,2.453,2.642,6.577,4.448,7.105,6.527,2.68,2.668,2.547,2.748,2.432,2.032,2.669
4132.03,28,2.539,3.03,2.484,5.909,5.312,2.62,2.599,2.566,6.921,7.375,5.914,2.554,2.595,6.619,4.536,7.167,6.495,2.626,2.663,2.72,2.782,2.492,2.008,2.632
4133.03,28,2.482,2.96,2.545,5.94,5.306,2.636,2.592,2.623,6.877,7.345,5.902,2.533,2.588,6.629,4.554,7.121,6.5,2.574,2.621,2.67,2.743,2.483,2.006,2.645
4134.03,28,2.519,2.939,2.527,5.939,5.302,2.65,2.634,2.554,6.896,7.339,5.921,2.456,2.565,6.617,4.52,7.162,6.475,2.618,2.716,2.57,2.837,2.408,1.993,2.653
4135.03,28,2.519,2.946,2.501,5.906,5.349,2.623,2.653,2.641,6.943,7.381,5.808,2.574,2.646,6.63,4.486,7.106,6.518,2.666,2.716,2.645,2.77,2.485,1.995,2.667
4136.03,28,2.577,2.986,2.457,5.895,5.386,2.616,2.581,2.619,6.937,7.357,5.859,2.55,2.538,6.582,4.515,7.182,6.471,2.598,2.681,2.602,2.843,2.437,2.018,2.597
4137.03,28,2.54,2.933,2.478,5.914,5.343,2.647,2.591,2.612,6.875,7.355,5.833,2.517,2.675,6.575,4.544,7.111,6.497,2.631,2.744,2.62,2.82,2.52,2.019,2.646
4138.03,28,2.545,2.971,2.527,5.943,5.377,2.641,2.562,2.621,6.934,7.376,5.918,2.534,2.614,6.632,4.544,7.152,6.459,2.565,2.637,2.587,2.788,2.482,2.051,2.652
4139.03,28,2.536,3.01,2.525,5.888,5.351,2.649,2.539,2.542,6.913,7.397,5.855,2.546,2.692,6.578,4.534,7.098,6.51,2.631,2.652,2.638,2.791,2.514,2.043,2.664
4140.03,28,2.487,3.003,2.495,5.93,5.325,2.621,2.603,2.625,6.937,7.355,5.843,2.52,2.619,6.585,4.543,7.116,6.473,2.631,2.638,2.617,2.742,2.489,2.047,2.716
4141.03,28,2.538,2.972,2.526,5.97,5.293,2.648,2.577,2.616,6.984,7.368,5.871,2.502,2.647,6.533,4.507,7.118,6.504,2.658,2.706,2.631,2.83,2.461,2.013,2.588
4142.03,28,2.496,2.987,2.481,5.904,5.35,2.607,2.576,2.586,6.928,7.394,5.865,2.501,2.668,6.61,4.536,7.123,6.506,2.648,2.733,2.57,2.779,2.489,2.063,2.634
4143.03,28,2.505,2.963,2.517,5.928,5.257,2.673,2.611,2.563,6.944,7.354,5.886,2.466,2.609,6.64,4.545,7.063,6.515,2.619,2.719,2.519,2.74,2.448,2.071,2.624
4144.03,28,2.523,2.928,2.453,5.981,5.358,2.612,2.583,2.674,6.898,7.372,5.921,2.506,2.623,6.599,4.528,7.078,6.5,2.591,2.646,2.616,2.753,2.472,2.028,2.6
4145.03,28,2.551,3.002,2.483,5.913,5.356,2.68,2.579,2.638,6.954,7.362,5.821,2.529,2.606,6.605,4.55,7.132,6.502,2.637,2.67,2.638,2.76,2.462,2.011,2.657
4146.03,28,2.59,3.02,2.494,5.951,5.389,2.613,2.584,2.571,6.94,7.383,5.903,2.496,2.601,6.542,4.585,7.143,6.514,2.62,2.72,2.612,2.802,2.507,2.025,2.599
4147.03,28,2.526,2.979,2.504,5.868,5.345,2.618,2.598,2.577,6.886,7.342,5.827,2.503,2.583,6.62,4.533,7.101,6.5,2.616,2.677,2.59,2.809,2.538,1.98,2.635
4148.03,28,2.572,3.03,2.5,5.937,5.309,2.673,2.581,2.577,6.917,7.317,5.91,2.544,2.551,6.628,4.509,7.115,6.505,2.649,2.687,2.566,2.762,2.524,1.963,2.638
4149.03,28,2.537,2.977,2.512,5.904,5.371,2.597,2.644,2.636,6.925,7.342,5.93,2.504,2.651,6.617,4.551,7.108,6.463,2.635,2.652,2.564,2.732,2.508,2.076,2.602
4150.03,28,2.542,2.98,2.466,5.886,5.356,2.672,2.545,2.547,6.978,7.39,5.875,2.496,2.572,6.563,4.531,7.097,6.514,2.646,2.715,2.695,2.795,2.453,2.037,2.684
4151.03,28,2.58,2.995,2.507,5.955,5.344,2.608,2.512,2.597,6.946,7.366,5.997,2.536,2.578,6.621,4.551,7.122,6.48,2.665,2.668,2.659,2.795,2.42,2,2.659
4152.03,28,2.556,3.032,2.464,5.925,5.299,2.551,2.633,2.633,6.913,7.306,5.907,2.508,2.637,6.564,4.552,7.111,6.505,2.679,2.62,2.6,2.75,2.507,1.986,2.652
4153.03,28,2.497,3.042,2.515,5.934,5.316,2.599,2.564,2.584,6.861,7.33,5.896,2.447,2.599,6.558,4.584,7.108,6.517,2.673,2.68,2.681,2.805,2.485,1.972,2.622
4154.03,28,2.492,2.918,2.471,5.941,5.333,2.55,2.522,2.659,6.957,7.363,5.874,2.474,2.599,6.605,4.572,7.115,6.444,2.661,2.699,2.619,2.745,2.533,2,2.6
4155.03,28,2.511,2.963,2.447,5.869,5.331,2.602,2.593,2.624,6.932,7.395,5.925,2.521,2.627,6.59,4.519,7.098,6.546,2.608,2.671,2.56,2.815,2.471,2.052,2.652
4156.03,28,2.55,3.026,2.451,5.957,5.365,2.65,2.59,2.554,6.897,7.284,5.908,2.564,2.655,6.565,4.556,7.176,6.495,2.648,2.782,2.579,2.819,2.482,2.007,2.582
4157.03,28,2.505,2.957,2.515,6,5.354,2.598,2.534,2.593,6.954,7.309,5.882,2.502,2.612,6.598,4.502,7.181,6.486,2.621,2.661,2.607,2.742,2.511,1.98,2.59
4158.03,28,2.479,3.016,2.51,5.935,5.28,2.623,2.636,2.57,6.907,7.371,5.878,2.501,2.604,6.616,4.481,7.137,6.524,2.662,2.727,2.621,2.722,2.507,2.05,2.531
4159.03,28,2.558,2.969,2.434,5.917,5.351,2.599,2.62,2.577,6.991,7.343,5.917,2.535,2.624,6.649,4.555,7.12,6.449,2.632,2.666,2.676,2.789,2.49,1.987,2.628
4160.03,28,2.571,3.001,2.519,5.993,5.368,2.635,2.592,2.62,6.935,7.349,5.897,2.5,2.638,6.596,4.503,7.119,6.453,2.669,2.721,2.64,2.737,2.495,2.026,2.57
4161.03,28,2.594,2.937,2.47,5.822,5.237,2.67,2.594,2.629,6.906,7.368,5.891,2.552,2.678,6.63,4.552,7.147,6.457,2.619,2.658,2.591,2.781,2.529,2.094,2.609
4162.03,28,2.48,2.973,2.51,5.912,5.343,2.623,2.533,2.608,6.949,7.378,5.868,2.523,2.576,6.581,4.501,7.099,6.488,2.639,2.7,2.642,2.76,2.493,2.031,2.646
4163.03,28,2.521,2.991,2.515,5.841,5.368,2.618,2.6,2.587,6.902,7.338,5.942,2.507,2.585,6.61,4.569,7.116,6.455,2.634,2.757,2.621,2.807,2.558,2.009,2.645
4164.03,28,2.524,2.978,2.501,5.929,5.37,2.619,2.623,2.571,6.913,7.403,5.953,2.504,2.591,6.651,4.556,7.077,6.46,2.645,2.691,2.67,2.756,2.525,2.047,2.634
4165.03,28,2.562,3.033,2.498,5.927,5.296,2.629,2.655,2.592,6.921,7.299,5.887,2.459,2.622,6.583,4.553,7.147,6.502,2.71,2.7,2.629,2.751,2.478,2.043,2.681
4166.03,28,2.505,2.985,2.502,5.969,5.264,2.66,2.631,2.66,6.921,7.353,5.946,2.55,2.655,6.604,4.534,7.121,6.452,2.623,2.637,2.66,2.769,2.447,1.984,2.577
4167.03,28,2.586,2.988,2.525,5.939,5.346,2.609,2.646,2.6,6.855,7.346,5.875,2.573,2.634,6.613,4.51,7.077,6.523,2.634,2.676,2.635,2.819,2.544,2.03,2.636
4168.03,28,2.527,2.955,2.524,5.951,5.346,2.53,2.631,2.585,6.918,7.339,5.902,2.445,2.61,6.546,4.564,7.214,6.48,2.603,2.728,2.578,2.779,2.457,2.011,2.647
4169.03,28,2.486,2.952,2.454,5.968,5.359,2.622,2.655,2.558,6.952,7.326,5.879,2.515,2.575,6.574,4.565,7.149,6.412,2.653,2.619,2.589,2.795,2.489,2.047,2.631
4170.03,28,2.535,3.006,2.498,5.943,5.327,2.622,2.62,2.612,6.897,7.409,5.883,2.538,2.609,6.607,4.495,7.042,6.415,2.624,2.672,2.614,2.776,2.458,1.975,2.682
4171.03,28,2.503,2.978,2.569,5.88,5.406,2.611,2.633,2.651,6.92,7.334,5.931,2.473,2.637,6.649,4.527,7.058,6.504,2.613,2.71,2.654,2.773,2.503,1.971,2.642
4172.03,28,2.57,2.939,2.497,5.933,5.321,2.561,2.573,2.554,6.963,7.325,5.871,2.529,2.611,6.614,4.542,7.146,6.485,2.563,2.677,2.634,2.797,2.54,2.069,2.674
4173.03,28,2.497,2.985,2.503,5.979,5.302,2.581,2.546,2.602,6.864,7.409,5.881,2.559,2.614,6.642,4.564,7.142,6.501,2.641,2.664,2.617,2.736,2.535,1.995,2.629
4174.03,28,2.545,2.983,2.527,5.876,5.373,2.621,2.6,2.625,6.897,7.426,5.899,2.489,2.663,6.604,4.549,7.145,6.455,2.627,2.684,2.582,2.832,2.537,2.047,2.627
4175.03,28,2.511,2.957,2.513,5.919,5.404,2.567,2.577,2.584,6.918,7.31,5.914,2.434,2.589,6.656,4.573,7.119,6.481,2.685,2.73,2.629,2.758,2.483,2.03,2.642
4176.03,28,2.473,2.97,2.465,5.901,5.339,2.647,2.589,2.643,6.895,7.342,5.925,2.55,2.559,6.593,4.521,7.168,6.472,2.58,2.676,2.689,2.773,2.487,2.02,2.643
4177.03,28,2.589,2.986,2.498,5.926,5.394,2.683,2.628,2.545,6.891,7.314,5.862,2.484,2.611,6.593,4.536,7.079,6.41,2.636,2.705,2.619,2.825,2.514,1.944,2.647
4178.03,28,2.486,3.022,2.528,5.931,5.342,2.631,2.532,2.599,6.903,7.306,5.923,2.543,2.626,6.558,4.478,7.163,6.417,2.64,2.752,2.622,2.839,2.476,1.989,2.649
4179.03,28,2.498,2.969,2.538,5.882,5.314,2.628,2.59,2.566,6.93,7.379,5.885,2.509,2.627,6.602,4.556,7.11,6.522,2.61,2.72,2.667,2.799,2.518,2.041,2.677
4180.03,28,2.572,2.998,2.568,5.938,5.321,2.585,2.612,2.602,6.916,7.281,5.869,2.509,2.62,6.64,4.511,7.138,6.503,2.667,2.661,2.566,2.796,2.457,1.974,2.643
4181.03,28,2.544,2.995,2.542,5.978,5.391,2.601,2.558,2.601,6.951,7.341,5.884,2.486,2.63,6.598,4.554,7.189,6.532,2.609,2.666,2.581,2.835,2.505,2.008,2.678
4182.03,28,2.546,2.906,2.46,5.955,5.269,2.639,2.625,2.573,6.858,7.38,5.899,2.497,2.656,6.618,4.489,7.137,6.455,2.631,2.667,2.652,2.798,2.529,1.998,2.683
4183.03,28,2.48,2.939,2.522,5.919,5.32,2.585,2.598,2.537,6.94,7.345,5.896,2.542,2.659,6.621,4.55,7.153,6.524,2.645,2.718,2.591,2.73,2.509,2.043,2.647
4184.03,28,2.578,2.992,2.47,5.922,5.376,2.662,2.565,2.586,6.88,7.326,5.943,2.538,2.693,6.587,4.512,7.163,6.488,2.652,2.681,2.613,2.8,2.406,1.986,2.629
4185.03,28,2.491,2.985,2.438,5.922,5.33,2.601,2.632,2.571,6.896,7.304,5.889,2.476,2.61,6.638,4.524,7.085,6.494,2.586,2.671,2.617,2.76,2.496,2.069,2.56
4186.03,28,2.581,2.888,2.458,5.919,5.346,2.591,2.577,2.584,6.919,7.327,5.893,2.49,2.642,6.573,4.514,7.109,6.491,2.655,2.681,2.598,2.792,2.461,2.073,2.653
4187.03,28,2.549,3.01,2.478,5.921,5.335,2.613,2.56,2.61,6.928,7.367,5.931,2.495,2.636,6.642,4.515,7.109,6.465,2.669,2.712,2.643,2.751,2.521,2.017,2.621
4188.03,28,2.488,3.037,2.464,5.902,5.351,2.672,2.519,2.635,6.904,7.359,5.918,2.592,2.63,6.578,4.555,7.104,6.473,2.634,2.671,2.565,2.814,2.484,2.009,2.672
4189.03,28,2.535,2.916,2.545,5.964,5.376,2.591,2.615,2.578,6.97,7.337,5.901,2.459,2.595,6.594,4.497,7.204,6.454,2.664,2.681,2.598,2.779,2.498,1.952,2.605
4190.03,28,2.456,2.923,2.551,5.925,5.32,2.594,2.596,2.568,6.922,7.424,5.879,2.506,2.656,6.613,4.505,7.151,6.464,2.691,2.624,2.607,2.794,2.473,1.972,2.655
4191.03,28,2.524,3.019,2.442,5.921,5.384,2.672,2.546,2.583,6.875,7.333,5.938,2.499,2.645,6.57,4.568,7.179,6.501,2.634,2.673,2.605,2.831,2.477,2.011,2.595
4192.03,28,2.586,2.988,2.497,5.955,5.362,2.669,2.624,2.616,6.911,7.345,5.876,2.533,2.628,6.535,4.54,7.15,6.496,2.562,2.717,2.612,2.75,2.474,2.017,2.613
4193.03,28,2.53,3.006,2.501,5.865,5.247,2.65,2.622,2.66,6.854,7.322,5.931,2.514,2.642,6.626,4.516,7.047,6.397,2.598,2.699,2.555,2.855,2.496,2.033,2.682
4194.03,28,2.472,2.953,2.483,5.895,5.378,2.662,2.534,2.553,6.921,7.335,5.91,2.594,2.614,6.601,4.518,7.071,6.467,2.632,2.678,2.606,2.758,2.482,2.053,2.626
4195.03,28,2.514,2.964,2.486,5.858,5.273,2.656,2.652,2.615,6.829,7.402,5.949,2.526,2.589,6.596,4.551,7.116,6.493,2.568,2.661,2.668,2.743,2.51,2.017,2.624
4196.03,28,2.524,3.009,2.471,5.874,5.304,2.591,2.626,2.67,6.868,7.404,5.896,2.52,2.57,6.6,4.588,7.073,6.453,2.613,2.676,2.63,2.823,2.521,1.982,2.652
4197.03,28,2.546,3.013,2.453,5.889,5.288,2.598,2.671,2.585,6.869,7.383,5.879,2.489,2.631,6.631,4.569,7.157,6.521,2.636,2.639,2.578,2.745,2.499,1.996,2.624
4198.03,28,2.523,2.967,2.511,5.977,5.342,2.621,2.579,2.511,6.875,7.324,5.884,2.499,2.549,6.604,4.511,7.152,6.537,2.641,2.661,2.581,2.82,2.472,1.992,2.628
4199.03,28,2.51,2.93,2.461,5.946,5.317,2.649,2.565,2.649,6.942,7.343,5.848,2.472,2.621,6.639,4.547,7.133,6.51,2.676,2.631,2.579,2.779,2.503,2.095,2.663
4200.03,28,2.511,2.977,2.531,6.003,5.374,2.601,2.575,2.654,6.913,7.351,5.82,2.518,2.616,6.583,4.586,7.111,6.506,2.613,2.689,2.632,2.76,2.51,1.993,2.653
4201.03,28,2.509,2.986,2.498,5.915,5.334,2.58,2.587,2.635,6.914,7.283,5.906,2.468,2.589,6.651,4.552,7.123,6.521,2.613,2.722,2.648,2.844,2.439,2.039,2.649
4202.03,28,2.488,2.996,2.535,5.945,5.319,2.604,2.532,2.496,6.959,7.331,5.934,2.455,2.681,6.614,4.544,7.138,6.525,2.611,2.703,2.667,2.76,2.447,2.034,2.589
4203.03,28,2.471,2.969,2.555,5.93,5.339,2.642,2.629,2.63,6.89,7.354,5.933,2.517,2.61,6.614,4.575,7.092,6.459,2.608,2.71,2.608,2.812,2.487,2.037,2.592
4204.03,28,2.549,2.963,2.523,5.948,5.316,2.662,2.615,2.594,6.995,7.349,5.875,2.477,2.618,6.584,4.494,7.126,6.495,2.622,2.704,2.604,2.762,2.538,2.032,2.602
4205.03,28,2.523,2.979,2.496,5.893,5.435,2.637,2.579,2.647,6.831,7.324,5.86,2.511,2.616,6.588,4.499,7.155,6.487,2.64,2.721,2.68,2.735,2.49,1.998,2.614
4206.03,28,2.537,2.973,2.528,5.87,5.308,2.632,2.609,2.612,6.973,7.392,5.872,2.476,2.631,6.624,4.491,7.128,6.477,2.662,2.679,2.59,2.756,2.511,1.989,2.656
4207.03,28,2.517,2.942,2.534,5.949,5.342,2.62,2.588,2.678,6.969,7.393,5.894,2.522,2.592,6.629,4.508,7.179,6.441,2.638,2.693,2.638,2.774,2.535,1.992,2.674
4208.03,28,2.519,3.014,2.472,5.838,5.341,2.558,2.606,2.625,6.896,7.33,5.809,2.515,2.7,6.575,4.542,7.087,6.501,2.626,2.682,2.623,2.789,2.466,2.052,2.645
4209.03,28,2.542,3.01,2.507,5.919,5.391,2.708,2.556,2.572,6.893,7.346,5.856,2.555,2.563,6.648,4.606,7.087,6.444,2.634,2.697,2.604,2.797,2.509,2.075,2.714
4210.03,28,2.518,2.959,2.546,5.866,5.282,2.516,2.623,2.586,6.89,7.318,5.946,2.514,2.528,6.592,4.585,7.135,6.607,2.633,2.751,2.531,2.719,2.445,1.92,2.609
4211.03,28,2.539,2.965,2.499,5.992,5.326,2.656,2.545,2.543,6.903,7.397,5.889,2.533,2.572,6.569,4.526,7.115,6.531,2.588,2.716,2.639,2.81,2.486,1.963,2.6
4212.03,28,2.484,3,2.491,5.956,5.332,2.642,2.607,2.6,6.974,7.391,5.899,2.513,2.626,6.575,4.578,7.122,6.535,2.647,2.741,2.589,2.801,2.503,2.002,2.632
4213.03,28,2.539,2.99,2.497,5.977,5.338,2.631,2.548,2.56,6.965,7.396,5.879,2.536,2.612,6.573,4.513,7.159,6.48,2.609,2.68,2.594,2.797,2.487,1.992,2.68
4214.03,28,2.551,3.062,2.522,5.925,5.418,2.584,2.574,2.607,6.919,7.322,5.938,2.528,2.615,6.612,4.547,7.131,6.479,2.615,2.63,2.615,2.831,2.471,2.104,2.649
4215.03,28,2.459,3.002,2.515,5.919,5.288,2.62,2.61,2.604,6.931,7.383,5.887,2.517,2.62,6.578,4.514,7.108,6.504,2.611,2.704,2.56,2.81,2.423,2.091,2.661
4216.03,28,2.565,3.02,2.522,5.961,5.379,2.657,2.563,2.628,6.931,7.353,5.895,2.439,2.643,6.609,4.535,7.182,6.491,2.649,2.669,2.593,2.76,2.478,2.025,2.7
4217.03,28,2.532,2.949,2.514,5.891,5.328,2.672,2.582,2.625,6.923,7.348,5.86,2.469,2.664,6.624,4.541,7.156,6.526,2.671,2.636,2.633,2.78,2.47,2.038,2.575
4218.03,28,2.569,2.949,2.457,5.855,5.297,2.605,2.529,2.604,6.854,7.318,5.797,2.548,2.59,6.538,4.541,7.118,6.419,2.604,2.657,2.67,2.749,2.549,2.13,2.669
4219.03,28,2.484,2.972,2.539,5.95,5.348,2.659,2.63,2.633,6.947,7.371,5.925,2.491,2.635,6.552,4.515,7.128,6.461,2.653,2.728,2.606,2.748,2.49,2.015,2.602
4220.03,28,2.488,2.961,2.502,5.948,5.355,2.634,2.63,2.611,6.92,7.391,5.885,2.488,2.569,6.572,4.486,7.152,6.517,2.632,2.728,2.587,2.793,2.493,2.032,2.711
4221.03,28,2.57,2.922,2.501,5.895,5.233,2.619,2.611,2.57,6.901,7.365,5.858,2.504,2.569,6.585,4.525,7.105,6.469,2.662,2.705,2.65,2.792,2.448,2.023,2.688
4222.03,28,2.528,3.007,2.52,5.893,5.356,2.606,2.544,2.606,6.92,7.351,5.902,2.515,2.637,6.628,4.466,7.095,6.518,2.664,2.769,2.624,2.767,2.461,2.059,2.645
4223.03,28,2.502,2.97,2.48,5.956,5.391,2.612,2.588,2.606,6.864,7.295,5.858,2.568,2.623,6.599,4.562,7.184,6.482,2.645,2.681,2.661,2.734,2.432,2.071,2.608
4224.03,28,2.53,2.916,2.483,5.933,5.336,2.638,2.542,2.593,6.926,7.371,5.883,2.485,2.621,6.669,4.541,7.117,6.449,2.61,2.658,2.641,2.774,2.459,2.031,2.61
4225.03,28,2.541,3.002,2.533,5.92,5.398,2.643,2.546,2.59,6.952,7.439,5.893,2.443,2.664,6.665,4.537,7.09,6.508,2.625,2.666,2.678,2.737,2.515,2.066,2.625
4226.03,28,2.496,2.96,2.445,5.883,5.379,2.641,2.622,2.549,6.939,7.269,5.877,2.425,2.572,6.603,4.511,7.11,6.54,2.658,2.749,2.674,2.81,2.522,1.987,2.648
4227.03,28,2.458,2.91,2.492,5.929,5.321,2.585,2.602,2.589,6.857,7.334,5.907,2.535,2.608,6.601,4.576,7.151,6.52,2.652,2.766,2.559,2.806,2.458,1.985,2.679
4228.03,28,2.542,2.988,2.47,5.886,5.313,2.631,2.61,2.585,6.925,7.354,5.92,2.544,2.569,6.64,4.544,7.062,6.466,2.608,2.707,2.568,2.81,2.548,1.992,2.683
4229.03,28,2.536,2.98,2.456,5.929,5.344,2.656,2.614,2.577,6.979,7.328,5.842,2.477,2.598,6.597,4.514,7.139,6.416,2.666,2.751,2.643,2.787,2.509,2.026,2.563
4230.03,28,2.562,2.964,2.474,5.925,5.364,2.674,2.692,2.632,6.951,7.31,5.893,2.543,2.537,6.638,4.492,7.108,6.487,2.576,2.69,2.564,2.799,2.538,2.054,2.593
4231.03,28,2.565,2.911,2.466,5.969,5.345,2.635,2.607,2.631,6.878,7.326,5.903,2.546,2.589,6.522,4.589,7.196,6.494,2.641,2.715,2.675,2.778,2.498,1.995,2.607
4232.03,28,2.544,2.954,2.541,5.914,5.271,2.586,2.545,2.592,6.917,7.418,5.828,2.503,2.608,6.543,4.561,7.196,6.512,2.641,2.695,2.677,2.808,2.499,2.025,2.638
4233.03,28,2.536,2.982,2.578,5.881,5.308,2.678,2.595,2.569,6.92,7.381,5.864,2.551,2.558,6.588,4.519,7.109,6.48,2.609,2.659,2.579,2.8,2.536,2.006,2.6
4234.03,28,2.525,3.013,2.516,5.917,5.381,2.594,2.588,2.574,6.904,7.425,5.891,2.496,2.699,6.644,4.512,7.157,6.468,2.607,2.679,2.597,2.759,2.511,1.99,2.646
4235.03,28,2.599,2.913,2.512,5.904,5.299,2.596,2.622,2.573,6.904,7.403,5.847,2.404,2.627,6.558,4.554,7.125,6.517,2.632,2.721,2.616,2.813,2.44,2.047,2.604
4236.03,28,2.554,3.044,2.528,5.986,5.294,2.568,2.591,2.569,6.914,7.341,5.885,2.515,2.532,6.61,4.578,7.173,6.486,2.633,2.676,2.593,2.781,2.509,2.097,2.689
4237.03,28,2.526,3.099,2.488,5.899,5.345,2.628,2.589,2.617,6.888,7.37,5.911,2.526,2.662,6.541,4.454,7.127,6.484,2.652,2.709,2.621,2.769,2.491,2.048,2.621
4238.03,28,2.471,2.961,2.491,5.935,5.276,2.616,2.657,2.55,6.943,7.37,5.866,2.495,2.567,6.639,4.549,7.086,6.521,2.562,2.677,2.652,2.722,2.555,2.095,2.623
4239.03,28,2.511,3.035,2.495,5.979,5.345,2.692,2.622,2.634,6.894,7.358,5.941,2.565,2.59,6.552,4.517,7.229,6.496,2.671,2.664,2.648,2.814,2.488,2,2.605
4240.03,28,2.546,2.959,2.478,5.907,5.344,2.605,2.537,2.603,6.891,7.366,5.848,2.542,2.615,6.596,4.59,7.11,6.479,2.618,2.692,2.585,2.836,2.49,2.006,2.624
4241.03,28,2.535,2.963,2.476,5.899,5.32,2.61,2.598,2.592,6.926,7.353,5.89,2.539,2.649,6.593,4.567,7.176,6.505,2.562,2.691,2.631,2.719,2.511,2.003,2.696
4242.03,28,2.528,2.969,2.524,5.933,5.32,2.618,2.588,2.542,6.917,7.318,5.92,2.523,2.602,6.624,4.478,7.103,6.442,2.623,2.719,2.576,2.792,2.487,2.044,2.614
4243.03,28,2.498,3.007,2.45,5.927,5.369,2.631,2.548,2.5,6.942,7.335,5.902,2.549,2.587,6.604,4.568,7.118,6.449,2.657,2.71,2.567,2.787,2.486,2.017,2.611
4244.03,28,2.504,2.896,2.475,5.936,5.356,2.632,2.522,2.588,6.903,7.351,5.914,2.505,2.625,6.567,4.497,7.129,6.453,2.586,2.691,2.578,2.773,2.494,2.018,2.68
4245.03,28,2.505,2.977,2.517,5.894,5.283,2.652,2.603,2.557,6.921,7.408,5.86,2.534,2.618,6.577,4.474,7.095,6.496,2.615,2.711,2.656,2.842,2.464,2.018,2.709
4246.03,28,2.549,3.045,2.389,5.915,5.347,2.594,2.594,2.627,6.889,7.361,5.881,2.519,2.605,6.583,4.54,7.072,6.476,2.667,2.618,2.643,2.852,2.509,2.009,2.684
4247.03,28,2.549,2.973,2.476,5.896,5.331,2.6,2.617,2.608,6.906,7.392,5.868,2.517,2.597,6.607,4.508,7.123,6.467,2.641,2.629,2.603,2.722,2.53,2.043,2.628
4248.03,28,2.518,3.004,2.506,5.883,5.342,2.618,2.611,2.578,6.871,7.372,5.884,2.488,2.65,6.595,4.531,7.133,6.456,2.641,2.613,2.627,2.798,2.516,2.039,2.647
4249.03,28,2.526,2.959,2.487,5.887,5.352,2.608,2.597,2.602,6.906,7.375,5.883,2.511,2.668,6.609,4.611,7.19,6.559,2.603,2.671,2.584,2.825,2.404,2.047,2.605
4250.03,28,2.492,3.006,2.478,5.981,5.3,2.628,2.577,2.646,6.876,7.386,5.841,2.514,2.605,6.611,4.505,7.1,6.465,2.595,2.706,2.627,2.837,2.507,2.099,2.66
4251.03,28,2.498,2.966,2.492,5.909,5.377,2.622,2.654,2.53,6.916,7.355,5.843,2.551,2.585,6.636,4.527,7.127,6.508,2.653,2.732,2.613,2.799,2.546,2.055,2.636
4252.03,28,2.493,2.959,2.508,5.916,5.374,2.608,2.582,2.604,6.894,7.353,5.895,2.55,2.619,6.557,4.573,7.187,6.475,2.649,2.666,2.614,2.802,2.532,2.008,2.587
4253.03,28,2.538,2.997,2.491,5.894,5.345,2.6,2.555,2.635,6.962,7.338,5.903,2.545,2.531,6.607,4.527,7.1,6.461,2.574,2.642,2.609,2.828,2.485,1.973,2.653
4254.03,28,2.535,2.99,2.517,5.945,5.291,2.536,2.711,2.583,6.918,7.408,5.894,2.491,2.63,6.546,4.516,7.16,6.48,2.597,2.666,2.644,2.842,2.516,2.049,2.727
4255.03,28,2.515,2.993,2.478,5.902,5.34,2.635,2.57,2.583,6.897,7.433,5.889,2.456,2.617,6.617,4.528,7.13,6.472,2.737,2.695,2.562,2.736,2.514,2.007,2.64
4256.03,28,2.458,2.976,2.474,5.965,5.332,2.594,2.638,2.608,6.896,7.386,5.879,2.55,2.574,6.635,4.547,7.178,6.521,2.68,2.694,2.685,2.811,2.41,2.013,2.636
4257.03,28,2.498,3.034,2.522,5.969,5.318,2.64,2.613,2.569,6.862,7.363,5.929,2.459,2.625,6.533,4.519,7.082,6.495,2.673,2.731,2.571,2.715,2.407,2.05,2.685
4258.03,28,2.55,3.012,2.461,5.918,5.332,2.604,2.619,2.593,6.91,7.345,5.949,2.458,2.622,6.585,4.549,7.18,6.503,2.615,2.684,2.641,2.745,2.507,2.04,2.691
4259.03,28,2.556,3.009,2.468,5.917,5.322,2.6,2.574,2.596,6.858,7.345,5.846,2.504,2.613,6.562,4.58,7.131,6.487,2.637,2.665,2.656,2.741,2.53,2.001,2.648
4260.03,28,2.502,3.004,2.475,5.965,5.373,2.674,2.632,2.571,6.886,7.373,5.864,2.559,2.646,6.603,4.497,7.166,6.47,2.576,2.675,2.591,2.756,2.508,2.027,2.689
4261.03,28,2.535,2.913,2.546,5.925,5.355,2.635,2.524,2.581,6.976,7.451,5.925,2.526,2.605,6.609,4.481,7.175,6.522,2.662,2.762,2.646,2.833,2.484,2.036,2.632
4262.03,28,2.514,2.988,2.525,5.9,5.3,2.594,2.539,2.623,6.944,7.368,5.956,2.549,2.635,6.611,4.563,7.097,6.516,2.634,2.737,2.638,2.783,2.478,2.009,2.676
4263.03,28,2.503,2.978,2.493,5.983,5.309,2.645,2.565,2.589,6.971,7.381,5.919,2.503,2.575,6.524,4.539,7.157,6.496,2.602,2.706,2.583,2.83,2.52,2.038,2.644
4264.03,28,2.524,2.946,2.52,5.96,5.255,2.644,2.577,2.593,6.878,7.439,5.913,2.536,2.614,6.582,4.543,7.138,6.55,2.622,2.66,2.639,2.774,2.473,2.032,2.723
4265.03,28,2.498,3.029,2.532,5.935,5.304,2.65,2.609,2.577,6.883,7.329,5.921,2.436,2.626,6.607,4.566,7.121,6.517,2.573,2.691,2.508,2.801,2.483,2.064,2.655
4266.03,28,2.565,3.002,2.511,5.882,5.344,2.654,2.624,2.573,6.933,7.359,5.886,2.473,2.613,6.583,4.564,7.119,6.421,2.57,2.673,2.583,2.754,2.515,1.99,2.644
4267.03,28,2.509,2.99,2.469,5.865,5.284,2.611,2.584,2.56,6.931,7.398,5.886,2.524,2.61,6.626,4.503,7.154,6.51,2.638,2.68,2.695,2.766,2.475,2.095,2.677
4268.03,28,2.565,3.012,2.515,5.927,5.347,2.621,2.584,2.622,6.929,7.381,5.915,2.451,2.619,6.575,4.534,7.184,6.526,2.582,2.742,2.55,2.808,2.542,1.976,2.705
4269.03,28,2.454,2.952,2.556,5.94,5.365,2.624,2.587,2.56,6.956,7.381,5.86,2.551,2.532,6.637,4.465,7.108,6.413,2.59,2.676,2.597,2.759,2.531,2.082,2.645
4270.03,28,2.525,3.01,2.492,5.883,5.296,2.723,2.659,2.588,6.889,7.334,5.854,2.521,2.568,6.587,4.512,7.097,6.464,2.63,2.729,2.59,2.869,2.491,2.033,2.635
4271.03,28,2.51,2.969,2.511,5.933,5.339,2.616,2.678,2.591,6.896,7.378,5.932,2.5,2.605,6.645,4.505,7.135,6.515,2.585,2.646,2.579,2.793,2.453,2.06,2.635
4272.03,28,2.513,2.951,2.458,5.935,5.355,2.595,2.604,2.565,6.9,7.362,5.93,2.54,2.643,6.61,4.558,7.152,6.467,2.638,2.683,2.656,2.786,2.446,2.071,2.697
4273.03,28,2.496,2.975,2.45,5.869,5.308,2.612,2.586,2.589,6.93,7.373,5.862,2.527,2.627,6.628,4.484,7.149,6.551,2.634,2.721,2.572,2.839,2.494,2.062,2.584
4274.03,28,2.583,3.004,2.491,5.969,5.36,2.667,2.548,2.574,6.913,7.33,5.834,2.507,2.661,6.611,4.448,7.121,6.483,2.572,2.657,2.605,2.771,2.46,2.003,2.661
4275.03,28,2.463,2.966,2.496,5.993,5.316,2.625,2.596,2.591,6.922,7.399,5.981,2.501,2.536,6.596,4.541,7.122,6.444,2.597,2.651,2.618,2.754,2.483,2.068,2.682
4276.03,28,2.505,2.943,2.415,5.945,5.358,2.629,2.539,2.559,6.892,7.345,5.912,2.527,2.611,6.573,4.519,7.084,6.522,2.624,2.665,2.6,2.822,2.516,2.044,2.635
4277.03,28,2.505,3.031,2.517,5.982,5.331,2.633,2.607,2.564,6.959,7.369,5.887,2.534,2.584,6.627,4.542,7.1,6.457,2.631,2.707,2.672,2.824,2.415,2.046,2.65
4278.03,28,2.505,2.998,2.472,5.865,5.345,2.571,2.648,2.578,6.944,7.297,5.877,2.481,2.598,6.572,4.534,7.1,6.457,2.628,2.661,2.588,2.741,2.533,2.11,2.674
4279.03,28,2.499,2.977,2.467,5.901,5.283,2.588,2.608,2.618,6.911,7.408,5.891,2.485,2.556,6.629,4.492,7.084,6.501,2.651,2.735,2.559,2.742,2.521,1.981,2.674
4280.03,28,2.542,2.966,2.504,5.969,5.333,2.659,2.616,2.519,6.939,7.338,5.922,2.49,2.619,6.599,4.51,7.081,6.539,2.607,2.67,2.548,2.815,2.537,1.994,2.655
4281.03,28,2.558,2.948,2.503,5.93,5.377,2.611,2.549,2.562,6.924,7.376,5.909,2.548,2.598,6.691,4.53,7.108,6.493,2.576,2.688,2.628,2.741,2.488,1.987,2.657
4282.03,28,2.515,2.959,2.5,5.962,5.366,2.631,2.543,2.578,6.936,7.336,5.916,2.503,2.615,6.587,4.577,7.156,6.468,2.659,2.697,2.621,2.794,2.504,2.068,2.686
4283.03,28,2.572,2.962,2.526,5.948,5.379,2.58,2.566,2.565,6.911,7.28,5.9,2.512,2.641,6.625,4.496,7.116,6.485,2.613,2.677,2.527,2.762,2.399,2.026,2.637
4284.03,28,2.506,2.939,2.512,5.925,5.311,2.688,2.588,2.496,6.926,7.35,5.84,2.523,2.586,6.603,4.537,7.093,6.476,2.593,2.653,2.593,2.809,2.496,2.058,2.62
4285.03,28,2.497,2.985,2.54,5.941,5.378,2.605,2.574,2.546,6.887,7.354,5.899,2.565,2.581,6.613,4.5,7.112,6.468,2.648,2.749,2.653,2.764,2.406,2.072,2.641
4286.03,28,2.49,2.965,2.56,5.908,5.33,2.619,2.6,2.617,6.959,7.413,5.87,2.456,2.648,6.632,4.537,7.128,6.492,2.635,2.721,2.647,2.773,2.51,2.014,2.673
4287.03,28,2.48,2.949,2.463,5.945,5.404,2.62,2.566,2.563,6.928,7.34,5.855,2.523,2.598,6.599,4.538,7.164,6.437,2.607,2.63,2.656,2.806,2.488,1.955,2.592
4288.03,28,2.474,3.019,2.482,5.885,5.277,2.596,2.533,2.542,6.891,7.408,5.892,2.537,2.681,6.56,4.534,7.09,6.453,2.63,2.687,2.639,2.79,2.476,2.046,2.63
4289.03,28,2.561,2.935,2.469,5.951,5.354,2.637,2.643,2.586,6.918,7.365,5.893,2.506,2.697,6.559,4.494,7.171,6.47,2.626,2.704,2.59,2.836,2.559,2.023,2.611
4290.03,28,2.496,3.041,2.521,5.916,5.357,2.696,2.628,2.592,6.904,7.374,5.879,2.499,2.596,6.67,4.477,7.118,6.44,2.627,2.736,2.591,2.812,2.499,2.008,2.639
4291.03,28,2.474,3.015,2.489,5.918,5.309,2.604,2.553,2.603,6.928,7.361,5.898,2.539,2.634,6.587,4.593,7.065,6.454,2.664,2.683,2.599,2.819,2.463,2.068,2.61
4292.03,28,2.511,2.985,2.486,5.869,5.338,2.674,2.578,2.585,6.857,7.413,5.863,2.526,2.687,6.593,4.526,7.108,6.48,2.574,2.723,2.65,2.781,2.507,2.011,2.661
4293.03,28,2.495,2.942,2.475,5.919,5.371,2.653,2.554,2.575,6.962,7.398,5.933,2.515,2.674,6.592,4.5,7.112,6.456,2.592,2.734,2.584,2.801,2.478,2.016,2.655
4294.03,28,2.527,3.018,2.525,5.939,5.315,2.619,2.577,2.574,6.928,7.326,5.898,2.482,2.641,6.594,4.541,7.211,6.507,2.624,2.672,2.622,2.774,2.497,2.112,2.636
4295.03,28,2.566,2.965,2.496,5.991,5.348,2.627,2.604,2.569,6.946,7.38,5.901,2.537,2.621,6.621,4.592,7.126,6.562,2.684,2.647,2.665,2.77,2.459,2.014,2.612
4296.03,28,2.559,3.016,2.505,5.917,5.331,2.629,2.539,2.628,6.914,7.364,5.857,2.489,2.611,6.603,4.516,7.152,6.486,2.592,2.675,2.572,2.763,2.534,2.02,2.681
4297.03,28,2.529,2.907,2.494,5.851,5.343,2.624,2.594,2.569,6.98,7.373,5.849,2.464,2.66,6.626,4.54,7.12,6.456,2.617,2.669,2.628,2.769,2.529,2.006,2.638
4298.03,28,2.497,2.98,2.469,5.94,5.313,2.59,2.549,2.624,6.911,7.383,5.882,2.503,2.567,6.605,4.558,7.046,6.535,2.695,2.701,2.609,2.776,2.508,2.026,2.64
4299.03,28,2.54,2.977,2.485,5.938,5.32,2.624,2.592,2.562,6.962,7.407,5.843,2.398,2.704,6.61,4.539,7.114,6.522,2.675,2.63,2.627,2.753,2.55,2.014,2.674
4300.03,28,2.536,2.988,2.485,5.975,5.388,2.574,2.626,2.57,6.889,7.396,5.83,2.53,2.629,6.604,4.562,7.165,6.514,2.653,2.666,2.602,2.828,2.571,2.026,2.64
4301.03,28,2.443,3.006,2.532,5.925,5.374,2.672,2.615,2.54,6.943,7.325,5.866,2.495,2.535,6.615,4.515,7.166,6.493,2.57,2.723,2.657,2.77,2.517,2.019,2.722
4302.03,28,2.525,2.95,2.513,5.95,5.417,2.589,2.626,2.623,6.909,7.373,5.851,2.589,2.628,6.594,4.513,7.079,6.493,2.621,2.614,2.653,2.819,2.528,1.999,2.656
4303.03,28,2.469,2.975,2.528,5.936,5.363,2.637,2.634,2.526,6.951,7.336,5.88,2.525,2.64,6.565,4.487,7.119,6.475,2.613,2.675,2.599,2.827,2.475,2.076,2.579
4304.03,28,2.542,2.954,2.486,5.919,5.305,2.63,2.561,2.606,6.905,7.436,5.926,2.484,2.653,6.649,4.566,7.159,6.512,2.602,2.666,2.627,2.803,2.537,2.044,2.673
4305.03,28,2.467,3.02,2.499,5.949,5.29,2.61,2.609,2.606,6.933,7.346,5.843,2.596,2.689,6.564,4.617,7.219,6.488,2.643,2.666,2.651,2.793,2.535,2.049,2.712
4306.03,28,2.477,2.987,2.537,5.912,5.341,2.643,2.59,2.586,6.923,7.36,5.865,2.484,2.611,6.58,4.516,7.123,6.538,2.617,2.698,2.584,2.747,2.516,2.003,2.67
4307.03,28,2.534,2.948,2.476,5.956,5.37,2.639,2.588,2.608,6.886,7.338,5.883,2.564,2.602,6.64,4.52,7.091,6.473,2.58,2.7,2.632,2.775,2.552,2.073,2.642
4308.03,28,2.59,3.03,2.547,5.905,5.313,2.665,2.584,2.61,6.948,7.374,5.862,2.58,2.603,6.557,4.497,7.122,6.464,2.623,2.692,2.628,2.79,2.509,2,2.681
4309.03,28,2.484,2.948,2.52,5.923,5.308,2.634,2.565,2.619,6.907,7.432,5.87,2.474,2.643,6.601,4.555,7.1,6.501,2.624,2.703,2.649,2.804,2.529,2.086,2.613
4310.03,28,2.605,3.019,2.369,5.97,5.341,2.686,2.579,2.568,6.963,7.358,5.878,2.429,2.588,6.6,4.565,7.118,6.489,2.655,2.677,2.577,2.78,2.517,2.02,2.655
4311.03,28,2.544,2.972,2.549,5.93,5.348,2.635,2.596,2.548,6.923,7.391,5.933,2.529,2.672,6.586,4.553,7.143,6.496,2.588,2.776,2.627,2.716,2.513,2.043,2.595
4312.03,28,2.506,2.952,2.456,5.922,5.301,2.638,2.635,2.57,6.967,7.346,5.93,2.528,2.667,6.639,4.557,7.137,6.492,2.606,2.661,2.677,2.834,2.487,2.098,2.628
4313.03,28,2.554,2.936,2.511,5.895,5.308,2.654,2.511,2.648,6.891,7.362,5.889,2.522,2.608,6.631,4.478,7.087,6.466,2.648,2.626,2.636,2.811,2.493,2.001,2.615
4314.03,28,2.474,3.038,2.423,5.983,5.312,2.646,2.608,2.602,6.867,7.343,5.855,2.534,2.61,6.613,4.523,7.153,6.517,2.712,2.714,2.65,2.81,2.46,2.109,2.681
4315.03,28,2.461,2.971,2.51,5.867,5.338,2.64,2.602,2.595,6.897,7.361,5.868,2.505,2.611,6.577,4.506,7.111,6.484,2.634,2.733,2.638,2.76,2.51,2.035,2.667
4316.03,28,2.466,2.993,2.581,5.95,5.352,2.591,2.583,2.606,6.928,7.355,5.841,2.456,2.637,6.627,4.507,7.065,6.465,2.607,2.715,2.596,2.806,2.495,2.027,2.647
4317.03,28,2.565,3,2.494,5.906,5.286,2.629,2.598,2.561,6.911,7.373,5.884,2.526,2.633,6.614,4.541,7.159,6.463,2.637,2.686,2.59,2.802,2.465,2.02,2.645
4318.03,28,2.53,3.012,2.523,5.95,5.316,2.623,2.603,2.619,6.889,7.351,5.927,2.446,2.665,6.596,4.498,7.168,6.47,2.61,2.695,2.653,2.749,2.551,2.07,2.633
4319.03,28,2.515,2.936,2.503,5.913,5.29,2.62,2.623,2.565,6.955,7.398,5.807,2.524,2.568,6.557,4.54,7.139,6.474,2.669,2.687,2.644,2.783,2.486,2.053,2.681
4320.03,28,2.487,2.964,2.482,5.919,5.359,2.567,2.63,2.57,6.926,7.315,5.897,2.497,2.682,6.542,4.507,7.126,6.476,2.682,2.629,2.64,2.696,2.475,2.015,2.639
4321.03,28,2.509,2.957,2.465,5.893,5.309,2.634,2.578,2.584,6.909,7.391,5.868,2.485,2.633,6.576,4.567,7.165,6.461,2.651,2.701,2.699,2.804,2.496,1.982,2.701
4322.03,28,2.504,2.989,2.492,5.881,5.306,2.612,2.533,2.602,6.863,7.375,5.883,2.582,2.673,6.623,4.484,7.189,6.436,2.692,2.708,2.589,2.774,2.506,2.072,2.649
4323.03,28,2.535,2.995,2.505,5.956,5.329,2.57,2.59,2.578,6.9,7.315,5.921,2.474,2.631,6.567,4.584,7.12,6.529,2.629,2.706,2.642,2.775,2.487,2.004,2.708
4324.03,28,2.544,2.986,2.506,5.939,5.307,2.626,2.626,2.588,6.91,7.374,5.834,2.5,2.615,6.62,4.553,7.167,6.452,2.63,2.703,2.659,2.735,2.441,1.991,2.648
4325.03,28,2.499,3.007,2.516,5.923,5.384,2.604,2.496,2.592,6.931,7.394,5.87,2.51,2.577,6.6,4.574,7.16,6.484,2.633,2.732,2.61,2.799,2.468,2.093,2.656
4326.03,28,2.536,2.959,2.541,5.87,5.308,2.644,2.544,2.593,6.906,7.421,5.889,2.443,2.605,6.64,4.527,7.078,6.458,2.606,2.682,2.643,2.841,2.531,1.985,2.688
4327.03,28,2.553,2.98,2.461,5.869,5.293,2.662,2.586,2.618,6.968,7.329,5.91,2.53,2.582,6.584,4.54,7.076,6.513,2.628,2.677,2.601,2.808,2.48,2.07,2.618
4328.03,28,2.566,2.956,2.546,5.918,5.432,2.685,2.614,2.624,6.957,7.358,5.884,2.506,2.678,6.62,4.518,7.065,6.475,2.599,2.692,2.629,2.769,2.467,1.996,2.649
4329.03,28,2.528,3.002,2.479,5.873,5.308,2.622,2.615,2.602,6.922,7.362,5.852,2.516,2.583,6.562,4.532,7.143,6.554,2.673,2.65,2.63,2.826,2.503,2.108,2.671
4330.03,28,2.539,3.018,2.51,5.959,5.381,2.613,2.619,2.668,6.903,7.333,5.917,2.517,2.584,6.594,4.548,7.167,6.494,2.632,2.703,2.7,2.799,2.481,1.965,2.722
4331.03,28,2.521,2.93,2.516,5.926,5.344,2.592,2.533,2.643,6.896,7.371,5.861,2.505,2.627,6.564,4.477,7.083,6.501,2.611,2.749,2.603,2.766,2.52,2.024,2.692
4332.03,28,2.5,3.014,2.441,5.935,5.318,2.59,2.57,2.619,6.934,7.27,5.866,2.523,2.633,6.553,4.553,7.145,6.508,2.606,2.667,2.586,2.774,2.574,2.05,2.643
4333.03,28,2.494,3.004,2.485,5.971,5.235,2.662,2.569,2.616,6.925,7.339,5.867,2.505,2.599,6.569,4.531,7.096,6.522,2.608,2.666,2.689,2.732,2.512,2.01,2.645
4334.03,28,2.525,2.965,2.463,5.875,5.342,2.615,2.6,2.556,6.895,7.369,5.893,2.54,2.646,6.534,4.496,7.103,6.511,2.61,2.737,2.673,2.807,2.503,2.022,2.597
4335.03,28,2.501,2.99,2.496,5.942,5.272,2.647,2.585,2.59,6.889,7.325,5.902,2.47,2.651,6.648,4.511,7.134,6.517,2.588,2.665,2.645,2.797,2.502,2.013,2.641
4336.03,28,2.475,2.979,2.514,5.953,5.378,2.598,2.581,2.677,6.917,7.386,5.876,2.508,2.573,6.579,4.551,7.067,6.41,2.634,2.693,2.634,2.754,2.484,2.083,2.688
4337.03,28,2.505,3.008,2.543,5.873,5.313,2.628,2.557,2.528,6.959,7.402,5.863,2.476,2.631,6.671,4.511,7.175,6.442,2.672,2.768,2.639,2.787,2.437,2.015,2.699
4338.03,28,2.481,2.951,2.488,5.936,5.306,2.595,2.614,2.584,6.886,7.295,5.884,2.49,2.597,6.556,4.494,7.138,6.416,2.55,2.696,2.651,2.789,2.476,1.985,2.669
4339.03,28,2.549,2.976,2.459,5.946,5.327,2.679,2.65,2.568,6.938,7.349,5.935,2.49,2.575,6.614,4.467,7.07,6.426,2.618,2.716,2.595,2.802,2.486,2.056,2.648
4340.03,28,2.566,2.89,2.526,5.921,5.342,2.636,2.612,2.57,6.975,7.381,5.857,2.485,2.619,6.647,4.549,7.062,6.531,2.69,2.691,2.584,2.811,2.496,2.082,2.696
4341.03,28,2.494,3.016,2.5,5.901,5.287,2.6,2.63,2.624,6.901,7.409,5.891,2.473,2.699,6.602,4.499,7.15,6.53,2.67,2.714,2.645,2.819,2.531,1.999,2.612
4342.03,28,2.581,2.989,2.461,5.957,5.305,2.635,2.593,2.582,6.911,7.329,5.98,2.521,2.621,6.592,4.493,7.124,6.512,2.578,2.673,2.615,2.779,2.571,2.026,2.644
