Time,T,Control_R1,Control_R2,Control_R3,0.06_R1,0.06_R2,0.06_R3,0.12_R1,0.12_R2,0.12_R3,0.25_R1,0.25_R2,0.25_R3,0.5_R1,0.5_R2,0.5_R3,1_R1,1_R3,2_R1,2_R2,2_R3,4_R2,4_R3
0.03,27,10.818,10.546,9.324,10.173,8.917,9.086,8.292,8.459,9.657,8.758,9.418,9.412,10.077,10.859,10.284,8.866,9.854,10.395,10.118,8.336,9.219,8.601
1.03,27,10.833,10.541,9.345,10.221,8.832,9.238,8.315,8.431,9.806,8.765,9.451,9.374,10.064,10.855,10.275,8.789,9.835,10.441,10.201,8.365,9.152,8.583
2.03,27,10.789,10.623,9.459,10.136,8.879,9.195,8.32,8.411,9.734,8.684,9.43,9.462,10.086,10.881,10.231,8.869,9.888,10.339,10.145,8.377,9.264,8.618
3.03,27,10.806,10.58,9.416,10.186,8.824,9.176,8.353,8.408,9.769,8.657,9.37,9.42,10.002,10.768,10.251,8.866,9.843,10.392,10.045,8.387,9.194,8.623
4.03,27,10.843,10.619,9.379,10.171,8.811,9.212,8.371,8.443,9.752,8.7,9.461,9.438,10.036,10.827,10.222,8.838,9.853,10.441,10.078,8.371,9.132,8.687
5.03,27,10.778,10.56,9.376,10.198,8.834,9.262,8.356,8.42,9.684,8.668,9.407,9.449,10.032,10.85,10.232,8.872,9.854,10.411,10.111,8.391,9.172,8.58
6.03,27,10.757,10.575,9.386,10.227,8.838,9.227,8.39,8.429,9.714,8.682,9.426,9.473,10.074,10.838,10.294,8.856,9.905,10.469,10.186,8.45,9.259,8.631
7.03,27,10.807,10.641,9.368,10.167,8.874,9.255,8.362,8.464,9.706,8.662,9.428,9.447,10.117,10.866,10.268,8.894,9.942,10.459,10.126,8.385,9.166,8.608
8.03,27,10.777,10.686,9.379,10.203,8.829,9.208,8.406,8.448,9.733,8.666,9.415,9.486,10.062,10.799,10.256,8.763,9.97,10.426,10.096,8.426,9.188,8.573
9.03,27,10.821,10.66,9.316,10.162,8.847,9.23,8.312,8.406,9.759,8.653,9.359,9.418,10.079,10.816,10.226,8.83,9.874,10.395,10.069,8.427,9.221,8.575
10.03,27,10.794,10.747,9.299,10.119,8.824,9.17,8.384,8.409,9.697,8.672,9.427,9.442,10.094,10.787,10.208,8.86,9.86,10.394,10.2,8.424,9.223,8.587
11.03,27,10.726,10.667,9.284,10.168,8.812,9.215,8.343,8.399,9.688,8.634,9.417,9.516,10.091,10.778,10.199,8.862,9.939,10.39,10.157,8.415,9.218,8.651
12.03,27,10.774,10.569,9.307,10.164,8.855,9.211,8.317,8.385,9.695,8.685,9.443,9.414,10.017,10.818,10.184,8.872,9.875,10.37,10.175,8.375,9.166,8.636
13.03,27,10.818,10.668,9.313,10.205,8.839,9.198,8.434,8.398,9.726,8.621,9.418,9.421,10.035,10.704,10.201,8.824,9.945,10.36,10.145,8.366,9.223,8.661
14.03,27,10.864,10.683,9.306,10.129,8.839,9.189,8.453,8.449,9.765,8.594,9.381,9.451,10.007,10.754,10.19,8.725,9.863,10.435,10.113,8.32,9.155,8.621
15.03,27,10.825,10.628,9.306,10.177,8.873,9.249,8.376,8.385,9.708,8.671,9.434,9.478,10.07,10.854,10.184,8.867,9.893,10.349,10.166,8.409,9.167,8.661
16.03,27,10.853,10.629,9.372,10.193,8.886,9.226,8.478,8.445,9.721,8.635,9.442,9.45,10.012,10.798,10.198,8.811,9.896,10.402,10.115,8.377,9.184,8.608
17.03,27,10.772,10.676,9.31,10.146,8.834,9.239,8.317,8.465,9.775,8.64,9.423,9.429,10.059,10.789,10.199,8.852,9.884,10.436,10.12,8.293,9.133,8.621
18.03,27,10.863,10.65,9.293,10.239,8.89,9.254,8.382,8.394,9.707,8.639,9.49,9.424,10.065,10.827,10.162,8.805,9.888,10.457,10.173,8.365,9.155,8.511
19.03,27,10.892,10.701,9.303,10.191,8.819,9.307,8.397,8.452,9.715,8.586,9.393,9.478,10.043,10.783,10.207,8.853,9.89,10.404,10.158,8.356,9.18,8.643
20.03,27,10.861,10.6,9.362,10.151,8.868,9.236,8.399,8.417,9.692,8.648,9.44,9.421,10.122,10.715,10.134,8.858,9.904,10.478,10.134,8.335,9.179,8.557
21.03,27,10.873,10.67,9.376,10.254,8.869,9.264,8.429,8.439,9.738,8.641,9.485,9.422,10.06,10.74,10.162,8.881,9.98,10.44,10.129,8.365,9.196,8.63
22.03,27,10.828,10.651,9.311,10.146,8.819,9.221,8.397,8.452,9.724,8.659,9.482,9.472,10.051,10.829,10.182,8.828,9.924,10.397,10.159,8.425,9.171,8.696
23.03,27,10.87,10.655,9.393,10.274,8.846,9.24,8.471,8.41,9.745,8.647,9.444,9.434,9.977,10.792,10.133,8.877,9.93,10.42,10.135,8.405,9.185,8.593
24.03,27,10.827,10.631,9.39,10.174,8.884,9.232,8.411,8.429,9.806,8.643,9.482,9.364,10.117,10.756,10.148,8.811,9.964,10.421,10.059,8.382,9.139,8.649
25.03,27,10.872,10.596,9.365,10.281,8.795,9.323,8.447,8.484,9.736,8.621,9.48,9.339,10.019,10.749,10.179,8.842,9.971,10.446,10.127,8.369,9.159,8.592
26.03,27,10.788,10.601,9.462,10.286,8.882,9.282,8.356,8.448,9.732,8.577,9.499,9.387,10.08,10.744,10.204,8.775,9.859,10.365,10.158,8.432,9.202,8.566
27.03,27,10.799,10.657,9.406,10.22,8.817,9.274,8.386,8.426,9.812,8.63,9.516,9.449,10.034,10.806,10.157,8.776,9.891,10.416,10.183,8.44,9.181,8.652
28.03,27,10.859,10.608,9.382,10.211,8.848,9.294,8.385,8.427,9.813,8.565,9.478,9.402,10.081,10.693,10.134,8.844,9.916,10.403,10.203,8.443,9.118,8.613
29.03,27,10.834,10.611,9.395,10.202,8.849,9.26,8.453,8.436,9.804,8.596,9.479,9.408,10.057,10.76,10.214,8.812,9.962,10.45,10.137,8.392,9.185,8.633
30.03,27,10.796,10.648,9.346,10.218,8.849,9.287,8.408,8.483,9.741,8.637,9.488,9.442,10.04,10.722,10.123,8.806,9.92,10.498,10.145,8.419,9.115,8.663
31.03,27,10.832,10.668,9.347,10.24,8.851,9.327,8.438,8.494,9.813,8.628,9.532,9.391,10.051,10.708,10.193,8.788,9.938,10.52,10.139,8.455,9.177,8.649
32.03,27,10.924,10.717,9.44,10.268,8.832,9.322,8.382,8.458,9.809,8.616,9.485,9.442,10.09,10.708,10.161,8.843,9.912,10.441,10.134,8.481,9.185,8.608
33.03,27,10.811,10.626,9.445,10.189,8.825,9.251,8.499,8.443,9.784,8.63,9.447,9.372,10.014,10.793,10.147,8.739,9.928,10.461,10.115,8.489,9.166,8.613
34.03,27,10.844,10.617,9.437,10.223,8.874,9.289,8.488,8.485,9.846,8.683,9.458,9.415,9.991,10.758,10.181,8.758,9.884,10.471,10.128,8.444,9.096,8.646
35.03,27,10.785,10.682,9.418,10.259,8.856,9.298,8.464,8.403,9.8,8.605,9.525,9.431,10.054,10.737,10.137,8.795,9.86,10.442,10.16,8.421,9.126,8.654
36.03,27,10.837,10.615,9.415,10.295,8.86,9.331,8.473,8.442,9.755,8.655,9.514,9.366,10.052,10.769,10.145,8.739,9.878,10.43,10.138,8.398,9.163,8.637
37.03,27,10.822,10.627,9.402,10.33,8.867,9.206,8.398,8.484,9.796,8.653,9.466,9.41,10.03,10.793,10.195,8.791,9.931,10.396,10.142,8.452,9.073,8.624
38.03,27,10.863,10.635,9.376,10.276,8.888,9.245,8.38,8.43,9.82,8.682,9.575,9.437,10.037,10.727,10.138,8.815,9.958,10.454,10.187,8.363,9.119,8.654
39.03,27,10.783,10.632,9.467,10.255,8.841,9.294,8.396,8.377,9.806,8.649,9.509,9.407,10.045,10.811,10.135,8.722,9.856,10.393,10.11,8.499,9.151,8.624
40.03,27,10.945,10.67,9.385,10.286,8.953,9.238,8.382,8.438,9.851,8.652,9.522,9.397,10.036,10.806,10.152,8.675,9.936,10.403,10.162,8.496,9.221,8.632
41.03,27,10.803,10.653,9.391,10.26,8.934,9.286,8.4,8.463,9.793,8.658,9.532,9.444,10.052,10.798,10.115,8.769,9.943,10.419,10.116,8.428,9.14,8.605
42.03,27,10.812,10.625,9.41,10.332,8.823,9.2,8.338,8.471,9.92,8.69,9.476,9.366,10.074,10.816,10.152,8.744,9.933,10.434,10.127,8.452,9.191,8.604
43.03,27,10.846,10.62,9.384,10.243,8.92,9.24,8.414,8.458,9.771,8.691,9.525,9.384,10.121,10.845,10.193,8.665,9.889,10.465,10.12,8.448,9.192,8.611
44.03,27,10.818,10.682,9.395,10.277,8.916,9.261,8.392,8.435,9.807,8.713,9.569,9.406,10.07,10.802,10.182,8.662,9.969,10.429,10.138,8.51,9.188,8.6
45.03,27,10.791,10.663,9.365,10.21,8.873,9.264,8.405,8.53,9.806,8.723,9.561,9.335,10.048,10.773,10.18,8.726,9.845,10.504,10.162,8.457,9.188,8.639
46.03,27,10.854,10.666,9.436,10.205,8.927,9.275,8.374,8.48,9.814,8.725,9.562,9.42,10.112,10.809,10.226,8.731,9.874,10.516,10.103,8.406,9.197,8.592
47.03,27,10.835,10.71,9.353,10.229,8.894,9.242,8.331,8.419,9.815,8.657,9.498,9.345,10.169,10.751,10.146,8.731,9.936,10.443,10.208,8.429,9.17,8.615
48.03,27,10.766,10.601,9.357,10.246,8.829,9.335,8.353,8.411,9.746,8.647,9.523,9.328,10.059,10.792,10.228,8.718,9.947,10.476,10.167,8.377,9.142,8.62
49.03,27,10.888,10.733,9.445,10.162,8.84,9.276,8.323,8.469,9.85,8.651,9.538,9.372,10.101,10.704,10.142,8.672,9.986,10.522,10.133,8.386,9.21,8.61
50.03,27,10.83,10.643,9.441,10.242,8.859,9.273,8.37,8.471,9.778,8.623,9.524,9.392,10.114,10.747,10.178,8.712,9.976,10.446,10.147,8.433,9.166,8.599
51.03,27,10.867,10.65,9.361,10.248,8.893,9.281,8.27,8.467,9.756,8.677,9.492,9.44,10.112,10.832,10.208,8.657,9.962,10.414,10.13,8.408,9.152,8.619
52.03,27,10.853,10.602,9.415,10.241,8.896,9.318,8.357,8.417,9.767,8.614,9.511,9.409,10.031,10.787,10.128,8.672,9.973,10.439,10.113,8.477,9.222,8.609
53.03,27,10.856,10.557,9.391,10.252,8.855,9.261,8.291,8.476,9.859,8.657,9.517,9.43,10.102,10.727,10.119,8.691,9.913,10.414,10.104,8.477,9.188,8.588
54.03,27,10.837,10.628,9.346,10.185,8.851,9.262,8.349,8.374,9.781,8.579,9.423,9.336,10.071,10.831,10.16,8.675,10.001,10.399,10.061,8.509,9.218,8.602
55.03,27,10.849,10.611,9.4,10.281,8.883,9.232,8.359,8.454,9.833,8.67,9.506,9.466,10.068,10.799,10.191,8.703,9.965,10.386,10.096,8.542,9.202,8.634
56.03,27,10.856,10.608,9.418,10.212,8.916,9.265,8.344,8.368,9.753,8.646,9.519,9.373,10.04,10.853,10.156,8.694,9.936,10.479,10.103,8.424,9.204,8.605
57.03,27,10.86,10.603,9.397,10.189,8.847,9.291,8.279,8.438,9.769,8.611,9.531,9.427,10.024,10.732,10.211,8.714,9.916,10.478,10.095,8.497,9.194,8.621
58.03,27,10.838,10.617,9.408,10.273,8.828,9.262,8.305,8.47,9.85,8.692,9.503,9.367,10.11,10.78,10.207,8.65,9.904,10.483,10.117,8.531,9.225,8.613
59.03,27,10.781,10.546,9.424,10.245,8.903,9.287,8.385,8.458,9.789,8.673,9.469,9.443,10.156,10.784,10.16,8.685,9.937,10.413,10.104,8.586,9.208,8.643
60.03,27,10.884,10.587,9.429,10.17,8.87,9.283,8.328,8.402,9.838,8.731,9.447,9.462,10.111,10.752,10.213,8.618,9.938,10.441,10.079,8.504,9.164,8.583
61.03,27,10.823,10.607,9.41,10.211,8.932,9.241,8.383,8.405,9.815,8.727,9.536,9.374,10.045,10.776,10.158,8.649,9.946,10.435,10.121,8.538,9.256,8.555
62.03,27,10.849,10.636,9.387,10.194,8.852,9.259,8.366,8.444,9.813,8.652,9.53,9.433,10.099,10.758,10.173,8.61,9.939,10.38,10.093,8.521,9.176,8.539
63.03,27,10.819,10.6,9.416,10.205,8.912,9.269,8.334,8.395,9.868,8.646,9.486,9.426,10.073,10.751,10.176,8.623,9.947,10.355,10.161,8.452,9.206,8.58
64.03,27,10.782,10.668,9.395,10.262,8.934,9.313,8.366,8.357,9.846,8.703,9.447,9.403,10.09,10.738,10.177,8.593,9.856,10.383,10.095,8.487,9.181,8.525
65.03,27,10.827,10.64,9.366,10.229,8.857,9.227,8.338,8.326,9.819,8.709,9.463,9.48,10.118,10.705,10.226,8.659,9.893,10.425,10.125,8.499,9.21,8.578
66.03,27,10.786,10.603,9.322,10.163,8.979,9.263,8.293,8.406,9.819,8.725,9.421,9.464,10.048,10.743,10.073,8.625,9.946,10.421,10.066,8.43,9.181,8.527
67.03,27,10.806,10.578,9.353,10.217,8.881,9.267,8.294,8.405,9.802,8.678,9.491,9.428,10.13,10.678,10.102,8.67,10.002,10.433,10.055,8.484,9.175,8.551
68.03,27,10.792,10.676,9.36,10.162,8.905,9.317,8.296,8.388,9.822,8.692,9.515,9.454,10.056,10.79,10.102,8.608,10.027,10.399,10.079,8.415,9.24,8.602
69.03,27,10.844,10.71,9.317,10.238,8.915,9.225,8.351,8.394,9.814,8.672,9.448,9.41,10.088,10.732,10.106,8.63,9.933,10.432,10.078,8.436,9.168,8.583
70.03,27,10.784,10.629,9.357,10.156,8.895,9.284,8.324,8.402,9.838,8.654,9.44,9.426,10.092,10.776,10.205,8.611,9.928,10.357,10.071,8.414,9.286,8.553
71.03,27,10.839,10.603,9.406,10.203,8.924,9.245,8.411,8.428,9.788,8.614,9.492,9.394,10.047,10.735,10.125,8.6,9.899,10.387,10.081,8.413,9.13,8.575
72.03,27,10.841,10.565,9.374,10.172,8.928,9.367,8.369,8.425,9.839,8.753,9.43,9.409,10.036,10.756,10.118,8.567,9.849,10.479,10.101,8.468,9.127,8.602
73.03,27,10.838,10.6,9.373,10.187,8.978,9.271,8.392,8.411,9.863,8.624,9.461,9.418,10.093,10.768,10.156,8.619,9.886,10.401,10.125,8.429,9.141,8.59
74.03,27,10.836,10.632,9.362,10.18,8.842,9.308,8.373,8.437,9.789,8.659,9.5,9.383,10.022,10.77,10.15,8.623,9.925,10.422,10.029,8.346,9.232,8.562
75.03,27,10.856,10.583,9.338,10.248,8.908,9.219,8.379,8.419,9.78,8.667,9.451,9.44,10.011,10.725,10.225,8.617,9.904,10.368,10.117,8.384,9.143,8.552
76.03,27,10.807,10.591,9.389,10.235,8.866,9.261,8.42,8.367,9.822,8.659,9.473,9.448,10.073,10.683,10.124,8.658,9.899,10.363,10.087,8.39,9.13,8.549
77.03,27,10.818,10.592,9.343,10.189,8.866,9.326,8.387,8.484,9.781,8.662,9.474,9.48,10.156,10.759,10.137,8.608,9.881,10.45,10.084,8.42,9.075,8.593
78.03,27,10.863,10.661,9.42,10.213,8.842,9.347,8.353,8.377,9.803,8.734,9.453,9.47,10.086,10.676,10.156,8.624,9.996,10.381,10.018,8.389,9.17,8.609
79.03,27,10.832,10.602,9.397,10.222,8.892,9.323,8.407,8.463,9.853,8.61,9.437,9.455,10.137,10.765,10.144,8.637,9.944,10.328,10.029,8.384,9.21,8.623
80.03,27,10.826,10.584,9.298,10.189,8.877,9.292,8.396,8.414,9.703,8.675,9.483,9.437,10.025,10.752,10.136,8.711,9.883,10.356,10.1,8.434,9.121,8.571
81.03,27,10.822,10.609,9.374,10.247,8.907,9.308,8.392,8.429,9.784,8.699,9.498,9.423,10.176,10.695,10.192,8.684,9.874,10.352,10.11,8.456,9.134,8.647
82.03,27,10.869,10.585,9.367,10.196,8.825,9.275,8.4,8.384,9.8,8.677,9.435,9.478,10.112,10.629,10.163,8.666,9.941,10.355,10.038,8.424,9.168,8.581
83.03,27,10.805,10.622,9.382,10.133,8.928,9.262,8.296,8.47,9.724,8.657,9.571,9.457,10.113,10.622,10.113,8.654,9.9,10.332,10.081,8.447,9.153,8.643
84.03,27,10.839,10.556,9.403,10.217,8.848,9.245,8.403,8.496,9.743,8.689,9.501,9.434,10.062,10.669,10.112,8.677,9.846,10.376,10.026,8.457,9.2,8.649
85.03,27,10.834,10.587,9.325,10.199,8.89,9.262,8.391,8.426,9.755,8.684,9.498,9.433,10.068,10.694,10.178,8.625,9.888,10.326,10.02,8.431,9.138,8.522
86.03,27,10.827,10.568,9.364,10.222,8.825,9.3,8.358,8.352,9.789,8.666,9.422,9.455,10.101,10.672,10.12,8.665,9.906,10.327,10.136,8.408,9.151,8.583
87.03,27,10.794,10.626,9.333,10.205,8.917,9.299,8.377,8.404,9.812,8.706,9.447,9.44,10.09,10.585,10.176,8.614,9.871,10.342,10.049,8.449,9.086,8.569
88.03,27,10.821,10.585,9.409,10.232,8.873,9.284,8.373,8.435,9.801,8.654,9.47,9.466,10.147,10.663,10.13,8.635,9.955,10.363,10.034,8.463,9.077,8.574
89.03,27,10.768,10.614,9.448,10.234,8.945,9.301,8.386,8.469,9.772,8.652,9.511,9.497,10.115,10.705,10.136,8.645,9.914,10.35,10.015,8.429,9.107,8.61
90.03,27,10.8,10.58,9.376,10.254,8.839,9.236,8.378,8.394,9.771,8.658,9.48,9.484,10.061,10.68,10.104,8.642,9.899,10.389,10.014,8.397,9.065,8.596
91.03,27,10.836,10.573,9.42,10.254,8.797,9.313,8.37,8.418,9.777,8.734,9.463,9.495,10.053,10.672,10.092,8.642,9.865,10.334,10.082,8.469,9.121,8.619
92.03,27,10.8,10.692,9.365,10.315,8.881,9.317,8.374,8.421,9.793,8.707,9.511,9.479,10.025,10.697,10.136,8.722,9.877,10.363,9.999,8.41,9.057,8.585
93.03,27,10.828,10.603,9.382,10.302,8.946,9.197,8.393,8.397,9.879,8.739,9.539,9.491,10.054,10.709,10.1,8.641,9.915,10.363,10.058,8.433,9.095,8.592
94.03,27,10.8,10.626,9.362,10.231,8.947,9.329,8.319,8.418,9.766,8.694,9.42,9.515,10.026,10.725,10.143,8.67,9.881,10.359,10.062,8.348,9.088,8.656
95.03,27,10.751,10.579,9.341,10.215,8.832,9.323,8.327,8.399,9.848,8.681,9.524,9.489,10.041,10.727,10.099,8.568,9.867,10.367,10.063,8.429,9.09,8.615
96.03,27,10.761,10.65,9.378,10.199,8.884,9.226,8.365,8.463,9.752,8.75,9.489,9.394,9.968,10.663,10.099,8.661,9.856,10.357,10.083,8.486,9.068,8.564
97.03,27,10.798,10.577,9.383,10.274,8.962,9.244,8.35,8.441,9.745,8.651,9.457,9.397,9.966,10.77,10.066,8.652,9.854,10.394,10.075,8.394,9.101,8.618
98.03,27,10.732,10.563,9.357,10.273,8.873,9.34,8.454,8.457,9.844,8.657,9.479,9.423,10.021,10.707,10.074,8.611,9.875,10.296,10.041,8.483,9.087,8.552
99.03,27,10.827,10.572,9.263,10.191,8.906,9.349,8.406,8.451,9.725,8.699,9.458,9.469,10.001,10.742,10.102,8.592,9.891,10.381,10.099,8.503,9.111,8.587
100.03,27,10.81,10.649,9.324,10.23,8.846,9.381,8.403,8.371,9.801,8.664,9.477,9.478,10.009,10.747,10.092,8.535,9.834,10.43,10.02,8.421,9.085,8.626
101.03,27,10.751,10.652,9.39,10.192,8.996,9.331,8.421,8.389,9.806,8.672,9.456,9.463,10.014,10.712,10.07,8.646,9.844,10.338,10.011,8.402,9.066,8.665
102.03,27,10.733,10.654,9.331,10.18,8.954,9.371,8.388,8.422,9.818,8.698,9.455,9.496,10.07,10.84,10.113,8.613,9.843,10.33,10.026,8.355,9.132,8.656
103.03,27,10.833,10.625,9.37,10.2,8.858,9.302,8.393,8.389,9.782,8.724,9.47,9.423,10.022,10.809,10.144,8.613,9.906,10.328,10.013,8.382,9.141,8.564
104.03,27,10.832,10.65,9.359,10.187,8.889,9.36,8.523,8.372,9.81,8.73,9.468,9.463,9.99,10.811,10.068,8.614,9.845,10.361,9.979,8.346,9.12,8.678
105.03,27,10.76,10.695,9.336,10.167,8.946,9.307,8.394,8.423,9.753,8.647,9.511,9.396,9.962,10.739,10.02,8.608,9.784,10.351,10.051,8.412,9.145,8.623
106.03,27,10.817,10.681,9.339,10.174,8.928,9.333,8.438,8.346,9.798,8.751,9.479,9.476,9.974,10.767,10,8.65,9.908,10.412,10.067,8.4,9.14,8.645
107.03,27,10.743,10.638,9.273,10.098,8.861,9.338,8.526,8.411,9.801,8.706,9.453,9.452,9.997,10.789,10.013,8.626,9.852,10.367,10.089,8.352,9.088,8.639
108.03,27,10.732,10.614,9.336,10.191,8.859,9.27,8.398,8.388,9.819,8.718,9.452,9.444,10.064,10.787,10.08,8.598,9.9,10.368,10.027,8.355,9.101,8.614
109.03,27,10.762,10.643,9.332,10.208,8.9,9.298,8.461,8.376,9.785,8.765,9.471,9.419,10.057,10.762,10.021,8.569,9.904,10.395,10.022,8.358,9.073,8.609
110.03,27,10.788,10.642,9.358,10.145,8.919,9.271,8.44,8.386,9.79,8.678,9.514,9.425,10.093,10.734,9.989,8.641,9.877,10.397,10.056,8.388,9.125,8.596
111.03,27,10.815,10.755,9.351,10.181,8.91,9.309,8.444,8.398,9.773,8.717,9.45,9.469,9.959,10.844,10.004,8.612,9.848,10.44,10.071,8.4,9.148,8.613
112.03,27,10.753,10.767,9.301,10.225,8.92,9.396,8.38,8.388,9.807,8.766,9.457,9.422,10.044,10.765,10.058,8.603,9.886,10.361,10.091,8.331,9.076,8.622
113.03,27,10.845,10.785,9.375,10.237,8.941,9.339,8.42,8.401,9.78,8.734,9.493,9.348,9.997,10.779,10.025,8.633,9.937,10.304,10.025,8.349,9.161,8.59
114.03,27,10.762,10.735,9.311,10.234,8.897,9.335,8.449,8.346,9.83,8.691,9.388,9.413,10.062,10.792,10.03,8.597,9.899,10.371,10.022,8.314,9.101,8.546
115.03,27,10.816,10.736,9.375,10.17,8.939,9.311,8.462,8.35,9.851,8.695,9.453,9.458,10.029,10.755,10.061,8.594,9.911,10.36,10.084,8.326,9.107,8.577
116.03,27,10.827,10.763,9.367,10.209,8.909,9.308,8.448,8.388,9.786,8.705,9.459,9.472,10.017,10.747,10.082,8.513,9.825,10.352,10.105,8.288,9.052,8.566
117.03,27,10.832,10.724,9.35,10.303,9.001,9.354,8.398,8.339,9.883,8.726,9.411,9.43,10.005,10.785,10.109,8.565,9.849,10.347,10.049,8.276,9.094,8.623
118.03,27,10.82,10.703,9.264,10.154,8.95,9.414,8.419,8.326,9.87,8.654,9.456,9.432,10.048,10.796,10.082,8.634,9.9,10.366,10.004,8.301,9.138,8.608
119.03,27,10.77,10.695,9.285,10.301,8.891,9.375,8.464,8.301,9.833,8.694,9.487,9.358,9.979,10.756,10.039,8.548,9.889,10.314,10.093,8.315,9.119,8.62
120.03,27,10.797,10.686,9.356,10.153,8.92,9.403,8.453,8.379,9.88,8.695,9.482,9.456,10.019,10.733,10.087,8.642,9.861,10.27,10.018,8.288,9.133,8.614
121.03,27,10.822,10.758,9.295,10.193,8.919,9.37,8.448,8.348,9.792,8.747,9.491,9.465,9.957,10.708,10.044,8.598,9.851,10.324,10.134,8.33,9.118,8.633
122.03,27,10.841,10.702,9.3,10.21,8.884,9.375,8.473,8.327,9.782,8.696,9.441,9.36,9.966,10.827,10.201,8.642,9.817,10.314,10.069,8.28,9.077,8.618
123.03,27,10.814,10.671,9.259,10.199,8.9,9.355,8.41,8.406,9.846,8.716,9.482,9.349,10.044,10.756,10.195,8.634,9.854,10.347,10.137,8.382,9.1,8.636
124.03,27,10.787,10.65,9.373,10.217,8.902,9.355,8.447,8.231,9.825,8.745,9.478,9.389,10.101,10.714,10.087,8.653,9.866,10.329,10.068,8.267,9.076,8.632
125.03,27,10.763,10.759,9.309,10.232,8.949,9.332,8.487,8.221,9.848,8.74,9.546,9.462,10.055,10.756,10.136,8.667,9.859,10.261,10.133,8.319,9.101,8.64
126.03,27,10.795,10.687,9.314,10.213,8.933,9.42,8.455,8.298,9.867,8.713,9.483,9.444,10.129,10.731,10.163,8.574,9.842,10.296,10.117,8.301,9.135,8.622
127.03,27,10.784,10.65,9.313,10.226,8.9,9.338,8.426,8.285,9.848,8.767,9.465,9.449,10.074,10.743,10.072,8.618,9.844,10.306,10.057,8.288,9.093,8.669
128.03,27,10.857,10.746,9.294,10.201,8.907,9.393,8.479,8.232,9.805,8.7,9.465,9.417,10.05,10.723,10.112,8.61,9.895,10.39,10.053,8.304,9.029,8.581
129.03,27,10.802,10.716,9.241,10.262,8.913,9.367,8.479,8.282,9.829,8.787,9.505,9.423,10.111,10.647,10.152,8.642,9.846,10.261,10.09,8.342,9.074,8.638
130.03,27,10.798,10.729,9.287,10.187,8.916,9.428,8.372,8.266,9.807,8.651,9.448,9.494,10.054,10.78,10.15,8.668,9.944,10.403,10.068,8.321,9.044,8.627
131.03,27,10.821,10.709,9.317,10.231,8.925,9.297,8.503,8.289,9.803,8.737,9.464,9.456,10.03,10.752,10.093,8.604,9.85,10.288,10.074,8.331,9.084,8.566
132.03,27,10.766,10.69,9.312,10.211,8.895,9.304,8.41,8.319,9.822,8.71,9.455,9.373,9.984,10.763,10.173,8.594,9.844,10.34,10.043,8.325,9.097,8.564
133.03,27,10.778,10.69,9.279,10.19,8.892,9.344,8.488,8.309,9.782,8.65,9.462,9.492,10.034,10.717,10.121,8.63,9.897,10.372,10.062,8.241,9.079,8.631
134.03,27,10.849,10.645,9.318,10.303,8.859,9.417,8.49,8.27,9.824,8.639,9.48,9.471,10.001,10.761,10.21,8.517,9.829,10.404,10.07,8.323,9.098,8.614
135.03,27,10.81,10.658,9.349,10.286,8.827,9.353,8.418,8.29,9.855,8.653,9.577,9.452,10.033,10.755,10.144,8.645,9.814,10.258,10.134,8.292,9.109,8.631
136.03,27,10.819,10.625,9.227,10.252,8.834,9.411,8.417,8.314,9.866,8.626,9.487,9.44,10.04,10.825,10.155,8.528,9.871,10.358,10.192,8.261,9.107,8.644
137.03,27,10.825,10.67,9.199,10.261,8.833,9.379,8.416,8.351,9.883,8.753,9.469,9.403,10.008,10.705,10.148,8.614,9.869,10.4,10.157,8.254,9.166,8.57
138.03,27,10.809,10.661,9.264,10.274,8.856,9.317,8.415,8.313,9.904,8.652,9.467,9.464,10.042,10.768,10.117,8.573,9.77,10.411,10.096,8.317,9.082,8.596
139.03,27,10.816,10.633,9.234,10.251,8.794,9.338,8.453,8.292,9.858,8.694,9.426,9.489,9.921,10.781,10.053,8.607,9.792,10.322,10.173,8.271,9.025,8.675
140.03,27,10.843,10.628,9.2,10.252,8.859,9.324,8.42,8.28,9.886,8.697,9.442,9.447,10.003,10.736,10.096,8.631,9.85,10.383,10.079,8.388,9.05,8.57
141.03,27,10.883,10.579,9.22,10.198,8.906,9.339,8.493,8.349,9.845,8.652,9.387,9.542,10.017,10.731,10.131,8.638,9.833,10.289,10.188,8.387,9.102,8.582
142.03,27,10.818,10.597,9.221,10.322,8.862,9.388,8.458,8.253,9.874,8.782,9.385,9.449,9.939,10.77,10.105,8.641,9.771,10.282,10.144,8.252,9.149,8.612
143.03,27,10.738,10.589,9.283,10.192,8.888,9.268,8.455,8.303,9.863,8.7,9.393,9.448,9.999,10.74,10.144,8.603,9.839,10.303,10.077,8.287,9.153,8.633
144.03,27,10.781,10.602,9.223,10.195,8.941,9.311,8.411,8.304,9.88,8.736,9.393,9.46,10.003,10.726,10.097,8.678,9.813,10.327,10.103,8.258,9.09,8.645
145.03,27,10.855,10.549,9.283,10.292,8.935,9.335,8.437,8.337,9.748,8.746,9.404,9.49,9.982,10.712,10.061,8.667,9.845,10.39,10.149,8.333,9.098,8.599
146.03,27,10.827,10.595,9.246,10.284,8.928,9.332,8.522,8.363,9.873,8.722,9.435,9.492,10.035,10.706,10.046,8.628,9.897,10.382,10.169,8.32,9.026,8.64
147.03,27,10.852,10.599,9.284,10.25,8.888,9.327,8.423,8.331,9.925,8.708,9.437,9.508,9.875,10.703,10.068,8.684,9.821,10.355,10.17,8.287,9.087,8.653
148.03,27,10.81,10.581,9.21,10.247,8.968,9.395,8.451,8.365,9.878,8.685,9.462,9.456,10.031,10.683,10.007,8.634,9.811,10.34,10.168,8.312,9.098,8.65
149.03,27,10.88,10.586,9.251,10.257,8.889,9.383,8.475,8.356,9.886,8.732,9.426,9.463,9.912,10.793,10.029,8.585,9.81,10.372,10.156,8.251,9.13,8.686
150.03,27,10.826,10.607,9.277,10.287,8.839,9.279,8.518,8.376,9.899,8.666,9.361,9.485,9.976,10.723,10.087,8.674,9.864,10.284,10.138,8.381,9.14,8.583
151.03,27,10.797,10.52,9.22,10.365,8.914,9.345,8.448,8.35,9.893,8.668,9.39,9.483,9.946,10.775,10.043,8.628,9.877,10.355,10.152,8.376,9.082,8.63
152.03,27,10.857,10.562,9.248,10.355,8.836,9.355,8.459,8.426,9.856,8.675,9.396,9.487,9.978,10.776,10.124,8.699,9.887,10.338,10.146,8.382,9.077,8.683
153.03,27,10.767,10.636,9.287,10.317,8.87,9.368,8.408,8.343,9.853,8.732,9.418,9.454,9.939,10.729,10.06,8.637,9.833,10.367,10.14,8.325,9.04,8.607
154.03,27,10.771,10.535,9.269,10.294,8.872,9.366,8.377,8.378,9.839,8.731,9.36,9.425,10.061,10.808,10.073,8.592,9.809,10.302,10.145,8.26,9.088,8.599
155.03,27,10.85,10.556,9.241,10.349,8.834,9.438,8.404,8.316,9.921,8.659,9.348,9.562,9.998,10.806,10.08,8.63,9.847,10.36,10.098,8.322,9.107,8.606
156.03,27,10.748,10.58,9.257,10.314,8.85,9.418,8.391,8.305,9.832,8.674,9.36,9.437,10.026,10.792,10.082,8.635,9.785,10.31,10.127,8.32,9.126,8.574
157.03,27,10.837,10.595,9.314,10.232,8.832,9.42,8.403,8.32,9.886,8.736,9.398,9.421,9.95,10.837,10.084,8.683,9.804,10.318,10.138,8.321,9.072,8.585
158.03,27,10.758,10.613,9.226,10.288,8.87,9.344,8.424,8.313,9.864,8.716,9.505,9.45,9.92,10.755,10.097,8.624,9.834,10.309,10.235,8.309,9.06,8.591
159.03,27,10.737,10.661,9.283,10.332,8.874,9.361,8.422,8.347,9.844,8.737,9.439,9.435,10.048,10.829,10.085,8.661,9.753,10.365,10.074,8.36,9.057,8.585
160.03,27,10.774,10.663,9.254,10.295,8.866,9.378,8.424,8.326,9.846,8.777,9.451,9.517,10.038,10.838,10.05,8.73,9.838,10.336,10.054,8.328,9.046,8.622
161.03,27,10.723,10.626,9.26,10.279,8.878,9.337,8.38,8.386,9.85,8.714,9.435,9.446,9.987,10.702,10.064,8.636,9.854,10.286,10.144,8.363,9.073,8.628
162.03,27,10.759,10.606,9.236,10.282,8.927,9.357,8.409,8.363,9.809,8.716,9.497,9.504,9.947,10.743,10.035,8.708,9.921,10.356,10.099,8.321,9.118,8.635
163.03,27,10.795,10.647,9.305,10.264,8.932,9.397,8.368,8.316,9.911,8.678,9.488,9.502,9.995,10.809,10.128,8.733,9.875,10.347,10.056,8.323,9.046,8.565
164.03,27,10.763,10.635,9.26,10.193,8.803,9.365,8.455,8.316,9.89,8.676,9.413,9.474,9.907,10.785,10.079,8.684,9.82,10.388,10.133,8.36,9.086,8.638
165.03,27,10.804,10.605,9.288,10.32,8.882,9.389,8.454,8.336,9.818,8.744,9.436,9.502,9.939,10.78,10.068,8.783,9.799,10.351,10.151,8.312,9.083,8.627
166.03,27,10.822,10.592,9.279,10.244,8.84,9.329,8.453,8.414,9.828,8.681,9.429,9.471,9.939,10.772,10.098,8.791,9.789,10.307,10.099,8.355,9.059,8.528
167.03,27,10.728,10.668,9.225,10.271,8.854,9.324,8.368,8.438,9.795,8.662,9.478,9.495,9.99,10.778,10.12,8.812,9.776,10.288,10.1,8.287,9.054,8.586
168.03,27,10.807,10.627,9.255,10.27,8.869,9.39,8.488,8.319,9.876,8.747,9.404,9.54,9.924,10.744,10.085,8.687,9.857,10.357,10.059,8.286,9.097,8.648
169.03,27,10.758,10.665,9.191,10.234,8.892,9.412,8.409,8.421,9.823,8.72,9.431,9.48,9.942,10.74,10.06,8.752,9.807,10.327,10.157,8.326,9.076,8.606
170.03,27,10.79,10.621,9.151,10.273,8.928,9.401,8.459,8.321,9.886,8.694,9.415,9.492,9.953,10.684,10.088,8.76,9.851,10.291,10.064,8.326,9.093,8.603
171.03,27,10.852,10.629,9.213,10.241,8.944,9.298,8.401,8.336,9.881,8.682,9.388,9.537,9.89,10.718,10.061,8.754,9.819,10.253,10.081,8.334,9.102,8.616
172.03,27,10.756,10.629,9.161,10.274,8.905,9.326,8.425,8.307,9.864,8.763,9.404,9.526,9.879,10.748,10.133,8.792,9.867,10.351,10.083,8.365,9.161,8.55
173.03,27,10.742,10.631,9.217,10.256,8.898,9.383,8.465,8.442,9.846,8.718,9.389,9.552,9.926,10.726,10.163,8.734,9.882,10.309,10.054,8.292,9.098,8.612
174.03,27,10.808,10.628,9.171,10.302,8.931,9.31,8.438,8.387,9.963,8.791,9.382,9.451,9.918,10.702,10.17,8.653,9.888,10.236,10.054,8.355,9.144,8.598
175.03,27,10.802,10.598,9.12,10.32,8.869,9.343,8.497,8.328,9.91,8.649,9.406,9.462,9.958,10.778,10.119,8.712,9.866,10.216,10.054,8.332,9.116,8.562
176.03,27,10.739,10.57,9.19,10.288,8.981,9.365,8.497,8.309,9.886,8.745,9.397,9.447,9.971,10.698,10.108,8.72,9.823,10.276,10.09,8.359,9.098,8.525
177.03,27,10.801,10.583,9.188,10.323,8.905,9.301,8.443,8.274,9.854,8.756,9.381,9.519,9.958,10.671,10.124,8.689,9.927,10.353,10.138,8.344,9.073,8.532
178.03,27,10.811,10.545,9.146,10.271,8.921,9.327,8.407,8.338,9.929,8.751,9.342,9.419,9.9,10.661,10.176,8.683,9.889,10.269,10.129,8.306,9.109,8.544
179.03,27,10.849,10.64,9.112,10.296,8.977,9.379,8.452,8.277,9.922,8.755,9.406,9.456,9.916,10.664,10.146,8.681,9.856,10.314,10.058,8.331,9.152,8.478
180.03,27,10.794,10.581,9.123,10.264,8.943,9.361,8.434,8.34,9.911,8.689,9.394,9.473,9.966,10.668,10.147,8.619,9.888,10.303,10.044,8.306,9.17,8.418
181.03,27,10.864,10.576,9.166,10.282,8.943,9.401,8.458,8.331,9.889,8.723,9.37,9.528,9.92,10.71,10.112,8.648,9.805,10.266,10.032,8.307,9.202,8.5
182.03,27,10.801,10.588,9.141,10.249,8.968,9.338,8.468,8.347,9.94,8.693,9.356,9.502,9.948,10.658,10.118,8.62,9.88,10.276,9.992,8.312,9.143,8.515
183.03,27,10.805,10.547,9.18,10.247,8.894,9.328,8.435,8.331,9.822,8.699,9.364,9.481,9.87,10.603,10.135,8.649,9.884,10.285,10.004,8.371,9.142,8.501
184.03,27,10.758,10.66,9.126,10.259,8.957,9.346,8.37,8.342,9.901,8.7,9.378,9.491,9.87,10.649,10.144,8.629,9.806,10.318,10.035,8.374,9.118,8.481
185.03,27,10.811,10.556,9.123,10.269,9.001,9.372,8.491,8.257,9.863,8.746,9.407,9.474,9.982,10.683,10.171,8.721,9.845,10.248,10.013,8.366,9.071,8.53
186.03,27,10.792,10.551,9.17,10.257,9.002,9.408,8.421,8.266,9.782,8.75,9.401,9.434,9.876,10.651,10.24,8.677,9.915,10.243,10.05,8.321,9.105,8.529
187.03,27,10.799,10.601,9.114,10.247,8.956,9.324,8.471,8.302,9.91,8.7,9.391,9.439,9.935,10.639,10.086,8.664,9.948,10.343,10.096,8.341,9.126,8.471
188.03,27,10.851,10.577,9.116,10.261,8.993,9.282,8.418,8.32,9.916,8.713,9.398,9.467,9.876,10.662,10.148,8.651,9.879,10.258,10.023,8.249,9.147,8.533
189.03,27,10.844,10.565,9.081,10.207,8.988,9.366,8.379,8.322,9.856,8.624,9.345,9.45,9.914,10.653,10.184,8.613,9.86,10.361,10.028,8.349,9.085,8.565
190.03,27,10.858,10.515,9.054,10.309,9.034,9.345,8.402,8.288,9.914,8.715,9.334,9.448,9.909,10.57,10.135,8.616,9.893,10.243,10.051,8.378,9.117,8.565
191.03,27,10.872,10.594,9.08,10.255,8.947,9.357,8.379,8.345,9.829,8.756,9.343,9.457,9.914,10.678,10.085,8.675,9.799,10.278,10.037,8.351,9.174,8.501
192.03,27,10.889,10.477,9.067,10.242,8.931,9.235,8.405,8.331,9.894,8.709,9.41,9.505,9.916,10.672,10.122,8.667,9.842,10.308,9.984,8.281,9.094,8.504
193.03,27,10.845,10.493,9.102,10.265,8.994,9.285,8.412,8.358,9.812,8.763,9.39,9.451,9.933,10.721,10.113,8.615,9.853,10.367,9.994,8.365,9.153,8.522
194.03,27,10.859,10.567,9.092,10.252,8.962,9.401,8.409,8.313,9.91,8.77,9.376,9.439,9.924,10.706,10.157,8.622,9.83,10.269,9.906,8.362,9.11,8.534
195.03,27,10.911,10.564,9.052,10.235,8.992,9.295,8.387,8.332,9.875,8.718,9.449,9.435,9.942,10.675,10.2,8.69,9.948,10.311,9.986,8.316,9.08,8.525
196.03,27,10.849,10.535,9.083,10.243,8.991,9.314,8.418,8.335,9.926,8.752,9.516,9.435,9.928,10.616,10.126,8.598,9.927,10.355,10,8.351,9.12,8.546
197.03,27,10.816,10.508,9.024,10.23,9.01,9.356,8.384,8.386,9.911,8.833,9.436,9.498,9.919,10.69,10.162,8.62,9.803,10.303,10,8.296,9.068,8.575
198.03,27,10.915,10.475,9.147,10.235,9.015,9.33,8.358,8.34,9.909,8.802,9.403,9.447,9.954,10.7,10.181,8.613,9.88,10.309,10.039,8.329,9.046,8.529
199.03,27,10.859,10.462,9.126,10.249,8.981,9.338,8.393,8.344,9.907,8.759,9.442,9.483,9.945,10.614,10.149,8.665,9.858,10.223,9.978,8.311,9.092,8.468
200.03,27,10.887,10.522,9.056,10.238,9.011,9.324,8.377,8.33,9.918,8.746,9.521,9.446,9.951,10.684,10.075,8.596,9.912,10.247,9.961,8.296,9.153,8.441
201.03,27,10.856,10.534,9.037,10.211,8.977,9.325,8.396,8.438,9.963,8.87,9.502,9.479,9.82,10.636,10.142,8.633,9.892,10.299,10.038,8.323,9.091,8.447
202.03,27,10.844,10.524,9.156,10.241,9.031,9.384,8.397,8.352,9.978,8.771,9.53,9.446,9.901,10.652,10.153,8.613,9.812,10.179,10.039,8.291,9.093,8.426
203.03,27,10.815,10.485,9.101,10.26,8.96,9.332,8.41,8.352,9.992,8.83,9.452,9.443,9.933,10.681,10.105,8.613,9.792,10.228,9.966,8.338,9.041,8.489
204.03,27,10.841,10.562,9.01,10.212,8.945,9.335,8.363,8.354,9.882,8.823,9.487,9.398,9.951,10.638,10.164,8.583,9.878,10.292,9.975,8.309,9.1,8.496
205.03,27,10.85,10.577,9.045,10.2,8.952,9.346,8.401,8.345,9.927,8.828,9.426,9.456,9.966,10.639,10.164,8.607,9.803,10.26,9.938,8.336,9.105,8.46
206.03,27,10.874,10.543,9.046,10.224,8.999,9.356,8.394,8.34,9.988,8.821,9.372,9.48,9.942,10.592,10.167,8.657,9.756,10.272,10.023,8.315,9.062,8.496
207.03,27,10.843,10.571,9.057,10.222,8.987,9.361,8.376,8.389,9.895,8.814,9.398,9.441,9.995,10.673,10.19,8.597,9.869,10.32,10.042,8.241,9.073,8.481
208.03,27,10.829,10.562,9.09,10.211,8.915,9.321,8.398,8.382,9.933,8.748,9.416,9.448,9.922,10.645,10.169,8.603,9.862,10.284,9.983,8.315,9.126,8.454
209.03,27,10.814,10.481,9.052,10.19,8.911,9.314,8.465,8.373,9.907,8.71,9.484,9.462,9.956,10.619,10.184,8.606,9.808,10.267,9.944,8.28,9.025,8.463
210.03,27,10.882,10.474,9.052,10.17,8.938,9.286,8.381,8.365,9.951,8.82,9.474,9.438,9.95,10.534,10.179,8.64,9.784,10.247,10.034,8.265,9.077,8.466
211.03,27,10.881,10.438,9.094,10.22,8.952,9.325,8.301,8.389,9.909,8.824,9.399,9.45,9.935,10.609,10.187,8.573,9.84,10.238,9.996,8.301,9.083,8.447
212.03,27,10.858,10.53,9.027,10.23,9.02,9.359,8.363,8.342,9.977,8.764,9.462,9.545,9.942,10.534,10.138,8.603,9.775,10.306,10.005,8.282,9.022,8.502
213.03,27,10.87,10.592,9.078,10.15,8.935,9.319,8.364,8.376,9.938,8.786,9.421,9.462,9.955,10.625,10.21,8.57,9.849,10.23,9.961,8.37,9.036,8.429
214.03,27,10.852,10.558,9.074,10.226,8.982,9.39,8.302,8.417,9.887,8.698,9.332,9.516,9.933,10.635,10.162,8.638,9.841,10.237,10.003,8.335,9.012,8.426
215.03,27,10.84,10.451,9.11,10.171,8.942,9.313,8.352,8.302,9.941,8.714,9.391,9.482,9.872,10.628,10.134,8.669,9.853,10.241,10.024,8.351,9.078,8.444
216.03,27,10.803,10.496,9.125,10.174,9.008,9.397,8.254,8.411,9.93,8.753,9.437,9.451,9.988,10.64,10.124,8.604,9.839,10.276,10.082,8.299,9.056,8.376
217.03,27,10.835,10.567,9.081,10.17,8.944,9.358,8.362,8.39,9.92,8.722,9.426,9.509,9.947,10.675,10.189,8.567,9.824,10.273,10.019,8.315,9.081,8.446
218.03,27,10.801,10.566,9.068,10.206,8.941,9.313,8.3,8.356,9.956,8.7,9.415,9.543,9.952,10.647,10.092,8.67,9.833,10.241,9.998,8.314,9.151,8.498
219.03,27,10.871,10.56,9.109,10.136,8.976,9.345,8.388,8.341,9.97,8.773,9.398,9.535,9.964,10.591,10.165,8.721,9.85,10.251,9.968,8.275,9.048,8.526
220.03,27,10.852,10.573,9.06,10.177,8.953,9.294,8.259,8.347,9.947,8.77,9.37,9.473,9.968,10.618,10.136,8.631,9.802,10.28,10.046,8.254,9.096,8.518
221.03,27,10.847,10.535,9.074,10.228,8.925,9.345,8.304,8.408,9.939,8.83,9.428,9.517,9.984,10.616,10.199,8.606,9.906,10.247,9.977,8.238,9.079,8.468
222.03,27,10.876,10.527,9.157,10.171,8.902,9.31,8.26,8.377,9.958,8.781,9.386,9.493,9.964,10.631,10.157,8.65,9.959,10.237,10,8.311,9.068,8.496
223.03,27,10.786,10.451,9.05,10.217,9.003,9.328,8.29,8.394,9.894,8.859,9.361,9.5,9.905,10.708,10.201,8.569,9.857,10.225,10.033,8.291,9.073,8.474
224.03,27,10.813,10.528,9.1,10.123,8.949,9.293,8.263,8.366,10.026,8.777,9.39,9.481,9.987,10.694,10.119,8.556,9.886,10.231,10.032,8.273,9.091,8.534
225.03,27,10.811,10.558,9.111,10.164,8.886,9.248,8.268,8.311,9.855,8.801,9.36,9.448,9.95,10.685,10.16,8.602,9.897,10.232,9.995,8.311,9.128,8.442
226.03,27,10.84,10.461,9.014,10.129,9.014,9.343,8.314,8.39,9.884,8.747,9.349,9.426,9.99,10.622,10.173,8.585,9.917,10.246,10.021,8.292,9.056,8.452
227.03,27,10.773,10.554,9.069,10.118,8.957,9.322,8.307,8.353,9.949,8.765,9.286,9.568,9.982,10.651,10.128,8.63,9.901,10.203,10.031,8.358,9.039,8.457
228.03,27,10.827,10.474,9.11,10.175,8.929,9.4,8.339,8.284,9.912,8.804,9.328,9.5,9.929,10.615,10.14,8.62,9.97,10.207,10.021,8.334,9.087,8.48
229.03,27,10.853,10.472,9.073,10.138,8.966,9.315,8.279,8.323,9.934,8.786,9.35,9.502,9.944,10.701,10.191,8.644,9.935,10.286,10.021,8.301,9.048,8.428
230.03,27,10.778,10.542,9.081,10.128,8.942,9.286,8.241,8.325,9.911,8.852,9.33,9.433,9.944,10.617,10.163,8.614,9.963,10.242,10.128,8.346,9.153,8.414
231.03,27,10.812,10.552,9.041,10.116,8.976,9.314,8.291,8.354,9.898,8.724,9.28,9.446,9.976,10.63,10.09,8.634,9.906,10.175,10.059,8.261,9.063,8.397
232.03,27,10.766,10.493,9.024,10.122,8.963,9.297,8.249,8.38,9.941,8.762,9.284,9.479,9.974,10.618,10.152,8.648,9.836,10.277,10.134,8.281,9.049,8.409
233.03,27,10.822,10.545,9.069,10.05,8.943,9.316,8.28,8.368,9.894,8.741,9.217,9.415,9.938,10.658,10.177,8.672,9.909,10.176,10.045,8.263,9.075,8.39
234.03,27,10.807,10.542,9.052,10.172,9.013,9.299,8.217,8.331,9.879,8.751,9.264,9.447,9.953,10.719,10.159,8.588,9.936,10.178,10.16,8.344,9.07,8.408
235.03,27,10.837,10.589,9.147,10.072,8.95,9.276,8.184,8.337,9.906,8.746,9.381,9.447,9.977,10.584,10.092,8.578,9.926,10.171,10.058,8.283,9.095,8.389
236.03,27,10.758,10.577,9.147,10.159,8.977,9.231,8.18,8.294,9.95,8.734,9.213,9.432,9.887,10.613,10.153,8.602,9.86,10.179,10.086,8.368,9.077,8.416
237.03,27,10.773,10.582,9.014,10.11,9,9.299,8.239,8.298,9.932,8.704,9.254,9.466,9.996,10.603,10.168,8.65,9.861,10.175,10.155,8.38,9.042,8.411
238.03,27,10.762,10.544,9.142,10.126,8.909,9.233,8.181,8.354,9.954,8.733,9.3,9.467,9.95,10.649,10.117,8.608,9.864,10.177,10.103,8.291,9.019,8.47
239.03,27,10.772,10.588,9.115,10.117,8.918,9.257,8.121,8.363,9.885,8.758,9.263,9.433,9.843,10.641,10.111,8.626,9.862,10.182,10.118,8.286,9.081,8.537
240.03,27,10.748,10.537,9.107,10.111,8.936,9.31,8.101,8.333,9.97,8.823,9.296,9.472,9.847,10.639,10.111,8.646,9.902,10.145,10.102,8.349,9.029,8.47
241.03,27,10.857,10.594,9.118,10.139,8.918,9.232,8.076,8.379,9.92,8.731,9.212,9.474,9.918,10.627,10.145,8.579,9.873,10.151,10.057,8.228,9.003,8.435
242.03,27,10.742,10.529,9.083,10.167,8.888,9.269,7.942,8.282,9.885,8.798,9.354,9.431,9.881,10.667,10.135,8.456,9.847,10.253,10.146,8.345,9.007,8.45
243.03,27,10.729,10.551,9.094,10.187,8.872,9.316,7.951,8.421,9.846,8.713,9.368,9.496,9.962,10.604,10.173,8.514,9.834,10.123,10.131,8.382,9.052,8.473
244.03,27,10.757,10.571,9.083,10.062,8.926,9.327,7.951,8.382,9.881,8.727,9.287,9.483,9.862,10.641,10.126,8.447,9.941,10.181,10.154,8.323,9.066,8.47
245.03,27,10.813,10.495,9.149,10.133,8.935,9.259,7.912,8.381,9.88,8.746,9.362,9.42,9.921,10.687,10.074,8.363,9.923,10.21,10.12,8.349,9.075,8.452
246.03,27,10.797,10.522,9.175,10.107,8.932,9.247,7.907,8.436,9.864,8.723,9.414,9.486,9.936,10.653,10.118,8.371,9.87,10.179,10.085,8.379,9.015,8.455
247.03,27,10.735,10.519,9.237,10.133,8.928,9.275,7.796,8.428,9.814,8.772,9.331,9.496,9.889,10.654,10.103,8.335,9.871,10.209,10.068,8.412,8.954,8.429
248.03,27,10.798,10.529,9.143,10.139,8.859,9.331,7.83,8.439,9.84,8.76,9.312,9.507,9.89,10.683,10.135,8.364,9.912,10.22,10.108,8.363,9.072,8.426
249.03,27,10.838,10.565,9.205,10.192,8.955,9.215,7.717,8.416,9.844,8.737,9.271,9.472,9.844,10.621,10.194,8.273,9.811,10.152,10.079,8.297,9.001,8.466
250.03,27,10.758,10.498,9.139,10.104,8.931,9.201,7.63,8.354,9.832,8.782,9.298,9.421,9.891,10.635,10.12,8.238,9.898,10.147,10.122,8.409,9.03,8.53
251.03,27,10.811,10.503,9.178,10.192,8.982,9.241,7.689,8.377,9.813,8.775,9.309,9.486,9.915,10.726,10.114,8.153,9.871,10.145,10.038,8.33,9.088,8.454
252.03,27,10.798,10.511,9.179,10.122,8.89,9.201,7.62,8.406,9.808,8.77,9.322,9.446,9.896,10.714,10.097,8.19,9.832,10.194,10.126,8.366,9.052,8.462
253.03,27,10.746,10.522,9.153,10.175,8.912,9.248,7.584,8.392,9.858,8.768,9.274,9.47,9.954,10.714,10.118,8.138,9.819,10.195,10.049,8.419,9.034,8.493
254.03,27,10.764,10.483,9.172,10.158,8.95,9.286,7.523,8.402,9.853,8.759,9.321,9.544,10.01,10.741,10.136,7.994,9.881,10.232,10.055,8.375,9.069,8.519
255.03,27,10.784,10.531,9.134,10.091,8.926,9.245,7.55,8.351,9.878,8.763,9.321,9.524,9.942,10.669,10.127,8.087,9.856,10.167,10.067,8.402,9.1,8.438
256.03,27,10.816,10.554,9.163,10.123,9.04,9.269,7.537,8.367,9.911,8.788,9.392,9.476,9.958,10.703,10.168,8.01,9.865,10.173,10.09,8.347,8.987,8.396
257.03,27,10.743,10.484,9.137,10.166,8.939,9.218,7.545,8.357,9.851,8.784,9.333,9.413,9.903,10.716,10.171,7.976,9.88,10.202,10.074,8.355,9.133,8.403
258.03,27,10.709,10.475,9.118,10.12,8.987,9.251,7.512,8.306,9.815,8.763,9.312,9.515,9.891,10.687,10.19,7.939,9.884,10.196,10.114,8.367,9.114,8.423
259.03,27,10.746,10.499,9.186,10.114,8.978,9.317,7.496,8.435,9.845,8.767,9.33,9.446,9.89,10.754,10.054,7.882,9.865,10.121,10.111,8.341,9.071,8.469
260.03,27,10.701,10.497,9.203,10.203,9.008,9.29,7.504,8.427,9.823,8.791,9.343,9.443,9.918,10.694,10.169,7.929,9.896,10.133,10.071,8.356,9.069,8.395
261.03,27,10.67,10.521,9.133,10.151,8.989,9.311,7.47,8.351,9.828,8.763,9.39,9.503,9.943,10.634,10.155,7.937,9.81,10.173,10.07,8.372,9.054,8.368
262.03,27,10.727,10.478,9.176,10.092,8.962,9.294,7.554,8.36,9.844,8.765,9.373,9.468,9.886,10.629,10.191,7.831,9.814,10.178,10.069,8.388,9.004,8.362
263.03,27,10.723,10.48,9.094,10.103,9.064,9.256,7.494,8.351,9.776,8.796,9.409,9.478,9.877,10.746,10.181,7.913,9.914,10.178,10.062,8.323,9.008,8.38
264.03,27,10.733,10.457,9.144,10.12,9.034,9.333,7.506,8.368,9.862,8.728,9.36,9.47,9.905,10.727,10.202,7.823,9.887,10.217,10.146,8.344,9.033,8.372
265.03,27,10.765,10.514,9.249,10.126,8.979,9.24,7.424,8.393,9.834,8.763,9.357,9.381,9.895,10.71,10.259,7.867,9.902,10.161,10.045,8.339,9.005,8.377
266.03,27,10.727,10.48,9.12,10.119,9.005,9.285,7.476,8.39,9.922,8.731,9.312,9.518,9.935,10.687,10.174,7.867,9.792,10.167,10.15,8.4,9.001,8.417
267.03,27,10.706,10.477,9.134,10.113,9.026,9.288,7.472,8.425,9.816,8.731,9.373,9.533,9.94,10.63,10.24,7.918,9.858,10.12,10.069,8.303,9.023,8.426
268.03,27,10.698,10.516,9.156,10.151,8.991,9.254,7.439,8.45,9.849,8.816,9.304,9.439,9.894,10.611,10.193,7.817,9.849,10.182,10.092,8.364,8.983,8.376
269.03,27,10.733,10.463,9.175,10.207,9.011,9.262,7.431,8.436,9.809,8.694,9.353,9.466,9.977,10.697,10.2,7.881,9.829,10.188,10.123,8.359,8.978,8.394
270.03,27,10.738,10.427,9.094,10.159,9.045,9.244,7.43,8.464,9.869,8.724,9.343,9.501,9.941,10.648,10.222,7.832,9.782,10.178,10.001,8.344,9.014,8.413
271.03,27,10.767,10.542,9.18,10.155,9.016,9.285,7.47,8.501,9.807,8.746,9.344,9.454,9.863,10.704,10.256,7.875,9.863,10.187,10.051,8.386,9.057,8.427
272.03,27,10.682,10.469,9.215,10.132,9.043,9.275,7.424,8.398,9.812,8.751,9.371,9.435,9.82,10.667,10.224,7.807,9.846,10.132,10.02,8.348,9.03,8.416
273.03,27,10.742,10.538,9.143,10.142,9.018,9.294,7.452,8.443,9.802,8.737,9.422,9.502,9.863,10.736,10.217,7.816,9.769,10.19,10.011,8.46,9.011,8.45
274.03,27,10.694,10.56,9.197,10.133,9.002,9.204,7.47,8.454,9.816,8.8,9.336,9.479,9.835,10.694,10.24,7.833,9.774,10.13,10.104,8.477,9.031,8.484
275.03,27,10.778,10.552,9.104,10.16,9.001,9.271,7.476,8.393,9.771,8.742,9.356,9.494,9.839,10.709,10.277,7.836,9.813,10.134,10.051,8.39,9.008,8.419
276.03,27,10.709,10.547,9.129,10.187,8.966,9.275,7.473,8.439,9.822,8.69,9.368,9.48,9.862,10.804,10.25,7.822,9.835,10.153,10.07,8.349,8.944,8.47
277.03,27,10.721,10.469,9.214,10.18,9.084,9.227,7.494,8.42,9.865,8.747,9.402,9.471,9.817,10.718,10.206,7.897,9.838,10.073,10.075,8.353,8.994,8.551
278.03,27,10.639,10.502,9.166,10.139,9.011,9.256,7.498,8.436,9.731,8.749,9.324,9.472,9.906,10.72,10.294,7.844,9.809,10.155,10.038,8.296,8.992,8.547
279.03,27,10.678,10.493,9.194,10.162,9.013,9.279,7.428,8.445,9.78,8.809,9.32,9.48,9.87,10.721,10.18,7.856,9.83,10.087,10.094,8.274,8.975,8.513
280.03,27,10.752,10.489,9.183,10.14,9.031,9.213,7.441,8.423,9.833,8.776,9.288,9.394,9.87,10.698,10.301,7.847,9.795,10.14,10.12,8.407,8.992,8.426
281.03,27,10.749,10.444,9.132,10.181,8.963,9.304,7.515,8.426,9.8,8.718,9.241,9.448,9.865,10.673,10.206,7.896,9.831,10.189,10.096,8.307,9.009,8.433
282.03,27,10.776,10.421,9.129,10.162,8.998,9.286,7.44,8.295,9.783,8.822,9.295,9.465,9.88,10.738,10.167,7.861,9.866,10.188,10.112,8.361,9.006,8.464
283.03,27,10.72,10.472,9.147,10.15,9.056,9.289,7.461,8.367,9.766,8.777,9.396,9.502,9.825,10.676,10.174,7.942,9.837,10.096,10.072,8.348,9.052,8.457
284.03,27,10.73,10.534,9.115,10.148,9.031,9.261,7.457,8.399,9.817,8.839,9.308,9.515,9.853,10.677,10.25,7.861,9.843,10.133,10.165,8.41,8.99,8.469
285.03,27,10.655,10.49,9.171,10.205,9.095,9.345,7.449,8.337,9.79,8.774,9.298,9.487,9.806,10.71,10.19,7.786,9.86,10.139,10.099,8.295,8.984,8.405
286.03,27,10.683,10.548,9.151,10.251,9.053,9.265,7.486,8.371,9.74,8.816,9.352,9.519,9.853,10.667,10.236,7.829,9.894,10.16,10.068,8.356,9.016,8.506
287.03,27,10.736,10.446,9.119,10.201,8.985,9.306,7.422,8.394,9.789,8.781,9.358,9.5,9.873,10.725,10.25,7.899,9.883,10.132,10.178,8.273,9.076,8.578
288.03,27,10.728,10.474,9.184,10.166,9.007,9.308,7.448,8.375,9.785,8.789,9.354,9.508,9.856,10.68,10.206,7.813,9.884,10.154,10.141,8.336,8.944,8.475
289.03,27,10.71,10.468,9.159,10.194,9.029,9.279,7.451,8.321,9.818,8.72,9.333,9.523,9.844,10.721,10.221,7.818,9.865,10.083,10.139,8.319,8.956,8.489
290.03,27,10.714,10.44,9.165,10.151,9.018,9.256,7.493,8.368,9.77,8.768,9.359,9.502,9.863,10.725,10.155,7.88,9.926,10.168,10.168,8.298,9.01,8.41
291.03,27,10.656,10.467,9.172,10.209,9.064,9.338,7.368,8.405,9.761,8.784,9.298,9.582,9.892,10.603,10.2,7.885,9.843,10.161,10.121,8.374,8.947,8.531
292.03,27,10.627,10.435,9.091,10.189,9.045,9.267,7.458,8.369,9.759,8.751,9.307,9.549,9.855,10.727,10.282,7.923,9.822,10.169,10.132,8.34,9,8.527
293.03,27,10.66,10.405,9.108,10.177,9.013,9.31,7.497,8.396,9.775,8.814,9.267,9.546,9.877,10.762,10.24,7.874,9.767,10.101,10.054,8.332,8.978,8.587
294.03,27,10.63,10.464,9.171,10.185,9.044,9.293,7.432,8.344,9.822,8.731,9.28,9.543,9.853,10.712,10.295,7.862,9.797,10.033,10.133,8.356,9.064,8.53
295.03,27,10.662,10.479,9.14,10.172,8.974,9.305,7.437,8.306,9.787,8.752,9.29,9.582,9.873,10.733,10.248,7.854,9.787,10.136,10.142,8.353,9.016,8.522
296.03,27,10.648,10.46,9.171,10.183,8.943,9.259,7.419,8.41,9.747,8.759,9.21,9.52,9.882,10.69,10.242,7.845,9.852,10.075,10.175,8.355,8.946,8.642
297.03,27,10.703,10.496,9.18,10.204,8.972,9.258,7.479,8.311,9.717,8.803,9.179,9.531,9.908,10.657,10.217,7.788,9.839,10.108,10.139,8.335,9.059,8.489
298.03,27,10.677,10.487,9.099,10.203,9.006,9.252,7.411,8.404,9.766,8.736,9.239,9.544,9.953,10.738,10.224,7.837,9.871,10.088,10.174,8.425,9.003,8.483
299.03,27,10.725,10.476,9.194,10.201,9.072,9.338,7.474,8.351,9.715,8.749,9.1,9.425,9.921,10.637,10.233,7.851,9.859,10.179,10.172,8.33,9.07,8.568
300.03,27,10.738,10.466,9.132,10.201,8.929,9.276,7.43,8.38,9.825,8.744,9.09,9.479,9.883,10.724,10.271,7.902,9.816,10.101,10.114,8.366,8.994,8.493
301.03,27,10.738,10.453,9.182,10.185,9.059,9.254,7.451,8.316,9.79,8.747,9.005,9.413,10.036,10.675,10.322,7.826,9.88,10.093,10.21,8.291,8.945,8.507
302.03,27,10.724,10.501,9.183,10.214,8.952,9.208,7.393,8.42,9.727,8.767,8.976,9.244,9.946,10.774,10.205,7.87,9.833,10.109,10.161,8.242,8.94,8.497
303.03,27,10.742,10.5,9.181,10.244,9.013,9.255,7.53,8.341,9.69,8.72,8.83,9.198,9.849,10.76,10.286,7.831,9.854,10.077,10.184,8.336,9.012,8.561
304.03,27,10.74,10.475,9.212,10.267,9.029,9.287,7.469,8.433,9.687,8.72,8.841,9.192,9.915,10.755,10.216,7.793,9.83,10.032,10.217,8.243,8.987,8.501
305.03,27,10.661,10.404,9.158,10.293,8.997,9.207,7.447,8.415,9.732,8.779,8.748,9.057,9.975,10.732,10.26,7.83,9.785,10.087,10.215,8.325,8.965,8.477
306.03,27,10.65,10.457,9.089,10.243,9.025,9.167,7.448,8.398,9.756,8.753,8.686,8.92,9.887,10.677,10.201,7.823,9.807,10.106,10.151,8.266,8.93,8.496
307.03,27,10.746,10.519,9.095,10.262,9.026,9.218,7.451,8.398,9.75,8.776,8.621,8.938,9.87,10.714,10.245,7.832,9.865,10.088,10.107,8.341,9.007,8.465
308.03,27,10.651,10.491,9.101,10.257,9.024,9.225,7.4,8.36,9.722,8.708,8.653,8.767,9.941,10.751,10.327,7.77,9.833,10.132,10.133,8.26,8.983,8.478
309.03,27,10.736,10.47,9.188,10.298,9.015,9.277,7.416,8.411,9.751,8.747,8.547,8.746,9.825,10.74,10.314,7.81,9.836,10.044,10.144,8.32,9.055,8.468
310.03,27,10.669,10.57,9.104,10.243,8.969,9.258,7.417,8.428,9.8,8.795,8.511,8.708,9.918,10.746,10.247,7.773,9.823,9.993,10.175,8.271,9.008,8.512
311.03,27,10.74,10.507,9.157,10.312,8.921,9.297,7.431,8.419,9.741,8.747,8.483,8.6,9.901,10.684,10.357,7.784,9.875,9.977,10.146,8.295,8.966,8.539
312.03,27,10.754,10.518,9.222,10.251,9.015,9.298,7.411,8.387,9.751,8.749,8.345,8.477,9.932,10.736,10.296,7.769,9.839,10.051,10.196,8.373,9.05,8.515
313.03,27,10.75,10.524,9.173,10.224,9.06,9.214,7.439,8.402,9.805,8.814,8.349,8.379,9.927,10.664,10.239,7.86,9.772,9.93,10.134,8.258,8.947,8.455
314.03,27,10.724,10.526,9.049,10.261,9.054,9.329,7.432,8.383,9.778,8.796,8.285,8.283,9.939,10.72,10.231,7.756,9.919,9.971,10.133,8.307,9.028,8.499
315.03,27,10.746,10.552,9.172,10.273,9.099,9.338,7.419,8.39,9.739,8.762,8.344,8.222,9.894,10.692,10.229,7.811,9.865,9.956,10.163,8.346,9.05,8.51
316.03,27,10.762,10.51,9.205,10.258,9.073,9.266,7.414,8.407,9.706,8.795,8.232,8.118,9.912,10.725,10.247,7.814,9.838,9.944,10.172,8.277,8.963,8.495
317.03,27,10.689,10.556,9.149,10.188,9.018,9.268,7.427,8.452,9.698,8.793,8.233,8.132,9.959,10.733,10.288,7.805,9.784,9.957,10.138,8.327,8.99,8.496
318.03,27,10.714,10.571,9.132,10.128,9.082,9.311,7.491,8.446,9.716,8.782,8.245,8.071,9.962,10.741,10.216,7.82,9.862,9.979,10.105,8.293,9.056,8.423
319.03,27,10.741,10.516,9.078,10.125,9.09,9.321,7.463,8.421,9.669,8.781,8.313,8.036,9.884,10.704,10.249,7.804,9.882,10.057,10.103,8.234,8.975,8.437
320.03,27,10.782,10.525,9.061,10.043,9.102,9.319,7.361,8.45,9.672,8.763,8.187,8.019,9.869,10.655,10.312,7.836,9.789,10.014,10.1,8.366,8.945,8.453
321.03,27,10.667,10.516,9.142,9.944,9.061,9.302,7.41,8.395,9.671,8.808,8.199,7.958,9.899,10.756,10.308,7.869,9.849,9.993,10.128,8.268,9.021,8.43
322.03,27,10.747,10.522,9.096,9.888,9.109,9.3,7.419,8.41,9.67,8.715,8.18,7.966,9.916,10.693,10.336,7.79,9.859,10.014,10.118,8.291,8.991,8.467
323.03,27,10.713,10.574,9.057,9.791,9.131,9.334,7.375,8.349,9.683,8.681,8.255,7.955,9.919,10.696,10.32,7.837,9.86,10.003,10.14,8.231,8.978,8.491
324.03,27,10.679,10.501,9.103,9.616,9.029,9.338,7.431,8.413,9.668,8.806,8.282,7.906,9.884,10.722,10.327,7.859,9.838,10.04,10.134,8.295,8.947,8.443
325.03,27,10.692,10.433,9.102,9.561,9.014,9.307,7.388,8.436,9.668,8.781,8.254,7.927,9.98,10.668,10.287,7.874,9.778,9.987,10.129,8.276,9.011,8.468
326.03,27,10.701,10.563,9.07,9.412,9.037,9.349,7.373,8.526,9.596,8.731,8.228,7.958,9.912,10.704,10.323,7.83,9.849,9.994,10.122,8.283,8.976,8.482
327.03,27,10.722,10.573,9.135,9.345,9.155,9.304,7.415,8.487,9.59,8.721,8.195,7.916,9.821,10.709,10.332,7.828,9.774,9.903,10.154,8.224,8.967,8.412
328.03,27,10.737,10.534,9.01,9.282,9.088,9.357,7.431,8.484,9.637,8.792,8.241,7.939,9.829,10.674,10.392,7.838,9.812,10.026,10.144,8.264,8.952,8.508
329.03,27,10.739,10.548,9.07,9.165,9.051,9.386,7.426,8.478,9.619,8.79,8.239,7.89,9.869,10.721,10.381,7.855,9.796,10.036,10.13,8.226,9.007,8.421
330.03,27,10.7,10.521,9.069,9.088,9.099,9.293,7.415,8.477,9.669,8.819,8.183,7.943,9.862,10.687,10.348,7.88,9.802,10.05,10.142,8.272,8.977,8.355
331.03,27,10.779,10.53,9.109,8.935,9.053,9.256,7.441,8.445,9.601,8.745,8.25,7.959,9.856,10.69,10.332,7.761,9.824,9.958,10.119,8.254,9.052,8.4
332.03,27,10.712,10.508,9.062,8.754,9.051,9.331,7.413,8.373,9.644,8.777,8.21,7.939,9.865,10.657,10.348,7.764,9.774,10.029,10.129,8.273,8.944,8.41
333.03,27,10.682,10.582,9.058,8.782,9.06,9.332,7.361,8.426,9.673,8.845,8.264,7.932,9.884,10.734,10.386,7.815,9.767,9.99,10.206,8.16,8.956,8.427
334.03,27,10.705,10.499,9.034,8.634,9.018,9.342,7.431,8.435,9.637,8.776,8.233,7.948,9.867,10.66,10.381,7.779,9.769,9.972,10.208,8.278,9.008,8.415
335.03,27,10.723,10.492,9.062,8.506,9.054,9.303,7.373,8.463,9.666,8.763,8.269,7.941,9.876,10.625,10.343,7.809,9.769,9.927,10.207,8.168,9.061,8.437
336.03,27,10.679,10.528,9.102,8.501,9.06,9.332,7.422,8.475,9.692,8.746,8.224,7.923,9.912,10.691,10.291,7.851,9.774,10.031,10.146,8.264,9.02,8.412
337.03,27,10.633,10.452,9.033,8.439,9.063,9.363,7.39,8.451,9.73,8.726,8.294,7.896,9.877,10.668,10.347,7.856,9.734,9.997,10.181,8.289,9.005,8.469
338.03,27,10.68,10.583,8.97,8.39,9.034,9.307,7.425,8.478,9.732,8.788,8.179,7.954,9.833,10.675,10.293,7.845,9.772,9.961,10.156,8.243,8.988,8.394
339.03,27,10.661,10.543,9.053,8.307,9.071,9.365,7.442,8.457,9.686,8.772,8.255,7.891,9.821,10.672,10.254,7.842,9.759,10.012,10.096,8.311,9.01,8.419
340.03,27,10.639,10.514,9.023,8.234,9.121,9.315,7.458,8.426,9.696,8.745,8.241,7.933,9.838,10.655,10.3,7.822,9.839,9.956,10.129,8.275,8.989,8.398
341.03,27,10.662,10.517,9.028,8.248,9.071,9.305,7.385,8.471,9.729,8.805,8.201,7.95,9.823,10.677,10.198,7.771,9.791,10.018,10.169,8.246,8.972,8.323
342.03,27,10.634,10.55,9.048,8.237,9.044,9.346,7.409,8.488,9.699,8.784,8.228,7.897,9.877,10.683,10.075,7.857,9.822,10.005,10.152,8.251,8.996,8.28
343.03,27,10.704,10.58,9.041,8.253,9.079,9.341,7.359,8.515,9.657,8.748,8.223,7.936,9.877,10.63,10.075,7.818,9.821,10.025,10.089,8.253,8.988,8.259
344.03,27,10.695,10.552,8.96,8.172,9.007,9.273,7.42,8.49,9.627,8.769,8.28,7.942,9.831,10.682,10.03,7.82,9.727,10.018,10.146,8.214,8.922,8.239
345.03,27,10.719,10.605,8.981,8.246,9.094,9.347,7.418,8.439,9.743,8.774,8.209,7.906,9.816,10.728,9.916,7.856,9.826,9.928,10.124,8.249,9.009,8.166
346.03,27,10.67,10.575,8.981,8.198,9.053,9.311,7.464,8.514,9.695,8.76,8.176,7.881,9.821,10.686,9.844,7.773,9.726,10.004,10.128,8.195,9.005,8.116
347.03,27,10.651,10.565,9.046,8.176,9.06,9.398,7.446,8.435,9.667,8.77,8.235,7.899,9.848,10.744,9.67,7.774,9.81,9.967,10.148,8.284,8.99,8.143
348.03,27,10.621,10.552,8.984,8.217,9.11,9.344,7.425,8.491,9.646,8.756,8.204,7.912,9.917,10.734,9.657,7.888,9.808,10.018,10.138,8.277,8.992,8.106
349.03,27,10.735,10.577,9.017,8.161,9.037,9.337,7.385,8.53,9.631,8.745,8.228,7.917,9.874,10.713,9.544,7.814,9.813,9.994,10.147,8.209,8.997,8.059
350.03,27,10.663,10.545,9.08,8.175,9.072,9.405,7.361,8.432,9.762,8.709,8.26,7.898,9.888,10.719,9.451,7.773,9.727,9.976,10.119,8.301,8.971,8.073
351.03,27,10.701,10.586,8.993,8.202,9.026,9.357,7.331,8.491,9.691,8.747,8.227,7.872,9.946,10.731,9.351,7.836,9.793,9.983,10.174,8.275,8.925,7.995
352.03,27,10.718,10.534,9.074,8.268,9.058,9.279,7.398,8.495,9.661,8.69,8.258,7.883,9.851,10.712,9.304,7.822,9.746,9.97,10.106,8.214,8.899,7.98
353.03,27,10.618,10.583,9.037,8.153,9.019,9.409,7.344,8.507,9.728,8.729,8.299,7.88,9.869,10.714,9.084,7.803,9.802,9.929,10.166,8.232,8.958,7.948
354.03,27,10.621,10.538,9.032,8.231,9.035,9.32,7.358,8.521,9.61,8.714,8.222,7.929,9.892,10.704,9.048,7.8,9.779,10.029,10.164,8.274,8.969,7.897
355.03,27,10.678,10.542,9.035,8.19,9.079,9.322,7.425,8.482,9.722,8.694,8.222,7.968,9.813,10.655,8.927,7.748,9.74,9.992,10.048,8.26,8.947,7.81
356.03,27,10.68,10.58,9.019,8.213,9.028,9.336,7.354,8.532,9.727,8.767,8.196,7.892,9.838,10.609,8.899,7.833,9.686,10.045,10.07,8.218,8.989,7.809
357.03,27,10.624,10.517,9.075,8.084,9.098,9.345,7.391,8.568,9.774,8.753,8.199,7.913,9.856,10.743,8.833,7.843,9.747,9.92,9.895,8.178,8.974,7.767
358.03,27,10.659,10.474,9.017,8.156,9.032,9.293,7.398,8.558,9.755,8.752,8.218,7.853,9.771,10.679,8.664,7.763,9.784,9.876,9.905,8.185,8.919,7.714
359.03,27,10.709,10.509,9.068,8.229,9.064,9.344,7.397,8.503,9.747,8.764,8.202,7.904,9.794,10.705,8.6,7.737,9.708,9.964,9.798,8.29,9.004,7.686
360.03,27,10.695,10.53,9.065,8.218,9.078,9.371,7.375,8.511,9.723,8.727,8.183,7.848,9.84,10.668,8.592,7.851,9.785,9.971,9.72,8.223,9.011,7.751
361.03,27,10.617,10.541,9.019,8.124,9.144,9.389,7.398,8.502,9.74,8.707,8.255,7.853,9.801,10.637,8.468,7.772,9.792,9.943,9.747,8.293,8.933,7.657
362.03,27,10.591,10.556,9.018,8.217,9.098,9.319,7.438,8.433,9.701,8.71,8.216,7.962,9.841,10.63,8.379,7.788,9.764,9.997,9.569,8.27,8.927,7.709
363.03,27,10.578,10.523,8.978,8.239,9.086,9.361,7.339,8.564,9.691,8.711,8.234,7.898,9.948,10.631,8.411,7.769,9.757,9.949,9.464,8.219,9.021,7.629
364.03,27,10.503,10.467,9.009,8.164,9.029,9.296,7.369,8.47,9.694,8.731,8.198,7.889,9.866,10.61,8.433,7.766,9.76,9.986,9.368,8.327,8.948,7.627
365.03,27,10.374,10.395,9.021,8.171,9.031,9.368,7.411,8.515,9.746,8.731,8.166,7.885,9.861,10.562,8.385,7.843,9.743,9.966,9.306,8.277,8.977,7.644
366.03,27,10.274,10.376,8.996,8.191,9.044,9.305,7.393,8.541,9.721,8.686,8.19,7.854,9.844,10.561,8.393,7.771,9.858,9.977,9.223,8.247,8.96,7.687
367.03,27,10.22,10.337,8.952,8.168,9.043,9.308,7.392,8.439,9.68,8.729,8.164,7.872,9.83,10.378,8.295,7.851,9.801,10.029,9.108,8.191,8.965,7.641
368.03,27,10.023,10.234,9.035,8.177,9.087,9.357,7.36,8.517,9.709,8.666,8.189,7.887,9.798,10.41,8.342,7.827,9.832,9.992,9.001,8.157,8.974,7.596
369.03,27,9.943,10.125,9.037,8.177,9.038,9.274,7.351,8.46,9.672,8.668,8.248,7.878,9.835,10.244,8.392,7.804,9.801,10.02,8.902,8.307,9.016,7.637
370.03,27,9.772,10.089,9.054,8.171,9.021,9.265,7.343,8.432,9.706,8.667,8.221,7.876,9.883,10.121,8.324,7.72,9.81,10.009,8.789,8.253,8.959,7.643
371.03,27,9.687,10.039,9.008,8.107,9.024,9.331,7.364,8.495,9.688,8.697,8.161,7.969,9.895,10.044,8.399,7.821,9.71,10.027,8.7,8.206,8.95,7.611
372.03,27,9.523,9.903,9.023,8.151,9.052,9.414,7.401,8.396,9.667,8.729,8.194,7.957,9.847,9.896,8.333,7.715,9.79,10.004,8.647,8.152,8.906,7.615
373.03,27,9.379,9.824,9.038,8.147,9.018,9.347,7.324,8.447,9.661,8.707,8.214,7.885,9.887,9.794,8.378,7.776,9.766,9.954,8.529,8.235,8.909,7.596
374.03,27,9.352,9.743,8.942,8.154,9.009,9.396,7.394,8.394,9.664,8.65,8.152,7.938,9.856,9.624,8.304,7.727,9.833,9.994,8.509,8.258,9.018,7.625
375.03,27,9.146,9.627,9.05,8.171,9.06,9.371,7.341,8.304,9.58,8.593,8.211,7.847,9.84,9.567,8.339,7.752,9.819,9.916,8.464,8.207,8.975,7.668
376.03,27,8.953,9.56,9.007,8.137,8.999,9.367,7.344,8.227,9.655,8.68,8.127,7.884,9.905,9.417,8.304,7.755,9.791,9.946,8.348,8.245,8.953,7.654
377.03,27,8.902,9.381,8.952,8.193,9.056,9.352,7.378,8.255,9.665,8.648,8.136,7.88,9.858,9.278,8.317,7.811,9.785,10.067,8.375,8.25,8.993,7.624
378.03,27,8.739,9.413,8.86,8.15,9.021,9.348,7.353,8.216,9.635,8.666,8.166,7.947,9.823,9.206,8.367,7.772,9.908,9.972,8.295,8.244,8.982,7.599
379.03,27,8.653,9.279,8.926,8.087,9.063,9.369,7.335,8.179,9.654,8.635,8.163,7.938,9.806,9.055,8.288,7.751,9.831,9.955,8.346,8.168,8.937,7.577
380.03,27,8.584,9.197,8.992,8.149,9.062,9.397,7.328,8.144,9.548,8.635,8.214,7.887,9.784,8.938,8.348,7.731,9.772,9.957,8.292,8.22,8.963,7.663
381.03,27,8.45,9.072,8.958,8.19,9.001,9.45,7.381,8.078,9.668,8.684,8.18,7.894,9.856,8.806,8.368,7.788,9.856,10.03,8.302,8.18,8.994,7.671
382.03,27,8.368,9.074,8.952,8.1,9.014,9.379,7.384,8.04,9.623,8.727,8.168,7.828,9.84,8.722,8.291,7.757,9.791,9.992,8.246,8.22,8.945,7.605
383.03,27,8.278,8.977,8.925,8.13,9.038,9.315,7.36,8.068,9.618,8.701,8.207,7.851,9.774,8.599,8.296,7.736,9.73,10.021,8.301,8.248,8.978,7.631
384.03,27,8.222,8.914,8.849,8.198,8.993,9.394,7.378,7.988,9.563,8.687,8.182,7.892,9.763,8.52,8.329,7.754,9.809,10.062,8.303,8.184,8.974,7.582
385.03,27,8.2,8.851,8.959,8.174,8.992,9.388,7.384,8.015,9.602,8.663,8.131,7.856,9.743,8.466,8.36,7.748,9.785,10.008,8.216,8.264,8.964,7.575
386.03,27,8.121,8.819,8.925,8.153,9.024,9.338,7.411,7.858,9.676,8.71,8.217,7.908,9.696,8.424,8.335,7.768,9.803,9.986,8.259,8.214,8.937,7.674
387.03,27,8.145,8.886,8.915,8.138,8.974,9.32,7.356,7.824,9.673,8.662,8.16,7.928,9.728,8.279,8.282,7.749,9.862,9.986,8.263,8.234,8.993,7.632
388.03,27,8.203,8.825,8.886,8.061,8.988,9.408,7.339,7.863,9.602,8.671,8.2,7.854,9.643,8.308,8.344,7.768,9.821,10.007,8.295,8.23,8.976,7.516
389.03,27,8.07,8.8,8.928,8.08,9.003,9.418,7.307,7.846,9.625,8.627,8.233,7.881,9.567,8.248,8.384,7.846,9.832,9.98,8.271,8.204,8.91,7.639
390.03,27,8.099,8.795,8.935,8.076,8.988,9.388,7.371,7.811,9.594,8.693,8.213,7.895,9.528,8.259,8.257,7.792,9.777,10.024,8.246,8.275,8.872,7.609
391.03,27,8.097,8.876,8.899,8.056,9.033,9.423,7.338,7.743,9.61,8.679,8.165,7.855,9.366,8.144,8.332,7.726,9.824,10.024,8.29,8.252,8.847,7.632
392.03,27,8.09,8.832,8.903,8.072,8.983,9.377,7.41,7.812,9.55,8.699,8.174,7.88,9.337,8.222,8.304,7.744,9.819,9.979,8.302,8.216,8.744,7.637
393.03,27,8.058,8.833,8.978,8.151,8.958,9.33,7.33,7.8,9.678,8.726,8.149,7.938,9.229,8.29,8.355,7.812,9.782,9.947,8.242,8.234,8.71,7.567
394.03,27,8.053,8.771,8.908,8.141,8.972,9.281,7.311,7.771,9.664,8.761,8.137,7.926,9.101,8.237,8.376,7.746,9.819,10.067,8.212,8.198,8.611,7.602
395.03,27,8.105,8.787,8.937,8.109,9.04,9.353,7.362,7.793,9.628,8.722,8.159,7.846,8.965,8.246,8.334,7.767,9.892,10.032,8.237,8.257,8.514,7.562
396.03,27,8.172,8.75,8.877,8.106,8.883,9.445,7.336,7.75,9.626,8.726,8.162,7.888,8.873,8.204,8.436,7.771,9.832,9.961,8.277,8.21,8.457,7.576
397.03,27,8.121,8.824,8.948,8.11,8.938,9.322,7.362,7.767,9.622,8.724,8.244,7.896,8.803,8.22,8.363,7.776,9.876,10.012,8.328,8.267,8.378,7.565
398.03,27,8.138,8.803,8.954,8.131,8.941,9.411,7.319,7.806,9.629,8.635,8.161,7.863,8.664,8.238,8.362,7.778,9.842,9.992,8.229,8.19,8.274,7.566
399.03,27,8.158,8.815,8.947,8.01,8.975,9.455,7.332,7.756,9.617,8.726,8.246,7.898,8.594,8.231,8.373,7.771,9.839,9.908,8.266,8.21,8.214,7.589
400.03,27,8.052,8.759,8.907,8.079,8.946,9.409,7.362,7.715,9.6,8.741,8.161,7.869,8.498,8.187,8.33,7.759,9.808,9.968,8.279,8.205,8.118,7.59
401.03,27,8.122,8.868,8.892,8.123,8.923,9.349,7.375,7.737,9.646,8.788,8.178,7.87,8.395,8.259,8.368,7.739,9.898,9.952,8.252,8.246,8.062,7.557
402.03,27,8.137,8.76,8.938,8.116,9.016,9.364,7.354,7.709,9.642,8.67,8.12,7.88,8.257,8.257,8.346,7.788,9.856,9.97,8.265,8.217,8.012,7.588
403.03,27,8.109,8.804,8.894,8.133,8.98,9.321,7.403,7.794,9.661,8.777,8.198,7.849,8.136,8.21,8.363,7.675,9.892,9.945,8.307,8.163,7.893,7.566
404.03,27,8.108,8.817,8.931,8.104,8.917,9.429,7.39,7.75,9.639,8.727,8.173,7.874,8.06,8.26,8.321,7.755,9.814,10.037,8.257,8.074,7.791,7.57
405.03,27,8.159,8.781,8.96,8.099,8.911,9.399,7.277,7.764,9.719,8.759,8.233,7.82,7.997,8.208,8.329,7.757,9.882,9.942,8.193,8.128,7.708,7.562
406.03,27,8.109,8.813,8.928,8.048,8.86,9.383,7.363,7.772,9.635,8.77,8.222,7.8,7.965,8.212,8.281,7.775,9.812,9.927,8.222,8.154,7.701,7.564
407.03,27,8.077,8.753,8.869,8.04,8.814,9.408,7.324,7.801,9.633,8.79,8.239,7.863,7.894,8.182,8.288,7.767,9.909,9.95,8.302,8.12,7.608,7.588
408.03,27,8.049,8.801,8.925,8.034,8.773,9.454,7.359,7.69,9.585,8.84,8.175,7.837,7.759,8.172,8.27,7.793,9.887,9.996,8.272,8.048,7.515,7.555
409.03,27,8.104,8.845,8.93,8.087,8.664,9.358,7.316,7.775,9.6,8.725,8.129,7.81,7.826,8.204,8.314,7.749,9.886,9.987,8.275,7.989,7.43,7.605
410.03,27,8.082,8.868,8.946,8.02,8.582,9.354,7.341,7.713,9.566,8.741,8.186,7.867,7.809,8.218,8.351,7.777,9.885,9.955,8.19,8.041,7.39,7.564
411.03,27,8.1,8.795,8.92,8.105,8.551,9.394,7.298,7.669,9.587,8.809,8.205,7.851,7.716,8.226,8.367,7.793,9.969,9.954,8.266,7.964,7.435,7.643
412.03,27,8.069,8.764,8.893,8.097,8.373,9.432,7.319,7.723,9.547,8.78,8.154,7.818,7.773,8.254,8.304,7.752,9.93,10.02,8.282,7.948,7.404,7.591
413.03,27,8.095,8.742,8.957,8.103,8.35,9.429,7.357,7.717,9.617,8.837,8.196,7.788,7.817,8.233,8.325,7.789,9.84,9.952,8.259,7.927,7.351,7.517
414.03,27,8.057,8.814,8.952,8.115,8.284,9.427,7.368,7.678,9.625,8.777,8.16,7.845,7.779,8.217,8.353,7.763,9.886,9.939,8.264,7.871,7.328,7.571
415.03,27,8.038,8.737,8.916,8.056,8.108,9.361,7.356,7.728,9.645,8.809,8.182,7.759,7.746,8.184,8.292,7.744,9.869,9.912,8.22,7.902,7.286,7.619
416.03,27,8.078,8.787,8.983,8.098,8.054,9.416,7.315,7.719,9.553,8.757,8.154,7.911,7.818,8.239,8.314,7.726,9.892,9.809,8.24,7.808,7.328,7.507
417.03,27,8.043,8.809,8.939,8.03,7.957,9.397,7.313,7.739,9.555,8.803,8.129,7.812,7.735,8.161,8.296,7.776,9.842,9.752,8.245,7.844,7.352,7.602
418.03,27,8.141,8.689,8.889,8.028,7.903,9.464,7.309,7.761,9.509,8.711,8.145,7.852,7.784,8.243,8.355,7.742,9.901,9.765,8.247,7.799,7.289,7.577
419.03,27,8.127,8.791,8.955,8.048,7.776,9.495,7.368,7.686,9.577,8.782,8.091,7.809,7.727,8.215,8.289,7.706,9.899,9.701,8.195,7.809,7.331,7.592
420.03,27,8.132,8.778,8.933,8.095,7.71,9.438,7.281,7.773,9.564,8.831,8.152,7.907,7.739,8.186,8.263,7.752,9.836,9.522,8.262,7.728,7.328,7.583
421.03,27,8.066,8.804,8.922,7.982,7.619,9.405,7.26,7.738,9.593,8.778,8.196,7.8,7.742,8.171,8.319,7.783,9.916,9.412,8.184,7.794,7.352,7.559
422.03,27,8.14,8.772,8.876,8.088,7.572,9.452,7.325,7.759,9.579,8.803,8.166,7.841,7.795,8.224,8.276,7.713,9.98,9.386,8.259,7.732,7.346,7.595
423.03,27,8.145,8.79,8.919,8.027,7.527,9.367,7.281,7.762,9.598,8.785,8.115,7.886,7.786,8.178,8.272,7.737,9.901,9.315,8.22,7.803,7.317,7.555
424.03,27,8.055,8.786,8.813,8.051,7.411,9.396,7.392,7.696,9.584,8.718,8.114,7.87,7.769,8.15,8.222,7.775,9.915,9.202,8.227,7.793,7.323,7.521
425.03,27,8.074,8.733,8.874,8.042,7.391,9.426,7.315,7.708,9.653,8.829,8.156,7.86,7.755,8.15,8.298,7.753,9.887,9.063,8.249,7.707,7.284,7.621
426.03,27,8.138,8.796,8.83,7.998,7.387,9.407,7.316,7.768,9.568,8.802,8.131,7.9,7.742,8.172,8.327,7.713,9.888,8.99,8.224,7.66,7.232,7.494
427.03,27,8.042,8.828,8.74,8.004,7.318,9.41,7.312,7.758,9.605,8.829,8.216,7.81,7.788,8.193,8.355,7.772,9.843,8.909,8.257,7.701,7.344,7.488
428.03,27,8.113,8.78,8.808,7.977,7.325,9.39,7.276,7.677,9.575,8.818,8.172,7.859,7.713,8.213,8.378,7.785,9.861,8.757,8.202,7.749,7.296,7.551
429.03,27,8.076,8.773,8.687,7.994,7.353,9.411,7.331,7.719,9.613,8.83,8.162,7.811,7.754,8.152,8.3,7.717,9.903,8.733,8.261,7.74,7.329,7.534
430.03,27,8.074,8.779,8.669,8.041,7.285,9.358,7.264,7.752,9.575,8.847,8.14,7.827,7.721,8.23,8.28,7.774,9.851,8.537,8.266,7.757,7.271,7.589
431.03,27,8.081,8.733,8.585,8.066,7.273,9.328,7.353,7.791,9.552,8.759,8.19,7.856,7.734,8.193,8.313,7.671,9.805,8.475,8.285,7.814,7.302,7.572
432.03,27,8.133,8.783,8.578,8.041,7.319,9.25,7.279,7.668,9.502,8.804,8.182,7.823,7.764,8.201,8.34,7.714,9.931,8.42,8.195,7.75,7.308,7.558
433.03,27,8.054,8.792,8.579,8.039,7.231,9.302,7.266,7.726,9.525,8.76,8.12,7.86,7.706,8.152,8.364,7.684,9.93,8.308,8.207,7.688,7.276,7.543
434.03,27,8.062,8.771,8.477,8.086,7.257,9.165,7.37,7.738,9.476,8.847,8.092,7.831,7.739,8.136,8.259,7.702,9.877,8.23,8.174,7.727,7.325,7.572
435.03,27,8.094,8.784,8.429,8.007,7.259,9.084,7.345,7.76,9.424,8.823,8.129,7.846,7.733,8.178,8.301,7.668,9.772,8.209,8.258,7.781,7.276,7.577
436.03,27,8.04,8.782,8.352,8.009,7.323,8.962,7.314,7.761,9.308,8.839,8.141,7.818,7.695,8.106,8.307,7.754,9.827,8.105,8.281,7.762,7.282,7.573
437.03,27,8.151,8.733,8.254,7.994,7.286,8.94,7.29,7.745,9.235,8.787,8.139,7.834,7.758,8.188,8.315,7.697,9.756,8.013,8.235,7.715,7.3,7.453
438.03,27,8.181,8.717,8.281,7.98,7.325,8.913,7.284,7.698,9.143,8.845,8.176,7.857,7.796,8.175,8.326,7.763,9.701,8.051,8.239,7.698,7.283,7.565
439.03,27,8.013,8.741,8.093,7.962,7.26,8.804,7.31,7.759,9.099,8.853,8.12,7.838,7.758,8.17,8.24,7.725,9.539,7.989,8.237,7.711,7.291,7.537
440.03,27,8.076,8.754,8.094,8.002,7.267,8.696,7.311,7.716,9.009,8.944,8.141,7.83,7.732,8.281,8.355,7.668,9.505,7.941,8.218,7.714,7.229,7.552
441.03,27,8.079,8.774,7.968,8.031,7.278,8.553,7.303,7.746,8.944,8.818,8.13,7.819,7.741,8.208,8.362,7.746,9.487,7.932,8.183,7.754,7.342,7.495
442.03,27,8.094,8.724,7.95,7.942,7.23,8.604,7.339,7.713,8.863,8.856,8.104,7.826,7.75,8.165,8.325,7.725,9.395,8.03,8.223,7.745,7.316,7.545
443.03,27,8.068,8.745,7.928,7.946,7.25,8.463,7.286,7.728,8.779,8.82,8.127,7.809,7.742,8.22,8.308,7.759,9.34,7.96,8.231,7.746,7.223,7.596
444.03,27,8.104,8.779,7.875,7.944,7.212,8.4,7.248,7.759,8.684,8.806,8.141,7.745,7.726,8.141,8.298,7.717,9.186,7.959,8.205,7.703,7.281,7.492
445.03,27,8.048,8.773,7.749,7.991,7.262,8.262,7.345,7.668,8.68,8.809,8.055,7.829,7.75,8.183,8.337,7.676,9.111,7.975,8.239,7.785,7.281,7.52
446.03,27,8.068,8.702,7.7,8.028,7.332,8.249,7.405,7.722,8.48,8.85,8.106,7.745,7.735,8.187,8.267,7.751,9.076,7.967,8.186,7.719,7.301,7.608
447.03,27,8.09,8.69,7.706,7.984,7.333,8.152,7.29,7.667,8.384,8.861,8.121,7.843,7.788,8.138,8.253,7.732,8.978,7.997,8.229,7.735,7.267,7.521
448.03,27,8.142,8.778,7.624,7.914,7.217,8.053,7.307,7.676,8.357,8.814,8.126,7.812,7.758,8.258,8.289,7.696,8.798,7.986,8.161,7.664,7.257,7.542
449.03,27,8.08,8.763,7.594,7.989,7.267,8.048,7.254,7.719,8.276,8.863,8.097,7.725,7.757,8.147,8.325,7.702,8.772,7.939,8.177,7.747,7.278,7.501
450.03,27,8.048,8.763,7.563,7.898,7.298,7.962,7.332,7.775,8.26,8.813,8.224,7.766,7.681,8.212,8.295,7.696,8.634,7.976,8.224,7.703,7.288,7.513
451.03,27,8.161,8.761,7.626,7.939,7.275,7.934,7.301,7.712,8.229,8.748,8.122,7.81,7.725,8.215,8.286,7.777,8.605,7.955,8.269,7.758,7.25,7.479
452.03,27,8.074,8.787,7.535,7.981,7.275,7.849,7.352,7.704,8.124,8.713,8.111,7.793,7.646,8.21,8.257,7.716,8.542,8.011,8.179,7.757,7.209,7.55
453.03,27,8.103,8.723,7.615,7.957,7.246,7.862,7.259,7.744,8.11,8.634,8.068,7.774,7.759,8.237,8.243,7.741,8.43,7.957,8.195,7.747,7.284,7.524
454.03,27,7.957,8.77,7.485,7.998,7.266,7.875,7.318,7.714,7.975,8.674,8.054,7.782,7.726,8.162,8.261,7.759,8.306,7.925,8.278,7.736,7.251,7.482
455.03,27,8.051,8.753,7.549,7.948,7.235,7.793,7.406,7.701,8.026,8.592,8.107,7.755,7.689,8.17,8.258,7.673,8.232,7.963,8.231,7.764,7.295,7.487
456.03,27,8.053,8.746,7.555,7.991,7.244,7.823,7.256,7.794,7.975,8.577,8.097,7.814,7.667,8.183,8.259,7.736,8.117,7.974,8.267,7.714,7.261,7.572
457.03,27,8.097,8.779,7.547,7.959,7.25,7.831,7.367,7.752,7.96,8.456,8.119,7.74,7.695,8.257,8.316,7.694,8.207,8.058,8.208,7.69,7.253,7.543
458.03,27,8.097,8.755,7.567,7.977,7.321,7.743,7.307,7.743,7.933,8.407,8.085,7.795,7.711,8.195,8.283,7.705,8.168,7.979,8.182,7.795,7.247,7.509
459.03,27,8.056,8.739,7.59,7.946,7.247,7.829,7.321,7.631,7.982,8.316,8.135,7.795,7.704,8.124,8.284,7.722,8.2,7.932,8.228,7.729,7.28,7.536
460.03,27,8.022,8.735,7.552,7.979,7.27,7.743,7.358,7.711,7.979,8.186,8.095,7.804,7.739,8.146,8.294,7.784,8.09,7.928,8.237,7.738,7.295,7.537
461.03,27,8.028,8.758,7.51,7.993,7.219,7.821,7.291,7.687,7.982,8.184,8.145,7.725,7.684,8.107,8.359,7.747,8.126,7.963,8.192,7.685,7.27,7.521
462.03,27,8.091,8.744,7.526,7.982,7.235,7.797,7.32,7.749,7.962,8.088,8.095,7.809,7.685,8.211,8.271,7.703,8.108,7.962,8.208,7.78,7.289,7.485
463.03,27,8.09,8.786,7.584,7.988,7.273,7.822,7.261,7.735,7.947,8.036,8.085,7.791,7.69,8.149,8.235,7.747,8.096,7.955,8.186,7.703,7.263,7.453
464.03,27,8.046,8.752,7.596,7.971,7.226,7.781,7.271,7.733,7.978,7.95,8.108,7.764,7.733,8.166,8.298,7.689,8.094,7.977,8.126,7.734,7.263,7.527
465.03,27,8.073,8.687,7.526,7.954,7.176,7.796,7.297,7.716,7.965,7.916,8.069,7.766,7.744,8.184,8.231,7.693,8.112,7.985,8.189,7.741,7.241,7.523
466.03,27,7.975,8.735,7.534,7.922,7.297,7.796,7.305,7.659,7.977,7.813,8.109,7.793,7.708,8.227,8.295,7.757,8.095,8.002,8.198,7.738,7.24,7.479
467.03,27,8.039,8.72,7.573,7.974,7.202,7.772,7.247,7.765,7.929,7.783,8.14,7.71,7.699,8.176,8.284,7.729,8.13,7.935,8.203,7.742,7.291,7.479
468.03,27,8.048,8.806,7.553,7.94,7.205,7.832,7.261,7.693,8.017,7.662,8.057,7.761,7.708,8.242,8.256,7.755,8.123,7.936,8.236,7.75,7.181,7.492
469.03,27,8.034,8.766,7.529,7.917,7.318,7.825,7.319,7.756,8.002,7.613,8.116,7.797,7.656,8.233,8.238,7.704,8.2,7.977,8.183,7.703,7.2,7.558
470.03,27,8.022,8.758,7.524,7.96,7.233,7.843,7.266,7.751,7.96,7.563,8.071,7.783,7.676,8.165,8.293,7.657,8.099,7.912,8.224,7.703,7.251,7.491
471.03,27,8.094,8.733,7.541,7.93,7.24,7.761,7.28,7.719,7.924,7.489,8.101,7.803,7.798,8.127,8.249,7.681,8.031,8.01,8.185,7.735,7.255,7.45
472.03,27,8.055,8.751,7.56,7.954,7.27,7.8,7.315,7.742,7.95,7.38,8.077,7.766,7.697,8.164,8.201,7.653,8.06,7.917,8.228,7.77,7.226,7.516
473.03,27,8.001,8.738,7.534,7.968,7.237,7.82,7.239,7.715,7.965,7.445,8.099,7.75,7.737,8.094,8.252,7.681,8.11,7.932,8.183,7.72,7.234,7.493
474.03,27,7.989,8.786,7.565,7.863,7.229,7.757,7.219,7.658,7.95,7.436,8.111,7.728,7.705,8.145,8.258,7.702,8.17,7.889,8.237,7.631,7.181,7.504
475.03,27,8.053,8.682,7.525,7.962,7.231,7.777,7.271,7.657,7.928,7.402,8.094,7.738,7.716,8.179,8.259,7.751,8.132,7.971,8.194,7.696,7.196,7.521
476.03,27,8.012,8.699,7.577,7.919,7.3,7.743,7.25,7.719,7.999,7.364,8.046,7.782,7.627,8.174,8.283,7.719,8.074,7.977,8.22,7.661,7.206,7.518
477.03,27,8.075,8.692,7.54,7.965,7.269,7.755,7.264,7.687,7.961,7.376,8.126,7.816,7.691,8.216,8.295,7.804,8.087,7.935,8.235,7.687,7.219,7.478
478.03,27,8.044,8.705,7.576,8.019,7.279,7.766,7.241,7.706,7.917,7.36,8.119,7.8,7.712,8.142,8.216,7.763,8.154,7.944,8.243,7.717,7.214,7.466
479.03,27,8.113,8.727,7.569,7.844,7.185,7.813,7.338,7.692,8.024,7.384,8.09,7.781,7.728,8.185,8.288,7.762,8.082,7.884,8.232,7.737,7.208,7.488
480.03,27,8.048,8.729,7.569,7.927,7.177,7.772,7.275,7.712,8.004,7.315,8.093,7.724,7.697,8.139,8.316,7.705,8.131,7.926,8.122,7.695,7.189,7.416
481.03,27,8.005,8.756,7.5,7.924,7.277,7.787,7.297,7.713,7.909,7.344,8.088,7.767,7.681,8.161,8.267,7.748,8.093,7.964,8.113,7.72,7.265,7.483
482.03,27,8.105,8.688,7.601,7.913,7.271,7.788,7.273,7.704,7.984,7.346,8.083,7.781,7.649,8.15,8.306,7.665,8.088,7.91,8.152,7.734,7.274,7.478
483.03,27,8.027,8.703,7.559,7.912,7.187,7.744,7.291,7.733,7.995,7.307,8.105,7.764,7.683,8.224,8.288,7.655,8.069,7.869,8.162,7.727,7.133,7.39
484.03,27,8.09,8.733,7.52,7.932,7.294,7.792,7.239,7.745,7.985,7.376,8.054,7.79,7.663,8.134,8.308,7.669,8.087,8.013,8.175,7.608,7.188,7.498
485.03,27,7.976,8.684,7.558,7.904,7.239,7.794,7.23,7.654,7.942,7.325,8.096,7.773,7.669,8.167,8.259,7.733,8.167,7.931,8.155,7.732,7.235,7.519
486.03,27,8.039,8.715,7.502,7.928,7.246,7.788,7.251,7.647,7.969,7.327,8.064,7.776,7.694,8.173,8.31,7.698,8.039,7.974,8.197,7.697,7.225,7.474
487.03,27,8.045,8.729,7.536,7.922,7.187,7.874,7.286,7.745,7.992,7.363,8.113,7.732,7.716,8.173,8.293,7.765,8.089,7.898,8.187,7.718,7.182,7.432
488.03,27,8.022,8.757,7.518,7.873,7.229,7.835,7.293,7.681,7.948,7.359,8.046,7.726,7.642,8.229,8.289,7.709,8.025,7.9,8.213,7.703,7.257,7.491
489.03,27,7.909,8.734,7.549,7.885,7.19,7.791,7.255,7.632,7.956,7.369,8.052,7.817,7.736,8.178,8.209,7.684,8.123,7.908,8.191,7.697,7.194,7.504
490.03,27,8.074,8.718,7.544,7.94,7.215,7.756,7.248,7.757,7.945,7.368,8.056,7.731,7.707,8.228,8.279,7.679,8.149,7.923,8.203,7.69,7.157,7.479
491.03,27,8.033,8.714,7.512,7.889,7.146,7.761,7.259,7.773,7.976,7.317,8.105,7.806,7.726,8.148,8.249,7.748,8.117,7.904,8.182,7.674,7.165,7.541
492.03,27,8.021,8.767,7.567,7.871,7.316,7.731,7.226,7.739,7.952,7.318,8.104,7.775,7.724,8.173,8.211,7.624,8.09,7.861,8.159,7.702,7.199,7.444
493.03,27,8.027,8.743,7.522,7.943,7.205,7.727,7.197,7.723,7.913,7.338,8.035,7.772,7.605,8.166,8.251,7.715,8.089,7.911,8.18,7.702,7.193,7.469
494.03,27,7.985,8.713,7.574,7.93,7.17,7.79,7.234,7.664,7.942,7.326,8.052,7.795,7.62,8.16,8.199,7.701,8.09,7.834,8.14,7.724,7.253,7.431
495.03,27,8.016,8.746,7.565,7.961,7.298,7.794,7.216,7.66,7.932,7.317,8.077,7.748,7.793,8.165,8.23,7.712,8.069,7.955,8.126,7.717,7.182,7.499
496.03,27,8.029,8.684,7.581,7.881,7.243,7.783,7.249,7.595,7.951,7.35,8.069,7.764,7.649,8.132,8.216,7.698,8.093,7.927,8.192,7.721,7.229,7.418
497.03,27,7.962,8.718,7.513,7.937,7.26,7.743,7.26,7.666,7.891,7.333,8.107,7.761,7.68,8.186,8.24,7.765,8.036,7.983,8.17,7.694,7.185,7.446
498.03,27,8.043,8.706,7.542,7.887,7.24,7.743,7.267,7.725,8.007,7.328,8.122,7.803,7.68,8.192,8.185,7.702,8.008,7.934,8.144,7.68,7.246,7.482
499.03,27,8.017,8.761,7.561,7.893,7.248,7.706,7.252,7.638,7.96,7.262,8.114,7.702,7.677,8.196,8.211,7.719,8.02,7.936,8.154,7.7,7.188,7.451
500.03,27,7.976,8.713,7.597,7.926,7.175,7.781,7.302,7.672,7.934,7.35,8.101,7.74,7.653,8.132,8.302,7.642,8.045,7.864,8.187,7.679,7.199,7.498
501.03,27,8.054,8.683,7.54,7.863,7.184,7.748,7.238,7.686,7.966,7.299,8.157,7.718,7.728,8.107,8.22,7.747,8.029,7.933,8.214,7.698,7.195,7.461
502.03,27,8.071,8.641,7.557,7.914,7.214,7.727,7.253,7.655,7.949,7.358,8.036,7.748,7.665,8.152,8.252,7.706,8.067,7.911,8.152,7.664,7.188,7.451
503.03,27,8.039,8.717,7.511,7.867,7.252,7.733,7.293,7.718,8.012,7.285,8.06,7.708,7.717,8.17,8.282,7.726,8.07,7.903,8.106,7.645,7.192,7.429
504.03,27,8.011,8.755,7.466,7.863,7.221,7.725,7.207,7.689,7.96,7.321,8.081,7.72,7.657,8.183,8.236,7.657,8.026,7.879,8.176,7.666,7.207,7.46
505.03,27,8.08,8.733,7.502,7.847,7.151,7.701,7.313,7.717,7.993,7.359,8.068,7.788,7.669,8.086,8.158,7.725,8.005,7.929,8.143,7.621,7.165,7.474
506.03,27,8.038,8.763,7.526,7.844,7.221,7.774,7.283,7.692,7.979,7.248,8.103,7.724,7.647,8.162,8.302,7.675,8.039,7.953,8.245,7.686,7.152,7.451
507.03,27,8.079,8.708,7.487,7.885,7.241,7.771,7.235,7.669,7.936,7.303,8.118,7.731,7.685,8.122,8.239,7.68,8.059,7.981,8.134,7.62,7.163,7.479
508.03,27,8.041,8.691,7.453,7.933,7.21,7.723,7.237,7.674,7.961,7.263,8.057,7.743,7.641,8.122,8.292,7.745,8.027,7.937,8.173,7.686,7.157,7.428
509.03,27,8.043,8.677,7.523,7.889,7.299,7.711,7.205,7.679,7.927,7.268,8.041,7.714,7.681,8.168,8.227,7.73,8.075,7.935,8.196,7.669,7.157,7.413
510.03,27,8.052,8.739,7.538,7.852,7.192,7.765,7.304,7.635,7.907,7.308,8.124,7.743,7.681,8.164,8.302,7.681,8.083,7.859,8.154,7.652,7.19,7.46
511.03,27,8.003,8.731,7.543,7.846,7.164,7.809,7.299,7.713,7.954,7.265,7.984,7.747,7.661,8.177,8.238,7.704,8.069,7.956,8.188,7.705,7.166,7.439
512.03,27,8.024,8.702,7.549,7.867,7.239,7.763,7.267,7.648,7.935,7.293,8.077,7.755,7.676,8.153,8.247,7.694,8.06,7.864,8.121,7.643,7.134,7.426
513.03,27,8.025,8.705,7.513,7.819,7.215,7.754,7.201,7.675,7.91,7.281,8.066,7.755,7.695,8.153,8.23,7.663,8.094,7.921,8.156,7.73,7.15,7.354
514.03,27,8.023,8.626,7.458,7.868,7.194,7.76,7.277,7.637,7.942,7.284,8.091,7.757,7.662,8.188,8.224,7.658,8.078,7.872,8.192,7.646,7.156,7.482
515.03,27,7.985,8.721,7.534,7.883,7.246,7.727,7.184,7.69,7.882,7.301,8.067,7.719,7.621,8.204,8.273,7.672,8.031,7.925,8.145,7.696,7.146,7.359
516.03,27,8.05,8.688,7.51,7.864,7.245,7.773,7.268,7.658,7.935,7.262,8.084,7.76,7.691,8.169,8.253,7.672,8.03,7.881,8.119,7.664,7.179,7.385
517.03,27,8.005,8.71,7.497,7.878,7.183,7.715,7.239,7.616,7.902,7.241,8.064,7.788,7.679,8.182,8.196,7.659,8.134,7.881,8.157,7.784,7.102,7.438
518.03,27,8.017,8.642,7.508,7.863,7.22,7.718,7.244,7.715,7.961,7.281,8.033,7.735,7.624,8.21,8.217,7.696,8.013,7.908,8.242,7.694,7.16,7.402
519.03,27,8.032,8.612,7.477,7.779,7.227,7.768,7.188,7.653,7.971,7.259,8.074,7.743,7.681,8.064,8.249,7.663,8.061,7.867,8.12,7.629,7.164,7.479
520.03,27,7.938,8.748,7.475,7.85,7.249,7.728,7.293,7.622,8.028,7.287,8.131,7.788,7.609,8.129,8.243,7.669,8.05,7.883,8.175,7.672,7.147,7.397
521.03,27,8.005,8.72,7.495,7.829,7.25,7.722,7.254,7.685,7.987,7.326,8.043,7.706,7.605,8.162,8.233,7.699,8.051,7.866,8.157,7.703,7.132,7.361
522.03,27,8.024,8.714,7.512,7.857,7.214,7.723,7.175,7.649,8.002,7.24,7.986,7.715,7.64,8.167,8.257,7.651,8.009,7.917,8.158,7.728,7.153,7.402
523.03,27,7.997,8.681,7.494,7.822,7.143,7.71,7.201,7.654,7.939,7.287,8.076,7.77,7.641,8.116,8.203,7.66,8.071,7.98,8.163,7.674,7.122,7.418
524.03,27,8.003,8.699,7.492,7.826,7.139,7.736,7.227,7.595,7.906,7.297,8.076,7.687,7.604,8.138,8.246,7.663,8.035,7.805,8.161,7.612,7.123,7.352
525.03,27,8.015,8.685,7.538,7.817,7.154,7.77,7.244,7.624,7.954,7.208,8.056,7.705,7.641,8.144,8.26,7.631,8.058,7.875,8.249,7.632,7.06,7.396
526.03,27,7.993,8.661,7.49,7.861,7.163,7.72,7.258,7.626,7.923,7.252,8.034,7.765,7.698,8.125,8.251,7.646,8.068,7.869,8.186,7.671,7.152,7.381
527.03,27,7.976,8.664,7.531,7.802,7.253,7.784,7.231,7.687,7.963,7.281,7.992,7.62,7.657,8.113,8.206,7.68,8.027,7.836,8.197,7.69,7.105,7.462
528.03,27,7.97,8.659,7.517,7.845,7.191,7.744,7.252,7.678,7.869,7.284,8.046,7.764,7.65,8.123,8.288,7.663,8.075,7.936,8.129,7.675,7.086,7.352
529.03,27,7.963,8.73,7.46,7.821,7.105,7.736,7.234,7.63,7.929,7.245,7.996,7.751,7.707,8.104,8.246,7.651,8.071,7.846,8.114,7.632,7.155,7.363
530.03,27,8.089,8.716,7.49,7.858,7.251,7.774,7.177,7.571,7.924,7.295,8.049,7.708,7.594,8.133,8.179,7.68,8.086,7.871,8.133,7.664,7.153,7.394
531.03,27,7.993,8.651,7.541,7.826,7.207,7.757,7.309,7.616,7.902,7.288,8.064,7.716,7.642,8.098,8.213,7.741,8.006,7.883,8.159,7.633,7.144,7.409
532.03,27,7.994,8.684,7.513,7.83,7.158,7.736,7.17,7.632,7.949,7.305,8.06,7.657,7.686,8.148,8.268,7.708,8.075,7.833,8.2,7.585,7.215,7.451
533.03,27,7.97,8.676,7.504,7.808,7.181,7.733,7.192,7.617,7.976,7.296,8.065,7.729,7.723,8.198,8.187,7.603,8.022,7.857,8.138,7.684,7.08,7.409
534.03,27,7.968,8.687,7.504,7.797,7.123,7.731,7.237,7.588,7.927,7.237,8.041,7.698,7.612,8.122,8.228,7.634,8.016,7.816,8.137,7.706,7.111,7.398
535.03,27,7.941,8.67,7.497,7.809,7.258,7.754,7.18,7.653,8,7.225,8.024,7.724,7.667,8.125,8.279,7.617,8.03,7.92,8.164,7.642,7.136,7.416
536.03,27,7.982,8.718,7.503,7.856,7.18,7.736,7.186,7.675,7.911,7.276,8.006,7.814,7.623,8.132,8.224,7.66,8.043,7.868,8.149,7.678,7.083,7.361
537.03,27,7.958,8.716,7.538,7.819,7.214,7.783,7.218,7.615,7.981,7.215,8.009,7.727,7.598,8.074,8.139,7.696,8.037,7.886,8.088,7.723,7.129,7.395
538.03,27,8.008,8.691,7.47,7.753,7.215,7.716,7.24,7.6,7.838,7.214,8.126,7.701,7.625,8.091,8.236,7.667,8.11,7.865,8.142,7.593,7.149,7.401
539.03,27,7.956,8.674,7.543,7.783,7.207,7.765,7.272,7.625,7.892,7.178,8.028,7.726,7.663,8.159,8.226,7.661,8.065,7.869,8.12,7.679,7.105,7.308
540.03,27,7.942,8.676,7.465,7.837,7.202,7.808,7.195,7.677,8.029,7.262,8.053,7.818,7.663,8.061,8.271,7.62,8.086,7.892,8.097,7.611,7.059,7.383
541.03,27,8.021,8.691,7.477,7.768,7.142,7.793,7.202,7.664,7.973,7.193,7.996,7.687,7.678,8.11,8.197,7.6,7.994,7.899,8.135,7.657,7.146,7.451
542.03,27,8.024,8.712,7.458,7.795,7.11,7.711,7.169,7.636,7.891,7.209,7.988,7.688,7.606,8.073,8.227,7.674,8.061,7.885,8.138,7.604,7.071,7.383
543.03,27,8.021,8.643,7.573,7.836,7.143,7.761,7.16,7.599,7.984,7.212,8.058,7.741,7.613,8.124,8.239,7.69,8.044,7.91,8.181,7.66,7.088,7.367
544.03,27,7.951,8.713,7.48,7.714,7.216,7.71,7.227,7.597,7.92,7.236,7.967,7.699,7.662,8.13,8.167,7.693,8.043,7.948,8.186,7.61,7.142,7.387
545.03,27,7.997,8.656,7.483,7.79,7.213,7.814,7.274,7.628,7.929,7.239,7.991,7.666,7.621,8.082,8.232,7.632,7.993,7.963,8.115,7.596,7.099,7.457
546.03,27,8.011,8.699,7.475,7.705,7.134,7.779,7.218,7.615,7.95,7.235,8.042,7.733,7.61,8.091,8.219,7.682,8.091,7.898,8.169,7.62,7.123,7.411
547.03,27,7.959,8.694,7.475,7.739,7.18,7.774,7.196,7.627,8.005,7.254,8.03,7.623,7.582,8.077,8.293,7.665,8.086,7.882,8.092,7.624,7.125,7.37
548.03,27,7.949,8.698,7.499,7.786,7.195,7.685,7.208,7.596,7.902,7.251,8.035,7.631,7.643,8.09,8.166,7.598,8.034,7.921,8.219,7.648,7.1,7.421
549.03,27,7.945,8.667,7.559,7.802,7.159,7.66,7.192,7.604,7.95,7.189,8.05,7.676,7.546,8.164,8.191,7.61,8.008,7.863,8.109,7.598,7.083,7.358
550.03,27,8.013,8.648,7.476,7.783,7.159,7.71,7.192,7.643,7.891,7.189,8.024,7.679,7.546,8.072,8.186,7.613,8.047,7.82,8.131,7.639,7.042,7.368
551.03,27,7.995,8.659,7.431,7.747,7.205,7.72,7.189,7.621,7.962,7.155,8,7.703,7.567,8.111,8.199,7.624,8.015,7.846,8.128,7.643,7.125,7.333
552.03,27,7.953,8.654,7.535,7.753,7.15,7.736,7.242,7.622,7.977,7.229,7.987,7.738,7.549,8.094,8.156,7.629,8.005,7.846,8.125,7.664,7.046,7.33
553.03,27,7.928,8.655,7.516,7.751,7.104,7.748,7.162,7.683,7.97,7.189,8.007,7.711,7.675,8.198,8.173,7.655,8.047,7.892,8.136,7.54,7.075,7.42
554.03,27,8.012,8.663,7.521,7.769,7.178,7.733,7.221,7.624,7.916,7.159,8.007,7.718,7.648,8.158,8.24,7.636,8.018,7.871,8.16,7.736,7.065,7.381
555.03,27,8.016,8.689,7.465,7.718,7.158,7.729,7.219,7.575,8.003,7.234,8.058,7.691,7.631,8.098,8.257,7.609,8.067,7.836,8.113,7.699,7.097,7.363
556.03,27,8.024,8.657,7.454,7.74,7.176,7.696,7.213,7.616,7.933,7.223,8.035,7.64,7.559,8.125,8.157,7.648,8.006,7.866,8.101,7.67,7.029,7.378
557.03,27,8.02,8.693,7.495,7.807,7.156,7.649,7.109,7.694,7.874,7.242,7.935,7.702,7.597,8.13,8.208,7.667,8.052,7.842,8.121,7.57,7.058,7.318
558.03,27,7.961,8.672,7.43,7.731,7.123,7.72,7.157,7.678,7.923,7.152,7.966,7.676,7.625,8.144,8.23,7.674,8.026,7.853,8.1,7.663,7.081,7.369
559.03,27,8.014,8.687,7.492,7.758,7.159,7.709,7.251,7.655,7.914,7.186,8.048,7.702,7.633,8.139,8.193,7.654,8.007,7.836,8.174,7.622,7.065,7.332
560.03,27,8,8.604,7.45,7.792,7.149,7.793,7.21,7.588,7.941,7.164,7.999,7.717,7.62,8.136,8.265,7.592,7.982,7.843,8.113,7.64,7.069,7.343
561.03,27,7.953,8.6,7.432,7.757,7.171,7.701,7.213,7.601,7.971,7.23,8.013,7.69,7.701,8.053,8.225,7.66,7.95,7.846,8.136,7.629,7.008,7.34
562.03,27,7.993,8.654,7.47,7.743,7.159,7.726,7.19,7.594,7.891,7.147,7.988,7.637,7.599,8.09,8.143,7.611,8.006,7.831,8.08,7.651,7.058,7.356
563.03,27,7.984,8.647,7.402,7.765,7.143,7.738,7.238,7.585,7.905,7.168,8.033,7.744,7.64,8.163,8.165,7.614,8.011,7.878,8.126,7.66,7.081,7.341
564.03,27,8.004,8.609,7.456,7.748,7.143,7.74,7.232,7.588,7.944,7.14,7.935,7.745,7.634,8.139,8.217,7.65,7.974,7.798,8.122,7.648,7.135,7.329
565.03,27,7.991,8.662,7.456,7.713,7.179,7.686,7.22,7.651,7.979,7.221,7.956,7.7,7.594,8.082,8.185,7.656,8.011,7.829,8.118,7.614,7.056,7.312
566.03,27,8.001,8.6,7.526,7.766,7.18,7.707,7.21,7.601,7.908,7.189,7.98,7.681,7.56,8.105,8.197,7.564,7.987,7.815,8.079,7.593,7.017,7.358
567.03,27,7.985,8.769,7.502,7.763,7.102,7.704,7.148,7.623,7.934,7.156,8.045,7.604,7.582,8.117,8.19,7.662,7.976,7.849,8.191,7.59,7.036,7.314
568.03,27,7.995,8.681,7.466,7.71,7.136,7.77,7.157,7.676,7.864,7.189,8.001,7.684,7.59,8.061,8.173,7.644,8.005,7.798,8.107,7.612,7.023,7.382
569.03,27,7.938,8.652,7.428,7.723,7.189,7.708,7.207,7.621,7.943,7.188,8.02,7.677,7.644,8.122,8.17,7.62,8.018,7.879,8.111,7.66,7.11,7.373
570.03,27,7.969,8.617,7.445,7.748,7.195,7.703,7.198,7.544,7.878,7.105,8.033,7.738,7.686,8.117,8.182,7.626,8.009,7.812,8.137,7.628,7.111,7.364
571.03,27,8.003,8.671,7.536,7.802,7.128,7.702,7.262,7.663,7.889,7.136,7.99,7.653,7.634,8.083,8.222,7.643,8.032,7.86,8.081,7.648,7.056,7.343
572.03,27,7.905,8.659,7.424,7.713,7.136,7.765,7.175,7.614,7.952,7.134,7.974,7.658,7.589,8.1,8.154,7.624,8.006,7.78,8.044,7.575,7.01,7.417
573.03,27,7.951,8.709,7.462,7.738,7.15,7.745,7.161,7.543,7.997,7.107,8.001,7.692,7.668,8.054,8.16,7.601,7.984,7.808,8.133,7.596,7.071,7.277
574.03,27,7.893,8.627,7.507,7.714,7.098,7.77,7.162,7.631,7.922,7.144,7.993,7.719,7.619,8.108,8.21,7.545,8.027,7.818,8.042,7.698,6.994,7.325
575.03,27,7.953,8.642,7.445,7.694,7.16,7.74,7.203,7.586,7.875,7.123,8.082,7.65,7.589,8.125,8.199,7.577,7.986,7.84,8.09,7.619,7.069,7.313
576.03,27,7.908,8.669,7.47,7.683,7.188,7.705,7.119,7.574,7.856,7.144,7.992,7.637,7.565,8.146,8.249,7.624,8.072,7.821,8.107,7.659,7.126,7.301
577.03,27,7.94,8.688,7.383,7.754,7.168,7.724,7.178,7.612,7.903,7.139,7.922,7.669,7.601,8.172,8.17,7.658,8.053,7.827,8.131,7.595,7.052,7.317
578.03,27,7.966,8.596,7.423,7.683,7.131,7.772,7.206,7.611,7.857,7.128,7.956,7.659,7.603,8.163,8.193,7.6,7.998,7.828,8.143,7.532,7.079,7.342
579.03,27,8.011,8.688,7.44,7.699,7.163,7.751,7.204,7.635,7.898,7.132,7.993,7.629,7.551,8.117,8.222,7.542,8.011,7.846,8.176,7.581,7.024,7.334
580.03,27,7.969,8.637,7.468,7.727,7.155,7.649,7.189,7.593,7.931,7.103,7.957,7.645,7.55,8.135,8.208,7.693,8.041,7.855,8.126,7.564,6.983,7.335
581.03,27,7.914,8.686,7.451,7.718,7.14,7.74,7.146,7.636,7.913,7.17,8.023,7.662,7.609,8.077,8.201,7.579,7.997,7.8,8.09,7.67,7.028,7.326
582.03,27,7.988,8.587,7.416,7.712,7.132,7.673,7.161,7.621,7.919,7.18,8.001,7.625,7.589,8.081,8.143,7.583,7.995,7.899,8.086,7.674,6.984,7.357
583.03,27,7.946,8.612,7.398,7.662,7.148,7.747,7.19,7.603,7.96,7.119,7.954,7.663,7.648,8.08,8.236,7.546,8.047,7.861,8.087,7.623,7.038,7.283
584.03,27,7.905,8.656,7.38,7.67,7.147,7.721,7.152,7.616,7.946,7.151,8.018,7.674,7.595,8.089,8.154,7.649,7.948,7.838,8.092,7.566,7.026,7.249
585.03,27,7.936,8.646,7.395,7.633,7.22,7.691,7.128,7.643,7.805,7.106,7.982,7.705,7.565,8.126,8.209,7.621,8.034,7.83,8.118,7.577,7.001,7.303
586.03,27,7.915,8.675,7.513,7.701,7.114,7.693,7.139,7.584,7.928,7.153,8.032,7.673,7.595,8.132,8.202,7.651,8.041,7.866,8.138,7.641,7.049,7.289
587.03,27,7.996,8.617,7.423,7.672,7.154,7.646,7.189,7.595,7.897,7.153,8.012,7.677,7.564,8.051,8.187,7.599,7.967,7.798,8.083,7.564,7.055,7.355
588.03,27,7.977,8.636,7.501,7.688,7.149,7.723,7.153,7.603,7.875,7.102,7.957,7.636,7.599,8.123,8.174,7.599,7.998,7.795,8.102,7.599,7.022,7.286
589.03,27,7.924,8.629,7.46,7.643,7.147,7.716,7.153,7.6,7.892,7.156,7.911,7.621,7.596,8.094,8.196,7.613,7.95,7.751,8.08,7.535,7.055,7.307
590.03,27,7.903,8.689,7.429,7.656,7.149,7.719,7.194,7.658,7.843,7.163,7.993,7.674,7.605,8.09,8.168,7.642,7.976,7.815,8.089,7.58,6.991,7.33
591.03,27,7.958,8.644,7.422,7.67,7.111,7.66,7.099,7.639,7.887,7.148,7.929,7.637,7.589,8.137,8.154,7.543,8.024,7.797,8.058,7.593,6.946,7.291
592.03,27,7.935,8.637,7.482,7.607,7.077,7.725,7.126,7.593,7.871,7.17,7.957,7.633,7.586,8.116,8.188,7.646,7.987,7.815,8.128,7.57,7.037,7.25
593.03,27,7.987,8.58,7.436,7.712,7.16,7.664,7.137,7.589,7.914,7.173,7.969,7.666,7.562,8.136,8.231,7.593,8.015,7.865,8.084,7.595,7.001,7.275
594.03,27,7.937,8.618,7.436,7.681,7.12,7.66,7.098,7.628,7.896,7.118,8.03,7.649,7.591,8.133,8.201,7.6,8.026,7.837,8.079,7.661,7.051,7.323
595.03,27,7.879,8.53,7.443,7.679,7.096,7.672,7.136,7.567,7.952,7.108,7.949,7.638,7.571,8.149,8.167,7.599,7.94,7.76,8.155,7.602,6.991,7.242
596.03,27,7.931,8.693,7.425,7.671,7.11,7.698,7.157,7.639,7.932,7.122,7.966,7.533,7.615,8.088,8.215,7.547,7.955,7.799,8.142,7.53,7.076,7.24
597.03,27,7.925,8.647,7.413,7.665,7.109,7.691,7.121,7.578,7.944,7.02,7.916,7.617,7.594,8.106,8.162,7.597,7.913,7.795,8.056,7.596,7.022,7.302
598.03,27,7.94,8.595,7.45,7.609,7.16,7.735,7.15,7.641,7.847,7.125,7.953,7.616,7.585,8.032,8.144,7.582,7.979,7.801,8.085,7.599,7.035,7.295
599.03,27,7.886,8.663,7.43,7.655,7.11,7.684,7.153,7.536,7.835,7.108,7.999,7.657,7.546,8.109,8.189,7.667,8.055,7.73,8.046,7.619,7.034,7.272
600.03,27,7.926,8.535,7.394,7.644,7.136,7.658,7.172,7.578,7.847,7.1,7.989,7.667,7.588,8.112,8.086,7.632,7.994,7.822,8.079,7.594,7.016,7.276
601.03,27,7.939,8.638,7.481,7.684,7.078,7.704,7.194,7.613,7.947,7.129,7.974,7.642,7.603,8.054,8.164,7.591,7.986,7.763,8.023,7.594,7.093,7.3
602.03,27,7.901,8.588,7.477,7.679,7.092,7.675,7.194,7.649,7.89,7.127,7.962,7.655,7.513,8.092,8.189,7.664,7.984,7.775,8.117,7.542,6.928,7.34
603.03,27,7.917,8.678,7.455,7.616,7.117,7.706,7.151,7.607,7.928,7.109,7.98,7.567,7.543,8.075,8.088,7.591,7.964,7.823,8.158,7.585,7.005,7.272
604.03,27,7.899,8.597,7.465,7.688,7.026,7.648,7.187,7.528,7.898,7.094,7.911,7.644,7.525,8.179,8.157,7.501,7.975,7.832,8.028,7.616,6.94,7.308
605.03,27,8.015,8.627,7.408,7.691,7.129,7.767,7.163,7.601,7.879,7.078,7.957,7.655,7.539,8.049,8.191,7.556,7.963,7.782,8.091,7.574,6.977,7.228
606.03,27,7.976,8.689,7.386,7.638,7.204,7.7,7.176,7.57,7.936,7.004,7.951,7.599,7.523,8.146,8.102,7.646,7.982,7.744,8.09,7.63,7.022,7.31
607.03,27,7.948,8.626,7.441,7.65,7.192,7.585,7.212,7.538,7.823,7.112,7.974,7.643,7.551,8.086,8.165,7.632,7.968,7.736,8.041,7.604,7.012,7.254
608.03,27,7.922,8.627,7.495,7.67,7.086,7.645,7.187,7.579,7.923,7.023,8,7.625,7.541,8.175,8.14,7.553,7.983,7.758,8.059,7.633,6.933,7.29
609.03,27,7.937,8.58,7.415,7.655,7.019,7.63,7.115,7.649,7.895,7.07,7.983,7.579,7.554,8.089,8.177,7.597,7.928,7.82,8.038,7.602,6.982,7.373
610.03,27,7.93,8.59,7.453,7.556,7.07,7.666,7.146,7.567,7.874,7.065,7.913,7.726,7.512,8.14,8.107,7.64,8,7.861,8.124,7.579,7.007,7.343
611.03,27,7.883,8.593,7.417,7.689,7.13,7.703,7.195,7.601,7.931,7.054,7.958,7.652,7.552,8.062,8.104,7.664,7.931,7.776,8.016,7.558,7.004,7.274
612.03,27,7.935,8.596,7.419,7.633,7.121,7.679,7.116,7.571,7.896,7.069,7.876,7.634,7.563,8.065,8.112,7.554,7.929,7.734,8.113,7.565,6.99,7.354
613.03,27,7.912,8.656,7.404,7.641,7.1,7.694,7.115,7.595,7.946,7.047,7.983,7.577,7.541,8.056,8.199,7.583,7.983,7.795,8.094,7.594,6.963,7.402
614.03,27,7.918,8.629,7.467,7.623,7.171,7.721,7.158,7.604,7.895,6.986,7.945,7.609,7.504,8.074,8.196,7.541,7.967,7.791,8.031,7.592,6.925,7.295
615.03,27,7.995,8.573,7.423,7.627,7.126,7.657,7.134,7.608,7.894,7.138,8,7.655,7.554,8.093,8.145,7.609,7.909,7.768,8.055,7.555,7.01,7.245
616.03,27,7.949,8.599,7.481,7.643,7.133,7.682,7.191,7.502,7.906,7.007,7.974,7.612,7.562,8.095,8.149,7.626,7.992,7.734,8.032,7.558,6.89,7.239
617.03,27,7.869,8.578,7.394,7.588,7.089,7.637,7.154,7.565,7.869,7.083,7.935,7.587,7.535,8.071,8.173,7.586,7.963,7.795,8.108,7.57,6.94,7.286
618.03,27,7.979,8.558,7.426,7.641,7.083,7.669,7.105,7.541,7.855,7.075,8.016,7.62,7.515,8.004,8.162,7.599,7.941,7.804,8.085,7.643,6.944,7.268
619.03,27,7.946,8.63,7.439,7.644,7.062,7.73,7.178,7.62,7.885,7.103,8.019,7.679,7.552,8.179,8.159,7.571,7.924,7.756,8.073,7.531,6.916,7.298
620.03,27,7.893,8.627,7.344,7.607,7.121,7.653,7.177,7.552,7.917,7.008,7.932,7.623,7.553,8.045,8.086,7.579,7.959,7.781,8.047,7.597,6.942,7.279
621.03,27,7.886,8.635,7.478,7.666,7.089,7.67,7.089,7.546,7.889,7.147,7.979,7.537,7.527,8.086,8.19,7.63,7.958,7.773,8.083,7.531,6.969,7.29
622.03,27,7.905,8.613,7.379,7.57,7.1,7.657,7.091,7.554,7.911,7.074,7.981,7.58,7.556,8.068,8.111,7.57,7.949,7.835,8.048,7.587,6.952,7.331
623.03,27,7.907,8.589,7.405,7.572,7.076,7.686,7.116,7.556,7.862,7.05,7.959,7.687,7.582,8.066,8.142,7.57,7.961,7.745,8.111,7.494,7.014,7.261
624.03,27,7.925,8.665,7.423,7.586,7.129,7.673,7.108,7.58,7.893,7.096,7.929,7.661,7.556,8.079,8.167,7.539,7.961,7.831,8.057,7.511,7.002,7.211
625.03,27,7.937,8.563,7.394,7.583,7.116,7.749,7.162,7.539,7.886,7.07,7.917,7.612,7.525,8.104,8.154,7.624,7.995,7.742,8.12,7.607,7.008,7.236
626.03,27,7.857,8.628,7.422,7.606,7.076,7.67,7.098,7.496,7.885,6.994,7.96,7.593,7.599,8.011,8.157,7.605,7.982,7.774,8.068,7.557,6.969,7.248
627.03,27,7.922,8.599,7.404,7.559,7.126,7.684,7.18,7.589,7.881,7.056,7.907,7.712,7.532,8.081,8.094,7.586,7.973,7.738,8.085,7.65,6.893,7.227
628.03,27,7.932,8.602,7.398,7.573,7.17,7.68,7.187,7.625,7.908,7.051,7.982,7.616,7.52,8.067,8.164,7.552,7.981,7.802,8.022,7.527,6.906,7.209
629.03,27,7.927,8.605,7.4,7.587,7.077,7.767,7.117,7.608,7.921,7.063,7.924,7.643,7.496,8.067,8.137,7.612,7.926,7.726,8.002,7.517,6.924,7.252
630.03,27,7.88,8.605,7.378,7.579,7.103,7.65,7.074,7.516,7.908,7.028,7.958,7.645,7.624,8.089,8.138,7.572,8.045,7.773,8.063,7.56,6.935,7.264
631.03,27,7.903,8.57,7.438,7.56,7.094,7.627,7.065,7.623,7.846,7.011,7.944,7.598,7.602,8.093,8.17,7.545,7.979,7.819,8.048,7.531,6.931,7.265
632.03,27,7.941,8.577,7.464,7.586,7.106,7.648,7.129,7.591,7.864,7.03,7.898,7.61,7.564,8.163,8.115,7.548,7.99,7.752,8.067,7.547,6.885,7.215
633.03,27,7.93,8.538,7.412,7.621,7.047,7.669,7.136,7.607,7.863,7.006,7.934,7.595,7.565,8.063,8.062,7.569,7.945,7.797,8.054,7.566,6.935,7.276
634.03,27,7.927,8.566,7.377,7.582,7.127,7.706,7.082,7.578,7.838,6.979,7.919,7.596,7.586,8.094,8.168,7.524,7.986,7.793,7.963,7.573,6.91,7.299
635.03,27,7.915,8.553,7.371,7.588,7.148,7.636,7.1,7.591,7.897,7,7.861,7.596,7.528,8.095,8.14,7.585,7.958,7.752,8.08,7.519,6.893,7.299
636.03,27,7.936,8.593,7.427,7.563,7.131,7.615,7.106,7.517,7.854,6.975,7.947,7.61,7.51,8.011,8.112,7.558,7.953,7.727,8.04,7.547,7.009,7.235
637.03,27,7.881,8.655,7.396,7.517,7.13,7.724,7.077,7.588,7.865,6.983,7.926,7.632,7.587,8.065,8.127,7.561,7.886,7.811,8.058,7.592,6.904,7.26
638.03,27,7.933,8.575,7.355,7.605,7.104,7.599,7.132,7.551,7.791,6.947,7.94,7.625,7.544,8.032,8.125,7.572,7.988,7.807,8.084,7.55,6.865,7.156
639.03,27,7.883,8.561,7.377,7.57,7.066,7.615,7.132,7.557,7.889,7.016,7.919,7.566,7.545,8.081,8.119,7.542,7.934,7.763,8.061,7.572,6.995,7.25
640.03,27,7.882,8.594,7.33,7.536,7.1,7.649,7.146,7.566,7.915,7.045,7.922,7.637,7.585,8.03,8.155,7.589,7.936,7.769,8.02,7.535,6.963,7.206
641.03,27,7.912,8.619,7.368,7.535,7.102,7.621,7.136,7.582,7.864,6.98,7.872,7.629,7.553,8.091,8.137,7.513,7.992,7.726,8.083,7.572,6.966,7.21
642.03,27,7.895,8.579,7.399,7.608,7.074,7.571,7.102,7.455,7.856,6.955,7.9,7.608,7.506,7.989,8.127,7.527,7.983,7.79,8.062,7.528,6.97,7.21
643.03,27,7.946,8.527,7.359,7.509,7.119,7.618,7.071,7.628,7.912,6.972,7.979,7.64,7.514,8.054,8.12,7.611,7.914,7.727,8.045,7.527,6.908,7.272
644.03,27,7.924,8.613,7.354,7.599,7.049,7.632,7.065,7.588,7.901,7.018,7.891,7.669,7.532,8.076,8.104,7.544,7.934,7.769,8.038,7.534,6.96,7.225
645.03,27,7.941,8.534,7.344,7.555,7.09,7.671,7.08,7.566,7.832,6.996,7.944,7.601,7.56,8.086,8.068,7.525,7.92,7.721,8.005,7.524,6.979,7.166
646.03,27,7.877,8.595,7.392,7.559,7.113,7.678,7.088,7.51,7.888,7.011,7.897,7.629,7.527,8.12,8.097,7.565,7.932,7.793,8.022,7.545,6.882,7.223
647.03,27,7.854,8.583,7.419,7.522,7.085,7.624,7.122,7.578,7.952,6.933,7.912,7.632,7.608,8.074,8.181,7.63,7.945,7.753,7.934,7.501,6.872,7.217
648.03,27,7.937,8.609,7.387,7.503,7.046,7.664,7.106,7.546,7.873,6.936,7.969,7.602,7.514,8.066,8.029,7.537,7.861,7.773,8.026,7.473,6.901,7.179
649.03,27,7.878,8.594,7.355,7.537,7.061,7.647,7.119,7.561,7.882,7.023,7.922,7.582,7.521,8.108,8.09,7.582,7.981,7.715,8.053,7.551,6.933,7.277
650.03,27,7.953,8.589,7.384,7.517,7.083,7.643,7.051,7.585,7.863,7.025,7.904,7.556,7.51,8.059,8.149,7.607,7.866,7.756,8.108,7.631,6.935,7.199
651.03,27,7.888,8.592,7.384,7.543,7.023,7.632,7.214,7.522,7.841,6.972,7.875,7.573,7.566,8.018,8.149,7.583,7.986,7.757,8.04,7.51,6.874,7.181
652.03,27,7.926,8.59,7.386,7.546,7.025,7.65,7.067,7.539,7.896,6.981,7.912,7.609,7.493,8.021,8.083,7.557,7.951,7.737,7.997,7.511,6.899,7.218
653.03,27,7.927,8.654,7.426,7.554,7.037,7.589,7.116,7.556,7.896,6.954,7.864,7.613,7.484,8.107,8.137,7.556,7.947,7.725,7.978,7.593,6.93,7.212
654.03,27,7.932,8.565,7.466,7.519,7.136,7.611,7.128,7.585,7.831,6.984,7.868,7.628,7.511,8.043,8.132,7.525,7.932,7.723,8.004,7.53,6.913,7.259
655.03,27,7.861,8.592,7.355,7.515,7.065,7.659,7.048,7.55,7.817,6.968,7.856,7.539,7.458,8.098,8.107,7.534,7.963,7.779,8.056,7.519,6.88,7.202
656.03,27,7.81,8.601,7.399,7.55,7.066,7.655,7.043,7.54,7.82,6.921,7.868,7.632,7.503,8.064,8.098,7.518,7.9,7.736,8.065,7.517,6.861,7.211
657.03,27,7.904,8.505,7.354,7.558,7.07,7.655,7.113,7.478,7.829,6.983,7.925,7.594,7.471,8.006,8.203,7.522,7.993,7.746,8.056,7.606,6.919,7.297
658.03,27,7.885,8.534,7.402,7.549,7.089,7.619,7.139,7.541,7.828,6.902,7.894,7.606,7.556,7.984,8.12,7.547,7.893,7.702,8.087,7.507,6.886,7.236
659.03,27,7.908,8.51,7.394,7.594,7.013,7.659,7.039,7.546,7.899,6.908,7.893,7.596,7.548,8.1,8.132,7.601,7.924,7.766,7.996,7.503,6.938,7.157
660.03,27,7.892,8.547,7.351,7.489,7.063,7.688,7.099,7.482,7.871,6.992,7.913,7.61,7.552,8.067,8.122,7.531,7.917,7.744,8.072,7.574,6.841,7.264
661.03,27,7.914,8.542,7.324,7.517,7.1,7.621,7.072,7.524,7.888,6.966,7.916,7.536,7.536,8.063,8.094,7.613,7.887,7.735,8.036,7.486,6.887,7.168
662.03,27,7.956,8.575,7.339,7.494,7.134,7.568,7.087,7.526,7.908,6.953,7.897,7.581,7.484,8.061,8.101,7.559,7.927,7.728,8.056,7.592,6.882,7.184
663.03,27,7.856,8.584,7.294,7.537,7.053,7.601,7.117,7.53,7.824,6.94,7.89,7.588,7.567,8.048,8.098,7.573,7.89,7.755,8.015,7.536,6.873,7.25
664.03,27,7.9,8.551,7.432,7.461,7.071,7.655,7.06,7.546,7.88,6.983,7.899,7.615,7.482,8.075,8.096,7.544,7.93,7.713,8.016,7.529,6.858,7.178
665.03,27,7.897,8.529,7.342,7.537,7.082,7.635,7.141,7.521,7.858,6.93,7.882,7.52,7.514,8.065,8.126,7.495,7.958,7.68,8.065,7.571,6.902,7.17
666.03,27,7.885,8.608,7.361,7.537,7.025,7.639,7.053,7.48,7.853,6.946,7.915,7.545,7.519,8.117,8.057,7.536,7.918,7.75,7.962,7.582,6.887,7.188
667.03,27,7.856,8.613,7.384,7.445,6.994,7.625,7.097,7.584,7.892,6.97,7.911,7.592,7.558,8.045,8.089,7.533,7.931,7.701,8.034,7.487,6.854,7.172
668.03,27,7.904,8.582,7.387,7.495,7.009,7.637,7.086,7.613,7.868,6.931,7.889,7.531,7.503,8.038,8.041,7.539,7.921,7.734,8.047,7.567,6.922,7.196
669.03,27,7.836,8.572,7.349,7.538,7.082,7.649,7.112,7.523,7.805,7.035,7.87,7.518,7.527,7.993,8.066,7.533,7.968,7.704,8.03,7.545,6.873,7.196
670.03,27,7.87,8.522,7.328,7.55,7.089,7.635,7.07,7.518,7.82,6.937,7.909,7.548,7.501,8.024,8.089,7.527,7.908,7.736,8.035,7.564,6.807,7.205
671.03,27,7.905,8.557,7.432,7.537,7.051,7.61,7.069,7.516,7.852,6.91,7.861,7.589,7.518,8.059,8.042,7.573,7.934,7.74,8.08,7.532,6.949,7.173
672.03,27,7.869,8.586,7.379,7.48,7.027,7.646,7.112,7.525,7.844,6.929,7.893,7.566,7.503,8.027,8.11,7.509,7.909,7.722,7.962,7.51,6.873,7.195
673.03,27,7.906,8.574,7.337,7.541,6.998,7.588,7.071,7.535,7.858,6.877,7.94,7.568,7.483,8.085,8.13,7.506,7.889,7.768,8.072,7.49,6.891,7.291
674.03,27,7.901,8.557,7.335,7.561,7.083,7.705,7.115,7.541,7.859,6.953,7.87,7.578,7.464,8.035,8.118,7.491,7.947,7.72,8.007,7.519,6.84,7.184
675.03,27,7.857,8.528,7.284,7.48,7.067,7.621,7.09,7.557,7.874,6.908,7.968,7.585,7.462,8.009,8.157,7.552,7.884,7.745,8.032,7.611,6.831,7.176
676.03,27,7.854,8.576,7.334,7.487,7.041,7.602,7.112,7.525,7.9,6.935,7.892,7.635,7.551,8.052,8.09,7.479,7.97,7.719,8.073,7.443,6.847,7.119
677.03,27,7.872,8.564,7.347,7.48,7.068,7.621,7.063,7.588,7.875,6.92,7.88,7.555,7.415,8.022,8.112,7.506,7.932,7.669,8.069,7.521,6.901,7.207
678.03,27,7.881,8.544,7.366,7.447,7.063,7.594,7.134,7.511,7.779,6.941,7.892,7.54,7.498,8.008,8.171,7.524,7.883,7.736,8.08,7.48,6.828,7.158
679.03,27,7.844,8.574,7.43,7.443,7.017,7.574,7.103,7.532,7.877,6.91,7.804,7.551,7.448,8.023,8.099,7.536,7.878,7.725,8.013,7.512,6.841,7.164
680.03,27,7.871,8.568,7.336,7.571,7.041,7.646,7.051,7.577,7.836,6.916,7.823,7.596,7.532,8.009,8.11,7.505,7.943,7.705,7.972,7.472,6.849,7.19
681.03,27,7.884,8.48,7.303,7.507,6.97,7.688,7.033,7.581,7.91,6.921,7.857,7.54,7.488,8.029,8.136,7.527,7.864,7.652,8.014,7.539,6.818,7.186
682.03,27,7.895,8.489,7.379,7.479,7.038,7.645,6.989,7.485,7.836,6.863,7.919,7.535,7.45,8.053,8.053,7.533,7.892,7.689,8.068,7.492,6.874,7.182
683.03,27,7.95,8.495,7.326,7.452,6.994,7.65,7.036,7.502,7.848,6.844,7.9,7.57,7.546,8.004,8.06,7.518,7.926,7.647,7.998,7.522,6.935,7.164
684.03,27,7.886,8.508,7.352,7.497,7.036,7.609,7.023,7.564,7.834,6.822,7.873,7.552,7.449,8.03,8.136,7.504,7.867,7.741,8.018,7.544,6.866,7.153
685.03,27,7.798,8.552,7.292,7.491,7.021,7.665,7.035,7.609,7.926,6.927,7.901,7.524,7.512,8.025,8.074,7.54,7.915,7.715,7.954,7.51,6.884,7.194
686.03,27,7.867,8.552,7.373,7.489,7.04,7.642,7.092,7.53,7.901,6.908,7.773,7.544,7.498,8.012,8.049,7.573,7.889,7.665,8.02,7.462,6.81,7.191
687.03,27,7.828,8.604,7.342,7.464,7.048,7.635,7.073,7.518,7.842,6.939,7.83,7.545,7.464,8.013,8.095,7.532,7.96,7.679,8.009,7.548,6.885,7.168
688.03,27,7.882,8.533,7.305,7.425,7.069,7.653,7.179,7.519,7.841,6.875,7.901,7.573,7.456,8.09,8.092,7.503,8,7.719,8.033,7.486,6.78,7.183
689.03,27,7.889,8.561,7.354,7.387,7.064,7.642,7.029,7.463,7.875,6.799,7.85,7.565,7.495,8,8.135,7.525,7.922,7.696,8.007,7.504,6.832,7.168
690.03,27,7.849,8.535,7.311,7.485,7.018,7.524,7.074,7.518,7.847,6.901,7.903,7.565,7.498,8.064,8.118,7.492,7.947,7.683,7.964,7.442,6.792,7.066
691.03,27,7.841,8.538,7.35,7.459,7.01,7.668,7.075,7.545,7.818,6.927,7.918,7.582,7.538,8.012,8.071,7.577,7.914,7.668,8.007,7.55,6.82,7.166
692.03,27,7.838,8.558,7.376,7.435,7.051,7.562,7.075,7.525,7.901,6.941,7.837,7.504,7.398,7.972,8.071,7.55,7.91,7.654,8.063,7.511,6.713,7.038
693.03,27,7.865,8.537,7.336,7.417,7.019,7.644,7.016,7.455,7.832,6.886,7.886,7.602,7.481,7.997,8.086,7.569,7.918,7.722,8.001,7.559,6.838,7.122
694.03,27,7.866,8.63,7.302,7.412,7.026,7.665,7.079,7.477,7.819,6.836,7.902,7.573,7.467,8.074,8.072,7.541,7.891,7.762,8.001,7.48,6.812,7.198
695.03,27,7.869,8.496,7.333,7.483,7.047,7.633,7.123,7.502,7.828,6.899,7.858,7.524,7.427,8.027,8.132,7.521,7.964,7.72,8.057,7.488,6.798,7.192
696.03,27,7.876,8.541,7.376,7.494,7.021,7.631,7.08,7.576,7.907,6.882,7.829,7.526,7.461,8.016,8.004,7.557,7.932,7.678,7.985,7.465,6.837,7.117
697.03,27,7.836,8.561,7.358,7.439,7.008,7.628,7.092,7.579,7.884,6.919,7.889,7.561,7.448,8.049,8.066,7.521,7.922,7.735,8.004,7.499,6.826,7.144
698.03,27,7.858,8.47,7.392,7.391,7,7.594,7.094,7.512,7.86,6.88,7.818,7.515,7.438,8.06,8.072,7.514,7.835,7.771,7.993,7.49,6.766,7.154
699.03,27,7.913,8.511,7.316,7.44,6.993,7.596,7.043,7.523,7.849,6.848,7.887,7.567,7.462,8.003,8.037,7.422,7.844,7.71,7.954,7.45,6.87,7.133
700.03,27,7.893,8.515,7.322,7.386,6.957,7.523,7.014,7.571,7.814,6.873,7.898,7.461,7.45,7.909,8.09,7.466,7.887,7.693,8.024,7.425,6.826,7.094
701.03,27,7.865,8.558,7.336,7.437,6.984,7.549,7.042,7.558,7.82,6.832,7.849,7.547,7.515,7.984,8.043,7.532,7.907,7.674,7.99,7.544,6.813,7.112
702.03,27,7.838,8.536,7.35,7.411,7.023,7.544,7.036,7.546,7.911,6.837,7.86,7.512,7.477,7.961,8.133,7.453,7.854,7.656,8.042,7.463,6.795,7.134
703.03,27,7.813,8.544,7.391,7.393,6.992,7.646,7.071,7.488,7.873,6.854,7.863,7.566,7.423,7.958,8.051,7.606,7.899,7.737,8.022,7.468,6.793,7.165
704.03,27,7.822,8.518,7.351,7.38,7.006,7.594,7.05,7.526,7.871,6.848,7.849,7.494,7.53,8.04,8.053,7.474,7.921,7.667,8.037,7.514,6.739,7.157
705.03,27,7.819,8.589,7.263,7.429,7.006,7.577,7.063,7.575,7.8,6.788,7.855,7.52,7.488,8.031,7.991,7.551,7.848,7.664,8.074,7.495,6.866,7.102
706.03,27,7.81,8.55,7.34,7.459,7.048,7.603,7.057,7.574,7.804,6.914,7.784,7.542,7.452,8.019,8.093,7.48,7.889,7.709,8.055,7.505,6.715,7.097
707.03,27,7.833,8.563,7.377,7.368,6.981,7.612,7.09,7.511,7.929,6.818,7.884,7.564,7.492,7.979,8.073,7.561,7.891,7.661,8.046,7.487,6.792,7.09
708.03,27,7.785,8.529,7.391,7.423,6.994,7.603,7.008,7.565,7.897,6.848,7.839,7.536,7.498,7.956,8.035,7.445,7.86,7.675,8.038,7.468,6.775,7.151
709.03,27,7.939,8.605,7.307,7.431,6.998,7.609,6.999,7.557,7.938,6.807,7.906,7.537,7.45,7.997,8.053,7.508,7.921,7.69,7.972,7.423,6.828,7.101
710.03,27,7.846,8.439,7.37,7.403,7.019,7.591,6.989,7.531,7.867,6.845,7.825,7.544,7.475,8.043,8.048,7.511,7.866,7.658,7.962,7.477,6.78,7.111
711.03,27,7.802,8.507,7.355,7.364,6.984,7.528,7.135,7.558,7.843,6.954,7.9,7.527,7.405,8.036,8.126,7.437,7.849,7.668,8.032,7.502,6.756,7.098
712.03,27,7.837,8.555,7.358,7.362,7.028,7.56,7.051,7.485,7.883,6.872,7.898,7.53,7.422,8.053,8.03,7.514,7.847,7.638,7.987,7.484,6.894,7.08
713.03,27,7.845,8.514,7.298,7.374,6.977,7.634,7.049,7.541,7.9,6.847,7.932,7.558,7.474,8.039,8.037,7.488,7.912,7.635,8,7.457,6.819,7.151
714.03,27,7.842,8.506,7.311,7.415,6.983,7.542,7.045,7.489,7.845,6.875,7.814,7.587,7.443,7.993,8.062,7.501,7.887,7.733,7.993,7.463,6.845,7.12
715.03,27,7.836,8.486,7.341,7.299,6.957,7.606,7.053,7.565,7.852,6.828,7.807,7.495,7.474,7.983,8.09,7.504,7.876,7.725,7.948,7.474,6.812,7.061
716.03,27,7.813,8.531,7.313,7.378,6.999,7.601,7.016,7.536,7.846,6.857,7.858,7.467,7.525,8.001,8.081,7.446,7.908,7.662,7.936,7.454,6.816,7.102
717.03,27,7.829,8.53,7.299,7.346,6.94,7.615,6.969,7.502,7.855,6.878,7.817,7.51,7.413,7.964,8.015,7.458,7.903,7.679,7.986,7.5,6.783,7.057
718.03,27,7.832,8.524,7.343,7.356,6.992,7.588,6.98,7.501,7.899,6.881,7.873,7.565,7.438,7.993,7.978,7.512,7.881,7.654,7.955,7.418,6.793,7.122
719.03,27,7.798,8.486,7.372,7.347,7.021,7.618,6.979,7.468,7.857,6.832,7.793,7.536,7.435,7.989,8.029,7.46,7.855,7.693,7.954,7.435,6.814,7.116
720.03,27,7.809,8.488,7.281,7.401,7.054,7.566,7.051,7.525,7.848,6.833,7.85,7.488,7.494,8.018,8.003,7.442,7.886,7.71,7.988,7.444,6.711,7.113
721.03,27,7.869,8.508,7.315,7.354,6.971,7.578,7.018,7.452,7.828,6.816,7.812,7.498,7.423,8.031,8.112,7.467,7.908,7.594,7.95,7.492,6.727,7.064
722.03,27,7.786,8.537,7.373,7.313,6.997,7.583,7.026,7.445,7.847,6.8,7.87,7.489,7.439,7.926,8.064,7.498,7.879,7.664,8.029,7.449,6.778,7.153
723.03,27,7.851,8.527,7.288,7.345,6.989,7.557,7.011,7.513,7.81,6.772,7.834,7.546,7.485,7.989,8.052,7.514,7.872,7.716,7.895,7.465,6.778,7.074
724.03,27,7.856,8.517,7.324,7.362,6.981,7.629,6.987,7.506,7.897,6.848,7.831,7.463,7.475,8.004,8.159,7.536,7.792,7.667,7.959,7.471,6.792,7.156
725.03,27,7.847,8.497,7.393,7.357,6.982,7.571,7.046,7.47,7.835,6.83,7.874,7.528,7.494,8.025,8.011,7.506,7.881,7.668,8.007,7.512,6.832,7.095
726.03,27,7.78,8.544,7.266,7.341,6.989,7.627,7.016,7.513,7.917,6.863,7.829,7.515,7.433,7.949,8.072,7.513,7.886,7.656,7.964,7.477,6.767,7.122
727.03,27,7.851,8.525,7.33,7.368,6.995,7.604,7.033,7.467,7.82,6.759,7.824,7.458,7.413,8.018,8.079,7.444,7.804,7.699,7.963,7.459,6.682,7.045
728.03,27,7.811,8.512,7.289,7.433,7.026,7.622,6.968,7.551,7.799,6.747,7.827,7.534,7.448,8.009,8.044,7.463,7.902,7.633,7.949,7.449,6.766,7.084
729.03,27,7.805,8.497,7.289,7.329,6.971,7.581,7.057,7.445,7.778,6.834,7.792,7.48,7.405,8.022,8.072,7.535,7.862,7.647,7.906,7.513,6.741,7.109
730.03,27,7.868,8.551,7.312,7.315,6.974,7.559,6.957,7.49,7.877,6.766,7.801,7.479,7.458,7.924,8.068,7.47,7.767,7.656,7.971,7.404,6.802,7.076
731.03,27,7.791,8.529,7.352,7.334,7.002,7.589,6.988,7.487,7.77,6.708,7.816,7.509,7.493,7.913,8.055,7.442,7.894,7.63,7.981,7.468,6.767,7.126
732.03,27,7.844,8.544,7.263,7.37,6.948,7.564,6.994,7.503,7.843,6.745,7.852,7.479,7.439,7.961,8.099,7.479,7.873,7.674,8.003,7.433,6.77,7.148
733.03,27,7.82,8.474,7.319,7.336,6.984,7.561,6.981,7.488,7.862,6.841,7.776,7.494,7.474,8.022,8.043,7.454,7.872,7.585,8.003,7.425,6.725,7.078
734.03,27,7.782,8.409,7.31,7.362,7.025,7.498,6.963,7.468,7.823,6.762,7.845,7.477,7.407,7.987,8.1,7.488,7.892,7.676,7.973,7.473,6.738,7.12
735.03,27,7.742,8.452,7.288,7.312,6.992,7.531,6.95,7.526,7.844,6.769,7.831,7.515,7.457,7.971,8.029,7.471,7.899,7.593,8.02,7.491,6.745,7.07
736.03,27,7.826,8.464,7.221,7.262,6.893,7.585,6.979,7.484,7.885,6.773,7.854,7.511,7.458,7.964,7.996,7.483,7.904,7.64,7.942,7.446,6.74,7.094
737.03,27,7.844,8.511,7.332,7.349,7.011,7.547,7.068,7.528,7.87,6.765,7.759,7.479,7.416,7.991,8.015,7.521,7.828,7.676,7.977,7.468,6.711,7.102
738.03,27,7.754,8.506,7.307,7.441,6.96,7.54,7.064,7.477,7.808,6.753,7.747,7.448,7.419,7.915,7.979,7.496,7.851,7.607,7.996,7.432,6.754,7.096
739.03,27,7.837,8.529,7.253,7.35,6.974,7.571,6.97,7.515,7.881,6.847,7.837,7.502,7.356,7.934,8.038,7.506,7.854,7.661,8.013,7.427,6.738,7.062
740.03,27,7.854,8.56,7.257,7.374,6.936,7.552,6.966,7.455,7.868,6.779,7.828,7.535,7.454,7.978,8.018,7.489,7.824,7.622,7.945,7.515,6.778,7.015
741.03,27,7.859,8.441,7.301,7.339,6.949,7.549,7.077,7.461,7.855,6.743,7.835,7.441,7.484,7.95,8.018,7.499,7.812,7.623,8.029,7.45,6.745,7.091
742.03,27,7.76,8.477,7.273,7.357,6.916,7.588,6.984,7.524,7.799,6.818,7.782,7.484,7.407,7.944,7.983,7.491,7.866,7.671,7.943,7.458,6.769,7.074
743.03,27,7.856,8.445,7.321,7.327,6.927,7.533,7.014,7.455,7.771,6.749,7.759,7.441,7.491,8.011,8.008,7.492,7.842,7.687,8.073,7.407,6.747,7.101
744.03,27,7.882,8.506,7.259,7.385,6.959,7.574,6.964,7.5,7.87,6.704,7.848,7.512,7.391,7.993,7.99,7.483,7.854,7.664,7.961,7.408,6.743,7.023
745.03,27,7.803,8.484,7.284,7.316,6.95,7.501,6.982,7.425,7.857,6.688,7.745,7.488,7.353,7.952,8.075,7.462,7.826,7.635,7.901,7.423,6.662,7.056
746.03,27,7.793,8.531,7.249,7.327,7.013,7.569,6.959,7.488,7.82,6.738,7.803,7.426,7.425,8.016,8.089,7.446,7.801,7.683,7.887,7.433,6.787,7.108
747.03,27,7.811,8.496,7.3,7.302,7.002,7.528,7.023,7.525,7.755,6.742,7.81,7.517,7.425,7.939,8.058,7.508,7.796,7.684,8,7.45,6.712,7.086
748.03,27,7.763,8.499,7.307,7.293,6.961,7.519,6.976,7.52,7.875,6.74,7.811,7.484,7.415,7.994,8.091,7.49,7.874,7.686,7.946,7.428,6.676,6.976
749.03,27,7.817,8.505,7.331,7.319,6.943,7.582,6.946,7.504,7.862,6.739,7.85,7.435,7.422,7.987,8.041,7.498,7.828,7.659,7.968,7.435,6.674,7.079
750.03,27,7.816,8.453,7.253,7.311,6.926,7.641,6.967,7.499,7.838,6.765,7.823,7.412,7.429,7.948,8.064,7.533,7.846,7.661,7.967,7.391,6.732,7.108
751.03,27,7.809,8.479,7.319,7.304,6.89,7.597,6.991,7.425,7.854,6.705,7.799,7.42,7.366,8.034,8.033,7.421,7.806,7.687,7.977,7.4,6.784,7.071
752.03,27,7.808,8.498,7.299,7.263,6.915,7.524,6.993,7.507,7.84,6.742,7.769,7.499,7.35,7.989,8.054,7.477,7.869,7.656,7.914,7.429,6.715,7.024
753.03,27,7.759,8.479,7.27,7.291,6.974,7.554,7.006,7.491,7.76,6.75,7.817,7.491,7.522,7.925,8.02,7.476,7.827,7.616,8.02,7.432,6.638,7.061
754.03,27,7.789,8.532,7.28,7.278,6.917,7.628,6.975,7.455,7.774,6.69,7.794,7.495,7.466,7.99,8.014,7.383,7.799,7.634,7.914,7.406,6.769,7.009
755.03,27,7.72,8.454,7.231,7.293,6.894,7.583,7.016,7.508,7.785,6.712,7.833,7.546,7.366,7.988,8.036,7.453,7.908,7.618,7.914,7.447,6.674,7.032
756.03,27,7.758,8.512,7.265,7.244,6.948,7.627,6.963,7.427,7.84,6.723,7.768,7.436,7.481,7.992,7.982,7.506,7.782,7.597,7.936,7.408,6.772,7.041
757.03,27,7.76,8.453,7.332,7.321,6.912,7.557,6.962,7.435,7.817,6.686,7.748,7.529,7.422,7.866,8.031,7.476,7.82,7.608,7.91,7.401,6.68,6.975
758.03,27,7.791,8.474,7.287,7.284,6.984,7.551,6.986,7.485,7.813,6.726,7.788,7.492,7.484,7.963,7.957,7.487,7.755,7.669,7.945,7.453,6.668,7.015
759.03,27,7.833,8.533,7.294,7.243,7.051,7.536,7.034,7.47,7.817,6.71,7.775,7.486,7.432,7.931,7.983,7.466,7.842,7.605,7.909,7.442,6.69,6.978
760.03,27,7.776,8.496,7.271,7.279,6.987,7.588,6.993,7.417,7.836,6.779,7.743,7.461,7.403,8.03,8,7.486,7.886,7.639,7.909,7.465,6.727,7.048
761.03,27,7.827,8.495,7.223,7.318,6.942,7.571,6.951,7.467,7.806,6.704,7.79,7.413,7.411,7.981,7.957,7.475,7.833,7.588,7.99,7.45,6.69,7.087
762.03,27,7.782,8.589,7.319,7.313,6.969,7.531,6.981,7.497,7.819,6.64,7.812,7.452,7.423,7.912,7.971,7.465,7.872,7.631,7.959,7.453,6.664,6.982
763.03,27,7.768,8.444,7.33,7.297,6.91,7.595,6.938,7.441,7.77,6.714,7.803,7.502,7.444,7.975,7.976,7.441,7.818,7.597,7.941,7.395,6.717,7.054
764.03,27,7.831,8.487,7.241,7.311,6.876,7.549,7.003,7.541,7.796,6.693,7.778,7.552,7.47,7.935,8.027,7.453,7.774,7.63,7.896,7.415,6.683,7.026
765.03,27,7.773,8.498,7.258,7.253,6.915,7.555,6.962,7.451,7.876,6.747,7.806,7.457,7.431,8,8.053,7.463,7.821,7.562,7.933,7.412,6.727,7.052
766.03,27,7.735,8.398,7.347,7.301,6.912,7.538,6.972,7.452,7.811,6.699,7.769,7.433,7.411,7.982,8.02,7.377,7.9,7.546,7.951,7.444,6.704,7.015
767.03,27,7.775,8.462,7.345,7.253,6.921,7.535,6.989,7.379,7.795,6.707,7.8,7.433,7.31,7.971,7.998,7.396,7.805,7.576,7.88,7.427,6.713,6.99
768.03,27,7.821,8.493,7.251,7.256,6.913,7.553,6.905,7.439,7.82,6.699,7.782,7.404,7.382,7.978,8,7.418,7.824,7.532,7.996,7.401,6.702,7.009
769.03,27,7.755,8.415,7.254,7.189,6.956,7.569,6.95,7.481,7.808,6.692,7.777,7.416,7.43,7.965,7.986,7.413,7.794,7.567,7.951,7.393,6.685,7.022
770.03,27,7.833,8.533,7.271,7.257,6.924,7.529,6.947,7.504,7.762,6.656,7.721,7.433,7.375,7.925,7.934,7.416,7.848,7.565,7.983,7.339,6.627,7.049
771.03,27,7.781,8.502,7.265,7.292,6.927,7.546,6.973,7.503,7.822,6.659,7.801,7.475,7.366,7.973,7.984,7.454,7.835,7.584,7.884,7.391,6.663,7.012
772.03,27,7.798,8.441,7.261,7.251,6.93,7.52,6.921,7.414,7.836,6.696,7.721,7.425,7.419,7.966,8.006,7.405,7.829,7.643,7.987,7.374,6.704,6.96
773.03,27,7.741,8.443,7.274,7.326,6.895,7.524,6.945,7.464,7.846,6.697,7.788,7.481,7.392,7.955,8.026,7.453,7.793,7.649,7.954,7.365,6.664,7.041
774.03,27,7.761,8.525,7.242,7.271,6.944,7.505,6.956,7.384,7.811,6.641,7.741,7.434,7.397,7.948,7.991,7.443,7.8,7.586,7.886,7.434,6.681,7.04
775.03,27,7.751,8.441,7.19,7.309,7.015,7.54,6.967,7.494,7.773,6.635,7.758,7.452,7.379,7.958,7.982,7.437,7.827,7.626,7.951,7.435,6.765,6.96
776.03,27,7.698,8.402,7.29,7.271,6.942,7.548,6.97,7.44,7.836,6.584,7.768,7.382,7.394,7.949,8.026,7.5,7.824,7.601,7.89,7.385,6.733,6.993
777.03,27,7.786,8.463,7.346,7.234,6.914,7.643,6.941,7.391,7.719,6.714,7.752,7.457,7.421,7.944,8.015,7.438,7.816,7.587,7.943,7.389,6.655,6.954
778.03,27,7.704,8.416,7.222,7.267,6.901,7.525,6.958,7.438,7.839,6.679,7.824,7.448,7.343,7.922,7.998,7.428,7.885,7.556,7.997,7.427,6.689,6.984
779.03,27,7.759,8.44,7.295,7.193,6.895,7.496,6.898,7.469,7.775,6.689,7.775,7.45,7.436,7.956,8.008,7.384,7.819,7.586,7.887,7.415,6.643,7.013
780.03,27,7.857,8.43,7.286,7.231,6.935,7.538,6.96,7.472,7.811,6.616,7.77,7.434,7.325,7.934,8.038,7.495,7.77,7.569,7.947,7.401,6.701,7.017
781.03,27,7.709,8.426,7.228,7.277,6.947,7.506,6.905,7.469,7.809,6.71,7.823,7.435,7.368,7.975,8.032,7.47,7.792,7.627,8.019,7.396,6.636,7.047
782.03,27,7.729,8.492,7.256,7.217,6.888,7.592,6.985,7.449,7.851,6.66,7.739,7.476,7.437,7.978,8.056,7.431,7.805,7.615,7.941,7.389,6.689,6.987
783.03,27,7.837,8.448,7.254,7.248,6.879,7.458,6.935,7.421,7.81,6.679,7.752,7.43,7.351,7.944,8.024,7.472,7.793,7.534,7.883,7.395,6.616,7.062
784.03,27,7.847,8.428,7.198,7.178,7.006,7.527,6.949,7.449,7.776,6.697,7.753,7.454,7.366,7.943,8.033,7.48,7.815,7.56,7.97,7.344,6.635,6.973
785.03,27,7.846,8.439,7.276,7.262,6.846,7.511,6.935,7.488,7.756,6.712,7.775,7.463,7.381,7.914,7.992,7.429,7.861,7.591,7.875,7.406,6.677,6.997
786.03,27,7.782,8.502,7.321,7.126,6.896,7.475,6.947,7.362,7.854,6.652,7.732,7.408,7.395,7.956,7.987,7.469,7.852,7.591,7.892,7.39,6.635,6.974
787.03,27,7.727,8.422,7.231,7.2,6.903,7.536,6.904,7.448,7.777,6.722,7.746,7.456,7.367,7.95,8.024,7.47,7.805,7.6,7.851,7.436,6.584,7.009
788.03,27,7.726,8.436,7.266,7.252,6.907,7.557,6.967,7.481,7.804,6.657,7.792,7.446,7.406,7.922,7.996,7.407,7.821,7.536,7.986,7.298,6.641,6.989
789.03,27,7.789,8.457,7.245,7.207,6.9,7.53,6.91,7.446,7.9,6.682,7.803,7.464,7.402,7.972,8.023,7.378,7.747,7.568,7.935,7.355,6.658,7.035
790.03,27,7.757,8.472,7.216,7.177,6.881,7.567,6.999,7.415,7.789,6.636,7.71,7.44,7.343,7.887,7.957,7.375,7.798,7.626,7.899,7.372,6.651,7.056
791.03,27,7.776,8.456,7.26,7.212,6.937,7.492,6.94,7.45,7.794,6.718,7.732,7.506,7.415,7.962,8.027,7.364,7.813,7.571,7.897,7.349,6.605,6.996
792.03,27,7.78,8.446,7.225,7.191,6.949,7.531,6.921,7.405,7.868,6.671,7.781,7.468,7.407,7.949,7.968,7.425,7.788,7.632,7.885,7.4,6.606,6.963
793.03,27,7.734,8.453,7.193,7.247,6.926,7.583,6.985,7.452,7.802,6.681,7.772,7.393,7.322,7.932,8.002,7.427,7.755,7.527,7.943,7.325,6.71,6.98
794.03,27,7.761,8.4,7.243,7.182,6.92,7.542,6.898,7.39,7.81,6.642,7.728,7.473,7.417,7.897,7.957,7.494,7.792,7.559,7.962,7.349,6.646,7.02
795.03,27,7.735,8.459,7.257,7.186,6.827,7.552,6.913,7.414,7.748,6.675,7.769,7.422,7.343,7.897,7.98,7.413,7.791,7.623,7.881,7.364,6.582,6.972
796.03,27,7.851,8.474,7.261,7.19,6.913,7.522,6.958,7.489,7.766,6.658,7.771,7.426,7.341,7.934,8.025,7.414,7.77,7.609,7.936,7.46,6.68,6.984
797.03,27,7.772,8.496,7.271,7.192,6.921,7.511,6.903,7.435,7.771,6.655,7.779,7.453,7.42,7.959,8.015,7.426,7.741,7.577,7.936,7.376,6.62,6.977
798.03,27,7.823,8.436,7.166,7.232,6.907,7.509,6.928,7.402,7.859,6.623,7.792,7.424,7.411,7.956,7.999,7.403,7.824,7.538,7.915,7.355,6.691,6.988
799.03,27,7.692,8.425,7.16,7.162,6.851,7.477,6.937,7.431,7.771,6.613,7.758,7.47,7.428,7.947,8.028,7.401,7.738,7.618,7.889,7.367,6.598,7.002
800.03,27,7.756,8.391,7.215,7.231,6.869,7.504,6.944,7.413,7.893,6.626,7.728,7.414,7.321,7.97,7.946,7.461,7.766,7.596,7.854,7.403,6.607,6.912
801.03,27,7.759,8.43,7.206,7.141,6.904,7.453,6.943,7.379,7.744,6.564,7.736,7.388,7.351,7.95,7.982,7.381,7.787,7.583,7.867,7.36,6.643,6.956
802.03,27,7.791,8.402,7.18,7.223,6.861,7.543,6.905,7.432,7.776,6.658,7.75,7.356,7.374,7.957,8.016,7.438,7.784,7.583,7.952,7.416,6.578,7
803.03,27,7.746,8.473,7.209,7.187,6.901,7.52,7.031,7.4,7.814,6.613,7.665,7.446,7.364,7.959,7.963,7.359,7.797,7.609,7.947,7.32,6.587,7.01
804.03,27,7.715,8.447,7.22,7.137,6.866,7.512,6.999,7.392,7.841,6.574,7.702,7.429,7.351,7.901,7.951,7.385,7.833,7.553,7.836,7.293,6.607,6.983
805.03,27,7.688,8.441,7.282,7.139,6.911,7.5,6.876,7.402,7.777,6.635,7.777,7.432,7.318,7.91,7.987,7.412,7.819,7.583,7.883,7.338,6.582,6.953
806.03,27,7.759,8.486,7.183,7.224,6.856,7.523,6.914,7.397,7.797,6.566,7.719,7.422,7.364,7.978,8.029,7.404,7.822,7.583,7.882,7.382,6.575,6.984
807.03,27,7.694,8.413,7.139,7.142,6.903,7.504,6.988,7.461,7.865,6.581,7.705,7.416,7.429,7.921,7.93,7.44,7.736,7.607,7.861,7.329,6.6,6.939
808.03,27,7.766,8.428,7.254,7.181,6.924,7.524,6.964,7.417,7.746,6.562,7.745,7.419,7.34,7.945,8,7.367,7.793,7.55,7.804,7.436,6.578,6.984
809.03,27,7.685,8.466,7.232,7.158,6.874,7.501,6.939,7.377,7.754,6.619,7.684,7.336,7.392,7.907,7.902,7.367,7.835,7.566,7.935,7.342,6.652,6.962
810.03,27,7.691,8.476,7.231,7.13,6.838,7.561,6.919,7.415,7.812,6.616,7.751,7.364,7.343,7.88,7.978,7.431,7.765,7.525,7.977,7.317,6.606,6.999
811.03,27,7.746,8.42,7.195,7.18,6.904,7.486,6.917,7.394,7.777,6.619,7.723,7.407,7.325,7.965,7.991,7.346,7.803,7.623,7.831,7.431,6.614,6.903
812.03,27,7.84,8.449,7.191,7.171,6.87,7.544,6.932,7.399,7.651,6.623,7.709,7.401,7.361,7.927,7.952,7.462,7.814,7.518,7.884,7.408,6.609,6.95
813.03,27,7.805,8.484,7.235,7.242,6.827,7.477,6.855,7.375,7.788,6.642,7.719,7.427,7.319,7.922,7.994,7.416,7.741,7.542,7.966,7.339,6.561,6.94
814.03,27,7.734,8.368,7.215,7.12,6.928,7.477,6.894,7.386,7.77,6.597,7.706,7.381,7.285,7.885,7.89,7.428,7.776,7.525,7.883,7.367,6.618,7.004
815.03,27,7.703,8.448,7.21,7.209,6.885,7.555,6.977,7.409,7.858,6.572,7.717,7.407,7.355,7.904,7.926,7.369,7.82,7.513,7.904,7.4,6.58,6.949
816.03,27,7.706,8.471,7.235,7.082,6.875,7.458,6.922,7.427,7.787,6.581,7.744,7.416,7.369,7.883,7.984,7.426,7.773,7.608,7.871,7.35,6.607,6.943
817.03,27,7.672,8.367,7.292,7.152,6.893,7.555,6.855,7.372,7.755,6.549,7.709,7.37,7.365,7.935,7.952,7.425,7.762,7.557,7.97,7.395,6.569,6.923
818.03,27,7.712,8.405,7.154,7.154,6.875,7.533,6.857,7.436,7.787,6.59,7.717,7.416,7.298,7.885,7.94,7.409,7.798,7.523,7.885,7.313,6.583,6.934
819.03,27,7.725,8.351,7.209,7.149,6.839,7.461,6.918,7.456,7.78,6.591,7.781,7.352,7.38,7.976,7.945,7.365,7.763,7.516,7.885,7.315,6.588,6.902
820.03,27,7.729,8.468,7.2,7.09,6.871,7.419,6.922,7.416,7.841,6.555,7.693,7.39,7.336,7.922,7.945,7.353,7.704,7.537,7.884,7.358,6.622,6.919
821.03,27,7.713,8.339,7.169,7.122,6.888,7.52,6.955,7.376,7.756,6.602,7.671,7.383,7.35,7.916,7.985,7.364,7.744,7.564,7.88,7.336,6.576,6.941
822.03,27,7.714,8.362,7.244,7.172,6.836,7.416,6.859,7.388,7.765,6.61,7.71,7.383,7.338,7.914,7.944,7.394,7.804,7.496,7.946,7.383,6.582,6.944
823.03,27,7.678,8.415,7.214,7.167,6.85,7.522,6.908,7.381,7.818,6.569,7.735,7.368,7.344,7.917,8.009,7.384,7.737,7.552,7.902,7.361,6.57,6.938
824.03,27,7.783,8.442,7.218,7.116,6.813,7.477,6.936,7.489,7.736,6.554,7.758,7.392,7.391,7.885,7.945,7.334,7.749,7.536,7.873,7.329,6.559,6.944
825.03,27,7.73,8.446,7.157,7.134,6.873,7.51,6.841,7.429,7.755,6.598,7.704,7.412,7.298,7.908,8.026,7.365,7.771,7.522,7.875,7.365,6.581,6.898
826.03,27,7.735,8.405,7.188,7.085,6.889,7.498,6.89,7.414,7.787,6.538,7.663,7.353,7.336,7.938,7.879,7.347,7.779,7.475,7.861,7.377,6.585,6.884
827.03,27,7.753,8.386,7.222,7.134,6.848,7.406,6.933,7.345,7.752,6.502,7.726,7.343,7.291,7.94,7.995,7.397,7.739,7.583,7.925,7.312,6.538,6.949
828.03,27,7.684,8.443,7.191,7.134,6.835,7.489,6.939,7.396,7.74,6.469,7.758,7.353,7.31,7.895,7.96,7.387,7.821,7.505,7.888,7.282,6.54,6.902
829.03,27,7.744,8.387,7.166,7.17,6.869,7.544,6.884,7.411,7.756,6.551,7.724,7.394,7.302,7.956,7.895,7.359,7.757,7.548,7.86,7.362,6.528,6.954
830.03,27,7.758,8.333,7.151,7.077,6.804,7.43,6.905,7.414,7.758,6.574,7.688,7.38,7.348,7.925,7.979,7.371,7.739,7.482,7.929,7.355,6.585,6.919
831.03,27,7.729,8.44,7.179,7.091,6.905,7.468,6.896,7.406,7.807,6.57,7.66,7.413,7.389,7.93,7.944,7.355,7.812,7.549,7.88,7.336,6.556,6.909
832.03,27,7.731,8.383,7.14,7.108,6.865,7.451,6.839,7.336,7.731,6.548,7.721,7.38,7.328,7.947,7.95,7.436,7.742,7.516,7.973,7.332,6.593,6.914
833.03,27,7.759,8.379,7.172,7.115,6.865,7.471,6.874,7.368,7.799,6.568,7.655,7.391,7.244,7.895,7.967,7.384,7.743,7.478,7.904,7.333,6.503,6.94
834.03,27,7.726,8.409,7.157,7.114,6.86,7.484,6.937,7.38,7.726,6.523,7.715,7.358,7.314,7.891,7.956,7.409,7.774,7.535,7.816,7.301,6.555,6.907
835.03,27,7.687,8.377,7.212,7.147,6.769,7.428,6.902,7.41,7.729,6.529,7.673,7.387,7.321,7.879,7.949,7.385,7.758,7.525,7.904,7.343,6.543,6.907
836.03,27,7.648,8.414,7.179,7.067,6.872,7.5,6.899,7.319,7.833,6.587,7.738,7.398,7.375,7.922,8,7.312,7.748,7.499,7.909,7.35,6.522,6.976
837.03,27,7.737,8.409,7.153,7.099,6.8,7.505,6.932,7.39,7.749,6.569,7.688,7.345,7.332,7.89,7.97,7.326,7.775,7.561,7.857,7.342,6.479,6.906
838.03,27,7.687,8.373,7.211,7.161,6.816,7.443,6.877,7.409,7.794,6.582,7.767,7.404,7.372,7.849,7.938,7.383,7.75,7.531,7.845,7.32,6.515,6.923
839.03,27,7.721,8.372,7.186,7.1,6.812,7.445,6.889,7.335,7.76,6.526,7.693,7.408,7.329,7.903,7.953,7.409,7.753,7.535,7.865,7.364,6.597,6.871
840.03,27,7.663,8.429,7.193,7.169,6.827,7.465,6.899,7.433,7.75,6.536,7.691,7.352,7.369,7.884,7.966,7.351,7.707,7.543,7.899,7.31,6.477,6.892
841.03,27,7.77,8.373,7.254,7.108,6.818,7.48,6.825,7.391,7.787,6.551,7.637,7.341,7.32,7.953,8.002,7.408,7.767,7.535,7.87,7.321,6.514,6.915
842.03,27,7.653,8.455,7.202,7.059,6.887,7.447,6.865,7.36,7.746,6.517,7.642,7.365,7.305,7.866,7.954,7.439,7.756,7.554,7.863,7.314,6.512,6.929
843.03,27,7.685,8.438,7.12,7.11,6.92,7.461,6.85,7.393,7.751,6.535,7.717,7.417,7.321,7.974,7.915,7.367,7.791,7.525,7.887,7.415,6.465,6.894
844.03,27,7.705,8.38,7.203,7.06,6.768,7.506,6.889,7.37,7.724,6.56,7.694,7.326,7.328,7.918,7.922,7.39,7.732,7.57,7.891,7.239,6.574,6.982
845.03,27,7.657,8.357,7.109,7.059,6.863,7.47,6.905,7.339,7.802,6.546,7.667,7.376,7.337,7.915,7.964,7.26,7.753,7.51,7.861,7.272,6.481,6.915
846.03,27,7.741,8.366,7.232,7.137,6.83,7.51,6.897,7.379,7.824,6.491,7.694,7.407,7.392,7.864,7.893,7.341,7.734,7.479,7.879,7.369,6.528,6.91
847.03,27,7.735,8.352,7.203,7.098,6.843,7.471,6.873,7.328,7.786,6.474,7.665,7.348,7.348,7.821,7.948,7.375,7.74,7.532,7.876,7.238,6.544,6.845
848.03,27,7.695,8.421,7.179,6.992,6.83,7.446,6.914,7.422,7.809,6.52,7.62,7.371,7.359,7.95,7.973,7.413,7.779,7.525,7.884,7.316,6.488,6.923
849.03,27,7.699,8.36,7.147,7.056,6.865,7.403,6.923,7.335,7.737,6.568,7.722,7.378,7.322,7.933,7.921,7.337,7.703,7.517,7.847,7.273,6.511,6.874
850.03,27,7.689,8.39,7.219,7.078,6.799,7.492,6.844,7.426,7.766,6.511,7.643,7.36,7.308,7.923,7.978,7.343,7.754,7.484,7.899,7.303,6.541,6.85
851.03,27,7.696,8.336,7.178,7.055,6.861,7.463,6.907,7.351,7.765,6.464,7.722,7.403,7.324,7.878,7.909,7.396,7.698,7.502,7.799,7.304,6.434,6.906
852.03,27,7.709,8.33,7.2,7.059,6.839,7.502,6.869,7.384,7.713,6.455,7.622,7.301,7.319,7.923,7.917,7.334,7.781,7.49,7.901,7.311,6.501,6.9
853.03,27,7.677,8.364,7.124,7.098,6.763,7.473,6.863,7.381,7.798,6.521,7.629,7.364,7.23,7.918,7.953,7.328,7.722,7.466,7.908,7.347,6.493,6.874
854.03,27,7.644,8.347,7.145,6.995,6.879,7.51,6.87,7.375,7.862,6.481,7.691,7.327,7.322,7.889,7.905,7.367,7.807,7.438,7.885,7.291,6.47,6.848
855.03,27,7.728,8.399,7.196,7.134,6.773,7.436,6.872,7.346,7.794,6.498,7.65,7.367,7.331,7.89,7.932,7.304,7.677,7.425,7.886,7.349,6.511,6.846
856.03,27,7.725,8.372,7.081,7.101,6.777,7.46,6.876,7.399,7.755,6.51,7.663,7.369,7.289,7.959,7.857,7.379,7.744,7.534,7.933,7.366,6.543,6.878
857.03,27,7.644,8.326,7.192,7.026,6.892,7.448,6.815,7.404,7.788,6.525,7.675,7.304,7.289,7.854,7.925,7.396,7.774,7.476,7.847,7.293,6.521,6.913
858.03,27,7.684,8.353,7.174,7.122,6.788,7.499,6.873,7.393,7.819,6.459,7.666,7.313,7.308,7.815,7.899,7.322,7.726,7.453,7.853,7.258,6.483,6.83
859.03,27,7.646,8.377,7.193,7.056,6.888,7.524,6.899,7.344,7.789,6.491,7.71,7.383,7.295,7.933,7.883,7.36,7.734,7.498,7.85,7.323,6.477,6.873
860.03,27,7.68,8.383,7.168,7.055,6.859,7.435,6.842,7.393,7.783,6.425,7.72,7.353,7.331,7.898,7.873,7.324,7.748,7.486,7.82,7.266,6.524,6.915
861.03,27,7.654,8.341,7.188,7.037,6.79,7.406,6.887,7.369,7.75,6.435,7.667,7.36,7.256,7.895,7.923,7.336,7.697,7.473,7.804,7.279,6.52,6.859
862.03,27,7.675,8.371,7.184,7.032,6.854,7.451,6.844,7.405,7.774,6.46,7.666,7.357,7.313,7.897,7.882,7.303,7.731,7.527,7.852,7.323,6.549,6.844
863.03,27,7.709,8.389,7.18,7.098,6.811,7.429,6.845,7.391,7.731,6.42,7.625,7.378,7.312,7.849,7.882,7.352,7.758,7.52,7.9,7.304,6.497,6.839
864.03,27,7.683,8.359,7.236,7.073,6.843,7.466,6.848,7.352,7.773,6.443,7.609,7.33,7.294,7.923,7.924,7.386,7.745,7.479,7.873,7.323,6.451,6.899
865.03,27,7.654,8.37,7.162,7.052,6.822,7.413,6.84,7.338,7.703,6.383,7.695,7.341,7.327,7.91,8.001,7.387,7.759,7.517,7.84,7.322,6.502,6.888
866.03,27,7.704,8.305,7.173,6.954,6.822,7.471,6.901,7.4,7.805,6.457,7.659,7.373,7.322,7.99,7.929,7.303,7.725,7.484,7.82,7.287,6.509,6.82
867.03,27,7.676,8.363,7.193,7.02,6.824,7.442,6.864,7.321,7.761,6.455,7.701,7.334,7.243,7.872,7.938,7.381,7.69,7.485,7.894,7.317,6.496,6.9
868.03,27,7.626,8.32,7.203,7.027,6.737,7.459,6.849,7.353,7.7,6.451,7.712,7.27,7.286,7.855,7.88,7.376,7.748,7.468,7.817,7.294,6.536,6.887
869.03,27,7.677,8.353,7.178,7.027,6.818,7.351,6.838,7.32,7.704,6.381,7.603,7.393,7.277,7.882,7.905,7.332,7.713,7.471,7.869,7.293,6.499,6.806
870.03,27,7.659,8.343,7.151,7.033,6.887,7.399,6.917,7.355,7.756,6.426,7.687,7.349,7.275,7.955,7.929,7.349,7.714,7.508,7.791,7.32,6.473,6.843
871.03,27,7.598,8.384,7.168,7.007,6.717,7.392,6.781,7.337,7.727,6.453,7.744,7.384,7.309,7.89,7.877,7.357,7.76,7.471,7.825,7.227,6.532,6.817
872.03,27,7.646,8.31,7.145,7.01,6.766,7.439,6.879,7.409,7.774,6.47,7.621,7.372,7.267,7.838,8.026,7.368,7.704,7.531,7.835,7.267,6.449,6.847
873.03,27,7.684,8.363,7.092,7.042,6.705,7.397,6.806,7.347,7.759,6.428,7.627,7.28,7.32,7.884,7.948,7.325,7.664,7.438,7.813,7.273,6.438,6.86
874.03,27,7.664,8.322,7.14,7.055,6.788,7.477,6.839,7.361,7.755,6.457,7.671,7.359,7.268,7.848,7.931,7.308,7.689,7.484,7.874,7.322,6.469,6.839
875.03,27,7.674,8.345,7.174,7.026,6.782,7.426,6.85,7.303,7.727,6.4,7.711,7.364,7.259,7.87,7.857,7.337,7.699,7.463,7.803,7.301,6.475,6.812
876.03,27,7.668,8.402,7.127,6.982,6.816,7.464,6.862,7.384,7.777,6.413,7.673,7.321,7.264,7.892,7.874,7.317,7.716,7.479,7.766,7.328,6.494,6.797
877.03,27,7.63,8.315,7.148,6.994,6.773,7.433,6.833,7.338,7.757,6.46,7.669,7.335,7.249,7.912,7.919,7.351,7.675,7.462,7.833,7.277,6.459,6.842
878.03,27,7.673,8.431,7.123,6.917,6.762,7.412,6.805,7.381,7.749,6.412,7.613,7.341,7.214,7.886,7.929,7.34,7.843,7.49,7.797,7.323,6.457,6.839
879.03,27,7.644,8.322,7.023,6.95,6.801,7.449,6.863,7.299,7.72,6.399,7.581,7.301,7.283,7.871,7.89,7.376,7.729,7.429,7.804,7.291,6.414,6.924
880.03,27,7.669,8.414,7.225,7.07,6.767,7.456,6.816,7.309,7.767,6.418,7.675,7.358,7.273,7.905,7.903,7.322,7.664,7.455,7.779,7.225,6.514,6.859
881.03,27,7.724,8.398,7.096,7.06,6.757,7.478,6.854,7.394,7.793,6.392,7.665,7.324,7.296,7.914,7.846,7.299,7.706,7.419,7.839,7.263,6.481,6.809
882.03,27,7.726,8.395,7.118,7.008,6.704,7.432,6.827,7.315,7.75,6.457,7.669,7.302,7.253,7.884,7.871,7.362,7.685,7.424,7.848,7.257,6.424,6.818
883.03,27,7.664,8.357,7.144,6.979,6.766,7.405,6.872,7.36,7.72,6.433,7.589,7.292,7.256,7.852,7.918,7.277,7.74,7.481,7.787,7.328,6.461,6.928
884.03,27,7.671,8.326,7.126,7.005,6.745,7.451,6.834,7.298,7.77,6.427,7.647,7.3,7.288,7.907,7.904,7.268,7.647,7.412,7.796,7.255,6.471,6.754
885.03,27,7.714,8.375,7.199,6.991,6.754,7.445,6.83,7.252,7.766,6.388,7.651,7.342,7.304,7.877,7.932,7.314,7.735,7.476,7.802,7.32,6.44,6.823
886.03,27,7.718,8.337,7.159,6.989,6.735,7.388,6.842,7.335,7.754,6.39,7.66,7.332,7.262,7.792,7.886,7.319,7.642,7.461,7.806,7.273,6.479,6.829
887.03,27,7.704,8.336,7.112,6.942,6.797,7.433,6.788,7.39,7.749,6.488,7.618,7.284,7.254,7.891,7.961,7.394,7.746,7.501,7.829,7.272,6.476,6.848
888.03,27,7.718,8.358,7.175,7.006,6.731,7.462,6.832,7.358,7.777,6.412,7.645,7.298,7.213,7.852,7.875,7.27,7.763,7.494,7.818,7.231,6.39,6.88
889.03,27,7.666,8.303,7.084,7.011,6.738,7.384,6.788,7.307,7.755,6.405,7.639,7.285,7.277,7.866,7.889,7.285,7.745,7.502,7.843,7.341,6.448,6.815
890.03,27,7.675,8.327,7.132,6.932,6.757,7.425,6.846,7.306,7.779,6.433,7.663,7.297,7.303,7.869,7.912,7.298,7.692,7.486,7.855,7.232,6.428,6.816
891.03,27,7.612,8.315,7.102,7.012,6.763,7.469,6.892,7.335,7.778,6.387,7.575,7.311,7.227,7.834,7.88,7.348,7.765,7.464,7.817,7.318,6.422,6.815
892.03,27,7.662,8.298,7.055,7.018,6.775,7.414,6.774,7.323,7.69,6.429,7.587,7.262,7.234,7.789,7.842,7.362,7.735,7.499,7.805,7.288,6.396,6.836
893.03,27,7.673,8.367,7.09,6.937,6.803,7.478,6.729,7.346,7.71,6.449,7.609,7.264,7.238,7.881,7.861,7.311,7.697,7.396,7.839,7.233,6.451,6.851
894.03,27,7.634,8.313,7.122,6.931,6.736,7.409,6.821,7.326,7.694,6.361,7.584,7.313,7.243,7.871,7.93,7.339,7.767,7.424,7.834,7.269,6.419,6.819
895.03,27,7.649,8.318,7.119,6.959,6.744,7.347,6.851,7.344,7.723,6.419,7.641,7.311,7.326,7.849,7.944,7.351,7.682,7.456,7.8,7.256,6.447,6.778
896.03,27,7.604,8.32,7.132,7.02,6.738,7.379,6.81,7.354,7.732,6.282,7.579,7.312,7.269,7.81,7.835,7.304,7.668,7.508,7.822,7.269,6.388,6.801
897.03,27,7.674,8.326,7.156,6.934,6.742,7.358,6.755,7.337,7.726,6.382,7.629,7.263,7.325,7.846,7.887,7.341,7.709,7.481,7.804,7.295,6.415,6.808
898.03,27,7.667,8.286,7.137,6.955,6.751,7.418,6.703,7.359,7.712,6.359,7.653,7.339,7.268,7.83,7.876,7.28,7.675,7.443,7.846,7.28,6.473,6.827
899.03,27,7.635,8.35,7.103,6.929,6.742,7.447,6.859,7.32,7.739,6.363,7.556,7.343,7.253,7.897,7.928,7.287,7.689,7.471,7.8,7.233,6.395,6.764
900.03,27,7.644,8.304,7.146,6.972,6.701,7.47,6.772,7.335,7.693,6.368,7.562,7.344,7.29,7.877,7.901,7.356,7.666,7.456,7.836,7.255,6.452,6.794
901.03,27,7.671,8.255,7.128,6.922,6.786,7.326,6.785,7.365,7.785,6.374,7.559,7.278,7.218,7.868,7.853,7.346,7.645,7.388,7.808,7.219,6.448,6.802
902.03,27,7.661,8.34,7.17,6.946,6.707,7.393,6.817,7.319,7.712,6.401,7.596,7.245,7.27,7.86,7.956,7.344,7.64,7.428,7.77,7.285,6.391,6.738
903.03,27,7.693,8.353,7.095,6.961,6.738,7.425,6.826,7.363,7.743,6.342,7.612,7.312,7.292,7.824,7.82,7.284,7.672,7.463,7.87,7.276,6.437,6.816
904.03,27,7.565,8.278,7.132,6.942,6.72,7.346,6.817,7.359,7.661,6.375,7.622,7.313,7.2,7.854,7.942,7.244,7.624,7.456,7.825,7.222,6.432,6.832
905.03,27,7.637,8.312,7.078,6.915,6.664,7.393,6.792,7.33,7.694,6.314,7.609,7.331,7.269,7.848,7.9,7.346,7.692,7.436,7.821,7.183,6.409,6.82
906.03,27,7.62,8.283,7.067,6.959,6.74,7.352,6.759,7.32,7.731,6.379,7.65,7.306,7.269,7.929,7.875,7.275,7.672,7.416,7.797,7.257,6.368,6.815
907.03,27,7.671,8.365,7.068,6.999,6.681,7.361,6.848,7.358,7.721,6.363,7.572,7.254,7.209,7.805,7.836,7.312,7.736,7.462,7.806,7.283,6.408,6.748
908.03,27,7.686,8.306,7.09,6.979,6.773,7.401,6.74,7.332,7.739,6.347,7.591,7.32,7.246,7.827,7.882,7.332,7.68,7.405,7.809,7.255,6.342,6.835
909.03,27,7.635,8.322,7.159,6.864,6.738,7.412,6.749,7.348,7.73,6.383,7.596,7.293,7.185,7.848,7.828,7.286,7.629,7.455,7.811,7.204,6.426,6.757
910.03,27,7.665,8.359,7.117,6.944,6.739,7.375,6.729,7.367,7.698,6.371,7.54,7.264,7.238,7.821,7.91,7.285,7.663,7.398,7.781,7.225,6.415,6.7
911.03,27,7.691,8.295,7.169,6.908,6.712,7.354,6.78,7.37,7.722,6.323,7.619,7.322,7.257,7.887,7.819,7.326,7.733,7.426,7.709,7.194,6.383,6.775
912.03,27,7.65,8.353,7.081,6.9,6.748,7.4,6.723,7.341,7.677,6.339,7.612,7.318,7.273,7.819,7.873,7.347,7.607,7.389,7.838,7.24,6.436,6.706
913.03,27,7.682,8.266,7.108,6.851,6.762,7.44,6.761,7.398,7.744,6.324,7.643,7.305,7.303,7.81,7.912,7.314,7.645,7.441,7.804,7.178,6.392,6.807
914.03,27,7.62,8.333,7.106,6.924,6.732,7.346,6.77,7.272,7.692,6.306,7.552,7.245,7.208,7.901,7.9,7.304,7.695,7.372,7.85,7.217,6.416,6.727
915.03,27,7.604,8.373,7.109,6.889,6.711,7.413,6.767,7.362,7.706,6.358,7.666,7.257,7.233,7.815,7.802,7.273,7.762,7.461,7.761,7.256,6.34,6.783
916.03,27,7.657,8.283,7.088,6.862,6.713,7.369,6.77,7.356,7.718,6.321,7.61,7.275,7.221,7.9,7.882,7.255,7.717,7.459,7.826,7.245,6.46,6.768
917.03,27,7.571,8.324,7.059,6.933,6.651,7.398,6.757,7.341,7.761,6.334,7.571,7.336,7.204,7.872,7.845,7.273,7.734,7.425,7.786,7.224,6.394,6.71
918.03,27,7.607,8.339,7.13,6.912,6.736,7.426,6.827,7.32,7.699,6.296,7.61,7.216,7.205,7.775,7.869,7.321,7.621,7.47,7.809,7.197,6.417,6.724
919.03,27,7.552,8.339,7.104,6.892,6.708,7.422,6.845,7.325,7.735,6.289,7.623,7.288,7.256,7.813,7.879,7.289,7.663,7.441,7.739,7.233,6.324,6.74
920.03,27,7.567,8.259,7.104,6.939,6.731,7.428,6.835,7.358,7.779,6.279,7.603,7.315,7.2,7.819,7.801,7.328,7.646,7.429,7.768,7.286,6.352,6.752
921.03,27,7.624,8.212,7.027,6.883,6.733,7.354,6.738,7.287,7.796,6.229,7.584,7.259,7.211,7.798,7.869,7.265,7.676,7.379,7.808,7.212,6.385,6.723
922.03,27,7.52,8.34,7.142,6.859,6.67,7.407,6.772,7.32,7.715,6.252,7.601,7.29,7.227,7.852,7.883,7.241,7.661,7.431,7.814,7.242,6.366,6.701
923.03,27,7.632,8.301,7.091,6.849,6.732,7.39,6.8,7.303,7.74,6.389,7.596,7.307,7.243,7.783,7.91,7.312,7.661,7.523,7.799,7.189,6.304,6.742
924.03,27,7.66,8.291,7.108,6.963,6.708,7.432,6.755,7.31,7.673,6.24,7.57,7.222,7.242,7.836,7.897,7.299,7.599,7.451,7.779,7.176,6.456,6.771
925.03,27,7.679,8.269,7.072,6.887,6.675,7.423,6.778,7.287,7.693,6.347,7.56,7.232,7.243,7.871,7.822,7.271,7.666,7.318,7.694,7.171,6.328,6.751
926.03,27,7.661,8.269,7.067,6.848,6.702,7.34,6.79,7.302,7.735,6.32,7.515,7.284,7.188,7.806,7.838,7.283,7.653,7.438,7.738,7.21,6.327,6.771
927.03,27,7.616,8.315,7.11,6.911,6.695,7.437,6.792,7.293,7.651,6.232,7.606,7.278,7.16,7.789,7.829,7.264,7.606,7.434,7.792,7.233,6.373,6.736
928.03,27,7.619,8.39,7.04,6.94,6.654,7.403,6.76,7.343,7.725,6.277,7.617,7.307,7.189,7.792,7.844,7.217,7.654,7.444,7.763,7.258,6.305,6.718
929.03,27,7.687,8.229,7.072,6.887,6.705,7.361,6.705,7.246,7.677,6.281,7.591,7.28,7.2,7.834,7.809,7.245,7.646,7.413,7.786,7.197,6.347,6.735
930.03,27,7.638,8.35,7.132,6.82,6.661,7.416,6.786,7.302,7.688,6.286,7.562,7.292,7.206,7.797,7.805,7.294,7.635,7.387,7.781,7.229,6.373,6.772
931.03,27,7.62,8.355,7.096,6.865,6.705,7.304,6.721,7.321,7.734,6.29,7.536,7.252,7.171,7.864,7.833,7.27,7.671,7.434,7.749,7.243,6.35,6.742
932.03,27,7.628,8.311,7.043,6.888,6.684,7.364,6.797,7.316,7.701,6.353,7.585,7.279,7.239,7.849,7.846,7.257,7.637,7.505,7.782,7.234,6.368,6.811
933.03,27,7.583,8.356,7.055,6.905,6.747,7.36,6.794,7.35,7.696,6.352,7.588,7.259,7.244,7.851,7.882,7.267,7.615,7.412,7.755,7.2,6.391,6.734
934.03,27,7.59,8.308,7.118,6.886,6.723,7.436,6.775,7.344,7.706,6.249,7.536,7.217,7.183,7.935,7.909,7.258,7.684,7.403,7.729,7.167,6.295,6.73
935.03,27,7.589,8.268,6.993,6.91,6.635,7.278,6.781,7.216,7.713,6.235,7.574,7.279,7.203,7.813,7.845,7.272,7.642,7.407,7.728,7.189,6.386,6.752
936.03,27,7.621,8.273,7.071,6.839,6.704,7.325,6.76,7.3,7.756,6.287,7.571,7.174,7.206,7.867,7.847,7.323,7.565,7.413,7.805,7.179,6.377,6.728
937.03,27,7.649,8.243,6.998,6.846,6.668,7.337,6.817,7.296,7.777,6.173,7.589,7.246,7.177,7.809,7.808,7.251,7.643,7.329,7.81,7.186,6.395,6.734
938.03,27,7.648,8.352,7.129,6.887,6.631,7.349,6.804,7.226,7.699,6.298,7.535,7.218,7.237,7.854,7.896,7.288,7.711,7.399,7.784,7.254,6.3,6.71
939.03,27,7.634,8.325,7.151,6.834,6.7,7.379,6.808,7.269,7.739,6.21,7.554,7.252,7.235,7.8,7.844,7.29,7.655,7.361,7.784,7.259,6.345,6.725
940.03,27,7.638,8.263,7.02,6.868,6.678,7.394,6.697,7.272,7.726,6.22,7.537,7.277,7.193,7.835,7.811,7.283,7.633,7.377,7.806,7.158,6.362,6.751
941.03,27,7.557,8.295,7.098,6.775,6.684,7.36,6.795,7.294,7.716,6.227,7.543,7.266,7.189,7.745,7.867,7.199,7.604,7.384,7.77,7.197,6.353,6.759
942.03,27,7.545,8.288,7.152,6.892,6.673,7.338,6.755,7.327,7.674,6.266,7.548,7.243,7.183,7.827,7.864,7.278,7.676,7.326,7.745,7.221,6.311,6.749
943.03,27,7.608,8.29,7.02,6.892,6.723,7.371,6.81,7.302,7.697,6.224,7.608,7.196,7.18,7.841,7.844,7.248,7.642,7.451,7.811,7.201,6.359,6.712
944.03,27,7.598,8.391,7.083,6.802,6.705,7.425,6.748,7.304,7.653,6.247,7.577,7.243,7.234,7.787,7.854,7.291,7.578,7.388,7.762,7.181,6.345,6.748
945.03,27,7.576,8.284,7.054,6.795,6.682,7.324,6.734,7.295,7.677,6.314,7.517,7.216,7.198,7.809,7.785,7.311,7.614,7.411,7.766,7.182,6.271,6.729
946.03,27,7.591,8.286,7.045,6.819,6.62,7.342,6.756,7.288,7.718,6.305,7.511,7.267,7.247,7.882,7.821,7.265,7.649,7.359,7.81,7.207,6.359,6.711
947.03,27,7.568,8.269,7.055,6.845,6.621,7.356,6.755,7.271,7.666,6.216,7.524,7.321,7.18,7.831,7.76,7.17,7.581,7.437,7.749,7.206,6.389,6.727
948.03,27,7.551,8.279,7.003,6.799,6.63,7.37,6.733,7.27,7.694,6.195,7.483,7.263,7.25,7.873,7.796,7.208,7.595,7.353,7.777,7.123,6.329,6.759
949.03,27,7.656,8.217,7.077,6.839,6.671,7.366,6.711,7.312,7.69,6.282,7.558,7.24,7.146,7.816,7.84,7.26,7.614,7.352,7.745,7.215,6.29,6.662
950.03,27,7.671,8.234,6.983,6.787,6.716,7.332,6.748,7.276,7.711,6.214,7.54,7.209,7.21,7.79,7.877,7.254,7.666,7.392,7.768,7.195,6.31,6.649
951.03,27,7.576,8.231,6.994,6.885,6.673,7.369,6.743,7.229,7.741,6.245,7.538,7.242,7.226,7.776,7.919,7.265,7.744,7.361,7.808,7.158,6.342,6.665
952.03,27,7.576,8.243,7.033,6.81,6.658,7.268,6.746,7.294,7.695,6.263,7.529,7.193,7.185,7.864,7.851,7.206,7.604,7.353,7.725,7.165,6.216,6.771
953.03,27,7.563,8.247,7.107,6.83,6.683,7.347,6.757,7.245,7.687,6.308,7.548,7.246,7.224,7.849,7.852,7.275,7.68,7.434,7.709,7.192,6.299,6.691
954.03,27,7.567,8.205,7.006,6.809,6.667,7.429,6.702,7.275,7.716,6.22,7.534,7.23,7.23,7.821,7.796,7.307,7.607,7.326,7.738,7.192,6.27,6.681
955.03,27,7.571,8.304,7.019,6.8,6.594,7.309,6.759,7.233,7.57,6.251,7.513,7.24,7.171,7.832,7.823,7.25,7.668,7.377,7.778,7.222,6.323,6.63
956.03,27,7.6,8.234,7.047,6.82,6.654,7.387,6.731,7.27,7.686,6.249,7.517,7.197,7.181,7.78,7.849,7.285,7.606,7.409,7.754,7.167,6.314,6.684
957.03,27,7.613,8.221,7.034,6.795,6.65,7.356,6.803,7.28,7.736,6.235,7.554,7.182,7.15,7.754,7.891,7.287,7.647,7.32,7.779,7.111,6.327,6.754
958.03,27,7.584,8.296,7.103,6.73,6.686,7.343,6.76,7.216,7.664,6.185,7.493,7.247,7.193,7.753,7.834,7.257,7.7,7.379,7.738,7.215,6.312,6.669
959.03,27,7.521,8.253,7.056,6.798,6.73,7.421,6.746,7.203,7.665,6.21,7.49,7.211,7.204,7.739,7.791,7.207,7.62,7.407,7.772,7.197,6.294,6.673
960.03,27,7.61,8.274,7.025,6.753,6.659,7.373,6.704,7.207,7.669,6.166,7.526,7.238,7.243,7.884,7.899,7.223,7.543,7.375,7.777,7.18,6.318,6.69
961.03,27,7.551,8.25,7.012,6.843,6.604,7.295,6.767,7.236,7.695,6.14,7.598,7.281,7.139,7.806,7.843,7.233,7.58,7.371,7.74,7.228,6.293,6.67
962.03,27,7.572,8.291,7.041,6.782,6.576,7.378,6.706,7.308,7.681,6.242,7.543,7.191,7.16,7.791,7.8,7.145,7.59,7.431,7.71,7.168,6.269,6.71
963.03,27,7.623,8.223,6.96,6.84,6.636,7.399,6.652,7.247,7.752,6.199,7.539,7.222,7.177,7.845,7.77,7.208,7.654,7.418,7.715,7.157,6.275,6.651
964.03,27,7.582,8.228,7.035,6.844,6.609,7.289,6.719,7.227,7.622,6.214,7.423,7.268,7.139,7.838,7.802,7.22,7.608,7.348,7.732,7.178,6.28,6.675
965.03,27,7.625,8.241,7.034,6.781,6.65,7.31,6.797,7.283,7.726,6.175,7.482,7.217,7.194,7.769,7.819,7.268,7.637,7.377,7.709,7.212,6.301,6.712
966.03,27,7.58,8.218,7.062,6.769,6.674,7.352,6.723,7.228,7.614,6.206,7.526,7.267,7.146,7.757,7.867,7.296,7.648,7.347,7.741,7.189,6.357,6.683
967.03,27,7.564,8.235,6.986,6.836,6.649,7.305,6.711,7.267,7.679,6.122,7.501,7.182,7.153,7.81,7.833,7.231,7.606,7.336,7.739,7.157,6.263,6.687
968.03,27,7.571,8.256,7.026,6.704,6.6,7.321,6.702,7.189,7.696,6.183,7.548,7.221,7.175,7.794,7.718,7.232,7.604,7.387,7.749,7.181,6.289,6.626
969.03,27,7.52,8.198,7.04,6.829,6.677,7.275,6.752,7.345,7.684,6.187,7.461,7.21,7.183,7.831,7.817,7.181,7.627,7.33,7.773,7.159,6.304,6.658
970.03,27,7.554,8.205,7.018,6.759,6.667,7.379,6.678,7.305,7.671,6.121,7.518,7.173,7.164,7.762,7.772,7.221,7.543,7.341,7.729,7.132,6.264,6.657
971.03,27,7.487,8.263,7.034,6.752,6.635,7.406,6.718,7.219,7.706,6.199,7.488,7.279,7.158,7.803,7.729,7.174,7.626,7.345,7.681,7.131,6.313,6.677
972.03,27,7.535,8.232,7.043,6.723,6.646,7.335,6.675,7.262,7.705,6.164,7.545,7.169,7.117,7.815,7.746,7.215,7.695,7.346,7.741,7.157,6.281,6.647
973.03,27,7.541,8.254,6.98,6.768,6.636,7.329,6.737,7.259,7.715,6.157,7.53,7.264,7.175,7.783,7.82,7.173,7.618,7.327,7.705,7.175,6.239,6.616
974.03,27,7.636,8.213,6.973,6.759,6.643,7.364,6.68,7.206,7.67,6.213,7.499,7.221,7.179,7.838,7.801,7.237,7.57,7.399,7.694,7.127,6.293,6.702
975.03,27,7.543,8.274,7.028,6.723,6.642,7.373,6.736,7.25,7.662,6.132,7.531,7.234,7.114,7.722,7.766,7.243,7.612,7.391,7.745,7.178,6.261,6.652
976.03,27,7.602,8.256,6.98,6.755,6.635,7.307,6.725,7.217,7.734,6.193,7.476,7.193,7.146,7.738,7.798,7.252,7.612,7.359,7.683,7.125,6.285,6.661
977.03,27,7.529,8.249,7.009,6.788,6.646,7.288,6.667,7.321,7.686,6.138,7.529,7.215,7.159,7.755,7.818,7.179,7.606,7.338,7.649,7.249,6.282,6.693
978.03,27,7.508,8.295,7.057,6.786,6.692,7.297,6.75,7.218,7.662,6.168,7.539,7.197,7.138,7.793,7.765,7.199,7.599,7.395,7.701,7.155,6.265,6.655
979.03,27,7.553,8.253,7.001,6.709,6.638,7.309,6.714,7.253,7.622,6.143,7.5,7.149,7.214,7.864,7.801,7.213,7.653,7.337,7.706,7.115,6.259,6.69
980.03,27,7.615,8.183,7.019,6.751,6.648,7.293,6.72,7.163,7.697,6.184,7.52,7.242,7.162,7.749,7.757,7.17,7.632,7.379,7.717,7.186,6.296,6.651
981.03,27,7.507,8.226,7.072,6.741,6.617,7.339,6.664,7.232,7.717,6.126,7.473,7.219,7.177,7.816,7.692,7.209,7.584,7.314,7.713,7.138,6.199,6.648
982.03,27,7.561,8.193,6.995,6.721,6.626,7.305,6.73,7.259,7.683,6.167,7.441,7.229,7.133,7.817,7.834,7.226,7.621,7.4,7.714,7.078,6.245,6.704
983.03,27,7.496,8.206,7.054,6.719,6.562,7.361,6.708,7.234,7.691,6.098,7.485,7.221,7.213,7.795,7.827,7.241,7.58,7.38,7.655,7.147,6.246,6.645
984.03,27,7.548,8.181,6.978,6.69,6.627,7.333,6.619,7.248,7.606,6.091,7.495,7.251,7.161,7.734,7.818,7.229,7.606,7.38,7.643,7.158,6.311,6.694
985.03,27,7.53,8.302,7.065,6.792,6.581,7.331,6.676,7.224,7.678,6.113,7.438,7.202,7.088,7.814,7.707,7.209,7.599,7.311,7.749,7.2,6.249,6.635
986.03,27,7.48,8.224,7.005,6.759,6.568,7.369,6.668,7.196,7.627,6.124,7.397,7.223,7.162,7.748,7.742,7.138,7.535,7.289,7.682,7.133,6.252,6.639
987.03,27,7.468,8.287,7.003,6.746,6.645,7.318,6.744,7.203,7.707,6.168,7.52,7.168,7.162,7.817,7.787,7.162,7.578,7.345,7.749,7.161,6.246,6.659
988.03,27,7.544,8.209,7.014,6.673,6.574,7.357,6.775,7.201,7.614,6.117,7.483,7.178,7.136,7.8,7.714,7.237,7.601,7.332,7.743,7.216,6.152,6.647
989.03,27,7.583,8.281,6.972,6.689,6.59,7.321,6.773,7.214,7.655,6.124,7.528,7.165,7.162,7.812,7.771,7.252,7.641,7.41,7.744,7.1,6.247,6.638
990.03,27,7.518,8.199,7.017,6.719,6.615,7.324,6.672,7.251,7.702,6.186,7.421,7.196,7.154,7.773,7.802,7.224,7.62,7.379,7.743,7.105,6.163,6.656
991.03,27,7.523,8.244,6.999,6.668,6.607,7.29,6.687,7.277,7.578,6.147,7.428,7.166,7.119,7.81,7.808,7.247,7.53,7.298,7.757,7.131,6.235,6.611
992.03,27,7.551,8.207,7.029,6.742,6.607,7.36,6.677,7.231,7.665,6.117,7.485,7.143,7.14,7.833,7.752,7.217,7.616,7.339,7.664,7.199,6.239,6.622
993.03,27,7.532,8.281,7.052,6.696,6.61,7.283,6.685,7.219,7.662,6.097,7.488,7.237,7.103,7.762,7.769,7.248,7.54,7.368,7.696,7.129,6.19,6.707
994.03,27,7.489,8.201,7.039,6.674,6.578,7.313,6.655,7.253,7.696,6.138,7.448,7.156,7.097,7.763,7.769,7.207,7.548,7.331,7.68,7.118,6.199,6.629
995.03,27,7.511,8.214,6.876,6.655,6.528,7.333,6.663,7.294,7.669,6.121,7.47,7.161,7.231,7.736,7.759,7.193,7.582,7.281,7.714,7.161,6.206,6.658
996.03,27,7.497,8.232,6.997,6.696,6.666,7.337,6.661,7.202,7.724,6.055,7.508,7.213,7.103,7.796,7.799,7.149,7.583,7.435,7.708,7.162,6.225,6.653
997.03,27,7.613,8.235,6.99,6.694,6.573,7.264,6.725,7.204,7.624,6.105,7.458,7.188,7.163,7.768,7.777,7.15,7.605,7.329,7.704,7.133,6.212,6.576
998.03,27,7.518,8.24,7.05,6.717,6.562,7.313,6.647,7.225,7.698,6.027,7.497,7.171,7.171,7.82,7.775,7.192,7.579,7.307,7.702,7.109,6.213,6.65
999.03,27,7.584,8.219,6.969,6.721,6.557,7.361,6.674,7.248,7.676,6.069,7.509,7.165,7.169,7.763,7.821,7.189,7.573,7.335,7.67,7.151,6.207,6.603
1000.03,27,7.556,8.147,7.04,6.759,6.617,7.308,6.71,7.19,7.622,6.045,7.421,7.181,7.145,7.695,7.774,7.243,7.616,7.3,7.704,7.21,6.221,6.638
1001.03,27,7.514,8.239,7.051,6.73,6.575,7.351,6.711,7.288,7.714,6.072,7.477,7.149,7.203,7.777,7.79,7.188,7.632,7.303,7.75,7.108,6.2,6.61
1002.03,27,7.519,8.177,7.051,6.686,6.572,7.27,6.678,7.216,7.646,6.118,7.477,7.186,7.122,7.78,7.682,7.138,7.586,7.328,7.686,7.13,6.126,6.606
1003.03,27,7.539,8.214,6.981,6.678,6.599,7.278,6.654,7.234,7.685,6.064,7.483,7.188,7.153,7.752,7.785,7.207,7.622,7.363,7.689,7.079,6.191,6.652
1004.03,27,7.536,8.228,6.978,6.651,6.64,7.305,6.702,7.181,7.66,6.087,7.51,7.129,7.174,7.751,7.797,7.228,7.578,7.265,7.733,7.068,6.214,6.584
1005.03,27,7.521,8.213,6.96,6.69,6.597,7.298,6.666,7.272,7.65,6.125,7.487,7.155,7.13,7.747,7.763,7.237,7.573,7.304,7.703,7.053,6.221,6.633
1006.03,27,7.516,8.194,6.985,6.653,6.564,7.318,6.678,7.211,7.642,6.138,7.532,7.148,7.146,7.693,7.8,7.189,7.562,7.298,7.729,7.051,6.193,6.656
1007.03,27,7.55,8.179,7.013,6.634,6.599,7.306,6.749,7.277,7.651,6.124,7.436,7.128,7.109,7.698,7.738,7.193,7.563,7.327,7.742,7.162,6.235,6.615
1008.03,27,7.575,8.164,6.958,6.708,6.543,7.257,6.643,7.209,7.68,6.053,7.445,7.141,7.143,7.864,7.798,7.26,7.569,7.309,7.67,7.062,6.191,6.581
1009.03,27,7.497,8.219,6.978,6.655,6.57,7.267,6.74,7.226,7.679,6.066,7.412,7.178,7.132,7.794,7.71,7.192,7.541,7.317,7.638,7.153,6.164,6.596
1010.03,27,7.492,8.297,6.981,6.687,6.558,7.277,6.626,7.224,7.655,6.037,7.549,7.132,7.159,7.796,7.731,7.218,7.592,7.344,7.671,7.115,6.245,6.559
1011.03,27,7.459,8.165,6.976,6.644,6.583,7.223,6.657,7.198,7.692,6.049,7.447,7.209,7.133,7.727,7.743,7.126,7.519,7.343,7.702,7.106,6.199,6.565
1012.03,27,7.525,8.202,7.033,6.665,6.476,7.343,6.657,7.213,7.622,6.042,7.472,7.151,7.118,7.782,7.706,7.143,7.516,7.356,7.677,7.117,6.196,6.612
1013.03,27,7.489,8.156,6.937,6.664,6.561,7.277,6.613,7.226,7.661,6.074,7.425,7.138,7.165,7.732,7.773,7.212,7.623,7.238,7.677,7.145,6.198,6.569
1014.03,27,7.49,8.173,6.959,6.679,6.628,7.248,6.705,7.242,7.643,6.097,7.462,7.186,7.035,7.721,7.777,7.138,7.563,7.304,7.72,7.081,6.166,6.615
1015.03,27,7.497,8.169,7.018,6.636,6.618,7.293,6.769,7.187,7.658,6.052,7.47,7.152,7.085,7.727,7.729,7.217,7.491,7.264,7.696,7.019,6.188,6.592
1016.03,27,7.473,8.236,6.954,6.687,6.601,7.289,6.613,7.25,7.643,6.017,7.487,7.173,7.119,7.726,7.775,7.209,7.563,7.245,7.743,7.076,6.194,6.538
1017.03,27,7.477,8.179,6.996,6.647,6.521,7.391,6.671,7.17,7.65,6.025,7.431,7.105,7.11,7.76,7.754,7.161,7.558,7.322,7.661,7.083,6.124,6.637
1018.03,27,7.452,8.194,6.978,6.625,6.486,7.336,6.713,7.199,7.639,6.003,7.488,7.197,7.172,7.72,7.769,7.217,7.551,7.252,7.688,7.061,6.2,6.536
1019.03,27,7.527,8.222,6.989,6.644,6.528,7.346,6.638,7.222,7.657,6.015,7.48,7.149,7.105,7.714,7.702,7.192,7.512,7.23,7.726,6.986,6.203,6.589
1020.03,27,7.486,8.172,6.915,6.601,6.521,7.336,6.606,7.144,7.654,6.094,7.425,7.109,7.09,7.771,7.715,7.212,7.585,7.333,7.687,7.082,6.095,6.545
1021.03,27,7.537,8.184,6.992,6.617,6.55,7.23,6.612,7.256,7.642,6.077,7.441,7.133,7.134,7.735,7.759,7.154,7.572,7.293,7.621,7.147,6.17,6.54
1022.03,27,7.488,8.172,6.956,6.621,6.569,7.292,6.65,7.149,7.694,6.001,7.477,7.164,7.178,7.712,7.739,7.224,7.58,7.246,7.641,7.132,6.205,6.62
1023.03,27,7.504,8.227,6.908,6.656,6.537,7.238,6.636,7.234,7.722,6.049,7.426,7.113,7.14,7.767,7.751,7.129,7.552,7.291,7.683,7.047,6.162,6.616
1024.03,27,7.547,8.169,6.94,6.611,6.552,7.29,6.647,7.164,7.667,5.994,7.466,7.168,7.145,7.732,7.705,7.212,7.555,7.294,7.698,7.168,6.168,6.552
1025.03,27,7.498,8.215,6.997,6.593,6.546,7.284,6.654,7.203,7.675,6.03,7.45,7.147,7.127,7.742,7.787,7.199,7.512,7.317,7.682,7.117,6.145,6.551
1026.03,27,7.517,8.205,6.938,6.681,6.524,7.282,6.581,7.167,7.66,6.016,7.475,7.139,7.124,7.827,7.717,7.129,7.537,7.227,7.726,7.065,6.128,6.579
1027.03,27,7.463,8.184,6.927,6.59,6.514,7.267,6.679,7.232,7.648,6.054,7.44,7.119,7.12,7.804,7.753,7.184,7.565,7.299,7.675,7.141,6.16,6.557
1028.03,27,7.431,8.12,6.963,6.639,6.558,7.33,6.62,7.209,7.663,5.972,7.404,7.157,7.127,7.711,7.68,7.099,7.499,7.259,7.723,7.114,6.146,6.634
1029.03,27,7.53,8.162,7.003,6.602,6.534,7.276,6.628,7.175,7.595,6.001,7.428,7.137,7.116,7.732,7.742,7.188,7.601,7.318,7.608,7.058,6.178,6.61
1030.03,27,7.518,8.174,6.933,6.61,6.564,7.346,6.653,7.19,7.629,5.979,7.409,7.139,7.167,7.741,7.757,7.091,7.518,7.292,7.616,7.073,6.123,6.551
1031.03,27,7.458,8.179,6.91,6.666,6.551,7.291,6.675,7.14,7.653,6.046,7.462,7.146,7.087,7.837,7.688,7.088,7.576,7.251,7.664,7.019,6.118,6.489
1032.03,27,7.473,8.193,7.009,6.575,6.578,7.342,6.589,7.221,7.705,5.946,7.408,7.135,7.099,7.753,7.778,7.17,7.489,7.275,7.67,6.981,6.145,6.571
1033.03,27,7.493,8.132,6.94,6.581,6.502,7.235,6.621,7.204,7.687,6.023,7.428,7.083,7.114,7.716,7.735,7.117,7.517,7.292,7.655,7.078,6.141,6.541
1034.03,27,7.498,8.183,6.928,6.606,6.518,7.283,6.646,7.139,7.686,5.998,7.476,7.134,7.092,7.727,7.729,7.187,7.465,7.24,7.69,7.111,6.163,6.583
1035.03,27,7.51,8.073,6.904,6.58,6.532,7.3,6.64,7.236,7.664,5.963,7.443,7.159,7.073,7.722,7.719,7.152,7.491,7.333,7.623,7.105,6.153,6.555
1036.03,27,7.46,8.205,6.957,6.624,6.547,7.303,6.662,7.168,7.645,5.933,7.405,7.214,7.055,7.728,7.756,7.098,7.553,7.325,7.617,7.131,6.159,6.526
1037.03,27,7.497,8.171,6.971,6.553,6.524,7.279,6.606,7.167,7.676,5.99,7.4,7.227,7.101,7.709,7.726,7.106,7.474,7.322,7.662,7.097,6.125,6.478
1038.03,27,7.447,8.196,6.994,6.531,6.485,7.217,6.611,7.207,7.554,5.939,7.375,7.116,7.098,7.798,7.761,7.154,7.471,7.286,7.691,7.061,6.145,6.57
1039.03,27,7.39,8.202,6.951,6.538,6.492,7.216,6.586,7.218,7.656,6.031,7.487,7.107,7.111,7.706,7.718,7.102,7.573,7.289,7.62,7.11,6.154,6.479
1040.03,27,7.5,8.163,6.925,6.551,6.494,7.327,6.606,7.237,7.699,6.002,7.352,7.113,7.104,7.711,7.718,7.094,7.581,7.23,7.597,7.077,6.134,6.568
1041.03,27,7.502,8.123,6.931,6.55,6.513,7.197,6.614,7.199,7.669,6.025,7.46,7.093,7.054,7.709,7.702,7.108,7.525,7.252,7.587,7.037,6.16,6.514
1042.03,27,7.517,8.166,6.932,6.647,6.475,7.21,6.623,7.19,7.675,6.006,7.469,7.058,7.081,7.753,7.69,7.131,7.425,7.235,7.657,7.044,6.181,6.517
1043.03,27,7.479,8.163,6.914,6.489,6.444,7.242,6.628,7.243,7.691,5.989,7.444,7.165,7.088,7.667,7.77,7.112,7.491,7.319,7.619,7.039,6.159,6.541
1044.03,27,7.459,8.193,6.919,6.562,6.516,7.249,6.643,7.138,7.648,5.942,7.42,7.184,7.129,7.741,7.707,7.128,7.579,7.289,7.648,7.045,6.164,6.501
1045.03,27,7.516,8.169,6.931,6.557,6.47,7.223,6.61,7.174,7.624,5.958,7.426,7.12,7.075,7.723,7.693,7.146,7.526,7.248,7.531,7.037,6.096,6.553
1046.03,27,7.523,8.14,6.861,6.547,6.498,7.25,6.576,7.17,7.645,6.007,7.463,7.138,7.079,7.682,7.719,7.134,7.525,7.251,7.619,7.047,6.081,6.524
1047.03,27,7.467,8.143,6.9,6.513,6.483,7.257,6.65,7.246,7.66,6.015,7.432,7.091,7.09,7.721,7.704,7.134,7.537,7.275,7.628,7.004,6.106,6.526
1048.03,27,7.455,8.108,6.905,6.599,6.533,7.222,6.669,7.16,7.693,5.954,7.332,7.137,7.139,7.719,7.709,7.111,7.511,7.28,7.572,7.042,6.132,6.564
1049.03,27,7.463,8.141,6.954,6.646,6.499,7.257,6.621,7.155,7.655,5.969,7.375,7.151,7.046,7.739,7.748,7.102,7.484,7.317,7.602,7.04,6.104,6.512
1050.03,27,7.536,8.134,6.911,6.559,6.497,7.282,6.637,7.152,7.591,5.935,7.434,7.104,7.086,7.681,7.768,7.182,7.519,7.208,7.583,7.047,6.109,6.486
1051.03,27,7.439,8.166,6.92,6.538,6.49,7.223,6.603,7.176,7.69,5.994,7.354,7.094,7.119,7.7,7.678,7.07,7.494,7.277,7.659,7.01,6.094,6.488
1052.03,27,7.486,8.098,6.951,6.609,6.542,7.227,6.685,7.165,7.667,5.91,7.373,7.09,7.09,7.697,7.729,7.154,7.547,7.301,7.703,7.054,6.099,6.553
1053.03,27,7.419,8.129,6.891,6.579,6.467,7.258,6.666,7.185,7.616,5.947,7.384,7.081,7.063,7.741,7.706,7.092,7.494,7.267,7.658,7.005,6.057,6.515
1054.03,27,7.442,8.137,6.894,6.511,6.453,7.221,6.586,7.131,7.665,5.93,7.406,7.115,7.08,7.711,7.752,7.117,7.511,7.195,7.678,7.066,6.1,6.559
1055.03,27,7.421,8.174,6.934,6.582,6.429,7.218,6.534,7.186,7.667,5.945,7.403,7.135,7.087,7.72,7.707,7.118,7.551,7.336,7.677,7.073,6.113,6.501
1056.03,27,7.45,8.148,6.838,6.597,6.43,7.216,6.593,7.121,7.588,5.952,7.396,7.098,7.087,7.718,7.678,7.092,7.523,7.269,7.604,6.979,6.084,6.497
1057.03,27,7.553,8.174,6.87,6.527,6.458,7.229,6.661,7.164,7.66,5.899,7.382,7.115,7.051,7.69,7.688,7.112,7.469,7.24,7.605,7.014,6.145,6.52
1058.03,27,7.428,8.169,6.85,6.516,6.405,7.229,6.667,7.147,7.593,5.914,7.366,7.035,6.996,7.753,7.729,7.095,7.555,7.215,7.603,7.11,6.104,6.476
1059.03,27,7.459,8.138,6.933,6.573,6.503,7.191,6.582,7.183,7.61,5.89,7.405,7.061,7.011,7.71,7.678,7.133,7.471,7.267,7.621,7.089,6.107,6.485
1060.03,27,7.404,8.112,6.874,6.573,6.439,7.206,6.569,7.144,7.629,5.96,7.408,7.084,7.037,7.808,7.689,7.126,7.478,7.253,7.592,7.037,6.092,6.445
1061.03,27,7.443,8.094,6.925,6.546,6.466,7.182,6.625,7.199,7.58,5.888,7.312,7.019,7.079,7.713,7.684,7.143,7.501,7.269,7.65,6.989,6.063,6.527
1062.03,27,7.499,8.108,6.867,6.58,6.44,7.279,6.613,7.173,7.651,5.915,7.368,7.133,7.109,7.711,7.642,7.173,7.474,7.276,7.612,6.979,6.129,6.523
1063.03,27,7.431,8.102,6.907,6.563,6.496,7.184,6.574,7.2,7.648,5.888,7.331,7.072,7.047,7.689,7.675,7.093,7.452,7.263,7.674,7.053,6.106,6.504
1064.03,27,7.458,8.083,6.847,6.492,6.494,7.229,6.618,7.207,7.639,5.867,7.35,7.074,7.121,7.675,7.684,7.103,7.488,7.219,7.641,6.988,6.024,6.498
1065.03,27,7.464,8.075,6.951,6.583,6.435,7.237,6.664,7.095,7.573,5.924,7.407,7.096,7.077,7.694,7.704,7.113,7.533,7.242,7.559,6.945,6.036,6.426
1066.03,27,7.421,8.1,6.896,6.557,6.455,7.224,6.591,7.149,7.659,5.88,7.37,7.101,7.048,7.776,7.659,7.065,7.474,7.299,7.637,7.017,6.098,6.45
1067.03,27,7.418,8.12,6.959,6.518,6.431,7.186,6.614,7.088,7.574,5.904,7.397,7.11,7.111,7.687,7.693,7.135,7.447,7.242,7.565,7.004,6.061,6.494
1068.03,27,7.42,8.148,6.897,6.539,6.47,7.212,6.596,7.161,7.632,5.882,7.322,7.076,7.072,7.719,7.716,7.122,7.494,7.184,7.632,7.04,6.11,6.559
1069.03,27,7.441,8.126,6.862,6.585,6.434,7.153,6.624,7.207,7.626,5.919,7.395,7.162,7.076,7.731,7.673,7.102,7.46,7.19,7.611,7.046,6.053,6.462
1070.03,27,7.385,8.121,6.869,6.544,6.424,7.208,6.585,7.158,7.662,5.904,7.407,7.041,6.985,7.784,7.7,7.125,7.519,7.184,7.67,7.028,6.084,6.457
1071.03,27,7.411,8.144,6.903,6.531,6.434,7.255,6.636,7.17,7.618,5.965,7.375,7.11,7.05,7.759,7.651,7.092,7.457,7.224,7.632,6.95,6.064,6.442
1072.03,27,7.405,8.069,6.891,6.485,6.463,7.255,6.557,7.16,7.605,5.929,7.383,7.069,7.071,7.704,7.719,7.143,7.472,7.238,7.637,7.024,6.057,6.484
1073.03,27,7.429,8.098,6.915,6.513,6.464,7.223,6.598,7.106,7.559,5.822,7.346,7.081,6.995,7.643,7.72,7.087,7.549,7.229,7.62,6.975,6.04,6.498
1074.03,27,7.4,8.137,6.886,6.462,6.473,7.191,6.607,7.166,7.571,5.841,7.371,7.071,7.071,7.749,7.644,7.071,7.507,7.259,7.618,7.079,6.136,6.455
1075.03,27,7.398,8.165,6.854,6.5,6.41,7.214,6.582,7.145,7.619,5.819,7.415,7.102,7.086,7.695,7.696,7.012,7.431,7.198,7.587,7.083,6.095,6.554
1076.03,27,7.458,8.128,6.889,6.424,6.412,7.193,6.647,7.144,7.567,5.791,7.358,7.063,7.052,7.706,7.649,7.071,7.516,7.283,7.575,6.943,5.97,6.507
1077.03,27,7.433,8.096,6.881,6.503,6.398,7.232,6.591,7.142,7.627,5.821,7.385,7.038,7.073,7.698,7.689,7.126,7.479,7.201,7.649,7.072,6.079,6.451
1078.03,27,7.437,8.153,6.886,6.487,6.476,7.205,6.536,7.152,7.62,5.854,7.41,7.085,7.04,7.707,7.667,7.099,7.536,7.24,7.547,7.055,6.034,6.543
1079.03,27,7.463,8.107,6.87,6.434,6.419,7.255,6.62,7.169,7.579,5.842,7.345,7.103,7.019,7.634,7.73,7.065,7.492,7.259,7.578,7.003,6.078,6.415
1080.03,27,7.452,8.087,6.853,6.502,6.343,7.271,6.563,7.135,7.65,5.856,7.362,7.087,7.036,7.621,7.67,7.065,7.465,7.242,7.624,7.023,6.113,6.472
1081.03,27,7.444,8.133,6.964,6.502,6.431,7.196,6.554,7.198,7.637,5.872,7.356,7.158,7.023,7.667,7.664,7.105,7.536,7.17,7.661,7.029,6.069,6.453
1082.03,27,7.378,8.066,6.897,6.434,6.433,7.188,6.629,7.087,7.647,5.855,7.36,7.14,6.984,7.616,7.665,7.13,7.512,7.275,7.637,7.021,6.114,6.397
1083.03,27,7.374,8.108,6.919,6.524,6.394,7.207,6.545,7.171,7.67,5.828,7.373,7.044,7.043,7.716,7.608,7.109,7.452,7.249,7.685,6.989,5.984,6.494
1084.03,27,7.446,8.137,6.897,6.422,6.405,7.223,6.554,7.105,7.605,5.829,7.347,7.004,7.011,7.707,7.685,7.065,7.504,7.258,7.641,7.024,6.028,6.48
1085.03,27,7.434,8.079,6.876,6.436,6.479,7.287,6.559,7.153,7.654,5.808,7.382,7.113,7.021,7.721,7.657,7.075,7.459,7.122,7.572,7.025,6.062,6.465
1086.03,27,7.381,8.009,6.893,6.458,6.424,7.223,6.59,7.127,7.596,5.823,7.298,7.05,7.045,7.69,7.641,7.056,7.433,7.186,7.593,7.004,6.019,6.471
1087.03,27,7.424,8.119,6.847,6.493,6.374,7.214,6.521,7.087,7.622,5.85,7.351,7.102,6.99,7.693,7.721,7.043,7.444,7.204,7.583,7.014,6.049,6.478
1088.03,27,7.446,8.043,6.87,6.466,6.414,7.16,6.568,7.066,7.617,5.833,7.303,7.066,7.049,7.719,7.665,7.02,7.518,7.191,7.631,7.043,6.025,6.409
1089.03,27,7.346,8.155,6.903,6.491,6.405,7.245,6.528,7.094,7.627,5.792,7.295,7.053,6.985,7.688,7.652,7.081,7.501,7.225,7.623,6.989,5.995,6.445
1090.03,27,7.356,8.085,6.849,6.495,6.405,7.221,6.551,7.11,7.642,5.78,7.315,7.055,7.032,7.693,7.658,7.077,7.448,7.205,7.647,7.072,6.033,6.46
1091.03,27,7.4,8.086,6.825,6.412,6.37,7.25,6.524,7.134,7.565,5.83,7.388,7.158,6.972,7.653,7.684,7.108,7.443,7.233,7.622,7.035,6.02,6.466
1092.03,27,7.471,8.063,6.814,6.391,6.349,7.147,6.553,7.126,7.616,5.831,7.354,7.027,7.017,7.668,7.72,7.026,7.457,7.203,7.58,6.983,6.078,6.418
1093.03,27,7.374,8.139,6.824,6.425,6.415,7.144,6.561,7.093,7.579,5.892,7.374,7.11,7.036,7.671,7.677,7.07,7.419,7.207,7.571,6.997,5.976,6.479
1094.03,27,7.474,8.067,6.86,6.428,6.414,7.166,6.599,7.067,7.676,5.785,7.356,7.042,7.088,7.695,7.679,7.042,7.457,7.141,7.688,7.004,6.021,6.405
1095.03,27,7.448,8.123,6.895,6.404,6.413,7.207,6.486,7.109,7.631,5.839,7.301,7.043,7.057,7.731,7.64,7.065,7.462,7.196,7.656,6.983,6.03,6.456
1096.03,27,7.426,8.152,6.861,6.443,6.371,7.241,6.569,7.112,7.577,5.803,7.359,7.011,6.983,7.63,7.704,7.093,7.444,7.231,7.584,6.971,6.038,6.504
1097.03,27,7.454,8.114,6.956,6.411,6.373,7.193,6.548,7.079,7.607,5.856,7.246,7.091,7.046,7.668,7.668,7.129,7.424,7.192,7.586,6.945,5.978,6.438
1098.03,27,7.44,8.026,6.921,6.424,6.334,7.155,6.571,7.097,7.608,5.867,7.304,6.969,6.986,7.744,7.636,7.019,7.528,7.154,7.578,6.978,5.918,6.455
1099.03,27,7.374,8.072,6.901,6.412,6.391,7.167,6.506,7.139,7.576,5.758,7.315,7.034,7.02,7.714,7.588,6.986,7.478,7.234,7.66,7.029,5.99,6.448
1100.03,27,7.406,8.105,6.84,6.396,6.377,7.155,6.56,7.102,7.569,5.877,7.367,7.026,7.024,7.716,7.678,7.042,7.461,7.144,7.578,6.985,5.998,6.413
1101.03,27,7.47,8.048,6.882,6.519,6.358,7.197,6.5,7.134,7.618,5.821,7.313,7.002,6.941,7.67,7.693,7.053,7.454,7.138,7.541,7.002,5.994,6.441
1102.03,27,7.42,8.123,6.891,6.424,6.45,7.154,6.576,7.162,7.586,5.803,7.365,7.074,6.927,7.673,7.702,7.067,7.467,7.137,7.599,6.955,6.006,6.406
1103.03,27,7.399,8.142,6.893,6.467,6.423,7.145,6.576,7.078,7.568,5.761,7.361,6.953,6.982,7.732,7.628,7.065,7.448,7.143,7.594,6.94,5.983,6.443
1104.03,27,7.419,8.138,6.941,6.423,6.374,7.182,6.491,7.151,7.597,5.817,7.342,7.057,6.952,7.665,7.691,7.036,7.479,7.166,7.526,7.005,5.982,6.433
1105.03,27,7.42,8.109,6.845,6.347,6.39,7.207,6.511,7.06,7.633,5.792,7.314,7.056,7.027,7.6,7.66,7.028,7.463,7.149,7.56,7.006,5.997,6.372
1106.03,27,7.437,8.039,6.798,6.407,6.356,7.186,6.578,7.092,7.552,5.807,7.319,7.004,6.996,7.725,7.648,6.987,7.439,7.217,7.587,6.923,5.994,6.405
1107.03,27,7.394,8.139,6.879,6.449,6.361,7.209,6.556,7.088,7.596,5.781,7.309,7.016,6.965,7.635,7.679,7.084,7.42,7.233,7.589,6.963,6.006,6.402
1108.03,27,7.446,7.998,6.88,6.404,6.319,7.181,6.615,7.058,7.661,5.81,7.24,7.056,6.969,7.695,7.648,7.068,7.477,7.188,7.604,7.01,5.995,6.442
1109.03,27,7.364,8.026,6.848,6.368,6.292,7.166,6.532,7.153,7.625,5.718,7.345,7.12,6.94,7.697,7.721,7.07,7.37,7.141,7.638,6.927,5.992,6.393
1110.03,27,7.36,8.058,6.845,6.462,6.444,7.152,6.595,7.111,7.619,5.707,7.297,7.058,6.991,7.67,7.578,7.061,7.437,7.174,7.534,6.929,6.002,6.437
1111.03,27,7.412,8.063,6.852,6.395,6.321,7.147,6.521,7.043,7.648,5.781,7.334,7.021,7.025,7.673,7.658,7.036,7.424,7.182,7.552,6.919,5.919,6.368
1112.03,27,7.368,8.015,6.861,6.397,6.311,7.212,6.503,7.043,7.66,5.739,7.34,7.064,6.986,7.656,7.664,7.017,7.445,7.172,7.568,7.016,5.946,6.365
1113.03,27,7.401,8.077,6.897,6.433,6.398,7.135,6.554,7.097,7.604,5.777,7.314,7.035,7.02,7.72,7.665,7.073,7.412,7.126,7.625,6.99,6.003,6.407
1114.03,27,7.358,8.002,6.839,6.378,6.34,7.25,6.469,7.032,7.649,5.735,7.326,7.008,6.949,7.638,7.565,7.023,7.447,7.214,7.603,6.979,5.944,6.422
1115.03,27,7.398,8.119,6.864,6.401,6.384,7.176,6.546,7.054,7.614,5.79,7.354,7.084,6.929,7.654,7.675,7.049,7.407,7.194,7.598,6.918,5.981,6.373
1116.03,27,7.447,8.034,6.773,6.364,6.253,7.178,6.49,7.163,7.54,5.752,7.309,7.034,6.942,7.699,7.654,7.009,7.391,7.167,7.59,6.96,5.99,6.327
1117.03,27,7.371,8.092,6.852,6.422,6.297,7.19,6.527,7.116,7.502,5.769,7.351,6.984,7.008,7.699,7.648,6.974,7.409,7.076,7.553,6.992,6.015,6.398
1118.03,27,7.393,8.042,6.831,6.328,6.398,7.195,6.509,7.135,7.602,5.733,7.255,6.97,7.02,7.677,7.64,7.068,7.457,7.108,7.556,7.004,5.993,6.4
1119.03,27,7.43,8.073,6.887,6.337,6.4,7.279,6.506,7.11,7.646,5.75,7.347,7.063,7.041,7.696,7.668,7.015,7.454,7.201,7.538,7.001,5.97,6.37
1120.03,27,7.36,8.112,6.825,6.356,6.338,7.221,6.511,7.123,7.59,5.744,7.293,7.076,6.967,7.691,7.601,6.998,7.439,7.14,7.52,6.942,5.976,6.369
1121.03,27,7.415,8.056,6.813,6.302,6.35,7.213,6.515,7.055,7.568,5.752,7.332,7,7.028,7.62,7.69,7.099,7.454,7.124,7.574,6.953,5.963,6.5
1122.03,27,7.378,8.062,6.782,6.425,6.333,7.185,6.484,7.077,7.589,5.708,7.337,6.931,6.971,7.68,7.61,6.961,7.413,7.133,7.534,7.015,5.972,6.378
1123.03,27,7.358,8.038,6.845,6.401,6.32,7.188,6.524,7.065,7.598,5.683,7.253,7.015,6.964,7.639,7.674,7.07,7.395,7.183,7.513,6.956,6.009,6.344
1124.03,27,7.367,8.06,6.801,6.376,6.299,7.188,6.515,7.098,7.648,5.733,7.298,7.071,6.969,7.668,7.628,7.068,7.451,7.127,7.531,6.972,5.981,6.343
1125.03,27,7.386,8.113,6.776,6.378,6.37,7.133,6.532,7.131,7.533,5.715,7.277,6.992,7.001,7.67,7.541,7.031,7.378,7.207,7.615,6.938,5.995,6.405
1126.03,27,7.407,8.041,6.844,6.418,6.283,7.192,6.531,7.035,7.614,5.718,7.266,6.956,7.022,7.584,7.63,7.065,7.451,7.204,7.521,6.948,5.934,6.401
1127.03,27,7.366,8.05,6.849,6.348,6.332,7.154,6.508,7.173,7.572,5.692,7.262,6.944,6.984,7.665,7.612,7.048,7.425,7.148,7.614,6.933,5.971,6.381
1128.03,27,7.38,8.055,6.851,6.381,6.358,7.14,6.517,7.043,7.575,5.697,7.326,6.984,6.99,7.658,7.635,7.039,7.385,7.157,7.507,6.902,5.95,6.374
1129.03,27,7.424,8.094,6.802,6.4,6.352,7.182,6.502,7.067,7.622,5.67,7.285,7.068,6.967,7.638,7.651,7.008,7.392,7.217,7.486,6.936,5.97,6.308
1130.03,27,7.389,8.075,6.863,6.293,6.379,7.147,6.546,7.087,7.565,5.618,7.282,7.027,7.026,7.618,7.643,7.035,7.364,7.176,7.535,6.957,5.95,6.314
1131.03,27,7.341,8.067,6.816,6.35,6.273,7.153,6.441,7.121,7.548,5.702,7.269,7.041,6.996,7.724,7.639,7.04,7.448,7.135,7.532,6.931,5.916,6.36
1132.03,27,7.382,8.053,6.825,6.348,6.323,7.128,6.539,7.079,7.593,5.638,7.386,6.99,6.939,7.586,7.621,7.031,7.439,7.15,7.522,6.891,5.931,6.366
1133.03,27,7.29,8.092,6.759,6.318,6.243,7.136,6.463,7.084,7.606,5.703,7.323,7.011,6.968,7.68,7.643,6.96,7.487,7.166,7.549,6.914,5.979,6.332
1134.03,27,7.365,7.983,6.822,6.345,6.356,7.12,6.502,7.049,7.561,5.703,7.307,7.032,6.939,7.624,7.664,6.959,7.477,7.107,7.56,6.935,5.953,6.358
1135.03,27,7.299,8.07,6.788,6.33,6.322,7.178,6.52,7.1,7.555,5.698,7.268,6.979,6.987,7.701,7.656,7.012,7.484,7.109,7.512,6.953,5.902,6.347
1136.03,27,7.362,8.015,6.852,6.323,6.32,7.113,6.449,7.06,7.605,5.676,7.218,7.041,6.978,7.623,7.601,6.982,7.411,7.131,7.542,6.913,5.915,6.366
1137.03,27,7.456,8.101,6.84,6.224,6.298,7.114,6.515,7.083,7.549,5.677,7.321,7.048,6.979,7.593,7.593,7.031,7.407,7.162,7.579,6.958,5.89,6.346
1138.03,27,7.372,8.051,6.806,6.363,6.271,7.162,6.529,7.115,7.6,5.727,7.327,6.989,6.928,7.616,7.585,7.053,7.375,7.171,7.499,6.984,5.902,6.322
1139.03,27,7.347,8.014,6.786,6.337,6.296,7.118,6.518,7.103,7.514,5.647,7.25,6.988,7.004,7.588,7.625,7.059,7.4,7.155,7.533,6.891,5.947,6.34
1140.03,27,7.402,8.01,6.769,6.31,6.29,7.149,6.438,7.08,7.565,5.671,7.314,6.988,6.973,7.601,7.595,6.978,7.336,7.195,7.575,6.851,5.922,6.321
1141.03,27,7.39,8.008,6.788,6.307,6.271,7.183,6.532,7.06,7.563,5.714,7.276,6.984,7.033,7.678,7.561,7.002,7.428,7.088,7.513,6.89,5.853,6.362
1142.03,27,7.352,8.051,6.866,6.3,6.286,7.128,6.477,7.031,7.599,5.683,7.228,7.07,6.929,7.647,7.635,6.998,7.336,7.126,7.519,6.917,5.892,6.35
1143.03,27,7.363,8.045,6.769,6.357,6.282,7.151,6.492,7.043,7.531,5.717,7.267,6.949,7.019,7.698,7.572,6.994,7.415,7.148,7.53,6.897,5.921,6.333
1144.03,27,7.378,8.084,6.812,6.29,6.278,7.185,6.436,7.057,7.605,5.64,7.224,7.062,6.888,7.613,7.644,6.99,7.435,7.19,7.555,6.895,5.879,6.341
1145.03,27,7.421,7.951,6.809,6.287,6.275,7.115,6.451,7.049,7.622,5.633,7.312,7.055,6.955,7.599,7.62,7.056,7.417,7.121,7.517,6.978,5.932,6.336
1146.03,27,7.367,7.981,6.852,6.27,6.258,7.176,6.454,7.058,7.583,5.686,7.278,6.991,7.001,7.664,7.588,7.038,7.428,7.138,7.5,6.925,5.891,6.305
1147.03,27,7.346,8.021,6.803,6.28,6.278,7.126,6.511,7.07,7.559,5.57,7.276,7.006,6.939,7.632,7.572,6.955,7.357,7.171,7.545,6.878,5.893,6.353
1148.03,27,7.365,7.97,6.707,6.355,6.299,7.162,6.464,7.095,7.596,5.707,7.294,6.963,7.002,7.617,7.652,6.989,7.347,7.12,7.573,6.943,5.9,6.328
1149.03,27,7.35,8.021,6.86,6.331,6.284,7.166,6.476,7.03,7.582,5.697,7.285,7.006,6.999,7.608,7.665,7.024,7.345,7.125,7.523,6.942,5.893,6.273
1150.03,27,7.349,8.054,6.862,6.302,6.299,7.104,6.47,7.042,7.589,5.672,7.271,6.961,6.86,7.644,7.638,7.035,7.445,7.07,7.587,6.965,5.915,6.294
1151.03,27,7.341,8.027,6.808,6.264,6.245,7.159,6.485,7.056,7.556,5.692,7.299,6.981,6.963,7.614,7.59,7.047,7.42,7.114,7.571,6.915,5.866,6.297
1152.03,27,7.372,8.045,6.759,6.311,6.33,7.153,6.412,6.977,7.557,5.698,7.21,6.965,6.927,7.617,7.633,6.987,7.345,7.18,7.541,6.892,5.909,6.29
1153.03,27,7.279,7.977,6.78,6.3,6.233,7.132,6.446,7.073,7.573,5.64,7.238,6.998,6.884,7.605,7.613,7.006,7.391,7.058,7.488,6.905,5.827,6.333
1154.03,27,7.304,7.982,6.77,6.308,6.245,7.136,6.473,6.983,7.546,5.675,7.266,7.015,6.917,7.607,7.561,6.988,7.445,7.144,7.497,6.872,5.911,6.303
1155.03,27,7.397,8.082,6.808,6.32,6.274,7.135,6.49,7.093,7.544,5.666,7.266,6.923,6.925,7.603,7.575,7.028,7.359,7.178,7.556,6.924,5.885,6.274
1156.03,27,7.321,7.972,6.784,6.282,6.285,7.071,6.466,7.03,7.586,5.63,7.238,6.987,6.909,7.585,7.621,6.961,7.406,7.152,7.497,6.904,5.9,6.299
1157.03,27,7.319,8.032,6.742,6.266,6.237,7.153,6.455,7.013,7.593,5.641,7.25,6.943,6.911,7.627,7.521,6.987,7.352,7.18,7.512,6.939,5.853,6.229
1158.03,27,7.327,8.046,6.788,6.311,6.239,7.109,6.489,7.037,7.546,5.657,7.222,7,6.884,7.615,7.549,7.029,7.426,7.17,7.521,6.88,5.878,6.336
1159.03,27,7.297,8.014,6.832,6.321,6.276,7.093,6.412,7.051,7.531,5.634,7.273,6.92,6.946,7.625,7.563,7.014,7.392,7.12,7.536,6.917,5.931,6.304
1160.03,27,7.379,7.996,6.754,6.25,6.258,7.086,6.457,7.039,7.529,5.576,7.239,7.031,6.89,7.667,7.563,6.943,7.414,7.086,7.529,6.91,5.907,6.227
1161.03,27,7.333,7.996,6.757,6.241,6.243,7.12,6.482,6.961,7.566,5.649,7.24,7.046,6.942,7.664,7.584,6.991,7.36,7.069,7.528,6.864,5.885,6.309
1162.03,27,7.338,8.065,6.768,6.272,6.287,7.176,6.446,7.068,7.551,5.556,7.256,6.969,6.924,7.577,7.574,6.971,7.386,7.07,7.511,6.881,5.84,6.273
1163.03,27,7.408,8.025,6.742,6.26,6.273,7.093,6.499,7.005,7.536,5.6,7.226,7.002,6.919,7.63,7.55,6.977,7.4,7.126,7.543,6.92,5.899,6.272
1164.03,27,7.388,7.965,6.754,6.299,6.207,7.071,6.458,7.033,7.569,5.629,7.256,6.974,6.932,7.652,7.572,6.995,7.35,7.108,7.559,6.864,5.838,6.316
1165.03,27,7.296,8,6.714,6.233,6.193,7.068,6.396,7.011,7.602,5.63,7.226,6.948,6.913,7.589,7.603,6.993,7.422,7.172,7.516,6.867,5.856,6.249
1166.03,27,7.263,8.007,6.751,6.214,6.224,7.065,6.419,7.031,7.511,5.564,7.207,6.996,6.893,7.547,7.602,6.988,7.417,7.157,7.524,6.881,5.841,6.251
1167.03,27,7.329,8.043,6.773,6.253,6.186,7.079,6.501,7.012,7.594,5.65,7.259,6.985,6.94,7.614,7.584,6.992,7.346,7.104,7.577,6.875,5.893,6.267
1168.03,27,7.255,8.045,6.735,6.187,6.249,7.205,6.428,7.035,7.53,5.571,7.175,6.968,6.885,7.51,7.562,7.051,7.351,7.152,7.502,6.865,5.843,6.315
1169.03,27,7.32,8.038,6.76,6.247,6.251,7.098,6.459,7.06,7.523,5.582,7.178,6.994,6.931,7.621,7.565,6.938,7.344,7.096,7.507,6.909,5.892,6.303
1170.03,27,7.331,7.987,6.743,6.197,6.295,7.088,6.44,7.064,7.549,5.649,7.24,6.925,6.964,7.673,7.552,6.959,7.405,7.137,7.515,6.917,5.838,6.316
1171.03,27,7.261,7.954,6.76,6.191,6.29,7.106,6.413,7.009,7.507,5.577,7.208,6.915,6.892,7.583,7.624,6.961,7.407,7.107,7.511,6.833,5.844,6.308
1172.03,27,7.275,7.998,6.767,6.177,6.195,7.088,6.42,7.001,7.512,5.609,7.18,6.935,6.916,7.576,7.543,7.001,7.431,7.102,7.493,6.912,5.845,6.306
1173.03,27,7.279,7.98,6.72,6.264,6.241,7.101,6.42,7.049,7.532,5.617,7.192,6.999,6.79,7.549,7.661,6.97,7.346,7.119,7.543,6.875,5.895,6.337
1174.03,27,7.293,8.005,6.731,6.136,6.221,7.111,6.449,6.957,7.491,5.579,7.277,7.031,6.959,7.634,7.569,6.939,7.418,7.112,7.482,6.847,5.873,6.272
1175.03,27,7.321,8.009,6.749,6.198,6.25,7.019,6.456,7.005,7.546,5.564,7.241,6.961,6.892,7.59,7.572,6.959,7.397,7.076,7.507,6.818,5.802,6.248
1176.03,27,7.329,7.97,6.734,6.14,6.278,7.136,6.428,6.999,7.554,5.57,7.214,6.916,6.946,7.602,7.517,6.962,7.371,7.029,7.473,6.859,5.811,6.345
1177.03,27,7.291,7.953,6.744,6.283,6.219,7.087,6.395,6.985,7.552,5.575,7.224,6.964,6.888,7.597,7.603,6.963,7.306,7.112,7.456,6.813,5.898,6.28
1178.03,27,7.311,8.01,6.737,6.21,6.222,7.073,6.421,7.101,7.574,5.585,7.216,7.003,6.88,7.608,7.51,7,7.329,7.108,7.463,6.848,5.851,6.283
1179.03,27,7.298,7.983,6.728,6.241,6.206,7.129,6.413,7.022,7.545,5.65,7.183,6.954,6.889,7.601,7.64,6.965,7.384,7.11,7.527,6.904,5.791,6.329
1180.03,27,7.335,7.987,6.767,6.177,6.196,7.076,6.354,7.041,7.58,5.538,7.194,6.92,6.944,7.584,7.621,6.947,7.373,7.026,7.505,6.868,5.815,6.271
1181.03,27,7.318,8.019,6.782,6.244,6.161,7.102,6.408,7.035,7.514,5.53,7.21,6.989,6.898,7.594,7.527,6.92,7.401,7.023,7.5,6.845,5.817,6.282
1182.03,27,7.294,7.999,6.743,6.234,6.141,7.08,6.393,7.023,7.555,5.562,7.152,6.904,6.902,7.621,7.51,6.929,7.368,7.037,7.563,6.865,5.873,6.308
1183.03,27,7.292,7.96,6.762,6.218,6.19,7.02,6.372,7.035,7.552,5.504,7.248,6.955,6.887,7.598,7.537,6.996,7.323,7.047,7.538,6.912,5.805,6.273
1184.03,27,7.314,8.009,6.748,6.225,6.164,7.061,6.379,7.071,7.52,5.532,7.247,6.955,6.955,7.608,7.501,6.861,7.302,7.07,7.465,6.864,5.878,6.24
1185.03,27,7.321,8.027,6.759,6.144,6.162,7.069,6.462,7.001,7.536,5.586,7.2,6.938,6.844,7.616,7.506,6.851,7.388,7.099,7.494,6.866,5.835,6.299
1186.03,27,7.28,7.93,6.699,6.204,6.241,7.121,6.421,6.994,7.523,5.508,7.229,6.928,6.873,7.563,7.614,6.949,7.335,7.034,7.501,6.886,5.846,6.312
1187.03,27,7.224,7.902,6.761,6.176,6.196,7.081,6.353,6.96,7.553,5.55,7.179,6.953,6.868,7.604,7.568,6.946,7.345,7.087,7.509,6.895,5.804,6.313
1188.03,27,7.292,8.015,6.793,6.185,6.158,7.098,6.411,6.996,7.502,5.534,7.206,6.909,6.91,7.645,7.55,6.92,7.324,7.102,7.485,6.89,5.786,6.285
1189.03,27,7.24,8.036,6.663,6.222,6.186,7.124,6.406,7.024,7.568,5.539,7.149,6.933,6.895,7.585,7.559,6.967,7.367,7.028,7.476,6.763,5.768,6.309
1190.03,27,7.302,7.935,6.719,6.227,6.168,7.073,6.42,7.012,7.518,5.479,7.167,6.933,6.914,7.555,7.548,6.962,7.254,7.117,7.477,6.858,5.79,6.285
1191.03,27,7.285,7.994,6.739,6.199,6.156,7.03,6.442,7.041,7.571,5.552,7.178,6.9,6.868,7.582,7.566,6.946,7.382,7.014,7.456,6.848,5.831,6.381
1192.03,27,7.251,7.89,6.728,6.213,6.191,7.09,6.417,7.003,7.513,5.508,7.211,6.994,6.903,7.547,7.53,6.94,7.377,7.069,7.458,6.842,5.809,6.376
1193.03,27,7.351,8.029,6.771,6.166,6.184,7.11,6.408,6.995,7.542,5.546,7.108,6.901,6.906,7.543,7.527,6.871,7.376,7.025,7.45,6.796,5.812,6.311
1194.03,27,7.311,8.014,6.742,6.148,6.09,7.006,6.379,6.954,7.496,5.549,7.192,6.993,6.89,7.653,7.505,6.94,7.371,7.098,7.452,6.935,5.843,6.28
1195.03,27,7.238,7.998,6.7,6.263,6.242,7.114,6.397,7.005,7.498,5.508,7.204,6.894,6.875,7.597,7.584,6.863,7.311,7.047,7.482,6.873,5.812,6.36
1196.03,27,7.254,7.913,6.699,6.153,6.131,7.057,6.479,6.984,7.53,5.491,7.118,6.926,6.859,7.591,7.485,6.914,7.341,7.06,7.463,6.787,5.837,6.301
1197.03,27,7.326,7.99,6.753,6.196,6.158,7.079,6.405,7.015,7.526,5.517,7.219,6.912,6.88,7.626,7.513,7.016,7.329,7.059,7.48,6.84,5.768,6.341
1198.03,27,7.294,7.939,6.703,6.201,6.096,7.028,6.358,6.965,7.553,5.574,7.209,6.906,6.883,7.61,7.553,6.969,7.295,7.041,7.444,6.87,5.782,6.324
1199.03,27,7.304,7.954,6.718,6.172,6.215,7.053,6.502,6.993,7.557,5.483,7.156,6.969,6.822,7.565,7.617,6.966,7.324,7.04,7.51,6.824,5.824,6.303
1200.03,27,7.209,7.968,6.734,6.161,6.16,7.06,6.36,6.961,7.567,5.491,7.244,6.959,6.931,7.539,7.525,6.924,7.292,7.038,7.442,6.777,5.774,6.357
1201.03,27,7.285,7.936,6.717,6.154,6.161,7.053,6.401,6.984,7.552,5.524,7.168,6.921,6.866,7.583,7.566,6.945,7.363,7.028,7.505,6.809,5.732,6.328
1202.03,27,7.328,7.915,6.709,6.124,6.147,6.924,6.424,7.035,7.498,5.507,7.141,6.932,6.883,7.587,7.54,6.89,7.373,7.02,7.499,6.772,5.846,6.261
1203.03,27,7.266,7.921,6.673,6.161,6.118,7.043,6.414,6.981,7.507,5.431,7.22,6.937,6.879,7.563,7.521,6.912,7.329,6.982,7.462,6.781,5.762,6.302
1204.03,27,7.305,7.937,6.715,6.145,6.137,7.088,6.376,7.016,7.465,5.431,7.157,6.906,6.948,7.591,7.596,6.941,7.38,7.081,7.452,6.784,5.806,6.326
1205.03,27,7.26,7.962,6.746,6.116,6.141,7.094,6.39,7.032,7.544,5.417,7.206,6.89,6.843,7.529,7.517,6.867,7.331,7.184,7.514,6.888,5.762,6.274
1206.03,27,7.293,7.941,6.749,6.08,6.202,7.073,6.34,6.938,7.582,5.505,7.196,6.832,6.87,7.603,7.572,6.928,7.321,7.062,7.487,6.873,5.764,6.343
1207.03,27,7.293,7.959,6.701,6.051,6.155,7.071,6.355,7.039,7.506,5.398,7.176,6.905,6.903,7.595,7.51,6.914,7.272,7.007,7.49,6.802,5.79,6.358
1208.03,27,7.217,7.864,6.663,6.099,6.16,7.047,6.379,7.022,7.47,5.429,7.174,6.923,6.883,7.569,7.578,6.873,7.354,7.004,7.486,6.838,5.848,6.288
1209.03,27,7.227,8.006,6.714,6.142,6.117,7.128,6.373,7.078,7.49,5.455,7.142,6.924,6.856,7.563,7.577,6.942,7.337,6.975,7.409,6.814,5.818,6.302
1210.03,27,7.282,7.887,6.731,6.103,6.079,7.011,6.485,6.984,7.559,5.522,7.173,6.936,6.836,7.596,7.626,6.921,7.378,7.029,7.454,6.819,5.743,6.344
1211.03,27,7.283,7.999,6.669,6.082,6.049,7.044,6.379,6.993,7.51,5.441,7.189,6.935,6.866,7.58,7.594,6.853,7.283,7.091,7.449,6.784,5.79,6.292
1212.03,27,7.229,7.999,6.766,6.103,6.146,7,6.417,6.912,7.497,5.495,7.224,6.866,6.874,7.524,7.507,6.891,7.256,7.006,7.456,6.792,5.796,6.257
1213.03,27,7.294,7.899,6.715,6.117,6.13,7.037,6.335,7.002,7.55,5.473,7.185,6.957,6.863,7.6,7.537,6.86,7.281,7.04,7.443,6.809,5.726,6.339
1214.03,27,7.219,7.93,6.706,6.109,6.125,7.077,6.357,6.95,7.552,5.394,7.2,6.907,6.873,7.518,7.456,6.978,7.403,7.072,7.5,6.801,5.702,6.297
1215.03,27,7.255,7.997,6.674,6.14,6.131,7.078,6.347,7.024,7.43,5.434,7.2,6.911,6.89,7.557,7.518,6.88,7.368,7.021,7.459,6.783,5.708,6.334
1216.03,27,7.254,7.907,6.729,6.124,6.099,6.979,6.38,6.982,7.517,5.496,7.163,6.852,6.836,7.665,7.539,6.911,7.339,7.022,7.452,6.814,5.81,6.305
1217.03,27,7.231,7.937,6.647,6.116,6.054,7.065,6.35,6.99,7.5,5.411,7.131,6.932,6.81,7.475,7.456,6.935,7.29,7.005,7.424,6.842,5.759,6.258
1218.03,27,7.268,7.954,6.686,6.104,6.16,7.051,6.353,6.963,7.505,5.425,7.161,6.962,6.889,7.565,7.576,6.939,7.25,7.02,7.427,6.816,5.733,6.344
1219.03,27,7.251,7.903,6.691,6.125,6.091,7.044,6.424,6.962,7.449,5.436,7.154,6.921,6.859,7.558,7.541,6.885,7.283,7.08,7.415,6.779,5.782,6.25
1220.03,27,7.216,7.89,6.652,6.107,6.121,6.978,6.311,6.939,7.499,5.44,7.12,6.871,6.809,7.555,7.473,6.908,7.26,7.018,7.413,6.843,5.755,6.306
1221.03,27,7.269,7.916,6.733,6.165,6.077,6.97,6.341,7.023,7.507,5.394,7.131,6.848,6.882,7.527,7.487,6.849,7.287,6.982,7.428,6.789,5.702,6.251
1222.03,27,7.259,7.891,6.623,6.094,6.109,7.07,6.338,7,7.456,5.411,7.149,6.843,6.844,7.615,7.508,6.83,7.284,6.966,7.405,6.825,5.737,6.329
1223.03,27,7.273,7.951,6.659,6.11,6.1,7.057,6.357,6.98,7.484,5.369,7.204,6.942,6.885,7.59,7.474,6.966,7.347,7.057,7.561,6.781,5.756,6.354
1224.03,27,7.228,7.881,6.639,6.076,6.104,7.037,6.362,7.036,7.492,5.414,7.156,6.928,6.836,7.591,7.521,6.901,7.324,7.035,7.482,6.766,5.743,6.334
1225.03,27,7.213,7.929,6.725,6.028,6.071,7.014,6.312,6.981,7.476,5.426,7.08,6.898,6.845,7.568,7.488,6.912,7.341,7.046,7.462,6.761,5.721,6.322
1226.03,27,7.222,7.862,6.702,6.08,6.063,7.04,6.369,7,7.504,5.387,7.138,6.859,6.87,7.514,7.466,6.874,7.283,7.014,7.44,6.781,5.748,6.331
1227.03,27,7.239,7.931,6.638,6.092,6.084,6.934,6.338,6.936,7.516,5.423,7.132,6.95,6.828,7.573,7.488,6.895,7.288,6.959,7.509,6.767,5.676,6.307
1228.03,27,7.259,7.898,6.692,6.038,6.115,7.021,6.361,6.943,7.495,5.36,7.124,6.856,6.837,7.506,7.452,6.823,7.273,6.994,7.406,6.786,5.735,6.34
1229.03,27,7.209,7.969,6.697,6.044,6.05,7.027,6.37,7.027,7.521,5.394,7.11,6.96,6.906,7.534,7.47,6.921,7.247,6.988,7.457,6.78,5.768,6.375
1230.03,27,7.245,7.939,6.674,6.014,6.1,7.017,6.364,6.951,7.541,5.419,7.106,6.802,6.89,7.554,7.513,6.863,7.387,7.024,7.453,6.759,5.729,6.286
1231.03,27,7.159,7.933,6.709,6.079,6.018,6.989,6.31,7.002,7.477,5.395,7.18,6.891,6.866,7.493,7.534,6.87,7.339,6.995,7.41,6.763,5.744,6.292
1232.03,27,7.286,7.922,6.654,6.066,6.085,6.988,6.333,6.958,7.464,5.375,7.109,6.813,6.854,7.484,7.437,6.899,7.284,6.971,7.468,6.801,5.668,6.331
1233.03,27,7.248,7.876,6.652,6.024,6.079,6.992,6.376,6.924,7.591,5.326,7.105,6.931,6.808,7.558,7.505,6.892,7.252,7.036,7.458,6.785,5.699,6.237
1234.03,27,7.208,7.937,6.647,6.082,6.082,6.947,6.335,6.938,7.472,5.387,7.119,6.87,6.867,7.473,7.416,6.903,7.27,7.011,7.47,6.799,5.709,6.309
1235.03,27,7.285,7.932,6.669,6.083,6.151,7.016,6.327,6.905,7.537,5.374,7.049,6.858,6.818,7.532,7.472,6.89,7.283,7.018,7.424,6.78,5.713,6.319
1236.03,27,7.242,7.963,6.634,6.095,6.109,7.049,6.351,6.958,7.493,5.368,7.144,6.873,6.806,7.559,7.568,6.88,7.319,7.012,7.48,6.781,5.676,6.337
1237.03,27,7.271,7.844,6.674,6.043,6.1,6.969,6.332,6.957,7.417,5.396,7.121,6.874,6.853,7.549,7.507,6.895,7.275,6.996,7.431,6.757,5.65,6.319
1238.03,27,7.3,7.905,6.672,6.07,6.091,7.051,6.298,6.958,7.528,5.406,7.098,6.84,6.84,7.6,7.542,6.881,7.234,6.923,7.436,6.773,5.772,6.346
1239.03,27,7.22,7.899,6.626,6.046,6.064,7.01,6.337,6.954,7.528,5.396,7.098,6.843,6.854,7.549,7.531,6.867,7.229,6.983,7.39,6.733,5.704,6.318
1240.03,27,7.206,7.96,6.641,6.06,6.111,7.053,6.29,7.017,7.497,5.375,7.068,6.892,6.844,7.566,7.515,6.867,7.318,6.986,7.372,6.719,5.743,6.342
1241.03,27,7.261,7.92,6.731,6.072,6.127,6.996,6.347,6.897,7.509,5.367,7.096,6.899,6.762,7.521,7.536,6.924,7.306,7.044,7.501,6.768,5.733,6.426
1242.03,27,7.257,7.917,6.586,6.002,6.102,7.009,6.327,6.891,7.48,5.313,7.059,6.929,6.851,7.499,7.525,6.907,7.243,6.992,7.395,6.737,5.711,6.369
1243.03,27,7.222,7.859,6.648,6.048,6.066,7.011,6.302,6.987,7.526,5.338,7.156,6.955,6.869,7.522,7.6,6.848,7.257,6.994,7.424,6.691,5.642,6.368
1244.03,27,7.217,7.957,6.614,6.02,6.099,7.035,6.292,6.933,7.474,5.357,7.166,6.817,6.818,7.592,7.492,6.851,7.26,6.941,7.38,6.803,5.673,6.342
1245.03,27,7.189,7.871,6.702,5.974,6.041,7.058,6.301,6.877,7.47,5.34,7.04,6.92,6.777,7.523,7.528,6.825,7.213,6.99,7.435,6.756,5.702,6.342
1246.03,27,7.206,7.861,6.698,6.036,6.148,7.023,6.334,6.938,7.496,5.37,7.135,6.89,6.767,7.525,7.559,6.885,7.298,6.968,7.399,6.758,5.664,6.35
1247.03,27,7.255,7.851,6.677,6.083,6.042,7.029,6.322,6.852,7.495,5.354,7.117,6.859,6.857,7.511,7.477,6.81,7.319,6.946,7.415,6.765,5.742,6.319
1248.03,27,7.162,7.851,6.64,6.008,6.089,7.021,6.322,6.914,7.523,5.361,7.088,6.893,6.741,7.484,7.487,6.857,7.278,7.018,7.428,6.771,5.677,6.337
1249.03,27,7.234,7.896,6.606,6.05,6.062,7.018,6.316,6.913,7.556,5.334,7.124,6.865,6.892,7.502,7.446,6.884,7.268,6.951,7.439,6.759,5.756,6.358
1250.03,27,7.217,7.884,6.647,5.988,6.116,7.019,6.337,7.002,7.463,5.273,7.162,6.822,6.823,7.486,7.467,6.83,7.304,6.953,7.417,6.778,5.661,6.267
1251.03,27,7.243,7.897,6.605,6.045,6.114,7.006,6.317,6.92,7.492,5.305,7.086,6.863,6.794,7.525,7.436,6.802,7.24,7.047,7.388,6.721,5.755,6.375
1252.03,27,7.128,7.902,6.666,6.021,6.09,7.013,6.269,6.901,7.48,5.312,7.151,6.861,6.823,7.528,7.469,6.851,7.197,6.961,7.407,6.724,5.637,6.308
1253.03,27,7.135,7.84,6.623,5.968,6.053,6.987,6.341,6.922,7.505,5.343,7.078,6.871,6.796,7.533,7.403,6.805,7.277,6.948,7.395,6.744,5.665,6.363
1254.03,27,7.179,7.873,6.559,5.976,6.048,6.999,6.239,6.864,7.545,5.298,7.037,6.878,6.813,7.579,7.508,6.936,7.239,6.96,7.335,6.727,5.667,6.305
1255.03,27,7.27,7.882,6.644,6.019,6.077,6.997,6.281,6.901,7.473,5.283,7.089,6.866,6.782,7.52,7.434,6.805,7.234,6.941,7.457,6.732,5.661,6.354
1256.03,27,7.174,7.885,6.594,6.074,6.128,6.991,6.337,6.813,7.459,5.323,7.102,6.845,6.761,7.511,7.468,6.906,7.215,6.927,7.304,6.704,5.715,6.309
1257.03,27,7.209,7.915,6.562,6.064,6.134,6.996,6.326,6.909,7.518,5.343,7.046,6.883,6.818,7.488,7.427,6.879,7.243,7.029,7.322,6.739,5.688,6.427
1258.03,27,7.212,7.913,6.618,5.949,6.059,6.965,6.315,6.877,7.472,5.285,7.08,6.841,6.836,7.525,7.48,6.812,7.225,7.045,7.392,6.771,5.692,6.389
1259.03,27,7.191,7.87,6.601,5.939,6.083,6.975,6.334,6.901,7.465,5.312,7.042,6.84,6.762,7.58,7.452,6.829,7.233,6.94,7.417,6.677,5.692,6.349
1260.03,27,7.201,7.873,6.671,5.995,6.071,6.937,6.337,6.954,7.427,5.295,7.046,6.853,6.787,7.516,7.481,6.861,7.248,6.947,7.46,6.829,5.594,6.33
1261.03,27,7.256,7.848,6.614,6.041,6.043,6.966,6.276,6.865,7.515,5.292,7.058,6.761,6.778,7.488,7.45,6.827,7.281,6.909,7.387,6.732,5.687,6.338
1262.03,27,7.14,7.857,6.576,5.959,6.075,6.976,6.278,6.89,7.473,5.341,7.043,6.829,6.77,7.501,7.482,6.841,7.283,7.007,7.439,6.788,5.681,6.322
1263.03,27,7.228,7.849,6.627,6.01,6.122,6.949,6.319,6.897,7.461,5.273,7.125,6.885,6.775,7.514,7.441,6.812,7.272,6.991,7.443,6.783,5.726,6.379
1264.03,27,7.117,7.87,6.605,6.032,6.052,7.009,6.285,6.904,7.504,5.284,7.058,6.785,6.774,7.527,7.502,6.734,7.231,6.938,7.445,6.72,5.684,6.286
1265.03,27,7.203,7.828,6.601,6.017,6.125,6.942,6.319,6.902,7.508,5.301,7.06,6.89,6.814,7.56,7.389,6.857,7.247,7.028,7.425,6.765,5.682,6.305
1266.03,27,7.206,7.921,6.597,5.958,6.085,7.04,6.271,6.857,7.432,5.334,7.079,6.833,6.779,7.496,7.479,6.802,7.242,6.98,7.356,6.655,5.66,6.335
1267.03,27,7.201,7.903,6.682,5.972,6.068,7.007,6.348,6.945,7.457,5.268,7.096,6.831,6.751,7.556,7.455,6.901,7.224,7.003,7.371,6.753,5.656,6.323
1268.03,27,7.176,7.883,6.633,5.874,6.053,6.975,6.219,6.891,7.437,5.248,7.078,6.871,6.735,7.545,7.453,6.801,7.232,7.001,7.459,6.774,5.583,6.316
1269.03,27,7.114,7.861,6.588,5.965,6.071,6.972,6.27,6.885,7.517,5.267,7.018,6.867,6.768,7.547,7.417,6.814,7.254,6.963,7.351,6.616,5.625,6.352
1270.03,27,7.184,7.787,6.62,5.983,6.099,6.948,6.243,6.883,7.478,5.234,7.118,6.753,6.777,7.559,7.508,6.798,7.232,6.954,7.424,6.698,5.597,6.301
1271.03,27,7.222,7.867,6.659,5.927,6.065,6.943,6.295,6.879,7.492,5.291,7,6.818,6.818,7.462,7.454,6.854,7.27,6.992,7.397,6.698,5.669,6.353
1272.03,27,7.143,7.841,6.586,5.973,6.109,6.905,6.27,6.905,7.498,5.214,7.118,6.806,6.763,7.493,7.44,6.806,7.303,7.03,7.403,6.659,5.576,6.353
1273.03,27,7.185,7.869,6.652,5.954,6.054,6.979,6.254,6.89,7.442,5.271,7.06,6.82,6.776,7.51,7.48,6.835,7.246,6.961,7.369,6.71,5.66,6.319
1274.03,27,7.245,7.906,6.636,5.961,6.126,6.949,6.269,6.936,7.457,5.273,7.076,6.878,6.817,7.557,7.513,6.867,7.229,6.994,7.391,6.678,5.626,6.37
1275.03,27,7.226,7.82,6.625,5.908,6.147,6.955,6.356,6.91,7.511,5.209,7.014,6.787,6.773,7.528,7.451,6.797,7.199,6.953,7.336,6.71,5.59,6.335
1276.03,27,7.13,7.878,6.543,5.922,6.054,7.012,6.248,6.9,7.435,5.343,7.017,6.85,6.736,7.488,7.402,6.829,7.258,6.944,7.394,6.756,5.61,6.361
1277.03,27,7.186,7.865,6.602,5.909,6.113,6.935,6.316,6.903,7.462,5.209,7.081,6.796,6.786,7.595,7.523,6.832,7.243,7.009,7.353,6.665,5.551,6.364
1278.03,27,7.239,7.802,6.556,5.831,6.017,6.939,6.278,6.887,7.512,5.172,7.078,6.842,6.781,7.513,7.471,6.834,7.264,6.99,7.365,6.701,5.625,6.312
1279.03,27,7.144,7.825,6.585,5.893,6.079,6.939,6.277,6.903,7.445,5.248,7.013,6.88,6.83,7.485,7.446,6.915,7.205,6.953,7.372,6.658,5.674,6.318
1280.03,27,7.176,7.872,6.571,5.894,6.091,6.982,6.169,6.912,7.506,5.199,6.979,6.872,6.769,7.501,7.445,6.798,7.202,6.918,7.41,6.668,5.651,6.328
1281.03,27,7.158,7.838,6.563,5.913,6.149,6.935,6.279,6.894,7.474,5.192,7.054,6.762,6.766,7.482,7.512,6.784,7.227,6.913,7.403,6.737,5.603,6.369
1282.03,27,7.177,7.83,6.61,5.94,6.06,6.906,6.257,6.839,7.455,5.228,7.077,6.886,6.802,7.505,7.41,6.822,7.253,6.866,7.361,6.686,5.597,6.369
1283.03,27,7.151,7.821,6.569,5.917,6.075,6.962,6.315,6.89,7.413,5.239,6.977,6.828,6.762,7.475,7.424,6.796,7.205,6.877,7.386,6.703,5.648,6.321
1284.03,27,7.183,7.891,6.586,5.908,6.087,6.942,6.272,6.944,7.491,5.24,7.009,6.782,6.801,7.458,7.431,6.711,7.209,7.013,7.393,6.657,5.587,6.395
1285.03,27,7.208,7.859,6.555,5.897,6.161,6.851,6.24,6.933,7.456,5.173,7.147,6.716,6.769,7.462,7.471,6.816,7.218,6.893,7.36,6.653,5.565,6.384
1286.03,27,7.202,7.833,6.623,5.9,6.129,6.888,6.314,6.887,7.458,5.205,7.112,6.762,6.785,7.458,7.523,6.816,7.218,6.923,7.362,6.695,5.577,6.378
1287.03,27,7.155,7.83,6.599,5.951,6.065,6.996,6.311,6.842,7.47,5.241,7.038,6.731,6.767,7.474,7.461,6.805,7.242,6.945,7.282,6.736,5.612,6.29
1288.03,27,7.176,7.794,6.595,5.893,6.068,6.896,6.235,6.897,7.473,5.207,7.069,6.679,6.807,7.444,7.395,6.817,7.222,6.935,7.31,6.669,5.615,6.315
1289.03,27,7.178,7.859,6.586,5.861,6.132,6.949,6.246,6.921,7.388,5.221,7.063,6.798,6.772,7.479,7.455,6.834,7.228,6.958,7.402,6.643,5.567,6.33
1290.03,27,7.219,7.787,6.513,5.91,6.087,6.959,6.27,6.886,7.461,5.242,6.987,6.805,6.727,7.428,7.478,6.877,7.192,6.901,7.342,6.662,5.629,6.344
1291.03,27,7.21,7.838,6.631,5.915,6.136,6.958,6.19,6.852,7.457,5.165,7.009,6.885,6.757,7.534,7.437,6.812,7.219,6.955,7.396,6.69,5.561,6.386
1292.03,27,7.138,7.861,6.603,5.881,6.098,6.925,6.299,6.884,7.427,5.123,7.03,6.836,6.733,7.415,7.387,6.803,7.191,6.914,7.414,6.651,5.539,6.294
1293.03,27,7.154,7.844,6.644,5.899,6.073,6.886,6.263,6.889,7.456,5.158,7.056,6.808,6.744,7.49,7.413,6.838,7.232,6.836,7.299,6.698,5.565,6.325
1294.03,27,7.118,7.823,6.622,5.889,6.104,6.934,6.23,6.877,7.495,5.19,7.052,6.782,6.738,7.491,7.497,6.744,7.188,6.926,7.341,6.673,5.586,6.347
1295.03,27,7.146,7.822,6.579,5.888,6.1,6.899,6.271,6.908,7.489,5.21,6.959,6.782,6.719,7.471,7.417,6.679,7.256,6.903,7.456,6.666,5.632,6.397
1296.03,27,7.169,7.825,6.579,5.888,6.102,6.955,6.269,6.89,7.48,5.126,7.006,6.725,6.782,7.468,7.432,6.822,7.174,6.926,7.38,6.662,5.533,6.327
1297.03,27,7.059,7.792,6.617,5.855,6.062,6.975,6.262,6.817,7.468,5.121,6.945,6.763,6.713,7.479,7.408,6.711,7.181,6.867,7.39,6.628,5.515,6.315
1298.03,27,7.195,7.842,6.526,5.84,6.177,6.922,6.327,6.941,7.42,5.206,7.012,6.864,6.753,7.401,7.424,6.808,7.157,6.954,7.335,6.655,5.575,6.375
1299.03,27,7.166,7.776,6.507,5.908,6.14,6.903,6.307,6.87,7.478,5.195,6.988,6.768,6.706,7.515,7.416,6.762,7.156,6.867,7.315,6.676,5.52,6.329
1300.03,27,7.163,7.806,6.547,5.897,6.106,6.933,6.292,6.819,7.435,5.101,6.963,6.789,6.768,7.474,7.397,6.804,7.136,6.881,7.328,6.69,5.534,6.333
1301.03,27,7.159,7.788,6.579,5.897,6.059,6.865,6.221,6.832,7.501,5.155,7.047,6.839,6.76,7.427,7.421,6.78,7.23,6.914,7.352,6.69,5.565,6.37
1302.03,27,7.227,7.739,6.572,5.879,6.107,6.885,6.272,6.859,7.433,5.103,7.033,6.764,6.766,7.49,7.385,6.74,7.229,6.997,7.404,6.652,5.562,6.373
1303.03,27,7.091,7.787,6.553,5.871,6.059,6.929,6.238,6.837,7.435,5.18,7.083,6.831,6.776,7.535,7.452,6.82,7.199,6.87,7.326,6.692,5.517,6.329
1304.03,27,7.051,7.763,6.549,5.853,6.103,6.92,6.271,6.883,7.425,5.176,6.984,6.814,6.687,7.389,7.423,6.752,7.186,6.918,7.37,6.65,5.565,6.426
1305.03,27,7.153,7.785,6.495,5.846,6.098,6.851,6.271,6.86,7.428,5.16,6.994,6.758,6.721,7.506,7.443,6.845,7.198,6.904,7.33,6.634,5.582,6.367
1306.03,27,7.12,7.799,6.526,5.888,6.076,6.899,6.25,6.816,7.421,5.192,7.015,6.821,6.727,7.443,7.396,6.718,7.135,6.906,7.292,6.688,5.534,6.385
1307.03,27,7.084,7.802,6.51,5.841,6.152,6.946,6.236,6.868,7.457,5.199,6.966,6.726,6.69,7.514,7.362,6.743,7.166,6.946,7.357,6.674,5.545,6.343
1308.03,27,7.18,7.786,6.526,5.907,6.13,6.866,6.176,6.896,7.44,5.057,7.011,6.741,6.68,7.449,7.406,6.794,7.233,6.88,7.338,6.643,5.55,6.402
1309.03,27,7.141,7.798,6.579,5.884,6.167,6.92,6.256,6.879,7.442,5.14,6.995,6.745,6.679,7.447,7.387,6.745,7.207,6.851,7.335,6.641,5.534,6.299
1310.03,27,7.132,7.797,6.542,5.901,6.058,6.947,6.172,6.862,7.389,5.128,7.017,6.742,6.734,7.481,7.406,6.743,7.258,6.839,7.337,6.668,5.584,6.361
1311.03,27,7.1,7.792,6.6,5.85,6.112,6.932,6.225,6.872,7.413,5.14,6.898,6.772,6.777,7.431,7.401,6.836,7.17,6.869,7.345,6.612,5.578,6.3
1312.03,27,7.14,7.837,6.484,5.79,6.112,6.864,6.178,6.871,7.4,5.106,7.091,6.785,6.741,7.513,7.402,6.782,7.208,6.893,7.336,6.617,5.553,6.306
1313.03,27,7.108,7.794,6.512,5.859,6.066,6.939,6.257,6.85,7.469,5.089,6.997,6.719,6.741,7.512,7.363,6.759,7.13,6.919,7.421,6.633,5.569,6.305
1314.03,27,7.155,7.819,6.565,5.855,6.141,6.958,6.233,6.878,7.457,5.102,6.989,6.775,6.725,7.457,7.382,6.78,7.147,6.914,7.311,6.685,5.53,6.302
1315.03,27,7.119,7.78,6.534,5.78,6.073,6.94,6.18,6.78,7.48,5.096,6.928,6.799,6.724,7.512,7.407,6.757,7.22,6.882,7.362,6.638,5.495,6.342
1316.03,27,7.129,7.815,6.546,5.813,6.084,6.92,6.222,6.846,7.443,5.073,6.991,6.673,6.685,7.485,7.379,6.717,7.163,6.884,7.31,6.61,5.479,6.337
1317.03,27,7.115,7.792,6.554,5.797,6.049,6.89,6.215,6.885,7.433,5.088,7.012,6.762,6.647,7.406,7.399,6.796,7.133,6.841,7.283,6.631,5.504,6.369
1318.03,27,7.058,7.76,6.566,5.86,6.094,6.851,6.157,6.85,7.481,5.133,7.016,6.768,6.719,7.463,7.383,6.803,7.127,6.896,7.414,6.567,5.497,6.37
1319.03,27,7.133,7.8,6.508,5.87,6.142,6.923,6.185,6.859,7.467,5.06,6.956,6.769,6.726,7.475,7.445,6.751,7.163,6.881,7.292,6.642,5.532,6.387
1320.03,27,7.14,7.685,6.492,5.784,6.049,6.949,6.149,6.834,7.477,5.114,6.961,6.725,6.695,7.429,7.371,6.737,7.182,6.922,7.274,6.639,5.534,6.392
1321.03,27,7.102,7.782,6.526,5.811,6.087,6.867,6.276,6.843,7.42,5.081,6.917,6.778,6.694,7.469,7.375,6.73,7.197,6.933,7.276,6.609,5.517,6.348
1322.03,27,7.128,7.741,6.503,5.809,6.077,6.912,6.24,6.833,7.433,5.069,6.958,6.783,6.666,7.465,7.467,6.773,7.198,6.888,7.287,6.584,5.546,6.406
1323.03,27,7.14,7.83,6.503,5.813,6.182,6.895,6.181,6.805,7.421,5.105,6.961,6.709,6.764,7.402,7.332,6.76,7.154,6.936,7.341,6.617,5.488,6.395
1324.03,27,7.169,7.744,6.58,5.817,6.146,6.898,6.219,6.89,7.453,5.078,6.925,6.736,6.676,7.476,7.354,6.786,7.153,6.809,7.344,6.621,5.55,6.265
1325.03,27,7.119,7.784,6.604,5.833,6.129,6.902,6.24,6.813,7.386,5.154,6.973,6.771,6.729,7.423,7.354,6.686,7.207,6.863,7.273,6.622,5.462,6.36
1326.03,27,7.147,7.787,6.579,5.816,6.137,6.837,6.243,6.869,7.486,5.126,7.012,6.764,6.712,7.427,7.465,6.721,7.185,6.83,7.312,6.623,5.412,6.33
1327.03,27,7.084,7.731,6.495,5.744,6.138,6.839,6.185,6.797,7.368,5.126,6.982,6.749,6.689,7.426,7.413,6.739,7.168,6.869,7.352,6.576,5.49,6.359
1328.03,27,7.101,7.722,6.488,5.742,6.114,6.876,6.269,6.826,7.384,5.07,6.914,6.795,6.652,7.439,7.358,6.751,7.172,6.934,7.331,6.674,5.512,6.329
1329.03,27,7.146,7.755,6.514,5.761,6.088,6.851,6.15,6.88,7.389,5.025,6.97,6.759,6.727,7.451,7.386,6.768,7.141,6.864,7.305,6.647,5.487,6.347
1330.03,27,7.088,7.768,6.524,5.817,6.074,6.841,6.219,6.858,7.401,5.107,6.977,6.784,6.687,7.465,7.375,6.77,7.195,6.889,7.31,6.663,5.493,6.354
1331.03,27,7.116,7.738,6.48,5.835,6.164,6.827,6.178,6.865,7.398,5.02,6.913,6.741,6.644,7.422,7.35,6.772,7.152,6.939,7.28,6.58,5.488,6.336
1332.03,27,6.997,7.78,6.544,5.875,6.089,6.888,6.137,6.823,7.424,5.046,6.957,6.696,6.635,7.407,7.338,6.703,7.139,6.878,7.324,6.676,5.499,6.359
1333.03,27,7.071,7.759,6.508,5.82,6.095,6.837,6.178,6.874,7.408,5.04,6.943,6.753,6.673,7.424,7.384,6.716,7.217,6.818,7.268,6.506,5.508,6.374
1334.03,27,7.053,7.742,6.499,5.824,6.148,6.838,6.148,6.829,7.382,4.998,6.932,6.784,6.709,7.488,7.365,6.739,7.249,6.854,7.343,6.637,5.481,6.355
1335.03,27,7.077,7.788,6.567,5.736,6.025,6.925,6.169,6.801,7.418,5.018,6.982,6.769,6.712,7.403,7.369,6.731,7.161,6.837,7.327,6.619,5.488,6.333
1336.03,27,7.143,7.774,6.51,5.779,6.099,6.879,6.171,6.809,7.468,4.966,6.973,6.65,6.711,7.421,7.431,6.709,7.18,6.856,7.291,6.616,5.48,6.391
1337.03,27,7.141,7.714,6.463,5.795,6.155,6.912,6.168,6.905,7.44,5.055,6.934,6.73,6.644,7.446,7.347,6.734,7.191,6.881,7.282,6.593,5.447,6.425
1338.03,27,7.11,7.747,6.517,5.777,6.105,6.877,6.105,6.821,7.431,5.04,6.989,6.749,6.572,7.455,7.411,6.684,7.087,6.869,7.259,6.604,5.551,6.431
1339.03,27,7.052,7.745,6.492,5.78,6.028,6.913,6.172,6.9,7.382,5.03,6.94,6.749,6.663,7.411,7.374,6.791,7.153,6.918,7.315,6.627,5.517,6.386
1340.03,27,7.119,7.776,6.547,5.751,6.169,6.848,6.168,6.831,7.38,5.046,6.955,6.696,6.646,7.466,7.297,6.711,7.132,6.843,7.326,6.557,5.441,6.373
1341.03,27,7.113,7.739,6.545,5.766,6.117,6.91,6.156,6.839,7.48,5.004,6.888,6.747,6.706,7.386,7.345,6.702,7.167,6.882,7.279,6.602,5.468,6.415
1342.03,27,7.096,7.751,6.507,5.735,6.105,6.847,6.203,6.777,7.408,5.031,6.959,6.682,6.687,7.487,7.332,6.752,7.135,6.868,7.263,6.559,5.427,6.387
1343.03,27,7.157,7.791,6.53,5.745,6.143,6.89,6.166,6.783,7.43,5.076,6.977,6.686,6.649,7.421,7.285,6.741,7.24,6.915,7.307,6.574,5.413,6.425
1344.03,27,7.074,7.734,6.483,5.735,6.123,6.789,6.213,6.829,7.418,5.039,6.93,6.692,6.65,7.383,7.367,6.733,7.136,6.875,7.285,6.585,5.486,6.326
1345.03,27,7.13,7.73,6.531,5.735,6.084,6.898,6.22,6.86,7.405,5.037,6.892,6.749,6.67,7.46,7.343,6.688,7.151,6.841,7.238,6.554,5.492,6.393
1346.03,27,7.051,7.751,6.488,5.703,6.094,6.845,6.188,6.774,7.463,5.029,6.92,6.754,6.734,7.425,7.401,6.667,7.156,6.839,7.256,6.595,5.441,6.344
1347.03,27,7.103,7.72,6.457,5.785,6.096,6.872,6.161,6.825,7.374,5.027,6.867,6.665,6.671,7.388,7.345,6.723,7.147,6.84,7.279,6.612,5.412,6.383
1348.03,27,7.123,7.804,6.486,5.74,6.08,6.89,6.224,6.809,7.337,5.026,6.994,6.721,6.657,7.43,7.393,6.753,7.1,6.821,7.291,6.595,5.482,6.342
1349.03,27,7.063,7.741,6.48,5.689,6.119,6.871,6.16,6.867,7.418,5.062,6.914,6.73,6.699,7.422,7.393,6.657,7.213,6.861,7.278,6.588,5.516,6.325
1350.03,27,7.091,7.706,6.535,5.742,6.132,6.798,6.109,6.818,7.415,4.996,6.876,6.728,6.65,7.41,7.332,6.686,7.153,6.832,7.263,6.584,5.454,6.39
1351.03,27,7.09,7.763,6.483,5.681,6.163,6.886,6.116,6.746,7.438,4.952,6.95,6.711,6.674,7.41,7.36,6.672,7.107,6.79,7.241,6.48,5.413,6.385
1352.03,27,7.116,7.734,6.42,5.761,6.103,6.913,6.108,6.821,7.37,5.011,6.934,6.671,6.615,7.42,7.315,6.716,7.092,6.837,7.268,6.527,5.429,6.352
1353.03,27,7.121,7.742,6.472,5.731,6.06,6.828,6.154,6.725,7.417,5.018,6.909,6.746,6.626,7.407,7.313,6.701,7.153,6.861,7.35,6.6,5.45,6.3
1354.03,27,7.089,7.77,6.534,5.711,6.098,6.822,6.082,6.821,7.448,5.043,6.939,6.699,6.689,7.448,7.345,6.721,7.123,6.811,7.265,6.603,5.411,6.291
1355.03,27,7.038,7.748,6.501,5.787,6.12,6.808,6.155,6.786,7.37,4.9,6.893,6.704,6.666,7.409,7.358,6.74,7.077,6.821,7.291,6.606,5.418,6.357
1356.03,27,7.081,7.753,6.489,5.696,6.137,6.83,6.217,6.788,7.336,4.955,6.893,6.714,6.607,7.372,7.288,6.719,7.166,6.822,7.206,6.577,5.388,6.366
1357.03,27,7.126,7.743,6.48,5.644,6.114,6.844,6.183,6.833,7.413,4.981,6.929,6.645,6.648,7.415,7.337,6.756,7.142,6.824,7.253,6.542,5.431,6.353
1358.03,27,7.031,7.75,6.43,5.792,6.132,6.813,6.161,6.75,7.371,4.978,6.92,6.706,6.639,7.351,7.353,6.739,7.089,6.905,7.312,6.588,5.442,6.406
1359.03,27,7.094,7.715,6.481,5.631,6.143,6.818,6.092,6.862,7.381,4.976,6.914,6.72,6.64,7.403,7.288,6.698,7.067,6.831,7.293,6.58,5.399,6.384
1360.03,27,7.088,7.698,6.434,5.718,6.077,6.888,6.156,6.808,7.384,4.998,6.972,6.685,6.662,7.39,7.369,6.728,7.178,6.817,7.26,6.518,5.441,6.401
1361.03,27,7.035,7.755,6.433,5.682,6.076,6.75,6.086,6.775,7.476,4.942,6.959,6.728,6.728,7.445,7.335,6.678,7.095,6.798,7.266,6.504,5.426,6.378
1362.03,27,7.033,7.727,6.491,5.722,6.078,6.771,6.188,6.778,7.376,5.047,6.899,6.718,6.62,7.423,7.282,6.672,7.144,6.801,7.26,6.569,5.418,6.361
1363.03,27,7.032,7.704,6.442,5.677,6.127,6.841,6.132,6.779,7.382,4.926,6.917,6.693,6.596,7.404,7.326,6.71,7.155,6.802,7.239,6.567,5.466,6.414
1364.03,27,7.033,7.714,6.423,5.706,6.062,6.806,6.131,6.741,7.371,4.939,6.903,6.711,6.634,7.393,7.261,6.721,7.081,6.779,7.286,6.521,5.446,6.369
1365.03,27,7.083,7.747,6.428,5.711,6.078,6.75,6.117,6.766,7.37,4.922,6.919,6.719,6.631,7.394,7.349,6.664,7.114,6.854,7.297,6.575,5.4,6.359
1366.03,27,7.062,7.664,6.453,5.68,6.096,6.796,6.125,6.749,7.455,4.955,6.862,6.692,6.621,7.403,7.314,6.719,7.157,6.802,7.219,6.537,5.462,6.353
1367.03,27,7.107,7.681,6.486,5.709,6.042,6.793,6.073,6.841,7.343,4.934,6.91,6.599,6.679,7.365,7.343,6.709,7.12,6.848,7.342,6.565,5.362,6.311
1368.03,27,7.083,7.691,6.458,5.607,6.143,6.855,6.115,6.791,7.376,4.932,6.88,6.668,6.7,7.362,7.4,6.64,7.11,6.817,7.274,6.582,5.396,6.41
1369.03,27,7.101,7.723,6.446,5.647,6.077,6.803,6.068,6.797,7.347,4.888,6.851,6.656,6.605,7.411,7.327,6.651,7.18,6.844,7.308,6.523,5.442,6.36
1370.03,27,7.037,7.668,6.475,5.727,6.169,6.75,6.12,6.827,7.42,4.939,6.897,6.742,6.626,7.389,7.34,6.712,7.1,6.837,7.236,6.49,5.401,6.378
1371.03,27,7.052,7.699,6.485,5.686,6.126,6.851,6.094,6.794,7.398,4.896,6.863,6.647,6.66,7.374,7.302,6.597,7.149,6.849,7.31,6.51,5.403,6.39
1372.03,27,7.031,7.671,6.492,5.645,6.14,6.854,6.152,6.768,7.389,4.907,6.925,6.727,6.683,7.408,7.344,6.699,7.161,6.776,7.254,6.494,5.421,6.382
1373.03,27,7.065,7.722,6.45,5.694,6.134,6.861,6.133,6.772,7.342,4.903,6.864,6.709,6.639,7.369,7.318,6.629,7.075,6.858,7.272,6.564,5.369,6.259
1374.03,27,7.014,7.634,6.466,5.661,6.06,6.814,6.128,6.761,7.387,4.87,6.875,6.681,6.683,7.434,7.371,6.679,7.117,6.831,7.217,6.53,5.375,6.35
1375.03,27,7.042,7.686,6.479,5.626,6.15,6.868,6.087,6.793,7.404,4.887,6.875,6.711,6.664,7.427,7.311,6.694,7.117,6.751,7.282,6.566,5.414,6.422
1376.03,27,7.043,7.68,6.465,5.631,6.083,6.783,6.113,6.747,7.356,4.886,6.87,6.66,6.654,7.372,7.292,6.633,7.063,6.772,7.242,6.543,5.388,6.348
1377.03,27,6.977,7.735,6.413,5.567,6.127,6.818,6.132,6.748,7.395,4.904,6.791,6.659,6.627,7.384,7.326,6.602,7.137,6.859,7.295,6.519,5.409,6.459
1378.03,27,7.057,7.755,6.406,5.66,6.168,6.78,6.13,6.722,7.455,4.891,6.925,6.668,6.554,7.394,7.328,6.675,7.102,6.772,7.212,6.505,5.457,6.431
1379.03,27,7.061,7.689,6.468,5.697,6.058,6.824,6.047,6.784,7.421,4.862,6.871,6.659,6.586,7.369,7.369,6.673,7.108,6.795,7.273,6.489,5.402,6.443
1380.03,27,7.046,7.667,6.434,5.644,6.131,6.824,6.147,6.769,7.311,4.852,6.894,6.62,6.645,7.374,7.31,6.684,7.09,6.769,7.234,6.52,5.315,6.422
1381.03,27,7.113,7.646,6.488,5.613,6.066,6.813,6.124,6.717,7.372,4.897,6.803,6.694,6.658,7.418,7.275,6.627,7.146,6.804,7.248,6.483,5.372,6.384
1382.03,27,7.05,7.685,6.453,5.686,6.128,6.814,6.078,6.775,7.443,4.88,6.9,6.622,6.628,7.424,7.304,6.615,7.048,6.814,7.247,6.534,5.399,6.362
1383.03,27,7.052,7.704,6.425,5.719,6.116,6.799,6.152,6.761,7.403,4.902,6.823,6.635,6.64,7.363,7.381,6.632,7.186,6.786,7.235,6.502,5.376,6.38
1384.03,27,7.039,7.684,6.421,5.664,6.13,6.739,6.084,6.768,7.374,4.892,6.863,6.619,6.622,7.364,7.285,6.682,7.11,6.816,7.266,6.518,5.344,6.391
1385.03,27,7.027,7.7,6.395,5.57,6.214,6.744,6.131,6.778,7.455,4.864,6.866,6.688,6.652,7.391,7.369,6.623,7.117,6.754,7.298,6.527,5.379,6.388
1386.03,27,7.032,7.637,6.379,5.62,6.14,6.773,6.086,6.834,7.378,4.778,6.863,6.729,6.553,7.385,7.313,6.646,7.087,6.755,7.23,6.48,5.366,6.406
1387.03,27,7.034,7.703,6.458,5.625,6.113,6.848,6.078,6.728,7.387,4.828,6.868,6.743,6.53,7.388,7.369,6.6,7.058,6.834,7.198,6.543,5.357,6.381
1388.03,27,7.023,7.664,6.38,5.618,6.06,6.75,6.089,6.794,7.409,4.807,6.851,6.667,6.637,7.281,7.291,6.594,7.082,6.737,7.231,6.442,5.303,6.364
1389.03,27,7.007,7.685,6.385,5.665,6.103,6.812,6.104,6.806,7.342,4.896,6.846,6.697,6.57,7.331,7.322,6.647,7.074,6.756,7.24,6.555,5.399,6.458
1390.03,27,6.998,7.693,6.534,5.63,6.139,6.737,6.122,6.797,7.371,4.866,6.824,6.679,6.613,7.384,7.322,6.667,7.044,6.805,7.244,6.507,5.37,6.417
1391.03,27,7.086,7.58,6.355,5.565,6.08,6.779,6.097,6.8,7.341,4.831,6.867,6.666,6.633,7.354,7.361,6.619,7.044,6.709,7.227,6.552,5.351,6.299
1392.03,27,7.07,7.691,6.381,5.593,6.111,6.794,6.024,6.713,7.44,4.777,6.751,6.624,6.635,7.39,7.335,6.657,7.04,6.742,7.24,6.525,5.428,6.399
1393.03,27,7.004,7.622,6.386,5.623,6.115,6.812,6.049,6.709,7.364,4.819,6.858,6.653,6.574,7.372,7.256,6.612,7.023,6.819,7.205,6.423,5.362,6.39
1394.03,27,7.036,7.656,6.446,5.63,6.08,6.824,6.073,6.78,7.343,4.782,6.826,6.652,6.589,7.439,7.274,6.589,7.025,6.772,7.229,6.444,5.356,6.292
1395.03,27,7.051,7.622,6.412,5.578,6.039,6.727,6.1,6.731,7.339,4.857,6.811,6.651,6.631,7.374,7.257,6.601,7.08,6.836,7.192,6.512,5.305,6.359
1396.03,27,6.993,7.679,6.434,5.571,6.064,6.792,6.058,6.726,7.386,4.821,6.852,6.686,6.545,7.349,7.325,6.615,7.095,6.76,7.236,6.45,5.37,6.391
1397.03,27,7.011,7.678,6.41,5.591,6.119,6.8,6.06,6.682,7.352,4.867,6.834,6.665,6.527,7.42,7.305,6.56,7.118,6.777,7.179,6.52,5.306,6.417
1398.03,27,7.065,7.627,6.384,5.608,6.135,6.871,6.109,6.769,7.386,4.91,6.781,6.688,6.603,7.4,7.325,6.602,7.06,6.787,7.191,6.498,5.343,6.368
1399.03,27,6.973,7.583,6.446,5.577,6.069,6.758,6.083,6.705,7.408,4.82,6.816,6.656,6.56,7.289,7.338,6.656,7.02,6.797,7.264,6.497,5.31,6.384
1400.03,27,6.98,7.659,6.466,5.559,6.078,6.807,6.088,6.737,7.38,4.857,6.772,6.7,6.626,7.347,7.269,6.615,7.047,6.739,7.204,6.514,5.391,6.391
1401.03,27,6.999,7.655,6.386,5.531,6.168,6.746,6.034,6.774,7.386,4.787,6.782,6.655,6.589,7.378,7.309,6.581,7.107,6.816,7.175,6.553,5.328,6.424
1402.03,27,6.991,7.578,6.414,5.631,6.088,6.768,6.099,6.728,7.345,4.827,6.828,6.685,6.557,7.372,7.246,6.59,7.081,6.7,7.196,6.421,5.353,6.344
1403.03,27,6.997,7.639,6.382,5.604,6.076,6.796,6.087,6.715,7.364,4.786,6.81,6.646,6.525,7.362,7.333,6.597,7.065,6.732,7.174,6.577,5.365,6.4
1404.03,27,6.981,7.644,6.486,5.582,6.09,6.801,6.07,6.711,7.333,4.788,6.842,6.654,6.61,7.377,7.25,6.612,7.005,6.731,7.209,6.512,5.354,6.379
1405.03,27,6.977,7.627,6.388,5.596,6.079,6.844,6.038,6.758,7.348,4.813,6.785,6.665,6.574,7.308,7.268,6.54,6.996,6.756,7.277,6.495,5.347,6.366
1406.03,27,7.012,7.655,6.373,5.558,6.063,6.758,6.098,6.68,7.292,4.802,6.84,6.635,6.576,7.353,7.241,6.631,7.081,6.722,7.18,6.464,5.338,6.371
1407.03,27,7.012,7.61,6.357,5.55,6.09,6.738,6.083,6.797,7.427,4.704,6.842,6.608,6.586,7.366,7.264,6.622,7.016,6.76,7.175,6.456,5.346,6.346
1408.03,27,6.984,7.713,6.388,5.596,6.153,6.768,6.121,6.699,7.356,4.768,6.744,6.694,6.606,7.344,7.318,6.653,7.112,6.81,7.198,6.501,5.318,6.375
1409.03,27,7.034,7.608,6.353,5.623,6.083,6.729,6.029,6.679,7.358,4.788,6.844,6.686,6.553,7.369,7.241,6.623,7.007,6.756,7.194,6.491,5.348,6.429
1410.03,27,6.91,7.665,6.446,5.491,6.124,6.834,6.126,6.718,7.323,4.757,6.841,6.677,6.58,7.319,7.311,6.655,7.026,6.815,7.194,6.452,5.335,6.403
1411.03,27,6.953,7.588,6.371,5.515,6.083,6.7,6.004,6.71,7.315,4.789,6.766,6.716,6.638,7.284,7.249,6.58,7.082,6.769,7.219,6.495,5.287,6.382
1412.03,27,7.058,7.581,6.422,5.53,6.137,6.762,6.01,6.694,7.407,4.777,6.833,6.615,6.581,7.383,7.267,6.57,7.029,6.728,7.247,6.448,5.289,6.395
1413.03,27,7.054,7.642,6.378,5.521,6.071,6.768,6.033,6.733,7.359,4.713,6.867,6.684,6.602,7.327,7.357,6.574,7.055,6.73,7.208,6.454,5.307,6.394
1414.03,27,6.948,7.651,6.398,5.518,6.08,6.728,6.064,6.726,7.353,4.749,6.81,6.605,6.558,7.333,7.29,6.537,7.06,6.794,7.134,6.5,5.325,6.364
1415.03,27,6.969,7.624,6.452,5.523,6.096,6.689,6.057,6.774,7.344,4.699,6.774,6.651,6.559,7.367,7.24,6.6,7.028,6.707,7.179,6.44,5.333,6.493
1416.03,27,6.974,7.668,6.378,5.574,6.05,6.696,6.076,6.712,7.321,4.73,6.854,6.664,6.573,7.364,7.292,6.538,7.05,6.707,7.224,6.535,5.403,6.364
1417.03,27,7.002,7.651,6.409,5.575,6.136,6.774,6.069,6.749,7.336,4.781,6.738,6.631,6.583,7.367,7.274,6.641,7.07,6.727,7.212,6.518,5.335,6.393
1418.03,27,6.975,7.65,6.348,5.536,6.089,6.779,6.069,6.697,7.359,4.723,6.778,6.623,6.599,7.342,7.225,6.575,7.047,6.717,7.166,6.447,5.311,6.44
1419.03,27,6.953,7.635,6.379,5.574,6.155,6.733,6.077,6.707,7.377,4.776,6.786,6.591,6.596,7.38,7.258,6.51,7.056,6.745,7.253,6.44,5.269,6.423
1420.03,27,6.978,7.591,6.376,5.558,6.141,6.826,5.979,6.699,7.319,4.768,6.785,6.639,6.521,7.337,7.293,6.569,7.041,6.729,7.21,6.448,5.29,6.345
1421.03,27,7.019,7.615,6.295,5.499,6.143,6.871,6.029,6.666,7.442,4.676,6.803,6.619,6.581,7.348,7.319,6.633,6.983,6.741,7.248,6.489,5.325,6.397
1422.03,27,6.948,7.573,6.398,5.496,6.138,6.758,6.004,6.682,7.351,4.754,6.788,6.647,6.599,7.299,7.274,6.552,7.064,6.716,7.193,6.404,5.254,6.378
1423.03,27,6.953,7.633,6.339,5.525,6.145,6.714,6.008,6.727,7.362,4.754,6.757,6.61,6.552,7.306,7.269,6.561,7.012,6.733,7.212,6.451,5.352,6.413
1424.03,27,6.955,7.608,6.324,5.506,6.09,6.777,6.055,6.678,7.295,4.708,6.746,6.605,6.55,7.321,7.249,6.564,7.109,6.737,7.152,6.4,5.339,6.357
1425.03,27,6.902,7.565,6.38,5.542,6.111,6.709,6.038,6.698,7.338,4.71,6.773,6.521,6.546,7.335,7.242,6.604,7.031,6.713,7.122,6.39,5.306,6.38
1426.03,27,6.937,7.609,6.316,5.481,6.161,6.697,6.08,6.78,7.329,4.674,6.735,6.643,6.544,7.369,7.264,6.657,7.09,6.72,7.267,6.443,5.378,6.441
1427.03,27,6.971,7.654,6.375,5.487,6.056,6.75,6.052,6.673,7.325,4.724,6.78,6.598,6.526,7.355,7.31,6.537,7.004,6.701,7.141,6.438,5.319,6.368
1428.03,27,6.943,7.609,6.344,5.446,6.053,6.803,6.04,6.705,7.328,4.706,6.768,6.602,6.515,7.323,7.25,6.622,6.97,6.735,7.161,6.41,5.303,6.401
1429.03,27,6.979,7.645,6.327,5.407,6.021,6.712,6.012,6.689,7.298,4.689,6.803,6.592,6.512,7.319,7.308,6.576,7.019,6.673,7.181,6.438,5.315,6.411
1430.03,27,6.964,7.635,6.394,5.498,6.135,6.737,6.072,6.701,7.306,4.662,6.73,6.63,6.56,7.352,7.225,6.602,7.036,6.726,7.227,6.414,5.361,6.423
1431.03,27,6.977,7.548,6.309,5.483,6.155,6.778,6,6.683,7.323,4.689,6.785,6.576,6.519,7.357,7.242,6.622,7.018,6.698,7.2,6.402,5.347,6.375
1432.03,27,6.971,7.619,6.387,5.483,6.128,6.69,6.048,6.686,7.328,4.715,6.776,6.6,6.585,7.288,7.263,6.533,6.978,6.694,7.213,6.47,5.329,6.286
1433.03,27,6.946,7.578,6.339,5.477,6.198,6.662,6.084,6.729,7.256,4.655,6.745,6.62,6.565,7.342,7.294,6.551,7.021,6.698,7.161,6.453,5.343,6.317
1434.03,27,6.892,7.629,6.349,5.507,6.108,6.76,5.955,6.654,7.314,4.762,6.793,6.648,6.541,7.318,7.291,6.565,7.024,6.774,7.173,6.447,5.233,6.397
1435.03,27,6.934,7.58,6.351,5.467,6.075,6.699,6.035,6.629,7.356,4.635,6.792,6.612,6.506,7.266,7.242,6.511,7.056,6.741,7.163,6.406,5.4,6.344
1436.03,27,6.942,7.581,6.335,5.53,6.134,6.718,5.984,6.639,7.338,4.652,6.753,6.622,6.604,7.342,7.294,6.572,7.032,6.688,7.15,6.401,5.304,6.318
1437.03,27,6.94,7.555,6.345,5.488,6.132,6.751,6.045,6.661,7.321,4.665,6.766,6.564,6.474,7.292,7.253,6.547,7.076,6.671,7.145,6.412,5.304,6.467
1438.03,27,6.928,7.558,6.303,5.486,6.135,6.704,6.053,6.728,7.296,4.653,6.721,6.54,6.525,7.335,7.244,6.57,6.989,6.733,7.131,6.359,5.309,6.442
1439.03,27,6.91,7.636,6.341,5.442,6.113,6.751,6.024,6.702,7.316,4.627,6.797,6.624,6.521,7.364,7.28,6.56,7.017,6.645,7.155,6.337,5.348,6.444
1440.03,27,6.86,7.552,6.344,5.42,6.118,6.774,5.986,6.686,7.258,4.643,6.778,6.55,6.472,7.272,7.305,6.556,6.996,6.741,7.138,6.366,5.323,6.406
1441.03,27,6.954,7.563,6.311,5.454,6.111,6.773,6.011,6.667,7.295,4.727,6.782,6.6,6.546,7.268,7.237,6.58,7.014,6.621,7.17,6.393,5.255,6.325
1442.03,27,6.99,7.65,6.321,5.494,6.078,6.694,5.996,6.658,7.303,4.704,6.739,6.622,6.529,7.288,7.191,6.555,6.99,6.665,7.183,6.426,5.358,6.371
1443.03,27,6.918,7.576,6.307,5.515,6.156,6.672,6.01,6.671,7.336,4.674,6.762,6.642,6.514,7.335,7.234,6.574,6.958,6.708,7.196,6.401,5.296,6.317
1444.03,27,6.894,7.574,6.369,5.499,6.182,6.721,5.981,6.729,7.38,4.635,6.711,6.58,6.463,7.323,7.162,6.579,6.974,6.624,7.174,6.423,5.327,6.353
1445.03,27,6.963,7.584,6.363,5.489,6.165,6.715,5.951,6.657,7.332,4.611,6.756,6.604,6.552,7.325,7.314,6.514,6.984,6.706,7.187,6.43,5.306,6.448
1446.03,27,6.884,7.597,6.315,5.436,6.069,6.667,5.955,6.578,7.349,4.622,6.681,6.574,6.539,7.334,7.22,6.506,6.981,6.7,7.171,6.402,5.312,6.445
1447.03,27,6.935,7.586,6.309,5.428,6.146,6.709,6.036,6.669,7.223,4.631,6.711,6.503,6.497,7.377,7.245,6.508,7.015,6.682,7.141,6.431,5.312,6.427
1448.03,27,6.916,7.543,6.297,5.464,6.157,6.729,5.947,6.707,7.377,4.563,6.792,6.573,6.461,7.24,7.249,6.485,7.063,6.696,7.21,6.386,5.281,6.364
1449.03,27,6.975,7.581,6.331,5.448,6.039,6.754,5.992,6.629,7.339,4.597,6.738,6.484,6.535,7.328,7.152,6.53,7.082,6.71,7.106,6.441,5.318,6.382
1450.03,27,6.91,7.628,6.336,5.406,6.087,6.672,6.004,6.674,7.289,4.603,6.75,6.617,6.502,7.304,7.251,6.536,6.997,6.703,7.085,6.398,5.329,6.339
1451.03,27,6.962,7.63,6.346,5.467,6.176,6.668,6.007,6.671,7.314,4.571,6.665,6.549,6.479,7.212,7.261,6.581,7.012,6.701,7.152,6.344,5.308,6.385
1452.03,27,6.896,7.566,6.323,5.42,6.103,6.708,5.979,6.627,7.317,4.547,6.76,6.571,6.466,7.336,7.107,6.521,6.986,6.646,7.142,6.305,5.286,6.367
1453.03,27,6.933,7.604,6.298,5.361,6.12,6.718,5.99,6.563,7.358,4.594,6.805,6.576,6.521,7.285,7.15,6.544,7.021,6.741,7.19,6.36,5.356,6.447
1454.03,27,6.867,7.602,6.331,5.373,6.101,6.669,6.001,6.609,7.312,4.623,6.776,6.582,6.499,7.293,7.256,6.462,6.973,6.67,7.164,6.417,5.335,6.323
1455.03,27,6.87,7.617,6.337,5.374,6.177,6.684,6.009,6.681,7.383,4.659,6.684,6.512,6.514,7.26,7.2,6.474,6.994,6.673,7.127,6.371,5.368,6.372
1456.03,27,6.892,7.547,6.311,5.408,6.178,6.717,5.992,6.655,7.311,4.584,6.702,6.592,6.535,7.288,7.238,6.55,7.037,6.668,7.117,6.404,5.318,6.421
1457.03,27,6.946,7.543,6.236,5.416,6.09,6.671,5.994,6.684,7.363,4.593,6.729,6.538,6.519,7.28,7.22,6.573,6.953,6.728,7.168,6.44,5.343,6.413
1458.03,27,6.887,7.547,6.315,5.449,6.177,6.605,5.999,6.633,7.303,4.615,6.744,6.577,6.461,7.297,7.196,6.554,6.991,6.649,7.12,6.421,5.344,6.379
1459.03,27,6.953,7.56,6.295,5.394,6.08,6.759,5.99,6.7,7.306,4.599,6.749,6.54,6.509,7.286,7.211,6.583,6.991,6.688,7.111,6.403,5.347,6.453
1460.03,27,6.919,7.55,6.276,5.392,6.127,6.741,5.962,6.622,7.358,4.629,6.757,6.564,6.465,7.274,7.139,6.5,7.007,6.649,7.192,6.403,5.298,6.367
1461.03,27,6.917,7.544,6.259,5.43,6.103,6.73,5.971,6.612,7.268,4.617,6.77,6.584,6.534,7.292,7.202,6.47,6.956,6.67,7.076,6.378,5.362,6.389
1462.03,27,6.88,7.574,6.319,5.449,6.062,6.602,5.945,6.566,7.291,4.604,6.718,6.544,6.457,7.325,7.158,6.578,6.954,6.684,7.211,6.384,5.33,6.384
1463.03,27,6.913,7.472,6.317,5.342,6.064,6.63,5.92,6.619,7.29,4.568,6.709,6.56,6.457,7.301,7.197,6.537,6.98,6.619,7.13,6.402,5.351,6.35
1464.03,27,6.922,7.611,6.274,5.429,6.156,6.682,5.977,6.605,7.333,4.55,6.692,6.573,6.5,7.316,7.173,6.586,6.926,6.631,7.205,6.381,5.314,6.383
1465.03,27,6.871,7.512,6.302,5.407,6.113,6.736,5.915,6.621,7.358,4.573,6.724,6.592,6.526,7.201,7.198,6.524,6.93,6.643,7.055,6.396,5.338,6.381
1466.03,27,6.852,7.566,6.25,5.47,6.12,6.671,5.939,6.594,7.267,4.563,6.766,6.52,6.492,7.275,7.223,6.503,6.998,6.634,7.142,6.325,5.36,6.354
1467.03,27,6.932,7.564,6.281,5.42,6.155,6.638,5.988,6.644,7.261,4.572,6.765,6.544,6.441,7.346,7.169,6.562,6.955,6.66,7.175,6.322,5.309,6.394
1468.03,27,6.868,7.539,6.308,5.436,6.076,6.705,5.971,6.605,7.312,4.55,6.693,6.513,6.53,7.301,7.23,6.522,6.978,6.64,7.136,6.33,5.289,6.413
1469.03,27,6.904,7.576,6.255,5.41,6.119,6.663,5.958,6.679,7.283,4.523,6.701,6.553,6.498,7.299,7.189,6.515,7.001,6.657,7.197,6.335,5.349,6.399
1470.03,27,6.928,7.494,6.312,5.349,6.145,6.664,5.909,6.613,7.273,4.507,6.718,6.518,6.525,7.341,7.191,6.506,6.968,6.703,7.186,6.353,5.311,6.386
1471.03,27,6.879,7.558,6.216,5.361,6.168,6.662,5.937,6.666,7.347,4.567,6.706,6.549,6.49,7.242,7.158,6.455,6.984,6.637,7.121,6.311,5.316,6.39
1472.03,27,6.929,7.54,6.331,5.406,6.131,6.66,5.957,6.625,7.25,4.651,6.681,6.547,6.518,7.227,7.187,6.473,6.963,6.628,7.16,6.334,5.301,6.4
1473.03,27,6.917,7.552,6.296,5.336,6.077,6.637,5.994,6.626,7.316,4.589,6.661,6.562,6.505,7.253,7.212,6.492,6.925,6.626,7.113,6.325,5.278,6.405
1474.03,27,6.831,7.585,6.334,5.323,6.096,6.737,5.966,6.61,7.381,4.598,6.679,6.532,6.432,7.27,7.173,6.496,6.963,6.652,7.196,6.339,5.357,6.348
1475.03,27,6.897,7.504,6.336,5.353,6.173,6.624,5.947,6.634,7.28,4.533,6.704,6.566,6.455,7.293,7.188,6.524,6.923,6.663,7.103,6.318,5.307,6.374
1476.03,27,6.87,7.534,6.151,5.38,6.064,6.622,5.928,6.691,7.288,4.503,6.617,6.573,6.43,7.255,7.161,6.478,6.938,6.644,7.13,6.31,5.358,6.386
1477.03,27,6.893,7.534,6.307,5.404,6.104,6.617,5.922,6.609,7.285,4.456,6.719,6.544,6.448,7.285,7.148,6.45,6.959,6.68,7.101,6.317,5.319,6.368
1478.03,27,6.876,7.506,6.276,5.351,6.114,6.621,5.874,6.616,7.283,4.466,6.663,6.478,6.473,7.304,7.135,6.491,6.986,6.626,7.107,6.367,5.345,6.366
1479.03,27,6.905,7.533,6.196,5.321,6.09,6.636,5.881,6.611,7.325,4.493,6.707,6.551,6.428,7.252,7.177,6.494,6.916,6.623,7.13,6.237,5.346,6.432
1480.03,27,6.825,7.541,6.301,5.344,6.104,6.601,5.965,6.616,7.305,4.514,6.637,6.62,6.454,7.293,7.177,6.47,6.971,6.63,7.16,6.321,5.357,6.479
1481.03,27,6.852,7.477,6.268,5.333,6.083,6.674,5.91,6.524,7.288,4.558,6.615,6.519,6.468,7.301,7.172,6.46,6.972,6.561,7.15,6.354,5.325,6.365
1482.03,27,6.827,7.502,6.246,5.338,6.095,6.637,5.936,6.586,7.27,4.49,6.735,6.459,6.499,7.261,7.197,6.438,6.93,6.716,7.124,6.302,5.3,6.433
1483.03,27,6.854,7.512,6.294,5.38,6.167,6.677,5.95,6.624,7.266,4.476,6.692,6.558,6.454,7.297,7.147,6.429,6.962,6.613,7.105,6.307,5.378,6.379
1484.03,27,6.859,7.515,6.296,5.294,6.097,6.678,5.944,6.615,7.312,4.505,6.74,6.513,6.491,7.261,7.197,6.494,7.006,6.579,7.111,6.345,5.313,6.383
1485.03,27,6.867,7.497,6.269,5.272,6.113,6.621,5.942,6.667,7.263,4.441,6.698,6.497,6.473,7.269,7.197,6.528,6.915,6.622,7.07,6.297,5.333,6.394
1486.03,27,6.916,7.516,6.259,5.37,6.129,6.667,5.939,6.622,7.292,4.458,6.615,6.5,6.431,7.291,7.2,6.454,6.922,6.629,7.085,6.351,5.349,6.332
1487.03,27,6.862,7.484,6.213,5.325,6.181,6.63,5.967,6.578,7.346,4.522,6.755,6.481,6.417,7.302,7.173,6.484,6.94,6.658,7.127,6.322,5.311,6.387
1488.03,27,6.9,7.485,6.252,5.273,6.105,6.563,5.968,6.598,7.294,4.424,6.668,6.603,6.458,7.245,7.181,6.459,6.918,6.641,7.093,6.311,5.302,6.424
1489.03,27,6.88,7.568,6.23,5.409,6.136,6.618,5.91,6.584,7.217,4.469,6.713,6.521,6.443,7.266,7.22,6.435,6.97,6.586,7.058,6.366,5.342,6.421
1490.03,27,6.861,7.508,6.329,5.346,6.104,6.653,5.967,6.664,7.354,4.475,6.68,6.493,6.401,7.227,7.176,6.458,6.978,6.705,7.149,6.326,5.345,6.496
1491.03,27,6.895,7.468,6.223,5.384,6.149,6.633,5.933,6.624,7.265,4.489,6.688,6.561,6.49,7.198,7.114,6.48,6.918,6.584,7.077,6.352,5.297,6.396
1492.03,27,6.887,7.529,6.255,5.319,6.136,6.593,5.902,6.586,7.277,4.534,6.675,6.483,6.492,7.257,7.203,6.498,6.95,6.667,7.073,6.241,5.341,6.425
1493.03,27,6.874,7.497,6.239,5.279,6.087,6.593,5.971,6.64,7.289,4.473,6.613,6.489,6.5,7.216,7.24,6.438,7.009,6.682,7.054,6.328,5.324,6.391
1494.03,27,6.878,7.464,6.258,5.333,6.075,6.645,5.883,6.614,7.31,4.466,6.628,6.597,6.48,7.227,7.157,6.481,6.933,6.622,7.102,6.316,5.338,6.425
1495.03,27,6.887,7.516,6.294,5.306,6.123,6.617,5.961,6.64,7.289,4.43,6.696,6.479,6.417,7.23,7.222,6.505,6.982,6.64,7.109,6.299,5.31,6.354
1496.03,27,6.846,7.467,6.228,5.344,6.131,6.634,5.904,6.575,7.275,4.381,6.67,6.583,6.438,7.236,7.151,6.427,6.975,6.601,7.119,6.38,5.36,6.406
1497.03,27,6.813,7.45,6.275,5.228,6.184,6.572,5.899,6.582,7.225,4.478,6.681,6.456,6.441,7.343,7.077,6.532,6.996,6.626,7.082,6.278,5.314,6.443
1498.03,27,6.895,7.474,6.206,5.303,6.121,6.626,5.897,6.585,7.296,4.474,6.664,6.549,6.38,7.232,7.134,6.449,6.936,6.616,7.07,6.324,5.313,6.41
1499.03,27,6.844,7.519,6.278,5.295,6.081,6.624,5.951,6.547,7.293,4.469,6.643,6.475,6.487,7.32,7.116,6.446,6.99,6.646,7.126,6.317,5.389,6.321
1500.03,27,6.829,7.524,6.208,5.286,6.102,6.626,5.942,6.569,7.22,4.474,6.572,6.539,6.479,7.215,7.098,6.46,6.941,6.554,7.083,6.305,5.344,6.38
1501.03,27,6.903,7.476,6.196,5.282,6.119,6.574,5.935,6.624,7.239,4.396,6.673,6.548,6.452,7.209,7.226,6.477,7.004,6.609,7.074,6.301,5.349,6.371
1502.03,27,6.834,7.498,6.256,5.296,6.116,6.617,5.87,6.634,7.311,4.406,6.628,6.495,6.413,7.241,7.17,6.434,6.92,6.62,7.097,6.34,5.334,6.399
1503.03,27,6.822,7.498,6.189,5.283,6.107,6.605,5.9,6.665,7.253,4.441,6.615,6.568,6.392,7.289,7.1,6.394,6.978,6.582,7.126,6.294,5.276,6.434
1504.03,27,6.805,7.465,6.251,5.322,6.107,6.604,5.902,6.565,7.28,4.374,6.627,6.564,6.42,7.227,7.108,6.442,6.97,6.563,7.062,6.283,5.387,6.435
1505.03,27,6.914,7.417,6.23,5.337,6.101,6.608,5.916,6.598,7.279,4.349,6.648,6.476,6.357,7.301,7.168,6.394,6.947,6.628,7.047,6.306,5.341,6.344
1506.03,27,6.839,7.446,6.218,5.31,6.136,6.621,5.798,6.588,7.228,4.47,6.687,6.489,6.447,7.216,7.089,6.407,6.879,6.633,7.036,6.231,5.378,6.368
1507.03,27,6.81,7.468,6.258,5.319,6.156,6.599,5.886,6.621,7.256,4.434,6.642,6.532,6.43,7.202,7.136,6.426,6.974,6.655,7.106,6.216,5.406,6.424
1508.03,27,6.815,7.48,6.187,5.255,6.078,6.647,5.91,6.584,7.245,4.394,6.614,6.563,6.42,7.249,7.128,6.382,6.968,6.582,7.043,6.318,5.347,6.408
1509.03,27,6.877,7.455,6.263,5.34,6.171,6.597,5.948,6.549,7.24,4.425,6.568,6.437,6.411,7.182,7.121,6.485,6.994,6.581,7.045,6.296,5.371,6.45
1510.03,27,6.825,7.534,6.183,5.243,6.121,6.589,5.902,6.517,7.253,4.393,6.631,6.535,6.335,7.218,7.152,6.412,6.996,6.516,7.08,6.223,5.36,6.356
1511.03,27,6.774,7.363,6.195,5.24,6.067,6.644,5.861,6.518,7.274,4.347,6.57,6.443,6.408,7.274,7.146,6.392,6.992,6.575,7.022,6.245,5.412,6.38
1512.03,27,6.904,7.487,6.217,5.204,6.023,6.62,5.896,6.579,7.246,4.367,6.636,6.502,6.425,7.256,7.062,6.413,6.953,6.558,7.049,6.237,5.305,6.379
1513.03,27,6.819,7.493,6.193,5.223,6.098,6.581,5.919,6.507,7.259,4.373,6.646,6.463,6.456,7.253,7.15,6.468,6.974,6.597,7.098,6.265,5.315,6.38
1514.03,27,6.798,7.405,6.259,5.271,6.03,6.598,5.883,6.596,7.216,4.459,6.631,6.482,6.426,7.223,7.142,6.429,6.934,6.545,7.09,6.277,5.306,6.374
1515.03,27,6.825,7.481,6.19,5.235,6.15,6.618,5.821,6.587,7.267,4.352,6.614,6.441,6.415,7.269,7.15,6.413,7.051,6.616,7.078,6.251,5.338,6.36
1516.03,27,6.847,7.481,6.222,5.194,6.076,6.663,5.861,6.546,7.291,4.368,6.604,6.535,6.424,7.281,7.122,6.362,6.948,6.65,7.072,6.261,5.36,6.427
1517.03,27,6.85,7.475,6.212,5.26,6.112,6.561,5.857,6.604,7.248,4.381,6.576,6.42,6.42,7.246,7.184,6.44,6.983,6.649,7.131,6.26,5.375,6.41
1518.03,27,6.794,7.443,6.191,5.228,6.076,6.615,5.856,6.502,7.253,4.317,6.666,6.457,6.428,7.255,7.132,6.415,7.024,6.582,7.083,6.308,5.34,6.412
1519.03,27,6.848,7.454,6.264,5.204,6.199,6.595,5.895,6.519,7.225,4.334,6.644,6.527,6.416,7.174,7.152,6.436,7.008,6.555,7.133,6.245,5.331,6.431
1520.03,27,6.797,7.497,6.227,5.174,6.145,6.63,5.83,6.588,7.216,4.313,6.596,6.417,6.436,7.242,7.172,6.401,6.994,6.596,6.996,6.293,5.349,6.418
1521.03,27,6.832,7.439,6.271,5.185,6.054,6.624,5.901,6.523,7.277,4.298,6.589,6.436,6.487,7.178,7.152,6.395,7.006,6.583,7.085,6.237,5.332,6.422
1522.03,27,6.799,7.449,6.216,5.318,6.129,6.628,5.855,6.527,7.223,4.362,6.616,6.464,6.404,7.218,7.103,6.335,6.993,6.557,7.029,6.235,5.289,6.405
1523.03,27,6.836,7.418,6.159,5.184,6.087,6.618,5.817,6.576,7.263,4.343,6.578,6.44,6.447,7.187,7.11,6.438,6.991,6.602,7.021,6.189,5.277,6.344
1524.03,27,6.76,7.465,6.23,5.19,6.147,6.627,5.812,6.552,7.279,4.352,6.61,6.519,6.421,7.194,7.123,6.411,6.911,6.582,7.032,6.262,5.35,6.435
1525.03,27,6.787,7.472,6.177,5.227,6.131,6.548,5.803,6.553,7.202,4.319,6.559,6.436,6.414,7.158,7.106,6.461,6.984,6.556,7.037,6.247,5.331,6.44
1526.03,27,6.818,7.454,6.187,5.227,6.127,6.55,5.834,6.587,7.28,4.317,6.605,6.474,6.406,7.241,7.15,6.391,7.008,6.577,7.085,6.286,5.333,6.393
1527.03,27,6.804,7.426,6.159,5.194,6.171,6.587,5.855,6.563,7.184,4.369,6.614,6.424,6.411,7.173,7.115,6.391,6.932,6.557,7.053,6.239,5.314,6.47
1528.03,27,6.739,7.443,6.198,5.198,6.105,6.565,5.856,6.592,7.206,4.316,6.598,6.432,6.431,7.19,7.088,6.337,6.98,6.584,6.993,6.226,5.31,6.424
1529.03,27,6.796,7.454,6.158,5.194,6.119,6.584,5.841,6.547,7.253,4.346,6.589,6.472,6.363,7.182,7.112,6.404,6.99,6.608,7.038,6.198,5.279,6.401
1530.03,27,6.76,7.44,6.225,5.205,6.115,6.579,5.796,6.582,7.317,4.34,6.559,6.492,6.357,7.199,7.038,6.409,6.96,6.6,7.001,6.228,5.365,6.395
1531.03,27,6.827,7.447,6.143,5.178,6.039,6.573,5.815,6.565,7.251,4.27,6.572,6.475,6.375,7.205,7.088,6.389,7.011,6.528,7.013,6.223,5.397,6.359
1532.03,27,6.791,7.464,6.11,5.194,6.099,6.573,5.857,6.551,7.248,4.267,6.543,6.465,6.361,7.223,7.198,6.328,6.987,6.557,7.034,6.331,5.388,6.481
1533.03,27,6.803,7.39,6.163,5.171,6.172,6.525,5.807,6.527,7.246,4.329,6.625,6.414,6.365,7.233,7.145,6.352,6.958,6.571,7.047,6.17,5.275,6.399
1534.03,27,6.784,7.389,6.162,5.18,6.088,6.592,5.814,6.528,7.202,4.242,6.62,6.501,6.366,7.246,7.168,6.414,6.999,6.52,7.1,6.196,5.384,6.363
1535.03,27,6.807,7.41,6.2,5.179,6.151,6.564,5.779,6.465,7.276,4.314,6.611,6.494,6.324,7.264,7.082,6.352,6.989,6.579,7.038,6.16,5.36,6.4
1536.03,27,6.855,7.429,6.119,5.192,6.157,6.505,5.87,6.498,7.25,4.272,6.656,6.463,6.386,7.209,7.11,6.4,7.013,6.475,7.031,6.223,5.337,6.392
1537.03,27,6.828,7.428,6.164,5.172,6.09,6.54,5.835,6.501,7.295,4.334,6.601,6.449,6.441,7.19,7.142,6.363,7.018,6.556,7.035,6.176,5.324,6.468
1538.03,27,6.811,7.431,6.164,5.136,6.084,6.557,5.821,6.553,7.24,4.282,6.519,6.43,6.36,7.153,7.105,6.341,7.002,6.596,7.078,6.213,5.396,6.359
1539.03,27,6.763,7.436,6.186,5.147,6.166,6.549,5.829,6.55,7.199,4.286,6.549,6.421,6.412,7.205,7.066,6.322,6.996,6.581,6.997,6.242,5.352,6.332
1540.03,27,6.844,7.434,6.183,5.145,6.061,6.485,5.855,6.527,7.236,4.178,6.581,6.439,6.377,7.233,7.122,6.355,6.999,6.539,7.038,6.242,5.339,6.409
1541.03,27,6.819,7.408,6.134,5.134,6.134,6.556,5.832,6.506,7.2,4.259,6.568,6.444,6.386,7.17,7.115,6.443,6.984,6.552,7.019,6.184,5.307,6.361
1542.03,27,6.774,7.425,6.084,5.133,6.115,6.483,5.815,6.517,7.226,4.3,6.561,6.471,6.353,7.211,7.071,6.39,6.947,6.617,6.989,6.223,5.343,6.348
1543.03,27,6.796,7.368,6.156,5.098,6.093,6.539,5.791,6.496,7.205,4.315,6.542,6.465,6.353,7.222,7.153,6.367,6.95,6.535,7.092,6.123,5.377,6.381
1544.03,27,6.809,7.387,6.199,5.147,6.147,6.601,5.837,6.487,7.21,4.313,6.511,6.442,6.364,7.202,7.12,6.381,7.012,6.539,7.023,6.197,5.367,6.373
1545.03,27,6.805,7.457,6.142,5.096,6.145,6.593,5.833,6.535,7.221,4.194,6.456,6.387,6.356,7.203,7.13,6.392,6.96,6.577,6.973,6.215,5.376,6.467
1546.03,27,6.803,7.406,6.193,5.158,6.113,6.532,5.856,6.517,7.226,4.29,6.526,6.473,6.333,7.133,7.077,6.378,7.095,6.527,7.008,6.2,5.333,6.421
1547.03,27,6.755,7.462,6.125,5.139,6.096,6.504,5.833,6.481,7.222,4.317,6.51,6.401,6.351,7.151,7.049,6.331,7.005,6.596,6.991,6.193,5.298,6.376
1548.03,27,6.811,7.402,6.162,5.104,6.093,6.549,5.786,6.494,7.26,4.233,6.639,6.448,6.316,7.196,7.084,6.325,7.081,6.611,6.969,6.217,5.36,6.333
1549.03,27,6.818,7.411,6.131,5.146,6.178,6.544,5.83,6.53,7.24,4.263,6.487,6.472,6.268,7.188,7.115,6.336,6.974,6.582,6.919,6.151,5.323,6.374
1550.03,27,6.784,7.383,6.087,5.117,6.101,6.512,5.849,6.473,7.171,4.237,6.597,6.444,6.357,7.129,7.042,6.386,7.009,6.498,7.026,6.273,5.334,6.369
1551.03,27,6.8,7.376,6.182,5.134,6.109,6.564,5.778,6.472,7.198,4.23,6.593,6.433,6.318,7.171,7.048,6.353,6.958,6.482,6.973,6.269,5.352,6.422
1552.03,27,6.679,7.383,6.128,5.115,6.141,6.52,5.797,6.563,7.198,4.203,6.48,6.433,6.35,7.135,7.041,6.318,7.038,6.539,7.038,6.207,5.307,6.39
1553.03,27,6.81,7.362,6.188,5.138,6.133,6.515,5.843,6.526,7.246,4.245,6.529,6.427,6.366,7.167,7.125,6.381,6.995,6.512,7.002,6.203,5.376,6.391
1554.03,27,6.751,7.412,6.201,5.092,6.088,6.576,5.775,6.493,7.299,4.143,6.524,6.455,6.327,7.15,7.116,6.289,7.004,6.454,7.034,6.191,5.394,6.414
1555.03,27,6.757,7.351,6.083,5.14,6.159,6.548,5.79,6.511,7.181,4.146,6.477,6.39,6.374,7.193,7.033,6.276,7.007,6.504,6.991,6.141,5.376,6.4
1556.03,27,6.755,7.381,6.13,5.085,6.067,6.466,5.822,6.417,7.255,4.231,6.485,6.41,6.362,7.135,7.05,6.35,7.004,6.504,6.998,6.264,5.383,6.428
1557.03,27,6.857,7.362,6.176,5.074,6.088,6.525,5.828,6.51,7.204,4.175,6.46,6.425,6.313,7.17,7.025,6.293,7.021,6.5,6.967,6.124,5.308,6.424
1558.03,27,6.723,7.365,6.148,5.098,6.181,6.576,5.841,6.457,7.183,4.113,6.56,6.392,6.343,7.193,7.108,6.361,7.012,6.527,6.936,6.129,5.352,6.424
1559.03,27,6.813,7.373,6.097,5.039,6.17,6.504,5.805,6.5,7.2,4.188,6.438,6.439,6.346,7.23,7.031,6.366,6.98,6.52,6.996,6.178,5.296,6.401
1560.03,27,6.829,7.422,6.129,5.082,6.134,6.514,5.821,6.509,7.188,4.254,6.488,6.383,6.364,7.221,7.076,6.365,6.953,6.495,6.991,6.17,5.368,6.406
1561.03,27,6.775,7.363,6.076,5.01,6.053,6.473,5.796,6.51,7.196,4.2,6.556,6.462,6.328,7.147,7.03,6.341,7.027,6.489,6.935,6.169,5.316,6.399
1562.03,27,6.725,7.373,6.095,5.112,6.136,6.529,5.813,6.471,7.261,4.179,6.481,6.396,6.331,7.173,7.058,6.286,6.997,6.552,6.959,6.131,5.365,6.462
1563.03,27,6.741,7.389,6.051,5.149,6.089,6.481,5.809,6.451,7.237,4.186,6.518,6.334,6.404,7.13,7.056,6.258,7.047,6.495,6.943,6.213,5.309,6.343
1564.03,27,6.715,7.323,6.104,5.121,6.111,6.491,5.759,6.539,7.184,4.164,6.491,6.41,6.361,7.139,7.071,6.349,7.063,6.486,7.006,6.174,5.355,6.399
1565.03,27,6.765,7.353,6.147,5.085,6.133,6.541,5.802,6.492,7.213,4.232,6.501,6.369,6.252,7.177,7.054,6.304,7.035,6.474,7.006,6.175,5.367,6.448
1566.03,27,6.744,7.358,6.137,5.168,6.13,6.54,5.716,6.418,7.239,4.183,6.477,6.316,6.344,7.152,7.012,6.328,6.967,6.509,6.983,6.207,5.345,6.384
1567.03,27,6.754,7.372,6.04,5.108,6.189,6.482,5.745,6.512,7.198,4.189,6.482,6.446,6.315,7.136,7.109,6.316,7.037,6.577,6.926,6.155,5.328,6.405
1568.03,27,6.71,7.353,6.103,5.157,6.08,6.491,5.799,6.479,7.256,4.197,6.513,6.41,6.367,7.142,7.034,6.298,7.015,6.43,6.954,6.205,5.385,6.434
1569.03,27,6.696,7.322,6.103,5.046,6.111,6.529,5.831,6.476,7.241,4.098,6.535,6.363,6.328,7.127,7.02,6.321,7.081,6.498,6.988,6.198,5.297,6.432
1570.03,27,6.69,7.35,6.063,5.105,6.132,6.565,5.757,6.482,7.18,4.177,6.482,6.34,6.298,7.16,6.97,6.309,7.018,6.544,7.014,6.138,5.294,6.376
1571.03,27,6.733,7.378,6.091,5.099,6.161,6.495,5.765,6.462,7.208,4.104,6.483,6.431,6.403,7.126,7.058,6.284,7.045,6.498,6.966,6.15,5.333,6.389
1572.03,27,6.718,7.313,6.072,5.067,6.1,6.512,5.74,6.507,7.233,4.126,6.428,6.426,6.308,7.148,7.001,6.363,7.016,6.497,6.977,6.135,5.327,6.386
1573.03,27,6.761,7.316,6.043,5.126,6.123,6.507,5.794,6.474,7.165,4.137,6.47,6.409,6.328,7.149,7.054,6.26,7.016,6.477,6.974,6.101,5.328,6.45
1574.03,27,6.769,7.344,6.098,5.129,6.105,6.529,5.785,6.44,7.234,4.144,6.475,6.437,6.279,7.098,7.061,6.333,6.987,6.453,6.985,6.132,5.372,6.422
1575.03,27,6.681,7.36,6.043,5.055,6.167,6.551,5.749,6.405,7.251,4.121,6.526,6.419,6.342,7.128,7.077,6.298,6.978,6.516,7.036,6.161,5.33,6.366
1576.03,27,6.765,7.32,6.066,5.093,6.184,6.496,5.796,6.526,7.202,4.173,6.502,6.353,6.326,7.138,7.049,6.322,6.989,6.547,7.022,6.185,5.269,6.427
1577.03,27,6.699,7.353,6.098,5.051,6.121,6.499,5.804,6.472,7.205,4.043,6.474,6.408,6.321,7.191,7.037,6.234,7.072,6.446,6.973,6.167,5.379,6.491
1578.03,27,6.693,7.362,6.09,5.097,6.138,6.465,5.774,6.498,7.17,4.144,6.421,6.363,6.291,7.135,7.053,6.281,7.043,6.504,7.01,6.14,5.419,6.357
1579.03,27,6.734,7.292,6.101,5.048,6.145,6.516,5.773,6.484,7.164,4.157,6.474,6.411,6.313,7.162,7.044,6.261,6.979,6.501,6.989,6.158,5.353,6.421
1580.03,27,6.764,7.319,6.079,5.023,6.058,6.484,5.788,6.437,7.239,4.088,6.522,6.392,6.31,7.068,7.061,6.266,6.992,6.513,7.011,6.095,5.316,6.503
1581.03,27,6.686,7.327,6.082,4.969,6.121,6.474,5.792,6.43,7.182,4.109,6.445,6.386,6.308,7.138,7.06,6.274,7.043,6.456,7.013,6.147,5.355,6.391
1582.03,27,6.705,7.315,6.1,5.037,6.155,6.452,5.739,6.47,7.172,4.137,6.492,6.373,6.243,7.146,6.999,6.307,7.06,6.479,6.977,6.114,5.387,6.422
1583.03,27,6.695,7.353,6.104,5.024,6.106,6.497,5.76,6.535,7.194,4.096,6.416,6.383,6.318,7.102,7.025,6.295,6.998,6.479,6.957,6.082,5.327,6.395
1584.03,27,6.663,7.296,6.066,5.046,6.126,6.45,5.72,6.475,7.163,4.072,6.483,6.361,6.238,7.174,7.026,6.266,7.022,6.537,6.875,6.182,5.35,6.428
1585.03,27,6.693,7.28,6.062,5.038,6.075,6.512,5.736,6.437,7.189,4.077,6.487,6.312,6.306,7.146,7.042,6.227,6.966,6.454,6.994,6.155,5.325,6.424
1586.03,27,6.7,7.349,6.084,5.008,6.089,6.44,5.66,6.436,7.206,4.112,6.49,6.381,6.283,7.131,7.036,6.308,7.107,6.459,6.977,6.149,5.363,6.447
1587.03,27,6.713,7.277,6.02,5.022,6.114,6.465,5.754,6.488,7.136,4.119,6.464,6.403,6.251,7.161,7.056,6.282,7.079,6.469,6.896,6.101,5.258,6.405
1588.03,27,6.668,7.348,6.062,5.031,6.139,6.443,5.76,6.513,7.235,4.066,6.447,6.449,6.267,7.163,7.03,6.264,6.988,6.491,6.979,6.072,5.312,6.462
1589.03,27,6.762,7.32,6.045,4.997,6.128,6.499,5.732,6.475,7.183,4.07,6.471,6.333,6.346,7.116,7.048,6.225,6.954,6.441,6.977,6.099,5.392,6.46
1590.03,27,6.679,7.338,6.024,5.027,6.143,6.524,5.686,6.435,7.252,4.114,6.442,6.338,6.282,7.106,7.04,6.359,7.037,6.451,6.969,6.068,5.314,6.417
1591.03,27,6.695,7.308,6.034,4.985,6.16,6.443,5.714,6.4,7.185,3.988,6.459,6.431,6.239,7.152,7.069,6.326,6.976,6.502,6.935,6.13,5.375,6.42
1592.03,27,6.711,7.307,6.076,5.04,6.11,6.463,5.688,6.511,7.202,4.072,6.478,6.38,6.209,7.176,7.034,6.331,7.018,6.438,6.949,6.073,5.323,6.386
1593.03,27,6.658,7.297,6.064,5.04,6.149,6.426,5.75,6.43,7.135,4.12,6.485,6.32,6.272,7.043,6.987,6.342,7.068,6.477,6.971,6.147,5.345,6.429
1594.03,27,6.744,7.26,6.065,4.937,6.115,6.447,5.699,6.478,7.162,4.055,6.406,6.367,6.236,7.132,6.968,6.26,7.06,6.471,6.986,6.073,5.346,6.368
1595.03,27,6.651,7.355,6.101,4.98,6.14,6.454,5.755,6.411,7.205,4.052,6.505,6.371,6.287,7.15,6.974,6.278,7.077,6.484,6.97,6.082,5.401,6.393
1596.03,27,6.656,7.339,6.04,4.995,6.089,6.47,5.754,6.423,7.171,4.096,6.488,6.403,6.183,7.12,7.082,6.297,7.076,6.392,6.957,6.088,5.356,6.428
1597.03,27,6.673,7.363,5.99,4.997,6.149,6.473,5.759,6.401,7.233,4.011,6.408,6.333,6.281,7.2,7.04,6.227,7.06,6.461,6.892,6.115,5.369,6.486
1598.03,27,6.635,7.305,6.038,4.94,6.184,6.406,5.676,6.465,7.144,4.041,6.478,6.381,6.287,7.082,7.072,6.259,6.995,6.417,6.904,6.145,5.379,6.47
1599.03,27,6.675,7.278,6.037,4.947,6.053,6.467,5.721,6.395,7.201,4.038,6.441,6.427,6.252,7.148,7.008,6.297,7.025,6.465,6.987,6.069,5.378,6.427
1600.03,27,6.681,7.32,6.068,4.989,6.153,6.454,5.732,6.434,7.178,4.074,6.47,6.358,6.271,7.129,7.031,6.218,7.042,6.467,6.945,6.14,5.326,6.494
1601.03,27,6.712,7.295,6.058,4.97,6.12,6.493,5.742,6.348,7.166,4.085,6.439,6.296,6.276,7.112,7.047,6.274,7.031,6.46,6.899,6.069,5.361,6.426
1602.03,27,6.669,7.246,6.034,4.963,6.179,6.431,5.676,6.505,7.215,4.053,6.445,6.345,6.257,7.154,6.965,6.246,7.085,6.485,6.88,6.088,5.353,6.457
1603.03,27,6.66,7.347,6.025,4.97,6.104,6.431,5.708,6.493,7.19,4.002,6.41,6.313,6.267,7.064,7.024,6.224,7.06,6.391,6.922,6.142,5.321,6.424
1604.03,27,6.674,7.311,5.945,4.927,6.113,6.434,5.701,6.479,7.155,4.082,6.423,6.36,6.283,7.123,7.026,6.28,7.027,6.448,6.95,6.127,5.349,6.407
1605.03,27,6.755,7.321,6.013,4.973,6.074,6.418,5.713,6.443,7.19,4.007,6.381,6.311,6.288,7.062,7,6.276,7.019,6.493,6.891,6.079,5.432,6.434
1606.03,27,6.671,7.321,6.057,4.911,6.159,6.502,5.767,6.398,7.176,4.042,6.335,6.316,6.18,7.089,6.902,6.234,7.029,6.5,6.991,6.045,5.281,6.434
1607.03,27,6.709,7.269,6.081,4.941,6.085,6.427,5.775,6.423,7.191,3.936,6.495,6.331,6.273,7.103,7.061,6.197,7.077,6.438,6.919,6.059,5.397,6.422
1608.03,27,6.727,7.286,6.026,4.934,6.115,6.484,5.681,6.37,7.198,3.948,6.434,6.372,6.296,7.027,7.022,6.244,7.078,6.436,6.829,6.083,5.338,6.418
1609.03,27,6.697,7.258,6.062,4.961,6.179,6.363,5.687,6.411,7.154,3.967,6.381,6.376,6.238,7.08,7.014,6.146,6.995,6.43,6.978,6.119,5.36,6.421
1610.03,27,6.679,7.341,5.991,4.957,6.129,6.413,5.7,6.367,7.191,3.984,6.417,6.306,6.235,7.134,6.956,6.244,7.071,6.463,6.943,6.031,5.325,6.423
1611.03,27,6.689,7.315,6.043,4.933,6.037,6.389,5.657,6.406,7.153,4.012,6.385,6.348,6.268,7.067,6.976,6.241,7.025,6.452,6.935,6.059,5.267,6.385
1612.03,27,6.656,7.251,6.027,4.911,6.149,6.441,5.712,6.454,7.185,3.946,6.397,6.32,6.307,7.103,6.991,6.18,7.078,6.392,6.922,6.009,5.36,6.413
1613.03,27,6.681,7.261,5.979,4.962,6.122,6.478,5.7,6.474,7.17,3.978,6.441,6.295,6.258,7.11,6.95,6.2,7.136,6.417,6.956,6.057,5.344,6.404
1614.03,27,6.672,7.277,6.025,4.896,6.093,6.368,5.68,6.407,7.181,3.95,6.428,6.328,6.253,7.137,6.962,6.188,7.052,6.437,6.894,6.044,5.39,6.439
1615.03,27,6.665,7.317,6.04,4.913,6.082,6.362,5.712,6.428,7.209,3.949,6.427,6.378,6.197,7.058,7.025,6.192,7.076,6.417,6.895,6.109,5.36,6.412
1616.03,27,6.637,7.277,5.961,4.906,6.124,6.439,5.645,6.342,7.186,4.013,6.47,6.344,6.284,7.065,7.028,6.141,7.058,6.496,6.89,6.068,5.375,6.378
1617.03,27,6.67,7.228,5.947,4.899,6.15,6.448,5.721,6.368,7.149,3.925,6.401,6.401,6.184,7.057,6.944,6.214,7.096,6.385,6.877,6.005,5.422,6.389
1618.03,27,6.629,7.284,6.067,5.019,6.129,6.387,5.688,6.35,7.161,3.942,6.418,6.352,6.211,7.058,6.989,6.258,7.019,6.434,6.892,6.069,5.351,6.469
1619.03,27,6.69,7.286,6.012,4.931,6.112,6.439,5.659,6.351,7.149,3.961,6.382,6.272,6.233,7.102,7.036,6.219,7.058,6.438,6.906,6.054,5.395,6.394
1620.03,27,6.596,7.314,6.005,4.909,6.131,6.426,5.685,6.35,7.184,3.902,6.429,6.36,6.196,7.09,6.909,6.217,7.064,6.445,6.892,6.004,5.324,6.385
1621.03,27,6.629,7.258,5.98,4.878,6.097,6.399,5.684,6.409,7.128,3.97,6.438,6.342,6.199,7.064,7.016,6.214,7.065,6.4,6.899,6.093,5.34,6.446
1622.03,27,6.621,7.277,5.99,4.939,6.072,6.44,5.718,6.343,7.175,3.886,6.401,6.295,6.247,7.064,7.002,6.253,7.054,6.431,6.912,6.004,5.375,6.447
1623.03,27,6.604,7.282,6.015,4.914,6.153,6.404,5.631,6.386,7.155,3.924,6.386,6.294,6.201,7.062,7.006,6.237,7.063,6.46,6.869,5.974,5.372,6.367
1624.03,27,6.574,7.277,6.006,4.878,6.104,6.378,5.702,6.386,7.1,3.893,6.423,6.304,6.271,7.145,6.99,6.259,7.063,6.396,6.901,6.005,5.343,6.436
1625.03,27,6.644,7.259,6.022,4.907,6.184,6.381,5.68,6.388,7.157,3.998,6.439,6.31,6.254,7.099,6.966,6.234,7.008,6.423,6.858,6.039,5.344,6.383
1626.03,27,6.616,7.285,6.007,4.938,6.05,6.478,5.682,6.394,7.118,3.958,6.369,6.381,6.234,7.149,6.944,6.206,7.102,6.356,6.872,6.053,5.388,6.409
1627.03,27,6.693,7.271,6.025,4.881,6.088,6.362,5.676,6.439,7.173,3.894,6.368,6.266,6.19,7.087,6.941,6.198,7.038,6.375,6.9,6.074,5.417,6.399
1628.03,27,6.738,7.288,6.008,4.892,6.092,6.372,5.675,6.385,7.162,3.989,6.447,6.301,6.176,7.049,6.992,6.215,7.068,6.439,6.843,6.026,5.38,6.407
1629.03,27,6.615,7.2,5.966,4.898,6.097,6.385,5.668,6.342,7.112,3.94,6.318,6.399,6.267,7.091,6.963,6.277,7.052,6.436,6.946,6.005,5.367,6.436
1630.03,27,6.627,7.289,5.981,4.909,6.088,6.424,5.635,6.295,7.128,3.963,6.389,6.359,6.252,7.057,6.939,6.25,7.043,6.355,6.889,6.078,5.378,6.441
1631.03,27,6.63,7.295,5.964,4.888,6.142,6.408,5.634,6.412,7.146,3.868,6.345,6.266,6.183,7.06,7.005,6.265,7.074,6.45,6.892,6.052,5.369,6.464
1632.03,27,6.643,7.237,5.953,4.92,6.106,6.392,5.655,6.278,7.146,3.941,6.357,6.329,6.182,7.129,6.935,6.31,7.059,6.443,6.881,6.053,5.39,6.461
1633.03,27,6.654,7.219,5.887,4.866,6.06,6.393,5.639,6.342,7.131,3.879,6.394,6.271,6.223,7.078,6.966,6.264,6.981,6.445,6.904,6,5.334,6.394
1634.03,27,6.641,7.162,5.972,4.871,6.083,6.414,5.651,6.414,7.112,3.833,6.368,6.231,6.254,7.048,6.923,6.263,7.081,6.418,6.896,6.102,5.403,6.348
1635.03,27,6.681,7.263,6.003,4.864,6.107,6.339,5.662,6.355,7.13,3.838,6.331,6.26,6.214,7.037,7.004,6.264,7.029,6.407,6.863,6.054,5.304,6.393
1636.03,27,6.595,7.246,5.967,4.884,6.106,6.336,5.602,6.369,7.164,3.918,6.435,6.289,6.201,7.086,6.98,6.251,7.078,6.386,6.903,6.041,5.34,6.383
1637.03,27,6.67,7.262,5.985,4.824,6.071,6.333,5.709,6.43,7.131,3.847,6.315,6.287,6.268,7.084,6.987,6.171,7.037,6.355,6.835,6.025,5.389,6.401
1638.03,27,6.621,7.281,5.973,4.833,6.159,6.346,5.675,6.364,7.184,3.884,6.377,6.251,6.198,7.123,6.986,6.291,7.049,6.393,6.938,5.991,5.376,6.382
1639.03,27,6.586,7.133,5.986,4.795,6.165,6.43,5.633,6.337,7.106,3.837,6.376,6.287,6.183,7.02,6.975,6.194,7.122,6.388,6.853,5.948,5.342,6.387
1640.03,27,6.664,7.226,6.015,4.898,6.162,6.374,5.642,6.379,7.11,3.836,6.364,6.28,6.243,7.114,6.927,6.306,7.08,6.339,6.88,5.969,5.379,6.403
1641.03,27,6.666,7.175,5.989,4.899,6.134,6.371,5.551,6.383,7.088,3.881,6.386,6.327,6.198,7.041,6.933,6.276,7.101,6.367,6.856,6.034,5.42,6.47
1642.03,27,6.661,7.275,5.974,4.789,6.1,6.396,5.68,6.369,7.102,3.862,6.376,6.348,6.205,7.061,6.999,6.268,7.11,6.372,6.874,5.955,5.386,6.408
1643.03,27,6.563,7.166,5.951,4.867,6.196,6.326,5.672,6.347,7.091,3.806,6.372,6.272,6.148,7.077,6.96,6.236,7.088,6.318,6.899,5.995,5.354,6.455
1644.03,27,6.575,7.228,5.924,4.858,6.16,6.416,5.692,6.373,7.101,3.866,6.399,6.319,6.215,7.038,6.96,6.223,7.037,6.357,6.839,6.027,5.386,6.49
1645.03,27,6.601,7.184,5.942,4.818,6.109,6.356,5.651,6.34,7.095,3.824,6.307,6.302,6.127,7.007,6.944,6.283,7.059,6.411,6.874,6.006,5.39,6.431
1646.03,27,6.628,7.209,5.873,4.815,6.117,6.353,5.702,6.351,7.106,3.849,6.362,6.32,6.244,7.098,6.97,6.247,7.061,6.342,6.905,6.014,5.382,6.458
1647.03,27,6.63,7.218,5.934,4.851,6.156,6.374,5.681,6.353,7.194,3.789,6.26,6.325,6.223,7.1,6.978,6.234,7.091,6.346,6.886,6.003,5.379,6.42
1648.03,27,6.638,7.278,5.956,4.834,6.108,6.381,5.66,6.302,7.143,3.862,6.321,6.246,6.124,7.022,6.926,6.229,7.113,6.307,6.823,6.016,5.401,6.392
1649.03,27,6.605,7.173,5.924,4.84,6.131,6.368,5.679,6.333,7.137,3.762,6.294,6.257,6.163,7.045,6.943,6.312,7.098,6.395,6.925,5.994,5.346,6.359
1650.03,27,6.628,7.172,5.941,4.875,6.08,6.312,5.681,6.31,7.132,3.815,6.241,6.328,6.191,7.062,6.923,6.242,7.095,6.374,6.832,5.921,5.367,6.381
1651.03,27,6.652,7.189,5.874,4.799,6.062,6.33,5.64,6.316,7.121,3.867,6.334,6.327,6.174,6.98,6.948,6.22,7.075,6.399,6.903,5.97,5.364,6.418
1652.03,27,6.687,7.199,5.972,4.783,6.134,6.383,5.587,6.291,7.149,3.808,6.265,6.296,6.211,7.051,6.891,6.211,7.054,6.372,6.844,5.995,5.309,6.47
1653.03,27,6.638,7.218,5.911,4.816,6.087,6.351,5.568,6.406,7.123,3.763,6.331,6.294,6.19,7.045,6.939,6.232,7.143,6.302,6.795,6.021,5.436,6.451
1654.03,27,6.546,7.192,5.905,4.81,6.154,6.304,5.605,6.318,7.149,3.811,6.264,6.254,6.248,7.013,6.92,6.222,7.098,6.358,6.831,5.968,5.372,6.436
1655.03,27,6.639,7.196,5.923,4.794,6.142,6.317,5.582,6.345,7.126,3.809,6.336,6.246,6.192,7.019,6.917,6.291,7.087,6.408,6.866,5.979,5.336,6.427
1656.03,27,6.62,7.202,5.913,4.8,6.151,6.361,5.601,6.402,7.109,3.828,6.336,6.246,6.141,7.056,6.939,6.227,7.079,6.337,6.833,6.019,5.35,6.449
1657.03,27,6.541,7.187,5.906,4.801,6.086,6.242,5.633,6.296,7.059,3.826,6.362,6.275,6.118,7.048,6.964,6.257,7.104,6.384,6.835,5.933,5.378,6.418
1658.03,27,6.6,7.19,5.969,4.772,6.167,6.393,5.627,6.263,7.123,3.842,6.302,6.266,6.184,7.038,6.903,6.254,7.07,6.367,6.84,5.985,5.38,6.434
1659.03,27,6.52,7.224,5.974,4.802,6.104,6.269,5.675,6.299,7.168,3.788,6.331,6.261,6.107,7.049,6.912,6.262,7.145,6.385,6.853,5.986,5.397,6.423
1660.03,27,6.558,7.179,5.943,4.769,6.083,6.318,5.621,6.283,7.098,3.788,6.339,6.221,6.187,7.01,6.896,6.234,7.074,6.325,6.879,5.959,5.306,6.452
1661.03,27,6.578,7.249,5.935,4.792,6.082,6.294,5.624,6.279,7.152,3.775,6.352,6.286,6.203,6.96,6.932,6.231,7.086,6.329,6.805,5.998,5.332,6.358
1662.03,27,6.545,7.19,5.961,4.78,6.167,6.294,5.697,6.263,7.099,3.754,6.308,6.293,6.179,7.012,6.893,6.246,7.067,6.35,6.83,6.009,5.367,6.434
1663.03,27,6.551,7.198,5.851,4.792,6.14,6.344,5.62,6.329,7.119,3.736,6.255,6.246,6.214,7.045,6.917,6.268,7.053,6.325,6.868,5.904,5.357,6.407
1664.03,27,6.529,7.224,5.926,4.707,6.139,6.39,5.595,6.302,7.147,3.702,6.299,6.247,6.111,7.035,6.918,6.249,7.028,6.368,6.893,6.006,5.316,6.417
1665.03,27,6.537,7.148,5.881,4.79,6.138,6.329,5.559,6.338,7.133,3.789,6.257,6.296,6.171,7.045,6.879,6.25,7.13,6.377,6.723,5.97,5.367,6.412
1666.03,27,6.571,7.161,5.813,4.67,6.101,6.344,5.562,6.282,7.152,3.783,6.253,6.202,6.153,7.012,6.863,6.259,7.109,6.327,6.865,5.976,5.33,6.354
1667.03,27,6.533,7.183,5.845,4.766,6.095,6.391,5.593,6.387,7.12,3.69,6.344,6.244,6.196,7.028,6.923,6.263,7.067,6.398,6.86,5.859,5.397,6.444
1668.03,27,6.589,7.209,5.879,4.762,6.154,6.331,5.519,6.307,7.126,3.73,6.369,6.221,6.157,6.949,6.891,6.292,7.022,6.379,6.832,5.923,5.33,6.397
1669.03,27,6.563,7.178,5.909,4.768,6.094,6.329,5.68,6.363,7.073,3.765,6.337,6.204,6.114,7.007,6.883,6.315,7.1,6.305,6.862,5.914,5.383,6.455
1670.03,27,6.489,7.149,5.894,4.715,6.094,6.31,5.632,6.298,7.055,3.738,6.313,6.239,6.152,7.043,6.943,6.251,7.061,6.352,6.834,5.936,5.396,6.352
1671.03,27,6.53,7.188,5.861,4.716,6.112,6.367,5.606,6.311,7.093,3.726,6.281,6.283,6.156,7.027,6.919,6.288,7.113,6.297,6.805,5.9,5.413,6.402
1672.03,27,6.457,7.158,5.862,4.742,6.12,6.278,5.535,6.311,7.129,3.749,6.304,6.265,6.193,7.008,6.916,6.257,7.055,6.324,6.781,5.893,5.35,6.406
1673.03,27,6.568,7.154,5.899,4.732,6.082,6.323,5.622,6.263,7.114,3.743,6.252,6.321,6.217,6.997,6.941,6.277,7.07,6.355,6.785,5.968,5.362,6.363
1674.03,27,6.526,7.139,5.919,4.779,6.099,6.287,5.52,6.282,7.105,3.652,6.266,6.225,6.12,7.039,6.885,6.256,7.067,6.331,6.84,5.916,5.402,6.446
1675.03,27,6.546,7.195,5.944,4.688,6.06,6.337,5.622,6.307,7.062,3.602,6.333,6.231,6.12,6.982,6.885,6.313,7.023,6.323,6.845,5.887,5.352,6.441
1676.03,27,6.544,7.192,5.901,4.732,6.097,6.275,5.554,6.279,7.107,3.718,6.277,6.29,6.127,7.02,6.891,6.247,7.038,6.328,6.768,5.931,5.435,6.433
1677.03,27,6.508,7.182,5.926,4.775,6.065,6.283,5.59,6.287,7.098,3.673,6.245,6.279,6.147,7.011,6.905,6.262,7.057,6.365,6.822,5.926,5.312,6.394
1678.03,27,6.619,7.107,5.895,4.72,6.125,6.34,5.586,6.29,7.08,3.68,6.288,6.257,6.166,7.02,6.867,6.255,7.071,6.302,6.749,5.934,5.419,6.407
1679.03,27,6.533,7.145,5.9,4.806,6.143,6.323,5.589,6.317,7.075,3.659,6.27,6.144,6.141,7.019,6.887,6.263,7.111,6.317,6.823,5.95,5.391,6.425
1680.03,27,6.551,7.205,5.852,4.709,6.099,6.349,5.573,6.289,7.135,3.696,6.308,6.267,6.187,6.991,6.841,6.293,7.126,6.315,6.822,5.975,5.334,6.405
1681.03,27,6.554,7.134,5.919,4.65,6.125,6.296,5.582,6.303,7.094,3.668,6.307,6.203,6.1,6.961,6.944,6.281,7.068,6.252,6.827,5.935,5.362,6.373
1682.03,27,6.547,7.046,5.883,4.735,6.097,6.268,5.502,6.302,7.018,3.72,6.267,6.227,6.126,6.991,6.911,6.28,7.109,6.323,6.84,5.863,5.399,6.419
1683.03,27,6.54,7.142,5.942,4.671,6.064,6.272,5.537,6.347,7.156,3.679,6.26,6.269,6.104,6.935,6.857,6.228,7.046,6.26,6.764,5.842,5.342,6.385
1684.03,27,6.527,7.059,5.932,4.745,6.144,6.279,5.541,6.307,7.014,3.71,6.262,6.154,6.121,7.013,6.924,6.339,7.149,6.322,6.743,5.83,5.35,6.367
1685.03,27,6.541,7.143,5.803,4.744,6.135,6.242,5.53,6.321,7.065,3.639,6.273,6.209,6.114,6.939,6.869,6.265,7.148,6.224,6.763,5.87,5.363,6.444
1686.03,27,6.517,7.169,5.863,4.714,6.12,6.248,5.544,6.312,7.13,3.683,6.222,6.194,6.104,7.047,6.844,6.237,7.079,6.32,6.866,5.99,5.377,6.435
1687.03,27,6.565,7.094,5.913,4.671,6.13,6.196,5.517,6.32,7.128,3.717,6.29,6.227,6.139,6.938,6.869,6.3,7.054,6.305,6.834,5.903,5.311,6.497
1688.03,27,6.533,7.219,5.848,4.752,6.116,6.239,5.518,6.291,7.077,3.687,6.299,6.23,6.138,7.01,6.861,6.309,7.13,6.319,6.768,5.906,5.378,6.34
1689.03,27,6.59,7.168,5.816,4.648,6.136,6.261,5.561,6.258,7.036,3.692,6.33,6.227,6.147,7.046,6.817,6.287,7.072,6.269,6.771,5.946,5.367,6.387
1690.03,27,6.498,7.108,5.842,4.689,6.133,6.292,5.566,6.255,7.076,3.689,6.298,6.218,6.099,6.968,6.874,6.353,7.104,6.287,6.864,5.892,5.37,6.377
1691.03,27,6.499,7.126,5.914,4.686,6.17,6.235,5.504,6.278,7.099,3.649,6.315,6.213,6.088,6.958,6.909,6.251,7.136,6.291,6.786,5.855,5.344,6.447
1692.03,27,6.477,7.068,5.867,4.713,6.097,6.233,5.485,6.233,7.121,3.615,6.258,6.277,6.077,7.069,6.816,6.285,7.122,6.299,6.788,5.928,5.31,6.416
1693.03,27,6.514,7.106,5.88,4.681,6.113,6.289,5.52,6.252,7.075,3.617,6.296,6.226,6.155,6.942,6.883,6.283,7.088,6.26,6.81,5.882,5.297,6.5
1694.03,27,6.521,7.125,5.897,4.707,6.132,6.211,5.527,6.237,7.048,3.632,6.257,6.186,6.159,7.03,6.86,6.294,7.092,6.27,6.805,5.936,5.302,6.348
1695.03,27,6.484,7.11,5.86,4.666,6.08,6.281,5.495,6.224,7,3.65,6.261,6.23,6.134,6.995,6.807,6.265,7.119,6.317,6.824,5.889,5.368,6.375
1696.03,27,6.433,7.093,5.823,4.708,6.132,6.261,5.506,6.266,7.051,3.629,6.366,6.207,6.042,7.004,6.881,6.267,7.083,6.349,6.797,5.866,5.332,6.393
1697.03,27,6.54,7.059,5.774,4.693,6.166,6.202,5.528,6.208,7.074,3.584,6.254,6.18,6.125,6.957,6.845,6.255,7.055,6.301,6.772,5.883,5.33,6.416
1698.03,27,6.515,7.122,5.893,4.702,6.127,6.292,5.575,6.249,7.061,3.637,6.253,6.185,6.137,6.977,6.823,6.223,7.097,6.331,6.813,5.874,5.364,6.447
1699.03,27,6.467,7.098,5.829,4.647,6.087,6.311,5.521,6.285,6.98,3.61,6.271,6.217,6.1,6.948,6.825,6.233,7.085,6.281,6.867,5.838,5.345,6.448
1700.03,27,6.529,7.047,5.889,4.649,6.123,6.252,5.495,6.277,7.045,3.57,6.226,6.207,6.082,6.969,6.848,6.301,7.066,6.253,6.773,5.899,5.384,6.435
1701.03,27,6.44,7.17,5.827,4.653,6.104,6.292,5.475,6.283,7.086,3.548,6.166,6.182,6.079,6.94,6.907,6.266,7.128,6.276,6.786,5.87,5.3,6.386
1702.03,27,6.491,7.097,5.858,4.682,6.149,6.273,5.507,6.321,7.148,3.655,6.217,6.219,6.078,6.973,6.852,6.238,7.038,6.252,6.74,5.848,5.367,6.354
1703.03,27,6.476,7.082,5.858,4.664,6.104,6.209,5.493,6.163,7.12,3.535,6.326,6.194,6.137,6.956,6.791,6.197,7.06,6.281,6.848,5.872,5.358,6.411
1704.03,27,6.451,7.047,5.84,4.649,6.101,6.244,5.511,6.251,7.057,3.544,6.286,6.249,6.072,6.997,6.884,6.293,7.054,6.257,6.782,5.833,5.374,6.39
1705.03,27,6.479,7.125,5.813,4.574,6.128,6.229,5.583,6.229,7.087,3.589,6.3,6.23,6.158,6.965,6.921,6.29,7.07,6.285,6.708,5.875,5.348,6.412
1706.03,27,6.463,7.06,5.819,4.63,6.138,6.243,5.459,6.185,7.098,3.639,6.26,6.208,6.092,6.95,6.86,6.282,7.115,6.263,6.761,5.893,5.375,6.392
1707.03,27,6.421,7.084,5.839,4.572,6.097,6.161,5.474,6.275,7.109,3.598,6.23,6.246,6.125,7.007,6.842,6.291,7.127,6.271,6.799,5.842,5.369,6.426
1708.03,27,6.475,7.051,5.874,4.606,6.15,6.22,5.45,6.221,7.064,3.512,6.311,6.18,6.069,6.898,6.794,6.32,7.063,6.317,6.768,5.868,5.334,6.39
1709.03,27,6.445,7.107,5.781,4.623,6.111,6.266,5.48,6.28,7.068,3.566,6.26,6.199,6.033,6.972,6.866,6.25,7.164,6.249,6.71,5.815,5.403,6.406
1710.03,27,6.538,7.107,5.822,4.672,6.15,6.281,5.5,6.238,7.074,3.532,6.225,6.215,6.054,6.95,6.802,6.298,7.089,6.294,6.765,5.886,5.339,6.439
1711.03,27,6.545,7.108,5.843,4.61,6.082,6.217,5.425,6.205,7.062,3.533,6.277,6.155,6.103,6.965,6.816,6.238,7.061,6.334,6.805,5.871,5.365,6.468
1712.03,27,6.513,7.026,5.827,4.697,6.15,6.271,5.502,6.276,7.07,3.574,6.252,6.217,6.044,6.966,6.837,6.334,7.112,6.289,6.741,5.851,5.354,6.35
1713.03,27,6.502,7.038,5.813,4.68,6.067,6.253,5.546,6.269,7.099,3.5,6.325,6.205,6.084,6.921,6.755,6.31,7.109,6.244,6.744,5.833,5.376,6.415
1714.03,27,6.398,7.093,5.805,4.606,6.114,6.179,5.478,6.24,7.011,3.561,6.32,6.243,6.039,6.931,6.902,6.296,7.077,6.22,6.766,5.896,5.38,6.416
1715.03,27,6.523,7.086,5.784,4.643,6.134,6.177,5.559,6.201,7.073,3.528,6.305,6.261,6.069,6.906,6.856,6.296,7.043,6.238,6.763,5.846,5.36,6.48
1716.03,27,6.445,7.06,5.866,4.626,6.152,6.267,5.529,6.317,7.07,3.547,6.324,6.273,6.07,6.956,6.802,6.266,7.093,6.284,6.707,5.838,5.378,6.424
1717.03,27,6.483,7.1,5.796,4.543,6.101,6.166,5.516,6.211,7.025,3.561,6.243,6.245,6.053,6.936,6.826,6.345,7.121,6.223,6.771,5.909,5.394,6.417
1718.03,27,6.491,7.059,5.803,4.606,6.194,6.174,5.516,6.25,7.002,3.5,6.303,6.245,6.099,6.978,6.811,6.291,7.08,6.209,6.803,5.867,5.319,6.431
1719.03,27,6.456,7.093,5.783,4.576,6.073,6.26,5.46,6.267,7.055,3.509,6.286,6.276,6.045,6.975,6.777,6.209,7.087,6.266,6.763,5.893,5.349,6.373
1720.03,27,6.437,7.056,5.763,4.572,6.194,6.136,5.563,6.217,6.974,3.517,6.303,6.236,6.058,6.959,6.831,6.292,7.162,6.298,6.75,5.806,5.394,6.451
1721.03,27,6.467,7.06,5.848,4.55,6.12,6.19,5.444,6.28,7.009,3.5,6.231,6.193,6.08,6.955,6.816,6.329,7.118,6.331,6.78,5.937,5.396,6.479
1722.03,27,6.48,7.109,5.802,4.564,6.076,6.223,5.417,6.172,7.019,3.501,6.279,6.257,6.062,6.924,6.804,6.37,7.126,6.309,6.761,5.803,5.3,6.444
1723.03,27,6.447,7.103,5.802,4.558,6.168,6.262,5.476,6.241,7.034,3.416,6.306,6.236,6.057,6.929,6.831,6.351,7.133,6.2,6.73,5.755,5.355,6.392
1724.03,27,6.476,7.076,5.818,4.541,6.067,6.161,5.534,6.269,7.078,3.52,6.247,6.228,6.054,6.941,6.803,6.268,7.068,6.245,6.722,5.839,5.429,6.428
1725.03,27,6.514,7.02,5.794,4.602,6.164,6.19,5.44,6.258,7.019,3.513,6.269,6.222,6.088,6.988,6.847,6.302,7.089,6.306,6.73,5.788,5.402,6.439
1726.03,27,6.425,7.122,5.771,4.545,6.14,6.211,5.472,6.177,7.058,3.443,6.279,6.303,6.078,6.948,6.886,6.321,7.06,6.217,6.714,5.753,5.417,6.447
1727.03,27,6.392,7.141,5.752,4.513,6.157,6.184,5.452,6.28,7.09,3.522,6.365,6.168,6.117,6.909,6.795,6.321,7.06,6.243,6.753,5.735,5.35,6.437
1728.03,27,6.45,7.042,5.843,4.637,6.131,6.181,5.419,6.217,6.982,3.427,6.274,6.224,6.12,6.894,6.829,6.345,7.073,6.273,6.73,5.796,5.373,6.437
1729.03,27,6.492,7.055,5.793,4.595,6.118,6.216,5.413,6.189,6.998,3.56,6.29,6.258,5.981,6.941,6.78,6.352,7.098,6.194,6.719,5.835,5.451,6.329
1730.03,27,6.478,7.093,5.842,4.542,6.153,6.214,5.42,6.174,7.046,3.401,6.316,6.176,6.024,6.975,6.827,6.351,7.06,6.262,6.706,5.848,5.377,6.415
1731.03,27,6.439,7.014,5.755,4.552,6.11,6.233,5.428,6.234,7.027,3.469,6.338,6.262,6.035,6.945,6.764,6.26,7.145,6.216,6.762,5.856,5.381,6.424
1732.03,27,6.472,7.048,5.78,4.499,6.08,6.207,5.444,6.263,7.078,3.461,6.29,6.231,5.994,6.947,6.82,6.349,7.167,6.243,6.759,5.811,5.401,6.377
1733.03,27,6.417,7.075,5.814,4.481,6.14,6.183,5.476,6.173,6.997,3.481,6.264,6.218,6.033,6.879,6.815,6.276,7.187,6.22,6.714,5.821,5.326,6.365
1734.03,27,6.446,7.025,5.762,4.566,6.15,6.149,5.557,6.226,6.983,3.491,6.33,6.284,6.015,6.894,6.747,6.24,7.12,6.188,6.677,5.814,5.359,6.373
1735.03,27,6.402,7.117,5.791,4.564,6.12,6.067,5.423,6.234,6.976,3.452,6.347,6.223,5.998,6.937,6.756,6.273,7.143,6.237,6.664,5.863,5.408,6.441
1736.03,27,6.475,7.114,5.753,4.523,6.11,6.188,5.484,6.152,7.027,3.457,6.315,6.217,6.051,6.865,6.803,6.287,7.122,6.246,6.712,5.779,5.308,6.437
1737.03,27,6.503,7.058,5.821,4.51,6.122,6.16,5.418,6.148,7.046,3.541,6.229,6.198,6.069,6.992,6.785,6.28,7.105,6.221,6.665,5.839,5.343,6.456
1738.03,27,6.371,7.018,5.78,4.521,6.175,6.172,5.388,6.194,7.034,3.47,6.323,6.29,5.996,6.912,6.781,6.304,7.177,6.195,6.725,5.83,5.397,6.418
1739.03,27,6.411,7.019,5.792,4.509,6.156,6.196,5.386,6.187,7.092,3.394,6.327,6.242,6.038,6.892,6.792,6.259,7.064,6.189,6.697,5.799,5.376,6.404
1740.03,27,6.408,7.001,5.819,4.543,6.103,6.127,5.421,6.147,7.077,3.449,6.289,6.174,5.98,6.976,6.832,6.305,7.133,6.182,6.694,5.845,5.393,6.391
1741.03,27,6.448,6.999,5.752,4.506,6.13,6.201,5.44,6.194,7.049,3.409,6.364,6.319,6.054,6.904,6.785,6.283,7.128,6.181,6.766,5.723,5.343,6.384
1742.03,27,6.432,7.036,5.697,4.515,6.125,6.164,5.407,6.205,6.994,3.447,6.317,6.228,6.047,6.923,6.788,6.295,7.149,6.236,6.681,5.882,5.34,6.416
1743.03,27,6.409,7.026,5.783,4.514,6.155,6.2,5.464,6.197,7.006,3.422,6.343,6.263,6.072,6.977,6.778,6.33,7.044,6.203,6.743,5.844,5.38,6.43
1744.03,27,6.422,6.976,5.795,4.533,6.142,6.262,5.414,6.161,6.999,3.393,6.275,6.252,6.05,6.844,6.793,6.376,7.095,6.256,6.686,5.842,5.337,6.408
1745.03,27,6.426,7.046,5.671,4.527,6.094,6.142,5.441,6.169,7.002,3.461,6.287,6.226,6.037,6.901,6.766,6.342,7.078,6.173,6.671,5.79,5.375,6.407
1746.03,27,6.459,7.065,5.711,4.473,6.109,6.092,5.443,6.197,7.026,3.389,6.278,6.261,6.015,6.926,6.745,6.284,7.05,6.27,6.748,5.794,5.348,6.409
1747.03,27,6.464,7.012,5.682,4.436,6.087,6.177,5.42,6.194,7.051,3.374,6.335,6.261,6.035,6.91,6.787,6.283,7.119,6.215,6.706,5.848,5.301,6.39
1748.03,27,6.39,7.051,5.72,4.51,6.114,6.141,5.471,6.153,7.009,3.386,6.285,6.298,6.027,6.86,6.825,6.277,7.155,6.213,6.677,5.851,5.402,6.39
1749.03,27,6.432,7,5.725,4.479,6.188,6.173,5.416,6.152,7.048,3.42,6.32,6.293,5.996,6.922,6.842,6.279,7.075,6.277,6.659,5.82,5.344,6.365
1750.03,27,6.405,7.009,5.728,4.401,6.147,6.156,5.329,6.136,7.03,3.35,6.33,6.245,6.029,6.952,6.751,6.351,7.052,6.156,6.634,5.822,5.324,6.425
1751.03,27,6.406,7.088,5.727,4.505,6.133,6.136,5.435,6.16,7.064,3.376,6.357,6.27,5.97,6.915,6.759,6.304,7.042,6.237,6.685,5.853,5.389,6.379
1752.03,27,6.454,7.019,5.72,4.483,6.178,6.149,5.388,6.069,7.037,3.334,6.244,6.302,5.957,6.915,6.817,6.381,7.148,6.189,6.744,5.836,5.295,6.365
1753.03,27,6.357,7.002,5.714,4.405,6.155,6.139,5.438,6.209,6.975,3.338,6.363,6.344,5.966,6.887,6.739,6.352,7.119,6.236,6.603,5.821,5.35,6.416
1754.03,27,6.438,7.005,5.732,4.53,6.106,6.144,5.412,6.136,7.069,3.405,6.296,6.264,5.939,6.92,6.809,6.28,7.099,6.293,6.699,5.814,5.36,6.355
1755.03,27,6.271,7.017,5.704,4.482,6.113,6.128,5.41,6.148,6.982,3.314,6.323,6.226,6.006,6.933,6.765,6.359,7.16,6.187,6.65,5.808,5.331,6.386
1756.03,27,6.432,6.921,5.713,4.487,6.134,6.142,5.414,6.091,7.024,3.311,6.321,6.241,5.973,6.917,6.806,6.252,7.122,6.198,6.728,5.842,5.35,6.417
1757.03,27,6.414,6.959,5.68,4.48,6.199,6.111,5.401,6.144,6.985,3.378,6.362,6.235,5.955,6.851,6.775,6.26,7.099,6.149,6.674,5.84,5.377,6.485
1758.03,27,6.361,7.01,5.74,4.475,6.156,6.158,5.4,6.164,6.97,3.408,6.315,6.259,6.031,6.888,6.744,6.308,7.121,6.219,6.726,5.847,5.383,6.409
1759.03,27,6.373,6.963,5.711,4.384,6.103,6.086,5.419,6.204,7.007,3.364,6.324,6.245,6.091,6.966,6.715,6.378,7.092,6.236,6.657,5.855,5.424,6.402
1760.03,27,6.368,7.023,5.662,4.451,6.174,6.116,5.388,6.094,6.961,3.302,6.367,6.263,5.96,6.913,6.777,6.268,7.159,6.187,6.686,5.791,5.325,6.431
1761.03,27,6.419,7.057,5.729,4.503,6.101,6.087,5.358,6.165,6.994,3.309,6.268,6.286,6.001,6.842,6.669,6.332,7.095,6.143,6.688,5.871,5.356,6.404
1762.03,27,6.339,6.91,5.734,4.436,6.034,6.169,5.38,6.168,7.022,3.341,6.311,6.277,5.917,6.83,6.787,6.439,7.084,6.148,6.668,5.849,5.4,6.43
1763.03,27,6.35,7.005,5.725,4.456,6.12,6.11,5.377,6.149,6.903,3.364,6.288,6.244,5.91,6.85,6.793,6.31,7.094,6.142,6.701,5.871,5.431,6.392
1764.03,27,6.412,6.955,5.639,4.496,6.145,6.134,5.397,6.161,7.035,3.357,6.399,6.271,5.967,6.879,6.739,6.296,7.113,6.196,6.707,5.852,5.437,6.405
1765.03,27,6.402,6.988,5.656,4.472,6.117,6.116,5.377,6.135,6.951,3.314,6.35,6.278,6.069,6.902,6.767,6.354,7.045,6.188,6.65,5.818,5.392,6.368
1766.03,27,6.382,6.911,5.752,4.48,6.076,6.134,5.393,6.112,6.975,3.337,6.325,6.262,5.98,6.951,6.796,6.334,7.176,6.191,6.636,5.794,5.421,6.488
1767.03,27,6.329,6.919,5.707,4.476,6.146,6.182,5.429,6.193,7.006,3.39,6.333,6.196,5.995,6.939,6.688,6.317,7.094,6.194,6.752,5.789,5.356,6.42
1768.03,27,6.323,7.034,5.693,4.442,6.144,6.152,5.43,6.146,6.991,3.263,6.31,6.244,6.006,6.907,6.757,6.273,7.069,6.195,6.653,5.824,5.414,6.438
1769.03,27,6.372,6.95,5.719,4.438,6.113,6.181,5.348,6.142,7.018,3.343,6.293,6.256,6.009,6.919,6.763,6.303,7.099,6.229,6.688,5.864,5.433,6.442
1770.03,27,6.369,6.986,5.707,4.416,6.11,6.097,5.362,6.149,7.051,3.277,6.314,6.285,5.968,6.895,6.792,6.306,7.111,6.123,6.696,5.868,5.386,6.414
1771.03,27,6.326,6.907,5.734,4.448,6.108,6.086,5.409,6.075,6.994,3.305,6.361,6.233,5.982,6.878,6.725,6.301,7.124,6.157,6.736,5.867,5.42,6.363
1772.03,27,6.41,6.943,5.695,4.41,6.114,6.176,5.432,6.119,6.969,3.311,6.311,6.248,5.938,6.877,6.703,6.341,7.103,6.137,6.608,5.813,5.339,6.431
1773.03,27,6.359,6.907,5.752,4.413,6.165,6.115,5.37,6.117,6.965,3.302,6.28,6.288,5.936,6.922,6.718,6.207,7.123,6.118,6.678,5.85,5.346,6.414
1774.03,27,6.331,6.908,5.691,4.447,6.14,6.107,5.407,6.116,7.02,3.295,6.362,6.311,5.911,6.834,6.758,6.39,7.095,6.125,6.693,5.887,5.375,6.406
1775.03,27,6.372,6.986,5.749,4.404,6.147,6.119,5.332,6.139,6.952,3.303,6.319,6.27,5.969,6.822,6.753,6.332,7.104,6.125,6.652,5.881,5.375,6.449
1776.03,27,6.295,6.967,5.72,4.478,6.06,6.107,5.377,6.205,7.01,3.408,6.386,6.282,5.971,6.837,6.67,6.31,7.109,6.14,6.583,5.803,5.353,6.366
1777.03,27,6.361,6.973,5.661,4.397,6.084,6.065,5.35,6.2,6.984,3.338,6.344,6.316,6.018,6.93,6.697,6.313,7.118,6.15,6.67,5.938,5.418,6.481
1778.03,27,6.41,7.014,5.664,4.403,6.082,6.131,5.408,6.064,6.987,3.299,6.341,6.278,6.004,6.854,6.746,6.29,7.164,6.165,6.716,5.877,5.424,6.433
1779.03,27,6.352,6.929,5.625,4.41,6.173,6.096,5.378,6.105,6.975,3.334,6.323,6.263,5.997,6.849,6.718,6.279,7.087,6.148,6.681,5.85,5.322,6.387
1780.03,27,6.338,6.87,5.735,4.411,6.07,6.161,5.29,6.021,7.026,3.259,6.378,6.253,5.892,6.841,6.703,6.378,7.09,6.16,6.661,5.872,5.439,6.398
1781.03,27,6.341,6.904,5.714,4.355,6.077,6.034,5.337,6.053,7.001,3.355,6.331,6.283,5.963,6.784,6.759,6.228,7.053,6.112,6.643,5.766,5.363,6.406
1782.03,27,6.373,6.906,5.657,4.375,6.151,6.085,5.326,6.053,6.963,3.343,6.313,6.322,5.943,6.842,6.706,6.319,7.087,6.118,6.601,5.951,5.439,6.433
1783.03,27,6.344,6.996,5.64,4.376,6.126,6.086,5.366,6.064,6.973,3.327,6.305,6.215,5.949,6.85,6.702,6.328,7.074,6.155,6.608,5.871,5.382,6.439
1784.03,27,6.381,6.928,5.634,4.43,6.131,6.079,5.298,6.028,6.999,3.369,6.334,6.264,5.941,6.911,6.696,6.276,7.134,6.169,6.614,5.856,5.352,6.419
1785.03,27,6.408,6.942,5.698,4.382,6.078,6.013,5.364,6.145,6.938,3.357,6.327,6.254,5.992,6.839,6.715,6.294,7.107,6.16,6.651,5.882,5.365,6.418
1786.03,27,6.321,6.906,5.712,4.353,6.16,6.088,5.337,6.087,6.948,3.379,6.302,6.249,5.956,6.835,6.711,6.312,7.104,6.15,6.615,5.82,5.366,6.421
1787.03,27,6.322,7.01,5.641,4.36,6.128,6.09,5.344,6.032,6.942,3.28,6.314,6.269,5.958,6.822,6.671,6.332,7.144,6.104,6.647,5.845,5.436,6.419
1788.03,27,6.351,6.946,5.615,4.425,6.105,6.096,5.306,6.076,6.953,3.289,6.386,6.234,5.936,6.873,6.792,6.333,7.096,6.186,6.583,5.917,5.353,6.468
1789.03,27,6.331,6.921,5.648,4.378,6.137,6.032,5.334,6.126,6.974,3.344,6.339,6.218,5.985,6.824,6.658,6.306,7.128,6.131,6.59,5.844,5.428,6.425
1790.03,27,6.325,6.936,5.621,4.336,6.088,5.99,5.317,6.065,6.981,3.385,6.269,6.226,5.911,6.836,6.663,6.367,7.099,6.154,6.554,5.842,5.381,6.475
1791.03,27,6.326,6.907,5.668,4.403,6.113,6.06,5.353,6.073,6.992,3.347,6.304,6.238,5.91,6.799,6.684,6.339,7.152,6.114,6.605,5.814,5.386,6.405
1792.03,27,6.304,6.933,5.747,4.377,6.16,6.128,5.264,6.093,6.913,3.335,6.316,6.283,5.939,6.834,6.723,6.326,7.11,6.111,6.663,5.899,5.356,6.382
1793.03,27,6.354,6.966,5.684,4.363,6.126,6.043,5.302,6.098,6.957,3.296,6.345,6.282,5.981,6.86,6.734,6.381,7.111,6.192,6.621,5.874,5.318,6.419
1794.03,27,6.302,6.934,5.634,4.367,6.158,6.094,5.333,6.08,7.009,3.288,6.298,6.26,5.939,6.908,6.736,6.345,7.049,6.172,6.675,5.842,5.405,6.441
1795.03,27,6.34,6.865,5.66,4.332,6.127,6.05,5.313,6.067,7.007,3.338,6.338,6.242,5.996,6.87,6.698,6.324,7.074,6.129,6.68,5.768,5.346,6.404
1796.03,27,6.383,6.881,5.638,4.325,6.121,6.046,5.288,6.026,7.029,3.347,6.312,6.292,5.893,6.889,6.733,6.235,7.158,6.097,6.629,5.868,5.382,6.379
1797.03,27,6.301,6.91,5.631,4.361,6.105,6.039,5.294,6.117,6.909,3.32,6.357,6.261,5.905,6.82,6.745,6.383,7.149,6.161,6.665,5.841,5.373,6.366
1798.03,27,6.343,6.893,5.626,4.345,6.161,6.088,5.36,6.091,7.011,3.374,6.322,6.271,5.919,6.795,6.742,6.321,7.106,6.086,6.698,5.878,5.364,6.433
1799.03,27,6.341,6.939,5.603,4.346,6.109,6.071,5.337,6.077,7.004,3.348,6.306,6.233,5.948,6.852,6.737,6.369,7.072,6.096,6.62,5.891,5.36,6.434
1800.03,27,6.325,6.885,5.673,4.407,6.137,6.051,5.378,6.068,6.945,3.316,6.303,6.283,5.829,6.851,6.723,6.322,7.118,6.095,6.609,5.799,5.359,6.407
1801.03,27,6.29,6.927,5.671,4.26,6.146,6.023,5.216,6.048,6.94,3.344,6.329,6.249,5.928,6.824,6.689,6.315,7.128,6.162,6.589,5.914,5.331,6.402
1802.03,27,6.294,6.896,5.639,4.312,6.094,6.045,5.299,6.056,6.948,3.326,6.333,6.214,5.869,6.815,6.699,6.385,7.166,6.116,6.617,5.907,5.359,6.466
1803.03,27,6.318,6.919,5.584,4.299,6.156,6.006,5.222,6.064,6.999,3.356,6.291,6.232,5.917,6.876,6.686,6.317,7.158,6.068,6.605,5.846,5.328,6.371
1804.03,27,6.325,6.893,5.59,4.337,6.12,6.055,5.285,6.037,6.957,3.407,6.327,6.253,5.953,6.869,6.734,6.311,7.08,6.111,6.642,5.885,5.337,6.376
1805.03,27,6.344,6.918,5.607,4.301,6.131,6.079,5.253,6.045,6.962,3.384,6.305,6.249,5.897,6.867,6.712,6.356,7.141,6.017,6.613,5.884,5.35,6.419
1806.03,27,6.325,6.882,5.578,4.31,6.175,6.036,5.278,6.053,6.936,3.283,6.319,6.294,5.949,6.863,6.692,6.301,7.152,6.093,6.549,5.859,5.342,6.404
1807.03,27,6.293,6.884,5.557,4.225,6.153,6.04,5.243,6.037,6.941,3.332,6.322,6.261,5.916,6.835,6.681,6.278,7.139,6.176,6.578,5.842,5.339,6.408
1808.03,27,6.307,6.898,5.626,4.257,6.119,6.015,5.293,6.071,6.939,3.332,6.335,6.261,5.859,6.792,6.722,6.362,7.062,6.104,6.586,5.915,5.434,6.43
1809.03,27,6.311,6.826,5.58,4.345,6.221,5.959,5.315,6.04,6.936,3.389,6.4,6.292,5.931,6.893,6.636,6.325,7.164,6.039,6.631,5.884,5.355,6.424
1810.03,27,6.353,6.89,5.546,4.35,6.066,6.001,5.335,6.034,7.013,3.358,6.361,6.31,5.913,6.805,6.722,6.262,7.119,6.063,6.595,5.887,5.402,6.431
1811.03,27,6.296,6.807,5.685,4.239,6.124,5.977,5.329,6.073,7.008,3.337,6.361,6.305,5.867,6.794,6.669,6.347,7.022,6.092,6.591,5.859,5.4,6.391
1812.03,27,6.272,6.792,5.574,4.256,6.143,6.031,5.312,6.12,7.006,3.409,6.322,6.285,5.923,6.802,6.69,6.315,7.155,6.098,6.662,5.9,5.369,6.41
1813.03,27,6.334,6.865,5.634,4.288,6.149,6.042,5.281,6.056,6.891,3.378,6.353,6.305,5.879,6.805,6.642,6.345,7.11,6.144,6.563,5.933,5.373,6.397
1814.03,27,6.295,6.822,5.547,4.262,6.111,5.997,5.328,6.057,6.95,3.376,6.326,6.329,5.93,6.815,6.601,6.317,7.137,6.086,6.658,5.895,5.342,6.445
1815.03,27,6.27,6.849,5.595,4.259,6.143,6.034,5.244,6.047,6.967,3.367,6.343,6.31,5.882,6.849,6.686,6.332,7.147,6.114,6.589,5.893,5.348,6.476
1816.03,27,6.31,6.881,5.588,4.291,6.143,6.02,5.222,6.033,6.943,3.421,6.307,6.206,5.935,6.82,6.679,6.379,7.122,6.078,6.604,5.836,5.344,6.478
1817.03,27,6.316,6.873,5.624,4.243,6.116,6,5.257,5.991,6.93,3.349,6.338,6.244,5.928,6.787,6.651,6.329,7.123,6.061,6.555,5.863,5.347,6.439
1818.03,27,6.31,6.821,5.582,4.256,6.151,6.03,5.311,6.032,6.946,3.391,6.326,6.291,5.909,6.838,6.781,6.279,7.115,6.095,6.533,5.862,5.388,6.45
1819.03,27,6.312,6.874,5.602,4.301,6.133,5.988,5.219,6.022,6.91,3.36,6.346,6.311,5.878,6.826,6.66,6.305,7.151,6.074,6.562,5.858,5.386,6.43
1820.03,27,6.394,6.823,5.566,4.252,6.146,6.075,5.268,6.052,6.913,3.399,6.306,6.268,5.9,6.78,6.618,6.309,7.079,6.09,6.543,5.855,5.382,6.43
1821.03,27,6.308,6.885,5.578,4.239,6.104,6.034,5.297,6.038,6.922,3.372,6.331,6.242,5.88,6.828,6.625,6.283,7.1,6.124,6.602,5.864,5.436,6.417
1822.03,27,6.246,6.831,5.58,4.274,6.129,6.057,5.197,6.026,6.965,3.36,6.309,6.292,5.865,6.838,6.717,6.352,7.176,6.079,6.588,5.891,5.366,6.445
1823.03,27,6.268,6.797,5.521,4.192,6.149,6.038,5.22,6.019,6.98,3.341,6.299,6.3,5.893,6.833,6.635,6.377,7.153,6,6.634,5.917,5.381,6.453
1824.03,27,6.248,6.803,5.604,4.211,6.166,5.967,5.262,6.076,6.9,3.361,6.376,6.349,5.824,6.801,6.683,6.324,7.119,6.07,6.592,5.95,5.374,6.45
1825.03,27,6.219,6.831,5.593,4.258,6.085,5.941,5.239,6.022,6.925,3.397,6.321,6.293,5.923,6.796,6.562,6.317,7.14,6.083,6.573,5.897,5.412,6.452
1826.03,27,6.309,6.855,5.658,4.274,6.133,5.932,5.222,6.059,6.945,3.339,6.344,6.295,5.807,6.829,6.661,6.313,7.119,6.066,6.519,5.977,5.38,6.427
1827.03,27,6.267,6.844,5.593,4.241,6.127,5.972,5.241,6.026,6.947,3.324,6.359,6.282,5.9,6.719,6.765,6.266,7.054,6.105,6.564,5.901,5.359,6.458
1828.03,27,6.289,6.776,5.511,4.171,6.122,5.994,5.279,6.03,6.916,3.338,6.3,6.262,5.871,6.812,6.661,6.345,7.141,6.122,6.523,5.846,5.394,6.396
1829.03,27,6.29,6.846,5.605,4.223,6.075,5.96,5.278,5.987,6.941,3.45,6.326,6.276,5.843,6.8,6.667,6.313,7.171,6.054,6.54,5.9,5.372,6.411
1830.03,27,6.302,6.773,5.561,4.213,6.155,5.984,5.271,5.971,6.967,3.352,6.316,6.251,5.957,6.759,6.643,6.303,7.118,6.106,6.541,5.903,5.401,6.401
1831.03,27,6.212,6.866,5.538,4.208,6.146,5.991,5.267,6.008,6.912,3.382,6.324,6.303,5.803,6.77,6.72,6.318,7.128,6.06,6.636,5.876,5.433,6.456
1832.03,27,6.278,6.783,5.578,4.294,6.153,5.938,5.263,5.965,6.906,3.331,6.361,6.306,5.862,6.837,6.621,6.298,7.108,6.059,6.52,5.838,5.407,6.4
1833.03,27,6.275,6.807,5.59,4.204,6.1,6.013,5.235,5.943,6.966,3.403,6.29,6.254,5.878,6.77,6.664,6.327,7.066,6.094,6.521,5.844,5.421,6.402
1834.03,27,6.235,6.815,5.563,4.217,6.081,5.859,5.24,5.996,6.879,3.311,6.346,6.311,5.847,6.747,6.626,6.285,7.153,6.031,6.525,5.827,5.345,6.477
1835.03,27,6.292,6.848,5.51,4.204,6.16,5.963,5.226,6.082,6.899,3.412,6.393,6.298,5.826,6.801,6.653,6.386,7.096,6.024,6.529,5.853,5.405,6.471
1836.03,27,6.246,6.818,5.557,4.225,6.189,6.015,5.232,6.01,6.964,3.32,6.271,6.318,5.852,6.774,6.591,6.327,7.112,5.986,6.521,5.868,5.35,6.476
1837.03,27,6.265,6.851,5.492,4.125,6.12,5.975,5.217,6.058,6.921,3.38,6.379,6.273,5.823,6.783,6.653,6.308,7.157,6.05,6.51,5.852,5.456,6.415
1838.03,27,6.245,6.793,5.531,4.24,6.062,5.967,5.172,5.972,6.909,3.298,6.365,6.211,5.84,6.802,6.629,6.289,7.133,6.091,6.605,5.885,5.325,6.409
1839.03,27,6.315,6.847,5.576,4.114,6.133,5.998,5.254,5.956,6.882,3.335,6.393,6.267,5.892,6.836,6.686,6.315,7.05,6.091,6.503,5.908,5.43,6.455
1840.03,27,6.219,6.786,5.53,4.192,6.127,5.948,5.165,6.063,6.89,3.401,6.397,6.324,5.885,6.76,6.622,6.43,7.105,5.975,6.572,5.839,5.401,6.422
1841.03,27,6.305,6.778,5.492,4.236,6.087,5.987,5.23,6.031,6.887,3.415,6.384,6.294,5.844,6.734,6.621,6.292,7.121,6.084,6.544,5.964,5.37,6.42
1842.03,27,6.253,6.816,5.542,4.211,6.153,5.974,5.199,5.987,6.946,3.367,6.363,6.236,5.848,6.8,6.616,6.342,7.058,6.068,6.594,5.87,5.412,6.472
1843.03,27,6.274,6.849,5.57,4.162,6.133,5.947,5.245,6.013,6.892,3.41,6.369,6.326,5.805,6.73,6.687,6.291,7.143,6.079,6.526,5.903,5.344,6.385
1844.03,27,6.232,6.822,5.504,4.199,6.134,5.968,5.186,5.975,6.888,3.314,6.294,6.215,5.844,6.748,6.656,6.384,7.105,5.986,6.508,5.856,5.32,6.4
1845.03,27,6.139,6.761,5.491,4.185,6.209,5.945,5.181,6.034,6.953,3.389,6.357,6.305,5.844,6.763,6.595,6.357,7.118,5.989,6.516,5.891,5.395,6.433
1846.03,27,6.274,6.773,5.52,4.123,6.172,5.939,5.183,6.021,6.915,3.348,6.36,6.262,5.816,6.762,6.578,6.392,7.134,6.032,6.5,5.926,5.41,6.402
1847.03,27,6.262,6.743,5.539,4.255,6.163,5.9,5.178,5.973,6.872,3.405,6.35,6.255,5.815,6.801,6.635,6.291,7.158,6.019,6.524,5.87,5.402,6.376
1848.03,27,6.188,6.852,5.565,4.169,6.085,5.956,5.263,5.971,6.965,3.328,6.354,6.273,5.758,6.722,6.598,6.321,7.157,6.051,6.463,5.912,5.413,6.434
1849.03,27,6.219,6.713,5.537,4.141,6.204,5.987,5.285,6.013,6.917,3.325,6.326,6.286,5.814,6.785,6.587,6.305,7.089,6.019,6.581,5.946,5.358,6.445
1850.03,27,6.157,6.792,5.541,4.147,6.13,5.963,5.179,5.97,6.846,3.38,6.314,6.272,5.873,6.746,6.599,6.35,7.147,6.061,6.496,5.902,5.366,6.359
1851.03,27,6.184,6.809,5.455,4.08,6.113,5.893,5.204,6.002,6.96,3.326,6.322,6.271,5.87,6.817,6.604,6.346,7.138,6.069,6.534,5.891,5.351,6.454
1852.03,27,6.186,6.787,5.496,4.104,6.098,5.944,5.181,5.985,6.885,3.396,6.355,6.264,5.891,6.731,6.648,6.315,7.111,5.979,6.58,5.882,5.42,6.475
1853.03,27,6.268,6.818,5.485,4.164,6.121,5.904,5.197,6.054,6.886,3.419,6.34,6.246,5.804,6.752,6.584,6.363,7.103,6.02,6.55,5.827,5.36,6.44
1854.03,27,6.281,6.769,5.529,4.14,6.09,5.9,5.167,5.959,6.923,3.352,6.278,6.293,5.815,6.763,6.577,6.321,7.176,6.03,6.578,5.892,5.382,6.476
1855.03,27,6.268,6.715,5.561,4.131,6.144,5.911,5.182,5.977,6.853,3.373,6.338,6.279,5.809,6.785,6.59,6.39,7.086,5.957,6.572,5.895,5.377,6.39
1856.03,27,6.158,6.785,5.45,4.053,6.058,5.915,5.14,5.951,6.872,3.36,6.38,6.232,5.789,6.772,6.675,6.36,7.14,6.088,6.529,5.871,5.401,6.395
1857.03,27,6.2,6.752,5.529,4.119,6.134,5.942,5.217,5.97,6.87,3.374,6.427,6.299,5.815,6.744,6.616,6.36,7.116,6.029,6.556,5.933,5.352,6.471
1858.03,27,6.199,6.764,5.551,4.146,6.053,5.985,5.184,5.894,6.881,3.414,6.32,6.25,5.78,6.798,6.637,6.326,7.105,6.037,6.491,5.894,5.307,6.385
1859.03,27,6.221,6.754,5.544,4.171,6.142,5.871,5.175,5.993,6.884,3.322,6.327,6.22,5.765,6.752,6.611,6.363,7.104,6.02,6.559,5.896,5.348,6.418
1860.03,27,6.173,6.813,5.543,4.068,6.117,5.93,5.226,5.986,6.896,3.397,6.339,6.306,5.757,6.715,6.557,6.37,7.124,6.049,6.491,5.913,5.374,6.357
1861.03,27,6.154,6.765,5.487,4.137,6.141,5.89,5.194,5.954,6.903,3.426,6.332,6.293,5.77,6.734,6.542,6.295,7.176,6.008,6.485,5.926,5.367,6.422
1862.03,27,6.138,6.712,5.521,4.059,6.156,5.915,5.143,5.943,6.82,3.33,6.387,6.274,5.789,6.697,6.546,6.356,7.197,6.112,6.48,5.928,5.4,6.39
1863.03,27,6.157,6.765,5.574,4.141,6.105,5.917,5.091,5.924,6.863,3.368,6.329,6.288,5.764,6.743,6.654,6.393,7.114,5.994,6.534,5.794,5.4,6.429
1864.03,27,6.191,6.741,5.489,4.091,6.153,5.944,5.164,5.953,6.927,3.36,6.322,6.29,5.836,6.789,6.615,6.316,7.138,5.942,6.495,5.943,5.413,6.478
1865.03,27,6.17,6.686,5.473,4.084,6.136,5.952,5.126,5.936,6.899,3.385,6.336,6.266,5.751,6.722,6.59,6.361,7.105,6.054,6.558,5.93,5.357,6.409
1866.03,27,6.187,6.793,5.453,4.108,6.084,5.921,5.121,5.984,6.911,3.377,6.365,6.306,5.738,6.731,6.603,6.281,7.189,6.034,6.475,5.949,5.412,6.445
1867.03,27,6.126,6.73,5.451,4.071,6.144,5.913,5.14,5.999,6.887,3.378,6.354,6.294,5.777,6.722,6.569,6.352,7.132,6.059,6.483,5.893,5.426,6.496
1868.03,27,6.193,6.733,5.529,4.163,6.156,5.893,5.112,5.969,6.858,3.386,6.395,6.327,5.8,6.733,6.558,6.363,7.113,6.027,6.518,5.924,5.375,6.415
1869.03,27,6.158,6.73,5.553,4.075,6.078,5.871,5.139,5.875,6.854,3.38,6.4,6.254,5.728,6.762,6.522,6.349,7.135,6.028,6.494,5.829,5.395,6.47
1870.03,27,6.189,6.687,5.54,4.078,6.123,5.936,5.135,5.998,6.96,3.44,6.324,6.311,5.797,6.706,6.561,6.357,7.074,5.998,6.532,5.878,5.352,6.478
1871.03,27,6.208,6.719,5.516,4.103,6.1,5.884,5.097,5.948,6.874,3.384,6.415,6.233,5.769,6.712,6.548,6.342,7.12,6.026,6.442,5.9,5.379,6.495
1872.03,27,6.193,6.721,5.464,4.012,6.122,5.866,5.155,5.987,6.861,3.355,6.313,6.3,5.785,6.706,6.547,6.289,7.147,5.988,6.522,5.923,5.405,6.405
1873.03,27,6.162,6.758,5.492,4.113,6.13,5.892,5.153,5.98,6.875,3.4,6.36,6.249,5.886,6.738,6.569,6.325,7.131,5.981,6.517,5.858,5.427,6.474
1874.03,27,6.166,6.712,5.457,4.113,6.152,5.88,5.158,5.978,6.899,3.403,6.358,6.278,5.793,6.742,6.611,6.363,7.134,6.093,6.494,5.875,5.368,6.404
1875.03,27,6.117,6.744,5.474,4.001,6.103,5.857,5.15,5.955,6.851,3.349,6.309,6.326,5.797,6.731,6.548,6.313,7.097,5.951,6.461,5.904,5.355,6.411
1876.03,27,6.154,6.672,5.512,4.109,6.087,5.839,5.153,5.957,6.88,3.42,6.342,6.264,5.726,6.654,6.53,6.403,7.154,5.942,6.466,5.836,5.432,6.401
1877.03,27,6.15,6.697,5.505,4.016,6.157,5.864,5.187,5.943,6.871,3.398,6.353,6.297,5.815,6.728,6.581,6.315,7.14,5.928,6.461,5.957,5.363,6.371
1878.03,27,6.165,6.686,5.447,4.092,6.152,5.841,5.123,5.927,6.905,3.318,6.314,6.311,5.766,6.759,6.554,6.366,7.114,5.98,6.484,5.906,5.386,6.388
1879.03,27,6.184,6.668,5.544,3.975,6.139,5.899,5.11,5.942,6.871,3.369,6.374,6.2,5.774,6.725,6.576,6.391,7.197,5.984,6.484,5.887,5.391,6.401
1880.03,27,6.216,6.7,5.429,4.031,6.141,5.8,5.121,5.931,6.907,3.326,6.377,6.343,5.791,6.704,6.539,6.3,7.161,5.954,6.568,5.936,5.404,6.473
1881.03,27,6.154,6.708,5.461,4.05,6.117,5.876,5.109,5.948,6.853,3.394,6.375,6.267,5.778,6.693,6.559,6.331,7.128,5.957,6.453,5.85,5.393,6.461
1882.03,27,6.19,6.744,5.444,4.044,6.063,5.873,5.089,5.927,6.875,3.374,6.375,6.309,5.762,6.715,6.532,6.414,7.168,5.981,6.464,5.931,5.388,6.441
1883.03,27,6.171,6.647,5.47,4.069,6.088,5.847,5.164,5.91,6.904,3.331,6.382,6.343,5.762,6.648,6.526,6.365,7.159,6.016,6.456,5.923,5.386,6.408
1884.03,27,6.155,6.701,5.461,4.075,6.078,5.934,5.124,5.909,6.877,3.39,6.384,6.266,5.823,6.62,6.583,6.355,7.132,5.925,6.429,5.867,5.323,6.492
1885.03,27,6.188,6.709,5.439,4.004,6.071,5.918,5.144,5.919,6.912,3.385,6.425,6.348,5.781,6.697,6.53,6.371,7.098,6.032,6.405,5.911,5.378,6.426
1886.03,27,6.134,6.674,5.462,4.027,6.11,5.924,5.099,5.958,6.855,3.34,6.364,6.315,5.774,6.696,6.585,6.315,7.158,5.976,6.567,5.902,5.433,6.406
1887.03,27,6.086,6.648,5.444,3.981,6.14,5.85,5.127,5.9,6.876,3.34,6.35,6.261,5.752,6.732,6.609,6.389,7.122,5.967,6.422,5.893,5.366,6.39
1888.03,27,6.118,6.662,5.426,4.007,6.14,5.793,5.018,5.986,6.863,3.424,6.283,6.314,5.728,6.64,6.488,6.325,7.139,5.969,6.479,5.933,5.393,6.408
1889.03,27,6.036,6.689,5.497,4.021,6.059,5.833,5.073,5.921,6.827,3.315,6.309,6.267,5.749,6.642,6.537,6.286,7.18,5.926,6.447,5.891,5.358,6.413
1890.03,27,6.126,6.687,5.51,4.031,6.084,5.844,5.143,5.916,6.879,3.386,6.329,6.283,5.715,6.698,6.534,6.316,7.256,5.957,6.456,5.932,5.399,6.422
1891.03,27,6.134,6.647,5.437,3.968,6.13,5.798,5.086,5.93,6.821,3.402,6.367,6.255,5.742,6.715,6.541,6.362,7.129,5.991,6.396,5.897,5.416,6.377
1892.03,27,6.071,6.763,5.408,4.025,6.169,5.856,5.153,5.852,6.908,3.376,6.358,6.254,5.77,6.68,6.599,6.341,7.136,5.965,6.443,5.874,5.394,6.406
1893.03,27,6.099,6.675,5.381,4.048,6.127,5.886,5.115,5.857,6.869,3.379,6.326,6.277,5.726,6.67,6.555,6.364,7.169,5.958,6.434,5.91,5.412,6.428
1894.03,27,6.143,6.678,5.34,4.052,6.146,5.843,5.173,5.841,6.814,3.409,6.397,6.295,5.684,6.616,6.48,6.312,7.083,5.93,6.482,5.832,5.402,6.509
1895.03,27,6.109,6.686,5.445,4.017,6.125,5.845,5.095,5.836,6.892,3.424,6.371,6.293,5.765,6.682,6.631,6.347,7.109,5.95,6.514,5.866,5.336,6.359
1896.03,27,6.087,6.734,5.368,3.992,6.091,5.814,5.069,5.901,6.857,3.302,6.307,6.291,5.758,6.663,6.541,6.305,7.169,5.931,6.435,5.922,5.365,6.393
1897.03,27,6.124,6.635,5.39,3.934,6.126,5.808,5.083,5.878,6.832,3.322,6.416,6.284,5.759,6.702,6.472,6.363,7.172,5.954,6.468,5.92,5.45,6.43
1898.03,27,6.094,6.721,5.373,4.037,6.06,5.819,5.086,5.901,6.858,3.452,6.341,6.248,5.684,6.715,6.529,6.334,7.14,5.91,6.438,5.892,5.412,6.463
1899.03,27,6.11,6.601,5.396,3.993,6.12,5.764,5.109,5.873,6.805,3.404,6.339,6.357,5.706,6.713,6.498,6.333,7.16,6.002,6.441,5.926,5.367,6.394
1900.03,27,6.14,6.665,5.426,3.958,6.092,5.879,5.101,5.89,6.891,3.395,6.356,6.242,5.636,6.775,6.532,6.394,7.128,5.956,6.433,5.902,5.323,6.458
1901.03,27,6.179,6.644,5.438,4.034,6.154,5.806,5.046,5.928,6.915,3.329,6.368,6.326,5.715,6.783,6.556,6.338,7.089,5.934,6.431,5.858,5.354,6.446
1902.03,27,6.108,6.721,5.424,3.933,6.122,5.833,5.054,5.864,6.928,3.291,6.363,6.275,5.781,6.589,6.532,6.334,7.223,5.91,6.455,5.864,5.39,6.45
1903.03,27,6.099,6.674,5.419,3.945,6.185,5.838,5.064,5.916,6.832,3.359,6.415,6.259,5.728,6.717,6.495,6.377,7.133,5.885,6.402,5.901,5.351,6.41
1904.03,27,6.124,6.717,5.394,3.982,6.151,5.862,5.112,5.924,6.852,3.438,6.391,6.299,5.719,6.669,6.475,6.307,7.182,5.936,6.427,5.892,5.483,6.414
1905.03,27,6.076,6.655,5.425,3.974,6.093,5.791,5.058,5.877,6.864,3.383,6.403,6.353,5.735,6.728,6.508,6.369,7.168,5.908,6.458,5.926,5.461,6.34
1906.03,27,6.118,6.7,5.379,3.946,6.105,5.847,5.07,5.928,6.883,3.412,6.415,6.279,5.684,6.642,6.494,6.385,7.155,5.908,6.443,5.935,5.394,6.405
1907.03,27,6.116,6.643,5.402,3.931,6.156,5.8,4.997,5.889,6.804,3.352,6.343,6.262,5.688,6.701,6.573,6.397,7.157,5.95,6.46,5.871,5.327,6.47
1908.03,27,6.063,6.63,5.435,3.971,6.15,5.813,5.06,5.858,6.837,3.388,6.369,6.316,5.719,6.653,6.563,6.372,7.075,5.931,6.438,5.871,5.374,6.414
1909.03,27,6.07,6.627,5.429,3.973,6.114,5.802,5.097,5.916,6.818,3.407,6.349,6.277,5.72,6.654,6.491,6.378,7.099,5.858,6.399,5.907,5.414,6.389
1910.03,27,6.1,6.594,5.416,3.97,6.107,5.854,5.053,5.863,6.79,3.333,6.255,6.278,5.748,6.715,6.504,6.274,7.103,5.896,6.414,5.972,5.351,6.434
1911.03,27,6.104,6.62,5.375,3.898,6.089,5.799,5.044,5.901,6.805,3.403,6.368,6.276,5.705,6.624,6.498,6.323,7.08,5.966,6.429,5.975,5.404,6.404
1912.03,27,6.142,6.656,5.298,3.935,6.139,5.837,5.019,5.838,6.806,3.352,6.318,6.231,5.703,6.691,6.539,6.334,7.202,5.905,6.431,5.926,5.384,6.417
1913.03,27,6.076,6.57,5.428,3.878,6.047,5.765,5.054,5.887,6.825,3.376,6.324,6.343,5.742,6.662,6.49,6.353,7.15,5.921,6.474,5.862,5.374,6.392
1914.03,27,6.075,6.608,5.453,3.859,6.189,5.77,5.024,5.786,6.806,3.391,6.353,6.321,5.744,6.637,6.477,6.308,7.142,5.898,6.383,5.949,5.387,6.448
1915.03,27,6.048,6.618,5.411,3.89,6.103,5.822,5.104,5.838,6.768,3.36,6.365,6.367,5.698,6.631,6.482,6.277,7.1,5.927,6.421,5.872,5.343,6.423
1916.03,27,6.081,6.65,5.35,3.868,6.141,5.801,5.007,5.852,6.86,3.404,6.369,6.286,5.765,6.656,6.548,6.381,7.153,5.881,6.408,5.877,5.341,6.486
1917.03,27,6.09,6.641,5.322,3.989,6.098,5.811,4.974,5.848,6.89,3.384,6.382,6.285,5.662,6.65,6.499,6.369,7.13,5.915,6.431,5.915,5.386,6.434
1918.03,27,6.057,6.63,5.374,3.928,6.152,5.734,5.067,5.86,6.875,3.344,6.38,6.255,5.668,6.679,6.523,6.32,7.166,5.972,6.45,5.938,5.385,6.35
1919.03,27,6.034,6.602,5.364,3.974,6.103,5.753,4.998,5.867,6.857,3.407,6.338,6.313,5.733,6.646,6.454,6.347,7.141,5.855,6.392,5.952,5.383,6.392
1920.03,27,6.028,6.606,5.361,3.864,6.188,5.783,5.102,5.839,6.875,3.41,6.365,6.332,5.678,6.715,6.506,6.258,7.173,5.892,6.394,5.95,5.389,6.398
1921.03,27,6.028,6.6,5.413,3.936,6.104,5.805,5.045,5.835,6.834,3.378,6.369,6.313,5.645,6.663,6.551,6.328,7.159,5.851,6.449,5.917,5.379,6.459
1922.03,27,6.102,6.59,5.36,3.923,6.125,5.745,5.124,5.992,6.85,3.34,6.326,6.292,5.706,6.641,6.469,6.335,7.124,5.873,6.366,5.863,5.394,6.441
1923.03,27,6.093,6.569,5.299,3.895,6.138,5.768,5.064,5.869,6.832,3.427,6.303,6.306,5.716,6.621,6.478,6.38,7.172,5.888,6.367,5.895,5.333,6.394
1924.03,27,6.048,6.589,5.342,3.938,6.106,5.82,5.022,5.861,6.849,3.427,6.34,6.318,5.736,6.662,6.508,6.344,7.122,5.896,6.41,5.889,5.364,6.393
1925.03,27,6.007,6.619,5.359,3.881,6.076,5.761,5.022,5.802,6.815,3.377,6.351,6.251,5.601,6.739,6.455,6.388,7.109,5.847,6.381,5.903,5.408,6.431
1926.03,27,6.107,6.654,5.407,3.839,6.103,5.78,5.027,5.799,6.778,3.382,6.407,6.312,5.673,6.689,6.457,6.313,7.157,5.857,6.325,5.896,5.368,6.352
1927.03,27,6.035,6.595,5.283,3.938,6.171,5.723,4.995,5.852,6.814,3.425,6.339,6.332,5.668,6.634,6.482,6.311,7.196,5.928,6.407,5.874,5.412,6.385
1928.03,27,6.012,6.58,5.338,3.93,6.111,5.753,5.015,5.798,6.821,3.372,6.395,6.325,5.644,6.633,6.47,6.376,7.149,5.962,6.38,5.936,5.446,6.416
1929.03,27,6.015,6.618,5.368,3.902,6.08,5.712,5.041,5.879,6.87,3.35,6.419,6.282,5.717,6.61,6.478,6.385,7.131,5.868,6.323,5.958,5.397,6.411
1930.03,27,6.078,6.565,5.312,3.881,6.149,5.788,5.052,5.828,6.829,3.397,6.307,6.304,5.638,6.713,6.467,6.407,7.128,5.883,6.392,5.996,5.354,6.392
1931.03,27,6.098,6.645,5.339,3.854,6.136,5.741,5.038,5.807,6.757,3.472,6.41,6.354,5.661,6.638,6.45,6.348,7.079,5.855,6.411,5.921,5.361,6.454
1932.03,27,6.078,6.587,5.32,3.873,6.15,5.698,5.004,5.852,6.842,3.415,6.337,6.358,5.658,6.617,6.527,6.347,7.129,5.895,6.335,5.882,5.382,6.387
1933.03,27,6.036,6.552,5.357,3.849,6.105,5.763,5.025,5.82,6.901,3.358,6.33,6.266,5.636,6.605,6.438,6.393,7.082,5.894,6.377,5.974,5.397,6.405
1934.03,27,6.068,6.587,5.302,3.885,6.108,5.775,4.976,5.826,6.835,3.421,6.325,6.293,5.654,6.712,6.495,6.381,7.187,5.891,6.336,5.916,5.392,6.39
1935.03,27,6.061,6.612,5.325,3.932,6.077,5.741,5.018,5.785,6.796,3.37,6.396,6.264,5.648,6.649,6.436,6.412,7.141,5.89,6.358,5.899,5.454,6.424
1936.03,27,6.011,6.556,5.336,3.846,6.162,5.735,4.986,5.796,6.758,3.425,6.386,6.329,5.656,6.641,6.431,6.298,7.202,5.883,6.493,5.931,5.429,6.413
1937.03,27,6.007,6.639,5.361,3.934,6.131,5.696,5.026,5.785,6.777,3.38,6.355,6.345,5.712,6.597,6.469,6.381,7.089,5.89,6.385,5.942,5.399,6.41
1938.03,27,6.026,6.554,5.332,3.861,6.137,5.701,4.995,5.752,6.786,3.408,6.433,6.3,5.652,6.594,6.461,6.382,7.123,5.867,6.375,5.926,5.294,6.423
1939.03,27,6.052,6.581,5.326,3.84,6.149,5.696,4.978,5.782,6.791,3.395,6.392,6.273,5.716,6.573,6.487,6.372,7.106,5.849,6.333,5.966,5.354,6.498
1940.03,27,6.074,6.539,5.307,3.841,6.106,5.764,4.925,5.744,6.777,3.344,6.417,6.281,5.649,6.665,6.397,6.359,7.134,5.897,6.388,5.944,5.385,6.425
1941.03,27,6.034,6.55,5.304,3.824,6.173,5.73,5.011,5.799,6.842,3.425,6.274,6.291,5.694,6.651,6.472,6.389,7.119,5.861,6.417,5.944,5.37,6.406
1942.03,27,6.04,6.52,5.282,3.797,6.171,5.753,4.983,5.784,6.831,3.401,6.33,6.31,5.657,6.699,6.399,6.375,7.212,5.818,6.375,5.952,5.352,6.44
1943.03,27,5.99,6.527,5.268,3.806,6.162,5.724,4.974,5.815,6.803,3.448,6.36,6.334,5.615,6.577,6.417,6.298,7.191,5.845,6.314,5.884,5.397,6.502
1944.03,27,6.026,6.56,5.364,3.775,6.148,5.718,5.009,5.833,6.769,3.343,6.338,6.315,5.641,6.647,6.461,6.316,7.162,5.87,6.444,5.93,5.392,6.442
1945.03,27,5.997,6.509,5.307,3.767,6.084,5.726,4.953,5.802,6.747,3.402,6.322,6.308,5.639,6.559,6.401,6.298,7.137,5.928,6.335,5.935,5.394,6.352
1946.03,27,5.932,6.599,5.322,3.836,6.11,5.692,4.952,5.761,6.833,3.412,6.341,6.289,5.701,6.562,6.439,6.334,7.165,5.851,6.347,5.946,5.381,6.412
1947.03,27,5.963,6.589,5.297,3.805,6.179,5.746,4.991,5.745,6.764,3.371,6.343,6.285,5.627,6.678,6.473,6.342,7.202,5.819,6.389,5.937,5.393,6.455
1948.03,27,5.996,6.563,5.317,3.807,6.077,5.66,4.927,5.781,6.807,3.402,6.415,6.295,5.593,6.529,6.42,6.352,7.078,5.841,6.346,5.968,5.385,6.452
1949.03,27,5.987,6.561,5.258,3.76,6.175,5.736,4.949,5.827,6.755,3.374,6.45,6.248,5.635,6.634,6.474,6.344,7.113,5.79,6.319,5.878,5.379,6.426
1950.03,27,5.981,6.55,5.283,3.797,6.135,5.704,4.96,5.744,6.786,3.382,6.328,6.339,5.723,6.629,6.426,6.356,7.164,5.893,6.362,5.914,5.29,6.477
1951.03,27,5.985,6.537,5.307,3.769,6.117,5.758,4.939,5.719,6.762,3.317,6.386,6.311,5.614,6.593,6.428,6.331,7.1,5.807,6.462,5.887,5.349,6.445
1952.03,27,6.051,6.517,5.304,3.797,6.137,5.676,4.968,5.794,6.849,3.377,6.359,6.316,5.623,6.628,6.424,6.329,7.193,5.799,6.359,5.927,5.442,6.48
1953.03,27,5.968,6.519,5.306,3.827,6.146,5.718,4.912,5.768,6.8,3.358,6.415,6.309,5.699,6.554,6.429,6.316,7.127,5.858,6.302,5.975,5.351,6.418
1954.03,27,6.025,6.511,5.246,3.8,6.131,5.684,4.942,5.705,6.808,3.431,6.378,6.265,5.579,6.625,6.429,6.373,7.098,5.868,6.37,5.921,5.362,6.511
1955.03,27,6.027,6.526,5.297,3.795,6.167,5.646,4.972,5.772,6.785,3.443,6.37,6.271,5.619,6.613,6.394,6.365,7.187,5.887,6.329,5.883,5.415,6.393
1956.03,27,5.987,6.582,5.268,3.78,6.187,5.724,4.958,5.732,6.841,3.426,6.343,6.338,5.607,6.671,6.388,6.305,7.113,5.88,6.282,5.919,5.349,6.422
1957.03,27,6.017,6.495,5.317,3.874,6.112,5.716,4.946,5.848,6.791,3.394,6.347,6.326,5.631,6.62,6.374,6.371,7.211,5.775,6.367,5.923,5.37,6.456
1958.03,27,6.006,6.481,5.234,3.724,6.096,5.665,4.874,5.78,6.856,3.429,6.31,6.329,5.63,6.55,6.433,6.337,7.166,5.929,6.363,5.951,5.415,6.411
1959.03,27,5.976,6.516,5.288,3.689,6.118,5.643,4.894,5.767,6.862,3.43,6.457,6.335,5.627,6.621,6.489,6.397,7.131,5.808,6.353,5.926,5.305,6.469
1960.03,27,5.99,6.528,5.265,3.813,6.075,5.617,4.897,5.82,6.828,3.43,6.384,6.316,5.627,6.555,6.391,6.307,7.153,5.791,6.268,6,5.414,6.45
1961.03,27,6.003,6.498,5.19,3.699,6.093,5.675,4.952,5.773,6.769,3.447,6.412,6.359,5.605,6.575,6.419,6.379,7.119,5.856,6.286,5.945,5.324,6.442
1962.03,27,6.03,6.554,5.293,3.747,6.102,5.737,4.901,5.745,6.805,3.433,6.341,6.346,5.61,6.625,6.369,6.371,7.11,5.858,6.392,5.913,5.398,6.427
1963.03,27,6.043,6.501,5.226,3.738,6.131,5.728,4.941,5.781,6.784,3.38,6.404,6.356,5.618,6.524,6.391,6.326,7.166,5.784,6.366,5.957,5.374,6.42
1964.03,27,5.973,6.482,5.207,3.785,6.156,5.667,4.952,5.75,6.768,3.355,6.364,6.348,5.564,6.603,6.37,6.321,7.105,5.847,6.314,5.94,5.316,6.436
1965.03,27,5.948,6.514,5.318,3.715,6.163,5.651,4.934,5.713,6.795,3.4,6.355,6.305,5.57,6.555,6.38,6.299,7.09,5.883,6.391,5.896,5.298,6.413
1966.03,27,5.994,6.509,5.288,3.707,6.16,5.712,4.989,5.708,6.767,3.37,6.376,6.28,5.616,6.628,6.385,6.398,7.088,5.837,6.353,5.936,5.391,6.425
1967.03,27,5.97,6.54,5.328,3.704,6.122,5.744,4.917,5.746,6.764,3.411,6.377,6.282,5.636,6.54,6.374,6.41,7.147,5.771,6.392,5.992,5.429,6.512
1968.03,27,5.895,6.53,5.212,3.721,6.151,5.759,4.925,5.788,6.741,3.394,6.37,6.303,5.63,6.599,6.427,6.422,7.168,5.866,6.346,5.951,5.365,6.427
1969.03,27,5.956,6.479,5.204,3.726,6.112,5.72,4.891,5.715,6.753,3.357,6.36,6.302,5.561,6.571,6.412,6.357,7.156,5.79,6.307,5.91,5.338,6.435
1970.03,27,5.941,6.495,5.286,3.777,6.137,5.723,4.942,5.712,6.714,3.331,6.333,6.356,5.571,6.537,6.39,6.349,7.166,5.828,6.291,5.913,5.368,6.468
1971.03,27,5.961,6.535,5.232,3.702,6.089,5.78,4.954,5.781,6.763,3.341,6.402,6.366,5.569,6.552,6.388,6.345,7.151,5.805,6.337,5.952,5.383,6.484
1972.03,27,5.973,6.553,5.272,3.712,6.048,5.714,4.928,5.698,6.69,3.329,6.376,6.355,5.576,6.562,6.396,6.362,7.12,5.802,6.262,5.997,5.412,6.434
1973.03,27,6.009,6.533,5.188,3.742,6.054,5.719,4.896,5.752,6.793,3.341,6.44,6.308,5.597,6.557,6.396,6.317,7.196,5.834,6.338,5.895,5.376,6.374
1974.03,27,5.979,6.484,5.215,3.681,6.113,5.644,4.904,5.719,6.718,3.358,6.368,6.345,5.569,6.573,6.398,6.425,7.155,5.779,6.287,5.932,5.459,6.415
1975.03,27,5.89,6.53,5.224,3.693,6.079,5.721,4.952,5.703,6.713,3.437,6.354,6.373,5.492,6.591,6.431,6.393,7.147,5.805,6.336,5.911,5.362,6.427
1976.03,27,5.967,6.448,5.207,3.721,6.025,5.653,4.906,5.715,6.782,3.452,6.362,6.329,5.601,6.647,6.452,6.398,7.199,5.769,6.305,5.943,5.37,6.443
1977.03,27,5.916,6.508,5.261,3.714,6.163,5.711,4.936,5.652,6.701,3.383,6.399,6.303,5.495,6.564,6.384,6.36,7.155,5.832,6.318,5.939,5.389,6.391
1978.03,27,5.978,6.487,5.17,3.752,6.079,5.725,4.941,5.731,6.747,3.387,6.455,6.347,5.544,6.566,6.398,6.376,7.155,5.84,6.352,5.904,5.398,6.403
1979.03,27,5.945,6.426,5.194,3.706,6.193,5.713,4.906,5.665,6.709,3.364,6.409,6.378,5.558,6.56,6.412,6.428,7.113,5.8,6.254,5.953,5.359,6.414
1980.03,27,5.919,6.458,5.23,3.706,6.171,5.722,4.89,5.771,6.81,3.428,6.361,6.295,5.581,6.558,6.395,6.378,7.174,5.728,6.259,5.961,5.416,6.451
1981.03,27,5.963,6.42,5.242,3.704,6.123,5.695,4.892,5.756,6.772,3.347,6.384,6.299,5.535,6.545,6.338,6.336,7.086,5.832,6.335,5.9,5.461,6.345
1982.03,27,5.936,6.438,5.157,3.662,6.122,5.64,4.886,5.752,6.761,3.456,6.357,6.256,5.525,6.539,6.389,6.298,7.122,5.79,6.3,5.871,5.376,6.446
1983.03,27,5.971,6.475,5.209,3.695,6.179,5.707,4.816,5.727,6.764,3.408,6.42,6.261,5.582,6.529,6.3,6.345,7.139,5.768,6.279,5.998,5.372,6.345
1984.03,27,5.927,6.392,5.228,3.717,6.111,5.753,4.914,5.769,6.714,3.427,6.326,6.362,5.532,6.591,6.408,6.406,7.213,5.792,6.313,5.927,5.373,6.417
1985.03,27,5.919,6.49,5.225,3.696,6.173,5.713,4.908,5.683,6.761,3.451,6.367,6.323,5.575,6.588,6.385,6.395,7.08,5.783,6.313,5.913,5.435,6.415
1986.03,27,5.93,6.425,5.21,3.727,6.151,5.716,4.891,5.723,6.736,3.453,6.342,6.356,5.566,6.538,6.391,6.339,7.156,5.803,6.283,5.952,5.45,6.372
1987.03,27,5.887,6.484,5.29,3.645,6.132,5.731,4.828,5.749,6.731,3.324,6.387,6.331,5.499,6.561,6.421,6.347,7.185,5.756,6.316,5.885,5.335,6.466
1988.03,27,5.928,6.505,5.191,3.691,6.11,5.671,4.861,5.689,6.713,3.335,6.38,6.277,5.543,6.584,6.349,6.372,7.212,5.754,6.228,5.938,5.326,6.468
1989.03,27,5.983,6.494,5.191,3.694,6.09,5.69,4.871,5.705,6.669,3.412,6.43,6.303,5.593,6.536,6.404,6.447,7.186,5.817,6.34,5.87,5.359,6.431
1990.03,27,5.914,6.413,5.142,3.625,6.117,5.749,4.886,5.725,6.739,3.384,6.401,6.303,5.574,6.536,6.395,6.414,7.167,5.777,6.231,5.844,5.376,6.471
1991.03,27,5.93,6.452,5.252,3.639,6.116,5.698,4.877,5.729,6.793,3.395,6.338,6.36,5.557,6.441,6.318,6.387,7.125,5.734,6.233,5.923,5.332,6.45
1992.03,27,5.86,6.362,5.192,3.619,6.061,5.773,4.847,5.676,6.771,3.36,6.39,6.299,5.492,6.478,6.323,6.363,7.166,5.793,6.252,5.889,5.442,6.428
1993.03,27,5.936,6.494,5.178,3.615,6.139,5.725,4.886,5.703,6.743,3.437,6.406,6.254,5.575,6.558,6.251,6.406,7.207,5.683,6.27,5.907,5.371,6.471
1994.03,27,5.971,6.464,5.195,3.665,6.132,5.734,4.793,5.643,6.728,3.4,6.455,6.324,5.534,6.542,6.335,6.327,7.182,5.754,6.249,5.872,5.327,6.432
1995.03,27,5.901,6.438,5.176,3.6,6.14,5.717,4.859,5.65,6.677,3.322,6.376,6.334,5.542,6.532,6.346,6.421,7.167,5.768,6.239,5.936,5.352,6.414
1996.03,27,5.95,6.458,5.218,3.573,6.128,5.793,4.885,5.72,6.746,3.434,6.411,6.264,5.61,6.562,6.297,6.411,7.144,5.743,6.21,5.946,5.391,6.435
1997.03,27,5.919,6.448,5.152,3.642,6.061,5.751,4.873,5.659,6.713,3.382,6.419,6.317,5.518,6.536,6.384,6.414,7.162,5.767,6.244,5.941,5.393,6.423
1998.03,27,5.946,6.424,5.174,3.619,6.155,5.741,4.862,5.644,6.7,3.343,6.33,6.308,5.506,6.504,6.349,6.321,7.16,5.759,6.218,5.9,5.42,6.39
1999.03,27,5.882,6.426,5.176,3.589,6.156,5.737,4.915,5.672,6.764,3.406,6.337,6.26,5.492,6.496,6.341,6.354,7.158,5.8,6.28,5.907,5.375,6.37
2000.03,27,5.87,6.431,5.215,3.646,6.087,5.731,4.855,5.631,6.704,3.396,6.402,6.367,5.539,6.497,6.341,6.36,7.112,5.743,6.336,5.905,5.447,6.432
2001.03,27,5.903,6.417,5.196,3.58,6.08,5.698,4.869,5.717,6.657,3.462,6.406,6.326,5.538,6.439,6.402,6.353,7.09,5.763,6.304,5.966,5.344,6.435
2002.03,27,5.82,6.434,5.172,3.63,6.16,5.653,4.853,5.732,6.745,3.361,6.363,6.348,5.464,6.522,6.361,6.441,7.195,5.739,6.28,5.936,5.444,6.401
2003.03,27,5.908,6.383,5.156,3.648,6.103,5.705,4.801,5.622,6.732,3.357,6.413,6.275,5.5,6.531,6.426,6.371,7.129,5.7,6.298,5.99,5.351,6.39
2004.03,27,5.945,6.372,5.149,3.638,6.119,5.76,4.843,5.74,6.721,3.403,6.366,6.277,5.509,6.581,6.321,6.371,7.156,5.767,6.216,5.969,5.397,6.445
2005.03,27,5.842,6.433,5.209,3.538,6.121,5.729,4.888,5.679,6.759,3.438,6.483,6.295,5.529,6.487,6.436,6.317,7.189,5.727,6.228,5.927,5.369,6.37
2006.03,27,5.884,6.362,5.197,3.594,6.183,5.713,4.809,5.708,6.762,3.428,6.378,6.283,5.606,6.539,6.341,6.361,7.135,5.758,6.227,5.934,5.309,6.442
2007.03,27,5.87,6.433,5.14,3.6,6.071,5.799,4.814,5.636,6.688,3.385,6.352,6.364,5.483,6.519,6.332,6.32,7.153,5.8,6.219,5.924,5.393,6.418
2008.03,27,5.959,6.435,5.172,3.528,6.095,5.71,4.767,5.647,6.686,3.395,6.33,6.306,5.552,6.49,6.33,6.352,7.156,5.723,6.265,5.939,5.357,6.458
2009.03,27,5.864,6.371,5.15,3.628,6.104,5.739,4.828,5.714,6.741,3.482,6.422,6.361,5.496,6.499,6.353,6.366,7.169,5.734,6.175,5.93,5.37,6.351
2010.03,27,5.865,6.378,5.151,3.584,6.119,5.705,4.78,5.667,6.699,3.439,6.432,6.306,5.534,6.527,6.323,6.339,7.131,5.77,6.245,5.916,5.394,6.435
2011.03,27,5.885,6.344,5.112,3.495,6.117,5.746,4.852,5.655,6.649,3.369,6.387,6.276,5.513,6.47,6.33,6.383,7.185,5.764,6.268,5.937,5.403,6.41
2012.03,27,5.893,6.403,5.096,3.577,6.19,5.725,4.804,5.66,6.712,3.32,6.419,6.277,5.481,6.485,6.339,6.407,7.215,5.758,6.229,5.947,5.391,6.409
2013.03,27,5.886,6.421,5.101,3.629,6.128,5.737,4.781,5.642,6.688,3.426,6.358,6.357,5.462,6.506,6.373,6.399,7.141,5.754,6.265,5.963,5.379,6.409
2014.03,27,5.851,6.419,5.095,3.624,6.168,5.765,4.805,5.582,6.686,3.37,6.422,6.299,5.494,6.555,6.345,6.397,7.145,5.721,6.232,5.976,5.38,6.479
2015.03,27,5.862,6.349,5.14,3.602,6.127,5.72,4.802,5.628,6.703,3.343,6.42,6.307,5.525,6.514,6.253,6.38,7.173,5.714,6.209,5.975,5.354,6.418
2016.03,27,5.85,6.372,5.172,3.563,6.088,5.691,4.802,5.675,6.765,3.367,6.33,6.353,5.511,6.504,6.375,6.388,7.151,5.753,6.232,5.885,5.378,6.456
2017.03,27,5.808,6.385,5.168,3.464,6.155,5.73,4.791,5.691,6.685,3.358,6.419,6.33,5.511,6.495,6.283,6.393,7.152,5.675,6.158,5.893,5.412,6.392
2018.03,27,5.872,6.409,5.08,3.546,6.192,5.733,4.752,5.658,6.669,3.382,6.349,6.304,5.494,6.44,6.294,6.337,7.186,5.667,6.22,5.907,5.433,6.457
2019.03,27,5.862,6.351,5.05,3.572,6.113,5.744,4.855,5.609,6.714,3.462,6.374,6.3,5.55,6.505,6.347,6.339,7.203,5.732,6.259,5.893,5.436,6.391
2020.03,27,5.856,6.394,5.167,3.552,6.154,5.748,4.763,5.599,6.744,3.392,6.397,6.301,5.501,6.468,6.313,6.365,7.158,5.722,6.203,5.959,5.41,6.438
2021.03,27,5.802,6.411,5.022,3.513,6.147,5.744,4.799,5.633,6.68,3.406,6.337,6.273,5.437,6.526,6.364,6.377,7.137,5.696,6.239,5.923,5.387,6.428
2022.03,27,5.797,6.336,5.073,3.503,6.114,5.745,4.809,5.586,6.716,3.347,6.454,6.305,5.431,6.461,6.311,6.384,7.186,5.713,6.234,5.936,5.433,6.372
2023.03,27,5.853,6.378,5.144,3.587,6.086,5.787,4.802,5.606,6.625,3.4,6.391,6.313,5.476,6.425,6.316,6.296,7.163,5.767,6.265,5.904,5.36,6.393
2024.03,27,5.818,6.36,5.113,3.526,6.076,5.725,4.833,5.638,6.659,3.471,6.353,6.281,5.416,6.471,6.318,6.317,7.154,5.702,6.172,5.955,5.386,6.428
2025.03,27,5.809,6.406,5.099,3.585,6.157,5.702,4.826,5.695,6.7,3.34,6.376,6.355,5.504,6.484,6.309,6.398,7.162,5.698,6.185,5.892,5.381,6.439
2026.03,27,5.837,6.38,5.077,3.546,6.144,5.768,4.755,5.582,6.698,3.398,6.409,6.328,5.424,6.434,6.321,6.313,7.12,5.701,6.239,5.935,5.359,6.402
2027.03,27,5.79,6.374,5.097,3.535,6.119,5.752,4.75,5.634,6.64,3.452,6.403,6.363,5.461,6.451,6.322,6.371,7.137,5.748,6.218,5.88,5.392,6.48
2028.03,27,5.816,6.339,5.106,3.509,6.15,5.698,4.769,5.602,6.716,3.388,6.381,6.313,5.501,6.499,6.308,6.386,7.195,5.712,6.22,5.95,5.427,6.445
2029.03,27,5.88,6.424,4.993,3.6,6.079,5.729,4.755,5.567,6.685,3.315,6.426,6.311,5.458,6.501,6.228,6.371,7.129,5.732,6.176,5.922,5.474,6.497
2030.03,27,5.86,6.36,5.032,3.504,6.131,5.702,4.86,5.547,6.676,3.405,6.36,6.383,5.484,6.5,6.281,6.328,7.132,5.703,6.186,5.972,5.401,6.367
2031.03,27,5.816,6.342,5.109,3.519,6.178,5.778,4.783,5.651,6.694,3.395,6.405,6.272,5.457,6.483,6.253,6.339,7.135,5.705,6.225,5.976,5.351,6.36
2032.03,27,5.841,6.4,5.08,3.451,6.091,5.676,4.751,5.619,6.669,3.408,6.409,6.333,5.409,6.516,6.244,6.336,7.176,5.647,6.192,5.952,5.423,6.498
2033.03,27,5.834,6.41,5.057,3.492,6.095,5.673,4.735,5.652,6.672,3.373,6.377,6.329,5.453,6.493,6.248,6.35,7.186,5.701,6.148,5.949,5.328,6.447
2034.03,27,5.833,6.327,5.057,3.419,6.083,5.781,4.798,5.623,6.681,3.411,6.408,6.293,5.476,6.476,6.304,6.39,7.188,5.681,6.204,5.995,5.37,6.45
2035.03,27,5.813,6.356,5.01,3.491,6.149,5.75,4.792,5.65,6.751,3.426,6.358,6.362,5.375,6.516,6.283,6.42,7.135,5.693,6.183,5.968,5.325,6.435
2036.03,27,5.795,6.319,5.078,3.489,6.156,5.722,4.792,5.628,6.638,3.405,6.322,6.291,5.474,6.44,6.303,6.346,7.163,5.74,6.222,5.96,5.422,6.42
2037.03,27,5.807,6.356,5.045,3.506,6.113,5.76,4.756,5.637,6.695,3.412,6.374,6.314,5.474,6.428,6.324,6.418,7.206,5.741,6.206,5.975,5.358,6.488
2038.03,27,5.775,6.283,5.013,3.514,6.1,5.709,4.728,5.569,6.64,3.402,6.441,6.329,5.461,6.455,6.335,6.341,7.116,5.718,6.184,5.898,5.433,6.402
2039.03,27,5.828,6.358,5.08,3.519,6.191,5.767,4.759,5.652,6.636,3.42,6.397,6.306,5.48,6.428,6.342,6.383,7.213,5.646,6.169,5.966,5.375,6.429
2040.03,27,5.822,6.353,5.029,3.402,6.153,5.722,4.791,5.577,6.651,3.445,6.352,6.347,5.456,6.429,6.226,6.34,7.13,5.71,6.175,5.937,5.416,6.469
2041.03,27,5.854,6.323,5.017,3.471,6.125,5.775,4.746,5.632,6.632,3.361,6.455,6.284,5.434,6.405,6.28,6.418,7.146,5.659,6.171,5.894,5.363,6.395
2042.03,27,5.762,6.317,4.996,3.486,6.137,5.761,4.755,5.634,6.66,3.432,6.406,6.296,5.406,6.416,6.304,6.375,7.142,5.711,6.146,5.929,5.336,6.464
2043.03,27,5.784,6.262,5.085,3.498,6.099,5.745,4.703,5.569,6.704,3.435,6.391,6.341,5.409,6.426,6.224,6.367,7.149,5.701,6.227,5.969,5.376,6.477
2044.03,27,5.757,6.291,5.018,3.482,6.08,5.75,4.777,5.576,6.658,3.387,6.401,6.324,5.484,6.384,6.284,6.402,7.15,5.655,6.133,5.949,5.346,6.382
2045.03,27,5.764,6.252,5.032,3.499,6.127,5.774,4.751,5.609,6.643,3.376,6.315,6.342,5.461,6.396,6.229,6.416,7.138,5.639,6.16,5.947,5.453,6.363
2046.03,27,5.78,6.309,5.056,3.429,6.14,5.722,4.762,5.567,6.643,3.368,6.373,6.296,5.436,6.478,6.216,6.371,7.206,5.664,6.192,5.971,5.4,6.388
2047.03,27,5.777,6.266,5.018,3.49,6.152,5.71,4.699,5.593,6.616,3.414,6.454,6.329,5.397,6.509,6.276,6.398,7.147,5.625,6.217,6.01,5.394,6.405
2048.03,27,5.744,6.275,4.983,3.473,6.177,5.742,4.693,5.541,6.68,3.379,6.406,6.323,5.509,6.485,6.252,6.441,7.133,5.703,6.203,5.905,5.393,6.414
2049.03,27,5.771,6.282,5.118,3.432,6.149,5.731,4.756,5.588,6.698,3.376,6.359,6.344,5.402,6.454,6.273,6.375,7.141,5.644,6.17,5.961,5.417,6.442
2050.03,27,5.78,6.321,4.987,3.491,6.105,5.74,4.7,5.614,6.657,3.37,6.338,6.309,5.438,6.436,6.247,6.313,7.197,5.663,6.126,5.982,5.35,6.416
2051.03,27,5.838,6.282,5.004,3.386,6.137,5.715,4.763,5.586,6.666,3.385,6.385,6.357,5.405,6.442,6.249,6.375,7.175,5.584,6.144,6.019,5.48,6.401
2052.03,27,5.77,6.272,5.022,3.525,6.145,5.784,4.749,5.552,6.643,3.426,6.324,6.311,5.409,6.506,6.223,6.247,7.159,5.672,6.13,5.995,5.378,6.411
2053.03,27,5.835,6.318,5.004,3.442,6.1,5.705,4.749,5.55,6.721,3.427,6.394,6.295,5.388,6.492,6.269,6.381,7.132,5.633,6.158,5.886,5.424,6.46
2054.03,27,5.812,6.249,5.017,3.425,6.13,5.763,4.666,5.564,6.649,3.405,6.342,6.349,5.406,6.412,6.217,6.387,7.134,5.594,6.143,5.899,5.356,6.439
2055.03,27,5.809,6.29,5.03,3.494,6.158,5.779,4.748,5.553,6.684,3.431,6.447,6.381,5.486,6.405,6.257,6.377,7.115,5.692,6.148,5.948,5.402,6.407
2056.03,27,5.802,6.243,5.016,3.431,6.077,5.713,4.686,5.551,6.687,3.364,6.372,6.37,5.405,6.448,6.229,6.355,7.155,5.632,6.182,5.958,5.372,6.441
2057.03,27,5.774,6.296,5.042,3.352,6.136,5.728,4.741,5.581,6.632,3.443,6.39,6.308,5.43,6.358,6.265,6.416,7.184,5.711,6.149,5.931,5.391,6.456
2058.03,27,5.85,6.276,5.057,3.424,6.103,5.724,4.652,5.569,6.604,3.436,6.384,6.332,5.425,6.364,6.233,6.425,7.125,5.686,6.14,5.94,5.368,6.399
2059.03,27,5.739,6.262,5.039,3.403,6.103,5.768,4.706,5.555,6.665,3.401,6.366,6.268,5.365,6.452,6.225,6.342,7.185,5.664,6.179,5.964,5.369,6.446
2060.03,27,5.658,6.256,5.029,3.435,6.197,5.738,4.646,5.541,6.64,3.351,6.393,6.284,5.473,6.425,6.234,6.348,7.181,5.654,6.169,5.948,5.407,6.39
2061.03,27,5.728,6.266,4.967,3.454,6.143,5.69,4.694,5.557,6.637,3.409,6.457,6.329,5.346,6.429,6.231,6.398,7.099,5.635,6.149,5.869,5.429,6.411
2062.03,27,5.729,6.28,5.036,3.293,6.113,5.768,4.725,5.576,6.6,3.349,6.431,6.311,5.425,6.433,6.245,6.32,7.161,5.61,6.159,5.955,5.405,6.449
2063.03,27,5.723,6.255,4.949,3.375,6.172,5.72,4.76,5.55,6.628,3.36,6.453,6.333,5.371,6.419,6.244,6.38,7.207,5.608,6.174,5.918,5.391,6.417
2064.03,27,5.755,6.201,5.048,3.382,6.167,5.721,4.691,5.515,6.635,3.424,6.361,6.34,5.351,6.393,6.174,6.359,7.1,5.605,6.183,6.044,5.37,6.421
2065.03,27,5.813,6.227,4.954,3.402,6.172,5.793,4.63,5.511,6.624,3.332,6.367,6.293,5.389,6.355,6.262,6.372,7.141,5.713,6.131,5.968,5.394,6.434
2066.03,27,5.771,6.26,4.987,3.341,6.138,5.695,4.693,5.549,6.696,3.39,6.413,6.332,5.378,6.334,6.264,6.378,7.156,5.621,6.083,5.957,5.33,6.426
2067.03,27,5.688,6.272,5.003,3.354,6.21,5.778,4.677,5.54,6.638,3.374,6.36,6.329,5.328,6.335,6.257,6.417,7.121,5.636,6.099,5.957,5.415,6.452
2068.03,27,5.734,6.276,4.993,3.365,6.084,5.752,4.67,5.535,6.7,3.405,6.404,6.323,5.415,6.462,6.238,6.358,7.175,5.595,6.127,5.843,5.421,6.42
2069.03,27,5.749,6.263,4.996,3.418,6.153,5.808,4.633,5.532,6.672,3.375,6.406,6.382,5.415,6.428,6.227,6.321,7.127,5.658,6.139,5.93,5.393,6.373
2070.03,27,5.749,6.215,4.954,3.389,6.201,5.755,4.61,5.554,6.596,3.47,6.433,6.387,5.332,6.39,6.228,6.429,7.109,5.611,6.192,5.922,5.371,6.392
2071.03,27,5.738,6.332,5.008,3.423,6.119,5.739,4.662,5.54,6.636,3.384,6.375,6.32,5.412,6.461,6.157,6.326,7.158,5.652,6.074,5.988,5.379,6.428
2072.03,27,5.775,6.235,4.932,3.402,6.138,5.774,4.644,5.536,6.678,3.427,6.41,6.373,5.394,6.389,6.219,6.329,7.157,5.638,6.142,5.991,5.411,6.363
2073.03,27,5.772,6.236,4.909,3.327,6.162,5.758,4.673,5.481,6.663,3.399,6.409,6.301,5.382,6.455,6.262,6.335,7.174,5.629,6.134,5.985,5.33,6.375
2074.03,27,5.731,6.284,5.024,3.33,6.088,5.707,4.685,5.462,6.664,3.391,6.409,6.315,5.374,6.397,6.206,6.354,7.154,5.606,6.141,5.982,5.37,6.361
2075.03,27,5.715,6.162,4.977,3.313,6.113,5.769,4.685,5.55,6.628,3.429,6.453,6.311,5.373,6.378,6.221,6.324,7.167,5.657,6.122,5.927,5.39,6.423
2076.03,27,5.793,6.196,5.009,3.368,6.104,5.771,4.647,5.482,6.649,3.392,6.43,6.397,5.435,6.35,6.196,6.362,7.162,5.599,6.156,6.001,5.322,6.512
2077.03,27,5.76,6.229,4.899,3.353,6.126,5.708,4.645,5.483,6.589,3.357,6.395,6.271,5.377,6.371,6.211,6.313,7.124,5.631,6.152,5.921,5.31,6.428
2078.03,27,5.663,6.226,4.962,3.352,6.14,5.722,4.675,5.47,6.551,3.427,6.422,6.323,5.356,6.441,6.259,6.379,7.167,5.608,6.155,5.89,5.38,6.481
2079.03,27,5.758,6.233,4.946,3.318,6.142,5.704,4.636,5.515,6.554,3.438,6.436,6.313,5.396,6.394,6.178,6.378,7.192,5.664,6.105,5.926,5.372,6.46
2080.03,27,5.708,6.236,4.997,3.331,6.101,5.785,4.737,5.487,6.643,3.396,6.374,6.331,5.359,6.353,6.218,6.379,7.201,5.6,6.11,5.968,5.333,6.406
2081.03,27,5.735,6.216,4.956,3.334,6.091,5.812,4.634,5.491,6.579,3.371,6.423,6.341,5.435,6.415,6.194,6.387,7.096,5.559,6.06,5.924,5.413,6.436
2082.03,27,5.733,6.17,4.939,3.335,6.114,5.752,4.587,5.549,6.616,3.425,6.407,6.34,5.296,6.405,6.238,6.378,7.133,5.662,6.15,5.922,5.442,6.405
2083.03,27,5.722,6.248,4.967,3.357,6.155,5.79,4.678,5.496,6.631,3.394,6.354,6.313,5.371,6.33,6.196,6.342,7.166,5.671,6.116,5.974,5.377,6.43
2084.03,27,5.695,6.23,4.925,3.311,6.174,5.828,4.635,5.411,6.599,3.388,6.359,6.285,5.436,6.369,6.194,6.356,7.182,5.6,6.153,5.952,5.402,6.43
2085.03,27,5.748,6.238,4.97,3.286,6.141,5.727,4.612,5.449,6.642,3.461,6.386,6.359,5.317,6.357,6.195,6.326,7.235,5.608,6.141,5.952,5.412,6.439
2086.03,27,5.731,6.209,4.924,3.252,6.134,5.781,4.634,5.516,6.69,3.433,6.405,6.336,5.347,6.394,6.21,6.349,7.12,5.587,6.139,5.99,5.384,6.4
2087.03,27,5.72,6.208,5.031,3.349,6.075,5.772,4.595,5.438,6.62,3.399,6.408,6.297,5.381,6.381,6.142,6.37,7.203,5.606,6.094,5.99,5.362,6.413
2088.03,27,5.674,6.219,4.977,3.274,6.142,5.751,4.634,5.468,6.6,3.413,6.353,6.292,5.379,6.356,6.167,6.354,7.162,5.651,6.027,5.941,5.358,6.424
2089.03,27,5.732,6.209,4.936,3.315,6.139,5.775,4.591,5.467,6.636,3.402,6.351,6.322,5.349,6.354,6.176,6.372,7.189,5.626,6.063,5.998,5.418,6.452
2090.03,27,5.693,6.184,4.884,3.276,6.063,5.739,4.623,5.506,6.553,3.388,6.386,6.404,5.351,6.343,6.154,6.363,7.206,5.633,6.095,5.947,5.395,6.447
2091.03,27,5.678,6.233,4.895,3.307,6.151,5.8,4.626,5.504,6.599,3.368,6.331,6.305,5.305,6.399,6.153,6.365,7.131,5.558,6.074,5.987,5.35,6.391
2092.03,27,5.738,6.133,4.89,3.277,6.199,5.813,4.637,5.389,6.589,3.401,6.411,6.337,5.319,6.336,6.186,6.317,7.131,5.548,6.047,5.96,5.351,6.459
2093.03,27,5.7,6.141,4.903,3.285,6.138,5.754,4.614,5.472,6.591,3.451,6.382,6.29,5.247,6.353,6.226,6.415,7.175,5.613,6.13,5.938,5.403,6.42
2094.03,27,5.712,6.122,4.923,3.241,6.108,5.756,4.669,5.499,6.534,3.451,6.372,6.245,5.391,6.364,6.136,6.414,7.225,5.575,6.087,5.921,5.422,6.424
2095.03,27,5.647,6.201,4.94,3.277,6.099,5.738,4.662,5.506,6.657,3.409,6.371,6.345,5.374,6.373,6.125,6.379,7.138,5.567,6.057,5.982,5.373,6.406
2096.03,27,5.703,6.194,4.942,3.274,6.129,5.756,4.571,5.416,6.603,3.418,6.441,6.358,5.342,6.353,6.207,6.408,7.196,5.588,6.066,5.914,5.389,6.394
2097.03,27,5.697,6.165,4.854,3.282,6.178,5.735,4.576,5.407,6.623,3.394,6.422,6.331,5.292,6.372,6.165,6.365,7.165,5.583,6.042,5.941,5.357,6.387
2098.03,27,5.676,6.145,4.834,3.208,6.154,5.785,4.602,5.479,6.588,3.46,6.357,6.29,5.343,6.372,6.215,6.42,7.159,5.563,6.016,5.942,5.378,6.4
2099.03,27,5.666,6.172,4.894,3.294,6.129,5.812,4.623,5.437,6.564,3.472,6.488,6.344,5.333,6.303,6.111,6.35,7.182,5.576,6.17,6.014,5.332,6.393
2100.03,27,5.661,6.145,4.905,3.303,6.155,5.833,4.636,5.52,6.632,3.348,6.403,6.323,5.234,6.345,6.109,6.386,7.108,5.627,6.051,5.929,5.37,6.409
2101.03,27,5.713,6.129,4.937,3.23,6.075,5.77,4.577,5.435,6.602,3.401,6.389,6.344,5.277,6.374,6.123,6.368,7.154,5.535,6.039,5.909,5.37,6.436
2102.03,27,5.727,6.135,4.902,3.238,6.063,5.75,4.599,5.432,6.641,3.452,6.395,6.276,5.288,6.344,6.132,6.379,7.213,5.57,6.088,5.997,5.399,6.38
2103.03,27,5.707,6.15,4.926,3.25,6.094,5.714,4.548,5.392,6.574,3.401,6.418,6.241,5.299,6.356,6.129,6.324,7.199,5.597,6.054,5.979,5.39,6.386
2104.03,27,5.653,6.147,4.864,3.227,6.147,5.77,4.539,5.443,6.593,3.457,6.368,6.357,5.283,6.309,6.124,6.358,7.135,5.575,6.079,5.942,5.338,6.395
2105.03,27,5.645,6.165,4.843,3.256,6.065,5.79,4.55,5.398,6.653,3.46,6.45,6.387,5.248,6.314,6.178,6.406,7.156,5.53,6.041,5.916,5.305,6.416
2106.03,27,5.688,6.138,4.881,3.265,6.119,5.765,4.671,5.466,6.533,3.375,6.402,6.378,5.242,6.349,6.151,6.386,7.181,5.509,5.979,6.009,5.284,6.455
2107.03,27,5.689,6.162,4.934,3.235,6.166,5.74,4.546,5.436,6.593,3.39,6.365,6.282,5.301,6.335,6.147,6.374,7.229,5.597,6.095,5.893,5.414,6.435
2108.03,27,5.711,6.17,4.936,3.265,6.131,5.733,4.594,5.416,6.632,3.39,6.39,6.36,5.318,6.311,6.13,6.434,7.157,5.597,6.039,5.945,5.341,6.493
2109.03,27,5.649,6.146,4.862,3.231,6.13,5.823,4.642,5.402,6.606,3.331,6.424,6.406,5.341,6.281,6.179,6.429,7.114,5.544,6.083,5.946,5.383,6.466
2110.03,27,5.678,6.187,4.841,3.26,6.224,5.74,4.535,5.356,6.571,3.432,6.378,6.373,5.246,6.296,6.195,6.408,7.221,5.548,6.057,5.922,5.408,6.404
2111.03,27,5.666,6.146,4.897,3.134,6.094,5.794,4.527,5.368,6.573,3.415,6.401,6.425,5.33,6.277,6.129,6.371,7.141,5.498,6.04,5.945,5.327,6.393
2112.03,27,5.642,6.155,4.887,3.215,6.102,5.782,4.551,5.455,6.55,3.397,6.333,6.363,5.265,6.367,6.091,6.402,7.183,5.527,6.062,6,5.344,6.406
2113.03,27,5.649,6.128,4.858,3.125,6.085,5.85,4.577,5.441,6.545,3.413,6.385,6.381,5.279,6.292,6.14,6.407,7.105,5.523,6.023,5.944,5.33,6.415
2114.03,27,5.674,6.172,4.876,3.213,6.175,5.788,4.524,5.384,6.53,3.399,6.398,6.338,5.351,6.322,6.083,6.36,7.089,5.504,6.065,6.023,5.348,6.443
2115.03,27,5.635,6.106,4.837,3.172,6.166,5.774,4.561,5.376,6.585,3.437,6.415,6.349,5.238,6.308,6.094,6.417,7.211,5.56,6.097,5.934,5.352,6.412
2116.03,27,5.597,6.102,4.922,3.214,6.145,5.775,4.599,5.428,6.551,3.389,6.438,6.368,5.23,6.282,6.129,6.38,7.224,5.58,6.056,5.975,5.403,6.433
2117.03,27,5.629,6.06,4.867,3.181,6.132,5.777,4.538,5.406,6.64,3.464,6.427,6.35,5.322,6.328,6.151,6.432,7.112,5.545,6.052,5.982,5.366,6.405
2118.03,27,5.713,6.15,4.834,3.184,6.128,5.869,4.59,5.408,6.552,3.472,6.324,6.357,5.298,6.323,6.151,6.44,7.154,5.569,5.944,6.025,5.388,6.407
2119.03,27,5.685,6.122,4.866,3.161,6.077,5.84,4.545,5.423,6.578,3.451,6.43,6.37,5.27,6.258,6.137,6.396,7.157,5.546,5.963,6.042,5.341,6.386
2120.03,27,5.637,6.11,4.883,3.144,6.118,5.718,4.564,5.355,6.561,3.429,6.378,6.295,5.245,6.275,6.055,6.344,7.135,5.534,6.018,5.956,5.394,6.459
2121.03,27,5.605,6.013,4.848,3.149,6.062,5.814,4.489,5.418,6.596,3.398,6.448,6.302,5.313,6.274,6.089,6.361,7.169,5.533,6.025,5.99,5.342,6.46
2122.03,27,5.605,6.094,4.923,3.223,6.109,5.796,4.483,5.402,6.555,3.44,6.424,6.339,5.304,6.312,6.096,6.347,7.163,5.526,5.999,5.993,5.433,6.426
2123.03,27,5.614,6.094,4.871,3.173,6.149,5.793,4.615,5.405,6.562,3.354,6.42,6.266,5.342,6.249,6.122,6.339,7.224,5.571,6.047,6.006,5.312,6.464
2124.03,27,5.564,6.047,4.855,3.106,6.18,5.762,4.506,5.371,6.578,3.362,6.345,6.321,5.172,6.335,6.121,6.355,7.188,5.51,5.967,5.966,5.407,6.505
2125.03,27,5.633,6.092,4.817,3.138,6.131,5.723,4.576,5.483,6.593,3.401,6.427,6.358,5.229,6.314,6.042,6.413,7.105,5.492,5.953,6.008,5.381,6.417
2126.03,27,5.566,6.11,4.841,3.152,6.117,5.846,4.563,5.433,6.547,3.45,6.407,6.283,5.267,6.306,6.064,6.37,7.127,5.469,5.992,6.006,5.397,6.439
2127.03,27,5.568,6.092,4.858,3.153,6.128,5.806,4.566,5.361,6.481,3.391,6.371,6.363,5.231,6.303,6.117,6.356,7.159,5.559,6.027,6.02,5.383,6.459
2128.03,27,5.63,6.132,4.769,3.1,6.085,5.732,4.537,5.366,6.529,3.403,6.403,6.346,5.252,6.321,6.122,6.397,7.148,5.482,5.995,5.989,5.401,6.39
2129.03,27,5.673,5.999,4.838,3.163,6.171,5.812,4.471,5.427,6.581,3.389,6.373,6.299,5.262,6.3,6.11,6.359,7.151,5.518,6.017,6.001,5.389,6.379
2130.03,27,5.593,6.079,4.779,3.103,6.124,5.856,4.474,5.415,6.508,3.459,6.404,6.367,5.289,6.24,6.112,6.326,7.138,5.523,6.007,5.956,5.393,6.466
2131.03,27,5.58,6.083,4.8,3.198,6.1,5.717,4.557,5.402,6.553,3.4,6.371,6.348,5.225,6.307,6.113,6.397,7.132,5.584,6.049,5.968,5.361,6.374
2132.03,27,5.59,6.025,4.783,3.126,6.097,5.783,4.516,5.388,6.522,3.36,6.426,6.273,5.202,6.256,6.107,6.401,7.158,5.471,6.032,5.982,5.418,6.37
2133.03,27,5.559,6.115,4.848,3.083,6.153,5.784,4.538,5.434,6.558,3.419,6.404,6.353,5.245,6.28,6.042,6.415,7.131,5.522,6.043,5.912,5.428,6.386
2134.03,27,5.587,6.102,4.768,3.046,6.157,5.784,4.464,5.356,6.615,3.444,6.392,6.292,5.182,6.215,6.061,6.352,7.145,5.522,6.07,5.908,5.41,6.427
2135.03,27,5.619,6.116,4.807,3.147,6.178,5.78,4.517,5.305,6.507,3.413,6.382,6.274,5.201,6.236,6.112,6.385,7.198,5.456,6.021,5.964,5.422,6.491
2136.03,27,5.56,6.094,4.782,3.095,6.158,5.763,4.475,5.444,6.511,3.492,6.471,6.271,5.207,6.285,6.129,6.37,7.155,5.518,6.05,5.944,5.406,6.388
2137.03,27,5.615,6.096,4.818,3.156,6.162,5.761,4.523,5.372,6.533,3.406,6.356,6.347,5.264,6.314,6.089,6.331,7.163,5.449,6.017,6.04,5.402,6.459
2138.03,27,5.621,6.06,4.792,3.114,6.149,5.838,4.534,5.398,6.556,3.47,6.454,6.312,5.271,6.241,6.09,6.338,7.149,5.442,6.015,5.948,5.446,6.45
2139.03,27,5.537,6.078,4.8,3.057,6.153,5.759,4.502,5.35,6.527,3.368,6.459,6.297,5.183,6.253,6.134,6.375,7.179,5.489,5.995,5.969,5.347,6.395
2140.03,27,5.626,6.034,4.789,3.062,6.165,5.826,4.505,5.373,6.563,3.503,6.418,6.277,5.216,6.308,6.06,6.318,7.19,5.511,6,5.96,5.44,6.425
2141.03,27,5.543,6.036,4.758,3.054,6.18,5.766,4.491,5.37,6.585,3.376,6.381,6.317,5.259,6.21,5.969,6.4,7.139,5.501,5.932,5.985,5.334,6.446
2142.03,27,5.608,6.133,4.786,3.096,6.191,5.778,4.502,5.34,6.522,3.414,6.432,6.341,5.194,6.263,5.963,6.412,7.167,5.544,5.933,5.92,5.31,6.452
2143.03,27,5.556,6.009,4.773,3.038,6.16,5.776,4.493,5.385,6.515,3.445,6.399,6.343,5.248,6.275,6.055,6.403,7.167,5.439,6.077,5.933,5.371,6.45
2144.03,27,5.583,6.028,4.809,3.045,6.105,5.832,4.487,5.31,6.564,3.451,6.481,6.285,5.216,6.228,6.041,6.375,7.114,5.506,5.971,5.957,5.395,6.439
2145.03,27,5.551,6.064,4.79,3.078,6.106,5.773,4.495,5.285,6.512,3.402,6.377,6.307,5.223,6.302,6.052,6.398,7.126,5.535,5.941,5.998,5.348,6.472
2146.03,27,5.624,5.991,4.746,3.056,6.133,5.798,4.493,5.292,6.566,3.378,6.367,6.386,5.247,6.301,6.027,6.381,7.154,5.473,6.003,5.905,5.415,6.383
2147.03,27,5.494,6.067,4.755,3.099,6.089,5.832,4.432,5.317,6.505,3.451,6.428,6.374,5.201,6.22,6.081,6.381,7.131,5.525,5.915,6.009,5.369,6.462
2148.03,27,5.557,6.001,4.79,3.09,6.095,5.781,4.465,5.355,6.575,3.382,6.368,6.409,5.22,6.22,6.087,6.368,7.134,5.517,5.953,5.961,5.413,6.382
2149.03,27,5.579,6.055,4.814,3.095,6.135,5.771,4.47,5.305,6.484,3.376,6.418,6.311,5.184,6.297,6.027,6.384,7.168,5.513,5.986,6.012,5.371,6.445
2150.03,27,5.566,6.038,4.807,3.038,6.1,5.807,4.457,5.329,6.519,3.467,6.395,6.342,5.191,6.265,6.05,6.377,7.168,5.495,5.944,5.946,5.393,6.37
2151.03,27,5.609,6.025,4.768,3.114,6.136,5.76,4.506,5.28,6.574,3.398,6.445,6.334,5.174,6.246,6.035,6.328,7.134,5.45,5.978,5.997,5.368,6.425
2152.03,27,5.538,6.059,4.787,3.009,6.111,5.734,4.412,5.362,6.489,3.452,6.452,6.265,5.186,6.227,6.052,6.4,7.133,5.477,5.927,6.004,5.385,6.393
2153.03,27,5.557,6.01,4.74,3.075,6.107,5.748,4.447,5.327,6.545,3.45,6.409,6.309,5.251,6.291,6.064,6.343,7.094,5.505,5.941,5.989,5.349,6.447
2154.03,27,5.525,6.045,4.809,3.056,6.096,5.823,4.43,5.295,6.502,3.399,6.372,6.305,5.193,6.231,6.021,6.397,7.137,5.442,6.004,5.974,5.395,6.432
2155.03,27,5.5,5.979,4.752,3.056,6.138,5.782,4.39,5.277,6.532,3.407,6.46,6.35,5.255,6.212,5.998,6.412,7.145,5.526,5.955,5.958,5.397,6.344
2156.03,27,5.487,6.001,4.722,3.037,6.054,5.788,4.491,5.322,6.501,3.402,6.464,6.342,5.151,6.248,6.039,6.385,7.149,5.495,5.915,5.942,5.37,6.379
2157.03,27,5.501,6.027,4.81,3.035,6.222,5.805,4.431,5.264,6.557,3.413,6.375,6.297,5.214,6.254,6.078,6.399,7.167,5.434,5.97,5.917,5.429,6.476
2158.03,27,5.548,5.991,4.739,3.001,6.129,5.794,4.423,5.24,6.502,3.433,6.399,6.317,5.198,6.235,6.096,6.356,7.138,5.492,5.941,5.928,5.408,6.388
2159.03,27,5.526,5.988,4.757,3.031,6.165,5.815,4.365,5.296,6.446,3.372,6.4,6.311,5.191,6.243,6.089,6.393,7.177,5.503,5.976,6.006,5.346,6.446
2160.03,27,5.64,5.962,4.709,3.006,6.166,5.813,4.486,5.326,6.518,3.471,6.385,6.301,5.2,6.259,6.026,6.394,7.212,5.389,5.951,5.98,5.371,6.402
2161.03,27,5.509,5.955,4.646,2.971,6.174,5.707,4.427,5.341,6.547,3.422,6.4,6.312,5.126,6.201,6.063,6.442,7.16,5.439,5.955,6.056,5.317,6.505
2162.03,27,5.542,5.996,4.709,3.037,6.139,5.783,4.412,5.335,6.502,3.436,6.431,6.305,5.165,6.205,6.033,6.503,7.153,5.466,5.928,5.976,5.315,6.372
2163.03,27,5.547,5.962,4.753,3.061,6.129,5.757,4.504,5.304,6.527,3.484,6.429,6.353,5.168,6.236,6.047,6.378,7.113,5.499,5.889,5.987,5.376,6.415
2164.03,27,5.554,5.921,4.724,3.039,6.111,5.82,4.474,5.323,6.5,3.37,6.443,6.329,5.216,6.238,5.997,6.347,7.159,5.379,5.971,5.938,5.388,6.441
2165.03,27,5.487,5.975,4.708,2.924,6.078,5.784,4.386,5.344,6.498,3.365,6.405,6.271,5.133,6.259,6.044,6.36,7.168,5.488,5.927,5.972,5.431,6.439
2166.03,27,5.475,5.946,4.709,2.999,6.152,5.759,4.412,5.357,6.483,3.397,6.4,6.327,5.222,6.252,5.994,6.372,7.13,5.429,5.929,5.96,5.388,6.445
2167.03,27,5.505,5.973,4.743,2.999,6.101,5.855,4.452,5.255,6.579,3.38,6.399,6.301,5.124,6.229,5.976,6.371,7.133,5.449,5.988,5.975,5.407,6.41
2168.03,27,5.548,6.027,4.698,2.999,6.137,5.771,4.349,5.335,6.5,3.434,6.444,6.352,5.199,6.141,6.043,6.364,7.181,5.472,5.895,5.988,5.43,6.403
2169.03,27,5.533,5.932,4.696,3.031,6.13,5.771,4.383,5.33,6.492,3.407,6.392,6.349,5.139,6.178,6.068,6.375,7.091,5.417,6.006,5.947,5.344,6.484
2170.03,27,5.593,5.929,4.716,3.039,6.183,5.787,4.491,5.268,6.509,3.396,6.405,6.388,5.182,6.201,6.023,6.385,7.108,5.466,5.892,5.958,5.451,6.433
2171.03,27,5.515,5.94,4.693,2.956,6.14,5.81,4.496,5.274,6.442,3.363,6.478,6.351,5.186,6.2,5.998,6.428,7.201,5.381,5.911,5.949,5.356,6.498
2172.03,27,5.505,5.952,4.755,2.987,6.112,5.811,4.366,5.317,6.558,3.376,6.462,6.316,5.137,6.25,6.01,6.333,7.123,5.437,5.885,5.973,5.394,6.442
2173.03,27,5.489,5.963,4.692,3.022,6.185,5.771,4.458,5.305,6.481,3.359,6.379,6.356,5.113,6.231,5.994,6.335,7.154,5.423,5.974,5.975,5.444,6.438
2174.03,27,5.503,5.945,4.65,2.98,6.16,5.774,4.387,5.25,6.542,3.434,6.391,6.334,5.121,6.204,6.016,6.358,7.187,5.355,5.908,6.038,5.323,6.38
2175.03,27,5.513,5.922,4.703,2.883,6.127,5.797,4.384,5.254,6.557,3.317,6.344,6.386,5.183,6.165,6.031,6.368,7.186,5.398,5.939,5.92,5.37,6.426
2176.03,27,5.506,5.948,4.683,2.968,6.156,5.716,4.409,5.252,6.499,3.442,6.451,6.353,5.152,6.212,5.98,6.408,7.203,5.476,5.956,5.979,5.418,6.418
2177.03,27,5.417,5.914,4.686,2.908,6.17,5.802,4.355,5.286,6.522,3.414,6.426,6.326,5.162,6.195,6.048,6.444,7.152,5.426,5.887,5.975,5.364,6.437
2178.03,27,5.491,6.011,4.707,2.962,6.189,5.799,4.345,5.267,6.473,3.42,6.411,6.339,5.129,6.242,6.029,6.427,7.181,5.485,5.949,5.972,5.355,6.442
2179.03,27,5.457,5.874,4.631,3.043,6.165,5.828,4.427,5.259,6.456,3.394,6.359,6.359,5.159,6.236,5.943,6.39,7.206,5.462,5.899,5.972,5.344,6.43
2180.03,27,5.491,5.921,4.725,2.95,6.161,5.814,4.338,5.273,6.488,3.481,6.438,6.388,5.156,6.244,5.929,6.423,7.115,5.447,5.881,5.924,5.406,6.454
2181.03,27,5.441,5.929,4.688,2.925,6.111,5.855,4.325,5.288,6.444,3.461,6.411,6.339,5.164,6.195,6.037,6.396,7.138,5.441,5.822,5.978,5.407,6.443
2182.03,27,5.516,5.945,4.77,2.986,6.155,5.789,4.344,5.263,6.485,3.497,6.381,6.353,5.14,6.208,5.983,6.366,7.148,5.381,5.908,6.005,5.363,6.44
2183.03,27,5.554,5.951,4.641,2.995,6.072,5.83,4.391,5.296,6.42,3.419,6.36,6.346,5.138,6.173,6.045,6.33,7.139,5.449,5.94,5.966,5.377,6.471
2184.03,27,5.491,5.92,4.659,2.942,6.102,5.81,4.315,5.242,6.456,3.375,6.356,6.305,5.118,6.214,6.029,6.407,7.152,5.335,5.942,5.964,5.379,6.444
2185.03,27,5.488,5.99,4.628,2.966,6.142,5.817,4.437,5.221,6.476,3.44,6.376,6.308,5.11,6.209,5.968,6.362,7.128,5.395,5.911,5.914,5.347,6.407
2186.03,27,5.465,5.87,4.659,2.914,6.123,5.79,4.28,5.252,6.506,3.387,6.352,6.344,5.207,6.257,5.977,6.355,7.14,5.354,5.813,5.937,5.371,6.479
2187.03,27,5.408,5.968,4.623,2.938,6.126,5.835,4.295,5.214,6.487,3.353,6.345,6.376,5.107,6.251,6.002,6.375,7.181,5.424,5.911,5.969,5.396,6.451
2188.03,27,5.438,5.875,4.652,2.902,6.114,5.821,4.341,5.24,6.474,3.375,6.399,6.317,5.118,6.22,5.984,6.399,7.146,5.399,5.907,5.972,5.392,6.453
2189.03,27,5.439,5.917,4.63,2.924,6.159,5.784,4.384,5.204,6.454,3.437,6.355,6.299,5.11,6.165,6.001,6.324,7.191,5.396,5.882,5.929,5.362,6.405
2190.03,27,5.44,5.911,4.683,2.859,6.117,5.78,4.332,5.308,6.477,3.392,6.394,6.304,5.073,6.079,5.974,6.357,7.169,5.414,5.929,6.007,5.39,6.482
2191.03,27,5.46,5.934,4.655,2.927,6.141,5.794,4.312,5.27,6.488,3.5,6.373,6.312,5.133,6.158,6.012,6.368,7.198,5.418,5.878,5.957,5.409,6.443
2192.03,27,5.432,5.856,4.615,2.903,6.099,5.816,4.294,5.227,6.483,3.388,6.458,6.327,5.1,6.15,5.992,6.319,7.238,5.404,5.838,6.036,5.377,6.395
2193.03,27,5.462,5.863,4.621,2.851,6.066,5.835,4.368,5.209,6.501,3.45,6.384,6.378,5.062,6.16,5.914,6.404,7.162,5.379,5.89,5.996,5.407,6.464
2194.03,27,5.397,5.897,4.602,2.871,6.151,5.768,4.352,5.283,6.45,3.454,6.421,6.302,5.121,6.129,5.974,6.379,7.138,5.447,5.873,6.006,5.415,6.418
2195.03,27,5.45,5.935,4.642,2.898,6.118,5.779,4.385,5.235,6.477,3.376,6.431,6.362,5.107,6.233,5.986,6.352,7.136,5.378,5.824,5.965,5.393,6.448
2196.03,27,5.379,5.894,4.636,2.854,6.131,5.859,4.363,5.25,6.479,3.391,6.362,6.392,5.15,6.124,5.947,6.405,7.131,5.384,5.846,5.997,5.398,6.404
2197.03,27,5.503,5.861,4.635,2.907,6.145,5.761,4.331,5.188,6.465,3.367,6.379,6.324,5.111,6.14,5.884,6.426,7.193,5.376,5.88,5.977,5.393,6.407
2198.03,27,5.502,5.845,4.698,2.851,6.094,5.822,4.323,5.239,6.46,3.391,6.465,6.257,5.079,6.207,6.071,6.351,7.168,5.377,5.926,5.938,5.437,6.41
2199.03,27,5.476,5.874,4.61,2.856,6.119,5.746,4.353,5.282,6.369,3.389,6.484,6.299,5.098,6.124,5.942,6.36,7.175,5.338,5.849,5.984,5.44,6.454
2200.03,27,5.475,5.921,4.619,2.913,6.085,5.8,4.318,5.257,6.468,3.372,6.468,6.327,5.09,6.16,5.938,6.417,7.14,5.395,5.882,5.936,5.38,6.378
2201.03,27,5.443,5.915,4.628,2.88,6.116,5.727,4.294,5.195,6.441,3.396,6.375,6.355,5.062,6.15,5.919,6.39,7.147,5.375,5.935,5.939,5.426,6.381
2202.03,27,5.453,5.905,4.586,2.872,6.08,5.836,4.303,5.27,6.441,3.397,6.457,6.375,5.06,6.174,5.957,6.417,7.191,5.376,5.865,6.002,5.421,6.466
2203.03,27,5.417,5.924,4.572,2.882,6.111,5.816,4.346,5.235,6.439,3.436,6.39,6.301,5.089,6.156,5.973,6.4,7.14,5.391,5.874,6.045,5.416,6.426
2204.03,27,5.435,5.899,4.589,2.825,6.139,5.814,4.32,5.183,6.444,3.394,6.473,6.259,5.077,6.12,5.89,6.44,7.177,5.405,5.889,5.973,5.404,6.426
2205.03,27,5.421,5.869,4.611,2.862,6.128,5.766,4.312,5.22,6.455,3.456,6.419,6.361,5.101,6.122,5.934,6.38,7.179,5.351,5.871,6.027,5.383,6.433
2206.03,27,5.377,5.896,4.602,2.839,6.178,5.774,4.333,5.19,6.438,3.38,6.36,6.333,5.089,6.155,5.91,6.38,7.193,5.362,5.825,5.877,5.326,6.373
2207.03,27,5.456,5.917,4.571,2.861,6.127,5.798,4.26,5.155,6.389,3.392,6.397,6.341,5.091,6.138,6.01,6.385,7.135,5.339,5.896,5.961,5.346,6.429
2208.03,27,5.443,5.841,4.601,2.87,6.148,5.782,4.318,5.301,6.419,3.384,6.427,6.271,5.105,6.103,5.974,6.361,7.198,5.408,5.793,5.927,5.357,6.42
2209.03,27,5.417,5.822,4.527,2.784,6.157,5.805,4.312,5.174,6.453,3.405,6.483,6.36,5.051,6.158,5.932,6.333,7.173,5.315,5.84,5.966,5.343,6.465
2210.03,27,5.405,5.813,4.587,2.891,6.096,5.813,4.293,5.226,6.434,3.404,6.397,6.298,5.047,6.091,5.905,6.434,7.205,5.36,5.848,5.995,5.357,6.383
2211.03,27,5.417,5.835,4.579,2.819,6.093,5.792,4.36,5.15,6.501,3.433,6.405,6.3,5.062,6.084,5.926,6.327,7.167,5.385,5.842,5.943,5.352,6.408
2212.03,27,5.403,5.876,4.576,2.775,6.122,5.85,4.305,5.229,6.422,3.447,6.385,6.339,5.074,6.096,5.929,6.366,7.19,5.391,5.828,5.985,5.309,6.421
2213.03,27,5.346,5.813,4.504,2.816,6.115,5.76,4.308,5.174,6.432,3.425,6.441,6.332,5.022,6.132,5.907,6.385,7.124,5.411,5.859,6.006,5.386,6.46
2214.03,27,5.452,5.825,4.584,2.811,6.135,5.85,4.298,5.165,6.378,3.439,6.389,6.301,5.145,6.143,5.929,6.349,7.177,5.306,5.815,5.959,5.323,6.437
2215.03,27,5.424,5.797,4.553,2.809,6.163,5.81,4.347,5.165,6.524,3.457,6.326,6.261,5.071,6.165,5.998,6.396,7.193,5.33,5.86,6.025,5.373,6.462
2216.03,27,5.425,5.818,4.546,2.84,6.102,5.803,4.257,5.118,6.456,3.393,6.382,6.383,5.103,6.082,5.909,6.391,7.19,5.322,5.767,5.957,5.403,6.459
2217.03,27,5.342,5.816,4.55,2.848,6.104,5.79,4.271,5.144,6.471,3.425,6.401,6.261,5.04,6.1,5.91,6.428,7.136,5.359,5.851,5.977,5.444,6.431
2218.03,27,5.39,5.794,4.567,2.864,6.146,5.856,4.301,5.264,6.4,3.399,6.411,6.358,5.087,6.135,5.992,6.37,7.154,5.313,5.874,5.977,5.376,6.432
2219.03,27,5.381,5.823,4.547,2.814,6.14,5.84,4.211,5.223,6.417,3.458,6.419,6.355,4.975,6.094,5.891,6.432,7.164,5.312,5.869,5.945,5.379,6.436
2220.03,27,5.351,5.821,4.525,2.783,6.143,5.812,4.289,5.233,6.362,3.468,6.423,6.331,5.078,6.077,5.914,6.408,7.167,5.305,5.812,6,5.374,6.437
2221.03,27,5.373,5.889,4.588,2.841,6.188,5.841,4.292,5.163,6.403,3.393,6.371,6.288,5.091,6.136,5.885,6.408,7.123,5.33,5.793,5.99,5.341,6.405
2222.03,27,5.375,5.794,4.558,2.795,6.102,5.803,4.273,5.2,6.37,3.433,6.426,6.362,5.061,6.112,5.936,6.425,7.149,5.318,5.814,5.939,5.337,6.499
2223.03,27,5.369,5.84,4.536,2.84,6.147,5.813,4.311,5.158,6.394,3.408,6.44,6.375,5.056,6.056,5.906,6.362,7.076,5.335,5.8,5.947,5.312,6.441
2224.03,27,5.343,5.849,4.647,2.795,6.141,5.799,4.286,5.161,6.381,3.371,6.444,6.361,5.036,6.088,5.905,6.369,7.142,5.4,5.822,5.942,5.367,6.405
2225.03,27,5.318,5.74,4.573,2.829,6.11,5.835,4.248,5.126,6.384,3.459,6.398,6.329,5.007,6.096,5.955,6.389,7.169,5.294,5.857,6.011,5.445,6.41
2226.03,27,5.331,5.816,4.503,2.821,6.15,5.779,4.248,5.06,6.447,3.421,6.413,6.352,5.04,6.139,5.913,6.391,7.144,5.376,5.871,5.999,5.389,6.413
2227.03,27,5.431,5.806,4.519,2.874,6.084,5.816,4.278,5.136,6.428,3.435,6.375,6.287,4.937,6.104,5.908,6.421,7.143,5.276,5.837,5.92,5.375,6.477
2228.03,27,5.379,5.779,4.485,2.845,6.09,5.812,4.323,5.105,6.371,3.393,6.499,6.287,5.045,6.091,5.91,6.437,7.186,5.378,5.793,5.929,5.441,6.391
2229.03,27,5.407,5.8,4.623,2.869,6.167,5.773,4.245,5.101,6.452,3.496,6.391,6.334,5.069,6.143,5.897,6.409,7.192,5.338,5.775,5.971,5.433,6.431
2230.03,27,5.319,5.819,4.516,2.866,6.155,5.759,4.207,5.175,6.354,3.385,6.42,6.31,5.036,6.108,5.884,6.477,7.13,5.327,5.803,5.981,5.456,6.453
2231.03,27,5.352,5.794,4.476,2.843,6.122,5.768,4.226,5.118,6.361,3.396,6.427,6.362,4.984,6.065,5.931,6.41,7.163,5.298,5.782,5.988,5.414,6.414
2232.03,27,5.308,5.743,4.515,2.897,6.122,5.795,4.247,5.17,6.401,3.39,6.389,6.33,4.953,6.134,5.897,6.358,7.161,5.329,5.765,5.937,5.322,6.439
2233.03,27,5.34,5.765,4.513,2.838,6.065,5.736,4.221,5.158,6.369,3.456,6.346,6.32,5.067,6.083,5.847,6.414,7.235,5.336,5.812,6.036,5.376,6.464
2234.03,27,5.383,5.772,4.495,2.835,6.097,5.84,4.308,5.166,6.394,3.442,6.417,6.362,5.07,6.136,5.874,6.391,7.18,5.331,5.728,5.937,5.351,6.473
2235.03,27,5.359,5.699,4.528,2.854,6.154,5.831,4.292,5.143,6.363,3.355,6.465,6.366,5.065,6.143,5.858,6.375,7.152,5.266,5.785,5.931,5.444,6.485
2236.03,27,5.39,5.728,4.504,2.797,6.198,5.793,4.218,5.12,6.459,3.473,6.353,6.376,4.986,6.012,5.857,6.386,7.205,5.325,5.801,5.982,5.329,6.379
2237.03,27,5.308,5.717,4.537,2.803,6.097,5.858,4.193,5.11,6.416,3.449,6.45,6.346,4.963,6.12,5.833,6.372,7.171,5.339,5.752,5.933,5.351,6.458
2238.03,27,5.386,5.783,4.478,2.864,6.108,5.805,4.265,5.103,6.407,3.434,6.388,6.356,4.968,6.07,5.897,6.359,7.173,5.357,5.815,5.991,5.384,6.484
2239.03,27,5.339,5.743,4.447,2.893,6.138,5.84,4.208,5.104,6.412,3.48,6.383,6.331,4.957,6.03,5.901,6.409,7.204,5.289,5.724,5.944,5.379,6.451
2240.03,27,5.326,5.711,4.502,2.874,6.113,5.778,4.242,5.078,6.387,3.528,6.425,6.357,4.976,6.149,5.842,6.41,7.176,5.297,5.736,6.062,5.392,6.477
2241.03,27,5.319,5.754,4.491,2.867,6.166,5.763,4.208,5.145,6.475,3.466,6.38,6.394,4.99,6.083,5.833,6.349,7.179,5.351,5.829,5.935,5.408,6.393
2242.03,27,5.355,5.744,4.491,2.846,6.15,5.776,4.159,5.105,6.352,3.401,6.375,6.355,4.978,6.108,5.877,6.378,7.145,5.305,5.808,5.952,5.432,6.412
2243.03,27,5.33,5.745,4.53,2.841,6.19,5.781,4.156,5.101,6.362,3.443,6.409,6.328,5.02,6.095,5.821,6.386,7.158,5.26,5.797,5.951,5.357,6.438
2244.03,27,5.326,5.766,4.465,2.856,6.116,5.836,4.186,5.047,6.38,3.458,6.332,6.312,5.022,6.061,5.896,6.339,7.149,5.245,5.776,6.028,5.361,6.403
2245.03,27,5.332,5.756,4.433,2.834,6.088,5.84,4.192,5.09,6.396,3.371,6.38,6.362,4.935,6.066,5.86,6.386,7.184,5.299,5.813,6.01,5.416,6.401
2246.03,27,5.296,5.761,4.516,2.876,6.089,5.794,4.209,5.115,6.343,3.516,6.407,6.377,5.009,5.997,5.862,6.381,7.212,5.188,5.727,5.946,5.379,6.467
2247.03,27,5.301,5.735,4.477,2.894,6.066,5.776,4.184,5.018,6.325,3.342,6.424,6.302,5.059,6.029,5.828,6.305,7.146,5.236,5.809,5.896,5.378,6.446
2248.03,27,5.29,5.676,4.478,2.819,6.153,5.768,4.231,4.995,6.372,3.433,6.445,6.413,4.985,6.105,5.902,6.331,7.135,5.284,5.789,5.996,5.332,6.456
2249.03,27,5.284,5.692,4.484,2.829,6.058,5.857,4.168,5.13,6.4,3.357,6.378,6.386,4.988,6.057,5.864,6.405,7.214,5.304,5.759,5.994,5.347,6.455
2250.03,27,5.306,5.708,4.505,2.904,6.148,5.882,4.185,5.031,6.33,3.419,6.364,6.267,4.924,6.093,5.896,6.359,7.123,5.285,5.729,5.989,5.338,6.46
2251.03,27,5.353,5.692,4.492,2.827,6.141,5.803,4.145,5.051,6.33,3.469,6.398,6.288,5.023,6.087,5.861,6.406,7.193,5.319,5.792,6.012,5.352,6.432
2252.03,27,5.35,5.699,4.476,2.831,6.151,5.794,4.182,5.101,6.367,3.427,6.381,6.328,5.03,6.068,5.784,6.346,7.185,5.279,5.787,6.01,5.372,6.391
2253.03,27,5.306,5.734,4.499,2.837,6.166,5.804,4.154,5.071,6.338,3.436,6.371,6.321,4.999,6.058,5.788,6.37,7.161,5.244,5.789,6.049,5.383,6.398
2254.03,27,5.322,5.72,4.526,2.88,6.175,5.802,4.133,5.138,6.266,3.444,6.451,6.332,5.002,6.028,5.815,6.37,7.149,5.26,5.797,6.012,5.405,6.397
2255.03,27,5.284,5.76,4.476,2.879,6.182,5.826,4.174,5.099,6.344,3.397,6.33,6.321,4.988,6.044,5.836,6.389,7.164,5.261,5.755,5.94,5.376,6.422
2256.03,27,5.242,5.823,4.468,2.849,6.179,5.813,4.153,5.047,6.266,3.452,6.389,6.36,4.97,6.045,5.925,6.442,7.166,5.231,5.756,5.966,5.379,6.418
2257.03,27,5.29,5.708,4.483,2.892,6.107,5.832,4.197,5.061,6.359,3.358,6.427,6.358,4.923,6.106,5.874,6.452,7.189,5.204,5.719,5.977,5.356,6.374
2258.03,27,5.262,5.803,4.419,2.809,6.116,5.791,4.2,5.094,6.357,3.388,6.414,6.293,4.94,6.069,5.821,6.383,7.137,5.272,5.75,5.952,5.398,6.455
2259.03,27,5.305,5.702,4.478,2.829,6.163,5.804,4.133,5.078,6.358,3.384,6.381,6.372,4.944,6.061,5.842,6.378,7.112,5.276,5.729,6.01,5.437,6.446
2260.03,27,5.362,5.678,4.409,2.85,6.117,5.801,4.196,4.999,6.299,3.391,6.45,6.37,4.981,6.069,5.856,6.385,7.146,5.206,5.759,6.04,5.426,6.492
2261.03,27,5.304,5.657,4.487,2.845,6.128,5.762,4.139,5.142,6.39,3.397,6.488,6.262,4.954,6.043,5.828,6.431,7.162,5.265,5.723,5.974,5.314,6.428
2262.03,27,5.27,5.664,4.406,2.89,6.082,5.846,4.145,5.083,6.309,3.39,6.369,6.331,4.957,6.077,5.799,6.432,7.215,5.282,5.747,5.984,5.345,6.456
2263.03,27,5.255,5.683,4.407,2.813,6.181,5.768,4.118,5.01,6.297,3.392,6.424,6.358,4.967,6.086,5.803,6.34,7.142,5.266,5.797,5.984,5.307,6.44
2264.03,27,5.331,5.657,4.434,2.876,6.158,5.802,4.101,5.037,6.401,3.463,6.352,6.308,4.921,5.98,5.798,6.402,7.158,5.246,5.701,5.975,5.366,6.443
2265.03,27,5.277,5.69,4.457,2.861,6.171,5.767,4.218,5.09,6.343,3.417,6.497,6.365,4.963,6.001,5.824,6.386,7.191,5.263,5.68,6.027,5.393,6.452
2266.03,27,5.236,5.676,4.401,2.912,6.1,5.802,4.184,4.993,6.395,3.463,6.436,6.375,4.922,6.037,5.76,6.395,7.141,5.189,5.698,5.925,5.367,6.438
2267.03,27,5.3,5.647,4.375,2.86,6.196,5.757,4.089,4.979,6.343,3.399,6.416,6.332,4.952,6.049,5.857,6.393,7.119,5.245,5.72,5.995,5.376,6.388
2268.03,27,5.232,5.634,4.38,2.907,6.175,5.827,4.148,5.032,6.391,3.456,6.388,6.336,4.977,5.992,5.825,6.475,7.128,5.211,5.712,5.993,5.442,6.476
2269.03,27,5.253,5.653,4.432,2.836,6.149,5.824,4.216,5.108,6.349,3.356,6.451,6.336,4.94,6.018,5.745,6.346,7.186,5.251,5.691,5.977,5.363,6.391
2270.03,27,5.219,5.64,4.399,2.853,6.125,5.812,4.105,5.02,6.332,3.398,6.404,6.387,4.967,6.042,5.797,6.424,7.152,5.237,5.704,5.953,5.358,6.388
2271.03,27,5.215,5.659,4.401,2.836,6.096,5.793,4.164,5.107,6.399,3.4,6.465,6.298,4.949,5.999,5.784,6.38,7.151,5.175,5.676,6.006,5.372,6.414
2272.03,27,5.211,5.633,4.341,2.862,6.121,5.858,4.141,5.001,6.372,3.454,6.403,6.315,4.964,6.032,5.823,6.336,7.164,5.261,5.743,5.996,5.331,6.5
2273.03,27,5.276,5.655,4.505,2.86,6.189,5.762,4.179,5.044,6.305,3.4,6.376,6.367,4.919,6.019,5.725,6.356,7.17,5.236,5.707,6.008,5.363,6.411
2274.03,27,5.232,5.667,4.414,2.816,6.096,5.822,4.058,5.049,6.333,3.41,6.387,6.372,4.904,6.038,5.778,6.364,7.13,5.195,5.673,6.003,5.351,6.5
2275.03,27,5.267,5.652,4.465,2.82,6.068,5.842,4.101,5.044,6.377,3.42,6.409,6.322,4.906,6.014,5.886,6.401,7.154,5.136,5.708,5.985,5.382,6.46
2276.03,27,5.231,5.609,4.402,2.832,6.146,5.793,4.143,5.069,6.359,3.462,6.413,6.33,4.88,5.952,5.786,6.433,7.176,5.218,5.723,5.963,5.426,6.414
2277.03,27,5.217,5.603,4.357,2.824,6.118,5.862,4.199,5.003,6.315,3.423,6.395,6.272,4.869,6.034,5.767,6.401,7.194,5.197,5.68,5.975,5.378,6.372
2278.03,27,5.237,5.571,4.404,2.874,6.081,5.817,4.093,5.079,6.3,3.415,6.389,6.341,4.903,6.022,5.801,6.424,7.145,5.239,5.711,5.953,5.315,6.362
2279.03,27,5.193,5.573,4.435,2.908,6.127,5.854,4.149,5.045,6.364,3.429,6.418,6.371,4.841,6.027,5.812,6.402,7.122,5.194,5.718,5.874,5.36,6.456
2280.03,27,5.204,5.58,4.36,2.875,6.074,5.791,4.128,4.927,6.266,3.391,6.469,6.354,4.824,5.984,5.793,6.451,7.148,5.241,5.722,5.996,5.354,6.455
2281.03,27,5.267,5.668,4.345,2.822,6.138,5.78,4.015,4.947,6.341,3.391,6.402,6.372,4.892,5.993,5.785,6.341,7.139,5.258,5.675,5.925,5.4,6.439
2282.03,27,5.181,5.668,4.4,2.857,6.154,5.84,4.107,4.981,6.273,3.44,6.395,6.278,4.844,6.04,5.718,6.351,7.161,5.214,5.717,6.015,5.392,6.446
2283.03,27,5.189,5.582,4.358,2.884,6.093,5.887,4.056,5.002,6.334,3.403,6.388,6.274,4.839,5.956,5.79,6.47,7.138,5.187,5.738,5.97,5.397,6.438
2284.03,27,5.225,5.649,4.354,2.866,6.189,5.827,4.099,4.999,6.247,3.441,6.41,6.263,4.861,5.953,5.75,6.419,7.222,5.182,5.676,5.938,5.354,6.433
2285.03,27,5.197,5.617,4.291,2.855,6.13,5.798,4.129,4.931,6.34,3.367,6.409,6.302,4.911,6,5.775,6.413,7.198,5.187,5.684,5.96,5.394,6.425
2286.03,27,5.22,5.657,4.393,2.909,6.16,5.827,4.061,5.004,6.375,3.36,6.363,6.4,4.89,5.942,5.813,6.449,7.167,5.253,5.661,5.998,5.41,6.415
2287.03,27,5.154,5.649,4.281,2.807,6.151,5.871,4.084,4.988,6.309,3.325,6.382,6.31,4.894,5.959,5.796,6.357,7.27,5.135,5.698,5.989,5.402,6.455
2288.03,27,5.266,5.594,4.362,2.793,6.13,5.813,4.068,5.016,6.293,3.38,6.458,6.391,4.901,6.004,5.8,6.371,7.138,5.166,5.697,6.004,5.334,6.403
2289.03,27,5.205,5.598,4.358,2.851,6.11,5.819,4.101,5.005,6.29,3.387,6.415,6.386,4.893,5.98,5.777,6.428,7.156,5.166,5.699,6.012,5.425,6.405
2290.03,27,5.206,5.677,4.352,2.884,6.117,5.755,4.033,4.945,6.229,3.443,6.378,6.297,4.847,6.031,5.734,6.385,7.136,5.236,5.667,5.962,5.375,6.419
2291.03,27,5.218,5.61,4.379,2.869,6.132,5.796,4.047,4.933,6.322,3.436,6.393,6.308,4.917,5.98,5.734,6.433,7.151,5.192,5.657,6,5.353,6.459
2292.03,27,5.16,5.605,4.354,2.881,6.077,5.755,4.024,4.989,6.32,3.495,6.388,6.261,4.931,6.013,5.775,6.426,7.104,5.201,5.668,5.95,5.377,6.427
2293.03,27,5.121,5.598,4.366,2.886,6.138,5.762,4.096,4.976,6.358,3.406,6.456,6.327,4.837,5.983,5.778,6.422,7.18,5.129,5.628,6.076,5.315,6.406
2294.03,27,5.275,5.558,4.298,2.835,6.112,5.765,4.105,4.946,6.342,3.431,6.333,6.401,4.868,5.952,5.78,6.386,7.095,5.082,5.669,5.972,5.368,6.409
2295.03,27,5.218,5.574,4.368,2.831,6.168,5.885,4.063,4.96,6.239,3.454,6.444,6.362,4.871,5.957,5.801,6.407,7.172,5.173,5.638,5.976,5.358,6.403
2296.03,27,5.179,5.571,4.371,2.836,6.081,5.846,4.06,4.979,6.299,3.424,6.452,6.362,4.905,5.971,5.718,6.328,7.116,5.285,5.715,6.004,5.366,6.415
2297.03,27,5.233,5.57,4.361,2.858,6.132,5.91,4.044,5.006,6.239,3.362,6.465,6.313,4.897,6.08,5.765,6.306,7.203,5.215,5.707,5.936,5.414,6.433
2298.03,27,5.152,5.559,4.313,2.834,6.112,5.874,4.072,4.986,6.296,3.417,6.374,6.342,4.816,5.952,5.798,6.359,7.192,5.184,5.628,5.871,5.346,6.389
2299.03,27,5.219,5.521,4.361,2.878,6.188,5.883,4.077,4.899,6.335,3.459,6.399,6.327,4.915,5.936,5.745,6.378,7.158,5.162,5.654,5.983,5.288,6.464
2300.03,27,5.132,5.583,4.319,2.873,6.113,5.808,4.016,4.976,6.332,3.425,6.443,6.303,4.891,5.959,5.767,6.42,7.22,5.168,5.62,6.008,5.383,6.403
2301.03,27,5.124,5.643,4.26,2.937,6.145,5.808,4.05,4.983,6.282,3.412,6.451,6.327,4.833,5.975,5.754,6.365,7.146,5.215,5.707,6.053,5.394,6.518
2302.03,27,5.105,5.532,4.254,2.829,6.106,5.749,4.05,4.929,6.309,3.448,6.433,6.367,4.888,5.918,5.712,6.335,7.218,5.145,5.689,5.977,5.304,6.382
2303.03,27,5.108,5.569,4.327,2.926,6.149,5.886,4.043,4.929,6.328,3.407,6.392,6.362,4.87,5.946,5.67,6.437,7.177,5.181,5.654,6.014,5.307,6.434
2304.03,27,5.178,5.561,4.248,2.929,6.138,5.792,4.051,4.926,6.24,3.426,6.391,6.285,4.841,5.923,5.698,6.373,7.15,5.165,5.637,6.047,5.346,6.475
2305.03,27,5.156,5.496,4.305,2.779,6.136,5.824,4.028,5,6.314,3.44,6.424,6.299,4.814,5.94,5.729,6.379,7.253,5.234,5.656,6.001,5.374,6.43
2306.03,27,5.132,5.525,4.344,2.877,6.162,5.774,3.946,4.941,6.321,3.458,6.375,6.284,4.819,5.964,5.732,6.417,7.098,5.147,5.66,5.996,5.312,6.497
2307.03,27,5.207,5.531,4.287,2.783,6.095,5.91,4.049,4.889,6.265,3.436,6.495,6.353,4.871,6.01,5.695,6.332,7.148,5.114,5.68,5.939,5.333,6.459
2308.03,27,5.129,5.565,4.325,2.854,6.086,5.851,4.114,4.96,6.243,3.439,6.399,6.28,4.858,5.911,5.712,6.393,7.099,5.14,5.639,5.974,5.345,6.346
2309.03,27,5.151,5.551,4.31,2.881,6.103,5.821,4.005,4.993,6.235,3.408,6.375,6.336,4.875,5.999,5.716,6.378,7.186,5.196,5.633,6.019,5.469,6.469
2310.03,27,5.122,5.579,4.307,2.923,6.131,5.875,3.98,4.877,6.369,3.408,6.427,6.278,4.794,5.96,5.734,6.409,7.241,5.161,5.619,5.978,5.389,6.432
2311.03,27,5.148,5.518,4.309,2.865,6.093,5.858,4.036,4.92,6.302,3.413,6.472,6.347,4.816,5.932,5.714,6.399,7.174,5.145,5.684,5.924,5.353,6.445
2312.03,27,5.133,5.537,4.209,2.839,6.183,5.883,4.02,5.011,6.292,3.443,6.403,6.358,4.835,5.98,5.698,6.385,7.21,5.156,5.608,5.957,5.406,6.42
2313.03,27,5.141,5.53,4.3,2.864,6.095,5.81,4.009,4.898,6.193,3.389,6.383,6.406,4.777,5.915,5.691,6.415,7.165,5.117,5.67,6.031,5.399,6.419
2314.03,27,5.101,5.508,4.242,2.911,6.143,5.906,4.029,4.929,6.28,3.41,6.397,6.274,4.81,5.94,5.721,6.38,7.128,5.201,5.636,5.915,5.366,6.408
2315.03,27,5.117,5.535,4.268,2.957,6.139,5.766,4.006,4.923,6.295,3.461,6.426,6.329,4.784,5.947,5.737,6.415,7.13,5.165,5.616,5.963,5.328,6.485
2316.03,27,5.101,5.517,4.293,2.913,6.142,5.769,4.004,4.923,6.244,3.429,6.443,6.335,4.797,5.901,5.682,6.39,7.127,5.14,5.605,5.979,5.341,6.443
2317.03,27,5.137,5.535,4.262,2.901,6.169,5.834,3.969,4.967,6.292,3.482,6.377,6.332,4.835,5.943,5.723,6.406,7.183,5.1,5.659,6.034,5.369,6.434
2318.03,27,5.135,5.521,4.24,2.82,6.108,5.803,3.975,4.932,6.353,3.453,6.445,6.367,4.807,5.912,5.691,6.408,7.19,5.181,5.588,5.961,5.355,6.421
2319.03,27,5.132,5.438,4.325,2.949,6.157,5.837,4.024,4.937,6.285,3.436,6.418,6.301,4.834,5.98,5.7,6.387,7.211,5.162,5.594,5.958,5.44,6.388
2320.03,27,5.146,5.51,4.329,2.924,6.1,5.799,4.013,4.907,6.3,3.392,6.438,6.301,4.799,5.959,5.715,6.406,7.158,5.133,5.64,5.917,5.338,6.409
2321.03,27,5.099,5.446,4.237,2.941,6.083,5.871,4.029,4.87,6.208,3.392,6.379,6.377,4.843,5.895,5.703,6.45,7.188,5.096,5.681,5.957,5.334,6.491
2322.03,27,5.124,5.542,4.291,2.89,6.107,5.85,3.99,4.927,6.268,3.433,6.413,6.352,4.807,5.836,5.713,6.404,7.151,5.185,5.558,5.907,5.392,6.471
2323.03,27,5.106,5.532,4.304,2.884,6.15,5.862,3.948,4.92,6.253,3.477,6.434,6.326,4.782,5.984,5.703,6.428,7.133,5.178,5.597,5.955,5.422,6.526
2324.03,27,5.074,5.498,4.263,2.869,6.146,5.842,3.954,4.887,6.318,3.515,6.434,6.302,4.79,5.912,5.703,6.406,7.179,5.104,5.597,6.004,5.39,6.471
2325.03,27,5.142,5.476,4.271,2.851,6.148,5.802,4.049,4.877,6.261,3.422,6.392,6.378,4.795,5.891,5.73,6.41,7.111,5.125,5.572,5.984,5.378,6.423
2326.03,27,5.041,5.513,4.235,2.923,6.095,5.813,3.942,4.859,6.302,3.461,6.477,6.318,4.787,5.885,5.639,6.392,7.173,5.129,5.614,5.971,5.351,6.413
2327.03,27,5.032,5.514,4.262,2.81,6.101,5.792,3.948,4.884,6.218,3.389,6.395,6.253,4.83,5.855,5.679,6.39,7.129,5.072,5.619,5.985,5.341,6.435
2328.03,27,5.106,5.478,4.292,2.882,6.164,5.821,3.977,4.92,6.222,3.429,6.465,6.392,4.773,5.883,5.69,6.432,7.139,5.138,5.631,5.998,5.447,6.428
2329.03,27,5.064,5.506,4.241,2.937,6.156,5.849,4.005,4.877,6.311,3.379,6.418,6.376,4.747,5.931,5.687,6.369,7.155,5.104,5.576,5.935,5.337,6.383
2330.03,27,5.063,5.474,4.225,2.91,6.106,5.86,3.933,4.868,6.207,3.428,6.416,6.386,4.78,5.858,5.615,6.455,7.124,5.104,5.603,5.995,5.358,6.428
2331.03,27,5.096,5.423,4.251,2.908,6.125,5.819,4.014,4.947,6.233,3.434,6.395,6.373,4.765,5.892,5.662,6.333,7.188,5.144,5.571,5.999,5.429,6.412
2332.03,27,5.098,5.452,4.255,2.995,6.102,5.809,3.964,4.881,6.276,3.419,6.424,6.354,4.851,5.976,5.718,6.367,7.172,5.118,5.551,5.927,5.402,6.37
2333.03,27,5.094,5.526,4.245,2.936,6.144,5.792,3.969,4.877,6.183,3.399,6.396,6.312,4.797,5.841,5.664,6.312,7.202,5.121,5.616,6.017,5.409,6.43
2334.03,27,5.078,5.461,4.19,2.929,6.201,5.885,3.907,4.893,6.29,3.412,6.433,6.303,4.749,5.904,5.687,6.386,7.165,5.143,5.563,6.014,5.388,6.467
2335.03,27,5.059,5.407,4.183,2.835,6.079,5.846,3.928,4.843,6.305,3.429,6.404,6.34,4.774,5.858,5.653,6.379,7.128,5.075,5.522,5.951,5.383,6.444
2336.03,27,4.989,5.535,4.232,2.917,6.16,5.8,3.894,4.91,6.24,3.44,6.386,6.387,4.765,5.863,5.636,6.396,7.17,5.081,5.595,5.954,5.409,6.383
2337.03,27,5.08,5.427,4.232,2.895,6.118,5.783,3.96,4.808,6.265,3.403,6.406,6.395,4.756,5.896,5.672,6.309,7.222,5.071,5.544,5.964,5.411,6.346
2338.03,27,5.125,5.462,4.197,2.903,6.149,5.857,3.949,4.864,6.247,3.452,6.484,6.386,4.782,5.861,5.668,6.408,7.14,5.069,5.558,6.043,5.387,6.415
2339.03,27,5.082,5.378,4.281,2.83,6.156,5.803,3.971,4.807,6.266,3.485,6.407,6.37,4.829,5.908,5.663,6.374,7.17,5.105,5.557,6.016,5.34,6.441
2340.03,27,4.992,5.408,4.234,2.867,6.168,5.875,3.904,4.84,6.201,3.436,6.425,6.345,4.792,5.918,5.631,6.43,7.15,5.129,5.528,6.021,5.381,6.491
2341.03,27,5.082,5.412,4.254,2.908,6.14,5.839,3.838,4.803,6.25,3.465,6.435,6.338,4.776,5.933,5.678,6.378,7.145,5.067,5.567,5.97,5.416,6.426
2342.03,27,5.073,5.406,4.22,2.959,6.074,5.8,3.862,4.836,6.23,3.427,6.447,6.357,4.709,5.9,5.743,6.421,7.154,5.009,5.594,5.941,5.345,6.443
2343.03,27,5.033,5.438,4.225,2.886,6.13,5.858,3.939,4.92,6.2,3.436,6.398,6.349,4.691,5.864,5.655,6.405,7.167,5.128,5.556,5.97,5.412,6.37
2344.03,27,5.032,5.402,4.228,2.93,6.155,5.819,3.88,4.89,6.23,3.434,6.397,6.318,4.708,5.868,5.639,6.42,7.178,5.018,5.496,5.97,5.344,6.368
2345.03,27,5.086,5.396,4.181,2.93,6.117,5.807,3.9,4.866,6.271,3.438,6.404,6.414,4.775,5.855,5.705,6.381,7.155,5.117,5.541,5.972,5.396,6.371
2346.03,27,5.079,5.464,4.159,2.964,6.079,5.806,3.818,4.812,6.214,3.431,6.412,6.355,4.767,5.921,5.685,6.419,7.17,5.1,5.56,5.958,5.382,6.376
2347.03,27,5.015,5.438,4.224,2.888,6.082,5.85,3.936,4.799,6.26,3.44,6.454,6.373,4.732,5.801,5.643,6.373,7.232,5.121,5.56,5.993,5.402,6.493
2348.03,27,5.048,5.444,4.2,2.905,6.082,5.864,3.913,4.792,6.175,3.43,6.444,6.347,4.751,5.798,5.598,6.351,7.171,5.101,5.534,5.997,5.365,6.505
2349.03,27,5.01,5.431,4.225,2.88,6.171,5.85,3.917,4.835,6.199,3.387,6.418,6.359,4.729,5.828,5.661,6.355,7.16,5.035,5.588,6.003,5.374,6.439
2350.03,27,5.045,5.362,4.124,2.905,6.135,5.922,3.975,4.784,6.33,3.443,6.44,6.35,4.699,5.872,5.647,6.389,7.183,5.087,5.568,5.927,5.459,6.4
2351.03,27,5.049,5.335,4.135,2.9,6.09,5.77,3.877,4.808,6.214,3.43,6.453,6.302,4.725,5.789,5.65,6.358,7.159,5.06,5.556,5.956,5.335,6.383
2352.03,27,5.056,5.406,4.16,2.93,6.123,5.822,3.915,4.761,6.228,3.475,6.414,6.307,4.693,5.822,5.629,6.423,7.131,5.073,5.477,5.964,5.37,6.375
2353.03,27,5.018,5.419,4.146,2.908,6.168,5.891,3.907,4.841,6.229,3.392,6.402,6.338,4.784,5.864,5.622,6.34,7.158,5.071,5.51,6.03,5.382,6.388
2354.03,27,5.021,5.354,4.126,2.905,6.137,5.839,3.926,4.84,6.237,3.363,6.45,6.341,4.761,5.816,5.641,6.429,7.138,5.02,5.503,5.984,5.396,6.438
2355.03,27,5.01,5.415,4.051,2.878,6.17,5.892,3.828,4.843,6.26,3.482,6.421,6.347,4.692,5.794,5.619,6.317,7.165,5.032,5.538,6.047,5.371,6.386
2356.03,27,5.008,5.402,4.145,2.928,6.154,5.873,3.94,4.829,6.252,3.406,6.348,6.339,4.679,5.824,5.656,6.327,7.183,5.136,5.548,6.01,5.44,6.466
2357.03,27,4.997,5.349,4.105,2.943,6.137,5.807,3.821,4.831,6.222,3.398,6.364,6.343,4.723,5.881,5.6,6.393,7.194,4.966,5.47,6.041,5.324,6.469
2358.03,27,5.026,5.365,4.116,2.876,6.137,5.811,3.903,4.824,6.198,3.456,6.435,6.357,4.698,5.815,5.668,6.319,7.182,5.073,5.497,5.991,5.385,6.432
2359.03,27,5.003,5.358,4.122,2.93,6.195,5.81,3.862,4.794,6.181,3.413,6.421,6.338,4.753,5.826,5.611,6.371,7.141,5.066,5.466,6.01,5.4,6.424
2360.03,27,5.016,5.345,4.131,2.92,6.125,5.778,3.807,4.816,6.165,3.492,6.365,6.386,4.726,5.872,5.626,6.389,7.201,5.054,5.553,5.985,5.416,6.383
2361.03,27,5.016,5.321,4.14,2.933,6.17,5.863,3.865,4.786,6.254,3.467,6.375,6.309,4.656,5.822,5.581,6.373,7.113,5.053,5.489,5.979,5.351,6.421
2362.03,27,4.997,5.392,4.132,2.91,6.215,5.865,3.882,4.812,6.163,3.366,6.452,6.31,4.7,5.838,5.592,6.363,7.146,5.12,5.52,5.997,5.291,6.453
2363.03,27,5.008,5.362,4.139,2.956,6.134,5.853,3.861,4.836,6.196,3.385,6.438,6.341,4.745,5.885,5.582,6.343,7.107,5.015,5.59,5.93,5.331,6.446
2364.03,27,5.001,5.382,4.19,2.87,6.168,5.876,3.862,4.742,6.182,3.447,6.395,6.316,4.683,5.853,5.696,6.385,7.174,5.018,5.523,5.986,5.387,6.345
2365.03,27,4.97,5.329,4.086,2.902,6.113,5.808,3.858,4.753,6.219,3.448,6.389,6.284,4.707,5.792,5.541,6.408,7.244,5.074,5.504,6.004,5.426,6.395
2366.03,27,4.956,5.398,4.106,2.881,6.097,5.813,3.897,4.766,6.17,3.359,6.484,6.347,4.709,5.824,5.565,6.348,7.107,5.098,5.511,5.996,5.341,6.414
2367.03,27,5.004,5.36,4.109,2.857,6.144,5.813,3.868,4.872,6.152,3.376,6.45,6.386,4.72,5.786,5.527,6.4,7.155,5.062,5.537,6.021,5.419,6.461
2368.03,27,5.014,5.424,4.077,2.89,6.149,5.837,3.935,4.775,6.186,3.501,6.444,6.323,4.68,5.799,5.638,6.443,7.132,5.024,5.498,5.955,5.357,6.405
2369.03,27,4.928,5.351,4.085,2.958,6.125,5.828,3.877,4.804,6.158,3.465,6.442,6.35,4.685,5.879,5.562,6.326,7.212,4.987,5.472,5.989,5.375,6.408
2370.03,27,4.998,5.362,4.126,2.966,6.069,5.828,3.887,4.793,6.231,3.41,6.414,6.364,4.692,5.778,5.578,6.379,7.202,5.014,5.558,5.94,5.416,6.375
2371.03,27,4.977,5.403,4.078,2.928,6.131,5.851,3.829,4.763,6.162,3.407,6.376,6.341,4.588,5.82,5.569,6.385,7.207,5.048,5.497,5.993,5.389,6.428
2372.03,27,5.013,5.315,4.118,2.87,6.148,5.844,3.803,4.833,6.203,3.389,6.444,6.359,4.643,5.777,5.638,6.38,7.177,5.023,5.487,5.987,5.419,6.434
2373.03,27,4.946,5.284,4.101,2.945,6.163,5.836,3.844,4.761,6.252,3.456,6.417,6.356,4.634,5.835,5.639,6.389,7.164,5.07,5.472,6.023,5.367,6.452
2374.03,27,4.961,5.364,4.148,2.938,6.155,5.884,3.834,4.715,6.173,3.412,6.433,6.298,4.647,5.785,5.568,6.435,7.163,5.006,5.527,5.954,5.413,6.407
2375.03,27,4.976,5.31,4.112,2.912,6.144,5.821,3.77,4.788,6.167,3.426,6.429,6.372,4.635,5.771,5.587,6.423,7.163,5.05,5.483,5.946,5.39,6.464
2376.03,27,4.97,5.309,4.119,2.916,6.098,5.89,3.909,4.791,6.15,3.365,6.403,6.39,4.671,5.715,5.583,6.344,7.104,5.037,5.481,6.007,5.396,6.402
2377.03,27,4.979,5.292,4.046,2.876,6.158,5.842,3.811,4.767,6.216,3.388,6.385,6.314,4.738,5.77,5.562,6.356,7.155,5.039,5.436,5.98,5.369,6.432
2378.03,27,4.977,5.337,4.02,2.959,6.172,5.856,3.882,4.752,6.165,3.405,6.467,6.384,4.714,5.823,5.607,6.377,7.134,5.011,5.482,6.013,5.382,6.48
2379.03,27,4.953,5.278,4.053,2.911,6.036,5.849,3.863,4.742,6.228,3.422,6.404,6.336,4.639,5.714,5.547,6.366,7.14,4.944,5.447,5.957,5.45,6.434
2380.03,27,4.927,5.369,4.062,2.914,6.072,5.806,3.796,4.761,6.19,3.363,6.395,6.381,4.614,5.82,5.601,6.415,7.166,4.943,5.429,5.998,5.37,6.368
2381.03,27,4.938,5.268,4.005,2.949,6.104,5.862,3.758,4.707,6.187,3.393,6.463,6.349,4.607,5.785,5.615,6.384,7.115,5.033,5.477,5.995,5.352,6.372
2382.03,27,4.951,5.323,4.088,2.896,6.056,5.803,3.823,4.764,6.157,3.458,6.42,6.37,4.684,5.769,5.546,6.358,7.165,5.044,5.451,6.003,5.365,6.407
2383.03,27,4.919,5.281,4.001,2.903,6.113,5.854,3.839,4.759,6.119,3.406,6.394,6.36,4.689,5.776,5.609,6.403,7.142,5.08,5.443,5.912,5.386,6.395
2384.03,27,4.969,5.276,4.044,2.906,6.122,5.815,3.778,4.668,6.194,3.414,6.43,6.298,4.59,5.772,5.606,6.397,7.219,5.045,5.497,5.944,5.403,6.392
2385.03,27,4.914,5.324,4.031,2.897,6.132,5.834,3.794,4.711,6.181,3.391,6.466,6.354,4.657,5.785,5.565,6.389,7.26,5.007,5.453,5.996,5.36,6.487
2386.03,27,4.86,5.361,4.052,2.93,6.099,5.807,3.839,4.782,6.213,3.427,6.402,6.265,4.647,5.704,5.559,6.411,7.21,4.95,5.439,5.964,5.36,6.398
2387.03,27,4.947,5.303,4.045,2.918,6.069,5.868,3.774,4.714,6.155,3.48,6.377,6.333,4.593,5.786,5.53,6.39,7.183,4.96,5.395,5.939,5.357,6.452
2388.03,27,4.949,5.274,4.092,2.877,6.197,5.818,3.799,4.784,6.126,3.401,6.428,6.339,4.638,5.757,5.483,6.33,7.172,4.989,5.473,6.01,5.331,6.437
2389.03,27,4.953,5.276,4.124,2.94,6.062,5.816,3.736,4.715,6.135,3.388,6.407,6.357,4.643,5.759,5.502,6.412,7.155,4.976,5.458,6.034,5.343,6.446
2390.03,27,4.898,5.221,4.104,2.938,6.102,5.825,3.73,4.699,6.192,3.386,6.351,6.36,4.593,5.748,5.545,6.356,7.222,4.966,5.467,6.006,5.406,6.42
2391.03,27,4.948,5.296,4,2.936,6.125,5.835,3.735,4.689,6.162,3.398,6.404,6.321,4.669,5.802,5.51,6.328,7.227,5.02,5.483,5.959,5.335,6.433
2392.03,27,4.904,5.226,4.03,2.898,6.161,5.858,3.77,4.692,6.188,3.457,6.451,6.368,4.651,5.796,5.547,6.449,7.171,4.98,5.44,6.015,5.382,6.485
2393.03,27,4.954,5.229,3.963,2.83,6.148,5.849,3.752,4.719,6.111,3.418,6.388,6.371,4.623,5.794,5.527,6.344,7.101,4.995,5.458,6.038,5.418,6.462
2394.03,27,4.931,5.25,3.991,2.873,6.167,5.757,3.821,4.69,6.123,3.421,6.445,6.346,4.679,5.722,5.542,6.411,7.096,5.012,5.433,6.012,5.439,6.477
2395.03,27,4.908,5.283,4.025,2.974,6.151,5.867,3.731,4.731,6.187,3.451,6.415,6.354,4.54,5.748,5.56,6.386,7.137,4.982,5.471,6.008,5.367,6.414
2396.03,27,4.991,5.247,4.045,2.934,6.153,5.784,3.76,4.686,6.183,3.425,6.416,6.359,4.64,5.78,5.457,6.397,7.163,4.939,5.456,5.995,5.351,6.431
2397.03,27,4.932,5.24,3.988,2.953,6.127,5.83,3.76,4.695,6.115,3.415,6.507,6.308,4.642,5.724,5.465,6.412,7.108,5.034,5.507,5.934,5.41,6.405
2398.03,27,4.861,5.198,4.009,2.961,6.093,5.875,3.768,4.689,6.155,3.421,6.4,6.393,4.586,5.717,5.522,6.438,7.118,4.998,5.429,5.974,5.394,6.392
2399.03,27,4.875,5.233,3.937,2.907,6.157,5.824,3.75,4.655,6.149,3.413,6.437,6.367,4.597,5.73,5.527,6.429,7.23,4.988,5.43,5.979,5.371,6.435
2400.03,27,4.912,5.249,4.009,2.952,6.199,5.822,3.705,4.693,6.177,3.412,6.417,6.32,4.624,5.714,5.515,6.34,7.195,4.987,5.427,5.857,5.4,6.454
2401.03,27,4.904,5.21,3.963,2.869,6.207,5.784,3.771,4.698,6.174,3.387,6.399,6.353,4.606,5.732,5.51,6.399,7.208,4.924,5.371,6.01,5.394,6.409
2402.03,27,4.869,5.208,4.019,2.923,6.12,5.811,3.773,4.656,6.101,3.478,6.479,6.357,4.616,5.747,5.552,6.379,7.14,5.004,5.464,6.035,5.37,6.443
2403.03,27,4.889,5.243,3.977,2.945,6.128,5.815,3.753,4.622,6.103,3.43,6.428,6.318,4.653,5.702,5.533,6.43,7.169,4.978,5.388,5.983,5.349,6.463
2404.03,27,4.892,5.188,3.952,2.937,6.186,5.755,3.686,4.725,6.103,3.461,6.406,6.344,4.622,5.707,5.521,6.411,7.122,4.961,5.41,5.957,5.33,6.445
2405.03,27,4.912,5.259,4.023,2.965,6.081,5.882,3.696,4.725,6.083,3.45,6.367,6.366,4.575,5.785,5.481,6.458,7.212,4.971,5.383,5.958,5.371,6.411
2406.03,27,4.878,5.219,4.036,2.907,6.116,5.908,3.687,4.709,6.104,3.388,6.365,6.33,4.599,5.702,5.578,6.36,7.173,4.957,5.398,5.951,5.404,6.454
2407.03,27,4.873,5.201,3.998,2.859,6.125,5.856,3.763,4.689,6.088,3.481,6.446,6.366,4.587,5.695,5.543,6.409,7.172,4.933,5.467,6.032,5.347,6.435
2408.03,27,4.879,5.264,3.988,2.923,6.122,5.814,3.707,4.673,6.08,3.371,6.374,6.318,4.642,5.741,5.578,6.443,7.093,4.954,5.413,6.019,5.387,6.367
2409.03,27,4.875,5.195,3.96,2.936,6.139,5.758,3.769,4.637,6.095,3.481,6.466,6.316,4.593,5.744,5.514,6.453,7.188,4.884,5.39,6.036,5.391,6.454
2410.03,27,4.935,5.203,4.036,2.872,6.143,5.817,3.674,4.695,6.109,3.396,6.412,6.316,4.589,5.751,5.561,6.401,7.156,4.92,5.42,6.001,5.373,6.424
2411.03,27,4.843,5.189,3.983,2.902,6.173,5.809,3.683,4.653,6.131,3.453,6.425,6.285,4.591,5.698,5.477,6.396,7.17,4.96,5.45,5.981,5.332,6.433
2412.03,27,4.917,5.156,3.968,2.898,6.141,5.808,3.746,4.697,6.187,3.441,6.448,6.326,4.577,5.687,5.491,6.409,7.147,4.934,5.428,6.018,5.383,6.441
2413.03,27,4.852,5.254,3.942,2.931,6.099,5.815,3.674,4.647,6.157,3.45,6.394,6.362,4.489,5.699,5.533,6.328,7.125,4.976,5.38,6.044,5.406,6.417
2414.03,27,4.894,5.174,3.947,2.919,6.132,5.829,3.65,4.633,6.108,3.448,6.348,6.342,4.617,5.68,5.53,6.478,7.189,4.887,5.345,5.969,5.371,6.464
2415.03,27,4.822,5.186,4.012,2.9,6.133,5.881,3.673,4.668,6.084,3.426,6.358,6.343,4.539,5.661,5.439,6.379,7.121,4.934,5.381,5.949,5.43,6.465
2416.03,27,4.801,5.16,3.972,2.912,6.174,5.873,3.644,4.703,6.094,3.394,6.395,6.284,4.574,5.691,5.496,6.386,7.139,4.908,5.338,5.942,5.401,6.431
2417.03,27,4.827,5.19,3.974,2.936,6.116,5.858,3.686,4.634,6.09,3.457,6.443,6.348,4.653,5.698,5.475,6.412,7.128,4.937,5.382,6.032,5.323,6.464
2418.03,27,4.821,5.21,3.966,2.985,6.145,5.84,3.705,4.579,6.128,3.383,6.431,6.381,4.531,5.737,5.501,6.357,7.172,4.984,5.388,5.997,5.35,6.36
2419.03,27,4.841,5.177,3.908,2.934,6.112,5.84,3.684,4.631,6.118,3.448,6.411,6.345,4.543,5.718,5.418,6.362,7.18,4.952,5.39,6.035,5.434,6.432
2420.03,27,4.842,5.174,3.866,2.917,6.106,5.854,3.698,4.642,6.096,3.484,6.396,6.327,4.531,5.696,5.491,6.393,7.189,4.91,5.44,6.044,5.425,6.472
2421.03,27,4.828,5.236,3.871,2.849,6.142,5.799,3.715,4.612,6.141,3.421,6.331,6.321,4.554,5.746,5.476,6.368,7.217,4.909,5.372,6.033,5.316,6.48
2422.03,27,4.783,5.163,3.913,2.984,6.115,5.827,3.635,4.701,6.073,3.465,6.38,6.293,4.544,5.71,5.473,6.346,7.158,4.891,5.382,5.947,5.384,6.534
2423.03,27,4.805,5.153,3.953,2.916,6.14,5.845,3.684,4.622,6.127,3.43,6.394,6.313,4.555,5.698,5.511,6.38,7.211,4.875,5.387,6.032,5.385,6.486
2424.03,27,4.86,5.207,3.904,2.866,6.143,5.87,3.665,4.594,6.136,3.388,6.469,6.306,4.514,5.737,5.462,6.388,7.177,4.954,5.379,5.999,5.433,6.447
2425.03,27,4.882,5.149,3.92,2.924,6.142,5.873,3.595,4.649,6.128,3.418,6.443,6.359,4.554,5.724,5.499,6.355,7.135,4.946,5.383,5.92,5.346,6.451
2426.03,27,4.792,5.141,3.934,2.907,6.148,5.876,3.614,4.635,6.086,3.424,6.467,6.41,4.524,5.677,5.476,6.391,7.129,4.946,5.421,6.013,5.383,6.368
2427.03,27,4.841,5.179,3.849,2.897,6.057,5.822,3.617,4.639,6.184,3.449,6.421,6.333,4.581,5.709,5.432,6.436,7.149,4.843,5.332,6.079,5.396,6.434
2428.03,27,4.834,5.154,3.927,2.914,6.094,5.847,3.674,4.564,6.126,3.353,6.427,6.381,4.508,5.664,5.453,6.372,7.172,4.879,5.365,5.977,5.386,6.476
2429.03,27,4.842,5.138,3.868,2.96,6.072,5.741,3.605,4.618,6.093,3.446,6.383,6.298,4.463,5.717,5.522,6.456,7.191,4.91,5.371,5.966,5.411,6.422
2430.03,27,4.731,5.183,3.909,2.932,6.089,5.774,3.645,4.611,6.052,3.407,6.397,6.382,4.556,5.727,5.43,6.303,7.15,4.903,5.345,6,5.418,6.423
2431.03,27,4.811,5.143,3.915,2.854,6.167,5.8,3.595,4.578,6.117,3.412,6.393,6.365,4.481,5.627,5.428,6.39,7.17,4.803,5.341,6.01,5.427,6.41
2432.03,27,4.803,5.155,3.885,2.946,6.141,5.802,3.646,4.621,6.058,3.391,6.377,6.33,4.522,5.675,5.517,6.323,7.161,4.884,5.396,5.971,5.361,6.447
2433.03,27,4.861,5.183,3.902,2.891,6.185,5.823,3.632,4.528,6.067,3.452,6.38,6.332,4.576,5.587,5.489,6.447,7.206,4.898,5.307,5.987,5.384,6.507
2434.03,27,4.795,5.095,3.897,2.91,6.116,5.83,3.647,4.537,6.064,3.448,6.388,6.307,4.543,5.662,5.457,6.33,7.12,4.887,5.331,5.89,5.454,6.32
2435.03,27,4.86,5.149,3.86,2.93,6.095,5.803,3.689,4.584,6.15,3.431,6.436,6.365,4.499,5.632,5.458,6.374,7.172,4.977,5.386,6.011,5.409,6.474
2436.03,27,4.791,5.164,3.907,2.968,6.136,5.895,3.639,4.607,6.111,3.375,6.457,6.403,4.495,5.645,5.417,6.404,7.181,4.885,5.359,5.994,5.369,6.454
2437.03,27,4.813,5.122,3.858,2.884,6.181,5.857,3.677,4.58,6.141,3.406,6.355,6.315,4.561,5.681,5.445,6.33,7.157,4.848,5.384,5.925,5.39,6.403
2438.03,27,4.683,5.104,3.872,2.944,6.112,5.919,3.632,4.609,6.055,3.42,6.457,6.398,4.453,5.685,5.434,6.323,7.15,4.875,5.354,5.999,5.362,6.422
2439.03,27,4.736,5.124,3.883,2.908,6.2,5.836,3.669,4.553,6.073,3.375,6.447,6.362,4.507,5.671,5.413,6.413,7.19,4.859,5.367,5.994,5.349,6.481
2440.03,27,4.773,5.175,3.903,2.867,6.234,5.886,3.703,4.556,6.003,3.415,6.401,6.256,4.515,5.7,5.461,6.362,7.162,4.877,5.304,5.983,5.419,6.442
2441.03,27,4.792,5.117,3.867,2.949,6.141,5.825,3.675,4.613,6.125,3.366,6.413,6.37,4.512,5.617,5.396,6.421,7.115,4.935,5.403,5.967,5.378,6.413
2442.03,27,4.806,5.132,3.821,2.928,6.193,5.898,3.609,4.588,6.066,3.435,6.431,6.323,4.465,5.636,5.415,6.363,7.174,4.842,5.363,6.008,5.354,6.486
2443.03,27,4.677,5.076,3.92,2.915,6.133,5.852,3.6,4.525,6.066,3.416,6.383,6.406,4.503,5.653,5.433,6.396,7.235,4.92,5.396,5.978,5.328,6.439
2444.03,27,4.73,5.138,3.857,2.934,6.12,5.834,3.638,4.567,6.03,3.367,6.467,6.36,4.465,5.585,5.41,6.38,7.196,4.939,5.315,5.975,5.398,6.436
2445.03,27,4.76,5.079,3.857,2.947,6.157,5.823,3.615,4.554,6.061,3.432,6.427,6.34,4.504,5.623,5.389,6.351,7.191,4.875,5.35,5.952,5.351,6.435
2446.03,27,4.792,5.046,3.873,2.955,6.123,5.815,3.598,4.575,6.04,3.438,6.369,6.38,4.456,5.639,5.454,6.417,7.144,4.881,5.31,5.977,5.407,6.438
2447.03,27,4.773,5.057,3.896,2.913,6.113,5.838,3.581,4.577,6.069,3.452,6.431,6.37,4.457,5.577,5.402,6.412,7.204,4.862,5.31,5.998,5.385,6.407
2448.03,27,4.794,5.067,3.855,2.94,6.121,5.862,3.618,4.506,6.097,3.433,6.417,6.324,4.527,5.614,5.418,6.362,7.19,4.868,5.334,5.945,5.381,6.433
2449.03,27,4.763,5.069,3.788,2.897,6.062,5.882,3.593,4.521,6.054,3.448,6.408,6.356,4.46,5.663,5.419,6.419,7.241,4.871,5.34,5.952,5.428,6.386
2450.03,27,4.735,5.077,3.86,3.018,6.235,5.898,3.569,4.508,6.054,3.42,6.465,6.338,4.53,5.632,5.465,6.416,7.184,4.917,5.316,6.006,5.387,6.422
2451.03,27,4.799,5.055,3.804,2.945,6.114,5.87,3.545,4.54,6.107,3.419,6.47,6.311,4.474,5.664,5.416,6.416,7.202,4.873,5.313,6.003,5.367,6.462
2452.03,27,4.775,5.084,3.764,2.915,6.104,5.859,3.565,4.567,6.054,3.479,6.412,6.292,4.527,5.637,5.483,6.362,7.18,4.918,5.309,6.021,5.347,6.361
2453.03,27,4.755,5.052,3.83,2.915,6.083,5.842,3.643,4.516,6.044,3.463,6.465,6.324,4.431,5.598,5.453,6.445,7.187,4.839,5.331,5.95,5.374,6.412
2454.03,27,4.748,5.061,3.798,2.946,6.144,5.809,3.562,4.526,6.069,3.432,6.383,6.296,4.49,5.534,5.371,6.403,7.123,4.849,5.301,5.969,5.43,6.419
2455.03,27,4.704,5.046,3.824,2.919,6.142,5.86,3.576,4.612,6.029,3.406,6.471,6.306,4.522,5.598,5.39,6.345,7.172,4.821,5.296,5.986,5.312,6.419
2456.03,27,4.75,5.099,3.829,2.885,6.177,5.849,3.599,4.562,6.066,3.39,6.386,6.313,4.413,5.597,5.402,6.382,7.155,4.802,5.305,5.917,5.381,6.392
2457.03,27,4.765,5.027,3.781,2.891,6.109,5.828,3.54,4.488,6.033,3.416,6.457,6.383,4.424,5.626,5.418,6.351,7.132,4.818,5.299,5.934,5.339,6.424
2458.03,27,4.694,5.051,3.84,3.038,6.134,5.774,3.547,4.501,6.046,3.446,6.43,6.352,4.486,5.595,5.426,6.359,7.119,4.814,5.324,5.965,5.415,6.416
2459.03,27,4.804,5.017,3.809,2.939,6.115,5.813,3.542,4.54,6.015,3.441,6.349,6.362,4.415,5.656,5.378,6.421,7.14,4.857,5.284,5.996,5.409,6.344
2460.03,27,4.712,5.064,3.844,2.869,6.149,5.814,3.579,4.469,6.024,3.425,6.526,6.303,4.438,5.602,5.331,6.379,7.142,4.854,5.301,5.955,5.305,6.433
2461.03,27,4.717,4.995,3.774,2.9,6.072,5.806,3.552,4.534,5.953,3.45,6.443,6.312,4.455,5.621,5.361,6.368,7.107,4.892,5.217,5.988,5.38,6.43
2462.03,27,4.665,4.987,3.81,2.925,6.107,5.782,3.57,4.519,6.055,3.451,6.439,6.41,4.414,5.543,5.387,6.371,7.124,4.882,5.307,5.973,5.355,6.405
2463.03,27,4.737,5.07,3.709,2.932,6.155,5.83,3.515,4.498,6.026,3.365,6.395,6.344,4.395,5.636,5.437,6.429,7.19,4.791,5.24,5.993,5.424,6.489
2464.03,27,4.711,5.107,3.756,2.926,6.07,5.845,3.542,4.432,6.026,3.399,6.376,6.379,4.413,5.615,5.375,6.368,7.163,4.803,5.298,5.969,5.438,6.4
2465.03,27,4.654,4.97,3.786,2.884,6.187,5.839,3.55,4.503,6.052,3.433,6.468,6.417,4.484,5.624,5.343,6.371,7.163,4.876,5.272,5.997,5.308,6.401
2466.03,27,4.709,5,3.763,2.913,6.186,5.821,3.6,4.521,6.095,3.467,6.426,6.338,4.486,5.63,5.371,6.45,7.208,4.821,5.348,5.955,5.385,6.476
2467.03,27,4.754,5.04,3.762,2.939,6.145,5.832,3.58,4.492,6.004,3.412,6.425,6.358,4.428,5.674,5.464,6.406,7.158,4.827,5.263,5.945,5.336,6.391
2468.03,27,4.708,4.971,3.81,2.937,6.126,5.859,3.533,4.512,5.958,3.455,6.349,6.285,4.453,5.662,5.293,6.398,7.236,4.904,5.299,5.975,5.368,6.452
2469.03,27,4.664,5.019,3.825,3.007,6.167,5.868,3.484,4.48,5.992,3.404,6.394,6.336,4.398,5.609,5.311,6.328,7.145,4.84,5.231,5.965,5.315,6.441
2470.03,27,4.714,4.991,3.771,3,6.109,5.825,3.537,4.453,6.021,3.417,6.434,6.323,4.427,5.498,5.374,6.42,7.135,4.816,5.324,5.957,5.449,6.415
2471.03,27,4.721,4.975,3.77,2.947,6.157,5.799,3.513,4.451,5.967,3.45,6.457,6.31,4.395,5.551,5.307,6.402,7.188,4.802,5.282,5.937,5.441,6.39
2472.03,27,4.643,4.982,3.812,2.921,6.141,5.813,3.504,4.539,5.968,3.37,6.397,6.363,4.408,5.667,5.366,6.395,7.15,4.755,5.251,5.975,5.365,6.465
2473.03,27,4.681,4.971,3.826,2.905,6.155,5.837,3.532,4.474,6.037,3.394,6.441,6.318,4.461,5.592,5.36,6.356,7.15,4.8,5.268,6.019,5.321,6.407
2474.03,27,4.682,4.96,3.746,2.893,6.115,5.937,3.548,4.447,5.974,3.392,6.421,6.381,4.404,5.561,5.342,6.346,7.192,4.843,5.26,5.971,5.376,6.457
2475.03,27,4.62,4.994,3.68,2.902,6.132,5.813,3.531,4.456,6.002,3.393,6.39,6.314,4.388,5.522,5.435,6.39,7.157,4.746,5.261,6.019,5.35,6.437
2476.03,27,4.703,4.971,3.655,2.912,6.144,5.859,3.507,4.475,6.018,3.461,6.361,6.342,4.415,5.515,5.373,6.427,7.154,4.809,5.268,6.006,5.36,6.415
2477.03,27,4.668,4.948,3.776,2.961,6.133,5.876,3.456,4.474,6,3.445,6.422,6.289,4.363,5.591,5.365,6.377,7.208,4.804,5.24,6.03,5.406,6.398
2478.03,27,4.694,4.916,3.765,2.945,6.124,5.824,3.527,4.403,5.962,3.418,6.472,6.33,4.439,5.553,5.291,6.405,7.186,4.706,5.276,5.985,5.401,6.44
2479.03,27,4.696,4.954,3.704,2.971,6.059,5.858,3.434,4.46,5.995,3.438,6.416,6.313,4.398,5.646,5.332,6.334,7.19,4.77,5.239,5.969,5.399,6.41
2480.03,27,4.697,5.041,3.767,2.993,6.173,5.848,3.564,4.402,6.036,3.409,6.353,6.358,4.432,5.552,5.335,6.375,7.153,4.751,5.188,5.987,5.474,6.445
2481.03,27,4.64,4.893,3.759,2.907,6.114,5.869,3.497,4.444,6.1,3.421,6.485,6.337,4.377,5.582,5.285,6.354,7.174,4.777,5.324,5.971,5.363,6.454
2482.03,27,4.688,4.831,3.748,2.904,6.108,5.823,3.504,4.411,5.965,3.504,6.387,6.355,4.408,5.538,5.32,6.347,7.166,4.782,5.311,5.939,5.39,6.429
2483.03,27,4.707,5.034,3.692,2.921,6.117,5.828,3.458,4.502,6.016,3.396,6.426,6.313,4.409,5.595,5.354,6.372,7.2,4.801,5.245,5.989,5.369,6.41
2484.03,27,4.666,4.921,3.649,2.906,6.129,5.883,3.457,4.415,5.997,3.436,6.423,6.315,4.41,5.521,5.374,6.382,7.109,4.781,5.212,5.969,5.368,6.387
2485.03,27,4.673,4.91,3.746,2.953,6.138,5.868,3.469,4.466,6.062,3.396,6.376,6.366,4.44,5.542,5.347,6.384,7.142,4.776,5.214,5.967,5.38,6.468
2486.03,27,4.647,4.995,3.703,2.987,6.151,5.792,3.415,4.481,6.038,3.457,6.376,6.336,4.394,5.619,5.341,6.397,7.251,4.756,5.237,5.985,5.372,6.462
2487.03,27,4.63,4.888,3.66,2.972,6.135,5.819,3.487,4.474,5.957,3.405,6.368,6.346,4.465,5.603,5.352,6.347,7.182,4.736,5.229,5.976,5.394,6.443
2488.03,27,4.652,4.986,3.738,2.921,6.193,5.891,3.472,4.399,5.93,3.448,6.395,6.309,4.381,5.557,5.346,6.389,7.171,4.845,5.257,6.021,5.397,6.381
2489.03,27,4.597,4.97,3.769,2.849,6.161,5.865,3.462,4.433,5.991,3.404,6.372,6.352,4.313,5.475,5.38,6.364,7.117,4.793,5.228,5.978,5.361,6.42
2490.03,27,4.703,4.932,3.745,3.008,6.094,5.894,3.446,4.38,5.955,3.397,6.47,6.376,4.421,5.571,5.366,6.355,7.122,4.791,5.242,6.004,5.404,6.426
2491.03,27,4.641,4.952,3.659,2.941,6.142,5.859,3.492,4.509,5.969,3.402,6.414,6.344,4.324,5.465,5.322,6.469,7.199,4.82,5.192,5.991,5.42,6.441
2492.03,27,4.627,4.96,3.652,2.974,6.115,5.791,3.448,4.429,5.982,3.407,6.424,6.35,4.391,5.505,5.323,6.371,7.106,4.737,5.306,5.933,5.369,6.44
2493.03,27,4.62,4.903,3.71,2.909,6.091,5.861,3.42,4.453,5.973,3.42,6.421,6.284,4.388,5.541,5.339,6.439,7.18,4.753,5.155,5.914,5.416,6.457
2494.03,27,4.586,4.895,3.653,2.936,6.149,5.857,3.439,4.359,5.987,3.456,6.452,6.347,4.338,5.559,5.328,6.409,7.234,4.779,5.187,5.965,5.45,6.422
2495.03,27,4.582,4.923,3.644,2.876,6.101,5.886,3.492,4.37,5.997,3.434,6.42,6.288,4.316,5.507,5.35,6.37,7.107,4.709,5.176,5.971,5.412,6.447
2496.03,27,4.628,4.907,3.78,2.917,6.129,5.878,3.387,4.409,6.052,3.48,6.438,6.37,4.363,5.581,5.35,6.391,7.14,4.777,5.141,5.967,5.43,6.401
2497.03,27,4.646,4.873,3.604,2.942,6.181,5.832,3.469,4.371,5.949,3.458,6.481,6.346,4.349,5.504,5.287,6.322,7.229,4.831,5.166,5.969,5.391,6.437
2498.03,27,4.551,4.942,3.599,2.977,6.189,5.882,3.425,4.441,5.967,3.379,6.417,6.297,4.36,5.538,5.272,6.355,7.197,4.804,5.263,5.973,5.379,6.439
2499.03,27,4.65,4.93,3.669,2.953,6.199,5.81,3.44,4.37,5.94,3.399,6.387,6.349,4.306,5.533,5.248,6.374,7.172,4.689,5.241,6.042,5.382,6.481
2500.03,27,4.559,4.887,3.668,3.015,6.15,5.82,3.469,4.342,5.962,3.47,6.409,6.392,4.316,5.551,5.276,6.391,7.106,4.821,5.191,5.99,5.4,6.437
2501.03,27,4.6,4.898,3.616,2.97,6.158,5.802,3.401,4.413,5.983,3.43,6.445,6.346,4.327,5.526,5.259,6.382,7.203,4.73,5.14,6.017,5.367,6.395
2502.03,27,4.579,4.878,3.673,2.972,6.132,5.872,3.44,4.391,5.994,3.424,6.4,6.31,4.356,5.443,5.383,6.414,7.195,4.739,5.183,5.929,5.306,6.342
2503.03,27,4.561,4.859,3.603,2.927,6.141,5.845,3.365,4.444,5.994,3.419,6.378,6.354,4.324,5.482,5.269,6.41,7.204,4.729,5.172,6.014,5.414,6.407
2504.03,27,4.624,4.855,3.651,2.943,6.113,5.871,3.484,4.399,5.982,3.379,6.439,6.322,4.314,5.506,5.265,6.42,7.163,4.742,5.153,5.95,5.435,6.411
2505.03,27,4.561,4.858,3.649,2.907,6.135,5.82,3.426,4.33,5.961,3.489,6.354,6.366,4.335,5.545,5.333,6.432,7.149,4.79,5.189,5.99,5.372,6.37
2506.03,27,4.595,4.836,3.629,2.941,6.106,5.829,3.361,4.383,5.958,3.416,6.375,6.436,4.383,5.518,5.219,6.388,7.143,4.786,5.144,6.008,5.472,6.422
2507.03,27,4.589,4.791,3.679,2.97,6.157,5.874,3.417,4.373,5.914,3.408,6.377,6.377,4.333,5.548,5.247,6.362,7.161,4.701,5.225,5.983,5.364,6.431
2508.03,27,4.576,4.832,3.689,2.986,6.055,5.895,3.382,4.4,5.951,3.497,6.382,6.354,4.36,5.473,5.288,6.385,7.127,4.699,5.175,5.989,5.319,6.455
2509.03,27,4.573,4.845,3.628,2.974,6.083,5.84,3.364,4.371,5.934,3.463,6.434,6.34,4.288,5.456,5.229,6.425,7.133,4.661,5.203,5.998,5.422,6.345
2510.03,27,4.634,4.85,3.638,2.902,6.132,5.875,3.478,4.455,5.874,3.464,6.439,6.316,4.333,5.528,5.323,6.421,7.187,4.726,5.159,5.973,5.403,6.454
2511.03,27,4.567,4.843,3.695,2.972,6.198,5.837,3.408,4.383,5.936,3.399,6.455,6.352,4.374,5.505,5.229,6.378,7.155,4.691,5.151,6.016,5.431,6.505
2512.03,27,4.522,4.836,3.563,2.922,6.134,5.887,3.343,4.397,5.919,3.386,6.51,6.321,4.341,5.444,5.224,6.442,7.162,4.731,5.225,5.991,5.336,6.47
2513.03,27,4.589,4.834,3.614,2.983,6.137,5.896,3.383,4.335,5.989,3.447,6.386,6.313,4.329,5.52,5.155,6.415,7.227,4.712,5.143,5.99,5.391,6.374
2514.03,27,4.561,4.858,3.645,2.924,6.128,5.823,3.419,4.422,5.955,3.395,6.464,6.328,4.291,5.482,5.254,6.366,7.191,4.746,5.173,5.969,5.35,6.472
2515.03,27,4.504,4.8,3.627,2.918,6.054,5.868,3.433,4.323,5.927,3.511,6.476,6.318,4.346,5.503,5.266,6.393,7.166,4.733,5.094,5.937,5.511,6.482
2516.03,27,4.576,4.859,3.573,2.994,6.108,5.848,3.367,4.354,5.928,3.455,6.383,6.263,4.317,5.497,5.258,6.356,7.121,4.705,5.163,5.982,5.385,6.454
2517.03,27,4.462,4.815,3.535,2.88,6.074,5.804,3.358,4.389,5.93,3.434,6.438,6.278,4.385,5.472,5.312,6.407,7.177,4.754,5.082,5.997,5.384,6.475
2518.03,27,4.616,4.874,3.597,2.941,6.089,5.832,3.346,4.308,5.937,3.419,6.369,6.397,4.334,5.466,5.272,6.347,7.217,4.677,5.214,5.978,5.349,6.408
2519.03,27,4.556,4.776,3.574,2.874,6.155,5.885,3.38,4.284,5.97,3.424,6.415,6.31,4.289,5.469,5.208,6.413,7.168,4.716,5.073,5.971,5.38,6.461
2520.03,27,4.441,4.787,3.553,2.905,6.118,5.794,3.374,4.361,5.935,3.456,6.374,6.292,4.268,5.497,5.26,6.368,7.21,4.756,5.194,5.977,5.355,6.512
2521.03,27,4.513,4.859,3.624,2.892,6.122,5.83,3.365,4.365,5.887,3.355,6.373,6.395,4.361,5.479,5.239,6.406,7.177,4.704,5.163,5.955,5.433,6.489
2522.03,27,4.523,4.82,3.586,3.013,6.179,5.84,3.418,4.341,5.924,3.452,6.457,6.407,4.268,5.458,5.26,6.414,7.215,4.712,5.153,5.981,5.401,6.474
2523.03,27,4.492,4.806,3.61,2.953,6.128,5.801,3.364,4.366,5.926,3.413,6.427,6.36,4.367,5.474,5.251,6.379,7.184,4.732,5.134,6.012,5.351,6.445
2524.03,27,4.496,4.739,3.537,2.917,6.137,5.867,3.342,4.258,5.954,3.392,6.378,6.324,4.285,5.484,5.228,6.44,7.173,4.725,5.128,5.953,5.351,6.443
2525.03,27,4.526,4.771,3.566,2.908,6.144,5.764,3.36,4.317,5.947,3.406,6.439,6.35,4.247,5.532,5.258,6.412,7.238,4.699,5.157,6.036,5.343,6.354
2526.03,27,4.61,4.749,3.607,2.908,6.145,5.829,3.338,4.321,5.871,3.499,6.439,6.278,4.292,5.453,5.294,6.424,7.147,4.731,5.108,5.994,5.402,6.42
2527.03,27,4.563,4.778,3.62,2.918,6.096,5.886,3.399,4.347,5.917,3.406,6.415,6.293,4.266,5.451,5.193,6.461,7.154,4.698,5.093,5.979,5.363,6.42
2528.03,27,4.617,4.757,3.515,2.968,6.151,5.857,3.345,4.302,5.893,3.446,6.398,6.265,4.249,5.459,5.256,6.419,7.206,4.7,5.086,5.906,5.41,6.408
2529.03,27,4.564,4.783,3.56,2.87,6.063,5.849,3.285,4.345,5.911,3.436,6.423,6.273,4.283,5.481,5.249,6.403,7.213,4.692,5.071,5.947,5.365,6.425
2530.03,27,4.525,4.802,3.583,2.995,6.198,5.845,3.354,4.353,5.859,3.397,6.367,6.25,4.282,5.458,5.257,6.42,7.154,4.682,5.126,6.041,5.44,6.385
2531.03,27,4.525,4.783,3.54,2.926,6.108,5.81,3.332,4.323,5.924,3.44,6.429,6.259,4.269,5.434,5.233,6.411,7.154,4.65,5.108,6.016,5.439,6.447
2532.03,27,4.476,4.743,3.516,2.949,6.112,5.841,3.324,4.254,5.896,3.421,6.456,6.321,4.247,5.456,5.233,6.418,7.18,4.649,5.124,6.039,5.375,6.463
2533.03,27,4.552,4.753,3.583,2.943,6.148,5.876,3.349,4.274,5.888,3.47,6.456,6.39,4.272,5.492,5.188,6.396,7.116,4.657,5.119,5.974,5.39,6.437
2534.03,27,4.503,4.791,3.594,2.968,6.121,5.89,3.326,4.294,5.949,3.438,6.397,6.288,4.286,5.432,5.229,6.43,7.195,4.663,5.105,6.024,5.393,6.428
2535.03,27,4.511,4.776,3.496,2.936,6.164,5.844,3.323,4.321,5.924,3.396,6.419,6.318,4.287,5.425,5.206,6.369,7.155,4.725,5.105,6.001,5.389,6.474
2536.03,27,4.529,4.736,3.571,2.979,6.183,5.849,3.312,4.31,5.895,3.472,6.365,6.401,4.257,5.481,5.221,6.331,7.205,4.644,5.099,6.001,5.366,6.48
2537.03,27,4.445,4.821,3.537,2.918,6.154,5.85,3.282,4.268,5.862,3.49,6.432,6.329,4.195,5.485,5.191,6.428,7.1,4.714,5.148,5.966,5.387,6.413
2538.03,27,4.503,4.738,3.446,3.003,6.144,5.811,3.34,4.249,5.94,3.394,6.493,6.38,4.249,5.411,5.226,6.355,7.121,4.644,5.124,5.983,5.327,6.392
2539.03,27,4.493,4.702,3.541,2.896,6.211,5.841,3.328,4.284,5.872,3.435,6.37,6.376,4.16,5.481,5.252,6.377,7.16,4.678,5.117,5.97,5.346,6.459
2540.03,27,4.502,4.701,3.491,3.016,6.111,5.876,3.292,4.233,5.908,3.424,6.433,6.309,4.296,5.45,5.15,6.396,7.142,4.663,5.12,5.983,5.327,6.444
2541.03,27,4.427,4.714,3.501,2.949,6.151,5.857,3.352,4.26,5.887,3.457,6.43,6.342,4.217,5.419,5.188,6.325,7.213,4.645,5.127,5.995,5.383,6.464
2542.03,27,4.489,4.702,3.533,2.894,6.12,5.825,3.306,4.227,5.906,3.418,6.473,6.264,4.208,5.405,5.198,6.456,7.172,4.726,5.078,6.016,5.368,6.441
2543.03,27,4.517,4.786,3.446,2.883,6.123,5.893,3.341,4.306,5.949,3.385,6.397,6.378,4.289,5.412,5.188,6.419,7.099,4.688,5.108,5.989,5.378,6.432
2544.03,27,4.506,4.73,3.483,2.958,6.123,5.857,3.294,4.286,5.916,3.442,6.473,6.305,4.267,5.415,5.206,6.412,7.184,4.652,5.091,5.993,5.44,6.429
2545.03,27,4.455,4.722,3.453,2.898,6.158,5.853,3.227,4.264,5.911,3.448,6.417,6.339,4.227,5.345,5.184,6.435,7.245,4.639,5.11,5.975,5.431,6.352
2546.03,27,4.457,4.71,3.507,2.888,6.192,5.846,3.242,4.289,5.882,3.466,6.388,6.363,4.19,5.405,5.154,6.382,7.137,4.621,5.091,5.987,5.373,6.494
2547.03,27,4.449,4.734,3.507,2.946,6.12,5.847,3.301,4.276,5.889,3.437,6.46,6.329,4.197,5.434,5.179,6.396,7.184,4.633,5.028,5.955,5.304,6.445
2548.03,27,4.46,4.757,3.487,2.908,6.157,5.812,3.261,4.271,5.903,3.405,6.4,6.327,4.192,5.415,5.164,6.341,7.106,4.649,5.075,6.018,5.405,6.472
2549.03,27,4.417,4.666,3.487,2.974,6.133,5.835,3.239,4.237,5.913,3.411,6.446,6.314,4.19,5.364,5.188,6.394,7.188,4.682,5.038,6.001,5.382,6.435
2550.03,27,4.513,4.684,3.488,2.933,6.103,5.824,3.281,4.247,5.865,3.416,6.424,6.282,4.251,5.376,5.181,6.4,7.207,4.621,5.041,5.946,5.382,6.393
2551.03,27,4.441,4.664,3.434,2.999,6.079,5.856,3.273,4.185,5.875,3.367,6.357,6.347,4.209,5.465,5.172,6.43,7.171,4.622,5.043,6.017,5.376,6.47
2552.03,27,4.426,4.706,3.481,2.921,6.083,5.893,3.244,4.199,5.913,3.462,6.388,6.304,4.249,5.337,5.159,6.42,7.202,4.674,5.109,5.931,5.369,6.385
2553.03,27,4.417,4.632,3.484,2.941,6.141,5.816,3.267,4.26,5.847,3.378,6.477,6.352,4.167,5.394,5.146,6.373,7.094,4.618,5.088,5.98,5.398,6.406
2554.03,27,4.404,4.709,3.449,2.913,6.175,5.869,3.276,4.283,5.857,3.442,6.416,6.337,4.208,5.433,5.158,6.338,7.182,4.6,5,5.965,5.367,6.413
2555.03,27,4.424,4.719,3.516,2.944,6.121,5.821,3.247,4.233,5.892,3.423,6.394,6.39,4.218,5.38,5.146,6.425,7.094,4.626,5.044,5.987,5.435,6.438
2556.03,27,4.434,4.643,3.447,2.876,6.147,5.899,3.276,4.145,5.838,3.487,6.452,6.364,4.229,5.405,5.158,6.367,7.194,4.64,5.061,5.952,5.461,6.42
2557.03,27,4.429,4.664,3.457,2.954,6.091,5.819,3.23,4.235,5.838,3.394,6.431,6.406,4.236,5.38,5.143,6.332,7.181,4.557,5.03,5.973,5.375,6.467
2558.03,27,4.461,4.692,3.441,2.914,6.132,5.831,3.262,4.22,5.902,3.333,6.451,6.308,4.155,5.4,5.164,6.437,7.115,4.638,5.047,5.975,5.362,6.363
2559.03,27,4.432,4.643,3.446,2.915,6.103,5.827,3.235,4.195,5.831,3.422,6.446,6.304,4.164,5.369,5.15,6.381,7.129,4.606,5.064,6.021,5.394,6.423
2560.03,27,4.437,4.707,3.459,2.935,6.169,5.842,3.254,4.229,5.818,3.463,6.447,6.323,4.149,5.413,5.202,6.44,7.177,4.624,5.013,6.003,5.349,6.436
2561.03,27,4.415,4.629,3.439,2.911,6.15,5.866,3.246,4.245,5.812,3.38,6.392,6.337,4.223,5.349,5.143,6.385,7.179,4.606,5.06,5.965,5.334,6.475
2562.03,27,4.427,4.628,3.455,2.957,6.129,5.881,3.256,4.238,5.862,3.409,6.427,6.333,4.224,5.402,5.203,6.416,7.283,4.625,5.047,5.962,5.414,6.419
2563.03,27,4.46,4.672,3.386,2.972,6.155,5.887,3.216,4.206,5.893,3.423,6.375,6.364,4.208,5.371,5.179,6.417,7.273,4.584,5.046,6.006,5.454,6.412
2564.03,27,4.377,4.651,3.461,2.964,6.162,5.873,3.212,4.212,5.862,3.493,6.392,6.365,4.204,5.354,5.119,6.364,7.137,4.647,5.045,5.983,5.459,6.471
2565.03,27,4.413,4.644,3.376,3.021,6.164,5.851,3.141,4.142,5.906,3.385,6.437,6.346,4.203,5.354,5.113,6.411,7.201,4.647,5.023,5.976,5.35,6.422
2566.03,27,4.37,4.7,3.428,2.961,6.177,5.843,3.216,4.173,5.786,3.435,6.464,6.378,4.098,5.423,5.185,6.347,7.194,4.636,5.097,5.941,5.366,6.453
2567.03,27,4.408,4.678,3.443,2.925,6.138,5.846,3.14,4.221,5.846,3.414,6.451,6.315,4.223,5.4,5.174,6.404,7.158,4.546,5.01,6.012,5.346,6.466
2568.03,27,4.349,4.654,3.48,2.904,6.127,5.877,3.245,4.192,5.86,3.463,6.479,6.354,4.198,5.364,5.148,6.425,7.097,4.605,4.998,5.95,5.386,6.503
2569.03,27,4.358,4.684,3.399,2.965,6.098,5.795,3.18,4.183,5.866,3.451,6.371,6.365,4.164,5.319,5.118,6.343,7.153,4.618,5.004,6.035,5.405,6.381
2570.03,27,4.398,4.637,3.439,2.914,6.152,5.827,3.222,4.148,5.879,3.406,6.406,6.332,4.208,5.376,5.14,6.373,7.108,4.617,4.966,5.965,5.397,6.412
2571.03,27,4.391,4.567,3.407,2.961,6.176,5.867,3.194,4.189,5.85,3.467,6.385,6.381,4.184,5.349,5.134,6.344,7.146,4.583,4.985,5.975,5.434,6.363
2572.03,27,4.349,4.629,3.337,2.925,6.199,5.88,3.174,4.172,5.862,3.374,6.406,6.396,4.175,5.297,5.173,6.416,7.169,4.627,5.023,6.042,5.413,6.422
2573.03,27,4.377,4.652,3.434,2.936,6.112,5.943,3.183,4.171,5.878,3.387,6.44,6.261,4.103,5.36,5.101,6.426,7.197,4.602,5.023,5.94,5.386,6.434
2574.03,27,4.39,4.601,3.416,2.917,6.079,5.817,3.209,4.161,5.847,3.494,6.422,6.317,4.169,5.287,5.128,6.385,7.099,4.549,5.048,5.993,5.372,6.445
2575.03,27,4.395,4.639,3.398,2.918,6.213,5.887,3.174,4.226,5.812,3.438,6.417,6.327,4.125,5.383,5.1,6.439,7.101,4.53,4.975,5.876,5.336,6.454
2576.03,27,4.395,4.618,3.398,2.902,6.147,5.858,3.158,4.199,5.819,3.463,6.404,6.356,4.115,5.393,5.138,6.396,7.133,4.596,5.04,6.021,5.356,6.454
2577.03,27,4.348,4.588,3.343,3.006,6.225,5.876,3.167,4.147,5.803,3.494,6.431,6.348,4.154,5.295,5.12,6.422,7.164,4.58,4.979,5.964,5.372,6.427
2578.03,27,4.398,4.555,3.382,2.991,6.145,5.897,3.17,4.224,5.765,3.457,6.465,6.32,4.056,5.354,5.078,6.447,7.187,4.628,4.995,5.991,5.35,6.385
2579.03,27,4.341,4.528,3.325,2.947,6.133,5.85,3.141,4.155,5.803,3.421,6.381,6.288,4.153,5.295,5.122,6.445,7.151,4.614,5.028,5.979,5.391,6.45
2580.03,27,4.367,4.61,3.365,2.919,6.119,5.823,3.195,4.155,5.797,3.4,6.377,6.392,4.11,5.32,5.089,6.378,7.179,4.567,4.954,6.001,5.371,6.362
2581.03,27,4.368,4.633,3.324,2.938,6.154,5.863,3.112,4.142,5.851,3.474,6.447,6.43,4.163,5.362,5.08,6.392,7.206,4.544,5.004,5.975,5.328,6.495
2582.03,27,4.342,4.537,3.411,2.985,6.102,5.857,3.118,4.131,5.757,3.395,6.435,6.336,4.14,5.331,5.05,6.387,7.203,4.592,4.997,5.969,5.363,6.373
2583.03,27,4.297,4.651,3.385,2.974,6.075,5.883,3.168,4.133,5.851,3.461,6.451,6.296,4.181,5.282,5.068,6.394,7.13,4.571,5.007,5.989,5.287,6.399
2584.03,27,4.371,4.567,3.357,2.925,6.135,5.835,3.069,4.191,5.854,3.446,6.39,6.379,4.155,5.354,5.084,6.347,7.203,4.494,4.969,5.978,5.468,6.463
2585.03,27,4.383,4.56,3.365,2.958,6.116,5.772,3.129,4.134,5.799,3.448,6.441,6.287,4.21,5.336,5.063,6.414,7.179,4.459,4.951,5.987,5.388,6.422
2586.03,27,4.378,4.61,3.362,2.894,6.124,5.908,3.15,4.172,5.853,3.548,6.389,6.366,4.103,5.295,5.069,6.394,7.134,4.504,4.967,6.024,5.391,6.426
2587.03,27,4.282,4.535,3.347,2.966,6.122,5.813,3.134,4.111,5.792,3.474,6.414,6.348,4.09,5.347,5.149,6.376,7.182,4.554,4.965,6.035,5.458,6.399
2588.03,27,4.361,4.486,3.364,2.919,6.11,5.828,3.168,4.119,5.846,3.362,6.437,6.354,4.085,5.295,5.12,6.404,7.143,4.564,4.993,5.952,5.362,6.444
2589.03,27,4.291,4.554,3.281,3.008,6.179,5.862,3.107,4.143,5.782,3.479,6.452,6.369,4.099,5.319,5.13,6.423,7.201,4.487,5.047,6.016,5.406,6.391
2590.03,27,4.331,4.544,3.363,2.982,6.174,5.846,3.139,4.071,5.789,3.399,6.416,6.307,4.047,5.363,5.06,6.376,7.219,4.536,4.978,5.973,5.446,6.519
2591.03,27,4.323,4.546,3.317,3.004,6.138,5.818,3.09,4.132,5.813,3.376,6.464,6.356,4.13,5.354,5.056,6.395,7.2,4.523,4.953,5.951,5.402,6.487
2592.03,27,4.39,4.543,3.314,2.906,6.114,5.768,3.148,4.114,5.789,3.369,6.364,6.345,4.047,5.319,5.051,6.331,7.149,4.617,4.927,5.925,5.416,6.411
2593.03,27,4.382,4.55,3.36,2.925,6.118,5.795,3.111,4.104,5.809,3.472,6.407,6.348,4.112,5.294,5.039,6.289,7.195,4.573,4.92,6.01,5.35,6.454
2594.03,27,4.343,4.56,3.313,2.961,6.133,5.858,3.177,4.169,5.817,3.426,6.377,6.403,4.107,5.273,5.072,6.352,7.167,4.54,4.963,6.011,5.367,6.422
2595.03,27,4.32,4.552,3.224,2.973,6.136,5.8,3.143,4.108,5.821,3.421,6.423,6.28,3.989,5.276,5.046,6.314,7.177,4.485,4.904,5.99,5.434,6.421
2596.03,27,4.306,4.482,3.235,2.95,6.129,5.824,3.085,4.092,5.831,3.405,6.474,6.277,4.131,5.264,5.126,6.395,7.152,4.566,4.932,6.029,5.324,6.435
2597.03,27,4.294,4.564,3.328,2.953,6.192,5.846,3.113,4.072,5.816,3.427,6.398,6.417,4.115,5.385,5.056,6.338,7.153,4.544,4.953,5.978,5.376,6.396
2598.03,27,4.267,4.517,3.305,2.967,6.161,5.828,3.111,4.118,5.837,3.43,6.407,6.355,4.094,5.338,5.083,6.347,7.148,4.444,4.972,6,5.404,6.445
2599.03,27,4.299,4.466,3.285,2.969,6.153,5.876,3.118,4.053,5.767,3.39,6.432,6.361,4.029,5.258,5.078,6.297,7.202,4.536,4.888,5.968,5.376,6.423
2600.03,27,4.253,4.508,3.278,2.916,6.125,5.844,3.114,4.097,5.802,3.445,6.436,6.303,4.018,5.303,4.996,6.432,7.139,4.477,4.943,5.93,5.35,6.39
2601.03,27,4.319,4.563,3.305,2.95,6.156,5.875,3.125,4.133,5.751,3.415,6.394,6.39,4.079,5.279,5.005,6.341,7.21,4.588,4.9,5.935,5.366,6.415
2602.03,27,4.341,4.488,3.251,2.935,6.08,5.854,3.061,4.07,5.822,3.391,6.387,6.339,3.997,5.256,5.048,6.342,7.132,4.576,4.925,5.943,5.372,6.395
2603.03,27,4.299,4.499,3.275,2.992,6.144,5.838,3.09,4.082,5.724,3.449,6.398,6.399,4.02,5.204,5.018,6.407,7.185,4.514,4.93,6.031,5.419,6.481
2604.03,27,4.237,4.53,3.285,2.993,6.081,5.863,3.052,4.082,5.776,3.464,6.423,6.293,4.05,5.293,5.001,6.432,7.208,4.515,4.916,5.987,5.4,6.451
2605.03,27,4.283,4.545,3.357,2.979,6.131,5.848,2.992,4.048,5.776,3.41,6.399,6.367,4.001,5.284,5.062,6.388,7.217,4.52,4.938,5.968,5.381,6.515
2606.03,27,4.296,4.494,3.286,2.979,6.112,5.807,3.065,3.992,5.828,3.429,6.406,6.373,4.112,5.267,5.046,6.384,7.196,4.525,4.898,5.962,5.358,6.447
2607.03,27,4.239,4.444,3.285,2.962,6.119,5.805,3.032,4.092,5.833,3.386,6.428,6.367,4.058,5.295,4.997,6.336,7.172,4.541,4.97,5.975,5.449,6.473
2608.03,27,4.277,4.401,3.266,2.927,6.091,5.828,3.037,4.063,5.828,3.398,6.437,6.382,4.104,5.291,5.013,6.345,7.221,4.476,4.972,6.025,5.382,6.472
2609.03,27,4.226,4.448,3.203,2.996,6.119,5.855,3.024,4.07,5.769,3.425,6.367,6.41,4.1,5.304,4.97,6.389,7.165,4.464,4.914,6.019,5.321,6.396
2610.03,27,4.225,4.477,3.314,2.995,6.134,5.818,3.031,4.036,5.817,3.404,6.396,6.322,4.035,5.225,5.048,6.448,7.233,4.489,4.965,5.998,5.428,6.421
2611.03,27,4.232,4.51,3.234,2.937,6.17,5.896,3.01,4.022,5.794,3.432,6.395,6.316,4.06,5.247,4.961,6.393,7.184,4.563,4.933,6.005,5.407,6.412
2612.03,27,4.273,4.453,3.286,2.919,6.083,5.868,3.016,4.063,5.844,3.412,6.35,6.33,4.052,5.287,4.964,6.352,7.219,4.483,4.933,5.964,5.413,6.397
2613.03,27,4.26,4.397,3.251,2.951,6.115,5.821,2.988,3.982,5.8,3.362,6.486,6.388,4.045,5.239,4.985,6.382,7.188,4.468,4.902,5.98,5.363,6.377
2614.03,27,4.22,4.481,3.294,2.957,6.188,5.82,3.074,3.941,5.709,3.456,6.444,6.327,3.991,5.187,5.08,6.388,7.211,4.47,4.904,5.986,5.369,6.411
2615.03,27,4.251,4.469,3.309,2.978,6.16,5.894,2.99,4.106,5.761,3.439,6.451,6.364,4.067,5.225,5.041,6.385,7.155,4.418,4.95,6.018,5.389,6.428
2616.03,27,4.184,4.494,3.158,3,6.086,5.839,3.024,4.041,5.714,3.388,6.449,6.32,4.041,5.237,5.025,6.351,7.129,4.493,4.95,5.947,5.416,6.429
2617.03,27,4.238,4.422,3.199,2.951,6.167,5.921,3.006,4.025,5.732,3.442,6.381,6.405,4.04,5.195,5,6.427,7.208,4.436,4.904,5.976,5.369,6.429
2618.03,27,4.185,4.481,3.224,2.943,6.157,5.862,2.998,3.997,5.719,3.46,6.414,6.382,4.056,5.204,4.989,6.398,7.159,4.526,4.907,6.049,5.444,6.416
2619.03,27,4.222,4.417,3.151,2.839,6.136,5.88,3.004,4.049,5.735,3.405,6.395,6.366,4.041,5.259,5.048,6.409,7.151,4.497,4.942,5.938,5.363,6.425
2620.03,27,4.224,4.444,3.254,2.953,6.086,5.913,3.018,4.006,5.731,3.449,6.422,6.386,4.028,5.227,4.995,6.381,7.218,4.482,4.866,6.081,5.393,6.395
2621.03,27,4.233,4.452,3.254,2.94,6.079,5.84,2.941,4.022,5.783,3.464,6.397,6.299,4.016,5.196,4.991,6.342,7.18,4.538,4.943,5.948,5.386,6.499
2622.03,27,4.21,4.405,3.185,3.018,6.142,5.862,3.037,4.019,5.762,3.443,6.447,6.301,3.96,5.206,4.966,6.41,7.118,4.505,4.949,5.957,5.394,6.429
2623.03,27,4.241,4.405,3.198,2.879,6.181,5.827,3.035,3.972,5.746,3.411,6.455,6.284,3.974,5.169,5.013,6.349,7.16,4.571,4.86,5.951,5.376,6.511
2624.03,27,4.207,4.44,3.215,2.94,6.087,5.818,3.011,4.038,5.758,3.414,6.358,6.322,3.968,5.22,4.974,6.437,7.167,4.495,4.864,5.949,5.372,6.4
2625.03,27,4.195,4.414,3.229,3.014,6.072,5.826,2.984,4.019,5.796,3.402,6.438,6.31,3.98,5.226,4.943,6.392,7.205,4.447,4.849,6,5.367,6.376
2626.03,27,4.23,4.422,3.204,2.932,6.19,5.903,3.015,3.959,5.721,3.431,6.427,6.375,3.985,5.262,4.981,6.443,7.158,4.491,4.843,5.981,5.39,6.476
2627.03,27,4.214,4.376,3.188,3.016,6.147,5.918,2.961,3.985,5.793,3.422,6.358,6.29,3.986,5.172,4.952,6.439,7.199,4.408,4.936,5.942,5.425,6.422
2628.03,27,4.18,4.396,3.19,2.976,6.146,5.863,2.943,4,5.685,3.451,6.422,6.364,4.015,5.238,4.942,6.409,7.177,4.451,4.916,6.035,5.328,6.474
2629.03,27,4.059,4.417,3.229,3.006,6.184,5.883,2.942,4.011,5.743,3.378,6.411,6.304,4.011,5.226,4.959,6.388,7.149,4.426,4.839,5.983,5.359,6.461
2630.03,27,4.174,4.401,3.193,3.039,6.146,5.887,2.967,3.948,5.788,3.381,6.397,6.341,3.984,5.174,4.981,6.386,7.172,4.506,4.862,5.98,5.349,6.436
2631.03,27,4.205,4.337,3.173,2.959,6.147,5.898,2.976,4.001,5.712,3.392,6.383,6.33,3.93,5.212,4.977,6.367,7.175,4.477,4.887,6.019,5.363,6.467
2632.03,27,4.195,4.431,3.27,3.005,6.048,5.853,2.935,3.932,5.741,3.425,6.406,6.342,3.978,5.179,4.946,6.384,7.18,4.406,4.91,6.009,5.385,6.423
2633.03,27,4.186,4.37,3.187,3.017,6.175,5.84,3.005,3.944,5.764,3.439,6.428,6.32,3.951,5.126,4.969,6.413,7.132,4.447,4.879,5.967,5.393,6.455
2634.03,27,4.152,4.41,3.127,2.988,6.129,5.791,2.989,3.943,5.718,3.434,6.381,6.35,3.997,5.209,4.945,6.409,7.144,4.458,4.831,5.998,5.4,6.505
2635.03,27,4.207,4.345,3.174,2.933,6.111,5.829,2.984,3.981,5.724,3.455,6.395,6.318,4.014,5.186,4.953,6.411,7.156,4.437,4.825,5.992,5.412,6.421
2636.03,27,4.153,4.378,3.164,2.961,6.098,5.897,2.891,3.971,5.678,3.372,6.466,6.295,3.968,5.188,4.959,6.418,7.157,4.459,4.877,5.952,5.387,6.357
2637.03,27,4.127,4.355,3.158,2.996,6.109,5.844,2.961,3.944,5.686,3.448,6.39,6.336,3.925,5.199,5.019,6.36,7.238,4.469,4.839,5.959,5.332,6.43
2638.03,27,4.167,4.357,3.15,2.934,6.153,5.873,2.983,3.929,5.696,3.438,6.428,6.313,4.001,5.193,4.948,6.387,7.195,4.451,4.873,5.954,5.41,6.448
2639.03,27,4.158,4.33,3.202,3,6.132,5.876,2.952,3.894,5.729,3.374,6.425,6.386,3.941,5.157,4.981,6.408,7.14,4.47,4.818,6.026,5.39,6.421
2640.03,27,4.206,4.268,3.105,2.947,6.101,5.873,2.988,3.948,5.644,3.499,6.435,6.358,3.928,5.216,4.972,6.385,7.129,4.462,4.806,5.977,5.442,6.418
2641.03,27,4.119,4.315,3.115,2.971,6.078,5.895,2.969,3.96,5.72,3.392,6.442,6.347,3.939,5.121,4.982,6.385,7.197,4.398,4.795,5.917,5.399,6.427
2642.03,27,4.111,4.364,3.149,2.949,6.111,5.902,2.932,4.003,5.694,3.454,6.379,6.373,3.985,5.143,5.005,6.348,7.134,4.44,4.803,6.007,5.366,6.422
2643.03,27,4.154,4.306,3.176,3.025,6.091,5.899,2.928,3.945,5.731,3.361,6.419,6.28,3.903,5.214,4.948,6.371,7.17,4.434,4.765,6.009,5.337,6.405
2644.03,27,4.201,4.383,3.063,3.02,6.08,5.844,2.863,3.978,5.687,3.429,6.476,6.379,3.929,5.154,4.902,6.358,7.17,4.417,4.788,5.989,5.361,6.443
2645.03,27,4.106,4.366,3.161,2.915,6.075,5.887,2.914,3.949,5.758,3.393,6.435,6.37,3.939,5.219,4.878,6.394,7.146,4.404,4.837,5.982,5.307,6.467
2646.03,27,4.114,4.269,3.051,2.952,6.084,5.846,2.954,3.902,5.654,3.427,6.422,6.29,3.986,5.168,5.004,6.388,7.174,4.439,4.823,6.003,5.407,6.479
2647.03,27,4.088,4.336,3.111,2.905,6.187,5.795,2.978,3.901,5.646,3.39,6.463,6.32,3.948,5.142,4.977,6.409,7.158,4.459,4.803,6.026,5.432,6.488
2648.03,27,4.123,4.378,3.112,2.964,6.127,5.778,2.95,3.977,5.666,3.323,6.386,6.415,3.923,5.226,4.939,6.39,7.206,4.425,4.869,5.984,5.38,6.406
2649.03,27,4.118,4.338,3.06,2.946,6.169,5.855,2.931,3.857,5.676,3.411,6.436,6.267,3.934,5.138,4.94,6.398,7.152,4.424,4.82,5.952,5.394,6.448
2650.03,27,4.133,4.34,3.192,2.917,6.117,5.825,2.907,3.987,5.673,3.415,6.494,6.284,3.945,5.107,4.893,6.396,7.18,4.494,4.819,5.981,5.35,6.4
2651.03,27,4.082,4.285,3.083,2.982,6.104,5.845,2.917,3.889,5.758,3.396,6.346,6.294,3.868,5.13,4.931,6.391,7.168,4.4,4.776,5.985,5.417,6.505
2652.03,27,4.214,4.286,3.093,2.983,6.132,5.813,2.884,3.899,5.683,3.387,6.418,6.336,3.918,5.097,4.935,6.418,7.211,4.42,4.766,6.006,5.352,6.404
2653.03,27,4.122,4.234,3.114,2.931,6.142,5.855,2.929,3.855,5.673,3.463,6.481,6.338,3.962,5.136,4.897,6.343,7.175,4.394,4.81,6.004,5.324,6.423
2654.03,27,4.085,4.294,3.032,2.946,6.075,5.856,2.91,3.854,5.694,3.379,6.431,6.333,3.934,5.165,4.888,6.368,7.232,4.392,4.842,5.963,5.351,6.428
2655.03,27,4.114,4.322,3.06,3.013,6.139,5.813,2.889,3.943,5.685,3.465,6.392,6.247,3.877,5.143,4.932,6.386,7.158,4.441,4.75,6.002,5.434,6.441
2656.03,27,4.128,4.253,3.042,2.941,6.16,5.817,2.811,3.931,5.708,3.361,6.378,6.305,3.978,5.125,4.893,6.367,7.127,4.394,4.78,5.979,5.412,6.436
2657.03,27,4.066,4.286,3.077,2.969,6.141,5.808,2.927,3.867,5.649,3.395,6.402,6.394,3.925,5.166,4.915,6.371,7.182,4.411,4.734,6.006,5.329,6.434
2658.03,27,4.134,4.202,3.1,2.992,6.105,5.903,2.878,3.932,5.684,3.429,6.43,6.314,3.857,5.163,4.87,6.316,7.217,4.456,4.837,5.979,5.387,6.446
2659.03,27,4.059,4.259,3.071,3.003,6.135,5.917,2.885,3.793,5.603,3.411,6.448,6.273,3.861,5.1,4.885,6.409,7.146,4.428,4.78,6.033,5.361,6.42
2660.03,27,4.11,4.247,3.011,2.94,6.118,5.905,2.745,3.934,5.698,3.425,6.463,6.306,3.826,5.166,4.838,6.352,7.118,4.419,4.741,5.978,5.397,6.426
2661.03,27,4.116,4.293,3.071,2.986,6.144,5.869,2.871,3.858,5.663,3.411,6.393,6.369,3.905,5.073,4.886,6.453,7.186,4.477,4.744,5.958,5.35,6.388
2662.03,27,4.092,4.299,3.074,2.959,6.126,5.832,2.923,3.894,5.675,3.444,6.38,6.381,3.908,5.09,4.932,6.37,7.116,4.376,4.761,5.997,5.361,6.403
2663.03,27,4.1,4.211,3.028,2.943,6.134,5.807,2.883,3.965,5.681,3.456,6.489,6.409,3.966,5.12,4.905,6.368,7.171,4.364,4.818,5.962,5.392,6.42
2664.03,27,4.095,4.225,3.087,2.911,6.209,5.829,2.9,3.895,5.629,3.4,6.413,6.426,3.88,5.089,4.878,6.386,7.204,4.347,4.818,5.993,5.403,6.372
2665.03,27,4.107,4.23,3.053,2.941,6.15,5.85,2.824,3.847,5.671,3.426,6.404,6.364,3.822,5.084,4.873,6.379,7.141,4.412,4.732,5.97,5.365,6.423
2666.03,27,4.135,4.217,2.985,2.977,6.165,5.919,2.907,3.864,5.688,3.366,6.437,6.266,3.809,5.095,4.988,6.404,7.207,4.398,4.753,5.982,5.373,6.469
2667.03,27,4.094,4.255,3.036,2.971,6.21,5.865,2.861,3.824,5.711,3.448,6.387,6.336,3.929,5.128,4.809,6.431,7.148,4.389,4.821,6.01,5.417,6.38
2668.03,27,4.081,4.17,3.07,2.942,6.166,5.794,2.878,3.873,5.642,3.466,6.431,6.332,3.926,5.085,4.825,6.408,7.125,4.378,4.792,5.977,5.391,6.441
2669.03,27,4.045,4.176,3.004,3.045,6.184,5.822,2.813,3.812,5.712,3.441,6.436,6.333,3.867,5.093,4.831,6.445,7.19,4.32,4.681,5.967,5.398,6.442
2670.03,27,4.135,4.152,3.045,2.977,6.184,5.865,2.811,3.893,5.735,3.386,6.394,6.336,3.867,5.131,4.84,6.385,7.197,4.498,4.751,6.007,5.356,6.502
2671.03,27,3.993,4.21,3.039,2.966,6.128,5.818,2.802,3.874,5.651,3.362,6.491,6.339,3.879,5.124,4.916,6.384,7.14,4.373,4.785,6.02,5.354,6.446
2672.03,27,4.087,4.244,3.001,2.903,6.109,5.901,2.813,3.871,5.659,3.394,6.406,6.402,3.854,5.064,4.803,6.382,7.179,4.396,4.77,5.927,5.367,6.473
2673.03,27,4.072,4.245,3.013,2.983,6.143,5.836,2.763,3.8,5.637,3.384,6.386,6.349,3.842,5.065,4.899,6.441,7.158,4.373,4.673,5.918,5.387,6.395
2674.03,27,3.971,4.125,3.018,2.95,6.138,5.827,2.846,3.831,5.634,3.467,6.353,6.347,3.888,5.087,4.831,6.39,7.159,4.364,4.79,6,5.398,6.443
2675.03,27,4.106,4.223,3.05,3.016,6.099,5.855,2.849,3.858,5.602,3.415,6.427,6.38,3.811,5.044,4.842,6.362,7.114,4.363,4.784,5.981,5.421,6.36
2676.03,27,4.047,4.216,3.028,2.999,6.144,5.846,2.763,3.83,5.656,3.382,6.463,6.351,3.849,5.075,4.834,6.312,7.123,4.384,4.756,6.013,5.357,6.483
2677.03,27,4.076,4.195,3.052,2.896,6.101,5.861,2.797,3.858,5.622,3.403,6.375,6.315,3.862,5.052,4.85,6.455,7.185,4.326,4.769,6.021,5.394,6.382
2678.03,27,4.031,4.103,3.005,2.969,6.185,5.915,2.783,3.799,5.624,3.39,6.372,6.402,3.806,5.089,4.773,6.378,7.212,4.3,4.716,6.003,5.448,6.439
2679.03,27,4.036,4.17,2.936,2.985,6.144,5.864,2.776,3.824,5.683,3.467,6.46,6.321,3.831,5.08,4.841,6.351,7.211,4.368,4.683,5.905,5.4,6.465
2680.03,27,4.089,4.222,3.035,2.998,6.124,5.853,2.766,3.826,5.694,3.434,6.406,6.291,3.805,4.995,4.849,6.419,7.144,4.282,4.702,6.012,5.364,6.475
2681.03,27,4.02,4.205,2.937,3.053,6.096,5.827,2.793,3.809,5.57,3.412,6.416,6.342,3.87,5.061,4.815,6.395,7.178,4.372,4.707,5.958,5.407,6.383
2682.03,27,4.068,4.136,3.013,2.961,6.14,5.924,2.817,3.837,5.643,3.437,6.465,6.374,3.818,5.088,4.815,6.37,7.154,4.363,4.713,5.981,5.421,6.378
2683.03,27,4.011,4.199,3.023,2.975,6.107,5.856,2.781,3.758,5.585,3.434,6.416,6.347,3.83,5.025,4.865,6.358,7.172,4.389,4.72,6.015,5.316,6.479
2684.03,27,4.012,4.195,2.979,2.971,6.19,5.884,2.771,3.8,5.609,3.449,6.365,6.326,3.807,5.055,4.856,6.384,7.168,4.319,4.648,5.979,5.403,6.573
2685.03,27,4.004,4.124,2.953,3.013,6.104,5.87,2.748,3.789,5.679,3.435,6.338,6.32,3.84,5.067,4.833,6.397,7.167,4.336,4.697,5.977,5.43,6.486
2686.03,27,3.999,4.163,2.894,2.937,6.138,5.799,2.764,3.829,5.635,3.411,6.509,6.357,3.821,5.094,4.816,6.373,7.193,4.287,4.662,5.988,5.427,6.408
2687.03,27,4.036,4.101,2.91,2.962,6.159,5.842,2.785,3.83,5.612,3.423,6.433,6.385,3.838,5.081,4.848,6.372,7.224,4.303,4.722,6.014,5.402,6.418
2688.03,27,3.94,4.132,2.902,2.988,6.089,5.804,2.758,3.858,5.62,3.433,6.39,6.355,3.842,5.1,4.884,6.356,7.181,4.319,4.723,5.956,5.424,6.434
2689.03,27,3.984,4.158,2.925,2.988,6.136,5.834,2.756,3.765,5.674,3.448,6.421,6.331,3.78,4.992,4.853,6.406,7.2,4.332,4.69,5.995,5.362,6.452
2690.03,27,3.992,4.142,2.937,3.014,6.116,5.947,2.782,3.794,5.628,3.436,6.46,6.415,3.802,5.023,4.833,6.326,7.182,4.276,4.672,6.028,5.389,6.432
2691.03,27,3.982,4.122,2.958,2.908,6.062,5.866,2.755,3.766,5.561,3.4,6.357,6.337,3.833,5.011,4.83,6.433,7.138,4.275,4.67,5.981,5.417,6.439
2692.03,27,3.988,4.121,2.885,2.901,6.116,5.85,2.714,3.734,5.704,3.393,6.412,6.323,3.825,5.053,4.845,6.421,7.158,4.319,4.71,5.988,5.368,6.433
2693.03,27,3.969,4.147,2.902,2.919,6.12,5.871,2.751,3.805,5.618,3.402,6.434,6.319,3.866,5.073,4.791,6.379,7.235,4.325,4.641,6.027,5.351,6.431
2694.03,27,4.029,4.131,2.887,3.01,6.081,5.853,2.77,3.745,5.589,3.469,6.423,6.422,3.784,5.052,4.762,6.391,7.174,4.361,4.754,6.016,5.402,6.35
2695.03,27,3.96,4.094,2.921,3.001,6.083,5.901,2.76,3.749,5.595,3.41,6.406,6.368,3.82,5.015,4.825,6.411,7.151,4.264,4.695,5.981,5.408,6.472
2696.03,27,3.948,4.077,2.974,2.913,6.143,5.942,2.74,3.76,5.625,3.397,6.385,6.42,3.835,5.034,4.781,6.433,7.19,4.273,4.651,5.958,5.406,6.484
2697.03,27,3.999,4.11,2.823,2.966,6.118,5.829,2.754,3.726,5.618,3.407,6.414,6.396,3.765,5.029,4.729,6.382,7.19,4.309,4.664,6.021,5.437,6.422
2698.03,27,3.978,4.148,2.93,2.974,6.128,5.812,2.741,3.741,5.656,3.46,6.459,6.347,3.747,4.996,4.895,6.413,7.176,4.322,4.617,6.01,5.416,6.444
2699.03,27,4.011,4.122,2.943,2.954,6.075,5.824,2.719,3.733,5.671,3.469,6.35,6.368,3.803,5.003,4.764,6.408,7.208,4.272,4.632,5.951,5.33,6.401
2700.03,27,3.948,4.085,2.952,2.953,6.092,5.891,2.68,3.751,5.597,3.432,6.404,6.408,3.794,5.069,4.81,6.42,7.173,4.362,4.74,5.942,5.342,6.482
2701.03,27,3.994,4.03,2.861,3,6.109,5.904,2.716,3.78,5.641,3.451,6.498,6.298,3.839,5.013,4.788,6.38,7.172,4.299,4.607,5.969,5.393,6.434
2702.03,27,3.984,4.034,2.885,2.944,6.104,5.841,2.743,3.702,5.534,3.423,6.392,6.337,3.763,5.076,4.821,6.352,7.063,4.206,4.689,6.079,5.375,6.455
2703.03,27,3.981,4.09,2.966,2.981,6.111,5.891,2.732,3.699,5.614,3.447,6.379,6.319,3.82,5.022,4.729,6.421,7.154,4.3,4.673,5.997,5.394,6.471
2704.03,27,3.969,4.077,2.927,2.988,6.139,5.894,2.697,3.77,5.561,3.441,6.388,6.329,3.715,5.02,4.757,6.356,7.139,4.281,4.659,6.043,5.377,6.473
2705.03,27,3.96,3.998,2.915,2.946,6.192,5.824,2.711,3.74,5.59,3.398,6.45,6.319,3.766,4.989,4.798,6.312,7.142,4.215,4.709,5.976,5.374,6.544
2706.03,27,4.026,4.052,2.95,2.967,6.134,5.834,2.706,3.721,5.64,3.46,6.413,6.409,3.745,4.952,4.741,6.413,7.171,4.222,4.666,6.005,5.414,6.434
2707.03,27,3.942,4.017,2.88,2.991,6.153,5.836,2.703,3.652,5.598,3.346,6.394,6.34,3.721,5.034,4.751,6.38,7.176,4.318,4.677,6.035,5.359,6.367
2708.03,27,3.917,4.045,2.859,3.013,6.167,5.895,2.649,3.769,5.535,3.423,6.37,6.294,3.849,5.04,4.791,6.384,7.114,4.226,4.659,6.023,5.395,6.378
2709.03,27,3.896,4.048,2.997,3.027,6.138,5.839,2.73,3.697,5.558,3.457,6.391,6.382,3.735,5.062,4.783,6.427,7.154,4.233,4.599,5.981,5.44,6.442
2710.03,27,3.931,4.079,2.884,2.896,6.111,5.866,2.688,3.706,5.59,3.461,6.363,6.332,3.759,4.97,4.809,6.365,7.175,4.278,4.654,5.966,5.388,6.392
2711.03,27,3.977,4.025,2.967,3,6.081,5.851,2.676,3.713,5.556,3.47,6.339,6.385,3.768,5.005,4.751,6.398,7.139,4.271,4.706,5.932,5.335,6.499
2712.03,27,3.914,3.97,2.937,2.999,6.13,5.822,2.65,3.763,5.582,3.371,6.38,6.356,3.795,4.98,4.765,6.433,7.169,4.245,4.631,6.022,5.361,6.378
2713.03,27,3.925,4.047,2.87,2.973,6.164,5.84,2.738,3.665,5.597,3.394,6.439,6.272,3.699,4.941,4.789,6.391,7.188,4.239,4.602,5.901,5.331,6.416
2714.03,27,3.874,4.038,2.912,2.912,6.153,5.928,2.642,3.703,5.527,3.459,6.456,6.277,3.791,5.05,4.756,6.378,7.173,4.243,4.645,5.997,5.346,6.404
2715.03,27,3.901,4.016,2.957,2.977,6.177,5.907,2.668,3.751,5.545,3.423,6.405,6.35,3.742,4.974,4.7,6.395,7.157,4.325,4.623,5.995,5.46,6.465
2716.03,27,3.932,4.075,2.905,2.955,6.114,5.857,2.715,3.727,5.567,3.425,6.367,6.364,3.714,4.951,4.714,6.336,7.216,4.239,4.597,5.999,5.391,6.414
2717.03,27,3.853,3.986,3.014,2.903,6.075,5.834,2.672,3.772,5.567,3.389,6.393,6.281,3.741,5.008,4.702,6.368,7.186,4.203,4.553,5.936,5.395,6.383
2718.03,27,3.919,4.066,2.899,2.948,6.135,5.897,2.699,3.663,5.52,3.493,6.428,6.393,3.766,4.982,4.756,6.396,7.186,4.267,4.642,5.904,5.353,6.479
2719.03,27,3.862,4.042,2.901,2.902,6.167,5.879,2.656,3.655,5.562,3.465,6.481,6.326,3.766,4.973,4.733,6.377,7.183,4.224,4.665,5.939,5.415,6.447
2720.03,27,3.866,4.025,2.925,2.908,6.098,5.821,2.648,3.677,5.57,3.441,6.373,6.318,3.7,4.98,4.764,6.421,7.19,4.273,4.637,6.001,5.449,6.447
2721.03,27,3.883,4.025,2.911,2.956,6.161,5.848,2.673,3.677,5.564,3.461,6.526,6.307,3.707,5.007,4.731,6.38,7.156,4.213,4.67,5.956,5.41,6.466
2722.03,27,3.929,3.992,2.929,3.041,6.078,5.878,2.661,3.664,5.526,3.416,6.385,6.331,3.714,4.951,4.7,6.345,7.214,4.329,4.661,5.956,5.411,6.377
2723.03,27,3.904,3.939,2.928,2.975,6.148,5.856,2.681,3.745,5.608,3.419,6.466,6.373,3.734,4.99,4.734,6.334,7.143,4.189,4.602,6.01,5.414,6.394
2724.03,27,3.812,3.933,2.913,3.011,6.114,5.917,2.641,3.637,5.508,3.427,6.442,6.346,3.688,4.998,4.762,6.399,7.179,4.242,4.58,6.01,5.412,6.423
2725.03,27,3.875,3.937,2.895,2.958,6.177,5.881,2.582,3.657,5.594,3.436,6.368,6.354,3.708,5.024,4.748,6.368,7.101,4.238,4.59,5.984,5.334,6.434
2726.03,27,3.916,3.986,2.969,2.932,6.105,5.911,2.615,3.639,5.553,3.426,6.409,6.389,3.769,4.927,4.678,6.364,7.141,4.182,4.649,5.97,5.367,6.396
2727.03,27,3.864,3.993,2.971,2.951,6.21,5.841,2.608,3.667,5.494,3.397,6.403,6.273,3.617,4.892,4.758,6.409,7.114,4.249,4.579,6.008,5.405,6.412
2728.03,27,3.915,3.983,2.905,3.022,6.186,5.847,2.607,3.67,5.547,3.458,6.442,6.33,3.715,4.941,4.73,6.367,7.165,4.257,4.545,5.997,5.419,6.478
2729.03,27,3.863,3.978,2.889,2.996,6.152,5.835,2.599,3.582,5.516,3.377,6.433,6.386,3.703,4.943,4.719,6.373,7.192,4.214,4.6,5.968,5.42,6.406
2730.03,27,3.865,3.984,2.927,2.888,6.144,5.836,2.6,3.611,5.469,3.385,6.383,6.332,3.687,4.866,4.7,6.351,7.203,4.19,4.632,5.986,5.371,6.441
2731.03,27,3.854,3.933,2.929,2.914,6.141,5.825,2.605,3.686,5.549,3.423,6.376,6.35,3.752,4.946,4.702,6.391,7.198,4.246,4.616,5.97,5.446,6.37
2732.03,27,3.845,3.963,2.93,2.966,6.147,5.709,2.643,3.656,5.558,3.475,6.417,6.292,3.771,4.987,4.671,6.38,7.174,4.216,4.61,5.998,5.386,6.456
2733.03,27,3.821,3.961,2.889,2.996,6.147,5.904,2.667,3.63,5.522,3.407,6.444,6.352,3.668,4.941,4.746,6.397,7.224,4.2,4.551,5.93,5.366,6.388
2734.03,27,3.811,3.948,2.958,2.929,6.161,5.839,2.574,3.652,5.494,3.422,6.334,6.381,3.654,4.947,4.637,6.36,7.188,4.17,4.635,5.987,5.406,6.398
2735.03,27,3.807,3.904,2.897,2.952,6.19,5.814,2.588,3.648,5.551,3.467,6.472,6.337,3.669,4.884,4.686,6.362,7.216,4.235,4.564,6.031,5.389,6.473
2736.03,27,3.844,3.899,2.901,2.963,6.126,5.889,2.575,3.638,5.507,3.433,6.372,6.319,3.712,4.978,4.705,6.389,7.181,4.183,4.564,6.018,5.406,6.435
2737.03,27,3.836,3.866,2.982,2.944,6.127,5.828,2.54,3.645,5.502,3.399,6.411,6.269,3.656,4.951,4.726,6.398,7.133,4.205,4.508,6.017,5.448,6.439
2738.03,27,3.799,3.94,2.927,2.991,6.094,5.864,2.651,3.627,5.571,3.472,6.425,6.382,3.647,4.928,4.6,6.407,7.167,4.189,4.626,5.977,5.422,6.446
2739.03,27,3.799,3.921,2.918,2.975,6.112,5.779,2.585,3.652,5.444,3.454,6.4,6.359,3.62,4.945,4.691,6.407,7.134,4.204,4.536,5.936,5.408,6.507
2740.03,27,3.829,3.873,2.959,3.029,6.186,5.838,2.474,3.553,5.482,3.462,6.397,6.32,3.651,4.902,4.734,6.42,7.093,4.216,4.559,6.073,5.398,6.445
2741.03,27,3.807,3.932,2.945,3.074,6.136,5.849,2.591,3.609,5.456,3.41,6.442,6.35,3.734,4.915,4.677,6.407,7.191,4.119,4.556,5.941,5.392,6.399
2742.03,27,3.793,3.886,2.905,2.977,6.027,5.822,2.552,3.568,5.453,3.425,6.438,6.318,3.629,4.837,4.677,6.415,7.175,4.199,4.517,5.957,5.362,6.42
2743.03,27,3.77,3.899,2.94,2.95,6.183,5.888,2.518,3.642,5.517,3.428,6.399,6.388,3.639,4.954,4.764,6.402,7.166,4.174,4.494,5.91,5.407,6.406
2744.03,27,3.84,3.83,2.923,3.002,6.161,5.811,2.569,3.608,5.454,3.473,6.421,6.345,3.731,4.904,4.708,6.418,7.134,4.198,4.555,5.971,5.369,6.416
2745.03,27,3.841,3.89,2.9,2.988,6.103,5.843,2.618,3.524,5.527,3.368,6.371,6.312,3.668,4.936,4.719,6.457,7.163,4.193,4.534,5.902,5.354,6.413
2746.03,27,3.772,3.878,2.912,2.927,6.123,5.869,2.57,3.617,5.518,3.387,6.4,6.283,3.626,4.929,4.681,6.36,7.152,4.203,4.521,6.027,5.3,6.43
2747.03,27,3.76,3.88,2.953,2.929,6.125,5.822,2.569,3.548,5.486,3.395,6.431,6.386,3.616,4.872,4.69,6.34,7.113,4.163,4.516,5.968,5.383,6.43
2748.03,27,3.766,3.855,2.976,2.922,6.12,5.834,2.563,3.551,5.525,3.433,6.401,6.369,3.642,4.959,4.69,6.388,7.175,4.205,4.552,6.033,5.414,6.434
2749.03,27,3.758,3.892,2.959,2.911,6.116,5.852,2.517,3.595,5.453,3.412,6.4,6.363,3.638,4.91,4.638,6.384,7.164,4.176,4.578,5.969,5.377,6.45
2750.03,27,3.793,3.837,2.958,2.954,6.16,5.902,2.592,3.498,5.459,3.415,6.453,6.365,3.615,4.868,4.668,6.421,7.119,4.181,4.639,6.021,5.345,6.455
2751.03,27,3.761,3.888,2.91,3.051,6.15,5.8,2.538,3.535,5.445,3.437,6.499,6.39,3.671,4.881,4.631,6.362,7.18,4.192,4.52,5.908,5.445,6.443
2752.03,27,3.76,3.901,2.885,3.021,6.191,5.903,2.622,3.621,5.475,3.399,6.408,6.299,3.62,4.902,4.682,6.435,7.161,4.23,4.52,5.984,5.342,6.371
2753.03,27,3.804,3.857,2.905,3.013,6.171,5.866,2.466,3.531,5.505,3.37,6.457,6.312,3.67,4.852,4.674,6.394,7.209,4.155,4.492,6.015,5.417,6.507
2754.03,27,3.738,3.879,2.908,3.002,6.222,5.898,2.45,3.552,5.469,3.408,6.434,6.298,3.658,4.905,4.654,6.42,7.151,4.179,4.56,6.026,5.371,6.474
2755.03,27,3.728,3.805,2.866,2.911,6.091,5.85,2.494,3.581,5.496,3.421,6.304,6.378,3.615,4.86,4.675,6.421,7.17,4.12,4.486,5.933,5.372,6.432
2756.03,27,3.716,3.855,2.877,2.937,6.165,5.866,2.552,3.563,5.574,3.418,6.46,6.359,3.591,4.913,4.67,6.337,7.168,4.205,4.543,6.017,5.341,6.436
2757.03,27,3.752,3.851,2.905,2.985,6.124,5.856,2.527,3.507,5.468,3.421,6.382,6.416,3.652,4.858,4.61,6.346,7.175,4.134,4.541,6.011,5.379,6.44
2758.03,27,3.77,3.876,2.959,2.928,6.065,5.868,2.492,3.463,5.46,3.454,6.479,6.343,3.57,4.891,4.629,6.438,7.193,4.144,4.516,5.995,5.409,6.439
2759.03,27,3.695,3.854,2.933,3.002,6.149,5.886,2.445,3.511,5.527,3.423,6.463,6.358,3.633,4.871,4.604,6.346,7.149,4.136,4.5,5.994,5.346,6.415
2760.03,27,3.778,3.855,2.929,2.977,6.093,5.849,2.507,3.504,5.464,3.456,6.461,6.283,3.601,4.896,4.608,6.379,7.18,4.135,4.463,5.989,5.361,6.467
2761.03,27,3.713,3.828,3.035,3.063,6.174,5.87,2.482,3.537,5.476,3.444,6.394,6.344,3.588,4.808,4.643,6.413,7.202,4.115,4.534,6.019,5.416,6.456
2762.03,27,3.785,3.856,2.868,2.915,6.118,5.849,2.509,3.538,5.503,3.462,6.376,6.342,3.587,4.789,4.674,6.416,7.213,4.179,4.46,6.041,5.386,6.381
2763.03,27,3.691,3.861,2.887,2.953,6.157,5.885,2.48,3.562,5.478,3.411,6.495,6.324,3.592,4.872,4.699,6.355,7.226,4.13,4.53,5.971,5.347,6.437
2764.03,27,3.789,3.872,2.924,2.888,6.169,5.932,2.494,3.548,5.422,3.456,6.411,6.339,3.604,4.84,4.623,6.359,7.16,4.133,4.503,5.978,5.349,6.39
2765.03,27,3.734,3.775,2.998,2.923,6.127,5.899,2.451,3.426,5.522,3.451,6.375,6.338,3.597,4.824,4.626,6.4,7.145,4.154,4.526,5.961,5.366,6.41
2766.03,27,3.723,3.799,2.9,3.006,6.161,5.839,2.513,3.575,5.483,3.491,6.434,6.362,3.523,4.873,4.594,6.459,7.154,4.169,4.5,6.002,5.387,6.388
2767.03,27,3.712,3.842,2.933,2.931,6.144,5.801,2.476,3.454,5.434,3.392,6.384,6.373,3.585,4.797,4.612,6.389,7.174,4.098,4.512,5.934,5.382,6.41
2768.03,27,3.797,3.73,2.929,2.953,6.14,5.863,2.495,3.488,5.435,3.463,6.393,6.39,3.595,4.825,4.61,6.391,7.185,4.098,4.413,5.997,5.435,6.458
2769.03,27,3.733,3.789,2.947,2.986,6.078,5.83,2.521,3.54,5.458,3.414,6.369,6.275,3.592,4.902,4.564,6.356,7.15,4.065,4.49,5.975,5.311,6.408
2770.03,27,3.728,3.764,2.956,3.046,6.123,5.809,2.449,3.462,5.398,3.401,6.412,6.298,3.499,4.811,4.598,6.418,7.172,4.163,4.546,6.053,5.376,6.416
2771.03,27,3.759,3.771,2.881,2.986,6.1,5.911,2.447,3.446,5.44,3.392,6.444,6.355,3.61,4.844,4.563,6.397,7.175,4.037,4.467,5.979,5.394,6.455
2772.03,27,3.643,3.782,2.928,2.947,6.114,5.874,2.463,3.435,5.443,3.37,6.397,6.387,3.547,4.827,4.592,6.396,7.233,4.111,4.488,6.003,5.361,6.388
2773.03,27,3.695,3.758,2.959,2.978,6.157,5.897,2.452,3.47,5.507,3.384,6.401,6.349,3.557,4.833,4.565,6.378,7.158,4.116,4.544,6,5.423,6.449
2774.03,27,3.708,3.774,2.947,2.979,6.145,5.865,2.499,3.445,5.474,3.406,6.461,6.364,3.601,4.757,4.589,6.396,7.201,4.121,4.443,5.921,5.394,6.395
2775.03,27,3.7,3.791,3.012,2.949,6.143,5.86,2.426,3.52,5.409,3.396,6.422,6.354,3.594,4.872,4.637,6.326,7.168,4.15,4.499,5.979,5.398,6.417
2776.03,27,3.657,3.738,2.97,2.93,6.155,5.872,2.417,3.448,5.463,3.515,6.37,6.3,3.566,4.923,4.54,6.312,7.234,4.061,4.49,5.991,5.404,6.397
2777.03,27,3.748,3.743,2.999,2.95,6.095,5.914,2.512,3.509,5.423,3.464,6.439,6.315,3.534,4.861,4.547,6.452,7.226,4.105,4.436,5.99,5.359,6.42
2778.03,27,3.619,3.746,2.88,2.896,6.138,5.796,2.421,3.459,5.451,3.458,6.39,6.381,3.499,4.744,4.586,6.416,7.173,4.048,4.452,6.034,5.35,6.425
2779.03,27,3.693,3.766,2.942,2.973,6.099,5.844,2.445,3.5,5.483,3.462,6.369,6.34,3.571,4.814,4.562,6.435,7.207,4.089,4.481,6.016,5.4,6.41
2780.03,27,3.632,3.787,2.923,2.931,6.066,5.833,2.556,3.494,5.423,3.446,6.477,6.323,3.586,4.794,4.618,6.452,7.187,4.088,4.476,5.97,5.477,6.393
2781.03,27,3.703,3.758,2.917,2.974,6.178,5.856,2.49,3.451,5.416,3.421,6.423,6.325,3.56,4.759,4.55,6.414,7.189,4.14,4.445,5.968,5.468,6.448
2782.03,27,3.688,3.703,2.929,3.006,6.099,5.837,2.497,3.473,5.345,3.442,6.423,6.333,3.611,4.751,4.603,6.423,7.222,4.079,4.435,5.986,5.371,6.363
2783.03,27,3.631,3.73,2.966,3.006,6.115,5.799,2.498,3.428,5.399,3.459,6.392,6.353,3.538,4.85,4.586,6.382,7.167,4.098,4.512,5.973,5.424,6.403
2784.03,27,3.609,3.724,2.962,2.953,6.165,5.786,2.475,3.38,5.395,3.446,6.378,6.349,3.503,4.734,4.599,6.405,7.135,4.083,4.494,5.992,5.391,6.394
2785.03,27,3.691,3.694,2.978,2.988,6.127,5.806,2.524,3.44,5.432,3.47,6.418,6.309,3.514,4.824,4.561,6.382,7.217,4.101,4.427,5.986,5.39,6.455
2786.03,27,3.678,3.669,2.961,2.981,6.131,5.877,2.455,3.424,5.442,3.413,6.473,6.384,3.553,4.782,4.548,6.427,7.229,4.085,4.423,5.933,5.407,6.43
2787.03,27,3.665,3.667,2.883,2.958,6.157,5.895,2.51,3.426,5.475,3.45,6.45,6.307,3.548,4.772,4.586,6.335,7.17,4.141,4.448,5.988,5.404,6.458
2788.03,27,3.614,3.648,2.896,3.049,6.208,5.879,2.475,3.41,5.411,3.449,6.355,6.266,3.504,4.721,4.576,6.42,7.137,3.998,4.388,6.016,5.404,6.404
2789.03,27,3.555,3.785,2.922,2.976,6.123,5.885,2.429,3.466,5.428,3.414,6.402,6.37,3.48,4.757,4.53,6.377,7.185,3.984,4.438,5.965,5.38,6.426
2790.03,27,3.667,3.769,2.911,2.968,6.145,5.816,2.482,3.429,5.449,3.376,6.41,6.359,3.535,4.734,4.49,6.391,7.17,4.1,4.383,5.894,5.357,6.445
2791.03,27,3.631,3.659,2.969,2.915,6.103,5.897,2.458,3.392,5.408,3.408,6.411,6.36,3.497,4.81,4.506,6.437,7.201,4.044,4.366,5.962,5.401,6.455
2792.03,27,3.668,3.716,2.904,2.967,6.143,5.827,2.438,3.392,5.438,3.442,6.407,6.409,3.537,4.831,4.523,6.379,7.168,4.065,4.452,6.002,5.403,6.419
2793.03,27,3.618,3.722,2.869,3.021,6.131,5.871,2.514,3.363,5.448,3.433,6.446,6.4,3.514,4.791,4.57,6.392,7.103,4.013,4.365,5.961,5.457,6.397
2794.03,27,3.585,3.699,2.983,2.959,6.098,5.841,2.461,3.413,5.394,3.402,6.423,6.322,3.454,4.801,4.589,6.4,7.146,4.085,4.373,5.939,5.36,6.409
2795.03,27,3.624,3.695,2.943,2.98,6.082,5.9,2.49,3.361,5.436,3.448,6.371,6.361,3.504,4.776,4.519,6.415,7.137,4.067,4.325,5.998,5.425,6.414
2796.03,27,3.657,3.649,2.934,2.971,6.127,5.853,2.418,3.417,5.336,3.424,6.446,6.334,3.489,4.778,4.537,6.41,7.161,4.064,4.441,6.053,5.389,6.438
2797.03,27,3.579,3.632,2.995,2.899,6.102,5.877,2.478,3.434,5.412,3.431,6.402,6.307,3.502,4.779,4.527,6.364,7.191,4.019,4.393,5.959,5.418,6.431
2798.03,27,3.551,3.622,2.952,2.927,6.146,5.86,2.441,3.323,5.427,3.492,6.468,6.351,3.394,4.826,4.464,6.407,7.167,4.011,4.396,6.073,5.381,6.42
2799.03,27,3.645,3.634,2.912,2.984,6.141,5.893,2.493,3.442,5.439,3.471,6.45,6.353,3.474,4.804,4.494,6.391,7.148,4.043,4.424,6.006,5.42,6.38
2800.03,27,3.579,3.667,2.919,2.959,6.13,5.88,2.534,3.399,5.349,3.513,6.385,6.353,3.499,4.722,4.518,6.405,7.203,4.03,4.417,5.992,5.352,6.468
2801.03,27,3.589,3.621,2.955,2.932,6.172,5.826,2.407,3.328,5.356,3.392,6.366,6.347,3.438,4.761,4.459,6.411,7.227,4.03,4.382,6.076,5.349,6.429
2802.03,27,3.59,3.651,2.918,2.963,6.08,5.821,2.44,3.323,5.356,3.446,6.469,6.359,3.457,4.724,4.553,6.369,7.244,4.079,4.428,5.933,5.391,6.488
2803.03,27,3.623,3.623,2.937,2.951,6.138,5.858,2.545,3.431,5.354,3.394,6.404,6.359,3.506,4.744,4.525,6.334,7.171,4.07,4.376,5.99,5.442,6.423
2804.03,27,3.606,3.628,3.007,2.988,6.145,5.851,2.472,3.31,5.365,3.432,6.411,6.282,3.473,4.829,4.507,6.372,7.132,4.051,4.376,6.011,5.374,6.424
2805.03,27,3.594,3.592,2.959,2.938,6.191,5.799,2.509,3.389,5.331,3.425,6.434,6.356,3.516,4.702,4.499,6.348,7.177,4.089,4.349,5.978,5.27,6.391
2806.03,27,3.563,3.634,2.889,3.05,6.133,5.847,2.412,3.394,5.383,3.458,6.346,6.334,3.522,4.772,4.471,6.35,7.156,4.029,4.417,5.979,5.354,6.455
2807.03,27,3.587,3.613,2.979,2.986,6.147,5.875,2.413,3.384,5.398,3.426,6.397,6.347,3.464,4.785,4.44,6.465,7.163,3.962,4.351,5.935,5.424,6.478
2808.03,27,3.622,3.567,2.913,2.89,6.102,5.86,2.456,3.352,5.346,3.416,6.456,6.387,3.439,4.74,4.459,6.368,7.176,4.013,4.381,6.032,5.465,6.45
2809.03,27,3.615,3.614,2.968,2.915,6.146,5.921,2.497,3.37,5.34,3.429,6.436,6.349,3.493,4.762,4.501,6.431,7.137,3.994,4.328,5.953,5.395,6.4
2810.03,27,3.611,3.624,2.922,2.953,6.138,5.866,2.487,3.397,5.365,3.451,6.41,6.34,3.441,4.73,4.507,6.412,7.213,4.014,4.35,5.981,5.375,6.483
2811.03,27,3.596,3.612,2.898,3.021,6.116,5.872,2.436,3.378,5.362,3.409,6.427,6.372,3.443,4.79,4.51,6.375,7.229,4.011,4.319,6.024,5.385,6.431
2812.03,27,3.562,3.661,2.913,3.045,6.083,5.857,2.474,3.354,5.342,3.493,6.427,6.333,3.501,4.708,4.44,6.426,7.162,4.063,4.291,6.022,5.407,6.396
2813.03,27,3.58,3.64,2.958,2.983,6.137,5.916,2.461,3.396,5.38,3.431,6.418,6.306,3.441,4.693,4.478,6.404,7.109,3.951,4.409,5.982,5.462,6.414
2814.03,27,3.53,3.575,2.913,2.976,6.201,5.865,2.435,3.329,5.366,3.386,6.458,6.336,3.46,4.704,4.469,6.393,7.137,3.983,4.374,5.958,5.386,6.407
2815.03,27,3.53,3.591,2.987,2.981,6.076,5.931,2.402,3.36,5.339,3.397,6.431,6.282,3.4,4.742,4.493,6.394,7.246,3.964,4.376,6.038,5.344,6.451
2816.03,27,3.482,3.633,2.974,3.003,6.139,5.867,2.473,3.359,5.365,3.476,6.416,6.343,3.453,4.783,4.504,6.384,7.175,4.052,4.346,5.97,5.402,6.46
2817.03,27,3.55,3.627,2.911,2.986,6.145,5.882,2.518,3.354,5.287,3.423,6.398,6.368,3.414,4.703,4.472,6.393,7.174,3.997,4.367,5.924,5.356,6.433
2818.03,27,3.528,3.649,3.008,2.955,6.106,5.845,2.48,3.272,5.315,3.361,6.407,6.327,3.477,4.704,4.518,6.438,7.197,3.989,4.367,5.973,5.37,6.434
2819.03,27,3.55,3.62,2.977,3.017,6.106,5.879,2.442,3.215,5.324,3.452,6.356,6.322,3.477,4.73,4.455,6.413,7.129,3.99,4.317,6.007,5.386,6.469
2820.03,27,3.545,3.603,2.955,2.967,6.116,5.848,2.546,3.26,5.388,3.376,6.48,6.332,3.445,4.689,4.456,6.345,7.166,4.02,4.29,5.971,5.347,6.387
2821.03,27,3.456,3.602,2.914,2.979,6.156,5.865,2.491,3.269,5.332,3.397,6.468,6.309,3.403,4.76,4.484,6.403,7.142,3.967,4.33,5.985,5.311,6.463
2822.03,27,3.522,3.693,2.845,2.999,6.154,5.857,2.454,3.352,5.345,3.402,6.428,6.328,3.424,4.617,4.503,6.405,7.184,3.97,4.3,5.935,5.359,6.488
2823.03,27,3.457,3.645,2.944,2.944,6.132,5.902,2.482,3.285,5.403,3.425,6.474,6.342,3.452,4.646,4.456,6.345,7.279,4.01,4.335,6.023,5.382,6.451
2824.03,27,3.555,3.721,2.961,2.978,6.132,5.814,2.482,3.272,5.406,3.502,6.441,6.331,3.385,4.674,4.382,6.416,7.173,3.988,4.315,5.952,5.376,6.401
2825.03,27,3.574,3.692,3.038,2.938,6.195,5.832,2.478,3.291,5.379,3.486,6.491,6.331,3.418,4.729,4.427,6.42,7.216,4.045,4.285,6.013,5.384,6.416
2826.03,27,3.51,3.613,2.899,2.994,6.095,5.843,2.501,3.33,5.297,3.425,6.42,6.372,3.343,4.65,4.447,6.414,7.133,3.937,4.352,5.996,5.399,6.436
2827.03,27,3.527,3.618,2.966,2.961,6.157,5.867,2.482,3.258,5.374,3.397,6.38,6.337,3.381,4.667,4.476,6.334,7.113,3.968,4.323,5.956,5.412,6.45
2828.03,27,3.526,3.644,2.949,2.989,6.193,5.87,2.513,3.219,5.288,3.436,6.457,6.352,3.436,4.707,4.423,6.393,7.177,3.995,4.359,6.008,5.401,6.416
2829.03,27,3.517,3.678,2.909,2.945,6.151,5.873,2.506,3.163,5.297,3.379,6.438,6.369,3.361,4.642,4.38,6.358,7.177,4.032,4.291,6.022,5.371,6.434
2830.03,27,3.441,3.59,2.965,2.962,6.105,5.859,2.455,3.284,5.351,3.358,6.441,6.317,3.329,4.67,4.397,6.372,7.203,3.871,4.304,6.012,5.374,6.494
2831.03,27,3.476,3.619,2.997,2.978,6.137,5.896,2.475,3.271,5.31,3.432,6.434,6.335,3.371,4.667,4.451,6.424,7.187,4.029,4.302,5.991,5.401,6.479
2832.03,27,3.437,3.602,2.93,2.986,6.127,5.842,2.462,3.217,5.385,3.474,6.442,6.353,3.316,4.609,4.433,6.424,7.13,3.963,4.271,6.01,5.342,6.425
2833.03,27,3.519,3.639,2.952,3.017,6.174,5.876,2.478,3.226,5.26,3.458,6.425,6.376,3.327,4.634,4.379,6.365,7.225,3.968,4.289,6.022,5.422,6.404
2834.03,27,3.538,3.627,2.985,2.979,6.195,5.876,2.456,3.273,5.342,3.402,6.45,6.396,3.354,4.684,4.407,6.411,7.108,3.983,4.338,5.966,5.373,6.515
2835.03,27,3.481,3.63,2.887,2.973,6.141,5.804,2.468,3.327,5.335,3.443,6.429,6.284,3.323,4.596,4.413,6.334,7.189,3.938,4.232,5.924,5.368,6.439
2836.03,27,3.458,3.614,2.974,3.021,6.09,5.844,2.518,3.187,5.269,3.398,6.371,6.267,3.347,4.655,4.425,6.442,7.16,4.002,4.255,5.993,5.437,6.419
2837.03,27,3.443,3.606,2.929,3.016,6.117,5.873,2.468,3.296,5.294,3.449,6.438,6.362,3.372,4.619,4.41,6.407,7.172,3.97,4.318,6.02,5.407,6.44
2838.03,27,3.418,3.612,2.95,2.958,6.131,5.855,2.459,3.251,5.305,3.448,6.402,6.377,3.395,4.675,4.447,6.45,7.205,3.914,4.257,5.924,5.382,6.458
2839.03,27,3.528,3.594,2.944,2.972,6.163,5.912,2.449,3.193,5.329,3.351,6.473,6.361,3.385,4.63,4.446,6.452,7.113,3.951,4.314,6.036,5.377,6.407
2840.03,27,3.41,3.604,2.947,3.016,6.143,5.855,2.498,3.254,5.281,3.425,6.419,6.33,3.408,4.619,4.374,6.404,7.188,3.97,4.259,6.022,5.35,6.438
2841.03,27,3.491,3.666,2.998,2.916,6.122,5.905,2.52,3.334,5.249,3.477,6.376,6.405,3.346,4.682,4.351,6.329,7.153,4.009,4.267,6.003,5.398,6.443
2842.03,27,3.421,3.666,2.965,2.964,6.161,5.825,2.477,3.294,5.415,3.439,6.419,6.316,3.307,4.61,4.41,6.373,7.182,4.014,4.283,5.962,5.366,6.435
2843.03,27,3.448,3.687,2.963,3.015,6.154,5.822,2.432,3.202,5.286,3.509,6.41,6.336,3.344,4.582,4.422,6.388,7.155,3.988,4.249,5.893,5.39,6.454
2844.03,27,3.4,3.628,2.985,3.006,6.052,5.823,2.421,3.26,5.236,3.403,6.438,6.382,3.319,4.632,4.42,6.442,7.221,3.977,4.255,6.094,5.369,6.406
2845.03,27,3.398,3.677,2.947,2.937,6.124,5.858,2.543,3.233,5.309,3.407,6.458,6.379,3.311,4.635,4.356,6.394,7.16,3.942,4.284,6.034,5.39,6.401
2846.03,27,3.401,3.644,2.946,2.986,6.198,5.77,2.548,3.24,5.24,3.458,6.414,6.3,3.281,4.597,4.379,6.357,7.242,3.928,4.288,5.985,5.407,6.423
2847.03,27,3.45,3.622,2.987,2.941,6.145,5.868,2.465,3.236,5.258,3.472,6.39,6.358,3.348,4.634,4.375,6.384,7.137,3.921,4.254,6.013,5.307,6.39
2848.03,27,3.444,3.624,2.968,2.998,6.113,5.799,2.455,3.248,5.271,3.389,6.399,6.386,3.285,4.653,4.441,6.399,7.185,3.979,4.253,6.053,5.419,6.397
2849.03,27,3.422,3.625,2.999,2.94,6.159,5.844,2.442,3.259,5.248,3.432,6.385,6.411,3.337,4.588,4.375,6.395,7.177,3.882,4.227,6.001,5.415,6.451
2850.03,27,3.41,3.651,2.979,3.062,6.126,5.872,2.418,3.214,5.282,3.478,6.37,6.319,3.328,4.607,4.411,6.386,7.22,3.919,4.227,5.953,5.366,6.389
2851.03,27,3.435,3.615,2.964,2.957,6.102,5.847,2.51,3.179,5.289,3.401,6.458,6.347,3.341,4.56,4.372,6.382,7.205,3.881,4.265,6.029,5.386,6.44
2852.03,27,3.404,3.633,2.984,2.967,6.134,5.817,2.47,3.292,5.259,3.424,6.394,6.369,3.334,4.647,4.396,6.394,7.136,3.879,4.284,6.007,5.384,6.413
2853.03,27,3.415,3.643,2.966,2.959,6.11,5.839,2.446,3.241,5.357,3.412,6.417,6.339,3.363,4.685,4.396,6.373,7.184,3.903,4.234,6.009,5.438,6.387
2854.03,27,3.438,3.67,2.927,3.051,6.125,5.826,2.477,3.276,5.324,3.423,6.42,6.392,3.242,4.591,4.36,6.398,7.185,3.903,4.232,5.96,5.414,6.437
2855.03,27,3.405,3.685,2.938,3.031,6.105,5.869,2.499,3.236,5.268,3.452,6.454,6.35,3.3,4.541,4.367,6.375,7.174,3.972,4.251,5.968,5.458,6.458
2856.03,27,3.4,3.653,2.951,2.975,6.099,5.849,2.48,3.231,5.237,3.44,6.387,6.408,3.233,4.585,4.383,6.306,7.191,3.884,4.198,5.996,5.373,6.473
2857.03,27,3.407,3.636,2.994,2.991,6.098,5.862,2.502,3.277,5.298,3.456,6.509,6.314,3.293,4.563,4.275,6.377,7.123,4.02,4.196,6.066,5.38,6.433
2858.03,27,3.419,3.646,2.945,2.955,6.13,5.873,2.479,3.275,5.214,3.42,6.461,6.342,3.265,4.527,4.354,6.381,7.166,3.871,4.188,5.961,5.398,6.417
2859.03,27,3.404,3.668,2.929,2.929,6.111,5.942,2.432,3.296,5.242,3.409,6.424,6.333,3.314,4.534,4.339,6.419,7.146,3.954,4.266,5.969,5.35,6.483
2860.03,27,3.316,3.634,2.924,2.981,6.147,5.818,2.469,3.222,5.201,3.394,6.415,6.337,3.274,4.568,4.33,6.445,7.207,3.857,4.231,6.042,5.353,6.454
2861.03,27,3.489,3.676,2.928,2.998,6.143,5.818,2.52,3.273,5.262,3.39,6.335,6.316,3.283,4.595,4.361,6.405,7.204,3.94,4.241,5.989,5.341,6.439
2862.03,27,3.353,3.688,2.993,2.939,6.089,5.862,2.475,3.272,5.258,3.454,6.424,6.335,3.339,4.538,4.334,6.415,7.133,3.887,4.169,5.958,5.358,6.453
2863.03,27,3.358,3.715,2.89,3.026,6.155,5.865,2.436,3.232,5.226,3.43,6.381,6.31,3.219,4.613,4.334,6.378,7.161,3.844,4.228,5.998,5.374,6.418
2864.03,27,3.401,3.671,2.996,2.942,6.131,5.815,2.518,3.247,5.302,3.391,6.4,6.358,3.32,4.606,4.298,6.413,7.181,3.9,4.164,5.994,5.334,6.466
2865.03,27,3.351,3.647,2.998,2.981,6.145,5.89,2.511,3.224,5.217,3.466,6.442,6.291,3.275,4.567,4.276,6.376,7.161,3.847,4.231,6.003,5.386,6.429
2866.03,27,3.346,3.668,2.915,2.986,6.116,5.879,2.47,3.206,5.248,3.396,6.369,6.33,3.317,4.634,4.327,6.382,7.131,3.93,4.228,5.965,5.337,6.416
2867.03,27,3.33,3.694,2.977,2.936,6.129,5.881,2.459,3.283,5.251,3.383,6.413,6.352,3.287,4.59,4.331,6.394,7.141,3.873,4.207,5.962,5.342,6.392
2868.03,27,3.298,3.619,2.94,2.977,6.125,5.88,2.512,3.196,5.226,3.414,6.4,6.305,3.293,4.561,4.283,6.349,7.172,3.847,4.231,6.021,5.403,6.46
2869.03,27,3.349,3.692,2.925,2.932,6.137,5.816,2.524,3.213,5.256,3.46,6.433,6.334,3.271,4.532,4.353,6.372,7.094,3.886,4.196,6.032,5.378,6.387
2870.03,27,3.311,3.618,2.971,2.96,6.157,5.843,2.528,3.272,5.27,3.408,6.471,6.384,3.25,4.591,4.316,6.349,7.208,3.859,4.211,5.982,5.409,6.449
2871.03,27,3.344,3.659,2.942,2.951,6.157,5.873,2.459,3.251,5.24,3.428,6.438,6.328,3.283,4.531,4.361,6.329,7.172,3.866,4.188,5.928,5.332,6.385
2872.03,27,3.372,3.678,2.908,3.006,6.218,5.904,2.466,3.255,5.229,3.448,6.459,6.346,3.259,4.506,4.3,6.437,7.178,3.932,4.201,6.001,5.417,6.467
2873.03,27,3.371,3.687,2.905,2.979,6.185,5.842,2.463,3.283,5.208,3.427,6.417,6.376,3.311,4.565,4.308,6.427,7.161,3.856,4.172,5.966,5.469,6.362
2874.03,27,3.324,3.659,2.925,3.013,6.209,5.871,2.438,3.272,5.2,3.436,6.388,6.408,3.276,4.564,4.307,6.429,7.163,3.846,4.276,6.019,5.342,6.432
2875.03,27,3.297,3.614,2.933,2.942,6.12,5.87,2.535,3.344,5.207,3.398,6.423,6.295,3.238,4.573,4.365,6.4,7.156,3.867,4.181,6.028,5.387,6.413
2876.03,27,3.304,3.643,2.955,3.06,6.132,5.831,2.513,3.252,5.26,3.416,6.419,6.354,3.33,4.486,4.282,6.453,7.192,3.845,4.162,5.995,5.381,6.429
2877.03,27,3.334,3.662,2.952,2.976,6.103,5.861,2.451,3.292,5.225,3.371,6.442,6.282,3.322,4.513,4.267,6.351,7.142,3.89,4.175,5.947,5.406,6.409
2878.03,27,3.283,3.615,2.93,2.991,6.103,5.949,2.495,3.277,5.204,3.403,6.408,6.322,3.247,4.562,4.3,6.411,7.147,3.888,4.198,5.997,5.427,6.462
2879.03,27,3.334,3.708,2.974,2.99,6.11,5.841,2.409,3.272,5.179,3.409,6.414,6.321,3.239,4.517,4.302,6.406,7.14,3.86,4.158,5.979,5.343,6.401
2880.03,27,3.338,3.591,2.989,2.97,6.134,5.893,2.473,3.229,5.257,3.446,6.405,6.381,3.217,4.499,4.233,6.386,7.1,3.826,4.069,6.005,5.363,6.429
2881.03,27,3.283,3.599,2.92,3.024,6.129,5.833,2.445,3.299,5.25,3.499,6.367,6.311,3.128,4.489,4.272,6.417,7.17,3.843,4.09,5.982,5.417,6.494
2882.03,27,3.229,3.71,2.975,2.978,6.121,5.867,2.469,3.27,5.231,3.432,6.343,6.307,3.223,4.474,4.282,6.35,7.175,3.856,4.094,5.968,5.357,6.437
2883.03,27,3.308,3.759,2.885,2.973,6.152,5.912,2.496,3.239,5.186,3.447,6.406,6.346,3.257,4.489,4.286,6.423,7.207,3.82,4.116,5.999,5.405,6.395
2884.03,27,3.257,3.699,2.956,2.98,6.136,5.88,2.483,3.27,5.18,3.422,6.431,6.33,3.193,4.499,4.315,6.391,7.133,3.845,4.136,5.945,5.401,6.498
2885.03,27,3.265,3.679,2.945,2.95,6.155,5.874,2.514,3.288,5.239,3.457,6.421,6.369,3.161,4.498,4.33,6.357,7.118,3.861,4.119,5.966,5.332,6.434
2886.03,27,3.245,3.676,2.938,2.962,6.172,5.845,2.517,3.272,5.181,3.425,6.475,6.297,3.182,4.516,4.286,6.46,7.116,3.873,4.103,5.941,5.379,6.379
2887.03,27,3.26,3.691,2.978,2.96,6.148,5.883,2.513,3.26,5.253,3.439,6.414,6.322,3.22,4.482,4.257,6.397,7.155,3.885,4.138,5.993,5.339,6.446
2888.03,27,3.297,3.655,2.924,3.037,6.144,5.879,2.558,3.226,5.16,3.383,6.417,6.38,3.238,4.506,4.249,6.388,7.169,3.78,4.114,5.97,5.38,6.422
2889.03,27,3.29,3.716,2.929,2.994,6.166,5.861,2.467,3.205,5.131,3.377,6.392,6.342,3.226,4.506,4.237,6.358,7.241,3.894,4.136,5.972,5.358,6.492
2890.03,27,3.202,3.679,2.967,3.017,6.154,5.869,2.49,3.211,5.229,3.466,6.425,6.307,3.189,4.5,4.227,6.405,7.184,3.862,4.147,6.021,5.444,6.446
2891.03,27,3.293,3.681,3.007,2.961,6.115,5.861,2.512,3.327,5.209,3.399,6.396,6.36,3.201,4.47,4.293,6.349,7.141,3.846,4.099,5.915,5.404,6.425
2892.03,27,3.226,3.723,2.971,2.945,6.112,5.911,2.538,3.204,5.214,3.4,6.407,6.421,3.224,4.473,4.26,6.451,7.125,3.795,4.061,5.96,5.38,6.464
2893.03,27,3.247,3.705,2.909,2.995,6.139,5.835,2.512,3.268,5.226,3.448,6.41,6.349,3.172,4.445,4.236,6.365,7.141,3.845,4.09,5.991,5.406,6.396
2894.03,27,3.211,3.747,2.997,2.978,6.144,5.841,2.538,3.256,5.207,3.495,6.394,6.361,3.188,4.485,4.239,6.375,7.237,3.838,4.132,5.961,5.423,6.394
2895.03,27,3.261,3.657,2.968,2.988,6.145,5.893,2.5,3.297,5.217,3.405,6.438,6.29,3.178,4.398,4.241,6.366,7.15,3.808,4.118,5.995,5.339,6.424
2896.03,27,3.207,3.714,2.971,2.974,6.147,5.886,2.46,3.269,5.179,3.449,6.422,6.421,3.162,4.5,4.274,6.384,7.131,3.824,4.088,5.964,5.418,6.411
2897.03,27,3.225,3.67,2.951,2.944,6.06,5.808,2.552,3.318,5.163,3.425,6.359,6.392,3.175,4.496,4.248,6.377,7.167,3.805,4.128,6.032,5.434,6.384
2898.03,27,3.167,3.674,2.981,3.047,6.134,5.877,2.47,3.229,5.128,3.381,6.486,6.332,3.141,4.433,4.23,6.392,7.162,3.742,4.085,5.947,5.449,6.353
2899.03,27,3.236,3.645,2.954,2.987,6.143,5.873,2.479,3.266,5.207,3.4,6.429,6.319,3.18,4.483,4.228,6.405,7.207,3.776,4.103,5.998,5.382,6.397
2900.03,27,3.257,3.65,2.99,2.884,6.097,5.87,2.489,3.344,5.173,3.44,6.419,6.32,3.155,4.435,4.242,6.4,7.088,3.786,4.066,5.958,5.343,6.422
2901.03,27,3.16,3.665,2.978,2.936,6.148,5.858,2.488,3.287,5.155,3.423,6.416,6.38,3.177,4.455,4.2,6.381,7.165,3.82,4.166,5.977,5.423,6.424
2902.03,27,3.215,3.74,2.996,3.123,6.16,5.82,2.478,3.24,5.13,3.426,6.4,6.354,3.172,4.47,4.185,6.384,7.185,3.819,4.034,5.961,5.431,6.398
2903.03,27,3.195,3.649,2.937,2.985,6.137,5.851,2.548,3.269,5.147,3.418,6.416,6.292,3.195,4.437,4.234,6.331,7.172,3.86,4.04,6.016,5.357,6.434
2904.03,27,3.22,3.698,2.904,3.002,6.119,5.811,2.422,3.308,5.195,3.442,6.458,6.366,3.148,4.4,4.233,6.409,7.132,3.832,3.98,5.94,5.309,6.373
2905.03,27,3.214,3.667,2.997,3.04,6.162,5.917,2.512,3.238,5.24,3.447,6.404,6.351,3.129,4.484,4.262,6.38,7.125,3.745,4.034,5.981,5.394,6.425
2906.03,27,3.21,3.733,2.99,2.96,6.099,5.839,2.573,3.302,5.097,3.403,6.413,6.362,3.164,4.466,4.269,6.42,7.163,3.79,4.126,5.926,5.364,6.431
2907.03,27,3.214,3.737,2.936,3.001,6.19,5.874,2.495,3.351,5.141,3.457,6.41,6.35,3.141,4.446,4.176,6.388,7.123,3.729,4.103,5.973,5.401,6.4
2908.03,27,3.198,3.667,2.957,2.989,6.15,5.847,2.511,3.312,5.168,3.414,6.413,6.314,3.16,4.41,4.281,6.38,7.165,3.822,4.063,5.994,5.42,6.458
2909.03,27,3.257,3.716,2.924,2.944,6.158,5.837,2.531,3.321,5.172,3.411,6.404,6.416,3.158,4.41,4.175,6.378,7.185,3.781,4.029,5.992,5.496,6.424
2910.03,27,3.207,3.692,2.965,2.997,6.177,5.875,2.55,3.338,5.102,3.435,6.424,6.318,3.083,4.447,4.199,6.396,7.244,3.774,4.101,6.041,5.417,6.419
2911.03,27,3.183,3.684,2.99,3.012,6.075,5.89,2.439,3.225,5.125,3.459,6.44,6.305,3.11,4.472,4.191,6.39,7.165,3.759,4.026,5.973,5.394,6.41
2912.03,27,3.234,3.65,2.937,3.007,6.106,5.788,2.461,3.258,5.116,3.431,6.482,6.352,3.102,4.404,4.228,6.365,7.186,3.812,4.1,5.933,5.385,6.401
2913.03,27,3.181,3.634,2.901,2.98,6.112,5.843,2.539,3.259,5.14,3.46,6.418,6.382,3.152,4.452,4.179,6.389,7.213,3.771,4.092,5.954,5.41,6.472
2914.03,27,3.169,3.654,2.89,3.002,6.156,5.907,2.46,3.27,5.104,3.386,6.394,6.334,3.06,4.447,4.19,6.411,7.172,3.793,4.087,6.005,5.385,6.374
2915.03,27,3.187,3.731,2.94,2.959,6.125,5.861,2.482,3.27,5.107,3.421,6.38,6.312,3.12,4.353,4.224,6.329,7.148,3.743,4.116,6.023,5.473,6.434
2916.03,27,3.109,3.642,3.022,2.933,6.108,5.845,2.505,3.28,5.137,3.477,6.394,6.323,3.093,4.382,4.144,6.424,7.215,3.725,3.986,5.921,5.427,6.408
2917.03,27,3.142,3.722,2.981,2.957,6.193,5.856,2.477,3.268,5.131,3.461,6.346,6.312,3.091,4.385,4.169,6.423,7.156,3.778,4.076,5.994,5.356,6.424
2918.03,27,3.175,3.672,2.99,3.042,6.157,5.795,2.428,3.302,5.062,3.374,6.38,6.347,3.159,4.374,4.162,6.419,7.168,3.735,4.059,6.002,5.457,6.523
2919.03,27,3.257,3.698,2.932,3.025,6.191,5.835,2.473,3.285,5.136,3.432,6.341,6.316,3.085,4.37,4.171,6.335,7.199,3.665,4.033,5.995,5.399,6.422
2920.03,27,3.237,3.782,3.022,2.995,6.151,5.863,2.471,3.289,5.092,3.382,6.481,6.314,3.144,4.401,4.191,6.435,7.216,3.766,3.996,5.938,5.386,6.471
2921.03,27,3.17,3.651,2.907,2.942,6.091,5.854,2.488,3.256,5.118,3.446,6.421,6.331,3.043,4.375,4.141,6.433,7.155,3.779,4.054,5.901,5.392,6.359
2922.03,27,3.174,3.659,3.038,3.015,6.167,5.871,2.464,3.266,5.106,3.42,6.431,6.378,3.088,4.385,4.134,6.39,7.061,3.685,4.011,5.987,5.406,6.395
2923.03,27,3.138,3.661,2.977,2.992,6.119,5.827,2.498,3.372,5.119,3.424,6.417,6.268,3.108,4.358,4.168,6.365,7.116,3.788,4.005,5.945,5.349,6.373
2924.03,27,3.171,3.666,2.858,3.032,6.134,5.876,2.5,3.363,5.147,3.484,6.429,6.385,3.13,4.384,4.129,6.394,7.181,3.789,3.94,5.945,5.368,6.465
2925.03,27,3.145,3.717,2.984,2.932,6.072,5.866,2.477,3.266,5.104,3.449,6.423,6.331,3.086,4.368,4.249,6.429,7.144,3.742,3.985,6.051,5.393,6.406
2926.03,27,3.112,3.733,2.971,2.931,6.159,5.807,2.459,3.318,5.084,3.442,6.455,6.334,3.045,4.368,4.177,6.423,7.168,3.718,4.02,5.949,5.378,6.442
2927.03,27,3.133,3.655,2.933,2.96,6.125,5.849,2.462,3.301,5.122,3.446,6.448,6.319,3.175,4.371,4.164,6.351,7.196,3.733,4.016,6.022,5.383,6.42
2928.03,27,3.1,3.692,2.903,3,6.128,5.911,2.573,3.255,5.12,3.416,6.384,6.355,3.068,4.371,4.223,6.4,7.187,3.714,3.952,5.943,5.335,6.403
2929.03,27,3.091,3.687,2.955,3.044,6.144,5.861,2.513,3.266,5.076,3.414,6.346,6.391,2.987,4.406,4.139,6.459,7.174,3.737,3.991,6.048,5.396,6.411
2930.03,27,3.107,3.744,2.907,2.976,6.058,5.869,2.496,3.327,5.119,3.457,6.425,6.376,3.001,4.361,4.121,6.4,7.127,3.694,3.984,5.956,5.381,6.505
2931.03,27,3.099,3.7,2.951,2.947,6.175,5.816,2.486,3.33,5.116,3.365,6.39,6.406,3.101,4.386,4.143,6.345,7.137,3.659,3.988,5.94,5.398,6.42
2932.03,27,3.005,3.683,2.95,3.006,6.07,5.897,2.483,3.277,5.1,3.442,6.361,6.317,3.054,4.327,4.134,6.323,7.157,3.772,4.003,6.03,5.418,6.387
2933.03,27,3.139,3.703,3.01,2.964,6.107,5.874,2.459,3.3,5.053,3.466,6.442,6.375,3.047,4.353,4.108,6.352,7.166,3.758,3.973,5.986,5.372,6.378
2934.03,27,3.123,3.719,2.967,2.999,6.091,5.879,2.519,3.334,5.061,3.416,6.368,6.321,3.061,4.33,4.128,6.367,7.153,3.697,3.945,6.014,5.381,6.38
2935.03,27,3.094,3.706,2.962,2.997,6.163,5.833,2.44,3.32,5.096,3.443,6.448,6.333,3.085,4.319,4.105,6.361,7.202,3.725,3.974,6.039,5.438,6.489
2936.03,27,3.063,3.664,2.963,2.975,6.136,5.858,2.437,3.342,5.123,3.502,6.44,6.358,2.987,4.327,4.138,6.435,7.205,3.757,3.962,5.931,5.451,6.443
2937.03,27,3.078,3.663,3.005,2.994,6.136,5.834,2.48,3.289,5.13,3.491,6.434,6.369,3.136,4.327,4.194,6.387,7.139,3.701,3.904,6.05,5.416,6.478
2938.03,27,3.059,3.748,2.875,2.986,6.127,5.856,2.558,3.303,5.033,3.462,6.427,6.322,3.012,4.328,4.126,6.408,7.201,3.731,4.029,5.966,5.4,6.421
2939.03,27,3.109,3.658,2.964,2.996,6.1,5.834,2.445,3.259,5.001,3.429,6.386,6.391,3.049,4.348,4.11,6.329,7.156,3.745,3.941,6.041,5.399,6.421
2940.03,27,3.053,3.631,2.993,3.004,6.12,5.875,2.443,3.282,5.113,3.419,6.423,6.314,3.003,4.364,4.1,6.371,7.143,3.687,4.007,5.967,5.391,6.472
2941.03,27,3.112,3.696,2.961,2.992,6.18,5.896,2.482,3.329,5.104,3.466,6.425,6.336,2.995,4.297,4.071,6.399,7.183,3.687,3.95,6.012,5.419,6.344
2942.03,27,3.119,3.667,2.919,2.985,6.043,5.844,2.527,3.32,5.076,3.465,6.457,6.348,3.023,4.305,4.121,6.398,7.153,3.721,3.932,5.954,5.342,6.448
2943.03,27,3.042,3.721,2.927,2.988,6.165,5.877,2.533,3.267,5.052,3.464,6.413,6.318,3.019,4.334,4.064,6.382,7.181,3.667,4.004,6.028,5.408,6.423
2944.03,27,3.108,3.71,2.924,3.002,6.135,5.906,2.5,3.326,5.079,3.42,6.405,6.295,3.016,4.297,4.104,6.379,7.177,3.67,3.967,5.985,5.375,6.397
2945.03,27,3.081,3.66,2.97,3.021,6.086,5.879,2.44,3.339,5.079,3.479,6.41,6.356,2.987,4.304,4.067,6.385,7.19,3.684,4,5.998,5.328,6.437
2946.03,27,3.103,3.773,2.964,2.984,6.081,5.845,2.499,3.322,5.072,3.453,6.458,6.258,2.975,4.343,4.049,6.332,7.172,3.708,3.981,5.891,5.358,6.444
2947.03,27,3.125,3.711,3.002,2.965,6.134,5.902,2.468,3.255,5.011,3.38,6.384,6.318,2.994,4.281,4.092,6.427,7.204,3.593,3.938,5.99,5.324,6.429
2948.03,27,3.118,3.682,2.937,3.017,6.139,5.806,2.487,3.251,5.067,3.492,6.391,6.397,3.039,4.321,4.06,6.359,7.12,3.596,3.962,6,5.344,6.485
2949.03,27,3.102,3.685,2.953,3.004,6.147,5.885,2.457,3.269,5.063,3.459,6.492,6.383,3.052,4.354,4.123,6.375,7.164,3.642,3.967,5.987,5.387,6.421
2950.03,27,3.091,3.701,2.953,2.98,6.133,5.827,2.515,3.3,5.007,3.394,6.419,6.35,2.994,4.274,4.107,6.36,7.167,3.656,3.894,6.022,5.447,6.434
2951.03,27,3.146,3.68,2.957,2.943,6.144,5.815,2.477,3.313,5.042,3.481,6.465,6.328,2.992,4.3,4.057,6.384,7.165,3.71,3.831,6.042,5.304,6.394
2952.03,27,3.055,3.68,2.947,3.006,6.098,5.811,2.458,3.347,5.053,3.426,6.422,6.377,2.988,4.371,4.134,6.367,7.225,3.661,3.899,5.994,5.345,6.421
2953.03,27,3.076,3.648,2.98,2.963,6.158,5.845,2.512,3.369,5.062,3.416,6.457,6.372,2.919,4.331,4.119,6.372,7.196,3.635,3.93,5.995,5.322,6.433
2954.03,27,3.035,3.742,2.981,3.017,6.095,5.843,2.459,3.308,5.044,3.441,6.435,6.309,2.931,4.277,4.092,6.337,7.184,3.702,3.928,6.027,5.378,6.437
2955.03,27,3.086,3.675,3.024,2.983,6.145,5.847,2.565,3.281,5.037,3.435,6.386,6.323,3.042,4.313,4.087,6.36,7.13,3.65,3.949,5.98,5.346,6.407
2956.03,27,2.993,3.683,2.997,2.925,6.095,5.883,2.468,3.321,5.023,3.466,6.464,6.313,3.001,4.328,4.098,6.384,7.136,3.675,3.902,5.919,5.418,6.452
2957.03,27,3.12,3.665,2.94,3.008,6.146,5.817,2.471,3.334,5.033,3.389,6.436,6.358,2.956,4.303,4.051,6.366,7.166,3.658,3.926,5.985,5.392,6.365
2958.03,27,3.032,3.629,2.96,2.963,6.162,5.835,2.491,3.341,5.019,3.439,6.428,6.397,2.96,4.327,4.082,6.415,7.241,3.646,3.939,6.036,5.406,6.412
2959.03,27,3.062,3.722,2.968,2.928,6.118,5.883,2.525,3.351,5.003,3.403,6.401,6.329,3.036,4.28,4.061,6.386,7.141,3.675,3.882,5.99,5.35,6.412
2960.03,27,3.118,3.65,2.927,3.057,6.103,5.9,2.469,3.305,5.058,3.37,6.369,6.372,3.003,4.313,4.014,6.41,7.202,3.641,3.856,6.016,5.357,6.459
2961.03,27,3.055,3.736,2.937,2.959,6.095,5.913,2.409,3.294,5.044,3.446,6.395,6.395,2.956,4.264,4.097,6.394,7.156,3.653,3.943,5.966,5.364,6.385
2962.03,27,3.104,3.682,2.987,3.006,6.148,5.933,2.499,3.297,5.009,3.437,6.398,6.334,2.99,4.27,4.049,6.402,7.171,3.683,3.867,6.021,5.455,6.404
2963.03,27,3.081,3.716,2.935,2.965,6.151,5.918,2.484,3.297,5.06,3.413,6.436,6.344,2.919,4.246,4.011,6.461,7.241,3.666,3.851,5.956,5.462,6.432
2964.03,27,3.131,3.774,2.944,2.992,6.09,5.809,2.482,3.257,4.998,3.495,6.486,6.346,2.932,4.256,4.038,6.438,7.161,3.587,3.884,5.998,5.386,6.43
2965.03,27,3.137,3.763,2.924,3.054,6.139,5.824,2.518,3.275,5.077,3.507,6.4,6.371,2.96,4.289,4.081,6.434,7.125,3.604,3.882,6.044,5.401,6.52
2966.03,27,3.125,3.779,2.976,2.962,6.14,5.858,2.41,3.324,5.04,3.426,6.385,6.361,2.932,4.304,3.982,6.447,7.197,3.627,3.897,5.955,5.344,6.432
2967.03,27,3.069,3.669,2.987,3.029,6.131,5.875,2.446,3.281,5.027,3.42,6.388,6.301,2.871,4.337,4.023,6.391,7.244,3.6,3.897,5.969,5.402,6.372
2968.03,27,3.058,3.645,2.981,3.039,6.176,5.88,2.496,3.262,5.028,3.439,6.423,6.351,2.915,4.208,4.036,6.363,7.169,3.618,3.906,5.969,5.447,6.393
2969.03,27,3.094,3.746,2.957,2.985,6.147,5.888,2.49,3.347,5.015,3.435,6.375,6.336,3.005,4.272,4.022,6.393,7.178,3.664,3.893,5.957,5.38,6.421
2970.03,27,3.022,3.72,3.016,3.042,6.144,5.85,2.492,3.339,5.054,3.401,6.428,6.355,2.896,4.259,4.03,6.391,7.231,3.631,3.809,5.967,5.311,6.476
2971.03,27,3.151,3.656,2.935,2.936,6.149,5.902,2.472,3.346,4.996,3.379,6.429,6.351,2.876,4.234,4.019,6.36,7.223,3.553,3.879,5.947,5.373,6.456
2972.03,27,3.099,3.718,2.983,2.988,6.113,5.916,2.496,3.331,4.986,3.481,6.382,6.334,2.968,4.252,4.052,6.404,7.091,3.6,3.884,6.031,5.358,6.462
2973.03,27,3.115,3.814,2.97,3.004,6.122,5.865,2.518,3.303,5.031,3.393,6.426,6.32,2.862,4.231,4.075,6.444,7.125,3.615,3.863,6.054,5.352,6.413
2974.03,27,3.094,3.79,2.92,3.024,6.155,5.853,2.538,3.357,5.006,3.432,6.366,6.356,2.955,4.251,4.058,6.378,7.189,3.599,3.885,6.001,5.387,6.425
2975.03,27,3.094,3.71,3.013,3.002,6.171,5.834,2.5,3.307,4.968,3.456,6.43,6.331,2.924,4.169,3.955,6.414,7.139,3.665,3.842,5.945,5.393,6.431
2976.03,27,3.059,3.709,2.931,3.015,6.155,5.839,2.546,3.325,4.956,3.398,6.428,6.312,2.896,4.26,4.053,6.413,7.147,3.603,3.918,5.991,5.38,6.391
2977.03,27,3.109,3.727,2.968,2.972,6.134,5.824,2.439,3.298,4.965,3.425,6.465,6.276,2.92,4.224,4.042,6.422,7.131,3.6,3.872,6.034,5.355,6.422
2978.03,27,3.146,3.71,2.997,2.935,6.155,5.898,2.453,3.355,4.974,3.407,6.434,6.328,2.912,4.204,4.004,6.363,7.158,3.595,3.909,6.013,5.378,6.456
2979.03,27,3.106,3.653,2.891,3.021,6.129,5.893,2.486,3.333,4.947,3.48,6.389,6.239,2.865,4.256,3.929,6.285,7.093,3.596,3.809,6.009,5.413,6.499
2980.03,27,3.023,3.71,2.995,2.914,6.109,5.853,2.521,3.326,4.96,3.461,6.427,6.403,2.93,4.219,4.086,6.35,7.198,3.609,3.867,5.993,5.385,6.388
2981.03,27,3.088,3.707,2.929,3.019,6.154,5.881,2.522,3.344,4.97,3.433,6.383,6.265,2.876,4.237,4.013,6.411,7.188,3.538,3.823,5.973,5.421,6.467
2982.03,27,3.101,3.73,2.925,2.984,6.124,5.87,2.498,3.375,4.971,3.442,6.433,6.314,2.867,4.225,3.988,6.388,7.169,3.568,3.876,6.007,5.422,6.475
2983.03,27,3.08,3.715,2.958,2.955,6.159,5.786,2.491,3.356,4.94,3.479,6.378,6.389,2.869,4.233,4.019,6.338,7.12,3.567,3.837,5.97,5.388,6.444
2984.03,27,3.079,3.737,2.943,2.969,6.122,5.881,2.481,3.372,5.027,3.436,6.474,6.382,2.889,4.171,4.007,6.382,7.145,3.553,3.863,5.96,5.406,6.429
2985.03,27,3.085,3.733,2.853,2.987,6.163,5.852,2.447,3.312,4.988,3.48,6.448,6.378,2.832,4.218,4.024,6.413,7.264,3.579,3.807,5.964,5.35,6.423
2986.03,27,3.12,3.715,3.032,2.951,6.105,5.885,2.639,3.334,4.92,3.454,6.447,6.4,2.873,4.167,3.975,6.375,7.163,3.533,3.824,5.965,5.412,6.454
2987.03,27,3.158,3.69,2.947,3.028,6.162,5.887,2.501,3.335,4.948,3.489,6.428,6.369,2.838,4.213,3.972,6.327,7.169,3.564,3.754,5.937,5.269,6.385
2988.03,27,3.161,3.699,3.02,3.003,6.13,5.865,2.447,3.358,4.948,3.411,6.412,6.359,2.913,4.204,3.952,6.397,7.169,3.569,3.863,6.001,5.391,6.476
2989.03,27,3.09,3.756,2.888,3.001,6.155,5.779,2.476,3.257,5.035,3.44,6.385,6.313,2.83,4.174,3.96,6.412,7.192,3.6,3.802,5.973,5.407,6.476
2990.03,27,3.084,3.743,2.984,2.965,6.109,5.881,2.51,3.334,4.97,3.387,6.395,6.314,2.847,4.186,3.907,6.353,7.117,3.585,3.811,6.016,5.382,6.444
2991.03,27,3.147,3.738,2.997,3.027,6.162,5.773,2.471,3.296,4.977,3.416,6.419,6.37,2.865,4.171,3.942,6.417,7.18,3.554,3.801,6.013,5.413,6.443
2992.03,27,3.097,3.767,3.019,2.995,6.186,5.795,2.457,3.332,5.008,3.445,6.447,6.338,2.809,4.185,3.947,6.386,7.158,3.562,3.851,5.963,5.4,6.437
2993.03,27,3.155,3.67,2.991,2.988,6.096,5.871,2.502,3.375,4.94,3.404,6.431,6.328,2.811,4.128,4.007,6.385,7.195,3.549,3.825,6.05,5.375,6.523
2994.03,27,3.173,3.749,2.924,2.973,6.147,5.803,2.507,3.324,4.958,3.439,6.445,6.336,2.874,4.162,3.918,6.38,7.22,3.559,3.802,5.94,5.392,6.446
2995.03,27,3.115,3.797,2.921,2.969,6.11,5.856,2.487,3.312,4.945,3.448,6.439,6.316,2.858,4.088,3.967,6.353,7.148,3.55,3.809,5.937,5.41,6.37
2996.03,27,3.095,3.794,2.899,2.989,6.096,5.826,2.529,3.335,4.874,3.388,6.341,6.324,2.827,4.205,3.919,6.409,7.153,3.542,3.793,6.024,5.473,6.339
2997.03,27,3.08,3.73,2.955,2.905,6.147,5.841,2.44,3.323,4.971,3.394,6.367,6.369,2.803,4.171,3.918,6.357,7.205,3.538,3.829,5.987,5.393,6.489
2998.03,27,3.043,3.732,3.02,3.059,6.187,5.82,2.466,3.356,4.886,3.454,6.374,6.369,2.828,4.221,3.941,6.354,7.129,3.53,3.751,5.963,5.426,6.397
2999.03,27,3.104,3.732,2.969,2.977,6.132,5.91,2.484,3.297,4.903,3.409,6.396,6.33,2.867,4.159,3.929,6.427,7.136,3.553,3.78,5.986,5.358,6.442
3000.03,27,3.124,3.723,2.978,3.041,6.173,5.8,2.44,3.326,4.95,3.459,6.421,6.28,2.843,4.083,3.915,6.462,7.204,3.601,3.846,6.003,5.393,6.396
3001.03,27,3.167,3.673,2.882,2.976,6.101,5.806,2.457,3.329,4.901,3.355,6.367,6.362,2.833,4.107,3.966,6.351,7.151,3.504,3.814,6.029,5.379,6.46
3002.03,27,3.139,3.798,2.983,2.97,6.135,5.77,2.466,3.341,4.94,3.42,6.44,6.373,2.822,4.06,3.942,6.367,7.2,3.577,3.749,5.935,5.403,6.415
3003.03,27,3.118,3.694,2.953,2.995,6.133,5.842,2.53,3.351,4.905,3.447,6.388,6.326,2.795,4.137,3.869,6.361,7.197,3.507,3.777,6.03,5.388,6.48
3004.03,27,3.126,3.721,2.939,3.005,6.094,5.861,2.546,3.405,4.955,3.48,6.397,6.338,2.781,4.118,3.877,6.475,7.187,3.557,3.794,5.989,5.363,6.444
3005.03,27,3.143,3.701,2.975,3,6.129,5.839,2.453,3.377,4.943,3.412,6.448,6.363,2.826,4.121,3.864,6.383,7.126,3.548,3.74,5.904,5.362,6.439
3006.03,27,3.134,3.787,2.909,2.909,6.135,5.838,2.503,3.332,4.908,3.403,6.424,6.306,2.758,4.134,3.901,6.417,7.144,3.604,3.724,5.967,5.378,6.474
3007.03,27,3.149,3.673,2.999,3.035,6.115,5.856,2.504,3.329,4.905,3.453,6.397,6.27,2.739,4.113,3.951,6.354,7.171,3.516,3.721,6.007,5.4,6.405
3008.03,27,3.166,3.714,2.926,2.99,6.118,5.845,2.496,3.353,4.918,3.419,6.419,6.301,2.806,4.083,3.897,6.388,7.123,3.541,3.755,5.938,5.441,6.427
3009.03,27,3.161,3.739,2.963,2.947,6.104,5.878,2.439,3.3,4.845,3.425,6.415,6.447,2.773,4.093,3.88,6.354,7.24,3.555,3.664,5.961,5.379,6.45
3010.03,27,3.153,3.754,3.001,3.009,6.177,5.834,2.491,3.334,4.913,3.363,6.479,6.297,2.807,4.163,3.929,6.443,7.144,3.616,3.783,6.001,5.412,6.386
3011.03,27,3.184,3.751,2.966,2.966,6.095,5.871,2.486,3.316,4.932,3.457,6.45,6.374,2.729,4.029,3.883,6.38,7.153,3.613,3.758,5.981,5.404,6.407
3012.03,27,3.136,3.772,2.958,2.969,6.145,5.843,2.489,3.395,4.923,3.415,6.436,6.28,2.786,4.135,3.904,6.401,7.146,3.59,3.794,6.025,5.36,6.407
3013.03,27,3.135,3.666,3.004,2.959,6.235,5.844,2.44,3.307,5.01,3.43,6.453,6.455,2.741,4.073,3.903,6.381,7.179,3.571,3.734,5.947,5.366,6.481
3014.03,27,3.118,3.732,2.98,2.971,6.158,5.859,2.496,3.338,4.908,3.426,6.461,6.35,2.749,4.13,3.893,6.433,7.197,3.545,3.742,5.994,5.415,6.429
3015.03,27,3.144,3.755,2.92,2.997,6.138,5.882,2.503,3.369,4.935,3.421,6.464,6.334,2.741,4.069,3.906,6.297,7.138,3.622,3.763,5.963,5.346,6.388
3016.03,27,3.064,3.713,2.971,2.978,6.106,5.842,2.496,3.33,4.915,3.427,6.422,6.317,2.776,4.09,3.893,6.342,7.116,3.571,3.662,5.963,5.352,6.408
3017.03,27,3.137,3.697,2.943,2.974,6.115,5.843,2.497,3.354,4.913,3.399,6.356,6.306,2.736,4.122,3.927,6.332,7.199,3.564,3.779,5.974,5.402,6.46
3018.03,27,3.119,3.69,2.962,3.031,6.143,5.889,2.532,3.31,4.854,3.381,6.444,6.302,2.747,4.167,3.872,6.428,7.09,3.599,3.74,6.035,5.389,6.361
3019.03,27,3.19,3.747,2.975,2.955,6.147,5.815,2.515,3.356,4.851,3.481,6.429,6.341,2.768,4.088,3.821,6.408,7.164,3.495,3.746,5.938,5.373,6.459
3020.03,27,3.137,3.715,2.988,2.987,6.147,5.859,2.503,3.34,4.887,3.457,6.422,6.318,2.769,4.05,3.81,6.385,7.173,3.584,3.651,5.911,5.284,6.443
3021.03,27,3.089,3.671,2.971,3.006,6.117,5.896,2.44,3.315,4.915,3.373,6.377,6.322,2.762,4.057,3.828,6.358,7.179,3.601,3.701,6,5.283,6.432
3022.03,27,3.172,3.757,2.957,2.926,6.149,5.835,2.449,3.289,4.889,3.451,6.444,6.342,2.763,4.066,3.859,6.405,7.141,3.575,3.749,6.011,5.405,6.417
3023.03,27,3.131,3.768,2.97,3.06,6.134,5.878,2.493,3.339,4.888,3.39,6.437,6.357,2.732,4.055,3.84,6.394,7.174,3.589,3.693,6.024,5.391,6.49
3024.03,27,3.043,3.665,2.966,3.062,6.115,5.86,2.468,3.333,4.902,3.452,6.451,6.308,2.779,4.045,3.933,6.457,7.154,3.615,3.72,6.003,5.349,6.444
3025.03,27,3.188,3.686,3.01,2.938,6.176,5.878,2.45,3.302,4.81,3.405,6.442,6.356,2.743,4.082,3.841,6.372,7.116,3.596,3.706,5.89,5.398,6.435
3026.03,27,3.143,3.718,3.029,2.962,6.193,5.836,2.498,3.334,4.837,3.425,6.409,6.363,2.736,4.077,3.833,6.395,7.158,3.528,3.653,5.983,5.426,6.425
3027.03,27,3.063,3.73,2.971,2.983,6.106,5.854,2.546,3.348,4.872,3.423,6.371,6.33,2.722,4.03,3.868,6.406,7.168,3.538,3.678,6.005,5.371,6.348
3028.03,27,3.131,3.718,2.997,2.989,6.192,5.88,2.479,3.387,4.867,3.429,6.442,6.315,2.759,4.029,3.811,6.429,7.21,3.604,3.669,6.003,5.43,6.402
3029.03,27,3.161,3.699,2.974,2.997,6.17,5.798,2.506,3.293,4.91,3.469,6.469,6.328,2.686,3.991,3.862,6.357,7.2,3.592,3.704,6.027,5.388,6.408
3030.03,27,3.138,3.798,2.976,2.957,6.161,5.868,2.472,3.356,4.843,3.409,6.396,6.379,2.723,4.069,3.816,6.429,7.14,3.545,3.723,6.03,5.348,6.444
3031.03,27,3.144,3.726,2.94,2.986,6.161,5.845,2.493,3.357,4.859,3.461,6.414,6.349,2.696,4.025,3.823,6.398,7.126,3.62,3.687,6.027,5.41,6.405
3032.03,27,3.141,3.702,2.936,2.959,6.176,5.871,2.552,3.371,4.867,3.504,6.381,6.362,2.657,4.055,3.784,6.387,7.189,3.589,3.687,5.955,5.421,6.413
3033.03,27,3.108,3.764,2.936,3.037,6.056,5.858,2.476,3.346,4.879,3.384,6.402,6.255,2.723,4.047,3.862,6.39,7.189,3.565,3.687,5.946,5.389,6.415
3034.03,27,3.122,3.722,3.024,2.988,6.195,5.844,2.453,3.372,4.836,3.506,6.403,6.375,2.665,4.053,3.801,6.446,7.213,3.585,3.619,5.916,5.422,6.474
3035.03,27,3.206,3.743,3.038,2.949,6.126,5.842,2.463,3.294,4.874,3.397,6.392,6.328,2.708,4.047,3.814,6.403,7.171,3.623,3.6,5.978,5.369,6.454
3036.03,27,3.126,3.746,2.906,3.046,6.121,5.891,2.53,3.318,4.822,3.455,6.423,6.319,2.725,4.063,3.883,6.476,7.132,3.54,3.702,5.912,5.328,6.407
3037.03,27,3.158,3.765,2.93,2.998,6.114,5.935,2.515,3.343,4.844,3.374,6.375,6.349,2.676,4.029,3.805,6.338,7.172,3.497,3.689,5.972,5.355,6.412
3038.03,27,3.146,3.781,2.938,2.945,6.117,5.833,2.498,3.328,4.813,3.425,6.429,6.391,2.699,3.992,3.841,6.382,7.173,3.563,3.642,5.884,5.389,6.448
3039.03,27,3.22,3.742,2.96,2.987,6.062,5.873,2.482,3.398,4.839,3.386,6.458,6.361,2.715,3.979,3.796,6.383,7.196,3.522,3.668,5.925,5.418,6.433
3040.03,27,3.176,3.753,2.961,3.003,6.081,5.848,2.453,3.335,4.88,3.418,6.479,6.351,2.67,4.028,3.796,6.388,7.176,3.61,3.682,5.975,5.358,6.501
3041.03,27,3.185,3.682,2.895,3.005,6.184,5.828,2.494,3.373,4.853,3.459,6.446,6.349,2.651,4.015,3.81,6.432,7.211,3.582,3.66,6.009,5.478,6.389
3042.03,27,3.152,3.755,2.896,3.006,6.072,5.867,2.528,3.406,4.797,3.474,6.436,6.404,2.666,4.035,3.834,6.445,7.119,3.56,3.727,6.018,5.41,6.464
3043.03,27,3.153,3.729,2.96,3.01,6.105,5.854,2.463,3.365,4.845,3.467,6.43,6.349,2.683,4.05,3.858,6.413,7.185,3.593,3.634,5.995,5.383,6.386
3044.03,27,3.152,3.728,2.985,2.957,6.15,5.85,2.481,3.364,4.776,3.435,6.393,6.331,2.74,4.013,3.82,6.393,7.137,3.6,3.61,6.012,5.392,6.436
3045.03,27,3.178,3.804,2.94,2.919,6.171,5.839,2.485,3.372,4.821,3.389,6.416,6.332,2.667,3.944,3.801,6.346,7.15,3.608,3.644,5.994,5.373,6.421
3046.03,27,3.184,3.695,2.959,3.006,6.218,5.858,2.431,3.345,4.775,3.449,6.405,6.385,2.654,3.974,3.842,6.362,7.145,3.567,3.669,5.919,5.373,6.427
3047.03,27,3.134,3.794,2.989,3.025,6.137,5.896,2.503,3.358,4.853,3.465,6.409,6.38,2.68,3.993,3.812,6.408,7.167,3.578,3.661,5.925,5.394,6.432
3048.03,27,3.126,3.692,2.937,3.052,6.122,5.87,2.482,3.389,4.799,3.397,6.382,6.294,2.722,4.011,3.739,6.389,7.205,3.659,3.599,5.92,5.373,6.436
3049.03,27,3.169,3.725,2.951,3.021,6.112,5.848,2.494,3.326,4.822,3.463,6.372,6.386,2.68,4.039,3.785,6.403,7.209,3.6,3.642,6.015,5.442,6.484
3050.03,27,3.133,3.725,2.955,2.94,6.168,5.888,2.455,3.37,4.797,3.474,6.429,6.402,2.592,3.964,3.772,6.367,7.198,3.574,3.615,5.953,5.313,6.463
3051.03,27,3.128,3.687,2.959,2.985,6.143,5.838,2.501,3.386,4.771,3.455,6.481,6.352,2.598,4.034,3.72,6.399,7.132,3.522,3.627,5.968,5.36,6.379
3052.03,27,3.162,3.692,2.946,2.998,6.164,5.856,2.5,3.377,4.823,3.406,6.43,6.282,2.67,4.02,3.773,6.343,7.205,3.566,3.627,5.972,5.314,6.394
3053.03,27,3.08,3.751,2.971,2.954,6.139,5.875,2.556,3.314,4.796,3.493,6.41,6.353,2.633,3.965,3.804,6.378,7.228,3.642,3.633,6.009,5.366,6.389
3054.03,27,3.143,3.717,2.966,2.975,6.159,5.874,2.486,3.355,4.772,3.431,6.464,6.333,2.652,3.981,3.788,6.432,7.168,3.58,3.614,6.061,5.427,6.411
3055.03,27,3.072,3.749,3.003,2.98,6.145,5.92,2.529,3.395,4.791,3.463,6.405,6.357,2.647,3.987,3.77,6.38,7.174,3.513,3.613,6.025,5.388,6.511
3056.03,27,3.122,3.762,2.995,2.973,6.108,5.916,2.463,3.339,4.778,3.394,6.412,6.356,2.637,4.052,3.737,6.408,7.272,3.628,3.584,6.008,5.333,6.47
3057.03,27,3.121,3.724,2.982,2.988,6.138,5.84,2.418,3.366,4.851,3.436,6.41,6.332,2.652,3.927,3.8,6.444,7.173,3.609,3.603,6.025,5.388,6.485
3058.03,27,3.159,3.775,2.967,2.975,6.151,5.864,2.461,3.351,4.77,3.394,6.411,6.317,2.616,3.963,3.77,6.386,7.178,3.526,3.55,5.942,5.381,6.439
3059.03,27,3.192,3.728,2.962,2.994,6.15,5.807,2.507,3.373,4.767,3.439,6.488,6.293,2.651,3.959,3.721,6.35,7.182,3.609,3.539,6.064,5.446,6.494
3060.03,27,3.144,3.76,2.966,2.883,6.213,5.885,2.482,3.376,4.789,3.429,6.47,6.306,2.595,3.972,3.689,6.405,7.203,3.551,3.546,5.999,5.362,6.387
3061.03,27,3.137,3.814,2.942,3.002,6.121,5.832,2.455,3.312,4.794,3.392,6.412,6.39,2.56,3.959,3.69,6.398,7.155,3.572,3.562,6.022,5.412,6.375
3062.03,27,3.143,3.737,2.959,3.003,6.127,5.941,2.445,3.359,4.731,3.49,6.36,6.34,2.617,3.964,3.749,6.33,7.174,3.649,3.532,5.968,5.342,6.441
3063.03,27,3.142,3.736,2.934,2.968,6.097,5.91,2.5,3.297,4.846,3.405,6.371,6.366,2.626,3.939,3.745,6.352,7.233,3.646,3.595,6.008,5.408,6.405
3064.03,27,3.169,3.727,2.949,3.009,6.128,5.803,2.502,3.353,4.791,3.426,6.421,6.344,2.548,3.89,3.689,6.399,7.129,3.638,3.547,5.986,5.381,6.522
3065.03,27,3.185,3.734,2.974,2.998,6.203,5.891,2.571,3.352,4.785,3.439,6.4,6.341,2.608,3.934,3.724,6.416,7.225,3.647,3.56,6.001,5.377,6.475
3066.03,27,3.157,3.77,2.945,3.003,6.124,5.839,2.557,3.372,4.765,3.412,6.404,6.343,2.557,3.948,3.699,6.407,7.193,3.562,3.566,5.958,5.358,6.383
3067.03,27,3.139,3.746,2.979,2.973,6.069,5.753,2.51,3.377,4.718,3.411,6.395,6.317,2.594,3.977,3.727,6.388,7.168,3.597,3.532,5.976,5.335,6.373
3068.03,27,3.137,3.81,2.952,2.949,6.144,5.869,2.528,3.348,4.709,3.46,6.428,6.323,2.517,3.871,3.73,6.426,7.163,3.558,3.599,6.02,5.441,6.39
3069.03,27,3.192,3.752,3.03,2.946,6.163,5.848,2.418,3.408,4.765,3.431,6.432,6.382,2.604,3.955,3.767,6.393,7.137,3.583,3.512,6.025,5.488,6.484
3070.03,27,3.164,3.759,2.997,2.941,6.176,5.811,2.521,3.374,4.766,3.442,6.429,6.391,2.604,3.94,3.626,6.409,7.248,3.578,3.518,6.014,5.379,6.377
3071.03,27,3.142,3.835,2.952,2.976,6.164,5.808,2.551,3.332,4.745,3.468,6.478,6.294,2.623,3.921,3.778,6.343,7.163,3.684,3.571,5.952,5.373,6.423
3072.03,27,3.151,3.719,2.972,2.967,6.071,5.874,2.441,3.396,4.726,3.449,6.371,6.363,2.54,3.905,3.723,6.284,7.151,3.619,3.58,5.975,5.399,6.504
3073.03,27,3.14,3.762,2.984,2.908,6.081,5.862,2.456,3.413,4.708,3.42,6.448,6.344,2.527,3.887,3.775,6.399,7.238,3.606,3.583,5.976,5.455,6.401
3074.03,27,3.161,3.792,2.981,3.032,6.081,5.858,2.496,3.367,4.77,3.4,6.449,6.337,2.581,3.991,3.648,6.418,7.196,3.615,3.561,6.077,5.409,6.434
3075.03,27,3.175,3.743,2.96,2.974,6.164,5.834,2.485,3.321,4.757,3.453,6.443,6.352,2.59,3.927,3.706,6.449,7.161,3.617,3.537,6.008,5.43,6.428
3076.03,27,3.135,3.756,3.012,2.935,6.082,5.896,2.422,3.329,4.719,3.462,6.407,6.34,2.557,3.865,3.668,6.379,7.159,3.536,3.507,6.008,5.342,6.448
3077.03,27,3.242,3.725,2.926,2.972,6.188,5.799,2.487,3.36,4.785,3.418,6.473,6.286,2.523,3.911,3.658,6.405,7.117,3.551,3.535,5.933,5.372,6.448
3078.03,27,3.156,3.82,2.986,2.952,6.141,5.768,2.539,3.345,4.775,3.447,6.39,6.352,2.507,3.899,3.685,6.383,7.166,3.607,3.48,5.998,5.429,6.425
3079.03,27,3.119,3.736,2.983,2.991,6.118,5.814,2.46,3.404,4.746,3.384,6.444,6.336,2.567,3.927,3.69,6.396,7.196,3.624,3.54,6.008,5.395,6.436
3080.03,27,3.137,3.738,2.972,2.935,6.172,5.861,2.449,3.368,4.747,3.45,6.439,6.308,2.493,3.856,3.68,6.394,7.252,3.622,3.495,6.013,5.3,6.413
3081.03,27,3.128,3.77,2.963,2.964,6.212,5.884,2.553,3.366,4.774,3.343,6.471,6.303,2.587,3.908,3.689,6.366,7.164,3.57,3.554,6.016,5.341,6.374
3082.03,27,3.149,3.762,2.961,2.962,6.133,5.843,2.451,3.403,4.782,3.455,6.394,6.426,2.517,3.853,3.656,6.453,7.246,3.577,3.558,6.013,5.401,6.434
3083.03,27,3.167,3.716,2.935,2.968,6.226,5.903,2.502,3.344,4.793,3.444,6.423,6.37,2.505,3.9,3.722,6.371,7.187,3.603,3.452,5.997,5.429,6.379
3084.03,27,3.094,3.715,2.942,2.916,6.167,5.826,2.488,3.375,4.698,3.431,6.458,6.349,2.552,3.847,3.651,6.383,7.129,3.584,3.538,6.02,5.336,6.426
3085.03,27,3.147,3.755,2.975,3.018,6.096,5.842,2.541,3.393,4.688,3.429,6.432,6.362,2.512,3.882,3.718,6.38,7.17,3.612,3.478,5.897,5.351,6.436
3086.03,27,3.168,3.792,3.003,3.031,6.181,5.858,2.531,3.38,4.695,3.489,6.454,6.403,2.492,3.816,3.629,6.385,7.208,3.646,3.557,5.971,5.335,6.459
3087.03,27,3.163,3.762,2.969,2.965,6.117,5.857,2.47,3.349,4.694,3.391,6.385,6.349,2.516,3.863,3.69,6.441,7.194,3.675,3.398,5.984,5.397,6.463
3088.03,27,3.151,3.743,2.966,2.973,6.131,5.864,2.49,3.421,4.699,3.409,6.366,6.307,2.535,3.877,3.611,6.393,7.177,3.623,3.525,5.973,5.332,6.375
3089.03,27,3.186,3.809,2.983,2.874,6.131,5.843,2.436,3.438,4.702,3.355,6.35,6.33,2.562,3.871,3.621,6.374,7.191,3.586,3.458,5.966,5.4,6.41
3090.03,27,3.192,3.833,2.972,2.909,6.087,5.923,2.572,3.298,4.739,3.378,6.404,6.362,2.535,3.858,3.691,6.412,7.2,3.63,3.462,6.028,5.393,6.44
3091.03,27,3.224,3.753,2.953,2.947,6.179,5.9,2.511,3.365,4.677,3.391,6.422,6.349,2.469,3.809,3.636,6.41,7.234,3.62,3.494,5.94,5.338,6.38
3092.03,27,3.217,3.722,2.911,3.007,6.122,5.877,2.474,3.398,4.69,3.46,6.434,6.37,2.47,3.835,3.642,6.368,7.154,3.63,3.496,5.955,5.382,6.367
3093.03,27,3.155,3.724,2.962,3.005,6.113,5.851,2.474,3.38,4.684,3.467,6.392,6.332,2.483,3.85,3.705,6.341,7.237,3.651,3.544,5.956,5.364,6.445
3094.03,27,3.221,3.732,2.92,2.995,6.118,5.855,2.433,3.316,4.701,3.431,6.433,6.343,2.467,3.821,3.644,6.438,7.198,3.634,3.427,6.012,5.365,6.477
3095.03,27,3.19,3.757,2.945,3.046,6.104,5.863,2.541,3.415,4.651,3.428,6.408,6.353,2.439,3.816,3.557,6.434,7.118,3.671,3.444,6.018,5.42,6.441
3096.03,27,3.153,3.718,2.994,3.001,6.171,5.895,2.484,3.425,4.661,3.453,6.422,6.345,2.466,3.837,3.622,6.39,7.143,3.605,3.437,6.026,5.337,6.419
3097.03,27,3.189,3.718,2.922,2.943,6.088,5.828,2.54,3.392,4.644,3.433,6.377,6.346,2.5,3.818,3.667,6.39,7.189,3.619,3.502,5.972,5.37,6.447
3098.03,27,3.111,3.717,3.006,3.01,6.146,5.843,2.482,3.34,4.699,3.392,6.437,6.38,2.421,3.796,3.634,6.36,7.184,3.611,3.4,6.012,5.395,6.368
3099.03,27,3.223,3.705,2.96,3.026,6.179,5.8,2.431,3.343,4.645,3.38,6.435,6.322,2.408,3.844,3.652,6.476,7.133,3.588,3.44,5.919,5.415,6.338
3100.03,27,3.226,3.806,2.931,2.994,6.093,5.869,2.486,3.391,4.699,3.471,6.453,6.341,2.446,3.82,3.649,6.423,7.168,3.617,3.502,5.963,5.347,6.453
3101.03,27,3.134,3.817,2.974,3.009,6.152,5.9,2.481,3.444,4.716,3.446,6.427,6.372,2.428,3.791,3.602,6.363,7.154,3.646,3.496,6.02,5.366,6.418
3102.03,27,3.194,3.692,2.969,2.99,6.179,5.869,2.512,3.38,4.662,3.403,6.419,6.342,2.458,3.871,3.571,6.332,7.169,3.615,3.484,5.978,5.392,6.408
3103.03,27,3.224,3.733,2.944,2.927,6.142,5.874,2.545,3.294,4.705,3.417,6.392,6.313,2.443,3.817,3.582,6.385,7.176,3.571,3.479,6.001,5.414,6.392
3104.03,27,3.136,3.74,2.944,3.017,6.173,5.834,2.486,3.417,4.669,3.368,6.36,6.332,2.47,3.832,3.603,6.36,7.213,3.657,3.473,6.012,5.392,6.349
3105.03,27,3.183,3.823,3.072,2.964,6.095,5.865,2.476,3.311,4.609,3.41,6.42,6.373,2.455,3.755,3.591,6.366,7.196,3.538,3.483,6.048,5.425,6.449
3106.03,27,3.233,3.732,3.049,2.929,6.13,5.832,2.481,3.382,4.664,3.468,6.397,6.297,2.439,3.779,3.563,6.367,7.135,3.602,3.498,5.952,5.381,6.397
3107.03,27,3.19,3.756,2.963,2.901,6.162,5.887,2.493,3.369,4.66,3.447,6.429,6.357,2.402,3.808,3.618,6.38,7.171,3.627,3.456,6.008,5.374,6.397
3108.03,27,3.167,3.76,2.947,2.98,6.148,5.898,2.558,3.353,4.68,3.403,6.41,6.341,2.463,3.794,3.537,6.427,7.221,3.566,3.454,5.953,5.39,6.432
3109.03,27,3.159,3.782,2.931,2.997,6.127,5.791,2.467,3.424,4.722,3.45,6.425,6.316,2.525,3.876,3.538,6.404,7.225,3.593,3.464,6.034,5.386,6.408
3110.03,27,3.237,3.745,3.025,2.981,6.094,5.811,2.475,3.396,4.705,3.443,6.401,6.379,2.472,3.735,3.596,6.405,7.172,3.551,3.438,6.014,5.303,6.393
3111.03,27,3.263,3.809,2.914,3.042,6.12,5.868,2.461,3.369,4.657,3.474,6.449,6.32,2.451,3.759,3.568,6.416,7.133,3.678,3.454,6,5.402,6.386
3112.03,27,3.173,3.759,2.991,2.958,6.16,5.865,2.5,3.354,4.619,3.458,6.381,6.359,2.418,3.759,3.611,6.358,7.214,3.634,3.45,5.989,5.356,6.453
3113.03,27,3.161,3.766,2.956,2.975,6.134,5.871,2.491,3.371,4.622,3.463,6.444,6.371,2.418,3.835,3.573,6.427,7.204,3.664,3.528,5.936,5.357,6.432
3114.03,27,3.143,3.735,2.983,2.984,6.151,5.868,2.461,3.356,4.627,3.435,6.434,6.298,2.35,3.787,3.583,6.377,7.146,3.693,3.471,5.988,5.365,6.444
3115.03,27,3.186,3.787,2.975,2.956,6.164,5.85,2.485,3.431,4.631,3.466,6.429,6.374,2.461,3.737,3.551,6.407,7.226,3.635,3.451,5.995,5.424,6.468
3116.03,27,3.218,3.784,2.948,2.959,6.066,5.892,2.515,3.423,4.624,3.43,6.458,6.346,2.395,3.797,3.539,6.378,7.182,3.567,3.478,5.976,5.378,6.498
3117.03,27,3.218,3.745,2.976,3.005,6.183,5.898,2.497,3.423,4.655,3.444,6.411,6.339,2.382,3.759,3.522,6.363,7.15,3.583,3.416,5.976,5.375,6.462
3118.03,27,3.193,3.77,2.981,3.025,6.157,5.845,2.438,3.342,4.656,3.416,6.423,6.361,2.382,3.8,3.551,6.376,7.21,3.641,3.458,5.965,5.412,6.458
3119.03,27,3.186,3.827,2.939,2.994,6.144,5.888,2.52,3.408,4.613,3.363,6.454,6.386,2.432,3.767,3.542,6.42,7.19,3.608,3.515,6.011,5.367,6.454
3120.03,27,3.157,3.766,2.966,3.007,6.143,5.873,2.512,3.391,4.566,3.463,6.447,6.28,2.449,3.781,3.532,6.385,7.141,3.606,3.453,6.008,5.383,6.437
3121.03,27,3.232,3.748,2.976,2.978,6.107,5.861,2.513,3.412,4.659,3.491,6.453,6.382,2.413,3.769,3.634,6.398,7.154,3.568,3.471,5.99,5.407,6.402
3122.03,27,3.175,3.761,2.985,3.063,6.1,5.842,2.521,3.403,4.585,3.472,6.446,6.305,2.389,3.741,3.516,6.389,7.156,3.664,3.46,5.998,5.308,6.464
3123.03,27,3.214,3.78,2.959,2.999,6.141,5.852,2.523,3.369,4.649,3.423,6.366,6.377,2.377,3.804,3.504,6.433,7.191,3.612,3.454,6.003,5.41,6.368
3124.03,27,3.181,3.752,2.946,2.984,6.169,5.848,2.481,3.397,4.652,3.447,6.397,6.367,2.324,3.734,3.535,6.377,7.158,3.643,3.486,5.986,5.377,6.402
3125.03,27,3.21,3.84,3,3.001,6.137,5.937,2.516,3.505,4.63,3.415,6.387,6.4,2.343,3.766,3.569,6.359,7.129,3.67,3.524,5.963,5.366,6.424
3126.03,27,3.221,3.742,2.956,2.979,6.111,5.903,2.507,3.425,4.627,3.499,6.389,6.348,2.384,3.663,3.481,6.382,7.206,3.594,3.443,5.989,5.414,6.388
3127.03,27,3.211,3.758,2.934,3.006,6.18,5.86,2.456,3.401,4.571,3.408,6.423,6.35,2.393,3.808,3.513,6.384,7.212,3.61,3.473,6.01,5.334,6.443
3128.03,27,3.251,3.759,2.938,3.032,6.116,5.881,2.505,3.408,4.581,3.453,6.443,6.356,2.388,3.648,3.52,6.401,7.238,3.628,3.456,5.939,5.371,6.47
3129.03,27,3.179,3.728,2.924,3.024,6.08,5.864,2.475,3.389,4.639,3.401,6.436,6.307,2.358,3.651,3.469,6.362,7.179,3.615,3.406,5.938,5.387,6.449
3130.03,27,3.19,3.711,2.989,2.992,6.137,5.784,2.458,3.411,4.502,3.396,6.379,6.321,2.343,3.725,3.523,6.431,7.153,3.665,3.462,5.959,5.422,6.448
3131.03,27,3.161,3.787,2.979,3.011,6.122,5.879,2.477,3.38,4.563,3.406,6.454,6.315,2.337,3.722,3.472,6.406,7.209,3.671,3.467,6.011,5.396,6.439
3132.03,27,3.2,3.783,2.994,2.987,6.158,5.852,2.487,3.378,4.667,3.416,6.464,6.313,2.355,3.724,3.5,6.387,7.166,3.592,3.471,5.957,5.381,6.451
3133.03,27,3.238,3.778,2.978,2.993,6.11,5.864,2.471,3.325,4.564,3.421,6.449,6.27,2.363,3.703,3.465,6.359,7.172,3.602,3.486,5.917,5.407,6.421
3134.03,27,3.217,3.688,2.948,2.979,6.087,5.858,2.474,3.413,4.638,3.404,6.366,6.279,2.35,3.722,3.517,6.394,7.193,3.596,3.556,5.981,5.402,6.47
3135.03,27,3.154,3.802,2.951,3.04,6.158,5.83,2.512,3.36,4.552,3.423,6.481,6.402,2.307,3.714,3.505,6.419,7.19,3.636,3.538,6.026,5.329,6.467
3136.03,27,3.178,3.77,2.998,2.976,6.193,5.814,2.507,3.382,4.593,3.392,6.394,6.334,2.306,3.677,3.548,6.363,7.164,3.575,3.5,5.914,5.341,6.458
3137.03,27,3.205,3.745,2.945,2.912,6.106,5.84,2.533,3.318,4.541,3.444,6.394,6.38,2.283,3.682,3.532,6.413,7.161,3.574,3.483,5.924,5.42,6.434
3138.03,27,3.264,3.739,2.941,2.927,6.104,5.896,2.577,3.287,4.577,3.37,6.356,6.384,2.281,3.699,3.504,6.398,7.199,3.611,3.466,5.98,5.381,6.45
3139.03,27,3.186,3.717,2.997,2.949,6.171,5.815,2.536,3.297,4.524,3.439,6.421,6.359,2.332,3.624,3.485,6.451,7.066,3.71,3.376,5.966,5.41,6.406
3140.03,27,3.193,3.728,2.998,2.981,6.141,5.827,2.517,3.39,4.568,3.417,6.42,6.402,2.209,3.667,3.435,6.373,7.204,3.583,3.445,5.991,5.374,6.474
3141.03,27,3.186,3.73,3,2.986,6.142,5.844,2.506,3.412,4.579,3.471,6.429,6.406,2.323,3.675,3.478,6.393,7.146,3.627,3.484,6.014,5.387,6.402
3142.03,27,3.238,3.796,3.024,3.022,6.132,5.876,2.476,3.43,4.607,3.433,6.405,6.32,2.278,3.608,3.396,6.408,7.195,3.676,3.438,6.036,5.353,6.475
3143.03,27,3.154,3.725,2.945,3.038,6.081,5.917,2.517,3.43,4.553,3.487,6.406,6.403,2.235,3.711,3.478,6.379,7.159,3.657,3.474,5.988,5.453,6.4
3144.03,27,3.209,3.79,2.976,2.916,6.16,5.788,2.501,3.395,4.578,3.394,6.407,6.391,2.326,3.709,3.512,6.385,7.184,3.604,3.512,5.994,5.432,6.448
3145.03,27,3.186,3.773,2.932,3.07,6.075,5.797,2.458,3.406,4.523,3.427,6.428,6.344,2.331,3.697,3.449,6.409,7.193,3.644,3.463,5.978,5.425,6.443
3146.03,27,3.204,3.752,3.034,2.938,6.126,5.826,2.507,3.417,4.61,3.469,6.413,6.296,2.206,3.602,3.478,6.45,7.146,3.576,3.558,5.929,5.37,6.489
3147.03,27,3.232,3.726,2.994,2.94,6.141,5.836,2.57,3.387,4.542,3.389,6.393,6.368,2.307,3.642,3.428,6.383,7.194,3.641,3.513,5.907,5.379,6.411
3148.03,27,3.118,3.727,3.018,2.99,6.142,5.902,2.454,3.374,4.574,3.397,6.422,6.389,2.294,3.678,3.494,6.387,7.125,3.605,3.519,6.002,5.365,6.415
3149.03,27,3.145,3.804,2.947,2.998,6.078,5.847,2.514,3.42,4.607,3.452,6.404,6.356,2.307,3.61,3.457,6.432,7.148,3.611,3.516,5.995,5.37,6.46
3150.03,27,3.198,3.716,2.977,2.972,6.115,5.835,2.491,3.324,4.585,3.455,6.378,6.338,2.263,3.627,3.504,6.399,7.185,3.627,3.495,5.95,5.37,6.435
3151.03,27,3.211,3.78,2.958,2.97,6.128,5.865,2.458,3.348,4.503,3.474,6.434,6.356,2.226,3.612,3.494,6.374,7.284,3.635,3.453,5.956,5.322,6.493
3152.03,27,3.162,3.745,3.002,2.973,6.118,5.846,2.493,3.372,4.596,3.409,6.39,6.392,2.283,3.64,3.449,6.403,7.177,3.667,3.476,5.973,5.405,6.418
3153.03,27,3.232,3.755,2.951,3,6.15,5.828,2.464,3.399,4.547,3.443,6.416,6.33,2.305,3.614,3.429,6.412,7.158,3.608,3.578,5.952,5.427,6.452
3154.03,27,3.204,3.763,2.983,3.001,6.132,5.9,2.516,3.378,4.522,3.379,6.421,6.369,2.316,3.649,3.395,6.45,7.223,3.637,3.501,6.001,5.405,6.345
3155.03,27,3.184,3.768,2.994,2.981,6.158,5.871,2.453,3.437,4.554,3.446,6.369,6.344,2.271,3.653,3.439,6.343,7.14,3.672,3.499,5.991,5.349,6.431
3156.03,27,3.171,3.752,2.967,3.02,6.16,5.865,2.488,3.38,4.548,3.388,6.439,6.396,2.186,3.68,3.424,6.4,7.142,3.642,3.543,5.966,5.379,6.442
3157.03,27,3.237,3.823,2.972,2.958,6.177,5.866,2.528,3.406,4.517,3.45,6.426,6.309,2.314,3.61,3.398,6.416,7.164,3.653,3.509,5.989,5.433,6.476
3158.03,27,3.274,3.723,3.009,2.986,6.141,5.889,2.508,3.475,4.564,3.394,6.39,6.436,2.2,3.697,3.36,6.439,7.19,3.614,3.521,5.972,5.365,6.404
3159.03,27,3.228,3.678,3.027,2.912,6.176,5.849,2.443,3.407,4.47,3.451,6.394,6.343,2.257,3.556,3.426,6.437,7.239,3.631,3.53,5.982,5.393,6.445
3160.03,27,3.169,3.786,2.937,2.949,6.154,5.829,2.495,3.416,4.581,3.456,6.447,6.296,2.251,3.6,3.421,6.384,7.16,3.651,3.517,5.968,5.404,6.463
3161.03,27,3.19,3.735,3,2.98,6.184,5.851,2.473,3.414,4.562,3.388,6.397,6.361,2.225,3.648,3.382,6.414,7.216,3.641,3.518,6,5.405,6.417
3162.03,27,3.168,3.783,2.992,2.984,6.096,5.868,2.504,3.401,4.491,3.402,6.446,6.39,2.224,3.561,3.454,6.375,7.158,3.628,3.518,6.08,5.397,6.449
3163.03,27,3.175,3.736,2.929,3.013,6.1,5.765,2.512,3.385,4.478,3.438,6.46,6.286,2.198,3.609,3.467,6.426,7.165,3.601,3.518,6.007,5.429,6.441
3164.03,27,3.2,3.809,2.966,2.966,6.172,5.845,2.515,3.453,4.565,3.459,6.428,6.322,2.213,3.561,3.351,6.381,7.177,3.647,3.516,5.942,5.414,6.462
3165.03,27,3.221,3.78,3.053,3,6.116,5.869,2.454,3.449,4.475,3.406,6.39,6.293,2.256,3.589,3.38,6.405,7.216,3.623,3.571,5.972,5.386,6.345
3166.03,27,3.178,3.759,2.957,2.972,6.127,5.848,2.48,3.401,4.502,3.425,6.431,6.276,2.206,3.6,3.436,6.464,7.231,3.671,3.54,6.005,5.431,6.49
3167.03,27,3.252,3.776,3.065,3.003,6.156,5.893,2.471,3.438,4.526,3.447,6.427,6.33,2.196,3.602,3.431,6.392,7.135,3.62,3.574,6.056,5.38,6.456
3168.03,27,3.13,3.839,2.939,2.915,6.07,5.873,2.527,3.317,4.511,3.473,6.508,6.407,2.244,3.589,3.428,6.351,7.18,3.684,3.589,5.934,5.405,6.429
3169.03,27,3.211,3.786,2.971,2.935,6.019,5.85,2.529,3.363,4.485,3.445,6.364,6.353,2.132,3.587,3.32,6.431,7.183,3.67,3.571,6.012,5.385,6.518
3170.03,27,3.196,3.77,2.996,3.006,6.166,5.862,2.496,3.379,4.53,3.518,6.381,6.353,2.223,3.642,3.328,6.379,7.182,3.671,3.507,6.003,5.38,6.436
3171.03,27,3.159,3.77,2.873,2.961,6.13,5.902,2.462,3.402,4.438,3.409,6.426,6.356,2.18,3.586,3.367,6.377,7.173,3.616,3.533,5.95,5.34,6.431
3172.03,27,3.128,3.735,2.934,2.983,6.146,5.8,2.542,3.343,4.449,3.453,6.459,6.331,2.219,3.607,3.357,6.419,7.16,3.613,3.488,6,5.343,6.494
3173.03,27,3.189,3.793,2.98,2.956,6.082,5.915,2.492,3.423,4.469,3.49,6.414,6.373,2.197,3.574,3.393,6.348,7.203,3.665,3.463,5.946,5.316,6.439
3174.03,27,3.186,3.735,3.01,3.019,6.128,5.929,2.45,3.361,4.486,3.384,6.419,6.337,2.205,3.566,3.362,6.358,7.161,3.707,3.494,6,5.415,6.414
3175.03,27,3.175,3.804,2.934,2.946,6.131,5.888,2.486,3.395,4.527,3.425,6.405,6.366,2.28,3.556,3.396,6.41,7.235,3.641,3.535,6.02,5.398,6.411
3176.03,27,3.27,3.769,2.948,3.023,6.151,5.932,2.487,3.436,4.505,3.492,6.423,6.327,2.232,3.525,3.375,6.39,7.125,3.642,3.562,6.005,5.378,6.462
3177.03,27,3.206,3.764,2.987,2.967,6.12,5.845,2.458,3.455,4.478,3.429,6.385,6.417,2.18,3.546,3.409,6.456,7.169,3.694,3.574,5.975,5.378,6.458
3178.03,27,3.246,3.73,2.973,3.01,6.059,5.885,2.543,3.378,4.472,3.411,6.411,6.341,2.108,3.571,3.37,6.466,7.133,3.631,3.464,6.005,5.367,6.436
3179.03,27,3.22,3.772,2.964,3.026,6.094,5.905,2.494,3.464,4.479,3.436,6.464,6.429,2.12,3.531,3.38,6.376,7.161,3.704,3.556,6.024,5.336,6.425
3180.03,27,3.152,3.814,2.878,2.952,6.154,5.865,2.521,3.363,4.466,3.353,6.386,6.284,2.183,3.54,3.424,6.415,7.207,3.679,3.534,5.953,5.455,6.402
3181.03,27,3.263,3.793,2.931,3.009,6.118,5.891,2.461,3.414,4.523,3.419,6.432,6.322,2.142,3.538,3.359,6.362,7.183,3.667,3.498,5.988,5.361,6.422
3182.03,27,3.223,3.73,2.962,2.955,6.135,5.856,2.452,3.39,4.431,3.435,6.418,6.349,2.156,3.526,3.35,6.332,7.17,3.657,3.53,5.944,5.402,6.418
3183.03,27,3.265,3.715,2.918,2.989,6.151,5.858,2.556,3.434,4.483,3.484,6.385,6.324,2.107,3.604,3.311,6.378,7.255,3.647,3.512,5.989,5.364,6.485
3184.03,27,3.195,3.764,2.936,2.963,6.056,5.851,2.478,3.397,4.517,3.422,6.378,6.317,2.153,3.501,3.279,6.37,7.208,3.69,3.547,5.998,5.382,6.371
3185.03,27,3.203,3.738,3.007,2.991,6.15,5.85,2.52,3.358,4.494,3.382,6.428,6.296,2.131,3.528,3.271,6.356,7.2,3.632,3.523,5.966,5.445,6.47
3186.03,27,3.213,3.793,2.966,2.948,6.131,5.869,2.449,3.407,4.376,3.405,6.378,6.365,2.177,3.481,3.279,6.366,7.161,3.697,3.482,6.008,5.367,6.423
3187.03,27,3.233,3.783,2.993,2.98,6.197,5.862,2.432,3.445,4.506,3.479,6.393,6.38,2.203,3.561,3.224,6.412,7.219,3.621,3.534,6.007,5.362,6.475
3188.03,27,3.233,3.744,2.969,2.968,6.088,5.834,2.535,3.418,4.465,3.479,6.405,6.351,2.18,3.59,3.336,6.389,7.229,3.66,3.569,5.981,5.453,6.437
3189.03,27,3.22,3.77,2.94,2.926,6.097,5.842,2.549,3.393,4.405,3.418,6.381,6.368,2.207,3.499,3.331,6.385,7.195,3.675,3.552,6.048,5.401,6.424
3190.03,27,3.192,3.741,2.943,2.969,6.139,5.803,2.482,3.342,4.447,3.374,6.434,6.387,2.237,3.429,3.302,6.412,7.142,3.656,3.505,5.962,5.402,6.407
3191.03,27,3.198,3.794,2.953,2.934,6.104,5.857,2.448,3.419,4.454,3.476,6.411,6.366,2.137,3.481,3.3,6.376,7.152,3.653,3.476,5.98,5.415,6.429
3192.03,27,3.208,3.797,2.921,3.037,6.156,5.881,2.52,3.457,4.402,3.432,6.45,6.292,2.129,3.501,3.263,6.389,7.115,3.656,3.532,5.945,5.402,6.407
3193.03,27,3.199,3.78,2.965,3.009,6.105,5.844,2.457,3.398,4.397,3.447,6.376,6.319,2.159,3.495,3.298,6.399,7.167,3.654,3.536,6.019,5.387,6.377
3194.03,27,3.195,3.812,2.945,3.037,6.131,5.885,2.499,3.42,4.388,3.414,6.435,6.382,2.044,3.487,3.333,6.361,7.133,3.624,3.518,5.985,5.417,6.459
3195.03,27,3.193,3.746,2.939,3.033,6.077,5.799,2.473,3.387,4.381,3.432,6.452,6.385,2.123,3.452,3.27,6.303,7.202,3.595,3.538,6.014,5.404,6.464
3196.03,27,3.128,3.738,2.976,2.938,6.172,5.866,2.514,3.414,4.425,3.436,6.432,6.291,2.035,3.417,3.315,6.378,7.187,3.574,3.576,5.973,5.371,6.444
3197.03,27,3.19,3.728,2.963,2.942,6.082,5.876,2.516,3.313,4.417,3.381,6.504,6.345,2.087,3.485,3.281,6.408,7.141,3.663,3.483,5.928,5.34,6.461
3198.03,27,3.187,3.854,2.945,3,6.106,5.831,2.503,3.373,4.376,3.436,6.425,6.32,2.093,3.504,3.265,6.325,7.115,3.674,3.532,5.964,5.403,6.455
3199.03,27,3.207,3.762,2.959,2.986,6.111,5.836,2.528,3.404,4.431,3.431,6.44,6.309,2.092,3.533,3.335,6.469,7.166,3.681,3.553,5.931,5.414,6.481
3200.03,27,3.203,3.756,2.937,2.939,6.114,5.851,2.491,3.38,4.38,3.437,6.42,6.362,2.097,3.427,3.309,6.428,7.164,3.623,3.546,6.017,5.345,6.438
3201.03,27,3.194,3.725,2.974,2.918,6.114,5.785,2.513,3.394,4.373,3.456,6.443,6.36,2.065,3.412,3.28,6.441,7.173,3.711,3.519,6.044,5.366,6.453
3202.03,27,3.225,3.82,2.969,3.009,6.098,5.82,2.469,3.403,4.417,3.45,6.448,6.316,2.099,3.497,3.297,6.388,7.22,3.693,3.504,6.017,5.38,6.436
3203.03,27,3.212,3.739,3.02,2.995,6.147,5.88,2.538,3.435,4.359,3.38,6.381,6.309,2.076,3.512,3.261,6.386,7.192,3.657,3.588,5.967,5.339,6.41
3204.03,27,3.232,3.735,2.973,3.035,6.178,5.87,2.495,3.372,4.369,3.398,6.381,6.36,2.082,3.416,3.298,6.377,7.188,3.704,3.538,5.932,5.357,6.406
3205.03,27,3.162,3.752,2.936,2.916,6.102,5.86,2.478,3.399,4.418,3.46,6.395,6.361,2.102,3.456,3.243,6.425,7.098,3.725,3.551,5.897,5.414,6.368
3206.03,27,3.209,3.748,3.009,2.931,6.064,5.895,2.494,3.398,4.325,3.432,6.48,6.319,2.046,3.467,3.224,6.398,7.198,3.755,3.522,6.019,5.408,6.478
3207.03,27,3.214,3.747,2.981,3,6.126,5.895,2.486,3.395,4.375,3.479,6.394,6.412,2.068,3.472,3.278,6.492,7.157,3.605,3.517,6.019,5.375,6.427
3208.03,27,3.152,3.695,2.953,2.946,6.099,5.896,2.527,3.473,4.402,3.437,6.397,6.366,2.089,3.483,3.24,6.465,7.157,3.709,3.595,6.037,5.384,6.405
3209.03,27,3.169,3.779,3.041,2.987,6.18,5.845,2.458,3.401,4.378,3.404,6.419,6.311,2.094,3.412,3.237,6.283,7.123,3.675,3.575,5.944,5.427,6.431
3210.03,27,3.224,3.777,2.968,2.961,6.109,5.856,2.549,3.356,4.416,3.473,6.408,6.385,2.091,3.409,3.246,6.35,7.163,3.694,3.542,5.993,5.362,6.497
3211.03,27,3.172,3.782,3.002,2.978,6.101,5.776,2.536,3.394,4.342,3.442,6.421,6.353,2.052,3.443,3.275,6.383,7.19,3.644,3.5,6.017,5.353,6.447
3212.03,27,3.146,3.738,2.999,2.954,6.16,5.881,2.461,3.361,4.382,3.443,6.385,6.3,2.042,3.418,3.238,6.398,7.177,3.679,3.526,6.002,5.443,6.409
3213.03,27,3.263,3.771,2.974,2.938,6.163,5.92,2.475,3.467,4.341,3.45,6.442,6.3,2.116,3.466,3.238,6.429,7.108,3.647,3.548,5.968,5.4,6.441
3214.03,27,3.268,3.758,2.976,2.945,6.131,5.818,2.5,3.411,4.389,3.438,6.474,6.34,2.09,3.41,3.234,6.389,7.142,3.626,3.531,5.944,5.398,6.45
3215.03,27,3.246,3.729,2.956,3.019,6.085,5.84,2.48,3.4,4.31,3.48,6.37,6.41,2.009,3.419,3.223,6.374,7.193,3.631,3.535,5.982,5.388,6.43
3216.03,27,3.278,3.81,2.991,2.969,6.11,5.892,2.494,3.39,4.393,3.444,6.498,6.364,2.053,3.362,3.246,6.385,7.139,3.611,3.512,5.993,5.416,6.376
3217.03,27,3.196,3.768,2.975,2.969,6.151,5.84,2.521,3.416,4.402,3.357,6.435,6.335,2.076,3.436,3.229,6.424,7.153,3.635,3.553,6.016,5.384,6.425
3218.03,27,3.209,3.766,3,3.021,6.119,5.894,2.472,3.398,4.398,3.444,6.419,6.422,2.072,3.364,3.142,6.365,7.142,3.637,3.487,6.029,5.387,6.366
3219.03,27,3.262,3.751,2.93,3.007,6.101,5.852,2.472,3.371,4.36,3.372,6.45,6.323,2.13,3.375,3.219,6.362,7.187,3.653,3.513,6.028,5.397,6.393
3220.03,27,3.227,3.753,2.957,3.007,6.136,5.874,2.497,3.39,4.338,3.378,6.405,6.429,2.062,3.395,3.27,6.403,7.148,3.654,3.519,5.998,5.335,6.371
3221.03,27,3.19,3.804,2.968,2.961,6.137,5.835,2.47,3.407,4.381,3.459,6.395,6.393,2.111,3.393,3.18,6.397,7.131,3.651,3.556,6.026,5.421,6.379
3222.03,27,3.217,3.765,3.01,3.002,6.128,5.917,2.473,3.416,4.396,3.403,6.455,6.268,2.011,3.385,3.208,6.299,7.173,3.715,3.528,5.998,5.366,6.405
3223.03,27,3.261,3.785,2.966,3.019,6.11,5.797,2.497,3.393,4.265,3.463,6.456,6.324,2.087,3.358,3.185,6.42,7.214,3.755,3.525,5.997,5.381,6.401
3224.03,27,3.178,3.817,2.971,3.076,6.135,5.801,2.497,3.502,4.343,3.414,6.427,6.326,2.035,3.376,3.166,6.425,7.193,3.664,3.52,5.92,5.42,6.425
3225.03,27,3.251,3.759,3.029,2.988,6.143,5.809,2.497,3.4,4.304,3.425,6.356,6.366,2.028,3.387,3.274,6.415,7.178,3.665,3.573,6.019,5.397,6.401
3226.03,27,3.227,3.833,3.032,3.016,6.15,5.9,2.431,3.399,4.376,3.409,6.488,6.347,2.064,3.408,3.226,6.388,7.201,3.737,3.557,5.98,5.363,6.409
3227.03,27,3.208,3.751,2.944,2.96,6.118,5.839,2.502,3.384,4.372,3.508,6.408,6.34,2.084,3.398,3.185,6.391,7.176,3.699,3.583,5.978,5.427,6.358
3228.03,27,3.21,3.791,2.994,2.952,6.106,5.882,2.553,3.461,4.283,3.41,6.468,6.345,2.079,3.36,3.202,6.443,7.141,3.692,3.567,5.919,5.339,6.378
3229.03,27,3.197,3.787,2.929,2.989,6.17,5.903,2.485,3.404,4.257,3.403,6.361,6.314,2.079,3.363,3.156,6.361,7.172,3.661,3.557,5.982,5.424,6.456
3230.03,27,3.23,3.759,2.986,3.014,6.131,5.879,2.512,3.426,4.372,3.503,6.427,6.395,2.056,3.359,3.195,6.472,7.189,3.7,3.552,5.994,5.372,6.433
3231.03,27,3.231,3.763,2.949,2.978,6.117,5.833,2.508,3.415,4.348,3.39,6.375,6.33,2.085,3.333,3.176,6.455,7.161,3.624,3.578,6.014,5.388,6.409
3232.03,27,3.189,3.808,2.995,2.967,6.138,5.814,2.457,3.357,4.305,3.471,6.434,6.329,2.061,3.327,3.18,6.358,7.212,3.693,3.516,6.03,5.393,6.446
3233.03,27,3.21,3.818,3.015,2.987,6.127,5.89,2.527,3.417,4.272,3.394,6.419,6.323,2.035,3.381,3.124,6.346,7.211,3.686,3.573,5.98,5.388,6.46
3234.03,27,3.242,3.807,2.939,2.986,6.093,5.788,2.425,3.469,4.343,3.416,6.409,6.42,2.072,3.328,3.143,6.449,7.216,3.66,3.535,5.984,5.358,6.433
3235.03,27,3.206,3.843,2.975,2.961,6.163,5.849,2.532,3.397,4.231,3.423,6.408,6.319,2.107,3.306,3.148,6.37,7.146,3.695,3.5,6.007,5.392,6.39
3236.03,27,3.249,3.807,3.033,3.036,6.158,5.891,2.496,3.385,4.279,3.418,6.473,6.269,2.037,3.353,3.191,6.345,7.176,3.616,3.55,6.002,5.409,6.341
3237.03,27,3.196,3.715,3.001,3.078,6.124,5.849,2.424,3.397,4.246,3.468,6.442,6.408,2.098,3.266,3.155,6.387,7.179,3.658,3.548,6.002,5.421,6.396
3238.03,27,3.205,3.804,2.91,3.013,6.137,5.875,2.501,3.435,4.288,3.431,6.406,6.335,2.07,3.37,3.183,6.396,7.215,3.656,3.541,6.008,5.362,6.409
3239.03,27,3.123,3.8,3.084,3.01,6.111,5.879,2.483,3.48,4.205,3.438,6.398,6.389,2.083,3.313,3.128,6.419,7.219,3.651,3.568,6.082,5.37,6.377
3240.03,27,3.24,3.784,2.942,3.039,6.153,5.814,2.49,3.366,4.332,3.407,6.453,6.324,2.051,3.285,3.127,6.361,7.133,3.674,3.601,6.005,5.403,6.539
3241.03,27,3.236,3.763,2.995,3.03,6.067,5.88,2.501,3.424,4.286,3.41,6.388,6.351,2.121,3.333,3.107,6.414,7.126,3.684,3.576,5.958,5.358,6.445
3242.03,27,3.217,3.771,2.957,2.955,6.144,5.848,2.53,3.384,4.306,3.449,6.412,6.388,2.093,3.318,3.124,6.37,7.197,3.759,3.635,5.938,5.34,6.467
3243.03,27,3.177,3.784,3.012,3.001,6.112,5.899,2.476,3.362,4.31,3.389,6.468,6.315,2.058,3.319,3.097,6.426,7.197,3.655,3.515,6.04,5.386,6.425
3244.03,27,3.224,3.777,2.994,3.02,6.111,5.759,2.538,3.424,4.268,3.433,6.39,6.34,2.105,3.368,3.146,6.366,7.164,3.611,3.544,6.022,5.394,6.387
3245.03,27,3.167,3.76,2.926,2.977,6.105,5.815,2.487,3.339,4.284,3.465,6.432,6.343,1.981,3.281,3.137,6.39,7.122,3.659,3.505,5.986,5.336,6.447
3246.03,27,3.218,3.785,2.974,3.006,6.142,5.858,2.532,3.405,4.288,3.433,6.376,6.343,2.04,3.307,3.149,6.391,7.188,3.697,3.539,6.006,5.413,6.427
3247.03,27,3.2,3.763,2.97,2.938,6.091,5.856,2.46,3.396,4.3,3.476,6.407,6.344,2.103,3.308,3.123,6.416,7.215,3.671,3.59,6.005,5.401,6.436
3248.03,27,3.18,3.813,2.98,2.962,6.132,5.808,2.485,3.409,4.269,3.422,6.447,6.376,2.084,3.319,3.095,6.391,7.184,3.659,3.572,6.021,5.369,6.377
3249.03,27,3.203,3.758,2.916,3.04,6.122,5.779,2.509,3.385,4.277,3.44,6.449,6.368,2.058,3.301,3.038,6.448,7.147,3.697,3.579,5.957,5.384,6.491
3250.03,27,3.237,3.802,2.957,2.98,6.168,5.874,2.494,3.418,4.271,3.49,6.415,6.329,2.063,3.241,3.119,6.353,7.223,3.769,3.555,5.977,5.43,6.404
3251.03,27,3.217,3.784,2.977,2.944,6.139,5.881,2.529,3.448,4.348,3.45,6.417,6.352,2.115,3.27,3.163,6.429,7.175,3.707,3.512,5.994,5.337,6.363
3252.03,27,3.257,3.752,2.979,3.012,6.132,5.833,2.485,3.422,4.312,3.427,6.416,6.373,2.091,3.249,3.111,6.41,7.175,3.663,3.54,6.017,5.424,6.51
3253.03,27,3.266,3.794,2.975,2.995,6.093,5.79,2.496,3.434,4.244,3.449,6.431,6.331,2.079,3.305,3.102,6.398,7.11,3.708,3.501,6.022,5.385,6.423
3254.03,27,3.186,3.843,2.995,3.017,6.124,5.867,2.502,3.421,4.263,3.421,6.435,6.39,2.11,3.313,3.114,6.328,7.123,3.666,3.562,5.917,5.387,6.403
3255.03,27,3.261,3.859,2.932,2.973,6.126,5.836,2.488,3.426,4.169,3.429,6.455,6.38,2.117,3.261,3.124,6.389,7.243,3.655,3.593,5.966,5.319,6.41
3256.03,27,3.268,3.85,2.976,3.009,6.137,5.862,2.452,3.412,4.193,3.478,6.457,6.385,2.03,3.277,3.12,6.366,7.179,3.681,3.562,6.053,5.373,6.443
3257.03,27,3.222,3.737,2.965,2.961,6.193,5.863,2.52,3.488,4.207,3.416,6.449,6.38,2.03,3.198,3.031,6.408,7.166,3.706,3.522,5.966,5.392,6.425
3258.03,27,3.2,3.804,2.982,2.991,6.16,5.854,2.555,3.379,4.219,3.422,6.37,6.354,2.032,3.248,3.124,6.388,7.153,3.749,3.556,5.969,5.37,6.431
3259.03,27,3.236,3.735,2.977,2.95,6.059,5.802,2.506,3.324,4.253,3.413,6.47,6.319,2.103,3.249,3.108,6.395,7.224,3.618,3.547,5.959,5.347,6.415
3260.03,27,3.261,3.747,2.957,2.908,6.142,5.784,2.524,3.394,4.203,3.397,6.422,6.345,2.109,3.292,3.1,6.362,7.187,3.66,3.557,5.995,5.445,6.393
3261.03,27,3.198,3.836,2.996,3.031,6.102,5.853,2.518,3.486,4.245,3.444,6.427,6.323,2.129,3.31,3.025,6.44,7.139,3.692,3.546,6.024,5.371,6.403
3262.03,27,3.23,3.755,2.936,2.98,6.101,5.86,2.544,3.368,4.19,3.481,6.395,6.303,2.105,3.282,3.08,6.459,7.197,3.709,3.585,5.932,5.399,6.416
3263.03,27,3.213,3.832,3.029,2.951,6.073,5.888,2.555,3.406,4.241,3.373,6.406,6.362,2.08,3.181,3.031,6.367,7.167,3.723,3.534,5.991,5.421,6.382
3264.03,27,3.183,3.788,2.921,2.983,6.13,5.858,2.45,3.427,4.23,3.447,6.449,6.296,2.114,3.203,3.062,6.346,7.182,3.705,3.589,6.003,5.378,6.418
3265.03,27,3.203,3.725,2.989,2.921,6.117,5.848,2.47,3.39,4.286,3.477,6.373,6.318,2.103,3.208,3.056,6.35,7.121,3.649,3.577,5.966,5.402,6.417
3266.03,27,3.23,3.84,2.947,2.989,6.07,5.884,2.462,3.492,4.222,3.449,6.458,6.374,2.059,3.266,3.023,6.396,7.182,3.635,3.55,5.999,5.397,6.457
3267.03,27,3.296,3.727,2.948,3.021,6.108,5.831,2.512,3.397,4.262,3.418,6.457,6.376,2.054,3.262,3.047,6.4,7.218,3.6,3.57,5.946,5.366,6.446
3268.03,27,3.253,3.77,2.985,2.94,6.106,5.882,2.442,3.349,4.228,3.454,6.427,6.36,1.996,3.243,3.052,6.359,7.207,3.68,3.499,6.01,5.364,6.378
3269.03,27,3.265,3.846,2.937,2.978,6.185,5.846,2.505,3.407,4.204,3.35,6.387,6.403,2.083,3.208,3.02,6.438,7.222,3.628,3.606,5.98,5.389,6.454
3270.03,27,3.18,3.782,2.985,3.03,6.121,5.807,2.466,3.457,4.226,3.418,6.403,6.349,2.044,3.222,3.04,6.405,7.151,3.708,3.52,6.002,5.368,6.457
3271.03,27,3.223,3.807,3.019,2.951,6.135,5.853,2.452,3.444,4.284,3.439,6.402,6.334,2.051,3.148,3.055,6.411,7.136,3.724,3.605,5.903,5.333,6.4
3272.03,27,3.245,3.791,3.025,2.966,6.155,5.859,2.52,3.436,4.232,3.46,6.433,6.288,2.134,3.177,3.02,6.417,7.175,3.689,3.542,5.94,5.36,6.373
3273.03,27,3.219,3.795,2.948,2.994,6.136,5.873,2.479,3.365,4.218,3.451,6.429,6.321,2.067,3.201,3.069,6.385,7.104,3.673,3.518,6.033,5.427,6.424
3274.03,27,3.253,3.752,2.976,3.047,6.117,5.836,2.442,3.457,4.222,3.438,6.442,6.367,2.117,3.15,3.024,6.391,7.228,3.672,3.548,6.006,5.375,6.446
3275.03,27,3.252,3.82,2.912,2.95,6.095,5.786,2.445,3.426,4.181,3.409,6.412,6.322,2.046,3.207,3.025,6.376,7.158,3.716,3.575,5.949,5.364,6.386
3276.03,27,3.205,3.781,2.949,3.029,5.989,5.848,2.449,3.391,4.179,3.429,6.418,6.385,2.062,3.153,3.013,6.386,7.143,3.664,3.599,6.006,5.402,6.383
3277.03,27,3.202,3.807,2.988,2.974,6.139,5.896,2.529,3.404,4.18,3.399,6.451,6.316,2.064,3.185,3.001,6.408,7.18,3.623,3.547,5.992,5.425,6.421
3278.03,27,3.218,3.741,2.992,3.02,6.114,5.86,2.582,3.406,4.198,3.448,6.41,6.362,2.032,3.125,3.052,6.345,7.161,3.702,3.572,6.019,5.393,6.385
3279.03,27,3.199,3.817,2.99,3.036,6.141,5.856,2.444,3.361,4.231,3.424,6.414,6.408,2.072,3.182,2.962,6.343,7.24,3.747,3.588,6.01,5.434,6.419
3280.03,27,3.183,3.798,2.961,2.953,6.152,5.838,2.471,3.405,4.16,3.405,6.465,6.333,2.106,3.133,3.007,6.403,7.197,3.642,3.573,6.023,5.387,6.369
3281.03,27,3.283,3.814,2.96,3.063,6.114,5.837,2.511,3.398,4.205,3.458,6.345,6.309,2.084,3.205,2.956,6.399,7.216,3.718,3.55,5.965,5.376,6.425
3282.03,27,3.27,3.756,2.963,2.949,6.112,5.84,2.457,3.411,4.143,3.389,6.356,6.329,2.073,3.224,2.987,6.366,7.22,3.631,3.557,5.988,5.454,6.435
3283.03,27,3.228,3.695,2.908,3.051,6.135,5.871,2.5,3.408,4.204,3.425,6.444,6.329,2.022,3.107,2.988,6.482,7.149,3.607,3.529,5.954,5.408,6.441
3284.03,27,3.225,3.803,3.007,2.973,6.16,5.84,2.52,3.364,4.154,3.418,6.411,6.43,2.086,3.199,3.01,6.376,7.162,3.618,3.568,5.997,5.33,6.397
3285.03,27,3.238,3.789,2.948,2.957,6.192,5.84,2.37,3.437,4.178,3.399,6.41,6.302,2.083,3.147,2.997,6.362,7.155,3.706,3.601,6.013,5.368,6.473
3286.03,27,3.17,3.789,3,3.003,6.143,5.823,2.529,3.422,4.163,3.437,6.433,6.338,2.033,3.127,2.974,6.385,7.194,3.653,3.529,5.989,5.401,6.467
3287.03,27,3.206,3.757,2.932,3.009,6.108,5.881,2.47,3.462,4.163,3.435,6.402,6.387,2.135,3.114,3.018,6.375,7.15,3.664,3.59,5.968,5.389,6.48
3288.03,27,3.215,3.84,2.983,3,6.114,5.875,2.46,3.433,4.229,3.444,6.381,6.249,2.06,3.148,2.953,6.361,7.148,3.68,3.518,5.912,5.361,6.416
3289.03,27,3.171,3.766,2.996,3.007,6.2,5.847,2.455,3.458,4.171,3.454,6.409,6.344,2.055,3.156,3.025,6.367,7.163,3.695,3.59,5.98,5.398,6.444
3290.03,27,3.14,3.809,3.024,2.937,6.158,5.912,2.534,3.355,4.136,3.432,6.405,6.355,2.04,3.184,2.985,6.425,7.187,3.696,3.559,5.938,5.368,6.417
3291.03,27,3.231,3.795,2.956,2.994,6.165,5.833,2.492,3.383,4.157,3.431,6.414,6.366,2.085,3.105,2.964,6.346,7.162,3.718,3.596,6.005,5.394,6.413
3292.03,27,3.198,3.769,3.063,2.996,6.162,5.857,2.445,3.475,4.175,3.443,6.427,6.331,2.09,3.091,2.963,6.418,7.176,3.706,3.6,5.971,5.295,6.415
3293.03,27,3.275,3.737,2.947,2.975,6.136,5.862,2.602,3.456,4.143,3.421,6.381,6.315,2.044,3.063,2.905,6.375,7.168,3.722,3.572,6.007,5.415,6.382
3294.03,27,3.19,3.78,3,2.985,6.065,5.897,2.473,3.4,4.124,3.402,6.393,6.34,2.128,3.137,2.951,6.407,7.216,3.672,3.6,6.051,5.384,6.434
3295.03,27,3.206,3.728,2.972,3.025,6.1,5.805,2.561,3.426,4.102,3.353,6.513,6.327,2.095,3.112,2.922,6.387,7.181,3.673,3.529,6.035,5.387,6.483
3296.03,27,3.192,3.758,3,3.019,6.123,5.798,2.561,3.428,4.155,3.452,6.476,6.33,1.987,3.148,2.904,6.337,7.213,3.658,3.555,5.968,5.404,6.443
3297.03,27,3.209,3.756,2.917,2.952,6.109,5.833,2.496,3.412,4.111,3.421,6.436,6.297,2.132,3.067,2.927,6.381,7.129,3.736,3.593,5.931,5.355,6.399
3298.03,27,3.24,3.798,2.966,2.996,6.195,5.875,2.43,3.436,4.092,3.47,6.447,6.338,2.089,3.082,2.939,6.426,7.114,3.743,3.599,6.007,5.354,6.455
3299.03,27,3.211,3.805,2.977,2.993,6.184,5.862,2.499,3.43,4.109,3.438,6.406,6.306,2.111,3.092,2.932,6.34,7.131,3.702,3.595,6.018,5.362,6.418
3300.03,27,3.246,3.811,2.923,2.944,6.151,5.889,2.471,3.482,4.149,3.459,6.38,6.377,2.039,3.146,2.972,6.369,7.168,3.695,3.565,5.961,5.341,6.432
3301.03,27,3.192,3.742,3.007,2.998,6.162,5.882,2.451,3.439,4.148,3.416,6.388,6.331,2.104,3.076,2.934,6.385,7.158,3.647,3.557,5.952,5.36,6.432
3302.03,27,3.256,3.757,2.93,2.958,6.097,5.913,2.513,3.455,4.107,3.414,6.429,6.363,2.081,3.121,2.955,6.413,7.172,3.679,3.576,6.012,5.426,6.476
3303.03,27,3.255,3.773,2.982,2.997,6.087,5.861,2.462,3.433,4.129,3.427,6.371,6.333,2.034,3.113,2.945,6.346,7.231,3.641,3.619,5.956,5.364,6.451
3304.03,27,3.186,3.834,2.989,3.035,6.165,5.845,2.492,3.394,4.15,3.399,6.408,6.319,2.097,3.043,2.912,6.414,7.153,3.689,3.562,5.984,5.469,6.423
3305.03,27,3.231,3.836,3.021,3.01,6.101,5.871,2.535,3.364,4.078,3.421,6.383,6.35,2.082,3.063,2.935,6.385,7.156,3.7,3.629,6.002,5.399,6.469
3306.03,27,3.256,3.789,2.969,2.982,6.11,5.846,2.462,3.437,4.087,3.393,6.484,6.301,2.046,3.071,2.906,6.406,7.184,3.721,3.618,5.952,5.476,6.374
3307.03,27,3.268,3.809,2.98,2.956,6.127,5.844,2.436,3.443,4.102,3.386,6.448,6.371,2.085,3.061,2.92,6.384,7.169,3.624,3.634,6.035,5.366,6.489
3308.03,27,3.254,3.804,3.048,3.064,6.116,5.936,2.476,3.403,4.147,3.442,6.396,6.353,2.095,3.047,2.897,6.394,7.118,3.678,3.574,6.003,5.4,6.4
3309.03,27,3.213,3.839,2.979,2.922,6.117,5.892,2.543,3.394,4.119,3.439,6.449,6.304,2.073,3.065,2.895,6.331,7.151,3.692,3.535,5.964,5.437,6.41
3310.03,27,3.218,3.815,2.974,3.006,6.138,5.845,2.466,3.464,4.085,3.481,6.425,6.304,2.036,3.098,2.872,6.428,7.191,3.66,3.598,5.938,5.36,6.409
3311.03,27,3.274,3.769,2.935,2.968,6.134,5.841,2.527,3.315,4.068,3.487,6.388,6.291,2.012,3.002,2.891,6.39,7.123,3.705,3.547,5.95,5.376,6.407
3312.03,27,3.222,3.777,2.986,2.993,6.201,5.786,2.473,3.505,4.098,3.378,6.398,6.296,2.047,3.026,2.905,6.394,7.13,3.724,3.535,6.008,5.464,6.442
3313.03,27,3.274,3.815,2.978,3.002,6.054,5.861,2.466,3.435,4.045,3.457,6.42,6.344,2.108,3.003,2.896,6.436,7.199,3.68,3.591,5.952,5.38,6.461
3314.03,27,3.236,3.793,3,2.948,6.146,5.825,2.503,3.412,4.108,3.481,6.383,6.318,2.11,3.011,2.898,6.46,7.112,3.732,3.563,5.996,5.401,6.425
3315.03,27,3.169,3.83,2.981,3.036,6.085,5.861,2.528,3.373,4.038,3.364,6.464,6.395,2.097,3.045,2.884,6.333,7.227,3.691,3.608,5.962,5.456,6.414
3316.03,27,3.232,3.791,2.969,2.979,6.167,5.842,2.449,3.406,4.084,3.402,6.341,6.337,2.08,3.055,2.838,6.371,7.197,3.717,3.564,5.984,5.368,6.436
3317.03,27,3.241,3.841,3.011,2.938,6.092,5.804,2.531,3.465,4.076,3.404,6.385,6.285,2.07,3.018,2.895,6.387,7.21,3.672,3.548,6.023,5.333,6.468
3318.03,27,3.269,3.81,2.907,3.016,6.138,5.87,2.507,3.396,4.027,3.42,6.383,6.324,2.123,2.977,2.93,6.445,7.18,3.687,3.601,5.988,5.366,6.475
3319.03,27,3.192,3.727,2.952,3.045,6.076,5.846,2.476,3.439,4.102,3.39,6.432,6.284,2.069,3.034,2.899,6.354,7.192,3.724,3.613,5.964,5.432,6.407
3320.03,27,3.214,3.776,2.998,3.033,6.134,5.901,2.474,3.474,4.098,3.419,6.441,6.393,2.05,3.053,2.934,6.427,7.204,3.672,3.558,5.969,5.441,6.451
3321.03,27,3.217,3.766,3.002,3.022,6.183,5.758,2.452,3.411,4.11,3.411,6.381,6.29,2.089,2.97,2.922,6.345,7.142,3.689,3.598,5.937,5.363,6.408
3322.03,27,3.193,3.795,3.006,3.031,6.14,5.789,2.528,3.415,4.034,3.391,6.383,6.363,2.053,3.065,2.923,6.488,7.196,3.655,3.603,5.974,5.377,6.44
3323.03,27,3.232,3.79,2.969,2.953,6.139,5.789,2.473,3.415,4.045,3.432,6.436,6.351,2.04,2.977,2.904,6.424,7.204,3.69,3.616,5.968,5.333,6.42
3324.03,27,3.287,3.817,3.007,3.012,6.054,5.898,2.454,3.367,4.066,3.463,6.419,6.324,2.108,2.95,2.897,6.424,7.185,3.631,3.573,5.997,5.365,6.445
3325.03,27,3.213,3.816,2.965,2.979,6.121,5.862,2.489,3.449,4.052,3.447,6.436,6.343,2.113,3.051,2.911,6.423,7.199,3.692,3.577,5.985,5.406,6.421
3326.03,27,3.26,3.777,2.984,2.964,6.088,5.812,2.469,3.408,4.073,3.389,6.377,6.322,2.097,2.997,2.881,6.408,7.179,3.749,3.588,5.964,5.346,6.429
3327.03,27,3.268,3.85,2.969,2.98,6.075,5.833,2.513,3.436,4.091,3.452,6.38,6.3,2.06,3.035,2.931,6.422,7.192,3.635,3.596,5.929,5.417,6.398
3328.03,27,3.26,3.744,3.008,3.03,6.206,5.874,2.52,3.386,4.047,3.393,6.441,6.341,2.052,3.009,2.922,6.434,7.18,3.718,3.573,5.992,5.405,6.429
3329.03,27,3.24,3.823,2.997,2.953,6.121,5.822,2.446,3.404,4.039,3.424,6.389,6.3,2.046,3.006,2.897,6.395,7.198,3.703,3.643,5.946,5.385,6.426
3330.03,27,3.2,3.752,2.957,3.003,6.1,5.828,2.484,3.463,4.027,3.417,6.429,6.387,2.082,2.978,2.926,6.424,7.134,3.693,3.588,5.967,5.345,6.464
3331.03,27,3.218,3.82,2.982,3.045,6.117,5.852,2.51,3.441,4.055,3.442,6.509,6.38,2.052,2.963,2.893,6.446,7.154,3.685,3.635,5.992,5.37,6.401
3332.03,27,3.192,3.785,2.97,2.915,6.142,5.863,2.441,3.404,4.049,3.425,6.5,6.408,2.103,3.001,2.859,6.425,7.192,3.621,3.572,5.983,5.37,6.462
3333.03,27,3.212,3.784,3.039,3.018,6.112,5.809,2.505,3.387,4.025,3.455,6.403,6.379,2.077,3.068,2.954,6.435,7.132,3.626,3.549,5.986,5.321,6.428
3334.03,27,3.188,3.747,2.978,3.014,6.042,5.88,2.521,3.432,3.999,3.44,6.353,6.328,2.068,2.994,2.94,6.448,7.157,3.723,3.577,6.004,5.386,6.43
3335.03,27,3.245,3.764,2.96,2.995,6.135,5.79,2.546,3.409,3.968,3.413,6.448,6.389,2.079,3.004,2.866,6.419,7.153,3.698,3.644,6.039,5.411,6.453
3336.03,27,3.245,3.697,3.002,2.981,6.172,5.841,2.471,3.384,4.038,3.515,6.447,6.327,2.119,3.035,2.91,6.372,7.18,3.731,3.649,5.97,5.335,6.414
3337.03,27,3.275,3.794,2.964,3.02,6.188,5.914,2.488,3.449,4.026,3.457,6.384,6.36,2.083,3.056,2.872,6.339,7.134,3.727,3.57,5.992,5.346,6.436
3338.03,27,3.27,3.817,2.921,2.948,6.061,5.839,2.435,3.385,3.99,3.486,6.466,6.344,2.087,3.022,2.942,6.417,7.163,3.673,3.598,6.002,5.387,6.47
3339.03,27,3.227,3.791,2.958,2.97,6.133,5.836,2.487,3.444,4.069,3.42,6.401,6.345,2.094,3.018,2.955,6.383,7.175,3.728,3.563,5.965,5.388,6.348
3340.03,27,3.253,3.805,3.041,2.961,6.066,5.861,2.563,3.376,4.02,3.466,6.384,6.334,2.073,2.953,2.882,6.368,7.168,3.714,3.612,5.995,5.401,6.422
3341.03,27,3.292,3.775,2.982,2.976,6.12,5.816,2.554,3.368,3.93,3.416,6.482,6.314,2.061,2.992,2.902,6.417,7.221,3.663,3.601,6.01,5.353,6.469
3342.03,27,3.253,3.741,3.007,3.003,6.146,5.892,2.564,3.425,3.941,3.364,6.452,6.359,2.082,2.996,2.894,6.482,7.176,3.731,3.551,6.02,5.344,6.363
3343.03,27,3.176,3.802,2.968,2.959,6.068,5.913,2.569,3.426,4.013,3.395,6.427,6.299,2.071,3.036,2.898,6.407,7.152,3.647,3.625,6.065,5.376,6.436
3344.03,27,3.233,3.769,3.011,2.959,6.129,5.871,2.466,3.362,4.043,3.401,6.421,6.339,2.035,3.023,2.948,6.335,7.141,3.677,3.575,5.982,5.385,6.362
3345.03,27,3.186,3.785,2.964,2.968,6.153,5.904,2.523,3.389,3.989,3.437,6.398,6.308,2.127,2.96,2.901,6.39,7.136,3.711,3.621,5.981,5.365,6.387
3346.03,27,3.232,3.753,2.951,3.014,6.184,5.833,2.464,3.386,3.95,3.481,6.392,6.329,2.118,2.968,2.916,6.439,7.204,3.689,3.583,5.965,5.368,6.438
3347.03,27,3.185,3.82,2.922,2.949,6.127,5.858,2.463,3.395,3.958,3.454,6.479,6.323,2.081,3.014,2.966,6.383,7.176,3.703,3.567,5.995,5.379,6.411
3348.03,27,3.195,3.76,2.948,2.988,6.111,5.826,2.495,3.464,3.922,3.408,6.374,6.385,2.057,2.987,2.896,6.387,7.186,3.747,3.615,6.003,5.395,6.444
3349.03,27,3.198,3.801,2.997,2.942,6.189,5.852,2.495,3.353,3.981,3.382,6.381,6.367,2.084,2.962,2.894,6.349,7.157,3.65,3.633,5.929,5.308,6.366
3350.03,27,3.222,3.772,2.991,2.974,6.146,5.928,2.487,3.465,3.963,3.437,6.433,6.333,2.1,2.939,2.912,6.362,7.18,3.727,3.582,5.984,5.357,6.387
3351.03,27,3.279,3.813,2.961,2.991,6.061,5.798,2.518,3.405,4.002,3.445,6.445,6.357,2.09,2.957,2.933,6.455,7.217,3.715,3.63,5.993,5.35,6.411
3352.03,27,3.198,3.831,2.924,2.981,6.145,5.882,2.502,3.426,4,3.458,6.448,6.373,2.115,3.013,2.907,6.406,7.173,3.706,3.596,5.981,5.35,6.442
3353.03,27,3.266,3.774,3.005,3.005,6.087,5.847,2.504,3.425,3.928,3.43,6.445,6.365,2.028,3.062,2.956,6.351,7.204,3.663,3.634,6.004,5.417,6.472
3354.03,27,3.18,3.784,2.971,3.002,6.086,5.862,2.547,3.428,4.014,3.413,6.39,6.351,2.025,2.957,2.936,6.35,7.157,3.65,3.623,6.051,5.413,6.432
3355.03,27,3.214,3.784,3.001,2.976,6.1,5.823,2.481,3.383,3.931,3.44,6.422,6.337,2.102,3.012,2.881,6.363,7.156,3.697,3.584,6.01,5.369,6.458
3356.03,27,3.266,3.801,3.014,2.964,6.168,5.806,2.596,3.462,3.955,3.436,6.469,6.306,2.067,3.085,2.877,6.387,7.142,3.68,3.572,5.994,5.365,6.415
3357.03,27,3.266,3.798,2.94,2.851,6.089,5.779,2.403,3.411,3.962,3.39,6.405,6.306,2.051,2.98,2.891,6.433,7.153,3.619,3.554,6.038,5.388,6.41
3358.03,27,3.212,3.842,2.999,2.917,6.143,5.912,2.47,3.403,3.984,3.452,6.47,6.337,2.055,2.926,2.909,6.447,7.197,3.69,3.563,5.988,5.36,6.473
3359.03,27,3.274,3.798,2.996,2.96,6.093,5.855,2.471,3.416,3.993,3.436,6.428,6.326,2.073,3.035,2.916,6.37,7.213,3.617,3.627,5.929,5.365,6.38
3360.03,27,3.269,3.804,3,3.011,6.067,5.864,2.513,3.425,3.937,3.436,6.469,6.434,2.078,3.091,2.92,6.387,7.166,3.722,3.608,6.001,5.413,6.46
3361.03,27,3.229,3.859,2.991,2.888,6.14,5.832,2.506,3.436,3.9,3.421,6.411,6.359,2.089,2.947,2.951,6.366,7.178,3.703,3.667,5.981,5.404,6.424
3362.03,27,3.311,3.777,2.968,3.027,6.147,5.854,2.491,3.354,3.993,3.423,6.404,6.318,2.042,2.997,2.944,6.399,7.166,3.716,3.593,5.963,5.401,6.45
3363.03,27,3.238,3.776,2.925,3.001,6.133,5.858,2.49,3.453,3.96,3.437,6.48,6.316,2.029,3.026,2.955,6.403,7.195,3.711,3.59,5.958,5.385,6.465
3364.03,27,3.31,3.773,2.92,2.992,6.126,5.804,2.454,3.437,3.875,3.42,6.39,6.321,2.076,2.994,2.927,6.402,7.25,3.654,3.617,5.952,5.413,6.385
3365.03,27,3.231,3.779,3.012,2.979,6.167,5.856,2.476,3.44,3.928,3.428,6.401,6.311,2.02,2.998,2.975,6.35,7.206,3.684,3.593,5.995,5.321,6.401
3366.03,27,3.176,3.784,2.954,2.962,6.143,5.811,2.513,3.389,3.938,3.44,6.384,6.371,2.079,2.994,2.922,6.428,7.22,3.697,3.587,5.963,5.421,6.438
3367.03,27,3.181,3.828,2.967,2.959,6.154,5.865,2.53,3.426,3.916,3.452,6.374,6.387,2.055,3.002,2.966,6.396,7.124,3.744,3.594,6.025,5.339,6.392
3368.03,27,3.244,3.791,3.003,2.96,6.113,5.915,2.481,3.416,3.903,3.455,6.412,6.337,2.075,3.031,3.019,6.397,7.169,3.647,3.578,5.97,5.362,6.396
3369.03,27,3.229,3.722,2.961,2.962,6.142,5.836,2.489,3.448,3.911,3.438,6.463,6.394,2.091,3.031,2.915,6.435,7.214,3.648,3.516,6.05,5.411,6.401
3370.03,27,3.246,3.832,2.883,2.997,6.172,5.857,2.464,3.415,3.907,3.45,6.38,6.346,2.009,2.96,2.935,6.416,7.144,3.698,3.658,6.046,5.399,6.44
3371.03,27,3.217,3.757,3.004,3,6.062,5.811,2.52,3.433,3.948,3.495,6.458,6.392,2.07,3.032,2.983,6.39,7.2,3.671,3.568,5.966,5.405,6.403
3372.03,27,3.325,3.75,2.992,2.988,6.148,5.876,2.527,3.326,3.929,3.388,6.388,6.296,2.069,3.052,2.952,6.351,7.16,3.715,3.661,6.017,5.372,6.41
3373.03,27,3.222,3.868,2.999,2.958,6.143,5.903,2.48,3.432,3.897,3.393,6.385,6.357,2.048,3.011,3.017,6.385,7.205,3.736,3.571,5.96,5.399,6.464
3374.03,27,3.259,3.833,3.042,3.016,6.088,5.863,2.484,3.45,3.963,3.436,6.392,6.351,2.046,3.049,2.919,6.401,7.245,3.68,3.612,5.963,5.392,6.443
3375.03,27,3.197,3.762,2.977,2.997,6.093,5.865,2.56,3.393,3.847,3.377,6.411,6.347,2.077,3.035,3.024,6.357,7.223,3.702,3.565,6.054,5.376,6.422
3376.03,27,3.271,3.784,2.975,2.947,6.14,5.888,2.504,3.429,3.843,3.432,6.425,6.328,2.076,3.081,3.021,6.446,7.124,3.671,3.625,6.007,5.374,6.407
3377.03,27,3.221,3.79,2.983,2.917,6.147,5.867,2.464,3.411,3.934,3.413,6.397,6.385,2.083,3.024,2.922,6.422,7.155,3.686,3.562,5.942,5.389,6.427
3378.03,27,3.236,3.811,2.959,3.048,6.131,5.801,2.496,3.479,3.951,3.445,6.439,6.351,2.059,3.099,2.905,6.361,7.211,3.723,3.58,5.984,5.405,6.452
3379.03,27,3.302,3.806,3.005,2.94,6.153,5.808,2.469,3.427,3.837,3.415,6.43,6.325,2.078,3.007,2.898,6.372,7.117,3.761,3.642,5.992,5.417,6.411
3380.03,27,3.288,3.788,2.922,3.028,6.125,5.884,2.512,3.444,3.867,3.387,6.346,6.362,2.069,3.006,2.959,6.388,7.216,3.712,3.601,5.994,5.4,6.402
3381.03,27,3.207,3.767,3.017,3.023,6.207,5.852,2.534,3.466,3.842,3.407,6.463,6.36,2.075,3.065,2.884,6.366,7.141,3.68,3.622,6.008,5.404,6.352
3382.03,27,3.256,3.788,3.028,3.03,6.109,5.775,2.531,3.407,3.903,3.552,6.423,6.339,2.058,2.987,2.984,6.384,7.137,3.663,3.594,5.937,5.376,6.439
3383.03,27,3.256,3.794,2.99,2.952,6.098,5.819,2.524,3.414,3.898,3.464,6.407,6.359,2.062,3.009,2.953,6.361,7.256,3.657,3.607,5.956,5.373,6.468
3384.03,27,3.257,3.785,2.941,2.939,6.209,5.902,2.531,3.467,3.927,3.419,6.471,6.326,2.112,3.074,2.908,6.372,7.149,3.694,3.602,5.969,5.447,6.385
3385.03,27,3.247,3.809,2.989,3.015,6.125,5.874,2.464,3.42,3.816,3.432,6.422,6.336,2.014,2.989,2.876,6.404,7.146,3.748,3.626,5.99,5.419,6.429
3386.03,27,3.246,3.776,3.012,3.012,6.064,5.841,2.515,3.408,3.846,3.413,6.399,6.323,2.114,2.997,2.937,6.381,7.135,3.676,3.628,5.945,5.367,6.403
3387.03,27,3.191,3.793,2.913,3.002,6.205,5.891,2.514,3.487,3.854,3.401,6.439,6.333,2.063,2.962,2.952,6.379,7.198,3.75,3.621,5.995,5.403,6.385
3388.03,27,3.191,3.803,3.019,2.981,6.142,5.868,2.508,3.433,3.816,3.42,6.414,6.372,2.045,3.13,2.953,6.417,7.22,3.685,3.636,6.039,5.331,6.368
3389.03,27,3.249,3.784,3.033,3.024,6.157,5.857,2.444,3.464,3.881,3.375,6.451,6.328,2.08,3.04,2.97,6.443,7.135,3.635,3.568,5.978,5.403,6.414
3390.03,27,3.188,3.807,3.054,2.97,6.112,5.914,2.462,3.403,3.869,3.461,6.422,6.329,2.066,2.971,2.896,6.449,7.144,3.698,3.572,6.027,5.4,6.387
3391.03,27,3.256,3.724,2.977,2.965,6.185,5.879,2.48,3.425,3.893,3.445,6.439,6.35,2.047,3.031,2.974,6.41,7.218,3.664,3.645,5.961,5.443,6.402
3392.03,27,3.209,3.787,2.967,2.978,6.199,5.877,2.48,3.336,3.857,3.479,6.402,6.307,2.16,3.057,2.943,6.385,7.155,3.687,3.647,5.97,5.351,6.442
3393.03,27,3.292,3.751,2.97,3.058,6.139,5.907,2.443,3.434,3.796,3.39,6.376,6.299,2.087,3.02,2.924,6.344,7.218,3.651,3.617,5.917,5.376,6.444
3394.03,27,3.301,3.827,3.028,3.007,6.122,5.893,2.465,3.437,3.862,3.386,6.394,6.337,2.048,2.986,2.924,6.382,7.204,3.653,3.626,5.882,5.381,6.439
3395.03,27,3.231,3.837,2.958,3.011,6.107,5.847,2.504,3.412,3.872,3.483,6.418,6.292,2.079,2.988,2.897,6.442,7.236,3.721,3.601,6.024,5.372,6.453
3396.03,27,3.237,3.79,2.999,2.989,6.148,5.892,2.415,3.404,3.877,3.427,6.396,6.352,2.062,3,2.982,6.324,7.215,3.723,3.672,5.997,5.381,6.46
3397.03,27,3.31,3.785,3.018,2.942,6.14,5.829,2.529,3.371,3.811,3.361,6.436,6.332,2.076,3.012,2.957,6.391,7.147,3.763,3.583,6.004,5.377,6.443
3398.03,27,3.337,3.773,3.006,2.931,6.165,5.866,2.574,3.383,3.841,3.456,6.435,6.335,2.079,2.994,2.926,6.328,7.218,3.606,3.634,6.004,5.4,6.446
3399.03,27,3.263,3.736,2.967,2.999,6.194,5.847,2.448,3.399,3.838,3.461,6.444,6.354,2.042,3.048,2.978,6.426,7.172,3.686,3.648,5.978,5.349,6.439
3400.03,27,3.236,3.831,2.972,3.002,6.154,5.792,2.541,3.458,3.795,3.487,6.418,6.341,2.081,3.05,2.96,6.421,7.208,3.716,3.593,5.965,5.366,6.41
3401.03,27,3.273,3.824,2.932,3.037,6.085,5.866,2.534,3.339,3.801,3.455,6.411,6.356,2.068,3.018,2.977,6.423,7.156,3.696,3.601,5.936,5.381,6.418
3402.03,27,3.261,3.783,3.003,2.999,6.158,5.849,2.485,3.409,3.83,3.366,6.472,6.326,2.033,2.996,2.991,6.41,7.144,3.674,3.706,5.933,5.347,6.428
3403.03,27,3.251,3.828,2.951,2.998,6.14,5.865,2.496,3.415,3.838,3.397,6.507,6.341,2.053,3.051,2.936,6.425,7.152,3.692,3.578,5.964,5.401,6.496
3404.03,27,3.239,3.825,2.927,2.989,6.103,5.829,2.478,3.425,3.793,3.437,6.393,6.342,2.033,2.989,2.888,6.439,7.142,3.749,3.578,6.004,5.422,6.457
3405.03,27,3.204,3.836,3.002,3.007,6.123,5.862,2.505,3.429,3.815,3.372,6.491,6.343,2.108,3.004,2.95,6.405,7.187,3.681,3.603,5.978,5.419,6.419
3406.03,27,3.226,3.769,2.969,2.947,6.157,5.835,2.492,3.425,3.737,3.459,6.408,6.337,2.072,3,2.974,6.504,7.176,3.642,3.6,5.945,5.395,6.466
3407.03,27,3.197,3.739,2.958,2.982,6.092,5.923,2.472,3.377,3.787,3.46,6.438,6.354,2.046,3.031,2.947,6.334,7.177,3.722,3.617,5.997,5.373,6.461
3408.03,27,3.303,3.831,2.933,2.978,6.14,5.859,2.539,3.476,3.827,3.413,6.448,6.333,2.084,2.987,2.984,6.387,7.205,3.736,3.596,5.961,5.391,6.461
3409.03,27,3.263,3.79,2.979,2.93,6.218,5.845,2.552,3.362,3.752,3.401,6.356,6.317,2.047,3.021,2.909,6.315,7.101,3.648,3.637,5.924,5.312,6.346
3410.03,27,3.287,3.805,2.986,3,6.099,5.873,2.484,3.374,3.835,3.457,6.413,6.374,2.075,3.041,3.02,6.312,7.051,3.7,3.592,6.033,5.406,6.475
3411.03,27,3.292,3.799,3.033,2.996,6.151,5.947,2.508,3.498,3.797,3.416,6.423,6.347,2.12,2.914,2.99,6.432,7.199,3.678,3.632,5.997,5.332,6.473
3412.03,27,3.296,3.769,2.905,2.994,6.129,5.874,2.517,3.35,3.798,3.42,6.448,6.353,2.104,2.975,3.015,6.385,7.162,3.684,3.533,5.915,5.349,6.435
3413.03,27,3.21,3.753,2.982,2.976,6.107,5.796,2.514,3.411,3.764,3.503,6.429,6.385,2.126,2.966,2.915,6.494,7.125,3.685,3.684,6.006,5.354,6.454
3414.03,27,3.263,3.806,2.948,2.972,6.13,5.863,2.481,3.393,3.746,3.451,6.428,6.37,2.013,3.013,2.967,6.357,7.175,3.736,3.606,5.973,5.397,6.412
3415.03,27,3.273,3.784,3.004,2.962,6.13,5.907,2.533,3.443,3.756,3.453,6.446,6.364,2.105,2.998,2.957,6.378,7.163,3.661,3.607,5.909,5.334,6.421
3416.03,27,3.214,3.808,2.967,3.026,6.112,5.845,2.522,3.39,3.754,3.48,6.415,6.394,2.108,2.964,3.008,6.373,7.158,3.746,3.578,5.957,5.411,6.423
3417.03,27,3.253,3.835,3.022,3.06,6.071,5.809,2.525,3.327,3.73,3.442,6.385,6.284,2.054,3.088,2.942,6.386,7.201,3.658,3.583,5.99,5.42,6.448
3418.03,27,3.279,3.815,2.975,3.002,6.181,5.818,2.509,3.405,3.784,3.443,6.408,6.362,2.088,3.035,3.005,6.411,7.171,3.738,3.603,6.013,5.391,6.444
3419.03,27,3.261,3.814,3.026,2.968,6.151,5.869,2.477,3.396,3.769,3.456,6.407,6.345,2.061,3.043,3.001,6.344,7.208,3.66,3.592,6.039,5.382,6.473
3420.03,27,3.211,3.785,3.021,2.981,6.131,5.845,2.423,3.398,3.778,3.406,6.458,6.395,2.071,3.046,2.986,6.37,7.197,3.652,3.666,6.046,5.351,6.426
3421.03,27,3.187,3.809,3.032,3.018,6.067,5.816,2.496,3.466,3.773,3.404,6.434,6.296,2.051,3.011,2.976,6.405,7.133,3.789,3.622,6.07,5.371,6.444
3422.03,27,3.206,3.75,2.998,2.995,6.137,5.888,2.47,3.488,3.762,3.533,6.409,6.328,2.06,3.031,2.965,6.372,7.185,3.694,3.629,5.931,5.408,6.464
3423.03,27,3.254,3.771,3.012,2.914,6.14,5.763,2.5,3.434,3.824,3.398,6.414,6.345,2.099,3.022,2.922,6.402,7.181,3.692,3.629,5.968,5.366,6.362
3424.03,27,3.211,3.751,3.024,3.002,6.135,5.869,2.448,3.467,3.728,3.417,6.439,6.347,2.083,3.05,2.912,6.372,7.165,3.686,3.649,6.012,5.353,6.45
3425.03,27,3.237,3.777,3.042,2.988,6.074,5.832,2.47,3.421,3.783,3.452,6.432,6.361,2.123,3.042,2.983,6.395,7.184,3.626,3.643,6.004,5.389,6.449
3426.03,27,3.266,3.804,3.02,2.937,6.092,5.84,2.458,3.475,3.713,3.441,6.354,6.309,2.114,3.084,2.992,6.44,7.174,3.759,3.596,6.064,5.415,6.368
3427.03,27,3.279,3.798,2.983,2.962,6.152,5.839,2.551,3.42,3.73,3.48,6.393,6.37,2.121,2.978,2.989,6.383,7.222,3.665,3.622,6.068,5.437,6.396
3428.03,27,3.322,3.767,2.999,2.991,6.101,5.862,2.429,3.443,3.725,3.474,6.458,6.32,2.1,2.999,2.956,6.466,7.22,3.698,3.653,5.956,5.372,6.458
3429.03,27,3.22,3.752,2.974,2.974,6.181,5.894,2.527,3.455,3.758,3.395,6.446,6.358,2.085,2.955,3.064,6.388,7.117,3.714,3.643,6.012,5.38,6.441
3430.03,27,3.258,3.788,2.986,3.052,6.098,5.851,2.47,3.378,3.728,3.411,6.571,6.322,2.053,3.072,2.969,6.448,7.181,3.694,3.637,5.941,5.337,6.357
3431.03,27,3.219,3.802,2.931,2.975,6.135,5.892,2.519,3.417,3.733,3.444,6.386,6.368,2.099,3.026,2.954,6.392,7.217,3.735,3.606,5.992,5.421,6.47
3432.03,27,3.163,3.771,2.977,2.999,6.079,5.836,2.499,3.38,3.729,3.46,6.426,6.373,2.053,3.066,2.965,6.317,7.264,3.685,3.606,5.984,5.388,6.422
3433.03,27,3.254,3.786,2.962,2.976,6.13,5.879,2.536,3.384,3.729,3.421,6.452,6.341,2.086,3.064,2.972,6.442,7.172,3.736,3.661,6.025,5.358,6.497
3434.03,27,3.262,3.822,2.966,2.975,6.157,5.895,2.498,3.419,3.747,3.454,6.484,6.393,2.089,2.99,3.005,6.381,7.167,3.668,3.594,5.965,5.379,6.458
3435.03,27,3.273,3.79,2.969,3.024,6.114,5.855,2.485,3.454,3.688,3.385,6.389,6.394,2.14,3.004,2.995,6.387,7.182,3.723,3.557,5.934,5.422,6.409
3436.03,27,3.305,3.756,2.919,3.037,6.113,5.854,2.49,3.429,3.699,3.425,6.441,6.381,2.123,3.082,2.98,6.399,7.144,3.775,3.595,5.954,5.415,6.421
3437.03,27,3.223,3.818,2.943,2.947,6.146,5.855,2.45,3.416,3.661,3.442,6.358,6.375,2.056,3.008,2.961,6.354,7.2,3.749,3.575,5.98,5.414,6.49
3438.03,27,3.242,3.778,2.995,2.987,6.134,5.901,2.46,3.425,3.669,3.452,6.443,6.42,2.067,3.042,3.027,6.377,7.125,3.678,3.581,5.975,5.352,6.431
3439.03,27,3.233,3.798,2.903,2.983,6.168,5.894,2.481,3.434,3.704,3.457,6.439,6.382,2.037,3.037,2.986,6.367,7.203,3.745,3.624,5.962,5.403,6.383
3440.03,27,3.227,3.779,2.998,3.037,6.088,5.853,2.446,3.4,3.744,3.462,6.423,6.313,2.084,2.992,3.023,6.421,7.168,3.649,3.651,5.98,5.384,6.428
3441.03,27,3.304,3.796,2.971,3.017,6.161,5.898,2.501,3.454,3.696,3.523,6.453,6.315,2.037,3.024,3.036,6.41,7.153,3.798,3.637,6.017,5.406,6.415
3442.03,27,3.267,3.812,3.004,2.964,6.097,5.818,2.539,3.424,3.649,3.448,6.426,6.325,2.085,3.007,2.961,6.442,7.192,3.812,3.656,6.034,5.45,6.467
3443.03,27,3.276,3.781,2.976,2.97,6.179,5.848,2.501,3.428,3.683,3.428,6.4,6.333,2.042,2.95,3.05,6.41,7.161,3.741,3.619,5.968,5.395,6.382
3444.03,27,3.212,3.812,2.957,2.988,6.109,5.871,2.467,3.467,3.668,3.448,6.374,6.378,2.079,3.065,2.95,6.414,7.132,3.625,3.622,6.045,5.365,6.406
3445.03,27,3.248,3.803,2.997,3.012,6.123,5.903,2.497,3.44,3.731,3.43,6.378,6.361,2.087,3.098,3.005,6.438,7.167,3.784,3.604,5.966,5.417,6.42
3446.03,27,3.2,3.764,2.967,2.973,6.116,5.84,2.495,3.486,3.675,3.427,6.513,6.365,2.064,3.042,3.006,6.377,7.163,3.759,3.654,5.978,5.389,6.412
3447.03,27,3.222,3.81,2.989,2.966,6.176,5.875,2.454,3.5,3.752,3.429,6.478,6.321,2.1,3.015,3.013,6.43,7.186,3.739,3.576,5.988,5.416,6.453
3448.03,27,3.331,3.818,2.942,2.978,6.072,5.82,2.457,3.525,3.703,3.396,6.422,6.332,2.063,3.059,3.007,6.385,7.214,3.703,3.638,6.002,5.388,6.392
3449.03,27,3.241,3.803,3.004,3.049,6.154,5.878,2.518,3.404,3.692,3.473,6.457,6.369,2.129,3.026,3.04,6.397,7.185,3.721,3.6,5.985,5.364,6.403
3450.03,27,3.226,3.824,2.94,2.98,6.146,5.859,2.539,3.402,3.695,3.404,6.435,6.359,2.017,3.042,3.012,6.402,7.201,3.739,3.574,5.924,5.502,6.409
3451.03,27,3.257,3.802,3.032,2.99,6.21,5.842,2.508,3.434,3.709,3.413,6.423,6.448,2.024,3.068,3.027,6.354,7.247,3.671,3.6,5.987,5.365,6.451
3452.03,27,3.238,3.889,3.028,3.059,6.083,5.845,2.435,3.432,3.67,3.496,6.434,6.348,2.055,2.998,2.952,6.444,7.124,3.654,3.644,5.921,5.42,6.406
3453.03,27,3.194,3.8,3.018,2.996,6.143,5.871,2.498,3.457,3.659,3.452,6.395,6.356,2.187,3.097,3.032,6.397,7.175,3.701,3.651,5.962,5.387,6.44
3454.03,27,3.229,3.838,2.919,2.989,6.081,5.873,2.507,3.443,3.63,3.453,6.465,6.366,2.054,3.018,2.947,6.433,7.197,3.697,3.677,6.018,5.409,6.421
3455.03,27,3.271,3.816,3.031,3.037,6.099,5.847,2.488,3.42,3.633,3.392,6.343,6.371,2.047,3.045,2.943,6.434,7.155,3.754,3.616,5.949,5.389,6.406
3456.03,27,3.253,3.843,2.976,3.009,6.128,5.847,2.474,3.42,3.653,3.414,6.402,6.342,2.08,2.995,3.012,6.366,7.179,3.668,3.651,5.982,5.41,6.457
3457.03,27,3.282,3.796,3.006,2.998,6.135,5.883,2.446,3.379,3.621,3.406,6.421,6.357,2.056,3.042,3.03,6.371,7.151,3.685,3.686,5.999,5.441,6.479
3458.03,27,3.253,3.85,2.948,2.964,6.131,5.853,2.502,3.459,3.597,3.421,6.346,6.327,2.068,3.075,2.968,6.392,7.254,3.686,3.653,6.016,5.374,6.453
3459.03,27,3.226,3.753,2.986,2.941,6.137,5.896,2.546,3.425,3.634,3.437,6.381,6.259,2.095,3.059,3.01,6.429,7.249,3.682,3.647,6.021,5.392,6.4
3460.03,27,3.252,3.797,2.998,3.008,6.139,5.874,2.498,3.399,3.627,3.44,6.436,6.412,2.077,2.99,3.036,6.433,7.192,3.7,3.639,5.961,5.372,6.358
3461.03,27,3.296,3.838,2.942,2.962,6.138,5.91,2.458,3.417,3.649,3.454,6.459,6.371,2.094,3.055,3.022,6.476,7.24,3.72,3.62,5.993,5.378,6.46
3462.03,27,3.233,3.754,3.032,2.967,6.166,5.93,2.452,3.38,3.602,3.481,6.454,6.341,2.117,3.085,3.014,6.418,7.195,3.713,3.679,5.996,5.392,6.449
3463.03,27,3.235,3.764,3.008,2.983,6.155,5.862,2.489,3.402,3.511,3.355,6.375,6.411,2.027,3.037,2.978,6.398,7.156,3.754,3.605,5.971,5.433,6.43
3464.03,27,3.29,3.754,2.958,3.001,6.138,5.83,2.472,3.497,3.611,3.402,6.439,6.332,2.088,3.069,2.965,6.373,7.19,3.662,3.606,6,5.368,6.461
3465.03,27,3.225,3.734,2.99,2.907,6.078,5.862,2.53,3.483,3.562,3.467,6.43,6.321,2.061,2.98,2.981,6.361,7.211,3.683,3.597,5.951,5.413,6.51
3466.03,27,3.212,3.756,2.997,2.978,6.097,5.902,2.487,3.463,3.594,3.432,6.446,6.33,2.022,3.065,3.034,6.357,7.175,3.706,3.63,6.007,5.419,6.466
3467.03,27,3.253,3.83,2.905,3.054,6.172,5.846,2.502,3.479,3.646,3.395,6.409,6.363,2.114,3.031,2.981,6.346,7.219,3.714,3.646,5.974,5.398,6.428
3468.03,27,3.277,3.748,3.033,3.033,6.096,5.905,2.503,3.369,3.586,3.417,6.375,6.353,2.081,3.005,2.992,6.391,7.184,3.721,3.605,5.985,5.325,6.468
3469.03,27,3.216,3.837,2.996,2.938,6.06,5.839,2.443,3.456,3.629,3.434,6.433,6.257,2.066,3.006,2.97,6.41,7.165,3.68,3.625,6.077,5.385,6.404
3470.03,27,3.234,3.752,2.949,3.005,6.131,5.869,2.515,3.447,3.61,3.41,6.475,6.37,2.05,3.046,2.923,6.353,7.094,3.74,3.582,6.014,5.386,6.411
3471.03,27,3.259,3.823,2.971,2.984,6.1,5.862,2.493,3.387,3.644,3.481,6.466,6.335,2.128,3.027,2.909,6.361,7.182,3.685,3.655,5.978,5.424,6.458
3472.03,27,3.217,3.782,2.923,2.98,6.136,5.808,2.544,3.409,3.604,3.443,6.454,6.38,2.077,3.027,2.891,6.448,7.196,3.723,3.611,6.019,5.406,6.469
3473.03,27,3.249,3.806,2.971,3,6.131,5.853,2.513,3.501,3.604,3.465,6.397,6.362,2.094,3.057,2.987,6.413,7.121,3.706,3.589,6.011,5.413,6.393
3474.03,27,3.28,3.803,3.041,2.988,6.112,5.79,2.448,3.462,3.616,3.431,6.439,6.377,2.051,3.085,3.01,6.388,7.136,3.667,3.6,6.028,5.328,6.451
3475.03,27,3.274,3.801,3.038,3.044,6.135,5.855,2.48,3.398,3.588,3.4,6.435,6.299,2.087,3.027,3.017,6.507,7.142,3.697,3.588,6.009,5.426,6.446
3476.03,27,3.212,3.86,2.976,2.948,6.124,5.854,2.437,3.468,3.593,3.431,6.412,6.331,2.084,3.082,3.013,6.426,7.178,3.694,3.67,5.962,5.43,6.437
3477.03,27,3.287,3.765,3.058,2.961,6.165,5.914,2.55,3.433,3.663,3.51,6.404,6.347,2.099,3.026,3.03,6.373,7.179,3.709,3.713,5.939,5.362,6.438
3478.03,27,3.3,3.726,2.942,2.946,6.067,5.882,2.459,3.439,3.525,3.376,6.422,6.359,2.108,2.979,3.028,6.417,7.177,3.744,3.599,6.003,5.361,6.46
3479.03,27,3.178,3.777,3.038,3.019,6.13,5.893,2.456,3.404,3.561,3.393,6.341,6.387,2.1,3.076,3.025,6.359,7.25,3.745,3.642,6.042,5.503,6.472
3480.03,27,3.221,3.738,3.034,2.995,6.164,5.841,2.456,3.412,3.602,3.458,6.419,6.343,2.03,3.039,3.083,6.351,7.13,3.732,3.594,6.003,5.404,6.414
3481.03,27,3.208,3.765,2.967,3.017,6.184,5.875,2.489,3.409,3.502,3.447,6.386,6.382,2.026,3.053,3.027,6.439,7.217,3.657,3.603,6.028,5.393,6.445
3482.03,27,3.293,3.809,2.977,2.962,6.196,5.926,2.483,3.48,3.525,3.43,6.354,6.354,2.093,3.09,2.989,6.418,7.157,3.727,3.637,5.994,5.394,6.393
3483.03,27,3.282,3.805,2.939,2.995,6.143,5.87,2.484,3.432,3.553,3.494,6.405,6.354,2.132,3.073,2.975,6.386,7.182,3.69,3.609,5.95,5.386,6.468
3484.03,27,3.27,3.753,2.924,3.052,6.157,5.844,2.462,3.412,3.626,3.45,6.391,6.303,2.095,3.019,2.955,6.402,7.14,3.658,3.656,5.946,5.387,6.441
3485.03,27,3.214,3.834,2.963,2.993,6.099,5.846,2.476,3.42,3.603,3.451,6.434,6.357,2.085,3.042,3.003,6.401,7.196,3.714,3.626,5.973,5.337,6.451
3486.03,27,3.292,3.782,2.973,2.932,6.094,5.825,2.493,3.409,3.442,3.457,6.438,6.296,2.04,3.01,3.009,6.435,7.089,3.706,3.701,6.015,5.352,6.463
3487.03,27,3.201,3.848,3.008,2.964,6.083,5.878,2.56,3.43,3.491,3.474,6.43,6.329,2.069,3.039,3.029,6.444,7.148,3.656,3.677,6.013,5.394,6.399
3488.03,27,3.245,3.851,3.025,3.015,6.137,5.844,2.506,3.378,3.489,3.418,6.42,6.365,2.087,3.041,3.065,6.329,7.231,3.689,3.659,6.047,5.415,6.476
3489.03,27,3.181,3.729,3.028,3.069,6.123,5.897,2.523,3.432,3.488,3.46,6.43,6.33,2.057,3.071,3.021,6.413,7.177,3.638,3.574,6.013,5.395,6.379
3490.03,27,3.242,3.765,3.034,3.003,6.16,5.935,2.539,3.383,3.515,3.431,6.356,6.373,2.105,3.029,2.969,6.441,7.186,3.661,3.583,6.041,5.384,6.456
3491.03,27,3.295,3.842,2.94,2.932,6.124,5.858,2.561,3.452,3.578,3.377,6.444,6.369,2.071,3.006,3.019,6.436,7.209,3.714,3.631,6.012,5.415,6.481
3492.03,27,3.249,3.804,2.996,3.047,6.146,5.873,2.472,3.392,3.547,3.491,6.41,6.34,2.086,3.051,2.979,6.365,7.172,3.776,3.658,5.952,5.37,6.427
3493.03,27,3.288,3.771,2.994,2.995,6.163,5.925,2.436,3.466,3.545,3.362,6.45,6.328,2.159,3.002,3.077,6.298,7.245,3.704,3.663,6.011,5.433,6.441
3494.03,27,3.226,3.796,2.995,2.993,6.144,5.841,2.496,3.343,3.521,3.41,6.472,6.31,2.071,3.041,2.995,6.362,7.19,3.757,3.634,5.91,5.444,6.443
3495.03,27,3.251,3.741,3.068,2.98,6.095,5.842,2.493,3.437,3.5,3.452,6.386,6.353,2.041,3.061,2.979,6.36,7.182,3.691,3.64,5.974,5.395,6.406
3496.03,27,3.255,3.74,2.984,2.991,6.087,5.894,2.494,3.487,3.452,3.452,6.499,6.338,2.063,3.03,3.018,6.417,7.158,3.705,3.644,5.941,5.348,6.473
3497.03,27,3.218,3.823,2.991,3.033,6.083,5.918,2.551,3.479,3.514,3.428,6.385,6.362,2.168,3.047,2.975,6.384,7.124,3.744,3.633,5.979,5.361,6.439
3498.03,27,3.244,3.782,2.949,2.976,6.13,5.81,2.534,3.381,3.546,3.463,6.472,6.288,2.069,3.056,3.033,6.419,7.074,3.742,3.601,6.033,5.384,6.453
3499.03,27,3.313,3.801,3.047,2.91,6.135,5.886,2.512,3.393,3.489,3.4,6.375,6.387,2.108,3.042,3.012,6.427,7.169,3.706,3.651,5.973,5.309,6.476
3500.03,27,3.22,3.799,2.986,2.987,6.169,5.859,2.494,3.446,3.464,3.421,6.397,6.361,2.125,3.117,2.974,6.372,7.119,3.619,3.658,5.984,5.406,6.41
3501.03,27,3.194,3.824,2.936,3.045,6.109,5.827,2.502,3.397,3.51,3.427,6.458,6.416,2.065,3.135,3.004,6.363,7.193,3.672,3.62,6.018,5.372,6.464
3502.03,27,3.261,3.855,2.967,3.023,6.107,5.882,2.499,3.461,3.523,3.401,6.359,6.325,2.055,3.015,2.976,6.39,7.182,3.677,3.653,6.017,5.38,6.466
3503.03,27,3.31,3.791,2.896,2.962,6.105,5.832,2.517,3.47,3.492,3.367,6.469,6.311,2.074,3.034,3.001,6.354,7.133,3.722,3.637,5.942,5.419,6.437
3504.03,27,3.25,3.785,2.96,2.99,6.148,5.821,2.47,3.481,3.529,3.398,6.442,6.336,2.081,3.022,3.05,6.427,7.096,3.697,3.674,6.029,5.458,6.415
3505.03,27,3.276,3.817,3.048,3.042,6.17,5.81,2.49,3.435,3.458,3.485,6.418,6.311,2.111,2.987,2.979,6.373,7.174,3.696,3.642,6.011,5.342,6.405
3506.03,27,3.291,3.807,3.04,3.008,6.092,5.912,2.53,3.479,3.519,3.459,6.394,6.348,2.055,3.055,3.051,6.374,7.198,3.704,3.617,5.961,5.381,6.367
3507.03,27,3.298,3.795,2.918,3.002,6.151,5.899,2.55,3.447,3.495,3.425,6.355,6.325,2.082,3.005,2.943,6.404,7.13,3.714,3.625,5.938,5.425,6.426
3508.03,27,3.205,3.817,2.952,2.95,6.157,5.849,2.518,3.503,3.495,3.403,6.431,6.302,2.041,3.076,3.058,6.394,7.146,3.687,3.633,5.956,5.404,6.42
3509.03,27,3.202,3.705,2.98,3.018,6.128,5.872,2.493,3.486,3.456,3.416,6.359,6.356,2.088,3.044,2.972,6.359,7.166,3.693,3.607,6,5.4,6.402
3510.03,27,3.238,3.795,2.963,3.014,6.141,5.853,2.549,3.396,3.41,3.421,6.392,6.363,2.022,3.069,2.983,6.378,7.148,3.734,3.635,6.027,5.396,6.436
3511.03,27,3.276,3.807,2.985,3.054,6.131,5.843,2.532,3.456,3.45,3.45,6.449,6.35,2.082,3.048,2.993,6.347,7.113,3.704,3.556,5.919,5.391,6.42
3512.03,27,3.298,3.771,3.013,2.934,6.138,5.885,2.565,3.475,3.43,3.437,6.394,6.316,2.081,3.056,3.067,6.375,7.144,3.708,3.626,5.989,5.413,6.436
3513.03,27,3.3,3.78,2.974,2.977,6.102,5.905,2.501,3.467,3.51,3.499,6.457,6.382,2.056,3.097,3.06,6.408,7.237,3.659,3.665,5.985,5.399,6.446
3514.03,27,3.251,3.819,2.957,2.997,6.171,5.882,2.524,3.378,3.468,3.399,6.414,6.315,2.071,3.045,3.01,6.367,7.152,3.71,3.671,5.989,5.411,6.433
3515.03,27,3.272,3.78,2.998,3.018,6.098,5.836,2.489,3.521,3.453,3.427,6.388,6.361,2.036,3.113,3.082,6.427,7.214,3.719,3.633,6.026,5.37,6.456
3516.03,27,3.231,3.72,2.92,2.977,6.17,5.848,2.561,3.429,3.452,3.445,6.433,6.402,2.014,3.051,2.983,6.345,7.159,3.713,3.608,6.045,5.327,6.465
3517.03,27,3.264,3.822,3.006,3.002,6.173,5.797,2.51,3.431,3.383,3.422,6.43,6.386,2.155,3.13,2.99,6.449,7.152,3.722,3.624,5.946,5.38,6.44
3518.03,27,3.239,3.76,2.995,3,6.189,5.818,2.505,3.435,3.423,3.411,6.463,6.37,2.081,3.073,3.027,6.418,7.162,3.793,3.639,6.032,5.421,6.43
3519.03,27,3.227,3.745,2.932,2.957,6.07,5.866,2.469,3.44,3.433,3.471,6.457,6.387,2.114,3.05,2.983,6.336,7.216,3.696,3.608,5.96,5.409,6.432
3520.03,27,3.263,3.832,2.892,2.977,6.105,5.828,2.494,3.477,3.413,3.421,6.411,6.388,2.036,3.033,3.012,6.377,7.155,3.74,3.624,6.005,5.358,6.412
3521.03,27,3.272,3.858,3.052,2.963,6.175,5.87,2.524,3.461,3.41,3.456,6.412,6.343,2.047,3.121,3.03,6.391,7.138,3.761,3.666,5.959,5.379,6.412
3522.03,27,3.28,3.838,3.003,3.037,6.179,5.865,2.582,3.463,3.41,3.424,6.443,6.33,2.073,3.069,3.025,6.369,7.216,3.732,3.648,5.999,5.407,6.425
3523.03,27,3.211,3.735,2.968,2.965,6.085,5.867,2.553,3.419,3.392,3.445,6.42,6.34,2.068,3.128,3.006,6.328,7.102,3.682,3.667,6.062,5.384,6.458
3524.03,27,3.253,3.785,2.947,3.032,6.171,5.836,2.558,3.422,3.448,3.435,6.405,6.312,2.128,3.056,3.013,6.44,7.183,3.715,3.587,6.004,5.377,6.453
3525.03,27,3.299,3.769,2.997,3.027,6.129,5.823,2.539,3.423,3.4,3.419,6.42,6.38,2.042,3.072,3.007,6.424,7.175,3.695,3.615,5.974,5.387,6.41
3526.03,27,3.237,3.726,3.027,3.029,6.105,5.817,2.474,3.419,3.42,3.457,6.465,6.341,2.118,3.018,3.069,6.38,7.154,3.729,3.564,5.951,5.437,6.401
3527.03,27,3.259,3.734,2.937,3.029,6.123,5.863,2.447,3.414,3.393,3.444,6.489,6.384,2.066,2.978,3.074,6.383,7.149,3.769,3.59,5.988,5.364,6.44
3528.03,27,3.227,3.832,2.913,2.924,6.147,5.844,2.437,3.431,3.417,3.387,6.444,6.291,2.072,3.094,2.973,6.378,7.162,3.745,3.643,6.003,5.368,6.376
3529.03,27,3.35,3.841,3.001,2.967,6.146,5.893,2.46,3.463,3.455,3.5,6.403,6.302,2.09,3.075,3.041,6.43,7.154,3.687,3.61,6.021,5.39,6.463
3530.03,27,3.205,3.767,3.056,2.931,6.097,5.847,2.518,3.443,3.398,3.427,6.48,6.291,2.07,3.013,3.112,6.361,7.158,3.715,3.665,6.02,5.34,6.421
3531.03,27,3.261,3.782,2.991,2.986,6.164,5.909,2.478,3.462,3.43,3.444,6.365,6.312,2.081,3.023,2.953,6.341,7.157,3.732,3.645,6.032,5.334,6.469
3532.03,27,3.258,3.809,2.903,2.926,6.116,5.88,2.514,3.423,3.376,3.414,6.443,6.344,2.115,3.122,2.942,6.404,7.184,3.767,3.61,6.018,5.439,6.437
3533.03,27,3.272,3.765,2.965,2.967,6.111,5.827,2.486,3.433,3.319,3.438,6.443,6.392,2.059,3.05,3.031,6.374,7.193,3.668,3.657,5.982,5.351,6.405
3534.03,27,3.261,3.809,2.999,3.073,6.097,5.866,2.487,3.404,3.402,3.422,6.4,6.367,2.08,3.058,3.055,6.456,7.146,3.726,3.617,5.969,5.4,6.418
3535.03,27,3.221,3.824,2.99,2.968,6.098,5.867,2.493,3.421,3.397,3.446,6.471,6.29,2.113,3.028,2.989,6.405,7.185,3.715,3.608,5.965,5.419,6.447
3536.03,27,3.268,3.805,2.988,2.966,6.07,5.799,2.501,3.446,3.36,3.458,6.497,6.364,2.012,3.046,3.044,6.41,7.167,3.709,3.61,5.992,5.424,6.471
3537.03,27,3.275,3.777,3.018,2.959,6.15,5.85,2.54,3.435,3.334,3.522,6.391,6.318,2.051,3.079,3.022,6.379,7.149,3.714,3.603,6.004,5.421,6.387
3538.03,27,3.248,3.772,2.982,3.047,6.128,5.827,2.526,3.368,3.333,3.422,6.42,6.301,2.023,3.059,3.005,6.334,7.18,3.73,3.597,6.025,5.392,6.392
3539.03,27,3.26,3.828,2.98,3.01,6.118,5.871,2.507,3.431,3.4,3.44,6.467,6.288,2.046,3.118,3.043,6.388,7.23,3.683,3.581,5.987,5.39,6.412
3540.03,27,3.244,3.8,2.944,2.947,6.103,5.844,2.496,3.362,3.362,3.46,6.398,6.364,2.035,3.057,3.056,6.355,7.122,3.639,3.588,5.999,5.348,6.449
3541.03,27,3.233,3.832,2.998,2.953,6.112,5.87,2.508,3.412,3.343,3.364,6.403,6.344,2.071,3.05,3.035,6.457,7.202,3.713,3.673,5.968,5.412,6.438
3542.03,27,3.221,3.787,2.988,2.986,6.17,5.875,2.514,3.455,3.353,3.397,6.439,6.291,2.039,3.047,3.01,6.356,7.168,3.662,3.603,5.987,5.409,6.389
3543.03,27,3.185,3.825,3.029,2.973,6.126,5.93,2.538,3.354,3.393,3.45,6.455,6.337,2.009,3.035,3.058,6.381,7.222,3.681,3.572,5.916,5.421,6.435
3544.03,27,3.212,3.814,2.999,2.946,6.088,5.887,2.496,3.463,3.341,3.394,6.433,6.378,2.056,3.117,3.019,6.401,7.233,3.733,3.641,6.007,5.385,6.455
3545.03,27,3.183,3.76,2.957,2.976,6.175,5.85,2.5,3.403,3.37,3.365,6.399,6.414,2.134,3.102,3.025,6.341,7.174,3.687,3.656,5.939,5.365,6.452
3546.03,27,3.198,3.799,2.964,2.996,6.108,5.826,2.467,3.481,3.37,3.41,6.433,6.385,2.082,3.081,2.998,6.424,7.193,3.719,3.665,5.954,5.38,6.433
3547.03,27,3.238,3.749,2.974,2.963,6.152,5.794,2.465,3.406,3.356,3.511,6.441,6.334,2.063,3.043,3.04,6.407,7.199,3.638,3.59,5.944,5.358,6.463
3548.03,27,3.228,3.758,2.999,3.029,6.134,5.864,2.452,3.357,3.274,3.481,6.405,6.401,2.046,3.068,3.012,6.339,7.286,3.702,3.623,5.956,5.369,6.37
3549.03,27,3.236,3.765,2.998,2.947,6.106,5.831,2.569,3.432,3.305,3.395,6.406,6.313,2.041,3.046,2.992,6.373,7.148,3.733,3.664,5.956,5.447,6.446
3550.03,27,3.303,3.782,2.966,2.966,6.173,5.876,2.519,3.452,3.309,3.505,6.437,6.337,2.092,3.103,3.005,6.41,7.101,3.732,3.654,5.969,5.367,6.477
3551.03,27,3.216,3.783,2.976,2.985,6.225,5.906,2.529,3.455,3.337,3.451,6.467,6.318,2.067,3.126,3.014,6.416,7.181,3.709,3.643,5.951,5.382,6.442
3552.03,27,3.269,3.781,2.966,3.039,6.062,5.85,2.496,3.425,3.296,3.379,6.423,6.388,2.127,3.034,3.004,6.374,7.168,3.767,3.663,6.02,5.371,6.408
3553.03,27,3.234,3.783,2.974,2.917,6.145,5.862,2.516,3.454,3.24,3.431,6.45,6.328,2.043,3.073,3.004,6.391,7.168,3.716,3.634,6.115,5.404,6.461
3554.03,27,3.222,3.756,2.871,2.936,6.108,5.937,2.468,3.465,3.367,3.403,6.415,6.352,2.092,3.009,2.979,6.401,7.13,3.692,3.653,5.999,5.404,6.394
3555.03,27,3.221,3.812,2.985,2.96,6.158,5.861,2.475,3.465,3.333,3.387,6.415,6.306,2.042,3.075,3.039,6.412,7.175,3.668,3.673,6.033,5.423,6.472
3556.03,27,3.219,3.773,2.907,2.969,6.116,5.855,2.561,3.434,3.284,3.361,6.388,6.365,2.091,3.012,3.049,6.379,7.171,3.715,3.617,5.944,5.328,6.354
3557.03,27,3.25,3.787,3.027,2.973,6.161,5.837,2.483,3.441,3.287,3.476,6.423,6.33,2.088,3.113,3.039,6.354,7.148,3.757,3.636,6.04,5.355,6.409
3558.03,27,3.234,3.777,2.974,2.958,6.161,5.847,2.511,3.408,3.345,3.497,6.385,6.353,2.06,3.05,3.035,6.384,7.239,3.69,3.569,5.959,5.323,6.47
3559.03,27,3.282,3.791,2.93,2.948,6.201,5.841,2.457,3.465,3.286,3.459,6.462,6.347,2.107,3.022,3.013,6.364,7.146,3.707,3.661,5.964,5.44,6.444
3560.03,27,3.257,3.769,3.015,2.97,6.13,5.885,2.478,3.44,3.322,3.427,6.462,6.361,2.114,3.146,3.039,6.4,7.111,3.732,3.694,5.981,5.411,6.373
3561.03,27,3.271,3.754,2.922,3.01,6.15,5.888,2.529,3.39,3.318,3.393,6.446,6.38,2.118,3.052,3.021,6.418,7.18,3.695,3.61,6.003,5.416,6.443
3562.03,27,3.287,3.804,3.021,3.052,6.141,5.883,2.44,3.423,3.312,3.42,6.389,6.377,2.02,3.046,3.038,6.41,7.157,3.699,3.675,5.977,5.388,6.437
3563.03,27,3.218,3.856,3.059,3.023,6.156,5.853,2.497,3.438,3.301,3.44,6.449,6.306,2.027,3.008,3.059,6.396,7.178,3.715,3.597,5.983,5.311,6.452
3564.03,27,3.252,3.767,3.009,2.962,6.103,5.81,2.531,3.389,3.255,3.441,6.421,6.328,2.103,3.118,3.054,6.392,7.172,3.745,3.662,6.003,5.376,6.404
3565.03,27,3.308,3.836,2.996,3.03,6.132,5.811,2.558,3.391,3.304,3.407,6.416,6.361,2.085,2.991,3.02,6.356,7.164,3.759,3.659,6.009,5.371,6.446
3566.03,27,3.21,3.765,2.977,3.065,6.074,5.798,2.559,3.437,3.236,3.454,6.399,6.362,2.01,3.107,3.017,6.403,7.188,3.647,3.625,6.041,5.367,6.418
3567.03,27,3.3,3.753,2.924,3.002,6.133,5.822,2.526,3.438,3.208,3.447,6.446,6.411,2.116,3.02,2.989,6.451,7.188,3.718,3.64,6.036,5.392,6.404
3568.03,27,3.313,3.846,2.947,3.014,6.115,5.882,2.506,3.381,3.255,3.452,6.48,6.387,2.095,3.133,3.041,6.405,7.191,3.698,3.606,6.006,5.371,6.467
3569.03,27,3.249,3.816,2.963,3.006,6.213,5.838,2.443,3.456,3.224,3.365,6.387,6.349,2.039,3.076,3.01,6.451,7.192,3.749,3.637,5.958,5.341,6.492
3570.03,27,3.257,3.786,2.9,2.973,6.16,5.841,2.52,3.42,3.257,3.411,6.363,6.372,2.012,3.046,3.011,6.392,7.154,3.706,3.646,5.9,5.419,6.428
3571.03,27,3.227,3.817,2.969,3.01,6.117,5.841,2.521,3.358,3.237,3.495,6.366,6.412,2.037,3.049,3.058,6.428,7.223,3.765,3.612,5.956,5.42,6.401
3572.03,27,3.241,3.723,3.008,3.01,6.177,5.837,2.478,3.432,3.268,3.398,6.447,6.309,2.124,3.005,3.031,6.316,7.139,3.697,3.599,5.973,5.362,6.428
3573.03,27,3.252,3.79,2.947,3.002,6.214,5.842,2.503,3.477,3.225,3.476,6.409,6.349,2.005,3.059,3.025,6.398,7.13,3.693,3.58,6.002,5.394,6.44
3574.03,27,3.232,3.799,2.984,2.932,6.157,5.918,2.477,3.332,3.267,3.461,6.443,6.338,2.066,3.061,3.033,6.372,7.139,3.687,3.616,6.05,5.372,6.435
3575.03,27,3.305,3.805,2.981,2.941,6.063,5.886,2.476,3.331,3.258,3.414,6.407,6.403,2.056,3.037,3.07,6.376,7.216,3.792,3.655,5.992,5.367,6.379
3576.03,27,3.275,3.78,2.985,2.976,6.155,5.792,2.472,3.445,3.219,3.469,6.414,6.343,2.061,3.083,3.051,6.421,7.205,3.611,3.622,5.97,5.376,6.465
3577.03,27,3.242,3.785,2.957,2.993,6.195,5.918,2.436,3.36,3.152,3.468,6.385,6.339,2.118,3.093,3.038,6.439,7.231,3.752,3.64,5.954,5.404,6.418
3578.03,27,3.194,3.757,2.995,3.026,6.139,5.88,2.56,3.431,3.204,3.392,6.372,6.362,2.146,3,3.062,6.422,7.24,3.696,3.58,6.056,5.42,6.464
3579.03,27,3.261,3.804,2.977,2.994,6.107,5.873,2.439,3.401,3.279,3.459,6.43,6.35,2.072,3.105,3.002,6.399,7.127,3.704,3.643,5.964,5.363,6.47
3580.03,27,3.267,3.786,2.974,2.931,6.04,5.924,2.452,3.392,3.239,3.451,6.407,6.349,2.093,3.036,3.072,6.353,7.196,3.719,3.644,5.991,5.415,6.376
3581.03,27,3.219,3.802,2.962,3.007,6.116,5.925,2.499,3.436,3.282,3.359,6.408,6.376,2.039,3.049,3.047,6.395,7.22,3.761,3.619,6.007,5.363,6.415
3582.03,27,3.236,3.766,2.986,2.952,6.145,5.868,2.494,3.444,3.193,3.382,6.482,6.353,2.102,3.104,3.019,6.38,7.147,3.694,3.642,6.006,5.436,6.439
3583.03,27,3.311,3.763,2.971,2.984,6.222,5.868,2.533,3.447,3.18,3.405,6.35,6.276,2.114,3.085,3.045,6.411,7.193,3.716,3.669,6.008,5.382,6.482
3584.03,27,3.31,3.814,3.003,2.983,6.083,5.853,2.464,3.441,3.225,3.458,6.45,6.352,2.076,3.012,3.037,6.416,7.122,3.785,3.591,6.001,5.333,6.412
3585.03,27,3.249,3.793,3,3.026,6.087,5.922,2.449,3.415,3.208,3.446,6.451,6.317,2.075,3.079,3.057,6.39,7.171,3.696,3.619,6.004,5.421,6.395
3586.03,27,3.274,3.836,3.027,2.975,6.11,5.875,2.482,3.413,3.168,3.419,6.468,6.4,2.088,3.049,3.016,6.381,7.131,3.683,3.687,5.99,5.449,6.409
3587.03,27,3.293,3.786,2.989,3.019,6.161,5.88,2.493,3.406,3.22,3.417,6.394,6.349,2.128,3.049,3.02,6.435,7.187,3.797,3.668,5.95,5.395,6.396
3588.03,27,3.268,3.785,2.926,2.911,6.102,5.871,2.443,3.46,3.181,3.367,6.384,6.381,2.038,3.063,3.026,6.312,7.163,3.66,3.643,5.997,5.317,6.345
3589.03,27,3.324,3.824,2.941,3.004,6.196,5.782,2.441,3.365,3.209,3.448,6.422,6.295,2.07,3.123,3.006,6.43,7.097,3.698,3.59,5.931,5.353,6.481
3590.03,27,3.315,3.79,3.003,2.985,6.105,5.874,2.498,3.427,3.19,3.425,6.456,6.3,2.028,3.05,2.925,6.382,7.097,3.734,3.632,5.936,5.42,6.436
3591.03,27,3.303,3.792,2.916,3.012,6.089,5.818,2.461,3.422,3.164,3.409,6.467,6.3,1.994,3.113,3.074,6.413,7.204,3.734,3.67,5.953,5.377,6.438
3592.03,27,3.26,3.859,3.008,2.973,6.13,5.835,2.462,3.462,3.219,3.415,6.428,6.332,2.043,3.061,3.003,6.408,7.222,3.75,3.659,5.997,5.412,6.398
3593.03,27,3.216,3.812,3.004,2.945,6.092,5.907,2.51,3.473,3.137,3.404,6.367,6.315,2.049,3.106,3.005,6.383,7.17,3.696,3.691,6.032,5.383,6.429
3594.03,27,3.3,3.807,2.938,3.001,6.18,5.855,2.456,3.474,3.236,3.47,6.44,6.334,2.036,3.098,2.994,6.39,7.139,3.752,3.697,6.025,5.455,6.399
3595.03,27,3.274,3.829,2.986,2.972,6.184,5.808,2.508,3.407,3.169,3.451,6.442,6.283,2.023,3.086,3.025,6.382,7.185,3.743,3.667,6.063,5.335,6.351
3596.03,27,3.252,3.765,2.978,3.006,6.102,5.883,2.526,3.404,3.14,3.425,6.404,6.388,2.044,3.065,2.978,6.334,7.201,3.784,3.66,6.053,5.384,6.467
3597.03,27,3.24,3.806,2.958,2.98,6.159,5.907,2.492,3.485,3.191,3.44,6.434,6.283,2.055,3.084,3.11,6.47,7.153,3.719,3.64,5.956,5.41,6.426
3598.03,27,3.32,3.779,2.999,3.008,6.12,5.849,2.464,3.491,3.211,3.419,6.418,6.318,2.06,3.077,2.989,6.436,7.187,3.778,3.655,5.997,5.352,6.435
3599.03,27,3.216,3.794,2.983,2.991,6.147,5.875,2.469,3.486,3.165,3.439,6.353,6.359,2.042,3.088,3.055,6.404,7.152,3.708,3.658,6.012,5.382,6.419
3600.03,27,3.304,3.784,2.999,3.002,6.136,5.885,2.565,3.409,3.187,3.374,6.396,6.393,2.075,3.025,3.043,6.405,7.141,3.731,3.605,6.019,5.349,6.461
3601.03,27,3.294,3.833,2.994,2.991,6.159,5.843,2.482,3.403,3.181,3.357,6.426,6.364,2.08,3.042,3.1,6.395,7.18,3.677,3.696,6.009,5.392,6.463
3602.03,27,3.261,3.81,2.97,2.98,6.101,5.884,2.57,3.386,3.231,3.383,6.38,6.367,2.065,3.047,3.029,6.357,7.178,3.745,3.626,5.987,5.412,6.381
3603.03,27,3.335,3.795,2.965,2.94,6.13,5.856,2.508,3.399,3.21,3.39,6.399,6.358,2.055,3.062,3.013,6.357,7.163,3.764,3.682,6.027,5.453,6.396
3604.03,27,3.322,3.82,2.991,2.962,6.164,5.834,2.438,3.482,3.203,3.388,6.388,6.33,2.008,3.1,3.028,6.394,7.178,3.667,3.609,5.998,5.416,6.484
3605.03,27,3.236,3.781,2.962,3.009,6.161,5.842,2.48,3.42,3.128,3.437,6.443,6.393,2.042,3.09,3.016,6.366,7.203,3.733,3.663,5.98,5.394,6.443
3606.03,27,3.263,3.807,3.007,2.947,6.156,5.842,2.462,3.432,3.264,3.413,6.413,6.361,2.066,3.132,3.019,6.448,7.27,3.648,3.653,5.969,5.336,6.376
3607.03,27,3.251,3.767,3.004,2.953,6.129,5.832,2.55,3.418,3.267,3.432,6.416,6.324,2.013,3.03,2.947,6.387,7.094,3.742,3.588,5.949,5.384,6.433
3608.03,27,3.279,3.834,2.993,2.958,6.172,5.801,2.52,3.423,3.222,3.449,6.411,6.382,2.051,3.087,3.036,6.407,7.271,3.727,3.698,6.021,5.393,6.448
3609.03,27,3.283,3.841,2.906,2.929,6.12,5.824,2.514,3.374,3.211,3.501,6.437,6.303,2.052,3.003,3.007,6.395,7.139,3.629,3.658,5.97,5.414,6.41
3610.03,27,3.268,3.825,2.981,2.985,6.161,5.877,2.5,3.394,3.21,3.468,6.435,6.326,2.081,3.126,3.09,6.397,7.172,3.68,3.586,6.019,5.416,6.395
3611.03,27,3.253,3.837,2.972,2.953,6.154,5.885,2.529,3.445,3.215,3.385,6.439,6.354,2.071,3.093,3.126,6.354,7.153,3.72,3.62,6.042,5.394,6.459
3612.03,27,3.156,3.835,3.034,2.962,6.139,5.883,2.482,3.39,3.248,3.493,6.417,6.35,2.066,3.097,3.07,6.422,7.197,3.729,3.639,5.998,5.392,6.454
3613.03,27,3.262,3.814,3.024,2.982,6.117,5.855,2.505,3.453,3.134,3.432,6.398,6.328,2.085,3.035,3.061,6.464,7.144,3.726,3.684,6,5.413,6.443
3614.03,27,3.306,3.8,2.985,3.01,6.087,5.824,2.49,3.365,3.229,3.457,6.35,6.386,2.039,3.113,3.106,6.382,7.227,3.671,3.66,5.969,5.331,6.426
3615.03,27,3.259,3.806,2.989,3.019,6.156,5.935,2.512,3.423,3.211,3.396,6.442,6.306,2.097,3.047,3.086,6.369,7.164,3.677,3.66,6.005,5.38,6.473
3616.03,27,3.265,3.763,2.971,2.937,6.161,5.871,2.511,3.412,3.197,3.449,6.435,6.38,2.046,3.037,3.034,6.389,7.136,3.676,3.727,6.053,5.341,6.432
3617.03,27,3.238,3.836,2.922,2.958,6.115,5.858,2.545,3.436,3.24,3.404,6.406,6.376,2.025,3.052,3.053,6.413,7.143,3.699,3.683,5.984,5.413,6.404
3618.03,27,3.27,3.822,3.048,2.961,6.114,5.856,2.486,3.431,3.18,3.432,6.386,6.329,2.057,3.078,3.088,6.454,7.144,3.742,3.619,6.029,5.345,6.389
3619.03,27,3.256,3.768,2.922,2.986,6.119,5.85,2.473,3.462,3.238,3.4,6.391,6.336,2.066,3.055,3.043,6.427,7.175,3.727,3.65,5.938,5.441,6.415
3620.03,27,3.322,3.812,2.893,3.004,6.14,5.865,2.478,3.482,3.191,3.454,6.393,6.344,2.086,3.042,3.058,6.338,7.12,3.761,3.621,6.015,5.397,6.431
3621.03,27,3.312,3.777,2.936,3.05,6.144,5.894,2.449,3.429,3.222,3.42,6.42,6.302,2.075,3.05,3.039,6.352,7.133,3.749,3.643,5.99,5.443,6.39
3622.03,27,3.259,3.766,2.999,2.972,6.151,5.822,2.509,3.398,3.202,3.482,6.348,6.267,2.038,3.094,3.073,6.441,7.168,3.661,3.63,5.979,5.416,6.426
3623.03,27,3.293,3.76,3.037,2.949,6.09,5.778,2.518,3.477,3.284,3.412,6.437,6.426,2.079,3.125,3.08,6.355,7.185,3.723,3.704,5.912,5.434,6.415
3624.03,27,3.212,3.83,2.974,2.964,6.162,5.883,2.54,3.465,3.229,3.419,6.415,6.438,2.039,3.129,3.086,6.426,7.166,3.735,3.646,5.945,5.376,6.474
3625.03,27,3.225,3.823,2.96,3.026,6.148,5.77,2.456,3.435,3.201,3.396,6.42,6.293,2.098,3.064,3.036,6.384,7.253,3.742,3.633,5.93,5.463,6.369
3626.03,27,3.142,3.81,3.034,3.063,6.124,5.808,2.453,3.426,3.163,3.488,6.437,6.377,2.029,3.018,3.082,6.432,7.113,3.642,3.663,5.98,5.403,6.441
3627.03,27,3.311,3.743,2.939,2.976,6.128,5.838,2.548,3.408,3.203,3.417,6.453,6.34,2.143,3.045,3.042,6.406,7.153,3.692,3.683,5.979,5.334,6.446
3628.03,27,3.267,3.769,2.958,3.049,6.145,5.895,2.496,3.481,3.233,3.427,6.436,6.309,2.068,3.02,3.03,6.351,7.206,3.682,3.683,6.05,5.311,6.409
3629.03,27,3.249,3.81,2.971,2.991,6.116,5.875,2.471,3.477,3.187,3.45,6.426,6.332,2.054,3.134,3.032,6.438,7.16,3.753,3.641,5.987,5.338,6.405
3630.03,27,3.287,3.756,2.998,2.989,6.178,5.896,2.504,3.451,3.238,3.38,6.451,6.453,2.118,3.097,3.071,6.399,7.109,3.684,3.607,5.994,5.454,6.408
3631.03,27,3.312,3.83,2.95,2.961,6.137,5.836,2.547,3.425,3.219,3.441,6.41,6.354,2.105,3.018,3.075,6.447,7.199,3.701,3.635,5.959,5.341,6.404
3632.03,27,3.224,3.789,2.999,3.028,6.093,5.832,2.493,3.409,3.221,3.47,6.404,6.332,2.066,3.092,3.027,6.406,7.162,3.779,3.662,6.039,5.384,6.452
3633.03,27,3.295,3.77,2.966,2.991,6.12,5.823,2.502,3.461,3.261,3.365,6.413,6.341,2.102,3.066,3.095,6.407,7.153,3.718,3.728,6.015,5.42,6.41
3634.03,27,3.292,3.864,2.987,2.993,6.113,5.834,2.529,3.402,3.229,3.43,6.431,6.386,2.104,3.016,3.081,6.417,7.249,3.715,3.617,6.031,5.352,6.433
3635.03,27,3.241,3.825,2.95,2.954,6.098,5.8,2.508,3.421,3.168,3.394,6.417,6.298,2.024,3.082,3.044,6.442,7.152,3.773,3.614,5.992,5.431,6.485
3636.03,27,3.267,3.775,2.997,2.983,6.094,5.857,2.497,3.413,3.221,3.4,6.427,6.356,2.046,3.107,3.069,6.351,7.164,3.725,3.645,5.989,5.399,6.435
3637.03,27,3.235,3.749,2.947,2.966,6.129,5.841,2.495,3.449,3.2,3.426,6.39,6.374,2.053,3.042,3.067,6.374,7.112,3.708,3.652,6.015,5.299,6.452
3638.03,27,3.261,3.797,2.982,2.998,6.148,5.931,2.506,3.363,3.251,3.487,6.427,6.326,2.052,3.111,2.962,6.416,7.202,3.68,3.642,5.988,5.39,6.457
3639.03,27,3.303,3.768,2.939,2.892,6.13,5.862,2.525,3.407,3.279,3.447,6.496,6.341,2.043,3.121,3.023,6.344,7.223,3.712,3.679,5.986,5.401,6.451
3640.03,27,3.255,3.8,3.005,2.989,6.166,5.956,2.533,3.465,3.234,3.41,6.512,6.287,2.065,3.093,3.084,6.362,7.151,3.702,3.65,5.964,5.41,6.457
3641.03,27,3.252,3.771,2.95,3.018,6.082,5.905,2.433,3.41,3.262,3.428,6.454,6.355,2.058,3.094,3.037,6.36,7.145,3.718,3.6,5.938,5.386,6.424
3642.03,27,3.283,3.857,2.979,3,6.116,5.864,2.494,3.422,3.205,3.4,6.38,6.34,2.036,3.056,3.08,6.414,7.132,3.736,3.676,5.965,5.402,6.416
3643.03,27,3.287,3.798,2.979,3.087,6.131,5.911,2.495,3.386,3.282,3.411,6.45,6.384,2.081,3.079,3.039,6.344,7.22,3.754,3.628,6.012,5.43,6.372
3644.03,27,3.214,3.75,2.966,3.024,6.204,5.829,2.497,3.43,3.24,3.421,6.38,6.346,2.042,3.107,3.037,6.442,7.136,3.695,3.626,5.994,5.374,6.475
3645.03,27,3.26,3.821,3.039,3.004,6.181,5.873,2.511,3.481,3.198,3.399,6.346,6.346,2.069,3.154,3.006,6.421,7.179,3.688,3.675,5.945,5.428,6.457
3646.03,27,3.239,3.8,2.924,3.003,6.168,5.814,2.47,3.44,3.284,3.422,6.424,6.382,2.139,3.025,3.054,6.402,7.161,3.708,3.669,5.992,5.443,6.435
3647.03,27,3.255,3.785,2.971,2.948,6.089,5.924,2.495,3.414,3.237,3.461,6.457,6.334,2.086,3.072,3.07,6.47,7.164,3.789,3.639,5.961,5.401,6.432
3648.03,27,3.235,3.77,3.005,3.013,6.14,5.852,2.518,3.413,3.268,3.444,6.462,6.37,2.034,3.141,3.071,6.317,7.213,3.698,3.65,5.954,5.384,6.447
3649.03,27,3.275,3.782,2.978,3.036,6.083,5.869,2.448,3.395,3.209,3.404,6.481,6.3,2.105,3.054,3.13,6.454,7.172,3.666,3.694,6.006,5.421,6.489
3650.03,27,3.282,3.843,2.963,2.979,6.151,5.818,2.471,3.426,3.316,3.432,6.394,6.368,2.021,3.1,3.093,6.386,7.157,3.701,3.659,5.94,5.398,6.473
3651.03,27,3.23,3.833,2.987,2.974,6.15,5.848,2.499,3.388,3.156,3.452,6.361,6.34,2.095,3.08,3.045,6.362,7.166,3.767,3.66,5.967,5.361,6.487
3652.03,27,3.244,3.771,2.958,2.979,6.177,5.877,2.469,3.416,3.259,3.434,6.388,6.402,2.046,3.152,3.013,6.321,7.121,3.675,3.61,5.994,5.331,6.47
3653.03,27,3.264,3.78,3.024,2.948,6.093,5.934,2.471,3.439,3.262,3.388,6.4,6.385,2.107,3.066,3.041,6.385,7.177,3.731,3.696,6,5.445,6.514
3654.03,27,3.286,3.808,2.89,2.951,6.164,5.91,2.495,3.458,3.255,3.345,6.458,6.358,2.056,3.058,3.065,6.385,7.12,3.712,3.675,5.95,5.333,6.412
3655.03,27,3.285,3.793,2.953,2.957,6.182,5.867,2.417,3.43,3.28,3.407,6.446,6.389,2.065,3.048,3.044,6.402,7.207,3.643,3.609,6.006,5.362,6.389
3656.03,27,3.23,3.832,2.967,2.99,6.134,5.866,2.519,3.489,3.261,3.449,6.435,6.414,2.124,3.04,3.154,6.377,7.131,3.734,3.67,5.983,5.403,6.454
3657.03,27,3.224,3.766,2.987,2.956,6.114,5.855,2.484,3.456,3.301,3.425,6.413,6.349,2.052,3.072,3.066,6.389,7.179,3.788,3.678,6.035,5.393,6.407
3658.03,27,3.229,3.819,2.985,2.965,6.143,5.899,2.52,3.428,3.312,3.418,6.435,6.4,2.148,3.074,3.092,6.365,7.159,3.663,3.604,6.02,5.4,6.363
3659.03,27,3.274,3.81,3.032,3.051,6.115,5.861,2.507,3.389,3.197,3.429,6.407,6.339,2.071,3.095,3.021,6.423,7.13,3.776,3.724,5.965,5.37,6.453
3660.03,27,3.233,3.846,2.96,2.983,6.193,5.868,2.513,3.414,3.301,3.394,6.423,6.334,2.08,3.054,2.952,6.465,7.22,3.738,3.611,6.038,5.408,6.438
3661.03,27,3.253,3.822,2.962,3.013,6.085,5.864,2.47,3.448,3.252,3.433,6.405,6.365,2.02,3.104,3.075,6.403,7.147,3.739,3.602,5.998,5.34,6.439
3662.03,27,3.261,3.77,2.94,2.985,6.097,5.829,2.532,3.369,3.269,3.503,6.383,6.36,2.087,3.054,3.049,6.446,7.2,3.648,3.646,5.981,5.43,6.358
3663.03,27,3.24,3.828,2.957,3.053,6.117,5.894,2.48,3.495,3.289,3.428,6.452,6.293,2.115,3.057,3.037,6.444,7.158,3.603,3.668,5.939,5.424,6.45
3664.03,27,3.255,3.846,2.938,2.975,6.064,5.841,2.458,3.431,3.24,3.438,6.44,6.373,2.092,3.109,3.088,6.385,7.138,3.69,3.626,5.977,5.326,6.446
3665.03,27,3.257,3.864,3.006,2.961,6.091,5.89,2.516,3.49,3.225,3.425,6.402,6.412,2.036,3.089,3.069,6.371,7.105,3.71,3.681,5.94,5.312,6.438
3666.03,27,3.302,3.795,3.007,2.994,6.113,5.849,2.508,3.368,3.289,3.463,6.346,6.353,2.057,3.147,3.043,6.433,7.217,3.683,3.667,6.039,5.426,6.415
3667.03,27,3.239,3.747,2.996,2.932,6.15,5.856,2.506,3.379,3.274,3.359,6.458,6.309,2.056,3.091,3.085,6.393,7.154,3.715,3.716,6.013,5.42,6.409
3668.03,27,3.266,3.806,2.971,2.938,6.227,5.859,2.493,3.434,3.3,3.39,6.466,6.316,2.08,3.037,3.05,6.395,7.129,3.734,3.687,5.998,5.427,6.433
3669.03,27,3.275,3.803,2.912,3.018,6.104,5.882,2.463,3.421,3.239,3.445,6.394,6.287,2.116,3.137,3.112,6.45,7.138,3.734,3.635,6.009,5.408,6.416
3670.03,27,3.312,3.814,2.946,2.957,6.156,5.906,2.524,3.43,3.239,3.488,6.467,6.373,2.088,3.104,3.024,6.419,7.209,3.713,3.652,5.941,5.342,6.436
3671.03,27,3.278,3.763,3.009,3,6.15,5.748,2.52,3.454,3.198,3.436,6.368,6.36,2.065,3.05,3.036,6.38,7.124,3.698,3.638,5.928,5.398,6.453
3672.03,27,3.228,3.749,2.98,3.015,6.157,5.817,2.481,3.475,3.139,3.411,6.47,6.372,2.038,3.067,3.047,6.404,7.195,3.772,3.685,5.98,5.303,6.404
3673.03,27,3.238,3.816,3.053,3.019,6.072,5.844,2.546,3.406,3.202,3.383,6.468,6.443,1.966,3.06,3.059,6.405,7.153,3.667,3.668,6.009,5.344,6.427
3674.03,27,3.251,3.847,2.981,3.01,6.179,5.91,2.508,3.451,3.24,3.46,6.405,6.335,2.026,3.066,3.083,6.389,7.182,3.695,3.617,5.984,5.382,6.373
3675.03,27,3.237,3.802,3.013,3.009,6.087,5.847,2.539,3.449,3.252,3.432,6.47,6.305,2.05,3.129,3.116,6.37,7.1,3.687,3.603,5.964,5.335,6.463
3676.03,27,3.362,3.725,2.95,2.975,6.052,5.856,2.502,3.394,3.222,3.461,6.417,6.313,2.114,3.069,3.05,6.398,7.126,3.753,3.701,5.97,5.393,6.466
3677.03,27,3.252,3.782,3.012,2.964,6.178,5.893,2.488,3.422,3.225,3.338,6.441,6.342,2.076,3.04,3.155,6.359,7.163,3.713,3.695,5.982,5.402,6.426
3678.03,27,3.248,3.786,3.015,2.987,6.174,5.839,2.517,3.453,3.254,3.4,6.397,6.327,2.028,3.055,3.126,6.401,7.154,3.7,3.655,5.937,5.432,6.467
3679.03,27,3.309,3.84,2.972,3.001,6.222,5.87,2.473,3.389,3.246,3.402,6.468,6.347,2.093,3.044,3.113,6.397,7.17,3.693,3.764,6.031,5.355,6.433
3680.03,27,3.269,3.752,2.999,3.002,6.215,5.903,2.414,3.451,3.257,3.397,6.424,6.358,2.076,3.082,3.129,6.36,7.241,3.741,3.626,5.983,5.39,6.454
3681.03,27,3.267,3.812,3.008,3.026,6.122,5.828,2.499,3.505,3.242,3.428,6.378,6.415,2.062,3.018,3.094,6.403,7.155,3.696,3.56,6.011,5.341,6.492
3682.03,27,3.251,3.802,2.937,2.979,6.124,5.894,2.475,3.393,3.248,3.418,6.372,6.353,2.079,3.084,3.044,6.412,7.173,3.675,3.686,6.034,5.328,6.455
3683.03,27,3.259,3.825,2.955,2.997,6.19,5.858,2.466,3.43,3.252,3.408,6.406,6.36,2.06,3.078,3.05,6.304,7.14,3.797,3.617,6.015,5.332,6.422
3684.03,27,3.231,3.775,2.988,2.955,6.142,5.847,2.475,3.36,3.273,3.35,6.433,6.368,2.056,3.102,3.132,6.4,7.15,3.676,3.591,6.008,5.406,6.427
3685.03,27,3.236,3.85,2.93,2.977,6.066,5.878,2.605,3.446,3.23,3.422,6.41,6.377,2.074,3.118,3.034,6.37,7.157,3.684,3.597,5.942,5.347,6.454
3686.03,27,3.269,3.81,2.935,2.923,6.167,5.875,2.534,3.442,3.19,3.441,6.43,6.334,2.09,3.12,3.061,6.384,7.231,3.693,3.691,5.929,5.343,6.444
3687.03,27,3.221,3.795,2.988,2.998,6.199,5.882,2.485,3.383,3.319,3.446,6.36,6.388,2.029,3.093,3.073,6.336,7.155,3.712,3.696,5.988,5.384,6.434
3688.03,27,3.208,3.85,2.986,2.971,6.116,5.888,2.472,3.409,3.215,3.436,6.393,6.348,2.048,3.023,3.052,6.365,7.139,3.691,3.679,5.975,5.368,6.467
3689.03,27,3.222,3.772,3.011,3.017,6.147,5.858,2.522,3.403,3.316,3.443,6.433,6.407,2.1,3.132,3.046,6.428,7.131,3.764,3.669,6.015,5.41,6.385
3690.03,27,3.203,3.85,2.988,3.001,6.111,5.856,2.467,3.415,3.248,3.444,6.429,6.347,2.086,3.05,3.031,6.383,7.194,3.738,3.613,5.982,5.411,6.413
3691.03,27,3.216,3.825,3.004,3.007,6.207,5.887,2.453,3.474,3.224,3.419,6.382,6.364,2.101,3.139,3.072,6.372,7.154,3.752,3.635,6.011,5.388,6.444
3692.03,27,3.271,3.806,2.984,3.011,6.138,5.854,2.472,3.378,3.267,3.487,6.374,6.329,2.086,3.119,3.08,6.375,7.154,3.711,3.617,5.99,5.393,6.402
3693.03,27,3.212,3.759,2.975,3.008,6.166,5.859,2.544,3.411,3.285,3.42,6.445,6.37,2.09,3.121,3.083,6.381,7.215,3.741,3.703,5.982,5.397,6.395
3694.03,27,3.243,3.763,2.978,2.94,6.193,5.838,2.495,3.436,3.25,3.422,6.417,6.326,2.059,3.124,3.117,6.345,7.107,3.734,3.588,6.011,5.374,6.349
3695.03,27,3.298,3.769,2.951,3.011,6.179,5.856,2.531,3.508,3.268,3.461,6.366,6.375,2.069,3.009,3.084,6.431,7.158,3.743,3.627,6.005,5.324,6.416
3696.03,27,3.313,3.702,3.026,3.006,6.114,5.823,2.488,3.414,3.287,3.422,6.388,6.377,2.072,3.061,3.106,6.398,7.224,3.675,3.675,5.968,5.402,6.445
3697.03,27,3.313,3.793,2.936,2.995,6.124,5.856,2.495,3.43,3.266,3.424,6.437,6.298,2.101,3.043,3.101,6.399,7.189,3.72,3.608,5.967,5.402,6.418
3698.03,27,3.244,3.82,3.032,3.023,6.117,5.87,2.575,3.402,3.221,3.412,6.4,6.368,2.061,3.115,3.129,6.433,7.108,3.764,3.666,5.949,5.37,6.427
3699.03,27,3.269,3.766,2.965,2.96,6.162,5.83,2.502,3.41,3.216,3.449,6.418,6.326,2.094,3.092,3.054,6.334,7.186,3.688,3.679,6.023,5.364,6.412
3700.03,27,3.297,3.817,2.936,2.969,6.186,5.893,2.469,3.373,3.163,3.427,6.362,6.317,2.077,3.084,2.965,6.403,7.11,3.743,3.68,5.947,5.389,6.384
3701.03,27,3.267,3.782,2.921,2.948,6.145,5.834,2.473,3.442,3.238,3.385,6.4,6.387,2.099,3.085,3.093,6.37,7.165,3.708,3.703,5.958,5.414,6.474
3702.03,27,3.286,3.839,2.996,2.997,6.148,5.814,2.488,3.416,3.281,3.398,6.428,6.283,2.085,3.06,3.077,6.413,7.129,3.737,3.646,6.065,5.378,6.441
3703.03,27,3.221,3.823,2.948,2.938,6.116,5.835,2.43,3.435,3.21,3.422,6.435,6.353,2.07,3.113,3.123,6.382,7.194,3.645,3.66,5.968,5.419,6.473
3704.03,27,3.235,3.826,2.985,2.97,6.088,5.839,2.499,3.421,3.19,3.414,6.43,6.338,2.02,3.057,3.092,6.325,7.311,3.694,3.646,5.989,5.427,6.469
3705.03,27,3.329,3.821,3.017,2.981,6.161,5.82,2.531,3.409,3.314,3.425,6.492,6.298,2.097,3.049,3.034,6.359,7.216,3.758,3.597,5.921,5.356,6.436
3706.03,27,3.184,3.782,2.942,2.998,6.092,5.829,2.508,3.44,3.197,3.457,6.431,6.339,2.071,3.098,3.102,6.396,7.187,3.72,3.695,5.97,5.378,6.469
3707.03,27,3.292,3.81,2.913,2.984,6.1,5.883,2.534,3.379,3.35,3.485,6.45,6.419,2.159,3.147,3.109,6.432,7.153,3.692,3.658,5.989,5.37,6.365
3708.03,27,3.264,3.786,2.97,2.975,6.104,5.897,2.499,3.434,3.289,3.43,6.424,6.322,2.09,3.114,3.11,6.403,7.131,3.676,3.633,6.044,5.365,6.414
3709.03,27,3.313,3.805,3.021,3.077,6.104,5.769,2.513,3.447,3.231,3.432,6.446,6.31,2.1,3.099,3.076,6.389,7.218,3.768,3.697,5.915,5.4,6.42
3710.03,27,3.277,3.812,2.983,2.941,6.168,5.889,2.504,3.462,3.228,3.411,6.381,6.291,2.114,3.021,3.092,6.377,7.209,3.752,3.647,5.966,5.406,6.466
3711.03,27,3.222,3.804,3.007,2.942,6.136,5.845,2.51,3.407,3.249,3.437,6.419,6.365,2.146,3.139,3.051,6.402,7.112,3.791,3.722,5.936,5.414,6.418
3712.03,27,3.243,3.804,3.006,2.96,6.135,5.798,2.556,3.463,3.264,3.396,6.438,6.396,2.02,3.095,3.048,6.366,7.19,3.711,3.712,5.985,5.397,6.422
3713.03,27,3.299,3.781,2.964,2.975,6.138,5.828,2.528,3.441,3.297,3.462,6.459,6.361,2.101,3.096,3.033,6.443,7.204,3.746,3.616,6.005,5.367,6.442
3714.03,27,3.269,3.713,3.017,2.957,6.107,5.898,2.494,3.382,3.263,3.423,6.381,6.348,2.083,3.074,3.056,6.438,7.194,3.663,3.624,5.983,5.437,6.463
3715.03,27,3.246,3.821,2.948,2.996,6.127,5.871,2.497,3.395,3.304,3.451,6.39,6.275,2.091,3.088,3.033,6.376,7.129,3.656,3.637,6.034,5.4,6.466
3716.03,27,3.277,3.865,2.943,3.012,6.137,5.86,2.496,3.439,3.25,3.457,6.416,6.34,2.098,3.149,3.061,6.411,7.223,3.762,3.647,5.957,5.405,6.425
3717.03,27,3.256,3.818,3.024,3.006,6.192,5.829,2.537,3.404,3.306,3.402,6.396,6.399,2.095,3.044,3.055,6.363,7.198,3.709,3.687,6,5.365,6.458
3718.03,27,3.269,3.777,2.937,3.02,6.168,5.929,2.515,3.462,3.23,3.404,6.409,6.347,2.008,3.06,3.095,6.456,7.145,3.739,3.602,5.976,5.438,6.449
3719.03,27,3.25,3.86,3.025,3.049,6.091,5.852,2.539,3.396,3.224,3.45,6.387,6.298,2.045,3.101,3.142,6.366,7.141,3.73,3.682,5.925,5.364,6.426
3720.03,27,3.272,3.831,2.931,3.012,6.122,5.796,2.494,3.424,3.229,3.445,6.353,6.316,2.054,3.118,3.063,6.346,7.157,3.771,3.605,5.983,5.372,6.42
3721.03,27,3.192,3.788,3.009,3.004,6.152,5.843,2.544,3.407,3.255,3.415,6.416,6.333,2.108,3.093,2.996,6.366,7.175,3.76,3.637,5.955,5.383,6.456
3722.03,27,3.298,3.809,2.968,3.001,6.161,5.804,2.455,3.438,3.265,3.502,6.417,6.31,2.048,3.058,3.058,6.381,7.212,3.772,3.758,5.919,5.384,6.415
3723.03,27,3.292,3.809,2.942,3.024,6.174,5.819,2.569,3.47,3.223,3.432,6.466,6.36,2.093,3.095,3.124,6.488,7.176,3.767,3.593,5.984,5.404,6.482
3724.03,27,3.249,3.73,2.989,2.998,6.101,5.862,2.48,3.426,3.245,3.446,6.412,6.453,2.079,3.113,3.037,6.41,7.165,3.606,3.652,5.968,5.385,6.46
3725.03,27,3.312,3.77,2.966,3.01,6.192,5.83,2.541,3.405,3.224,3.419,6.397,6.333,2.078,3.087,3.019,6.401,7.153,3.72,3.677,5.96,5.392,6.424
3726.03,27,3.205,3.797,3.053,2.953,6.132,5.877,2.46,3.42,3.291,3.446,6.438,6.366,2.125,3.136,3.076,6.397,7.22,3.709,3.613,5.965,5.376,6.424
3727.03,27,3.248,3.757,2.977,3,6.109,5.852,2.427,3.382,3.225,3.453,6.399,6.299,2.15,3.096,3.17,6.385,7.132,3.748,3.643,5.909,5.406,6.43
3728.03,27,3.241,3.839,2.964,3.024,6.109,5.846,2.513,3.436,3.309,3.427,6.352,6.365,2.106,3.064,3.057,6.407,7.184,3.729,3.646,5.998,5.373,6.474
3729.03,27,3.201,3.859,3.015,3.041,6.11,5.853,2.515,3.463,3.29,3.379,6.412,6.291,2.096,3.094,3.069,6.361,7.178,3.714,3.62,6.023,5.346,6.455
3730.03,27,3.245,3.741,2.939,2.968,6.093,5.864,2.565,3.46,3.265,3.452,6.449,6.332,2.074,3.084,3.09,6.434,7.253,3.767,3.662,5.993,5.356,6.461
3731.03,27,3.252,3.821,2.993,2.99,6.129,5.843,2.532,3.462,3.26,3.39,6.435,6.382,2.115,3.048,3.045,6.352,7.152,3.764,3.703,5.955,5.419,6.394
3732.03,27,3.248,3.803,2.965,3.013,6.126,5.851,2.463,3.447,3.269,3.412,6.387,6.352,2.07,3.129,3.141,6.396,7.105,3.808,3.685,5.998,5.427,6.436
3733.03,27,3.319,3.755,2.941,2.99,6.131,5.876,2.393,3.346,3.299,3.476,6.422,6.333,2.096,3.063,3.125,6.353,7.169,3.704,3.59,5.952,5.328,6.477
3734.03,27,3.34,3.813,2.977,2.957,6.131,5.869,2.491,3.504,3.313,3.353,6.487,6.348,2.099,3.038,3.105,6.379,7.258,3.747,3.721,6.004,5.321,6.452
3735.03,27,3.181,3.81,3.012,2.992,6.146,5.781,2.496,3.426,3.223,3.524,6.463,6.294,2.115,3.117,3.128,6.415,7.155,3.703,3.678,6.095,5.36,6.448
3736.03,27,3.248,3.859,3.042,2.994,6.178,5.839,2.52,3.461,3.213,3.41,6.427,6.274,2.051,3.016,3.082,6.4,7.173,3.74,3.628,5.936,5.422,6.439
3737.03,27,3.213,3.815,2.918,2.926,6.086,5.861,2.516,3.399,3.283,3.48,6.346,6.323,2.027,3.097,3.085,6.418,7.234,3.707,3.689,6.017,5.364,6.411
3738.03,27,3.265,3.798,2.99,2.997,6.129,5.855,2.464,3.455,3.348,3.409,6.409,6.341,2.091,3.054,3.044,6.407,7.152,3.697,3.622,6.013,5.463,6.428
3739.03,27,3.256,3.74,2.97,3.035,6.162,5.882,2.406,3.461,3.303,3.464,6.408,6.352,2.072,3.118,3.053,6.346,7.207,3.705,3.697,5.931,5.331,6.43
3740.03,27,3.322,3.782,3.022,2.958,6.207,5.892,2.467,3.411,3.263,3.385,6.391,6.291,2.1,3.094,3.006,6.41,7.104,3.722,3.595,5.97,5.447,6.444
3741.03,27,3.227,3.829,2.975,3.02,6.098,5.826,2.529,3.435,3.227,3.368,6.437,6.337,2.079,3.134,3.134,6.479,7.131,3.734,3.656,5.995,5.318,6.377
3742.03,27,3.248,3.823,2.938,2.938,6.096,5.921,2.489,3.384,3.294,3.457,6.393,6.338,2.006,3.098,3.053,6.411,7.158,3.697,3.641,5.958,5.361,6.348
3743.03,27,3.273,3.799,2.952,3.045,6.137,5.822,2.5,3.461,3.231,3.425,6.457,6.375,2.001,3.103,3.075,6.383,7.195,3.738,3.613,5.982,5.398,6.382
3744.03,27,3.247,3.772,2.947,3.058,6.115,5.906,2.46,3.469,3.202,3.436,6.41,6.276,2.086,3.109,3.168,6.397,7.147,3.71,3.609,6.046,5.404,6.448
3745.03,27,3.319,3.81,3.049,3.006,6.127,5.831,2.488,3.457,3.286,3.512,6.428,6.294,2.049,3.114,3.073,6.373,7.171,3.73,3.582,5.967,5.428,6.346
3746.03,27,3.199,3.797,2.967,3.001,6.051,5.919,2.471,3.436,3.241,3.479,6.46,6.31,2.14,3.055,3.107,6.387,7.14,3.681,3.619,5.928,5.424,6.398
3747.03,27,3.264,3.725,2.922,2.991,6.146,5.863,2.455,3.359,3.187,3.407,6.414,6.345,2.111,3.087,3.139,6.39,7.165,3.736,3.685,5.951,5.373,6.431
3748.03,27,3.29,3.795,2.928,2.938,6.184,5.839,2.428,3.389,3.269,3.407,6.462,6.292,2.118,3.053,3.113,6.441,7.179,3.734,3.612,6.011,5.377,6.377
3749.03,27,3.222,3.786,3.011,2.984,6.066,5.873,2.543,3.478,3.285,3.48,6.43,6.27,2.095,3.111,3.116,6.391,7.181,3.797,3.652,6.023,5.408,6.374
3750.03,27,3.262,3.83,2.982,2.984,6.136,5.879,2.479,3.414,3.215,3.417,6.442,6.365,2.019,3.031,3.04,6.42,7.185,3.722,3.656,5.91,5.357,6.433
3751.03,27,3.296,3.786,2.984,3.012,6.191,5.843,2.497,3.431,3.249,3.477,6.39,6.387,2.093,3.115,3.126,6.429,7.123,3.701,3.669,5.949,5.319,6.47
3752.03,27,3.188,3.84,2.967,3.029,6.156,5.806,2.565,3.479,3.187,3.432,6.389,6.331,2.107,3.087,3.016,6.431,7.104,3.727,3.685,6.002,5.412,6.415
3753.03,27,3.321,3.842,2.98,2.959,6.142,5.866,2.496,3.452,3.223,3.351,6.406,6.353,2.086,3.106,3.077,6.358,7.145,3.715,3.61,6.034,5.4,6.438
3754.03,27,3.298,3.784,2.981,2.994,6.127,5.836,2.502,3.473,3.262,3.41,6.44,6.345,2.066,3.105,3.059,6.378,7.228,3.687,3.715,6.007,5.445,6.471
3755.03,27,3.277,3.741,3.054,2.952,6.135,5.839,2.476,3.435,3.204,3.368,6.493,6.387,2.065,3.086,3.062,6.426,7.157,3.736,3.71,6,5.354,6.357
3756.03,27,3.253,3.853,2.989,3.024,6.111,5.818,2.463,3.467,3.295,3.462,6.494,6.326,2.106,3.09,3.051,6.395,7.156,3.744,3.646,5.93,5.356,6.442
3757.03,27,3.279,3.811,2.976,3.006,6.09,5.845,2.502,3.379,3.268,3.434,6.439,6.286,2.06,3.11,3.048,6.414,7.131,3.698,3.625,5.996,5.424,6.428
3758.03,27,3.278,3.856,2.938,2.949,6.137,5.866,2.579,3.386,3.288,3.408,6.447,6.358,2.048,3.12,3.03,6.443,7.12,3.736,3.611,6.059,5.405,6.41
3759.03,27,3.28,3.754,2.996,2.959,6.163,5.876,2.54,3.394,3.248,3.465,6.402,6.37,2.07,3.108,3.044,6.338,7.169,3.747,3.631,6.005,5.365,6.387
3760.03,27,3.273,3.798,2.969,3.028,6.045,5.802,2.484,3.446,3.285,3.431,6.403,6.326,2.042,3.116,3.1,6.407,7.117,3.695,3.603,6.036,5.456,6.473
3761.03,27,3.274,3.831,2.975,2.991,6.153,5.847,2.539,3.413,3.311,3.319,6.424,6.359,2.03,3.074,3.063,6.415,7.183,3.737,3.617,6.002,5.371,6.461
3762.03,27,3.227,3.8,2.995,2.992,6.154,5.852,2.482,3.398,3.322,3.394,6.397,6.359,2.069,3.109,3.091,6.409,7.201,3.772,3.677,5.987,5.421,6.385
3763.03,27,3.294,3.777,2.971,3.021,6.13,5.799,2.503,3.425,3.247,3.4,6.484,6.371,2.06,3.088,3.114,6.361,7.216,3.722,3.658,6.015,5.377,6.465
3764.03,27,3.237,3.816,2.952,2.95,6.138,5.9,2.543,3.466,3.289,3.391,6.462,6.294,2.046,3.124,3.051,6.426,7.171,3.776,3.647,6.066,5.461,6.379
3765.03,27,3.291,3.819,2.943,2.947,6.149,5.897,2.457,3.457,3.326,3.474,6.445,6.331,2.065,3.132,3.064,6.406,7.161,3.706,3.664,6.043,5.427,6.478
3766.03,27,3.26,3.794,2.943,2.92,6.17,5.859,2.52,3.398,3.272,3.398,6.374,6.387,2.085,3.025,3.131,6.298,7.183,3.762,3.708,6.033,5.332,6.353
3767.03,27,3.296,3.813,2.951,2.915,6.111,5.818,2.517,3.466,3.252,3.459,6.439,6.342,2.043,3.068,3.035,6.402,7.147,3.738,3.663,6.023,5.357,6.393
3768.03,27,3.334,3.827,2.956,3.033,6.147,5.849,2.459,3.46,3.268,3.356,6.427,6.325,2.087,3.076,3.084,6.328,7.192,3.789,3.687,5.962,5.382,6.442
3769.03,27,3.27,3.794,3.016,3.001,6.112,5.825,2.564,3.363,3.304,3.429,6.475,6.368,2.087,3.168,3.073,6.361,7.186,3.735,3.64,6.016,5.444,6.442
3770.03,27,3.266,3.858,2.974,3.056,6.168,5.854,2.463,3.381,3.292,3.431,6.499,6.301,2.055,3.078,3.103,6.368,7.161,3.722,3.616,6.015,5.364,6.453
3771.03,27,3.2,3.815,2.952,2.971,6.08,5.842,2.52,3.469,3.188,3.32,6.458,6.373,2.076,3.141,3.045,6.366,7.17,3.735,3.618,6.038,5.409,6.477
3772.03,27,3.29,3.806,2.984,3.056,6.08,5.875,2.523,3.492,3.285,3.399,6.393,6.37,2.162,3.125,3.036,6.335,7.15,3.737,3.613,5.948,5.394,6.433
3773.03,27,3.251,3.731,2.993,2.98,6.105,5.889,2.448,3.416,3.305,3.402,6.445,6.286,2.025,3.026,3.062,6.402,7.157,3.714,3.64,5.97,5.427,6.398
3774.03,27,3.278,3.819,2.987,2.931,6.153,5.85,2.483,3.399,3.336,3.422,6.366,6.385,2.067,3.058,3.117,6.405,7.17,3.784,3.637,6.013,5.335,6.494
3775.03,27,3.238,3.831,2.903,2.965,6.112,5.821,2.462,3.468,3.265,3.374,6.399,6.294,1.995,3.104,3.055,6.344,7.22,3.753,3.625,5.985,5.418,6.404
3776.03,27,3.205,3.766,2.942,3.001,6.105,5.854,2.45,3.529,3.236,3.482,6.439,6.304,2.145,3.097,3.123,6.361,7.236,3.711,3.625,6.072,5.428,6.513
3777.03,27,3.214,3.819,3.024,2.991,6.146,5.859,2.474,3.431,3.294,3.404,6.402,6.327,2.109,3.03,3.09,6.352,7.228,3.68,3.666,5.956,5.404,6.452
3778.03,27,3.247,3.773,2.948,3.011,6.162,5.887,2.572,3.404,3.281,3.422,6.452,6.365,1.998,3.107,3.062,6.327,7.078,3.723,3.591,6.006,5.39,6.453
3779.03,27,3.292,3.815,2.959,3.042,6.128,5.836,2.554,3.37,3.321,3.402,6.36,6.357,2.056,3.063,3.059,6.354,7.211,3.72,3.672,5.933,5.387,6.431
3780.03,27,3.191,3.792,3.008,2.962,6.15,5.862,2.501,3.442,3.264,3.438,6.467,6.316,1.98,3.099,3.04,6.425,7.165,3.761,3.639,5.968,5.345,6.431
3781.03,27,3.255,3.854,2.987,3.018,6.144,5.836,2.483,3.393,3.277,3.428,6.429,6.351,2.062,3.108,3.051,6.376,7.126,3.682,3.633,6.061,5.389,6.471
3782.03,27,3.235,3.879,2.978,3.014,6.113,5.85,2.478,3.461,3.281,3.443,6.413,6.348,2.091,3.084,3.07,6.443,7.202,3.732,3.714,6.031,5.297,6.4
3783.03,27,3.301,3.801,2.947,2.996,6.159,5.833,2.537,3.449,3.289,3.378,6.417,6.379,2.107,3.098,3.04,6.37,7.16,3.754,3.637,5.905,5.405,6.414
3784.03,27,3.212,3.786,2.971,2.948,6.094,5.883,2.46,3.457,3.201,3.421,6.424,6.362,2.151,3.104,3.059,6.354,7.185,3.722,3.643,6.001,5.322,6.448
3785.03,27,3.25,3.832,2.928,3.041,6.144,5.811,2.475,3.427,3.255,3.388,6.447,6.314,2.043,3.029,3.029,6.431,7.191,3.735,3.584,6.023,5.409,6.43
3786.03,27,3.263,3.812,3.015,2.975,6.082,5.85,2.494,3.431,3.309,3.446,6.4,6.321,2.103,3.06,3.102,6.435,7.122,3.763,3.675,5.971,5.362,6.433
3787.03,27,3.247,3.855,2.923,3.036,6.157,5.852,2.535,3.436,3.292,3.386,6.49,6.297,2.029,3.118,3.088,6.405,7.156,3.73,3.666,5.98,5.391,6.467
3788.03,27,3.289,3.763,3.031,2.944,6.121,5.966,2.534,3.42,3.222,3.445,6.406,6.273,2.135,3.09,3.038,6.416,7.156,3.725,3.653,6.007,5.44,6.386
3789.03,27,3.236,3.821,3.023,2.941,6.115,5.869,2.518,3.412,3.29,3.405,6.373,6.313,2.027,3.157,3.061,6.425,7.145,3.74,3.638,5.956,5.407,6.356
3790.03,27,3.315,3.789,3.011,2.917,6.176,5.905,2.479,3.418,3.253,3.439,6.391,6.298,2.084,3.077,3.128,6.406,7.233,3.717,3.624,5.995,5.415,6.404
3791.03,27,3.248,3.792,2.964,2.926,6.112,5.819,2.522,3.5,3.281,3.403,6.464,6.348,2.07,3.07,3.06,6.414,7.139,3.706,3.604,6.007,5.362,6.432
3792.03,27,3.306,3.863,2.979,3.027,6.186,5.917,2.449,3.365,3.21,3.505,6.401,6.304,2.095,3.096,3.054,6.442,7.135,3.719,3.64,5.927,5.363,6.44
3793.03,27,3.224,3.814,2.975,3.047,6.119,5.836,2.525,3.49,3.28,3.43,6.402,6.367,2.07,3.114,3.069,6.387,7.204,3.778,3.682,6.045,5.44,6.393
3794.03,27,3.273,3.843,3.027,3.02,6.204,5.84,2.552,3.405,3.261,3.379,6.387,6.408,2.031,3.148,3.092,6.436,7.118,3.79,3.634,6.009,5.426,6.428
3795.03,27,3.255,3.863,2.925,2.976,6.111,5.875,2.516,3.428,3.294,3.411,6.393,6.365,2.082,3.148,3.06,6.388,7.141,3.728,3.558,5.968,5.398,6.408
3796.03,27,3.287,3.784,2.928,2.997,6.143,5.876,2.461,3.416,3.244,3.402,6.396,6.308,2.071,3.04,3.105,6.384,7.142,3.716,3.663,5.959,5.369,6.435
3797.03,27,3.309,3.805,2.956,2.992,6.195,5.916,2.471,3.438,3.237,3.459,6.464,6.36,2.117,3.091,3.074,6.426,7.205,3.726,3.658,5.956,5.369,6.426
3798.03,27,3.243,3.806,2.971,2.998,6.158,5.852,2.478,3.45,3.242,3.412,6.35,6.389,2.041,3.09,3.131,6.418,7.167,3.785,3.662,6.063,5.406,6.461
3799.03,27,3.291,3.87,3.008,3.021,6.102,5.838,2.505,3.456,3.203,3.394,6.438,6.352,2.059,3.087,3.09,6.438,7.157,3.771,3.697,6.004,5.411,6.406
3800.03,27,3.236,3.82,3.014,3.034,6.17,5.946,2.474,3.416,3.327,3.426,6.412,6.316,2.118,3.152,3.087,6.378,7.159,3.769,3.701,5.968,5.378,6.44
3801.03,27,3.276,3.774,2.982,3.013,6.15,5.859,2.529,3.403,3.259,3.403,6.411,6.354,2.077,3.103,3.119,6.387,7.128,3.723,3.672,5.945,5.351,6.405
3802.03,27,3.246,3.825,2.97,2.98,6.172,5.885,2.547,3.486,3.323,3.404,6.45,6.317,2.079,3.071,3.056,6.437,7.179,3.721,3.674,6.006,5.353,6.446
3803.03,27,3.281,3.823,2.951,3.045,6.112,5.852,2.512,3.398,3.261,3.463,6.423,6.301,2.086,3.161,3.063,6.349,7.267,3.723,3.653,5.934,5.382,6.442
3804.03,27,3.293,3.778,3.01,2.961,6.11,5.874,2.505,3.422,3.35,3.441,6.359,6.298,2.093,3.101,3.057,6.428,7.203,3.779,3.642,6.023,5.407,6.434
3805.03,27,3.239,3.778,2.922,2.962,6.198,5.84,2.474,3.451,3.33,3.435,6.418,6.361,2.11,3.124,3.059,6.423,7.148,3.721,3.607,5.99,5.393,6.423
3806.03,27,3.28,3.815,3.008,3,6.093,5.876,2.543,3.452,3.284,3.465,6.366,6.34,2.115,3,3.105,6.418,7.213,3.719,3.608,5.971,5.362,6.398
3807.03,27,3.292,3.783,3.003,2.988,6.151,5.86,2.525,3.461,3.305,3.482,6.417,6.368,2.05,3.09,3.054,6.362,7.174,3.752,3.629,6.012,5.335,6.444
3808.03,27,3.255,3.784,2.994,3.072,6.09,5.817,2.553,3.407,3.334,3.453,6.39,6.392,2.088,3.074,3.116,6.346,7.205,3.747,3.642,5.931,5.393,6.419
3809.03,27,3.262,3.78,2.988,2.97,6.178,5.885,2.488,3.466,3.314,3.384,6.393,6.349,2.034,3.015,3.097,6.403,7.176,3.721,3.641,5.997,5.354,6.419
3810.03,27,3.245,3.821,2.936,2.975,6.136,5.929,2.477,3.49,3.323,3.435,6.377,6.395,2.07,3.106,3.054,6.371,7.154,3.79,3.626,6.045,5.376,6.509
3811.03,27,3.289,3.821,2.943,2.964,6.17,5.842,2.51,3.412,3.242,3.44,6.464,6.352,2.059,3.13,3.085,6.395,7.157,3.717,3.667,5.968,5.369,6.465
3812.03,27,3.289,3.715,2.976,2.986,6.135,5.809,2.541,3.416,3.282,3.42,6.395,6.371,2.015,3.085,3.088,6.364,7.215,3.74,3.666,6.025,5.349,6.409
3813.03,27,3.309,3.778,3.023,3.001,6.151,5.861,2.482,3.418,3.216,3.42,6.373,6.307,2.023,3.147,3.094,6.376,7.149,3.787,3.644,5.992,5.385,6.417
3814.03,27,3.239,3.782,2.976,2.951,6.086,5.821,2.529,3.414,3.253,3.435,6.45,6.351,2.086,3.082,3.093,6.448,7.184,3.755,3.615,6.05,5.421,6.443
3815.03,27,3.225,3.74,2.99,3,6.133,5.834,2.446,3.412,3.307,3.331,6.38,6.308,2.106,3.058,3.019,6.412,7.165,3.656,3.672,6.015,5.318,6.372
3816.03,27,3.292,3.861,2.974,3.002,6.1,5.872,2.461,3.454,3.244,3.457,6.469,6.273,2.066,3.138,3.072,6.452,7.081,3.682,3.683,5.971,5.377,6.417
3817.03,27,3.307,3.867,2.958,2.975,6.137,5.884,2.536,3.461,3.314,3.417,6.396,6.423,1.988,3.113,3.065,6.391,7.227,3.723,3.615,5.961,5.356,6.443
3818.03,27,3.259,3.824,2.91,3.016,6.145,5.885,2.515,3.402,3.324,3.441,6.378,6.256,2.095,3.125,3.005,6.419,7.153,3.742,3.621,6.001,5.365,6.415
3819.03,27,3.301,3.756,2.965,3.017,6.112,5.861,2.462,3.369,3.255,3.457,6.395,6.378,2.117,3.128,3.082,6.444,7.168,3.722,3.634,5.933,5.386,6.461
3820.03,27,3.274,3.815,3.018,3.023,6.099,5.862,2.487,3.449,3.279,3.406,6.434,6.397,2.088,3.095,3.069,6.43,7.303,3.681,3.66,5.956,5.427,6.382
3821.03,27,3.244,3.781,2.968,2.953,6.153,5.821,2.547,3.419,3.262,3.421,6.445,6.295,2.114,3.123,3.085,6.408,7.204,3.781,3.67,6.001,5.422,6.409
3822.03,27,3.286,3.826,2.924,2.967,6.149,5.948,2.518,3.455,3.3,3.443,6.385,6.352,2.092,3.135,3.179,6.423,7.179,3.727,3.69,5.955,5.376,6.459
3823.03,27,3.262,3.817,2.982,3.01,6.121,5.803,2.49,3.387,3.228,3.442,6.4,6.312,2.016,3.084,3.137,6.369,7.228,3.734,3.72,6.004,5.445,6.404
3824.03,27,3.287,3.76,2.985,3.005,6.127,5.804,2.529,3.432,3.299,3.424,6.424,6.357,2.096,3.021,3.123,6.374,7.175,3.726,3.598,6.028,5.362,6.434
3825.03,27,3.282,3.773,2.956,3.015,6.128,5.869,2.481,3.484,3.33,3.446,6.401,6.34,2.1,3.113,3.089,6.419,7.19,3.761,3.673,5.957,5.37,6.464
3826.03,27,3.281,3.792,2.986,3.033,6.174,5.829,2.49,3.422,3.362,3.398,6.421,6.299,2.093,3.056,3.102,6.389,7.163,3.692,3.628,6.002,5.407,6.507
3827.03,27,3.24,3.79,2.924,3.008,6.151,5.892,2.487,3.386,3.344,3.49,6.429,6.327,2.041,3.092,3.084,6.354,7.194,3.757,3.656,6.013,5.375,6.352
3828.03,27,3.208,3.877,2.926,2.969,6.158,5.861,2.457,3.493,3.315,3.523,6.354,6.346,2.063,3.092,3.084,6.402,7.135,3.773,3.609,5.998,5.427,6.412
3829.03,27,3.252,3.817,2.965,3.002,6.143,5.874,2.477,3.396,3.287,3.436,6.428,6.296,2.111,3.087,3.1,6.409,7.179,3.72,3.594,6.019,5.326,6.451
3830.03,27,3.312,3.845,3.01,3.003,6.155,5.869,2.456,3.4,3.291,3.425,6.367,6.327,2.041,3.095,3.17,6.436,7.208,3.741,3.708,5.918,5.353,6.492
3831.03,27,3.302,3.79,2.959,2.98,6.181,5.875,2.573,3.38,3.337,3.47,6.429,6.353,2.088,3.128,3.108,6.44,7.124,3.715,3.693,6.019,5.386,6.414
3832.03,27,3.329,3.845,3.017,2.976,6.104,5.812,2.439,3.426,3.263,3.455,6.443,6.338,2.054,3.178,3.111,6.394,7.156,3.677,3.678,6.023,5.381,6.382
3833.03,27,3.299,3.819,2.984,3.023,6.13,5.851,2.467,3.415,3.308,3.446,6.429,6.355,2.071,3.091,3.086,6.349,7.184,3.717,3.662,5.987,5.359,6.458
3834.03,27,3.266,3.798,2.95,3.008,6.096,5.811,2.543,3.438,3.352,3.422,6.386,6.34,2.092,3.115,3.041,6.424,7.14,3.701,3.613,6.011,5.406,6.452
3835.03,27,3.27,3.767,2.963,3.004,6.14,5.829,2.437,3.502,3.282,3.382,6.381,6.336,2.038,3.085,3.129,6.382,7.16,3.708,3.669,6.021,5.434,6.451
3836.03,27,3.362,3.802,2.961,2.996,6.172,5.923,2.464,3.503,3.23,3.454,6.478,6.346,2.067,3.063,3.015,6.421,7.175,3.768,3.678,5.967,5.387,6.43
3837.03,27,3.274,3.873,2.986,3.01,6.167,5.832,2.495,3.419,3.285,3.408,6.367,6.365,2.101,3.116,3.037,6.445,7.195,3.688,3.675,5.963,5.403,6.444
3838.03,27,3.308,3.785,2.94,2.951,6.13,5.838,2.476,3.497,3.3,3.452,6.333,6.362,2.112,3.116,3.06,6.448,7.188,3.771,3.647,6.039,5.395,6.456
3839.03,27,3.277,3.824,2.957,3.003,6.138,5.82,2.487,3.458,3.352,3.425,6.415,6.391,2.109,3.087,3.053,6.428,7.137,3.677,3.646,5.94,5.43,6.417
3840.03,27,3.312,3.805,2.94,3.033,6.113,5.915,2.509,3.446,3.287,3.345,6.414,6.334,2.101,3.15,3.089,6.35,7.177,3.69,3.642,5.972,5.391,6.435
3841.03,27,3.265,3.809,3.005,3.028,6.13,5.84,2.552,3.427,3.263,3.387,6.426,6.41,2.042,3.076,3.034,6.381,7.146,3.77,3.698,5.981,5.425,6.462
3842.03,27,3.237,3.815,2.947,2.989,6.076,5.807,2.484,3.448,3.292,3.436,6.397,6.29,2.06,3.079,3.068,6.436,7.214,3.713,3.633,6.047,5.373,6.402
3843.03,27,3.292,3.739,3,3.022,6.083,5.916,2.498,3.451,3.297,3.438,6.371,6.326,2.019,3.108,3.082,6.408,7.241,3.707,3.658,5.98,5.378,6.425
3844.03,27,3.27,3.786,2.96,2.988,6.153,5.815,2.465,3.489,3.289,3.385,6.464,6.292,2.037,3.079,3.095,6.388,7.207,3.671,3.662,5.947,5.405,6.444
3845.03,27,3.283,3.848,2.947,2.985,6.127,5.837,2.49,3.466,3.29,3.459,6.429,6.324,2.071,3.107,3.083,6.38,7.146,3.758,3.684,6.007,5.355,6.449
3846.03,27,3.202,3.746,3.043,3.035,6.157,5.931,2.537,3.453,3.229,3.425,6.394,6.385,2.028,3.078,3.093,6.422,7.173,3.729,3.655,5.971,5.423,6.47
3847.03,27,3.252,3.797,2.948,2.956,6.1,5.884,2.535,3.436,3.306,3.462,6.448,6.323,2.134,3.054,3.06,6.307,7.192,3.706,3.664,6.017,5.409,6.442
3848.03,27,3.278,3.802,2.985,2.955,6.152,5.883,2.473,3.48,3.363,3.409,6.464,6.327,2.054,3.083,3.071,6.402,7.201,3.777,3.618,5.976,5.383,6.421
3849.03,27,3.288,3.761,2.91,2.967,6.122,5.828,2.509,3.419,3.21,3.416,6.362,6.367,2.055,3.012,3.039,6.364,7.156,3.761,3.669,6.01,5.348,6.456
3850.03,27,3.287,3.823,2.953,2.979,6.132,5.818,2.416,3.412,3.29,3.412,6.448,6.345,2.071,3.125,3.121,6.424,7.197,3.771,3.677,5.92,5.401,6.398
3851.03,27,3.207,3.852,2.957,2.97,6.197,5.847,2.501,3.441,3.323,3.385,6.379,6.332,2.022,3.064,3.151,6.414,7.137,3.731,3.676,5.997,5.366,6.406
3852.03,27,3.307,3.817,2.96,2.881,6.15,5.862,2.54,3.411,3.295,3.391,6.453,6.331,2.077,3.154,3.056,6.33,7.141,3.784,3.673,5.968,5.441,6.407
3853.03,27,3.269,3.826,2.978,3.043,6.081,5.872,2.511,3.389,3.304,3.411,6.397,6.388,2.095,3.05,3.063,6.39,7.193,3.678,3.675,5.984,5.406,6.358
3854.03,27,3.265,3.797,2.963,2.971,6.139,5.833,2.516,3.378,3.305,3.417,6.38,6.364,2.139,3.06,3.05,6.355,7.182,3.721,3.61,5.979,5.391,6.459
3855.03,27,3.232,3.807,2.965,3.01,6.091,5.839,2.524,3.443,3.305,3.486,6.407,6.332,2.081,3.095,3.11,6.363,7.181,3.765,3.632,5.974,5.361,6.451
3856.03,27,3.256,3.824,2.985,2.981,6.11,5.95,2.507,3.467,3.321,3.424,6.431,6.346,2.073,3.081,3.07,6.413,7.191,3.701,3.608,5.956,5.387,6.436
3857.03,27,3.274,3.88,2.977,3.033,6.16,5.943,2.468,3.356,3.302,3.496,6.384,6.282,2.07,3.131,3.07,6.327,7.195,3.776,3.649,5.989,5.436,6.42
3858.03,27,3.295,3.84,3.026,2.952,6.107,5.835,2.497,3.415,3.263,3.41,6.409,6.333,2.049,3.085,3.096,6.41,7.103,3.739,3.671,5.964,5.408,6.477
3859.03,27,3.308,3.84,3.021,2.994,6.171,5.849,2.426,3.424,3.349,3.417,6.444,6.363,2.01,3.094,3.082,6.372,7.162,3.735,3.597,5.986,5.408,6.507
3860.03,27,3.248,3.85,3.045,2.936,6.195,5.799,2.473,3.432,3.292,3.495,6.404,6.361,2.076,3.116,3.076,6.367,7.182,3.686,3.627,5.961,5.382,6.483
3861.03,27,3.299,3.801,2.987,2.907,6.135,5.837,2.542,3.439,3.282,3.498,6.45,6.376,2.128,3.059,3.091,6.471,7.164,3.716,3.698,5.94,5.369,6.461
3862.03,27,3.337,3.831,2.999,2.99,6.133,5.903,2.571,3.43,3.274,3.397,6.446,6.277,2.085,3.119,3.052,6.394,7.185,3.697,3.674,5.927,5.361,6.373
3863.03,27,3.271,3.827,2.954,2.951,6.138,5.815,2.545,3.406,3.277,3.431,6.38,6.307,2.105,3.109,3.07,6.449,7.246,3.73,3.676,5.99,5.408,6.385
3864.03,27,3.262,3.817,2.966,2.943,6.154,5.89,2.513,3.434,3.32,3.429,6.378,6.305,2.061,3.067,3.106,6.394,7.26,3.68,3.7,6.035,5.391,6.458
3865.03,27,3.271,3.706,2.946,3.021,6.137,5.837,2.534,3.482,3.316,3.437,6.374,6.359,2.049,3.061,3.087,6.461,7.154,3.696,3.664,5.941,5.408,6.524
3866.03,27,3.262,3.831,2.954,3.037,6.179,5.822,2.489,3.463,3.241,3.434,6.418,6.292,2.08,3.107,3.103,6.349,7.226,3.789,3.673,6.059,5.413,6.4
3867.03,27,3.278,3.785,3.001,2.976,6.141,5.906,2.485,3.424,3.327,3.411,6.484,6.332,2.02,3.124,3.107,6.409,7.214,3.754,3.643,5.999,5.46,6.442
3868.03,27,3.251,3.821,3.003,2.957,6.17,5.845,2.458,3.445,3.302,3.372,6.361,6.294,2.102,3.084,3.049,6.441,7.168,3.694,3.611,5.973,5.387,6.445
3869.03,27,3.286,3.829,2.998,3.023,6.099,5.859,2.508,3.406,3.321,3.44,6.405,6.368,1.992,3.108,3.07,6.353,7.094,3.737,3.681,5.947,5.365,6.447
3870.03,27,3.194,3.72,2.959,3.003,6.181,5.809,2.5,3.438,3.316,3.453,6.393,6.325,2.142,3.061,3.193,6.421,7.179,3.743,3.71,5.999,5.407,6.382
3871.03,27,3.285,3.807,2.946,2.944,6.104,5.817,2.506,3.46,3.285,3.44,6.399,6.36,2.013,3.062,3.052,6.448,7.133,3.729,3.675,5.978,5.347,6.394
3872.03,27,3.237,3.767,3.01,2.94,6.098,5.794,2.533,3.432,3.312,3.424,6.386,6.357,2.108,3.058,3.117,6.422,7.162,3.762,3.7,6.014,5.338,6.474
3873.03,27,3.256,3.834,2.975,2.953,6.204,5.864,2.551,3.429,3.334,3.428,6.376,6.395,2.092,3.079,3.154,6.416,7.159,3.725,3.649,5.929,5.418,6.405
3874.03,27,3.283,3.796,3.011,2.982,6.145,5.885,2.49,3.469,3.312,3.349,6.455,6.302,2.061,3.11,3.044,6.407,7.23,3.732,3.689,5.984,5.307,6.447
3875.03,27,3.283,3.778,2.986,2.913,6.089,5.834,2.456,3.413,3.273,3.404,6.431,6.381,2.116,3.11,3.128,6.418,7.189,3.709,3.629,6.004,5.474,6.432
3876.03,27,3.318,3.82,2.959,3.046,6.106,5.824,2.534,3.446,3.323,3.471,6.419,6.311,2.049,3.066,3.084,6.401,7.174,3.721,3.63,5.946,5.345,6.43
3877.03,27,3.229,3.773,2.962,3.002,6.073,5.92,2.481,3.406,3.304,3.436,6.331,6.362,2.137,3.043,3.075,6.409,7.156,3.667,3.687,5.965,5.439,6.417
3878.03,27,3.26,3.844,2.984,2.967,6.13,5.882,2.537,3.426,3.301,3.422,6.413,6.3,2.083,3.122,3.035,6.473,7.169,3.708,3.657,5.977,5.403,6.416
3879.03,27,3.304,3.828,2.99,2.979,6.177,5.895,2.494,3.403,3.257,3.413,6.399,6.268,2.011,3.087,3.092,6.382,7.182,3.661,3.621,5.99,5.42,6.4
3880.03,27,3.328,3.786,2.939,2.978,6.144,5.821,2.441,3.455,3.294,3.419,6.447,6.317,2.04,3.054,3.122,6.387,7.176,3.72,3.617,5.966,5.424,6.399
3881.03,27,3.206,3.77,2.951,2.979,6.127,5.891,2.522,3.394,3.327,3.495,6.401,6.37,2.133,3.096,3.048,6.413,7.157,3.778,3.631,5.958,5.374,6.458
3882.03,27,3.24,3.811,3.034,3.042,6.185,5.871,2.5,3.436,3.315,3.456,6.384,6.353,2.021,3.175,3.113,6.315,7.237,3.718,3.65,6.025,5.34,6.418
3883.03,27,3.298,3.762,3.014,3.01,6.103,5.814,2.521,3.391,3.284,3.401,6.426,6.315,2.054,3.058,3.095,6.428,7.207,3.664,3.664,5.962,5.418,6.422
3884.03,27,3.246,3.731,2.987,2.998,6.11,5.858,2.497,3.387,3.358,3.44,6.464,6.376,2.125,3.071,3.055,6.45,7.204,3.781,3.646,5.948,5.399,6.465
3885.03,27,3.26,3.863,2.937,2.923,6.117,5.794,2.493,3.475,3.31,3.431,6.437,6.293,2.121,3.122,3.049,6.389,7.155,3.663,3.611,6.016,5.369,6.413
3886.03,27,3.27,3.766,3.044,2.974,6.143,5.825,2.494,3.443,3.311,3.41,6.451,6.379,2.097,3.074,3.088,6.436,7.177,3.727,3.631,5.978,5.313,6.442
3887.03,27,3.273,3.781,2.944,3.008,6.179,5.808,2.457,3.408,3.348,3.481,6.415,6.314,2.078,3.133,3.063,6.371,7.22,3.756,3.7,5.965,5.413,6.432
3888.03,27,3.283,3.918,2.945,3.039,6.092,5.897,2.529,3.423,3.31,3.465,6.458,6.395,2.033,3.118,3.102,6.354,7.22,3.715,3.644,5.918,5.387,6.509
3889.03,27,3.241,3.828,2.979,2.951,6.124,5.788,2.496,3.432,3.281,3.425,6.45,6.319,2.086,3.134,3.043,6.366,7.173,3.715,3.642,6.027,5.378,6.453
3890.03,27,3.258,3.756,2.989,2.98,6.118,5.806,2.418,3.455,3.303,3.461,6.419,6.329,2.087,3.096,3.097,6.389,7.24,3.733,3.69,5.978,5.383,6.504
3891.03,27,3.245,3.777,3.009,2.953,6.148,5.877,2.504,3.405,3.264,3.41,6.418,6.372,2.141,3.194,3.177,6.385,7.215,3.744,3.697,5.945,5.353,6.428
3892.03,27,3.251,3.76,2.961,3.004,6.118,5.851,2.543,3.448,3.306,3.431,6.406,6.327,2.063,3.043,3.077,6.394,7.146,3.674,3.658,5.978,5.371,6.401
3893.03,27,3.242,3.75,2.92,2.99,6.093,5.882,2.476,3.424,3.323,3.481,6.431,6.443,2.088,3.137,3.068,6.404,7.164,3.671,3.667,6.005,5.404,6.404
3894.03,27,3.288,3.796,2.971,2.936,6.159,5.962,2.507,3.479,3.324,3.431,6.444,6.367,2.105,3.083,3.105,6.344,7.179,3.73,3.628,5.982,5.379,6.423
3895.03,27,3.276,3.833,2.997,2.959,6.133,5.889,2.467,3.472,3.3,3.422,6.391,6.379,2.056,3.097,3.067,6.399,7.184,3.67,3.667,5.97,5.386,6.445
3896.03,27,3.237,3.779,2.962,2.986,6.168,5.807,2.539,3.436,3.338,3.458,6.439,6.389,2.134,3.096,3.1,6.369,7.186,3.764,3.725,5.951,5.418,6.43
3897.03,27,3.247,3.785,2.984,3.014,6.174,5.901,2.524,3.457,3.35,3.434,6.419,6.427,2.078,3.118,3.105,6.376,7.194,3.641,3.669,6.021,5.429,6.429
3898.03,27,3.263,3.785,3.009,2.97,6.065,5.844,2.565,3.457,3.211,3.462,6.429,6.329,2.074,3.119,3.097,6.333,7.184,3.701,3.655,6.036,5.371,6.439
3899.03,27,3.28,3.772,2.928,2.916,6.121,5.867,2.575,3.445,3.273,3.402,6.447,6.297,2.115,3.137,3.033,6.381,7.139,3.657,3.662,5.965,5.426,6.374
3900.03,27,3.254,3.783,3.01,2.993,6.056,5.827,2.436,3.39,3.363,3.444,6.415,6.369,2.122,3.01,3.123,6.458,7.227,3.794,3.667,5.955,5.366,6.375
3901.03,27,3.248,3.745,2.992,3.018,6.057,5.884,2.514,3.376,3.338,3.453,6.443,6.339,2.115,3.122,3.217,6.364,7.165,3.735,3.644,5.957,5.355,6.363
3902.03,27,3.264,3.795,2.933,2.984,6.085,5.888,2.463,3.402,3.256,3.433,6.418,6.327,2.092,3.042,3.129,6.355,7.168,3.676,3.718,5.981,5.381,6.388
3903.03,27,3.255,3.831,2.959,2.968,6.158,5.84,2.488,3.426,3.323,3.444,6.448,6.297,2.072,3.062,3.03,6.352,7.164,3.746,3.689,5.993,5.358,6.437
3904.03,27,3.284,3.792,2.927,2.939,6.083,5.813,2.591,3.409,3.381,3.435,6.407,6.333,2.096,3.078,3.032,6.36,7.152,3.793,3.677,5.952,5.398,6.508
3905.03,27,3.34,3.786,2.999,2.976,6.168,5.796,2.409,3.43,3.281,3.407,6.392,6.383,2.079,3.089,3.146,6.417,7.143,3.736,3.71,5.985,5.428,6.441
3906.03,27,3.245,3.806,2.981,3.012,6.203,5.845,2.5,3.447,3.311,3.414,6.437,6.309,2.073,3.084,3.11,6.407,7.185,3.674,3.694,6.021,5.383,6.438
3907.03,27,3.267,3.836,2.998,2.985,6.168,5.789,2.453,3.414,3.287,3.497,6.404,6.324,2.074,3.121,3.051,6.393,7.157,3.681,3.674,5.979,5.402,6.444
3908.03,27,3.265,3.848,2.988,3.009,6.153,5.881,2.478,3.517,3.282,3.447,6.447,6.376,2.095,3.136,3.039,6.392,7.24,3.76,3.606,6.033,5.418,6.391
3909.03,27,3.312,3.737,2.969,2.959,6.098,5.835,2.486,3.414,3.286,3.44,6.437,6.328,2.078,3.137,3.073,6.441,7.227,3.722,3.654,6.05,5.394,6.415
3910.03,27,3.26,3.843,2.971,2.987,6.17,5.854,2.498,3.422,3.307,3.41,6.444,6.388,2.024,3.144,3.092,6.382,7.147,3.753,3.697,6.018,5.37,6.399
