Time,T,Control_R1,Control_R2,Control_R3,0.06_R1,0.06_R2,0.06_R3,0.12_R1,0.12_R2,0.12_R3,0.25_R1,0.25_R2,0.25_R3,0.5_R1,0.5_R2,0.5_R3,1_R1,1_R2,1_R3,2_R1,2_R2,2_R3,4_R1,4_R2,4_R3
0.03,18,10.481,10.989,10.351,10.272,9.361,9.095,9.894,11.317,9.429,10.6,9.693,10.036,10.237,9.785,9.819,9.993,9.485,10.882,10.699,10.996,9.799,9.483,10.797,10.502
1.03,18,10.439,10.998,10.341,10.25,9.349,9.104,9.868,11.313,9.405,10.662,9.695,10.082,10.301,9.768,9.849,9.998,9.466,10.879,10.696,11.02,9.781,9.554,10.774,10.569
2.03,18,10.436,11.02,10.343,10.307,9.349,9.157,9.893,11.263,9.388,10.648,9.691,10.033,10.244,9.833,9.739,9.939,9.37,10.756,10.69,11.079,9.857,9.526,10.801,10.494
3.03,18,10.417,10.985,10.358,10.276,9.34,9.105,9.909,11.159,9.445,10.604,9.675,10.004,10.28,9.786,9.771,9.94,9.438,10.759,10.755,10.992,9.815,9.586,10.844,10.551
4.03,18,10.452,11.012,10.353,10.192,9.388,9.143,9.909,11.26,9.413,10.671,9.666,10.072,10.256,9.775,9.82,9.932,9.405,10.907,10.729,10.996,9.812,9.555,10.764,10.497
5.03,18,10.498,10.931,10.338,10.257,9.348,9.144,9.898,11.278,9.412,10.621,9.621,10.027,10.35,9.88,9.859,9.916,9.432,10.806,10.69,11.018,9.82,9.558,10.774,10.567
6.03,18,10.408,10.961,10.343,10.255,9.361,9.105,9.849,11.256,9.377,10.654,9.648,10.033,10.212,9.766,9.846,9.939,9.423,10.892,10.768,11.003,9.842,9.609,10.853,10.442
7.03,18,10.502,10.999,10.304,10.261,9.389,9.088,9.891,11.21,9.428,10.703,9.659,9.996,10.253,9.819,9.801,9.981,9.46,10.842,10.692,11.024,9.813,9.574,10.865,10.434
8.03,18,10.475,11.053,10.311,10.273,9.354,9.094,9.888,11.271,9.491,10.699,9.646,10.01,10.248,9.807,9.773,10.016,9.407,10.841,10.681,11.008,9.905,9.581,10.81,10.505
9.03,18,10.482,11.038,10.326,10.255,9.368,9.068,9.892,11.243,9.412,10.65,9.607,9.98,10.164,9.865,9.739,9.914,9.322,10.84,10.743,10.952,9.842,9.562,10.805,10.504
10.03,18,10.467,10.963,10.309,10.294,9.326,9.148,9.883,11.212,9.391,10.628,9.601,10.081,10.197,9.784,9.843,9.94,9.355,10.833,10.712,10.982,9.788,9.535,10.739,10.503
11.03,18,10.486,10.987,10.318,10.321,9.371,9.174,9.864,11.275,9.419,10.616,9.7,10.105,10.206,9.793,9.803,9.968,9.429,10.828,10.684,10.921,9.861,9.531,10.806,10.51
12.03,18,10.455,10.983,10.396,10.295,9.349,9.177,9.882,11.241,9.471,10.522,9.606,10.023,10.203,9.853,9.7,9.935,9.426,10.842,10.653,10.958,9.84,9.494,10.804,10.581
13.03,18,10.471,11.017,10.311,10.232,9.386,9.107,9.93,11.268,9.49,10.739,9.657,10.104,10.2,9.772,9.777,10.031,9.449,10.823,10.749,10.918,9.781,9.522,10.775,10.537
14.03,18,10.46,11.04,10.381,10.267,9.349,9.141,9.965,11.21,9.433,10.681,9.656,10.115,10.24,9.817,9.804,9.953,9.372,10.855,10.733,11.002,9.858,9.488,10.792,10.564
15.03,18,10.456,10.977,10.33,10.311,9.38,9.083,9.884,11.306,9.372,10.685,9.623,10.096,10.261,9.785,9.744,10.007,9.458,10.81,10.68,10.986,9.829,9.484,10.795,10.502
16.03,18,10.435,10.977,10.378,10.269,9.406,9.131,9.861,11.276,9.405,10.67,9.595,10.043,10.191,9.859,9.708,9.937,9.435,10.832,10.698,10.989,9.828,9.504,10.747,10.563
17.03,18,10.514,10.918,10.326,10.261,9.359,9.157,9.93,11.238,9.394,10.68,9.658,10.106,10.196,9.819,9.677,9.965,9.369,10.807,10.693,10.98,9.849,9.503,10.769,10.55
18.03,18,10.512,11.015,10.307,10.28,9.357,9.162,9.929,11.239,9.452,10.647,9.673,10.066,10.245,9.806,9.691,9.908,9.382,10.822,10.707,10.972,9.838,9.534,10.71,10.622
19.03,18,10.518,10.977,10.294,10.254,9.345,9.191,9.894,11.311,9.446,10.645,9.634,10.074,10.199,9.863,9.791,9.928,9.433,10.801,10.733,10.958,9.799,9.619,10.765,10.596
20.03,18,10.534,10.958,10.351,10.287,9.328,9.06,9.818,11.27,9.439,10.672,9.687,10.072,10.242,9.79,9.694,9.848,9.386,10.829,10.714,10.927,9.841,9.533,10.745,10.525
21.03,18,10.517,11.004,10.272,10.26,9.346,9.149,9.78,11.244,9.395,10.602,9.689,10.17,10.141,9.89,9.713,9.933,9.366,10.793,10.656,10.985,9.956,9.561,10.809,10.581
22.03,18,10.528,10.955,10.317,10.249,9.292,9.198,9.835,11.269,9.371,10.686,9.739,10.09,10.26,9.875,9.759,9.938,9.392,10.778,10.725,11.041,9.885,9.554,10.758,10.513
23.03,18,10.483,11.003,10.358,10.233,9.409,9.175,9.866,11.283,9.423,10.627,9.663,10.088,10.15,9.837,9.815,9.934,9.383,10.754,10.718,11.005,9.82,9.449,10.8,10.565
24.03,18,10.533,10.98,10.34,10.262,9.299,9.157,9.858,11.373,9.417,10.646,9.648,10.058,10.135,9.918,9.739,9.971,9.396,10.71,10.766,10.954,9.877,9.545,10.815,10.532
25.03,18,10.551,10.99,10.366,10.281,9.374,9.116,9.898,11.293,9.445,10.6,9.705,10.098,10.249,9.854,9.736,9.913,9.335,10.719,10.648,11.026,9.881,9.551,10.758,10.524
26.03,18,10.573,11.052,10.366,10.266,9.305,9.124,9.893,11.286,9.445,10.611,9.666,10.079,10.099,9.904,9.79,9.947,9.357,10.741,10.65,11.017,9.894,9.518,10.799,10.545
27.03,18,10.473,10.985,10.301,10.223,9.403,9.129,9.863,11.275,9.41,10.566,9.702,10.022,10.22,9.825,9.738,9.873,9.363,10.656,10.711,11.084,9.929,9.546,10.806,10.611
28.03,18,10.529,11.023,10.301,10.309,9.378,9.167,9.824,11.296,9.349,10.636,9.64,10.089,10.182,9.863,9.734,9.807,9.302,10.76,10.702,11.082,9.833,9.432,10.811,10.639
29.03,18,10.555,10.993,10.298,10.283,9.313,9.132,9.861,11.217,9.44,10.59,9.717,10.13,10.182,9.858,9.716,9.862,9.378,10.731,10.674,11.145,9.939,9.546,10.822,10.592
30.03,18,10.501,10.993,10.312,10.281,9.337,9.136,9.915,11.334,9.341,10.671,9.745,10.062,10.157,9.844,9.712,9.88,9.338,10.713,10.713,11.048,9.971,9.47,10.801,10.543
31.03,18,10.57,11.012,10.342,10.285,9.324,9.107,9.876,11.323,9.37,10.591,9.685,10.144,10.198,9.83,9.728,9.878,9.338,10.796,10.729,11.024,9.898,9.451,10.783,10.591
32.03,18,10.463,10.952,10.352,10.345,9.326,9.189,9.839,11.265,9.38,10.597,9.695,10.109,10.159,9.857,9.652,9.864,9.338,10.732,10.763,11.064,9.816,9.472,10.806,10.499
33.03,18,10.461,11.034,10.247,10.257,9.313,9.095,9.898,11.328,9.343,10.592,9.698,10.065,10.186,9.895,9.76,9.897,9.324,10.744,10.72,11.069,9.821,9.512,10.827,10.567
34.03,18,10.512,10.909,10.284,10.315,9.311,9.148,9.85,11.354,9.382,10.561,9.74,10.128,10.249,9.876,9.68,9.896,9.396,10.744,10.767,11.002,9.874,9.398,10.794,10.587
35.03,18,10.533,10.976,10.263,10.3,9.374,9.103,9.913,11.314,9.309,10.545,9.775,10.062,10.173,9.839,9.735,9.89,9.317,10.738,10.744,11.015,9.878,9.51,10.813,10.58
36.03,18,10.498,10.933,10.251,10.265,9.368,9.068,9.842,11.356,9.364,10.592,9.659,10.112,10.138,9.892,9.715,9.895,9.364,10.736,10.746,11.061,9.878,9.56,10.822,10.516
37.03,18,10.554,10.971,10.275,10.269,9.437,9.167,9.876,11.327,9.365,10.571,9.743,10.107,10.214,9.98,9.74,9.865,9.336,10.747,10.72,11.03,9.833,9.554,10.783,10.566
38.03,18,10.492,11,10.233,10.29,9.35,9.152,9.86,11.333,9.291,10.605,9.728,10.08,10.153,9.875,9.69,9.897,9.293,10.786,10.638,11.095,9.828,9.547,10.736,10.569
39.03,18,10.477,10.997,10.275,10.288,9.406,9.094,9.866,11.312,9.355,10.588,9.809,10.05,10.214,9.931,9.77,9.881,9.309,10.785,10.702,11.062,9.807,9.518,10.807,10.58
40.03,18,10.43,10.987,10.26,10.246,9.359,9.109,9.92,11.318,9.372,10.607,9.725,10.088,10.145,9.969,9.788,9.924,9.263,10.813,10.751,11.04,9.901,9.482,10.769,10.493
41.03,18,10.544,10.974,10.197,10.217,9.361,9.071,9.941,11.297,9.357,10.634,9.712,10.116,10.233,9.878,9.678,9.898,9.306,10.75,10.733,11.051,9.879,9.517,10.784,10.596
42.03,18,10.437,10.988,10.293,10.263,9.345,9.137,9.95,11.322,9.402,10.635,9.699,10.075,10.202,9.865,9.751,9.942,9.296,10.754,10.747,11.08,9.856,9.495,10.757,10.597
43.03,18,10.473,10.979,10.26,10.286,9.372,9.127,9.945,11.215,9.414,10.598,9.749,10.07,10.213,9.96,9.713,9.888,9.303,10.785,10.652,11.079,9.872,9.412,10.82,10.551
44.03,18,10.529,10.951,10.272,10.311,9.311,9.094,9.869,11.382,9.34,10.661,9.656,10.082,10.221,9.968,9.718,9.964,9.286,10.774,10.676,11.053,9.831,9.459,10.816,10.543
45.03,18,10.535,11.002,10.277,10.259,9.349,9.06,9.898,11.32,9.348,10.675,9.669,10.096,10.2,9.954,9.741,9.909,9.346,10.751,10.782,11.03,9.929,9.48,10.821,10.497
46.03,18,10.491,10.937,10.286,10.311,9.362,9.073,9.917,11.255,9.388,10.637,9.69,10.045,10.225,9.974,9.726,9.914,9.324,10.778,10.732,11.073,9.858,9.46,10.787,10.528
47.03,18,10.503,10.949,10.261,10.358,9.288,9.063,9.857,11.279,9.462,10.603,9.643,10.155,10.258,9.924,9.735,9.932,9.313,10.794,10.716,11.064,9.823,9.429,10.788,10.488
48.03,18,10.547,11.009,10.205,10.319,9.328,9.07,9.861,11.27,9.346,10.622,9.629,10.085,10.26,9.934,9.719,9.9,9.273,10.724,10.73,11.061,9.945,9.464,10.81,10.487
49.03,18,10.454,11.004,10.23,10.319,9.319,9.181,9.862,11.258,9.323,10.671,9.714,10.038,10.233,9.938,9.809,9.934,9.264,10.83,10.64,11.046,9.873,9.432,10.813,10.576
50.03,18,10.574,10.933,10.195,10.262,9.334,9.085,9.832,11.271,9.352,10.668,9.674,10.131,10.231,9.947,9.76,9.935,9.276,10.707,10.743,11.068,9.87,9.481,10.839,10.526
51.03,18,10.566,11.046,10.202,10.291,9.277,9.111,9.852,11.274,9.333,10.606,9.748,10.094,10.196,9.938,9.719,9.936,9.328,10.688,10.749,11.043,9.891,9.386,10.752,10.581
52.03,18,10.49,10.971,10.184,10.263,9.344,9.126,9.88,11.245,9.377,10.676,9.691,10.121,10.261,9.943,9.71,9.951,9.273,10.707,10.75,11.005,9.819,9.452,10.714,10.51
53.03,18,10.492,10.992,10.195,10.313,9.397,9.151,9.885,11.268,9.3,10.582,9.711,10.097,10.175,9.938,9.696,9.991,9.346,10.82,10.787,11.035,9.828,9.463,10.753,10.523
54.03,18,10.559,10.957,10.291,10.249,9.309,9.117,9.894,11.154,9.336,10.661,9.748,9.995,10.233,9.96,9.76,9.899,9.331,10.761,10.783,11.068,9.858,9.415,10.699,10.608
55.03,18,10.515,10.925,10.227,10.322,9.327,9.139,9.86,11.332,9.352,10.64,9.697,10.015,10.205,9.886,9.756,9.937,9.272,10.716,10.81,10.987,9.791,9.497,10.783,10.542
56.03,18,10.489,10.905,10.171,10.288,9.398,9.122,9.911,11.267,9.313,10.642,9.657,10.045,10.218,9.937,9.803,9.929,9.271,10.716,10.754,10.976,9.842,9.4,10.898,10.571
57.03,18,10.488,10.937,10.247,10.277,9.328,9.075,9.825,11.273,9.324,10.642,9.733,10.114,10.233,9.924,9.735,10.021,9.287,10.747,10.828,10.993,9.802,9.44,10.864,10.584
58.03,18,10.536,10.887,10.245,10.29,9.324,9.125,9.823,11.314,9.291,10.624,9.765,9.99,10.223,9.879,9.712,9.952,9.293,10.786,10.779,11.044,9.877,9.423,10.815,10.573
59.03,18,10.492,10.988,10.26,10.38,9.27,9.198,9.846,11.26,9.279,10.65,9.782,10.063,10.166,9.906,9.747,9.967,9.31,10.751,10.817,11.049,9.856,9.378,10.785,10.536
60.03,18,10.531,10.918,10.207,10.304,9.289,9.177,9.834,11.12,9.296,10.596,9.654,10.074,10.227,9.92,9.741,9.93,9.276,10.727,10.744,10.999,9.8,9.367,10.894,10.521
61.03,18,10.536,10.913,10.194,10.26,9.293,9.187,9.881,11.234,9.309,10.639,9.706,10.044,10.202,9.905,9.806,9.993,9.21,10.763,10.719,10.931,9.798,9.388,10.862,10.515
62.03,18,10.493,10.982,10.222,10.325,9.265,9.248,9.922,11.278,9.281,10.576,9.735,10.085,10.13,9.884,9.79,9.968,9.338,10.794,10.756,10.951,9.817,9.437,10.782,10.545
63.03,18,10.509,10.908,10.261,10.286,9.324,9.223,9.81,11.274,9.333,10.589,9.783,10.092,10.19,9.883,9.749,9.966,9.237,10.735,10.746,10.873,9.845,9.41,10.729,10.557
64.03,18,10.495,10.955,10.284,10.265,9.245,9.14,9.855,11.275,9.344,10.562,9.714,10.061,10.167,9.862,9.789,9.936,9.286,10.771,10.753,11.064,9.833,9.422,10.762,10.508
65.03,18,10.585,10.992,10.247,10.303,9.386,9.144,9.915,11.272,9.325,10.584,9.683,10.032,10.146,9.925,9.77,9.976,9.265,10.798,10.718,10.928,9.828,9.372,10.787,10.498
66.03,18,10.522,10.976,10.297,10.377,9.337,9.104,9.877,11.258,9.257,10.573,9.788,10.041,10.145,9.87,9.767,10.042,9.291,10.709,10.761,11.01,9.855,9.356,10.775,10.44
67.03,18,10.516,10.95,10.282,10.299,9.356,9.17,9.87,11.317,9.282,10.61,9.694,10.099,10.114,9.875,9.824,9.977,9.329,10.767,10.829,10.96,9.806,9.352,10.755,10.485
68.03,18,10.553,10.966,10.25,10.246,9.327,9.188,9.852,11.303,9.301,10.644,9.75,10.064,10.209,9.88,9.763,9.959,9.316,10.746,10.734,10.981,9.797,9.341,10.841,10.505
69.03,18,10.531,10.941,10.232,10.344,9.366,9.167,9.805,11.274,9.265,10.645,9.72,10.073,10.133,9.915,9.782,10.013,9.314,10.774,10.764,11.007,9.781,9.361,10.743,10.552
70.03,18,10.618,10.992,10.226,10.306,9.323,9.07,9.85,11.376,9.314,10.603,9.761,10.068,10.168,9.872,9.765,10.053,9.301,10.776,10.745,10.968,9.815,9.444,10.726,10.529
71.03,18,10.607,10.986,10.245,10.319,9.376,9.147,9.87,11.309,9.336,10.528,9.734,10.04,10.115,9.907,9.736,10.059,9.272,10.702,10.792,11.068,9.844,9.432,10.744,10.552
72.03,18,10.551,11.017,10.292,10.342,9.296,9.204,9.901,11.289,9.382,10.617,9.71,10.014,10.079,9.912,9.777,10.024,9.295,10.808,10.828,11.016,9.87,9.328,10.69,10.491
73.03,18,10.505,10.999,10.22,10.268,9.334,9.209,9.893,11.27,9.383,10.659,9.679,10.072,10.161,9.882,9.753,10.012,9.363,10.859,10.798,11.048,9.789,9.385,10.798,10.564
74.03,18,10.56,11.02,10.254,10.409,9.302,9.232,9.854,11.249,9.373,10.555,9.753,9.995,10.157,9.958,9.778,10.094,9.351,10.801,10.863,11.027,9.814,9.396,10.761,10.568
75.03,18,10.559,10.949,10.248,10.31,9.213,9.241,9.918,11.231,9.347,10.569,9.694,9.997,10.129,9.951,9.788,10.075,9.402,10.766,10.864,11,9.795,9.374,10.777,10.551
76.03,18,10.52,11.008,10.255,10.293,9.283,9.241,9.884,11.325,9.368,10.595,9.788,10.086,10.177,9.946,9.767,10.012,9.328,10.734,10.882,10.994,9.847,9.399,10.735,10.556
77.03,18,10.559,11.025,10.283,10.349,9.287,9.137,9.881,11.271,9.404,10.58,9.735,10.047,10.21,9.941,9.747,10.076,9.343,10.798,10.829,11.054,9.842,9.408,10.767,10.482
78.03,18,10.546,10.947,10.286,10.371,9.315,9.165,9.877,11.248,9.349,10.61,9.748,9.965,10.176,9.911,9.764,10.004,9.389,10.765,10.771,11.014,9.787,9.391,10.786,10.583
79.03,18,10.524,11.037,10.286,10.271,9.284,9.204,9.838,11.231,9.292,10.61,9.723,10.025,10.107,9.985,9.712,10.049,9.365,10.798,10.78,10.962,9.823,9.388,10.694,10.549
80.03,18,10.571,10.998,10.252,10.35,9.196,9.248,9.805,11.281,9.401,10.56,9.687,9.965,10.159,9.903,9.719,10.092,9.325,10.893,10.807,10.963,9.82,9.419,10.788,10.487
81.03,18,10.653,10.987,10.277,10.344,9.224,9.226,9.884,11.315,9.342,10.583,9.724,9.944,10.072,9.929,9.797,10.103,9.331,10.843,10.731,11.021,9.901,9.423,10.761,10.534
82.03,18,10.582,10.999,10.247,10.28,9.212,9.225,9.846,11.299,9.376,10.516,9.755,10.038,10.106,9.941,9.733,10.085,9.329,10.827,10.87,10.97,9.869,9.429,10.728,10.537
83.03,18,10.5,10.984,10.274,10.289,9.271,9.219,9.897,11.232,9.372,10.535,9.763,9.956,10.129,9.967,9.7,10.028,9.343,10.814,10.822,10.898,9.835,9.411,10.743,10.478
84.03,18,10.55,10.959,10.259,10.261,9.253,9.266,9.887,11.242,9.384,10.582,9.791,10.047,10.177,10.013,9.734,9.987,9.311,10.894,10.813,10.974,9.856,9.43,10.77,10.553
85.03,18,10.544,10.985,10.272,10.284,9.275,9.229,9.817,11.268,9.362,10.555,9.732,10.047,10.17,10.034,9.768,10.08,9.305,10.835,10.799,11.058,9.814,9.422,10.789,10.531
86.03,18,10.553,10.994,10.246,10.273,9.223,9.209,9.825,11.152,9.393,10.614,9.772,10.007,10.12,10.023,9.683,10.102,9.327,10.808,10.792,10.899,9.799,9.52,10.78,10.51
87.03,18,10.542,11.005,10.214,10.271,9.24,9.196,9.803,11.264,9.384,10.624,9.73,10.098,10.2,9.96,9.683,10.043,9.355,10.806,10.772,10.94,9.829,9.469,10.759,10.49
88.03,18,10.589,11.023,10.283,10.261,9.214,9.173,9.786,11.291,9.372,10.579,9.818,10.028,10.226,9.982,9.683,9.98,9.326,10.841,10.851,10.951,9.836,9.448,10.788,10.602
89.03,18,10.582,10.957,10.272,10.286,9.251,9.134,9.849,11.264,9.308,10.575,9.715,10.063,10.206,9.991,9.73,10.037,9.313,10.806,10.839,11.003,9.776,9.389,10.807,10.514
90.03,18,10.566,10.909,10.201,10.31,9.232,9.227,9.91,11.207,9.303,10.563,9.771,10.05,10.177,10.017,9.672,10.095,9.229,10.803,10.794,10.913,9.804,9.459,10.792,10.509
91.03,18,10.672,10.92,10.272,10.27,9.205,9.133,9.89,11.234,9.334,10.509,9.772,10.005,10.217,9.997,9.693,10.067,9.353,10.86,10.762,10.996,9.834,9.541,10.737,10.587
92.03,18,10.672,10.955,10.249,10.279,9.281,9.217,9.791,11.183,9.32,10.59,9.755,10.014,10.239,9.977,9.702,10.047,9.338,10.849,10.761,10.964,9.804,9.393,10.658,10.485
93.03,18,10.659,10.983,10.269,10.305,9.336,9.101,9.86,11.223,9.259,10.597,9.748,10.015,10.243,10.053,9.707,10.05,9.31,10.815,10.842,10.933,9.831,9.468,10.675,10.539
94.03,18,10.6,10.923,10.231,10.336,9.301,9.16,9.838,11.207,9.299,10.6,9.726,10.03,10.231,9.969,9.705,10.108,9.301,10.829,10.885,10.942,9.789,9.471,10.793,10.518
95.03,18,10.618,10.905,10.299,10.327,9.304,9.214,9.857,11.331,9.33,10.638,9.774,10.004,10.32,9.974,9.714,10.056,9.326,10.85,10.808,10.955,9.844,9.431,10.669,10.481
96.03,18,10.677,10.927,10.33,10.313,9.262,9.217,9.858,11.268,9.317,10.605,9.738,10.021,10.249,10.025,9.688,10.135,9.344,10.87,10.851,10.915,9.752,9.43,10.678,10.554
97.03,18,10.648,10.89,10.277,10.284,9.321,9.226,9.888,11.268,9.313,10.613,9.744,10.028,10.287,10.003,9.779,10.017,9.334,10.747,10.868,10.925,9.745,9.454,10.688,10.573
98.03,18,10.672,10.947,10.291,10.361,9.282,9.191,9.812,11.306,9.287,10.577,9.734,10.051,10.283,10.025,9.685,10.057,9.384,10.79,10.898,10.919,9.914,9.528,10.681,10.522
99.03,18,10.609,10.859,10.296,10.289,9.319,9.154,9.86,11.287,9.33,10.673,9.745,10.108,10.295,10.022,9.661,10.063,9.315,10.746,10.839,11.015,9.892,9.508,10.655,10.535
100.03,18,10.608,10.976,10.253,10.337,9.264,9.186,9.821,11.33,9.286,10.573,9.743,10.103,10.37,10.073,9.7,10.084,9.326,10.743,10.827,10.903,9.883,9.487,10.733,10.509
101.03,18,10.655,10.893,10.28,10.32,9.335,9.166,9.836,11.346,9.326,10.557,9.728,10.088,10.258,10.001,9.694,10.093,9.309,10.856,10.77,10.903,9.831,9.462,10.767,10.528
102.03,18,10.623,10.859,10.249,10.287,9.317,9.148,9.814,11.309,9.308,10.608,9.814,10.074,10.293,9.993,9.728,9.997,9.377,10.799,10.777,10.911,9.869,9.522,10.786,10.519
103.03,18,10.639,10.9,10.238,10.247,9.274,9.159,9.803,11.271,9.346,10.613,9.795,10.119,10.232,10.044,9.723,10.072,9.289,10.863,10.817,10.898,9.863,9.577,10.774,10.519
104.03,18,10.603,10.824,10.271,10.254,9.231,9.153,9.844,11.291,9.322,10.594,9.801,10.112,10.222,10.018,9.652,10.059,9.315,10.794,10.805,10.894,9.858,9.565,10.73,10.565
105.03,18,10.6,10.913,10.324,10.217,9.338,9.135,9.852,11.298,9.236,10.656,9.724,10.069,10.26,9.965,9.702,10.085,9.371,10.81,10.823,10.853,9.917,9.513,10.729,10.444
106.03,18,10.564,10.934,10.313,10.216,9.302,9.203,9.895,11.307,9.338,10.587,9.795,10.11,10.306,10.028,9.744,10.114,9.354,10.872,10.786,10.887,9.893,9.563,10.747,10.532
107.03,18,10.505,10.942,10.284,10.214,9.239,9.211,9.838,11.313,9.351,10.523,9.807,10.088,10.229,9.974,9.708,10.041,9.398,10.849,10.84,10.983,9.933,9.512,10.685,10.435
108.03,18,10.561,10.936,10.211,10.136,9.317,9.155,9.84,11.285,9.309,10.606,9.781,10.076,10.22,10.017,9.711,10.07,9.346,10.897,10.818,11.009,9.884,9.511,10.678,10.509
109.03,18,10.653,10.92,10.273,10.226,9.321,9.174,9.857,11.285,9.228,10.579,9.809,10.041,10.243,10.056,9.73,10.058,9.391,10.823,10.824,10.88,9.878,9.515,10.681,10.43
110.03,18,10.625,10.862,10.33,10.224,9.333,9.179,9.837,11.316,9.265,10.619,9.748,10.074,10.234,9.938,9.765,10.02,9.31,10.81,10.844,10.94,9.858,9.587,10.641,10.472
111.03,18,10.58,10.863,10.215,10.29,9.373,9.202,9.892,11.303,9.288,10.628,9.854,10.007,10.277,9.978,9.651,10.055,9.337,10.883,10.87,10.955,9.876,9.554,10.719,10.47
112.03,18,10.511,10.932,10.345,10.141,9.308,9.185,9.98,11.287,9.307,10.614,9.841,10.067,10.311,10.005,9.737,10.113,9.321,10.857,10.852,11.014,9.855,9.537,10.662,10.496
113.03,18,10.539,10.935,10.281,10.166,9.324,9.207,9.852,11.322,9.265,10.585,9.812,9.956,10.273,9.98,9.749,10.073,9.303,10.839,10.83,10.984,9.888,9.496,10.72,10.513
114.03,18,10.595,10.901,10.254,10.26,9.374,9.182,9.923,11.293,9.239,10.563,9.806,9.998,10.313,10,9.697,10.125,9.276,10.849,10.774,10.954,9.891,9.553,10.649,10.547
115.03,18,10.519,10.921,10.253,10.201,9.381,9.227,9.918,11.36,9.224,10.598,9.833,10.039,10.28,9.947,9.755,10.103,9.336,10.833,10.844,10.947,9.81,9.554,10.658,10.544
116.03,18,10.543,10.916,10.287,10.174,9.302,9.241,9.901,11.403,9.279,10.497,9.813,10.088,10.247,10.037,9.719,10.084,9.302,10.84,10.797,10.955,9.84,9.584,10.622,10.478
117.03,18,10.542,10.892,10.291,10.209,9.233,9.249,9.931,11.364,9.262,10.503,9.844,10.091,10.298,9.954,9.708,10.128,9.307,10.885,10.852,10.93,9.914,9.519,10.701,10.458
118.03,18,10.475,10.91,10.304,10.197,9.28,9.245,9.91,11.31,9.216,10.582,9.797,10.044,10.329,10.013,9.726,10.166,9.384,10.8,10.808,10.959,9.866,9.584,10.725,10.459
119.03,18,10.575,10.89,10.278,10.275,9.274,9.222,9.897,11.428,9.23,10.517,9.82,10.053,10.317,10.011,9.687,10.122,9.371,10.839,10.778,11.011,9.867,9.542,10.724,10.546
120.03,18,10.503,10.905,10.243,10.237,9.267,9.203,10.014,11.363,9.239,10.466,9.824,10.075,10.261,9.949,9.763,10.162,9.374,10.804,10.882,10.917,9.839,9.596,10.748,10.469
121.03,18,10.554,11.009,10.259,10.275,9.254,9.245,10.042,11.336,9.208,10.525,9.837,10.081,10.269,9.955,9.68,10.073,9.347,10.857,10.821,10.895,9.863,9.574,10.645,10.483
122.03,18,10.538,10.898,10.246,10.24,9.185,9.249,9.951,11.333,9.214,10.472,9.768,10.037,10.34,9.947,9.72,10.102,9.386,10.808,10.802,10.882,9.886,9.681,10.744,10.47
123.03,18,10.565,10.936,10.217,10.222,9.271,9.234,10.018,11.329,9.27,10.502,9.852,10.086,10.274,9.99,9.638,10.106,9.386,10.75,10.749,10.839,9.869,9.619,10.751,10.459
124.03,18,10.565,10.864,10.313,10.195,9.264,9.261,10.032,11.338,9.266,10.479,9.768,10.111,10.285,10.018,9.753,10.043,9.304,10.834,10.79,10.905,9.838,9.547,10.753,10.475
125.03,18,10.529,10.938,10.24,10.264,9.281,9.277,10.029,11.357,9.232,10.527,9.807,10.073,10.307,9.996,9.742,10.085,9.314,10.761,10.755,10.869,9.902,9.531,10.66,10.457
126.03,18,10.498,10.921,10.247,10.199,9.28,9.238,9.915,11.312,9.264,10.524,9.798,10.058,10.292,10.011,9.622,10.115,9.295,10.805,10.783,10.852,9.855,9.539,10.67,10.476
127.03,18,10.506,10.882,10.162,10.222,9.26,9.224,10.013,11.268,9.274,10.52,9.798,10.084,10.278,9.973,9.645,10.153,9.317,10.745,10.848,10.839,9.873,9.625,10.648,10.466
128.03,18,10.553,10.977,10.21,10.231,9.247,9.186,9.973,11.349,9.255,10.547,9.767,10.062,10.307,9.92,9.666,10.138,9.308,10.756,10.781,10.897,9.833,9.614,10.744,10.481
129.03,18,10.528,10.879,10.25,10.24,9.339,9.204,9.979,11.307,9.152,10.576,9.827,10.136,10.251,9.978,9.662,10.121,9.319,10.794,10.755,10.907,9.856,9.589,10.714,10.543
130.03,18,10.522,10.961,10.237,10.248,9.39,9.231,10.036,11.334,9.279,10.586,9.851,10.08,10.179,10.029,9.677,10.107,9.254,10.732,10.791,10.831,9.834,9.651,10.714,10.444
131.03,18,10.533,10.948,10.248,10.244,9.305,9.274,10.025,11.26,9.209,10.551,9.756,10.105,10.314,9.897,9.776,10.158,9.388,10.737,10.859,10.847,9.861,9.556,10.687,10.48
132.03,18,10.499,10.907,10.267,10.239,9.285,9.247,9.974,11.363,9.213,10.647,9.842,10.064,10.313,9.924,9.67,10.152,9.385,10.686,10.826,10.849,9.759,9.513,10.678,10.504
133.03,18,10.513,10.922,10.2,10.21,9.314,9.245,10.048,11.337,9.257,10.584,9.83,10.129,10.259,9.91,9.754,10.213,9.235,10.792,10.797,10.918,9.852,9.586,10.66,10.516
134.03,18,10.436,10.883,10.262,10.249,9.258,9.27,10.055,11.315,9.183,10.613,9.764,10.11,10.29,9.865,9.794,10.225,9.343,10.733,10.795,10.953,9.798,9.606,10.716,10.55
135.03,18,10.534,10.932,10.231,10.239,9.261,9.248,9.979,11.251,9.198,10.671,9.778,10.124,10.302,9.902,9.695,10.18,9.319,10.713,10.836,10.9,9.799,9.567,10.672,10.558
136.03,18,10.575,10.938,10.239,10.24,9.297,9.304,10.04,11.291,9.278,10.662,9.763,10.063,10.278,9.899,9.724,10.176,9.32,10.761,10.787,10.921,9.78,9.558,10.708,10.525
137.03,18,10.442,10.899,10.279,10.2,9.296,9.261,10.07,11.322,9.264,10.598,9.753,10.067,10.269,9.95,9.812,10.195,9.252,10.721,10.772,10.899,9.814,9.55,10.612,10.484
138.03,18,10.526,10.895,10.223,10.198,9.297,9.253,10.051,11.339,9.287,10.63,9.747,10.064,10.274,10.019,9.755,10.235,9.329,10.797,10.822,10.893,9.81,9.561,10.727,10.439
139.03,18,10.587,10.809,10.279,10.213,9.249,9.252,10.005,11.325,9.265,10.558,9.667,10.053,10.33,9.903,9.738,10.211,9.313,10.753,10.767,10.988,9.797,9.494,10.666,10.485
140.03,18,10.44,10.898,10.321,10.197,9.258,9.279,9.985,11.29,9.249,10.591,9.789,10.03,10.219,9.963,9.739,10.241,9.395,10.739,10.735,10.882,9.71,9.569,10.708,10.498
141.03,18,10.537,10.887,10.217,10.212,9.322,9.263,9.998,11.285,9.236,10.623,9.712,10.088,10.187,10.018,9.71,10.175,9.347,10.733,10.716,10.889,9.858,9.525,10.653,10.48
142.03,18,10.561,10.885,10.316,10.196,9.308,9.239,10.038,11.207,9.293,10.649,9.819,10.086,10.299,9.938,9.726,10.151,9.32,10.747,10.813,10.903,9.759,9.587,10.649,10.51
143.03,18,10.523,10.774,10.154,10.236,9.267,9.226,10.001,11.314,9.238,10.556,9.725,10.033,10.222,9.95,9.744,10.161,9.334,10.787,10.816,10.937,9.774,9.585,10.693,10.527
144.03,18,10.462,10.929,10.308,10.289,9.317,9.244,10.011,11.308,9.251,10.649,9.75,9.99,10.258,9.939,9.739,10.201,9.255,10.73,10.716,10.847,9.781,9.607,10.666,10.477
145.03,18,10.536,10.902,10.195,10.208,9.335,9.274,10.021,11.236,9.276,10.581,9.755,10.134,10.111,9.912,9.668,10.131,9.311,10.792,10.833,10.915,9.756,9.54,10.657,10.498
146.03,18,10.507,10.867,10.247,10.206,9.29,9.306,10,11.253,9.218,10.632,9.754,10.063,10.252,9.917,9.62,10.09,9.294,10.731,10.761,10.917,9.823,9.586,10.633,10.472
147.03,18,10.513,10.821,10.226,10.231,9.285,9.325,10.086,11.269,9.277,10.634,9.871,10.084,10.203,9.967,9.661,10.066,9.337,10.718,10.795,10.924,9.827,9.588,10.689,10.384
148.03,18,10.518,10.868,10.232,10.148,9.301,9.261,10.021,11.239,9.232,10.65,9.806,10.097,10.232,9.909,9.791,10.137,9.282,10.684,10.792,10.893,9.755,9.531,10.708,10.497
149.03,18,10.48,10.848,10.269,10.13,9.357,9.273,10.016,11.289,9.234,10.663,9.826,10.05,10.311,9.982,9.721,10.196,9.288,10.749,10.691,10.891,9.805,9.558,10.663,10.56
150.03,18,10.505,10.88,10.298,10.228,9.368,9.164,9.993,11.26,9.203,10.632,9.759,10.125,10.283,9.904,9.662,10.156,9.329,10.724,10.74,10.896,9.835,9.612,10.678,10.468
151.03,18,10.532,10.815,10.286,10.19,9.264,9.271,9.887,11.242,9.281,10.565,9.802,10.082,10.21,9.916,9.672,10.157,9.267,10.723,10.66,10.784,9.833,9.646,10.719,10.438
152.03,18,10.45,10.887,10.249,10.118,9.281,9.298,9.94,11.273,9.25,10.584,9.758,10.075,10.298,9.921,9.76,10.139,9.326,10.724,10.684,10.906,9.815,9.564,10.647,10.441
153.03,18,10.53,10.862,10.284,10.145,9.311,9.344,9.977,11.217,9.22,10.636,9.771,10.115,10.287,9.923,9.676,10.163,9.32,10.748,10.718,10.902,9.819,9.527,10.733,10.473
154.03,18,10.562,10.88,10.267,10.213,9.273,9.35,9.966,11.307,9.311,10.581,9.779,10.115,10.259,9.981,9.745,10.143,9.327,10.798,10.644,10.832,9.861,9.567,10.717,10.39
155.03,18,10.537,10.865,10.251,10.145,9.278,9.303,9.945,11.218,9.277,10.587,9.787,10.151,10.266,10.011,9.736,10.118,9.263,10.752,10.735,10.901,9.895,9.567,10.678,10.422
156.03,18,10.554,10.832,10.226,10.159,9.372,9.304,10.1,11.287,9.31,10.67,9.791,10.067,10.248,10.002,9.714,10.132,9.355,10.75,10.695,10.921,9.875,9.567,10.733,10.401
157.03,18,10.531,10.907,10.256,10.139,9.29,9.319,10.075,11.262,9.278,10.633,9.768,10.101,10.219,9.957,9.677,10.127,9.275,10.718,10.689,10.919,9.862,9.539,10.741,10.432
158.03,18,10.55,10.828,10.293,10.175,9.299,9.267,9.989,11.308,9.271,10.625,9.731,10.118,10.339,9.945,9.719,10.031,9.309,10.741,10.712,10.908,9.843,9.651,10.737,10.425
159.03,18,10.528,10.813,10.204,10.149,9.299,9.345,9.959,11.25,9.291,10.643,9.728,10.022,10.26,9.97,9.724,10.077,9.261,10.755,10.621,10.906,9.77,9.606,10.649,10.43
160.03,18,10.583,10.782,10.266,10.209,9.256,9.259,9.979,11.243,9.275,10.667,9.747,10.089,10.171,9.91,9.802,10.142,9.292,10.759,10.673,10.884,9.809,9.617,10.732,10.478
161.03,18,10.615,10.837,10.18,10.181,9.205,9.279,9.943,11.244,9.342,10.609,9.732,10.081,10.235,9.99,9.717,10.136,9.335,10.705,10.719,10.966,9.862,9.544,10.728,10.468
162.03,18,10.597,10.736,10.259,10.141,9.267,9.217,9.94,11.26,9.267,10.675,9.675,10.112,10.25,10,9.734,10.115,9.317,10.758,10.703,10.883,9.872,9.624,10.741,10.501
163.03,18,10.478,10.778,10.209,10.127,9.243,9.302,10.002,11.272,9.3,10.672,9.733,10.016,10.241,9.989,9.733,10.134,9.343,10.758,10.691,10.842,9.798,9.619,10.72,10.466
164.03,18,10.536,10.825,10.247,10.141,9.256,9.235,9.962,11.255,9.231,10.627,9.739,10.108,10.311,9.922,9.776,10.17,9.327,10.747,10.717,10.849,9.729,9.576,10.693,10.468
165.03,18,10.515,10.757,10.197,10.112,9.272,9.24,10.006,11.229,9.3,10.693,9.747,10.103,10.279,9.957,9.734,10.209,9.334,10.779,10.726,10.891,9.858,9.549,10.629,10.495
166.03,18,10.603,10.747,10.242,10.08,9.222,9.305,9.991,11.259,9.255,10.691,9.76,10.108,10.286,9.912,9.734,10.17,9.314,10.834,10.723,10.917,9.884,9.589,10.678,10.51
167.03,18,10.542,10.781,10.197,10.085,9.19,9.224,10.002,11.266,9.271,10.784,9.766,10.165,10.29,9.929,9.691,10.143,9.292,10.814,10.707,10.881,9.844,9.6,10.667,10.471
168.03,18,10.556,10.795,10.181,10.166,9.247,9.321,9.982,11.242,9.248,10.62,9.781,10.135,10.251,9.936,9.761,10.162,9.329,10.754,10.691,10.845,9.826,9.614,10.68,10.489
169.03,18,10.581,10.758,10.266,10.045,9.273,9.253,10.004,11.244,9.297,10.661,9.692,10.075,10.281,9.941,9.745,10.109,9.239,10.756,10.701,10.889,9.835,9.604,10.645,10.484
170.03,18,10.542,10.687,10.2,10.069,9.204,9.3,10.006,11.207,9.312,10.634,9.732,10.068,10.281,10.035,9.744,10.158,9.273,10.792,10.654,10.844,9.833,9.631,10.642,10.5
171.03,18,10.498,10.727,10.278,10.113,9.241,9.298,10.062,11.288,9.303,10.695,9.684,10.117,10.363,9.958,9.793,10.137,9.293,10.773,10.721,10.879,9.844,9.55,10.63,10.445
172.03,18,10.571,10.799,10.279,10.192,9.265,9.309,10.02,11.298,9.305,10.714,9.802,10.079,10.256,9.995,9.716,10.177,9.357,10.867,10.7,10.842,9.832,9.626,10.706,10.495
173.03,18,10.577,10.741,10.259,10.134,9.286,9.271,10.035,11.291,9.286,10.692,9.815,10.032,10.296,9.995,9.79,10.135,9.298,10.798,10.682,10.832,9.833,9.617,10.622,10.48
174.03,18,10.505,10.736,10.23,10.213,9.243,9.301,10.019,11.286,9.322,10.804,9.803,10.063,10.298,9.973,9.78,10.181,9.332,10.81,10.739,10.857,9.811,9.602,10.676,10.45
175.03,18,10.501,10.767,10.184,10.151,9.179,9.266,10.04,11.202,9.344,10.641,9.784,10.001,10.35,10.009,9.824,10.206,9.342,10.83,10.764,10.871,9.805,9.718,10.619,10.43
176.03,18,10.524,10.733,10.274,10.161,9.275,9.274,9.986,11.314,9.278,10.705,9.776,10.042,10.368,9.99,9.748,10.155,9.223,10.892,10.777,10.84,9.802,9.66,10.713,10.486
177.03,18,10.591,10.757,10.297,10.104,9.244,9.267,9.951,11.333,9.261,10.79,9.788,10.082,10.23,9.955,9.754,10.167,9.283,10.825,10.763,10.879,9.764,9.613,10.661,10.493
178.03,18,10.541,10.743,10.24,10.162,9.262,9.294,9.982,11.285,9.295,10.679,9.812,10.004,10.306,9.975,9.765,10.115,9.25,10.829,10.748,10.855,9.782,9.608,10.703,10.463
179.03,18,10.517,10.698,10.333,10.12,9.218,9.295,10.029,11.3,9.259,10.662,9.818,10.106,10.313,9.951,9.764,10.163,9.39,10.859,10.687,10.892,9.807,9.633,10.689,10.415
180.03,18,10.549,10.714,10.285,10.151,9.269,9.315,9.995,11.259,9.253,10.73,9.715,10.026,10.323,9.97,9.76,10.247,9.294,10.869,10.703,10.853,9.753,9.563,10.701,10.471
181.03,18,10.518,10.714,10.262,10.108,9.226,9.267,9.957,11.324,9.277,10.707,9.795,10.019,10.28,10.04,9.713,10.165,9.28,10.86,10.708,10.874,9.823,9.647,10.792,10.528
182.03,18,10.643,10.687,10.268,10.166,9.283,9.245,10.071,11.339,9.194,10.698,9.772,10.046,10.276,9.948,9.75,10.229,9.209,10.86,10.766,10.878,9.862,9.687,10.726,10.504
183.03,18,10.581,10.765,10.3,10.102,9.155,9.345,10.078,11.341,9.253,10.742,9.772,10.091,10.254,10.057,9.788,10.15,9.241,10.813,10.748,10.912,9.775,9.704,10.724,10.503
184.03,18,10.526,10.778,10.302,10.198,9.201,9.27,10.023,11.295,9.265,10.748,9.807,10.093,10.313,9.954,9.767,10.225,9.274,10.854,10.703,10.893,9.828,9.672,10.692,10.517
185.03,18,10.503,10.702,10.274,10.184,9.199,9.278,9.957,11.303,9.255,10.728,9.77,10.062,10.195,10.1,9.75,10.211,9.3,10.803,10.792,10.903,9.724,9.691,10.741,10.413
186.03,18,10.597,10.773,10.273,10.166,9.221,9.201,9.989,11.343,9.272,10.733,9.831,10.14,10.258,10.014,9.714,10.211,9.264,10.806,10.739,10.94,9.821,9.675,10.676,10.505
187.03,18,10.507,10.75,10.314,10.113,9.217,9.297,10.049,11.25,9.267,10.624,9.815,10.074,10.245,9.951,9.743,10.185,9.219,10.809,10.663,10.887,9.797,9.706,10.72,10.417
188.03,18,10.539,10.758,10.304,10.214,9.187,9.269,9.974,11.272,9.245,10.603,9.798,10.039,10.237,10.046,9.727,10.17,9.159,10.835,10.728,10.867,9.765,9.647,10.744,10.444
189.03,18,10.582,10.817,10.337,10.192,9.217,9.328,10.011,11.286,9.176,10.646,9.808,9.945,10.33,9.992,9.766,10.183,9.2,10.813,10.796,10.953,9.791,9.624,10.764,10.527
190.03,18,10.572,10.741,10.343,10.166,9.152,9.324,9.982,11.304,9.267,10.619,9.817,10.019,10.32,10.029,9.746,10.153,9.147,10.834,10.771,10.929,9.842,9.676,10.65,10.562
191.03,18,10.603,10.698,10.276,10.064,9.16,9.311,9.995,11.258,9.214,10.668,9.871,9.99,10.292,9.995,9.745,10.155,9.248,10.902,10.769,10.907,9.791,9.648,10.715,10.466
192.03,18,10.61,10.721,10.293,10.2,9.19,9.318,10.059,11.248,9.263,10.63,9.867,9.985,10.314,10.061,9.69,10.191,9.223,10.869,10.697,10.927,9.8,9.652,10.709,10.446
193.03,18,10.58,10.725,10.282,10.157,9.193,9.243,9.952,11.268,9.209,10.676,9.829,10.018,10.249,9.986,9.759,10.19,9.18,10.88,10.754,10.913,9.805,9.643,10.719,10.474
194.03,18,10.599,10.775,10.3,10.165,9.186,9.356,10.008,11.276,9.287,10.655,9.823,10.062,10.267,10.019,9.7,10.282,9.205,10.914,10.75,10.951,9.882,9.605,10.709,10.506
195.03,18,10.599,10.745,10.342,10.195,9.138,9.295,10.026,11.267,9.188,10.648,9.811,10.02,10.314,10.033,9.659,10.164,9.143,10.908,10.747,10.944,9.798,9.623,10.723,10.446
196.03,18,10.518,10.756,10.359,10.115,9.184,9.294,9.919,11.334,9.315,10.609,9.889,9.994,10.273,10.019,9.72,10.239,9.158,10.973,10.769,10.968,9.812,9.623,10.68,10.441
197.03,18,10.59,10.736,10.339,10.161,9.211,9.296,9.981,11.325,9.282,10.627,9.842,10.048,10.32,10.017,9.641,10.107,9.232,10.878,10.777,10.873,9.861,9.617,10.675,10.464
198.03,18,10.589,10.754,10.341,10.163,9.153,9.275,10.026,11.301,9.243,10.643,9.842,9.992,10.299,10.036,9.735,10.104,9.167,10.91,10.719,10.933,9.81,9.642,10.595,10.403
199.03,18,10.518,10.764,10.315,10.143,9.277,9.351,9.951,11.296,9.272,10.668,9.847,9.974,10.338,9.966,9.704,9.993,9.117,10.896,10.755,10.997,9.821,9.63,10.736,10.299
200.03,18,10.555,10.744,10.355,10.079,9.248,9.248,9.969,11.256,9.259,10.584,9.887,10.015,10.29,10.047,9.77,9.967,9.079,10.877,10.649,11.004,9.835,9.592,10.63,10.245
201.03,18,10.63,10.783,10.233,10.217,9.219,9.309,10.028,11.237,9.268,10.582,9.935,10.066,10.272,10.012,9.664,9.967,9.122,10.919,10.662,10.876,9.881,9.589,10.685,10.186
202.03,18,10.567,10.754,10.361,10.172,9.23,9.403,9.93,11.369,9.349,10.637,9.818,10.096,10.284,9.974,9.78,9.876,9.103,10.946,10.755,10.915,9.799,9.595,10.752,10.139
203.03,18,10.564,10.733,10.277,10.134,9.221,9.359,9.963,11.256,9.328,10.575,9.84,10.061,10.315,9.975,9.749,9.846,9.126,10.923,10.661,10.872,9.828,9.58,10.67,10.023
204.03,18,10.538,10.738,10.319,10.088,9.223,9.392,9.954,11.213,9.207,10.624,9.808,10.022,10.255,10,9.686,9.739,9.088,10.973,10.77,10.926,9.836,9.63,10.711,9.942
205.03,18,10.58,10.752,10.278,10.132,9.204,9.328,10.014,11.272,9.271,10.708,9.895,10.024,10.272,9.987,9.707,9.666,9.126,11.021,10.766,10.906,9.822,9.602,10.721,9.864
206.03,18,10.576,10.838,10.3,10.237,9.217,9.332,10.01,11.27,9.257,10.666,9.854,10.028,10.253,9.985,9.716,9.607,9.049,11.015,10.723,10.864,9.805,9.667,10.718,9.73
207.03,18,10.602,10.808,10.292,10.143,9.148,9.396,10.031,11.336,9.257,10.606,9.829,9.967,10.295,10.007,9.754,9.562,9.018,10.97,10.651,10.887,9.857,9.624,10.695,9.681
208.03,18,10.606,10.811,10.23,10.066,9.151,9.365,10.049,11.312,9.259,10.678,9.863,10.014,10.211,10.016,9.72,9.497,9.039,10.929,10.648,10.946,9.803,9.654,10.665,9.565
209.03,18,10.554,10.8,10.252,10.14,9.216,9.37,10.034,11.311,9.311,10.577,9.84,10.065,10.232,9.987,9.764,9.293,8.996,10.9,10.664,10.961,9.831,9.645,10.677,9.451
210.03,18,10.562,10.726,10.34,10.158,9.214,9.376,9.972,11.311,9.323,10.748,9.81,9.946,10.281,10.031,9.729,9.306,8.96,10.958,10.699,10.944,9.796,9.636,10.689,9.336
211.03,18,10.565,10.75,10.362,10.14,9.195,9.334,10.018,11.278,9.246,10.685,9.836,10.012,10.244,9.941,9.735,9.219,8.973,10.909,10.774,10.882,9.803,9.681,10.708,9.247
212.03,18,10.5,10.745,10.32,10.151,9.134,9.425,10.012,11.246,9.264,10.728,9.803,9.963,10.234,10.007,9.689,9.142,8.928,11.009,10.684,10.891,9.855,9.58,10.622,9.177
213.03,18,10.52,10.813,10.351,10.163,9.193,9.307,10.027,11.245,9.204,10.687,9.778,10.007,10.191,9.985,9.688,9.086,8.966,10.94,10.767,10.966,9.789,9.637,10.649,9.071
214.03,18,10.589,10.793,10.386,10.159,9.19,9.365,9.975,11.27,9.18,10.638,9.854,9.988,10.212,10.005,9.651,8.966,8.97,11.012,10.688,10.948,9.782,9.656,10.649,8.899
215.03,18,10.619,10.744,10.346,10.145,9.148,9.321,10.052,11.216,9.118,10.624,9.878,9.946,10.208,10.096,9.686,8.923,8.84,11.019,10.707,10.902,9.763,9.712,10.587,8.841
216.03,18,10.537,10.793,10.402,10.158,9.167,9.36,10.048,11.228,9.153,10.718,9.846,9.936,10.241,10.012,9.703,8.858,8.964,10.967,10.764,10.916,9.78,9.633,10.6,8.779
217.03,18,10.566,10.738,10.377,10.217,9.165,9.408,10.061,11.218,9.087,10.646,9.785,9.951,10.309,9.942,9.728,8.831,8.842,10.943,10.757,10.982,9.875,9.606,10.702,8.675
218.03,18,10.634,10.761,10.417,10.197,9.118,9.317,10.043,11.259,9.06,10.67,9.807,9.9,10.246,9.984,9.765,8.777,8.828,10.961,10.712,11.011,9.798,9.636,10.618,8.588
219.03,18,10.617,10.777,10.417,10.207,9.069,9.392,10.098,11.205,9.042,10.701,9.801,9.986,10.261,10.067,9.74,8.656,8.843,11.019,10.757,11.049,9.835,9.703,10.642,8.603
220.03,18,10.533,10.738,10.361,10.198,9.157,9.369,10.018,11.227,9.013,10.729,9.776,9.943,10.183,10.055,9.636,8.622,8.76,10.958,10.662,10.984,9.749,9.746,10.652,8.519
221.03,18,10.613,10.765,10.422,10.183,9.089,9.334,9.964,11.254,9.012,10.706,9.749,9.982,10.236,9.977,9.684,8.655,8.797,11.016,10.704,10.922,9.788,9.679,10.71,8.482
222.03,18,10.642,10.765,10.352,10.197,9.11,9.369,10.079,11.249,8.936,10.783,9.771,9.976,10.195,10.107,9.7,8.603,8.766,10.986,10.674,10.957,9.801,9.629,10.657,8.429
223.03,18,10.582,10.773,10.387,10.192,9.223,9.409,10,11.257,8.854,10.807,9.796,9.894,10.26,9.974,9.698,8.604,8.736,10.923,10.697,10.925,9.804,9.732,10.635,8.456
224.03,18,10.555,10.732,10.426,10.244,9.103,9.341,10.013,11.228,8.814,10.747,9.798,9.903,10.263,10.018,9.706,8.573,8.691,11.037,10.717,10.99,9.754,9.654,10.613,8.339
225.03,18,10.532,10.733,10.516,10.244,9.172,9.404,10.086,11.268,8.793,10.765,9.808,9.958,10.234,10.008,9.737,8.571,8.706,11.055,10.674,10.942,9.792,9.638,10.658,8.476
226.03,18,10.608,10.688,10.363,10.184,9.154,9.398,9.963,11.321,8.711,10.817,9.746,9.947,10.246,9.953,9.713,8.603,8.733,10.948,10.763,10.95,9.804,9.623,10.728,8.361
227.03,18,10.565,10.747,10.399,10.233,9.12,9.332,10.049,11.272,8.695,10.695,9.797,9.969,10.244,10.054,9.724,8.562,8.772,11.024,10.634,10.895,9.771,9.654,10.607,8.404
228.03,18,10.56,10.697,10.516,10.192,9.111,9.364,10.044,11.257,8.712,10.738,9.825,9.955,10.294,9.968,9.747,8.547,8.772,11.012,10.724,10.877,9.837,9.608,10.589,8.425
229.03,18,10.496,10.788,10.476,10.204,9.139,9.31,10.056,11.252,8.644,10.735,9.831,10.011,10.279,9.946,9.766,8.594,8.742,11.017,10.751,10.954,9.745,9.675,10.594,8.372
230.03,18,10.538,10.749,10.479,10.164,9.124,9.371,10.078,11.306,8.637,10.736,9.77,9.994,10.276,9.933,9.723,8.606,8.745,11.04,10.699,10.947,9.843,9.653,10.63,8.412
231.03,18,10.507,10.656,10.434,10.192,9.183,9.347,10.007,11.281,8.591,10.704,9.857,9.989,10.263,9.916,9.741,8.621,8.73,11.009,10.7,10.982,9.764,9.66,10.654,8.399
232.03,18,10.482,10.721,10.414,10.241,9.115,9.363,10.055,11.096,8.548,10.717,9.888,9.925,10.276,9.823,9.735,8.62,8.718,11.024,10.635,10.941,9.774,9.66,10.671,8.399
233.03,18,10.591,10.723,10.455,10.247,9.16,9.289,10.079,11.038,8.585,10.787,9.822,9.941,10.284,9.761,9.752,8.592,8.72,11.01,10.693,10.908,9.807,9.669,10.682,8.419
234.03,18,10.513,10.766,10.47,10.301,9.108,9.306,10.07,11.059,8.591,10.659,9.793,9.935,10.268,9.704,9.715,8.529,8.756,10.974,10.703,10.997,9.771,9.646,10.674,8.454
235.03,18,10.526,10.722,10.441,10.215,9.116,9.298,10.127,10.945,8.482,10.73,9.792,9.973,10.23,9.656,9.702,8.605,8.762,11.016,10.674,10.974,9.796,9.696,10.655,8.507
236.03,18,10.503,10.752,10.427,10.258,9.102,9.354,10.138,10.863,8.617,10.746,9.79,9.96,10.276,9.576,9.73,8.621,8.75,11.018,10.63,11.005,9.778,9.646,10.631,8.448
237.03,18,10.528,10.773,10.477,10.221,9.071,9.254,10.141,10.78,8.559,10.826,9.789,9.923,10.224,9.444,9.725,8.603,8.702,10.999,10.757,10.959,9.759,9.652,10.651,8.402
238.03,18,10.539,10.816,10.487,10.281,8.997,9.322,10.13,10.607,8.493,10.827,9.853,9.986,10.191,9.333,9.768,8.593,8.755,11.014,10.703,11.001,9.763,9.617,10.654,8.444
239.03,18,10.55,10.745,10.502,10.258,9.077,9.265,10.142,10.559,8.513,10.75,9.74,9.993,10.286,9.293,9.786,8.539,8.743,10.978,10.705,10.992,9.802,9.594,10.704,8.399
240.03,18,10.578,10.735,10.493,10.17,9.027,9.359,10.124,10.373,8.559,10.741,9.766,9.918,10.297,9.166,9.793,8.563,8.754,11.044,10.675,10.986,9.844,9.673,10.674,8.458
241.03,18,10.582,10.736,10.493,10.3,8.959,9.311,10.166,10.315,8.498,10.791,9.763,9.977,10.325,9.063,9.749,8.548,8.772,10.905,10.676,11.035,9.8,9.626,10.681,8.452
242.03,18,10.541,10.674,10.414,10.326,8.864,9.268,10.138,10.158,8.534,10.733,9.767,9.967,10.34,9.02,9.766,8.558,8.746,10.992,10.699,10.985,9.765,9.695,10.681,8.413
243.03,18,10.598,10.755,10.438,10.275,8.85,9.322,10.122,10.082,8.538,10.768,9.804,10.007,10.314,8.917,9.8,8.507,8.718,10.998,10.699,10.947,9.727,9.565,10.673,8.42
244.03,18,10.553,10.745,10.43,10.291,8.795,9.29,10.1,9.869,8.488,10.667,9.771,9.97,10.321,8.817,9.714,8.57,8.69,11.023,10.649,11.02,9.692,9.586,10.646,8.442
245.03,18,10.594,10.829,10.484,10.297,8.724,9.376,10.063,9.866,8.446,10.653,9.775,9.909,10.301,8.697,9.825,8.571,8.805,11.002,10.634,11.004,9.643,9.587,10.685,8.423
246.03,18,10.534,10.739,10.433,10.303,8.686,9.274,10.187,9.641,8.518,10.702,9.8,9.916,10.311,8.714,9.829,8.609,8.666,11.014,10.695,10.942,9.569,9.589,10.651,8.438
247.03,18,10.548,10.76,10.405,10.23,8.58,9.376,10.159,9.547,8.522,10.778,9.801,9.883,10.281,8.614,9.741,8.548,8.758,10.968,10.712,10.994,9.55,9.657,10.686,8.475
248.03,18,10.55,10.732,10.424,10.224,8.55,9.385,10.177,9.456,8.528,10.711,9.748,9.87,10.297,8.495,9.792,8.603,8.739,10.927,10.701,10.918,9.546,9.606,10.653,8.402
249.03,18,10.527,10.698,10.45,10.257,8.426,9.355,10.204,9.32,8.537,10.721,9.687,9.921,10.31,8.539,9.814,8.638,8.724,10.925,10.655,10.907,9.474,9.577,10.635,8.437
250.03,18,10.539,10.718,10.412,10.287,8.445,9.316,10.191,9.174,8.5,10.698,9.769,9.917,10.344,8.416,9.783,8.563,8.762,11.032,10.682,10.851,9.439,9.54,10.66,8.363
251.03,18,10.472,10.734,10.375,10.23,8.369,9.357,10.192,9.145,8.541,10.751,9.815,9.897,10.335,8.399,9.762,8.521,8.759,10.997,10.644,10.942,9.434,9.632,10.61,8.383
252.03,18,10.508,10.741,10.404,10.27,8.264,9.419,10.18,9.057,8.534,10.769,9.804,9.907,10.364,8.364,9.731,8.605,8.729,10.98,10.69,10.963,9.321,9.629,10.689,8.422
253.03,18,10.48,10.76,10.405,10.253,8.271,9.353,10.207,8.952,8.53,10.767,9.802,9.874,10.361,8.317,9.771,8.554,8.789,10.927,10.668,10.937,9.225,9.644,10.628,8.469
254.03,18,10.508,10.803,10.5,10.267,8.148,9.413,10.146,8.897,8.474,10.701,9.749,9.894,10.387,8.298,9.767,8.641,8.706,10.982,10.636,10.95,9.232,9.621,10.577,8.44
255.03,18,10.556,10.774,10.454,10.204,8.156,9.349,10.246,8.862,8.521,10.795,9.805,9.996,10.368,8.27,9.754,8.566,8.719,10.923,10.634,10.974,9.164,9.679,10.62,8.503
256.03,18,10.443,10.726,10.466,10.178,8.057,9.376,10.184,8.884,8.503,10.75,9.773,9.953,10.324,8.28,9.727,8.551,8.718,10.954,10.695,10.868,9.146,9.651,10.678,8.402
257.03,18,10.503,10.764,10.513,10.215,8.031,9.372,10.184,8.852,8.5,10.709,9.788,9.906,10.421,8.197,9.809,8.542,8.729,10.925,10.724,10.864,9.116,9.615,10.611,8.51
258.03,18,10.5,10.762,10.436,10.192,7.966,9.245,10.128,8.799,8.549,10.718,9.764,9.985,10.323,8.328,9.792,8.575,8.749,10.933,10.658,10.853,9.116,9.57,10.601,8.434
259.03,18,10.571,10.754,10.482,10.227,7.934,9.268,10.035,8.875,8.552,10.698,9.748,9.961,10.381,8.283,9.822,8.59,8.752,10.951,10.658,10.839,9.038,9.621,10.61,8.435
260.03,18,10.526,10.712,10.454,10.2,7.927,9.359,9.994,8.868,8.54,10.75,9.785,9.96,10.309,8.299,9.767,8.641,8.782,10.916,10.613,10.864,8.957,9.668,10.571,8.402
261.03,18,10.515,10.666,10.45,10.198,7.836,9.276,9.923,8.882,8.569,10.711,9.713,9.957,10.311,8.267,9.766,8.57,8.732,10.961,10.648,10.892,8.949,9.621,10.592,8.411
262.03,18,10.502,10.774,10.402,10.255,7.898,9.295,9.87,8.813,8.478,10.653,9.726,9.958,10.302,8.262,9.72,8.588,8.717,10.953,10.67,10.861,8.908,9.586,10.591,8.446
263.03,18,10.508,10.837,10.436,10.124,7.868,9.332,9.772,8.851,8.452,10.701,9.779,9.944,10.204,8.27,9.768,8.545,8.684,10.85,10.622,10.928,8.844,9.625,10.585,8.414
264.03,18,10.488,10.83,10.41,10.18,7.877,9.323,9.705,8.78,8.466,10.665,9.751,9.927,10.233,8.322,9.736,8.528,8.733,10.92,10.675,10.9,8.839,9.649,10.578,8.433
265.03,18,10.525,10.737,10.489,10.259,7.823,9.318,9.585,8.872,8.511,10.66,9.743,9.909,10.106,8.291,9.726,8.595,8.699,10.863,10.672,10.919,8.798,9.657,10.596,8.336
266.03,18,10.509,10.803,10.416,10.255,7.94,9.328,9.47,8.798,8.47,10.678,9.784,9.931,10.064,8.24,9.761,8.538,8.733,10.917,10.657,10.975,8.766,9.662,10.573,8.483
267.03,18,10.576,10.783,10.494,10.242,7.91,9.351,9.385,8.864,8.411,10.648,9.764,9.938,10.03,8.276,9.799,8.584,8.683,10.905,10.696,10.96,8.667,9.622,10.55,8.367
268.03,18,10.561,10.783,10.419,10.2,7.861,9.335,9.25,8.773,8.502,10.594,9.762,9.94,10.009,8.299,9.809,8.548,8.695,10.875,10.677,10.899,8.79,9.652,10.567,8.406
269.03,18,10.55,10.77,10.405,10.252,7.838,9.301,9.086,8.819,8.44,10.634,9.789,9.965,9.826,8.253,9.769,8.587,8.693,10.878,10.684,10.896,8.752,9.674,10.563,8.443
270.03,18,10.515,10.806,10.418,10.248,7.83,9.306,9.034,8.83,8.507,10.632,9.771,9.886,9.733,8.246,9.779,8.553,8.71,10.902,10.701,10.948,8.805,9.633,10.508,8.469
271.03,18,10.51,10.787,10.428,10.261,7.945,9.317,8.938,8.831,8.536,10.616,9.744,9.913,9.678,8.296,9.811,8.575,8.702,10.817,10.701,10.917,8.773,9.606,10.552,8.345
272.03,18,10.525,10.698,10.483,10.26,7.843,9.338,8.819,8.82,8.513,10.692,9.76,9.966,9.554,8.249,9.802,8.494,8.738,10.866,10.618,10.898,8.777,9.691,10.518,8.447
273.03,18,10.484,10.7,10.481,10.335,7.819,9.402,8.718,8.793,8.493,10.718,9.756,9.918,9.444,8.308,9.788,8.582,8.696,10.895,10.643,10.895,8.838,9.705,10.529,8.363
274.03,18,10.533,10.751,10.427,10.276,7.865,9.363,8.709,8.843,8.539,10.719,9.757,10.005,9.341,8.351,9.798,8.52,8.682,10.881,10.665,10.939,8.843,9.648,10.493,8.399
275.03,18,10.475,10.813,10.538,10.286,7.944,9.343,8.485,8.866,8.488,10.771,9.726,9.951,9.185,8.309,9.832,8.636,8.683,10.823,10.723,10.932,8.751,9.674,10.518,8.402
276.03,18,10.492,10.785,10.399,10.253,7.916,9.295,8.464,8.831,8.486,10.693,9.712,9.924,9.057,8.269,9.773,8.518,8.741,10.892,10.694,10.907,8.722,9.621,10.495,8.399
277.03,18,10.522,10.808,10.508,10.225,7.826,9.386,8.37,8.838,8.47,10.669,9.848,9.929,8.961,8.281,9.794,8.582,8.708,10.863,10.631,10.939,8.801,9.719,10.555,8.435
278.03,18,10.517,10.848,10.489,10.291,7.853,9.428,8.344,8.875,8.45,10.699,9.771,9.91,8.915,8.259,9.771,8.569,8.666,10.849,10.642,10.917,8.74,9.655,10.487,8.36
279.03,18,10.54,10.792,10.501,10.217,7.866,9.406,8.193,8.812,8.435,10.718,9.829,9.916,8.858,8.287,9.787,8.534,8.631,10.86,10.701,10.881,8.748,9.625,10.528,8.393
280.03,18,10.547,10.794,10.541,10.243,7.867,9.393,8.163,8.774,8.485,10.76,9.689,9.953,8.69,8.338,9.835,8.513,8.725,10.896,10.647,10.832,8.82,9.643,10.515,8.468
281.03,18,10.531,10.81,10.442,10.267,7.784,9.313,8.187,8.845,8.512,10.742,9.724,9.994,8.564,8.243,9.85,8.501,8.716,10.859,10.727,10.928,8.775,9.673,10.479,8.392
282.03,18,10.589,10.838,10.489,10.307,7.913,9.407,8.05,8.866,8.54,10.684,9.631,9.95,8.546,8.276,9.753,8.578,8.703,10.859,10.635,10.906,8.781,9.708,10.541,8.416
283.03,18,10.558,10.752,10.495,10.185,7.848,9.348,8.093,8.811,8.505,10.672,9.692,9.913,8.398,8.291,9.818,8.55,8.702,10.93,10.688,10.835,8.71,9.65,10.521,8.407
284.03,18,10.513,10.754,10.504,10.209,7.835,9.356,8.071,8.791,8.411,10.731,9.722,9.885,8.349,8.295,9.776,8.57,8.686,10.888,10.627,10.829,8.793,9.646,10.469,8.378
285.03,18,10.608,10.831,10.539,10.271,7.781,9.358,8.125,8.872,8.535,10.587,9.7,9.988,8.29,8.301,9.779,8.563,8.691,10.893,10.631,10.743,8.724,9.648,10.463,8.424
286.03,18,10.566,10.789,10.48,10.264,7.903,9.365,8.069,8.765,8.468,10.638,9.668,9.968,8.247,8.284,9.776,8.516,8.683,10.862,10.606,10.676,8.753,9.613,10.506,8.365
287.03,18,10.527,10.819,10.477,10.244,7.866,9.409,8.108,8.757,8.468,10.597,9.655,10.004,8.282,8.278,9.818,8.557,8.689,10.853,10.63,10.651,8.754,9.663,10.437,8.421
288.03,18,10.542,10.763,10.409,10.24,7.835,9.338,8.091,8.811,8.525,10.604,9.781,9.945,8.285,8.32,9.773,8.472,8.715,10.817,10.641,10.541,8.772,9.671,10.475,8.443
289.03,18,10.56,10.741,10.407,10.293,7.838,9.307,8.089,8.788,8.511,10.553,9.757,9.992,8.204,8.265,9.788,8.576,8.678,10.884,10.623,10.438,8.799,9.609,10.421,8.362
290.03,18,10.599,10.755,10.3,10.258,7.884,9.296,8.054,8.809,8.493,10.543,9.709,9.925,8.261,8.307,9.819,8.579,8.676,10.861,10.596,10.508,8.809,9.693,10.441,8.452
291.03,18,10.577,10.675,10.205,10.239,7.822,9.41,8.092,8.827,8.497,10.461,9.8,9.87,8.23,8.223,9.808,8.575,8.685,10.866,10.597,10.281,8.794,9.566,10.447,8.417
292.03,18,10.586,10.644,10.144,10.28,7.872,9.392,8.037,8.81,8.464,10.388,9.697,9.931,8.232,8.274,9.766,8.603,8.723,10.89,10.574,10.188,8.758,9.601,10.463,8.337
293.03,18,10.517,10.757,10.08,10.189,7.85,9.332,8.082,8.838,8.454,10.33,9.703,9.855,8.204,8.267,9.802,8.561,8.662,10.92,10.65,10.073,8.793,9.651,10.479,8.425
294.03,18,10.608,10.74,9.965,10.242,7.913,9.379,8.043,8.75,8.425,10.165,9.687,9.993,8.241,8.281,9.786,8.531,8.717,10.937,10.585,9.968,8.811,9.654,10.517,8.43
295.03,18,10.606,10.806,9.865,10.132,7.81,9.38,8.031,8.803,8.42,10.104,9.73,9.949,8.186,8.309,9.813,8.553,8.705,10.849,10.572,9.84,8.752,9.655,10.52,8.406
296.03,18,10.573,10.711,9.778,10.228,7.899,9.373,8.102,8.711,8.45,9.971,9.687,9.889,8.2,8.244,9.84,8.435,8.683,10.923,10.573,9.695,8.769,9.652,10.439,8.354
297.03,18,10.597,10.68,9.679,10.181,7.838,9.373,8.06,8.797,8.478,9.936,9.663,9.829,8.186,8.288,9.775,8.498,8.707,10.89,10.614,9.558,8.777,9.599,10.461,8.389
298.03,18,10.613,10.747,9.455,10.244,7.871,9.413,7.963,8.852,8.515,9.803,9.613,9.928,8.281,8.304,9.802,8.515,8.688,10.874,10.627,9.489,8.784,9.551,10.467,8.434
299.03,18,10.675,10.729,9.451,10.262,7.837,9.427,8.072,8.734,8.524,9.722,9.723,9.953,8.229,8.316,9.795,8.49,8.658,10.961,10.582,9.378,8.707,9.661,10.46,8.437
300.03,18,10.635,10.686,9.296,10.216,7.874,9.4,8.133,8.766,8.48,9.644,9.661,9.863,8.177,8.276,9.792,8.577,8.738,10.901,10.593,9.302,8.764,9.6,10.487,8.4
301.03,18,10.637,10.773,9.189,10.221,7.859,9.364,8.106,8.798,8.515,9.536,9.669,9.941,8.214,8.308,9.838,8.565,8.715,10.884,10.554,9.194,8.767,9.6,10.477,8.428
302.03,18,10.655,10.788,9.085,10.283,7.852,9.434,8.04,8.826,8.567,9.373,9.648,9.932,8.198,8.286,9.831,8.565,8.711,10.874,10.562,9.035,8.799,9.637,10.431,8.404
303.03,18,10.635,10.721,8.983,10.238,7.781,9.383,8.097,8.815,8.507,9.278,9.763,9.949,8.23,8.327,9.741,8.553,8.714,10.854,10.638,8.927,8.762,9.606,10.368,8.44
304.03,18,10.693,10.771,8.838,10.265,7.852,9.421,8.079,8.751,8.462,9.238,9.687,9.928,8.242,8.329,9.742,8.539,8.666,10.869,10.609,8.821,8.748,9.57,10.406,8.327
305.03,18,10.708,10.681,8.832,10.231,7.879,9.382,8.126,8.825,8.487,9.15,9.709,9.938,8.178,8.297,9.833,8.461,8.673,10.874,10.517,8.737,8.778,9.568,10.418,8.381
306.03,18,10.657,10.682,8.682,10.185,7.837,9.424,8.068,8.834,8.453,9.008,9.709,9.95,8.281,8.213,9.777,8.585,8.688,10.88,10.602,8.721,8.741,9.516,10.516,8.474
307.03,18,10.704,10.738,8.642,10.282,7.802,9.392,8.045,8.81,8.495,8.934,9.734,10.002,8.201,8.32,9.767,8.475,8.708,10.89,10.595,8.649,8.737,9.589,10.495,8.357
308.03,18,10.701,10.787,8.461,10.196,7.849,9.454,8.068,8.768,8.482,8.889,9.664,9.983,8.19,8.292,9.864,8.536,8.679,10.947,10.57,8.529,8.711,9.557,10.428,8.364
309.03,18,10.583,10.814,8.548,10.214,7.838,9.356,8.059,8.799,8.5,8.776,9.772,10.003,8.22,8.295,9.785,8.589,8.725,10.913,10.576,8.559,8.763,9.555,10.359,8.398
310.03,18,10.734,10.835,8.483,10.191,7.85,9.376,8.067,8.73,8.502,8.851,9.711,9.827,8.16,8.304,9.808,8.48,8.729,10.966,10.501,8.562,8.828,9.545,10.395,8.405
311.03,18,10.727,10.749,8.358,10.273,7.823,9.376,8.092,8.815,8.507,8.791,9.645,9.956,8.268,8.288,9.906,8.552,8.687,10.887,10.52,8.594,8.756,9.496,10.359,8.385
312.03,18,10.649,10.753,8.341,10.211,7.843,9.421,8.095,8.783,8.498,8.691,9.683,9.916,8.243,8.237,9.816,8.509,8.739,10.905,10.58,8.59,8.787,9.534,10.23,8.405
313.03,18,10.695,10.779,8.309,10.183,7.831,9.386,8.102,8.832,8.442,8.685,9.753,9.967,8.219,8.298,9.786,8.568,8.725,10.95,10.548,8.55,8.753,9.574,10.163,8.334
314.03,18,10.683,10.742,8.269,10.201,7.908,9.372,8.07,8.812,8.484,8.665,9.708,9.947,8.191,8.3,9.79,8.531,8.66,10.912,10.611,8.496,8.817,9.592,10.095,8.399
315.03,18,10.632,10.654,8.335,10.196,7.811,9.28,8.13,8.814,8.423,8.694,9.734,9.896,8.194,8.335,9.788,8.557,8.686,10.978,10.559,8.579,8.727,9.561,9.984,8.43
316.03,18,10.646,10.658,8.367,10.223,7.836,9.368,8.085,8.882,8.55,8.676,9.718,9.903,8.223,8.256,9.835,8.466,8.716,10.947,10.623,8.59,8.769,9.478,10.027,8.361
317.03,18,10.628,10.723,8.296,10.17,7.787,9.345,8.119,8.782,8.542,8.696,9.761,9.944,8.19,8.318,9.825,8.509,8.734,11.034,10.572,8.51,8.796,9.463,9.87,8.371
318.03,18,10.665,10.763,8.323,10.173,7.831,9.36,8.101,8.788,8.445,8.67,9.676,9.946,8.228,8.219,9.801,8.555,8.768,10.988,10.522,8.508,8.747,9.447,9.721,8.382
319.03,18,10.636,10.746,8.275,10.218,7.774,9.391,8.096,8.805,8.465,8.655,9.693,9.894,8.199,8.247,9.783,8.492,8.688,10.952,10.576,8.557,8.827,9.443,9.652,8.418
320.03,18,10.595,10.72,8.311,10.17,7.842,9.354,8.073,8.804,8.504,8.675,9.683,9.927,8.222,8.243,9.737,8.622,8.764,11.015,10.548,8.532,8.771,9.343,9.558,8.376
321.03,18,10.691,10.722,8.218,10.197,7.861,9.295,8.041,8.787,8.476,8.753,9.717,9.915,8.178,8.314,9.717,8.518,8.685,10.93,10.539,8.52,8.799,9.277,9.47,8.419
322.03,18,10.647,10.639,8.329,10.228,7.854,9.234,8.09,8.781,8.452,8.651,9.701,9.919,8.218,8.273,9.725,8.546,8.679,10.989,10.613,8.508,8.756,9.247,9.328,8.408
323.03,18,10.679,10.718,8.293,10.182,7.848,9.278,8.103,8.77,8.505,8.633,9.722,9.938,8.143,8.25,9.799,8.576,8.733,10.93,10.611,8.606,8.761,9.246,9.267,8.441
324.03,18,10.669,10.635,8.323,10.172,7.805,9.19,8.029,8.82,8.529,8.707,9.721,9.931,8.233,8.262,9.753,8.575,8.734,10.975,10.594,8.587,8.77,9.147,9.124,8.372
325.03,18,10.667,10.701,8.312,10.173,7.805,9.279,8.081,8.804,8.535,8.605,9.774,9.963,8.174,8.268,9.776,8.511,8.722,10.899,10.608,8.582,8.678,9.189,9.074,8.317
326.03,18,10.657,10.676,8.28,10.17,7.803,9.28,8.094,8.848,8.447,8.678,9.788,9.946,8.239,8.261,9.789,8.545,8.6,10.943,10.546,8.516,8.816,9.091,9.033,8.39
327.03,18,10.659,10.719,8.244,10.22,7.825,9.248,8.084,8.802,8.469,8.645,9.804,9.895,8.281,8.192,9.722,8.53,8.669,10.87,10.619,8.565,8.741,9.047,8.903,8.386
328.03,18,10.568,10.693,8.289,10.212,7.897,9.277,8.052,8.78,8.472,8.698,9.78,9.911,8.18,8.187,9.812,8.489,8.74,10.913,10.595,8.512,8.724,8.979,8.856,8.419
329.03,18,10.624,10.625,8.332,10.11,7.833,9.272,8.08,8.836,8.483,8.653,9.733,9.848,8.206,8.244,9.84,8.455,8.683,10.866,10.606,8.511,8.763,9.002,8.727,8.402
330.03,18,10.645,10.74,8.342,10.19,7.837,9.328,8.083,8.831,8.476,8.66,9.775,9.9,8.164,8.28,9.855,8.525,8.707,10.896,10.587,8.488,8.815,8.895,8.665,8.358
331.03,18,10.598,10.731,8.33,10.162,7.881,9.263,8.142,8.783,8.457,8.698,9.761,9.919,8.19,8.277,9.876,8.539,8.641,10.86,10.59,8.512,8.756,8.881,8.682,8.429
332.03,18,10.563,10.668,8.302,10.106,7.871,9.273,8.032,8.755,8.424,8.684,9.747,9.869,8.185,8.297,9.922,8.579,8.673,10.912,10.589,8.518,8.781,8.799,8.625,8.405
333.03,18,10.591,10.65,8.269,10.131,7.808,9.286,8.085,8.786,8.497,8.691,9.729,9.906,8.215,8.299,9.869,8.482,8.619,10.962,10.628,8.537,8.728,8.774,8.548,8.35
334.03,18,10.614,10.706,8.293,10.208,7.825,9.307,8.08,8.826,8.441,8.641,9.813,9.922,8.192,8.251,9.841,8.507,8.63,10.901,10.635,8.543,8.738,8.737,8.594,8.416
335.03,18,10.623,10.706,8.325,10.194,7.785,9.298,8.029,8.794,8.496,8.622,9.78,9.898,8.254,8.277,9.812,8.559,8.691,10.876,10.541,8.541,8.741,8.683,8.614,8.417
336.03,18,10.596,10.644,8.298,10.166,7.803,9.231,8.089,8.747,8.363,8.647,9.815,9.956,8.159,8.254,9.802,8.581,8.664,10.914,10.622,8.499,8.679,8.618,8.629,8.371
337.03,18,10.658,10.63,8.316,10.234,7.825,9.263,8.027,8.775,8.527,8.707,9.825,9.964,8.206,8.221,9.857,8.564,8.63,10.837,10.549,8.553,8.745,8.61,8.598,8.316
338.03,18,10.676,10.726,8.291,10.206,7.78,9.255,8.079,8.764,8.445,8.668,9.81,9.956,8.195,8.324,9.87,8.474,8.639,10.911,10.548,8.606,8.769,8.586,8.581,8.332
339.03,18,10.62,10.689,8.277,10.128,7.809,9.237,8.077,8.811,8.43,8.62,9.81,9.976,8.17,8.257,9.85,8.561,8.66,10.859,10.453,8.526,8.747,8.619,8.566,8.433
340.03,18,10.597,10.644,8.31,10.153,7.871,9.27,8.099,8.787,8.42,8.662,9.836,9.914,8.193,8.304,9.76,8.468,8.681,10.845,10.497,8.556,8.674,8.547,8.608,8.365
341.03,18,10.553,10.675,8.322,10.153,7.795,9.266,8.002,8.771,8.421,8.655,9.834,9.89,8.188,8.247,9.809,8.554,8.643,10.865,10.497,8.487,8.741,8.538,8.603,8.376
342.03,18,10.653,10.646,8.248,10.16,7.807,9.316,8.071,8.836,8.462,8.623,9.829,9.978,8.188,8.232,9.858,8.538,8.64,10.869,10.539,8.574,8.78,8.581,8.555,8.476
343.03,18,10.578,10.698,8.303,10.134,7.841,9.214,8.093,8.816,8.459,8.645,9.845,9.981,8.143,8.274,9.898,8.524,8.659,10.949,10.506,8.529,8.734,8.523,8.567,8.375
344.03,18,10.604,10.697,8.297,10.144,7.849,9.27,8.077,8.771,8.541,8.656,9.844,9.897,8.246,8.342,9.822,8.486,8.687,10.821,10.576,8.585,8.772,8.534,8.57,8.328
345.03,18,10.637,10.677,8.268,10.083,7.785,9.304,8.066,8.821,8.45,8.695,9.813,9.887,8.228,8.218,9.868,8.493,8.686,10.907,10.493,8.549,8.739,8.515,8.596,8.404
346.03,18,10.559,10.638,8.208,10.156,7.807,9.287,8.082,8.781,8.484,8.594,9.863,9.899,8.158,8.279,9.857,8.558,8.693,10.844,10.493,8.491,8.782,8.487,8.572,8.378
347.03,18,10.534,10.628,8.292,10.123,7.811,9.315,8.098,8.783,8.496,8.565,9.82,9.932,8.235,8.246,9.806,8.477,8.691,10.901,10.485,8.529,8.811,8.551,8.611,8.375
348.03,18,10.531,10.605,8.313,10.182,7.819,9.319,8.066,8.793,8.491,8.641,9.851,9.924,8.248,8.205,9.835,8.479,8.677,10.913,10.536,8.511,8.737,8.554,8.591,8.388
349.03,18,10.618,10.575,8.255,10.159,7.815,9.201,8.079,8.718,8.43,8.629,9.798,9.905,8.167,8.252,9.921,8.536,8.61,10.823,10.519,8.546,8.748,8.538,8.575,8.424
350.03,18,10.526,10.595,8.307,10.079,7.833,9.258,8.083,8.715,8.427,8.676,9.799,9.888,8.229,8.253,9.897,8.498,8.697,10.895,10.546,8.516,8.703,8.499,8.546,8.359
351.03,18,10.573,10.555,8.266,10.197,7.809,9.259,8.127,8.757,8.507,8.682,9.819,9.913,8.182,8.254,9.89,8.535,8.689,10.872,10.568,8.518,8.751,8.533,8.533,8.391
352.03,18,10.539,10.555,8.319,10.09,7.841,9.317,8.067,8.775,8.457,8.744,9.841,9.941,8.141,8.289,9.883,8.541,8.642,10.793,10.467,8.602,8.793,8.486,8.579,8.405
353.03,18,10.559,10.565,8.275,10.117,7.884,9.307,8.056,8.785,8.494,8.648,9.857,9.936,8.258,8.252,9.865,8.516,8.646,10.909,10.525,8.558,8.817,8.502,8.587,8.417
354.03,18,10.534,10.584,8.293,10.169,7.8,9.284,8.101,8.726,8.491,8.644,9.832,9.943,8.2,8.283,9.905,8.523,8.667,10.814,10.485,8.446,8.791,8.525,8.616,8.354
355.03,18,10.596,10.596,8.295,10.124,7.85,9.282,8.037,8.805,8.453,8.667,9.83,9.889,8.168,8.247,9.897,8.587,8.621,10.757,10.573,8.562,8.796,8.508,8.538,8.398
356.03,18,10.555,10.561,8.281,10.23,7.826,9.31,8.064,8.787,8.465,8.631,9.857,9.91,8.22,8.271,9.893,8.48,8.72,10.694,10.494,8.598,8.785,8.472,8.587,8.422
357.03,18,10.589,10.534,8.294,10.194,7.888,9.301,8.015,8.796,8.518,8.646,9.79,9.956,8.182,8.29,9.892,8.542,8.686,10.594,10.616,8.539,8.767,8.593,8.622,8.402
358.03,18,10.563,10.56,8.268,10.141,7.79,9.325,8.018,8.807,8.459,8.643,9.862,10.043,8.248,8.221,9.856,8.552,8.737,10.574,10.588,8.542,8.767,8.527,8.525,8.42
359.03,18,10.62,10.564,8.194,10.164,7.81,9.288,8.046,8.726,8.443,8.634,9.833,9.968,8.182,8.231,9.886,8.593,8.686,10.483,10.57,8.501,8.74,8.516,8.577,8.362
360.03,18,10.598,10.538,8.253,10.211,7.87,9.301,8.045,8.796,8.534,8.617,9.764,9.981,8.188,8.219,9.935,8.498,8.722,10.411,10.582,8.612,8.765,8.536,8.649,8.338
361.03,18,10.535,10.543,8.303,10.1,7.866,9.232,8.107,8.773,8.453,8.64,9.848,10.068,8.165,8.258,9.849,8.504,8.721,10.364,10.559,8.487,8.712,8.555,8.586,8.392
362.03,18,10.516,10.544,8.305,10.129,7.848,9.236,8.043,8.772,8.502,8.564,9.861,9.987,8.214,8.29,9.893,8.534,8.623,10.276,10.502,8.547,8.715,8.575,8.572,8.418
363.03,18,10.529,10.553,8.302,10.112,7.753,9.275,8.064,8.745,8.551,8.64,9.78,9.993,8.207,8.194,9.834,8.51,8.642,10.119,10.534,8.513,8.689,8.519,8.612,8.368
364.03,18,10.516,10.459,8.271,10.16,7.84,9.24,8.075,8.775,8.481,8.614,9.756,10.01,8.182,8.205,9.776,8.517,8.711,10.128,10.613,8.592,8.757,8.53,8.54,8.372
365.03,18,10.55,10.545,8.3,10.082,7.884,9.28,8.127,8.837,8.5,8.697,9.858,10.008,8.19,8.267,9.864,8.558,8.645,10.035,10.555,8.514,8.709,8.482,8.578,8.415
366.03,18,10.554,10.581,8.294,10.215,7.792,9.269,8.089,8.813,8.44,8.677,9.808,9.968,8.133,8.231,9.867,8.468,8.716,9.941,10.574,8.541,8.707,8.515,8.632,8.351
367.03,18,10.573,10.571,8.322,10.097,7.808,9.285,8.075,8.789,8.481,8.705,9.737,9.997,8.208,8.209,9.875,8.439,8.667,9.781,10.568,8.506,8.757,8.568,8.617,8.385
368.03,18,10.562,10.593,8.249,10.117,7.769,9.311,8.072,8.78,8.466,8.714,9.87,10.001,8.148,8.244,9.867,8.551,8.691,9.759,10.557,8.578,8.776,8.563,8.527,8.414
369.03,18,10.565,10.577,8.279,10.139,7.796,9.249,8.027,8.814,8.465,8.658,9.752,10.025,8.171,8.248,9.861,8.517,8.637,9.693,10.502,8.581,8.762,8.495,8.596,8.402
370.03,18,10.579,10.531,8.279,10.161,7.797,9.371,8.097,8.788,8.512,8.591,9.852,10.061,8.185,8.219,9.828,8.534,8.686,9.556,10.594,8.539,8.773,8.544,8.562,8.387
371.03,18,10.624,10.543,8.268,10.166,7.731,9.336,8.1,8.737,8.415,8.667,9.807,9.982,8.266,8.227,9.946,8.483,8.646,9.572,10.607,8.525,8.802,8.445,8.604,8.39
372.03,18,10.57,10.535,8.304,10.1,7.781,9.368,8.068,8.798,8.442,8.657,9.835,10.095,8.175,8.207,9.854,8.553,8.653,9.473,10.513,8.534,8.735,8.541,8.584,8.346
373.03,18,10.585,10.552,8.253,9.989,7.859,9.291,8.036,8.786,8.442,8.635,9.844,9.975,8.198,8.259,9.878,8.486,8.67,9.467,10.562,8.6,8.762,8.526,8.56,8.314
374.03,18,10.509,10.588,8.269,10.106,7.792,9.361,8.101,8.805,8.439,8.642,9.795,9.96,8.223,8.174,9.847,8.561,8.718,9.411,10.55,8.457,8.788,8.584,8.577,8.35
375.03,18,10.545,10.552,8.221,10.1,7.84,9.279,8.051,8.758,8.444,8.61,9.77,9.891,8.16,8.245,9.833,8.545,8.701,9.263,10.541,8.505,8.751,8.508,8.521,8.342
376.03,18,10.456,10.52,8.253,10.104,7.835,9.317,8.074,8.749,8.464,8.626,9.86,9.975,8.197,8.27,9.901,8.42,8.633,9.29,10.507,8.538,8.718,8.471,8.599,8.37
377.03,18,10.421,10.461,8.282,10.073,7.823,9.38,8.097,8.83,8.468,8.655,9.762,9.899,8.183,8.317,9.917,8.509,8.63,9.304,10.483,8.589,8.763,8.488,8.583,8.404
378.03,18,10.347,10.515,8.326,10.107,7.831,9.312,8.014,8.783,8.44,8.643,9.828,9.872,8.121,8.251,9.998,8.477,8.688,9.237,10.589,8.565,8.766,8.483,8.613,8.367
379.03,18,10.285,10.46,8.235,10.122,7.822,9.383,8.084,8.711,8.425,8.615,9.854,9.98,8.176,8.224,9.9,8.533,8.655,9.183,10.585,8.551,8.797,8.52,8.613,8.417
380.03,18,10.184,10.425,8.263,10.113,7.836,9.394,8.1,8.742,8.484,8.609,9.895,9.958,8.287,8.231,9.895,8.524,8.651,9.235,10.582,8.516,8.722,8.562,8.586,8.407
381.03,18,10.085,10.408,8.233,10.105,7.78,9.384,8.035,8.823,8.475,8.632,9.831,9.962,8.156,8.25,9.988,8.447,8.665,9.14,10.566,8.467,8.788,8.528,8.549,8.359
382.03,18,10.016,10.315,8.302,10.089,7.778,9.426,8.047,8.765,8.479,8.644,9.805,9.935,8.161,8.198,10.014,8.513,8.658,9.175,10.533,8.599,8.721,8.559,8.598,8.369
383.03,18,9.976,10.267,8.334,10.079,7.78,9.308,8.071,8.761,8.452,8.657,9.883,10.02,8.251,8.239,9.978,8.525,8.637,9.2,10.498,8.526,8.736,8.462,8.519,8.365
384.03,18,9.795,10.153,8.262,10.159,7.806,9.321,8.111,8.794,8.413,8.639,9.817,9.985,8.215,8.177,9.97,8.511,8.72,9.313,10.498,8.574,8.707,8.544,8.577,8.348
385.03,18,9.741,10.152,8.243,10.097,7.762,9.416,8.133,8.746,8.41,8.59,9.8,9.983,8.211,8.267,9.945,8.422,8.649,9.29,10.526,8.564,8.703,8.537,8.612,8.409
386.03,18,9.665,9.973,8.239,10.055,7.83,9.384,8.064,8.748,8.455,8.661,9.784,9.94,8.198,8.239,9.945,8.505,8.717,9.144,10.51,8.472,8.672,8.488,8.564,8.367
387.03,18,9.544,9.938,8.227,10.059,7.825,9.387,8.026,8.824,8.462,8.637,9.848,9.954,8.093,8.287,9.94,8.496,8.66,9.219,10.519,8.538,8.76,8.551,8.584,8.27
388.03,18,9.405,9.836,8.311,10.057,7.857,9.402,8.026,8.747,8.478,8.681,9.84,9.905,8.215,8.169,9.896,8.518,8.676,9.215,10.504,8.54,8.753,8.487,8.562,8.356
389.03,18,9.357,9.732,8.258,9.976,7.868,9.356,8.111,8.803,8.408,8.553,9.882,10.041,8.2,8.266,9.972,8.496,8.718,9.156,10.552,8.538,8.714,8.535,8.488,8.357
390.03,18,9.166,9.611,8.271,10.043,7.793,9.446,8.063,8.788,8.403,8.617,9.803,9.988,8.143,8.214,9.885,8.508,8.695,9.236,10.498,8.589,8.707,8.549,8.567,8.395
391.03,18,9.079,9.519,8.248,10.063,7.784,9.474,8.018,8.767,8.485,8.659,9.775,9.949,8.22,8.215,9.883,8.505,8.667,9.217,10.508,8.58,8.73,8.524,8.504,8.358
392.03,18,9.009,9.387,8.248,10.04,7.809,9.439,8.024,8.771,8.482,8.612,9.733,9.969,8.203,8.207,9.922,8.462,8.659,9.206,10.55,8.522,8.773,8.487,8.531,8.409
393.03,18,8.835,9.262,8.274,10.03,7.802,9.427,8.051,8.721,8.432,8.658,9.659,9.937,8.176,8.224,9.949,8.493,8.701,9.252,10.491,8.486,8.746,8.551,8.585,8.366
394.03,18,8.798,9.137,8.272,10.064,7.78,9.456,8.031,8.763,8.413,8.689,9.662,10.056,8.178,8.236,9.942,8.485,8.691,9.278,10.599,8.551,8.734,8.574,8.547,8.344
395.03,18,8.673,9.06,8.276,9.958,7.81,9.453,8.094,8.721,8.433,8.603,9.62,10.043,8.21,8.264,9.886,8.477,8.753,9.209,10.524,8.51,8.722,8.518,8.527,8.361
396.03,18,8.587,8.983,8.301,10.041,7.799,9.492,8.098,8.772,8.418,8.605,9.613,10.01,8.206,8.19,9.937,8.474,8.631,9.215,10.553,8.519,8.811,8.5,8.529,8.363
397.03,18,8.6,8.915,8.277,10.056,7.73,9.505,8.038,8.781,8.462,8.641,9.58,10.044,8.196,8.215,9.961,8.484,8.647,9.231,10.596,8.465,8.68,8.563,8.482,8.382
398.03,18,8.454,8.807,8.336,10.027,7.752,9.43,8.034,8.761,8.482,8.6,9.495,10.006,8.219,8.249,9.879,8.511,8.644,9.178,10.543,8.478,8.742,8.471,8.621,8.313
399.03,18,8.456,8.724,8.297,10.05,7.799,9.46,8.054,8.746,8.455,8.656,9.517,9.98,8.202,8.211,9.999,8.517,8.607,9.215,10.538,8.533,8.692,8.538,8.565,8.33
400.03,18,8.448,8.64,8.279,10.028,7.798,9.492,8.052,8.758,8.458,8.64,9.341,10.08,8.124,8.228,9.957,8.483,8.658,9.234,10.637,8.555,8.729,8.549,8.585,8.366
401.03,18,8.403,8.599,8.232,10.014,7.799,9.448,8.043,8.772,8.492,8.673,9.298,10.024,8.137,8.2,9.938,8.489,8.621,9.196,10.567,8.474,8.751,8.511,8.589,8.374
402.03,18,8.444,8.505,8.314,10.021,7.73,9.427,8.041,8.696,8.479,8.554,9.237,9.982,8.18,8.226,9.897,8.431,8.689,9.208,10.553,8.474,8.733,8.535,8.548,8.294
403.03,18,8.412,8.503,8.238,10.021,7.806,9.488,8.064,8.862,8.448,8.595,9.187,10.09,8.151,8.221,9.943,8.505,8.66,9.12,10.534,8.519,8.76,8.531,8.564,8.376
404.03,18,8.473,8.443,8.171,9.968,7.779,9.485,8.082,8.79,8.47,8.598,9.121,10.002,8.193,8.248,9.865,8.515,8.647,9.214,10.669,8.526,8.769,8.563,8.543,8.416
405.03,18,8.38,8.399,8.235,9.994,7.78,9.435,8.055,8.739,8.414,8.655,9.023,10.067,8.2,8.25,9.886,8.512,8.633,9.206,10.635,8.497,8.751,8.559,8.551,8.331
406.03,18,8.409,8.395,8.256,9.988,7.835,9.438,8.124,8.761,8.4,8.633,8.966,9.984,8.226,8.178,9.866,8.5,8.585,9.23,10.635,8.505,8.728,8.443,8.554,8.359
407.03,18,8.389,8.45,8.306,10.044,7.755,9.489,8.019,8.722,8.446,8.56,8.858,9.974,8.206,8.276,9.883,8.447,8.638,9.171,10.614,8.494,8.827,8.545,8.553,8.396
408.03,18,8.381,8.379,8.275,10.092,7.748,9.499,8.055,8.723,8.513,8.638,8.831,9.933,8.142,8.248,9.79,8.504,8.577,9.18,10.569,8.462,8.748,8.563,8.524,8.345
409.03,18,8.432,8.39,8.251,10.026,7.785,9.559,8.083,8.682,8.401,8.587,8.678,10.104,8.168,8.19,9.714,8.522,8.621,9.258,10.615,8.519,8.699,8.471,8.559,8.331
410.03,18,8.413,8.412,8.258,9.94,7.74,9.497,8.066,8.748,8.489,8.582,8.653,10.047,8.195,8.271,9.589,8.502,8.618,9.194,10.583,8.501,8.678,8.533,8.535,8.368
411.03,18,8.486,8.445,8.302,9.961,7.833,9.46,8.013,8.718,8.373,8.633,8.519,9.996,8.161,8.187,9.563,8.475,8.678,9.211,10.519,8.598,8.764,8.48,8.482,8.377
412.03,18,8.394,8.387,8.292,10.014,7.768,9.445,8.075,8.811,8.465,8.641,8.582,9.982,8.16,8.206,9.448,8.554,8.638,9.245,10.58,8.514,8.694,8.547,8.51,8.386
413.03,18,8.432,8.362,8.314,9.975,7.792,9.517,7.985,8.731,8.403,8.541,8.498,10.023,8.17,8.232,9.467,8.477,8.622,9.196,10.602,8.476,8.669,8.492,8.523,8.376
414.03,18,8.425,8.453,8.324,10.017,7.833,9.54,8.093,8.749,8.43,8.577,8.396,10.047,8.202,8.244,9.332,8.494,8.627,9.188,10.583,8.434,8.748,8.521,8.564,8.364
415.03,18,8.353,8.393,8.267,9.962,7.759,9.442,8.09,8.765,8.497,8.601,8.437,10.036,8.182,8.186,9.243,8.555,8.572,9.171,10.686,8.53,8.727,8.494,8.535,8.328
416.03,18,8.437,8.413,8.28,9.947,7.793,9.494,8.013,8.705,8.421,8.617,8.361,9.983,8.18,8.286,9.224,8.511,8.644,9.196,10.619,8.559,8.715,8.487,8.588,8.42
417.03,18,8.428,8.359,8.289,9.989,7.738,9.483,8.037,8.706,8.433,8.628,8.325,9.988,8.175,8.248,9.075,8.459,8.69,9.226,10.589,8.45,8.698,8.471,8.569,8.38
418.03,18,8.453,8.369,8.237,9.942,7.802,9.445,8.052,8.762,8.46,8.602,8.39,10.006,8.204,8.178,9.019,8.492,8.702,9.224,10.594,8.543,8.715,8.477,8.605,8.349
419.03,18,8.436,8.442,8.177,9.985,7.808,9.477,8.07,8.746,8.428,8.628,8.371,9.965,8.154,8.169,8.962,8.416,8.663,9.138,10.643,8.508,8.704,8.509,8.524,8.358
420.03,18,8.37,8.369,8.224,9.968,7.761,9.477,8.01,8.786,8.44,8.526,8.418,9.977,8.203,8.248,8.807,8.474,8.525,9.2,10.652,8.526,8.776,8.46,8.52,8.326
421.03,18,8.467,8.369,8.226,9.97,7.795,9.434,8.081,8.762,8.443,8.584,8.339,10.02,8.213,8.234,8.783,8.519,8.62,9.256,10.579,8.526,8.752,8.508,8.54,8.305
422.03,18,8.394,8.36,8.261,9.978,7.816,9.498,8.036,8.758,8.39,8.583,8.348,9.998,8.18,8.2,8.667,8.469,8.675,9.194,10.586,8.489,8.71,8.5,8.538,8.398
423.03,18,8.378,8.389,8.252,10.043,7.809,9.444,8.076,8.806,8.434,8.612,8.386,10.024,8.171,8.156,8.632,8.559,8.62,9.178,10.582,8.502,8.686,8.441,8.591,8.377
424.03,18,8.4,8.355,8.26,10.028,7.762,9.442,8.05,8.738,8.405,8.564,8.362,9.989,8.198,8.269,8.559,8.498,8.613,9.206,10.623,8.511,8.734,8.529,8.534,8.343
425.03,18,8.411,8.349,8.257,10.062,7.74,9.512,8.058,8.771,8.406,8.617,8.383,9.986,8.2,8.241,8.494,8.45,8.694,9.216,10.65,8.476,8.727,8.574,8.533,8.383
426.03,18,8.396,8.416,8.3,10.014,7.756,9.441,8.018,8.772,8.388,8.627,8.394,10.011,8.223,8.178,8.418,8.441,8.664,9.259,10.635,8.575,8.705,8.489,8.526,8.295
427.03,18,8.504,8.426,8.25,10.055,7.806,9.561,8.042,8.724,8.487,8.623,8.368,10.01,8.183,8.178,8.418,8.459,8.63,9.209,10.65,8.539,8.726,8.522,8.594,8.354
428.03,18,8.434,8.437,8.239,10.011,7.711,9.457,8.073,8.722,8.431,8.629,8.406,10.022,8.178,8.232,8.375,8.417,8.621,9.299,10.646,8.496,8.711,8.494,8.549,8.372
429.03,18,8.453,8.39,8.26,10.035,7.746,9.455,8.068,8.763,8.372,8.61,8.34,9.96,8.19,8.201,8.367,8.524,8.675,9.225,10.631,8.531,8.751,8.461,8.551,8.32
430.03,18,8.429,8.295,8.289,10.002,7.807,9.413,8.061,8.727,8.425,8.629,8.377,10.035,8.138,8.253,8.278,8.5,8.626,9.219,10.59,8.437,8.731,8.444,8.485,8.333
431.03,18,8.383,8.375,8.317,10.026,7.761,9.491,8.049,8.771,8.452,8.598,8.366,9.969,8.154,8.24,8.355,8.494,8.696,9.219,10.63,8.545,8.753,8.433,8.565,8.354
432.03,18,8.488,8.413,8.259,10.043,7.776,9.465,8.062,8.734,8.456,8.647,8.395,9.993,8.173,8.232,8.343,8.498,8.606,9.258,10.527,8.524,8.694,8.463,8.518,8.402
433.03,18,8.381,8.383,8.321,10.07,7.812,9.527,8.052,8.695,8.42,8.601,8.4,10.07,8.151,8.255,8.346,8.522,8.6,9.173,10.422,8.521,8.701,8.517,8.595,8.312
434.03,18,8.403,8.407,8.243,10.103,7.727,9.532,8.053,8.755,8.427,8.605,8.311,10.114,8.128,8.2,8.384,8.455,8.666,9.215,10.462,8.429,8.732,8.443,8.622,8.338
435.03,18,8.394,8.412,8.239,10.036,7.838,9.486,8.149,8.773,8.443,8.608,8.349,10.024,8.139,8.208,8.271,8.511,8.66,9.198,10.341,8.529,8.747,8.451,8.527,8.396
436.03,18,8.37,8.342,8.253,10.105,7.825,9.431,8.052,8.709,8.433,8.597,8.405,10.032,8.167,8.217,8.315,8.436,8.655,9.193,10.266,8.461,8.648,8.534,8.523,8.356
437.03,18,8.425,8.296,8.282,10.06,7.821,9.471,8.003,8.681,8.404,8.579,8.32,9.968,8.193,8.185,8.336,8.55,8.654,9.138,10.103,8.496,8.744,8.52,8.515,8.314
438.03,18,8.428,8.368,8.242,10.058,7.742,9.441,8.083,8.731,8.439,8.628,8.368,10.085,8.166,8.141,8.343,8.509,8.609,9.294,9.985,8.462,8.724,8.5,8.562,8.343
439.03,18,8.389,8.374,8.205,9.957,7.711,9.406,8.073,8.725,8.464,8.573,8.343,10.116,8.238,8.23,8.31,8.452,8.672,9.143,9.871,8.495,8.706,8.454,8.487,8.347
440.03,18,8.406,8.42,8.27,10.021,7.806,9.435,8.092,8.749,8.422,8.578,8.399,10.061,8.154,8.192,8.308,8.463,8.587,9.213,9.816,8.474,8.772,8.54,8.591,8.325
441.03,18,8.388,8.44,8.242,9.957,7.86,9.39,8.054,8.739,8.412,8.633,8.355,10.097,8.145,8.193,8.271,8.552,8.557,9.214,9.636,8.495,8.717,8.48,8.57,8.377
442.03,18,8.414,8.349,8.274,9.916,7.753,9.429,8.058,8.775,8.432,8.627,8.377,10.102,8.153,8.219,8.372,8.471,8.617,9.168,9.556,8.5,8.695,8.459,8.581,8.339
443.03,18,8.412,8.384,8.3,9.93,7.83,9.342,8.046,8.762,8.476,8.617,8.358,10.08,8.195,8.198,8.267,8.528,8.608,9.162,9.422,8.514,8.749,8.535,8.487,8.362
444.03,18,8.447,8.389,8.187,9.865,7.775,9.286,8.068,8.776,8.446,8.605,8.354,9.962,8.193,8.195,8.317,8.42,8.616,9.264,9.293,8.556,8.68,8.545,8.516,8.3
445.03,18,8.406,8.37,8.273,9.786,7.761,9.29,8.121,8.741,8.43,8.621,8.296,10.034,8.189,8.143,8.335,8.496,8.652,9.182,9.185,8.487,8.722,8.437,8.469,8.375
446.03,18,8.394,8.405,8.278,9.754,7.823,9.33,8.069,8.722,8.378,8.582,8.346,9.972,8.104,8.204,8.254,8.484,8.662,9.178,9.032,8.498,8.673,8.515,8.523,8.384
447.03,18,8.387,8.379,8.27,9.618,7.721,9.213,8.033,8.7,8.407,8.589,8.364,10.037,8.213,8.269,8.301,8.483,8.668,9.197,8.976,8.565,8.759,8.51,8.539,8.364
448.03,18,8.367,8.389,8.21,9.595,7.762,9.112,8.078,8.785,8.44,8.605,8.332,9.99,8.177,8.177,8.247,8.489,8.623,9.127,8.766,8.477,8.706,8.499,8.566,8.403
449.03,18,8.444,8.332,8.27,9.512,7.744,9.063,8.007,8.716,8.393,8.625,8.329,9.992,8.143,8.227,8.269,8.449,8.602,9.235,8.706,8.455,8.688,8.486,8.581,8.366
450.03,18,8.387,8.364,8.26,9.43,7.722,8.992,8.063,8.677,8.373,8.536,8.312,9.997,8.217,8.172,8.272,8.453,8.581,9.202,8.609,8.526,8.744,8.518,8.574,8.324
451.03,18,8.463,8.362,8.201,9.447,7.768,9.004,8.024,8.684,8.397,8.634,8.379,10,8.105,8.187,8.311,8.423,8.642,9.164,8.525,8.468,8.673,8.521,8.512,8.35
452.03,18,8.443,8.409,8.196,9.391,7.759,8.868,8.024,8.651,8.347,8.606,8.322,9.982,8.139,8.161,8.309,8.476,8.616,9.189,8.481,8.482,8.727,8.469,8.553,8.389
453.03,18,8.505,8.364,8.311,9.301,7.714,8.783,8.095,8.682,8.465,8.533,8.341,9.997,8.221,8.232,8.263,8.452,8.582,9.157,8.383,8.516,8.728,8.434,8.533,8.303
454.03,18,8.419,8.408,8.263,9.208,7.774,8.732,7.982,8.788,8.395,8.546,8.331,9.953,8.219,8.202,8.271,8.471,8.623,9.214,8.344,8.527,8.752,8.496,8.491,8.355
455.03,18,8.403,8.375,8.214,9.165,7.729,8.696,8.046,8.708,8.389,8.587,8.366,9.953,8.191,8.143,8.381,8.452,8.6,9.176,8.217,8.431,8.712,8.513,8.565,8.304
456.03,18,8.479,8.363,8.26,9.121,7.839,8.669,8.01,8.728,8.457,8.606,8.421,9.853,8.2,8.2,8.292,8.45,8.595,9.149,8.237,8.525,8.729,8.532,8.54,8.349
457.03,18,8.43,8.38,8.216,9.108,7.769,8.58,8.018,8.739,8.412,8.702,8.377,9.788,8.163,8.216,8.309,8.42,8.607,9.181,8.183,8.469,8.691,8.497,8.601,8.292
458.03,18,8.455,8.387,8.291,8.97,7.803,8.477,8.057,8.736,8.389,8.617,8.401,9.76,8.172,8.167,8.278,8.481,8.627,9.213,8.19,8.484,8.682,8.451,8.561,8.329
459.03,18,8.416,8.382,8.273,8.925,7.736,8.348,8.092,8.727,8.366,8.579,8.333,9.685,8.127,8.128,8.346,8.448,8.651,9.208,8.256,8.429,8.657,8.503,8.595,8.357
460.03,18,8.347,8.374,8.223,8.92,7.743,8.343,8.113,8.761,8.451,8.538,8.312,9.718,8.176,8.233,8.265,8.458,8.585,9.165,8.171,8.501,8.739,8.483,8.511,8.385
461.03,18,8.416,8.384,8.213,8.86,7.719,8.264,7.999,8.821,8.474,8.63,8.314,9.622,8.144,8.238,8.284,8.491,8.53,9.212,8.279,8.463,8.672,8.429,8.528,8.34
462.03,18,8.435,8.415,8.273,8.877,7.807,8.244,8.066,8.743,8.379,8.642,8.339,9.548,8.187,8.222,8.31,8.463,8.593,9.234,8.195,8.561,8.722,8.443,8.51,8.255
463.03,18,8.467,8.401,8.188,8.854,7.829,8.166,8.076,8.692,8.407,8.59,8.353,9.529,8.219,8.141,8.319,8.408,8.585,9.17,8.164,8.491,8.697,8.435,8.526,8.289
464.03,18,8.382,8.397,8.205,8.797,7.769,8.131,8.06,8.732,8.441,8.624,8.297,9.413,8.14,8.16,8.36,8.464,8.56,9.215,8.27,8.501,8.713,8.425,8.587,8.398
465.03,18,8.443,8.374,8.272,8.755,7.799,8.139,8.018,8.691,8.412,8.554,8.327,9.432,8.134,8.209,8.336,8.434,8.674,9.149,8.254,8.556,8.716,8.537,8.567,8.394
466.03,18,8.368,8.415,8.245,8.786,7.771,8.05,8.046,8.713,8.403,8.655,8.342,9.344,8.158,8.191,8.352,8.467,8.507,9.137,8.207,8.532,8.668,8.431,8.52,8.328
467.03,18,8.365,8.35,8.162,8.762,7.839,8.091,8.066,8.755,8.446,8.58,8.274,9.318,8.157,8.194,8.36,8.456,8.611,9.202,8.223,8.466,8.723,8.453,8.568,8.327
468.03,18,8.416,8.384,8.249,8.752,7.764,8.107,8.069,8.773,8.445,8.608,8.298,9.19,8.108,8.171,8.235,8.459,8.647,9.201,8.196,8.503,8.715,8.501,8.6,8.28
469.03,18,8.369,8.354,8.197,8.796,7.789,8.086,8.074,8.756,8.418,8.562,8.287,9.178,8.224,8.213,8.268,8.532,8.613,9.233,8.245,8.51,8.702,8.54,8.559,8.364
470.03,18,8.361,8.355,8.207,8.806,7.789,8.071,8.043,8.747,8.39,8.611,8.307,9.087,8.153,8.169,8.323,8.383,8.632,9.18,8.289,8.452,8.679,8.425,8.569,8.362
471.03,18,8.388,8.333,8.216,8.8,7.768,8.068,7.999,8.713,8.45,8.562,8.406,8.951,8.183,8.177,8.299,8.412,8.646,9.109,8.237,8.476,8.648,8.449,8.581,8.325
472.03,18,8.431,8.378,8.283,8.738,7.723,8.053,8.015,8.701,8.406,8.557,8.327,8.943,8.185,8.179,8.301,8.426,8.58,9.168,8.248,8.427,8.702,8.46,8.542,8.35
473.03,18,8.376,8.393,8.23,8.77,7.647,8.017,8.045,8.718,8.444,8.573,8.29,8.889,8.173,8.119,8.287,8.421,8.614,9.186,8.273,8.434,8.712,8.45,8.536,8.343
474.03,18,8.416,8.411,8.268,8.784,7.74,8.027,8.045,8.73,8.389,8.66,8.273,8.878,8.176,8.162,8.252,8.438,8.614,9.161,8.199,8.446,8.743,8.498,8.508,8.344
475.03,18,8.436,8.359,8.183,8.749,7.759,8.002,8.097,8.717,8.399,8.632,8.399,8.781,8.177,8.161,8.315,8.445,8.58,9.179,8.232,8.522,8.666,8.488,8.523,8.295
476.03,18,8.432,8.383,8.187,8.733,7.7,8.034,8.027,8.679,8.472,8.542,8.349,8.774,8.145,8.214,8.329,8.435,8.545,9.133,8.111,8.506,8.722,8.438,8.579,8.384
477.03,18,8.379,8.37,8.202,8.827,7.762,8.05,8,8.741,8.381,8.622,8.379,8.796,8.175,8.21,8.302,8.431,8.607,9.224,8.18,8.455,8.661,8.44,8.553,8.322
478.03,18,8.388,8.373,8.255,8.723,7.795,8.035,8.094,8.748,8.401,8.557,8.384,8.756,8.151,8.203,8.276,8.356,8.636,9.135,8.235,8.518,8.709,8.488,8.501,8.322
479.03,18,8.414,8.369,8.199,8.723,7.783,8.018,8.068,8.711,8.431,8.624,8.336,8.731,8.177,8.212,8.282,8.431,8.632,9.186,8.237,8.518,8.733,8.529,8.482,8.334
480.03,18,8.419,8.46,8.254,8.791,7.739,8.017,7.999,8.708,8.353,8.539,8.406,8.741,8.2,8.184,8.343,8.482,8.557,9.166,8.222,8.461,8.698,8.449,8.511,8.322
481.03,18,8.384,8.421,8.237,8.766,7.762,8.021,8.077,8.757,8.357,8.614,8.35,8.734,8.152,8.127,8.307,8.533,8.531,9.152,8.241,8.517,8.71,8.467,8.561,8.294
482.03,18,8.437,8.392,8.162,8.783,7.794,8.035,8.057,8.723,8.413,8.624,8.334,8.767,8.116,8.222,8.316,8.401,8.593,9.177,8.197,8.481,8.712,8.434,8.566,8.311
483.03,18,8.408,8.402,8.227,8.696,7.778,8.03,8.027,8.761,8.434,8.595,8.261,8.69,8.089,8.077,8.263,8.456,8.601,9.141,8.241,8.485,8.762,8.425,8.527,8.373
484.03,18,8.431,8.381,8.232,8.759,7.763,7.999,7.993,8.773,8.366,8.636,8.38,8.751,8.08,8.132,8.341,8.394,8.574,9.191,8.254,8.483,8.701,8.505,8.51,8.312
485.03,18,8.47,8.368,8.26,8.797,7.72,7.955,8.032,8.74,8.427,8.512,8.327,8.742,8.146,8.195,8.31,8.458,8.579,9.094,8.196,8.538,8.751,8.42,8.548,8.342
486.03,18,8.396,8.356,8.239,8.807,7.753,8.004,7.972,8.726,8.409,8.591,8.38,8.757,8.138,8.176,8.248,8.393,8.648,9.158,8.217,8.458,8.724,8.475,8.563,8.289
487.03,18,8.349,8.347,8.22,8.738,7.745,8.059,7.972,8.688,8.373,8.623,8.331,8.737,8.194,8.172,8.315,8.426,8.651,9.147,8.248,8.516,8.641,8.442,8.49,8.284
488.03,18,8.407,8.384,8.246,8.767,7.758,8.035,8.037,8.759,8.406,8.573,8.345,8.735,8.093,8.168,8.299,8.464,8.6,9.152,8.256,8.442,8.625,8.444,8.51,8.28
489.03,18,8.35,8.392,8.212,8.781,7.766,8.03,8.021,8.669,8.447,8.616,8.323,8.745,8.143,8.197,8.3,8.417,8.636,9.175,8.317,8.473,8.705,8.507,8.508,8.341
490.03,18,8.386,8.369,8.181,8.785,7.779,8.013,7.962,8.742,8.355,8.596,8.305,8.843,8.172,8.142,8.281,8.485,8.601,9.152,8.247,8.453,8.679,8.469,8.542,8.394
491.03,18,8.394,8.318,8.247,8.72,7.748,8.065,7.973,8.699,8.352,8.533,8.281,8.737,8.131,8.168,8.272,8.41,8.586,9.13,8.208,8.445,8.672,8.465,8.57,8.307
492.03,18,8.397,8.324,8.216,8.798,7.681,8.052,8.045,8.729,8.397,8.602,8.359,8.807,8.123,8.217,8.35,8.456,8.618,9.229,8.219,8.524,8.666,8.397,8.507,8.332
493.03,18,8.424,8.374,8.198,8.769,7.716,8.082,8.035,8.758,8.352,8.626,8.358,8.765,8.159,8.177,8.303,8.44,8.617,9.127,8.19,8.471,8.704,8.519,8.525,8.32
494.03,18,8.374,8.371,8.246,8.772,7.736,7.935,8.027,8.756,8.467,8.573,8.321,8.783,8.107,8.176,8.354,8.445,8.614,9.147,8.269,8.473,8.727,8.498,8.519,8.258
495.03,18,8.418,8.344,8.284,8.705,7.645,8.055,8.031,8.748,8.424,8.5,8.316,8.715,8.157,8.162,8.312,8.475,8.611,9.175,8.221,8.468,8.65,8.51,8.487,8.255
496.03,18,8.398,8.379,8.258,8.786,7.701,8.011,7.958,8.722,8.401,8.64,8.31,8.749,8.234,8.162,8.246,8.465,8.639,9.177,8.208,8.517,8.689,8.452,8.508,8.343
497.03,18,8.422,8.414,8.285,8.838,7.729,7.976,8.04,8.783,8.422,8.532,8.284,8.752,8.127,8.224,8.322,8.425,8.613,9.18,8.191,8.525,8.682,8.468,8.484,8.319
498.03,18,8.381,8.377,8.213,8.755,7.724,8.016,8.025,8.677,8.46,8.631,8.339,8.762,8.169,8.168,8.273,8.397,8.587,9.155,8.187,8.548,8.672,8.439,8.486,8.399
499.03,18,8.466,8.341,8.239,8.734,7.672,8.05,8.04,8.73,8.449,8.556,8.314,8.732,8.135,8.145,8.332,8.435,8.558,9.168,8.216,8.46,8.714,8.432,8.55,8.358
500.03,18,8.38,8.326,8.24,8.712,7.741,8.025,7.998,8.689,8.429,8.627,8.336,8.727,8.137,8.159,8.277,8.532,8.558,9.149,8.25,8.483,8.677,8.399,8.556,8.384
501.03,18,8.434,8.379,8.22,8.791,7.733,8.027,8.047,8.669,8.437,8.568,8.34,8.776,8.123,8.253,8.271,8.424,8.59,9.163,8.203,8.468,8.693,8.468,8.585,8.346
502.03,18,8.407,8.359,8.183,8.765,7.753,8.026,8.038,8.746,8.386,8.582,8.365,8.739,8.143,8.179,8.293,8.455,8.565,9.15,8.207,8.523,8.748,8.441,8.542,8.313
503.03,18,8.387,8.384,8.16,8.809,7.746,8.082,8.022,8.727,8.354,8.59,8.346,8.75,8.168,8.142,8.283,8.474,8.58,9.186,8.236,8.443,8.736,8.386,8.53,8.311
504.03,18,8.424,8.37,8.221,8.767,7.742,8.029,8.034,8.724,8.403,8.585,8.334,8.793,8.087,8.14,8.256,8.396,8.57,9.118,8.183,8.468,8.679,8.403,8.48,8.333
505.03,18,8.399,8.302,8.238,8.82,7.779,8.06,8.032,8.707,8.374,8.568,8.342,8.783,8.146,8.148,8.301,8.431,8.568,9.215,8.191,8.525,8.702,8.449,8.512,8.252
506.03,18,8.377,8.451,8.239,8.721,7.669,7.993,8.055,8.675,8.379,8.587,8.345,8.735,8.154,8.206,8.27,8.439,8.628,9.147,8.203,8.488,8.698,8.531,8.497,8.312
507.03,18,8.481,8.352,8.238,8.77,7.683,8.069,8.057,8.723,8.353,8.594,8.288,8.786,8.172,8.206,8.282,8.402,8.593,9.159,8.22,8.487,8.692,8.451,8.513,8.317
508.03,18,8.45,8.392,8.209,8.755,7.744,7.997,8.004,8.705,8.363,8.58,8.277,8.728,8.073,8.182,8.258,8.462,8.635,9.126,8.232,8.476,8.737,8.469,8.543,8.386
509.03,18,8.414,8.367,8.178,8.745,7.742,8.109,7.961,8.703,8.367,8.539,8.378,8.768,8.083,8.178,8.297,8.391,8.536,9.208,8.188,8.521,8.632,8.491,8.512,8.345
510.03,18,8.405,8.322,8.131,8.746,7.76,7.983,8.094,8.704,8.396,8.554,8.273,8.705,8.06,8.189,8.196,8.422,8.553,9.18,8.171,8.5,8.678,8.493,8.47,8.289
511.03,18,8.426,8.403,8.291,8.754,7.786,8.016,8.053,8.734,8.423,8.521,8.34,8.693,8.165,8.12,8.266,8.434,8.605,9.172,8.21,8.535,8.664,8.453,8.442,8.346
512.03,18,8.397,8.34,8.258,8.746,7.686,8.005,8.048,8.652,8.409,8.578,8.294,8.741,8.164,8.137,8.263,8.404,8.534,9.127,8.219,8.446,8.654,8.44,8.519,8.323
513.03,18,8.392,8.353,8.188,8.7,7.769,8.006,7.965,8.718,8.407,8.562,8.368,8.691,8.128,8.175,8.273,8.446,8.607,9.156,8.234,8.508,8.73,8.451,8.459,8.26
514.03,18,8.4,8.363,8.212,8.78,7.709,8.012,7.981,8.658,8.386,8.595,8.309,8.726,8.164,8.11,8.222,8.394,8.616,9.165,8.224,8.449,8.679,8.484,8.504,8.331
515.03,18,8.385,8.312,8.213,8.731,7.766,8.08,7.976,8.742,8.389,8.592,8.38,8.696,8.153,8.228,8.275,8.417,8.538,9.139,8.269,8.452,8.663,8.439,8.508,8.284
516.03,18,8.431,8.406,8.24,8.785,7.709,7.989,8.071,8.71,8.4,8.583,8.358,8.782,8.115,8.204,8.302,8.43,8.52,9.157,8.17,8.389,8.689,8.448,8.542,8.372
517.03,18,8.405,8.333,8.147,8.753,7.76,7.997,8.029,8.727,8.347,8.596,8.264,8.808,8.19,8.216,8.224,8.45,8.588,9.168,8.211,8.496,8.604,8.442,8.59,8.288
518.03,18,8.437,8.285,8.238,8.722,7.665,8.07,7.976,8.725,8.415,8.6,8.313,8.765,8.102,8.185,8.241,8.475,8.602,9.092,8.178,8.453,8.686,8.467,8.561,8.24
519.03,18,8.378,8.421,8.185,8.71,7.764,8.094,8.026,8.74,8.436,8.602,8.262,8.751,8.161,8.181,8.252,8.412,8.671,9.128,8.191,8.491,8.724,8.425,8.499,8.324
520.03,18,8.402,8.373,8.233,8.771,7.703,8.047,8.019,8.631,8.377,8.603,8.307,8.717,8.16,8.188,8.306,8.362,8.624,9.113,8.189,8.47,8.656,8.432,8.532,8.301
521.03,18,8.351,8.388,8.267,8.743,7.72,8.015,7.996,8.682,8.408,8.527,8.308,8.666,8.131,8.137,8.286,8.427,8.601,9.137,8.133,8.469,8.644,8.449,8.507,8.267
522.03,18,8.437,8.363,8.272,8.734,7.662,8.005,7.993,8.779,8.414,8.567,8.379,8.752,8.225,8.186,8.279,8.464,8.578,9.146,8.205,8.471,8.659,8.484,8.501,8.222
523.03,18,8.395,8.362,8.219,8.706,7.699,7.985,8.001,8.708,8.397,8.612,8.316,8.697,8.135,8.131,8.264,8.502,8.555,9.171,8.176,8.492,8.668,8.375,8.525,8.334
524.03,18,8.389,8.349,8.204,8.826,7.739,8.026,7.986,8.689,8.371,8.553,8.282,8.733,8.162,8.192,8.304,8.41,8.575,9.151,8.175,8.466,8.676,8.431,8.537,8.37
525.03,18,8.388,8.322,8.206,8.713,7.752,7.954,8.03,8.655,8.381,8.574,8.342,8.738,8.13,8.168,8.285,8.502,8.547,9.162,8.207,8.448,8.802,8.45,8.504,8.303
526.03,18,8.366,8.383,8.185,8.724,7.708,8.054,8.009,8.722,8.414,8.548,8.267,8.75,8.099,8.172,8.35,8.485,8.562,9.142,8.131,8.503,8.65,8.419,8.478,8.249
527.03,18,8.371,8.351,8.197,8.733,7.763,8.004,7.976,8.652,8.316,8.558,8.313,8.675,8.153,8.119,8.296,8.389,8.572,9.088,8.142,8.511,8.774,8.431,8.517,8.367
528.03,18,8.409,8.402,8.196,8.789,7.673,8.039,8.008,8.761,8.377,8.534,8.302,8.715,8.095,8.133,8.242,8.395,8.563,9.199,8.241,8.472,8.703,8.46,8.497,8.323
529.03,18,8.412,8.337,8.187,8.775,7.71,8.057,7.962,8.617,8.389,8.591,8.363,8.799,8.212,8.133,8.283,8.508,8.592,9.109,8.176,8.506,8.687,8.492,8.449,8.332
530.03,18,8.403,8.363,8.19,8.757,7.79,7.974,7.956,8.688,8.376,8.544,8.302,8.818,8.109,8.122,8.265,8.427,8.516,9.104,8.188,8.503,8.638,8.429,8.482,8.326
531.03,18,8.362,8.372,8.187,8.692,7.636,8.077,7.982,8.684,8.34,8.573,8.337,8.697,8.175,8.153,8.272,8.454,8.603,9.114,8.112,8.494,8.732,8.389,8.501,8.251
532.03,18,8.462,8.367,8.197,8.733,7.682,8.021,8.016,8.718,8.358,8.571,8.358,8.71,8.028,8.234,8.256,8.456,8.546,9.167,8.22,8.473,8.671,8.466,8.51,8.347
533.03,18,8.42,8.386,8.201,8.786,7.742,7.993,8.104,8.691,8.408,8.533,8.277,8.77,8.11,8.15,8.277,8.41,8.49,9.16,8.196,8.476,8.684,8.502,8.548,8.305
534.03,18,8.402,8.406,8.237,8.718,7.761,8.042,7.988,8.672,8.404,8.629,8.312,8.715,8.078,8.161,8.324,8.419,8.604,9.132,8.193,8.436,8.675,8.413,8.497,8.298
535.03,18,8.359,8.322,8.244,8.709,7.777,8.03,8.015,8.666,8.332,8.493,8.3,8.745,8.088,8.128,8.248,8.345,8.58,9.178,8.153,8.444,8.69,8.47,8.517,8.253
536.03,18,8.327,8.361,8.219,8.741,7.726,7.996,8.052,8.725,8.394,8.589,8.326,8.753,8.183,8.109,8.246,8.419,8.544,9.187,8.249,8.511,8.696,8.495,8.46,8.277
537.03,18,8.35,8.37,8.208,8.704,7.762,8.054,7.975,8.732,8.389,8.573,8.361,8.731,8.147,8.203,8.259,8.436,8.536,9.169,8.211,8.512,8.683,8.423,8.4,8.303
538.03,18,8.437,8.349,8.16,8.731,7.682,8.001,8.026,8.617,8.352,8.532,8.311,8.697,8.148,8.127,8.235,8.437,8.562,9.142,8.213,8.482,8.706,8.385,8.525,8.334
539.03,18,8.305,8.317,8.215,8.674,7.735,8.027,8.034,8.666,8.384,8.563,8.348,8.709,8.152,8.137,8.33,8.387,8.572,9.183,8.134,8.449,8.651,8.451,8.541,8.348
540.03,18,8.39,8.337,8.231,8.746,7.74,8.031,7.99,8.682,8.403,8.518,8.264,8.744,8.131,8.138,8.307,8.448,8.561,9.169,8.212,8.408,8.654,8.405,8.481,8.317
541.03,18,8.419,8.343,8.272,8.742,7.698,8.06,7.979,8.702,8.345,8.546,8.324,8.703,8.116,8.129,8.29,8.413,8.503,9.127,8.191,8.455,8.678,8.471,8.467,8.311
542.03,18,8.345,8.351,8.174,8.715,7.658,8.042,7.989,8.694,8.387,8.575,8.292,8.742,8.115,8.131,8.296,8.389,8.607,9.143,8.212,8.492,8.713,8.434,8.51,8.343
543.03,18,8.387,8.343,8.205,8.711,7.741,8.014,7.991,8.738,8.399,8.461,8.299,8.714,8.177,8.148,8.302,8.415,8.545,9.11,8.217,8.439,8.705,8.428,8.464,8.269
544.03,18,8.378,8.29,8.202,8.744,7.727,8.003,8.024,8.666,8.397,8.573,8.343,8.697,8.119,8.157,8.302,8.427,8.589,9.136,8.193,8.49,8.7,8.444,8.485,8.26
545.03,18,8.43,8.298,8.16,8.764,7.655,7.984,7.942,8.734,8.375,8.556,8.298,8.681,8.177,8.113,8.282,8.412,8.652,9.172,8.199,8.429,8.657,8.438,8.551,8.28
546.03,18,8.381,8.369,8.288,8.715,7.712,8.052,7.975,8.628,8.371,8.561,8.274,8.743,8.12,8.141,8.293,8.439,8.524,9.222,8.205,8.512,8.67,8.388,8.543,8.278
547.03,18,8.397,8.321,8.222,8.737,7.67,8.067,8.027,8.677,8.347,8.589,8.348,8.782,8.12,8.101,8.297,8.455,8.564,9.191,8.246,8.524,8.655,8.498,8.423,8.343
548.03,18,8.335,8.366,8.242,8.776,7.752,8.022,8.056,8.697,8.438,8.586,8.382,8.727,8.064,8.181,8.291,8.461,8.567,9.187,8.149,8.493,8.728,8.438,8.551,8.277
549.03,18,8.377,8.366,8.203,8.731,7.709,8.022,8.084,8.671,8.409,8.528,8.261,8.724,8.132,8.206,8.219,8.367,8.603,9.18,8.196,8.509,8.689,8.48,8.469,8.276
550.03,18,8.419,8.36,8.219,8.735,7.762,7.959,8.02,8.697,8.411,8.559,8.314,8.747,8.131,8.199,8.316,8.377,8.472,9.142,8.178,8.471,8.663,8.392,8.536,8.259
551.03,18,8.361,8.322,8.267,8.744,7.625,8.074,7.958,8.748,8.373,8.54,8.218,8.729,8.118,8.135,8.242,8.455,8.603,9.161,8.162,8.485,8.737,8.435,8.438,8.284
552.03,18,8.321,8.262,8.181,8.742,7.688,7.972,8.026,8.675,8.358,8.568,8.323,8.708,8.147,8.129,8.315,8.396,8.505,9.15,8.184,8.441,8.633,8.423,8.566,8.307
553.03,18,8.409,8.399,8.159,8.752,7.758,7.951,8.017,8.693,8.382,8.565,8.319,8.758,8.108,8.16,8.245,8.4,8.588,9.148,8.151,8.391,8.699,8.402,8.446,8.28
554.03,18,8.366,8.313,8.217,8.742,7.745,8.004,7.981,8.688,8.353,8.531,8.333,8.712,8.171,8.132,8.235,8.436,8.596,9.207,8.182,8.474,8.64,8.353,8.495,8.262
555.03,18,8.399,8.337,8.158,8.782,7.717,8.001,8.027,8.695,8.392,8.462,8.259,8.74,8.116,8.141,8.244,8.361,8.598,9.151,8.213,8.526,8.735,8.441,8.463,8.29
556.03,18,8.429,8.355,8.214,8.777,7.74,8.027,8.034,8.596,8.28,8.615,8.335,8.732,8.153,8.117,8.262,8.377,8.55,9.094,8.216,8.459,8.727,8.425,8.503,8.31
557.03,18,8.394,8.319,8.151,8.71,7.714,8.04,8.013,8.672,8.333,8.554,8.281,8.707,8.156,8.133,8.224,8.395,8.547,9.104,8.206,8.463,8.654,8.485,8.481,8.322
558.03,18,8.458,8.308,8.233,8.705,7.718,7.978,7.96,8.666,8.374,8.527,8.266,8.746,8.163,8.142,8.313,8.475,8.533,9.184,8.22,8.377,8.612,8.479,8.534,8.319
559.03,18,8.369,8.369,8.181,8.721,7.745,8.029,8.063,8.701,8.357,8.557,8.31,8.753,8.107,8.064,8.278,8.405,8.554,9.095,8.216,8.465,8.709,8.355,8.44,8.294
560.03,18,8.319,8.323,8.174,8.781,7.741,7.946,8.006,8.666,8.351,8.545,8.302,8.707,8.102,8.137,8.312,8.406,8.567,9.158,8.18,8.423,8.67,8.393,8.5,8.311
561.03,18,8.389,8.363,8.175,8.715,7.719,7.978,8.001,8.758,8.384,8.537,8.317,8.685,8.08,8.161,8.222,8.412,8.53,9.068,8.186,8.534,8.667,8.41,8.469,8.403
562.03,18,8.352,8.416,8.189,8.755,7.726,8.029,7.995,8.671,8.362,8.534,8.284,8.71,8.105,8.162,8.272,8.386,8.55,9.174,8.217,8.499,8.668,8.411,8.504,8.232
563.03,18,8.372,8.421,8.212,8.718,7.688,8.01,8.021,8.642,8.352,8.542,8.296,8.724,8.167,8.132,8.313,8.467,8.558,9.079,8.332,8.462,8.751,8.387,8.451,8.337
564.03,18,8.467,8.341,8.219,8.729,7.755,8.025,7.998,8.671,8.36,8.637,8.312,8.673,8.073,8.112,8.251,8.438,8.499,9.111,8.206,8.407,8.646,8.427,8.532,8.355
565.03,18,8.411,8.375,8.21,8.74,7.728,8.029,7.967,8.678,8.357,8.596,8.231,8.736,8.159,8.137,8.301,8.471,8.503,9.13,8.209,8.483,8.705,8.386,8.468,8.28
566.03,18,8.39,8.375,8.222,8.738,7.645,7.997,7.939,8.721,8.379,8.56,8.225,8.687,8.088,8.093,8.213,8.421,8.525,9.214,8.186,8.492,8.625,8.478,8.485,8.304
567.03,18,8.402,8.342,8.221,8.761,7.759,7.98,7.991,8.664,8.413,8.569,8.296,8.732,8.133,8.175,8.282,8.397,8.532,9.154,8.127,8.4,8.693,8.368,8.432,8.28
568.03,18,8.353,8.3,8.199,8.687,7.637,7.978,8.008,8.624,8.367,8.527,8.335,8.662,8.094,8.158,8.226,8.383,8.508,9.185,8.192,8.493,8.66,8.351,8.475,8.343
569.03,18,8.342,8.289,8.147,8.737,7.671,7.973,7.984,8.675,8.392,8.538,8.313,8.743,8.099,8.172,8.273,8.414,8.543,9.142,8.176,8.509,8.705,8.394,8.443,8.271
570.03,18,8.457,8.314,8.219,8.735,7.65,8.002,8.058,8.702,8.313,8.559,8.334,8.713,8.143,8.144,8.243,8.427,8.553,9.13,8.165,8.469,8.641,8.405,8.513,8.267
571.03,18,8.447,8.36,8.256,8.757,7.685,8.027,8.002,8.633,8.345,8.514,8.273,8.678,8.086,8.096,8.288,8.434,8.576,9.109,8.133,8.493,8.632,8.471,8.49,8.306
572.03,18,8.408,8.277,8.173,8.708,7.684,7.994,8.008,8.731,8.402,8.519,8.257,8.744,8.128,8.151,8.195,8.435,8.534,9.084,8.218,8.402,8.663,8.33,8.536,8.27
573.03,18,8.403,8.332,8.173,8.753,7.725,7.929,7.978,8.727,8.361,8.539,8.24,8.718,8.096,8.162,8.228,8.411,8.511,9.142,8.145,8.49,8.675,8.449,8.45,8.29
574.03,18,8.373,8.316,8.164,8.691,7.667,7.951,7.997,8.656,8.4,8.581,8.247,8.695,8.087,8.067,8.228,8.446,8.56,9.136,8.14,8.449,8.625,8.444,8.475,8.299
575.03,18,8.329,8.363,8.187,8.774,7.638,8,7.981,8.678,8.328,8.547,8.324,8.648,8.106,8.2,8.258,8.364,8.551,9.194,8.211,8.407,8.664,8.478,8.497,8.289
576.03,18,8.358,8.354,8.174,8.708,7.718,8.014,8.028,8.679,8.308,8.498,8.328,8.736,8.111,8.113,8.303,8.377,8.504,9.164,8.138,8.505,8.663,8.373,8.519,8.293
577.03,18,8.331,8.323,8.197,8.709,7.678,7.972,7.994,8.754,8.389,8.527,8.286,8.699,8.142,8.155,8.203,8.395,8.494,9.118,8.196,8.457,8.654,8.419,8.485,8.274
578.03,18,8.386,8.41,8.153,8.752,7.69,7.997,8.016,8.691,8.334,8.561,8.294,8.711,8.104,8.128,8.269,8.331,8.506,9.098,8.135,8.484,8.627,8.47,8.52,8.322
579.03,18,8.4,8.363,8.168,8.729,7.665,7.991,8.014,8.615,8.439,8.55,8.26,8.736,8.15,8.164,8.274,8.374,8.593,9.057,8.177,8.484,8.638,8.369,8.492,8.256
580.03,18,8.318,8.326,8.16,8.714,7.668,7.96,7.993,8.723,8.337,8.524,8.238,8.671,8.126,8.118,8.306,8.389,8.566,9.13,8.149,8.459,8.641,8.429,8.46,8.286
581.03,18,8.393,8.282,8.168,8.693,7.699,8.005,7.977,8.688,8.354,8.52,8.265,8.712,8.112,8.158,8.314,8.366,8.531,9.175,8.189,8.461,8.665,8.39,8.463,8.277
582.03,18,8.364,8.367,8.151,8.736,7.725,7.996,7.976,8.692,8.351,8.554,8.267,8.692,8.099,8.125,8.18,8.321,8.562,9.17,8.151,8.492,8.581,8.405,8.503,8.251
583.03,18,8.361,8.343,8.125,8.716,7.636,8,7.974,8.651,8.3,8.582,8.321,8.669,8.086,8.092,8.22,8.362,8.528,9.093,8.187,8.464,8.662,8.408,8.485,8.279
584.03,18,8.428,8.315,8.194,8.703,7.678,7.942,8.035,8.69,8.38,8.545,8.27,8.712,8.147,8.096,8.238,8.354,8.531,9.137,8.18,8.452,8.683,8.454,8.444,8.294
585.03,18,8.382,8.396,8.124,8.717,7.677,8.021,7.972,8.718,8.378,8.572,8.34,8.668,8.102,8.105,8.23,8.389,8.617,9.096,8.202,8.433,8.7,8.411,8.473,8.323
586.03,18,8.354,8.325,8.121,8.712,7.67,7.97,7.976,8.697,8.397,8.532,8.258,8.607,8.125,8.137,8.282,8.343,8.577,9.193,8.119,8.463,8.65,8.453,8.527,8.26
587.03,18,8.386,8.276,8.25,8.668,7.722,7.943,8.015,8.699,8.337,8.576,8.237,8.78,8.051,8.084,8.245,8.366,8.467,9.112,8.207,8.374,8.671,8.325,8.479,8.302
588.03,18,8.444,8.327,8.195,8.698,7.663,8.036,7.973,8.609,8.377,8.545,8.291,8.72,8.083,8.128,8.197,8.417,8.538,9.147,8.17,8.454,8.62,8.433,8.528,8.339
589.03,18,8.368,8.33,8.111,8.669,7.699,7.996,8.015,8.652,8.356,8.546,8.225,8.763,8.059,8.122,8.199,8.358,8.557,9.048,8.141,8.498,8.678,8.406,8.483,8.277
590.03,18,8.323,8.365,8.196,8.726,7.675,8.007,8.021,8.683,8.322,8.517,8.337,8.741,8.151,8.114,8.256,8.328,8.495,9.13,8.169,8.474,8.677,8.425,8.46,8.245
591.03,18,8.366,8.26,8.163,8.753,7.628,7.948,8.031,8.7,8.361,8.504,8.222,8.668,8.077,8.146,8.245,8.288,8.547,9.179,8.172,8.432,8.664,8.381,8.473,8.269
592.03,18,8.414,8.37,8.198,8.737,7.683,7.99,8.01,8.584,8.355,8.527,8.224,8.728,8.142,8.149,8.249,8.379,8.603,9.131,8.185,8.507,8.721,8.422,8.498,8.32
593.03,18,8.372,8.284,8.185,8.731,7.72,8.064,7.971,8.669,8.309,8.465,8.289,8.684,8.143,8.135,8.2,8.372,8.474,9.137,8.185,8.429,8.643,8.409,8.397,8.332
594.03,18,8.407,8.323,8.179,8.662,7.729,7.94,8.009,8.697,8.405,8.537,8.345,8.72,8.08,8.122,8.191,8.407,8.567,9.127,8.185,8.456,8.669,8.399,8.524,8.308
595.03,18,8.381,8.325,8.148,8.725,7.639,7.96,7.959,8.684,8.375,8.513,8.301,8.67,8.161,8.155,8.294,8.329,8.504,9.063,8.129,8.441,8.632,8.368,8.491,8.259
596.03,18,8.381,8.324,8.204,8.685,7.681,8.024,7.985,8.664,8.375,8.53,8.298,8.664,8.053,8.138,8.247,8.373,8.553,9.173,8.188,8.474,8.705,8.394,8.478,8.307
597.03,18,8.349,8.355,8.213,8.759,7.698,7.968,8.039,8.642,8.282,8.58,8.329,8.695,8.15,8.166,8.267,8.394,8.546,9.123,8.194,8.385,8.594,8.475,8.512,8.296
598.03,18,8.364,8.383,8.201,8.716,7.696,8.005,7.987,8.624,8.342,8.495,8.273,8.694,8.185,8.13,8.232,8.419,8.529,9.131,8.135,8.441,8.705,8.354,8.497,8.27
599.03,18,8.408,8.358,8.135,8.698,7.631,8.006,7.993,8.74,8.326,8.52,8.267,8.777,8.11,8.088,8.271,8.401,8.505,9.14,8.148,8.46,8.686,8.476,8.494,8.268
600.03,18,8.354,8.385,8.168,8.719,7.703,8.051,8.078,8.615,8.357,8.515,8.275,8.797,8.011,8.149,8.279,8.395,8.51,9.073,8.131,8.479,8.694,8.363,8.49,8.317
601.03,18,8.386,8.31,8.21,8.653,7.672,8.009,8.003,8.674,8.365,8.551,8.284,8.688,8.112,8.099,8.173,8.341,8.541,9.096,8.176,8.471,8.617,8.376,8.48,8.331
602.03,18,8.286,8.317,8.15,8.626,7.654,7.956,8.073,8.659,8.29,8.534,8.237,8.731,8.101,8.043,8.259,8.314,8.545,9.075,8.191,8.415,8.687,8.401,8.445,8.273
603.03,18,8.402,8.356,8.125,8.71,7.687,7.952,7.979,8.666,8.369,8.544,8.237,8.742,8.102,8.13,8.215,8.364,8.425,9.07,8.15,8.43,8.629,8.341,8.55,8.302
604.03,18,8.341,8.337,8.182,8.723,7.73,8.008,8.019,8.708,8.296,8.56,8.277,8.715,8.092,8.169,8.241,8.401,8.518,9.077,8.179,8.415,8.671,8.363,8.426,8.238
605.03,18,8.356,8.313,8.216,8.723,7.661,8.016,8.045,8.608,8.342,8.5,8.217,8.671,8.092,8.085,8.215,8.397,8.496,9.085,8.112,8.488,8.735,8.397,8.462,8.275
606.03,18,8.426,8.387,8.111,8.725,7.647,8.01,7.932,8.586,8.327,8.505,8.273,8.696,8.086,8.147,8.233,8.426,8.537,9.094,8.183,8.453,8.722,8.431,8.442,8.333
607.03,18,8.39,8.376,8.155,8.717,7.728,8.029,7.97,8.696,8.357,8.485,8.223,8.704,8.07,8.116,8.23,8.388,8.543,9.112,8.14,8.339,8.595,8.411,8.457,8.302
608.03,18,8.356,8.321,8.147,8.696,7.669,7.981,7.953,8.671,8.387,8.44,8.291,8.722,8.155,8.096,8.227,8.372,8.451,9.148,8.195,8.401,8.702,8.374,8.436,8.279
609.03,18,8.352,8.3,8.145,8.754,7.708,7.982,8.02,8.61,8.405,8.5,8.253,8.662,8.082,8.095,8.214,8.35,8.495,9.163,8.119,8.461,8.611,8.395,8.468,8.3
610.03,18,8.378,8.245,8.192,8.696,7.627,7.975,7.945,8.679,8.377,8.605,8.321,8.732,8.077,8.113,8.291,8.388,8.527,9.118,8.16,8.462,8.7,8.373,8.434,8.295
611.03,18,8.409,8.363,8.177,8.744,7.657,7.94,8.047,8.7,8.362,8.498,8.279,8.76,8.057,8.065,8.241,8.335,8.516,9.1,8.175,8.397,8.596,8.377,8.453,8.26
612.03,18,8.312,8.34,8.194,8.657,7.671,8.006,7.963,8.701,8.345,8.57,8.234,8.683,8.114,8.137,8.225,8.308,8.522,9.135,8.099,8.435,8.617,8.396,8.467,8.248
613.03,18,8.399,8.339,8.153,8.72,7.676,7.936,8.007,8.657,8.34,8.551,8.272,8.733,8.089,8.096,8.225,8.302,8.633,9.096,8.207,8.411,8.635,8.293,8.446,8.258
614.03,18,8.375,8.339,8.168,8.69,7.712,8.01,7.974,8.725,8.331,8.516,8.248,8.702,8.065,8.123,8.251,8.394,8.514,9.082,8.181,8.454,8.618,8.392,8.473,8.318
615.03,18,8.321,8.246,8.186,8.728,7.665,7.961,8.01,8.744,8.302,8.556,8.254,8.706,8.089,8.084,8.19,8.355,8.456,9.114,8.102,8.431,8.676,8.385,8.411,8.312
616.03,18,8.315,8.336,8.133,8.747,7.727,8.013,7.993,8.63,8.326,8.529,8.327,8.669,8.051,8.084,8.248,8.351,8.502,9.09,8.121,8.415,8.605,8.386,8.51,8.295
617.03,18,8.368,8.326,8.176,8.677,7.646,7.976,7.985,8.699,8.353,8.501,8.241,8.647,8.17,8.109,8.272,8.378,8.579,9.118,8.19,8.431,8.648,8.362,8.48,8.286
618.03,18,8.387,8.277,8.201,8.755,7.645,8.01,7.996,8.616,8.369,8.507,8.262,8.728,8.065,8.1,8.263,8.436,8.454,9.144,8.074,8.437,8.707,8.385,8.498,8.285
619.03,18,8.382,8.352,8.084,8.657,7.698,8.011,7.993,8.67,8.313,8.534,8.313,8.758,8.151,8.088,8.198,8.348,8.544,9.042,8.126,8.4,8.705,8.386,8.45,8.277
620.03,18,8.407,8.348,8.139,8.752,7.665,7.969,7.917,8.658,8.34,8.516,8.26,8.709,8.055,8.123,8.189,8.369,8.507,9.045,8.137,8.443,8.641,8.425,8.477,8.281
621.03,18,8.366,8.347,8.14,8.72,7.691,7.988,7.989,8.667,8.374,8.505,8.254,8.708,8.108,8.057,8.274,8.296,8.477,9.126,8.143,8.46,8.659,8.384,8.42,8.313
622.03,18,8.369,8.263,8.227,8.753,7.674,7.975,7.972,8.611,8.297,8.552,8.253,8.677,8.119,8.123,8.248,8.346,8.568,9.077,8.165,8.483,8.668,8.437,8.474,8.268
623.03,18,8.418,8.378,8.193,8.672,7.677,7.99,8.013,8.666,8.362,8.512,8.26,8.698,8.074,8.133,8.275,8.347,8.517,9.145,8.181,8.386,8.585,8.304,8.468,8.288
624.03,18,8.301,8.323,8.158,8.705,7.667,8.016,7.969,8.611,8.352,8.487,8.287,8.704,8.05,8.091,8.201,8.356,8.505,9.144,8.155,8.455,8.662,8.396,8.427,8.261
625.03,18,8.327,8.357,8.205,8.663,7.668,7.971,7.979,8.674,8.347,8.478,8.254,8.715,8.084,8.123,8.198,8.317,8.529,9.166,8.171,8.432,8.638,8.355,8.379,8.319
626.03,18,8.386,8.406,8.158,8.712,7.647,8.026,7.97,8.635,8.272,8.555,8.252,8.764,8.149,8.116,8.272,8.372,8.556,9.064,8.103,8.436,8.602,8.402,8.513,8.308
627.03,18,8.376,8.272,8.227,8.685,7.619,8.014,7.986,8.648,8.369,8.549,8.269,8.739,8.086,8.197,8.287,8.314,8.507,9.157,8.163,8.463,8.594,8.323,8.445,8.337
628.03,18,8.335,8.28,8.174,8.745,7.629,8.001,8.004,8.672,8.292,8.529,8.23,8.719,8.078,8.041,8.217,8.395,8.497,9.168,8.115,8.442,8.643,8.434,8.491,8.247
629.03,18,8.381,8.318,8.171,8.688,7.674,8,7.93,8.69,8.294,8.532,8.309,8.716,8.022,8.053,8.247,8.398,8.452,9.103,8.165,8.452,8.646,8.388,8.517,8.297
630.03,18,8.359,8.354,8.161,8.739,7.7,8.007,8.007,8.593,8.38,8.528,8.252,8.668,8.05,8.127,8.255,8.366,8.469,9.117,8.157,8.474,8.626,8.318,8.5,8.311
631.03,18,8.398,8.36,8.143,8.744,7.666,7.96,7.997,8.618,8.331,8.532,8.183,8.69,8.083,8.038,8.265,8.354,8.486,9.106,8.17,8.414,8.662,8.348,8.417,8.302
632.03,18,8.313,8.343,8.231,8.716,7.649,7.906,7.971,8.643,8.292,8.578,8.25,8.687,8.04,8.132,8.162,8.335,8.444,9.115,8.197,8.442,8.7,8.389,8.455,8.342
633.03,18,8.373,8.328,8.105,8.682,7.672,7.997,8.031,8.617,8.317,8.462,8.229,8.656,8.192,8.067,8.234,8.375,8.469,9.143,8.174,8.43,8.699,8.365,8.46,8.276
634.03,18,8.339,8.318,8.079,8.664,7.65,7.925,7.981,8.655,8.334,8.507,8.248,8.674,8.147,8.166,8.238,8.382,8.535,9.087,8.135,8.39,8.606,8.388,8.435,8.298
635.03,18,8.382,8.31,8.107,8.712,7.659,7.971,7.959,8.668,8.381,8.464,8.273,8.684,8.027,8.062,8.176,8.392,8.563,9.106,8.172,8.466,8.653,8.353,8.463,8.252
636.03,18,8.34,8.312,8.14,8.715,7.663,7.947,8.008,8.719,8.355,8.491,8.283,8.652,8.07,8.098,8.237,8.38,8.552,9.053,8.146,8.48,8.696,8.387,8.489,8.254
637.03,18,8.383,8.319,8.172,8.628,7.656,7.974,7.983,8.586,8.374,8.528,8.275,8.661,8.114,8.076,8.248,8.343,8.487,9.108,8.169,8.464,8.684,8.384,8.433,8.268
638.03,18,8.416,8.319,8.114,8.672,7.694,7.877,7.996,8.67,8.352,8.479,8.181,8.662,8.105,8.096,8.239,8.406,8.508,9.104,8.092,8.448,8.651,8.393,8.396,8.306
639.03,18,8.315,8.327,8.134,8.737,7.584,7.979,7.969,8.624,8.438,8.448,8.254,8.7,8.075,8.062,8.295,8.355,8.527,9.065,8.164,8.37,8.684,8.408,8.457,8.241
640.03,18,8.377,8.318,8.157,8.686,7.628,8.032,7.967,8.638,8.376,8.54,8.257,8.678,8.109,8.176,8.277,8.383,8.492,9.135,8.173,8.458,8.621,8.399,8.512,8.245
641.03,18,8.424,8.301,8.107,8.67,7.658,7.94,7.981,8.64,8.36,8.48,8.312,8.68,8.055,8.116,8.256,8.406,8.487,9.095,8.159,8.378,8.637,8.386,8.414,8.294
642.03,18,8.314,8.336,8.183,8.643,7.578,7.994,7.951,8.634,8.342,8.478,8.29,8.667,8.092,8.082,8.237,8.356,8.468,9.134,8.153,8.432,8.644,8.382,8.446,8.269
643.03,18,8.356,8.263,8.069,8.685,7.621,7.975,7.974,8.641,8.335,8.533,8.27,8.657,8.085,8.022,8.263,8.365,8.454,9.155,8.202,8.477,8.63,8.387,8.397,8.253
644.03,18,8.327,8.306,8.177,8.652,7.605,8.002,7.926,8.66,8.333,8.583,8.173,8.672,8.151,8.126,8.267,8.311,8.51,9.089,8.183,8.397,8.65,8.417,8.42,8.256
645.03,18,8.297,8.268,8.135,8.66,7.699,7.955,7.995,8.67,8.323,8.539,8.258,8.656,8.042,8.095,8.216,8.371,8.462,9.06,8.146,8.487,8.606,8.305,8.397,8.299
646.03,18,8.4,8.314,8.134,8.624,7.61,7.961,8.016,8.628,8.303,8.574,8.278,8.645,8.111,8.15,8.2,8.366,8.48,9.072,8.144,8.429,8.66,8.358,8.503,8.255
647.03,18,8.372,8.243,8.165,8.702,7.639,7.978,7.94,8.646,8.37,8.506,8.251,8.657,8.05,8.09,8.209,8.378,8.499,9.092,8.183,8.523,8.604,8.353,8.43,8.266
648.03,18,8.408,8.291,8.149,8.691,7.661,7.933,8.014,8.763,8.312,8.534,8.294,8.719,8.132,8.092,8.189,8.4,8.519,9.075,8.142,8.413,8.712,8.368,8.459,8.308
649.03,18,8.367,8.296,8.142,8.72,7.644,7.952,7.963,8.707,8.311,8.555,8.266,8.711,7.985,8.16,8.231,8.333,8.485,9.142,8.127,8.395,8.611,8.331,8.468,8.259
650.03,18,8.344,8.292,8.16,8.715,7.622,7.898,8.005,8.668,8.296,8.493,8.254,8.633,8.09,8.05,8.18,8.338,8.555,9.116,8.137,8.435,8.592,8.347,8.467,8.307
651.03,18,8.451,8.258,8.189,8.657,7.712,7.984,7.989,8.572,8.356,8.508,8.228,8.665,8.077,8.111,8.205,8.365,8.519,9.139,8.143,8.364,8.673,8.401,8.445,8.306
652.03,18,8.368,8.339,8.107,8.676,7.628,7.862,7.998,8.554,8.245,8.498,8.142,8.651,8.021,8.111,8.208,8.371,8.514,9.092,8.104,8.436,8.627,8.371,8.41,8.27
653.03,18,8.37,8.32,8.118,8.739,7.645,7.979,7.991,8.618,8.331,8.504,8.224,8.632,8.117,8.062,8.229,8.361,8.548,9.06,8.135,8.401,8.632,8.393,8.423,8.292
654.03,18,8.356,8.311,8.128,8.618,7.643,7.979,8.022,8.645,8.318,8.553,8.295,8.653,8.058,8.086,8.211,8.35,8.447,9.106,8.123,8.398,8.661,8.398,8.437,8.282
655.03,18,8.438,8.354,8.119,8.658,7.677,7.979,7.915,8.583,8.284,8.476,8.195,8.71,8.165,8.079,8.186,8.292,8.487,9.021,8.163,8.376,8.606,8.368,8.39,8.243
656.03,18,8.295,8.312,8.138,8.678,7.606,7.971,7.963,8.586,8.318,8.491,8.211,8.702,8.061,8.031,8.275,8.362,8.5,9.102,8.183,8.38,8.659,8.353,8.465,8.243
657.03,18,8.378,8.35,8.202,8.706,7.615,7.975,8.006,8.578,8.281,8.471,8.184,8.682,8.104,8.055,8.252,8.363,8.421,9.129,8.156,8.46,8.67,8.367,8.394,8.257
658.03,18,8.319,8.323,8.067,8.671,7.618,8.003,7.945,8.642,8.33,8.533,8.237,8.684,8.091,8.041,8.261,8.294,8.492,9.089,8.15,8.487,8.63,8.408,8.465,8.3
659.03,18,8.355,8.305,8.118,8.659,7.633,7.925,7.915,8.604,8.243,8.508,8.243,8.714,8.134,8.063,8.289,8.338,8.46,9.092,8.14,8.408,8.592,8.385,8.452,8.313
660.03,18,8.34,8.351,8.118,8.671,7.62,7.921,7.955,8.59,8.273,8.573,8.232,8.606,8.073,8.096,8.175,8.378,8.505,9.101,8.122,8.455,8.635,8.367,8.475,8.229
661.03,18,8.335,8.327,8.109,8.625,7.645,7.95,7.947,8.642,8.316,8.452,8.196,8.646,8.094,8.091,8.189,8.353,8.503,9.135,8.134,8.374,8.642,8.399,8.459,8.277
662.03,18,8.375,8.31,8.134,8.668,7.708,7.936,7.999,8.662,8.245,8.513,8.228,8.662,8.086,8.087,8.16,8.331,8.492,9.086,8.117,8.475,8.658,8.382,8.423,8.236
663.03,18,8.349,8.321,8.149,8.699,7.67,7.99,8.005,8.587,8.334,8.505,8.274,8.698,8.097,8.076,8.267,8.44,8.482,9.081,8.187,8.471,8.591,8.34,8.399,8.203
664.03,18,8.352,8.286,8.165,8.669,7.619,7.965,7.979,8.604,8.335,8.579,8.276,8.733,8.039,8.112,8.263,8.4,8.473,9.042,8.157,8.465,8.626,8.368,8.384,8.221
665.03,18,8.349,8.276,8.113,8.666,7.673,7.973,7.888,8.585,8.311,8.507,8.191,8.657,8.099,8.126,8.204,8.327,8.454,9.088,8.087,8.443,8.606,8.392,8.462,8.288
666.03,18,8.333,8.293,8.109,8.685,7.64,7.998,7.885,8.593,8.281,8.518,8.254,8.69,8.08,8.081,8.2,8.334,8.471,9.098,8.173,8.439,8.621,8.32,8.495,8.297
667.03,18,8.389,8.276,8.046,8.666,7.641,7.877,7.999,8.647,8.296,8.529,8.184,8.684,8.09,8.014,8.233,8.292,8.516,9.063,8.185,8.397,8.626,8.332,8.417,8.244
668.03,18,8.394,8.306,8.185,8.662,7.625,7.98,7.983,8.638,8.328,8.503,8.197,8.68,8.13,8.028,8.211,8.385,8.511,9.039,8.197,8.437,8.596,8.354,8.412,8.306
669.03,18,8.376,8.371,8.165,8.682,7.639,7.955,7.958,8.657,8.319,8.524,8.248,8.694,8.033,8.061,8.186,8.35,8.493,9.091,8.094,8.374,8.598,8.366,8.424,8.312
670.03,18,8.406,8.247,8.158,8.69,7.568,7.921,7.997,8.645,8.317,8.442,8.253,8.657,8.037,8.139,8.164,8.404,8.503,9.091,8.116,8.443,8.663,8.388,8.468,8.256
671.03,18,8.302,8.272,8.161,8.666,7.669,7.981,7.958,8.631,8.288,8.501,8.191,8.685,8.118,8.101,8.185,8.367,8.503,9.101,8.17,8.449,8.564,8.343,8.41,8.262
672.03,18,8.37,8.325,8.132,8.641,7.626,7.963,7.986,8.621,8.252,8.43,8.238,8.674,8.085,8.175,8.243,8.342,8.449,9.064,8.171,8.485,8.607,8.401,8.478,8.291
673.03,18,8.299,8.304,8.132,8.682,7.641,7.96,7.973,8.65,8.287,8.485,8.241,8.593,8.128,8.082,8.17,8.349,8.427,9.121,8.097,8.409,8.595,8.316,8.408,8.275
674.03,18,8.323,8.313,8.131,8.719,7.642,8.039,7.952,8.688,8.299,8.415,8.268,8.674,8.099,8.089,8.219,8.354,8.493,9.106,8.162,8.395,8.642,8.291,8.4,8.311
675.03,18,8.381,8.23,8.12,8.683,7.699,8.002,7.933,8.581,8.277,8.435,8.243,8.686,8.077,8.09,8.23,8.328,8.493,9.135,8.17,8.419,8.635,8.371,8.455,8.273
676.03,18,8.332,8.315,8.14,8.67,7.65,7.925,7.981,8.61,8.297,8.489,8.212,8.61,8.068,8.126,8.241,8.305,8.502,9.034,8.131,8.365,8.627,8.34,8.354,8.304
677.03,18,8.42,8.293,8.115,8.693,7.614,7.935,7.987,8.665,8.261,8.49,8.225,8.671,8.05,8.07,8.259,8.355,8.434,9.088,8.11,8.431,8.609,8.337,8.452,8.206
678.03,18,8.35,8.339,8.1,8.621,7.674,7.916,8.011,8.68,8.29,8.492,8.181,8.656,8.057,8.059,8.218,8.275,8.502,9.04,8.116,8.34,8.641,8.403,8.521,8.272
679.03,18,8.418,8.283,8.122,8.662,7.69,7.937,7.98,8.671,8.269,8.536,8.199,8.613,8.036,8.05,8.211,8.276,8.429,9.088,8.144,8.464,8.585,8.289,8.422,8.24
680.03,18,8.383,8.268,8.138,8.708,7.622,7.922,7.98,8.647,8.314,8.482,8.25,8.639,8.021,8.114,8.206,8.401,8.482,9.112,8.132,8.429,8.671,8.352,8.413,8.336
681.03,18,8.379,8.281,8.117,8.689,7.623,7.921,7.961,8.637,8.318,8.475,8.225,8.641,8.062,8.068,8.187,8.326,8.434,9.08,8.145,8.364,8.557,8.335,8.461,8.218
682.03,18,8.351,8.295,8.163,8.682,7.672,7.97,7.962,8.654,8.312,8.513,8.249,8.672,8.098,8.035,8.242,8.284,8.511,9.083,8.158,8.464,8.612,8.356,8.402,8.21
683.03,18,8.323,8.251,8.154,8.659,7.668,7.937,7.987,8.599,8.323,8.504,8.248,8.682,8.053,8.031,8.257,8.39,8.431,9.137,8.134,8.433,8.584,8.411,8.398,8.184
684.03,18,8.349,8.234,8.122,8.657,7.647,7.965,7.937,8.653,8.25,8.522,8.22,8.613,8.113,8.095,8.251,8.307,8.45,9.083,8.133,8.409,8.553,8.352,8.414,8.28
685.03,18,8.353,8.323,8.074,8.715,7.605,8,7.983,8.668,8.352,8.489,8.247,8.657,8.064,8.09,8.195,8.322,8.462,9.069,8.204,8.401,8.624,8.314,8.427,8.213
686.03,18,8.282,8.275,8.124,8.623,7.577,7.935,7.954,8.644,8.314,8.506,8.258,8.653,8.098,8.07,8.187,8.256,8.454,9.086,8.09,8.376,8.585,8.34,8.413,8.269
687.03,18,8.307,8.251,8.164,8.642,7.639,7.928,7.937,8.581,8.255,8.491,8.194,8.622,8.075,8.013,8.246,8.413,8.473,9.046,8.14,8.413,8.634,8.336,8.443,8.198
688.03,18,8.361,8.318,8.121,8.663,7.6,7.908,7.933,8.588,8.279,8.44,8.196,8.683,8.053,8.061,8.133,8.308,8.53,9.02,8.084,8.406,8.676,8.319,8.485,8.261
689.03,18,8.374,8.328,8.132,8.658,7.572,7.943,7.96,8.631,8.325,8.483,8.198,8.64,8.061,8.082,8.21,8.397,8.424,9.121,8.155,8.431,8.629,8.33,8.437,8.188
690.03,18,8.298,8.273,8.123,8.689,7.662,7.907,7.948,8.621,8.26,8.492,8.249,8.658,8.06,8.095,8.245,8.372,8.482,9.082,8.11,8.371,8.629,8.372,8.404,8.293
691.03,18,8.384,8.256,8.119,8.598,7.648,8.011,8.039,8.703,8.291,8.48,8.201,8.632,8.11,8.019,8.16,8.346,8.505,9.095,8.14,8.477,8.688,8.338,8.401,8.254
692.03,18,8.353,8.226,8.153,8.599,7.659,7.969,7.948,8.72,8.254,8.537,8.25,8.657,8.1,8.012,8.258,8.273,8.497,9.127,8.124,8.424,8.677,8.351,8.376,8.228
693.03,18,8.384,8.335,8.126,8.637,7.566,8.011,7.994,8.552,8.322,8.466,8.259,8.662,8.113,8.104,8.223,8.373,8.441,9.114,8.095,8.419,8.608,8.359,8.391,8.244
694.03,18,8.371,8.275,8.109,8.62,7.636,7.992,7.972,8.613,8.296,8.429,8.201,8.633,8.09,8.013,8.247,8.399,8.43,9.076,8.103,8.379,8.601,8.339,8.452,8.219
695.03,18,8.362,8.227,8.059,8.68,7.574,7.933,7.929,8.594,8.284,8.479,8.286,8.63,8.075,8.052,8.224,8.344,8.427,9.065,8.122,8.454,8.544,8.361,8.422,8.23
696.03,18,8.378,8.187,8.132,8.64,7.591,7.944,7.928,8.647,8.267,8.382,8.145,8.6,8.109,8.003,8.184,8.284,8.403,9.069,8.18,8.386,8.608,8.347,8.389,8.228
697.03,18,8.342,8.324,8.151,8.679,7.569,7.959,7.893,8.666,8.292,8.451,8.218,8.66,8.107,8.07,8.189,8.256,8.464,9.062,8.111,8.416,8.619,8.408,8.422,8.179
698.03,18,8.366,8.297,8.169,8.648,7.625,7.934,7.939,8.65,8.308,8.455,8.257,8.68,8.031,8.065,8.214,8.26,8.428,9.087,8.079,8.374,8.634,8.294,8.354,8.2
699.03,18,8.247,8.323,8.152,8.665,7.619,7.981,7.943,8.608,8.287,8.525,8.192,8.702,8.013,8.107,8.189,8.34,8.491,9.074,8.15,8.444,8.709,8.378,8.395,8.23
700.03,18,8.377,8.288,8.131,8.607,7.548,7.973,7.983,8.588,8.295,8.475,8.206,8.653,8.058,8.1,8.172,8.258,8.472,9.074,8.095,8.424,8.555,8.364,8.421,8.224
701.03,18,8.42,8.273,8.058,8.609,7.604,7.968,7.977,8.629,8.274,8.455,8.209,8.679,8.079,8.05,8.254,8.355,8.483,9.083,8.088,8.428,8.591,8.338,8.358,8.245
702.03,18,8.299,8.278,8.11,8.63,7.608,7.986,7.997,8.604,8.305,8.484,8.193,8.626,8.094,8.152,8.227,8.311,8.435,9.066,8.089,8.459,8.653,8.306,8.476,8.303
703.03,18,8.309,8.258,8.092,8.661,7.618,7.976,7.963,8.551,8.281,8.488,8.192,8.648,8.037,8.039,8.223,8.336,8.449,9.046,8.174,8.39,8.547,8.335,8.526,8.255
704.03,18,8.353,8.239,8.167,8.607,7.593,7.979,7.918,8.645,8.246,8.492,8.214,8.657,8.031,8.013,8.212,8.273,8.489,9.068,8.034,8.362,8.561,8.323,8.417,8.263
705.03,18,8.375,8.266,8.126,8.679,7.6,7.924,7.979,8.713,8.275,8.535,8.236,8.649,8.09,8.045,8.118,8.363,8.485,9.024,8.156,8.394,8.591,8.312,8.42,8.231
706.03,18,8.328,8.262,8.199,8.626,7.66,8.006,8.005,8.621,8.238,8.475,8.203,8.672,8.067,8.027,8.225,8.298,8.437,9.075,8.174,8.41,8.601,8.374,8.397,8.239
707.03,18,8.37,8.275,8.034,8.642,7.548,7.909,7.91,8.579,8.283,8.436,8.251,8.664,8.052,8.044,8.214,8.323,8.484,9.107,8.094,8.416,8.578,8.35,8.417,8.33
708.03,18,8.349,8.21,8.122,8.643,7.655,7.974,7.895,8.62,8.257,8.485,8.192,8.685,8.024,8.027,8.231,8.326,8.498,9.104,8.15,8.448,8.613,8.346,8.378,8.231
709.03,18,8.354,8.274,8.131,8.699,7.579,7.93,7.951,8.649,8.246,8.47,8.242,8.651,8.079,8.054,8.199,8.318,8.412,9.073,8.122,8.349,8.61,8.413,8.388,8.239
710.03,18,8.275,8.253,8.1,8.674,7.603,7.924,7.919,8.615,8.198,8.448,8.256,8.615,8.025,8.063,8.212,8.336,8.426,9.112,8.155,8.361,8.632,8.367,8.481,8.202
711.03,18,8.343,8.288,8.147,8.659,7.625,7.953,8.013,8.588,8.288,8.47,8.154,8.637,8.118,8.021,8.203,8.332,8.43,9.096,8.137,8.401,8.646,8.263,8.442,8.196
712.03,18,8.362,8.22,8.095,8.639,7.583,7.893,7.926,8.573,8.298,8.453,8.176,8.61,8.091,8.059,8.247,8.334,8.498,9.036,8.12,8.408,8.636,8.345,8.462,8.248
713.03,18,8.335,8.277,8.137,8.695,7.547,7.922,7.957,8.614,8.321,8.462,8.167,8.585,8.035,8.034,8.198,8.271,8.443,9.109,8.195,8.412,8.609,8.322,8.417,8.195
714.03,18,8.406,8.292,8.108,8.648,7.583,8.004,7.946,8.544,8.24,8.512,8.194,8.622,8.12,8.089,8.19,8.318,8.52,9.094,8.136,8.412,8.542,8.309,8.456,8.294
715.03,18,8.321,8.293,8.151,8.668,7.589,7.947,7.948,8.663,8.265,8.537,8.24,8.639,8.006,8.041,8.109,8.314,8.44,9.108,8.078,8.362,8.552,8.266,8.418,8.257
716.03,18,8.389,8.313,8.103,8.613,7.603,7.943,7.92,8.615,8.282,8.533,8.282,8.646,8.082,8.029,8.208,8.328,8.438,9.138,8.08,8.388,8.615,8.316,8.454,8.286
717.03,18,8.421,8.244,8.051,8.563,7.576,7.98,7.932,8.62,8.277,8.465,8.238,8.642,8.078,8.102,8.08,8.262,8.489,9.092,8.149,8.405,8.553,8.307,8.402,8.186
718.03,18,8.386,8.324,8.107,8.65,7.606,7.879,7.931,8.645,8.222,8.512,8.19,8.64,8.027,8.092,8.212,8.312,8.452,9.081,8.113,8.366,8.603,8.325,8.416,8.233
719.03,18,8.347,8.273,8.052,8.622,7.565,7.93,7.926,8.608,8.264,8.445,8.21,8.642,8.057,8.048,8.171,8.33,8.452,9.053,8.099,8.38,8.582,8.32,8.466,8.289
720.03,18,8.302,8.318,8.085,8.662,7.597,7.978,7.941,8.592,8.308,8.486,8.175,8.632,7.998,8.072,8.209,8.292,8.464,9.087,8.106,8.408,8.634,8.353,8.423,8.241
721.03,18,8.362,8.25,8.107,8.624,7.615,7.887,7.957,8.607,8.177,8.525,8.189,8.687,8.025,8.123,8.225,8.291,8.498,9.119,8.148,8.349,8.588,8.306,8.388,8.26
722.03,18,8.382,8.298,8.075,8.623,7.63,7.98,7.939,8.581,8.295,8.484,8.211,8.682,8.033,8.057,8.189,8.257,8.439,9.079,8.101,8.438,8.551,8.392,8.42,8.244
723.03,18,8.31,8.314,8.166,8.655,7.617,7.916,7.997,8.544,8.262,8.451,8.157,8.633,8.063,8.044,8.185,8.306,8.428,9.056,8.122,8.351,8.579,8.338,8.392,8.198
724.03,18,8.369,8.234,8.087,8.604,7.635,7.927,7.944,8.637,8.324,8.468,8.163,8.618,8.059,8.06,8.211,8.362,8.451,9.092,8.123,8.392,8.581,8.36,8.421,8.261
725.03,18,8.318,8.272,8.026,8.615,7.561,7.983,7.949,8.566,8.211,8.472,8.196,8.61,8.088,8.074,8.169,8.315,8.403,9.054,8.111,8.397,8.572,8.335,8.371,8.264
726.03,18,8.397,8.281,8.119,8.625,7.58,7.958,7.904,8.624,8.237,8.427,8.213,8.65,8.043,8.057,8.166,8.248,8.45,9.1,8.158,8.371,8.602,8.344,8.396,8.196
727.03,18,8.32,8.29,8.1,8.595,7.603,8.001,7.939,8.55,8.256,8.489,8.228,8.576,8.089,7.983,8.165,8.273,8.471,9.07,8.075,8.394,8.604,8.314,8.363,8.16
728.03,18,8.356,8.229,8.048,8.6,7.636,7.937,7.909,8.603,8.272,8.563,8.225,8.624,8.066,8.046,8.173,8.331,8.464,9.025,8.131,8.408,8.64,8.329,8.431,8.233
729.03,18,8.319,8.283,8.122,8.632,7.643,7.933,7.968,8.665,8.275,8.446,8.236,8.65,8.052,7.983,8.193,8.277,8.447,9.144,8.117,8.353,8.613,8.357,8.353,8.216
730.03,18,8.308,8.27,8.089,8.652,7.591,7.877,7.91,8.653,8.23,8.447,8.15,8.64,7.957,8.037,8.217,8.373,8.389,9.093,8.082,8.37,8.609,8.337,8.467,8.177
731.03,18,8.295,8.291,8.106,8.685,7.539,7.926,7.902,8.643,8.301,8.459,8.206,8.601,8.011,8.084,8.162,8.353,8.467,9.108,8.072,8.344,8.587,8.273,8.393,8.214
732.03,18,8.287,8.255,8.069,8.608,7.576,7.961,7.898,8.484,8.263,8.451,8.245,8.627,8.006,8.011,8.192,8.275,8.452,9.087,8.048,8.369,8.666,8.305,8.397,8.263
733.03,18,8.307,8.253,8.121,8.594,7.556,7.925,7.965,8.617,8.278,8.406,8.247,8.634,7.98,8.063,8.226,8.265,8.434,9.033,8.125,8.384,8.605,8.328,8.458,8.23
734.03,18,8.381,8.235,8.068,8.617,7.559,7.945,7.852,8.564,8.282,8.446,8.226,8.656,8.059,8.067,8.258,8.291,8.44,9.093,8.143,8.35,8.561,8.252,8.464,8.192
735.03,18,8.329,8.261,8.131,8.59,7.59,7.882,7.985,8.609,8.293,8.484,8.214,8.639,7.999,8.011,8.181,8.316,8.41,9.074,8.078,8.415,8.536,8.244,8.359,8.238
736.03,18,8.345,8.24,8.134,8.648,7.622,7.962,7.889,8.578,8.281,8.467,8.206,8.597,8.073,8.078,8.234,8.248,8.444,9.024,8.117,8.432,8.598,8.294,8.356,8.209
737.03,18,8.266,8.199,8.086,8.595,7.567,7.938,7.962,8.591,8.284,8.424,8.215,8.612,8.028,7.985,8.134,8.29,8.407,9.081,8.123,8.366,8.63,8.364,8.359,8.235
738.03,18,8.439,8.247,8.084,8.603,7.587,7.927,7.941,8.647,8.219,8.49,8.229,8.697,8.048,7.977,8.201,8.334,8.517,9.06,8.099,8.384,8.494,8.317,8.396,8.175
739.03,18,8.275,8.308,8.109,8.6,7.536,7.951,7.962,8.597,8.247,8.457,8.256,8.572,8.08,8.051,8.1,8.305,8.412,9.132,8.117,8.41,8.602,8.265,8.39,8.235
740.03,18,8.33,8.189,8.115,8.627,7.589,7.954,7.96,8.557,8.28,8.504,8.188,8.612,8.1,8.059,8.147,8.301,8.453,9.108,8.071,8.378,8.604,8.341,8.395,8.204
741.03,18,8.335,8.277,8.024,8.642,7.574,7.914,7.935,8.574,8.261,8.464,8.201,8.601,8.087,8.062,8.218,8.308,8.37,9.048,8.147,8.419,8.599,8.278,8.428,8.183
742.03,18,8.3,8.286,8.09,8.608,7.584,7.974,7.946,8.615,8.283,8.38,8.27,8.602,8.076,8.071,8.159,8.273,8.43,9.138,8.148,8.342,8.657,8.372,8.421,8.215
743.03,18,8.284,8.233,8.101,8.549,7.607,7.934,7.969,8.508,8.282,8.511,8.244,8.603,8.049,8.029,8.176,8.29,8.418,9.053,8.11,8.442,8.545,8.335,8.437,8.236
744.03,18,8.355,8.261,8.129,8.639,7.63,7.952,7.929,8.606,8.325,8.466,8.161,8.659,8.043,8.012,8.113,8.283,8.465,9.066,8.051,8.334,8.584,8.324,8.353,8.233
745.03,18,8.318,8.289,8.073,8.542,7.661,7.99,7.897,8.509,8.304,8.391,8.157,8.672,8.023,8.016,8.174,8.297,8.459,9.074,8.062,8.388,8.569,8.34,8.356,8.218
746.03,18,8.308,8.298,8.062,8.619,7.628,7.937,7.962,8.592,8.271,8.452,8.14,8.738,8.053,7.957,8.196,8.269,8.533,9.1,8.088,8.368,8.62,8.37,8.403,8.258
747.03,18,8.321,8.237,8.067,8.595,7.64,8.011,7.951,8.572,8.315,8.465,8.15,8.686,8.018,8.038,8.164,8.307,8.451,9.007,8.082,8.383,8.579,8.372,8.4,8.208
748.03,18,8.32,8.237,8.131,8.694,7.587,7.919,7.922,8.573,8.269,8.461,8.178,8.573,8.034,8.012,8.263,8.32,8.429,9.074,8.116,8.386,8.569,8.304,8.397,8.192
749.03,18,8.353,8.294,8.066,8.602,7.616,7.906,7.948,8.527,8.229,8.523,8.193,8.661,8.066,8.033,8.12,8.222,8.442,9.028,8.164,8.32,8.555,8.332,8.379,8.199
750.03,18,8.316,8.287,8.083,8.592,7.578,7.912,7.895,8.558,8.217,8.433,8.204,8.638,8.061,8.037,8.205,8.275,8.438,9.038,8.094,8.44,8.612,8.342,8.378,8.237
751.03,18,8.237,8.28,8.071,8.67,7.617,7.888,7.937,8.629,8.277,8.46,8.135,8.668,8.033,8.002,8.207,8.261,8.451,9.033,8.025,8.453,8.598,8.323,8.481,8.225
752.03,18,8.405,8.309,8.068,8.648,7.561,7.933,7.921,8.67,8.25,8.459,8.156,8.625,8.076,8.062,8.247,8.271,8.446,9.069,8.064,8.357,8.644,8.306,8.392,8.192
753.03,18,8.413,8.22,8.101,8.61,7.597,7.954,7.977,8.588,8.252,8.394,8.215,8.647,8.047,8,8.137,8.262,8.425,9.053,8.165,8.316,8.67,8.284,8.415,8.163
754.03,18,8.285,8.253,8.092,8.683,7.555,7.918,7.938,8.547,8.244,8.421,8.162,8.598,8.032,8.006,8.153,8.323,8.449,9.052,8.119,8.4,8.559,8.366,8.373,8.247
755.03,18,8.293,8.242,8.161,8.551,7.519,7.92,7.971,8.537,8.276,8.468,8.149,8.607,7.996,8.015,8.12,8.268,8.42,9.088,8.069,8.357,8.618,8.307,8.41,8.226
756.03,18,8.32,8.26,8.034,8.649,7.587,7.968,7.882,8.598,8.261,8.434,8.207,8.598,7.987,8.06,8.159,8.311,8.409,9.006,8.155,8.398,8.584,8.318,8.442,8.214
757.03,18,8.291,8.258,8.088,8.654,7.562,7.942,7.963,8.599,8.196,8.427,8.124,8.583,8.036,7.978,8.157,8.27,8.412,9.009,8.143,8.377,8.574,8.308,8.457,8.217
758.03,18,8.343,8.238,8.119,8.645,7.576,7.96,7.923,8.616,8.239,8.455,8.15,8.68,7.982,8.081,8.216,8.257,8.43,9.025,8.182,8.401,8.578,8.234,8.407,8.21
759.03,18,8.272,8.23,8.12,8.589,7.563,7.956,7.967,8.574,8.218,8.388,8.12,8.651,8.053,8.005,8.159,8.229,8.414,9.036,8.126,8.465,8.634,8.235,8.395,8.168
760.03,18,8.298,8.275,8.005,8.622,7.606,7.941,7.911,8.603,8.222,8.469,8.149,8.724,8.025,7.992,8.162,8.357,8.399,9,8.081,8.376,8.578,8.303,8.358,8.23
761.03,18,8.336,8.245,8.081,8.618,7.637,7.877,7.964,8.598,8.323,8.471,8.157,8.568,8.074,8.059,8.201,8.294,8.378,9.028,8.121,8.36,8.624,8.293,8.387,8.209
762.03,18,8.375,8.258,8.025,8.607,7.591,7.941,7.957,8.6,8.265,8.494,8.225,8.627,8.08,7.947,8.134,8.265,8.376,9.102,8.134,8.366,8.569,8.327,8.433,8.2
763.03,18,8.309,8.238,8.126,8.583,7.541,7.905,7.945,8.541,8.244,8.441,8.222,8.597,8.018,8.042,8.151,8.323,8.462,9.113,8.052,8.403,8.523,8.267,8.409,8.254
764.03,18,8.384,8.275,8.09,8.563,7.567,7.952,7.865,8.604,8.314,8.475,8.168,8.666,8.04,7.93,8.088,8.348,8.366,9.062,8.075,8.342,8.589,8.302,8.373,8.227
765.03,18,8.332,8.285,8.061,8.612,7.516,7.954,7.938,8.598,8.236,8.429,8.235,8.591,8.027,8.087,8.195,8.264,8.462,9.063,8.111,8.408,8.648,8.306,8.356,8.287
766.03,18,8.301,8.272,8.066,8.644,7.558,7.999,7.933,8.55,8.194,8.479,8.264,8.628,8.033,8.027,8.164,8.318,8.449,9.076,8.112,8.377,8.545,8.259,8.329,8.203
767.03,18,8.268,8.223,7.993,8.574,7.543,7.926,7.918,8.555,8.252,8.416,8.178,8.641,7.978,7.996,8.172,8.221,8.4,9.073,8.159,8.357,8.564,8.34,8.404,8.205
768.03,18,8.344,8.318,8.124,8.578,7.578,7.964,7.932,8.618,8.203,8.438,8.192,8.629,7.998,8.056,8.174,8.27,8.423,9.107,8.072,8.4,8.538,8.34,8.39,8.199
769.03,18,8.317,8.262,8.104,8.612,7.571,7.913,7.912,8.596,8.223,8.432,8.258,8.623,8.01,8.01,8.174,8.317,8.366,9.052,8.154,8.402,8.554,8.316,8.4,8.202
770.03,18,8.312,8.202,8.132,8.558,7.604,7.916,7.927,8.601,8.245,8.476,8.126,8.677,8.026,7.992,8.163,8.259,8.41,9.071,8.113,8.415,8.54,8.266,8.359,8.213
771.03,18,8.291,8.244,8.031,8.603,7.607,7.925,7.965,8.592,8.299,8.42,8.152,8.608,7.972,7.993,8.164,8.277,8.361,9.043,8.183,8.457,8.574,8.369,8.387,8.22
772.03,18,8.281,8.31,8.119,8.696,7.541,7.978,7.904,8.563,8.217,8.429,8.172,8.596,8.092,7.96,8.132,8.212,8.429,9.009,8.088,8.358,8.622,8.267,8.403,8.237
773.03,18,8.269,8.328,8.068,8.617,7.562,7.924,7.939,8.565,8.243,8.381,8.136,8.63,8.067,8.143,8.204,8.3,8.415,9.037,8.138,8.403,8.576,8.351,8.426,8.169
774.03,18,8.29,8.154,8.085,8.622,7.556,7.928,7.917,8.52,8.231,8.428,8.187,8.602,8.034,8.021,8.193,8.331,8.41,8.981,8.097,8.33,8.565,8.321,8.367,8.171
775.03,18,8.297,8.268,8.041,8.577,7.561,7.968,7.924,8.631,8.247,8.451,8.176,8.631,8.014,8.032,8.186,8.289,8.362,9.035,8.102,8.348,8.595,8.223,8.444,8.218
776.03,18,8.374,8.219,8.114,8.56,7.516,7.925,7.961,8.554,8.225,8.461,8.158,8.592,8.026,8.069,8.169,8.254,8.407,9.032,8.085,8.373,8.542,8.311,8.363,8.317
777.03,18,8.331,8.165,8.052,8.589,7.51,7.931,7.97,8.553,8.24,8.435,8.212,8.625,7.989,7.985,8.174,8.322,8.398,9.069,8.12,8.352,8.625,8.236,8.367,8.277
778.03,18,8.378,8.228,8.068,8.636,7.586,7.943,7.971,8.562,8.21,8.422,8.09,8.534,8.07,8.055,8.13,8.293,8.424,8.996,8.086,8.386,8.572,8.317,8.344,8.175
779.03,18,8.344,8.228,8.084,8.636,7.621,7.917,7.927,8.554,8.291,8.387,8.146,8.541,8.027,8.004,8.126,8.282,8.41,9.034,8.042,8.447,8.586,8.225,8.428,8.198
780.03,18,8.311,8.253,8.036,8.56,7.535,8.002,7.885,8.575,8.249,8.367,8.16,8.569,7.991,8.027,8.255,8.211,8.477,9.049,8.042,8.359,8.539,8.224,8.356,8.23
781.03,18,8.255,8.273,8.032,8.565,7.547,7.939,7.948,8.59,8.227,8.468,8.146,8.624,7.996,8.028,8.211,8.264,8.376,9.009,8.022,8.409,8.565,8.268,8.392,8.258
782.03,18,8.334,8.282,8.049,8.619,7.56,8,7.908,8.553,8.231,8.449,8.097,8.601,7.991,8.065,8.102,8.248,8.363,9.042,8.07,8.337,8.62,8.246,8.412,8.226
783.03,18,8.332,8.252,8.057,8.63,7.602,7.932,7.971,8.563,8.196,8.394,8.202,8.59,8.056,7.992,8.168,8.253,8.322,9.013,8.096,8.372,8.548,8.282,8.383,8.196
784.03,18,8.291,8.253,8.103,8.594,7.595,7.883,7.934,8.567,8.205,8.37,8.184,8.634,8.087,7.998,8.134,8.287,8.392,9.025,8.067,8.413,8.58,8.401,8.404,8.256
785.03,18,8.306,8.241,8.027,8.565,7.479,7.928,7.97,8.539,8.244,8.401,8.189,8.641,7.973,7.961,8.169,8.313,8.38,9.023,8.141,8.38,8.574,8.33,8.466,8.176
786.03,18,8.364,8.245,8.144,8.575,7.587,7.883,7.968,8.575,8.162,8.456,8.15,8.615,8.017,7.948,8.103,8.333,8.422,9.085,8.062,8.391,8.637,8.267,8.379,8.175
787.03,18,8.326,8.262,7.993,8.587,7.565,7.907,7.886,8.555,8.268,8.431,8.165,8.626,8.08,8.093,8.134,8.244,8.438,9.053,8.075,8.329,8.515,8.242,8.359,8.151
788.03,18,8.302,8.169,8.098,8.617,7.605,7.852,7.869,8.536,8.256,8.443,8.149,8.649,7.989,8.046,8.128,8.239,8.471,9.14,8.083,8.308,8.506,8.274,8.337,8.253
789.03,18,8.321,8.277,8.065,8.63,7.546,7.914,7.924,8.602,8.239,8.394,8.181,8.634,8.046,8.021,8.134,8.295,8.388,9.065,8.089,8.404,8.565,8.307,8.397,8.186
790.03,18,8.257,8.225,8.113,8.579,7.509,7.941,7.912,8.516,8.239,8.388,8.12,8.644,8.011,8.005,8.15,8.285,8.374,9.102,8.101,8.346,8.589,8.322,8.407,8.122
791.03,18,8.297,8.245,8.084,8.533,7.543,7.925,7.974,8.486,8.173,8.438,8.15,8.603,7.985,7.994,8.131,8.321,8.433,9.047,8.122,8.405,8.504,8.292,8.368,8.213
792.03,18,8.309,8.224,8.032,8.609,7.57,7.936,7.912,8.535,8.202,8.418,8.215,8.651,7.983,8.026,8.118,8.234,8.401,9.014,8.061,8.398,8.598,8.312,8.379,8.239
793.03,18,8.352,8.241,8.109,8.564,7.552,7.917,7.919,8.518,8.227,8.437,8.16,8.602,8,7.985,8.21,8.309,8.421,9.075,8.149,8.34,8.547,8.272,8.405,8.139
794.03,18,8.311,8.231,8.101,8.565,7.585,7.919,7.908,8.638,8.222,8.413,8.094,8.592,8.082,8.026,8.153,8.295,8.452,8.999,8.067,8.343,8.572,8.284,8.44,8.246
795.03,18,8.327,8.222,8.111,8.595,7.56,7.911,7.891,8.507,8.275,8.391,8.151,8.624,8.022,7.997,8.221,8.239,8.346,9.012,8.058,8.302,8.555,8.282,8.374,8.198
796.03,18,8.332,8.219,7.997,8.554,7.585,7.969,7.91,8.519,8.16,8.392,8.167,8.669,7.971,8.067,8.204,8.206,8.418,9.006,8.098,8.342,8.574,8.301,8.407,8.172
797.03,18,8.277,8.223,8.071,8.576,7.581,7.873,7.894,8.557,8.173,8.462,8.205,8.57,8.029,7.957,8.165,8.321,8.39,8.992,8.075,8.349,8.572,8.24,8.402,8.222
798.03,18,8.269,8.293,8.034,8.589,7.515,7.919,7.945,8.566,8.22,8.382,8.14,8.621,7.975,7.969,8.122,8.268,8.383,9.027,8.025,8.392,8.573,8.292,8.344,8.205
799.03,18,8.277,8.23,8.001,8.56,7.593,7.969,7.87,8.566,8.187,8.441,8.234,8.624,7.985,8.04,8.155,8.267,8.441,9.013,8.081,8.366,8.553,8.29,8.407,8.189
800.03,18,8.371,8.214,8.107,8.61,7.601,7.946,7.888,8.488,8.193,8.462,8.156,8.63,8.029,7.965,8.152,8.25,8.374,8.985,8.082,8.39,8.592,8.266,8.352,8.219
801.03,18,8.299,8.241,8.121,8.558,7.585,7.97,7.957,8.569,8.202,8.434,8.132,8.579,8.022,7.949,8.13,8.259,8.335,9.08,8.112,8.385,8.595,8.245,8.402,8.243
802.03,18,8.286,8.233,8.075,8.636,7.437,7.926,7.907,8.578,8.183,8.395,8.145,8.59,8.004,8,8.106,8.357,8.378,9.017,8.068,8.346,8.612,8.316,8.351,8.175
803.03,18,8.328,8.226,8.042,8.597,7.56,7.955,7.873,8.56,8.252,8.399,8.207,8.639,8.083,7.97,8.192,8.294,8.42,9.003,8.063,8.4,8.537,8.226,8.358,8.221
804.03,18,8.353,8.2,8.045,8.547,7.616,7.934,7.902,8.51,8.235,8.449,8.149,8.607,8.021,7.989,8.185,8.271,8.499,8.997,8.058,8.36,8.575,8.23,8.375,8.214
805.03,18,8.269,8.194,8.029,8.603,7.536,7.913,7.889,8.501,8.208,8.387,8.153,8.638,8.036,7.999,8.186,8.22,8.402,9.01,8.039,8.322,8.493,8.321,8.406,8.201
806.03,18,8.356,8.283,8.096,8.618,7.524,7.927,7.919,8.517,8.224,8.489,8.19,8.623,7.978,7.991,8.119,8.195,8.392,8.979,8.088,8.401,8.576,8.317,8.387,8.098
807.03,18,8.307,8.246,8.089,8.618,7.559,7.934,7.858,8.518,8.256,8.381,8.182,8.595,8.031,8.038,8.076,8.255,8.395,9.022,8.075,8.392,8.587,8.31,8.377,8.208
808.03,18,8.367,8.292,8.124,8.57,7.573,7.871,7.932,8.504,8.181,8.327,8.156,8.706,7.987,7.971,8.142,8.242,8.374,8.983,8.034,8.403,8.597,8.286,8.415,8.231
809.03,18,8.317,8.218,8.078,8.587,7.508,7.877,7.934,8.541,8.168,8.393,8.238,8.617,8.053,7.988,8.121,8.173,8.396,8.99,8.033,8.477,8.559,8.282,8.397,8.194
810.03,18,8.341,8.184,8.082,8.548,7.508,7.906,7.925,8.527,8.175,8.464,8.091,8.604,7.985,7.993,8.107,8.348,8.348,9.054,8.04,8.375,8.641,8.318,8.387,8.188
811.03,18,8.313,8.269,8.075,8.553,7.58,7.91,7.902,8.572,8.27,8.392,8.032,8.686,8.004,8.007,8.167,8.239,8.385,8.992,8.021,8.346,8.549,8.309,8.326,8.212
812.03,18,8.352,8.255,8.075,8.61,7.484,7.937,7.951,8.533,8.189,8.486,8.156,8.599,7.998,7.941,8.134,8.257,8.406,9.051,8.064,8.361,8.572,8.255,8.41,8.208
813.03,18,8.247,8.216,8.003,8.628,7.533,7.871,7.926,8.524,8.254,8.411,8.163,8.603,8.036,8.015,8.123,8.263,8.414,9.032,8.06,8.337,8.611,8.272,8.399,8.186
814.03,18,8.319,8.239,8.046,8.591,7.514,7.972,7.908,8.567,8.269,8.373,8.206,8.59,8.039,8.076,8.07,8.231,8.445,8.971,8.078,8.385,8.56,8.239,8.386,8.2
815.03,18,8.309,8.213,8.073,8.622,7.453,7.918,7.906,8.565,8.276,8.415,8.122,8.588,7.976,7.971,8.186,8.273,8.32,9.008,8.118,8.328,8.581,8.333,8.357,8.212
816.03,18,8.292,8.213,8.035,8.617,7.506,7.912,7.961,8.524,8.237,8.453,8.188,8.585,8.003,8.048,8.151,8.223,8.387,8.984,8.079,8.391,8.58,8.212,8.371,8.171
817.03,18,8.306,8.258,7.986,8.615,7.531,7.85,7.89,8.541,8.185,8.367,8.111,8.62,7.962,7.963,8.133,8.206,8.387,9.041,8.091,8.327,8.534,8.295,8.409,8.173
818.03,18,8.248,8.27,8.08,8.574,7.56,7.898,7.853,8.548,8.19,8.417,8.165,8.628,7.977,7.944,8.118,8.225,8.333,8.997,8.066,8.338,8.608,8.252,8.373,8.175
819.03,18,8.332,8.208,8.067,8.599,7.521,7.918,7.857,8.483,8.192,8.354,8.123,8.59,7.998,7.998,8.189,8.196,8.421,8.992,8.078,8.35,8.56,8.289,8.36,8.176
820.03,18,8.319,8.251,8.015,8.607,7.508,7.879,7.897,8.513,8.247,8.424,8.168,8.636,8.046,8.007,8.158,8.292,8.41,9.002,8.084,8.326,8.522,8.299,8.376,8.171
821.03,18,8.266,8.192,8.053,8.586,7.547,7.932,7.889,8.484,8.214,8.422,8.127,8.594,8.033,8.016,8.101,8.284,8.374,9.016,8.07,8.345,8.623,8.232,8.314,8.193
822.03,18,8.367,8.19,8.021,8.6,7.51,7.944,7.908,8.593,8.179,8.392,8.191,8.558,7.973,7.943,8.174,8.26,8.353,8.983,8.147,8.361,8.545,8.226,8.375,8.144
823.03,18,8.33,8.257,8.012,8.597,7.563,7.883,7.906,8.578,8.275,8.347,8.089,8.554,8.037,8.016,8.165,8.238,8.301,9.024,8.062,8.372,8.52,8.297,8.382,8.196
824.03,18,8.337,8.211,8.041,8.52,7.502,7.878,7.95,8.565,8.177,8.352,8.163,8.558,8.021,7.962,8.147,8.254,8.36,9.039,8.041,8.38,8.585,8.261,8.418,8.247
825.03,18,8.273,8.247,8.064,8.54,7.53,7.866,7.913,8.574,8.204,8.411,8.186,8.6,8.046,7.984,8.146,8.257,8.388,9.024,8.101,8.337,8.599,8.27,8.306,8.174
826.03,18,8.306,8.185,8.021,8.589,7.562,7.887,7.947,8.553,8.181,8.363,8.173,8.591,7.997,7.983,8.148,8.252,8.405,9.039,8.021,8.428,8.577,8.265,8.36,8.138
827.03,18,8.322,8.202,8.013,8.623,7.527,7.826,7.928,8.474,8.159,8.39,8.11,8.659,8.039,7.979,8.149,8.258,8.348,8.989,8.051,8.319,8.558,8.311,8.354,8.225
828.03,18,8.393,8.221,8.069,8.55,7.527,7.873,7.915,8.541,8.225,8.409,8.127,8.569,7.992,7.958,8.16,8.263,8.395,8.975,8.095,8.344,8.467,8.272,8.457,8.162
829.03,18,8.344,8.291,8.075,8.543,7.593,7.894,7.907,8.485,8.175,8.392,8.154,8.614,8.016,8.007,8.184,8.227,8.346,9.052,8.078,8.355,8.528,8.194,8.358,8.171
830.03,18,8.267,8.17,8.046,8.59,7.502,7.827,7.922,8.486,8.251,8.403,8.19,8.591,7.946,8.031,8.076,8.252,8.313,9.059,8.012,8.375,8.522,8.27,8.38,8.173
831.03,18,8.313,8.204,7.976,8.533,7.586,7.923,7.917,8.548,8.236,8.357,8.178,8.546,8.021,7.946,8.083,8.282,8.365,8.974,8.063,8.352,8.555,8.31,8.393,8.177
832.03,18,8.348,8.263,8.013,8.626,7.559,7.948,7.891,8.541,8.174,8.412,8.139,8.603,7.896,7.982,8.079,8.275,8.287,9.016,8.068,8.375,8.516,8.323,8.326,8.266
833.03,18,8.309,8.261,8.018,8.599,7.568,7.938,7.911,8.563,8.159,8.445,8.154,8.618,7.981,7.968,8.193,8.293,8.403,9.059,8.046,8.314,8.484,8.281,8.38,8.192
834.03,18,8.256,8.197,8.061,8.546,7.5,7.853,7.935,8.558,8.224,8.43,8.101,8.596,8.032,7.954,8.101,8.275,8.402,9.019,8.054,8.328,8.604,8.275,8.328,8.168
835.03,18,8.294,8.185,8.026,8.566,7.49,7.93,7.935,8.551,8.169,8.452,8.163,8.636,7.915,7.921,8.117,8.186,8.394,9.041,8.01,8.359,8.57,8.253,8.336,8.128
836.03,18,8.313,8.268,7.978,8.6,7.493,7.889,7.878,8.46,8.244,8.375,8.138,8.532,7.958,7.974,8.196,8.254,8.46,9.037,8.061,8.336,8.573,8.281,8.344,8.115
837.03,18,8.259,8.174,8.052,8.61,7.536,7.916,7.929,8.545,8.181,8.333,8.116,8.569,7.936,7.932,8.073,8.211,8.393,8.961,8.055,8.316,8.618,8.194,8.341,8.169
838.03,18,8.288,8.238,8.035,8.556,7.547,7.881,7.925,8.591,8.165,8.335,8.226,8.617,7.966,7.946,8.157,8.287,8.377,9.005,7.984,8.352,8.63,8.278,8.383,8.16
839.03,18,8.252,8.262,8.009,8.579,7.567,7.883,7.851,8.519,8.212,8.406,8.209,8.547,8.001,8.008,8.114,8.309,8.335,8.968,8.002,8.335,8.518,8.312,8.348,8.187
840.03,18,8.299,8.194,8.018,8.54,7.538,7.919,7.904,8.563,8.223,8.34,8.195,8.591,8.05,7.942,8.169,8.242,8.389,8.962,8.068,8.411,8.572,8.244,8.436,8.172
841.03,18,8.249,8.149,8.036,8.585,7.521,7.86,7.911,8.539,8.162,8.395,8.15,8.599,8.006,7.945,8.102,8.274,8.401,8.996,8.069,8.405,8.534,8.269,8.325,8.229
842.03,18,8.357,8.226,8.055,8.548,7.52,7.958,7.928,8.539,8.196,8.34,8.088,8.582,7.999,7.938,8.098,8.204,8.349,9.049,8.092,8.343,8.578,8.266,8.405,8.195
843.03,18,8.287,8.244,8.032,8.525,7.551,7.958,7.935,8.521,8.191,8.403,8.09,8.521,7.918,8.035,8.083,8.273,8.351,8.994,8.084,8.311,8.563,8.25,8.404,8.167
844.03,18,8.306,8.175,8.018,8.595,7.542,7.889,7.906,8.528,8.158,8.421,8.153,8.633,7.963,8.014,8.151,8.183,8.357,9.019,8.083,8.305,8.525,8.282,8.37,8.159
845.03,18,8.327,8.23,8.059,8.561,7.579,7.939,7.904,8.506,8.182,8.383,8.103,8.591,8.073,7.943,8.181,8.228,8.439,9.021,8.078,8.326,8.545,8.315,8.329,8.196
846.03,18,8.321,8.207,8.014,8.536,7.561,7.947,7.903,8.471,8.236,8.368,8.126,8.537,7.995,7.995,8.095,8.243,8.335,9.019,8.069,8.302,8.537,8.287,8.416,8.198
847.03,18,8.305,8.217,8.061,8.57,7.526,7.917,7.904,8.485,8.246,8.432,8.111,8.559,8.058,8.014,8.172,8.202,8.396,9.006,8.084,8.363,8.545,8.244,8.357,8.143
848.03,18,8.293,8.196,8.066,8.565,7.498,7.878,7.862,8.532,8.199,8.394,8.106,8.579,8.04,7.983,8.116,8.29,8.316,8.979,8.096,8.393,8.513,8.262,8.383,8.108
849.03,18,8.301,8.224,8.073,8.624,7.499,7.924,7.906,8.523,8.176,8.402,8.134,8.681,7.966,7.986,8.107,8.196,8.351,9.05,8.049,8.282,8.603,8.256,8.356,8.199
850.03,18,8.289,8.212,8.028,8.604,7.486,7.885,7.84,8.545,8.271,8.359,8.119,8.587,7.999,7.923,8.166,8.207,8.315,8.95,8.027,8.356,8.586,8.285,8.363,8.174
851.03,18,8.307,8.21,8.009,8.597,7.467,7.875,7.93,8.556,8.167,8.373,8.119,8.569,8.015,8.01,8.111,8.207,8.372,8.937,8.041,8.419,8.575,8.306,8.303,8.134
852.03,18,8.303,8.244,8.03,8.591,7.466,7.918,7.857,8.546,8.185,8.364,8.149,8.566,7.93,7.919,8.109,8.223,8.279,8.968,8.05,8.409,8.558,8.247,8.321,8.233
853.03,18,8.238,8.196,8.021,8.526,7.487,7.865,7.942,8.601,8.267,8.388,8.097,8.558,8.006,8.012,8.139,8.21,8.354,8.988,8.081,8.284,8.52,8.225,8.306,8.175
854.03,18,8.294,8.176,8.05,8.558,7.471,7.917,7.914,8.47,8.172,8.377,8.15,8.558,7.945,7.953,8.12,8.203,8.363,9.004,8.075,8.389,8.447,8.165,8.34,8.126
855.03,18,8.247,8.154,8.016,8.581,7.477,7.893,7.84,8.512,8.215,8.443,8.153,8.559,8.014,7.935,8.135,8.202,8.331,8.999,8.015,8.354,8.575,8.262,8.334,8.155
856.03,18,8.362,8.204,8.006,8.625,7.499,7.88,7.948,8.553,8.156,8.376,8.092,8.554,8.014,8.009,8.146,8.202,8.319,9.024,8.045,8.334,8.503,8.269,8.395,8.168
857.03,18,8.247,8.163,8.034,8.563,7.522,7.883,7.919,8.576,8.253,8.417,8.144,8.577,7.924,7.958,8.139,8.186,8.359,8.975,8.059,8.303,8.556,8.243,8.372,8.212
858.03,18,8.288,8.177,8.075,8.522,7.528,7.91,7.867,8.566,8.214,8.468,8.102,8.638,7.978,8.016,8.091,8.255,8.399,8.982,8.016,8.363,8.574,8.192,8.342,8.077
859.03,18,8.301,8.173,8.052,8.529,7.531,7.89,7.963,8.557,8.194,8.4,8.125,8.593,8.007,7.932,8.123,8.208,8.317,9.034,8.055,8.315,8.502,8.225,8.26,8.157
860.03,18,8.333,8.167,7.962,8.514,7.547,7.873,7.89,8.496,8.21,8.425,8.07,8.622,7.951,7.918,8.106,8.273,8.349,8.883,8.04,8.354,8.564,8.243,8.383,8.229
861.03,18,8.284,8.191,8.055,8.621,7.425,7.884,7.861,8.529,8.23,8.355,8.082,8.613,7.948,7.965,8.157,8.198,8.324,8.974,8.022,8.327,8.521,8.247,8.393,8.177
862.03,18,8.237,8.214,8.042,8.571,7.461,7.858,7.935,8.468,8.212,8.392,8.168,8.563,7.921,7.949,8.099,8.219,8.323,8.989,8.082,8.365,8.489,8.232,8.356,8.171
863.03,18,8.337,8.25,8.013,8.507,7.525,7.926,7.84,8.531,8.255,8.368,8.053,8.635,8.054,7.919,8.105,8.283,8.322,8.928,8.007,8.294,8.568,8.228,8.315,8.233
864.03,18,8.37,8.269,7.982,8.559,7.559,7.94,7.894,8.506,8.146,8.379,8.146,8.589,8.006,7.904,8.142,8.261,8.333,8.968,8.027,8.286,8.532,8.219,8.308,8.131
865.03,18,8.283,8.228,8.074,8.545,7.479,7.868,7.873,8.454,8.181,8.327,8.097,8.575,7.893,7.938,8.204,8.23,8.254,9.002,8.028,8.358,8.534,8.244,8.301,8.155
866.03,18,8.313,8.241,8.041,8.557,7.432,7.861,7.881,8.543,8.176,8.335,8.071,8.597,7.97,7.977,8.124,8.215,8.371,8.969,8.041,8.391,8.547,8.231,8.267,8.142
867.03,18,8.344,8.215,8.041,8.511,7.527,7.848,7.891,8.512,8.177,8.406,8.145,8.579,8.044,7.985,8.134,8.197,8.308,9.035,8.02,8.364,8.513,8.235,8.248,8.238
868.03,18,8.261,8.174,7.956,8.558,7.55,7.882,7.893,8.5,8.23,8.4,8.097,8.575,8.037,7.948,8.104,8.19,8.314,8.967,8.05,8.292,8.591,8.264,8.321,8.174
869.03,18,8.295,8.222,8.009,8.561,7.447,7.916,7.88,8.476,8.219,8.41,8.176,8.561,8.001,7.942,8.173,8.191,8.319,8.989,8.043,8.368,8.497,8.222,8.367,8.099
870.03,18,8.3,8.141,8.042,8.543,7.499,7.833,7.9,8.581,8.203,8.361,8.132,8.598,7.999,7.987,8.169,8.177,8.357,9.042,8.042,8.334,8.533,8.242,8.374,8.091
871.03,18,8.314,8.136,8.001,8.535,7.429,7.911,7.889,8.526,8.171,8.366,8.089,8.589,7.979,7.974,8.151,8.189,8.363,8.936,8.025,8.346,8.569,8.277,8.402,8.141
872.03,18,8.254,8.174,8.046,8.563,7.519,7.872,7.846,8.468,8.197,8.438,8.07,8.648,7.976,7.93,8.062,8.2,8.33,8.956,8.1,8.373,8.561,8.215,8.396,8.168
873.03,18,8.331,8.174,7.986,8.567,7.578,7.826,7.938,8.438,8.197,8.331,8.107,8.533,7.982,7.96,8.127,8.205,8.367,9.021,8.022,8.354,8.459,8.172,8.341,8.166
874.03,18,8.264,8.228,8.022,8.58,7.489,7.916,7.854,8.501,8.191,8.326,8.14,8.568,7.982,7.947,8.125,8.205,8.37,8.926,8.029,8.326,8.579,8.296,8.346,8.167
875.03,18,8.277,8.181,8.028,8.521,7.523,7.842,7.874,8.472,8.221,8.324,8.157,8.528,8.029,7.952,8.077,8.247,8.317,8.945,8.054,8.283,8.567,8.199,8.38,8.175
876.03,18,8.249,8.111,8.002,8.548,7.455,7.858,7.852,8.521,8.175,8.371,8.045,8.555,8.007,7.926,8.113,8.197,8.348,8.912,8.048,8.349,8.569,8.266,8.362,8.162
877.03,18,8.271,8.18,8.009,8.588,7.519,7.794,7.899,8.484,8.176,8.349,8.111,8.59,7.966,7.927,8.104,8.257,8.279,8.977,8.121,8.3,8.55,8.204,8.368,8.168
878.03,18,8.252,8.224,7.974,8.592,7.555,7.897,7.888,8.511,8.187,8.409,8.093,8.61,8.041,7.922,8.08,8.183,8.406,8.996,8.068,8.346,8.534,8.242,8.324,8.187
879.03,18,8.24,8.239,8.068,8.505,7.539,7.883,7.917,8.576,8.147,8.408,8.04,8.55,7.937,7.939,8.066,8.158,8.346,8.973,8.097,8.34,8.508,8.24,8.356,8.114
880.03,18,8.31,8.183,7.977,8.551,7.522,7.84,7.829,8.533,8.108,8.371,8.125,8.56,7.933,7.98,8.031,8.203,8.303,8.937,8.033,8.309,8.547,8.213,8.323,8.133
881.03,18,8.285,8.161,8.038,8.547,7.496,7.964,7.963,8.547,8.22,8.357,8.106,8.559,7.933,7.957,8.089,8.2,8.271,8.996,8.037,8.297,8.49,8.261,8.364,8.155
882.03,18,8.302,8.207,8.012,8.537,7.514,7.857,7.894,8.525,8.258,8.386,8.039,8.562,7.961,7.926,8.099,8.176,8.355,8.994,8.036,8.304,8.48,8.253,8.327,8.232
883.03,18,8.256,8.172,7.984,8.578,7.493,7.872,7.846,8.488,8.201,8.388,8.119,8.589,8.012,7.972,8.135,8.18,8.357,9.022,8.072,8.361,8.457,8.214,8.306,8.129
884.03,18,8.307,8.164,8.007,8.602,7.484,7.856,7.874,8.518,8.204,8.42,8.133,8.563,7.954,7.947,8.1,8.222,8.308,8.986,8.07,8.259,8.531,8.22,8.353,8.213
885.03,18,8.264,8.196,8.002,8.606,7.503,7.9,7.88,8.507,8.191,8.346,8.062,8.615,7.991,8.015,8.055,8.242,8.307,8.964,8.072,8.362,8.527,8.234,8.337,8.156
886.03,18,8.306,8.174,8.018,8.533,7.504,7.939,7.913,8.556,8.134,8.323,8.179,8.598,8.046,7.951,8.099,8.196,8.383,9.01,8.042,8.357,8.569,8.215,8.349,8.193
887.03,18,8.291,8.168,8.087,8.523,7.507,7.89,7.931,8.441,8.184,8.352,8.119,8.598,7.994,7.956,8.08,8.188,8.31,8.928,8.027,8.299,8.552,8.194,8.305,8.134
888.03,18,8.233,8.16,8.068,8.52,7.478,7.942,7.894,8.528,8.189,8.403,8.084,8.564,8.013,7.966,8.144,8.189,8.387,9,8.037,8.343,8.525,8.205,8.305,8.156
889.03,18,8.312,8.14,7.954,8.511,7.518,7.832,7.888,8.509,8.134,8.362,8.077,8.562,8.013,7.914,8.139,8.166,8.307,8.928,7.993,8.375,8.587,8.257,8.36,8.162
890.03,18,8.257,8.149,8.043,8.534,7.479,7.87,7.935,8.485,8.13,8.376,8.127,8.587,7.955,7.909,8.005,8.193,8.307,8.942,8,8.338,8.478,8.243,8.252,8.17
891.03,18,8.288,8.192,8.029,8.56,7.508,7.923,7.878,8.547,8.17,8.364,8.14,8.56,7.98,7.898,8.125,8.195,8.23,8.996,7.99,8.37,8.535,8.256,8.292,8.235
892.03,18,8.281,8.2,8.035,8.546,7.471,7.83,7.868,8.516,8.136,8.353,8.129,8.595,8.007,7.929,8.071,8.133,8.368,8.988,8.052,8.316,8.464,8.25,8.366,8.216
893.03,18,8.269,8.184,8.031,8.495,7.485,7.811,7.907,8.51,8.216,8.378,8.124,8.59,7.969,7.942,8.155,8.181,8.344,8.99,8.027,8.301,8.586,8.248,8.319,8.138
894.03,18,8.309,8.203,7.975,8.527,7.431,7.871,7.843,8.556,8.145,8.358,8.037,8.5,8.042,7.911,8.125,8.198,8.381,9.009,7.947,8.342,8.468,8.203,8.398,8.163
895.03,18,8.272,8.171,7.932,8.547,7.506,7.903,7.886,8.533,8.219,8.376,8.069,8.554,7.952,7.947,8.055,8.121,8.3,8.988,8.074,8.289,8.491,8.229,8.378,8.129
896.03,18,8.299,8.179,8.016,8.569,7.451,7.862,7.889,8.492,8.152,8.359,8.128,8.584,8.058,7.951,8.069,8.223,8.378,8.971,8.067,8.306,8.567,8.138,8.29,8.156
897.03,18,8.25,8.195,8.027,8.543,7.5,7.852,7.857,8.431,8.177,8.374,8.095,8.607,8.007,7.959,8.116,8.217,8.231,9.05,8.035,8.338,8.534,8.254,8.306,8.147
898.03,18,8.286,8.19,8.048,8.514,7.492,7.889,7.922,8.504,8.165,8.344,8.124,8.497,7.941,7.886,8.146,8.218,8.36,8.938,8.025,8.398,8.528,8.199,8.328,8.132
899.03,18,8.3,8.18,8.017,8.485,7.418,7.836,7.827,8.453,8.12,8.38,8.061,8.596,7.983,7.997,8.134,8.246,8.354,8.993,7.988,8.32,8.499,8.23,8.338,8.145
900.03,18,8.27,8.184,7.991,8.552,7.492,7.9,7.888,8.478,8.13,8.364,8.018,8.564,8.005,7.93,8.141,8.209,8.336,8.947,8.029,8.314,8.505,8.222,8.344,8.105
901.03,18,8.24,8.204,8.047,8.572,7.508,7.924,7.83,8.474,8.145,8.381,8.15,8.564,7.976,7.938,8.091,8.158,8.295,9,8.028,8.345,8.485,8.204,8.316,8.117
902.03,18,8.243,8.12,8.019,8.513,7.432,7.887,7.868,8.502,8.207,8.334,8.046,8.544,7.963,7.959,8.058,8.107,8.338,8.978,8.042,8.403,8.558,8.206,8.373,8.169
903.03,18,8.243,8.164,8.08,8.533,7.491,7.853,7.89,8.512,8.149,8.387,8.111,8.515,7.999,7.939,8.183,8.252,8.307,8.967,8.034,8.292,8.512,8.256,8.309,8.219
904.03,18,8.271,8.181,8.009,8.531,7.458,7.882,7.929,8.507,8.139,8.345,8.029,8.611,7.987,7.902,8.068,8.255,8.308,9.038,8.024,8.349,8.56,8.199,8.28,8.141
905.03,18,8.316,8.197,7.996,8.517,7.465,7.904,7.876,8.497,8.175,8.345,8.03,8.541,7.94,7.9,8.044,8.218,8.268,8.999,7.999,8.328,8.463,8.26,8.345,8.146
906.03,18,8.234,8.214,8.039,8.558,7.524,7.852,7.883,8.488,8.122,8.324,8.126,8.621,7.941,7.951,8.125,8.161,8.241,8.966,8.007,8.296,8.484,8.199,8.384,8.16
907.03,18,8.298,8.165,7.999,8.548,7.467,7.841,7.853,8.515,8.133,8.315,8.071,8.549,7.943,7.916,8.136,8.18,8.315,8.973,8.012,8.308,8.572,8.164,8.354,8.132
908.03,18,8.282,8.17,8.068,8.565,7.515,7.804,7.862,8.522,8.208,8.365,8.09,8.548,7.972,7.995,8.101,8.193,8.34,8.929,7.975,8.348,8.534,8.269,8.327,8.17
909.03,18,8.261,8.176,8.006,8.514,7.403,7.879,7.892,8.424,8.191,8.319,8.147,8.47,7.985,7.894,8.041,8.228,8.336,8.971,8.077,8.323,8.586,8.179,8.332,8.131
910.03,18,8.275,8.136,7.962,8.489,7.43,7.894,7.833,8.509,8.148,8.356,8.1,8.544,7.973,7.947,8.158,8.169,8.361,8.929,8.003,8.322,8.515,8.218,8.287,8.173
911.03,18,8.264,8.176,7.987,8.494,7.468,7.867,7.794,8.451,8.197,8.324,8.032,8.547,7.987,7.986,8.107,8.209,8.302,9.037,7.978,8.258,8.499,8.18,8.42,8.186
912.03,18,8.198,8.162,8.005,8.51,7.454,7.82,7.914,8.479,8.165,8.368,8.143,8.546,7.924,7.883,8.127,8.189,8.358,8.94,8.074,8.278,8.465,8.179,8.306,8.191
913.03,18,8.294,8.154,7.973,8.555,7.399,7.878,7.872,8.459,8.125,8.357,8.054,8.637,8.049,7.93,8.13,8.178,8.279,9.01,8.043,8.304,8.506,8.194,8.328,8.154
914.03,18,8.323,8.202,7.972,8.536,7.462,7.877,7.904,8.427,8.152,8.292,8.05,8.534,7.937,7.89,8.144,8.164,8.307,9.003,8.009,8.358,8.491,8.235,8.304,8.18
915.03,18,8.254,8.19,8.022,8.541,7.443,7.914,7.892,8.51,8.097,8.355,8.109,8.557,7.925,7.912,8.078,8.189,8.281,9.029,8.014,8.339,8.488,8.24,8.302,8.133
916.03,18,8.22,8.205,7.974,8.53,7.524,7.84,7.879,8.456,8.206,8.306,8.061,8.574,7.928,7.958,8.062,8.157,8.275,8.963,8.049,8.348,8.486,8.232,8.313,8.151
917.03,18,8.241,8.165,8.008,8.498,7.467,7.843,7.856,8.486,8.132,8.354,8.07,8.679,8.032,7.927,8.103,8.171,8.327,8.955,8.01,8.274,8.544,8.189,8.31,8.147
918.03,18,8.304,8.206,7.97,8.508,7.436,7.839,7.947,8.406,8.099,8.339,8.108,8.49,7.929,7.98,8.125,8.254,8.19,8.973,8.071,8.29,8.514,8.243,8.339,8.185
919.03,18,8.211,8.156,8.006,8.562,7.488,7.896,7.839,8.476,8.133,8.29,8.042,8.562,7.895,7.972,8.159,8.237,8.317,8.902,8.007,8.335,8.503,8.221,8.289,8.115
920.03,18,8.226,8.21,8.008,8.526,7.462,7.855,7.852,8.47,8.156,8.355,8.103,8.557,7.956,7.947,8.04,8.21,8.332,8.953,8.062,8.299,8.555,8.257,8.313,8.151
921.03,18,8.256,8.176,8.064,8.469,7.451,7.888,7.841,8.489,8.138,8.36,8.116,8.584,7.981,7.865,8.109,8.215,8.342,8.964,7.977,8.266,8.488,8.19,8.328,8.165
922.03,18,8.311,8.253,8.03,8.486,7.464,7.773,7.876,8.497,8.129,8.371,8.061,8.554,8.016,7.957,8.092,8.211,8.303,8.971,8.006,8.32,8.553,8.206,8.329,8.134
923.03,18,8.233,8.135,7.923,8.492,7.459,7.867,7.852,8.481,8.126,8.35,8.081,8.581,7.986,7.857,8.112,8.193,8.274,9.031,7.969,8.364,8.45,8.226,8.337,8.145
924.03,18,8.285,8.168,7.99,8.474,7.385,7.849,7.889,8.411,8.151,8.34,8.072,8.55,7.96,7.886,8.1,8.196,8.313,8.929,8.028,8.352,8.452,8.236,8.278,8.089
925.03,18,8.299,8.152,7.988,8.559,7.529,7.851,7.826,8.497,8.206,8.394,8.087,8.501,7.911,7.934,8.073,8.175,8.3,9.031,8.063,8.299,8.523,8.2,8.334,8.191
926.03,18,8.255,8.185,7.992,8.541,7.444,7.906,7.843,8.497,8.182,8.343,8.069,8.599,7.958,7.882,8.165,8.167,8.353,9.011,8.041,8.388,8.552,8.196,8.323,8.131
927.03,18,8.248,8.174,8.007,8.506,7.42,7.843,7.867,8.483,8.089,8.352,8.064,8.579,7.965,7.922,8.122,8.186,8.31,8.914,8.005,8.295,8.515,8.198,8.306,8.171
928.03,18,8.3,8.164,7.98,8.547,7.473,7.853,7.851,8.52,8.187,8.336,8.058,8.553,7.944,7.919,8.143,8.171,8.318,8.984,8.015,8.304,8.479,8.193,8.329,8.102
929.03,18,8.272,8.149,8.033,8.566,7.448,7.897,7.818,8.419,8.165,8.347,8.062,8.578,7.898,7.866,8.127,8.124,8.295,9.003,7.981,8.35,8.503,8.176,8.297,8.137
930.03,18,8.305,8.12,7.938,8.47,7.453,7.818,7.812,8.455,8.14,8.38,8.073,8.571,7.931,7.853,8.034,8.15,8.27,8.974,7.962,8.332,8.541,8.17,8.279,8.154
931.03,18,8.292,8.161,7.979,8.519,7.486,7.821,7.816,8.497,8.15,8.315,8.047,8.53,7.987,7.904,8.125,8.195,8.318,8.968,7.986,8.242,8.571,8.161,8.281,8.119
932.03,18,8.266,8.139,8.012,8.514,7.459,7.857,7.821,8.495,8.194,8.347,8.017,8.505,7.936,7.941,8.155,8.188,8.268,8.97,8.005,8.295,8.529,8.216,8.344,8.163
933.03,18,8.268,8.172,8.006,8.58,7.436,7.805,7.909,8.53,8.158,8.364,8.037,8.588,7.877,7.858,8.07,8.034,8.312,8.915,8.041,8.309,8.544,8.159,8.307,8.17
934.03,18,8.275,8.199,7.965,8.462,7.418,7.874,7.879,8.5,8.162,8.327,8.091,8.603,7.967,7.911,8.125,8.122,8.263,8.938,7.994,8.34,8.549,8.209,8.276,8.148
935.03,18,8.262,8.147,8.013,8.535,7.425,7.851,7.874,8.519,8.123,8.34,8.076,8.504,7.936,7.952,8.126,8.199,8.281,8.962,7.997,8.26,8.515,8.197,8.348,8.154
936.03,18,8.227,8.205,8.007,8.456,7.481,7.843,7.861,8.421,8.23,8.277,8.04,8.493,7.999,7.958,8.053,8.164,8.362,8.918,7.982,8.387,8.502,8.187,8.315,8.147
937.03,18,8.328,8.146,8.031,8.482,7.468,7.863,7.924,8.459,8.131,8.335,8.046,8.588,7.9,7.88,8.132,8.146,8.262,8.976,7.942,8.308,8.485,8.197,8.3,8.175
938.03,18,8.277,8.165,8.025,8.466,7.431,7.88,7.84,8.446,8.156,8.378,8.104,8.568,7.965,7.884,8.031,8.134,8.286,8.93,7.987,8.3,8.491,8.157,8.269,8.122
939.03,18,8.236,8.198,7.924,8.482,7.434,7.844,7.895,8.445,8.188,8.38,8.043,8.465,7.928,7.846,8.109,8.126,8.346,8.974,7.964,8.308,8.498,8.19,8.295,8.129
940.03,18,8.221,8.175,8.004,8.544,7.459,7.788,7.863,8.463,8.135,8.337,8.061,8.548,7.937,7.895,8.11,8.129,8.335,8.938,8.008,8.284,8.528,8.166,8.29,8.085
941.03,18,8.242,8.144,7.984,8.495,7.424,7.836,7.878,8.439,8.147,8.301,8.031,8.508,7.893,7.875,8.096,8.153,8.367,8.948,8.025,8.347,8.486,8.199,8.301,8.168
942.03,18,8.245,8.143,7.977,8.453,7.477,7.859,7.873,8.484,8.127,8.315,8.071,8.53,7.968,7.933,8.073,8.196,8.28,8.912,8.001,8.233,8.466,8.206,8.307,8.151
943.03,18,8.25,8.124,7.983,8.429,7.411,7.909,7.855,8.484,8.121,8.239,8.051,8.516,7.906,7.92,8.014,8.205,8.266,8.97,7.991,8.331,8.571,8.144,8.31,8.123
944.03,18,8.266,8.16,7.985,8.461,7.42,7.881,7.897,8.497,8.141,8.39,8.059,8.519,7.937,7.937,8.1,8.175,8.232,8.905,7.999,8.319,8.53,8.147,8.352,8.1
945.03,18,8.256,8.167,7.927,8.563,7.415,7.837,7.775,8.471,8.172,8.345,8.099,8.539,7.928,7.896,8.122,8.162,8.292,8.983,8.014,8.33,8.492,8.219,8.327,8.175
946.03,18,8.176,8.16,7.998,8.498,7.5,7.876,7.805,8.43,8.271,8.323,8.052,8.502,7.926,7.933,8.122,8.201,8.25,8.915,8.007,8.329,8.518,8.178,8.296,8.125
947.03,18,8.237,8.113,7.99,8.514,7.398,7.917,7.852,8.436,8.147,8.336,8.125,8.563,8.012,7.909,8.049,8.13,8.26,8.991,8.043,8.295,8.543,8.267,8.268,8.187
948.03,18,8.245,8.237,7.973,8.466,7.456,7.884,7.918,8.488,8.128,8.273,8.05,8.487,7.984,7.857,8.156,8.159,8.301,8.929,8.036,8.322,8.483,8.168,8.327,8.08
949.03,18,8.265,8.189,8.003,8.533,7.415,7.859,7.916,8.535,8.13,8.376,8.076,8.505,7.958,7.945,8.042,8.154,8.246,9.003,7.965,8.315,8.474,8.121,8.326,8.144
950.03,18,8.261,8.174,8.021,8.584,7.473,7.844,7.804,8.499,8.151,8.37,7.958,8.546,7.915,7.926,8.087,8.157,8.26,9.021,7.987,8.311,8.442,8.146,8.315,8.095
951.03,18,8.285,8.163,7.925,8.469,7.465,7.887,7.809,8.495,8.141,8.385,8.041,8.542,7.965,7.847,8.091,8.12,8.284,8.97,7.968,8.29,8.496,8.231,8.332,8.107
952.03,18,8.24,8.138,7.94,8.554,7.397,7.917,7.825,8.435,8.114,8.291,8.063,8.557,7.936,7.846,8.067,8.155,8.3,8.92,8.005,8.349,8.492,8.206,8.297,8.173
953.03,18,8.313,8.14,7.97,8.495,7.42,7.855,7.848,8.5,8.189,8.409,8.056,8.507,7.941,7.903,8.113,8.159,8.29,8.973,8.013,8.178,8.499,8.227,8.365,8.135
954.03,18,8.259,8.222,7.986,8.551,7.407,7.788,7.818,8.479,8.11,8.341,8.033,8.509,7.962,7.845,8.02,8.158,8.299,8.953,8.031,8.331,8.506,8.197,8.249,8.114
955.03,18,8.236,8.073,7.972,8.507,7.438,7.869,7.899,8.415,8.178,8.384,8.068,8.535,7.982,7.872,8.139,8.164,8.25,9.015,7.965,8.266,8.505,8.216,8.321,8.154
956.03,18,8.254,8.117,7.941,8.516,7.414,7.916,7.831,8.471,8.11,8.4,7.992,8.591,7.946,7.899,8.088,8.207,8.25,9.01,7.995,8.343,8.494,8.174,8.311,8.148
957.03,18,8.274,8.167,7.972,8.516,7.499,7.831,7.815,8.541,8.126,8.296,8.044,8.5,7.879,7.857,8.111,8.206,8.207,9.006,8.023,8.214,8.497,8.197,8.255,8.067
958.03,18,8.278,8.067,7.981,8.501,7.398,7.821,7.879,8.453,8.145,8.348,8.04,8.509,7.959,7.862,8.084,8.146,8.197,8.982,8.004,8.345,8.462,8.216,8.238,8.176
959.03,18,8.282,8.147,7.975,8.536,7.455,7.814,7.844,8.477,8.137,8.339,8.036,8.457,7.935,7.846,8.042,8.156,8.291,8.972,8.029,8.264,8.554,8.193,8.266,8.156
960.03,18,8.268,8.166,7.993,8.476,7.44,7.924,7.883,8.503,8.123,8.351,8.102,8.5,7.969,7.852,8.062,8.146,8.349,8.91,7.996,8.363,8.529,8.198,8.32,8.126
961.03,18,8.266,8.146,8.034,8.53,7.43,7.896,7.894,8.489,8.179,8.298,8.052,8.545,7.935,7.944,8.057,8.128,8.217,9.012,7.952,8.264,8.559,8.231,8.349,8.132
962.03,18,8.265,8.166,7.916,8.452,7.428,7.854,7.875,8.449,8.16,8.37,8.035,8.53,7.983,7.908,8.103,8.201,8.261,8.903,7.985,8.326,8.473,8.215,8.312,8.165
963.03,18,8.231,8.164,7.998,8.508,7.405,7.827,7.879,8.486,8.134,8.281,8.018,8.542,7.935,7.979,8.076,8.069,8.204,8.954,7.956,8.291,8.486,8.206,8.287,8.124
964.03,18,8.239,8.128,7.997,8.547,7.42,7.76,7.962,8.527,8.138,8.305,7.982,8.513,7.948,7.858,8.1,8.196,8.227,8.908,8.023,8.314,8.457,8.215,8.356,8.107
965.03,18,8.184,8.16,7.959,8.484,7.424,7.896,7.834,8.436,8.058,8.356,8.005,8.505,7.89,7.877,8.077,8.131,8.301,8.924,8.059,8.307,8.481,8.196,8.297,8.12
966.03,18,8.24,8.134,7.998,8.437,7.446,7.819,7.921,8.523,8.165,8.307,8.101,8.595,7.97,7.929,8.067,8.157,8.306,8.911,7.98,8.301,8.497,8.205,8.29,8.084
967.03,18,8.236,8.135,7.964,8.477,7.375,7.807,7.861,8.412,8.116,8.297,8.071,8.54,7.936,7.893,8.086,8.074,8.264,8.901,7.983,8.278,8.476,8.132,8.327,8.17
968.03,18,8.201,8.206,7.946,8.513,7.435,7.805,7.897,8.447,8.101,8.355,8.014,8.508,8.003,7.897,8.111,8.12,8.279,8.921,8.025,8.215,8.439,8.159,8.262,8.151
969.03,18,8.26,8.132,7.978,8.527,7.464,7.848,7.851,8.44,8.059,8.304,8.04,8.562,7.952,7.911,8.093,8.153,8.302,8.92,8.023,8.326,8.444,8.194,8.319,8.125
970.03,18,8.27,8.152,7.933,8.513,7.453,7.829,7.89,8.418,8.124,8.333,8.048,8.516,7.978,7.881,8.081,8.21,8.269,8.955,7.985,8.337,8.475,8.149,8.252,8.093
971.03,18,8.224,8.134,7.959,8.475,7.532,7.83,7.86,8.479,8.083,8.384,8.032,8.468,7.916,7.891,8.056,8.15,8.238,9.02,7.994,8.32,8.43,8.247,8.305,8.166
972.03,18,8.282,8.174,8.04,8.415,7.431,7.872,7.768,8.407,8.192,8.343,7.984,8.513,7.992,7.903,8.063,8.143,8.293,8.912,7.956,8.263,8.473,8.223,8.274,8.088
973.03,18,8.331,8.157,7.948,8.486,7.401,7.871,7.844,8.456,8.135,8.338,8.061,8.505,7.906,7.818,8.056,8.147,8.298,8.983,7.96,8.321,8.477,8.173,8.265,8.121
974.03,18,8.329,8.153,7.959,8.449,7.39,7.804,7.895,8.395,8.154,8.344,8.067,8.549,7.907,7.913,8.053,8.126,8.225,8.928,8.045,8.338,8.506,8.157,8.264,8.124
975.03,18,8.236,8.18,7.904,8.505,7.371,7.809,7.856,8.438,8.096,8.284,8.01,8.488,7.895,7.893,8.089,8.166,8.266,8.944,7.956,8.294,8.466,8.174,8.268,8.161
976.03,18,8.269,8.17,7.922,8.454,7.426,7.871,7.826,8.463,8.135,8.295,8.019,8.583,7.874,7.804,8.118,8.188,8.202,8.925,7.991,8.251,8.499,8.122,8.27,8.14
977.03,18,8.192,8.148,7.945,8.519,7.415,7.866,7.804,8.466,8.184,8.29,8.082,8.547,7.937,7.931,8.073,8.189,8.21,8.904,7.997,8.288,8.525,8.143,8.188,8.182
978.03,18,8.225,8.171,7.937,8.466,7.457,7.848,7.861,8.479,8.111,8.314,8,8.434,7.929,7.871,8.154,8.093,8.26,8.921,7.977,8.335,8.447,8.177,8.225,8.129
979.03,18,8.254,8.126,7.849,8.489,7.378,7.837,7.887,8.387,8.107,8.311,8.047,8.511,7.953,7.892,8.047,8.169,8.288,8.982,8.048,8.298,8.45,8.194,8.337,8.151
980.03,18,8.243,8.136,7.932,8.484,7.349,7.807,7.783,8.431,8.071,8.322,8.089,8.506,7.933,7.911,8.042,8.164,8.256,8.948,8.011,8.309,8.446,8.126,8.348,8.127
981.03,18,8.188,8.136,7.912,8.524,7.419,7.857,7.84,8.446,8.076,8.294,8.048,8.467,7.94,7.861,8.061,8.149,8.28,8.896,8.016,8.285,8.552,8.184,8.324,8.135
982.03,18,8.23,8.115,7.923,8.457,7.466,7.847,7.807,8.416,8.098,8.325,8.053,8.533,7.929,7.869,8.085,8.104,8.23,8.915,7.986,8.318,8.455,8.19,8.268,8.122
983.03,18,8.288,8.138,7.969,8.43,7.371,7.859,7.842,8.47,8.143,8.322,8.021,8.45,7.972,7.877,8.063,8.137,8.26,8.872,7.973,8.308,8.465,8.223,8.363,8.18
984.03,18,8.251,8.122,7.955,8.447,7.396,7.814,7.868,8.414,8.107,8.338,8.057,8.53,7.936,7.894,8.038,8.14,8.294,8.889,7.976,8.278,8.519,8.152,8.26,8.075
985.03,18,8.365,8.179,7.984,8.459,7.41,7.816,7.93,8.489,8.053,8.295,7.939,8.461,7.903,7.885,8.054,8.117,8.194,8.972,8.012,8.345,8.488,8.133,8.294,8.127
986.03,18,8.202,8.148,7.922,8.431,7.387,7.822,7.816,8.38,8.076,8.28,8.069,8.492,7.952,7.844,8.099,8.137,8.199,8.952,7.97,8.175,8.535,8.217,8.357,8.126
987.03,18,8.241,8.138,7.964,8.444,7.43,7.79,7.839,8.465,8.03,8.316,8.016,8.514,7.878,7.893,8.094,8.171,8.3,8.879,7.951,8.26,8.479,8.188,8.3,8.083
988.03,18,8.19,8.155,8.014,8.491,7.344,7.743,7.965,8.45,8.081,8.272,8.014,8.523,7.875,7.862,8.049,8.112,8.19,8.867,7.974,8.301,8.49,8.148,8.269,8.124
989.03,18,8.24,8.147,7.974,8.462,7.348,7.802,7.832,8.399,8.139,8.242,8.039,8.469,7.978,7.861,8.067,8.164,8.315,8.92,7.998,8.32,8.384,8.179,8.202,8.107
990.03,18,8.275,8.14,7.988,8.455,7.381,7.79,7.847,8.463,8.11,8.31,8.039,8.489,7.873,7.908,8.103,8.14,8.236,8.973,7.986,8.29,8.433,8.202,8.246,8.114
991.03,18,8.178,8.116,7.951,8.474,7.4,7.803,7.782,8.413,8.144,8.263,8.039,8.545,7.947,7.9,8.059,8.19,8.288,8.917,8.026,8.27,8.485,8.097,8.283,8.094
992.03,18,8.247,8.175,7.907,8.445,7.447,7.871,7.758,8.445,8.15,8.294,8.11,8.441,7.927,7.832,8.038,8.144,8.293,8.89,7.954,8.319,8.487,8.201,8.262,8.114
993.03,18,8.214,8.124,7.924,8.466,7.463,7.81,7.825,8.384,8.132,8.323,8.04,8.503,7.822,7.893,8.069,8.154,8.252,8.958,7.988,8.269,8.465,8.217,8.279,8.141
994.03,18,8.249,8.164,7.928,8.513,7.438,7.856,7.886,8.45,8.13,8.328,8.005,8.513,7.963,7.795,8.114,8.199,8.159,8.879,8.066,8.278,8.524,8.153,8.285,8.09
995.03,18,8.227,8.096,7.907,8.499,7.401,7.821,7.8,8.473,8.066,8.31,8.03,8.504,7.901,7.821,8.062,8.133,8.253,8.986,7.982,8.268,8.484,8.05,8.319,8.127
996.03,18,8.261,8.124,8.008,8.468,7.369,7.814,7.818,8.416,8.087,8.35,8.024,8.506,7.94,7.873,8.06,8.112,8.282,8.941,7.967,8.279,8.546,8.134,8.274,8.142
997.03,18,8.262,8.076,7.937,8.472,7.462,7.853,7.882,8.434,8.095,8.34,8.053,8.548,7.865,7.814,8.038,8.204,8.287,8.902,7.996,8.227,8.481,8.139,8.278,8.107
998.03,18,8.225,8.196,7.88,8.41,7.346,7.855,7.729,8.371,8.114,8.316,8.023,8.461,7.895,7.923,8.049,8.161,8.251,8.876,7.974,8.29,8.5,8.187,8.283,8.064
999.03,18,8.255,8.182,7.91,8.443,7.382,7.808,7.839,8.451,8.07,8.256,8.029,8.492,7.913,7.831,8.025,8.127,8.239,8.878,8.043,8.291,8.472,8.2,8.232,8.139
1000.03,18,8.221,8.097,7.95,8.406,7.354,7.762,7.796,8.369,8.111,8.29,7.954,8.531,7.908,7.881,8.057,8.108,8.194,8.875,7.908,8.31,8.485,8.161,8.292,8.147
1001.03,18,8.231,8.103,7.992,8.478,7.406,7.792,7.872,8.374,8.134,8.277,8.041,8.488,7.928,7.838,8.056,8.141,8.258,8.894,7.947,8.312,8.486,8.156,8.277,8.112
1002.03,18,8.216,8.135,7.98,8.466,7.387,7.834,7.822,8.416,8.115,8.281,8.014,8.55,7.908,7.884,8.005,8.096,8.236,8.932,7.952,8.248,8.501,8.152,8.298,8.097
1003.03,18,8.213,8.079,7.931,8.48,7.348,7.819,7.827,8.46,8.136,8.307,8.01,8.471,7.91,7.884,8.082,8.099,8.237,8.896,8.01,8.264,8.441,8.189,8.313,8.093
1004.03,18,8.211,8.13,7.993,8.349,7.356,7.839,7.849,8.451,8.159,8.296,8.06,8.483,7.911,7.852,8.101,8.106,8.176,8.933,8.025,8.24,8.414,8.163,8.22,8.07
1005.03,18,8.263,8.156,8.034,8.424,7.405,7.82,7.857,8.392,8.049,8.356,8.06,8.516,7.928,7.866,7.991,8.125,8.194,8.905,7.939,8.226,8.451,8.061,8.245,8.104
1006.03,18,8.221,8.145,7.923,8.452,7.423,7.871,7.804,8.423,8.101,8.298,7.995,8.529,7.864,7.872,7.984,8.086,8.27,8.963,8.016,8.278,8.521,8.148,8.293,8.112
1007.03,18,8.212,8.18,7.904,8.419,7.321,7.878,7.865,8.396,8.151,8.358,8.017,8.473,7.868,7.848,8.058,8.141,8.221,8.862,7.962,8.268,8.461,8.171,8.298,8.062
1008.03,18,8.221,8.145,7.942,8.449,7.364,7.806,7.84,8.484,8.031,8.241,7.976,8.432,7.928,7.807,8.08,8.079,8.193,8.889,7.915,8.345,8.47,8.103,8.268,8.156
1009.03,18,8.257,8.107,7.925,8.442,7.377,7.794,7.787,8.498,8.037,8.304,8.064,8.53,7.924,7.824,8.051,8.129,8.243,8.912,8.011,8.25,8.449,8.164,8.316,8.076
1010.03,18,8.213,8.114,7.958,8.443,7.376,7.83,7.855,8.393,8.166,8.282,7.992,8.526,7.935,7.862,8.096,8.06,8.232,8.984,7.954,8.283,8.522,8.137,8.277,8.106
1011.03,18,8.252,8.116,7.93,8.435,7.403,7.871,7.814,8.44,8.118,8.326,8.001,8.523,7.909,7.841,8.069,8.097,8.2,8.981,7.993,8.26,8.484,8.16,8.293,8.064
1012.03,18,8.207,8.115,7.867,8.444,7.406,7.796,7.769,8.406,8.092,8.253,7.983,8.516,7.981,7.875,8.1,8.139,8.202,8.932,7.967,8.304,8.482,8.106,8.277,8.163
1013.03,18,8.28,8.06,7.935,8.473,7.424,7.821,7.821,8.43,8.102,8.226,8.023,8.474,7.89,7.922,7.996,8.18,8.266,8.921,7.973,8.252,8.458,8.159,8.268,8.094
1014.03,18,8.202,8.141,7.963,8.468,7.32,7.811,7.856,8.405,8.054,8.303,7.987,8.509,7.829,7.787,8.033,8.091,8.238,8.929,7.978,8.254,8.501,8.112,8.276,8.109
1015.03,18,8.237,8.104,7.961,8.43,7.351,7.768,7.814,8.429,8.16,8.304,7.994,8.538,7.955,7.834,8.069,8.131,8.242,8.915,7.936,8.25,8.507,8.187,8.216,8.055
1016.03,18,8.199,8.13,7.947,8.471,7.373,7.782,7.885,8.434,8.127,8.262,7.979,8.485,7.958,7.902,8.057,8.075,8.228,8.92,7.993,8.266,8.397,8.116,8.216,8.152
1017.03,18,8.244,8.167,7.914,8.419,7.382,7.793,7.789,8.477,8.096,8.257,8.047,8.516,7.877,7.868,8.02,8.11,8.208,8.912,8.003,8.281,8.554,8.166,8.236,8.024
1018.03,18,8.266,8.192,7.897,8.415,7.422,7.816,7.809,8.453,8.101,8.327,8.051,8.489,7.882,7.86,8.131,8.162,8.27,8.915,7.964,8.244,8.518,8.177,8.283,8.098
1019.03,18,8.215,8.038,7.889,8.441,7.393,7.822,7.777,8.404,8.112,8.313,7.985,8.471,7.886,7.869,8.043,8.103,8.241,8.854,7.972,8.32,8.424,8.126,8.244,8.097
1020.03,18,8.213,8.065,7.893,8.423,7.315,7.816,7.843,8.358,8.12,8.316,7.998,8.493,7.891,7.811,8.068,8.094,8.258,8.926,7.997,8.286,8.524,8.15,8.251,8.074
1021.03,18,8.17,8.147,7.932,8.462,7.424,7.844,7.838,8.446,8.092,8.282,7.973,8.465,7.88,7.902,7.976,8.158,8.201,8.882,7.923,8.291,8.472,8.11,8.282,8.13
1022.03,18,8.158,8.117,8,8.413,7.399,7.826,7.826,8.418,8.089,8.273,8.016,8.519,7.93,7.83,8.061,8.147,8.26,8.861,7.953,8.273,8.411,8.123,8.252,8.105
1023.03,18,8.256,8.083,7.888,8.426,7.38,7.793,7.805,8.403,8.082,8.267,8.078,8.527,7.93,7.806,8.034,8.15,8.225,8.896,7.981,8.271,8.438,8.162,8.309,8.073
1024.03,18,8.3,8.119,7.944,8.43,7.389,7.87,7.898,8.464,8.142,8.298,8.003,8.431,7.889,7.868,8.024,8.146,8.253,8.929,8.001,8.308,8.454,8.145,8.265,8.083
1025.03,18,8.249,8.146,7.924,8.379,7.295,7.805,7.757,8.43,8.096,8.29,8.065,8.475,7.947,7.83,7.995,8.074,8.211,8.881,7.964,8.246,8.457,8.118,8.165,8.104
1026.03,18,8.139,8.111,7.916,8.438,7.395,7.823,7.842,8.373,8.087,8.265,8.059,8.479,7.881,7.856,7.977,8.03,8.215,8.882,7.932,8.266,8.418,8.185,8.263,8.118
1027.03,18,8.224,8.132,7.934,8.469,7.41,7.865,7.821,8.43,8.056,8.267,8.04,8.522,7.863,7.887,8.051,8.11,8.224,8.927,7.936,8.19,8.407,8.169,8.262,8.089
1028.03,18,8.256,8.117,7.895,8.498,7.389,7.859,7.796,8.35,8.038,8.343,8.034,8.413,7.895,7.83,8.037,8.092,8.17,8.964,7.863,8.237,8.402,8.161,8.315,8.121
1029.03,18,8.262,8.066,7.943,8.483,7.351,7.817,7.769,8.399,8.067,8.268,8.012,8.545,7.887,7.862,8.027,8.096,8.206,8.861,7.848,8.244,8.48,8.132,8.245,8.048
1030.03,18,8.278,8.078,7.908,8.435,7.4,7.783,7.838,8.485,8.103,8.284,7.964,8.53,7.955,7.813,8.069,8.178,8.234,8.863,7.936,8.246,8.45,8.164,8.281,8.063
1031.03,18,8.174,8.158,7.878,8.43,7.418,7.856,7.78,8.426,8.113,8.223,7.985,8.412,7.92,7.896,8.003,8.068,8.266,8.928,7.937,8.222,8.478,8.097,8.239,8.087
1032.03,18,8.143,8.131,7.941,8.402,7.392,7.782,7.77,8.456,8.13,8.278,7.983,8.473,7.958,7.883,8.036,8.109,8.189,8.943,7.941,8.247,8.428,8.146,8.255,8.036
1033.03,18,8.236,8.235,7.888,8.471,7.427,7.798,7.763,8.414,8.084,8.271,8.014,8.458,7.882,7.797,7.984,8.003,8.222,8.937,7.89,8.235,8.525,8.146,8.276,8.162
1034.03,18,8.141,8.107,7.901,8.429,7.38,7.839,7.841,8.363,8.09,8.234,7.983,8.477,7.942,7.817,7.998,8.147,8.193,8.895,7.933,8.274,8.421,8.082,8.284,8.069
1035.03,18,8.23,8.15,7.957,8.45,7.291,7.871,7.831,8.375,8.117,8.274,7.987,8.493,7.903,7.797,8.024,8.095,8.281,8.883,7.96,8.25,8.464,8.169,8.267,8.023
1036.03,18,8.195,8.102,7.913,8.433,7.374,7.771,7.819,8.387,8.039,8.331,8.034,8.441,7.942,7.801,8.05,8.072,8.126,8.954,7.936,8.29,8.497,8.079,8.259,8.125
1037.03,18,8.195,8.075,7.895,8.363,7.353,7.784,7.865,8.372,8.078,8.276,7.967,8.477,7.899,7.913,8.053,8.119,8.249,8.885,7.909,8.214,8.444,8.178,8.274,8.071
1038.03,18,8.134,8.101,7.921,8.419,7.382,7.819,7.851,8.469,8.015,8.349,7.942,8.505,7.9,7.856,8.033,8.072,8.166,8.886,7.945,8.306,8.441,8.111,8.206,8.029
1039.03,18,8.222,8.114,7.923,8.374,7.355,7.818,7.822,8.404,8.078,8.233,8.036,8.5,7.899,7.857,8.05,8.147,8.195,8.941,7.894,8.211,8.515,8.106,8.242,8.044
1040.03,18,8.253,8.144,7.895,8.412,7.408,7.754,7.864,8.349,8.048,8.192,7.972,8.43,7.912,7.887,8.01,8.044,8.157,8.941,7.944,8.245,8.478,8.161,8.261,8.129
1041.03,18,8.234,8.138,7.886,8.398,7.367,7.838,7.866,8.361,8.069,8.257,7.978,8.455,7.906,7.856,8.016,8.098,8.199,8.924,7.985,8.265,8.402,8.11,8.226,8.006
1042.03,18,8.216,8.102,7.859,8.486,7.269,7.81,7.817,8.408,8.11,8.227,7.966,8.459,7.887,7.802,8.031,8.129,8.223,8.912,7.953,8.251,8.509,8.061,8.221,8.108
1043.03,18,8.219,8.113,7.918,8.431,7.378,7.863,7.841,8.404,8.07,8.282,7.979,8.523,7.814,7.851,8.078,8.125,8.206,8.84,7.956,8.281,8.453,8.152,8.239,8.103
1044.03,18,8.23,8.076,7.881,8.383,7.333,7.831,7.844,8.448,8.078,8.309,8.026,8.453,7.888,7.913,8.05,8.03,8.198,8.86,7.951,8.24,8.447,8.174,8.232,8.052
1045.03,18,8.304,8.066,7.864,8.455,7.34,7.773,7.825,8.389,8.031,8.201,7.966,8.506,7.887,7.863,8.01,8.084,8.217,8.888,7.92,8.236,8.482,8.108,8.252,8.085
1046.03,18,8.224,8.145,7.902,8.416,7.347,7.773,7.781,8.376,8.093,8.278,7.972,8.455,7.925,7.785,8.08,8.106,8.192,8.867,7.969,8.187,8.436,8.153,8.216,8.13
1047.03,18,8.229,8.09,7.917,8.433,7.347,7.844,7.819,8.385,8.07,8.298,7.999,8.463,7.842,7.846,8.045,8.082,8.178,8.887,7.955,8.254,8.413,8.074,8.278,8.045
1048.03,18,8.288,8.13,7.872,8.435,7.299,7.796,7.845,8.391,8.049,8.295,7.967,8.453,7.843,7.782,8.065,8.117,8.199,8.906,7.978,8.177,8.485,8.143,8.339,8.101
1049.03,18,8.187,8.087,7.886,8.437,7.382,7.822,7.826,8.391,8.066,8.258,7.964,8.513,7.971,7.821,8.021,8.102,8.165,8.85,7.922,8.185,8.416,8.098,8.252,8.112
1050.03,18,8.23,8.117,7.851,8.43,7.355,7.853,7.841,8.429,8.071,8.266,7.985,8.555,7.883,7.794,8.035,8.069,8.248,8.902,7.899,8.192,8.415,8.124,8.232,8.092
1051.03,18,8.209,8.173,7.918,8.461,7.339,7.79,7.798,8.487,8.074,8.194,7.947,8.454,7.831,7.83,7.991,8.045,8.234,8.9,7.892,8.271,8.448,8.071,8.26,8.077
1052.03,18,8.294,8.042,7.935,8.44,7.384,7.842,7.827,8.301,8.039,8.264,8.003,8.495,7.928,7.835,7.997,8.079,8.264,8.87,7.9,8.318,8.499,8.116,8.226,8.023
1053.03,18,8.259,8.067,7.918,8.459,7.339,7.78,7.742,8.415,8.093,8.277,8.035,8.499,7.89,7.806,8.092,8.085,8.162,8.852,7.972,8.304,8.393,8.093,8.254,8.046
1054.03,18,8.246,8.096,7.948,8.437,7.429,7.785,7.826,8.436,8.049,8.217,7.991,8.476,7.851,7.741,8.102,8.124,8.19,8.882,7.93,8.36,8.405,8.146,8.223,8.009
1055.03,18,8.161,8.094,7.902,8.378,7.327,7.789,7.829,8.449,8.065,8.192,7.919,8.488,7.883,7.806,7.986,8.088,8.207,8.939,7.947,8.232,8.436,8.121,8.229,8.09
1056.03,18,8.182,8.08,7.953,8.371,7.416,7.815,7.867,8.367,8.106,8.186,8.003,8.471,7.881,7.797,8.047,8.097,8.202,8.846,7.996,8.228,8.448,8.145,8.219,8.109
1057.03,18,8.231,8.169,7.86,8.403,7.331,7.805,7.775,8.397,8.109,8.258,7.991,8.46,7.817,7.848,8.039,8.086,8.176,8.885,7.968,8.251,8.414,8.11,8.245,8.102
1058.03,18,8.218,8.155,7.928,8.453,7.343,7.84,7.856,8.427,8.074,8.257,7.995,8.5,7.95,7.91,7.924,8.101,8.202,8.875,7.948,8.27,8.451,8.121,8.232,8.04
1059.03,18,8.233,8.117,7.798,8.434,7.384,7.821,7.787,8.379,8.047,8.201,7.962,8.431,7.855,7.803,7.982,8.08,8.241,8.887,7.981,8.228,8.444,8.1,8.279,8.078
1060.03,18,8.189,8.041,7.895,8.425,7.373,7.741,7.796,8.385,8.085,8.255,7.983,8.497,7.839,7.828,8.057,8.105,8.21,8.856,7.933,8.287,8.472,8.143,8.248,8.104
1061.03,18,8.217,8.134,7.839,8.427,7.351,7.781,7.821,8.366,8.08,8.326,8.022,8.459,7.886,7.789,7.983,8.023,8.191,8.877,7.864,8.221,8.448,8.179,8.304,8.127
1062.03,18,8.248,8.147,7.889,8.398,7.323,7.827,7.814,8.368,8.102,8.317,7.962,8.493,7.882,7.846,8.042,8.076,8.208,8.799,7.899,8.217,8.453,8.083,8.175,8.049
1063.03,18,8.237,8.094,7.878,8.433,7.331,7.74,7.819,8.43,8.053,8.246,8.016,8.464,7.858,7.813,8.096,8.082,8.201,8.905,7.952,8.227,8.432,8.151,8.276,8.074
1064.03,18,8.185,8.086,7.896,8.4,7.382,7.862,7.8,8.376,8.069,8.233,7.96,8.45,7.888,7.805,8.014,8.075,8.191,8.901,7.954,8.212,8.47,8.176,8.212,8.068
1065.03,18,8.249,8.094,7.922,8.428,7.313,7.777,7.854,8.413,8.043,8.231,7.95,8.439,7.901,7.845,8.085,8.117,8.215,8.866,7.934,8.237,8.466,8.099,8.261,8.122
1066.03,18,8.21,8.115,7.895,8.436,7.329,7.836,7.758,8.384,7.992,8.204,7.987,8.418,7.842,7.821,7.998,8.099,8.177,8.824,7.902,8.238,8.463,8.099,8.222,8.125
1067.03,18,8.131,8.05,7.923,8.427,7.242,7.776,7.843,8.424,8.02,8.305,7.955,8.46,7.928,7.787,8.047,8.115,8.238,8.855,7.956,8.263,8.425,8.117,8.23,8.006
1068.03,18,8.181,8.056,7.808,8.324,7.335,7.76,7.859,8.366,8.056,8.293,7.995,8.405,7.91,7.788,8.062,8.07,8.122,8.918,7.95,8.19,8.404,8.088,8.197,8.118
1069.03,18,8.216,8.01,7.84,8.422,7.311,7.782,7.797,8.408,8.026,8.276,7.928,8.486,7.852,7.808,7.927,8.05,8.131,8.927,7.915,8.261,8.451,8.098,8.299,8.133
1070.03,18,8.171,8.153,7.89,8.437,7.323,7.752,7.754,8.368,8.075,8.297,7.964,8.483,7.844,7.821,7.988,8.074,8.214,8.861,7.917,8.212,8.422,8.083,8.196,8.061
1071.03,18,8.213,8.131,7.864,8.393,7.302,7.786,7.798,8.384,7.997,8.212,7.983,8.4,7.86,7.888,7.998,8.104,8.222,8.848,7.954,8.266,8.428,8.094,8.161,8.039
1072.03,18,8.218,8.061,7.866,8.381,7.384,7.772,7.798,8.377,8.043,8.342,7.97,8.43,7.866,7.841,8.054,8.069,8.17,8.899,7.899,8.261,8.409,8.087,8.251,8.117
1073.03,18,8.177,8.081,7.875,8.447,7.339,7.841,7.73,8.34,8.082,8.252,7.932,8.489,7.902,7.77,8.039,8.076,8.171,8.869,7.954,8.195,8.387,8.111,8.215,8.048
1074.03,18,8.25,8.046,7.903,8.46,7.326,7.739,7.78,8.389,8.025,8.238,7.951,8.447,7.893,7.778,7.984,8.146,8.177,8.837,7.916,8.262,8.406,8.09,8.255,8.066
1075.03,18,8.209,8.059,7.9,8.483,7.343,7.802,7.783,8.401,8.006,8.26,7.943,8.431,7.85,7.764,7.995,8.082,8.224,8.86,7.915,8.233,8.41,8.08,8.263,8.136
1076.03,18,8.22,8.137,7.919,8.444,7.308,7.757,7.855,8.36,8.041,8.276,7.969,8.462,7.88,7.782,8.054,8.079,8.169,8.899,7.931,8.223,8.409,8.128,8.229,8.102
1077.03,18,8.216,8.02,7.921,8.382,7.318,7.833,7.749,8.399,8.058,8.213,7.95,8.446,7.827,7.806,7.975,8.057,8.198,8.898,7.906,8.205,8.476,8.07,8.242,8.073
1078.03,18,8.097,8.105,7.937,8.433,7.386,7.788,7.846,8.361,8.063,8.229,7.977,8.51,7.837,7.786,7.937,8.109,8.23,8.845,7.885,8.224,8.386,8.119,8.239,8.057
1079.03,18,8.142,8.102,7.887,8.398,7.374,7.778,7.837,8.425,8.063,8.243,8.002,8.447,7.839,7.782,8.005,8.035,8.145,8.879,7.925,8.217,8.416,8.167,8.167,8.113
1080.03,18,8.178,8.119,7.899,8.437,7.336,7.795,7.732,8.328,7.952,8.21,7.971,8.445,7.919,7.805,8.017,8.045,8.229,8.844,7.973,8.28,8.487,8.154,8.239,8.071
1081.03,18,8.167,8.093,7.892,8.407,7.368,7.811,7.802,8.31,7.99,8.228,7.935,8.4,7.85,7.786,8.074,8.086,8.175,8.847,7.995,8.23,8.402,8.115,8.209,8.076
1082.03,18,8.214,8.123,7.836,8.408,7.367,7.811,7.783,8.39,8.049,8.235,7.985,8.446,7.9,7.866,7.984,8.04,8.184,8.804,7.963,8.235,8.46,8.06,8.21,8.104
1083.03,18,8.167,7.99,7.882,8.404,7.374,7.756,7.854,8.361,7.973,8.215,7.923,8.427,7.899,7.799,8.038,8.054,8.159,8.915,7.953,8.225,8.461,8.136,8.287,8.016
1084.03,18,8.205,8.127,7.904,8.438,7.359,7.758,7.752,8.408,8.045,8.212,8.007,8.473,7.863,7.797,8.027,8.093,8.187,8.866,7.913,8.235,8.427,8.129,8.259,8.167
1085.03,18,8.172,8.083,7.827,8.348,7.335,7.792,7.823,8.351,8.021,8.256,7.979,8.46,7.83,7.738,8.046,8.038,8.194,8.871,7.972,8.264,8.417,8.1,8.234,8.039
1086.03,18,8.252,8.039,7.853,8.405,7.338,7.757,7.838,8.392,8.026,8.284,7.965,8.488,7.894,7.795,8.004,8.091,8.135,8.893,7.836,8.235,8.402,8.154,8.209,8.073
1087.03,18,8.242,8.049,7.886,8.399,7.365,7.713,7.759,8.378,8.081,8.256,7.986,8.463,7.882,7.763,8.09,8.091,8.166,8.903,7.948,8.223,8.443,8.079,8.21,8.131
1088.03,18,8.214,8.047,7.867,8.384,7.354,7.771,7.872,8.346,8.103,8.31,8.012,8.447,7.866,7.838,7.935,8.034,8.144,8.898,7.961,8.262,8.442,8.136,8.265,8.056
1089.03,18,8.241,8.137,7.943,8.421,7.369,7.749,7.832,8.347,8.054,8.276,7.963,8.475,7.811,7.786,8.039,8.01,8.215,8.816,7.902,8.215,8.43,8.148,8.26,8.054
1090.03,18,8.237,8.125,7.934,8.317,7.29,7.825,7.786,8.337,8.053,8.25,7.979,8.466,7.828,7.799,8.096,8.098,8.228,8.879,7.915,8.217,8.452,8.114,8.186,8.068
1091.03,18,8.218,8.029,7.914,8.368,7.305,7.77,7.819,8.374,8.042,8.28,7.996,8.459,7.904,7.743,7.965,8.043,8.192,8.872,7.944,8.21,8.421,8.085,8.224,8.087
1092.03,18,8.196,8.122,7.881,8.415,7.325,7.762,7.777,8.348,7.981,8.244,7.954,8.438,7.82,7.767,7.993,8.043,8.161,8.855,7.993,8.181,8.435,8.113,8.235,8.108
1093.03,18,8.175,8.094,7.904,8.307,7.259,7.755,7.795,8.358,7.996,8.179,8.002,8.472,7.937,7.779,7.969,8.045,8.171,8.851,7.908,8.255,8.469,8.072,8.336,8.027
1094.03,18,8.232,8.094,7.913,8.339,7.327,7.749,7.77,8.365,8.056,8.254,7.905,8.406,7.936,7.839,8.041,8.089,8.15,8.921,7.963,8.249,8.374,8.11,8.273,8.076
1095.03,18,8.179,8.05,7.802,8.321,7.321,7.765,7.786,8.398,8.016,8.204,8,8.465,7.839,7.85,8.022,8.091,8.212,8.897,7.926,8.283,8.517,8.104,8.23,8.071
1096.03,18,8.256,8.032,7.914,8.427,7.366,7.817,7.788,8.372,8.024,8.243,7.956,8.468,7.885,7.765,8.007,8.082,8.079,8.846,7.904,8.216,8.427,8.134,8.212,8.087
1097.03,18,8.215,8.096,7.847,8.436,7.328,7.735,7.768,8.371,8.033,8.288,7.95,8.426,7.83,7.742,8.074,8.027,8.184,8.817,7.945,8.22,8.413,8.06,8.262,8.038
1098.03,18,8.144,8.073,7.855,8.428,7.266,7.787,7.813,8.377,7.984,8.294,7.936,8.509,7.838,7.851,7.992,8.032,8.143,8.943,7.983,8.217,8.42,8.154,8.265,8.019
1099.03,18,8.169,8.045,7.856,8.432,7.361,7.738,7.829,8.402,7.995,8.275,7.953,8.407,7.886,7.742,7.998,8.005,8.142,8.88,7.915,8.197,8.414,8.106,8.208,8.056
1100.03,18,8.231,8.008,7.829,8.413,7.374,7.767,7.777,8.33,7.992,8.214,8.004,8.449,7.913,7.8,7.986,8.102,8.128,8.861,7.991,8.207,8.462,8.09,8.143,8.087
1101.03,18,8.19,8.095,7.866,8.362,7.29,7.776,7.789,8.387,8.026,8.26,7.978,8.435,7.86,7.812,8.057,8.06,8.148,8.918,7.936,8.212,8.449,8.087,8.183,8.05
1102.03,18,8.193,8.047,7.881,8.402,7.298,7.798,7.764,8.388,7.932,8.304,8.031,8.396,7.822,7.771,7.983,7.99,8.233,8.881,7.929,8.223,8.371,8.032,8.272,8.068
1103.03,18,8.151,8.064,7.869,8.359,7.291,7.774,7.765,8.284,8.019,8.266,7.948,8.451,7.828,7.779,7.963,7.987,8.168,8.909,7.934,8.198,8.451,8.074,8.226,8.078
1104.03,18,8.217,8,7.781,8.39,7.311,7.83,7.744,8.389,7.985,8.239,7.961,8.473,7.849,7.771,7.986,8.042,8.162,8.871,7.899,8.245,8.414,8.048,8.122,8.024
1105.03,18,8.193,8.093,7.942,8.443,7.374,7.763,7.682,8.348,7.994,8.197,7.915,8.485,7.839,7.751,8.025,8.05,8.204,8.864,7.906,8.235,8.322,8.125,8.155,8.112
1106.03,18,8.158,8.046,7.875,8.397,7.329,7.819,7.839,8.358,8.04,8.225,7.893,8.412,7.886,7.775,8.057,8.035,8.15,8.869,7.865,8.184,8.391,8.112,8.211,8.038
1107.03,18,8.178,8.014,7.85,8.44,7.316,7.765,7.771,8.277,8.11,8.23,7.968,8.454,7.94,7.797,7.985,8.047,8.136,8.855,7.964,8.157,8.428,8.096,8.209,8.057
1108.03,18,8.197,8.018,7.889,8.346,7.277,7.724,7.717,8.357,8.038,8.227,7.956,8.498,7.884,7.761,8.02,8.042,8.141,8.837,7.886,8.271,8.437,8.079,8.238,8.037
1109.03,18,8.145,8.017,7.791,8.41,7.321,7.763,7.809,8.383,8.005,8.282,7.99,8.518,7.88,7.829,7.982,8.058,8.119,8.855,7.88,8.197,8.455,8.02,8.238,8.06
1110.03,18,8.2,8.019,7.876,8.322,7.284,7.781,7.803,8.325,8.075,8.22,7.926,8.405,7.866,7.778,7.984,8.1,8.146,8.859,7.896,8.227,8.438,8.058,8.175,8.016
1111.03,18,8.216,8.064,7.901,8.4,7.232,7.785,7.766,8.352,7.998,8.326,7.916,8.474,7.891,7.801,8.007,8.036,8.164,8.889,7.958,8.279,8.441,8.062,8.209,8.013
1112.03,18,8.195,8.041,7.905,8.368,7.304,7.792,7.798,8.398,8.018,8.166,7.94,8.461,7.879,7.765,7.998,8.064,8.134,8.843,7.857,8.179,8.397,8.025,8.18,8.042
1113.03,18,8.14,8.034,7.908,8.329,7.287,7.757,7.769,8.351,8.039,8.229,8.001,8.456,7.834,7.772,7.998,8.05,8.129,8.876,7.889,8.208,8.322,8.118,8.232,8.079
1114.03,18,8.205,8.077,7.806,8.38,7.285,7.792,7.741,8.376,7.995,8.215,7.94,8.467,7.854,7.831,7.938,8.002,8.121,8.896,7.854,8.212,8.407,8.024,8.247,8.048
1115.03,18,8.188,7.997,7.884,8.42,7.311,7.781,7.734,8.335,8.036,8.201,7.97,8.406,7.857,7.748,7.968,8.042,8.169,8.897,7.899,8.246,8.437,8.138,8.241,8.018
1116.03,18,8.199,8.007,7.921,8.309,7.258,7.806,7.843,8.336,7.974,8.27,7.958,8.39,7.855,7.747,7.98,8.035,8.122,8.844,7.918,8.208,8.309,8.019,8.177,7.967
1117.03,18,8.244,8.088,7.925,8.462,7.3,7.768,7.809,8.328,8.038,8.197,7.947,8.478,7.923,7.843,8.005,8.002,8.19,8.809,7.917,8.197,8.404,8.138,8.186,8.008
1118.03,18,8.174,8.069,7.919,8.391,7.318,7.757,7.722,8.343,8.031,8.201,7.924,8.459,7.86,7.786,7.994,8.039,8.144,8.953,7.929,8.168,8.397,8.076,8.182,8.022
1119.03,18,8.196,8.041,7.799,8.339,7.31,7.702,7.783,8.417,8.025,8.18,7.911,8.388,7.836,7.727,7.948,8.064,8.11,8.867,7.974,8.204,8.467,8.082,8.262,8.061
1120.03,18,8.156,8.079,7.848,8.335,7.328,7.766,7.758,8.241,8.043,8.277,7.932,8.432,7.875,7.788,8.01,8.011,8.23,8.83,7.889,8.223,8.422,8.031,8.189,8.026
1121.03,18,8.199,8.033,7.783,8.361,7.334,7.73,7.804,8.355,8.042,8.193,7.974,8.39,7.852,7.782,8.057,8.036,8.176,8.845,7.914,8.259,8.415,8.084,8.184,8.063
1122.03,18,8.139,8.046,7.836,8.377,7.336,7.759,7.779,8.36,7.983,8.214,7.957,8.398,7.837,7.79,7.982,8.093,8.15,8.817,7.93,8.162,8.384,8.139,8.198,8.042
1123.03,18,8.157,8.086,7.829,8.372,7.269,7.774,7.818,8.34,8.024,8.204,7.922,8.381,7.846,7.742,7.932,8.105,8.135,8.888,7.98,8.256,8.369,8.085,8.211,8.052
1124.03,18,8.228,8.057,7.838,8.389,7.308,7.822,7.825,8.357,7.992,8.224,7.988,8.533,7.793,7.758,7.951,8.096,8.144,8.844,7.909,8.118,8.458,8.048,8.165,8.032
1125.03,18,8.164,8.092,7.857,8.351,7.307,7.859,7.786,8.345,8.039,8.233,7.942,8.41,7.83,7.756,7.965,8.019,8.127,8.84,7.918,8.219,8.448,8.048,8.211,8.055
1126.03,18,8.186,8.028,7.837,8.403,7.266,7.744,7.765,8.311,7.977,8.193,7.925,8.475,7.802,7.73,7.965,7.975,8.167,8.871,7.823,8.187,8.428,8.051,8.171,7.991
1127.03,18,8.188,8.106,7.867,8.322,7.271,7.813,7.799,8.357,8.044,8.228,7.946,8.461,7.892,7.778,7.944,8.051,8.128,8.915,7.856,8.295,8.424,8.095,8.243,8.02
1128.03,18,8.227,8.056,7.83,8.387,7.275,7.761,7.804,8.311,8.045,8.246,7.892,8.372,7.836,7.757,7.905,8.012,8.062,8.816,7.99,8.141,8.436,8.014,8.169,8.017
1129.03,18,8.134,8.052,7.861,8.359,7.291,7.766,7.701,8.418,7.995,8.184,7.891,8.466,7.826,7.791,7.949,8.044,8.12,8.839,7.899,8.233,8.446,8.064,8.199,7.994
1130.03,18,8.15,8.03,7.879,8.356,7.315,7.783,7.697,8.334,8.057,8.149,7.929,8.469,7.784,7.767,7.959,8.003,8.161,8.874,7.91,8.123,8.391,8.065,8.255,8.008
1131.03,18,8.158,8.017,7.832,8.369,7.251,7.785,7.718,8.308,7.984,8.191,7.908,8.388,7.731,7.793,7.98,8.024,8.135,8.863,7.89,8.224,8.437,8.099,8.18,7.994
1132.03,18,8.183,8.003,7.823,8.348,7.328,7.701,7.789,8.335,8.005,8.228,7.915,8.403,7.804,7.758,7.973,8.105,8.104,8.836,7.888,8.118,8.385,8.086,8.253,8.058
1133.03,18,8.188,7.989,7.833,8.367,7.201,7.775,7.849,8.361,8.017,8.252,7.929,8.36,7.816,7.788,7.985,8.12,8.157,8.847,7.933,8.265,8.41,8.056,8.211,8.075
1134.03,18,8.205,8.041,7.857,8.35,7.324,7.727,7.818,8.377,7.992,8.23,7.971,8.41,7.833,7.805,7.941,8.039,8.152,8.866,7.88,8.216,8.364,8.047,8.249,8.088
1135.03,18,8.233,8.075,7.807,8.328,7.278,7.762,7.764,8.291,7.987,8.303,7.957,8.407,7.883,7.745,7.96,8.079,8.166,8.827,7.855,8.193,8.418,8.056,8.228,7.967
1136.03,18,8.174,7.991,7.84,8.37,7.271,7.766,7.76,8.347,7.995,8.198,7.932,8.441,7.844,7.759,7.986,8.025,8.174,8.854,7.907,8.191,8.502,8.087,8.203,8.003
1137.03,18,8.164,8.026,7.888,8.351,7.35,7.751,7.793,8.369,8.009,8.228,7.931,8.421,7.799,7.735,8.003,8.065,8.169,8.811,7.896,8.185,8.419,8.105,8.136,8.074
1138.03,18,8.173,8.022,7.821,8.367,7.335,7.793,7.747,8.374,7.957,8.114,7.891,8.396,7.879,7.75,7.949,8.006,8.162,8.874,7.918,8.25,8.431,8.015,8.191,8.036
1139.03,18,8.133,8.098,7.855,8.401,7.306,7.789,7.734,8.359,7.97,8.129,7.892,8.405,7.87,7.739,7.955,8.071,8.176,8.909,7.904,8.191,8.407,8.061,8.254,8.056
1140.03,18,8.07,8.037,7.819,8.31,7.285,7.739,7.723,8.299,8.022,8.179,7.896,8.461,7.866,7.786,7.9,8.005,8.092,8.84,7.9,8.147,8.398,8.031,8.197,8.069
1141.03,18,8.185,8.089,7.887,8.403,7.319,7.74,7.776,8.343,8.012,8.166,7.923,8.404,7.852,7.73,7.877,8.062,8.183,8.859,7.908,8.215,8.413,8.049,8.274,8.033
1142.03,18,8.115,8.012,7.851,8.352,7.245,7.746,7.762,8.344,8.032,8.224,7.981,8.481,7.77,7.707,7.944,8.085,8.121,8.822,7.964,8.196,8.42,8.093,8.208,8.036
1143.03,18,8.163,8.031,7.828,8.37,7.268,7.748,7.764,8.324,8.013,8.219,7.945,8.413,7.824,7.696,7.951,7.981,8.084,8.839,7.895,8.183,8.375,8.011,8.215,8.034
1144.03,18,8.201,8.041,7.865,8.286,7.246,7.767,7.75,8.418,8.009,8.212,7.897,8.345,7.8,7.671,7.932,7.986,8.059,8.792,7.852,8.205,8.369,8.081,8.219,8.024
1145.03,18,8.15,8.046,7.892,8.281,7.274,7.725,7.73,8.356,8.007,8.159,7.871,8.43,7.879,7.791,7.969,7.98,8.177,8.866,7.857,8.178,8.359,8.052,8.148,8.048
1146.03,18,8.155,8.035,7.831,8.345,7.246,7.766,7.724,8.305,7.976,8.193,7.982,8.443,7.883,7.684,7.936,8.026,8.164,8.827,7.857,8.167,8.377,7.983,8.211,8.002
1147.03,18,8.257,8.01,7.845,8.323,7.314,7.787,7.736,8.247,7.944,8.182,7.929,8.453,7.858,7.665,7.944,8.063,8.091,8.783,7.932,8.18,8.426,8.07,8.256,8.037
1148.03,18,8.122,8.08,7.849,8.368,7.271,7.748,7.748,8.302,7.962,8.174,7.958,8.421,7.835,7.721,7.965,8.07,8.121,8.862,7.889,8.169,8.42,8.044,8.18,8.012
1149.03,18,8.166,8.092,7.835,8.338,7.297,7.695,7.75,8.385,8.05,8.226,7.94,8.403,7.831,7.759,7.931,8.033,8.091,8.847,7.935,8.218,8.454,8.021,8.119,7.993
1150.03,18,8.196,8.042,7.911,8.305,7.247,7.782,7.776,8.317,8.034,8.264,7.869,8.42,7.821,7.726,7.883,7.958,8.173,8.788,7.866,8.204,8.413,8.051,8.164,7.981
1151.03,18,8.137,8.023,7.832,8.392,7.325,7.737,7.764,8.284,7.978,8.148,7.922,8.396,7.853,7.753,7.979,8.015,8.063,8.808,7.908,8.188,8.387,8.082,8.198,8.018
1152.03,18,8.201,8.152,7.751,8.366,7.294,7.767,7.702,8.328,7.962,8.207,7.862,8.451,7.798,7.76,7.999,8.049,8.197,8.884,7.936,8.187,8.375,8.102,8.174,7.968
1153.03,18,8.166,8.043,7.836,8.321,7.27,7.821,7.745,8.322,7.975,8.156,7.956,8.386,7.829,7.79,8,8.011,8.191,8.803,7.885,8.253,8.373,8.061,8.115,8.043
1154.03,18,8.182,7.99,7.783,8.384,7.235,7.802,7.675,8.279,7.999,8.157,7.948,8.4,7.801,7.767,7.979,8.067,8.167,8.817,7.91,8.228,8.42,8.08,8.165,7.972
1155.03,18,8.175,8.039,7.786,8.402,7.247,7.813,7.763,8.33,7.977,8.254,7.899,8.368,7.885,7.788,7.942,7.997,8.085,8.844,7.893,8.21,8.358,8.011,8.222,8.007
1156.03,18,8.236,8.012,7.934,8.35,7.218,7.781,7.828,8.372,7.928,8.243,7.913,8.381,7.817,7.756,7.884,7.986,8.132,8.853,7.844,8.19,8.368,8.105,8.146,8.104
1157.03,18,8.133,8.044,7.841,8.334,7.279,7.792,7.73,8.312,7.977,8.184,7.919,8.415,7.83,7.699,7.968,8.024,8.177,8.842,7.868,8.248,8.433,8.086,8.182,8.056
1158.03,18,8.15,8.047,7.821,8.375,7.29,7.734,7.814,8.295,7.967,8.21,7.907,8.352,7.815,7.686,7.929,7.975,8.124,8.738,7.81,8.203,8.417,8.074,8.155,8.105
1159.03,18,8.206,8.043,7.817,8.398,7.151,7.775,7.776,8.318,7.972,8.147,7.873,8.435,7.817,7.737,7.883,7.967,8.155,8.859,7.908,8.176,8.445,8.056,8.159,8.047
1160.03,18,8.121,8.05,7.811,8.365,7.292,7.762,7.778,8.316,7.982,8.198,7.937,8.426,7.823,7.741,8.001,7.98,8.079,8.823,7.939,8.162,8.408,8.04,8.234,7.986
1161.03,18,8.072,8.05,7.866,8.303,7.237,7.723,7.758,8.305,7.985,8.226,7.906,8.334,7.881,7.709,7.986,8.038,8.108,8.811,7.837,8.154,8.394,8.027,8.227,8.055
1162.03,18,8.143,8.087,7.781,8.334,7.266,7.73,7.734,8.287,8.025,8.184,7.862,8.393,7.943,7.752,7.983,7.959,8.12,8.8,7.849,8.17,8.454,8.005,8.182,8.043
1163.03,18,8.219,8.005,7.829,8.35,7.19,7.779,7.749,8.33,7.985,8.193,7.935,8.4,7.856,7.72,7.939,7.959,8.178,8.857,7.826,8.214,8.378,8.096,8.184,8.032
1164.03,18,8.158,8.098,7.797,8.361,7.248,7.665,7.74,8.296,8.003,8.154,7.832,8.414,7.787,7.711,7.867,8,8.146,8.845,7.899,8.116,8.414,8.104,8.2,8.071
1165.03,18,8.198,8.041,7.798,8.278,7.218,7.706,7.74,8.259,8.022,8.204,7.955,8.414,7.833,7.691,7.91,8.002,8.093,8.79,7.868,8.158,8.384,8.001,8.14,8.026
1166.03,18,8.184,8.093,7.881,8.381,7.271,7.738,7.747,8.301,7.977,8.124,7.942,8.415,7.846,7.707,7.986,7.989,8.135,8.861,7.867,8.13,8.365,8.105,8.149,8.017
1167.03,18,8.136,8.051,7.828,8.351,7.28,7.747,7.764,8.311,7.979,8.209,7.873,8.457,7.8,7.806,7.975,7.986,8.031,8.827,7.848,8.218,8.384,8.1,8.192,8.015
1168.03,18,8.128,7.978,7.809,8.347,7.279,7.785,7.772,8.26,7.948,8.225,7.93,8.309,7.846,7.718,7.954,8.054,8.099,8.816,7.868,8.125,8.382,8.078,8.175,8.001
1169.03,18,8.218,8.034,7.807,8.346,7.266,7.702,7.722,8.258,7.977,8.154,7.879,8.408,7.823,7.716,7.899,8.035,8.172,8.849,7.897,8.178,8.412,8.058,8.252,8.046
1170.03,18,8.148,8.056,7.844,8.32,7.226,7.734,7.828,8.314,7.981,8.21,7.88,8.387,7.784,7.747,7.961,7.984,8.054,8.842,7.881,8.234,8.422,8.089,8.158,8.082
1171.03,18,8.143,8.037,7.856,8.375,7.271,7.687,7.704,8.268,8.003,8.154,7.924,8.417,7.799,7.695,7.94,8.035,8.058,8.894,7.856,8.247,8.422,8.051,8.223,8.028
1172.03,18,8.174,8.059,7.832,8.33,7.194,7.708,7.76,8.315,7.979,8.101,7.884,8.358,7.825,7.765,7.925,8.044,8.066,8.795,7.822,8.2,8.351,8.007,8.188,7.997
1173.03,18,8.186,8.014,7.836,8.353,7.209,7.803,7.777,8.325,7.941,8.293,7.936,8.407,7.82,7.776,7.957,7.925,8.058,8.82,7.895,8.243,8.396,8.111,8.213,8.021
1174.03,18,8.132,8.058,7.823,8.379,7.302,7.761,7.751,8.334,7.965,8.204,7.929,8.351,7.796,7.728,7.879,8.006,8.132,8.851,7.916,8.135,8.366,8.072,8.156,7.998
1175.03,18,8.156,8.001,7.78,8.357,7.243,7.763,7.718,8.298,7.974,8.176,7.93,8.366,7.901,7.736,7.992,7.994,8.076,8.779,7.944,8.227,8.385,8.056,8.152,8.091
1176.03,18,8.195,7.959,7.784,8.35,7.19,7.696,7.675,8.293,7.98,8.162,7.869,8.41,7.812,7.7,7.952,7.932,8.112,8.847,7.887,8.179,8.422,8.068,8.058,8.043
1177.03,18,8.142,8.057,7.829,8.349,7.241,7.743,7.776,8.267,7.95,8.148,7.875,8.451,7.813,7.717,7.949,7.988,8.118,8.727,7.884,8.197,8.413,8.065,8.154,7.994
1178.03,18,8.166,8.061,7.891,8.353,7.271,7.689,7.757,8.325,7.911,8.177,7.901,8.458,7.791,7.691,7.926,8.038,8.119,8.813,7.896,8.23,8.41,8.01,8.142,8.046
1179.03,18,8.179,7.985,7.736,8.337,7.232,7.715,7.71,8.284,7.953,8.201,7.924,8.419,7.85,7.714,8.033,7.997,8.048,8.765,7.871,8.201,8.379,8.02,8.143,8.015
1180.03,18,8.165,8.058,7.859,8.327,7.198,7.749,7.747,8.252,8.005,8.168,7.865,8.416,7.825,7.774,7.955,8.005,8.172,8.795,7.946,8.127,8.335,7.981,8.152,8.051
1181.03,18,8.162,8.029,7.796,8.311,7.214,7.704,7.788,8.333,7.945,8.135,7.811,8.407,7.771,7.737,7.901,8.015,8.149,8.763,7.981,8.242,8.385,7.989,8.123,7.993
1182.03,18,8.062,7.99,7.818,8.287,7.267,7.681,7.75,8.301,8.026,8.104,7.93,8.332,7.803,7.696,7.989,7.976,8.148,8.826,7.918,8.191,8.376,8.051,8.251,7.978
1183.03,18,8.128,7.985,7.764,8.264,7.208,7.748,7.767,8.259,7.869,8.181,7.901,8.414,7.854,7.709,8.01,8,8.141,8.789,7.891,8.161,8.356,8.036,8.214,8.001
1184.03,18,8.15,8.054,7.851,8.307,7.299,7.73,7.734,8.272,8.022,8.145,7.901,8.434,7.823,7.751,7.937,8.034,8.142,8.856,7.774,8.186,8.329,8.023,8.11,7.999
1185.03,18,8.179,7.977,7.876,8.325,7.18,7.745,7.699,8.334,7.94,8.193,7.867,8.341,7.823,7.739,7.951,7.932,8.102,8.789,7.817,8.18,8.382,8.027,8.154,7.98
1186.03,18,8.171,8.056,7.777,8.339,7.301,7.735,7.725,8.283,7.956,8.22,7.915,8.359,7.782,7.676,7.943,7.963,8.107,8.783,7.846,8.207,8.381,8.013,8.152,8.012
1187.03,18,8.129,8.048,7.759,8.374,7.257,7.682,7.78,8.282,7.925,8.167,7.893,8.346,7.876,7.751,7.973,8.024,8.064,8.739,7.8,8.247,8.401,8.092,8.18,8.005
1188.03,18,8.186,8.064,7.766,8.287,7.26,7.715,7.774,8.214,7.988,8.147,7.899,8.388,7.806,7.704,7.92,7.948,8.036,8.838,7.893,8.192,8.329,8.057,8.15,8.011
1189.03,18,8.176,8.009,7.816,8.291,7.239,7.805,7.75,8.295,8.003,8.175,7.928,8.404,7.785,7.649,7.934,8.015,8.114,8.815,7.86,8.172,8.384,8.034,8.14,8.009
1190.03,18,8.147,7.989,7.774,8.311,7.2,7.678,7.751,8.243,7.926,8.196,7.891,8.357,7.814,7.75,7.932,8,8.105,8.815,7.874,8.16,8.406,8.008,8.153,8.031
1191.03,18,8.118,8.055,7.788,8.309,7.256,7.686,7.681,8.321,7.939,8.158,7.855,8.37,7.873,7.734,7.971,7.957,8.088,8.801,7.855,8.163,8.349,8.062,8.204,7.972
1192.03,18,8.183,8.026,7.767,8.352,7.272,7.696,7.721,8.264,7.935,8.17,8.004,8.405,7.787,7.724,7.925,7.962,8.047,8.771,7.868,8.18,8.368,8.087,8.101,7.983
1193.03,18,8.196,8.021,7.852,8.296,7.193,7.768,7.688,8.25,7.908,8.171,7.926,8.403,7.862,7.748,7.952,7.993,8.145,8.768,7.838,8.126,8.327,8.041,8.178,7.969
1194.03,18,8.105,8.022,7.787,8.317,7.239,7.684,7.757,8.25,7.944,8.2,7.86,8.397,7.76,7.749,7.973,8.012,8.05,8.781,7.889,8.164,8.368,8.018,8.148,7.99
1195.03,18,8.128,8.005,7.79,8.317,7.215,7.718,7.678,8.324,7.939,8.21,7.856,8.461,7.842,7.73,7.922,7.988,8.105,8.84,7.893,8.178,8.398,7.977,8.218,8.007
1196.03,18,8.135,7.981,7.799,8.349,7.202,7.734,7.719,8.293,8.012,8.098,7.837,8.384,7.796,7.69,7.949,7.987,8.102,8.832,7.841,8.186,8.348,8.077,8.082,8.043
1197.03,18,8.174,7.959,7.801,8.369,7.236,7.705,7.772,8.28,7.928,8.135,7.859,8.358,7.829,7.706,7.895,7.99,8.069,8.851,7.761,8.206,8.383,7.991,8.125,7.953
1198.03,18,8.108,8.09,7.792,8.283,7.165,7.74,7.708,8.286,7.926,8.14,7.824,8.398,7.799,7.717,7.94,7.928,8.044,8.785,7.788,8.111,8.418,8.058,8.181,7.98
1199.03,18,8.131,7.988,7.767,8.274,7.238,7.712,7.666,8.296,7.976,8.201,7.946,8.374,7.856,7.714,7.934,7.995,8.071,8.741,7.857,8.172,8.347,8.029,8.178,8.05
1200.03,18,8.1,7.984,7.814,8.334,7.235,7.684,7.752,8.22,7.978,8.173,7.876,8.422,7.842,7.739,7.94,8.022,8.079,8.796,7.883,8.116,8.31,7.944,8.161,8.037
1201.03,18,8.135,7.987,7.831,8.28,7.246,7.726,7.698,8.289,7.934,8.118,7.833,8.368,7.756,7.672,7.938,8.037,8.13,8.771,7.805,8.152,8.427,8.044,8.085,8.014
1202.03,18,8.138,8.001,7.827,8.316,7.247,7.76,7.774,8.266,7.946,8.152,7.894,8.393,7.755,7.654,7.873,7.976,8.063,8.758,7.919,8.199,8.364,8.001,8.148,7.97
1203.03,18,8.21,8.034,7.798,8.338,7.231,7.706,7.666,8.236,7.937,8.171,7.825,8.377,7.759,7.759,7.875,7.951,7.989,8.8,7.892,8.27,8.363,7.994,8.195,7.964
1204.03,18,8.128,8.004,7.77,8.359,7.242,7.75,7.708,8.256,7.943,8.163,7.853,8.357,7.845,7.692,7.953,8.032,8.142,8.82,7.846,8.163,8.317,8.041,8.156,7.977
1205.03,18,8.139,7.957,7.794,8.372,7.281,7.712,7.719,8.377,7.946,8.167,7.847,8.397,7.826,7.659,7.949,8.005,8.056,8.8,7.89,8.138,8.395,7.994,8.21,8.007
1206.03,18,8.133,7.969,7.808,8.302,7.261,7.664,7.691,8.303,7.887,8.155,7.906,8.414,7.791,7.726,7.974,8.008,8.07,8.789,7.829,8.142,8.333,7.95,8.189,8.043
1207.03,18,8.137,8.008,7.774,8.354,7.242,7.699,7.742,8.34,7.909,8.175,7.766,8.434,7.772,7.704,7.918,7.967,8.061,8.807,7.929,8.217,8.391,8.043,8.2,8.002
1208.03,18,8.125,8.02,7.804,8.243,7.188,7.727,7.804,8.3,7.941,8.226,7.878,8.415,7.845,7.69,7.951,7.948,8.082,8.806,7.88,8.228,8.34,8.084,8.179,7.969
1209.03,18,8.139,8.015,7.749,8.349,7.215,7.723,7.688,8.296,7.949,8.094,7.974,8.289,7.92,7.688,7.975,8,8.047,8.768,7.892,8.154,8.331,8.01,8.167,8.041
1210.03,18,8.106,8.027,7.821,8.283,7.257,7.707,7.747,8.264,7.916,8.164,7.843,8.39,7.769,7.696,7.92,7.978,8.067,8.821,7.853,8.117,8.397,8.012,8.177,7.969
1211.03,18,8.147,7.964,7.809,8.289,7.262,7.724,7.74,8.303,7.958,8.151,7.921,8.351,7.821,7.657,7.915,7.956,8.097,8.807,7.889,8.134,8.326,7.974,8.155,7.965
1212.03,18,8.116,7.883,7.78,8.304,7.214,7.708,7.713,8.284,7.908,8.105,7.846,8.292,7.789,7.666,7.936,7.933,8.145,8.786,7.867,8.144,8.352,8.017,8.173,7.975
1213.03,18,8.169,8.07,7.768,8.295,7.181,7.717,7.692,8.277,7.95,8.17,7.809,8.376,7.796,7.68,7.897,7.897,8.107,8.746,7.798,8.156,8.404,8.038,8.123,8.06
1214.03,18,8.152,7.987,7.737,8.303,7.21,7.678,7.741,8.273,7.907,8.162,7.882,8.29,7.756,7.708,7.898,7.926,8.064,8.836,7.826,8.142,8.401,7.939,8.123,8.011
1215.03,18,8.166,7.996,7.799,8.335,7.156,7.721,7.717,8.281,7.942,8.142,7.843,8.324,7.734,7.653,7.958,7.953,8.089,8.826,7.869,8.185,8.387,7.961,8.12,8.021
1216.03,18,8.168,7.987,7.754,8.336,7.164,7.712,7.723,8.244,7.951,8.15,7.835,8.413,7.807,7.752,7.899,7.99,8.147,8.813,7.836,8.145,8.356,8.063,8.112,8.013
1217.03,18,8.217,7.971,7.815,8.287,7.249,7.703,7.745,8.295,7.952,8.194,7.876,8.343,7.812,7.664,7.92,7.979,8.083,8.739,7.845,8.155,8.369,8.034,8.164,7.996
1218.03,18,8.121,8.011,7.786,8.296,7.165,7.703,7.709,8.247,7.947,8.116,7.866,8.349,7.805,7.732,7.938,8.006,8.049,8.804,7.848,8.165,8.321,7.976,8.163,7.955
1219.03,18,8.144,7.955,7.795,8.329,7.152,7.697,7.701,8.256,7.919,8.169,7.867,8.373,7.771,7.712,7.942,7.934,8.051,8.777,7.817,8.175,8.276,8.036,8.106,8.06
1220.03,18,8.164,8,7.757,8.251,7.128,7.742,7.703,8.236,7.893,8.171,7.87,8.448,7.782,7.693,7.879,7.915,8.106,8.775,7.861,8.17,8.36,8.012,8.142,7.982
1221.03,18,8.08,8.004,7.84,8.277,7.211,7.667,7.722,8.273,7.918,8.174,7.898,8.339,7.823,7.727,7.935,8.014,8.088,8.773,7.83,8.211,8.335,8.039,8.147,7.971
1222.03,18,8.142,7.997,7.769,8.296,7.22,7.671,7.702,8.313,7.979,8.126,7.824,8.375,7.781,7.72,7.914,7.963,8.127,8.762,7.819,8.18,8.343,8.034,8.098,8.007
1223.03,18,8.201,8.054,7.775,8.339,7.235,7.73,7.703,8.226,7.944,8.072,7.848,8.34,7.808,7.676,7.98,7.995,8.081,8.746,7.837,8.151,8.317,8.002,8.213,8.002
1224.03,18,8.163,8.011,7.768,8.263,7.237,7.638,7.673,8.269,7.92,8.142,7.862,8.348,7.816,7.689,7.893,8.002,8.047,8.683,7.879,8.149,8.419,8.02,8.129,7.999
1225.03,18,8.141,7.976,7.741,8.329,7.222,7.778,7.724,8.285,7.889,8.206,7.919,8.332,7.825,7.662,7.901,8.016,8.074,8.799,7.811,8.159,8.355,8.037,8.219,7.999
1226.03,18,8.133,7.971,7.829,8.283,7.231,7.711,7.774,8.24,7.959,8.179,7.816,8.352,7.782,7.706,7.889,7.999,8.068,8.821,7.866,8.126,8.329,8.009,8.082,8.043
1227.03,18,8.2,7.969,7.762,8.33,7.176,7.698,7.706,8.222,7.935,8.115,7.787,8.356,7.782,7.688,7.865,8.001,8.03,8.811,7.809,8.222,8.337,7.952,8.174,8.038
1228.03,18,8.131,7.991,7.787,8.3,7.144,7.765,7.77,8.245,7.915,8.134,7.875,8.338,7.79,7.689,7.945,7.919,8.059,8.854,7.838,8.104,8.363,7.97,8.205,7.95
1229.03,18,8.175,7.987,7.768,8.291,7.171,7.7,7.725,8.254,7.932,8.153,7.873,8.377,7.786,7.648,7.904,7.9,8.075,8.772,7.82,8.139,8.35,8.01,8.177,7.928
1230.03,18,8.13,7.924,7.739,8.286,7.187,7.713,7.794,8.25,7.936,8.19,7.816,8.409,7.793,7.687,7.944,7.947,8.052,8.762,7.851,8.191,8.357,7.987,8.185,7.939
1231.03,18,8.117,7.967,7.776,8.247,7.191,7.692,7.629,8.288,7.887,8.134,7.837,8.469,7.725,7.755,7.956,7.926,8.065,8.727,7.836,8.106,8.386,7.999,8.142,8.031
1232.03,18,8.14,8.004,7.779,8.324,7.182,7.735,7.708,8.243,7.925,8.154,7.869,8.275,7.753,7.607,7.885,7.924,8.085,8.789,7.862,8.153,8.357,8.019,8.096,7.962
1233.03,18,8.096,7.993,7.783,8.271,7.238,7.722,7.718,8.268,7.941,8.132,7.849,8.38,7.81,7.645,7.927,7.935,8.074,8.855,7.778,8.151,8.341,7.964,8.093,7.981
1234.03,18,8.154,7.97,7.734,8.3,7.127,7.751,7.741,8.233,7.939,8.081,7.875,8.374,7.786,7.682,7.984,7.978,8.094,8.798,7.837,8.121,8.34,7.963,8.174,7.958
1235.03,18,8.063,8.001,7.725,8.374,7.175,7.779,7.706,8.226,7.902,8.156,7.85,8.407,7.731,7.694,7.944,7.929,8.071,8.746,7.788,8.126,8.351,7.951,8.15,7.957
1236.03,18,8.12,7.993,7.712,8.246,7.18,7.697,7.703,8.272,7.967,8.139,7.892,8.342,7.749,7.637,7.873,7.975,8.058,8.827,7.904,8.135,8.391,7.966,8.118,8.014
1237.03,18,8.139,8.026,7.744,8.298,7.14,7.669,7.7,8.272,7.854,8.147,7.833,8.35,7.821,7.715,7.885,7.991,8.028,8.697,7.873,8.169,8.413,7.986,8.132,7.938
1238.03,18,8.096,8.031,7.767,8.292,7.202,7.706,7.692,8.277,7.862,8.159,7.841,8.356,7.8,7.746,7.957,8.001,8,8.76,7.81,8.147,8.287,8.025,8.109,7.919
1239.03,18,8.121,8.003,7.768,8.299,7.192,7.694,7.712,8.264,7.91,8.147,7.876,8.368,7.817,7.611,7.886,8.027,8.03,8.76,7.811,8.14,8.407,7.962,8.179,7.95
1240.03,18,8.093,7.938,7.761,8.336,7.175,7.65,7.719,8.294,7.887,8.214,7.782,8.405,7.866,7.622,7.903,7.955,8.055,8.813,7.819,8.149,8.277,7.961,8.135,8.027
1241.03,18,8.097,7.989,7.777,8.283,7.056,7.694,7.759,8.246,7.938,8.169,7.79,8.437,7.744,7.667,7.949,8.015,8.037,8.756,7.857,8.14,8.354,7.938,8.171,7.946
1242.03,18,8.083,8.019,7.801,8.305,7.146,7.66,7.685,8.243,7.915,8.193,7.858,8.301,7.768,7.705,7.894,7.935,8.023,8.76,7.795,8.121,8.286,7.95,8.157,7.911
1243.03,18,8.139,7.974,7.731,8.292,7.177,7.681,7.684,8.285,7.891,8.178,7.82,8.37,7.736,7.684,7.948,7.987,8.067,8.773,7.838,8.103,8.404,7.997,8.134,7.946
1244.03,18,8.136,8.005,7.754,8.307,7.154,7.68,7.707,8.275,7.951,8.143,7.745,8.41,7.711,7.654,7.902,7.914,8.037,8.721,7.872,8.151,8.345,8.023,8.064,7.987
1245.03,18,8.159,8.032,7.763,8.292,7.177,7.708,7.754,8.308,7.842,8.138,7.878,8.386,7.766,7.699,7.908,7.981,8.109,8.766,7.828,8.175,8.36,7.972,8.188,7.94
1246.03,18,8.156,7.97,7.785,8.25,7.216,7.636,7.745,8.244,7.885,8.12,7.901,8.248,7.795,7.674,7.925,7.911,8.032,8.807,7.843,8.123,8.305,8.011,8.131,7.975
1247.03,18,8.131,8.005,7.792,8.196,7.216,7.689,7.706,8.254,7.926,8.066,7.809,8.292,7.777,7.741,7.91,7.917,8.036,8.734,7.825,8.109,8.369,7.968,8.093,7.947
1248.03,18,8.163,7.952,7.767,8.245,7.157,7.768,7.702,8.264,7.859,8.105,7.799,8.342,7.733,7.589,7.9,7.959,8.063,8.74,7.792,8.175,8.369,7.967,8.159,7.93
1249.03,18,8.042,7.938,7.745,8.299,7.149,7.701,7.723,8.294,7.889,8.095,7.846,8.305,7.743,7.618,7.88,7.931,8.036,8.804,7.869,8.168,8.364,7.958,8.094,8.009
1250.03,18,8.133,7.933,7.754,8.252,7.153,7.677,7.714,8.241,7.948,8.153,7.831,8.402,7.741,7.678,7.909,7.937,8.084,8.788,7.861,8.152,8.338,8.052,8.105,7.941
1251.03,18,8.106,7.977,7.779,8.284,7.161,7.714,7.726,8.199,7.87,8.106,7.876,8.324,7.778,7.662,7.862,7.88,7.971,8.757,7.863,8.163,8.365,7.978,8.13,7.954
1252.03,18,8.108,7.995,7.823,8.31,7.179,7.742,7.748,8.23,7.951,8.138,7.839,8.306,7.715,7.678,7.907,7.928,8.068,8.74,7.901,8.139,8.304,7.944,8.192,8.02
1253.03,18,8.15,7.914,7.691,8.293,7.139,7.718,7.713,8.287,7.91,8.181,7.826,8.266,7.778,7.64,7.882,7.94,8.025,8.778,7.87,8.113,8.393,7.986,8.151,7.968
1254.03,18,8.187,8.01,7.792,8.282,7.222,7.697,7.726,8.218,7.874,8.127,7.798,8.414,7.807,7.651,7.886,7.947,8.062,8.742,7.846,8.131,8.326,8.03,8.115,7.978
1255.03,18,8.071,7.929,7.738,8.33,7.135,7.699,7.734,8.219,7.919,8.114,7.801,8.392,7.802,7.61,7.872,7.993,8.05,8.775,7.773,8.105,8.353,7.994,8.125,7.936
1256.03,18,8.136,7.916,7.699,8.197,7.18,7.71,7.707,8.259,7.904,8.096,7.876,8.287,7.746,7.599,7.885,7.939,8.028,8.774,7.853,8.129,8.371,7.973,8.042,7.942
1257.03,18,8.121,7.922,7.711,8.222,7.168,7.665,7.752,8.274,7.875,8.084,7.785,8.361,7.785,7.667,7.938,7.99,8.035,8.744,7.822,8.165,8.34,7.983,8.133,7.976
1258.03,18,8.116,8.018,7.732,8.254,7.17,7.725,7.756,8.229,7.887,8.087,7.823,8.315,7.796,7.693,7.891,7.871,7.92,8.775,7.803,8.084,8.347,8.03,8.106,7.939
1259.03,18,8.103,7.929,7.723,8.277,7.106,7.648,7.726,8.225,7.872,8.067,7.794,8.327,7.789,7.686,7.926,7.985,8.039,8.755,7.811,8.126,8.362,7.992,8.18,8.001
1260.03,18,8.13,7.931,7.696,8.222,7.19,7.689,7.71,8.241,7.95,8.126,7.825,8.374,7.742,7.669,7.876,7.949,8.043,8.745,7.799,8.134,8.279,7.968,8.114,7.981
1261.03,18,8.119,7.934,7.73,8.278,7.142,7.663,7.689,8.2,7.893,8.13,7.852,8.354,7.729,7.632,7.893,7.908,8.087,8.798,7.839,8.17,8.227,7.963,8.191,7.935
1262.03,18,8.082,8.022,7.76,8.276,7.15,7.679,7.723,8.208,7.872,8.142,7.821,8.316,7.833,7.65,7.894,7.931,8.038,8.721,7.859,8.123,8.302,7.91,8.176,8.015
1263.03,18,8.106,7.928,7.796,8.296,7.187,7.656,7.666,8.236,7.896,8.125,7.838,8.359,7.742,7.657,7.863,7.942,8.025,8.784,7.833,8.136,8.311,7.947,8.102,7.954
1264.03,18,8.122,7.937,7.727,8.23,7.155,7.686,7.741,8.271,7.897,8.146,7.859,8.388,7.768,7.613,7.927,7.943,8.068,8.751,7.834,8.149,8.328,8.029,8.071,7.96
1265.03,18,8.122,7.95,7.674,8.227,7.178,7.694,7.73,8.238,7.864,8.131,7.83,8.284,7.758,7.607,7.889,7.974,8.044,8.741,7.777,8.125,8.366,7.989,8.136,8.005
1266.03,18,8.071,7.966,7.734,8.233,7.181,7.594,7.623,8.204,7.897,8.116,7.819,8.339,7.78,7.639,7.922,7.93,8.011,8.698,7.799,8.143,8.335,7.991,8.078,7.94
1267.03,18,8.127,7.988,7.715,8.266,7.113,7.667,7.715,8.191,7.949,8.087,7.837,8.268,7.694,7.678,7.881,7.921,7.968,8.792,7.808,8.096,8.34,7.938,8.109,8.004
1268.03,18,8.087,7.934,7.796,8.198,7.169,7.67,7.761,8.242,7.905,8.088,7.812,8.394,7.725,7.69,7.872,7.886,7.93,8.792,7.816,8.131,8.357,7.964,8.151,7.997
1269.03,18,8.126,7.991,7.765,8.218,7.125,7.61,7.722,8.247,7.878,8.102,7.808,8.312,7.715,7.647,7.947,7.891,8.044,8.765,7.765,8.108,8.37,8.007,8.08,7.995
1270.03,18,8.07,7.962,7.735,8.231,7.161,7.659,7.688,8.262,7.9,8.042,7.77,8.347,7.759,7.662,7.88,7.878,7.984,8.701,7.817,8.171,8.303,7.973,8.071,7.991
1271.03,18,8.129,7.963,7.768,8.29,7.158,7.707,7.637,8.295,7.871,8.098,7.806,8.325,7.786,7.626,7.887,7.889,8.007,8.775,7.837,8.154,8.381,7.973,8.131,8.018
1272.03,18,8.106,7.941,7.663,8.226,7.163,7.636,7.621,8.304,7.911,8.083,7.814,8.278,7.769,7.736,7.852,7.893,8.053,8.789,7.769,8.056,8.315,8.04,8.093,7.935
1273.03,18,8.091,7.982,7.694,8.225,7.123,7.705,7.697,8.189,7.919,8.014,7.86,8.358,7.726,7.695,7.898,7.887,8.01,8.792,7.78,8.132,8.374,7.96,8.155,8.009
1274.03,18,8.185,7.928,7.688,8.226,7.128,7.691,7.699,8.152,7.859,8.019,7.834,8.339,7.797,7.659,7.919,7.896,8.059,8.726,7.87,8.115,8.285,7.952,8.123,7.951
1275.03,18,8.008,7.972,7.736,8.314,7.185,7.697,7.704,8.264,7.85,8.141,7.774,8.313,7.78,7.629,7.887,7.957,8.063,8.683,7.837,8.149,8.329,7.919,8.133,7.998
1276.03,18,8.152,7.981,7.728,8.318,7.143,7.698,7.64,8.248,7.891,8.095,7.811,8.319,7.763,7.638,7.884,7.867,8.016,8.741,7.814,8.138,8.314,7.943,8.155,7.947
1277.03,18,8.085,7.958,7.769,8.203,7.133,7.662,7.712,8.197,7.902,8.107,7.818,8.376,7.729,7.658,7.878,7.961,7.999,8.749,7.832,8.106,8.244,8.007,8.098,7.957
1278.03,18,8.121,8.005,7.786,8.269,7.044,7.69,7.74,8.212,7.887,8.072,7.828,8.323,7.764,7.627,7.866,7.903,8.031,8.814,7.796,8.091,8.312,7.987,8.167,8.021
1279.03,18,8.065,7.926,7.741,8.26,7.161,7.673,7.716,8.188,7.92,8.08,7.81,8.34,7.801,7.639,7.957,7.956,8.048,8.817,7.792,8.162,8.367,7.992,8.085,8.05
1280.03,18,8.128,7.992,7.682,8.207,7.11,7.626,7.679,8.271,7.828,8.096,7.802,8.351,7.82,7.656,7.827,7.846,7.988,8.71,7.868,8.185,8.367,7.939,8.157,8.053
1281.03,18,8.065,7.961,7.745,8.326,7.122,7.655,7.639,8.196,7.838,8.069,7.804,8.327,7.748,7.626,7.973,7.914,8.007,8.73,7.809,8.083,8.405,7.977,8.135,8.017
1282.03,18,8.156,7.921,7.743,8.269,7.112,7.66,7.654,8.259,7.857,8.125,7.787,8.295,7.777,7.631,7.888,7.923,8,8.732,7.782,8.103,8.298,7.926,8.136,7.94
1283.03,18,8.154,8.005,7.638,8.192,7.151,7.656,7.648,8.25,7.875,8.118,7.826,8.355,7.76,7.696,7.872,7.911,7.989,8.748,7.8,8.106,8.35,7.977,8.077,7.951
1284.03,18,8.147,7.934,7.714,8.22,7.166,7.726,7.66,8.212,7.869,8.091,7.806,8.301,7.708,7.636,7.895,7.893,8.051,8.864,7.845,8.131,8.309,7.952,8.114,8.028
1285.03,18,8.085,7.91,7.727,8.272,7.139,7.733,7.679,8.168,7.87,8.076,7.82,8.315,7.735,7.576,7.846,7.891,8.064,8.704,7.804,8.062,8.297,7.957,8.146,8.055
1286.03,18,8.059,7.977,7.731,8.226,7.151,7.674,7.694,8.219,7.901,8.026,7.775,8.366,7.706,7.643,7.893,7.941,7.978,8.737,7.844,8.096,8.348,7.927,8.069,7.961
1287.03,18,8.125,7.975,7.72,8.182,7.171,7.655,7.673,8.225,7.887,8.096,7.808,8.344,7.759,7.672,7.889,7.946,8.03,8.776,7.845,8.168,8.27,8.034,8.156,7.947
1288.03,18,8.086,7.941,7.727,8.283,7.1,7.655,7.734,8.23,7.865,8.057,7.841,8.341,7.805,7.664,7.874,7.935,8.03,8.747,7.822,8.184,8.384,7.973,8.026,7.959
1289.03,18,8.078,7.968,7.734,8.23,7.129,7.655,7.714,8.169,7.853,8.105,7.837,8.306,7.727,7.598,7.916,7.919,8.047,8.725,7.803,8.009,8.367,7.973,8.126,7.946
1290.03,18,8.069,7.955,7.699,8.272,7.101,7.695,7.671,8.177,7.842,8.089,7.846,8.32,7.769,7.631,7.915,7.989,7.958,8.736,7.796,8.128,8.343,7.94,8.065,7.932
1291.03,18,8.116,7.986,7.725,8.185,7.141,7.666,7.747,8.275,7.902,8.127,7.768,8.343,7.72,7.721,7.939,7.89,8.036,8.752,7.812,8.074,8.318,7.927,8.126,8.02
1292.03,18,8.183,7.899,7.735,8.266,7.163,7.708,7.78,8.223,7.868,8.135,7.805,8.32,7.75,7.597,7.909,7.892,7.982,8.779,7.812,8.127,8.325,7.963,8.094,7.969
1293.03,18,8.081,7.918,7.721,8.194,7.095,7.643,7.67,8.194,7.852,8.005,7.732,8.316,7.692,7.644,7.92,7.884,8.025,8.732,7.801,8.044,8.317,7.914,8.159,7.963
1294.03,18,8.11,7.953,7.762,8.243,7.109,7.642,7.633,8.161,7.79,8.089,7.749,8.307,7.695,7.613,7.881,7.901,8.057,8.781,7.831,8.103,8.352,7.914,8.061,7.913
1295.03,18,8.118,7.908,7.75,8.228,7.066,7.729,7.677,8.212,7.851,8.116,7.755,8.296,7.746,7.656,7.866,7.893,7.999,8.678,7.755,8.077,8.28,7.928,8.129,7.999
1296.03,18,8.103,7.903,7.658,8.211,7.126,7.697,7.682,8.226,7.921,8.108,7.773,8.343,7.804,7.597,7.89,7.901,7.978,8.741,7.765,8.122,8.348,7.961,8.066,8.004
1297.03,18,8.083,7.982,7.686,8.224,7.171,7.682,7.71,8.222,7.892,8.097,7.792,8.299,7.789,7.583,7.933,7.949,8.012,8.676,7.837,8.008,8.301,8.006,8.06,7.878
1298.03,18,8.152,7.911,7.767,8.206,7.103,7.672,7.604,8.206,7.863,8.033,7.775,8.329,7.797,7.639,7.877,7.906,8.021,8.683,7.867,8.115,8.267,7.969,8.113,7.952
1299.03,18,8.08,7.908,7.756,8.247,7.131,7.663,7.734,8.233,7.809,8.093,7.845,8.321,7.753,7.631,7.899,7.947,8.027,8.737,7.815,8.074,8.318,8.005,8.149,7.989
1300.03,18,8.096,7.954,7.766,8.189,7.125,7.666,7.723,8.25,7.856,8.099,7.818,8.296,7.741,7.62,7.882,7.884,7.989,8.749,7.875,8.107,8.257,7.962,8.143,7.931
1301.03,18,8.038,7.93,7.716,8.245,7.134,7.672,7.762,8.173,7.81,8.019,7.781,8.306,7.691,7.562,7.897,7.921,7.998,8.746,7.849,8.118,8.32,7.983,8.109,7.984
1302.03,18,8.154,7.946,7.689,8.252,7.102,7.723,7.713,8.122,7.894,8.076,7.797,8.291,7.768,7.602,7.841,7.911,7.958,8.753,7.844,8.15,8.247,7.954,8.142,8.026
1303.03,18,8.205,7.949,7.713,8.214,7.092,7.634,7.72,8.237,7.876,8.018,7.798,8.321,7.71,7.655,7.901,7.872,8,8.779,7.822,8.094,8.348,8.004,8.107,7.952
1304.03,18,8.085,7.988,7.633,8.255,7.164,7.685,7.711,8.178,7.948,8.017,7.812,8.305,7.67,7.588,7.883,7.883,7.993,8.698,7.873,8.099,8.294,7.977,8.132,7.937
1305.03,18,8.104,7.954,7.74,8.278,7.115,7.58,7.715,8.185,7.86,8.037,7.825,8.382,7.749,7.663,7.835,7.873,8.003,8.752,7.806,8.086,8.318,7.954,8.107,7.963
1306.03,18,8.103,7.915,7.682,8.185,7.117,7.635,7.639,8.188,7.888,8.06,7.844,8.289,7.793,7.649,7.855,7.881,7.954,8.734,7.814,8.07,8.33,7.928,8.087,7.984
1307.03,18,8.163,7.97,7.738,8.198,7.118,7.666,7.616,8.223,7.894,8.099,7.788,8.329,7.71,7.623,7.831,7.833,7.961,8.709,7.8,8.121,8.355,7.953,8.084,7.902
1308.03,18,8.174,7.945,7.679,8.206,7.062,7.596,7.673,8.224,7.848,8.036,7.775,8.259,7.689,7.672,7.906,7.898,7.989,8.652,7.773,8.119,8.343,7.949,8.11,7.888
1309.03,18,8.136,7.827,7.713,8.176,7.129,7.597,7.622,8.209,7.903,8.1,7.79,8.248,7.795,7.626,7.92,7.968,7.98,8.71,7.823,8.157,8.32,7.973,8.108,7.9
1310.03,18,8.112,7.929,7.724,8.236,7.101,7.669,7.616,8.247,7.836,8.04,7.75,8.297,7.763,7.563,7.889,7.897,8.027,8.779,7.837,8.112,8.33,7.985,8.205,7.956
1311.03,18,8.074,7.936,7.702,8.177,7.106,7.68,7.648,8.203,7.823,8.074,7.771,8.302,7.727,7.594,7.893,7.899,7.989,8.771,7.838,8.102,8.265,7.942,8.046,7.938
1312.03,18,8.041,7.965,7.683,8.262,7.106,7.618,7.708,8.121,7.876,8.074,7.756,8.336,7.681,7.608,7.896,7.867,8.012,8.715,7.782,8.124,8.336,7.944,8.054,7.943
1313.03,18,8.102,7.941,7.698,8.248,7.145,7.661,7.652,8.212,7.895,8.117,7.758,8.291,7.726,7.579,7.829,7.895,8.024,8.71,7.766,8.143,8.275,7.946,8.091,7.954
1314.03,18,8.091,7.929,7.741,8.234,7.154,7.631,7.66,8.192,7.794,8.061,7.768,8.308,7.705,7.588,7.818,7.885,8.015,8.71,7.703,8.106,8.266,7.95,8.059,7.971
1315.03,18,8,7.924,7.76,8.253,7.109,7.674,7.716,8.129,7.787,8.045,7.756,8.272,7.743,7.608,7.814,7.882,7.997,8.715,7.795,8.087,8.282,7.904,8.086,7.889
1316.03,18,8.049,7.929,7.778,8.289,7.117,7.683,7.636,8.239,7.852,8.048,7.76,8.249,7.757,7.614,7.858,7.925,8.006,8.717,7.814,8.114,8.326,7.937,8.13,7.896
1317.03,18,8.129,7.935,7.725,8.207,7.043,7.658,7.667,8.227,7.813,8.063,7.744,8.241,7.747,7.521,7.847,7.939,7.976,8.696,7.835,8.143,8.266,7.956,8.053,7.902
1318.03,18,8.076,7.952,7.737,8.156,7.108,7.708,7.718,8.28,7.893,8.044,7.781,8.321,7.711,7.646,7.878,7.899,7.99,8.724,7.817,8.103,8.301,7.918,8.103,7.934
1319.03,18,8.055,7.928,7.746,8.256,7.139,7.675,7.652,8.062,7.87,8.056,7.81,8.307,7.746,7.59,7.881,7.906,7.96,8.742,7.779,8.132,8.237,7.946,8.046,7.953
1320.03,18,8.037,7.911,7.716,8.187,7.155,7.637,7.65,8.179,7.843,8.088,7.798,8.334,7.73,7.599,7.895,7.9,7.99,8.71,7.854,8.126,8.276,7.966,8.091,7.902
1321.03,18,8.05,7.84,7.713,8.249,7.104,7.569,7.723,8.161,7.856,8.014,7.827,8.277,7.781,7.669,7.862,7.891,7.936,8.711,7.79,8.093,8.285,7.973,8.094,7.97
1322.03,18,8.087,7.885,7.744,8.204,7.059,7.647,7.703,8.257,7.844,8.066,7.864,8.248,7.74,7.632,7.846,7.889,7.963,8.673,7.828,8.054,8.321,7.953,8.053,8.014
1323.03,18,8.122,8.02,7.652,8.173,7.152,7.668,7.721,8.176,7.831,8.041,7.773,8.297,7.713,7.58,7.892,7.802,7.906,8.735,7.815,8.133,8.3,7.909,8.138,7.853
1324.03,18,8.083,7.884,7.66,8.258,7.122,7.589,7.652,8.23,7.864,8.086,7.776,8.36,7.761,7.606,7.827,7.851,7.927,8.705,7.833,8.133,8.315,7.962,8.045,7.92
1325.03,18,8.119,7.97,7.66,8.258,7.133,7.574,7.629,8.274,7.81,8.092,7.8,8.312,7.712,7.619,7.887,7.898,8.005,8.639,7.781,8.088,8.254,7.957,8.01,7.9
1326.03,18,8.08,7.932,7.772,8.157,7.075,7.655,7.735,8.183,7.738,8.116,7.814,8.334,7.695,7.579,7.895,7.881,7.991,8.673,7.815,8.123,8.307,7.94,8.143,7.936
1327.03,18,8.074,7.94,7.692,8.202,7.049,7.717,7.682,8.241,7.842,8.077,7.764,8.308,7.727,7.664,7.915,7.924,8.029,8.749,7.788,8.062,8.317,7.914,8.138,7.915
1328.03,18,8.125,7.884,7.691,8.239,7.106,7.578,7.625,8.191,7.804,8.092,7.775,8.362,7.805,7.608,7.793,7.879,7.929,8.695,7.787,8.057,8.257,7.958,8.112,7.926
1329.03,18,8.124,7.909,7.74,8.217,7.102,7.712,7.637,8.213,7.834,7.998,7.782,8.299,7.696,7.649,7.898,7.924,8.01,8.707,7.769,8.106,8.244,7.893,8.048,7.971
1330.03,18,8.133,7.961,7.659,8.23,7.12,7.639,7.703,8.248,7.852,8.095,7.79,8.357,7.731,7.57,7.832,7.821,7.925,8.701,7.772,8.093,8.321,7.903,8.125,7.875
1331.03,18,8.097,7.907,7.672,8.269,7.072,7.709,7.631,8.166,7.929,8.028,7.697,8.244,7.735,7.664,7.895,7.876,7.988,8.658,7.742,8.097,8.275,7.971,8.07,7.877
1332.03,18,8.149,7.992,7.667,8.165,7.066,7.63,7.631,8.199,7.79,8.062,7.779,8.267,7.746,7.587,7.838,7.875,7.998,8.704,7.79,8.13,8.233,7.954,8.099,7.931
1333.03,18,8.099,7.911,7.661,8.212,7.119,7.68,7.619,8.22,7.861,8.061,7.673,8.259,7.667,7.574,7.811,7.875,7.956,8.713,7.78,8.038,8.247,7.954,8.056,7.907
1334.03,18,8.007,7.916,7.682,8.214,7.053,7.628,7.67,8.153,7.853,8.003,7.814,8.274,7.783,7.568,7.871,7.905,7.97,8.717,7.818,8.102,8.3,7.898,8.124,7.914
1335.03,18,8.044,7.947,7.668,8.155,7.115,7.624,7.66,8.209,7.859,8.022,7.806,8.285,7.65,7.641,7.825,7.93,7.964,8.774,7.804,8.061,8.301,7.938,8.067,7.918
1336.03,18,8.086,7.883,7.711,8.189,7.084,7.624,7.61,8.145,7.788,8.039,7.792,8.293,7.655,7.593,7.827,7.916,7.976,8.737,7.783,8.043,8.281,7.94,8.093,7.914
1337.03,18,8.078,7.929,7.71,8.17,7.058,7.661,7.636,8.186,7.813,8.054,7.768,8.231,7.735,7.588,7.732,7.853,7.969,8.722,7.802,8.109,8.318,7.928,8.049,7.904
1338.03,18,8.1,7.929,7.689,8.238,7.128,7.675,7.651,8.171,7.808,8.104,7.818,8.289,7.729,7.573,7.863,7.871,7.972,8.793,7.797,8.094,8.317,7.966,8.066,7.942
1339.03,18,8.134,7.886,7.711,8.224,7.108,7.713,7.73,8.138,7.862,8.058,7.758,8.322,7.755,7.596,7.914,7.824,7.99,8.727,7.731,8.037,8.31,7.904,8.058,7.845
1340.03,18,8.048,7.9,7.653,8.203,7.073,7.651,7.703,8.169,7.837,8.053,7.731,8.313,7.741,7.619,7.797,7.867,7.951,8.672,7.704,8.067,8.268,7.841,8.075,7.913
1341.03,18,8.129,7.889,7.65,8.185,7.104,7.638,7.666,8.176,7.833,8.056,7.731,8.248,7.697,7.529,7.809,7.879,8.047,8.685,7.78,8.078,8.253,7.96,8.113,7.955
1342.03,18,8.084,7.931,7.698,8.215,7.062,7.643,7.64,8.193,7.854,8.032,7.797,8.288,7.708,7.635,7.849,7.833,7.961,8.661,7.757,8.059,8.291,7.892,8.06,7.932
1343.03,18,8.065,7.89,7.685,8.223,7.17,7.67,7.72,8.163,7.824,8.049,7.738,8.242,7.726,7.582,7.9,7.832,7.971,8.695,7.795,8.087,8.254,7.949,8.079,7.947
1344.03,18,8.118,7.924,7.683,8.199,7.1,7.643,7.649,8.167,7.833,8.02,7.761,8.249,7.69,7.598,7.809,7.834,7.942,8.697,7.762,8.078,8.266,7.911,8.057,7.955
1345.03,18,8.108,7.888,7.668,8.203,7.109,7.626,7.697,8.133,7.816,8.027,7.794,8.216,7.765,7.555,7.916,7.844,7.975,8.66,7.745,8.087,8.322,7.914,8.132,7.977
1346.03,18,8.037,7.944,7.639,8.272,7.044,7.581,7.693,8.211,7.794,8.018,7.708,8.291,7.702,7.536,7.812,7.854,7.963,8.651,7.785,8.076,8.253,7.915,8.086,7.945
1347.03,18,8.106,7.857,7.649,8.199,7.052,7.663,7.665,8.113,7.786,8.026,7.698,8.277,7.751,7.617,7.802,7.887,7.98,8.631,7.78,8.079,8.263,7.924,8.057,7.881
1348.03,18,8.079,7.885,7.659,8.194,7.045,7.623,7.674,8.115,7.85,8.027,7.748,8.234,7.747,7.557,7.829,7.84,7.896,8.731,7.777,8.071,8.245,7.945,8.079,7.944
1349.03,18,8.071,7.913,7.678,8.235,7.041,7.605,7.725,8.153,7.777,8.042,7.743,8.335,7.703,7.559,7.865,7.849,7.948,8.733,7.75,8.048,8.267,7.97,8.021,7.93
1350.03,18,8.107,7.877,7.666,8.158,7.061,7.609,7.625,8.18,7.84,8.072,7.706,8.298,7.706,7.652,7.81,7.893,8.001,8.627,7.849,8.065,8.316,7.901,8.067,7.92
1351.03,18,8.055,7.903,7.699,8.119,7.088,7.634,7.645,8.17,7.838,8.045,7.745,8.25,7.723,7.601,7.88,7.88,7.968,8.705,7.761,8.056,8.3,7.916,8.067,7.882
1352.03,18,8.085,7.901,7.672,8.122,7.047,7.565,7.585,8.181,7.842,8.012,7.678,8.245,7.724,7.597,7.776,7.861,7.906,8.603,7.732,8.054,8.278,7.939,8.095,7.837
1353.03,18,8.055,7.925,7.675,8.188,7.017,7.663,7.676,8.172,7.819,8.002,7.759,8.294,7.719,7.579,7.835,7.89,7.919,8.656,7.768,8.131,8.257,7.873,8.035,7.859
1354.03,18,8.043,7.898,7.691,8.186,7.1,7.653,7.71,8.123,7.797,8.054,7.703,8.263,7.726,7.615,7.908,7.812,7.923,8.698,7.807,8.093,8.26,7.966,8.087,7.988
1355.03,18,8.104,7.922,7.653,8.19,7.076,7.667,7.557,8.15,7.811,8.103,7.764,8.247,7.753,7.551,7.83,7.9,7.914,8.626,7.769,8.112,8.282,7.927,8.043,7.884
1356.03,18,8.074,7.934,7.625,8.186,7.131,7.585,7.646,8.136,7.82,8.044,7.773,8.254,7.739,7.56,7.851,7.85,8.024,8.686,7.851,8.091,8.288,7.919,8.105,7.883
1357.03,18,8.053,7.901,7.677,8.146,7.089,7.656,7.685,8.165,7.795,7.966,7.748,8.276,7.721,7.6,7.84,7.852,7.997,8.609,7.798,8.092,8.328,7.97,8.078,7.948
1358.03,18,8.059,7.88,7.659,8.222,7.033,7.621,7.62,8.157,7.79,7.988,7.663,8.243,7.725,7.549,7.773,7.847,7.936,8.719,7.85,8.045,8.267,7.913,8.064,7.841
1359.03,18,8.012,7.959,7.679,8.163,7.053,7.65,7.636,8.173,7.77,8.075,7.745,8.236,7.767,7.575,7.72,7.855,7.981,8.573,7.813,8.077,8.297,7.926,8.082,7.907
1360.03,18,8.05,7.895,7.634,8.193,7.13,7.663,7.594,8.202,7.819,8.005,7.805,8.264,7.657,7.558,7.781,7.854,7.874,8.683,7.748,8.005,8.27,7.966,8.057,7.946
1361.03,18,8.116,7.831,7.664,8.198,7.019,7.625,7.648,8.145,7.791,8.02,7.738,8.202,7.74,7.603,7.813,7.822,7.942,8.645,7.744,8.122,8.257,7.926,8.023,7.962
1362.03,18,8.118,7.926,7.633,8.167,7.05,7.666,7.705,8.117,7.745,8.009,7.753,8.285,7.685,7.559,7.81,7.839,7.878,8.758,7.762,8.045,8.308,7.857,8.043,7.976
1363.03,18,8.086,7.89,7.639,8.159,7.059,7.632,7.697,8.175,7.807,8.116,7.792,8.295,7.694,7.536,7.823,7.856,7.975,8.676,7.776,8.046,8.284,7.966,8.025,7.865
1364.03,18,8.07,7.906,7.66,8.222,7.065,7.669,7.683,8.172,7.827,8.068,7.739,8.259,7.684,7.545,7.841,7.85,7.962,8.622,7.755,8.047,8.244,7.923,8.051,7.948
1365.03,18,8.054,7.85,7.654,8.163,7.093,7.592,7.611,8.149,7.738,8,7.705,8.234,7.679,7.585,7.832,7.879,8,8.714,7.787,8.073,8.241,7.89,8.061,7.951
1366.03,18,8.137,7.924,7.626,8.115,7.031,7.633,7.658,8.148,7.817,8.033,7.688,8.225,7.66,7.618,7.821,7.871,7.93,8.646,7.746,7.997,8.263,7.925,8.048,7.958
1367.03,18,8.057,7.918,7.659,8.13,7.05,7.598,7.624,8.11,7.799,7.997,7.708,8.301,7.66,7.529,7.82,7.772,7.972,8.691,7.768,8.079,8.288,7.941,8.034,7.883
1368.03,18,8.045,7.868,7.663,8.07,7.065,7.62,7.616,8.184,7.795,8.034,7.708,8.276,7.655,7.54,7.783,7.825,7.967,8.659,7.78,8.062,8.268,7.924,8.076,7.86
1369.03,18,7.972,7.917,7.611,8.166,6.984,7.55,7.594,8.159,7.819,8.045,7.701,8.227,7.743,7.515,7.836,7.825,7.939,8.667,7.714,8.072,8.273,7.854,8.06,7.882
1370.03,18,8.058,7.873,7.704,8.206,7.061,7.559,7.644,8.156,7.792,8.105,7.741,8.288,7.732,7.561,7.828,7.865,7.986,8.686,7.777,8.065,8.287,7.925,8.051,7.925
1371.03,18,8.059,7.83,7.627,8.184,7.087,7.593,7.628,8.191,7.802,7.991,7.745,8.212,7.676,7.51,7.877,7.786,7.933,8.676,7.793,8.042,8.323,7.899,8.068,7.909
1372.03,18,8.073,7.903,7.721,8.167,7.044,7.642,7.627,8.17,7.807,8.03,7.702,8.233,7.725,7.625,7.817,7.866,7.888,8.727,7.73,8.058,8.241,7.873,8.049,7.924
1373.03,18,8.066,7.833,7.67,8.139,7.104,7.545,7.641,8.207,7.812,8.035,7.687,8.354,7.662,7.582,7.812,7.901,7.91,8.69,7.752,8.118,8.311,7.906,8.055,7.943
1374.03,18,8.046,7.813,7.619,8.252,7.023,7.633,7.641,8.147,7.78,8.053,7.724,8.274,7.666,7.571,7.816,7.916,7.942,8.717,7.832,8.084,8.31,7.887,8.092,7.842
1375.03,18,8.027,7.878,7.606,8.122,6.99,7.609,7.615,8.116,7.86,8.001,7.715,8.301,7.749,7.56,7.81,7.849,7.898,8.692,7.805,7.998,8.26,7.91,8.009,7.89
1376.03,18,8.08,7.911,7.633,8.148,7.065,7.632,7.608,8.142,7.788,8.032,7.678,8.238,7.716,7.454,7.861,7.802,7.94,8.686,7.724,8.135,8.306,7.9,8.047,7.84
1377.03,18,8.072,7.878,7.651,8.13,7.082,7.617,7.627,8.127,7.747,8.034,7.774,8.174,7.72,7.588,7.757,7.825,7.904,8.674,7.761,8.016,8.277,7.854,7.983,7.881
1378.03,18,8.067,7.934,7.609,8.249,7.066,7.626,7.58,8.154,7.801,8.052,7.664,8.25,7.666,7.551,7.771,7.84,7.904,8.691,7.653,8.012,8.29,7.948,8.018,7.931
1379.03,18,8.052,7.865,7.632,8.127,7.058,7.61,7.651,8.128,7.744,8.006,7.661,8.297,7.713,7.58,7.787,7.801,7.933,8.738,7.767,8.055,8.311,7.86,8.009,7.923
1380.03,18,8.07,7.927,7.638,8.129,7.044,7.617,7.667,8.172,7.738,8.019,7.717,8.345,7.726,7.596,7.876,7.88,7.937,8.669,7.801,8.206,8.259,7.902,8.019,7.893
1381.03,18,8.038,7.873,7.627,8.137,7.01,7.613,7.657,8.16,7.804,7.942,7.735,8.269,7.737,7.491,7.827,7.82,7.983,8.654,7.755,8.009,8.196,7.846,8.061,7.955
1382.03,18,8.018,7.887,7.608,8.189,7.037,7.638,7.662,8.154,7.745,7.985,7.743,8.281,7.736,7.529,7.821,7.811,7.935,8.638,7.79,8.079,8.267,7.914,8.066,7.866
1383.03,18,7.995,7.904,7.686,8.203,7.045,7.601,7.653,8.172,7.734,8.021,7.742,8.198,7.666,7.586,7.786,7.831,7.927,8.636,7.748,8.045,8.228,7.941,8.027,7.895
1384.03,18,8.057,7.919,7.661,8.16,7.004,7.571,7.639,8.132,7.795,8.004,7.757,8.237,7.723,7.596,7.791,7.816,7.924,8.648,7.797,8.047,8.258,7.824,8.026,7.852
1385.03,18,8.076,7.883,7.574,8.231,6.987,7.639,7.611,8.118,7.747,8.049,7.75,8.268,7.738,7.501,7.887,7.9,7.932,8.66,7.739,8.01,8.332,7.873,8.134,7.87
1386.03,18,8.057,7.911,7.679,8.158,7.007,7.596,7.551,8.142,7.797,8.046,7.723,8.196,7.724,7.561,7.836,7.829,7.881,8.682,7.762,8.067,8.287,7.892,8.098,7.883
1387.03,18,8.064,7.887,7.676,8.151,6.986,7.625,7.615,8.249,7.775,7.977,7.736,8.273,7.69,7.582,7.824,7.753,7.913,8.658,7.779,8.047,8.259,7.919,8.028,7.906
1388.03,18,8.163,7.902,7.638,8.137,7.039,7.641,7.647,8.133,7.805,7.965,7.698,8.251,7.626,7.548,7.729,7.785,7.901,8.71,7.752,8.066,8.283,7.874,8.07,7.939
1389.03,18,8.041,7.882,7.691,8.205,7.072,7.631,7.698,8.118,7.725,8.02,7.73,8.27,7.733,7.517,7.854,7.859,7.917,8.713,7.816,8.085,8.249,7.881,8.029,7.892
1390.03,18,7.978,7.846,7.681,8.085,7.038,7.595,7.627,8.072,7.858,8.01,7.678,8.295,7.639,7.566,7.797,7.787,7.913,8.63,7.699,8.082,8.238,7.908,8.052,7.94
1391.03,18,8.038,7.825,7.572,8.226,7.08,7.585,7.635,8.156,7.82,8.011,7.73,8.263,7.687,7.553,7.796,7.842,7.876,8.631,7.719,8.127,8.305,7.919,8.016,7.933
1392.03,18,8.026,7.859,7.625,8.18,7.025,7.657,7.656,8.13,7.782,8.002,7.729,8.244,7.673,7.556,7.839,7.837,7.863,8.658,7.775,8.031,8.24,7.886,8.039,7.853
1393.03,18,8.008,7.876,7.652,8.176,7.031,7.672,7.707,8.109,7.81,8,7.681,8.252,7.629,7.593,7.799,7.779,7.92,8.611,7.774,8.101,8.276,7.895,8.015,7.92
1394.03,18,8.091,7.861,7.666,8.115,6.999,7.595,7.65,8.151,7.737,7.971,7.702,8.219,7.669,7.572,7.824,7.833,7.84,8.661,7.734,8.062,8.255,7.821,8.011,7.931
1395.03,18,8.048,7.909,7.561,8.144,6.992,7.592,7.666,8.116,7.793,7.988,7.732,8.235,7.677,7.501,7.798,7.814,7.89,8.657,7.766,8.051,8.265,7.856,8.055,7.935
1396.03,18,8.045,7.893,7.638,8.167,7.062,7.58,7.686,8.13,7.751,8.034,7.682,8.254,7.667,7.502,7.831,7.843,7.926,8.69,7.77,8.088,8.243,7.875,7.982,7.911
1397.03,18,8.064,7.858,7.639,8.128,7.012,7.603,7.616,8.175,7.72,7.993,7.668,8.183,7.622,7.519,7.816,7.802,7.901,8.698,7.724,8.06,8.263,7.85,8.022,7.865
1398.03,18,8.08,7.88,7.711,8.169,7.015,7.601,7.625,8.111,7.825,7.979,7.719,8.17,7.69,7.497,7.786,7.856,7.945,8.65,7.767,7.999,8.19,7.87,8.005,7.842
1399.03,18,7.999,7.869,7.604,8.201,7.104,7.617,7.614,8.138,7.814,8.061,7.726,8.196,7.707,7.537,7.776,7.81,7.911,8.641,7.706,8.048,8.252,7.9,8.018,7.935
1400.03,18,8.036,7.868,7.662,8.16,7.018,7.635,7.598,8.109,7.76,8.022,7.643,8.262,7.672,7.514,7.808,7.826,7.878,8.641,7.733,8.035,8.221,7.887,8.069,7.917
1401.03,18,8.023,7.858,7.659,8.121,6.959,7.56,7.579,8.127,7.796,7.985,7.713,8.203,7.668,7.578,7.792,7.799,7.91,8.669,7.746,8.018,8.191,7.897,8.001,7.867
1402.03,18,7.991,7.908,7.671,8.14,6.994,7.629,7.684,8.166,7.728,8.007,7.658,8.241,7.675,7.569,7.827,7.791,7.927,8.621,7.729,8.026,8.305,7.874,8.081,7.925
1403.03,18,8.004,7.863,7.658,8.114,7.024,7.559,7.636,8.171,7.785,8.008,7.765,8.202,7.712,7.511,7.815,7.83,7.894,8.67,7.761,8.029,8.264,7.879,8.051,7.884
1404.03,18,8.08,7.849,7.683,8.085,7.059,7.587,7.641,8.101,7.814,7.958,7.696,8.207,7.695,7.47,7.815,7.85,7.888,8.671,7.788,8.026,8.275,7.883,8.029,7.879
1405.03,18,8.023,7.859,7.581,8.12,7.047,7.608,7.643,8.124,7.769,8.044,7.67,8.216,7.621,7.469,7.844,7.805,7.849,8.658,7.71,8.063,8.258,7.87,8.061,7.863
1406.03,18,8.064,7.838,7.608,8.109,6.994,7.628,7.634,8.09,7.78,8.052,7.73,8.247,7.637,7.54,7.735,7.831,7.856,8.661,7.712,8.06,8.31,7.853,8.02,7.899
1407.03,18,8.076,7.904,7.597,8.187,7.017,7.568,7.583,8.147,7.778,7.925,7.73,8.171,7.671,7.498,7.76,7.812,7.894,8.684,7.683,8.035,8.187,7.947,8.001,7.851
1408.03,18,8.02,7.823,7.621,8.114,7.001,7.595,7.593,8.154,7.837,8.028,7.698,8.244,7.638,7.556,7.813,7.725,7.888,8.602,7.686,8.037,8.215,7.905,8.024,7.851
1409.03,18,8.041,7.869,7.635,8.12,7.019,7.65,7.577,8.101,7.722,8.097,7.651,8.276,7.659,7.544,7.848,7.834,7.869,8.654,7.793,8.034,8.29,7.844,8.015,7.92
1410.03,18,8.046,7.93,7.645,8.057,7.028,7.644,7.647,8.104,7.802,7.956,7.679,8.219,7.674,7.482,7.805,7.781,7.924,8.642,7.746,8.066,8.3,7.901,8.013,7.876
1411.03,18,8.014,7.868,7.653,8.078,6.983,7.552,7.562,8.084,7.771,8.038,7.665,8.283,7.647,7.576,7.769,7.775,7.909,8.621,7.762,8.082,8.244,7.86,8.067,7.92
1412.03,18,8.024,7.848,7.648,8.148,7.009,7.572,7.623,8.136,7.754,8.013,7.732,8.25,7.683,7.499,7.754,7.871,7.933,8.683,7.753,8.016,8.206,7.898,8.053,7.83
1413.03,18,7.989,7.849,7.587,8.142,7.031,7.568,7.642,8.102,7.744,7.95,7.683,8.281,7.68,7.509,7.798,7.828,7.873,8.649,7.724,8.057,8.252,7.895,8.027,7.865
1414.03,18,8.07,7.871,7.619,8.115,6.963,7.662,7.664,8.083,7.768,8.001,7.71,8.228,7.6,7.519,7.866,7.824,7.883,8.72,7.76,8.122,8.265,7.881,8.049,7.903
1415.03,18,8.051,7.814,7.677,8.069,6.967,7.545,7.611,8.126,7.713,8.023,7.733,8.221,7.72,7.521,7.774,7.851,7.866,8.603,7.681,8.043,8.31,7.844,8.034,7.854
1416.03,18,7.992,7.918,7.534,8.158,6.986,7.621,7.57,8.092,7.691,7.988,7.624,8.267,7.65,7.55,7.828,7.783,7.899,8.579,7.64,8.097,8.27,7.864,8.028,7.872
1417.03,18,8.064,7.882,7.63,8.088,6.978,7.566,7.573,8.123,7.798,7.939,7.72,8.283,7.67,7.487,7.838,7.842,7.869,8.666,7.785,7.99,8.208,7.89,8.025,7.899
1418.03,18,8.031,7.856,7.636,8.138,6.946,7.595,7.61,8.135,7.821,7.967,7.671,8.263,7.683,7.556,7.715,7.785,7.901,8.685,7.738,8.082,8.228,7.888,8.043,7.902
1419.03,18,8.021,7.912,7.605,8.175,6.893,7.599,7.603,8.107,7.75,8.011,7.644,8.235,7.668,7.494,7.729,7.744,7.903,8.642,7.711,7.992,8.293,7.891,8.049,7.898
1420.03,18,8.025,7.868,7.606,8.087,7.016,7.563,7.673,8.076,7.773,7.998,7.639,8.245,7.633,7.547,7.795,7.765,7.88,8.683,7.74,8.026,8.189,7.812,8.072,7.85
1421.03,18,8.058,7.823,7.594,8.06,7.014,7.593,7.551,8.093,7.756,7.941,7.593,8.295,7.63,7.503,7.787,7.849,7.916,8.643,7.752,8.024,8.208,7.824,8.026,7.894
1422.03,18,7.99,7.862,7.57,8.069,7.003,7.651,7.591,8.086,7.758,8.014,7.736,8.247,7.701,7.48,7.837,7.803,7.905,8.626,7.744,8.092,8.237,7.894,7.965,7.913
1423.03,18,8.05,7.855,7.59,8.109,6.979,7.6,7.644,8.087,7.739,7.999,7.728,8.284,7.672,7.585,7.768,7.804,7.857,8.675,7.713,8.07,8.256,7.847,8.044,7.887
1424.03,18,7.96,7.816,7.559,8.133,7.022,7.615,7.625,8.088,7.791,8.028,7.681,8.235,7.703,7.517,7.754,7.779,7.835,8.587,7.729,8.064,8.187,7.859,7.99,7.926
1425.03,18,8.084,7.884,7.596,8.082,7.001,7.535,7.676,8.153,7.717,7.988,7.61,8.198,7.618,7.488,7.87,7.813,7.92,8.575,7.745,7.986,8.248,7.852,7.992,7.888
1426.03,18,8.033,7.874,7.567,8.128,7.001,7.647,7.616,8.143,7.742,7.973,7.655,8.256,7.686,7.462,7.835,7.784,7.954,8.644,7.739,8.057,8.213,7.862,8.005,7.877
1427.03,18,7.996,7.768,7.638,8.049,6.994,7.553,7.627,8.02,7.737,7.898,7.693,8.222,7.677,7.565,7.829,7.748,7.878,8.636,7.758,8.078,8.252,7.817,8.024,7.89
1428.03,18,8.009,7.81,7.59,8.126,7.001,7.568,7.559,8.107,7.746,7.981,7.711,8.199,7.69,7.525,7.849,7.816,7.907,8.725,7.745,8.032,8.233,7.856,8.002,7.928
1429.03,18,7.986,7.826,7.598,8.041,6.991,7.53,7.677,8.081,7.756,8.012,7.642,8.17,7.677,7.513,7.717,7.792,7.882,8.602,7.707,8.057,8.237,7.878,8.019,7.874
1430.03,18,8.044,7.814,7.547,8.104,6.984,7.551,7.593,8.111,7.772,7.939,7.632,8.212,7.629,7.494,7.801,7.78,7.886,8.561,7.729,8.037,8.292,7.834,8.01,7.903
1431.03,18,7.971,7.856,7.582,8.089,6.948,7.617,7.626,8.157,7.729,8.013,7.69,8.15,7.627,7.524,7.847,7.81,7.912,8.67,7.71,8.014,8.23,7.909,8.017,7.92
1432.03,18,8.017,7.8,7.622,8.151,6.981,7.599,7.595,8.109,7.717,8.011,7.655,8.207,7.664,7.51,7.801,7.797,7.856,8.591,7.71,7.986,8.237,7.879,8.05,7.879
1433.03,18,8.096,7.881,7.608,8.029,6.987,7.612,7.572,8.111,7.687,7.97,7.708,8.219,7.635,7.495,7.857,7.79,7.878,8.659,7.75,8.086,8.269,7.868,7.92,7.882
1434.03,18,8.013,7.858,7.658,8.163,6.987,7.605,7.611,8.16,7.744,8.054,7.667,8.185,7.659,7.495,7.776,7.78,7.786,8.707,7.75,8.058,8.267,7.828,7.969,7.872
1435.03,18,8.017,7.888,7.586,8.089,6.994,7.576,7.64,8.073,7.72,7.948,7.663,8.258,7.647,7.484,7.824,7.719,7.859,8.658,7.699,7.992,8.298,7.866,8.047,7.923
1436.03,18,7.999,7.88,7.57,8.091,6.977,7.554,7.559,8.103,7.723,7.947,7.692,8.182,7.66,7.505,7.781,7.771,7.83,8.622,7.706,8.075,8.274,7.858,8.033,7.925
1437.03,18,8.01,7.817,7.612,8.135,6.964,7.613,7.57,8.044,7.733,7.996,7.663,8.228,7.678,7.533,7.793,7.737,7.866,8.619,7.743,8.066,8.14,7.821,8.003,7.947
1438.03,18,8.057,7.847,7.677,8.031,6.977,7.551,7.628,8.063,7.659,7.946,7.647,8.227,7.69,7.538,7.755,7.783,7.829,8.669,7.69,8.04,8.229,7.882,8.002,7.908
1439.03,18,8.041,7.9,7.489,8.103,6.962,7.547,7.637,8.039,7.754,7.934,7.734,8.266,7.661,7.454,7.749,7.799,7.899,8.575,7.689,8.025,8.214,7.84,8.028,7.868
1440.03,18,8.056,7.84,7.572,8.08,6.978,7.526,7.528,8.126,7.754,7.916,7.681,8.207,7.692,7.462,7.766,7.758,7.886,8.653,7.678,7.984,8.294,7.826,7.969,7.846
1441.03,18,8.068,7.848,7.608,8.148,6.982,7.576,7.588,8.056,7.716,8.035,7.687,8.214,7.698,7.49,7.724,7.763,7.899,8.556,7.787,7.981,8.195,7.784,8.024,7.852
1442.03,18,8.009,7.791,7.584,8.095,6.982,7.631,7.562,8.115,7.748,7.986,7.645,8.26,7.643,7.491,7.828,7.746,7.89,8.662,7.706,7.931,8.23,7.879,8.026,7.897
1443.03,18,7.969,7.797,7.596,8.049,6.942,7.535,7.649,8.062,7.685,7.972,7.671,8.256,7.7,7.489,7.792,7.773,7.881,8.667,7.67,8.036,8.18,7.913,7.986,7.809
1444.03,18,8.045,7.836,7.63,8.17,7.019,7.557,7.597,8.082,7.741,7.935,7.671,8.148,7.646,7.51,7.75,7.81,7.883,8.614,7.729,8.052,8.264,7.897,8.04,7.819
1445.03,18,7.974,7.801,7.52,8.081,6.958,7.556,7.544,8.091,7.672,7.903,7.669,8.208,7.685,7.482,7.785,7.759,7.879,8.661,7.65,8.016,8.286,7.877,7.994,7.923
1446.03,18,8.01,7.789,7.585,8.125,6.947,7.583,7.64,8.098,7.697,7.936,7.685,8.205,7.677,7.499,7.809,7.761,7.831,8.608,7.727,7.991,8.242,7.835,7.976,7.865
1447.03,18,8.02,7.746,7.506,8.099,7.01,7.524,7.599,8.029,7.81,7.962,7.706,8.218,7.644,7.503,7.787,7.798,7.916,8.625,7.776,8.02,8.245,7.849,8.068,7.771
1448.03,18,7.941,7.779,7.644,8.04,6.885,7.541,7.607,8.034,7.727,7.956,7.654,8.204,7.664,7.462,7.794,7.715,7.858,8.692,7.752,8.027,8.256,7.883,8.063,7.835
1449.03,18,7.966,7.833,7.6,8.131,6.943,7.584,7.576,8.087,7.72,8.034,7.667,8.253,7.658,7.523,7.805,7.771,7.895,8.66,7.646,8.006,8.232,7.851,7.963,7.837
1450.03,18,8.03,7.785,7.63,8.149,6.942,7.608,7.611,8.104,7.707,7.972,7.679,8.187,7.69,7.448,7.791,7.778,7.902,8.621,7.683,7.987,8.218,7.858,8.023,7.878
1451.03,18,7.988,7.834,7.518,8.022,6.976,7.586,7.606,8.057,7.685,8.039,7.682,8.183,7.595,7.567,7.756,7.815,7.795,8.622,7.707,7.997,8.263,7.867,8.012,7.895
1452.03,18,7.923,7.805,7.555,8.135,6.964,7.606,7.647,8.028,7.729,7.974,7.67,8.218,7.716,7.544,7.802,7.757,7.904,8.647,7.7,7.907,8.262,7.868,7.95,7.906
1453.03,18,8.023,7.807,7.571,8.072,6.98,7.561,7.585,8.079,7.686,7.959,7.673,8.206,7.668,7.479,7.721,7.819,7.882,8.581,7.737,8.049,8.205,7.858,8.021,7.859
1454.03,18,8.041,7.833,7.594,8.081,6.981,7.595,7.596,8.103,7.733,7.983,7.638,8.249,7.597,7.562,7.678,7.705,7.945,8.631,7.686,8.035,8.149,7.81,8.041,7.83
1455.03,18,7.988,7.831,7.544,8.073,6.953,7.586,7.604,8.052,7.724,7.897,7.669,8.215,7.673,7.442,7.713,7.789,7.859,8.633,7.699,7.991,8.24,7.853,8.089,7.843
1456.03,18,8.047,7.825,7.593,8.116,6.949,7.502,7.595,8.057,7.676,7.988,7.651,8.213,7.614,7.485,7.793,7.737,7.784,8.593,7.687,7.985,8.231,7.818,8.024,7.858
1457.03,18,8.006,7.86,7.529,8.132,6.924,7.589,7.582,8.053,7.681,7.908,7.687,8.234,7.632,7.478,7.767,7.771,7.883,8.617,7.702,8.029,8.223,7.898,7.991,7.916
1458.03,18,8.006,7.861,7.595,8.041,6.963,7.556,7.624,8.063,7.729,7.962,7.652,8.18,7.638,7.519,7.752,7.717,7.886,8.543,7.686,7.98,8.195,7.857,8.02,7.889
1459.03,18,8.002,7.788,7.57,8.11,6.886,7.542,7.581,8.044,7.736,7.966,7.597,8.187,7.63,7.553,7.762,7.722,7.825,8.629,7.675,8.007,8.177,7.85,8.017,7.856
1460.03,18,8.037,7.792,7.629,8.06,6.947,7.541,7.598,8.066,7.684,7.951,7.618,8.268,7.623,7.446,7.778,7.805,7.883,8.622,7.706,8.067,8.275,7.83,8.045,7.882
1461.03,18,8.032,7.787,7.545,8.165,6.89,7.593,7.549,8.086,7.757,7.905,7.631,8.243,7.634,7.468,7.744,7.728,7.914,8.61,7.663,8.022,8.273,7.832,7.946,7.86
1462.03,18,8.004,7.807,7.577,8.096,6.992,7.599,7.603,8.054,7.717,8.005,7.67,8.182,7.577,7.481,7.861,7.787,7.889,8.626,7.698,8.051,8.255,7.844,8.026,7.846
1463.03,18,8,7.793,7.507,8.093,6.898,7.613,7.624,8.006,7.69,7.958,7.642,8.231,7.654,7.506,7.689,7.76,7.879,8.571,7.67,7.982,8.205,7.854,7.952,7.855
1464.03,18,8.012,7.781,7.565,8.118,6.956,7.566,7.551,8.092,7.75,7.879,7.676,8.223,7.636,7.491,7.738,7.768,7.803,8.62,7.72,8.031,8.274,7.834,8.011,7.802
1465.03,18,8.053,7.761,7.543,8.067,7.051,7.504,7.535,8.047,7.68,7.945,7.655,8.241,7.617,7.464,7.782,7.776,7.82,8.575,7.722,8.084,8.225,7.846,8.02,7.859
1466.03,18,7.989,7.858,7.55,8.056,6.925,7.597,7.641,8.034,7.697,7.923,7.681,8.196,7.629,7.424,7.779,7.74,7.853,8.654,7.759,7.993,8.204,7.855,7.953,7.864
1467.03,18,7.986,7.811,7.49,8.069,6.953,7.603,7.597,8.037,7.723,7.9,7.654,8.201,7.698,7.462,7.745,7.779,7.764,8.57,7.69,8,8.234,7.816,8.04,7.781
1468.03,18,8.003,7.801,7.587,8.095,6.963,7.58,7.638,8.03,7.73,7.95,7.653,8.189,7.649,7.422,7.698,7.726,7.869,8.594,7.719,8.007,8.166,7.845,7.965,7.883
1469.03,18,8.01,7.782,7.543,8.028,6.955,7.589,7.545,8.018,7.759,7.946,7.62,8.173,7.617,7.463,7.807,7.811,7.795,8.56,7.702,7.991,8.222,7.82,8.065,7.851
1470.03,18,8.023,7.838,7.585,8.098,6.93,7.573,7.613,8.092,7.753,7.918,7.636,8.132,7.616,7.477,7.829,7.673,7.82,8.613,7.676,7.987,8.174,7.817,8.014,7.9
1471.03,18,7.98,7.786,7.574,8.004,6.984,7.555,7.589,8.018,7.733,7.942,7.69,8.24,7.666,7.506,7.717,7.758,7.811,8.65,7.693,7.99,8.206,7.719,8.043,7.921
1472.03,18,8.003,7.835,7.515,8.091,6.97,7.559,7.609,8.026,7.686,7.963,7.624,8.163,7.603,7.475,7.762,7.811,7.88,8.6,7.655,7.994,8.176,7.835,8.028,7.875
1473.03,18,8.007,7.731,7.581,8.027,6.942,7.571,7.56,8.066,7.688,7.9,7.621,8.199,7.639,7.442,7.767,7.745,7.845,8.624,7.726,8.053,8.225,7.879,7.964,7.832
1474.03,18,7.999,7.799,7.557,8.1,6.945,7.617,7.595,8.019,7.76,7.988,7.634,8.124,7.606,7.467,7.746,7.725,7.838,8.603,7.682,8.022,8.26,7.83,7.963,7.9
1475.03,18,7.969,7.823,7.492,8.082,6.956,7.57,7.589,8.059,7.721,7.974,7.652,8.21,7.564,7.425,7.723,7.688,7.834,8.54,7.649,8.039,8.154,7.822,8.022,7.849
1476.03,18,7.989,7.774,7.552,8.101,6.879,7.567,7.578,8.035,7.707,7.954,7.599,8.092,7.573,7.458,7.751,7.769,7.838,8.604,7.627,8.023,8.221,7.901,7.997,7.822
1477.03,18,7.936,7.791,7.583,8.086,6.912,7.524,7.554,8.025,7.679,7.952,7.654,8.19,7.627,7.487,7.755,7.749,7.833,8.643,7.688,8.022,8.197,7.849,7.935,7.849
1478.03,18,8.004,7.766,7.556,8.084,6.885,7.539,7.575,8.083,7.685,7.931,7.679,8.207,7.643,7.446,7.791,7.779,7.904,8.63,7.695,8.025,8.242,7.774,7.96,7.866
1479.03,18,7.986,7.799,7.603,8.055,6.93,7.553,7.553,8.027,7.699,7.925,7.62,8.181,7.603,7.505,7.727,7.801,7.846,8.608,7.73,8.067,8.194,7.788,7.963,7.835
1480.03,18,7.98,7.775,7.526,8.029,6.967,7.524,7.58,8.029,7.685,7.927,7.681,8.184,7.656,7.541,7.78,7.678,7.865,8.552,7.692,7.976,8.2,7.845,8.003,7.798
1481.03,18,8.022,7.842,7.599,8.12,6.941,7.569,7.623,8.046,7.669,7.877,7.638,8.222,7.676,7.384,7.759,7.761,7.891,8.551,7.63,7.988,8.161,7.829,7.937,7.868
1482.03,18,8.005,7.768,7.512,8.064,6.93,7.606,7.661,8.063,7.695,7.91,7.624,8.168,7.605,7.48,7.779,7.693,7.792,8.61,7.746,8.038,8.189,7.898,7.966,7.882
1483.03,18,8.018,7.853,7.509,8.066,6.922,7.536,7.578,8.018,7.666,7.906,7.673,8.172,7.594,7.465,7.747,7.704,7.802,8.65,7.671,8.053,8.204,7.743,7.954,7.784
1484.03,18,7.996,7.794,7.54,8.107,6.897,7.463,7.608,8.082,7.693,7.965,7.668,8.138,7.586,7.48,7.791,7.735,7.849,8.603,7.679,7.981,8.207,7.765,8.019,7.813
1485.03,18,7.99,7.77,7.564,8.005,6.915,7.579,7.502,8.009,7.703,7.967,7.694,8.237,7.59,7.438,7.751,7.736,7.784,8.578,7.68,7.981,8.176,7.805,8.001,7.861
1486.03,18,8.01,7.824,7.533,8.034,6.94,7.518,7.641,8.047,7.724,7.947,7.634,8.199,7.648,7.452,7.739,7.737,7.865,8.598,7.7,8.004,8.221,7.736,7.826,7.832
1487.03,18,8.065,7.754,7.525,8.06,6.915,7.497,7.565,8.038,7.639,7.913,7.661,8.21,7.65,7.449,7.722,7.752,7.82,8.57,7.607,7.995,8.166,7.772,7.904,7.819
1488.03,18,7.968,7.815,7.479,8.03,6.947,7.493,7.619,8.051,7.675,8.005,7.593,8.113,7.597,7.468,7.743,7.708,7.874,8.55,7.7,7.95,8.234,7.825,7.989,7.868
1489.03,18,8.039,7.783,7.555,8.057,6.954,7.532,7.575,8.065,7.723,7.873,7.616,8.179,7.687,7.451,7.752,7.693,7.832,8.605,7.602,8.025,8.186,7.826,7.959,7.837
1490.03,18,7.971,7.747,7.596,8.015,6.903,7.558,7.567,7.981,7.618,7.906,7.593,8.12,7.629,7.459,7.752,7.65,7.841,8.638,7.69,8.035,8.181,7.811,7.953,7.86
1491.03,18,8.003,7.8,7.47,8.105,6.934,7.524,7.607,8.006,7.667,7.929,7.612,8.16,7.649,7.447,7.8,7.72,7.807,8.639,7.727,8.024,8.195,7.867,7.985,7.847
1492.03,18,7.956,7.79,7.576,8.076,6.913,7.661,7.584,8.026,7.66,7.876,7.621,8.11,7.562,7.443,7.746,7.696,7.787,8.617,7.687,7.965,8.212,7.781,7.962,7.79
1493.03,18,8.012,7.778,7.571,8.043,6.895,7.527,7.631,8.049,7.677,7.921,7.616,8.211,7.614,7.409,7.77,7.765,7.814,8.582,7.666,8.027,8.167,7.799,7.959,7.817
1494.03,18,8.032,7.736,7.516,8.075,6.943,7.57,7.555,8.043,7.711,7.921,7.538,8.176,7.615,7.445,7.736,7.763,7.817,8.596,7.682,7.973,8.2,7.793,7.909,7.895
1495.03,18,7.983,7.872,7.508,8.088,6.95,7.511,7.51,8.017,7.622,7.903,7.671,8.17,7.65,7.454,7.773,7.723,7.857,8.552,7.653,7.975,8.176,7.822,7.951,7.883
1496.03,18,7.996,7.78,7.614,8.067,6.887,7.519,7.558,8.048,7.699,7.925,7.61,8.159,7.636,7.403,7.741,7.743,7.761,8.599,7.698,8.025,8.247,7.738,7.972,7.926
1497.03,18,8.014,7.82,7.525,8.038,6.913,7.518,7.585,8.034,7.643,7.887,7.693,8.169,7.612,7.479,7.704,7.722,7.829,8.566,7.69,7.996,8.136,7.795,8.013,7.798
1498.03,18,7.952,7.735,7.534,8.016,6.916,7.535,7.611,8.097,7.673,7.936,7.636,8.125,7.61,7.425,7.767,7.718,7.868,8.574,7.689,7.959,8.266,7.776,7.928,7.828
1499.03,18,8.021,7.827,7.561,8.081,6.885,7.553,7.551,8.044,7.652,7.894,7.617,8.109,7.6,7.455,7.717,7.734,7.85,8.538,7.653,7.969,8.182,7.757,7.972,7.816
1500.03,18,7.969,7.775,7.522,8.021,6.935,7.521,7.576,8.014,7.697,7.922,7.599,8.189,7.709,7.496,7.737,7.772,7.858,8.633,7.69,7.957,8.211,7.761,7.998,7.85
1501.03,18,8.02,7.783,7.571,8.013,6.924,7.494,7.545,8.001,7.638,7.921,7.63,8.167,7.603,7.457,7.696,7.741,7.832,8.635,7.654,7.97,8.196,7.842,7.94,7.79
1502.03,18,8.023,7.768,7.59,8.021,6.871,7.534,7.567,7.971,7.623,7.985,7.616,8.132,7.654,7.361,7.715,7.67,7.825,8.577,7.689,8.053,8.165,7.801,7.987,7.884
1503.03,18,7.971,7.751,7.504,7.995,6.89,7.595,7.511,8.002,7.732,7.883,7.591,8.166,7.541,7.462,7.692,7.702,7.812,8.572,7.663,7.956,8.096,7.748,7.961,7.797
1504.03,18,7.982,7.773,7.505,8.072,6.874,7.479,7.498,8.053,7.622,7.969,7.649,8.171,7.623,7.451,7.732,7.675,7.856,8.489,7.679,7.995,8.225,7.847,7.955,7.836
1505.03,18,7.953,7.77,7.583,8.034,6.887,7.571,7.585,8.059,7.719,7.871,7.583,8.15,7.599,7.468,7.799,7.743,7.786,8.593,7.702,7.935,8.176,7.789,7.963,7.828
1506.03,18,8.015,7.846,7.575,8.011,6.913,7.555,7.583,7.987,7.709,7.928,7.595,8.087,7.577,7.446,7.706,7.698,7.879,8.55,7.633,7.947,8.229,7.861,7.935,7.784
1507.03,18,7.91,7.752,7.552,8.054,6.822,7.533,7.56,8.048,7.603,7.886,7.603,8.084,7.589,7.422,7.712,7.709,7.838,8.653,7.716,7.989,8.263,7.847,8.002,7.85
1508.03,18,7.985,7.807,7.499,8.045,6.897,7.491,7.535,7.986,7.635,7.898,7.589,8.223,7.551,7.441,7.648,7.721,7.799,8.587,7.734,7.985,8.199,7.817,7.999,7.876
1509.03,18,7.926,7.798,7.557,8.007,6.92,7.52,7.538,8.022,7.65,7.946,7.654,8.169,7.632,7.407,7.698,7.688,7.844,8.558,7.672,7.965,8.128,7.808,7.952,7.918
1510.03,18,7.946,7.756,7.519,8.056,6.898,7.515,7.509,8.104,7.624,7.912,7.644,8.115,7.578,7.453,7.741,7.668,7.813,8.552,7.674,7.974,8.111,7.826,7.946,7.829
1511.03,18,7.99,7.756,7.514,8.053,6.847,7.473,7.593,8.04,7.612,7.846,7.54,8.151,7.621,7.369,7.751,7.751,7.76,8.599,7.719,7.944,8.139,7.854,7.918,7.815
1512.03,18,7.959,7.763,7.506,8.051,6.925,7.555,7.55,8.045,7.609,7.954,7.636,8.089,7.609,7.443,7.721,7.747,7.763,8.569,7.666,8,8.147,7.835,7.929,7.874
1513.03,18,7.948,7.771,7.556,8.014,6.901,7.608,7.579,7.999,7.614,7.924,7.6,8.176,7.553,7.432,7.752,7.753,7.818,8.613,7.737,7.97,8.205,7.814,8.006,7.837
1514.03,18,7.968,7.673,7.512,8.084,6.911,7.52,7.524,7.989,7.651,7.94,7.545,8.168,7.568,7.394,7.723,7.72,7.804,8.532,7.698,7.976,8.132,7.731,7.945,7.81
1515.03,18,7.995,7.748,7.54,8.02,6.921,7.502,7.52,7.984,7.684,7.924,7.565,8.161,7.571,7.454,7.749,7.768,7.823,8.578,7.65,8.003,8.199,7.883,7.94,7.871
1516.03,18,8.035,7.755,7.556,8.043,6.894,7.558,7.593,7.991,7.627,7.89,7.624,8.088,7.635,7.46,7.7,7.732,7.807,8.504,7.63,8.018,8.223,7.749,7.976,7.813
1517.03,18,7.969,7.826,7.547,8.002,6.874,7.531,7.61,8.02,7.656,7.871,7.602,8.154,7.562,7.439,7.752,7.759,7.816,8.54,7.669,7.974,8.136,7.772,7.934,7.815
1518.03,18,8.061,7.801,7.543,8.095,6.865,7.499,7.485,7.997,7.629,7.892,7.605,8.163,7.639,7.419,7.714,7.741,7.824,8.547,7.732,7.948,8.213,7.824,7.946,7.767
1519.03,18,7.936,7.782,7.493,8.024,6.841,7.538,7.545,7.996,7.661,7.908,7.531,8.122,7.612,7.442,7.722,7.728,7.767,8.582,7.659,7.956,8.164,7.785,7.957,7.824
1520.03,18,7.958,7.711,7.518,8.062,6.846,7.466,7.543,8,7.623,7.928,7.598,8.188,7.655,7.43,7.727,7.79,7.805,8.497,7.625,7.962,8.163,7.763,7.974,7.785
1521.03,18,7.988,7.773,7.471,8.079,6.859,7.526,7.517,7.995,7.692,7.945,7.555,8.197,7.579,7.406,7.69,7.677,7.794,8.637,7.641,7.966,8.152,7.749,7.914,7.792
1522.03,18,7.965,7.741,7.551,8.008,6.916,7.469,7.519,7.998,7.683,7.808,7.609,8.143,7.573,7.456,7.662,7.631,7.751,8.498,7.704,7.903,8.202,7.716,7.951,7.777
1523.03,18,7.974,7.777,7.526,7.989,6.899,7.538,7.564,8.008,7.67,7.878,7.594,8.142,7.624,7.472,7.625,7.691,7.75,8.645,7.653,7.995,8.216,7.841,7.897,7.822
1524.03,18,7.927,7.81,7.468,8.011,6.922,7.535,7.593,7.996,7.613,7.919,7.614,8.126,7.635,7.465,7.709,7.693,7.798,8.552,7.715,7.932,8.216,7.84,7.986,7.779
1525.03,18,7.996,7.819,7.495,8.017,6.797,7.537,7.542,8.028,7.666,7.899,7.571,8.109,7.562,7.422,7.718,7.65,7.814,8.572,7.664,8.036,8.235,7.8,7.956,7.796
1526.03,18,7.951,7.76,7.522,7.995,6.829,7.552,7.532,8.055,7.619,7.857,7.586,8.144,7.564,7.417,7.722,7.725,7.772,8.564,7.63,7.945,8.172,7.718,7.916,7.88
1527.03,18,7.954,7.811,7.526,8.025,6.856,7.556,7.507,8.015,7.617,7.862,7.589,8.184,7.619,7.432,7.658,7.665,7.749,8.583,7.62,7.943,8.14,7.795,8,7.829
1528.03,18,8.008,7.772,7.516,7.944,6.834,7.5,7.543,7.999,7.605,7.964,7.644,8.154,7.601,7.408,7.741,7.728,7.787,8.576,7.648,7.923,8.161,7.801,7.888,7.769
1529.03,18,7.938,7.741,7.48,8.089,6.819,7.462,7.525,7.993,7.622,7.931,7.506,8.214,7.556,7.404,7.673,7.707,7.8,8.606,7.63,8.043,8.136,7.795,7.919,7.763
1530.03,18,7.953,7.717,7.519,8.005,6.832,7.494,7.502,8.053,7.692,7.89,7.532,8.132,7.552,7.411,7.707,7.707,7.782,8.617,7.631,7.956,8.207,7.794,7.992,7.865
1531.03,18,7.958,7.737,7.52,8.023,6.895,7.474,7.583,7.962,7.685,7.836,7.608,8.096,7.597,7.428,7.715,7.696,7.795,8.606,7.656,7.961,8.156,7.842,8.021,7.784
1532.03,18,7.962,7.729,7.505,8.024,6.852,7.468,7.507,7.976,7.628,7.876,7.561,8.13,7.561,7.404,7.698,7.7,7.787,8.554,7.612,7.944,8.208,7.789,7.95,7.779
1533.03,18,7.961,7.697,7.531,7.97,6.881,7.473,7.595,8.014,7.659,7.903,7.517,8.14,7.626,7.399,7.625,7.643,7.78,8.531,7.635,7.98,8.165,7.737,7.889,7.844
1534.03,18,7.968,7.755,7.542,7.993,6.887,7.561,7.505,8.027,7.64,7.939,7.604,8.038,7.565,7.416,7.76,7.751,7.789,8.529,7.65,8.034,8.146,7.775,7.917,7.76
1535.03,18,7.966,7.796,7.551,8.001,6.907,7.49,7.563,7.944,7.562,7.941,7.598,8.142,7.614,7.404,7.722,7.704,7.744,8.503,7.676,7.979,8.213,7.767,8,7.791
1536.03,18,7.961,7.767,7.54,7.979,6.904,7.537,7.589,7.953,7.602,7.87,7.497,8.152,7.558,7.437,7.699,7.672,7.77,8.571,7.664,7.938,8.111,7.764,7.891,7.772
1537.03,18,7.957,7.72,7.492,8.032,6.872,7.523,7.512,8.014,7.663,7.848,7.609,8.176,7.578,7.373,7.684,7.689,7.738,8.686,7.637,7.96,8.131,7.779,7.867,7.854
1538.03,18,7.957,7.744,7.488,7.956,6.855,7.474,7.516,8.015,7.65,7.865,7.61,8.126,7.585,7.418,7.681,7.709,7.763,8.629,7.665,7.924,8.144,7.802,7.95,7.824
1539.03,18,7.988,7.758,7.558,7.975,6.857,7.468,7.588,8.02,7.663,7.929,7.594,8.096,7.584,7.39,7.722,7.658,7.838,8.581,7.688,7.962,8.143,7.804,7.923,7.854
1540.03,18,7.897,7.743,7.538,8.005,6.852,7.436,7.55,8.004,7.688,7.86,7.639,8.143,7.611,7.373,7.687,7.724,7.726,8.556,7.626,7.953,8.088,7.759,7.928,7.861
1541.03,18,7.935,7.711,7.527,8.055,6.846,7.492,7.555,7.983,7.629,7.87,7.54,8.17,7.582,7.389,7.66,7.719,7.734,8.486,7.63,7.971,8.192,7.844,7.984,7.712
1542.03,18,7.982,7.718,7.466,8.03,6.841,7.536,7.557,8.007,7.633,7.879,7.486,8.113,7.572,7.436,7.73,7.69,7.73,8.557,7.666,8.009,8.182,7.728,8.009,7.867
1543.03,18,7.976,7.729,7.445,8.029,6.804,7.471,7.5,7.914,7.632,7.887,7.558,8.201,7.584,7.43,7.736,7.669,7.754,8.543,7.71,7.963,8.143,7.8,7.967,7.806
1544.03,18,7.974,7.727,7.432,7.943,6.919,7.573,7.485,7.919,7.607,7.935,7.532,8.076,7.591,7.383,7.661,7.66,7.789,8.496,7.666,7.93,8.194,7.738,7.976,7.777
1545.03,18,8.002,7.705,7.55,7.985,6.877,7.504,7.58,7.978,7.612,7.879,7.617,8.216,7.521,7.331,7.704,7.697,7.788,8.539,7.723,7.943,8.2,7.774,7.954,7.81
1546.03,18,7.954,7.804,7.489,7.967,6.815,7.535,7.529,7.987,7.666,7.859,7.525,8.074,7.596,7.418,7.714,7.699,7.786,8.494,7.648,7.951,8.174,7.727,7.958,7.823
1547.03,18,8.016,7.721,7.483,7.974,6.854,7.485,7.517,8.057,7.57,7.871,7.55,8.096,7.606,7.406,7.68,7.698,7.775,8.528,7.683,7.988,8.125,7.813,7.945,7.847
1548.03,18,7.988,7.764,7.553,7.966,6.891,7.519,7.556,7.963,7.637,7.854,7.535,8.113,7.584,7.403,7.668,7.697,7.819,8.589,7.634,7.944,8.165,7.79,7.91,7.782
1549.03,18,7.985,7.764,7.513,8.007,6.811,7.549,7.537,8.015,7.65,7.882,7.516,8.106,7.593,7.35,7.69,7.703,7.778,8.584,7.672,7.98,8.188,7.754,7.94,7.78
1550.03,18,7.939,7.788,7.446,7.95,6.858,7.48,7.555,8.052,7.687,7.917,7.53,8.18,7.552,7.332,7.688,7.672,7.759,8.544,7.674,7.94,8.086,7.728,7.94,7.845
1551.03,18,8.001,7.689,7.467,7.937,6.844,7.558,7.548,8.02,7.623,7.836,7.498,8.136,7.625,7.354,7.65,7.699,7.776,8.562,7.632,7.939,8.15,7.74,7.967,7.796
1552.03,18,8.012,7.719,7.497,8.006,6.858,7.547,7.531,7.982,7.524,7.998,7.572,8.066,7.597,7.359,7.725,7.764,7.782,8.547,7.62,8.001,8.21,7.762,7.959,7.794
1553.03,18,7.932,7.709,7.41,7.979,6.825,7.47,7.525,7.964,7.632,7.914,7.587,8.092,7.525,7.409,7.666,7.71,7.733,8.464,7.633,7.883,8.074,7.753,7.911,7.77
1554.03,18,7.913,7.848,7.446,7.974,6.765,7.446,7.502,8.016,7.584,7.829,7.543,8.148,7.611,7.342,7.696,7.641,7.751,8.521,7.621,7.949,8.204,7.762,7.96,7.744
1555.03,18,7.899,7.757,7.52,8.012,6.831,7.534,7.524,7.974,7.58,7.853,7.521,8.129,7.601,7.348,7.708,7.669,7.694,8.526,7.63,7.953,8.164,7.792,7.917,7.882
1556.03,18,7.958,7.679,7.43,7.927,6.86,7.491,7.486,7.937,7.656,7.844,7.556,8.047,7.6,7.417,7.638,7.675,7.705,8.562,7.642,7.934,8.208,7.71,8.004,7.872
1557.03,18,7.967,7.787,7.483,7.879,6.816,7.451,7.525,8.002,7.558,7.879,7.57,8.132,7.574,7.368,7.714,7.654,7.76,8.607,7.638,7.914,8.156,7.824,7.918,7.85
1558.03,18,7.998,7.704,7.426,7.99,6.823,7.462,7.499,7.93,7.603,7.917,7.568,8.135,7.557,7.448,7.691,7.618,7.727,8.552,7.628,7.992,8.126,7.781,7.892,7.777
1559.03,18,7.94,7.73,7.454,7.957,6.88,7.453,7.543,7.97,7.613,7.854,7.554,8.104,7.601,7.368,7.645,7.676,7.785,8.579,7.599,7.946,8.132,7.708,7.915,7.765
1560.03,18,7.923,7.788,7.463,7.975,6.861,7.48,7.524,7.987,7.596,7.878,7.559,8.081,7.589,7.354,7.764,7.644,7.787,8.563,7.544,7.957,8.175,7.757,7.945,7.824
1561.03,18,8.021,7.669,7.492,7.997,6.903,7.441,7.552,7.96,7.584,7.917,7.531,8.137,7.629,7.3,7.703,7.657,7.79,8.513,7.623,7.962,8.219,7.737,7.961,7.769
1562.03,18,7.938,7.74,7.443,8.05,6.837,7.414,7.517,7.933,7.612,7.875,7.607,8.102,7.607,7.324,7.719,7.646,7.791,8.534,7.657,7.971,8.14,7.793,7.892,7.792
1563.03,18,7.975,7.752,7.451,7.989,6.884,7.536,7.514,8.021,7.565,7.882,7.528,8.126,7.536,7.394,7.663,7.665,7.724,8.586,7.626,7.974,8.14,7.761,7.936,7.783
1564.03,18,7.932,7.762,7.48,7.937,6.861,7.511,7.48,7.983,7.565,7.873,7.55,8.148,7.541,7.421,7.685,7.639,7.776,8.507,7.665,7.938,8.208,7.711,7.999,7.783
1565.03,18,7.94,7.709,7.427,7.964,6.845,7.529,7.479,8.023,7.581,7.811,7.528,8.081,7.57,7.38,7.666,7.66,7.754,8.51,7.594,7.992,8.135,7.748,7.95,7.792
1566.03,18,8.009,7.747,7.493,8.006,6.833,7.471,7.53,7.933,7.668,7.852,7.591,8.102,7.598,7.353,7.713,7.642,7.734,8.534,7.598,7.943,8.159,7.783,7.884,7.851
1567.03,18,7.992,7.76,7.461,7.91,6.837,7.505,7.513,7.961,7.598,7.851,7.495,8.055,7.593,7.307,7.666,7.662,7.768,8.529,7.648,7.978,8.22,7.809,7.95,7.777
1568.03,18,7.898,7.73,7.472,7.971,6.826,7.482,7.534,7.987,7.563,7.897,7.474,8.107,7.562,7.296,7.706,7.678,7.717,8.501,7.571,7.906,8.145,7.732,8.009,7.844
1569.03,18,7.932,7.748,7.45,7.938,6.831,7.444,7.444,7.992,7.588,7.847,7.542,8.056,7.585,7.409,7.77,7.662,7.793,8.496,7.668,7.9,8.209,7.803,7.864,7.73
1570.03,18,7.92,7.735,7.444,7.953,6.789,7.473,7.497,7.966,7.598,7.828,7.519,8.09,7.507,7.314,7.606,7.685,7.737,8.536,7.635,7.901,8.107,7.762,7.928,7.825
1571.03,18,7.907,7.695,7.45,7.935,6.829,7.495,7.514,7.991,7.617,7.829,7.523,8.079,7.562,7.353,7.734,7.706,7.76,8.488,7.624,7.907,8.135,7.81,7.9,7.761
1572.03,18,8.005,7.758,7.433,7.964,6.805,7.52,7.452,7.955,7.521,7.928,7.579,8.122,7.61,7.367,7.646,7.685,7.729,8.561,7.651,7.944,8.155,7.77,7.949,7.785
1573.03,18,8,7.734,7.438,7.909,6.835,7.533,7.537,7.871,7.569,7.813,7.55,8.05,7.551,7.368,7.65,7.646,7.736,8.502,7.58,7.94,8.192,7.704,7.881,7.886
1574.03,18,7.978,7.662,7.407,7.912,6.811,7.527,7.51,7.923,7.561,7.888,7.553,8.105,7.56,7.407,7.718,7.647,7.681,8.535,7.674,7.901,8.166,7.713,7.921,7.794
1575.03,18,7.919,7.724,7.406,7.992,6.852,7.484,7.582,7.992,7.619,7.867,7.527,8.15,7.524,7.403,7.659,7.675,7.727,8.534,7.608,7.985,8.189,7.77,7.961,7.769
1576.03,18,7.993,7.719,7.527,7.996,6.839,7.483,7.523,7.894,7.59,7.879,7.537,8.07,7.595,7.421,7.689,7.74,7.694,8.551,7.633,7.966,8.168,7.704,7.885,7.821
1577.03,18,7.958,7.725,7.469,7.947,6.83,7.467,7.545,7.997,7.655,7.879,7.541,7.988,7.562,7.386,7.698,7.65,7.737,8.533,7.57,7.986,8.181,7.716,7.894,7.685
1578.03,18,7.943,7.659,7.475,7.906,6.811,7.507,7.572,7.93,7.54,7.871,7.46,8.062,7.625,7.279,7.721,7.629,7.655,8.552,7.602,7.964,8.177,7.72,7.929,7.726
1579.03,18,7.893,7.771,7.489,7.98,6.8,7.469,7.469,7.979,7.648,7.814,7.553,8.051,7.551,7.327,7.692,7.646,7.742,8.593,7.625,7.882,8.199,7.726,7.924,7.812
1580.03,18,7.948,7.656,7.467,7.959,6.773,7.508,7.554,7.971,7.599,7.872,7.535,8.106,7.573,7.398,7.663,7.705,7.712,8.492,7.656,7.913,8.153,7.722,7.867,7.799
1581.03,18,7.919,7.666,7.438,8.008,6.8,7.47,7.491,7.927,7.556,7.797,7.456,8.152,7.523,7.376,7.645,7.677,7.738,8.497,7.643,7.93,8.132,7.765,7.914,7.829
1582.03,18,7.884,7.682,7.416,7.96,6.748,7.411,7.475,7.919,7.572,7.872,7.557,8.087,7.593,7.305,7.636,7.69,7.66,8.529,7.672,7.942,8.192,7.727,7.927,7.775
1583.03,18,7.951,7.723,7.454,7.926,6.844,7.49,7.475,7.993,7.549,7.796,7.509,8.129,7.533,7.422,7.718,7.658,7.683,8.555,7.651,7.96,8.134,7.644,7.904,7.859
1584.03,18,7.911,7.655,7.452,7.956,6.8,7.446,7.529,7.973,7.533,7.873,7.427,8.147,7.526,7.376,7.691,7.684,7.747,8.547,7.627,7.969,8.108,7.716,7.893,7.806
1585.03,18,7.869,7.703,7.514,7.981,6.883,7.562,7.545,7.963,7.637,7.833,7.567,8.098,7.553,7.333,7.664,7.678,7.742,8.467,7.647,7.935,8.168,7.822,7.937,7.783
1586.03,18,7.912,7.749,7.449,7.924,6.776,7.51,7.455,7.91,7.549,7.817,7.521,8.11,7.642,7.355,7.616,7.62,7.711,8.503,7.61,7.863,8.163,7.766,7.876,7.85
1587.03,18,7.976,7.689,7.474,7.953,6.761,7.45,7.514,7.948,7.55,7.897,7.529,8.097,7.496,7.399,7.68,7.669,7.769,8.543,7.602,7.924,8.094,7.771,7.936,7.736
1588.03,18,7.919,7.698,7.45,8.007,6.836,7.478,7.54,7.945,7.567,7.878,7.459,8.094,7.553,7.305,7.661,7.627,7.679,8.468,7.592,7.861,8.144,7.756,7.854,7.787
1589.03,18,7.988,7.706,7.445,7.88,6.794,7.47,7.462,7.95,7.507,7.868,7.505,8.102,7.491,7.352,7.691,7.626,7.713,8.493,7.586,7.932,8.076,7.691,7.925,7.788
1590.03,18,8.012,7.644,7.386,7.919,6.754,7.457,7.518,7.923,7.561,7.818,7.558,8.078,7.589,7.379,7.634,7.595,7.798,8.395,7.618,7.928,8.109,7.74,7.921,7.743
1591.03,18,7.919,7.689,7.425,7.869,6.823,7.476,7.45,7.866,7.572,7.87,7.555,8.108,7.539,7.352,7.67,7.652,7.709,8.505,7.594,7.926,8.144,7.697,7.907,7.781
1592.03,18,7.876,7.712,7.393,7.889,6.772,7.471,7.5,7.957,7.553,7.844,7.501,8.104,7.549,7.331,7.64,7.664,7.7,8.507,7.622,7.907,8.148,7.721,7.892,7.795
1593.03,18,7.89,7.729,7.445,7.977,6.786,7.566,7.517,7.921,7.569,7.83,7.523,8.069,7.575,7.377,7.687,7.645,7.691,8.507,7.584,7.897,8.164,7.727,7.837,7.792
1594.03,18,7.959,7.659,7.51,7.93,6.707,7.491,7.523,7.98,7.59,7.875,7.5,8.057,7.597,7.377,7.621,7.656,7.746,8.535,7.601,7.898,8.126,7.692,7.897,7.786
1595.03,18,7.893,7.661,7.442,7.982,6.863,7.418,7.394,7.913,7.566,7.833,7.511,8.071,7.521,7.308,7.69,7.591,7.721,8.441,7.62,7.942,8.189,7.72,7.94,7.795
1596.03,18,7.946,7.72,7.403,7.869,6.78,7.527,7.513,7.908,7.486,7.841,7.519,8.101,7.577,7.296,7.648,7.61,7.685,8.523,7.646,7.859,8.138,7.725,7.883,7.757
1597.03,18,7.926,7.677,7.399,7.894,6.804,7.397,7.518,7.884,7.528,7.841,7.521,8.03,7.532,7.345,7.593,7.632,7.723,8.496,7.539,7.963,8.12,7.769,7.941,7.763
1598.03,18,7.98,7.679,7.44,7.962,6.792,7.417,7.503,7.914,7.608,7.84,7.547,8.121,7.52,7.286,7.673,7.645,7.735,8.499,7.604,7.937,8.116,7.78,7.913,7.714
1599.03,18,7.941,7.682,7.469,7.93,6.789,7.44,7.469,7.912,7.5,7.86,7.48,8.086,7.482,7.365,7.682,7.615,7.664,8.439,7.632,8.004,8.126,7.714,7.902,7.783
1600.03,18,7.898,7.735,7.42,7.961,6.759,7.483,7.457,7.967,7.556,7.854,7.559,8.1,7.534,7.288,7.744,7.662,7.643,8.475,7.612,7.94,8.17,7.729,7.903,7.849
1601.03,18,7.925,7.704,7.415,7.876,6.768,7.445,7.495,7.904,7.6,7.815,7.501,8.094,7.542,7.392,7.675,7.609,7.713,8.538,7.63,7.9,8.107,7.715,7.887,7.724
1602.03,18,7.917,7.693,7.355,7.934,6.771,7.434,7.463,8,7.512,7.815,7.538,8.059,7.566,7.336,7.65,7.633,7.762,8.511,7.646,7.975,8.162,7.697,7.942,7.779
1603.03,18,7.968,7.705,7.48,7.95,6.82,7.485,7.48,7.935,7.568,7.724,7.503,8.04,7.541,7.329,7.599,7.638,7.759,8.558,7.589,7.94,8.103,7.728,7.922,7.809
1604.03,18,7.943,7.685,7.389,7.921,6.808,7.457,7.508,7.941,7.55,7.849,7.465,8.104,7.562,7.335,7.638,7.62,7.666,8.55,7.587,7.959,8.106,7.691,7.883,7.723
1605.03,18,7.916,7.676,7.369,7.943,6.814,7.474,7.506,7.971,7.549,7.804,7.497,8.073,7.531,7.312,7.647,7.649,7.775,8.516,7.667,7.833,8.155,7.694,7.932,7.743
1606.03,18,7.921,7.656,7.433,7.903,6.771,7.453,7.516,7.931,7.507,7.852,7.484,8.135,7.586,7.359,7.636,7.737,7.756,8.466,7.626,7.913,8.127,7.775,7.84,7.81
1607.03,18,7.972,7.683,7.425,7.939,6.843,7.405,7.517,7.935,7.579,7.839,7.477,8.119,7.534,7.352,7.645,7.593,7.74,8.509,7.623,7.91,8.13,7.78,7.88,7.721
1608.03,18,7.899,7.671,7.383,7.94,6.785,7.508,7.567,7.958,7.599,7.804,7.523,8.048,7.572,7.34,7.701,7.628,7.742,8.438,7.595,7.949,8.113,7.735,7.91,7.842
1609.03,18,7.902,7.674,7.497,7.955,6.808,7.504,7.438,7.89,7.503,7.847,7.534,8.124,7.532,7.3,7.641,7.531,7.699,8.521,7.53,7.866,8.102,7.732,7.854,7.772
1610.03,18,7.864,7.711,7.441,7.932,6.871,7.448,7.509,7.878,7.581,7.876,7.448,8.074,7.576,7.28,7.636,7.627,7.68,8.493,7.668,7.976,8.208,7.756,7.923,7.707
1611.03,18,7.922,7.618,7.363,7.935,6.739,7.458,7.431,7.964,7.588,7.835,7.501,8.094,7.508,7.34,7.697,7.592,7.712,8.461,7.593,7.908,8.148,7.686,7.903,7.807
1612.03,18,7.915,7.669,7.436,7.947,6.762,7.44,7.532,7.958,7.592,7.832,7.52,8.044,7.531,7.396,7.681,7.641,7.676,8.442,7.594,7.943,8.086,7.761,7.836,7.793
1613.03,18,7.912,7.668,7.465,7.934,6.794,7.523,7.513,7.874,7.568,7.784,7.471,8.108,7.523,7.36,7.623,7.637,7.696,8.453,7.615,7.911,8.149,7.669,7.879,7.771
1614.03,18,7.903,7.635,7.424,7.884,6.81,7.464,7.428,7.908,7.515,7.78,7.471,8.011,7.465,7.31,7.673,7.6,7.699,8.479,7.62,7.895,8.131,7.773,7.93,7.708
1615.03,18,7.899,7.692,7.394,7.89,6.755,7.516,7.461,7.903,7.587,7.8,7.471,8.122,7.539,7.3,7.675,7.622,7.71,8.516,7.603,7.954,8.075,7.706,7.904,7.798
1616.03,18,7.86,7.659,7.4,7.88,6.764,7.411,7.492,7.954,7.542,7.837,7.503,7.963,7.584,7.283,7.717,7.635,7.68,8.522,7.653,7.902,8.082,7.701,7.907,7.749
1617.03,18,7.919,7.667,7.358,7.87,6.78,7.452,7.521,7.928,7.575,7.788,7.469,8.053,7.555,7.322,7.604,7.635,7.733,8.45,7.631,7.926,8.088,7.756,7.903,7.789
1618.03,18,7.865,7.7,7.486,7.912,6.822,7.452,7.492,7.936,7.558,7.815,7.446,8.054,7.501,7.352,7.562,7.612,7.719,8.426,7.594,7.892,8.171,7.793,7.811,7.735
1619.03,18,7.914,7.621,7.428,7.952,6.752,7.393,7.507,7.869,7.502,7.774,7.455,8.121,7.531,7.398,7.618,7.63,7.673,8.465,7.657,7.901,8.162,7.693,7.836,7.795
1620.03,18,7.902,7.731,7.46,7.901,6.754,7.46,7.481,7.921,7.58,7.847,7.527,7.993,7.548,7.308,7.599,7.629,7.747,8.458,7.664,8.031,8.092,7.709,7.869,7.798
1621.03,18,7.868,7.677,7.406,7.907,6.772,7.452,7.466,7.894,7.552,7.861,7.555,8.054,7.528,7.348,7.622,7.645,7.74,8.498,7.608,7.916,8.124,7.648,7.866,7.768
1622.03,18,7.885,7.73,7.386,8,6.788,7.489,7.465,7.827,7.561,7.786,7.421,8.032,7.572,7.272,7.541,7.627,7.753,8.475,7.675,7.958,8.149,7.713,7.925,7.845
1623.03,18,7.874,7.624,7.435,7.903,6.719,7.476,7.472,7.948,7.538,7.845,7.478,8.053,7.486,7.278,7.655,7.671,7.668,8.494,7.568,7.872,8.117,7.689,7.856,7.854
1624.03,18,7.864,7.664,7.439,7.979,6.827,7.432,7.444,7.91,7.526,7.821,7.536,8.047,7.584,7.316,7.579,7.603,7.651,8.457,7.561,7.919,8.078,7.66,7.933,7.737
1625.03,18,7.98,7.755,7.433,7.901,6.731,7.446,7.49,7.829,7.545,7.761,7.488,8.045,7.466,7.321,7.631,7.613,7.635,8.548,7.658,7.895,8.09,7.72,7.91,7.714
1626.03,18,7.889,7.71,7.398,7.911,6.728,7.459,7.494,7.909,7.534,7.783,7.497,8.136,7.505,7.331,7.63,7.521,7.707,8.496,7.553,7.855,8.158,7.664,7.909,7.743
1627.03,18,7.882,7.671,7.324,7.871,6.761,7.422,7.487,7.91,7.586,7.758,7.514,8.028,7.5,7.299,7.631,7.608,7.71,8.481,7.612,7.869,8.125,7.656,7.868,7.789
1628.03,18,7.892,7.69,7.343,7.897,6.721,7.431,7.45,7.947,7.48,7.841,7.492,8.076,7.523,7.304,7.635,7.647,7.681,8.499,7.586,7.971,8.103,7.69,7.893,7.73
1629.03,18,7.898,7.72,7.412,7.894,6.71,7.461,7.458,7.901,7.471,7.808,7.436,8.022,7.526,7.297,7.659,7.655,7.635,8.545,7.595,7.895,8.14,7.662,7.896,7.746
1630.03,18,7.852,7.757,7.399,7.863,6.716,7.52,7.443,7.892,7.467,7.884,7.462,8.015,7.566,7.295,7.652,7.618,7.69,8.536,7.599,7.901,8.066,7.732,7.821,7.715
1631.03,18,7.874,7.63,7.339,7.813,6.688,7.414,7.509,7.986,7.544,7.807,7.428,8.05,7.537,7.358,7.725,7.613,7.669,8.41,7.586,7.9,8.079,7.74,7.916,7.79
1632.03,18,7.942,7.601,7.402,7.876,6.786,7.43,7.482,7.885,7.523,7.822,7.476,8.097,7.485,7.265,7.608,7.581,7.684,8.439,7.558,7.875,8.164,7.624,7.889,7.722
1633.03,18,7.937,7.632,7.406,7.906,6.795,7.479,7.485,7.937,7.487,7.783,7.434,8.041,7.507,7.355,7.63,7.622,7.723,8.473,7.68,7.92,8.11,7.687,7.894,7.712
1634.03,18,7.907,7.677,7.412,7.879,6.765,7.473,7.461,7.863,7.502,7.728,7.441,8.038,7.475,7.298,7.622,7.551,7.705,8.379,7.582,7.913,8.133,7.716,7.861,7.744
1635.03,18,7.883,7.673,7.393,7.957,6.816,7.497,7.414,7.893,7.505,7.794,7.487,7.98,7.527,7.316,7.694,7.601,7.62,8.498,7.573,7.938,8.099,7.647,7.935,7.754
1636.03,18,7.895,7.63,7.349,7.914,6.762,7.432,7.463,7.833,7.538,7.854,7.393,8.126,7.538,7.347,7.647,7.627,7.693,8.474,7.573,7.919,8.166,7.66,7.864,7.799
1637.03,18,7.902,7.608,7.367,7.902,6.797,7.455,7.458,7.845,7.477,7.81,7.398,8.059,7.507,7.278,7.668,7.602,7.679,8.475,7.622,7.896,8.185,7.674,7.863,7.746
1638.03,18,7.875,7.641,7.405,7.926,6.694,7.39,7.467,7.897,7.529,7.813,7.503,8.078,7.498,7.299,7.597,7.604,7.69,8.446,7.621,7.863,8.127,7.706,7.842,7.717
1639.03,18,7.869,7.743,7.388,7.929,6.742,7.471,7.432,7.902,7.566,7.841,7.497,8.031,7.491,7.316,7.54,7.579,7.643,8.428,7.53,7.907,8.086,7.68,7.915,7.733
1640.03,18,7.901,7.682,7.356,7.887,6.689,7.471,7.464,7.946,7.563,7.831,7.501,8.119,7.561,7.29,7.611,7.58,7.608,8.468,7.55,7.931,8.097,7.682,7.868,7.759
1641.03,18,7.869,7.683,7.397,7.908,6.717,7.431,7.474,7.878,7.58,7.833,7.468,8.035,7.531,7.325,7.671,7.652,7.695,8.476,7.62,7.952,8.155,7.69,7.874,7.716
1642.03,18,7.9,7.646,7.349,7.929,6.78,7.423,7.5,7.893,7.499,7.749,7.502,8.022,7.555,7.326,7.611,7.652,7.705,8.405,7.569,7.948,8.06,7.712,7.956,7.745
1643.03,18,7.841,7.721,7.353,7.923,6.778,7.418,7.478,7.903,7.54,7.746,7.495,8.048,7.45,7.304,7.573,7.627,7.637,8.487,7.597,7.96,8.158,7.67,7.893,7.727
1644.03,18,7.903,7.691,7.351,7.88,6.752,7.424,7.451,7.878,7.55,7.719,7.443,8.037,7.464,7.272,7.608,7.528,7.702,8.452,7.588,7.868,8.087,7.714,7.874,7.738
1645.03,18,7.923,7.574,7.398,7.858,6.774,7.457,7.5,7.853,7.523,7.772,7.492,8.037,7.519,7.322,7.679,7.581,7.682,8.471,7.605,7.859,8.13,7.644,7.842,7.75
1646.03,18,7.937,7.655,7.352,7.848,6.71,7.38,7.508,7.879,7.519,7.778,7.378,8.055,7.538,7.289,7.691,7.635,7.709,8.436,7.543,7.916,8.114,7.731,7.879,7.747
1647.03,18,7.811,7.657,7.376,7.909,6.664,7.437,7.464,7.84,7.538,7.743,7.46,8.029,7.514,7.301,7.657,7.585,7.616,8.47,7.639,7.872,8.115,7.66,7.915,7.742
1648.03,18,7.867,7.602,7.396,7.877,6.773,7.432,7.453,7.885,7.415,7.81,7.431,8.078,7.51,7.317,7.632,7.616,7.706,8.469,7.543,7.882,8.056,7.691,7.893,7.702
1649.03,18,7.867,7.653,7.382,7.837,6.725,7.395,7.505,7.844,7.494,7.823,7.435,8.072,7.493,7.269,7.631,7.567,7.712,8.422,7.531,7.879,8.052,7.687,7.861,7.692
1650.03,18,7.879,7.698,7.428,7.902,6.688,7.4,7.39,7.952,7.55,7.812,7.487,8.117,7.507,7.314,7.661,7.672,7.636,8.502,7.58,7.875,8.138,7.712,7.88,7.745
1651.03,18,7.853,7.65,7.373,7.832,6.778,7.468,7.452,7.888,7.543,7.776,7.486,8.012,7.494,7.29,7.605,7.583,7.676,8.45,7.566,7.91,8.198,7.681,7.863,7.752
1652.03,18,7.807,7.672,7.356,7.83,6.755,7.438,7.545,7.861,7.521,7.778,7.474,8.054,7.486,7.334,7.593,7.626,7.664,8.453,7.538,7.915,8.13,7.686,7.841,7.735
1653.03,18,7.88,7.642,7.398,7.918,6.734,7.442,7.464,7.891,7.468,7.806,7.441,7.958,7.475,7.256,7.655,7.596,7.684,8.457,7.523,7.918,8.103,7.73,7.848,7.75
1654.03,18,7.863,7.621,7.353,7.848,6.781,7.398,7.444,7.869,7.482,7.801,7.458,8.093,7.45,7.285,7.598,7.572,7.641,8.449,7.546,7.87,8.065,7.651,7.858,7.738
1655.03,18,7.892,7.591,7.402,7.848,6.709,7.45,7.528,7.845,7.502,7.871,7.415,8.063,7.529,7.251,7.619,7.564,7.686,8.457,7.591,7.839,8.104,7.65,7.855,7.757
1656.03,18,7.927,7.6,7.426,7.826,6.682,7.426,7.438,7.822,7.497,7.801,7.474,8.048,7.5,7.241,7.592,7.518,7.703,8.43,7.594,7.905,8.05,7.706,7.863,7.75
1657.03,18,7.854,7.603,7.338,7.893,6.711,7.399,7.446,7.826,7.533,7.819,7.488,8.037,7.495,7.316,7.631,7.52,7.617,8.418,7.546,7.798,8.035,7.618,7.867,7.746
1658.03,18,7.863,7.59,7.367,7.807,6.67,7.438,7.432,7.9,7.57,7.725,7.436,7.988,7.485,7.283,7.63,7.592,7.723,8.478,7.561,7.854,8.09,7.72,7.827,7.754
1659.03,18,7.887,7.611,7.422,7.921,6.745,7.361,7.382,7.914,7.493,7.82,7.446,8.002,7.547,7.321,7.619,7.599,7.649,8.439,7.603,7.908,8.032,7.68,7.883,7.689
1660.03,18,7.885,7.626,7.392,7.843,6.707,7.467,7.513,7.863,7.521,7.779,7.448,8.002,7.477,7.216,7.605,7.543,7.688,8.434,7.573,7.93,8.045,7.699,7.817,7.743
1661.03,18,7.899,7.68,7.33,7.854,6.704,7.405,7.508,7.849,7.52,7.758,7.46,7.993,7.491,7.311,7.611,7.539,7.67,8.478,7.573,7.846,8.103,7.698,7.893,7.722
1662.03,18,7.823,7.633,7.29,7.844,6.768,7.436,7.434,7.855,7.457,7.786,7.473,8.003,7.537,7.308,7.655,7.546,7.711,8.469,7.598,7.873,8.039,7.635,7.877,7.818
1663.03,18,7.901,7.656,7.37,7.876,6.708,7.462,7.446,7.81,7.471,7.668,7.45,8.031,7.441,7.335,7.636,7.621,7.64,8.474,7.613,7.898,8.133,7.657,7.85,7.703
1664.03,18,7.913,7.708,7.478,7.883,6.762,7.335,7.497,7.841,7.547,7.802,7.397,7.983,7.464,7.295,7.596,7.58,7.72,8.404,7.5,7.865,8.124,7.645,7.765,7.731
1665.03,18,7.848,7.58,7.456,7.854,6.703,7.418,7.489,7.884,7.51,7.755,7.441,7.945,7.497,7.3,7.586,7.586,7.686,8.49,7.506,7.886,8.066,7.689,7.872,7.735
1666.03,18,7.808,7.64,7.336,7.87,6.67,7.428,7.455,7.829,7.532,7.841,7.428,8.072,7.418,7.277,7.582,7.533,7.647,8.49,7.56,7.86,8.108,7.602,7.796,7.713
1667.03,18,7.874,7.601,7.344,7.888,6.718,7.429,7.47,7.885,7.501,7.758,7.484,8.011,7.505,7.31,7.571,7.619,7.576,8.434,7.632,7.935,8.101,7.64,7.82,7.711
1668.03,18,7.859,7.592,7.385,7.911,6.639,7.464,7.471,7.832,7.521,7.775,7.467,8.02,7.48,7.276,7.636,7.643,7.687,8.429,7.531,7.841,8.123,7.602,7.85,7.746
1669.03,18,7.889,7.662,7.347,7.822,6.711,7.411,7.45,7.917,7.52,7.78,7.444,8.018,7.468,7.27,7.634,7.551,7.635,8.506,7.559,7.857,8.08,7.596,7.843,7.752
1670.03,18,7.879,7.601,7.28,7.852,6.708,7.406,7.423,7.854,7.491,7.779,7.422,8.033,7.512,7.287,7.635,7.58,7.621,8.407,7.58,7.905,8.084,7.685,7.848,7.741
1671.03,18,7.939,7.698,7.4,7.882,6.705,7.435,7.463,7.913,7.472,7.743,7.344,7.969,7.509,7.237,7.626,7.62,7.653,8.414,7.53,7.887,8.085,7.689,7.856,7.757
1672.03,18,7.919,7.705,7.378,7.842,6.737,7.352,7.377,7.817,7.493,7.783,7.431,8.052,7.489,7.259,7.601,7.468,7.642,8.435,7.606,7.922,8.094,7.708,7.88,7.68
1673.03,18,7.889,7.628,7.382,7.84,6.629,7.382,7.474,7.843,7.447,7.818,7.495,8.001,7.449,7.258,7.539,7.528,7.586,8.434,7.598,7.866,8.074,7.659,7.806,7.763
1674.03,18,7.891,7.647,7.332,7.804,6.701,7.378,7.398,7.84,7.455,7.736,7.454,8.042,7.508,7.181,7.575,7.524,7.666,8.451,7.61,7.912,8.056,7.595,7.834,7.751
1675.03,18,7.859,7.637,7.306,7.88,6.689,7.413,7.406,7.869,7.525,7.78,7.426,8.049,7.441,7.259,7.499,7.558,7.621,8.418,7.608,7.88,8.021,7.69,7.799,7.744
1676.03,18,7.839,7.601,7.35,7.798,6.714,7.426,7.422,7.821,7.545,7.715,7.459,7.993,7.483,7.255,7.621,7.577,7.661,8.463,7.571,7.864,8.148,7.765,7.876,7.733
1677.03,18,7.808,7.569,7.32,7.862,6.704,7.431,7.429,7.9,7.478,7.77,7.449,8.059,7.496,7.282,7.607,7.497,7.549,8.424,7.538,7.866,8.076,7.627,7.887,7.703
1678.03,18,7.785,7.621,7.363,7.878,6.685,7.352,7.463,7.862,7.474,7.802,7.4,7.99,7.518,7.219,7.647,7.518,7.733,8.432,7.497,7.901,8.092,7.658,7.77,7.763
1679.03,18,7.957,7.641,7.304,7.849,6.646,7.37,7.503,7.825,7.43,7.775,7.404,8.031,7.439,7.223,7.542,7.616,7.591,8.465,7.561,7.917,8.107,7.65,7.809,7.754
1680.03,18,7.881,7.601,7.317,7.917,6.696,7.387,7.429,7.828,7.402,7.717,7.475,8.029,7.506,7.267,7.583,7.548,7.616,8.357,7.517,7.81,8.051,7.692,7.845,7.701
1681.03,18,7.868,7.623,7.385,7.858,6.661,7.386,7.425,7.778,7.469,7.764,7.439,8.012,7.435,7.228,7.62,7.591,7.672,8.513,7.48,7.913,8.102,7.632,7.846,7.685
1682.03,18,7.781,7.536,7.388,7.862,6.694,7.392,7.472,7.846,7.441,7.762,7.336,8.035,7.496,7.275,7.6,7.512,7.61,8.428,7.5,7.822,8.112,7.692,7.857,7.707
1683.03,18,7.885,7.597,7.287,7.891,6.738,7.389,7.468,7.88,7.462,7.741,7.436,8.051,7.454,7.212,7.587,7.569,7.576,8.42,7.512,7.913,8.122,7.688,7.859,7.778
1684.03,18,7.837,7.649,7.306,7.779,6.708,7.444,7.428,7.865,7.484,7.775,7.457,8.007,7.438,7.286,7.586,7.551,7.608,8.41,7.581,7.882,8.097,7.722,7.802,7.753
1685.03,18,7.846,7.639,7.351,7.79,6.688,7.339,7.393,7.834,7.463,7.729,7.449,8.021,7.419,7.31,7.559,7.507,7.633,8.481,7.573,7.841,8.023,7.712,7.791,7.684
1686.03,18,7.848,7.636,7.313,7.827,6.661,7.455,7.38,7.807,7.502,7.73,7.415,8.023,7.511,7.251,7.622,7.543,7.603,8.431,7.538,7.891,8.062,7.647,7.904,7.73
1687.03,18,7.835,7.569,7.366,7.824,6.687,7.34,7.453,7.834,7.435,7.743,7.494,8.015,7.437,7.226,7.575,7.581,7.688,8.43,7.565,7.832,8.074,7.653,7.873,7.716
1688.03,18,7.835,7.673,7.321,7.818,6.733,7.43,7.507,7.77,7.418,7.689,7.422,8.034,7.368,7.171,7.594,7.564,7.582,8.42,7.502,7.824,8.077,7.663,7.848,7.687
1689.03,18,7.855,7.631,7.363,7.798,6.655,7.39,7.419,7.902,7.462,7.743,7.416,8.024,7.498,7.257,7.616,7.52,7.562,8.451,7.54,7.878,8.092,7.589,7.861,7.747
1690.03,18,7.824,7.716,7.298,7.82,6.68,7.348,7.415,7.799,7.426,7.777,7.45,7.996,7.432,7.269,7.61,7.513,7.618,8.41,7.57,7.801,8.15,7.668,7.871,7.76
1691.03,18,7.813,7.649,7.325,7.878,6.676,7.404,7.425,7.833,7.537,7.7,7.444,7.95,7.46,7.203,7.559,7.505,7.66,8.441,7.617,7.87,8.12,7.676,7.898,7.697
1692.03,18,7.874,7.606,7.286,7.882,6.664,7.374,7.46,7.788,7.501,7.714,7.36,8.034,7.544,7.272,7.543,7.55,7.57,8.479,7.501,7.911,8.11,7.566,7.861,7.706
1693.03,18,7.827,7.533,7.327,7.783,6.664,7.39,7.468,7.843,7.445,7.727,7.428,7.962,7.497,7.308,7.62,7.532,7.683,8.455,7.514,7.859,8.095,7.688,7.855,7.73
1694.03,18,7.842,7.579,7.3,7.798,6.62,7.453,7.408,7.882,7.443,7.74,7.394,8.047,7.464,7.228,7.582,7.584,7.611,8.466,7.533,7.842,8.002,7.678,7.791,7.692
1695.03,18,7.87,7.602,7.285,7.787,6.73,7.427,7.409,7.833,7.462,7.705,7.394,7.976,7.529,7.248,7.525,7.555,7.644,8.461,7.481,7.895,8.057,7.638,7.89,7.736
1696.03,18,7.888,7.567,7.236,7.814,6.587,7.407,7.39,7.865,7.467,7.713,7.403,7.953,7.435,7.223,7.599,7.566,7.638,8.427,7.577,7.869,8.075,7.673,7.8,7.715
1697.03,18,7.805,7.616,7.33,7.83,6.601,7.389,7.446,7.822,7.452,7.789,7.365,8.003,7.461,7.252,7.584,7.556,7.588,8.402,7.515,7.862,8.075,7.665,7.858,7.743
1698.03,18,7.811,7.681,7.302,7.859,6.701,7.356,7.404,7.812,7.465,7.765,7.451,7.947,7.418,7.293,7.603,7.586,7.64,8.374,7.572,7.841,8.039,7.593,7.854,7.726
1699.03,18,7.836,7.622,7.347,7.808,6.642,7.325,7.423,7.813,7.46,7.751,7.408,7.96,7.523,7.268,7.592,7.563,7.66,8.415,7.453,7.828,8.068,7.552,7.851,7.769
1700.03,18,7.836,7.64,7.362,7.823,6.674,7.393,7.383,7.827,7.422,7.729,7.482,7.917,7.493,7.219,7.633,7.429,7.67,8.449,7.551,7.821,8.046,7.631,7.876,7.725
1701.03,18,7.834,7.562,7.341,7.872,6.694,7.341,7.439,7.76,7.44,7.728,7.369,7.965,7.421,7.255,7.58,7.521,7.628,8.436,7.525,7.836,8.097,7.607,7.751,7.649
1702.03,18,7.883,7.564,7.345,7.837,6.628,7.41,7.418,7.763,7.442,7.72,7.403,7.999,7.411,7.241,7.552,7.519,7.585,8.368,7.565,7.902,8.102,7.597,7.888,7.68
1703.03,18,7.813,7.645,7.331,7.888,6.71,7.436,7.376,7.85,7.443,7.697,7.43,8.012,7.47,7.184,7.552,7.589,7.571,8.347,7.558,7.857,8.068,7.636,7.804,7.695
1704.03,18,7.888,7.551,7.329,7.798,6.726,7.388,7.433,7.839,7.505,7.686,7.417,7.959,7.427,7.135,7.548,7.501,7.682,8.428,7.512,7.863,8.066,7.629,7.781,7.704
1705.03,18,7.856,7.634,7.317,7.781,6.6,7.355,7.421,7.785,7.419,7.717,7.395,8.011,7.461,7.235,7.567,7.546,7.637,8.424,7.518,7.86,8.033,7.682,7.781,7.719
1706.03,18,7.878,7.651,7.324,7.826,6.647,7.419,7.409,7.823,7.478,7.762,7.411,8.026,7.395,7.207,7.611,7.547,7.597,8.442,7.515,7.869,8.077,7.632,7.886,7.713
1707.03,18,7.81,7.585,7.305,7.855,6.66,7.401,7.387,7.789,7.457,7.726,7.349,8.039,7.479,7.272,7.57,7.436,7.626,8.397,7.545,7.868,8.068,7.691,7.898,7.744
1708.03,18,7.862,7.64,7.276,7.814,6.627,7.382,7.436,7.837,7.449,7.706,7.359,7.944,7.446,7.205,7.555,7.541,7.591,8.421,7.489,7.788,8.123,7.611,7.874,7.744
1709.03,18,7.837,7.565,7.382,7.808,6.637,7.349,7.468,7.816,7.448,7.727,7.359,7.968,7.422,7.265,7.479,7.521,7.565,8.443,7.541,7.842,8.069,7.598,7.825,7.714
1710.03,18,7.822,7.611,7.266,7.822,6.657,7.319,7.398,7.823,7.465,7.724,7.42,8.026,7.447,7.283,7.578,7.569,7.63,8.41,7.516,7.83,8.072,7.675,7.834,7.648
1711.03,18,7.816,7.562,7.364,7.805,6.65,7.392,7.435,7.815,7.498,7.713,7.358,8.044,7.466,7.17,7.513,7.575,7.555,8.439,7.474,7.888,8.086,7.582,7.78,7.692
1712.03,18,7.85,7.536,7.254,7.827,6.65,7.384,7.413,7.816,7.466,7.662,7.345,7.968,7.42,7.235,7.602,7.518,7.618,8.421,7.517,7.836,8.061,7.64,7.858,7.712
1713.03,18,7.79,7.554,7.326,7.862,6.71,7.404,7.412,7.787,7.472,7.741,7.389,8.039,7.383,7.247,7.624,7.518,7.628,8.393,7.61,7.858,8.041,7.605,7.888,7.681
1714.03,18,7.794,7.604,7.213,7.787,6.682,7.325,7.414,7.794,7.392,7.737,7.334,7.977,7.425,7.185,7.483,7.528,7.569,8.4,7.598,7.81,8.08,7.703,7.801,7.753
1715.03,18,7.801,7.616,7.304,7.772,6.676,7.376,7.379,7.757,7.397,7.723,7.377,7.928,7.463,7.166,7.571,7.501,7.571,8.413,7.516,7.749,8.053,7.684,7.832,7.717
1716.03,18,7.879,7.608,7.274,7.804,6.655,7.384,7.427,7.807,7.434,7.748,7.372,7.952,7.394,7.212,7.534,7.482,7.626,8.401,7.523,7.856,8.053,7.608,7.751,7.651
1717.03,18,7.784,7.638,7.284,7.782,6.687,7.361,7.417,7.797,7.49,7.767,7.389,7.942,7.464,7.195,7.494,7.533,7.634,8.365,7.492,7.778,8.035,7.605,7.795,7.683
1718.03,18,7.865,7.534,7.284,7.813,6.672,7.428,7.391,7.865,7.436,7.74,7.355,7.985,7.461,7.129,7.573,7.521,7.641,8.444,7.492,7.827,8.061,7.586,7.838,7.643
1719.03,18,7.784,7.609,7.283,7.82,6.666,7.359,7.439,7.832,7.455,7.737,7.387,7.949,7.448,7.22,7.598,7.526,7.517,8.369,7.532,7.858,8.085,7.587,7.808,7.703
1720.03,18,7.836,7.638,7.269,7.81,6.656,7.372,7.389,7.791,7.453,7.71,7.365,7.99,7.392,7.114,7.555,7.558,7.562,8.433,7.533,7.797,8.078,7.641,7.778,7.698
1721.03,18,7.852,7.497,7.268,7.776,6.635,7.366,7.417,7.791,7.344,7.687,7.361,8.018,7.436,7.198,7.508,7.513,7.601,8.385,7.542,7.874,8.027,7.593,7.875,7.712
1722.03,18,7.844,7.517,7.293,7.784,6.691,7.436,7.37,7.803,7.387,7.741,7.37,7.958,7.448,7.189,7.544,7.523,7.611,8.397,7.53,7.868,8.031,7.53,7.836,7.751
1723.03,18,7.833,7.616,7.257,7.845,6.647,7.394,7.392,7.835,7.474,7.737,7.351,7.94,7.427,7.155,7.612,7.585,7.63,8.394,7.522,7.865,8.078,7.648,7.852,7.749
1724.03,18,7.868,7.548,7.336,7.81,6.691,7.332,7.375,7.798,7.349,7.681,7.326,8.003,7.462,7.216,7.513,7.426,7.589,8.37,7.503,7.819,8.045,7.644,7.795,7.636
1725.03,18,7.859,7.616,7.352,7.816,6.63,7.341,7.412,7.845,7.363,7.753,7.349,7.95,7.466,7.186,7.574,7.533,7.57,8.384,7.461,7.791,8.003,7.642,7.828,7.644
1726.03,18,7.795,7.58,7.275,7.835,6.607,7.335,7.38,7.842,7.433,7.623,7.417,8.026,7.424,7.195,7.5,7.475,7.549,8.423,7.471,7.831,8.051,7.598,7.831,7.618
1727.03,18,7.889,7.599,7.331,7.801,6.582,7.433,7.474,7.75,7.415,7.678,7.361,7.998,7.445,7.162,7.566,7.514,7.525,8.357,7.489,7.873,8.095,7.624,7.813,7.715
1728.03,18,7.773,7.627,7.273,7.757,6.675,7.384,7.41,7.796,7.425,7.696,7.351,7.948,7.434,7.235,7.553,7.5,7.564,8.412,7.461,7.881,8.019,7.681,7.825,7.74
1729.03,18,7.79,7.64,7.241,7.743,6.608,7.464,7.422,7.823,7.433,7.737,7.312,7.935,7.464,7.199,7.461,7.477,7.517,8.357,7.576,7.809,7.963,7.635,7.846,7.708
1730.03,18,7.834,7.556,7.278,7.738,6.696,7.323,7.38,7.812,7.417,7.744,7.355,7.959,7.423,7.146,7.532,7.487,7.591,8.402,7.483,7.888,8.083,7.631,7.822,7.707
1731.03,18,7.8,7.631,7.28,7.787,6.614,7.388,7.466,7.766,7.392,7.642,7.333,7.905,7.45,7.194,7.481,7.539,7.622,8.386,7.457,7.815,8.051,7.679,7.798,7.778
1732.03,18,7.865,7.553,7.354,7.764,6.54,7.427,7.385,7.73,7.376,7.696,7.336,7.971,7.413,7.208,7.57,7.506,7.599,8.387,7.506,7.838,8.035,7.64,7.784,7.688
1733.03,18,7.833,7.568,7.332,7.791,6.664,7.411,7.442,7.747,7.427,7.677,7.334,7.952,7.435,7.212,7.593,7.456,7.59,8.407,7.52,7.786,8.033,7.65,7.813,7.68
1734.03,18,7.8,7.648,7.31,7.786,6.558,7.384,7.329,7.797,7.423,7.73,7.399,8.008,7.408,7.182,7.608,7.517,7.583,8.407,7.541,7.832,8.077,7.614,7.744,7.686
1735.03,18,7.783,7.511,7.311,7.781,6.663,7.39,7.361,7.813,7.398,7.702,7.394,7.939,7.403,7.221,7.532,7.524,7.602,8.405,7.554,7.81,8.085,7.624,7.771,7.738
1736.03,18,7.834,7.569,7.268,7.821,6.641,7.351,7.429,7.838,7.41,7.737,7.354,7.931,7.509,7.173,7.578,7.441,7.56,8.414,7.483,7.801,8.073,7.634,7.783,7.675
1737.03,18,7.816,7.539,7.224,7.776,6.619,7.355,7.341,7.751,7.333,7.7,7.353,7.997,7.479,7.203,7.496,7.498,7.566,8.414,7.532,7.872,8.042,7.571,7.816,7.637
1738.03,18,7.844,7.555,7.281,7.773,6.554,7.325,7.44,7.769,7.387,7.694,7.365,8.002,7.391,7.202,7.555,7.502,7.643,8.397,7.517,7.856,8.065,7.61,7.737,7.688
1739.03,18,7.771,7.538,7.315,7.73,6.567,7.359,7.408,7.797,7.419,7.643,7.394,7.98,7.4,7.134,7.546,7.516,7.58,8.48,7.54,7.775,8.115,7.658,7.795,7.687
1740.03,18,7.877,7.552,7.303,7.724,6.585,7.376,7.39,7.736,7.362,7.673,7.326,7.935,7.444,7.175,7.537,7.479,7.605,8.43,7.499,7.794,8.014,7.571,7.762,7.699
1741.03,18,7.819,7.591,7.306,7.818,6.605,7.363,7.386,7.805,7.405,7.728,7.349,7.949,7.378,7.167,7.507,7.53,7.582,8.42,7.517,7.871,8.099,7.597,7.756,7.683
1742.03,18,7.737,7.523,7.298,7.806,6.572,7.349,7.35,7.77,7.377,7.655,7.325,7.908,7.451,7.104,7.517,7.495,7.517,8.35,7.492,7.841,8.045,7.584,7.846,7.58
1743.03,18,7.884,7.523,7.286,7.743,6.578,7.344,7.377,7.731,7.36,7.646,7.358,7.947,7.476,7.123,7.534,7.498,7.54,8.386,7.467,7.814,8.02,7.569,7.816,7.735
1744.03,18,7.836,7.567,7.26,7.81,6.606,7.283,7.416,7.744,7.364,7.691,7.351,7.938,7.423,7.21,7.576,7.526,7.564,8.416,7.507,7.781,8.041,7.619,7.743,7.674
1745.03,18,7.805,7.547,7.296,7.702,6.648,7.367,7.36,7.829,7.357,7.721,7.359,7.884,7.448,7.215,7.527,7.505,7.545,8.432,7.514,7.84,8.057,7.607,7.768,7.646
1746.03,18,7.811,7.545,7.231,7.754,6.573,7.344,7.368,7.792,7.385,7.688,7.346,7.969,7.443,7.192,7.564,7.544,7.554,8.366,7.471,7.696,8.007,7.578,7.788,7.681
1747.03,18,7.789,7.603,7.306,7.737,6.596,7.348,7.432,7.758,7.363,7.692,7.397,7.911,7.49,7.192,7.515,7.515,7.582,8.365,7.461,7.765,7.999,7.578,7.837,7.652
1748.03,18,7.81,7.559,7.332,7.742,6.583,7.379,7.407,7.788,7.341,7.653,7.307,7.948,7.411,7.087,7.581,7.48,7.573,8.379,7.506,7.743,7.995,7.564,7.823,7.68
1749.03,18,7.778,7.507,7.274,7.751,6.613,7.334,7.414,7.807,7.42,7.687,7.333,7.983,7.437,7.175,7.475,7.486,7.525,8.353,7.52,7.865,7.951,7.55,7.793,7.677
1750.03,18,7.849,7.59,7.243,7.744,6.584,7.376,7.394,7.746,7.384,7.713,7.34,7.971,7.426,7.199,7.506,7.524,7.595,8.384,7.531,7.834,8.005,7.609,7.747,7.727
1751.03,18,7.787,7.518,7.228,7.797,6.6,7.336,7.385,7.813,7.404,7.659,7.342,7.883,7.401,7.119,7.573,7.506,7.537,8.381,7.521,7.791,8.038,7.585,7.825,7.69
1752.03,18,7.747,7.548,7.278,7.724,6.602,7.307,7.384,7.73,7.445,7.704,7.413,7.95,7.416,7.209,7.564,7.433,7.464,8.339,7.468,7.743,8.048,7.701,7.81,7.723
1753.03,18,7.803,7.535,7.293,7.794,6.61,7.36,7.404,7.722,7.413,7.729,7.339,7.946,7.426,7.13,7.498,7.537,7.56,8.334,7.515,7.819,8.069,7.583,7.81,7.685
1754.03,18,7.785,7.57,7.232,7.802,6.585,7.295,7.395,7.783,7.439,7.698,7.322,7.932,7.44,7.172,7.529,7.496,7.537,8.392,7.475,7.789,7.972,7.603,7.817,7.642
1755.03,18,7.809,7.569,7.199,7.773,6.653,7.34,7.349,7.769,7.356,7.67,7.365,7.932,7.401,7.165,7.507,7.503,7.506,8.419,7.428,7.784,7.915,7.604,7.735,7.698
1756.03,18,7.814,7.562,7.233,7.817,6.536,7.309,7.434,7.716,7.401,7.614,7.346,7.889,7.381,7.145,7.574,7.479,7.553,8.37,7.494,7.772,7.99,7.58,7.847,7.699
1757.03,18,7.773,7.478,7.257,7.769,6.608,7.365,7.376,7.759,7.386,7.682,7.389,7.951,7.419,7.202,7.483,7.574,7.482,8.374,7.542,7.838,8.007,7.66,7.771,7.674
1758.03,18,7.756,7.497,7.281,7.787,6.54,7.359,7.387,7.719,7.4,7.728,7.363,7.94,7.451,7.176,7.583,7.445,7.598,8.348,7.472,7.826,7.975,7.598,7.738,7.694
1759.03,18,7.805,7.561,7.3,7.79,6.588,7.336,7.408,7.723,7.363,7.624,7.355,7.938,7.468,7.158,7.48,7.418,7.508,8.369,7.479,7.756,8.082,7.64,7.815,7.719
1760.03,18,7.832,7.559,7.194,7.784,6.631,7.319,7.348,7.807,7.306,7.679,7.321,7.965,7.381,7.184,7.496,7.448,7.585,8.392,7.539,7.755,7.974,7.602,7.824,7.669
1761.03,18,7.825,7.577,7.207,7.703,6.568,7.419,7.388,7.725,7.403,7.673,7.361,7.949,7.47,7.183,7.528,7.478,7.526,8.456,7.483,7.813,8.019,7.656,7.727,7.654
1762.03,18,7.798,7.51,7.206,7.724,6.616,7.349,7.392,7.729,7.376,7.683,7.278,7.91,7.388,7.169,7.457,7.491,7.577,8.408,7.437,7.847,8.028,7.568,7.709,7.693
1763.03,18,7.773,7.529,7.3,7.713,6.542,7.341,7.313,7.802,7.356,7.643,7.364,7.913,7.415,7.12,7.545,7.489,7.522,8.378,7.462,7.748,7.984,7.593,7.822,7.632
1764.03,18,7.752,7.525,7.29,7.748,6.48,7.346,7.349,7.798,7.407,7.693,7.298,7.925,7.405,7.209,7.518,7.466,7.525,8.338,7.492,7.793,7.993,7.556,7.797,7.668
1765.03,18,7.783,7.54,7.243,7.784,6.58,7.354,7.373,7.746,7.344,7.695,7.323,7.929,7.343,7.187,7.511,7.492,7.528,8.268,7.527,7.748,7.973,7.623,7.771,7.66
1766.03,18,7.743,7.538,7.282,7.717,6.538,7.369,7.424,7.719,7.369,7.662,7.395,7.96,7.446,7.158,7.532,7.453,7.541,8.327,7.547,7.818,7.97,7.603,7.785,7.725
1767.03,18,7.725,7.54,7.327,7.742,6.636,7.401,7.391,7.677,7.332,7.668,7.31,7.968,7.414,7.18,7.486,7.479,7.587,8.367,7.513,7.805,8.008,7.584,7.843,7.66
1768.03,18,7.793,7.5,7.244,7.754,6.53,7.361,7.416,7.67,7.407,7.589,7.305,7.894,7.433,7.175,7.501,7.483,7.531,8.341,7.453,7.808,7.926,7.51,7.788,7.668
1769.03,18,7.824,7.645,7.267,7.685,6.589,7.39,7.321,7.709,7.379,7.653,7.322,7.905,7.425,7.218,7.489,7.517,7.565,8.422,7.479,7.762,8.04,7.583,7.782,7.646
1770.03,18,7.862,7.527,7.293,7.712,6.544,7.348,7.415,7.702,7.367,7.673,7.342,7.919,7.425,7.173,7.568,7.462,7.523,8.383,7.473,7.781,7.973,7.53,7.765,7.664
1771.03,18,7.789,7.49,7.228,7.816,6.589,7.348,7.395,7.74,7.306,7.633,7.351,7.867,7.376,7.129,7.528,7.518,7.533,8.361,7.52,7.826,8.026,7.594,7.762,7.677
1772.03,18,7.79,7.615,7.182,7.754,6.635,7.357,7.385,7.774,7.298,7.654,7.293,7.935,7.365,7.178,7.485,7.449,7.525,8.345,7.49,7.814,8.087,7.551,7.78,7.622
1773.03,18,7.793,7.446,7.245,7.739,6.609,7.333,7.395,7.732,7.329,7.639,7.321,7.857,7.423,7.223,7.467,7.466,7.54,8.306,7.476,7.748,7.953,7.569,7.732,7.67
1774.03,18,7.83,7.487,7.248,7.665,6.591,7.336,7.376,7.718,7.301,7.713,7.305,7.915,7.324,7.262,7.493,7.442,7.482,8.342,7.509,7.755,8.011,7.575,7.764,7.676
1775.03,18,7.851,7.493,7.201,7.761,6.559,7.353,7.395,7.784,7.374,7.656,7.345,7.883,7.377,7.119,7.493,7.455,7.505,8.392,7.484,7.745,8.056,7.621,7.794,7.654
1776.03,18,7.874,7.512,7.237,7.654,6.621,7.298,7.383,7.761,7.387,7.633,7.277,7.915,7.401,7.146,7.518,7.427,7.546,8.406,7.495,7.82,8.053,7.577,7.794,7.71
1777.03,18,7.788,7.538,7.179,7.731,6.571,7.381,7.404,7.708,7.308,7.602,7.349,7.88,7.371,7.157,7.52,7.442,7.545,8.366,7.455,7.713,7.943,7.617,7.736,7.638
1778.03,18,7.759,7.564,7.224,7.68,6.506,7.361,7.381,7.721,7.279,7.703,7.336,7.891,7.441,7.217,7.518,7.457,7.498,8.377,7.469,7.828,8.043,7.553,7.729,7.703
1779.03,18,7.794,7.538,7.214,7.787,6.541,7.338,7.362,7.78,7.325,7.617,7.29,7.869,7.413,7.144,7.489,7.436,7.577,8.328,7.468,7.812,8.001,7.601,7.75,7.638
1780.03,18,7.794,7.533,7.262,7.766,6.558,7.389,7.432,7.694,7.338,7.666,7.27,7.913,7.383,7.164,7.548,7.453,7.481,8.332,7.463,7.785,8.004,7.583,7.778,7.628
1781.03,18,7.815,7.552,7.196,7.732,6.532,7.317,7.398,7.739,7.318,7.693,7.272,7.902,7.408,7.143,7.559,7.499,7.519,8.354,7.435,7.726,7.957,7.531,7.782,7.631
1782.03,18,7.781,7.499,7.196,7.748,6.505,7.396,7.362,7.696,7.364,7.715,7.301,7.926,7.356,7.073,7.497,7.418,7.518,8.326,7.428,7.803,7.996,7.605,7.859,7.632
1783.03,18,7.836,7.47,7.212,7.741,6.58,7.347,7.348,7.729,7.374,7.66,7.311,7.961,7.401,7.186,7.447,7.444,7.491,8.343,7.476,7.741,8.027,7.558,7.727,7.677
1784.03,18,7.773,7.531,7.175,7.648,6.566,7.38,7.395,7.7,7.336,7.643,7.324,7.9,7.445,7.112,7.46,7.494,7.526,8.375,7.488,7.727,8.047,7.56,7.821,7.58
1785.03,18,7.766,7.538,7.247,7.75,6.527,7.293,7.332,7.804,7.322,7.683,7.253,7.926,7.35,7.166,7.489,7.449,7.482,8.373,7.496,7.785,8.029,7.559,7.813,7.627
1786.03,18,7.824,7.511,7.266,7.761,6.551,7.322,7.389,7.731,7.383,7.628,7.319,7.93,7.376,7.193,7.51,7.485,7.605,8.336,7.475,7.781,8.027,7.526,7.741,7.623
1787.03,18,7.751,7.534,7.214,7.7,6.557,7.303,7.333,7.666,7.306,7.646,7.348,7.968,7.373,7.107,7.534,7.417,7.531,8.298,7.514,7.765,8.003,7.645,7.807,7.645
1788.03,18,7.798,7.548,7.23,7.736,6.531,7.338,7.344,7.745,7.318,7.681,7.326,7.914,7.347,7.116,7.524,7.406,7.499,8.372,7.537,7.784,7.966,7.498,7.741,7.62
1789.03,18,7.744,7.461,7.228,7.657,6.593,7.341,7.364,7.714,7.34,7.647,7.347,7.877,7.36,7.102,7.487,7.473,7.518,8.351,7.524,7.773,8.035,7.558,7.76,7.608
1790.03,18,7.849,7.471,7.178,7.66,6.557,7.287,7.397,7.757,7.341,7.638,7.321,7.953,7.406,7.174,7.57,7.44,7.472,8.319,7.5,7.713,7.989,7.629,7.714,7.602
1791.03,18,7.752,7.499,7.258,7.755,6.56,7.271,7.403,7.669,7.324,7.641,7.321,7.925,7.351,7.167,7.516,7.444,7.515,8.303,7.533,7.773,7.985,7.616,7.781,7.714
1792.03,18,7.825,7.508,7.181,7.688,6.63,7.293,7.292,7.797,7.328,7.625,7.235,7.828,7.455,7.157,7.547,7.401,7.476,8.382,7.475,7.771,7.978,7.535,7.744,7.575
1793.03,18,7.826,7.474,7.236,7.702,6.473,7.365,7.375,7.665,7.302,7.626,7.317,7.866,7.379,7.13,7.504,7.396,7.553,8.424,7.524,7.795,8.021,7.521,7.756,7.647
1794.03,18,7.703,7.518,7.188,7.712,6.599,7.319,7.359,7.7,7.289,7.667,7.211,7.875,7.373,7.169,7.527,7.407,7.554,8.33,7.409,7.723,8.006,7.549,7.744,7.667
1795.03,18,7.763,7.495,7.178,7.699,6.505,7.344,7.35,7.643,7.35,7.644,7.218,7.835,7.391,7.123,7.522,7.473,7.521,8.38,7.511,7.828,8.005,7.589,7.757,7.659
1796.03,18,7.722,7.57,7.228,7.682,6.542,7.316,7.383,7.691,7.311,7.655,7.292,7.927,7.382,7.086,7.422,7.434,7.516,8.357,7.432,7.758,8.009,7.598,7.689,7.581
1797.03,18,7.82,7.551,7.269,7.739,6.56,7.256,7.352,7.757,7.328,7.631,7.358,7.92,7.366,7.11,7.535,7.476,7.473,8.286,7.41,7.784,7.93,7.596,7.73,7.666
1798.03,18,7.817,7.529,7.177,7.788,6.545,7.304,7.361,7.695,7.348,7.639,7.308,7.918,7.34,7.102,7.484,7.45,7.513,8.341,7.49,7.782,8.039,7.583,7.761,7.679
1799.03,18,7.807,7.56,7.229,7.732,6.532,7.263,7.312,7.714,7.348,7.656,7.299,7.832,7.411,7.145,7.525,7.476,7.492,8.344,7.471,7.787,7.973,7.595,7.731,7.666
1800.03,18,7.709,7.516,7.166,7.791,6.501,7.334,7.353,7.735,7.274,7.639,7.253,7.904,7.397,7.169,7.503,7.46,7.483,8.373,7.406,7.804,8.014,7.612,7.747,7.701
1801.03,18,7.779,7.552,7.221,7.664,6.508,7.351,7.34,7.787,7.358,7.618,7.277,7.873,7.356,7.108,7.542,7.482,7.493,8.351,7.474,7.818,7.977,7.595,7.749,7.603
1802.03,18,7.736,7.495,7.18,7.682,6.565,7.303,7.312,7.736,7.278,7.645,7.326,7.935,7.285,7.133,7.45,7.415,7.517,8.269,7.497,7.763,8.017,7.535,7.762,7.629
1803.03,18,7.786,7.515,7.233,7.737,6.554,7.27,7.338,7.706,7.312,7.585,7.299,7.819,7.372,7.117,7.492,7.43,7.448,8.334,7.447,7.715,8.011,7.571,7.755,7.629
1804.03,18,7.749,7.544,7.154,7.685,6.548,7.281,7.372,7.731,7.327,7.697,7.304,7.913,7.362,7.104,7.475,7.41,7.51,8.368,7.444,7.71,7.997,7.563,7.738,7.66
1805.03,18,7.758,7.5,7.172,7.73,6.501,7.245,7.364,7.7,7.285,7.625,7.305,7.929,7.355,7.111,7.498,7.376,7.53,8.339,7.452,7.747,7.99,7.551,7.787,7.621
1806.03,18,7.797,7.527,7.26,7.693,6.514,7.28,7.32,7.712,7.257,7.614,7.244,7.915,7.369,7.117,7.49,7.376,7.513,8.326,7.417,7.725,8.013,7.6,7.808,7.634
1807.03,18,7.786,7.528,7.193,7.655,6.589,7.307,7.351,7.699,7.291,7.638,7.285,7.8,7.481,7.138,7.519,7.384,7.589,8.287,7.409,7.814,7.946,7.51,7.755,7.688
1808.03,18,7.8,7.448,7.14,7.702,6.509,7.237,7.414,7.693,7.297,7.672,7.295,7.968,7.399,7.106,7.487,7.413,7.593,8.301,7.51,7.737,7.945,7.548,7.75,7.63
1809.03,18,7.743,7.526,7.267,7.649,6.526,7.321,7.318,7.722,7.257,7.55,7.297,7.846,7.346,7.098,7.49,7.477,7.452,8.335,7.464,7.696,7.97,7.531,7.853,7.624
1810.03,18,7.75,7.483,7.215,7.691,6.532,7.316,7.328,7.64,7.267,7.593,7.317,7.856,7.387,7.117,7.466,7.443,7.429,8.332,7.445,7.665,7.978,7.563,7.726,7.576
1811.03,18,7.781,7.506,7.203,7.694,6.477,7.33,7.373,7.681,7.315,7.627,7.299,7.909,7.354,7.125,7.558,7.464,7.417,8.388,7.375,7.746,7.949,7.593,7.724,7.657
1812.03,18,7.733,7.417,7.238,7.619,6.576,7.288,7.366,7.642,7.309,7.604,7.231,7.887,7.374,7.126,7.476,7.402,7.516,8.339,7.484,7.76,8.014,7.527,7.706,7.571
1813.03,18,7.759,7.471,7.186,7.652,6.506,7.272,7.323,7.709,7.306,7.558,7.269,7.881,7.37,7.119,7.532,7.467,7.501,8.313,7.419,7.739,7.969,7.514,7.727,7.649
1814.03,18,7.749,7.446,7.168,7.712,6.542,7.297,7.35,7.683,7.333,7.607,7.293,7.896,7.378,7.092,7.407,7.408,7.442,8.296,7.47,7.754,7.997,7.558,7.654,7.638
1815.03,18,7.839,7.525,7.199,7.653,6.509,7.226,7.361,7.692,7.251,7.653,7.302,7.888,7.352,7.109,7.44,7.402,7.435,8.317,7.427,7.751,8.025,7.596,7.753,7.586
1816.03,18,7.764,7.493,7.192,7.706,6.53,7.352,7.375,7.64,7.29,7.62,7.273,7.864,7.344,7.088,7.493,7.407,7.496,8.325,7.413,7.794,7.991,7.548,7.751,7.632
1817.03,18,7.742,7.47,7.208,7.655,6.516,7.216,7.336,7.619,7.282,7.603,7.277,7.918,7.357,7.141,7.492,7.404,7.488,8.308,7.461,7.817,7.962,7.6,7.762,7.632
1818.03,18,7.724,7.519,7.191,7.655,6.538,7.29,7.352,7.741,7.296,7.643,7.186,7.82,7.365,7.117,7.447,7.423,7.408,8.291,7.433,7.727,8.028,7.516,7.701,7.643
1819.03,18,7.739,7.476,7.168,7.626,6.516,7.33,7.372,7.689,7.304,7.602,7.314,7.894,7.405,7.134,7.468,7.51,7.49,8.299,7.453,7.706,7.965,7.535,7.716,7.604
1820.03,18,7.753,7.457,7.238,7.605,6.462,7.32,7.32,7.672,7.311,7.599,7.241,7.946,7.305,7.149,7.454,7.446,7.437,8.32,7.502,7.778,8.032,7.555,7.712,7.69
1821.03,18,7.783,7.481,7.186,7.679,6.472,7.248,7.376,7.628,7.286,7.548,7.267,7.867,7.361,7.117,7.452,7.446,7.536,8.3,7.501,7.748,8.018,7.547,7.777,7.582
1822.03,18,7.767,7.472,7.161,7.634,6.543,7.28,7.233,7.639,7.261,7.607,7.272,7.883,7.387,7.075,7.426,7.386,7.48,8.279,7.41,7.726,7.957,7.539,7.727,7.616
1823.03,18,7.743,7.456,7.223,7.625,6.459,7.252,7.334,7.687,7.269,7.588,7.193,7.903,7.356,7.114,7.441,7.493,7.54,8.26,7.38,7.825,8.048,7.529,7.709,7.629
1824.03,18,7.712,7.476,7.185,7.658,6.477,7.307,7.358,7.673,7.234,7.626,7.221,7.849,7.343,7.16,7.446,7.399,7.51,8.254,7.43,7.674,7.97,7.565,7.815,7.628
1825.03,18,7.756,7.505,7.163,7.643,6.565,7.262,7.384,7.717,7.291,7.634,7.212,7.82,7.346,7.051,7.442,7.352,7.478,8.256,7.433,7.676,7.894,7.496,7.68,7.685
1826.03,18,7.739,7.462,7.165,7.664,6.458,7.238,7.369,7.606,7.309,7.608,7.266,7.87,7.359,7.079,7.473,7.464,7.424,8.307,7.452,7.775,7.99,7.533,7.772,7.63
1827.03,18,7.75,7.473,7.126,7.684,6.484,7.291,7.368,7.712,7.267,7.555,7.191,7.926,7.415,7.042,7.468,7.361,7.424,8.336,7.405,7.779,7.939,7.558,7.73,7.66
1828.03,18,7.762,7.485,7.104,7.677,6.512,7.214,7.298,7.675,7.29,7.587,7.258,7.936,7.383,7.1,7.513,7.38,7.479,8.279,7.457,7.733,7.959,7.511,7.72,7.596
1829.03,18,7.666,7.488,7.083,7.652,6.502,7.31,7.343,7.64,7.265,7.593,7.262,7.855,7.375,7.039,7.417,7.37,7.495,8.28,7.44,7.718,8.026,7.542,7.73,7.669
1830.03,18,7.708,7.503,7.135,7.73,6.54,7.251,7.317,7.641,7.279,7.572,7.267,7.875,7.366,7.103,7.508,7.425,7.42,8.292,7.479,7.753,7.96,7.501,7.754,7.603
1831.03,18,7.77,7.492,7.137,7.631,6.464,7.218,7.24,7.752,7.275,7.598,7.278,7.868,7.39,7.109,7.495,7.422,7.446,8.331,7.456,7.737,7.932,7.594,7.785,7.596
1832.03,18,7.766,7.482,7.179,7.559,6.483,7.256,7.32,7.687,7.268,7.559,7.3,7.855,7.325,7.133,7.449,7.415,7.493,8.344,7.42,7.708,7.953,7.59,7.755,7.659
1833.03,18,7.77,7.475,7.153,7.669,6.501,7.295,7.312,7.62,7.298,7.635,7.274,7.867,7.334,7.155,7.51,7.44,7.5,8.365,7.458,7.682,7.915,7.501,7.738,7.592
1834.03,18,7.692,7.424,7.165,7.686,6.489,7.248,7.349,7.638,7.263,7.527,7.252,7.922,7.398,7.058,7.459,7.398,7.496,8.299,7.464,7.764,8.024,7.515,7.678,7.613
1835.03,18,7.726,7.432,7.123,7.643,6.425,7.304,7.327,7.658,7.226,7.568,7.189,7.849,7.354,7.144,7.459,7.382,7.459,8.243,7.459,7.67,7.974,7.536,7.733,7.567
1836.03,18,7.745,7.443,7.149,7.651,6.527,7.277,7.304,7.646,7.257,7.584,7.281,7.823,7.353,7.037,7.446,7.376,7.419,8.265,7.423,7.73,7.992,7.556,7.721,7.622
1837.03,18,7.73,7.506,7.146,7.673,6.494,7.33,7.341,7.592,7.268,7.555,7.256,7.883,7.334,7.05,7.485,7.434,7.45,8.248,7.415,7.694,7.976,7.531,7.696,7.638
1838.03,18,7.717,7.49,7.142,7.671,6.551,7.255,7.312,7.715,7.308,7.624,7.277,7.859,7.341,7.068,7.464,7.348,7.469,8.263,7.432,7.747,7.983,7.468,7.748,7.62
1839.03,18,7.745,7.422,7.148,7.527,6.426,7.253,7.279,7.619,7.304,7.551,7.272,7.933,7.406,7.142,7.505,7.414,7.463,8.283,7.452,7.794,8.034,7.514,7.737,7.673
1840.03,18,7.707,7.484,7.127,7.685,6.413,7.345,7.29,7.653,7.201,7.62,7.226,7.866,7.318,7.079,7.507,7.407,7.458,8.295,7.464,7.686,7.947,7.53,7.696,7.629
1841.03,18,7.711,7.423,7.108,7.617,6.474,7.206,7.322,7.655,7.288,7.589,7.241,7.885,7.354,7.083,7.445,7.416,7.514,8.22,7.371,7.654,7.968,7.482,7.764,7.623
1842.03,18,7.743,7.454,7.109,7.684,6.481,7.237,7.288,7.636,7.268,7.578,7.257,7.799,7.322,7.047,7.381,7.474,7.439,8.241,7.502,7.797,7.893,7.505,7.72,7.646
1843.03,18,7.698,7.417,7.143,7.656,6.423,7.279,7.315,7.628,7.3,7.55,7.277,7.844,7.389,7.112,7.474,7.344,7.506,8.29,7.4,7.725,7.964,7.555,7.752,7.65
1844.03,18,7.709,7.452,7.129,7.651,6.441,7.27,7.373,7.624,7.228,7.616,7.213,7.813,7.296,7.047,7.475,7.451,7.494,8.309,7.398,7.71,7.933,7.554,7.719,7.651
1845.03,18,7.724,7.429,7.119,7.619,6.458,7.192,7.345,7.671,7.226,7.597,7.241,7.874,7.32,7.042,7.439,7.408,7.482,8.27,7.399,7.7,8.01,7.498,7.707,7.65
1846.03,18,7.759,7.506,7.133,7.673,6.469,7.313,7.292,7.648,7.275,7.59,7.2,7.848,7.37,7.085,7.404,7.42,7.397,8.311,7.429,7.687,7.99,7.496,7.707,7.605
1847.03,18,7.695,7.402,7.143,7.65,6.492,7.245,7.314,7.689,7.25,7.566,7.302,7.808,7.3,7.024,7.463,7.386,7.477,8.289,7.404,7.684,7.94,7.509,7.753,7.556
1848.03,18,7.758,7.49,7.152,7.649,6.475,7.246,7.26,7.651,7.288,7.538,7.256,7.881,7.254,7.047,7.461,7.402,7.485,8.307,7.416,7.735,8.029,7.492,7.719,7.56
1849.03,18,7.788,7.414,7.162,7.652,6.464,7.259,7.311,7.643,7.232,7.613,7.301,7.859,7.338,7.085,7.383,7.366,7.444,8.283,7.425,7.718,7.902,7.449,7.741,7.588
1850.03,18,7.722,7.453,7.138,7.683,6.44,7.27,7.36,7.636,7.306,7.636,7.213,7.836,7.39,7.056,7.415,7.356,7.449,8.29,7.358,7.748,7.971,7.46,7.775,7.649
1851.03,18,7.723,7.452,7.136,7.626,6.403,7.231,7.339,7.639,7.225,7.56,7.106,7.821,7.43,7.022,7.488,7.347,7.516,8.302,7.399,7.701,7.938,7.539,7.744,7.564
1852.03,18,7.78,7.408,7.135,7.64,6.467,7.285,7.352,7.615,7.257,7.652,7.258,7.846,7.375,7.078,7.503,7.384,7.471,8.29,7.402,7.745,7.986,7.513,7.758,7.618
1853.03,18,7.762,7.478,7.086,7.642,6.47,7.24,7.308,7.679,7.233,7.548,7.177,7.821,7.317,7.081,7.438,7.375,7.45,8.309,7.364,7.751,8.04,7.531,7.757,7.599
1854.03,18,7.721,7.401,7.085,7.628,6.489,7.236,7.233,7.571,7.249,7.568,7.242,7.844,7.362,7.011,7.432,7.335,7.427,8.27,7.412,7.698,7.972,7.501,7.705,7.519
1855.03,18,7.756,7.437,7.192,7.605,6.457,7.265,7.222,7.599,7.307,7.523,7.221,7.949,7.322,7.043,7.43,7.357,7.415,8.233,7.381,7.707,7.99,7.467,7.679,7.683
1856.03,18,7.718,7.473,7.123,7.668,6.421,7.273,7.354,7.628,7.216,7.568,7.194,7.875,7.308,7.089,7.414,7.314,7.47,8.283,7.408,7.724,7.97,7.474,7.708,7.602
1857.03,18,7.673,7.457,7.113,7.659,6.461,7.302,7.369,7.637,7.225,7.56,7.189,7.872,7.333,7.008,7.451,7.376,7.464,8.278,7.509,7.704,8.002,7.486,7.655,7.572
1858.03,18,7.747,7.41,7.158,7.632,6.471,7.273,7.316,7.593,7.225,7.558,7.257,7.877,7.365,7.011,7.42,7.379,7.418,8.245,7.384,7.709,8.043,7.5,7.653,7.679
1859.03,18,7.737,7.475,7.072,7.613,6.419,7.253,7.327,7.648,7.29,7.517,7.15,7.795,7.329,7.122,7.398,7.334,7.464,8.273,7.425,7.741,7.987,7.548,7.741,7.616
1860.03,18,7.717,7.429,7.08,7.605,6.469,7.28,7.298,7.655,7.204,7.546,7.267,7.805,7.353,6.962,7.454,7.384,7.423,8.266,7.417,7.706,7.909,7.471,7.73,7.641
1861.03,18,7.768,7.444,7.137,7.614,6.405,7.223,7.277,7.625,7.231,7.55,7.183,7.868,7.295,7.05,7.425,7.355,7.51,8.329,7.384,7.677,7.869,7.456,7.716,7.664
1862.03,18,7.713,7.457,7.143,7.627,6.412,7.282,7.317,7.627,7.233,7.566,7.244,7.805,7.376,7.09,7.476,7.347,7.515,8.225,7.428,7.67,7.94,7.527,7.689,7.567
1863.03,18,7.761,7.413,7.174,7.63,6.449,7.264,7.305,7.641,7.21,7.526,7.214,7.866,7.338,7.041,7.415,7.369,7.449,8.283,7.447,7.731,7.958,7.5,7.693,7.58
1864.03,18,7.702,7.422,7.193,7.638,6.433,7.249,7.34,7.733,7.272,7.504,7.231,7.823,7.308,7.047,7.393,7.377,7.404,8.256,7.429,7.746,7.99,7.508,7.679,7.596
1865.03,18,7.685,7.47,7.144,7.571,6.418,7.289,7.274,7.629,7.238,7.588,7.219,7.852,7.274,7.076,7.409,7.35,7.404,8.258,7.406,7.682,7.889,7.442,7.71,7.625
1866.03,18,7.721,7.407,7.13,7.613,6.463,7.262,7.366,7.593,7.179,7.626,7.206,7.844,7.366,7.065,7.445,7.41,7.453,8.212,7.409,7.721,7.941,7.475,7.625,7.562
1867.03,18,7.729,7.43,7.101,7.635,6.412,7.29,7.315,7.614,7.213,7.529,7.286,7.807,7.315,7.029,7.414,7.419,7.443,8.286,7.367,7.737,8.011,7.534,7.717,7.582
1868.03,18,7.71,7.432,7.147,7.582,6.411,7.247,7.313,7.629,7.194,7.516,7.199,7.795,7.292,6.981,7.383,7.279,7.438,8.317,7.349,7.662,7.945,7.494,7.645,7.596
1869.03,18,7.724,7.483,7.115,7.58,6.43,7.25,7.308,7.583,7.194,7.53,7.196,7.837,7.357,7.046,7.431,7.419,7.395,8.303,7.382,7.687,7.952,7.505,7.707,7.578
1870.03,18,7.666,7.454,7.114,7.617,6.485,7.241,7.356,7.542,7.238,7.597,7.177,7.824,7.338,7.034,7.444,7.326,7.443,8.28,7.385,7.754,7.932,7.475,7.664,7.625
1871.03,18,7.753,7.44,7.092,7.665,6.461,7.283,7.327,7.553,7.247,7.574,7.205,7.803,7.323,7.018,7.463,7.375,7.419,8.287,7.453,7.711,7.978,7.464,7.677,7.633
1872.03,18,7.677,7.412,7.077,7.608,6.368,7.233,7.343,7.624,7.2,7.551,7.171,7.784,7.255,7.06,7.398,7.287,7.467,8.289,7.382,7.652,7.945,7.511,7.714,7.563
1873.03,18,7.704,7.453,7.182,7.557,6.393,7.213,7.243,7.642,7.201,7.558,7.204,7.74,7.24,7.102,7.442,7.331,7.419,8.356,7.416,7.765,7.932,7.501,7.687,7.603
1874.03,18,7.695,7.452,7.053,7.586,6.377,7.314,7.358,7.619,7.221,7.509,7.176,7.819,7.363,7.013,7.428,7.411,7.458,8.255,7.479,7.66,7.927,7.533,7.737,7.615
1875.03,18,7.754,7.381,7.078,7.605,6.395,7.244,7.281,7.627,7.203,7.543,7.193,7.846,7.346,7.049,7.499,7.405,7.453,8.225,7.438,7.706,7.895,7.447,7.677,7.618
1876.03,18,7.65,7.451,7.143,7.619,6.388,7.287,7.286,7.642,7.202,7.607,7.181,7.853,7.257,7.077,7.371,7.311,7.464,8.27,7.438,7.658,7.916,7.465,7.711,7.512
1877.03,18,7.774,7.449,7.142,7.641,6.435,7.246,7.277,7.583,7.275,7.55,7.215,7.774,7.296,7.045,7.423,7.409,7.405,8.298,7.383,7.698,7.947,7.538,7.706,7.525
1878.03,18,7.65,7.338,7.134,7.649,6.4,7.243,7.249,7.643,7.228,7.569,7.251,7.775,7.347,7.025,7.385,7.35,7.502,8.239,7.448,7.72,7.99,7.454,7.727,7.62
1879.03,18,7.682,7.428,7.084,7.635,6.492,7.271,7.306,7.6,7.23,7.566,7.218,7.865,7.254,7.135,7.446,7.292,7.382,8.301,7.4,7.678,7.901,7.453,7.684,7.531
1880.03,18,7.683,7.399,7.1,7.521,6.401,7.249,7.318,7.629,7.225,7.572,7.226,7.796,7.277,7.07,7.417,7.361,7.4,8.283,7.474,7.724,7.949,7.461,7.641,7.581
1881.03,18,7.758,7.353,7.142,7.661,6.39,7.254,7.336,7.617,7.205,7.509,7.213,7.797,7.308,7.02,7.397,7.294,7.402,8.257,7.4,7.675,7.924,7.448,7.665,7.618
1882.03,18,7.708,7.35,7.083,7.597,6.364,7.184,7.269,7.578,7.293,7.574,7.207,7.78,7.311,7.063,7.457,7.327,7.42,8.258,7.381,7.696,7.973,7.502,7.731,7.555
1883.03,18,7.703,7.423,7.152,7.62,6.422,7.175,7.231,7.618,7.231,7.521,7.183,7.784,7.276,7.023,7.418,7.339,7.481,8.285,7.403,7.643,7.942,7.488,7.761,7.63
1884.03,18,7.682,7.412,7.056,7.536,6.339,7.286,7.311,7.609,7.177,7.585,7.195,7.822,7.372,7,7.481,7.316,7.396,8.207,7.403,7.725,7.967,7.484,7.669,7.572
1885.03,18,7.726,7.384,7.102,7.575,6.364,7.248,7.266,7.607,7.186,7.495,7.216,7.819,7.286,7.115,7.443,7.393,7.376,8.283,7.315,7.702,7.948,7.513,7.685,7.601
1886.03,18,7.663,7.406,7.079,7.582,6.35,7.161,7.299,7.6,7.131,7.547,7.156,7.806,7.331,7.066,7.374,7.3,7.357,8.265,7.398,7.732,7.876,7.499,7.753,7.597
1887.03,18,7.598,7.407,7.078,7.603,6.479,7.226,7.214,7.591,7.183,7.5,7.221,7.758,7.277,7.02,7.373,7.352,7.435,8.213,7.386,7.66,7.875,7.492,7.709,7.601
1888.03,18,7.725,7.467,7.117,7.547,6.402,7.191,7.304,7.587,7.239,7.487,7.195,7.789,7.314,7.024,7.444,7.264,7.345,8.273,7.376,7.695,7.875,7.487,7.639,7.507
1889.03,18,7.679,7.411,7.106,7.562,6.407,7.244,7.306,7.624,7.189,7.579,7.199,7.84,7.311,7.011,7.423,7.312,7.357,8.26,7.399,7.702,7.902,7.454,7.697,7.604
1890.03,18,7.677,7.426,7.122,7.604,6.432,7.276,7.304,7.564,7.151,7.57,7.214,7.772,7.344,7.011,7.465,7.315,7.422,8.303,7.385,7.73,7.951,7.504,7.691,7.584
1891.03,18,7.646,7.403,7.116,7.606,6.401,7.23,7.291,7.585,7.183,7.56,7.168,7.767,7.317,7.008,7.389,7.3,7.426,8.242,7.352,7.629,7.969,7.511,7.72,7.621
1892.03,18,7.709,7.354,7.122,7.572,6.384,7.176,7.276,7.588,7.202,7.476,7.178,7.789,7.295,7.008,7.392,7.326,7.41,8.206,7.398,7.6,7.934,7.46,7.738,7.574
1893.03,18,7.714,7.375,7.081,7.646,6.458,7.208,7.239,7.546,7.179,7.544,7.218,7.855,7.269,6.945,7.386,7.356,7.4,8.251,7.399,7.704,7.956,7.472,7.679,7.562
1894.03,18,7.682,7.372,7.094,7.598,6.442,7.192,7.274,7.543,7.206,7.574,7.137,7.8,7.328,7.047,7.386,7.303,7.415,8.269,7.386,7.598,7.971,7.518,7.618,7.625
1895.03,18,7.648,7.408,7.059,7.579,6.466,7.269,7.283,7.587,7.168,7.487,7.22,7.743,7.288,6.99,7.404,7.342,7.376,8.205,7.346,7.703,7.91,7.449,7.667,7.562
1896.03,18,7.691,7.353,7.055,7.635,6.379,7.211,7.274,7.63,7.156,7.569,7.179,7.809,7.254,7.009,7.446,7.38,7.388,8.255,7.397,7.697,7.924,7.535,7.677,7.581
1897.03,18,7.679,7.374,7.077,7.598,6.414,7.28,7.337,7.547,7.157,7.563,7.174,7.794,7.259,6.997,7.398,7.377,7.37,8.288,7.379,7.73,7.923,7.533,7.739,7.631
1898.03,18,7.681,7.384,7.068,7.579,6.395,7.276,7.291,7.637,7.152,7.547,7.164,7.794,7.292,7.077,7.378,7.378,7.437,8.271,7.399,7.696,7.96,7.484,7.716,7.548
1899.03,18,7.669,7.41,7.02,7.647,6.371,7.175,7.323,7.608,7.164,7.449,7.155,7.821,7.329,7.007,7.42,7.288,7.378,8.254,7.359,7.676,7.868,7.478,7.664,7.558
1900.03,18,7.688,7.329,7.088,7.581,6.41,7.247,7.22,7.582,7.168,7.503,7.154,7.813,7.266,6.967,7.44,7.296,7.435,8.244,7.345,7.652,7.927,7.472,7.631,7.547
1901.03,18,7.687,7.374,7.066,7.561,6.34,7.233,7.257,7.627,7.177,7.485,7.176,7.808,7.245,7.053,7.416,7.38,7.381,8.142,7.381,7.65,7.891,7.445,7.561,7.54
1902.03,18,7.634,7.385,7.07,7.522,6.339,7.178,7.203,7.564,7.194,7.554,7.159,7.854,7.212,6.97,7.395,7.361,7.397,8.216,7.433,7.612,7.91,7.466,7.635,7.583
1903.03,18,7.658,7.418,7.014,7.538,6.451,7.223,7.255,7.562,7.237,7.532,7.15,7.793,7.295,6.962,7.398,7.271,7.366,8.229,7.336,7.727,7.858,7.533,7.649,7.599
1904.03,18,7.695,7.353,7.069,7.556,6.385,7.248,7.21,7.626,7.169,7.544,7.161,7.836,7.289,6.957,7.374,7.373,7.384,8.217,7.351,7.666,7.903,7.439,7.702,7.55
1905.03,18,7.725,7.422,7.08,7.585,6.367,7.238,7.227,7.564,7.144,7.558,7.228,7.799,7.281,6.909,7.325,7.338,7.313,8.309,7.35,7.656,7.936,7.474,7.665,7.606
1906.03,18,7.679,7.412,7.091,7.583,6.358,7.183,7.263,7.624,7.168,7.523,7.155,7.807,7.297,6.984,7.387,7.28,7.363,8.25,7.396,7.636,7.901,7.417,7.695,7.521
1907.03,18,7.655,7.314,7.077,7.515,6.396,7.189,7.252,7.535,7.132,7.533,7.191,7.738,7.31,7.04,7.366,7.339,7.401,8.197,7.322,7.712,7.837,7.444,7.633,7.564
1908.03,18,7.74,7.402,7.105,7.522,6.387,7.186,7.277,7.604,7.183,7.538,7.184,7.737,7.277,7.016,7.449,7.34,7.354,8.195,7.377,7.681,7.932,7.465,7.642,7.53
1909.03,18,7.661,7.327,7.047,7.538,6.309,7.287,7.252,7.563,7.159,7.518,7.165,7.773,7.203,7.016,7.394,7.31,7.38,8.283,7.331,7.671,7.942,7.466,7.656,7.576
1910.03,18,7.663,7.388,7.009,7.535,6.374,7.197,7.22,7.602,7.209,7.599,7.184,7.808,7.271,7.007,7.406,7.272,7.318,8.168,7.351,7.671,7.933,7.459,7.638,7.525
1911.03,18,7.679,7.395,7.065,7.549,6.226,7.159,7.255,7.526,7.067,7.549,7.193,7.831,7.258,7.015,7.394,7.289,7.363,8.188,7.407,7.665,7.882,7.394,7.629,7.501
1912.03,18,7.689,7.343,7.103,7.577,6.318,7.259,7.286,7.588,7.218,7.517,7.132,7.859,7.224,6.981,7.29,7.302,7.383,8.268,7.378,7.666,7.899,7.387,7.665,7.525
1913.03,18,7.722,7.437,7.11,7.56,6.394,7.214,7.277,7.579,7.125,7.493,7.108,7.779,7.287,6.983,7.357,7.277,7.372,8.238,7.4,7.613,7.943,7.476,7.703,7.53
1914.03,18,7.742,7.356,7.094,7.607,6.37,7.158,7.203,7.59,7.171,7.456,7.167,7.795,7.302,7.045,7.439,7.297,7.446,8.239,7.42,7.631,7.978,7.485,7.68,7.611
1915.03,18,7.668,7.372,7.046,7.541,6.397,7.243,7.247,7.56,7.142,7.527,7.182,7.795,7.292,7.05,7.375,7.285,7.382,8.217,7.341,7.706,7.885,7.428,7.615,7.566
1916.03,18,7.663,7.357,7.028,7.524,6.331,7.189,7.253,7.537,7.081,7.455,7.13,7.79,7.296,7.035,7.386,7.267,7.361,8.26,7.358,7.693,7.87,7.486,7.654,7.584
1917.03,18,7.745,7.318,7.065,7.604,6.35,7.266,7.21,7.6,7.115,7.536,7.06,7.788,7.224,7.004,7.383,7.301,7.352,8.245,7.438,7.627,7.874,7.524,7.674,7.572
1918.03,18,7.691,7.406,7.067,7.601,6.4,7.191,7.27,7.527,7.15,7.497,7.181,7.875,7.231,7.004,7.397,7.304,7.398,8.262,7.399,7.704,7.851,7.366,7.649,7.527
1919.03,18,7.644,7.379,7.042,7.468,6.367,7.239,7.286,7.532,7.156,7.434,7.187,7.77,7.268,6.992,7.388,7.333,7.375,8.229,7.378,7.663,7.899,7.466,7.655,7.569
1920.03,18,7.626,7.391,7.017,7.553,6.328,7.209,7.219,7.599,7.13,7.504,7.162,7.753,7.294,7,7.356,7.34,7.402,8.196,7.351,7.661,7.953,7.471,7.729,7.547
1921.03,18,7.736,7.361,7.01,7.557,6.37,7.192,7.24,7.502,7.182,7.482,7.113,7.73,7.297,6.972,7.369,7.305,7.358,8.245,7.369,7.658,7.893,7.485,7.682,7.576
1922.03,18,7.635,7.357,7.031,7.539,6.346,7.262,7.296,7.567,7.173,7.439,7.159,7.799,7.288,7.012,7.342,7.272,7.387,8.289,7.387,7.583,7.859,7.469,7.621,7.553
1923.03,18,7.677,7.337,7.046,7.564,6.324,7.152,7.263,7.479,7.179,7.492,7.174,7.773,7.312,6.974,7.365,7.281,7.349,8.263,7.297,7.588,7.865,7.451,7.636,7.554
1924.03,18,7.644,7.384,7.042,7.566,6.27,7.237,7.232,7.58,7.167,7.442,7.086,7.734,7.239,6.988,7.388,7.303,7.402,8.311,7.381,7.672,7.838,7.459,7.705,7.533
1925.03,18,7.672,7.367,7.022,7.582,6.354,7.228,7.26,7.58,7.121,7.499,7.172,7.71,7.312,6.99,7.349,7.38,7.348,8.169,7.329,7.707,7.87,7.47,7.604,7.591
1926.03,18,7.641,7.362,6.975,7.551,6.387,7.195,7.315,7.543,7.106,7.528,7.153,7.75,7.273,6.923,7.361,7.32,7.411,8.195,7.334,7.617,7.91,7.443,7.656,7.633
1927.03,18,7.605,7.37,7.08,7.549,6.381,7.144,7.247,7.578,7.108,7.513,7.117,7.798,7.269,7.012,7.405,7.316,7.373,8.251,7.385,7.681,7.917,7.476,7.688,7.548
1928.03,18,7.609,7.422,7.107,7.492,6.352,7.196,7.218,7.568,7.17,7.477,7.176,7.815,7.211,6.91,7.356,7.312,7.347,8.206,7.37,7.663,7.859,7.442,7.595,7.623
1929.03,18,7.685,7.314,7.022,7.51,6.347,7.235,7.265,7.573,7.086,7.517,7.155,7.768,7.293,6.979,7.424,7.288,7.322,8.202,7.327,7.668,7.942,7.468,7.64,7.544
1930.03,18,7.703,7.366,7.091,7.56,6.333,7.181,7.25,7.55,7.109,7.491,7.135,7.788,7.284,6.955,7.377,7.271,7.331,8.203,7.312,7.683,7.861,7.435,7.656,7.572
1931.03,18,7.664,7.359,7.104,7.552,6.376,7.231,7.213,7.543,7.109,7.467,7.166,7.763,7.245,7.02,7.325,7.262,7.362,8.158,7.392,7.615,7.962,7.434,7.615,7.483
1932.03,18,7.673,7.322,7.061,7.495,6.305,7.211,7.215,7.572,7.142,7.458,7.117,7.759,7.258,6.949,7.341,7.285,7.338,8.217,7.378,7.614,7.913,7.42,7.637,7.531
1933.03,18,7.656,7.33,7.101,7.538,6.373,7.151,7.26,7.522,7.102,7.522,7.132,7.77,7.273,7.002,7.394,7.304,7.365,8.249,7.315,7.651,7.937,7.463,7.667,7.524
1934.03,18,7.633,7.368,6.988,7.589,6.323,7.178,7.252,7.523,7.125,7.526,7.117,7.788,7.3,6.984,7.345,7.299,7.334,8.258,7.311,7.617,7.915,7.431,7.687,7.537
1935.03,18,7.621,7.314,7.027,7.496,6.325,7.195,7.173,7.52,7.102,7.54,7.112,7.781,7.26,7.057,7.394,7.35,7.334,8.182,7.319,7.665,7.887,7.446,7.664,7.546
1936.03,18,7.697,7.351,7.025,7.494,6.24,7.207,7.254,7.575,7.107,7.462,7.102,7.758,7.296,6.958,7.398,7.269,7.317,8.219,7.334,7.671,8.011,7.466,7.656,7.579
1937.03,18,7.687,7.381,7.06,7.556,6.282,7.137,7.195,7.514,7.126,7.471,7.143,7.705,7.215,6.936,7.332,7.235,7.322,8.227,7.365,7.618,7.858,7.437,7.658,7.536
1938.03,18,7.628,7.322,7.005,7.517,6.355,7.23,7.217,7.563,7.097,7.504,7.143,7.731,7.263,6.961,7.349,7.258,7.317,8.208,7.368,7.702,7.87,7.501,7.658,7.533
1939.03,18,7.592,7.314,7.044,7.54,6.411,7.122,7.26,7.529,7.095,7.494,7.017,7.754,7.274,6.993,7.395,7.265,7.35,8.224,7.382,7.706,7.901,7.417,7.694,7.509
1940.03,18,7.698,7.332,7.049,7.431,6.292,7.124,7.223,7.514,7.146,7.494,7.064,7.75,7.208,7.041,7.404,7.267,7.345,8.197,7.34,7.669,7.891,7.454,7.679,7.56
1941.03,18,7.597,7.34,6.971,7.516,6.337,7.256,7.206,7.503,7.122,7.519,7.085,7.732,7.286,6.905,7.408,7.322,7.299,8.183,7.385,7.629,7.865,7.4,7.65,7.531
1942.03,18,7.633,7.324,7.022,7.513,6.308,7.201,7.208,7.539,7.164,7.513,7.124,7.805,7.287,6.904,7.322,7.299,7.257,8.215,7.367,7.66,7.942,7.472,7.694,7.512
1943.03,18,7.688,7.391,7.019,7.524,6.316,7.198,7.245,7.579,7.103,7.522,7.136,7.718,7.262,6.965,7.334,7.254,7.344,8.268,7.325,7.706,7.848,7.412,7.679,7.514
1944.03,18,7.707,7.272,7.048,7.489,6.346,7.183,7.229,7.526,7.088,7.4,7.101,7.761,7.161,6.955,7.327,7.257,7.345,8.186,7.356,7.622,7.864,7.432,7.649,7.504
1945.03,18,7.632,7.291,7.047,7.524,6.32,7.071,7.195,7.538,7.04,7.461,7.097,7.734,7.233,6.946,7.345,7.331,7.393,8.219,7.318,7.643,7.849,7.452,7.585,7.455
1946.03,18,7.687,7.305,7.053,7.549,6.332,7.136,7.208,7.551,7.132,7.469,7.107,7.756,7.217,6.978,7.397,7.246,7.386,8.127,7.411,7.635,7.852,7.418,7.625,7.544
1947.03,18,7.678,7.322,7.002,7.492,6.268,7.177,7.279,7.45,7.1,7.451,7.086,7.733,7.218,6.97,7.325,7.262,7.309,8.139,7.422,7.639,7.874,7.454,7.603,7.55
1948.03,18,7.611,7.334,6.968,7.529,6.321,7.198,7.238,7.484,7.103,7.537,7.098,7.763,7.303,6.956,7.342,7.314,7.347,8.141,7.306,7.634,7.864,7.428,7.661,7.532
1949.03,18,7.675,7.316,7.092,7.496,6.311,7.181,7.263,7.507,7.127,7.463,7.079,7.771,7.307,6.948,7.4,7.304,7.297,8.125,7.34,7.717,7.947,7.412,7.656,7.538
1950.03,18,7.672,7.293,7.062,7.472,6.308,7.175,7.213,7.512,7.031,7.505,7.067,7.724,7.213,6.967,7.411,7.299,7.371,8.206,7.334,7.695,7.884,7.446,7.633,7.542
1951.03,18,7.642,7.356,7.038,7.548,6.271,7.197,7.236,7.515,7.123,7.497,7.078,7.782,7.233,6.984,7.316,7.261,7.362,8.211,7.37,7.695,7.852,7.373,7.589,7.583
1952.03,18,7.642,7.357,7.024,7.477,6.322,7.179,7.233,7.557,7.079,7.496,7.086,7.767,7.245,6.927,7.331,7.352,7.306,8.145,7.391,7.655,7.907,7.446,7.587,7.464
1953.03,18,7.629,7.307,6.998,7.511,6.267,7.18,7.258,7.56,7.069,7.426,7.053,7.749,7.227,6.927,7.374,7.329,7.337,8.216,7.287,7.626,7.913,7.411,7.613,7.543
1954.03,18,7.746,7.338,6.977,7.45,6.223,7.202,7.214,7.512,7.116,7.409,7.058,7.705,7.214,6.892,7.388,7.274,7.29,8.179,7.325,7.652,7.915,7.384,7.552,7.552
1955.03,18,7.645,7.283,6.994,7.467,6.294,7.136,7.198,7.514,7.115,7.521,7.119,7.75,7.273,6.865,7.339,7.294,7.385,8.189,7.337,7.622,7.866,7.463,7.65,7.536
1956.03,18,7.62,7.296,7.01,7.51,6.286,7.174,7.198,7.533,7.18,7.419,7.077,7.787,7.218,6.992,7.336,7.331,7.308,8.186,7.306,7.663,7.909,7.37,7.646,7.511
1957.03,18,7.61,7.293,6.982,7.503,6.258,7.141,7.201,7.543,7.15,7.449,7.052,7.756,7.204,6.864,7.419,7.277,7.314,8.153,7.418,7.564,7.841,7.469,7.543,7.507
1958.03,18,7.598,7.205,7.031,7.478,6.34,7.14,7.274,7.494,7.09,7.421,7.028,7.692,7.241,6.943,7.323,7.251,7.24,8.113,7.358,7.68,7.836,7.414,7.629,7.583
1959.03,18,7.651,7.331,7.008,7.476,6.316,7.163,7.255,7.551,7.104,7.493,7.081,7.706,7.283,6.967,7.275,7.255,7.304,8.208,7.349,7.595,7.856,7.384,7.568,7.436
1960.03,18,7.584,7.289,6.969,7.506,6.279,7.164,7.236,7.523,7.099,7.468,7.036,7.709,7.223,6.942,7.258,7.263,7.324,8.097,7.344,7.613,7.935,7.376,7.656,7.537
1961.03,18,7.659,7.268,6.976,7.414,6.319,7.15,7.246,7.484,7.054,7.415,7.061,7.71,7.255,6.925,7.357,7.269,7.372,8.192,7.313,7.627,7.95,7.431,7.591,7.56
1962.03,18,7.658,7.273,7.005,7.468,6.252,7.187,7.198,7.549,7.055,7.426,7.073,7.687,7.191,6.877,7.364,7.266,7.28,8.147,7.292,7.587,7.843,7.447,7.647,7.578
1963.03,18,7.622,7.354,6.924,7.477,6.286,7.197,7.222,7.509,7.103,7.437,7.043,7.711,7.176,6.876,7.336,7.281,7.31,8.137,7.325,7.638,7.88,7.446,7.609,7.581
1964.03,18,7.683,7.371,6.981,7.443,6.268,7.127,7.237,7.467,7.046,7.522,7.073,7.705,7.206,6.984,7.355,7.225,7.373,8.17,7.296,7.6,7.897,7.425,7.617,7.51
1965.03,18,7.617,7.344,6.991,7.449,6.262,7.143,7.195,7.498,7.011,7.523,7.084,7.716,7.248,6.897,7.261,7.236,7.308,8.153,7.343,7.676,7.864,7.422,7.59,7.589
1966.03,18,7.63,7.255,7.031,7.461,6.331,7.135,7.25,7.5,7.024,7.426,7.121,7.72,7.268,6.9,7.333,7.196,7.283,8.191,7.357,7.628,7.905,7.49,7.588,7.502
1967.03,18,7.679,7.304,6.974,7.509,6.337,7.121,7.251,7.504,7.064,7.443,6.971,7.704,7.177,6.937,7.333,7.272,7.332,8.159,7.342,7.631,7.869,7.388,7.635,7.552
1968.03,18,7.641,7.31,7.013,7.454,6.275,7.175,7.212,7.537,7.048,7.443,7.078,7.686,7.151,6.859,7.281,7.232,7.307,8.15,7.316,7.644,7.891,7.395,7.639,7.508
1969.03,18,7.606,7.291,6.989,7.459,6.263,7.084,7.201,7.498,7.072,7.441,7.115,7.681,7.244,6.899,7.299,7.259,7.263,8.195,7.355,7.68,7.837,7.406,7.63,7.534
1970.03,18,7.637,7.325,6.952,7.544,6.21,7.162,7.251,7.537,7.103,7.455,7.046,7.698,7.208,7.017,7.361,7.255,7.3,8.153,7.32,7.593,7.898,7.498,7.604,7.562
1971.03,18,7.582,7.291,6.962,7.467,6.341,7.193,7.208,7.505,7.061,7.45,7.067,7.765,7.249,6.924,7.376,7.24,7.313,8.149,7.322,7.677,7.924,7.4,7.586,7.538
1972.03,18,7.599,7.29,6.979,7.476,6.27,7.142,7.167,7.481,7.032,7.426,7.057,7.624,7.243,6.918,7.322,7.25,7.314,8.118,7.327,7.591,7.865,7.427,7.655,7.506
1973.03,18,7.571,7.338,6.988,7.476,6.267,7.099,7.18,7.484,7.072,7.422,7.097,7.679,7.236,6.908,7.318,7.196,7.305,8.183,7.306,7.691,7.791,7.414,7.592,7.538
1974.03,18,7.622,7.332,6.972,7.542,6.283,7.154,7.25,7.549,7.114,7.382,7.077,7.813,7.235,6.938,7.388,7.267,7.318,8.209,7.336,7.617,7.928,7.387,7.643,7.555
1975.03,18,7.67,7.317,6.991,7.429,6.236,7.188,7.213,7.534,7.125,7.418,7.112,7.777,7.221,6.93,7.296,7.22,7.352,8.17,7.346,7.627,7.791,7.414,7.612,7.556
1976.03,18,7.587,7.365,6.983,7.438,6.287,7.082,7.162,7.482,7.088,7.498,7.08,7.699,7.264,6.964,7.325,7.208,7.318,8.101,7.332,7.597,7.863,7.467,7.567,7.541
1977.03,18,7.546,7.317,6.923,7.456,6.227,7.098,7.177,7.471,7.111,7.349,7.069,7.692,7.162,6.929,7.35,7.249,7.345,8.208,7.313,7.616,7.832,7.402,7.574,7.472
1978.03,18,7.582,7.317,6.964,7.538,6.232,7.11,7.221,7.486,7.016,7.419,7.074,7.69,7.205,6.874,7.294,7.244,7.244,8.156,7.315,7.596,7.843,7.427,7.575,7.462
1979.03,18,7.609,7.304,6.979,7.508,6.203,7.181,7.24,7.493,7.162,7.443,7.071,7.639,7.227,6.903,7.283,7.252,7.274,8.15,7.294,7.585,7.843,7.312,7.606,7.562
1980.03,18,7.634,7.26,6.975,7.382,6.262,7.098,7.246,7.459,7.05,7.412,7.111,7.688,7.213,6.976,7.309,7.233,7.331,8.156,7.323,7.569,7.816,7.399,7.559,7.513
1981.03,18,7.61,7.292,6.987,7.416,6.247,7.105,7.164,7.466,7.156,7.385,7.062,7.692,7.229,6.898,7.326,7.301,7.366,8.131,7.355,7.593,7.865,7.395,7.62,7.478
1982.03,18,7.64,7.301,6.955,7.471,6.266,7.159,7.195,7.508,7.025,7.401,7.025,7.663,7.207,6.883,7.308,7.237,7.242,8.199,7.356,7.657,7.818,7.444,7.54,7.481
1983.03,18,7.637,7.327,6.974,7.492,6.272,7.158,7.202,7.514,7.042,7.442,7.055,7.707,7.209,6.903,7.382,7.164,7.267,8.154,7.276,7.609,7.924,7.361,7.617,7.522
1984.03,18,7.662,7.313,7.031,7.511,6.24,7.167,7.171,7.492,7.041,7.468,7.072,7.687,7.121,6.908,7.246,7.196,7.327,8.172,7.395,7.595,7.881,7.363,7.612,7.521
1985.03,18,7.631,7.303,7,7.463,6.299,7.154,7.237,7.442,7.069,7.439,7.01,7.694,7.241,6.874,7.273,7.176,7.318,8.133,7.315,7.583,7.845,7.352,7.623,7.435
1986.03,18,7.642,7.279,6.972,7.48,6.229,7.116,7.175,7.471,7.069,7.417,7.044,7.677,7.151,6.892,7.28,7.214,7.29,8.132,7.331,7.634,7.898,7.393,7.577,7.516
1987.03,18,7.615,7.349,6.885,7.47,6.219,7.184,7.187,7.422,7.026,7.399,7.043,7.695,7.154,6.989,7.29,7.267,7.293,8.103,7.322,7.568,7.862,7.394,7.594,7.482
1988.03,18,7.542,7.272,6.942,7.501,6.245,7.105,7.194,7.479,7.02,7.362,7.099,7.687,7.174,6.907,7.352,7.238,7.266,8.174,7.296,7.587,7.849,7.372,7.63,7.5
1989.03,18,7.559,7.266,6.906,7.474,6.192,7.163,7.178,7.473,7.071,7.441,6.969,7.744,7.25,6.856,7.346,7.287,7.252,8.153,7.294,7.588,7.946,7.379,7.666,7.52
1990.03,18,7.657,7.281,7.027,7.495,6.242,7.153,7.188,7.465,7.032,7.427,7.057,7.676,7.238,6.847,7.382,7.23,7.229,8.135,7.317,7.637,7.892,7.346,7.634,7.543
1991.03,18,7.561,7.252,6.982,7.457,6.284,7.15,7.105,7.468,6.985,7.45,6.973,7.705,7.164,6.857,7.282,7.27,7.234,8.201,7.265,7.635,7.872,7.358,7.551,7.526
1992.03,18,7.599,7.233,6.937,7.435,6.173,7.168,7.182,7.485,7.028,7.367,6.999,7.692,7.211,6.861,7.309,7.237,7.287,8.171,7.309,7.617,7.787,7.436,7.579,7.558
1993.03,18,7.6,7.295,6.973,7.454,6.192,7.079,7.243,7.479,7.04,7.405,7.043,7.71,7.161,6.936,7.289,7.191,7.281,8.132,7.273,7.616,7.895,7.356,7.55,7.49
1994.03,18,7.604,7.291,6.954,7.474,6.211,7.165,7.161,7.468,7.041,7.407,7.09,7.717,7.148,6.919,7.325,7.243,7.333,8.125,7.212,7.609,7.901,7.409,7.551,7.526
1995.03,18,7.6,7.305,6.965,7.471,6.147,7.137,7.154,7.455,7.061,7.399,7.016,7.661,7.153,6.859,7.348,7.207,7.35,8.133,7.334,7.601,7.818,7.373,7.588,7.514
1996.03,18,7.588,7.215,6.944,7.415,6.175,7.159,7.114,7.425,6.994,7.362,7.087,7.639,7.193,6.882,7.298,7.215,7.304,8.135,7.319,7.589,7.88,7.473,7.606,7.498
1997.03,18,7.697,7.314,6.966,7.483,6.302,7.154,7.194,7.518,7.011,7.37,7.086,7.707,7.225,6.884,7.307,7.186,7.273,8.127,7.375,7.634,7.866,7.396,7.515,7.472
1998.03,18,7.55,7.285,7.023,7.438,6.349,7.168,7.133,7.444,7.125,7.439,7.019,7.703,7.145,6.869,7.241,7.231,7.212,8.139,7.336,7.555,7.865,7.394,7.634,7.436
1999.03,18,7.624,7.341,7.024,7.461,6.241,7.109,7.186,7.417,7.069,7.439,7.066,7.713,7.202,6.884,7.344,7.176,7.319,8.151,7.27,7.569,7.84,7.391,7.647,7.451
2000.03,18,7.569,7.251,6.913,7.464,6.225,7.142,7.201,7.436,7.065,7.445,7.048,7.67,7.193,6.834,7.289,7.2,7.32,8.192,7.279,7.497,7.874,7.402,7.651,7.484
2001.03,18,7.609,7.314,6.998,7.409,6.211,7.092,7.211,7.462,7.023,7.382,7.006,7.663,7.25,6.948,7.241,7.11,7.32,8.157,7.295,7.59,7.836,7.372,7.634,7.461
2002.03,18,7.584,7.281,6.964,7.398,6.24,7.052,7.193,7.515,7.079,7.444,7.045,7.656,7.172,6.93,7.279,7.175,7.279,8.139,7.286,7.607,7.848,7.382,7.541,7.506
2003.03,18,7.659,7.206,6.958,7.453,6.23,7.095,7.188,7.452,7.02,7.415,6.996,7.656,7.115,6.824,7.296,7.204,7.253,8.213,7.274,7.565,7.858,7.382,7.586,7.548
2004.03,18,7.48,7.256,6.897,7.504,6.224,7.094,7.174,7.453,7.035,7.481,7.019,7.684,7.225,6.936,7.294,7.178,7.277,8.123,7.307,7.552,7.786,7.385,7.565,7.526
2005.03,18,7.516,7.271,6.909,7.472,6.268,7.123,7.163,7.424,7.045,7.415,7.084,7.685,7.189,6.847,7.292,7.18,7.295,8.115,7.24,7.607,7.829,7.412,7.604,7.546
2006.03,18,7.6,7.3,6.945,7.402,6.194,7.074,7.201,7.456,6.997,7.341,7.067,7.614,7.161,6.957,7.373,7.172,7.225,8.157,7.292,7.541,7.866,7.401,7.569,7.489
2007.03,18,7.609,7.27,6.982,7.452,6.217,7.168,7.197,7.477,7.063,7.396,7.022,7.667,7.184,6.892,7.247,7.168,7.295,8.104,7.339,7.609,7.841,7.387,7.586,7.486
2008.03,18,7.532,7.249,6.931,7.438,6.202,7.112,7.241,7.446,7.067,7.361,7.032,7.688,7.222,6.895,7.293,7.221,7.318,8.156,7.349,7.533,7.855,7.364,7.567,7.518
2009.03,18,7.53,7.256,7.042,7.384,6.252,7.083,7.184,7.398,7.01,7.37,7.093,7.62,7.228,6.881,7.255,7.11,7.267,8.097,7.282,7.59,7.869,7.367,7.546,7.507
2010.03,18,7.575,7.261,6.978,7.473,6.159,7.098,7.253,7.428,6.966,7.401,7.031,7.7,7.201,6.84,7.337,7.222,7.2,8.056,7.258,7.519,7.815,7.421,7.542,7.507
2011.03,18,7.576,7.273,6.921,7.469,6.228,7.152,7.154,7.451,7.077,7.373,7.014,7.642,7.16,6.9,7.25,7.213,7.305,8.093,7.273,7.603,7.856,7.435,7.586,7.475
2012.03,18,7.51,7.245,6.955,7.411,6.164,7.13,7.175,7.473,6.997,7.357,7.051,7.698,7.148,6.85,7.326,7.247,7.241,8.156,7.289,7.552,7.853,7.31,7.613,7.457
2013.03,18,7.61,7.218,6.881,7.377,6.176,7.147,7.205,7.388,7.026,7.351,6.982,7.665,7.185,6.915,7.243,7.236,7.226,8.13,7.296,7.654,7.839,7.321,7.634,7.46
2014.03,18,7.523,7.182,6.909,7.426,6.207,7.124,7.15,7.333,6.958,7.396,7.013,7.691,7.175,6.879,7.34,7.201,7.266,8.172,7.348,7.577,7.838,7.324,7.478,7.488
2015.03,18,7.552,7.234,6.915,7.388,6.215,7.148,7.168,7.412,7.003,7.402,7.012,7.689,7.161,6.873,7.312,7.195,7.255,8.155,7.284,7.647,7.84,7.365,7.551,7.503
2016.03,18,7.551,7.271,6.885,7.377,6.213,7.1,7.199,7.401,6.994,7.341,7.031,7.619,7.199,6.862,7.285,7.143,7.248,8.133,7.347,7.542,7.862,7.349,7.598,7.449
2017.03,18,7.535,7.226,6.929,7.391,6.221,7.084,7.127,7.297,7.004,7.401,7.01,7.622,7.215,6.866,7.194,7.272,7.264,8.068,7.221,7.524,7.819,7.344,7.593,7.469
2018.03,18,7.564,7.211,6.914,7.351,6.217,7.053,7.163,7.453,7.025,7.394,6.992,7.63,7.209,6.86,7.321,7.247,7.274,8.094,7.316,7.545,7.839,7.338,7.592,7.489
2019.03,18,7.625,7.168,6.922,7.402,6.165,7.089,7.14,7.452,6.949,7.364,6.988,7.708,7.176,6.842,7.315,7.22,7.256,8.111,7.356,7.613,7.832,7.355,7.598,7.516
2020.03,18,7.65,7.218,6.944,7.364,6.206,7.134,7.148,7.447,7.017,7.385,7.007,7.688,7.182,6.896,7.274,7.221,7.241,8.133,7.231,7.585,7.813,7.351,7.509,7.465
2021.03,18,7.563,7.204,6.858,7.44,6.155,7.137,7.143,7.49,7.028,7.306,7.037,7.667,7.226,6.886,7.315,7.173,7.244,8.093,7.318,7.567,7.779,7.352,7.563,7.449
2022.03,18,7.535,7.256,6.899,7.44,6.152,7.028,7.198,7.437,6.985,7.393,6.985,7.65,7.119,6.867,7.248,7.254,7.208,8.088,7.304,7.581,7.862,7.332,7.629,7.459
2023.03,18,7.582,7.203,6.851,7.369,6.171,7.109,7.15,7.44,7.003,7.357,7.009,7.672,7.181,6.886,7.251,7.231,7.268,8.197,7.284,7.584,7.856,7.305,7.564,7.403
2024.03,18,7.512,7.286,6.917,7.481,6.143,7.078,7.098,7.418,6.976,7.34,6.987,7.647,7.121,6.808,7.319,7.163,7.226,8.142,7.327,7.575,7.789,7.343,7.554,7.493
2025.03,18,7.569,7.269,6.896,7.403,6.111,7.153,7.203,7.363,6.941,7.372,7.057,7.599,7.145,6.856,7.341,7.209,7.216,8.098,7.289,7.533,7.808,7.349,7.589,7.502
2026.03,18,7.586,7.297,6.902,7.41,6.21,7.088,7.189,7.437,7.002,7.391,7.019,7.634,7.106,6.837,7.24,7.146,7.189,8.129,7.274,7.609,7.835,7.432,7.564,7.519
2027.03,18,7.64,7.214,6.891,7.409,6.234,7.039,7.128,7.368,6.985,7.419,7.052,7.659,7.096,6.858,7.282,7.158,7.289,8.147,7.294,7.521,7.762,7.362,7.559,7.479
2028.03,18,7.582,7.209,6.909,7.389,6.16,7.118,7.172,7.383,6.987,7.381,7.016,7.651,7.137,6.882,7.325,7.193,7.179,8.082,7.268,7.59,7.795,7.406,7.553,7.507
2029.03,18,7.621,7.33,6.875,7.398,6.213,7.134,7.126,7.429,7.026,7.356,6.984,7.617,7.12,6.795,7.326,7.153,7.264,8.105,7.241,7.545,7.851,7.344,7.569,7.527
2030.03,18,7.508,7.291,6.872,7.424,6.159,7.106,7.185,7.397,6.982,7.369,6.999,7.636,7.142,6.821,7.273,7.191,7.249,8.08,7.223,7.519,7.807,7.359,7.568,7.495
2031.03,18,7.576,7.239,6.912,7.403,6.15,7.145,7.107,7.346,6.96,7.412,7.007,7.653,7.188,6.855,7.299,7.179,7.266,8.056,7.306,7.575,7.857,7.313,7.514,7.499
2032.03,18,7.54,7.238,6.939,7.339,6.166,7.169,7.105,7.392,6.945,7.346,6.975,7.669,7.109,6.855,7.329,7.22,7.278,8.098,7.34,7.611,7.826,7.291,7.532,7.505
2033.03,18,7.555,7.252,6.865,7.419,6.146,7.13,7.148,7.412,6.951,7.41,6.925,7.607,7.164,6.811,7.331,7.152,7.289,8.101,7.299,7.531,7.787,7.367,7.567,7.484
2034.03,18,7.599,7.197,6.971,7.394,6.159,7.099,7.161,7.404,6.996,7.34,6.949,7.64,7.124,6.802,7.301,7.215,7.287,8.1,7.238,7.539,7.805,7.396,7.514,7.557
2035.03,18,7.515,7.154,6.834,7.409,6.125,7.103,7.192,7.408,7.061,7.375,7.006,7.735,7.155,6.794,7.231,7.223,7.258,8.07,7.283,7.554,7.804,7.321,7.597,7.409
2036.03,18,7.566,7.199,6.882,7.381,6.15,7.009,7.132,7.359,6.966,7.343,6.914,7.641,7.181,6.873,7.258,7.171,7.206,8.106,7.207,7.52,7.758,7.423,7.593,7.419
2037.03,18,7.524,7.279,6.87,7.408,6.17,7.118,7.118,7.416,6.982,7.323,6.989,7.644,7.135,6.829,7.307,7.199,7.2,8.113,7.242,7.533,7.794,7.303,7.564,7.446
2038.03,18,7.596,7.279,6.888,7.335,6.188,7.093,7.145,7.41,6.971,7.351,6.977,7.64,7.193,6.9,7.258,7.113,7.197,8.078,7.265,7.529,7.837,7.404,7.629,7.476
2039.03,18,7.576,7.227,6.939,7.362,6.149,7.196,7.169,7.396,6.947,7.336,7.028,7.643,7.091,6.832,7.232,7.184,7.286,8.1,7.307,7.598,7.806,7.352,7.659,7.448
2040.03,18,7.506,7.24,6.89,7.409,6.167,7.1,7.138,7.449,6.966,7.394,6.935,7.587,7.168,6.826,7.263,7.126,7.214,8.038,7.307,7.581,7.876,7.346,7.553,7.432
2041.03,18,7.526,7.259,6.816,7.395,6.186,7.093,7.183,7.388,6.966,7.364,7.05,7.68,7.159,6.847,7.249,7.125,7.207,8.039,7.315,7.549,7.754,7.391,7.565,7.355
2042.03,18,7.563,7.276,6.893,7.328,6.157,7.081,7.119,7.365,6.967,7.383,6.983,7.628,7.166,6.889,7.292,7.229,7.219,8.096,7.3,7.522,7.838,7.389,7.548,7.429
2043.03,18,7.509,7.289,6.911,7.361,6.114,7.077,7.169,7.382,6.951,7.376,6.953,7.686,7.118,6.779,7.214,7.18,7.212,8.069,7.245,7.554,7.806,7.317,7.563,7.377
2044.03,18,7.605,7.204,6.815,7.371,6.143,7.1,7.142,7.417,7.02,7.375,6.98,7.621,7.112,6.846,7.205,7.153,7.207,8.161,7.286,7.557,7.73,7.359,7.559,7.461
2045.03,18,7.588,7.289,6.881,7.38,6.092,7.138,7.185,7.395,6.972,7.309,7.013,7.645,7.19,6.831,7.283,7.181,7.23,8.112,7.248,7.554,7.797,7.311,7.514,7.431
2046.03,18,7.474,7.117,6.911,7.327,6.142,7.024,7.132,7.402,6.918,7.388,6.961,7.609,7.092,6.818,7.227,7.157,7.206,8.102,7.26,7.495,7.795,7.359,7.468,7.425
2047.03,18,7.529,7.117,6.844,7.442,6.199,7.097,7.142,7.375,6.976,7.421,6.944,7.591,7.129,6.792,7.228,7.134,7.226,8.073,7.356,7.469,7.856,7.276,7.57,7.408
2048.03,18,7.505,7.226,6.911,7.451,6.126,7.116,7.139,7.392,6.912,7.346,6.929,7.634,7.189,6.871,7.159,7.173,7.084,8.074,7.284,7.572,7.756,7.31,7.553,7.457
2049.03,18,7.583,7.199,6.861,7.359,6.153,6.999,7.146,7.354,6.993,7.386,6.923,7.544,7.16,6.839,7.23,7.22,7.197,8.044,7.233,7.488,7.818,7.287,7.601,7.379
2050.03,18,7.593,7.235,6.894,7.399,6.153,7.067,7.171,7.392,6.957,7.367,6.975,7.567,7.145,6.827,7.29,7.109,7.229,8.114,7.195,7.57,7.82,7.312,7.604,7.492
2051.03,18,7.55,7.232,6.855,7.344,6.142,7.1,7.122,7.426,6.97,7.348,6.987,7.576,7.104,6.793,7.256,7.22,7.226,8.063,7.257,7.563,7.834,7.388,7.531,7.416
2052.03,18,7.565,7.19,6.855,7.335,6.188,7.034,7.121,7.447,6.932,7.356,7.001,7.536,7.124,6.83,7.214,7.202,7.274,8.104,7.308,7.545,7.805,7.366,7.566,7.562
2053.03,18,7.56,7.214,6.801,7.36,6.174,7.047,7.217,7.412,6.915,7.324,7.018,7.711,7.14,6.771,7.228,7.189,7.23,8.072,7.284,7.573,7.812,7.262,7.509,7.465
2054.03,18,7.487,7.147,6.883,7.364,6.159,7.14,7.095,7.379,6.931,7.338,6.961,7.683,7.093,6.797,7.253,7.109,7.175,8.101,7.257,7.564,7.805,7.378,7.535,7.474
2055.03,18,7.559,7.158,6.841,7.372,6.175,7.025,7.138,7.378,6.927,7.31,6.942,7.609,7.214,6.811,7.265,7.122,7.175,8.035,7.307,7.472,7.781,7.36,7.504,7.478
2056.03,18,7.596,7.191,6.948,7.353,6.086,7.036,7.11,7.415,6.905,7.328,6.971,7.609,7.136,6.791,7.223,7.069,7.234,8.071,7.239,7.604,7.822,7.32,7.571,7.482
2057.03,18,7.542,7.194,6.864,7.271,6.174,7.06,7.111,7.332,6.936,7.397,6.92,7.558,7.207,6.75,7.286,7.162,7.256,8.066,7.286,7.585,7.802,7.32,7.542,7.453
2058.03,18,7.508,7.251,6.87,7.422,6.13,7.038,7.133,7.39,6.96,7.361,6.939,7.602,7.193,6.874,7.226,7.132,7.248,8.095,7.259,7.498,7.843,7.332,7.614,7.446
2059.03,18,7.532,7.181,6.862,7.379,6.1,7.08,7.136,7.343,6.937,7.378,6.895,7.548,7.105,6.823,7.174,7.204,7.207,8.078,7.263,7.499,7.782,7.287,7.524,7.453
2060.03,18,7.513,7.146,6.825,7.351,6.142,7.036,7.161,7.455,6.845,7.33,6.903,7.557,7.127,6.728,7.257,7.109,7.241,8.063,7.273,7.478,7.775,7.324,7.476,7.439
2061.03,18,7.495,7.209,6.828,7.311,6.138,7.012,7.138,7.348,6.897,7.315,6.973,7.589,7.175,6.848,7.193,7.171,7.163,8.057,7.268,7.535,7.756,7.304,7.488,7.429
2062.03,18,7.573,7.244,6.859,7.338,6.149,7.072,7.063,7.393,6.921,7.343,6.904,7.586,7.112,6.794,7.264,7.132,7.205,8.078,7.238,7.562,7.794,7.326,7.523,7.438
2063.03,18,7.553,7.216,6.86,7.314,6.091,7.055,7.063,7.359,6.907,7.391,6.992,7.557,7.115,6.776,7.187,7.152,7.161,8.171,7.293,7.547,7.79,7.276,7.549,7.476
2064.03,18,7.588,7.169,6.826,7.365,6.095,7.04,7.067,7.374,6.939,7.323,6.931,7.651,7.116,6.801,7.303,7.138,7.217,8.067,7.238,7.517,7.764,7.341,7.549,7.395
2065.03,18,7.597,7.12,6.884,7.357,6.14,7.044,7.163,7.366,6.893,7.337,7.001,7.649,7.128,6.882,7.242,7.15,7.252,8.033,7.238,7.569,7.772,7.325,7.459,7.471
2066.03,18,7.546,7.181,6.825,7.307,6.135,7.067,7.135,7.39,6.864,7.307,6.994,7.557,7.127,6.83,7.268,7.145,7.245,8.011,7.273,7.503,7.782,7.308,7.622,7.407
2067.03,18,7.51,7.146,6.9,7.232,6.183,7.057,7.127,7.383,7.023,7.268,6.939,7.566,7.128,6.813,7.249,7.096,7.209,8.087,7.264,7.549,7.859,7.33,7.524,7.478
2068.03,18,7.49,7.213,6.831,7.332,6.03,7.058,7.145,7.364,6.938,7.32,6.93,7.584,7.08,6.829,7.252,7.066,7.18,8.056,7.331,7.52,7.804,7.399,7.533,7.471
2069.03,18,7.48,7.172,6.856,7.351,6.155,7.056,7.114,7.362,6.954,7.373,6.925,7.603,7.117,6.8,7.208,7.151,7.096,8.126,7.237,7.583,7.729,7.334,7.574,7.378
2070.03,18,7.593,7.2,6.812,7.315,6.117,7.081,7.146,7.374,6.859,7.342,6.972,7.561,7.133,6.784,7.193,7.103,7.168,8.078,7.228,7.521,7.793,7.279,7.511,7.505
2071.03,18,7.507,7.196,6.836,7.35,6.136,7.048,7.082,7.35,6.835,7.318,6.944,7.614,7.137,6.769,7.238,7.099,7.226,8.034,7.227,7.561,7.808,7.282,7.524,7.458
2072.03,18,7.496,7.228,6.838,7.386,6.131,7.007,7.115,7.37,6.949,7.415,6.91,7.607,7.136,6.737,7.246,7.106,7.207,8.066,7.206,7.482,7.801,7.296,7.503,7.432
2073.03,18,7.52,7.195,6.885,7.26,6.115,7.016,7.124,7.311,6.903,7.337,6.955,7.625,7.101,6.833,7.254,7.171,7.229,8.072,7.227,7.546,7.851,7.305,7.534,7.403
2074.03,18,7.496,7.116,6.875,7.296,6.159,7.081,7.094,7.335,6.885,7.321,6.965,7.614,7.08,6.771,7.218,7.103,7.223,8.031,7.271,7.558,7.794,7.301,7.47,7.493
2075.03,18,7.507,7.131,6.85,7.337,6.142,7.106,7.074,7.295,6.879,7.298,6.971,7.479,7.099,6.775,7.288,7.114,7.231,8.078,7.196,7.526,7.755,7.277,7.502,7.388
2076.03,18,7.541,7.201,6.847,7.338,6.114,7.071,7.163,7.407,6.927,7.367,6.953,7.565,7.145,6.805,7.258,7.066,7.137,8.077,7.17,7.505,7.785,7.348,7.521,7.491
2077.03,18,7.527,7.185,6.812,7.353,6.098,7.055,7.112,7.31,6.932,7.346,7.014,7.596,7.174,6.719,7.282,7.119,7.196,8.073,7.248,7.48,7.82,7.348,7.562,7.435
2078.03,18,7.513,7.207,6.841,7.288,6.124,7.063,7.135,7.377,6.827,7.344,6.972,7.582,7.152,6.77,7.224,7.092,7.173,8.094,7.273,7.501,7.832,7.299,7.495,7.406
2079.03,18,7.55,7.214,6.837,7.4,6.075,7.061,7.061,7.376,6.879,7.314,6.942,7.609,7.043,6.781,7.153,7.113,7.18,8.063,7.205,7.511,7.819,7.21,7.571,7.434
2080.03,18,7.523,7.171,6.893,7.277,6.104,7.042,7.089,7.339,6.864,7.288,6.926,7.589,7.12,6.783,7.2,7.111,7.2,8.037,7.173,7.479,7.759,7.337,7.527,7.463
2081.03,18,7.525,7.206,6.836,7.343,6.101,7.027,7.127,7.326,6.905,7.243,6.94,7.591,7.091,6.806,7.252,7.084,7.185,8.052,7.179,7.57,7.767,7.338,7.501,7.462
2082.03,18,7.53,7.168,6.812,7.298,6.062,7.11,7.085,7.398,6.846,7.301,6.885,7.552,7.107,6.788,7.238,7.148,7.183,7.999,7.215,7.581,7.811,7.266,7.572,7.432
2083.03,18,7.465,7.199,6.891,7.315,6.118,7.068,7.103,7.264,6.885,7.3,6.892,7.567,7.068,6.752,7.169,7.122,7.205,8.064,7.307,7.512,7.792,7.301,7.595,7.428
2084.03,18,7.488,7.222,6.799,7.253,6.079,7.055,7.118,7.356,6.907,7.306,6.907,7.639,7.127,6.761,7.192,7.081,7.185,8.032,7.237,7.509,7.722,7.313,7.513,7.394
2085.03,18,7.499,7.155,6.886,7.331,6.074,7.081,7.051,7.302,6.839,7.286,6.83,7.525,7.15,6.79,7.199,7.097,7.118,8.033,7.193,7.475,7.806,7.267,7.53,7.394
2086.03,18,7.522,7.19,6.779,7.366,6.105,7.01,7.042,7.346,6.912,7.314,6.945,7.584,7.097,6.764,7.261,7.07,7.2,8.037,7.193,7.535,7.812,7.276,7.452,7.4
2087.03,18,7.547,7.12,6.79,7.334,6.077,7.059,7.083,7.354,6.868,7.333,6.931,7.605,7.083,6.796,7.203,7.152,7.197,8.042,7.176,7.477,7.806,7.313,7.533,7.409
2088.03,18,7.514,7.133,6.773,7.322,6.024,6.998,7.14,7.317,6.825,7.318,6.954,7.507,7.055,6.748,7.194,7.085,7.163,8.065,7.25,7.486,7.805,7.346,7.486,7.425
2089.03,18,7.467,7.153,6.848,7.313,6.088,7.061,7.082,7.339,6.856,7.358,6.944,7.551,7.084,6.827,7.182,7.066,7.196,8.073,7.199,7.474,7.798,7.275,7.43,7.457
2090.03,18,7.551,7.166,6.774,7.282,6.074,7.027,7.042,7.326,6.87,7.257,6.888,7.595,7.07,6.715,7.18,7.128,7.165,7.998,7.236,7.515,7.787,7.357,7.505,7.469
2091.03,18,7.496,7.153,6.868,7.293,6.14,7.029,7.038,7.361,6.934,7.308,6.916,7.529,7.105,6.676,7.207,7.101,7.229,8.069,7.281,7.539,7.744,7.251,7.548,7.393
2092.03,18,7.479,7.157,6.808,7.254,6.084,7.032,7.092,7.323,6.89,7.309,6.895,7.567,7.136,6.739,7.171,7.072,7.157,8.045,7.254,7.494,7.773,7.268,7.513,7.435
2093.03,18,7.488,7.153,6.86,7.321,6.092,6.977,7.114,7.327,6.896,7.254,6.98,7.591,7.066,6.718,7.187,7.065,7.183,8.033,7.345,7.474,7.766,7.289,7.509,7.518
2094.03,18,7.512,7.183,6.794,7.277,6.067,7.034,7.097,7.335,6.865,7.226,6.854,7.609,7.13,6.713,7.173,7.157,7.171,8.081,7.205,7.563,7.76,7.278,7.498,7.369
2095.03,18,7.484,7.108,6.825,7.294,6.087,7.034,7.152,7.33,6.932,7.271,6.911,7.54,7.13,6.755,7.25,7.083,7.211,8.103,7.24,7.528,7.764,7.332,7.519,7.38
2096.03,18,7.513,7.143,6.852,7.285,6.064,7.045,7.039,7.292,6.818,7.335,6.912,7.616,7.126,6.788,7.17,7.106,7.214,8.021,7.214,7.515,7.703,7.27,7.532,7.405
2097.03,18,7.511,7.229,6.822,7.231,6.042,6.99,7.046,7.359,6.911,7.207,6.867,7.617,7.155,6.833,7.152,7.118,7.156,8.037,7.249,7.494,7.741,7.253,7.497,7.363
2098.03,18,7.52,7.085,6.752,7.303,6.051,7.04,7.161,7.312,6.916,7.327,6.962,7.558,7.115,6.768,7.182,7.119,7.14,8.036,7.194,7.557,7.759,7.308,7.459,7.438
2099.03,18,7.529,7.158,6.826,7.28,6.048,7.029,7.081,7.353,6.877,7.311,6.869,7.574,7.147,6.704,7.17,7.068,7.159,8.01,7.245,7.454,7.77,7.295,7.493,7.479
2100.03,18,7.499,7.149,6.8,7.342,6.093,7.052,7.083,7.388,6.841,7.302,6.864,7.61,7.055,6.75,7.241,7.109,7.145,8.023,7.276,7.512,7.764,7.322,7.486,7.439
2101.03,18,7.483,7.181,6.744,7.318,6.156,6.962,7.07,7.356,6.904,7.238,6.865,7.632,7.126,6.714,7.26,7.112,7.174,8.002,7.293,7.517,7.767,7.316,7.476,7.437
2102.03,18,7.514,7.097,6.823,7.248,6.055,6.982,7.048,7.407,6.893,7.235,6.869,7.559,7.103,6.729,7.223,7.113,7.161,8.006,7.269,7.5,7.733,7.284,7.55,7.434
2103.03,18,7.562,7.144,6.814,7.304,6.063,7.021,7.093,7.318,6.867,7.298,6.908,7.575,7.11,6.701,7.172,7.118,7.157,8.02,7.214,7.496,7.735,7.233,7.542,7.39
2104.03,18,7.507,7.164,6.802,7.278,6.02,7.035,7.111,7.345,6.858,7.303,6.924,7.509,7.047,6.73,7.202,7.117,7.185,8.108,7.218,7.494,7.785,7.331,7.49,7.415
2105.03,18,7.514,7.146,6.767,7.293,6.023,7.043,7.091,7.367,6.864,7.247,6.803,7.503,7.096,6.728,7.189,7.073,7.165,8.016,7.195,7.531,7.792,7.355,7.498,7.404
2106.03,18,7.531,7.167,6.801,7.28,6.03,7.05,7.09,7.298,6.926,7.296,6.88,7.577,7.087,6.716,7.144,7.088,7.144,8.057,7.237,7.537,7.708,7.305,7.559,7.441
2107.03,18,7.465,7.157,6.778,7.26,6.081,7.06,7.116,7.318,6.895,7.248,6.877,7.548,7.126,6.721,7.144,7.161,7.141,8.001,7.201,7.55,7.793,7.343,7.486,7.526
2108.03,18,7.475,7.086,6.821,7.291,6.006,7.009,7.014,7.308,6.8,7.222,6.886,7.579,7.098,6.788,7.231,7.141,7.203,8.089,7.183,7.452,7.731,7.32,7.496,7.388
2109.03,18,7.48,7.15,6.703,7.259,6.068,6.981,7.07,7.292,6.824,7.257,6.868,7.568,7.136,6.769,7.227,7.079,7.156,8.082,7.177,7.494,7.761,7.316,7.558,7.418
2110.03,18,7.527,7.093,6.81,7.269,6.056,7.03,7.09,7.321,6.814,7.292,6.824,7.546,7.063,6.696,7.182,7.115,7.151,8.09,7.224,7.444,7.726,7.303,7.506,7.462
2111.03,18,7.441,7.159,6.754,7.234,6.051,7.039,7.056,7.365,6.855,7.299,6.927,7.555,7.088,6.776,7.152,7.157,7.14,8.021,7.249,7.493,7.793,7.249,7.467,7.369
2112.03,18,7.516,7.114,6.804,7.299,5.99,6.972,7.056,7.288,6.834,7.352,6.802,7.544,7.026,6.751,7.198,7.093,7.15,8.074,7.12,7.461,7.734,7.341,7.481,7.376
2113.03,18,7.472,7.138,6.75,7.269,6.076,7.001,7.058,7.25,6.875,7.273,6.871,7.542,7.063,6.709,7.177,7.082,7.119,8.012,7.194,7.5,7.768,7.261,7.544,7.458
2114.03,18,7.445,7.11,6.802,7.271,6.019,7.026,7.135,7.293,6.829,7.182,6.935,7.513,7.045,6.74,7.16,7.115,7.13,7.989,7.154,7.522,7.725,7.268,7.464,7.42
2115.03,18,7.51,7.206,6.751,7.25,6.043,7.029,7.052,7.354,6.751,7.317,6.87,7.52,7.068,6.749,7.193,7.067,7.064,7.964,7.218,7.486,7.786,7.25,7.466,7.463
2116.03,18,7.461,7.119,6.799,7.267,6.08,7.035,7.005,7.364,6.875,7.264,6.839,7.601,7.066,6.687,7.225,7.107,7.103,8.037,7.165,7.493,7.732,7.294,7.489,7.358
2117.03,18,7.438,7.106,6.742,7.247,6.099,7.014,7.138,7.322,6.88,7.293,6.873,7.573,7.03,6.685,7.191,7.169,7.127,8.03,7.161,7.488,7.721,7.286,7.525,7.371
2118.03,18,7.435,7.08,6.742,7.254,6.042,7.044,7.122,7.277,6.82,7.163,6.878,7.571,7.06,6.806,7.164,7.028,7.159,8.113,7.153,7.469,7.698,7.307,7.487,7.477
2119.03,18,7.473,7.17,6.831,7.24,6.044,6.972,7.04,7.243,6.866,7.306,6.878,7.591,7.095,6.717,7.19,7.08,7.141,7.966,7.147,7.461,7.752,7.3,7.503,7.392
2120.03,18,7.492,7.091,6.752,7.304,6.026,6.992,7.086,7.283,6.769,7.28,6.984,7.538,7.062,6.728,7.145,7.059,7.123,8.019,7.227,7.473,7.734,7.262,7.46,7.421
2121.03,18,7.501,7.09,6.771,7.195,6.054,6.997,7.082,7.31,6.825,7.259,6.836,7.511,7.007,6.745,7.158,7.067,7.111,7.924,7.193,7.542,7.697,7.241,7.484,7.441
2122.03,18,7.497,7.087,6.76,7.282,6.027,7.006,7.032,7.347,6.829,7.231,6.822,7.587,7.019,6.701,7.174,7.097,7.159,7.99,7.188,7.5,7.748,7.295,7.505,7.377
2123.03,18,7.485,7.063,6.773,7.3,6.052,6.983,7.078,7.321,6.854,7.276,6.881,7.451,7.107,6.713,7.197,7.06,7.114,7.93,7.208,7.448,7.668,7.242,7.459,7.412
2124.03,18,7.458,7.09,6.792,7.252,5.969,6.937,7.129,7.25,6.78,7.244,6.919,7.522,7.049,6.728,7.213,7.087,7.148,8.037,7.211,7.412,7.712,7.299,7.426,7.421
2125.03,18,7.498,7.127,6.759,7.244,5.994,7.067,6.994,7.377,6.785,7.3,6.851,7.564,7.019,6.721,7.183,7.008,7.023,8.024,7.228,7.487,7.704,7.246,7.493,7.383
2126.03,18,7.497,7.056,6.76,7.213,6.073,6.967,7.067,7.296,6.791,7.202,6.885,7.516,7.039,6.703,7.182,7.109,7.1,7.95,7.149,7.463,7.724,7.276,7.502,7.456
2127.03,18,7.486,7.099,6.731,7.226,6.016,6.974,7.081,7.299,6.774,7.218,6.869,7.512,7.084,6.682,7.21,7.115,7.147,7.967,7.278,7.505,7.717,7.283,7.497,7.41
2128.03,18,7.466,7.068,6.729,7.256,6.057,6.936,7.023,7.239,6.835,7.267,6.912,7.465,7.101,6.748,7.161,7.076,7.099,7.961,7.141,7.445,7.733,7.299,7.443,7.402
2129.03,18,7.479,7.184,6.8,7.235,5.972,6.998,7.026,7.254,6.832,7.226,6.823,7.517,7.058,6.655,7.147,7.053,7.138,7.953,7.158,7.458,7.694,7.218,7.481,7.398
2130.03,18,7.429,7.134,6.732,7.187,6.024,6.919,7.072,7.287,6.809,7.248,6.797,7.598,7.08,6.649,7.176,7.109,7.126,8.037,7.144,7.587,7.75,7.236,7.417,7.384
2131.03,18,7.485,7.175,6.748,7.283,6.049,7.058,7.032,7.285,6.841,7.212,6.9,7.534,7.065,6.737,7.238,7.062,7.086,8.021,7.166,7.455,7.691,7.331,7.456,7.401
2132.03,18,7.453,7.04,6.736,7.276,6.018,7.045,7.035,7.284,6.825,7.246,6.862,7.518,6.99,6.735,7.152,7.066,7.125,7.966,7.24,7.441,7.819,7.315,7.504,7.36
2133.03,18,7.524,7.098,6.761,7.188,5.965,6.997,7.038,7.258,6.792,7.206,6.864,7.545,7.06,6.699,7.179,7.062,7.108,7.947,7.179,7.494,7.768,7.233,7.514,7.441
2134.03,18,7.465,7.08,6.726,7.253,6.004,6.96,7.056,7.242,6.765,7.188,6.863,7.488,7.034,6.705,7.213,7.02,7.107,7.98,7.189,7.5,7.771,7.191,7.49,7.377
2135.03,18,7.503,7.054,6.687,7.217,5.992,7.018,7.099,7.31,6.801,7.281,6.819,7.447,7.043,6.754,7.17,7.086,7.131,8.025,7.209,7.43,7.693,7.197,7.461,7.44
2136.03,18,7.494,7.027,6.728,7.228,6.019,6.957,7.018,7.278,6.773,7.243,6.868,7.56,7.105,6.745,7.19,7.026,7.055,7.959,7.231,7.438,7.713,7.241,7.44,7.397
2137.03,18,7.494,7.128,6.684,7.267,5.954,6.988,7.078,7.209,6.812,7.267,6.871,7.494,7.062,6.749,7.15,7.002,7.092,7.98,7.175,7.511,7.726,7.266,7.486,7.365
2138.03,18,7.437,7.068,6.801,7.151,5.981,7.042,7.054,7.28,6.788,7.203,6.883,7.547,7.025,6.69,7.116,7.084,7.102,7.994,7.161,7.445,7.708,7.333,7.481,7.35
2139.03,18,7.455,7.082,6.688,7.154,5.98,7.011,7.039,7.24,6.817,7.165,6.869,7.53,7.091,6.709,7.13,7.08,7.063,7.975,7.23,7.474,7.73,7.287,7.511,7.373
2140.03,18,7.467,7.095,6.748,7.264,5.986,7.004,7.076,7.274,6.792,7.301,6.889,7.543,7.027,6.753,7.12,7,7.063,8.005,7.219,7.415,7.668,7.245,7.476,7.441
2141.03,18,7.442,7.043,6.747,7.17,5.969,7.029,7.015,7.297,6.772,7.228,6.84,7.523,7.029,6.705,7.168,7.092,7.116,8.054,7.166,7.461,7.709,7.221,7.472,7.339
2142.03,18,7.468,7.086,6.789,7.182,5.999,6.985,7.039,7.344,6.796,7.257,6.772,7.455,7.086,6.73,7.154,7.025,7.056,7.978,7.133,7.458,7.753,7.22,7.477,7.35
2143.03,18,7.482,7.06,6.706,7.253,5.985,6.983,7.003,7.197,6.788,7.234,6.858,7.593,7.04,6.721,7.186,7.05,7.113,8.019,7.164,7.429,7.732,7.299,7.454,7.397
2144.03,18,7.551,7.085,6.774,7.232,6.007,6.926,7.025,7.229,6.813,7.194,6.787,7.513,7.045,6.717,7.209,7.088,7.082,7.952,7.241,7.417,7.741,7.316,7.419,7.463
2145.03,18,7.511,7.063,6.765,7.2,5.976,7.014,7.022,7.253,6.884,7.244,6.794,7.466,6.998,6.707,7.118,7.035,7.076,7.965,7.206,7.522,7.696,7.216,7.48,7.395
2146.03,18,7.452,7.102,6.722,7.202,6.005,6.977,7.029,7.258,6.744,7.208,6.868,7.523,7.061,6.726,7.145,6.994,7.074,7.98,7.194,7.471,7.722,7.29,7.428,7.339
2147.03,18,7.439,7.004,6.766,7.239,6.044,6.993,7.023,7.292,6.717,7.244,6.797,7.482,7.029,6.741,7.179,7.005,7.065,7.95,7.224,7.391,7.756,7.239,7.406,7.382
2148.03,18,7.424,7.023,6.765,7.187,5.97,6.965,6.995,7.237,6.758,7.169,6.822,7.476,7.08,6.691,7.159,6.991,7.148,8.037,7.161,7.457,7.72,7.29,7.471,7.42
2149.03,18,7.458,7.141,6.732,7.208,6.001,6.974,7.087,7.277,6.78,7.277,6.836,7.563,7.053,6.689,7.147,7.023,7.073,7.973,7.163,7.475,7.658,7.267,7.445,7.404
2150.03,18,7.482,7.043,6.717,7.252,5.944,7.007,6.98,7.273,6.76,7.189,6.829,7.486,7.077,6.75,7.081,7.043,7.109,8,7.086,7.452,7.674,7.204,7.455,7.361
2151.03,18,7.469,7.044,6.657,7.129,6.003,6.993,7.038,7.224,6.758,7.19,6.761,7.502,6.978,6.625,7.098,6.993,7.035,7.994,7.212,7.508,7.719,7.237,7.381,7.388
2152.03,18,7.494,7.078,6.775,7.165,5.963,6.94,7.067,7.242,6.693,7.252,6.835,7.497,7.052,6.642,7.125,7.048,7.089,8.036,7.201,7.424,7.727,7.245,7.49,7.364
2153.03,18,7.483,7.059,6.711,7.213,5.941,7.003,7.027,7.281,6.697,7.14,6.796,7.483,7.002,6.681,7.107,7.024,7.071,7.992,7.152,7.515,7.759,7.176,7.477,7.352
2154.03,18,7.426,7.073,6.729,7.14,5.957,7.001,7.031,7.243,6.765,7.208,6.839,7.459,7.004,6.664,7.141,7.022,7.066,8.01,7.141,7.408,7.776,7.277,7.402,7.37
2155.03,18,7.407,7.125,6.696,7.205,5.941,6.968,7.065,7.214,6.693,7.197,6.84,7.541,7.068,6.672,7.128,7.002,7.126,7.957,7.141,7.446,7.712,7.247,7.544,7.338
2156.03,18,7.456,7.054,6.719,7.24,5.958,6.984,7.008,7.244,6.77,7.254,6.778,7.472,6.978,6.695,7.167,7.064,7.127,7.945,7.202,7.392,7.714,7.175,7.465,7.375
2157.03,18,7.432,7.071,6.725,7.166,5.955,6.904,7.035,7.195,6.781,7.217,6.804,7.505,6.943,6.718,7.158,7.059,7.023,7.959,7.223,7.479,7.664,7.234,7.429,7.38
2158.03,18,7.391,7.062,6.796,7.125,5.949,6.952,7.005,7.273,6.817,7.195,6.803,7.518,7.031,6.666,7.098,6.997,7.034,7.966,7.141,7.445,7.657,7.262,7.418,7.344
2159.03,18,7.48,7.063,6.706,7.212,5.92,6.968,6.92,7.218,6.724,7.258,6.864,7.515,7.069,6.705,7.129,6.997,7.038,7.921,7.113,7.509,7.696,7.186,7.486,7.355
2160.03,18,7.537,7.094,6.629,7.192,5.934,6.969,7.051,7.267,6.765,7.255,6.821,7.436,7.003,6.67,7.163,6.974,7.13,7.956,7.165,7.476,7.756,7.266,7.458,7.422
2161.03,18,7.484,7.043,6.705,7.183,6.008,6.9,7.027,7.179,6.82,7.181,6.812,7.52,7.06,6.704,7.138,6.985,7.105,7.871,7.196,7.476,7.689,7.17,7.399,7.462
2162.03,18,7.425,7.056,6.65,7.227,5.902,6.897,6.984,7.26,6.807,7.189,6.837,7.519,6.999,6.672,7.145,6.996,7.066,7.984,7.213,7.497,7.744,7.23,7.45,7.356
2163.03,18,7.457,7.102,6.732,7.141,5.987,6.944,7.021,7.192,6.764,7.254,6.79,7.463,6.984,6.624,7.088,7.025,6.991,7.979,7.134,7.518,7.679,7.159,7.412,7.368
2164.03,18,7.466,7.031,6.662,7.223,5.926,6.915,6.986,7.199,6.775,7.184,6.761,7.522,7.028,6.605,7.139,6.946,7.058,7.964,7.106,7.468,7.692,7.201,7.417,7.327
2165.03,18,7.447,7.065,6.648,7.202,5.941,6.943,7.013,7.247,6.798,7.239,6.757,7.495,6.955,6.677,7.162,6.983,7.034,7.958,7.133,7.422,7.702,7.195,7.486,7.399
2166.03,18,7.439,7.079,6.652,7.181,5.974,6.935,7.092,7.247,6.731,7.217,6.81,7.524,7.056,6.682,7.148,6.973,7.113,7.931,7.144,7.428,7.718,7.24,7.421,7.347
2167.03,18,7.455,7.016,6.717,7.187,5.992,7.017,7.038,7.239,6.727,7.158,6.819,7.543,7.086,6.677,7.135,6.959,7.039,7.967,7.085,7.425,7.697,7.268,7.481,7.438
2168.03,18,7.388,7.072,6.698,7.205,5.942,6.929,7.012,7.151,6.766,7.177,6.849,7.479,6.979,6.676,7.087,7.009,7.117,8.013,7.2,7.45,7.758,7.155,7.442,7.339
2169.03,18,7.367,7.021,6.645,7.188,5.938,6.917,7.042,7.215,6.752,7.167,6.812,7.49,6.995,6.703,7.1,6.99,7.067,7.995,7.138,7.387,7.708,7.195,7.498,7.372
2170.03,18,7.43,7.063,6.701,7.153,5.898,6.988,6.966,7.181,6.73,7.174,6.785,7.416,6.98,6.697,7.095,7.047,7.043,7.984,7.181,7.461,7.721,7.224,7.48,7.407
2171.03,18,7.411,7.062,6.705,7.182,5.928,6.925,6.991,7.235,6.743,7.199,6.827,7.472,7.047,6.674,7.133,7.003,7.067,7.961,7.109,7.455,7.72,7.209,7.458,7.392
2172.03,18,7.421,7.087,6.743,7.115,5.943,6.978,7.021,7.17,6.702,7.151,6.756,7.43,7.005,6.692,7.133,6.98,7.12,7.958,7.106,7.446,7.703,7.25,7.396,7.404
2173.03,18,7.326,7.02,6.762,7.164,5.984,7.034,6.956,7.208,6.76,7.171,6.808,7.368,7.023,6.585,7.119,6.972,7.086,7.916,7.125,7.381,7.676,7.166,7.48,7.348
2174.03,18,7.447,7.055,6.672,7.087,5.908,6.947,6.966,7.233,6.752,7.151,6.805,7.43,7.015,6.667,7.099,7.024,7.018,7.967,7.114,7.479,7.763,7.277,7.412,7.373
2175.03,18,7.356,7.061,6.583,7.13,5.866,6.915,6.986,7.183,6.781,7.19,6.816,7.457,6.974,6.699,7.007,6.997,7.075,7.868,7.129,7.456,7.685,7.15,7.503,7.35
2176.03,18,7.479,7.016,6.635,7.155,5.93,6.932,7.057,7.231,6.748,7.214,6.827,7.441,7.064,6.62,7.096,7,7.057,7.954,7.219,7.432,7.744,7.175,7.436,7.299
2177.03,18,7.415,7.118,6.627,7.238,5.986,6.957,7.019,7.233,6.735,7.205,6.809,7.406,7.12,6.629,7.088,6.966,7.054,7.921,7.151,7.35,7.674,7.189,7.451,7.297
2178.03,18,7.376,7.078,6.7,7.1,6.002,6.929,6.984,7.216,6.714,7.207,6.846,7.373,7.021,6.622,7.154,6.996,7.04,7.952,7.184,7.417,7.713,7.215,7.416,7.353
2179.03,18,7.378,7.073,6.583,7.132,5.972,6.938,6.99,7.162,6.753,7.173,6.804,7.493,7.026,6.651,7.081,6.922,7.021,7.908,7.179,7.424,7.665,7.178,7.405,7.404
2180.03,18,7.375,7.027,6.658,7.185,5.927,6.937,7.034,7.176,6.763,7.185,6.817,7.469,6.998,6.628,7.082,6.994,7.065,7.996,7.103,7.417,7.673,7.169,7.404,7.421
2181.03,18,7.411,7.077,6.692,7.074,5.953,6.927,7.034,7.148,6.754,7.139,6.738,7.509,7.126,6.667,7.155,6.989,7.084,7.913,7.202,7.413,7.646,7.224,7.399,7.364
2182.03,18,7.424,7.012,6.733,7.121,5.888,6.961,7.039,7.173,6.725,7.181,6.769,7.454,6.958,6.653,7.063,7.062,7.065,7.925,7.216,7.437,7.661,7.215,7.414,7.333
2183.03,18,7.364,7.055,6.771,7.121,5.875,6.951,7.017,7.228,6.757,7.228,6.793,7.498,6.969,6.636,7.133,7.026,7.059,7.973,7.113,7.458,7.644,7.215,7.422,7.33
2184.03,18,7.435,7.066,6.671,7.179,5.966,6.951,7.014,7.269,6.741,7.095,6.807,7.472,6.971,6.633,7.092,6.989,7.046,7.967,7.122,7.418,7.717,7.229,7.432,7.375
2185.03,18,7.427,7.064,6.595,7.137,5.91,6.934,6.953,7.245,6.733,7.113,6.719,7.487,7.008,6.594,7.128,7.003,7.046,7.985,7.15,7.39,7.749,7.248,7.362,7.396
2186.03,18,7.358,7.011,6.679,7.169,5.849,6.906,7.007,7.171,6.73,7.166,6.787,7.46,7.001,6.642,7.068,7.004,7.065,7.926,7.198,7.434,7.666,7.227,7.419,7.339
2187.03,18,7.397,6.961,6.687,7.153,5.917,6.935,7.053,7.208,6.726,7.204,6.791,7.426,6.97,6.608,7.152,6.985,7.026,7.905,7.116,7.424,7.683,7.151,7.439,7.361
2188.03,18,7.406,6.932,6.679,7.145,5.914,6.925,6.995,7.171,6.708,7.245,6.769,7.495,6.967,6.606,7.155,7.013,7.049,7.933,7.158,7.391,7.652,7.17,7.386,7.327
2189.03,18,7.4,7.049,6.636,7.156,5.902,6.916,7.014,7.188,6.702,7.143,6.758,7.424,7.012,6.699,7.129,6.985,7.111,7.931,7.198,7.429,7.606,7.19,7.432,7.331
2190.03,18,7.496,7.055,6.636,7.138,5.943,6.917,6.987,7.187,6.688,7.159,6.778,7.426,7.002,6.587,7.085,6.956,7.061,7.886,7.165,7.376,7.731,7.21,7.476,7.346
2191.03,18,7.38,7.007,6.655,7.098,5.93,6.916,7.03,7.164,6.702,7.097,6.776,7.434,6.977,6.695,7.136,6.957,7.059,7.94,7.138,7.398,7.689,7.179,7.401,7.293
2192.03,18,7.381,7.024,6.679,7.129,5.957,6.97,6.951,7.176,6.702,7.173,6.751,7.352,6.986,6.637,7.061,6.926,7.076,7.918,7.165,7.436,7.656,7.222,7.449,7.328
2193.03,18,7.352,7.046,6.64,7.12,5.916,6.954,7.015,7.168,6.741,7.196,6.802,7.464,6.982,6.59,7.143,6.95,7.001,7.936,7.173,7.466,7.582,7.206,7.432,7.366
2194.03,18,7.406,7.014,6.668,7.156,5.913,6.918,7.098,7.129,6.8,7.128,6.768,7.474,7.056,6.595,7.077,6.962,7.033,7.877,7.159,7.475,7.627,7.186,7.413,7.237
2195.03,18,7.427,7.095,6.645,7.095,5.845,6.981,7.05,7.188,6.655,7.19,6.791,7.465,6.925,6.673,7.091,6.941,7.011,7.98,7.065,7.304,7.643,7.248,7.437,7.363
2196.03,18,7.425,7.027,6.69,7.094,5.859,6.876,7.031,7.192,6.689,7.12,6.774,7.407,7.025,6.571,7.089,7.017,6.994,7.965,7.151,7.458,7.743,7.137,7.435,7.32
2197.03,18,7.405,7.03,6.601,7.041,5.971,6.915,7.014,7.201,6.704,7.176,6.746,7.414,7.003,6.613,7.103,7.016,7.07,7.954,7.093,7.378,7.724,7.16,7.362,7.349
2198.03,18,7.459,7.03,6.661,7.095,5.861,6.943,6.975,7.153,6.673,7.196,6.789,7.412,6.875,6.601,7.114,6.998,7.044,7.915,7.101,7.39,7.608,7.206,7.408,7.332
2199.03,18,7.429,7.02,6.689,7.109,5.839,6.89,7.067,7.166,6.724,7.164,6.684,7.434,7.05,6.61,7.137,6.949,7.014,7.894,7.149,7.366,7.682,7.245,7.425,7.355
2200.03,18,7.402,7.001,6.678,7.132,5.874,6.911,6.96,7.151,6.669,7.171,6.681,7.44,7,6.613,7.091,7.006,7.049,7.978,7.115,7.441,7.656,7.239,7.396,7.351
2201.03,18,7.434,7.015,6.634,7.098,5.876,6.905,7.001,7.125,6.656,7.146,6.778,7.484,6.961,6.643,7.082,6.983,7.021,7.902,7.092,7.406,7.675,7.219,7.396,7.331
2202.03,18,7.406,6.974,6.664,7.091,5.841,6.909,7.036,7.169,6.659,7.188,6.739,7.453,7.043,6.644,7.089,7.019,6.96,7.872,7.125,7.398,7.654,7.206,7.348,7.354
2203.03,18,7.393,7.037,6.67,7.08,5.914,6.911,6.978,7.158,6.675,7.179,6.732,7.408,7.037,6.552,7.125,6.941,7.01,7.905,7.124,7.332,7.754,7.209,7.442,7.371
2204.03,18,7.364,7.007,6.646,7.095,5.895,6.945,7.026,7.168,6.662,7.151,6.744,7.508,7.013,6.611,7.048,6.935,7.025,7.964,7.115,7.375,7.659,7.165,7.492,7.396
2205.03,18,7.447,6.934,6.636,7.11,5.899,6.884,7.008,7.168,6.662,7.161,6.749,7.475,6.999,6.588,7.116,6.935,7.058,7.953,7.124,7.38,7.73,7.217,7.458,7.347
2206.03,18,7.456,6.993,6.556,7.106,5.851,6.913,6.995,7.166,6.684,7.132,6.69,7.475,7.014,6.682,7.085,6.973,7.042,7.846,7.132,7.334,7.679,7.189,7.427,7.386
2207.03,18,7.413,6.974,6.619,7.134,5.843,6.901,6.944,7.172,6.696,7.143,6.697,7.426,6.983,6.569,7.124,6.986,6.997,7.916,7.127,7.396,7.749,7.214,7.434,7.29
2208.03,18,7.37,7.06,6.637,7.067,5.907,6.867,6.995,7.149,6.685,7.171,6.753,7.483,6.993,6.683,7.087,6.953,7.04,7.862,7.071,7.392,7.688,7.142,7.411,7.401
2209.03,18,7.373,6.948,6.609,7.038,5.862,6.908,6.961,7.106,6.699,7.067,6.794,7.433,6.94,6.565,7.194,6.958,6.993,7.935,7.173,7.379,7.693,7.179,7.416,7.326
2210.03,18,7.358,6.95,6.676,7.125,5.872,6.95,6.932,7.184,6.691,7.184,6.731,7.371,6.975,6.617,7.05,6.901,7.001,7.896,7.116,7.428,7.651,7.119,7.414,7.377
2211.03,18,7.411,6.932,6.649,7.1,5.833,6.923,6.984,7.202,6.636,7.099,6.696,7.447,6.994,6.617,7.123,6.941,6.987,7.972,7.115,7.401,7.656,7.187,7.43,7.343
2212.03,18,7.421,6.99,6.584,7.117,5.812,6.883,6.984,7.197,6.676,7.126,6.719,7.469,6.955,6.595,7.108,6.981,7.046,7.954,7.158,7.329,7.643,7.23,7.47,7.306
2213.03,18,7.34,6.996,6.574,7.091,5.871,6.928,6.943,7.125,6.586,7.16,6.683,7.485,7.028,6.571,7.06,6.941,7.016,7.868,7.132,7.331,7.656,7.186,7.386,7.246
2214.03,18,7.368,7.007,6.618,7.069,5.774,6.92,6.97,7.192,6.64,7.123,6.76,7.484,6.972,6.625,7.066,6.955,7.01,7.915,7.124,7.382,7.675,7.175,7.367,7.386
2215.03,18,7.387,6.978,6.597,7.093,5.847,6.859,7,7.111,6.677,7.1,6.738,7.408,6.927,6.574,7.097,6.894,6.954,7.897,7.132,7.359,7.624,7.161,7.414,7.346
2216.03,18,7.361,6.962,6.57,7.012,5.9,6.963,6.999,7.144,6.67,7.123,6.663,7.359,6.944,6.523,7.044,6.941,7.073,7.908,7.107,7.357,7.647,7.137,7.38,7.355
2217.03,18,7.356,7.036,6.656,7.062,5.858,6.834,6.978,7.143,6.71,7.155,6.679,7.425,6.974,6.574,7.098,6.958,7.058,7.9,7.118,7.388,7.639,7.162,7.396,7.357
2218.03,18,7.404,6.974,6.611,7.156,5.844,6.878,6.945,7.175,6.642,7.171,6.717,7.44,6.94,6.634,7.047,6.975,7.028,7.94,7.141,7.31,7.667,7.215,7.412,7.203
2219.03,18,7.342,6.973,6.589,7.078,5.854,6.867,6.964,7.145,6.691,7.122,6.68,7.409,6.934,6.564,7.078,6.937,7.012,7.874,7.115,7.43,7.629,7.139,7.414,7.333
2220.03,18,7.375,7.001,6.608,7.171,5.837,6.873,6.929,7.164,6.631,7.138,6.693,7.392,6.958,6.614,7.105,6.912,7.036,7.818,7.086,7.367,7.719,7.165,7.358,7.337
2221.03,18,7.346,6.975,6.608,7.071,5.83,6.889,6.939,7.127,6.661,7.139,6.748,7.476,6.999,6.594,7.044,6.923,7.033,7.846,7.083,7.354,7.654,7.143,7.387,7.366
2222.03,18,7.313,6.972,6.59,7.06,5.903,6.908,6.988,7.153,6.665,7.142,6.716,7.398,6.98,6.616,7.106,6.977,7.04,7.858,7.052,7.344,7.6,7.14,7.417,7.291
2223.03,18,7.433,6.979,6.577,7.114,5.818,6.912,6.969,7.094,6.644,7.139,6.694,7.41,6.979,6.572,7.099,6.977,6.941,7.941,7.081,7.34,7.697,7.213,7.337,7.351
2224.03,18,7.429,7,6.591,7.128,5.842,6.825,7.005,7.14,6.703,7.073,6.701,7.44,7.004,6.626,7.131,6.914,6.966,7.952,7.113,7.322,7.603,7.102,7.383,7.316
2225.03,18,7.434,6.948,6.571,7.101,5.833,6.922,6.969,7.105,6.646,7.14,6.687,7.477,6.904,6.584,7.041,6.87,6.986,7.892,7.102,7.375,7.704,7.141,7.333,7.326
2226.03,18,7.312,6.967,6.579,7.15,5.857,6.955,6.939,7.131,6.722,7.1,6.663,7.418,6.941,6.59,7.052,6.922,7.039,7.845,7.066,7.377,7.665,7.197,7.433,7.34
2227.03,18,7.385,7.044,6.59,7.078,5.883,6.842,7.033,7.132,6.675,7.056,6.681,7.393,6.869,6.555,6.999,6.857,6.989,7.911,7.134,7.346,7.603,7.199,7.371,7.301
2228.03,18,7.428,6.989,6.56,7.088,5.859,6.89,6.982,7.135,6.624,7.14,6.727,7.389,6.952,6.627,7.015,6.941,6.973,7.904,7.061,7.345,7.664,7.134,7.366,7.324
2229.03,18,7.319,6.946,6.591,7.106,5.815,6.863,6.976,7.153,6.638,7.159,6.731,7.424,6.947,6.5,6.997,6.892,6.97,7.917,7.068,7.356,7.648,7.155,7.352,7.306
2230.03,18,7.327,6.992,6.575,7.026,5.856,6.909,7.037,7.131,6.635,7.15,6.69,7.454,6.946,6.526,7.081,6.913,6.9,7.91,7.091,7.411,7.586,7.134,7.372,7.334
2231.03,18,7.308,6.986,6.548,7.016,5.806,6.884,6.969,7.154,6.645,7.122,6.674,7.371,6.947,6.601,7.024,6.884,7.041,7.907,7.044,7.38,7.697,7.211,7.364,7.357
2232.03,18,7.385,6.979,6.616,7.141,5.825,6.847,6.958,7.073,6.593,7.053,6.718,7.416,6.939,6.583,6.983,6.969,6.946,7.89,7.084,7.382,7.656,7.16,7.355,7.267
2233.03,18,7.369,6.925,6.559,7.048,5.775,6.915,6.923,7.119,6.582,7.059,6.721,7.431,6.932,6.637,7.035,6.94,6.931,7.893,7.064,7.399,7.683,7.148,7.481,7.32
2234.03,18,7.397,6.944,6.551,7.057,5.833,6.819,6.942,7.128,6.619,7.149,6.68,7.385,6.994,6.552,7.08,7.008,6.966,7.888,7.087,7.338,7.583,7.146,7.43,7.284
2235.03,18,7.406,7.044,6.592,7.073,5.822,6.864,6.959,7.09,6.64,7.068,6.665,7.409,7.019,6.559,7.031,6.873,6.963,7.9,7.168,7.293,7.681,7.133,7.433,7.327
2236.03,18,7.348,6.965,6.583,7.049,5.762,6.825,6.961,7.139,6.617,7.11,6.729,7.382,6.978,6.581,7.062,6.901,6.96,7.839,7.077,7.371,7.606,7.171,7.33,7.369
2237.03,18,7.346,6.942,6.607,7.037,5.861,6.872,6.979,7.125,6.568,7.166,6.689,7.471,6.98,6.553,7.036,6.86,6.981,7.86,7.078,7.368,7.556,7.167,7.409,7.266
2238.03,18,7.398,7.011,6.584,7.049,5.802,6.87,6.964,7.049,6.58,7.097,6.671,7.367,6.939,6.586,7.071,6.941,6.965,7.872,7.14,7.392,7.639,7.131,7.438,7.335
2239.03,18,7.308,6.965,6.475,7.039,5.796,6.841,6.999,7.117,6.598,7.079,6.659,7.385,6.945,6.531,7.035,6.916,6.98,7.881,7.05,7.363,7.665,7.161,7.431,7.278
2240.03,18,7.384,6.893,6.574,7.071,5.805,6.838,7.061,7.148,6.567,7.132,6.703,7.396,6.972,6.65,7.089,6.898,6.937,7.929,7.122,7.356,7.657,7.157,7.424,7.274
2241.03,18,7.357,6.912,6.613,7.045,5.783,6.922,6.902,7.11,6.676,7.121,6.721,7.349,6.933,6.573,7.028,6.897,7.023,7.863,7.106,7.36,7.62,7.178,7.325,7.299
2242.03,18,7.37,6.944,6.513,7.031,5.792,6.907,6.946,7.132,6.605,7.113,6.741,7.364,6.93,6.557,7.067,6.991,6.948,7.881,7.108,7.345,7.662,7.056,7.342,7.244
2243.03,18,7.363,6.875,6.623,7.074,5.823,6.867,6.979,7.138,6.63,7.139,6.702,7.424,6.94,6.507,6.954,6.93,6.972,7.917,6.995,7.356,7.701,7.119,7.388,7.256
2244.03,18,7.329,6.944,6.626,7.102,5.867,6.829,6.91,7.121,6.612,7.097,6.731,7.34,6.914,6.559,7.106,6.9,6.966,7.923,7.099,7.311,7.619,7.146,7.354,7.348
2245.03,18,7.308,6.94,6.512,7.012,5.79,6.879,6.953,7.089,6.629,7.111,6.692,7.405,6.907,6.542,7.008,6.855,6.988,7.812,7.067,7.339,7.628,7.135,7.372,7.286
2246.03,18,7.349,6.92,6.515,7.026,5.789,6.805,6.995,7.063,6.641,7.165,6.675,7.408,6.937,6.487,7.059,6.887,6.972,7.87,7.072,7.353,7.653,7.152,7.344,7.289
2247.03,18,7.324,6.943,6.57,7.092,5.762,6.851,6.935,7.081,6.578,7.07,6.653,7.311,6.95,6.555,7.02,6.89,6.975,7.895,7.087,7.378,7.607,7.135,7.366,7.279
2248.03,18,7.328,6.856,6.546,7.044,5.771,6.835,6.883,7.079,6.591,7.087,6.667,7.375,6.907,6.562,7.018,6.89,6.933,7.81,7.054,7.287,7.653,7.076,7.396,7.274
2249.03,18,7.311,6.918,6.512,7.062,5.743,6.874,6.983,7.105,6.542,7.141,6.617,7.417,6.864,6.498,7.021,6.9,7.018,7.82,7.07,7.297,7.636,7.206,7.368,7.312
2250.03,18,7.359,6.984,6.522,7.028,5.795,6.821,6.919,7.121,6.626,7.08,6.649,7.337,6.946,6.615,7.076,6.929,6.97,7.887,7.069,7.334,7.632,7.13,7.318,7.298
2251.03,18,7.346,6.909,6.542,7.076,5.765,6.89,6.936,7.121,6.604,7.089,6.677,7.366,6.835,6.584,7.066,6.858,6.965,7.853,7.085,7.349,7.59,7.105,7.415,7.273
2252.03,18,7.375,6.913,6.607,6.992,5.791,6.824,6.874,7.12,6.532,7.074,6.676,7.446,6.939,6.567,6.99,6.951,6.954,7.856,7.115,7.33,7.686,7.057,7.421,7.292
2253.03,18,7.304,6.922,6.546,7.052,5.866,6.865,6.935,7.035,6.576,7.085,6.622,7.369,6.927,6.581,6.999,6.897,6.979,7.82,7.043,7.43,7.58,7.131,7.395,7.284
2254.03,18,7.326,6.939,6.548,7.067,5.772,6.853,6.939,7.076,6.66,7.099,6.647,7.375,6.966,6.526,7.019,6.921,6.968,7.798,7.122,7.326,7.699,7.162,7.36,7.246
2255.03,18,7.358,6.993,6.522,7.016,5.7,6.854,6.906,7.079,6.596,7.092,6.585,7.383,6.909,6.602,6.98,6.876,6.936,7.86,7.112,7.375,7.572,7.106,7.388,7.347
2256.03,18,7.322,7.014,6.572,7.039,5.81,6.857,7.003,7.061,6.623,7.087,6.705,7.427,6.938,6.571,7.022,6.804,6.994,7.848,7.053,7.332,7.61,7.087,7.325,7.287
2257.03,18,7.313,6.862,6.542,6.952,5.752,6.828,6.942,7.068,6.617,7.15,6.7,7.353,6.912,6.545,7.052,6.866,6.992,7.867,7.034,7.359,7.624,7.128,7.387,7.299
2258.03,18,7.263,6.995,6.512,7.027,5.763,6.901,6.893,7.099,6.601,7.051,6.603,7.33,6.976,6.49,7.006,6.923,6.934,7.854,7.136,7.259,7.595,7.105,7.391,7.269
2259.03,18,7.367,6.92,6.564,6.991,5.79,6.814,6.99,7.128,6.553,7.083,6.646,7.375,6.955,6.528,6.964,6.841,6.985,7.845,7.076,7.38,7.688,7.142,7.343,7.292
2260.03,18,7.301,6.897,6.535,6.967,5.752,6.84,6.928,7.063,6.598,7.11,6.649,7.423,6.9,6.505,7.022,6.838,6.985,7.829,7.052,7.318,7.591,7.128,7.335,7.276
2261.03,18,7.28,6.946,6.563,7.066,5.737,6.81,6.983,7.058,6.5,7.111,6.631,7.37,6.98,6.574,7.005,6.858,6.996,7.868,7.001,7.35,7.611,7.122,7.325,7.327
2262.03,18,7.346,6.868,6.57,7.053,5.778,6.829,6.861,7.122,6.575,7.081,6.67,7.256,6.919,6.512,7.038,6.894,6.975,7.811,7.059,7.32,7.622,7.144,7.372,7.236
2263.03,18,7.331,6.869,6.559,7.015,5.77,6.815,6.98,7.054,6.578,7.123,6.673,7.417,6.886,6.519,7.033,6.908,6.958,7.848,7.086,7.314,7.601,7.141,7.314,7.306
2264.03,18,7.281,6.9,6.456,6.987,5.853,6.804,6.858,7.073,6.599,7.052,6.663,7.268,6.9,6.551,6.989,6.938,6.907,7.848,7.027,7.347,7.653,7.061,7.317,7.284
2265.03,18,7.313,6.905,6.511,7.015,5.771,6.819,6.906,7.089,6.54,7.084,6.685,7.335,6.901,6.485,7.031,6.922,6.909,7.845,7.043,7.336,7.639,7.131,7.364,7.287
2266.03,18,7.321,6.894,6.501,6.926,5.719,6.777,6.921,7.057,6.629,7.075,6.681,7.314,6.965,6.569,6.99,6.939,6.879,7.885,7.097,7.315,7.57,7.134,7.42,7.258
2267.03,18,7.349,6.876,6.482,7.046,5.76,6.861,6.932,7.105,6.539,7.101,6.65,7.327,6.862,6.511,7.014,6.89,6.974,7.857,7.055,7.379,7.607,7.108,7.291,7.3
2268.03,18,7.353,6.921,6.548,6.999,5.725,6.842,6.897,7.078,6.565,7.072,6.698,7.364,6.941,6.533,7.037,6.931,6.939,7.819,7.092,7.33,7.655,7.032,7.342,7.263
2269.03,18,7.296,6.882,6.569,6.943,5.797,6.79,6.917,7.073,6.556,7.072,6.624,7.383,6.908,6.538,7.039,6.874,6.953,7.836,7.159,7.347,7.585,7.091,7.434,7.28
2270.03,18,7.317,6.929,6.519,6.973,5.81,6.836,6.904,7.014,6.611,7.053,6.63,7.334,6.934,6.534,6.934,6.877,6.936,7.852,7.034,7.312,7.597,7.09,7.387,7.309
2271.03,18,7.312,6.908,6.478,7.001,5.761,6.862,6.946,7.058,6.609,7.077,6.591,7.342,6.87,6.548,7.019,6.879,6.896,7.886,7.046,7.365,7.593,7.117,7.35,7.226
2272.03,18,7.317,6.883,6.455,6.975,5.772,6.788,6.875,6.956,6.506,7.018,6.629,7.403,6.884,6.48,7.006,6.892,6.984,7.805,7.029,7.339,7.625,7.165,7.285,7.257
2273.03,18,7.298,6.921,6.52,7.002,5.751,6.825,6.923,7.048,6.591,7.067,6.584,7.359,6.927,6.446,6.99,6.868,7.009,7.767,7.049,7.325,7.618,7.138,7.367,7.236
2274.03,18,7.333,6.828,6.498,6.984,5.778,6.806,6.906,7.064,6.568,7.08,6.693,7.373,6.886,6.531,7.049,6.96,6.947,7.818,7.085,7.306,7.628,7.149,7.364,7.248
2275.03,18,7.244,6.865,6.572,6.992,5.652,6.838,6.886,7.005,6.556,7.082,6.611,7.389,6.917,6.44,6.965,6.888,6.922,7.836,6.968,7.285,7.608,7.133,7.342,7.326
2276.03,18,7.275,6.868,6.479,6.969,5.732,6.806,6.96,7.035,6.562,7.111,6.633,7.295,6.898,6.496,7.004,6.809,6.904,7.823,7.069,7.343,7.576,7.125,7.348,7.294
2277.03,18,7.296,6.913,6.509,6.991,5.706,6.861,6.922,7.075,6.579,7.053,6.613,7.389,6.933,6.585,6.984,6.852,6.914,7.814,7.156,7.338,7.571,7.128,7.346,7.232
2278.03,18,7.33,6.885,6.518,6.906,5.774,6.857,6.91,7.092,6.605,7.085,6.613,7.342,6.912,6.528,6.981,6.847,6.895,7.842,6.974,7.309,7.586,7.114,7.267,7.289
2279.03,18,7.32,6.873,6.528,6.917,5.785,6.822,6.951,7.066,6.536,7.019,6.611,7.317,6.902,6.505,7.012,6.825,6.934,7.778,7.077,7.3,7.551,7.057,7.318,7.248
2280.03,18,7.305,6.797,6.473,6.929,5.732,6.831,6.923,7.013,6.479,7.02,6.681,7.282,6.88,6.476,7.044,6.891,6.93,7.842,7.038,7.221,7.645,7.122,7.324,7.274
2281.03,18,7.296,6.905,6.54,6.949,5.71,6.811,6.875,7.033,6.591,7.064,6.626,7.28,6.821,6.488,6.952,6.812,6.965,7.82,7.072,7.288,7.602,7.164,7.295,7.351
2282.03,18,7.304,6.875,6.507,6.93,5.713,6.786,6.923,7.063,6.456,7.015,6.657,7.322,6.833,6.562,7.029,6.876,6.893,7.791,7.063,7.246,7.653,7.152,7.299,7.322
2283.03,18,7.285,6.844,6.501,6.932,5.729,6.812,6.907,6.973,6.543,7.065,6.609,7.306,6.928,6.444,6.971,6.847,6.898,7.787,7.063,7.359,7.607,7.11,7.389,7.287
2284.03,18,7.283,6.841,6.42,6.978,5.684,6.797,6.935,7.042,6.568,7.086,6.581,7.333,6.901,6.452,6.998,6.884,6.908,7.803,7.025,7.326,7.579,7.131,7.392,7.272
2285.03,18,7.308,6.864,6.502,6.961,5.761,6.806,6.875,6.999,6.459,7.04,6.536,7.296,6.942,6.463,6.983,6.843,6.927,7.837,7.063,7.31,7.62,7.067,7.347,7.317
2286.03,18,7.287,6.859,6.504,6.941,5.768,6.832,6.943,7.011,6.533,7.022,6.649,7.344,6.916,6.486,6.998,6.819,6.905,7.852,7.081,7.276,7.628,7.104,7.281,7.33
2287.03,18,7.24,6.849,6.506,6.894,5.67,6.743,6.921,7.032,6.448,7.04,6.62,7.355,6.853,6.559,7.004,6.833,6.875,7.826,7.065,7.302,7.601,7.108,7.353,7.296
2288.03,18,7.289,6.923,6.482,6.948,5.762,6.779,6.897,6.987,6.551,7.035,6.651,7.347,6.874,6.458,6.988,6.835,6.936,7.869,7.072,7.295,7.626,7.136,7.337,7.225
2289.03,18,7.291,6.879,6.446,6.907,5.717,6.722,6.895,7.054,6.503,7.01,6.609,7.328,6.872,6.481,6.962,6.856,6.917,7.819,7.038,7.32,7.561,7.153,7.369,7.311
2290.03,18,7.265,6.855,6.552,6.898,5.696,6.781,6.896,6.995,6.528,7.021,6.581,7.291,6.905,6.511,6.971,6.895,6.935,7.786,7.113,7.262,7.588,7.058,7.372,7.313
2291.03,18,7.233,6.84,6.468,6.954,5.739,6.81,6.937,6.98,6.501,6.979,6.564,7.273,6.924,6.439,6.94,6.902,6.928,7.785,7.001,7.268,7.489,7.065,7.287,7.327
2292.03,18,7.316,6.9,6.535,6.94,5.755,6.817,6.917,7.037,6.473,7.098,6.648,7.265,6.912,6.525,6.972,6.879,6.886,7.846,7.07,7.319,7.632,7.062,7.335,7.32
2293.03,18,7.289,6.816,6.488,6.95,5.76,6.77,6.841,6.998,6.501,7.062,6.614,7.306,6.883,6.436,7.028,6.842,6.942,7.847,7.051,7.342,7.562,7.131,7.32,7.285
2294.03,18,7.38,6.844,6.533,6.945,5.652,6.781,6.893,6.972,6.503,6.978,6.599,7.339,6.805,6.461,6.98,6.823,6.879,7.841,7.024,7.296,7.596,7.101,7.311,7.269
2295.03,18,7.317,6.86,6.481,6.941,5.716,6.733,6.878,6.963,6.499,7.055,6.562,7.267,6.826,6.53,7.033,6.837,6.931,7.787,7.085,7.304,7.611,7.073,7.352,7.27
2296.03,18,7.343,6.889,6.475,6.994,5.729,6.809,6.89,7.043,6.503,7,6.599,7.287,6.869,6.475,7.047,6.799,6.865,7.738,7.068,7.355,7.546,7.09,7.338,7.302
2297.03,18,7.235,6.907,6.463,6.927,5.737,6.796,6.861,7.019,6.515,6.998,6.59,7.352,6.934,6.502,7,6.91,6.874,7.788,7.159,7.239,7.566,7.095,7.344,7.285
2298.03,18,7.332,6.92,6.513,6.986,5.72,6.77,6.902,7.086,6.472,7.014,6.595,7.301,6.896,6.489,6.987,6.824,6.946,7.797,7.031,7.245,7.555,7.078,7.274,7.237
2299.03,18,7.267,6.837,6.457,6.874,5.717,6.861,6.875,7.082,6.442,7.005,6.601,7.301,6.916,6.464,6.949,6.889,6.897,7.818,6.975,7.309,7.594,7.059,7.314,7.236
2300.03,18,7.246,6.839,6.447,6.895,5.701,6.799,6.935,7.05,6.521,6.966,6.628,7.268,6.917,6.504,6.906,6.859,6.896,7.8,7.06,7.252,7.6,7.107,7.266,7.243
2301.03,18,7.253,6.855,6.459,6.887,5.683,6.783,6.873,7.004,6.486,6.993,6.617,7.372,6.8,6.456,6.997,6.856,6.87,7.765,7.081,7.25,7.619,6.999,7.254,7.231
2302.03,18,7.255,6.787,6.434,6.936,5.677,6.706,6.876,6.999,6.541,6.939,6.551,7.371,6.87,6.444,7.021,6.82,6.887,7.791,7.073,7.272,7.673,7.051,7.35,7.243
2303.03,18,7.255,6.907,6.479,6.883,5.723,6.759,6.834,7.044,6.547,6.965,6.582,7.306,6.934,6.495,6.98,6.831,6.831,7.748,6.978,7.199,7.608,7.12,7.318,7.206
2304.03,18,7.252,6.872,6.461,6.845,5.657,6.784,6.872,7.041,6.527,7.018,6.539,7.279,6.92,6.503,6.926,6.826,6.861,7.825,7.029,7.289,7.589,7.105,7.343,7.327
2305.03,18,7.315,6.863,6.469,6.966,5.657,6.844,6.842,6.97,6.501,7.001,6.557,7.28,6.888,6.478,6.933,6.851,6.887,7.829,7.035,7.345,7.618,7.114,7.292,7.214
2306.03,18,7.286,6.82,6.473,6.906,5.691,6.818,6.844,7.012,6.447,7.016,6.561,7.208,6.851,6.45,6.941,6.821,6.91,7.794,7.055,7.316,7.596,7.11,7.352,7.304
2307.03,18,7.308,6.812,6.462,6.987,5.669,6.784,6.895,7.02,6.471,6.967,6.586,7.289,6.85,6.475,7.019,6.848,6.895,7.782,7.025,7.278,7.598,7.077,7.316,7.241
2308.03,18,7.251,6.835,6.429,6.926,5.644,6.734,6.852,7.03,6.422,7.037,6.583,7.283,6.875,6.47,6.977,6.787,6.923,7.764,7.061,7.309,7.621,7.12,7.356,7.293
2309.03,18,7.22,6.903,6.375,6.911,5.629,6.771,6.904,6.994,6.518,7.019,6.622,7.293,6.907,6.372,6.965,6.777,6.946,7.769,7.034,7.243,7.536,7.096,7.339,7.24
2310.03,18,7.232,6.892,6.493,6.858,5.766,6.798,6.939,6.975,6.477,7.038,6.543,7.302,6.855,6.458,6.937,6.868,6.917,7.8,6.927,7.275,7.495,7.061,7.277,7.23
2311.03,18,7.256,6.845,6.411,6.943,5.708,6.748,6.881,6.973,6.462,6.985,6.564,7.302,6.927,6.473,6.942,6.727,6.892,7.799,7.021,7.281,7.568,7.113,7.266,7.238
2312.03,18,7.259,6.892,6.512,6.922,5.656,6.738,6.81,7.008,6.519,7.059,6.573,7.287,6.887,6.449,6.888,6.787,6.874,7.835,7.053,7.322,7.58,7.126,7.264,7.204
2313.03,18,7.28,6.807,6.49,6.913,5.688,6.768,6.813,6.982,6.413,6.984,6.57,7.287,6.875,6.473,6.921,6.801,6.846,7.817,7.033,7.237,7.566,7.027,7.332,7.209
2314.03,18,7.252,6.811,6.467,6.919,5.669,6.808,6.883,6.993,6.461,6.972,6.616,7.299,6.912,6.478,6.926,6.87,6.843,7.768,7.028,7.246,7.56,7.045,7.292,7.214
2315.03,18,7.244,6.826,6.422,6.981,5.604,6.813,6.851,6.98,6.476,6.992,6.55,7.274,6.894,6.398,6.995,6.842,6.916,7.819,7.073,7.283,7.571,7.135,7.393,7.229
2316.03,18,7.303,6.816,6.434,6.959,5.641,6.71,6.867,6.964,6.449,7.012,6.554,7.305,6.883,6.423,7.038,6.871,6.874,7.871,7.021,7.269,7.511,7.066,7.296,7.242
2317.03,18,7.286,6.789,6.482,6.854,5.665,6.674,6.881,6.924,6.471,7.025,6.599,7.253,6.921,6.452,6.981,6.766,6.859,7.77,7.029,7.286,7.562,7.085,7.369,7.327
2318.03,18,7.324,6.837,6.41,6.974,5.679,6.722,6.889,7.014,6.453,6.976,6.614,7.262,6.825,6.469,6.909,6.802,6.849,7.714,7.081,7.283,7.552,7.068,7.28,7.222
2319.03,18,7.227,6.766,6.429,6.92,5.653,6.769,6.915,6.961,6.463,6.965,6.544,7.262,6.845,6.444,6.902,6.789,6.824,7.795,6.995,7.232,7.547,7.084,7.253,7.229
2320.03,18,7.195,6.875,6.414,6.923,5.636,6.756,6.901,6.954,6.446,6.972,6.594,7.228,6.881,6.439,7.002,6.785,6.856,7.769,7.015,7.269,7.579,7.025,7.29,7.256
2321.03,18,7.276,6.831,6.419,6.933,5.665,6.768,6.907,6.914,6.433,7.028,6.561,7.258,6.871,6.358,6.93,6.832,6.845,7.755,7.016,7.277,7.551,7.116,7.322,7.254
2322.03,18,7.304,6.819,6.436,6.962,5.644,6.757,6.846,6.968,6.436,6.939,6.578,7.247,6.825,6.427,6.947,6.793,6.843,7.781,6.988,7.244,7.512,7.041,7.35,7.264
2323.03,18,7.177,6.739,6.476,6.905,5.693,6.811,6.841,6.99,6.482,6.97,6.522,7.32,6.916,6.391,7.019,6.816,6.872,7.831,7.017,7.249,7.568,7.022,7.323,7.207
2324.03,18,7.236,6.847,6.448,6.88,5.644,6.797,6.858,6.918,6.434,6.907,6.561,7.237,6.855,6.421,6.898,6.759,6.833,7.691,7.045,7.21,7.495,7.075,7.25,7.259
2325.03,18,7.232,6.803,6.402,6.866,5.637,6.759,6.811,7.015,6.413,7.008,6.596,7.309,6.767,6.433,6.959,6.829,6.903,7.759,7.074,7.221,7.519,6.976,7.285,7.19
2326.03,18,7.177,6.811,6.39,6.822,5.705,6.703,6.879,7.009,6.438,6.954,6.558,7.217,6.809,6.441,6.89,6.801,6.918,7.731,7.03,7.314,7.452,7.086,7.299,7.274
2327.03,18,7.193,6.824,6.392,6.96,5.677,6.808,6.882,6.943,6.466,6.905,6.574,7.27,6.825,6.447,6.966,6.846,6.878,7.764,7.043,7.246,7.55,7.009,7.264,7.266
2328.03,18,7.236,6.798,6.42,6.912,5.653,6.728,6.848,6.939,6.482,7.013,6.548,7.221,6.844,6.433,6.9,6.824,6.873,7.759,7.022,7.271,7.591,7.032,7.32,7.218
2329.03,18,7.196,6.783,6.405,6.869,5.554,6.759,6.904,6.959,6.492,6.991,6.525,7.243,6.868,6.444,6.915,6.817,6.874,7.827,7.042,7.242,7.573,7.054,7.267,7.267
2330.03,18,7.195,6.806,6.432,6.895,5.644,6.736,6.846,6.926,6.477,6.991,6.508,7.272,6.811,6.389,6.941,6.793,6.859,7.751,7.003,7.207,7.536,7.089,7.387,7.191
2331.03,18,7.247,6.756,6.47,6.883,5.642,6.686,6.83,6.986,6.477,7.048,6.584,7.274,6.887,6.443,6.968,6.769,6.856,7.731,7.007,7.23,7.598,7.091,7.346,7.212
2332.03,18,7.207,6.844,6.473,6.91,5.614,6.761,6.839,6.967,6.489,6.984,6.543,7.233,6.882,6.395,6.927,6.756,6.812,7.75,7.015,7.221,7.572,7.006,7.194,7.221
2333.03,18,7.234,6.775,6.427,6.849,5.613,6.719,6.831,6.986,6.444,6.932,6.571,7.232,6.793,6.367,6.973,6.796,6.872,7.742,6.962,7.234,7.566,7.109,7.228,7.278
2334.03,18,7.256,6.799,6.442,6.803,5.624,6.741,6.88,6.918,6.539,7.001,6.542,7.268,6.856,6.49,6.959,6.79,6.844,7.733,6.97,7.211,7.547,6.997,7.293,7.209
2335.03,18,7.276,6.796,6.406,6.915,5.664,6.745,6.899,6.944,6.444,7.01,6.498,7.218,6.797,6.476,6.939,6.764,6.869,7.847,6.974,7.217,7.536,7.044,7.32,7.269
2336.03,18,7.248,6.824,6.429,6.904,5.61,6.738,6.861,6.907,6.384,7.025,6.528,7.273,6.809,6.365,6.939,6.768,6.9,7.722,6.987,7.263,7.533,7.054,7.311,7.163
2337.03,18,7.24,6.854,6.43,6.803,5.615,6.729,6.846,6.941,6.43,6.976,6.564,7.313,6.789,6.469,6.934,6.837,6.812,7.773,6.987,7.258,7.535,7.033,7.322,7.246
2338.03,18,7.192,6.811,6.451,6.901,5.591,6.695,6.817,6.947,6.43,6.976,6.51,7.216,6.84,6.394,7.008,6.799,6.825,7.744,7.002,7.27,7.498,7.078,7.289,7.238
2339.03,18,7.226,6.783,6.373,6.882,5.594,6.74,6.879,6.915,6.446,6.994,6.586,7.218,6.797,6.383,6.841,6.813,6.822,7.743,6.979,7.269,7.625,7.077,7.315,7.197
2340.03,18,7.225,6.777,6.4,6.879,5.629,6.693,6.812,6.963,6.436,6.963,6.563,7.22,6.825,6.378,6.952,6.82,6.882,7.753,6.99,7.265,7.586,7.042,7.24,7.212
2341.03,18,7.134,6.818,6.359,6.916,5.638,6.784,6.848,6.873,6.435,6.926,6.53,7.254,6.848,6.358,6.931,6.844,6.822,7.681,6.999,7.222,7.542,7.086,7.293,7.218
2342.03,18,7.227,6.775,6.433,6.842,5.626,6.657,6.831,6.926,6.442,6.972,6.56,7.187,6.768,6.388,7.001,6.767,6.854,7.788,6.964,7.257,7.571,7.058,7.271,7.197
2343.03,18,7.199,6.747,6.378,6.88,5.629,6.741,6.821,6.953,6.371,6.978,6.458,7.176,6.826,6.378,6.94,6.773,6.849,7.748,7.019,7.237,7.527,7.092,7.273,7.223
2344.03,18,7.219,6.784,6.348,6.868,5.584,6.748,6.784,7.019,6.455,6.982,6.533,7.226,6.809,6.416,6.913,6.78,6.841,7.747,6.999,7.238,7.529,7.055,7.294,7.244
2345.03,18,7.227,6.74,6.373,6.872,5.596,6.753,6.839,6.954,6.464,6.973,6.506,7.259,6.846,6.417,6.907,6.762,6.844,7.772,6.974,7.259,7.484,7.033,7.29,7.196
2346.03,18,7.261,6.77,6.403,6.849,5.664,6.697,6.859,6.934,6.408,6.983,6.515,7.266,6.795,6.391,6.843,6.797,6.83,7.742,6.899,7.243,7.514,7.032,7.277,7.205
2347.03,18,7.219,6.788,6.375,6.88,5.635,6.764,6.866,6.902,6.362,6.938,6.479,7.211,6.74,6.339,6.932,6.755,6.917,7.752,7.003,7.192,7.473,7.006,7.301,7.244
2348.03,18,7.194,6.736,6.402,6.855,5.539,6.796,6.782,6.939,6.417,6.885,6.505,7.287,6.874,6.462,6.902,6.738,6.838,7.734,6.974,7.238,7.503,7.034,7.28,7.206
2349.03,18,7.208,6.721,6.399,6.886,5.656,6.807,6.822,6.899,6.452,6.927,6.414,7.26,6.827,6.412,6.928,6.739,6.897,7.754,7.022,7.246,7.547,7.036,7.296,7.169
2350.03,18,7.197,6.781,6.396,6.903,5.66,6.727,6.821,6.922,6.323,6.955,6.526,7.192,6.786,6.38,6.906,6.728,6.797,7.725,6.964,7.222,7.524,7.035,7.321,7.184
2351.03,18,7.246,6.828,6.384,6.864,5.577,6.706,6.837,6.965,6.344,6.918,6.483,7.273,6.808,6.36,6.889,6.799,6.84,7.719,6.96,7.196,7.542,7.003,7.239,7.216
2352.03,18,7.161,6.759,6.406,6.833,5.582,6.728,6.803,6.922,6.436,6.935,6.525,7.239,6.834,6.356,6.972,6.822,6.757,7.711,6.949,7.203,7.544,7.058,7.275,7.178
2353.03,18,7.165,6.801,6.387,6.834,5.525,6.759,6.839,6.897,6.403,6.99,6.53,7.212,6.845,6.334,6.917,6.792,6.823,7.672,6.951,7.222,7.581,7.005,7.285,7.245
2354.03,18,7.195,6.773,6.376,6.826,5.601,6.694,6.842,6.92,6.399,6.937,6.471,7.266,6.814,6.369,6.93,6.823,6.823,7.763,7.011,7.221,7.5,6.979,7.257,7.206
2355.03,18,7.204,6.709,6.437,6.871,5.573,6.754,6.861,6.917,6.387,6.904,6.486,7.248,6.791,6.411,6.894,6.79,6.844,7.743,6.986,7.2,7.526,7.04,7.319,7.175
2356.03,18,7.167,6.79,6.363,6.836,5.565,6.698,6.805,6.931,6.388,6.885,6.503,7.264,6.772,6.317,6.895,6.769,6.81,7.742,7.05,7.191,7.519,7.05,7.254,7.168
2357.03,18,7.264,6.825,6.414,6.81,5.581,6.711,6.774,6.789,6.391,6.973,6.454,7.204,6.827,6.297,6.933,6.759,6.824,7.74,6.927,7.248,7.484,7.033,7.263,7.194
2358.03,18,7.205,6.817,6.374,6.906,5.525,6.741,6.842,6.906,6.372,6.933,6.53,7.213,6.842,6.372,6.901,6.742,6.854,7.774,6.928,7.209,7.513,7.023,7.333,7.252
2359.03,18,7.231,6.78,6.311,6.837,5.588,6.712,6.812,6.899,6.379,6.919,6.569,7.187,6.743,6.469,6.919,6.804,6.768,7.765,7.017,7.21,7.521,7.067,7.258,7.118
2360.03,18,7.229,6.768,6.344,6.854,5.619,6.726,6.804,6.932,6.421,6.922,6.446,7.167,6.827,6.374,6.897,6.78,6.831,7.688,6.928,7.208,7.546,7.038,7.27,7.177
2361.03,18,7.182,6.756,6.295,6.798,5.543,6.706,6.799,6.874,6.386,6.926,6.476,7.311,6.753,6.4,6.915,6.761,6.758,7.745,7.012,7.225,7.512,6.993,7.211,7.197
2362.03,18,7.202,6.72,6.378,6.849,5.596,6.701,6.793,6.891,6.4,6.84,6.401,7.176,6.825,6.374,6.945,6.748,6.81,7.722,7.054,7.167,7.539,7.002,7.256,7.234
2363.03,18,7.167,6.777,6.394,6.863,5.518,6.717,6.81,6.912,6.422,6.968,6.54,7.144,6.826,6.354,6.914,6.767,6.834,7.658,6.977,7.186,7.539,7.059,7.262,7.161
2364.03,18,7.175,6.735,6.337,6.803,5.505,6.749,6.792,6.868,6.471,6.917,6.456,7.21,6.779,6.33,6.901,6.742,6.824,7.697,6.947,7.225,7.494,7.062,7.224,7.196
2365.03,18,7.191,6.776,6.379,6.771,5.548,6.717,6.85,6.919,6.41,6.945,6.48,7.176,6.814,6.32,6.857,6.679,6.7,7.737,6.924,7.202,7.513,6.993,7.279,7.195
2366.03,18,7.209,6.777,6.356,6.754,5.589,6.705,6.775,6.922,6.34,6.858,6.525,7.216,6.77,6.339,6.861,6.736,6.793,7.674,6.901,7.202,7.508,7.043,7.22,7.242
2367.03,18,7.152,6.724,6.423,6.749,5.626,6.694,6.836,6.913,6.473,6.875,6.483,7.2,6.813,6.328,6.875,6.701,6.817,7.75,6.962,7.202,7.479,7.022,7.274,7.165
2368.03,18,7.126,6.745,6.369,6.862,5.576,6.73,6.769,6.935,6.365,6.87,6.404,7.169,6.804,6.362,6.92,6.751,6.797,7.649,6.982,7.18,7.466,7.093,7.205,7.241
2369.03,18,7.174,6.835,6.311,6.887,5.523,6.692,6.811,6.865,6.374,6.905,6.477,7.172,6.761,6.375,6.891,6.783,6.784,7.727,6.929,7.219,7.481,7.022,7.288,7.184
2370.03,18,7.117,6.755,6.349,6.799,5.557,6.631,6.837,6.882,6.348,6.948,6.457,7.184,6.826,6.381,6.846,6.75,6.862,7.693,7.043,7.209,7.602,7.037,7.32,7.187
2371.03,18,7.178,6.795,6.348,6.798,5.549,6.729,6.858,6.885,6.287,6.874,6.522,7.145,6.72,6.321,6.918,6.718,6.858,7.735,6.985,7.219,7.512,7.05,7.254,7.18
2372.03,18,7.209,6.741,6.328,6.81,5.549,6.72,6.787,6.881,6.363,6.92,6.475,7.148,6.721,6.314,6.872,6.761,6.719,7.63,6.919,7.144,7.495,7.031,7.275,7.231
2373.03,18,7.202,6.794,6.318,6.812,5.604,6.686,6.818,6.888,6.396,6.973,6.471,7.184,6.756,6.335,6.909,6.722,6.82,7.697,6.983,7.259,7.474,6.974,7.2,7.121
2374.03,18,7.222,6.752,6.351,6.759,5.585,6.706,6.856,6.87,6.325,6.872,6.423,7.147,6.751,6.406,6.864,6.713,6.822,7.687,6.936,7.263,7.498,7.021,7.23,7.202
2375.03,18,7.177,6.728,6.307,6.754,5.511,6.743,6.793,6.938,6.339,6.934,6.438,7.229,6.805,6.384,6.866,6.66,6.791,7.741,6.968,7.164,7.576,6.967,7.286,7.166
2376.03,18,7.174,6.723,6.317,6.842,5.503,6.652,6.809,6.846,6.309,6.904,6.445,7.169,6.766,6.384,6.894,6.763,6.78,7.667,6.942,7.245,7.494,7.069,7.262,7.158
2377.03,18,7.149,6.712,6.323,6.771,5.63,6.686,6.814,6.891,6.391,6.909,6.472,7.186,6.777,6.274,6.92,6.699,6.78,7.655,6.906,7.258,7.551,6.956,7.25,7.17
2378.03,18,7.185,6.631,6.365,6.833,5.574,6.698,6.802,6.879,6.42,6.861,6.422,7.184,6.816,6.32,6.887,6.747,6.759,7.725,6.905,7.164,7.578,7.037,7.293,7.196
2379.03,18,7.192,6.739,6.258,6.84,5.542,6.674,6.764,6.905,6.324,6.877,6.539,7.191,6.722,6.381,6.881,6.712,6.679,7.713,7.002,7.302,7.535,7.053,7.255,7.126
2380.03,18,7.187,6.801,6.283,6.834,5.482,6.761,6.8,6.844,6.387,6.894,6.44,7.232,6.814,6.321,6.967,6.725,6.791,7.664,6.966,7.147,7.498,7.022,7.252,7.216
2381.03,18,7.131,6.702,6.324,6.74,5.564,6.706,6.786,6.8,6.308,6.895,6.497,7.188,6.755,6.318,6.856,6.754,6.758,7.693,6.94,7.122,7.478,6.977,7.241,7.117
2382.03,18,7.14,6.785,6.341,6.768,5.568,6.699,6.796,6.846,6.314,6.921,6.464,7.167,6.74,6.317,6.91,6.73,6.789,7.724,6.987,7.181,7.449,6.991,7.249,7.182
2383.03,18,7.231,6.812,6.386,6.777,5.524,6.759,6.821,6.899,6.33,6.892,6.411,7.226,6.786,6.438,6.894,6.701,6.713,7.694,6.968,7.231,7.505,6.978,7.241,7.228
2384.03,18,7.209,6.717,6.337,6.858,5.546,6.624,6.856,6.935,6.382,6.88,6.473,7.137,6.815,6.371,6.857,6.816,6.767,7.662,6.947,7.175,7.49,7.023,7.204,7.197
2385.03,18,7.151,6.658,6.394,6.769,5.56,6.777,6.778,6.898,6.334,6.843,6.442,7.2,6.81,6.29,6.917,6.739,6.704,7.68,6.944,7.166,7.582,7.009,7.244,7.245
2386.03,18,7.156,6.706,6.303,6.786,5.527,6.705,6.814,6.851,6.307,6.829,6.445,7.191,6.786,6.349,6.826,6.727,6.753,7.702,7.023,7.196,7.417,7.01,7.235,7.234
2387.03,18,7.196,6.759,6.31,6.767,5.494,6.677,6.781,6.855,6.345,6.898,6.442,7.242,6.757,6.311,6.816,6.696,6.815,7.659,6.969,7.156,7.525,6.994,7.244,7.203
2388.03,18,7.177,6.68,6.304,6.805,5.483,6.701,6.784,6.857,6.332,6.9,6.459,7.16,6.859,6.283,6.951,6.716,6.751,7.732,6.935,7.193,7.502,6.989,7.257,7.146
2389.03,18,7.143,6.719,6.424,6.766,5.538,6.702,6.776,6.882,6.303,6.874,6.495,7.164,6.799,6.317,6.822,6.662,6.743,7.709,6.95,7.145,7.534,7.024,7.231,7.118
2390.03,18,7.191,6.716,6.268,6.786,5.577,6.698,6.786,6.784,6.328,6.839,6.468,7.111,6.718,6.412,6.89,6.744,6.739,7.622,6.956,7.208,7.524,6.987,7.235,7.133
2391.03,18,7.121,6.699,6.368,6.75,5.479,6.627,6.799,6.837,6.297,6.901,6.49,7.142,6.726,6.312,6.822,6.783,6.773,7.741,6.918,7.203,7.458,6.961,7.19,7.173
2392.03,18,7.17,6.727,6.236,6.77,5.5,6.706,6.768,6.844,6.275,6.958,6.425,7.124,6.767,6.284,6.847,6.739,6.745,7.641,6.867,7.171,7.499,6.993,7.253,7.165
2393.03,18,7.133,6.673,6.255,6.751,5.538,6.65,6.792,6.805,6.326,6.96,6.453,7.194,6.808,6.345,6.858,6.695,6.769,7.72,6.934,7.198,7.501,7.047,7.22,7.238
2394.03,18,7.205,6.767,6.261,6.771,5.52,6.71,6.813,6.881,6.333,6.897,6.451,7.142,6.844,6.346,6.867,6.662,6.718,7.647,6.916,7.176,7.469,6.975,7.325,7.152
2395.03,18,7.144,6.71,6.287,6.748,5.507,6.684,6.779,6.823,6.334,6.875,6.436,7.115,6.742,6.32,6.824,6.743,6.765,7.671,6.883,7.217,7.464,6.921,7.305,7.153
2396.03,18,7.156,6.704,6.313,6.756,5.461,6.619,6.788,6.849,6.292,6.888,6.404,7.125,6.731,6.301,6.879,6.683,6.756,7.655,6.983,7.177,7.529,6.996,7.204,7.17
2397.03,18,7.123,6.703,6.294,6.772,5.47,6.661,6.821,6.867,6.289,6.865,6.437,7.194,6.783,6.339,6.85,6.685,6.773,7.655,6.931,7.163,7.519,6.958,7.194,7.161
2398.03,18,7.172,6.745,6.298,6.773,5.512,6.662,6.743,6.872,6.311,6.924,6.447,7.143,6.683,6.314,6.854,6.652,6.779,7.695,6.907,7.174,7.54,7.004,7.24,7.192
2399.03,18,7.117,6.662,6.331,6.784,5.524,6.617,6.803,6.763,6.263,6.916,6.408,7.11,6.763,6.328,6.83,6.673,6.728,7.663,6.983,7.174,7.512,6.951,7.209,7.277
2400.03,18,7.205,6.66,6.271,6.744,5.537,6.656,6.74,6.849,6.298,6.899,6.426,7.114,6.724,6.274,6.873,6.663,6.715,7.658,6.916,7.17,7.502,7.001,7.192,7.135
2401.03,18,7.166,6.757,6.273,6.765,5.53,6.689,6.807,6.814,6.315,6.835,6.43,7.084,6.706,6.227,6.862,6.652,6.778,7.679,6.911,7.214,7.438,6.952,7.235,7.128
2402.03,18,7.1,6.769,6.231,6.736,5.476,6.572,6.791,6.796,6.275,6.838,6.403,7.154,6.689,6.301,6.824,6.717,6.718,7.729,6.947,7.177,7.513,6.966,7.153,7.112
2403.03,18,7.17,6.715,6.32,6.734,5.511,6.644,6.741,6.813,6.264,6.894,6.403,7.132,6.806,6.259,6.838,6.701,6.785,7.721,6.971,7.147,7.443,6.959,7.238,7.095
2404.03,18,7.162,6.638,6.262,6.659,5.518,6.628,6.784,6.844,6.296,6.866,6.485,7.16,6.724,6.373,6.834,6.73,6.707,7.689,6.994,7.175,7.47,6.999,7.232,7.14
2405.03,18,7.177,6.679,6.314,6.658,5.522,6.709,6.795,6.816,6.306,6.868,6.394,7.099,6.754,6.298,6.838,6.659,6.777,7.682,6.912,7.143,7.504,6.888,7.26,7.146
2406.03,18,7.159,6.702,6.291,6.801,5.505,6.674,6.789,6.845,6.293,6.806,6.449,7.142,6.71,6.286,6.844,6.643,6.748,7.663,6.896,7.179,7.45,7.008,7.237,7.193
2407.03,18,7.104,6.732,6.315,6.758,5.488,6.623,6.734,6.877,6.309,6.835,6.399,7.133,6.748,6.388,6.836,6.718,6.751,7.66,6.935,7.143,7.456,6.98,7.227,7.108
2408.03,18,7.1,6.655,6.274,6.708,5.41,6.56,6.766,6.854,6.295,6.839,6.419,7.154,6.797,6.339,6.818,6.704,6.74,7.671,6.895,7.197,7.476,6.92,7.211,7.179
2409.03,18,7.138,6.587,6.273,6.691,5.426,6.658,6.752,6.834,6.279,6.883,6.426,7.138,6.63,6.289,6.869,6.715,6.725,7.665,6.905,7.129,7.517,6.997,7.181,7.176
2410.03,18,7.116,6.698,6.332,6.715,5.44,6.664,6.779,6.856,6.251,6.802,6.467,7.108,6.791,6.295,6.842,6.685,6.752,7.65,6.958,7.128,7.476,6.991,7.215,7.105
2411.03,18,7.151,6.63,6.222,6.709,5.473,6.654,6.785,6.766,6.234,6.87,6.385,7.134,6.667,6.335,6.844,6.642,6.758,7.663,6.928,7.182,7.475,6.89,7.179,7.13
2412.03,18,7.175,6.724,6.305,6.753,5.501,6.647,6.698,6.827,6.291,6.807,6.437,7.111,6.784,6.262,6.839,6.735,6.691,7.673,6.934,7.154,7.45,6.95,7.201,7.159
2413.03,18,7.127,6.686,6.268,6.718,5.439,6.59,6.738,6.772,6.245,6.826,6.412,7.124,6.722,6.303,6.789,6.716,6.687,7.624,6.907,7.101,7.455,6.954,7.194,7.137
2414.03,18,7.131,6.697,6.226,6.757,5.469,6.676,6.762,6.772,6.243,6.868,6.317,7.129,6.771,6.321,6.829,6.641,6.699,7.573,6.882,7.164,7.503,6.947,7.206,7.18
2415.03,18,7.117,6.642,6.312,6.792,5.487,6.583,6.77,6.819,6.254,6.853,6.454,7.149,6.716,6.342,6.832,6.658,6.698,7.644,6.931,7.142,7.491,6.909,7.175,7.18
2416.03,18,7.122,6.633,6.277,6.653,5.467,6.7,6.744,6.786,6.262,6.81,6.409,7.166,6.675,6.293,6.817,6.69,6.802,7.683,6.902,7.079,7.5,6.934,7.23,7.161
2417.03,18,7.173,6.627,6.228,6.707,5.473,6.641,6.772,6.728,6.261,6.859,6.398,7.127,6.68,6.322,6.832,6.648,6.748,7.626,6.895,7.153,7.501,7.009,7.243,7.063
2418.03,18,7.127,6.642,6.298,6.71,5.441,6.653,6.738,6.8,6.237,6.854,6.34,7.077,6.705,6.293,6.843,6.688,6.676,7.708,6.909,7.165,7.468,6.941,7.207,7.138
2419.03,18,7.119,6.649,6.287,6.751,5.444,6.586,6.756,6.858,6.278,6.811,6.381,7.174,6.751,6.227,6.811,6.658,6.7,7.6,6.907,7.212,7.472,6.937,7.206,7.158
2420.03,18,7.105,6.666,6.243,6.706,5.438,6.588,6.721,6.777,6.267,6.843,6.351,7.117,6.744,6.257,6.838,6.662,6.751,7.669,6.949,7.185,7.412,6.991,7.241,7.137
2421.03,18,7.083,6.562,6.268,6.732,5.483,6.66,6.729,6.807,6.257,6.855,6.369,7.087,6.772,6.319,6.883,6.647,6.718,7.604,6.868,7.114,7.511,6.928,7.211,7.161
2422.03,18,7.099,6.704,6.245,6.705,5.439,6.589,6.743,6.746,6.233,6.833,6.393,7.098,6.639,6.321,6.809,6.608,6.726,7.647,6.922,7.124,7.483,6.978,7.19,7.201
2423.03,18,7.122,6.592,6.216,6.704,5.48,6.639,6.784,6.841,6.34,6.854,6.32,7.131,6.747,6.227,6.757,6.651,6.739,7.681,6.977,7.096,7.427,6.975,7.248,7.105
2424.03,18,7.071,6.605,6.251,6.708,5.455,6.604,6.691,6.789,6.224,6.891,6.393,7.171,6.727,6.387,6.858,6.648,6.761,7.635,6.888,7.187,7.464,6.984,7.226,7.149
2425.03,18,7.101,6.712,6.309,6.682,5.385,6.668,6.724,6.808,6.287,6.847,6.354,7.095,6.692,6.323,6.783,6.677,6.693,7.699,6.904,7.083,7.46,7.01,7.242,7.117
2426.03,18,7.035,6.665,6.243,6.741,5.496,6.59,6.748,6.758,6.223,6.833,6.354,7.108,6.733,6.287,6.812,6.721,6.727,7.631,6.865,7.136,7.465,6.943,7.197,7.14
2427.03,18,7.136,6.659,6.205,6.692,5.398,6.663,6.708,6.777,6.252,6.793,6.318,7.128,6.769,6.296,6.796,6.626,6.719,7.653,6.931,7.164,7.508,6.952,7.166,7.085
2428.03,18,7.18,6.637,6.231,6.699,5.424,6.667,6.748,6.724,6.275,6.805,6.444,7.172,6.716,6.253,6.818,6.619,6.761,7.635,6.863,7.164,7.518,6.986,7.243,7.152
2429.03,18,7.088,6.635,6.164,6.717,5.411,6.599,6.76,6.809,6.298,6.783,6.399,7.105,6.735,6.242,6.752,6.611,6.734,7.632,6.869,7.19,7.54,6.948,7.214,7.186
2430.03,18,7.141,6.613,6.192,6.646,5.437,6.59,6.764,6.749,6.215,6.798,6.368,7.113,6.701,6.233,6.786,6.696,6.626,7.629,6.969,7.198,7.428,6.93,7.212,7.16
2431.03,18,7.097,6.605,6.212,6.67,5.468,6.604,6.738,6.792,6.25,6.861,6.371,7.07,6.687,6.293,6.817,6.658,6.791,7.567,6.895,7.084,7.432,7.009,7.127,7.141
2432.03,18,7.145,6.641,6.267,6.705,5.406,6.593,6.693,6.752,6.25,6.825,6.376,7.096,6.633,6.242,6.817,6.664,6.708,7.678,6.911,7.132,7.413,6.92,7.16,7.189
2433.03,18,7.076,6.687,6.158,6.7,5.431,6.638,6.752,6.721,6.215,6.842,6.41,7.098,6.694,6.228,6.872,6.641,6.709,7.62,6.906,7.099,7.421,6.965,7.18,7.116
2434.03,18,7.122,6.69,6.224,6.69,5.425,6.616,6.68,6.787,6.257,6.842,6.445,7.08,6.664,6.309,6.775,6.662,6.688,7.687,6.865,7.05,7.455,6.899,7.19,7.149
2435.03,18,7.123,6.677,6.231,6.719,5.43,6.609,6.745,6.807,6.256,6.815,6.299,7.084,6.708,6.223,6.83,6.641,6.718,7.65,6.902,7.165,7.438,6.932,7.199,7.117
2436.03,18,7.082,6.632,6.215,6.685,5.455,6.617,6.682,6.807,6.21,6.806,6.369,7.122,6.726,6.294,6.848,6.675,6.693,7.54,6.937,7.118,7.408,7.07,7.206,7.068
2437.03,18,7.103,6.662,6.211,6.715,5.481,6.59,6.71,6.734,6.263,6.837,6.374,7.069,6.665,6.263,6.802,6.676,6.699,7.664,6.924,7.147,7.42,6.973,7.201,7.122
2438.03,18,7.095,6.581,6.191,6.643,5.411,6.646,6.77,6.776,6.171,6.851,6.381,7.172,6.712,6.29,6.782,6.625,6.709,7.672,6.875,7.121,7.445,6.911,7.15,7.115
2439.03,18,7.072,6.598,6.193,6.634,5.46,6.624,6.627,6.816,6.184,6.82,6.354,7.048,6.686,6.263,6.85,6.576,6.697,7.632,6.831,7.171,7.4,6.936,7.142,7.076
2440.03,18,7.118,6.606,6.253,6.665,5.424,6.624,6.772,6.739,6.228,6.868,6.344,7.053,6.671,6.252,6.795,6.674,6.699,7.636,6.918,7.136,7.41,7.042,7.172,7.148
2441.03,18,7.106,6.604,6.214,6.674,5.365,6.609,6.714,6.729,6.178,6.838,6.375,7.121,6.691,6.288,6.788,6.612,6.656,7.596,6.83,7.086,7.411,7.026,7.162,7.12
2442.03,18,7.097,6.643,6.239,6.663,5.427,6.585,6.755,6.727,6.227,6.828,6.37,7.109,6.688,6.273,6.771,6.601,6.681,7.586,6.883,7.132,7.42,6.926,7.219,7.105
2443.03,18,7.131,6.654,6.223,6.645,5.41,6.671,6.74,6.765,6.205,6.792,6.317,7.089,6.698,6.173,6.846,6.677,6.705,7.572,6.846,7.173,7.437,6.946,7.151,7.233
2444.03,18,7.063,6.567,6.186,6.637,5.337,6.624,6.678,6.744,6.149,6.793,6.364,7.08,6.722,6.19,6.758,6.619,6.733,7.597,6.854,7.06,7.396,6.949,7.229,7.09
2445.03,18,7.119,6.59,6.233,6.691,5.382,6.541,6.715,6.74,6.192,6.774,6.311,7.075,6.727,6.183,6.753,6.632,6.675,7.594,6.89,7.114,7.48,6.912,7.218,7.125
2446.03,18,7.059,6.567,6.16,6.733,5.389,6.679,6.715,6.764,6.176,6.775,6.384,7.067,6.703,6.199,6.772,6.632,6.759,7.599,6.928,7.131,7.427,7.001,7.214,7.137
2447.03,18,7.091,6.608,6.157,6.697,5.373,6.628,6.736,6.701,6.155,6.792,6.399,7.052,6.647,6.282,6.754,6.606,6.666,7.594,6.87,7.095,7.459,6.911,7.168,7.043
2448.03,18,7.116,6.548,6.195,6.727,5.398,6.628,6.724,6.759,6.183,6.805,6.302,7.075,6.699,6.209,6.874,6.668,6.728,7.628,6.887,7.137,7.47,6.915,7.204,7.141
2449.03,18,7.102,6.608,6.203,6.669,5.312,6.582,6.792,6.77,6.199,6.813,6.371,7.123,6.632,6.232,6.844,6.608,6.63,7.604,6.863,7.068,7.457,6.983,7.178,7.122
2450.03,18,7.013,6.666,6.243,6.669,5.42,6.606,6.737,6.779,6.207,6.804,6.336,7.153,6.718,6.202,6.773,6.651,6.686,7.63,6.906,7.049,7.48,6.97,7.185,7.105
2451.03,18,7.013,6.587,6.199,6.666,5.371,6.63,6.687,6.707,6.159,6.753,6.382,7.017,6.738,6.209,6.804,6.609,6.687,7.643,6.92,7.122,7.416,6.907,7.163,7.188
2452.03,18,7.141,6.612,6.211,6.641,5.301,6.596,6.747,6.82,6.216,6.806,6.322,7.113,6.692,6.248,6.755,6.627,6.646,7.67,6.916,7.006,7.486,6.892,7.148,7.171
2453.03,18,7.095,6.526,6.168,6.653,5.297,6.629,6.684,6.746,6.175,6.787,6.274,7.061,6.684,6.194,6.778,6.635,6.664,7.567,6.891,7.084,7.419,6.902,7.177,7.15
2454.03,18,7.064,6.594,6.189,6.632,5.408,6.63,6.704,6.749,6.201,6.823,6.309,7.088,6.703,6.222,6.777,6.616,6.653,7.569,6.839,7.142,7.444,6.97,7.175,7.11
2455.03,18,7.066,6.634,6.219,6.648,5.35,6.559,6.669,6.712,6.128,6.79,6.3,7.023,6.667,6.225,6.767,6.62,6.68,7.657,6.865,7.104,7.444,6.91,7.198,7.072
2456.03,18,7.021,6.579,6.18,6.642,5.343,6.566,6.734,6.728,6.188,6.752,6.362,7.021,6.653,6.185,6.793,6.628,6.674,7.606,6.898,7.083,7.445,6.985,7.15,7.181
2457.03,18,7.086,6.614,6.206,6.55,5.356,6.577,6.723,6.711,6.284,6.75,6.424,7.119,6.691,6.279,6.793,6.614,6.681,7.617,6.901,7.056,7.411,6.941,7.147,7.075
2458.03,18,7.103,6.584,6.217,6.691,5.337,6.613,6.75,6.683,6.178,6.748,6.346,7.048,6.649,6.194,6.749,6.606,6.624,7.555,6.906,7.076,7.444,6.945,7.19,7.049
2459.03,18,7.132,6.569,6.193,6.638,5.424,6.591,6.733,6.756,6.197,6.808,6.352,7.035,6.616,6.169,6.728,6.622,6.694,7.621,6.903,7.071,7.464,6.962,7.103,7.113
2460.03,18,7.117,6.628,6.228,6.653,5.344,6.648,6.711,6.742,6.194,6.722,6.296,7.008,6.626,6.229,6.834,6.59,6.701,7.602,6.94,7.1,7.363,6.903,7.217,7.119
2461.03,18,7.117,6.613,6.163,6.648,5.384,6.578,6.737,6.743,6.153,6.772,6.328,7.014,6.688,6.194,6.829,6.643,6.664,7.634,6.888,7.05,7.472,6.935,7.192,7.091
2462.03,18,7.014,6.601,6.098,6.699,5.354,6.605,6.648,6.735,6.193,6.749,6.328,7.079,6.7,6.182,6.75,6.593,6.701,7.602,6.815,7.17,7.428,6.919,7.172,7.148
2463.03,18,7.093,6.56,6.153,6.579,5.341,6.563,6.686,6.711,6.176,6.724,6.274,7.063,6.65,6.138,6.784,6.533,6.699,7.586,6.817,7.136,7.333,6.934,7.218,7.089
2464.03,18,7.074,6.59,6.093,6.566,5.343,6.575,6.706,6.798,6.127,6.808,6.301,7.054,6.637,6.162,6.785,6.664,6.692,7.629,6.83,7.106,7.469,6.977,7.175,7.094
2465.03,18,7.074,6.532,6.226,6.67,5.348,6.559,6.687,6.734,6.202,6.779,6.383,7.087,6.691,6.164,6.742,6.576,6.665,7.561,6.814,7.114,7.465,6.9,7.212,7.109
2466.03,18,7.044,6.533,6.098,6.628,5.402,6.551,6.784,6.704,6.23,6.821,6.271,7.075,6.704,6.254,6.741,6.606,6.657,7.529,6.923,7.133,7.429,6.876,7.045,7.114
2467.03,18,7.094,6.571,6.149,6.677,5.399,6.535,6.674,6.773,6.161,6.802,6.251,6.975,6.727,6.22,6.722,6.629,6.725,7.602,6.894,7.119,7.397,6.905,7.16,7.047
2468.03,18,7.015,6.566,6.108,6.553,5.4,6.575,6.681,6.674,6.126,6.718,6.312,7.04,6.709,6.207,6.754,6.585,6.714,7.613,6.871,7.103,7.356,6.892,7.15,7.152
2469.03,18,7.065,6.615,6.1,6.635,5.322,6.602,6.688,6.697,6.096,6.749,6.263,7.051,6.695,6.194,6.785,6.62,6.668,7.571,6.87,7.149,7.402,6.908,7.179,7.121
2470.03,18,7.036,6.543,6.167,6.643,5.307,6.558,6.684,6.666,6.18,6.75,6.271,7.122,6.713,6.205,6.832,6.585,6.663,7.55,6.852,7.073,7.418,6.915,7.146,7.136
2471.03,18,7.058,6.545,6.181,6.591,5.307,6.575,6.648,6.677,6.016,6.765,6.316,6.998,6.699,6.189,6.764,6.62,6.673,7.586,6.863,7.098,7.353,6.908,7.149,7.085
2472.03,18,7.067,6.579,6.131,6.597,5.296,6.556,6.649,6.757,6.098,6.764,6.335,7.075,6.69,6.149,6.789,6.607,6.608,7.562,6.881,7.13,7.43,6.912,7.155,7.129
2473.03,18,7.088,6.584,6.196,6.606,5.42,6.528,6.704,6.651,6.153,6.813,6.265,6.995,6.669,6.229,6.73,6.613,6.585,7.602,6.834,7.107,7.434,6.896,7.145,7.119
2474.03,18,7.073,6.508,6.169,6.6,5.335,6.618,6.712,6.649,6.107,6.732,6.325,6.987,6.667,6.176,6.719,6.575,6.654,7.522,6.854,7.065,7.412,6.862,7.177,7.079
2475.03,18,7.07,6.575,6.178,6.675,5.369,6.536,6.701,6.755,6.167,6.778,6.28,7.098,6.628,6.233,6.791,6.574,6.612,7.579,6.849,7.1,7.359,6.916,7.127,7.09
2476.03,18,7.093,6.645,6.136,6.578,5.359,6.545,6.711,6.676,6.106,6.74,6.279,7,6.648,6.144,6.77,6.592,6.599,7.54,6.861,7.07,7.442,6.922,7.175,7.112
2477.03,18,7.034,6.552,6.158,6.58,5.323,6.545,6.702,6.708,6.105,6.708,6.241,7.099,6.639,6.172,6.797,6.596,6.619,7.553,6.889,7.1,7.383,6.879,7.118,7.086
2478.03,18,7.046,6.59,6.152,6.586,5.347,6.59,6.703,6.697,6.136,6.808,6.265,7.057,6.657,6.169,6.723,6.586,6.583,7.534,6.879,7.108,7.388,6.953,7.198,7.082
2479.03,18,7.085,6.56,6.204,6.643,5.356,6.613,6.642,6.684,6.148,6.696,6.275,6.989,6.65,6.173,6.749,6.549,6.601,7.522,6.861,7.028,7.445,6.934,7.153,7.131
2480.03,18,7.017,6.507,6.172,6.637,5.369,6.555,6.761,6.687,6.096,6.73,6.305,7.054,6.63,6.141,6.773,6.579,6.632,7.564,6.834,7.036,7.396,6.864,7.177,7.076
2481.03,18,7.024,6.532,6.193,6.547,5.314,6.529,6.623,6.68,6.086,6.709,6.32,7.071,6.578,6.168,6.838,6.575,6.599,7.554,6.871,7.017,7.4,6.926,7.148,7.064
2482.03,18,6.988,6.572,6.043,6.564,5.287,6.55,6.654,6.724,6.151,6.741,6.277,7.055,6.668,6.151,6.737,6.603,6.602,7.539,6.896,7.007,7.39,6.89,7.132,7.096
2483.03,18,7.004,6.595,6.064,6.563,5.321,6.537,6.69,6.635,6.134,6.671,6.314,7.033,6.682,6.154,6.774,6.606,6.663,7.541,6.863,7.092,7.419,6.93,7.071,7.081
2484.03,18,7.064,6.509,6.115,6.557,5.341,6.619,6.661,6.663,6.117,6.781,6.286,7.066,6.641,6.184,6.71,6.6,6.696,7.513,6.866,7.094,7.455,6.895,7.229,7.048
2485.03,18,7.08,6.573,6.122,6.63,5.278,6.583,6.717,6.683,6.152,6.751,6.305,6.995,6.626,6.16,6.693,6.588,6.592,7.561,6.851,7.053,7.403,6.876,7.202,7.148
2486.03,18,7.019,6.485,6.078,6.574,5.296,6.552,6.632,6.638,6.17,6.729,6.259,7.026,6.587,6.166,6.759,6.562,6.665,7.516,6.879,7.104,7.377,6.824,7.101,7.128
2487.03,18,7.064,6.552,6.158,6.569,5.34,6.543,6.687,6.708,6.101,6.681,6.294,7.066,6.671,6.171,6.728,6.618,6.614,7.543,6.844,7.05,7.356,6.908,7.089,7.085
2488.03,18,7.049,6.542,6.171,6.564,5.325,6.577,6.643,6.68,6.159,6.679,6.306,7.026,6.585,6.22,6.71,6.64,6.589,7.582,6.853,7.046,7.407,6.931,7.07,7.023
2489.03,18,6.995,6.515,6.136,6.573,5.341,6.604,6.677,6.697,6.08,6.719,6.289,7.047,6.629,6.178,6.771,6.573,6.643,7.54,6.9,7.094,7.4,6.819,7.092,7.085
2490.03,18,7.04,6.55,6.078,6.602,5.334,6.557,6.618,6.705,6.062,6.755,6.299,7.082,6.634,6.202,6.751,6.545,6.673,7.541,6.79,7.114,7.48,6.988,7.109,7.127
2491.03,18,7.063,6.546,6.103,6.562,5.255,6.612,6.586,6.611,6.1,6.72,6.325,7.012,6.618,6.145,6.737,6.614,6.644,7.557,6.802,7.09,7.428,6.816,7.091,7.042
2492.03,18,7.046,6.494,6.135,6.623,5.249,6.56,6.707,6.637,6.071,6.809,6.298,6.989,6.608,6.173,6.706,6.535,6.642,7.525,6.826,7.099,7.349,6.902,7.152,7.025
2493.03,18,7.017,6.486,6.059,6.55,5.257,6.56,6.666,6.671,6.107,6.725,6.226,7.008,6.608,6.094,6.748,6.584,6.594,7.569,6.901,7.084,7.409,6.876,7.065,7.079
2494.03,18,6.965,6.557,6.175,6.571,5.299,6.5,6.722,6.679,6.048,6.704,6.244,7.007,6.626,6.118,6.743,6.629,6.637,7.513,6.843,7.124,7.373,6.905,7.143,7.05
2495.03,18,7.013,6.525,6.113,6.511,5.286,6.515,6.629,6.655,6.156,6.778,6.306,7.008,6.611,6.164,6.793,6.564,6.635,7.574,6.883,7.072,7.347,6.835,7.133,7.089
2496.03,18,7.026,6.516,6.109,6.593,5.272,6.593,6.604,6.713,6.107,6.789,6.302,7.04,6.669,6.12,6.748,6.584,6.62,7.56,6.77,7.099,7.398,6.854,7.161,7.021
2497.03,18,6.987,6.567,6.118,6.528,5.283,6.545,6.609,6.668,6.121,6.754,6.309,7.003,6.602,6.132,6.732,6.557,6.656,7.49,6.832,7.036,7.369,6.955,7.086,7.104
2498.03,18,7,6.537,6.089,6.588,5.292,6.544,6.655,6.63,6.096,6.716,6.232,6.984,6.585,6.219,6.686,6.569,6.67,7.532,6.9,7.093,7.42,6.899,7.2,7.037
2499.03,18,7.015,6.534,6.087,6.549,5.295,6.513,6.662,6.607,6.06,6.731,6.187,6.989,6.674,6.173,6.718,6.522,6.569,7.507,6.831,6.968,7.373,6.852,7.127,7.131
2500.03,18,6.941,6.511,6.008,6.544,5.17,6.494,6.727,6.599,6.092,6.73,6.263,6.982,6.661,6.161,6.804,6.506,6.647,7.525,6.86,7.05,7.412,6.933,7.132,7.08
2501.03,18,7.028,6.551,6.065,6.603,5.267,6.552,6.654,6.669,6.106,6.696,6.23,7.064,6.643,6.199,6.722,6.509,6.637,7.535,6.844,7.067,7.42,6.878,7.064,7.025
2502.03,18,6.974,6.531,6.093,6.589,5.266,6.519,6.684,6.632,6.073,6.747,6.231,7.011,6.652,6.145,6.729,6.557,6.613,7.544,6.861,6.976,7.408,6.863,7.112,7.09
2503.03,18,6.995,6.542,6.097,6.51,5.168,6.471,6.668,6.561,6.072,6.699,6.222,6.998,6.595,6.085,6.667,6.491,6.594,7.521,6.822,6.981,7.346,6.892,7.172,7.105
2504.03,18,6.998,6.456,6.055,6.514,5.278,6.595,6.627,6.639,6.045,6.731,6.272,7.067,6.61,6.054,6.698,6.557,6.625,7.525,6.909,7.033,7.443,6.858,7.08,7.021
2505.03,18,7.065,6.511,6.106,6.525,5.342,6.493,6.637,6.616,6.086,6.741,6.211,6.939,6.629,6.113,6.683,6.543,6.608,7.554,6.781,7.05,7.357,6.859,7.131,7.001
2506.03,18,6.934,6.489,6.037,6.588,5.218,6.528,6.682,6.68,6.044,6.688,6.293,7.05,6.574,6.141,6.715,6.532,6.646,7.546,6.799,7.033,7.358,6.932,7.088,7.04
2507.03,18,7.015,6.515,6.077,6.51,5.224,6.513,6.634,6.581,6.046,6.708,6.294,6.917,6.611,6.094,6.699,6.558,6.615,7.539,6.757,7.075,7.427,6.88,7.098,7.127
2508.03,18,7.018,6.482,6.074,6.557,5.306,6.554,6.62,6.639,5.993,6.695,6.251,6.992,6.662,6.116,6.699,6.539,6.617,7.588,6.839,7.035,7.371,6.847,7.116,7.075
2509.03,18,6.967,6.45,6.062,6.569,5.249,6.427,6.657,6.574,6.014,6.711,6.248,6.938,6.628,6.121,6.6,6.563,6.608,7.508,6.837,6.937,7.393,6.863,7.117,7.069
2510.03,18,6.975,6.534,6.054,6.541,5.277,6.484,6.585,6.624,6.03,6.679,6.26,6.944,6.644,6.144,6.655,6.54,6.564,7.502,6.831,7.02,7.36,6.872,7.197,7.029
2511.03,18,6.99,6.42,6.05,6.501,5.293,6.485,6.645,6.631,6.074,6.71,6.268,6.985,6.603,6.1,6.703,6.556,6.574,7.497,6.796,7.056,7.468,6.856,7.068,7.129
2512.03,18,6.954,6.466,6.04,6.556,5.251,6.477,6.606,6.66,6.05,6.712,6.215,6.975,6.571,6.125,6.718,6.556,6.61,7.497,6.774,7.039,7.381,6.863,7.131,7.06
2513.03,18,6.978,6.496,6.063,6.569,5.205,6.506,6.624,6.537,6.046,6.714,6.224,6.924,6.676,6.127,6.673,6.513,6.646,7.539,6.803,6.998,7.39,6.827,7.102,7.055
2514.03,18,6.95,6.464,6.113,6.482,5.288,6.554,6.619,6.629,5.965,6.743,6.217,6.99,6.611,6.094,6.742,6.514,6.639,7.467,6.806,6.987,7.399,6.791,7.092,6.976
2515.03,18,6.994,6.515,6.063,6.606,5.212,6.525,6.587,6.618,6.017,6.712,6.19,6.964,6.547,6.064,6.722,6.55,6.559,7.492,6.818,6.974,7.37,6.8,7.135,6.996
2516.03,18,6.989,6.508,6.063,6.499,5.262,6.485,6.625,6.633,6.051,6.703,6.172,6.901,6.593,6.105,6.667,6.521,6.605,7.508,6.856,7.003,7.377,6.891,7.135,7.069
2517.03,18,7.006,6.445,6.062,6.521,5.235,6.512,6.575,6.632,5.983,6.668,6.182,6.985,6.615,6.134,6.737,6.541,6.582,7.481,6.745,7.054,7.35,6.858,7.153,7.082
2518.03,18,6.98,6.46,6.001,6.505,5.229,6.549,6.616,6.631,6.081,6.725,6.228,7.028,6.549,6.071,6.687,6.537,6.599,7.558,6.838,7.003,7.385,6.879,7.104,7.128
2519.03,18,6.974,6.461,6.042,6.53,5.264,6.493,6.675,6.641,6.012,6.675,6.134,6.887,6.576,6.116,6.688,6.547,6.612,7.51,6.808,6.988,7.355,6.862,7.062,7.02
2520.03,18,6.977,6.449,6.072,6.507,5.24,6.53,6.623,6.648,6.041,6.654,6.213,6.959,6.597,6.105,6.742,6.517,6.578,7.505,6.825,7.011,7.391,6.796,7.137,7.045
2521.03,18,6.923,6.52,6.019,6.482,5.242,6.543,6.626,6.661,6.03,6.747,6.179,6.946,6.545,6.097,6.681,6.551,6.535,7.563,6.767,7.052,7.354,6.868,7.113,7.119
2522.03,18,6.984,6.478,5.993,6.517,5.224,6.444,6.586,6.61,6.013,6.713,6.285,6.983,6.545,6.063,6.677,6.5,6.603,7.574,6.804,7.069,7.306,6.83,7.135,7.052
2523.03,18,6.991,6.471,6.04,6.556,5.22,6.461,6.619,6.589,6.036,6.714,6.239,6.933,6.567,6.065,6.695,6.549,6.487,7.591,6.841,7.012,7.44,6.844,7.085,7.023
2524.03,18,6.943,6.478,6.02,6.5,5.238,6.506,6.582,6.567,6.035,6.655,6.237,7.016,6.553,6.134,6.707,6.476,6.531,7.519,6.877,7.035,7.387,6.862,7.028,7.04
2525.03,18,6.938,6.447,5.988,6.43,5.251,6.56,6.63,6.59,6.04,6.638,6.182,6.945,6.587,6.164,6.647,6.471,6.565,7.511,6.784,7.027,7.422,6.833,7.091,7.058
2526.03,18,6.924,6.501,6.069,6.444,5.149,6.503,6.636,6.605,5.978,6.748,6.193,6.964,6.606,6.099,6.643,6.457,6.528,7.558,6.858,7.041,7.28,6.837,7.094,7.097
2527.03,18,6.956,6.529,6.041,6.456,5.197,6.47,6.653,6.576,6.013,6.647,6.204,6.969,6.588,6.055,6.642,6.488,6.573,7.546,6.77,6.969,7.348,6.912,7.1,7.106
2528.03,18,6.976,6.479,5.978,6.489,5.266,6.505,6.639,6.588,6.012,6.625,6.197,6.982,6.563,6.158,6.667,6.413,6.55,7.485,6.802,7.002,7.381,6.903,7.065,7.054
2529.03,18,6.986,6.474,6.008,6.486,5.211,6.476,6.565,6.574,5.948,6.706,6.142,6.943,6.581,6.14,6.693,6.528,6.644,7.484,6.749,7.004,7.406,6.831,7.12,7.061
2530.03,18,6.994,6.499,6.003,6.548,5.159,6.533,6.646,6.604,5.962,6.624,6.214,6.996,6.588,6.081,6.642,6.481,6.619,7.589,6.741,7.011,7.319,6.84,7.073,7.042
2531.03,18,6.937,6.451,6.029,6.479,5.17,6.445,6.604,6.604,5.969,6.666,6.169,6.926,6.573,6.075,6.675,6.518,6.555,7.482,6.778,7.041,7.356,6.811,7.144,7.01
2532.03,18,7.003,6.476,6.03,6.416,5.168,6.537,6.583,6.544,6.003,6.685,6.128,6.982,6.608,6.119,6.604,6.505,6.478,7.505,6.756,7.051,7.332,6.832,7.129,7.056
2533.03,18,6.959,6.491,6.017,6.525,5.151,6.477,6.61,6.595,5.984,6.646,6.208,6.902,6.564,6.036,6.674,6.459,6.542,7.501,6.713,7.008,7.339,6.857,7.007,7.029
2534.03,18,6.959,6.492,6.032,6.508,5.227,6.469,6.611,6.574,5.984,6.607,6.183,6.865,6.608,6.11,6.623,6.489,6.564,7.473,6.778,7.025,7.432,6.778,7.049,7.03
2535.03,18,6.92,6.42,6.057,6.495,5.177,6.436,6.67,6.517,6.03,6.647,6.189,6.939,6.531,6.147,6.688,6.563,6.52,7.486,6.778,6.967,7.318,6.831,7.103,7.093
2536.03,18,6.917,6.48,6.01,6.423,5.188,6.457,6.599,6.579,5.998,6.67,6.162,6.947,6.617,6.061,6.707,6.463,6.573,7.53,6.728,7.034,7.339,6.801,7.047,7.025
2537.03,18,6.929,6.411,6.038,6.466,5.137,6.504,6.594,6.574,6.019,6.679,6.133,6.911,6.581,6.099,6.622,6.459,6.572,7.486,6.742,6.967,7.325,6.879,7.091,7.076
2538.03,18,6.967,6.421,6.041,6.511,5.249,6.51,6.622,6.661,6.005,6.616,6.217,7.005,6.604,6.106,6.642,6.524,6.57,7.456,6.764,7.028,7.367,6.871,7.041,7.005
2539.03,18,6.964,6.434,5.985,6.491,5.181,6.441,6.626,6.57,6.02,6.692,6.151,6.94,6.644,6.125,6.663,6.493,6.534,7.525,6.83,6.932,7.401,6.793,7.11,7.021
2540.03,18,6.94,6.501,6.025,6.471,5.19,6.458,6.564,6.578,6.035,6.602,6.196,6.928,6.56,6.031,6.64,6.512,6.551,7.488,6.78,7.027,7.382,6.828,7.078,6.971
2541.03,18,6.902,6.431,6.02,6.409,5.17,6.426,6.607,6.543,6.029,6.648,6.189,6.938,6.551,6.115,6.65,6.461,6.553,7.471,6.773,6.901,7.371,6.865,7.092,7.04
2542.03,18,6.934,6.468,6.035,6.492,5.178,6.476,6.613,6.564,5.926,6.65,6.172,7.012,6.561,6.038,6.631,6.45,6.599,7.48,6.857,7.028,7.376,6.828,7.075,7.048
2543.03,18,6.95,6.455,6.013,6.467,5.163,6.457,6.598,6.533,5.957,6.644,6.169,6.893,6.637,6.089,6.702,6.516,6.528,7.5,6.794,7,7.31,6.859,7.033,7.01
2544.03,18,6.944,6.435,5.986,6.453,5.198,6.458,6.585,6.573,6.039,6.627,6.12,6.936,6.55,6.063,6.673,6.46,6.506,7.418,6.803,7.005,7.379,6.844,7.134,7.066
2545.03,18,6.954,6.446,5.992,6.451,5.19,6.453,6.516,6.506,6.03,6.649,6.149,6.871,6.572,6.059,6.649,6.507,6.598,7.435,6.82,6.945,7.311,6.792,7.154,7.066
2546.03,18,6.978,6.449,5.964,6.44,5.169,6.509,6.559,6.499,5.974,6.664,6.172,6.895,6.529,6.026,6.652,6.445,6.559,7.42,6.787,7.029,7.342,6.848,7.108,7.045
2547.03,18,6.954,6.431,6.015,6.444,5.167,6.471,6.617,6.518,5.996,6.63,6.202,6.889,6.517,6.037,6.662,6.498,6.491,7.471,6.752,7.008,7.365,6.833,7.034,7.023
2548.03,18,6.927,6.471,5.98,6.447,5.215,6.484,6.535,6.576,6.022,6.623,6.132,6.966,6.521,6.084,6.677,6.412,6.555,7.463,6.766,7.073,7.38,6.818,7.107,7.002
2549.03,18,6.956,6.392,5.992,6.388,5.186,6.47,6.611,6.54,5.972,6.652,6.161,6.908,6.513,6.006,6.643,6.478,6.507,7.447,6.734,7.024,7.288,6.833,7.095,7.046
2550.03,18,6.98,6.42,5.991,6.487,5.174,6.501,6.632,6.523,5.971,6.616,6.141,6.929,6.5,6.081,6.626,6.506,6.481,7.467,6.776,6.978,7.349,6.834,7.051,7.014
2551.03,18,6.855,6.486,6.035,6.449,5.123,6.412,6.617,6.551,5.957,6.629,6.156,6.939,6.535,6.109,6.662,6.448,6.564,7.475,6.805,7.066,7.371,6.8,7.095,7.007
2552.03,18,6.887,6.407,5.976,6.418,5.098,6.443,6.597,6.591,5.968,6.626,6.154,6.863,6.542,6.066,6.63,6.445,6.593,7.422,6.785,6.991,7.369,6.846,7.112,6.979
2553.03,18,6.969,6.401,5.951,6.487,5.138,6.454,6.521,6.55,5.911,6.604,6.152,6.965,6.561,6.056,6.7,6.475,6.516,7.487,6.751,7.003,7.338,6.859,7.047,7.04
2554.03,18,6.933,6.431,6.025,6.419,5.154,6.451,6.591,6.509,6,6.587,6.229,6.92,6.565,5.994,6.597,6.541,6.475,7.428,6.726,6.944,7.347,6.797,7.013,7.067
2555.03,18,6.86,6.351,5.963,6.491,5.187,6.411,6.565,6.478,5.952,6.631,6.22,6.922,6.566,6.009,6.66,6.396,6.576,7.381,6.786,7.006,7.348,6.84,7.034,7.054
2556.03,18,6.911,6.414,5.937,6.415,5.086,6.465,6.615,6.625,5.898,6.597,6.154,6.911,6.512,6.002,6.655,6.487,6.492,7.443,6.739,6.979,7.398,6.804,7.077,7.1
2557.03,18,6.861,6.428,6.022,6.431,5.15,6.473,6.54,6.6,5.927,6.639,6.109,6.912,6.54,6.036,6.615,6.452,6.486,7.431,6.772,6.993,7.374,6.795,7.014,7.013
2558.03,18,6.91,6.388,5.989,6.425,5.197,6.493,6.576,6.514,5.927,6.626,6.128,6.974,6.543,6.137,6.617,6.472,6.463,7.392,6.746,6.956,7.377,6.807,7.059,6.936
2559.03,18,6.921,6.365,5.98,6.433,5.124,6.486,6.589,6.508,5.927,6.588,6.078,6.931,6.563,6.035,6.607,6.431,6.517,7.399,6.783,7.028,7.3,6.81,7.056,7.093
2560.03,18,6.921,6.376,5.965,6.387,5.132,6.476,6.599,6.558,5.944,6.632,6.14,6.935,6.54,6.053,6.582,6.523,6.465,7.545,6.704,6.96,7.28,6.78,7.055,7.04
2561.03,18,6.895,6.371,5.951,6.417,5.225,6.488,6.581,6.51,5.916,6.548,6.109,6.95,6.509,6.017,6.639,6.391,6.535,7.402,6.759,6.985,7.262,6.859,7.082,7.023
2562.03,18,6.958,6.387,6.002,6.448,5.126,6.421,6.59,6.559,5.985,6.642,6.139,6.905,6.516,6.02,6.619,6.429,6.509,7.456,6.754,7.036,7.361,6.833,7.102,7.054
2563.03,18,6.896,6.393,5.925,6.392,5.164,6.483,6.563,6.504,5.904,6.558,6.135,6.899,6.534,6.048,6.61,6.418,6.484,7.464,6.745,6.923,7.317,6.795,7.057,6.993
2564.03,18,6.921,6.394,5.909,6.441,5.089,6.41,6.609,6.505,5.948,6.652,6.163,6.868,6.493,5.963,6.608,6.5,6.548,7.431,6.755,6.974,7.341,6.861,7.085,6.991
2565.03,18,6.852,6.405,5.922,6.412,5.088,6.389,6.584,6.525,5.843,6.668,6.184,6.899,6.549,6.04,6.673,6.399,6.498,7.409,6.72,7.002,7.288,6.829,7.113,7.018
2566.03,18,6.822,6.376,6.006,6.418,5.153,6.431,6.629,6.471,5.938,6.605,6.108,6.85,6.501,6.068,6.68,6.431,6.5,7.488,6.718,7.005,7.31,6.748,7.065,7.019
2567.03,18,6.846,6.397,5.991,6.401,5.139,6.463,6.57,6.513,5.966,6.626,6.112,6.901,6.552,5.987,6.698,6.428,6.455,7.407,6.739,6.957,7.368,6.762,7.011,7.025
2568.03,18,6.88,6.348,5.939,6.459,5.134,6.368,6.589,6.553,5.897,6.647,6.104,6.902,6.445,6.031,6.663,6.462,6.54,7.43,6.797,6.948,7.311,6.777,7.026,7.025
2569.03,18,6.902,6.443,5.945,6.406,5.119,6.387,6.536,6.444,5.899,6.648,6.158,6.926,6.525,5.976,6.653,6.427,6.46,7.415,6.781,7.012,7.31,6.817,7.049,6.999
2570.03,18,6.948,6.276,5.932,6.388,5.132,6.465,6.606,6.471,5.959,6.572,6.102,6.832,6.489,5.987,6.653,6.431,6.498,7.48,6.755,7.01,7.327,6.788,7.086,6.961
2571.03,18,6.912,6.344,5.955,6.417,5.078,6.42,6.584,6.53,5.911,6.636,6.115,6.862,6.471,6.006,6.698,6.46,6.568,7.478,6.716,6.993,7.313,6.805,7.073,7.02
2572.03,18,6.821,6.404,5.973,6.407,5.102,6.403,6.596,6.541,5.949,6.626,6.124,6.876,6.525,6.048,6.644,6.471,6.462,7.446,6.761,6.955,7.246,6.771,7.074,7.009
2573.03,18,6.941,6.384,5.965,6.431,5.067,6.384,6.533,6.433,5.87,6.589,6.074,6.904,6.488,5.998,6.684,6.425,6.452,7.429,6.767,6.891,7.306,6.802,7.098,6.979
2574.03,18,6.882,6.367,5.978,6.467,5.107,6.411,6.622,6.488,5.883,6.57,6.09,6.892,6.463,5.984,6.611,6.497,6.453,7.433,6.752,7.009,7.248,6.81,7.006,7.023
2575.03,18,6.933,6.36,5.991,6.382,5.074,6.443,6.534,6.45,5.91,6.635,6.171,6.862,6.535,6.04,6.623,6.451,6.422,7.406,6.763,6.936,7.308,6.741,7.089,7.062
2576.03,18,6.868,6.354,5.926,6.351,5.099,6.449,6.556,6.577,5.882,6.61,6.014,6.86,6.551,5.977,6.582,6.448,6.516,7.469,6.727,6.974,7.259,6.789,6.995,7.012
2577.03,18,6.883,6.404,5.893,6.398,5.015,6.428,6.582,6.479,5.921,6.586,6.157,6.885,6.475,6.053,6.541,6.396,6.507,7.377,6.714,6.986,7.304,6.804,7.063,7.001
2578.03,18,6.861,6.399,5.946,6.412,5.029,6.379,6.572,6.525,5.969,6.606,6.068,6.942,6.567,6.059,6.626,6.468,6.485,7.51,6.731,6.956,7.322,6.785,7.083,6.992
2579.03,18,6.916,6.381,5.946,6.339,5.136,6.382,6.547,6.459,5.829,6.602,6.084,6.848,6.493,6.013,6.538,6.421,6.498,7.406,6.704,7.013,7.356,6.734,7.106,6.98
2580.03,18,6.894,6.358,5.951,6.407,5.015,6.382,6.508,6.455,5.951,6.539,6.149,6.896,6.55,6.064,6.542,6.43,6.487,7.436,6.755,6.946,7.24,6.79,7.047,7.021
2581.03,18,6.905,6.379,5.977,6.374,5.061,6.401,6.542,6.458,5.844,6.604,6.106,6.845,6.495,6.047,6.657,6.436,6.501,7.398,6.75,6.946,7.301,6.763,7.024,7.023
2582.03,18,6.882,6.388,5.921,6.373,5.058,6.433,6.502,6.454,5.886,6.6,6.083,6.875,6.557,6.043,6.601,6.387,6.433,7.406,6.775,6.907,7.248,6.755,7.014,7.024
2583.03,18,6.906,6.369,5.966,6.403,5.008,6.412,6.566,6.465,5.874,6.535,6.046,6.894,6.507,5.955,6.571,6.423,6.54,7.464,6.701,6.98,7.29,6.788,7.057,6.992
2584.03,18,7.013,6.341,5.932,6.4,5.031,6.378,6.498,6.524,5.87,6.667,6.105,6.818,6.482,5.944,6.669,6.401,6.509,7.424,6.776,7.002,7.338,6.754,7.047,6.981
2585.03,18,6.902,6.334,5.861,6.316,5.041,6.386,6.491,6.499,5.901,6.565,6.083,6.875,6.43,5.935,6.627,6.461,6.479,7.417,6.717,6.882,7.255,6.828,7.065,7.015
2586.03,18,6.914,6.373,5.91,6.375,5.042,6.38,6.557,6.564,5.831,6.516,6.068,6.853,6.487,5.98,6.631,6.413,6.477,7.43,6.7,6.989,7.267,6.736,7.056,6.972
2587.03,18,6.838,6.389,5.937,6.346,5.033,6.399,6.529,6.476,5.925,6.54,6.112,6.823,6.5,5.98,6.635,6.413,6.477,7.415,6.683,6.903,7.304,6.777,6.999,7.041
2588.03,18,6.894,6.333,5.887,6.339,5.068,6.406,6.566,6.558,5.865,6.614,6.101,6.854,6.54,5.975,6.584,6.369,6.459,7.376,6.725,7.004,7.333,6.72,7.067,7.047
2589.03,18,6.849,6.328,5.913,6.333,5.083,6.425,6.529,6.471,5.89,6.555,6.113,6.887,6.429,5.963,6.574,6.407,6.408,7.414,6.773,6.859,7.278,6.745,7.028,6.987
2590.03,18,6.855,6.318,5.879,6.329,5.042,6.327,6.504,6.47,5.834,6.555,6.101,6.817,6.455,5.965,6.597,6.396,6.471,7.406,6.723,6.958,7.343,6.79,7.024,6.969
2591.03,18,6.902,6.363,5.892,6.394,5.085,6.413,6.545,6.517,5.882,6.508,6.122,6.875,6.473,6.071,6.597,6.39,6.495,7.425,6.654,6.909,7.371,6.772,7.023,6.958
2592.03,18,6.913,6.352,5.954,6.349,5.111,6.418,6.531,6.415,5.925,6.536,6.091,6.738,6.443,5.98,6.561,6.474,6.517,7.391,6.759,6.892,7.298,6.838,6.997,6.938
2593.03,18,6.854,6.317,5.929,6.356,5.055,6.352,6.531,6.479,5.835,6.548,6.003,6.876,6.477,5.995,6.554,6.374,6.496,7.32,6.689,6.949,7.292,6.736,6.978,7.062
2594.03,18,6.836,6.325,5.916,6.399,5.061,6.422,6.511,6.477,5.866,6.557,6.089,6.93,6.465,6.04,6.548,6.461,6.428,7.414,6.695,6.947,7.247,6.755,7.032,6.94
2595.03,18,6.818,6.346,5.932,6.333,5.032,6.391,6.469,6.485,5.846,6.596,6.077,6.834,6.483,5.967,6.574,6.315,6.47,7.389,6.719,6.953,7.295,6.788,7.001,6.968
2596.03,18,6.88,6.401,5.938,6.326,5.015,6.36,6.532,6.445,5.851,6.633,6.123,6.821,6.457,5.961,6.551,6.408,6.462,7.383,6.745,6.889,7.3,6.735,7.025,6.969
2597.03,18,6.827,6.301,5.973,6.355,5.041,6.404,6.466,6.466,5.888,6.56,6.102,6.787,6.493,6.024,6.598,6.38,6.513,7.399,6.643,6.919,7.223,6.72,7.067,6.93
2598.03,18,6.946,6.39,5.875,6.362,5.035,6.382,6.491,6.464,5.85,6.591,6.096,6.789,6.534,5.935,6.61,6.462,6.44,7.37,6.747,6.905,7.314,6.785,7.029,7.021
2599.03,18,6.813,6.33,5.863,6.375,5.129,6.355,6.542,6.447,5.888,6.511,6.061,6.841,6.453,5.983,6.585,6.371,6.424,7.463,6.683,6.977,7.214,6.738,6.996,7.009
2600.03,18,6.818,6.274,5.86,6.368,5.053,6.367,6.503,6.521,5.816,6.543,6.103,6.804,6.477,5.948,6.592,6.387,6.429,7.364,6.745,6.922,7.34,6.749,7.035,6.938
2601.03,18,6.909,6.262,5.929,6.351,4.995,6.421,6.556,6.43,5.858,6.618,6.04,6.83,6.446,5.899,6.641,6.382,6.442,7.36,6.732,6.914,7.266,6.791,7.049,7.007
2602.03,18,6.85,6.332,5.877,6.392,5.037,6.368,6.57,6.398,5.818,6.502,6.091,6.87,6.498,5.961,6.547,6.374,6.432,7.459,6.719,6.917,7.289,6.766,7.013,6.925
2603.03,18,6.862,6.333,5.886,6.348,5.058,6.316,6.521,6.415,5.795,6.479,6.062,6.815,6.507,5.974,6.566,6.453,6.477,7.411,6.755,6.97,7.364,6.692,6.992,7.005
2604.03,18,6.873,6.324,5.855,6.32,5.077,6.341,6.508,6.461,5.822,6.537,6.049,6.808,6.557,5.976,6.544,6.421,6.423,7.417,6.717,6.906,7.288,6.772,6.973,6.955
2605.03,18,6.86,6.324,5.8,6.27,5.061,6.418,6.457,6.457,5.841,6.528,5.975,6.765,6.504,5.928,6.522,6.406,6.464,7.366,6.708,6.947,7.343,6.81,6.975,6.981
2606.03,18,6.862,6.317,5.913,6.341,5.082,6.371,6.435,6.437,5.809,6.571,6.03,6.808,6.501,5.917,6.603,6.397,6.459,7.396,6.704,6.841,7.332,6.759,7.041,6.945
2607.03,18,6.821,6.28,5.858,6.382,5.003,6.385,6.497,6.427,5.836,6.585,5.976,6.841,6.489,5.974,6.539,6.402,6.442,7.358,6.719,6.914,7.321,6.796,7.03,6.952
2608.03,18,6.838,6.241,5.79,6.322,5.003,6.393,6.514,6.437,5.857,6.565,6.044,6.765,6.496,5.889,6.501,6.393,6.419,7.366,6.696,6.947,7.263,6.687,7.023,6.907
2609.03,18,6.841,6.276,5.797,6.317,5.026,6.367,6.479,6.444,5.863,6.577,6.06,6.81,6.489,5.96,6.534,6.398,6.387,7.375,6.695,6.934,7.268,6.73,6.994,6.961
2610.03,18,6.822,6.261,5.832,6.359,4.985,6.342,6.52,6.418,5.833,6.532,6.066,6.809,6.493,5.953,6.552,6.428,6.427,7.427,6.697,6.91,7.235,6.745,7.053,7.008
2611.03,18,6.864,6.323,5.876,6.285,4.996,6.284,6.523,6.391,5.792,6.568,6.053,6.767,6.437,5.907,6.614,6.409,6.429,7.409,6.753,6.913,7.276,6.762,6.97,6.922
2612.03,18,6.816,6.289,5.923,6.363,5.031,6.335,6.491,6.446,5.84,6.54,5.994,6.81,6.483,5.867,6.554,6.383,6.363,7.385,6.735,6.925,7.298,6.785,7.036,6.976
2613.03,18,6.931,6.264,5.816,6.32,5.007,6.335,6.507,6.391,5.778,6.558,6.027,6.77,6.426,5.949,6.598,6.39,6.388,7.339,6.722,6.933,7.26,6.734,6.997,7.019
2614.03,18,6.871,6.342,5.901,6.387,5.04,6.341,6.54,6.363,5.79,6.486,6.029,6.833,6.476,5.936,6.526,6.351,6.435,7.349,6.661,6.919,7.304,6.704,6.938,6.929
2615.03,18,6.897,6.274,5.898,6.306,4.991,6.32,6.469,6.412,5.865,6.473,6.023,6.803,6.455,5.986,6.577,6.362,6.458,7.401,6.653,6.924,7.274,6.803,6.916,7.002
2616.03,18,6.848,6.224,5.844,6.247,5.003,6.368,6.533,6.456,5.813,6.507,6.054,6.751,6.455,5.919,6.6,6.364,6.404,7.369,6.772,6.92,7.277,6.727,7.049,6.947
2617.03,18,6.749,6.315,5.844,6.278,5.022,6.326,6.484,6.42,5.799,6.514,5.969,6.804,6.465,5.917,6.612,6.339,6.469,7.393,6.737,6.996,7.301,6.65,6.999,7.024
2618.03,18,6.831,6.229,5.861,6.325,4.981,6.374,6.482,6.402,5.798,6.463,6.05,6.782,6.515,5.927,6.602,6.399,6.436,7.29,6.669,6.84,7.294,6.776,6.99,6.9
2619.03,18,6.862,6.384,5.874,6.31,5.048,6.35,6.491,6.378,5.806,6.504,6.041,6.762,6.444,5.869,6.57,6.325,6.473,7.4,6.749,6.885,7.246,6.744,6.986,6.921
2620.03,18,6.835,6.291,5.862,6.291,5.034,6.369,6.465,6.406,5.82,6.481,5.961,6.813,6.501,5.888,6.607,6.363,6.435,7.387,6.7,6.902,7.304,6.777,6.968,6.961
2621.03,18,6.833,6.304,5.821,6.264,5.033,6.359,6.502,6.45,5.794,6.509,6.02,6.804,6.511,5.862,6.531,6.36,6.437,7.301,6.712,6.847,7.347,6.691,7,6.91
2622.03,18,6.779,6.294,5.843,6.296,4.976,6.353,6.45,6.428,5.821,6.48,6.006,6.764,6.519,5.894,6.517,6.411,6.381,7.414,6.75,6.88,7.272,6.725,6.977,6.927
2623.03,18,6.8,6.271,5.801,6.356,5.014,6.362,6.491,6.392,5.807,6.571,5.98,6.775,6.428,5.896,6.568,6.391,6.394,7.393,6.655,6.895,7.262,6.737,6.957,6.951
2624.03,18,6.817,6.308,5.833,6.269,4.989,6.348,6.6,6.44,5.751,6.505,6.023,6.826,6.507,5.942,6.521,6.342,6.385,7.417,6.696,6.897,7.299,6.706,7.017,6.96
2625.03,18,6.777,6.286,5.84,6.319,4.952,6.358,6.497,6.365,5.808,6.475,6.045,6.784,6.442,5.878,6.552,6.375,6.421,7.387,6.649,6.885,7.269,6.743,6.984,6.983
2626.03,18,6.829,6.293,5.84,6.297,4.977,6.313,6.469,6.439,5.775,6.499,6.054,6.85,6.471,5.956,6.568,6.346,6.354,7.325,6.745,6.818,7.231,6.635,7.037,6.959
2627.03,18,6.844,6.26,5.839,6.29,4.939,6.325,6.503,6.455,5.818,6.507,5.989,6.778,6.448,5.922,6.499,6.378,6.485,7.386,6.733,6.884,7.266,6.745,7.004,6.95
2628.03,18,6.787,6.273,5.824,6.251,5.013,6.363,6.477,6.44,5.753,6.48,6.008,6.758,6.468,5.902,6.592,6.367,6.427,7.338,6.625,6.931,7.289,6.725,6.959,6.934
2629.03,18,6.862,6.246,5.832,6.236,4.963,6.304,6.523,6.341,5.81,6.554,5.989,6.778,6.459,5.874,6.55,6.359,6.34,7.335,6.748,6.867,7.282,6.722,6.996,6.968
2630.03,18,6.817,6.322,5.908,6.227,4.97,6.324,6.499,6.357,5.82,6.543,5.996,6.716,6.452,5.902,6.491,6.284,6.374,7.404,6.67,6.922,7.25,6.761,7.041,6.931
2631.03,18,6.857,6.189,5.744,6.293,4.979,6.365,6.469,6.316,5.808,6.546,6.028,6.84,6.504,5.932,6.528,6.329,6.492,7.387,6.699,6.883,7.271,6.664,6.981,6.997
2632.03,18,6.822,6.232,5.84,6.329,4.978,6.358,6.478,6.403,5.757,6.475,6.006,6.787,6.408,5.874,6.548,6.344,6.365,7.382,6.683,6.861,7.276,6.702,7,6.993
2633.03,18,6.813,6.307,5.822,6.24,4.972,6.262,6.49,6.411,5.778,6.519,6.059,6.799,6.469,5.905,6.505,6.321,6.44,7.271,6.698,6.937,7.274,6.736,6.975,6.921
2634.03,18,6.761,6.245,5.828,6.211,4.989,6.3,6.445,6.353,5.749,6.499,5.945,6.783,6.472,5.929,6.518,6.307,6.36,7.344,6.714,6.841,7.202,6.733,6.955,6.96
2635.03,18,6.751,6.292,5.741,6.252,5.01,6.314,6.473,6.357,5.786,6.475,6.03,6.791,6.42,5.935,6.465,6.379,6.407,7.304,6.615,6.841,7.232,6.688,7.014,6.983
2636.03,18,6.795,6.254,5.852,6.221,4.958,6.329,6.466,6.395,5.79,6.52,5.995,6.832,6.464,5.868,6.467,6.372,6.436,7.366,6.662,6.847,7.193,6.755,6.949,6.903
2637.03,18,6.732,6.25,5.846,6.3,4.9,6.294,6.462,6.331,5.783,6.493,5.959,6.766,6.461,5.942,6.549,6.307,6.399,7.359,6.688,6.872,7.278,6.669,6.985,6.932
2638.03,18,6.781,6.299,5.775,6.221,4.945,6.327,6.47,6.335,5.764,6.496,5.95,6.793,6.425,5.854,6.602,6.389,6.377,7.35,6.685,6.829,7.267,6.734,6.939,6.913
2639.03,18,6.794,6.229,5.824,6.252,4.94,6.317,6.456,6.368,5.722,6.441,6.015,6.756,6.455,5.918,6.561,6.308,6.36,7.329,6.667,6.841,7.228,6.692,7.008,6.945
2640.03,18,6.848,6.295,5.81,6.281,4.907,6.331,6.489,6.311,5.721,6.504,6.013,6.733,6.379,5.908,6.547,6.36,6.448,7.389,6.624,6.833,7.213,6.74,6.962,6.979
2641.03,18,6.714,6.207,5.832,6.268,4.899,6.295,6.525,6.364,5.792,6.444,5.959,6.761,6.35,5.831,6.522,6.339,6.381,7.354,6.685,6.879,7.286,6.667,7.016,6.942
2642.03,18,6.764,6.261,5.804,6.307,4.965,6.353,6.457,6.361,5.753,6.473,5.992,6.724,6.398,5.921,6.481,6.331,6.464,7.344,6.705,6.9,7.218,6.679,6.985,6.918
2643.03,18,6.654,6.237,5.786,6.336,4.961,6.306,6.515,6.365,5.709,6.483,6.008,6.757,6.448,5.897,6.544,6.376,6.455,7.344,6.678,6.85,7.263,6.747,6.986,6.915
2644.03,18,6.744,6.238,5.762,6.279,4.888,6.379,6.443,6.343,5.682,6.496,5.963,6.765,6.492,5.824,6.455,6.308,6.438,7.307,6.718,6.9,7.199,6.701,7.008,6.973
2645.03,18,6.755,6.285,5.817,6.305,4.88,6.283,6.524,6.296,5.771,6.493,5.992,6.729,6.417,5.881,6.493,6.306,6.387,7.352,6.601,6.872,7.206,6.717,6.966,6.921
2646.03,18,6.785,6.218,5.8,6.211,4.971,6.373,6.491,6.415,5.752,6.469,5.913,6.748,6.465,5.892,6.54,6.337,6.359,7.32,6.681,6.858,7.261,6.714,6.957,6.917
2647.03,18,6.747,6.219,5.709,6.228,4.875,6.273,6.438,6.377,5.741,6.471,5.958,6.753,6.392,5.927,6.503,6.378,6.384,7.294,6.654,6.856,7.177,6.642,6.938,6.994
2648.03,18,6.76,6.147,5.747,6.176,4.876,6.317,6.377,6.337,5.718,6.507,5.909,6.697,6.49,5.861,6.492,6.318,6.401,7.342,6.624,6.777,7.205,6.721,6.944,6.9
2649.03,18,6.746,6.212,5.815,6.252,4.932,6.257,6.447,6.365,5.729,6.44,6.032,6.714,6.438,5.878,6.512,6.315,6.425,7.311,6.62,6.948,7.252,6.676,6.956,6.948
2650.03,18,6.697,6.248,5.776,6.274,4.981,6.324,6.388,6.319,5.767,6.476,5.889,6.762,6.412,5.92,6.464,6.294,6.37,7.302,6.657,6.84,7.228,6.631,6.97,6.897
2651.03,18,6.796,6.229,5.831,6.268,4.951,6.351,6.46,6.366,5.698,6.468,5.965,6.777,6.454,5.932,6.449,6.337,6.382,7.303,6.669,6.914,7.24,6.737,6.882,6.88
2652.03,18,6.739,6.267,5.813,6.211,4.958,6.25,6.423,6.429,5.709,6.444,5.953,6.696,6.418,5.856,6.464,6.295,6.385,7.335,6.63,6.859,7.287,6.679,6.955,6.945
2653.03,18,6.763,6.245,5.754,6.216,4.876,6.292,6.473,6.276,5.714,6.458,5.951,6.705,6.357,5.847,6.513,6.327,6.405,7.258,6.655,6.902,7.234,6.711,6.914,6.937
2654.03,18,6.74,6.255,5.758,6.155,4.879,6.285,6.392,6.44,5.715,6.463,6.004,6.727,6.399,5.882,6.496,6.266,6.432,7.319,6.653,6.799,7.233,6.7,6.914,6.948
2655.03,18,6.808,6.168,5.777,6.224,4.932,6.316,6.467,6.296,5.668,6.424,5.929,6.737,6.392,5.83,6.546,6.289,6.31,7.316,6.656,6.791,7.237,6.744,6.901,6.909
2656.03,18,6.805,6.26,5.801,6.188,4.903,6.245,6.451,6.384,5.744,6.412,5.99,6.722,6.45,5.88,6.497,6.296,6.328,7.329,6.617,6.893,7.177,6.718,6.883,6.872
2657.03,18,6.795,6.214,5.73,6.204,4.886,6.228,6.492,6.336,5.726,6.439,5.964,6.69,6.436,5.859,6.452,6.268,6.387,7.266,6.692,6.834,7.19,6.699,6.957,6.877
2658.03,18,6.766,6.168,5.835,6.257,4.9,6.329,6.387,6.324,5.728,6.436,5.883,6.768,6.348,5.838,6.468,6.383,6.371,7.292,6.661,6.807,7.264,6.768,6.976,6.881
2659.03,18,6.731,6.209,5.747,6.197,4.864,6.277,6.424,6.349,5.668,6.371,5.944,6.729,6.434,5.884,6.533,6.293,6.32,7.227,6.658,6.809,7.217,6.681,6.97,6.866
2660.03,18,6.715,6.185,5.771,6.179,4.904,6.258,6.465,6.283,5.677,6.428,5.916,6.705,6.416,5.883,6.534,6.318,6.365,7.333,6.666,6.828,7.286,6.642,6.917,6.921
2661.03,18,6.778,6.179,5.784,6.182,4.888,6.281,6.451,6.274,5.708,6.445,5.94,6.763,6.404,5.94,6.471,6.273,6.337,7.299,6.68,6.842,7.255,6.657,6.943,6.902
2662.03,18,6.741,6.19,5.707,6.25,4.851,6.266,6.462,6.365,5.684,6.435,5.953,6.664,6.424,5.915,6.472,6.354,6.289,7.387,6.697,6.845,7.282,6.664,6.938,6.912
2663.03,18,6.751,6.185,5.788,6.167,4.91,6.242,6.452,6.323,5.71,6.473,5.973,6.73,6.356,5.846,6.463,6.366,6.387,7.297,6.68,6.856,7.203,6.667,6.975,6.929
2664.03,18,6.798,6.27,5.726,6.268,4.8,6.262,6.439,6.304,5.73,6.381,5.909,6.711,6.382,5.9,6.447,6.323,6.41,7.313,6.534,6.854,7.196,6.667,6.931,6.893
2665.03,18,6.781,6.189,5.739,6.165,4.853,6.302,6.463,6.336,5.683,6.417,5.875,6.701,6.429,5.779,6.489,6.317,6.326,7.321,6.638,6.851,7.278,6.717,6.943,6.894
2666.03,18,6.788,6.205,5.749,6.193,4.822,6.315,6.47,6.335,5.628,6.46,5.918,6.758,6.396,5.822,6.473,6.265,6.3,7.236,6.691,6.871,7.22,6.669,6.952,7.027
2667.03,18,6.756,6.205,5.727,6.229,4.891,6.264,6.407,6.287,5.66,6.458,5.964,6.772,6.382,5.853,6.492,6.331,6.358,7.251,6.669,6.832,7.189,6.636,6.902,6.918
2668.03,18,6.697,6.191,5.658,6.142,4.944,6.32,6.481,6.34,5.768,6.413,5.933,6.739,6.365,5.928,6.563,6.333,6.367,7.364,6.685,6.843,7.174,6.719,6.96,6.912
2669.03,18,6.721,6.156,5.658,6.217,4.876,6.318,6.5,6.291,5.606,6.338,5.928,6.759,6.468,5.874,6.453,6.282,6.306,7.281,6.69,6.799,7.174,6.747,6.917,6.959
2670.03,18,6.767,6.26,5.774,6.276,4.86,6.214,6.358,6.328,5.622,6.437,5.839,6.718,6.398,5.846,6.467,6.3,6.31,7.257,6.676,6.838,7.26,6.7,6.867,6.86
2671.03,18,6.704,6.152,5.811,6.192,4.863,6.244,6.404,6.342,5.674,6.42,5.917,6.658,6.404,5.895,6.517,6.275,6.313,7.266,6.604,6.792,7.205,6.667,6.989,6.913
2672.03,18,6.8,6.172,5.701,6.165,4.916,6.282,6.452,6.296,5.664,6.413,5.91,6.719,6.442,5.896,6.445,6.25,6.383,7.193,6.628,6.799,7.234,6.71,6.926,6.869
2673.03,18,6.648,6.204,5.699,6.215,4.822,6.225,6.42,6.335,5.668,6.432,5.875,6.695,6.408,5.82,6.528,6.293,6.351,7.276,6.654,6.813,7.249,6.675,6.995,6.911
2674.03,18,6.749,6.159,5.714,6.17,4.863,6.222,6.441,6.299,5.664,6.449,5.918,6.715,6.369,5.872,6.473,6.2,6.33,7.29,6.572,6.822,7.247,6.664,6.954,6.945
2675.03,18,6.711,6.178,5.692,6.187,4.81,6.265,6.382,6.329,5.65,6.462,5.906,6.672,6.347,5.855,6.454,6.266,6.322,7.3,6.603,6.803,7.25,6.615,6.916,6.953
2676.03,18,6.665,6.132,5.735,6.195,4.809,6.263,6.402,6.283,5.593,6.492,5.84,6.693,6.38,5.889,6.496,6.287,6.318,7.305,6.642,6.792,7.205,6.69,6.897,6.927
2677.03,18,6.713,6.189,5.729,6.192,4.829,6.261,6.376,6.281,5.7,6.456,5.924,6.648,6.413,5.838,6.457,6.231,6.361,7.367,6.615,6.785,7.241,6.647,6.904,6.87
2678.03,18,6.724,6.231,5.619,6.127,4.881,6.284,6.401,6.332,5.625,6.424,5.861,6.686,6.457,5.898,6.48,6.268,6.321,7.322,6.657,6.77,7.207,6.686,6.955,6.878
2679.03,18,6.788,6.135,5.703,6.145,4.84,6.285,6.414,6.32,5.687,6.424,5.92,6.674,6.435,5.762,6.446,6.299,6.3,7.313,6.656,6.882,7.204,6.606,6.865,6.951
2680.03,18,6.718,6.19,5.724,6.21,4.857,6.29,6.444,6.282,5.662,6.443,5.886,6.642,6.344,5.82,6.467,6.269,6.322,7.288,6.71,6.823,7.247,6.707,6.999,6.843
2681.03,18,6.709,6.155,5.667,6.119,4.793,6.214,6.427,6.252,5.638,6.431,5.833,6.703,6.357,5.806,6.44,6.262,6.313,7.259,6.543,6.834,7.231,6.599,6.929,6.922
2682.03,18,6.721,6.195,5.723,6.192,4.888,6.227,6.367,6.305,5.611,6.41,5.923,6.668,6.352,5.854,6.377,6.279,6.296,7.241,6.64,6.856,7.191,6.679,6.95,6.869
2683.03,18,6.699,6.136,5.703,6.207,4.818,6.188,6.378,6.34,5.635,6.426,5.873,6.701,6.404,5.767,6.385,6.246,6.299,7.262,6.594,6.824,7.246,6.592,6.953,6.894
2684.03,18,6.726,6.145,5.729,6.15,4.811,6.28,6.404,6.33,5.602,6.405,5.876,6.756,6.311,5.829,6.428,6.277,6.269,7.279,6.644,6.806,7.215,6.703,6.982,6.926
2685.03,18,6.64,6.136,5.682,6.089,4.796,6.222,6.413,6.237,5.587,6.385,5.907,6.695,6.288,5.806,6.475,6.261,6.369,7.241,6.612,6.886,7.229,6.685,6.922,6.868
2686.03,18,6.7,6.112,5.642,6.13,4.82,6.221,6.401,6.216,5.579,6.356,5.851,6.655,6.384,5.854,6.438,6.284,6.249,7.261,6.648,6.757,7.232,6.694,6.911,6.898
2687.03,18,6.66,6.192,5.646,6.127,4.781,6.239,6.415,6.321,5.563,6.42,5.898,6.617,6.374,5.806,6.48,6.194,6.28,7.235,6.629,6.797,7.188,6.73,6.905,6.855
2688.03,18,6.67,6.155,5.655,6.18,4.773,6.263,6.352,6.252,5.581,6.367,5.89,6.671,6.373,5.852,6.463,6.248,6.316,7.236,6.642,6.778,7.187,6.692,6.939,6.892
2689.03,18,6.715,6.204,5.759,6.2,4.83,6.295,6.439,6.275,5.623,6.403,5.913,6.666,6.387,5.779,6.444,6.217,6.337,7.252,6.631,6.804,7.168,6.695,6.82,6.919
2690.03,18,6.75,6.148,5.668,6.132,4.807,6.228,6.415,6.22,5.647,6.399,5.881,6.647,6.304,5.777,6.403,6.263,6.302,7.279,6.63,6.853,7.147,6.641,6.995,6.952
2691.03,18,6.705,6.148,5.656,6.127,4.812,6.231,6.377,6.223,5.602,6.315,5.853,6.767,6.324,5.827,6.476,6.268,6.342,7.287,6.666,6.798,7.13,6.631,6.872,6.855
2692.03,18,6.757,6.086,5.679,6.076,4.773,6.218,6.434,6.213,5.638,6.313,5.909,6.662,6.347,5.786,6.416,6.228,6.257,7.23,6.66,6.819,7.259,6.692,6.98,6.916
2693.03,18,6.681,6.115,5.672,6.133,4.79,6.245,6.373,6.267,5.596,6.398,5.905,6.629,6.387,5.806,6.472,6.24,6.318,7.282,6.576,6.7,7.151,6.668,6.886,6.925
2694.03,18,6.71,6.171,5.629,6.104,4.807,6.246,6.336,6.227,5.59,6.323,5.822,6.659,6.355,5.792,6.39,6.232,6.337,7.275,6.686,6.77,7.159,6.636,6.898,6.884
2695.03,18,6.722,6.155,5.646,6.077,4.792,6.217,6.383,6.233,5.621,6.393,5.888,6.681,6.317,5.879,6.448,6.241,6.287,7.26,6.642,6.736,7.179,6.642,6.917,6.828
2696.03,18,6.667,6.072,5.645,6.152,4.869,6.165,6.341,6.249,5.658,6.432,5.809,6.709,6.333,5.765,6.395,6.278,6.326,7.246,6.638,6.823,7.119,6.645,6.894,6.853
2697.03,18,6.772,6.129,5.637,6.118,4.764,6.237,6.421,6.192,5.542,6.359,5.885,6.63,6.376,5.806,6.515,6.215,6.269,7.259,6.633,6.812,7.16,6.615,6.937,6.82
2698.03,18,6.668,6.11,5.667,6.121,4.759,6.169,6.406,6.298,5.571,6.37,5.911,6.613,6.344,5.736,6.408,6.179,6.285,7.254,6.637,6.773,7.154,6.611,6.922,6.863
2699.03,18,6.651,6.129,5.655,6.074,4.776,6.248,6.409,6.214,5.596,6.311,5.907,6.669,6.365,5.786,6.462,6.23,6.346,7.251,6.561,6.749,7.121,6.635,6.941,6.871
2700.03,18,6.688,6.162,5.68,6.117,4.765,6.253,6.41,6.198,5.607,6.364,5.757,6.67,6.319,5.764,6.511,6.199,6.349,7.296,6.642,6.86,7.189,6.663,6.896,6.851
2701.03,18,6.696,6.158,5.647,6.099,4.794,6.188,6.297,6.22,5.609,6.384,5.902,6.623,6.354,5.747,6.413,6.246,6.298,7.225,6.617,6.744,7.154,6.644,6.944,6.849
2702.03,18,6.689,6.185,5.695,6.152,4.728,6.216,6.373,6.239,5.576,6.337,5.885,6.634,6.34,5.782,6.399,6.212,6.319,7.205,6.601,6.806,7.196,6.683,6.886,6.891
2703.03,18,6.677,6.109,5.665,6.083,4.77,6.173,6.429,6.232,5.589,6.352,5.906,6.611,6.33,5.8,6.41,6.246,6.31,7.216,6.619,6.855,7.179,6.695,6.912,6.862
2704.03,18,6.688,6.089,5.72,6.09,4.843,6.251,6.385,6.185,5.603,6.41,5.828,6.627,6.37,5.767,6.377,6.235,6.316,7.193,6.562,6.757,7.095,6.623,6.828,6.876
2705.03,18,6.663,6.07,5.733,6.076,4.82,6.233,6.434,6.215,5.525,6.327,5.829,6.619,6.273,5.786,6.432,6.155,6.314,7.279,6.573,6.781,7.149,6.681,6.864,6.809
2706.03,18,6.686,6.072,5.722,6.028,4.732,6.241,6.338,6.183,5.576,6.384,5.832,6.62,6.325,5.737,6.448,6.318,6.312,7.201,6.595,6.805,7.243,6.619,6.822,6.839
2707.03,18,6.667,6.107,5.671,6.078,4.786,6.184,6.332,6.222,5.591,6.223,5.818,6.678,6.346,5.755,6.436,6.237,6.238,7.216,6.56,6.759,7.176,6.607,6.873,6.897
2708.03,18,6.696,6.139,5.618,6.037,4.778,6.178,6.362,6.275,5.534,6.314,5.888,6.643,6.362,5.733,6.405,6.173,6.361,7.259,6.651,6.75,7.241,6.585,6.926,6.894
2709.03,18,6.637,6.137,5.608,6.166,4.817,6.186,6.385,6.232,5.577,6.338,5.842,6.634,6.33,5.702,6.374,6.253,6.246,7.171,6.598,6.859,7.148,6.624,6.956,6.939
2710.03,18,6.712,6.091,5.669,6.06,4.744,6.25,6.33,6.213,5.519,6.339,5.798,6.682,6.258,5.793,6.385,6.225,6.245,7.214,6.638,6.755,7.137,6.604,6.828,6.873
2711.03,18,6.715,6.097,5.656,6.077,4.739,6.184,6.392,6.195,5.55,6.326,5.839,6.645,6.306,5.748,6.431,6.276,6.239,7.259,6.574,6.809,7.196,6.606,6.922,6.917
2712.03,18,6.691,6.092,5.672,6.121,4.773,6.198,6.337,6.227,5.524,6.37,5.832,6.619,6.255,5.725,6.406,6.303,6.333,7.247,6.561,6.761,7.165,6.61,6.885,6.875
2713.03,18,6.642,6.099,5.608,6.129,4.767,6.26,6.423,6.222,5.551,6.302,5.855,6.659,6.367,5.731,6.424,6.179,6.261,7.204,6.532,6.816,7.155,6.621,6.88,6.858
2714.03,18,6.678,6.062,5.621,6.077,4.782,6.275,6.412,6.194,5.561,6.332,5.843,6.659,6.311,5.756,6.373,6.216,6.202,7.227,6.609,6.756,7.165,6.667,6.812,6.823
2715.03,18,6.675,6.114,5.625,6.013,4.687,6.183,6.321,6.175,5.555,6.366,5.818,6.681,6.316,5.769,6.388,6.209,6.287,7.231,6.626,6.761,7.189,6.599,6.786,6.922
2716.03,18,6.666,6.121,5.655,6.022,4.753,6.197,6.382,6.246,5.542,6.296,5.873,6.624,6.349,5.734,6.365,6.195,6.301,7.209,6.583,6.699,7.092,6.671,6.896,6.783
2717.03,18,6.619,6.092,5.638,6.103,4.715,6.206,6.398,6.183,5.525,6.412,5.775,6.604,6.3,5.762,6.448,6.186,6.283,7.318,6.538,6.7,7.182,6.612,6.941,6.841
2718.03,18,6.618,6.048,5.674,6.053,4.772,6.161,6.363,6.172,5.557,6.304,5.847,6.63,6.31,5.762,6.365,6.194,6.29,7.24,6.603,6.701,7.146,6.617,6.821,6.902
2719.03,18,6.682,6.125,5.598,6.063,4.798,6.197,6.396,6.166,5.547,6.289,5.75,6.591,6.338,5.739,6.431,6.177,6.288,7.173,6.644,6.795,7.068,6.552,6.909,6.866
2720.03,18,6.687,6.109,5.62,6.071,4.746,6.195,6.371,6.213,5.45,6.331,5.842,6.635,6.314,5.736,6.425,6.182,6.208,7.217,6.547,6.768,7.123,6.655,6.843,6.836
2721.03,18,6.686,6.1,5.538,6.079,4.739,6.189,6.296,6.21,5.546,6.348,5.775,6.571,6.262,5.823,6.373,6.185,6.248,7.182,6.554,6.717,7.147,6.626,6.881,6.837
2722.03,18,6.649,6.04,5.667,6.03,4.703,6.229,6.345,6.169,5.547,6.353,5.8,6.651,6.269,5.769,6.439,6.248,6.313,7.278,6.626,6.714,7.152,6.535,6.891,6.866
2723.03,18,6.656,6.105,5.628,6.042,4.769,6.204,6.354,6.174,5.51,6.352,5.758,6.6,6.248,5.765,6.465,6.2,6.272,7.221,6.526,6.744,7.163,6.618,6.888,6.874
2724.03,18,6.623,6.105,5.567,6.044,4.74,6.203,6.33,6.091,5.553,6.354,5.764,6.615,6.364,5.701,6.402,6.177,6.279,7.224,6.545,6.775,7.161,6.597,6.932,6.895
2725.03,18,6.662,6.084,5.634,6.05,4.76,6.195,6.424,6.222,5.528,6.363,5.802,6.576,6.312,5.785,6.457,6.204,6.271,7.185,6.611,6.755,7.183,6.655,6.824,6.867
2726.03,18,6.652,6.117,5.582,6.089,4.744,6.17,6.391,6.198,5.553,6.357,5.845,6.587,6.315,5.743,6.468,6.255,6.231,7.165,6.531,6.81,7.169,6.55,6.931,6.84
2727.03,18,6.606,6.017,5.546,6.043,4.693,6.177,6.376,6.167,5.489,6.338,5.789,6.607,6.287,5.776,6.353,6.157,6.274,7.236,6.573,6.695,7.168,6.585,6.93,6.848
2728.03,18,6.639,6.028,5.618,6.019,4.728,6.26,6.314,6.177,5.448,6.366,5.786,6.577,6.299,5.758,6.352,6.145,6.209,7.159,6.57,6.792,7.114,6.599,6.936,6.807
2729.03,18,6.663,6.039,5.572,6.003,4.678,6.189,6.337,6.196,5.514,6.31,5.736,6.64,6.239,5.734,6.414,6.201,6.23,7.195,6.52,6.742,7.193,6.66,6.888,6.883
2730.03,18,6.541,6.065,5.586,6.053,4.724,6.193,6.294,6.146,5.474,6.327,5.759,6.576,6.341,5.754,6.377,6.191,6.239,7.182,6.581,6.746,7.179,6.602,6.904,6.878
2731.03,18,6.649,6.112,5.503,6.037,4.688,6.23,6.326,6.131,5.472,6.273,5.79,6.623,6.292,5.753,6.359,6.189,6.25,7.191,6.564,6.781,7.136,6.623,6.829,6.859
2732.03,18,6.618,6.128,5.56,6.078,4.702,6.177,6.298,6.22,5.465,6.251,5.831,6.565,6.289,5.721,6.445,6.216,6.255,7.214,6.56,6.661,7.175,6.619,6.808,6.936
2733.03,18,6.667,6.08,5.599,6.066,4.65,6.142,6.367,6.161,5.507,6.306,5.783,6.65,6.244,5.676,6.368,6.171,6.238,7.204,6.546,6.777,7.133,6.664,6.831,6.838
2734.03,18,6.67,5.975,5.578,5.97,4.749,6.178,6.355,6.167,5.514,6.312,5.782,6.614,6.27,5.726,6.414,6.138,6.195,7.22,6.607,6.725,7.103,6.541,6.853,6.802
2735.03,18,6.643,6.047,5.596,6.04,4.745,6.107,6.382,6.21,5.502,6.282,5.762,6.603,6.286,5.655,6.416,6.166,6.189,7.153,6.566,6.776,7.101,6.633,6.815,6.89
2736.03,18,6.617,6.042,5.641,6.017,4.71,6.153,6.332,6.086,5.476,6.284,5.745,6.618,6.326,5.717,6.403,6.131,6.244,7.215,6.505,6.665,7.105,6.587,6.829,6.878
2737.03,18,6.625,5.998,5.57,6.008,4.66,6.111,6.362,6.172,5.464,6.305,5.842,6.613,6.229,5.742,6.409,6.203,6.219,7.159,6.57,6.805,7.099,6.572,6.843,6.896
2738.03,18,6.673,6.066,5.601,6.031,4.721,6.163,6.378,6.147,5.509,6.271,5.769,6.605,6.257,5.643,6.398,6.159,6.199,7.183,6.576,6.676,7.126,6.596,6.847,6.765
2739.03,18,6.616,6.043,5.603,6.057,4.712,6.128,6.334,6.179,5.519,6.422,5.776,6.628,6.304,5.722,6.433,6.168,6.218,7.165,6.604,6.795,7.17,6.611,6.856,6.84
2740.03,18,6.637,6.056,5.596,6.002,4.711,6.091,6.334,6.148,5.506,6.302,5.688,6.556,6.289,5.73,6.382,6.136,6.214,7.149,6.567,6.746,7.082,6.58,6.815,6.863
2741.03,18,6.646,5.981,5.514,5.982,4.72,6.118,6.373,6.111,5.503,6.373,5.776,6.515,6.326,5.709,6.382,6.141,6.153,7.144,6.562,6.713,7.146,6.601,6.899,6.837
2742.03,18,6.625,6.083,5.527,6.002,4.707,6.108,6.419,6.189,5.395,6.311,5.759,6.599,6.225,5.704,6.331,6.146,6.303,7.163,6.565,6.771,7.18,6.629,6.794,6.847
2743.03,18,6.615,6.027,5.51,6.011,4.681,6.143,6.356,6.137,5.468,6.301,5.738,6.638,6.316,5.695,6.341,6.156,6.26,7.202,6.491,6.733,7.137,6.581,6.816,6.82
2744.03,18,6.616,5.989,5.515,5.959,4.61,6.135,6.348,6.067,5.482,6.254,5.765,6.538,6.329,5.672,6.347,6.214,6.179,7.214,6.594,6.69,7.071,6.576,6.802,6.819
2745.03,18,6.6,5.985,5.553,6.028,4.668,6.177,6.343,6.195,5.451,6.321,5.76,6.582,6.228,5.659,6.281,6.138,6.183,7.139,6.561,6.723,7.156,6.55,6.819,6.841
2746.03,18,6.61,5.993,5.479,5.996,4.657,6.138,6.308,6.116,5.403,6.271,5.767,6.587,6.203,5.656,6.346,6.118,6.167,7.171,6.573,6.755,7.081,6.564,6.805,6.871
2747.03,18,6.621,6.046,5.593,6.026,4.647,6.165,6.3,6.162,5.461,6.273,5.764,6.548,6.229,5.712,6.402,6.152,6.255,7.181,6.553,6.787,7.103,6.569,6.841,6.787
2748.03,18,6.572,5.987,5.552,5.968,4.709,6.136,6.342,6.123,5.492,6.246,5.737,6.547,6.263,5.68,6.249,6.156,6.197,7.133,6.576,6.692,7.034,6.617,6.815,6.868
2749.03,18,6.598,6.023,5.519,5.943,4.665,6.126,6.334,6.101,5.392,6.332,5.799,6.627,6.259,5.707,6.341,6.142,6.132,7.154,6.556,6.751,7.16,6.552,6.898,6.814
2750.03,18,6.607,6.017,5.606,5.988,4.678,6.132,6.34,6.118,5.517,6.25,5.763,6.575,6.284,5.695,6.38,6.109,6.233,7.196,6.499,6.652,7.142,6.555,6.848,6.783
2751.03,18,6.584,6.037,5.515,5.992,4.684,6.112,6.302,6.157,5.416,6.278,5.741,6.539,6.26,5.718,6.321,6.167,6.241,7.181,6.502,6.8,7.156,6.528,6.812,6.773
2752.03,18,6.563,5.945,5.564,5.977,4.695,6.111,6.306,6.051,5.432,6.278,5.769,6.534,6.284,5.699,6.397,6.121,6.253,7.223,6.53,6.716,7.136,6.628,6.86,6.841
2753.03,18,6.539,5.991,5.519,5.982,4.699,6.075,6.29,6.042,5.454,6.263,5.695,6.523,6.224,5.69,6.361,6.184,6.189,7.154,6.616,6.746,7.07,6.543,6.811,6.716
2754.03,18,6.524,6.015,5.539,6.037,4.678,6.158,6.297,6.102,5.522,6.263,5.715,6.55,6.276,5.711,6.315,6.097,6.241,7.122,6.548,6.708,7.109,6.56,6.829,6.857
2755.03,18,6.607,6.007,5.52,5.986,4.607,6.213,6.347,6.133,5.421,6.22,5.807,6.537,6.319,5.643,6.323,6.169,6.169,7.142,6.509,6.746,7.137,6.607,6.848,6.858
2756.03,18,6.56,6.031,5.43,6.011,4.656,6.132,6.318,6.083,5.449,6.271,5.688,6.553,6.233,5.69,6.331,6.084,6.129,7.093,6.527,6.699,7.19,6.559,6.791,6.727
2757.03,18,6.635,6.007,5.473,5.903,4.65,6.162,6.256,6.134,5.403,6.26,5.772,6.534,6.335,5.708,6.393,6.155,6.17,7.173,6.619,6.756,7.098,6.544,6.884,6.783
2758.03,18,6.608,5.992,5.535,5.952,4.662,6.168,6.261,6.126,5.446,6.245,5.705,6.585,6.299,5.706,6.302,6.125,6.23,7.131,6.549,6.728,7.07,6.611,6.89,6.807
2759.03,18,6.558,6.014,5.503,5.938,4.657,6.156,6.308,6.119,5.361,6.312,5.724,6.594,6.203,5.653,6.335,6.135,6.222,7.15,6.514,6.725,7.104,6.637,6.888,6.846
2760.03,18,6.549,6.019,5.481,5.971,4.641,6.143,6.276,6.091,5.378,6.288,5.705,6.49,6.269,5.634,6.335,6.126,6.161,7.178,6.561,6.697,7.068,6.588,6.846,6.852
2761.03,18,6.587,6.001,5.502,5.95,4.665,6.074,6.238,6.13,5.411,6.253,5.708,6.602,6.207,5.638,6.404,6.138,6.232,7.12,6.507,6.691,7.071,6.599,6.817,6.814
2762.03,18,6.602,5.962,5.504,5.97,4.598,6.136,6.22,6.079,5.386,6.292,5.768,6.54,6.268,5.706,6.346,6.082,6.225,7.122,6.509,6.645,7.085,6.538,6.809,6.823
2763.03,18,6.684,5.955,5.512,6.015,4.641,6.127,6.229,6.094,5.396,6.289,5.723,6.554,6.209,5.671,6.329,6.16,6.171,7.091,6.597,6.651,7.18,6.527,6.85,6.818
2764.03,18,6.641,5.971,5.453,6.001,4.631,6.124,6.305,6.108,5.38,6.303,5.723,6.533,6.207,5.723,6.324,6.139,6.163,7.107,6.566,6.638,7.065,6.575,6.841,6.826
2765.03,18,6.53,6.038,5.54,5.984,4.619,6.099,6.269,6.098,5.42,6.217,5.743,6.557,6.22,5.661,6.363,6.119,6.178,7.099,6.537,6.63,7.104,6.536,6.806,6.795
2766.03,18,6.542,6.018,5.445,5.988,4.576,6.16,6.334,6.096,5.437,6.25,5.78,6.519,6.23,5.769,6.321,6.069,6.199,7.091,6.534,6.64,7.022,6.619,6.822,6.799
2767.03,18,6.572,6.018,5.467,5.958,4.571,6.102,6.27,6.031,5.387,6.24,5.755,6.538,6.182,5.735,6.343,6.084,6.196,7.141,6.533,6.654,7.157,6.574,6.792,6.808
2768.03,18,6.552,5.985,5.476,5.962,4.638,6.063,6.265,6.131,5.375,6.26,5.708,6.537,6.297,5.615,6.332,6.157,6.183,7.128,6.52,6.722,7.094,6.569,6.874,6.786
2769.03,18,6.583,6.01,5.49,5.928,4.664,6.126,6.243,6.067,5.416,6.172,5.704,6.541,6.194,5.681,6.268,6.09,6.222,7.137,6.529,6.688,7.065,6.544,6.865,6.827
2770.03,18,6.546,6.025,5.506,5.933,4.612,6.118,6.295,6.078,5.426,6.209,5.731,6.523,6.171,5.62,6.328,6.156,6.157,7.157,6.553,6.665,7.093,6.494,6.839,6.811
2771.03,18,6.59,5.948,5.483,5.999,4.564,6.112,6.29,6.123,5.42,6.228,5.671,6.503,6.176,5.626,6.329,6.138,6.108,7.129,6.506,6.714,7.037,6.537,6.808,6.771
2772.03,18,6.512,5.915,5.531,5.884,4.621,6.088,6.24,6.116,5.409,6.253,5.768,6.519,6.193,5.645,6.383,6.075,6.133,7.147,6.516,6.729,7.082,6.571,6.83,6.738
2773.03,18,6.57,5.955,5.481,5.913,4.619,6.156,6.255,6.084,5.364,6.248,5.724,6.463,6.286,5.626,6.297,6.134,6.176,7.059,6.493,6.713,7.082,6.514,6.834,6.841
2774.03,18,6.634,6.004,5.458,5.936,4.618,6.084,6.282,6.055,5.373,6.268,5.71,6.483,6.226,5.675,6.348,6.04,6.174,7.16,6.504,6.63,7.069,6.551,6.77,6.701
2775.03,18,6.568,6.004,5.469,5.868,4.588,6.037,6.328,6.075,5.372,6.272,5.636,6.587,6.223,5.653,6.263,6.175,6.184,7.115,6.529,6.695,7.069,6.542,6.857,6.73
2776.03,18,6.568,5.913,5.479,5.957,4.629,6.087,6.268,6.053,5.377,6.242,5.67,6.53,6.227,5.631,6.218,6.082,6.153,7.098,6.581,6.668,7.099,6.479,6.815,6.841
2777.03,18,6.523,5.921,5.474,5.976,4.535,6.113,6.233,6.089,5.38,6.257,5.679,6.488,6.188,5.749,6.243,6.141,6.158,7.089,6.519,6.702,7.125,6.575,6.909,6.8
2778.03,18,6.561,5.956,5.451,5.931,4.568,6.098,6.281,6.026,5.398,6.216,5.627,6.545,6.122,5.659,6.306,6.094,6.17,7.146,6.435,6.732,7.094,6.594,6.792,6.762
2779.03,18,6.568,5.952,5.462,5.92,4.558,6.136,6.224,6.088,5.37,6.173,5.692,6.514,6.243,5.629,6.327,6.044,6.135,7.086,6.507,6.638,7.075,6.569,6.8,6.813
2780.03,18,6.53,5.998,5.495,5.924,4.603,6.099,6.259,5.948,5.4,6.215,5.685,6.53,6.164,5.69,6.291,6.123,6.166,7.117,6.474,6.69,7.143,6.556,6.841,6.699
2781.03,18,6.577,5.995,5.456,5.864,4.563,6.066,6.251,6.067,5.377,6.212,5.699,6.538,6.285,5.624,6.293,6.143,6.231,7.129,6.542,6.671,7.112,6.606,6.764,6.79
2782.03,18,6.477,5.889,5.436,5.919,4.561,6.037,6.278,6.072,5.322,6.194,5.687,6.487,6.196,5.666,6.338,6.096,6.127,7.09,6.461,6.651,7.099,6.537,6.815,6.784
2783.03,18,6.575,5.969,5.413,5.895,4.565,6.073,6.257,6.094,5.32,6.187,5.705,6.535,6.223,5.622,6.25,6.134,6.169,7.104,6.477,6.634,7.049,6.5,6.821,6.718
2784.03,18,6.504,5.889,5.495,5.872,4.659,6.073,6.244,6.04,5.37,6.228,5.639,6.501,6.273,5.634,6.292,6.072,6.11,7.103,6.543,6.651,6.989,6.543,6.792,6.8
2785.03,18,6.546,5.926,5.47,5.888,4.539,6.055,6.28,6.169,5.371,6.163,5.7,6.465,6.223,5.588,6.224,6.104,6.156,7.071,6.547,6.657,7.094,6.57,6.839,6.773
2786.03,18,6.576,5.908,5.45,5.876,4.54,6.068,6.229,6.037,5.345,6.206,5.634,6.525,6.197,5.593,6.301,6.092,6.192,7.093,6.494,6.585,7.029,6.474,6.717,6.815
2787.03,18,6.573,5.967,5.45,5.921,4.565,6.019,6.271,5.989,5.364,6.19,5.666,6.537,6.223,5.662,6.323,6.065,6.172,7.115,6.533,6.65,7.055,6.557,6.835,6.762
2788.03,18,6.537,5.947,5.432,5.862,4.57,6.136,6.252,6.087,5.345,6.185,5.671,6.521,6.262,5.612,6.314,6.048,6.171,7.149,6.457,6.613,6.996,6.516,6.783,6.766
2789.03,18,6.505,5.92,5.465,5.913,4.484,6.04,6.239,6.054,5.345,6.16,5.66,6.496,6.212,5.62,6.28,6.078,6.122,7.126,6.51,6.632,7.023,6.528,6.785,6.885
2790.03,18,6.535,5.929,5.459,5.84,4.592,6.048,6.266,6.025,5.216,6.197,5.638,6.544,6.215,5.602,6.264,6.034,6.235,7.096,6.491,6.673,7.127,6.529,6.801,6.758
2791.03,18,6.527,5.945,5.404,5.821,4.47,6.06,6.252,6.048,5.341,6.134,5.658,6.467,6.242,5.586,6.313,6.105,6.12,7.021,6.489,6.587,7.093,6.487,6.777,6.771
2792.03,18,6.552,5.846,5.451,5.83,4.522,6.078,6.222,5.965,5.275,6.258,5.656,6.53,6.189,5.618,6.28,6.093,6.075,7.086,6.513,6.661,7.087,6.592,6.8,6.733
2793.03,18,6.524,5.929,5.385,5.876,4.495,6.104,6.295,5.985,5.287,6.16,5.648,6.489,6.197,5.595,6.265,6.083,6.114,7.11,6.464,6.62,7.059,6.529,6.762,6.785
2794.03,18,6.567,5.902,5.41,5.845,4.529,6.127,6.244,6.08,5.293,6.215,5.626,6.47,6.23,5.582,6.283,6.06,6.12,7.098,6.51,6.637,7.102,6.452,6.82,6.815
2795.03,18,6.485,5.917,5.452,5.811,4.568,6.058,6.26,6.005,5.34,6.202,5.589,6.502,6.198,5.633,6.24,6.119,6.152,7.057,6.501,6.65,7.043,6.519,6.76,6.74
2796.03,18,6.539,5.883,5.458,5.884,4.517,6.062,6.218,6.045,5.371,6.29,5.657,6.469,6.198,5.627,6.332,6.083,6.195,7.103,6.497,6.649,7.031,6.535,6.75,6.742
2797.03,18,6.496,5.891,5.45,5.863,4.576,6.039,6.285,6.016,5.348,6.278,5.651,6.47,6.132,5.542,6.311,6.006,6.072,7.08,6.477,6.691,7.04,6.481,6.759,6.801
2798.03,18,6.524,5.916,5.432,5.865,4.536,6.071,6.224,6.036,5.326,6.207,5.617,6.45,6.195,5.642,6.314,6.086,6.159,7.079,6.524,6.62,7.078,6.541,6.782,6.756
2799.03,18,6.497,5.894,5.395,5.833,4.507,5.984,6.245,5.996,5.319,6.239,5.672,6.474,6.175,5.554,6.282,6.052,6.078,7.078,6.531,6.705,7.072,6.505,6.813,6.763
2800.03,18,6.543,5.899,5.449,5.882,4.607,5.999,6.21,6.017,5.322,6.233,5.614,6.443,6.172,5.562,6.26,6.11,6.146,7.042,6.406,6.655,7.033,6.482,6.794,6.844
2801.03,18,6.504,5.932,5.422,5.862,4.533,6.036,6.28,5.993,5.27,6.129,5.622,6.482,6.182,5.606,6.245,6.092,6.184,7.077,6.471,6.685,7.07,6.574,6.731,6.776
2802.03,18,6.446,5.923,5.455,5.9,4.412,6.038,6.204,6.01,5.316,6.198,5.625,6.411,6.124,5.595,6.153,6.086,6.15,7.092,6.503,6.64,7.035,6.521,6.802,6.722
2803.03,18,6.547,5.889,5.365,5.824,4.495,6.031,6.211,5.976,5.249,6.171,5.658,6.411,6.189,5.539,6.251,6.062,6.126,7.138,6.474,6.577,7.059,6.546,6.712,6.752
2804.03,18,6.438,5.935,5.427,5.86,4.494,6.033,6.241,5.98,5.292,6.231,5.568,6.439,6.208,5.633,6.286,6.114,6.162,7.143,6.473,6.655,7.032,6.536,6.751,6.726
2805.03,18,6.467,5.83,5.382,5.898,4.52,5.982,6.153,5.976,5.264,6.206,5.592,6.47,6.163,5.625,6.259,6.073,6.124,7.085,6.51,6.657,7.078,6.526,6.792,6.7
2806.03,18,6.504,5.955,5.388,5.809,4.464,6.056,6.223,6.024,5.308,6.24,5.602,6.424,6.171,5.641,6.308,6.093,6.135,7.042,6.52,6.671,7.065,6.525,6.74,6.762
2807.03,18,6.511,5.894,5.411,5.852,4.487,6.002,6.2,6.012,5.308,6.164,5.583,6.446,6.173,5.56,6.326,6.065,6.108,7.093,6.437,6.642,7.108,6.513,6.798,6.79
2808.03,18,6.53,5.827,5.427,5.92,4.472,5.968,6.246,6.038,5.3,6.215,5.672,6.467,6.143,5.565,6.24,6.071,6.099,7.127,6.496,6.65,7.061,6.465,6.78,6.775
2809.03,18,6.52,5.916,5.353,5.909,4.44,5.997,6.233,5.903,5.225,6.135,5.64,6.423,6.137,5.597,6.227,6.08,6.106,6.987,6.428,6.657,7.03,6.476,6.766,6.785
2810.03,18,6.481,5.879,5.37,5.865,4.493,6.02,6.175,5.977,5.276,6.132,5.584,6.447,6.139,5.578,6.239,6.07,6.128,7.099,6.471,6.618,7.027,6.461,6.777,6.778
2811.03,18,6.477,5.888,5.362,5.734,4.472,6.076,6.264,5.995,5.224,6.124,5.635,6.44,6.169,5.568,6.261,5.971,6.118,7.071,6.451,6.586,7.095,6.542,6.758,6.719
2812.03,18,6.478,5.886,5.375,5.844,4.477,6.008,6.196,5.925,5.286,6.119,5.579,6.487,6.162,5.541,6.284,6.073,6.125,7.057,6.455,6.594,7.089,6.482,6.787,6.729
2813.03,18,6.497,5.867,5.378,5.808,4.454,6.065,6.154,5.919,5.27,6.168,5.663,6.464,6.171,5.545,6.262,6.069,6.096,7.094,6.416,6.576,7.084,6.476,6.699,6.782
2814.03,18,6.481,5.925,5.427,5.82,4.483,6.081,6.222,5.977,5.286,6.162,5.608,6.389,6.132,5.606,6.287,6.057,6.112,6.976,6.455,6.623,7.088,6.571,6.723,6.76
2815.03,18,6.403,5.833,5.409,5.827,4.41,6.034,6.16,5.947,5.189,6.115,5.644,6.386,6.144,5.567,6.213,6.042,6.13,7.026,6.505,6.633,7.042,6.486,6.788,6.702
2816.03,18,6.521,5.841,5.292,5.839,4.531,5.99,6.183,5.974,5.251,6.129,5.528,6.541,6.142,5.595,6.203,6.08,6.118,7.02,6.425,6.595,7.078,6.511,6.747,6.726
2817.03,18,6.463,5.844,5.344,5.749,4.464,5.99,6.181,5.961,5.227,6.171,5.618,6.396,6.097,5.517,6.236,5.995,6.176,7.086,6.403,6.592,7.049,6.48,6.772,6.739
2818.03,18,6.489,5.906,5.355,5.79,4.442,6.042,6.252,5.949,5.177,6.202,5.535,6.441,6.136,5.497,6.241,6.072,6.123,7.053,6.467,6.632,7.032,6.478,6.767,6.793
2819.03,18,6.495,5.862,5.366,5.822,4.464,5.955,6.175,5.921,5.243,6.125,5.592,6.449,6.187,5.459,6.259,6.014,6.062,7.057,6.447,6.542,7.032,6.45,6.747,6.761
2820.03,18,6.447,5.867,5.363,5.737,4.515,6.011,6.216,6.001,5.253,6.11,5.64,6.41,6.21,5.534,6.26,6.062,6.172,7.009,6.492,6.647,7.042,6.481,6.778,6.74
2821.03,18,6.43,5.853,5.364,5.754,4.416,5.984,6.201,5.985,5.276,6.143,5.572,6.368,6.215,5.572,6.214,6.036,6.096,7.009,6.432,6.658,7.027,6.525,6.745,6.717
2822.03,18,6.44,5.874,5.334,5.756,4.529,6.008,6.209,5.997,5.262,6.176,5.514,6.411,6.142,5.51,6.297,5.995,6.144,7.137,6.471,6.616,6.996,6.515,6.696,6.653
2823.03,18,6.458,5.812,5.332,5.786,4.463,6.029,6.178,5.94,5.28,6.071,5.67,6.408,6.148,5.511,6.255,6.011,6.078,7.042,6.487,6.66,7.047,6.462,6.731,6.734
2824.03,18,6.454,5.823,5.346,5.828,4.46,6.025,6.292,5.985,5.219,6.116,5.562,6.436,6.148,5.517,6.233,6.022,6.053,7.011,6.507,6.606,7.045,6.465,6.718,6.704
2825.03,18,6.555,5.811,5.372,5.825,4.492,6,6.158,5.985,5.231,6.154,5.622,6.385,6.141,5.506,6.258,6.013,6.042,7.025,6.482,6.571,7.072,6.496,6.771,6.66
2826.03,18,6.502,5.91,5.321,5.839,4.404,6.011,6.162,5.948,5.311,6.171,5.586,6.401,6.128,5.594,6.226,6.004,6.07,7.026,6.484,6.588,7.07,6.474,6.723,6.706
2827.03,18,6.475,5.82,5.371,5.807,4.416,5.957,6.193,5.905,5.217,6.098,5.622,6.413,6.112,5.537,6.25,6.098,6.107,6.991,6.428,6.594,6.991,6.466,6.79,6.724
2828.03,18,6.48,5.855,5.41,5.826,4.443,6.09,6.2,6.002,5.244,6.102,5.621,6.385,6.144,5.549,6.202,5.993,6.111,7.005,6.398,6.578,7.058,6.486,6.751,6.695
2829.03,18,6.452,5.79,5.3,5.787,4.439,5.958,6.246,5.94,5.276,6.098,5.531,6.377,6.153,5.429,6.262,6.026,6.078,7.041,6.439,6.593,7.083,6.492,6.769,6.738
2830.03,18,6.462,5.808,5.336,5.788,4.394,6.047,6.214,5.871,5.235,6.1,5.615,6.415,6.131,5.544,6.228,5.992,6.112,7.011,6.423,6.554,7.042,6.428,6.721,6.757
2831.03,18,6.398,5.882,5.366,5.725,4.426,5.999,6.198,5.948,5.237,6.104,5.523,6.377,6.112,5.511,6.205,5.964,6.046,7.077,6.486,6.567,7.021,6.498,6.714,6.731
2832.03,18,6.44,5.865,5.307,5.808,4.422,5.995,6.218,5.954,5.259,6.176,5.574,6.414,6.111,5.49,6.251,5.965,6.057,7.039,6.446,6.652,7.099,6.517,6.677,6.702
2833.03,18,6.456,5.785,5.287,5.76,4.406,5.99,6.148,5.959,5.204,6.134,5.538,6.426,6.12,5.542,6.238,5.979,6.051,7.052,6.439,6.524,7.002,6.43,6.742,6.761
2834.03,18,6.456,5.819,5.317,5.761,4.44,5.939,6.188,5.904,5.175,6.075,5.578,6.342,6.14,5.552,6.214,6.013,6.018,7.037,6.427,6.655,7.088,6.504,6.753,6.736
2835.03,18,6.413,5.801,5.361,5.761,4.435,5.989,6.205,5.916,5.223,6.075,5.612,6.423,6.096,5.472,6.234,5.955,6.043,7.057,6.46,6.654,7.024,6.489,6.748,6.704
2836.03,18,6.472,5.801,5.254,5.767,4.415,5.949,6.152,5.933,5.209,6.051,5.57,6.366,6.12,5.471,6.178,5.995,6.083,7.021,6.477,6.588,7.02,6.512,6.728,6.725
2837.03,18,6.478,5.747,5.354,5.721,4.394,5.99,6.208,5.936,5.127,6.091,5.602,6.462,6.14,5.522,6.163,5.972,6.007,6.988,6.497,6.556,7.089,6.457,6.774,6.647
2838.03,18,6.447,5.891,5.349,5.766,4.381,5.952,6.136,5.958,5.215,6.093,5.536,6.286,6.071,5.479,6.152,6.033,6.088,7.05,6.392,6.578,7.073,6.558,6.78,6.716
2839.03,18,6.462,5.787,5.346,5.799,4.419,6.022,6.167,6.007,5.188,6.118,5.571,6.391,6.106,5.52,6.155,6.011,6.027,7.065,6.48,6.56,7.004,6.495,6.786,6.712
2840.03,18,6.435,5.848,5.354,5.711,4.422,6.008,6.218,5.993,5.229,6.113,5.611,6.376,6.082,5.472,6.234,6.052,6.002,7.04,6.487,6.599,7.009,6.491,6.724,6.711
2841.03,18,6.437,5.864,5.33,5.83,4.414,5.985,6.139,5.929,5.172,6.085,5.553,6.375,6.118,5.533,6.14,5.937,6.057,6.997,6.436,6.543,7.025,6.434,6.732,6.721
2842.03,18,6.47,5.848,5.345,5.749,4.386,6.017,6.134,5.86,5.192,6.078,5.565,6.4,6.199,5.539,6.174,6.022,6.048,6.972,6.427,6.588,6.997,6.448,6.737,6.755
2843.03,18,6.437,5.87,5.294,5.764,4.395,5.984,6.147,5.923,5.266,6.08,5.531,6.418,6.151,5.448,6.197,5.97,6.042,7.04,6.464,6.593,7.009,6.402,6.698,6.72
2844.03,18,6.435,5.803,5.328,5.738,4.378,5.955,6.175,5.958,5.162,6.095,5.533,6.397,6.114,5.569,6.195,5.967,6.045,7.034,6.355,6.57,7.022,6.524,6.741,6.719
2845.03,18,6.399,5.76,5.303,5.752,4.403,6.003,6.152,5.908,5.167,6.105,5.507,6.375,6.113,5.486,6.18,5.962,6.102,6.96,6.413,6.539,7.018,6.464,6.794,6.769
2846.03,18,6.381,5.846,5.265,5.737,4.372,5.977,6.136,5.917,5.173,6.057,5.577,6.426,6.086,5.435,6.222,5.987,6.021,7.037,6.406,6.566,6.981,6.454,6.799,6.729
2847.03,18,6.42,5.799,5.268,5.712,4.358,5.933,6.222,5.92,5.168,6.12,5.493,6.382,6.15,5.487,6.216,5.968,6.061,6.976,6.405,6.536,6.988,6.44,6.705,6.76
2848.03,18,6.394,5.787,5.298,5.771,4.374,5.947,6.168,5.914,5.161,6.089,5.521,6.34,6.078,5.44,6.164,6.016,6.034,7.065,6.44,6.575,7.016,6.446,6.712,6.723
2849.03,18,6.462,5.794,5.285,5.759,4.432,6.005,6.123,5.926,5.159,6.083,5.566,6.41,6.134,5.471,6.124,5.964,6.066,6.993,6.387,6.592,7.067,6.473,6.683,6.665
2850.03,18,6.397,5.806,5.3,5.7,4.367,5.97,6.205,5.916,5.149,6.068,5.548,6.425,6.066,5.46,6.2,5.933,6.097,6.964,6.428,6.572,7.01,6.438,6.761,6.726
2851.03,18,6.405,5.855,5.314,5.748,4.317,5.938,6.126,5.94,5.095,6.098,5.479,6.336,6.089,5.462,6.205,5.964,5.983,7.007,6.444,6.606,7.006,6.392,6.69,6.674
2852.03,18,6.408,5.773,5.276,5.681,4.327,5.992,6.198,5.926,5.096,6.112,5.516,6.4,6.099,5.551,6.22,5.992,6.038,6.988,6.408,6.533,6.99,6.492,6.742,6.718
2853.03,18,6.43,5.734,5.277,5.717,4.439,5.944,6.148,5.876,5.146,6.15,5.521,6.342,6.102,5.483,6.139,5.91,6.081,6.969,6.45,6.54,7.054,6.51,6.762,6.637
2854.03,18,6.423,5.788,5.221,5.729,4.337,5.95,6.172,5.907,5.167,6.137,5.445,6.374,6.069,5.458,6.123,5.955,6.022,7.023,6.439,6.551,6.992,6.447,6.775,6.693
2855.03,18,6.408,5.819,5.255,5.755,4.356,5.89,6.106,5.904,5.135,6.108,5.533,6.357,6.01,5.517,6.261,5.937,6.012,6.972,6.404,6.541,6.939,6.394,6.577,6.734
2856.03,18,6.387,5.754,5.28,5.724,4.374,5.959,6.219,5.918,5.128,6.047,5.581,6.426,6.163,5.452,6.178,5.961,6.101,6.971,6.436,6.499,7.001,6.49,6.719,6.698
2857.03,18,6.405,5.771,5.257,5.698,4.364,5.928,6.167,5.919,5.188,6.013,5.562,6.337,6.115,5.488,6.218,5.977,5.986,6.963,6.406,6.553,7.049,6.533,6.725,6.72
2858.03,18,6.397,5.819,5.301,5.7,4.355,5.989,6.175,5.854,5.167,6.123,5.48,6.314,6.06,5.501,6.127,5.896,6.016,7.013,6.39,6.556,6.942,6.506,6.67,6.694
2859.03,18,6.43,5.759,5.232,5.67,4.398,5.92,6.08,5.904,5.133,6.076,5.515,6.368,6.102,5.443,6.13,5.934,6.05,7.029,6.465,6.561,6.98,6.419,6.765,6.709
2860.03,18,6.414,5.831,5.195,5.673,4.367,5.932,6.21,5.895,5.137,6.078,5.603,6.363,6.12,5.419,6.183,5.938,6.049,6.929,6.42,6.542,6.974,6.413,6.694,6.705
2861.03,18,6.386,5.758,5.226,5.731,4.358,5.921,6.125,5.849,5.191,6.072,5.474,6.388,6.097,5.474,6.138,5.897,6.046,6.915,6.417,6.526,7.017,6.393,6.709,6.722
2862.03,18,6.383,5.711,5.184,5.681,4.366,5.955,6.183,5.894,5.046,6.098,5.477,6.36,6.077,5.393,6.155,5.946,6.015,6.96,6.421,6.591,6.987,6.417,6.691,6.723
2863.03,18,6.386,5.737,5.256,5.688,4.328,5.955,6.148,5.842,5.093,6.04,5.502,6.271,6.099,5.521,6.183,6.035,5.965,6.904,6.391,6.538,6.964,6.416,6.695,6.665
2864.03,18,6.334,5.701,5.346,5.633,4.35,5.894,6.153,5.817,5.15,6.071,5.528,6.33,6.075,5.483,6.197,5.957,6.014,6.926,6.413,6.571,6.955,6.406,6.733,6.715
2865.03,18,6.419,5.778,5.181,5.668,4.301,5.925,6.108,5.868,5.11,6.096,5.507,6.304,6.089,5.462,6.189,5.994,6,6.966,6.404,6.538,6.966,6.422,6.704,6.649
2866.03,18,6.337,5.796,5.228,5.616,4.279,5.952,6.118,5.828,5.095,6.022,5.455,6.316,6.104,5.487,6.117,5.932,5.981,6.943,6.386,6.514,7.018,6.434,6.701,6.646
2867.03,18,6.393,5.75,5.167,5.648,4.309,5.939,6.183,5.843,5.145,6.082,5.474,6.324,6.083,5.465,6.218,6.001,6.038,6.959,6.413,6.527,6.984,6.44,6.721,6.693
2868.03,18,6.302,5.747,5.203,5.628,4.318,5.905,6.123,5.848,5.117,6.074,5.468,6.289,6.095,5.476,6.213,5.958,5.954,6.989,6.376,6.569,6.949,6.471,6.693,6.735
2869.03,18,6.304,5.778,5.19,5.653,4.352,5.927,6.046,5.851,5.126,6.001,5.449,6.285,6.051,5.45,6.164,6.033,5.959,6.987,6.354,6.518,7.033,6.415,6.708,6.659
2870.03,18,6.337,5.723,5.191,5.677,4.319,5.947,6.101,5.87,5.17,6.034,5.479,6.338,6.043,5.42,6.169,5.937,5.927,6.995,6.452,6.47,6.972,6.401,6.687,6.707
2871.03,18,6.33,5.709,5.246,5.672,4.373,5.908,6.073,5.881,5.099,6.022,5.449,6.386,6.07,5.485,6.138,5.918,6.024,6.927,6.43,6.555,6.958,6.442,6.677,6.661
2872.03,18,6.354,5.748,5.223,5.607,4.299,5.922,6.126,5.904,5.056,6.041,5.518,6.359,6.106,5.321,6.112,5.874,6.023,6.981,6.379,6.522,6.95,6.405,6.644,6.641
2873.03,18,6.379,5.759,5.199,5.702,4.33,5.899,6.083,5.868,5.045,6.036,5.503,6.327,6.019,5.467,6.155,5.931,5.973,7.012,6.425,6.574,6.971,6.467,6.711,6.659
2874.03,18,6.423,5.717,5.201,5.634,4.31,5.947,6.11,5.805,5.128,6.029,5.461,6.293,6.087,5.37,6.163,5.967,6.056,6.929,6.396,6.54,6.976,6.405,6.688,6.685
2875.03,18,6.404,5.705,5.185,5.634,4.26,5.885,6.117,5.852,5.159,6.075,5.504,6.31,6.054,5.428,6.176,5.943,6.011,7.014,6.418,6.531,6.976,6.386,6.713,6.733
2876.03,18,6.344,5.702,5.197,5.654,4.338,5.941,6.077,5.83,5.07,6.061,5.48,6.319,6.045,5.377,6.102,5.969,5.979,6.93,6.463,6.518,7.041,6.454,6.703,6.713
2877.03,18,6.329,5.687,5.195,5.662,4.304,5.941,6.133,5.803,5.081,6.084,5.452,6.292,6.086,5.403,6.121,5.952,5.957,6.903,6.362,6.537,6.958,6.471,6.718,6.714
2878.03,18,6.386,5.756,5.205,5.688,4.301,5.885,6.106,5.781,5.087,6.03,5.491,6.271,6.051,5.46,6.162,5.984,5.974,6.937,6.393,6.523,7.003,6.402,6.723,6.689
2879.03,18,6.382,5.681,5.201,5.675,4.35,5.886,6.171,5.894,5.068,6.101,5.448,6.339,6.054,5.432,6.153,5.906,5.988,6.955,6.358,6.499,7.022,6.425,6.681,6.724
2880.03,18,6.348,5.756,5.265,5.614,4.321,5.893,6.133,5.79,5.088,6.055,5.446,6.288,6.094,5.396,6.12,5.907,5.959,6.952,6.409,6.551,6.95,6.503,6.748,6.687
2881.03,18,6.368,5.746,5.175,5.638,4.296,5.912,6.118,5.77,5.077,5.997,5.464,6.312,6.053,5.482,6.144,5.861,6.034,6.903,6.4,6.622,6.945,6.44,6.708,6.733
2882.03,18,6.343,5.737,5.184,5.711,4.276,5.886,6.066,5.784,5.03,5.948,5.44,6.26,6.043,5.457,6.095,5.85,5.896,6.956,6.431,6.477,6.94,6.444,6.648,6.694
2883.03,18,6.401,5.697,5.162,5.591,4.258,5.943,6.101,5.8,5.036,6.026,5.481,6.277,6.01,5.376,6.143,5.947,5.986,6.913,6.462,6.545,6.982,6.411,6.633,6.691
2884.03,18,6.378,5.661,5.277,5.627,4.258,5.842,6.099,5.805,5.04,5.991,5.439,6.285,6.045,5.387,6.167,5.967,6.007,6.934,6.437,6.49,7,6.422,6.66,6.678
2885.03,18,6.323,5.745,5.177,5.633,4.278,5.901,6.092,5.848,5.085,6.031,5.42,6.261,6.009,5.441,6.136,5.951,5.947,6.989,6.368,6.569,6.991,6.445,6.648,6.676
2886.03,18,6.336,5.755,5.234,5.595,4.222,5.915,6.122,5.843,5.028,6.046,5.476,6.338,5.997,5.421,6.124,5.938,6.003,6.89,6.376,6.487,6.994,6.328,6.695,6.645
2887.03,18,6.4,5.744,5.187,5.614,4.248,5.908,6.089,5.759,5.017,6.037,5.458,6.243,6.089,5.411,6.178,5.859,5.868,6.92,6.441,6.507,6.922,6.382,6.644,6.689
2888.03,18,6.323,5.671,5.217,5.61,4.291,5.86,6.09,5.856,4.962,6.013,5.394,6.323,6.073,5.437,6.144,5.881,5.932,6.959,6.374,6.547,6.919,6.376,6.577,6.672
2889.03,18,6.322,5.674,5.176,5.548,4.338,5.888,6.124,5.823,5.02,6.019,5.49,6.231,6.077,5.397,6.095,5.956,6.006,6.931,6.39,6.519,6.923,6.421,6.688,6.652
2890.03,18,6.323,5.683,5.207,5.574,4.232,5.968,6.139,5.806,4.994,6.019,5.404,6.302,6.01,5.414,6.155,5.877,5.994,6.87,6.405,6.513,6.913,6.356,6.622,6.676
2891.03,18,6.313,5.717,5.209,5.619,4.281,5.867,6.119,5.77,5.065,6.042,5.417,6.251,6.027,5.386,6.108,5.951,5.939,6.919,6.417,6.531,6.958,6.437,6.655,6.649
2892.03,18,6.36,5.652,5.109,5.632,4.21,5.898,6.099,5.768,5.059,6.034,5.413,6.262,6.056,5.409,6.103,5.916,5.967,6.892,6.377,6.508,6.996,6.394,6.668,6.695
2893.03,18,6.365,5.722,5.203,5.632,4.209,5.905,6.069,5.743,5.058,5.99,5.488,6.24,5.97,5.403,6.124,5.896,5.92,6.9,6.417,6.482,6.978,6.395,6.703,6.647
2894.03,18,6.321,5.688,5.128,5.611,4.201,5.972,6.072,5.808,5.022,6.024,5.405,6.266,6.015,5.314,6.071,5.934,5.961,6.874,6.358,6.467,7,6.392,6.667,6.671
2895.03,18,6.339,5.668,5.154,5.631,4.208,5.892,6.096,5.811,5.006,5.977,5.471,6.229,6.063,5.443,6.109,5.856,5.979,6.847,6.338,6.497,6.989,6.386,6.67,6.764
2896.03,18,6.32,5.716,5.16,5.585,4.242,5.897,6.079,5.764,5.063,6.015,5.415,6.214,6.057,5.383,6.133,5.882,5.947,6.873,6.356,6.483,6.969,6.405,6.649,6.697
2897.03,18,6.332,5.658,5.137,5.633,4.2,5.846,6.053,5.725,4.989,6.028,5.429,6.244,6.014,5.319,6.118,5.892,5.883,6.828,6.378,6.537,6.99,6.376,6.698,6.63
2898.03,18,6.342,5.681,5.19,5.601,4.262,5.926,6.062,5.816,5.061,5.973,5.399,6.321,6.042,5.434,6.121,5.92,5.925,6.886,6.336,6.5,6.996,6.413,6.701,6.654
2899.03,18,6.323,5.719,5.122,5.582,4.141,5.912,6.063,5.778,4.976,5.991,5.447,6.264,6.004,5.384,6.123,5.873,5.98,6.927,6.411,6.507,6.99,6.402,6.711,6.66
2900.03,18,6.341,5.655,5.176,5.589,4.276,5.86,6.044,5.807,5.007,5.937,5.386,6.299,6.039,5.383,6.12,5.872,5.981,6.95,6.32,6.473,6.903,6.469,6.694,6.689
2901.03,18,6.244,5.617,5.137,5.681,4.264,5.88,6.07,5.761,5.058,6.013,5.398,6.229,6.018,5.381,6.123,5.978,5.985,6.86,6.423,6.508,6.978,6.336,6.66,6.626
2902.03,18,6.332,5.687,5.148,5.615,4.127,5.825,6.033,5.766,5.033,5.991,5.441,6.225,5.952,5.348,6.132,5.892,5.898,6.938,6.41,6.482,6.92,6.411,6.622,6.623
2903.03,18,6.299,5.736,5.118,5.628,4.251,5.853,6.038,5.772,5.001,6.038,5.438,6.282,6.016,5.418,6.063,5.882,5.905,6.964,6.275,6.527,6.955,6.368,6.682,6.67
2904.03,18,6.333,5.658,5.124,5.566,4.172,5.844,6.036,5.789,5.034,6.006,5.344,6.25,6.006,5.294,6.119,5.881,5.954,6.859,6.386,6.54,7.004,6.313,6.647,6.601
2905.03,18,6.317,5.605,5.115,5.583,4.255,5.86,6.062,5.73,5.028,5.942,5.396,6.283,6.039,5.418,6.145,5.881,5.993,6.835,6.393,6.469,6.926,6.351,6.609,6.693
2906.03,18,6.243,5.706,5.073,5.568,4.189,5.86,6.045,5.647,4.966,5.951,5.357,6.241,6.085,5.42,6.155,5.929,6.001,6.871,6.38,6.523,6.885,6.433,6.586,6.703
2907.03,18,6.283,5.656,5.067,5.597,4.226,5.823,6.04,5.78,4.985,5.951,5.38,6.243,6,5.349,6.105,5.926,5.924,6.86,6.376,6.5,6.943,6.432,6.613,6.612
2908.03,18,6.315,5.62,5.151,5.576,4.234,5.858,6.02,5.797,4.897,5.947,5.401,6.259,6.054,5.323,6.1,5.931,5.879,6.802,6.344,6.52,6.981,6.414,6.637,6.633
2909.03,18,6.33,5.693,5.078,5.519,4.242,5.855,6.047,5.764,4.984,5.977,5.395,6.288,5.963,5.348,6.115,5.835,5.977,6.899,6.347,6.528,6.954,6.385,6.692,6.638
2910.03,18,6.341,5.669,5.117,5.565,4.206,5.83,6.038,5.759,5.001,5.991,5.373,6.243,6.053,5.339,6.089,5.881,5.957,6.844,6.357,6.467,6.94,6.342,6.657,6.608
2911.03,18,6.28,5.631,5.077,5.615,4.254,5.854,6.065,5.728,5.005,5.989,5.412,6.241,5.999,5.357,6.12,5.868,5.913,6.943,6.358,6.493,6.965,6.325,6.673,6.6
2912.03,18,6.252,5.606,5.081,5.572,4.184,5.781,6.101,5.699,4.993,5.909,5.378,6.254,5.996,5.348,6.094,5.854,5.91,6.863,6.422,6.525,6.876,6.438,6.647,6.612
2913.03,18,6.295,5.632,5.104,5.513,4.221,5.788,6.036,5.692,4.958,5.947,5.377,6.226,5.956,5.332,6.058,5.863,5.923,6.924,6.276,6.415,6.915,6.395,6.658,6.637
2914.03,18,6.236,5.664,5.092,5.565,4.186,5.837,6.142,5.743,5.041,5.953,5.353,6.172,5.951,5.316,6.072,5.871,5.964,6.868,6.41,6.487,6.973,6.404,6.594,6.65
2915.03,18,6.242,5.608,5.061,5.5,4.204,5.878,6.052,5.677,4.979,5.949,5.435,6.177,5.962,5.342,6.1,5.894,5.93,6.859,6.378,6.503,6.885,6.408,6.626,6.599
2916.03,18,6.286,5.616,5.135,5.543,4.187,5.843,6.098,5.689,4.967,5.944,5.375,6.211,6.062,5.301,6.053,5.866,5.923,6.873,6.324,6.458,6.929,6.399,6.61,6.53
2917.03,18,6.325,5.628,5.081,5.511,4.265,5.83,6.092,5.759,4.957,5.898,5.326,6.227,6.016,5.424,6.103,5.864,5.902,6.898,6.317,6.429,6.928,6.395,6.578,6.697
2918.03,18,6.284,5.597,5.081,5.555,4.143,5.806,6.071,5.657,4.941,5.955,5.365,6.251,5.983,5.337,6.116,5.837,5.885,6.872,6.335,6.452,6.926,6.395,6.719,6.612
2919.03,18,6.266,5.618,5.061,5.53,4.243,5.868,6.019,5.712,4.913,5.933,5.326,6.258,5.994,5.28,6.042,5.866,5.903,6.859,6.351,6.439,6.98,6.316,6.63,6.702
2920.03,18,6.314,5.616,5.07,5.581,4.168,5.833,6.044,5.662,4.969,5.926,5.397,6.244,5.966,5.326,6.075,5.861,5.883,6.913,6.324,6.451,6.876,6.388,6.654,6.698
2921.03,18,6.3,5.611,5.152,5.472,4.193,5.845,5.995,5.719,4.974,5.892,5.402,6.22,5.965,5.305,6.077,5.917,5.907,6.882,6.29,6.434,6.896,6.332,6.591,6.647
2922.03,18,6.339,5.588,5.132,5.544,4.189,5.865,5.979,5.756,4.934,5.966,5.276,6.227,6.001,5.339,6.112,5.885,5.88,6.861,6.326,6.469,6.938,6.392,6.637,6.664
2923.03,18,6.274,5.551,5.101,5.5,4.085,5.827,6.071,5.654,4.943,5.986,5.356,6.302,5.944,5.323,6.12,5.814,5.941,6.839,6.307,6.42,6.913,6.365,6.597,6.646
2924.03,18,6.287,5.577,5.065,5.557,4.21,5.79,6.075,5.7,4.942,5.971,5.319,6.219,5.939,5.252,6.008,5.84,5.91,6.838,6.361,6.403,6.921,6.361,6.61,6.648
2925.03,18,6.3,5.581,5.122,5.445,4.167,5.811,6.017,5.677,4.905,5.979,5.355,6.193,5.968,5.335,6.005,5.836,5.867,6.898,6.317,6.412,6.898,6.321,6.603,6.653
2926.03,18,6.264,5.645,5.093,5.517,4.192,5.803,6.051,5.686,4.85,5.986,5.32,6.188,5.974,5.31,6.081,5.92,5.888,6.882,6.341,6.451,6.903,6.402,6.634,6.526
2927.03,18,6.244,5.6,5.093,5.537,4.174,5.799,5.969,5.705,4.952,5.901,5.291,6.191,6.001,5.321,6.053,5.874,5.947,6.833,6.362,6.451,6.954,6.385,6.556,6.596
2928.03,18,6.264,5.645,5.042,5.5,4.117,5.872,6.006,5.701,4.811,5.885,5.283,6.199,6.037,5.245,6.082,5.882,5.917,6.867,6.351,6.419,6.896,6.41,6.626,6.619
2929.03,18,6.185,5.647,5.097,5.483,4.186,5.846,6.046,5.708,4.85,5.867,5.38,6.195,5.991,5.308,6.059,5.844,5.863,6.798,6.431,6.414,6.992,6.401,6.642,6.631
2930.03,18,6.185,5.629,5.081,5.521,4.124,5.817,6.067,5.661,4.963,5.927,5.367,6.19,6.023,5.366,6.069,5.862,5.948,6.829,6.28,6.465,6.87,6.413,6.618,6.568
2931.03,18,6.222,5.613,5.059,5.481,4.13,5.851,6.055,5.72,4.959,5.947,5.406,6.262,6.017,5.332,6.061,5.859,5.891,6.863,6.3,6.449,6.908,6.351,6.581,6.608
2932.03,18,6.272,5.592,5.025,5.516,4.116,5.796,6.057,5.682,4.942,5.947,5.324,6.152,5.959,5.332,6.1,5.828,5.873,6.879,6.399,6.437,6.914,6.334,6.616,6.549
2933.03,18,6.198,5.607,5.061,5.516,4.14,5.753,6.04,5.652,4.916,5.885,5.37,6.248,5.928,5.311,6.064,5.807,5.851,6.841,6.299,6.416,6.947,6.352,6.613,6.635
2934.03,18,6.299,5.609,5.065,5.444,4.144,5.77,5.992,5.642,4.84,5.955,5.356,6.205,5.987,5.283,6.1,5.896,5.932,6.831,6.298,6.41,6.843,6.295,6.597,6.587
2935.03,18,6.223,5.529,4.998,5.43,4.1,5.779,5.982,5.663,4.896,5.903,5.345,6.206,5.965,5.303,6.063,5.882,5.853,6.835,6.385,6.465,6.928,6.377,6.629,6.61
2936.03,18,6.202,5.622,5.013,5.511,4.146,5.789,6.024,5.63,4.888,5.99,5.329,6.222,5.933,5.31,6.07,5.774,5.902,6.891,6.305,6.449,6.901,6.38,6.635,6.585
2937.03,18,6.215,5.588,5.002,5.429,4.129,5.835,5.994,5.679,4.933,5.878,5.28,6.195,5.918,5.304,6.065,5.762,5.89,6.799,6.32,6.509,6.894,6.377,6.674,6.633
2938.03,18,6.263,5.563,5.047,5.448,4.094,5.759,5.991,5.641,4.939,5.892,5.295,6.218,5.96,5.251,6.035,5.849,5.888,6.854,6.336,6.406,6.89,6.358,6.665,6.592
2939.03,18,6.272,5.523,5.082,5.5,4.133,5.752,5.977,5.646,4.87,5.85,5.289,6.196,5.949,5.332,6.115,5.818,5.897,6.805,6.249,6.495,6.919,6.326,6.614,6.636
2940.03,18,6.264,5.637,5.088,5.563,4.132,5.888,6.075,5.629,4.824,5.941,5.281,6.164,5.916,5.359,5.991,5.795,5.892,6.817,6.341,6.414,6.859,6.32,6.668,6.65
2941.03,18,6.186,5.556,5.022,5.557,4.113,5.785,5.993,5.728,4.888,5.848,5.26,6.157,6.001,5.343,5.975,5.805,5.889,6.817,6.378,6.465,6.902,6.356,6.598,6.619
2942.03,18,6.281,5.555,4.999,5.474,4.111,5.8,5.927,5.671,4.865,5.872,5.255,6.17,5.942,5.298,5.99,5.828,5.911,6.888,6.31,6.406,6.928,6.342,6.651,6.613
2943.03,18,6.265,5.593,4.98,5.457,4.092,5.815,5.97,5.613,4.862,5.839,5.263,6.137,5.882,5.336,6.009,5.847,5.886,6.847,6.273,6.429,6.901,6.408,6.58,6.634
2944.03,18,6.253,5.589,5.006,5.478,4.149,5.743,6.029,5.667,4.887,5.901,5.29,6.189,5.936,5.251,6.087,5.811,5.91,6.846,6.397,6.429,6.95,6.318,6.593,6.563
2945.03,18,6.271,5.515,5.069,5.542,4.073,5.723,6.003,5.652,4.916,5.914,5.315,6.162,5.925,5.271,6.027,5.779,5.947,6.894,6.28,6.424,6.904,6.355,6.594,6.603
2946.03,18,6.251,5.586,4.96,5.51,4.095,5.781,6.028,5.625,4.907,5.917,5.306,6.1,5.891,5.284,5.984,5.776,5.888,6.78,6.289,6.396,6.88,6.278,6.545,6.619
2947.03,18,6.229,5.601,4.996,5.464,4.087,5.739,5.979,5.654,4.863,5.878,5.259,6.19,5.967,5.242,5.996,5.829,5.836,6.848,6.253,6.407,6.829,6.34,6.611,6.601
2948.03,18,6.28,5.526,5.003,5.478,4.08,5.782,5.965,5.62,4.828,5.9,5.3,6.15,5.935,5.276,6.042,5.773,5.842,6.8,6.333,6.418,6.911,6.363,6.611,6.582
2949.03,18,6.158,5.572,4.989,5.446,4.047,5.784,5.981,5.641,4.85,5.905,5.314,6.107,5.934,5.272,6.024,5.737,5.814,6.817,6.286,6.31,6.879,6.323,6.534,6.618
2950.03,18,6.143,5.506,5.043,5.434,4.061,5.719,6.025,5.635,4.788,5.954,5.29,6.192,5.851,5.322,6.008,5.77,5.843,6.792,6.282,6.42,6.881,6.377,6.624,6.568
2951.03,18,6.183,5.531,4.959,5.459,4.135,5.719,5.946,5.631,4.857,5.838,5.299,6.116,5.936,5.255,6.074,5.804,5.85,6.805,6.294,6.436,6.896,6.375,6.617,6.615
2952.03,18,6.185,5.448,4.937,5.503,4.053,5.764,5.973,5.691,4.755,5.872,5.26,6.149,5.951,5.288,5.968,5.744,5.903,6.837,6.344,6.461,6.899,6.33,6.589,6.615
2953.03,18,6.205,5.539,5.046,5.408,4.06,5.788,5.999,5.611,4.878,5.899,5.344,6.168,5.883,5.291,6.013,5.807,5.862,6.831,6.329,6.442,6.952,6.254,6.582,6.58
2954.03,18,6.241,5.541,4.943,5.44,4.084,5.759,5.95,5.685,4.782,5.885,5.216,6.13,5.945,5.312,6.022,5.85,5.791,6.834,6.315,6.343,6.914,6.384,6.633,6.601
2955.03,18,6.229,5.571,5.027,5.404,4.103,5.795,5.955,5.632,4.786,5.932,5.262,6.148,5.958,5.218,6.027,5.777,5.792,6.793,6.314,6.373,6.875,6.295,6.566,6.63
2956.03,18,6.184,5.52,5.066,5.416,4.094,5.805,6.007,5.682,4.849,5.821,5.276,6.111,5.858,5.275,5.974,5.802,5.825,6.768,6.266,6.42,6.862,6.37,6.601,6.594
2957.03,18,6.176,5.536,4.961,5.412,4.058,5.808,5.954,5.577,4.834,5.884,5.318,6.131,6.015,5.238,6.017,5.842,5.851,6.842,6.365,6.445,6.924,6.338,6.568,6.6
2958.03,18,6.17,5.484,5.036,5.467,4.104,5.74,5.971,5.629,4.788,5.864,5.194,6.14,5.892,5.215,6.003,5.819,5.811,6.751,6.291,6.396,6.928,6.38,6.549,6.585
2959.03,18,6.14,5.535,4.986,5.433,4.067,5.771,5.982,5.592,4.816,5.847,5.327,6.166,5.962,5.245,6.068,5.831,5.833,6.866,6.309,6.416,6.864,6.326,6.601,6.624
2960.03,18,6.18,5.509,4.937,5.411,4.093,5.716,5.962,5.58,4.794,5.858,5.276,6.207,5.885,5.228,5.994,5.767,5.767,6.729,6.229,6.366,6.867,6.328,6.626,6.621
2961.03,18,6.191,5.437,5.023,5.433,4.069,5.745,5.961,5.606,4.862,5.812,5.354,6.099,5.941,5.254,5.982,5.779,5.81,6.797,6.228,6.395,6.881,6.234,6.58,6.54
2962.03,18,6.174,5.525,5.003,5.348,4.035,5.709,5.957,5.655,4.797,5.856,5.247,6.119,5.975,5.23,5.986,5.72,5.807,6.761,6.305,6.346,6.856,6.361,6.593,6.543
2963.03,18,6.134,5.492,4.981,5.37,3.992,5.764,5.997,5.599,4.806,5.879,5.267,6.107,5.941,5.303,5.99,5.729,5.865,6.806,6.222,6.37,6.833,6.319,6.619,6.645
2964.03,18,6.174,5.453,4.965,5.416,4.111,5.695,5.95,5.599,4.812,5.79,5.245,6.092,5.861,5.298,5.995,5.767,5.888,6.817,6.254,6.387,6.888,6.222,6.525,6.654
2965.03,18,6.122,5.465,4.969,5.399,4.067,5.75,5.948,5.579,4.796,5.82,5.22,6.11,5.936,5.309,6.05,5.766,5.784,6.7,6.29,6.398,6.862,6.295,6.58,6.572
2966.03,18,6.176,5.433,4.927,5.458,4.031,5.716,5.973,5.504,4.741,5.889,5.135,6.108,5.908,5.294,5.957,5.782,5.868,6.775,6.285,6.314,6.889,6.303,6.573,6.585
2967.03,18,6.127,5.543,4.96,5.37,4.006,5.733,5.95,5.604,4.794,5.887,5.278,6.037,5.871,5.166,6.048,5.801,5.751,6.853,6.369,6.384,6.867,6.287,6.524,6.582
2968.03,18,6.178,5.509,4.997,5.451,4.035,5.742,5.947,5.605,4.842,5.891,5.26,6.069,5.88,5.165,6.015,5.767,5.797,6.742,6.252,6.388,6.85,6.32,6.573,6.646
2969.03,18,6.183,5.526,5.012,5.409,4,5.781,5.92,5.559,4.784,5.873,5.247,6.109,5.908,5.213,5.956,5.731,5.827,6.757,6.288,6.322,6.891,6.284,6.579,6.648
2970.03,18,6.105,5.493,4.972,5.435,4.008,5.648,5.938,5.541,4.791,5.857,5.237,6.12,5.866,5.236,6.004,5.723,5.889,6.741,6.227,6.38,6.901,6.242,6.554,6.618
2971.03,18,6.158,5.433,5.011,5.31,4.015,5.665,6.065,5.499,4.815,5.802,5.219,6.084,5.852,5.22,6.024,5.785,5.818,6.788,6.283,6.416,6.903,6.267,6.539,6.635
2972.03,18,6.131,5.413,4.93,5.328,3.971,5.682,5.952,5.594,4.834,5.814,5.276,6.083,5.936,5.253,5.972,5.732,5.85,6.776,6.298,6.298,6.868,6.275,6.623,6.577
2973.03,18,6.137,5.479,4.926,5.265,4.013,5.746,5.944,5.565,4.718,5.875,5.216,6.096,5.858,5.218,5.986,5.786,5.761,6.783,6.289,6.409,6.87,6.333,6.511,6.553
2974.03,18,6.205,5.522,4.938,5.317,3.988,5.764,5.953,5.538,4.711,5.813,5.185,6.073,5.901,5.183,6.069,5.738,5.742,6.729,6.232,6.362,6.844,6.251,6.581,6.611
2975.03,18,6.181,5.471,4.985,5.364,4.041,5.664,5.983,5.571,4.795,5.789,5.183,6.115,5.913,5.253,6.053,5.704,5.831,6.781,6.254,6.376,6.85,6.309,6.566,6.528
2976.03,18,6.153,5.466,4.945,5.331,4.054,5.697,5.903,5.559,4.745,5.81,5.198,6.089,5.885,5.248,6.038,5.72,5.74,6.762,6.286,6.422,6.887,6.313,6.536,6.562
2977.03,18,6.153,5.547,4.949,5.396,3.924,5.785,6.009,5.525,4.785,5.796,5.253,6.147,5.854,5.214,5.99,5.736,5.803,6.785,6.244,6.379,6.899,6.324,6.628,6.569
2978.03,18,6.167,5.441,4.944,5.376,3.972,5.689,5.95,5.543,4.757,5.877,5.111,6.102,5.875,5.241,5.975,5.816,5.868,6.721,6.279,6.35,6.875,6.261,6.573,6.481
2979.03,18,6.198,5.421,4.987,5.362,3.919,5.722,5.956,5.503,4.744,5.864,5.187,6.072,5.913,5.239,5.951,5.741,5.845,6.771,6.212,6.421,6.822,6.262,6.554,6.508
2980.03,18,6.127,5.524,4.933,5.35,3.981,5.764,5.945,5.537,4.733,5.788,5.219,6.043,5.848,5.177,6.002,5.743,5.842,6.733,6.23,6.323,6.811,6.289,6.521,6.539
2981.03,18,6.13,5.529,4.902,5.332,4.038,5.695,5.96,5.544,4.831,5.843,5.302,6.124,5.897,5.197,5.977,5.757,5.842,6.767,6.209,6.399,6.817,6.316,6.547,6.529
2982.03,18,6.143,5.473,4.958,5.379,3.978,5.71,5.942,5.618,4.7,5.871,5.243,6.11,5.852,5.201,5.98,5.712,5.876,6.755,6.301,6.313,6.831,6.284,6.563,6.572
2983.03,18,6.148,5.483,4.864,5.358,3.998,5.735,5.981,5.512,4.741,5.783,5.221,6.058,5.83,5.131,6.021,5.764,5.712,6.718,6.21,6.371,6.854,6.285,6.502,6.605
2984.03,18,6.09,5.448,4.876,5.387,3.934,5.638,5.936,5.53,4.783,5.819,5.203,6.057,5.846,5.235,5.955,5.735,5.745,6.754,6.263,6.419,6.862,6.289,6.613,6.496
2985.03,18,6.182,5.449,4.975,5.277,4.002,5.697,5.965,5.537,4.681,5.846,5.192,6.113,5.888,5.201,5.946,5.761,5.796,6.741,6.276,6.347,6.863,6.367,6.526,6.611
2986.03,18,6.174,5.417,4.871,5.327,3.984,5.631,5.875,5.539,4.753,5.852,5.22,6.04,5.893,5.195,6.019,5.74,5.862,6.776,6.223,6.306,6.775,6.273,6.551,6.583
2987.03,18,6.127,5.467,4.923,5.379,4.03,5.639,5.903,5.578,4.754,5.809,5.221,5.998,5.88,5.271,5.986,5.741,5.764,6.71,6.239,6.337,6.875,6.284,6.521,6.512
2988.03,18,6.098,5.453,4.897,5.353,3.961,5.642,5.914,5.543,4.699,5.805,5.198,6.074,5.873,5.195,5.932,5.797,5.814,6.713,6.28,6.375,6.862,6.217,6.565,6.519
2989.03,18,6.095,5.52,4.931,5.328,3.943,5.7,5.937,5.566,4.727,5.829,5.177,6.035,5.891,5.273,5.972,5.687,5.791,6.78,6.231,6.333,6.859,6.306,6.55,6.537
2990.03,18,6.115,5.46,4.921,5.371,4.016,5.675,5.952,5.466,4.686,5.813,5.213,6.034,5.813,5.241,5.963,5.74,5.746,6.75,6.239,6.301,6.825,6.307,6.586,6.499
2991.03,18,6.069,5.458,4.923,5.288,3.934,5.635,5.907,5.533,4.718,5.819,5.172,6.077,5.847,5.192,5.873,5.705,5.736,6.749,6.251,6.379,6.818,6.266,6.539,6.523
2992.03,18,6.07,5.415,4.878,5.303,3.97,5.673,5.944,5.494,4.687,5.78,5.151,6.042,5.818,5.167,5.956,5.706,5.778,6.731,6.217,6.354,6.887,6.258,6.528,6.519
2993.03,18,6.159,5.445,4.905,5.406,3.955,5.65,5.865,5.544,4.683,5.77,5.179,6.054,5.911,5.158,5.918,5.712,5.73,6.77,6.296,6.337,6.804,6.282,6.486,6.493
2994.03,18,6.11,5.415,4.895,5.352,3.882,5.667,5.888,5.512,4.727,5.772,5.113,6.02,5.868,5.122,5.877,5.729,5.811,6.709,6.249,6.366,6.822,6.255,6.542,6.574
2995.03,18,6.107,5.421,4.928,5.285,3.869,5.691,5.864,5.48,4.683,5.793,5.219,6.049,5.877,5.211,5.928,5.72,5.726,6.725,6.242,6.333,6.822,6.245,6.559,6.578
2996.03,18,6.115,5.391,4.902,5.306,3.899,5.694,5.878,5.503,4.759,5.76,5.188,6.031,5.813,5.177,5.888,5.738,5.738,6.723,6.188,6.355,6.805,6.194,6.587,6.528
2997.03,18,6.043,5.399,4.919,5.292,3.943,5.681,5.93,5.542,4.714,5.789,5.166,6.054,5.808,5.22,5.879,5.653,5.719,6.795,6.257,6.308,6.809,6.268,6.544,6.542
2998.03,18,6.14,5.442,4.874,5.283,3.94,5.702,5.858,5.556,4.714,5.796,5.174,6.003,5.891,5.118,5.93,5.721,5.759,6.75,6.241,6.363,6.818,6.278,6.546,6.518
2999.03,18,6.169,5.461,4.896,5.235,3.983,5.674,5.873,5.464,4.69,5.761,5.153,5.994,5.834,5.175,5.985,5.77,5.826,6.758,6.139,6.335,6.787,6.34,6.537,6.521
3000.03,18,6.095,5.402,4.829,5.279,3.946,5.626,5.945,5.453,4.669,5.796,5.17,6.003,5.853,5.162,5.925,5.632,5.735,6.735,6.218,6.321,6.833,6.268,6.567,6.489
3001.03,18,6.037,5.419,4.933,5.289,3.897,5.653,5.888,5.503,4.663,5.787,5.213,6.069,5.847,5.112,5.943,5.783,5.74,6.691,6.191,6.295,6.835,6.221,6.565,6.574
3002.03,18,6.069,5.384,4.859,5.277,3.92,5.677,5.886,5.486,4.686,5.83,5.139,6.06,5.848,5.133,5.943,5.723,5.738,6.749,6.243,6.296,6.789,6.249,6.524,6.593
3003.03,18,6.11,5.361,4.84,5.308,3.91,5.722,5.887,5.52,4.685,5.737,5.117,6.002,5.856,5.149,5.946,5.708,5.732,6.744,6.21,6.33,6.776,6.18,6.539,6.53
3004.03,18,6.023,5.351,4.801,5.269,3.875,5.706,5.893,5.442,4.682,5.731,5.128,6.051,5.854,5.17,5.946,5.717,5.73,6.785,6.189,6.339,6.758,6.248,6.451,6.523
3005.03,18,6.084,5.471,4.834,5.3,3.939,5.611,5.895,5.455,4.7,5.795,5.095,5.992,5.832,5.218,5.964,5.613,5.786,6.691,6.246,6.315,6.769,6.309,6.576,6.557
3006.03,18,6.12,5.363,4.908,5.287,3.936,5.637,5.866,5.488,4.725,5.785,5.107,6.067,5.797,5.14,5.888,5.646,5.743,6.667,6.235,6.328,6.84,6.234,6.514,6.541
3007.03,18,6.075,5.372,4.858,5.311,3.935,5.68,5.901,5.406,4.595,5.799,5.102,5.958,5.903,5.143,5.956,5.7,5.755,6.673,6.233,6.336,6.856,6.21,6.539,6.581
3008.03,18,6.074,5.403,4.782,5.283,3.888,5.663,5.886,5.452,4.625,5.787,5.139,5.978,5.805,5.184,5.967,5.692,5.808,6.689,6.213,6.299,6.809,6.19,6.56,6.507
3009.03,18,6.155,5.383,4.847,5.296,3.904,5.719,5.792,5.524,4.663,5.804,5.171,6.032,5.852,5.138,5.928,5.678,5.671,6.728,6.192,6.357,6.783,6.227,6.507,6.487
3010.03,18,6.101,5.387,4.846,5.243,3.841,5.613,5.862,5.501,4.655,5.724,5.161,6.058,5.83,5.148,5.968,5.717,5.739,6.676,6.258,6.324,6.848,6.261,6.545,6.56
3011.03,18,6.032,5.44,4.854,5.262,3.902,5.646,5.894,5.517,4.651,5.737,5.082,5.959,5.834,5.144,5.944,5.673,5.708,6.708,6.255,6.282,6.743,6.266,6.529,6.551
3012.03,18,6.048,5.368,4.824,5.344,3.907,5.662,5.894,5.439,4.641,5.715,5.148,5.982,5.788,5.097,5.813,5.66,5.7,6.664,6.231,6.313,6.851,6.267,6.569,6.569
3013.03,18,6.083,5.425,4.78,5.282,3.833,5.635,5.902,5.438,4.668,5.735,5.075,5.94,5.813,5.138,5.909,5.63,5.827,6.695,6.245,6.35,6.841,6.22,6.494,6.549
3014.03,18,6.066,5.279,4.809,5.293,3.9,5.688,5.872,5.494,4.633,5.766,5.127,5.993,5.858,5.089,5.894,5.66,5.714,6.732,6.217,6.273,6.771,6.239,6.486,6.546
3015.03,18,6.098,5.401,4.853,5.292,3.894,5.59,5.843,5.5,4.603,5.713,5.111,5.952,5.822,5.081,5.924,5.743,5.719,6.635,6.201,6.25,6.815,6.329,6.468,6.514
3016.03,18,6.064,5.361,4.844,5.23,3.913,5.607,5.896,5.416,4.567,5.743,5.094,6.01,5.74,5.13,5.913,5.692,5.792,6.704,6.23,6.273,6.737,6.243,6.571,6.61
3017.03,18,6.045,5.348,4.841,5.207,3.903,5.629,5.869,5.449,4.643,5.77,5.188,5.981,5.782,5.095,5.905,5.638,5.714,6.67,6.218,6.266,6.826,6.219,6.56,6.56
3018.03,18,6.018,5.399,4.804,5.236,3.905,5.63,5.94,5.465,4.644,5.752,5.132,5.978,5.848,5.059,5.89,5.619,5.779,6.715,6.207,6.323,6.84,6.285,6.499,6.534
3019.03,18,6.103,5.382,4.755,5.194,3.89,5.634,5.885,5.46,4.476,5.759,5.021,6.011,5.788,5.171,5.882,5.664,5.754,6.694,6.174,6.263,6.831,6.266,6.496,6.528
3020.03,18,6.03,5.356,4.788,5.211,3.918,5.634,5.857,5.441,4.624,5.717,5.098,6.062,5.817,5.104,5.903,5.592,5.723,6.721,6.226,6.282,6.839,6.214,6.453,6.491
3021.03,18,6.051,5.333,4.84,5.235,3.862,5.59,5.878,5.447,4.592,5.777,5.16,5.955,5.788,5.11,5.911,5.699,5.695,6.621,6.201,6.306,6.82,6.293,6.494,6.627
3022.03,18,6.03,5.348,4.798,5.234,3.881,5.626,5.8,5.416,4.624,5.786,5.09,5.98,5.811,5.119,5.905,5.695,5.68,6.692,6.148,6.306,6.757,6.2,6.517,6.509
3023.03,18,6.009,5.356,4.846,5.236,3.829,5.625,5.809,5.387,4.527,5.724,5.103,5.931,5.801,5.074,5.846,5.638,5.672,6.699,6.175,6.303,6.775,6.195,6.533,6.538
3024.03,18,6.022,5.368,4.814,5.269,3.841,5.609,5.832,5.42,4.645,5.735,5.077,6.007,5.81,5.039,5.862,5.61,5.703,6.669,6.227,6.318,6.798,6.215,6.473,6.52
3025.03,18,6.105,5.326,4.763,5.207,3.86,5.634,5.878,5.419,4.589,5.782,5.077,5.987,5.774,5.151,5.829,5.634,5.744,6.678,6.253,6.223,6.776,6.206,6.551,6.521
3026.03,18,6.128,5.35,4.812,5.271,3.859,5.65,5.847,5.37,4.588,5.764,5.057,5.982,5.863,5.111,5.814,5.647,5.824,6.703,6.221,6.308,6.837,6.188,6.5,6.478
3027.03,18,6.014,5.327,4.78,5.261,3.792,5.542,5.836,5.46,4.591,5.719,5.135,5.986,5.827,5.101,5.905,5.635,5.732,6.703,6.191,6.238,6.795,6.248,6.56,6.549
3028.03,18,6.071,5.273,4.78,5.182,3.818,5.614,5.863,5.433,4.634,5.748,5.055,5.986,5.755,5.122,5.871,5.665,5.741,6.74,6.145,6.326,6.759,6.23,6.545,6.505
3029.03,18,6.054,5.287,4.767,5.133,3.903,5.578,5.854,5.398,4.59,5.76,5.109,5.961,5.853,5.089,5.882,5.619,5.711,6.695,6.184,6.351,6.743,6.307,6.461,6.493
3030.03,18,6.064,5.366,4.751,5.152,3.826,5.637,5.836,5.441,4.571,5.661,5.139,5.962,5.78,5.199,5.931,5.654,5.711,6.604,6.169,6.202,6.838,6.268,6.492,6.543
3031.03,18,6.044,5.279,4.819,5.188,3.857,5.657,5.856,5.383,4.594,5.687,5.023,6.042,5.797,5.047,5.879,5.639,5.688,6.69,6.183,6.287,6.812,6.217,6.528,6.485
3032.03,18,6.003,5.279,4.804,5.235,3.776,5.636,5.826,5.351,4.503,5.632,5.109,5.944,5.782,5.136,5.918,5.645,5.711,6.613,6.209,6.245,6.824,6.217,6.476,6.593
3033.03,18,6.054,5.301,4.789,5.214,3.804,5.62,5.875,5.367,4.584,5.724,5.104,6.027,5.788,5.104,5.821,5.625,5.686,6.627,6.065,6.277,6.81,6.195,6.503,6.475
3034.03,18,5.993,5.366,4.808,5.229,3.844,5.602,5.833,5.406,4.533,5.663,5.069,5.946,5.77,5.072,5.83,5.669,5.718,6.66,6.205,6.241,6.822,6.235,6.455,6.414
3035.03,18,5.953,5.341,4.742,5.27,3.806,5.65,5.79,5.359,4.562,5.773,5.054,5.944,5.723,5.06,5.848,5.65,5.616,6.627,6.199,6.257,6.798,6.233,6.533,6.537
3036.03,18,6.067,5.361,4.795,5.151,3.779,5.628,5.783,5.39,4.519,5.74,5.066,5.971,5.83,5.08,5.881,5.656,5.708,6.591,6.123,6.302,6.799,6.186,6.513,6.547
3037.03,18,5.989,5.314,4.793,5.174,3.887,5.542,5.789,5.397,4.526,5.662,5.087,5.987,5.799,5.027,5.86,5.638,5.628,6.665,6.159,6.2,6.747,6.178,6.531,6.451
3038.03,18,5.971,5.253,4.747,5.265,3.771,5.631,5.877,5.423,4.552,5.694,5.054,5.972,5.743,5.088,5.869,5.653,5.673,6.728,6.157,6.231,6.735,6.227,6.587,6.5
3039.03,18,6.011,5.303,4.74,5.214,3.814,5.58,5.796,5.375,4.532,5.708,4.976,6.011,5.796,5.11,5.869,5.644,5.708,6.693,6.195,6.264,6.755,6.191,6.48,6.501
3040.03,18,6.022,5.252,4.71,5.181,3.753,5.551,5.837,5.403,4.553,5.746,5.063,5.958,5.733,5.034,5.846,5.664,5.713,6.639,6.127,6.289,6.785,6.227,6.478,6.454
3041.03,18,5.995,5.337,4.675,5.145,3.757,5.578,5.843,5.394,4.514,5.683,5.054,5.963,5.779,5.05,5.869,5.664,5.764,6.686,6.196,6.271,6.702,6.207,6.461,6.455
3042.03,18,5.951,5.336,4.666,5.18,3.778,5.496,5.81,5.378,4.491,5.671,5.046,5.938,5.783,5.055,5.88,5.63,5.66,6.638,6.177,6.247,6.719,6.189,6.473,6.464
3043.03,18,5.992,5.278,4.683,5.208,3.772,5.495,5.825,5.415,4.536,5.622,5.085,6.007,5.744,5.032,5.859,5.639,5.694,6.676,6.151,6.267,6.805,6.152,6.475,6.493
3044.03,18,5.985,5.34,4.736,5.13,3.837,5.569,5.773,5.392,4.448,5.708,5.044,5.988,5.728,5.099,5.794,5.63,5.683,6.612,6.168,6.211,6.765,6.149,6.49,6.511
3045.03,18,6.007,5.314,4.723,5.219,3.841,5.504,5.781,5.385,4.465,5.615,5.027,5.95,5.757,5.071,5.861,5.65,5.655,6.654,6.153,6.302,6.753,6.255,6.489,6.527
3046.03,18,6.006,5.297,4.697,5.162,3.835,5.557,5.836,5.411,4.524,5.674,5.059,5.892,5.781,5.049,5.823,5.595,5.596,6.634,6.185,6.259,6.763,6.257,6.495,6.487
3047.03,18,6.018,5.324,4.666,5.195,3.772,5.495,5.746,5.423,4.523,5.639,4.98,5.912,5.756,5.07,5.826,5.618,5.7,6.657,6.137,6.291,6.817,6.198,6.452,6.366
3048.03,18,5.95,5.332,4.745,5.117,3.771,5.592,5.779,5.374,4.528,5.669,5.054,5.895,5.746,5.08,5.813,5.574,5.673,6.618,6.219,6.278,6.727,6.158,6.429,6.48
3049.03,18,5.981,5.246,4.745,5.124,3.8,5.613,5.84,5.363,4.505,5.648,5.014,5.939,5.775,5.036,5.858,5.604,5.716,6.629,6.18,6.22,6.791,6.292,6.491,6.503
3050.03,18,5.988,5.283,4.716,5.152,3.768,5.526,5.836,5.367,4.506,5.667,5.049,5.888,5.745,5.068,5.866,5.525,5.631,6.599,6.144,6.251,6.731,6.203,6.431,6.463
3051.03,18,6.008,5.291,4.73,5.156,3.742,5.589,5.788,5.346,4.506,5.66,5.056,5.95,5.786,5.021,5.863,5.6,5.67,6.619,6.159,6.276,6.761,6.161,6.43,6.501
3052.03,18,5.968,5.279,4.794,5.167,3.709,5.567,5.787,5.325,4.494,5.677,5.032,5.94,5.745,5.027,5.812,5.556,5.697,6.686,6.168,6.216,6.81,6.191,6.475,6.508
3053.03,18,5.982,5.273,4.752,5.149,3.738,5.575,5.8,5.399,4.498,5.693,4.986,5.908,5.751,5.1,5.845,5.621,5.606,6.663,6.185,6.298,6.706,6.233,6.472,6.444
3054.03,18,5.998,5.185,4.779,5.178,3.794,5.578,5.817,5.331,4.545,5.626,4.981,5.95,5.727,5.055,5.794,5.609,5.655,6.575,6.131,6.188,6.736,6.204,6.512,6.445
3055.03,18,5.909,5.268,4.696,5.166,3.751,5.579,5.772,5.34,4.494,5.67,4.96,5.888,5.698,5.048,5.774,5.601,5.665,6.629,6.106,6.252,6.72,6.234,6.439,6.469
3056.03,18,6.011,5.19,4.717,5.152,3.745,5.504,5.866,5.369,4.501,5.645,5.002,5.908,5.714,5.028,5.762,5.62,5.647,6.567,6.216,6.238,6.731,6.237,6.486,6.517
3057.03,18,5.958,5.305,4.644,5.13,3.73,5.535,5.779,5.292,4.509,5.646,5.014,5.925,5.73,5.019,5.856,5.591,5.641,6.568,6.186,6.182,6.781,6.209,6.465,6.445
3058.03,18,5.968,5.292,4.775,5.167,3.743,5.553,5.818,5.309,4.486,5.723,5.04,5.89,5.716,5.064,5.824,5.635,5.636,6.625,6.15,6.209,6.806,6.235,6.42,6.41
3059.03,18,5.903,5.25,4.732,5.111,3.683,5.565,5.825,5.309,4.48,5.705,4.99,5.871,5.727,4.972,5.836,5.604,5.638,6.606,6.133,6.193,6.777,6.207,6.437,6.503
3060.03,18,5.961,5.295,4.718,5.144,3.759,5.528,5.744,5.384,4.506,5.618,5.008,5.88,5.729,5.012,5.741,5.559,5.684,6.598,6.179,6.268,6.717,6.223,6.479,6.472
3061.03,18,5.977,5.221,4.663,5.162,3.779,5.544,5.812,5.293,4.44,5.677,5.05,5.88,5.818,5.035,5.85,5.586,5.642,6.57,6.145,6.242,6.77,6.225,6.429,6.402
3062.03,18,5.938,5.242,4.67,5.103,3.726,5.52,5.749,5.388,4.5,5.71,4.966,5.854,5.798,5.035,5.823,5.617,5.697,6.586,6.162,6.249,6.771,6.205,6.455,6.447
3063.03,18,5.996,5.237,4.714,5.069,3.77,5.523,5.8,5.316,4.503,5.708,4.996,5.782,5.722,4.994,5.859,5.557,5.686,6.624,6.166,6.244,6.775,6.18,6.401,6.438
3064.03,18,6.003,5.268,4.675,5.1,3.672,5.545,5.822,5.316,4.481,5.661,5.044,5.929,5.76,5.055,5.857,5.544,5.667,6.599,6.124,6.156,6.758,6.194,6.449,6.46
3065.03,18,5.925,5.268,4.71,5.096,3.636,5.576,5.782,5.308,4.448,5.688,4.982,5.922,5.73,5.001,5.828,5.56,5.602,6.588,6.209,6.215,6.749,6.15,6.358,6.547
3066.03,18,5.966,5.288,4.637,5.121,3.641,5.502,5.794,5.314,4.426,5.613,4.964,5.863,5.791,5.056,5.786,5.57,5.651,6.593,6.143,6.119,6.798,6.132,6.399,6.407
3067.03,18,5.925,5.26,4.657,5.008,3.695,5.54,5.803,5.32,4.415,5.579,4.927,5.867,5.728,5.002,5.869,5.506,5.665,6.503,6.058,6.222,6.704,6.171,6.455,6.48
3068.03,18,5.919,5.193,4.658,5.078,3.765,5.5,5.801,5.319,4.477,5.614,4.975,5.878,5.731,5.02,5.836,5.632,5.652,6.545,6.137,6.207,6.754,6.207,6.391,6.434
3069.03,18,5.926,5.237,4.664,5.135,3.723,5.497,5.773,5.29,4.464,5.7,5.002,5.906,5.705,5.007,5.79,5.597,5.633,6.578,6.128,6.191,6.769,6.223,6.449,6.443
3070.03,18,5.925,5.191,4.653,5.093,3.667,5.503,5.791,5.298,4.5,5.665,4.983,5.889,5.765,4.988,5.801,5.519,5.679,6.556,6.129,6.168,6.748,6.241,6.396,6.532
3071.03,18,5.974,5.257,4.636,5.087,3.729,5.534,5.767,5.353,4.394,5.644,5.013,5.855,5.694,4.991,5.777,5.559,5.637,6.582,6.045,6.203,6.716,6.182,6.496,6.477
3072.03,18,5.951,5.181,4.587,5.05,3.762,5.496,5.833,5.304,4.419,5.593,4.974,5.804,5.692,5.025,5.786,5.608,5.647,6.528,6.09,6.206,6.722,6.144,6.444,6.427
3073.03,18,5.907,5.141,4.59,5.086,3.659,5.528,5.761,5.312,4.397,5.605,4.967,5.827,5.719,4.994,5.828,5.524,5.632,6.543,6.168,6.135,6.77,6.187,6.431,6.475
3074.03,18,5.835,5.268,4.671,5.142,3.679,5.532,5.811,5.249,4.415,5.605,4.971,5.808,5.704,5.011,5.814,5.594,5.561,6.61,6.135,6.166,6.719,6.211,6.426,6.472
3075.03,18,5.991,5.209,4.578,5.112,3.706,5.523,5.753,5.27,4.42,5.611,5.038,5.845,5.703,4.989,5.768,5.545,5.607,6.555,6.187,6.158,6.738,6.13,6.486,6.405
3076.03,18,5.924,5.204,4.621,5.097,3.704,5.477,5.8,5.303,4.42,5.606,4.948,5.856,5.64,5.003,5.821,5.532,5.65,6.579,6.109,6.251,6.706,6.123,6.41,6.517
3077.03,18,5.904,5.157,4.575,5.061,3.64,5.568,5.764,5.336,4.383,5.563,5.002,5.864,5.699,4.951,5.855,5.518,5.652,6.571,6.169,6.187,6.726,6.166,6.388,6.434
3078.03,18,5.911,5.192,4.66,5.025,3.623,5.5,5.784,5.275,4.436,5.567,4.943,5.88,5.748,5.023,5.807,5.588,5.608,6.59,6.121,6.209,6.749,6.141,6.387,6.428
3079.03,18,5.895,5.176,4.63,5.106,3.708,5.477,5.793,5.28,4.425,5.572,4.931,5.903,5.689,5.02,5.805,5.561,5.584,6.563,6.121,6.152,6.684,6.177,6.463,6.436
3080.03,18,5.946,5.158,4.595,4.98,3.619,5.502,5.702,5.383,4.387,5.601,4.934,5.854,5.64,5.02,5.872,5.527,5.583,6.561,6.148,6.195,6.702,6.177,6.403,6.491
3081.03,18,5.936,5.238,4.698,5.059,3.611,5.452,5.736,5.251,4.463,5.559,4.961,5.84,5.701,5.005,5.805,5.479,5.674,6.558,6.147,6.138,6.702,6.158,6.398,6.452
3082.03,18,5.918,5.209,4.598,5.038,3.673,5.452,5.814,5.261,4.421,5.549,4.898,5.871,5.631,4.986,5.75,5.492,5.622,6.592,6.11,6.191,6.68,6.143,6.383,6.366
3083.03,18,5.93,5.186,4.625,5.047,3.596,5.519,5.719,5.275,4.409,5.596,4.939,5.833,5.709,4.941,5.79,5.521,5.635,6.622,6.173,6.201,6.77,6.152,6.395,6.429
3084.03,18,5.901,5.134,4.66,5.082,3.565,5.479,5.709,5.232,4.414,5.515,4.91,5.864,5.668,4.952,5.791,5.495,5.615,6.553,6.113,6.162,6.71,6.164,6.426,6.374
3085.03,18,5.958,5.176,4.636,4.985,3.663,5.51,5.734,5.295,4.381,5.565,4.96,5.841,5.747,4.969,5.808,5.532,5.641,6.547,6.118,6.161,6.702,6.143,6.417,6.483
3086.03,18,5.927,5.219,4.684,5.048,3.603,5.433,5.716,5.168,4.338,5.562,4.95,5.814,5.716,5.009,5.785,5.464,5.546,6.518,6.094,6.218,6.783,6.131,6.376,6.507
3087.03,18,5.904,5.195,4.614,4.992,3.681,5.516,5.743,5.241,4.391,5.484,4.94,5.806,5.684,4.958,5.807,5.5,5.575,6.544,6.121,6.28,6.65,6.14,6.402,6.471
3088.03,18,5.866,5.194,4.612,4.949,3.616,5.438,5.71,5.302,4.371,5.557,4.974,5.82,5.7,4.969,5.811,5.499,5.576,6.555,6.093,6.157,6.773,6.139,6.439,6.421
3089.03,18,5.944,5.163,4.552,5.034,3.668,5.451,5.784,5.293,4.374,5.645,4.96,5.821,5.683,4.933,5.745,5.478,5.57,6.52,6.137,6.128,6.687,6.128,6.474,6.384
3090.03,18,5.877,5.165,4.626,5.032,3.651,5.473,5.786,5.253,4.431,5.561,4.955,5.889,5.607,4.996,5.761,5.526,5.586,6.591,6.141,6.099,6.717,6.096,6.454,6.449
3091.03,18,5.845,5.197,4.594,5.106,3.704,5.459,5.746,5.219,4.373,5.591,4.996,5.803,5.652,4.961,5.794,5.519,5.613,6.559,6.169,6.137,6.695,6.164,6.358,6.449
3092.03,18,5.886,5.197,4.589,4.995,3.534,5.46,5.673,5.221,4.37,5.579,4.975,5.858,5.676,4.965,5.727,5.485,5.62,6.559,6.124,6.119,6.721,6.122,6.44,6.472
3093.03,18,5.872,5.139,4.561,5.037,3.584,5.409,5.708,5.287,4.386,5.577,4.959,5.871,5.662,4.943,5.74,5.576,5.601,6.545,6.058,6.199,6.695,6.15,6.443,6.415
3094.03,18,5.897,5.16,4.532,4.985,3.565,5.427,5.732,5.212,4.418,5.56,4.879,5.826,5.677,4.879,5.736,5.573,5.64,6.543,6.09,6.179,6.726,6.156,6.382,6.374
3095.03,18,5.862,5.124,4.607,5.002,3.579,5.502,5.71,5.185,4.344,5.54,4.875,5.802,5.732,4.942,5.75,5.472,5.657,6.552,6.121,6.203,6.637,6.192,6.401,6.421
3096.03,18,5.895,5.156,4.552,4.96,3.617,5.535,5.725,5.213,4.357,5.506,4.919,5.82,5.676,4.934,5.693,5.526,5.551,6.496,6.16,6.155,6.774,6.186,6.385,6.432
3097.03,18,5.87,5.106,4.587,5.038,3.582,5.462,5.812,5.243,4.38,5.619,4.937,5.762,5.692,4.942,5.686,5.499,5.679,6.549,6.093,6.128,6.725,6.189,6.38,6.411
3098.03,18,5.769,5.132,4.589,5,3.577,5.46,5.691,5.206,4.28,5.551,4.96,5.793,5.634,4.964,5.77,5.497,5.633,6.566,6.082,6.105,6.699,6.098,6.392,6.455
3099.03,18,5.898,5.148,4.613,5.002,3.534,5.451,5.772,5.287,4.295,5.554,4.883,5.782,5.628,4.909,5.748,5.583,5.57,6.523,6.033,6.149,6.674,6.186,6.376,6.425
3100.03,18,5.833,5.172,4.515,4.966,3.582,5.445,5.698,5.212,4.347,5.53,4.828,5.798,5.651,4.939,5.727,5.518,5.558,6.561,6.082,6.159,6.713,6.205,6.394,6.358
3101.03,18,5.812,5.144,4.581,4.996,3.592,5.383,5.699,5.155,4.381,5.601,4.981,5.834,5.699,4.886,5.774,5.495,5.582,6.487,6.131,6.124,6.69,6.167,6.415,6.467
3102.03,18,5.878,5.125,4.487,4.982,3.579,5.422,5.693,5.225,4.371,5.546,4.882,5.811,5.697,4.978,5.732,5.58,5.537,6.512,6.11,6.122,6.714,6.18,6.42,6.404
3103.03,18,5.857,5.193,4.499,4.947,3.564,5.465,5.732,5.198,4.363,5.546,4.923,5.804,5.706,4.957,5.721,5.541,5.523,6.55,6.053,6.214,6.654,6.091,6.434,6.48
3104.03,18,5.896,5.108,4.55,4.994,3.637,5.424,5.747,5.25,4.268,5.557,4.88,5.857,5.6,4.91,5.745,5.521,5.603,6.501,6.087,6.215,6.664,6.156,6.41,6.391
3105.03,18,5.825,5.113,4.538,4.974,3.567,5.379,5.691,5.179,4.325,5.564,4.909,5.784,5.651,4.936,5.77,5.475,5.585,6.586,6.059,6.068,6.676,6.114,6.424,6.487
3106.03,18,5.834,5.138,4.51,5.011,3.565,5.418,5.76,5.188,4.273,5.487,4.879,5.848,5.596,4.877,5.729,5.481,5.544,6.563,6.056,6.147,6.703,6.127,6.366,6.351
3107.03,18,5.855,5.108,4.531,4.935,3.575,5.452,5.668,5.153,4.302,5.528,4.906,5.781,5.665,4.912,5.719,5.516,5.521,6.453,6.086,6.165,6.676,6.167,6.382,6.436
3108.03,18,5.855,5.174,4.547,4.965,3.585,5.491,5.772,5.21,4.363,5.529,4.912,5.836,5.686,4.842,5.737,5.489,5.564,6.558,6.124,6.132,6.701,6.02,6.412,6.49
3109.03,18,5.88,5.099,4.541,4.961,3.62,5.45,5.676,5.196,4.265,5.569,4.893,5.786,5.612,4.921,5.76,5.556,5.539,6.496,6.054,6.178,6.685,6.192,6.371,6.42
3110.03,18,5.85,5.092,4.623,4.949,3.588,5.445,5.72,5.158,4.316,5.503,4.802,5.803,5.621,4.858,5.673,5.535,5.5,6.473,6.03,6.157,6.722,6.116,6.387,6.407
3111.03,18,5.819,5.142,4.577,5.024,3.544,5.422,5.65,5.19,4.309,5.534,4.835,5.822,5.629,4.921,5.693,5.508,5.499,6.506,6.097,6.152,6.579,6.06,6.371,6.451
3112.03,18,5.841,5.112,4.539,4.982,3.556,5.45,5.702,5.202,4.291,5.467,4.807,5.728,5.586,4.901,5.748,5.443,5.51,6.487,6.058,6.124,6.68,6.159,6.343,6.445
3113.03,18,5.824,5.099,4.495,4.938,3.608,5.364,5.639,5.153,4.301,5.574,4.886,5.818,5.68,4.944,5.65,5.465,5.589,6.437,6.13,6.108,6.68,6.061,6.401,6.379
3114.03,18,5.772,5.122,4.521,4.985,3.558,5.417,5.698,5.192,4.326,5.522,4.842,5.748,5.603,4.893,5.799,5.521,5.557,6.535,6.103,6.177,6.642,6.118,6.375,6.402
3115.03,18,5.762,5.089,4.489,4.976,3.49,5.366,5.729,5.242,4.343,5.524,4.865,5.745,5.573,4.937,5.722,5.489,5.572,6.475,6.052,6.14,6.706,6.02,6.353,6.393
3116.03,18,5.784,5.064,4.545,4.94,3.527,5.452,5.699,5.177,4.242,5.5,4.843,5.814,5.627,4.911,5.709,5.494,5.478,6.517,6.039,6.157,6.598,6.076,6.43,6.396
3117.03,18,5.894,5.044,4.583,4.942,3.553,5.458,5.765,5.143,4.28,5.421,4.847,5.744,5.615,4.869,5.728,5.471,5.516,6.485,6.102,6.068,6.697,6.1,6.339,6.366
3118.03,18,5.803,5.015,4.49,4.921,3.541,5.373,5.69,5.098,4.292,5.505,4.862,5.761,5.694,4.866,5.735,5.46,5.545,6.502,6.066,6.048,6.627,6.103,6.398,6.395
3119.03,18,5.795,5.043,4.521,4.99,3.536,5.462,5.71,5.143,4.367,5.492,4.842,5.819,5.682,4.921,5.715,5.458,5.523,6.452,6.095,6.13,6.726,6.142,6.434,6.422
3120.03,18,5.849,5.06,4.516,4.893,3.536,5.426,5.68,5.191,4.256,5.569,4.813,5.769,5.67,4.831,5.714,5.432,5.549,6.544,6.065,6.086,6.652,6.051,6.363,6.387
3121.03,18,5.859,5.043,4.524,4.901,3.516,5.45,5.664,5.223,4.28,5.486,4.896,5.752,5.672,4.823,5.671,5.459,5.571,6.55,6.071,6.111,6.705,6.094,6.404,6.377
3122.03,18,5.869,5.063,4.459,4.912,3.475,5.432,5.702,5.157,4.288,5.441,4.842,5.724,5.592,4.821,5.694,5.492,5.475,6.512,6.062,6.097,6.713,6.086,6.329,6.393
3123.03,18,5.821,4.99,4.48,4.871,3.47,5.445,5.699,5.108,4.242,5.447,4.881,5.767,5.598,4.83,5.677,5.503,5.506,6.389,6.019,6.143,6.704,6.106,6.382,6.32
3124.03,18,5.79,5.075,4.478,4.905,3.462,5.403,5.696,5.175,4.22,5.526,4.88,5.746,5.551,4.813,5.671,5.444,5.502,6.408,6.011,6.136,6.658,6.088,6.357,6.413
3125.03,18,5.791,5.006,4.449,4.947,3.485,5.435,5.652,5.143,4.238,5.473,4.864,5.741,5.608,4.921,5.669,5.466,5.543,6.532,6.094,6.109,6.628,6.117,6.357,6.311
3126.03,18,5.804,5.063,4.475,4.927,3.497,5.441,5.636,5.17,4.166,5.532,4.798,5.713,5.579,4.801,5.694,5.468,5.488,6.548,6.045,6.14,6.677,6.019,6.318,6.419
3127.03,18,5.814,5.049,4.496,4.887,3.482,5.407,5.621,5.15,4.239,5.483,4.766,5.79,5.554,4.842,5.756,5.492,5.551,6.424,6.06,6.032,6.688,6.008,6.351,6.394
3128.03,18,5.757,4.998,4.452,4.857,3.506,5.42,5.705,5.095,4.24,5.574,4.822,5.746,5.636,4.869,5.717,5.385,5.525,6.449,6.067,6.09,6.646,6.064,6.364,6.358
3129.03,18,5.746,5.136,4.477,4.935,3.472,5.461,5.66,5.181,4.213,5.476,4.81,5.776,5.57,4.886,5.654,5.456,5.54,6.493,5.934,6.067,6.624,6.066,6.382,6.366
3130.03,18,5.824,5.036,4.468,4.903,3.487,5.348,5.633,5.124,4.139,5.482,4.839,5.679,5.587,4.832,5.681,5.451,5.477,6.482,6.049,6.076,6.71,6.075,6.432,6.328
3131.03,18,5.853,4.983,4.432,4.899,3.52,5.395,5.574,5.126,4.208,5.458,4.836,5.749,5.632,4.826,5.669,5.429,5.535,6.485,6.029,6.056,6.65,6.074,6.352,6.349
3132.03,18,5.757,4.988,4.469,4.881,3.509,5.43,5.618,5.176,4.203,5.483,4.818,5.773,5.611,4.859,5.691,5.416,5.52,6.515,6.036,6.104,6.56,6.123,6.328,6.409
3133.03,18,5.806,5.036,4.424,4.825,3.424,5.413,5.648,5.151,4.289,5.432,4.836,5.743,5.575,4.906,5.664,5.441,5.553,6.501,6.051,6.052,6.641,6.148,6.345,6.333
3134.03,18,5.812,5.006,4.482,4.941,3.507,5.393,5.674,5.104,4.185,5.473,4.875,5.699,5.634,4.829,5.743,5.466,5.55,6.497,5.985,6.176,6.685,6.056,6.367,6.331
3135.03,18,5.783,5.009,4.459,4.886,3.424,5.402,5.663,5.053,4.184,5.556,4.84,5.729,5.612,4.825,5.688,5.415,5.491,6.408,5.993,6.08,6.652,6.066,6.325,6.336
3136.03,18,5.722,5.042,4.462,4.867,3.52,5.325,5.652,5.105,4.277,5.518,4.758,5.717,5.601,4.824,5.67,5.454,5.463,6.544,6.045,6.031,6.676,6.121,6.387,6.363
3137.03,18,5.727,5.056,4.454,4.822,3.459,5.401,5.679,5.104,4.176,5.428,4.797,5.661,5.552,4.838,5.697,5.506,5.494,6.476,6.04,6.053,6.57,6.13,6.365,6.411
3138.03,18,5.73,4.924,4.52,4.89,3.477,5.337,5.625,5.114,4.172,5.456,4.748,5.655,5.56,4.849,5.662,5.418,5.516,6.517,6.088,6.105,6.675,6.062,6.398,6.434
3139.03,18,5.782,5.05,4.413,4.892,3.416,5.421,5.694,5.071,4.209,5.398,4.816,5.706,5.579,4.843,5.627,5.42,5.546,6.448,6.003,6.074,6.638,6.053,6.278,6.378
3140.03,18,5.806,4.975,4.407,4.873,3.571,5.342,5.653,5.19,4.195,5.442,4.77,5.708,5.526,4.834,5.701,5.392,5.521,6.444,6.052,6.101,6.645,6.067,6.308,6.424
3141.03,18,5.704,5.008,4.443,4.831,3.423,5.352,5.658,5.112,4.139,5.416,4.807,5.734,5.531,4.801,5.63,5.437,5.473,6.443,6.01,6.034,6.628,6.029,6.316,6.361
3142.03,18,5.795,5.025,4.394,4.914,3.468,5.394,5.721,5.096,4.212,5.401,4.825,5.663,5.598,4.851,5.67,5.441,5.433,6.439,6.064,6.023,6.665,6.101,6.36,6.369
3143.03,18,5.768,5.011,4.406,4.836,3.457,5.407,5.655,5.112,4.196,5.462,4.756,5.698,5.522,4.836,5.657,5.382,5.474,6.442,6.067,6.058,6.646,6.097,6.332,6.367
3144.03,18,5.724,5.047,4.438,4.835,3.457,5.303,5.67,5.087,4.143,5.477,4.765,5.695,5.632,4.844,5.607,5.426,5.458,6.405,6.016,6.086,6.617,6.121,6.306,6.393
3145.03,18,5.79,4.983,4.451,4.87,3.483,5.384,5.668,5.045,4.208,5.481,4.79,5.638,5.605,4.798,5.628,5.451,5.517,6.447,6.045,6.022,6.624,6.068,6.306,6.351
3146.03,18,5.721,4.99,4.413,4.82,3.446,5.341,5.644,5.066,4.175,5.412,4.796,5.697,5.599,4.81,5.633,5.429,5.485,6.494,6.059,6.107,6.626,6.022,6.305,6.402
3147.03,18,5.764,4.974,4.435,4.785,3.457,5.312,5.693,5.122,4.16,5.398,4.728,5.604,5.561,4.865,5.563,5.408,5.483,6.484,6.063,6.037,6.653,6.127,6.322,6.397
3148.03,18,5.744,5.019,4.419,4.796,3.465,5.373,5.598,5.104,4.133,5.412,4.733,5.673,5.636,4.824,5.676,5.361,5.399,6.394,5.976,6.07,6.681,6.084,6.355,6.361
3149.03,18,5.742,4.962,4.438,4.81,3.449,5.31,5.613,5.085,4.111,5.447,4.719,5.681,5.634,4.829,5.667,5.405,5.446,6.439,5.958,6.086,6.617,6.042,6.294,6.31
3150.03,18,5.726,5.041,4.432,4.913,3.379,5.366,5.648,5.075,4.108,5.343,4.752,5.711,5.553,4.796,5.61,5.356,5.5,6.423,6.002,6.065,6.548,6.057,6.324,6.366
3151.03,18,5.728,4.963,4.429,4.805,3.461,5.369,5.645,5.088,4.13,5.413,4.816,5.591,5.577,4.812,5.68,5.356,5.445,6.417,6.023,6.109,6.662,6.024,6.273,6.346
3152.03,18,5.682,4.945,4.391,4.753,3.496,5.402,5.629,5.04,4.158,5.437,4.834,5.651,5.631,4.817,5.635,5.377,5.461,6.442,6.082,6.129,6.656,6.031,6.396,6.323
3153.03,18,5.739,4.983,4.409,4.835,3.368,5.348,5.567,5.032,4.201,5.41,4.76,5.622,5.592,4.83,5.578,5.399,5.474,6.418,5.965,6.086,6.575,6.009,6.34,6.379
3154.03,18,5.793,4.952,4.421,4.855,3.404,5.365,5.613,5.097,4.083,5.379,4.765,5.676,5.615,4.725,5.614,5.418,5.493,6.466,6.077,6.04,6.682,6.031,6.269,6.352
3155.03,18,5.783,4.969,4.433,4.793,3.432,5.321,5.601,5.169,4.099,5.446,4.785,5.655,5.489,4.814,5.647,5.354,5.463,6.405,6.035,6.039,6.626,6.002,6.3,6.336
3156.03,18,5.747,4.949,4.382,4.761,3.358,5.287,5.634,5.106,4.091,5.402,4.753,5.688,5.516,4.796,5.655,5.391,5.457,6.381,6.02,6.053,6.636,6.127,6.302,6.312
3157.03,18,5.775,5.002,4.403,4.817,3.354,5.354,5.604,5.007,4.104,5.386,4.742,5.657,5.537,4.834,5.63,5.398,5.432,6.443,5.958,6.096,6.661,6.032,6.337,6.39
3158.03,18,5.668,4.929,4.391,4.796,3.401,5.282,5.638,5.056,4.078,5.427,4.736,5.66,5.581,4.831,5.664,5.333,5.456,6.404,6.059,6.055,6.547,6.04,6.345,6.342
3159.03,18,5.706,4.975,4.356,4.853,3.368,5.405,5.628,4.992,4.117,5.406,4.671,5.665,5.551,4.762,5.631,5.392,5.442,6.432,5.963,6.021,6.666,6.04,6.311,6.404
3160.03,18,5.684,4.96,4.385,4.81,3.362,5.372,5.581,5.081,4.114,5.414,4.685,5.64,5.525,4.826,5.667,5.339,5.485,6.431,6.002,6.016,6.559,6.019,6.276,6.347
3161.03,18,5.729,4.964,4.324,4.867,3.361,5.317,5.561,5.101,4.142,5.409,4.792,5.662,5.578,4.814,5.618,5.405,5.501,6.374,5.99,6.019,6.657,6.018,6.323,6.31
3162.03,18,5.713,4.954,4.353,4.738,3.444,5.368,5.609,5.031,4.11,5.404,4.705,5.598,5.526,4.76,5.627,5.359,5.449,6.43,5.905,6.028,6.575,6.041,6.243,6.314
3163.03,18,5.727,4.93,4.351,4.808,3.362,5.265,5.597,5.014,4.095,5.391,4.742,5.564,5.561,4.769,5.614,5.34,5.462,6.41,6.029,6.046,6.59,6.086,6.294,6.291
3164.03,18,5.726,4.933,4.397,4.841,3.408,5.325,5.512,5.03,4.071,5.397,4.68,5.613,5.49,4.778,5.635,5.34,5.432,6.408,5.994,6.032,6.612,6.049,6.303,6.329
3165.03,18,5.709,4.909,4.338,4.695,3.401,5.311,5.559,5.099,4.111,5.361,4.751,5.682,5.452,4.803,5.661,5.363,5.46,6.354,6.052,6.019,6.638,6.096,6.272,6.323
3166.03,18,5.675,4.99,4.355,4.759,3.358,5.331,5.57,5.023,4.135,5.37,4.738,5.631,5.498,4.728,5.604,5.377,5.401,6.364,5.977,6.039,6.6,5.982,6.289,6.279
3167.03,18,5.704,4.919,4.365,4.797,3.372,5.349,5.636,4.97,4.08,5.375,4.722,5.611,5.557,4.796,5.609,5.335,5.398,6.4,6.015,5.999,6.535,6.033,6.288,6.357
3168.03,18,5.746,4.888,4.371,4.709,3.401,5.285,5.573,5.014,4.071,5.333,4.712,5.638,5.488,4.813,5.617,5.347,5.493,6.376,5.992,6.035,6.617,5.999,6.303,6.346
3169.03,18,5.711,5.035,4.366,4.743,3.411,5.296,5.526,5.013,4.015,5.373,4.76,5.672,5.487,4.751,5.57,5.396,5.445,6.396,5.946,6.063,6.619,6.046,6.274,6.344
3170.03,18,5.735,4.936,4.344,4.742,3.415,5.271,5.589,5.06,4.074,5.448,4.669,5.693,5.472,4.665,5.639,5.363,5.387,6.374,6.024,5.981,6.603,6.035,6.297,6.316
3171.03,18,5.738,4.959,4.34,4.72,3.349,5.287,5.622,4.978,4.05,5.41,4.693,5.612,5.489,4.741,5.652,5.332,5.458,6.391,5.934,6.007,6.588,6.047,6.283,6.296
3172.03,18,5.73,4.915,4.257,4.748,3.342,5.301,5.555,4.993,4.076,5.381,4.718,5.622,5.537,4.743,5.594,5.354,5.441,6.406,6.02,6.035,6.53,5.988,6.35,6.33
3173.03,18,5.652,4.903,4.356,4.781,3.341,5.296,5.556,5.002,4.049,5.331,4.669,5.6,5.483,4.793,5.668,5.33,5.396,6.451,5.982,6.052,6.577,6.004,6.275,6.332
3174.03,18,5.68,4.848,4.299,4.731,3.371,5.306,5.622,4.973,4.054,5.378,4.676,5.69,5.52,4.779,5.583,5.328,5.392,6.378,5.992,6.001,6.558,6.034,6.244,6.339
3175.03,18,5.661,4.946,4.299,4.743,3.339,5.281,5.559,5.016,4.099,5.344,4.706,5.557,5.478,4.785,5.609,5.369,5.433,6.399,6.019,5.993,6.621,5.987,6.328,6.346
3176.03,18,5.658,4.854,4.301,4.723,3.323,5.275,5.569,5.001,4.046,5.345,4.693,5.581,5.51,4.757,5.539,5.402,5.432,6.368,5.983,6.014,6.631,6.016,6.348,6.323
3177.03,18,5.677,4.97,4.268,4.743,3.311,5.322,5.625,4.968,4.078,5.413,4.72,5.574,5.507,4.815,5.558,5.392,5.358,6.425,5.98,5.982,6.552,5.991,6.324,6.287
3178.03,18,5.667,4.92,4.26,4.737,3.353,5.27,5.559,5.028,4.102,5.362,4.661,5.587,5.531,4.803,5.609,5.351,5.442,6.371,5.925,6.013,6.62,6.012,6.335,6.354
3179.03,18,5.655,4.915,4.306,4.763,3.335,5.234,5.554,4.976,4.058,5.307,4.674,5.641,5.534,4.75,5.562,5.391,5.401,6.368,6.029,6.005,6.589,5.964,6.316,6.318
3180.03,18,5.655,4.873,4.332,4.745,3.4,5.278,5.574,4.991,4.005,5.408,4.638,5.599,5.582,4.733,5.585,5.351,5.413,6.362,5.965,5.996,6.532,5.977,6.31,6.34
3181.03,18,5.652,4.91,4.324,4.708,3.311,5.248,5.541,4.909,4.017,5.425,4.657,5.621,5.447,4.723,5.572,5.416,5.431,6.377,5.999,6.016,6.584,6.031,6.291,6.34
3182.03,18,5.69,4.938,4.289,4.732,3.336,5.23,5.574,5.035,4.014,5.404,4.647,5.561,5.487,4.745,5.635,5.331,5.401,6.373,6.004,6.034,6.607,5.996,6.274,6.279
3183.03,18,5.619,4.847,4.285,4.789,3.332,5.246,5.572,4.977,3.961,5.363,4.682,5.597,5.454,4.69,5.587,5.343,5.406,6.375,6.02,5.972,6.531,5.967,6.275,6.308
3184.03,18,5.665,4.904,4.309,4.692,3.303,5.267,5.589,4.947,3.931,5.276,4.678,5.615,5.481,4.738,5.58,5.382,5.403,6.361,5.979,5.971,6.586,6.041,6.278,6.292
3185.03,18,5.677,4.869,4.275,4.657,3.298,5.263,5.532,4.988,3.994,5.365,4.655,5.549,5.48,4.701,5.564,5.401,5.394,6.317,5.996,6.009,6.615,5.978,6.246,6.286
3186.03,18,5.669,4.909,4.265,4.725,3.274,5.253,5.57,4.955,4.062,5.404,4.62,5.575,5.448,4.655,5.602,5.29,5.45,6.361,5.956,5.961,6.557,6.032,6.261,6.347
3187.03,18,5.655,4.922,4.223,4.719,3.249,5.234,5.602,4.984,4.048,5.392,4.667,5.56,5.457,4.71,5.515,5.316,5.39,6.269,6.003,5.964,6.597,5.976,6.292,6.282
3188.03,18,5.621,4.85,4.339,4.654,3.355,5.254,5.549,4.966,3.952,5.328,4.627,5.642,5.49,4.686,5.562,5.264,5.416,6.369,5.95,5.978,6.551,5.991,6.27,6.326
3189.03,18,5.673,4.88,4.275,4.613,3.253,5.23,5.529,4.941,4.083,5.321,4.638,5.569,5.457,4.764,5.608,5.322,5.35,6.357,5.952,5.977,6.62,6.039,6.305,6.34
3190.03,18,5.581,4.942,4.206,4.681,3.275,5.209,5.554,4.997,3.969,5.312,4.678,5.555,5.48,4.657,5.596,5.309,5.406,6.349,5.926,5.905,6.528,6.026,6.299,6.3
3191.03,18,5.651,4.943,4.275,4.662,3.249,5.223,5.608,4.897,3.994,5.36,4.642,5.559,5.465,4.719,5.539,5.302,5.38,6.312,5.99,6.001,6.524,6.004,6.256,6.308
3192.03,18,5.652,4.911,4.296,4.695,3.312,5.198,5.536,4.956,3.981,5.314,4.64,5.491,5.528,4.686,5.547,5.329,5.354,6.305,6.008,6.018,6.562,6.001,6.303,6.237
3193.03,18,5.698,4.854,4.258,4.668,3.284,5.214,5.572,4.951,3.938,5.252,4.595,5.602,5.477,4.633,5.541,5.307,5.412,6.359,5.983,5.974,6.542,6.077,6.238,6.318
3194.03,18,5.625,4.882,4.289,4.637,3.306,5.285,5.567,4.972,3.961,5.366,4.653,5.587,5.477,4.751,5.595,5.273,5.384,6.406,5.918,6.005,6.543,6.005,6.269,6.325
3195.03,18,5.606,4.845,4.25,4.7,3.289,5.214,5.577,4.876,3.971,5.284,4.657,5.531,5.544,4.698,5.594,5.3,5.388,6.382,5.993,5.906,6.557,5.969,6.253,6.294
3196.03,18,5.634,4.893,4.305,4.606,3.33,5.273,5.573,4.907,3.953,5.319,4.642,5.546,5.474,4.668,5.575,5.343,5.407,6.332,5.957,5.937,6.59,5.924,6.248,6.335
3197.03,18,5.627,4.88,4.316,4.674,3.249,5.182,5.573,4.903,3.943,5.348,4.644,5.608,5.495,4.734,5.585,5.315,5.424,6.283,5.957,5.987,6.495,5.992,6.221,6.298
3198.03,18,5.614,4.836,4.269,4.648,3.212,5.258,5.543,4.927,4.002,5.313,4.601,5.528,5.452,4.704,5.585,5.25,5.395,6.386,5.894,5.982,6.593,5.978,6.205,6.257
3199.03,18,5.563,4.84,4.271,4.63,3.249,5.199,5.453,4.933,3.985,5.277,4.555,5.521,5.457,4.593,5.575,5.22,5.387,6.372,5.931,5.909,6.535,5.993,6.276,6.216
3200.03,18,5.653,4.832,4.228,4.664,3.27,5.282,5.523,4.908,3.992,5.282,4.658,5.556,5.505,4.641,5.508,5.377,5.382,6.385,5.922,5.902,6.613,5.971,6.226,6.336
3201.03,18,5.605,4.831,4.22,4.601,3.244,5.248,5.579,4.937,3.99,5.35,4.657,5.496,5.464,4.689,5.544,5.223,5.406,6.299,5.928,5.982,6.556,6.025,6.284,6.314
3202.03,18,5.597,4.778,4.225,4.662,3.251,5.262,5.544,4.884,3.87,5.281,4.583,5.529,5.438,4.662,5.487,5.265,5.348,6.298,6.012,5.977,6.578,5.938,6.294,6.253
3203.03,18,5.63,4.795,4.175,4.683,3.2,5.247,5.51,4.901,3.875,5.305,4.667,5.575,5.492,4.699,5.526,5.291,5.348,6.325,6.017,5.982,6.518,5.998,6.223,6.272
3204.03,18,5.591,4.832,4.233,4.638,3.231,5.235,5.568,4.951,3.989,5.336,4.599,5.585,5.428,4.755,5.565,5.333,5.359,6.366,6.005,5.975,6.523,5.954,6.261,6.306
3205.03,18,5.618,4.759,4.288,4.63,3.199,5.237,5.508,4.945,3.946,5.271,4.638,5.514,5.42,4.655,5.595,5.305,5.372,6.304,5.917,5.929,6.538,5.951,6.2,6.19
3206.03,18,5.582,4.791,4.294,4.685,3.184,5.176,5.489,4.872,3.93,5.317,4.593,5.535,5.35,4.696,5.5,5.241,5.373,6.308,6.029,5.951,6.532,6.001,6.278,6.325
3207.03,18,5.625,4.861,4.242,4.6,3.196,5.25,5.504,4.908,3.928,5.275,4.57,5.445,5.427,4.647,5.512,5.216,5.303,6.343,5.927,5.906,6.534,5.992,6.253,6.273
3208.03,18,5.635,4.731,4.185,4.638,3.256,5.167,5.551,4.919,3.95,5.363,4.578,5.538,5.459,4.666,5.51,5.288,5.32,6.373,5.946,5.995,6.547,5.99,6.216,6.308
3209.03,18,5.616,4.819,4.247,4.669,3.318,5.233,5.517,4.924,3.9,5.234,4.575,5.536,5.415,4.697,5.588,5.274,5.433,6.26,5.873,5.952,6.563,5.982,6.216,6.257
3210.03,18,5.577,4.832,4.218,4.549,3.194,5.266,5.545,4.885,3.936,5.261,4.531,5.581,5.395,4.591,5.568,5.353,5.345,6.314,5.901,5.887,6.55,5.948,6.229,6.239
3211.03,18,5.544,4.719,4.175,4.662,3.193,5.211,5.499,4.881,3.915,5.239,4.562,5.509,5.457,4.694,5.539,5.304,5.396,6.303,5.941,5.952,6.506,5.94,6.236,6.279
3212.03,18,5.589,4.77,4.154,4.575,3.248,5.198,5.541,4.839,3.907,5.294,4.558,5.539,5.446,4.716,5.465,5.306,5.389,6.315,5.914,5.942,6.542,5.924,6.268,6.301
3213.03,18,5.527,4.826,4.209,4.642,3.134,5.218,5.493,4.851,3.835,5.292,4.541,5.521,5.41,4.663,5.48,5.174,5.395,6.314,5.944,5.953,6.525,5.937,6.195,6.334
3214.03,18,5.616,4.873,4.223,4.589,3.205,5.186,5.506,4.885,3.851,5.299,4.539,5.569,5.444,4.683,5.522,5.274,5.321,6.246,5.94,5.98,6.576,6.041,6.278,6.271
3215.03,18,5.568,4.746,4.241,4.625,3.151,5.118,5.57,4.851,3.887,5.305,4.546,5.527,5.438,4.628,5.486,5.263,5.294,6.267,5.912,5.919,6.522,5.952,6.228,6.274
3216.03,18,5.549,4.814,4.258,4.624,3.121,5.17,5.54,4.887,3.871,5.269,4.603,5.477,5.44,4.629,5.521,5.319,5.363,6.281,5.942,5.905,6.547,5.937,6.217,6.311
3217.03,18,5.566,4.788,4.209,4.623,3.24,5.187,5.446,4.88,3.864,5.223,4.467,5.494,5.448,4.671,5.548,5.233,5.325,6.278,5.893,5.93,6.507,5.954,6.215,6.276
3218.03,18,5.636,4.797,4.245,4.583,3.23,5.108,5.545,4.874,3.901,5.169,4.554,5.486,5.42,4.667,5.531,5.286,5.283,6.275,5.944,5.937,6.492,5.979,6.256,6.311
3219.03,18,5.524,4.806,4.163,4.596,3.159,5.249,5.48,4.872,3.807,5.347,4.546,5.475,5.469,4.627,5.518,5.241,5.296,6.277,5.932,5.868,6.577,5.976,6.268,6.309
3220.03,18,5.546,4.754,4.176,4.56,3.17,5.15,5.491,4.887,3.799,5.247,4.485,5.479,5.43,4.616,5.529,5.287,5.325,6.244,5.939,5.941,6.558,5.952,6.264,6.226
3221.03,18,5.463,4.729,4.162,4.602,3.194,5.177,5.482,4.844,3.871,5.322,4.561,5.543,5.382,4.614,5.515,5.283,5.309,6.287,5.898,5.916,6.493,5.918,6.248,6.242
3222.03,18,5.523,4.798,4.143,4.59,3.161,5.105,5.491,4.813,3.867,5.311,4.559,5.446,5.429,4.618,5.531,5.252,5.327,6.273,5.886,5.847,6.54,5.958,6.192,6.277
3223.03,18,5.553,4.732,4.151,4.516,3.196,5.224,5.461,4.792,3.929,5.239,4.566,5.465,5.509,4.565,5.486,5.252,5.321,6.262,5.969,5.915,6.579,5.971,6.301,6.309
3224.03,18,5.513,4.785,4.168,4.616,3.186,5.166,5.449,4.818,3.861,5.282,4.545,5.445,5.453,4.609,5.459,5.24,5.299,6.309,6.002,5.879,6.454,5.954,6.206,6.285
3225.03,18,5.591,4.683,4.12,4.576,3.235,5.209,5.501,4.849,3.835,5.243,4.562,5.455,5.41,4.589,5.548,5.282,5.302,6.267,5.883,5.882,6.552,5.993,6.221,6.192
3226.03,18,5.512,4.782,4.141,4.509,3.157,5.151,5.494,4.881,3.871,5.195,4.586,5.425,5.421,4.714,5.472,5.189,5.331,6.245,5.91,5.905,6.54,5.933,6.202,6.249
3227.03,18,5.53,4.703,4.127,4.564,3.243,5.142,5.441,4.779,3.851,5.199,4.578,5.443,5.444,4.63,5.431,5.28,5.313,6.31,5.876,5.913,6.48,5.948,6.235,6.28
3228.03,18,5.515,4.765,4.088,4.532,3.135,5.16,5.518,4.828,3.796,5.179,4.507,5.514,5.429,4.588,5.527,5.266,5.309,6.236,5.924,5.889,6.486,5.925,6.179,6.233
3229.03,18,5.539,4.742,4.094,4.527,3.156,5.162,5.481,4.83,3.858,5.245,4.539,5.528,5.331,4.671,5.503,5.167,5.311,6.298,5.92,5.906,6.521,5.935,6.193,6.203
3230.03,18,5.504,4.791,4.122,4.549,3.125,5.137,5.43,4.801,3.79,5.326,4.579,5.491,5.398,4.634,5.466,5.287,5.283,6.281,5.895,5.929,6.517,5.94,6.204,6.305
3231.03,18,5.519,4.789,4.093,4.589,3.144,5.152,5.488,4.792,3.782,5.255,4.533,5.481,5.334,4.649,5.462,5.226,5.315,6.267,5.902,5.871,6.534,5.979,6.232,6.272
3232.03,18,5.455,4.781,4.174,4.544,3.174,5.198,5.416,4.763,3.82,5.19,4.488,5.432,5.407,4.584,5.462,5.241,5.269,6.274,5.923,5.92,6.514,5.959,6.276,6.279
3233.03,18,5.522,4.691,4.12,4.624,3.101,5.142,5.548,4.786,3.762,5.211,4.557,5.428,5.394,4.583,5.45,5.231,5.337,6.204,5.921,5.913,6.609,5.961,6.238,6.237
3234.03,18,5.483,4.709,4.159,4.521,3.072,5.114,5.473,4.783,3.876,5.194,4.52,5.463,5.398,4.593,5.504,5.229,5.306,6.246,5.924,5.91,6.495,5.997,6.261,6.157
3235.03,18,5.565,4.681,4.148,4.549,3.114,5.148,5.472,4.89,3.786,5.211,4.536,5.49,5.398,4.566,5.45,5.198,5.322,6.313,5.916,5.9,6.525,5.967,6.239,6.251
3236.03,18,5.48,4.68,4.102,4.549,3.081,5.222,5.414,4.799,3.779,5.255,4.528,5.432,5.399,4.637,5.479,5.205,5.246,6.258,5.918,5.894,6.555,5.918,6.255,6.254
3237.03,18,5.462,4.731,4.096,4.503,3.089,5.118,5.486,4.797,3.759,5.231,4.508,5.436,5.367,4.56,5.542,5.185,5.255,6.208,5.86,5.923,6.51,5.999,6.216,6.243
3238.03,18,5.522,4.736,4.17,4.521,3.152,5.086,5.477,4.805,3.817,5.186,4.527,5.482,5.384,4.565,5.514,5.212,5.305,6.26,5.897,5.886,6.492,5.96,6.204,6.25
3239.03,18,5.499,4.735,4.112,4.566,3.095,5.154,5.442,4.842,3.827,5.247,4.542,5.442,5.374,4.574,5.457,5.221,5.24,6.25,5.895,5.852,6.474,5.923,6.212,6.269
3240.03,18,5.615,4.687,4.088,4.533,3.123,5.108,5.41,4.759,3.804,5.18,4.539,5.465,5.371,4.56,5.447,5.213,5.287,6.222,5.922,5.914,6.51,5.915,6.207,6.208
3241.03,18,5.432,4.712,4.031,4.498,3.11,5.116,5.469,4.816,3.754,5.256,4.483,5.429,5.418,4.53,5.46,5.189,5.319,6.191,5.929,5.858,6.482,5.884,6.174,6.191
3242.03,18,5.519,4.687,4.071,4.438,3.053,5.056,5.458,4.807,3.821,5.184,4.522,5.501,5.457,4.562,5.418,5.23,5.277,6.231,5.83,5.904,6.525,5.872,6.207,6.282
3243.03,18,5.456,4.636,4.087,4.522,3.059,5.151,5.452,4.804,3.744,5.189,4.537,5.454,5.344,4.581,5.509,5.203,5.283,6.239,5.888,5.905,6.482,5.995,6.198,6.211
3244.03,18,5.456,4.784,4.14,4.462,3.156,5.107,5.422,4.785,3.764,5.216,4.482,5.406,5.296,4.594,5.452,5.2,5.312,6.188,5.888,5.828,6.518,5.952,6.174,6.214
3245.03,18,5.459,4.686,4.071,4.497,3.047,5.117,5.341,4.784,3.742,5.18,4.459,5.411,5.355,4.58,5.454,5.144,5.266,6.207,5.906,5.896,6.459,5.892,6.127,6.254
3246.03,18,5.419,4.707,4.041,4.506,3.065,5.046,5.535,4.747,3.738,5.246,4.469,5.474,5.342,4.532,5.445,5.156,5.252,6.232,5.913,5.871,6.494,5.898,6.194,6.227
3247.03,18,5.457,4.647,4.11,4.479,3.105,5.173,5.32,4.773,3.735,5.189,4.513,5.416,5.326,4.558,5.413,5.177,5.211,6.249,5.88,5.877,6.498,5.915,6.202,6.26
3248.03,18,5.481,4.68,4.068,4.431,3.022,5.093,5.417,4.81,3.733,5.122,4.506,5.478,5.348,4.53,5.404,5.18,5.34,6.256,5.856,5.811,6.433,5.969,6.188,6.242
3249.03,18,5.488,4.678,4.054,4.46,3.069,5.091,5.415,4.78,3.792,5.149,4.516,5.505,5.447,4.575,5.456,5.184,5.302,6.243,5.873,5.862,6.58,5.897,6.184,6.279
3250.03,18,5.433,4.66,4.078,4.5,3.018,5.094,5.372,4.772,3.719,5.157,4.531,5.403,5.419,4.593,5.428,5.149,5.29,6.207,5.916,5.861,6.465,5.91,6.258,6.283
3251.03,18,5.486,4.663,4.071,4.465,3.065,5.079,5.43,4.748,3.734,5.126,4.46,5.445,5.375,4.531,5.45,5.161,5.261,6.251,5.897,5.849,6.504,5.968,6.202,6.281
3252.03,18,5.481,4.718,4.067,4.484,3.078,5.122,5.436,4.686,3.747,5.134,4.503,5.392,5.347,4.586,5.372,5.157,5.258,6.232,5.9,5.932,6.505,5.949,6.124,6.234
3253.03,18,5.5,4.629,4.081,4.507,3.069,5.111,5.403,4.787,3.771,5.202,4.453,5.428,5.267,4.542,5.389,5.257,5.206,6.228,5.917,5.866,6.521,5.96,6.139,6.192
3254.03,18,5.453,4.669,4.025,4.418,3.07,5.1,5.431,4.727,3.738,5.159,4.391,5.423,5.328,4.526,5.428,5.162,5.201,6.254,5.906,5.882,6.531,5.893,6.19,6.177
3255.03,18,5.427,4.607,4.069,4.442,3.008,5.114,5.4,4.729,3.75,5.146,4.461,5.4,5.333,4.586,5.465,5.163,5.313,6.24,5.898,5.817,6.466,5.9,6.201,6.197
3256.03,18,5.465,4.607,4.075,4.438,3.058,5.073,5.43,4.779,3.693,5.153,4.458,5.39,5.293,4.532,5.407,5.206,5.253,6.193,5.921,5.841,6.442,5.927,6.262,6.261
3257.03,18,5.457,4.689,3.999,4.446,3.006,5.071,5.362,4.71,3.687,5.145,4.364,5.406,5.338,4.522,5.438,5.222,5.239,6.201,5.875,5.892,6.427,5.899,6.208,6.219
3258.03,18,5.457,4.742,4.053,4.477,3.003,5.104,5.325,4.684,3.714,5.196,4.505,5.401,5.336,4.518,5.476,5.219,5.2,6.217,5.822,5.872,6.454,5.898,6.218,6.263
3259.03,18,5.465,4.645,4.038,4.475,2.997,5.093,5.412,4.736,3.732,5.125,4.386,5.461,5.297,4.51,5.389,5.132,5.24,6.23,5.841,5.898,6.472,5.924,6.153,6.161
3260.03,18,5.523,4.705,4.047,4.478,3.029,5.066,5.438,4.794,3.761,5.147,4.459,5.451,5.372,4.58,5.397,5.201,5.314,6.171,5.938,5.858,6.449,5.907,6.217,6.262
3261.03,18,5.402,4.637,3.934,4.413,3.01,5.068,5.427,4.723,3.683,5.138,4.502,5.451,5.321,4.582,5.398,5.149,5.235,6.208,5.874,5.883,6.498,5.93,6.146,6.23
3262.03,18,5.454,4.614,4.082,4.45,2.974,5.018,5.393,4.678,3.672,5.157,4.417,5.354,5.353,4.546,5.46,5.109,5.239,6.269,5.873,5.869,6.476,5.917,6.178,6.17
3263.03,18,5.481,4.671,3.966,4.45,3.017,5.051,5.409,4.77,3.677,5.186,4.462,5.427,5.32,4.56,5.438,5.195,5.24,6.192,5.883,5.8,6.512,5.876,6.179,6.18
3264.03,18,5.423,4.68,4.008,4.428,3.023,5.069,5.371,4.716,3.707,5.097,4.4,5.333,5.292,4.546,5.479,5.116,5.184,6.204,5.803,5.878,6.438,5.882,6.213,6.184
3265.03,18,5.439,4.71,3.97,4.439,2.998,5.052,5.429,4.708,3.607,5.151,4.427,5.37,5.291,4.514,5.497,5.159,5.268,6.205,5.85,5.839,6.467,5.814,6.226,6.124
3266.03,18,5.433,4.607,4.021,4.387,3.06,5.011,5.351,4.663,3.681,5.114,4.433,5.388,5.32,4.51,5.411,5.165,5.193,6.229,5.824,5.849,6.417,5.879,6.167,6.199
3267.03,18,5.477,4.6,4.037,4.403,3.035,5.057,5.401,4.661,3.713,5.148,4.417,5.457,5.254,4.536,5.37,5.156,5.232,6.128,5.838,5.819,6.554,5.858,6.182,6.177
3268.03,18,5.422,4.616,3.934,4.423,2.96,5.044,5.351,4.679,3.666,5.115,4.377,5.369,5.279,4.539,5.404,5.121,5.219,6.141,5.842,5.821,6.519,5.883,6.186,6.192
3269.03,18,5.432,4.648,4.005,4.391,3.02,5.006,5.393,4.693,3.646,5.109,4.397,5.352,5.289,4.481,5.362,5.16,5.21,6.182,5.855,5.887,6.453,5.862,6.14,6.193
3270.03,18,5.392,4.637,4.009,4.421,2.995,5.033,5.316,4.691,3.692,5.105,4.399,5.385,5.282,4.562,5.401,5.166,5.166,6.166,5.875,5.831,6.448,5.834,6.156,6.148
3271.03,18,5.393,4.58,3.998,4.462,2.977,5.062,5.374,4.694,3.648,5.093,4.354,5.341,5.298,4.525,5.409,5.105,5.235,6.169,5.844,5.777,6.442,5.885,6.169,6.204
3272.03,18,5.403,4.613,3.992,4.451,2.981,5.1,5.396,4.694,3.7,5.15,4.417,5.389,5.327,4.442,5.352,5.081,5.222,6.209,5.899,5.792,6.457,5.934,6.184,6.181
3273.03,18,5.365,4.671,3.977,4.406,3.051,5.023,5.362,4.712,3.671,5.104,4.417,5.422,5.339,4.523,5.441,5.124,5.215,6.198,5.84,5.839,6.44,5.912,6.146,6.251
3274.03,18,5.38,4.619,3.986,4.381,2.979,5.052,5.359,4.759,3.627,5.132,4.375,5.399,5.307,4.492,5.391,5.177,5.191,6.186,5.862,5.788,6.507,5.938,6.123,6.18
3275.03,18,5.42,4.612,3.98,4.438,2.982,4.976,5.429,4.704,3.668,5.132,4.409,5.383,5.314,4.484,5.356,5.168,5.245,6.21,5.825,5.852,6.434,5.945,6.195,6.149
3276.03,18,5.428,4.566,3.919,4.335,2.94,5.023,5.444,4.673,3.663,5.098,4.438,5.409,5.279,4.543,5.394,5.147,5.178,6.18,5.894,5.838,6.438,5.909,6.189,6.199
3277.03,18,5.414,4.558,3.986,4.38,2.989,5.063,5.337,4.591,3.609,5.139,4.351,5.355,5.337,4.526,5.402,5.153,5.193,6.169,5.845,5.882,6.414,5.859,6.185,6.184
3278.03,18,5.406,4.643,3.942,4.372,2.959,5.054,5.421,4.662,3.643,5.149,4.393,5.364,5.338,4.459,5.368,5.104,5.198,6.197,5.896,5.849,6.403,5.915,6.136,6.186
3279.03,18,5.339,4.58,3.948,4.351,2.978,5.052,5.418,4.647,3.604,5.101,4.421,5.303,5.285,4.477,5.335,5.119,5.169,6.162,5.871,5.747,6.445,5.853,6.145,6.215
3280.03,18,5.4,4.597,3.97,4.367,2.948,5.12,5.378,4.696,3.598,5.097,4.372,5.339,5.337,4.481,5.357,5.16,5.219,6.156,5.852,5.836,6.46,5.859,6.151,6.198
3281.03,18,5.367,4.586,3.934,4.366,2.922,4.998,5.381,4.577,3.67,5.117,4.356,5.368,5.295,4.491,5.336,5.102,5.206,6.106,5.835,5.823,6.391,5.819,6.222,6.207
3282.03,18,5.38,4.519,3.962,4.341,2.968,4.965,5.411,4.601,3.615,5.155,4.426,5.314,5.232,4.47,5.37,5.119,5.178,6.114,5.802,5.8,6.475,5.927,6.157,6.182
3283.03,18,5.446,4.565,3.947,4.353,2.923,5.063,5.258,4.641,3.583,5.119,4.376,5.367,5.32,4.512,5.39,5.08,5.226,6.08,5.782,5.736,6.371,5.873,6.128,6.174
3284.03,18,5.347,4.539,3.918,4.35,2.924,5.02,5.312,4.582,3.575,5.071,4.375,5.302,5.271,4.53,5.401,5.059,5.168,6.194,5.862,5.778,6.409,5.845,6.105,6.151
3285.03,18,5.427,4.592,3.85,4.405,2.931,5.076,5.395,4.657,3.644,5.032,4.428,5.276,5.285,4.447,5.374,5.116,5.216,6.168,5.784,5.825,6.48,5.833,6.163,6.214
3286.03,18,5.363,4.535,3.959,4.354,2.874,5.01,5.328,4.697,3.66,5.066,4.378,5.315,5.244,4.445,5.35,5.12,5.175,6.126,5.84,5.816,6.4,5.935,6.103,6.168
3287.03,18,5.398,4.526,3.948,4.324,2.914,5.045,5.338,4.709,3.592,5.074,4.395,5.357,5.244,4.443,5.374,5.11,5.216,6.087,5.842,5.803,6.425,5.87,6.087,6.128
3288.03,18,5.41,4.488,3.924,4.366,2.922,5.031,5.312,4.622,3.535,5.071,4.328,5.354,5.286,4.443,5.359,5.172,5.184,6.073,5.829,5.832,6.423,5.848,6.071,6.212
3289.03,18,5.3,4.499,3.867,4.347,2.927,5.024,5.332,4.609,3.583,5.047,4.352,5.269,5.296,4.494,5.41,5.091,5.197,6.163,5.86,5.773,6.386,5.82,6.057,6.133
3290.03,18,5.349,4.495,3.928,4.253,2.921,5.061,5.367,4.619,3.535,5.161,4.358,5.354,5.304,4.462,5.345,5.063,5.185,6.141,5.809,5.86,6.482,5.823,6.195,6.185
3291.03,18,5.342,4.541,3.877,4.347,2.933,5.004,5.324,4.726,3.564,5.096,4.343,5.283,5.313,4.47,5.383,5.058,5.185,6.134,5.789,5.786,6.501,5.766,6.133,6.183
3292.03,18,5.33,4.498,3.864,4.301,2.808,5.012,5.288,4.666,3.497,5.13,4.361,5.269,5.259,4.472,5.369,5.069,5.13,6.151,5.798,5.837,6.419,5.879,6.101,6.166
3293.03,18,5.329,4.642,3.894,4.338,2.899,4.971,5.374,4.551,3.585,5.056,4.335,5.26,5.189,4.441,5.365,5.101,5.192,6.145,5.798,5.784,6.353,5.909,6.096,6.192
3294.03,18,5.3,4.488,3.925,4.311,2.868,5.073,5.328,4.641,3.558,5.136,4.38,5.253,5.297,4.506,5.319,5.071,5.193,6.122,5.817,5.73,6.414,5.882,6.123,6.146
3295.03,18,5.304,4.552,3.843,4.368,2.874,5.043,5.383,4.623,3.533,5.083,4.348,5.327,5.255,4.411,5.375,5.069,5.171,6.135,5.857,5.817,6.455,5.893,6.128,6.178
3296.03,18,5.309,4.523,3.924,4.369,2.833,5.009,5.379,4.625,3.57,5,4.322,5.323,5.247,4.447,5.413,5.102,5.134,6.116,5.844,5.772,6.421,5.868,6.144,6.096
3297.03,18,5.34,4.473,3.882,4.288,2.851,4.981,5.328,4.599,3.533,5.048,4.315,5.324,5.213,4.371,5.397,5.107,5.126,6.115,5.817,5.767,6.373,5.86,6.035,6.195
3298.03,18,5.338,4.579,3.907,4.312,2.833,5.019,5.31,4.597,3.515,5.091,4.351,5.319,5.22,4.454,5.322,5.102,5.092,6.118,5.782,5.792,6.452,5.856,6.062,6.138
3299.03,18,5.343,4.494,3.876,4.243,2.914,4.966,5.359,4.538,3.473,5.071,4.326,5.332,5.257,4.437,5.279,5.137,5.109,6.118,5.84,5.746,6.409,5.812,6.1,6.139
3300.03,18,5.336,4.563,3.812,4.352,2.814,4.945,5.317,4.577,3.535,5.071,4.324,5.283,5.218,4.425,5.352,5.083,5.194,6.094,5.837,5.805,6.441,5.874,6.067,6.173
3301.03,18,5.333,4.498,3.88,4.297,2.92,4.95,5.358,4.593,3.535,5.1,4.295,5.275,5.261,4.46,5.308,5.062,5.2,6.051,5.795,5.746,6.415,5.801,6.13,6.155
3302.03,18,5.374,4.515,3.86,4.26,2.871,4.94,5.332,4.536,3.537,5.045,4.312,5.255,5.212,4.428,5.298,5.078,5.1,6.13,5.733,5.792,6.433,5.854,6.058,6.127
3303.03,18,5.247,4.448,3.878,4.28,2.8,4.984,5.336,4.57,3.473,5.082,4.337,5.314,5.161,4.422,5.277,5.088,5.156,6.087,5.823,5.764,6.367,5.755,6.136,6.096
3304.03,18,5.342,4.512,3.863,4.29,2.841,4.998,5.304,4.621,3.508,5.031,4.266,5.229,5.219,4.386,5.353,5.068,5.147,6.135,5.742,5.828,6.425,5.873,6.109,6.151
3305.03,18,5.296,4.543,3.903,4.332,2.865,4.998,5.262,4.585,3.489,5.041,4.266,5.256,5.179,4.399,5.316,5.117,5.179,6.056,5.853,5.817,6.392,5.862,6.073,6.228
3306.03,18,5.277,4.467,3.888,4.279,2.826,4.946,5.31,4.569,3.501,5.005,4.338,5.231,5.237,4.438,5.359,5.095,5.159,6.113,5.815,5.786,6.465,5.883,6.077,6.227
3307.03,18,5.274,4.497,3.821,4.27,2.891,4.978,5.35,4.531,3.468,4.987,4.271,5.232,5.202,4.367,5.243,5.128,5.188,6.141,5.796,5.814,6.337,5.87,6.188,6.116
3308.03,18,5.34,4.503,3.788,4.29,2.85,4.95,5.273,4.6,3.513,5.095,4.315,5.256,5.293,4.481,5.353,5.116,5.194,6.068,5.753,5.752,6.415,5.864,6.159,6.12
3309.03,18,5.263,4.497,3.829,4.237,2.844,4.979,5.375,4.568,3.539,5.017,4.286,5.279,5.259,4.482,5.261,5.02,5.146,6.087,5.794,5.73,6.378,5.85,6.052,6.183
3310.03,18,5.306,4.524,3.87,4.229,2.799,4.953,5.274,4.573,3.413,5.02,4.28,5.213,5.235,4.377,5.305,5.122,5.206,6.137,5.768,5.768,6.377,5.863,6.081,6.098
3311.03,18,5.334,4.451,3.848,4.271,2.778,4.966,5.288,4.564,3.539,4.969,4.319,5.235,5.207,4.395,5.318,5.035,5.176,6.122,5.769,5.794,6.44,5.83,6.126,6.195
3312.03,18,5.312,4.487,3.873,4.248,2.865,4.926,5.284,4.575,3.582,5.002,4.271,5.198,5.179,4.412,5.297,5.135,5.192,6.095,5.883,5.785,6.339,5.834,6.092,6.158
3313.03,18,5.282,4.409,3.871,4.271,2.801,4.893,5.306,4.522,3.48,5.043,4.255,5.277,5.217,4.401,5.31,5.02,5.148,6.119,5.834,5.712,6.389,5.75,6.117,6.147
3314.03,18,5.34,4.452,3.81,4.267,2.825,4.933,5.308,4.593,3.44,5.014,4.273,5.172,5.165,4.348,5.284,5.042,5.145,6.086,5.744,5.663,6.372,5.828,6.101,6.167
3315.03,18,5.318,4.423,3.808,4.234,2.86,4.927,5.338,4.554,3.523,5.041,4.312,5.232,5.237,4.379,5.322,4.971,5.143,6.073,5.707,5.716,6.379,5.815,6.139,6.077
3316.03,18,5.358,4.456,3.795,4.266,2.846,4.93,5.321,4.538,3.5,5.052,4.289,5.28,5.161,4.395,5.32,4.975,5.111,6.074,5.765,5.748,6.36,5.779,6.137,6.082
3317.03,18,5.253,4.545,3.785,4.204,2.858,4.969,5.302,4.48,3.496,4.987,4.28,5.206,5.222,4.38,5.284,5.05,5.112,6.08,5.781,5.825,6.388,5.815,6.06,6.108
3318.03,18,5.327,4.393,3.824,4.275,2.776,4.891,5.268,4.513,3.449,4.988,4.277,5.241,5.221,4.431,5.292,4.996,5.098,6.036,5.826,5.689,6.385,5.825,6.097,6.117
3319.03,18,5.222,4.422,3.765,4.254,2.84,4.874,5.264,4.537,3.438,5.022,4.306,5.233,5.246,4.374,5.298,5.016,5.11,6.076,5.764,5.788,6.388,5.818,6.112,6.101
3320.03,18,5.317,4.384,3.856,4.261,2.816,5.008,5.273,4.51,3.461,5.038,4.26,5.201,5.209,4.389,5.23,5.002,5.112,6.093,5.794,5.731,6.415,5.73,6.105,6.123
3321.03,18,5.311,4.481,3.735,4.234,2.788,4.931,5.327,4.487,3.406,4.989,4.205,5.188,5.243,4.382,5.328,5.031,5.166,6.06,5.762,5.739,6.334,5.852,6.084,6.206
3322.03,18,5.271,4.375,3.769,4.165,2.795,4.909,5.341,4.533,3.41,4.905,4.179,5.315,5.208,4.371,5.295,5.102,5.131,6.055,5.757,5.706,6.434,5.815,6.072,6.194
3323.03,18,5.248,4.433,3.84,4.234,2.799,4.994,5.299,4.548,3.483,5.001,4.223,5.151,5.196,4.363,5.305,5.03,5.145,6.016,5.759,5.729,6.416,5.822,5.989,6.137
3324.03,18,5.302,4.421,3.777,4.149,2.833,4.888,5.28,4.527,3.433,5.005,4.35,5.165,5.218,4.355,5.307,5.014,5.137,6.05,5.778,5.73,6.397,5.779,6.078,6.124
3325.03,18,5.303,4.451,3.81,4.25,2.861,4.979,5.305,4.515,3.394,4.942,4.283,5.236,5.158,4.383,5.317,5.007,5.118,6.09,5.775,5.665,6.411,5.774,6.081,6.117
3326.03,18,5.154,4.41,3.798,4.191,2.81,4.929,5.264,4.486,3.408,4.997,4.21,5.298,5.204,4.353,5.267,5.043,5.134,5.999,5.718,5.669,6.324,5.754,6.099,6.127
3327.03,18,5.264,4.434,3.772,4.201,2.779,4.963,5.213,4.531,3.446,5.013,4.267,5.201,5.26,4.375,5.303,4.975,5.074,6.024,5.676,5.708,6.352,5.815,6.066,6.16
3328.03,18,5.238,4.444,3.761,4.163,2.8,4.88,5.251,4.444,3.413,4.969,4.257,5.182,5.178,4.368,5.27,5.025,5.067,6.104,5.721,5.733,6.35,5.757,6.056,6.074
3329.03,18,5.275,4.458,3.722,4.18,2.865,4.896,5.246,4.534,3.408,4.982,4.273,5.211,5.121,4.382,5.201,5.029,5.12,6.013,5.769,5.737,6.335,5.83,6.087,6.099
3330.03,18,5.255,4.431,3.81,4.132,2.796,4.874,5.273,4.496,3.439,5.043,4.306,5.151,5.19,4.363,5.317,4.981,5.138,5.997,5.789,5.635,6.349,5.833,6.068,6.099
3331.03,18,5.273,4.445,3.743,4.201,2.802,4.929,5.298,4.524,3.39,4.929,4.165,5.15,5.141,4.294,5.243,4.999,5.127,6.013,5.769,5.732,6.385,5.81,6.048,6.121
3332.03,18,5.164,4.387,3.807,4.222,2.795,4.922,5.292,4.497,3.307,4.942,4.206,5.152,5.13,4.343,5.226,4.973,5.031,5.966,5.764,5.694,6.371,5.782,6.049,6.121
3333.03,18,5.298,4.384,3.788,4.224,2.793,4.886,5.288,4.465,3.345,4.929,4.205,5.226,5.157,4.307,5.246,5.06,5.05,5.989,5.786,5.692,6.357,5.779,5.992,6.124
3334.03,18,5.19,4.354,3.782,4.099,2.771,4.938,5.286,4.47,3.4,4.911,4.191,5.169,5.153,4.287,5.277,4.968,5.121,6.108,5.763,5.682,6.386,5.799,6.109,6.153
3335.03,18,5.271,4.386,3.731,4.164,2.874,4.899,5.166,4.508,3.375,4.956,4.219,5.198,5.133,4.335,5.339,5.033,5.037,5.968,5.708,5.722,6.359,5.835,6.091,6.035
3336.03,18,5.192,4.387,3.755,4.224,2.821,4.907,5.261,4.484,3.388,4.945,4.196,5.151,5.164,4.358,5.293,5.022,5.075,5.983,5.747,5.672,6.376,5.754,6.135,6.097
3337.03,18,5.191,4.396,3.754,4.164,2.8,4.887,5.224,4.426,3.437,4.988,4.21,5.175,5.242,4.27,5.282,4.991,5.04,6.013,5.751,5.711,6.315,5.764,6.063,6.073
3338.03,18,5.192,4.302,3.717,4.185,2.793,4.895,5.203,4.445,3.409,5.024,4.23,5.204,5.18,4.256,5.275,4.987,5.083,6.019,5.774,5.677,6.394,5.831,5.992,6.066
3339.03,18,5.299,4.398,3.699,4.212,2.813,4.924,5.305,4.456,3.463,4.911,4.186,5.183,5.201,4.306,5.244,4.995,5.093,6.019,5.702,5.653,6.327,5.775,6.055,6.069
3340.03,18,5.183,4.328,3.743,4.159,2.796,4.876,5.277,4.519,3.394,5.013,4.209,5.139,5.178,4.301,5.164,4.921,5.037,5.994,5.75,5.713,6.381,5.744,6.046,6.114
3341.03,18,5.223,4.332,3.743,4.145,2.874,4.855,5.225,4.455,3.35,5.008,4.216,5.165,5.141,4.353,5.229,4.985,4.986,5.991,5.702,5.713,6.406,5.747,6.045,6.128
3342.03,18,5.154,4.37,3.648,4.136,2.853,4.899,5.217,4.469,3.365,4.938,4.228,5.173,5.176,4.329,5.233,5.055,5.138,6.035,5.774,5.663,6.337,5.764,6.041,6.127
3343.03,18,5.247,4.42,3.684,4.095,2.879,4.868,5.207,4.427,3.321,4.976,4.164,5.151,5.181,4.318,5.301,4.973,5.034,6.082,5.724,5.619,6.354,5.746,6.098,6.16
3344.03,18,5.169,4.35,3.742,4.138,2.806,4.815,5.213,4.417,3.35,4.975,4.196,5.127,5.142,4.288,5.271,4.904,5.014,6.059,5.748,5.684,6.467,5.691,6.09,6.135
3345.03,18,5.233,4.415,3.758,4.103,2.89,4.864,5.223,4.382,3.33,4.968,4.122,5.211,5.108,4.244,5.203,4.977,5.098,6.038,5.742,5.711,6.318,5.767,6.065,6.057
3346.03,18,5.271,4.395,3.684,4.066,2.798,4.889,5.149,4.438,3.366,4.906,4.148,5.138,5.156,4.309,5.2,4.926,5.114,6.018,5.783,5.696,6.358,5.796,6.024,6.016
3347.03,18,5.208,4.344,3.702,4.125,2.848,4.883,5.236,4.439,3.349,4.951,4.179,5.114,5.104,4.336,5.171,4.919,4.951,5.934,5.723,5.645,6.354,5.803,6.019,6.037
3348.03,18,5.16,4.297,3.693,4.077,2.864,4.864,5.149,4.332,3.346,4.917,4.124,5.144,5.09,4.354,5.167,5.013,5.042,5.98,5.722,5.652,6.342,5.733,6.086,6.056
3349.03,18,5.184,4.307,3.71,4.11,2.79,4.828,5.225,4.447,3.344,4.902,4.083,5.109,5.111,4.231,5.226,4.937,5.04,5.986,5.748,5.628,6.34,5.783,6.062,6.093
3350.03,18,5.167,4.318,3.72,4.135,2.886,4.891,5.185,4.43,3.329,4.975,4.104,5.199,5.123,4.33,5.237,5.029,5.09,5.984,5.689,5.649,6.287,5.773,6.048,6.072
3351.03,18,5.176,4.271,3.737,4.139,2.819,4.869,5.201,4.434,3.311,4.888,4.129,5.137,5.129,4.273,5.178,4.934,5.031,5.989,5.731,5.732,6.323,5.725,5.991,6.115
3352.03,18,5.17,4.346,3.715,4.057,2.899,4.877,5.188,4.394,3.325,4.896,4.148,5.112,5.171,4.287,5.229,5.012,5.072,5.977,5.72,5.64,6.321,5.72,6.006,6.055
3353.03,18,5.146,4.279,3.691,4.031,2.764,4.824,5.162,4.366,3.276,4.921,4.147,5.13,5.107,4.262,5.253,4.996,5.034,6.029,5.665,5.666,6.318,5.819,6.065,6.057
3354.03,18,5.195,4.301,3.704,4.046,2.865,4.85,5.187,4.406,3.302,4.929,4.151,5.053,5.071,4.254,5.164,4.963,5.072,5.982,5.696,5.73,6.326,5.719,6.031,6.063
3355.03,18,5.164,4.326,3.758,4.064,2.743,4.824,5.162,4.359,3.238,4.93,4.08,5.135,5.109,4.292,5.255,5.01,4.974,5.976,5.678,5.658,6.334,5.816,5.986,6.143
3356.03,18,5.217,4.322,3.699,4.092,2.859,4.841,5.187,4.413,3.28,4.909,4.146,5.078,5.087,4.309,5.186,4.932,5.032,6.036,5.733,5.647,6.352,5.808,6.053,6.065
3357.03,18,5.162,4.333,3.633,4.045,2.879,4.826,5.191,4.414,3.252,4.874,4.132,5.104,5.113,4.294,5.203,4.964,5.038,6.019,5.708,5.609,6.257,5.711,6.068,6.116
3358.03,18,5.154,4.288,3.611,4.128,2.843,4.869,5.148,4.407,3.291,4.874,4.176,5.115,5.107,4.229,5.284,4.946,5.055,5.951,5.775,5.665,6.337,5.765,6.028,6.032
3359.03,18,5.239,4.31,3.714,4.121,2.833,4.834,5.257,4.447,3.274,4.899,4.129,5.067,5.138,4.241,5.209,4.916,5.03,5.975,5.623,5.653,6.317,5.851,6.01,6.063
3360.03,18,5.191,4.316,3.593,4.057,2.844,4.884,5.195,4.427,3.34,4.929,4.148,5.095,5.064,4.274,5.232,4.947,5.08,5.996,5.713,5.633,6.369,5.695,6.039,6.133
3361.03,18,5.136,4.277,3.64,4.041,2.811,4.788,5.158,4.379,3.32,4.928,4.035,5.102,5.079,4.272,5.201,4.894,5.054,5.932,5.678,5.653,6.371,5.755,6.035,6.08
3362.03,18,5.092,4.268,3.627,4.029,2.835,4.867,5.122,4.368,3.341,4.791,4.113,5.064,5.091,4.275,5.235,4.96,4.978,5.934,5.631,5.636,6.334,5.672,6.044,6.149
3363.03,18,5.163,4.371,3.669,4.02,2.833,4.765,5.186,4.419,3.246,4.893,4.076,5.101,5.11,4.339,5.268,4.931,5.001,5.992,5.624,5.556,6.293,5.759,6,6.083
3364.03,18,5.102,4.324,3.655,4.09,2.816,4.86,5.176,4.398,3.233,4.893,4.107,5.05,5.069,4.246,5.237,4.947,5.016,5.977,5.742,5.638,6.284,5.75,5.999,6.055
3365.03,18,5.156,4.277,3.615,4.06,2.835,4.835,5.205,4.383,3.242,4.882,4.116,5.054,5.095,4.272,5.182,4.912,5.042,5.906,5.662,5.638,6.372,5.772,6.052,6.029
3366.03,18,5.159,4.263,3.659,4.029,2.889,4.873,5.15,4.452,3.207,4.886,4.136,5.065,5.096,4.174,5.26,4.914,5.048,6,5.69,5.591,6.361,5.715,6.021,6.122
3367.03,18,5.188,4.257,3.629,4.024,2.87,4.799,5.186,4.367,3.253,4.882,4.115,5.087,5.129,4.256,5.191,4.906,5.031,5.959,5.695,5.656,6.35,5.749,6.007,6
3368.03,18,5.143,4.3,3.644,4.08,2.828,4.795,5.139,4.367,3.211,4.9,4.136,5.06,5.081,4.236,5.172,4.973,5.069,5.966,5.695,5.578,6.283,5.704,5.986,6.072
3369.03,18,5.068,4.247,3.549,4.022,2.763,4.838,5.123,4.329,3.257,4.899,4.112,5.141,5.123,4.234,5.183,4.882,4.981,5.997,5.736,5.656,6.198,5.772,6.023,6.083
3370.03,18,5.172,4.3,3.607,4.046,2.859,4.76,5.117,4.364,3.252,4.855,4.079,5.126,5.1,4.185,5.111,4.95,5.056,5.934,5.658,5.589,6.364,5.769,5.993,6.124
3371.03,18,5.101,4.279,3.636,3.958,2.796,4.8,5.199,4.341,3.318,4.885,4.095,5.118,5.069,4.277,5.19,4.919,5.007,5.93,5.723,5.621,6.279,5.71,6.015,6.04
3372.03,18,5.103,4.242,3.6,4.007,2.83,4.828,5.163,4.36,3.265,4.834,4.033,5.064,5.093,4.22,5.197,4.862,5.025,5.972,5.655,5.634,6.295,5.697,5.94,6.121
3373.03,18,5.09,4.205,3.611,4.013,2.802,4.766,5.159,4.395,3.251,4.848,4.052,5.1,4.986,4.191,5.233,4.923,5.04,5.943,5.679,5.658,6.306,5.646,5.977,5.999
3374.03,18,5.045,4.211,3.612,4.067,2.812,4.814,5.187,4.342,3.25,4.851,4.055,5.058,5.13,4.233,5.203,4.907,4.992,5.98,5.602,5.587,6.24,5.726,6.024,6.019
3375.03,18,5.109,4.277,3.601,3.968,2.812,4.872,5.137,4.332,3.215,4.832,4.084,5.073,5.075,4.217,5.119,4.867,5.001,6.004,5.663,5.662,6.275,5.729,5.954,6.108
3376.03,18,5.1,4.208,3.596,4.053,2.865,4.776,5.103,4.29,3.21,4.856,4.109,5.093,5.071,4.181,5.146,4.947,5.074,5.954,5.701,5.562,6.302,5.735,5.984,6.077
3377.03,18,5.099,4.281,3.551,4.008,2.852,4.741,5.168,4.297,3.199,4.917,4.12,5.127,5.079,4.202,5.179,4.962,4.986,5.919,5.708,5.555,6.305,5.763,5.95,6.04
3378.03,18,5.108,4.248,3.628,3.934,2.827,4.722,5.167,4.285,3.181,4.821,4.079,5.083,5.085,4.21,5.16,4.957,5.027,5.832,5.662,5.623,6.246,5.722,6.034,6.022
3379.03,18,5.101,4.245,3.618,3.961,2.806,4.794,5.127,4.309,3.177,4.813,4.116,5.07,5.022,4.155,5.177,4.882,5.003,5.878,5.635,5.662,6.291,5.734,5.984,6.008
3380.03,18,5.12,4.207,3.528,4.016,2.795,4.809,5.174,4.285,3.149,4.81,4.054,5.099,5.099,4.164,5.119,4.874,5.023,5.918,5.697,5.667,6.268,5.725,5.988,6.078
3381.03,18,5.067,4.213,3.588,3.969,2.799,4.826,5.192,4.363,3.201,4.836,4.03,5.054,5.069,4.18,5.187,4.923,5.018,5.927,5.659,5.573,6.283,5.699,6.077,6.095
3382.03,18,5.115,4.218,3.63,3.945,2.92,4.723,5.178,4.367,3.243,4.749,4.002,5.085,5.052,4.233,5.175,4.906,5.032,5.938,5.667,5.615,6.269,5.732,5.997,6.088
3383.03,18,5.078,4.188,3.554,4.013,2.833,4.798,5.148,4.299,3.205,4.835,4.062,5.08,5.149,4.187,5.158,4.89,5.042,5.89,5.679,5.517,6.303,5.672,5.942,5.99
3384.03,18,5.16,4.258,3.589,3.979,2.887,4.769,5.148,4.25,3.135,4.889,4.043,5.031,5.106,4.168,5.154,4.837,4.982,5.936,5.705,5.557,6.255,5.663,5.981,6.098
3385.03,18,5.026,4.274,3.56,4.022,2.868,4.752,5.214,4.341,3.172,4.849,4.033,4.98,5.024,4.226,5.148,4.909,4.987,5.848,5.672,5.632,6.351,5.727,6.016,6.046
3386.03,18,5.065,4.255,3.571,3.981,2.83,4.721,5.149,4.259,3.207,4.895,4.021,5.05,5.109,4.234,5.177,4.932,5.016,5.929,5.643,5.595,6.219,5.756,6.061,6.048
3387.03,18,5.073,4.179,3.516,3.974,2.865,4.769,5.146,4.307,3.096,4.85,3.975,4.992,5.059,4.198,5.11,4.91,4.968,5.929,5.633,5.589,6.278,5.696,6.013,5.998
3388.03,18,5.105,4.163,3.537,3.953,2.812,4.736,5.114,4.306,3.169,4.861,3.993,5.048,5.054,4.16,5.074,4.819,4.998,5.935,5.616,5.578,6.269,5.737,6.016,6.012
3389.03,18,5.034,4.203,3.524,3.951,2.827,4.753,5.098,4.274,3.115,4.815,4.051,5.083,5.05,4.162,5.181,4.869,4.954,5.887,5.675,5.543,6.258,5.691,6.021,6
3390.03,18,5.064,4.197,3.571,3.969,2.855,4.774,5.151,4.259,3.108,4.807,4.028,5.062,5.006,4.209,5.128,4.887,4.919,5.907,5.683,5.575,6.313,5.726,5.977,6.039
3391.03,18,5.077,4.151,3.567,3.938,2.869,4.782,5.127,4.239,3.134,4.76,4.05,5.014,5.044,4.255,5.136,4.926,4.948,5.902,5.612,5.581,6.316,5.71,5.962,6.007
3392.03,18,5.175,4.19,3.569,3.944,2.881,4.722,5.074,4.298,3.106,4.8,3.954,5.086,5.05,4.208,5.199,4.894,4.924,5.847,5.649,5.609,6.271,5.68,5.962,6.041
3393.03,18,5.111,4.189,3.548,3.956,2.793,4.774,5.125,4.212,3.14,4.79,3.978,4.982,5.047,4.131,5.179,4.863,4.977,5.921,5.656,5.597,6.201,5.686,6.017,5.959
3394.03,18,5.09,4.17,3.539,3.895,2.805,4.703,5.133,4.269,3.061,4.736,4.031,4.956,5.043,4.159,5.179,4.984,4.918,5.918,5.622,5.635,6.294,5.703,6.03,6.02
3395.03,18,5.034,4.173,3.558,3.897,2.829,4.678,5.083,4.274,3.068,4.832,4.086,5.086,5.087,4.183,5.107,4.811,4.945,5.922,5.642,5.544,6.237,5.735,5.96,5.99
3396.03,18,5.069,4.133,3.458,3.885,2.828,4.69,5.128,4.295,3.106,4.727,3.985,5.073,5.007,4.154,5.157,4.904,4.936,5.974,5.666,5.599,6.315,5.648,6.025,6.007
3397.03,18,5.058,4.126,3.506,3.942,2.799,4.7,5.138,4.217,3.111,4.784,4.038,5.053,5.015,4.134,5.1,4.816,4.926,5.799,5.654,5.568,6.274,5.75,5.932,6.002
3398.03,18,5.096,4.209,3.507,3.903,2.817,4.69,5.059,4.253,3.142,4.79,3.989,5.008,5.009,4.201,5.124,4.834,4.903,5.887,5.717,5.513,6.247,5.784,5.963,6.058
3399.03,18,5.087,4.155,3.534,3.92,2.832,4.695,5.087,4.29,3.049,4.8,4.006,5.008,5.044,4.188,5.07,4.902,4.955,5.927,5.676,5.56,6.208,5.689,5.982,6.006
3400.03,18,5.058,4.113,3.461,3.927,2.852,4.742,5.059,4.189,3.083,4.798,4.002,4.964,4.973,4.139,5.066,4.853,4.916,5.844,5.58,5.572,6.216,5.663,5.955,6.086
3401.03,18,5.109,4.162,3.548,3.879,2.822,4.714,5.103,4.25,3.059,4.862,3.968,4.988,5.004,4.171,5.052,4.848,4.971,5.843,5.7,5.588,6.271,5.781,5.984,5.997
3402.03,18,4.969,4.181,3.504,3.903,2.863,4.714,5.134,4.202,3.064,4.775,4.005,4.982,5.076,4.108,5.076,4.874,4.981,5.859,5.661,5.56,6.26,5.751,5.981,5.965
3403.03,18,4.93,4.156,3.488,3.919,2.865,4.684,5.107,4.26,3.099,4.809,4.034,4.989,5.011,4.16,5.149,4.829,4.98,5.89,5.608,5.505,6.262,5.634,5.95,5.963
3404.03,18,5.015,4.135,3.461,3.973,2.83,4.713,5.139,4.227,3.091,4.762,4.011,4.975,5.063,4.165,5.116,4.825,5.025,5.882,5.71,5.605,6.266,5.693,5.918,6.041
3405.03,18,5.019,4.085,3.54,3.869,2.831,4.658,5.052,4.2,3.126,4.836,3.996,4.98,5.017,4.188,5.133,4.891,4.927,5.93,5.641,5.526,6.277,5.671,5.958,6.049
3406.03,18,5.001,4.11,3.501,3.886,2.854,4.745,5.089,4.261,3.049,4.792,3.959,5.003,4.958,4.116,5.091,4.879,4.928,5.818,5.642,5.562,6.265,5.699,5.938,6.043
3407.03,18,4.989,4.107,3.438,3.843,2.873,4.687,5.113,4.24,3.051,4.748,4.018,4.961,4.963,4.064,5.092,4.903,4.949,5.808,5.654,5.512,6.202,5.657,5.934,5.97
3408.03,18,5.009,4.175,3.464,3.925,2.867,4.673,5.114,4.281,3.106,4.717,3.941,4.97,4.997,4.064,5.114,4.812,4.934,5.857,5.655,5.52,6.241,5.676,5.965,6.025
3409.03,18,5.011,4.127,3.457,3.874,2.815,4.699,5.061,4.113,3.116,4.752,3.928,5.038,5.009,4.1,5.149,4.79,4.91,5.825,5.619,5.526,6.274,5.725,5.967,6.041
3410.03,18,5.004,4.112,3.513,3.911,2.832,4.65,5.131,4.206,3.061,4.691,3.984,5.012,5.03,4.079,5.065,4.851,4.902,5.859,5.62,5.502,6.289,5.685,5.859,6.043
3411.03,18,5.017,4.077,3.421,3.852,2.821,4.71,5.131,4.17,3.074,4.738,3.95,4.946,4.985,4.128,5.094,4.778,4.916,5.856,5.626,5.55,6.267,5.756,5.941,5.984
3412.03,18,5.014,4.073,3.433,3.823,2.923,4.634,5.081,4.227,3.053,4.706,3.909,4.952,4.997,4.107,5.056,4.88,4.874,5.816,5.62,5.569,6.227,5.68,5.933,6
3413.03,18,5.069,4.173,3.396,3.868,2.83,4.769,5.074,4.272,3.133,4.735,3.963,4.93,4.974,4.132,5.069,4.826,4.915,5.789,5.647,5.51,6.299,5.683,5.903,6.022
3414.03,18,5.004,4.113,3.385,3.812,2.867,4.652,5.077,4.207,3.11,4.786,3.904,4.956,5.027,4.094,5.062,4.829,4.962,5.891,5.643,5.569,6.264,5.689,5.959,6.067
3415.03,18,5.024,4.107,3.387,3.81,2.812,4.684,5.092,4.2,3.084,4.689,3.971,4.913,5.038,4.103,5.055,4.876,4.873,5.807,5.661,5.523,6.27,5.726,5.938,6.004
3416.03,18,4.953,4.113,3.48,3.841,2.779,4.731,4.999,4.219,3.103,4.754,3.936,4.897,4.984,4.109,5.123,4.813,4.888,5.866,5.641,5.578,6.283,5.642,5.912,5.991
3417.03,18,4.994,4.107,3.404,3.844,2.796,4.636,5.065,4.205,3.106,4.731,3.946,4.941,5.028,4.151,5.149,4.77,4.869,5.852,5.558,5.529,6.239,5.651,5.96,5.965
3418.03,18,4.954,4.127,3.47,3.835,2.812,4.672,5.045,4.198,3.12,4.745,3.973,4.965,4.956,4.091,5.056,4.849,4.861,5.861,5.56,5.471,6.229,5.658,5.904,6.004
3419.03,18,4.957,4.08,3.432,3.81,2.86,4.679,5.083,4.202,3.053,4.69,3.923,4.938,4.933,4.105,5.112,4.846,4.88,5.792,5.581,5.49,6.173,5.696,5.904,5.955
3420.03,18,4.922,4.113,3.467,3.809,2.833,4.71,5.069,4.146,3.09,4.735,3.961,5.014,5.001,4.099,5.026,4.764,4.82,5.846,5.642,5.566,6.199,5.672,5.968,5.978
3421.03,18,4.973,4.082,3.438,3.836,2.822,4.689,5.041,4.179,3.077,4.706,3.906,4.913,4.947,4.135,5.106,4.798,4.954,5.837,5.629,5.52,6.213,5.639,5.931,5.985
3422.03,18,4.989,4.06,3.36,3.775,2.783,4.619,5.033,4.179,3.146,4.68,3.898,4.898,4.997,4.055,5.103,4.836,4.877,5.801,5.583,5.505,6.24,5.714,5.915,6.014
3423.03,18,4.946,4.049,3.452,3.829,2.822,4.638,5.117,4.155,3.1,4.707,3.946,5,4.952,4.197,4.984,4.826,4.841,5.789,5.575,5.479,6.313,5.718,5.913,5.904
3424.03,18,4.93,4.051,3.393,3.805,2.83,4.608,5.032,4.075,3.066,4.746,3.948,4.934,5.029,4.099,5.098,4.805,4.945,5.765,5.635,5.541,6.248,5.67,5.937,6.01
3425.03,18,4.953,4.05,3.435,3.878,2.801,4.66,4.969,4.163,3.101,4.742,3.883,5.02,4.988,4.128,5.056,4.864,4.86,5.835,5.672,5.496,6.235,5.646,5.973,5.984
3426.03,18,4.964,4.078,3.395,3.75,2.863,4.651,5.029,4.1,3.065,4.697,3.915,4.905,4.916,4.047,5.053,4.796,4.845,5.793,5.545,5.495,6.183,5.675,5.891,5.971
3427.03,18,5.003,3.938,3.38,3.796,2.902,4.676,5.025,4.157,3.088,4.644,3.874,4.953,4.954,3.998,4.99,4.819,4.848,5.776,5.548,5.536,6.169,5.614,5.918,5.982
3428.03,18,4.951,4.087,3.418,3.772,2.858,4.599,5.1,4.104,3.102,4.72,3.891,4.894,4.973,4.085,5.06,4.744,4.884,5.731,5.595,5.487,6.216,5.659,5.942,6.044
3429.03,18,5.007,4.046,3.431,3.833,2.815,4.627,5.05,4.142,3.151,4.672,3.914,4.922,4.965,4.088,5.058,4.805,4.837,5.794,5.549,5.484,6.157,5.677,5.897,5.974
3430.03,18,4.982,4.066,3.386,3.775,2.847,4.582,5.115,4.122,3.025,4.733,3.936,4.856,4.945,4.02,5.037,4.823,4.899,5.792,5.566,5.48,6.164,5.629,5.867,5.979
3431.03,18,4.967,4.034,3.405,3.745,2.785,4.644,5.005,4.128,3.181,4.669,3.876,4.953,4.963,4.049,5.08,4.803,4.838,5.741,5.58,5.422,6.191,5.669,5.927,5.94
3432.03,18,4.955,4.041,3.353,3.784,2.892,4.587,5.075,4.203,3.099,4.735,3.95,4.887,4.95,4.013,5.019,4.789,4.9,5.826,5.548,5.496,6.218,5.634,5.868,6.039
3433.03,18,4.946,4.065,3.377,3.785,2.817,4.637,5.042,4.129,3.028,4.689,3.906,4.925,4.972,4.044,5.032,4.787,4.855,5.821,5.603,5.489,6.221,5.618,5.892,5.976
3434.03,18,4.949,4.036,3.392,3.774,2.806,4.557,4.967,4.18,3.141,4.736,3.853,4.944,4.96,4.059,5.055,4.766,4.784,5.793,5.666,5.468,6.179,5.657,5.962,5.965
3435.03,18,4.89,4.01,3.339,3.769,2.776,4.644,5.022,4.126,3.125,4.719,3.893,4.946,4.889,4.038,5.074,4.776,4.896,5.813,5.601,5.435,6.264,5.687,5.913,5.964
3436.03,18,4.958,4.092,3.337,3.727,2.905,4.584,5.019,4.091,3.092,4.657,3.908,4.867,4.948,4.061,5.056,4.794,4.863,5.789,5.607,5.492,6.216,5.679,5.913,5.938
3437.03,18,4.87,4.057,3.323,3.772,2.796,4.622,5.069,4.084,3.001,4.679,3.927,4.906,4.948,4.02,5.069,4.778,4.876,5.8,5.591,5.43,6.218,5.644,5.901,6.006
3438.03,18,4.96,4.001,3.326,3.776,2.813,4.566,5.003,4.084,3.179,4.656,3.851,4.896,4.956,4.054,5.064,4.738,4.814,5.796,5.632,5.464,6.165,5.657,5.888,5.991
3439.03,18,4.858,4.007,3.338,3.759,2.851,4.6,4.934,4.082,3.133,4.726,3.902,4.881,4.915,4.03,5.014,4.823,4.847,5.795,5.611,5.4,6.228,5.609,5.943,5.931
3440.03,18,4.868,4.04,3.338,3.785,2.877,4.59,4.983,4.103,3.143,4.583,3.896,4.888,4.905,4.009,5.032,4.724,4.854,5.791,5.639,5.409,6.182,5.605,5.912,5.965
3441.03,18,4.875,4.04,3.338,3.75,2.822,4.552,4.992,4.143,3.129,4.729,3.808,4.881,4.897,4.078,5.012,4.743,4.826,5.833,5.562,5.412,6.197,5.61,5.876,6.003
3442.03,18,4.904,4.042,3.389,3.756,2.839,4.63,5.006,4.104,3.106,4.67,3.856,4.86,4.982,4.034,4.946,4.693,4.802,5.732,5.519,5.46,6.16,5.65,5.883,5.977
3443.03,18,4.871,4.057,3.286,3.754,2.862,4.573,4.985,4.1,3.055,4.671,3.854,4.872,4.927,3.983,5.06,4.811,4.855,5.802,5.601,5.434,6.184,5.639,5.894,5.924
3444.03,18,4.943,3.988,3.29,3.675,2.868,4.588,4.968,4.061,3.085,4.612,3.778,4.814,5.031,4.007,5.076,4.742,4.85,5.8,5.563,5.441,6.216,5.637,5.9,5.99
3445.03,18,4.889,3.961,3.328,3.735,2.796,4.544,4.973,4.065,3.115,4.704,3.892,4.866,4.916,4.005,4.992,4.731,4.828,5.761,5.577,5.454,6.219,5.594,5.918,5.924
3446.03,18,4.889,3.946,3.371,3.7,2.847,4.528,4.988,3.999,3.118,4.607,3.819,4.854,4.93,4.055,4.998,4.759,4.877,5.797,5.546,5.464,6.182,5.642,5.966,5.968
3447.03,18,4.896,3.988,3.313,3.738,2.845,4.573,4.953,4.013,3.166,4.724,3.887,4.861,4.874,4.018,4.991,4.713,4.876,5.746,5.583,5.435,6.138,5.621,5.849,5.941
3448.03,18,4.82,3.927,3.306,3.734,2.876,4.564,4.927,4.076,3.082,4.615,3.868,4.818,4.926,4.059,5.022,4.741,4.825,5.835,5.518,5.486,6.195,5.594,5.923,5.947
3449.03,18,4.842,3.914,3.365,3.711,2.814,4.503,5.029,4.079,3.168,4.682,3.845,4.887,4.892,3.932,4.949,4.73,4.788,5.781,5.594,5.474,6.185,5.653,5.879,5.96
3450.03,18,4.828,3.993,3.305,3.732,2.855,4.567,4.974,4.14,3.149,4.618,3.806,4.841,4.906,4.026,4.973,4.691,4.84,5.741,5.567,5.442,6.168,5.615,5.914,5.941
3451.03,18,4.871,3.98,3.341,3.705,2.839,4.59,5.005,4.026,3.106,4.645,3.879,4.873,4.956,4.005,5.03,4.751,4.794,5.791,5.538,5.492,6.195,5.583,5.84,5.917
3452.03,18,4.822,3.934,3.305,3.649,2.796,4.538,4.996,4.058,3.156,4.686,3.796,4.841,4.933,3.942,4.955,4.743,4.839,5.729,5.573,5.394,6.192,5.659,5.877,6.012
3453.03,18,4.853,3.943,3.251,3.64,2.787,4.595,4.933,3.979,3.102,4.662,3.813,4.807,4.951,3.961,4.975,4.751,4.847,5.726,5.581,5.456,6.2,5.593,5.886,5.954
3454.03,18,4.831,4.031,3.289,3.642,2.787,4.564,4.902,4.115,3.074,4.625,3.838,4.776,4.877,4.054,5.011,4.737,4.82,5.795,5.523,5.455,6.24,5.59,5.938,5.9
3455.03,18,4.821,3.895,3.248,3.728,2.801,4.576,4.981,3.945,3.092,4.577,3.756,4.798,4.891,4.005,4.899,4.758,4.82,5.717,5.49,5.382,6.176,5.675,5.858,5.893
3456.03,18,4.872,3.935,3.271,3.731,2.758,4.599,4.933,4.11,3.1,4.626,3.868,4.834,4.899,3.997,5.068,4.721,4.806,5.784,5.599,5.492,6.203,5.662,5.853,5.935
3457.03,18,4.859,3.896,3.297,3.637,2.87,4.56,5.014,4.04,3.127,4.589,3.824,4.812,4.91,3.961,4.946,4.734,4.762,5.737,5.545,5.462,6.195,5.562,5.856,5.931
3458.03,18,4.885,3.963,3.288,3.745,2.881,4.612,4.919,4.04,3.12,4.617,3.793,4.753,4.895,3.969,4.959,4.65,4.782,5.647,5.577,5.454,6.18,5.627,5.869,5.912
3459.03,18,4.834,3.954,3.262,3.613,2.884,4.555,4.949,3.991,3.11,4.594,3.82,4.872,4.976,3.985,4.92,4.715,4.801,5.724,5.515,5.458,6.157,5.587,5.781,5.977
3460.03,18,4.812,3.935,3.269,3.656,2.845,4.546,4.928,4.095,3.168,4.606,3.83,4.811,4.926,3.93,4.926,4.744,4.83,5.683,5.546,5.445,6.242,5.538,5.851,5.948
3461.03,18,4.836,3.918,3.277,3.627,2.795,4.581,4.968,4.07,3.089,4.644,3.78,4.782,4.929,4.042,5.014,4.736,4.785,5.713,5.566,5.402,6.08,5.601,5.775,5.973
3462.03,18,4.79,3.948,3.255,3.698,2.829,4.552,4.925,3.958,3.15,4.602,3.772,4.766,4.904,3.983,4.993,4.773,4.783,5.75,5.556,5.455,6.143,5.546,5.833,5.968
3463.03,18,4.844,4.014,3.286,3.634,2.832,4.517,4.966,4.045,3.134,4.624,3.833,4.783,4.853,3.932,4.93,4.651,4.822,5.702,5.58,5.415,6.167,5.583,5.83,6
3464.03,18,4.813,3.911,3.284,3.646,2.826,4.496,4.903,3.989,3.117,4.608,3.76,4.882,4.805,3.96,4.94,4.694,4.796,5.782,5.578,5.421,6.125,5.577,5.818,5.937
3465.03,18,4.744,3.852,3.223,3.677,2.884,4.486,4.993,4.01,3.077,4.676,3.807,4.752,4.827,3.974,5.057,4.688,4.803,5.768,5.538,5.39,6.223,5.593,5.837,5.947
3466.03,18,4.818,3.897,3.221,3.606,2.894,4.512,4.973,3.979,3.136,4.614,3.804,4.812,4.846,3.91,4.911,4.733,4.789,5.682,5.54,5.448,6.21,5.58,5.913,5.926
3467.03,18,4.779,3.914,3.238,3.662,2.834,4.588,4.903,3.979,3.133,4.592,3.744,4.816,4.835,3.93,4.966,4.678,4.786,5.736,5.566,5.438,6.152,5.658,5.848,5.926
3468.03,18,4.828,3.91,3.212,3.582,2.865,4.578,4.937,3.971,3.119,4.533,3.712,4.759,4.802,3.922,4.976,4.677,4.763,5.667,5.565,5.422,6.175,5.594,5.871,5.904
3469.03,18,4.776,3.913,3.294,3.623,2.791,4.53,4.973,4.006,3.088,4.603,3.751,4.784,4.849,3.896,4.976,4.622,4.801,5.74,5.511,5.37,6.108,5.57,5.834,5.908
3470.03,18,4.815,3.892,3.183,3.649,2.841,4.497,5.029,4.024,3.099,4.604,3.762,4.807,4.818,3.96,4.979,4.73,4.753,5.768,5.474,5.398,6.113,5.599,5.877,5.935
3471.03,18,4.818,3.928,3.245,3.571,2.814,4.524,4.904,3.932,3.18,4.611,3.763,4.771,4.907,3.919,4.952,4.699,4.805,5.67,5.536,5.395,6.184,5.595,5.9,5.957
3472.03,18,4.758,3.887,3.181,3.605,2.916,4.428,4.918,4.064,3.135,4.611,3.759,4.776,4.837,3.889,4.967,4.668,4.761,5.701,5.61,5.398,6.168,5.546,5.846,5.922
3473.03,18,4.78,3.918,3.202,3.595,2.826,4.485,4.916,3.998,3.022,4.569,3.756,4.788,4.876,3.958,4.94,4.574,4.816,5.73,5.569,5.33,6.187,5.517,5.821,5.931
3474.03,18,4.741,3.903,3.165,3.639,2.841,4.471,4.945,4.002,3.154,4.637,3.749,4.723,4.91,3.925,4.96,4.606,4.759,5.718,5.456,5.465,6.09,5.554,5.868,5.898
3475.03,18,4.763,3.888,3.222,3.652,2.918,4.615,4.934,3.911,3.111,4.63,3.728,4.761,4.785,3.952,4.931,4.662,4.726,5.702,5.521,5.444,6.208,5.571,5.822,5.979
3476.03,18,4.775,3.95,3.227,3.612,2.887,4.474,4.923,4.002,3.166,4.581,3.747,4.8,4.854,3.92,4.873,4.658,4.718,5.713,5.49,5.379,6.129,5.546,5.841,5.841
3477.03,18,4.762,3.901,3.175,3.566,2.815,4.491,4.909,3.912,3.093,4.574,3.806,4.695,4.841,3.929,4.901,4.694,4.794,5.715,5.581,5.387,6.139,5.617,5.859,5.974
3478.03,18,4.825,3.917,3.246,3.621,2.883,4.516,4.869,4.002,3.074,4.552,3.739,4.7,4.815,3.92,4.921,4.655,4.815,5.718,5.493,5.381,6.122,5.564,5.867,5.919
3479.03,18,4.753,3.851,3.203,3.6,2.928,4.542,4.995,3.901,3.128,4.557,3.725,4.783,4.825,3.923,4.951,4.623,4.789,5.718,5.536,5.421,6.184,5.555,5.823,5.931
3480.03,18,4.81,3.899,3.261,3.608,2.842,4.482,4.908,3.929,3.122,4.588,3.749,4.808,4.847,3.9,4.955,4.727,4.773,5.691,5.569,5.366,6.129,5.581,5.829,5.891
3481.03,18,4.795,3.897,3.12,3.614,2.866,4.449,4.822,4.033,3.197,4.487,3.689,4.75,4.824,3.876,4.938,4.665,4.777,5.666,5.484,5.393,6.124,5.511,5.827,5.946
3482.03,18,4.728,3.894,3.201,3.561,2.883,4.443,4.858,3.932,3.088,4.498,3.723,4.769,4.788,3.924,4.904,4.677,4.796,5.62,5.513,5.422,6.213,5.547,5.816,5.866
3483.03,18,4.743,3.883,3.183,3.619,2.823,4.51,4.891,3.866,3.074,4.578,3.73,4.73,4.834,3.9,4.952,4.646,4.743,5.667,5.525,5.338,6.122,5.534,5.809,5.873
3484.03,18,4.665,3.836,3.194,3.615,2.839,4.504,4.945,3.961,3.118,4.529,3.706,4.683,4.82,3.922,4.976,4.622,4.766,5.678,5.524,5.381,6.111,5.629,5.765,5.937
3485.03,18,4.794,3.909,3.205,3.561,2.866,4.47,4.857,3.952,3.13,4.495,3.696,4.716,4.833,3.873,4.883,4.632,4.749,5.683,5.518,5.347,6.145,5.638,5.835,5.946
3486.03,18,4.731,3.83,3.113,3.592,2.877,4.525,4.93,3.982,3.137,4.558,3.729,4.734,4.824,3.901,4.888,4.643,4.66,5.689,5.477,5.321,6.114,5.614,5.828,5.881
3487.03,18,4.709,3.905,3.13,3.627,2.811,4.454,4.879,3.95,3.116,4.543,3.682,4.798,4.816,3.893,4.977,4.638,4.707,5.735,5.481,5.352,6.167,5.509,5.841,5.941
3488.03,18,4.768,3.846,3.123,3.602,2.854,4.458,4.887,3.917,3.109,4.553,3.722,4.673,4.786,3.866,4.878,4.607,4.705,5.652,5.504,5.364,6.103,5.61,5.817,5.893
3489.03,18,4.684,3.843,3.125,3.472,2.84,4.418,4.887,3.877,3.16,4.535,3.725,4.761,4.782,3.948,4.926,4.667,4.705,5.67,5.495,5.377,6.129,5.549,5.899,5.927
3490.03,18,4.771,3.855,3.195,3.6,2.915,4.462,4.88,3.904,3.123,4.539,3.677,4.683,4.763,3.921,4.935,4.668,4.767,5.616,5.479,5.345,6.121,5.53,5.812,5.972
3491.03,18,4.743,3.791,3.142,3.625,2.876,4.398,4.874,3.926,3.12,4.499,3.719,4.674,4.819,3.879,4.933,4.638,4.692,5.666,5.513,5.334,6.104,5.568,5.773,5.855
3492.03,18,4.73,3.79,3.084,3.604,2.803,4.44,4.896,3.903,3.112,4.571,3.734,4.659,4.798,3.902,4.853,4.562,4.738,5.647,5.584,5.354,6.084,5.554,5.829,5.931
3493.03,18,4.732,3.803,3.167,3.641,2.896,4.423,4.827,3.876,3.095,4.471,3.647,4.75,4.791,3.888,4.901,4.597,4.79,5.659,5.558,5.313,6.096,5.587,5.835,5.899
3494.03,18,4.695,3.893,3.12,3.636,2.896,4.433,4.884,3.856,3.091,4.559,3.643,4.768,4.764,3.86,4.911,4.606,4.732,5.619,5.461,5.37,6.095,5.559,5.734,5.844
3495.03,18,4.706,3.86,3.154,3.633,2.783,4.465,4.818,3.848,3.214,4.532,3.639,4.639,4.832,3.824,4.942,4.571,4.738,5.64,5.553,5.362,6.079,5.555,5.884,5.947
3496.03,18,4.729,3.804,3.094,3.61,2.872,4.438,4.825,3.864,3.086,4.54,3.646,4.669,4.783,3.905,4.946,4.636,4.677,5.655,5.488,5.355,6.101,5.508,5.817,5.882
3497.03,18,4.709,3.805,3.097,3.613,2.839,4.441,4.837,3.895,3.166,4.585,3.707,4.666,4.778,3.872,4.891,4.65,4.682,5.644,5.494,5.357,6.113,5.498,5.818,5.871
3498.03,18,4.718,3.871,3.127,3.586,2.811,4.363,4.843,3.86,3.15,4.449,3.614,4.729,4.789,3.811,5.002,4.591,4.679,5.609,5.49,5.333,6.114,5.538,5.844,5.829
3499.03,18,4.734,3.762,3.044,3.639,2.871,4.429,4.892,3.87,3.181,4.522,3.672,4.645,4.809,3.816,4.903,4.568,4.709,5.621,5.493,5.397,6.057,5.538,5.824,5.807
3500.03,18,4.674,3.743,3.142,3.57,2.825,4.371,4.878,3.902,3.159,4.564,3.662,4.648,4.794,3.895,4.91,4.67,4.729,5.595,5.498,5.358,6.144,5.587,5.726,5.854
3501.03,18,4.729,3.798,3.069,3.603,2.876,4.44,4.861,3.893,3.132,4.533,3.583,4.65,4.807,3.831,4.873,4.615,4.732,5.627,5.47,5.386,6.187,5.487,5.763,5.872
3502.03,18,4.665,3.78,3.102,3.612,2.837,4.451,4.882,3.866,3.108,4.495,3.695,4.643,4.764,3.854,4.854,4.581,4.672,5.662,5.491,5.319,6.091,5.519,5.797,5.81
3503.03,18,4.66,3.779,3.092,3.651,2.834,4.469,4.825,3.868,3.133,4.445,3.63,4.679,4.789,3.815,4.86,4.565,4.642,5.624,5.468,5.448,6.096,5.525,5.808,5.861
3504.03,18,4.662,3.775,3.099,3.604,2.804,4.413,4.791,3.882,3.129,4.471,3.626,4.634,4.75,3.861,4.887,4.488,4.705,5.652,5.494,5.352,6.106,5.533,5.824,5.834
3505.03,18,4.662,3.734,3.081,3.603,2.812,4.468,4.84,3.812,3.14,4.477,3.688,4.708,4.761,3.875,4.83,4.64,4.767,5.549,5.51,5.369,6.072,5.464,5.789,5.898
3506.03,18,4.689,3.782,3.07,3.586,2.831,4.347,4.823,3.857,3.119,4.452,3.653,4.66,4.767,3.806,4.922,4.6,4.712,5.565,5.428,5.416,6.078,5.466,5.776,5.862
3507.03,18,4.616,3.665,3.047,3.615,2.895,4.4,4.855,3.78,3.161,4.428,3.677,4.689,4.819,3.879,4.863,4.563,4.688,5.609,5.456,5.379,6.112,5.562,5.898,5.871
3508.03,18,4.698,3.76,3.062,3.653,2.876,4.417,4.771,3.868,3.064,4.484,3.609,4.671,4.72,3.837,4.863,4.6,4.739,5.619,5.48,5.294,6.116,5.558,5.814,5.91
3509.03,18,4.718,3.776,3.06,3.616,2.875,4.348,4.861,3.816,3.161,4.493,3.582,4.622,4.742,3.844,4.817,4.61,4.706,5.578,5.48,5.314,6.129,5.543,5.747,5.887
3510.03,18,4.655,3.775,3.021,3.578,2.881,4.392,4.836,3.849,3.153,4.426,3.642,4.639,4.797,3.82,4.896,4.639,4.652,5.658,5.448,5.337,6.142,5.556,5.801,5.897
3511.03,18,4.719,3.744,3.031,3.58,2.866,4.369,4.827,3.869,3.127,4.47,3.627,4.72,4.802,3.83,4.819,4.624,4.62,5.645,5.438,5.363,6.132,5.49,5.741,5.834
3512.03,18,4.646,3.742,3.099,3.599,2.8,4.403,4.788,3.914,3.093,4.475,3.655,4.537,4.75,3.796,4.812,4.57,4.629,5.593,5.441,5.382,6.081,5.499,5.783,5.926
3513.03,18,4.607,3.718,3.068,3.636,2.803,4.395,4.83,3.83,3.125,4.477,3.607,4.619,4.75,3.823,4.832,4.65,4.667,5.66,5.508,5.427,6.125,5.498,5.763,5.835
3514.03,18,4.662,3.685,2.956,3.634,2.911,4.364,4.833,3.799,3.163,4.496,3.609,4.618,4.694,3.807,4.829,4.585,4.659,5.629,5.486,5.332,6.01,5.491,5.783,5.831
3515.03,18,4.608,3.707,3.039,3.54,2.844,4.411,4.803,3.788,3.161,4.533,3.568,4.6,4.771,3.75,4.828,4.628,4.713,5.616,5.433,5.357,6.077,5.467,5.723,5.825
3516.03,18,4.574,3.684,2.983,3.633,2.825,4.401,4.82,3.802,3.126,4.472,3.585,4.676,4.736,3.818,4.861,4.549,4.631,5.562,5.46,5.329,6.106,5.515,5.804,5.811
3517.03,18,4.687,3.733,3.03,3.567,2.835,4.35,4.773,3.768,3.092,4.503,3.627,4.684,4.76,3.789,4.827,4.525,4.647,5.589,5.424,5.363,6.087,5.528,5.77,5.915
3518.03,18,4.653,3.721,3,3.616,2.839,4.358,4.82,3.802,3.119,4.41,3.669,4.696,4.731,3.821,4.79,4.538,4.672,5.594,5.515,5.32,6.097,5.563,5.835,5.789
3519.03,18,4.704,3.718,3.069,3.579,2.797,4.393,4.806,3.858,3.095,4.392,3.627,4.54,4.75,3.786,4.859,4.562,4.737,5.612,5.474,5.313,6.065,5.507,5.721,5.834
3520.03,18,4.609,3.655,2.955,3.542,2.794,4.356,4.868,3.859,3.125,4.435,3.595,4.578,4.768,3.792,4.839,4.589,4.614,5.523,5.456,5.382,6.094,5.463,5.696,5.825
3521.03,18,4.586,3.744,3.019,3.619,2.831,4.351,4.837,3.725,3.103,4.419,3.597,4.58,4.76,3.817,4.878,4.557,4.726,5.548,5.458,5.347,6.016,5.591,5.827,5.872
3522.03,18,4.645,3.676,2.991,3.561,2.82,4.354,4.846,3.865,3.047,4.491,3.604,4.561,4.723,3.778,4.836,4.576,4.662,5.629,5.453,5.363,6.069,5.54,5.763,5.859
3523.03,18,4.631,3.717,2.994,3.647,2.87,4.429,4.781,3.756,3.15,4.461,3.577,4.653,4.778,3.793,4.837,4.48,4.639,5.569,5.436,5.342,6.058,5.564,5.731,5.873
3524.03,18,4.569,3.689,3.015,3.618,2.858,4.369,4.837,3.831,3.077,4.452,3.599,4.631,4.726,3.794,4.822,4.492,4.652,5.562,5.48,5.385,6.039,5.494,5.702,5.836
3525.03,18,4.657,3.633,2.952,3.682,2.856,4.352,4.806,3.82,3.117,4.491,3.589,4.626,4.669,3.756,4.822,4.559,4.63,5.529,5.432,5.421,6.066,5.499,5.759,5.821
3526.03,18,4.668,3.662,2.954,3.614,2.82,4.397,4.824,3.793,3.146,4.5,3.598,4.62,4.748,3.845,4.796,4.515,4.673,5.606,5.488,5.335,6.07,5.513,5.768,5.864
3527.03,18,4.522,3.716,2.985,3.588,2.81,4.316,4.791,3.798,3.167,4.391,3.455,4.549,4.685,3.757,4.819,4.57,4.581,5.543,5.387,5.364,6.036,5.519,5.75,5.866
3528.03,18,4.521,3.613,2.945,3.644,2.845,4.346,4.797,3.729,3.158,4.418,3.552,4.55,4.673,3.822,4.787,4.541,4.647,5.497,5.411,5.334,6.06,5.514,5.751,5.839
3529.03,18,4.568,3.73,2.973,3.647,2.833,4.36,4.814,3.728,3.135,4.395,3.569,4.588,4.726,3.785,4.786,4.54,4.7,5.556,5.464,5.349,6.08,5.44,5.825,5.782
3530.03,18,4.568,3.645,2.994,3.578,2.837,4.355,4.773,3.741,3.11,4.452,3.533,4.617,4.68,3.736,4.795,4.631,4.689,5.546,5.408,5.351,5.993,5.484,5.693,5.859
3531.03,18,4.657,3.659,3.015,3.61,2.817,4.327,4.797,3.728,3.235,4.455,3.566,4.636,4.692,3.788,4.776,4.547,4.578,5.611,5.431,5.356,6.125,5.524,5.734,5.875
3532.03,18,4.644,3.622,3.001,3.555,2.847,4.293,4.803,3.754,3.114,4.417,3.508,4.513,4.661,3.739,4.864,4.543,4.61,5.55,5.389,5.38,6.091,5.481,5.755,5.825
3533.03,18,4.58,3.688,2.958,3.618,2.883,4.357,4.779,3.705,3.181,4.392,3.522,4.57,4.674,3.751,4.829,4.472,4.66,5.549,5.489,5.347,5.983,5.467,5.788,5.811
3534.03,18,4.569,3.69,2.897,3.645,2.774,4.287,4.748,3.674,3.175,4.433,3.551,4.583,4.696,3.675,4.758,4.535,4.68,5.614,5.428,5.385,6.082,5.467,5.718,5.822
3535.03,18,4.597,3.687,2.979,3.59,2.878,4.406,4.748,3.758,3.156,4.413,3.548,4.59,4.703,3.747,4.823,4.531,4.698,5.551,5.365,5.397,6.017,5.43,5.731,5.871
3536.03,18,4.591,3.655,2.949,3.654,2.904,4.313,4.756,3.679,3.149,4.331,3.513,4.543,4.634,3.775,4.766,4.508,4.639,5.516,5.44,5.329,6.068,5.497,5.788,5.787
3537.03,18,4.555,3.706,2.992,3.582,2.835,4.308,4.78,3.807,3.14,4.416,3.519,4.552,4.716,3.777,4.89,4.498,4.691,5.559,5.417,5.351,6.026,5.498,5.745,5.877
3538.03,18,4.575,3.592,2.959,3.603,2.84,4.4,4.774,3.751,3.234,4.434,3.543,4.532,4.623,3.768,4.762,4.506,4.624,5.53,5.442,5.336,6.072,5.518,5.697,5.73
3539.03,18,4.58,3.631,2.855,3.578,2.863,4.334,4.832,3.766,3.162,4.404,3.453,4.562,4.648,3.739,4.785,4.532,4.641,5.517,5.41,5.395,5.993,5.439,5.743,5.846
3540.03,18,4.54,3.665,2.952,3.57,2.885,4.338,4.766,3.723,3.173,4.414,3.605,4.613,4.596,3.708,4.766,4.543,4.663,5.511,5.468,5.335,6.03,5.407,5.718,5.86
3541.03,18,4.528,3.624,2.898,3.572,2.862,4.362,4.737,3.687,3.133,4.35,3.5,4.518,4.699,3.729,4.791,4.534,4.622,5.499,5.423,5.35,6.046,5.483,5.713,5.787
3542.03,18,4.601,3.66,2.929,3.641,2.783,4.261,4.64,3.699,3.206,4.373,3.512,4.517,4.701,3.826,4.733,4.479,4.658,5.504,5.396,5.413,6.045,5.431,5.723,5.828
3543.03,18,4.573,3.637,2.843,3.662,2.837,4.336,4.799,3.681,3.142,4.325,3.52,4.558,4.738,3.72,4.818,4.435,4.58,5.489,5.432,5.338,6.038,5.495,5.698,5.83
3544.03,18,4.554,3.675,2.907,3.636,2.838,4.27,4.717,3.672,3.155,4.371,3.533,4.476,4.627,3.734,4.791,4.521,4.625,5.56,5.373,5.378,6.103,5.416,5.697,5.791
3545.03,18,4.52,3.619,2.914,3.598,2.83,4.267,4.751,3.723,3.134,4.41,3.501,4.571,4.686,3.73,4.781,4.492,4.613,5.533,5.43,5.473,5.972,5.49,5.689,5.823
3546.03,18,4.539,3.627,2.899,3.604,2.822,4.275,4.725,3.648,3.12,4.323,3.536,4.534,4.707,3.709,4.813,4.554,4.607,5.508,5.381,5.455,6.004,5.511,5.703,5.821
3547.03,18,4.495,3.584,2.884,3.636,2.882,4.268,4.705,3.674,3.16,4.339,3.541,4.547,4.687,3.711,4.694,4.493,4.581,5.568,5.432,5.382,6.073,5.416,5.696,5.809
3548.03,18,4.559,3.573,2.874,3.554,2.867,4.219,4.761,3.631,3.152,4.346,3.475,4.532,4.683,3.759,4.775,4.491,4.647,5.563,5.364,5.424,6.03,5.443,5.778,5.754
3549.03,18,4.474,3.567,2.86,3.562,2.87,4.313,4.733,3.724,3.095,4.264,3.41,4.577,4.645,3.64,4.748,4.41,4.607,5.468,5.395,5.344,6.009,5.46,5.745,5.736
3550.03,18,4.49,3.559,2.847,3.573,2.886,4.3,4.721,3.655,3.119,4.4,3.427,4.517,4.606,3.697,4.726,4.476,4.575,5.485,5.37,5.345,6.066,5.485,5.771,5.836
3551.03,18,4.527,3.635,2.886,3.568,2.808,4.281,4.745,3.635,3.134,4.387,3.445,4.503,4.629,3.676,4.722,4.417,4.563,5.5,5.425,5.394,6.023,5.473,5.677,5.769
3552.03,18,4.444,3.562,2.87,3.626,2.758,4.273,4.706,3.695,3.126,4.273,3.45,4.432,4.649,3.702,4.783,4.516,4.609,5.53,5.341,5.387,6.004,5.485,5.652,5.773
3553.03,18,4.545,3.603,2.87,3.608,2.845,4.231,4.71,3.629,3.176,4.356,3.467,4.528,4.648,3.686,4.747,4.492,4.538,5.517,5.4,5.393,5.989,5.446,5.744,5.812
3554.03,18,4.513,3.579,2.855,3.66,2.813,4.305,4.677,3.67,3.058,4.335,3.473,4.515,4.704,3.687,4.76,4.48,4.587,5.426,5.419,5.409,5.978,5.448,5.708,5.786
3555.03,18,4.472,3.559,2.856,3.607,2.815,4.274,4.74,3.704,3.144,4.408,3.63,4.487,4.701,3.66,4.693,4.448,4.516,5.489,5.39,5.35,5.976,5.446,5.789,5.802
3556.03,18,4.484,3.551,2.848,3.571,2.886,4.255,4.67,3.633,3.137,4.293,3.473,4.462,4.692,3.726,4.721,4.438,4.571,5.49,5.363,5.302,5.985,5.488,5.735,5.797
3557.03,18,4.536,3.542,2.851,3.587,2.869,4.269,4.7,3.607,3.2,4.371,3.439,4.514,4.646,3.725,4.761,4.509,4.559,5.481,5.316,5.372,6.011,5.45,5.756,5.797
3558.03,18,4.523,3.624,2.866,3.532,2.882,4.219,4.701,3.623,3.147,4.304,3.456,4.459,4.651,3.693,4.743,4.476,4.576,5.403,5.454,5.401,6.054,5.508,5.713,5.816
3559.03,18,4.463,3.521,2.83,3.585,2.941,4.278,4.736,3.75,3.138,4.29,3.45,4.51,4.589,3.698,4.744,4.492,4.561,5.508,5.378,5.406,5.928,5.439,5.721,5.828
3560.03,18,4.51,3.525,2.836,3.627,2.852,4.221,4.647,3.673,3.146,4.284,3.431,4.505,4.68,3.679,4.782,4.496,4.528,5.44,5.337,5.374,6.099,5.448,5.758,5.747
3561.03,18,4.483,3.556,2.852,3.564,2.803,4.269,4.668,3.66,3.151,4.369,3.441,4.496,4.702,3.635,4.797,4.507,4.592,5.459,5.337,5.398,5.992,5.393,5.657,5.735
3562.03,18,4.436,3.538,2.869,3.615,2.899,4.256,4.72,3.672,3.129,4.36,3.422,4.534,4.626,3.616,4.687,4.458,4.569,5.491,5.416,5.409,5.975,5.453,5.711,5.804
3563.03,18,4.584,3.508,2.85,3.668,2.903,4.193,4.689,3.601,3.109,4.301,3.439,4.485,4.558,3.735,4.702,4.483,4.55,5.498,5.379,5.393,6.025,5.402,5.693,5.801
3564.03,18,4.405,3.536,2.884,3.652,2.804,4.223,4.665,3.673,3.134,4.322,3.417,4.495,4.56,3.713,4.691,4.471,4.546,5.48,5.326,5.372,6.059,5.436,5.618,5.784
3565.03,18,4.408,3.491,2.882,3.678,2.836,4.266,4.724,3.591,3.191,4.311,3.444,4.49,4.622,3.684,4.672,4.419,4.556,5.489,5.398,5.424,5.914,5.468,5.619,5.804
3566.03,18,4.471,3.545,2.769,3.675,2.853,4.225,4.652,3.6,3.148,4.33,3.401,4.491,4.589,3.633,4.712,4.392,4.597,5.539,5.316,5.391,5.984,5.41,5.666,5.793
3567.03,18,4.5,3.512,2.852,3.609,2.839,4.221,4.679,3.633,3.18,4.319,3.41,4.534,4.656,3.692,4.742,4.47,4.571,5.507,5.348,5.395,5.974,5.412,5.691,5.808
3568.03,18,4.452,3.47,2.683,3.673,2.853,4.18,4.771,3.582,3.153,4.335,3.409,4.417,4.579,3.614,4.714,4.371,4.559,5.443,5.375,5.394,6.015,5.459,5.629,5.823
3569.03,18,4.456,3.517,2.828,3.551,2.825,4.171,4.687,3.585,3.142,4.253,3.444,4.488,4.588,3.696,4.734,4.385,4.538,5.517,5.397,5.452,5.991,5.402,5.72,5.772
3570.03,18,4.436,3.505,2.708,3.564,2.838,4.285,4.697,3.657,3.212,4.297,3.442,4.523,4.626,3.613,4.715,4.432,4.529,5.526,5.299,5.327,6.015,5.424,5.637,5.76
3571.03,18,4.343,3.486,2.757,3.61,2.82,4.2,4.63,3.584,3.184,4.281,3.481,4.455,4.618,3.673,4.718,4.405,4.499,5.47,5.394,5.43,5.973,5.404,5.7,5.713
3572.03,18,4.453,3.53,2.8,3.641,2.886,4.235,4.728,3.598,3.19,4.252,3.359,4.449,4.618,3.678,4.699,4.442,4.593,5.41,5.331,5.385,5.998,5.426,5.659,5.759
3573.03,18,4.506,3.433,2.788,3.603,2.821,4.187,4.655,3.607,3.168,4.242,3.397,4.417,4.6,3.642,4.667,4.435,4.574,5.436,5.362,5.347,6.046,5.404,5.694,5.729
3574.03,18,4.473,3.533,2.751,3.641,2.892,4.165,4.693,3.582,3.1,4.302,3.347,4.417,4.61,3.653,4.705,4.413,4.524,5.409,5.393,5.362,5.979,5.405,5.66,5.709
3575.03,18,4.4,3.469,2.754,3.638,2.826,4.181,4.627,3.615,3.166,4.323,3.389,4.427,4.589,3.66,4.679,4.441,4.531,5.438,5.384,5.391,6.001,5.415,5.691,5.745
3576.03,18,4.431,3.445,2.774,3.594,2.887,4.257,4.664,3.625,3.109,4.249,3.393,4.428,4.57,3.641,4.662,4.457,4.467,5.397,5.37,5.375,5.997,5.385,5.682,5.728
3577.03,18,4.39,3.509,2.748,3.625,2.848,4.247,4.688,3.644,3.173,4.209,3.394,4.464,4.62,3.646,4.65,4.417,4.514,5.455,5.256,5.414,5.994,5.445,5.658,5.773
3578.03,18,4.441,3.364,2.779,3.61,2.807,4.165,4.69,3.489,3.188,4.303,3.393,4.323,4.557,3.606,4.679,4.327,4.512,5.43,5.379,5.461,5.976,5.39,5.635,5.68
3579.03,18,4.346,3.425,2.726,3.624,2.866,4.232,4.669,3.598,3.155,4.242,3.393,4.447,4.587,3.595,4.701,4.378,4.562,5.381,5.288,5.42,5.957,5.419,5.654,5.735
3580.03,18,4.397,3.456,2.799,3.63,2.861,4.22,4.64,3.559,3.171,4.318,3.338,4.356,4.578,3.682,4.709,4.441,4.516,5.494,5.408,5.387,5.982,5.341,5.779,5.733
3581.03,18,4.438,3.446,2.746,3.589,2.798,4.217,4.666,3.569,3.234,4.242,3.379,4.392,4.56,3.597,4.613,4.409,4.588,5.361,5.31,5.431,6.026,5.417,5.665,5.715
3582.03,18,4.353,3.442,2.728,3.666,2.871,4.157,4.629,3.547,3.168,4.286,3.359,4.471,4.559,3.554,4.646,4.426,4.526,5.428,5.334,5.386,5.937,5.421,5.657,5.732
3583.03,18,4.427,3.466,2.768,3.549,2.867,4.152,4.641,3.581,3.219,4.238,3.274,4.383,4.556,3.549,4.671,4.379,4.478,5.384,5.384,5.441,5.98,5.399,5.64,5.757
3584.03,18,4.408,3.472,2.783,3.607,2.83,4.122,4.749,3.554,3.201,4.292,3.291,4.425,4.589,3.604,4.633,4.423,4.575,5.378,5.36,5.369,5.959,5.427,5.68,5.731
3585.03,18,4.396,3.46,2.769,3.673,2.854,4.189,4.621,3.499,3.1,4.213,3.316,4.437,4.587,3.566,4.663,4.32,4.463,5.466,5.371,5.394,5.972,5.405,5.598,5.713
3586.03,18,4.393,3.446,2.742,3.559,2.872,4.121,4.698,3.541,3.181,4.209,3.391,4.393,4.575,3.633,4.637,4.371,4.521,5.379,5.366,5.381,5.923,5.347,5.666,5.767
3587.03,18,4.398,3.488,2.768,3.623,2.806,4.185,4.701,3.542,3.149,4.254,3.364,4.44,4.528,3.607,4.679,4.391,4.455,5.311,5.332,5.395,5.959,5.378,5.686,5.736
3588.03,18,4.454,3.467,2.823,3.629,2.892,4.129,4.643,3.59,3.065,4.218,3.337,4.355,4.551,3.588,4.623,4.459,4.537,5.428,5.353,5.394,5.936,5.431,5.595,5.771
3589.03,18,4.378,3.442,2.888,3.643,2.901,4.141,4.642,3.548,3.232,4.172,3.339,4.284,4.501,3.619,4.61,4.368,4.508,5.412,5.32,5.388,5.936,5.397,5.696,5.797
3590.03,18,4.306,3.451,2.841,3.58,2.847,4.229,4.586,3.533,3.118,4.201,3.334,4.326,4.535,3.642,4.669,4.383,4.55,5.393,5.337,5.381,6.002,5.392,5.717,5.723
3591.03,18,4.407,3.391,2.758,3.653,2.868,4.128,4.568,3.521,3.165,4.21,3.323,4.415,4.56,3.597,4.728,4.379,4.463,5.408,5.329,5.437,5.914,5.382,5.671,5.666
3592.03,18,4.365,3.472,2.743,3.559,2.84,4.195,4.674,3.488,3.149,4.192,3.316,4.42,4.493,3.515,4.658,4.413,4.491,5.354,5.344,5.381,5.995,5.435,5.65,5.696
3593.03,18,4.393,3.402,2.787,3.676,2.817,4.196,4.593,3.444,3.179,4.242,3.389,4.352,4.557,3.609,4.625,4.43,4.47,5.406,5.35,5.387,5.904,5.418,5.614,5.731
3594.03,18,4.36,3.355,2.744,3.593,2.855,4.132,4.599,3.497,3.136,4.175,3.306,4.411,4.544,3.567,4.616,4.342,4.513,5.367,5.355,5.41,5.911,5.369,5.647,5.702
3595.03,18,4.351,3.448,2.749,3.593,2.854,4.133,4.552,3.537,3.173,4.192,3.278,4.336,4.537,3.585,4.562,4.429,4.466,5.325,5.278,5.391,5.946,5.398,5.654,5.763
3596.03,18,4.447,3.419,2.771,3.615,2.942,4.132,4.582,3.488,3.208,4.203,3.289,4.344,4.497,3.569,4.674,4.402,4.458,5.42,5.287,5.431,6.003,5.376,5.671,5.729
3597.03,18,4.434,3.415,2.743,3.593,2.838,4.079,4.593,3.477,3.092,4.201,3.312,4.359,4.523,3.572,4.617,4.304,4.485,5.317,5.326,5.416,5.945,5.418,5.716,5.665
3598.03,18,4.42,3.42,2.749,3.585,2.897,4.169,4.586,3.615,3.118,4.178,3.267,4.402,4.5,3.566,4.612,4.412,4.499,5.373,5.299,5.395,5.956,5.354,5.633,5.795
3599.03,18,4.273,3.389,2.739,3.621,2.846,4.124,4.594,3.483,3.212,4.16,3.322,4.368,4.59,3.569,4.634,4.331,4.459,5.419,5.31,5.342,5.928,5.42,5.707,5.74
3600.03,18,4.319,3.343,2.843,3.601,2.825,4.129,4.561,3.493,3.152,4.162,3.267,4.31,4.56,3.594,4.683,4.36,4.525,5.436,5.291,5.43,5.949,5.37,5.624,5.74
3601.03,18,4.351,3.406,2.764,3.614,2.827,4.074,4.681,3.468,3.135,4.232,3.345,4.388,4.507,3.541,4.712,4.342,4.454,5.367,5.336,5.394,5.956,5.395,5.72,5.749
3602.03,18,4.336,3.365,2.773,3.566,2.897,4.115,4.589,3.437,3.15,4.185,3.319,4.329,4.572,3.565,4.652,4.313,4.473,5.333,5.393,5.432,5.969,5.362,5.639,5.773
3603.03,18,4.399,3.377,2.781,3.574,2.813,4.097,4.639,3.48,3.205,4.224,3.367,4.349,4.553,3.528,4.6,4.381,4.474,5.396,5.353,5.355,5.904,5.337,5.589,5.704
3604.03,18,4.332,3.304,2.751,3.614,2.902,4.118,4.587,3.482,3.185,4.153,3.219,4.328,4.485,3.455,4.622,4.351,4.47,5.316,5.285,5.31,5.979,5.338,5.691,5.705
3605.03,18,4.314,3.35,2.795,3.588,2.788,4.109,4.619,3.47,3.202,4.176,3.258,4.343,4.57,3.488,4.613,4.335,4.508,5.311,5.3,5.43,5.954,5.445,5.67,5.725
3606.03,18,4.311,3.426,2.729,3.591,2.826,4.092,4.519,3.468,3.195,4.218,3.312,4.325,4.538,3.533,4.639,4.29,4.405,5.367,5.296,5.404,5.948,5.412,5.654,5.722
3607.03,18,4.286,3.368,2.791,3.62,2.832,4.106,4.517,3.403,3.175,4.212,3.286,4.351,4.536,3.468,4.643,4.365,4.398,5.397,5.335,5.372,5.907,5.37,5.592,5.655
3608.03,18,4.342,3.291,2.811,3.538,2.816,4.106,4.597,3.435,3.181,4.148,3.251,4.282,4.568,3.5,4.615,4.309,4.467,5.398,5.255,5.43,5.933,5.368,5.607,5.728
3609.03,18,4.313,3.332,2.825,3.558,2.857,4.084,4.579,3.373,3.164,4.17,3.22,4.299,4.532,3.582,4.649,4.334,4.485,5.416,5.297,5.351,5.956,5.354,5.642,5.684
3610.03,18,4.347,3.373,2.765,3.604,2.803,4.061,4.547,3.41,3.193,4.127,3.242,4.328,4.491,3.507,4.558,4.327,4.447,5.33,5.333,5.328,5.926,5.379,5.667,5.699
3611.03,18,4.267,3.354,2.714,3.605,2.846,4.061,4.576,3.46,3.201,4.203,3.259,4.306,4.48,3.508,4.597,4.294,4.439,5.396,5.239,5.408,5.959,5.366,5.571,5.681
3612.03,18,4.292,3.355,2.77,3.653,2.887,4.087,4.62,3.454,3.243,4.126,3.229,4.299,4.519,3.5,4.634,4.326,4.483,5.35,5.272,5.454,5.959,5.308,5.616,5.742
3613.03,18,4.307,3.301,2.804,3.556,2.845,4.083,4.556,3.423,3.221,4.2,3.24,4.274,4.58,3.487,4.618,4.341,4.506,5.334,5.271,5.355,5.914,5.316,5.646,5.704
3614.03,18,4.327,3.295,2.73,3.594,2.855,4.025,4.575,3.497,3.139,4.145,3.259,4.307,4.521,3.517,4.569,4.279,4.485,5.302,5.336,5.439,5.989,5.385,5.605,5.653
3615.03,18,4.324,3.31,2.785,3.614,2.845,4.06,4.586,3.398,3.179,4.173,3.206,4.253,4.542,3.49,4.586,4.32,4.447,5.375,5.295,5.4,5.911,5.388,5.606,5.735
3616.03,18,4.252,3.272,2.777,3.54,2.906,4.053,4.531,3.438,3.249,4.239,3.257,4.298,4.446,3.461,4.596,4.304,4.411,5.27,5.327,5.418,5.909,5.374,5.632,5.698
3617.03,18,4.251,3.395,2.772,3.659,2.87,4.111,4.602,3.395,3.166,4.159,3.178,4.275,4.462,3.506,4.553,4.381,4.391,5.307,5.294,5.431,5.942,5.386,5.64,5.725
3618.03,18,4.311,3.347,2.792,3.574,2.844,3.982,4.544,3.419,3.167,4.122,3.202,4.264,4.433,3.45,4.563,4.345,4.38,5.39,5.273,5.445,5.928,5.412,5.55,5.669
3619.03,18,4.264,3.31,2.781,3.624,2.871,4.033,4.562,3.423,3.173,4.102,3.205,4.323,4.48,3.405,4.655,4.358,4.394,5.303,5.288,5.376,5.925,5.351,5.609,5.639
3620.03,18,4.252,3.313,2.762,3.61,2.866,4.036,4.524,3.418,3.189,4.149,3.26,4.304,4.478,3.541,4.557,4.304,4.428,5.341,5.249,5.389,5.923,5.329,5.615,5.683
3621.03,18,4.247,3.281,2.844,3.638,2.877,4.023,4.533,3.406,3.157,4.091,3.205,4.266,4.494,3.438,4.588,4.238,4.455,5.262,5.236,5.399,5.91,5.283,5.601,5.581
3622.03,18,4.281,3.287,2.823,3.592,2.783,4.049,4.549,3.379,3.167,4.095,3.256,4.323,4.497,3.467,4.559,4.235,4.454,5.28,5.288,5.449,5.925,5.353,5.64,5.67
3623.03,18,4.191,3.26,2.761,3.645,2.851,4.041,4.494,3.375,3.109,4.158,3.171,4.243,4.43,3.444,4.605,4.259,4.392,5.23,5.266,5.46,5.905,5.314,5.592,5.664
3624.03,18,4.283,3.31,2.767,3.629,2.852,4.069,4.547,3.338,3.19,4.128,3.239,4.212,4.463,3.512,4.514,4.247,4.439,5.319,5.278,5.372,5.863,5.315,5.657,5.607
3625.03,18,4.196,3.22,2.741,3.595,2.828,4.09,4.529,3.362,3.111,4.115,3.18,4.264,4.5,3.479,4.504,4.237,4.381,5.339,5.258,5.41,5.935,5.262,5.533,5.711
3626.03,18,4.229,3.258,2.797,3.617,2.89,4.076,4.511,3.391,3.092,4.142,3.199,4.181,4.483,3.462,4.591,4.369,4.4,5.241,5.25,5.372,5.881,5.298,5.572,5.66
3627.03,18,4.223,3.284,2.778,3.659,2.954,4.041,4.547,3.369,3.154,4.109,3.178,4.284,4.395,3.41,4.492,4.262,4.441,5.265,5.274,5.381,5.959,5.332,5.625,5.666
3628.03,18,4.256,3.269,2.724,3.621,2.858,4.133,4.577,3.35,3.147,4.118,3.197,4.222,4.497,3.475,4.527,4.265,4.412,5.25,5.28,5.455,5.915,5.321,5.593,5.666
3629.03,18,4.288,3.258,2.824,3.601,2.862,4.03,4.54,3.357,3.096,4.151,3.182,4.225,4.427,3.494,4.529,4.278,4.399,5.287,5.288,5.377,5.864,5.29,5.632,5.651
3630.03,18,4.232,3.221,2.767,3.584,2.863,4.009,4.52,3.352,3.192,4.109,3.187,4.267,4.486,3.42,4.558,4.272,4.341,5.314,5.253,5.44,5.901,5.361,5.516,5.658
3631.03,18,4.163,3.172,2.768,3.645,2.83,4.014,4.484,3.295,3.197,4.143,3.224,4.22,4.439,3.47,4.595,4.309,4.347,5.278,5.243,5.398,5.849,5.363,5.548,5.666
3632.03,18,4.157,3.225,2.748,3.578,2.881,4.038,4.472,3.387,3.179,4.088,3.191,4.248,4.448,3.432,4.53,4.306,4.443,5.326,5.273,5.453,5.924,5.362,5.618,5.686
3633.03,18,4.254,3.264,2.756,3.638,2.768,4.02,4.524,3.33,3.225,4.11,3.202,4.243,4.463,3.413,4.592,4.263,4.355,5.312,5.362,5.362,5.917,5.306,5.607,5.656
3634.03,18,4.24,3.254,2.759,3.652,2.859,4.019,4.506,3.389,3.151,4.163,3.175,4.258,4.457,3.385,4.574,4.283,4.311,5.246,5.326,5.482,5.892,5.35,5.58,5.623
3635.03,18,4.209,3.171,2.817,3.688,2.915,4.012,4.459,3.337,3.219,4.073,3.154,4.2,4.422,3.47,4.476,4.294,4.362,5.283,5.28,5.379,5.897,5.289,5.606,5.64
3636.03,18,4.19,3.145,2.788,3.604,2.813,4.01,4.49,3.358,3.152,4.065,3.254,4.244,4.337,3.425,4.538,4.264,4.377,5.247,5.268,5.449,5.88,5.25,5.572,5.667
3637.03,18,4.239,3.204,2.81,3.605,2.802,4.026,4.499,3.344,3.174,4.071,3.15,4.234,4.426,3.439,4.497,4.229,4.34,5.308,5.182,5.434,5.921,5.325,5.585,5.68
3638.03,18,4.202,3.257,2.753,3.619,2.939,4.032,4.495,3.363,3.225,4.057,3.153,4.163,4.413,3.437,4.488,4.294,4.376,5.276,5.194,5.46,5.893,5.336,5.522,5.666
3639.03,18,4.214,3.181,2.778,3.614,2.885,3.957,4.446,3.423,3.181,4.048,3.13,4.199,4.417,3.449,4.521,4.247,4.411,5.24,5.226,5.379,5.867,5.325,5.567,5.623
3640.03,18,4.181,3.125,2.779,3.567,2.903,3.976,4.559,3.406,3.203,4.036,3.188,4.206,4.487,3.424,4.466,4.227,4.414,5.29,5.243,5.422,5.859,5.331,5.616,5.652
3641.03,18,4.235,3.157,2.836,3.602,2.873,4.032,4.542,3.336,3.208,4.091,3.085,4.199,4.414,3.456,4.525,4.248,4.397,5.317,5.238,5.358,5.884,5.306,5.546,5.704
3642.03,18,4.136,3.268,2.817,3.582,2.829,4.025,4.431,3.398,3.194,4.067,3.121,4.243,4.409,3.431,4.512,4.256,4.348,5.198,5.294,5.415,5.915,5.298,5.568,5.607
3643.03,18,4.182,3.205,2.774,3.6,2.912,4.065,4.493,3.372,3.155,4.018,3.16,4.213,4.389,3.385,4.508,4.249,4.375,5.278,5.239,5.44,5.907,5.242,5.515,5.674
3644.03,18,4.176,3.148,2.816,3.594,2.922,3.929,4.513,3.379,3.126,4.061,3.103,4.219,4.47,3.416,4.524,4.254,4.378,5.262,5.168,5.361,5.89,5.318,5.56,5.68
3645.03,18,4.162,3.187,2.773,3.607,2.883,3.999,4.485,3.417,3.198,4.087,3.135,4.179,4.384,3.414,4.438,4.202,4.395,5.288,5.277,5.397,5.84,5.304,5.543,5.664
3646.03,18,4.158,3.223,2.715,3.577,2.869,3.965,4.514,3.316,3.172,4.003,3.151,4.167,4.402,3.391,4.459,4.206,4.279,5.246,5.187,5.449,5.839,5.272,5.542,5.765
3647.03,18,4.091,3.109,2.81,3.634,2.842,3.933,4.426,3.337,3.191,4.041,3.167,4.174,4.387,3.384,4.548,4.26,4.348,5.244,5.197,5.526,5.883,5.31,5.553,5.712
3648.03,18,4.142,3.173,2.754,3.605,2.834,3.978,4.56,3.38,3.167,4.044,3.105,4.214,4.383,3.378,4.476,4.163,4.304,5.254,5.248,5.431,5.819,5.292,5.512,5.649
3649.03,18,4.16,3.173,2.776,3.592,2.838,3.965,4.455,3.35,3.215,4.094,3.167,4.169,4.411,3.428,4.482,4.255,4.327,5.234,5.227,5.356,5.855,5.336,5.573,5.657
3650.03,18,4.122,3.142,2.808,3.608,2.837,3.975,4.473,3.413,3.243,4.032,3.097,4.232,4.414,3.358,4.54,4.209,4.311,5.223,5.223,5.439,5.868,5.338,5.59,5.576
3651.03,18,4.111,3.133,2.824,3.605,2.863,3.958,4.463,3.389,3.14,4.089,3.149,4.158,4.42,3.392,4.474,4.242,4.352,5.271,5.196,5.345,5.831,5.282,5.493,5.651
3652.03,18,4.172,3.145,2.817,3.565,2.954,3.89,4.453,3.373,3.212,4.093,3.069,4.124,4.386,3.367,4.511,4.212,4.387,5.284,5.222,5.39,5.791,5.255,5.547,5.691
3653.03,18,4.167,3.09,2.773,3.689,2.842,3.971,4.473,3.35,3.153,4.066,3.087,4.226,4.357,3.356,4.517,4.28,4.344,5.249,5.188,5.428,5.893,5.285,5.576,5.618
3654.03,18,4.12,3.062,2.77,3.624,2.894,3.97,4.342,3.376,3.203,4.009,3.064,4.234,4.348,3.392,4.509,4.171,4.296,5.193,5.232,5.453,5.918,5.286,5.539,5.694
3655.03,18,4.135,3.147,2.803,3.611,2.89,3.966,4.525,3.394,3.115,3.97,3.098,4.135,4.371,3.31,4.484,4.218,4.29,5.222,5.224,5.465,5.904,5.29,5.554,5.663
3656.03,18,4.064,3.173,2.795,3.616,2.804,3.94,4.451,3.359,3.168,4.062,3.119,4.133,4.359,3.412,4.539,4.195,4.252,5.2,5.157,5.373,5.854,5.304,5.546,5.612
3657.03,18,4.102,3.194,2.773,3.518,2.875,3.93,4.399,3.42,3.177,4.019,3.149,4.077,4.393,3.352,4.509,4.194,4.325,5.221,5.241,5.379,5.893,5.342,5.589,5.643
3658.03,18,4.148,3.099,2.824,3.629,2.928,3.919,4.43,3.36,3.178,4.022,3.161,4.147,4.311,3.408,4.447,4.189,4.346,5.194,5.213,5.416,5.864,5.297,5.558,5.598
3659.03,18,4.142,3.106,2.769,3.513,2.86,3.912,4.444,3.376,3.217,4.002,3.12,4.05,4.366,3.34,4.452,4.184,4.338,5.226,5.2,5.384,5.874,5.343,5.467,5.667
3660.03,18,4.141,3.193,2.794,3.606,2.889,3.896,4.431,3.424,3.103,4.023,3.015,4.123,4.312,3.422,4.45,4.228,4.336,5.201,5.14,5.424,5.838,5.255,5.543,5.604
3661.03,18,4.138,3.153,2.804,3.581,2.878,3.902,4.454,3.327,3.21,4.028,3.009,4.14,4.4,3.385,4.439,4.215,4.301,5.198,5.227,5.39,5.83,5.262,5.51,5.629
3662.03,18,4.036,3.082,2.812,3.678,2.844,3.936,4.436,3.394,3.207,3.949,3.086,4.133,4.375,3.374,4.474,4.143,4.297,5.172,5.231,5.433,5.929,5.245,5.51,5.584
3663.03,18,4.099,3.099,2.8,3.628,2.854,3.942,4.417,3.383,3.144,3.942,3.095,4.106,4.371,3.343,4.46,4.164,4.333,5.216,5.167,5.404,5.846,5.333,5.575,5.606
3664.03,18,4.158,3.081,2.858,3.573,2.875,3.922,4.421,3.329,3.164,3.948,3.009,4.096,4.327,3.33,4.506,4.25,4.365,5.189,5.182,5.35,5.838,5.27,5.537,5.641
3665.03,18,4.096,3.132,2.8,3.587,2.826,3.894,4.408,3.38,3.156,3.977,3.093,4.098,4.365,3.293,4.476,4.259,4.326,5.209,5.198,5.404,5.823,5.307,5.588,5.53
3666.03,18,4.125,3.06,2.818,3.643,2.881,3.911,4.454,3.364,3.164,3.989,3.046,4.128,4.432,3.342,4.469,4.142,4.279,5.188,5.244,5.351,5.897,5.28,5.528,5.549
3667.03,18,4.038,3.109,2.836,3.613,2.842,3.869,4.496,3.385,3.188,4.035,3.038,4.124,4.367,3.348,4.444,4.205,4.221,5.197,5.204,5.471,5.84,5.211,5.569,5.667
3668.03,18,4.039,3.042,2.819,3.586,2.832,3.878,4.408,3.442,3.159,3.899,3.009,4.126,4.391,3.37,4.445,4.155,4.318,5.233,5.149,5.401,5.864,5.242,5.509,5.606
3669.03,18,4.074,3.06,2.81,3.609,2.883,3.89,4.439,3.356,3.212,3.98,3.063,4.122,4.393,3.361,4.409,4.179,4.313,5.185,5.222,5.368,5.769,5.242,5.515,5.621
3670.03,18,4.083,3.039,2.764,3.596,2.823,3.903,4.398,3.336,3.181,3.939,3.02,4.066,4.37,3.314,4.445,4.158,4.289,5.224,5.205,5.363,5.794,5.232,5.536,5.587
3671.03,18,4.096,3.006,2.786,3.598,2.829,3.838,4.461,3.393,3.158,3.954,3.11,4.062,4.267,3.388,4.502,4.177,4.297,5.185,5.12,5.356,5.842,5.205,5.531,5.663
3672.03,18,4.057,3.126,2.82,3.665,2.87,3.852,4.362,3.411,3.146,3.983,2.996,4.12,4.376,3.355,4.439,4.165,4.226,5.201,5.138,5.415,5.833,5.176,5.496,5.655
3673.03,18,4.105,3.103,2.766,3.586,2.897,3.953,4.408,3.395,3.17,3.928,2.992,4.125,4.428,3.359,4.419,4.151,4.272,5.165,5.183,5.423,5.813,5.249,5.492,5.581
3674.03,18,4.003,3.081,2.846,3.647,2.906,3.849,4.395,3.35,3.182,3.951,2.996,4.111,4.357,3.294,4.46,4.111,4.277,5.163,5.123,5.334,5.809,5.257,5.533,5.622
3675.03,18,4.107,3.087,2.809,3.634,2.854,3.924,4.327,3.379,3.194,3.921,3.013,4.079,4.308,3.337,4.47,4.125,4.276,5.164,5.161,5.387,5.762,5.237,5.462,5.623
3676.03,18,4.103,3.039,2.778,3.586,2.904,3.897,4.383,3.365,3.122,3.947,2.976,4.099,4.378,3.31,4.387,4.159,4.227,5.165,5.179,5.43,5.847,5.27,5.424,5.573
3677.03,18,4.118,3.067,2.74,3.58,2.838,3.851,4.386,3.38,3.173,3.936,3.02,4.056,4.33,3.266,4.377,4.164,4.299,5.19,5.099,5.406,5.771,5.244,5.507,5.626
3678.03,18,4.007,3.027,2.758,3.596,2.819,3.878,4.335,3.465,3.229,3.928,2.992,4.088,4.311,3.287,4.417,4.151,4.321,5.111,5.198,5.437,5.779,5.224,5.479,5.587
3679.03,18,4.078,3,2.795,3.622,2.816,3.89,4.358,3.408,3.283,3.919,2.943,4.09,4.333,3.267,4.463,4.121,4.331,5.127,5.19,5.35,5.762,5.27,5.507,5.608
3680.03,18,4.032,2.988,2.748,3.653,2.916,3.821,4.364,3.372,3.17,3.951,3,4.051,4.269,3.284,4.399,4.107,4.197,5.125,5.188,5.413,5.79,5.237,5.499,5.628
3681.03,18,4.058,3.011,2.798,3.543,2.861,3.815,4.38,3.414,3.22,3.915,3.017,4.062,4.312,3.229,4.382,4.254,4.242,5.177,5.089,5.383,5.76,5.229,5.492,5.642
3682.03,18,4.061,3.043,2.81,3.594,2.864,3.827,4.4,3.407,3.245,3.905,2.909,4.058,4.293,3.285,4.395,4.178,4.266,5.111,5.195,5.393,5.885,5.198,5.427,5.586
3683.03,18,4.09,3.011,2.727,3.603,2.883,3.809,4.375,3.405,3.208,3.934,2.987,4.062,4.297,3.243,4.413,4.119,4.321,5.122,5.125,5.433,5.759,5.215,5.502,5.562
3684.03,18,4.083,2.986,2.798,3.655,2.917,3.906,4.382,3.424,3.22,3.879,2.972,4.032,4.293,3.227,4.429,4.145,4.271,5.169,5.104,5.367,5.748,5.318,5.535,5.627
3685.03,18,4.028,3.007,2.745,3.562,2.793,3.794,4.313,3.407,3.243,3.919,3.037,4.028,4.306,3.226,4.406,4.129,4.312,5.172,5.164,5.434,5.814,5.258,5.469,5.628
3686.03,18,4.067,2.932,2.843,3.636,2.92,3.868,4.31,3.425,3.158,3.918,2.988,4.005,4.334,3.279,4.425,4.099,4.206,5.127,5.152,5.461,5.765,5.181,5.496,5.583
3687.03,18,3.972,2.925,2.796,3.612,2.829,3.816,4.321,3.351,3.18,3.928,2.924,4.035,4.282,3.236,4.365,4.092,4.264,5.129,5.16,5.417,5.668,5.278,5.496,5.577
3688.03,18,3.959,3.027,2.826,3.635,2.817,3.878,4.38,3.353,3.168,3.959,2.918,3.992,4.29,3.301,4.383,4.125,4.242,5.125,5.122,5.386,5.785,5.125,5.486,5.618
3689.03,18,3.994,3.042,2.817,3.606,2.749,3.849,4.351,3.386,3.175,3.945,2.909,4.054,4.299,3.253,4.351,4.174,4.19,5.13,5.125,5.395,5.8,5.276,5.541,5.592
3690.03,18,3.998,2.986,2.826,3.594,2.868,3.817,4.412,3.415,3.207,3.861,2.95,4.012,4.284,3.278,4.336,4.075,4.178,5.151,5.185,5.38,5.74,5.216,5.506,5.521
3691.03,18,4.024,2.959,2.857,3.657,2.864,3.825,4.391,3.383,3.204,3.866,2.909,4.06,4.247,3.237,4.364,4.105,4.262,5.141,5.142,5.393,5.785,5.217,5.432,5.608
3692.03,18,3.973,2.973,2.817,3.636,2.899,3.841,4.343,3.36,3.185,3.937,2.9,3.979,4.299,3.215,4.356,4.116,4.266,5.177,5.107,5.332,5.793,5.255,5.484,5.607
3693.03,18,4.036,2.903,2.725,3.6,2.913,3.775,4.365,3.445,3.127,3.885,2.883,3.95,4.327,3.261,4.348,4.017,4.266,5.156,5.178,5.367,5.758,5.183,5.438,5.563
3694.03,18,3.952,2.964,2.754,3.642,2.863,3.848,4.316,3.406,3.246,3.873,2.943,4.003,4.248,3.211,4.361,4.133,4.236,5.124,5.103,5.405,5.813,5.222,5.476,5.604
3695.03,18,3.96,2.892,2.73,3.66,2.83,3.795,4.315,3.412,3.157,3.883,2.902,4.005,4.224,3.227,4.396,4.117,4.228,5.071,5.168,5.482,5.814,5.245,5.503,5.56
3696.03,18,3.99,3.024,2.796,3.617,2.918,3.79,4.463,3.368,3.177,3.844,2.904,3.975,4.326,3.212,4.377,4.091,4.29,5.109,5.079,5.417,5.799,5.217,5.419,5.547
3697.03,18,3.993,2.995,2.776,3.578,2.847,3.785,4.315,3.441,3.185,3.867,2.967,3.979,4.316,3.242,4.375,4.08,4.211,5.141,5.145,5.404,5.757,5.214,5.447,5.525
3698.03,18,4.002,2.944,2.806,3.586,2.839,3.786,4.265,3.429,3.176,3.834,2.899,4.033,4.232,3.249,4.352,4.089,4.206,5.101,5.119,5.453,5.708,5.15,5.449,5.617
3699.03,18,3.933,2.92,2.8,3.611,2.895,3.768,4.331,3.413,3.162,3.905,2.957,3.981,4.241,3.22,4.327,4.067,4.233,5.094,5.126,5.326,5.751,5.193,5.485,5.597
3700.03,18,3.982,2.912,2.78,3.609,2.843,3.777,4.357,3.389,3.201,3.9,2.929,3.972,4.293,3.212,4.319,4.055,4.224,5.109,5.125,5.351,5.749,5.207,5.46,5.573
3701.03,18,3.943,2.954,2.782,3.63,2.812,3.791,4.376,3.391,3.136,3.849,2.913,4.012,4.212,3.233,4.356,4.08,4.218,5.088,5.08,5.452,5.755,5.196,5.432,5.548
3702.03,18,3.976,2.904,2.763,3.616,2.89,3.788,4.34,3.392,3.203,3.89,2.848,3.956,4.298,3.23,4.38,4.066,4.237,5.094,5.069,5.362,5.787,5.202,5.434,5.605
3703.03,18,4.009,2.911,2.799,3.61,2.79,3.813,4.31,3.399,3.178,3.817,2.885,3.986,4.236,3.202,4.371,4.055,4.256,5.099,5.218,5.428,5.745,5.181,5.458,5.568
3704.03,18,3.959,2.915,2.815,3.632,2.842,3.748,4.309,3.347,3.178,3.878,2.897,3.923,4.279,3.215,4.331,4.054,4.21,5.062,5.047,5.407,5.743,5.235,5.458,5.56
3705.03,18,3.968,2.968,2.814,3.601,2.892,3.792,4.264,3.432,3.214,3.803,2.908,3.993,4.233,3.23,4.348,4.07,4.221,5.065,5.137,5.425,5.743,5.156,5.451,5.548
3706.03,18,3.92,2.95,2.783,3.59,2.845,3.838,4.323,3.383,3.155,3.889,2.847,3.929,4.247,3.208,4.271,4.068,4.235,5.119,5.089,5.406,5.724,5.225,5.365,5.566
3707.03,18,3.97,2.942,2.797,3.626,2.882,3.768,4.301,3.381,3.202,3.837,2.87,3.982,4.284,3.171,4.316,4.046,4.18,5.072,5.16,5.36,5.688,5.235,5.399,5.561
3708.03,18,3.975,2.963,2.78,3.625,2.925,3.774,4.314,3.365,3.196,3.82,2.883,3.933,4.28,3.151,4.343,4.033,4.237,5.107,5.103,5.42,5.773,5.231,5.455,5.52
3709.03,18,3.878,2.894,2.796,3.641,2.847,3.816,4.352,3.394,3.196,3.818,2.899,3.993,4.177,3.185,4.359,4.01,4.185,5.053,5.113,5.495,5.727,5.156,5.481,5.617
3710.03,18,3.938,2.94,2.782,3.621,2.943,3.786,4.277,3.42,3.214,3.836,2.814,3.959,4.272,3.193,4.239,4.041,4.196,5,5.174,5.421,5.737,5.19,5.413,5.568
3711.03,18,3.918,2.879,2.765,3.627,2.838,3.713,4.29,3.389,3.181,3.929,2.912,3.968,4.184,3.181,4.296,4.122,4.165,5.078,5.194,5.421,5.773,5.246,5.397,5.497
3712.03,18,3.969,2.914,2.827,3.557,2.826,3.754,4.259,3.373,3.208,3.868,2.876,3.904,4.24,3.134,4.344,4.08,4.141,5.008,5.08,5.496,5.75,5.192,5.405,5.544
3713.03,18,3.963,2.954,2.774,3.659,2.824,3.819,4.251,3.387,3.206,3.797,2.881,3.977,4.248,3.244,4.329,4.02,4.16,5.056,5.109,5.357,5.739,5.235,5.442,5.504
3714.03,18,3.904,2.943,2.791,3.598,2.885,3.745,4.359,3.357,3.158,3.826,2.836,3.957,4.223,3.125,4.363,4.087,4.195,5.022,5.121,5.375,5.77,5.2,5.435,5.531
3715.03,18,3.912,2.94,2.811,3.606,2.854,3.734,4.329,3.377,3.22,3.895,2.887,3.948,4.224,3.216,4.352,4.036,4.202,5.027,5.103,5.38,5.73,5.178,5.412,5.578
3716.03,18,3.842,2.901,2.756,3.53,2.844,3.729,4.288,3.423,3.234,3.796,2.881,3.971,4.25,3.113,4.301,3.977,4.246,5.067,5.075,5.434,5.767,5.133,5.429,5.535
3717.03,18,3.86,2.949,2.799,3.643,2.846,3.71,4.315,3.349,3.181,3.826,2.791,3.923,4.192,3.216,4.359,3.981,4.164,5.033,5.117,5.395,5.75,5.183,5.405,5.481
3718.03,18,3.895,2.943,2.793,3.636,2.904,3.722,4.333,3.356,3.193,3.802,2.856,3.91,4.2,3.156,4.391,4.034,4.205,5.063,5.062,5.418,5.718,5.168,5.407,5.534
3719.03,18,3.841,2.946,2.796,3.651,2.806,3.734,4.316,3.353,3.208,3.783,2.804,3.981,4.176,3.161,4.336,3.98,4.121,5.015,5.068,5.391,5.732,5.13,5.437,5.488
3720.03,18,3.873,2.934,2.783,3.605,2.814,3.672,4.231,3.472,3.236,3.801,2.898,3.936,4.164,3.195,4.293,4.083,4.195,5.028,5.093,5.431,5.695,5.148,5.416,5.535
3721.03,18,3.903,2.946,2.817,3.651,2.846,3.693,4.303,3.401,3.156,3.773,2.88,3.973,4.198,3.162,4.289,4.018,4.14,5.026,5.104,5.359,5.663,5.173,5.384,5.524
3722.03,18,3.882,2.919,2.777,3.619,2.832,3.691,4.238,3.418,3.159,3.832,2.81,3.859,4.087,3.181,4.291,4.056,4.195,5.029,5.068,5.375,5.693,5.137,5.448,5.528
3723.03,18,3.884,2.938,2.817,3.579,2.915,3.725,4.281,3.364,3.137,3.826,2.855,3.9,4.22,3.099,4.313,3.98,4.164,5.031,5.075,5.372,5.733,5.182,5.463,5.581
3724.03,18,3.836,2.971,2.86,3.548,2.902,3.706,4.248,3.441,3.21,3.836,2.797,3.97,4.188,3.15,4.301,4.023,4.163,5.005,5.076,5.37,5.741,5.266,5.411,5.51
3725.03,18,3.815,2.931,2.849,3.605,2.899,3.675,4.225,3.387,3.225,3.756,2.798,3.962,4.223,3.132,4.272,4.012,4.108,5.061,5.044,5.398,5.728,5.187,5.451,5.523
3726.03,18,3.835,3.014,2.755,3.568,2.938,3.712,4.219,3.438,3.229,3.847,2.725,3.915,4.251,3.155,4.29,4.036,4.154,5.009,5.046,5.415,5.731,5.157,5.413,5.551
3727.03,18,3.844,3.013,2.753,3.655,2.923,3.723,4.277,3.464,3.186,3.829,2.831,3.849,4.145,3.144,4.233,4.011,4.157,5.046,5.068,5.408,5.745,5.152,5.457,5.455
3728.03,18,3.83,2.941,2.792,3.693,2.837,3.675,4.21,3.358,3.154,3.817,2.803,3.857,4.198,3.137,4.294,4.034,4.157,5.034,5.064,5.45,5.745,5.117,5.434,5.574
3729.03,18,3.843,2.923,2.799,3.641,2.899,3.711,4.231,3.423,3.159,3.773,2.773,3.835,4.177,3.065,4.288,4.013,4.179,5.041,5.139,5.422,5.697,5.17,5.441,5.559
3730.03,18,3.86,2.993,2.818,3.669,2.916,3.67,4.247,3.39,3.203,3.824,2.701,3.887,4.182,3.095,4.289,3.966,4.119,5.006,5.095,5.412,5.728,5.178,5.446,5.49
3731.03,18,3.776,2.964,2.833,3.642,2.917,3.684,4.197,3.476,3.179,3.722,2.774,3.873,4.145,3.135,4.245,4.022,4.046,5.047,5.102,5.484,5.714,5.13,5.363,5.478
3732.03,18,3.778,2.953,2.784,3.594,2.807,3.642,4.238,3.452,3.171,3.675,2.811,3.901,4.178,3.078,4.284,4.039,4.177,5.022,5.079,5.408,5.653,5.179,5.393,5.516
3733.03,18,3.85,2.874,2.805,3.614,2.836,3.676,4.191,3.394,3.155,3.761,2.765,3.896,4.168,3.106,4.308,4.045,4.109,5.067,5.034,5.402,5.692,5.172,5.38,5.53
3734.03,18,3.776,2.938,2.798,3.655,2.856,3.645,4.178,3.402,3.197,3.737,2.817,3.905,4.108,3.14,4.257,3.98,4.133,5.019,5.092,5.366,5.719,5.133,5.396,5.489
3735.03,18,3.813,2.929,2.813,3.594,2.873,3.713,4.196,3.372,3.217,3.852,2.784,3.822,4.243,3.161,4.206,3.917,4.136,5.036,5.011,5.421,5.71,5.144,5.427,5.493
3736.03,18,3.876,2.898,2.785,3.633,2.874,3.658,4.188,3.375,3.139,3.715,2.747,3.795,4.13,3.141,4.298,4.052,4.126,5.003,5.028,5.396,5.702,5.182,5.345,5.468
3737.03,18,3.803,2.951,2.796,3.63,2.898,3.69,4.218,3.46,3.236,3.738,2.815,3.897,4.187,3.129,4.303,3.994,4.121,5.003,5.035,5.405,5.675,5.16,5.38,5.435
3738.03,18,3.762,2.934,2.799,3.605,2.853,3.69,4.243,3.396,3.194,3.748,2.781,3.864,4.158,3.102,4.245,3.985,4.173,5.017,5.083,5.393,5.726,5.14,5.409,5.499
3739.03,18,3.799,2.955,2.769,3.631,2.906,3.708,4.149,3.421,3.278,3.774,2.748,3.869,4.093,3.123,4.251,3.963,4.17,4.969,5.077,5.443,5.62,5.19,5.422,5.544
3740.03,18,3.744,2.936,2.774,3.59,2.885,3.676,4.18,3.416,3.225,3.751,2.837,3.895,4.132,3.049,4.181,3.916,4.085,4.961,5.047,5.377,5.712,5.135,5.391,5.486
3741.03,18,3.716,2.987,2.783,3.609,2.858,3.65,4.195,3.42,3.237,3.745,2.782,3.784,4.162,3.097,4.22,3.961,4.036,5.006,5.073,5.403,5.699,5.14,5.418,5.539
3742.03,18,3.73,2.934,2.786,3.619,2.928,3.696,4.186,3.345,3.18,3.716,2.731,3.879,4.129,3.072,4.291,4.028,4.137,5.019,5.027,5.447,5.677,5.14,5.43,5.442
3743.03,18,3.789,2.939,2.831,3.611,2.874,3.643,4.206,3.444,3.207,3.712,2.826,3.834,4.08,3.116,4.213,4,4.144,4.909,5.076,5.388,5.678,5.096,5.441,5.482
3744.03,18,3.775,2.87,2.748,3.552,2.88,3.637,4.205,3.488,3.104,3.759,2.846,3.832,4.172,3.1,4.249,3.95,4.083,4.951,5.022,5.415,5.735,5.051,5.406,5.52
3745.03,18,3.804,3,2.793,3.614,2.859,3.64,4.177,3.36,3.233,3.768,2.79,3.786,4.144,3.078,4.207,3.938,4.056,4.988,5.019,5.413,5.727,5.138,5.387,5.438
3746.03,18,3.737,2.941,2.769,3.631,2.817,3.689,4.21,3.447,3.181,3.809,2.787,3.762,4.141,3.046,4.271,3.988,4.043,4.959,4.977,5.435,5.744,5.153,5.377,5.515
3747.03,18,3.769,2.919,2.844,3.606,2.905,3.639,4.237,3.463,3.143,3.768,2.726,3.743,4.125,3.027,4.201,3.928,4.069,4.964,5.009,5.459,5.679,5.13,5.348,5.529
3748.03,18,3.744,2.97,2.769,3.617,2.876,3.603,4.231,3.444,3.154,3.724,2.768,3.87,4.171,3.078,4.221,3.918,4.077,4.96,5.031,5.393,5.662,5.126,5.413,5.427
3749.03,18,3.827,2.987,2.762,3.658,2.884,3.544,4.176,3.479,3.174,3.791,2.729,3.741,4.15,3.089,4.253,3.967,4.052,5.015,5.051,5.445,5.745,5.07,5.394,5.511
3750.03,18,3.747,2.921,2.775,3.644,2.867,3.615,4.21,3.422,3.169,3.795,2.753,3.799,4.159,3.121,4.253,3.904,4.05,4.944,5.042,5.46,5.649,5.161,5.378,5.433
3751.03,18,3.721,2.917,2.759,3.674,2.826,3.571,4.135,3.434,3.268,3.73,2.725,3.79,4.097,3.109,4.231,3.998,4.089,4.924,5.029,5.454,5.652,5.115,5.378,5.425
3752.03,18,3.801,2.965,2.802,3.576,2.84,3.687,4.204,3.428,3.184,3.751,2.803,3.79,4.08,3.078,4.202,3.958,4.129,4.977,5.055,5.435,5.678,5.124,5.374,5.446
3753.03,18,3.697,2.927,2.799,3.657,2.831,3.592,4.184,3.416,3.191,3.8,2.781,3.825,4.116,3.052,4.207,3.908,4.113,4.945,4.991,5.434,5.631,5.175,5.391,5.484
3754.03,18,3.767,2.871,2.791,3.655,2.868,3.598,4.158,3.387,3.191,3.767,2.775,3.743,4.09,3.084,4.202,3.933,3.991,4.937,5.003,5.385,5.636,5.058,5.333,5.493
3755.03,18,3.706,2.992,2.833,3.615,2.845,3.578,4.204,3.406,3.299,3.65,2.875,3.708,4.15,3.061,4.137,3.918,4.077,4.955,5.058,5.421,5.651,5.144,5.371,5.523
3756.03,18,3.701,3,2.755,3.626,2.838,3.595,4.176,3.383,3.11,3.753,2.814,3.838,4.1,3.051,4.209,3.945,4.157,4.973,4.996,5.421,5.639,5.113,5.368,5.421
3757.03,18,3.72,2.946,2.771,3.636,2.833,3.637,4.156,3.418,3.23,3.731,2.802,3.757,4.057,2.959,4.178,3.95,4.053,4.965,5.04,5.414,5.582,5.125,5.388,5.475
3758.03,18,3.696,2.899,2.807,3.612,2.807,3.573,4.146,3.444,3.193,3.714,2.815,3.833,4.138,3.019,4.166,3.933,4.025,4.909,4.987,5.408,5.596,5.09,5.372,5.456
3759.03,18,3.662,2.954,2.799,3.595,2.849,3.552,4.172,3.392,3.214,3.803,2.82,3.783,4.107,3.038,4.195,3.942,4.111,4.958,4.927,5.43,5.596,5.067,5.332,5.505
3760.03,18,3.718,2.951,2.805,3.576,2.858,3.577,4.201,3.364,3.179,3.775,2.83,3.82,4.071,3.032,4.183,3.904,4.041,4.894,5.069,5.462,5.661,5.102,5.317,5.53
3761.03,18,3.643,2.984,2.728,3.609,2.835,3.576,4.2,3.42,3.17,3.744,2.83,3.753,4.11,3.007,4.172,3.832,3.967,4.919,5.041,5.407,5.691,5.155,5.416,5.409
3762.03,18,3.733,2.934,2.757,3.554,2.864,3.601,4.191,3.439,3.252,3.789,2.78,3.77,4.098,3.024,4.187,3.905,4.1,4.891,4.962,5.402,5.669,5.115,5.36,5.418
3763.03,18,3.706,2.908,2.801,3.621,2.849,3.525,4.152,3.42,3.112,3.72,2.828,3.719,4.068,2.952,4.203,3.879,3.977,4.908,5.003,5.419,5.582,5.122,5.337,5.434
3764.03,18,3.661,2.903,2.834,3.577,2.878,3.595,4.125,3.375,3.229,3.719,2.802,3.71,4.065,2.964,4.141,3.926,4.04,4.903,4.94,5.386,5.687,5.155,5.353,5.522
3765.03,18,3.743,2.956,2.84,3.65,2.786,3.559,4.11,3.408,3.189,3.739,2.86,3.735,4.023,3.005,4.22,3.866,4.072,4.914,4.992,5.402,5.702,5.137,5.334,5.488
3766.03,18,3.661,2.925,2.788,3.673,2.827,3.617,4.214,3.409,3.252,3.783,2.749,3.704,4.09,3.034,4.151,3.901,4.058,4.91,5,5.426,5.637,5.061,5.278,5.418
3767.03,18,3.7,2.927,2.789,3.599,2.823,3.545,4.089,3.442,3.16,3.781,2.788,3.713,4.08,3.023,4.179,3.869,4.095,4.843,5.006,5.358,5.655,5.068,5.327,5.361
3768.03,18,3.689,2.96,2.822,3.612,2.927,3.541,4.076,3.398,3.193,3.792,2.812,3.799,4.047,2.982,4.177,3.884,4.094,4.914,4.99,5.443,5.605,5.107,5.409,5.438
3769.03,18,3.636,2.946,2.852,3.636,2.901,3.497,4.146,3.394,3.208,3.849,2.791,3.71,4.047,2.987,4.104,3.893,4.053,4.908,5.063,5.409,5.627,5.111,5.344,5.497
3770.03,18,3.687,2.954,2.767,3.637,2.869,3.546,4.175,3.422,3.256,3.741,2.806,3.732,4.059,2.963,4.188,3.89,4.027,4.968,4.975,5.437,5.677,5.054,5.285,5.367
3771.03,18,3.605,2.995,2.83,3.599,2.836,3.609,4.113,3.36,3.144,3.723,2.868,3.659,4.062,2.976,4.192,3.882,4.014,4.865,4.998,5.421,5.641,5.058,5.351,5.368
3772.03,18,3.671,2.906,2.845,3.639,2.859,3.524,4.122,3.46,3.217,3.775,2.81,3.695,4.033,2.961,4.162,3.89,4.117,4.912,5.068,5.451,5.671,5.037,5.396,5.49
3773.03,18,3.609,2.971,2.787,3.604,2.905,3.537,4.125,3.446,3.158,3.769,2.747,3.727,4.006,2.976,4.16,3.899,4.075,4.879,5.002,5.41,5.637,5.049,5.352,5.445
3774.03,18,3.653,2.945,2.737,3.6,2.866,3.552,4.15,3.462,3.206,3.752,2.77,3.72,4.056,2.997,4.166,3.904,4.021,4.873,4.924,5.441,5.663,5.092,5.319,5.445
3775.03,18,3.611,2.932,2.809,3.662,2.89,3.563,4.118,3.487,3.211,3.771,2.825,3.776,4.052,2.961,4.13,3.897,4.071,4.945,5.001,5.466,5.6,5.09,5.308,5.43
3776.03,18,3.661,2.965,2.793,3.607,2.853,3.52,4.123,3.4,3.232,3.804,2.793,3.657,3.991,2.961,4.121,3.905,3.979,4.833,5.002,5.423,5.631,5.119,5.32,5.471
3777.03,18,3.568,2.909,2.829,3.605,2.819,3.542,4.091,3.42,3.189,3.83,2.831,3.682,4.105,2.981,4.139,3.812,4.007,4.836,5.001,5.455,5.606,5.03,5.279,5.43
3778.03,18,3.613,2.947,2.823,3.617,2.883,3.537,4.096,3.376,3.174,3.808,2.86,3.736,4.071,2.964,4.075,3.845,4.021,4.892,5.017,5.493,5.638,5.108,5.342,5.466
3779.03,18,3.648,2.995,2.837,3.596,2.909,3.468,4.073,3.428,3.259,3.739,2.721,3.675,3.991,2.934,4.128,3.836,4.032,4.826,5.047,5.408,5.611,5.062,5.303,5.429
3780.03,18,3.695,2.952,2.75,3.649,2.8,3.435,4.073,3.376,3.159,3.7,2.822,3.727,4.04,2.957,4.174,3.865,4.045,4.808,4.943,5.415,5.621,5,5.396,5.422
3781.03,18,3.629,2.975,2.787,3.617,2.794,3.483,4.112,3.403,3.264,3.813,2.791,3.718,4.016,2.923,4.122,3.851,4.053,4.819,5.032,5.474,5.616,5.094,5.305,5.43
3782.03,18,3.634,2.969,2.766,3.627,2.851,3.484,4.083,3.385,3.177,3.73,2.816,3.74,4.012,2.951,4.074,3.887,4.08,4.833,5.045,5.404,5.584,5.041,5.316,5.43
3783.03,18,3.57,2.958,2.838,3.607,2.903,3.443,4.116,3.482,3.246,3.808,2.796,3.631,4.02,2.998,4.107,3.893,4.027,4.875,4.911,5.414,5.603,5.022,5.273,5.358
3784.03,18,3.611,2.98,2.807,3.624,2.881,3.569,4.088,3.443,3.224,3.752,2.833,3.697,4.088,2.961,4.04,3.837,4.085,4.853,4.916,5.377,5.548,5.064,5.227,5.47
3785.03,18,3.575,3.04,2.817,3.638,2.942,3.484,4.019,3.41,3.207,3.782,2.802,3.696,4.021,2.952,4.139,3.781,3.981,4.863,5.017,5.432,5.572,5.024,5.321,5.429
3786.03,18,3.607,3.048,2.757,3.572,2.824,3.547,4.056,3.481,3.203,3.761,2.774,3.661,4.044,2.896,4.134,3.866,4.01,4.871,5.018,5.425,5.578,5.112,5.315,5.422
3787.03,18,3.543,2.974,2.792,3.59,2.887,3.475,4.123,3.413,3.215,3.742,2.797,3.656,3.995,3.04,4.109,3.84,4.093,4.865,5.016,5.391,5.602,5.046,5.315,5.381
3788.03,18,3.614,2.977,2.809,3.629,2.895,3.521,3.998,3.406,3.14,3.782,2.813,3.716,4.013,2.916,4.154,3.845,4.023,4.867,4.961,5.444,5.519,5.055,5.236,5.448
3789.03,18,3.624,3.013,2.861,3.653,2.855,3.437,4.069,3.445,3.192,3.781,2.811,3.71,4.009,2.926,4.064,3.836,4.022,4.79,4.933,5.431,5.623,5.075,5.279,5.396
3790.03,18,3.561,2.991,2.767,3.613,2.904,3.46,4.025,3.45,3.216,3.732,2.821,3.692,3.999,2.823,4.079,3.881,4.018,4.788,4.971,5.455,5.621,5.079,5.293,5.374
3791.03,18,3.596,2.972,2.765,3.622,2.87,3.426,4.044,3.443,3.251,3.792,2.833,3.694,4.012,2.879,4.069,3.839,4.041,4.841,4.909,5.412,5.634,5.013,5.293,5.43
3792.03,18,3.643,2.986,2.803,3.669,2.833,3.502,4.099,3.449,3.193,3.768,2.805,3.645,3.957,2.856,4.123,3.795,3.979,4.85,4.937,5.431,5.583,5.004,5.285,5.44
3793.03,18,3.52,2.952,2.793,3.629,2.927,3.456,4.038,3.417,3.188,3.797,2.829,3.58,4.026,2.934,4.102,3.835,4.056,4.856,4.939,5.408,5.513,5.073,5.309,5.413
3794.03,18,3.574,2.93,2.799,3.663,2.894,3.441,4.017,3.412,3.2,3.847,2.814,3.609,3.956,2.911,4.144,3.908,4.078,4.775,4.931,5.474,5.577,5.113,5.254,5.359
3795.03,18,3.55,2.971,2.757,3.553,2.895,3.434,4.07,3.446,3.214,3.793,2.85,3.563,3.959,2.901,4.083,3.834,4.003,4.877,4.914,5.48,5.608,5.021,5.295,5.369
3796.03,18,3.586,2.977,2.795,3.626,2.89,3.477,4.124,3.463,3.278,3.758,2.816,3.553,3.929,2.865,4.111,3.875,4.04,4.889,4.914,5.397,5.594,5.01,5.258,5.389
3797.03,18,3.583,2.941,2.776,3.602,2.868,3.489,4.052,3.468,3.172,3.842,2.784,3.582,3.968,2.916,4.01,3.873,3.991,4.807,4.931,5.382,5.583,5.039,5.283,5.426
3798.03,18,3.558,2.905,2.843,3.639,2.831,3.467,4.008,3.389,3.149,3.757,2.749,3.588,3.95,2.916,4.007,3.814,4.058,4.782,5.015,5.446,5.574,5.052,5.269,5.361
3799.03,18,3.521,2.975,2.782,3.591,2.921,3.437,4.083,3.422,3.219,3.763,2.855,3.604,3.904,2.962,4.061,3.848,4.063,4.816,4.978,5.468,5.567,5.092,5.359,5.37
3800.03,18,3.524,2.957,2.805,3.628,2.87,3.411,4.041,3.412,3.161,3.785,2.754,3.627,3.967,2.921,4.043,3.91,4.005,4.779,4.94,5.46,5.579,5.045,5.31,5.369
3801.03,18,3.588,3.031,2.822,3.608,2.858,3.395,3.998,3.407,3.217,3.76,2.842,3.606,3.965,2.878,4.048,3.824,4.099,4.768,4.986,5.471,5.622,5.055,5.206,5.366
3802.03,18,3.475,2.988,2.746,3.6,2.915,3.407,4.046,3.379,3.104,3.778,2.846,3.628,4.013,2.891,4.007,3.87,4.037,4.8,4.977,5.413,5.659,5.035,5.282,5.357
3803.03,18,3.537,3.016,2.804,3.648,2.873,3.397,4.019,3.438,3.224,3.788,2.825,3.537,3.977,2.89,3.988,3.876,4.067,4.83,4.936,5.418,5.591,5.017,5.31,5.368
3804.03,18,3.536,2.939,2.825,3.677,2.843,3.453,3.996,3.458,3.207,3.735,2.802,3.553,3.935,2.929,4.061,3.85,4.011,4.812,4.983,5.411,5.606,5.043,5.294,5.48
3805.03,18,3.527,2.951,2.772,3.556,2.8,3.395,4.007,3.458,3.202,3.794,2.821,3.623,3.953,2.898,3.999,3.89,4.006,4.839,4.974,5.401,5.59,5.02,5.191,5.427
3806.03,18,3.551,2.993,2.889,3.581,2.877,3.428,4.034,3.488,3.154,3.777,2.812,3.586,3.952,2.917,4.039,3.845,4.058,4.76,4.965,5.449,5.633,5.043,5.266,5.403
3807.03,18,3.442,2.906,2.861,3.621,2.857,3.49,4,3.415,3.196,3.832,2.794,3.526,3.97,2.919,4.076,3.917,4.054,4.831,4.924,5.391,5.58,5.013,5.249,5.365
3808.03,18,3.532,3,2.858,3.562,2.904,3.383,3.998,3.437,3.173,3.735,2.803,3.634,3.904,2.919,3.989,3.886,4.081,4.809,4.986,5.435,5.619,5.027,5.181,5.401
3809.03,18,3.463,2.985,2.891,3.654,2.882,3.42,3.994,3.461,3.185,3.77,2.84,3.569,3.883,2.92,4.093,3.85,4.087,4.721,4.941,5.501,5.597,5.061,5.205,5.363
3810.03,18,3.464,3.045,2.772,3.633,2.83,3.404,4.074,3.421,3.215,3.737,2.783,3.565,3.97,2.935,4.078,3.872,4.075,4.823,4.922,5.453,5.574,5.004,5.288,5.331
3811.03,18,3.536,2.994,2.787,3.63,2.901,3.366,3.974,3.442,3.162,3.789,2.811,3.633,3.921,3.027,4.093,3.903,4.066,4.717,4.958,5.416,5.565,5.027,5.189,5.392
3812.03,18,3.444,2.997,2.808,3.588,2.922,3.357,4.038,3.396,3.24,3.744,2.791,3.51,3.952,2.957,4.048,3.843,4.062,4.822,4.974,5.478,5.511,4.985,5.275,5.402
3813.03,18,3.482,3.028,2.842,3.587,2.842,3.411,3.996,3.408,3.137,3.809,2.891,3.617,3.914,2.867,4.077,3.871,4.059,4.796,4.917,5.42,5.576,5.017,5.23,5.34
3814.03,18,3.449,2.976,2.853,3.613,2.849,3.386,3.986,3.448,3.212,3.79,2.827,3.54,3.929,2.849,4.066,3.837,4.047,4.75,4.922,5.389,5.601,4.961,5.194,5.391
3815.03,18,3.47,2.953,2.871,3.63,2.801,3.355,4.041,3.456,3.156,3.749,2.813,3.548,4.017,2.931,4.007,3.904,4.038,4.791,4.878,5.374,5.61,5.089,5.25,5.347
3816.03,18,3.465,3,2.888,3.61,2.934,3.303,3.923,3.427,3.229,3.765,2.825,3.595,3.922,2.935,4.054,3.844,4.001,4.808,4.931,5.407,5.579,4.941,5.188,5.374
3817.03,18,3.489,2.959,2.857,3.58,2.878,3.35,4.021,3.401,3.161,3.782,2.831,3.619,3.93,2.974,4.016,3.881,4.023,4.775,4.925,5.488,5.596,5.032,5.224,5.331
3818.03,18,3.408,3.046,2.749,3.614,2.859,3.419,4.023,3.407,3.274,3.767,2.863,3.583,3.882,2.878,4.016,3.878,4.028,4.732,4.918,5.407,5.557,4.923,5.22,5.388
3819.03,18,3.491,2.964,2.818,3.639,2.847,3.35,4.017,3.412,3.187,3.793,2.811,3.517,3.898,2.969,4.021,3.917,4.066,4.724,4.942,5.452,5.532,5.036,5.298,5.329
3820.03,18,3.46,2.979,2.845,3.592,2.913,3.316,3.967,3.421,3.219,3.773,2.773,3.51,3.893,2.902,4.023,3.914,4.06,4.764,4.909,5.411,5.557,4.981,5.279,5.393
3821.03,18,3.412,2.938,2.829,3.653,2.916,3.345,4.059,3.467,3.171,3.689,2.806,3.471,3.964,2.884,4.041,3.889,4.046,4.742,4.862,5.463,5.562,4.994,5.263,5.35
3822.03,18,3.438,2.91,2.828,3.639,2.893,3.324,4.017,3.447,3.105,3.826,2.811,3.515,3.916,2.933,4.024,3.87,4.051,4.693,4.928,5.409,5.54,5.023,5.246,5.399
3823.03,18,3.438,2.978,2.782,3.54,2.879,3.343,3.968,3.483,3.182,3.76,2.792,3.524,3.922,2.906,4.028,3.842,4.047,4.759,4.89,5.375,5.524,4.984,5.273,5.343
3824.03,18,3.445,2.99,2.822,3.653,2.878,3.348,3.962,3.358,3.213,3.794,2.799,3.488,3.932,2.901,4.033,3.851,4.056,4.706,4.877,5.468,5.529,5.014,5.221,5.35
3825.03,18,3.338,2.976,2.767,3.592,2.868,3.339,3.886,3.486,3.237,3.77,2.817,3.489,3.847,2.906,4.014,3.93,4.063,4.761,4.87,5.4,5.55,5.032,5.208,5.318
3826.03,18,3.423,3.04,2.814,3.585,2.852,3.315,3.996,3.425,3.201,3.755,2.835,3.459,3.864,2.987,3.971,3.931,4.028,4.681,4.972,5.393,5.459,4.946,5.237,5.361
3827.03,18,3.442,2.977,2.795,3.61,2.808,3.324,3.945,3.375,3.152,3.778,2.804,3.497,3.851,2.918,3.999,3.856,4.11,4.716,4.944,5.436,5.508,4.945,5.265,5.409
3828.03,18,3.433,3.026,2.801,3.571,2.888,3.279,3.963,3.42,3.181,3.797,2.804,3.479,3.845,2.931,4.003,3.861,4.076,4.73,4.969,5.292,5.491,4.987,5.171,5.35
3829.03,18,3.426,3.006,2.837,3.626,2.861,3.324,3.982,3.481,3.261,3.798,2.851,3.499,3.891,2.91,3.99,3.897,4.08,4.635,4.931,5.424,5.487,4.985,5.289,5.349
3830.03,18,3.444,2.971,2.781,3.573,2.902,3.323,3.964,3.412,3.176,3.753,2.813,3.51,3.839,2.909,4.014,3.877,4.04,4.748,4.863,5.426,5.51,5.051,5.216,5.36
3831.03,18,3.338,2.954,2.772,3.638,2.904,3.331,3.923,3.481,3.132,3.775,2.81,3.499,3.85,2.917,4.002,3.91,4.097,4.701,4.842,5.419,5.474,5.005,5.229,5.342
3832.03,18,3.412,2.969,2.804,3.616,2.923,3.287,3.988,3.444,3.235,3.742,2.884,3.469,3.843,2.892,4.022,3.899,4.114,4.696,4.851,5.484,5.569,4.962,5.173,5.36
3833.03,18,3.371,2.985,2.77,3.553,2.938,3.303,3.899,3.465,3.194,3.793,2.848,3.392,3.914,2.896,3.963,3.94,4.111,4.651,4.975,5.4,5.524,4.997,5.265,5.353
3834.03,18,3.392,2.946,2.825,3.665,2.86,3.34,3.901,3.476,3.204,3.812,2.899,3.443,3.851,2.936,3.954,3.906,4.152,4.677,4.839,5.447,5.523,4.958,5.238,5.295
3835.03,18,3.375,2.922,2.826,3.626,2.895,3.296,3.909,3.443,3.195,3.777,2.866,3.463,3.822,2.887,3.99,3.835,4.081,4.701,4.883,5.365,5.539,5.002,5.201,5.383
3836.03,18,3.346,2.986,2.867,3.624,2.924,3.359,3.926,3.384,3.162,3.744,2.813,3.457,3.877,2.907,4.016,3.876,4.078,4.692,4.84,5.487,5.526,5.034,5.165,5.335
3837.03,18,3.386,2.958,2.786,3.635,2.881,3.348,3.944,3.468,3.186,3.778,2.788,3.44,3.882,2.921,3.933,3.889,4.074,4.646,4.902,5.533,5.507,4.933,5.221,5.324
3838.03,18,3.343,2.984,2.756,3.629,2.872,3.257,3.878,3.449,3.22,3.812,2.808,3.459,3.836,2.9,3.923,3.863,4.095,4.739,4.879,5.419,5.509,4.946,5.197,5.322
3839.03,18,3.321,2.977,2.847,3.617,2.852,3.304,3.926,3.402,3.233,3.788,2.837,3.492,3.846,2.95,3.936,3.93,4.074,4.725,4.854,5.42,5.477,4.933,5.152,5.351
3840.03,18,3.345,3.04,2.818,3.677,2.848,3.366,3.896,3.439,3.173,3.792,2.809,3.449,3.845,2.899,3.949,3.886,4.036,4.711,4.891,5.434,5.521,4.953,5.113,5.376
3841.03,18,3.326,3.045,2.777,3.606,2.834,3.267,3.894,3.406,3.235,3.856,2.81,3.459,3.823,2.938,3.941,3.954,4.056,4.697,4.889,5.46,5.523,4.924,5.21,5.311
3842.03,18,3.329,2.996,2.844,3.665,2.849,3.229,3.931,3.458,3.271,3.775,2.794,3.427,3.817,2.89,3.924,3.946,4.071,4.648,4.833,5.498,5.517,4.956,5.203,5.305
3843.03,18,3.305,3.009,2.812,3.588,2.843,3.311,3.863,3.391,3.143,3.845,2.796,3.432,3.831,2.965,3.935,3.868,4.085,4.607,4.849,5.472,5.474,4.991,5.239,5.372
3844.03,18,3.339,2.993,2.787,3.69,2.902,3.308,3.891,3.431,3.186,3.814,2.894,3.4,3.859,2.903,3.928,3.882,4.046,4.665,4.839,5.413,5.512,4.992,5.144,5.309
3845.03,18,3.325,2.976,2.884,3.615,2.926,3.28,3.861,3.431,3.216,3.799,2.797,3.364,3.89,2.88,3.954,3.95,4.089,4.628,4.921,5.472,5.539,5.002,5.114,5.325
3846.03,18,3.319,2.992,2.836,3.585,2.901,3.259,3.794,3.49,3.195,3.793,2.834,3.403,3.834,2.901,3.931,3.939,4.09,4.705,4.862,5.511,5.491,4.956,5.208,5.296
3847.03,18,3.336,3.021,2.898,3.612,2.876,3.3,3.895,3.37,3.199,3.767,2.762,3.396,3.858,2.912,4.014,3.949,4.04,4.676,4.853,5.407,5.528,4.963,5.16,5.318
3848.03,18,3.283,2.983,2.848,3.659,2.878,3.26,3.863,3.419,3.252,3.825,2.807,3.416,3.861,2.952,3.942,3.888,4.042,4.666,4.782,5.507,5.546,4.988,5.179,5.244
3849.03,18,3.334,3.047,2.797,3.602,2.911,3.273,3.926,3.389,3.217,3.822,2.822,3.425,3.803,2.926,3.887,3.788,4.09,4.619,4.906,5.476,5.447,4.991,5.187,5.299
3850.03,18,3.276,3.003,2.799,3.58,2.902,3.22,3.837,3.501,3.229,3.802,2.877,3.406,3.787,2.911,3.875,3.85,4.079,4.633,4.815,5.431,5.535,4.919,5.192,5.262
3851.03,18,3.296,2.993,2.872,3.659,2.848,3.203,3.856,3.427,3.226,3.813,2.828,3.396,3.79,2.91,3.949,3.938,4.101,4.689,4.915,5.431,5.491,4.92,5.151,5.308
3852.03,18,3.323,2.986,2.845,3.625,2.876,3.22,3.826,3.449,3.22,3.826,2.877,3.361,3.871,2.907,3.898,3.905,4.117,4.675,4.763,5.41,5.518,4.905,5.189,5.279
3853.03,18,3.302,2.966,2.792,3.631,2.893,3.252,3.899,3.405,3.139,3.791,2.862,3.388,3.779,2.87,3.916,3.904,4.084,4.603,4.773,5.451,5.456,4.934,5.178,5.234
3854.03,18,3.3,2.989,2.858,3.637,2.903,3.214,3.809,3.436,3.264,3.783,2.815,3.402,3.808,2.898,3.867,3.922,4.049,4.687,4.851,5.424,5.474,4.917,5.207,5.281
3855.03,18,3.329,2.989,2.774,3.669,2.813,3.259,3.855,3.447,3.139,3.826,2.808,3.359,3.825,2.936,3.883,3.942,4.081,4.675,4.744,5.398,5.505,4.992,5.178,5.336
3856.03,18,3.267,3.001,2.892,3.617,2.876,3.236,3.897,3.494,3.197,3.793,2.913,3.439,3.824,2.902,3.889,3.904,4.005,4.659,4.854,5.413,5.53,4.95,5.197,5.324
3857.03,18,3.255,3.016,2.815,3.607,2.833,3.258,3.804,3.442,3.185,3.859,2.825,3.365,3.776,2.909,3.958,3.933,4.054,4.56,4.819,5.456,5.427,4.955,5.147,5.304
3858.03,18,3.284,2.99,2.806,3.623,2.853,3.166,3.888,3.509,3.246,3.806,2.827,3.422,3.814,2.925,3.881,3.906,4.043,4.632,4.832,5.462,5.525,4.974,5.156,5.244
3859.03,18,3.283,2.978,2.79,3.649,2.813,3.198,3.865,3.497,3.254,3.849,2.838,3.394,3.761,2.899,3.957,3.874,4.077,4.649,4.861,5.421,5.507,4.962,5.116,5.311
3860.03,18,3.295,3.026,2.876,3.649,2.882,3.243,3.872,3.474,3.202,3.77,2.794,3.397,3.814,2.883,3.92,3.901,4.083,4.647,4.79,5.402,5.465,4.902,5.109,5.246
3861.03,18,3.248,2.953,2.826,3.568,2.87,3.167,3.792,3.434,3.255,3.807,2.827,3.389,3.837,2.86,3.919,3.967,4.099,4.609,4.827,5.421,5.519,4.941,5.144,5.228
3862.03,18,3.216,3.02,2.777,3.584,2.904,3.242,3.858,3.451,3.256,3.811,2.829,3.338,3.823,2.943,3.905,3.929,4.061,4.613,4.809,5.48,5.525,4.977,5.178,5.302
3863.03,18,3.269,3.034,2.76,3.542,2.872,3.183,3.853,3.417,3.274,3.831,2.871,3.4,3.748,2.868,3.857,3.893,4.073,4.644,4.814,5.429,5.423,4.863,5.162,5.325
3864.03,18,3.251,2.984,2.745,3.54,2.902,3.181,3.798,3.456,3.268,3.821,2.881,3.317,3.737,2.93,3.811,3.977,4.158,4.574,4.82,5.43,5.469,4.871,5.129,5.261
3865.03,18,3.247,2.988,2.821,3.576,2.844,3.161,3.847,3.435,3.173,3.799,2.839,3.362,3.776,2.918,3.9,3.928,4.066,4.616,4.834,5.428,5.41,4.878,5.19,5.325
3866.03,18,3.243,2.987,2.84,3.629,2.827,3.232,3.794,3.456,3.204,3.807,2.827,3.367,3.811,2.996,3.862,3.947,4.089,4.525,4.801,5.453,5.492,4.931,5.19,5.275
3867.03,18,3.249,3.063,2.823,3.603,2.882,3.208,3.782,3.455,3.179,3.866,2.795,3.327,3.797,2.877,3.858,3.858,4.016,4.628,4.787,5.439,5.508,4.967,5.153,5.304
3868.03,18,3.229,3.036,2.817,3.608,2.92,3.21,3.851,3.422,3.161,3.827,2.783,3.34,3.689,2.902,3.823,3.965,4.048,4.578,4.863,5.358,5.473,4.908,5.103,5.287
3869.03,18,3.247,3.016,2.848,3.636,2.871,3.166,3.806,3.457,3.209,3.903,2.846,3.305,3.766,2.941,3.89,3.975,4.062,4.663,4.723,5.41,5.427,4.964,5.116,5.321
3870.03,18,3.248,3.062,2.833,3.658,2.829,3.155,3.775,3.492,3.208,3.849,2.891,3.342,3.761,2.914,3.873,3.883,4.032,4.592,4.781,5.371,5.451,4.896,5.162,5.322
3871.03,18,3.207,3.086,2.827,3.634,2.939,3.133,3.781,3.45,3.173,3.704,2.884,3.349,3.806,2.886,3.887,3.903,4.064,4.574,4.84,5.471,5.509,4.873,5.148,5.267
3872.03,18,3.239,3.021,2.818,3.519,2.811,3.174,3.816,3.517,3.226,3.824,2.871,3.294,3.733,2.888,3.864,3.898,4.073,4.545,4.773,5.42,5.441,4.912,5.129,5.249
3873.03,18,3.227,3.018,2.841,3.662,2.862,3.137,3.797,3.429,3.274,3.791,2.863,3.371,3.759,2.925,3.935,3.919,4.075,4.551,4.788,5.43,5.358,4.876,5.202,5.245
3874.03,18,3.211,2.971,2.83,3.613,2.824,3.14,3.82,3.413,3.173,3.773,2.861,3.256,3.794,2.856,3.884,3.972,4.068,4.575,4.828,5.473,5.472,4.915,5.148,5.304
3875.03,18,3.229,3.001,2.802,3.627,2.831,3.068,3.776,3.478,3.305,3.754,2.761,3.3,3.745,2.94,3.842,3.948,4.084,4.547,4.711,5.423,5.416,4.9,5.174,5.234
3876.03,18,3.216,2.981,2.76,3.63,2.892,3.135,3.832,3.46,3.166,3.862,2.857,3.344,3.71,2.85,3.837,3.903,4.118,4.502,4.848,5.496,5.489,4.895,5.098,5.323
3877.03,18,3.212,2.96,2.864,3.638,2.944,3.099,3.803,3.505,3.201,3.734,2.839,3.295,3.675,2.862,3.911,3.926,4.085,4.567,4.789,5.394,5.437,4.876,5.104,5.198
3878.03,18,3.189,2.993,2.812,3.633,2.816,3.162,3.799,3.462,3.215,3.774,2.871,3.274,3.725,2.929,3.826,3.919,4.058,4.582,4.782,5.485,5.443,4.799,5.123,5.254
3879.03,18,3.127,2.984,2.865,3.619,2.88,3.088,3.84,3.434,3.218,3.757,2.836,3.28,3.749,2.927,3.853,3.933,4.067,4.65,4.865,5.473,5.465,4.85,5.158,5.254
3880.03,18,3.135,2.983,2.814,3.671,2.879,3.18,3.853,3.456,3.201,3.861,2.841,3.301,3.783,2.884,3.926,3.94,4.044,4.54,4.775,5.395,5.394,4.858,5.13,5.182
3881.03,18,3.141,2.973,2.839,3.601,2.879,3.093,3.742,3.477,3.227,3.791,2.812,3.277,3.751,2.983,3.808,3.925,4.007,4.608,4.815,5.472,5.462,4.879,5.092,5.214
3882.03,18,3.158,2.992,2.797,3.585,2.865,3.111,3.807,3.469,3.247,3.795,2.842,3.356,3.756,2.863,3.819,3.878,4.077,4.555,4.759,5.403,5.393,4.972,5.065,5.218
3883.03,18,3.201,2.993,2.86,3.653,2.85,3.154,3.811,3.491,3.217,3.802,2.827,3.299,3.733,2.953,3.732,3.901,4.081,4.54,4.826,5.469,5.44,4.977,5.091,5.214
3884.03,18,3.188,3.032,2.841,3.571,2.934,3.116,3.814,3.537,3.238,3.846,2.851,3.268,3.688,2.989,3.859,3.93,4.077,4.526,4.773,5.421,5.51,4.843,5.059,5.226
3885.03,18,3.148,3.004,2.884,3.609,2.885,3.105,3.805,3.408,3.24,3.785,2.862,3.259,3.678,2.899,3.804,3.94,3.988,4.497,4.776,5.41,5.455,4.893,5.089,5.22
3886.03,18,3.158,3.024,2.849,3.616,2.901,3.081,3.76,3.423,3.19,3.823,2.824,3.31,3.675,2.932,3.838,3.953,4.176,4.511,4.722,5.517,5.388,4.912,5.08,5.279
3887.03,18,3.112,3.009,2.827,3.58,2.905,3.13,3.783,3.461,3.198,3.802,2.846,3.259,3.731,2.912,3.738,3.906,4.103,4.514,4.784,5.432,5.444,4.887,5.13,5.227
3888.03,18,3.133,3.063,2.863,3.681,2.923,3.027,3.758,3.472,3.234,3.776,2.836,3.239,3.697,2.892,3.847,3.987,4.03,4.573,4.794,5.476,5.437,4.919,5.084,5.232
3889.03,18,3.128,2.959,2.812,3.593,2.898,3.084,3.767,3.46,3.206,3.885,2.832,3.192,3.682,2.928,3.851,3.96,4.09,4.531,4.775,5.447,5.395,4.853,5.114,5.219
3890.03,18,3.122,2.995,2.777,3.637,2.881,3.128,3.754,3.42,3.236,3.819,2.826,3.215,3.696,2.948,3.79,4.01,4.026,4.538,4.787,5.476,5.414,4.903,5.132,5.227
3891.03,18,3.113,3.045,2.824,3.641,2.919,3.133,3.732,3.545,3.316,3.837,2.806,3.226,3.75,2.855,3.867,3.95,4.111,4.475,4.735,5.443,5.296,4.835,5.089,5.234
3892.03,18,3.136,2.944,2.888,3.67,2.847,3.077,3.741,3.413,3.169,3.776,2.887,3.257,3.694,2.892,3.871,4.008,4.141,4.545,4.738,5.369,5.412,4.895,5.073,5.256
3893.03,18,3.123,2.955,2.855,3.634,2.866,3.114,3.657,3.4,3.188,3.823,2.85,3.234,3.638,2.925,3.775,3.976,4.064,4.518,4.721,5.472,5.342,4.838,5.066,5.233
3894.03,18,3.15,3.061,2.808,3.621,2.871,3.07,3.765,3.437,3.266,3.831,2.829,3.216,3.708,2.892,3.762,3.964,4.087,4.478,4.757,5.476,5.39,4.802,5.138,5.18
3895.03,18,3.113,3.029,2.871,3.611,2.882,3.084,3.714,3.499,3.237,3.803,2.831,3.24,3.728,2.923,3.772,3.895,4.032,4.506,4.687,5.464,5.425,4.852,5.155,5.193
3896.03,18,3.036,2.997,2.835,3.669,2.887,3.071,3.731,3.447,3.233,3.718,2.804,3.191,3.658,2.91,3.75,3.898,4.073,4.545,4.761,5.421,5.433,4.888,5.061,5.198
3897.03,18,3.107,3.023,2.851,3.605,2.902,3.109,3.727,3.497,3.242,3.875,2.848,3.2,3.663,2.979,3.754,3.922,4.103,4.558,4.718,5.403,5.359,4.88,5.062,5.235
3898.03,18,3.112,2.953,2.803,3.612,2.899,3.058,3.752,3.446,3.198,3.808,2.774,3.199,3.725,2.932,3.769,3.99,4.034,4.532,4.777,5.487,5.46,4.87,5.074,5.21
3899.03,18,3.061,3,2.8,3.654,2.852,3.028,3.743,3.487,3.191,3.782,2.814,3.217,3.695,2.897,3.734,3.855,4.039,4.549,4.722,5.517,5.446,4.894,5.083,5.202
3900.03,18,2.985,3.058,2.838,3.701,2.857,3.052,3.681,3.382,3.148,3.8,2.885,3.223,3.673,2.929,3.749,3.868,4.041,4.458,4.727,5.403,5.408,4.818,5.068,5.31
3901.03,18,3.042,3.027,2.847,3.62,2.876,3.038,3.737,3.45,3.204,3.826,2.832,3.173,3.645,2.951,3.729,3.995,4.046,4.52,4.761,5.437,5.411,4.827,5.139,5.226
3902.03,18,3.031,3.026,2.799,3.593,2.778,3.069,3.739,3.452,3.238,3.767,2.767,3.222,3.641,2.917,3.714,3.985,4.149,4.462,4.738,5.428,5.345,4.886,5.068,5.192
3903.03,18,3.051,2.978,2.827,3.633,2.849,3.01,3.685,3.461,3.197,3.862,2.805,3.168,3.697,2.927,3.766,3.912,4.051,4.487,4.796,5.451,5.399,4.929,5.072,5.241
3904.03,18,3.051,3.044,2.829,3.607,2.836,3.055,3.708,3.46,3.26,3.828,2.79,3.198,3.633,2.906,3.782,3.917,4.074,4.495,4.713,5.436,5.367,4.853,5.027,5.217
3905.03,18,3.026,2.946,2.897,3.589,2.85,2.961,3.66,3.432,3.252,3.811,2.812,3.222,3.683,2.958,3.72,3.962,4.041,4.518,4.764,5.42,5.375,4.839,5.098,5.205
3906.03,18,3.092,3.004,2.837,3.65,2.892,3.003,3.639,3.435,3.276,3.781,2.86,3.112,3.595,2.888,3.716,3.994,4.053,4.469,4.708,5.484,5.42,4.873,5.09,5.234
3907.03,18,3.049,3.031,2.782,3.577,2.825,3.036,3.673,3.391,3.249,3.829,2.829,3.118,3.612,2.894,3.787,3.917,4.046,4.46,4.766,5.452,5.391,4.839,5.055,5.212
3908.03,18,3.062,3.028,2.751,3.576,2.935,3.01,3.696,3.501,3.204,3.848,2.875,3.188,3.664,2.904,3.715,3.94,4.068,4.517,4.777,5.426,5.323,4.815,5.118,5.181
3909.03,18,3.036,2.985,2.834,3.62,2.833,3.075,3.681,3.482,3.229,3.808,2.896,3.169,3.628,3,3.683,3.911,4.19,4.493,4.745,5.446,5.361,4.834,5.091,5.22
3910.03,18,3.012,3.008,2.818,3.596,2.888,2.986,3.728,3.442,3.305,3.775,2.906,3.149,3.692,2.887,3.755,3.926,4.134,4.468,4.73,5.411,5.355,4.9,5.105,5.219
3911.03,18,3.006,2.944,2.822,3.586,2.926,3.017,3.748,3.404,3.248,3.792,2.905,3.168,3.642,2.922,3.711,3.935,4.12,4.41,4.778,5.431,5.401,4.838,5.015,5.204
3912.03,18,2.993,3.02,2.835,3.586,2.844,2.965,3.672,3.45,3.194,3.78,2.865,3.193,3.641,2.898,3.711,3.899,4.092,4.481,4.714,5.412,5.405,4.802,5.105,5.172
3913.03,18,2.965,3.096,2.798,3.656,2.839,3.002,3.721,3.435,3.267,3.765,2.869,3.207,3.652,2.892,3.756,3.943,4.108,4.471,4.728,5.434,5.314,4.862,5.013,5.233
3914.03,18,3.035,3.008,2.766,3.583,2.9,3.002,3.729,3.488,3.167,3.761,2.824,3.187,3.571,2.941,3.729,3.93,4.104,4.453,4.677,5.452,5.419,4.844,5.022,5.152
3915.03,18,2.959,3.012,2.884,3.605,2.865,2.97,3.654,3.437,3.158,3.832,2.876,3.228,3.645,2.885,3.699,3.948,4.04,4.451,4.671,5.452,5.285,4.842,5.042,5.177
3916.03,18,2.967,3.007,2.87,3.672,2.827,2.958,3.7,3.484,3.192,3.824,2.865,3.177,3.643,2.908,3.733,3.86,4.004,4.454,4.692,5.474,5.373,4.789,5.005,5.196
3917.03,18,2.95,3.041,2.797,3.631,2.854,3.003,3.636,3.459,3.182,3.781,2.821,3.12,3.61,2.902,3.701,3.909,4.129,4.455,4.747,5.451,5.364,4.818,5.052,5.272
3918.03,18,3.039,2.962,2.876,3.606,2.905,2.939,3.656,3.48,3.21,3.837,2.848,3.153,3.606,2.943,3.722,3.945,4.068,4.419,4.699,5.476,5.325,4.823,5.048,5.211
3919.03,18,3.033,3.037,2.831,3.621,2.886,2.877,3.635,3.455,3.183,3.821,2.796,3.085,3.637,2.882,3.701,3.975,4.015,4.402,4.729,5.441,5.345,4.788,5.06,5.173
3920.03,18,2.961,2.977,2.862,3.572,2.801,2.954,3.701,3.344,3.188,3.81,2.862,3.181,3.621,2.838,3.714,3.998,4.075,4.404,4.747,5.411,5.332,4.778,4.991,5.13
3921.03,18,3.004,2.975,2.831,3.577,2.898,2.924,3.686,3.498,3.232,3.773,2.822,3.225,3.566,2.887,3.687,3.96,4.115,4.441,4.715,5.455,5.362,4.798,5.05,5.205
3922.03,18,2.917,2.993,2.84,3.599,2.909,3.003,3.682,3.438,3.119,3.817,2.835,3.139,3.599,2.929,3.715,3.971,4.022,4.432,4.714,5.404,5.343,4.797,4.994,5.162
3923.03,18,2.991,2.939,2.847,3.618,2.862,2.976,3.651,3.481,3.218,3.774,2.83,3.16,3.643,2.974,3.694,3.897,4.09,4.414,4.703,5.418,5.334,4.809,5.119,5.199
3924.03,18,2.971,3.028,2.842,3.554,2.896,2.891,3.695,3.438,3.171,3.747,2.876,3.243,3.618,2.903,3.638,3.905,4.052,4.401,4.686,5.468,5.354,4.816,5.041,5.142
3925.03,18,2.953,3.002,2.822,3.561,2.856,2.945,3.706,3.459,3.24,3.835,2.846,3.143,3.559,2.924,3.743,3.926,4.053,4.46,4.749,5.443,5.319,4.847,5.083,5.16
3926.03,18,2.992,3.025,2.83,3.659,2.857,2.883,3.621,3.435,3.224,3.781,2.879,3.108,3.565,2.937,3.707,3.981,4.147,4.377,4.772,5.375,5.357,4.85,5.01,5.156
3927.03,18,2.957,3.026,2.803,3.619,2.897,2.935,3.62,3.513,3.205,3.8,2.862,3.162,3.489,2.928,3.723,3.931,4.099,4.374,4.749,5.465,5.308,4.763,5.013,5.136
3928.03,18,2.906,3.005,2.728,3.599,2.873,3.058,3.657,3.414,3.253,3.811,2.881,3.214,3.598,2.904,3.719,3.933,4.102,4.345,4.734,5.473,5.338,4.813,5.031,5.146
3929.03,18,2.946,2.959,2.801,3.612,2.844,2.935,3.614,3.462,3.265,3.784,2.853,3.21,3.616,2.915,3.667,3.929,4.077,4.398,4.678,5.461,5.344,4.766,4.947,5.201
3930.03,18,2.97,3.059,2.825,3.597,2.888,2.918,3.604,3.396,3.203,3.782,2.819,3.152,3.59,2.928,3.711,3.97,4.074,4.349,4.69,5.419,5.307,4.736,5.033,5.204
3931.03,18,2.939,2.957,2.826,3.644,2.833,2.923,3.574,3.478,3.151,3.855,2.893,3.18,3.612,3.033,3.641,3.933,4.098,4.414,4.715,5.397,5.317,4.819,4.977,5.187
3932.03,18,2.996,3.008,2.816,3.618,2.894,2.896,3.613,3.463,3.175,3.81,2.89,3.158,3.543,2.918,3.666,3.96,4.056,4.448,4.672,5.468,5.357,4.763,5.03,5.183
3933.03,18,2.957,3.041,2.794,3.573,2.901,2.872,3.584,3.483,3.234,3.798,2.829,3.242,3.542,2.925,3.624,3.978,4.106,4.4,4.715,5.466,5.292,4.796,4.954,5.208
3934.03,18,2.995,3.059,2.842,3.623,2.847,2.916,3.608,3.431,3.26,3.8,2.878,3.164,3.593,2.914,3.751,3.973,4.017,4.384,4.718,5.467,5.307,4.755,5.006,5.207
3935.03,18,2.964,2.96,2.855,3.628,2.873,2.899,3.614,3.481,3.204,3.819,2.891,3.207,3.565,2.807,3.634,3.959,4.111,4.426,4.651,5.467,5.363,4.778,5.041,5.166
3936.03,18,2.946,3.02,2.784,3.613,2.852,2.872,3.59,3.476,3.216,3.832,2.806,3.185,3.584,2.977,3.67,3.928,4.087,4.382,4.632,5.48,5.358,4.773,5.025,5.165
3937.03,18,3.004,2.993,2.796,3.595,2.864,2.901,3.561,3.478,3.177,3.851,2.86,3.163,3.544,2.944,3.664,3.933,4.039,4.322,4.603,5.451,5.348,4.818,5.079,5.178
3938.03,18,2.994,3.003,2.808,3.65,2.955,2.874,3.592,3.48,3.238,3.835,2.859,3.118,3.506,2.928,3.665,3.981,4.059,4.33,4.674,5.437,5.306,4.803,4.971,5.164
3939.03,18,2.982,2.985,2.775,3.57,2.83,2.836,3.554,3.485,3.202,3.811,2.855,3.178,3.565,2.85,3.637,3.945,4.142,4.385,4.734,5.38,5.326,4.781,5.02,5.159
3940.03,18,3.03,2.997,2.871,3.672,2.862,2.976,3.563,3.499,3.253,3.856,2.861,3.172,3.568,2.947,3.672,3.95,4.146,4.319,4.623,5.435,5.331,4.872,4.978,5.183
3941.03,18,2.956,3.072,2.794,3.635,2.834,2.882,3.545,3.488,3.223,3.792,2.879,3.126,3.582,2.925,3.639,3.969,4.011,4.336,4.651,5.419,5.313,4.788,4.96,5.186
3942.03,18,2.943,3.024,2.87,3.666,2.84,2.939,3.57,3.504,3.209,3.789,2.807,3.205,3.568,2.91,3.595,4.007,4.126,4.39,4.624,5.442,5.345,4.786,4.998,5.17
3943.03,18,3.04,3.033,2.801,3.585,2.944,2.863,3.522,3.481,3.205,3.812,2.884,3.131,3.547,3.028,3.609,3.938,4.12,4.347,4.678,5.398,5.392,4.794,5.025,5.204
3944.03,18,2.969,2.992,2.865,3.683,2.87,2.817,3.664,3.455,3.204,3.85,2.868,3.188,3.521,2.936,3.638,3.964,3.993,4.354,4.643,5.44,5.306,4.765,4.973,5.139
3945.03,18,2.965,2.987,2.83,3.724,2.921,2.863,3.504,3.412,3.211,3.826,2.931,3.201,3.546,2.94,3.64,3.953,4.079,4.389,4.638,5.42,5.31,4.737,4.96,5.17
3946.03,18,2.974,2.999,2.827,3.659,2.82,2.863,3.5,3.451,3.216,3.824,2.852,3.147,3.492,2.911,3.576,3.958,4.083,4.404,4.694,5.515,5.277,4.814,5.047,5.182
3947.03,18,3.001,3.056,2.85,3.652,2.896,2.886,3.553,3.474,3.194,3.802,2.89,3.162,3.51,3,3.588,3.95,4.073,4.32,4.592,5.459,5.298,4.726,4.955,5.151
3948.03,18,3.044,2.946,2.777,3.651,2.871,2.886,3.548,3.446,3.234,3.849,2.885,3.186,3.471,2.937,3.672,3.948,4.084,4.347,4.64,5.385,5.262,4.761,4.976,5.128
3949.03,18,2.932,3.049,2.793,3.58,2.799,2.862,3.605,3.424,3.23,3.892,2.931,3.165,3.587,2.894,3.663,4.011,4.087,4.401,4.663,5.42,5.26,4.877,5.036,5.199
3950.03,18,3.033,2.949,2.774,3.589,2.882,2.873,3.572,3.469,3.209,3.796,2.847,3.184,3.542,2.9,3.596,3.96,4.103,4.36,4.649,5.433,5.256,4.791,5.037,5.162
3951.03,18,3,2.976,2.851,3.594,2.865,2.807,3.589,3.451,3.242,3.886,2.862,3.19,3.522,2.913,3.687,4.022,4.026,4.335,4.652,5.383,5.278,4.757,4.959,5.216
3952.03,18,3.035,2.978,2.832,3.66,2.892,2.843,3.554,3.466,3.251,3.846,2.847,3.168,3.462,2.959,3.609,3.964,4.074,4.329,4.645,5.417,5.223,4.732,4.965,5.218
3953.03,18,3.016,2.94,2.771,3.615,2.919,2.789,3.512,3.461,3.221,3.789,2.857,3.172,3.506,2.866,3.589,4.011,4.074,4.297,4.634,5.407,5.312,4.732,4.975,5.23
3954.03,18,2.981,2.965,2.794,3.617,2.85,2.831,3.558,3.477,3.215,3.768,2.854,3.185,3.526,2.849,3.636,3.985,4.09,4.367,4.6,5.417,5.301,4.795,4.985,5.194
3955.03,18,3.035,3.013,2.837,3.621,2.846,2.818,3.526,3.464,3.308,3.821,2.856,3.209,3.443,2.93,3.588,3.96,4.104,4.33,4.604,5.445,5.28,4.745,4.952,5.138
3956.03,18,2.986,2.979,2.834,3.543,2.845,2.831,3.531,3.479,3.272,3.813,2.852,3.243,3.536,2.958,3.592,3.959,4.128,4.303,4.649,5.43,5.294,4.788,4.982,5.232
3957.03,18,2.989,2.996,2.854,3.668,2.837,2.802,3.514,3.492,3.246,3.854,2.857,3.233,3.469,2.927,3.58,3.967,4.067,4.318,4.591,5.4,5.281,4.738,4.961,5.158
3958.03,18,2.99,2.996,2.782,3.597,2.875,2.833,3.507,3.373,3.168,3.914,2.921,3.195,3.462,2.947,3.607,3.987,4.12,4.367,4.568,5.427,5.333,4.792,4.931,5.206
3959.03,18,3.024,3.015,2.758,3.659,2.843,2.793,3.506,3.437,3.249,3.736,2.842,3.204,3.459,2.9,3.613,4.022,4.145,4.324,4.59,5.423,5.284,4.746,4.988,5.162
3960.03,18,3.04,3.032,2.819,3.623,2.954,2.731,3.519,3.443,3.179,3.843,2.914,3.255,3.42,2.911,3.581,4.032,4.085,4.275,4.626,5.426,5.277,4.715,4.944,5.117
3961.03,18,2.96,3.044,2.867,3.584,2.823,2.759,3.51,3.467,3.222,3.856,2.83,3.203,3.485,2.849,3.536,3.952,4.118,4.364,4.615,5.424,5.227,4.742,4.901,5.199
3962.03,18,2.975,3.026,2.839,3.679,2.939,2.765,3.482,3.493,3.226,3.795,2.793,3.236,3.545,2.954,3.552,3.988,4.114,4.307,4.618,5.459,5.268,4.73,4.989,5.143
3963.03,18,3.059,3.023,2.791,3.648,2.944,2.745,3.48,3.479,3.192,3.845,2.823,3.24,3.522,2.929,3.561,3.942,4.132,4.339,4.601,5.432,5.3,4.704,4.927,5.262
3964.03,18,2.956,3.042,2.804,3.642,2.932,2.821,3.496,3.461,3.222,3.868,2.835,3.13,3.445,2.901,3.587,3.988,4.089,4.262,4.616,5.475,5.236,4.755,4.933,5.174
3965.03,18,2.982,2.986,2.802,3.652,2.871,2.787,3.56,3.466,3.179,3.838,2.898,3.229,3.419,2.944,3.594,3.972,4.076,4.282,4.601,5.456,5.209,4.747,4.953,5.205
3966.03,18,3.028,3.031,2.797,3.584,2.862,2.748,3.51,3.439,3.23,3.835,2.844,3.211,3.483,2.926,3.627,3.942,4.068,4.245,4.589,5.405,5.246,4.669,5.002,5.225
3967.03,18,3.006,3.002,2.826,3.534,2.838,2.803,3.518,3.472,3.196,3.841,2.883,3.155,3.514,2.922,3.593,3.982,4.098,4.318,4.603,5.426,5.269,4.752,4.972,5.15
3968.03,18,3.025,3.025,2.799,3.605,2.836,2.815,3.513,3.434,3.231,3.833,2.831,3.222,3.408,2.938,3.492,4.017,4.111,4.312,4.543,5.452,5.246,4.799,4.971,5.211
3969.03,18,2.939,3.044,2.843,3.609,2.832,2.77,3.511,3.462,3.21,3.77,2.79,3.201,3.416,2.906,3.55,3.964,4.061,4.254,4.598,5.494,5.277,4.727,4.939,5.159
3970.03,18,3.048,3.055,2.82,3.626,2.864,2.781,3.499,3.427,3.208,3.851,2.867,3.2,3.51,2.865,3.532,3.903,4.034,4.272,4.632,5.457,5.229,4.685,5.041,5.191
3971.03,18,2.991,3.004,2.935,3.686,2.967,2.726,3.478,3.481,3.192,3.877,2.854,3.197,3.462,2.953,3.567,3.969,4.079,4.33,4.564,5.422,5.296,4.746,4.949,5.196
3972.03,18,2.958,2.999,2.84,3.615,2.858,2.71,3.526,3.458,3.253,3.809,2.83,3.179,3.463,2.888,3.487,4.008,4.13,4.205,4.613,5.456,5.18,4.704,4.993,5.162
3973.03,18,3.05,3.057,2.803,3.621,2.892,2.746,3.447,3.485,3.243,3.872,2.825,3.182,3.437,2.887,3.502,4.002,4.043,4.277,4.565,5.47,5.21,4.642,4.955,5.141
3974.03,18,3.07,3.023,2.843,3.597,2.815,2.741,3.423,3.437,3.231,3.815,2.898,3.21,3.456,2.847,3.514,4.013,4.031,4.275,4.635,5.372,5.251,4.757,4.911,5.179
3975.03,18,3.052,3.037,2.844,3.614,2.864,2.733,3.476,3.521,3.195,3.881,2.838,3.193,3.438,2.952,3.554,3.974,4.055,4.2,4.601,5.449,5.219,4.661,4.975,5.222
3976.03,18,3.062,2.975,2.842,3.66,2.879,2.775,3.507,3.45,3.229,3.835,2.859,3.179,3.475,2.919,3.58,3.988,4.014,4.23,4.56,5.429,5.247,4.774,4.956,5.222
3977.03,18,3.05,3.004,2.827,3.576,2.909,2.764,3.403,3.533,3.26,3.855,2.812,3.245,3.413,2.89,3.526,4.02,4.109,4.282,4.562,5.441,5.358,4.738,4.967,5.177
3978.03,18,3.026,3.04,2.841,3.641,2.856,2.763,3.441,3.495,3.143,3.805,2.948,3.18,3.442,2.957,3.467,4.001,4.089,4.268,4.608,5.394,5.281,4.681,4.948,5.23
3979.03,18,3.091,3.029,2.828,3.546,2.835,2.774,3.399,3.52,3.131,3.83,2.814,3.245,3.442,2.908,3.505,3.93,4.121,4.245,4.528,5.431,5.208,4.683,4.861,5.251
3980.03,18,3.027,3.049,2.829,3.639,2.871,2.733,3.441,3.463,3.194,3.801,2.877,3.147,3.469,2.952,3.502,3.972,4.024,4.206,4.566,5.435,5.232,4.792,4.918,5.204
3981.03,18,2.994,2.964,2.792,3.602,2.918,2.75,3.403,3.457,3.142,3.862,2.878,3.193,3.43,2.877,3.482,4.022,4.071,4.315,4.591,5.418,5.235,4.735,4.879,5.159
3982.03,18,2.993,3.012,2.902,3.612,2.875,2.687,3.51,3.418,3.176,3.801,2.853,3.235,3.447,2.903,3.505,4.056,4.051,4.214,4.568,5.428,5.229,4.691,4.93,5.16
3983.03,18,3.031,2.96,2.802,3.584,2.827,2.717,3.4,3.468,3.13,3.798,2.823,3.195,3.495,2.922,3.612,4.023,4.083,4.296,4.608,5.46,5.286,4.707,4.904,5.186
3984.03,18,2.982,2.946,2.769,3.63,2.877,2.681,3.474,3.471,3.169,3.822,2.856,3.206,3.49,2.924,3.451,3.997,4.074,4.229,4.602,5.474,5.235,4.685,4.881,5.192
3985.03,18,2.989,3.074,2.828,3.639,2.887,2.746,3.381,3.457,3.22,3.759,2.876,3.219,3.492,2.962,3.495,3.995,4.103,4.227,4.594,5.496,5.216,4.669,4.89,5.211
3986.03,18,2.99,3.055,2.774,3.628,2.834,2.79,3.454,3.449,3.184,3.746,2.862,3.237,3.418,2.906,3.53,3.94,4.11,4.254,4.527,5.471,5.27,4.739,4.939,5.213
3987.03,18,2.963,2.973,2.851,3.677,2.836,2.769,3.432,3.483,3.182,3.83,2.874,3.176,3.475,2.843,3.493,4.023,4.057,4.211,4.573,5.402,5.286,4.724,4.926,5.127
3988.03,18,3.021,3.037,2.807,3.603,2.846,2.778,3.429,3.496,3.188,3.821,2.887,3.238,3.44,2.942,3.468,3.966,4.1,4.196,4.557,5.409,5.273,4.699,4.965,5.213
3989.03,18,3.005,3.042,2.874,3.598,2.9,2.738,3.424,3.436,3.25,3.735,2.929,3.204,3.458,2.881,3.534,4.01,4.159,4.242,4.501,5.446,5.278,4.667,4.96,5.267
3990.03,18,3.015,3.028,2.864,3.637,2.819,2.769,3.459,3.459,3.251,3.888,2.858,3.209,3.439,2.907,3.477,4.003,4.063,4.261,4.567,5.412,5.277,4.733,4.853,5.211
3991.03,18,2.994,3.04,2.845,3.616,2.877,2.751,3.398,3.47,3.272,3.866,2.886,3.213,3.399,2.861,3.514,4.006,4.111,4.231,4.476,5.442,5.2,4.643,4.946,5.163
3992.03,18,2.989,3.067,2.851,3.629,2.892,2.757,3.374,3.471,3.247,3.802,2.899,3.282,3.511,2.87,3.461,3.9,4.053,4.229,4.576,5.434,5.276,4.696,4.964,5.159
3993.03,18,3.005,3.01,2.817,3.651,2.888,2.8,3.466,3.42,3.227,3.812,2.883,3.199,3.492,2.972,3.453,4.008,4.095,4.225,4.587,5.441,5.291,4.68,4.938,5.242
3994.03,18,3.001,3.065,2.82,3.598,2.896,2.797,3.393,3.486,3.269,3.867,2.869,3.221,3.509,2.918,3.487,3.987,4.09,4.236,4.562,5.42,5.238,4.649,4.931,5.179
3995.03,18,3.04,3.03,2.87,3.603,2.799,2.752,3.39,3.429,3.164,3.769,2.906,3.228,3.504,2.878,3.468,3.995,4.099,4.205,4.554,5.417,5.303,4.693,4.939,5.147
3996.03,18,3.003,3.02,2.78,3.6,2.883,2.747,3.418,3.521,3.184,3.879,2.874,3.21,3.496,2.899,3.406,4.055,4.054,4.197,4.544,5.452,5.232,4.656,4.931,5.232
3997.03,18,2.965,2.973,2.773,3.639,2.871,2.789,3.381,3.451,3.218,3.875,2.926,3.25,3.474,2.979,3.451,3.981,4.094,4.178,4.565,5.455,5.311,4.681,4.907,5.198
3998.03,18,3.057,3.049,2.818,3.65,2.828,2.784,3.476,3.415,3.269,3.839,2.807,3.24,3.508,2.88,3.449,4.023,4.075,4.224,4.54,5.404,5.206,4.679,4.841,5.198
3999.03,18,2.992,3.008,2.836,3.623,2.875,2.839,3.429,3.435,3.232,3.82,2.901,3.187,3.436,2.875,3.462,4.007,4.079,4.164,4.542,5.39,5.281,4.663,4.911,5.147
4000.03,18,3.054,3.042,2.784,3.588,2.91,2.701,3.469,3.446,3.237,3.783,2.845,3.228,3.453,2.956,3.467,3.987,4.074,4.21,4.554,5.429,5.277,4.674,4.866,5.211
4001.03,18,3.005,2.991,2.879,3.635,2.869,2.803,3.453,3.459,3.208,3.808,2.868,3.186,3.455,2.934,3.471,3.995,4.087,4.202,4.546,5.438,5.224,4.672,4.856,5.186
4002.03,18,3.017,3.091,2.818,3.661,2.812,2.726,3.425,3.508,3.219,3.778,2.842,3.156,3.426,2.909,3.505,3.995,4.14,4.206,4.549,5.413,5.282,4.676,4.907,5.181
4003.03,18,2.978,3.042,2.787,3.59,2.879,2.744,3.422,3.405,3.26,3.842,2.861,3.252,3.463,2.93,3.422,4.054,4.112,4.208,4.597,5.485,5.292,4.661,4.876,5.22
4004.03,18,3.065,2.994,2.835,3.622,2.909,2.816,3.413,3.448,3.221,3.833,2.845,3.214,3.448,2.925,3.473,4.02,4.097,4.306,4.518,5.446,5.231,4.617,4.868,5.216
4005.03,18,3.053,3.047,2.842,3.58,2.864,2.777,3.402,3.483,3.231,3.839,2.843,3.247,3.55,2.963,3.44,4.034,4.107,4.16,4.497,5.476,5.211,4.724,4.839,5.185
4006.03,18,2.999,3.003,2.891,3.564,2.839,2.711,3.419,3.433,3.176,3.859,2.889,3.226,3.495,2.883,3.473,4.018,4.11,4.189,4.486,5.505,5.332,4.677,4.89,5.184
4007.03,18,3.061,3.022,2.839,3.602,2.83,2.777,3.375,3.399,3.24,3.845,2.838,3.193,3.437,2.907,3.407,3.979,4.122,4.171,4.493,5.392,5.242,4.642,4.802,5.227
4008.03,18,3.039,3.055,2.874,3.668,2.925,2.783,3.455,3.485,3.169,3.874,2.83,3.279,3.453,2.939,3.408,4.015,4.124,4.215,4.467,5.512,5.29,4.583,4.867,5.132
4009.03,18,3.071,2.98,2.827,3.588,2.831,2.765,3.414,3.456,3.185,3.799,2.82,3.202,3.419,3.004,3.377,3.978,4.051,4.204,4.563,5.394,5.271,4.603,4.846,5.24
4010.03,18,3.085,3.025,2.848,3.706,2.818,2.802,3.442,3.477,3.219,3.837,2.797,3.255,3.463,2.913,3.436,3.957,4.031,4.238,4.466,5.387,5.254,4.662,4.929,5.214
4011.03,18,3,3.024,2.833,3.672,2.893,2.769,3.386,3.447,3.242,3.776,2.823,3.25,3.49,2.882,3.392,3.966,4.101,4.24,4.525,5.474,5.206,4.619,4.87,5.182
4012.03,18,3.034,3.015,2.774,3.627,2.914,2.84,3.402,3.463,3.242,3.778,2.935,3.2,3.415,2.833,3.38,3.94,4.081,4.202,4.519,5.407,5.362,4.648,4.889,5.253
4013.03,18,3.008,3.071,2.803,3.681,2.945,2.798,3.431,3.476,3.205,3.857,2.841,3.312,3.472,2.947,3.446,3.926,4.118,4.174,4.518,5.447,5.228,4.65,4.92,5.202
4014.03,18,3.043,3.024,2.843,3.643,2.881,2.745,3.424,3.474,3.163,3.891,2.848,3.212,3.463,2.919,3.441,3.999,4.081,4.196,4.488,5.524,5.268,4.653,4.885,5.221
4015.03,18,3.041,2.999,2.839,3.526,2.922,2.761,3.404,3.444,3.229,3.854,2.881,3.231,3.516,2.981,3.401,3.991,4.117,4.246,4.488,5.454,5.299,4.669,4.878,5.147
4016.03,18,3.046,3.04,2.816,3.581,2.885,2.839,3.452,3.393,3.239,3.834,2.85,3.183,3.472,2.97,3.434,4.057,4.114,4.237,4.507,5.442,5.288,4.678,4.843,5.226
4017.03,18,2.976,2.944,2.848,3.601,2.833,2.752,3.408,3.487,3.22,3.871,2.92,3.222,3.49,2.957,3.429,3.98,4.126,4.203,4.482,5.388,5.329,4.588,4.814,5.227
4018.03,18,3.014,3.099,2.766,3.69,2.861,2.755,3.449,3.469,3.178,3.836,2.892,3.287,3.475,2.948,3.435,3.997,4.092,4.23,4.52,5.407,5.295,4.684,4.866,5.242
4019.03,18,3.042,3.002,2.78,3.576,2.876,2.749,3.407,3.504,3.247,3.803,2.86,3.255,3.474,2.915,3.383,4.005,4.08,4.206,4.402,5.393,5.305,4.618,4.837,5.176
4020.03,18,3.033,3.033,2.814,3.598,2.898,2.765,3.442,3.437,3.263,3.899,2.848,3.198,3.514,2.927,3.45,3.977,4.094,4.258,4.476,5.439,5.304,4.683,4.825,5.129
4021.03,18,3.025,2.992,2.846,3.574,2.869,2.766,3.449,3.428,3.207,3.873,2.885,3.179,3.544,2.842,3.38,4.049,4.054,4.263,4.516,5.48,5.254,4.589,4.842,5.184
4022.03,18,3.023,3.01,2.819,3.573,2.891,2.783,3.441,3.447,3.209,3.825,2.871,3.208,3.493,2.874,3.425,3.978,4.095,4.212,4.489,5.424,5.304,4.643,4.866,5.19
4023.03,18,3.013,2.958,2.911,3.594,2.853,2.81,3.437,3.453,3.179,3.785,2.842,3.212,3.488,2.921,3.339,4.037,4.099,4.245,4.543,5.399,5.284,4.609,4.841,5.21
4024.03,18,3.044,3.042,2.767,3.661,2.852,2.797,3.458,3.467,3.249,3.881,2.939,3.234,3.505,2.929,3.386,3.999,4.016,4.22,4.46,5.438,5.322,4.57,4.799,5.201
4025.03,18,3.055,3.004,2.82,3.662,2.912,2.758,3.388,3.474,3.207,3.797,2.874,3.254,3.541,2.889,3.369,4.019,4.1,4.232,4.465,5.417,5.329,4.683,4.841,5.236
4026.03,18,3.043,3.007,2.787,3.584,2.906,2.729,3.506,3.517,3.181,3.824,2.909,3.288,3.491,2.914,3.348,4.037,4.113,4.236,4.516,5.444,5.333,4.637,4.847,5.209
4027.03,18,3.016,2.957,2.857,3.607,2.864,2.79,3.484,3.48,3.176,3.866,2.832,3.235,3.489,2.967,3.291,4.01,4.106,4.237,4.519,5.448,5.299,4.57,4.84,5.234
4028.03,18,3.042,3.012,2.843,3.663,2.873,2.747,3.453,3.453,3.222,3.826,2.854,3.206,3.529,2.965,3.325,4.045,4.051,4.251,4.449,5.46,5.258,4.588,4.842,5.189
4029.03,18,3.041,3.007,2.775,3.591,2.952,2.781,3.413,3.485,3.17,3.891,2.92,3.257,3.524,2.861,3.398,3.989,4.077,4.204,4.4,5.391,5.312,4.66,4.8,5.256
4030.03,18,3.038,3.018,2.815,3.615,2.802,2.825,3.422,3.413,3.279,3.849,2.843,3.198,3.51,2.962,3.33,3.987,4.079,4.224,4.461,5.437,5.308,4.575,4.82,5.227
4031.03,18,3.038,3.019,2.766,3.669,2.833,2.831,3.505,3.438,3.231,3.848,2.827,3.219,3.495,2.941,3.312,3.974,4.126,4.231,4.475,5.434,5.277,4.6,4.822,5.206
4032.03,18,3.016,2.968,2.812,3.671,2.899,2.788,3.459,3.487,3.222,3.844,2.816,3.218,3.468,2.886,3.392,3.998,4.075,4.311,4.454,5.449,5.366,4.571,4.804,5.237
4033.03,18,3.01,3.069,2.872,3.588,2.884,2.803,3.429,3.48,3.267,3.838,2.836,3.175,3.488,2.873,3.34,4.03,4.11,4.272,4.45,5.49,5.309,4.612,4.8,5.205
4034.03,18,3.039,3.019,2.839,3.673,2.884,2.758,3.475,3.49,3.234,3.843,2.898,3.281,3.452,2.928,3.348,4.045,4.138,4.29,4.479,5.482,5.279,4.657,4.817,5.194
4035.03,18,3.062,3.025,2.853,3.581,2.888,2.795,3.416,3.525,3.164,3.829,2.875,3.183,3.49,2.987,3.378,3.997,4.072,4.179,4.426,5.481,5.288,4.587,4.783,5.22
4036.03,18,3.022,3.009,2.819,3.579,2.83,2.852,3.395,3.448,3.288,3.854,2.837,3.246,3.429,2.848,3.291,3.961,4.038,4.141,4.411,5.451,5.289,4.621,4.842,5.175
4037.03,18,3.07,3.019,2.873,3.583,2.853,2.83,3.434,3.438,3.215,3.861,2.852,3.293,3.509,2.892,3.34,4.007,4.102,4.283,4.484,5.486,5.284,4.597,4.75,5.235
4038.03,18,3.068,3.048,2.804,3.625,2.921,2.816,3.449,3.418,3.164,3.87,2.835,3.236,3.487,2.937,3.29,4.005,4.144,4.215,4.41,5.473,5.246,4.624,4.805,5.192
4039.03,18,2.995,2.988,2.828,3.647,2.859,2.853,3.435,3.464,3.199,3.839,2.888,3.234,3.482,2.884,3.347,3.927,4.095,4.269,4.402,5.39,5.315,4.578,4.874,5.226
4040.03,18,2.978,2.972,2.834,3.573,2.863,2.751,3.479,3.447,3.259,3.812,2.873,3.174,3.476,2.903,3.343,3.983,4.091,4.194,4.472,5.423,5.284,4.633,4.789,5.149
4041.03,18,3.075,2.957,2.865,3.569,2.845,2.767,3.455,3.465,3.247,3.803,2.876,3.267,3.496,2.891,3.332,4.056,4.133,4.254,4.455,5.48,5.277,4.542,4.779,5.22
4042.03,18,3.054,2.996,2.795,3.62,2.866,2.848,3.39,3.447,3.231,3.851,2.882,3.281,3.506,2.952,3.296,4,4.11,4.231,4.447,5.52,5.31,4.569,4.834,5.243
4043.03,18,3.058,2.964,2.886,3.624,2.864,2.765,3.425,3.464,3.229,3.846,2.878,3.281,3.478,2.943,3.368,3.993,4.119,4.218,4.464,5.458,5.344,4.608,4.824,5.152
4044.03,18,3.063,3.058,2.825,3.578,2.824,2.799,3.387,3.454,3.23,3.885,2.932,3.252,3.458,2.924,3.344,4.016,4.076,4.246,4.467,5.42,5.319,4.634,4.836,5.251
4045.03,18,3.091,2.957,2.779,3.543,2.903,2.861,3.398,3.479,3.247,3.817,2.81,3.258,3.501,2.876,3.354,3.964,4.081,4.234,4.453,5.445,5.324,4.611,4.754,5.197
4046.03,18,3.048,3.077,2.827,3.569,2.891,2.819,3.404,3.461,3.175,3.781,2.883,3.27,3.466,2.897,3.379,4.058,4.124,4.235,4.433,5.382,5.29,4.636,4.779,5.232
4047.03,18,3.068,2.966,2.829,3.533,2.889,2.82,3.411,3.554,3.254,3.84,2.934,3.213,3.513,2.894,3.278,4.008,4.076,4.23,4.435,5.468,5.315,4.599,4.821,5.223
4048.03,18,3.063,3.023,2.821,3.637,2.83,2.759,3.413,3.475,3.237,3.814,2.84,3.263,3.587,2.913,3.338,3.972,4.1,4.212,4.43,5.505,5.351,4.508,4.842,5.268
4049.03,18,3.112,2.987,2.838,3.637,2.867,2.824,3.476,3.482,3.193,3.813,2.869,3.287,3.518,2.943,3.418,3.958,4.127,4.229,4.474,5.468,5.319,4.573,4.842,5.268
4050.03,18,3.002,2.998,2.795,3.666,2.849,2.783,3.462,3.472,3.195,3.893,2.91,3.212,3.443,2.909,3.386,4.01,4.077,4.19,4.448,5.463,5.334,4.605,4.77,5.195
4051.03,18,3.052,3.028,2.806,3.636,2.825,2.813,3.415,3.413,3.185,3.882,2.902,3.253,3.475,2.929,3.363,4.008,4.084,4.184,4.418,5.447,5.311,4.565,4.847,5.213
4052.03,18,3.032,3.015,2.815,3.658,2.835,2.799,3.418,3.462,3.227,3.832,2.892,3.169,3.5,2.939,3.429,3.963,4.124,4.302,4.372,5.394,5.385,4.582,4.777,5.173
4053.03,18,2.988,3.012,2.877,3.571,2.905,2.772,3.449,3.499,3.229,3.772,2.84,3.319,3.538,2.922,3.38,4.047,4.115,4.255,4.424,5.465,5.312,4.609,4.851,5.214
4054.03,18,3.032,2.976,2.811,3.637,2.886,2.77,3.445,3.41,3.186,3.835,2.904,3.185,3.501,2.948,3.371,4.039,4.077,4.283,4.398,5.412,5.306,4.563,4.815,5.171
4055.03,18,3.048,3.051,2.857,3.555,2.9,2.833,3.451,3.479,3.222,3.868,2.909,3.241,3.512,2.945,3.317,4.065,4.124,4.303,4.421,5.409,5.301,4.472,4.86,5.143
4056.03,18,3.062,3.067,2.806,3.636,2.922,2.779,3.473,3.517,3.251,3.801,2.845,3.276,3.559,2.906,3.438,4.009,4.093,4.234,4.385,5.421,5.292,4.545,4.817,5.204
4057.03,18,3.098,3.066,2.773,3.67,2.917,2.85,3.409,3.447,3.168,3.881,2.901,3.283,3.505,2.89,3.363,4.044,4.061,4.282,4.407,5.447,5.305,4.556,4.804,5.19
4058.03,18,3.026,3.038,2.887,3.646,2.918,2.854,3.44,3.577,3.2,3.797,2.856,3.284,3.539,2.87,3.375,4.038,4.101,4.235,4.411,5.499,5.318,4.534,4.821,5.228
4059.03,18,3.041,3.049,2.805,3.632,2.887,2.842,3.386,3.448,3.161,3.889,2.855,3.25,3.489,2.97,3.384,3.992,4.11,4.234,4.344,5.426,5.31,4.547,4.827,5.185
4060.03,18,3.009,3.078,2.831,3.581,2.852,2.867,3.39,3.438,3.239,3.837,2.875,3.246,3.539,2.907,3.295,4.014,4.081,4.279,4.437,5.421,5.338,4.554,4.744,5.237
4061.03,18,3.046,2.963,2.836,3.592,2.826,2.78,3.422,3.503,3.184,3.881,2.877,3.229,3.478,2.884,3.353,4.014,4.056,4.214,4.371,5.465,5.325,4.58,4.764,5.268
4062.03,18,3.051,3.024,2.833,3.596,2.87,2.765,3.471,3.472,3.29,3.842,2.904,3.284,3.492,2.943,3.331,4.001,4.088,4.198,4.379,5.47,5.389,4.532,4.811,5.231
4063.03,18,3.031,3.03,2.821,3.59,2.887,2.751,3.448,3.456,3.226,3.836,2.849,3.224,3.477,2.888,3.299,3.988,4.09,4.189,4.415,5.486,5.267,4.618,4.78,5.181
4064.03,18,3.021,3.031,2.807,3.579,2.896,2.825,3.432,3.432,3.214,3.876,2.888,3.279,3.502,2.891,3.36,3.994,4.11,4.239,4.413,5.438,5.309,4.499,4.806,5.295
4065.03,18,3.095,3.048,2.771,3.579,2.887,2.845,3.439,3.429,3.233,3.835,2.886,3.206,3.462,2.896,3.366,4.045,4.096,4.293,4.405,5.444,5.364,4.524,4.788,5.202
4066.03,18,2.973,3.056,2.928,3.671,2.947,2.784,3.338,3.411,3.126,3.881,2.836,3.211,3.507,2.945,3.407,4.045,4.087,4.258,4.365,5.418,5.354,4.567,4.827,5.288
4067.03,18,3.085,3.009,2.834,3.613,2.914,2.808,3.413,3.539,3.241,3.851,2.895,3.241,3.479,2.968,3.315,4.031,4.091,4.181,4.401,5.424,5.328,4.565,4.841,5.241
4068.03,18,2.998,3.051,2.816,3.624,2.963,2.783,3.47,3.445,3.239,3.841,2.944,3.218,3.464,2.858,3.306,4.029,4.141,4.273,4.353,5.356,5.336,4.517,4.816,5.245
4069.03,18,3.08,3.04,2.829,3.599,2.829,2.835,3.459,3.443,3.222,3.914,2.928,3.221,3.57,2.881,3.413,4.015,4.125,4.288,4.441,5.407,5.328,4.53,4.751,5.231
4070.03,18,3.127,3.012,2.814,3.603,2.953,2.804,3.416,3.446,3.232,3.844,2.91,3.223,3.498,2.88,3.326,3.958,4.238,4.262,4.422,5.439,5.307,4.55,4.816,5.217
4071.03,18,2.99,3.038,2.799,3.619,2.901,2.816,3.419,3.47,3.178,3.876,2.833,3.271,3.469,2.911,3.382,4.018,4.033,4.226,4.4,5.481,5.358,4.551,4.789,5.274
4072.03,18,3.022,2.973,2.862,3.658,2.942,2.78,3.475,3.492,3.11,3.89,2.778,3.162,3.56,2.881,3.336,4.059,4.077,4.25,4.396,5.434,5.354,4.592,4.832,5.158
4073.03,18,3.109,3.034,2.844,3.654,2.949,2.811,3.437,3.409,3.247,3.87,2.869,3.284,3.52,2.93,3.352,4.034,4.126,4.199,4.457,5.412,5.352,4.484,4.785,5.247
4074.03,18,3.05,3.024,2.799,3.623,2.872,2.777,3.472,3.534,3.277,3.831,2.867,3.324,3.497,2.921,3.347,3.93,4.069,4.31,4.364,5.458,5.329,4.525,4.818,5.234
4075.03,18,3.061,3.062,2.857,3.606,2.864,2.817,3.455,3.479,3.207,3.815,2.879,3.262,3.483,2.9,3.352,4.074,4.165,4.315,4.369,5.45,5.245,4.538,4.808,5.166
4076.03,18,3.076,3.037,2.81,3.658,2.921,2.818,3.421,3.428,3.232,3.817,2.827,3.271,3.478,2.957,3.395,4.017,4.178,4.215,4.404,5.434,5.299,4.524,4.845,5.203
4077.03,18,3.07,3.035,2.837,3.693,2.825,2.905,3.415,3.481,3.237,3.885,2.863,3.319,3.518,2.933,3.384,4.021,4.13,4.19,4.323,5.43,5.322,4.538,4.848,5.214
4078.03,18,3.022,3.013,2.842,3.611,2.896,2.884,3.387,3.422,3.274,3.917,2.855,3.249,3.498,2.971,3.306,4,4.113,4.273,4.408,5.467,5.326,4.59,4.744,5.217
4079.03,18,3.018,3.026,2.815,3.621,2.939,2.753,3.451,3.45,3.202,3.832,2.911,3.304,3.585,2.909,3.322,4.06,4.125,4.282,4.339,5.472,5.385,4.567,4.767,5.278
4080.03,18,3.102,3.028,2.847,3.612,2.923,2.833,3.411,3.484,3.278,3.817,2.945,3.332,3.528,2.954,3.414,4.064,4.092,4.252,4.356,5.475,5.312,4.545,4.827,5.129
4081.03,18,3.048,3.076,2.909,3.584,2.87,2.852,3.435,3.47,3.186,3.839,2.88,3.252,3.552,2.881,3.326,4.052,4.137,4.252,4.352,5.387,5.358,4.563,4.752,5.188
4082.03,18,3.062,3.054,2.81,3.572,2.882,2.842,3.4,3.464,3.174,3.856,2.867,3.191,3.534,2.97,3.352,3.996,4.157,4.29,4.358,5.447,5.349,4.458,4.837,5.257
4083.03,18,3.041,3.06,2.845,3.59,2.903,2.798,3.401,3.472,3.212,3.828,2.849,3.289,3.508,2.908,3.349,4.008,4.074,4.221,4.395,5.395,5.3,4.547,4.867,5.23
4084.03,18,3.05,3.072,2.826,3.646,2.872,2.782,3.418,3.493,3.207,3.824,2.919,3.274,3.538,2.95,3.338,4.069,4.135,4.227,4.376,5.437,5.286,4.517,4.793,5.195
4085.03,18,3.006,3.021,2.766,3.633,2.872,2.791,3.403,3.487,3.205,3.84,2.876,3.269,3.517,2.914,3.403,4.006,4.14,4.221,4.362,5.422,5.358,4.633,4.8,5.251
4086.03,18,3.037,3.023,2.84,3.617,2.845,2.836,3.442,3.509,3.173,3.812,2.863,3.27,3.549,2.92,3.388,4.064,4.116,4.278,4.375,5.44,5.35,4.519,4.826,5.249
4087.03,18,3.058,3.058,2.814,3.573,2.898,2.864,3.434,3.47,3.276,3.815,2.878,3.297,3.527,2.921,3.409,4.021,4.081,4.25,4.406,5.446,5.302,4.588,4.799,5.149
4088.03,18,3.072,3.065,2.805,3.696,2.888,2.84,3.406,3.442,3.205,3.809,2.885,3.296,3.553,2.948,3.357,4.065,4.149,4.214,4.353,5.448,5.341,4.575,4.862,5.187
4089.03,18,3.052,3.081,2.856,3.606,2.893,2.805,3.416,3.461,3.204,3.871,2.913,3.256,3.427,2.919,3.333,4,4.118,4.269,4.343,5.415,5.34,4.579,4.825,5.184
4090.03,18,3.082,3.065,2.837,3.626,2.875,2.866,3.48,3.466,3.243,3.865,2.903,3.319,3.544,2.882,3.343,3.931,4.13,4.232,4.426,5.403,5.348,4.536,4.834,5.22
4091.03,18,3.06,2.947,2.812,3.646,2.874,2.786,3.442,3.487,3.19,3.865,2.882,3.268,3.547,2.889,3.401,3.998,4.166,4.292,4.319,5.421,5.363,4.493,4.826,5.234
4092.03,18,3.049,3.021,2.86,3.629,2.886,2.815,3.392,3.526,3.234,3.885,2.854,3.302,3.523,2.945,3.326,4.08,4.145,4.22,4.348,5.482,5.424,4.597,4.776,5.248
4093.03,18,3.074,3.049,2.819,3.667,2.888,2.856,3.461,3.425,3.232,3.9,2.886,3.21,3.487,2.943,3.399,4.075,4.13,4.226,4.367,5.431,5.367,4.516,4.765,5.221
4094.03,18,3.05,3.047,2.787,3.596,2.848,2.821,3.375,3.436,3.177,3.932,2.859,3.272,3.546,2.897,3.404,4.024,4.129,4.32,4.355,5.415,5.314,4.545,4.829,5.214
4095.03,18,3.074,2.983,2.824,3.592,2.865,2.835,3.39,3.518,3.2,3.812,2.929,3.286,3.506,2.955,3.375,4.027,4.118,4.235,4.405,5.5,5.397,4.608,4.745,5.24
4096.03,18,3.06,2.986,2.796,3.654,2.885,2.831,3.48,3.484,3.227,3.873,2.793,3.265,3.493,2.951,3.316,4.047,4.108,4.286,4.331,5.42,5.31,4.593,4.763,5.267
4097.03,18,3.121,3.011,2.775,3.639,2.9,2.854,3.405,3.435,3.183,3.816,2.912,3.301,3.511,2.932,3.413,4.066,4.076,4.26,4.334,5.497,5.363,4.571,4.803,5.209
4098.03,18,3.106,3.065,2.782,3.557,2.897,2.84,3.434,3.448,3.19,3.85,2.887,3.222,3.496,2.918,3.336,4.037,4.077,4.257,4.297,5.511,5.377,4.541,4.799,5.239
4099.03,18,3.04,2.962,2.795,3.58,2.921,2.85,3.425,3.495,3.21,3.852,2.84,3.266,3.484,2.89,3.379,3.998,4.139,4.328,4.311,5.488,5.35,4.534,4.81,5.241
4100.03,18,3.092,3.107,2.851,3.599,2.837,2.89,3.417,3.486,3.25,3.867,2.855,3.308,3.525,2.953,3.373,4.054,4.121,4.239,4.328,5.408,5.324,4.538,4.76,5.201
4101.03,18,3.069,3.028,2.837,3.587,2.927,2.81,3.434,3.502,3.227,3.84,2.88,3.31,3.508,2.942,3.329,4.024,4.084,4.264,4.28,5.484,5.327,4.544,4.786,5.242
4102.03,18,3.098,3.08,2.799,3.685,2.855,2.805,3.38,3.41,3.202,3.913,2.832,3.295,3.507,2.836,3.347,3.984,4.114,4.26,4.27,5.413,5.277,4.556,4.735,5.219
4103.03,18,3.108,2.962,2.862,3.601,2.858,2.818,3.4,3.439,3.196,3.835,2.902,3.279,3.569,2.918,3.315,4.054,4.103,4.227,4.317,5.48,5.366,4.573,4.792,5.209
4104.03,18,3.087,2.964,2.805,3.701,2.845,2.858,3.485,3.454,3.263,3.898,2.903,3.339,3.466,2.923,3.332,4.023,4.111,4.322,4.308,5.47,5.347,4.516,4.773,5.237
4105.03,18,3.026,3.06,2.842,3.644,2.951,2.789,3.385,3.51,3.178,3.857,2.93,3.274,3.489,2.931,3.352,4.028,4.096,4.273,4.34,5.472,5.399,4.457,4.856,5.215
4106.03,18,3.065,3.033,2.805,3.61,2.855,2.811,3.41,3.439,3.202,3.772,2.854,3.314,3.544,2.974,3.413,4.045,4.123,4.257,4.328,5.412,5.376,4.473,4.81,5.292
4107.03,18,3.108,2.951,2.862,3.661,2.834,2.784,3.471,3.462,3.22,3.814,2.94,3.23,3.448,2.944,3.348,4.08,4.092,4.278,4.347,5.483,5.334,4.586,4.82,5.296
4108.03,18,3.096,3.082,2.785,3.625,2.8,2.851,3.429,3.569,3.247,3.88,2.819,3.303,3.565,2.882,3.338,4.021,4.095,4.223,4.384,5.509,5.35,4.565,4.774,5.209
4109.03,18,3.084,3.053,2.779,3.656,2.919,2.817,3.445,3.413,3.208,3.88,2.862,3.247,3.471,2.928,3.448,4.018,4.136,4.196,4.314,5.388,5.331,4.573,4.793,5.171
4110.03,18,3.132,3.03,2.811,3.639,2.917,2.844,3.442,3.503,3.177,3.845,2.908,3.234,3.54,2.852,3.337,4.038,4.081,4.261,4.31,5.423,5.367,4.525,4.778,5.243
4111.03,18,3.107,3.011,2.903,3.636,2.896,2.843,3.453,3.538,3.184,3.823,2.851,3.228,3.558,2.983,3.329,3.946,4.073,4.234,4.306,5.394,5.296,4.537,4.819,5.212
4112.03,18,3.043,3.022,2.848,3.581,2.875,2.817,3.42,3.452,3.235,3.836,2.848,3.269,3.519,2.927,3.421,4.055,4.098,4.197,4.276,5.387,5.314,4.552,4.812,5.206
4113.03,18,3.024,3.057,2.801,3.653,2.839,2.877,3.372,3.445,3.226,3.866,2.896,3.286,3.507,2.884,3.379,4.014,4.107,4.236,4.323,5.46,5.395,4.566,4.811,5.175
4114.03,18,3.064,3.032,2.781,3.635,2.861,2.831,3.469,3.514,3.226,3.767,2.852,3.244,3.56,2.907,3.353,4.037,4.149,4.206,4.307,5.449,5.332,4.533,4.851,5.191
4115.03,18,3.108,3.02,2.784,3.621,2.817,2.864,3.484,3.475,3.199,3.908,2.876,3.277,3.481,2.91,3.301,4.009,4.112,4.282,4.25,5.455,5.34,4.549,4.838,5.226
4116.03,18,3.085,3.046,2.843,3.584,2.837,2.87,3.438,3.471,3.167,3.827,2.873,3.275,3.546,2.849,3.447,3.975,4.127,4.256,4.28,5.417,5.429,4.599,4.82,5.236
4117.03,18,3.079,3.021,2.855,3.6,2.871,2.853,3.407,3.523,3.165,3.848,2.841,3.343,3.549,2.927,3.369,4.001,4.125,4.277,4.233,5.45,5.353,4.548,4.754,5.278
4118.03,18,3.029,3.01,2.779,3.622,2.884,2.835,3.406,3.465,3.179,3.845,2.868,3.28,3.56,2.906,3.349,3.976,4.125,4.244,4.323,5.484,5.4,4.615,4.833,5.331
4119.03,18,3.062,2.984,2.8,3.62,2.876,2.876,3.449,3.462,3.196,3.827,2.9,3.239,3.504,2.931,3.445,4.025,4.131,4.274,4.187,5.406,5.39,4.546,4.769,5.224
4120.03,18,3.07,3.031,2.797,3.615,2.933,2.874,3.401,3.406,3.233,3.841,2.875,3.266,3.489,2.923,3.4,4.057,4.082,4.312,4.242,5.423,5.355,4.528,4.783,5.28
4121.03,18,3.057,3.078,2.871,3.57,2.873,2.816,3.408,3.528,3.227,3.865,2.869,3.312,3.457,2.851,3.388,4.067,4.079,4.244,4.305,5.412,5.321,4.53,4.779,5.226
4122.03,18,3.125,2.998,2.787,3.632,2.919,2.841,3.43,3.455,3.172,3.839,2.862,3.315,3.52,2.87,3.323,4.003,4.136,4.295,4.257,5.446,5.359,4.608,4.856,5.171
4123.03,18,3.04,3.054,2.806,3.649,2.9,2.85,3.466,3.442,3.213,3.895,2.868,3.357,3.52,2.873,3.402,4.04,4.101,4.287,4.237,5.565,5.376,4.549,4.732,5.227
4124.03,18,3.159,3.016,2.871,3.58,2.875,2.854,3.432,3.467,3.212,3.812,2.843,3.282,3.521,2.954,3.406,4.036,4.074,4.29,4.276,5.442,5.362,4.527,4.81,5.247
4125.03,18,3.044,2.981,2.752,3.61,2.91,2.859,3.382,3.411,3.257,3.843,2.846,3.244,3.498,2.898,3.36,4.047,4.157,4.271,4.243,5.519,5.374,4.544,4.777,5.287
4126.03,18,3.097,2.983,2.757,3.634,2.927,2.828,3.395,3.484,3.213,3.878,2.89,3.29,3.467,2.961,3.408,4.05,4.105,4.309,4.303,5.464,5.329,4.591,4.748,5.272
4127.03,18,3.091,3.023,2.802,3.594,2.924,2.849,3.451,3.515,3.209,3.833,2.91,3.302,3.541,2.946,3.387,4.076,4.12,4.299,4.285,5.4,5.355,4.543,4.846,5.217
4128.03,18,3.113,3.023,2.844,3.697,2.857,2.836,3.453,3.503,3.212,3.83,2.876,3.274,3.533,2.95,3.352,3.959,4.093,4.325,4.278,5.393,5.403,4.522,4.853,5.301
4129.03,18,3.037,2.987,2.793,3.632,2.933,2.81,3.375,3.49,3.21,3.836,2.856,3.261,3.507,2.897,3.37,4.019,4.176,4.297,4.191,5.405,5.36,4.538,4.816,5.234
4130.03,18,3.091,3.032,2.829,3.666,2.839,2.873,3.48,3.45,3.289,3.893,2.857,3.234,3.523,2.904,3.382,4.098,4.102,4.248,4.248,5.41,5.4,4.585,4.851,5.212
4131.03,18,3.055,3.042,2.852,3.611,2.872,2.854,3.42,3.455,3.232,3.799,2.855,3.332,3.574,2.925,3.329,4.001,4.097,4.29,4.273,5.466,5.291,4.566,4.716,5.28
4132.03,18,3.052,3.036,2.825,3.573,2.926,2.882,3.402,3.352,3.24,3.836,2.896,3.314,3.515,2.894,3.364,4.04,4.047,4.301,4.275,5.493,5.372,4.624,4.799,5.172
4133.03,18,3.106,3.026,2.903,3.597,2.857,2.829,3.411,3.419,3.223,3.87,2.814,3.313,3.494,2.872,3.331,4.087,4.123,4.3,4.243,5.404,5.323,4.541,4.753,5.265
4134.03,18,3.1,3.003,2.864,3.651,2.834,2.881,3.438,3.46,3.237,3.844,2.876,3.307,3.469,2.893,3.348,4.028,4.097,4.282,4.269,5.471,5.338,4.618,4.829,5.178
4135.03,18,3.122,3.082,2.817,3.648,2.866,2.835,3.441,3.442,3.321,3.842,2.848,3.258,3.491,2.994,3.392,3.971,4.115,4.324,4.288,5.412,5.403,4.631,4.873,5.251
4136.03,18,3.093,3.051,2.827,3.559,2.859,2.775,3.389,3.432,3.24,3.836,2.88,3.27,3.527,2.994,3.355,4.057,4.127,4.307,4.22,5.423,5.359,4.575,4.821,5.231
4137.03,18,3.048,3.001,2.816,3.6,2.842,2.913,3.448,3.461,3.234,3.782,2.861,3.273,3.521,2.895,3.363,4.013,4.155,4.317,4.327,5.444,5.344,4.619,4.837,5.229
4138.03,18,3.164,3.026,2.853,3.615,2.879,2.847,3.448,3.477,3.182,3.859,2.863,3.274,3.426,2.922,3.356,4.105,4.114,4.345,4.273,5.511,5.322,4.551,4.809,5.249
4139.03,18,3.136,3.043,2.843,3.659,2.897,2.824,3.449,3.424,3.249,3.863,2.965,3.343,3.55,2.889,3.392,4.094,4.099,4.271,4.341,5.441,5.327,4.524,4.78,5.195
4140.03,18,3.066,3.061,2.824,3.672,2.857,2.9,3.41,3.45,3.21,3.816,2.885,3.255,3.434,2.907,3.402,4.102,4.075,4.303,4.245,5.41,5.374,4.523,4.773,5.222
4141.03,18,3.083,3.076,2.824,3.624,2.839,2.912,3.371,3.492,3.237,3.844,2.917,3.306,3.527,2.951,3.309,4.116,4.092,4.282,4.261,5.465,5.351,4.533,4.757,5.218
4142.03,18,3.076,3.047,2.782,3.654,2.889,2.847,3.388,3.498,3.223,3.899,2.89,3.258,3.507,2.902,3.332,4.014,4.114,4.302,4.185,5.453,5.399,4.538,4.804,5.228
4143.03,18,3.06,3.073,2.77,3.569,2.803,2.869,3.442,3.409,3.182,3.831,2.903,3.315,3.575,2.881,3.372,4.005,4.174,4.253,4.268,5.442,5.377,4.573,4.77,5.199
4144.03,18,3.04,3.04,2.822,3.585,2.92,2.881,3.462,3.388,3.2,3.837,2.857,3.24,3.515,2.968,3.422,4.101,4.14,4.248,4.217,5.461,5.437,4.589,4.821,5.267
4145.03,18,3.088,3.052,2.884,3.571,2.884,2.842,3.41,3.452,3.225,3.885,2.918,3.32,3.536,2.95,3.38,4.079,4.099,4.247,4.188,5.422,5.353,4.563,4.858,5.241
4146.03,18,3.083,3.049,2.895,3.607,2.862,2.893,3.427,3.425,3.294,3.827,2.911,3.272,3.481,2.996,3.378,4.14,4.108,4.318,4.221,5.467,5.345,4.557,4.786,5.228
4147.03,18,3.067,3.05,2.866,3.66,2.864,2.823,3.45,3.437,3.168,3.836,2.897,3.32,3.532,2.955,3.313,4.113,4.104,4.267,4.156,5.476,5.368,4.536,4.841,5.212
4148.03,18,3.041,3.083,2.812,3.626,2.892,2.853,3.423,3.527,3.233,3.932,2.898,3.319,3.526,2.964,3.408,4.043,4.121,4.241,4.204,5.491,5.434,4.535,4.877,5.206
4149.03,18,3.046,3.055,2.777,3.637,2.891,2.919,3.362,3.475,3.254,3.854,2.892,3.27,3.603,2.866,3.351,4.091,4.058,4.32,4.195,5.459,5.387,4.558,4.768,5.221
4150.03,18,3.077,2.985,2.817,3.618,2.908,2.786,3.366,3.47,3.23,3.849,2.896,3.334,3.525,2.933,3.401,4.101,4.118,4.279,4.241,5.503,5.387,4.59,4.78,5.216
4151.03,18,3.039,3.069,2.914,3.61,2.928,2.879,3.426,3.458,3.18,3.864,2.943,3.279,3.551,2.94,3.409,4.057,4.137,4.262,4.24,5.433,5.392,4.457,4.802,5.249
4152.03,18,3.061,3.013,2.816,3.624,2.911,2.889,3.465,3.509,3.202,3.829,2.893,3.259,3.565,2.881,3.376,4.028,4.106,4.296,4.2,5.439,5.319,4.538,4.803,5.208
4153.03,18,3.119,2.974,2.853,3.587,2.883,2.85,3.467,3.546,3.209,3.802,2.85,3.271,3.557,2.873,3.396,4.052,4.056,4.323,4.229,5.452,5.377,4.611,4.828,5.146
4154.03,18,3.083,3.068,2.881,3.61,2.85,2.88,3.411,3.472,3.248,3.826,2.858,3.296,3.563,2.889,3.305,4.047,4.151,4.272,4.212,5.459,5.41,4.512,4.795,5.253
4155.03,18,3.099,3.043,2.857,3.582,2.852,2.817,3.395,3.481,3.207,3.776,2.844,3.348,3.546,2.921,3.41,4.047,4.146,4.263,4.223,5.473,5.372,4.533,4.786,5.189
4156.03,18,3.129,3.018,2.843,3.585,2.895,2.86,3.391,3.529,3.276,3.85,2.923,3.267,3.552,2.917,3.348,4.014,4.134,4.297,4.135,5.42,5.451,4.61,4.781,5.218
4157.03,18,3.109,3.012,2.804,3.634,2.868,2.874,3.483,3.469,3.242,3.853,2.855,3.241,3.483,2.818,3.346,3.99,4.155,4.309,4.171,5.421,5.354,4.605,4.747,5.284
4158.03,18,3.14,3.07,2.861,3.557,2.863,2.898,3.381,3.468,3.264,3.861,2.908,3.265,3.495,2.865,3.376,4.034,4.075,4.294,4.192,5.51,5.331,4.5,4.732,5.223
4159.03,18,3.072,3.082,2.858,3.617,2.835,2.834,3.375,3.488,3.191,3.83,2.843,3.305,3.59,2.891,3.381,4.053,4.112,4.236,4.209,5.49,5.348,4.601,4.76,5.14
4160.03,18,3.02,3.042,2.809,3.635,2.894,2.871,3.397,3.446,3.246,3.938,2.878,3.281,3.542,2.982,3.331,3.967,4.102,4.338,4.195,5.472,5.506,4.58,4.803,5.3
4161.03,18,3.106,3.057,2.78,3.604,2.887,2.8,3.5,3.456,3.237,3.853,2.874,3.33,3.544,2.895,3.402,4.036,4.131,4.27,4.198,5.402,5.38,4.628,4.786,5.232
4162.03,18,3.07,3.056,2.807,3.661,2.875,2.868,3.442,3.52,3.246,3.857,2.901,3.273,3.551,2.899,3.396,3.993,4.11,4.293,4.162,5.442,5.381,4.531,4.859,5.286
4163.03,18,3.05,3.033,2.84,3.532,2.878,2.829,3.465,3.542,3.255,3.866,2.859,3.316,3.496,2.889,3.394,4.048,4.093,4.256,4.179,5.4,5.386,4.58,4.791,5.259
4164.03,18,3.121,3.066,2.829,3.604,2.857,2.868,3.371,3.432,3.163,3.88,2.925,3.248,3.552,2.912,3.485,4.011,4.138,4.297,4.189,5.47,5.364,4.543,4.818,5.22
4165.03,18,3.099,3.086,2.837,3.615,2.833,2.88,3.41,3.449,3.294,3.898,2.921,3.317,3.55,2.948,3.437,4.031,4.172,4.29,4.177,5.415,5.336,4.564,4.844,5.231
4166.03,18,3.039,3.032,2.862,3.654,2.86,2.872,3.459,3.478,3.253,3.762,2.92,3.364,3.555,2.934,3.379,4.055,4.079,4.282,4.191,5.455,5.387,4.566,4.754,5.201
4167.03,18,3.129,3.053,2.832,3.678,2.826,2.758,3.417,3.463,3.225,3.827,2.868,3.259,3.579,2.877,3.363,4.078,4.106,4.244,4.147,5.487,5.44,4.554,4.771,5.219
4168.03,18,3.117,3.026,2.866,3.73,2.868,2.844,3.4,3.525,3.25,3.84,2.826,3.234,3.524,2.932,3.366,4.046,4.078,4.279,4.13,5.498,5.414,4.561,4.839,5.216
4169.03,18,3.04,3.072,2.825,3.599,2.845,2.873,3.451,3.45,3.271,3.804,2.795,3.252,3.575,2.92,3.455,4.001,4.07,4.311,4.169,5.468,5.388,4.536,4.768,5.17
4170.03,18,3.056,3.002,2.877,3.632,2.893,2.869,3.44,3.505,3.225,3.898,2.901,3.311,3.532,2.905,3.411,4.096,4.098,4.313,4.175,5.424,5.427,4.577,4.833,5.232
4171.03,18,3.167,3.028,2.883,3.703,2.867,2.881,3.471,3.441,3.224,3.892,2.844,3.249,3.569,2.902,3.383,4.035,4.089,4.355,4.161,5.392,5.419,4.534,4.798,5.219
4172.03,18,3.101,3.027,2.758,3.56,2.891,2.935,3.459,3.537,3.258,3.844,2.89,3.226,3.563,2.935,3.361,4.051,4.123,4.245,4.189,5.472,5.327,4.582,4.802,5.308
4173.03,18,3.127,3.036,2.782,3.615,2.848,2.893,3.395,3.543,3.253,3.85,2.881,3.273,3.466,2.914,3.378,4.116,4.137,4.34,4.243,5.457,5.374,4.607,4.807,5.167
4174.03,18,3.076,3.036,2.849,3.653,2.891,2.844,3.425,3.454,3.218,3.87,2.903,3.275,3.501,2.927,3.41,4.084,4.077,4.305,4.189,5.399,5.421,4.53,4.836,5.287
4175.03,18,3.05,3.012,2.781,3.678,2.844,2.892,3.432,3.529,3.228,3.866,2.885,3.298,3.525,2.873,3.335,4.094,4.125,4.292,4.186,5.475,5.334,4.589,4.764,5.197
4176.03,18,3.011,3.076,2.857,3.66,2.852,2.969,3.407,3.48,3.306,3.836,2.853,3.254,3.532,2.909,3.305,4.065,4.133,4.292,4.204,5.416,5.36,4.561,4.848,5.232
4177.03,18,3.083,3.07,2.808,3.604,2.917,2.816,3.474,3.556,3.264,3.875,2.913,3.348,3.487,2.914,3.37,4.081,4.078,4.315,4.151,5.524,5.446,4.617,4.79,5.24
4178.03,18,3.05,3.085,2.866,3.593,2.803,2.846,3.404,3.499,3.154,3.87,2.923,3.311,3.518,2.921,3.364,4.079,4.109,4.324,4.2,5.447,5.364,4.573,4.811,5.186
4179.03,18,3.085,3.089,2.796,3.629,2.938,2.867,3.407,3.435,3.205,3.801,2.786,3.284,3.482,2.957,3.368,4.01,4.168,4.351,4.156,5.406,5.408,4.585,4.803,5.187
4180.03,18,3.055,2.981,2.759,3.617,2.856,2.897,3.421,3.533,3.234,3.835,2.867,3.219,3.516,2.901,3.271,4.09,4.111,4.258,4.156,5.435,5.414,4.585,4.744,5.27
4181.03,18,3.147,3.011,2.796,3.654,2.907,2.832,3.405,3.474,3.3,3.884,2.842,3.295,3.54,2.907,3.363,4.015,4.127,4.247,4.172,5.443,5.396,4.611,4.787,5.259
4182.03,18,3.118,3.065,2.803,3.651,2.806,2.886,3.453,3.527,3.234,3.827,2.859,3.278,3.513,2.928,3.433,4.027,4.156,4.32,4.135,5.469,5.42,4.614,4.833,5.274
4183.03,18,3.119,3.125,2.86,3.594,2.863,2.893,3.451,3.542,3.196,3.885,2.826,3.258,3.58,2.927,3.369,4.047,4.099,4.31,4.134,5.456,5.433,4.569,4.871,5.208
4184.03,18,3.091,2.98,2.781,3.641,2.874,2.882,3.445,3.47,3.227,3.849,2.869,3.353,3.543,2.887,3.415,3.995,4.139,4.273,4.207,5.458,5.337,4.544,4.823,5.225
4185.03,18,3.107,3.061,2.855,3.597,2.868,2.826,3.446,3.514,3.242,3.835,2.884,3.264,3.513,2.96,3.379,4.061,4.157,4.312,4.127,5.502,5.386,4.549,4.868,5.197
4186.03,18,3.055,2.998,2.903,3.645,2.876,2.823,3.414,3.45,3.247,3.829,2.834,3.254,3.531,2.965,3.316,4.007,4.035,4.244,4.197,5.38,5.436,4.578,4.798,5.205
4187.03,18,3.131,3.022,2.843,3.624,2.891,2.868,3.42,3.528,3.227,3.852,2.874,3.269,3.567,2.927,3.376,4.08,4.146,4.34,4.116,5.473,5.336,4.603,4.756,5.164
4188.03,18,3.076,3.089,2.854,3.584,2.955,2.848,3.428,3.439,3.282,3.848,2.892,3.319,3.501,2.941,3.354,4.042,4.117,4.263,4.18,5.412,5.395,4.575,4.792,5.273
4189.03,18,3.088,3.036,2.848,3.603,2.887,2.857,3.474,3.478,3.257,3.869,2.973,3.315,3.528,2.965,3.344,4.036,4.134,4.309,4.145,5.489,5.379,4.581,4.839,5.194
4190.03,18,3.116,3.051,2.842,3.638,2.902,2.896,3.431,3.551,3.236,3.838,2.941,3.26,3.515,2.865,3.366,4.017,4.07,4.22,4.145,5.397,5.406,4.612,4.791,5.273
4191.03,18,3.081,3.048,2.866,3.598,2.907,2.87,3.371,3.469,3.242,3.912,2.864,3.286,3.535,2.908,3.428,4.062,4.124,4.225,4.188,5.426,5.41,4.554,4.849,5.28
4192.03,18,3.11,3.046,2.842,3.604,2.828,2.918,3.366,3.533,3.26,3.87,2.925,3.299,3.531,2.975,3.332,4.063,4.112,4.295,4.166,5.461,5.412,4.543,4.82,5.158
4193.03,18,3.081,3.108,2.832,3.628,2.873,2.838,3.417,3.496,3.193,3.849,2.893,3.314,3.507,2.973,3.456,4.094,4.113,4.335,4.181,5.472,5.398,4.551,4.813,5.29
4194.03,18,3.085,3.043,2.908,3.665,2.799,2.858,3.479,3.472,3.226,3.894,2.93,3.296,3.554,2.995,3.384,4.127,4.125,4.334,4.237,5.432,5.417,4.563,4.79,5.266
4195.03,18,3.038,3.022,2.825,3.64,2.903,2.831,3.413,3.421,3.178,3.844,2.92,3.324,3.558,2.924,3.375,4.059,4.157,4.264,4.189,5.468,5.385,4.539,4.856,5.229
4196.03,18,3.092,3.134,2.845,3.625,2.868,2.851,3.419,3.493,3.151,3.827,2.942,3.281,3.513,2.921,3.434,4.018,4.088,4.268,4.177,5.449,5.426,4.59,4.802,5.271
4197.03,18,3.007,3.029,2.817,3.621,2.874,2.843,3.437,3.454,3.229,3.945,2.909,3.273,3.571,2.906,3.426,3.996,4.168,4.319,4.219,5.402,5.411,4.596,4.797,5.197
4198.03,18,3.137,3.028,2.841,3.633,2.969,2.831,3.458,3.489,3.263,3.842,2.876,3.305,3.574,2.975,3.401,4.091,4.116,4.289,4.151,5.458,5.364,4.589,4.864,5.317
4199.03,18,3.081,3.028,2.88,3.629,2.861,2.895,3.468,3.444,3.232,3.788,2.924,3.362,3.533,2.986,3.357,4.096,4.141,4.308,4.181,5.424,5.366,4.564,4.81,5.265
4200.03,18,3.084,3.039,2.848,3.576,2.865,2.835,3.442,3.426,3.22,3.873,2.88,3.245,3.551,2.93,3.357,4.057,4.115,4.312,4.15,5.493,5.4,4.639,4.78,5.198
4201.03,18,3.074,3.049,2.828,3.589,2.83,2.91,3.422,3.45,3.242,3.838,2.862,3.287,3.52,2.961,3.37,4.035,4.074,4.307,4.071,5.417,5.41,4.625,4.753,5.251
4202.03,18,3.042,3.073,2.829,3.635,2.889,2.89,3.415,3.49,3.204,3.858,2.881,3.385,3.5,2.885,3.402,4.023,4.093,4.321,4.144,5.476,5.388,4.545,4.785,5.252
4203.03,18,3.145,3.023,2.866,3.658,2.892,2.858,3.43,3.508,3.229,3.806,2.903,3.354,3.544,2.919,3.397,4.06,4.071,4.294,4.19,5.476,5.457,4.62,4.767,5.272
4204.03,18,3.111,3.073,2.817,3.578,2.896,2.928,3.431,3.485,3.147,3.828,2.801,3.24,3.505,2.917,3.462,4.068,4.099,4.255,4.093,5.398,5.382,4.584,4.776,5.227
4205.03,18,3.047,3.051,2.868,3.606,2.965,2.87,3.437,3.486,3.221,3.82,2.854,3.294,3.471,2.903,3.387,4.082,4.114,4.307,4.254,5.44,5.385,4.559,4.809,5.252
4206.03,18,3.126,3.062,2.827,3.656,2.898,2.919,3.437,3.453,3.275,3.81,2.876,3.373,3.513,2.948,3.383,4.024,4.115,4.339,4.217,5.412,5.413,4.558,4.784,5.206
4207.03,18,3.108,3.063,2.811,3.655,2.84,2.882,3.51,3.496,3.21,3.874,2.903,3.293,3.561,2.882,3.422,4.003,4.059,4.298,4.201,5.43,5.463,4.562,4.783,5.258
4208.03,18,3.088,3.014,2.88,3.651,2.921,2.875,3.462,3.469,3.242,3.877,2.869,3.304,3.501,2.998,3.39,4.015,4.076,4.301,4.217,5.4,5.424,4.577,4.829,5.271
4209.03,18,3.176,3.031,2.88,3.612,2.859,2.856,3.442,3.449,3.185,3.934,2.868,3.215,3.525,2.952,3.395,4.03,4.171,4.335,4.175,5.479,5.384,4.593,4.8,5.202
4210.03,18,3.105,3.019,2.808,3.615,2.832,2.812,3.433,3.541,3.21,3.881,2.817,3.217,3.534,2.959,3.331,4.107,4.082,4.338,4.255,5.39,5.463,4.581,4.818,5.239
4211.03,18,3.124,3.07,2.835,3.612,2.815,2.844,3.406,3.474,3.236,3.805,2.849,3.321,3.517,2.874,3.353,4.074,4.105,4.377,4.157,5.421,5.4,4.623,4.723,5.286
4212.03,18,3.122,3.024,2.791,3.632,2.903,2.849,3.462,3.518,3.211,3.899,2.86,3.307,3.546,2.924,3.381,4.101,4.098,4.305,4.202,5.406,5.398,4.612,4.807,5.268
4213.03,18,3.068,3.038,2.834,3.644,2.877,2.91,3.347,3.454,3.183,3.821,2.974,3.289,3.586,2.955,3.372,4.095,4.142,4.415,4.206,5.494,5.396,4.607,4.822,5.286
4214.03,18,3.144,3.04,2.837,3.556,2.872,2.887,3.472,3.492,3.222,3.899,2.858,3.327,3.483,2.93,3.364,4.004,4.109,4.265,4.079,5.456,5.316,4.525,4.736,5.25
4215.03,18,3.133,3.079,2.851,3.641,2.859,2.901,3.428,3.455,3.22,3.839,2.892,3.236,3.535,2.957,3.417,4.016,4.136,4.309,4.215,5.452,5.356,4.582,4.814,5.224
4216.03,18,3.111,3.112,2.867,3.644,2.914,2.862,3.357,3.505,3.194,3.878,2.913,3.294,3.506,2.916,3.423,4.048,4.139,4.219,4.198,5.487,5.337,4.604,4.843,5.243
4217.03,18,3.102,3.02,2.81,3.552,2.789,2.848,3.5,3.504,3.165,3.872,2.884,3.266,3.6,2.968,3.372,4.028,4.107,4.344,4.173,5.426,5.453,4.613,4.847,5.265
4218.03,18,3.055,2.992,2.78,3.66,2.904,2.882,3.369,3.442,3.18,3.882,2.877,3.358,3.52,2.934,3.351,4.032,4.08,4.297,4.105,5.491,5.408,4.566,4.819,5.197
4219.03,18,3.027,3.049,2.856,3.547,2.885,2.867,3.437,3.529,3.25,3.901,2.941,3.297,3.573,2.978,3.434,4.057,4.15,4.271,4.172,5.431,5.449,4.633,4.773,5.273
4220.03,18,3.061,3.081,2.823,3.634,2.958,2.905,3.388,3.461,3.235,3.854,2.951,3.288,3.522,2.934,3.41,4.097,4.162,4.347,4.214,5.469,5.406,4.589,4.81,5.21
4221.03,18,3.087,3.058,2.819,3.61,2.877,2.89,3.446,3.509,3.181,3.835,2.906,3.243,3.574,2.891,3.387,4.075,4.096,4.26,4.111,5.442,5.452,4.666,4.823,5.234
4222.03,18,3.169,3.051,2.774,3.65,2.889,2.923,3.419,3.469,3.255,3.795,2.84,3.326,3.532,2.94,3.391,4.116,4.093,4.285,4.189,5.495,5.401,4.545,4.839,5.243
4223.03,18,3.078,3.08,2.76,3.661,2.898,2.867,3.479,3.533,3.199,3.841,2.894,3.341,3.527,2.899,3.353,4.065,4.114,4.272,4.205,5.478,5.441,4.644,4.86,5.21
4224.03,18,3.054,3.061,2.806,3.637,2.876,2.894,3.388,3.444,3.231,3.766,2.902,3.278,3.559,2.912,3.32,4.06,4.095,4.315,4.168,5.409,5.437,4.599,4.831,5.252
4225.03,18,3.061,3.061,2.853,3.601,2.868,2.889,3.444,3.451,3.254,3.908,2.849,3.236,3.52,2.9,3.349,4.104,4.083,4.283,4.13,5.464,5.398,4.621,4.833,5.229
4226.03,18,3.088,2.963,2.837,3.644,2.875,2.87,3.417,3.425,3.207,3.901,2.864,3.331,3.54,2.866,3.409,4.114,4.126,4.327,4.156,5.476,5.358,4.588,4.861,5.247
4227.03,18,3.079,3.062,2.816,3.641,2.914,2.933,3.406,3.522,3.24,3.804,2.93,3.315,3.517,2.905,3.427,3.998,4.094,4.244,4.181,5.507,5.34,4.573,4.802,5.252
4228.03,18,3.087,3.015,2.85,3.648,2.855,2.887,3.446,3.505,3.182,3.833,2.903,3.256,3.555,2.925,3.355,4.13,4.068,4.341,4.157,5.496,5.442,4.627,4.765,5.321
4229.03,18,3.101,3.022,2.825,3.574,2.878,2.963,3.421,3.543,3.266,3.914,2.874,3.344,3.543,2.883,3.369,4.054,4.158,4.346,4.255,5.352,5.453,4.613,4.755,5.257
4230.03,18,3.134,3.056,2.844,3.627,2.874,2.861,3.385,3.49,3.219,3.793,2.923,3.328,3.547,3.015,3.393,4.049,4.083,4.291,4.186,5.426,5.412,4.582,4.847,5.248
4231.03,18,3.106,3.035,2.817,3.601,2.897,2.907,3.393,3.497,3.256,3.883,2.902,3.308,3.542,2.907,3.347,4.016,4.106,4.341,4.145,5.388,5.404,4.551,4.805,5.226
4232.03,18,3.079,3.025,2.814,3.608,2.849,2.851,3.414,3.46,3.186,3.851,2.888,3.313,3.578,2.916,3.41,4.089,4.134,4.286,4.236,5.424,5.385,4.693,4.75,5.255
4233.03,18,3.072,3.066,2.846,3.631,2.92,2.909,3.401,3.47,3.215,3.826,2.849,3.328,3.535,2.9,3.388,4.121,4.147,4.286,4.138,5.412,5.407,4.563,4.803,5.23
4234.03,18,3.091,2.98,2.839,3.633,2.9,2.839,3.479,3.516,3.235,3.839,2.886,3.287,3.571,2.888,3.364,4.044,4.072,4.336,4.143,5.396,5.425,4.555,4.85,5.282
4235.03,18,3.044,3.005,2.814,3.629,2.938,2.86,3.463,3.414,3.254,3.865,2.9,3.322,3.596,2.906,3.392,4.034,4.12,4.331,4.188,5.385,5.418,4.555,4.775,5.218
4236.03,18,3.119,3.009,2.809,3.59,2.878,2.838,3.468,3.508,3.228,3.793,2.931,3.298,3.512,2.956,3.383,4.034,4.099,4.351,4.202,5.43,5.402,4.655,4.838,5.284
4237.03,18,3.131,2.942,2.816,3.603,2.839,2.868,3.437,3.469,3.273,3.843,2.916,3.292,3.499,2.906,3.375,4.09,4.041,4.316,4.208,5.445,5.351,4.615,4.866,5.256
4238.03,18,3.063,3.024,2.826,3.648,2.85,2.885,3.483,3.537,3.207,3.84,2.902,3.354,3.482,2.936,3.4,4.074,4.132,4.275,4.169,5.44,5.376,4.539,4.861,5.309
4239.03,18,3.15,3.041,2.795,3.602,2.862,2.848,3.435,3.486,3.202,3.824,2.922,3.319,3.524,2.938,3.451,3.938,4.1,4.346,4.142,5.402,5.446,4.577,4.806,5.2
4240.03,18,3.139,3.087,2.818,3.599,2.876,2.884,3.352,3.443,3.235,3.909,2.949,3.321,3.549,2.95,3.387,4.086,4.077,4.299,4.186,5.435,5.455,4.615,4.774,5.249
4241.03,18,3.049,2.98,2.831,3.625,2.899,2.83,3.458,3.533,3.25,3.823,2.879,3.338,3.554,2.928,3.323,4.05,4.109,4.339,4.164,5.438,5.439,4.579,4.815,5.242
4242.03,18,3.04,3.047,2.841,3.597,2.893,2.844,3.422,3.43,3.275,3.857,2.855,3.32,3.609,2.927,3.415,4.042,4.101,4.313,4.172,5.437,5.412,4.683,4.766,5.271
4243.03,18,3.067,3.028,2.836,3.602,2.899,2.88,3.454,3.489,3.258,3.868,2.927,3.298,3.507,2.933,3.416,4.075,4.11,4.247,4.175,5.461,5.409,4.578,4.844,5.237
4244.03,18,3.075,3.025,2.802,3.615,2.857,2.908,3.432,3.531,3.225,3.928,2.955,3.331,3.535,2.891,3.385,4.07,4.099,4.267,4.157,5.516,5.418,4.594,4.857,5.259
4245.03,18,3.051,3.058,2.796,3.631,2.954,2.894,3.508,3.405,3.241,3.862,2.84,3.337,3.562,2.982,3.374,3.978,4.125,4.328,4.192,5.461,5.416,4.615,4.843,5.213
4246.03,18,3.052,3.07,2.791,3.583,2.885,2.867,3.431,3.498,3.185,3.883,2.86,3.221,3.518,2.963,3.38,4.063,4.113,4.324,4.173,5.51,5.357,4.674,4.782,5.279
4247.03,18,3.104,3.049,2.84,3.646,2.877,2.905,3.364,3.469,3.216,3.867,2.939,3.312,3.589,2.96,3.354,4.06,4.077,4.332,4.197,5.424,5.421,4.607,4.782,5.308
4248.03,18,3.125,3.029,2.822,3.609,2.866,2.925,3.448,3.495,3.294,3.852,2.879,3.333,3.555,2.917,3.41,4.049,4.153,4.28,4.2,5.435,5.444,4.661,4.832,5.229
4249.03,18,3.114,3.091,2.824,3.644,2.856,2.836,3.378,3.476,3.248,3.828,2.867,3.281,3.543,2.97,3.345,4.052,4.098,4.328,4.1,5.505,5.428,4.613,4.774,5.309
4250.03,18,3.162,3.096,2.88,3.671,2.916,2.852,3.417,3.48,3.217,3.845,2.864,3.301,3.505,2.992,3.447,4.097,4.14,4.223,4.125,5.434,5.38,4.619,4.822,5.172
4251.03,18,3.025,2.969,2.81,3.625,2.886,2.852,3.456,3.537,3.163,3.871,2.902,3.314,3.513,2.903,3.382,4.048,4.102,4.341,4.169,5.422,5.411,4.634,4.796,5.254
4252.03,18,3.074,3.08,2.803,3.589,2.899,2.835,3.447,3.459,3.243,3.847,2.787,3.341,3.559,2.961,3.339,4.035,4.135,4.334,4.193,5.456,5.456,4.627,4.818,5.27
4253.03,18,3.114,3.062,2.762,3.617,2.877,2.916,3.366,3.534,3.246,3.867,2.919,3.264,3.536,2.912,3.388,4.013,4.102,4.288,4.163,5.47,5.457,4.588,4.764,5.184
4254.03,18,3.08,3.066,2.829,3.59,2.79,2.849,3.386,3.444,3.22,3.866,2.895,3.36,3.489,2.876,3.344,4.033,4.136,4.281,4.193,5.463,5.393,4.618,4.766,5.238
4255.03,18,3.141,3.02,2.863,3.669,2.884,2.926,3.486,3.469,3.159,3.837,2.886,3.318,3.546,2.912,3.404,4.014,4.099,4.266,4.212,5.476,5.404,4.552,4.851,5.232
4256.03,18,3.124,2.982,2.798,3.608,2.877,2.872,3.416,3.441,3.151,3.82,2.882,3.332,3.468,2.924,3.362,4.099,4.171,4.342,4.185,5.537,5.451,4.565,4.797,5.224
4257.03,18,3.097,3.068,2.83,3.597,2.864,2.921,3.445,3.496,3.209,3.858,2.884,3.34,3.585,2.9,3.401,4.051,4.073,4.263,4.192,5.411,5.471,4.619,4.886,5.218
4258.03,18,3.084,3.05,2.872,3.581,2.858,2.853,3.418,3.492,3.233,3.851,2.871,3.349,3.534,2.929,3.392,4.056,4.086,4.35,4.253,5.512,5.421,4.591,4.761,5.217
4259.03,18,3.142,3.054,2.883,3.663,2.872,2.859,3.392,3.465,3.216,3.85,2.841,3.331,3.535,2.887,3.37,4.062,4.139,4.307,4.198,5.428,5.447,4.584,4.849,5.218
4260.03,18,3.094,3.106,2.79,3.583,2.893,2.887,3.447,3.441,3.19,3.825,2.93,3.314,3.52,2.866,3.388,4.121,4.13,4.319,4.158,5.461,5.397,4.619,4.811,5.249
4261.03,18,3.099,3.045,2.855,3.621,2.845,2.868,3.421,3.508,3.24,3.854,2.912,3.316,3.478,2.944,3.381,4.071,4.091,4.307,4.157,5.403,5.397,4.596,4.858,5.246
4262.03,18,3.126,3.009,2.805,3.623,2.831,2.89,3.431,3.445,3.231,3.927,2.91,3.293,3.514,2.932,3.357,4.066,4.145,4.31,4.151,5.417,5.44,4.656,4.84,5.253
4263.03,18,3.108,3.048,2.815,3.632,2.867,2.874,3.419,3.516,3.234,3.869,2.88,3.277,3.61,2.898,3.388,4.043,4.146,4.347,4.173,5.468,5.386,4.694,4.751,5.227
4264.03,18,3.122,3.077,2.793,3.625,2.808,2.933,3.481,3.435,3.218,3.834,2.841,3.369,3.493,2.923,3.382,4.062,4.061,4.301,4.174,5.429,5.395,4.606,4.828,5.3
4265.03,18,3.112,3.055,2.787,3.62,2.886,2.923,3.452,3.469,3.228,3.857,2.858,3.28,3.54,2.861,3.482,4.045,4.088,4.313,4.207,5.442,5.431,4.638,4.841,5.181
4266.03,18,3.096,3.018,2.787,3.633,2.869,2.932,3.438,3.501,3.189,3.854,2.917,3.306,3.583,2.971,3.385,4.043,4.127,4.356,4.172,5.452,5.401,4.645,4.796,5.276
4267.03,18,3.055,3.081,2.831,3.565,2.886,2.922,3.423,3.446,3.228,3.914,2.919,3.265,3.533,2.882,3.381,4.048,4.13,4.259,4.171,5.475,5.361,4.6,4.795,5.191
4268.03,18,3.114,3.023,2.736,3.604,2.858,2.873,3.449,3.496,3.217,3.867,2.915,3.295,3.529,2.966,3.427,4.061,4.102,4.311,4.225,5.459,5.418,4.605,4.865,5.188
4269.03,18,3.066,3.056,2.843,3.608,2.862,2.848,3.406,3.484,3.274,3.889,2.903,3.283,3.571,2.895,3.366,4.006,4.149,4.357,4.122,5.479,5.372,4.587,4.849,5.291
4270.03,18,3.092,3.029,2.769,3.602,2.862,2.883,3.398,3.468,3.175,3.869,2.916,3.302,3.531,2.935,3.471,4.062,4.106,4.343,4.174,5.503,5.407,4.616,4.856,5.238
4271.03,18,3.138,3.019,2.848,3.626,2.817,2.852,3.444,3.496,3.168,3.817,2.855,3.213,3.594,2.895,3.395,4.034,4.106,4.302,4.143,5.404,5.455,4.64,4.81,5.292
4272.03,18,3.081,3.064,2.802,3.61,2.875,2.849,3.46,3.564,3.238,3.866,2.893,3.282,3.521,2.954,3.408,4.044,4.099,4.287,4.266,5.45,5.411,4.591,4.825,5.243
4273.03,18,3.049,3.077,2.804,3.562,2.828,2.879,3.447,3.493,3.236,3.839,2.869,3.251,3.542,2.901,3.402,4.045,4.126,4.36,4.177,5.517,5.399,4.624,4.741,5.281
4274.03,18,3.1,3.031,2.822,3.598,2.898,2.927,3.446,3.464,3.252,3.877,2.899,3.332,3.484,2.942,3.351,4.087,4.113,4.299,4.176,5.42,5.456,4.551,4.822,5.195
4275.03,18,3.109,3.031,2.89,3.625,2.824,2.854,3.417,3.429,3.22,3.885,2.885,3.199,3.474,2.886,3.41,4.056,4.038,4.341,4.154,5.452,5.41,4.582,4.827,5.225
4276.03,18,3.142,3.044,2.862,3.598,2.86,2.968,3.427,3.441,3.223,3.857,2.922,3.342,3.577,2.962,3.395,4.086,4.123,4.349,4.232,5.429,5.508,4.581,4.865,5.213
4277.03,18,3.105,3.064,2.873,3.619,2.876,2.894,3.449,3.439,3.255,3.923,2.901,3.34,3.556,2.974,3.42,4.071,4.127,4.313,4.262,5.419,5.364,4.661,4.873,5.232
4278.03,18,3.22,3.025,2.789,3.597,2.845,2.88,3.464,3.52,3.22,3.87,2.881,3.332,3.57,2.953,3.429,4.12,4.135,4.36,4.161,5.443,5.371,4.585,4.812,5.242
4279.03,18,3.114,3.066,2.839,3.64,2.895,2.886,3.421,3.491,3.171,3.856,2.953,3.34,3.564,2.916,3.379,4.059,4.064,4.263,4.207,5.464,5.44,4.565,4.803,5.286
4280.03,18,3.082,3.066,2.814,3.653,2.82,2.872,3.417,3.482,3.168,3.864,2.868,3.281,3.565,2.914,3.393,4.05,4.117,4.222,4.135,5.431,5.431,4.647,4.794,5.272
4281.03,18,3.1,3.036,2.819,3.63,2.883,2.862,3.433,3.442,3.205,3.821,2.842,3.332,3.537,2.946,3.407,4.049,4.134,4.344,4.159,5.451,5.46,4.605,4.818,5.241
4282.03,18,3.132,2.966,2.849,3.613,2.879,2.848,3.46,3.482,3.223,3.856,2.897,3.314,3.582,2.855,3.41,4.115,4.116,4.319,4.17,5.406,5.384,4.588,4.777,5.23
4283.03,18,3.14,2.982,2.809,3.596,2.829,2.868,3.394,3.493,3.274,3.842,2.895,3.283,3.553,2.848,3.385,4.137,4.081,4.244,4.157,5.481,5.419,4.648,4.783,5.181
4284.03,18,3.069,3.069,2.784,3.611,2.89,2.838,3.372,3.489,3.229,3.915,2.849,3.314,3.57,2.918,3.38,4.074,4.091,4.307,4.113,5.393,5.345,4.594,4.83,5.311
4285.03,18,3.149,3.083,2.901,3.563,2.811,2.864,3.458,3.502,3.238,3.907,2.842,3.292,3.486,2.913,3.435,4.08,4.176,4.325,4.2,5.52,5.43,4.641,4.791,5.261
4286.03,18,3.166,3.048,2.825,3.636,2.837,2.882,3.417,3.479,3.227,3.827,2.9,3.311,3.496,2.919,3.406,4.029,4.063,4.352,4.172,5.459,5.453,4.633,4.767,5.311
4287.03,18,3.098,3.045,2.79,3.614,2.855,2.901,3.421,3.482,3.25,3.889,2.898,3.318,3.568,2.907,3.375,4.021,4.165,4.349,4.163,5.498,5.4,4.552,4.832,5.247
4288.03,18,3.137,3.054,2.785,3.615,2.873,2.867,3.428,3.484,3.217,3.898,2.901,3.301,3.58,2.904,3.356,4.029,4.086,4.303,4.142,5.441,5.462,4.591,4.787,5.288
4289.03,18,3.133,3.126,2.822,3.606,2.89,2.896,3.409,3.462,3.18,3.868,2.953,3.301,3.633,2.915,3.366,4.111,4.136,4.306,4.176,5.45,5.395,4.578,4.829,5.328
4290.03,18,3.051,3.074,2.784,3.636,2.878,2.813,3.415,3.463,3.222,3.875,2.918,3.301,3.557,2.859,3.42,4.1,4.134,4.321,4.184,5.443,5.39,4.637,4.767,5.268
4291.03,18,3.101,3.076,2.875,3.613,2.893,2.882,3.464,3.452,3.209,3.843,2.884,3.288,3.507,2.978,3.449,4.101,4.123,4.285,4.148,5.432,5.442,4.558,4.825,5.278
4292.03,18,3.079,3.04,2.87,3.626,2.876,2.876,3.453,3.495,3.24,3.842,2.861,3.395,3.597,2.924,3.419,4.051,4.079,4.325,4.212,5.464,5.428,4.628,4.885,5.287
4293.03,18,3.087,2.98,2.832,3.648,2.864,2.868,3.413,3.518,3.157,3.784,2.891,3.305,3.549,2.89,3.404,4.062,4.118,4.261,4.165,5.447,5.428,4.595,4.818,5.261
4294.03,18,3.146,3.071,2.847,3.651,2.925,2.917,3.431,3.496,3.224,3.896,2.873,3.274,3.588,2.943,3.473,4.136,4.129,4.364,4.147,5.443,5.385,4.598,4.859,5.257
4295.03,18,3.161,2.987,2.78,3.594,2.917,2.933,3.421,3.478,3.234,3.84,2.917,3.298,3.579,2.913,3.457,4.004,4.098,4.292,4.179,5.433,5.448,4.586,4.838,5.266
4296.03,18,3.126,3.054,2.822,3.64,2.851,2.915,3.377,3.523,3.235,3.866,2.904,3.367,3.57,2.87,3.391,4.061,4.146,4.326,4.179,5.482,5.453,4.558,4.791,5.208
4297.03,18,3.069,3.027,2.878,3.662,2.918,2.965,3.414,3.521,3.257,3.776,2.89,3.351,3.561,2.948,3.35,4.064,4.03,4.254,4.112,5.449,5.402,4.682,4.837,5.178
4298.03,18,3.119,3.074,2.796,3.583,2.898,2.835,3.422,3.566,3.217,3.747,2.924,3.334,3.563,2.906,3.368,4.075,4.152,4.312,4.142,5.425,5.351,4.628,4.799,5.303
4299.03,18,3.045,3.043,2.831,3.627,2.832,2.84,3.386,3.474,3.191,3.872,2.91,3.293,3.534,2.915,3.368,4.1,4.177,4.305,4.178,5.427,5.471,4.596,4.793,5.299
4300.03,18,3.19,3.008,2.868,3.639,2.866,2.868,3.463,3.437,3.239,3.868,2.844,3.294,3.595,2.969,3.344,4.084,4.111,4.29,4.205,5.428,5.379,4.588,4.772,5.241
4301.03,18,3.143,3.08,2.781,3.597,2.848,2.826,3.402,3.553,3.256,3.867,2.931,3.313,3.58,2.906,3.306,4.03,4.086,4.246,4.145,5.489,5.421,4.642,4.879,5.252
4302.03,18,3.213,3.05,2.834,3.653,2.903,2.892,3.404,3.47,3.231,3.844,2.88,3.31,3.53,2.952,3.357,4.011,4.115,4.339,4.205,5.453,5.453,4.59,4.814,5.245
4303.03,18,3.048,3.089,2.842,3.623,2.892,2.905,3.449,3.418,3.281,3.899,2.888,3.26,3.5,2.934,3.508,4.12,4.133,4.311,4.126,5.43,5.424,4.608,4.864,5.244
4304.03,18,3.109,2.991,2.827,3.636,2.812,2.914,3.366,3.548,3.233,3.855,2.876,3.322,3.571,2.974,3.385,4.05,4.172,4.333,4.228,5.424,5.489,4.636,4.758,5.281
4305.03,18,3.136,3.048,2.814,3.646,2.851,2.873,3.451,3.433,3.258,3.847,2.923,3.294,3.573,2.893,3.378,4.054,4.062,4.29,4.137,5.442,5.457,4.586,4.755,5.319
4306.03,18,3.183,3.038,2.898,3.7,2.921,2.949,3.466,3.514,3.222,3.87,2.885,3.294,3.542,2.921,3.421,4.077,4.128,4.346,4.17,5.393,5.439,4.611,4.843,5.273
4307.03,18,3.077,3.083,2.791,3.609,2.845,2.865,3.424,3.501,3.174,3.876,2.908,3.329,3.488,2.904,3.318,4.036,4.187,4.305,4.213,5.508,5.416,4.638,4.805,5.213
4308.03,18,3.151,3.076,2.822,3.58,2.871,2.938,3.459,3.388,3.201,3.896,3.002,3.3,3.546,2.964,3.353,4.058,4.095,4.392,4.22,5.488,5.415,4.625,4.785,5.163
4309.03,18,3.119,3.005,2.819,3.637,2.971,2.949,3.366,3.501,3.299,3.83,2.886,3.296,3.527,2.928,3.452,4.087,4.137,4.283,4.197,5.46,5.402,4.652,4.84,5.285
4310.03,18,3.127,3.021,2.859,3.695,2.891,2.876,3.37,3.5,3.217,3.834,2.96,3.356,3.52,2.917,3.354,4.099,4.114,4.243,4.072,5.392,5.478,4.647,4.792,5.235
4311.03,18,3.107,3.1,2.787,3.662,2.856,2.842,3.406,3.507,3.293,3.821,2.87,3.314,3.507,2.943,3.417,4.086,4.076,4.275,4.25,5.419,5.471,4.589,4.817,5.264
4312.03,18,3.109,2.999,2.836,3.576,2.905,2.864,3.482,3.511,3.241,3.865,2.892,3.318,3.562,3.007,3.375,4.125,4.136,4.339,4.219,5.453,5.375,4.628,4.779,5.275
4313.03,18,3.113,3.028,2.797,3.624,2.91,2.828,3.45,3.505,3.202,3.849,2.943,3.285,3.613,2.965,3.398,4.018,4.147,4.352,4.19,5.504,5.404,4.64,4.845,5.212
4314.03,18,3.057,3.02,2.838,3.705,2.896,2.887,3.431,3.48,3.311,3.807,2.879,3.313,3.543,2.92,3.393,4.041,4.11,4.378,4.134,5.471,5.422,4.591,4.808,5.272
4315.03,18,3.122,3.048,2.885,3.623,2.886,2.86,3.389,3.536,3.231,3.866,2.889,3.309,3.478,2.932,3.301,4.047,4.11,4.329,4.14,5.422,5.427,4.613,4.818,5.267
4316.03,18,3.098,3.187,2.804,3.634,2.923,2.867,3.426,3.569,3.196,3.829,2.885,3.316,3.56,2.914,3.338,4.094,4.125,4.308,4.133,5.422,5.449,4.614,4.76,5.295
4317.03,18,3.103,3.05,2.842,3.588,2.866,2.88,3.451,3.514,3.27,3.833,2.892,3.365,3.592,2.933,3.4,4.016,4.075,4.36,4.212,5.553,5.446,4.632,4.839,5.279
4318.03,18,3.157,3.049,2.827,3.616,2.877,2.897,3.443,3.485,3.253,3.866,2.853,3.269,3.564,2.897,3.434,4.135,4.103,4.245,4.217,5.463,5.436,4.632,4.799,5.267
4319.03,18,3.085,3.089,2.804,3.605,2.884,2.903,3.447,3.454,3.218,3.855,2.909,3.334,3.527,2.919,3.414,4.07,4.12,4.324,4.149,5.495,5.387,4.607,4.837,5.292
4320.03,18,3.155,2.988,2.803,3.6,2.831,2.907,3.395,3.466,3.205,3.867,2.887,3.404,3.558,2.96,3.4,4.078,4.111,4.353,4.148,5.471,5.494,4.585,4.83,5.173
4321.03,18,3.089,3.012,2.788,3.608,2.891,2.921,3.414,3.441,3.245,3.876,2.94,3.242,3.569,2.907,3.4,4.032,4.052,4.382,4.158,5.424,5.442,4.561,4.85,5.23
4322.03,18,3.091,3.091,2.782,3.612,2.885,2.853,3.418,3.506,3.198,3.827,2.871,3.316,3.565,2.955,3.409,4.1,4.13,4.33,4.131,5.444,5.466,4.633,4.764,5.26
4323.03,18,3.067,3.071,2.863,3.628,2.922,2.904,3.467,3.527,3.164,3.894,2.892,3.364,3.586,2.98,3.433,4.157,4.101,4.334,4.166,5.51,5.517,4.607,4.788,5.228
4324.03,18,3.084,3.067,2.807,3.59,2.883,2.892,3.42,3.461,3.288,3.914,2.86,3.311,3.555,2.906,3.359,4.105,4.074,4.375,4.197,5.471,5.475,4.655,4.801,5.267
4325.03,18,3.146,3.049,2.806,3.598,2.863,2.879,3.383,3.521,3.218,3.898,2.908,3.358,3.553,2.937,3.477,4.116,4.013,4.332,4.172,5.427,5.484,4.563,4.806,5.291
4326.03,18,3.086,3.049,2.903,3.572,2.795,2.875,3.449,3.538,3.218,3.91,2.844,3.333,3.531,2.936,3.409,4.033,4.092,4.398,4.207,5.44,5.437,4.61,4.765,5.213
4327.03,18,3.11,3.06,2.79,3.639,2.808,2.941,3.45,3.53,3.199,3.853,2.902,3.325,3.535,2.923,3.396,4.084,4.178,4.3,4.142,5.519,5.432,4.62,4.768,5.265
4328.03,18,3.109,3.052,2.811,3.614,2.867,2.854,3.465,3.473,3.241,3.826,2.947,3.281,3.507,2.943,3.408,4.011,4.105,4.38,4.215,5.478,5.376,4.597,4.74,5.283
4329.03,18,3.087,3.028,2.835,3.629,2.91,2.881,3.42,3.503,3.243,3.905,2.88,3.313,3.588,2.888,3.425,4.024,4.106,4.281,4.206,5.456,5.437,4.654,4.805,5.167
4330.03,18,3.127,3.04,2.854,3.636,2.871,2.905,3.447,3.472,3.258,3.83,2.857,3.287,3.568,2.91,3.435,4.044,4.147,4.31,4.165,5.477,5.43,4.644,4.838,5.274
4331.03,18,3.117,3.01,2.792,3.651,2.877,2.991,3.457,3.501,3.128,3.868,2.891,3.324,3.576,2.963,3.448,4.051,4.092,4.362,4.161,5.411,5.463,4.623,4.82,5.227
4332.03,18,3.12,3.056,2.89,3.601,2.949,2.918,3.4,3.483,3.232,3.857,2.881,3.323,3.553,2.916,3.465,4.046,4.027,4.289,4.209,5.46,5.407,4.562,4.787,5.237
4333.03,18,3.136,3.075,2.719,3.577,2.926,2.913,3.397,3.489,3.146,3.899,2.889,3.361,3.563,2.943,3.422,4.031,4.065,4.256,4.211,5.404,5.438,4.63,4.847,5.279
4334.03,18,3.103,3.047,2.847,3.615,2.893,2.835,3.495,3.436,3.188,3.89,2.857,3.265,3.504,2.919,3.401,4.044,4.178,4.288,4.177,5.398,5.474,4.596,4.78,5.285
4335.03,18,3.116,3.09,2.83,3.642,2.889,2.887,3.434,3.544,3.169,3.894,2.888,3.256,3.54,2.949,3.395,3.996,4.116,4.347,4.157,5.458,5.498,4.576,4.834,5.23
4336.03,18,3.032,2.993,2.79,3.617,2.805,2.93,3.431,3.494,3.285,3.842,2.86,3.333,3.505,2.917,3.458,4.096,4.105,4.269,4.207,5.475,5.394,4.634,4.841,5.251
4337.03,18,3.169,3.065,2.862,3.567,2.873,2.865,3.387,3.449,3.257,3.867,2.805,3.303,3.56,2.989,3.349,4.037,4.083,4.33,4.158,5.451,5.43,4.595,4.818,5.298
4338.03,18,3.093,3.066,2.809,3.598,2.918,2.848,3.44,3.526,3.255,3.812,2.882,3.325,3.548,2.946,3.422,4.09,4.12,4.296,4.165,5.442,5.48,4.582,4.772,5.24
4339.03,18,3.182,3.05,2.864,3.604,2.863,2.912,3.42,3.512,3.249,3.842,2.885,3.323,3.516,2.954,3.362,4.118,4.105,4.324,4.167,5.484,5.474,4.631,4.769,5.253
4340.03,18,3.16,3.048,2.824,3.588,2.958,2.877,3.454,3.469,3.215,3.853,2.859,3.338,3.515,2.984,3.415,4.044,4.049,4.328,4.194,5.406,5.446,4.591,4.8,5.247
4341.03,18,3.103,3.05,2.832,3.608,2.837,2.867,3.436,3.574,3.207,3.895,2.896,3.375,3.562,2.967,3.372,4.022,4.102,4.329,4.198,5.429,5.44,4.614,4.801,5.237
4342.03,18,3.129,3.09,2.831,3.618,2.863,2.855,3.446,3.538,3.172,3.852,2.877,3.27,3.556,2.894,3.399,4.057,4.092,4.379,4.153,5.451,5.427,4.589,4.796,5.243
4343.03,18,3.109,3.102,2.796,3.58,2.892,2.959,3.391,3.503,3.24,3.871,2.934,3.307,3.507,2.928,3.424,4.066,4.083,4.266,4.243,5.428,5.385,4.604,4.817,5.244
4344.03,18,3.129,3.109,2.812,3.651,2.907,2.87,3.476,3.477,3.177,3.843,2.892,3.307,3.608,2.972,3.379,4.032,4.169,4.302,4.189,5.407,5.446,4.632,4.78,5.247
4345.03,18,3.114,3.012,2.893,3.63,2.852,2.916,3.494,3.495,3.222,3.879,2.854,3.374,3.577,2.922,3.376,4.094,4.204,4.292,4.19,5.441,5.455,4.534,4.765,5.227
4346.03,18,3.097,3.127,2.863,3.575,2.827,2.925,3.342,3.554,3.2,3.858,2.838,3.308,3.548,2.99,3.457,4.121,4.084,4.259,4.213,5.402,5.395,4.645,4.755,5.244
4347.03,18,3.145,3.051,2.82,3.667,2.892,2.882,3.398,3.496,3.232,3.887,2.886,3.33,3.585,3.016,3.39,4.059,4.147,4.335,4.155,5.438,5.484,4.603,4.791,5.292
4348.03,18,3.139,3.076,2.841,3.631,2.848,2.978,3.383,3.538,3.301,3.884,2.915,3.335,3.545,2.896,3.425,4.107,4.111,4.317,4.163,5.437,5.456,4.595,4.747,5.209
4349.03,18,3.114,3.055,2.855,3.613,2.849,2.922,3.471,3.462,3.284,3.922,2.939,3.351,3.595,2.938,3.362,4.114,4.095,4.283,4.208,5.472,5.411,4.596,4.827,5.252
4350.03,18,3.077,3.079,2.814,3.653,2.863,2.937,3.37,3.515,3.228,3.89,2.846,3.355,3.514,2.902,3.481,4.069,4.076,4.346,4.177,5.445,5.425,4.644,4.794,5.253
4351.03,18,3.1,3.003,2.821,3.606,2.825,2.884,3.443,3.439,3.22,3.881,2.945,3.347,3.536,2.958,3.397,4.062,4.104,4.376,4.201,5.399,5.435,4.62,4.805,5.266
4352.03,18,3.108,3.012,2.759,3.604,2.9,2.912,3.467,3.49,3.219,3.852,2.92,3.304,3.558,2.885,3.393,4.028,4.17,4.343,4.205,5.472,5.462,4.588,4.83,5.275
4353.03,18,3.145,3.052,2.823,3.546,2.841,2.937,3.405,3.557,3.241,3.898,2.945,3.3,3.578,2.932,3.347,4.056,4.124,4.312,4.155,5.422,5.488,4.643,4.758,5.248
4354.03,18,3.121,3.083,2.831,3.607,2.843,2.893,3.414,3.44,3.225,3.874,2.84,3.304,3.531,2.905,3.426,4.094,4.105,4.33,4.168,5.454,5.438,4.651,4.791,5.243
4355.03,18,3.136,3.024,2.843,3.57,2.827,2.89,3.433,3.479,3.174,3.821,2.849,3.212,3.567,2.879,3.34,4.069,4.151,4.339,4.168,5.403,5.475,4.624,4.816,5.26
4356.03,18,3.103,3.045,2.827,3.616,2.92,2.95,3.429,3.439,3.236,3.782,2.896,3.346,3.558,2.877,3.41,4.015,4.126,4.307,4.202,5.414,5.421,4.56,4.778,5.24
4357.03,18,3.133,3.003,2.865,3.657,2.91,2.924,3.397,3.494,3.208,3.825,2.982,3.326,3.546,2.939,3.419,4.085,4.111,4.365,4.155,5.461,5.406,4.631,4.805,5.288
4358.03,18,3.11,2.983,2.8,3.647,2.911,2.922,3.395,3.491,3.203,3.835,2.882,3.339,3.556,2.931,3.493,4.003,4.139,4.335,4.121,5.441,5.504,4.585,4.819,5.227
4359.03,18,3.109,3.011,2.781,3.579,2.84,2.899,3.399,3.447,3.195,3.856,2.861,3.337,3.535,2.892,3.347,4.098,4.105,4.352,4.205,5.308,5.419,4.621,4.8,5.262
4360.03,18,3.164,3.046,2.809,3.631,2.88,2.932,3.412,3.458,3.181,3.843,2.893,3.34,3.537,2.946,3.354,4.06,4.069,4.275,4.181,5.467,5.455,4.607,4.82,5.247
4361.03,18,3.132,3.072,2.883,3.594,2.875,2.809,3.401,3.457,3.257,3.88,2.894,3.316,3.557,2.879,3.435,4.034,4.058,4.322,4.201,5.395,5.447,4.534,4.81,5.232
4362.03,18,3.129,3.13,2.84,3.553,2.857,2.909,3.443,3.488,3.228,3.862,2.902,3.344,3.567,2.954,3.454,4.067,4.108,4.364,4.228,5.458,5.468,4.642,4.764,5.263
4363.03,18,3.077,3.03,2.814,3.594,2.872,2.849,3.417,3.496,3.246,3.822,2.922,3.262,3.5,2.915,3.347,4.101,4.046,4.308,4.153,5.459,5.383,4.621,4.848,5.33
4364.03,18,3.118,3.074,2.903,3.623,2.878,2.841,3.459,3.549,3.228,3.881,2.842,3.345,3.544,2.969,3.411,4.123,4.096,4.358,4.118,5.448,5.375,4.617,4.892,5.224
4365.03,18,3.127,3.094,2.821,3.645,2.88,2.892,3.448,3.497,3.288,3.885,2.881,3.35,3.607,2.938,3.43,4.12,4.156,4.317,4.189,5.406,5.507,4.689,4.777,5.303
4366.03,18,3.078,3.088,2.88,3.638,2.843,2.896,3.48,3.476,3.253,3.856,2.881,3.344,3.542,2.898,3.394,4.037,4.091,4.284,4.161,5.421,5.38,4.609,4.835,5.326
4367.03,18,3.101,3.017,2.804,3.645,2.908,2.899,3.451,3.498,3.239,3.829,2.872,3.34,3.542,2.856,3.436,4.088,4.116,4.293,4.179,5.474,5.483,4.605,4.855,5.267
4368.03,18,3.09,3.041,2.783,3.647,2.904,2.954,3.434,3.511,3.218,3.909,2.872,3.318,3.623,2.935,3.426,4.086,4.162,4.298,4.162,5.41,5.418,4.607,4.805,5.251
4369.03,18,3.043,2.986,2.802,3.598,2.991,2.933,3.445,3.503,3.224,3.852,2.875,3.342,3.483,2.944,3.46,4.038,4.091,4.283,4.206,5.385,5.449,4.655,4.771,5.266
4370.03,18,3.129,2.98,2.788,3.59,2.822,2.954,3.417,3.485,3.134,3.878,2.889,3.361,3.582,2.925,3.378,4.065,4.106,4.349,4.144,5.41,5.451,4.563,4.781,5.303
4371.03,18,3.125,3.011,2.805,3.62,2.822,2.882,3.509,3.508,3.256,3.885,2.918,3.273,3.616,2.973,3.35,4.141,4.096,4.317,4.134,5.489,5.444,4.536,4.808,5.224
4372.03,18,3.087,3.059,2.9,3.693,2.879,2.847,3.383,3.523,3.239,3.816,2.846,3.297,3.547,2.898,3.398,4.108,4.077,4.321,4.179,5.387,5.413,4.649,4.859,5.237
4373.03,18,3.105,3.032,2.843,3.576,2.84,2.949,3.432,3.475,3.245,3.831,2.916,3.357,3.602,2.936,3.375,4.124,4.083,4.307,4.215,5.427,5.435,4.644,4.794,5.248
4374.03,18,3.1,3.062,2.851,3.547,2.88,2.866,3.423,3.525,3.239,3.86,2.918,3.294,3.544,2.925,3.321,4.031,4.036,4.327,4.133,5.453,5.428,4.622,4.788,5.317
4375.03,18,3.123,3.017,2.871,3.591,2.863,2.871,3.463,3.467,3.195,3.847,2.901,3.24,3.558,2.9,3.405,4.001,4.121,4.351,4.2,5.395,5.427,4.634,4.886,5.268
4376.03,18,3.171,3.038,2.792,3.553,2.869,2.866,3.452,3.502,3.205,3.882,2.893,3.244,3.573,2.863,3.421,4.035,4.075,4.347,4.21,5.403,5.431,4.668,4.766,5.203
4377.03,18,3.168,3.024,2.853,3.584,2.885,2.902,3.452,3.477,3.196,3.853,2.917,3.299,3.553,2.934,3.356,4.09,4.073,4.326,4.177,5.421,5.501,4.643,4.801,5.27
4378.03,18,3.174,3.081,2.829,3.637,2.871,2.877,3.418,3.5,3.224,3.827,2.882,3.311,3.54,2.926,3.4,3.999,4.153,4.314,4.155,5.47,5.474,4.614,4.779,5.302
4379.03,18,3.073,3.064,2.847,3.596,2.897,2.902,3.434,3.549,3.181,3.85,2.977,3.409,3.509,2.957,3.361,4.095,4.112,4.325,4.172,5.412,5.36,4.68,4.794,5.296
4380.03,18,3.124,3.032,2.796,3.593,2.874,2.932,3.453,3.514,3.201,3.879,2.881,3.284,3.536,2.937,3.415,4.062,4.086,4.345,4.216,5.523,5.484,4.63,4.797,5.235
4381.03,18,3.092,3.091,2.88,3.562,2.837,2.968,3.422,3.522,3.201,3.9,2.913,3.386,3.503,2.907,3.371,4.046,4.16,4.305,4.157,5.459,5.387,4.595,4.768,5.338
4382.03,18,3.169,3.079,2.81,3.61,2.905,2.898,3.372,3.466,3.158,3.885,2.942,3.338,3.483,2.934,3.388,4.015,4.136,4.3,4.111,5.429,5.411,4.636,4.861,5.236
4383.03,18,3.121,3.046,2.902,3.669,2.83,2.856,3.411,3.495,3.198,3.845,2.891,3.335,3.54,2.967,3.412,4.127,4.14,4.234,4.212,5.409,5.486,4.619,4.835,5.276
4384.03,18,3.101,3.024,2.876,3.574,2.868,2.931,3.453,3.515,3.25,3.832,2.854,3.355,3.553,2.901,3.413,4.091,4.137,4.335,4.144,5.45,5.471,4.632,4.797,5.309
4385.03,18,3.16,3.073,2.823,3.658,2.817,2.92,3.409,3.573,3.157,3.833,2.903,3.352,3.572,2.904,3.389,4.053,4.147,4.378,4.16,5.441,5.426,4.634,4.752,5.311
4386.03,18,3.145,3.066,2.8,3.664,2.921,2.889,3.482,3.447,3.175,3.872,2.919,3.298,3.517,2.907,3.383,4.08,4.092,4.317,4.17,5.433,5.442,4.572,4.817,5.223
4387.03,18,3.164,3.041,2.877,3.62,2.881,2.885,3.365,3.502,3.232,3.9,2.92,3.355,3.559,2.921,3.371,4.083,4.074,4.286,4.216,5.402,5.392,4.588,4.828,5.308
4388.03,18,3.139,3.097,2.871,3.6,2.915,2.948,3.44,3.496,3.165,3.865,2.875,3.328,3.553,2.918,3.413,4.076,4.114,4.359,4.171,5.469,5.433,4.58,4.888,5.284
4389.03,18,3.111,3.05,2.803,3.694,2.885,2.892,3.443,3.449,3.159,3.881,2.915,3.358,3.602,2.936,3.432,4.082,4.123,4.37,4.229,5.471,5.451,4.648,4.781,5.276
4390.03,18,3.136,3.093,2.797,3.665,2.909,2.857,3.428,3.453,3.198,3.851,2.833,3.386,3.539,2.877,3.413,4.05,4.183,4.318,4.214,5.453,5.412,4.59,4.81,5.236
4391.03,18,3.129,3.054,2.794,3.634,2.941,2.952,3.434,3.436,3.171,3.86,2.887,3.35,3.532,2.898,3.45,4.118,4.143,4.294,4.185,5.445,5.473,4.626,4.781,5.27
4392.03,18,3.059,3.131,2.835,3.693,2.872,2.873,3.441,3.483,3.227,3.844,2.932,3.293,3.494,2.941,3.43,4.06,4.095,4.341,4.176,5.426,5.455,4.712,4.786,5.281
4393.03,18,3.115,3.069,2.822,3.63,2.917,2.891,3.438,3.531,3.216,3.875,2.904,3.33,3.564,2.92,3.411,4.043,4.119,4.332,4.154,5.48,5.414,4.6,4.829,5.261
4394.03,18,3.128,3.078,2.831,3.596,2.828,2.969,3.511,3.476,3.235,3.868,2.926,3.379,3.544,2.976,3.438,4.071,4.102,4.344,4.19,5.455,5.428,4.56,4.783,5.229
4395.03,18,3.144,3.082,2.857,3.641,2.833,2.929,3.418,3.507,3.213,3.832,2.89,3.291,3.577,2.948,3.391,4.074,4.071,4.342,4.199,5.455,5.397,4.573,4.816,5.337
4396.03,18,3.167,3.02,2.832,3.625,2.905,2.885,3.426,3.567,3.172,3.857,2.817,3.346,3.545,2.912,3.478,4.042,4.065,4.347,4.185,5.489,5.517,4.625,4.804,5.229
4397.03,18,3.095,3.028,2.793,3.626,2.805,2.913,3.452,3.561,3.275,3.821,2.914,3.409,3.524,2.93,3.386,4.079,4.098,4.315,4.193,5.46,5.495,4.541,4.818,5.321
4398.03,18,3.095,3.04,2.862,3.665,2.872,2.978,3.492,3.521,3.275,3.827,2.877,3.29,3.529,2.939,3.418,4.04,4.081,4.366,4.17,5.42,5.45,4.524,4.821,5.272
4399.03,18,3.185,3.06,2.884,3.582,2.916,2.925,3.405,3.534,3.233,3.832,2.901,3.369,3.552,2.937,3.361,4.087,4.133,4.287,4.137,5.39,5.472,4.577,4.78,5.26
4400.03,18,3.143,3.035,2.811,3.62,2.824,2.872,3.407,3.483,3.216,3.801,2.88,3.367,3.532,2.883,3.446,4.104,4.086,4.358,4.194,5.479,5.424,4.675,4.798,5.236
4401.03,18,3.136,3.044,2.878,3.621,2.829,2.842,3.471,3.445,3.221,3.932,2.891,3.332,3.558,2.865,3.443,4.088,4.064,4.338,4.199,5.47,5.431,4.625,4.77,5.235
4402.03,18,3.16,3.069,2.918,3.63,2.823,2.886,3.401,3.445,3.194,3.853,2.857,3.38,3.647,2.907,3.393,4.052,4.129,4.37,4.176,5.435,5.464,4.632,4.75,5.259
4403.03,18,3.086,2.993,2.823,3.661,2.916,2.948,3.386,3.499,3.171,3.82,2.861,3.328,3.548,2.919,3.376,4.007,4.16,4.278,4.242,5.449,5.406,4.637,4.806,5.289
4404.03,18,3.109,3.056,2.769,3.672,2.901,2.944,3.433,3.453,3.255,3.841,2.846,3.338,3.541,2.917,3.411,4.03,4.156,4.333,4.216,5.457,5.421,4.583,4.796,5.259
4405.03,18,3.084,3.078,2.843,3.57,2.837,2.897,3.358,3.478,3.235,3.9,2.958,3.274,3.593,2.854,3.411,4.044,4.086,4.332,4.15,5.42,5.393,4.625,4.789,5.247
4406.03,18,3.149,3.016,2.878,3.637,2.877,2.845,3.406,3.452,3.246,3.872,2.908,3.252,3.489,2.94,3.378,4.091,4.099,4.321,4.169,5.501,5.45,4.59,4.746,5.267
4407.03,18,3.146,3.086,2.866,3.648,2.881,2.913,3.472,3.514,3.244,3.861,2.925,3.35,3.585,2.96,3.372,4.066,4.14,4.351,4.23,5.441,5.445,4.586,4.851,5.252
4408.03,18,3.13,2.999,2.827,3.559,2.927,2.952,3.454,3.492,3.218,3.833,2.948,3.274,3.54,2.937,3.336,4.056,4.083,4.381,4.243,5.446,5.471,4.667,4.785,5.275
4409.03,18,3.133,3.068,2.801,3.591,2.815,2.906,3.393,3.45,3.236,3.778,2.958,3.312,3.599,2.935,3.353,4.087,4.09,4.39,4.12,5.409,5.441,4.62,4.897,5.245
4410.03,18,3.071,2.997,2.773,3.663,2.932,2.857,3.391,3.515,3.267,3.898,2.864,3.343,3.546,2.842,3.41,4.079,4.085,4.295,4.191,5.4,5.439,4.665,4.797,5.294
4411.03,18,3.137,3.076,2.869,3.668,2.862,2.943,3.373,3.488,3.234,3.815,2.92,3.372,3.558,2.907,3.339,4.022,4.155,4.336,4.148,5.306,5.488,4.645,4.81,5.282
4412.03,18,3.102,3.001,2.816,3.619,2.848,2.891,3.353,3.401,3.259,3.854,2.958,3.292,3.556,2.938,3.446,4.065,4.131,4.33,4.176,5.451,5.414,4.6,4.775,5.19
4413.03,18,3.105,3.02,2.855,3.639,2.896,2.944,3.477,3.48,3.227,3.863,2.902,3.266,3.604,2.963,3.355,4.09,4.132,4.384,4.148,5.444,5.351,4.592,4.78,5.304
4414.03,18,3.111,3.034,2.792,3.576,2.877,2.894,3.421,3.471,3.238,3.9,2.918,3.362,3.559,2.94,3.343,4.09,4.161,4.294,4.156,5.48,5.453,4.656,4.852,5.223
4415.03,18,3.104,3.009,2.879,3.634,2.853,2.934,3.419,3.517,3.221,3.924,2.903,3.334,3.57,2.907,3.394,4.088,4.115,4.29,4.184,5.479,5.46,4.619,4.8,5.31
4416.03,18,3.122,3.061,2.829,3.634,2.902,2.934,3.484,3.477,3.212,3.837,2.872,3.343,3.524,2.94,3.47,4.088,4.132,4.29,4.158,5.434,5.433,4.657,4.816,5.273
4417.03,18,3.051,3.008,2.864,3.625,2.9,2.953,3.395,3.447,3.285,3.938,2.926,3.363,3.489,2.974,3.427,4.077,4.127,4.267,4.145,5.428,5.39,4.601,4.785,5.212
4418.03,18,3.097,3.106,2.82,3.669,2.857,2.911,3.385,3.454,3.215,3.871,2.925,3.326,3.611,2.956,3.435,4.099,4.14,4.374,4.186,5.467,5.46,4.62,4.784,5.212
4419.03,18,3.113,3.035,2.79,3.597,2.835,2.906,3.424,3.47,3.227,3.882,2.847,3.31,3.574,2.851,3.398,4.06,4.027,4.318,4.263,5.528,5.496,4.609,4.804,5.262
4420.03,18,3.162,3.048,2.854,3.595,2.909,2.939,3.452,3.532,3.263,3.855,2.926,3.346,3.579,2.902,3.504,4.064,4.158,4.347,4.187,5.403,5.453,4.662,4.84,5.278
4421.03,18,3.146,3.055,2.858,3.628,2.906,2.915,3.376,3.459,3.273,3.93,2.891,3.321,3.527,2.954,3.412,4.017,4.09,4.296,4.156,5.457,5.464,4.62,4.797,5.269
4422.03,18,3.077,3.053,2.864,3.619,2.881,2.921,3.449,3.497,3.225,3.875,2.861,3.307,3.582,2.917,3.368,4.124,4.125,4.309,4.124,5.431,5.448,4.605,4.752,5.281
4423.03,18,3.063,3.027,2.874,3.617,2.894,2.958,3.497,3.536,3.198,3.904,2.903,3.384,3.594,2.983,3.436,4.087,4.11,4.319,4.178,5.421,5.464,4.576,4.848,5.224
4424.03,18,3.137,3.073,2.817,3.638,2.872,2.892,3.427,3.488,3.247,3.866,2.925,3.302,3.523,2.983,3.406,4.103,4.118,4.285,4.189,5.414,5.471,4.541,4.829,5.238
4425.03,18,3.101,3.037,2.863,3.55,2.877,2.866,3.453,3.489,3.18,3.879,2.884,3.336,3.561,2.945,3.394,4.059,4.101,4.377,4.14,5.486,5.47,4.615,4.765,5.242
4426.03,18,3.117,2.991,2.822,3.645,2.911,2.893,3.408,3.484,3.224,3.888,2.949,3.286,3.551,2.905,3.421,4.007,4.121,4.316,4.161,5.433,5.439,4.65,4.829,5.287
4427.03,18,3.19,3.003,2.805,3.597,2.829,2.899,3.442,3.492,3.251,3.865,2.916,3.366,3.509,2.937,3.393,4.086,4.134,4.407,4.229,5.424,5.527,4.64,4.785,5.266
4428.03,18,3.109,3.067,2.899,3.675,2.887,2.895,3.398,3.53,3.208,3.881,2.92,3.281,3.578,2.936,3.415,4.043,4.125,4.353,4.157,5.473,5.47,4.635,4.8,5.261
4429.03,18,3.209,3.092,2.811,3.679,2.858,2.891,3.467,3.463,3.203,3.919,2.88,3.32,3.508,2.973,3.445,4.117,4.1,4.345,4.157,5.473,5.368,4.696,4.833,5.184
4430.03,18,3.091,3.088,2.814,3.62,2.913,2.888,3.414,3.52,3.188,3.907,2.935,3.274,3.556,2.894,3.36,4.038,4.117,4.265,4.241,5.457,5.455,4.618,4.791,5.197
4431.03,18,3.157,3.054,2.791,3.54,2.806,2.894,3.483,3.528,3.17,3.901,2.909,3.321,3.543,2.876,3.356,4.051,4.166,4.321,4.149,5.456,5.485,4.586,4.779,5.296
4432.03,18,3.163,3.067,2.856,3.625,2.9,2.927,3.395,3.481,3.246,3.835,2.853,3.348,3.575,2.919,3.422,4.144,4.075,4.325,4.227,5.422,5.426,4.602,4.832,5.24
4433.03,18,3.115,3.088,2.814,3.589,2.846,2.899,3.451,3.487,3.204,3.817,2.884,3.387,3.591,2.932,3.349,4.091,4.171,4.405,4.141,5.425,5.442,4.606,4.755,5.32
4434.03,18,3.137,3.065,2.781,3.666,2.902,2.946,3.466,3.502,3.198,3.829,2.939,3.334,3.576,2.891,3.439,4.124,4.111,4.325,4.169,5.458,5.481,4.637,4.872,5.294
4435.03,18,3.112,3.026,2.874,3.653,2.831,2.875,3.481,3.581,3.243,3.86,2.923,3.33,3.574,2.928,3.424,4.072,4.144,4.326,4.12,5.48,5.447,4.635,4.82,5.257
4436.03,18,3.111,3.108,2.806,3.605,2.887,2.884,3.4,3.411,3.269,3.819,2.844,3.344,3.54,2.923,3.408,4.133,4.107,4.299,4.133,5.437,5.493,4.623,4.752,5.287
4437.03,18,3.115,3.046,2.846,3.505,2.833,2.905,3.53,3.443,3.163,3.843,2.887,3.32,3.577,2.898,3.482,4.066,4.117,4.322,4.225,5.396,5.425,4.578,4.767,5.222
4438.03,18,3.181,3.001,2.821,3.642,2.913,2.874,3.446,3.497,3.187,3.873,2.939,3.351,3.517,2.893,3.434,4.125,4.171,4.292,4.162,5.43,5.477,4.668,4.809,5.313
4439.03,18,3.143,2.997,2.81,3.602,2.908,2.899,3.506,3.59,3.259,3.843,2.859,3.373,3.594,2.966,3.422,4.073,4.109,4.353,4.179,5.443,5.463,4.636,4.858,5.21
4440.03,18,3.11,3.073,2.816,3.568,2.927,2.903,3.436,3.519,3.215,3.824,2.87,3.276,3.52,2.926,3.359,4.069,4.087,4.268,4.229,5.415,5.41,4.649,4.797,5.292
4441.03,18,3.151,3.062,2.845,3.598,2.877,2.917,3.456,3.456,3.21,3.917,2.93,3.398,3.535,2.97,3.423,4.083,4.103,4.365,4.21,5.428,5.432,4.597,4.824,5.225
4442.03,18,3.114,3.058,2.761,3.636,2.823,2.904,3.439,3.504,3.286,3.878,2.915,3.342,3.556,2.909,3.45,4.091,4.128,4.325,4.162,5.389,5.433,4.645,4.742,5.349
4443.03,18,3.125,3.059,2.831,3.532,2.815,2.91,3.391,3.475,3.207,3.829,2.878,3.345,3.614,2.97,3.425,4.055,4.132,4.303,4.191,5.482,5.435,4.626,4.838,5.246
4444.03,18,3.09,3.036,2.851,3.6,2.867,2.91,3.436,3.499,3.233,3.911,2.927,3.312,3.58,2.926,3.422,4.101,4.112,4.333,4.145,5.471,5.493,4.546,4.787,5.278
4445.03,18,3.142,3.065,2.846,3.617,2.945,2.885,3.453,3.478,3.184,3.92,2.835,3.391,3.551,2.914,3.386,4.108,4.093,4.341,4.234,5.491,5.392,4.61,4.891,5.252
4446.03,18,3.149,3.001,2.844,3.641,2.865,2.918,3.425,3.48,3.243,3.806,2.898,3.315,3.557,2.984,3.398,4.09,4.083,4.341,4.138,5.489,5.507,4.671,4.792,5.29
4447.03,18,3.143,3.107,2.749,3.639,2.898,2.955,3.401,3.511,3.179,3.877,2.918,3.326,3.558,2.895,3.447,4.075,4.136,4.33,4.184,5.398,5.439,4.597,4.774,5.191
4448.03,18,3.108,3.09,2.88,3.672,2.898,2.92,3.425,3.465,3.221,3.76,2.838,3.301,3.561,2.918,3.401,4.057,4.096,4.351,4.18,5.474,5.452,4.651,4.838,5.251
4449.03,18,3.13,3.017,2.873,3.631,2.848,2.964,3.454,3.44,3.233,3.847,2.913,3.315,3.573,2.885,3.444,4.084,4.175,4.342,4.2,5.443,5.517,4.655,4.839,5.262
4450.03,18,3.124,3.058,2.879,3.618,2.798,2.901,3.456,3.539,3.219,3.853,2.878,3.339,3.591,2.947,3.431,4.055,4.169,4.349,4.189,5.365,5.439,4.644,4.834,5.232
4451.03,18,3.153,3.045,2.867,3.633,2.894,2.904,3.385,3.457,3.283,3.88,2.87,3.335,3.56,2.96,3.407,4.087,4.057,4.329,4.173,5.457,5.431,4.595,4.876,5.3
4452.03,18,3.096,3.034,2.798,3.576,2.846,2.993,3.408,3.477,3.235,3.86,2.924,3.334,3.585,2.977,3.4,4.117,4.104,4.347,4.164,5.442,5.426,4.599,4.858,5.279
4453.03,18,3.147,3.058,2.862,3.645,2.899,2.911,3.433,3.486,3.235,3.887,2.941,3.287,3.556,2.92,3.372,4.048,4.141,4.353,4.2,5.466,5.467,4.715,4.856,5.289
4454.03,18,3.156,3.068,2.818,3.63,2.9,2.88,3.447,3.485,3.27,3.891,2.933,3.355,3.52,2.957,3.413,4.052,4.183,4.347,4.19,5.351,5.513,4.617,4.769,5.258
4455.03,18,3.092,3.011,2.755,3.564,2.813,2.932,3.398,3.466,3.18,3.861,2.897,3.341,3.561,2.871,3.383,4.094,4.099,4.354,4.129,5.497,5.504,4.638,4.8,5.302
4456.03,18,3.18,3.052,2.911,3.563,2.811,2.978,3.382,3.451,3.236,3.913,2.964,3.36,3.561,2.895,3.45,4.052,4.129,4.341,4.244,5.426,5.413,4.655,4.832,5.302
4457.03,18,3.152,3.142,2.867,3.583,2.86,2.928,3.389,3.495,3.18,3.783,2.835,3.358,3.595,2.902,3.365,4.024,4.073,4.3,4.218,5.392,5.431,4.637,4.809,5.303
4458.03,18,3.113,3.071,2.903,3.588,2.858,2.94,3.413,3.513,3.248,3.934,2.858,3.316,3.573,2.928,3.461,4.059,4.13,4.326,4.119,5.459,5.487,4.658,4.808,5.269
4459.03,18,3.178,3.02,2.892,3.601,2.933,2.932,3.363,3.475,3.236,3.913,2.88,3.395,3.494,2.939,3.45,4.139,4.114,4.339,4.109,5.45,5.465,4.566,4.799,5.315
4460.03,18,3.101,3.034,2.86,3.629,2.84,2.888,3.365,3.499,3.231,3.878,2.839,3.335,3.619,2.887,3.432,4.051,4.125,4.4,4.174,5.479,5.438,4.644,4.859,5.227
4461.03,18,3.166,3.019,2.845,3.608,2.894,2.909,3.479,3.506,3.228,3.874,2.893,3.365,3.593,2.899,3.35,4.066,4.141,4.313,4.182,5.467,5.469,4.56,4.877,5.249
4462.03,18,3.181,3.079,2.811,3.617,2.858,2.937,3.467,3.482,3.145,3.894,2.941,3.41,3.566,2.985,3.419,4.059,4.119,4.358,4.217,5.417,5.457,4.617,4.806,5.246
4463.03,18,3.176,3.054,2.861,3.565,2.865,2.954,3.471,3.496,3.239,3.92,2.902,3.292,3.572,2.847,3.416,4.058,4.063,4.32,4.142,5.444,5.405,4.603,4.769,5.309
4464.03,18,3.12,3.034,2.861,3.583,2.904,2.926,3.47,3.533,3.179,3.87,2.954,3.319,3.565,2.894,3.419,4.086,4.105,4.384,4.14,5.441,5.474,4.644,4.859,5.237
4465.03,18,3.103,3.028,2.88,3.579,2.87,2.954,3.323,3.49,3.276,3.868,2.877,3.298,3.591,2.911,3.415,4.081,4.115,4.352,4.169,5.443,5.453,4.549,4.787,5.202
4466.03,18,3.147,3.084,2.818,3.526,2.807,2.898,3.488,3.469,3.254,3.911,2.934,3.323,3.506,2.907,3.414,4.098,4.146,4.311,4.185,5.43,5.492,4.682,4.797,5.285
4467.03,18,3.124,3.145,2.85,3.626,2.91,2.973,3.447,3.407,3.244,3.849,2.929,3.322,3.547,2.944,3.413,4.058,4.124,4.374,4.204,5.463,5.439,4.617,4.832,5.253
4468.03,18,3.154,3.071,2.814,3.667,2.856,2.922,3.442,3.444,3.224,3.869,2.866,3.312,3.531,2.946,3.403,4.07,4.117,4.312,4.175,5.448,5.431,4.577,4.771,5.328
4469.03,18,3.168,3.05,2.789,3.624,2.884,2.948,3.406,3.512,3.231,3.863,2.867,3.362,3.493,2.952,3.423,4.109,4.122,4.368,4.219,5.42,5.519,4.701,4.816,5.269
4470.03,18,3.129,3.024,2.868,3.566,2.891,2.926,3.444,3.497,3.263,3.893,2.941,3.341,3.558,2.949,3.422,4.095,4.093,4.314,4.149,5.49,5.44,4.653,4.815,5.285
4471.03,18,3.075,3.134,2.807,3.569,2.877,2.87,3.494,3.496,3.204,3.853,2.958,3.313,3.549,2.975,3.423,4.056,4.158,4.277,4.143,5.436,5.472,4.612,4.827,5.301
4472.03,18,3.184,3.093,2.798,3.66,2.88,2.852,3.353,3.523,3.172,3.852,2.914,3.345,3.508,2.902,3.393,4.057,4.081,4.352,4.11,5.388,5.443,4.625,4.809,5.278
4473.03,18,3.135,3.009,2.895,3.627,2.855,2.956,3.424,3.498,3.264,3.879,2.884,3.377,3.554,2.945,3.418,4.073,4.156,4.33,4.245,5.421,5.47,4.625,4.826,5.227
4474.03,18,3.125,3.011,2.768,3.632,2.868,2.922,3.402,3.485,3.228,3.883,2.956,3.336,3.517,2.971,3.366,4.102,4.129,4.344,4.141,5.472,5.462,4.632,4.774,5.286
4475.03,18,3.101,3.068,2.848,3.533,2.906,2.867,3.48,3.524,3.18,3.884,2.88,3.361,3.571,2.923,3.346,4.076,4.139,4.296,4.106,5.457,5.419,4.66,4.897,5.277
4476.03,18,3.099,3.026,2.849,3.668,2.941,2.905,3.505,3.491,3.203,3.89,2.878,3.324,3.524,2.951,3.364,4.131,4.155,4.367,4.215,5.474,5.455,4.624,4.784,5.335
4477.03,18,3.121,3.023,2.817,3.593,2.899,2.895,3.411,3.501,3.262,3.827,2.896,3.21,3.574,2.869,3.397,4.081,4.19,4.332,4.18,5.422,5.428,4.643,4.783,5.264
4478.03,18,3.089,3.003,2.763,3.552,2.889,2.876,3.463,3.502,3.258,3.866,2.889,3.363,3.555,2.957,3.432,4.095,4.139,4.344,4.182,5.444,5.465,4.716,4.737,5.272
4479.03,18,3.09,3.033,2.859,3.557,2.83,2.891,3.392,3.436,3.199,3.878,2.861,3.349,3.601,2.979,3.375,4.068,4.084,4.311,4.15,5.499,5.432,4.706,4.818,5.264
4480.03,18,3.112,3.11,2.889,3.659,2.94,2.963,3.415,3.504,3.228,3.912,2.927,3.334,3.511,2.911,3.354,4.124,4.177,4.343,4.14,5.44,5.451,4.622,4.807,5.262
4481.03,18,3.1,3.085,2.834,3.615,2.885,2.971,3.414,3.538,3.271,3.852,2.855,3.363,3.58,2.926,3.451,4.093,4.124,4.285,4.176,5.385,5.459,4.582,4.78,5.214
4482.03,18,3.137,3.028,2.857,3.563,2.883,2.995,3.468,3.468,3.206,3.884,2.884,3.29,3.61,2.938,3.413,4.051,4.161,4.392,4.213,5.459,5.42,4.682,4.818,5.349
4483.03,18,3.139,3.063,2.826,3.612,2.875,2.963,3.452,3.538,3.224,3.836,2.894,3.298,3.584,2.874,3.383,4.125,4.119,4.325,4.182,5.382,5.431,4.605,4.799,5.252
4484.03,18,3.195,3.089,2.823,3.614,2.906,2.93,3.414,3.491,3.184,3.841,2.867,3.365,3.56,2.963,3.353,4.055,4.104,4.321,4.184,5.443,5.379,4.584,4.782,5.295
4485.03,18,3.174,3,2.855,3.601,2.94,2.886,3.451,3.531,3.206,3.862,2.91,3.345,3.61,2.909,3.396,4.073,4.114,4.298,4.233,5.481,5.493,4.605,4.894,5.277
4486.03,18,3.091,3.108,2.849,3.653,2.866,2.943,3.387,3.477,3.29,3.901,2.919,3.318,3.562,2.87,3.388,4.047,4.118,4.337,4.148,5.489,5.444,4.635,4.848,5.237
4487.03,18,3.146,3.069,2.808,3.565,2.881,2.812,3.427,3.499,3.195,3.823,2.925,3.371,3.597,2.928,3.389,4.062,4.129,4.314,4.168,5.443,5.496,4.683,4.854,5.263
4488.03,18,3.068,3.007,2.844,3.598,2.898,2.875,3.455,3.46,3.194,3.85,2.9,3.373,3.526,2.921,3.457,4.009,4.117,4.344,4.155,5.428,5.468,4.611,4.882,5.287
4489.03,18,3.057,3.08,2.927,3.632,2.798,2.944,3.423,3.481,3.238,3.85,2.916,3.305,3.555,2.945,3.451,4.101,4.13,4.397,4.164,5.371,5.496,4.688,4.804,5.298
4490.03,18,3.08,3.109,2.83,3.652,2.993,2.893,3.401,3.525,3.208,3.924,2.834,3.33,3.55,2.954,3.457,4.029,4.128,4.338,4.155,5.478,5.373,4.639,4.831,5.25
4491.03,18,3.029,3.009,2.793,3.633,2.826,2.885,3.429,3.548,3.238,3.896,2.849,3.348,3.576,2.956,3.363,4.105,4.123,4.37,4.158,5.498,5.477,4.606,4.827,5.243
4492.03,18,3.147,3.047,2.818,3.623,2.907,2.919,3.401,3.481,3.254,3.832,2.895,3.371,3.525,2.855,3.352,4.049,4.206,4.317,4.173,5.439,5.527,4.597,4.816,5.225
4493.03,18,3.108,3.087,2.869,3.582,2.885,2.934,3.424,3.472,3.199,3.819,2.958,3.335,3.557,2.951,3.468,4.108,4.083,4.3,4.184,5.468,5.441,4.604,4.766,5.289
4494.03,18,3.129,3.045,2.846,3.598,2.889,2.945,3.333,3.491,3.28,3.86,2.905,3.353,3.595,2.914,3.366,4.09,4.083,4.377,4.175,5.464,5.458,4.635,4.813,5.278
4495.03,18,3.129,3.089,2.849,3.562,2.877,2.886,3.383,3.541,3.194,3.852,2.916,3.289,3.569,2.893,3.459,4.097,4.117,4.238,4.189,5.395,5.453,4.606,4.791,5.22
4496.03,18,3.17,3.037,2.842,3.635,2.946,2.945,3.465,3.472,3.222,3.819,2.878,3.36,3.591,2.909,3.379,4.058,4.114,4.311,4.133,5.488,5.417,4.655,4.791,5.271
4497.03,18,3.16,3.041,2.816,3.587,2.932,2.913,3.379,3.511,3.177,3.837,2.933,3.341,3.515,2.929,3.447,4.095,4.209,4.252,4.092,5.416,5.456,4.612,4.793,5.295
4498.03,18,3.094,3.057,2.886,3.606,2.861,2.837,3.433,3.49,3.162,3.82,2.896,3.415,3.574,2.954,3.392,4.027,4.111,4.323,4.182,5.452,5.447,4.668,4.857,5.182
4499.03,18,3.11,3.077,2.828,3.653,2.868,2.952,3.428,3.554,3.242,3.816,2.898,3.344,3.543,2.931,3.429,4.067,4.099,4.334,4.222,5.398,5.441,4.605,4.877,5.254
4500.03,18,3.217,3.052,2.809,3.642,2.865,2.877,3.403,3.445,3.302,3.872,2.916,3.336,3.59,2.901,3.424,4.1,4.127,4.348,4.213,5.428,5.49,4.593,4.796,5.263
4501.03,18,3.094,3.1,2.867,3.553,2.843,2.949,3.46,3.381,3.214,3.928,2.856,3.335,3.608,2.934,3.407,4.052,4.112,4.396,4.206,5.429,5.419,4.688,4.818,5.271
4502.03,18,3.149,3.086,2.797,3.66,2.793,2.977,3.443,3.515,3.23,3.796,2.9,3.265,3.591,2.95,3.333,4.141,4.109,4.348,4.141,5.45,5.451,4.638,4.84,5.249
4503.03,18,3.146,3.062,2.83,3.611,2.88,2.931,3.355,3.488,3.281,3.912,2.864,3.309,3.604,2.929,3.451,4.113,4.161,4.33,4.152,5.353,5.465,4.6,4.817,5.254
4504.03,18,3.12,3.097,2.849,3.593,2.9,2.932,3.43,3.535,3.279,3.846,2.932,3.291,3.539,2.968,3.367,4.052,4.079,4.275,4.236,5.456,5.43,4.616,4.824,5.264
4505.03,18,3.103,3.057,2.824,3.615,2.864,2.941,3.466,3.497,3.189,3.842,2.862,3.35,3.581,2.935,3.388,4.091,4.127,4.344,4.1,5.433,5.516,4.662,4.806,5.245
4506.03,18,3.165,3.083,2.816,3.621,2.921,2.959,3.431,3.51,3.233,3.833,2.933,3.258,3.637,2.961,3.389,4.024,4.118,4.331,4.094,5.451,5.466,4.666,4.799,5.18
